#if defined(LV_LVGL_H_INCLUDE_SIMPLE)
#include "lvgl.h"
#elif defined(LV_LVGL_H_INCLUDE_SYSTEM)
#include <lvgl.h>
#elif defined(LV_BUILD_TEST)
#include "../lvgl.h"
#else
#include "lvgl/lvgl.h"
#endif

#ifndef LV_ATTRIBUTE_MEM_ALIGN
#define LV_ATTRIBUTE_MEM_ALIGN
#endif

#ifndef LV_ATTRIBUTE_IMG_IMG_PROBE_GRID_1
#define LV_ATTRIBUTE_IMG_IMG_PROBE_GRID_1
#endif

#if TFT_WIDTH > 480
// 150x150 version for TFT_WIDTH > 480
static const LV_ATTRIBUTE_MEM_ALIGN LV_ATTRIBUTE_LARGE_CONST LV_ATTRIBUTE_IMG_IMG_PROBE_GRID_1
uint8_t img_probe_grid_1_map[] = {
0xdf, 0xff, 0xdf, 0xff, 0xbe, 0xf7, 0xbe, 0xf7, 0xbe, 0xf7, 0xbe, 0xf7,
    0xbe, 0xf7, 0xbe, 0xf7, 0xbe, 0xf7, 0x9e, 0xf7, 0x9e, 0xf7, 0x9e, 0xf7,
    0x9e, 0xf7, 0x9e, 0xf7, 0x9e, 0xf7, 0x9e, 0xef, 0x7e, 0xef, 0x7d, 0xef,
    0x7d, 0xef, 0x7d, 0xef, 0x7d, 0xef, 0x7d, 0xef, 0x5d, 0xef, 0x5d, 0xef,
    0x5d, 0xef, 0x5d, 0xef, 0x5d, 0xef, 0x5d, 0xef, 0x5d, 0xe7, 0x3d, 0xe7,
    0x3d, 0xe7, 0x3d, 0xe7, 0x3c, 0xe7, 0x3c, 0xe7, 0x3c, 0xe7, 0x3c, 0xe7,
    0x1c, 0xe7, 0x1c, 0xe7, 0x1c, 0xe7, 0x1c, 0xe7, 0x1c, 0xdf, 0x1c, 0xdf,
    0xfc, 0xde, 0xfc, 0xde, 0xfc, 0xde, 0xfc, 0xde, 0xfb, 0xde, 0xfb, 0xde,
    0xfb, 0xde, 0xdb, 0xde, 0xdb, 0xde, 0xdb, 0xde, 0xdb, 0xde, 0xdb, 0xd6,
    0xdb, 0xd6, 0xdb, 0xd6, 0xbb, 0xd6, 0xbb, 0xd6, 0xbb, 0xd6, 0xbb, 0xd6,
    0xbb, 0xd6, 0xba, 0xd6, 0x9a, 0xd6, 0x9a, 0xd6, 0x9a, 0xd6, 0x9a, 0xd6,
    0x9a, 0xce, 0x9a, 0xce, 0x9a, 0xce, 0x7a, 0xce, 0x7a, 0xce, 0x7a, 0xce,
    0x7a, 0xce, 0x7a, 0xce, 0x7a, 0xce, 0x7a, 0xce, 0x59, 0xce, 0x59, 0xce,
    0x59, 0xc6, 0x59, 0xc6, 0x59, 0xc6, 0x59, 0xc6, 0x39, 0xc6, 0x39, 0xc6,
    0x39, 0xc6, 0x39, 0xc6, 0x39, 0xc6, 0x39, 0xc6, 0x39, 0xc6, 0x19, 0xc6,
    0x18, 0xc6, 0x18, 0xc6, 0x18, 0xbe, 0x18, 0xbe, 0x18, 0xbe, 0x18, 0xbe,
    0xf8, 0xbd, 0xf8, 0xbd, 0xf8, 0xbd, 0xf8, 0xbd, 0xf8, 0xbd, 0xf8, 0xbd,
    0xd8, 0xbd, 0xd8, 0xbd, 0xd8, 0xb5, 0xd7, 0xb5, 0xd7, 0xb5, 0xd7, 0xb5,
    0xd7, 0xb5, 0xb7, 0xb5, 0xb7, 0xb5, 0xb7, 0xb5, 0xb7, 0xb5, 0xb7, 0xb5,
    0xb7, 0xb5, 0xb7, 0xb5, 0x97, 0xb5, 0x97, 0xad, 0x97, 0xad, 0x97, 0xad,
    0x96, 0xad, 0x96, 0xad, 0x76, 0xad, 0x76, 0xad, 0x76, 0xad, 0x76, 0xad,
    0x76, 0xad, 0x76, 0xad, 0x76, 0xad, 0x56, 0xad, 0x56, 0xa5, 0x56, 0xa5,
    0x56, 0xa5, 0x56, 0xa5, 0x55, 0xa5, 0x55, 0xa5, 0x35, 0xa5, 0x35, 0xa5,
    0x35, 0xa5, 0x35, 0xa5, 0x35, 0xa5, 0x35, 0xa5, 0x15, 0x9d, 0x15, 0x9d,
    0x15, 0x9d, 0x15, 0x9d, 0x15, 0x9d, 0x15, 0x9d, 0x15, 0x9d, 0xf4, 0x9c,
    0xbe, 0xf7, 0xbe, 0xf7, 0xbe, 0xf7, 0xbe, 0xf7, 0xbe, 0xf7, 0xbe, 0xf7,
    0xbe, 0xf7, 0x9e, 0xf7, 0x9e, 0xf7, 0x9e, 0xf7, 0x9e, 0xf7, 0x9e, 0xf7,
    0x9e, 0xf7, 0x9e, 0xef, 0x7e, 0xef, 0x7e, 0xef, 0x7d, 0xef, 0x7d, 0xef,
    0x7d, 0xef, 0x7d, 0xef, 0x5d, 0xef, 0x5d, 0xef, 0x5d, 0xef, 0x5d, 0xef,
    0x5d, 0xef, 0x5d, 0xef, 0x5d, 0xe7, 0x3d, 0xe7, 0x3d, 0xe7, 0x3d, 0xe7,
    0x3c, 0xe7, 0x3c, 0xe7, 0x3c, 0xe7, 0x3c, 0xe7, 0x1c, 0xe7, 0x1c, 0xe7,
    0x1c, 0xe7, 0x1c, 0xe7, 0x1c, 0xdf, 0x1c, 0xdf, 0xfc, 0xde, 0xfc, 0xde,
    0xfc, 0xde, 0xfc, 0xde, 0xfb, 0xde, 0xfb, 0xde, 0xfb, 0xde, 0xdb, 0xde,
    0xdb, 0xde, 0xdb, 0xde, 0xdb, 0xde, 0xdb, 0xd6, 0xdb, 0xd6, 0xdb, 0xd6,
    0xbb, 0xd6, 0xbb, 0xd6, 0xbb, 0xd6, 0xbb, 0xd6, 0xbb, 0xd6, 0xba, 0xd6,
    0x9a, 0xd6, 0x9a, 0xd6, 0x9a, 0xd6, 0x9a, 0xd6, 0x9a, 0xce, 0x9a, 0xce,
    0x9a, 0xce, 0x7a, 0xce, 0x7a, 0xce, 0x7a, 0xce, 0x7a, 0xce, 0x7a, 0xce,
    0x7a, 0xce, 0x7a, 0xce, 0x59, 0xce, 0x59, 0xce, 0x59, 0xc6, 0x59, 0xc6,
    0x59, 0xc6, 0x59, 0xc6, 0x39, 0xc6, 0x39, 0xc6, 0x39, 0xc6, 0x39, 0xc6,
    0x39, 0xc6, 0x39, 0xc6, 0x39, 0xc6, 0x19, 0xc6, 0x18, 0xc6, 0x18, 0xbe,
    0x18, 0xbe, 0x18, 0xbe, 0x18, 0xbe, 0x18, 0xbe, 0xf8, 0xbd, 0xf8, 0xbd,
    0xf8, 0xbd, 0xf8, 0xbd, 0xf8, 0xbd, 0xf8, 0xbd, 0xd8, 0xbd, 0xd8, 0xbd,
    0xd8, 0xb5, 0xd7, 0xb5, 0xd7, 0xb5, 0xd7, 0xb5, 0xd7, 0xb5, 0xb7, 0xb5,
    0xb7, 0xb5, 0xb7, 0xb5, 0xb7, 0xb5, 0xb7, 0xb5, 0xb7, 0xb5, 0xb7, 0xb5,
    0x97, 0xb5, 0x97, 0xad, 0x97, 0xad, 0x97, 0xad, 0x96, 0xad, 0x96, 0xad,
    0x76, 0xad, 0x76, 0xad, 0x76, 0xad, 0x76, 0xad, 0x76, 0xad, 0x76, 0xad,
    0x76, 0xad, 0x56, 0xad, 0x56, 0xa5, 0x56, 0xa5, 0x56, 0xa5, 0x56, 0xa5,
    0x55, 0xa5, 0x55, 0xa5, 0x35, 0xa5, 0x35, 0xa5, 0x35, 0xa5, 0x35, 0xa5,
    0x35, 0xa5, 0x35, 0xa5, 0x15, 0x9d, 0x15, 0x9d, 0x15, 0x9d, 0x15, 0x9d,
    0x15, 0x9d, 0x15, 0x9d, 0x15, 0x9d, 0xf4, 0x9c, 0xf4, 0x9c, 0xf4, 0x9c,
    0xbe, 0xf7, 0xbe, 0xf7, 0xbe, 0xf7, 0xbe, 0xf7, 0x9e, 0xf7, 0x9e, 0xf7,
    0x9e, 0xf7, 0x9e, 0xf7, 0x9e, 0xf7, 0x9e, 0xef, 0x7e, 0xef, 0x7e, 0xef,
    0x7d, 0xef, 0x7d, 0xef, 0x7d, 0xef, 0x7d, 0xef, 0x5d, 0xef, 0x5d, 0xef,
    0x5d, 0xef, 0x5d, 0xef, 0x5d, 0xef, 0x5d, 0xef, 0x5d, 0xe7, 0x5d, 0xe7,
    0x3d, 0xe7, 0x3d, 0xe7, 0x3c, 0xe7, 0x3c, 0xe7, 0x3c, 0xe7, 0x3c, 0xe7,
    0x1c, 0xe7, 0x1c, 0xe7, 0x1c, 0xe7, 0x1c, 0xe7, 0x1c, 0xe7, 0x1c, 0xdf,
    0xfc, 0xde, 0xfc, 0xde, 0xfc, 0xde, 0xfc, 0xde, 0xfc, 0xde, 0xfb, 0xde,
    0xfb, 0xde, 0xfb, 0xde, 0xdb, 0xde, 0xdb, 0xde, 0xdb, 0xde, 0xdb, 0xde,
    0xdb, 0xd6, 0xdb, 0xd6, 0xbb, 0xd6, 0xbb, 0xd6, 0xbb, 0xd6, 0xbb, 0xd6,
    0xbb, 0xd6, 0xbb, 0xd6, 0x9a, 0xd6, 0x9a, 0xd6, 0x9a, 0xd6, 0x9a, 0xd6,
    0x9a, 0xce, 0x9a, 0xce, 0x9a, 0xce, 0x9a, 0xce, 0x7a, 0xce, 0x7a, 0xce,
    0x7a, 0xce, 0x7a, 0xce, 0x7a, 0xce, 0x7a, 0xce, 0x59, 0xce, 0x59, 0xce,
    0x59, 0xce, 0x59, 0xc6, 0x59, 0xc6, 0x59, 0xc6, 0x39, 0xc6, 0x39, 0xc6,
    0x39, 0xc6, 0x39, 0xc6, 0x39, 0xc6, 0x39, 0xc6, 0x39, 0xc6, 0x39, 0xc6,
    0x19, 0xc6, 0x18, 0xc6, 0x18, 0xbe, 0x18, 0xbe, 0x18, 0xbe, 0x18, 0xbe,
    0xf8, 0xbd, 0xf8, 0xbd, 0xf8, 0xbd, 0xf8, 0xbd, 0xf8, 0xbd, 0xf8, 0xbd,
    0xd8, 0xbd, 0xd8, 0xbd, 0xd8, 0xb5, 0xd8, 0xb5, 0xd7, 0xb5, 0xd7, 0xb5,
    0xd7, 0xb5, 0xd7, 0xb5, 0xb7, 0xb5, 0xb7, 0xb5, 0xb7, 0xb5, 0xb7, 0xb5,
    0xb7, 0xb5, 0xb7, 0xb5, 0x97, 0xb5, 0x97, 0xb5, 0x97, 0xad, 0x97, 0xad,
    0x96, 0xad, 0x96, 0xad, 0x76, 0xad, 0x76, 0xad, 0x76, 0xad, 0x76, 0xad,
    0x76, 0xad, 0x76, 0xad, 0x76, 0xad, 0x76, 0xad, 0x56, 0xa5, 0x56, 0xa5,
    0x56, 0xa5, 0x56, 0xa5, 0x55, 0xa5, 0x55, 0xa5, 0x35, 0xa5, 0x35, 0xa5,
    0x35, 0xa5, 0x35, 0xa5, 0x35, 0xa5, 0x35, 0xa5, 0x15, 0xa5, 0x15, 0x9d,
    0x15, 0x9d, 0x15, 0x9d, 0x15, 0x9d, 0x15, 0x9d, 0x15, 0x9d, 0x15, 0x9d,
    0xf4, 0x9c, 0xf4, 0x9c, 0xf4, 0x9c, 0xf4, 0x9c, 0xf4, 0x9c, 0xf4, 0x9c,
    0xbe, 0xf7, 0x9e, 0xf7, 0x9e, 0xf7, 0x9e, 0xf7, 0x9e, 0xf7, 0x9e, 0xf7,
    0x9e, 0xf7, 0x9e, 0xef, 0x7e, 0xef, 0x7e, 0xef, 0x7d, 0xef, 0x7d, 0xef,
    0x7d, 0xef, 0x7d, 0xef, 0x7d, 0xef, 0x5d, 0xef, 0x5d, 0xef, 0x5d, 0xef,
    0x5d, 0xef, 0x5d, 0xef, 0x5d, 0xe7, 0x3d, 0xe7, 0x3d, 0xe7, 0x3d, 0xe7,
    0x3c, 0xe7, 0x3c, 0xe7, 0x3c, 0xe7, 0x3c, 0xe7, 0x1c, 0xe7, 0x1c, 0xe7,
    0x1c, 0xe7, 0x1c, 0xe7, 0x1c, 0xdf, 0x1c, 0xdf, 0xfc, 0xde, 0xfc, 0xde,
    0xfc, 0xde, 0xfc, 0xde, 0xfc, 0xde, 0xfb, 0xde, 0xfb, 0xde, 0xdb, 0xde,
    0xdb, 0xde, 0xdb, 0xde, 0xdb, 0xde, 0xdb, 0xde, 0xdb, 0xd6, 0xdb, 0xd6,
    0xbb, 0xd6, 0xbb, 0xd6, 0xbb, 0xd6, 0xbb, 0xd6, 0xbb, 0xd6, 0xbb, 0xd6,
    0xba, 0xd6, 0x9a, 0xd6, 0x9a, 0xd6, 0x9a, 0xd6, 0x9a, 0xce, 0x9a, 0xce,
    0x9a, 0xce, 0x7a, 0xce, 0x7a, 0xce, 0x7a, 0xce, 0x7a, 0xce, 0x7a, 0xce,
    0x7a, 0xce, 0x7a, 0xce, 0x59, 0xce, 0x59, 0xce, 0x59, 0xce, 0x59, 0xc6,
    0x59, 0xc6, 0x59, 0xc6, 0x39, 0xc6, 0x39, 0xc6, 0x39, 0xc6, 0x39, 0xc6,
    0x39, 0xc6, 0x39, 0xc6, 0x39, 0xc6, 0x19, 0xc6, 0x19, 0xc6, 0x18, 0xc6,
    0x18, 0xbe, 0x18, 0xbe, 0x18, 0xbe, 0x18, 0xbe, 0xf8, 0xbd, 0xf8, 0xbd,
    0xf8, 0xbd, 0xf8, 0xbd, 0xf8, 0xbd, 0xf8, 0xbd, 0xf8, 0xbd, 0xd8, 0xbd,
    0xd8, 0xb5, 0xd8, 0xb5, 0xd7, 0xb5, 0xd7, 0xb5, 0xd7, 0xb5, 0xb7, 0xb5,
    0xb7, 0xb5, 0xb7, 0xb5, 0xb7, 0xb5, 0xb7, 0xb5, 0xb7, 0xb5, 0xb7, 0xb5,
    0x97, 0xb5, 0x97, 0xb5, 0x97, 0xad, 0x97, 0xad, 0x96, 0xad, 0x96, 0xad,
    0x76, 0xad, 0x76, 0xad, 0x76, 0xad, 0x76, 0xad, 0x76, 0xad, 0x76, 0xad,
    0x76, 0xad, 0x56, 0xad, 0x56, 0xa5, 0x56, 0xa5, 0x56, 0xa5, 0x56, 0xa5,
    0x56, 0xa5, 0x55, 0xa5, 0x35, 0xa5, 0x35, 0xa5, 0x35, 0xa5, 0x35, 0xa5,
    0x35, 0xa5, 0x35, 0xa5, 0x35, 0xa5, 0x15, 0x9d, 0x15, 0x9d, 0x15, 0x9d,
    0x15, 0x9d, 0x15, 0x9d, 0x15, 0x9d, 0xf5, 0x9c, 0xf4, 0x9c, 0xf4, 0x9c,
    0xf4, 0x9c, 0xf4, 0x9c, 0xf4, 0x9c, 0xf4, 0x9c, 0xd4, 0x94, 0xd4, 0x94,
    0x9e, 0xf7, 0x9e, 0xf7, 0x9e, 0xf7, 0x9e, 0xf7, 0x7e, 0xef, 0x7e, 0xef,
    0x7d, 0xef, 0x7d, 0xef, 0x7d, 0xef, 0x7d, 0xef, 0x7d, 0xef, 0x5d, 0xef,
    0x5d, 0xef, 0x5d, 0xef, 0x5d, 0xef, 0x5d, 0xef, 0x5d, 0xe7, 0x5d, 0xe7,
    0x3d, 0xe7, 0x3d, 0xe7, 0x3c, 0xe7, 0x3c, 0xe7, 0x3c, 0xe7, 0x3c, 0xe7,
    0x1c, 0xe7, 0x1c, 0xe7, 0x1c, 0xe7, 0x1c, 0xe7, 0x1c, 0xe7, 0x1c, 0xdf,
    0x1c, 0xdf, 0xfc, 0xde, 0xfc, 0xde, 0xfc, 0xde, 0xfc, 0xde, 0xfb, 0xde,
    0xfb, 0xde, 0xfb, 0xde, 0xdb, 0xde, 0xdb, 0xde, 0xdb, 0xde, 0xdb, 0xde,
    0xdb, 0xd6, 0xdb, 0xd6, 0xbb, 0xd6, 0xbb, 0xd6, 0xbb, 0xd6, 0xbb, 0xd6,
    0xbb, 0xd6, 0xbb, 0xd6, 0xba, 0xd6, 0x9a, 0xd6, 0x9a, 0xd6, 0x9a, 0xd6,
    0x9a, 0xce, 0x9a, 0xce, 0x9a, 0xce, 0x9a, 0xce, 0x7a, 0xce, 0x7a, 0xce,
    0x7a, 0xce, 0x7a, 0xce, 0x7a, 0xce, 0x7a, 0xce, 0x59, 0xce, 0x59, 0xce,
    0x59, 0xce, 0x59, 0xc6, 0x59, 0xc6, 0x59, 0xc6, 0x59, 0xc6, 0x39, 0xc6,
    0x39, 0xc6, 0x39, 0xc6, 0x39, 0xc6, 0x39, 0xc6, 0x39, 0xc6, 0x39, 0xc6,
    0x19, 0xc6, 0x18, 0xc6, 0x18, 0xbe, 0x18, 0xbe, 0x18, 0xbe, 0x18, 0xbe,
    0xf8, 0xbd, 0xf8, 0xbd, 0xf8, 0xbd, 0xf8, 0xbd, 0xf8, 0xbd, 0xf8, 0xbd,
    0xf8, 0xbd, 0xd8, 0xbd, 0xd8, 0xbd, 0xd8, 0xb5, 0xd7, 0xb5, 0xd7, 0xb5,
    0xd7, 0xb5, 0xd7, 0xb5, 0xb7, 0xb5, 0xb7, 0xb5, 0xb7, 0xb5, 0xb7, 0xb5,
    0xb7, 0xb5, 0xb7, 0xb5, 0x97, 0xb5, 0x97, 0xb5, 0x97, 0xad, 0x97, 0xad,
    0x96, 0xad, 0x96, 0xad, 0x96, 0xad, 0x76, 0xad, 0x76, 0xad, 0x76, 0xad,
    0x76, 0xad, 0x76, 0xad, 0x76, 0xad, 0x76, 0xad, 0x56, 0xa5, 0x56, 0xa5,
    0x56, 0xa5, 0x56, 0xa5, 0x56, 0xa5, 0x55, 0xa5, 0x35, 0xa5, 0x35, 0xa5,
    0x35, 0xa5, 0x35, 0xa5, 0x35, 0xa5, 0x35, 0xa5, 0x35, 0xa5, 0x15, 0x9d,
    0x15, 0x9d, 0x15, 0x9d, 0x15, 0x9d, 0x15, 0x9d, 0x15, 0x9d, 0x15, 0x9d,
    0xf4, 0x9c, 0xf4, 0x9c, 0xf4, 0x9c, 0xf4, 0x9c, 0xf4, 0x9c, 0xf4, 0x9c,
    0xd4, 0x94, 0xd4, 0x94, 0xd4, 0x94, 0xd4, 0x94, 0xd4, 0x94, 0xd4, 0x94,
    0x9e, 0xf7, 0x9e, 0xef, 0x7e, 0xef, 0x7e, 0xef, 0x7d, 0xef, 0x7d, 0xef,
    0x7d, 0xef, 0x7d, 0xef, 0x7d, 0xef, 0x5d, 0xef, 0x5d, 0xef, 0x5d, 0xef,
    0x5d, 0xef, 0x5d, 0xef, 0x5d, 0xe7, 0x5d, 0xe7, 0x3d, 0xe7, 0x3d, 0xe7,
    0x3c, 0xe7, 0x3c, 0xe7, 0x3c, 0xe7, 0x3c, 0xe7, 0x1c, 0xe7, 0x1c, 0xe7,
    0x1c, 0xe7, 0x1c, 0xe7, 0x1c, 0xe7, 0x1c, 0xdf, 0x1c, 0xdf, 0xfc, 0xde,
    0xfc, 0xde, 0xfc, 0xde, 0xfc, 0xde, 0xfb, 0xde, 0xfb, 0xde, 0xfb, 0xde,
    0xdb, 0xde, 0xdb, 0xde, 0xdb, 0xde, 0xdb, 0xde, 0xdb, 0xd6, 0xdb, 0xd6,
    0xbb, 0xd6, 0xbb, 0xd6, 0xbb, 0xd6, 0xbb, 0xd6, 0xbb, 0xd6, 0xbb, 0xd6,
    0xba, 0xd6, 0x9a, 0xd6, 0x9a, 0xd6, 0x9a, 0xd6, 0x9a, 0xce, 0x9a, 0xce,
    0x9a, 0xce, 0x9a, 0xce, 0x7a, 0xce, 0x7a, 0xce, 0x7a, 0xce, 0x7a, 0xce,
    0x7a, 0xce, 0x7a, 0xce, 0x59, 0xce, 0x59, 0xce, 0x59, 0xce, 0x59, 0xc6,
    0x59, 0xc6, 0x59, 0xc6, 0x59, 0xc6, 0x39, 0xc6, 0x39, 0xc6, 0x39, 0xc6,
    0x39, 0xc6, 0x39, 0xc6, 0x39, 0xc6, 0x39, 0xc6, 0x19, 0xc6, 0x18, 0xc6,
    0x18, 0xbe, 0x18, 0xbe, 0x18, 0xbe, 0x18, 0xbe, 0xf8, 0xbd, 0xf8, 0xbd,
    0xf8, 0xbd, 0xf8, 0xbd, 0xf8, 0xbd, 0xf8, 0xbd, 0xf8, 0xbd, 0xd8, 0xbd,
    0xd8, 0xbd, 0xd8, 0xb5, 0xd7, 0xb5, 0xd7, 0xb5, 0xd7, 0xb5, 0xd7, 0xb5,
    0xb7, 0xb5, 0xb7, 0xb5, 0xb7, 0xb5, 0xb7, 0xb5, 0xb7, 0xb5, 0xb7, 0xb5,
    0x97, 0xb5, 0x97, 0xb5, 0x97, 0xad, 0x97, 0xad, 0x96, 0xad, 0x96, 0xad,
    0x96, 0xad, 0x76, 0xad, 0x76, 0xad, 0x76, 0xad, 0x76, 0xad, 0x76, 0xad,
    0x76, 0xad, 0x76, 0xad, 0x56, 0xa5, 0x56, 0xa5, 0x56, 0xa5, 0x56, 0xa5,
    0x56, 0xa5, 0x55, 0xa5, 0x35, 0xa5, 0x35, 0xa5, 0x35, 0xa5, 0x35, 0xa5,
    0x35, 0xa5, 0x35, 0xa5, 0x35, 0xa5, 0x15, 0x9d, 0x15, 0x9d, 0x15, 0x9d,
    0x15, 0x9d, 0x15, 0x9d, 0x15, 0x9d, 0x15, 0x9d, 0xf4, 0x9c, 0xf4, 0x9c,
    0xf4, 0x9c, 0xf4, 0x9c, 0xf4, 0x9c, 0xf4, 0x9c, 0xd4, 0x94, 0xd4, 0x94,
    0xd4, 0x94, 0xd4, 0x94, 0xd4, 0x94, 0xd4, 0x94, 0xd4, 0x94, 0xb4, 0x94,
    0x7d, 0xef, 0x7d, 0xef, 0x7d, 0xef, 0x7d, 0xef, 0x7d, 0xef, 0x5d, 0xef,
    0x5d, 0xef, 0x5d, 0xef, 0x5d, 0xef, 0x5d, 0xef, 0x5d, 0xef, 0x5d, 0xe7,
    0x3d, 0xe7, 0x3d, 0xe7, 0x3d, 0xe7, 0x3c, 0xe7, 0x3c, 0xe7, 0x3c, 0xe7,
    0x1c, 0xe7, 0x1c, 0xe7, 0x1c, 0xe7, 0x1c, 0xe7, 0x1c, 0xe7, 0x1c, 0xe7,
    0x1c, 0xdf, 0xfc, 0xde, 0xfc, 0xde, 0xfc, 0xde, 0xfc, 0xde, 0xfc, 0xde,
    0xfb, 0xde, 0xfb, 0xde, 0xdb, 0xde, 0xdb, 0xde, 0xdb, 0xde, 0xdb, 0xde,
    0xdb, 0xd6, 0xdb, 0xd6, 0xbb, 0xd6, 0xbb, 0xd6, 0xbb, 0xd6, 0xbb, 0xd6,
    0xbb, 0xd6, 0xbb, 0xd6, 0xba, 0xd6, 0x9a, 0xd6, 0x9a, 0xd6, 0x9a, 0xd6,
    0x9a, 0xd6, 0x9a, 0xce, 0x9a, 0xce, 0x9a, 0xce, 0x7a, 0xce, 0x7a, 0xce,
    0x7a, 0xce, 0x7a, 0xce, 0x7a, 0xce, 0x7a, 0xce, 0x5a, 0xce, 0x59, 0xce,
    0x59, 0xce, 0x59, 0xce, 0x59, 0xc6, 0x59, 0xc6, 0x59, 0xc6, 0x39, 0xc6,
    0x39, 0xc6, 0x39, 0xc6, 0x39, 0xc6, 0x39, 0xc6, 0x39, 0xc6, 0x39, 0xc6,
    0x19, 0xc6, 0x19, 0xc6, 0x18, 0xbe, 0x18, 0xbe, 0x18, 0xbe, 0x18, 0xbe,
    0xf8, 0xbd, 0xf8, 0xbd, 0xf8, 0xbd, 0xf8, 0xbd, 0xf8, 0xbd, 0xf8, 0xbd,
    0xf8, 0xbd, 0xd8, 0xbd, 0xd8, 0xbd, 0xd8, 0xbd, 0xd7, 0xb5, 0xd7, 0xb5,
    0xd7, 0xb5, 0xd7, 0xb5, 0xb7, 0xb5, 0xb7, 0xb5, 0xb7, 0xb5, 0xb7, 0xb5,
    0xb7, 0xb5, 0xb7, 0xb5, 0x97, 0xb5, 0x97, 0xb5, 0x97, 0xad, 0x97, 0xad,
    0x97, 0xad, 0x96, 0xad, 0x96, 0xad, 0x76, 0xad, 0x76, 0xad, 0x76, 0xad,
    0x76, 0xad, 0x76, 0xad, 0x76, 0xad, 0x76, 0xad, 0x56, 0xad, 0x56, 0xa5,
    0x56, 0xa5, 0x56, 0xa5, 0x56, 0xa5, 0x56, 0xa5, 0x35, 0xa5, 0x35, 0xa5,
    0x35, 0xa5, 0x35, 0xa5, 0x35, 0xa5, 0x35, 0xa5, 0x35, 0xa5, 0x15, 0xa5,
    0x15, 0x9d, 0x15, 0x9d, 0x15, 0x9d, 0x15, 0x9d, 0x15, 0x9d, 0x15, 0x9d,
    0xf4, 0x9c, 0xf4, 0x9c, 0xf4, 0x9c, 0xf4, 0x9c, 0xf4, 0x9c, 0xf4, 0x9c,
    0xd4, 0x94, 0xd4, 0x94, 0xd4, 0x94, 0xd4, 0x94, 0xd4, 0x94, 0xd4, 0x94,
    0xd4, 0x94, 0xb4, 0x94, 0xb3, 0x94, 0xb3, 0x94, 0xb3, 0x94, 0xb3, 0x94,
    0x7d, 0xef, 0x7d, 0xef, 0x7d, 0xef, 0x7d, 0xef, 0x5d, 0xef, 0x5d, 0xef,
    0x5d, 0xef, 0x5d, 0xef, 0x5d, 0xe7, 0x5d, 0xe7, 0x3d, 0xe7, 0x3d, 0xe7,
    0x3d, 0xe7, 0x3c, 0xe7, 0x3c, 0xe7, 0x3c, 0xe7, 0x1c, 0xe7, 0x1c, 0xe7,
    0x1c, 0xe7, 0x1c, 0xe7, 0x1c, 0xe7, 0x1c, 0xe7, 0x1c, 0xdf, 0x1c, 0xdf,
    0xfc, 0xde, 0xfc, 0xde, 0xfc, 0xde, 0xfc, 0xde, 0xfb, 0xde, 0xfb, 0xde,
    0xdb, 0xde, 0xdb, 0xde, 0xdb, 0xde, 0xdb, 0xde, 0xdb, 0xd6, 0xdb, 0xd6,
    0xbb, 0xd6, 0xbb, 0xd6, 0xbb, 0xd6, 0xbb, 0xd6, 0xbb, 0xd6, 0xbb, 0xd6,
    0xba, 0xd6, 0xba, 0xd6, 0x9a, 0xd6, 0x9a, 0xd6, 0x9a, 0xd6, 0x9a, 0xce,
    0x9a, 0xce, 0x9a, 0xce, 0x7a, 0xce, 0x7a, 0xce, 0x7a, 0xce, 0x7a, 0xce,
    0x7a, 0xce, 0x7a, 0xce, 0x5a, 0xce, 0x59, 0xce, 0x59, 0xce, 0x59, 0xce,
    0x59, 0xc6, 0x59, 0xc6, 0x59, 0xc6, 0x59, 0xc6, 0x39, 0xc6, 0x39, 0xc6,
    0x39, 0xc6, 0x39, 0xc6, 0x39, 0xc6, 0x39, 0xc6, 0x19, 0xc6, 0x19, 0xc6,
    0x18, 0xbe, 0x18, 0xbe, 0x18, 0xbe, 0x18, 0xbe, 0xf8, 0xbd, 0xf8, 0xbd,
    0xf8, 0xbd, 0xf8, 0xbd, 0xf8, 0xbd, 0xf8, 0xbd, 0xf8, 0xbd, 0xf8, 0xbd,
    0xd8, 0xbd, 0xd8, 0xb5, 0xd7, 0xb5, 0xd7, 0xb5, 0xd7, 0xb5, 0xd7, 0xb5,
    0xb7, 0xb5, 0xb7, 0xb5, 0xb7, 0xb5, 0xb7, 0xb5, 0xb7, 0xb5, 0xb7, 0xb5,
    0x97, 0xb5, 0x97, 0xb5, 0x97, 0xad, 0x97, 0xad, 0x97, 0xad, 0x96, 0xad,
    0x96, 0xad, 0x96, 0xad, 0x76, 0xad, 0x76, 0xad, 0x76, 0xad, 0x76, 0xad,
    0x76, 0xad, 0x76, 0xad, 0x56, 0xad, 0x56, 0xa5, 0x56, 0xa5, 0x56, 0xa5,
    0x56, 0xa5, 0x56, 0xa5, 0x35, 0xa5, 0x35, 0xa5, 0x35, 0xa5, 0x35, 0xa5,
    0x35, 0xa5, 0x35, 0xa5, 0x35, 0xa5, 0x35, 0xa5, 0x15, 0x9d, 0x15, 0x9d,
    0x15, 0x9d, 0x15, 0x9d, 0x15, 0x9d, 0x15, 0x9d, 0xf4, 0x9c, 0xf4, 0x9c,
    0xf4, 0x9c, 0xf4, 0x9c, 0xf4, 0x9c, 0xf4, 0x9c, 0xd4, 0x94, 0xd4, 0x94,
    0xd4, 0x94, 0xd4, 0x94, 0xd4, 0x94, 0xd4, 0x94, 0xd4, 0x94, 0xd4, 0x94,
    0xb3, 0x94, 0xb3, 0x94, 0xb3, 0x94, 0xb3, 0x94, 0xb3, 0x94, 0xb3, 0x8c,
    0x5d, 0xef, 0x5d, 0xef, 0x5d, 0xef, 0x5d, 0xef, 0x5d, 0xe7, 0x5d, 0xe7,
    0x3d, 0xe7, 0x3d, 0xe7, 0x3d, 0xe7, 0x3c, 0xe7, 0x3c, 0xe7, 0x3c, 0xe7,
    0x1c, 0xe7, 0x1c, 0xe7, 0x1c, 0xe7, 0x1c, 0xe7, 0x1c, 0xe7, 0x1c, 0xe7,
    0x1c, 0xdf, 0x1c, 0xdf, 0xfc, 0xde, 0xfc, 0xde, 0xfc, 0xde, 0xfc, 0xde,
    0xfb, 0xde, 0xfb, 0xde, 0xdb, 0xde, 0xdb, 0xde, 0xdb, 0xde, 0xdb, 0xde,
    0xdb, 0xd6, 0xdb, 0xd6, 0xbb, 0xd6, 0xbb, 0xd6, 0xbb, 0xd6, 0xbb, 0xd6,
    0xbb, 0xd6, 0xbb, 0xd6, 0xba, 0xd6, 0xba, 0xd6, 0x9a, 0xd6, 0x9a, 0xd6,
    0x9a, 0xd6, 0x9a, 0xce, 0x9a, 0xce, 0x9a, 0xce, 0x7a, 0xce, 0x7a, 0xce,
    0x7a, 0xce, 0x7a, 0xce, 0x7a, 0xce, 0x7a, 0xce, 0x5a, 0xce, 0x59, 0xce,
    0x59, 0xce, 0x59, 0xce, 0x59, 0xc6, 0x59, 0xc6, 0x59, 0xc6, 0x59, 0xc6,
    0x39, 0xc6, 0x39, 0xc6, 0x39, 0xc6, 0x39, 0xc6, 0x39, 0xc6, 0x39, 0xc6,
    0x19, 0xc6, 0x19, 0xc6, 0x18, 0xbe, 0x18, 0xbe, 0x18, 0xbe, 0x18, 0xbe,
    0xf8, 0xbd, 0xf8, 0xbd, 0xf8, 0xbd, 0xf8, 0xbd, 0xf8, 0xbd, 0xf8, 0xbd,
    0xf8, 0xbd, 0xf8, 0xbd, 0xd8, 0xbd, 0xd8, 0xb5, 0xd7, 0xb5, 0xd7, 0xb5,
    0xd7, 0xb5, 0xd7, 0xb5, 0xb7, 0xb5, 0xb7, 0xb5, 0xb7, 0xb5, 0xb7, 0xb5,
    0xb7, 0xb5, 0xb7, 0xb5, 0x97, 0xb5, 0x97, 0xb5, 0x97, 0xad, 0x97, 0xad,
    0x96, 0xad, 0x96, 0xad, 0x96, 0xad, 0x96, 0xad, 0x76, 0xad, 0x76, 0xad,
    0x76, 0xad, 0x76, 0xad, 0x76, 0xad, 0x76, 0xad, 0x56, 0xad, 0x56, 0xa5,
    0x56, 0xa5, 0x56, 0xa5, 0x56, 0xa5, 0x56, 0xa5, 0x35, 0xa5, 0x35, 0xa5,
    0x35, 0xa5, 0x35, 0xa5, 0x35, 0xa5, 0x35, 0xa5, 0x35, 0xa5, 0x35, 0xa5,
    0x15, 0x9d, 0x15, 0x9d, 0x15, 0x9d, 0x15, 0x9d, 0x15, 0x9d, 0x15, 0x9d,
    0xf4, 0x9c, 0xf4, 0x9c, 0xf4, 0x9c, 0xf4, 0x9c, 0xf4, 0x9c, 0xf4, 0x9c,
    0xd4, 0x94, 0xd4, 0x94, 0xd4, 0x94, 0xd4, 0x94, 0xd4, 0x94, 0xd4, 0x94,
    0xd4, 0x94, 0xd4, 0x94, 0xb3, 0x94, 0xb3, 0x94, 0xb3, 0x94, 0xb3, 0x94,
    0xb3, 0x94, 0xb3, 0x8c, 0x93, 0x8c, 0x93, 0x8c, 0x93, 0x8c, 0x93, 0x8c,
    0x5d, 0xef, 0x5d, 0xef, 0x5d, 0xe7, 0x5d, 0xe7, 0x3d, 0xe7, 0x3d, 0xe7,
    0x3d, 0xe7, 0x3c, 0xe7, 0x3c, 0xe7, 0x3c, 0xe7, 0x1c, 0xe7, 0x1c, 0xe7,
    0x1c, 0xe7, 0x1c, 0xe7, 0x1c, 0xe7, 0x1c, 0xe7, 0x1c, 0xdf, 0xfc, 0xde,
    0xfc, 0xde, 0xfc, 0xde, 0xfc, 0xde, 0xfc, 0xde, 0xfb, 0xde, 0xfb, 0xde,
    0xdb, 0xde, 0xdb, 0xde, 0xdb, 0xde, 0xdb, 0xde, 0xdb, 0xd6, 0xdb, 0xd6,
    0xbb, 0xd6, 0xbb, 0xd6, 0xbb, 0xd6, 0xbb, 0xd6, 0xbb, 0xd6, 0xbb, 0xd6,
    0xba, 0xd6, 0x9a, 0xd6, 0x9a, 0xd6, 0x9a, 0xd6, 0x9a, 0xd6, 0x9a, 0xce,
    0x9a, 0xce, 0x9a, 0xce, 0x7a, 0xce, 0x7a, 0xce, 0x7a, 0xce, 0x7a, 0xce,
    0x7a, 0xce, 0x7a, 0xce, 0x5a, 0xce, 0x59, 0xce, 0x59, 0xce, 0x59, 0xce,
    0x59, 0xc6, 0x59, 0xc6, 0x59, 0xc6, 0x39, 0xc6, 0x39, 0xc6, 0x39, 0xc6,
    0x39, 0xc6, 0x39, 0xc6, 0x39, 0xc6, 0x39, 0xc6, 0x19, 0xc6, 0x19, 0xc6,
    0x18, 0xbe, 0x18, 0xbe, 0x18, 0xbe, 0x18, 0xbe, 0xf8, 0xbd, 0xf8, 0xbd,
    0xf8, 0xbd, 0xf8, 0xbd, 0xf8, 0xbd, 0xf8, 0xbd, 0xf8, 0xbd, 0xd8, 0xbd,
    0xd8, 0xbd, 0xd8, 0xbd, 0xd7, 0xb5, 0xd7, 0xb5, 0xd7, 0xb5, 0xd7, 0xb5,
    0xb7, 0xb5, 0xb7, 0xb5, 0xb7, 0xb5, 0xb7, 0xb5, 0xb7, 0xb5, 0xb7, 0xb5,
    0x97, 0xb5, 0x97, 0xb5, 0x97, 0xad, 0x97, 0xad, 0x97, 0xad, 0x96, 0xad,
    0x96, 0xad, 0x76, 0xad, 0x76, 0xad, 0x76, 0xad, 0x76, 0xad, 0x76, 0xad,
    0x76, 0xad, 0x76, 0xad, 0x56, 0xad, 0x56, 0xa5, 0x56, 0xa5, 0x56, 0xa5,
    0x56, 0xa5, 0x56, 0xa5, 0x35, 0xa5, 0x35, 0xa5, 0x35, 0xa5, 0x35, 0xa5,
    0x35, 0xa5, 0x35, 0xa5, 0x35, 0xa5, 0x15, 0xa5, 0x15, 0x9d, 0x15, 0x9d,
    0x15, 0x9d, 0x15, 0x9d, 0x15, 0x9d, 0x15, 0x9d, 0xf4, 0x9c, 0xf4, 0x9c,
    0xf4, 0x9c, 0xf4, 0x9c, 0xf4, 0x9c, 0xf4, 0x9c, 0xd4, 0x94, 0xd4, 0x94,
    0xd4, 0x94, 0xd4, 0x94, 0xd4, 0x94, 0xd4, 0x94, 0xd4, 0x94, 0xb4, 0x94,
    0xb4, 0x94, 0xb3, 0x94, 0xb3, 0x94, 0xb3, 0x94, 0xb3, 0x94, 0xb3, 0x8c,
    0x93, 0x8c, 0x93, 0x8c, 0x93, 0x8c, 0x93, 0x8c, 0x93, 0x8c, 0x93, 0x8c,
    0x3d, 0xe7, 0x3d, 0xe7, 0x3d, 0xe7, 0x3d, 0xe7, 0x3c, 0xe7, 0x3c, 0xe7,
    0x3c, 0xe7, 0x1c, 0xe7, 0x1c, 0xe7, 0x1c, 0xe7, 0x1c, 0xe7, 0x1c, 0xe7,
    0x1c, 0xdf, 0x1c, 0xdf, 0xfc, 0xde, 0xfc, 0xde, 0xfc, 0xde, 0xfc, 0xde,
    0xfb, 0xde, 0xfb, 0xde, 0xdb, 0xde, 0xdb, 0xde, 0xdb, 0xde, 0xdb, 0xde,
    0xdb, 0xd6, 0xdb, 0xd6, 0xdb, 0xd6, 0xbb, 0xd6, 0xbb, 0xd6, 0xbb, 0xd6,
    0xbb, 0xd6, 0xbb, 0xd6, 0xba, 0xd6, 0xba, 0xd6, 0x9a, 0xd6, 0x9a, 0xd6,
    0x9a, 0xd6, 0x9a, 0xd6, 0x9a, 0xce, 0x9a, 0xce, 0x7a, 0xce, 0x7a, 0xce,
    0x7a, 0xce, 0x7a, 0xce, 0x7a, 0xce, 0x7a, 0xce, 0x7a, 0xce, 0x5a, 0xce,
    0x59, 0xce, 0x59, 0xce, 0x59, 0xc6, 0x59, 0xc6, 0x59, 0xc6, 0x59, 0xc6,
    0x39, 0xc6, 0x39, 0xc6, 0x39, 0xc6, 0x39, 0xc6, 0x39, 0xc6, 0x39, 0xc6,
    0x19, 0xc6, 0x19, 0xc6, 0x18, 0xc6, 0x18, 0xbe, 0x18, 0xbe, 0x18, 0xbe,
    0x18, 0xbe, 0xf8, 0xbd, 0xf8, 0xbd, 0xf8, 0xbd, 0xf8, 0xbd, 0xf8, 0xbd,
    0xf8, 0xbd, 0xf8, 0xbd, 0xd8, 0xbd, 0xd8, 0xbd, 0xd7, 0xb5, 0xd7, 0xb5,
    0xd7, 0xb5, 0xd7, 0xb5, 0xb7, 0xb5, 0xb7, 0xb5, 0xb7, 0xb5, 0xb7, 0xb5,
    0xb7, 0xb5, 0xb7, 0xb5, 0xb7, 0xb5, 0x97, 0xb5, 0x97, 0xad, 0x97, 0xad,
    0x97, 0xad, 0x97, 0xad, 0x96, 0xad, 0x96, 0xad, 0x76, 0xad, 0x76, 0xad,
    0x76, 0xad, 0x76, 0xad, 0x76, 0xad, 0x76, 0xad, 0x56, 0xad, 0x56, 0xa5,
    0x56, 0xa5, 0x56, 0xa5, 0x56, 0xa5, 0x56, 0xa5, 0x55, 0xa5, 0x35, 0xa5,
    0x35, 0xa5, 0x35, 0xa5, 0x35, 0xa5, 0x35, 0xa5, 0x35, 0xa5, 0x35, 0xa5,
    0x15, 0x9d, 0x15, 0x9d, 0x15, 0x9d, 0x15, 0x9d, 0x15, 0x9d, 0x15, 0x9d,
    0xf4, 0x9c, 0xf4, 0x9c, 0xf4, 0x9c, 0xf4, 0x9c, 0xf4, 0x9c, 0xf4, 0x9c,
    0xf4, 0x9c, 0xd4, 0x94, 0xd4, 0x94, 0xd4, 0x94, 0xd4, 0x94, 0xd4, 0x94,
    0xd4, 0x94, 0xd4, 0x94, 0xb4, 0x94, 0xb3, 0x94, 0xb3, 0x94, 0xb3, 0x94,
    0xb3, 0x94, 0xb3, 0x94, 0x93, 0x8c, 0x93, 0x8c, 0x93, 0x8c, 0x93, 0x8c,
    0x93, 0x8c, 0x93, 0x8c, 0x93, 0x8c, 0x73, 0x8c, 0x73, 0x8c, 0x73, 0x8c,
    0x3d, 0xe7, 0x3d, 0xe7, 0x3c, 0xe7, 0x3c, 0xe7, 0x3c, 0xe7, 0x1c, 0xe7,
    0x1c, 0xe7, 0x1c, 0xe7, 0x1c, 0xe7, 0x1c, 0xe7, 0x1c, 0xdf, 0x1c, 0xdf,
    0xfc, 0xde, 0xfc, 0xde, 0xfc, 0xde, 0xfc, 0xde, 0xfb, 0xde, 0xfb, 0xde,
    0xdb, 0xde, 0xdb, 0xde, 0xdb, 0xde, 0xdb, 0xde, 0xdb, 0xde, 0xdb, 0xd6,
    0xdb, 0xd6, 0xbb, 0xd6, 0xbb, 0xd6, 0xbb, 0xd6, 0xbb, 0xd6, 0xbb, 0xd6,
    0xbb, 0xd6, 0xba, 0xd6, 0x9a, 0xd6, 0x9a, 0xd6, 0x9a, 0xd6, 0x9a, 0xd6,
    0x9a, 0xce, 0x9a, 0xce, 0x7a, 0xce, 0x7a, 0xce, 0x7a, 0xce, 0x7a, 0xce,
    0x7a, 0xce, 0x7a, 0xce, 0x7a, 0xce, 0x5a, 0xce, 0x59, 0xce, 0x59, 0xce,
    0x59, 0xc6, 0x59, 0xc6, 0x59, 0xc6, 0x59, 0xc6, 0x39, 0xc6, 0x39, 0xc6,
    0x39, 0xc6, 0x39, 0xc6, 0x39, 0xc6, 0x39, 0xc6, 0x19, 0xc6, 0x19, 0xc6,
    0x18, 0xc6, 0x18, 0xbe, 0x18, 0xbe, 0x18, 0xbe, 0x18, 0xbe, 0xf8, 0xbd,
    0xf8, 0xbd, 0xf8, 0xbd, 0xf8, 0xbd, 0xf8, 0xbd, 0xf8, 0xbd, 0xf8, 0xbd,
    0xd8, 0xbd, 0xd8, 0xbd, 0xd8, 0xb5, 0xd7, 0xb5, 0xd7, 0xb5, 0xd7, 0xb5,
    0xb7, 0xb5, 0xb7, 0xb5, 0xb7, 0xb5, 0xb7, 0xb5, 0xb7, 0xb5, 0xb7, 0xb5,
    0xb7, 0xb5, 0x97, 0xb5, 0x97, 0xad, 0x97, 0xad, 0x97, 0xad, 0x96, 0xad,
    0x96, 0xad, 0x96, 0xad, 0x76, 0xad, 0x76, 0xad, 0x76, 0xad, 0x76, 0xad,
    0x76, 0xad, 0x76, 0xad, 0x56, 0xad, 0x56, 0xa5, 0x56, 0xa5, 0x56, 0xa5,
    0x56, 0xa5, 0x56, 0xa5, 0x55, 0xa5, 0x35, 0xa5, 0x35, 0xa5, 0x35, 0xa5,
    0x35, 0xa5, 0x35, 0xa5, 0x35, 0xa5, 0x35, 0xa5, 0x15, 0x9d, 0x15, 0x9d,
    0x15, 0x9d, 0x15, 0x9d, 0x15, 0x9d, 0x15, 0x9d, 0xf4, 0x9c, 0xf4, 0x9c,
    0xf4, 0x9c, 0xf4, 0x9c, 0xf4, 0x9c, 0xf4, 0x9c, 0xf4, 0x9c, 0xd4, 0x94,
    0xd4, 0x94, 0xd4, 0x94, 0xd4, 0x94, 0xd4, 0x94, 0xd4, 0x94, 0xd4, 0x94,
    0xb4, 0x94, 0xb3, 0x94, 0xb3, 0x94, 0xb3, 0x94, 0xb3, 0x94, 0xb3, 0x94,
    0x93, 0x8c, 0x93, 0x8c, 0x93, 0x8c, 0x93, 0x8c, 0x93, 0x8c, 0x93, 0x8c,
    0x93, 0x8c, 0x73, 0x8c, 0x73, 0x8c, 0x73, 0x8c, 0x72, 0x8c, 0x72, 0x8c,
    0x3c, 0xe7, 0x1c, 0xe7, 0x1c, 0xe7, 0x1c, 0xe7, 0x1c, 0xe7, 0x1c, 0xe7,
    0x1c, 0xdf, 0x1c, 0xdf, 0xfc, 0xde, 0xfc, 0xde, 0xfc, 0xde, 0xfc, 0xde,
    0xfb, 0xde, 0xfb, 0xde, 0xdb, 0xde, 0xdb, 0xde, 0xdb, 0xde, 0xdb, 0xde,
    0xdb, 0xde, 0xdb, 0xd6, 0xdb, 0xd6, 0xbb, 0xd6, 0xbb, 0xd6, 0xbb, 0xd6,
    0xbb, 0xd6, 0xbb, 0xd6, 0xbb, 0xd6, 0xba, 0xd6, 0x9a, 0xd6, 0x9a, 0xd6,
    0x9a, 0xd6, 0x9a, 0xd6, 0x9a, 0xce, 0x9a, 0xce, 0x7a, 0xce, 0x7a, 0xce,
    0x7a, 0xce, 0x7a, 0xce, 0x7a, 0xce, 0x7a, 0xce, 0x7a, 0xce, 0x5a, 0xce,
    0x59, 0xce, 0x59, 0xce, 0x59, 0xc6, 0x59, 0xc6, 0x59, 0xc6, 0x59, 0xc6,
    0x39, 0xc6, 0x39, 0xc6, 0x39, 0xc6, 0x39, 0xc6, 0x39, 0xc6, 0x39, 0xc6,
    0x19, 0xc6, 0x19, 0xc6, 0x18, 0xc6, 0x18, 0xbe, 0x18, 0xbe, 0x18, 0xbe,
    0x18, 0xbe, 0xf8, 0xbd, 0xf8, 0xbd, 0xf8, 0xbd, 0xf8, 0xbd, 0xf8, 0xbd,
    0xf8, 0xbd, 0xf8, 0xbd, 0xd8, 0xbd, 0xd8, 0xbd, 0xd8, 0xb5, 0xd7, 0xb5,
    0xd7, 0xb5, 0xd7, 0xb5, 0xb7, 0xb5, 0xb7, 0xb5, 0xb7, 0xb5, 0xb7, 0xb5,
    0xb7, 0xb5, 0xb7, 0xb5, 0xb7, 0xb5, 0x97, 0xb5, 0x97, 0xb5, 0x97, 0xad,
    0x97, 0xad, 0x97, 0xad, 0x96, 0xad, 0x96, 0xad, 0x76, 0xad, 0x76, 0xad,
    0x76, 0xad, 0x76, 0xad, 0x76, 0xad, 0x76, 0xad, 0x56, 0xad, 0x56, 0xad,
    0x56, 0xa5, 0x56, 0xa5, 0x56, 0xa5, 0x56, 0xa5, 0x55, 0xa5, 0x35, 0xa5,
    0x35, 0xa5, 0x35, 0xa5, 0x35, 0xa5, 0x35, 0xa5, 0x35, 0xa5, 0x35, 0xa5,
    0x15, 0x9d, 0x15, 0x9d, 0x15, 0x9d, 0x15, 0x9d, 0x15, 0x9d, 0x15, 0x9d,
    0xf4, 0x9c, 0xf4, 0x9c, 0xf4, 0x9c, 0xf4, 0x9c, 0xf4, 0x9c, 0xf4, 0x9c,
    0xf4, 0x9c, 0xd4, 0x94, 0xd4, 0x94, 0xd4, 0x94, 0xd4, 0x94, 0xd4, 0x94,
    0xd4, 0x94, 0xd4, 0x94, 0xb4, 0x94, 0xb3, 0x94, 0xb3, 0x94, 0xb3, 0x94,
    0xb3, 0x94, 0xb3, 0x94, 0x93, 0x8c, 0x93, 0x8c, 0x93, 0x8c, 0x93, 0x8c,
    0x93, 0x8c, 0x93, 0x8c, 0x93, 0x8c, 0x73, 0x8c, 0x73, 0x8c, 0x73, 0x8c,
    0x72, 0x8c, 0x72, 0x8c, 0x72, 0x84, 0x72, 0x84, 0x52, 0x84, 0x52, 0x84,
    0x1c, 0xe7, 0x1c, 0xe7, 0x1c, 0xe7, 0x1c, 0xe7, 0x1c, 0xdf, 0x1c, 0xdf,
    0xfc, 0xde, 0xfc, 0xde, 0xfc, 0xde, 0xfc, 0xde, 0xfb, 0xde, 0xfb, 0xde,
    0xdb, 0xde, 0xdb, 0xde, 0xdb, 0xde, 0xdb, 0xde, 0xdb, 0xde, 0xdb, 0xd6,
    0xdb, 0xd6, 0xdb, 0xd6, 0xbb, 0xd6, 0xbb, 0xd6, 0xbb, 0xd6, 0xbb, 0xd6,
    0xbb, 0xd6, 0xba, 0xd6, 0x9a, 0xd6, 0x9a, 0xd6, 0x9a, 0xd6, 0x9a, 0xd6,
    0x9a, 0xce, 0x9a, 0xce, 0x7a, 0xce, 0x7a, 0xce, 0x7a, 0xce, 0x7a, 0xce,
    0x7a, 0xce, 0x7a, 0xce, 0x7a, 0xce, 0x7a, 0xce, 0x59, 0xce, 0x59, 0xce,
    0x59, 0xc6, 0x59, 0xc6, 0x59, 0xc6, 0x59, 0xc6, 0x39, 0xc6, 0x39, 0xc6,
    0x39, 0xc6, 0x39, 0xc6, 0x39, 0xc6, 0x39, 0xc6, 0x19, 0xc6, 0x19, 0xc6,
    0x18, 0xc6, 0x18, 0xbe, 0x18, 0xbe, 0x18, 0xbe, 0x18, 0xbe, 0x18, 0xbe,
    0xf8, 0xbd, 0xf8, 0xbd, 0xf8, 0xbd, 0xf8, 0xbd, 0xf8, 0xbd, 0xf8, 0xbd,
    0xd8, 0xbd, 0xd8, 0xbd, 0xd8, 0xb5, 0xd7, 0xb5, 0xd7, 0xb5, 0xd7, 0xb5,
    0xb7, 0xb5, 0xb7, 0xb5, 0xb7, 0xb5, 0xb7, 0xb5, 0xb7, 0xb5, 0xb7, 0xb5,
    0xb7, 0xb5, 0xb7, 0xb5, 0x97, 0xad, 0x97, 0xad, 0x97, 0xad, 0x97, 0xad,
    0x96, 0xad, 0x96, 0xad, 0x76, 0xad, 0x76, 0xad, 0x76, 0xad, 0x76, 0xad,
    0x76, 0xad, 0x76, 0xad, 0x56, 0xad, 0x56, 0xad, 0x56, 0xa5, 0x56, 0xa5,
    0x56, 0xa5, 0x56, 0xa5, 0x55, 0xa5, 0x55, 0xa5, 0x35, 0xa5, 0x35, 0xa5,
    0x35, 0xa5, 0x35, 0xa5, 0x35, 0xa5, 0x35, 0xa5, 0x15, 0x9d, 0x15, 0x9d,
    0x15, 0x9d, 0x15, 0x9d, 0x15, 0x9d, 0x15, 0x9d, 0xf4, 0x9c, 0xf4, 0x9c,
    0xf4, 0x9c, 0xf4, 0x9c, 0xf4, 0x9c, 0xf4, 0x9c, 0xf4, 0x9c, 0xf4, 0x94,
    0xd4, 0x94, 0xd4, 0x94, 0xd4, 0x94, 0xd4, 0x94, 0xd4, 0x94, 0xd4, 0x94,
    0xb4, 0x94, 0xb4, 0x94, 0xb3, 0x94, 0xb3, 0x94, 0xb3, 0x94, 0xb3, 0x94,
    0x93, 0x8c, 0x93, 0x8c, 0x93, 0x8c, 0x93, 0x8c, 0x93, 0x8c, 0x93, 0x8c,
    0x93, 0x8c, 0x93, 0x8c, 0x73, 0x8c, 0x73, 0x8c, 0x72, 0x8c, 0x72, 0x8c,
    0x72, 0x84, 0x72, 0x84, 0x52, 0x84, 0x52, 0x84, 0x52, 0x84, 0x52, 0x84,
    0x1c, 0xdf, 0x1c, 0xdf, 0xfc, 0xde, 0xfc, 0xde, 0xfc, 0xde, 0xfc, 0xde,
    0xfc, 0xde, 0xfb, 0xde, 0xfb, 0xde, 0xdb, 0xde, 0xdb, 0xde, 0xdb, 0xde,
    0xdb, 0xde, 0xdb, 0xde, 0xdb, 0xd6, 0xdb, 0xd6, 0xbb, 0xd6, 0xbb, 0xd6,
    0xbb, 0xd6, 0xbb, 0xd6, 0xbb, 0xd6, 0xbb, 0xd6, 0x9a, 0xd6, 0x9a, 0xd6,
    0x9a, 0xd6, 0x9a, 0xd6, 0x9a, 0xce, 0x9a, 0xce, 0x9a, 0xce, 0x7a, 0xce,
    0x7a, 0xce, 0x7a, 0xce, 0x7a, 0xce, 0x7a, 0xce, 0x7a, 0xce, 0x7a, 0xce,
    0x59, 0xce, 0x59, 0xce, 0x59, 0xce, 0x59, 0xc6, 0x59, 0xc6, 0x59, 0xc6,
    0x39, 0xc6, 0x39, 0xc6, 0x39, 0xc6, 0x39, 0xc6, 0x39, 0xc6, 0x39, 0xc6,
    0x39, 0xc6, 0x19, 0xc6, 0x18, 0xc6, 0x18, 0xc6, 0x18, 0xbe, 0x18, 0xbe,
    0x18, 0xbe, 0x18, 0xbe, 0xf8, 0xbd, 0xf8, 0xbd, 0xf8, 0xbd, 0xf8, 0xbd,
    0xf8, 0xbd, 0xf8, 0xbd, 0xd8, 0xbd, 0xd8, 0xbd, 0xd8, 0xb5, 0xd7, 0xb5,
    0xd7, 0xb5, 0xd7, 0xb5, 0xd7, 0xb5, 0xb7, 0xb5, 0xb7, 0xb5, 0xb7, 0xb5,
    0xb7, 0xb5, 0xb7, 0xb5, 0xb7, 0xb5, 0xb7, 0xb5, 0x97, 0xb5, 0x97, 0xad,
    0x97, 0xad, 0x97, 0xad, 0x96, 0xad, 0x96, 0xad, 0x76, 0xad, 0x76, 0xad,
    0x76, 0xad, 0x76, 0xad, 0x76, 0xad, 0x76, 0xad, 0x76, 0xad, 0x56, 0xad,
    0x56, 0xa5, 0x56, 0xa5, 0x56, 0xa5, 0x56, 0xa5, 0x55, 0xa5, 0x55, 0xa5,
    0x35, 0xa5, 0x35, 0xa5, 0x35, 0xa5, 0x35, 0xa5, 0x35, 0xa5, 0x35, 0xa5,
    0x15, 0xa5, 0x15, 0x9d, 0x15, 0x9d, 0x15, 0x9d, 0x15, 0x9d, 0x15, 0x9d,
    0x15, 0x9d, 0xf4, 0x9c, 0xf4, 0x9c, 0xf4, 0x9c, 0xf4, 0x9c, 0xf4, 0x9c,
    0xf4, 0x9c, 0xf4, 0x9c, 0xd4, 0x94, 0xd4, 0x94, 0xd4, 0x94, 0xd4, 0x94,
    0xd4, 0x94, 0xd4, 0x94, 0xb4, 0x94, 0xb4, 0x94, 0xb3, 0x94, 0xb3, 0x94,
    0xb3, 0x94, 0xb3, 0x94, 0xb3, 0x8c, 0x93, 0x8c, 0x93, 0x8c, 0x93, 0x8c,
    0x93, 0x8c, 0x93, 0x8c, 0x93, 0x8c, 0x93, 0x8c, 0x73, 0x8c, 0x73, 0x8c,
    0x72, 0x8c, 0x72, 0x8c, 0x72, 0x8c, 0x72, 0x84, 0x52, 0x84, 0x52, 0x84,
    0x52, 0x84, 0x52, 0x84, 0x52, 0x84, 0x52, 0x84, 0x52, 0x84, 0x32, 0x84,
    0xfc, 0xde, 0xfc, 0xde, 0xfc, 0xde, 0xfc, 0xde, 0xfc, 0xde, 0xfb, 0xde,
    0xfb, 0xde, 0xdb, 0xde, 0xdb, 0xde, 0xdb, 0xde, 0xdb, 0xde, 0xdb, 0xde,
    0xdb, 0xd6, 0xdb, 0xd6, 0xbb, 0xd6, 0xbb, 0xd6, 0xbb, 0xd6, 0xbb, 0xd6,
    0xbb, 0xd6, 0xbb, 0xd6, 0x9a, 0xd6, 0x9a, 0xd6, 0x9a, 0xd6, 0x9a, 0xd6,
    0x9a, 0xce, 0x9a, 0xce, 0x9a, 0xce, 0x7a, 0xce, 0x7a, 0xce, 0x7a, 0xce,
    0x7a, 0xce, 0x7a, 0xce, 0x7a, 0xce, 0x7a, 0xce, 0x59, 0xce, 0x59, 0xce,
    0x59, 0xce, 0x59, 0xc6, 0x59, 0xc6, 0x59, 0xc6, 0x39, 0xc6, 0x39, 0xc6,
    0x39, 0xc6, 0x39, 0xc6, 0x39, 0xc6, 0x39, 0xc6, 0x39, 0xc6, 0x19, 0xc6,
    0x18, 0xc6, 0x18, 0xc6, 0x18, 0xbe, 0x18, 0xbe, 0x18, 0xbe, 0x18, 0xbe,
    0xf8, 0xbd, 0xf8, 0xbd, 0xf8, 0xbd, 0xf8, 0xbd, 0xf8, 0xbd, 0xf8, 0xbd,
    0xd8, 0xbd, 0xd8, 0xbd, 0xd8, 0xb5, 0xd8, 0xb5, 0xd7, 0xb5, 0xd7, 0xb5,
    0xd7, 0xb5, 0xb7, 0xb5, 0xb7, 0xb5, 0xb7, 0xb5, 0xb7, 0xb5, 0xb7, 0xb5,
    0xb7, 0xb5, 0xb7, 0xb5, 0x97, 0xb5, 0x97, 0xad, 0x97, 0xad, 0x97, 0xad,
    0x96, 0xad, 0x96, 0xad, 0x76, 0xad, 0x76, 0xad, 0x76, 0xad, 0x76, 0xad,
    0x76, 0xad, 0x76, 0xad, 0x76, 0xad, 0x56, 0xad, 0x56, 0xa5, 0x56, 0xa5,
    0x56, 0xa5, 0x56, 0xa5, 0x55, 0xa5, 0x55, 0xa5, 0x35, 0xa5, 0x35, 0xa5,
    0x35, 0xa5, 0x35, 0xa5, 0x35, 0xa5, 0x35, 0xa5, 0x15, 0x9d, 0x15, 0x9d,
    0x15, 0x9d, 0x15, 0x9d, 0x15, 0x9d, 0x15, 0x9d, 0x15, 0x9d, 0xf4, 0x9c,
    0xf4, 0x9c, 0xf4, 0x9c, 0xf4, 0x9c, 0xf4, 0x9c, 0xf4, 0x9c, 0xf4, 0x9c,
    0xd4, 0x94, 0xd4, 0x94, 0xd4, 0x94, 0xd4, 0x94, 0xd4, 0x94, 0xd4, 0x94,
    0xb4, 0x94, 0xb4, 0x94, 0xb3, 0x94, 0xb3, 0x94, 0xb3, 0x94, 0xb3, 0x94,
    0xb3, 0x8c, 0x93, 0x8c, 0x93, 0x8c, 0x93, 0x8c, 0x93, 0x8c, 0x93, 0x8c,
    0x93, 0x8c, 0x93, 0x8c, 0x73, 0x8c, 0x73, 0x8c, 0x72, 0x8c, 0x72, 0x8c,
    0x72, 0x8c, 0x72, 0x84, 0x52, 0x84, 0x52, 0x84, 0x52, 0x84, 0x52, 0x84,
    0x52, 0x84, 0x52, 0x84, 0x52, 0x84, 0x32, 0x84, 0x32, 0x84, 0x32, 0x84,
    0xfb, 0xde, 0xfb, 0xde, 0xfb, 0xde, 0xdb, 0xde, 0xdb, 0xde, 0xdb, 0xde,
    0xdb, 0xde, 0xdb, 0xde, 0xdb, 0xd6, 0xdb, 0xd6, 0xbb, 0xd6, 0xbb, 0xd6,
    0xbb, 0xd6, 0xbb, 0xd6, 0xbb, 0xd6, 0xbb, 0xd6, 0x9a, 0xd6, 0x9a, 0xd6,
    0x9a, 0xd6, 0x9a, 0xd6, 0x9a, 0xce, 0x9a, 0xce, 0x9a, 0xce, 0x7a, 0xce,
    0x7a, 0xce, 0x7a, 0xce, 0x7a, 0xce, 0x7a, 0xce, 0x7a, 0xce, 0x7a, 0xce,
    0x59, 0xce, 0x59, 0xce, 0x59, 0xce, 0x59, 0xc6, 0x59, 0xc6, 0x59, 0xc6,
    0x39, 0xc6, 0x39, 0xc6, 0x39, 0xc6, 0x39, 0xc6, 0x39, 0xc6, 0x39, 0xc6,
    0x39, 0xc6, 0x19, 0xc6, 0x18, 0xc6, 0x18, 0xc6, 0x18, 0xbe, 0x18, 0xbe,
    0x18, 0xbe, 0x18, 0xbe, 0xf8, 0xbd, 0xf8, 0xbd, 0xf8, 0xbd, 0xf8, 0xbd,
    0xf8, 0xbd, 0xf8, 0xbd, 0xd8, 0xbd, 0xd8, 0xbd, 0xd8, 0xb5, 0xd8, 0xb5,
    0xd7, 0xb5, 0xd7, 0xb5, 0xd7, 0xb5, 0xb7, 0xb5, 0xb7, 0xb5, 0xb7, 0xb5,
    0xb7, 0xb5, 0xb7, 0xb5, 0xb7, 0xb5, 0xb7, 0xb5, 0x97, 0xb5, 0x97, 0xad,
    0x97, 0xad, 0x97, 0xad, 0x96, 0xad, 0x96, 0xad, 0x76, 0xad, 0x76, 0xad,
    0x76, 0xad, 0x76, 0xad, 0x76, 0xad, 0x76, 0xad, 0x76, 0xad, 0x56, 0xad,
    0x56, 0xa5, 0x56, 0xa5, 0x56, 0xa5, 0x56, 0xa5, 0x55, 0xa5, 0x55, 0xa5,
    0x35, 0xa5, 0x35, 0xa5, 0x35, 0xa5, 0x35, 0xa5, 0x35, 0xa5, 0x35, 0xa5,
    0x15, 0x9d, 0x15, 0x9d, 0x15, 0x9d, 0x15, 0x9d, 0x15, 0x9d, 0x15, 0x9d,
    0x15, 0x9d, 0xf4, 0x9c, 0xf4, 0x9c, 0xf4, 0x9c, 0xf4, 0x9c, 0xf4, 0x9c,
    0xf4, 0x9c, 0xf4, 0x9c, 0xd4, 0x94, 0xd4, 0x94, 0xd4, 0x94, 0xd4, 0x94,
    0xd4, 0x94, 0xd4, 0x94, 0xb4, 0x94, 0xb4, 0x94, 0xb3, 0x94, 0xb3, 0x94,
    0xb3, 0x94, 0xb3, 0x94, 0xb3, 0x8c, 0x93, 0x8c, 0x93, 0x8c, 0x93, 0x8c,
    0x93, 0x8c, 0x93, 0x8c, 0x93, 0x8c, 0x93, 0x8c, 0x73, 0x8c, 0x73, 0x8c,
    0x72, 0x8c, 0x72, 0x8c, 0x72, 0x8c, 0x72, 0x84, 0x52, 0x84, 0x52, 0x84,
    0x52, 0x84, 0x52, 0x84, 0x52, 0x84, 0x52, 0x84, 0x52, 0x84, 0x32, 0x84,
    0x32, 0x84, 0x32, 0x84, 0x32, 0x84, 0x31, 0x84, 0x31, 0x7c, 0x31, 0x7c,
    0xfb, 0xde, 0xdb, 0xde, 0xdb, 0xde, 0xdb, 0xde, 0xdb, 0xde, 0xdb, 0xd6,
    0xdb, 0xd6, 0xdb, 0xd6, 0xbb, 0xd6, 0xbb, 0xd6, 0xbb, 0xd6, 0xbb, 0xd6,
    0xbb, 0xd6, 0xbb, 0xd6, 0x9a, 0xd6, 0x9a, 0xd6, 0x9a, 0xd6, 0x9a, 0xd6,
    0x9a, 0xce, 0x9a, 0xce, 0x9a, 0xce, 0x7a, 0xce, 0x7a, 0xce, 0x7a, 0xce,
    0x7a, 0xce, 0x7a, 0xce, 0x7a, 0xce, 0x7a, 0xce, 0x59, 0xce, 0x59, 0xce,
    0x59, 0xce, 0x59, 0xc6, 0x59, 0xc6, 0x59, 0xc6, 0x39, 0xc6, 0x39, 0xc6,
    0x39, 0xc6, 0x39, 0xc6, 0x39, 0xc6, 0x39, 0xc6, 0x39, 0xc6, 0x19, 0xc6,
    0x19, 0xc6, 0x18, 0xc6, 0x18, 0xbe, 0x18, 0xbe, 0x18, 0xbe, 0x18, 0xbe,
    0xf8, 0xbd, 0xf8, 0xbd, 0xf8, 0xbd, 0xf8, 0xbd, 0xf8, 0xbd, 0xf8, 0xbd,
    0xd8, 0xbd, 0xd8, 0xbd, 0xd8, 0xb5, 0xd7, 0xb5, 0xd7, 0xb5, 0xd7, 0xb5,
    0xd7, 0xb5, 0xb7, 0xb5, 0xb7, 0xb5, 0xb7, 0xb5, 0xb7, 0xb5, 0xb7, 0xb5,
    0xb7, 0xb5, 0xb7, 0xb5, 0x97, 0xb5, 0x97, 0xad, 0x97, 0xad, 0x97, 0xad,
    0x96, 0xad, 0x96, 0xad, 0x76, 0xad, 0x76, 0xad, 0x76, 0xad, 0x76, 0xad,
    0x76, 0xad, 0x76, 0xad, 0x76, 0xad, 0x56, 0xad, 0x56, 0xa5, 0x56, 0xa5,
    0x56, 0xa5, 0x56, 0xa5, 0x55, 0xa5, 0x55, 0xa5, 0x35, 0xa5, 0x35, 0xa5,
    0x35, 0xa5, 0x35, 0xa5, 0x35, 0xa5, 0x35, 0xa5, 0x15, 0xa5, 0x15, 0x9d,
    0x15, 0x9d, 0x15, 0x9d, 0x15, 0x9d, 0x15, 0x9d, 0x15, 0x9d, 0xf4, 0x9c,
    0xf4, 0x9c, 0xf4, 0x9c, 0xf4, 0x9c, 0xf4, 0x9c, 0xf4, 0x9c, 0xf4, 0x9c,
    0xd4, 0x94, 0xd4, 0x94, 0xd4, 0x94, 0xd4, 0x94, 0xd4, 0x94, 0xd4, 0x94,
    0xb4, 0x94, 0xb4, 0x94, 0xb3, 0x94, 0xb3, 0x94, 0xb3, 0x94, 0xb3, 0x94,
    0xb3, 0x8c, 0x93, 0x8c, 0x93, 0x8c, 0x93, 0x8c, 0x93, 0x8c, 0x93, 0x8c,
    0x93, 0x8c, 0x93, 0x8c, 0x73, 0x8c, 0x73, 0x8c, 0x72, 0x8c, 0x72, 0x8c,
    0x72, 0x8c, 0x72, 0x84, 0x52, 0x84, 0x52, 0x84, 0x52, 0x84, 0x52, 0x84,
    0x52, 0x84, 0x52, 0x84, 0x52, 0x84, 0x32, 0x84, 0x32, 0x84, 0x32, 0x84,
    0x32, 0x84, 0x31, 0x84, 0x31, 0x7c, 0x31, 0x7c, 0x11, 0x7c, 0x11, 0x7c,
    0xdb, 0xde, 0xdb, 0xde, 0xdb, 0xd6, 0xdb, 0xd6, 0xbb, 0xd6, 0xbb, 0xd6,
    0xbb, 0xd6, 0xbb, 0xd6, 0xbb, 0xd6, 0xbb, 0xd6, 0xba, 0xd6, 0x9a, 0xd6,
    0x9a, 0xd6, 0x9a, 0xd6, 0x9a, 0xce, 0x9a, 0xce, 0x9a, 0xce, 0x9a, 0xce,
    0x7a, 0xce, 0x7a, 0xce, 0x7a, 0xce, 0x7a, 0xce, 0x7a, 0xce, 0x7a, 0xce,
    0x59, 0xce, 0x59, 0xce, 0x59, 0xce, 0x59, 0xce, 0x59, 0xc6, 0x59, 0xc6,
    0x59, 0xc6, 0x39, 0xc6, 0x39, 0xc6, 0x39, 0xc6, 0x39, 0xc6, 0x39, 0xc6,
    0x39, 0xc6, 0x39, 0xc6, 0x19, 0xc6, 0x18, 0xc6, 0x18, 0xbe, 0x18, 0xbe,
    0x18, 0xbe, 0x18, 0xbe, 0xf8, 0xbd, 0xf8, 0xbd, 0xf8, 0xbd, 0xf8, 0xbd,
    0xf8, 0xbd, 0xf8, 0xbd, 0xf8, 0xbd, 0xd8, 0xbd, 0xd8, 0xbd, 0xd8, 0xb5,
    0xd7, 0xb5, 0xd7, 0xb5, 0xd7, 0xb5, 0xd7, 0xb5, 0xb7, 0xb5, 0xb7, 0xb5,
    0xb7, 0xb5, 0xb7, 0xb5, 0xb7, 0xb5, 0xb7, 0xb5, 0x97, 0xb5, 0x97, 0xb5,
    0x97, 0xad, 0x97, 0xad, 0x96, 0xad, 0x96, 0xad, 0x96, 0xad, 0x76, 0xad,
    0x76, 0xad, 0x76, 0xad, 0x76, 0xad, 0x76, 0xad, 0x76, 0xad, 0x76, 0xad,
    0x56, 0xa5, 0x56, 0xa5, 0x56, 0xa5, 0x56, 0xa5, 0x56, 0xa5, 0x55, 0xa5,
    0x35, 0xa5, 0x35, 0xa5, 0x35, 0xa5, 0x35, 0xa5, 0x35, 0xa5, 0x35, 0xa5,
    0x35, 0xa5, 0x15, 0x9d, 0x15, 0x9d, 0x15, 0x9d, 0x15, 0x9d, 0x15, 0x9d,
    0x15, 0x9d, 0x15, 0x9d, 0xf4, 0x9c, 0xf4, 0x9c, 0xf4, 0x9c, 0xf4, 0x9c,
    0xf4, 0x9c, 0xf4, 0x9c, 0xd4, 0x94, 0xd4, 0x94, 0xd4, 0x94, 0xd4, 0x94,
    0xd4, 0x94, 0xd4, 0x94, 0xd4, 0x94, 0xb4, 0x94, 0xb3, 0x94, 0xb3, 0x94,
    0xb3, 0x94, 0xb3, 0x94, 0xb3, 0x94, 0xb3, 0x8c, 0x93, 0x8c, 0x93, 0x8c,
    0x93, 0x8c, 0x93, 0x8c, 0x93, 0x8c, 0x93, 0x8c, 0x73, 0x8c, 0x73, 0x8c,
    0x73, 0x8c, 0x72, 0x8c, 0x72, 0x8c, 0x72, 0x8c, 0x72, 0x84, 0x52, 0x84,
    0x52, 0x84, 0x52, 0x84, 0x52, 0x84, 0x52, 0x84, 0x52, 0x84, 0x52, 0x84,
    0x32, 0x84, 0x32, 0x84, 0x32, 0x84, 0x32, 0x84, 0x31, 0x7c, 0x31, 0x7c,
    0x11, 0x7c, 0x11, 0x7c, 0x11, 0x7c, 0x11, 0x7c, 0x11, 0x7c, 0x11, 0x7c,
    0xdb, 0xd6, 0xdb, 0xd6, 0xbb, 0xd6, 0xbb, 0xd6, 0xbb, 0xd6, 0xbb, 0xd6,
    0xbb, 0xd6, 0xbb, 0xd6, 0xba, 0xd6, 0x9a, 0xd6, 0x9a, 0xd6, 0x9a, 0xd6,
    0x9a, 0xce, 0x9a, 0xce, 0x9a, 0xce, 0x9a, 0xce, 0x7a, 0xce, 0x7a, 0xce,
    0x7a, 0xce, 0x7a, 0xce, 0x7a, 0xce, 0x7a, 0xce, 0x59, 0xce, 0x59, 0xce,
    0x59, 0xce, 0x59, 0xc6, 0x59, 0xc6, 0x59, 0xc6, 0x59, 0xc6, 0x39, 0xc6,
    0x39, 0xc6, 0x39, 0xc6, 0x39, 0xc6, 0x39, 0xc6, 0x39, 0xc6, 0x39, 0xc6,
    0x19, 0xc6, 0x18, 0xc6, 0x18, 0xbe, 0x18, 0xbe, 0x18, 0xbe, 0x18, 0xbe,
    0xf8, 0xbd, 0xf8, 0xbd, 0xf8, 0xbd, 0xf8, 0xbd, 0xf8, 0xbd, 0xf8, 0xbd,
    0xf8, 0xbd, 0xd8, 0xbd, 0xd8, 0xbd, 0xd8, 0xb5, 0xd7, 0xb5, 0xd7, 0xb5,
    0xd7, 0xb5, 0xd7, 0xb5, 0xb7, 0xb5, 0xb7, 0xb5, 0xb7, 0xb5, 0xb7, 0xb5,
    0xb7, 0xb5, 0xb7, 0xb5, 0x97, 0xb5, 0x97, 0xb5, 0x97, 0xad, 0x97, 0xad,
    0x96, 0xad, 0x96, 0xad, 0x96, 0xad, 0x76, 0xad, 0x76, 0xad, 0x76, 0xad,
    0x76, 0xad, 0x76, 0xad, 0x76, 0xad, 0x76, 0xad, 0x56, 0xa5, 0x56, 0xa5,
    0x56, 0xa5, 0x56, 0xa5, 0x56, 0xa5, 0x55, 0xa5, 0x35, 0xa5, 0x35, 0xa5,
    0x35, 0xa5, 0x35, 0xa5, 0x35, 0xa5, 0x35, 0xa5, 0x35, 0xa5, 0x15, 0x9d,
    0x15, 0x9d, 0x15, 0x9d, 0x15, 0x9d, 0x15, 0x9d, 0x15, 0x9d, 0x15, 0x9d,
    0xf4, 0x9c, 0xf4, 0x9c, 0xf4, 0x9c, 0xf4, 0x9c, 0xf4, 0x9c, 0xf4, 0x9c,
    0xd4, 0x94, 0xd4, 0x94, 0xd4, 0x94, 0xd4, 0x94, 0xd4, 0x94, 0xd4, 0x94,
    0xd4, 0x94, 0xb4, 0x94, 0xb3, 0x94, 0xb3, 0x94, 0xb3, 0x94, 0xb3, 0x94,
    0xb3, 0x94, 0xb3, 0x8c, 0x93, 0x8c, 0x93, 0x8c, 0x93, 0x8c, 0x93, 0x8c,
    0x93, 0x8c, 0x93, 0x8c, 0x73, 0x8c, 0x73, 0x8c, 0x73, 0x8c, 0x72, 0x8c,
    0x72, 0x8c, 0x72, 0x8c, 0x72, 0x84, 0x52, 0x84, 0x52, 0x84, 0x52, 0x84,
    0x52, 0x84, 0x52, 0x84, 0x52, 0x84, 0x52, 0x84, 0x32, 0x84, 0x32, 0x84,
    0x32, 0x84, 0x32, 0x84, 0x31, 0x7c, 0x31, 0x7c, 0x11, 0x7c, 0x11, 0x7c,
    0x11, 0x7c, 0x11, 0x7c, 0x11, 0x7c, 0x11, 0x7c, 0x11, 0x7c, 0xf1, 0x7b,
    0xbb, 0xd6, 0xbb, 0xd6, 0xbb, 0xd6, 0xbb, 0xd6, 0xba, 0xd6, 0x9a, 0xd6,
    0x9a, 0xd6, 0x9a, 0xd6, 0x9a, 0xd6, 0x9a, 0xce, 0x9a, 0xce, 0x9a, 0xce,
    0x7a, 0xce, 0x7a, 0xce, 0x7a, 0xce, 0x7a, 0xce, 0x7a, 0xce, 0x7a, 0xce,
    0x59, 0xce, 0x59, 0xce, 0x59, 0xce, 0x59, 0xce, 0x59, 0xc6, 0x59, 0xc6,
    0x59, 0xc6, 0x39, 0xc6, 0x39, 0xc6, 0x39, 0xc6, 0x39, 0xc6, 0x39, 0xc6,
    0x39, 0xc6, 0x39, 0xc6, 0x19, 0xc6, 0x18, 0xc6, 0x18, 0xbe, 0x18, 0xbe,
    0x18, 0xbe, 0x18, 0xbe, 0xf8, 0xbd, 0xf8, 0xbd, 0xf8, 0xbd, 0xf8, 0xbd,
    0xf8, 0xbd, 0xf8, 0xbd, 0xf8, 0xbd, 0xd8, 0xbd, 0xd8, 0xbd, 0xd8, 0xb5,
    0xd7, 0xb5, 0xd7, 0xb5, 0xd7, 0xb5, 0xd7, 0xb5, 0xb7, 0xb5, 0xb7, 0xb5,
    0xb7, 0xb5, 0xb7, 0xb5, 0xb7, 0xb5, 0xb7, 0xb5, 0x97, 0xb5, 0x97, 0xb5,
    0x97, 0xad, 0x97, 0xad, 0x96, 0xad, 0x96, 0xad, 0x96, 0xad, 0x76, 0xad,
    0x76, 0xad, 0x76, 0xad, 0x76, 0xad, 0x76, 0xad, 0x76, 0xad, 0x76, 0xad,
    0x56, 0xa5, 0x56, 0xa5, 0x56, 0xa5, 0x56, 0xa5, 0x56, 0xa5, 0x55, 0xa5,
    0x35, 0xa5, 0x35, 0xa5, 0x35, 0xa5, 0x35, 0xa5, 0x35, 0xa5, 0x35, 0xa5,
    0x35, 0xa5, 0x15, 0xa5, 0x15, 0x9d, 0x15, 0x9d, 0x15, 0x9d, 0x15, 0x9d,
    0x15, 0x9d, 0x15, 0x9d, 0xf4, 0x9c, 0xf4, 0x9c, 0xf4, 0x9c, 0xf4, 0x9c,
    0xf4, 0x9c, 0xf4, 0x9c, 0xd4, 0x94, 0xd4, 0x94, 0xd4, 0x94, 0xd4, 0x94,
    0xd4, 0x94, 0xd4, 0x94, 0xd4, 0x94, 0xb4, 0x94, 0xb3, 0x94, 0xb3, 0x94,
    0xb3, 0x94, 0xb3, 0x94, 0xb3, 0x94, 0xb3, 0x8c, 0x93, 0x8c, 0x93, 0x8c,
    0x93, 0x8c, 0x93, 0x8c, 0x93, 0x8c, 0x93, 0x8c, 0x73, 0x8c, 0x73, 0x8c,
    0x73, 0x8c, 0x72, 0x8c, 0x72, 0x8c, 0x72, 0x8c, 0x72, 0x84, 0x52, 0x84,
    0x52, 0x84, 0x52, 0x84, 0x52, 0x84, 0x52, 0x84, 0x52, 0x84, 0x52, 0x84,
    0x32, 0x84, 0x32, 0x84, 0x32, 0x84, 0x32, 0x84, 0x31, 0x7c, 0x31, 0x7c,
    0x11, 0x7c, 0x11, 0x7c, 0x11, 0x7c, 0x11, 0x7c, 0x11, 0x7c, 0x11, 0x7c,
    0x11, 0x7c, 0xf1, 0x7b, 0xf1, 0x7b, 0xf1, 0x7b, 0xf1, 0x7b, 0xf1, 0x73,
    0xbb, 0xd6, 0xbb, 0xd6, 0xba, 0xd6, 0x9a, 0xd6, 0x9a, 0xd6, 0x9a, 0xd6,
    0x9a, 0xd6, 0x9a, 0xce, 0x9a, 0xce, 0x9a, 0xce, 0x7a, 0xce, 0x7a, 0xce,
    0x7a, 0xce, 0x7a, 0xce, 0x7a, 0xce, 0x7a, 0xce, 0x59, 0xce, 0x59, 0xce,
    0x59, 0xce, 0x59, 0xce, 0x59, 0xc6, 0x59, 0xc6, 0x59, 0xc6, 0x39, 0xc6,
    0x39, 0xc6, 0x39, 0xc6, 0x39, 0xc6, 0x39, 0xc6, 0x39, 0xc6, 0x39, 0xc6,
    0x19, 0xc6, 0x19, 0xc6, 0x18, 0xbe, 0x18, 0xbe, 0x18, 0xbe, 0x18, 0xbe,
    0xf8, 0xbd, 0xf8, 0xbd, 0xf8, 0xbd, 0xf8, 0xbd, 0xf8, 0xbd, 0xf8, 0xbd,
    0xf8, 0xbd, 0xd8, 0xbd, 0xd8, 0xbd, 0xd8, 0xb5, 0xd7, 0xb5, 0xd7, 0xb5,
    0xd7, 0xb5, 0xd7, 0xb5, 0xb7, 0xb5, 0xb7, 0xb5, 0xb7, 0xb5, 0xb7, 0xb5,
    0xb7, 0xb5, 0xb7, 0xb5, 0x97, 0xb5, 0x97, 0xb5, 0x97, 0xad, 0x97, 0xad,
    0x96, 0xad, 0x96, 0xad, 0x96, 0xad, 0x76, 0xad, 0x76, 0xad, 0x76, 0xad,
    0x76, 0xad, 0x76, 0xad, 0x76, 0xad, 0x76, 0xad, 0x56, 0xa5, 0x56, 0xa5,
    0x56, 0xa5, 0x56, 0xa5, 0x56, 0xa5, 0x55, 0xa5, 0x35, 0xa5, 0x35, 0xa5,
    0x35, 0xa5, 0x35, 0xa5, 0x35, 0xa5, 0x35, 0xa5, 0x35, 0xa5, 0x15, 0xa5,
    0x15, 0x9d, 0x15, 0x9d, 0x15, 0x9d, 0x15, 0x9d, 0x15, 0x9d, 0x15, 0x9d,
    0xf4, 0x9c, 0xf4, 0x9c, 0xf4, 0x9c, 0xf4, 0x9c, 0xf4, 0x9c, 0xf4, 0x9c,
    0xd4, 0x94, 0xd4, 0x94, 0xd4, 0x94, 0xd4, 0x94, 0xd4, 0x94, 0xd4, 0x94,
    0xd4, 0x94, 0xb4, 0x94, 0xb3, 0x94, 0xb3, 0x94, 0xb3, 0x94, 0xb3, 0x94,
    0xb3, 0x94, 0xb3, 0x8c, 0x93, 0x8c, 0x93, 0x8c, 0x93, 0x8c, 0x93, 0x8c,
    0x93, 0x8c, 0x93, 0x8c, 0x73, 0x8c, 0x73, 0x8c, 0x73, 0x8c, 0x72, 0x8c,
    0x72, 0x8c, 0x72, 0x8c, 0x72, 0x84, 0x52, 0x84, 0x52, 0x84, 0x52, 0x84,
    0x52, 0x84, 0x52, 0x84, 0x52, 0x84, 0x52, 0x84, 0x32, 0x84, 0x32, 0x84,
    0x32, 0x84, 0x32, 0x84, 0x31, 0x7c, 0x31, 0x7c, 0x11, 0x7c, 0x11, 0x7c,
    0x11, 0x7c, 0x11, 0x7c, 0x11, 0x7c, 0x11, 0x7c, 0x11, 0x7c, 0xf1, 0x7b,
    0xf1, 0x7b, 0xf1, 0x7b, 0xf1, 0x7b, 0xf1, 0x73, 0xf0, 0x73, 0xf0, 0x73,
    0x9a, 0xd6, 0x9a, 0xd6, 0x9a, 0xd6, 0x9a, 0xce, 0x9a, 0xce, 0x9a, 0xce,
    0x7a, 0xce, 0x7a, 0xce, 0x7a, 0xce, 0x7a, 0xce, 0x7a, 0xce, 0x7a, 0xce,
    0x7a, 0xce, 0x59, 0xce, 0x59, 0xce, 0x59, 0xce, 0x59, 0xc6, 0x59, 0xc6,
    0x59, 0xc6, 0x59, 0xc6, 0x39, 0xc6, 0x39, 0xc6, 0x39, 0xc6, 0x39, 0xc6,
    0x39, 0xc6, 0x39, 0xc6, 0x19, 0xc6, 0x19, 0xc6, 0x18, 0xc6, 0x18, 0xbe,
    0x18, 0xbe, 0x18, 0xbe, 0x18, 0xbe, 0xf8, 0xbd, 0xf8, 0xbd, 0xf8, 0xbd,
    0xf8, 0xbd, 0xf8, 0xbd, 0xf8, 0xbd, 0xf8, 0xbd, 0xd8, 0xbd, 0xd8, 0xbd,
    0xd7, 0xb5, 0xd7, 0xb5, 0xd7, 0xb5, 0xd7, 0xb5, 0xb7, 0xb5, 0xb7, 0xb5,
    0xb7, 0xb5, 0xb7, 0xb5, 0xb7, 0xb5, 0xb7, 0xb5, 0xb7, 0xb5, 0x97, 0xb5,
    0x97, 0xad, 0x97, 0xad, 0x97, 0xad, 0x96, 0xad, 0x96, 0xad, 0x96, 0xad,
    0x76, 0xad, 0x76, 0xad, 0x76, 0xad, 0x76, 0xad, 0x76, 0xad, 0x76, 0xad,
    0x56, 0xad, 0x56, 0xa5, 0x56, 0xa5, 0x56, 0xa5, 0x56, 0xa5, 0x56, 0xa5,
    0x55, 0xa5, 0x35, 0xa5, 0x35, 0xa5, 0x35, 0xa5, 0x35, 0xa5, 0x35, 0xa5,
    0x35, 0xa5, 0x35, 0xa5, 0x15, 0x9d, 0x15, 0x9d, 0x15, 0x9d, 0x15, 0x9d,
    0x15, 0x9d, 0x15, 0x9d, 0xf4, 0x9c, 0xf4, 0x9c, 0xf4, 0x9c, 0xf4, 0x9c,
    0xf4, 0x9c, 0xf4, 0x9c, 0xf4, 0x94, 0xd4, 0x94, 0xd4, 0x94, 0xd4, 0x94,
    0xd4, 0x94, 0xd4, 0x94, 0xd4, 0x94, 0xd4, 0x94, 0xb4, 0x94, 0xb3, 0x94,
    0xb3, 0x94, 0xb3, 0x94, 0xb3, 0x94, 0xb3, 0x94, 0x93, 0x8c, 0x93, 0x8c,
    0x93, 0x8c, 0x93, 0x8c, 0x93, 0x8c, 0x93, 0x8c, 0x93, 0x8c, 0x73, 0x8c,
    0x73, 0x8c, 0x73, 0x8c, 0x72, 0x8c, 0x72, 0x8c, 0x72, 0x84, 0x72, 0x84,
    0x52, 0x84, 0x52, 0x84, 0x52, 0x84, 0x52, 0x84, 0x52, 0x84, 0x52, 0x84,
    0x32, 0x84, 0x32, 0x84, 0x32, 0x84, 0x32, 0x84, 0x31, 0x84, 0x31, 0x7c,
    0x31, 0x7c, 0x11, 0x7c, 0x11, 0x7c, 0x11, 0x7c, 0x11, 0x7c, 0x11, 0x7c,
    0x11, 0x7c, 0x11, 0x7c, 0xf1, 0x7b, 0xf1, 0x7b, 0xf1, 0x7b, 0xf1, 0x7b,
    0xf1, 0x73, 0xf0, 0x73, 0xd0, 0x73, 0xd0, 0x73, 0xd0, 0x73, 0xd0, 0x73,
    0x9a, 0xd6, 0x9a, 0xce, 0x9a, 0xce, 0x9a, 0xce, 0x7a, 0xce, 0x7a, 0xce,
    0x7a, 0xce, 0x7a, 0xce, 0x7a, 0xce, 0x7a, 0xce, 0x7a, 0xce, 0x59, 0xce,
    0x59, 0xce, 0x59, 0xce, 0x59, 0xc6, 0x59, 0xc6, 0x59, 0xc6, 0x59, 0xc6,
    0x39, 0xc6, 0x39, 0xc6, 0x39, 0xc6, 0x39, 0xc6, 0x39, 0xc6, 0x39, 0xc6,
    0x19, 0xc6, 0x19, 0xc6, 0x18, 0xc6, 0x18, 0xbe, 0x18, 0xbe, 0x18, 0xbe,
    0x18, 0xbe, 0xf8, 0xbd, 0xf8, 0xbd, 0xf8, 0xbd, 0xf8, 0xbd, 0xf8, 0xbd,
    0xf8, 0xbd, 0xf8, 0xbd, 0xd8, 0xbd, 0xd8, 0xbd, 0xd7, 0xb5, 0xd7, 0xb5,
    0xd7, 0xb5, 0xd7, 0xb5, 0xb7, 0xb5, 0xb7, 0xb5, 0xb7, 0xb5, 0xb7, 0xb5,
    0xb7, 0xb5, 0xb7, 0xb5, 0xb7, 0xb5, 0x97, 0xb5, 0x97, 0xad, 0x97, 0xad,
    0x97, 0xad, 0x96, 0xad, 0x96, 0xad, 0x96, 0xad, 0x76, 0xad, 0x76, 0xad,
    0x76, 0xad, 0x76, 0xad, 0x76, 0xad, 0x76, 0xad, 0x56, 0xad, 0x56, 0xa5,
    0x56, 0xa5, 0x56, 0xa5, 0x56, 0xa5, 0x56, 0xa5, 0x55, 0xa5, 0x35, 0xa5,
    0x35, 0xa5, 0x35, 0xa5, 0x35, 0xa5, 0x35, 0xa5, 0x35, 0xa5, 0x35, 0xa5,
    0x15, 0x9d, 0x15, 0x9d, 0x15, 0x9d, 0x15, 0x9d, 0x15, 0x9d, 0x15, 0x9d,
    0xf4, 0x9c, 0xf4, 0x9c, 0xf4, 0x9c, 0xf4, 0x9c, 0xf4, 0x9c, 0xf4, 0x9c,
    0xf4, 0x94, 0xd4, 0x94, 0xd4, 0x94, 0xd4, 0x94, 0xd4, 0x94, 0xd4, 0x94,
    0xd4, 0x94, 0xd4, 0x94, 0xb4, 0x94, 0xb3, 0x94, 0xb3, 0x94, 0xb3, 0x94,
    0xb3, 0x94, 0xb3, 0x94, 0x93, 0x8c, 0x93, 0x8c, 0x93, 0x8c, 0x93, 0x8c,
    0x93, 0x8c, 0x93, 0x8c, 0x93, 0x8c, 0x73, 0x8c, 0x73, 0x8c, 0x73, 0x8c,
    0x72, 0x8c, 0x72, 0x8c, 0x72, 0x84, 0x72, 0x84, 0x52, 0x84, 0x52, 0x84,
    0x52, 0x84, 0x52, 0x84, 0x52, 0x84, 0x52, 0x84, 0x32, 0x84, 0x32, 0x84,
    0x32, 0x84, 0x32, 0x84, 0x31, 0x84, 0x31, 0x7c, 0x31, 0x7c, 0x11, 0x7c,
    0x11, 0x7c, 0x11, 0x7c, 0x11, 0x7c, 0x11, 0x7c, 0x11, 0x7c, 0x11, 0x7c,
    0xf1, 0x7b, 0xf1, 0x7b, 0xf1, 0x7b, 0xf1, 0x7b, 0xf1, 0x73, 0xf0, 0x73,
    0xd0, 0x73, 0xd0, 0x73, 0xd0, 0x73, 0xd0, 0x73, 0xd0, 0x73, 0xd0, 0x73,
    0x7a, 0xce, 0x7a, 0xce, 0x7a, 0xce, 0x7a, 0xce, 0x7a, 0xce, 0x7a, 0xce,
    0x7a, 0xce, 0x59, 0xce, 0x59, 0xce, 0x59, 0xce, 0x59, 0xc6, 0x59, 0xc6,
    0x59, 0xc6, 0x59, 0xc6, 0x39, 0xc6, 0x39, 0xc6, 0x39, 0xc6, 0x39, 0xc6,
    0x39, 0xc6, 0x39, 0xc6, 0x19, 0xc6, 0x19, 0xc6, 0x18, 0xc6, 0x18, 0xbe,
    0x18, 0xbe, 0x18, 0xbe, 0x18, 0xbe, 0xf8, 0xbd, 0xf8, 0xbd, 0xf8, 0xbd,
    0xf8, 0xbd, 0xf8, 0xbd, 0xf8, 0xbd, 0xf8, 0xbd, 0xd8, 0xbd, 0xd8, 0xbd,
    0xd7, 0xb5, 0xd7, 0xb5, 0xd7, 0xb5, 0xd7, 0xb5, 0xb7, 0xb5, 0xb7, 0xb5,
    0xb7, 0xb5, 0xb7, 0xb5, 0xb7, 0xb5, 0xb7, 0xb5, 0xb7, 0xb5, 0x97, 0xb5,
    0x97, 0xad, 0x97, 0xad, 0x97, 0xad, 0x96, 0xad, 0x96, 0xad, 0x96, 0xad,
    0x76, 0xad, 0x76, 0xad, 0x76, 0xad, 0x76, 0xad, 0x76, 0xad, 0x76, 0xad,
    0x56, 0xad, 0x56, 0xa5, 0x56, 0xa5, 0x56, 0xa5, 0x56, 0xa5, 0x56, 0xa5,
    0x55, 0xa5, 0x35, 0xa5, 0x35, 0xa5, 0x35, 0xa5, 0x35, 0xa5, 0x35, 0xa5,
    0x35, 0xa5, 0x35, 0xa5, 0x15, 0x9d, 0x15, 0x9d, 0x15, 0x9d, 0x15, 0x9d,
    0x15, 0x9d, 0x15, 0x9d, 0xf4, 0x9c, 0xf4, 0x9c, 0xf4, 0x9c, 0xf4, 0x9c,
    0xf4, 0x9c, 0xf4, 0x9c, 0xf4, 0x9c, 0xd4, 0x94, 0xd4, 0x94, 0xd4, 0x94,
    0xd4, 0x94, 0xd4, 0x94, 0xd4, 0x94, 0xd4, 0x94, 0xb4, 0x94, 0xb3, 0x94,
    0xb3, 0x94, 0xb3, 0x94, 0xb3, 0x94, 0xb3, 0x94, 0x93, 0x8c, 0x93, 0x8c,
    0x93, 0x8c, 0x93, 0x8c, 0x93, 0x8c, 0x93, 0x8c, 0x93, 0x8c, 0x73, 0x8c,
    0x73, 0x8c, 0x73, 0x8c, 0x72, 0x8c, 0x72, 0x8c, 0x72, 0x84, 0x72, 0x84,
    0x52, 0x84, 0x52, 0x84, 0x52, 0x84, 0x52, 0x84, 0x52, 0x84, 0x52, 0x84,
    0x32, 0x84, 0x32, 0x84, 0x32, 0x84, 0x32, 0x84, 0x31, 0x84, 0x31, 0x7c,
    0x31, 0x7c, 0x11, 0x7c, 0x11, 0x7c, 0x11, 0x7c, 0x11, 0x7c, 0x11, 0x7c,
    0x11, 0x7c, 0x11, 0x7c, 0xf1, 0x7b, 0xf1, 0x7b, 0xf1, 0x7b, 0xf1, 0x7b,
    0xf1, 0x73, 0xf0, 0x73, 0xd0, 0x73, 0xd0, 0x73, 0xd0, 0x73, 0xd0, 0x73,
    0xd0, 0x73, 0xd0, 0x73, 0xd0, 0x73, 0xb0, 0x73, 0xb0, 0x73, 0xb0, 0x73,
    0x7a, 0xce, 0x7a, 0xce, 0x7a, 0xce, 0x7a, 0xce, 0x7a, 0xce, 0x59, 0xce,
    0x59, 0xce, 0x59, 0xce, 0x59, 0xc6, 0x59, 0xc6, 0x59, 0xc6, 0x59, 0xc6,
    0x39, 0xc6, 0x39, 0xc6, 0x39, 0xc6, 0x39, 0xc6, 0x39, 0xc6, 0x39, 0xc6,
    0x19, 0xc6, 0x19, 0xc6, 0x18, 0xc6, 0x18, 0xbe, 0x18, 0xbe, 0x18, 0xbe,
    0x18, 0xbe, 0xf8, 0xbd, 0xf8, 0xbd, 0xf8, 0xbd, 0xf8, 0xbd, 0xf8, 0xbd,
    0xf8, 0xbd, 0xf8, 0xbd, 0xd8, 0xbd, 0xd8, 0xbd, 0xd7, 0xb5, 0xd7, 0xb5,
    0xd7, 0xb5, 0xd7, 0xb5, 0xb7, 0xb5, 0xb7, 0xb5, 0xb7, 0xb5, 0xb7, 0xb5,
    0xb7, 0xb5, 0xb7, 0xb5, 0xb7, 0xb5, 0x97, 0xb5, 0x97, 0xad, 0x97, 0xad,
    0x97, 0xad, 0x96, 0xad, 0x96, 0xad, 0x96, 0xad, 0x76, 0xad, 0x76, 0xad,
    0x76, 0xad, 0x76, 0xad, 0x76, 0xad, 0x76, 0xad, 0x56, 0xad, 0x56, 0xa5,
    0x56, 0xa5, 0x56, 0xa5, 0x56, 0xa5, 0x56, 0xa5, 0x55, 0xa5, 0x35, 0xa5,
    0x35, 0xa5, 0x35, 0xa5, 0x35, 0xa5, 0x35, 0xa5, 0x35, 0xa5, 0x35, 0xa5,
    0x15, 0x9d, 0x15, 0x9d, 0x15, 0x9d, 0x15, 0x9d, 0x15, 0x9d, 0x15, 0x9d,
    0xf4, 0x9c, 0xf4, 0x9c, 0xf4, 0x9c, 0xf4, 0x9c, 0xf4, 0x9c, 0xf4, 0x9c,
    0xf4, 0x94, 0xd4, 0x94, 0xd4, 0x94, 0xd4, 0x94, 0xd4, 0x94, 0xd4, 0x94,
    0xd4, 0x94, 0xd4, 0x94, 0xb4, 0x94, 0xb3, 0x94, 0xb3, 0x94, 0xb3, 0x94,
    0xb3, 0x94, 0xb3, 0x8c, 0x93, 0x8c, 0x93, 0x8c, 0x93, 0x8c, 0x93, 0x8c,
    0x93, 0x8c, 0x93, 0x8c, 0x93, 0x8c, 0x73, 0x8c, 0x73, 0x8c, 0x73, 0x8c,
    0x72, 0x8c, 0x72, 0x8c, 0x72, 0x84, 0x72, 0x84, 0x52, 0x84, 0x52, 0x84,
    0x52, 0x84, 0x52, 0x84, 0x52, 0x84, 0x52, 0x84, 0x32, 0x84, 0x32, 0x84,
    0x32, 0x84, 0x32, 0x84, 0x31, 0x84, 0x31, 0x7c, 0x31, 0x7c, 0x11, 0x7c,
    0x11, 0x7c, 0x11, 0x7c, 0x11, 0x7c, 0x11, 0x7c, 0x11, 0x7c, 0x11, 0x7c,
    0xf1, 0x7b, 0xf1, 0x7b, 0xf1, 0x7b, 0xf1, 0x7b, 0xf1, 0x73, 0xf0, 0x73,
    0xd0, 0x73, 0xd0, 0x73, 0xd0, 0x73, 0xd0, 0x73, 0xd0, 0x73, 0xd0, 0x73,
    0xd0, 0x73, 0xb0, 0x73, 0xb0, 0x73, 0xb0, 0x73, 0xb0, 0x6b, 0xb0, 0x6b,
    0x7a, 0xce, 0x7a, 0xce, 0x59, 0xce, 0x59, 0xce, 0x59, 0xc6, 0x59, 0xc6,
    0x59, 0xc6, 0x59, 0xc6, 0x39, 0xc6, 0x39, 0xc6, 0x39, 0xc6, 0x39, 0xc6,
    0x39, 0xc6, 0x39, 0xc6, 0x39, 0xc6, 0x19, 0xc6, 0x18, 0xc6, 0x18, 0xbe,
    0x18, 0xbe, 0x18, 0xbe, 0x18, 0xbe, 0x18, 0xbe, 0xf8, 0xbd, 0xf8, 0xbd,
    0xf8, 0xbd, 0xf8, 0xbd, 0xf8, 0xbd, 0xf8, 0xbd, 0xd8, 0xbd, 0xd8, 0xbd,
    0xd8, 0xb5, 0xd7, 0xb5, 0xd7, 0xb5, 0xd7, 0xb5, 0xd7, 0xb5, 0xb7, 0xb5,
    0xb7, 0xb5, 0xb7, 0xb5, 0xb7, 0xb5, 0xb7, 0xb5, 0xb7, 0xb5, 0xb7, 0xb5,
    0x97, 0xb5, 0x97, 0xad, 0x97, 0xad, 0x97, 0xad, 0x96, 0xad, 0x96, 0xad,
    0x76, 0xad, 0x76, 0xad, 0x76, 0xad, 0x76, 0xad, 0x76, 0xad, 0x76, 0xad,
    0x76, 0xad, 0x56, 0xad, 0x56, 0xa5, 0x56, 0xa5, 0x56, 0xa5, 0x56, 0xa5,
    0x55, 0xa5, 0x55, 0xa5, 0x35, 0xa5, 0x35, 0xa5, 0x35, 0xa5, 0x35, 0xa5,
    0x35, 0xa5, 0x35, 0xa5, 0x15, 0x9d, 0x15, 0x9d, 0x15, 0x9d, 0x15, 0x9d,
    0x15, 0x9d, 0x15, 0x9d, 0x15, 0x9d, 0xf4, 0x9c, 0xf4, 0x9c, 0xf4, 0x9c,
    0xf4, 0x9c, 0xf4, 0x9c, 0xf4, 0x9c, 0xf4, 0x94, 0xd4, 0x94, 0xd4, 0x94,
    0xd4, 0x94, 0xd4, 0x94, 0xd4, 0x94, 0xd4, 0x94, 0xb4, 0x94, 0xb4, 0x94,
    0xb3, 0x94, 0xb3, 0x94, 0xb3, 0x94, 0xb3, 0x94, 0xb3, 0x8c, 0x93, 0x8c,
    0x93, 0x8c, 0x93, 0x8c, 0x93, 0x8c, 0x93, 0x8c, 0x93, 0x8c, 0x93, 0x8c,
    0x73, 0x8c, 0x73, 0x8c, 0x72, 0x8c, 0x72, 0x8c, 0x72, 0x8c, 0x72, 0x84,
    0x52, 0x84, 0x52, 0x84, 0x52, 0x84, 0x52, 0x84, 0x52, 0x84, 0x52, 0x84,
    0x52, 0x84, 0x32, 0x84, 0x32, 0x84, 0x32, 0x84, 0x32, 0x84, 0x31, 0x84,
    0x31, 0x7c, 0x31, 0x7c, 0x11, 0x7c, 0x11, 0x7c, 0x11, 0x7c, 0x11, 0x7c,
    0x11, 0x7c, 0x11, 0x7c, 0xf1, 0x7b, 0xf1, 0x7b, 0xf1, 0x7b, 0xf1, 0x7b,
    0xf1, 0x73, 0xf1, 0x73, 0xf0, 0x73, 0xd0, 0x73, 0xd0, 0x73, 0xd0, 0x73,
    0xd0, 0x73, 0xd0, 0x73, 0xd0, 0x73, 0xd0, 0x73, 0xb0, 0x73, 0xb0, 0x73,
    0xb0, 0x73, 0xb0, 0x6b, 0xb0, 0x6b, 0xb0, 0x6b, 0x8f, 0x6b, 0x8f, 0x6b,
    0x59, 0xce, 0x59, 0xce, 0x59, 0xc6, 0x59, 0xc6, 0x59, 0xc6, 0x59, 0xc6,
    0x39, 0xc6, 0x39, 0xc6, 0x39, 0xc6, 0x39, 0xc6, 0x39, 0xc6, 0x39, 0xc6,
    0x39, 0xc6, 0x19, 0xc6, 0x18, 0xc6, 0x18, 0xc6, 0x18, 0xbe, 0x18, 0xbe,
    0x18, 0xbe, 0x18, 0xbe, 0xf8, 0xbd, 0xf8, 0xbd, 0xf8, 0xbd, 0xf8, 0xbd,
    0xf8, 0xbd, 0xf8, 0xbd, 0xd8, 0xbd, 0xd8, 0xbd, 0xd8, 0xb5, 0xd7, 0xb5,
    0xd7, 0xb5, 0xd7, 0xb5, 0xb7, 0xb5, 0xb7, 0xb5, 0xb7, 0xb5, 0xb7, 0xb5,
    0xb7, 0xb5, 0xb7, 0xb5, 0xb7, 0xb5, 0xb7, 0xb5, 0x97, 0xb5, 0x97, 0xad,
    0x97, 0xad, 0x97, 0xad, 0x96, 0xad, 0x96, 0xad, 0x76, 0xad, 0x76, 0xad,
    0x76, 0xad, 0x76, 0xad, 0x76, 0xad, 0x76, 0xad, 0x76, 0xad, 0x56, 0xad,
    0x56, 0xa5, 0x56, 0xa5, 0x56, 0xa5, 0x56, 0xa5, 0x55, 0xa5, 0x55, 0xa5,
    0x35, 0xa5, 0x35, 0xa5, 0x35, 0xa5, 0x35, 0xa5, 0x35, 0xa5, 0x35, 0xa5,
    0x15, 0x9d, 0x15, 0x9d, 0x15, 0x9d, 0x15, 0x9d, 0x15, 0x9d, 0x15, 0x9d,
    0xf5, 0x9c, 0xf4, 0x9c, 0xf4, 0x9c, 0xf4, 0x9c, 0xf4, 0x9c, 0xf4, 0x9c,
    0xf4, 0x9c, 0xf4, 0x94, 0xd4, 0x94, 0xd4, 0x94, 0xd4, 0x94, 0xd4, 0x94,
    0xd4, 0x94, 0xd4, 0x94, 0xb4, 0x94, 0xb4, 0x94, 0xb3, 0x94, 0xb3, 0x94,
    0xb3, 0x94, 0xb3, 0x94, 0xb3, 0x8c, 0x93, 0x8c, 0x93, 0x8c, 0x93, 0x8c,
    0x93, 0x8c, 0x93, 0x8c, 0x93, 0x8c, 0x93, 0x8c, 0x73, 0x8c, 0x73, 0x8c,
    0x72, 0x8c, 0x72, 0x8c, 0x72, 0x84, 0x72, 0x84, 0x52, 0x84, 0x52, 0x84,
    0x52, 0x84, 0x52, 0x84, 0x52, 0x84, 0x52, 0x84, 0x32, 0x84, 0x32, 0x84,
    0x32, 0x84, 0x32, 0x84, 0x32, 0x84, 0x31, 0x84, 0x31, 0x7c, 0x31, 0x7c,
    0x11, 0x7c, 0x11, 0x7c, 0x11, 0x7c, 0x11, 0x7c, 0x11, 0x7c, 0x11, 0x7c,
    0xf1, 0x7b, 0xf1, 0x7b, 0xf1, 0x7b, 0xf1, 0x7b, 0xf1, 0x73, 0xf1, 0x73,
    0xf0, 0x73, 0xd0, 0x73, 0xd0, 0x73, 0xd0, 0x73, 0xd0, 0x73, 0xd0, 0x73,
    0xd0, 0x73, 0xd0, 0x73, 0xb0, 0x73, 0xb0, 0x73, 0xb0, 0x73, 0xb0, 0x6b,
    0xb0, 0x6b, 0xb0, 0x6b, 0x8f, 0x6b, 0x8f, 0x6b, 0x8f, 0x6b, 0x8f, 0x6b,
    0x59, 0xc6, 0x59, 0xc6, 0x39, 0xc6, 0x39, 0xc6, 0x39, 0xc6, 0x39, 0xc6,
    0x39, 0xc6, 0x39, 0xc6, 0x39, 0xc6, 0x19, 0xc6, 0x18, 0xc6, 0x18, 0xc6,
    0x18, 0xbe, 0x18, 0xbe, 0x18, 0xbe, 0x18, 0xbe, 0xf8, 0xbd, 0xf8, 0xbd,
    0xf8, 0xbd, 0xf8, 0xbd, 0xf8, 0xbd, 0xf8, 0xbd, 0xd8, 0xbd, 0xd8, 0xbd,
    0xd8, 0xb5, 0xd7, 0xb5, 0xd7, 0xb5, 0xd7, 0xb5, 0xd7, 0xb5, 0xb7, 0xb5,
    0xb7, 0xb5, 0xb7, 0xb5, 0xb7, 0xb5, 0xb7, 0xb5, 0xb7, 0xb5, 0xb7, 0xb5,
    0x97, 0xb5, 0x97, 0xad, 0x97, 0xad, 0x97, 0xad, 0x96, 0xad, 0x96, 0xad,
    0x76, 0xad, 0x76, 0xad, 0x76, 0xad, 0x76, 0xad, 0x76, 0xad, 0x76, 0xad,
    0x76, 0xad, 0x56, 0xad, 0x56, 0xa5, 0x56, 0xa5, 0x56, 0xa5, 0x56, 0xa5,
    0x55, 0xa5, 0x55, 0xa5, 0x35, 0xa5, 0x35, 0xa5, 0x35, 0xa5, 0x35, 0xa5,
    0x35, 0xa5, 0x35, 0xa5, 0x15, 0x9d, 0x15, 0x9d, 0x15, 0x9d, 0x15, 0x9d,
    0x15, 0x9d, 0x15, 0x9d, 0x15, 0x9d, 0xf4, 0x9c, 0xf4, 0x9c, 0xf4, 0x9c,
    0xf4, 0x9c, 0xf4, 0x9c, 0xf4, 0x9c, 0xf4, 0x9c, 0xd4, 0x94, 0xd4, 0x94,
    0xd4, 0x94, 0xd4, 0x94, 0xd4, 0x94, 0xd4, 0x94, 0xb4, 0x94, 0xb4, 0x94,
    0xb3, 0x94, 0xb3, 0x94, 0xb3, 0x94, 0xb3, 0x94, 0xb3, 0x8c, 0x93, 0x8c,
    0x93, 0x8c, 0x93, 0x8c, 0x93, 0x8c, 0x93, 0x8c, 0x93, 0x8c, 0x93, 0x8c,
    0x73, 0x8c, 0x73, 0x8c, 0x72, 0x8c, 0x72, 0x8c, 0x72, 0x8c, 0x72, 0x84,
    0x52, 0x84, 0x52, 0x84, 0x52, 0x84, 0x52, 0x84, 0x52, 0x84, 0x52, 0x84,
    0x52, 0x84, 0x32, 0x84, 0x32, 0x84, 0x32, 0x84, 0x32, 0x84, 0x31, 0x84,
    0x31, 0x7c, 0x31, 0x7c, 0x11, 0x7c, 0x11, 0x7c, 0x11, 0x7c, 0x11, 0x7c,
    0x11, 0x7c, 0x11, 0x7c, 0xf1, 0x7b, 0xf1, 0x7b, 0xf1, 0x7b, 0xf1, 0x7b,
    0xf1, 0x73, 0xf1, 0x73, 0xf0, 0x73, 0xd0, 0x73, 0xd0, 0x73, 0xd0, 0x73,
    0xd0, 0x73, 0xd0, 0x73, 0xd0, 0x73, 0xd0, 0x73, 0xb0, 0x73, 0xb0, 0x73,
    0xb0, 0x73, 0xb0, 0x6b, 0xb0, 0x6b, 0xb0, 0x6b, 0x8f, 0x6b, 0x8f, 0x6b,
    0x8f, 0x6b, 0x8f, 0x6b, 0x8f, 0x6b, 0x8f, 0x6b, 0x8f, 0x6b, 0x6f, 0x6b,
    0x39, 0xc6, 0x39, 0xc6, 0x39, 0xc6, 0x39, 0xc6, 0x39, 0xc6, 0x39, 0xc6,
    0x39, 0xc6, 0x19, 0xc6, 0x18, 0xc6, 0x18, 0xc6, 0x18, 0xbe, 0x18, 0xbe,
    0x18, 0xbe, 0x18, 0xbe, 0xf8, 0xbd, 0xf8, 0xbd, 0xf8, 0xbd, 0xf8, 0xbd,
    0xf8, 0xbd, 0xf8, 0xbd, 0xd8, 0xbd, 0xd8, 0xbd, 0xd8, 0xb5, 0xd7, 0xb5,
    0xd7, 0xb5, 0xd7, 0xb5, 0xd7, 0xb5, 0xb7, 0xb5, 0xb7, 0xb5, 0xb7, 0xb5,
    0xb7, 0xb5, 0xb7, 0xb5, 0xb7, 0xb5, 0xb7, 0xb5, 0x97, 0xb5, 0x97, 0xad,
    0x97, 0xad, 0x97, 0xad, 0x96, 0xad, 0x96, 0xad, 0x76, 0xad, 0x76, 0xad,
    0x76, 0xad, 0x76, 0xad, 0x76, 0xad, 0x76, 0xad, 0x76, 0xad, 0x56, 0xad,
    0x56, 0xa5, 0x56, 0xa5, 0x56, 0xa5, 0x56, 0xa5, 0x55, 0xa5, 0x55, 0xa5,
    0x35, 0xa5, 0x35, 0xa5, 0x35, 0xa5, 0x35, 0xa5, 0x35, 0xa5, 0x35, 0xa5,
    0x15, 0x9d, 0x15, 0x9d, 0x15, 0x9d, 0x15, 0x9d, 0x15, 0x9d, 0x15, 0x9d,
    0x15, 0x9d, 0xf4, 0x9c, 0xf4, 0x9c, 0xf4, 0x9c, 0xf4, 0x9c, 0xf4, 0x9c,
    0xf4, 0x9c, 0xf4, 0x94, 0xd4, 0x94, 0xd4, 0x94, 0xd4, 0x94, 0xd4, 0x94,
    0xd4, 0x94, 0xd4, 0x94, 0xb4, 0x94, 0xb4, 0x94, 0xb3, 0x94, 0xb3, 0x94,
    0xb3, 0x94, 0xb3, 0x94, 0xb3, 0x8c, 0x93, 0x8c, 0x93, 0x8c, 0x93, 0x8c,
    0x93, 0x8c, 0x93, 0x8c, 0x93, 0x8c, 0x93, 0x8c, 0x73, 0x8c, 0x73, 0x8c,
    0x72, 0x8c, 0x72, 0x8c, 0x72, 0x8c, 0x72, 0x84, 0x52, 0x84, 0x52, 0x84,
    0x52, 0x84, 0x52, 0x84, 0x52, 0x84, 0x52, 0x84, 0x52, 0x84, 0x32, 0x84,
    0x32, 0x84, 0x32, 0x84, 0x32, 0x84, 0x31, 0x84, 0x31, 0x7c, 0x31, 0x7c,
    0x11, 0x7c, 0x11, 0x7c, 0x11, 0x7c, 0x11, 0x7c, 0x11, 0x7c, 0x11, 0x7c,
    0xf1, 0x7b, 0xf1, 0x7b, 0xf1, 0x7b, 0xf1, 0x7b, 0xf1, 0x73, 0xf1, 0x73,
    0xf0, 0x73, 0xd0, 0x73, 0xd0, 0x73, 0xd0, 0x73, 0xd0, 0x73, 0xd0, 0x73,
    0xd0, 0x73, 0xd0, 0x73, 0xb0, 0x73, 0xb0, 0x73, 0xb0, 0x73, 0xb0, 0x6b,
    0xb0, 0x6b, 0xb0, 0x6b, 0x8f, 0x6b, 0x8f, 0x6b, 0x8f, 0x6b, 0x8f, 0x6b,
    0x8f, 0x6b, 0x8f, 0x6b, 0x8f, 0x6b, 0x6f, 0x6b, 0x6f, 0x6b, 0x6f, 0x6b,
    0x39, 0xc6, 0x39, 0xc6, 0x39, 0xc6, 0x39, 0xc6, 0x19, 0xc6, 0x18, 0xc6,
    0x18, 0xbe, 0x18, 0xbe, 0x18, 0xbe, 0x18, 0xbe, 0xf8, 0xbd, 0xf8, 0xbd,
    0xf8, 0xbd, 0xf8, 0xbd, 0xf8, 0xbd, 0xf8, 0xbd, 0xd8, 0xbd, 0xd8, 0xbd,
    0xd8, 0xbd, 0xd8, 0xb5, 0xd7, 0xb5, 0xd7, 0xb5, 0xd7, 0xb5, 0xd7, 0xb5,
    0xb7, 0xb5, 0xb7, 0xb5, 0xb7, 0xb5, 0xb7, 0xb5, 0xb7, 0xb5, 0xb7, 0xb5,
    0x97, 0xb5, 0x97, 0xb5, 0x97, 0xad, 0x97, 0xad, 0x96, 0xad, 0x96, 0xad,
    0x76, 0xad, 0x76, 0xad, 0x76, 0xad, 0x76, 0xad, 0x76, 0xad, 0x76, 0xad,
    0x76, 0xad, 0x76, 0xad, 0x56, 0xa5, 0x56, 0xa5, 0x56, 0xa5, 0x56, 0xa5,
    0x56, 0xa5, 0x55, 0xa5, 0x35, 0xa5, 0x35, 0xa5, 0x35, 0xa5, 0x35, 0xa5,
    0x35, 0xa5, 0x35, 0xa5, 0x15, 0xa5, 0x15, 0x9d, 0x15, 0x9d, 0x15, 0x9d,
    0x15, 0x9d, 0x15, 0x9d, 0x15, 0x9d, 0x15, 0x9d, 0xf4, 0x9c, 0xf4, 0x9c,
    0xf4, 0x9c, 0xf4, 0x9c, 0xf4, 0x9c, 0xf4, 0x9c, 0xd4, 0x94, 0xd4, 0x94,
    0xd4, 0x94, 0xd4, 0x94, 0xd4, 0x94, 0xd4, 0x94, 0xb4, 0x94, 0xb4, 0x94,
    0xb3, 0x94, 0xb3, 0x94, 0xb3, 0x94, 0xb3, 0x94, 0xb3, 0x8c, 0xb3, 0x8c,
    0x93, 0x8c, 0x93, 0x8c, 0x93, 0x8c, 0x93, 0x8c, 0x93, 0x8c, 0x93, 0x8c,
    0x73, 0x8c, 0x73, 0x8c, 0x72, 0x8c, 0x72, 0x8c, 0x72, 0x8c, 0x72, 0x8c,
    0x52, 0x84, 0x52, 0x84, 0x52, 0x84, 0x52, 0x84, 0x52, 0x84, 0x52, 0x84,
    0x52, 0x84, 0x52, 0x84, 0x32, 0x84, 0x32, 0x84, 0x32, 0x84, 0x32, 0x84,
    0x31, 0x7c, 0x31, 0x7c, 0x11, 0x7c, 0x11, 0x7c, 0x11, 0x7c, 0x11, 0x7c,
    0x11, 0x7c, 0x11, 0x7c, 0xf1, 0x7b, 0xf1, 0x7b, 0xf1, 0x7b, 0xf1, 0x7b,
    0xf1, 0x7b, 0xf1, 0x73, 0xf0, 0x73, 0xf0, 0x73, 0xd0, 0x73, 0xd0, 0x73,
    0xd0, 0x73, 0xd0, 0x73, 0xd0, 0x73, 0xd0, 0x73, 0xb0, 0x73, 0xb0, 0x73,
    0xb0, 0x73, 0xb0, 0x73, 0xb0, 0x6b, 0xb0, 0x6b, 0x8f, 0x6b, 0x8f, 0x6b,
    0x8f, 0x6b, 0x8f, 0x6b, 0x8f, 0x6b, 0x8f, 0x6b, 0x8f, 0x6b, 0x8f, 0x6b,
    0x6f, 0x6b, 0x6f, 0x6b, 0x6f, 0x63, 0x6f, 0x63, 0x6f, 0x63, 0x6f, 0x63,
    0x39, 0xc6, 0x39, 0xc6, 0x19, 0xc6, 0x18, 0xc6, 0x18, 0xbe, 0x18, 0xbe,
    0x18, 0xbe, 0x18, 0xbe, 0xf8, 0xbd, 0xf8, 0xbd, 0xf8, 0xbd, 0xf8, 0xbd,
    0xf8, 0xbd, 0xf8, 0xbd, 0xf8, 0xbd, 0xd8, 0xbd, 0xd8, 0xb5, 0xd8, 0xb5,
    0xd7, 0xb5, 0xd7, 0xb5, 0xd7, 0xb5, 0xd7, 0xb5, 0xb7, 0xb5, 0xb7, 0xb5,
    0xb7, 0xb5, 0xb7, 0xb5, 0xb7, 0xb5, 0xb7, 0xb5, 0x97, 0xb5, 0x97, 0xb5,
    0x97, 0xad, 0x97, 0xad, 0x96, 0xad, 0x96, 0xad, 0x96, 0xad, 0x76, 0xad,
    0x76, 0xad, 0x76, 0xad, 0x76, 0xad, 0x76, 0xad, 0x76, 0xad, 0x76, 0xad,
    0x56, 0xa5, 0x56, 0xa5, 0x56, 0xa5, 0x56, 0xa5, 0x56, 0xa5, 0x55, 0xa5,
    0x35, 0xa5, 0x35, 0xa5, 0x35, 0xa5, 0x35, 0xa5, 0x35, 0xa5, 0x35, 0xa5,
    0x35, 0xa5, 0x15, 0x9d, 0x15, 0x9d, 0x15, 0x9d, 0x15, 0x9d, 0x15, 0x9d,
    0x15, 0x9d, 0x15, 0x9d, 0xf4, 0x9c, 0xf4, 0x9c, 0xf4, 0x9c, 0xf4, 0x9c,
    0xf4, 0x9c, 0xf4, 0x9c, 0xd4, 0x94, 0xd4, 0x94, 0xd4, 0x94, 0xd4, 0x94,
    0xd4, 0x94, 0xd4, 0x94, 0xd4, 0x94, 0xb4, 0x94, 0xb3, 0x94, 0xb3, 0x94,
    0xb3, 0x94, 0xb3, 0x94, 0xb3, 0x8c, 0xb3, 0x8c, 0x93, 0x8c, 0x93, 0x8c,
    0x93, 0x8c, 0x93, 0x8c, 0x93, 0x8c, 0x93, 0x8c, 0x73, 0x8c, 0x73, 0x8c,
    0x73, 0x8c, 0x72, 0x8c, 0x72, 0x8c, 0x72, 0x84, 0x72, 0x84, 0x52, 0x84,
    0x52, 0x84, 0x52, 0x84, 0x52, 0x84, 0x52, 0x84, 0x52, 0x84, 0x52, 0x84,
    0x32, 0x84, 0x32, 0x84, 0x32, 0x84, 0x32, 0x84, 0x31, 0x7c, 0x31, 0x7c,
    0x11, 0x7c, 0x11, 0x7c, 0x11, 0x7c, 0x11, 0x7c, 0x11, 0x7c, 0x11, 0x7c,
    0x11, 0x7c, 0xf1, 0x7b, 0xf1, 0x7b, 0xf1, 0x7b, 0xf1, 0x7b, 0xf1, 0x73,
    0xf0, 0x73, 0xf0, 0x73, 0xd0, 0x73, 0xd0, 0x73, 0xd0, 0x73, 0xd0, 0x73,
    0xd0, 0x73, 0xd0, 0x73, 0xb0, 0x73, 0xb0, 0x73, 0xb0, 0x73, 0xb0, 0x73,
    0xb0, 0x6b, 0xb0, 0x6b, 0xb0, 0x6b, 0x8f, 0x6b, 0x8f, 0x6b, 0x8f, 0x6b,
    0x8f, 0x6b, 0x8f, 0x6b, 0x8f, 0x6b, 0x8f, 0x6b, 0x6f, 0x6b, 0x6f, 0x6b,
    0x6f, 0x63, 0x6f, 0x63, 0x6f, 0x63, 0x6f, 0x63, 0x4f, 0x63, 0x4f, 0x63,
    0x18, 0xbe, 0x18, 0xbe, 0x18, 0xbe, 0x18, 0xbe, 0xf8, 0xbd, 0xf8, 0xbd,
    0xf8, 0xbd, 0xf8, 0xbd, 0xf8, 0xbd, 0xf8, 0xbd, 0xf8, 0xbd, 0xd8, 0xbd,
    0xd8, 0xb5, 0xd8, 0xb5, 0xd7, 0xb5, 0xd7, 0xb5, 0xd7, 0xb5, 0xd7, 0xb5,
    0xb7, 0xb5, 0xb7, 0xb5, 0xb7, 0xb5, 0xb7, 0xb5, 0xb7, 0xb5, 0xb7, 0xb5,
    0x97, 0xb5, 0x97, 0xb5, 0x97, 0xad, 0x97, 0xad, 0x96, 0xad, 0x96, 0xad,
    0x96, 0xad, 0x76, 0xad, 0x76, 0xad, 0x76, 0xad, 0x76, 0xad, 0x76, 0xad,
    0x76, 0xad, 0x76, 0xad, 0x56, 0xa5, 0x56, 0xa5, 0x56, 0xa5, 0x56, 0xa5,
    0x56, 0xa5, 0x55, 0xa5, 0x35, 0xa5, 0x35, 0xa5, 0x35, 0xa5, 0x35, 0xa5,
    0x35, 0xa5, 0x35, 0xa5, 0x35, 0xa5, 0x15, 0x9d, 0x15, 0x9d, 0x15, 0x9d,
    0x15, 0x9d, 0x15, 0x9d, 0x15, 0x9d, 0x15, 0x9d, 0xf4, 0x9c, 0xf4, 0x9c,
    0xf4, 0x9c, 0xf4, 0x9c, 0xf4, 0x9c, 0xf4, 0x9c, 0xd4, 0x94, 0xd4, 0x94,
    0xd4, 0x94, 0xd4, 0x94, 0xd4, 0x94, 0xd4, 0x94, 0xd4, 0x94, 0xb4, 0x94,
    0xb3, 0x94, 0xb3, 0x94, 0xb3, 0x94, 0xb3, 0x94, 0xb3, 0x8c, 0xb3, 0x8c,
    0x93, 0x8c, 0x93, 0x8c, 0x93, 0x8c, 0x93, 0x8c, 0x93, 0x8c, 0x93, 0x8c,
    0x73, 0x8c, 0x73, 0x8c, 0x73, 0x8c, 0x72, 0x8c, 0x72, 0x8c, 0x72, 0x84,
    0x72, 0x84, 0x52, 0x84, 0x52, 0x84, 0x52, 0x84, 0x52, 0x84, 0x52, 0x84,
    0x52, 0x84, 0x52, 0x84, 0x32, 0x84, 0x32, 0x84, 0x32, 0x84, 0x32, 0x84,
    0x31, 0x7c, 0x31, 0x7c, 0x11, 0x7c, 0x11, 0x7c, 0x11, 0x7c, 0x11, 0x7c,
    0x11, 0x7c, 0x11, 0x7c, 0x11, 0x7c, 0xf1, 0x7b, 0xf1, 0x7b, 0xf1, 0x7b,
    0xf1, 0x7b, 0xf1, 0x73, 0xf0, 0x73, 0xf0, 0x73, 0xd0, 0x73, 0xd0, 0x73,
    0xd0, 0x73, 0xd0, 0x73, 0xd0, 0x73, 0xd0, 0x73, 0xb0, 0x73, 0xb0, 0x73,
    0xb0, 0x73, 0xb0, 0x73, 0xb0, 0x6b, 0xb0, 0x6b, 0xaf, 0x6b, 0x8f, 0x6b,
    0x8f, 0x6b, 0x8f, 0x6b, 0x8f, 0x6b, 0x8f, 0x6b, 0x8f, 0x6b, 0x8f, 0x6b,
    0x6f, 0x6b, 0x6f, 0x6b, 0x6f, 0x63, 0x6f, 0x63, 0x6f, 0x63, 0x6f, 0x63,
    0x4f, 0x63, 0x4e, 0x63, 0x4e, 0x63, 0x4e, 0x63, 0x4e, 0x63, 0x4e, 0x63,
    0x18, 0xbe, 0x18, 0xbe, 0xf8, 0xbd, 0xf8, 0xbd, 0xf8, 0xbd, 0xf8, 0xbd,
    0xf8, 0xbd, 0xf8, 0xbd, 0xd8, 0xbd, 0xd8, 0xbd, 0xd8, 0xbd, 0xd8, 0xb5,
    0xd7, 0xb5, 0xd7, 0xb5, 0xd7, 0xb5, 0xd7, 0xb5, 0xb7, 0xb5, 0xb7, 0xb5,
    0xb7, 0xb5, 0xb7, 0xb5, 0xb7, 0xb5, 0xb7, 0xb5, 0x97, 0xb5, 0x97, 0xb5,
    0x97, 0xad, 0x97, 0xad, 0x96, 0xad, 0x96, 0xad, 0x76, 0xad, 0x76, 0xad,
    0x76, 0xad, 0x76, 0xad, 0x76, 0xad, 0x76, 0xad, 0x76, 0xad, 0x76, 0xad,
    0x56, 0xa5, 0x56, 0xa5, 0x56, 0xa5, 0x56, 0xa5, 0x56, 0xa5, 0x55, 0xa5,
    0x35, 0xa5, 0x35, 0xa5, 0x35, 0xa5, 0x35, 0xa5, 0x35, 0xa5, 0x35, 0xa5,
    0x15, 0xa5, 0x15, 0x9d, 0x15, 0x9d, 0x15, 0x9d, 0x15, 0x9d, 0x15, 0x9d,
    0x15, 0x9d, 0x15, 0x9d, 0xf4, 0x9c, 0xf4, 0x9c, 0xf4, 0x9c, 0xf4, 0x9c,
    0xf4, 0x9c, 0xf4, 0x9c, 0xd4, 0x94, 0xd4, 0x94, 0xd4, 0x94, 0xd4, 0x94,
    0xd4, 0x94, 0xd4, 0x94, 0xb4, 0x94, 0xb4, 0x94, 0xb3, 0x94, 0xb3, 0x94,
    0xb3, 0x94, 0xb3, 0x94, 0xb3, 0x8c, 0xb3, 0x8c, 0x93, 0x8c, 0x93, 0x8c,
    0x93, 0x8c, 0x93, 0x8c, 0x93, 0x8c, 0x93, 0x8c, 0x73, 0x8c, 0x73, 0x8c,
    0x73, 0x8c, 0x72, 0x8c, 0x72, 0x8c, 0x72, 0x8c, 0x52, 0x84, 0x52, 0x84,
    0x52, 0x84, 0x52, 0x84, 0x52, 0x84, 0x52, 0x84, 0x52, 0x84, 0x52, 0x84,
    0x32, 0x84, 0x32, 0x84, 0x32, 0x84, 0x32, 0x84, 0x31, 0x7c, 0x31, 0x7c,
    0x11, 0x7c, 0x11, 0x7c, 0x11, 0x7c, 0x11, 0x7c, 0x11, 0x7c, 0x11, 0x7c,
    0xf1, 0x7b, 0xf1, 0x7b, 0xf1, 0x7b, 0xf1, 0x7b, 0xf1, 0x7b, 0xf1, 0x73,
    0xf0, 0x73, 0xf0, 0x73, 0xd0, 0x73, 0xd0, 0x73, 0xd0, 0x73, 0xd0, 0x73,
    0xd0, 0x73, 0xd0, 0x73, 0xb0, 0x73, 0xb0, 0x73, 0xb0, 0x73, 0xb0, 0x73,
    0xb0, 0x6b, 0xb0, 0x6b, 0x8f, 0x6b, 0x8f, 0x6b, 0x8f, 0x6b, 0x8f, 0x6b,
    0x8f, 0x6b, 0x8f, 0x6b, 0x8f, 0x6b, 0x8f, 0x6b, 0x6f, 0x6b, 0x6f, 0x6b,
    0x6f, 0x63, 0x6f, 0x63, 0x6f, 0x63, 0x6f, 0x63, 0x4f, 0x63, 0x4f, 0x63,
    0x4e, 0x63, 0x4e, 0x63, 0x4e, 0x63, 0x4e, 0x63, 0x2e, 0x63, 0x2e, 0x63,
    0xf8, 0xbd, 0xf8, 0xbd, 0xf8, 0xbd, 0xf8, 0xbd, 0xf8, 0xbd, 0xd8, 0xbd,
    0xd8, 0xbd, 0xd8, 0xb5, 0xd7, 0xb5, 0xd7, 0xb5, 0xd7, 0xb5, 0xd7, 0xb5,
    0xb7, 0xb5, 0xb7, 0xb5, 0xb7, 0xb5, 0xb7, 0xb5, 0xb7, 0xb5, 0xb7, 0xb5,
    0x97, 0xb5, 0x97, 0xb5, 0x97, 0xad, 0x97, 0xad, 0x97, 0xad, 0x96, 0xad,
    0x96, 0xad, 0x76, 0xad, 0x76, 0xad, 0x76, 0xad, 0x76, 0xad, 0x76, 0xad,
    0x76, 0xad, 0x76, 0xad, 0x56, 0xa5, 0x56, 0xa5, 0x56, 0xa5, 0x56, 0xa5,
    0x56, 0xa5, 0x56, 0xa5, 0x35, 0xa5, 0x35, 0xa5, 0x35, 0xa5, 0x35, 0xa5,
    0x35, 0xa5, 0x35, 0xa5, 0x35, 0xa5, 0x15, 0xa5, 0x15, 0x9d, 0x15, 0x9d,
    0x15, 0x9d, 0x15, 0x9d, 0x15, 0x9d, 0x15, 0x9d, 0xf4, 0x9c, 0xf4, 0x9c,
    0xf4, 0x9c, 0xf4, 0x9c, 0xf4, 0x9c, 0xf4, 0x9c, 0xd4, 0x94, 0xd4, 0x94,
    0xd4, 0x94, 0xd4, 0x94, 0xd4, 0x94, 0xd4, 0x94, 0xd4, 0x94, 0xb4, 0x94,
    0xb3, 0x94, 0xb3, 0x94, 0xb3, 0x94, 0xb3, 0x94, 0xb3, 0x94, 0xb3, 0x8c,
    0x93, 0x8c, 0x93, 0x8c, 0x93, 0x8c, 0x93, 0x8c, 0x93, 0x8c, 0x93, 0x8c,
    0x73, 0x8c, 0x73, 0x8c, 0x73, 0x8c, 0x72, 0x8c, 0x72, 0x8c, 0x72, 0x8c,
    0x72, 0x84, 0x52, 0x84, 0x52, 0x84, 0x52, 0x84, 0x52, 0x84, 0x52, 0x84,
    0x52, 0x84, 0x52, 0x84, 0x32, 0x84, 0x32, 0x84, 0x32, 0x84, 0x32, 0x84,
    0x31, 0x7c, 0x31, 0x7c, 0x11, 0x7c, 0x11, 0x7c, 0x11, 0x7c, 0x11, 0x7c,
    0x11, 0x7c, 0x11, 0x7c, 0x11, 0x7c, 0xf1, 0x7b, 0xf1, 0x7b, 0xf1, 0x7b,
    0xf1, 0x7b, 0xf1, 0x7b, 0xf0, 0x73, 0xf0, 0x73, 0xd0, 0x73, 0xd0, 0x73,
    0xd0, 0x73, 0xd0, 0x73, 0xd0, 0x73, 0xd0, 0x73, 0xb0, 0x73, 0xb0, 0x73,
    0xb0, 0x73, 0xb0, 0x73, 0xb0, 0x6b, 0xb0, 0x6b, 0xb0, 0x6b, 0x8f, 0x6b,
    0x8f, 0x6b, 0x8f, 0x6b, 0x8f, 0x6b, 0x8f, 0x6b, 0x8f, 0x6b, 0x8f, 0x6b,
    0x6f, 0x6b, 0x6f, 0x6b, 0x6f, 0x6b, 0x6f, 0x63, 0x6f, 0x63, 0x6f, 0x63,
    0x4f, 0x63, 0x4f, 0x63, 0x4e, 0x63, 0x4e, 0x63, 0x4e, 0x63, 0x4e, 0x63,
    0x4e, 0x63, 0x2e, 0x63, 0x2e, 0x63, 0x2e, 0x63, 0x2e, 0x5b, 0x2e, 0x5b,
    0xf8, 0xbd, 0xf8, 0xbd, 0xf8, 0xbd, 0xd8, 0xbd, 0xd8, 0xbd, 0xd8, 0xb5,
    0xd7, 0xb5, 0xd7, 0xb5, 0xd7, 0xb5, 0xd7, 0xb5, 0xb7, 0xb5, 0xb7, 0xb5,
    0xb7, 0xb5, 0xb7, 0xb5, 0xb7, 0xb5, 0xb7, 0xb5, 0x97, 0xb5, 0x97, 0xb5,
    0x97, 0xad, 0x97, 0xad, 0x96, 0xad, 0x96, 0xad, 0x96, 0xad, 0x96, 0xad,
    0x76, 0xad, 0x76, 0xad, 0x76, 0xad, 0x76, 0xad, 0x76, 0xad, 0x76, 0xad,
    0x56, 0xad, 0x56, 0xa5, 0x56, 0xa5, 0x56, 0xa5, 0x56, 0xa5, 0x56, 0xa5,
    0x35, 0xa5, 0x35, 0xa5, 0x35, 0xa5, 0x35, 0xa5, 0x35, 0xa5, 0x35, 0xa5,
    0x35, 0xa5, 0x15, 0xa5, 0x15, 0x9d, 0x15, 0x9d, 0x15, 0x9d, 0x15, 0x9d,
    0x15, 0x9d, 0x15, 0x9d, 0xf4, 0x9c, 0xf4, 0x9c, 0xf4, 0x9c, 0xf4, 0x9c,
    0xf4, 0x9c, 0xf4, 0x9c, 0xd4, 0x94, 0xd4, 0x94, 0xd4, 0x94, 0xd4, 0x94,
    0xd4, 0x94, 0xd4, 0x94, 0xd4, 0x94, 0xd4, 0x94, 0xb3, 0x94, 0xb3, 0x94,
    0xb3, 0x94, 0xb3, 0x94, 0xb3, 0x94, 0xb3, 0x8c, 0x93, 0x8c, 0x93, 0x8c,
    0x93, 0x8c, 0x93, 0x8c, 0x93, 0x8c, 0x93, 0x8c, 0x73, 0x8c, 0x73, 0x8c,
    0x73, 0x8c, 0x73, 0x8c, 0x72, 0x8c, 0x72, 0x8c, 0x72, 0x84, 0x52, 0x84,
    0x52, 0x84, 0x52, 0x84, 0x52, 0x84, 0x52, 0x84, 0x52, 0x84, 0x52, 0x84,
    0x32, 0x84, 0x32, 0x84, 0x32, 0x84, 0x32, 0x84, 0x31, 0x7c, 0x31, 0x7c,
    0x11, 0x7c, 0x11, 0x7c, 0x11, 0x7c, 0x11, 0x7c, 0x11, 0x7c, 0x11, 0x7c,
    0x11, 0x7c, 0x11, 0x7c, 0xf1, 0x7b, 0xf1, 0x7b, 0xf1, 0x7b, 0xf1, 0x7b,
    0xf0, 0x73, 0xf0, 0x73, 0xd0, 0x73, 0xd0, 0x73, 0xd0, 0x73, 0xd0, 0x73,
    0xd0, 0x73, 0xd0, 0x73, 0xb0, 0x73, 0xb0, 0x73, 0xb0, 0x73, 0xb0, 0x73,
    0xb0, 0x6b, 0xb0, 0x6b, 0xb0, 0x6b, 0x8f, 0x6b, 0x8f, 0x6b, 0x8f, 0x6b,
    0x8f, 0x6b, 0x8f, 0x6b, 0x8f, 0x6b, 0x8f, 0x6b, 0x6f, 0x6b, 0x6f, 0x6b,
    0x6f, 0x6b, 0x6f, 0x63, 0x6f, 0x63, 0x6f, 0x63, 0x4f, 0x63, 0x4f, 0x63,
    0x4e, 0x63, 0x4e, 0x63, 0x4e, 0x63, 0x4e, 0x63, 0x4e, 0x63, 0x4e, 0x63,
    0x2e, 0x63, 0x2e, 0x63, 0x2e, 0x5b, 0x2e, 0x5b, 0x2e, 0x5b, 0x2e, 0x5b,
    0xd8, 0xbd, 0xd8, 0xb5, 0xd7, 0xb5, 0xd7, 0xb5, 0xd7, 0xb5, 0xd7, 0xb5,
    0xb7, 0xb5, 0xb7, 0xb5, 0xb7, 0xb5, 0xb7, 0xb5, 0xb7, 0xb5, 0xb7, 0xb5,
    0x97, 0xb5, 0x97, 0xb5, 0x97, 0xad, 0x97, 0xad, 0x97, 0xad, 0x96, 0xad,
    0x96, 0xad, 0x96, 0xad, 0x76, 0xad, 0x76, 0xad, 0x76, 0xad, 0x76, 0xad,
    0x76, 0xad, 0x76, 0xad, 0x56, 0xad, 0x56, 0xa5, 0x56, 0xa5, 0x56, 0xa5,
    0x56, 0xa5, 0x56, 0xa5, 0x35, 0xa5, 0x35, 0xa5, 0x35, 0xa5, 0x35, 0xa5,
    0x35, 0xa5, 0x35, 0xa5, 0x35, 0xa5, 0x35, 0xa5, 0x15, 0x9d, 0x15, 0x9d,
    0x15, 0x9d, 0x15, 0x9d, 0x15, 0x9d, 0x15, 0x9d, 0xf4, 0x9c, 0xf4, 0x9c,
    0xf4, 0x9c, 0xf4, 0x9c, 0xf4, 0x9c, 0xf4, 0x9c, 0xd4, 0x94, 0xd4, 0x94,
    0xd4, 0x94, 0xd4, 0x94, 0xd4, 0x94, 0xd4, 0x94, 0xd4, 0x94, 0xd4, 0x94,
    0xb3, 0x94, 0xb3, 0x94, 0xb3, 0x94, 0xb3, 0x94, 0xb3, 0x94, 0xb3, 0x8c,
    0x93, 0x8c, 0x93, 0x8c, 0x93, 0x8c, 0x93, 0x8c, 0x93, 0x8c, 0x93, 0x8c,
    0x73, 0x8c, 0x73, 0x8c, 0x73, 0x8c, 0x73, 0x8c, 0x72, 0x8c, 0x72, 0x8c,
    0x72, 0x84, 0x72, 0x84, 0x52, 0x84, 0x52, 0x84, 0x52, 0x84, 0x52, 0x84,
    0x52, 0x84, 0x52, 0x84, 0x32, 0x84, 0x32, 0x84, 0x32, 0x84, 0x32, 0x84,
    0x31, 0x84, 0x31, 0x7c, 0x11, 0x7c, 0x11, 0x7c, 0x11, 0x7c, 0x11, 0x7c,
    0x11, 0x7c, 0x11, 0x7c, 0x11, 0x7c, 0x11, 0x7c, 0xf1, 0x7b, 0xf1, 0x7b,
    0xf1, 0x7b, 0xf1, 0x7b, 0xf0, 0x73, 0xf0, 0x73, 0xd0, 0x73, 0xd0, 0x73,
    0xd0, 0x73, 0xd0, 0x73, 0xd0, 0x73, 0xd0, 0x73, 0xb0, 0x73, 0xb0, 0x73,
    0xb0, 0x73, 0xb0, 0x73, 0xb0, 0x6b, 0xb0, 0x6b, 0xb0, 0x6b, 0xb0, 0x6b,
    0x8f, 0x6b, 0x8f, 0x6b, 0x8f, 0x6b, 0x8f, 0x6b, 0x8f, 0x6b, 0x8f, 0x6b,
    0x6f, 0x6b, 0x6f, 0x6b, 0x6f, 0x6b, 0x6f, 0x63, 0x6f, 0x63, 0x6f, 0x63,
    0x4f, 0x63, 0x4f, 0x63, 0x4e, 0x63, 0x4e, 0x63, 0x4e, 0x63, 0x4e, 0x63,
    0x4e, 0x63, 0x4e, 0x63, 0x2e, 0x63, 0x2e, 0x63, 0x2e, 0x5b, 0x2e, 0x5b,
    0x2e, 0x5b, 0x2e, 0x5b, 0x0e, 0x5b, 0x0e, 0x5b, 0x0d, 0x5b, 0x0d, 0x5b,
    0xd7, 0xb5, 0xd7, 0xb5, 0xd7, 0xb5, 0xd7, 0xb5, 0xb7, 0xb5, 0xb7, 0xb5,
    0xb7, 0xb5, 0xb7, 0xb5, 0xb7, 0xb5, 0xb7, 0xb5, 0xb7, 0xb5, 0x97, 0xb5,
    0x97, 0xad, 0x97, 0xad, 0x97, 0xad, 0x96, 0xad, 0x96, 0xad, 0x96, 0xad,
    0x76, 0xad, 0x76, 0xad, 0x76, 0xad, 0x76, 0xad, 0x76, 0xad, 0x76, 0xad,
    0x56, 0xad, 0x56, 0xa5, 0x56, 0xa5, 0x56, 0xa5, 0x56, 0xa5, 0x56, 0xa5,
    0x55, 0xa5, 0x35, 0xa5, 0x35, 0xa5, 0x35, 0xa5, 0x35, 0xa5, 0x35, 0xa5,
    0x35, 0xa5, 0x35, 0xa5, 0x15, 0x9d, 0x15, 0x9d, 0x15, 0x9d, 0x15, 0x9d,
    0x15, 0x9d, 0x15, 0x9d, 0xf4, 0x9c, 0xf4, 0x9c, 0xf4, 0x9c, 0xf4, 0x9c,
    0xf4, 0x9c, 0xf4, 0x9c, 0xf4, 0x94, 0xd4, 0x94, 0xd4, 0x94, 0xd4, 0x94,
    0xd4, 0x94, 0xd4, 0x94, 0xd4, 0x94, 0xd4, 0x94, 0xb4, 0x94, 0xb3, 0x94,
    0xb3, 0x94, 0xb3, 0x94, 0xb3, 0x94, 0xb3, 0x8c, 0x93, 0x8c, 0x93, 0x8c,
    0x93, 0x8c, 0x93, 0x8c, 0x93, 0x8c, 0x93, 0x8c, 0x93, 0x8c, 0x73, 0x8c,
    0x73, 0x8c, 0x73, 0x8c, 0x72, 0x8c, 0x72, 0x8c, 0x72, 0x84, 0x72, 0x84,
    0x52, 0x84, 0x52, 0x84, 0x52, 0x84, 0x52, 0x84, 0x52, 0x84, 0x52, 0x84,
    0x32, 0x84, 0x32, 0x84, 0x32, 0x84, 0x32, 0x84, 0x31, 0x7c, 0x31, 0x7c,
    0x31, 0x7c, 0x11, 0x7c, 0x11, 0x7c, 0x11, 0x7c, 0x11, 0x7c, 0x11, 0x7c,
    0x11, 0x7c, 0x11, 0x7c, 0xf1, 0x7b, 0xf1, 0x7b, 0xf1, 0x7b, 0xf1, 0x7b,
    0xf1, 0x73, 0xf0, 0x73, 0xd0, 0x73, 0xd0, 0x73, 0xd0, 0x73, 0xd0, 0x73,
    0xd0, 0x73, 0xd0, 0x73, 0xd0, 0x73, 0xb0, 0x73, 0xb0, 0x73, 0xb0, 0x73,
    0xb0, 0x6b, 0xb0, 0x6b, 0xb0, 0x6b, 0xaf, 0x6b, 0x8f, 0x6b, 0x8f, 0x6b,
    0x8f, 0x6b, 0x8f, 0x6b, 0x8f, 0x6b, 0x8f, 0x6b, 0x6f, 0x6b, 0x6f, 0x6b,
    0x6f, 0x6b, 0x6f, 0x63, 0x6f, 0x63, 0x6f, 0x63, 0x6f, 0x63, 0x4f, 0x63,
    0x4e, 0x63, 0x4e, 0x63, 0x4e, 0x63, 0x4e, 0x63, 0x4e, 0x63, 0x4e, 0x63,
    0x2e, 0x63, 0x2e, 0x63, 0x2e, 0x5b, 0x2e, 0x5b, 0x2e, 0x5b, 0x2e, 0x5b,
    0x0e, 0x5b, 0x0e, 0x5b, 0x0d, 0x5b, 0x0d, 0x5b, 0x0d, 0x5b, 0x0d, 0x5b,
    0xb7, 0xb5, 0xb7, 0xb5, 0xb7, 0xb5, 0xb7, 0xb5, 0xb7, 0xb5, 0xb7, 0xb5,
    0xb7, 0xb5, 0x97, 0xb5, 0x97, 0xad, 0x97, 0xad, 0x97, 0xad, 0x97, 0xad,
    0x96, 0xad, 0x96, 0xad, 0x76, 0xad, 0x76, 0xad, 0x76, 0xad, 0x76, 0xad,
    0x76, 0xad, 0x76, 0xad, 0x56, 0xad, 0x56, 0xad, 0x56, 0xa5, 0x56, 0xa5,
    0x56, 0xa5, 0x56, 0xa5, 0x55, 0xa5, 0x35, 0xa5, 0x35, 0xa5, 0x35, 0xa5,
    0x35, 0xa5, 0x35, 0xa5, 0x35, 0xa5, 0x35, 0xa5, 0x15, 0x9d, 0x15, 0x9d,
    0x15, 0x9d, 0x15, 0x9d, 0x15, 0x9d, 0x15, 0x9d, 0xf4, 0x9c, 0xf4, 0x9c,
    0xf4, 0x9c, 0xf4, 0x9c, 0xf4, 0x9c, 0xf4, 0x9c, 0xf4, 0x9c, 0xd4, 0x94,
    0xd4, 0x94, 0xd4, 0x94, 0xd4, 0x94, 0xd4, 0x94, 0xd4, 0x94, 0xd4, 0x94,
    0xb4, 0x94, 0xb4, 0x94, 0xb3, 0x94, 0xb3, 0x94, 0xb3, 0x94, 0xb3, 0x94,
    0x93, 0x8c, 0x93, 0x8c, 0x93, 0x8c, 0x93, 0x8c, 0x93, 0x8c, 0x93, 0x8c,
    0x93, 0x8c, 0x73, 0x8c, 0x73, 0x8c, 0x73, 0x8c, 0x72, 0x8c, 0x72, 0x8c,
    0x72, 0x84, 0x72, 0x84, 0x52, 0x84, 0x52, 0x84, 0x52, 0x84, 0x52, 0x84,
    0x52, 0x84, 0x52, 0x84, 0x32, 0x84, 0x32, 0x84, 0x32, 0x84, 0x32, 0x84,
    0x31, 0x84, 0x31, 0x7c, 0x31, 0x7c, 0x11, 0x7c, 0x11, 0x7c, 0x11, 0x7c,
    0x11, 0x7c, 0x11, 0x7c, 0x11, 0x7c, 0x11, 0x7c, 0xf1, 0x7b, 0xf1, 0x7b,
    0xf1, 0x7b, 0xf1, 0x7b, 0xf1, 0x73, 0xf0, 0x73, 0xd0, 0x73, 0xd0, 0x73,
    0xd0, 0x73, 0xd0, 0x73, 0xd0, 0x73, 0xd0, 0x73, 0xd0, 0x73, 0xb0, 0x73,
    0xb0, 0x73, 0xb0, 0x73, 0xb0, 0x73, 0xb0, 0x6b, 0xb0, 0x6b, 0xb0, 0x6b,
    0x8f, 0x6b, 0x8f, 0x6b, 0x8f, 0x6b, 0x8f, 0x6b, 0x8f, 0x6b, 0x8f, 0x6b,
    0x6f, 0x6b, 0x6f, 0x6b, 0x6f, 0x6b, 0x6f, 0x6b, 0x6f, 0x63, 0x6f, 0x63,
    0x6f, 0x63, 0x4f, 0x63, 0x4e, 0x63, 0x4e, 0x63, 0x4e, 0x63, 0x4e, 0x63,
    0x4e, 0x63, 0x4e, 0x63, 0x2e, 0x63, 0x2e, 0x63, 0x2e, 0x5b, 0x2e, 0x5b,
    0x2e, 0x5b, 0x2e, 0x5b, 0x0e, 0x5b, 0x0e, 0x5b, 0x0e, 0x5b, 0x0d, 0x5b,
    0x0d, 0x5b, 0x0d, 0x5b, 0x0d, 0x5b, 0xed, 0x5a, 0xed, 0x5a, 0xed, 0x52,
    0xb7, 0xb5, 0xb7, 0xb5, 0xb7, 0xb5, 0xb7, 0xb5, 0xb7, 0xb5, 0x97, 0xb5,
    0x97, 0xad, 0x97, 0xad, 0x97, 0xad, 0x97, 0xad, 0x96, 0xad, 0x96, 0xad,
    0x76, 0xad, 0x76, 0xad, 0x76, 0xad, 0x76, 0xad, 0x76, 0xad, 0x76, 0xad,
    0x56, 0xad, 0x56, 0xad, 0x56, 0xa5, 0x56, 0xa5, 0x56, 0xa5, 0x56, 0xa5,
    0x55, 0xa5, 0x35, 0xa5, 0x35, 0xa5, 0x35, 0xa5, 0x35, 0xa5, 0x35, 0xa5,
    0x35, 0xa5, 0x35, 0xa5, 0x15, 0x9d, 0x15, 0x9d, 0x15, 0x9d, 0x15, 0x9d,
    0x15, 0x9d, 0x15, 0x9d, 0xf4, 0x9c, 0xf4, 0x9c, 0xf4, 0x9c, 0xf4, 0x9c,
    0xf4, 0x9c, 0xf4, 0x9c, 0xf4, 0x9c, 0xd4, 0x94, 0xd4, 0x94, 0xd4, 0x94,
    0xd4, 0x94, 0xd4, 0x94, 0xd4, 0x94, 0xd4, 0x94, 0xb4, 0x94, 0xb3, 0x94,
    0xb3, 0x94, 0xb3, 0x94, 0xb3, 0x94, 0xb3, 0x94, 0x93, 0x8c, 0x93, 0x8c,
    0x93, 0x8c, 0x93, 0x8c, 0x93, 0x8c, 0x93, 0x8c, 0x93, 0x8c, 0x73, 0x8c,
    0x73, 0x8c, 0x73, 0x8c, 0x72, 0x8c, 0x72, 0x8c, 0x72, 0x84, 0x52, 0x84,
    0x52, 0x84, 0x52, 0x84, 0x52, 0x84, 0x52, 0x84, 0x52, 0x84, 0x32, 0x84,
    0x32, 0x84, 0x32, 0x84, 0x32, 0x84, 0x32, 0x84, 0x31, 0x84, 0x31, 0x7c,
    0x31, 0x7c, 0x11, 0x7c, 0x11, 0x7c, 0x11, 0x7c, 0x11, 0x7c, 0x11, 0x7c,
    0x11, 0x7c, 0x11, 0x7c, 0xf1, 0x7b, 0xf1, 0x7b, 0xf1, 0x7b, 0xf1, 0x7b,
    0xf1, 0x73, 0xf0, 0x73, 0xd0, 0x73, 0xd0, 0x73, 0xd0, 0x73, 0xd0, 0x73,
    0xd0, 0x73, 0xd0, 0x73, 0xd0, 0x73, 0xb0, 0x73, 0xb0, 0x73, 0xb0, 0x73,
    0xb0, 0x6b, 0xb0, 0x6b, 0xb0, 0x6b, 0xb0, 0x6b, 0x8f, 0x6b, 0x8f, 0x6b,
    0x8f, 0x6b, 0x8f, 0x6b, 0x8f, 0x6b, 0x8f, 0x6b, 0x6f, 0x6b, 0x6f, 0x6b,
    0x6f, 0x6b, 0x6f, 0x6b, 0x6f, 0x63, 0x6f, 0x63, 0x6f, 0x63, 0x4f, 0x63,
    0x4e, 0x63, 0x4e, 0x63, 0x4e, 0x63, 0x4e, 0x63, 0x4e, 0x63, 0x4e, 0x63,
    0x2e, 0x63, 0x2e, 0x63, 0x2e, 0x5b, 0x2e, 0x5b, 0x2e, 0x5b, 0x2e, 0x5b,
    0x0e, 0x5b, 0x0e, 0x5b, 0x0e, 0x5b, 0x0d, 0x5b, 0x0d, 0x5b, 0x0d, 0x5b,
    0x0d, 0x5b, 0xed, 0x5a, 0xed, 0x5a, 0xed, 0x52, 0xed, 0x52, 0xed, 0x52,
    0x39, 0xc6, 0x97, 0xb5, 0x97, 0xad, 0x97, 0xad, 0x97, 0xad, 0x97, 0xad,
    0x18, 0xbe, 0x9a, 0xd6, 0x18, 0xbe, 0x76, 0xad, 0x76, 0xad, 0x76, 0xad,
    0x76, 0xad, 0x76, 0xad, 0xf8, 0xbd, 0x7a, 0xce, 0xf8, 0xbd, 0x56, 0xa5,
    0x56, 0xa5, 0x56, 0xa5, 0x55, 0xa5, 0x35, 0xa5, 0xd7, 0xbd, 0x7a, 0xce,
    0xd7, 0xb5, 0x35, 0xa5, 0x35, 0xa5, 0x35, 0xa5, 0x15, 0x9d, 0x15, 0x9d,
    0xb7, 0xb5, 0x59, 0xce, 0xb7, 0xb5, 0x15, 0x9d, 0xf4, 0x9c, 0xf4, 0x9c,
    0xf4, 0x9c, 0xf4, 0x9c, 0x97, 0xb5, 0x59, 0xc6, 0x97, 0xad, 0xd4, 0x94,
    0xd4, 0x94, 0xd4, 0x94, 0xd4, 0x94, 0xd4, 0x94, 0x76, 0xad, 0x39, 0xc6,
    0x76, 0xad, 0xb3, 0x94, 0xb3, 0x94, 0xb3, 0x94, 0xb3, 0x94, 0xb3, 0x94,
    0x56, 0xad, 0x19, 0xc6, 0x56, 0xad, 0x93, 0x8c, 0x93, 0x8c, 0x93, 0x8c,
    0x93, 0x8c, 0x73, 0x8c, 0x55, 0xa5, 0x18, 0xc6, 0x35, 0xa5, 0x72, 0x8c,
    0x72, 0x84, 0x72, 0x84, 0x52, 0x84, 0x52, 0x84, 0x15, 0xa5, 0xf8, 0xbd,
    0x15, 0xa5, 0x32, 0x84, 0x32, 0x84, 0x31, 0x84, 0x31, 0x84, 0x31, 0x84,
    0x14, 0x9d, 0xf8, 0xbd, 0xf4, 0x9c, 0x11, 0x7c, 0x11, 0x7c, 0x11, 0x7c,
    0x11, 0x7c, 0x11, 0x7c, 0xf4, 0x9c, 0xd7, 0xbd, 0xf4, 0x9c, 0xf1, 0x7b,
    0xf1, 0x7b, 0xf1, 0x7b, 0xf1, 0x73, 0xf0, 0x73, 0xd4, 0x94, 0xb7, 0xb5,
    0xd4, 0x94, 0xd0, 0x73, 0xd0, 0x73, 0xd0, 0x73, 0xd0, 0x73, 0xb0, 0x73,
    0xb3, 0x94, 0xb7, 0xb5, 0xb3, 0x94, 0xb0, 0x6b, 0xb0, 0x6b, 0xb0, 0x6b,
    0x8f, 0x6b, 0x8f, 0x6b, 0x93, 0x8c, 0x97, 0xb5, 0x93, 0x8c, 0x8f, 0x6b,
    0x6f, 0x6b, 0x6f, 0x6b, 0x6f, 0x6b, 0x6f, 0x6b, 0x73, 0x8c, 0x96, 0xad,
    0x72, 0x8c, 0x4f, 0x63, 0x4e, 0x63, 0x4e, 0x63, 0x4e, 0x63, 0x4e, 0x63,
    0x52, 0x84, 0x76, 0xad, 0x52, 0x84, 0x2e, 0x63, 0x2e, 0x5b, 0x2e, 0x5b,
    0x2e, 0x5b, 0x2e, 0x5b, 0x32, 0x84, 0x56, 0xad, 0x32, 0x84, 0x0d, 0x5b,
    0x0d, 0x5b, 0x0d, 0x5b, 0x0d, 0x5b, 0xed, 0x5a, 0x31, 0x7c, 0x56, 0xa5,
    0x11, 0x7c, 0xed, 0x52, 0xed, 0x52, 0xed, 0x52, 0xcd, 0x52, 0xcd, 0x52,
    0x97, 0xad, 0x97, 0xad, 0x97, 0xad, 0x97, 0xad, 0x96, 0xad, 0x9a, 0xd6,
    0xbe, 0xf7, 0x9a, 0xd6, 0x76, 0xad, 0x76, 0xad, 0x76, 0xad, 0x76, 0xad,
    0x56, 0xad, 0x7a, 0xce, 0xbe, 0xf7, 0x7a, 0xce, 0x56, 0xa5, 0x56, 0xa5,
    0x55, 0xa5, 0x35, 0xa5, 0x35, 0xa5, 0x7a, 0xce, 0xbe, 0xf7, 0x7a, 0xce,
    0x35, 0xa5, 0x35, 0xa5, 0x15, 0x9d, 0x15, 0x9d, 0x15, 0x9d, 0x59, 0xce,
    0xbe, 0xf7, 0x59, 0xce, 0xf4, 0x9c, 0xf4, 0x9c, 0xf4, 0x9c, 0xf4, 0x9c,
    0xf4, 0x9c, 0x59, 0xc6, 0xbe, 0xf7, 0x39, 0xc6, 0xd4, 0x94, 0xd4, 0x94,
    0xd4, 0x94, 0xd4, 0x94, 0xd4, 0x94, 0x39, 0xc6, 0xbe, 0xf7, 0x39, 0xc6,
    0xb3, 0x94, 0xb3, 0x94, 0xb3, 0x94, 0xb3, 0x94, 0x93, 0x8c, 0x19, 0xc6,
    0xbe, 0xf7, 0x18, 0xc6, 0x93, 0x8c, 0x93, 0x8c, 0x93, 0x8c, 0x73, 0x8c,
    0x73, 0x8c, 0x18, 0xbe, 0xbe, 0xf7, 0x18, 0xbe, 0x72, 0x84, 0x72, 0x84,
    0x52, 0x84, 0x52, 0x84, 0x52, 0x84, 0xf8, 0xbd, 0x9e, 0xf7, 0xd7, 0xbd,
    0x31, 0x84, 0x11, 0x84, 0x11, 0x84, 0x11, 0x84, 0x11, 0x84, 0xd7, 0xbd,
    0x7d, 0xf7, 0xd7, 0xbd, 0x11, 0x7c, 0x11, 0x7c, 0x11, 0x7c, 0x11, 0x7c,
    0x11, 0x7c, 0xd7, 0xbd, 0xbe, 0xf7, 0xd7, 0xb5, 0xf1, 0x7b, 0xf1, 0x7b,
    0xf1, 0x73, 0xf0, 0x73, 0xd0, 0x73, 0xb7, 0xb5, 0xbe, 0xf7, 0xb7, 0xb5,
    0xd0, 0x73, 0xd0, 0x73, 0xd0, 0x73, 0xb0, 0x73, 0xb0, 0x73, 0xb7, 0xb5,
    0xbe, 0xf7, 0xb7, 0xb5, 0xb0, 0x6b, 0xb0, 0x6b, 0x8f, 0x6b, 0x8f, 0x6b,
    0x8f, 0x6b, 0x97, 0xb5, 0xbe, 0xf7, 0x97, 0xb5, 0x6f, 0x6b, 0x6f, 0x6b,
    0x6f, 0x6b, 0x6f, 0x6b, 0x6f, 0x63, 0x96, 0xad, 0xbe, 0xf7, 0x76, 0xad,
    0x4e, 0x63, 0x4e, 0x63, 0x4e, 0x63, 0x4e, 0x63, 0x4e, 0x63, 0x76, 0xad,
    0xbe, 0xf7, 0x76, 0xad, 0x2e, 0x5b, 0x2e, 0x5b, 0x2e, 0x5b, 0x2e, 0x5b,
    0x0e, 0x5b, 0x56, 0xad, 0xbe, 0xf7, 0x56, 0xad, 0x0d, 0x5b, 0x0d, 0x5b,
    0x0d, 0x5b, 0xed, 0x5a, 0xed, 0x5a, 0x56, 0xa5, 0xbe, 0xf7, 0x55, 0xa5,
    0xed, 0x52, 0xed, 0x52, 0xcd, 0x52, 0xcd, 0x52, 0xcd, 0x52, 0x35, 0xa5,
    0x96, 0xad, 0x96, 0xad, 0x76, 0xad, 0x76, 0xad, 0x9a, 0xd6, 0xbe, 0xf7,
    0x9a, 0xd6, 0x76, 0xad, 0x76, 0xad, 0x56, 0xad, 0x56, 0xa5, 0x56, 0xa5,
    0x7a, 0xce, 0xbe, 0xf7, 0x7a, 0xce, 0x55, 0xa5, 0x35, 0xa5, 0x35, 0xa5,
    0x35, 0xa5, 0x35, 0xa5, 0x7a, 0xce, 0xbe, 0xf7, 0x59, 0xce, 0x15, 0x9d,
    0x15, 0x9d, 0x15, 0x9d, 0x15, 0x9d, 0x15, 0x9d, 0x59, 0xce, 0xbe, 0xf7,
    0x59, 0xce, 0xf4, 0x9c, 0xf4, 0x9c, 0xf4, 0x9c, 0xf4, 0x9c, 0xf4, 0x9c,
    0x39, 0xc6, 0xbe, 0xf7, 0x39, 0xc6, 0xd4, 0x94, 0xd4, 0x94, 0xd4, 0x94,
    0xb4, 0x94, 0xb4, 0x94, 0x39, 0xc6, 0xbe, 0xf7, 0x39, 0xc6, 0xb3, 0x94,
    0xb3, 0x8c, 0x93, 0x8c, 0x93, 0x8c, 0x93, 0x8c, 0x18, 0xc6, 0xbe, 0xf7,
    0x18, 0xc6, 0x93, 0x8c, 0x73, 0x8c, 0x73, 0x8c, 0x72, 0x8c, 0x72, 0x8c,
    0x18, 0xbe, 0xbe, 0xf7, 0xf8, 0xbd, 0x52, 0x84, 0x52, 0x84, 0x52, 0x84,
    0x52, 0x84, 0x52, 0x84, 0xf8, 0xbd, 0x7d, 0xf7, 0xb7, 0xbd, 0x11, 0x84,
    0xf1, 0x83, 0xf0, 0x83, 0xd0, 0x83, 0xd0, 0x83, 0x76, 0xbd, 0x3c, 0xf7,
    0x97, 0xbd, 0xf1, 0x7b, 0xf1, 0x7b, 0xf1, 0x7b, 0xf1, 0x7b, 0xf1, 0x7b,
    0xd7, 0xb5, 0xbe, 0xf7, 0xd7, 0xb5, 0xf1, 0x73, 0xf0, 0x73, 0xd0, 0x73,
    0xd0, 0x73, 0xd0, 0x73, 0xb7, 0xb5, 0xbe, 0xf7, 0xb7, 0xb5, 0xd0, 0x73,
    0xb0, 0x73, 0xb0, 0x73, 0xb0, 0x73, 0xb0, 0x6b, 0xb7, 0xb5, 0xbe, 0xf7,
    0x97, 0xb5, 0x8f, 0x6b, 0x8f, 0x6b, 0x8f, 0x6b, 0x8f, 0x6b, 0x8f, 0x6b,
    0x97, 0xb5, 0xbe, 0xf7, 0x96, 0xad, 0x6f, 0x6b, 0x6f, 0x63, 0x6f, 0x63,
    0x6f, 0x63, 0x6f, 0x63, 0x76, 0xad, 0xbe, 0xf7, 0x76, 0xad, 0x4e, 0x63,
    0x4e, 0x63, 0x4e, 0x63, 0x2e, 0x63, 0x2e, 0x63, 0x76, 0xad, 0xbe, 0xf7,
    0x76, 0xad, 0x2e, 0x5b, 0x2e, 0x5b, 0x0e, 0x5b, 0x0e, 0x5b, 0x0e, 0x5b,
    0x56, 0xad, 0xbe, 0xf7, 0x56, 0xa5, 0x0d, 0x5b, 0xed, 0x5a, 0xed, 0x5a,
    0xed, 0x52, 0xed, 0x52, 0x55, 0xa5, 0xbe, 0xf7, 0x35, 0xa5, 0xcd, 0x52,
    0xcd, 0x52, 0xcd, 0x52, 0xcc, 0x52, 0xcc, 0x52, 0x35, 0xa5, 0xbe, 0xf7,
    0x76, 0xad, 0x76, 0xad, 0x76, 0xad, 0x9a, 0xd6, 0xbe, 0xf7, 0x9a, 0xce,
    0x76, 0xad, 0x56, 0xad, 0x56, 0xa5, 0x56, 0xa5, 0x56, 0xa5, 0x7a, 0xce,
    0xbe, 0xf7, 0x7a, 0xce, 0x35, 0xa5, 0x35, 0xa5, 0x35, 0xa5, 0x35, 0xa5,
    0x35, 0xa5, 0x7a, 0xce, 0xbe, 0xf7, 0x59, 0xce, 0x15, 0x9d, 0x15, 0x9d,
    0x15, 0x9d, 0x15, 0x9d, 0x15, 0x9d, 0x59, 0xce, 0xbe, 0xf7, 0x59, 0xce,
    0xf4, 0x9c, 0xf4, 0x9c, 0xf4, 0x9c, 0xf4, 0x9c, 0xd4, 0x94, 0x39, 0xc6,
    0xbe, 0xf7, 0x39, 0xc6, 0xd4, 0x94, 0xd4, 0x94, 0xb4, 0x94, 0xb4, 0x94,
    0xb3, 0x94, 0x39, 0xc6, 0xbe, 0xf7, 0x39, 0xc6, 0xb3, 0x8c, 0x93, 0x8c,
    0x93, 0x8c, 0x93, 0x8c, 0x93, 0x8c, 0x18, 0xc6, 0xbe, 0xf7, 0x18, 0xc6,
    0x73, 0x8c, 0x73, 0x8c, 0x72, 0x8c, 0x72, 0x8c, 0x72, 0x8c, 0x18, 0xbe,
    0xbe, 0xf7, 0xf8, 0xbd, 0x52, 0x84, 0x52, 0x84, 0x52, 0x84, 0x52, 0x84,
    0x32, 0x84, 0xd8, 0xbd, 0x7d, 0xf7, 0xb7, 0xbd, 0xf0, 0x83, 0xd0, 0x8b,
    0xaf, 0x8b, 0x8f, 0x8b, 0x8f, 0x8b, 0x14, 0xbd, 0xba, 0xf6, 0x35, 0xbd,
    0xaf, 0x83, 0xb0, 0x83, 0xd0, 0x7b, 0xd0, 0x7b, 0xf0, 0x7b, 0xd7, 0xb5,
    0x9e, 0xf7, 0xd7, 0xb5, 0xf0, 0x73, 0xd0, 0x73, 0xd0, 0x73, 0xd0, 0x73,
    0xd0, 0x73, 0xb7, 0xb5, 0xbe, 0xf7, 0xb7, 0xb5, 0xb0, 0x73, 0xb0, 0x73,
    0xb0, 0x73, 0xb0, 0x6b, 0xb0, 0x6b, 0xb7, 0xb5, 0xbe, 0xf7, 0x97, 0xb5,
    0x8f, 0x6b, 0x8f, 0x6b, 0x8f, 0x6b, 0x8f, 0x6b, 0x8f, 0x6b, 0x97, 0xad,
    0xbe, 0xf7, 0x96, 0xad, 0x6f, 0x63, 0x6f, 0x63, 0x6f, 0x63, 0x6f, 0x63,
    0x4f, 0x63, 0x76, 0xad, 0xbe, 0xf7, 0x76, 0xad, 0x4e, 0x63, 0x4e, 0x63,
    0x2e, 0x63, 0x2e, 0x63, 0x2e, 0x63, 0x76, 0xad, 0xbe, 0xf7, 0x76, 0xad,
    0x2e, 0x5b, 0x0e, 0x5b, 0x0e, 0x5b, 0x0e, 0x5b, 0x0d, 0x5b, 0x56, 0xad,
    0xbe, 0xf7, 0x56, 0xa5, 0xed, 0x5a, 0xed, 0x5a, 0xed, 0x52, 0xed, 0x52,
    0xed, 0x52, 0x55, 0xa5, 0xbe, 0xf7, 0x35, 0xa5, 0xcd, 0x52, 0xcd, 0x52,
    0xcc, 0x52, 0xcc, 0x52, 0xcc, 0x52, 0x35, 0xa5, 0xbe, 0xf7, 0x35, 0xa5,
    0x76, 0xad, 0x76, 0xad, 0x9a, 0xce, 0xbe, 0xf7, 0x7a, 0xce, 0x56, 0xa5,
    0x56, 0xa5, 0x56, 0xa5, 0x55, 0xa5, 0x55, 0xa5, 0x7a, 0xce, 0xbe, 0xf7,
    0x7a, 0xce, 0x35, 0xa5, 0x35, 0xa5, 0x35, 0xa5, 0x15, 0xa5, 0x15, 0x9d,
    0x59, 0xce, 0xbe, 0xf7, 0x59, 0xce, 0x15, 0x9d, 0x15, 0x9d, 0xf5, 0x9c,
    0xf4, 0x9c, 0xf4, 0x9c, 0x59, 0xc6, 0xbe, 0xf7, 0x59, 0xc6, 0xf4, 0x9c,
    0xd4, 0x94, 0xd4, 0x94, 0xd4, 0x94, 0xd4, 0x94, 0x39, 0xc6, 0xbe, 0xf7,
    0x39, 0xc6, 0xb4, 0x94, 0xb3, 0x94, 0xb3, 0x94, 0xb3, 0x94, 0xb3, 0x94,
    0x39, 0xc6, 0xbe, 0xf7, 0x19, 0xc6, 0x93, 0x8c, 0x93, 0x8c, 0x93, 0x8c,
    0x93, 0x8c, 0x93, 0x8c, 0x18, 0xc6, 0xbe, 0xf7, 0x18, 0xbe, 0x72, 0x8c,
    0x72, 0x8c, 0x72, 0x84, 0x52, 0x84, 0x52, 0x84, 0xf8, 0xbd, 0xbe, 0xf7,
    0xf8, 0xbd, 0x52, 0x84, 0x52, 0x84, 0x32, 0x84, 0x32, 0x84, 0x31, 0x84,
    0xd7, 0xbd, 0x7d, 0xf7, 0x96, 0xbd, 0xd0, 0x8b, 0x8f, 0x8b, 0x6e, 0x8b,
    0x2d, 0x93, 0x2d, 0x93, 0x72, 0xc4, 0xd7, 0xf5, 0x72, 0xc4, 0x2d, 0x8b,
    0x4e, 0x8b, 0x6f, 0x83, 0x8f, 0x83, 0xb0, 0x7b, 0x96, 0xb5, 0x9e, 0xf7,
    0xb7, 0xb5, 0xd0, 0x73, 0xd0, 0x73, 0xd0, 0x73, 0xd0, 0x73, 0xd0, 0x73,
    0xb7, 0xb5, 0xbe, 0xf7, 0xb7, 0xb5, 0xb0, 0x73, 0xb0, 0x6b, 0xb0, 0x6b,
    0x8f, 0x6b, 0x8f, 0x6b, 0x97, 0xb5, 0xbe, 0xf7, 0x97, 0xb5, 0x8f, 0x6b,
    0x8f, 0x6b, 0x6f, 0x6b, 0x6f, 0x6b, 0x6f, 0x6b, 0x96, 0xad, 0xbe, 0xf7,
    0x96, 0xad, 0x6f, 0x63, 0x4f, 0x63, 0x4e, 0x63, 0x4e, 0x63, 0x4e, 0x63,
    0x76, 0xad, 0xbe, 0xf7, 0x76, 0xad, 0x2e, 0x63, 0x2e, 0x63, 0x2e, 0x5b,
    0x2e, 0x5b, 0x2e, 0x5b, 0x76, 0xad, 0xbe, 0xf7, 0x56, 0xad, 0x0e, 0x5b,
    0x0d, 0x5b, 0x0d, 0x5b, 0x0d, 0x5b, 0x0d, 0x5b, 0x56, 0xa5, 0xbe, 0xf7,
    0x56, 0xa5, 0xed, 0x52, 0xed, 0x52, 0xed, 0x52, 0xcd, 0x52, 0xcd, 0x52,
    0x35, 0xa5, 0xbe, 0xf7, 0x35, 0xa5, 0xcc, 0x52, 0xcc, 0x52, 0xac, 0x52,
    0xac, 0x4a, 0xac, 0x4a, 0x35, 0xa5, 0xbe, 0xf7, 0x35, 0xa5, 0xac, 0x4a,
    0x76, 0xad, 0x7a, 0xce, 0xbe, 0xf7, 0x7a, 0xce, 0x56, 0xa5, 0x56, 0xa5,
    0x55, 0xa5, 0x55, 0xa5, 0x35, 0xa5, 0x7a, 0xce, 0xbe, 0xf7, 0x7a, 0xce,
    0x35, 0xa5, 0x35, 0xa5, 0x15, 0xa5, 0x15, 0x9d, 0x15, 0x9d, 0x59, 0xce,
    0xbe, 0xf7, 0x59, 0xce, 0x15, 0x9d, 0xf4, 0x9c, 0xf4, 0x9c, 0xf4, 0x9c,
    0xf4, 0x9c, 0x59, 0xc6, 0xbe, 0xf7, 0x59, 0xc6, 0xd4, 0x94, 0xd4, 0x94,
    0xd4, 0x94, 0xd4, 0x94, 0xd4, 0x94, 0x39, 0xc6, 0xbe, 0xf7, 0x39, 0xc6,
    0xb3, 0x94, 0xb3, 0x94, 0xb3, 0x94, 0xb3, 0x94, 0xb3, 0x8c, 0x19, 0xc6,
    0xbe, 0xf7, 0x19, 0xc6, 0x93, 0x8c, 0x93, 0x8c, 0x93, 0x8c, 0x93, 0x8c,
    0x73, 0x8c, 0x18, 0xc6, 0xbe, 0xf7, 0x18, 0xbe, 0x72, 0x8c, 0x72, 0x84,
    0x52, 0x84, 0x52, 0x84, 0x52, 0x84, 0xf8, 0xbd, 0xbe, 0xf7, 0xf8, 0xbd,
    0x52, 0x84, 0x32, 0x84, 0x32, 0x84, 0x32, 0x84, 0x31, 0x84, 0xd7, 0xbd,
    0x7d, 0xf7, 0x96, 0xbd, 0xb0, 0x8b, 0x6e, 0x8b, 0x2e, 0x93, 0xec, 0x92,
    0xcb, 0x9a, 0xf0, 0xcb, 0x92, 0xf4, 0x8e, 0xd3, 0xcb, 0xa2, 0xab, 0x9a,
    0xec, 0x92, 0x0d, 0x8b, 0x4e, 0x83, 0x35, 0xbd, 0x3c, 0xf7, 0x96, 0xb5,
    0xb0, 0x73, 0xd0, 0x73, 0xd0, 0x73, 0xd0, 0x73, 0xb0, 0x73, 0xb7, 0xb5,
    0xbe, 0xf7, 0xb7, 0xb5, 0xb0, 0x6b, 0xb0, 0x6b, 0x8f, 0x6b, 0x8f, 0x6b,
    0x8f, 0x6b, 0x97, 0xb5, 0xbe, 0xf7, 0x97, 0xb5, 0x8f, 0x6b, 0x6f, 0x6b,
    0x6f, 0x6b, 0x6f, 0x6b, 0x6f, 0x63, 0x96, 0xad, 0xbe, 0xf7, 0x96, 0xad,
    0x4f, 0x63, 0x4e, 0x63, 0x4e, 0x63, 0x4e, 0x63, 0x4e, 0x63, 0x76, 0xad,
    0xbe, 0xf7, 0x76, 0xad, 0x2e, 0x63, 0x2e, 0x5b, 0x2e, 0x5b, 0x2e, 0x5b,
    0x2e, 0x5b, 0x56, 0xad, 0xbe, 0xf7, 0x56, 0xad, 0x0d, 0x5b, 0x0d, 0x5b,
    0x0d, 0x5b, 0x0d, 0x5b, 0xed, 0x5a, 0x56, 0xa5, 0xbe, 0xf7, 0x55, 0xa5,
    0xed, 0x52, 0xed, 0x52, 0xcd, 0x52, 0xcd, 0x52, 0xcd, 0x52, 0x35, 0xa5,
    0xbe, 0xf7, 0x35, 0xa5, 0xcc, 0x52, 0xac, 0x52, 0xac, 0x4a, 0xac, 0x4a,
    0xac, 0x4a, 0x35, 0xa5, 0xbe, 0xf7, 0x35, 0xa5, 0x8c, 0x4a, 0x8c, 0x4a,
    0x7a, 0xce, 0xbe, 0xf7, 0x7a, 0xce, 0x55, 0xa5, 0x35, 0xa5, 0x35, 0xa5,
    0x35, 0xa5, 0x35, 0xa5, 0x7a, 0xce, 0xbe, 0xf7, 0x79, 0xce, 0x15, 0xa5,
    0x15, 0x9d, 0x15, 0x9d, 0x15, 0x9d, 0x15, 0x9d, 0x59, 0xce, 0xbe, 0xf7,
    0x59, 0xce, 0xf4, 0x9c, 0xf4, 0x9c, 0xf4, 0x9c, 0xf4, 0x9c, 0xf4, 0x9c,
    0x39, 0xc6, 0xbe, 0xf7, 0x39, 0xc6, 0xd4, 0x94, 0xd4, 0x94, 0xd4, 0x94,
    0xd4, 0x94, 0xb4, 0x94, 0x39, 0xc6, 0xbe, 0xf7, 0x39, 0xc6, 0xb3, 0x94,
    0xb3, 0x94, 0xb3, 0x8c, 0x93, 0x8c, 0x93, 0x8c, 0x18, 0xc6, 0xbe, 0xf7,
    0x18, 0xc6, 0x93, 0x8c, 0x73, 0x8c, 0x73, 0x8c, 0x73, 0x8c, 0x72, 0x8c,
    0x18, 0xbe, 0xbe, 0xf7, 0x18, 0xbe, 0x52, 0x84, 0x52, 0x84, 0x52, 0x84,
    0x52, 0x84, 0x52, 0x84, 0xf8, 0xbd, 0xbe, 0xf7, 0xf8, 0xbd, 0x32, 0x84,
    0x32, 0x84, 0x32, 0x84, 0x31, 0x7c, 0x11, 0x84, 0xd7, 0xbd, 0x7d, 0xf7,
    0x96, 0xbd, 0xaf, 0x83, 0x6e, 0x8b, 0x0d, 0x93, 0xcc, 0x9a, 0xab, 0xba,
    0xcb, 0xea, 0x69, 0xfa, 0x69, 0xfa, 0x69, 0xfa, 0x69, 0xfa, 0x6a, 0xe2,
    0xab, 0xba, 0xab, 0x92, 0x72, 0xbc, 0x79, 0xf6, 0x35, 0xbd, 0x8f, 0x7b,
    0xaf, 0x73, 0xb0, 0x73, 0xb0, 0x73, 0xb0, 0x73, 0xb7, 0xb5, 0xbe, 0xf7,
    0xb7, 0xb5, 0x8f, 0x6b, 0x8f, 0x6b, 0x8f, 0x6b, 0x8f, 0x6b, 0x8f, 0x6b,
    0x97, 0xb5, 0xbe, 0xf7, 0x96, 0xad, 0x6f, 0x6b, 0x6f, 0x63, 0x6f, 0x63,
    0x6f, 0x63, 0x6f, 0x63, 0x76, 0xad, 0xbe, 0xf7, 0x76, 0xad, 0x4e, 0x63,
    0x4e, 0x63, 0x4e, 0x63, 0x4e, 0x63, 0x2e, 0x63, 0x76, 0xad, 0xbe, 0xf7,
    0x76, 0xad, 0x2e, 0x5b, 0x2e, 0x5b, 0x2e, 0x5b, 0x0e, 0x5b, 0x0e, 0x5b,
    0x56, 0xad, 0xbe, 0xf7, 0x56, 0xad, 0x0d, 0x5b, 0xed, 0x5a, 0xed, 0x5a,
    0xed, 0x52, 0xed, 0x52, 0x55, 0xa5, 0xbe, 0xf7, 0x55, 0xa5, 0xcd, 0x52,
    0xcd, 0x52, 0xcd, 0x52, 0xcd, 0x52, 0xcc, 0x52, 0x35, 0xa5, 0xbe, 0xf7,
    0x35, 0xa5, 0xac, 0x4a, 0xac, 0x4a, 0xac, 0x4a, 0xac, 0x4a, 0xac, 0x4a,
    0x15, 0xa5, 0xbe, 0xf7, 0x15, 0xa5, 0x8c, 0x4a, 0x8c, 0x4a, 0x8c, 0x4a,
    0xbe, 0xf7, 0x7a, 0xce, 0x35, 0xa5, 0x35, 0xa5, 0x35, 0xa5, 0x35, 0xa5,
    0x35, 0xa5, 0x7a, 0xce, 0xbe, 0xf7, 0x59, 0xce, 0x15, 0x9d, 0x15, 0x9d,
    0x15, 0x9d, 0x15, 0x9d, 0x15, 0x9d, 0x59, 0xce, 0xbe, 0xf7, 0x59, 0xce,
    0xf4, 0x9c, 0xf4, 0x9c, 0xf4, 0x9c, 0xf4, 0x9c, 0xd4, 0x94, 0x39, 0xc6,
    0xbe, 0xf7, 0x39, 0xc6, 0xd4, 0x94, 0xd4, 0x94, 0xd4, 0x94, 0xb4, 0x94,
    0xb3, 0x94, 0x39, 0xc6, 0xbe, 0xf7, 0x39, 0xc6, 0xb3, 0x94, 0xb3, 0x8c,
    0x93, 0x8c, 0x93, 0x8c, 0x93, 0x8c, 0x18, 0xc6, 0xbe, 0xf7, 0x18, 0xc6,
    0x73, 0x8c, 0x73, 0x8c, 0x73, 0x8c, 0x72, 0x8c, 0x72, 0x8c, 0x18, 0xbe,
    0xbe, 0xf7, 0xf8, 0xbd, 0x52, 0x84, 0x52, 0x84, 0x52, 0x84, 0x52, 0x84,
    0x52, 0x84, 0xf8, 0xbd, 0xbe, 0xf7, 0xf8, 0xbd, 0x32, 0x84, 0x32, 0x84,
    0x31, 0x7c, 0x31, 0x7c, 0x11, 0x7c, 0xd7, 0xbd, 0x7d, 0xf7, 0xb7, 0xbd,
    0xb0, 0x83, 0x6e, 0x8b, 0x0d, 0x93, 0xab, 0x9a, 0x8a, 0xca, 0x69, 0xfa,
    0x69, 0xfa, 0x69, 0xfa, 0x69, 0xfa, 0x69, 0xfa, 0x69, 0xfa, 0x69, 0xfa,
    0x69, 0xfa, 0x2c, 0xe3, 0x34, 0xed, 0x72, 0xbc, 0x2e, 0x83, 0x6f, 0x7b,
    0x8f, 0x73, 0xaf, 0x73, 0xb0, 0x73, 0x97, 0xb5, 0xbe, 0xf7, 0x97, 0xb5,
    0x8f, 0x6b, 0x8f, 0x6b, 0x8f, 0x6b, 0x8f, 0x6b, 0x8f, 0x6b, 0x97, 0xb5,
    0xbe, 0xf7, 0x96, 0xad, 0x6f, 0x63, 0x6f, 0x63, 0x6f, 0x63, 0x6f, 0x63,
    0x4f, 0x63, 0x76, 0xad, 0xbe, 0xf7, 0x76, 0xad, 0x4e, 0x63, 0x4e, 0x63,
    0x4e, 0x63, 0x2e, 0x63, 0x2e, 0x63, 0x76, 0xad, 0xbe, 0xf7, 0x76, 0xad,
    0x2e, 0x5b, 0x2e, 0x5b, 0x0e, 0x5b, 0x0e, 0x5b, 0x0d, 0x5b, 0x56, 0xad,
    0xbe, 0xf7, 0x56, 0xa5, 0xed, 0x5a, 0xed, 0x5a, 0xed, 0x52, 0xed, 0x52,
    0xed, 0x52, 0x55, 0xa5, 0xbe, 0xf7, 0x35, 0xa5, 0xcd, 0x52, 0xcd, 0x52,
    0xcd, 0x52, 0xcc, 0x52, 0xcc, 0x52, 0x35, 0xa5, 0xbe, 0xf7, 0x35, 0xa5,
    0xac, 0x4a, 0xac, 0x4a, 0xac, 0x4a, 0xac, 0x4a, 0x8c, 0x4a, 0x15, 0xa5,
    0xbe, 0xf7, 0x15, 0xa5, 0x8c, 0x4a, 0x8c, 0x4a, 0x8b, 0x4a, 0x6b, 0x4a,
    0x7a, 0xce, 0x35, 0xa5, 0x35, 0xa5, 0x35, 0xa5, 0x35, 0xa5, 0x15, 0x9d,
    0x59, 0xce, 0xbe, 0xf7, 0x59, 0xce, 0x15, 0x9d, 0x15, 0x9d, 0x15, 0x9d,
    0xf4, 0x9c, 0xf4, 0x9c, 0x59, 0xce, 0xbe, 0xf7, 0x59, 0xc6, 0xf4, 0x9c,
    0xd4, 0x94, 0xd4, 0x94, 0xd4, 0x94, 0xd4, 0x94, 0x39, 0xc6, 0xbe, 0xf7,
    0x39, 0xc6, 0xb4, 0x94, 0xb3, 0x94, 0xb3, 0x94, 0xb3, 0x94, 0xb3, 0x94,
    0x39, 0xc6, 0xbe, 0xf7, 0x19, 0xc6, 0x93, 0x8c, 0x93, 0x8c, 0x93, 0x8c,
    0x93, 0x8c, 0x93, 0x8c, 0x18, 0xc6, 0xbe, 0xf7, 0x18, 0xbe, 0x72, 0x8c,
    0x72, 0x8c, 0x72, 0x8c, 0x72, 0x84, 0x52, 0x84, 0xf8, 0xbd, 0xbe, 0xf7,
    0xf8, 0xbd, 0x52, 0x84, 0x52, 0x84, 0x52, 0x84, 0x32, 0x84, 0x32, 0x84,
    0xf8, 0xbd, 0xbe, 0xf7, 0xf8, 0xbd, 0x31, 0x7c, 0x11, 0x7c, 0x11, 0x7c,
    0x11, 0x7c, 0x11, 0x7c, 0xd7, 0xbd, 0x9e, 0xf7, 0xb7, 0xbd, 0xd0, 0x83,
    0x8f, 0x83, 0x2d, 0x8b, 0xcc, 0x92, 0xab, 0xc2, 0x69, 0xfa, 0x69, 0xfa,
    0x69, 0xfa, 0x69, 0xfa, 0x69, 0xfa, 0x69, 0xfa, 0x69, 0xfa, 0x69, 0xfa,
    0x69, 0xfa, 0x69, 0xfa, 0x4d, 0xdb, 0x8b, 0x92, 0xed, 0x82, 0x4e, 0x7b,
    0x6f, 0x73, 0x8f, 0x73, 0x96, 0xb5, 0x9e, 0xf7, 0x97, 0xb5, 0x8f, 0x6b,
    0x8f, 0x6b, 0x8f, 0x6b, 0x6f, 0x6b, 0x6f, 0x6b, 0x96, 0xad, 0xbe, 0xf7,
    0x96, 0xad, 0x6f, 0x63, 0x4f, 0x63, 0x4f, 0x63, 0x4e, 0x63, 0x4e, 0x63,
    0x76, 0xad, 0xbe, 0xf7, 0x76, 0xad, 0x2e, 0x63, 0x2e, 0x63, 0x2e, 0x63,
    0x2e, 0x5b, 0x2e, 0x5b, 0x76, 0xad, 0xbe, 0xf7, 0x56, 0xad, 0x0e, 0x5b,
    0x0d, 0x5b, 0x0d, 0x5b, 0x0d, 0x5b, 0x0d, 0x5b, 0x56, 0xa5, 0xbe, 0xf7,
    0x56, 0xa5, 0xed, 0x52, 0xed, 0x52, 0xed, 0x52, 0xed, 0x52, 0xcd, 0x52,
    0x35, 0xa5, 0xbe, 0xf7, 0x35, 0xa5, 0xcc, 0x52, 0xcc, 0x52, 0xcc, 0x52,
    0xac, 0x52, 0xac, 0x4a, 0x35, 0xa5, 0xbe, 0xf7, 0x35, 0xa5, 0xac, 0x4a,
    0x8c, 0x4a, 0x8c, 0x4a, 0x8c, 0x4a, 0x8c, 0x4a, 0x15, 0x9d, 0xbe, 0xf7,
    0x15, 0x9d, 0x6b, 0x4a, 0x6b, 0x42, 0x6b, 0x42, 0x6b, 0x42, 0x6b, 0x42,
    0x35, 0xa5, 0x35, 0xa5, 0x35, 0xa5, 0x15, 0x9d, 0x15, 0x9d, 0x59, 0xce,
    0xbe, 0xf7, 0x59, 0xce, 0x15, 0x9d, 0x15, 0x9d, 0xf4, 0x9c, 0xf4, 0x9c,
    0xf4, 0x9c, 0x59, 0xc6, 0xbe, 0xf7, 0x59, 0xc6, 0xd4, 0x94, 0xd4, 0x94,
    0xd4, 0x94, 0xd4, 0x94, 0xd4, 0x94, 0x39, 0xc6, 0xbe, 0xf7, 0x39, 0xc6,
    0xb3, 0x94, 0xb3, 0x94, 0xb3, 0x94, 0xb3, 0x94, 0xb3, 0x94, 0x39, 0xc6,
    0xbe, 0xf7, 0x19, 0xc6, 0x93, 0x8c, 0x93, 0x8c, 0x93, 0x8c, 0x93, 0x8c,
    0x73, 0x8c, 0x18, 0xc6, 0xbe, 0xf7, 0x18, 0xbe, 0x72, 0x8c, 0x72, 0x8c,
    0x72, 0x84, 0x52, 0x84, 0x52, 0x84, 0xf8, 0xbd, 0xbe, 0xf7, 0xf8, 0xbd,
    0x52, 0x84, 0x52, 0x84, 0x32, 0x84, 0x32, 0x84, 0x32, 0x84, 0xf8, 0xbd,
    0xbe, 0xf7, 0xf8, 0xbd, 0x11, 0x7c, 0x11, 0x7c, 0x11, 0x7c, 0x11, 0x7c,
    0x11, 0x7c, 0xd7, 0xbd, 0x9e, 0xf7, 0xb7, 0xbd, 0xd0, 0x7b, 0xaf, 0x83,
    0x4e, 0x83, 0xec, 0x92, 0xab, 0xa2, 0x69, 0xfa, 0x69, 0xfa, 0x69, 0xfa,
    0x69, 0xfa, 0x69, 0xfa, 0x69, 0xfa, 0x69, 0xfa, 0x69, 0xfa, 0x69, 0xfa,
    0x69, 0xfa, 0x69, 0xfa, 0x69, 0xfa, 0x8b, 0x9a, 0xcc, 0x8a, 0x0d, 0x7b,
    0x4e, 0x73, 0x76, 0xb5, 0x9e, 0xf7, 0x96, 0xb5, 0x8f, 0x6b, 0x8f, 0x6b,
    0x6f, 0x6b, 0x6f, 0x6b, 0x6f, 0x63, 0x96, 0xad, 0xbe, 0xf7, 0x96, 0xad,
    0x4f, 0x63, 0x4f, 0x63, 0x4e, 0x63, 0x4e, 0x63, 0x4e, 0x63, 0x76, 0xad,
    0xbe, 0xf7, 0x76, 0xad, 0x2e, 0x63, 0x2e, 0x63, 0x2e, 0x5b, 0x2e, 0x5b,
    0x2e, 0x5b, 0x76, 0xad, 0xbe, 0xf7, 0x56, 0xad, 0x0d, 0x5b, 0x0d, 0x5b,
    0x0d, 0x5b, 0x0d, 0x5b, 0xed, 0x5a, 0x56, 0xa5, 0xbe, 0xf7, 0x56, 0xa5,
    0xed, 0x52, 0xed, 0x52, 0xed, 0x52, 0xcd, 0x52, 0xcd, 0x52, 0x35, 0xa5,
    0xbe, 0xf7, 0x35, 0xa5, 0xcc, 0x52, 0xcc, 0x52, 0xac, 0x52, 0xac, 0x4a,
    0xac, 0x4a, 0x35, 0xa5, 0xbe, 0xf7, 0x35, 0xa5, 0x8c, 0x4a, 0x8c, 0x4a,
    0x8c, 0x4a, 0x8c, 0x4a, 0x8c, 0x4a, 0x15, 0x9d, 0xbe, 0xf7, 0x15, 0x9d,
    0x6b, 0x42, 0x6b, 0x42, 0x6b, 0x42, 0x6b, 0x42, 0x6b, 0x42, 0x14, 0x9d,
    0x15, 0x9d, 0x15, 0x9d, 0x15, 0x9d, 0x15, 0x9d, 0x59, 0xce, 0xbe, 0xf7,
    0x59, 0xce, 0xf4, 0x9c, 0xf4, 0x9c, 0xf4, 0x9c, 0xf4, 0x9c, 0xf4, 0x9c,
    0x59, 0xc6, 0xbe, 0xf7, 0x39, 0xc6, 0xd4, 0x94, 0xd4, 0x94, 0xd4, 0x94,
    0xd4, 0x94, 0xd4, 0x94, 0x39, 0xc6, 0xbe, 0xf7, 0x39, 0xc6, 0xb3, 0x94,
    0xb3, 0x94, 0xb3, 0x8c, 0x93, 0x8c, 0x93, 0x8c, 0x18, 0xc6, 0xbe, 0xf7,
    0x18, 0xc6, 0x93, 0x8c, 0x93, 0x8c, 0x73, 0x8c, 0x73, 0x8c, 0x73, 0x8c,
    0x18, 0xbe, 0xbe, 0xf7, 0x18, 0xbe, 0x72, 0x84, 0x52, 0x84, 0x52, 0x84,
    0x52, 0x84, 0x52, 0x84, 0xf8, 0xbd, 0xbe, 0xf7, 0xf8, 0xbd, 0x32, 0x84,
    0x32, 0x84, 0x32, 0x84, 0x31, 0x84, 0x31, 0x7c, 0xf8, 0xbd, 0xbe, 0xf7,
    0xd8, 0xbd, 0x11, 0x7c, 0x11, 0x7c, 0x11, 0x7c, 0x11, 0x7c, 0x11, 0x7c,
    0xd7, 0xb5, 0x9e, 0xf7, 0xd7, 0xb5, 0xd0, 0x7b, 0xb0, 0x7b, 0x8f, 0x7b,
    0x2e, 0x83, 0xcc, 0x92, 0x4d, 0xdb, 0x69, 0xfa, 0x69, 0xfa, 0x69, 0xfa,
    0x69, 0xfa, 0x69, 0xfa, 0x69, 0xfa, 0x69, 0xfa, 0x69, 0xfa, 0x69, 0xfa,
    0x69, 0xfa, 0x69, 0xfa, 0x69, 0xfa, 0x8a, 0xc2, 0x8b, 0x8a, 0xed, 0x7a,
    0x14, 0xb5, 0x5d, 0xf7, 0x76, 0xb5, 0x6f, 0x6b, 0x6f, 0x6b, 0x6f, 0x63,
    0x6f, 0x63, 0x6f, 0x63, 0x96, 0xad, 0xbe, 0xf7, 0x76, 0xad, 0x4e, 0x63,
    0x4e, 0x63, 0x4e, 0x63, 0x4e, 0x63, 0x4e, 0x63, 0x76, 0xad, 0xbe, 0xf7,
    0x76, 0xad, 0x2e, 0x5b, 0x2e, 0x5b, 0x2e, 0x5b, 0x0e, 0x5b, 0x0e, 0x5b,
    0x56, 0xad, 0xbe, 0xf7, 0x56, 0xad, 0x0d, 0x5b, 0x0d, 0x5b, 0xed, 0x5a,
    0xed, 0x5a, 0xed, 0x52, 0x55, 0xa5, 0xbe, 0xf7, 0x55, 0xa5, 0xed, 0x52,
    0xcd, 0x52, 0xcd, 0x52, 0xcd, 0x52, 0xcd, 0x52, 0x35, 0xa5, 0xbe, 0xf7,
    0x35, 0xa5, 0xac, 0x52, 0xac, 0x4a, 0xac, 0x4a, 0xac, 0x4a, 0xac, 0x4a,
    0x35, 0xa5, 0xbe, 0xf7, 0x15, 0xa5, 0x8c, 0x4a, 0x8c, 0x4a, 0x8c, 0x4a,
    0x8b, 0x4a, 0x8b, 0x4a, 0x15, 0x9d, 0xbe, 0xf7, 0x15, 0x9d, 0x6b, 0x42,
    0x6b, 0x42, 0x6b, 0x42, 0x4b, 0x42, 0x4b, 0x42, 0xf4, 0x9c, 0xbe, 0xf7,
    0x15, 0x9d, 0x15, 0x9d, 0x15, 0x9d, 0x59, 0xce, 0xbe, 0xf7, 0x59, 0xce,
    0xf4, 0x9c, 0xf4, 0x9c, 0xf4, 0x9c, 0xf4, 0x9c, 0xf4, 0x94, 0x39, 0xc6,
    0xbe, 0xf7, 0x39, 0xc6, 0xd4, 0x94, 0xd4, 0x94, 0xd4, 0x94, 0xd4, 0x94,
    0xb4, 0x94, 0x39, 0xc6, 0xbe, 0xf7, 0x39, 0xc6, 0xb3, 0x94, 0xb3, 0x94,
    0x93, 0x8c, 0x93, 0x8c, 0x93, 0x8c, 0x18, 0xc6, 0xbe, 0xf7, 0x18, 0xc6,
    0x93, 0x8c, 0x73, 0x8c, 0x73, 0x8c, 0x73, 0x8c, 0x72, 0x8c, 0x18, 0xbe,
    0xbe, 0xf7, 0x18, 0xbe, 0x52, 0x84, 0x52, 0x84, 0x52, 0x84, 0x52, 0x84,
    0x52, 0x84, 0xf8, 0xbd, 0xbe, 0xf7, 0xf8, 0xbd, 0x32, 0x84, 0x32, 0x84,
    0x31, 0x84, 0x31, 0x7c, 0x31, 0x7c, 0xd8, 0xbd, 0xbe, 0xf7, 0xd8, 0xbd,
    0x11, 0x7c, 0x11, 0x7c, 0x11, 0x7c, 0x11, 0x7c, 0xf1, 0x7b, 0xd7, 0xb5,
    0xbe, 0xf7, 0xb7, 0xb5, 0xd0, 0x7b, 0xd0, 0x7b, 0xb0, 0x7b, 0x6f, 0x83,
    0x2d, 0x8b, 0x10, 0xc4, 0x4d, 0xfb, 0x69, 0xfa, 0x69, 0xfa, 0x69, 0xfa,
    0x69, 0xfa, 0x69, 0xfa, 0x69, 0xfa, 0x69, 0xfa, 0x69, 0xfa, 0x69, 0xfa,
    0x69, 0xfa, 0x69, 0xfa, 0x69, 0xfa, 0x6a, 0xda, 0x6a, 0x8a, 0x92, 0xbc,
    0xfb, 0xf6, 0x55, 0xb5, 0x6f, 0x6b, 0x6f, 0x6b, 0x6f, 0x63, 0x6f, 0x63,
    0x6f, 0x63, 0x76, 0xad, 0xbe, 0xf7, 0x76, 0xad, 0x4e, 0x63, 0x4e, 0x63,
    0x4e, 0x63, 0x4e, 0x63, 0x2e, 0x63, 0x76, 0xad, 0xbe, 0xf7, 0x76, 0xad,
    0x2e, 0x5b, 0x2e, 0x5b, 0x0e, 0x5b, 0x0e, 0x5b, 0x0e, 0x5b, 0x56, 0xad,
    0xbe, 0xf7, 0x56, 0xad, 0x0d, 0x5b, 0xed, 0x5a, 0xed, 0x52, 0xed, 0x52,
    0xed, 0x52, 0x55, 0xa5, 0xbe, 0xf7, 0x55, 0xa5, 0xcd, 0x52, 0xcd, 0x52,
    0xcd, 0x52, 0xcd, 0x52, 0xcc, 0x52, 0x35, 0xa5, 0xbe, 0xf7, 0x35, 0xa5,
    0xac, 0x4a, 0xac, 0x4a, 0xac, 0x4a, 0xac, 0x4a, 0xac, 0x4a, 0x15, 0xa5,
    0xbe, 0xf7, 0x15, 0xa5, 0x8c, 0x4a, 0x8c, 0x4a, 0x8b, 0x4a, 0x8b, 0x4a,
    0x6b, 0x42, 0x15, 0x9d, 0xbe, 0xf7, 0x15, 0x9d, 0x6b, 0x42, 0x6b, 0x42,
    0x4b, 0x42, 0x4b, 0x42, 0x4b, 0x42, 0xf4, 0x9c, 0xbe, 0xf7, 0xf4, 0x9c,
    0xcf, 0x7b, 0xcf, 0x7b, 0xb3, 0x9c, 0xb7, 0xb5, 0xb3, 0x9c, 0xaf, 0x7b,
    0xaf, 0x7b, 0xaf, 0x7b, 0xaf, 0x7b, 0xaf, 0x73, 0xb3, 0x94, 0xb6, 0xb5,
    0xb3, 0x94, 0xaf, 0x73, 0xaf, 0x73, 0xaf, 0x73, 0x8f, 0x73, 0x8f, 0x73,
    0x92, 0x94, 0x96, 0xb5, 0x92, 0x94, 0x8e, 0x73, 0x8e, 0x73, 0x8e, 0x73,
    0x8e, 0x73, 0x8e, 0x73, 0x92, 0x94, 0x96, 0xb5, 0x92, 0x94, 0x8e, 0x73,
    0x6e, 0x73, 0x6e, 0x73, 0x6e, 0x73, 0x6e, 0x73, 0x72, 0x94, 0x96, 0xb5,
    0x72, 0x94, 0x6e, 0x6b, 0x6e, 0x6b, 0x6e, 0x6b, 0x6e, 0x6b, 0x6e, 0x6b,
    0x72, 0x8c, 0x96, 0xb5, 0x72, 0x8c, 0x4e, 0x6b, 0x4e, 0x6b, 0x4e, 0x6b,
    0x4d, 0x6b, 0x4d, 0x6b, 0x71, 0x8c, 0x76, 0xb5, 0x71, 0x8c, 0x4d, 0x6b,
    0x4d, 0x6b, 0x4d, 0x6b, 0x2d, 0x6b, 0x2d, 0x6b, 0x51, 0x8c, 0x76, 0xad,
    0x51, 0x8c, 0x2d, 0x6b, 0x2d, 0x6b, 0x2d, 0x6b, 0x0c, 0x6b, 0xcb, 0x72,
    0x6e, 0x9b, 0xaf, 0xbb, 0x8a, 0xea, 0x69, 0xfa, 0x69, 0xfa, 0x69, 0xfa,
    0x69, 0xfa, 0x69, 0xfa, 0x69, 0xfa, 0x69, 0xfa, 0x69, 0xfa, 0x69, 0xfa,
    0x69, 0xfa, 0x69, 0xfa, 0x69, 0xfa, 0x49, 0xe2, 0xeb, 0xa2, 0x51, 0xb4,
    0xaf, 0x8b, 0xcc, 0x62, 0xec, 0x62, 0xec, 0x62, 0xec, 0x62, 0xec, 0x5a,
    0x11, 0x84, 0x55, 0xad, 0x10, 0x84, 0xec, 0x5a, 0xec, 0x5a, 0xec, 0x5a,
    0xcc, 0x5a, 0xcc, 0x5a, 0x10, 0x84, 0x35, 0xad, 0x10, 0x84, 0xcc, 0x5a,
    0xcc, 0x5a, 0xcc, 0x5a, 0xcc, 0x5a, 0xcc, 0x5a, 0xf0, 0x83, 0x35, 0xa5,
    0xf0, 0x7b, 0xcb, 0x5a, 0xab, 0x5a, 0xab, 0x52, 0xab, 0x52, 0xab, 0x52,
    0xf0, 0x7b, 0x35, 0xa5, 0xf0, 0x7b, 0xab, 0x52, 0xab, 0x52, 0xab, 0x52,
    0xab, 0x52, 0xab, 0x52, 0xf0, 0x7b, 0x34, 0xa5, 0xd0, 0x7b, 0x8b, 0x52,
    0x8b, 0x52, 0x8b, 0x52, 0x8b, 0x52, 0x8b, 0x52, 0xd0, 0x7b, 0x14, 0xa5,
    0xcf, 0x7b, 0x8b, 0x52, 0x8b, 0x52, 0x8b, 0x52, 0x6a, 0x4a, 0x6a, 0x4a,
    0xcf, 0x7b, 0x14, 0xa5, 0xaf, 0x7b, 0x6a, 0x4a, 0x6a, 0x4a, 0x6a, 0x4a,
    0x6a, 0x4a, 0x6a, 0x4a, 0xaf, 0x73, 0x14, 0xa5, 0xaf, 0x73, 0x6a, 0x4a,
    0x8a, 0x5a, 0x8a, 0x5a, 0x8a, 0x5a, 0x8a, 0x5a, 0x8a, 0x5a, 0x8a, 0x5a,
    0x8a, 0x5a, 0x8a, 0x5a, 0x8a, 0x5a, 0x8a, 0x5a, 0x8a, 0x5a, 0x8a, 0x5a,
    0x8a, 0x5a, 0x8a, 0x5a, 0x8a, 0x5a, 0x8a, 0x5a, 0x8a, 0x5a, 0x8a, 0x5a,
    0x8a, 0x5a, 0x8a, 0x5a, 0x8a, 0x5a, 0x8a, 0x5a, 0x8a, 0x5a, 0x8a, 0x5a,
    0x8a, 0x5a, 0x8a, 0x5a, 0x8a, 0x5a, 0x8a, 0x5a, 0x8a, 0x5a, 0x8a, 0x5a,
    0x8a, 0x5a, 0x8a, 0x5a, 0x8a, 0x5a, 0x8a, 0x5a, 0x8a, 0x5a, 0x8a, 0x5a,
    0x8a, 0x5a, 0x8a, 0x5a, 0x8a, 0x5a, 0x8a, 0x5a, 0x8a, 0x5a, 0x8a, 0x5a,
    0x8a, 0x5a, 0x8a, 0x5a, 0x8a, 0x5a, 0x8a, 0x5a, 0x8a, 0x5a, 0x8a, 0x5a,
    0x8a, 0x5a, 0x8a, 0x5a, 0x8a, 0x5a, 0x8a, 0x5a, 0x8a, 0x5a, 0x8a, 0x5a,
    0x8a, 0x5a, 0x8a, 0x5a, 0x8a, 0x5a, 0x8a, 0x5a, 0x8a, 0x5a, 0x8a, 0x5a,
    0x8a, 0x5a, 0x8a, 0x5a, 0x8a, 0x5a, 0x8a, 0x5a, 0x69, 0x5a, 0x49, 0x62,
    0x08, 0x72, 0xc7, 0x81, 0x28, 0xda, 0x69, 0xfa, 0x69, 0xfa, 0x69, 0xfa,
    0x69, 0xfa, 0x69, 0xfa, 0x69, 0xfa, 0x69, 0xfa, 0x69, 0xfa, 0x69, 0xfa,
    0x69, 0xfa, 0x69, 0xfa, 0x69, 0xfa, 0x49, 0xda, 0xc7, 0x81, 0x08, 0x72,
    0x49, 0x62, 0x69, 0x5a, 0x69, 0x5a, 0x8a, 0x5a, 0x8a, 0x5a, 0x8a, 0x5a,
    0x8a, 0x5a, 0x8a, 0x5a, 0x8a, 0x5a, 0x8a, 0x5a, 0x8a, 0x5a, 0x8a, 0x5a,
    0x8a, 0x5a, 0x8a, 0x5a, 0x8a, 0x5a, 0x8a, 0x5a, 0x8a, 0x5a, 0x8a, 0x5a,
    0x8a, 0x5a, 0x8a, 0x5a, 0x8a, 0x5a, 0x8a, 0x5a, 0x8a, 0x5a, 0x8a, 0x5a,
    0x8a, 0x5a, 0x8a, 0x5a, 0x8a, 0x5a, 0x8a, 0x5a, 0x8a, 0x5a, 0x8a, 0x5a,
    0x8a, 0x5a, 0x8a, 0x5a, 0x8a, 0x5a, 0x8a, 0x5a, 0x8a, 0x5a, 0x8a, 0x5a,
    0x8a, 0x5a, 0x8a, 0x5a, 0x8a, 0x5a, 0x8a, 0x5a, 0x8a, 0x5a, 0x8a, 0x5a,
    0x8a, 0x5a, 0x8a, 0x5a, 0x8a, 0x5a, 0x8a, 0x5a, 0x8a, 0x5a, 0x8a, 0x5a,
    0x8a, 0x5a, 0x8a, 0x5a, 0x8a, 0x5a, 0x8a, 0x5a, 0x8a, 0x5a, 0x8a, 0x5a,
    0x8a, 0x5a, 0x8a, 0x5a, 0x8a, 0x5a, 0x8a, 0x5a, 0x8a, 0x5a, 0x8a, 0x5a,
    0x8a, 0x5a, 0x8a, 0x5a, 0x8a, 0x5a, 0x8a, 0x5a, 0x8a, 0x5a, 0x8a, 0x5a,
    0x8a, 0x5a, 0x8a, 0x5a, 0x8a, 0x5a, 0x8a, 0x5a, 0x8a, 0x5a, 0x8a, 0x5a,
    0x8a, 0x5a, 0x8a, 0x5a, 0x8a, 0x5a, 0x8a, 0x5a, 0x8a, 0x5a, 0x8a, 0x5a,
    0x8a, 0x5a, 0x8a, 0x5a, 0x8a, 0x5a, 0x8a, 0x5a, 0x8a, 0x5a, 0x8a, 0x5a,
    0x8a, 0x5a, 0x8a, 0x5a, 0x8a, 0x5a, 0x8a, 0x5a, 0x8a, 0x5a, 0x8a, 0x5a,
    0x8a, 0x5a, 0x8a, 0x5a, 0x8a, 0x5a, 0x8a, 0x5a, 0x8a, 0x5a, 0x8a, 0x5a,
    0x8a, 0x5a, 0x8a, 0x5a, 0x8a, 0x5a, 0x8a, 0x5a, 0x8a, 0x5a, 0x8a, 0x5a,
    0x8a, 0x5a, 0x8a, 0x5a, 0x8a, 0x5a, 0x8a, 0x5a, 0x8a, 0x5a, 0x8a, 0x5a,
    0x8a, 0x5a, 0x8a, 0x5a, 0x8a, 0x5a, 0x8a, 0x5a, 0x8a, 0x5a, 0x8a, 0x5a,
    0x8a, 0x5a, 0x8a, 0x5a, 0x8a, 0x5a, 0x8a, 0x5a, 0x8a, 0x5a, 0x8a, 0x5a,
    0x8a, 0x5a, 0x8a, 0x5a, 0x8a, 0x5a, 0x8a, 0x5a, 0x8a, 0x5a, 0x8a, 0x5a,
    0x8a, 0x5a, 0x8a, 0x5a, 0x8a, 0x5a, 0x8a, 0x5a, 0x69, 0x5a, 0x49, 0x62,
    0x28, 0x6a, 0xc7, 0x79, 0x28, 0xba, 0x69, 0xfa, 0x69, 0xfa, 0x69, 0xfa,
    0x69, 0xfa, 0x69, 0xfa, 0x69, 0xfa, 0x69, 0xfa, 0x69, 0xfa, 0x69, 0xfa,
    0x69, 0xfa, 0x69, 0xfa, 0x69, 0xfa, 0x28, 0xba, 0xc7, 0x79, 0x28, 0x6a,
    0x49, 0x62, 0x69, 0x5a, 0x8a, 0x5a, 0x8a, 0x5a, 0x8a, 0x5a, 0x8a, 0x5a,
    0x8a, 0x5a, 0x8a, 0x5a, 0x8a, 0x5a, 0x8a, 0x5a, 0x8a, 0x5a, 0x8a, 0x5a,
    0x8a, 0x5a, 0x8a, 0x5a, 0x8a, 0x5a, 0x8a, 0x5a, 0x8a, 0x5a, 0x8a, 0x5a,
    0x8a, 0x5a, 0x8a, 0x5a, 0x8a, 0x5a, 0x8a, 0x5a, 0x8a, 0x5a, 0x8a, 0x5a,
    0x8a, 0x5a, 0x8a, 0x5a, 0x8a, 0x5a, 0x8a, 0x5a, 0x8a, 0x5a, 0x8a, 0x5a,
    0x8a, 0x5a, 0x8a, 0x5a, 0x8a, 0x5a, 0x8a, 0x5a, 0x8a, 0x5a, 0x8a, 0x5a,
    0x8a, 0x5a, 0x8a, 0x5a, 0x8a, 0x5a, 0x8a, 0x5a, 0x8a, 0x5a, 0x8a, 0x5a,
    0x8a, 0x5a, 0x8a, 0x5a, 0x8a, 0x5a, 0x8a, 0x5a, 0x8a, 0x5a, 0x8a, 0x5a,
    0x8a, 0x5a, 0x8a, 0x5a, 0x8a, 0x5a, 0x8a, 0x5a, 0x8a, 0x5a, 0x8a, 0x5a,
    0x8a, 0x5a, 0x8a, 0x5a, 0x8a, 0x5a, 0x8a, 0x5a, 0x8a, 0x5a, 0x8a, 0x5a,
    0x8a, 0x5a, 0x8a, 0x5a, 0x8a, 0x5a, 0x8a, 0x5a, 0x8a, 0x5a, 0x8a, 0x5a,
    0x8a, 0x5a, 0x8a, 0x5a, 0x8a, 0x5a, 0x8a, 0x5a, 0x8a, 0x5a, 0x8a, 0x5a,
    0x8a, 0x5a, 0x8a, 0x5a, 0x8a, 0x5a, 0x8a, 0x5a, 0x8a, 0x5a, 0x8a, 0x5a,
    0x8a, 0x5a, 0x8a, 0x5a, 0x8a, 0x5a, 0x8a, 0x5a, 0x8a, 0x5a, 0x8a, 0x5a,
    0x8a, 0x5a, 0x8a, 0x5a, 0x8a, 0x5a, 0x8a, 0x5a, 0x8a, 0x5a, 0x8a, 0x5a,
    0x8a, 0x5a, 0x8a, 0x5a, 0x8a, 0x5a, 0x8a, 0x5a, 0x8a, 0x5a, 0x8a, 0x5a,
    0x8a, 0x5a, 0x8a, 0x5a, 0x8a, 0x5a, 0x8a, 0x5a, 0x8a, 0x5a, 0x8a, 0x5a,
    0x8a, 0x5a, 0x8a, 0x5a, 0x8a, 0x5a, 0x8a, 0x5a, 0x8a, 0x5a, 0x8a, 0x5a,
    0x8a, 0x5a, 0x8a, 0x5a, 0x8a, 0x5a, 0x8a, 0x5a, 0x8a, 0x5a, 0x8a, 0x5a,
    0x8a, 0x5a, 0x8a, 0x5a, 0x8a, 0x5a, 0x8a, 0x5a, 0x8a, 0x5a, 0x8a, 0x5a,
    0x8a, 0x5a, 0x8a, 0x5a, 0x8a, 0x5a, 0x8a, 0x5a, 0x8a, 0x5a, 0x8a, 0x5a,
    0x8a, 0x5a, 0x8a, 0x5a, 0x8a, 0x5a, 0x8a, 0x5a, 0x69, 0x5a, 0x49, 0x62,
    0x28, 0x6a, 0xe7, 0x79, 0xe7, 0x91, 0x69, 0xfa, 0x69, 0xfa, 0x69, 0xfa,
    0x69, 0xfa, 0x69, 0xfa, 0x69, 0xfa, 0x69, 0xfa, 0x69, 0xfa, 0x69, 0xfa,
    0x69, 0xfa, 0x69, 0xfa, 0x69, 0xfa, 0xe7, 0x91, 0xe7, 0x79, 0x28, 0x6a,
    0x49, 0x62, 0x69, 0x5a, 0x8a, 0x5a, 0x8a, 0x5a, 0x8a, 0x5a, 0x8a, 0x5a,
    0x8a, 0x5a, 0x8a, 0x5a, 0x8a, 0x5a, 0x8a, 0x5a, 0x8a, 0x5a, 0x8a, 0x5a,
    0x8a, 0x5a, 0x8a, 0x5a, 0x8a, 0x5a, 0x8a, 0x5a, 0x8a, 0x5a, 0x8a, 0x5a,
    0x8a, 0x5a, 0x8a, 0x5a, 0x8a, 0x5a, 0x8a, 0x5a, 0x8a, 0x5a, 0x8a, 0x5a,
    0x8a, 0x5a, 0x8a, 0x5a, 0x8a, 0x5a, 0x8a, 0x5a, 0x8a, 0x5a, 0x8a, 0x5a,
    0x8a, 0x5a, 0x8a, 0x5a, 0x8a, 0x5a, 0x8a, 0x5a, 0x8a, 0x5a, 0x8a, 0x5a,
    0x8a, 0x5a, 0x8a, 0x5a, 0x8a, 0x5a, 0x8a, 0x5a, 0x8a, 0x5a, 0x8a, 0x5a,
    0x8a, 0x5a, 0x8a, 0x5a, 0x8a, 0x5a, 0x8a, 0x5a, 0x8a, 0x5a, 0x8a, 0x5a,
    0x8a, 0x5a, 0x8a, 0x5a, 0x8a, 0x5a, 0x8a, 0x5a, 0x8a, 0x5a, 0x8a, 0x5a,
    0x8a, 0x5a, 0x8a, 0x5a, 0x8a, 0x5a, 0x8a, 0x5a, 0x8a, 0x5a, 0x8a, 0x5a,
    0x8a, 0x5a, 0x8a, 0x5a, 0x8a, 0x5a, 0x8a, 0x5a, 0x8a, 0x5a, 0x8a, 0x5a,
    0x8a, 0x5a, 0x8a, 0x5a, 0x8a, 0x5a, 0x8a, 0x5a, 0x8a, 0x5a, 0x8a, 0x5a,
    0x8a, 0x5a, 0x8a, 0x5a, 0x8a, 0x5a, 0x8a, 0x5a, 0x8a, 0x5a, 0x8a, 0x5a,
    0x8a, 0x5a, 0x8a, 0x5a, 0x8a, 0x5a, 0x8a, 0x5a, 0x8a, 0x5a, 0x8a, 0x5a,
    0x8a, 0x5a, 0x8a, 0x5a, 0x8a, 0x5a, 0x8a, 0x5a, 0x8a, 0x5a, 0x8a, 0x5a,
    0x8a, 0x5a, 0x8a, 0x5a, 0x8a, 0x5a, 0x8a, 0x5a, 0x8a, 0x5a, 0x8a, 0x5a,
    0x8a, 0x5a, 0x8a, 0x5a, 0x8a, 0x5a, 0x8a, 0x5a, 0x8a, 0x5a, 0x8a, 0x5a,
    0x8a, 0x5a, 0x8a, 0x5a, 0x8a, 0x5a, 0x8a, 0x5a, 0x8a, 0x5a, 0x8a, 0x5a,
    0x8a, 0x5a, 0x8a, 0x5a, 0x8a, 0x5a, 0x8a, 0x5a, 0x8a, 0x5a, 0x8a, 0x5a,
    0x8a, 0x5a, 0x8a, 0x5a, 0x8a, 0x5a, 0x8a, 0x5a, 0x8a, 0x5a, 0x8a, 0x5a,
    0x8a, 0x5a, 0x8a, 0x5a, 0x8a, 0x5a, 0x8a, 0x5a, 0x8a, 0x5a, 0x8a, 0x5a,
    0x8a, 0x5a, 0x8a, 0x5a, 0x8a, 0x5a, 0x69, 0x5a, 0x69, 0x5a, 0x49, 0x62,
    0x28, 0x62, 0x08, 0x72, 0xc7, 0x81, 0x28, 0xba, 0x69, 0xfa, 0x69, 0xfa,
    0x69, 0xfa, 0x69, 0xfa, 0x69, 0xfa, 0x69, 0xfa, 0x69, 0xfa, 0x69, 0xfa,
    0x69, 0xfa, 0x69, 0xfa, 0x28, 0xba, 0xc7, 0x81, 0x08, 0x72, 0x28, 0x62,
    0x49, 0x62, 0x69, 0x5a, 0x69, 0x5a, 0x8a, 0x5a, 0x8a, 0x5a, 0x8a, 0x5a,
    0x8a, 0x5a, 0x8a, 0x5a, 0x8a, 0x5a, 0x8a, 0x5a, 0x8a, 0x5a, 0x8a, 0x5a,
    0x8a, 0x5a, 0x8a, 0x5a, 0x8a, 0x5a, 0x8a, 0x5a, 0x8a, 0x5a, 0x8a, 0x5a,
    0x8a, 0x5a, 0x8a, 0x5a, 0x8a, 0x5a, 0x8a, 0x5a, 0x8a, 0x5a, 0x8a, 0x5a,
    0x8a, 0x5a, 0x8a, 0x5a, 0x8a, 0x5a, 0x8a, 0x5a, 0x8a, 0x5a, 0x8a, 0x5a,
    0x8a, 0x5a, 0x8a, 0x5a, 0x8a, 0x5a, 0x8a, 0x5a, 0x8a, 0x5a, 0x8a, 0x5a,
    0x8a, 0x5a, 0x8a, 0x5a, 0x8a, 0x5a, 0x8a, 0x5a, 0x8a, 0x5a, 0x8a, 0x5a,
    0x8a, 0x5a, 0x8a, 0x5a, 0x8a, 0x5a, 0x8a, 0x5a, 0x8a, 0x5a, 0x8a, 0x5a,
    0x8a, 0x5a, 0x8a, 0x5a, 0x8a, 0x5a, 0x8a, 0x5a, 0x8a, 0x5a, 0x8a, 0x5a,
    0x8a, 0x5a, 0x8a, 0x5a, 0x8a, 0x5a, 0x8a, 0x5a, 0x8a, 0x5a, 0x8a, 0x5a,
    0x8a, 0x5a, 0x8a, 0x5a, 0x8a, 0x5a, 0x8a, 0x5a, 0x8a, 0x5a, 0x8a, 0x5a,
    0x8a, 0x5a, 0x8a, 0x5a, 0x8a, 0x5a, 0x8a, 0x5a, 0x8a, 0x5a, 0x8a, 0x5a,
    0x8a, 0x5a, 0x8a, 0x5a, 0x8a, 0x5a, 0x8a, 0x5a, 0x8a, 0x5a, 0x8a, 0x5a,
    0x8a, 0x5a, 0x8a, 0x5a, 0x8a, 0x5a, 0x8a, 0x5a, 0x8a, 0x5a, 0x8a, 0x5a,
    0x8a, 0x5a, 0x8a, 0x5a, 0x8a, 0x5a, 0x8a, 0x5a, 0x8a, 0x5a, 0x8a, 0x5a,
    0x8a, 0x5a, 0x8a, 0x5a, 0x8a, 0x5a, 0x8a, 0x5a, 0x8a, 0x5a, 0x8a, 0x5a,
    0x8a, 0x5a, 0x8a, 0x5a, 0x8a, 0x5a, 0x8a, 0x5a, 0x8a, 0x5a, 0x8a, 0x5a,
    0x8a, 0x5a, 0x8a, 0x5a, 0x8a, 0x5a, 0x8a, 0x5a, 0x8a, 0x5a, 0x8a, 0x5a,
    0x8a, 0x5a, 0x8a, 0x5a, 0x8a, 0x5a, 0x8a, 0x5a, 0x8a, 0x5a, 0x8a, 0x5a,
    0x8a, 0x5a, 0x8a, 0x5a, 0x8a, 0x5a, 0x8a, 0x5a, 0x8a, 0x5a, 0x8a, 0x5a,
    0x8a, 0x5a, 0x8a, 0x5a, 0x8a, 0x5a, 0x8a, 0x5a, 0x8a, 0x5a, 0x8a, 0x5a,
    0x8a, 0x5a, 0x8a, 0x5a, 0x8a, 0x5a, 0x8a, 0x5a, 0x69, 0x5a, 0x69, 0x5a,
    0x49, 0x62, 0x28, 0x6a, 0xe7, 0x71, 0xa6, 0x81, 0x28, 0xc2, 0x69, 0xfa,
    0x69, 0xfa, 0x69, 0xfa, 0x69, 0xfa, 0x69, 0xfa, 0x69, 0xfa, 0x69, 0xfa,
    0x69, 0xfa, 0x28, 0xc2, 0xa6, 0x81, 0xe7, 0x71, 0x28, 0x6a, 0x49, 0x62,
    0x69, 0x5a, 0x69, 0x5a, 0x69, 0x5a, 0x8a, 0x5a, 0x8a, 0x5a, 0x8a, 0x5a,
    0x8a, 0x5a, 0x8a, 0x5a, 0x8a, 0x5a, 0x8a, 0x5a, 0x8a, 0x5a, 0x8a, 0x5a,
    0x8a, 0x5a, 0x8a, 0x5a, 0x8a, 0x5a, 0x8a, 0x5a, 0x8a, 0x5a, 0x8a, 0x5a,
    0x8a, 0x5a, 0x8a, 0x5a, 0x8a, 0x5a, 0x8a, 0x5a, 0x8a, 0x5a, 0x8a, 0x5a,
    0x8a, 0x5a, 0x8a, 0x5a, 0x8a, 0x5a, 0x8a, 0x5a, 0x8a, 0x5a, 0x8a, 0x5a,
    0x8a, 0x5a, 0x8a, 0x5a, 0x8a, 0x5a, 0x8a, 0x5a, 0x8a, 0x5a, 0x8a, 0x5a,
    0x8a, 0x5a, 0x8a, 0x5a, 0x8a, 0x5a, 0x8a, 0x5a, 0x8a, 0x5a, 0x8a, 0x5a,
    0x8a, 0x5a, 0x8a, 0x5a, 0x8a, 0x5a, 0x8a, 0x5a, 0x8a, 0x5a, 0x8a, 0x5a,
    0x8a, 0x5a, 0x8a, 0x5a, 0x8a, 0x5a, 0x8a, 0x5a, 0x8a, 0x5a, 0x8a, 0x5a,
    0x8a, 0x5a, 0x8a, 0x5a, 0x8a, 0x5a, 0x8a, 0x5a, 0x8a, 0x5a, 0x8a, 0x5a,
    0x8a, 0x5a, 0x8a, 0x5a, 0x8a, 0x5a, 0x8a, 0x5a, 0x8a, 0x5a, 0x8a, 0x5a,
    0x8a, 0x5a, 0x8a, 0x5a, 0x8a, 0x5a, 0x8a, 0x5a, 0x8a, 0x5a, 0x8a, 0x5a,
    0x8a, 0x5a, 0x8a, 0x5a, 0x8a, 0x5a, 0x8a, 0x5a, 0x8a, 0x5a, 0x8a, 0x5a,
    0x8a, 0x5a, 0x8a, 0x5a, 0x8a, 0x5a, 0x8a, 0x5a, 0x8a, 0x5a, 0x8a, 0x5a,
    0x8a, 0x5a, 0x8a, 0x5a, 0x8a, 0x5a, 0x8a, 0x5a, 0x8a, 0x5a, 0x8a, 0x5a,
    0x8a, 0x5a, 0x8a, 0x5a, 0x8a, 0x5a, 0x8a, 0x5a, 0x8a, 0x5a, 0x8a, 0x5a,
    0x8a, 0x5a, 0x8a, 0x5a, 0x8a, 0x5a, 0x8a, 0x5a, 0x8a, 0x5a, 0x8a, 0x5a,
    0x8a, 0x5a, 0x8a, 0x5a, 0x8a, 0x5a, 0x8a, 0x5a, 0x8a, 0x5a, 0x8a, 0x5a,
    0x8a, 0x5a, 0x8a, 0x5a, 0x8a, 0x5a, 0x8a, 0x5a, 0x8a, 0x5a, 0x8a, 0x5a,
    0x8a, 0x5a, 0x8a, 0x5a, 0x8a, 0x5a, 0x8a, 0x5a, 0x8a, 0x5a, 0x8a, 0x5a,
    0x8a, 0x5a, 0x8a, 0x5a, 0x8a, 0x5a, 0x8a, 0x5a, 0x8a, 0x5a, 0x8a, 0x5a,
    0x8a, 0x5a, 0x8a, 0x5a, 0x8a, 0x5a, 0x8a, 0x5a, 0x69, 0x5a, 0x69, 0x5a,
    0x69, 0x5a, 0x49, 0x62, 0x08, 0x6a, 0xe7, 0x71, 0x66, 0xa9, 0xa7, 0xe1,
    0x28, 0xf2, 0x69, 0xfa, 0x69, 0xfa, 0x69, 0xfa, 0x69, 0xfa, 0x28, 0xf2,
    0xa7, 0xe1, 0x86, 0x91, 0xe7, 0x71, 0x08, 0x6a, 0x49, 0x62, 0x69, 0x5a,
    0x69, 0x5a, 0x69, 0x5a, 0x8a, 0x5a, 0x8a, 0x5a, 0x8a, 0x5a, 0x8a, 0x5a,
    0x8a, 0x5a, 0x8a, 0x5a, 0x8a, 0x5a, 0x8a, 0x5a, 0x8a, 0x5a, 0x8a, 0x5a,
    0x8a, 0x5a, 0x8a, 0x5a, 0x8a, 0x5a, 0x8a, 0x5a, 0x8a, 0x5a, 0x8a, 0x5a,
    0x8a, 0x5a, 0x8a, 0x5a, 0x8a, 0x5a, 0x8a, 0x5a, 0x8a, 0x5a, 0x8a, 0x5a,
    0x8a, 0x5a, 0x8a, 0x5a, 0x8a, 0x5a, 0x8a, 0x5a, 0x8a, 0x5a, 0x8a, 0x5a,
    0x8a, 0x5a, 0x8a, 0x5a, 0x8a, 0x5a, 0x8a, 0x5a, 0x8a, 0x5a, 0x8a, 0x5a,
    0x8a, 0x5a, 0x8a, 0x5a, 0x8a, 0x5a, 0x8a, 0x5a, 0x8a, 0x5a, 0x8a, 0x5a,
    0x8a, 0x5a, 0x8a, 0x5a, 0x8a, 0x5a, 0x8a, 0x5a, 0x8a, 0x5a, 0x8a, 0x5a,
    0x8a, 0x5a, 0x8a, 0x5a, 0x8a, 0x5a, 0x8a, 0x5a, 0x8a, 0x5a, 0x8a, 0x5a,
    0x8a, 0x5a, 0x8a, 0x5a, 0x8a, 0x5a, 0x8a, 0x5a, 0x8a, 0x5a, 0x8a, 0x5a,
    0x8a, 0x5a, 0x8a, 0x5a, 0x8a, 0x5a, 0x8a, 0x5a, 0x8a, 0x5a, 0x8a, 0x5a,
    0x8a, 0x5a, 0x8a, 0x5a, 0x8a, 0x5a, 0x8a, 0x5a, 0x8a, 0x5a, 0x8a, 0x5a,
    0x8a, 0x5a, 0x8a, 0x5a, 0x8a, 0x5a, 0x8a, 0x5a, 0x8a, 0x5a, 0x8a, 0x5a,
    0x8a, 0x5a, 0x8a, 0x5a, 0x8a, 0x5a, 0x8a, 0x5a, 0x8a, 0x5a, 0x8a, 0x5a,
    0x8a, 0x5a, 0x8a, 0x5a, 0x8a, 0x5a, 0x8a, 0x5a, 0x8a, 0x5a, 0x8a, 0x5a,
    0x8a, 0x5a, 0x8a, 0x5a, 0x8a, 0x5a, 0x8a, 0x5a, 0x8a, 0x5a, 0x8a, 0x5a,
    0x8a, 0x5a, 0x8a, 0x5a, 0x8a, 0x5a, 0x8a, 0x5a, 0x8a, 0x5a, 0x8a, 0x5a,
    0x8a, 0x5a, 0x8a, 0x5a, 0x8a, 0x5a, 0x8a, 0x5a, 0x8a, 0x5a, 0x8a, 0x5a,
    0x8a, 0x5a, 0x8a, 0x5a, 0x8a, 0x5a, 0x8a, 0x5a, 0x8a, 0x5a, 0x8a, 0x5a,
    0x8a, 0x5a, 0x8a, 0x5a, 0x8a, 0x5a, 0x8a, 0x5a, 0x8a, 0x5a, 0x8a, 0x5a,
    0x8a, 0x5a, 0x8a, 0x5a, 0x8a, 0x5a, 0x8a, 0x5a, 0x8a, 0x5a, 0x8a, 0x5a,
    0x8a, 0x5a, 0x8a, 0x5a, 0x8a, 0x5a, 0x8a, 0x5a, 0x69, 0x5a, 0x69, 0x5a,
    0x69, 0x5a, 0x49, 0x62, 0x49, 0x62, 0x28, 0x6a, 0xc7, 0xa1, 0x65, 0xd1,
    0x45, 0xd1, 0x66, 0xd1, 0xa6, 0xd9, 0xa6, 0xd9, 0x66, 0xd1, 0x45, 0xd1,
    0x65, 0xd1, 0xa6, 0xb9, 0x28, 0x6a, 0x49, 0x62, 0x49, 0x62, 0x69, 0x5a,
    0x69, 0x5a, 0x69, 0x5a, 0x8a, 0x5a, 0x8a, 0x5a, 0x8a, 0x5a, 0x8a, 0x5a,
    0x8a, 0x5a, 0x8a, 0x5a, 0x8a, 0x5a, 0x8a, 0x5a, 0x8a, 0x5a, 0x8a, 0x5a,
    0x8a, 0x5a, 0x8a, 0x5a, 0x8a, 0x5a, 0x8a, 0x5a, 0x8a, 0x5a, 0x8a, 0x5a,
    0x8a, 0x5a, 0x8a, 0x5a, 0x8a, 0x5a, 0x8a, 0x5a, 0x8a, 0x5a, 0x8a, 0x5a,
    0x8a, 0x5a, 0x8a, 0x5a, 0x8a, 0x5a, 0x8a, 0x5a, 0x8a, 0x5a, 0x8a, 0x5a,
    0x8a, 0x5a, 0x8a, 0x5a, 0x8a, 0x5a, 0x8a, 0x5a, 0x8a, 0x5a, 0x8a, 0x5a,
    0x8a, 0x5a, 0x8a, 0x5a, 0x8a, 0x5a, 0x8a, 0x5a, 0x8a, 0x5a, 0x8a, 0x5a,
    0x8a, 0x5a, 0x8a, 0x5a, 0x8a, 0x5a, 0x8a, 0x5a, 0x8a, 0x5a, 0x8a, 0x5a,
    0x8a, 0x5a, 0x8a, 0x5a, 0x8a, 0x5a, 0x8a, 0x5a, 0x8a, 0x5a, 0x8a, 0x5a,
    0x8a, 0x5a, 0x8a, 0x5a, 0x8a, 0x5a, 0x8a, 0x5a, 0x8a, 0x5a, 0x8a, 0x5a,
    0x8a, 0x5a, 0x8a, 0x5a, 0x8a, 0x5a, 0x8a, 0x5a, 0x8a, 0x5a, 0x8a, 0x5a,
    0x69, 0x52, 0x69, 0x5a, 0x69, 0x5a, 0x69, 0x5a, 0x69, 0x52, 0x69, 0x5a,
    0x69, 0x5a, 0x69, 0x5a, 0x69, 0x52, 0x69, 0x5a, 0x69, 0x5a, 0x69, 0x5a,
    0x69, 0x52, 0x69, 0x5a, 0x69, 0x5a, 0x69, 0x5a, 0x69, 0x52, 0x69, 0x5a,
    0x69, 0x5a, 0x69, 0x5a, 0x69, 0x52, 0x69, 0x5a, 0x69, 0x5a, 0x69, 0x5a,
    0x69, 0x52, 0x69, 0x5a, 0x69, 0x5a, 0x69, 0x5a, 0x69, 0x52, 0x69, 0x5a,
    0x69, 0x5a, 0x69, 0x5a, 0x69, 0x52, 0x69, 0x5a, 0x69, 0x5a, 0x69, 0x5a,
    0x69, 0x52, 0x69, 0x5a, 0x69, 0x5a, 0x69, 0x5a, 0x69, 0x52, 0x69, 0x5a,
    0x69, 0x5a, 0x69, 0x5a, 0x69, 0x52, 0x69, 0x5a, 0x69, 0x5a, 0x69, 0x5a,
    0x69, 0x52, 0x69, 0x5a, 0x69, 0x5a, 0x69, 0x5a, 0x69, 0x52, 0x69, 0x5a,
    0x69, 0x5a, 0x69, 0x5a, 0x69, 0x52, 0x69, 0x5a, 0x69, 0x5a, 0x69, 0x5a,
    0x69, 0x52, 0x69, 0x5a, 0x69, 0x5a, 0x69, 0x5a, 0x69, 0x5a, 0x69, 0x5a,
    0x69, 0x5a, 0x69, 0x5a, 0x49, 0x5a, 0x08, 0x9a, 0xa7, 0xd1, 0xa6, 0xd1,
    0x86, 0xd1, 0x86, 0xd1, 0x66, 0xd1, 0x66, 0xd1, 0x86, 0xd1, 0x86, 0xd1,
    0xa6, 0xd1, 0xa7, 0xd1, 0x28, 0x7a, 0x49, 0x62, 0x69, 0x5a, 0x69, 0x5a,
    0x69, 0x5a, 0x69, 0x5a, 0x69, 0x5a, 0x69, 0x5a, 0x69, 0x52, 0x69, 0x5a,
    0x69, 0x5a, 0x69, 0x5a, 0x69, 0x52, 0x69, 0x5a, 0x69, 0x5a, 0x69, 0x5a,
    0x69, 0x52, 0x69, 0x5a, 0x69, 0x5a, 0x69, 0x5a, 0x69, 0x52, 0x69, 0x5a,
    0x69, 0x5a, 0x69, 0x5a, 0x69, 0x52, 0x69, 0x5a, 0x69, 0x5a, 0x69, 0x5a,
    0x69, 0x52, 0x69, 0x5a, 0x69, 0x5a, 0x69, 0x5a, 0x69, 0x52, 0x69, 0x5a,
    0x69, 0x5a, 0x69, 0x5a, 0x69, 0x52, 0x69, 0x5a, 0x69, 0x5a, 0x69, 0x5a,
    0x69, 0x52, 0x69, 0x5a, 0x69, 0x5a, 0x69, 0x5a, 0x69, 0x52, 0x69, 0x5a,
    0x69, 0x5a, 0x69, 0x5a, 0x69, 0x52, 0x69, 0x5a, 0x69, 0x5a, 0x69, 0x5a,
    0x69, 0x52, 0x69, 0x5a, 0x69, 0x5a, 0x69, 0x5a, 0x69, 0x52, 0x69, 0x5a,
    0x69, 0x5a, 0x69, 0x5a, 0x69, 0x52, 0x69, 0x5a, 0x69, 0x5a, 0x69, 0x5a,
    0x69, 0x52, 0x69, 0x5a, 0x69, 0x5a, 0x69, 0x5a, 0x69, 0x52, 0x69, 0x5a,
    0x69, 0x5a, 0x69, 0x5a, 0x69, 0x5a, 0x8a, 0x5a, 0x69, 0x5a, 0x69, 0x5a,
    0x69, 0x5a, 0x8a, 0x5a, 0x69, 0x5a, 0x69, 0x5a, 0x69, 0x5a, 0x8a, 0x5a,
    0x69, 0x5a, 0x69, 0x5a, 0x69, 0x5a, 0x8a, 0x5a, 0x69, 0x5a, 0x69, 0x5a,
    0x69, 0x5a, 0x8a, 0x5a, 0x69, 0x5a, 0x69, 0x5a, 0x69, 0x5a, 0x8a, 0x5a,
    0x69, 0x5a, 0x69, 0x5a, 0x69, 0x5a, 0x8a, 0x5a, 0x69, 0x5a, 0x69, 0x5a,
    0x69, 0x5a, 0x8a, 0x5a, 0x69, 0x5a, 0x69, 0x5a, 0x69, 0x5a, 0x8a, 0x5a,
    0x69, 0x5a, 0x69, 0x5a, 0x69, 0x5a, 0x8a, 0x5a, 0x69, 0x5a, 0x69, 0x5a,
    0x69, 0x5a, 0x8a, 0x5a, 0x69, 0x5a, 0x69, 0x5a, 0x69, 0x5a, 0x8a, 0x5a,
    0x69, 0x5a, 0x69, 0x5a, 0x69, 0x5a, 0x8a, 0x5a, 0x69, 0x5a, 0x69, 0x5a,
    0x69, 0x5a, 0x8a, 0x5a, 0x69, 0x5a, 0x69, 0x5a, 0x69, 0x5a, 0x8a, 0x5a,
    0x69, 0x5a, 0x69, 0x5a, 0x69, 0x5a, 0x8a, 0x5a, 0x69, 0x5a, 0x69, 0x5a,
    0x69, 0x5a, 0x69, 0x5a, 0x69, 0x5a, 0x28, 0x9a, 0xe7, 0xd1, 0xc7, 0xd1,
    0xc7, 0xd1, 0xc7, 0xd1, 0xc7, 0xd1, 0xc7, 0xd1, 0xc7, 0xd1, 0xc7, 0xd1,
    0xc7, 0xd1, 0xe7, 0xd1, 0x08, 0xb2, 0x69, 0x5a, 0x69, 0x5a, 0x69, 0x5a,
    0x69, 0x5a, 0x69, 0x5a, 0x69, 0x5a, 0x8a, 0x5a, 0x69, 0x5a, 0x69, 0x5a,
    0x69, 0x5a, 0x8a, 0x5a, 0x69, 0x5a, 0x69, 0x5a, 0x69, 0x5a, 0x8a, 0x5a,
    0x69, 0x5a, 0x69, 0x5a, 0x69, 0x5a, 0x8a, 0x5a, 0x69, 0x5a, 0x69, 0x5a,
    0x69, 0x5a, 0x8a, 0x5a, 0x69, 0x5a, 0x69, 0x5a, 0x69, 0x5a, 0x8a, 0x5a,
    0x69, 0x5a, 0x69, 0x5a, 0x69, 0x5a, 0x8a, 0x5a, 0x69, 0x5a, 0x69, 0x5a,
    0x69, 0x5a, 0x8a, 0x5a, 0x69, 0x5a, 0x69, 0x5a, 0x69, 0x5a, 0x8a, 0x5a,
    0x69, 0x5a, 0x69, 0x5a, 0x69, 0x5a, 0x8a, 0x5a, 0x69, 0x5a, 0x69, 0x5a,
    0x69, 0x5a, 0x8a, 0x5a, 0x69, 0x5a, 0x69, 0x5a, 0x69, 0x5a, 0x8a, 0x5a,
    0x69, 0x5a, 0x69, 0x5a, 0x69, 0x5a, 0x8a, 0x5a, 0x69, 0x5a, 0x69, 0x5a,
    0x69, 0x5a, 0x8a, 0x5a, 0x69, 0x5a, 0x69, 0x5a, 0x69, 0x5a, 0x8a, 0x5a,
    0x69, 0x5a, 0x69, 0x5a, 0x69, 0x5a, 0x8a, 0x5a, 0x69, 0x5a, 0x69, 0x5a,
    0x69, 0x52, 0x69, 0x52, 0x69, 0x52, 0x69, 0x5a, 0x69, 0x52, 0x69, 0x5a,
    0x69, 0x52, 0x69, 0x5a, 0x69, 0x52, 0x69, 0x52, 0x69, 0x52, 0x69, 0x5a,
    0x69, 0x52, 0x69, 0x5a, 0x69, 0x52, 0x69, 0x5a, 0x69, 0x52, 0x69, 0x52,
    0x69, 0x52, 0x69, 0x5a, 0x69, 0x52, 0x69, 0x5a, 0x69, 0x52, 0x69, 0x5a,
    0x69, 0x52, 0x69, 0x52, 0x69, 0x52, 0x69, 0x5a, 0x69, 0x52, 0x69, 0x5a,
    0x69, 0x52, 0x69, 0x5a, 0x69, 0x52, 0x69, 0x52, 0x69, 0x52, 0x69, 0x5a,
    0x69, 0x52, 0x69, 0x5a, 0x69, 0x52, 0x69, 0x5a, 0x69, 0x52, 0x69, 0x52,
    0x69, 0x52, 0x69, 0x5a, 0x69, 0x52, 0x69, 0x5a, 0x69, 0x52, 0x69, 0x5a,
    0x69, 0x52, 0x69, 0x52, 0x69, 0x52, 0x69, 0x5a, 0x69, 0x52, 0x69, 0x5a,
    0x69, 0x52, 0x69, 0x5a, 0x69, 0x52, 0x69, 0x52, 0x69, 0x52, 0x69, 0x5a,
    0x69, 0x52, 0x69, 0x5a, 0x69, 0x52, 0x69, 0x5a, 0x69, 0x52, 0x69, 0x52,
    0x69, 0x5a, 0x69, 0x5a, 0x49, 0x92, 0x08, 0xd2, 0x08, 0xd2, 0x08, 0xd2,
    0xe8, 0xd1, 0xe8, 0xd1, 0xe8, 0xd1, 0xe8, 0xd1, 0xe8, 0xd1, 0x08, 0xd2,
    0x08, 0xd2, 0x08, 0xd2, 0x08, 0xd2, 0x49, 0x72, 0x69, 0x5a, 0x69, 0x5a,
    0x69, 0x52, 0x69, 0x5a, 0x69, 0x52, 0x69, 0x5a, 0x69, 0x52, 0x69, 0x52,
    0x69, 0x52, 0x69, 0x5a, 0x69, 0x52, 0x69, 0x5a, 0x69, 0x52, 0x69, 0x5a,
    0x69, 0x52, 0x69, 0x52, 0x69, 0x52, 0x69, 0x5a, 0x69, 0x52, 0x69, 0x5a,
    0x69, 0x52, 0x69, 0x5a, 0x69, 0x52, 0x69, 0x52, 0x69, 0x52, 0x69, 0x5a,
    0x69, 0x52, 0x69, 0x5a, 0x69, 0x52, 0x69, 0x5a, 0x69, 0x52, 0x69, 0x52,
    0x69, 0x52, 0x69, 0x5a, 0x69, 0x52, 0x69, 0x5a, 0x69, 0x52, 0x69, 0x5a,
    0x69, 0x52, 0x69, 0x52, 0x69, 0x52, 0x69, 0x5a, 0x69, 0x52, 0x69, 0x5a,
    0x69, 0x52, 0x69, 0x5a, 0x69, 0x52, 0x69, 0x52, 0x69, 0x52, 0x69, 0x5a,
    0x69, 0x52, 0x69, 0x5a, 0x69, 0x52, 0x69, 0x5a, 0x69, 0x52, 0x69, 0x52,
    0x69, 0x52, 0x69, 0x5a, 0x69, 0x52, 0x69, 0x5a, 0x69, 0x52, 0x69, 0x5a,
    0x69, 0x52, 0x69, 0x52, 0x69, 0x52, 0x69, 0x5a, 0x69, 0x52, 0x69, 0x5a,
    0x69, 0x5a, 0x69, 0x5a, 0x69, 0x5a, 0x69, 0x5a, 0x69, 0x5a, 0x69, 0x5a,
    0x69, 0x5a, 0x69, 0x5a, 0x69, 0x5a, 0x69, 0x5a, 0x69, 0x5a, 0x69, 0x5a,
    0x69, 0x5a, 0x69, 0x5a, 0x69, 0x5a, 0x69, 0x5a, 0x69, 0x5a, 0x69, 0x5a,
    0x69, 0x5a, 0x69, 0x5a, 0x69, 0x5a, 0x69, 0x5a, 0x69, 0x5a, 0x69, 0x5a,
    0x69, 0x5a, 0x69, 0x5a, 0x69, 0x5a, 0x69, 0x5a, 0x69, 0x5a, 0x69, 0x5a,
    0x69, 0x5a, 0x69, 0x5a, 0x69, 0x5a, 0x69, 0x5a, 0x69, 0x5a, 0x69, 0x5a,
    0x69, 0x5a, 0x69, 0x5a, 0x69, 0x5a, 0x69, 0x5a, 0x69, 0x5a, 0x69, 0x5a,
    0x69, 0x5a, 0x69, 0x5a, 0x69, 0x5a, 0x69, 0x5a, 0x69, 0x5a, 0x69, 0x5a,
    0x69, 0x5a, 0x69, 0x5a, 0x69, 0x5a, 0x69, 0x5a, 0x69, 0x5a, 0x69, 0x5a,
    0x69, 0x5a, 0x69, 0x5a, 0x69, 0x5a, 0x69, 0x5a, 0x69, 0x5a, 0x69, 0x5a,
    0x69, 0x5a, 0x69, 0x5a, 0x69, 0x5a, 0x69, 0x5a, 0x69, 0x5a, 0x69, 0x5a,
    0x69, 0x5a, 0x69, 0x5a, 0x49, 0x92, 0x29, 0xd2, 0x29, 0xd2, 0x29, 0xd2,
    0x28, 0xd2, 0x29, 0xd2, 0x28, 0xd2, 0x29, 0xd2, 0x28, 0xd2, 0x29, 0xd2,
    0x29, 0xd2, 0x29, 0xd2, 0x29, 0xd2, 0x49, 0xb2, 0x69, 0x5a, 0x69, 0x5a,
    0x69, 0x5a, 0x69, 0x5a, 0x69, 0x5a, 0x69, 0x5a, 0x69, 0x5a, 0x69, 0x5a,
    0x69, 0x5a, 0x69, 0x5a, 0x69, 0x5a, 0x69, 0x5a, 0x69, 0x5a, 0x69, 0x5a,
    0x69, 0x5a, 0x69, 0x5a, 0x69, 0x5a, 0x69, 0x5a, 0x69, 0x5a, 0x69, 0x5a,
    0x69, 0x5a, 0x69, 0x5a, 0x69, 0x5a, 0x69, 0x5a, 0x69, 0x5a, 0x69, 0x5a,
    0x69, 0x5a, 0x69, 0x5a, 0x69, 0x5a, 0x69, 0x5a, 0x69, 0x5a, 0x69, 0x5a,
    0x69, 0x5a, 0x69, 0x5a, 0x69, 0x5a, 0x69, 0x5a, 0x69, 0x5a, 0x69, 0x5a,
    0x69, 0x5a, 0x69, 0x5a, 0x69, 0x5a, 0x69, 0x5a, 0x69, 0x5a, 0x69, 0x5a,
    0x69, 0x5a, 0x69, 0x5a, 0x69, 0x5a, 0x69, 0x5a, 0x69, 0x5a, 0x69, 0x5a,
    0x69, 0x5a, 0x69, 0x5a, 0x69, 0x5a, 0x69, 0x5a, 0x69, 0x5a, 0x69, 0x5a,
    0x69, 0x5a, 0x69, 0x5a, 0x69, 0x5a, 0x69, 0x5a, 0x69, 0x5a, 0x69, 0x5a,
    0x69, 0x5a, 0x69, 0x5a, 0x69, 0x5a, 0x69, 0x5a, 0x69, 0x5a, 0x69, 0x5a,
    0x69, 0x52, 0x69, 0x52, 0x69, 0x52, 0x69, 0x52, 0x69, 0x52, 0x69, 0x52,
    0x69, 0x52, 0x69, 0x52, 0x69, 0x52, 0x69, 0x52, 0x69, 0x52, 0x69, 0x52,
    0x69, 0x52, 0x69, 0x52, 0x69, 0x52, 0x69, 0x52, 0x69, 0x52, 0x69, 0x52,
    0x69, 0x52, 0x69, 0x52, 0x69, 0x52, 0x69, 0x52, 0x69, 0x52, 0x69, 0x52,
    0x69, 0x52, 0x69, 0x52, 0x69, 0x52, 0x69, 0x52, 0x69, 0x52, 0x69, 0x52,
    0x69, 0x52, 0x69, 0x52, 0x69, 0x52, 0x69, 0x52, 0x69, 0x52, 0x69, 0x52,
    0x69, 0x52, 0x69, 0x52, 0x69, 0x52, 0x69, 0x52, 0x69, 0x52, 0x69, 0x52,
    0x69, 0x52, 0x69, 0x52, 0x69, 0x52, 0x69, 0x52, 0x69, 0x52, 0x69, 0x52,
    0x69, 0x52, 0x69, 0x52, 0x69, 0x52, 0x69, 0x52, 0x69, 0x52, 0x69, 0x52,
    0x69, 0x52, 0x69, 0x52, 0x69, 0x52, 0x69, 0x52, 0x69, 0x52, 0x69, 0x52,
    0x69, 0x52, 0x69, 0x52, 0x69, 0x52, 0x69, 0x52, 0x69, 0x52, 0x69, 0x52,
    0x69, 0x52, 0x69, 0x92, 0x49, 0xd2, 0x49, 0xd2, 0x49, 0xd2, 0x49, 0xd2,
    0x29, 0xd2, 0x49, 0xd2, 0x29, 0xd2, 0x49, 0xd2, 0x29, 0xd2, 0x49, 0xd2,
    0x29, 0xd2, 0x49, 0xd2, 0x49, 0xd2, 0x49, 0xd2, 0x69, 0x72, 0x69, 0x52,
    0x69, 0x52, 0x69, 0x52, 0x69, 0x52, 0x69, 0x52, 0x69, 0x52, 0x69, 0x52,
    0x69, 0x52, 0x69, 0x52, 0x69, 0x52, 0x69, 0x52, 0x69, 0x52, 0x69, 0x52,
    0x69, 0x52, 0x69, 0x52, 0x69, 0x52, 0x69, 0x52, 0x69, 0x52, 0x69, 0x52,
    0x69, 0x52, 0x69, 0x52, 0x69, 0x52, 0x69, 0x52, 0x69, 0x52, 0x69, 0x52,
    0x69, 0x52, 0x69, 0x52, 0x69, 0x52, 0x69, 0x52, 0x69, 0x52, 0x69, 0x52,
    0x69, 0x52, 0x69, 0x52, 0x69, 0x52, 0x69, 0x52, 0x69, 0x52, 0x69, 0x52,
    0x69, 0x52, 0x69, 0x52, 0x69, 0x52, 0x69, 0x52, 0x69, 0x52, 0x69, 0x52,
    0x69, 0x52, 0x69, 0x52, 0x69, 0x52, 0x69, 0x52, 0x69, 0x52, 0x69, 0x52,
    0x69, 0x52, 0x69, 0x52, 0x69, 0x52, 0x69, 0x52, 0x69, 0x52, 0x69, 0x52,
    0x69, 0x52, 0x69, 0x52, 0x69, 0x52, 0x69, 0x52, 0x69, 0x52, 0x69, 0x52,
    0x69, 0x52, 0x69, 0x52, 0x69, 0x52, 0x69, 0x52, 0x69, 0x52, 0x69, 0x52,
    0x69, 0x52, 0x69, 0x52, 0x69, 0x52, 0x69, 0x52, 0x69, 0x52, 0x69, 0x52,
    0x69, 0x52, 0x69, 0x52, 0x69, 0x52, 0x69, 0x52, 0x69, 0x52, 0x69, 0x52,
    0x69, 0x52, 0x69, 0x52, 0x69, 0x52, 0x69, 0x52, 0x69, 0x52, 0x69, 0x52,
    0x69, 0x52, 0x69, 0x52, 0x69, 0x52, 0x69, 0x52, 0x69, 0x52, 0x69, 0x52,
    0x69, 0x52, 0x69, 0x52, 0x69, 0x52, 0x69, 0x52, 0x69, 0x52, 0x69, 0x52,
    0x69, 0x52, 0x69, 0x52, 0x69, 0x52, 0x69, 0x52, 0x69, 0x52, 0x69, 0x52,
    0x69, 0x52, 0x69, 0x52, 0x69, 0x52, 0x69, 0x52, 0x69, 0x52, 0x69, 0x52,
    0x69, 0x52, 0x69, 0x52, 0x69, 0x52, 0x69, 0x52, 0x69, 0x52, 0x69, 0x52,
    0x69, 0x52, 0x69, 0x52, 0x69, 0x52, 0x69, 0x52, 0x69, 0x52, 0x69, 0x52,
    0x69, 0x52, 0x69, 0x52, 0x69, 0x52, 0x69, 0x52, 0x69, 0x52, 0x69, 0x52,
    0x69, 0x52, 0x69, 0x52, 0x69, 0x52, 0x69, 0x52, 0x69, 0x52, 0x69, 0x52,
    0x69, 0x52, 0x69, 0x92, 0x69, 0xd2, 0x69, 0xd2, 0x69, 0xd2, 0x69, 0xd2,
    0x49, 0xd2, 0x69, 0xd2, 0x69, 0xd2, 0x69, 0xd2, 0x69, 0xd2, 0x69, 0xd2,
    0x69, 0xd2, 0x69, 0xd2, 0x49, 0xd2, 0x69, 0xd2, 0x69, 0xb2, 0x69, 0x52,
    0x69, 0x52, 0x69, 0x52, 0x69, 0x52, 0x69, 0x52, 0x69, 0x52, 0x69, 0x52,
    0x69, 0x52, 0x69, 0x52, 0x69, 0x52, 0x69, 0x52, 0x69, 0x52, 0x69, 0x52,
    0x69, 0x52, 0x69, 0x52, 0x69, 0x52, 0x69, 0x52, 0x69, 0x52, 0x69, 0x52,
    0x69, 0x52, 0x69, 0x52, 0x69, 0x52, 0x69, 0x52, 0x69, 0x52, 0x69, 0x52,
    0x69, 0x52, 0x69, 0x52, 0x69, 0x52, 0x69, 0x52, 0x69, 0x52, 0x69, 0x52,
    0x69, 0x52, 0x69, 0x52, 0x69, 0x52, 0x69, 0x52, 0x69, 0x52, 0x69, 0x52,
    0x69, 0x52, 0x69, 0x52, 0x69, 0x52, 0x69, 0x52, 0x69, 0x52, 0x69, 0x52,
    0x69, 0x52, 0x69, 0x52, 0x69, 0x52, 0x69, 0x52, 0x69, 0x52, 0x69, 0x52,
    0x69, 0x52, 0x69, 0x52, 0x69, 0x52, 0x69, 0x52, 0x69, 0x52, 0x69, 0x52,
    0x69, 0x52, 0x69, 0x52, 0x69, 0x52, 0x69, 0x52, 0x69, 0x52, 0x69, 0x52,
    0x69, 0x52, 0x69, 0x52, 0x69, 0x52, 0x69, 0x52, 0x69, 0x52, 0x69, 0x52,
    0x69, 0x52, 0x69, 0x52, 0x69, 0x52, 0x69, 0x52, 0x69, 0x52, 0x69, 0x52,
    0x69, 0x52, 0x69, 0x52, 0x69, 0x52, 0x69, 0x52, 0x69, 0x52, 0x69, 0x52,
    0x69, 0x52, 0x69, 0x52, 0x69, 0x52, 0x69, 0x52, 0x69, 0x52, 0x69, 0x52,
    0x69, 0x52, 0x69, 0x52, 0x69, 0x52, 0x69, 0x52, 0x69, 0x52, 0x69, 0x52,
    0x69, 0x52, 0x69, 0x52, 0x69, 0x52, 0x69, 0x52, 0x69, 0x52, 0x69, 0x52,
    0x69, 0x52, 0x69, 0x52, 0x69, 0x52, 0x69, 0x52, 0x69, 0x52, 0x69, 0x52,
    0x69, 0x52, 0x69, 0x52, 0x69, 0x52, 0x69, 0x52, 0x69, 0x52, 0x69, 0x52,
    0x69, 0x52, 0x69, 0x52, 0x69, 0x52, 0x69, 0x52, 0x69, 0x52, 0x69, 0x52,
    0x69, 0x52, 0x69, 0x52, 0x69, 0x52, 0x69, 0x52, 0x69, 0x52, 0x69, 0x52,
    0x69, 0x52, 0x69, 0x52, 0x69, 0x52, 0x69, 0x52, 0x69, 0x52, 0x69, 0x52,
    0x69, 0x52, 0x69, 0x52, 0x69, 0x52, 0x69, 0x52, 0x69, 0x52, 0x69, 0x52,
    0x6a, 0x92, 0x6a, 0xd2, 0x6a, 0xd2, 0x6a, 0xd2, 0x6a, 0xd2, 0x6a, 0xd2,
    0x6a, 0xd2, 0x6a, 0xd2, 0x6a, 0xd2, 0x6a, 0xd2, 0x6a, 0xd2, 0x6a, 0xd2,
    0x6a, 0xd2, 0x6a, 0xd2, 0x6a, 0xd2, 0x6a, 0xd2, 0x6a, 0xd2, 0x69, 0x72,
    0x69, 0x52, 0x69, 0x52, 0x69, 0x52, 0x69, 0x52, 0x69, 0x52, 0x69, 0x52,
    0x69, 0x52, 0x69, 0x52, 0x69, 0x52, 0x69, 0x52, 0x69, 0x52, 0x69, 0x52,
    0x69, 0x52, 0x69, 0x52, 0x69, 0x52, 0x69, 0x52, 0x69, 0x52, 0x69, 0x52,
    0x69, 0x52, 0x69, 0x52, 0x69, 0x52, 0x69, 0x52, 0x69, 0x52, 0x69, 0x52,
    0x69, 0x52, 0x69, 0x52, 0x69, 0x52, 0x69, 0x52, 0x69, 0x52, 0x69, 0x52,
    0x69, 0x52, 0x69, 0x52, 0x69, 0x52, 0x69, 0x52, 0x69, 0x52, 0x69, 0x52,
    0x69, 0x52, 0x69, 0x52, 0x69, 0x52, 0x69, 0x52, 0x69, 0x52, 0x69, 0x52,
    0x69, 0x52, 0x69, 0x52, 0x69, 0x52, 0x69, 0x52, 0x69, 0x52, 0x69, 0x52,
    0x69, 0x52, 0x69, 0x52, 0x69, 0x52, 0x69, 0x52, 0x69, 0x52, 0x69, 0x52,
    0x69, 0x52, 0x69, 0x52, 0x69, 0x52, 0x69, 0x52, 0x69, 0x52, 0x69, 0x52,
    0x69, 0x52, 0x69, 0x52, 0x69, 0x52, 0x69, 0x52, 0x69, 0x52, 0x69, 0x52,
    0x69, 0x52, 0x69, 0x52, 0x69, 0x52, 0x69, 0x52, 0x69, 0x52, 0x69, 0x52,
    0x69, 0x52, 0x69, 0x52, 0x69, 0x52, 0x69, 0x52, 0x69, 0x52, 0x69, 0x52,
    0x69, 0x52, 0x69, 0x52, 0x69, 0x52, 0x69, 0x52, 0x69, 0x52, 0x69, 0x52,
    0x69, 0x52, 0x69, 0x52, 0x69, 0x52, 0x69, 0x52, 0x69, 0x52, 0x69, 0x52,
    0x69, 0x52, 0x69, 0x52, 0x69, 0x52, 0x69, 0x52, 0x69, 0x52, 0x69, 0x52,
    0x69, 0x52, 0x69, 0x52, 0x69, 0x52, 0x69, 0x52, 0x69, 0x52, 0x69, 0x52,
    0x69, 0x52, 0x69, 0x52, 0x69, 0x52, 0x69, 0x52, 0x69, 0x52, 0x69, 0x52,
    0x69, 0x52, 0x69, 0x52, 0x69, 0x52, 0x69, 0x52, 0x69, 0x52, 0x69, 0x52,
    0x69, 0x52, 0x69, 0x52, 0x69, 0x52, 0x69, 0x52, 0x69, 0x52, 0x69, 0x52,
    0x69, 0x52, 0x69, 0x52, 0x69, 0x52, 0x69, 0x52, 0x69, 0x52, 0x69, 0x52,
    0x69, 0x52, 0x69, 0x52, 0x69, 0x52, 0x69, 0x52, 0x69, 0x52, 0x69, 0x52,
    0x8a, 0x9a, 0x8a, 0xda, 0x8a, 0xda, 0x8a, 0xda, 0x8a, 0xda, 0x8a, 0xda,
    0x8a, 0xda, 0x8a, 0xda, 0x8a, 0xda, 0x8a, 0xda, 0x8a, 0xda, 0x8a, 0xda,
    0x8a, 0xda, 0x8a, 0xda, 0x8a, 0xda, 0x8a, 0xda, 0x8a, 0xda, 0x8a, 0xba,
    0x69, 0x52, 0x69, 0x52, 0x69, 0x52, 0x69, 0x52, 0x69, 0x52, 0x69, 0x52,
    0x69, 0x52, 0x69, 0x52, 0x69, 0x52, 0x69, 0x52, 0x69, 0x52, 0x69, 0x52,
    0x69, 0x52, 0x69, 0x52, 0x69, 0x52, 0x69, 0x52, 0x69, 0x52, 0x69, 0x52,
    0x69, 0x52, 0x69, 0x52, 0x69, 0x52, 0x69, 0x52, 0x69, 0x52, 0x69, 0x52,
    0x69, 0x52, 0x69, 0x52, 0x69, 0x52, 0x69, 0x52, 0x69, 0x52, 0x69, 0x52,
    0x69, 0x52, 0x69, 0x52, 0x69, 0x52, 0x69, 0x52, 0x69, 0x52, 0x69, 0x52,
    0x69, 0x52, 0x69, 0x52, 0x69, 0x52, 0x69, 0x52, 0x69, 0x52, 0x69, 0x52,
    0x69, 0x52, 0x69, 0x52, 0x69, 0x52, 0x69, 0x52, 0x69, 0x52, 0x69, 0x52,
    0x69, 0x52, 0x69, 0x52, 0x69, 0x52, 0x69, 0x52, 0x69, 0x52, 0x69, 0x52,
    0x69, 0x52, 0x69, 0x52, 0x69, 0x52, 0x69, 0x52, 0x69, 0x52, 0x69, 0x52,
    0x69, 0x52, 0x69, 0x52, 0x69, 0x52, 0x69, 0x52, 0x69, 0x52, 0x69, 0x52,
    0x69, 0x52, 0x69, 0x52, 0x69, 0x52, 0x69, 0x52, 0x69, 0x52, 0x69, 0x52,
    0x69, 0x52, 0x69, 0x52, 0x69, 0x52, 0x69, 0x52, 0x69, 0x52, 0x69, 0x52,
    0x69, 0x52, 0x69, 0x52, 0x69, 0x52, 0x69, 0x52, 0x69, 0x52, 0x69, 0x52,
    0x69, 0x52, 0x69, 0x52, 0x69, 0x52, 0x69, 0x52, 0x69, 0x52, 0x69, 0x52,
    0x69, 0x52, 0x69, 0x52, 0x69, 0x52, 0x69, 0x52, 0x69, 0x52, 0x69, 0x52,
    0x69, 0x52, 0x69, 0x52, 0x69, 0x52, 0x69, 0x52, 0x69, 0x52, 0x69, 0x52,
    0x69, 0x52, 0x69, 0x52, 0x69, 0x52, 0x69, 0x52, 0x69, 0x52, 0x69, 0x52,
    0x69, 0x52, 0x69, 0x52, 0x69, 0x52, 0x69, 0x52, 0x69, 0x52, 0x69, 0x52,
    0x69, 0x52, 0x69, 0x52, 0x69, 0x52, 0x69, 0x52, 0x69, 0x52, 0x69, 0x52,
    0x69, 0x52, 0x69, 0x52, 0x69, 0x52, 0x69, 0x52, 0x69, 0x52, 0x69, 0x52,
    0x69, 0x52, 0x69, 0x52, 0x69, 0x52, 0x69, 0x52, 0x69, 0x52, 0x8a, 0x92,
    0x8a, 0xda, 0x8a, 0xda, 0x8a, 0xda, 0x8a, 0xda, 0x8a, 0xda, 0x8a, 0xda,
    0x8a, 0xda, 0x8a, 0xda, 0x8a, 0xda, 0x8a, 0xda, 0x8a, 0xda, 0x8a, 0xda,
    0x8a, 0xda, 0x8a, 0xda, 0x8a, 0xda, 0x8a, 0xda, 0x8a, 0xda, 0x8a, 0xda,
    0x6a, 0x72, 0x69, 0x52, 0x69, 0x52, 0x69, 0x52, 0x69, 0x52, 0x69, 0x52,
    0x69, 0x52, 0x69, 0x52, 0x69, 0x52, 0x69, 0x52, 0x69, 0x52, 0x69, 0x52,
    0x69, 0x52, 0x69, 0x52, 0x69, 0x52, 0x69, 0x52, 0x69, 0x52, 0x69, 0x52,
    0x69, 0x52, 0x69, 0x52, 0x69, 0x52, 0x69, 0x52, 0x69, 0x52, 0x69, 0x52,
    0x69, 0x52, 0x69, 0x52, 0x69, 0x52, 0x69, 0x52, 0x69, 0x52, 0x69, 0x52,
    0x69, 0x52, 0x69, 0x52, 0x69, 0x52, 0x69, 0x52, 0x69, 0x52, 0x69, 0x52,
    0x69, 0x52, 0x69, 0x52, 0x69, 0x52, 0x69, 0x52, 0x69, 0x52, 0x69, 0x52,
    0x69, 0x52, 0x69, 0x52, 0x69, 0x52, 0x69, 0x52, 0x69, 0x52, 0x69, 0x52,
    0x69, 0x52, 0x69, 0x52, 0x69, 0x52, 0x69, 0x52, 0x69, 0x52, 0x69, 0x52,
    0x69, 0x52, 0x69, 0x52, 0x69, 0x52, 0x69, 0x52, 0x69, 0x52, 0x69, 0x52,
    0x69, 0x52, 0x69, 0x52, 0x69, 0x52, 0x69, 0x52, 0x69, 0x52, 0x69, 0x52,
    0x69, 0x52, 0x69, 0x52, 0x69, 0x52, 0x69, 0x52, 0x69, 0x52, 0x69, 0x52,
    0x69, 0x52, 0x69, 0x52, 0x69, 0x52, 0x69, 0x52, 0x69, 0x52, 0x69, 0x52,
    0x69, 0x52, 0x69, 0x52, 0x69, 0x52, 0x69, 0x52, 0x69, 0x52, 0x69, 0x52,
    0x69, 0x52, 0x69, 0x52, 0x69, 0x52, 0x69, 0x52, 0x69, 0x52, 0x69, 0x52,
    0x69, 0x52, 0x69, 0x52, 0x69, 0x52, 0x69, 0x52, 0x69, 0x52, 0x69, 0x52,
    0x69, 0x52, 0x69, 0x52, 0x69, 0x52, 0x69, 0x52, 0x69, 0x52, 0x69, 0x52,
    0x69, 0x52, 0x69, 0x52, 0x69, 0x52, 0x69, 0x52, 0x69, 0x52, 0x69, 0x52,
    0x69, 0x52, 0x69, 0x52, 0x69, 0x52, 0x69, 0x52, 0x69, 0x52, 0x69, 0x52,
    0x69, 0x52, 0x69, 0x52, 0x69, 0x52, 0x69, 0x52, 0x69, 0x52, 0x69, 0x52,
    0x69, 0x52, 0x69, 0x52, 0x69, 0x52, 0x69, 0x52, 0x69, 0x52, 0x69, 0x52,
    0x69, 0x52, 0x69, 0x52, 0x69, 0x52, 0x69, 0x52, 0x69, 0x52, 0x8a, 0x9a,
    0xab, 0xda, 0xab, 0xda, 0xab, 0xda, 0xab, 0xda, 0xab, 0xda, 0xab, 0xda,
    0xab, 0xda, 0xab, 0xda, 0xab, 0xda, 0xab, 0xda, 0xab, 0xda, 0xab, 0xda,
    0xab, 0xda, 0xab, 0xda, 0xab, 0xda, 0xab, 0xda, 0xab, 0xda, 0xab, 0xda,
    0xaa, 0xba, 0x69, 0x52, 0x69, 0x52, 0x69, 0x52, 0x69, 0x52, 0x69, 0x52,
    0x69, 0x52, 0x69, 0x52, 0x69, 0x52, 0x69, 0x52, 0x69, 0x52, 0x69, 0x52,
    0x69, 0x52, 0x69, 0x52, 0x69, 0x52, 0x69, 0x52, 0x69, 0x52, 0x69, 0x52,
    0x69, 0x52, 0x69, 0x52, 0x69, 0x52, 0x69, 0x52, 0x69, 0x52, 0x69, 0x52,
    0x69, 0x52, 0x69, 0x52, 0x69, 0x52, 0x69, 0x52, 0x69, 0x52, 0x69, 0x52,
    0x69, 0x52, 0x69, 0x52, 0x69, 0x52, 0x69, 0x52, 0x69, 0x52, 0x69, 0x52,
    0x69, 0x52, 0x69, 0x52, 0x69, 0x52, 0x69, 0x52, 0x69, 0x52, 0x69, 0x52,
    0x69, 0x52, 0x69, 0x52, 0x69, 0x52, 0x69, 0x52, 0x69, 0x52, 0x69, 0x52,
    0x69, 0x52, 0x69, 0x52, 0x69, 0x52, 0x69, 0x52, 0x69, 0x52, 0x69, 0x52,
    0x69, 0x52, 0x69, 0x52, 0x69, 0x52, 0x69, 0x52, 0x69, 0x52, 0x69, 0x52,
    0x69, 0x52, 0x69, 0x52, 0x69, 0x52, 0x69, 0x52, 0x69, 0x52, 0x69, 0x52,
    0x69, 0x52, 0x69, 0x52, 0x69, 0x52, 0x69, 0x52, 0x69, 0x52, 0x69, 0x52,
    0x69, 0x52, 0x69, 0x52, 0x69, 0x52, 0x69, 0x52, 0x69, 0x52, 0x69, 0x52,
    0x69, 0x52, 0x69, 0x52, 0x69, 0x52, 0x69, 0x52, 0x69, 0x52, 0x69, 0x52,
    0x69, 0x52, 0x69, 0x52, 0x69, 0x52, 0x69, 0x52, 0x69, 0x52, 0x69, 0x52,
    0x69, 0x52, 0x69, 0x52, 0x69, 0x52, 0x69, 0x52, 0x69, 0x52, 0x69, 0x52,
    0x69, 0x52, 0x69, 0x52, 0x69, 0x52, 0x69, 0x52, 0x69, 0x52, 0x69, 0x52,
    0x69, 0x52, 0x69, 0x52, 0x69, 0x52, 0x69, 0x52, 0x69, 0x52, 0x69, 0x52,
    0x69, 0x52, 0x69, 0x52, 0x69, 0x52, 0x69, 0x52, 0x69, 0x52, 0x69, 0x52,
    0x69, 0x52, 0x69, 0x52, 0x69, 0x52, 0x69, 0x52, 0x69, 0x52, 0x69, 0x52,
    0x69, 0x52, 0x69, 0x52, 0x69, 0x52, 0x69, 0x52, 0x69, 0x52, 0x69, 0x52,
    0x69, 0x52, 0x69, 0x52, 0x69, 0x52, 0x69, 0x52, 0x8a, 0x9a, 0xcb, 0xda,
    0xcb, 0xda, 0xcb, 0xda, 0xcb, 0xda, 0xcb, 0xda, 0xcb, 0xda, 0xcb, 0xda,
    0xcb, 0xda, 0xcb, 0xda, 0xcb, 0xda, 0xcb, 0xda, 0xcb, 0xda, 0xcb, 0xda,
    0xcb, 0xda, 0xcb, 0xda, 0xcb, 0xda, 0xcb, 0xda, 0xcb, 0xda, 0xcb, 0xda,
    0xcb, 0xda, 0x8a, 0x72, 0x69, 0x52, 0x69, 0x52, 0x69, 0x52, 0x69, 0x52,
    0x69, 0x52, 0x69, 0x52, 0x69, 0x52, 0x69, 0x52, 0x69, 0x52, 0x69, 0x52,
    0x69, 0x52, 0x69, 0x52, 0x69, 0x52, 0x69, 0x52, 0x69, 0x52, 0x69, 0x52,
    0x69, 0x52, 0x69, 0x52, 0x69, 0x52, 0x69, 0x52, 0x69, 0x52, 0x69, 0x52,
    0x69, 0x52, 0x69, 0x52, 0x69, 0x52, 0x69, 0x52, 0x69, 0x52, 0x69, 0x52,
    0x69, 0x52, 0x69, 0x52, 0x69, 0x52, 0x69, 0x52, 0x69, 0x52, 0x69, 0x52,
    0x69, 0x52, 0x69, 0x52, 0x69, 0x52, 0x69, 0x52, 0x69, 0x52, 0x69, 0x52,
    0x69, 0x52, 0x69, 0x52, 0x69, 0x52, 0x69, 0x52, 0x69, 0x52, 0x69, 0x52,
    0x69, 0x52, 0x69, 0x52, 0x69, 0x52, 0x69, 0x52, 0x69, 0x52, 0x69, 0x52,
    0x69, 0x52, 0x69, 0x52, 0x69, 0x52, 0x69, 0x52, 0x69, 0x52, 0x69, 0x52,
    0x69, 0x52, 0x69, 0x52, 0x69, 0x52, 0x69, 0x52, 0x69, 0x52, 0x69, 0x52,
    0x69, 0x52, 0x69, 0x52, 0x69, 0x52, 0x69, 0x52, 0x69, 0x52, 0x69, 0x52,
    0x69, 0x52, 0x69, 0x52, 0x69, 0x52, 0x69, 0x52, 0x69, 0x52, 0x69, 0x52,
    0x69, 0x52, 0x69, 0x52, 0x69, 0x52, 0x69, 0x52, 0x69, 0x52, 0x69, 0x52,
    0x69, 0x52, 0x69, 0x52, 0x69, 0x52, 0x69, 0x52, 0x69, 0x52, 0x69, 0x52,
    0x69, 0x52, 0x69, 0x52, 0x69, 0x52, 0x69, 0x52, 0x69, 0x52, 0x69, 0x52,
    0x69, 0x52, 0x69, 0x52, 0x69, 0x52, 0x69, 0x52, 0x69, 0x52, 0x69, 0x52,
    0x69, 0x52, 0x69, 0x52, 0x69, 0x52, 0x69, 0x52, 0x69, 0x52, 0x69, 0x52,
    0x69, 0x52, 0x69, 0x52, 0x69, 0x52, 0x69, 0x52, 0x69, 0x52, 0x69, 0x52,
    0x69, 0x52, 0x69, 0x52, 0x69, 0x52, 0x69, 0x52, 0x69, 0x52, 0x69, 0x52,
    0x69, 0x52, 0x69, 0x52, 0x69, 0x52, 0x69, 0x52, 0x69, 0x52, 0x69, 0x52,
    0x69, 0x52, 0x69, 0x52, 0x69, 0x52, 0x69, 0x52, 0xaa, 0x9a, 0xec, 0xda,
    0xcc, 0xda, 0xec, 0xda, 0xcc, 0xda, 0xec, 0xda, 0xcc, 0xda, 0xec, 0xda,
    0xcc, 0xda, 0xec, 0xda, 0xcc, 0xda, 0xec, 0xda, 0xcc, 0xda, 0xec, 0xda,
    0xcc, 0xda, 0xec, 0xda, 0xcc, 0xda, 0xec, 0xda, 0xcc, 0xda, 0xec, 0xda,
    0xcc, 0xda, 0xcb, 0xba, 0x69, 0x52, 0x69, 0x52, 0x69, 0x52, 0x69, 0x52,
    0x69, 0x52, 0x69, 0x52, 0x69, 0x52, 0x69, 0x52, 0x69, 0x52, 0x69, 0x52,
    0x69, 0x52, 0x69, 0x52, 0x69, 0x52, 0x69, 0x52, 0x69, 0x52, 0x69, 0x52,
    0x69, 0x52, 0x69, 0x52, 0x69, 0x52, 0x69, 0x52, 0x69, 0x52, 0x69, 0x52,
    0x69, 0x52, 0x69, 0x52, 0x69, 0x52, 0x69, 0x52, 0x69, 0x52, 0x69, 0x52,
    0x69, 0x52, 0x69, 0x52, 0x69, 0x52, 0x69, 0x52, 0x69, 0x52, 0x69, 0x52,
    0x69, 0x52, 0x69, 0x52, 0x69, 0x52, 0x69, 0x52, 0x69, 0x52, 0x69, 0x52,
    0x69, 0x52, 0x69, 0x52, 0x69, 0x52, 0x69, 0x52, 0x69, 0x52, 0x69, 0x52,
    0x69, 0x52, 0x69, 0x52, 0x69, 0x52, 0x69, 0x52, 0x69, 0x52, 0x69, 0x52,
    0x69, 0x52, 0x69, 0x52, 0x69, 0x52, 0x69, 0x52, 0x69, 0x52, 0x69, 0x52,
    0x69, 0x52, 0x69, 0x52, 0x69, 0x52, 0x69, 0x52, 0x69, 0x52, 0x69, 0x52,
    0x69, 0x52, 0x69, 0x52, 0x69, 0x52, 0x69, 0x52, 0x69, 0x52, 0x69, 0x52,
    0x69, 0x52, 0x69, 0x52, 0x69, 0x52, 0x69, 0x52, 0x69, 0x52, 0x69, 0x52,
    0x69, 0x52, 0x69, 0x52, 0x69, 0x52, 0x69, 0x52, 0x69, 0x52, 0x69, 0x52,
    0x69, 0x52, 0x69, 0x52, 0x69, 0x52, 0x69, 0x52, 0x69, 0x52, 0x69, 0x52,
    0x69, 0x52, 0x69, 0x52, 0x69, 0x52, 0x69, 0x52, 0x69, 0x52, 0x69, 0x52,
    0x69, 0x52, 0x69, 0x52, 0x69, 0x52, 0x69, 0x52, 0x69, 0x52, 0x69, 0x52,
    0x69, 0x52, 0x69, 0x52, 0x69, 0x52, 0x69, 0x52, 0x69, 0x52, 0x69, 0x52,
    0x69, 0x52, 0x69, 0x52, 0x69, 0x52, 0x69, 0x52, 0x69, 0x52, 0x69, 0x52,
    0x69, 0x52, 0x69, 0x52, 0x69, 0x52, 0x69, 0x52, 0x69, 0x52, 0x69, 0x52,
    0x69, 0x52, 0x69, 0x52, 0x69, 0x52, 0x69, 0x52, 0x69, 0x52, 0x69, 0x52,
    0x69, 0x52, 0x69, 0x52, 0x69, 0x52, 0xaa, 0x9a, 0xec, 0xda, 0xec, 0xda,
    0xec, 0xda, 0xec, 0xda, 0xec, 0xda, 0xec, 0xda, 0xec, 0xda, 0xec, 0xda,
    0xec, 0xda, 0xec, 0xda, 0xec, 0xda, 0xec, 0xda, 0xec, 0xda, 0xec, 0xda,
    0xec, 0xda, 0xec, 0xda, 0xec, 0xda, 0xec, 0xda, 0xec, 0xda, 0xec, 0xda,
    0xec, 0xda, 0xec, 0xda, 0x8a, 0x7a, 0x69, 0x52, 0x69, 0x52, 0x69, 0x52,
    0x69, 0x52, 0x69, 0x52, 0x69, 0x52, 0x69, 0x52, 0x69, 0x52, 0x69, 0x52,
    0x69, 0x52, 0x69, 0x52, 0x69, 0x52, 0x69, 0x52, 0x69, 0x52, 0x69, 0x52,
    0x69, 0x52, 0x69, 0x52, 0x69, 0x52, 0x69, 0x52, 0x69, 0x52, 0x69, 0x52,
    0x69, 0x52, 0x69, 0x52, 0x69, 0x52, 0x69, 0x52, 0x69, 0x52, 0x69, 0x52,
    0x69, 0x52, 0x69, 0x52, 0x69, 0x52, 0x69, 0x52, 0x69, 0x52, 0x69, 0x52,
    0x69, 0x52, 0x69, 0x52, 0x69, 0x52, 0x69, 0x52, 0x69, 0x52, 0x69, 0x52,
    0x69, 0x52, 0x69, 0x52, 0x69, 0x52, 0x69, 0x52, 0x69, 0x52, 0x69, 0x52,
    0x69, 0x52, 0x69, 0x52, 0x69, 0x52, 0x69, 0x52, 0x69, 0x52, 0x69, 0x52,
    0x69, 0x52, 0x69, 0x52, 0x69, 0x52, 0x69, 0x52, 0x69, 0x52, 0x69, 0x52,
    0x69, 0x52, 0x69, 0x52, 0x69, 0x52, 0x69, 0x52, 0x69, 0x52, 0x69, 0x52,
    0x69, 0x52, 0x69, 0x52, 0x69, 0x52, 0x69, 0x52, 0x69, 0x52, 0x69, 0x52,
    0x69, 0x52, 0x69, 0x52, 0x69, 0x52, 0x69, 0x52, 0x69, 0x52, 0x69, 0x52,
    0x69, 0x52, 0x69, 0x52, 0x69, 0x52, 0x69, 0x52, 0x69, 0x52, 0x69, 0x52,
    0x69, 0x52, 0x69, 0x52, 0x69, 0x52, 0x69, 0x52, 0x69, 0x52, 0x69, 0x52,
    0x69, 0x52, 0x69, 0x52, 0x69, 0x52, 0x69, 0x52, 0x69, 0x52, 0x69, 0x52,
    0x69, 0x52, 0x69, 0x52, 0x69, 0x52, 0x69, 0x52, 0x69, 0x52, 0x69, 0x52,
    0x69, 0x52, 0x69, 0x52, 0x69, 0x52, 0x69, 0x52, 0x69, 0x52, 0x69, 0x52,
    0x69, 0x52, 0x69, 0x52, 0x69, 0x52, 0x69, 0x52, 0x69, 0x52, 0x69, 0x52,
    0x69, 0x52, 0x69, 0x52, 0x69, 0x52, 0x69, 0x52, 0x69, 0x52, 0x69, 0x52,
    0x69, 0x52, 0x69, 0x52, 0x69, 0x52, 0x69, 0x52, 0x69, 0x52, 0x69, 0x52,
    0x69, 0x52, 0x69, 0x52, 0x69, 0x52, 0xab, 0x9a, 0x0c, 0xdb, 0x0c, 0xdb,
    0x0c, 0xdb, 0x0c, 0xdb, 0x0c, 0xdb, 0x0c, 0xdb, 0x0c, 0xdb, 0x0c, 0xdb,
    0x0c, 0xdb, 0x0c, 0xdb, 0x0c, 0xdb, 0x0c, 0xdb, 0x0c, 0xdb, 0x0c, 0xdb,
    0x0c, 0xdb, 0x0c, 0xdb, 0x0c, 0xdb, 0x0c, 0xdb, 0x0c, 0xdb, 0x0c, 0xdb,
    0x0c, 0xdb, 0x0c, 0xdb, 0xcc, 0xba, 0x69, 0x52, 0x69, 0x52, 0x69, 0x52,
    0x69, 0x52, 0x69, 0x52, 0x69, 0x52, 0x69, 0x52, 0x69, 0x52, 0x69, 0x52,
    0x69, 0x52, 0x69, 0x52, 0x69, 0x52, 0x69, 0x52, 0x69, 0x52, 0x69, 0x52,
    0x69, 0x52, 0x69, 0x52, 0x69, 0x52, 0x69, 0x52, 0x69, 0x52, 0x69, 0x52,
    0x69, 0x52, 0x69, 0x52, 0x69, 0x52, 0x69, 0x52, 0x69, 0x52, 0x69, 0x52,
    0x69, 0x52, 0x69, 0x52, 0x69, 0x52, 0x69, 0x52, 0x69, 0x52, 0x69, 0x52,
    0x69, 0x52, 0x69, 0x52, 0x69, 0x52, 0x69, 0x52, 0x69, 0x52, 0x69, 0x52,
    0x69, 0x52, 0x69, 0x52, 0x69, 0x52, 0x69, 0x52, 0x69, 0x52, 0x69, 0x52,
    0x69, 0x52, 0x69, 0x52, 0x69, 0x52, 0x69, 0x52, 0x69, 0x52, 0x69, 0x52,
    0x69, 0x52, 0x69, 0x52, 0x69, 0x52, 0x69, 0x52, 0x69, 0x52, 0x69, 0x52,
    0x69, 0x52, 0x69, 0x52, 0x69, 0x52, 0x69, 0x52, 0x69, 0x52, 0x69, 0x52,
    0x49, 0x52, 0x69, 0x52, 0x49, 0x52, 0x69, 0x52, 0x49, 0x52, 0x69, 0x52,
    0x49, 0x52, 0x69, 0x52, 0x49, 0x52, 0x69, 0x52, 0x49, 0x52, 0x69, 0x52,
    0x49, 0x52, 0x69, 0x52, 0x49, 0x52, 0x69, 0x52, 0x49, 0x52, 0x69, 0x52,
    0x49, 0x52, 0x69, 0x52, 0x49, 0x52, 0x69, 0x52, 0x49, 0x52, 0x69, 0x52,
    0x49, 0x52, 0x69, 0x52, 0x49, 0x52, 0x69, 0x52, 0x49, 0x52, 0x69, 0x52,
    0x49, 0x52, 0x69, 0x52, 0x49, 0x52, 0x69, 0x52, 0x49, 0x52, 0x69, 0x52,
    0x49, 0x52, 0x69, 0x52, 0x49, 0x52, 0x69, 0x52, 0x49, 0x52, 0x69, 0x52,
    0x49, 0x52, 0x69, 0x52, 0x49, 0x52, 0x69, 0x52, 0x49, 0x52, 0x69, 0x52,
    0x49, 0x52, 0x69, 0x52, 0x49, 0x52, 0x69, 0x52, 0x49, 0x52, 0x69, 0x52,
    0x49, 0x52, 0x69, 0x52, 0x49, 0x52, 0x69, 0x52, 0x49, 0x52, 0x69, 0x52,
    0x49, 0x52, 0x69, 0x52, 0xab, 0x9a, 0x0d, 0xdb, 0x0d, 0xdb, 0x0d, 0xdb,
    0x0d, 0xdb, 0x0d, 0xdb, 0x0d, 0xdb, 0x0d, 0xdb, 0x0d, 0xdb, 0x0d, 0xdb,
    0x0d, 0xdb, 0x0d, 0xdb, 0x0d, 0xdb, 0x0d, 0xdb, 0x0d, 0xdb, 0x0d, 0xdb,
    0x0d, 0xdb, 0x0d, 0xdb, 0x0d, 0xdb, 0x0d, 0xdb, 0x0d, 0xdb, 0x0d, 0xdb,
    0x0d, 0xdb, 0x0d, 0xdb, 0x0d, 0xdb, 0x8a, 0x7a, 0x49, 0x52, 0x69, 0x52,
    0x49, 0x52, 0x69, 0x52, 0x49, 0x52, 0x69, 0x52, 0x49, 0x52, 0x69, 0x52,
    0x49, 0x52, 0x69, 0x52, 0x49, 0x52, 0x69, 0x52, 0x49, 0x52, 0x69, 0x52,
    0x49, 0x52, 0x69, 0x52, 0x49, 0x52, 0x69, 0x52, 0x49, 0x52, 0x69, 0x52,
    0x49, 0x52, 0x69, 0x52, 0x49, 0x52, 0x69, 0x52, 0x49, 0x52, 0x69, 0x52,
    0x49, 0x52, 0x69, 0x52, 0x49, 0x52, 0x69, 0x52, 0x49, 0x52, 0x69, 0x52,
    0x49, 0x52, 0x69, 0x52, 0x49, 0x52, 0x69, 0x52, 0x49, 0x52, 0x69, 0x52,
    0x49, 0x52, 0x69, 0x52, 0x49, 0x52, 0x69, 0x52, 0x49, 0x52, 0x69, 0x52,
    0x49, 0x52, 0x69, 0x52, 0x49, 0x52, 0x69, 0x52, 0x49, 0x52, 0x69, 0x52,
    0x49, 0x52, 0x69, 0x52, 0x49, 0x52, 0x69, 0x52, 0x49, 0x52, 0x69, 0x52,
    0x49, 0x52, 0x69, 0x52, 0x49, 0x52, 0x69, 0x52, 0x49, 0x52, 0x69, 0x52,
    0x49, 0x52, 0x69, 0x52, 0x69, 0x52, 0x69, 0x52, 0x69, 0x52, 0x69, 0x52,
    0x69, 0x52, 0x69, 0x52, 0x49, 0x52, 0x69, 0x52, 0x69, 0x52, 0x69, 0x52,
    0x69, 0x52, 0x69, 0x52, 0x69, 0x52, 0x69, 0x52, 0x49, 0x52, 0x69, 0x52,
    0x69, 0x52, 0x69, 0x52, 0x69, 0x52, 0x69, 0x52, 0x69, 0x52, 0x69, 0x52,
    0x49, 0x52, 0x69, 0x52, 0x69, 0x52, 0x69, 0x52, 0x69, 0x52, 0x69, 0x52,
    0x69, 0x52, 0x69, 0x52, 0x49, 0x52, 0x69, 0x52, 0x69, 0x52, 0x69, 0x52,
    0x69, 0x52, 0x69, 0x52, 0x69, 0x52, 0x69, 0x52, 0x49, 0x52, 0x69, 0x52,
    0x69, 0x52, 0x69, 0x52, 0x69, 0x52, 0x69, 0x52, 0x69, 0x52, 0x69, 0x52,
    0x49, 0x52, 0x69, 0x52, 0x69, 0x52, 0x69, 0x52, 0x69, 0x52, 0x69, 0x52,
    0x69, 0x52, 0x69, 0x52, 0x49, 0x52, 0x69, 0x52, 0x69, 0x52, 0x69, 0x52,
    0x69, 0x52, 0x69, 0x52, 0xcb, 0x9a, 0x2d, 0xe3, 0x2d, 0xdb, 0x2d, 0xdb,
    0x2d, 0xdb, 0x2d, 0xdb, 0x2d, 0xdb, 0x2d, 0xdb, 0x2d, 0xdb, 0x2d, 0xe3,
    0x2d, 0xdb, 0x2d, 0xdb, 0x2d, 0xdb, 0x2d, 0xdb, 0x2d, 0xdb, 0x2d, 0xdb,
    0x2d, 0xdb, 0x2d, 0xe3, 0x2d, 0xdb, 0x2d, 0xdb, 0x2d, 0xdb, 0x2d, 0xdb,
    0x2d, 0xdb, 0x2d, 0xdb, 0x2d, 0xdb, 0x0c, 0xbb, 0x49, 0x52, 0x69, 0x52,
    0x69, 0x52, 0x69, 0x52, 0x69, 0x52, 0x69, 0x52, 0x69, 0x52, 0x69, 0x52,
    0x49, 0x52, 0x69, 0x52, 0x69, 0x52, 0x69, 0x52, 0x69, 0x52, 0x69, 0x52,
    0x69, 0x52, 0x69, 0x52, 0x49, 0x52, 0x69, 0x52, 0x69, 0x52, 0x69, 0x52,
    0x69, 0x52, 0x69, 0x52, 0x69, 0x52, 0x69, 0x52, 0x49, 0x52, 0x69, 0x52,
    0x69, 0x52, 0x69, 0x52, 0x69, 0x52, 0x69, 0x52, 0x69, 0x52, 0x69, 0x52,
    0x49, 0x52, 0x69, 0x52, 0x69, 0x52, 0x69, 0x52, 0x69, 0x52, 0x69, 0x52,
    0x69, 0x52, 0x69, 0x52, 0x49, 0x52, 0x69, 0x52, 0x69, 0x52, 0x69, 0x52,
    0x69, 0x52, 0x69, 0x52, 0x69, 0x52, 0x69, 0x52, 0x49, 0x52, 0x69, 0x52,
    0x69, 0x52, 0x69, 0x52, 0x69, 0x52, 0x69, 0x52, 0x69, 0x52, 0x69, 0x52,
    0x49, 0x52, 0x69, 0x52, 0x69, 0x52, 0x69, 0x52, 0x69, 0x52, 0x69, 0x52,
    0x49, 0x52, 0x49, 0x52, 0x49, 0x52, 0x49, 0x52, 0x49, 0x52, 0x49, 0x52,
    0x49, 0x52, 0x49, 0x52, 0x49, 0x52, 0x49, 0x52, 0x49, 0x52, 0x49, 0x52,
    0x49, 0x52, 0x49, 0x52, 0x49, 0x52, 0x49, 0x52, 0x49, 0x52, 0x49, 0x52,
    0x49, 0x52, 0x49, 0x52, 0x49, 0x52, 0x49, 0x52, 0x49, 0x52, 0x49, 0x52,
    0x49, 0x52, 0x49, 0x52, 0x49, 0x52, 0x49, 0x52, 0x49, 0x52, 0x49, 0x52,
    0x49, 0x52, 0x49, 0x52, 0x49, 0x52, 0x49, 0x52, 0x49, 0x52, 0x49, 0x52,
    0x49, 0x52, 0x49, 0x52, 0x49, 0x52, 0x49, 0x52, 0x49, 0x52, 0x49, 0x52,
    0x49, 0x52, 0x49, 0x52, 0x49, 0x52, 0x49, 0x52, 0x49, 0x52, 0x49, 0x52,
    0x49, 0x52, 0x49, 0x52, 0x49, 0x52, 0x49, 0x52, 0x49, 0x52, 0x49, 0x52,
    0x49, 0x52, 0x49, 0x52, 0x49, 0x52, 0x49, 0x52, 0x49, 0x52, 0x49, 0x52,
    0x49, 0x52, 0xcb, 0x9a, 0x4d, 0xe3, 0x4d, 0xe3, 0x4d, 0xe3, 0x4d, 0xe3,
    0x4d, 0xe3, 0x4d, 0xe3, 0x4d, 0xe3, 0x4d, 0xe3, 0x4d, 0xe3, 0x4d, 0xe3,
    0x4d, 0xe3, 0x4d, 0xe3, 0x4d, 0xe3, 0x4d, 0xe3, 0x4d, 0xe3, 0x4d, 0xe3,
    0x4d, 0xe3, 0x4d, 0xe3, 0x4d, 0xe3, 0x4d, 0xe3, 0x4d, 0xe3, 0x4d, 0xe3,
    0x4d, 0xe3, 0x4d, 0xe3, 0x4d, 0xe3, 0x4d, 0xe3, 0x8a, 0x7a, 0x49, 0x52,
    0x49, 0x52, 0x49, 0x52, 0x49, 0x52, 0x49, 0x52, 0x49, 0x52, 0x49, 0x52,
    0x49, 0x52, 0x49, 0x52, 0x49, 0x52, 0x49, 0x52, 0x49, 0x52, 0x49, 0x52,
    0x49, 0x52, 0x49, 0x52, 0x49, 0x52, 0x49, 0x52, 0x49, 0x52, 0x49, 0x52,
    0x49, 0x52, 0x49, 0x52, 0x49, 0x52, 0x49, 0x52, 0x49, 0x52, 0x49, 0x52,
    0x49, 0x52, 0x49, 0x52, 0x49, 0x52, 0x49, 0x52, 0x49, 0x52, 0x49, 0x52,
    0x49, 0x52, 0x49, 0x52, 0x49, 0x52, 0x49, 0x52, 0x49, 0x52, 0x49, 0x52,
    0x49, 0x52, 0x49, 0x52, 0x49, 0x52, 0x49, 0x52, 0x49, 0x52, 0x49, 0x52,
    0x49, 0x52, 0x49, 0x52, 0x49, 0x52, 0x49, 0x52, 0x49, 0x52, 0x49, 0x52,
    0x49, 0x52, 0x49, 0x52, 0x49, 0x52, 0x49, 0x52, 0x49, 0x52, 0x49, 0x52,
    0x49, 0x52, 0x49, 0x52, 0x49, 0x52, 0x49, 0x52, 0x49, 0x52, 0x49, 0x52,
    0x49, 0x52, 0x49, 0x52, 0x49, 0x52, 0x49, 0x52, 0x49, 0x52, 0x49, 0x52,
    0x49, 0x52, 0x49, 0x52, 0x49, 0x52, 0x49, 0x52, 0x49, 0x52, 0x49, 0x52,
    0x49, 0x52, 0x49, 0x52, 0x49, 0x52, 0x49, 0x52, 0x49, 0x52, 0x49, 0x52,
    0x49, 0x52, 0x49, 0x52, 0x49, 0x52, 0x49, 0x52, 0x49, 0x52, 0x49, 0x52,
    0x49, 0x52, 0x49, 0x52, 0x49, 0x52, 0x49, 0x52, 0x49, 0x52, 0x49, 0x52,
    0x49, 0x52, 0x49, 0x52, 0x49, 0x52, 0x49, 0x52, 0x49, 0x52, 0x49, 0x52,
    0x49, 0x52, 0x49, 0x52, 0x49, 0x52, 0x49, 0x52, 0x49, 0x52, 0x49, 0x52,
    0x49, 0x52, 0x49, 0x52, 0x49, 0x52, 0x49, 0x52, 0x49, 0x52, 0x49, 0x52,
    0x49, 0x52, 0x49, 0x52, 0x49, 0x52, 0x49, 0x52, 0x49, 0x52, 0x49, 0x52,
    0x49, 0x52, 0x49, 0x52, 0x49, 0x52, 0x49, 0x52, 0x49, 0x52, 0x49, 0x52,
    0x49, 0x52, 0x8a, 0x7a, 0xcb, 0x9a, 0xcb, 0x9a, 0xcb, 0x9a, 0xcb, 0x9a,
    0xcb, 0x9a, 0xcb, 0x9a, 0xcb, 0x9a, 0xcb, 0x9a, 0xcb, 0x9a, 0xcb, 0x9a,
    0xcb, 0x9a, 0xcb, 0x9a, 0xcb, 0x9a, 0xcb, 0x9a, 0xcb, 0x9a, 0xcb, 0x9a,
    0xcb, 0x9a, 0xcb, 0x9a, 0xcb, 0x9a, 0xcb, 0x9a, 0xcb, 0x9a, 0xcb, 0x9a,
    0xcb, 0x9a, 0xcb, 0x9a, 0xcb, 0x9a, 0xcb, 0x9a, 0x8a, 0x7a, 0x49, 0x52,
    0x49, 0x52, 0x49, 0x52, 0x49, 0x52, 0x49, 0x52, 0x49, 0x52, 0x49, 0x52,
    0x49, 0x52, 0x49, 0x52, 0x49, 0x52, 0x49, 0x52, 0x49, 0x52, 0x49, 0x52,
    0x49, 0x52, 0x49, 0x52, 0x49, 0x52, 0x49, 0x52, 0x49, 0x52, 0x49, 0x52,
    0x49, 0x52, 0x49, 0x52, 0x49, 0x52, 0x49, 0x52, 0x49, 0x52, 0x49, 0x52,
    0x49, 0x52, 0x49, 0x52, 0x49, 0x52, 0x49, 0x52, 0x49, 0x52, 0x49, 0x52,
    0x49, 0x52, 0x49, 0x52, 0x49, 0x52, 0x49, 0x52, 0x49, 0x52, 0x49, 0x52,
    0x49, 0x52, 0x49, 0x52, 0x49, 0x52, 0x49, 0x52, 0x49, 0x52, 0x49, 0x52,
    0x49, 0x52, 0x49, 0x52, 0x49, 0x52, 0x49, 0x52, 0x49, 0x52, 0x49, 0x52,
    0x49, 0x52, 0x49, 0x52, 0x49, 0x52, 0x49, 0x52, 0x49, 0x52, 0x49, 0x52,
    0x49, 0x52, 0x49, 0x52, 0x49, 0x52, 0x49, 0x52, 0x49, 0x52, 0x49, 0x52,
    0x49, 0x52, 0x49, 0x52, 0x49, 0x52, 0x49, 0x52, 0x49, 0x52, 0x49, 0x52,
    0x49, 0x52, 0x49, 0x52, 0x49, 0x52, 0x49, 0x52, 0x49, 0x52, 0x49, 0x52,
    0x49, 0x52, 0x49, 0x52, 0x49, 0x52, 0x49, 0x52, 0x49, 0x52, 0x49, 0x52,
    0x49, 0x52, 0x49, 0x52, 0x49, 0x52, 0x49, 0x52, 0x49, 0x52, 0x49, 0x52,
    0x49, 0x52, 0x49, 0x52, 0x49, 0x52, 0x49, 0x52, 0x49, 0x52, 0x49, 0x52,
    0x49, 0x52, 0x49, 0x52, 0x49, 0x52, 0x49, 0x52, 0x49, 0x52, 0x49, 0x52,
    0x49, 0x52, 0x49, 0x52, 0x49, 0x52, 0x49, 0x52, 0x49, 0x52, 0x49, 0x52,
    0x49, 0x52, 0x49, 0x52, 0x49, 0x52, 0x49, 0x52, 0x49, 0x52, 0x49, 0x52,
    0x49, 0x52, 0x49, 0x52, 0x49, 0x52, 0x49, 0x52, 0x49, 0x52, 0x49, 0x52,
    0x49, 0x52, 0x49, 0x52, 0x49, 0x52, 0x49, 0x52, 0x49, 0x52, 0x49, 0x52,
    0x49, 0x52, 0x49, 0x52, 0x49, 0x52, 0x49, 0x52, 0x49, 0x52, 0x49, 0x52,
    0x49, 0x52, 0x49, 0x52, 0x49, 0x52, 0x49, 0x52, 0x49, 0x52, 0x49, 0x52,
    0x49, 0x52, 0x49, 0x52, 0x49, 0x52, 0x49, 0x52, 0x49, 0x52, 0x49, 0x52,
    0x49, 0x52, 0x49, 0x52, 0x49, 0x52, 0x49, 0x52, 0x49, 0x52, 0x49, 0x52,
    0x49, 0x52, 0x49, 0x52, 0x49, 0x52, 0x49, 0x52, 0x49, 0x52, 0x49, 0x52,
    0x49, 0x52, 0x49, 0x52, 0x49, 0x52, 0x49, 0x52, 0x49, 0x52, 0x49, 0x52,
    0x49, 0x52, 0x49, 0x52, 0x49, 0x52, 0x49, 0x52, 0x49, 0x52, 0x49, 0x52,
    0x49, 0x52, 0x49, 0x52, 0x49, 0x52, 0x49, 0x52, 0x49, 0x52, 0x49, 0x52,
    0x49, 0x52, 0x49, 0x52, 0x49, 0x52, 0x49, 0x52, 0x49, 0x52, 0x49, 0x52,
    0x49, 0x52, 0x49, 0x52, 0x49, 0x52, 0x49, 0x52, 0x49, 0x52, 0x49, 0x52,
    0x49, 0x52, 0x49, 0x52, 0x49, 0x52, 0x49, 0x52, 0x49, 0x52, 0x49, 0x52,
    0x49, 0x52, 0x49, 0x52, 0x49, 0x52, 0x49, 0x52, 0x49, 0x52, 0x49, 0x52,
    0x49, 0x52, 0x49, 0x52, 0x49, 0x52, 0x49, 0x52, 0x49, 0x52, 0x49, 0x52,
    0x49, 0x52, 0x49, 0x52, 0x49, 0x52, 0x49, 0x52, 0x49, 0x52, 0x49, 0x52,
    0x49, 0x52, 0x49, 0x52, 0x49, 0x52, 0x49, 0x52, 0x49, 0x52, 0x49, 0x52,
    0x49, 0x52, 0x49, 0x52, 0x49, 0x52, 0x49, 0x52, 0x49, 0x52, 0x49, 0x52,
    0x49, 0x52, 0x49, 0x52, 0x49, 0x52, 0x49, 0x52, 0x49, 0x52, 0x49, 0x52,
    0x49, 0x52, 0x49, 0x52, 0x49, 0x52, 0x49, 0x52, 0x49, 0x52, 0x49, 0x52,
    0x49, 0x52, 0x49, 0x52, 0x49, 0x52, 0x49, 0x52, 0x49, 0x52, 0x49, 0x52,
    0x49, 0x52, 0x49, 0x52, 0x49, 0x52, 0x49, 0x52, 0x49, 0x52, 0x49, 0x52,
    0x49, 0x52, 0x49, 0x52, 0x49, 0x52, 0x49, 0x52, 0x49, 0x52, 0x49, 0x52,
    0x49, 0x52, 0x49, 0x52, 0x49, 0x52, 0x49, 0x52, 0x49, 0x52, 0x49, 0x52,
    0x49, 0x52, 0x49, 0x52, 0x49, 0x52, 0x49, 0x52, 0x49, 0x52, 0x49, 0x52,
    0x49, 0x52, 0x49, 0x52, 0x49, 0x52, 0x49, 0x52, 0x49, 0x52, 0x49, 0x52,
    0x49, 0x52, 0x49, 0x52, 0x49, 0x52, 0x49, 0x52, 0x49, 0x52, 0x49, 0x52,
    0x49, 0x52, 0x49, 0x52, 0x49, 0x52, 0x49, 0x52, 0x49, 0x52, 0x49, 0x52,
    0x49, 0x52, 0x49, 0x52, 0x49, 0x52, 0x49, 0x52, 0x49, 0x52, 0x49, 0x52,
    0x49, 0x52, 0x49, 0x52, 0x49, 0x52, 0x49, 0x52, 0x49, 0x52, 0x49, 0x52,
    0x49, 0x52, 0x49, 0x52, 0x49, 0x52, 0x49, 0x52, 0x49, 0x52, 0x49, 0x52,
    0x49, 0x52, 0x49, 0x52, 0x49, 0x52, 0x49, 0x52, 0x49, 0x52, 0x49, 0x52,
    0x49, 0x52, 0x49, 0x52, 0x49, 0x52, 0x49, 0x52, 0x49, 0x52, 0x49, 0x52,
    0x49, 0x52, 0x49, 0x52, 0x49, 0x52, 0x49, 0x52, 0x49, 0x52, 0x49, 0x52,
    0x49, 0x52, 0x49, 0x52, 0x49, 0x52, 0x49, 0x52, 0x49, 0x52, 0x49, 0x52,
    0x49, 0x52, 0x49, 0x52, 0x49, 0x52, 0x49, 0x52, 0x49, 0x52, 0x49, 0x52,
    0x49, 0x52, 0x49, 0x52, 0x49, 0x52, 0x49, 0x52, 0x49, 0x52, 0x49, 0x52,
    0x49, 0x52, 0x49, 0x52, 0x49, 0x52, 0x49, 0x52, 0x49, 0x52, 0x49, 0x52,
    0x49, 0x52, 0x49, 0x52, 0x49, 0x52, 0x49, 0x52, 0x49, 0x52, 0x49, 0x52,
    0x49, 0x52, 0x49, 0x52, 0x49, 0x52, 0x49, 0x52, 0x49, 0x52, 0x49, 0x52,
    0x49, 0x52, 0x49, 0x52, 0x49, 0x52, 0x49, 0x52, 0x49, 0x52, 0x49, 0x52,
    0x49, 0x52, 0x49, 0x52, 0x49, 0x52, 0x49, 0x52, 0x49, 0x52, 0x49, 0x52,
    0x49, 0x52, 0x49, 0x52, 0x49, 0x52, 0x49, 0x52, 0x49, 0x52, 0x49, 0x52,
    0x49, 0x52, 0x49, 0x52, 0x49, 0x52, 0x49, 0x52, 0x49, 0x52, 0x49, 0x52,
    0x49, 0x52, 0x49, 0x52, 0x49, 0x52, 0x49, 0x52, 0x49, 0x52, 0x49, 0x52,
    0x49, 0x52, 0x49, 0x52, 0x49, 0x52, 0x49, 0x52, 0x49, 0x52, 0x49, 0x52,
    0x49, 0x52, 0x49, 0x52, 0x49, 0x52, 0x49, 0x52, 0x49, 0x52, 0x49, 0x52,
    0x49, 0x52, 0x49, 0x52, 0x49, 0x52, 0x49, 0x52, 0x49, 0x52, 0x49, 0x52,
    0x49, 0x52, 0x49, 0x52, 0x49, 0x52, 0x49, 0x52, 0x49, 0x52, 0x49, 0x52,
    0x49, 0x52, 0x49, 0x52, 0x49, 0x52, 0x49, 0x52, 0x49, 0x52, 0x49, 0x52,
    0x49, 0x52, 0x49, 0x52, 0x49, 0x52, 0x49, 0x52, 0x49, 0x52, 0x49, 0x52,
    0x49, 0x52, 0x49, 0x52, 0x49, 0x52, 0x49, 0x52, 0x49, 0x52, 0x49, 0x52,
    0x49, 0x52, 0x49, 0x52, 0x49, 0x52, 0x49, 0x52, 0x49, 0x52, 0x49, 0x52,
    0x49, 0x52, 0x49, 0x52, 0x49, 0x52, 0x49, 0x52, 0x49, 0x52, 0x49, 0x52,
    0x49, 0x52, 0x49, 0x52, 0x49, 0x52, 0x49, 0x52, 0x49, 0x52, 0x49, 0x52,
    0x49, 0x52, 0x49, 0x52, 0x49, 0x52, 0x49, 0x52, 0x49, 0x52, 0x49, 0x52,
    0x49, 0x52, 0x49, 0x52, 0x49, 0x52, 0x49, 0x52, 0x49, 0x52, 0x49, 0x52,
    0x49, 0x52, 0x49, 0x52, 0x49, 0x52, 0x49, 0x52, 0x49, 0x52, 0x49, 0x52,
    0x49, 0x52, 0x49, 0x52, 0x49, 0x52, 0x49, 0x52, 0x49, 0x52, 0x49, 0x52,
    0x49, 0x52, 0x49, 0x52, 0x49, 0x52, 0x49, 0x52, 0x49, 0x52, 0x49, 0x52,
    0x49, 0x52, 0x49, 0x52, 0x49, 0x52, 0x49, 0x52, 0x49, 0x52, 0x49, 0x52,
    0x49, 0x52, 0x49, 0x52, 0x49, 0x52, 0x49, 0x52, 0x49, 0x52, 0x49, 0x52,
    0x49, 0x52, 0x49, 0x52, 0x49, 0x52, 0x49, 0x52, 0x49, 0x52, 0x49, 0x52,
    0x49, 0x52, 0x49, 0x52, 0x49, 0x52, 0x49, 0x52, 0x49, 0x52, 0x49, 0x52,
    0x49, 0x52, 0x49, 0x52, 0x49, 0x52, 0x49, 0x52, 0x49, 0x52, 0x49, 0x52,
    0x49, 0x52, 0x49, 0x52, 0x49, 0x52, 0x49, 0x52, 0x49, 0x52, 0x49, 0x52,
    0x49, 0x52, 0x49, 0x52, 0x49, 0x52, 0x49, 0x52, 0x49, 0x52, 0x49, 0x52,
    0x49, 0x52, 0x49, 0x52, 0x49, 0x52, 0x49, 0x52, 0x49, 0x52, 0x49, 0x52,
    0x49, 0x52, 0x49, 0x52, 0x49, 0x52, 0x49, 0x52, 0x49, 0x52, 0x49, 0x52,
    0x49, 0x52, 0x49, 0x52, 0x49, 0x52, 0x49, 0x52, 0x49, 0x52, 0x49, 0x52,
    0x49, 0x52, 0x49, 0x52, 0x49, 0x52, 0x49, 0x52, 0x49, 0x52, 0x49, 0x52,
    0x49, 0x52, 0x49, 0x52, 0x49, 0x52, 0x49, 0x52, 0x49, 0x52, 0x49, 0x52,
    0x49, 0x52, 0x49, 0x52, 0x49, 0x52, 0x49, 0x52, 0x49, 0x52, 0x49, 0x52,
    0x49, 0x52, 0x49, 0x52, 0x49, 0x52, 0x49, 0x52, 0x49, 0x52, 0x49, 0x52,
    0x49, 0x52, 0x49, 0x52, 0x49, 0x52, 0x49, 0x52, 0x49, 0x52, 0x49, 0x52,
    0x49, 0x52, 0x49, 0x52, 0x49, 0x52, 0x49, 0x52, 0x49, 0x52, 0x49, 0x52,
    0x49, 0x52, 0x49, 0x52, 0x49, 0x52, 0x49, 0x52, 0x49, 0x52, 0x49, 0x52,
    0x49, 0x52, 0x49, 0x52, 0x49, 0x52, 0x49, 0x52, 0x49, 0x52, 0x49, 0x52,
    0x49, 0x52, 0x49, 0x52, 0x49, 0x52, 0x49, 0x52, 0x49, 0x52, 0x49, 0x52,
    0x49, 0x52, 0x49, 0x52, 0x49, 0x52, 0x49, 0x52, 0x49, 0x52, 0x49, 0x52,
    0x49, 0x52, 0x49, 0x52, 0x49, 0x52, 0x49, 0x52, 0x49, 0x52, 0x49, 0x52,
    0x49, 0x52, 0x49, 0x52, 0x49, 0x52, 0x49, 0x52, 0x49, 0x52, 0x49, 0x52,
    0x49, 0x52, 0x49, 0x52, 0x49, 0x52, 0x49, 0x52, 0x49, 0x52, 0x49, 0x52,
    0x49, 0x52, 0x49, 0x52, 0x49, 0x52, 0x49, 0x52, 0x49, 0x52, 0x49, 0x52,
    0x49, 0x52, 0x49, 0x52, 0x49, 0x52, 0x49, 0x52, 0x49, 0x52, 0x49, 0x52,
    0x49, 0x52, 0x49, 0x52, 0x49, 0x52, 0x49, 0x52, 0x49, 0x52, 0x49, 0x52,
    0x49, 0x52, 0x49, 0x52, 0x49, 0x52, 0x49, 0x52, 0x49, 0x52, 0x49, 0x52,
    0x49, 0x52, 0x49, 0x52, 0x49, 0x52, 0x49, 0x52, 0x49, 0x52, 0x49, 0x52,
    0x49, 0x52, 0x49, 0x52, 0x49, 0x52, 0x49, 0x52, 0x49, 0x52, 0x49, 0x52,
    0x49, 0x52, 0x49, 0x52, 0x49, 0x52, 0x49, 0x52, 0x49, 0x52, 0x49, 0x52,
    0x49, 0x52, 0x49, 0x52, 0x49, 0x52, 0x49, 0x52, 0x49, 0x52, 0x49, 0x52,
    0x49, 0x52, 0x49, 0x52, 0x49, 0x52, 0x49, 0x52, 0x49, 0x52, 0x49, 0x52,
    0x49, 0x52, 0x49, 0x52, 0x49, 0x52, 0x49, 0x52, 0x49, 0x52, 0x49, 0x52,
    0x49, 0x52, 0x49, 0x52, 0x49, 0x52, 0x49, 0x52, 0x49, 0x52, 0x49, 0x52,
    0x49, 0x52, 0x49, 0x52, 0x49, 0x52, 0x49, 0x52, 0x49, 0x52, 0x49, 0x52,
    0x49, 0x52, 0x49, 0x52, 0x49, 0x52, 0x49, 0x52, 0x49, 0x52, 0x49, 0x52,
    0x49, 0x52, 0x49, 0x52, 0x49, 0x52, 0x49, 0x52, 0x49, 0x52, 0x49, 0x52,
    0x49, 0x52, 0x49, 0x52, 0x49, 0x52, 0x49, 0x52, 0x49, 0x52, 0x49, 0x52,
    0x49, 0x52, 0x49, 0x52, 0x49, 0x52, 0x49, 0x52, 0x49, 0x52, 0x49, 0x52,
    0x49, 0x52, 0x49, 0x52, 0x49, 0x52, 0x49, 0x52, 0x49, 0x52, 0x49, 0x52,
    0x49, 0x52, 0x49, 0x52, 0x49, 0x52, 0x49, 0x52, 0x49, 0x52, 0x49, 0x52,
    0x49, 0x52, 0x49, 0x52, 0x49, 0x52, 0x49, 0x52, 0x49, 0x52, 0x49, 0x52,
    0x49, 0x52, 0x49, 0x52, 0x49, 0x52, 0x49, 0x52, 0x49, 0x52, 0x49, 0x52,
    0x49, 0x52, 0x49, 0x52, 0x49, 0x52, 0x49, 0x52, 0x49, 0x52, 0x49, 0x52,
    0x49, 0x52, 0x49, 0x52, 0x49, 0x52, 0x49, 0x52, 0x49, 0x52, 0x49, 0x52,
    0x49, 0x52, 0x49, 0x52, 0x49, 0x52, 0x49, 0x52, 0x49, 0x52, 0x49, 0x52,
    0x49, 0x52, 0x49, 0x52, 0x49, 0x52, 0x49, 0x52, 0x49, 0x52, 0x49, 0x52,
    0x49, 0x52, 0x49, 0x52, 0x49, 0x52, 0x49, 0x52, 0x49, 0x52, 0x49, 0x52,
    0x49, 0x52, 0x49, 0x52, 0x49, 0x52, 0x49, 0x52, 0x49, 0x52, 0x49, 0x52,
    0x49, 0x52, 0x49, 0x52, 0x49, 0x52, 0x49, 0x52, 0x49, 0x52, 0x49, 0x52,
    0x49, 0x52, 0x49, 0x52, 0x49, 0x52, 0x49, 0x52, 0x49, 0x52, 0x49, 0x52,
    0x49, 0x52, 0x49, 0x52, 0x49, 0x52, 0x49, 0x52, 0x49, 0x52, 0x49, 0x52,
    0x49, 0x52, 0x49, 0x52, 0x49, 0x52, 0x49, 0x52, 0x49, 0x52, 0x49, 0x52,
    0x49, 0x52, 0x49, 0x52, 0x49, 0x52, 0x49, 0x52, 0x49, 0x52, 0x49, 0x52,
    0x49, 0x52, 0x49, 0x52, 0x49, 0x52, 0x49, 0x52, 0x49, 0x52, 0x49, 0x52,
    0x49, 0x52, 0x49, 0x52, 0x49, 0x52, 0x49, 0x52, 0x49, 0x52, 0x49, 0x52,
    0x49, 0x52, 0x49, 0x52, 0x49, 0x52, 0x49, 0x52, 0x49, 0x52, 0x49, 0x52,
    0x49, 0x52, 0x49, 0x52, 0x49, 0x52, 0x49, 0x52, 0x49, 0x52, 0x49, 0x52,
    0x49, 0x52, 0x49, 0x52, 0x49, 0x52, 0x49, 0x52, 0x49, 0x52, 0x49, 0x52,
    0x49, 0x52, 0x49, 0x52, 0x49, 0x52, 0x49, 0x52, 0x49, 0x52, 0x49, 0x52,
    0x49, 0x52, 0x49, 0x52, 0x49, 0x52, 0x49, 0x52, 0x49, 0x52, 0x49, 0x52,
    0x49, 0x52, 0x49, 0x52, 0x49, 0x52, 0x49, 0x52, 0x49, 0x52, 0x49, 0x52,
    0x49, 0x52, 0x49, 0x52, 0x49, 0x52, 0x49, 0x52, 0x49, 0x52, 0x49, 0x52,
    0x49, 0x52, 0x49, 0x52, 0x49, 0x52, 0x49, 0x52, 0x49, 0x52, 0x49, 0x52,
    0x49, 0x52, 0x49, 0x52, 0x49, 0x52, 0x49, 0x52, 0x49, 0x52, 0x49, 0x52,
    0x49, 0x52, 0x49, 0x52, 0x49, 0x52, 0x49, 0x52, 0x49, 0x52, 0x49, 0x52,
    0x49, 0x52, 0x49, 0x52, 0x49, 0x52, 0x49, 0x52, 0x49, 0x52, 0x49, 0x52,
    0x49, 0x52, 0x49, 0x52, 0x49, 0x52, 0x49, 0x52, 0x49, 0x52, 0x49, 0x52,
    0x49, 0x52, 0x49, 0x52, 0x49, 0x52, 0x49, 0x52, 0x49, 0x52, 0x49, 0x52,
    0x49, 0x52, 0x49, 0x52, 0x49, 0x52, 0x49, 0x52, 0x49, 0x52, 0x49, 0x52,
    0x49, 0x52, 0x49, 0x52, 0x49, 0x52, 0x49, 0x52, 0x49, 0x52, 0x49, 0x52,
    0x49, 0x52, 0x49, 0x52, 0x49, 0x52, 0x49, 0x52, 0x49, 0x52, 0x49, 0x52,
    0x49, 0x52, 0x49, 0x52, 0x49, 0x52, 0x49, 0x52, 0x49, 0x52, 0x49, 0x52,
    0x49, 0x52, 0x49, 0x52, 0x49, 0x52, 0x49, 0x52, 0x49, 0x52, 0x49, 0x52,
    0x49, 0x52, 0x49, 0x52, 0x49, 0x52, 0x49, 0x52, 0x49, 0x52, 0x49, 0x52,
    0x49, 0x52, 0x49, 0x52, 0x49, 0x52, 0x49, 0x52, 0x49, 0x52, 0x49, 0x52,
    0x49, 0x52, 0x49, 0x52, 0x49, 0x52, 0x49, 0x52, 0x49, 0x52, 0x49, 0x52,
    0x49, 0x52, 0x49, 0x52, 0x49, 0x52, 0x49, 0x52, 0x49, 0x52, 0x49, 0x52,
    0x49, 0x52, 0x49, 0x52, 0x49, 0x52, 0x49, 0x52, 0x49, 0x52, 0x49, 0x52,
    0x49, 0x52, 0x49, 0x52, 0x49, 0x52, 0x49, 0x52, 0x49, 0x52, 0x49, 0x52,
    0x49, 0x52, 0x49, 0x52, 0x49, 0x52, 0x49, 0x52, 0x49, 0x52, 0x49, 0x52,
    0x49, 0x52, 0x49, 0x52, 0x49, 0x52, 0x49, 0x52, 0x49, 0x52, 0x49, 0x52,
    0x49, 0x52, 0x49, 0x52, 0x49, 0x52, 0x49, 0x52, 0x49, 0x52, 0x49, 0x52,
    0x49, 0x52, 0x49, 0x52, 0x49, 0x52, 0x49, 0x52, 0x49, 0x52, 0x49, 0x52,
    0x49, 0x52, 0x49, 0x52, 0x49, 0x52, 0x49, 0x52, 0x49, 0x52, 0x49, 0x52,
    0x49, 0x52, 0x49, 0x52, 0x49, 0x52, 0x49, 0x52, 0x49, 0x52, 0x49, 0x52,
    0x49, 0x52, 0x49, 0x52, 0x49, 0x52, 0x49, 0x52, 0x49, 0x52, 0x49, 0x52,
    0x49, 0x52, 0x49, 0x52, 0x49, 0x52, 0x49, 0x52, 0x49, 0x52, 0x49, 0x52,
    0x49, 0x52, 0x49, 0x52, 0x49, 0x52, 0x49, 0x52, 0x49, 0x52, 0x49, 0x52,
    0x49, 0x52, 0x49, 0x52, 0x49, 0x52, 0x49, 0x52, 0x49, 0x52, 0x49, 0x52,
    0x49, 0x52, 0x49, 0x52, 0x49, 0x52, 0x49, 0x52, 0x49, 0x52, 0x49, 0x52,
    0x49, 0x52, 0x49, 0x52, 0x49, 0x52, 0x49, 0x52, 0x49, 0x52, 0x49, 0x52,
    0x49, 0x52, 0x49, 0x52, 0x49, 0x52, 0x49, 0x52, 0x49, 0x52, 0x49, 0x52,
    0x49, 0x52, 0x49, 0x52, 0x49, 0x52, 0x49, 0x52, 0x49, 0x52, 0x49, 0x52,
    0x49, 0x52, 0x49, 0x52, 0x49, 0x52, 0x49, 0x52, 0x49, 0x52, 0x49, 0x52,
    0x49, 0x52, 0x49, 0x52, 0x49, 0x52, 0x49, 0x52, 0x49, 0x52, 0x49, 0x52,
    0x49, 0x52, 0x49, 0x52, 0x49, 0x52, 0x49, 0x52, 0x49, 0x52, 0x49, 0x52,
    0x49, 0x52, 0x49, 0x52, 0x49, 0x52, 0x49, 0x52, 0x49, 0x52, 0x49, 0x52,
    0x49, 0x52, 0x49, 0x52, 0x49, 0x52, 0x49, 0x52, 0x49, 0x52, 0x49, 0x52,
    0x49, 0x52, 0x49, 0x52, 0x49, 0x52, 0x49, 0x52, 0x49, 0x52, 0x49, 0x52,
    0x49, 0x52, 0x49, 0x52, 0x49, 0x52, 0x49, 0x52, 0x49, 0x52, 0x49, 0x52,
    0x49, 0x52, 0x49, 0x52, 0x49, 0x52, 0x49, 0x52, 0x49, 0x52, 0x49, 0x52,
    0x49, 0x52, 0x49, 0x52, 0x49, 0x52, 0x49, 0x52, 0x49, 0x52, 0x49, 0x52,
    0x49, 0x52, 0x49, 0x52, 0x49, 0x52, 0x49, 0x52, 0x49, 0x52, 0x49, 0x52,
    0x49, 0x52, 0x49, 0x52, 0x49, 0x52, 0x49, 0x52, 0x49, 0x52, 0x49, 0x52,
    0x49, 0x52, 0x49, 0x52, 0x49, 0x52, 0x49, 0x52, 0x49, 0x52, 0x49, 0x52,
    0x49, 0x52, 0x49, 0x52, 0x49, 0x52, 0x49, 0x52, 0x49, 0x52, 0x49, 0x52,
    0x49, 0x52, 0x49, 0x52, 0x49, 0x52, 0x49, 0x52, 0x49, 0x52, 0x49, 0x52,
    0x49, 0x52, 0x49, 0x52, 0x49, 0x52, 0x49, 0x52, 0x49, 0x52, 0x49, 0x52,
    0x49, 0x52, 0x49, 0x52, 0x49, 0x52, 0x49, 0x52, 0x49, 0x52, 0x49, 0x52,
    0x49, 0x52, 0x49, 0x52, 0x49, 0x52, 0x49, 0x52, 0x49, 0x52, 0x49, 0x52,
    0x49, 0x52, 0x49, 0x52, 0x49, 0x52, 0x49, 0x52, 0x49, 0x52, 0x49, 0x52,
    0x49, 0x52, 0x49, 0x52, 0x49, 0x52, 0x49, 0x52, 0x49, 0x52, 0x49, 0x52,
    0x49, 0x52, 0x49, 0x52, 0x49, 0x52, 0x49, 0x52, 0x49, 0x52, 0x49, 0x52,
    0x49, 0x52, 0x49, 0x52, 0x49, 0x52, 0x49, 0x52, 0x49, 0x52, 0x49, 0x52,
    0x49, 0x52, 0x49, 0x52, 0x49, 0x52, 0x49, 0x52, 0x49, 0x52, 0x49, 0x52,
    0x49, 0x52, 0x49, 0x52, 0x49, 0x52, 0x49, 0x52, 0x49, 0x52, 0x49, 0x52,
    0x49, 0x52, 0x49, 0x52, 0x49, 0x52, 0x49, 0x52, 0x49, 0x52, 0x49, 0x52,
    0x49, 0x52, 0x49, 0x52, 0x49, 0x52, 0x49, 0x52, 0x49, 0x52, 0x49, 0x52,
    0x49, 0x52, 0x49, 0x52, 0x49, 0x52, 0x49, 0x52, 0x49, 0x52, 0x49, 0x52,
    0x49, 0x52, 0x49, 0x52, 0x49, 0x52, 0x49, 0x52, 0x49, 0x52, 0x49, 0x52,
    0x49, 0x52, 0x49, 0x52, 0x49, 0x52, 0x49, 0x52, 0x49, 0x52, 0x49, 0x52,
    0x49, 0x52, 0x49, 0x52, 0x49, 0x52, 0x49, 0x52, 0x49, 0x52, 0x49, 0x52,
    0x49, 0x52, 0x49, 0x52, 0x49, 0x52, 0x49, 0x52, 0x49, 0x52, 0x49, 0x52,
    0x49, 0x52, 0x49, 0x52, 0x49, 0x52, 0x49, 0x52, 0x49, 0x52, 0x49, 0x52,
    0x49, 0x52, 0x49, 0x52, 0x49, 0x52, 0x49, 0x52, 0x49, 0x52, 0x49, 0x52,
    0x49, 0x52, 0x49, 0x52, 0x49, 0x52, 0x49, 0x52, 0x49, 0x52, 0x49, 0x52,
    0x49, 0x52, 0x49, 0x52, 0x49, 0x52, 0x49, 0x52, 0x49, 0x52, 0x49, 0x52,
    0x49, 0x52, 0x49, 0x52, 0x49, 0x52, 0x49, 0x52, 0x49, 0x52, 0x49, 0x52,
    0x49, 0x52, 0x49, 0x52, 0x49, 0x52, 0x49, 0x52, 0x49, 0x52, 0x49, 0x52,
    0x49, 0x52, 0x49, 0x52, 0x49, 0x52, 0x49, 0x52, 0x49, 0x52, 0x49, 0x52,
    0x49, 0x52, 0x49, 0x52, 0x49, 0x52, 0x49, 0x52, 0x49, 0x52, 0x49, 0x52,
    0x49, 0x52, 0x49, 0x52, 0x49, 0x52, 0x49, 0x52, 0x49, 0x52, 0x49, 0x52,
    0x49, 0x52, 0x49, 0x52, 0x49, 0x52, 0x49, 0x52, 0x49, 0x52, 0x49, 0x52,
    0x49, 0x52, 0x49, 0x52, 0x49, 0x52, 0x49, 0x52, 0x49, 0x52, 0x49, 0x52,
    0x49, 0x52, 0x49, 0x52, 0x49, 0x52, 0x49, 0x52, 0x49, 0x52, 0x49, 0x52,
    0x49, 0x52, 0x49, 0x52, 0x49, 0x52, 0x49, 0x52, 0x49, 0x52, 0x49, 0x52,
    0x49, 0x52, 0x49, 0x52, 0x49, 0x52, 0x49, 0x52, 0x49, 0x52, 0x49, 0x52,
    0x49, 0x52, 0x49, 0x52, 0x49, 0x52, 0x49, 0x52, 0x49, 0x52, 0x49, 0x52,
    0x49, 0x52, 0x49, 0x52, 0x49, 0x52, 0x49, 0x52, 0x49, 0x52, 0x49, 0x52,
    0x49, 0x52, 0x49, 0x52, 0x49, 0x52, 0x49, 0x52, 0x49, 0x52, 0x49, 0x52,
    0x49, 0x52, 0x49, 0x52, 0x49, 0x52, 0x49, 0x52, 0x49, 0x52, 0x49, 0x52,
    0x49, 0x52, 0x49, 0x52, 0x49, 0x52, 0x49, 0x52, 0x49, 0x52, 0x49, 0x52,
    0x49, 0x52, 0x49, 0x52, 0x49, 0x52, 0x49, 0x52, 0x49, 0x52, 0x49, 0x52,
    0x49, 0x52, 0x49, 0x52, 0x49, 0x52, 0x49, 0x52, 0x49, 0x52, 0x49, 0x52,
    0x49, 0x52, 0x49, 0x52, 0x49, 0x52, 0x49, 0x52, 0x49, 0x52, 0x49, 0x52,
    0x49, 0x52, 0x49, 0x52, 0x49, 0x52, 0x49, 0x52, 0x49, 0x52, 0x49, 0x52,
    0x49, 0x52, 0x49, 0x52, 0x49, 0x52, 0x49, 0x52, 0x49, 0x52, 0x49, 0x52,
    0x49, 0x52, 0x49, 0x52, 0x49, 0x52, 0x49, 0x52, 0x49, 0x52, 0x49, 0x52,
    0x49, 0x52, 0x49, 0x52, 0x49, 0x52, 0x49, 0x52, 0x49, 0x52, 0x49, 0x52,
    0x49, 0x52, 0x49, 0x52, 0x49, 0x52, 0x49, 0x52, 0x49, 0x52, 0x49, 0x52,
    0x49, 0x52, 0x49, 0x52, 0x49, 0x52, 0x49, 0x52, 0x49, 0x52, 0x49, 0x52,
    0x49, 0x52, 0x49, 0x52, 0x49, 0x52, 0x49, 0x52, 0x49, 0x52, 0x49, 0x52,
    0x49, 0x52, 0x49, 0x52, 0x49, 0x52, 0x49, 0x52, 0x49, 0x52, 0x49, 0x52,
    0x49, 0x52, 0x49, 0x52, 0x49, 0x52, 0x49, 0x52, 0x49, 0x52, 0x49, 0x52,
    0x49, 0x52, 0x49, 0x52, 0x49, 0x52, 0x49, 0x52, 0x49, 0x52, 0x49, 0x52,
    0x49, 0x52, 0x49, 0x52, 0x49, 0x52, 0x49, 0x52, 0x49, 0x52, 0x49, 0x52,
    0x49, 0x52, 0x49, 0x52, 0x49, 0x52, 0x49, 0x52, 0x49, 0x52, 0x49, 0x52,
    0x49, 0x52, 0x49, 0x52, 0x49, 0x52, 0x49, 0x52, 0x49, 0x52, 0x49, 0x52,
    0x49, 0x52, 0x49, 0x52, 0x49, 0x52, 0x49, 0x52, 0x49, 0x52, 0x49, 0x52,
    0x49, 0x52, 0x49, 0x52, 0x49, 0x52, 0x49, 0x52, 0x49, 0x52, 0x49, 0x52,
    0x49, 0x52, 0x49, 0x52, 0x49, 0x52, 0x49, 0x52, 0x49, 0x52, 0x49, 0x52,
    0x49, 0x52, 0x49, 0x52, 0x49, 0x52, 0x49, 0x52, 0x49, 0x52, 0x49, 0x52,
    0x49, 0x52, 0x49, 0x52, 0x49, 0x52, 0x49, 0x52, 0x49, 0x52, 0x49, 0x52,
    0x49, 0x52, 0x49, 0x52, 0x49, 0x52, 0x49, 0x52, 0x49, 0x52, 0x49, 0x52,
    0x49, 0x52, 0x49, 0x52, 0x49, 0x52, 0x49, 0x52, 0x49, 0x52, 0x49, 0x52,
    0x49, 0x52, 0x49, 0x52, 0x49, 0x52, 0x49, 0x52, 0x49, 0x52, 0x49, 0x52,
    0x49, 0x52, 0x49, 0x52, 0x49, 0x52, 0x49, 0x52, 0x49, 0x52, 0x49, 0x52,
    0x49, 0x52, 0x49, 0x52, 0x49, 0x52, 0x49, 0x52, 0x49, 0x52, 0x49, 0x52,
    0x49, 0x52, 0x49, 0x52, 0x49, 0x52, 0x49, 0x52, 0x49, 0x52, 0x49, 0x52,
    0x49, 0x52, 0x49, 0x52, 0x49, 0x52, 0x49, 0x52, 0x49, 0x52, 0x49, 0x52,
    0x49, 0x52, 0x49, 0x52, 0x49, 0x52, 0x49, 0x52, 0x49, 0x52, 0x49, 0x52,
    0x49, 0x52, 0x49, 0x52, 0x49, 0x52, 0x49, 0x52, 0x49, 0x52, 0x49, 0x52,
    0x49, 0x52, 0x49, 0x52, 0x49, 0x52, 0x49, 0x52, 0x49, 0x52, 0x49, 0x52,
    0x49, 0x52, 0x49, 0x52, 0x49, 0x52, 0x49, 0x52, 0x49, 0x52, 0x49, 0x52,
    0x49, 0x52, 0x49, 0x52, 0x49, 0x52, 0x49, 0x52, 0x49, 0x52, 0x49, 0x52,
    0x49, 0x52, 0x49, 0x52, 0x49, 0x52, 0x49, 0x52, 0x49, 0x52, 0x49, 0x52,
    0x49, 0x52, 0x49, 0x52, 0x49, 0x52, 0x49, 0x52, 0x49, 0x52, 0x49, 0x52,
    0x49, 0x52, 0x49, 0x52, 0x49, 0x52, 0x49, 0x52, 0x49, 0x52, 0x49, 0x52,
    0x49, 0x52, 0x49, 0x52, 0x49, 0x52, 0x49, 0x52, 0x49, 0x52, 0x49, 0x52,
    0x49, 0x52, 0x49, 0x52, 0x49, 0x52, 0x49, 0x52, 0x49, 0x52, 0x49, 0x52,
    0x49, 0x52, 0x49, 0x52, 0x49, 0x52, 0x49, 0x52, 0x49, 0x52, 0x49, 0x52,
    0x28, 0x52, 0x49, 0x52, 0x28, 0x52, 0x49, 0x52, 0x28, 0x52, 0x49, 0x52,
    0x28, 0x52, 0x49, 0x52, 0x28, 0x52, 0x49, 0x52, 0x28, 0x52, 0x49, 0x52,
    0x28, 0x52, 0x49, 0x52, 0x28, 0x52, 0x49, 0x52, 0x28, 0x52, 0x49, 0x52,
    0x28, 0x52, 0x49, 0x52, 0x28, 0x52, 0x49, 0x52, 0x28, 0x52, 0x49, 0x52,
    0x28, 0x52, 0x49, 0x52, 0x28, 0x52, 0x49, 0x52, 0x28, 0x52, 0x49, 0x52,
    0x28, 0x52, 0x49, 0x52, 0x28, 0x52, 0x49, 0x52, 0x28, 0x52, 0x49, 0x52,
    0x28, 0x52, 0x49, 0x52, 0x28, 0x52, 0x49, 0x52, 0x28, 0x52, 0x49, 0x52,
    0x28, 0x52, 0x49, 0x52, 0x28, 0x52, 0x49, 0x52, 0x28, 0x52, 0x49, 0x52,
    0x28, 0x52, 0x49, 0x52, 0x28, 0x52, 0x49, 0x52, 0x28, 0x52, 0x49, 0x52,
    0x28, 0x52, 0x49, 0x52, 0x28, 0x52, 0x49, 0x52, 0x28, 0x52, 0x49, 0x52,
    0x28, 0x52, 0x49, 0x52, 0x28, 0x52, 0x49, 0x52, 0x28, 0x52, 0x49, 0x52,
    0x28, 0x52, 0x49, 0x52, 0x28, 0x52, 0x49, 0x52, 0x28, 0x52, 0x49, 0x52,
    0x28, 0x52, 0x49, 0x52, 0x28, 0x52, 0x49, 0x52, 0x28, 0x52, 0x49, 0x52,
    0x28, 0x52, 0x49, 0x52, 0x28, 0x52, 0x49, 0x52, 0x28, 0x52, 0x49, 0x52,
    0x28, 0x52, 0x49, 0x52, 0x28, 0x52, 0x49, 0x52, 0x28, 0x52, 0x49, 0x52,
    0x28, 0x52, 0x49, 0x52, 0x28, 0x52, 0x49, 0x52, 0x28, 0x52, 0x49, 0x52,
    0x28, 0x52, 0x49, 0x52, 0x28, 0x52, 0x49, 0x52, 0x28, 0x52, 0x49, 0x52,
    0x28, 0x52, 0x49, 0x52, 0x28, 0x52, 0x49, 0x52, 0x28, 0x52, 0x49, 0x52,
    0x28, 0x52, 0x49, 0x52, 0x28, 0x52, 0x49, 0x52, 0x28, 0x52, 0x49, 0x52,
    0x28, 0x52, 0x49, 0x52, 0x28, 0x52, 0x49, 0x52, 0x28, 0x52, 0x49, 0x52,
    0x28, 0x52, 0x49, 0x52, 0x28, 0x52, 0x49, 0x52, 0x28, 0x52, 0x49, 0x52,
    0x28, 0x52, 0x49, 0x52, 0x28, 0x52, 0x49, 0x52, 0x28, 0x52, 0x49, 0x52,
    0x28, 0x52, 0x49, 0x52, 0x28, 0x52, 0x49, 0x52, 0x28, 0x52, 0x49, 0x52,
    0x28, 0x52, 0x49, 0x52, 0x28, 0x52, 0x49, 0x52, 0x28, 0x52, 0x49, 0x52,
    0x28, 0x52, 0x49, 0x52, 0x28, 0x52, 0x49, 0x52, 0x28, 0x52, 0x49, 0x52,
    0x49, 0x52, 0x49, 0x52, 0x49, 0x52, 0x49, 0x52, 0x49, 0x52, 0x49, 0x52,
    0x49, 0x52, 0x49, 0x52, 0x49, 0x52, 0x49, 0x52, 0x49, 0x52, 0x49, 0x52,
    0x49, 0x52, 0x49, 0x52, 0x49, 0x52, 0x49, 0x52, 0x49, 0x52, 0x49, 0x52,
    0x49, 0x52, 0x49, 0x52, 0x49, 0x52, 0x49, 0x52, 0x49, 0x52, 0x49, 0x52,
    0x49, 0x52, 0x49, 0x52, 0x49, 0x52, 0x49, 0x52, 0x49, 0x52, 0x49, 0x52,
    0x49, 0x52, 0x49, 0x52, 0x49, 0x52, 0x49, 0x52, 0x49, 0x52, 0x49, 0x52,
    0x49, 0x52, 0x49, 0x52, 0x49, 0x52, 0x49, 0x52, 0x49, 0x52, 0x49, 0x52,
    0x49, 0x52, 0x49, 0x52, 0x49, 0x52, 0x49, 0x52, 0x49, 0x52, 0x49, 0x52,
    0x49, 0x52, 0x49, 0x52, 0x49, 0x52, 0x49, 0x52, 0x49, 0x52, 0x49, 0x52,
    0x49, 0x52, 0x49, 0x52, 0x49, 0x52, 0x49, 0x52, 0x49, 0x52, 0x49, 0x52,
    0x49, 0x52, 0x49, 0x52, 0x49, 0x52, 0x49, 0x52, 0x49, 0x52, 0x49, 0x52,
    0x49, 0x52, 0x49, 0x52, 0x49, 0x52, 0x49, 0x52, 0x49, 0x52, 0x49, 0x52,
    0x49, 0x52, 0x49, 0x52, 0x49, 0x52, 0x49, 0x52, 0x49, 0x52, 0x49, 0x52,
    0x49, 0x52, 0x49, 0x52, 0x49, 0x52, 0x49, 0x52, 0x49, 0x52, 0x49, 0x52,
    0x49, 0x52, 0x49, 0x52, 0x49, 0x52, 0x49, 0x52, 0x49, 0x52, 0x49, 0x52,
    0x49, 0x52, 0x49, 0x52, 0x49, 0x52, 0x49, 0x52, 0x49, 0x52, 0x49, 0x52,
    0x49, 0x52, 0x49, 0x52, 0x49, 0x52, 0x49, 0x52, 0x49, 0x52, 0x49, 0x52,
    0x49, 0x52, 0x49, 0x52, 0x49, 0x52, 0x49, 0x52, 0x49, 0x52, 0x49, 0x52,
    0x49, 0x52, 0x49, 0x52, 0x49, 0x52, 0x49, 0x52, 0x49, 0x52, 0x49, 0x52,
    0x49, 0x52, 0x49, 0x52, 0x49, 0x52, 0x49, 0x52, 0x49, 0x52, 0x49, 0x52,
    0x49, 0x52, 0x49, 0x52, 0x49, 0x52, 0x49, 0x52, 0x49, 0x52, 0x49, 0x52,
    0x49, 0x52, 0x49, 0x52, 0x49, 0x52, 0x49, 0x52, 0x49, 0x52, 0x49, 0x52,
    0x49, 0x52, 0x49, 0x52, 0x49, 0x52, 0x49, 0x52, 0x49, 0x52, 0x49, 0x52,
    0x49, 0x52, 0x49, 0x52, 0x49, 0x52, 0x49, 0x52, 0x49, 0x52, 0x49, 0x52,
    0x49, 0x52, 0x49, 0x52, 0x49, 0x52, 0x49, 0x52, 0x49, 0x52, 0x49, 0x52,
    0x28, 0x52, 0x28, 0x52, 0x28, 0x52, 0x28, 0x52, 0x28, 0x52, 0x28, 0x52,
    0x28, 0x52, 0x28, 0x52, 0x28, 0x52, 0x28, 0x52, 0x28, 0x52, 0x28, 0x52,
    0x28, 0x52, 0x28, 0x52, 0x28, 0x52, 0x28, 0x52, 0x28, 0x52, 0x28, 0x52,
    0x28, 0x52, 0x28, 0x52, 0x28, 0x52, 0x28, 0x52, 0x28, 0x52, 0x28, 0x52,
    0x28, 0x52, 0x28, 0x52, 0x28, 0x52, 0x28, 0x52, 0x28, 0x52, 0x28, 0x52,
    0x28, 0x52, 0x28, 0x52, 0x28, 0x52, 0x28, 0x52, 0x28, 0x52, 0x28, 0x52,
    0x28, 0x52, 0x28, 0x52, 0x28, 0x52, 0x28, 0x52, 0x28, 0x52, 0x28, 0x52,
    0x28, 0x52, 0x28, 0x52, 0x28, 0x52, 0x28, 0x52, 0x28, 0x52, 0x28, 0x52,
    0x28, 0x52, 0x28, 0x52, 0x28, 0x52, 0x28, 0x52, 0x28, 0x52, 0x28, 0x52,
    0x28, 0x52, 0x28, 0x52, 0x28, 0x52, 0x28, 0x52, 0x28, 0x52, 0x28, 0x52,
    0x28, 0x52, 0x28, 0x52, 0x48, 0x52, 0x49, 0x52, 0x49, 0x52, 0x49, 0x52,
    0x48, 0x52, 0x48, 0x52, 0x28, 0x52, 0x28, 0x52, 0x28, 0x52, 0x28, 0x52,
    0x48, 0x52, 0x49, 0x52, 0x49, 0x52, 0x49, 0x52, 0x49, 0x52, 0x48, 0x52,
    0x28, 0x52, 0x28, 0x52, 0x28, 0x52, 0x28, 0x52, 0x28, 0x52, 0x28, 0x52,
    0x28, 0x52, 0x28, 0x52, 0x28, 0x52, 0x28, 0x52, 0x28, 0x52, 0x28, 0x52,
    0x28, 0x52, 0x28, 0x52, 0x28, 0x52, 0x28, 0x52, 0x28, 0x52, 0x28, 0x52,
    0x28, 0x52, 0x28, 0x52, 0x28, 0x52, 0x28, 0x52, 0x28, 0x52, 0x28, 0x52,
    0x28, 0x52, 0x28, 0x52, 0x28, 0x52, 0x28, 0x52, 0x28, 0x52, 0x28, 0x52,
    0x28, 0x52, 0x28, 0x52, 0x28, 0x52, 0x28, 0x52, 0x28, 0x52, 0x28, 0x52,
    0x28, 0x52, 0x28, 0x52, 0x28, 0x52, 0x28, 0x52, 0x28, 0x52, 0x28, 0x52,
    0x28, 0x52, 0x28, 0x52, 0x28, 0x52, 0x28, 0x52, 0x28, 0x52, 0x28, 0x52,
    0x28, 0x52, 0x28, 0x52, 0x28, 0x52, 0x28, 0x52, 0x28, 0x52, 0x28, 0x52,
    0x28, 0x52, 0x28, 0x52, 0x28, 0x52, 0x28, 0x52, 0x28, 0x52, 0x28, 0x52,
    0x28, 0x52, 0x28, 0x52, 0x28, 0x52, 0x28, 0x52, 0x28, 0x52, 0x28, 0x52,
    0x28, 0x52, 0x28, 0x52, 0x28, 0x52, 0x28, 0x52, 0x28, 0x52, 0x28, 0x52,
    0x28, 0x52, 0x28, 0x52, 0x28, 0x52, 0x28, 0x52, 0x28, 0x52, 0x28, 0x52,
    0x28, 0x52, 0x28, 0x52, 0x28, 0x52, 0x28, 0x52, 0x28, 0x52, 0x28, 0x52,
    0x28, 0x52, 0x28, 0x52, 0x28, 0x52, 0x28, 0x52, 0x28, 0x52, 0x28, 0x52,
    0x28, 0x52, 0x28, 0x52, 0x28, 0x52, 0x28, 0x52, 0x28, 0x52, 0x28, 0x52,
    0x28, 0x52, 0x28, 0x52, 0x28, 0x52, 0x28, 0x52, 0x28, 0x52, 0x28, 0x52,
    0x28, 0x52, 0x28, 0x52, 0x28, 0x52, 0x28, 0x52, 0x28, 0x52, 0x28, 0x52,
    0x28, 0x52, 0x28, 0x52, 0x28, 0x52, 0x28, 0x52, 0x28, 0x52, 0x28, 0x52,
    0x28, 0x52, 0x28, 0x52, 0x28, 0x52, 0x28, 0x52, 0x28, 0x52, 0x28, 0x52,
    0x28, 0x52, 0x28, 0x52, 0x28, 0x52, 0x28, 0x52, 0x28, 0x52, 0x28, 0x52,
    0x28, 0x52, 0x28, 0x52, 0x28, 0x52, 0x28, 0x52, 0x28, 0x52, 0x28, 0x52,
    0x28, 0x52, 0x69, 0x5a, 0x5d, 0xef, 0x7d, 0xef, 0x7d, 0xef, 0x34, 0xad,
    0x69, 0x5a, 0x49, 0x52, 0x48, 0x52, 0x28, 0x52, 0x28, 0x52, 0x48, 0x52,
    0x9a, 0xd6, 0x7d, 0xef, 0x7d, 0xef, 0x79, 0xd6, 0x69, 0x5a, 0x49, 0x52,
    0x48, 0x52, 0x28, 0x52, 0x28, 0x52, 0x28, 0x52, 0x28, 0x52, 0x28, 0x52,
    0x28, 0x52, 0x28, 0x52, 0x28, 0x52, 0x28, 0x52, 0x28, 0x52, 0x28, 0x52,
    0x28, 0x52, 0x28, 0x52, 0x28, 0x52, 0x28, 0x52, 0x28, 0x52, 0x28, 0x52,
    0x28, 0x52, 0x28, 0x52, 0x28, 0x52, 0x28, 0x52, 0x28, 0x52, 0x28, 0x52,
    0x28, 0x52, 0x28, 0x52, 0x28, 0x52, 0x28, 0x52, 0x28, 0x52, 0x28, 0x52,
    0x28, 0x52, 0x28, 0x52, 0x28, 0x52, 0x28, 0x52, 0x28, 0x52, 0x28, 0x52,
    0x28, 0x52, 0x28, 0x52, 0x28, 0x52, 0x28, 0x52, 0x28, 0x52, 0x28, 0x52,
    0x28, 0x52, 0x28, 0x52, 0x28, 0x52, 0x28, 0x52, 0x28, 0x52, 0x28, 0x52,
    0x28, 0x52, 0x28, 0x52, 0x28, 0x52, 0x28, 0x52, 0x28, 0x52, 0x28, 0x52,
    0x28, 0x52, 0x28, 0x52, 0x28, 0x52, 0x28, 0x52, 0x28, 0x52, 0x28, 0x52,
    0x28, 0x52, 0x28, 0x52, 0x28, 0x52, 0x28, 0x52, 0x28, 0x52, 0x28, 0x52,
    0x28, 0x52, 0x28, 0x52, 0x28, 0x52, 0x28, 0x52, 0x28, 0x52, 0x28, 0x52,
    0x28, 0x52, 0x28, 0x52, 0x28, 0x52, 0x28, 0x52, 0x28, 0x52, 0x28, 0x52,
    0x28, 0x52, 0x28, 0x52, 0x28, 0x52, 0x28, 0x52, 0x28, 0x52, 0x28, 0x52,
    0x28, 0x52, 0x28, 0x52, 0x28, 0x52, 0x28, 0x52, 0x28, 0x52, 0x28, 0x52,
    0x28, 0x52, 0x28, 0x52, 0x28, 0x52, 0x28, 0x52, 0x28, 0x52, 0x28, 0x52,
    0x28, 0x52, 0x28, 0x52, 0x28, 0x52, 0x28, 0x52, 0x28, 0x52, 0x28, 0x52,
    0x28, 0x52, 0x28, 0x52, 0x28, 0x52, 0x28, 0x52, 0x28, 0x52, 0x28, 0x52,
    0x28, 0x52, 0x28, 0x52, 0x28, 0x52, 0x28, 0x52, 0x28, 0x52, 0x28, 0x52,
    0x28, 0x52, 0x28, 0x52, 0x28, 0x52, 0x28, 0x52, 0x28, 0x52, 0x28, 0x52,
    0x28, 0x52, 0x28, 0x52, 0x28, 0x52, 0x28, 0x52, 0x28, 0x52, 0x28, 0x52,
    0x28, 0x52, 0x28, 0x52, 0x28, 0x52, 0x28, 0x52, 0x28, 0x52, 0x28, 0x52,
    0x28, 0x52, 0x49, 0x52, 0x79, 0xd6, 0xdf, 0xff, 0xdf, 0xff, 0xbe, 0xf7,
    0x0b, 0x6b, 0x89, 0x5a, 0x48, 0x52, 0x28, 0x52, 0x28, 0x52, 0x30, 0x8c,
    0xdf, 0xff, 0xdf, 0xff, 0xdf, 0xff, 0xd2, 0x9c, 0xa9, 0x62, 0x69, 0x52,
    0x28, 0x52, 0x28, 0x52, 0x28, 0x52, 0x28, 0x52, 0x28, 0x52, 0x28, 0x52,
    0x28, 0x52, 0x28, 0x52, 0x28, 0x52, 0x28, 0x52, 0x28, 0x52, 0x28, 0x52,
    0x28, 0x52, 0x28, 0x52, 0x28, 0x52, 0x28, 0x52, 0x28, 0x52, 0x28, 0x52,
    0x28, 0x52, 0x28, 0x52, 0x28, 0x52, 0x28, 0x52, 0x28, 0x52, 0x28, 0x52,
    0x28, 0x52, 0x28, 0x52, 0x28, 0x52, 0x28, 0x52, 0x28, 0x52, 0x28, 0x52,
    0x28, 0x52, 0x28, 0x52, 0x28, 0x52, 0x28, 0x52, 0x28, 0x52, 0x28, 0x52,
    0x28, 0x52, 0x28, 0x52, 0x28, 0x52, 0x28, 0x52, 0x28, 0x52, 0x28, 0x52,
    0x28, 0x52, 0x28, 0x52, 0x28, 0x52, 0x28, 0x52, 0x28, 0x52, 0x28, 0x52,
    0x28, 0x52, 0x28, 0x52, 0x28, 0x52, 0x28, 0x52, 0x28, 0x52, 0x28, 0x52,
    0x28, 0x52, 0x28, 0x52, 0x28, 0x52, 0x28, 0x52, 0x28, 0x52, 0x28, 0x52,
    0x28, 0x52, 0x28, 0x52, 0x28, 0x52, 0x28, 0x52, 0x28, 0x52, 0x28, 0x52,
    0x28, 0x52, 0x28, 0x52, 0x28, 0x52, 0x28, 0x52, 0x28, 0x52, 0x28, 0x52,
    0x28, 0x52, 0x28, 0x52, 0x28, 0x52, 0x28, 0x52, 0x28, 0x52, 0x28, 0x52,
    0x28, 0x52, 0x28, 0x52, 0x28, 0x52, 0x28, 0x52, 0x28, 0x52, 0x28, 0x52,
    0x28, 0x52, 0x28, 0x52, 0x28, 0x52, 0x28, 0x52, 0x28, 0x52, 0x28, 0x52,
    0x28, 0x52, 0x28, 0x52, 0x28, 0x52, 0x28, 0x52, 0x28, 0x52, 0x28, 0x52,
    0x28, 0x52, 0x28, 0x52, 0x28, 0x52, 0x28, 0x52, 0x28, 0x52, 0x28, 0x52,
    0x28, 0x52, 0x28, 0x52, 0x28, 0x52, 0x28, 0x52, 0x28, 0x52, 0x28, 0x52,
    0x28, 0x52, 0x28, 0x52, 0x28, 0x52, 0x28, 0x52, 0x28, 0x52, 0x28, 0x52,
    0x28, 0x52, 0x28, 0x52, 0x28, 0x52, 0x28, 0x52, 0x28, 0x52, 0x28, 0x52,
    0x28, 0x52, 0x28, 0x52, 0x28, 0x52, 0x28, 0x52, 0x28, 0x52, 0x28, 0x52,
    0x28, 0x52, 0x28, 0x52, 0x28, 0x52, 0x28, 0x52, 0x28, 0x52, 0x28, 0x52,
    0x28, 0x52, 0x49, 0x52, 0x0b, 0x6b, 0xdf, 0xf7, 0xdf, 0xff, 0xdf, 0xff,
    0x59, 0xce, 0xc9, 0x62, 0x49, 0x52, 0x48, 0x52, 0x49, 0x52, 0x7d, 0xef,
    0xdf, 0xff, 0xdf, 0xff, 0x3c, 0xe7, 0x2a, 0x6b, 0xc9, 0x62, 0x69, 0x5a,
    0x48, 0x52, 0x28, 0x52, 0x28, 0x52, 0x48, 0x52, 0x48, 0x52, 0x48, 0x52,
    0x28, 0x52, 0x28, 0x52, 0x28, 0x52, 0x28, 0x52, 0x28, 0x52, 0x28, 0x52,
    0x28, 0x52, 0x28, 0x52, 0x28, 0x52, 0x28, 0x52, 0x28, 0x52, 0x28, 0x52,
    0x28, 0x52, 0x28, 0x52, 0x28, 0x52, 0x28, 0x52, 0x28, 0x52, 0x28, 0x52,
    0x28, 0x52, 0x28, 0x52, 0x28, 0x52, 0x28, 0x52, 0x28, 0x52, 0x28, 0x52,
    0x28, 0x52, 0x28, 0x52, 0x28, 0x52, 0x28, 0x52, 0x28, 0x52, 0x28, 0x52,
    0x28, 0x52, 0x28, 0x52, 0x28, 0x52, 0x28, 0x52, 0x28, 0x52, 0x28, 0x52,
    0x28, 0x52, 0x28, 0x52, 0x28, 0x52, 0x28, 0x52, 0x28, 0x52, 0x28, 0x52,
    0x28, 0x52, 0x28, 0x52, 0x28, 0x52, 0x28, 0x52, 0x28, 0x52, 0x28, 0x52,
    0x28, 0x52, 0x28, 0x52, 0x28, 0x52, 0x28, 0x52, 0x28, 0x52, 0x28, 0x52,
    0x28, 0x52, 0x28, 0x52, 0x28, 0x52, 0x28, 0x52, 0x28, 0x52, 0x28, 0x52,
    0x28, 0x52, 0x28, 0x52, 0x28, 0x52, 0x28, 0x52, 0x28, 0x52, 0x28, 0x52,
    0x28, 0x52, 0x28, 0x52, 0x28, 0x52, 0x28, 0x52, 0x28, 0x52, 0x28, 0x52,
    0x28, 0x52, 0x28, 0x52, 0x28, 0x52, 0x28, 0x52, 0x28, 0x52, 0x28, 0x52,
    0x28, 0x52, 0x28, 0x52, 0x28, 0x52, 0x28, 0x52, 0x28, 0x52, 0x28, 0x52,
    0x28, 0x52, 0x28, 0x52, 0x28, 0x52, 0x28, 0x52, 0x28, 0x52, 0x28, 0x52,
    0x28, 0x52, 0x28, 0x52, 0x28, 0x52, 0x28, 0x52, 0x28, 0x52, 0x28, 0x52,
    0x28, 0x52, 0x28, 0x52, 0x28, 0x52, 0x28, 0x52, 0x28, 0x52, 0x28, 0x52,
    0x28, 0x52, 0x28, 0x52, 0x28, 0x52, 0x28, 0x52, 0x28, 0x52, 0x28, 0x52,
    0x28, 0x52, 0x28, 0x52, 0x28, 0x52, 0x28, 0x52, 0x28, 0x52, 0x28, 0x52,
    0x28, 0x52, 0x28, 0x52, 0x28, 0x52, 0x28, 0x52, 0x28, 0x52, 0x28, 0x52,
    0x28, 0x52, 0x28, 0x52, 0x28, 0x52, 0x28, 0x52, 0x28, 0x52, 0x28, 0x52,
    0x28, 0x52, 0x28, 0x52, 0x69, 0x52, 0xb6, 0xbd, 0xdf, 0xff, 0xdf, 0xff,
    0xdf, 0xff, 0xad, 0x7b, 0x89, 0x5a, 0x48, 0x52, 0x14, 0xa5, 0xdf, 0xff,
    0xdf, 0xff, 0xdf, 0xff, 0x4f, 0x94, 0x09, 0x6b, 0x89, 0x5a, 0x48, 0x52,
    0x28, 0x52, 0x28, 0x52, 0x4d, 0x73, 0xcf, 0x83, 0xae, 0x83, 0x48, 0x52,
    0x48, 0x52, 0x28, 0x52, 0x28, 0x52, 0x28, 0x52, 0x28, 0x52, 0x28, 0x52,
    0x28, 0x52, 0x28, 0x52, 0x28, 0x52, 0x28, 0x52, 0x28, 0x52, 0x28, 0x52,
    0x28, 0x52, 0x28, 0x52, 0x28, 0x52, 0x28, 0x52, 0x28, 0x52, 0x28, 0x52,
    0x28, 0x52, 0x28, 0x52, 0x28, 0x52, 0x28, 0x52, 0x28, 0x52, 0x28, 0x52,
    0x28, 0x52, 0x28, 0x52, 0x28, 0x52, 0x28, 0x52, 0x28, 0x52, 0x28, 0x52,
    0x28, 0x52, 0x28, 0x52, 0x28, 0x52, 0x28, 0x52, 0x28, 0x52, 0x28, 0x52,
    0x28, 0x52, 0x28, 0x52, 0x28, 0x52, 0x28, 0x52, 0x28, 0x52, 0x28, 0x52,
    0x28, 0x52, 0x28, 0x52, 0x28, 0x52, 0x28, 0x52, 0x28, 0x52, 0x28, 0x52,
    0x28, 0x52, 0x28, 0x52, 0x28, 0x52, 0x28, 0x52, 0x28, 0x52, 0x28, 0x52,
    0x28, 0x52, 0x28, 0x52, 0x28, 0x52, 0x28, 0x52, 0x28, 0x52, 0x28, 0x52,
    0x28, 0x52, 0x28, 0x52, 0x28, 0x52, 0x28, 0x52, 0x28, 0x52, 0x28, 0x52,
    0x28, 0x52, 0x28, 0x52, 0x28, 0x52, 0x28, 0x52, 0x28, 0x52, 0x28, 0x52,
    0x28, 0x52, 0x28, 0x52, 0x28, 0x52, 0x28, 0x52, 0x28, 0x52, 0x28, 0x52,
    0x28, 0x52, 0x28, 0x52, 0x28, 0x52, 0x28, 0x52, 0x28, 0x52, 0x28, 0x52,
    0x28, 0x52, 0x28, 0x52, 0x28, 0x52, 0x28, 0x52, 0x28, 0x52, 0x28, 0x52,
    0x28, 0x52, 0x28, 0x52, 0x28, 0x52, 0x28, 0x52, 0x28, 0x52, 0x28, 0x52,
    0x28, 0x52, 0x28, 0x52, 0x28, 0x52, 0x28, 0x52, 0x28, 0x52, 0x28, 0x52,
    0x28, 0x52, 0x28, 0x52, 0x28, 0x52, 0x28, 0x52, 0x28, 0x52, 0x28, 0x52,
    0x28, 0x52, 0x28, 0x52, 0x28, 0x52, 0x28, 0x52, 0x28, 0x52, 0x28, 0x52,
    0x28, 0x52, 0x28, 0x52, 0x28, 0x52, 0x28, 0x52, 0x28, 0x52, 0x28, 0x52,
    0x28, 0x52, 0x28, 0x52, 0x28, 0x52, 0x28, 0x52, 0x28, 0x52, 0x28, 0x52,
    0x28, 0x52, 0x28, 0x52, 0x48, 0x52, 0x89, 0x5a, 0x9e, 0xf7, 0xdf, 0xff,
    0xdf, 0xff, 0xdb, 0xde, 0xc9, 0x62, 0xaa, 0x62, 0xbe, 0xf7, 0xdf, 0xff,
    0xdf, 0xff, 0xba, 0xd6, 0x4a, 0x73, 0xc9, 0x62, 0x69, 0x5a, 0x28, 0x52,
    0x28, 0x52, 0x28, 0x52, 0x7d, 0xef, 0xdf, 0xff, 0xdf, 0xf7, 0xa9, 0x5a,
    0x69, 0x52, 0x28, 0x52, 0x28, 0x52, 0x28, 0x52, 0x28, 0x52, 0x28, 0x52,
    0x28, 0x52, 0x28, 0x52, 0x28, 0x52, 0x28, 0x52, 0x28, 0x52, 0x28, 0x52,
    0x28, 0x52, 0x28, 0x52, 0x28, 0x52, 0x28, 0x52, 0x28, 0x52, 0x28, 0x52,
    0x28, 0x52, 0x28, 0x52, 0x28, 0x52, 0x28, 0x52, 0x28, 0x52, 0x28, 0x52,
    0x28, 0x52, 0x28, 0x52, 0x28, 0x52, 0x28, 0x52, 0x28, 0x52, 0x28, 0x52,
    0x28, 0x52, 0x28, 0x52, 0x28, 0x52, 0x28, 0x52, 0x28, 0x52, 0x28, 0x52,
    0x28, 0x52, 0x28, 0x52, 0x28, 0x52, 0x28, 0x52, 0x28, 0x52, 0x28, 0x52,
    0x28, 0x52, 0x28, 0x52, 0x28, 0x52, 0x28, 0x52, 0x28, 0x52, 0x28, 0x52,
    0x28, 0x52, 0x28, 0x52, 0x28, 0x52, 0x28, 0x52, 0x28, 0x52, 0x28, 0x52,
    0x28, 0x52, 0x28, 0x52, 0x28, 0x52, 0x28, 0x52, 0x28, 0x52, 0x28, 0x52,
    0x28, 0x52, 0x28, 0x52, 0x28, 0x52, 0x28, 0x52, 0x28, 0x52, 0x28, 0x52,
    0x28, 0x52, 0x28, 0x52, 0x28, 0x52, 0x28, 0x52, 0x28, 0x52, 0x28, 0x52,
    0x28, 0x52, 0x28, 0x52, 0x28, 0x52, 0x28, 0x52, 0x28, 0x52, 0x28, 0x52,
    0x28, 0x52, 0x28, 0x52, 0x28, 0x52, 0x28, 0x52, 0x28, 0x52, 0x28, 0x52,
    0x28, 0x52, 0x28, 0x52, 0x28, 0x52, 0x28, 0x52, 0x28, 0x52, 0x28, 0x52,
    0x28, 0x52, 0x28, 0x52, 0x28, 0x52, 0x28, 0x52, 0x28, 0x52, 0x28, 0x52,
    0x28, 0x52, 0x28, 0x52, 0x28, 0x52, 0x28, 0x52, 0x28, 0x52, 0x28, 0x52,
    0x28, 0x52, 0x28, 0x52, 0x28, 0x52, 0x28, 0x52, 0x28, 0x52, 0x28, 0x52,
    0x28, 0x52, 0x28, 0x52, 0x28, 0x52, 0x28, 0x52, 0x28, 0x52, 0x28, 0x52,
    0x28, 0x52, 0x28, 0x52, 0x28, 0x52, 0x28, 0x52, 0x28, 0x52, 0x28, 0x52,
    0x28, 0x52, 0x28, 0x52, 0x28, 0x52, 0x28, 0x52, 0x28, 0x52, 0x28, 0x52,
    0x28, 0x52, 0x28, 0x52, 0x28, 0x52, 0x48, 0x52, 0xb2, 0x9c, 0xdf, 0xff,
    0xdf, 0xff, 0xdf, 0xff, 0x4f, 0x8c, 0xf7, 0xc5, 0xdf, 0xff, 0xdf, 0xff,
    0xbf, 0xf7, 0xcc, 0x7b, 0x09, 0x6b, 0x89, 0x5a, 0x48, 0x52, 0x28, 0x52,
    0x28, 0x52, 0x28, 0x52, 0x7d, 0xef, 0xdf, 0xff, 0xdf, 0xf7, 0xe9, 0x6a,
    0x89, 0x5a, 0x28, 0x52, 0x28, 0x52, 0x28, 0x52, 0x28, 0x52, 0x28, 0x52,
    0x28, 0x52, 0x28, 0x52, 0x28, 0x52, 0x28, 0x52, 0x28, 0x52, 0x28, 0x52,
    0x28, 0x52, 0x28, 0x52, 0x28, 0x52, 0x28, 0x52, 0x28, 0x52, 0x28, 0x52,
    0x28, 0x52, 0x28, 0x52, 0x28, 0x52, 0x28, 0x52, 0x28, 0x52, 0x28, 0x52,
    0x28, 0x52, 0x28, 0x52, 0x28, 0x52, 0x28, 0x52, 0x28, 0x52, 0x28, 0x52,
    0x28, 0x52, 0x28, 0x52, 0x28, 0x52, 0x28, 0x52, 0x28, 0x52, 0x28, 0x52,
    0x28, 0x52, 0x28, 0x52, 0x28, 0x52, 0x28, 0x52, 0x28, 0x52, 0x28, 0x52,
    0x28, 0x52, 0x28, 0x52, 0x28, 0x52, 0x28, 0x52, 0x28, 0x52, 0x28, 0x52,
    0x28, 0x52, 0x28, 0x52, 0x28, 0x52, 0x28, 0x52, 0x28, 0x52, 0x28, 0x52,
    0x28, 0x52, 0x28, 0x52, 0x28, 0x52, 0x28, 0x52, 0x28, 0x52, 0x28, 0x52,
    0x28, 0x52, 0x28, 0x52, 0x28, 0x52, 0x28, 0x52, 0x28, 0x52, 0x28, 0x52,
    0x28, 0x52, 0x28, 0x52, 0x28, 0x52, 0x28, 0x52, 0x28, 0x52, 0x28, 0x52,
    0x28, 0x52, 0x28, 0x52, 0x28, 0x52, 0x28, 0x52, 0x28, 0x52, 0x28, 0x52,
    0x28, 0x52, 0x28, 0x52, 0x28, 0x52, 0x28, 0x52, 0x28, 0x52, 0x28, 0x52,
    0x28, 0x52, 0x28, 0x52, 0x28, 0x52, 0x28, 0x52, 0x28, 0x52, 0x28, 0x52,
    0x28, 0x52, 0x28, 0x52, 0x28, 0x52, 0x28, 0x52, 0x28, 0x52, 0x28, 0x52,
    0x28, 0x52, 0x28, 0x52, 0x28, 0x52, 0x28, 0x52, 0x28, 0x52, 0x28, 0x52,
    0x28, 0x52, 0x28, 0x52, 0x28, 0x52, 0x28, 0x52, 0x28, 0x52, 0x28, 0x52,
    0x28, 0x52, 0x28, 0x52, 0x28, 0x52, 0x28, 0x52, 0x28, 0x52, 0x28, 0x52,
    0x28, 0x52, 0x28, 0x52, 0x28, 0x52, 0x28, 0x52, 0x28, 0x52, 0x28, 0x52,
    0x28, 0x52, 0x28, 0x52, 0x28, 0x52, 0x28, 0x52, 0x28, 0x52, 0x28, 0x52,
    0x28, 0x52, 0x28, 0x52, 0x28, 0x52, 0x48, 0x52, 0x69, 0x5a, 0x3c, 0xe7,
    0xdf, 0xff, 0xdf, 0xff, 0x7d, 0xef, 0xdf, 0xf7, 0xdf, 0xff, 0xdf, 0xff,
    0xd6, 0xbd, 0x2a, 0x6b, 0xa9, 0x62, 0x69, 0x52, 0x28, 0x52, 0x28, 0x52,
    0x28, 0x52, 0x48, 0x52, 0x7d, 0xef, 0xdf, 0xff, 0xdf, 0xff, 0x2a, 0x6b,
    0x89, 0x5a, 0x48, 0x52, 0x28, 0x52, 0x28, 0x52, 0x28, 0x52, 0x28, 0x52,
    0x28, 0x52, 0x28, 0x52, 0x28, 0x52, 0x28, 0x52, 0x28, 0x52, 0x28, 0x52,
    0x28, 0x52, 0x28, 0x52, 0x28, 0x52, 0x28, 0x52, 0x28, 0x52, 0x28, 0x52,
    0x28, 0x52, 0x28, 0x52, 0x28, 0x52, 0x28, 0x52, 0x28, 0x52, 0x28, 0x52,
    0x28, 0x52, 0x28, 0x52, 0x28, 0x52, 0x28, 0x52, 0x28, 0x52, 0x28, 0x52,
    0x28, 0x52, 0x28, 0x52, 0x28, 0x52, 0x28, 0x52, 0x28, 0x52, 0x28, 0x52,
    0x28, 0x52, 0x28, 0x52, 0x28, 0x52, 0x28, 0x52, 0x28, 0x52, 0x28, 0x52,
    0x28, 0x52, 0x28, 0x52, 0x28, 0x52, 0x28, 0x52, 0x28, 0x52, 0x28, 0x52,
    0x28, 0x52, 0x28, 0x52, 0x28, 0x52, 0x28, 0x52, 0x28, 0x52, 0x28, 0x52,
    0x28, 0x52, 0x28, 0x52, 0x28, 0x52, 0x28, 0x52, 0x28, 0x52, 0x28, 0x52,
    0x28, 0x52, 0x28, 0x52, 0x28, 0x52, 0x28, 0x52, 0x28, 0x52, 0x28, 0x52,
    0x28, 0x52, 0x28, 0x52, 0x28, 0x52, 0x28, 0x52, 0x28, 0x52, 0x28, 0x52,
    0x28, 0x52, 0x28, 0x52, 0x28, 0x52, 0x28, 0x52, 0x28, 0x52, 0x28, 0x52,
    0x28, 0x52, 0x28, 0x52, 0x28, 0x52, 0x28, 0x52, 0x28, 0x52, 0x28, 0x52,
    0x28, 0x52, 0x28, 0x52, 0x28, 0x52, 0x28, 0x52, 0x28, 0x52, 0x28, 0x52,
    0x28, 0x52, 0x28, 0x52, 0x28, 0x52, 0x28, 0x52, 0x28, 0x52, 0x28, 0x52,
    0x28, 0x52, 0x28, 0x52, 0x28, 0x52, 0x28, 0x52, 0x28, 0x52, 0x28, 0x52,
    0x28, 0x52, 0x28, 0x52, 0x28, 0x52, 0x28, 0x52, 0x28, 0x52, 0x28, 0x52,
    0x28, 0x52, 0x28, 0x52, 0x28, 0x52, 0x28, 0x52, 0x28, 0x52, 0x28, 0x52,
    0x28, 0x52, 0x28, 0x52, 0x28, 0x52, 0x28, 0x52, 0x28, 0x52, 0x28, 0x52,
    0x28, 0x52, 0x28, 0x52, 0x28, 0x52, 0x28, 0x52, 0x28, 0x52, 0x28, 0x52,
    0x28, 0x52, 0x28, 0x52, 0x28, 0x52, 0x28, 0x52, 0x48, 0x52, 0xae, 0x7b,
    0xdf, 0xff, 0xdf, 0xff, 0xdf, 0xff, 0xdf, 0xff, 0xdf, 0xff, 0x9e, 0xef,
    0x6a, 0x73, 0xe9, 0x62, 0x69, 0x5a, 0x48, 0x52, 0x28, 0x52, 0x28, 0x52,
    0x48, 0x52, 0x48, 0x52, 0x7d, 0xef, 0xdf, 0xff, 0xdf, 0xff, 0x2a, 0x6b,
    0xa9, 0x5a, 0x48, 0x52, 0x48, 0x52, 0x28, 0x52, 0x28, 0x52, 0x28, 0x52,
    0x28, 0x52, 0x28, 0x52, 0x28, 0x52, 0x28, 0x52, 0x28, 0x52, 0x28, 0x52,
    0x28, 0x52, 0x28, 0x52, 0x28, 0x52, 0x28, 0x52, 0x28, 0x52, 0x28, 0x52,
    0x28, 0x52, 0x28, 0x52, 0x28, 0x52, 0x28, 0x52, 0x28, 0x52, 0x28, 0x52,
    0x28, 0x52, 0x28, 0x52, 0x28, 0x52, 0x28, 0x52, 0x28, 0x52, 0x28, 0x52,
    0x28, 0x52, 0x28, 0x52, 0x28, 0x52, 0x28, 0x52, 0x28, 0x52, 0x28, 0x52,
    0x28, 0x52, 0x28, 0x52, 0x28, 0x52, 0x28, 0x52, 0x28, 0x52, 0x28, 0x52,
    0x28, 0x52, 0x28, 0x52, 0x28, 0x52, 0x28, 0x52, 0x28, 0x52, 0x28, 0x52,
    0x28, 0x52, 0x28, 0x52, 0x28, 0x52, 0x28, 0x52, 0x28, 0x52, 0x28, 0x52,
    0x28, 0x52, 0x28, 0x52, 0x28, 0x52, 0x28, 0x52, 0x28, 0x52, 0x28, 0x52,
    0x28, 0x52, 0x28, 0x52, 0x28, 0x52, 0x28, 0x52, 0x28, 0x52, 0x28, 0x52,
    0x28, 0x52, 0x28, 0x52, 0x28, 0x52, 0x28, 0x52, 0x28, 0x52, 0x28, 0x52,
    0x28, 0x52, 0x28, 0x52, 0x28, 0x52, 0x28, 0x52, 0x28, 0x52, 0x28, 0x52,
    0x28, 0x52, 0x28, 0x52, 0x28, 0x52, 0x28, 0x52, 0x28, 0x52, 0x28, 0x52,
    0x28, 0x52, 0x28, 0x52, 0x28, 0x52, 0x28, 0x52, 0x28, 0x52, 0x28, 0x52,
    0x28, 0x52, 0x28, 0x52, 0x28, 0x52, 0x28, 0x52, 0x28, 0x52, 0x28, 0x52,
    0x28, 0x52, 0x28, 0x52, 0x28, 0x52, 0x28, 0x52, 0x28, 0x52, 0x28, 0x52,
    0x28, 0x52, 0x28, 0x52, 0x28, 0x52, 0x28, 0x52, 0x28, 0x52, 0x28, 0x52,
    0x28, 0x52, 0x28, 0x52, 0x28, 0x52, 0x28, 0x52, 0x28, 0x52, 0x28, 0x52,
    0x28, 0x52, 0x28, 0x52, 0x28, 0x52, 0x28, 0x52, 0x28, 0x52, 0x28, 0x52,
    0x28, 0x52, 0x28, 0x52, 0x28, 0x52, 0x28, 0x52, 0x28, 0x52, 0x28, 0x52,
    0x28, 0x52, 0x28, 0x52, 0x28, 0x52, 0x28, 0x52, 0x28, 0x52, 0x69, 0x5a,
    0x79, 0xce, 0xdf, 0xff, 0xdf, 0xff, 0xdf, 0xff, 0xdf, 0xff, 0xf2, 0xa4,
    0x2a, 0x6b, 0xa9, 0x5a, 0x48, 0x52, 0x71, 0x94, 0x7d, 0xef, 0x7d, 0xef,
    0x7d, 0xef, 0x7d, 0xef, 0xdf, 0xff, 0xdf, 0xff, 0xdf, 0xff, 0x7d, 0xef,
    0x7d, 0xef, 0x7d, 0xef, 0x7d, 0xef, 0x96, 0xbd, 0x69, 0x5a, 0x48, 0x52,
    0x28, 0x52, 0x28, 0x52, 0x28, 0x52, 0x28, 0x52, 0x28, 0x52, 0x28, 0x52,
    0x28, 0x52, 0x28, 0x52, 0x28, 0x52, 0x28, 0x52, 0x28, 0x52, 0x28, 0x52,
    0x28, 0x52, 0x28, 0x52, 0x28, 0x52, 0x28, 0x52, 0x28, 0x52, 0x28, 0x52,
    0x28, 0x52, 0x28, 0x52, 0x28, 0x52, 0x28, 0x52, 0x28, 0x52, 0x28, 0x52,
    0x28, 0x52, 0x28, 0x52, 0x28, 0x52, 0x28, 0x52, 0x28, 0x52, 0x28, 0x52,
    0x28, 0x52, 0x28, 0x52, 0x28, 0x52, 0x28, 0x52, 0x28, 0x52, 0x28, 0x52,
    0x28, 0x52, 0x28, 0x52, 0x28, 0x52, 0x28, 0x52, 0x28, 0x52, 0x28, 0x52,
    0x28, 0x52, 0x28, 0x52, 0x28, 0x52, 0x28, 0x52, 0x28, 0x52, 0x28, 0x52,
    0x28, 0x52, 0x28, 0x52, 0x28, 0x52, 0x28, 0x52, 0x28, 0x52, 0x28, 0x52,
    0x28, 0x52, 0x28, 0x52, 0x28, 0x52, 0x28, 0x52, 0x28, 0x52, 0x28, 0x52,
    0x28, 0x52, 0x28, 0x52, 0x28, 0x52, 0x28, 0x52, 0x28, 0x52, 0x28, 0x52,
    0x28, 0x52, 0x28, 0x52, 0x28, 0x52, 0x28, 0x52, 0x28, 0x52, 0x28, 0x52,
    0x28, 0x52, 0x28, 0x52, 0x28, 0x52, 0x28, 0x52, 0x28, 0x52, 0x28, 0x52,
    0x28, 0x52, 0x28, 0x52, 0x28, 0x52, 0x28, 0x52, 0x28, 0x52, 0x28, 0x52,
    0x28, 0x52, 0x28, 0x52, 0x28, 0x52, 0x28, 0x52, 0x28, 0x52, 0x28, 0x52,
    0x28, 0x52, 0x28, 0x52, 0x28, 0x52, 0x28, 0x52, 0x28, 0x52, 0x28, 0x52,
    0x28, 0x52, 0x28, 0x52, 0x28, 0x52, 0x28, 0x52, 0x28, 0x52, 0x28, 0x52,
    0x28, 0x52, 0x28, 0x52, 0x28, 0x52, 0x28, 0x52, 0x28, 0x52, 0x28, 0x52,
    0x28, 0x52, 0x28, 0x52, 0x28, 0x52, 0x28, 0x52, 0x28, 0x52, 0x28, 0x52,
    0x28, 0x52, 0x28, 0x52, 0x28, 0x52, 0x28, 0x52, 0x28, 0x52, 0x28, 0x52,
    0x28, 0x52, 0x28, 0x52, 0x28, 0x52, 0x28, 0x52, 0x28, 0x52, 0x28, 0x52,
    0xeb, 0x62, 0xbe, 0xf7, 0xdf, 0xff, 0xdf, 0xff, 0x1c, 0xe7, 0x4a, 0x73,
    0xc9, 0x62, 0x68, 0x5a, 0x28, 0x52, 0x34, 0xad, 0xdf, 0xff, 0xdf, 0xff,
    0xdf, 0xff, 0xdf, 0xff, 0xdf, 0xff, 0xdf, 0xff, 0xdf, 0xff, 0xdf, 0xff,
    0xdf, 0xff, 0xdf, 0xff, 0xdf, 0xff, 0xba, 0xd6, 0xa9, 0x62, 0x48, 0x52,
    0x28, 0x52, 0x28, 0x52, 0x28, 0x52, 0x28, 0x52, 0x28, 0x52, 0x28, 0x52,
    0x28, 0x52, 0x28, 0x52, 0x28, 0x52, 0x28, 0x52, 0x28, 0x52, 0x28, 0x52,
    0x28, 0x52, 0x28, 0x52, 0x28, 0x52, 0x28, 0x52, 0x28, 0x52, 0x28, 0x52,
    0x28, 0x52, 0x28, 0x52, 0x28, 0x52, 0x28, 0x52, 0x28, 0x52, 0x28, 0x52,
    0x28, 0x52, 0x28, 0x52, 0x28, 0x52, 0x28, 0x52, 0x28, 0x52, 0x28, 0x52,
    0x28, 0x52, 0x28, 0x52, 0x28, 0x52, 0x28, 0x52, 0x28, 0x52, 0x28, 0x52,
    0x28, 0x52, 0x28, 0x52, 0x28, 0x52, 0x28, 0x52, 0x28, 0x52, 0x28, 0x52,
    0x28, 0x52, 0x28, 0x52, 0x28, 0x52, 0x28, 0x52, 0x28, 0x52, 0x28, 0x52,
    0x28, 0x52, 0x28, 0x52, 0x28, 0x52, 0x28, 0x52, 0x28, 0x52, 0x28, 0x52,
    0x28, 0x52, 0x28, 0x52, 0x28, 0x52, 0x28, 0x52, 0x28, 0x52, 0x28, 0x52,
    0x28, 0x52, 0x28, 0x52, 0x28, 0x52, 0x28, 0x52, 0x28, 0x52, 0x28, 0x52,
    0x28, 0x52, 0x28, 0x52, 0x28, 0x52, 0x28, 0x52, 0x28, 0x52, 0x28, 0x52,
    0x28, 0x52, 0x28, 0x52, 0x28, 0x52, 0x28, 0x52, 0x28, 0x52, 0x28, 0x52,
    0x28, 0x52, 0x28, 0x52, 0x28, 0x52, 0x28, 0x52, 0x28, 0x52, 0x28, 0x52,
    0x28, 0x52, 0x28, 0x52, 0x28, 0x52, 0x28, 0x52, 0x28, 0x52, 0x28, 0x52,
    0x28, 0x52, 0x28, 0x52, 0x28, 0x52, 0x28, 0x52, 0x28, 0x52, 0x28, 0x52,
    0x28, 0x52, 0x28, 0x52, 0x28, 0x52, 0x28, 0x52, 0x28, 0x52, 0x28, 0x52,
    0x28, 0x52, 0x28, 0x52, 0x28, 0x52, 0x28, 0x52, 0x28, 0x52, 0x28, 0x52,
    0x28, 0x52, 0x28, 0x52, 0x28, 0x52, 0x28, 0x52, 0x28, 0x52, 0x28, 0x52,
    0x28, 0x52, 0x28, 0x52, 0x28, 0x52, 0x28, 0x52, 0x28, 0x52, 0x28, 0x52,
    0x28, 0x52, 0x28, 0x52, 0x28, 0x52, 0x28, 0x52, 0x28, 0x52, 0x28, 0x52,
    0x48, 0x52, 0x3c, 0xe7, 0xdf, 0xff, 0xdf, 0xff, 0x17, 0xc6, 0x2a, 0x6b,
    0x89, 0x5a, 0x48, 0x52, 0x28, 0x52, 0x14, 0xad, 0xdf, 0xf7, 0xdf, 0xf7,
    0xdf, 0xff, 0xdf, 0xff, 0xdf, 0xff, 0xdf, 0xff, 0xdf, 0xff, 0xdf, 0xff,
    0xdf, 0xff, 0xdf, 0xff, 0xdf, 0xff, 0x99, 0xd6, 0xe9, 0x62, 0x69, 0x5a,
    0x28, 0x52, 0x28, 0x52, 0x28, 0x52, 0x28, 0x52, 0x28, 0x52, 0x28, 0x52,
    0x28, 0x52, 0x28, 0x52, 0x28, 0x52, 0x28, 0x52, 0x28, 0x52, 0x28, 0x52,
    0x28, 0x52, 0x28, 0x52, 0x28, 0x52, 0x28, 0x52, 0x28, 0x52, 0x28, 0x52,
    0x28, 0x52, 0x28, 0x52, 0x28, 0x52, 0x28, 0x52, 0x28, 0x52, 0x28, 0x52,
    0x28, 0x52, 0x28, 0x52, 0x28, 0x52, 0x28, 0x52, 0x28, 0x52, 0x28, 0x52,
    0x28, 0x52, 0x28, 0x52, 0x28, 0x52, 0x28, 0x52, 0x28, 0x52, 0x28, 0x52,
    0x28, 0x52, 0x28, 0x52, 0x28, 0x52, 0x28, 0x52, 0x28, 0x52, 0x28, 0x52,
    0x28, 0x52, 0x28, 0x52, 0x28, 0x52, 0x28, 0x52, 0x28, 0x52, 0x28, 0x52,
    0x28, 0x52, 0x28, 0x52, 0x28, 0x52, 0x28, 0x52, 0x28, 0x52, 0x28, 0x52,
    0x28, 0x52, 0x28, 0x52, 0x28, 0x52, 0x28, 0x52, 0x28, 0x52, 0x28, 0x52,
    0x28, 0x52, 0x28, 0x52, 0x28, 0x52, 0x28, 0x52, 0x28, 0x52, 0x28, 0x52,
    0x28, 0x52, 0x28, 0x52, 0x28, 0x52, 0x28, 0x52, 0x28, 0x52, 0x28, 0x52,
    0x28, 0x52, 0x28, 0x52, 0x28, 0x52, 0x28, 0x52, 0x28, 0x52, 0x28, 0x52,
    0x28, 0x52, 0x28, 0x52, 0x28, 0x52, 0x28, 0x52, 0x28, 0x52, 0x28, 0x52,
    0x28, 0x52, 0x28, 0x52, 0x28, 0x52, 0x28, 0x52, 0x28, 0x52, 0x28, 0x52,
    0x28, 0x52, 0x28, 0x52, 0x28, 0x52, 0x28, 0x52, 0x28, 0x52, 0x28, 0x52,
    0x28, 0x52, 0x28, 0x52, 0x28, 0x52, 0x28, 0x52, 0x28, 0x52, 0x28, 0x52,
    0x28, 0x52, 0x28, 0x52, 0x28, 0x52, 0x28, 0x52, 0x28, 0x52, 0x28, 0x52,
    0x28, 0x52, 0x28, 0x52, 0x28, 0x52, 0x28, 0x52, 0x28, 0x52, 0x28, 0x52,
    0x28, 0x52, 0x28, 0x52, 0x28, 0x52, 0x28, 0x52, 0x28, 0x52, 0x28, 0x52,
    0x28, 0x52, 0x28, 0x52, 0x28, 0x52, 0x28, 0x52, 0x28, 0x52, 0x28, 0x52,
    0x28, 0x52, 0x3c, 0xe7, 0xdf, 0xff, 0xdf, 0xff, 0x17, 0xc6, 0xe9, 0x6a,
    0x69, 0x5a, 0x28, 0x52, 0x28, 0x52, 0x48, 0x52, 0xa9, 0x62, 0xe9, 0x6a,
    0x2a, 0x6b, 0x2a, 0x6b, 0x7d, 0xef, 0xdf, 0xff, 0xdf, 0xff, 0x8a, 0x73,
    0x4a, 0x73, 0x2a, 0x6b, 0x2a, 0x6b, 0x09, 0x6b, 0xc9, 0x62, 0x68, 0x5a,
    0x28, 0x52, 0x28, 0x52, 0x28, 0x52, 0x28, 0x52, 0x28, 0x52, 0x28, 0x52,
    0x28, 0x52, 0x28, 0x52, 0x28, 0x52, 0x28, 0x52, 0x28, 0x52, 0x28, 0x52,
    0x28, 0x52, 0x28, 0x52, 0x28, 0x52, 0x28, 0x52, 0x28, 0x52, 0x28, 0x52,
    0x28, 0x52, 0x28, 0x52, 0x28, 0x52, 0x28, 0x52, 0x28, 0x52, 0x28, 0x52,
    0x28, 0x52, 0x28, 0x52, 0x28, 0x52, 0x28, 0x52, 0x28, 0x52, 0x28, 0x52,
    0x28, 0x52, 0x28, 0x52, 0x28, 0x52, 0x28, 0x52, 0x28, 0x52, 0x28, 0x52,
    0x28, 0x52, 0x28, 0x52, 0x28, 0x52, 0x28, 0x52, 0x28, 0x52, 0x28, 0x52,
    0x28, 0x52, 0x28, 0x52, 0x28, 0x52, 0x28, 0x52, 0x28, 0x52, 0x28, 0x52,
    0x28, 0x52, 0x28, 0x52, 0x28, 0x52, 0x28, 0x52, 0x28, 0x52, 0x28, 0x52,
    0x28, 0x52, 0x28, 0x52, 0x28, 0x52, 0x28, 0x52, 0x28, 0x52, 0x28, 0x52,
    0x28, 0x52, 0x28, 0x52, 0x28, 0x52, 0x28, 0x52, 0x28, 0x52, 0x28, 0x52,
    0x28, 0x52, 0x28, 0x52, 0x28, 0x52, 0x28, 0x52, 0x28, 0x52, 0x28, 0x52,
    0x28, 0x52, 0x28, 0x52, 0x28, 0x52, 0x28, 0x52, 0x28, 0x52, 0x28, 0x52,
    0x28, 0x52, 0x28, 0x52, 0x28, 0x52, 0x28, 0x52, 0x28, 0x52, 0x28, 0x52,
    0x28, 0x52, 0x28, 0x52, 0x28, 0x52, 0x28, 0x52, 0x28, 0x52, 0x28, 0x52,
    0x28, 0x52, 0x28, 0x52, 0x28, 0x52, 0x28, 0x52, 0x28, 0x52, 0x28, 0x52,
    0x28, 0x52, 0x28, 0x52, 0x28, 0x52, 0x28, 0x52, 0x28, 0x52, 0x28, 0x52,
    0x28, 0x52, 0x28, 0x52, 0x28, 0x52, 0x28, 0x52, 0x28, 0x52, 0x28, 0x52,
    0x28, 0x52, 0x28, 0x52, 0x28, 0x52, 0x28, 0x52, 0x28, 0x52, 0x28, 0x52,
    0x28, 0x52, 0x28, 0x52, 0x28, 0x52, 0x28, 0x52, 0x28, 0x52, 0x28, 0x52,
    0x28, 0x52, 0x28, 0x52, 0x28, 0x52, 0x28, 0x52, 0x28, 0x52, 0x28, 0x52,
    0x28, 0x52, 0x3c, 0xe7, 0xdf, 0xff, 0xdf, 0xff, 0x17, 0xc6, 0xe9, 0x6a,
    0x69, 0x5a, 0x28, 0x52, 0x28, 0x52, 0x28, 0x52, 0x48, 0x52, 0x89, 0x5a,
    0x89, 0x5a, 0xa9, 0x5a, 0x7d, 0xef, 0xdf, 0xff, 0xdf, 0xff, 0x4a, 0x73,
    0xe9, 0x62, 0xa9, 0x5a, 0x89, 0x5a, 0x89, 0x5a, 0x68, 0x5a, 0x28, 0x52,
    0x28, 0x52, 0x28, 0x52, 0x28, 0x52, 0x28, 0x52, 0x28, 0x52, 0x28, 0x52,
    0x28, 0x52, 0x28, 0x52, 0x28, 0x52, 0x28, 0x52, 0x28, 0x52, 0x28, 0x52,
    0x28, 0x52, 0x28, 0x52, 0x28, 0x52, 0x28, 0x52, 0x28, 0x52, 0x28, 0x52,
    0x28, 0x52, 0x28, 0x52, 0x28, 0x52, 0x28, 0x52, 0x28, 0x52, 0x28, 0x52,
    0x28, 0x52, 0x28, 0x52, 0x28, 0x52, 0x28, 0x52, 0x28, 0x52, 0x28, 0x52,
    0x28, 0x52, 0x28, 0x52, 0x28, 0x52, 0x28, 0x52, 0x28, 0x52, 0x28, 0x52,
    0x28, 0x52, 0x28, 0x52, 0x28, 0x52, 0x28, 0x52, 0x28, 0x52, 0x28, 0x52,
    0x28, 0x52, 0x28, 0x52, 0x28, 0x52, 0x28, 0x52, 0x28, 0x52, 0x28, 0x52,
    0x28, 0x52, 0x28, 0x52, 0x28, 0x52, 0x28, 0x52, 0x28, 0x52, 0x28, 0x52,
    0x28, 0x52, 0x28, 0x52, 0x28, 0x52, 0x28, 0x52, 0x28, 0x52, 0x28, 0x52,
    0x08, 0x52, 0x08, 0x52, 0x08, 0x52, 0x08, 0x52, 0x08, 0x52, 0x08, 0x52,
    0x08, 0x52, 0x08, 0x52, 0x08, 0x52, 0x08, 0x52, 0x08, 0x52, 0x08, 0x52,
    0x08, 0x52, 0x08, 0x52, 0x08, 0x52, 0x08, 0x52, 0x08, 0x52, 0x08, 0x52,
    0x08, 0x52, 0x08, 0x52, 0x08, 0x52, 0x08, 0x52, 0x08, 0x52, 0x08, 0x52,
    0x08, 0x52, 0x08, 0x52, 0x08, 0x52, 0x08, 0x52, 0x08, 0x52, 0x08, 0x52,
    0x08, 0x52, 0x08, 0x52, 0x08, 0x52, 0x08, 0x52, 0x08, 0x52, 0x08, 0x52,
    0x08, 0x52, 0x08, 0x52, 0x08, 0x52, 0x08, 0x52, 0x08, 0x52, 0x08, 0x52,
    0x08, 0x52, 0x08, 0x52, 0x08, 0x52, 0x08, 0x52, 0x08, 0x52, 0x08, 0x52,
    0x08, 0x52, 0x08, 0x52, 0x08, 0x52, 0x08, 0x52, 0x08, 0x52, 0x08, 0x52,
    0x08, 0x52, 0x08, 0x52, 0x08, 0x52, 0x08, 0x52, 0x08, 0x52, 0x08, 0x52,
    0x08, 0x52, 0x08, 0x52, 0x08, 0x52, 0x08, 0x52, 0x08, 0x52, 0x08, 0x52,
    0x28, 0x52, 0x3c, 0xe7, 0xdf, 0xff, 0xdf, 0xff, 0x17, 0xc6, 0xe9, 0x62,
    0x68, 0x5a, 0x28, 0x52, 0x08, 0x52, 0x28, 0x52, 0x28, 0x52, 0x28, 0x52,
    0x28, 0x52, 0x48, 0x52, 0x7d, 0xef, 0xdf, 0xff, 0xdf, 0xff, 0x29, 0x6b,
    0x89, 0x5a, 0x48, 0x52, 0x28, 0x52, 0x28, 0x52, 0x28, 0x52, 0x28, 0x52,
    0x08, 0x52, 0x08, 0x52, 0x08, 0x52, 0x08, 0x52, 0x08, 0x52, 0x08, 0x52,
    0x08, 0x52, 0x08, 0x52, 0x08, 0x52, 0x08, 0x52, 0x08, 0x52, 0x08, 0x52,
    0x08, 0x52, 0x08, 0x52, 0x08, 0x52, 0x08, 0x52, 0x08, 0x52, 0x08, 0x52,
    0x08, 0x52, 0x08, 0x52, 0x08, 0x52, 0x08, 0x52, 0x08, 0x52, 0x08, 0x52,
    0x08, 0x52, 0x08, 0x52, 0x08, 0x52, 0x08, 0x52, 0x08, 0x52, 0x08, 0x52,
    0x08, 0x52, 0x08, 0x52, 0x08, 0x52, 0x08, 0x52, 0x08, 0x52, 0x08, 0x52,
    0x08, 0x52, 0x08, 0x52, 0x08, 0x52, 0x08, 0x52, 0x08, 0x52, 0x08, 0x52,
    0x08, 0x52, 0x08, 0x52, 0x08, 0x52, 0x08, 0x52, 0x08, 0x52, 0x08, 0x52,
    0x08, 0x52, 0x08, 0x52, 0x08, 0x52, 0x08, 0x52, 0x08, 0x52, 0x08, 0x52,
    0x08, 0x52, 0x08, 0x52, 0x08, 0x52, 0x08, 0x52, 0x08, 0x52, 0x08, 0x52,
    0x08, 0x52, 0x08, 0x52, 0x08, 0x52, 0x08, 0x52, 0x08, 0x52, 0x08, 0x52,
    0x08, 0x52, 0x08, 0x52, 0x08, 0x52, 0x08, 0x52, 0x08, 0x52, 0x08, 0x52,
    0x08, 0x52, 0x08, 0x52, 0x08, 0x52, 0x08, 0x52, 0x08, 0x52, 0x08, 0x52,
    0x08, 0x52, 0x08, 0x52, 0x08, 0x52, 0x08, 0x52, 0x08, 0x52, 0x08, 0x52,
    0x08, 0x52, 0x08, 0x52, 0x08, 0x52, 0x08, 0x52, 0x08, 0x52, 0x08, 0x52,
    0x08, 0x52, 0x08, 0x52, 0x08, 0x52, 0x08, 0x52, 0x08, 0x52, 0x08, 0x52,
    0x08, 0x52, 0x08, 0x52, 0x08, 0x52, 0x08, 0x52, 0x08, 0x52, 0x08, 0x52,
    0x08, 0x52, 0x08, 0x52, 0x08, 0x52, 0x08, 0x52, 0x08, 0x52, 0x08, 0x52,
    0x08, 0x52, 0x08, 0x52, 0x08, 0x52, 0x08, 0x52, 0x08, 0x52, 0x08, 0x52,
    0x08, 0x52, 0x08, 0x52, 0x08, 0x52, 0x08, 0x52, 0x08, 0x52, 0x08, 0x52,
    0x08, 0x52, 0x08, 0x52, 0x08, 0x52, 0x08, 0x52, 0x08, 0x52, 0x08, 0x52,
    0x28, 0x52, 0x3c, 0xe7, 0xdf, 0xff, 0xdf, 0xff, 0xf7, 0xc5, 0xe9, 0x62,
    0x68, 0x5a, 0x28, 0x52, 0x08, 0x52, 0x08, 0x52, 0x08, 0x52, 0x08, 0x52,
    0x08, 0x52, 0x28, 0x52, 0x7d, 0xef, 0xdf, 0xff, 0xdf, 0xff, 0x2a, 0x6b,
    0x89, 0x5a, 0x28, 0x52, 0x08, 0x52, 0x08, 0x52, 0x08, 0x52, 0x08, 0x52,
    0x08, 0x52, 0x08, 0x52, 0x08, 0x52, 0x08, 0x52, 0x08, 0x52, 0x08, 0x52,
    0x08, 0x52, 0x08, 0x52, 0x08, 0x52, 0x08, 0x52, 0x08, 0x52, 0x08, 0x52,
    0x08, 0x52, 0x08, 0x52, 0x08, 0x52, 0x08, 0x52, 0x08, 0x52, 0x08, 0x52,
    0x08, 0x52, 0x08, 0x52, 0x08, 0x52, 0x08, 0x52, 0x08, 0x52, 0x08, 0x52,
    0x08, 0x52, 0x08, 0x52, 0x08, 0x52, 0x08, 0x52, 0x08, 0x52, 0x08, 0x52,
    0x08, 0x52, 0x08, 0x52, 0x08, 0x52, 0x08, 0x52, 0x08, 0x52, 0x08, 0x52,
    0x08, 0x52, 0x08, 0x52, 0x08, 0x52, 0x08, 0x52, 0x08, 0x52, 0x08, 0x52,
    0x08, 0x52, 0x08, 0x52, 0x08, 0x52, 0x08, 0x52, 0x08, 0x52, 0x08, 0x52,
    0x08, 0x52, 0x08, 0x52, 0x08, 0x52, 0x08, 0x52, 0x08, 0x52, 0x08, 0x52,
    0x08, 0x52, 0x08, 0x52, 0x08, 0x52, 0x08, 0x52, 0x08, 0x52, 0x08, 0x52,
    0x08, 0x52, 0x08, 0x52, 0x08, 0x52, 0x08, 0x52, 0x08, 0x52, 0x08, 0x52,
    0x08, 0x52, 0x08, 0x52, 0x08, 0x52, 0x08, 0x52, 0x08, 0x52, 0x08, 0x52,
    0x08, 0x52, 0x08, 0x52, 0x08, 0x52, 0x08, 0x52, 0x08, 0x52, 0x08, 0x52,
    0x08, 0x52, 0x08, 0x52, 0x08, 0x52, 0x08, 0x52, 0x08, 0x52, 0x08, 0x52,
    0x08, 0x52, 0x08, 0x52, 0x08, 0x52, 0x08, 0x52, 0x08, 0x52, 0x08, 0x52,
    0x08, 0x52, 0x08, 0x52, 0x08, 0x52, 0x08, 0x52, 0x08, 0x52, 0x08, 0x52,
    0x08, 0x52, 0x08, 0x52, 0x08, 0x52, 0x08, 0x52, 0x08, 0x52, 0x08, 0x52,
    0x08, 0x52, 0x08, 0x52, 0x08, 0x52, 0x08, 0x52, 0x08, 0x52, 0x08, 0x52,
    0x08, 0x52, 0x08, 0x52, 0x08, 0x52, 0x08, 0x52, 0x08, 0x52, 0x08, 0x52,
    0x08, 0x52, 0x08, 0x52, 0x08, 0x52, 0x08, 0x52, 0x08, 0x52, 0x08, 0x52,
    0x08, 0x52, 0x08, 0x52, 0x08, 0x52, 0x08, 0x52, 0x08, 0x52, 0x08, 0x52,
    0x28, 0x52, 0x3c, 0xe7, 0xdf, 0xff, 0xdf, 0xff, 0xf6, 0xbd, 0xc9, 0x62,
    0x68, 0x5a, 0x28, 0x52, 0x08, 0x52, 0x08, 0x52, 0x08, 0x52, 0x08, 0x52,
    0x08, 0x52, 0x28, 0x52, 0xb2, 0x9c, 0xb6, 0xbd, 0xb5, 0xb5, 0xe9, 0x6a,
    0x68, 0x5a, 0x28, 0x52, 0x08, 0x52, 0x08, 0x52, 0x08, 0x52, 0x08, 0x52,
    0x08, 0x52, 0x08, 0x52, 0x08, 0x52, 0x08, 0x52, 0x08, 0x52, 0x08, 0x52,
    0x08, 0x52, 0x08, 0x52, 0x08, 0x52, 0x08, 0x52, 0x08, 0x52, 0x08, 0x52,
    0x08, 0x52, 0x08, 0x52, 0x08, 0x52, 0x08, 0x52, 0x08, 0x52, 0x08, 0x52,
    0x08, 0x52, 0x08, 0x52, 0x08, 0x52, 0x08, 0x52, 0x08, 0x52, 0x08, 0x52,
    0x08, 0x52, 0x08, 0x52, 0x08, 0x52, 0x08, 0x52, 0x08, 0x52, 0x08, 0x52,
    0x08, 0x52, 0x08, 0x52, 0x08, 0x52, 0x08, 0x52, 0x08, 0x52, 0x08, 0x52,
    0x08, 0x52, 0x08, 0x52, 0x08, 0x52, 0x08, 0x52, 0x08, 0x52, 0x08, 0x52,
    0x08, 0x52, 0x08, 0x52, 0x08, 0x52, 0x08, 0x52, 0x08, 0x52, 0x08, 0x52,
    0x08, 0x52, 0x08, 0x52, 0x08, 0x52, 0x08, 0x52, 0x08, 0x52, 0x08, 0x52,
    0x08, 0x52, 0x08, 0x52, 0x08, 0x52, 0x08, 0x52, 0x08, 0x52, 0x08, 0x52,
    0x08, 0x52, 0x08, 0x52, 0x08, 0x52, 0x08, 0x52, 0x08, 0x52, 0x08, 0x52,
    0x08, 0x52, 0x08, 0x52, 0x08, 0x52, 0x08, 0x52, 0x08, 0x52, 0x08, 0x52,
    0x08, 0x52, 0x08, 0x52, 0x08, 0x52, 0x08, 0x52, 0x08, 0x52, 0x08, 0x52,
    0x08, 0x52, 0x08, 0x52, 0x08, 0x52, 0x08, 0x52, 0x08, 0x52, 0x08, 0x52,
    0x08, 0x52, 0x08, 0x52, 0x08, 0x52, 0x08, 0x52, 0x08, 0x52, 0x08, 0x52,
    0x08, 0x52, 0x08, 0x52, 0x08, 0x52, 0x08, 0x52, 0x08, 0x52, 0x08, 0x52,
    0x08, 0x52, 0x08, 0x52, 0x08, 0x52, 0x08, 0x52, 0x08, 0x52, 0x08, 0x52,
    0x08, 0x52, 0x08, 0x52, 0x08, 0x52, 0x08, 0x52, 0x08, 0x52, 0x08, 0x52,
    0x08, 0x52, 0x08, 0x52, 0x08, 0x52, 0x08, 0x52, 0x08, 0x52, 0x08, 0x52,
    0x08, 0x52, 0x08, 0x52, 0x08, 0x52, 0x08, 0x52, 0x08, 0x52, 0x08, 0x52,
    0x08, 0x52, 0x08, 0x52, 0x08, 0x52, 0x08, 0x52, 0x08, 0x52, 0x08, 0x52,
    0x28, 0x52, 0x68, 0x5a, 0xc9, 0x62, 0x09, 0x6b, 0x09, 0x6b, 0xa9, 0x62,
    0x48, 0x52, 0x28, 0x52, 0x08, 0x52, 0x08, 0x52, 0x08, 0x52, 0x08, 0x52,
    0x08, 0x52, 0x28, 0x52, 0x48, 0x52, 0x89, 0x5a, 0xc9, 0x62, 0xa9, 0x62,
    0x48, 0x52, 0x28, 0x52, 0x08, 0x52, 0x08, 0x52, 0x08, 0x52, 0x08, 0x52,
    0x08, 0x52, 0x08, 0x52, 0x08, 0x52, 0x08, 0x52, 0x08, 0x52, 0x08, 0x52,
    0x08, 0x52, 0x08, 0x52, 0x08, 0x52, 0x08, 0x52, 0x08, 0x52, 0x08, 0x52,
    0x08, 0x52, 0x08, 0x52, 0x08, 0x52, 0x08, 0x52, 0x08, 0x52, 0x08, 0x52,
    0x08, 0x52, 0x08, 0x52, 0x08, 0x52, 0x08, 0x52, 0x08, 0x52, 0x08, 0x52,
    0x08, 0x52, 0x08, 0x52, 0x08, 0x52, 0x08, 0x52, 0x08, 0x52, 0x08, 0x52,
    0x08, 0x52, 0x08, 0x52, 0x08, 0x52, 0x08, 0x52, 0x08, 0x52, 0x08, 0x52,
    0x08, 0x52, 0x08, 0x52, 0x08, 0x52, 0x08, 0x52, 0x08, 0x52, 0x08, 0x52,
    0x08, 0x52, 0x08, 0x52, 0x08, 0x52, 0x08, 0x52, 0x08, 0x52, 0x08, 0x52,
    0x08, 0x52, 0x08, 0x52, 0x08, 0x52, 0x08, 0x52, 0x08, 0x52, 0x08, 0x52,
    0x08, 0x52, 0x08, 0x52, 0x08, 0x52, 0x08, 0x52, 0x08, 0x52, 0x08, 0x52,
    0x08, 0x4a, 0x08, 0x52, 0x08, 0x52, 0x08, 0x52, 0x08, 0x4a, 0x08, 0x52,
    0x08, 0x52, 0x08, 0x52, 0x08, 0x4a, 0x08, 0x52, 0x08, 0x52, 0x08, 0x52,
    0x08, 0x4a, 0x08, 0x52, 0x08, 0x52, 0x08, 0x52, 0x08, 0x4a, 0x08, 0x52,
    0x08, 0x52, 0x08, 0x52, 0x08, 0x4a, 0x08, 0x52, 0x08, 0x52, 0x08, 0x52,
    0x08, 0x4a, 0x08, 0x52, 0x08, 0x52, 0x08, 0x52, 0x08, 0x4a, 0x08, 0x52,
    0x08, 0x52, 0x08, 0x52, 0x08, 0x4a, 0x08, 0x52, 0x08, 0x52, 0x08, 0x52,
    0x08, 0x4a, 0x08, 0x52, 0x08, 0x52, 0x08, 0x52, 0x08, 0x4a, 0x08, 0x52,
    0x08, 0x52, 0x08, 0x52, 0x08, 0x4a, 0x08, 0x52, 0x08, 0x52, 0x08, 0x52,
    0x08, 0x4a, 0x08, 0x52, 0x08, 0x52, 0x08, 0x52, 0x08, 0x4a, 0x08, 0x52,
    0x08, 0x52, 0x08, 0x52, 0x08, 0x4a, 0x08, 0x52, 0x08, 0x52, 0x08, 0x52,
    0x08, 0x4a, 0x08, 0x52, 0x08, 0x52, 0x08, 0x52, 0x08, 0x4a, 0x08, 0x52,
    0x08, 0x52, 0x28, 0x52, 0x68, 0x52, 0x68, 0x5a, 0x68, 0x5a, 0x48, 0x52,
    0x28, 0x52, 0x08, 0x52, 0x08, 0x52, 0x08, 0x52, 0x08, 0x4a, 0x08, 0x52,
    0x08, 0x52, 0x08, 0x52, 0x28, 0x52, 0x48, 0x52, 0x48, 0x52, 0x48, 0x52,
    0x28, 0x52, 0x08, 0x52, 0x08, 0x52, 0x08, 0x52, 0x08, 0x4a, 0x08, 0x52,
    0x08, 0x52, 0x08, 0x52, 0x08, 0x4a, 0x08, 0x52, 0x08, 0x52, 0x08, 0x52,
    0x08, 0x4a, 0x08, 0x52, 0x08, 0x52, 0x08, 0x52, 0x08, 0x4a, 0x08, 0x52,
    0x08, 0x52, 0x08, 0x52, 0x08, 0x4a, 0x08, 0x52, 0x08, 0x52, 0x08, 0x52,
    0x08, 0x4a, 0x08, 0x52, 0x08, 0x52, 0x08, 0x52, 0x08, 0x4a, 0x08, 0x52,
    0x08, 0x52, 0x08, 0x52, 0x08, 0x4a, 0x08, 0x52, 0x08, 0x52, 0x08, 0x52,
    0x08, 0x4a, 0x08, 0x52, 0x08, 0x52, 0x08, 0x52, 0x08, 0x4a, 0x08, 0x52,
    0x08, 0x52, 0x08, 0x52, 0x08, 0x4a, 0x08, 0x52, 0x08, 0x52, 0x08, 0x52,
    0x08, 0x4a, 0x08, 0x52, 0x08, 0x52, 0x08, 0x52, 0x08, 0x4a, 0x08, 0x52,
    0x08, 0x52, 0x08, 0x52, 0x08, 0x4a, 0x08, 0x52, 0x08, 0x52, 0x08, 0x52,
    0x08, 0x4a, 0x08, 0x52, 0x08, 0x52, 0x08, 0x52, 0x08, 0x4a, 0x08, 0x52,
    0x08, 0x52, 0x08, 0x52, 0x08, 0x52, 0x08, 0x52, 0x08, 0x52, 0x08, 0x52,
    0x08, 0x52, 0x08, 0x52, 0x08, 0x52, 0x08, 0x52, 0x08, 0x52, 0x08, 0x52,
    0x08, 0x52, 0x08, 0x52, 0x08, 0x52, 0x08, 0x52, 0x08, 0x52, 0x08, 0x52,
    0x08, 0x52, 0x08, 0x52, 0x08, 0x52, 0x08, 0x52, 0x08, 0x52, 0x08, 0x52,
    0x08, 0x52, 0x08, 0x52, 0x08, 0x52, 0x08, 0x52, 0x08, 0x52, 0x08, 0x52,
    0x08, 0x52, 0x08, 0x52, 0x08, 0x52, 0x08, 0x52, 0x08, 0x52, 0x08, 0x52,
    0x08, 0x52, 0x08, 0x52, 0x08, 0x52, 0x08, 0x52, 0x08, 0x52, 0x08, 0x52,
    0x08, 0x52, 0x08, 0x52, 0x08, 0x52, 0x08, 0x52, 0x08, 0x52, 0x08, 0x52,
    0x08, 0x52, 0x08, 0x52, 0x08, 0x52, 0x08, 0x52, 0x08, 0x52, 0x08, 0x52,
    0x08, 0x52, 0x08, 0x52, 0x08, 0x52, 0x08, 0x52, 0x08, 0x52, 0x08, 0x52,
    0x08, 0x52, 0x08, 0x52, 0x08, 0x52, 0x08, 0x52, 0x08, 0x52, 0x08, 0x52,
    0x08, 0x52, 0x08, 0x52, 0x28, 0x52, 0x28, 0x52, 0x28, 0x52, 0x28, 0x52,
    0x08, 0x52, 0x08, 0x52, 0x08, 0x52, 0x08, 0x52, 0x08, 0x52, 0x08, 0x52,
    0x08, 0x52, 0x08, 0x52, 0x08, 0x52, 0x08, 0x52, 0x08, 0x52, 0x08, 0x52,
    0x08, 0x52, 0x08, 0x52, 0x08, 0x52, 0x08, 0x52, 0x08, 0x52, 0x08, 0x52,
    0x08, 0x52, 0x08, 0x52, 0x08, 0x52, 0x08, 0x52, 0x08, 0x52, 0x08, 0x52,
    0x08, 0x52, 0x08, 0x52, 0x08, 0x52, 0x08, 0x52, 0x08, 0x52, 0x08, 0x52,
    0x08, 0x52, 0x08, 0x52, 0x08, 0x52, 0x08, 0x52, 0x08, 0x52, 0x08, 0x52,
    0x08, 0x52, 0x08, 0x52, 0x08, 0x52, 0x08, 0x52, 0x08, 0x52, 0x08, 0x52,
    0x08, 0x52, 0x08, 0x52, 0x08, 0x52, 0x08, 0x52, 0x08, 0x52, 0x08, 0x52,
    0x08, 0x52, 0x08, 0x52, 0x08, 0x52, 0x08, 0x52, 0x08, 0x52, 0x08, 0x52,
    0x08, 0x52, 0x08, 0x52, 0x08, 0x52, 0x08, 0x52, 0x08, 0x52, 0x08, 0x52,
    0x08, 0x52, 0x08, 0x52, 0x08, 0x52, 0x08, 0x52, 0x08, 0x52, 0x08, 0x52,
    0x08, 0x52, 0x08, 0x52, 0x08, 0x52, 0x08, 0x52, 0x08, 0x52, 0x08, 0x52,
    0x08, 0x52, 0x08, 0x52, 0x08, 0x52, 0x08, 0x52, 0x08, 0x52, 0x08, 0x52,
    0x08, 0x4a, 0x08, 0x4a, 0x08, 0x4a, 0x08, 0x52, 0x08, 0x4a, 0x08, 0x52,
    0x08, 0x4a, 0x08, 0x52, 0x08, 0x4a, 0x08, 0x4a, 0x08, 0x4a, 0x08, 0x52,
    0x08, 0x4a, 0x08, 0x52, 0x08, 0x4a, 0x08, 0x52, 0x08, 0x4a, 0x08, 0x4a,
    0x08, 0x4a, 0x08, 0x52, 0x08, 0x4a, 0x08, 0x52, 0x08, 0x4a, 0x08, 0x52,
    0x08, 0x4a, 0x08, 0x4a, 0x08, 0x4a, 0x08, 0x52, 0x08, 0x4a, 0x08, 0x52,
    0x08, 0x4a, 0x08, 0x52, 0x08, 0x4a, 0x08, 0x4a, 0x08, 0x4a, 0x08, 0x52,
    0x08, 0x4a, 0x08, 0x52, 0x08, 0x4a, 0x08, 0x52, 0x08, 0x4a, 0x08, 0x4a,
    0x08, 0x4a, 0x08, 0x52, 0x08, 0x4a, 0x08, 0x52, 0x08, 0x4a, 0x08, 0x52,
    0x08, 0x4a, 0x08, 0x4a, 0x08, 0x4a, 0x08, 0x52, 0x08, 0x4a, 0x08, 0x52,
    0x08, 0x4a, 0x08, 0x52, 0x08, 0x4a, 0x08, 0x4a, 0x08, 0x4a, 0x08, 0x52,
    0x08, 0x4a, 0x08, 0x52, 0x08, 0x4a, 0x08, 0x52, 0x08, 0x4a, 0x08, 0x4a,
    0x08, 0x4a, 0x08, 0x52, 0x08, 0x4a, 0x08, 0x52, 0x08, 0x4a, 0x08, 0x52,
    0x08, 0x4a, 0x08, 0x4a, 0x08, 0x4a, 0x08, 0x52, 0x08, 0x4a, 0x08, 0x52,
    0x08, 0x4a, 0x08, 0x52, 0x08, 0x4a, 0x08, 0x4a, 0x08, 0x4a, 0x08, 0x52,
    0x08, 0x4a, 0x08, 0x52, 0x08, 0x4a, 0x08, 0x52, 0x08, 0x4a, 0x08, 0x4a,
    0x08, 0x4a, 0x08, 0x52, 0x08, 0x4a, 0x08, 0x52, 0x08, 0x4a, 0x08, 0x52,
    0x08, 0x4a, 0x08, 0x4a, 0x08, 0x4a, 0x08, 0x52, 0x08, 0x4a, 0x08, 0x52,
    0x08, 0x4a, 0x08, 0x52, 0x08, 0x4a, 0x08, 0x4a, 0x08, 0x4a, 0x08, 0x52,
    0x08, 0x4a, 0x08, 0x52, 0x08, 0x4a, 0x08, 0x52, 0x08, 0x4a, 0x08, 0x4a,
    0x08, 0x4a, 0x08, 0x52, 0x08, 0x4a, 0x08, 0x52, 0x08, 0x4a, 0x08, 0x52,
    0x08, 0x4a, 0x08, 0x4a, 0x08, 0x4a, 0x08, 0x52, 0x08, 0x4a, 0x08, 0x52,
    0x08, 0x4a, 0x08, 0x52, 0x08, 0x4a, 0x08, 0x4a, 0x08, 0x4a, 0x08, 0x52,
    0x08, 0x4a, 0x08, 0x52, 0x08, 0x4a, 0x08, 0x52, 0x08, 0x4a, 0x08, 0x4a,
    0x08, 0x4a, 0x08, 0x52, 0x08, 0x4a, 0x08, 0x52, 0x08, 0x4a, 0x08, 0x52,
    0x08, 0x4a, 0x08, 0x4a, 0x08, 0x4a, 0x08, 0x52, 0x08, 0x4a, 0x08, 0x52,
    0x08, 0x52, 0x08, 0x52, 0x08, 0x52, 0x08, 0x52, 0x08, 0x52, 0x08, 0x52,
    0x08, 0x52, 0x08, 0x52, 0x08, 0x52, 0x08, 0x52, 0x08, 0x52, 0x08, 0x52,
    0x08, 0x52, 0x08, 0x52, 0x08, 0x52, 0x08, 0x52, 0x08, 0x52, 0x08, 0x52,
    0x08, 0x52, 0x08, 0x52, 0x08, 0x52, 0x08, 0x52, 0x08, 0x52, 0x08, 0x52,
    0x08, 0x52, 0x08, 0x52, 0x08, 0x52, 0x08, 0x52, 0x08, 0x52, 0x08, 0x52,
    0x08, 0x52, 0x08, 0x52, 0x08, 0x52, 0x08, 0x52, 0x08, 0x52, 0x08, 0x52,
    0x08, 0x52, 0x08, 0x52, 0x08, 0x52, 0x08, 0x52, 0x08, 0x52, 0x08, 0x52,
    0x08, 0x52, 0x08, 0x52, 0x08, 0x52, 0x08, 0x52, 0x08, 0x52, 0x08, 0x52,
    0x08, 0x52, 0x08, 0x52, 0x08, 0x52, 0x08, 0x52, 0x08, 0x52, 0x08, 0x52,
    0x08, 0x52, 0x08, 0x52, 0x08, 0x52, 0x08, 0x52, 0x08, 0x52, 0x08, 0x52,
    0x08, 0x52, 0x08, 0x52, 0x08, 0x52, 0x08, 0x52, 0x08, 0x52, 0x08, 0x52,
    0x08, 0x52, 0x08, 0x52, 0x08, 0x52, 0x08, 0x52, 0x08, 0x52, 0x08, 0x52,
    0x08, 0x52, 0x08, 0x52, 0x08, 0x52, 0x08, 0x52, 0x08, 0x52, 0x08, 0x52,
    0x08, 0x52, 0x08, 0x52, 0x08, 0x52, 0x08, 0x52, 0x08, 0x52, 0x08, 0x52,
    0x08, 0x52, 0x08, 0x52, 0x08, 0x52, 0x08, 0x52, 0x08, 0x52, 0x08, 0x52,
    0x08, 0x52, 0x08, 0x52, 0x08, 0x52, 0x08, 0x52, 0x08, 0x52, 0x08, 0x52,
    0x08, 0x52, 0x08, 0x52, 0x08, 0x52, 0x08, 0x52, 0x08, 0x52, 0x08, 0x52,
    0x08, 0x52, 0x08, 0x52, 0x08, 0x52, 0x08, 0x52, 0x08, 0x52, 0x08, 0x52,
    0x08, 0x52, 0x08, 0x52, 0x08, 0x52, 0x08, 0x52, 0x08, 0x52, 0x08, 0x52,
    0x08, 0x52, 0x08, 0x52, 0x08, 0x52, 0x08, 0x52, 0x08, 0x52, 0x08, 0x52,
    0x08, 0x52, 0x08, 0x52, 0x08, 0x52, 0x08, 0x52, 0x08, 0x52, 0x08, 0x52,
    0x08, 0x52, 0x08, 0x52, 0x08, 0x52, 0x08, 0x52, 0x08, 0x52, 0x08, 0x52,
    0x08, 0x52, 0x08, 0x52, 0x08, 0x52, 0x08, 0x52, 0x08, 0x52, 0x08, 0x52,
    0x08, 0x52, 0x08, 0x52, 0x08, 0x52, 0x08, 0x52, 0x08, 0x52, 0x08, 0x52,
    0x08, 0x52, 0x08, 0x52, 0x08, 0x52, 0x08, 0x52, 0x08, 0x52, 0x08, 0x52,
    0x08, 0x4a, 0x08, 0x4a, 0x08, 0x4a, 0x08, 0x4a, 0x08, 0x4a, 0x08, 0x4a,
    0x08, 0x4a, 0x08, 0x4a, 0x08, 0x4a, 0x08, 0x4a, 0x08, 0x4a, 0x08, 0x4a,
    0x08, 0x4a, 0x08, 0x4a, 0x08, 0x4a, 0x08, 0x4a, 0x08, 0x4a, 0x08, 0x4a,
    0x08, 0x4a, 0x08, 0x4a, 0x08, 0x4a, 0x08, 0x4a, 0x08, 0x4a, 0x08, 0x4a,
    0x08, 0x4a, 0x08, 0x4a, 0x08, 0x4a, 0x08, 0x4a, 0x08, 0x4a, 0x08, 0x4a,
    0x08, 0x4a, 0x08, 0x4a, 0x08, 0x4a, 0x08, 0x4a, 0x08, 0x4a, 0x08, 0x4a,
    0x08, 0x4a, 0x08, 0x4a, 0x08, 0x4a, 0x08, 0x4a, 0x08, 0x4a, 0x08, 0x4a,
    0x08, 0x4a, 0x08, 0x4a, 0x08, 0x4a, 0x08, 0x4a, 0x08, 0x4a, 0x08, 0x4a,
    0x08, 0x4a, 0x08, 0x4a, 0x08, 0x4a, 0x08, 0x4a, 0x08, 0x4a, 0x08, 0x4a,
    0x08, 0x4a, 0x08, 0x4a, 0x08, 0x4a, 0x08, 0x4a, 0x08, 0x4a, 0x08, 0x4a,
    0x08, 0x4a, 0x08, 0x4a, 0x08, 0x4a, 0x08, 0x4a, 0x08, 0x4a, 0x08, 0x4a,
    0x08, 0x4a, 0x08, 0x4a, 0x08, 0x4a, 0x08, 0x4a, 0x08, 0x4a, 0x08, 0x4a,
    0x08, 0x4a, 0x08, 0x4a, 0x08, 0x4a, 0x08, 0x4a, 0x08, 0x4a, 0x08, 0x4a,
    0x08, 0x4a, 0x08, 0x4a, 0x08, 0x4a, 0x08, 0x4a, 0x08, 0x4a, 0x08, 0x4a,
    0x08, 0x4a, 0x08, 0x4a, 0x08, 0x4a, 0x08, 0x4a, 0x08, 0x4a, 0x08, 0x4a,
    0x08, 0x4a, 0x08, 0x4a, 0x08, 0x4a, 0x08, 0x4a, 0x08, 0x4a, 0x08, 0x4a,
    0x08, 0x4a, 0x08, 0x4a, 0x08, 0x4a, 0x08, 0x4a, 0x08, 0x4a, 0x08, 0x4a,
    0x08, 0x4a, 0x08, 0x4a, 0x08, 0x4a, 0x08, 0x4a, 0x08, 0x4a, 0x08, 0x4a,
    0x08, 0x4a, 0x08, 0x4a, 0x08, 0x4a, 0x08, 0x4a, 0x08, 0x4a, 0x08, 0x4a,
    0x08, 0x4a, 0x08, 0x4a, 0x08, 0x4a, 0x08, 0x4a, 0x08, 0x4a, 0x08, 0x4a,
    0x08, 0x4a, 0x08, 0x4a, 0x08, 0x4a, 0x08, 0x4a, 0x08, 0x4a, 0x08, 0x4a,
    0x08, 0x4a, 0x08, 0x4a, 0x08, 0x4a, 0x08, 0x4a, 0x08, 0x4a, 0x08, 0x4a,
    0x08, 0x4a, 0x08, 0x4a, 0x08, 0x4a, 0x08, 0x4a, 0x08, 0x4a, 0x08, 0x4a,
    0x08, 0x4a, 0x08, 0x4a, 0x08, 0x4a, 0x08, 0x4a, 0x08, 0x4a, 0x08, 0x4a,
    0x08, 0x4a, 0x08, 0x4a, 0x08, 0x4a, 0x08, 0x4a, 0x08, 0x4a, 0x08, 0x4a,
    0x08, 0x4a, 0x08, 0x4a, 0x08, 0x4a, 0x08, 0x4a, 0x08, 0x4a, 0x08, 0x4a,
    0x08, 0x4a, 0x08, 0x4a, 0x08, 0x4a, 0x08, 0x4a, 0x08, 0x4a, 0x08, 0x4a,
    0x08, 0x4a, 0x08, 0x4a, 0x08, 0x4a, 0x08, 0x4a, 0x08, 0x4a, 0x08, 0x4a,
    0x08, 0x4a, 0x08, 0x4a, 0x08, 0x4a, 0x08, 0x4a, 0x08, 0x4a, 0x08, 0x4a,
    0x08, 0x4a, 0x08, 0x4a, 0x08, 0x4a, 0x08, 0x4a, 0x08, 0x4a, 0x08, 0x4a,
    0x08, 0x4a, 0x08, 0x4a, 0x08, 0x4a, 0x08, 0x4a, 0x08, 0x4a, 0x08, 0x4a,
    0x08, 0x4a, 0x08, 0x4a, 0x08, 0x4a, 0x08, 0x4a, 0x08, 0x4a, 0x08, 0x4a,
    0x08, 0x4a, 0x08, 0x4a, 0x08, 0x4a, 0x08, 0x4a, 0x08, 0x4a, 0x08, 0x4a,
    0x08, 0x4a, 0x08, 0x4a, 0x08, 0x4a, 0x08, 0x4a, 0x08, 0x4a, 0x08, 0x4a,
    0x08, 0x4a, 0x08, 0x4a, 0x08, 0x4a, 0x08, 0x4a, 0x08, 0x4a, 0x08, 0x4a,
    0x08, 0x4a, 0x08, 0x4a, 0x08, 0x4a, 0x08, 0x4a, 0x08, 0x4a, 0x08, 0x4a,
    0x08, 0x4a, 0x08, 0x4a, 0x08, 0x4a, 0x08, 0x4a, 0x08, 0x4a, 0x08, 0x4a,
    0x08, 0x4a, 0x08, 0x4a, 0x08, 0x4a, 0x08, 0x4a, 0x08, 0x4a, 0x08, 0x4a,
    0x08, 0x4a, 0x08, 0x4a, 0x08, 0x4a, 0x08, 0x4a, 0x08, 0x4a, 0x08, 0x4a,
    0x08, 0x4a, 0x08, 0x4a, 0x08, 0x4a, 0x08, 0x4a, 0x08, 0x4a, 0x08, 0x4a,
    0x08, 0x4a, 0x08, 0x4a, 0x08, 0x4a, 0x08, 0x4a, 0x08, 0x4a, 0x08, 0x4a,
    0x08, 0x4a, 0x08, 0x4a, 0x08, 0x4a, 0x08, 0x4a, 0x08, 0x4a, 0x08, 0x4a,
    0x08, 0x4a, 0x08, 0x4a, 0x08, 0x4a, 0x08, 0x4a, 0x08, 0x4a, 0x08, 0x4a,
    0x08, 0x4a, 0x08, 0x4a, 0x08, 0x4a, 0x08, 0x4a, 0x08, 0x4a, 0x08, 0x4a,
    0x08, 0x4a, 0x08, 0x4a, 0x08, 0x4a, 0x08, 0x4a, 0x08, 0x4a, 0x08, 0x4a,
    0x08, 0x4a, 0x08, 0x4a, 0x08, 0x4a, 0x08, 0x4a, 0x08, 0x4a, 0x08, 0x4a,
    0x08, 0x4a, 0x08, 0x4a, 0x08, 0x4a, 0x08, 0x4a, 0x08, 0x4a, 0x08, 0x4a,
    0x08, 0x4a, 0x08, 0x4a, 0x08, 0x4a, 0x08, 0x4a, 0x08, 0x4a, 0x08, 0x4a,
    0x08, 0x4a, 0x08, 0x4a, 0x08, 0x4a, 0x08, 0x4a, 0x08, 0x4a, 0x08, 0x4a,
    0x08, 0x4a, 0x08, 0x4a, 0x08, 0x4a, 0x08, 0x4a, 0x08, 0x4a, 0x08, 0x4a,
    0x08, 0x4a, 0x08, 0x4a, 0x08, 0x4a, 0x08, 0x4a, 0x08, 0x4a, 0x08, 0x4a,
    0x08, 0x4a, 0x08, 0x4a, 0x08, 0x4a, 0x08, 0x4a, 0x08, 0x4a, 0x08, 0x4a,
    0x08, 0x4a, 0x08, 0x4a, 0x08, 0x4a, 0x08, 0x4a, 0x08, 0x4a, 0x08, 0x4a,
    0x08, 0x4a, 0x08, 0x4a, 0x08, 0x4a, 0x08, 0x4a, 0x08, 0x4a, 0x08, 0x4a,
    0x08, 0x4a, 0x08, 0x4a, 0x08, 0x4a, 0x08, 0x4a, 0x08, 0x4a, 0x08, 0x4a,
    0x08, 0x4a, 0x08, 0x4a, 0x08, 0x4a, 0x08, 0x4a, 0x08, 0x4a, 0x08, 0x4a,
    0x08, 0x4a, 0x08, 0x4a, 0x08, 0x4a, 0x08, 0x4a, 0x08, 0x4a, 0x08, 0x4a,
    0x08, 0x4a, 0x08, 0x4a, 0x08, 0x4a, 0x08, 0x4a, 0x08, 0x4a, 0x08, 0x4a,
    0x08, 0x4a, 0x08, 0x4a, 0x08, 0x4a, 0x08, 0x4a, 0x08, 0x4a, 0x08, 0x4a,
    0x08, 0x4a, 0x08, 0x4a, 0x08, 0x4a, 0x08, 0x4a, 0x08, 0x4a, 0x08, 0x4a,
    0x08, 0x4a, 0x08, 0x4a, 0x08, 0x4a, 0x08, 0x4a, 0x08, 0x4a, 0x08, 0x4a,
    0x08, 0x4a, 0x08, 0x4a, 0x08, 0x4a, 0x08, 0x4a, 0x08, 0x4a, 0x08, 0x4a,
    0x08, 0x4a, 0x08, 0x4a, 0x08, 0x4a, 0x08, 0x4a, 0x08, 0x4a, 0x08, 0x4a,
    0x08, 0x4a, 0x08, 0x4a, 0x08, 0x4a, 0x08, 0x4a, 0x08, 0x4a, 0x08, 0x4a,
    0x08, 0x4a, 0x08, 0x4a, 0x08, 0x4a, 0x08, 0x4a, 0x08, 0x4a, 0x08, 0x4a,
    0x08, 0x4a, 0x08, 0x4a, 0x08, 0x4a, 0x08, 0x4a, 0x08, 0x4a, 0x08, 0x4a,
    0x08, 0x4a, 0x08, 0x4a, 0x08, 0x4a, 0x08, 0x4a, 0x08, 0x4a, 0x08, 0x4a,
    0x08, 0x4a, 0x08, 0x4a, 0x08, 0x4a, 0x08, 0x4a, 0x08, 0x4a, 0x08, 0x4a,
    0x08, 0x4a, 0x08, 0x4a, 0x08, 0x4a, 0x08, 0x4a, 0x08, 0x4a, 0x08, 0x4a,
    0x08, 0x4a, 0x08, 0x4a, 0x08, 0x4a, 0x08, 0x4a, 0x08, 0x4a, 0x08, 0x4a,
    0x08, 0x4a, 0x08, 0x4a, 0x08, 0x4a, 0x08, 0x4a, 0x08, 0x4a, 0x08, 0x4a,
    0x08, 0x4a, 0x08, 0x4a, 0x08, 0x4a, 0x08, 0x4a, 0x08, 0x4a, 0x08, 0x4a,
    0x08, 0x4a, 0x08, 0x4a, 0x08, 0x4a, 0x08, 0x4a, 0x08, 0x4a, 0x08, 0x4a,
    0x08, 0x4a, 0x08, 0x4a, 0x08, 0x4a, 0x08, 0x4a, 0x08, 0x4a, 0x08, 0x4a,
    0x08, 0x4a, 0x08, 0x4a, 0x08, 0x4a, 0x08, 0x4a, 0x08, 0x4a, 0x08, 0x4a,
    0x08, 0x4a, 0x08, 0x4a, 0x08, 0x4a, 0x08, 0x4a, 0x08, 0x4a, 0x08, 0x4a,
    0x08, 0x4a, 0x08, 0x4a, 0x08, 0x4a, 0x08, 0x4a, 0x08, 0x4a, 0x08, 0x4a,
    0x08, 0x4a, 0x08, 0x4a, 0x08, 0x4a, 0x08, 0x4a, 0x08, 0x4a, 0x08, 0x4a,
    0x08, 0x4a, 0x08, 0x4a, 0x08, 0x4a, 0x08, 0x4a, 0x08, 0x4a, 0x08, 0x4a,
    0x08, 0x4a, 0x08, 0x4a, 0x08, 0x4a, 0x08, 0x4a, 0x08, 0x4a, 0x08, 0x4a,
    0x08, 0x4a, 0x08, 0x4a, 0x08, 0x4a, 0x08, 0x4a, 0x08, 0x4a, 0x08, 0x4a,
    0x08, 0x4a, 0x08, 0x4a, 0x08, 0x4a, 0x08, 0x4a, 0x08, 0x4a, 0x08, 0x4a,
    0x08, 0x4a, 0x08, 0x4a, 0x08, 0x4a, 0x08, 0x4a, 0x08, 0x4a, 0x08, 0x4a,
    0x08, 0x4a, 0x08, 0x4a, 0x08, 0x4a, 0x08, 0x4a, 0x08, 0x4a, 0x08, 0x4a,
    0x08, 0x4a, 0x08, 0x4a, 0x08, 0x4a, 0x08, 0x4a, 0x08, 0x4a, 0x08, 0x4a,
    0x08, 0x4a, 0x08, 0x4a, 0x08, 0x4a, 0x08, 0x4a, 0x08, 0x4a, 0x08, 0x4a,
    0x08, 0x4a, 0x08, 0x4a, 0x08, 0x4a, 0x08, 0x4a, 0x08, 0x4a, 0x08, 0x4a,
    0x08, 0x4a, 0x08, 0x4a, 0x08, 0x4a, 0x08, 0x4a, 0x08, 0x4a, 0x08, 0x4a,
    0x08, 0x4a, 0x08, 0x4a, 0x08, 0x4a, 0x08, 0x4a, 0x08, 0x4a, 0x08, 0x4a,
    0x08, 0x4a, 0x08, 0x4a, 0x08, 0x4a, 0x08, 0x4a, 0x08, 0x4a, 0x08, 0x4a,
    0x08, 0x4a, 0x08, 0x4a, 0x08, 0x4a, 0x08, 0x4a, 0x08, 0x4a, 0x08, 0x4a,
    0x08, 0x4a, 0x08, 0x4a, 0x08, 0x4a, 0x08, 0x4a, 0x08, 0x4a, 0x08, 0x4a,
    0x08, 0x4a, 0x08, 0x4a, 0x08, 0x4a, 0x08, 0x4a, 0x08, 0x4a, 0x08, 0x4a,
    0x08, 0x4a, 0x08, 0x4a, 0x08, 0x4a, 0x08, 0x4a, 0x08, 0x4a, 0x08, 0x4a,
    0x08, 0x4a, 0x08, 0x4a, 0x08, 0x4a, 0x08, 0x4a, 0x08, 0x4a, 0x08, 0x4a,
    0x08, 0x4a, 0x08, 0x4a, 0x08, 0x4a, 0x08, 0x4a, 0x08, 0x4a, 0x08, 0x4a,
    0x08, 0x4a, 0x08, 0x4a, 0x08, 0x4a, 0x08, 0x4a, 0x08, 0x4a, 0x08, 0x4a,
    0x08, 0x4a, 0x08, 0x4a, 0x08, 0x4a, 0x08, 0x4a, 0x08, 0x4a, 0x08, 0x4a,
    0x08, 0x4a, 0x08, 0x4a, 0x08, 0x4a, 0x08, 0x4a, 0x08, 0x4a, 0x08, 0x4a,
    0x08, 0x4a, 0x08, 0x4a, 0x08, 0x4a, 0x08, 0x4a, 0x08, 0x4a, 0x08, 0x4a,
    0x08, 0x4a, 0x08, 0x4a, 0x08, 0x4a, 0x08, 0x4a, 0x08, 0x4a, 0x08, 0x4a,
    0x08, 0x4a, 0x08, 0x4a, 0x08, 0x4a, 0x08, 0x4a, 0x08, 0x4a, 0x08, 0x4a,
    0x08, 0x4a, 0x08, 0x4a, 0x08, 0x4a, 0x08, 0x4a, 0x08, 0x4a, 0x08, 0x4a,
    0x08, 0x4a, 0x08, 0x4a, 0x08, 0x4a, 0x08, 0x4a, 0x08, 0x4a, 0x08, 0x4a,
    0x08, 0x4a, 0x08, 0x4a, 0x08, 0x4a, 0x08, 0x4a, 0x08, 0x4a, 0x08, 0x4a,
    0x08, 0x4a, 0x08, 0x4a, 0x08, 0x4a, 0x08, 0x4a, 0x08, 0x4a, 0x08, 0x4a,
    0x08, 0x4a, 0x08, 0x4a, 0x08, 0x4a, 0x08, 0x4a, 0x08, 0x4a, 0x08, 0x4a,
    0x08, 0x4a, 0x08, 0x4a, 0x08, 0x4a, 0x08, 0x4a, 0x08, 0x4a, 0x08, 0x4a,
    0x08, 0x4a, 0x08, 0x4a, 0x08, 0x4a, 0x08, 0x4a, 0x08, 0x4a, 0x08, 0x4a,
    0x08, 0x4a, 0x08, 0x4a, 0x08, 0x4a, 0x08, 0x4a, 0x08, 0x4a, 0x08, 0x4a,
    0x08, 0x4a, 0x08, 0x4a, 0x08, 0x4a, 0x08, 0x4a, 0x08, 0x4a, 0x08, 0x4a,
    0x08, 0x4a, 0x08, 0x4a, 0x08, 0x4a, 0x08, 0x4a, 0x08, 0x4a, 0x08, 0x4a,
    0x08, 0x4a, 0x08, 0x4a, 0x08, 0x4a, 0x08, 0x4a, 0x08, 0x4a, 0x08, 0x4a,
    0x08, 0x4a, 0x08, 0x4a, 0x08, 0x4a, 0x08, 0x4a, 0x08, 0x4a, 0x08, 0x4a,
    0x08, 0x4a, 0x08, 0x4a, 0x08, 0x4a, 0x08, 0x4a, 0x08, 0x4a, 0x08, 0x4a,
    0x08, 0x4a, 0x08, 0x4a, 0x08, 0x4a, 0x08, 0x4a, 0x08, 0x4a, 0x08, 0x4a,
    0x08, 0x4a, 0x08, 0x4a, 0x08, 0x4a, 0x08, 0x4a, 0x08, 0x4a, 0x08, 0x4a,
    0x08, 0x4a, 0x08, 0x4a, 0x08, 0x4a, 0x08, 0x4a, 0x08, 0x4a, 0x08, 0x4a,
    0x08, 0x4a, 0x08, 0x4a, 0x08, 0x4a, 0x08, 0x4a, 0x08, 0x4a, 0x08, 0x4a,
    0x08, 0x4a, 0x08, 0x4a, 0x08, 0x4a, 0x08, 0x4a, 0x08, 0x4a, 0x08, 0x4a,
    0x08, 0x4a, 0x08, 0x4a, 0x08, 0x4a, 0x08, 0x4a, 0x08, 0x4a, 0x08, 0x4a,
    0x08, 0x4a, 0x08, 0x4a, 0x08, 0x4a, 0x08, 0x4a, 0x08, 0x4a, 0x08, 0x4a,
    0x08, 0x4a, 0x08, 0x4a, 0x08, 0x4a, 0x08, 0x4a, 0x08, 0x4a, 0x08, 0x4a,
    0x08, 0x4a, 0x08, 0x4a, 0x08, 0x4a, 0x08, 0x4a, 0x08, 0x4a, 0x08, 0x4a,
    0x08, 0x4a, 0x08, 0x4a, 0x08, 0x4a, 0x08, 0x4a, 0x08, 0x4a, 0x08, 0x4a,
    0x08, 0x4a, 0x08, 0x4a, 0x08, 0x4a, 0x08, 0x4a, 0x08, 0x4a, 0x08, 0x4a,
    0x08, 0x4a, 0x08, 0x4a, 0x08, 0x4a, 0x08, 0x4a, 0x08, 0x4a, 0x08, 0x4a,
    0x08, 0x4a, 0x08, 0x4a, 0x08, 0x4a, 0x08, 0x4a, 0x08, 0x4a, 0x08, 0x4a,
    0x08, 0x4a, 0x08, 0x4a, 0x08, 0x4a, 0x08, 0x4a, 0x08, 0x4a, 0x08, 0x4a,
    0x08, 0x4a, 0x08, 0x4a, 0x08, 0x4a, 0x08, 0x4a, 0x08, 0x4a, 0x08, 0x4a,
    0x08, 0x4a, 0x08, 0x4a, 0x08, 0x4a, 0x08, 0x4a, 0x08, 0x4a, 0x08, 0x4a,
    0x08, 0x4a, 0x08, 0x4a, 0x08, 0x4a, 0x08, 0x4a, 0x08, 0x4a, 0x08, 0x4a,
    0x08, 0x4a, 0x08, 0x4a, 0x08, 0x4a, 0x08, 0x4a, 0x08, 0x4a, 0x08, 0x4a,
    0x08, 0x4a, 0x08, 0x4a, 0x08, 0x4a, 0x08, 0x4a, 0x08, 0x4a, 0x08, 0x4a,
    0x08, 0x4a, 0x08, 0x4a, 0x08, 0x4a, 0x08, 0x4a, 0x08, 0x4a, 0x08, 0x4a,
    0x08, 0x4a, 0x08, 0x4a, 0x08, 0x4a, 0x08, 0x4a, 0x08, 0x4a, 0x08, 0x4a,
    0x08, 0x4a, 0x08, 0x4a, 0x08, 0x4a, 0x08, 0x4a, 0x08, 0x4a, 0x08, 0x4a,
    0x08, 0x4a, 0x08, 0x4a, 0x08, 0x4a, 0x08, 0x4a, 0x08, 0x4a, 0x08, 0x4a,
    0x08, 0x4a, 0x08, 0x4a, 0x08, 0x4a, 0x08, 0x4a, 0x08, 0x4a, 0x08, 0x4a,
    0x08, 0x4a, 0x08, 0x4a, 0x08, 0x4a, 0x08, 0x4a, 0x08, 0x4a, 0x08, 0x4a,
    0x08, 0x4a, 0x08, 0x4a, 0x08, 0x4a, 0x08, 0x4a, 0x08, 0x4a, 0x08, 0x4a,
    0x08, 0x4a, 0x08, 0x4a, 0x08, 0x4a, 0x08, 0x4a, 0x08, 0x4a, 0x08, 0x4a,
    0x08, 0x4a, 0x08, 0x4a, 0x08, 0x4a, 0x08, 0x4a, 0x08, 0x4a, 0x08, 0x4a,
    0x08, 0x4a, 0x08, 0x4a, 0x08, 0x4a, 0x08, 0x4a, 0x08, 0x4a, 0x08, 0x4a,
    0x08, 0x4a, 0x08, 0x4a, 0x08, 0x4a, 0x08, 0x4a, 0x08, 0x4a, 0x08, 0x4a,
    0x08, 0x4a, 0x08, 0x4a, 0x08, 0x4a, 0x08, 0x4a, 0x08, 0x4a, 0x08, 0x4a,
    0x08, 0x4a, 0x08, 0x4a, 0x08, 0x4a, 0x08, 0x4a, 0x08, 0x4a, 0x08, 0x4a,
    0x08, 0x4a, 0x08, 0x4a, 0x08, 0x4a, 0x08, 0x4a, 0x08, 0x4a, 0x08, 0x4a,
    0x08, 0x4a, 0x08, 0x4a, 0x08, 0x4a, 0x08, 0x4a, 0x08, 0x4a, 0x08, 0x4a,
    0x08, 0x4a, 0x08, 0x4a, 0x08, 0x4a, 0x08, 0x4a, 0x08, 0x4a, 0x08, 0x4a,
    0xe7, 0x49, 0x08, 0x4a, 0xe7, 0x49, 0x08, 0x4a, 0xe7, 0x49, 0x08, 0x4a,
    0xe7, 0x49, 0x08, 0x4a, 0xe7, 0x49, 0x08, 0x4a, 0xe7, 0x49, 0x08, 0x4a,
    0xe7, 0x49, 0x08, 0x4a, 0xe7, 0x49, 0x08, 0x4a, 0xe7, 0x49, 0x08, 0x4a,
    0xe7, 0x49, 0x08, 0x4a, 0xe7, 0x49, 0x08, 0x4a, 0xe7, 0x49, 0x08, 0x4a,
    0xe7, 0x49, 0x08, 0x4a, 0xe7, 0x49, 0x08, 0x4a, 0xe7, 0x49, 0x08, 0x4a,
    0xe7, 0x49, 0x08, 0x4a, 0xe7, 0x49, 0x08, 0x4a, 0xe7, 0x49, 0x08, 0x4a,
    0xe7, 0x49, 0x08, 0x4a, 0xe7, 0x49, 0x08, 0x4a, 0xe7, 0x49, 0x08, 0x4a,
    0xe7, 0x49, 0x08, 0x4a, 0xe7, 0x49, 0x08, 0x4a, 0xe7, 0x49, 0x08, 0x4a,
    0xe7, 0x49, 0x08, 0x4a, 0xe7, 0x49, 0x08, 0x4a, 0xe7, 0x49, 0x08, 0x4a,
    0xe7, 0x49, 0x08, 0x4a, 0xe7, 0x49, 0x08, 0x4a, 0xe7, 0x49, 0x08, 0x4a,
    0xe7, 0x49, 0x08, 0x4a, 0xe7, 0x49, 0x08, 0x4a, 0xe7, 0x49, 0x08, 0x4a,
    0xe7, 0x49, 0x08, 0x4a, 0xe7, 0x49, 0x08, 0x4a, 0xe7, 0x49, 0x08, 0x4a,
    0xe7, 0x49, 0x08, 0x4a, 0xe7, 0x49, 0x08, 0x4a, 0xe7, 0x49, 0x08, 0x4a,
    0xe7, 0x49, 0x08, 0x4a, 0xe7, 0x49, 0x08, 0x4a, 0xe7, 0x49, 0x08, 0x4a,
    0xe7, 0x49, 0x08, 0x4a, 0xe7, 0x49, 0x08, 0x4a, 0xe7, 0x49, 0x08, 0x4a,
    0xe7, 0x49, 0x08, 0x4a, 0xe7, 0x49, 0x08, 0x4a, 0xe7, 0x49, 0x08, 0x4a,
    0xe7, 0x49, 0x08, 0x4a, 0xe7, 0x49, 0x08, 0x4a, 0xe7, 0x49, 0x08, 0x4a,
    0xe7, 0x49, 0x08, 0x4a, 0xe7, 0x49, 0x08, 0x4a, 0xe7, 0x49, 0x08, 0x4a,
    0xe7, 0x49, 0x08, 0x4a, 0xe7, 0x49, 0x08, 0x4a, 0xe7, 0x49, 0x08, 0x4a,
    0xe7, 0x49, 0x08, 0x4a, 0xe7, 0x49, 0x08, 0x4a, 0xe7, 0x49, 0x08, 0x4a,
    0xe7, 0x49, 0x08, 0x4a, 0xe7, 0x49, 0x08, 0x4a, 0xe7, 0x49, 0x08, 0x4a,
    0xe7, 0x49, 0x08, 0x4a, 0xe7, 0x49, 0x08, 0x4a, 0xe7, 0x49, 0x08, 0x4a,
    0xe7, 0x49, 0x08, 0x4a, 0xe7, 0x49, 0x08, 0x4a, 0xe7, 0x49, 0x08, 0x4a,
    0xe7, 0x49, 0x08, 0x4a, 0xe7, 0x49, 0x08, 0x4a, 0xe7, 0x49, 0x08, 0x4a,
    0xe7, 0x49, 0x08, 0x4a, 0xe7, 0x49, 0x08, 0x4a, 0xe7, 0x49, 0x08, 0x4a,
    0xe7, 0x49, 0x08, 0x4a, 0x08, 0x4a, 0x08, 0x4a, 0x08, 0x4a, 0x08, 0x4a,
    0x08, 0x4a, 0x08, 0x4a, 0xe7, 0x49, 0x08, 0x4a, 0x08, 0x4a, 0x08, 0x4a,
    0x08, 0x4a, 0x08, 0x4a, 0x08, 0x4a, 0x08, 0x4a, 0xe7, 0x49, 0x08, 0x4a,
    0x08, 0x4a, 0x08, 0x4a, 0x08, 0x4a, 0x08, 0x4a, 0x08, 0x4a, 0x08, 0x4a,
    0xe7, 0x49, 0x08, 0x4a, 0x08, 0x4a, 0x08, 0x4a, 0x08, 0x4a, 0x08, 0x4a,
    0x08, 0x4a, 0x08, 0x4a, 0xe7, 0x49, 0x08, 0x4a, 0x08, 0x4a, 0x08, 0x4a,
    0x08, 0x4a, 0x08, 0x4a, 0x08, 0x4a, 0x08, 0x4a, 0xe7, 0x49, 0x08, 0x4a,
    0x08, 0x4a, 0x08, 0x4a, 0x08, 0x4a, 0x08, 0x4a, 0x08, 0x4a, 0x08, 0x4a,
    0xe7, 0x49, 0x08, 0x4a, 0x08, 0x4a, 0x08, 0x4a, 0x08, 0x4a, 0x08, 0x4a,
    0x08, 0x4a, 0x08, 0x4a, 0xe7, 0x49, 0x08, 0x4a, 0x08, 0x4a, 0x08, 0x4a,
    0x08, 0x4a, 0x08, 0x4a, 0x08, 0x4a, 0x08, 0x4a, 0xe7, 0x49, 0x08, 0x4a,
    0x08, 0x4a, 0x08, 0x4a, 0x08, 0x4a, 0x08, 0x4a, 0x08, 0x4a, 0x08, 0x4a,
    0xe7, 0x49, 0x08, 0x4a, 0x08, 0x4a, 0x08, 0x4a, 0x08, 0x4a, 0x08, 0x4a,
    0x08, 0x4a, 0x08, 0x4a, 0xe7, 0x49, 0x08, 0x4a, 0x08, 0x4a, 0x08, 0x4a,
    0x08, 0x4a, 0x08, 0x4a, 0x08, 0x4a, 0x08, 0x4a, 0xe7, 0x49, 0x08, 0x4a,
    0x08, 0x4a, 0x08, 0x4a, 0x08, 0x4a, 0x08, 0x4a, 0x08, 0x4a, 0x08, 0x4a,
    0xe7, 0x49, 0x08, 0x4a, 0x08, 0x4a, 0x08, 0x4a, 0x08, 0x4a, 0x08, 0x4a,
    0x08, 0x4a, 0x08, 0x4a, 0xe7, 0x49, 0x08, 0x4a, 0x08, 0x4a, 0x08, 0x4a,
    0x08, 0x4a, 0x08, 0x4a, 0x08, 0x4a, 0x08, 0x4a, 0xe7, 0x49, 0x08, 0x4a,
    0x08, 0x4a, 0x08, 0x4a, 0x08, 0x4a, 0x08, 0x4a, 0x08, 0x4a, 0x08, 0x4a,
    0xe7, 0x49, 0x08, 0x4a, 0x08, 0x4a, 0x08, 0x4a, 0x08, 0x4a, 0x08, 0x4a,
    0x08, 0x4a, 0x08, 0x4a, 0xe7, 0x49, 0x08, 0x4a, 0x08, 0x4a, 0x08, 0x4a,
    0x08, 0x4a, 0x08, 0x4a, 0x08, 0x4a, 0x08, 0x4a, 0xe7, 0x49, 0x08, 0x4a,
    0x08, 0x4a, 0x08, 0x4a, 0x08, 0x4a, 0x08, 0x4a, 0x08, 0x4a, 0x08, 0x4a,
    0xe7, 0x49, 0x08, 0x4a, 0x08, 0x4a, 0x08, 0x4a, 0x08, 0x4a, 0x08, 0x4a,
    0xe7, 0x49, 0xe7, 0x49, 0xe7, 0x49, 0xe7, 0x49, 0xe7, 0x49, 0xe7, 0x49,
    0xe7, 0x49, 0xe7, 0x49, 0xe7, 0x49, 0xe7, 0x49, 0xe7, 0x49, 0xe7, 0x49,
    0xe7, 0x49, 0xe7, 0x49, 0xe7, 0x49, 0xe7, 0x49, 0xe7, 0x49, 0xe7, 0x49,
    0xe7, 0x49, 0xe7, 0x49, 0xe7, 0x49, 0xe7, 0x49, 0xe7, 0x49, 0xe7, 0x49,
    0xe7, 0x49, 0xe7, 0x49, 0xe7, 0x49, 0xe7, 0x49, 0xe7, 0x49, 0xe7, 0x49,
    0xe7, 0x49, 0xe7, 0x49, 0xe7, 0x49, 0xe7, 0x49, 0xe7, 0x49, 0xe7, 0x49,
    0xe7, 0x49, 0xe7, 0x49, 0xe7, 0x49, 0xe7, 0x49, 0xe7, 0x49, 0xe7, 0x49,
    0xe7, 0x49, 0xe7, 0x49, 0xe7, 0x49, 0xe7, 0x49, 0xe7, 0x49, 0xe7, 0x49,
    0xe7, 0x49, 0xe7, 0x49, 0xe7, 0x49, 0xe7, 0x49, 0xe7, 0x49, 0xe7, 0x49,
    0xe7, 0x49, 0xe7, 0x49, 0xe7, 0x49, 0xe7, 0x49, 0xe7, 0x49, 0xe7, 0x49,
    0xe7, 0x49, 0xe7, 0x49, 0xe7, 0x49, 0xe7, 0x49, 0xe7, 0x49, 0xe7, 0x49,
    0xe7, 0x49, 0xe7, 0x49, 0xe7, 0x49, 0xe7, 0x49, 0xe7, 0x49, 0xe7, 0x49,
    0xe7, 0x49, 0xe7, 0x49, 0xe7, 0x49, 0xe7, 0x49, 0xe7, 0x49, 0xe7, 0x49,
    0xe7, 0x49, 0xe7, 0x49, 0xe7, 0x49, 0xe7, 0x49, 0xe7, 0x49, 0xe7, 0x49,
    0xe7, 0x49, 0xe7, 0x49, 0xe7, 0x49, 0xe7, 0x49, 0xe7, 0x49, 0xe7, 0x49,
    0xe7, 0x49, 0xe7, 0x49, 0xe7, 0x49, 0xe7, 0x49, 0xe7, 0x49, 0xe7, 0x49,
    0xe7, 0x49, 0xe7, 0x49, 0xe7, 0x49, 0xe7, 0x49, 0xe7, 0x49, 0xe7, 0x49,
    0xe7, 0x49, 0xe7, 0x49, 0xe7, 0x49, 0xe7, 0x49, 0xe7, 0x49, 0xe7, 0x49,
    0xe7, 0x49, 0xe7, 0x49, 0xe7, 0x49, 0xe7, 0x49, 0xe7, 0x49, 0xe7, 0x49,
    0xe7, 0x49, 0xe7, 0x49, 0xe7, 0x49, 0xe7, 0x49, 0xe7, 0x49, 0xe7, 0x49,
    0xe7, 0x49, 0xe7, 0x49, 0xe7, 0x49, 0xe7, 0x49, 0xe7, 0x49, 0xe7, 0x49,
    0xe7, 0x49, 0xe7, 0x49, 0xe7, 0x49, 0xe7, 0x49, 0xe7, 0x49, 0xe7, 0x49,
    0xe7, 0x49, 0xe7, 0x49, 0xe7, 0x49, 0xe7, 0x49, 0xe7, 0x49, 0xe7, 0x49,
    0xe7, 0x49, 0xe7, 0x49, 0xe7, 0x49, 0xe7, 0x49, 0xe7, 0x49, 0xe7, 0x49,
    0xe7, 0x49, 0xe7, 0x49, 0xe7, 0x49, 0xe7, 0x49, 0xe7, 0x49, 0xe7, 0x49,
    0xe7, 0x49, 0xe7, 0x49, 0xe7, 0x49, 0xe7, 0x49, 0xe7, 0x49, 0xe7, 0x49,
    0xe7, 0x49, 0xe7, 0x49, 0xe7, 0x49, 0xe7, 0x49, 0xe7, 0x49, 0xe7, 0x49,
    0xe7, 0x49, 0xe7, 0x49, 0xe7, 0x49, 0xe7, 0x49, 0xe7, 0x49, 0xe7, 0x49,
    0xe7, 0x49, 0xe7, 0x49, 0xe7, 0x49, 0xe7, 0x49, 0xe7, 0x49, 0xe7, 0x49,
    0xe7, 0x49, 0xe7, 0x49, 0xe7, 0x49, 0xe7, 0x49, 0xe7, 0x49, 0xe7, 0x49,
    0xe7, 0x49, 0xe7, 0x49, 0xe7, 0x49, 0xe7, 0x49, 0xe7, 0x49, 0xe7, 0x49,
    0xe7, 0x49, 0xe7, 0x49, 0xe7, 0x49, 0xe7, 0x49, 0xe7, 0x49, 0xe7, 0x49,
    0xe7, 0x49, 0xe7, 0x49, 0xe7, 0x49, 0xe7, 0x49, 0xe7, 0x49, 0xe7, 0x49,
    0xe7, 0x49, 0xe7, 0x49, 0xe7, 0x49, 0xe7, 0x49, 0xe7, 0x49, 0xe7, 0x49,
    0xe7, 0x49, 0xe7, 0x49, 0xe7, 0x49, 0xe7, 0x49, 0xe7, 0x49, 0xe7, 0x49,
    0xe7, 0x49, 0xe7, 0x49, 0xe7, 0x49, 0xe7, 0x49, 0xe7, 0x49, 0xe7, 0x49,
    0xe7, 0x49, 0xe7, 0x49, 0xe7, 0x49, 0xe7, 0x49, 0xe7, 0x49, 0xe7, 0x49,
    0xe7, 0x49, 0xe7, 0x49, 0xe7, 0x49, 0xe7, 0x49, 0xe7, 0x49, 0xe7, 0x49,
    0xe7, 0x49, 0xe7, 0x49, 0xe7, 0x49, 0xe7, 0x49, 0xe7, 0x49, 0xe7, 0x49,
    0xe7, 0x49, 0xe7, 0x49, 0xe7, 0x49, 0xe7, 0x49, 0xe7, 0x49, 0xe7, 0x49,
    0xe7, 0x49, 0xe7, 0x49, 0xe7, 0x49, 0xe7, 0x49, 0xe7, 0x49, 0xe7, 0x49,
    0xe7, 0x49, 0xe7, 0x49, 0xe7, 0x49, 0xe7, 0x49, 0xe7, 0x49, 0xe7, 0x49,
    0xe7, 0x49, 0xe7, 0x49, 0xe7, 0x49, 0xe7, 0x49, 0xe7, 0x49, 0xe7, 0x49,
    0xe7, 0x49, 0xe7, 0x49, 0xe7, 0x49, 0xe7, 0x49, 0xe7, 0x49, 0xe7, 0x49,
    0xe7, 0x49, 0xe7, 0x49, 0xe7, 0x49, 0xe7, 0x49, 0xe7, 0x49, 0xe7, 0x49,
    0xe7, 0x49, 0xe7, 0x49, 0xe7, 0x49, 0xe7, 0x49, 0xe7, 0x49, 0xe7, 0x49,
    0xe7, 0x49, 0xe7, 0x49, 0xe7, 0x49, 0xe7, 0x49, 0xe7, 0x49, 0xe7, 0x49,
    0xe7, 0x49, 0xe7, 0x49, 0xe7, 0x49, 0xe7, 0x49, 0xe7, 0x49, 0xe7, 0x49,
    0xe7, 0x49, 0xe7, 0x49, 0xe7, 0x49, 0xe7, 0x49, 0xe7, 0x49, 0xe7, 0x49,
    0xe7, 0x49, 0xe7, 0x49, 0xe7, 0x49, 0xe7, 0x49, 0xe7, 0x49, 0xe7, 0x49,
    0xe7, 0x49, 0xe7, 0x49, 0xe7, 0x49, 0xe7, 0x49, 0xe7, 0x49, 0xe7, 0x49,
    0xe7, 0x49, 0xe7, 0x49, 0xe7, 0x49, 0xe7, 0x49, 0xe7, 0x49, 0xe7, 0x49,
    0xe7, 0x49, 0xe7, 0x49, 0xe7, 0x49, 0xe7, 0x49, 0xe7, 0x49, 0xe7, 0x49,
    0xe7, 0x49, 0xe7, 0x49, 0xe7, 0x49, 0xe7, 0x49, 0xe7, 0x49, 0xe7, 0x49,
    0xe7, 0x49, 0xe7, 0x49, 0xe7, 0x49, 0xe7, 0x49, 0xe7, 0x49, 0xe7, 0x49,
    0xe7, 0x49, 0xe7, 0x49, 0xe7, 0x49, 0xe7, 0x49, 0xe7, 0x49, 0xe7, 0x49,
    0xe7, 0x49, 0xe7, 0x49, 0xe7, 0x49, 0xe7, 0x49, 0xe7, 0x49, 0xe7, 0x49,
    0xe7, 0x49, 0xe7, 0x49, 0xe7, 0x49, 0xe7, 0x49, 0xe7, 0x49, 0xe7, 0x49,
    0xe7, 0x49, 0xe7, 0x49, 0xe7, 0x49, 0xe7, 0x49, 0xe7, 0x49, 0xe7, 0x49,
    0xe7, 0x49, 0xe7, 0x49, 0xe7, 0x49, 0xe7, 0x49, 0xe7, 0x49, 0xe7, 0x49,
    0xe7, 0x49, 0xe7, 0x49, 0xe7, 0x49, 0xe7, 0x49, 0xe7, 0x49, 0xe7, 0x49,
    0xe7, 0x49, 0xe7, 0x49, 0xe7, 0x49, 0xe7, 0x49, 0xe7, 0x49, 0xe7, 0x49,
    0xe7, 0x49, 0xe7, 0x49, 0xe7, 0x49, 0xe7, 0x49, 0xe7, 0x49, 0xe7, 0x49,
    0xe7, 0x49, 0xe7, 0x49, 0xe7, 0x49, 0xe7, 0x49, 0xe7, 0x49, 0xe7, 0x49,
    0xe7, 0x49, 0xe7, 0x49, 0xe7, 0x49, 0xe7, 0x49, 0xe7, 0x49, 0xe7, 0x49,
    0xe7, 0x49, 0xe7, 0x49, 0xe7, 0x49, 0xe7, 0x49, 0xe7, 0x49, 0xe7, 0x49,
    0xe7, 0x49, 0xe7, 0x49, 0xe7, 0x49, 0xe7, 0x49, 0xe7, 0x49, 0xe7, 0x49,
    0xe7, 0x49, 0xe7, 0x49, 0xe7, 0x49, 0xe7, 0x49, 0xe7, 0x49, 0xe7, 0x49,
    0xe7, 0x49, 0xe7, 0x49, 0xe7, 0x49, 0xe7, 0x49, 0xe7, 0x49, 0xe7, 0x49,
    0xe7, 0x49, 0xe7, 0x49, 0xe7, 0x49, 0xe7, 0x49, 0xe7, 0x49, 0xe7, 0x49,
    0xe7, 0x49, 0xe7, 0x49, 0xe7, 0x49, 0xe7, 0x49, 0xe7, 0x49, 0xe7, 0x49,
    0xe7, 0x49, 0xe7, 0x49, 0xe7, 0x49, 0xe7, 0x49, 0xe7, 0x49, 0xe7, 0x49,
    0xe7, 0x49, 0xe7, 0x49, 0xe7, 0x49, 0xe7, 0x49, 0xe7, 0x49, 0xe7, 0x49,
    0xe7, 0x49, 0xe7, 0x49, 0xe7, 0x49, 0xe7, 0x49, 0xe7, 0x49, 0xe7, 0x49,
    0xe7, 0x49, 0xe7, 0x49, 0xe7, 0x49, 0xe7, 0x49, 0xe7, 0x49, 0xe7, 0x49,
    0xe7, 0x49, 0xe7, 0x49, 0xe7, 0x49, 0xe7, 0x49, 0xe7, 0x49, 0xe7, 0x49,
    0xe7, 0x49, 0xe7, 0x49, 0xe7, 0x49, 0xe7, 0x49, 0xe7, 0x49, 0xe7, 0x49,
    0xe7, 0x49, 0xe7, 0x49, 0xe7, 0x49, 0xe7, 0x49, 0xe7, 0x49, 0xe7, 0x49,
    0xe7, 0x49, 0xe7, 0x49, 0xe7, 0x49, 0xe7, 0x49, 0xe7, 0x49, 0xe7, 0x49,
    0xe7, 0x49, 0xe7, 0x49, 0xe7, 0x49, 0xe7, 0x49, 0xe7, 0x49, 0xe7, 0x49,
    0xe7, 0x49, 0xe7, 0x49, 0xe7, 0x49, 0xe7, 0x49, 0xe7, 0x49, 0xe7, 0x49,
    0xe7, 0x49, 0xe7, 0x49, 0xe7, 0x49, 0xe7, 0x49, 0xe7, 0x49, 0xe7, 0x49,
    0xe7, 0x49, 0xe7, 0x49, 0xe7, 0x49, 0xe7, 0x49, 0xe7, 0x49, 0xe7, 0x49,
    0xe7, 0x49, 0xe7, 0x49, 0xe7, 0x49, 0xe7, 0x49, 0xe7, 0x49, 0xe7, 0x49,
    0xe7, 0x49, 0xe7, 0x49, 0xe7, 0x49, 0xe7, 0x49, 0xe7, 0x49, 0xe7, 0x49,
    0xe7, 0x49, 0xe7, 0x49, 0xe7, 0x49, 0xe7, 0x49, 0xe7, 0x49, 0xe7, 0x49,
    0xe7, 0x49, 0xe7, 0x49, 0xe7, 0x49, 0xe7, 0x49, 0xe7, 0x49, 0xe7, 0x49,
    0xe7, 0x49, 0xe7, 0x49, 0xe7, 0x49, 0xe7, 0x49, 0xe7, 0x49, 0xe7, 0x49,
    0xe7, 0x49, 0xe7, 0x49, 0xe7, 0x49, 0xe7, 0x49, 0xe7, 0x49, 0xe7, 0x49,
    0xe7, 0x49, 0xe7, 0x49, 0xe7, 0x49, 0xe7, 0x49, 0xe7, 0x49, 0xe7, 0x49,
    0xe7, 0x49, 0xe7, 0x49, 0xe7, 0x49, 0xe7, 0x49, 0xe7, 0x49, 0xe7, 0x49,
    0xe7, 0x49, 0xe7, 0x49, 0xe7, 0x49, 0xe7, 0x49, 0xe7, 0x49, 0xe7, 0x49,
    0xe7, 0x49, 0xe7, 0x49, 0xe7, 0x49, 0xe7, 0x49, 0xe7, 0x49, 0xe7, 0x49,
    0xe7, 0x49, 0xe7, 0x49, 0xe7, 0x49, 0xe7, 0x49, 0xe7, 0x49, 0xe7, 0x49,
    0xe7, 0x49, 0xe7, 0x49, 0xe7, 0x49, 0xe7, 0x49, 0xe7, 0x49, 0xe7, 0x49,
    0xe7, 0x49, 0xe7, 0x49, 0xe7, 0x49, 0xe7, 0x49, 0xe7, 0x49, 0xe7, 0x49,
    0xe7, 0x49, 0xe7, 0x49, 0xe7, 0x49, 0xe7, 0x49, 0xe7, 0x49, 0xe7, 0x49,
    0xe7, 0x49, 0xe7, 0x49, 0xe7, 0x49, 0xe7, 0x49, 0xe7, 0x49, 0xe7, 0x49,
    0xe7, 0x49, 0xe7, 0x49, 0xe7, 0x49, 0xe7, 0x49, 0xe7, 0x49, 0xe7, 0x49,
    0xe7, 0x49, 0xe7, 0x49, 0xe7, 0x49, 0xe7, 0x49, 0xe7, 0x49, 0xe7, 0x49,
    0xe7, 0x49, 0xe7, 0x49, 0xe7, 0x49, 0xe7, 0x49, 0xe7, 0x49, 0xe7, 0x49,
    0xe7, 0x49, 0xe7, 0x49, 0xe7, 0x49, 0xe7, 0x49, 0xe7, 0x49, 0xe7, 0x49,
    0xe7, 0x49, 0xe7, 0x49, 0xe7, 0x49, 0xe7, 0x49, 0xe7, 0x49, 0xe7, 0x49,
    0xe7, 0x49, 0xe7, 0x49, 0xe7, 0x49, 0xe7, 0x49, 0xe7, 0x49, 0xe7, 0x49,
    0xe7, 0x49, 0xe7, 0x49, 0xe7, 0x49, 0xe7, 0x49, 0xe7, 0x49, 0xe7, 0x49,
    0xe7, 0x49, 0xe7, 0x49, 0xe7, 0x49, 0xe7, 0x49, 0xe7, 0x49, 0xe7, 0x49,
    0xe7, 0x49, 0xe7, 0x49, 0xe7, 0x49, 0xe7, 0x49, 0xe7, 0x49, 0xe7, 0x49,
    0xe7, 0x49, 0xe7, 0x49, 0xe7, 0x49, 0xe7, 0x49, 0xe7, 0x49, 0xe7, 0x49,
    0xe7, 0x49, 0xe7, 0x49, 0xe7, 0x49, 0xe7, 0x49, 0xe7, 0x49, 0xe7, 0x49,
    0xe7, 0x49, 0xe7, 0x49, 0xe7, 0x49, 0xe7, 0x49, 0xe7, 0x49, 0xe7, 0x49,
    0xe7, 0x49, 0xe7, 0x49, 0xe7, 0x49, 0xe7, 0x49, 0xe7, 0x49, 0xe7, 0x49,
    0xe7, 0x49, 0xe7, 0x49, 0xe7, 0x49, 0xe7, 0x49, 0xe7, 0x49, 0xe7, 0x49,
    0xe7, 0x49, 0xe7, 0x49, 0xe7, 0x49, 0xe7, 0x49, 0xe7, 0x49, 0xe7, 0x49,
    0xe7, 0x49, 0xe7, 0x49, 0xe7, 0x49, 0xe7, 0x49, 0xe7, 0x49, 0xe7, 0x49,
    0xe7, 0x49, 0xe7, 0x49, 0xe7, 0x49, 0xe7, 0x49, 0xe7, 0x49, 0xe7, 0x49,
    0xe7, 0x49, 0xe7, 0x49, 0xe7, 0x49, 0xe7, 0x49, 0xe7, 0x49, 0xe7, 0x49,
    0xe7, 0x49, 0xe7, 0x49, 0xe7, 0x49, 0xe7, 0x49, 0xe7, 0x49, 0xe7, 0x49,
    0xe7, 0x49, 0xe7, 0x49, 0xe7, 0x49, 0xe7, 0x49, 0xe7, 0x49, 0xe7, 0x49,
    0xe7, 0x49, 0xe7, 0x49, 0xe7, 0x49, 0xe7, 0x49, 0xe7, 0x49, 0xe7, 0x49,
    0xe7, 0x49, 0xe7, 0x49, 0xe7, 0x49, 0xe7, 0x49, 0xe7, 0x49, 0xe7, 0x49,
    0xe7, 0x49, 0xe7, 0x49, 0xe7, 0x49, 0xe7, 0x49, 0xe7, 0x49, 0xe7, 0x49,
    0xe7, 0x49, 0xe7, 0x49, 0xe7, 0x49, 0xe7, 0x49, 0xe7, 0x49, 0xe7, 0x49,
    0xe7, 0x49, 0xe7, 0x49, 0xe7, 0x49, 0xe7, 0x49, 0xe7, 0x49, 0xe7, 0x49,
    0xe7, 0x49, 0xe7, 0x49, 0xe7, 0x49, 0xe7, 0x49, 0xe7, 0x49, 0xe7, 0x49,
    0xe7, 0x49, 0xe7, 0x49, 0xe7, 0x49, 0xe7, 0x49, 0xe7, 0x49, 0xe7, 0x49,
    0xe7, 0x49, 0xe7, 0x49, 0xe7, 0x49, 0xe7, 0x49, 0xe7, 0x49, 0xe7, 0x49,
    0xe7, 0x49, 0xe7, 0x49, 0xe7, 0x49, 0xe7, 0x49, 0xe7, 0x49, 0xe7, 0x49,
    0xe7, 0x49, 0xe7, 0x49, 0xe7, 0x49, 0xe7, 0x49, 0xe7, 0x49, 0xe7, 0x49,
    0xe7, 0x49, 0xe7, 0x49, 0xe7, 0x49, 0xe7, 0x49, 0xe7, 0x49, 0xe7, 0x49,
    0xe7, 0x49, 0xe7, 0x49, 0xe7, 0x49, 0xe7, 0x49, 0xe7, 0x49, 0xe7, 0x49,
    0xe7, 0x49, 0xe7, 0x49, 0xe7, 0x49, 0xe7, 0x49, 0xe7, 0x49, 0xe7, 0x49,
    0xe7, 0x49, 0xe7, 0x49, 0xe7, 0x49, 0xe7, 0x49, 0xe7, 0x49, 0xe7, 0x49,
    0xe7, 0x49, 0xe7, 0x49, 0xe7, 0x49, 0xe7, 0x49, 0xe7, 0x49, 0xe7, 0x49,
    0xe7, 0x49, 0xe7, 0x49, 0xe7, 0x49, 0xe7, 0x49, 0xe7, 0x49, 0xe7, 0x49,
    0xe7, 0x49, 0xe7, 0x49, 0xe7, 0x49, 0xe7, 0x49, 0xe7, 0x49, 0xe7, 0x49,
    0xe7, 0x49, 0xe7, 0x49, 0xe7, 0x49, 0xe7, 0x49, 0xe7, 0x49, 0xe7, 0x49,
    0xe7, 0x49, 0xe7, 0x49, 0xe7, 0x49, 0xe7, 0x49, 0xe7, 0x49, 0xe7, 0x49,
    0xe7, 0x49, 0xe7, 0x49, 0xe7, 0x49, 0xe7, 0x49, 0xe7, 0x49, 0xe7, 0x49,
    0xe7, 0x49, 0xe7, 0x49, 0xe7, 0x49, 0xe7, 0x49, 0xe7, 0x49, 0xe7, 0x49,
    0xe7, 0x49, 0xe7, 0x49, 0xe7, 0x49, 0xe7, 0x49, 0xe7, 0x49, 0xe7, 0x49,
    0xe7, 0x49, 0xe7, 0x49, 0xe7, 0x49, 0xe7, 0x49, 0xe7, 0x49, 0xe7, 0x49,
    0xe7, 0x49, 0xe7, 0x49, 0xe7, 0x49, 0xe7, 0x49, 0xe7, 0x49, 0xe7, 0x49,
    0xe7, 0x49, 0xe7, 0x49, 0xe7, 0x49, 0xe7, 0x49, 0xe7, 0x49, 0xe7, 0x49,
    0xe7, 0x49, 0xe7, 0x49, 0xe7, 0x49, 0xe7, 0x49, 0xe7, 0x49, 0xe7, 0x49,
    0xe7, 0x49, 0xe7, 0x49, 0xe7, 0x49, 0xe7, 0x49, 0xe7, 0x49, 0xe7, 0x49,
    0xe7, 0x49, 0xe7, 0x49, 0xe7, 0x49, 0xe7, 0x49, 0xe7, 0x49, 0xe7, 0x49,
    0xe7, 0x49, 0xe7, 0x49, 0xe7, 0x49, 0xe7, 0x49, 0xe7, 0x49, 0xe7, 0x49,
    0xe7, 0x49, 0xe7, 0x49, 0xe7, 0x49, 0xe7, 0x49, 0xe7, 0x49, 0xe7, 0x49,
    0xe7, 0x49, 0xe7, 0x49, 0xe7, 0x49, 0xe7, 0x49, 0xe7, 0x49, 0xe7, 0x49,
    0xe7, 0x49, 0xe7, 0x49, 0xe7, 0x49, 0xe7, 0x49, 0xe7, 0x49, 0xe7, 0x49,
    0xe7, 0x49, 0xe7, 0x49, 0xe7, 0x49, 0xe7, 0x49, 0xe7, 0x49, 0xe7, 0x49,
    0xe7, 0x49, 0xe7, 0x49, 0xe7, 0x49, 0xe7, 0x49, 0xe7, 0x49, 0xe7, 0x49,
    0xe7, 0x49, 0xe7, 0x49, 0xe7, 0x49, 0xe7, 0x49, 0xe7, 0x49, 0xe7, 0x49,
    0xe7, 0x49, 0xe7, 0x49, 0xe7, 0x49, 0xe7, 0x49, 0xe7, 0x49, 0xe7, 0x49,
    0xe7, 0x49, 0xe7, 0x49, 0xe7, 0x49, 0xe7, 0x49, 0xe7, 0x49, 0xe7, 0x49,
    0xe7, 0x49, 0xe7, 0x49, 0xe7, 0x49, 0xe7, 0x49, 0xe7, 0x49, 0xe7, 0x49,
    0xe7, 0x49, 0xe7, 0x49, 0xe7, 0x49, 0xe7, 0x49, 0xe7, 0x49, 0xe7, 0x49,
    0xe7, 0x49, 0xe7, 0x49, 0xe7, 0x49, 0xe7, 0x49, 0xe7, 0x49, 0xe7, 0x49,
    0xe7, 0x49, 0xe7, 0x49, 0xe7, 0x49, 0xe7, 0x49, 0xe7, 0x49, 0xe7, 0x49,
    0xe7, 0x49, 0xe7, 0x49, 0xe7, 0x49, 0xe7, 0x49, 0xe7, 0x49, 0xe7, 0x49,
    0xe7, 0x49, 0xe7, 0x49, 0xe7, 0x49, 0xe7, 0x49, 0xe7, 0x49, 0xe7, 0x49,
    0xe7, 0x49, 0xe7, 0x49, 0xe7, 0x49, 0xe7, 0x49, 0xe7, 0x49, 0xe7, 0x49,
    0xe7, 0x49, 0xe7, 0x49, 0xe7, 0x49, 0xe7, 0x49, 0xe7, 0x49, 0xe7, 0x49,
    0xe7, 0x49, 0xe7, 0x49, 0xe7, 0x49, 0xe7, 0x49, 0xe7, 0x49, 0xe7, 0x49,
    0xe7, 0x49, 0xe7, 0x49, 0xe7, 0x49, 0xe7, 0x49, 0xe7, 0x49, 0xe7, 0x49,
    0xe7, 0x49, 0xe7, 0x49, 0xe7, 0x49, 0xe7, 0x49, 0xe7, 0x49, 0xe7, 0x49,
    0xe7, 0x49, 0xe7, 0x49, 0xe7, 0x49, 0xe7, 0x49, 0xe7, 0x49, 0xe7, 0x49,
    0xe7, 0x49, 0xe7, 0x49, 0xe7, 0x49, 0xe7, 0x49, 0xe7, 0x49, 0xe7, 0x49,
    0xe7, 0x49, 0xe7, 0x49, 0xe7, 0x49, 0xe7, 0x49, 0xe7, 0x49, 0xe7, 0x49,
    0xe7, 0x49, 0xe7, 0x49, 0xe7, 0x49, 0xe7, 0x49, 0xe7, 0x49, 0xe7, 0x49,
    0xe7, 0x49, 0xe7, 0x49, 0xe7, 0x49, 0xe7, 0x49, 0xe7, 0x49, 0xe7, 0x49,
    0xe7, 0x49, 0xe7, 0x49, 0xe7, 0x49, 0xe7, 0x49, 0xe7, 0x49, 0xe7, 0x49,
    0xe7, 0x49, 0xe7, 0x49, 0xe7, 0x49, 0xe7, 0x49, 0xe7, 0x49, 0xe7, 0x49,
    0xe7, 0x49, 0xe7, 0x49, 0xe7, 0x49, 0xe7, 0x49, 0xe7, 0x49, 0xe7, 0x49,
    0xe7, 0x49, 0xe7, 0x49, 0xe7, 0x49, 0xe7, 0x49, 0xe7, 0x49, 0xe7, 0x49,
    0xe7, 0x49, 0xe7, 0x49, 0xe7, 0x49, 0xe7, 0x49, 0xe7, 0x49, 0xe7, 0x49,
    0xe7, 0x49, 0xe7, 0x49, 0xe7, 0x49, 0xe7, 0x49, 0xe7, 0x49, 0xe7, 0x49,
    0xe7, 0x49, 0xe7, 0x49, 0xe7, 0x49, 0xe7, 0x49, 0xe7, 0x49, 0xe7, 0x49,
    0xe7, 0x49, 0xe7, 0x49, 0xe7, 0x49, 0xe7, 0x49, 0xe7, 0x49, 0xe7, 0x49,
    0xe7, 0x49, 0xe7, 0x49, 0xe7, 0x49, 0xe7, 0x49, 0xe7, 0x49, 0xe7, 0x49,
    0xe7, 0x49, 0xe7, 0x49, 0xe7, 0x49, 0xe7, 0x49, 0xe7, 0x49, 0xe7, 0x49,
    0xe7, 0x49, 0xe7, 0x49, 0xe7, 0x49, 0xe7, 0x49, 0xe7, 0x49, 0xe7, 0x49,
    0xe7, 0x49, 0xe7, 0x49, 0xe7, 0x49, 0xe7, 0x49, 0xe7, 0x49, 0xe7, 0x49,
    0xe7, 0x49, 0xe7, 0x49, 0xe7, 0x49, 0xe7, 0x49, 0xe7, 0x49, 0xe7, 0x49,
    0xe7, 0x49, 0xe7, 0x49, 0xe7, 0x49, 0xe7, 0x49, 0xe7, 0x49, 0xe7, 0x49,
    0xe7, 0x49, 0xe7, 0x49, 0xe7, 0x49, 0xe7, 0x49, 0xe7, 0x49, 0xe7, 0x49,
    0xe7, 0x49, 0xe7, 0x49, 0xe7, 0x49, 0xe7, 0x49, 0xe7, 0x49, 0xe7, 0x49,
    0xe7, 0x49, 0xe7, 0x49, 0xe7, 0x49, 0xe7, 0x49, 0xe7, 0x49, 0xe7, 0x49,
    0xe7, 0x49, 0xe7, 0x49, 0xe7, 0x49, 0xe7, 0x49, 0xe7, 0x49, 0xe7, 0x49,
    0xe7, 0x49, 0xe7, 0x49, 0xe7, 0x49, 0xe7, 0x49, 0xe7, 0x49, 0xe7, 0x49,
    0xe7, 0x49, 0xe7, 0x49, 0xe7, 0x49, 0xe7, 0x49, 0xe7, 0x49, 0xe7, 0x49,
    0xe7, 0x49, 0xe7, 0x49, 0xe7, 0x49, 0xe7, 0x49, 0xe7, 0x49, 0xe7, 0x49,
    0xe7, 0x49, 0xe7, 0x49, 0xe7, 0x49, 0xe7, 0x49, 0xe7, 0x49, 0xe7, 0x49,
    0xe7, 0x49, 0xe7, 0x49, 0xe7, 0x49, 0xe7, 0x49, 0xe7, 0x49, 0xe7, 0x49,
    0xe7, 0x49, 0xe7, 0x49, 0xe7, 0x49, 0xe7, 0x49, 0xe7, 0x49, 0xe7, 0x49,
    0xe7, 0x49, 0xe7, 0x49, 0xe7, 0x49, 0xe7, 0x49, 0xe7, 0x49, 0xe7, 0x49,
    0xe7, 0x49, 0xe7, 0x49, 0xe7, 0x49, 0xe7, 0x49, 0xe7, 0x49, 0xe7, 0x49,
    0xe7, 0x49, 0xe7, 0x49, 0xe7, 0x49, 0xe7, 0x49, 0xe7, 0x49, 0xe7, 0x49,
    0xe7, 0x49, 0xe7, 0x49, 0xe7, 0x49, 0xe7, 0x49, 0xe7, 0x49, 0xe7, 0x49,
    0xe7, 0x49, 0xe7, 0x49, 0xe7, 0x49, 0xe7, 0x49, 0xe7, 0x49, 0xe7, 0x49,
    0xe7, 0x49, 0xe7, 0x49, 0xe7, 0x49, 0xe7, 0x49, 0xe7, 0x49, 0xe7, 0x49,
    0xe7, 0x49, 0xe7, 0x49, 0xe7, 0x49, 0xe7, 0x49, 0xe7, 0x49, 0xe7, 0x49,
    0xe7, 0x49, 0xe7, 0x49, 0xe7, 0x49, 0xe7, 0x49, 0xe7, 0x49, 0xe7, 0x49,
    0xe7, 0x49, 0xe7, 0x49, 0xe7, 0x49, 0xe7, 0x49, 0xe7, 0x49, 0xe7, 0x49,
    0xe7, 0x49, 0xe7, 0x49, 0xe7, 0x49, 0xe7, 0x49, 0xe7, 0x49, 0xe7, 0x49,
    0xe7, 0x49, 0xe7, 0x49, 0xe7, 0x49, 0xe7, 0x49, 0xe7, 0x49, 0xe7, 0x49,
    0xe7, 0x49, 0xe7, 0x49, 0xe7, 0x49, 0xe7, 0x49, 0xe7, 0x49, 0xe7, 0x49,
    0xe7, 0x49, 0xe7, 0x49, 0xe7, 0x49, 0xe7, 0x49, 0xe7, 0x49, 0xe7, 0x49,
    0xe7, 0x49, 0xe7, 0x49, 0xe7, 0x49, 0xe7, 0x49, 0xe7, 0x49, 0xe7, 0x49,
    0xe7, 0x49, 0xe7, 0x49, 0xe7, 0x49, 0xe7, 0x49, 0xe7, 0x49, 0xe7, 0x49,
    0xe7, 0x49, 0xe7, 0x49, 0xe7, 0x49, 0xe7, 0x49, 0xe7, 0x49, 0xe7, 0x49,
    0xe7, 0x49, 0xe7, 0x49, 0xe7, 0x49, 0xe7, 0x49, 0xe7, 0x49, 0xe7, 0x49,
    0xe7, 0x49, 0xe7, 0x49, 0xe7, 0x49, 0xe7, 0x49, 0xe7, 0x49, 0xe7, 0x49,
    0xe7, 0x49, 0xe7, 0x49, 0xe7, 0x49, 0xe7, 0x49, 0xe7, 0x49, 0xe7, 0x49,
    0xe7, 0x49, 0xe7, 0x49, 0xe7, 0x49, 0xe7, 0x49, 0xe7, 0x49, 0xe7, 0x49,
    0xe7, 0x49, 0xe7, 0x49, 0xe7, 0x49, 0xe7, 0x49, 0xe7, 0x49, 0xe7, 0x49,
    0xe7, 0x49, 0xe7, 0x49, 0xe7, 0x49, 0xe7, 0x49, 0xe7, 0x49, 0xe7, 0x49,
    0xe7, 0x49, 0xe7, 0x49, 0xe7, 0x49, 0xe7, 0x49, 0xe7, 0x49, 0xe7, 0x49,
    0xe7, 0x49, 0xe7, 0x49, 0xe7, 0x49, 0xe7, 0x49, 0xe7, 0x49, 0xe7, 0x49,
    0xe7, 0x49, 0xe7, 0x49, 0xe7, 0x49, 0xe7, 0x49, 0xe7, 0x49, 0xe7, 0x49,
    0xe7, 0x49, 0xe7, 0x49, 0xe7, 0x49, 0xe7, 0x49, 0xe7, 0x49, 0xe7, 0x49,
    0xe7, 0x49, 0xe7, 0x49, 0xe7, 0x49, 0xe7, 0x49, 0xe7, 0x49, 0xe7, 0x49,
    0xe7, 0x49, 0xe7, 0x49, 0xe7, 0x49, 0xe7, 0x49, 0xe7, 0x49, 0xe7, 0x49,
    0xe7, 0x49, 0xe7, 0x49, 0xe7, 0x49, 0xe7, 0x49, 0xe7, 0x49, 0xe7, 0x49,
    0xe7, 0x49, 0xe7, 0x49, 0xe7, 0x49, 0xe7, 0x49, 0xe7, 0x49, 0xe7, 0x49,
    0xe7, 0x49, 0xe7, 0x49, 0xe7, 0x49, 0xe7, 0x49, 0xe7, 0x49, 0xe7, 0x49,
    0xe7, 0x49, 0xe7, 0x49, 0xe7, 0x49, 0xe7, 0x49, 0xe7, 0x49, 0xe7, 0x49,
    0xe7, 0x49, 0xe7, 0x49, 0xe7, 0x49, 0xe7, 0x49, 0xe7, 0x49, 0xe7, 0x49,
    0xe7, 0x49, 0xe7, 0x49, 0xe7, 0x49, 0xe7, 0x49, 0xe7, 0x49, 0xe7, 0x49,
    0xe7, 0x49, 0xe7, 0x49, 0xe7, 0x49, 0xe7, 0x49, 0xe7, 0x49, 0xe7, 0x49,
    0xe7, 0x49, 0xe7, 0x49, 0xe7, 0x49, 0xe7, 0x49, 0xe7, 0x49, 0xe7, 0x49,
    0xe7, 0x49, 0xe7, 0x49, 0xe7, 0x49, 0xe7, 0x49, 0xe7, 0x49, 0xe7, 0x49,
    0xe7, 0x49, 0xe7, 0x49, 0xe7, 0x49, 0xe7, 0x49, 0xe7, 0x49, 0xe7, 0x49,
    0xe7, 0x49, 0xe7, 0x49, 0xe7, 0x49, 0xe7, 0x49, 0xe7, 0x49, 0xe7, 0x49,
    0xe7, 0x49, 0xe7, 0x49, 0xe7, 0x49, 0xe7, 0x49, 0xe7, 0x49, 0xe7, 0x49,
    0xe7, 0x49, 0xe7, 0x49, 0xe7, 0x49, 0xe7, 0x49, 0xe7, 0x49, 0xe7, 0x49,
    0xe7, 0x49, 0xe7, 0x49, 0xe7, 0x49, 0xe7, 0x49, 0xe7, 0x49, 0xe7, 0x49,
    0xe7, 0x49, 0xe7, 0x49, 0xe7, 0x49, 0xe7, 0x49, 0xe7, 0x49, 0xe7, 0x49,
    0xe7, 0x49, 0xe7, 0x49, 0xe7, 0x49, 0xe7, 0x49, 0xe7, 0x49, 0xe7, 0x49,
    0xe7, 0x49, 0xe7, 0x49, 0xe7, 0x49, 0xe7, 0x49, 0xe7, 0x49, 0xe7, 0x49,
    0xe7, 0x49, 0xe7, 0x49, 0xe7, 0x49, 0xe7, 0x49, 0xe7, 0x49, 0xe7, 0x49,
    0xe7, 0x49, 0xe7, 0x49, 0xe7, 0x49, 0xe7, 0x49, 0xe7, 0x49, 0xe7, 0x49,
    0xe7, 0x49, 0xe7, 0x49, 0xe7, 0x49, 0xe7, 0x49, 0xe7, 0x49, 0xe7, 0x49,
    0xe7, 0x49, 0xe7, 0x49, 0xe7, 0x49, 0xe7, 0x49, 0xe7, 0x49, 0xe7, 0x49,
    0xe7, 0x49, 0xe7, 0x49, 0xe7, 0x49, 0xe7, 0x49, 0xe7, 0x49, 0xe7, 0x49,
    0xe7, 0x49, 0xe7, 0x49, 0xe7, 0x49, 0xe7, 0x49, 0xe7, 0x49, 0xe7, 0x49,
    0xe7, 0x49, 0xe7, 0x49, 0xe7, 0x49, 0xe7, 0x49, 0xe7, 0x49, 0xe7, 0x49,
    0xe7, 0x49, 0xe7, 0x49, 0xe7, 0x49, 0xe7, 0x49, 0xe7, 0x49, 0xe7, 0x49,
    0xe7, 0x49, 0xe7, 0x49, 0xe7, 0x49, 0xe7, 0x49, 0xe7, 0x49, 0xe7, 0x49,
    0xe7, 0x49, 0xe7, 0x49, 0xe7, 0x49, 0xe7, 0x49, 0xe7, 0x49, 0xe7, 0x49,
    0xe7, 0x49, 0xe7, 0x49, 0xe7, 0x49, 0xe7, 0x49, 0xe7, 0x49, 0xe7, 0x49,
    0xe7, 0x49, 0xe7, 0x49, 0xe7, 0x49, 0xe7, 0x49, 0xe7, 0x49, 0xe7, 0x49,
    0xe7, 0x49, 0xe7, 0x49, 0xe7, 0x49, 0xe7, 0x49, 0xe7, 0x49, 0xe7, 0x49,
    0xe7, 0x49, 0xe7, 0x49, 0xe7, 0x49, 0xe7, 0x49, 0xe7, 0x49, 0xe7, 0x49,
    0xe7, 0x49, 0xe7, 0x49, 0xe7, 0x49, 0xe7, 0x49, 0xe7, 0x49, 0xe7, 0x49,
    0xe7, 0x49, 0xe7, 0x49, 0xe7, 0x49, 0xe7, 0x49, 0xe7, 0x49, 0xe7, 0x49,
    0xe7, 0x49, 0xe7, 0x49, 0xe7, 0x49, 0xe7, 0x49, 0xe7, 0x49, 0xe7, 0x49,
    0xe7, 0x49, 0xe7, 0x49, 0xe7, 0x49, 0xe7, 0x49, 0xe7, 0x49, 0xe7, 0x49,
    0xe7, 0x49, 0xe7, 0x49, 0xe7, 0x49, 0xe7, 0x49, 0xe7, 0x49, 0xe7, 0x49,
    0xe7, 0x49, 0xe7, 0x49, 0xe7, 0x49, 0xe7, 0x49, 0xe7, 0x49, 0xe7, 0x49,
    0xe7, 0x49, 0xe7, 0x49, 0xe7, 0x49, 0xe7, 0x49, 0xe7, 0x49, 0xe7, 0x49,
    0xe7, 0x49, 0xe7, 0x49, 0xe7, 0x49, 0xe7, 0x49, 0xe7, 0x49, 0xe7, 0x49,
    0xe7, 0x49, 0xe7, 0x49, 0xe7, 0x49, 0xe7, 0x49, 0xe7, 0x49, 0xe7, 0x49,
    0xe7, 0x49, 0xe7, 0x49, 0xe7, 0x49, 0xe7, 0x49, 0xe7, 0x49, 0xe7, 0x49,
    0xe7, 0x49, 0xe7, 0x49, 0xe7, 0x49, 0xe7, 0x49, 0xe7, 0x49, 0xe7, 0x49,
    0xe7, 0x49, 0xe7, 0x49, 0xe7, 0x49, 0xe7, 0x49, 0xe7, 0x49, 0xe7, 0x49,
    0xe7, 0x49, 0xe7, 0x49, 0xe7, 0x49, 0xe7, 0x49, 0xe7, 0x49, 0xe7, 0x49,
    0xe7, 0x49, 0xe7, 0x49, 0xe7, 0x49, 0xe7, 0x49, 0xe7, 0x49, 0xe7, 0x49,
    0xe7, 0x49, 0xe7, 0x49, 0xe7, 0x49, 0xe7, 0x49, 0xe7, 0x49, 0xe7, 0x49,
    0xe7, 0x49, 0xe7, 0x49, 0xe7, 0x49, 0xe7, 0x49, 0xe7, 0x49, 0xe7, 0x49,
    0xe7, 0x49, 0xe7, 0x49, 0xe7, 0x49, 0xe7, 0x49, 0xe7, 0x49, 0xe7, 0x49,
    0xe7, 0x49, 0xe7, 0x49, 0xe7, 0x49, 0xe7, 0x49, 0xe7, 0x49, 0xe7, 0x49,
    0xe7, 0x49, 0xe7, 0x49, 0xe7, 0x49, 0xe7, 0x49, 0xe7, 0x49, 0xe7, 0x49,
    0xe7, 0x49, 0xe7, 0x49, 0xe7, 0x49, 0xe7, 0x49, 0xe7, 0x49, 0xe7, 0x49,
    0xe7, 0x49, 0xe7, 0x49, 0xe7, 0x49, 0xe7, 0x49, 0xe7, 0x49, 0xe7, 0x49,
    0xe7, 0x49, 0xe7, 0x49, 0xe7, 0x49, 0xe7, 0x49, 0xe7, 0x49, 0xe7, 0x49,
    0xe7, 0x49, 0xe7, 0x49, 0xe7, 0x49, 0xe7, 0x49, 0xe7, 0x49, 0xe7, 0x49,
    0xe7, 0x49, 0xe7, 0x49, 0xe7, 0x49, 0xe7, 0x49, 0xe7, 0x49, 0xe7, 0x49,
    0xe7, 0x49, 0xe7, 0x49, 0xe7, 0x49, 0xe7, 0x49, 0xe7, 0x49, 0xe7, 0x49,
    0xe7, 0x49, 0xe7, 0x49, 0xe7, 0x49, 0xe7, 0x49, 0xe7, 0x49, 0xe7, 0x49,
    0xe7, 0x49, 0xe7, 0x49, 0xe7, 0x49, 0xe7, 0x49, 0xe7, 0x49, 0xe7, 0x49,
    0xe7, 0x49, 0xe7, 0x49, 0xe7, 0x49, 0xe7, 0x49, 0xe7, 0x49, 0xe7, 0x49,
    0xe7, 0x49, 0xe7, 0x49, 0xe7, 0x49, 0xe7, 0x49, 0xe7, 0x49, 0xe7, 0x49,
    0xe7, 0x49, 0xe7, 0x49, 0xe7, 0x49, 0xe7, 0x49, 0xe7, 0x49, 0xe7, 0x49,
    0xe7, 0x49, 0xe7, 0x49, 0xe7, 0x49, 0xe7, 0x49, 0xe7, 0x49, 0xe7, 0x49,
    0xe7, 0x49, 0xe7, 0x49, 0xe7, 0x49, 0xe7, 0x49, 0xe7, 0x49, 0xe7, 0x49,
    0xe7, 0x49, 0xe7, 0x49, 0xe7, 0x49, 0xe7, 0x49, 0xe7, 0x49, 0xe7, 0x49,
    0xe7, 0x49, 0xe7, 0x49, 0xe7, 0x49, 0xe7, 0x49, 0xe7, 0x49, 0xe7, 0x49,
    0xe7, 0x49, 0xe7, 0x49, 0xe7, 0x49, 0xe7, 0x49, 0xe7, 0x49, 0xe7, 0x49,
    0xe7, 0x49, 0xe7, 0x49, 0xe7, 0x49, 0xe7, 0x49, 0xe7, 0x49, 0xe7, 0x49,
    0xe7, 0x49, 0xe7, 0x49, 0xe7, 0x49, 0xe7, 0x49, 0xe7, 0x49, 0xe7, 0x49,
    0xe7, 0x49, 0xe7, 0x49, 0xe7, 0x49, 0xe7, 0x49, 0xe7, 0x49, 0xe7, 0x49,
    0xe7, 0x49, 0xe7, 0x49, 0xe7, 0x49, 0xe7, 0x49, 0xe7, 0x49, 0xe7, 0x49,
    0xe7, 0x49, 0xe7, 0x49, 0xe7, 0x49, 0xe7, 0x49, 0xe7, 0x49, 0xe7, 0x49,
    0xe7, 0x49, 0xe7, 0x49, 0xe7, 0x49, 0xe7, 0x49, 0xe7, 0x49, 0xe7, 0x49,
    0xe7, 0x49, 0xe7, 0x49, 0xe7, 0x49, 0xe7, 0x49, 0xe7, 0x49, 0xe7, 0x49,
    0xe7, 0x49, 0xe7, 0x49, 0xe7, 0x49, 0xe7, 0x49, 0xe7, 0x49, 0xe7, 0x49,
    0xe7, 0x49, 0xe7, 0x49, 0xe7, 0x49, 0xe7, 0x49, 0xe7, 0x49, 0xe7, 0x49,
    0xe7, 0x49, 0xe7, 0x49, 0xe7, 0x49, 0xe7, 0x49, 0xe7, 0x49, 0xe7, 0x49,
    0xe7, 0x49, 0xe7, 0x49, 0xe7, 0x49, 0xe7, 0x49, 0xe7, 0x49, 0xe7, 0x49,
    0xc7, 0x49, 0xe7, 0x49, 0xc7, 0x49, 0xe7, 0x49, 0xc7, 0x49, 0xe7, 0x49,
    0xc7, 0x49, 0xe7, 0x49, 0xc7, 0x49, 0xe7, 0x49, 0xc7, 0x49, 0xe7, 0x49,
    0xc7, 0x49, 0xe7, 0x49, 0xc7, 0x49, 0xe7, 0x49, 0xc7, 0x49, 0xe7, 0x49,
    0xc7, 0x49, 0xe7, 0x49, 0xc7, 0x49, 0xe7, 0x49, 0xc7, 0x49, 0xe7, 0x49,
    0xc7, 0x49, 0xe7, 0x49, 0xc7, 0x49, 0xe7, 0x49, 0xc7, 0x49, 0xe7, 0x49,
    0xc7, 0x49, 0xe7, 0x49, 0xc7, 0x49, 0xe7, 0x49, 0xc7, 0x49, 0xe7, 0x49,
    0xc7, 0x49, 0xe7, 0x49, 0xc7, 0x49, 0xe7, 0x49, 0xc7, 0x49, 0xe7, 0x49,
    0xc7, 0x49, 0xe7, 0x49, 0xc7, 0x49, 0xe7, 0x49, 0xc7, 0x49, 0xe7, 0x49,
    0xc7, 0x49, 0xe7, 0x49, 0xc7, 0x49, 0xe7, 0x49, 0xc7, 0x49, 0xe7, 0x49,
    0xc7, 0x49, 0xe7, 0x49, 0xc7, 0x49, 0xe7, 0x49, 0xc7, 0x49, 0xe7, 0x49,
    0xc7, 0x49, 0xe7, 0x49, 0xc7, 0x49, 0xe7, 0x49, 0xc7, 0x49, 0xe7, 0x49,
    0xc7, 0x49, 0xe7, 0x49, 0xc7, 0x49, 0xe7, 0x49, 0xc7, 0x49, 0xe7, 0x49,
    0xc7, 0x49, 0xe7, 0x49, 0xc7, 0x49, 0xe7, 0x49, 0xc7, 0x49, 0xe7, 0x49,
    0xc7, 0x49, 0xe7, 0x49, 0xc7, 0x49, 0xe7, 0x49, 0xc7, 0x49, 0xe7, 0x49,
    0xc7, 0x49, 0xe7, 0x49, 0xc7, 0x49, 0xe7, 0x49, 0xc7, 0x49, 0xe7, 0x49,
    0xc7, 0x49, 0xe7, 0x49, 0xc7, 0x49, 0xe7, 0x49, 0xc7, 0x49, 0xe7, 0x49,
    0xc7, 0x49, 0xe7, 0x49, 0xc7, 0x49, 0xe7, 0x49, 0xc7, 0x49, 0xe7, 0x49,
    0xc7, 0x49, 0xe7, 0x49, 0xc7, 0x49, 0xe7, 0x49, 0xc7, 0x49, 0xe7, 0x49,
    0xc7, 0x49, 0xe7, 0x49, 0xc7, 0x49, 0xe7, 0x49, 0xc7, 0x49, 0xe7, 0x49,
    0xc7, 0x49, 0xe7, 0x49, 0xc7, 0x49, 0xe7, 0x49, 0xc7, 0x49, 0xe7, 0x49,
    0xc7, 0x49, 0xe7, 0x49, 0xc7, 0x49, 0xe7, 0x49, 0xc7, 0x49, 0xe7, 0x49,
    0xc7, 0x49, 0xe7, 0x49, 0xc7, 0x49, 0xe7, 0x49, 0xc7, 0x49, 0xe7, 0x49,
    0xc7, 0x49, 0xe7, 0x49, 0xc7, 0x49, 0xe7, 0x49, 0xc7, 0x49, 0xe7, 0x49,
    0xc7, 0x49, 0xe7, 0x49, 0xc7, 0x49, 0xe7, 0x49, 0xc7, 0x49, 0xe7, 0x49,
    0xc7, 0x49, 0xe7, 0x49, 0xc7, 0x49, 0xe7, 0x49, 0xc7, 0x49, 0xe7, 0x49,
    0xe7, 0x49, 0xe7, 0x49, 0xe7, 0x49, 0xe7, 0x49, 0xe7, 0x49, 0xe7, 0x49,
    0xe7, 0x49, 0xe7, 0x49, 0xe7, 0x49, 0xe7, 0x49, 0xe7, 0x49, 0xe7, 0x49,
    0xe7, 0x49, 0xe7, 0x49, 0xe7, 0x49, 0xe7, 0x49, 0xe7, 0x49, 0xe7, 0x49,
    0xe7, 0x49, 0xe7, 0x49, 0xe7, 0x49, 0xe7, 0x49, 0xe7, 0x49, 0xe7, 0x49,
    0xe7, 0x49, 0xe7, 0x49, 0xe7, 0x49, 0xe7, 0x49, 0xe7, 0x49, 0xe7, 0x49,
    0xe7, 0x49, 0xe7, 0x49, 0xe7, 0x49, 0xe7, 0x49, 0xe7, 0x49, 0xe7, 0x49,
    0xe7, 0x49, 0xe7, 0x49, 0xe7, 0x49, 0xe7, 0x49, 0xe7, 0x49, 0xe7, 0x49,
    0xe7, 0x49, 0xe7, 0x49, 0xe7, 0x49, 0xe7, 0x49, 0xe7, 0x49, 0xe7, 0x49,
    0xe7, 0x49, 0xe7, 0x49, 0xe7, 0x49, 0xe7, 0x49, 0xe7, 0x49, 0xe7, 0x49,
    0xe7, 0x49, 0xe7, 0x49, 0xe7, 0x49, 0xe7, 0x49, 0xe7, 0x49, 0xe7, 0x49,
    0xe7, 0x49, 0xe7, 0x49, 0xe7, 0x49, 0xe7, 0x49, 0xe7, 0x49, 0xe7, 0x49,
    0xe7, 0x49, 0xe7, 0x49, 0xe7, 0x49, 0xe7, 0x49, 0xe7, 0x49, 0xe7, 0x49,
    0xe7, 0x49, 0xe7, 0x49, 0xe7, 0x49, 0xe7, 0x49, 0xe7, 0x49, 0xe7, 0x49,
    0xe7, 0x49, 0xe7, 0x49, 0xe7, 0x49, 0xe7, 0x49, 0xe7, 0x49, 0xe7, 0x49,
    0xe7, 0x49, 0xe7, 0x49, 0xe7, 0x49, 0xe7, 0x49, 0xe7, 0x49, 0xe7, 0x49,
    0xe7, 0x49, 0xe7, 0x49, 0xe7, 0x49, 0xe7, 0x49, 0xe7, 0x49, 0xe7, 0x49,
    0xe7, 0x49, 0xe7, 0x49, 0xe7, 0x49, 0xe7, 0x49, 0xe7, 0x49, 0xe7, 0x49,
    0xe7, 0x49, 0xe7, 0x49, 0xe7, 0x49, 0xe7, 0x49, 0xe7, 0x49, 0xe7, 0x49,
    0xe7, 0x49, 0xe7, 0x49, 0xe7, 0x49, 0xe7, 0x49, 0xe7, 0x49, 0xe7, 0x49,
    0xe7, 0x49, 0xe7, 0x49, 0xe7, 0x49, 0xe7, 0x49, 0xe7, 0x49, 0xe7, 0x49,
    0xe7, 0x49, 0xe7, 0x49, 0xe7, 0x49, 0xe7, 0x49, 0xe7, 0x49, 0xe7, 0x49,
    0xe7, 0x49, 0xe7, 0x49, 0xe7, 0x49, 0xe7, 0x49, 0xe7, 0x49, 0xe7, 0x49,
    0xe7, 0x49, 0xe7, 0x49, 0xe7, 0x49, 0xe7, 0x49, 0xe7, 0x49, 0xe7, 0x49,
    0xe7, 0x49, 0xe7, 0x49, 0xe7, 0x49, 0xe7, 0x49, 0xe7, 0x49, 0xe7, 0x49,
    0xe7, 0x49, 0xe7, 0x49, 0xe7, 0x49, 0xe7, 0x49, 0xe7, 0x49, 0xe7, 0x49,
    0xc7, 0x49, 0xc7, 0x49, 0xc7, 0x49, 0xc7, 0x49, 0xc7, 0x49, 0xc7, 0x49,
    0xc7, 0x49, 0xc7, 0x49, 0xc7, 0x49, 0xc7, 0x49, 0xc7, 0x49, 0xc7, 0x49,
    0xc7, 0x49, 0xc7, 0x49, 0xc7, 0x49, 0xc7, 0x49, 0xc7, 0x49, 0xc7, 0x49,
    0xc7, 0x49, 0xc7, 0x49, 0xc7, 0x49, 0xc7, 0x49, 0xc7, 0x49, 0xc7, 0x49,
    0xc7, 0x49, 0xc7, 0x49, 0xc7, 0x49, 0xc7, 0x49, 0xc7, 0x49, 0xc7, 0x49,
    0xc7, 0x49, 0xc7, 0x49, 0xc7, 0x49, 0xc7, 0x49, 0xc7, 0x49, 0xc7, 0x49,
    0xc7, 0x49, 0xc7, 0x49, 0xc7, 0x49, 0xc7, 0x49, 0xc7, 0x49, 0xc7, 0x49,
    0xc7, 0x49, 0xc7, 0x49, 0xc7, 0x49, 0xc7, 0x49, 0xc7, 0x49, 0xc7, 0x49,
    0xc7, 0x49, 0xc7, 0x49, 0xc7, 0x49, 0xc7, 0x49, 0xc7, 0x49, 0xc7, 0x49,
    0xc7, 0x49, 0xc7, 0x49, 0xc7, 0x49, 0xc7, 0x49, 0xc7, 0x49, 0xc7, 0x49,
    0xc7, 0x49, 0xc7, 0x49, 0xc7, 0x49, 0xc7, 0x49, 0xc7, 0x49, 0xc7, 0x49,
    0xc7, 0x49, 0xc7, 0x49, 0xc7, 0x49, 0xc7, 0x49, 0xc7, 0x49, 0xc7, 0x49,
    0xc7, 0x49, 0xc7, 0x49, 0xc7, 0x49, 0xc7, 0x49, 0xc7, 0x49, 0xc7, 0x49,
    0xc7, 0x49, 0xc7, 0x49, 0xc7, 0x49, 0xc7, 0x49, 0xc7, 0x49, 0xc7, 0x49,
    0xc7, 0x49, 0xc7, 0x49, 0xc7, 0x49, 0xc7, 0x49, 0xc7, 0x49, 0xc7, 0x49,
    0xc7, 0x49, 0xc7, 0x49, 0xc7, 0x49, 0xc7, 0x49, 0xc7, 0x49, 0xc7, 0x49,
    0xc7, 0x49, 0xc7, 0x49, 0xc7, 0x49, 0xc7, 0x49, 0xc7, 0x49, 0xc7, 0x49,
    0xc7, 0x49, 0xc7, 0x49, 0xc7, 0x49, 0xc7, 0x49, 0xc7, 0x49, 0xc7, 0x49,
    0xc7, 0x49, 0xc7, 0x49, 0xc7, 0x49, 0xc7, 0x49, 0xc7, 0x49, 0xc7, 0x49,
    0xc7, 0x49, 0xc7, 0x49, 0xc7, 0x49, 0xc7, 0x49, 0xc7, 0x49, 0xc7, 0x49,
    0xc7, 0x49, 0xc7, 0x49, 0xc7, 0x49, 0xc7, 0x49, 0xc7, 0x49, 0xc7, 0x49,
    0xc7, 0x49, 0xc7, 0x49, 0xc7, 0x49, 0xc7, 0x49, 0xc7, 0x49, 0xc7, 0x49,
    0xc7, 0x49, 0xc7, 0x49, 0xc7, 0x49, 0xc7, 0x49, 0xc7, 0x49, 0xc7, 0x49,
    0xc7, 0x49, 0xc7, 0x49, 0xc7, 0x49, 0xc7, 0x49, 0xc7, 0x49, 0xc7, 0x49,
    0xc7, 0x49, 0xc7, 0x49, 0xc7, 0x49, 0xc7, 0x49, 0xc7, 0x49, 0xc7, 0x49,
    0xc7, 0x49, 0xc7, 0x49, 0xc7, 0x49, 0xc7, 0x49, 0xc7, 0x49, 0xc7, 0x49,
    0xc7, 0x49, 0xc7, 0x49, 0xc7, 0x49, 0xc7, 0x49, 0xc7, 0x49, 0xc7, 0x49,
    0xc7, 0x49, 0xc7, 0x49, 0xc7, 0x49, 0xc7, 0x49, 0xc7, 0x49, 0xc7, 0x49,
    0xc7, 0x49, 0xc7, 0x49, 0xc7, 0x49, 0xc7, 0x49, 0xc7, 0x49, 0xc7, 0x49,
    0xc7, 0x49, 0xc7, 0x49, 0xc7, 0x49, 0xc7, 0x49, 0xc7, 0x49, 0xc7, 0x49,
    0xc7, 0x49, 0xc7, 0x49, 0xc7, 0x49, 0xc7, 0x49, 0xc7, 0x49, 0xc7, 0x49,
    0xc7, 0x49, 0xc7, 0x49, 0xc7, 0x49, 0xc7, 0x49, 0xc7, 0x49, 0xc7, 0x49,
    0xc7, 0x49, 0xc7, 0x49, 0xc7, 0x49, 0xc7, 0x49, 0xc7, 0x49, 0xc7, 0x49,
    0xc7, 0x49, 0xc7, 0x49, 0xc7, 0x49, 0xc7, 0x49, 0xc7, 0x49, 0xc7, 0x49,
    0xc7, 0x49, 0xc7, 0x49, 0xc7, 0x49, 0xc7, 0x49, 0xc7, 0x49, 0xc7, 0x49,
    0xc7, 0x49, 0xc7, 0x49, 0xc7, 0x49, 0xc7, 0x49, 0xc7, 0x49, 0xc7, 0x49,
    0xc7, 0x49, 0xc7, 0x49, 0xc7, 0x49, 0xc7, 0x49, 0xc7, 0x49, 0xc7, 0x49,
    0xc7, 0x49, 0xc7, 0x49, 0xc7, 0x49, 0xc7, 0x49, 0xc7, 0x49, 0xc7, 0x49,
    0xc7, 0x49, 0xc7, 0x49, 0xc7, 0x49, 0xc7, 0x49, 0xc7, 0x49, 0xc7, 0x49,
    0xc7, 0x49, 0xc7, 0x49, 0xc7, 0x49, 0xc7, 0x49, 0xc7, 0x49, 0xc7, 0x49,
    0xc7, 0x49, 0xc7, 0x49, 0xc7, 0x49, 0xc7, 0x49, 0xc7, 0x49, 0xc7, 0x49,
    0xc7, 0x49, 0xc7, 0x49, 0xc7, 0x49, 0xc7, 0x49, 0xc7, 0x49, 0xc7, 0x49,
    0xc7, 0x49, 0xc7, 0x49, 0xc7, 0x49, 0xc7, 0x49, 0xc7, 0x49, 0xc7, 0x49,
    0xc7, 0x49, 0xc7, 0x49, 0xc7, 0x49, 0xc7, 0x49, 0xc7, 0x49, 0xc7, 0x49,
    0xc7, 0x49, 0xc7, 0x49, 0xc7, 0x49, 0xc7, 0x49, 0xc7, 0x49, 0xc7, 0x49,
    0xc7, 0x49, 0xc7, 0x49, 0xc7, 0x49, 0xc7, 0x49, 0xc7, 0x49, 0xc7, 0x49,
    0xc7, 0x49, 0xc7, 0x49, 0xc7, 0x49, 0xc7, 0x49, 0xc7, 0x49, 0xc7, 0x49,
    0xc7, 0x49, 0xc7, 0x49, 0xc7, 0x49, 0xc7, 0x49, 0xc7, 0x49, 0xc7, 0x49,
    0xc7, 0x49, 0xc7, 0x49, 0xc7, 0x49, 0xc7, 0x49, 0xc7, 0x49, 0xc7, 0x49,
    0xc7, 0x49, 0xc7, 0x49, 0xc7, 0x49, 0xc7, 0x49, 0xc7, 0x49, 0xc7, 0x49,
    0xc7, 0x49, 0xc7, 0x49, 0xc7, 0x49, 0xc7, 0x49, 0xc7, 0x49, 0xc7, 0x49,
    0xc7, 0x49, 0xc7, 0x49, 0xc7, 0x49, 0xc7, 0x49, 0xc7, 0x49, 0xc7, 0x49,
    0xc7, 0x49, 0xc7, 0x49, 0xc7, 0x49, 0xc7, 0x49, 0xc7, 0x49, 0xc7, 0x49,
    0xc7, 0x49, 0xc7, 0x49, 0xc7, 0x49, 0xc7, 0x49, 0xc7, 0x49, 0xc7, 0x49,
    0xc7, 0x49, 0xc7, 0x49, 0xc7, 0x49, 0xc7, 0x49, 0xc7, 0x49, 0xc7, 0x49,
    0xc7, 0x49, 0xc7, 0x49, 0xc7, 0x49, 0xc7, 0x49, 0xc7, 0x49, 0xc7, 0x49,
    0xc7, 0x49, 0xc7, 0x49, 0xc7, 0x49, 0xc7, 0x49, 0xc7, 0x49, 0xc7, 0x49,
    0xc7, 0x49, 0xc7, 0x49, 0xc7, 0x49, 0xc7, 0x49, 0xc7, 0x49, 0xc7, 0x49,
    0xc7, 0x49, 0xc7, 0x49, 0xc7, 0x49, 0xc7, 0x49, 0xc7, 0x49, 0xc7, 0x49,
    0xc7, 0x49, 0xc7, 0x49, 0xc7, 0x49, 0xc7, 0x49, 0xc7, 0x49, 0xc7, 0x49,
    0xc7, 0x49, 0xc7, 0x49, 0xc7, 0x49, 0xc7, 0x49, 0xc7, 0x49, 0xc7, 0x49,
    0xc7, 0x49, 0xc7, 0x49, 0xc7, 0x49, 0xc7, 0x49, 0xc7, 0x49, 0xc7, 0x49,
    0xc7, 0x49, 0xc7, 0x49, 0xc7, 0x49, 0xc7, 0x49, 0xc7, 0x49, 0xc7, 0x49,
    0xc7, 0x49, 0xc7, 0x49, 0xc7, 0x49, 0xc7, 0x49, 0xc7, 0x49, 0xc7, 0x49,
    0xc7, 0x49, 0xc7, 0x49, 0xc7, 0x49, 0xc7, 0x49, 0xc7, 0x49, 0xc7, 0x49,
    0xc7, 0x49, 0xc7, 0x49, 0xc7, 0x49, 0xc7, 0x49, 0xc7, 0x49, 0xc7, 0x49,
    0xc7, 0x49, 0xc7, 0x49, 0xc7, 0x49, 0xc7, 0x49, 0xc7, 0x49, 0xc7, 0x49,
    0xc7, 0x49, 0xc7, 0x49, 0xc7, 0x49, 0xc7, 0x49, 0xc7, 0x49, 0xc7, 0x49,
    0xc7, 0x49, 0xc7, 0x49, 0xc7, 0x49, 0xc7, 0x49, 0xc7, 0x49, 0xc7, 0x49,
    0xc7, 0x49, 0xc7, 0x49, 0xc7, 0x49, 0xc7, 0x49, 0xc7, 0x49, 0xc7, 0x49,
    0xc7, 0x49, 0xc7, 0x49, 0xc7, 0x49, 0xc7, 0x49, 0xc7, 0x49, 0xc7, 0x49,
    0xc7, 0x49, 0xc7, 0x49, 0xc7, 0x49, 0xc7, 0x49, 0xc7, 0x49, 0xc7, 0x49,
    0xc7, 0x49, 0xc7, 0x49, 0xc7, 0x49, 0xc7, 0x49, 0xc7, 0x49, 0xc7, 0x49,
    0xc7, 0x49, 0xc7, 0x49, 0xc7, 0x49, 0xc7, 0x49, 0xc7, 0x49, 0xc7, 0x49,
    0xc7, 0x49, 0xc7, 0x49, 0xc7, 0x49, 0xc7, 0x49, 0xc7, 0x49, 0xc7, 0x49,
    0xc7, 0x49, 0xc7, 0x49, 0xc7, 0x49, 0xc7, 0x49, 0xc7, 0x49, 0xc7, 0x49,
    0xc7, 0x49, 0xc7, 0x49, 0xc7, 0x49, 0xc7, 0x49, 0xc7, 0x49, 0xc7, 0x49,
    0xc7, 0x49, 0xc7, 0x49, 0xc7, 0x49, 0xc7, 0x49, 0xc7, 0x49, 0xc7, 0x49,
    0xc7, 0x49, 0xc7, 0x49, 0xc7, 0x49, 0xc7, 0x49, 0xc7, 0x49, 0xc7, 0x49,
    0xc7, 0x49, 0xc7, 0x49, 0xc7, 0x49, 0xc7, 0x49, 0xc7, 0x49, 0xc7, 0x49,
    0xc7, 0x49, 0xc7, 0x49, 0xc7, 0x49, 0xc7, 0x49, 0xc7, 0x49, 0xc7, 0x49,
    0xc7, 0x49, 0xc7, 0x49, 0xc7, 0x49, 0xc7, 0x49, 0xc7, 0x49, 0xc7, 0x49,
    0xc7, 0x49, 0xc7, 0x49, 0xc7, 0x49, 0xc7, 0x49, 0xc7, 0x49, 0xc7, 0x49,
    0xc7, 0x49, 0xc7, 0x49, 0xc7, 0x49, 0xc7, 0x49, 0xc7, 0x49, 0xc7, 0x49,
    0xc7, 0x49, 0xc7, 0x49, 0xc7, 0x49, 0xc7, 0x49, 0xc7, 0x49, 0xc7, 0x49,
    0xc7, 0x49, 0xc7, 0x49, 0xc7, 0x49, 0xc7, 0x49, 0xc7, 0x49, 0xc7, 0x49,
    0xc7, 0x49, 0xc7, 0x49, 0xc7, 0x49, 0xc7, 0x49, 0xc7, 0x49, 0xc7, 0x49,
    0xc7, 0x49, 0xc7, 0x49, 0xc7, 0x49, 0xc7, 0x49, 0xc7, 0x49, 0xc7, 0x49,
    0xc7, 0x49, 0xc7, 0x49, 0xc7, 0x49, 0xc7, 0x49, 0xc7, 0x49, 0xc7, 0x49,
    0xc7, 0x49, 0xc7, 0x49, 0xc7, 0x49, 0xc7, 0x49, 0xc7, 0x49, 0xc7, 0x49,
    0xc7, 0x49, 0xc7, 0x49, 0xc7, 0x49, 0xc7, 0x49, 0xc7, 0x49, 0xc7, 0x49,
    0xc7, 0x49, 0xc7, 0x49, 0xc7, 0x49, 0xc7, 0x49, 0xc7, 0x49, 0xc7, 0x49,
    0xc7, 0x49, 0xc7, 0x49, 0xc7, 0x49, 0xc7, 0x49, 0xc7, 0x49, 0xc7, 0x49,
    0xc7, 0x49, 0xc7, 0x49, 0xc7, 0x49, 0xc7, 0x49, 0xc7, 0x49, 0xc7, 0x49,
    0xc7, 0x49, 0xc7, 0x49, 0xc7, 0x49, 0xc7, 0x49, 0xc7, 0x49, 0xc7, 0x49,
    0xc7, 0x49, 0xc7, 0x49, 0xc7, 0x49, 0xc7, 0x49, 0xc7, 0x49, 0xc7, 0x49,
    0xc7, 0x49, 0xc7, 0x49, 0xc7, 0x49, 0xc7, 0x49, 0xc7, 0x49, 0xc7, 0x49,
    0xc7, 0x49, 0xc7, 0x49, 0xc7, 0x49, 0xc7, 0x49, 0xc7, 0x49, 0xc7, 0x49,
    0xc7, 0x49, 0xc7, 0x49, 0xc7, 0x49, 0xc7, 0x49, 0xc7, 0x49, 0xc7, 0x49,
    0xc7, 0x49, 0xc7, 0x49, 0xc7, 0x49, 0xc7, 0x49, 0xc7, 0x49, 0xc7, 0x49,
    0xc7, 0x49, 0xc7, 0x49, 0xc7, 0x49, 0xc7, 0x49, 0xc7, 0x49, 0xc7, 0x49,
    0xc7, 0x49, 0xc7, 0x49, 0xc7, 0x49, 0xc7, 0x49, 0xc7, 0x49, 0xc7, 0x49,
    0xc7, 0x49, 0xc7, 0x49, 0xc7, 0x49, 0xc7, 0x49, 0xc7, 0x49, 0xc7, 0x49,
    0xc7, 0x49, 0xc7, 0x49, 0xc7, 0x49, 0xc7, 0x49, 0xc7, 0x49, 0xc7, 0x49,
    0xc7, 0x49, 0xc7, 0x49, 0xc7, 0x49, 0xc7, 0x49, 0xc7, 0x49, 0xc7, 0x49,
    0xc7, 0x49, 0xc7, 0x49, 0xc7, 0x49, 0xc7, 0x49, 0xc7, 0x49, 0xc7, 0x49,
    0xc7, 0x49, 0xc7, 0x49, 0xc7, 0x49, 0xc7, 0x49, 0xc7, 0x49, 0xc7, 0x49,
    0xc7, 0x49, 0xc7, 0x49, 0xc7, 0x49, 0xc7, 0x49, 0xc7, 0x49, 0xc7, 0x49,
    0xc7, 0x49, 0xc7, 0x49, 0xc7, 0x49, 0xc7, 0x49, 0xc7, 0x49, 0xc7, 0x49,
    0xc7, 0x49, 0xc7, 0x49, 0xc7, 0x49, 0xc7, 0x49, 0xc7, 0x49, 0xc7, 0x49,
    0xc7, 0x49, 0xc7, 0x49, 0xc7, 0x49, 0xc7, 0x49, 0xc7, 0x49, 0xc7, 0x49,
    0xc7, 0x49, 0xc7, 0x49, 0xc7, 0x49, 0xc7, 0x49, 0xc7, 0x49, 0xc7, 0x49,
    0xc7, 0x49, 0xc7, 0x49, 0xc7, 0x49, 0xc7, 0x49, 0xc7, 0x49, 0xc7, 0x49,
    0xc7, 0x49, 0xc7, 0x49, 0xc7, 0x49, 0xc7, 0x49, 0xc7, 0x49, 0xc7, 0x49,
    0xc7, 0x49, 0xc7, 0x49, 0xc7, 0x49, 0xc7, 0x49, 0xc7, 0x49, 0xc7, 0x49,
    0xc7, 0x49, 0xc7, 0x49, 0xc7, 0x49, 0xc7, 0x49, 0xc7, 0x49, 0xc7, 0x49,
    0xc7, 0x49, 0xc7, 0x49, 0xc7, 0x49, 0xc7, 0x49, 0xc7, 0x49, 0xc7, 0x49,
    0xc7, 0x49, 0xc7, 0x49, 0xc7, 0x49, 0xc7, 0x49, 0xc7, 0x49, 0xc7, 0x49,
    0xc7, 0x49, 0xc7, 0x49, 0xc7, 0x49, 0xc7, 0x49, 0xc7, 0x49, 0xc7, 0x49,
    0xc7, 0x49, 0xc7, 0x49, 0xc7, 0x49, 0xc7, 0x49, 0xc7, 0x49, 0xc7, 0x49,
    0xc7, 0x49, 0xc7, 0x49, 0xc7, 0x49, 0xc7, 0x49, 0xc7, 0x49, 0xc7, 0x49,
    0xc7, 0x49, 0xc7, 0x49, 0xc7, 0x49, 0xc7, 0x49, 0xc7, 0x49, 0xc7, 0x49,
    0xc7, 0x49, 0xc7, 0x49, 0xc7, 0x49, 0xc7, 0x49, 0xc7, 0x49, 0xc7, 0x49,
    0xc7, 0x49, 0xc7, 0x49, 0xc7, 0x49, 0xc7, 0x49, 0xc7, 0x49, 0xc7, 0x49,
    0xc7, 0x49, 0xc7, 0x49, 0xc7, 0x49, 0xc7, 0x49, 0xc7, 0x49, 0xc7, 0x49,
    0xc7, 0x49, 0xc7, 0x49, 0xc7, 0x49, 0xc7, 0x49, 0xc7, 0x49, 0xc7, 0x49,
    0xc7, 0x49, 0xc7, 0x49, 0xc7, 0x49, 0xc7, 0x49, 0xc7, 0x49, 0xc7, 0x49,
    0xc7, 0x49, 0xc7, 0x49, 0xc7, 0x49, 0xc7, 0x49, 0xc7, 0x49, 0xc7, 0x49,
    0xc7, 0x49, 0xc7, 0x49, 0xc7, 0x49, 0xc7, 0x49, 0xc7, 0x49, 0xc7, 0x49,
    0xc7, 0x49, 0xc7, 0x49, 0xc7, 0x49, 0xc7, 0x49, 0xc7, 0x49, 0xc7, 0x49,
    0xc7, 0x49, 0xc7, 0x49, 0xc7, 0x49, 0xc7, 0x49, 0xc7, 0x49, 0xc7, 0x49,
    0xc7, 0x49, 0xc7, 0x49, 0xc7, 0x49, 0xc7, 0x49, 0xc7, 0x49, 0xc7, 0x49,
    0xc7, 0x49, 0xc7, 0x49, 0xc7, 0x49, 0xc7, 0x49, 0xc7, 0x49, 0xc7, 0x49,
    0xc7, 0x49, 0xc7, 0x49, 0xc7, 0x49, 0xc7, 0x49, 0xc7, 0x49, 0xc7, 0x49,
    0xc7, 0x49, 0xc7, 0x49, 0xc7, 0x49, 0xc7, 0x49, 0xc7, 0x49, 0xc7, 0x49,
    0xc7, 0x49, 0xc7, 0x49, 0xc7, 0x49, 0xc7, 0x49, 0xc7, 0x49, 0xc7, 0x49,
    0xc7, 0x49, 0xc7, 0x49, 0xc7, 0x49, 0xc7, 0x49, 0xc7, 0x49, 0xc7, 0x49,
    0xc7, 0x49, 0xc7, 0x49, 0xc7, 0x49, 0xc7, 0x49, 0xc7, 0x49, 0xc7, 0x49,
    0xc7, 0x49, 0xc7, 0x49, 0xc7, 0x49, 0xc7, 0x49, 0xc7, 0x49, 0xc7, 0x49,
    0xc7, 0x49, 0xc7, 0x49, 0xc7, 0x49, 0xc7, 0x49, 0xc7, 0x49, 0xc7, 0x49,
    0xc7, 0x49, 0xc7, 0x49, 0xc7, 0x49, 0xc7, 0x49, 0xc7, 0x49, 0xc7, 0x49,
    0xc7, 0x49, 0xc7, 0x49, 0xc7, 0x49, 0xc7, 0x49, 0xc7, 0x49, 0xc7, 0x49,
    0xc7, 0x49, 0xc7, 0x49, 0xc7, 0x49, 0xc7, 0x49, 0xc7, 0x49, 0xc7, 0x49,
    0xc7, 0x49, 0xc7, 0x49, 0xc7, 0x49, 0xc7, 0x49, 0xc7, 0x49, 0xc7, 0x49,
    0xc7, 0x49, 0xc7, 0x49, 0xc7, 0x49, 0xc7, 0x49, 0xc7, 0x49, 0xc7, 0x49,
    0xc7, 0x49, 0xc7, 0x49, 0xc7, 0x49, 0xc7, 0x49, 0xc7, 0x49, 0xc7, 0x49,
    0xc7, 0x49, 0xc7, 0x49, 0xc7, 0x49, 0xc7, 0x49, 0xc7, 0x49, 0xc7, 0x49,
    0xc7, 0x49, 0xc7, 0x49, 0xc7, 0x49, 0xc7, 0x49, 0xc7, 0x49, 0xc7, 0x49,
    0xc7, 0x49, 0xc7, 0x49, 0xc7, 0x49, 0xc7, 0x49, 0xc7, 0x49, 0xc7, 0x49,
    0xc7, 0x49, 0xc7, 0x49, 0xc7, 0x49, 0xc7, 0x49, 0xc7, 0x49, 0xc7, 0x49,
    0xc7, 0x49, 0xc7, 0x49, 0xc7, 0x49, 0xc7, 0x49, 0xc7, 0x49, 0xc7, 0x49,
    0xc7, 0x49, 0xc7, 0x49, 0xc7, 0x49, 0xc7, 0x49, 0xc7, 0x49, 0xc7, 0x49,
    0xc7, 0x49, 0xc7, 0x49, 0xc7, 0x49, 0xc7, 0x49, 0xc7, 0x49, 0xc7, 0x49,
    0xc7, 0x49, 0xc7, 0x49, 0xc7, 0x49, 0xc7, 0x49, 0xc7, 0x49, 0xc7, 0x49,
    0xc7, 0x49, 0xc7, 0x49, 0xc7, 0x49, 0xc7, 0x49, 0xc7, 0x49, 0xc7, 0x49,
    0xc7, 0x49, 0xc7, 0x49, 0xc7, 0x49, 0xc7, 0x49, 0xc7, 0x49, 0xc7, 0x49,
    0xc7, 0x49, 0xc7, 0x49, 0xc7, 0x49, 0xc7, 0x49, 0xc7, 0x49, 0xc7, 0x49,
    0xc7, 0x49, 0xc7, 0x49, 0xc7, 0x49, 0xc7, 0x49, 0xc7, 0x49, 0xc7, 0x49,
    0xc7, 0x49, 0xc7, 0x49, 0xc7, 0x49, 0xc7, 0x49, 0xc7, 0x49, 0xc7, 0x49,
    0xc7, 0x49, 0xc7, 0x49, 0xc7, 0x49, 0xc7, 0x49, 0xc7, 0x49, 0xc7, 0x49,
    0xc7, 0x49, 0xc7, 0x49, 0xc7, 0x49, 0xc7, 0x49, 0xc7, 0x49, 0xc7, 0x49,
    0xc7, 0x49, 0xc7, 0x49, 0xc7, 0x49, 0xc7, 0x49, 0xc7, 0x49, 0xc7, 0x49,
    0xc7, 0x49, 0xc7, 0x49, 0xc7, 0x49, 0xc7, 0x49, 0xc7, 0x49, 0xc7, 0x49,
    0xc7, 0x49, 0xc7, 0x49, 0xc7, 0x49, 0xc7, 0x49, 0xc7, 0x49, 0xc7, 0x49,
    0xc7, 0x49, 0xc7, 0x49, 0xc7, 0x49, 0xc7, 0x49, 0xc7, 0x49, 0xc7, 0x49,
    0xc7, 0x49, 0xc7, 0x49, 0xc7, 0x49, 0xc7, 0x49, 0xc7, 0x49, 0xc7, 0x49,
    0xc7, 0x49, 0xc7, 0x49, 0xc7, 0x49, 0xc7, 0x49, 0xc7, 0x49, 0xc7, 0x49,
    0xc7, 0x49, 0xc7, 0x49, 0xc7, 0x49, 0xc7, 0x49, 0xc7, 0x49, 0xc7, 0x49,
    0xc7, 0x49, 0xc7, 0x49, 0xc7, 0x49, 0xc7, 0x49, 0xc7, 0x49, 0xc7, 0x49,
    0xc7, 0x49, 0xc7, 0x49, 0xc7, 0x49, 0xc7, 0x49, 0xc7, 0x49, 0xc7, 0x49,
    0xc7, 0x49, 0xc7, 0x49, 0xc7, 0x49, 0xc7, 0x49, 0xc7, 0x49, 0xc7, 0x49,
    0xc7, 0x49, 0xc7, 0x49, 0xc7, 0x49, 0xc7, 0x49, 0xc7, 0x49, 0xc7, 0x49,
    0xc7, 0x49, 0xc7, 0x49, 0xc7, 0x49, 0xc7, 0x49, 0xc7, 0x49, 0xc7, 0x49,
    0xc7, 0x49, 0xc7, 0x49, 0xc7, 0x49, 0xc7, 0x49, 0xc7, 0x49, 0xc7, 0x49,
    0xc7, 0x49, 0xc7, 0x49, 0xc7, 0x49, 0xc7, 0x49, 0xc7, 0x49, 0xc7, 0x49,
    0xc7, 0x49, 0xc7, 0x49, 0xc7, 0x49, 0xc7, 0x49, 0xc7, 0x49, 0xc7, 0x49,
    0xc7, 0x49, 0xc7, 0x49, 0xc7, 0x49, 0xc7, 0x49, 0xc7, 0x49, 0xc7, 0x49,
    0xc7, 0x49, 0xc7, 0x49, 0xc7, 0x49, 0xc7, 0x49, 0xc7, 0x49, 0xc7, 0x49,
    0xc7, 0x49, 0xc7, 0x49, 0xc7, 0x49, 0xc7, 0x49, 0xc7, 0x49, 0xc7, 0x49,
    0xc7, 0x49, 0xc7, 0x49, 0xc7, 0x49, 0xc7, 0x49, 0xc7, 0x49, 0xc7, 0x49,
    0xc7, 0x49, 0xc7, 0x49, 0xc7, 0x49, 0xc7, 0x49, 0xc7, 0x49, 0xc7, 0x49,
    0xc7, 0x49, 0xc7, 0x49, 0xc7, 0x49, 0xc7, 0x49, 0xc7, 0x49, 0xc7, 0x49,
    0xc7, 0x49, 0xc7, 0x49, 0xc7, 0x49, 0xc7, 0x49, 0xc7, 0x49, 0xc7, 0x49,
    0xc7, 0x49, 0xc7, 0x49, 0xc7, 0x49, 0xc7, 0x49, 0xc7, 0x49, 0xc7, 0x49,
    0xc7, 0x49, 0xc7, 0x49, 0xc7, 0x49, 0xc7, 0x49, 0xc7, 0x49, 0xc7, 0x49,
    0xc7, 0x49, 0xc7, 0x49, 0xc7, 0x49, 0xc7, 0x49, 0xc7, 0x49, 0xc7, 0x49,
    0xc7, 0x49, 0xc7, 0x49, 0xc7, 0x49, 0xc7, 0x49, 0xc7, 0x49, 0xc7, 0x49,
    0xc7, 0x49, 0xc7, 0x49, 0xc7, 0x49, 0xc7, 0x49, 0xc7, 0x49, 0xc7, 0x49,
    0xc7, 0x49, 0xc7, 0x49, 0xc7, 0x49, 0xc7, 0x49, 0xc7, 0x49, 0xc7, 0x49,
    0xc7, 0x49, 0xc7, 0x49, 0xc7, 0x49, 0xc7, 0x49, 0xc7, 0x49, 0xc7, 0x49,
    0xc7, 0x49, 0xc7, 0x49, 0xc7, 0x49, 0xc7, 0x49, 0xc7, 0x49, 0xc7, 0x49,
    0xc7, 0x49, 0xc7, 0x49, 0xc7, 0x49, 0xc7, 0x49, 0xc7, 0x49, 0xc7, 0x49,
    0xc7, 0x49, 0xc7, 0x49, 0xc7, 0x49, 0xc7, 0x49, 0xc7, 0x49, 0xc7, 0x49,
    0xc7, 0x49, 0xc7, 0x49, 0xc7, 0x49, 0xc7, 0x49, 0xc7, 0x49, 0xc7, 0x49,
    0xc7, 0x49, 0xc7, 0x49, 0xc7, 0x49, 0xc7, 0x49, 0xc7, 0x49, 0xc7, 0x49,
    0xc7, 0x49, 0xc7, 0x49, 0xc7, 0x49, 0xc7, 0x49, 0xc7, 0x49, 0xc7, 0x49,
    0xc7, 0x49, 0xc7, 0x49, 0xc7, 0x49, 0xc7, 0x49, 0xc7, 0x49, 0xc7, 0x49,
    0xc7, 0x49, 0xc7, 0x49, 0xc7, 0x49, 0xc7, 0x49, 0xc7, 0x49, 0xc7, 0x49,
    0xc7, 0x49, 0xc7, 0x49, 0xc7, 0x49, 0xc7, 0x49, 0xc7, 0x49, 0xc7, 0x49,
    0xc7, 0x49, 0xc7, 0x49, 0xc7, 0x49, 0xc7, 0x49, 0xc7, 0x49, 0xc7, 0x49,
    0xc7, 0x49, 0xc7, 0x49, 0xc7, 0x49, 0xc7, 0x49, 0xc7, 0x49, 0xc7, 0x49,
    0xc7, 0x49, 0xc7, 0x49, 0xc7, 0x49, 0xc7, 0x49, 0xc7, 0x49, 0xc7, 0x49,
    0xc7, 0x49, 0xc7, 0x49, 0xc7, 0x49, 0xc7, 0x49, 0xc7, 0x49, 0xc7, 0x49,
    0xc7, 0x49, 0xc7, 0x49, 0xc7, 0x49, 0xc7, 0x49, 0xc7, 0x49, 0xc7, 0x49,
    0xc7, 0x49, 0xc7, 0x49, 0xc7, 0x49, 0xc7, 0x49, 0xc7, 0x49, 0xc7, 0x49,
    0xc7, 0x49, 0xc7, 0x49, 0xc7, 0x49, 0xc7, 0x49, 0xc7, 0x49, 0xc7, 0x49,
    0xc7, 0x49, 0xc7, 0x49, 0xc7, 0x49, 0xc7, 0x49, 0xc7, 0x49, 0xc7, 0x49,
    0xc7, 0x49, 0xc7, 0x49, 0xc7, 0x49, 0xc7, 0x49, 0xc7, 0x49, 0xc7, 0x49,
    0xc7, 0x49, 0xc7, 0x49, 0xc7, 0x49, 0xc7, 0x49, 0xc7, 0x49, 0xc7, 0x49,
    0xc7, 0x49, 0xc7, 0x49, 0xc7, 0x49, 0xc7, 0x49, 0xc7, 0x49, 0xc7, 0x49,
    0xc7, 0x49, 0xc7, 0x49, 0xc7, 0x49, 0xc7, 0x49, 0xc7, 0x49, 0xc7, 0x49,
    0xc7, 0x49, 0xc7, 0x49, 0xc7, 0x49, 0xc7, 0x49, 0xc7, 0x49, 0xc7, 0x49,
    0xc7, 0x49, 0xc7, 0x49, 0xc7, 0x49, 0xc7, 0x49, 0xc7, 0x49, 0xc7, 0x49,
    0xc7, 0x49, 0xc7, 0x49, 0xc7, 0x49, 0xc7, 0x49, 0xc7, 0x49, 0xc7, 0x49,
    0xc7, 0x49, 0xc7, 0x49, 0xc7, 0x49, 0xc7, 0x49, 0xc7, 0x49, 0xc7, 0x49,
    0xc7, 0x49, 0xc7, 0x49, 0xc7, 0x49, 0xc7, 0x49, 0xc7, 0x49, 0xc7, 0x49,
    0xc7, 0x49, 0xc7, 0x49, 0xc7, 0x49, 0xc7, 0x49, 0xc7, 0x49, 0xc7, 0x49,
    0xc7, 0x49, 0xc7, 0x49, 0xc7, 0x49, 0xc7, 0x49, 0xc7, 0x49, 0xc7, 0x49,
    0xc7, 0x49, 0xc7, 0x49, 0xc7, 0x49, 0xc7, 0x49, 0xc7, 0x49, 0xc7, 0x49,
    0xc7, 0x49, 0xc7, 0x49, 0xc7, 0x49, 0xc7, 0x49, 0xc7, 0x49, 0xc7, 0x49,
    0xc7, 0x49, 0xc7, 0x49, 0xc7, 0x49, 0xc7, 0x49, 0xc7, 0x49, 0xc7, 0x49,
    0xc7, 0x49, 0xc7, 0x49, 0xc7, 0x49, 0xc7, 0x49, 0xc7, 0x49, 0xc7, 0x49,
    0xc7, 0x49, 0xc7, 0x49, 0xc7, 0x49, 0xc7, 0x49, 0xc7, 0x49, 0xc7, 0x49,
    0xc7, 0x49, 0xc7, 0x49, 0xc7, 0x49, 0xc7, 0x49, 0xc7, 0x49, 0xc7, 0x49,
    0xc7, 0x49, 0xc7, 0x49, 0xc7, 0x49, 0xc7, 0x49, 0xc7, 0x49, 0xc7, 0x49,
    0xc7, 0x49, 0xc7, 0x49, 0xc7, 0x49, 0xc7, 0x49, 0xc7, 0x49, 0xc7, 0x49,
    0xc7, 0x49, 0xc7, 0x49, 0xc7, 0x49, 0xc7, 0x49, 0xc7, 0x49, 0xc7, 0x49,
    0xc7, 0x49, 0xc7, 0x49, 0xc7, 0x49, 0xc7, 0x49, 0xc7, 0x49, 0xc7, 0x49,
    0xc7, 0x49, 0xc7, 0x49, 0xc7, 0x49, 0xc7, 0x49, 0xc7, 0x49, 0xc7, 0x49,
    0xc7, 0x49, 0xc7, 0x49, 0xc7, 0x49, 0xc7, 0x49, 0xc7, 0x49, 0xc7, 0x49,
    0xc7, 0x49, 0xc7, 0x49, 0xc7, 0x49, 0xc7, 0x49, 0xc7, 0x49, 0xc7, 0x49,
    0xc7, 0x49, 0xc7, 0x49, 0xc7, 0x49, 0xc7, 0x49, 0xc7, 0x49, 0xc7, 0x49,
    0xc7, 0x49, 0xc7, 0x49, 0xc7, 0x49, 0xc7, 0x49, 0xc7, 0x49, 0xc7, 0x49,
    0xc7, 0x49, 0xc7, 0x49, 0xc7, 0x49, 0xc7, 0x49, 0xc7, 0x49, 0xc7, 0x49,
    0xc7, 0x49, 0xc7, 0x49, 0xc7, 0x49, 0xc7, 0x49, 0xc7, 0x49, 0xc7, 0x49,
    0xc7, 0x49, 0xc7, 0x49, 0xc7, 0x49, 0xc7, 0x49, 0xc7, 0x49, 0xc7, 0x49,
    0xc7, 0x49, 0xc7, 0x49, 0xc7, 0x49, 0xc7, 0x49, 0xc7, 0x49, 0xc7, 0x49,
    0xc7, 0x49, 0xc7, 0x49, 0xc7, 0x49, 0xc7, 0x49, 0xc7, 0x49, 0xc7, 0x49,
    0xc7, 0x49, 0xc7, 0x49, 0xc7, 0x49, 0xc7, 0x49, 0xc7, 0x49, 0xc7, 0x49,
    0xc7, 0x49, 0xc7, 0x49, 0xc7, 0x49, 0xc7, 0x49, 0xc7, 0x49, 0xc7, 0x49,
    0xc7, 0x49, 0xc7, 0x49, 0xc7, 0x49, 0xc7, 0x49, 0xc7, 0x49, 0xc7, 0x49,
    0xc7, 0x49, 0xc7, 0x49, 0xc7, 0x49, 0xc7, 0x49, 0xc7, 0x49, 0xc7, 0x49,
    0xc7, 0x49, 0xc7, 0x49, 0xc7, 0x49, 0xc7, 0x49, 0xc7, 0x49, 0xc7, 0x49,
    0xc7, 0x49, 0xc7, 0x49, 0xc7, 0x49, 0xc7, 0x49, 0xc7, 0x49, 0xc7, 0x49,
    0xc7, 0x49, 0xc7, 0x49, 0xc7, 0x49, 0xc7, 0x49, 0xc7, 0x49, 0xc7, 0x49,
    0xc7, 0x49, 0xc7, 0x49, 0xc7, 0x49, 0xc7, 0x49, 0xc7, 0x49, 0xc7, 0x49,
    0xc7, 0x49, 0xc7, 0x49, 0xc7, 0x49, 0xc7, 0x49, 0xc7, 0x49, 0xc7, 0x49,
    0xc7, 0x49, 0xc7, 0x49, 0xc7, 0x49, 0xc7, 0x49, 0xc7, 0x49, 0xc7, 0x49,
    0xc7, 0x49, 0xc7, 0x49, 0xc7, 0x49, 0xc7, 0x49, 0xc7, 0x49, 0xc7, 0x49,
    0xc7, 0x49, 0xc7, 0x49, 0xc7, 0x49, 0xc7, 0x49, 0xc7, 0x49, 0xc7, 0x49,
    0xc7, 0x49, 0xc7, 0x49, 0xc7, 0x49, 0xc7, 0x49, 0xc7, 0x49, 0xc7, 0x49,
    0xc7, 0x49, 0xc7, 0x49, 0xc7, 0x49, 0xc7, 0x49, 0xc7, 0x49, 0xc7, 0x49,
    0xc7, 0x49, 0xc7, 0x49, 0xc7, 0x49, 0xc7, 0x49, 0xc7, 0x49, 0xc7, 0x49,
    0xc7, 0x49, 0xc7, 0x49, 0xc7, 0x49, 0xc7, 0x49, 0xc7, 0x49, 0xc7, 0x49,
    0xc7, 0x49, 0xc7, 0x49, 0xc7, 0x49, 0xc7, 0x49, 0xc7, 0x49, 0xc7, 0x49,
    0xc7, 0x49, 0xc7, 0x49, 0xc7, 0x49, 0xc7, 0x49, 0xc7, 0x49, 0xc7, 0x49,
    0xc7, 0x49, 0xc7, 0x49, 0xc7, 0x49, 0xc7, 0x49, 0xc7, 0x49, 0xc7, 0x49,
    0xc7, 0x49, 0xc7, 0x49, 0xc7, 0x49, 0xc7, 0x49, 0xc7, 0x49, 0xc7, 0x49,
    0xc7, 0x49, 0xc7, 0x49, 0xc7, 0x49, 0xc7, 0x49, 0xc7, 0x49, 0xc7, 0x49,
    0xc7, 0x49, 0xc7, 0x49, 0xc7, 0x49, 0xc7, 0x49, 0xc7, 0x49, 0xc7, 0x49,
    0xc7, 0x49, 0xc7, 0x49, 0xc7, 0x49, 0xc7, 0x49, 0xc7, 0x49, 0xc7, 0x49,
    0xc7, 0x49, 0xc7, 0x49, 0xc7, 0x49, 0xc7, 0x49, 0xc7, 0x49, 0xc7, 0x49,
    0xc7, 0x49, 0xc7, 0x49, 0xc7, 0x49, 0xc7, 0x49, 0xc7, 0x49, 0xc7, 0x49,
    0xc7, 0x49, 0xc7, 0x49, 0xc7, 0x49, 0xc7, 0x49, 0xc7, 0x49, 0xc7, 0x49,
    0xc7, 0x49, 0xc7, 0x49, 0xc7, 0x49, 0xc7, 0x49, 0xc7, 0x49, 0xc7, 0x49,
    0xc7, 0x49, 0xc7, 0x49, 0xc7, 0x49, 0xc7, 0x49, 0xc7, 0x49, 0xc7, 0x49,
    0xc7, 0x49, 0xc7, 0x49, 0xc7, 0x49, 0xc7, 0x49, 0xc7, 0x49, 0xc7, 0x49,
    0xc7, 0x49, 0xc7, 0x49, 0xc7, 0x49, 0xc7, 0x49, 0xc7, 0x49, 0xc7, 0x49,
    0xc7, 0x49, 0xc7, 0x49, 0xc7, 0x49, 0xc7, 0x49, 0xc7, 0x49, 0xc7, 0x49,
    0xc7, 0x49, 0xc7, 0x49, 0xc7, 0x49, 0xc7, 0x49, 0xc7, 0x49, 0xc7, 0x49,
    0xc7, 0x49, 0xc7, 0x49, 0xc7, 0x49, 0xc7, 0x49, 0xc7, 0x49, 0xc7, 0x49,
    0xc7, 0x49, 0xc7, 0x49, 0xc7, 0x49, 0xc7, 0x49, 0xc7, 0x49, 0xc7, 0x49,
    0xc7, 0x49, 0xc7, 0x49, 0xc7, 0x49, 0xc7, 0x49, 0xc7, 0x49, 0xc7, 0x49,
    0xc7, 0x49, 0xc7, 0x49, 0xc7, 0x49, 0xc7, 0x49, 0xc7, 0x49, 0xc7, 0x49,
    0xc7, 0x49, 0xc7, 0x49, 0xc7, 0x49, 0xc7, 0x49, 0xc7, 0x49, 0xc7, 0x49,
    0xc7, 0x49, 0xc7, 0x49, 0xc7, 0x49, 0xc7, 0x49, 0xc7, 0x49, 0xc7, 0x49,
    0xc7, 0x49, 0xc7, 0x49, 0xc7, 0x49, 0xc7, 0x49, 0xc7, 0x49, 0xc7, 0x49,
    0xc7, 0x49, 0xc7, 0x49, 0xc7, 0x49, 0xc7, 0x49, 0xc7, 0x49, 0xc7, 0x49,
    0xc7, 0x49, 0xc7, 0x49, 0xc7, 0x49, 0xc7, 0x49, 0xc7, 0x49, 0xc7, 0x49,
    0xc7, 0x49, 0xc7, 0x49, 0xc7, 0x49, 0xc7, 0x49, 0xc7, 0x49, 0xc7, 0x49,
    0xc7, 0x49, 0xc7, 0x49, 0xc7, 0x49, 0xc7, 0x49, 0xc7, 0x49, 0xc7, 0x49,
    0xc7, 0x49, 0xc7, 0x49, 0xc7, 0x49, 0xc7, 0x49, 0xc7, 0x49, 0xc7, 0x49,
    0xc7, 0x49, 0xc7, 0x49, 0xc7, 0x49, 0xc7, 0x49, 0xc7, 0x49, 0xc7, 0x49,
    0xc7, 0x49, 0xc7, 0x49, 0xc7, 0x49, 0xc7, 0x49, 0xc7, 0x49, 0xc7, 0x49,
    0xc7, 0x49, 0xc7, 0x49, 0xc7, 0x49, 0xc7, 0x49, 0xc7, 0x49, 0xc7, 0x49,
    0xc7, 0x49, 0xc7, 0x49, 0xc7, 0x49, 0xc7, 0x49, 0xc7, 0x49, 0xc7, 0x49,
    0xc7, 0x49, 0xc7, 0x49, 0xc7, 0x49, 0xc7, 0x49, 0xc7, 0x49, 0xc7, 0x49,
    0xc7, 0x49, 0xc7, 0x49, 0xc7, 0x49, 0xc7, 0x49, 0xc7, 0x49, 0xc7, 0x49,
    0xc7, 0x49, 0xc7, 0x49, 0xc7, 0x49, 0xc7, 0x49, 0xc7, 0x49, 0xc7, 0x49,
    0xc7, 0x49, 0xc7, 0x49, 0xc7, 0x49, 0xc7, 0x49, 0xc7, 0x49, 0xc7, 0x49,
    0xc7, 0x49, 0xc7, 0x49, 0xc7, 0x49, 0xc7, 0x49, 0xc7, 0x49, 0xc7, 0x49,
    0xc7, 0x49, 0xc7, 0x49, 0xc7, 0x49, 0xc7, 0x49, 0xc7, 0x49, 0xc7, 0x49,
    0xc7, 0x49, 0xc7, 0x49, 0xc7, 0x49, 0xc7, 0x49, 0xc7, 0x49, 0xc7, 0x49,
    0xc7, 0x49, 0xc7, 0x49, 0xc7, 0x49, 0xc7, 0x49, 0xc7, 0x49, 0xc7, 0x49,
    0xc7, 0x49, 0xc7, 0x49, 0xc7, 0x49, 0xc7, 0x49, 0xc7, 0x49, 0xc7, 0x49,
    0xc7, 0x49, 0xc7, 0x49, 0xc7, 0x49, 0xc7, 0x49, 0xc7, 0x49, 0xc7, 0x49,
    0xc7, 0x49, 0xc7, 0x49, 0xc7, 0x49, 0xc7, 0x49, 0xc7, 0x49, 0xc7, 0x49,
    0xc7, 0x49, 0xc7, 0x49, 0xc7, 0x49, 0xc7, 0x49, 0xc7, 0x49, 0xc7, 0x49,
    0xc7, 0x49, 0xc7, 0x49, 0xc7, 0x49, 0xc7, 0x49, 0xc7, 0x49, 0xc7, 0x49,
    0xc7, 0x49, 0xc7, 0x49, 0xc7, 0x49, 0xc7, 0x49, 0xc7, 0x49, 0xc7, 0x49,
    0xc7, 0x49, 0xc7, 0x49, 0xc7, 0x49, 0xc7, 0x49, 0xc7, 0x49, 0xc7, 0x49,
    0xc7, 0x49, 0xc7, 0x49, 0xc7, 0x49, 0xc7, 0x49, 0xc7, 0x49, 0xc7, 0x49,
    0xc7, 0x49, 0xc7, 0x49, 0xc7, 0x49, 0xc7, 0x49, 0xc7, 0x49, 0xc7, 0x49,
    0xc7, 0x49, 0xc7, 0x49, 0xc7, 0x49, 0xc7, 0x49, 0xc7, 0x49, 0xc7, 0x49,
    0xc7, 0x49, 0xc7, 0x49, 0xc7, 0x49, 0xc7, 0x49, 0xc7, 0x49, 0xc7, 0x49,
    0xc7, 0x49, 0xc7, 0x49, 0xc7, 0x49, 0xc7, 0x49, 0xc7, 0x49, 0xc7, 0x49,
    0xc7, 0x49, 0xc7, 0x49, 0xc7, 0x49, 0xc7, 0x49, 0xc7, 0x49, 0xc7, 0x49,
    0xc7, 0x49, 0xc7, 0x49, 0xc7, 0x49, 0xc7, 0x49, 0xc7, 0x49, 0xc7, 0x49,
    0xc7, 0x49, 0xc7, 0x49, 0xc7, 0x49, 0xc7, 0x49, 0xc7, 0x49, 0xc7, 0x49,
    0xc7, 0x49, 0xc7, 0x49, 0xc7, 0x49, 0xc7, 0x49, 0xc7, 0x49, 0xc7, 0x49,
    0xc7, 0x49, 0xc7, 0x49, 0xc7, 0x49, 0xc7, 0x49, 0xc7, 0x49, 0xc7, 0x49,
    0xc7, 0x49, 0xc7, 0x49, 0xc7, 0x49, 0xc7, 0x49, 0xc7, 0x49, 0xc7, 0x49,
    0xc7, 0x49, 0xc7, 0x49, 0xc7, 0x49, 0xc7, 0x49, 0xc7, 0x49, 0xc7, 0x49,
    0xc7, 0x49, 0xc7, 0x49, 0xc7, 0x49, 0xc7, 0x49, 0xc7, 0x49, 0xc7, 0x49,
    0xc7, 0x49, 0xc7, 0x49, 0xc7, 0x49, 0xc7, 0x49, 0xc7, 0x49, 0xc7, 0x49,
    0xc7, 0x49, 0xc7, 0x49, 0xc7, 0x49, 0xc7, 0x49, 0xc7, 0x49, 0xc7, 0x49,
    0xc7, 0x49, 0xc7, 0x49, 0xc7, 0x49, 0xc7, 0x49, 0xc7, 0x49, 0xc7, 0x49,
    0xc7, 0x49, 0xc7, 0x49, 0xc7, 0x49, 0xc7, 0x49, 0xc7, 0x49, 0xc7, 0x49,
    0xc7, 0x49, 0xc7, 0x49, 0xc7, 0x49, 0xc7, 0x49, 0xc7, 0x49, 0xc7, 0x49,
    0xc7, 0x49, 0xc7, 0x49, 0xc7, 0x49, 0xc7, 0x49, 0xc7, 0x49, 0xc7, 0x49,
    0xc7, 0x49, 0xc7, 0x49, 0xc7, 0x49, 0xc7, 0x49, 0xc7, 0x49, 0xc7, 0x49,
    0xc7, 0x49, 0xc7, 0x49, 0xc7, 0x49, 0xc7, 0x49, 0xc7, 0x49, 0xc7, 0x49,
    0xc7, 0x49, 0xc7, 0x49, 0xc7, 0x49, 0xc7, 0x49, 0xc7, 0x49, 0xc7, 0x49,
    0xc7, 0x49, 0xc7, 0x49, 0xc7, 0x49, 0xc7, 0x49, 0xc7, 0x49, 0xc7, 0x49,
    0xc7, 0x49, 0xc7, 0x49, 0xc7, 0x49, 0xc7, 0x49, 0xc7, 0x49, 0xc7, 0x49,
    0xc7, 0x49, 0xc7, 0x49, 0xc7, 0x49, 0xc7, 0x49, 0xc7, 0x49, 0xc7, 0x49,
    0xc7, 0x49, 0xc7, 0x49, 0xc7, 0x49, 0xc7, 0x49, 0xc7, 0x49, 0xc7, 0x49,
    0xc7, 0x49, 0xc7, 0x49, 0xc7, 0x49, 0xc7, 0x49, 0xc7, 0x49, 0xc7, 0x49,
    0xc7, 0x49, 0xc7, 0x49, 0xc7, 0x49, 0xc7, 0x49, 0xc7, 0x49, 0xc7, 0x49,
    0xc7, 0x49, 0xc7, 0x49, 0xc7, 0x49, 0xc7, 0x49, 0xc7, 0x49, 0xc7, 0x49,
    0xc7, 0x49, 0xc7, 0x49, 0xc7, 0x49, 0xc7, 0x49, 0xc7, 0x49, 0xc7, 0x49,
    0xc7, 0x49, 0xc7, 0x49, 0xc7, 0x49, 0xc7, 0x49, 0xc7, 0x49, 0xc7, 0x49,
    0xc7, 0x49, 0xc7, 0x49, 0xc7, 0x49, 0xc7, 0x49, 0xc7, 0x49, 0xc7, 0x49,
    0xc7, 0x49, 0xc7, 0x49, 0xc7, 0x49, 0xc7, 0x49, 0xc7, 0x49, 0xc7, 0x49,
    0xc7, 0x49, 0xc7, 0x49, 0xc7, 0x49, 0xc7, 0x49, 0xc7, 0x49, 0xc7, 0x49,
    0xc7, 0x49, 0xc7, 0x49, 0xc7, 0x49, 0xc7, 0x49, 0xc7, 0x49, 0xc7, 0x49,
    0xc7, 0x49, 0xc7, 0x49, 0xc7, 0x49, 0xc7, 0x49, 0xc7, 0x49, 0xc7, 0x49,
    0xc7, 0x49, 0xc7, 0x49, 0xc7, 0x49, 0xc7, 0x49, 0xc7, 0x49, 0xc7, 0x49,
    0xc7, 0x49, 0xc7, 0x49, 0xc7, 0x49, 0xc7, 0x49, 0xc7, 0x49, 0xc7, 0x49,
    0xc7, 0x49, 0xc7, 0x49, 0xc7, 0x49, 0xc7, 0x49, 0xc7, 0x49, 0xc7, 0x49,
    0xc7, 0x49, 0xc7, 0x49, 0xc7, 0x49, 0xc7, 0x49, 0xc7, 0x49, 0xc7, 0x49,
    0xc7, 0x49, 0xc7, 0x49, 0xc7, 0x49, 0xc7, 0x49, 0xc7, 0x49, 0xc7, 0x49,
    0xc7, 0x49, 0xc7, 0x49, 0xc7, 0x49, 0xc7, 0x49, 0xc7, 0x49, 0xc7, 0x49,
    0xc7, 0x49, 0xc7, 0x49, 0xc7, 0x49, 0xc7, 0x49, 0xc7, 0x49, 0xc7, 0x49,
    0xc7, 0x49, 0xc7, 0x49, 0xc7, 0x49, 0xc7, 0x49, 0xc7, 0x49, 0xc7, 0x49,
    0xc7, 0x49, 0xc7, 0x49, 0xc7, 0x49, 0xc7, 0x49, 0xc7, 0x49, 0xc7, 0x49,
    0xc7, 0x49, 0xc7, 0x49, 0xc7, 0x49, 0xc7, 0x49, 0xc7, 0x49, 0xc7, 0x49,
    0xc7, 0x49, 0xc7, 0x49, 0xc7, 0x49, 0xc7, 0x49, 0xc7, 0x49, 0xc7, 0x49,
    0xc7, 0x49, 0xc7, 0x49, 0xc7, 0x49, 0xc7, 0x49, 0xc7, 0x49, 0xc7, 0x49,
    0xc7, 0x49, 0xc7, 0x49, 0xc7, 0x49, 0xc7, 0x49, 0xc7, 0x49, 0xc7, 0x49,
    0xa6, 0x49, 0xa6, 0x49, 0xa6, 0x49, 0xa6, 0x49, 0xa6, 0x49, 0xa6, 0x49,
    0xa6, 0x49, 0xa6, 0x49, 0xa6, 0x49, 0xa6, 0x49, 0xa6, 0x49, 0xa6, 0x49,
    0xa6, 0x49, 0xa6, 0x49, 0xa6, 0x49, 0xa6, 0x49, 0xa6, 0x49, 0xa6, 0x49,
    0xa6, 0x49, 0xa6, 0x49, 0xa6, 0x49, 0xa6, 0x49, 0xa6, 0x49, 0xa6, 0x49,
    0xa6, 0x49, 0xa6, 0x49, 0xa6, 0x49, 0xa6, 0x49, 0xa6, 0x49, 0xa6, 0x49,
    0xa6, 0x49, 0xa6, 0x49, 0xa6, 0x49, 0xa6, 0x49, 0xa6, 0x49, 0xa6, 0x49,
    0xa6, 0x49, 0xa6, 0x49, 0xa6, 0x49, 0xa6, 0x49, 0xa6, 0x49, 0xa6, 0x49,
    0xa6, 0x49, 0xa6, 0x49, 0xa6, 0x49, 0xa6, 0x49, 0xa6, 0x49, 0xa6, 0x49,
    0xa6, 0x49, 0xa6, 0x49, 0xa6, 0x49, 0xa6, 0x49, 0xa6, 0x49, 0xa6, 0x49,
    0xa6, 0x49, 0xa6, 0x49, 0xa6, 0x49, 0xa6, 0x49, 0xa6, 0x49, 0xa6, 0x49,
    0xa6, 0x49, 0xa6, 0x49, 0xa6, 0x49, 0xa6, 0x49, 0xa6, 0x49, 0xa6, 0x49,
    0xa6, 0x49, 0xa6, 0x49, 0xa6, 0x49, 0xa6, 0x49, 0xa6, 0x49, 0xa6, 0x49,
    0xa6, 0x49, 0xa6, 0x49, 0xa6, 0x49, 0xa6, 0x49, 0xa6, 0x49, 0xa6, 0x49,
    0xa6, 0x49, 0xa6, 0x49, 0xa6, 0x49, 0xa6, 0x49, 0xa6, 0x49, 0xa6, 0x49,
    0xa6, 0x49, 0xa6, 0x49, 0xa6, 0x49, 0xa6, 0x49, 0xa6, 0x49, 0xa6, 0x49,
    0xa6, 0x49, 0xa6, 0x49, 0xa6, 0x49, 0xa6, 0x49, 0xa6, 0x49, 0xa6, 0x49,
    0xa6, 0x49, 0xa6, 0x49, 0xa6, 0x49, 0xa6, 0x49, 0xa6, 0x49, 0xa6, 0x49,
    0xa6, 0x49, 0xa6, 0x49, 0xa6, 0x49, 0xa6, 0x49, 0xa6, 0x49, 0xa6, 0x49,
    0xa6, 0x49, 0xa6, 0x49, 0xa6, 0x49, 0xa6, 0x49, 0xa6, 0x49, 0xa6, 0x49,
    0xa6, 0x49, 0xa6, 0x49, 0xa6, 0x49, 0xa6, 0x49, 0xa6, 0x49, 0xa6, 0x49,
    0xa6, 0x49, 0xa6, 0x49, 0xa6, 0x49, 0xa6, 0x49, 0xa6, 0x49, 0xa6, 0x49,
    0xa6, 0x49, 0xa6, 0x49, 0xa6, 0x49, 0xa6, 0x49, 0xa6, 0x49, 0xa6, 0x49,
    0xa6, 0x49, 0xa6, 0x49, 0xa6, 0x49, 0xa6, 0x49, 0xa6, 0x49, 0xa6, 0x49,
    0xa6, 0x49, 0xa6, 0x49, 0xa6, 0x49, 0xa6, 0x49, 0xa6, 0x49, 0xa6, 0x49,
    0xa6, 0x49, 0xa6, 0x49, 0xa6, 0x49, 0xa6, 0x49, 0xa6, 0x49, 0xa6, 0x49,
    0xa6, 0x49, 0xa6, 0x49, 0xa6, 0x49, 0xa6, 0x49, 0xa6, 0x49, 0xa6, 0x49,
    0xa6, 0x49, 0xc7, 0x49, 0xa6, 0x49, 0xa6, 0x49, 0xa6, 0x49, 0xa6, 0x49,
    0xa6, 0x49, 0xa6, 0x49, 0xa6, 0x49, 0xc7, 0x49, 0xa6, 0x49, 0xa6, 0x49,
    0xa6, 0x49, 0xa6, 0x49, 0xa6, 0x49, 0xa6, 0x49, 0xa6, 0x49, 0xc7, 0x49,
    0xa6, 0x49, 0xa6, 0x49, 0xa6, 0x49, 0xa6, 0x49, 0xa6, 0x49, 0xa6, 0x49,
    0xa6, 0x49, 0xc7, 0x49, 0xa6, 0x49, 0xa6, 0x49, 0xa6, 0x49, 0xa6, 0x49,
    0xa6, 0x49, 0xa6, 0x49, 0xa6, 0x49, 0xc7, 0x49, 0xa6, 0x49, 0xa6, 0x49,
    0xa6, 0x49, 0xa6, 0x49, 0xa6, 0x49, 0xa6, 0x49, 0xa6, 0x49, 0xc7, 0x49,
    0xa6, 0x49, 0xa6, 0x49, 0xa6, 0x49, 0xa6, 0x49, 0xa6, 0x49, 0xa6, 0x49,
    0xa6, 0x49, 0xc7, 0x49, 0xa6, 0x49, 0xa6, 0x49, 0xa6, 0x49, 0xa6, 0x49,
    0xa6, 0x49, 0xa6, 0x49, 0xa6, 0x49, 0xc7, 0x49, 0xa6, 0x49, 0xa6, 0x49,
    0xa6, 0x49, 0xa6, 0x49, 0xa6, 0x49, 0xa6, 0x49, 0xa6, 0x49, 0xc7, 0x49,
    0xa6, 0x49, 0xa6, 0x49, 0xa6, 0x49, 0xa6, 0x49, 0xa6, 0x49, 0xa6, 0x49,
    0xa6, 0x49, 0xc7, 0x49, 0xa6, 0x49, 0xa6, 0x49, 0xa6, 0x49, 0xa6, 0x49,
    0xa6, 0x49, 0xa6, 0x49, 0xa6, 0x49, 0xc7, 0x49, 0xa6, 0x49, 0xa6, 0x49,
    0xa6, 0x49, 0xa6, 0x49, 0xa6, 0x49, 0xa6, 0x49, 0xa6, 0x49, 0xc7, 0x49,
    0xa6, 0x49, 0xa6, 0x49, 0xa6, 0x49, 0xa6, 0x49, 0xa6, 0x49, 0xa6, 0x49,
    0xa6, 0x49, 0xc7, 0x49, 0xa6, 0x49, 0xa6, 0x49, 0xa6, 0x49, 0xa6, 0x49,
    0xa6, 0x49, 0xa6, 0x49, 0xa6, 0x49, 0xc7, 0x49, 0xa6, 0x49, 0xa6, 0x49,
    0xa6, 0x49, 0xa6, 0x49, 0xa6, 0x49, 0xa6, 0x49, 0xa6, 0x49, 0xc7, 0x49,
    0xa6, 0x49, 0xa6, 0x49, 0xa6, 0x49, 0xa6, 0x49, 0xa6, 0x49, 0xa6, 0x49,
    0xa6, 0x49, 0xc7, 0x49, 0xa6, 0x49, 0xa6, 0x49, 0xa6, 0x49, 0xa6, 0x49,
    0xa6, 0x49, 0xa6, 0x49, 0xa6, 0x49, 0xc7, 0x49, 0xa6, 0x49, 0xa6, 0x49,
    0xa6, 0x49, 0xa6, 0x49, 0xa6, 0x49, 0xa6, 0x49, 0xa6, 0x49, 0xc7, 0x49,
    0xa6, 0x49, 0xa6, 0x49, 0xa6, 0x49, 0xa6, 0x49, 0xa6, 0x49, 0xa6, 0x49
};

const lv_image_dsc_t img_probe_grid_1 = {
  .header = {
    .magic = LV_IMAGE_HEADER_MAGIC,
    .cf = LV_COLOR_FORMAT_RGB565,
    .flags = 0,
    .w = 150,
    .h = 150,
    .stride = 300,
    .reserved_2 = 0,
  },
  .data_size = sizeof(img_probe_grid_1_map),
  .data = img_probe_grid_1_map,
  .reserved = NULL,
};
#elif TFT_WIDTH > 320
// 75x75 version for TFT_WIDTH > 320
static const LV_ATTRIBUTE_MEM_ALIGN LV_ATTRIBUTE_LARGE_CONST LV_ATTRIBUTE_IMG_IMG_PROBE_GRID_1
uint8_t img_probe_grid_1_map[] = {
0xbe, 0xf7, 0xbe, 0xf7, 0xbe, 0xf7, 0xbe, 0xf7, 0x9e, 0xf7, 0x9e, 0xf7,
    0x9e, 0xf7, 0x7e, 0xef, 0x7d, 0xef, 0x7d, 0xef, 0x5d, 0xef, 0x5d, 0xef,
    0x5d, 0xef, 0x5d, 0xe7, 0x3d, 0xe7, 0x3c, 0xe7, 0x3c, 0xe7, 0x1c, 0xe7,
    0x1c, 0xe7, 0x1c, 0xe7, 0xfc, 0xde, 0xfc, 0xde, 0xfb, 0xde, 0xfb, 0xde,
    0xdb, 0xde, 0xdb, 0xde, 0xdb, 0xd6, 0xbb, 0xd6, 0xbb, 0xd6, 0xbb, 0xd6,
    0x9a, 0xd6, 0x9a, 0xd6, 0x9a, 0xce, 0x9a, 0xce, 0x7a, 0xce, 0x7a, 0xce,
    0x7a, 0xce, 0x59, 0xce, 0x59, 0xce, 0x59, 0xc6, 0x39, 0xc6, 0x39, 0xc6,
    0x39, 0xc6, 0x39, 0xc6, 0x18, 0xc6, 0x18, 0xbe, 0x18, 0xbe, 0xf8, 0xbd,
    0xf8, 0xbd, 0xf8, 0xbd, 0xd8, 0xbd, 0xd8, 0xb5, 0xd7, 0xb5, 0xd7, 0xb5,
    0xb7, 0xb5, 0xb7, 0xb5, 0xb7, 0xb5, 0x97, 0xb5, 0x97, 0xad, 0x96, 0xad,
    0x76, 0xad, 0x76, 0xad, 0x76, 0xad, 0x76, 0xad, 0x56, 0xa5, 0x56, 0xa5,
    0x55, 0xa5, 0x35, 0xa5, 0x35, 0xa5, 0x35, 0xa5, 0x15, 0x9d, 0x15, 0x9d,
    0x15, 0x9d, 0x15, 0x9d, 0xf4, 0x9c, 0xbe, 0xf7, 0x9e, 0xf7, 0x9e, 0xf7,
    0x9e, 0xf7, 0x7e, 0xef, 0x7e, 0xef, 0x7d, 0xef, 0x7d, 0xef, 0x5d, 0xef,
    0x5d, 0xef, 0x5d, 0xef, 0x3d, 0xe7, 0x3d, 0xe7, 0x3c, 0xe7, 0x3c, 0xe7,
    0x1c, 0xe7, 0x1c, 0xe7, 0x1c, 0xdf, 0xfc, 0xde, 0xfc, 0xde, 0xfb, 0xde,
    0xdb, 0xde, 0xdb, 0xde, 0xdb, 0xde, 0xbb, 0xd6, 0xbb, 0xd6, 0xbb, 0xd6,
    0xbb, 0xd6, 0x9a, 0xd6, 0x9a, 0xd6, 0x9a, 0xce, 0x7a, 0xce, 0x7a, 0xce,
    0x7a, 0xce, 0x7a, 0xce, 0x59, 0xce, 0x59, 0xc6, 0x59, 0xc6, 0x39, 0xc6,
    0x39, 0xc6, 0x39, 0xc6, 0x19, 0xc6, 0x18, 0xbe, 0x18, 0xbe, 0xf8, 0xbd,
    0xf8, 0xbd, 0xf8, 0xbd, 0xf8, 0xbd, 0xd8, 0xbd, 0xd7, 0xb5, 0xd7, 0xb5,
    0xb7, 0xb5, 0xb7, 0xb5, 0xb7, 0xb5, 0xb7, 0xb5, 0x97, 0xad, 0x97, 0xad,
    0x96, 0xad, 0x76, 0xad, 0x76, 0xad, 0x76, 0xad, 0x56, 0xad, 0x56, 0xa5,
    0x56, 0xa5, 0x35, 0xa5, 0x35, 0xa5, 0x35, 0xa5, 0x35, 0xa5, 0x15, 0x9d,
    0x15, 0x9d, 0x15, 0x9d, 0xf4, 0x9c, 0xf4, 0x9c, 0xf4, 0x9c, 0xf4, 0x94,
    0x9e, 0xf7, 0x9e, 0xef, 0x7d, 0xef, 0x7d, 0xef, 0x7d, 0xef, 0x5d, 0xef,
    0x5d, 0xef, 0x5d, 0xef, 0x3d, 0xe7, 0x3d, 0xe7, 0x3c, 0xe7, 0x3c, 0xe7,
    0x1c, 0xe7, 0x1c, 0xe7, 0x1c, 0xdf, 0xfc, 0xde, 0xfc, 0xde, 0xfb, 0xde,
    0xdb, 0xde, 0xdb, 0xde, 0xdb, 0xd6, 0xdb, 0xd6, 0xbb, 0xd6, 0xbb, 0xd6,
    0xba, 0xd6, 0x9a, 0xd6, 0x9a, 0xd6, 0x9a, 0xce, 0x7a, 0xce, 0x7a, 0xce,
    0x7a, 0xce, 0x7a, 0xce, 0x59, 0xce, 0x59, 0xc6, 0x59, 0xc6, 0x39, 0xc6,
    0x39, 0xc6, 0x39, 0xc6, 0x19, 0xc6, 0x18, 0xc6, 0x18, 0xbe, 0x18, 0xbe,
    0xf8, 0xbd, 0xf8, 0xbd, 0xf8, 0xbd, 0xd8, 0xbd, 0xd7, 0xb5, 0xd7, 0xb5,
    0xb7, 0xb5, 0xb7, 0xb5, 0xb7, 0xb5, 0xb7, 0xb5, 0x97, 0xad, 0x97, 0xad,
    0x96, 0xad, 0x76, 0xad, 0x76, 0xad, 0x76, 0xad, 0x56, 0xa5, 0x56, 0xa5,
    0x56, 0xa5, 0x55, 0xa5, 0x35, 0xa5, 0x35, 0xa5, 0x35, 0xa5, 0x15, 0x9d,
    0x15, 0x9d, 0x15, 0x9d, 0xf4, 0x9c, 0xf4, 0x9c, 0xf4, 0x9c, 0xf4, 0x94,
    0xd4, 0x94, 0xd4, 0x94, 0xd4, 0x94, 0x7d, 0xef, 0x7d, 0xef, 0x5d, 0xef,
    0x5d, 0xef, 0x5d, 0xef, 0x5d, 0xe7, 0x3d, 0xe7, 0x3c, 0xe7, 0x3c, 0xe7,
    0x1c, 0xe7, 0x1c, 0xe7, 0x1c, 0xdf, 0xfc, 0xde, 0xfc, 0xde, 0xfb, 0xde,
    0xfb, 0xde, 0xdb, 0xde, 0xdb, 0xde, 0xdb, 0xd6, 0xbb, 0xd6, 0xbb, 0xd6,
    0xbb, 0xd6, 0x9a, 0xd6, 0x9a, 0xd6, 0x9a, 0xce, 0x9a, 0xce, 0x7a, 0xce,
    0x7a, 0xce, 0x7a, 0xce, 0x59, 0xce, 0x59, 0xc6, 0x59, 0xc6, 0x39, 0xc6,
    0x39, 0xc6, 0x39, 0xc6, 0x39, 0xc6, 0x18, 0xc6, 0x18, 0xbe, 0x18, 0xbe,
    0xf8, 0xbd, 0xf8, 0xbd, 0xf8, 0xbd, 0xd8, 0xbd, 0xd8, 0xb5, 0xd7, 0xb5,
    0xd7, 0xb5, 0xb7, 0xb5, 0xb7, 0xb5, 0xb7, 0xb5, 0x97, 0xb5, 0x97, 0xad,
    0x96, 0xad, 0x76, 0xad, 0x76, 0xad, 0x76, 0xad, 0x76, 0xad, 0x56, 0xa5,
    0x56, 0xa5, 0x55, 0xa5, 0x35, 0xa5, 0x35, 0xa5, 0x35, 0xa5, 0x15, 0x9d,
    0x15, 0x9d, 0x15, 0x9d, 0x15, 0x9d, 0xf4, 0x9c, 0xf4, 0x9c, 0xf4, 0x9c,
    0xd4, 0x94, 0xd4, 0x94, 0xd4, 0x94, 0xb4, 0x94, 0xb3, 0x94, 0xb3, 0x94,
    0x5d, 0xef, 0x5d, 0xef, 0x3d, 0xe7, 0x3d, 0xe7, 0x3c, 0xe7, 0x3c, 0xe7,
    0x1c, 0xe7, 0x1c, 0xe7, 0x1c, 0xdf, 0xfc, 0xde, 0xfc, 0xde, 0xfb, 0xde,
    0xdb, 0xde, 0xdb, 0xde, 0xdb, 0xd6, 0xdb, 0xd6, 0xbb, 0xd6, 0xbb, 0xd6,
    0xba, 0xd6, 0x9a, 0xd6, 0x9a, 0xd6, 0x9a, 0xce, 0x7a, 0xce, 0x7a, 0xce,
    0x7a, 0xce, 0x7a, 0xce, 0x59, 0xce, 0x59, 0xc6, 0x59, 0xc6, 0x39, 0xc6,
    0x39, 0xc6, 0x39, 0xc6, 0x19, 0xc6, 0x18, 0xc6, 0x18, 0xbe, 0x18, 0xbe,
    0xf8, 0xbd, 0xf8, 0xbd, 0xf8, 0xbd, 0xd8, 0xbd, 0xd7, 0xb5, 0xd7, 0xb5,
    0xb7, 0xb5, 0xb7, 0xb5, 0xb7, 0xb5, 0xb7, 0xb5, 0x97, 0xad, 0x97, 0xad,
    0x96, 0xad, 0x76, 0xad, 0x76, 0xad, 0x76, 0xad, 0x56, 0xad, 0x56, 0xa5,
    0x56, 0xa5, 0x55, 0xa5, 0x35, 0xa5, 0x35, 0xa5, 0x35, 0xa5, 0x15, 0x9d,
    0x15, 0x9d, 0x15, 0x9d, 0xf4, 0x9c, 0xf4, 0x9c, 0xf4, 0x9c, 0xf4, 0x9c,
    0xd4, 0x94, 0xd4, 0x94, 0xd4, 0x94, 0xb4, 0x94, 0xb3, 0x94, 0xb3, 0x94,
    0x93, 0x8c, 0x93, 0x8c, 0x93, 0x8c, 0x3d, 0xe7, 0x3c, 0xe7, 0x3c, 0xe7,
    0x1c, 0xe7, 0x1c, 0xe7, 0x1c, 0xe7, 0xfc, 0xde, 0xfc, 0xde, 0xfc, 0xde,
    0xfb, 0xde, 0xdb, 0xde, 0xdb, 0xde, 0xdb, 0xd6, 0xbb, 0xd6, 0xbb, 0xd6,
    0xbb, 0xd6, 0x9a, 0xd6, 0x9a, 0xd6, 0x9a, 0xce, 0x9a, 0xce, 0x7a, 0xce,
    0x7a, 0xce, 0x7a, 0xce, 0x59, 0xce, 0x59, 0xce, 0x59, 0xc6, 0x39, 0xc6,
    0x39, 0xc6, 0x39, 0xc6, 0x39, 0xc6, 0x19, 0xc6, 0x18, 0xbe, 0x18, 0xbe,
    0xf8, 0xbd, 0xf8, 0xbd, 0xf8, 0xbd, 0xd8, 0xbd, 0xd8, 0xbd, 0xd7, 0xb5,
    0xd7, 0xb5, 0xb7, 0xb5, 0xb7, 0xb5, 0xb7, 0xb5, 0x97, 0xb5, 0x97, 0xad,
    0x96, 0xad, 0x76, 0xad, 0x76, 0xad, 0x76, 0xad, 0x76, 0xad, 0x56, 0xa5,
    0x56, 0xa5, 0x55, 0xa5, 0x35, 0xa5, 0x35, 0xa5, 0x35, 0xa5, 0x15, 0xa5,
    0x15, 0x9d, 0x15, 0x9d, 0x15, 0x9d, 0xf4, 0x9c, 0xf4, 0x9c, 0xf4, 0x9c,
    0xd4, 0x94, 0xd4, 0x94, 0xd4, 0x94, 0xb4, 0x94, 0xb3, 0x94, 0xb3, 0x94,
    0xb3, 0x94, 0x93, 0x8c, 0x93, 0x8c, 0x93, 0x8c, 0x73, 0x8c, 0x72, 0x8c,
    0x1c, 0xe7, 0x1c, 0xe7, 0x1c, 0xdf, 0xfc, 0xde, 0xfc, 0xde, 0xfc, 0xde,
    0xfb, 0xde, 0xdb, 0xde, 0xdb, 0xde, 0xdb, 0xd6, 0xbb, 0xd6, 0xbb, 0xd6,
    0xbb, 0xd6, 0x9a, 0xd6, 0x9a, 0xd6, 0x9a, 0xce, 0x9a, 0xce, 0x7a, 0xce,
    0x7a, 0xce, 0x7a, 0xce, 0x59, 0xce, 0x59, 0xce, 0x59, 0xc6, 0x59, 0xc6,
    0x39, 0xc6, 0x39, 0xc6, 0x39, 0xc6, 0x19, 0xc6, 0x18, 0xbe, 0x18, 0xbe,
    0xf8, 0xbd, 0xf8, 0xbd, 0xf8, 0xbd, 0xd8, 0xbd, 0xd8, 0xb5, 0xd7, 0xb5,
    0xd7, 0xb5, 0xb7, 0xb5, 0xb7, 0xb5, 0xb7, 0xb5, 0x97, 0xb5, 0x97, 0xad,
    0x96, 0xad, 0x76, 0xad, 0x76, 0xad, 0x76, 0xad, 0x76, 0xad, 0x56, 0xa5,
    0x56, 0xa5, 0x55, 0xa5, 0x35, 0xa5, 0x35, 0xa5, 0x35, 0xa5, 0x15, 0xa5,
    0x15, 0x9d, 0x15, 0x9d, 0x15, 0x9d, 0xf4, 0x9c, 0xf4, 0x9c, 0xf4, 0x9c,
    0xd4, 0x94, 0xd4, 0x94, 0xd4, 0x94, 0xd4, 0x94, 0xb3, 0x94, 0xb3, 0x94,
    0xb3, 0x8c, 0x93, 0x8c, 0x93, 0x8c, 0x93, 0x8c, 0x73, 0x8c, 0x73, 0x8c,
    0x72, 0x8c, 0x52, 0x84, 0x52, 0x84, 0x1c, 0xdf, 0xfc, 0xde, 0xfc, 0xde,
    0xfb, 0xde, 0xdb, 0xde, 0xdb, 0xde, 0xdb, 0xd6, 0xdb, 0xd6, 0xbb, 0xd6,
    0xbb, 0xd6, 0xba, 0xd6, 0x9a, 0xd6, 0x9a, 0xd6, 0x9a, 0xce, 0x7a, 0xce,
    0x7a, 0xce, 0x7a, 0xce, 0x7a, 0xce, 0x59, 0xce, 0x59, 0xc6, 0x59, 0xc6,
    0x39, 0xc6, 0x39, 0xc6, 0x39, 0xc6, 0x19, 0xc6, 0x18, 0xc6, 0x18, 0xbe,
    0x18, 0xbe, 0xf8, 0xbd, 0xf8, 0xbd, 0xf8, 0xbd, 0xd8, 0xbd, 0xd7, 0xb5,
    0xd7, 0xb5, 0xb7, 0xb5, 0xb7, 0xb5, 0xb7, 0xb5, 0xb7, 0xb5, 0x97, 0xad,
    0x97, 0xad, 0x96, 0xad, 0x76, 0xad, 0x76, 0xad, 0x76, 0xad, 0x56, 0xad,
    0x56, 0xa5, 0x56, 0xa5, 0x55, 0xa5, 0x35, 0xa5, 0x35, 0xa5, 0x35, 0xa5,
    0x15, 0x9d, 0x15, 0x9d, 0x15, 0x9d, 0xf4, 0x9c, 0xf4, 0x9c, 0xf4, 0x9c,
    0xf4, 0x94, 0xd4, 0x94, 0xd4, 0x94, 0xd4, 0x94, 0xb4, 0x94, 0xb3, 0x94,
    0xb3, 0x94, 0x93, 0x8c, 0x93, 0x8c, 0x93, 0x8c, 0x93, 0x8c, 0x73, 0x8c,
    0x72, 0x8c, 0x72, 0x84, 0x52, 0x84, 0x52, 0x84, 0x52, 0x84, 0x32, 0x84,
    0xfb, 0xde, 0xdb, 0xde, 0xdb, 0xde, 0xdb, 0xd6, 0xbb, 0xd6, 0xbb, 0xd6,
    0xbb, 0xd6, 0xba, 0xd6, 0x9a, 0xd6, 0x9a, 0xce, 0x9a, 0xce, 0x7a, 0xce,
    0x7a, 0xce, 0x7a, 0xce, 0x59, 0xce, 0x59, 0xce, 0x59, 0xc6, 0x59, 0xc6,
    0x39, 0xc6, 0x39, 0xc6, 0x39, 0xc6, 0x19, 0xc6, 0x18, 0xbe, 0x18, 0xbe,
    0xf8, 0xbd, 0xf8, 0xbd, 0xf8, 0xbd, 0xf8, 0xbd, 0xd8, 0xb5, 0xd7, 0xb5,
    0xd7, 0xb5, 0xb7, 0xb5, 0xb7, 0xb5, 0xb7, 0xb5, 0x97, 0xb5, 0x97, 0xad,
    0x96, 0xad, 0x96, 0xad, 0x76, 0xad, 0x76, 0xad, 0x76, 0xad, 0x56, 0xa5,
    0x56, 0xa5, 0x56, 0xa5, 0x35, 0xa5, 0x35, 0xa5, 0x35, 0xa5, 0x35, 0xa5,
    0x15, 0x9d, 0x15, 0x9d, 0x15, 0x9d, 0xf4, 0x9c, 0xf4, 0x9c, 0xf4, 0x9c,
    0xd4, 0x94, 0xd4, 0x94, 0xd4, 0x94, 0xd4, 0x94, 0xb3, 0x94, 0xb3, 0x94,
    0xb3, 0x8c, 0x93, 0x8c, 0x93, 0x8c, 0x93, 0x8c, 0x73, 0x8c, 0x73, 0x8c,
    0x72, 0x8c, 0x72, 0x84, 0x52, 0x84, 0x52, 0x84, 0x52, 0x84, 0x32, 0x84,
    0x32, 0x84, 0x31, 0x7c, 0x11, 0x7c, 0xdb, 0xd6, 0xdb, 0xd6, 0xbb, 0xd6,
    0xbb, 0xd6, 0xba, 0xd6, 0x9a, 0xd6, 0x9a, 0xd6, 0x9a, 0xce, 0x7a, 0xce,
    0x7a, 0xce, 0x7a, 0xce, 0x7a, 0xce, 0x59, 0xce, 0x59, 0xc6, 0x59, 0xc6,
    0x39, 0xc6, 0x39, 0xc6, 0x39, 0xc6, 0x19, 0xc6, 0x18, 0xc6, 0x18, 0xbe,
    0x18, 0xbe, 0xf8, 0xbd, 0xf8, 0xbd, 0xf8, 0xbd, 0xd8, 0xbd, 0xd7, 0xb5,
    0xd7, 0xb5, 0xb7, 0xb5, 0xb7, 0xb5, 0xb7, 0xb5, 0xb7, 0xb5, 0x97, 0xad,
    0x97, 0xad, 0x96, 0xad, 0x76, 0xad, 0x76, 0xad, 0x76, 0xad, 0x56, 0xad,
    0x56, 0xa5, 0x56, 0xa5, 0x55, 0xa5, 0x35, 0xa5, 0x35, 0xa5, 0x35, 0xa5,
    0x15, 0x9d, 0x15, 0x9d, 0x15, 0x9d, 0xf4, 0x9c, 0xf4, 0x9c, 0xf4, 0x9c,
    0xf4, 0x9c, 0xd4, 0x94, 0xd4, 0x94, 0xd4, 0x94, 0xb4, 0x94, 0xb3, 0x94,
    0xb3, 0x94, 0x93, 0x8c, 0x93, 0x8c, 0x93, 0x8c, 0x93, 0x8c, 0x73, 0x8c,
    0x72, 0x8c, 0x72, 0x84, 0x52, 0x84, 0x52, 0x84, 0x52, 0x84, 0x32, 0x84,
    0x32, 0x84, 0x31, 0x84, 0x31, 0x7c, 0x11, 0x7c, 0x11, 0x7c, 0x11, 0x7c,
    0xbb, 0xd6, 0xba, 0xd6, 0x9a, 0xd6, 0x9a, 0xd6, 0x9a, 0xce, 0x7a, 0xce,
    0x7a, 0xce, 0x7a, 0xce, 0x5a, 0xce, 0x59, 0xce, 0x59, 0xc6, 0x59, 0xc6,
    0x39, 0xc6, 0x39, 0xc6, 0x39, 0xc6, 0x19, 0xc6, 0x18, 0xbe, 0x18, 0xbe,
    0xf8, 0xbd, 0xf8, 0xbd, 0xf8, 0xbd, 0xf8, 0xbd, 0xd8, 0xbd, 0xd7, 0xb5,
    0xd7, 0xb5, 0xb7, 0xb5, 0xb7, 0xb5, 0xb7, 0xb5, 0x97, 0xb5, 0x97, 0xad,
    0x97, 0xad, 0x96, 0xad, 0x76, 0xad, 0x76, 0xad, 0x76, 0xad, 0x56, 0xad,
    0x56, 0xa5, 0x56, 0xa5, 0x55, 0xa5, 0x35, 0xa5, 0x35, 0xa5, 0x35, 0xa5,
    0x15, 0x9d, 0x15, 0x9d, 0x15, 0x9d, 0xf4, 0x9c, 0xf4, 0x9c, 0xf4, 0x9c,
    0xd4, 0x94, 0xd4, 0x94, 0xd4, 0x94, 0xd4, 0x94, 0xb3, 0x94, 0xb3, 0x94,
    0xb3, 0x94, 0x93, 0x8c, 0x93, 0x8c, 0x93, 0x8c, 0x73, 0x8c, 0x73, 0x8c,
    0x72, 0x8c, 0x72, 0x84, 0x52, 0x84, 0x52, 0x84, 0x52, 0x84, 0x32, 0x84,
    0x32, 0x84, 0x31, 0x84, 0x11, 0x7c, 0x11, 0x7c, 0x11, 0x7c, 0x11, 0x7c,
    0xf1, 0x7b, 0xf1, 0x7b, 0xf0, 0x73, 0x9a, 0xd6, 0x9a, 0xce, 0x9a, 0xce,
    0x7a, 0xce, 0x7a, 0xce, 0x7a, 0xce, 0x59, 0xce, 0x59, 0xce, 0x59, 0xc6,
    0x59, 0xc6, 0x39, 0xc6, 0x39, 0xc6, 0x39, 0xc6, 0x19, 0xc6, 0x18, 0xbe,
    0x18, 0xbe, 0xf8, 0xbd, 0xf8, 0xbd, 0xf8, 0xbd, 0xf8, 0xbd, 0xd8, 0xb5,
    0xd7, 0xb5, 0xd7, 0xb5, 0xb7, 0xb5, 0xb7, 0xb5, 0xb7, 0xb5, 0x97, 0xb5,
    0x97, 0xad, 0x96, 0xad, 0x96, 0xad, 0x76, 0xad, 0x76, 0xad, 0x76, 0xad,
    0x56, 0xa5, 0x56, 0xa5, 0x56, 0xa5, 0x35, 0xa5, 0x35, 0xa5, 0x35, 0xa5,
    0x35, 0xa5, 0x15, 0x9d, 0x15, 0x9d, 0x15, 0x9d, 0xf4, 0x9c, 0xf4, 0x9c,
    0xf4, 0x9c, 0xd4, 0x94, 0xd4, 0x94, 0xd4, 0x94, 0xd4, 0x94, 0xb3, 0x94,
    0xb3, 0x94, 0xb3, 0x8c, 0x93, 0x8c, 0x93, 0x8c, 0x93, 0x8c, 0x73, 0x8c,
    0x73, 0x8c, 0x72, 0x8c, 0x72, 0x84, 0x52, 0x84, 0x52, 0x84, 0x52, 0x84,
    0x32, 0x84, 0x32, 0x84, 0x31, 0x7c, 0x11, 0x7c, 0x11, 0x7c, 0x11, 0x7c,
    0x11, 0x7c, 0xf1, 0x7b, 0xf1, 0x7b, 0xf0, 0x73, 0xd0, 0x73, 0xd0, 0x73,
    0x7a, 0xce, 0x7a, 0xce, 0x7a, 0xce, 0x59, 0xce, 0x59, 0xc6, 0x59, 0xc6,
    0x39, 0xc6, 0x39, 0xc6, 0x39, 0xc6, 0x39, 0xc6, 0x18, 0xc6, 0x18, 0xbe,
    0x18, 0xbe, 0xf8, 0xbd, 0xf8, 0xbd, 0xf8, 0xbd, 0xd8, 0xbd, 0xd8, 0xb5,
    0xd7, 0xb5, 0xd7, 0xb5, 0xb7, 0xb5, 0xb7, 0xb5, 0xb7, 0xb5, 0x97, 0xb5,
    0x97, 0xad, 0x96, 0xad, 0x76, 0xad, 0x76, 0xad, 0x76, 0xad, 0x76, 0xad,
    0x56, 0xa5, 0x56, 0xa5, 0x55, 0xa5, 0x35, 0xa5, 0x35, 0xa5, 0x35, 0xa5,
    0x15, 0x9d, 0x15, 0x9d, 0x15, 0x9d, 0x15, 0x9d, 0xf4, 0x9c, 0xf4, 0x9c,
    0xf4, 0x9c, 0xd4, 0x94, 0xd4, 0x94, 0xd4, 0x94, 0xb4, 0x94, 0xb3, 0x94,
    0xb3, 0x94, 0xb3, 0x8c, 0x93, 0x8c, 0x93, 0x8c, 0x93, 0x8c, 0x73, 0x8c,
    0x72, 0x8c, 0x72, 0x8c, 0x52, 0x84, 0x52, 0x84, 0x52, 0x84, 0x52, 0x84,
    0x32, 0x84, 0x32, 0x84, 0x31, 0x7c, 0x11, 0x7c, 0x11, 0x7c, 0x11, 0x7c,
    0xf1, 0x7b, 0xf1, 0x7b, 0xf1, 0x73, 0xf0, 0x73, 0xd0, 0x73, 0xd0, 0x73,
    0xd0, 0x73, 0xb0, 0x73, 0xb0, 0x6b, 0x59, 0xce, 0x59, 0xce, 0x59, 0xc6,
    0x59, 0xc6, 0x39, 0xc6, 0x39, 0xc6, 0x39, 0xc6, 0x19, 0xc6, 0x18, 0xbe,
    0x18, 0xbe, 0xf8, 0xbd, 0xf8, 0xbd, 0xf8, 0xbd, 0xf8, 0xbd, 0xd8, 0xbd,
    0xd7, 0xb5, 0xd7, 0xb5, 0xb7, 0xb5, 0xb7, 0xb5, 0xb7, 0xb5, 0x97, 0xb5,
    0x97, 0xad, 0x96, 0xad, 0x96, 0xad, 0x76, 0xad, 0x76, 0xad, 0x76, 0xad,
    0x56, 0xad, 0x56, 0xa5, 0x56, 0xa5, 0x35, 0xa5, 0x35, 0xa5, 0x35, 0xa5,
    0x35, 0xa5, 0x15, 0x9d, 0x15, 0x9d, 0x15, 0x9d, 0xf4, 0x9c, 0xf4, 0x9c,
    0xf4, 0x9c, 0xd4, 0x94, 0xd4, 0x94, 0xd4, 0x94, 0xd4, 0x94, 0xb3, 0x94,
    0xb3, 0x94, 0xb3, 0x8c, 0x93, 0x8c, 0x93, 0x8c, 0x93, 0x8c, 0x73, 0x8c,
    0x73, 0x8c, 0x72, 0x8c, 0x72, 0x84, 0x52, 0x84, 0x52, 0x84, 0x52, 0x84,
    0x32, 0x84, 0x32, 0x84, 0x31, 0x7c, 0x11, 0x7c, 0x11, 0x7c, 0x11, 0x7c,
    0x11, 0x7c, 0xf1, 0x7b, 0xf1, 0x7b, 0xf0, 0x73, 0xd0, 0x73, 0xd0, 0x73,
    0xd0, 0x73, 0xb0, 0x73, 0xb0, 0x73, 0xb0, 0x6b, 0xb0, 0x6b, 0x8f, 0x6b,
    0x39, 0xc6, 0x39, 0xc6, 0x39, 0xc6, 0x39, 0xc6, 0x18, 0xc6, 0x18, 0xbe,
    0x18, 0xbe, 0xf8, 0xbd, 0xf8, 0xbd, 0xf8, 0xbd, 0xd8, 0xbd, 0xd8, 0xbd,
    0xd7, 0xb5, 0xd7, 0xb5, 0xb7, 0xb5, 0xb7, 0xb5, 0xb7, 0xb5, 0x97, 0xb5,
    0x97, 0xad, 0x96, 0xad, 0x76, 0xad, 0x76, 0xad, 0x76, 0xad, 0x76, 0xad,
    0x56, 0xa5, 0x56, 0xa5, 0x55, 0xa5, 0x35, 0xa5, 0x35, 0xa5, 0x35, 0xa5,
    0x15, 0xa5, 0x15, 0x9d, 0x15, 0x9d, 0x15, 0x9d, 0xf4, 0x9c, 0xf4, 0x9c,
    0xf4, 0x9c, 0xd4, 0x94, 0xd4, 0x94, 0xd4, 0x94, 0xb4, 0x94, 0xb3, 0x94,
    0xb3, 0x94, 0xb3, 0x94, 0x93, 0x8c, 0x93, 0x8c, 0x93, 0x8c, 0x73, 0x8c,
    0x72, 0x8c, 0x72, 0x8c, 0x52, 0x84, 0x52, 0x84, 0x52, 0x84, 0x52, 0x84,
    0x32, 0x84, 0x32, 0x84, 0x31, 0x7c, 0x11, 0x7c, 0x11, 0x7c, 0x11, 0x7c,
    0xf1, 0x7b, 0xf1, 0x7b, 0xf1, 0x73, 0xf0, 0x73, 0xd0, 0x73, 0xd0, 0x73,
    0xd0, 0x73, 0xb0, 0x73, 0xb0, 0x73, 0xb0, 0x6b, 0x8f, 0x6b, 0x8f, 0x6b,
    0x8f, 0x6b, 0x8f, 0x6b, 0x6f, 0x6b, 0x39, 0xc6, 0x19, 0xc6, 0x18, 0xc6,
    0x18, 0xbe, 0x18, 0xbe, 0xf8, 0xbd, 0xf8, 0xbd, 0xf8, 0xbd, 0xd8, 0xbd,
    0xd8, 0xb5, 0xd7, 0xb5, 0xd7, 0xb5, 0xb7, 0xb5, 0xb7, 0xb5, 0xb7, 0xb5,
    0x97, 0xb5, 0x97, 0xad, 0x96, 0xad, 0x76, 0xad, 0x76, 0xad, 0x76, 0xad,
    0x56, 0xad, 0x56, 0xa5, 0x56, 0xa5, 0x55, 0xa5, 0x35, 0xa5, 0x35, 0xa5,
    0x35, 0xa5, 0x15, 0x9d, 0x15, 0x9d, 0x15, 0x9d, 0x15, 0x9d, 0xf4, 0x9c,
    0xf4, 0x9c, 0xf4, 0x94, 0xd4, 0x94, 0xd4, 0x94, 0xd4, 0x94, 0xb4, 0x94,
    0xb3, 0x94, 0xb3, 0x94, 0x93, 0x8c, 0x93, 0x8c, 0x93, 0x8c, 0x93, 0x8c,
    0x73, 0x8c, 0x72, 0x8c, 0x72, 0x84, 0x52, 0x84, 0x52, 0x84, 0x52, 0x84,
    0x52, 0x84, 0x32, 0x84, 0x32, 0x84, 0x31, 0x7c, 0x11, 0x7c, 0x11, 0x7c,
    0x11, 0x7c, 0xf1, 0x7b, 0xf1, 0x7b, 0xf1, 0x73, 0xd0, 0x73, 0xd0, 0x73,
    0xd0, 0x73, 0xd0, 0x73, 0xb0, 0x73, 0xb0, 0x6b, 0xb0, 0x6b, 0x8f, 0x6b,
    0x8f, 0x6b, 0x8f, 0x6b, 0x8f, 0x6b, 0x6f, 0x6b, 0x6f, 0x63, 0x6f, 0x63,
    0x18, 0xbe, 0xf8, 0xbd, 0xf8, 0xbd, 0xf8, 0xbd, 0xf8, 0xbd, 0xd8, 0xbd,
    0xd7, 0xb5, 0xd7, 0xb5, 0xb7, 0xb5, 0xb7, 0xb5, 0xb7, 0xb5, 0x97, 0xb5,
    0x97, 0xad, 0x96, 0xad, 0x96, 0xad, 0x76, 0xad, 0x76, 0xad, 0x76, 0xad,
    0x56, 0xa5, 0x56, 0xa5, 0x56, 0xa5, 0x35, 0xa5, 0x35, 0xa5, 0x35, 0xa5,
    0x35, 0xa5, 0x15, 0x9d, 0x15, 0x9d, 0x15, 0x9d, 0xf4, 0x9c, 0xf4, 0x9c,
    0xf4, 0x9c, 0xd4, 0x94, 0xd4, 0x94, 0xd4, 0x94, 0xd4, 0x94, 0xb3, 0x94,
    0xb3, 0x94, 0xb3, 0x94, 0x93, 0x8c, 0x93, 0x8c, 0x93, 0x8c, 0x73, 0x8c,
    0x73, 0x8c, 0x72, 0x8c, 0x72, 0x84, 0x52, 0x84, 0x52, 0x84, 0x52, 0x84,
    0x32, 0x84, 0x32, 0x84, 0x31, 0x7c, 0x11, 0x7c, 0x11, 0x7c, 0x11, 0x7c,
    0x11, 0x7c, 0xf1, 0x7b, 0xf1, 0x7b, 0xf0, 0x73, 0xd0, 0x73, 0xd0, 0x73,
    0xd0, 0x73, 0xb0, 0x73, 0xb0, 0x73, 0xb0, 0x6b, 0xaf, 0x6b, 0x8f, 0x6b,
    0x8f, 0x6b, 0x8f, 0x6b, 0x6f, 0x6b, 0x6f, 0x6b, 0x6f, 0x63, 0x4f, 0x63,
    0x4e, 0x63, 0x4e, 0x63, 0x4e, 0x63, 0xf8, 0xbd, 0xf8, 0xbd, 0xd8, 0xbd,
    0xd8, 0xb5, 0xd7, 0xb5, 0xd7, 0xb5, 0xb7, 0xb5, 0xb7, 0xb5, 0xb7, 0xb5,
    0x97, 0xb5, 0x97, 0xad, 0x96, 0xad, 0x76, 0xad, 0x76, 0xad, 0x76, 0xad,
    0x76, 0xad, 0x56, 0xa5, 0x56, 0xa5, 0x55, 0xa5, 0x35, 0xa5, 0x35, 0xa5,
    0x35, 0xa5, 0x15, 0x9d, 0x15, 0x9d, 0x15, 0x9d, 0x15, 0x9d, 0xf4, 0x9c,
    0xf4, 0x9c, 0xf4, 0x9c, 0xd4, 0x94, 0xd4, 0x94, 0xd4, 0x94, 0xb4, 0x94,
    0xb3, 0x94, 0xb3, 0x94, 0xb3, 0x8c, 0x93, 0x8c, 0x93, 0x8c, 0x93, 0x8c,
    0x73, 0x8c, 0x72, 0x8c, 0x72, 0x8c, 0x52, 0x84, 0x52, 0x84, 0x52, 0x84,
    0x52, 0x84, 0x32, 0x84, 0x32, 0x84, 0x31, 0x7c, 0x11, 0x7c, 0x11, 0x7c,
    0x11, 0x7c, 0xf1, 0x7b, 0xf1, 0x7b, 0xf1, 0x73, 0xf0, 0x73, 0xd0, 0x73,
    0xd0, 0x73, 0xd0, 0x73, 0xb0, 0x73, 0xb0, 0x73, 0xb0, 0x6b, 0x8f, 0x6b,
    0x8f, 0x6b, 0x8f, 0x6b, 0x8f, 0x6b, 0x6f, 0x6b, 0x6f, 0x63, 0x6f, 0x63,
    0x4f, 0x63, 0x4e, 0x63, 0x4e, 0x63, 0x2e, 0x63, 0x2e, 0x5b, 0x2e, 0x5b,
    0xd7, 0xb5, 0xd7, 0xb5, 0xb7, 0xb5, 0xb7, 0xb5, 0xb7, 0xb5, 0xb7, 0xb5,
    0x97, 0xad, 0x97, 0xad, 0x96, 0xad, 0x76, 0xad, 0x76, 0xad, 0x76, 0xad,
    0x56, 0xad, 0x56, 0xa5, 0x56, 0xa5, 0x55, 0xa5, 0x35, 0xa5, 0x35, 0xa5,
    0x35, 0xa5, 0x15, 0x9d, 0x15, 0x9d, 0x15, 0x9d, 0xf4, 0x9c, 0xf4, 0x9c,
    0xf4, 0x9c, 0xf4, 0x9c, 0xd4, 0x94, 0xd4, 0x94, 0xd4, 0x94, 0xb4, 0x94,
    0xb3, 0x94, 0xb3, 0x94, 0x93, 0x8c, 0x93, 0x8c, 0x93, 0x8c, 0x93, 0x8c,
    0x73, 0x8c, 0x72, 0x8c, 0x72, 0x84, 0x52, 0x84, 0x52, 0x84, 0x52, 0x84,
    0x32, 0x84, 0x32, 0x84, 0x31, 0x84, 0x31, 0x7c, 0x11, 0x7c, 0x11, 0x7c,
    0x11, 0x7c, 0xf1, 0x7b, 0xf1, 0x7b, 0xf1, 0x73, 0xd0, 0x73, 0xd0, 0x73,
    0xd0, 0x73, 0xd0, 0x73, 0xb0, 0x73, 0xb0, 0x73, 0xb0, 0x6b, 0x8f, 0x6b,
    0x8f, 0x6b, 0x8f, 0x6b, 0x6f, 0x6b, 0x6f, 0x6b, 0x6f, 0x63, 0x6f, 0x63,
    0x4e, 0x63, 0x4e, 0x63, 0x4e, 0x63, 0x2e, 0x63, 0x2e, 0x5b, 0x2e, 0x5b,
    0x0e, 0x5b, 0x0e, 0x5b, 0x0d, 0x5b, 0xb7, 0xb5, 0xb7, 0xb5, 0xb7, 0xb5,
    0x97, 0xb5, 0x97, 0xad, 0x96, 0xad, 0x96, 0xad, 0x76, 0xad, 0x76, 0xad,
    0x76, 0xad, 0x56, 0xa5, 0x56, 0xa5, 0x56, 0xa5, 0x35, 0xa5, 0x35, 0xa5,
    0x35, 0xa5, 0x15, 0xa5, 0x15, 0x9d, 0x15, 0x9d, 0x15, 0x9d, 0xf4, 0x9c,
    0xf4, 0x9c, 0xf4, 0x9c, 0xd4, 0x94, 0xd4, 0x94, 0xd4, 0x94, 0xd4, 0x94,
    0xb3, 0x94, 0xb3, 0x94, 0xb3, 0x94, 0x93, 0x8c, 0x93, 0x8c, 0x93, 0x8c,
    0x73, 0x8c, 0x73, 0x8c, 0x72, 0x8c, 0x52, 0x84, 0x52, 0x84, 0x52, 0x84,
    0x52, 0x84, 0x32, 0x84, 0x32, 0x84, 0x31, 0x7c, 0x11, 0x7c, 0x11, 0x7c,
    0x11, 0x7c, 0x11, 0x7c, 0xf1, 0x7b, 0xf1, 0x7b, 0xf0, 0x73, 0xd0, 0x73,
    0xd0, 0x73, 0xd0, 0x73, 0xb0, 0x73, 0xb0, 0x73, 0xb0, 0x6b, 0x8f, 0x6b,
    0x8f, 0x6b, 0x8f, 0x6b, 0x8f, 0x6b, 0x6f, 0x6b, 0x6f, 0x63, 0x6f, 0x63,
    0x4f, 0x63, 0x4e, 0x63, 0x4e, 0x63, 0x4e, 0x63, 0x2e, 0x63, 0x2e, 0x5b,
    0x2e, 0x5b, 0x0e, 0x5b, 0x0d, 0x5b, 0x0d, 0x5b, 0xed, 0x5a, 0xed, 0x52,
    0xf8, 0xbd, 0x97, 0xad, 0xf8, 0xbd, 0x1c, 0xe7, 0xd8, 0xbd, 0x76, 0xad,
    0xd7, 0xb5, 0x1c, 0xe7, 0xb7, 0xb5, 0x55, 0xa5, 0xb7, 0xb5, 0x1c, 0xe7,
    0x97, 0xb5, 0x15, 0x9d, 0x97, 0xad, 0xfc, 0xe6, 0x76, 0xad, 0xf4, 0x9c,
    0x76, 0xad, 0xfc, 0xde, 0x76, 0xad, 0xd4, 0x94, 0x56, 0xa5, 0xfb, 0xde,
    0x55, 0xa5, 0xb3, 0x94, 0x35, 0xa5, 0xfb, 0xde, 0x15, 0xa5, 0x93, 0x8c,
    0x15, 0x9d, 0xdb, 0xde, 0xf5, 0x9c, 0x52, 0x84, 0xf4, 0x9c, 0xbb, 0xde,
    0xd4, 0x9c, 0x31, 0x84, 0xd3, 0x94, 0xbb, 0xde, 0xb3, 0x94, 0x11, 0x7c,
    0xb3, 0x94, 0xbb, 0xd6, 0xb3, 0x94, 0xf1, 0x73, 0x93, 0x8c, 0xbb, 0xd6,
    0x93, 0x8c, 0xd0, 0x73, 0x72, 0x8c, 0xbb, 0xd6, 0x72, 0x8c, 0x8f, 0x6b,
    0x52, 0x84, 0x9a, 0xd6, 0x52, 0x84, 0x6f, 0x6b, 0x32, 0x84, 0x9a, 0xd6,
    0x31, 0x84, 0x4e, 0x63, 0x11, 0x7c, 0x9a, 0xd6, 0x11, 0x7c, 0x2e, 0x5b,
    0xf1, 0x7b, 0x9a, 0xce, 0xf1, 0x7b, 0x0d, 0x5b, 0xd0, 0x73, 0x7a, 0xce,
    0xd0, 0x73, 0xcd, 0x52, 0xb0, 0x73, 0x96, 0xad, 0x18, 0xbe, 0xbe, 0xf7,
    0xf8, 0xbd, 0x56, 0xa5, 0xf8, 0xbd, 0xbe, 0xf7, 0xd8, 0xbd, 0x35, 0xa5,
    0xd7, 0xb5, 0xbe, 0xf7, 0xb7, 0xb5, 0x15, 0x9d, 0xb7, 0xb5, 0xbe, 0xf7,
    0x97, 0xb5, 0xf4, 0x9c, 0x97, 0xad, 0xbe, 0xf7, 0x96, 0xad, 0xd4, 0x94,
    0x76, 0xad, 0xbe, 0xf7, 0x76, 0xad, 0x93, 0x8c, 0x56, 0xad, 0xbe, 0xf7,
    0x56, 0xa5, 0x73, 0x8c, 0x35, 0xa5, 0xbe, 0xf7, 0x35, 0xa5, 0x52, 0x84,
    0x15, 0xa5, 0x7d, 0xf7, 0xd3, 0xa4, 0xd0, 0x8b, 0x92, 0xa4, 0xfb, 0xf6,
    0xb3, 0x9c, 0xf0, 0x7b, 0xd4, 0x9c, 0x9e, 0xf7, 0xd4, 0x94, 0xd0, 0x73,
    0xd4, 0x94, 0xbe, 0xf7, 0xb3, 0x94, 0xb0, 0x73, 0xb3, 0x94, 0xbe, 0xf7,
    0x93, 0x94, 0x8f, 0x6b, 0x93, 0x8c, 0xbe, 0xf7, 0x73, 0x8c, 0x6f, 0x63,
    0x72, 0x8c, 0xbe, 0xf7, 0x72, 0x8c, 0x4e, 0x63, 0x52, 0x84, 0xbe, 0xf7,
    0x52, 0x84, 0x0e, 0x5b, 0x32, 0x84, 0xbe, 0xf7, 0x31, 0x84, 0xed, 0x52,
    0x11, 0x7c, 0xbe, 0xf7, 0x11, 0x7c, 0xcd, 0x52, 0xf1, 0x7b, 0xbe, 0xf7,
    0xf8, 0xbd, 0xbe, 0xf7, 0xf8, 0xbd, 0x56, 0xa5, 0xd7, 0xbd, 0xbe, 0xf7,
    0xd7, 0xb5, 0x35, 0xa5, 0xb7, 0xb5, 0xbe, 0xf7, 0xb7, 0xb5, 0xf4, 0x9c,
    0x97, 0xb5, 0xbe, 0xf7, 0x97, 0xad, 0xd4, 0x94, 0x96, 0xad, 0xbe, 0xf7,
    0x76, 0xad, 0xb3, 0x94, 0x76, 0xad, 0xbe, 0xf7, 0x56, 0xad, 0x93, 0x8c,
    0x56, 0xa5, 0xbe, 0xf7, 0x35, 0xa5, 0x72, 0x84, 0x35, 0xa5, 0xbe, 0xf7,
    0x15, 0xa5, 0x32, 0x84, 0x15, 0x9d, 0x5d, 0xf7, 0x72, 0xa4, 0x4e, 0x93,
    0x8e, 0xab, 0x34, 0xf5, 0x8e, 0xab, 0x2d, 0x8b, 0x52, 0x9c, 0x5d, 0xf7,
    0xb4, 0x94, 0xd0, 0x73, 0xb3, 0x94, 0xbe, 0xf7, 0xb3, 0x94, 0xb0, 0x6b,
    0x93, 0x8c, 0xbe, 0xf7, 0x93, 0x8c, 0x6f, 0x6b, 0x73, 0x8c, 0xbe, 0xf7,
    0x72, 0x8c, 0x4e, 0x63, 0x72, 0x84, 0xbe, 0xf7, 0x52, 0x84, 0x2e, 0x5b,
    0x52, 0x84, 0xbe, 0xf7, 0x32, 0x84, 0x0d, 0x5b, 0x31, 0x84, 0xbe, 0xf7,
    0x11, 0x7c, 0xed, 0x52, 0x11, 0x7c, 0xbe, 0xf7, 0xf1, 0x7b, 0xac, 0x52,
    0xf1, 0x7b, 0xbe, 0xf7, 0xd0, 0x73, 0xbe, 0xf7, 0xd8, 0xbd, 0x35, 0xa5,
    0xd7, 0xb5, 0xbe, 0xf7, 0xb7, 0xb5, 0x15, 0x9d, 0xb7, 0xb5, 0xbe, 0xf7,
    0x97, 0xb5, 0xf4, 0x9c, 0x97, 0xb5, 0xbe, 0xf7, 0x96, 0xad, 0xd4, 0x94,
    0x76, 0xad, 0xbe, 0xf7, 0x76, 0xad, 0x93, 0x8c, 0x56, 0xad, 0xbe, 0xf7,
    0x56, 0xa5, 0x73, 0x8c, 0x35, 0xa5, 0xbe, 0xf7, 0x35, 0xa5, 0x52, 0x84,
    0x35, 0xa5, 0xbe, 0xf7, 0x15, 0x9d, 0x31, 0x84, 0xf4, 0x9c, 0x7d, 0xf7,
    0x72, 0xa4, 0x0d, 0x93, 0xec, 0xd2, 0x69, 0xfa, 0x69, 0xfa, 0x69, 0xfa,
    0xec, 0xd2, 0xd7, 0xf5, 0x52, 0x9c, 0xaf, 0x73, 0xb3, 0x94, 0xbe, 0xf7,
    0x93, 0x94, 0x8f, 0x6b, 0x93, 0x8c, 0xbe, 0xf7, 0x73, 0x8c, 0x6f, 0x63,
    0x73, 0x8c, 0xbe, 0xf7, 0x72, 0x8c, 0x4e, 0x63, 0x52, 0x84, 0xbe, 0xf7,
    0x52, 0x84, 0x0e, 0x5b, 0x32, 0x84, 0xbe, 0xf7, 0x31, 0x84, 0xed, 0x5a,
    0x11, 0x7c, 0xbe, 0xf7, 0x11, 0x7c, 0xcd, 0x52, 0x11, 0x7c, 0xbe, 0xf7,
    0xf1, 0x7b, 0xac, 0x4a, 0xf0, 0x7b, 0xbe, 0xf7, 0xd0, 0x73, 0x8b, 0x4a,
    0xd7, 0xb5, 0x35, 0xa5, 0xb7, 0xb5, 0xbe, 0xf7, 0xb7, 0xb5, 0xf4, 0x9c,
    0x97, 0xb5, 0xbe, 0xf7, 0x97, 0xad, 0xd4, 0x94, 0x96, 0xad, 0xbe, 0xf7,
    0x76, 0xad, 0xb3, 0x94, 0x76, 0xad, 0xbe, 0xf7, 0x56, 0xad, 0x93, 0x8c,
    0x56, 0xa5, 0xbe, 0xf7, 0x35, 0xa5, 0x72, 0x84, 0x35, 0xa5, 0xbe, 0xf7,
    0x15, 0xa5, 0x32, 0x84, 0x15, 0x9d, 0xbe, 0xf7, 0xf4, 0x9c, 0x11, 0x7c,
    0xf4, 0x9c, 0x9e, 0xf7, 0xb3, 0x9c, 0x4e, 0x8b, 0xec, 0xd2, 0x69, 0xfa,
    0x69, 0xfa, 0x69, 0xfa, 0x69, 0xfa, 0x69, 0xfa, 0xec, 0xca, 0x0d, 0x83,
    0x72, 0x94, 0x9e, 0xf7, 0x93, 0x8c, 0x6f, 0x6b, 0x73, 0x8c, 0xbe, 0xf7,
    0x72, 0x8c, 0x4e, 0x63, 0x72, 0x8c, 0xbe, 0xf7, 0x52, 0x84, 0x2e, 0x5b,
    0x52, 0x84, 0xbe, 0xf7, 0x32, 0x84, 0x0d, 0x5b, 0x31, 0x84, 0xbe, 0xf7,
    0x11, 0x7c, 0xed, 0x52, 0x11, 0x7c, 0xbe, 0xf7, 0xf1, 0x7b, 0xac, 0x52,
    0xf1, 0x7b, 0xbe, 0xf7, 0xd0, 0x73, 0x8c, 0x4a, 0xd0, 0x73, 0xbe, 0xf7,
    0xd0, 0x73, 0x6b, 0x42, 0xb0, 0x73, 0x15, 0x9d, 0xb7, 0xb5, 0xbe, 0xf7,
    0xb7, 0xb5, 0xf4, 0x9c, 0x97, 0xb5, 0xbe, 0xf7, 0x96, 0xad, 0xd4, 0x94,
    0x76, 0xad, 0xbe, 0xf7, 0x76, 0xad, 0xb3, 0x8c, 0x56, 0xad, 0xbe, 0xf7,
    0x56, 0xa5, 0x73, 0x8c, 0x35, 0xa5, 0xbe, 0xf7, 0x35, 0xa5, 0x52, 0x84,
    0x35, 0xa5, 0xbe, 0xf7, 0x15, 0x9d, 0x32, 0x84, 0x15, 0x9d, 0xbe, 0xf7,
    0xf4, 0x9c, 0x11, 0x7c, 0xf4, 0x9c, 0xbe, 0xf7, 0xd4, 0x9c, 0x8f, 0x7b,
    0xaf, 0xab, 0xcb, 0xfa, 0x69, 0xfa, 0x69, 0xfa, 0x69, 0xfa, 0x69, 0xfa,
    0x69, 0xfa, 0x49, 0xea, 0x8e, 0xa3, 0x1c, 0xf7, 0x72, 0x8c, 0x6f, 0x63,
    0x73, 0x8c, 0xbe, 0xf7, 0x72, 0x8c, 0x4e, 0x63, 0x52, 0x84, 0xbe, 0xf7,
    0x52, 0x84, 0x2e, 0x5b, 0x32, 0x84, 0xbe, 0xf7, 0x31, 0x84, 0xed, 0x5a,
    0x11, 0x7c, 0xbe, 0xf7, 0x11, 0x7c, 0xcd, 0x52, 0x11, 0x7c, 0xbe, 0xf7,
    0xf1, 0x7b, 0xac, 0x4a, 0xf0, 0x7b, 0xbe, 0xf7, 0xd0, 0x73, 0x8b, 0x4a,
    0xd0, 0x73, 0xbe, 0xf7, 0xb0, 0x73, 0x6b, 0x42, 0xb0, 0x73, 0xbe, 0xf7,
    0x6e, 0x73, 0x51, 0x8c, 0x6d, 0x73, 0x2c, 0x6b, 0x6d, 0x73, 0x31, 0x8c,
    0x6d, 0x73, 0x0c, 0x63, 0x4d, 0x73, 0x31, 0x8c, 0x4d, 0x6b, 0x0c, 0x63,
    0x4d, 0x6b, 0x30, 0x8c, 0x4d, 0x6b, 0x0c, 0x63, 0x4d, 0x6b, 0x30, 0x8c,
    0x4d, 0x6b, 0xec, 0x62, 0x4d, 0x6b, 0x10, 0x8c, 0x2d, 0x6b, 0xec, 0x62,
    0x2d, 0x6b, 0x10, 0x84, 0x2d, 0x6b, 0xeb, 0x62, 0x2d, 0x6b, 0x10, 0x84,
    0x2c, 0x6b, 0xcb, 0x62, 0xeb, 0x72, 0x0c, 0x9b, 0x49, 0xf2, 0x69, 0xfa,
    0x69, 0xfa, 0x69, 0xfa, 0x69, 0xfa, 0x69, 0xfa, 0x49, 0xf2, 0xec, 0x9a,
    0xcb, 0x6a, 0xab, 0x5a, 0x0c, 0x63, 0xf0, 0x83, 0x0c, 0x63, 0xab, 0x5a,
    0x0c, 0x63, 0xf0, 0x83, 0x0c, 0x63, 0xab, 0x5a, 0xec, 0x62, 0xef, 0x83,
    0xec, 0x62, 0xab, 0x5a, 0xec, 0x62, 0xcf, 0x83, 0xec, 0x62, 0x8a, 0x52,
    0xec, 0x62, 0xcf, 0x7b, 0xec, 0x62, 0x8a, 0x52, 0xcb, 0x5a, 0xcf, 0x7b,
    0xcb, 0x5a, 0x8a, 0x52, 0xcb, 0x5a, 0xcf, 0x7b, 0xcb, 0x5a, 0x6a, 0x52,
    0xcb, 0x5a, 0xcf, 0x7b, 0xcb, 0x5a, 0x8a, 0x5a, 0x8a, 0x5a, 0x8a, 0x5a,
    0x8a, 0x5a, 0x8a, 0x5a, 0x8a, 0x5a, 0x8a, 0x5a, 0x8a, 0x5a, 0x8a, 0x5a,
    0x8a, 0x5a, 0x8a, 0x5a, 0x8a, 0x5a, 0x8a, 0x5a, 0x8a, 0x5a, 0x8a, 0x5a,
    0x8a, 0x5a, 0x8a, 0x5a, 0x8a, 0x5a, 0x8a, 0x5a, 0x8a, 0x5a, 0x8a, 0x5a,
    0x8a, 0x5a, 0x8a, 0x5a, 0x8a, 0x5a, 0x8a, 0x5a, 0x8a, 0x5a, 0x8a, 0x5a,
    0x8a, 0x5a, 0x8a, 0x5a, 0x8a, 0x5a, 0x8a, 0x5a, 0x8a, 0x5a, 0x69, 0x62,
    0x08, 0x72, 0x28, 0xd2, 0x69, 0xfa, 0x69, 0xfa, 0x69, 0xfa, 0x69, 0xfa,
    0x69, 0xfa, 0x28, 0xd2, 0x08, 0x72, 0x69, 0x62, 0x8a, 0x5a, 0x8a, 0x5a,
    0x8a, 0x5a, 0x8a, 0x5a, 0x8a, 0x5a, 0x8a, 0x5a, 0x8a, 0x5a, 0x8a, 0x5a,
    0x8a, 0x5a, 0x8a, 0x5a, 0x8a, 0x5a, 0x8a, 0x5a, 0x8a, 0x5a, 0x8a, 0x5a,
    0x8a, 0x5a, 0x8a, 0x5a, 0x8a, 0x5a, 0x8a, 0x5a, 0x8a, 0x5a, 0x8a, 0x5a,
    0x8a, 0x5a, 0x8a, 0x5a, 0x8a, 0x5a, 0x8a, 0x5a, 0x8a, 0x5a, 0x8a, 0x5a,
    0x8a, 0x5a, 0x8a, 0x5a, 0x8a, 0x5a, 0x8a, 0x5a, 0x8a, 0x5a, 0x8a, 0x5a,
    0x8a, 0x5a, 0x8a, 0x5a, 0x8a, 0x5a, 0x8a, 0x5a, 0x8a, 0x5a, 0x8a, 0x5a,
    0x8a, 0x5a, 0x8a, 0x5a, 0x8a, 0x5a, 0x8a, 0x5a, 0x8a, 0x5a, 0x8a, 0x5a,
    0x8a, 0x5a, 0x8a, 0x5a, 0x8a, 0x5a, 0x8a, 0x5a, 0x8a, 0x5a, 0x8a, 0x5a,
    0x8a, 0x5a, 0x8a, 0x5a, 0x8a, 0x5a, 0x8a, 0x5a, 0x8a, 0x5a, 0x8a, 0x5a,
    0x8a, 0x5a, 0x8a, 0x5a, 0x8a, 0x5a, 0x8a, 0x5a, 0x8a, 0x5a, 0x8a, 0x5a,
    0x8a, 0x5a, 0x8a, 0x5a, 0x69, 0x5a, 0x28, 0x6a, 0x08, 0x8a, 0x49, 0xf2,
    0x69, 0xfa, 0x69, 0xfa, 0x69, 0xfa, 0x49, 0xf2, 0x08, 0x8a, 0x28, 0x6a,
    0x69, 0x5a, 0x8a, 0x5a, 0x8a, 0x5a, 0x8a, 0x5a, 0x8a, 0x5a, 0x8a, 0x5a,
    0x8a, 0x5a, 0x8a, 0x5a, 0x8a, 0x5a, 0x8a, 0x5a, 0x8a, 0x5a, 0x8a, 0x5a,
    0x8a, 0x5a, 0x8a, 0x5a, 0x8a, 0x5a, 0x8a, 0x5a, 0x8a, 0x5a, 0x8a, 0x5a,
    0x8a, 0x5a, 0x8a, 0x5a, 0x8a, 0x5a, 0x8a, 0x5a, 0x8a, 0x5a, 0x8a, 0x5a,
    0x8a, 0x5a, 0x8a, 0x5a, 0x8a, 0x5a, 0x8a, 0x5a, 0x8a, 0x5a, 0x8a, 0x5a,
    0x8a, 0x5a, 0x8a, 0x5a, 0x8a, 0x5a, 0x8a, 0x5a, 0x8a, 0x5a, 0x8a, 0x5a,
    0x8a, 0x5a, 0x8a, 0x5a, 0x8a, 0x5a, 0x8a, 0x5a, 0x8a, 0x5a, 0x8a, 0x5a,
    0x8a, 0x5a, 0x8a, 0x5a, 0x8a, 0x5a, 0x8a, 0x5a, 0x8a, 0x5a, 0x8a, 0x5a,
    0x8a, 0x5a, 0x8a, 0x5a, 0x8a, 0x5a, 0x8a, 0x5a, 0x8a, 0x5a, 0x8a, 0x5a,
    0x8a, 0x5a, 0x8a, 0x5a, 0x8a, 0x5a, 0x8a, 0x5a, 0x8a, 0x5a, 0x8a, 0x5a,
    0x8a, 0x5a, 0x8a, 0x5a, 0x8a, 0x5a, 0x8a, 0x5a, 0x8a, 0x5a, 0x69, 0x5a,
    0x49, 0x62, 0x08, 0x6a, 0x86, 0xa9, 0xe7, 0xe9, 0x08, 0xea, 0xe7, 0xe9,
    0x65, 0xc1, 0x08, 0x6a, 0x49, 0x62, 0x69, 0x5a, 0x8a, 0x5a, 0x8a, 0x5a,
    0x8a, 0x5a, 0x8a, 0x5a, 0x8a, 0x5a, 0x8a, 0x5a, 0x8a, 0x5a, 0x8a, 0x5a,
    0x8a, 0x5a, 0x8a, 0x5a, 0x8a, 0x5a, 0x8a, 0x5a, 0x8a, 0x5a, 0x8a, 0x5a,
    0x8a, 0x5a, 0x8a, 0x5a, 0x8a, 0x5a, 0x8a, 0x5a, 0x8a, 0x5a, 0x8a, 0x5a,
    0x8a, 0x5a, 0x8a, 0x5a, 0x8a, 0x5a, 0x8a, 0x5a, 0x8a, 0x5a, 0x8a, 0x5a,
    0x8a, 0x5a, 0x8a, 0x5a, 0x8a, 0x5a, 0x8a, 0x5a, 0x8a, 0x5a, 0x8a, 0x5a,
    0x69, 0x52, 0x69, 0x5a, 0x69, 0x5a, 0x69, 0x5a, 0x69, 0x5a, 0x69, 0x5a,
    0x69, 0x5a, 0x69, 0x5a, 0x69, 0x52, 0x69, 0x5a, 0x69, 0x5a, 0x69, 0x5a,
    0x69, 0x5a, 0x69, 0x5a, 0x69, 0x5a, 0x69, 0x5a, 0x69, 0x52, 0x69, 0x5a,
    0x69, 0x5a, 0x69, 0x5a, 0x69, 0x5a, 0x69, 0x5a, 0x69, 0x5a, 0x69, 0x5a,
    0x69, 0x52, 0x69, 0x5a, 0x69, 0x5a, 0x69, 0x5a, 0x69, 0x5a, 0x69, 0x5a,
    0x69, 0x5a, 0x69, 0x5a, 0x69, 0x5a, 0x69, 0x5a, 0x28, 0x9a, 0xc7, 0xd1,
    0xa6, 0xd1, 0x86, 0xd1, 0xa6, 0xd1, 0xc7, 0xd1, 0x29, 0x7a, 0x69, 0x5a,
    0x69, 0x5a, 0x69, 0x5a, 0x69, 0x5a, 0x69, 0x5a, 0x69, 0x5a, 0x69, 0x5a,
    0x69, 0x52, 0x69, 0x5a, 0x69, 0x5a, 0x69, 0x5a, 0x69, 0x5a, 0x69, 0x5a,
    0x69, 0x5a, 0x69, 0x5a, 0x69, 0x52, 0x69, 0x5a, 0x69, 0x5a, 0x69, 0x5a,
    0x69, 0x5a, 0x69, 0x5a, 0x69, 0x5a, 0x69, 0x5a, 0x69, 0x52, 0x69, 0x5a,
    0x69, 0x5a, 0x69, 0x5a, 0x69, 0x5a, 0x69, 0x5a, 0x69, 0x5a, 0x69, 0x5a,
    0x69, 0x52, 0x69, 0x5a, 0x69, 0x5a, 0x69, 0x5a, 0x69, 0x5a, 0x69, 0x5a,
    0x69, 0x5a, 0x69, 0x5a, 0x69, 0x5a, 0x69, 0x5a, 0x69, 0x5a, 0x69, 0x5a,
    0x69, 0x5a, 0x69, 0x5a, 0x69, 0x5a, 0x69, 0x5a, 0x69, 0x5a, 0x69, 0x5a,
    0x69, 0x5a, 0x69, 0x5a, 0x69, 0x5a, 0x69, 0x5a, 0x69, 0x5a, 0x69, 0x5a,
    0x69, 0x5a, 0x69, 0x5a, 0x69, 0x5a, 0x69, 0x5a, 0x69, 0x5a, 0x69, 0x5a,
    0x69, 0x5a, 0x69, 0x5a, 0x69, 0x5a, 0x69, 0x5a, 0x69, 0x5a, 0x69, 0x5a,
    0x69, 0x5a, 0x49, 0x92, 0x08, 0xd2, 0x08, 0xd2, 0x08, 0xd2, 0x08, 0xd2,
    0x08, 0xd2, 0x29, 0xb2, 0x69, 0x5a, 0x69, 0x5a, 0x69, 0x5a, 0x69, 0x5a,
    0x69, 0x5a, 0x69, 0x5a, 0x69, 0x5a, 0x69, 0x5a, 0x69, 0x5a, 0x69, 0x5a,
    0x69, 0x5a, 0x69, 0x5a, 0x69, 0x5a, 0x69, 0x5a, 0x69, 0x5a, 0x69, 0x5a,
    0x69, 0x5a, 0x69, 0x5a, 0x69, 0x5a, 0x69, 0x5a, 0x69, 0x5a, 0x69, 0x5a,
    0x69, 0x5a, 0x69, 0x5a, 0x69, 0x5a, 0x69, 0x5a, 0x69, 0x5a, 0x69, 0x5a,
    0x69, 0x5a, 0x69, 0x5a, 0x69, 0x5a, 0x69, 0x5a, 0x69, 0x5a, 0x69, 0x5a,
    0x69, 0x52, 0x69, 0x52, 0x69, 0x52, 0x69, 0x52, 0x69, 0x52, 0x69, 0x52,
    0x69, 0x52, 0x69, 0x52, 0x69, 0x52, 0x69, 0x52, 0x69, 0x52, 0x69, 0x52,
    0x69, 0x52, 0x69, 0x52, 0x69, 0x52, 0x69, 0x52, 0x69, 0x52, 0x69, 0x52,
    0x69, 0x52, 0x69, 0x52, 0x69, 0x52, 0x69, 0x52, 0x69, 0x52, 0x69, 0x52,
    0x69, 0x52, 0x69, 0x52, 0x69, 0x52, 0x69, 0x52, 0x69, 0x52, 0x69, 0x52,
    0x69, 0x52, 0x69, 0x52, 0x69, 0x52, 0x69, 0x92, 0x49, 0xd2, 0x49, 0xd2,
    0x49, 0xd2, 0x49, 0xd2, 0x49, 0xd2, 0x49, 0xd2, 0x49, 0xd2, 0x69, 0x72,
    0x69, 0x52, 0x69, 0x52, 0x69, 0x52, 0x69, 0x52, 0x69, 0x52, 0x69, 0x52,
    0x69, 0x52, 0x69, 0x52, 0x69, 0x52, 0x69, 0x52, 0x69, 0x52, 0x69, 0x52,
    0x69, 0x52, 0x69, 0x52, 0x69, 0x52, 0x69, 0x52, 0x69, 0x52, 0x69, 0x52,
    0x69, 0x52, 0x69, 0x52, 0x69, 0x52, 0x69, 0x52, 0x69, 0x52, 0x69, 0x52,
    0x69, 0x52, 0x69, 0x52, 0x69, 0x52, 0x69, 0x52, 0x69, 0x52, 0x69, 0x52,
    0x69, 0x52, 0x69, 0x52, 0x69, 0x52, 0x69, 0x52, 0x69, 0x52, 0x69, 0x52,
    0x69, 0x52, 0x69, 0x52, 0x69, 0x52, 0x69, 0x52, 0x69, 0x52, 0x69, 0x52,
    0x69, 0x52, 0x69, 0x52, 0x69, 0x52, 0x69, 0x52, 0x69, 0x52, 0x69, 0x52,
    0x69, 0x52, 0x69, 0x52, 0x69, 0x52, 0x69, 0x52, 0x69, 0x52, 0x69, 0x52,
    0x69, 0x52, 0x69, 0x52, 0x69, 0x52, 0x69, 0x52, 0x69, 0x52, 0x69, 0x52,
    0x69, 0x52, 0x69, 0x52, 0x69, 0x52, 0x69, 0x52, 0x69, 0x52, 0x69, 0x52,
    0x6a, 0x92, 0x6a, 0xd2, 0x8a, 0xd2, 0x6a, 0xd2, 0x8a, 0xd2, 0x6a, 0xd2,
    0x8a, 0xd2, 0x6a, 0xd2, 0x8a, 0xb2, 0x69, 0x52, 0x69, 0x52, 0x69, 0x52,
    0x69, 0x52, 0x69, 0x52, 0x69, 0x52, 0x69, 0x52, 0x69, 0x52, 0x69, 0x52,
    0x69, 0x52, 0x69, 0x52, 0x69, 0x52, 0x69, 0x52, 0x69, 0x52, 0x69, 0x52,
    0x69, 0x52, 0x69, 0x52, 0x69, 0x52, 0x69, 0x52, 0x69, 0x52, 0x69, 0x52,
    0x69, 0x52, 0x69, 0x52, 0x69, 0x52, 0x69, 0x52, 0x69, 0x52, 0x69, 0x52,
    0x69, 0x52, 0x69, 0x52, 0x69, 0x52, 0x69, 0x52, 0x69, 0x52, 0x69, 0x52,
    0x69, 0x52, 0x69, 0x52, 0x69, 0x52, 0x69, 0x52, 0x69, 0x52, 0x69, 0x52,
    0x69, 0x52, 0x69, 0x52, 0x69, 0x52, 0x69, 0x52, 0x69, 0x52, 0x69, 0x52,
    0x69, 0x52, 0x69, 0x52, 0x69, 0x52, 0x69, 0x52, 0x69, 0x52, 0x69, 0x52,
    0x69, 0x52, 0x69, 0x52, 0x69, 0x52, 0x69, 0x52, 0x69, 0x52, 0x69, 0x52,
    0x69, 0x52, 0x69, 0x52, 0x69, 0x52, 0x69, 0x52, 0x69, 0x52, 0x69, 0x52,
    0x69, 0x52, 0x69, 0x52, 0x8a, 0x9a, 0xab, 0xda, 0xab, 0xda, 0xab, 0xda,
    0xab, 0xda, 0xab, 0xda, 0xab, 0xda, 0xab, 0xda, 0xab, 0xda, 0xab, 0xda,
    0x6a, 0x72, 0x69, 0x52, 0x69, 0x52, 0x69, 0x52, 0x69, 0x52, 0x69, 0x52,
    0x69, 0x52, 0x69, 0x52, 0x69, 0x52, 0x69, 0x52, 0x69, 0x52, 0x69, 0x52,
    0x69, 0x52, 0x69, 0x52, 0x69, 0x52, 0x69, 0x52, 0x69, 0x52, 0x69, 0x52,
    0x69, 0x52, 0x69, 0x52, 0x69, 0x52, 0x69, 0x52, 0x69, 0x52, 0x69, 0x52,
    0x69, 0x52, 0x69, 0x52, 0x69, 0x52, 0x69, 0x52, 0x69, 0x52, 0x69, 0x52,
    0x69, 0x52, 0x69, 0x52, 0x69, 0x52, 0x69, 0x52, 0x69, 0x52, 0x69, 0x52,
    0x69, 0x52, 0x69, 0x52, 0x69, 0x52, 0x69, 0x52, 0x69, 0x52, 0x69, 0x52,
    0x69, 0x52, 0x69, 0x52, 0x69, 0x52, 0x69, 0x52, 0x69, 0x52, 0x69, 0x52,
    0x69, 0x52, 0x69, 0x52, 0x69, 0x52, 0x69, 0x52, 0x69, 0x52, 0x69, 0x52,
    0x69, 0x52, 0x69, 0x52, 0x69, 0x52, 0x69, 0x52, 0x69, 0x52, 0x69, 0x52,
    0x69, 0x52, 0x69, 0x52, 0x69, 0x52, 0x69, 0x52, 0x69, 0x52, 0xaa, 0x9a,
    0xcb, 0xda, 0xcb, 0xda, 0xcb, 0xda, 0xcb, 0xda, 0xcb, 0xda, 0xcb, 0xda,
    0xcb, 0xda, 0xcb, 0xda, 0xcb, 0xda, 0xab, 0xba, 0x69, 0x52, 0x69, 0x52,
    0x69, 0x52, 0x69, 0x52, 0x69, 0x52, 0x69, 0x52, 0x69, 0x52, 0x69, 0x52,
    0x69, 0x52, 0x69, 0x52, 0x69, 0x52, 0x69, 0x52, 0x69, 0x52, 0x69, 0x52,
    0x69, 0x52, 0x69, 0x52, 0x69, 0x52, 0x69, 0x52, 0x69, 0x52, 0x69, 0x52,
    0x69, 0x52, 0x69, 0x52, 0x69, 0x52, 0x69, 0x52, 0x69, 0x52, 0x69, 0x52,
    0x69, 0x52, 0x69, 0x52, 0x69, 0x52, 0x69, 0x52, 0x69, 0x52, 0x69, 0x52,
    0x69, 0x52, 0x69, 0x52, 0x69, 0x52, 0x69, 0x52, 0x69, 0x52, 0x69, 0x52,
    0x69, 0x52, 0x69, 0x52, 0x69, 0x52, 0x69, 0x52, 0x69, 0x52, 0x69, 0x52,
    0x69, 0x52, 0x69, 0x52, 0x69, 0x52, 0x69, 0x52, 0x69, 0x52, 0x69, 0x52,
    0x69, 0x52, 0x69, 0x52, 0x69, 0x52, 0x69, 0x52, 0x69, 0x52, 0x69, 0x52,
    0x69, 0x52, 0x69, 0x52, 0x69, 0x52, 0x69, 0x52, 0x69, 0x52, 0x69, 0x52,
    0x69, 0x52, 0xab, 0x9a, 0xec, 0xda, 0xec, 0xda, 0xec, 0xda, 0xec, 0xda,
    0xec, 0xda, 0xec, 0xda, 0xec, 0xda, 0xec, 0xda, 0xec, 0xda, 0xec, 0xda,
    0xec, 0xda, 0x8a, 0x7a, 0x69, 0x52, 0x69, 0x52, 0x69, 0x52, 0x69, 0x52,
    0x69, 0x52, 0x69, 0x52, 0x69, 0x52, 0x69, 0x52, 0x69, 0x52, 0x69, 0x52,
    0x69, 0x52, 0x69, 0x52, 0x69, 0x52, 0x69, 0x52, 0x69, 0x52, 0x69, 0x52,
    0x69, 0x52, 0x69, 0x52, 0x69, 0x52, 0x69, 0x52, 0x69, 0x52, 0x69, 0x52,
    0x69, 0x52, 0x69, 0x52, 0x69, 0x52, 0x69, 0x52, 0x69, 0x52, 0x69, 0x52,
    0x69, 0x52, 0x69, 0x52, 0x69, 0x52, 0x69, 0x52, 0x69, 0x52, 0x69, 0x52,
    0x69, 0x52, 0x69, 0x52, 0x69, 0x52, 0x69, 0x52, 0x69, 0x52, 0x69, 0x52,
    0x69, 0x52, 0x69, 0x52, 0x69, 0x52, 0x69, 0x52, 0x69, 0x52, 0x69, 0x52,
    0x69, 0x52, 0x69, 0x52, 0x69, 0x52, 0x69, 0x52, 0x69, 0x52, 0x69, 0x52,
    0x69, 0x52, 0x69, 0x52, 0x69, 0x52, 0x69, 0x52, 0x69, 0x52, 0x69, 0x52,
    0x69, 0x52, 0x69, 0x52, 0x69, 0x52, 0x69, 0x52, 0xcb, 0x9a, 0x2d, 0xdb,
    0x2d, 0xdb, 0x2d, 0xdb, 0x2d, 0xdb, 0x2d, 0xdb, 0x2d, 0xdb, 0x2d, 0xdb,
    0x2d, 0xdb, 0x2d, 0xdb, 0x2d, 0xdb, 0x2d, 0xdb, 0xec, 0xba, 0x69, 0x52,
    0x69, 0x52, 0x69, 0x52, 0x69, 0x52, 0x69, 0x52, 0x69, 0x52, 0x69, 0x52,
    0x69, 0x52, 0x69, 0x52, 0x69, 0x52, 0x69, 0x52, 0x69, 0x52, 0x69, 0x52,
    0x69, 0x52, 0x69, 0x52, 0x69, 0x52, 0x69, 0x52, 0x69, 0x52, 0x69, 0x52,
    0x69, 0x52, 0x69, 0x52, 0x69, 0x52, 0x69, 0x52, 0x69, 0x52, 0x69, 0x52,
    0x69, 0x52, 0x69, 0x52, 0x69, 0x52, 0x69, 0x52, 0x69, 0x52, 0x69, 0x52,
    0x49, 0x52, 0x49, 0x52, 0x49, 0x52, 0x49, 0x52, 0x49, 0x52, 0x49, 0x52,
    0x49, 0x52, 0x49, 0x52, 0x49, 0x52, 0x49, 0x52, 0x49, 0x52, 0x49, 0x52,
    0x49, 0x52, 0x49, 0x52, 0x49, 0x52, 0x49, 0x52, 0x49, 0x52, 0x49, 0x52,
    0x49, 0x52, 0x49, 0x52, 0x49, 0x52, 0x49, 0x52, 0x49, 0x52, 0x49, 0x52,
    0x49, 0x52, 0x49, 0x52, 0x49, 0x52, 0x49, 0x52, 0x49, 0x52, 0x49, 0x52,
    0x8a, 0x7a, 0x0c, 0xbb, 0x0c, 0xbb, 0x0c, 0xbb, 0x0c, 0xbb, 0x0c, 0xbb,
    0x0c, 0xbb, 0x0c, 0xbb, 0x0c, 0xbb, 0x0c, 0xbb, 0x0c, 0xbb, 0x0c, 0xbb,
    0x0c, 0xbb, 0x0c, 0xbb, 0x8a, 0x7a, 0x49, 0x52, 0x49, 0x52, 0x49, 0x52,
    0x49, 0x52, 0x49, 0x52, 0x49, 0x52, 0x49, 0x52, 0x49, 0x52, 0x49, 0x52,
    0x49, 0x52, 0x49, 0x52, 0x49, 0x52, 0x49, 0x52, 0x49, 0x52, 0x49, 0x52,
    0x49, 0x52, 0x49, 0x52, 0x49, 0x52, 0x49, 0x52, 0x49, 0x52, 0x49, 0x52,
    0x49, 0x52, 0x49, 0x52, 0x49, 0x52, 0x49, 0x52, 0x49, 0x52, 0x49, 0x52,
    0x49, 0x52, 0x49, 0x52, 0x49, 0x52, 0x49, 0x52, 0x49, 0x52, 0x49, 0x52,
    0x49, 0x52, 0x49, 0x52, 0x49, 0x52, 0x49, 0x52, 0x49, 0x52, 0x49, 0x52,
    0x49, 0x52, 0x49, 0x52, 0x49, 0x52, 0x49, 0x52, 0x49, 0x52, 0x49, 0x52,
    0x49, 0x52, 0x49, 0x52, 0x49, 0x52, 0x49, 0x52, 0x49, 0x52, 0x49, 0x52,
    0x49, 0x52, 0x49, 0x52, 0x49, 0x52, 0x49, 0x52, 0x49, 0x52, 0x49, 0x52,
    0x49, 0x52, 0x49, 0x52, 0x49, 0x52, 0x49, 0x52, 0x49, 0x52, 0x49, 0x52,
    0x49, 0x52, 0x49, 0x52, 0x49, 0x52, 0x49, 0x52, 0x49, 0x52, 0x49, 0x52,
    0x49, 0x52, 0x49, 0x52, 0x49, 0x52, 0x49, 0x52, 0x49, 0x52, 0x49, 0x52,
    0x49, 0x52, 0x49, 0x52, 0x49, 0x52, 0x49, 0x52, 0x49, 0x52, 0x49, 0x52,
    0x49, 0x52, 0x49, 0x52, 0x49, 0x52, 0x49, 0x52, 0x49, 0x52, 0x49, 0x52,
    0x49, 0x52, 0x49, 0x52, 0x49, 0x52, 0x49, 0x52, 0x49, 0x52, 0x49, 0x52,
    0x49, 0x52, 0x49, 0x52, 0x49, 0x52, 0x49, 0x52, 0x49, 0x52, 0x49, 0x52,
    0x49, 0x52, 0x49, 0x52, 0x49, 0x52, 0x49, 0x52, 0x49, 0x52, 0x49, 0x52,
    0x49, 0x52, 0x49, 0x52, 0x49, 0x52, 0x49, 0x52, 0x49, 0x52, 0x49, 0x52,
    0x49, 0x52, 0x49, 0x52, 0x49, 0x52, 0x49, 0x52, 0x49, 0x52, 0x49, 0x52,
    0x49, 0x52, 0x49, 0x52, 0x49, 0x52, 0x49, 0x52, 0x49, 0x52, 0x49, 0x52,
    0x49, 0x52, 0x49, 0x52, 0x49, 0x52, 0x49, 0x52, 0x49, 0x52, 0x49, 0x52,
    0x49, 0x52, 0x49, 0x52, 0x49, 0x52, 0x49, 0x52, 0x49, 0x52, 0x49, 0x52,
    0x49, 0x52, 0x49, 0x52, 0x49, 0x52, 0x49, 0x52, 0x49, 0x52, 0x49, 0x52,
    0x49, 0x52, 0x49, 0x52, 0x49, 0x52, 0x49, 0x52, 0x49, 0x52, 0x49, 0x52,
    0x49, 0x52, 0x49, 0x52, 0x49, 0x52, 0x49, 0x52, 0x49, 0x52, 0x49, 0x52,
    0x49, 0x52, 0x49, 0x52, 0x49, 0x52, 0x49, 0x52, 0x49, 0x52, 0x49, 0x52,
    0x49, 0x52, 0x49, 0x52, 0x49, 0x52, 0x49, 0x52, 0x49, 0x52, 0x49, 0x52,
    0x49, 0x52, 0x49, 0x52, 0x49, 0x52, 0x49, 0x52, 0x49, 0x52, 0x49, 0x52,
    0x49, 0x52, 0x49, 0x52, 0x49, 0x52, 0x49, 0x52, 0x49, 0x52, 0x49, 0x52,
    0x49, 0x52, 0x49, 0x52, 0x49, 0x52, 0x49, 0x52, 0x49, 0x52, 0x49, 0x52,
    0x49, 0x52, 0x49, 0x52, 0x49, 0x52, 0x49, 0x52, 0x49, 0x52, 0x49, 0x52,
    0x49, 0x52, 0x49, 0x52, 0x49, 0x52, 0x49, 0x52, 0x49, 0x52, 0x49, 0x52,
    0x49, 0x52, 0x49, 0x52, 0x49, 0x52, 0x49, 0x52, 0x49, 0x52, 0x49, 0x52,
    0x49, 0x52, 0x49, 0x52, 0x49, 0x52, 0x49, 0x52, 0x49, 0x52, 0x49, 0x52,
    0x49, 0x52, 0x49, 0x52, 0x49, 0x52, 0x49, 0x52, 0x49, 0x52, 0x49, 0x52,
    0x49, 0x52, 0x49, 0x52, 0x49, 0x52, 0x49, 0x52, 0x49, 0x52, 0x49, 0x52,
    0x49, 0x52, 0x49, 0x52, 0x49, 0x52, 0x49, 0x52, 0x49, 0x52, 0x49, 0x52,
    0x49, 0x52, 0x49, 0x52, 0x49, 0x52, 0x49, 0x52, 0x49, 0x52, 0x49, 0x52,
    0x49, 0x52, 0x49, 0x52, 0x49, 0x52, 0x49, 0x52, 0x49, 0x52, 0x49, 0x52,
    0x49, 0x52, 0x49, 0x52, 0x49, 0x52, 0x49, 0x52, 0x49, 0x52, 0x49, 0x52,
    0x49, 0x52, 0x49, 0x52, 0x49, 0x52, 0x49, 0x52, 0x49, 0x52, 0x49, 0x52,
    0x49, 0x52, 0x49, 0x52, 0x49, 0x52, 0x49, 0x52, 0x49, 0x52, 0x49, 0x52,
    0x49, 0x52, 0x49, 0x52, 0x49, 0x52, 0x49, 0x52, 0x49, 0x52, 0x49, 0x52,
    0x49, 0x52, 0x49, 0x52, 0x49, 0x52, 0x49, 0x52, 0x49, 0x52, 0x49, 0x52,
    0x49, 0x52, 0x49, 0x52, 0x49, 0x52, 0x49, 0x52, 0x49, 0x52, 0x49, 0x52,
    0x49, 0x52, 0x49, 0x52, 0x49, 0x52, 0x49, 0x52, 0x49, 0x52, 0x49, 0x52,
    0x49, 0x52, 0x49, 0x52, 0x49, 0x52, 0x49, 0x52, 0x49, 0x52, 0x49, 0x52,
    0x49, 0x52, 0x49, 0x52, 0x49, 0x52, 0x49, 0x52, 0x49, 0x52, 0x49, 0x52,
    0x49, 0x52, 0x49, 0x52, 0x49, 0x52, 0x49, 0x52, 0x49, 0x52, 0x49, 0x52,
    0x49, 0x52, 0x49, 0x52, 0x49, 0x52, 0x49, 0x52, 0x49, 0x52, 0x49, 0x52,
    0x49, 0x52, 0x49, 0x52, 0x49, 0x52, 0x49, 0x52, 0x49, 0x52, 0x49, 0x52,
    0x49, 0x52, 0x49, 0x52, 0x49, 0x52, 0x49, 0x52, 0x49, 0x52, 0x49, 0x52,
    0x49, 0x52, 0x49, 0x52, 0x49, 0x52, 0x49, 0x52, 0x49, 0x52, 0x49, 0x52,
    0x49, 0x52, 0x49, 0x52, 0x49, 0x52, 0x49, 0x52, 0x49, 0x52, 0x49, 0x52,
    0x49, 0x52, 0x49, 0x52, 0x49, 0x52, 0x49, 0x52, 0x49, 0x52, 0x49, 0x52,
    0x49, 0x52, 0x49, 0x52, 0x49, 0x52, 0x49, 0x52, 0x49, 0x52, 0x49, 0x52,
    0x49, 0x52, 0x49, 0x52, 0x49, 0x52, 0x49, 0x52, 0x49, 0x52, 0x49, 0x52,
    0x49, 0x52, 0x49, 0x52, 0x49, 0x52, 0x49, 0x52, 0x49, 0x52, 0x49, 0x52,
    0x49, 0x52, 0x49, 0x52, 0x49, 0x52, 0x49, 0x52, 0x49, 0x52, 0x49, 0x52,
    0x49, 0x52, 0x49, 0x52, 0x49, 0x52, 0x49, 0x52, 0x49, 0x52, 0x49, 0x52,
    0x49, 0x52, 0x49, 0x52, 0x49, 0x52, 0x49, 0x52, 0x49, 0x52, 0x49, 0x52,
    0x49, 0x52, 0x49, 0x52, 0x49, 0x52, 0x49, 0x52, 0x49, 0x52, 0x49, 0x52,
    0x49, 0x52, 0x49, 0x52, 0x49, 0x52, 0x49, 0x52, 0x49, 0x52, 0x49, 0x52,
    0x49, 0x52, 0x49, 0x52, 0x49, 0x52, 0x49, 0x52, 0x49, 0x52, 0x49, 0x52,
    0x49, 0x52, 0x49, 0x52, 0x49, 0x52, 0x49, 0x52, 0x49, 0x52, 0x49, 0x52,
    0x49, 0x52, 0x49, 0x52, 0x49, 0x52, 0x49, 0x52, 0x49, 0x52, 0x49, 0x52,
    0x49, 0x52, 0x49, 0x52, 0x49, 0x52, 0x49, 0x52, 0x49, 0x52, 0x49, 0x52,
    0x28, 0x52, 0x28, 0x52, 0x28, 0x52, 0x49, 0x52, 0x28, 0x52, 0x28, 0x52,
    0x28, 0x52, 0x49, 0x52, 0x28, 0x52, 0x28, 0x52, 0x28, 0x52, 0x49, 0x52,
    0x28, 0x52, 0x28, 0x52, 0x28, 0x52, 0x49, 0x52, 0x28, 0x52, 0x28, 0x52,
    0x28, 0x52, 0x49, 0x52, 0x28, 0x52, 0x28, 0x52, 0x28, 0x52, 0x49, 0x52,
    0x28, 0x52, 0x28, 0x52, 0x28, 0x52, 0x49, 0x52, 0x28, 0x52, 0x28, 0x52,
    0x28, 0x52, 0x49, 0x52, 0x28, 0x52, 0x28, 0x52, 0x28, 0x52, 0x49, 0x52,
    0x28, 0x52, 0x28, 0x52, 0x28, 0x52, 0x49, 0x52, 0x28, 0x52, 0x28, 0x52,
    0x28, 0x52, 0x49, 0x52, 0x28, 0x52, 0x28, 0x52, 0x28, 0x52, 0x49, 0x52,
    0x28, 0x52, 0x28, 0x52, 0x28, 0x52, 0x49, 0x52, 0x28, 0x52, 0x28, 0x52,
    0x28, 0x52, 0x49, 0x52, 0x28, 0x52, 0x28, 0x52, 0x28, 0x52, 0x49, 0x52,
    0x28, 0x52, 0x28, 0x52, 0x28, 0x52, 0x49, 0x52, 0x28, 0x52, 0x28, 0x52,
    0x28, 0x52, 0x49, 0x52, 0x28, 0x52, 0x28, 0x52, 0x28, 0x52, 0x49, 0x52,
    0x28, 0x52, 0x28, 0x52, 0x28, 0x52, 0x28, 0x52, 0x28, 0x52, 0x28, 0x52,
    0x28, 0x52, 0x28, 0x52, 0x28, 0x52, 0x28, 0x52, 0x28, 0x52, 0x28, 0x52,
    0x28, 0x52, 0x28, 0x52, 0x28, 0x52, 0x28, 0x52, 0x28, 0x52, 0x28, 0x52,
    0x28, 0x52, 0x28, 0x52, 0x28, 0x52, 0x28, 0x52, 0x28, 0x52, 0x28, 0x52,
    0x28, 0x52, 0x28, 0x52, 0x28, 0x52, 0x28, 0x52, 0x28, 0x52, 0x28, 0x52,
    0x28, 0x52, 0x28, 0x52, 0x28, 0x52, 0x28, 0x52, 0x48, 0x52, 0x49, 0x52,
    0x48, 0x52, 0x28, 0x52, 0x28, 0x52, 0x49, 0x52, 0x49, 0x52, 0x48, 0x52,
    0x28, 0x52, 0x28, 0x52, 0x28, 0x52, 0x28, 0x52, 0x28, 0x52, 0x28, 0x52,
    0x28, 0x52, 0x28, 0x52, 0x28, 0x52, 0x28, 0x52, 0x28, 0x52, 0x28, 0x52,
    0x28, 0x52, 0x28, 0x52, 0x28, 0x52, 0x28, 0x52, 0x28, 0x52, 0x28, 0x52,
    0x28, 0x52, 0x28, 0x52, 0x28, 0x52, 0x28, 0x52, 0x28, 0x52, 0x28, 0x52,
    0x28, 0x52, 0x28, 0x52, 0x28, 0x52, 0x28, 0x52, 0x28, 0x52, 0x28, 0x52,
    0x28, 0x52, 0x28, 0x52, 0x28, 0x52, 0x28, 0x52, 0x28, 0x52, 0x28, 0x52,
    0x28, 0x52, 0x28, 0x52, 0x28, 0x52, 0x28, 0x52, 0x28, 0x52, 0x28, 0x52,
    0x28, 0x52, 0x28, 0x52, 0x28, 0x52, 0x28, 0x52, 0x28, 0x52, 0x28, 0x52,
    0x28, 0x52, 0x28, 0x52, 0x28, 0x52, 0x28, 0x52, 0x28, 0x52, 0x28, 0x52,
    0x28, 0x52, 0x28, 0x52, 0x28, 0x52, 0x28, 0x52, 0x28, 0x52, 0x28, 0x52,
    0x28, 0x52, 0x28, 0x52, 0x28, 0x52, 0x28, 0x52, 0x28, 0x52, 0x28, 0x52,
    0x49, 0x52, 0xbe, 0xf7, 0xbe, 0xf7, 0xca, 0x62, 0x48, 0x52, 0x0c, 0x6b,
    0xdf, 0xf7, 0x3c, 0xe7, 0x89, 0x5a, 0x48, 0x52, 0x28, 0x52, 0x28, 0x52,
    0x28, 0x52, 0x28, 0x52, 0x28, 0x52, 0x28, 0x52, 0x28, 0x52, 0x28, 0x52,
    0x28, 0x52, 0x28, 0x52, 0x28, 0x52, 0x28, 0x52, 0x28, 0x52, 0x28, 0x52,
    0x28, 0x52, 0x28, 0x52, 0x28, 0x52, 0x28, 0x52, 0x28, 0x52, 0x28, 0x52,
    0x28, 0x52, 0x28, 0x52, 0x28, 0x52, 0x28, 0x52, 0x28, 0x52, 0x28, 0x52,
    0x28, 0x52, 0x28, 0x52, 0x28, 0x52, 0x28, 0x52, 0x28, 0x52, 0x28, 0x52,
    0x28, 0x52, 0x28, 0x52, 0x28, 0x52, 0x28, 0x52, 0x28, 0x52, 0x28, 0x52,
    0x28, 0x52, 0x28, 0x52, 0x28, 0x52, 0x28, 0x52, 0x28, 0x52, 0x28, 0x52,
    0x28, 0x52, 0x28, 0x52, 0x28, 0x52, 0x28, 0x52, 0x28, 0x52, 0x28, 0x52,
    0x28, 0x52, 0x28, 0x52, 0x28, 0x52, 0x28, 0x52, 0x28, 0x52, 0x28, 0x52,
    0x28, 0x52, 0x28, 0x52, 0x28, 0x52, 0x28, 0x52, 0x28, 0x52, 0x28, 0x52,
    0x28, 0x52, 0x28, 0x52, 0x28, 0x52, 0x48, 0x52, 0x14, 0xa5, 0xdf, 0xff,
    0xf7, 0xc5, 0x89, 0x5a, 0x9a, 0xd6, 0xdf, 0xff, 0x70, 0x94, 0x89, 0x5a,
    0x49, 0x52, 0xcb, 0x62, 0xaa, 0x62, 0x48, 0x52, 0x28, 0x52, 0x28, 0x52,
    0x28, 0x52, 0x28, 0x52, 0x28, 0x52, 0x28, 0x52, 0x28, 0x52, 0x28, 0x52,
    0x28, 0x52, 0x28, 0x52, 0x28, 0x52, 0x28, 0x52, 0x28, 0x52, 0x28, 0x52,
    0x28, 0x52, 0x28, 0x52, 0x28, 0x52, 0x28, 0x52, 0x28, 0x52, 0x28, 0x52,
    0x28, 0x52, 0x28, 0x52, 0x28, 0x52, 0x28, 0x52, 0x28, 0x52, 0x28, 0x52,
    0x28, 0x52, 0x28, 0x52, 0x28, 0x52, 0x28, 0x52, 0x28, 0x52, 0x28, 0x52,
    0x28, 0x52, 0x28, 0x52, 0x28, 0x52, 0x28, 0x52, 0x28, 0x52, 0x28, 0x52,
    0x28, 0x52, 0x28, 0x52, 0x28, 0x52, 0x28, 0x52, 0x28, 0x52, 0x28, 0x52,
    0x28, 0x52, 0x28, 0x52, 0x28, 0x52, 0x28, 0x52, 0x28, 0x52, 0x28, 0x52,
    0x28, 0x52, 0x28, 0x52, 0x28, 0x52, 0x28, 0x52, 0x28, 0x52, 0x28, 0x52,
    0x28, 0x52, 0x28, 0x52, 0x28, 0x52, 0x28, 0x52, 0x28, 0x52, 0x28, 0x52,
    0x28, 0x52, 0x69, 0x5a, 0x7d, 0xef, 0xbf, 0xf7, 0x2f, 0x8c, 0xdf, 0xff,
    0xfb, 0xde, 0xe9, 0x62, 0x48, 0x52, 0x28, 0x52, 0xbe, 0xf7, 0x38, 0xce,
    0x69, 0x5a, 0x28, 0x52, 0x28, 0x52, 0x28, 0x52, 0x28, 0x52, 0x28, 0x52,
    0x28, 0x52, 0x28, 0x52, 0x28, 0x52, 0x28, 0x52, 0x28, 0x52, 0x28, 0x52,
    0x28, 0x52, 0x28, 0x52, 0x28, 0x52, 0x28, 0x52, 0x28, 0x52, 0x28, 0x52,
    0x28, 0x52, 0x28, 0x52, 0x28, 0x52, 0x28, 0x52, 0x28, 0x52, 0x28, 0x52,
    0x28, 0x52, 0x28, 0x52, 0x28, 0x52, 0x28, 0x52, 0x28, 0x52, 0x28, 0x52,
    0x28, 0x52, 0x28, 0x52, 0x28, 0x52, 0x28, 0x52, 0x28, 0x52, 0x28, 0x52,
    0x28, 0x52, 0x28, 0x52, 0x28, 0x52, 0x28, 0x52, 0x28, 0x52, 0x28, 0x52,
    0x28, 0x52, 0x28, 0x52, 0x28, 0x52, 0x28, 0x52, 0x28, 0x52, 0x28, 0x52,
    0x28, 0x52, 0x28, 0x52, 0x28, 0x52, 0x28, 0x52, 0x28, 0x52, 0x28, 0x52,
    0x28, 0x52, 0x28, 0x52, 0x28, 0x52, 0x28, 0x52, 0x28, 0x52, 0x28, 0x52,
    0x28, 0x52, 0x28, 0x52, 0x28, 0x52, 0x28, 0x52, 0x28, 0x52, 0x30, 0x8c,
    0xdf, 0xff, 0xdf, 0xf7, 0xdf, 0xff, 0xcd, 0x83, 0x89, 0x5a, 0x48, 0x52,
    0x48, 0x52, 0xbe, 0xf7, 0x79, 0xce, 0xa9, 0x62, 0x48, 0x52, 0x28, 0x52,
    0x28, 0x52, 0x28, 0x52, 0x28, 0x52, 0x28, 0x52, 0x28, 0x52, 0x28, 0x52,
    0x28, 0x52, 0x28, 0x52, 0x28, 0x52, 0x28, 0x52, 0x28, 0x52, 0x28, 0x52,
    0x28, 0x52, 0x28, 0x52, 0x28, 0x52, 0x28, 0x52, 0x28, 0x52, 0x28, 0x52,
    0x28, 0x52, 0x28, 0x52, 0x28, 0x52, 0x28, 0x52, 0x28, 0x52, 0x28, 0x52,
    0x28, 0x52, 0x28, 0x52, 0x28, 0x52, 0x28, 0x52, 0x28, 0x52, 0x28, 0x52,
    0x28, 0x52, 0x28, 0x52, 0x28, 0x52, 0x28, 0x52, 0x28, 0x52, 0x28, 0x52,
    0x28, 0x52, 0x28, 0x52, 0x28, 0x52, 0x28, 0x52, 0x28, 0x52, 0x28, 0x52,
    0x28, 0x52, 0x28, 0x52, 0x28, 0x52, 0x28, 0x52, 0x28, 0x52, 0x28, 0x52,
    0x28, 0x52, 0x28, 0x52, 0x28, 0x52, 0x28, 0x52, 0x28, 0x52, 0x28, 0x52,
    0x28, 0x52, 0x28, 0x52, 0x28, 0x52, 0x28, 0x52, 0x28, 0x52, 0x28, 0x52,
    0x28, 0x52, 0x28, 0x52, 0x48, 0x52, 0xfb, 0xde, 0xdf, 0xff, 0x79, 0xce,
    0xc9, 0x62, 0xae, 0x7b, 0xbe, 0xf7, 0xbe, 0xf7, 0xdf, 0xff, 0xdf, 0xff,
    0xbe, 0xf7, 0x1c, 0xe7, 0x69, 0x5a, 0x28, 0x52, 0x28, 0x52, 0x28, 0x52,
    0x28, 0x52, 0x28, 0x52, 0x28, 0x52, 0x28, 0x52, 0x28, 0x52, 0x28, 0x52,
    0x28, 0x52, 0x28, 0x52, 0x28, 0x52, 0x28, 0x52, 0x28, 0x52, 0x28, 0x52,
    0x28, 0x52, 0x28, 0x52, 0x28, 0x52, 0x28, 0x52, 0x28, 0x52, 0x28, 0x52,
    0x28, 0x52, 0x28, 0x52, 0x28, 0x52, 0x28, 0x52, 0x28, 0x52, 0x28, 0x52,
    0x28, 0x52, 0x28, 0x52, 0x28, 0x52, 0x28, 0x52, 0x28, 0x52, 0x28, 0x52,
    0x28, 0x52, 0x28, 0x52, 0x28, 0x52, 0x28, 0x52, 0x28, 0x52, 0x28, 0x52,
    0x28, 0x52, 0x28, 0x52, 0x28, 0x52, 0x28, 0x52, 0x28, 0x52, 0x28, 0x52,
    0x28, 0x52, 0x28, 0x52, 0x28, 0x52, 0x28, 0x52, 0x28, 0x52, 0x28, 0x52,
    0x28, 0x52, 0x28, 0x52, 0x28, 0x52, 0x28, 0x52, 0x28, 0x52, 0x28, 0x52,
    0x28, 0x52, 0x28, 0x52, 0x28, 0x52, 0x28, 0x52, 0x28, 0x52, 0x28, 0x52,
    0x75, 0xb5, 0xdf, 0xff, 0xb1, 0x9c, 0x89, 0x5a, 0x0c, 0x6b, 0x59, 0xce,
    0x79, 0xd6, 0xdf, 0xff, 0xdf, 0xff, 0x99, 0xd6, 0xd6, 0xbd, 0xa9, 0x5a,
    0x28, 0x52, 0x28, 0x52, 0x28, 0x52, 0x28, 0x52, 0x28, 0x52, 0x28, 0x52,
    0x28, 0x52, 0x28, 0x52, 0x28, 0x52, 0x28, 0x52, 0x28, 0x52, 0x28, 0x52,
    0x28, 0x52, 0x28, 0x52, 0x28, 0x52, 0x28, 0x52, 0x28, 0x52, 0x28, 0x52,
    0x28, 0x52, 0x28, 0x52, 0x28, 0x52, 0x28, 0x52, 0x28, 0x52, 0x28, 0x52,
    0x28, 0x52, 0x28, 0x52, 0x28, 0x52, 0x28, 0x52, 0x28, 0x52, 0x28, 0x52,
    0x08, 0x52, 0x08, 0x52, 0x08, 0x52, 0x08, 0x52, 0x08, 0x52, 0x08, 0x52,
    0x08, 0x52, 0x08, 0x52, 0x08, 0x52, 0x08, 0x52, 0x08, 0x52, 0x08, 0x52,
    0x08, 0x52, 0x08, 0x52, 0x08, 0x52, 0x08, 0x52, 0x08, 0x52, 0x08, 0x52,
    0x08, 0x52, 0x08, 0x52, 0x08, 0x52, 0x08, 0x52, 0x08, 0x52, 0x08, 0x52,
    0x08, 0x52, 0x08, 0x52, 0x08, 0x52, 0x08, 0x52, 0x08, 0x52, 0x08, 0x52,
    0x08, 0x52, 0x08, 0x52, 0x28, 0x52, 0x54, 0xad, 0xdf, 0xff, 0x91, 0x9c,
    0x68, 0x5a, 0x28, 0x52, 0x68, 0x5a, 0xa9, 0x62, 0xbe, 0xf7, 0x79, 0xce,
    0x09, 0x6b, 0x89, 0x5a, 0x48, 0x52, 0x28, 0x52, 0x08, 0x52, 0x08, 0x52,
    0x08, 0x52, 0x08, 0x52, 0x08, 0x52, 0x08, 0x52, 0x08, 0x52, 0x08, 0x52,
    0x08, 0x52, 0x08, 0x52, 0x08, 0x52, 0x08, 0x52, 0x08, 0x52, 0x08, 0x52,
    0x08, 0x52, 0x08, 0x52, 0x08, 0x52, 0x08, 0x52, 0x08, 0x52, 0x08, 0x52,
    0x08, 0x52, 0x08, 0x52, 0x08, 0x52, 0x08, 0x52, 0x08, 0x52, 0x08, 0x52,
    0x08, 0x52, 0x08, 0x52, 0x08, 0x52, 0x08, 0x52, 0x08, 0x52, 0x08, 0x52,
    0x08, 0x52, 0x08, 0x52, 0x08, 0x52, 0x08, 0x52, 0x08, 0x52, 0x08, 0x52,
    0x08, 0x52, 0x08, 0x52, 0x08, 0x52, 0x08, 0x52, 0x08, 0x52, 0x08, 0x52,
    0x08, 0x52, 0x08, 0x52, 0x08, 0x52, 0x08, 0x52, 0x08, 0x52, 0x08, 0x52,
    0x08, 0x52, 0x08, 0x52, 0x08, 0x52, 0x08, 0x52, 0x08, 0x52, 0x08, 0x52,
    0x08, 0x52, 0x08, 0x52, 0x08, 0x52, 0x08, 0x52, 0x08, 0x52, 0x28, 0x52,
    0x54, 0xad, 0xdf, 0xff, 0x71, 0x94, 0x68, 0x5a, 0x28, 0x52, 0x28, 0x52,
    0x28, 0x52, 0xdb, 0xde, 0x75, 0xb5, 0x89, 0x5a, 0x28, 0x52, 0x28, 0x52,
    0x08, 0x52, 0x08, 0x52, 0x08, 0x52, 0x08, 0x52, 0x08, 0x52, 0x08, 0x52,
    0x08, 0x52, 0x08, 0x52, 0x08, 0x52, 0x08, 0x52, 0x08, 0x52, 0x08, 0x52,
    0x08, 0x52, 0x08, 0x52, 0x08, 0x52, 0x08, 0x52, 0x08, 0x52, 0x08, 0x52,
    0x08, 0x52, 0x08, 0x52, 0x08, 0x52, 0x08, 0x52, 0x08, 0x52, 0x08, 0x52,
    0x08, 0x52, 0x08, 0x52, 0x08, 0x52, 0x08, 0x52, 0x08, 0x52, 0x08, 0x52,
    0x08, 0x4a, 0x08, 0x52, 0x08, 0x52, 0x08, 0x52, 0x08, 0x52, 0x08, 0x52,
    0x08, 0x52, 0x08, 0x52, 0x08, 0x4a, 0x08, 0x52, 0x08, 0x52, 0x08, 0x52,
    0x08, 0x52, 0x08, 0x52, 0x08, 0x52, 0x08, 0x52, 0x08, 0x4a, 0x08, 0x52,
    0x08, 0x52, 0x08, 0x52, 0x08, 0x52, 0x08, 0x52, 0x08, 0x52, 0x08, 0x52,
    0x08, 0x4a, 0x08, 0x52, 0x08, 0x52, 0x08, 0x52, 0x08, 0x52, 0x08, 0x52,
    0x08, 0x52, 0x08, 0x52, 0x08, 0x52, 0x48, 0x52, 0x89, 0x5a, 0x88, 0x5a,
    0x28, 0x52, 0x08, 0x52, 0x08, 0x52, 0x08, 0x52, 0x68, 0x5a, 0x88, 0x5a,
    0x48, 0x52, 0x08, 0x52, 0x08, 0x52, 0x08, 0x52, 0x08, 0x52, 0x08, 0x52,
    0x08, 0x4a, 0x08, 0x52, 0x08, 0x52, 0x08, 0x52, 0x08, 0x52, 0x08, 0x52,
    0x08, 0x52, 0x08, 0x52, 0x08, 0x4a, 0x08, 0x52, 0x08, 0x52, 0x08, 0x52,
    0x08, 0x52, 0x08, 0x52, 0x08, 0x52, 0x08, 0x52, 0x08, 0x4a, 0x08, 0x52,
    0x08, 0x52, 0x08, 0x52, 0x08, 0x52, 0x08, 0x52, 0x08, 0x52, 0x08, 0x52,
    0x08, 0x4a, 0x08, 0x52, 0x08, 0x52, 0x08, 0x52, 0x08, 0x52, 0x08, 0x52,
    0x08, 0x52, 0x08, 0x52, 0x08, 0x52, 0x08, 0x52, 0x08, 0x52, 0x08, 0x52,
    0x08, 0x52, 0x08, 0x52, 0x08, 0x52, 0x08, 0x52, 0x08, 0x52, 0x08, 0x52,
    0x08, 0x52, 0x08, 0x52, 0x08, 0x52, 0x08, 0x52, 0x08, 0x52, 0x08, 0x52,
    0x08, 0x52, 0x08, 0x52, 0x08, 0x52, 0x08, 0x52, 0x08, 0x52, 0x08, 0x52,
    0x08, 0x52, 0x08, 0x52, 0x08, 0x52, 0x08, 0x52, 0x08, 0x52, 0x08, 0x52,
    0x08, 0x52, 0x28, 0x52, 0x28, 0x52, 0x08, 0x52, 0x08, 0x52, 0x08, 0x52,
    0x08, 0x52, 0x08, 0x52, 0x28, 0x52, 0x08, 0x52, 0x08, 0x52, 0x08, 0x52,
    0x08, 0x52, 0x08, 0x52, 0x08, 0x52, 0x08, 0x52, 0x08, 0x52, 0x08, 0x52,
    0x08, 0x52, 0x08, 0x52, 0x08, 0x52, 0x08, 0x52, 0x08, 0x52, 0x08, 0x52,
    0x08, 0x52, 0x08, 0x52, 0x08, 0x52, 0x08, 0x52, 0x08, 0x52, 0x08, 0x52,
    0x08, 0x52, 0x08, 0x52, 0x08, 0x52, 0x08, 0x52, 0x08, 0x52, 0x08, 0x52,
    0x08, 0x52, 0x08, 0x52, 0x08, 0x52, 0x08, 0x52, 0x08, 0x52, 0x08, 0x52,
    0x08, 0x4a, 0x08, 0x4a, 0x08, 0x4a, 0x08, 0x4a, 0x08, 0x4a, 0x08, 0x4a,
    0x08, 0x4a, 0x08, 0x4a, 0x08, 0x4a, 0x08, 0x4a, 0x08, 0x4a, 0x08, 0x4a,
    0x08, 0x4a, 0x08, 0x4a, 0x08, 0x4a, 0x08, 0x4a, 0x08, 0x4a, 0x08, 0x4a,
    0x08, 0x4a, 0x08, 0x4a, 0x08, 0x4a, 0x08, 0x4a, 0x08, 0x4a, 0x08, 0x4a,
    0x08, 0x4a, 0x08, 0x4a, 0x08, 0x4a, 0x08, 0x4a, 0x08, 0x4a, 0x08, 0x4a,
    0x08, 0x4a, 0x08, 0x4a, 0x08, 0x4a, 0x08, 0x4a, 0x08, 0x4a, 0x08, 0x4a,
    0x08, 0x4a, 0x08, 0x4a, 0x08, 0x4a, 0x08, 0x4a, 0x08, 0x4a, 0x08, 0x4a,
    0x08, 0x4a, 0x08, 0x4a, 0x08, 0x4a, 0x08, 0x4a, 0x08, 0x4a, 0x08, 0x4a,
    0x08, 0x4a, 0x08, 0x4a, 0x08, 0x4a, 0x08, 0x4a, 0x08, 0x4a, 0x08, 0x4a,
    0x08, 0x4a, 0x08, 0x4a, 0x08, 0x4a, 0x08, 0x4a, 0x08, 0x4a, 0x08, 0x4a,
    0x08, 0x4a, 0x08, 0x4a, 0x08, 0x4a, 0x08, 0x4a, 0x08, 0x4a, 0x08, 0x4a,
    0x08, 0x4a, 0x08, 0x4a, 0x08, 0x4a, 0x08, 0x4a, 0x08, 0x4a, 0x08, 0x4a,
    0x08, 0x4a, 0x08, 0x4a, 0x08, 0x4a, 0x08, 0x4a, 0x08, 0x4a, 0x08, 0x4a,
    0x08, 0x4a, 0x08, 0x4a, 0x08, 0x4a, 0x08, 0x4a, 0x08, 0x4a, 0x08, 0x4a,
    0x08, 0x4a, 0x08, 0x4a, 0x08, 0x4a, 0x08, 0x4a, 0x08, 0x4a, 0x08, 0x4a,
    0x08, 0x4a, 0x08, 0x4a, 0x08, 0x4a, 0x08, 0x4a, 0x08, 0x4a, 0x08, 0x4a,
    0x08, 0x4a, 0x08, 0x4a, 0x08, 0x4a, 0x08, 0x4a, 0x08, 0x4a, 0x08, 0x4a,
    0x08, 0x4a, 0x08, 0x4a, 0x08, 0x4a, 0x08, 0x4a, 0x08, 0x4a, 0x08, 0x4a,
    0x08, 0x4a, 0x08, 0x4a, 0x08, 0x4a, 0x08, 0x4a, 0x08, 0x4a, 0x08, 0x4a,
    0x08, 0x4a, 0x08, 0x4a, 0x08, 0x4a, 0x08, 0x4a, 0x08, 0x4a, 0x08, 0x4a,
    0x08, 0x4a, 0x08, 0x4a, 0x08, 0x4a, 0x08, 0x4a, 0x08, 0x4a, 0x08, 0x4a,
    0x08, 0x4a, 0x08, 0x4a, 0x08, 0x4a, 0x08, 0x4a, 0x08, 0x4a, 0x08, 0x4a,
    0x08, 0x4a, 0x08, 0x4a, 0x08, 0x4a, 0x08, 0x4a, 0x08, 0x4a, 0x08, 0x4a,
    0x08, 0x4a, 0x08, 0x4a, 0x08, 0x4a, 0x08, 0x4a, 0x08, 0x4a, 0x08, 0x4a,
    0x08, 0x4a, 0x08, 0x4a, 0x08, 0x4a, 0x08, 0x4a, 0x08, 0x4a, 0x08, 0x4a,
    0x08, 0x4a, 0x08, 0x4a, 0x08, 0x4a, 0x08, 0x4a, 0x08, 0x4a, 0x08, 0x4a,
    0x08, 0x4a, 0x08, 0x4a, 0x08, 0x4a, 0x08, 0x4a, 0x08, 0x4a, 0x08, 0x4a,
    0x08, 0x4a, 0x08, 0x4a, 0x08, 0x4a, 0x08, 0x4a, 0x08, 0x4a, 0x08, 0x4a,
    0x08, 0x4a, 0x08, 0x4a, 0x08, 0x4a, 0x08, 0x4a, 0x08, 0x4a, 0x08, 0x4a,
    0x08, 0x4a, 0x08, 0x4a, 0x08, 0x4a, 0x08, 0x4a, 0x08, 0x4a, 0x08, 0x4a,
    0x08, 0x4a, 0x08, 0x4a, 0x08, 0x4a, 0x08, 0x4a, 0x08, 0x4a, 0x08, 0x4a,
    0x08, 0x4a, 0x08, 0x4a, 0x08, 0x4a, 0x08, 0x4a, 0x08, 0x4a, 0x08, 0x4a,
    0x08, 0x4a, 0x08, 0x4a, 0x08, 0x4a, 0x08, 0x4a, 0x08, 0x4a, 0x08, 0x4a,
    0x08, 0x4a, 0x08, 0x4a, 0x08, 0x4a, 0x08, 0x4a, 0x08, 0x4a, 0x08, 0x4a,
    0x08, 0x4a, 0x08, 0x4a, 0x08, 0x4a, 0x08, 0x4a, 0x08, 0x4a, 0x08, 0x4a,
    0x08, 0x4a, 0x08, 0x4a, 0x08, 0x4a, 0x08, 0x4a, 0x08, 0x4a, 0x08, 0x4a,
    0x08, 0x4a, 0x08, 0x4a, 0x08, 0x4a, 0x08, 0x4a, 0x08, 0x4a, 0x08, 0x4a,
    0x08, 0x4a, 0x08, 0x4a, 0x08, 0x4a, 0x08, 0x4a, 0x08, 0x4a, 0x08, 0x4a,
    0x08, 0x4a, 0x08, 0x4a, 0x08, 0x4a, 0x08, 0x4a, 0x08, 0x4a, 0x08, 0x4a,
    0x08, 0x4a, 0x08, 0x4a, 0x08, 0x4a, 0x08, 0x4a, 0x08, 0x4a, 0x08, 0x4a,
    0x08, 0x4a, 0x08, 0x4a, 0x08, 0x4a, 0x08, 0x4a, 0x08, 0x4a, 0x08, 0x4a,
    0x08, 0x4a, 0x08, 0x4a, 0x08, 0x4a, 0x08, 0x4a, 0x08, 0x4a, 0x08, 0x4a,
    0x08, 0x4a, 0x08, 0x4a, 0x08, 0x4a, 0x08, 0x4a, 0x08, 0x4a, 0x08, 0x4a,
    0x08, 0x4a, 0x08, 0x4a, 0x08, 0x4a, 0x08, 0x4a, 0x08, 0x4a, 0x08, 0x4a,
    0x08, 0x4a, 0x08, 0x4a, 0x08, 0x4a, 0x08, 0x4a, 0x08, 0x4a, 0x08, 0x4a,
    0x08, 0x4a, 0x08, 0x4a, 0x08, 0x4a, 0x08, 0x4a, 0x08, 0x4a, 0x08, 0x4a,
    0x08, 0x4a, 0x08, 0x4a, 0x08, 0x4a, 0x08, 0x4a, 0x08, 0x4a, 0x08, 0x4a,
    0x08, 0x4a, 0x08, 0x4a, 0x08, 0x4a, 0x08, 0x4a, 0x08, 0x4a, 0x08, 0x4a,
    0x08, 0x4a, 0x08, 0x4a, 0x08, 0x4a, 0x08, 0x4a, 0x08, 0x4a, 0x08, 0x4a,
    0x08, 0x4a, 0x08, 0x4a, 0x08, 0x4a, 0x08, 0x4a, 0x08, 0x4a, 0x08, 0x4a,
    0xe7, 0x49, 0xe7, 0x49, 0xe7, 0x49, 0xe7, 0x49, 0xe7, 0x49, 0xe7, 0x49,
    0xe7, 0x49, 0xe7, 0x49, 0xe7, 0x49, 0xe7, 0x49, 0xe7, 0x49, 0xe7, 0x49,
    0xe7, 0x49, 0xe7, 0x49, 0xe7, 0x49, 0xe7, 0x49, 0xe7, 0x49, 0xe7, 0x49,
    0xe7, 0x49, 0xe7, 0x49, 0xe7, 0x49, 0xe7, 0x49, 0xe7, 0x49, 0xe7, 0x49,
    0xe7, 0x49, 0xe7, 0x49, 0xe7, 0x49, 0xe7, 0x49, 0xe7, 0x49, 0xe7, 0x49,
    0xe7, 0x49, 0xe7, 0x49, 0xe7, 0x49, 0xe7, 0x49, 0xe7, 0x49, 0xe7, 0x49,
    0xe7, 0x49, 0xe7, 0x49, 0xe7, 0x49, 0xe7, 0x49, 0xe7, 0x49, 0xe7, 0x49,
    0xe7, 0x49, 0xe7, 0x49, 0xe7, 0x49, 0xe7, 0x49, 0xe7, 0x49, 0xe7, 0x49,
    0xe7, 0x49, 0xe7, 0x49, 0xe7, 0x49, 0xe7, 0x49, 0xe7, 0x49, 0xe7, 0x49,
    0xe7, 0x49, 0xe7, 0x49, 0xe7, 0x49, 0xe7, 0x49, 0xe7, 0x49, 0xe7, 0x49,
    0xe7, 0x49, 0xe7, 0x49, 0xe7, 0x49, 0xe7, 0x49, 0xe7, 0x49, 0xe7, 0x49,
    0xe7, 0x49, 0xe7, 0x49, 0xe7, 0x49, 0xe7, 0x49, 0xe7, 0x49, 0xe7, 0x49,
    0xe7, 0x49, 0xe7, 0x49, 0xe7, 0x49, 0xe7, 0x49, 0xe7, 0x49, 0xe7, 0x49,
    0xe7, 0x49, 0xe7, 0x49, 0xe7, 0x49, 0xe7, 0x49, 0xe7, 0x49, 0xe7, 0x49,
    0xe7, 0x49, 0xe7, 0x49, 0xe7, 0x49, 0xe7, 0x49, 0xe7, 0x49, 0xe7, 0x49,
    0xe7, 0x49, 0xe7, 0x49, 0xe7, 0x49, 0xe7, 0x49, 0xe7, 0x49, 0xe7, 0x49,
    0xe7, 0x49, 0xe7, 0x49, 0xe7, 0x49, 0xe7, 0x49, 0xe7, 0x49, 0xe7, 0x49,
    0xe7, 0x49, 0xe7, 0x49, 0xe7, 0x49, 0xe7, 0x49, 0xe7, 0x49, 0xe7, 0x49,
    0xe7, 0x49, 0xe7, 0x49, 0xe7, 0x49, 0xe7, 0x49, 0xe7, 0x49, 0xe7, 0x49,
    0xe7, 0x49, 0xe7, 0x49, 0xe7, 0x49, 0xe7, 0x49, 0xe7, 0x49, 0xe7, 0x49,
    0xe7, 0x49, 0xe7, 0x49, 0xe7, 0x49, 0xe7, 0x49, 0xe7, 0x49, 0xe7, 0x49,
    0xe7, 0x49, 0xe7, 0x49, 0xe7, 0x49, 0xe7, 0x49, 0xe7, 0x49, 0xe7, 0x49,
    0xe7, 0x49, 0xe7, 0x49, 0xe7, 0x49, 0xe7, 0x49, 0xe7, 0x49, 0xe7, 0x49,
    0xe7, 0x49, 0xe7, 0x49, 0xe7, 0x49, 0xe7, 0x49, 0xe7, 0x49, 0xe7, 0x49,
    0xe7, 0x49, 0xe7, 0x49, 0xe7, 0x49, 0xe7, 0x49, 0xe7, 0x49, 0xe7, 0x49,
    0xe7, 0x49, 0xe7, 0x49, 0xe7, 0x49, 0xe7, 0x49, 0xe7, 0x49, 0xe7, 0x49,
    0xe7, 0x49, 0xe7, 0x49, 0xe7, 0x49, 0xe7, 0x49, 0xe7, 0x49, 0xe7, 0x49,
    0xe7, 0x49, 0xe7, 0x49, 0xe7, 0x49, 0xe7, 0x49, 0xe7, 0x49, 0xe7, 0x49,
    0xe7, 0x49, 0xe7, 0x49, 0xe7, 0x49, 0xe7, 0x49, 0xe7, 0x49, 0xe7, 0x49,
    0xe7, 0x49, 0xe7, 0x49, 0xe7, 0x49, 0xe7, 0x49, 0xe7, 0x49, 0xe7, 0x49,
    0xe7, 0x49, 0xe7, 0x49, 0xe7, 0x49, 0xe7, 0x49, 0xe7, 0x49, 0xe7, 0x49,
    0xe7, 0x49, 0xe7, 0x49, 0xe7, 0x49, 0xe7, 0x49, 0xe7, 0x49, 0xe7, 0x49,
    0xe7, 0x49, 0xe7, 0x49, 0xe7, 0x49, 0xe7, 0x49, 0xe7, 0x49, 0xe7, 0x49,
    0xe7, 0x49, 0xe7, 0x49, 0xe7, 0x49, 0xe7, 0x49, 0xe7, 0x49, 0xe7, 0x49,
    0xe7, 0x49, 0xe7, 0x49, 0xe7, 0x49, 0xe7, 0x49, 0xe7, 0x49, 0xe7, 0x49,
    0xe7, 0x49, 0xe7, 0x49, 0xe7, 0x49, 0xe7, 0x49, 0xe7, 0x49, 0xe7, 0x49,
    0xe7, 0x49, 0xe7, 0x49, 0xe7, 0x49, 0xe7, 0x49, 0xe7, 0x49, 0xe7, 0x49,
    0xe7, 0x49, 0xe7, 0x49, 0xe7, 0x49, 0xe7, 0x49, 0xe7, 0x49, 0xe7, 0x49,
    0xe7, 0x49, 0xe7, 0x49, 0xe7, 0x49, 0xe7, 0x49, 0xe7, 0x49, 0xe7, 0x49,
    0xe7, 0x49, 0xe7, 0x49, 0xe7, 0x49, 0xe7, 0x49, 0xe7, 0x49, 0xe7, 0x49,
    0xe7, 0x49, 0xe7, 0x49, 0xe7, 0x49, 0xe7, 0x49, 0xe7, 0x49, 0xe7, 0x49,
    0xe7, 0x49, 0xe7, 0x49, 0xe7, 0x49, 0xe7, 0x49, 0xe7, 0x49, 0xe7, 0x49,
    0xe7, 0x49, 0xe7, 0x49, 0xe7, 0x49, 0xe7, 0x49, 0xe7, 0x49, 0xe7, 0x49,
    0xe7, 0x49, 0xe7, 0x49, 0xe7, 0x49, 0xe7, 0x49, 0xe7, 0x49, 0xe7, 0x49,
    0xe7, 0x49, 0xe7, 0x49, 0xe7, 0x49, 0xe7, 0x49, 0xe7, 0x49, 0xe7, 0x49,
    0xe7, 0x49, 0xe7, 0x49, 0xe7, 0x49, 0xe7, 0x49, 0xe7, 0x49, 0xe7, 0x49,
    0xe7, 0x49, 0xe7, 0x49, 0xe7, 0x49, 0xe7, 0x49, 0xe7, 0x49, 0xe7, 0x49,
    0xe7, 0x49, 0xe7, 0x49, 0xe7, 0x49, 0xe7, 0x49, 0xe7, 0x49, 0xe7, 0x49,
    0xe7, 0x49, 0xe7, 0x49, 0xe7, 0x49, 0xe7, 0x49, 0xe7, 0x49, 0xe7, 0x49,
    0xe7, 0x49, 0xe7, 0x49, 0xe7, 0x49, 0xe7, 0x49, 0xe7, 0x49, 0xe7, 0x49,
    0xe7, 0x49, 0xe7, 0x49, 0xe7, 0x49, 0xe7, 0x49, 0xe7, 0x49, 0xe7, 0x49,
    0xe7, 0x49, 0xe7, 0x49, 0xe7, 0x49, 0xe7, 0x49, 0xe7, 0x49, 0xe7, 0x49,
    0xe7, 0x49, 0xe7, 0x49, 0xe7, 0x49, 0xe7, 0x49, 0xe7, 0x49, 0xe7, 0x49,
    0xe7, 0x49, 0xe7, 0x49, 0xe7, 0x49, 0xe7, 0x49, 0xe7, 0x49, 0xe7, 0x49,
    0xe7, 0x49, 0xe7, 0x49, 0xe7, 0x49, 0xe7, 0x49, 0xe7, 0x49, 0xe7, 0x49,
    0xe7, 0x49, 0xe7, 0x49, 0xe7, 0x49, 0xe7, 0x49, 0xe7, 0x49, 0xe7, 0x49,
    0xe7, 0x49, 0xe7, 0x49, 0xe7, 0x49, 0xe7, 0x49, 0xe7, 0x49, 0xe7, 0x49,
    0xe7, 0x49, 0xe7, 0x49, 0xe7, 0x49, 0xe7, 0x49, 0xe7, 0x49, 0xe7, 0x49,
    0xe7, 0x49, 0xe7, 0x49, 0xe7, 0x49, 0xe7, 0x49, 0xe7, 0x49, 0xe7, 0x49,
    0xe7, 0x49, 0xe7, 0x49, 0xe7, 0x49, 0xe7, 0x49, 0xe7, 0x49, 0xe7, 0x49,
    0xe7, 0x49, 0xe7, 0x49, 0xe7, 0x49, 0xe7, 0x49, 0xe7, 0x49, 0xe7, 0x49,
    0xe7, 0x49, 0xe7, 0x49, 0xe7, 0x49, 0xe7, 0x49, 0xe7, 0x49, 0xe7, 0x49,
    0xe7, 0x49, 0xe7, 0x49, 0xe7, 0x49, 0xe7, 0x49, 0xe7, 0x49, 0xe7, 0x49,
    0xe7, 0x49, 0xe7, 0x49, 0xe7, 0x49, 0xe7, 0x49, 0xe7, 0x49, 0xe7, 0x49,
    0xe7, 0x49, 0xe7, 0x49, 0xe7, 0x49, 0xe7, 0x49, 0xe7, 0x49, 0xe7, 0x49,
    0xe7, 0x49, 0xe7, 0x49, 0xe7, 0x49, 0xe7, 0x49, 0xe7, 0x49, 0xe7, 0x49,
    0xe7, 0x49, 0xe7, 0x49, 0xe7, 0x49, 0xe7, 0x49, 0xe7, 0x49, 0xe7, 0x49,
    0xe7, 0x49, 0xe7, 0x49, 0xe7, 0x49, 0xe7, 0x49, 0xe7, 0x49, 0xe7, 0x49,
    0xe7, 0x49, 0xe7, 0x49, 0xe7, 0x49, 0xe7, 0x49, 0xe7, 0x49, 0xe7, 0x49,
    0xe7, 0x49, 0xe7, 0x49, 0xe7, 0x49, 0xe7, 0x49, 0xe7, 0x49, 0xe7, 0x49,
    0xe7, 0x49, 0xe7, 0x49, 0xe7, 0x49, 0xe7, 0x49, 0xe7, 0x49, 0xe7, 0x49,
    0xe7, 0x49, 0xe7, 0x49, 0xe7, 0x49, 0xe7, 0x49, 0xe7, 0x49, 0xe7, 0x49,
    0xe7, 0x49, 0xe7, 0x49, 0xe7, 0x49, 0xe7, 0x49, 0xe7, 0x49, 0xe7, 0x49,
    0xe7, 0x49, 0xe7, 0x49, 0xe7, 0x49, 0xe7, 0x49, 0xe7, 0x49, 0xe7, 0x49,
    0xe7, 0x49, 0xe7, 0x49, 0xe7, 0x49, 0xe7, 0x49, 0xe7, 0x49, 0xe7, 0x49,
    0xc7, 0x49, 0xe7, 0x49, 0xc7, 0x49, 0xe7, 0x49, 0xc7, 0x49, 0xe7, 0x49,
    0xc7, 0x49, 0xe7, 0x49, 0xc7, 0x49, 0xe7, 0x49, 0xc7, 0x49, 0xe7, 0x49,
    0xc7, 0x49, 0xe7, 0x49, 0xc7, 0x49, 0xe7, 0x49, 0xc7, 0x49, 0xe7, 0x49,
    0xc7, 0x49, 0xe7, 0x49, 0xc7, 0x49, 0xe7, 0x49, 0xc7, 0x49, 0xe7, 0x49,
    0xc7, 0x49, 0xe7, 0x49, 0xc7, 0x49, 0xe7, 0x49, 0xc7, 0x49, 0xe7, 0x49,
    0xc7, 0x49, 0xe7, 0x49, 0xc7, 0x49, 0xe7, 0x49, 0xc7, 0x49, 0xe7, 0x49,
    0xc7, 0x49, 0xe7, 0x49, 0xc7, 0x49, 0xe7, 0x49, 0xc7, 0x49, 0xe7, 0x49,
    0xc7, 0x49, 0xe7, 0x49, 0xc7, 0x49, 0xe7, 0x49, 0xc7, 0x49, 0xe7, 0x49,
    0xc7, 0x49, 0xe7, 0x49, 0xc7, 0x49, 0xe7, 0x49, 0xc7, 0x49, 0xe7, 0x49,
    0xc7, 0x49, 0xe7, 0x49, 0xc7, 0x49, 0xe7, 0x49, 0xc7, 0x49, 0xe7, 0x49,
    0xc7, 0x49, 0xe7, 0x49, 0xc7, 0x49, 0xe7, 0x49, 0xc7, 0x49, 0xe7, 0x49,
    0xc7, 0x49, 0xe7, 0x49, 0xc7, 0x49, 0xe7, 0x49, 0xc7, 0x49, 0xe7, 0x49,
    0xc7, 0x49, 0xe7, 0x49, 0xc7, 0x49, 0xc7, 0x49, 0xc7, 0x49, 0xc7, 0x49,
    0xe7, 0x49, 0xc7, 0x49, 0xc7, 0x49, 0xc7, 0x49, 0xe7, 0x49, 0xc7, 0x49,
    0xc7, 0x49, 0xc7, 0x49, 0xe7, 0x49, 0xc7, 0x49, 0xc7, 0x49, 0xc7, 0x49,
    0xe7, 0x49, 0xc7, 0x49, 0xc7, 0x49, 0xc7, 0x49, 0xe7, 0x49, 0xc7, 0x49,
    0xc7, 0x49, 0xc7, 0x49, 0xe7, 0x49, 0xc7, 0x49, 0xc7, 0x49, 0xc7, 0x49,
    0xe7, 0x49, 0xc7, 0x49, 0xc7, 0x49, 0xc7, 0x49, 0xe7, 0x49, 0xc7, 0x49,
    0xc7, 0x49, 0xc7, 0x49, 0xe7, 0x49, 0xc7, 0x49, 0xc7, 0x49, 0xc7, 0x49,
    0xe7, 0x49, 0xc7, 0x49, 0xc7, 0x49, 0xc7, 0x49, 0xe7, 0x49, 0xc7, 0x49,
    0xc7, 0x49, 0xc7, 0x49, 0xe7, 0x49, 0xc7, 0x49, 0xc7, 0x49, 0xc7, 0x49,
    0xe7, 0x49, 0xc7, 0x49, 0xc7, 0x49, 0xc7, 0x49, 0xe7, 0x49, 0xc7, 0x49,
    0xc7, 0x49, 0xc7, 0x49, 0xe7, 0x49, 0xc7, 0x49, 0xc7, 0x49, 0xc7, 0x49,
    0xe7, 0x49, 0xc7, 0x49, 0xc7, 0x49, 0xc7, 0x49, 0xe7, 0x49, 0xc7, 0x49,
    0xc7, 0x49, 0xc7, 0x49, 0xe7, 0x49, 0xc7, 0x49, 0xc7, 0x49, 0xc7, 0x49,
    0xc7, 0x49, 0xc7, 0x49, 0xc7, 0x49, 0xc7, 0x49, 0xc7, 0x49, 0xc7, 0x49,
    0xc7, 0x49, 0xc7, 0x49, 0xc7, 0x49, 0xc7, 0x49, 0xc7, 0x49, 0xc7, 0x49,
    0xc7, 0x49, 0xc7, 0x49, 0xc7, 0x49, 0xc7, 0x49, 0xc7, 0x49, 0xc7, 0x49,
    0xc7, 0x49, 0xc7, 0x49, 0xc7, 0x49, 0xc7, 0x49, 0xc7, 0x49, 0xc7, 0x49,
    0xc7, 0x49, 0xc7, 0x49, 0xc7, 0x49, 0xc7, 0x49, 0xc7, 0x49, 0xc7, 0x49,
    0xc7, 0x49, 0xc7, 0x49, 0xc7, 0x49, 0xc7, 0x49, 0xc7, 0x49, 0xc7, 0x49,
    0xc7, 0x49, 0xc7, 0x49, 0xc7, 0x49, 0xc7, 0x49, 0xc7, 0x49, 0xc7, 0x49,
    0xc7, 0x49, 0xc7, 0x49, 0xc7, 0x49, 0xc7, 0x49, 0xc7, 0x49, 0xc7, 0x49,
    0xc7, 0x49, 0xc7, 0x49, 0xc7, 0x49, 0xc7, 0x49, 0xc7, 0x49, 0xc7, 0x49,
    0xc7, 0x49, 0xc7, 0x49, 0xc7, 0x49, 0xc7, 0x49, 0xc7, 0x49, 0xc7, 0x49,
    0xc7, 0x49, 0xc7, 0x49, 0xc7, 0x49, 0xc7, 0x49, 0xc7, 0x49, 0xc7, 0x49,
    0xc7, 0x49, 0xc7, 0x49, 0xc7, 0x49, 0xc7, 0x49, 0xc7, 0x49, 0xc7, 0x49,
    0xc7, 0x49, 0xc7, 0x49, 0xc7, 0x49, 0xc7, 0x49, 0xc7, 0x49, 0xc7, 0x49,
    0xc7, 0x49, 0xc7, 0x49, 0xc7, 0x49, 0xc7, 0x49, 0xc7, 0x49, 0xc7, 0x49,
    0xc7, 0x49, 0xc7, 0x49, 0xc7, 0x49, 0xc7, 0x49, 0xc7, 0x49, 0xc7, 0x49,
    0xc7, 0x49, 0xc7, 0x49, 0xc7, 0x49, 0xc7, 0x49, 0xc7, 0x49, 0xc7, 0x49,
    0xc7, 0x49, 0xc7, 0x49, 0xc7, 0x49, 0xc7, 0x49, 0xc7, 0x49, 0xc7, 0x49,
    0xc7, 0x49, 0xc7, 0x49, 0xc7, 0x49, 0xc7, 0x49, 0xc7, 0x49, 0xc7, 0x49,
    0xc7, 0x49, 0xc7, 0x49, 0xc7, 0x49, 0xc7, 0x49, 0xc7, 0x49, 0xc7, 0x49,
    0xc7, 0x49, 0xc7, 0x49, 0xc7, 0x49, 0xc7, 0x49, 0xc7, 0x49, 0xc7, 0x49,
    0xc7, 0x49, 0xc7, 0x49, 0xc7, 0x49, 0xc7, 0x49, 0xc7, 0x49, 0xc7, 0x49,
    0xc7, 0x49, 0xc7, 0x49, 0xc7, 0x49, 0xc7, 0x49, 0xc7, 0x49, 0xc7, 0x49,
    0xc7, 0x49, 0xc7, 0x49, 0xc7, 0x49, 0xc7, 0x49, 0xc7, 0x49, 0xc7, 0x49,
    0xc7, 0x49, 0xc7, 0x49, 0xc7, 0x49, 0xc7, 0x49, 0xc7, 0x49, 0xc7, 0x49,
    0xc7, 0x49, 0xc7, 0x49, 0xc7, 0x49, 0xc7, 0x49, 0xc7, 0x49, 0xc7, 0x49,
    0xc7, 0x49, 0xc7, 0x49, 0xc7, 0x49, 0xc7, 0x49, 0xc7, 0x49, 0xc7, 0x49,
    0xc7, 0x49, 0xc7, 0x49, 0xc7, 0x49, 0xc7, 0x49, 0xc7, 0x49, 0xc7, 0x49,
    0xc7, 0x49, 0xc7, 0x49, 0xc7, 0x49, 0xc7, 0x49, 0xc7, 0x49, 0xc7, 0x49,
    0xc7, 0x49, 0xc7, 0x49, 0xc7, 0x49, 0xc7, 0x49, 0xc7, 0x49, 0xc7, 0x49,
    0xc7, 0x49, 0xc7, 0x49, 0xc7, 0x49, 0xc7, 0x49, 0xc7, 0x49, 0xc7, 0x49,
    0xc7, 0x49, 0xc7, 0x49, 0xc7, 0x49, 0xc7, 0x49, 0xc7, 0x49, 0xc7, 0x49,
    0xc7, 0x49, 0xc7, 0x49, 0xc7, 0x49, 0xc7, 0x49, 0xc7, 0x49, 0xc7, 0x49,
    0xc7, 0x49, 0xc7, 0x49, 0xc7, 0x49, 0xc7, 0x49, 0xc7, 0x49, 0xc7, 0x49,
    0xc7, 0x49, 0xc7, 0x49, 0xc7, 0x49, 0xc7, 0x49, 0xc7, 0x49, 0xc7, 0x49,
    0xc7, 0x49, 0xc7, 0x49, 0xc7, 0x49, 0xc7, 0x49, 0xc7, 0x49, 0xc7, 0x49,
    0xc7, 0x49, 0xc7, 0x49, 0xc7, 0x49, 0xc7, 0x49, 0xc7, 0x49, 0xc7, 0x49,
    0xc7, 0x49, 0xc7, 0x49, 0xc7, 0x49, 0xc7, 0x49, 0xc7, 0x49, 0xc7, 0x49,
    0xc7, 0x49, 0xc7, 0x49, 0xc7, 0x49, 0xc7, 0x49, 0xc7, 0x49, 0xc7, 0x49,
    0xc7, 0x49, 0xc7, 0x49, 0xc7, 0x49, 0xc7, 0x49, 0xc7, 0x49, 0xc7, 0x49,
    0xc7, 0x49, 0xc7, 0x49, 0xc7, 0x49, 0xc7, 0x49, 0xc7, 0x49, 0xc7, 0x49,
    0xc7, 0x49, 0xc7, 0x49, 0xc7, 0x49, 0xc7, 0x49, 0xc7, 0x49, 0xc7, 0x49,
    0xc7, 0x49, 0xc7, 0x49, 0xc7, 0x49, 0xc7, 0x49, 0xc7, 0x49, 0xc7, 0x49,
    0xc7, 0x49, 0xc7, 0x49, 0xc7, 0x49, 0xc7, 0x49, 0xc7, 0x49, 0xc7, 0x49,
    0xc7, 0x49, 0xc7, 0x49, 0xc7, 0x49, 0xc7, 0x49, 0xc7, 0x49, 0xc7, 0x49,
    0xc7, 0x49, 0xc7, 0x49, 0xc7, 0x49, 0xc7, 0x49, 0xc7, 0x49, 0xc7, 0x49,
    0xc7, 0x49, 0xc7, 0x49, 0xc7, 0x49, 0xc7, 0x49, 0xc7, 0x49, 0xc7, 0x49,
    0xc7, 0x49, 0xc7, 0x49, 0xc7, 0x49, 0xc7, 0x49, 0xc7, 0x49, 0xc7, 0x49,
    0xc7, 0x49, 0xc7, 0x49, 0xc7, 0x49, 0xc7, 0x49, 0xc7, 0x49, 0xc7, 0x49,
    0xc7, 0x49, 0xc7, 0x49, 0xc7, 0x49, 0xc7, 0x49, 0xc7, 0x49, 0xc7, 0x49,
    0xc7, 0x49, 0xc7, 0x49, 0xc7, 0x49, 0xc7, 0x49, 0xc7, 0x49, 0xc7, 0x49,
    0xc7, 0x49, 0xc7, 0x49, 0xc7, 0x49, 0xc7, 0x49, 0xc7, 0x49, 0xc7, 0x49,
    0xc7, 0x49, 0xc7, 0x49, 0xc7, 0x49, 0xc7, 0x49, 0xc7, 0x49, 0xc7, 0x49,
    0xc7, 0x49, 0xc7, 0x49, 0xc7, 0x49, 0xc7, 0x49, 0xc7, 0x49, 0xc7, 0x49,
    0xc7, 0x49, 0xc7, 0x49, 0xc7, 0x49, 0xc7, 0x49, 0xc7, 0x49, 0xc7, 0x49,
    0xc7, 0x49, 0xc7, 0x49, 0xc7, 0x49, 0xc7, 0x49, 0xc7, 0x49, 0xc7, 0x49,
    0xc7, 0x49, 0xc7, 0x49, 0xc7, 0x49, 0xc7, 0x49, 0xc7, 0x49, 0xc7, 0x49,
    0xc7, 0x49, 0xc7, 0x49, 0xc7, 0x49, 0xc7, 0x49, 0xc7, 0x49, 0xc7, 0x49,
    0xc7, 0x49, 0xc7, 0x49, 0xc7, 0x49, 0xc7, 0x49, 0xc7, 0x49, 0xc7, 0x49,
    0xc7, 0x49, 0xc7, 0x49, 0xc7, 0x49, 0xc7, 0x49, 0xc7, 0x49, 0xc7, 0x49,
    0xc7, 0x49, 0xc7, 0x49, 0xc7, 0x49, 0xc7, 0x49, 0xc7, 0x49, 0xc7, 0x49,
    0xc7, 0x49, 0xc7, 0x49, 0xc7, 0x49, 0xc7, 0x49, 0xc7, 0x49, 0xc7, 0x49,
    0xc7, 0x49, 0xc7, 0x49, 0xc7, 0x49, 0xc7, 0x49, 0xc7, 0x49, 0xc7, 0x49,
    0xc7, 0x49, 0xc7, 0x49, 0xc7, 0x49, 0xc7, 0x49, 0xc7, 0x49, 0xc7, 0x49,
    0xc7, 0x49, 0xc7, 0x49, 0xc7, 0x49, 0xc7, 0x49, 0xc7, 0x49, 0xc7, 0x49,
    0xc7, 0x49, 0xc7, 0x49, 0xc7, 0x49, 0xc7, 0x49, 0xc7, 0x49, 0xc7, 0x49,
    0xc7, 0x49, 0xc7, 0x49, 0xc7, 0x49, 0xc7, 0x49, 0xc7, 0x49, 0xc7, 0x49,
    0xc7, 0x49, 0xc7, 0x49, 0xc7, 0x49, 0xc7, 0x49, 0xc7, 0x49, 0xc7, 0x49,
    0xc7, 0x49, 0xc7, 0x49, 0xc7, 0x49, 0xc7, 0x49, 0xc7, 0x49, 0xc7, 0x49,
    0xc7, 0x49, 0xc7, 0x49, 0xc7, 0x49, 0xc7, 0x49, 0xc7, 0x49, 0xc7, 0x49,
    0xc7, 0x49, 0xc7, 0x49, 0xc7, 0x49, 0xc7, 0x49, 0xc7, 0x49, 0xc7, 0x49,
    0xc7, 0x49, 0xc7, 0x49, 0xc7, 0x49, 0xc7, 0x49, 0xc7, 0x49, 0xc7, 0x49,
    0xc7, 0x49, 0xc7, 0x49, 0xc7, 0x49, 0xc7, 0x49, 0xc7, 0x49, 0xc7, 0x49,
    0xc7, 0x49, 0xc7, 0x49, 0xc7, 0x49, 0xc7, 0x49, 0xc7, 0x49, 0xc7, 0x49,
    0xc7, 0x49, 0xc7, 0x49, 0xc7, 0x49, 0xc7, 0x49, 0xc7, 0x49, 0xc7, 0x49,
    0xc7, 0x49, 0xc7, 0x49, 0xc7, 0x49, 0xc7, 0x49, 0xc7, 0x49, 0xc7, 0x49,
    0xa6, 0x49, 0xa6, 0x49, 0xa6, 0x49, 0xa6, 0x49, 0xa6, 0x49, 0xa6, 0x49,
    0xa6, 0x49, 0xa6, 0x49, 0xa6, 0x49, 0xa6, 0x49, 0xa6, 0x49, 0xa6, 0x49,
    0xa6, 0x49, 0xa6, 0x49, 0xa6, 0x49, 0xa6, 0x49, 0xa6, 0x49, 0xa6, 0x49,
    0xa6, 0x49, 0xa6, 0x49, 0xa6, 0x49, 0xa6, 0x49, 0xa6, 0x49, 0xa6, 0x49,
    0xa6, 0x49, 0xa6, 0x49, 0xa6, 0x49, 0xa6, 0x49, 0xa6, 0x49, 0xa6, 0x49,
    0xa6, 0x49, 0xa6, 0x49, 0xa6, 0x49, 0xa6, 0x49, 0xa6, 0x49, 0xa6, 0x49,
    0xa6, 0x49, 0xa6, 0x49, 0xa6, 0x49, 0xa6, 0x49, 0xa6, 0x49, 0xa6, 0x49,
    0xa6, 0x49, 0xa6, 0x49, 0xa6, 0x49, 0xa6, 0x49, 0xa6, 0x49, 0xa6, 0x49,
    0xa6, 0x49, 0xa6, 0x49, 0xa6, 0x49, 0xa6, 0x49, 0xa6, 0x49, 0xa6, 0x49,
    0xa6, 0x49, 0xa6, 0x49, 0xa6, 0x49, 0xa6, 0x49, 0xa6, 0x49, 0xa6, 0x49,
    0xa6, 0x49, 0xa6, 0x49, 0xa6, 0x49, 0xa6, 0x49, 0xa6, 0x49, 0xa6, 0x49,
    0xa6, 0x49, 0xa6, 0x49, 0xa6, 0x49, 0xa6, 0x49, 0xa6, 0x49, 0xa6, 0x49,
    0xa6, 0x49, 0xa6, 0x49, 0xa6, 0x49
};

const lv_image_dsc_t img_probe_grid_1 = {
  .header = {
    .magic = LV_IMAGE_HEADER_MAGIC,
    .cf = LV_COLOR_FORMAT_RGB565,
    .flags = 0,
    .w = 75,
    .h = 75,
    .stride = 150,
    .reserved_2 = 0,
  },
  .data_size = sizeof(img_probe_grid_1_map),
  .data = img_probe_grid_1_map,
  .reserved = NULL,
};
#elif TFT_WIDTH > 0
// 38x38 version for TFT_WIDTH > 0
static const LV_ATTRIBUTE_MEM_ALIGN LV_ATTRIBUTE_LARGE_CONST LV_ATTRIBUTE_IMG_IMG_PROBE_GRID_1
uint8_t img_probe_grid_1_map[] = {
0xbe, 0xf7, 0x9e, 0xf7, 0x9e, 0xf7, 0x7d, 0xef, 0x5d, 0xef, 0x5d, 0xef,
    0x3d, 0xe7, 0x3c, 0xe7, 0x1c, 0xe7, 0x1c, 0xdf, 0xfc, 0xde, 0xdb, 0xde,
    0xdb, 0xd6, 0xbb, 0xd6, 0xba, 0xd6, 0x9a, 0xd6, 0x7a, 0xce, 0x7a, 0xce,
    0x59, 0xce, 0x59, 0xc6, 0x39, 0xc6, 0x19, 0xc6, 0x18, 0xbe, 0xf8, 0xbd,
    0xf8, 0xbd, 0xd8, 0xb5, 0xb7, 0xb5, 0xb7, 0xb5, 0x97, 0xad, 0x96, 0xad,
    0x76, 0xad, 0x76, 0xad, 0x56, 0xa5, 0x35, 0xa5, 0x35, 0xa5, 0x15, 0x9d,
    0x15, 0x9d, 0xf4, 0x9c, 0x7e, 0xef, 0x7d, 0xef, 0x5d, 0xef, 0x5d, 0xe7,
    0x3c, 0xe7, 0x1c, 0xe7, 0x1c, 0xdf, 0xfc, 0xde, 0xfb, 0xde, 0xdb, 0xde,
    0xbb, 0xd6, 0xbb, 0xd6, 0x9a, 0xd6, 0x9a, 0xce, 0x7a, 0xce, 0x5a, 0xce,
    0x59, 0xc6, 0x39, 0xc6, 0x39, 0xc6, 0x18, 0xbe, 0xf8, 0xbd, 0xf8, 0xbd,
    0xd8, 0xbd, 0xd7, 0xb5, 0xb7, 0xb5, 0xb7, 0xb5, 0x97, 0xad, 0x76, 0xad,
    0x76, 0xad, 0x56, 0xa5, 0x55, 0xa5, 0x35, 0xa5, 0x15, 0x9d, 0x15, 0x9d,
    0xf4, 0x9c, 0xf4, 0x9c, 0xd4, 0x94, 0xb4, 0x94, 0x5d, 0xe7, 0x3c, 0xe7,
    0x1c, 0xe7, 0x1c, 0xe7, 0xfc, 0xde, 0xfb, 0xde, 0xdb, 0xde, 0xbb, 0xd6,
    0xbb, 0xd6, 0x9a, 0xd6, 0x9a, 0xce, 0x7a, 0xce, 0x59, 0xce, 0x59, 0xc6,
    0x39, 0xc6, 0x39, 0xc6, 0x18, 0xbe, 0x18, 0xbe, 0xf8, 0xbd, 0xd8, 0xbd,
    0xd7, 0xb5, 0xb7, 0xb5, 0xb7, 0xb5, 0x97, 0xad, 0x76, 0xad, 0x76, 0xad,
    0x56, 0xa5, 0x55, 0xa5, 0x35, 0xa5, 0x15, 0x9d, 0x15, 0x9d, 0xf4, 0x9c,
    0xf4, 0x9c, 0xd4, 0x94, 0xb4, 0x94, 0xb3, 0x94, 0x93, 0x8c, 0x93, 0x8c,
    0x1c, 0xe7, 0xfc, 0xde, 0xfb, 0xde, 0xdb, 0xde, 0xdb, 0xd6, 0xbb, 0xd6,
    0x9a, 0xd6, 0x9a, 0xce, 0x7a, 0xce, 0x7a, 0xce, 0x59, 0xc6, 0x59, 0xc6,
    0x39, 0xc6, 0x19, 0xc6, 0x18, 0xbe, 0xf8, 0xbd, 0xd8, 0xbd, 0xd7, 0xb5,
    0xb7, 0xb5, 0xb7, 0xb5, 0x97, 0xad, 0x96, 0xad, 0x76, 0xad, 0x56, 0xad,
    0x56, 0xa5, 0x35, 0xa5, 0x35, 0xa5, 0x15, 0x9d, 0xf4, 0x9c, 0xf4, 0x9c,
    0xd4, 0x94, 0xd4, 0x94, 0xb3, 0x94, 0x93, 0x8c, 0x93, 0x8c, 0x73, 0x8c,
    0x72, 0x84, 0x52, 0x84, 0xdb, 0xde, 0xdb, 0xd6, 0xbb, 0xd6, 0x9a, 0xd6,
    0x9a, 0xce, 0x7a, 0xce, 0x7a, 0xce, 0x59, 0xce, 0x39, 0xc6, 0x39, 0xc6,
    0x18, 0xc6, 0x18, 0xbe, 0xf8, 0xbd, 0xd8, 0xbd, 0xd7, 0xb5, 0xb7, 0xb5,
    0xb7, 0xb5, 0x97, 0xad, 0x76, 0xad, 0x76, 0xad, 0x56, 0xa5, 0x56, 0xa5,
    0x35, 0xa5, 0x35, 0xa5, 0x15, 0x9d, 0xf4, 0x9c, 0xf4, 0x9c, 0xd4, 0x94,
    0xd4, 0x94, 0xb3, 0x94, 0x93, 0x8c, 0x93, 0x8c, 0x73, 0x8c, 0x72, 0x84,
    0x52, 0x84, 0x32, 0x84, 0x31, 0x7c, 0x11, 0x7c, 0xba, 0xd6, 0x9a, 0xd6,
    0x7a, 0xce, 0x7a, 0xce, 0x59, 0xce, 0x59, 0xc6, 0x39, 0xc6, 0x19, 0xc6,
    0x18, 0xbe, 0xf8, 0xbd, 0xf8, 0xbd, 0xd8, 0xb5, 0xb7, 0xb5, 0xb7, 0xb5,
    0x97, 0xad, 0x96, 0xad, 0x76, 0xad, 0x76, 0xad, 0x56, 0xa5, 0x35, 0xa5,
    0x35, 0xa5, 0x15, 0x9d, 0x15, 0x9d, 0xf4, 0x9c, 0xd4, 0x94, 0xd4, 0x94,
    0xb3, 0x94, 0xb3, 0x8c, 0x93, 0x8c, 0x73, 0x8c, 0x72, 0x8c, 0x52, 0x84,
    0x52, 0x84, 0x32, 0x84, 0x11, 0x7c, 0x11, 0x7c, 0xf1, 0x7b, 0xf0, 0x73,
    0x7a, 0xce, 0x59, 0xce, 0x59, 0xc6, 0x39, 0xc6, 0x19, 0xc6, 0x18, 0xbe,
    0xf8, 0xbd, 0xf8, 0xbd, 0xd7, 0xb5, 0xb7, 0xb5, 0xb7, 0xb5, 0x97, 0xb5,
    0x96, 0xad, 0x76, 0xad, 0x56, 0xad, 0x56, 0xa5, 0x35, 0xa5, 0x35, 0xa5,
    0x15, 0x9d, 0x15, 0x9d, 0xf4, 0x9c, 0xd4, 0x94, 0xd4, 0x94, 0xb3, 0x94,
    0xb3, 0x8c, 0x93, 0x8c, 0x73, 0x8c, 0x72, 0x8c, 0x52, 0x84, 0x52, 0x84,
    0x32, 0x84, 0x11, 0x7c, 0x11, 0x7c, 0xf1, 0x7b, 0xf0, 0x73, 0xd0, 0x73,
    0xb0, 0x73, 0xb0, 0x6b, 0x39, 0xc6, 0x39, 0xc6, 0x18, 0xbe, 0xf8, 0xbd,
    0xf8, 0xbd, 0xd8, 0xbd, 0xd7, 0xb5, 0xb7, 0xb5, 0x97, 0xb5, 0x97, 0xad,
    0x76, 0xad, 0x76, 0xad, 0x56, 0xa5, 0x55, 0xa5, 0x35, 0xa5, 0x15, 0x9d,
    0x15, 0x9d, 0xf4, 0x9c, 0xf4, 0x94, 0xd4, 0x94, 0xb4, 0x94, 0xb3, 0x94,
    0x93, 0x8c, 0x93, 0x8c, 0x72, 0x8c, 0x52, 0x84, 0x52, 0x84, 0x32, 0x84,
    0x31, 0x7c, 0x11, 0x7c, 0xf1, 0x7b, 0xf1, 0x7b, 0xd0, 0x73, 0xd0, 0x73,
    0xb0, 0x73, 0xb0, 0x6b, 0x8f, 0x6b, 0x6f, 0x6b, 0xf8, 0xbd, 0xf8, 0xbd,
    0xd8, 0xb5, 0xd7, 0xb5, 0xb7, 0xb5, 0x97, 0xb5, 0x96, 0xad, 0x76, 0xad,
    0x76, 0xad, 0x56, 0xa5, 0x35, 0xa5, 0x35, 0xa5, 0x15, 0x9d, 0x15, 0x9d,
    0xf4, 0x9c, 0xf4, 0x94, 0xd4, 0x94, 0xb4, 0x94, 0xb3, 0x94, 0x93, 0x8c,
    0x73, 0x8c, 0x72, 0x8c, 0x52, 0x84, 0x52, 0x84, 0x32, 0x84, 0x31, 0x7c,
    0x11, 0x7c, 0xf1, 0x7b, 0xf1, 0x73, 0xd0, 0x73, 0xd0, 0x73, 0xb0, 0x73,
    0x8f, 0x6b, 0x8f, 0x6b, 0x6f, 0x6b, 0x6f, 0x63, 0x4e, 0x63, 0x2e, 0x63,
    0xd7, 0xb5, 0xb7, 0xb5, 0xb7, 0xb5, 0x97, 0xad, 0x76, 0xad, 0x76, 0xad,
    0x56, 0xa5, 0x56, 0xa5, 0x35, 0xa5, 0x15, 0xa5, 0x15, 0x9d, 0xf4, 0x9c,
    0xf4, 0x9c, 0xd4, 0x94, 0xb4, 0x94, 0xb3, 0x94, 0x93, 0x8c, 0x93, 0x8c,
    0x73, 0x8c, 0x72, 0x84, 0x52, 0x84, 0x32, 0x84, 0x31, 0x7c, 0x11, 0x7c,
    0x11, 0x7c, 0xf1, 0x7b, 0xd0, 0x73, 0xd0, 0x73, 0xb0, 0x73, 0xb0, 0x6b,
    0x8f, 0x6b, 0x6f, 0x6b, 0x6f, 0x63, 0x4e, 0x63, 0x4e, 0x63, 0x2e, 0x5b,
    0x0e, 0x5b, 0x0d, 0x5b, 0x97, 0xb5, 0x18, 0xbe, 0x76, 0xad, 0xf8, 0xbd,
    0x56, 0xa5, 0xb7, 0xb5, 0x35, 0xa5, 0x97, 0xad, 0x15, 0x9d, 0x76, 0xad,
    0xf4, 0x9c, 0x55, 0xa5, 0xd4, 0x94, 0x15, 0xa5, 0xb3, 0x94, 0xf4, 0x9c,
    0x93, 0x8c, 0xb3, 0x94, 0x31, 0x8c, 0x52, 0x94, 0x52, 0x84, 0x72, 0x8c,
    0x32, 0x84, 0x32, 0x84, 0x31, 0x84, 0x11, 0x7c, 0x11, 0x7c, 0xf0, 0x73,
    0x11, 0x7c, 0xb0, 0x73, 0xf1, 0x7b, 0x6f, 0x6b, 0xd0, 0x73, 0x4e, 0x63,
    0xd0, 0x73, 0x0e, 0x5b, 0xb0, 0x73, 0xed, 0x52, 0xf8, 0xbd, 0x76, 0xad,
    0xd8, 0xbd, 0x56, 0xad, 0xb7, 0xb5, 0x35, 0xa5, 0x97, 0xb5, 0x15, 0xa5,
    0x96, 0xad, 0x15, 0x9d, 0x76, 0xad, 0xf4, 0x9c, 0x56, 0xa5, 0xd4, 0x94,
    0x35, 0xa5, 0xb3, 0x94, 0xf4, 0x9c, 0x11, 0x9c, 0x2d, 0xcb, 0x0c, 0xc3,
    0x11, 0x9c, 0x52, 0x8c, 0x93, 0x8c, 0x52, 0x84, 0x72, 0x84, 0x52, 0x84,
    0x32, 0x84, 0x32, 0x84, 0x11, 0x7c, 0x11, 0x7c, 0xf0, 0x73, 0x11, 0x7c,
    0xb0, 0x73, 0xf1, 0x7b, 0x8f, 0x6b, 0xf0, 0x73, 0x6f, 0x63, 0xd0, 0x73,
    0x35, 0xa5, 0xf8, 0xbd, 0xf4, 0x9c, 0xd8, 0xbd, 0xd4, 0x94, 0xb7, 0xb5,
    0xb3, 0x94, 0x96, 0xad, 0x93, 0x8c, 0x56, 0xad, 0x72, 0x84, 0x35, 0xa5,
    0x32, 0x84, 0x15, 0x9d, 0x31, 0x7c, 0xd4, 0x94, 0xb0, 0x83, 0xab, 0xda,
    0x69, 0xfa, 0x69, 0xfa, 0x8a, 0xd2, 0xf0, 0x8b, 0xf1, 0x7b, 0x11, 0x7c,
    0xd0, 0x73, 0xd0, 0x73, 0xd0, 0x73, 0x8f, 0x6b, 0xd0, 0x73, 0x6f, 0x63,
    0xb0, 0x73, 0x2e, 0x5b, 0xb0, 0x73, 0xed, 0x52, 0xb0, 0x73, 0xac, 0x4a,
    0xb0, 0x73, 0x6b, 0x42, 0x8e, 0x73, 0x6e, 0x73, 0x8e, 0x73, 0x6d, 0x6b,
    0x6d, 0x73, 0x4d, 0x6b, 0x6d, 0x6b, 0x4d, 0x6b, 0x4d, 0x6b, 0x4d, 0x6b,
    0x4d, 0x6b, 0x4d, 0x6b, 0x2d, 0x6b, 0x4d, 0x6b, 0x2d, 0x6b, 0x4d, 0x6b,
    0xcb, 0x72, 0x49, 0xe2, 0x69, 0xfa, 0x69, 0xfa, 0x49, 0xe2, 0xcb, 0x72,
    0xec, 0x62, 0x2d, 0x6b, 0xeb, 0x62, 0x2d, 0x63, 0xcb, 0x5a, 0x2d, 0x63,
    0xcb, 0x5a, 0x0c, 0x63, 0xcb, 0x5a, 0x0c, 0x63, 0xab, 0x5a, 0x0c, 0x63,
    0xab, 0x5a, 0x0c, 0x63, 0x8a, 0x52, 0x0c, 0x63, 0x8a, 0x5a, 0x8a, 0x5a,
    0x8a, 0x5a, 0x8a, 0x5a, 0x8a, 0x5a, 0x8a, 0x5a, 0x8a, 0x5a, 0x8a, 0x5a,
    0x8a, 0x5a, 0x8a, 0x5a, 0x8a, 0x5a, 0x8a, 0x5a, 0x8a, 0x5a, 0x8a, 0x5a,
    0x8a, 0x5a, 0x8a, 0x5a, 0x49, 0x62, 0x08, 0xa2, 0x49, 0xfa, 0x49, 0xfa,
    0x08, 0xa2, 0x49, 0x62, 0x8a, 0x5a, 0x8a, 0x5a, 0x8a, 0x5a, 0x8a, 0x5a,
    0x8a, 0x5a, 0x8a, 0x5a, 0x8a, 0x5a, 0x8a, 0x5a, 0x8a, 0x5a, 0x8a, 0x5a,
    0x8a, 0x5a, 0x8a, 0x5a, 0x8a, 0x5a, 0x8a, 0x5a, 0x8a, 0x5a, 0x8a, 0x5a,
    0x69, 0x5a, 0x8a, 0x5a, 0x8a, 0x5a, 0x8a, 0x5a, 0x69, 0x5a, 0x8a, 0x5a,
    0x8a, 0x5a, 0x8a, 0x5a, 0x69, 0x5a, 0x8a, 0x5a, 0x8a, 0x5a, 0x8a, 0x5a,
    0x69, 0x5a, 0x8a, 0x5a, 0x8a, 0x5a, 0x8a, 0x5a, 0x69, 0x5a, 0x28, 0x9a,
    0xa7, 0xd1, 0xa7, 0xd1, 0x28, 0x7a, 0x69, 0x5a, 0x8a, 0x5a, 0x8a, 0x5a,
    0x69, 0x5a, 0x8a, 0x5a, 0x8a, 0x5a, 0x8a, 0x5a, 0x69, 0x5a, 0x8a, 0x5a,
    0x8a, 0x5a, 0x8a, 0x5a, 0x69, 0x5a, 0x8a, 0x5a, 0x8a, 0x5a, 0x8a, 0x5a,
    0x69, 0x5a, 0x8a, 0x5a, 0x69, 0x52, 0x69, 0x52, 0x69, 0x52, 0x69, 0x52,
    0x69, 0x52, 0x69, 0x52, 0x69, 0x52, 0x69, 0x52, 0x69, 0x52, 0x69, 0x52,
    0x69, 0x52, 0x69, 0x52, 0x69, 0x52, 0x69, 0x52, 0x69, 0x52, 0x69, 0x52,
    0x69, 0x52, 0x49, 0xd2, 0x49, 0xd2, 0x49, 0xd2, 0x49, 0xb2, 0x69, 0x52,
    0x69, 0x52, 0x69, 0x52, 0x69, 0x52, 0x69, 0x52, 0x69, 0x52, 0x69, 0x52,
    0x69, 0x52, 0x69, 0x52, 0x69, 0x52, 0x69, 0x52, 0x69, 0x52, 0x69, 0x52,
    0x69, 0x52, 0x69, 0x52, 0x69, 0x52, 0x69, 0x52, 0x69, 0x52, 0x69, 0x52,
    0x69, 0x52, 0x69, 0x52, 0x69, 0x52, 0x69, 0x52, 0x69, 0x52, 0x69, 0x52,
    0x69, 0x52, 0x69, 0x52, 0x69, 0x52, 0x69, 0x52, 0x69, 0x52, 0x69, 0x52,
    0x69, 0x52, 0x69, 0x52, 0x8a, 0x9a, 0xab, 0xda, 0xab, 0xda, 0xab, 0xda,
    0xab, 0xda, 0x6a, 0x7a, 0x69, 0x52, 0x69, 0x52, 0x69, 0x52, 0x69, 0x52,
    0x69, 0x52, 0x69, 0x52, 0x69, 0x52, 0x69, 0x52, 0x69, 0x52, 0x69, 0x52,
    0x69, 0x52, 0x69, 0x52, 0x69, 0x52, 0x69, 0x52, 0x69, 0x52, 0x69, 0x52,
    0x69, 0x52, 0x69, 0x52, 0x69, 0x52, 0x69, 0x52, 0x69, 0x52, 0x69, 0x52,
    0x69, 0x52, 0x69, 0x52, 0x69, 0x52, 0x69, 0x52, 0x69, 0x52, 0x69, 0x52,
    0x69, 0x52, 0x69, 0x52, 0x69, 0x52, 0x69, 0x52, 0xec, 0xda, 0xec, 0xda,
    0xec, 0xda, 0xec, 0xda, 0xec, 0xda, 0xcb, 0xba, 0x69, 0x52, 0x69, 0x52,
    0x69, 0x52, 0x69, 0x52, 0x69, 0x52, 0x69, 0x52, 0x69, 0x52, 0x69, 0x52,
    0x69, 0x52, 0x69, 0x52, 0x69, 0x52, 0x69, 0x52, 0x69, 0x52, 0x69, 0x52,
    0x69, 0x52, 0x69, 0x52, 0x49, 0x52, 0x49, 0x52, 0x49, 0x52, 0x49, 0x52,
    0x49, 0x52, 0x49, 0x52, 0x49, 0x52, 0x49, 0x52, 0x49, 0x52, 0x49, 0x52,
    0x49, 0x52, 0x49, 0x52, 0x49, 0x52, 0x49, 0x52, 0x49, 0x52, 0x8a, 0x7a,
    0x0c, 0xbb, 0x0c, 0xbb, 0x0c, 0xbb, 0x0c, 0xbb, 0x0c, 0xbb, 0x0c, 0xbb,
    0x8a, 0x7a, 0x49, 0x52, 0x49, 0x52, 0x49, 0x52, 0x49, 0x52, 0x49, 0x52,
    0x49, 0x52, 0x49, 0x52, 0x49, 0x52, 0x49, 0x52, 0x49, 0x52, 0x49, 0x52,
    0x49, 0x52, 0x49, 0x52, 0x49, 0x52, 0x49, 0x52, 0x49, 0x52, 0x49, 0x52,
    0x49, 0x52, 0x49, 0x52, 0x49, 0x52, 0x49, 0x52, 0x49, 0x52, 0x49, 0x52,
    0x49, 0x52, 0x49, 0x52, 0x49, 0x52, 0x49, 0x52, 0x49, 0x52, 0x49, 0x52,
    0x49, 0x52, 0x49, 0x52, 0x49, 0x52, 0x49, 0x52, 0x49, 0x52, 0x49, 0x52,
    0x49, 0x52, 0x49, 0x52, 0x49, 0x52, 0x49, 0x52, 0x49, 0x52, 0x49, 0x52,
    0x49, 0x52, 0x49, 0x52, 0x49, 0x52, 0x49, 0x52, 0x49, 0x52, 0x49, 0x52,
    0x49, 0x52, 0x49, 0x52, 0x49, 0x52, 0x49, 0x52, 0x49, 0x52, 0x49, 0x52,
    0x49, 0x52, 0x49, 0x52, 0x49, 0x52, 0x49, 0x52, 0x49, 0x52, 0x49, 0x52,
    0x49, 0x52, 0x49, 0x52, 0x49, 0x52, 0x49, 0x52, 0x49, 0x52, 0x49, 0x52,
    0x49, 0x52, 0x49, 0x52, 0x49, 0x52, 0x49, 0x52, 0x49, 0x52, 0x49, 0x52,
    0x49, 0x52, 0x49, 0x52, 0x49, 0x52, 0x49, 0x52, 0x49, 0x52, 0x49, 0x52,
    0x49, 0x52, 0x49, 0x52, 0x49, 0x52, 0x49, 0x52, 0x49, 0x52, 0x49, 0x52,
    0x49, 0x52, 0x49, 0x52, 0x49, 0x52, 0x49, 0x52, 0x49, 0x52, 0x49, 0x52,
    0x49, 0x52, 0x49, 0x52, 0x28, 0x52, 0x49, 0x52, 0x28, 0x52, 0x49, 0x52,
    0x28, 0x52, 0x49, 0x52, 0x28, 0x52, 0x49, 0x52, 0x28, 0x52, 0x49, 0x52,
    0x28, 0x52, 0x49, 0x52, 0x28, 0x52, 0x49, 0x52, 0x28, 0x52, 0x49, 0x52,
    0x28, 0x52, 0x49, 0x52, 0x28, 0x52, 0x49, 0x52, 0x28, 0x52, 0x49, 0x52,
    0x28, 0x52, 0x49, 0x52, 0x28, 0x52, 0x49, 0x52, 0x28, 0x52, 0x49, 0x52,
    0x28, 0x52, 0x49, 0x52, 0x28, 0x52, 0x49, 0x52, 0x28, 0x52, 0x49, 0x52,
    0x28, 0x52, 0x49, 0x52, 0x28, 0x52, 0x49, 0x52, 0x28, 0x52, 0x28, 0x52,
    0x28, 0x52, 0x28, 0x52, 0x28, 0x52, 0x28, 0x52, 0x28, 0x52, 0x28, 0x52,
    0x28, 0x52, 0x28, 0x52, 0x28, 0x52, 0x28, 0x52, 0x28, 0x52, 0x28, 0x52,
    0x28, 0x52, 0xef, 0x83, 0x5d, 0xef, 0x2c, 0x6b, 0x7d, 0xef, 0xaa, 0x62,
    0xaa, 0x62, 0x49, 0x52, 0x28, 0x52, 0x28, 0x52, 0x28, 0x52, 0x28, 0x52,
    0x28, 0x52, 0x28, 0x52, 0x28, 0x52, 0x28, 0x52, 0x28, 0x52, 0x28, 0x52,
    0x28, 0x52, 0x28, 0x52, 0x28, 0x52, 0x28, 0x52, 0x28, 0x52, 0x28, 0x52,
    0x28, 0x52, 0x28, 0x52, 0x28, 0x52, 0x28, 0x52, 0x28, 0x52, 0x28, 0x52,
    0x28, 0x52, 0x28, 0x52, 0x28, 0x52, 0x28, 0x52, 0x28, 0x52, 0x28, 0x52,
    0x28, 0x52, 0x28, 0x52, 0x28, 0x52, 0x28, 0x52, 0xfb, 0xde, 0x7d, 0xef,
    0x54, 0xad, 0x69, 0x5a, 0xba, 0xd6, 0xce, 0x83, 0x28, 0x52, 0x28, 0x52,
    0x28, 0x52, 0x28, 0x52, 0x28, 0x52, 0x28, 0x52, 0x28, 0x52, 0x28, 0x52,
    0x28, 0x52, 0x28, 0x52, 0x28, 0x52, 0x28, 0x52, 0x28, 0x52, 0x28, 0x52,
    0x28, 0x52, 0x28, 0x52, 0x28, 0x52, 0x28, 0x52, 0x28, 0x52, 0x28, 0x52,
    0x28, 0x52, 0x28, 0x52, 0x28, 0x52, 0x28, 0x52, 0x28, 0x52, 0x28, 0x52,
    0x28, 0x52, 0x28, 0x52, 0x28, 0x52, 0x28, 0x52, 0x28, 0x52, 0x28, 0x52,
    0x4c, 0x73, 0x9e, 0xf7, 0xa9, 0x5a, 0x59, 0xce, 0xdf, 0xff, 0x9e, 0xf7,
    0x71, 0x94, 0x48, 0x52, 0x28, 0x52, 0x28, 0x52, 0x28, 0x52, 0x28, 0x52,
    0x28, 0x52, 0x28, 0x52, 0x28, 0x52, 0x28, 0x52, 0x28, 0x52, 0x28, 0x52,
    0x28, 0x52, 0x28, 0x52, 0x28, 0x52, 0x28, 0x52, 0x08, 0x52, 0x08, 0x52,
    0x08, 0x52, 0x08, 0x52, 0x08, 0x52, 0x08, 0x52, 0x08, 0x52, 0x08, 0x52,
    0x08, 0x52, 0x08, 0x52, 0x08, 0x52, 0x08, 0x52, 0x08, 0x52, 0x08, 0x52,
    0x08, 0x52, 0x08, 0x52, 0x69, 0x5a, 0x7d, 0xef, 0x68, 0x5a, 0x48, 0x52,
    0x58, 0xce, 0xce, 0x83, 0x48, 0x52, 0x28, 0x52, 0x08, 0x52, 0x08, 0x52,
    0x08, 0x52, 0x08, 0x52, 0x08, 0x52, 0x08, 0x52, 0x08, 0x52, 0x08, 0x52,
    0x08, 0x52, 0x08, 0x52, 0x08, 0x52, 0x08, 0x52, 0x08, 0x52, 0x08, 0x52,
    0x08, 0x52, 0x08, 0x52, 0x08, 0x52, 0x08, 0x52, 0x08, 0x52, 0x08, 0x52,
    0x08, 0x52, 0x08, 0x52, 0x08, 0x52, 0x08, 0x52, 0x08, 0x52, 0x08, 0x52,
    0x08, 0x52, 0x08, 0x52, 0x08, 0x52, 0x08, 0x52, 0x08, 0x52, 0x68, 0x5a,
    0x28, 0x52, 0x08, 0x52, 0x48, 0x52, 0x28, 0x52, 0x28, 0x52, 0x08, 0x52,
    0x08, 0x52, 0x08, 0x52, 0x08, 0x52, 0x08, 0x52, 0x08, 0x52, 0x08, 0x52,
    0x08, 0x52, 0x08, 0x52, 0x08, 0x52, 0x08, 0x52, 0x08, 0x52, 0x08, 0x52,
    0x08, 0x52, 0x08, 0x52, 0x08, 0x4a, 0x08, 0x4a, 0x08, 0x4a, 0x08, 0x4a,
    0x08, 0x4a, 0x08, 0x4a, 0x08, 0x4a, 0x08, 0x4a, 0x08, 0x4a, 0x08, 0x4a,
    0x08, 0x4a, 0x08, 0x4a, 0x08, 0x4a, 0x08, 0x4a, 0x08, 0x4a, 0x08, 0x4a,
    0x08, 0x4a, 0x08, 0x4a, 0x08, 0x4a, 0x08, 0x4a, 0x08, 0x4a, 0x08, 0x4a,
    0x08, 0x4a, 0x08, 0x4a, 0x08, 0x4a, 0x08, 0x4a, 0x08, 0x4a, 0x08, 0x4a,
    0x08, 0x4a, 0x08, 0x4a, 0x08, 0x4a, 0x08, 0x4a, 0x08, 0x4a, 0x08, 0x4a,
    0x08, 0x4a, 0x08, 0x4a, 0x08, 0x4a, 0x08, 0x4a, 0x08, 0x4a, 0x08, 0x4a,
    0x08, 0x4a, 0x08, 0x4a, 0x08, 0x4a, 0x08, 0x4a, 0x08, 0x4a, 0x08, 0x4a,
    0x08, 0x4a, 0x08, 0x4a, 0x08, 0x4a, 0x08, 0x4a, 0x08, 0x4a, 0x08, 0x4a,
    0x08, 0x4a, 0x08, 0x4a, 0x08, 0x4a, 0x08, 0x4a, 0x08, 0x4a, 0x08, 0x4a,
    0x08, 0x4a, 0x08, 0x4a, 0x08, 0x4a, 0x08, 0x4a, 0x08, 0x4a, 0x08, 0x4a,
    0x08, 0x4a, 0x08, 0x4a, 0x08, 0x4a, 0x08, 0x4a, 0x08, 0x4a, 0x08, 0x4a,
    0x08, 0x4a, 0x08, 0x4a, 0x08, 0x4a, 0x08, 0x4a, 0x08, 0x4a, 0x08, 0x4a,
    0xe7, 0x49, 0xe7, 0x49, 0xe7, 0x49, 0xe7, 0x49, 0xe7, 0x49, 0xe7, 0x49,
    0xe7, 0x49, 0xe7, 0x49, 0xe7, 0x49, 0xe7, 0x49, 0xe7, 0x49, 0xe7, 0x49,
    0xe7, 0x49, 0xe7, 0x49, 0xe7, 0x49, 0xe7, 0x49, 0xe7, 0x49, 0xe7, 0x49,
    0xe7, 0x49, 0xe7, 0x49, 0xe7, 0x49, 0xe7, 0x49, 0xe7, 0x49, 0xe7, 0x49,
    0xe7, 0x49, 0xe7, 0x49, 0xe7, 0x49, 0xe7, 0x49, 0xe7, 0x49, 0xe7, 0x49,
    0xe7, 0x49, 0xe7, 0x49, 0xe7, 0x49, 0xe7, 0x49, 0xe7, 0x49, 0xe7, 0x49,
    0xe7, 0x49, 0xe7, 0x49, 0xe7, 0x49, 0xe7, 0x49, 0xe7, 0x49, 0xe7, 0x49,
    0xe7, 0x49, 0xe7, 0x49, 0xe7, 0x49, 0xe7, 0x49, 0xe7, 0x49, 0xe7, 0x49,
    0xe7, 0x49, 0xe7, 0x49, 0xe7, 0x49, 0xe7, 0x49, 0xe7, 0x49, 0xe7, 0x49,
    0xe7, 0x49, 0xe7, 0x49, 0xe7, 0x49, 0xe7, 0x49, 0xe7, 0x49, 0xe7, 0x49,
    0xe7, 0x49, 0xe7, 0x49, 0xe7, 0x49, 0xe7, 0x49, 0xe7, 0x49, 0xe7, 0x49,
    0xe7, 0x49, 0xe7, 0x49, 0xe7, 0x49, 0xe7, 0x49, 0xe7, 0x49, 0xe7, 0x49,
    0xe7, 0x49, 0xe7, 0x49, 0xe7, 0x49, 0xe7, 0x49, 0xe7, 0x49, 0xe7, 0x49,
    0xe7, 0x49, 0xe7, 0x49, 0xe7, 0x49, 0xe7, 0x49, 0xe7, 0x49, 0xe7, 0x49,
    0xe7, 0x49, 0xe7, 0x49, 0xe7, 0x49, 0xe7, 0x49, 0xe7, 0x49, 0xe7, 0x49,
    0xe7, 0x49, 0xe7, 0x49, 0xe7, 0x49, 0xe7, 0x49, 0xe7, 0x49, 0xe7, 0x49,
    0xe7, 0x49, 0xe7, 0x49, 0xe7, 0x49, 0xe7, 0x49, 0xe7, 0x49, 0xe7, 0x49,
    0xe7, 0x49, 0xe7, 0x49, 0xe7, 0x49, 0xe7, 0x49, 0xe7, 0x49, 0xe7, 0x49,
    0xe7, 0x49, 0xe7, 0x49, 0xe7, 0x49, 0xe7, 0x49, 0xe7, 0x49, 0xe7, 0x49,
    0xe7, 0x49, 0xe7, 0x49, 0xe7, 0x49, 0xe7, 0x49, 0xe7, 0x49, 0xe7, 0x49,
    0xe7, 0x49, 0xe7, 0x49, 0xe7, 0x49, 0xe7, 0x49, 0xe7, 0x49, 0xe7, 0x49,
    0xe7, 0x49, 0xe7, 0x49, 0xe7, 0x49, 0xe7, 0x49, 0xe7, 0x49, 0xe7, 0x49,
    0xe7, 0x49, 0xe7, 0x49, 0xe7, 0x49, 0xe7, 0x49, 0xe7, 0x49, 0xe7, 0x49,
    0xe7, 0x49, 0xe7, 0x49, 0xe7, 0x49, 0xe7, 0x49, 0xe7, 0x49, 0xe7, 0x49,
    0xe7, 0x49, 0xe7, 0x49, 0xe7, 0x49, 0xe7, 0x49, 0xe7, 0x49, 0xe7, 0x49,
    0xe7, 0x49, 0xe7, 0x49, 0xc7, 0x49, 0xc7, 0x49, 0xc7, 0x49, 0xc7, 0x49,
    0xc7, 0x49, 0xc7, 0x49, 0xc7, 0x49, 0xc7, 0x49, 0xc7, 0x49, 0xc7, 0x49,
    0xc7, 0x49, 0xc7, 0x49, 0xc7, 0x49, 0xc7, 0x49, 0xc7, 0x49, 0xc7, 0x49,
    0xc7, 0x49, 0xc7, 0x49, 0xc7, 0x49, 0xc7, 0x49, 0xc7, 0x49, 0xc7, 0x49,
    0xc7, 0x49, 0xc7, 0x49, 0xc7, 0x49, 0xc7, 0x49, 0xc7, 0x49, 0xc7, 0x49,
    0xc7, 0x49, 0xc7, 0x49, 0xc7, 0x49, 0xc7, 0x49, 0xc7, 0x49, 0xc7, 0x49,
    0xc7, 0x49, 0xc7, 0x49, 0xc7, 0x49, 0xc7, 0x49, 0xc7, 0x49, 0xc7, 0x49,
    0xc7, 0x49, 0xc7, 0x49, 0xc7, 0x49, 0xc7, 0x49, 0xc7, 0x49, 0xc7, 0x49,
    0xc7, 0x49, 0xc7, 0x49, 0xc7, 0x49, 0xc7, 0x49, 0xc7, 0x49, 0xc7, 0x49,
    0xc7, 0x49, 0xc7, 0x49, 0xc7, 0x49, 0xc7, 0x49, 0xc7, 0x49, 0xc7, 0x49,
    0xc7, 0x49, 0xc7, 0x49, 0xc7, 0x49, 0xc7, 0x49, 0xc7, 0x49, 0xc7, 0x49,
    0xc7, 0x49, 0xc7, 0x49, 0xc7, 0x49, 0xc7, 0x49, 0xc7, 0x49, 0xc7, 0x49,
    0xc7, 0x49, 0xc7, 0x49, 0xc7, 0x49, 0xc7, 0x49, 0xc7, 0x49, 0xc7, 0x49,
    0xc7, 0x49, 0xc7, 0x49, 0xc7, 0x49, 0xc7, 0x49, 0xc7, 0x49, 0xc7, 0x49,
    0xc7, 0x49, 0xc7, 0x49, 0xc7, 0x49, 0xc7, 0x49, 0xc7, 0x49, 0xc7, 0x49,
    0xc7, 0x49, 0xc7, 0x49, 0xc7, 0x49, 0xc7, 0x49, 0xc7, 0x49, 0xc7, 0x49,
    0xc7, 0x49, 0xc7, 0x49, 0xc7, 0x49, 0xc7, 0x49, 0xc7, 0x49, 0xc7, 0x49,
    0xc7, 0x49, 0xc7, 0x49, 0xc7, 0x49, 0xc7, 0x49, 0xc7, 0x49, 0xc7, 0x49,
    0xc7, 0x49, 0xc7, 0x49, 0xc7, 0x49, 0xc7, 0x49, 0xc7, 0x49, 0xc7, 0x49,
    0xc7, 0x49, 0xc7, 0x49, 0xc7, 0x49, 0xc7, 0x49, 0xc7, 0x49, 0xc7, 0x49,
    0xc7, 0x49, 0xc7, 0x49, 0xc7, 0x49, 0xc7, 0x49, 0xc7, 0x49, 0xc7, 0x49,
    0xc7, 0x49, 0xc7, 0x49, 0xc7, 0x49, 0xc7, 0x49, 0xc7, 0x49, 0xc7, 0x49,
    0xc7, 0x49, 0xc7, 0x49, 0xc7, 0x49, 0xc7, 0x49, 0xc7, 0x49, 0xc7, 0x49,
    0xc7, 0x49, 0xc7, 0x49, 0xc7, 0x49, 0xc7, 0x49, 0xc7, 0x49, 0xc7, 0x49,
    0xc7, 0x49, 0xc7, 0x49, 0xc7, 0x49, 0xc7, 0x49, 0xc7, 0x49, 0xc7, 0x49,
    0xc7, 0x49, 0xc7, 0x49, 0xc7, 0x49, 0xc7, 0x49
};

const lv_image_dsc_t img_probe_grid_1 = {
  .header = {
    .magic = LV_IMAGE_HEADER_MAGIC,
    .cf = LV_COLOR_FORMAT_RGB565,
    .flags = 0,
    .w = 38,
    .h = 38,
    .stride = 76,
    .reserved_2 = 0,
  },
  .data_size = sizeof(img_probe_grid_1_map),
  .data = img_probe_grid_1_map,
  .reserved = NULL,
};
#else // Fallback for TFT_WIDTH <= 0
// Fallback 38x38 version
static const LV_ATTRIBUTE_MEM_ALIGN LV_ATTRIBUTE_LARGE_CONST LV_ATTRIBUTE_IMG_IMG_PROBE_GRID_1
uint8_t img_probe_grid_1_map[] = {
0xbe, 0xf7, 0x9e, 0xf7, 0x9e, 0xf7, 0x7d, 0xef, 0x5d, 0xef, 0x5d, 0xef,
    0x3d, 0xe7, 0x3c, 0xe7, 0x1c, 0xe7, 0x1c, 0xdf, 0xfc, 0xde, 0xdb, 0xde,
    0xdb, 0xd6, 0xbb, 0xd6, 0xba, 0xd6, 0x9a, 0xd6, 0x7a, 0xce, 0x7a, 0xce,
    0x59, 0xce, 0x59, 0xc6, 0x39, 0xc6, 0x19, 0xc6, 0x18, 0xbe, 0xf8, 0xbd,
    0xf8, 0xbd, 0xd8, 0xb5, 0xb7, 0xb5, 0xb7, 0xb5, 0x97, 0xad, 0x96, 0xad,
    0x76, 0xad, 0x76, 0xad, 0x56, 0xa5, 0x35, 0xa5, 0x35, 0xa5, 0x15, 0x9d,
    0x15, 0x9d, 0xf4, 0x9c, 0x7e, 0xef, 0x7d, 0xef, 0x5d, 0xef, 0x5d, 0xe7,
    0x3c, 0xe7, 0x1c, 0xe7, 0x1c, 0xdf, 0xfc, 0xde, 0xfb, 0xde, 0xdb, 0xde,
    0xbb, 0xd6, 0xbb, 0xd6, 0x9a, 0xd6, 0x9a, 0xce, 0x7a, 0xce, 0x5a, 0xce,
    0x59, 0xc6, 0x39, 0xc6, 0x39, 0xc6, 0x18, 0xbe, 0xf8, 0xbd, 0xf8, 0xbd,
    0xd8, 0xbd, 0xd7, 0xb5, 0xb7, 0xb5, 0xb7, 0xb5, 0x97, 0xad, 0x76, 0xad,
    0x76, 0xad, 0x56, 0xa5, 0x55, 0xa5, 0x35, 0xa5, 0x15, 0x9d, 0x15, 0x9d,
    0xf4, 0x9c, 0xf4, 0x9c, 0xd4, 0x94, 0xb4, 0x94, 0x5d, 0xe7, 0x3c, 0xe7,
    0x1c, 0xe7, 0x1c, 0xe7, 0xfc, 0xde, 0xfb, 0xde, 0xdb, 0xde, 0xbb, 0xd6,
    0xbb, 0xd6, 0x9a, 0xd6, 0x9a, 0xce, 0x7a, 0xce, 0x59, 0xce, 0x59, 0xc6,
    0x39, 0xc6, 0x39, 0xc6, 0x18, 0xbe, 0x18, 0xbe, 0xf8, 0xbd, 0xd8, 0xbd,
    0xd7, 0xb5, 0xb7, 0xb5, 0xb7, 0xb5, 0x97, 0xad, 0x76, 0xad, 0x76, 0xad,
    0x56, 0xa5, 0x55, 0xa5, 0x35, 0xa5, 0x15, 0x9d, 0x15, 0x9d, 0xf4, 0x9c,
    0xf4, 0x9c, 0xd4, 0x94, 0xb4, 0x94, 0xb3, 0x94, 0x93, 0x8c, 0x93, 0x8c,
    0x1c, 0xe7, 0xfc, 0xde, 0xfb, 0xde, 0xdb, 0xde, 0xdb, 0xd6, 0xbb, 0xd6,
    0x9a, 0xd6, 0x9a, 0xce, 0x7a, 0xce, 0x7a, 0xce, 0x59, 0xc6, 0x59, 0xc6,
    0x39, 0xc6, 0x19, 0xc6, 0x18, 0xbe, 0xf8, 0xbd, 0xd8, 0xbd, 0xd7, 0xb5,
    0xb7, 0xb5, 0xb7, 0xb5, 0x97, 0xad, 0x96, 0xad, 0x76, 0xad, 0x56, 0xad,
    0x56, 0xa5, 0x35, 0xa5, 0x35, 0xa5, 0x15, 0x9d, 0xf4, 0x9c, 0xf4, 0x9c,
    0xd4, 0x94, 0xd4, 0x94, 0xb3, 0x94, 0x93, 0x8c, 0x93, 0x8c, 0x73, 0x8c,
    0x72, 0x84, 0x52, 0x84, 0xdb, 0xde, 0xdb, 0xd6, 0xbb, 0xd6, 0x9a, 0xd6,
    0x9a, 0xce, 0x7a, 0xce, 0x7a, 0xce, 0x59, 0xce, 0x39, 0xc6, 0x39, 0xc6,
    0x18, 0xc6, 0x18, 0xbe, 0xf8, 0xbd, 0xd8, 0xbd, 0xd7, 0xb5, 0xb7, 0xb5,
    0xb7, 0xb5, 0x97, 0xad, 0x76, 0xad, 0x76, 0xad, 0x56, 0xa5, 0x56, 0xa5,
    0x35, 0xa5, 0x35, 0xa5, 0x15, 0x9d, 0xf4, 0x9c, 0xf4, 0x9c, 0xd4, 0x94,
    0xd4, 0x94, 0xb3, 0x94, 0x93, 0x8c, 0x93, 0x8c, 0x73, 0x8c, 0x72, 0x84,
    0x52, 0x84, 0x32, 0x84, 0x31, 0x7c, 0x11, 0x7c, 0xba, 0xd6, 0x9a, 0xd6,
    0x7a, 0xce, 0x7a, 0xce, 0x59, 0xce, 0x59, 0xc6, 0x39, 0xc6, 0x19, 0xc6,
    0x18, 0xbe, 0xf8, 0xbd, 0xf8, 0xbd, 0xd8, 0xb5, 0xb7, 0xb5, 0xb7, 0xb5,
    0x97, 0xad, 0x96, 0xad, 0x76, 0xad, 0x76, 0xad, 0x56, 0xa5, 0x35, 0xa5,
    0x35, 0xa5, 0x15, 0x9d, 0x15, 0x9d, 0xf4, 0x9c, 0xd4, 0x94, 0xd4, 0x94,
    0xb3, 0x94, 0xb3, 0x8c, 0x93, 0x8c, 0x73, 0x8c, 0x72, 0x8c, 0x52, 0x84,
    0x52, 0x84, 0x32, 0x84, 0x11, 0x7c, 0x11, 0x7c, 0xf1, 0x7b, 0xf0, 0x73,
    0x7a, 0xce, 0x59, 0xce, 0x59, 0xc6, 0x39, 0xc6, 0x19, 0xc6, 0x18, 0xbe,
    0xf8, 0xbd, 0xf8, 0xbd, 0xd7, 0xb5, 0xb7, 0xb5, 0xb7, 0xb5, 0x97, 0xb5,
    0x96, 0xad, 0x76, 0xad, 0x56, 0xad, 0x56, 0xa5, 0x35, 0xa5, 0x35, 0xa5,
    0x15, 0x9d, 0x15, 0x9d, 0xf4, 0x9c, 0xd4, 0x94, 0xd4, 0x94, 0xb3, 0x94,
    0xb3, 0x8c, 0x93, 0x8c, 0x73, 0x8c, 0x72, 0x8c, 0x52, 0x84, 0x52, 0x84,
    0x32, 0x84, 0x11, 0x7c, 0x11, 0x7c, 0xf1, 0x7b, 0xf0, 0x73, 0xd0, 0x73,
    0xb0, 0x73, 0xb0, 0x6b, 0x39, 0xc6, 0x39, 0xc6, 0x18, 0xbe, 0xf8, 0xbd,
    0xf8, 0xbd, 0xd8, 0xbd, 0xd7, 0xb5, 0xb7, 0xb5, 0x97, 0xb5, 0x97, 0xad,
    0x76, 0xad, 0x76, 0xad, 0x56, 0xa5, 0x55, 0xa5, 0x35, 0xa5, 0x15, 0x9d,
    0x15, 0x9d, 0xf4, 0x9c, 0xf4, 0x94, 0xd4, 0x94, 0xb4, 0x94, 0xb3, 0x94,
    0x93, 0x8c, 0x93, 0x8c, 0x72, 0x8c, 0x52, 0x84, 0x52, 0x84, 0x32, 0x84,
    0x31, 0x7c, 0x11, 0x7c, 0xf1, 0x7b, 0xf1, 0x7b, 0xd0, 0x73, 0xd0, 0x73,
    0xb0, 0x73, 0xb0, 0x6b, 0x8f, 0x6b, 0x6f, 0x6b, 0xf8, 0xbd, 0xf8, 0xbd,
    0xd8, 0xb5, 0xd7, 0xb5, 0xb7, 0xb5, 0x97, 0xb5, 0x96, 0xad, 0x76, 0xad,
    0x76, 0xad, 0x56, 0xa5, 0x35, 0xa5, 0x35, 0xa5, 0x15, 0x9d, 0x15, 0x9d,
    0xf4, 0x9c, 0xf4, 0x94, 0xd4, 0x94, 0xb4, 0x94, 0xb3, 0x94, 0x93, 0x8c,
    0x73, 0x8c, 0x72, 0x8c, 0x52, 0x84, 0x52, 0x84, 0x32, 0x84, 0x31, 0x7c,
    0x11, 0x7c, 0xf1, 0x7b, 0xf1, 0x73, 0xd0, 0x73, 0xd0, 0x73, 0xb0, 0x73,
    0x8f, 0x6b, 0x8f, 0x6b, 0x6f, 0x6b, 0x6f, 0x63, 0x4e, 0x63, 0x2e, 0x63,
    0xd7, 0xb5, 0xb7, 0xb5, 0xb7, 0xb5, 0x97, 0xad, 0x76, 0xad, 0x76, 0xad,
    0x56, 0xa5, 0x56, 0xa5, 0x35, 0xa5, 0x15, 0xa5, 0x15, 0x9d, 0xf4, 0x9c,
    0xf4, 0x9c, 0xd4, 0x94, 0xb4, 0x94, 0xb3, 0x94, 0x93, 0x8c, 0x93, 0x8c,
    0x73, 0x8c, 0x72, 0x84, 0x52, 0x84, 0x32, 0x84, 0x31, 0x7c, 0x11, 0x7c,
    0x11, 0x7c, 0xf1, 0x7b, 0xd0, 0x73, 0xd0, 0x73, 0xb0, 0x73, 0xb0, 0x6b,
    0x8f, 0x6b, 0x6f, 0x6b, 0x6f, 0x63, 0x4e, 0x63, 0x4e, 0x63, 0x2e, 0x5b,
    0x0e, 0x5b, 0x0d, 0x5b, 0x97, 0xb5, 0x18, 0xbe, 0x76, 0xad, 0xf8, 0xbd,
    0x56, 0xa5, 0xb7, 0xb5, 0x35, 0xa5, 0x97, 0xad, 0x15, 0x9d, 0x76, 0xad,
    0xf4, 0x9c, 0x55, 0xa5, 0xd4, 0x94, 0x15, 0xa5, 0xb3, 0x94, 0xf4, 0x9c,
    0x93, 0x8c, 0xb3, 0x94, 0x31, 0x8c, 0x52, 0x94, 0x52, 0x84, 0x72, 0x8c,
    0x32, 0x84, 0x32, 0x84, 0x31, 0x84, 0x11, 0x7c, 0x11, 0x7c, 0xf0, 0x73,
    0x11, 0x7c, 0xb0, 0x73, 0xf1, 0x7b, 0x6f, 0x6b, 0xd0, 0x73, 0x4e, 0x63,
    0xd0, 0x73, 0x0e, 0x5b, 0xb0, 0x73, 0xed, 0x52, 0xf8, 0xbd, 0x76, 0xad,
    0xd8, 0xbd, 0x56, 0xad, 0xb7, 0xb5, 0x35, 0xa5, 0x97, 0xb5, 0x15, 0xa5,
    0x96, 0xad, 0x15, 0x9d, 0x76, 0xad, 0xf4, 0x9c, 0x56, 0xa5, 0xd4, 0x94,
    0x35, 0xa5, 0xb3, 0x94, 0xf4, 0x9c, 0x11, 0x9c, 0x2d, 0xcb, 0x0c, 0xc3,
    0x11, 0x9c, 0x52, 0x8c, 0x93, 0x8c, 0x52, 0x84, 0x72, 0x84, 0x52, 0x84,
    0x32, 0x84, 0x32, 0x84, 0x11, 0x7c, 0x11, 0x7c, 0xf0, 0x73, 0x11, 0x7c,
    0xb0, 0x73, 0xf1, 0x7b, 0x8f, 0x6b, 0xf0, 0x73, 0x6f, 0x63, 0xd0, 0x73,
    0x35, 0xa5, 0xf8, 0xbd, 0xf4, 0x9c, 0xd8, 0xbd, 0xd4, 0x94, 0xb7, 0xb5,
    0xb3, 0x94, 0x96, 0xad, 0x93, 0x8c, 0x56, 0xad, 0x72, 0x84, 0x35, 0xa5,
    0x32, 0x84, 0x15, 0x9d, 0x31, 0x7c, 0xd4, 0x94, 0xb0, 0x83, 0xab, 0xda,
    0x69, 0xfa, 0x69, 0xfa, 0x8a, 0xd2, 0xf0, 0x8b, 0xf1, 0x7b, 0x11, 0x7c,
    0xd0, 0x73, 0xd0, 0x73, 0xd0, 0x73, 0x8f, 0x6b, 0xd0, 0x73, 0x6f, 0x63,
    0xb0, 0x73, 0x2e, 0x5b, 0xb0, 0x73, 0xed, 0x52, 0xb0, 0x73, 0xac, 0x4a,
    0xb0, 0x73, 0x6b, 0x42, 0x8e, 0x73, 0x6e, 0x73, 0x8e, 0x73, 0x6d, 0x6b,
    0x6d, 0x73, 0x4d, 0x6b, 0x6d, 0x6b, 0x4d, 0x6b, 0x4d, 0x6b, 0x4d, 0x6b,
    0x4d, 0x6b, 0x4d, 0x6b, 0x2d, 0x6b, 0x4d, 0x6b, 0x2d, 0x6b, 0x4d, 0x6b,
    0xcb, 0x72, 0x49, 0xe2, 0x69, 0xfa, 0x69, 0xfa, 0x49, 0xe2, 0xcb, 0x72,
    0xec, 0x62, 0x2d, 0x6b, 0xeb, 0x62, 0x2d, 0x63, 0xcb, 0x5a, 0x2d, 0x63,
    0xcb, 0x5a, 0x0c, 0x63, 0xcb, 0x5a, 0x0c, 0x63, 0xab, 0x5a, 0x0c, 0x63,
    0xab, 0x5a, 0x0c, 0x63, 0x8a, 0x52, 0x0c, 0x63, 0x8a, 0x5a, 0x8a, 0x5a,
    0x8a, 0x5a, 0x8a, 0x5a, 0x8a, 0x5a, 0x8a, 0x5a, 0x8a, 0x5a, 0x8a, 0x5a,
    0x8a, 0x5a, 0x8a, 0x5a, 0x8a, 0x5a, 0x8a, 0x5a, 0x8a, 0x5a, 0x8a, 0x5a,
    0x8a, 0x5a, 0x8a, 0x5a, 0x49, 0x62, 0x08, 0xa2, 0x49, 0xfa, 0x49, 0xfa,
    0x08, 0xa2, 0x49, 0x62, 0x8a, 0x5a, 0x8a, 0x5a, 0x8a, 0x5a, 0x8a, 0x5a,
    0x8a, 0x5a, 0x8a, 0x5a, 0x8a, 0x5a, 0x8a, 0x5a, 0x8a, 0x5a, 0x8a, 0x5a,
    0x8a, 0x5a, 0x8a, 0x5a, 0x8a, 0x5a, 0x8a, 0x5a, 0x8a, 0x5a, 0x8a, 0x5a,
    0x69, 0x5a, 0x8a, 0x5a, 0x8a, 0x5a, 0x8a, 0x5a, 0x69, 0x5a, 0x8a, 0x5a,
    0x8a, 0x5a, 0x8a, 0x5a, 0x69, 0x5a, 0x8a, 0x5a, 0x8a, 0x5a, 0x8a, 0x5a,
    0x69, 0x5a, 0x8a, 0x5a, 0x8a, 0x5a, 0x8a, 0x5a, 0x69, 0x5a, 0x28, 0x9a,
    0xa7, 0xd1, 0xa7, 0xd1, 0x28, 0x7a, 0x69, 0x5a, 0x8a, 0x5a, 0x8a, 0x5a,
    0x69, 0x5a, 0x8a, 0x5a, 0x8a, 0x5a, 0x8a, 0x5a, 0x69, 0x5a, 0x8a, 0x5a,
    0x8a, 0x5a, 0x8a, 0x5a, 0x69, 0x5a, 0x8a, 0x5a, 0x8a, 0x5a, 0x8a, 0x5a,
    0x69, 0x5a, 0x8a, 0x5a, 0x69, 0x52, 0x69, 0x52, 0x69, 0x52, 0x69, 0x52,
    0x69, 0x52, 0x69, 0x52, 0x69, 0x52, 0x69, 0x52, 0x69, 0x52, 0x69, 0x52,
    0x69, 0x52, 0x69, 0x52, 0x69, 0x52, 0x69, 0x52, 0x69, 0x52, 0x69, 0x52,
    0x69, 0x52, 0x49, 0xd2, 0x49, 0xd2, 0x49, 0xd2, 0x49, 0xb2, 0x69, 0x52,
    0x69, 0x52, 0x69, 0x52, 0x69, 0x52, 0x69, 0x52, 0x69, 0x52, 0x69, 0x52,
    0x69, 0x52, 0x69, 0x52, 0x69, 0x52, 0x69, 0x52, 0x69, 0x52, 0x69, 0x52,
    0x69, 0x52, 0x69, 0x52, 0x69, 0x52, 0x69, 0x52, 0x69, 0x52, 0x69, 0x52,
    0x69, 0x52, 0x69, 0x52, 0x69, 0x52, 0x69, 0x52, 0x69, 0x52, 0x69, 0x52,
    0x69, 0x52, 0x69, 0x52, 0x69, 0x52, 0x69, 0x52, 0x69, 0x52, 0x69, 0x52,
    0x69, 0x52, 0x69, 0x52, 0x8a, 0x9a, 0xab, 0xda, 0xab, 0xda, 0xab, 0xda,
    0xab, 0xda, 0x6a, 0x7a, 0x69, 0x52, 0x69, 0x52, 0x69, 0x52, 0x69, 0x52,
    0x69, 0x52, 0x69, 0x52, 0x69, 0x52, 0x69, 0x52, 0x69, 0x52, 0x69, 0x52,
    0x69, 0x52, 0x69, 0x52, 0x69, 0x52, 0x69, 0x52, 0x69, 0x52, 0x69, 0x52,
    0x69, 0x52, 0x69, 0x52, 0x69, 0x52, 0x69, 0x52, 0x69, 0x52, 0x69, 0x52,
    0x69, 0x52, 0x69, 0x52, 0x69, 0x52, 0x69, 0x52, 0x69, 0x52, 0x69, 0x52,
    0x69, 0x52, 0x69, 0x52, 0x69, 0x52, 0x69, 0x52, 0xec, 0xda, 0xec, 0xda,
    0xec, 0xda, 0xec, 0xda, 0xec, 0xda, 0xcb, 0xba, 0x69, 0x52, 0x69, 0x52,
    0x69, 0x52, 0x69, 0x52, 0x69, 0x52, 0x69, 0x52, 0x69, 0x52, 0x69, 0x52,
    0x69, 0x52, 0x69, 0x52, 0x69, 0x52, 0x69, 0x52, 0x69, 0x52, 0x69, 0x52,
    0x69, 0x52, 0x69, 0x52, 0x49, 0x52, 0x49, 0x52, 0x49, 0x52, 0x49, 0x52,
    0x49, 0x52, 0x49, 0x52, 0x49, 0x52, 0x49, 0x52, 0x49, 0x52, 0x49, 0x52,
    0x49, 0x52, 0x49, 0x52, 0x49, 0x52, 0x49, 0x52, 0x49, 0x52, 0x8a, 0x7a,
    0x0c, 0xbb, 0x0c, 0xbb, 0x0c, 0xbb, 0x0c, 0xbb, 0x0c, 0xbb, 0x0c, 0xbb,
    0x8a, 0x7a, 0x49, 0x52, 0x49, 0x52, 0x49, 0x52, 0x49, 0x52, 0x49, 0x52,
    0x49, 0x52, 0x49, 0x52, 0x49, 0x52, 0x49, 0x52, 0x49, 0x52, 0x49, 0x52,
    0x49, 0x52, 0x49, 0x52, 0x49, 0x52, 0x49, 0x52, 0x49, 0x52, 0x49, 0x52,
    0x49, 0x52, 0x49, 0x52, 0x49, 0x52, 0x49, 0x52, 0x49, 0x52, 0x49, 0x52,
    0x49, 0x52, 0x49, 0x52, 0x49, 0x52, 0x49, 0x52, 0x49, 0x52, 0x49, 0x52,
    0x49, 0x52, 0x49, 0x52, 0x49, 0x52, 0x49, 0x52, 0x49, 0x52, 0x49, 0x52,
    0x49, 0x52, 0x49, 0x52, 0x49, 0x52, 0x49, 0x52, 0x49, 0x52, 0x49, 0x52,
    0x49, 0x52, 0x49, 0x52, 0x49, 0x52, 0x49, 0x52, 0x49, 0x52, 0x49, 0x52,
    0x49, 0x52, 0x49, 0x52, 0x49, 0x52, 0x49, 0x52, 0x49, 0x52, 0x49, 0x52,
    0x49, 0x52, 0x49, 0x52, 0x49, 0x52, 0x49, 0x52, 0x49, 0x52, 0x49, 0x52,
    0x49, 0x52, 0x49, 0x52, 0x49, 0x52, 0x49, 0x52, 0x49, 0x52, 0x49, 0x52,
    0x49, 0x52, 0x49, 0x52, 0x49, 0x52, 0x49, 0x52, 0x49, 0x52, 0x49, 0x52,
    0x49, 0x52, 0x49, 0x52, 0x49, 0x52, 0x49, 0x52, 0x49, 0x52, 0x49, 0x52,
    0x49, 0x52, 0x49, 0x52, 0x49, 0x52, 0x49, 0x52, 0x49, 0x52, 0x49, 0x52,
    0x49, 0x52, 0x49, 0x52, 0x49, 0x52, 0x49, 0x52, 0x49, 0x52, 0x49, 0x52,
    0x49, 0x52, 0x49, 0x52, 0x28, 0x52, 0x49, 0x52, 0x28, 0x52, 0x49, 0x52,
    0x28, 0x52, 0x49, 0x52, 0x28, 0x52, 0x49, 0x52, 0x28, 0x52, 0x49, 0x52,
    0x28, 0x52, 0x49, 0x52, 0x28, 0x52, 0x49, 0x52, 0x28, 0x52, 0x49, 0x52,
    0x28, 0x52, 0x49, 0x52, 0x28, 0x52, 0x49, 0x52, 0x28, 0x52, 0x49, 0x52,
    0x28, 0x52, 0x49, 0x52, 0x28, 0x52, 0x49, 0x52, 0x28, 0x52, 0x49, 0x52,
    0x28, 0x52, 0x49, 0x52, 0x28, 0x52, 0x49, 0x52, 0x28, 0x52, 0x49, 0x52,
    0x28, 0x52, 0x49, 0x52, 0x28, 0x52, 0x49, 0x52, 0x28, 0x52, 0x28, 0x52,
    0x28, 0x52, 0x28, 0x52, 0x28, 0x52, 0x28, 0x52, 0x28, 0x52, 0x28, 0x52,
    0x28, 0x52, 0x28, 0x52, 0x28, 0x52, 0x28, 0x52, 0x28, 0x52, 0x28, 0x52,
    0x28, 0x52, 0xef, 0x83, 0x5d, 0xef, 0x2c, 0x6b, 0x7d, 0xef, 0xaa, 0x62,
    0xaa, 0x62, 0x49, 0x52, 0x28, 0x52, 0x28, 0x52, 0x28, 0x52, 0x28, 0x52,
    0x28, 0x52, 0x28, 0x52, 0x28, 0x52, 0x28, 0x52, 0x28, 0x52, 0x28, 0x52,
    0x28, 0x52, 0x28, 0x52, 0x28, 0x52, 0x28, 0x52, 0x28, 0x52, 0x28, 0x52,
    0x28, 0x52, 0x28, 0x52, 0x28, 0x52, 0x28, 0x52, 0x28, 0x52, 0x28, 0x52,
    0x28, 0x52, 0x28, 0x52, 0x28, 0x52, 0x28, 0x52, 0x28, 0x52, 0x28, 0x52,
    0x28, 0x52, 0x28, 0x52, 0x28, 0x52, 0x28, 0x52, 0xfb, 0xde, 0x7d, 0xef,
    0x54, 0xad, 0x69, 0x5a, 0xba, 0xd6, 0xce, 0x83, 0x28, 0x52, 0x28, 0x52,
    0x28, 0x52, 0x28, 0x52, 0x28, 0x52, 0x28, 0x52, 0x28, 0x52, 0x28, 0x52,
    0x28, 0x52, 0x28, 0x52, 0x28, 0x52, 0x28, 0x52, 0x28, 0x52, 0x28, 0x52,
    0x28, 0x52, 0x28, 0x52, 0x28, 0x52, 0x28, 0x52, 0x28, 0x52, 0x28, 0x52,
    0x28, 0x52, 0x28, 0x52, 0x28, 0x52, 0x28, 0x52, 0x28, 0x52, 0x28, 0x52,
    0x28, 0x52, 0x28, 0x52, 0x28, 0x52, 0x28, 0x52, 0x28, 0x52, 0x28, 0x52,
    0x4c, 0x73, 0x9e, 0xf7, 0xa9, 0x5a, 0x59, 0xce, 0xdf, 0xff, 0x9e, 0xf7,
    0x71, 0x94, 0x48, 0x52, 0x28, 0x52, 0x28, 0x52, 0x28, 0x52, 0x28, 0x52,
    0x28, 0x52, 0x28, 0x52, 0x28, 0x52, 0x28, 0x52, 0x28, 0x52, 0x28, 0x52,
    0x28, 0x52, 0x28, 0x52, 0x28, 0x52, 0x28, 0x52, 0x08, 0x52, 0x08, 0x52,
    0x08, 0x52, 0x08, 0x52, 0x08, 0x52, 0x08, 0x52, 0x08, 0x52, 0x08, 0x52,
    0x08, 0x52, 0x08, 0x52, 0x08, 0x52, 0x08, 0x52, 0x08, 0x52, 0x08, 0x52,
    0x08, 0x52, 0x08, 0x52, 0x69, 0x5a, 0x7d, 0xef, 0x68, 0x5a, 0x48, 0x52,
    0x58, 0xce, 0xce, 0x83, 0x48, 0x52, 0x28, 0x52, 0x08, 0x52, 0x08, 0x52,
    0x08, 0x52, 0x08, 0x52, 0x08, 0x52, 0x08, 0x52, 0x08, 0x52, 0x08, 0x52,
    0x08, 0x52, 0x08, 0x52, 0x08, 0x52, 0x08, 0x52, 0x08, 0x52, 0x08, 0x52,
    0x08, 0x52, 0x08, 0x52, 0x08, 0x52, 0x08, 0x52, 0x08, 0x52, 0x08, 0x52,
    0x08, 0x52, 0x08, 0x52, 0x08, 0x52, 0x08, 0x52, 0x08, 0x52, 0x08, 0x52,
    0x08, 0x52, 0x08, 0x52, 0x08, 0x52, 0x08, 0x52, 0x08, 0x52, 0x68, 0x5a,
    0x28, 0x52, 0x08, 0x52, 0x48, 0x52, 0x28, 0x52, 0x28, 0x52, 0x08, 0x52,
    0x08, 0x52, 0x08, 0x52, 0x08, 0x52, 0x08, 0x52, 0x08, 0x52, 0x08, 0x52,
    0x08, 0x52, 0x08, 0x52, 0x08, 0x52, 0x08, 0x52, 0x08, 0x52, 0x08, 0x52,
    0x08, 0x52, 0x08, 0x52, 0x08, 0x4a, 0x08, 0x4a, 0x08, 0x4a, 0x08, 0x4a,
    0x08, 0x4a, 0x08, 0x4a, 0x08, 0x4a, 0x08, 0x4a, 0x08, 0x4a, 0x08, 0x4a,
    0x08, 0x4a, 0x08, 0x4a, 0x08, 0x4a, 0x08, 0x4a, 0x08, 0x4a, 0x08, 0x4a,
    0x08, 0x4a, 0x08, 0x4a, 0x08, 0x4a, 0x08, 0x4a, 0x08, 0x4a, 0x08, 0x4a,
    0x08, 0x4a, 0x08, 0x4a, 0x08, 0x4a, 0x08, 0x4a, 0x08, 0x4a, 0x08, 0x4a,
    0x08, 0x4a, 0x08, 0x4a, 0x08, 0x4a, 0x08, 0x4a, 0x08, 0x4a, 0x08, 0x4a,
    0x08, 0x4a, 0x08, 0x4a, 0x08, 0x4a, 0x08, 0x4a, 0x08, 0x4a, 0x08, 0x4a,
    0x08, 0x4a, 0x08, 0x4a, 0x08, 0x4a, 0x08, 0x4a, 0x08, 0x4a, 0x08, 0x4a,
    0x08, 0x4a, 0x08, 0x4a, 0x08, 0x4a, 0x08, 0x4a, 0x08, 0x4a, 0x08, 0x4a,
    0x08, 0x4a, 0x08, 0x4a, 0x08, 0x4a, 0x08, 0x4a, 0x08, 0x4a, 0x08, 0x4a,
    0x08, 0x4a, 0x08, 0x4a, 0x08, 0x4a, 0x08, 0x4a, 0x08, 0x4a, 0x08, 0x4a,
    0x08, 0x4a, 0x08, 0x4a, 0x08, 0x4a, 0x08, 0x4a, 0x08, 0x4a, 0x08, 0x4a,
    0x08, 0x4a, 0x08, 0x4a, 0x08, 0x4a, 0x08, 0x4a, 0x08, 0x4a, 0x08, 0x4a,
    0xe7, 0x49, 0xe7, 0x49, 0xe7, 0x49, 0xe7, 0x49, 0xe7, 0x49, 0xe7, 0x49,
    0xe7, 0x49, 0xe7, 0x49, 0xe7, 0x49, 0xe7, 0x49, 0xe7, 0x49, 0xe7, 0x49,
    0xe7, 0x49, 0xe7, 0x49, 0xe7, 0x49, 0xe7, 0x49, 0xe7, 0x49, 0xe7, 0x49,
    0xe7, 0x49, 0xe7, 0x49, 0xe7, 0x49, 0xe7, 0x49, 0xe7, 0x49, 0xe7, 0x49,
    0xe7, 0x49, 0xe7, 0x49, 0xe7, 0x49, 0xe7, 0x49, 0xe7, 0x49, 0xe7, 0x49,
    0xe7, 0x49, 0xe7, 0x49, 0xe7, 0x49, 0xe7, 0x49, 0xe7, 0x49, 0xe7, 0x49,
    0xe7, 0x49, 0xe7, 0x49, 0xe7, 0x49, 0xe7, 0x49, 0xe7, 0x49, 0xe7, 0x49,
    0xe7, 0x49, 0xe7, 0x49, 0xe7, 0x49, 0xe7, 0x49, 0xe7, 0x49, 0xe7, 0x49,
    0xe7, 0x49, 0xe7, 0x49, 0xe7, 0x49, 0xe7, 0x49, 0xe7, 0x49, 0xe7, 0x49,
    0xe7, 0x49, 0xe7, 0x49, 0xe7, 0x49, 0xe7, 0x49, 0xe7, 0x49, 0xe7, 0x49,
    0xe7, 0x49, 0xe7, 0x49, 0xe7, 0x49, 0xe7, 0x49, 0xe7, 0x49, 0xe7, 0x49,
    0xe7, 0x49, 0xe7, 0x49, 0xe7, 0x49, 0xe7, 0x49, 0xe7, 0x49, 0xe7, 0x49,
    0xe7, 0x49, 0xe7, 0x49, 0xe7, 0x49, 0xe7, 0x49, 0xe7, 0x49, 0xe7, 0x49,
    0xe7, 0x49, 0xe7, 0x49, 0xe7, 0x49, 0xe7, 0x49, 0xe7, 0x49, 0xe7, 0x49,
    0xe7, 0x49, 0xe7, 0x49, 0xe7, 0x49, 0xe7, 0x49, 0xe7, 0x49, 0xe7, 0x49,
    0xe7, 0x49, 0xe7, 0x49, 0xe7, 0x49, 0xe7, 0x49, 0xe7, 0x49, 0xe7, 0x49,
    0xe7, 0x49, 0xe7, 0x49, 0xe7, 0x49, 0xe7, 0x49, 0xe7, 0x49, 0xe7, 0x49,
    0xe7, 0x49, 0xe7, 0x49, 0xe7, 0x49, 0xe7, 0x49, 0xe7, 0x49, 0xe7, 0x49,
    0xe7, 0x49, 0xe7, 0x49, 0xe7, 0x49, 0xe7, 0x49, 0xe7, 0x49, 0xe7, 0x49,
    0xe7, 0x49, 0xe7, 0x49, 0xe7, 0x49, 0xe7, 0x49, 0xe7, 0x49, 0xe7, 0x49,
    0xe7, 0x49, 0xe7, 0x49, 0xe7, 0x49, 0xe7, 0x49, 0xe7, 0x49, 0xe7, 0x49,
    0xe7, 0x49, 0xe7, 0x49, 0xe7, 0x49, 0xe7, 0x49, 0xe7, 0x49, 0xe7, 0x49,
    0xe7, 0x49, 0xe7, 0x49, 0xe7, 0x49, 0xe7, 0x49, 0xe7, 0x49, 0xe7, 0x49,
    0xe7, 0x49, 0xe7, 0x49, 0xe7, 0x49, 0xe7, 0x49, 0xe7, 0x49, 0xe7, 0x49,
    0xe7, 0x49, 0xe7, 0x49, 0xe7, 0x49, 0xe7, 0x49, 0xe7, 0x49, 0xe7, 0x49,
    0xe7, 0x49, 0xe7, 0x49, 0xc7, 0x49, 0xc7, 0x49, 0xc7, 0x49, 0xc7, 0x49,
    0xc7, 0x49, 0xc7, 0x49, 0xc7, 0x49, 0xc7, 0x49, 0xc7, 0x49, 0xc7, 0x49,
    0xc7, 0x49, 0xc7, 0x49, 0xc7, 0x49, 0xc7, 0x49, 0xc7, 0x49, 0xc7, 0x49,
    0xc7, 0x49, 0xc7, 0x49, 0xc7, 0x49, 0xc7, 0x49, 0xc7, 0x49, 0xc7, 0x49,
    0xc7, 0x49, 0xc7, 0x49, 0xc7, 0x49, 0xc7, 0x49, 0xc7, 0x49, 0xc7, 0x49,
    0xc7, 0x49, 0xc7, 0x49, 0xc7, 0x49, 0xc7, 0x49, 0xc7, 0x49, 0xc7, 0x49,
    0xc7, 0x49, 0xc7, 0x49, 0xc7, 0x49, 0xc7, 0x49, 0xc7, 0x49, 0xc7, 0x49,
    0xc7, 0x49, 0xc7, 0x49, 0xc7, 0x49, 0xc7, 0x49, 0xc7, 0x49, 0xc7, 0x49,
    0xc7, 0x49, 0xc7, 0x49, 0xc7, 0x49, 0xc7, 0x49, 0xc7, 0x49, 0xc7, 0x49,
    0xc7, 0x49, 0xc7, 0x49, 0xc7, 0x49, 0xc7, 0x49, 0xc7, 0x49, 0xc7, 0x49,
    0xc7, 0x49, 0xc7, 0x49, 0xc7, 0x49, 0xc7, 0x49, 0xc7, 0x49, 0xc7, 0x49,
    0xc7, 0x49, 0xc7, 0x49, 0xc7, 0x49, 0xc7, 0x49, 0xc7, 0x49, 0xc7, 0x49,
    0xc7, 0x49, 0xc7, 0x49, 0xc7, 0x49, 0xc7, 0x49, 0xc7, 0x49, 0xc7, 0x49,
    0xc7, 0x49, 0xc7, 0x49, 0xc7, 0x49, 0xc7, 0x49, 0xc7, 0x49, 0xc7, 0x49,
    0xc7, 0x49, 0xc7, 0x49, 0xc7, 0x49, 0xc7, 0x49, 0xc7, 0x49, 0xc7, 0x49,
    0xc7, 0x49, 0xc7, 0x49, 0xc7, 0x49, 0xc7, 0x49, 0xc7, 0x49, 0xc7, 0x49,
    0xc7, 0x49, 0xc7, 0x49, 0xc7, 0x49, 0xc7, 0x49, 0xc7, 0x49, 0xc7, 0x49,
    0xc7, 0x49, 0xc7, 0x49, 0xc7, 0x49, 0xc7, 0x49, 0xc7, 0x49, 0xc7, 0x49,
    0xc7, 0x49, 0xc7, 0x49, 0xc7, 0x49, 0xc7, 0x49, 0xc7, 0x49, 0xc7, 0x49,
    0xc7, 0x49, 0xc7, 0x49, 0xc7, 0x49, 0xc7, 0x49, 0xc7, 0x49, 0xc7, 0x49,
    0xc7, 0x49, 0xc7, 0x49, 0xc7, 0x49, 0xc7, 0x49, 0xc7, 0x49, 0xc7, 0x49,
    0xc7, 0x49, 0xc7, 0x49, 0xc7, 0x49, 0xc7, 0x49, 0xc7, 0x49, 0xc7, 0x49,
    0xc7, 0x49, 0xc7, 0x49, 0xc7, 0x49, 0xc7, 0x49, 0xc7, 0x49, 0xc7, 0x49,
    0xc7, 0x49, 0xc7, 0x49, 0xc7, 0x49, 0xc7, 0x49, 0xc7, 0x49, 0xc7, 0x49,
    0xc7, 0x49, 0xc7, 0x49, 0xc7, 0x49, 0xc7, 0x49, 0xc7, 0x49, 0xc7, 0x49,
    0xc7, 0x49, 0xc7, 0x49, 0xc7, 0x49, 0xc7, 0x49
};

const lv_image_dsc_t img_probe_grid_1 = {
  .header = {
    .magic = LV_IMAGE_HEADER_MAGIC,
    .cf = LV_COLOR_FORMAT_RGB565,
    .flags = 0,
    .w = 38,
    .h = 38,
    .stride = 76,
    .reserved_2 = 0,
  },
  .data_size = sizeof(img_probe_grid_1_map),
  .data = img_probe_grid_1_map,
  .reserved = NULL,
};

#endif /*TFT_WIDTH*/

