#if defined(LV_LVGL_H_INCLUDE_SIMPLE)
#include "lvgl.h"
#elif defined(LV_LVGL_H_INCLUDE_SYSTEM)
#include <lvgl.h>
#elif defined(LV_BUILD_TEST)
#include "../lvgl.h"
#else
#include "lvgl/lvgl.h"
#endif

#ifndef LV_ATTRIBUTE_MEM_ALIGN
#define LV_ATTRIBUTE_MEM_ALIGN
#endif

#ifndef LV_ATTRIBUTE_IMG_IMG_PROBE_ICON_3
#define LV_ATTRIBUTE_IMG_IMG_PROBE_ICON_3
#endif

static const LV_ATTRIBUTE_MEM_ALIGN LV_ATTRIBUTE_LARGE_CONST LV_ATTRIBUTE_IMG_IMG_PROBE_ICON_3
uint8_t img_probe_icon_3_map[] = {
0x9e, 0xf7, 0x9e, 0xf7, 0x9e, 0xf7, 0x9e, 0xf7, 0x9e, 0xf7, 0x9e, 0xf7,
    0x9e, 0xf7, 0x9e, 0xf7, 0x9e, 0xf7, 0x9e, 0xf7, 0x9e, 0xf7, 0x9e, 0xf7,
    0x9e, 0xf7, 0x9e, 0xf7, 0x9e, 0xf7, 0x9e, 0xf7, 0x9e, 0xf7, 0x9e, 0xf7,
    0x9e, 0xf7, 0x9e, 0xf7, 0x9e, 0xf7, 0x9e, 0xf7, 0x9e, 0xf7, 0x9e, 0xf7,
    0x9e, 0xf7, 0x9e, 0xf7, 0x9e, 0xf7, 0x9e, 0xf7, 0x9e, 0xf7, 0x9e, 0xf7,
    0x9e, 0xf7, 0x9e, 0xf7, 0x9e, 0xf7, 0x9e, 0xf7, 0x9e, 0xf7, 0x9e, 0xf7,
    0x9e, 0xf7, 0x9e, 0xf7, 0x9e, 0xf7, 0x9e, 0xf7, 0x9e, 0xf7, 0x9e, 0xf7,
    0x9e, 0xf7, 0x9e, 0xf7, 0x9e, 0xf7, 0x9e, 0xf7, 0x9e, 0xf7, 0x9e, 0xf7,
    0x9e, 0xf7, 0x9e, 0xf7, 0x9e, 0xf7, 0x9e, 0xf7, 0x9e, 0xf7, 0x9e, 0xf7,
    0x9e, 0xf7, 0x9e, 0xf7, 0x9e, 0xf7, 0x9e, 0xf7, 0x9e, 0xf7, 0x9e, 0xf7,
    0x9e, 0xf7, 0x9e, 0xf7, 0x9e, 0xf7, 0x9e, 0xf7, 0x9e, 0xf7, 0x9e, 0xf7,
    0x9e, 0xf7, 0x9e, 0xf7, 0x9e, 0xf7, 0x9e, 0xf7, 0x9e, 0xf7, 0x9e, 0xf7,
    0xfb, 0xde, 0x18, 0xc6, 0x3c, 0xe7, 0xd7, 0xbd, 0x10, 0x84, 0x79, 0xce,
    0x9e, 0xf7, 0x9e, 0xf7, 0x9e, 0xf7, 0x9e, 0xf7, 0x9e, 0xf7, 0x9e, 0xf7,
    0x9e, 0xf7, 0x9e, 0xf7, 0x9e, 0xf7, 0x9e, 0xf7, 0x9e, 0xf7, 0x9e, 0xf7,
    0x9e, 0xf7, 0x9e, 0xf7, 0x9e, 0xf7, 0x9e, 0xf7, 0x9e, 0xf7, 0x9e, 0xf7,
    0x9e, 0xf7, 0x9e, 0xf7, 0x9e, 0xf7, 0x9e, 0xf7, 0x9e, 0xf7, 0x9e, 0xf7,
    0x9e, 0xf7, 0x9e, 0xf7, 0x9e, 0xf7, 0x9e, 0xf7, 0x9e, 0xf7, 0x9e, 0xf7,
    0x9e, 0xf7, 0x9e, 0xf7, 0x9e, 0xf7, 0x9e, 0xf7, 0x9e, 0xf7, 0x9e, 0xf7,
    0x9e, 0xf7, 0x9e, 0xf7, 0x9e, 0xf7, 0x9e, 0xf7, 0x9e, 0xf7, 0x9e, 0xf7,
    0x9e, 0xf7, 0x9e, 0xf7, 0x9e, 0xf7, 0x9e, 0xf7, 0x9e, 0xf7, 0x9e, 0xf7,
    0x9e, 0xf7, 0x9e, 0xf7, 0x9e, 0xf7, 0x9e, 0xf7, 0x9e, 0xf7, 0x9e, 0xf7,
    0x9e, 0xf7, 0x9e, 0xf7, 0x9e, 0xf7, 0x9e, 0xf7, 0x9e, 0xf7, 0x9e, 0xf7,
    0x9e, 0xf7, 0x9e, 0xf7, 0x9e, 0xf7, 0x9e, 0xf7, 0x9e, 0xf7, 0x9e, 0xf7,
    0x9e, 0xf7, 0x9e, 0xf7, 0x9e, 0xf7, 0x9e, 0xf7, 0x9e, 0xf7, 0x9e, 0xf7,
    0x9e, 0xf7, 0x9e, 0xf7, 0x9e, 0xf7, 0x9e, 0xf7, 0x9e, 0xf7, 0x9e, 0xf7,
    0x9e, 0xf7, 0x9e, 0xf7, 0x9e, 0xf7, 0x9e, 0xf7, 0x9e, 0xf7, 0x9e, 0xf7,
    0x9e, 0xf7, 0x9e, 0xf7, 0x9e, 0xf7, 0x9e, 0xf7, 0x9e, 0xf7, 0x9e, 0xf7,
    0x9e, 0xf7, 0x9e, 0xf7, 0x9e, 0xf7, 0x9e, 0xf7, 0x9e, 0xf7, 0x9e, 0xf7,
    0x9e, 0xf7, 0x9e, 0xf7, 0x9e, 0xf7, 0x9e, 0xf7, 0x9e, 0xf7, 0x9e, 0xf7,
    0x9e, 0xf7, 0x9e, 0xf7, 0x9e, 0xf7, 0x9e, 0xf7, 0x9e, 0xf7, 0x9e, 0xf7,
    0x9e, 0xf7, 0x9e, 0xf7, 0x9e, 0xf7, 0x9e, 0xf7, 0x9e, 0xf7, 0x9e, 0xf7,
    0x9e, 0xf7, 0x9e, 0xf7, 0x9e, 0xf7, 0x9e, 0xf7, 0x9e, 0xf7, 0x9e, 0xf7,
    0x9e, 0xf7, 0x9e, 0xf7, 0x9e, 0xf7, 0x9e, 0xf7, 0x9e, 0xf7, 0x9e, 0xf7,
    0x9e, 0xf7, 0x9e, 0xf7, 0x9e, 0xf7, 0x9e, 0xf7, 0x9e, 0xf7, 0x9e, 0xf7,
    0x9e, 0xf7, 0x9e, 0xf7, 0x9e, 0xf7, 0x9e, 0xf7, 0x9e, 0xf7, 0x9e, 0xf7,
    0x9e, 0xf7, 0x9e, 0xf7, 0x9e, 0xf7, 0x9e, 0xf7, 0x9e, 0xf7, 0x9e, 0xf7,
    0xfb, 0xde, 0x18, 0xc6, 0x3c, 0xe7, 0xd7, 0xbd, 0x10, 0x84, 0x79, 0xce,
    0x9e, 0xf7, 0x9e, 0xf7, 0x9e, 0xf7, 0x9e, 0xf7, 0x9e, 0xf7, 0x9e, 0xf7,
    0x9e, 0xf7, 0x9e, 0xf7, 0x9e, 0xf7, 0x9e, 0xf7, 0x9e, 0xf7, 0x9e, 0xf7,
    0x9e, 0xf7, 0x9e, 0xf7, 0x9e, 0xf7, 0x9e, 0xf7, 0x9e, 0xf7, 0x9e, 0xf7,
    0x9e, 0xf7, 0x9e, 0xf7, 0x9e, 0xf7, 0x9e, 0xf7, 0x9e, 0xf7, 0x9e, 0xf7,
    0x9e, 0xf7, 0x9e, 0xf7, 0x9e, 0xf7, 0x9e, 0xf7, 0x9e, 0xf7, 0x9e, 0xf7,
    0x9e, 0xf7, 0x9e, 0xf7, 0x9e, 0xf7, 0x9e, 0xf7, 0x9e, 0xf7, 0x9e, 0xf7,
    0x9e, 0xf7, 0x9e, 0xf7, 0x9e, 0xf7, 0x9e, 0xf7, 0x9e, 0xf7, 0x9e, 0xf7,
    0x9e, 0xf7, 0x9e, 0xf7, 0x9e, 0xf7, 0x9e, 0xf7, 0x9e, 0xf7, 0x9e, 0xf7,
    0x9e, 0xf7, 0x9e, 0xf7, 0x9e, 0xf7, 0x9e, 0xf7, 0x9e, 0xf7, 0x9e, 0xf7,
    0x9e, 0xf7, 0x9e, 0xf7, 0x9e, 0xf7, 0x9e, 0xf7, 0x9e, 0xf7, 0x9e, 0xf7,
    0x9e, 0xf7, 0x9e, 0xf7, 0x9e, 0xf7, 0x9e, 0xf7, 0x9e, 0xf7, 0x9e, 0xf7,
    0x9e, 0xf7, 0x9e, 0xf7, 0x9e, 0xf7, 0x9e, 0xf7, 0x9e, 0xf7, 0x9e, 0xf7,
    0x9e, 0xf7, 0x9e, 0xf7, 0x9e, 0xf7, 0x9e, 0xf7, 0x9e, 0xf7, 0x9e, 0xf7,
    0x9e, 0xf7, 0x9e, 0xf7, 0x9e, 0xf7, 0x9e, 0xf7, 0x9e, 0xf7, 0x9e, 0xf7,
    0x9e, 0xf7, 0x9e, 0xf7, 0x9e, 0xf7, 0x9e, 0xf7, 0x9e, 0xf7, 0x9e, 0xf7,
    0x9e, 0xf7, 0x9e, 0xf7, 0x9e, 0xf7, 0x9e, 0xf7, 0x9e, 0xf7, 0x9e, 0xf7,
    0x9e, 0xf7, 0x9e, 0xf7, 0x9e, 0xf7, 0x9e, 0xf7, 0x9e, 0xf7, 0x9e, 0xf7,
    0x9e, 0xf7, 0x9e, 0xf7, 0x9e, 0xf7, 0x9e, 0xf7, 0x9e, 0xf7, 0x9e, 0xf7,
    0x9e, 0xf7, 0x9e, 0xf7, 0x9e, 0xf7, 0x9e, 0xf7, 0x9e, 0xf7, 0x9e, 0xf7,
    0x9e, 0xf7, 0x9e, 0xf7, 0x9e, 0xf7, 0x9e, 0xf7, 0x9e, 0xf7, 0x9e, 0xf7,
    0x9e, 0xf7, 0x9e, 0xf7, 0x9e, 0xf7, 0x9e, 0xf7, 0x9e, 0xf7, 0x9e, 0xf7,
    0x9e, 0xf7, 0x9e, 0xf7, 0x9e, 0xf7, 0x9e, 0xf7, 0x9e, 0xf7, 0x9e, 0xf7,
    0x9e, 0xf7, 0x9e, 0xf7, 0x9e, 0xf7, 0x9e, 0xf7, 0x9e, 0xf7, 0x9e, 0xf7,
    0x9e, 0xf7, 0x9e, 0xf7, 0x9e, 0xf7, 0x9e, 0xf7, 0x9e, 0xf7, 0x9e, 0xf7,
    0xfb, 0xde, 0x18, 0xc6, 0x3c, 0xe7, 0xf7, 0xbd, 0x10, 0x84, 0x79, 0xce,
    0x9e, 0xf7, 0x9e, 0xf7, 0x9e, 0xf7, 0x9e, 0xf7, 0x9e, 0xf7, 0x9e, 0xf7,
    0x9e, 0xf7, 0x9e, 0xf7, 0x9e, 0xf7, 0x9e, 0xf7, 0x9e, 0xf7, 0x9e, 0xf7,
    0x9e, 0xf7, 0x9e, 0xf7, 0x9e, 0xf7, 0x9e, 0xf7, 0x9e, 0xf7, 0x9e, 0xf7,
    0x9e, 0xf7, 0x9e, 0xf7, 0x9e, 0xf7, 0x9e, 0xf7, 0x9e, 0xf7, 0x9e, 0xf7,
    0x9e, 0xf7, 0x9e, 0xf7, 0x9e, 0xf7, 0x9e, 0xf7, 0x9e, 0xf7, 0x9e, 0xf7,
    0x9e, 0xf7, 0x9e, 0xf7, 0x9e, 0xf7, 0x9e, 0xf7, 0x9e, 0xf7, 0x9e, 0xf7,
    0x9e, 0xf7, 0x9e, 0xf7, 0x9e, 0xf7, 0x9e, 0xf7, 0x9e, 0xf7, 0x9e, 0xf7,
    0x9e, 0xf7, 0x9e, 0xf7, 0x9e, 0xf7, 0x9e, 0xf7, 0x9e, 0xf7, 0x9e, 0xf7,
    0x9e, 0xf7, 0x9e, 0xf7, 0x9e, 0xf7, 0x9e, 0xf7, 0x9e, 0xf7, 0x9e, 0xf7,
    0x9e, 0xf7, 0x9e, 0xf7, 0x9e, 0xf7, 0x9e, 0xf7, 0x9e, 0xf7, 0x9e, 0xf7,
    0x9e, 0xf7, 0x9e, 0xf7, 0x9e, 0xf7, 0x9e, 0xf7, 0x9e, 0xf7, 0x9e, 0xf7,
    0x9e, 0xf7, 0x9e, 0xf7, 0x9e, 0xf7, 0x9e, 0xf7, 0x9e, 0xf7, 0x9e, 0xf7,
    0x9e, 0xf7, 0x9e, 0xf7, 0x9e, 0xf7, 0x9e, 0xf7, 0x9e, 0xf7, 0x9e, 0xf7,
    0x9e, 0xf7, 0x9e, 0xf7, 0x9e, 0xf7, 0x9e, 0xf7, 0x9e, 0xf7, 0x9e, 0xf7,
    0x9e, 0xf7, 0x9e, 0xf7, 0x9e, 0xf7, 0x9e, 0xf7, 0x9e, 0xf7, 0x9e, 0xf7,
    0x9e, 0xf7, 0x9e, 0xf7, 0x9e, 0xf7, 0x9e, 0xf7, 0x9e, 0xf7, 0x9e, 0xf7,
    0x9e, 0xf7, 0x9e, 0xf7, 0x9e, 0xf7, 0x9e, 0xf7, 0x9e, 0xf7, 0x9e, 0xf7,
    0x9e, 0xf7, 0x9e, 0xf7, 0x9e, 0xf7, 0x9e, 0xf7, 0x9e, 0xf7, 0x9e, 0xf7,
    0x9e, 0xf7, 0x9e, 0xf7, 0x9e, 0xf7, 0x9e, 0xf7, 0x9e, 0xf7, 0x9e, 0xf7,
    0x9e, 0xf7, 0x9e, 0xf7, 0x9e, 0xf7, 0x9e, 0xf7, 0x9e, 0xf7, 0x9e, 0xf7,
    0x9e, 0xf7, 0x9e, 0xf7, 0x9e, 0xf7, 0x9e, 0xf7, 0x9e, 0xf7, 0x9e, 0xf7,
    0x9e, 0xf7, 0x9e, 0xf7, 0x9e, 0xf7, 0x9e, 0xf7, 0x9e, 0xf7, 0x9e, 0xf7,
    0x9e, 0xf7, 0x9e, 0xf7, 0x9e, 0xf7, 0x9e, 0xf7, 0x9e, 0xf7, 0x9e, 0xf7,
    0x9e, 0xf7, 0x9e, 0xf7, 0x9e, 0xf7, 0x9e, 0xf7, 0x9e, 0xf7, 0x9e, 0xf7,
    0xfb, 0xde, 0x38, 0xc6, 0x5d, 0xef, 0xf7, 0xbd, 0x10, 0x84, 0x79, 0xce,
    0x9e, 0xf7, 0x9e, 0xf7, 0x9e, 0xf7, 0x9e, 0xf7, 0x9e, 0xf7, 0x9e, 0xf7,
    0x9e, 0xf7, 0x9e, 0xf7, 0x9e, 0xf7, 0x9e, 0xf7, 0x9e, 0xf7, 0x9e, 0xf7,
    0x9e, 0xf7, 0x9e, 0xf7, 0x9e, 0xf7, 0x9e, 0xf7, 0x9e, 0xf7, 0x9e, 0xf7,
    0x9e, 0xf7, 0x9e, 0xf7, 0x9e, 0xf7, 0x9e, 0xf7, 0x9e, 0xf7, 0x9e, 0xf7,
    0x9e, 0xf7, 0x9e, 0xf7, 0x9e, 0xf7, 0x9e, 0xf7, 0x9e, 0xf7, 0x9e, 0xf7,
    0x9e, 0xf7, 0x9e, 0xf7, 0x9e, 0xf7, 0x9e, 0xf7, 0x9e, 0xf7, 0x9e, 0xf7,
    0x9e, 0xf7, 0x9e, 0xf7, 0x9e, 0xf7, 0x9e, 0xf7, 0x9e, 0xf7, 0x9e, 0xf7,
    0x9e, 0xf7, 0x9e, 0xf7, 0x9e, 0xf7, 0x9e, 0xf7, 0x9e, 0xf7, 0x9e, 0xf7,
    0x9e, 0xf7, 0x9e, 0xf7, 0x9e, 0xf7, 0x9e, 0xf7, 0x9e, 0xf7, 0x9e, 0xf7,
    0x9e, 0xf7, 0x9e, 0xf7, 0x9e, 0xf7, 0x9e, 0xf7, 0x9e, 0xf7, 0x9e, 0xf7,
    0x9e, 0xf7, 0x9e, 0xf7, 0x9e, 0xf7, 0x9e, 0xf7, 0x9e, 0xf7, 0x9e, 0xf7,
    0x9e, 0xf7, 0x9e, 0xf7, 0x9e, 0xf7, 0x9e, 0xf7, 0x9e, 0xf7, 0x9e, 0xf7,
    0x9e, 0xf7, 0x9e, 0xf7, 0x9e, 0xf7, 0x9e, 0xf7, 0x9e, 0xf7, 0x9e, 0xf7,
    0x9e, 0xf7, 0x9e, 0xf7, 0x9e, 0xf7, 0x9e, 0xf7, 0x9e, 0xf7, 0x9e, 0xf7,
    0x9e, 0xf7, 0x9e, 0xf7, 0x9e, 0xf7, 0x9e, 0xf7, 0x9e, 0xf7, 0x9e, 0xf7,
    0x9e, 0xf7, 0x9e, 0xf7, 0x9e, 0xf7, 0x9e, 0xf7, 0x9e, 0xf7, 0x9e, 0xf7,
    0x9e, 0xf7, 0x9e, 0xf7, 0x9e, 0xf7, 0x9e, 0xf7, 0x9e, 0xf7, 0x9e, 0xf7,
    0x9e, 0xf7, 0x9e, 0xf7, 0x9e, 0xf7, 0x9e, 0xf7, 0x9e, 0xf7, 0x9e, 0xf7,
    0x9e, 0xf7, 0x9e, 0xf7, 0x9e, 0xf7, 0x9e, 0xf7, 0x9e, 0xf7, 0x9e, 0xf7,
    0x9e, 0xf7, 0x9e, 0xf7, 0x9e, 0xf7, 0x9e, 0xf7, 0x9e, 0xf7, 0x9e, 0xf7,
    0x9e, 0xf7, 0x9e, 0xf7, 0x9e, 0xf7, 0x9e, 0xf7, 0x9e, 0xf7, 0x9e, 0xf7,
    0x9e, 0xf7, 0x9e, 0xf7, 0x9e, 0xf7, 0x9e, 0xf7, 0x9e, 0xf7, 0x9e, 0xf7,
    0x9e, 0xf7, 0x9e, 0xf7, 0x9e, 0xf7, 0x9e, 0xf7, 0x9e, 0xf7, 0x9e, 0xf7,
    0x9e, 0xf7, 0x9e, 0xf7, 0x9e, 0xf7, 0x9e, 0xf7, 0x9e, 0xf7, 0x9e, 0xf7,
    0xfb, 0xde, 0x38, 0xc6, 0x5d, 0xef, 0xf7, 0xbd, 0x10, 0x84, 0x79, 0xce,
    0x9e, 0xf7, 0x9e, 0xf7, 0x9e, 0xf7, 0x9e, 0xf7, 0x9e, 0xf7, 0x9e, 0xf7,
    0x9e, 0xf7, 0x9e, 0xf7, 0x9e, 0xf7, 0x9e, 0xf7, 0x9e, 0xf7, 0x9e, 0xf7,
    0x9e, 0xf7, 0x9e, 0xf7, 0x9e, 0xf7, 0x9e, 0xf7, 0x9e, 0xf7, 0x9e, 0xf7,
    0x9e, 0xf7, 0x9e, 0xf7, 0x9e, 0xf7, 0x9e, 0xf7, 0x9e, 0xf7, 0x9e, 0xf7,
    0x9e, 0xf7, 0x9e, 0xf7, 0x9e, 0xf7, 0x9e, 0xf7, 0x9e, 0xf7, 0x9e, 0xf7,
    0x9e, 0xf7, 0x9e, 0xf7, 0x9e, 0xf7, 0x9e, 0xf7, 0x9e, 0xf7, 0x9e, 0xf7,
    0x9e, 0xf7, 0x9e, 0xf7, 0x9e, 0xf7, 0x9e, 0xf7, 0x9e, 0xf7, 0x9e, 0xf7,
    0x9e, 0xf7, 0x9e, 0xf7, 0x9e, 0xf7, 0x9e, 0xf7, 0x9e, 0xf7, 0x9e, 0xf7,
    0x9e, 0xf7, 0x9e, 0xf7, 0x9e, 0xf7, 0x9e, 0xf7, 0x9e, 0xf7, 0x9e, 0xf7,
    0x9e, 0xf7, 0x9e, 0xf7, 0x9e, 0xf7, 0x9e, 0xf7, 0x9e, 0xf7, 0x9e, 0xf7,
    0x9e, 0xf7, 0x9e, 0xf7, 0x9e, 0xf7, 0x9e, 0xf7, 0x9e, 0xf7, 0x9e, 0xf7,
    0x9e, 0xf7, 0x9e, 0xf7, 0x9e, 0xf7, 0x9e, 0xf7, 0x9e, 0xf7, 0x9e, 0xf7,
    0x9e, 0xf7, 0x9e, 0xf7, 0x9e, 0xf7, 0x9e, 0xf7, 0x9e, 0xf7, 0x9e, 0xf7,
    0x9e, 0xf7, 0x9e, 0xf7, 0x9e, 0xf7, 0x9e, 0xf7, 0x9e, 0xf7, 0x9e, 0xf7,
    0x9e, 0xf7, 0x9e, 0xf7, 0x9e, 0xf7, 0x9e, 0xf7, 0x9e, 0xf7, 0x9e, 0xf7,
    0x9e, 0xf7, 0x9e, 0xf7, 0x9e, 0xf7, 0x9e, 0xf7, 0x9e, 0xf7, 0x9e, 0xf7,
    0x9e, 0xf7, 0x9e, 0xf7, 0x9e, 0xf7, 0x9e, 0xf7, 0x9e, 0xf7, 0x9e, 0xf7,
    0x9e, 0xf7, 0x9e, 0xf7, 0x9e, 0xf7, 0x9e, 0xf7, 0x9e, 0xf7, 0x9e, 0xf7,
    0x9e, 0xf7, 0x9e, 0xf7, 0x9e, 0xf7, 0x9e, 0xf7, 0x9e, 0xf7, 0x9e, 0xf7,
    0x9e, 0xf7, 0x9e, 0xf7, 0x9e, 0xf7, 0x9e, 0xf7, 0x9e, 0xf7, 0x9e, 0xf7,
    0x9e, 0xf7, 0x9e, 0xf7, 0x9e, 0xf7, 0x9e, 0xf7, 0x9e, 0xf7, 0x9e, 0xf7,
    0x9e, 0xf7, 0x9e, 0xf7, 0x9e, 0xf7, 0x9e, 0xf7, 0x9e, 0xf7, 0x9e, 0xf7,
    0x9e, 0xf7, 0x9e, 0xf7, 0x9e, 0xf7, 0x9e, 0xf7, 0x9e, 0xf7, 0x9e, 0xf7,
    0x9e, 0xf7, 0x9e, 0xf7, 0x9e, 0xf7, 0x9e, 0xf7, 0x9e, 0xf7, 0x9e, 0xf7,
    0xfb, 0xde, 0x38, 0xc6, 0x5d, 0xef, 0xf7, 0xbd, 0x10, 0x84, 0x79, 0xce,
    0x9e, 0xf7, 0x9e, 0xf7, 0x9e, 0xf7, 0x9e, 0xf7, 0x9e, 0xf7, 0x9e, 0xf7,
    0x9e, 0xf7, 0x9e, 0xf7, 0x9e, 0xf7, 0x9e, 0xf7, 0x9e, 0xf7, 0x9e, 0xf7,
    0x9e, 0xf7, 0x9e, 0xf7, 0x9e, 0xf7, 0x9e, 0xf7, 0x9e, 0xf7, 0x9e, 0xf7,
    0x9e, 0xf7, 0x9e, 0xf7, 0x9e, 0xf7, 0x9e, 0xf7, 0x9e, 0xf7, 0x9e, 0xf7,
    0x9e, 0xf7, 0x9e, 0xf7, 0x9e, 0xf7, 0x9e, 0xf7, 0x9e, 0xf7, 0x9e, 0xf7,
    0x9e, 0xf7, 0x9e, 0xf7, 0x9e, 0xf7, 0x9e, 0xf7, 0x9e, 0xf7, 0x9e, 0xf7,
    0x9e, 0xf7, 0x9e, 0xf7, 0x9e, 0xf7, 0x9e, 0xf7, 0x9e, 0xf7, 0x9e, 0xf7,
    0x9e, 0xf7, 0x9e, 0xf7, 0x9e, 0xf7, 0x9e, 0xf7, 0x9e, 0xf7, 0x9e, 0xf7,
    0x9e, 0xf7, 0x9e, 0xf7, 0x9e, 0xf7, 0x9e, 0xf7, 0x9e, 0xf7, 0x9e, 0xf7,
    0x9e, 0xf7, 0x9e, 0xf7, 0x9e, 0xf7, 0x9e, 0xf7, 0x9e, 0xf7, 0x9e, 0xf7,
    0x9e, 0xf7, 0x9e, 0xf7, 0x9e, 0xf7, 0x9e, 0xf7, 0x9e, 0xf7, 0x9e, 0xf7,
    0x9e, 0xf7, 0x9e, 0xf7, 0x9e, 0xf7, 0x9e, 0xf7, 0x9e, 0xf7, 0x9e, 0xf7,
    0x9e, 0xf7, 0x9e, 0xf7, 0x9e, 0xf7, 0x9e, 0xf7, 0x9e, 0xf7, 0x9e, 0xf7,
    0x9e, 0xf7, 0x9e, 0xf7, 0x9e, 0xf7, 0x9e, 0xf7, 0x9e, 0xf7, 0x9e, 0xf7,
    0x9e, 0xf7, 0x9e, 0xf7, 0x9e, 0xf7, 0x9e, 0xf7, 0x9e, 0xf7, 0x9e, 0xf7,
    0x9e, 0xf7, 0x9e, 0xf7, 0x9e, 0xf7, 0x9e, 0xf7, 0x9e, 0xf7, 0x9e, 0xf7,
    0x9e, 0xf7, 0x9e, 0xf7, 0x9e, 0xf7, 0x9e, 0xf7, 0x9e, 0xf7, 0x9e, 0xf7,
    0x9e, 0xf7, 0x9e, 0xf7, 0x9e, 0xf7, 0x9e, 0xf7, 0x9e, 0xf7, 0x9e, 0xf7,
    0x9e, 0xf7, 0x9e, 0xf7, 0x9e, 0xf7, 0x9e, 0xf7, 0x9e, 0xf7, 0x9e, 0xf7,
    0x9e, 0xf7, 0x9e, 0xf7, 0x9e, 0xf7, 0x9e, 0xf7, 0x9e, 0xf7, 0x9e, 0xf7,
    0x9e, 0xf7, 0x9e, 0xf7, 0x9e, 0xf7, 0x9e, 0xf7, 0x9e, 0xf7, 0x9e, 0xf7,
    0x9e, 0xf7, 0x9e, 0xf7, 0x9e, 0xf7, 0x9e, 0xf7, 0x9e, 0xf7, 0x9e, 0xf7,
    0x9e, 0xf7, 0x9e, 0xf7, 0x9e, 0xf7, 0x9e, 0xf7, 0x9e, 0xf7, 0x9e, 0xf7,
    0x9e, 0xf7, 0x9e, 0xf7, 0x9e, 0xf7, 0x9e, 0xf7, 0x9e, 0xf7, 0x9e, 0xf7,
    0x1c, 0xe7, 0x38, 0xc6, 0x5d, 0xef, 0xf7, 0xbd, 0x10, 0x84, 0x79, 0xce,
    0x9e, 0xf7, 0x9e, 0xf7, 0x9e, 0xf7, 0x9e, 0xf7, 0x9e, 0xf7, 0x9e, 0xf7,
    0x9e, 0xf7, 0x9e, 0xf7, 0x9e, 0xf7, 0x9e, 0xf7, 0x9e, 0xf7, 0x9e, 0xf7,
    0x9e, 0xf7, 0x9e, 0xf7, 0x9e, 0xf7, 0x9e, 0xf7, 0x9e, 0xf7, 0x9e, 0xf7,
    0x9e, 0xf7, 0x9e, 0xf7, 0x9e, 0xf7, 0x9e, 0xf7, 0x9e, 0xf7, 0x9e, 0xf7,
    0x9e, 0xf7, 0x9e, 0xf7, 0x9e, 0xf7, 0x9e, 0xf7, 0x9e, 0xf7, 0x9e, 0xf7,
    0x9e, 0xf7, 0x9e, 0xf7, 0x9e, 0xf7, 0x9e, 0xf7, 0x9e, 0xf7, 0x9e, 0xf7,
    0x9e, 0xf7, 0x9e, 0xf7, 0x9e, 0xf7, 0x9e, 0xf7, 0x9e, 0xf7, 0x9e, 0xf7,
    0x9e, 0xf7, 0x9e, 0xf7, 0x9e, 0xf7, 0x9e, 0xf7, 0x9e, 0xf7, 0x9e, 0xf7,
    0x9e, 0xf7, 0x9e, 0xf7, 0x9e, 0xf7, 0x9e, 0xf7, 0x9e, 0xf7, 0x9e, 0xf7,
    0x9e, 0xf7, 0x9e, 0xf7, 0x9e, 0xf7, 0x9e, 0xf7, 0x9e, 0xf7, 0x9e, 0xf7,
    0x9e, 0xf7, 0x9e, 0xf7, 0x9e, 0xf7, 0x9e, 0xf7, 0x9e, 0xf7, 0x9e, 0xf7,
    0x9e, 0xf7, 0x9e, 0xf7, 0x9e, 0xf7, 0x9e, 0xf7, 0x9e, 0xf7, 0x9e, 0xf7,
    0x9e, 0xf7, 0x9e, 0xf7, 0x9e, 0xf7, 0x9e, 0xf7, 0x9e, 0xf7, 0x9e, 0xf7,
    0x9e, 0xf7, 0x9e, 0xf7, 0x9e, 0xf7, 0x9e, 0xf7, 0x9e, 0xf7, 0x9e, 0xf7,
    0x9e, 0xf7, 0x9e, 0xf7, 0x9e, 0xf7, 0x9e, 0xf7, 0x9e, 0xf7, 0x9e, 0xf7,
    0x9e, 0xf7, 0x9e, 0xf7, 0x9e, 0xf7, 0x9e, 0xf7, 0x9e, 0xf7, 0x9e, 0xf7,
    0x9e, 0xf7, 0x9e, 0xf7, 0x9e, 0xf7, 0x9e, 0xf7, 0x9e, 0xf7, 0x9e, 0xf7,
    0x9e, 0xf7, 0x9e, 0xf7, 0x9e, 0xf7, 0x9e, 0xf7, 0x9e, 0xf7, 0x9e, 0xf7,
    0x9e, 0xf7, 0x9e, 0xf7, 0x9e, 0xf7, 0x9e, 0xf7, 0x9e, 0xf7, 0x9e, 0xf7,
    0x9e, 0xf7, 0x9e, 0xf7, 0x9e, 0xf7, 0x9e, 0xf7, 0x9e, 0xf7, 0x9e, 0xf7,
    0x9e, 0xf7, 0x9e, 0xf7, 0x9e, 0xf7, 0x9e, 0xf7, 0x9e, 0xf7, 0x9e, 0xf7,
    0x9e, 0xf7, 0x9e, 0xf7, 0x9e, 0xf7, 0x9e, 0xf7, 0x9e, 0xf7, 0x9e, 0xf7,
    0x9e, 0xf7, 0x9e, 0xf7, 0x9e, 0xf7, 0x9e, 0xf7, 0x9e, 0xf7, 0x9e, 0xf7,
    0x9e, 0xf7, 0x9e, 0xf7, 0x9e, 0xf7, 0x9e, 0xf7, 0x9e, 0xf7, 0x9e, 0xf7,
    0x1c, 0xe7, 0x59, 0xce, 0x5d, 0xef, 0xf7, 0xbd, 0x10, 0x84, 0x79, 0xce,
    0x9e, 0xf7, 0x9e, 0xf7, 0x9e, 0xf7, 0x9e, 0xf7, 0x9e, 0xf7, 0x9e, 0xf7,
    0x9e, 0xf7, 0x9e, 0xf7, 0x9e, 0xf7, 0x9e, 0xf7, 0x9e, 0xf7, 0x9e, 0xf7,
    0x9e, 0xf7, 0x9e, 0xf7, 0x9e, 0xf7, 0x9e, 0xf7, 0x9e, 0xf7, 0x9e, 0xf7,
    0x9e, 0xf7, 0x9e, 0xf7, 0x9e, 0xf7, 0x9e, 0xf7, 0x9e, 0xf7, 0x9e, 0xf7,
    0x9e, 0xf7, 0x9e, 0xf7, 0x9e, 0xf7, 0x9e, 0xf7, 0x9e, 0xf7, 0x9e, 0xf7,
    0x9e, 0xf7, 0x9e, 0xf7, 0x9e, 0xf7, 0x9e, 0xf7, 0x9e, 0xf7, 0x9e, 0xf7,
    0x9e, 0xf7, 0x9e, 0xf7, 0x9e, 0xf7, 0x9e, 0xf7, 0x9e, 0xf7, 0x9e, 0xf7,
    0x9e, 0xf7, 0x9e, 0xf7, 0x9e, 0xf7, 0x9e, 0xf7, 0x9e, 0xf7, 0x9e, 0xf7,
    0x9e, 0xf7, 0x9e, 0xf7, 0x9e, 0xf7, 0x9e, 0xf7, 0x9e, 0xf7, 0x9e, 0xf7,
    0x9e, 0xf7, 0x9e, 0xf7, 0x9e, 0xf7, 0x9e, 0xf7, 0x9e, 0xf7, 0x9e, 0xf7,
    0x9e, 0xf7, 0x9e, 0xf7, 0x9e, 0xf7, 0x9e, 0xf7, 0x9e, 0xf7, 0x9e, 0xf7,
    0x9e, 0xf7, 0x9e, 0xf7, 0x9e, 0xf7, 0x9e, 0xf7, 0x9e, 0xf7, 0x9e, 0xf7,
    0x9e, 0xf7, 0x9e, 0xf7, 0x9e, 0xf7, 0x9e, 0xf7, 0x9e, 0xf7, 0x9e, 0xf7,
    0x9e, 0xf7, 0x9e, 0xf7, 0x9e, 0xf7, 0x9e, 0xf7, 0x9e, 0xf7, 0x9e, 0xf7,
    0x9e, 0xf7, 0x9e, 0xf7, 0x9e, 0xf7, 0x9e, 0xf7, 0x9e, 0xf7, 0x9e, 0xf7,
    0x9e, 0xf7, 0x9e, 0xf7, 0x9e, 0xf7, 0x9e, 0xf7, 0x9e, 0xf7, 0x9e, 0xf7,
    0x9e, 0xf7, 0x9e, 0xf7, 0x9e, 0xf7, 0x9e, 0xf7, 0x9e, 0xf7, 0x9e, 0xf7,
    0x9e, 0xf7, 0x9e, 0xf7, 0x9e, 0xf7, 0x9e, 0xf7, 0x9e, 0xf7, 0x9e, 0xf7,
    0x9e, 0xf7, 0x9e, 0xf7, 0x9e, 0xf7, 0x9e, 0xf7, 0x9e, 0xf7, 0x9e, 0xf7,
    0x9e, 0xf7, 0x9e, 0xf7, 0x9e, 0xf7, 0x9e, 0xf7, 0x9e, 0xf7, 0x9e, 0xf7,
    0x9e, 0xf7, 0x9e, 0xf7, 0x9e, 0xf7, 0x9e, 0xf7, 0x9e, 0xf7, 0x9e, 0xf7,
    0x9e, 0xf7, 0x9e, 0xf7, 0x9e, 0xf7, 0x9e, 0xf7, 0x9e, 0xf7, 0x9e, 0xf7,
    0x9e, 0xf7, 0x9e, 0xf7, 0x9e, 0xf7, 0x9e, 0xf7, 0x9e, 0xf7, 0x9e, 0xf7,
    0x9e, 0xf7, 0x9e, 0xf7, 0x9e, 0xf7, 0x9e, 0xf7, 0x9e, 0xf7, 0x9e, 0xf7,
    0x1c, 0xe7, 0x59, 0xce, 0x5d, 0xef, 0xf7, 0xbd, 0x10, 0x84, 0x79, 0xce,
    0x9e, 0xf7, 0x9e, 0xf7, 0x9e, 0xf7, 0x9e, 0xf7, 0x9e, 0xf7, 0x9e, 0xf7,
    0x9e, 0xf7, 0x9e, 0xf7, 0x9e, 0xf7, 0x9e, 0xf7, 0x9e, 0xf7, 0x9e, 0xf7,
    0x9e, 0xf7, 0x9e, 0xf7, 0x9e, 0xf7, 0x9e, 0xf7, 0x9e, 0xf7, 0x9e, 0xf7,
    0x9e, 0xf7, 0x9e, 0xf7, 0x9e, 0xf7, 0x9e, 0xf7, 0x9e, 0xf7, 0x9e, 0xf7,
    0x9e, 0xf7, 0x9e, 0xf7, 0x9e, 0xf7, 0x9e, 0xf7, 0x9e, 0xf7, 0x9e, 0xf7,
    0x9e, 0xf7, 0x9e, 0xf7, 0x9e, 0xf7, 0x9e, 0xf7, 0x9e, 0xf7, 0x9e, 0xf7,
    0x9e, 0xf7, 0x9e, 0xf7, 0x9e, 0xf7, 0x9e, 0xf7, 0x9e, 0xf7, 0x9e, 0xf7,
    0x9e, 0xf7, 0x9e, 0xf7, 0x9e, 0xf7, 0x9e, 0xf7, 0x9e, 0xf7, 0x9e, 0xf7,
    0x9e, 0xf7, 0x9e, 0xf7, 0x9e, 0xf7, 0x9e, 0xf7, 0x9e, 0xf7, 0x9e, 0xf7,
    0x9e, 0xf7, 0x9e, 0xf7, 0x9e, 0xf7, 0x9e, 0xf7, 0x9e, 0xf7, 0x9e, 0xf7,
    0x9e, 0xf7, 0x9e, 0xf7, 0x9e, 0xf7, 0x9e, 0xf7, 0x9e, 0xf7, 0x9e, 0xf7,
    0x9e, 0xf7, 0x9e, 0xf7, 0x9e, 0xf7, 0x9e, 0xf7, 0x9e, 0xf7, 0x9e, 0xf7,
    0x9e, 0xf7, 0x9e, 0xf7, 0x9e, 0xf7, 0x9e, 0xf7, 0x9e, 0xf7, 0x9e, 0xf7,
    0x9e, 0xf7, 0x9e, 0xf7, 0x9e, 0xf7, 0x9e, 0xf7, 0x9e, 0xf7, 0x9e, 0xf7,
    0x9e, 0xf7, 0x9e, 0xf7, 0x9e, 0xf7, 0x9e, 0xf7, 0x9e, 0xf7, 0x9e, 0xf7,
    0x9e, 0xf7, 0x9e, 0xf7, 0x9e, 0xf7, 0x9e, 0xf7, 0x9e, 0xf7, 0x9e, 0xf7,
    0x9e, 0xf7, 0x9e, 0xf7, 0x9e, 0xf7, 0x9e, 0xf7, 0x9e, 0xf7, 0x9e, 0xf7,
    0x9e, 0xf7, 0x9e, 0xf7, 0x9e, 0xf7, 0x9e, 0xf7, 0x9e, 0xf7, 0x9e, 0xf7,
    0x9e, 0xf7, 0x9e, 0xf7, 0x9e, 0xf7, 0x9e, 0xf7, 0x9e, 0xf7, 0x9e, 0xf7,
    0x9e, 0xf7, 0x9e, 0xf7, 0x9e, 0xf7, 0x9e, 0xf7, 0x9e, 0xf7, 0x9e, 0xf7,
    0x9e, 0xf7, 0x9e, 0xf7, 0x9e, 0xf7, 0x9e, 0xf7, 0x9e, 0xf7, 0x9e, 0xf7,
    0x9e, 0xf7, 0x9e, 0xf7, 0x9e, 0xf7, 0x9e, 0xf7, 0x9e, 0xf7, 0x9e, 0xf7,
    0x9e, 0xf7, 0x9e, 0xf7, 0x9e, 0xf7, 0x9e, 0xf7, 0x9e, 0xf7, 0x9e, 0xf7,
    0x9e, 0xf7, 0x9e, 0xf7, 0x9e, 0xf7, 0x9e, 0xf7, 0x9e, 0xf7, 0x9e, 0xf7,
    0x1c, 0xe7, 0x79, 0xce, 0x5d, 0xef, 0xf7, 0xbd, 0x30, 0x84, 0x79, 0xce,
    0x9e, 0xf7, 0x9e, 0xf7, 0x9e, 0xf7, 0x9e, 0xf7, 0x9e, 0xf7, 0x9e, 0xf7,
    0x9e, 0xf7, 0x9e, 0xf7, 0x9e, 0xf7, 0x9e, 0xf7, 0x9e, 0xf7, 0x9e, 0xf7,
    0x9e, 0xf7, 0x9e, 0xf7, 0x9e, 0xf7, 0x9e, 0xf7, 0x9e, 0xf7, 0x9e, 0xf7,
    0x9e, 0xf7, 0x9e, 0xf7, 0x9e, 0xf7, 0x9e, 0xf7, 0x9e, 0xf7, 0x9e, 0xf7,
    0x9e, 0xf7, 0x9e, 0xf7, 0x9e, 0xf7, 0x9e, 0xf7, 0x9e, 0xf7, 0x9e, 0xf7,
    0x9e, 0xf7, 0x9e, 0xf7, 0x9e, 0xf7, 0x9e, 0xf7, 0x9e, 0xf7, 0x9e, 0xf7,
    0x9e, 0xf7, 0x9e, 0xf7, 0x9e, 0xf7, 0x9e, 0xf7, 0x9e, 0xf7, 0x9e, 0xf7,
    0x9e, 0xf7, 0x9e, 0xf7, 0x9e, 0xf7, 0x9e, 0xf7, 0x9e, 0xf7, 0x9e, 0xf7,
    0x9e, 0xf7, 0x9e, 0xf7, 0x9e, 0xf7, 0x9e, 0xf7, 0x9e, 0xf7, 0x9e, 0xf7,
    0x9e, 0xf7, 0x9e, 0xf7, 0x9e, 0xf7, 0x9e, 0xf7, 0x9e, 0xf7, 0x9e, 0xf7,
    0x9e, 0xf7, 0x9e, 0xf7, 0x9e, 0xf7, 0x9e, 0xf7, 0x9e, 0xf7, 0x9e, 0xf7,
    0x9e, 0xf7, 0x9e, 0xf7, 0x9e, 0xf7, 0x9e, 0xf7, 0x9e, 0xf7, 0x9e, 0xf7,
    0x9e, 0xf7, 0x9e, 0xf7, 0x9e, 0xf7, 0x9e, 0xf7, 0x9e, 0xf7, 0x9e, 0xf7,
    0x9e, 0xf7, 0x9e, 0xf7, 0x9e, 0xf7, 0x9e, 0xf7, 0x9e, 0xf7, 0x9e, 0xf7,
    0x9e, 0xf7, 0x9e, 0xf7, 0x9e, 0xf7, 0x9e, 0xf7, 0x9e, 0xf7, 0x9e, 0xf7,
    0x9e, 0xf7, 0x9e, 0xf7, 0x9e, 0xf7, 0x9e, 0xf7, 0x9e, 0xf7, 0x9e, 0xf7,
    0x9e, 0xf7, 0x9e, 0xf7, 0x9e, 0xf7, 0x9e, 0xf7, 0x9e, 0xf7, 0x9e, 0xf7,
    0x9e, 0xf7, 0x9e, 0xf7, 0x9e, 0xf7, 0x9e, 0xf7, 0x9e, 0xf7, 0x9e, 0xf7,
    0x9e, 0xf7, 0x9e, 0xf7, 0x9e, 0xf7, 0x9e, 0xf7, 0x9e, 0xf7, 0x9e, 0xf7,
    0x9e, 0xf7, 0x9e, 0xf7, 0x9e, 0xf7, 0x9e, 0xf7, 0x9e, 0xf7, 0x9e, 0xf7,
    0x9e, 0xf7, 0x9e, 0xf7, 0x9e, 0xf7, 0x9e, 0xf7, 0x9e, 0xf7, 0x9e, 0xf7,
    0x9e, 0xf7, 0x9e, 0xf7, 0x9e, 0xf7, 0x9e, 0xf7, 0x9e, 0xf7, 0x9e, 0xf7,
    0x9e, 0xf7, 0x9e, 0xf7, 0x9e, 0xf7, 0x9e, 0xf7, 0x9e, 0xf7, 0x9e, 0xf7,
    0x9e, 0xf7, 0x9e, 0xf7, 0x9e, 0xf7, 0x9e, 0xf7, 0x9e, 0xf7, 0x9e, 0xf7,
    0x1c, 0xe7, 0x79, 0xce, 0x5d, 0xef, 0xf7, 0xbd, 0x30, 0x84, 0x79, 0xce,
    0x9e, 0xf7, 0x9e, 0xf7, 0x9e, 0xf7, 0x9e, 0xf7, 0x9e, 0xf7, 0x9e, 0xf7,
    0x9e, 0xf7, 0x9e, 0xf7, 0x9e, 0xf7, 0x9e, 0xf7, 0x9e, 0xf7, 0x9e, 0xf7,
    0x9e, 0xf7, 0x9e, 0xf7, 0x9e, 0xf7, 0x9e, 0xf7, 0x9e, 0xf7, 0x9e, 0xf7,
    0x9e, 0xf7, 0x9e, 0xf7, 0x9e, 0xf7, 0x9e, 0xf7, 0x9e, 0xf7, 0x9e, 0xf7,
    0x9e, 0xf7, 0x9e, 0xf7, 0x9e, 0xf7, 0x9e, 0xf7, 0x9e, 0xf7, 0x9e, 0xf7,
    0x9e, 0xf7, 0x9e, 0xf7, 0x9e, 0xf7, 0x9e, 0xf7, 0x9e, 0xf7, 0x9e, 0xf7,
    0x9e, 0xf7, 0x9e, 0xf7, 0x9e, 0xf7, 0x9e, 0xf7, 0x9e, 0xf7, 0x9e, 0xf7,
    0x9e, 0xf7, 0x9e, 0xf7, 0x9e, 0xf7, 0x9e, 0xf7, 0x9e, 0xf7, 0x9e, 0xf7,
    0x9e, 0xf7, 0x9e, 0xf7, 0x9e, 0xf7, 0x9e, 0xf7, 0x9e, 0xf7, 0x9e, 0xf7,
    0x9e, 0xf7, 0x9e, 0xf7, 0x9e, 0xf7, 0x9e, 0xf7, 0x9e, 0xf7, 0x9e, 0xf7,
    0x9e, 0xf7, 0x9e, 0xf7, 0x9e, 0xf7, 0x9e, 0xf7, 0x9e, 0xf7, 0x9e, 0xf7,
    0x9e, 0xf7, 0x9e, 0xf7, 0x9e, 0xf7, 0x9e, 0xf7, 0x9e, 0xf7, 0x9e, 0xf7,
    0x9e, 0xf7, 0x9e, 0xf7, 0x9e, 0xf7, 0x9e, 0xf7, 0x9e, 0xf7, 0x9e, 0xf7,
    0x9e, 0xf7, 0x9e, 0xf7, 0x9e, 0xf7, 0x9e, 0xf7, 0x9e, 0xf7, 0x9e, 0xf7,
    0x9e, 0xf7, 0x9e, 0xf7, 0x9e, 0xf7, 0x9e, 0xf7, 0x9e, 0xf7, 0x9e, 0xf7,
    0x9e, 0xf7, 0x9e, 0xf7, 0x9e, 0xf7, 0x9e, 0xf7, 0x9e, 0xf7, 0x9e, 0xf7,
    0x9e, 0xf7, 0x9e, 0xf7, 0x9e, 0xf7, 0x9e, 0xf7, 0x9e, 0xf7, 0x9e, 0xf7,
    0x9e, 0xf7, 0x9e, 0xf7, 0x9e, 0xf7, 0x9e, 0xf7, 0x9e, 0xf7, 0x9e, 0xf7,
    0x9e, 0xf7, 0x9e, 0xf7, 0x9e, 0xf7, 0x9e, 0xf7, 0x9e, 0xf7, 0x9e, 0xf7,
    0x9e, 0xf7, 0x9e, 0xf7, 0x9e, 0xf7, 0x9e, 0xf7, 0x9e, 0xf7, 0x9e, 0xf7,
    0x9e, 0xf7, 0x9e, 0xf7, 0x9e, 0xf7, 0x9e, 0xf7, 0x9e, 0xf7, 0x9e, 0xf7,
    0x9e, 0xf7, 0x9e, 0xf7, 0x9e, 0xf7, 0x9e, 0xf7, 0x9e, 0xf7, 0x9e, 0xf7,
    0x9e, 0xf7, 0x9e, 0xf7, 0x9e, 0xf7, 0x9e, 0xf7, 0x9e, 0xf7, 0x9e, 0xf7,
    0x9e, 0xf7, 0x9e, 0xf7, 0x9e, 0xf7, 0x9e, 0xf7, 0x9e, 0xf7, 0x9e, 0xf7,
    0x1c, 0xe7, 0x79, 0xce, 0x5d, 0xef, 0xf7, 0xbd, 0x30, 0x84, 0x79, 0xce,
    0x9e, 0xf7, 0x9e, 0xf7, 0x9e, 0xf7, 0x9e, 0xf7, 0x9e, 0xf7, 0x9e, 0xf7,
    0x9e, 0xf7, 0x9e, 0xf7, 0x9e, 0xf7, 0x9e, 0xf7, 0x9e, 0xf7, 0x9e, 0xf7,
    0x9e, 0xf7, 0x9e, 0xf7, 0x9e, 0xf7, 0x9e, 0xf7, 0x9e, 0xf7, 0x9e, 0xf7,
    0x9e, 0xf7, 0x9e, 0xf7, 0x9e, 0xf7, 0x9e, 0xf7, 0x9e, 0xf7, 0x9e, 0xf7,
    0x9e, 0xf7, 0x9e, 0xf7, 0x9e, 0xf7, 0x9e, 0xf7, 0x9e, 0xf7, 0x9e, 0xf7,
    0x9e, 0xf7, 0x9e, 0xf7, 0x9e, 0xf7, 0x9e, 0xf7, 0x9e, 0xf7, 0x9e, 0xf7,
    0x9e, 0xf7, 0x9e, 0xf7, 0x9e, 0xf7, 0x9e, 0xf7, 0x9e, 0xf7, 0x9e, 0xf7,
    0x9e, 0xf7, 0x9e, 0xf7, 0x9e, 0xf7, 0x9e, 0xf7, 0x9e, 0xf7, 0x9e, 0xf7,
    0x9e, 0xf7, 0x9e, 0xf7, 0x9e, 0xf7, 0x9e, 0xf7, 0x9e, 0xf7, 0x9e, 0xf7,
    0x9e, 0xf7, 0x9e, 0xf7, 0x9e, 0xf7, 0x9e, 0xf7, 0x9e, 0xf7, 0x9e, 0xf7,
    0x9e, 0xf7, 0x9e, 0xf7, 0x9e, 0xf7, 0x9e, 0xf7, 0x9e, 0xf7, 0x9e, 0xf7,
    0x9e, 0xf7, 0x9e, 0xf7, 0x9e, 0xf7, 0x9e, 0xf7, 0x9e, 0xf7, 0x9e, 0xf7,
    0x9e, 0xf7, 0x9e, 0xf7, 0x9e, 0xf7, 0x9e, 0xf7, 0x9e, 0xf7, 0x9e, 0xf7,
    0x9e, 0xf7, 0x9e, 0xf7, 0x9e, 0xf7, 0x9e, 0xf7, 0x9e, 0xf7, 0x9e, 0xf7,
    0x9e, 0xf7, 0x9e, 0xf7, 0x9e, 0xf7, 0x9e, 0xf7, 0x9e, 0xf7, 0x9e, 0xf7,
    0x9e, 0xf7, 0x9e, 0xf7, 0x9e, 0xf7, 0x9e, 0xf7, 0x9e, 0xf7, 0x9e, 0xf7,
    0x9e, 0xf7, 0x9e, 0xf7, 0x9e, 0xf7, 0x9e, 0xf7, 0x9e, 0xf7, 0x9e, 0xf7,
    0x9e, 0xf7, 0x9e, 0xf7, 0x9e, 0xf7, 0x9e, 0xf7, 0x9e, 0xf7, 0x9e, 0xf7,
    0x9e, 0xf7, 0x9e, 0xf7, 0x9e, 0xf7, 0x9e, 0xf7, 0x9e, 0xf7, 0x9e, 0xf7,
    0x9e, 0xf7, 0x9e, 0xf7, 0x9e, 0xf7, 0x9e, 0xf7, 0x9e, 0xf7, 0x9e, 0xf7,
    0x9e, 0xf7, 0x9e, 0xf7, 0x9e, 0xf7, 0x9e, 0xf7, 0x9e, 0xf7, 0x9e, 0xf7,
    0x9e, 0xf7, 0x9e, 0xf7, 0x9e, 0xf7, 0x9e, 0xf7, 0x9e, 0xf7, 0x9e, 0xf7,
    0x9e, 0xf7, 0x9e, 0xf7, 0x9e, 0xf7, 0x9e, 0xf7, 0x9e, 0xf7, 0x9e, 0xf7,
    0x9e, 0xf7, 0x9e, 0xf7, 0x9e, 0xf7, 0x9e, 0xf7, 0x9e, 0xf7, 0x9e, 0xf7,
    0x1c, 0xe7, 0x79, 0xce, 0x5d, 0xef, 0xf7, 0xbd, 0x30, 0x84, 0x79, 0xce,
    0x9e, 0xf7, 0x9e, 0xf7, 0x9e, 0xf7, 0x9e, 0xf7, 0x9e, 0xf7, 0x9e, 0xf7,
    0x9e, 0xf7, 0x9e, 0xf7, 0x9e, 0xf7, 0x9e, 0xf7, 0x9e, 0xf7, 0x9e, 0xf7,
    0x9e, 0xf7, 0x9e, 0xf7, 0x9e, 0xf7, 0x9e, 0xf7, 0x9e, 0xf7, 0x9e, 0xf7,
    0x9e, 0xf7, 0x9e, 0xf7, 0x9e, 0xf7, 0x9e, 0xf7, 0x9e, 0xf7, 0x9e, 0xf7,
    0x9e, 0xf7, 0x9e, 0xf7, 0x9e, 0xf7, 0x9e, 0xf7, 0x9e, 0xf7, 0x9e, 0xf7,
    0x9e, 0xf7, 0x9e, 0xf7, 0x9e, 0xf7, 0x9e, 0xf7, 0x9e, 0xf7, 0x9e, 0xf7,
    0x9e, 0xf7, 0x9e, 0xf7, 0x9e, 0xf7, 0x9e, 0xf7, 0x9e, 0xf7, 0x9e, 0xf7,
    0x9e, 0xf7, 0x9e, 0xf7, 0x9e, 0xf7, 0x9e, 0xf7, 0x9e, 0xf7, 0x9e, 0xf7,
    0x9e, 0xf7, 0x9e, 0xf7, 0x9e, 0xf7, 0x9e, 0xf7, 0x9e, 0xf7, 0x9e, 0xf7,
    0x9e, 0xf7, 0x9e, 0xf7, 0x9e, 0xf7, 0x9e, 0xf7, 0x9e, 0xf7, 0x9e, 0xf7,
    0x9e, 0xf7, 0x9e, 0xf7, 0x9e, 0xf7, 0x9e, 0xf7, 0x9e, 0xf7, 0x9e, 0xf7,
    0x9e, 0xf7, 0x9e, 0xf7, 0x9e, 0xf7, 0x9e, 0xf7, 0x9e, 0xf7, 0x9e, 0xf7,
    0x9e, 0xf7, 0x9e, 0xf7, 0x9e, 0xf7, 0x9e, 0xf7, 0x9e, 0xf7, 0x9e, 0xf7,
    0x9e, 0xf7, 0x9e, 0xf7, 0x9e, 0xf7, 0x9e, 0xf7, 0x9e, 0xf7, 0x9e, 0xf7,
    0x9e, 0xf7, 0x9e, 0xf7, 0x9e, 0xf7, 0x9e, 0xf7, 0x9e, 0xf7, 0x9e, 0xf7,
    0x9e, 0xf7, 0x9e, 0xf7, 0x9e, 0xf7, 0x9e, 0xf7, 0x9e, 0xf7, 0x9e, 0xf7,
    0x9e, 0xf7, 0x9e, 0xf7, 0x9e, 0xf7, 0x9e, 0xf7, 0x9e, 0xf7, 0x9e, 0xf7,
    0x9e, 0xf7, 0x9e, 0xf7, 0x9e, 0xf7, 0x9e, 0xf7, 0x9e, 0xf7, 0x9e, 0xf7,
    0x9e, 0xf7, 0x9e, 0xf7, 0x9e, 0xf7, 0x9e, 0xf7, 0x9e, 0xf7, 0x9e, 0xf7,
    0x9e, 0xf7, 0x9e, 0xf7, 0x9e, 0xf7, 0x9e, 0xf7, 0x9e, 0xf7, 0x9e, 0xf7,
    0x9e, 0xf7, 0x9e, 0xf7, 0x9e, 0xf7, 0x9e, 0xf7, 0x9e, 0xf7, 0x9e, 0xf7,
    0x9e, 0xf7, 0x9e, 0xf7, 0x9e, 0xf7, 0x9e, 0xf7, 0x9e, 0xf7, 0x9e, 0xf7,
    0x9e, 0xf7, 0x9e, 0xf7, 0x9e, 0xf7, 0x9e, 0xf7, 0x9e, 0xf7, 0x9e, 0xf7,
    0x9e, 0xf7, 0x9e, 0xf7, 0x9e, 0xf7, 0x9e, 0xf7, 0x9e, 0xf7, 0x9e, 0xf7,
    0x1c, 0xe7, 0x9a, 0xd6, 0x5d, 0xef, 0xf7, 0xbd, 0x30, 0x84, 0x79, 0xce,
    0x9e, 0xf7, 0x9e, 0xf7, 0x9e, 0xf7, 0x9e, 0xf7, 0x9e, 0xf7, 0x9e, 0xf7,
    0x9e, 0xf7, 0x9e, 0xf7, 0x9e, 0xf7, 0x9e, 0xf7, 0x9e, 0xf7, 0x9e, 0xf7,
    0x9e, 0xf7, 0x9e, 0xf7, 0x9e, 0xf7, 0x9e, 0xf7, 0x9e, 0xf7, 0x9e, 0xf7,
    0x9e, 0xf7, 0x9e, 0xf7, 0x9e, 0xf7, 0x9e, 0xf7, 0x9e, 0xf7, 0x9e, 0xf7,
    0x9e, 0xf7, 0x9e, 0xf7, 0x9e, 0xf7, 0x9e, 0xf7, 0x9e, 0xf7, 0x9e, 0xf7,
    0x9e, 0xf7, 0x9e, 0xf7, 0x9e, 0xf7, 0x9e, 0xf7, 0x9e, 0xf7, 0x9e, 0xf7,
    0x9e, 0xf7, 0x9e, 0xf7, 0x9e, 0xf7, 0x9e, 0xf7, 0x9e, 0xf7, 0x9e, 0xf7,
    0x9e, 0xf7, 0x9e, 0xf7, 0x9e, 0xf7, 0x9e, 0xf7, 0x9e, 0xf7, 0x9e, 0xf7,
    0x9e, 0xf7, 0x9e, 0xf7, 0x9e, 0xf7, 0x9e, 0xf7, 0x9e, 0xf7, 0x9e, 0xf7,
    0x9e, 0xf7, 0x9e, 0xf7, 0x9e, 0xf7, 0x9e, 0xf7, 0x9e, 0xf7, 0x9e, 0xf7,
    0x9e, 0xf7, 0x9e, 0xf7, 0x9e, 0xf7, 0x9e, 0xf7, 0x9e, 0xf7, 0x9e, 0xf7,
    0x9e, 0xf7, 0x9e, 0xf7, 0x9e, 0xf7, 0x9e, 0xf7, 0x9e, 0xf7, 0x9e, 0xf7,
    0x9e, 0xf7, 0x9e, 0xf7, 0x9e, 0xf7, 0x9e, 0xf7, 0x9e, 0xf7, 0x9e, 0xf7,
    0x9e, 0xf7, 0x9e, 0xf7, 0x9e, 0xf7, 0x9e, 0xf7, 0x9e, 0xf7, 0x9e, 0xf7,
    0x9e, 0xf7, 0x9e, 0xf7, 0x9e, 0xf7, 0x9e, 0xf7, 0x9e, 0xf7, 0x9e, 0xf7,
    0x9e, 0xf7, 0x9e, 0xf7, 0x9e, 0xf7, 0x9e, 0xf7, 0x9e, 0xf7, 0x9e, 0xf7,
    0x9e, 0xf7, 0x9e, 0xf7, 0x9e, 0xf7, 0x9e, 0xf7, 0x9e, 0xf7, 0x9e, 0xf7,
    0x9e, 0xf7, 0x9e, 0xf7, 0x9e, 0xf7, 0x9e, 0xf7, 0x9e, 0xf7, 0x9e, 0xf7,
    0x9e, 0xf7, 0x9e, 0xf7, 0x9e, 0xf7, 0x9e, 0xf7, 0x9e, 0xf7, 0x9e, 0xf7,
    0x9e, 0xf7, 0x9e, 0xf7, 0x9e, 0xf7, 0x9e, 0xf7, 0x9e, 0xf7, 0x9e, 0xf7,
    0x9e, 0xf7, 0x9e, 0xf7, 0x9e, 0xf7, 0x9e, 0xf7, 0x9e, 0xf7, 0x9e, 0xf7,
    0x9e, 0xf7, 0x9e, 0xf7, 0x9e, 0xf7, 0x9e, 0xf7, 0x9e, 0xf7, 0x9e, 0xf7,
    0x9e, 0xf7, 0x9e, 0xf7, 0x9e, 0xf7, 0x9e, 0xf7, 0x9e, 0xf7, 0x9e, 0xf7,
    0x9e, 0xf7, 0x9e, 0xf7, 0x9e, 0xf7, 0x9e, 0xf7, 0x9e, 0xf7, 0x9e, 0xf7,
    0x1c, 0xe7, 0x9a, 0xd6, 0x5d, 0xef, 0xf7, 0xbd, 0x30, 0x84, 0x79, 0xce,
    0x9e, 0xf7, 0x9e, 0xf7, 0x9e, 0xf7, 0x9e, 0xf7, 0x9e, 0xf7, 0x9e, 0xf7,
    0x9e, 0xf7, 0x9e, 0xf7, 0x9e, 0xf7, 0x9e, 0xf7, 0x9e, 0xf7, 0x9e, 0xf7,
    0x9e, 0xf7, 0x9e, 0xf7, 0x9e, 0xf7, 0x9e, 0xf7, 0x9e, 0xf7, 0x9e, 0xf7,
    0x9e, 0xf7, 0x9e, 0xf7, 0x9e, 0xf7, 0x9e, 0xf7, 0x9e, 0xf7, 0x9e, 0xf7,
    0x9e, 0xf7, 0x9e, 0xf7, 0x9e, 0xf7, 0x9e, 0xf7, 0x9e, 0xf7, 0x9e, 0xf7,
    0x9e, 0xf7, 0x9e, 0xf7, 0x9e, 0xf7, 0x9e, 0xf7, 0x9e, 0xf7, 0x9e, 0xf7,
    0x9e, 0xf7, 0x9e, 0xf7, 0x9e, 0xf7, 0x9e, 0xf7, 0x9e, 0xf7, 0x9e, 0xf7,
    0x9e, 0xf7, 0x9e, 0xf7, 0x9e, 0xf7, 0x9e, 0xf7, 0x9e, 0xf7, 0x9e, 0xf7,
    0x9e, 0xf7, 0x9e, 0xf7, 0x9e, 0xf7, 0x9e, 0xf7, 0x9e, 0xf7, 0x9e, 0xf7,
    0x9e, 0xf7, 0x9e, 0xf7, 0x9e, 0xf7, 0x9e, 0xf7, 0x9e, 0xf7, 0x9e, 0xf7,
    0x9e, 0xf7, 0x9e, 0xf7, 0x9e, 0xf7, 0x9e, 0xf7, 0x9e, 0xf7, 0x9e, 0xf7,
    0x9e, 0xf7, 0x9e, 0xf7, 0x9e, 0xf7, 0x9e, 0xf7, 0x9e, 0xf7, 0x9e, 0xf7,
    0x9e, 0xf7, 0x9e, 0xf7, 0x9e, 0xf7, 0x9e, 0xf7, 0x9e, 0xf7, 0x9e, 0xf7,
    0x9e, 0xf7, 0x9e, 0xf7, 0x9e, 0xf7, 0x9e, 0xf7, 0x9e, 0xf7, 0x9e, 0xf7,
    0x9e, 0xf7, 0x9e, 0xf7, 0x9e, 0xf7, 0x9e, 0xf7, 0x9e, 0xf7, 0x9e, 0xf7,
    0x9e, 0xf7, 0x9e, 0xf7, 0x9e, 0xf7, 0x9e, 0xf7, 0x9e, 0xf7, 0x9e, 0xf7,
    0x9e, 0xf7, 0x9e, 0xf7, 0x9e, 0xf7, 0x9e, 0xf7, 0x9e, 0xf7, 0x9e, 0xf7,
    0x9e, 0xf7, 0x9e, 0xf7, 0x9e, 0xf7, 0x9e, 0xf7, 0x9e, 0xf7, 0x9e, 0xf7,
    0x9e, 0xf7, 0x9e, 0xf7, 0x9e, 0xf7, 0x9e, 0xf7, 0x9e, 0xf7, 0x9e, 0xf7,
    0x9e, 0xf7, 0x9e, 0xf7, 0x9e, 0xf7, 0x9e, 0xf7, 0x9e, 0xf7, 0x9e, 0xf7,
    0x9e, 0xf7, 0x9e, 0xf7, 0x9e, 0xf7, 0x9e, 0xf7, 0x9e, 0xf7, 0x9e, 0xf7,
    0x9e, 0xf7, 0x9e, 0xf7, 0x9e, 0xf7, 0x9e, 0xf7, 0x9e, 0xf7, 0x9e, 0xf7,
    0x9e, 0xf7, 0x9e, 0xf7, 0x9e, 0xf7, 0x9e, 0xf7, 0x9e, 0xf7, 0x9e, 0xf7,
    0x9e, 0xf7, 0x9e, 0xf7, 0x9e, 0xf7, 0x9e, 0xf7, 0x9e, 0xf7, 0x9e, 0xf7,
    0x1c, 0xe7, 0x9a, 0xd6, 0x5d, 0xef, 0xf7, 0xbd, 0x30, 0x84, 0x79, 0xce,
    0x9e, 0xf7, 0x9e, 0xf7, 0x9e, 0xf7, 0x9e, 0xf7, 0x9e, 0xf7, 0x9e, 0xf7,
    0x9e, 0xf7, 0x9e, 0xf7, 0x9e, 0xf7, 0x9e, 0xf7, 0x9e, 0xf7, 0x9e, 0xf7,
    0x9e, 0xf7, 0x9e, 0xf7, 0x9e, 0xf7, 0x9e, 0xf7, 0x9e, 0xf7, 0x9e, 0xf7,
    0x9e, 0xf7, 0x9e, 0xf7, 0x9e, 0xf7, 0x9e, 0xf7, 0x9e, 0xf7, 0x9e, 0xf7,
    0x9e, 0xf7, 0x9e, 0xf7, 0x9e, 0xf7, 0x9e, 0xf7, 0x9e, 0xf7, 0x9e, 0xf7,
    0x9e, 0xf7, 0x9e, 0xf7, 0x9e, 0xf7, 0x9e, 0xf7, 0x9e, 0xf7, 0x9e, 0xf7,
    0x9e, 0xf7, 0x9e, 0xf7, 0x9e, 0xf7, 0x9e, 0xf7, 0x9e, 0xf7, 0x9e, 0xf7,
    0x9e, 0xf7, 0x9e, 0xf7, 0x9e, 0xf7, 0x9e, 0xf7, 0x9e, 0xf7, 0x9e, 0xf7,
    0x9e, 0xf7, 0x9e, 0xf7, 0x9e, 0xf7, 0x9e, 0xf7, 0x9e, 0xf7, 0x9e, 0xf7,
    0x9e, 0xf7, 0x9e, 0xf7, 0x9e, 0xf7, 0x9e, 0xf7, 0x9e, 0xf7, 0x9e, 0xf7,
    0x9e, 0xf7, 0x9e, 0xf7, 0x9e, 0xf7, 0x9e, 0xf7, 0x9e, 0xf7, 0x9e, 0xf7,
    0x9e, 0xf7, 0x9e, 0xf7, 0x9e, 0xf7, 0x9e, 0xf7, 0x9e, 0xf7, 0x9e, 0xf7,
    0x9e, 0xf7, 0x9e, 0xf7, 0x9e, 0xf7, 0x9e, 0xf7, 0x9e, 0xf7, 0x9e, 0xf7,
    0x9e, 0xf7, 0x9e, 0xf7, 0x9e, 0xf7, 0x9e, 0xf7, 0x9e, 0xf7, 0x9e, 0xf7,
    0x9e, 0xf7, 0x9e, 0xf7, 0x9e, 0xf7, 0x9e, 0xf7, 0x9e, 0xf7, 0x9e, 0xf7,
    0x9e, 0xf7, 0x9e, 0xf7, 0x9e, 0xf7, 0x9e, 0xf7, 0x9e, 0xf7, 0x9e, 0xf7,
    0x9e, 0xf7, 0x9e, 0xf7, 0x9e, 0xf7, 0x9e, 0xf7, 0x9e, 0xf7, 0x9e, 0xf7,
    0x9e, 0xf7, 0x9e, 0xf7, 0x9e, 0xf7, 0x9e, 0xf7, 0x9e, 0xf7, 0x9e, 0xf7,
    0x9e, 0xf7, 0x9e, 0xf7, 0x9e, 0xf7, 0x9e, 0xf7, 0x9e, 0xf7, 0x9e, 0xf7,
    0x9e, 0xf7, 0x9e, 0xf7, 0x9e, 0xf7, 0x9e, 0xf7, 0x9e, 0xf7, 0x9e, 0xf7,
    0x9e, 0xf7, 0x9e, 0xf7, 0x9e, 0xf7, 0x9e, 0xf7, 0x9e, 0xf7, 0x9e, 0xf7,
    0x9e, 0xf7, 0x9e, 0xf7, 0x9e, 0xf7, 0x9e, 0xf7, 0x9e, 0xf7, 0x9e, 0xf7,
    0x9e, 0xf7, 0x9e, 0xf7, 0x9e, 0xf7, 0x9e, 0xf7, 0x9e, 0xf7, 0x9e, 0xf7,
    0x9e, 0xf7, 0x9e, 0xf7, 0x9e, 0xf7, 0x9e, 0xf7, 0x9e, 0xf7, 0x9e, 0xf7,
    0x1c, 0xe7, 0x9a, 0xd6, 0x5d, 0xef, 0xf7, 0xbd, 0x30, 0x84, 0x79, 0xce,
    0x9e, 0xf7, 0x9e, 0xf7, 0x9e, 0xf7, 0x9e, 0xf7, 0x9e, 0xf7, 0x9e, 0xf7,
    0x9e, 0xf7, 0x9e, 0xf7, 0x9e, 0xf7, 0x9e, 0xf7, 0x9e, 0xf7, 0x9e, 0xf7,
    0x9e, 0xf7, 0x9e, 0xf7, 0x9e, 0xf7, 0x9e, 0xf7, 0x9e, 0xf7, 0x9e, 0xf7,
    0x9e, 0xf7, 0x9e, 0xf7, 0x9e, 0xf7, 0x9e, 0xf7, 0x9e, 0xf7, 0x9e, 0xf7,
    0x9e, 0xf7, 0x9e, 0xf7, 0x9e, 0xf7, 0x9e, 0xf7, 0x9e, 0xf7, 0x9e, 0xf7,
    0x9e, 0xf7, 0x9e, 0xf7, 0x9e, 0xf7, 0x9e, 0xf7, 0x9e, 0xf7, 0x9e, 0xf7,
    0x9e, 0xf7, 0x9e, 0xf7, 0x9e, 0xf7, 0x9e, 0xf7, 0x9e, 0xf7, 0x9e, 0xf7,
    0x9e, 0xf7, 0x9e, 0xf7, 0x9e, 0xf7, 0x9e, 0xf7, 0x9e, 0xf7, 0x9e, 0xf7,
    0x9e, 0xf7, 0x9e, 0xf7, 0x9e, 0xf7, 0x9e, 0xf7, 0x9e, 0xf7, 0x9e, 0xf7,
    0x9e, 0xf7, 0x9e, 0xf7, 0x9e, 0xf7, 0x9e, 0xf7, 0x9e, 0xf7, 0x9e, 0xf7,
    0x9e, 0xf7, 0x9e, 0xf7, 0x9e, 0xf7, 0x9e, 0xf7, 0x9e, 0xf7, 0x9e, 0xf7,
    0x9e, 0xf7, 0x9e, 0xf7, 0x9e, 0xf7, 0x9e, 0xf7, 0x9e, 0xf7, 0x9e, 0xf7,
    0x9e, 0xf7, 0x9e, 0xf7, 0x9e, 0xf7, 0x9e, 0xf7, 0x9e, 0xf7, 0x9e, 0xf7,
    0x9e, 0xf7, 0x9e, 0xf7, 0x9e, 0xf7, 0x9e, 0xf7, 0x9e, 0xf7, 0x9e, 0xf7,
    0x9e, 0xf7, 0x9e, 0xf7, 0x9e, 0xf7, 0x9e, 0xf7, 0x9e, 0xf7, 0x9e, 0xf7,
    0x9e, 0xf7, 0x9e, 0xf7, 0x9e, 0xf7, 0x9e, 0xf7, 0x9e, 0xf7, 0x9e, 0xf7,
    0x9e, 0xf7, 0x9e, 0xf7, 0x9e, 0xf7, 0x9e, 0xf7, 0x9e, 0xf7, 0x9e, 0xf7,
    0x9e, 0xf7, 0x9e, 0xf7, 0x9e, 0xf7, 0x9e, 0xf7, 0x9e, 0xf7, 0x9e, 0xf7,
    0x9e, 0xf7, 0x9e, 0xf7, 0x9e, 0xf7, 0x9e, 0xf7, 0x9e, 0xf7, 0x9e, 0xf7,
    0x9e, 0xf7, 0x9e, 0xf7, 0x9e, 0xf7, 0x9e, 0xf7, 0x9e, 0xf7, 0x9e, 0xf7,
    0x9e, 0xf7, 0x9e, 0xf7, 0x9e, 0xf7, 0x9e, 0xf7, 0x9e, 0xf7, 0x9e, 0xf7,
    0x9e, 0xf7, 0x9e, 0xf7, 0x9e, 0xf7, 0x9e, 0xf7, 0x9e, 0xf7, 0x9e, 0xf7,
    0x9e, 0xf7, 0x9e, 0xf7, 0x9e, 0xf7, 0x9e, 0xf7, 0x9e, 0xf7, 0x9e, 0xf7,
    0x9e, 0xf7, 0x9e, 0xf7, 0x9e, 0xf7, 0x9e, 0xf7, 0x9e, 0xf7, 0x9e, 0xf7,
    0x1c, 0xe7, 0x9a, 0xd6, 0x5d, 0xef, 0xf7, 0xbd, 0x30, 0x84, 0x79, 0xce,
    0x9e, 0xf7, 0x9e, 0xf7, 0x9e, 0xf7, 0x9e, 0xf7, 0x9e, 0xf7, 0x9e, 0xf7,
    0x9e, 0xf7, 0x9e, 0xf7, 0x9e, 0xf7, 0x9e, 0xf7, 0x9e, 0xf7, 0x9e, 0xf7,
    0x9e, 0xf7, 0x9e, 0xf7, 0x9e, 0xf7, 0x9e, 0xf7, 0x9e, 0xf7, 0x9e, 0xf7,
    0x9e, 0xf7, 0x9e, 0xf7, 0x9e, 0xf7, 0x9e, 0xf7, 0x9e, 0xf7, 0x9e, 0xf7,
    0x9e, 0xf7, 0x9e, 0xf7, 0x9e, 0xf7, 0x9e, 0xf7, 0x9e, 0xf7, 0x9e, 0xf7,
    0x9e, 0xf7, 0x9e, 0xf7, 0x9e, 0xf7, 0x9e, 0xf7, 0x9e, 0xf7, 0x9e, 0xf7,
    0x9e, 0xf7, 0x9e, 0xf7, 0x9e, 0xf7, 0x9e, 0xf7, 0x9e, 0xf7, 0x9e, 0xf7,
    0x9e, 0xf7, 0x9e, 0xf7, 0x9e, 0xf7, 0x9e, 0xf7, 0x9e, 0xf7, 0x9e, 0xf7,
    0x9e, 0xf7, 0x9e, 0xf7, 0x9e, 0xf7, 0x9e, 0xf7, 0x9e, 0xf7, 0x9e, 0xf7,
    0x9e, 0xf7, 0x9e, 0xf7, 0x9e, 0xf7, 0x9e, 0xf7, 0x9e, 0xf7, 0x9e, 0xf7,
    0x9e, 0xf7, 0x9e, 0xf7, 0x9e, 0xf7, 0x9e, 0xf7, 0x9e, 0xf7, 0x9e, 0xf7,
    0x9e, 0xf7, 0x9e, 0xf7, 0x9e, 0xf7, 0x9e, 0xf7, 0x9e, 0xf7, 0x9e, 0xf7,
    0x9e, 0xf7, 0x9e, 0xf7, 0x9e, 0xf7, 0x9e, 0xf7, 0x9e, 0xf7, 0x9e, 0xf7,
    0x9e, 0xf7, 0x9e, 0xf7, 0x9e, 0xf7, 0x9e, 0xf7, 0x9e, 0xf7, 0x9e, 0xf7,
    0x9e, 0xf7, 0x9e, 0xf7, 0x9e, 0xf7, 0x9e, 0xf7, 0x9e, 0xf7, 0x9e, 0xf7,
    0x9e, 0xf7, 0x9e, 0xf7, 0x9e, 0xf7, 0x9e, 0xf7, 0x9e, 0xf7, 0x9e, 0xf7,
    0x9e, 0xf7, 0x9e, 0xf7, 0x9e, 0xf7, 0x9e, 0xf7, 0x9e, 0xf7, 0x9e, 0xf7,
    0x9e, 0xf7, 0x9e, 0xf7, 0x9e, 0xf7, 0x9e, 0xf7, 0x9e, 0xf7, 0x9e, 0xf7,
    0x9e, 0xf7, 0x9e, 0xf7, 0x9e, 0xf7, 0x9e, 0xf7, 0x9e, 0xf7, 0x9e, 0xf7,
    0x9e, 0xf7, 0x9e, 0xf7, 0x9e, 0xf7, 0x9e, 0xf7, 0x9e, 0xf7, 0x9e, 0xf7,
    0x9e, 0xf7, 0x9e, 0xf7, 0x9e, 0xf7, 0x9e, 0xf7, 0x9e, 0xf7, 0x9e, 0xf7,
    0x9e, 0xf7, 0x9e, 0xf7, 0x9e, 0xf7, 0x9e, 0xf7, 0x9e, 0xf7, 0x9e, 0xf7,
    0x9e, 0xf7, 0x9e, 0xf7, 0x9e, 0xf7, 0x9e, 0xf7, 0x9e, 0xf7, 0x9e, 0xf7,
    0x9e, 0xf7, 0x9e, 0xf7, 0x9e, 0xf7, 0x9e, 0xf7, 0x9e, 0xf7, 0x9e, 0xf7,
    0x1c, 0xe7, 0x9a, 0xd6, 0x5d, 0xef, 0xf7, 0xbd, 0x30, 0x84, 0x79, 0xce,
    0x9e, 0xf7, 0x9e, 0xf7, 0x9e, 0xf7, 0x9e, 0xf7, 0x9e, 0xf7, 0x9e, 0xf7,
    0x9e, 0xf7, 0x9e, 0xf7, 0x9e, 0xf7, 0x9e, 0xf7, 0x9e, 0xf7, 0x9e, 0xf7,
    0x9e, 0xf7, 0x9e, 0xf7, 0x9e, 0xf7, 0x9e, 0xf7, 0x9e, 0xf7, 0x9e, 0xf7,
    0x9e, 0xf7, 0x9e, 0xf7, 0x9e, 0xf7, 0x9e, 0xf7, 0x9e, 0xf7, 0x9e, 0xf7,
    0x9e, 0xf7, 0x9e, 0xf7, 0x9e, 0xf7, 0x9e, 0xf7, 0x9e, 0xf7, 0x9e, 0xf7,
    0x9e, 0xf7, 0x9e, 0xf7, 0x9e, 0xf7, 0x9e, 0xf7, 0x9e, 0xf7, 0x9e, 0xf7,
    0x9e, 0xf7, 0x9e, 0xf7, 0x9e, 0xf7, 0x9e, 0xf7, 0x9e, 0xf7, 0x9e, 0xf7,
    0x9e, 0xf7, 0x9e, 0xf7, 0x9e, 0xf7, 0x9e, 0xf7, 0x9e, 0xf7, 0x9e, 0xf7,
    0x9e, 0xf7, 0x9e, 0xf7, 0x9e, 0xf7, 0x9e, 0xf7, 0x9e, 0xf7, 0x9e, 0xf7,
    0x9e, 0xf7, 0x9e, 0xf7, 0x9e, 0xf7, 0x9e, 0xf7, 0x9e, 0xf7, 0x9e, 0xf7,
    0x9e, 0xf7, 0x9e, 0xf7, 0x9e, 0xf7, 0x9e, 0xf7, 0x9e, 0xf7, 0x9e, 0xf7,
    0x9e, 0xf7, 0x9e, 0xf7, 0x9e, 0xf7, 0x9e, 0xf7, 0x9e, 0xf7, 0x9e, 0xf7,
    0x9e, 0xf7, 0x9e, 0xf7, 0x9e, 0xf7, 0x9e, 0xf7, 0x9e, 0xf7, 0x9e, 0xf7,
    0x9e, 0xf7, 0x9e, 0xf7, 0x9e, 0xf7, 0x9e, 0xf7, 0x9e, 0xf7, 0x9e, 0xf7,
    0x9e, 0xf7, 0x9e, 0xf7, 0x9e, 0xf7, 0x9e, 0xf7, 0x9e, 0xf7, 0x9e, 0xf7,
    0x9e, 0xf7, 0x9e, 0xf7, 0x9e, 0xf7, 0x9e, 0xf7, 0x9e, 0xf7, 0x9e, 0xf7,
    0x9e, 0xf7, 0x9e, 0xf7, 0x9e, 0xf7, 0x9e, 0xf7, 0x9e, 0xf7, 0x9e, 0xf7,
    0x9e, 0xf7, 0x9e, 0xf7, 0x9e, 0xf7, 0x9e, 0xf7, 0x9e, 0xf7, 0x9e, 0xf7,
    0x9e, 0xf7, 0x9e, 0xf7, 0x9e, 0xf7, 0x9e, 0xf7, 0x9e, 0xf7, 0x9e, 0xf7,
    0x9e, 0xf7, 0x9e, 0xf7, 0x9e, 0xf7, 0x9e, 0xf7, 0x9e, 0xf7, 0x9e, 0xf7,
    0x9e, 0xf7, 0x9e, 0xf7, 0x9e, 0xf7, 0x9e, 0xf7, 0x9e, 0xf7, 0x9e, 0xf7,
    0x9e, 0xf7, 0x9e, 0xf7, 0x9e, 0xf7, 0x9e, 0xf7, 0x9e, 0xf7, 0x9e, 0xf7,
    0x9e, 0xf7, 0x9e, 0xf7, 0x9e, 0xf7, 0x9e, 0xf7, 0x9e, 0xf7, 0x9e, 0xf7,
    0x9e, 0xf7, 0x9e, 0xf7, 0x9e, 0xf7, 0x9e, 0xf7, 0x9e, 0xf7, 0x9e, 0xf7,
    0x1c, 0xe7, 0xba, 0xd6, 0x5d, 0xef, 0xf7, 0xbd, 0x30, 0x84, 0x79, 0xce,
    0x9e, 0xf7, 0x9e, 0xf7, 0x9e, 0xf7, 0x9e, 0xf7, 0x9e, 0xf7, 0x9e, 0xf7,
    0x9e, 0xf7, 0x9e, 0xf7, 0x9e, 0xf7, 0x9e, 0xf7, 0x9e, 0xf7, 0x9e, 0xf7,
    0x9e, 0xf7, 0x9e, 0xf7, 0x9e, 0xf7, 0x9e, 0xf7, 0x9e, 0xf7, 0x9e, 0xf7,
    0x9e, 0xf7, 0x9e, 0xf7, 0x9e, 0xf7, 0x9e, 0xf7, 0x9e, 0xf7, 0x9e, 0xf7,
    0x9e, 0xf7, 0x9e, 0xf7, 0x9e, 0xf7, 0x9e, 0xf7, 0x9e, 0xf7, 0x9e, 0xf7,
    0x9e, 0xf7, 0x9e, 0xf7, 0x9e, 0xf7, 0x9e, 0xf7, 0x9e, 0xf7, 0x9e, 0xf7,
    0x9e, 0xf7, 0x9e, 0xf7, 0x9e, 0xf7, 0x9e, 0xf7, 0x9e, 0xf7, 0x9e, 0xf7,
    0x9e, 0xf7, 0x9e, 0xf7, 0x9e, 0xf7, 0x9e, 0xf7, 0x9e, 0xf7, 0x9e, 0xf7,
    0x9e, 0xf7, 0x9e, 0xf7, 0x9e, 0xf7, 0x9e, 0xf7, 0x9e, 0xf7, 0x9e, 0xf7,
    0x9e, 0xf7, 0x9e, 0xf7, 0x9e, 0xf7, 0x9e, 0xf7, 0x9e, 0xf7, 0x9e, 0xf7,
    0x9e, 0xf7, 0x9e, 0xf7, 0x9e, 0xf7, 0x9e, 0xf7, 0x9e, 0xf7, 0x9e, 0xf7,
    0x9e, 0xf7, 0x9e, 0xf7, 0x9e, 0xf7, 0x9e, 0xf7, 0x9e, 0xf7, 0x9e, 0xf7,
    0x9e, 0xf7, 0x9e, 0xf7, 0x9e, 0xf7, 0x9e, 0xf7, 0x9e, 0xf7, 0x9e, 0xf7,
    0x9e, 0xf7, 0x9e, 0xf7, 0x9e, 0xf7, 0x9e, 0xf7, 0x9e, 0xf7, 0x9e, 0xf7,
    0x9e, 0xf7, 0x9e, 0xf7, 0x9e, 0xf7, 0x9e, 0xf7, 0x9e, 0xf7, 0x9e, 0xf7,
    0x9e, 0xf7, 0x9e, 0xf7, 0x9e, 0xf7, 0x9e, 0xf7, 0x9e, 0xf7, 0x9e, 0xf7,
    0x9e, 0xf7, 0x9e, 0xf7, 0x9e, 0xf7, 0x9e, 0xf7, 0x9e, 0xf7, 0x9e, 0xf7,
    0x9e, 0xf7, 0x9e, 0xf7, 0x9e, 0xf7, 0x9e, 0xf7, 0x9e, 0xf7, 0x9e, 0xf7,
    0x9e, 0xf7, 0x9e, 0xf7, 0x9e, 0xf7, 0x9e, 0xf7, 0x9e, 0xf7, 0x9e, 0xf7,
    0x9e, 0xf7, 0x9e, 0xf7, 0x9e, 0xf7, 0x9e, 0xf7, 0x9e, 0xf7, 0x9e, 0xf7,
    0x9e, 0xf7, 0x9e, 0xf7, 0x9e, 0xf7, 0x9e, 0xf7, 0x9e, 0xf7, 0x9e, 0xf7,
    0x9e, 0xf7, 0x9e, 0xf7, 0x9e, 0xf7, 0x9e, 0xf7, 0x9e, 0xf7, 0x9e, 0xf7,
    0x9e, 0xf7, 0x9e, 0xf7, 0x9e, 0xf7, 0x9e, 0xf7, 0x9e, 0xf7, 0x9e, 0xf7,
    0x9e, 0xf7, 0x9e, 0xf7, 0x9e, 0xf7, 0x9e, 0xf7, 0x9e, 0xf7, 0x9e, 0xf7,
    0x1c, 0xe7, 0xba, 0xd6, 0x5d, 0xef, 0xf7, 0xbd, 0x30, 0x84, 0x79, 0xce,
    0x9e, 0xf7, 0x9e, 0xf7, 0x9e, 0xf7, 0x9e, 0xf7, 0x9e, 0xf7, 0x9e, 0xf7,
    0x9e, 0xf7, 0x9e, 0xf7, 0x9e, 0xf7, 0x9e, 0xf7, 0x9e, 0xf7, 0x9e, 0xf7,
    0x9e, 0xf7, 0x9e, 0xf7, 0x9e, 0xf7, 0x9e, 0xf7, 0x9e, 0xf7, 0x9e, 0xf7,
    0x9e, 0xf7, 0x9e, 0xf7, 0x9e, 0xf7, 0x9e, 0xf7, 0x9e, 0xf7, 0x9e, 0xf7,
    0x9e, 0xf7, 0x9e, 0xf7, 0x9e, 0xf7, 0x9e, 0xf7, 0x9e, 0xf7, 0x9e, 0xf7,
    0x9e, 0xf7, 0x9e, 0xf7, 0x9e, 0xf7, 0x9e, 0xf7, 0x9e, 0xf7, 0x9e, 0xf7,
    0x9e, 0xf7, 0x9e, 0xf7, 0x9e, 0xf7, 0x9e, 0xf7, 0x9e, 0xf7, 0x9e, 0xf7,
    0x9e, 0xf7, 0x9e, 0xf7, 0x9e, 0xf7, 0x9e, 0xf7, 0x9e, 0xf7, 0x9e, 0xf7,
    0x9e, 0xf7, 0x9e, 0xf7, 0x9e, 0xf7, 0x9e, 0xf7, 0x9e, 0xf7, 0x9e, 0xf7,
    0x9e, 0xf7, 0x9e, 0xf7, 0x9e, 0xf7, 0x9e, 0xf7, 0x9e, 0xf7, 0x9e, 0xf7,
    0x9e, 0xf7, 0x9e, 0xf7, 0x9e, 0xf7, 0x9e, 0xf7, 0x9e, 0xf7, 0x9e, 0xf7,
    0x9e, 0xf7, 0x9e, 0xf7, 0x9e, 0xf7, 0x9e, 0xf7, 0x9e, 0xf7, 0x9e, 0xf7,
    0x9e, 0xf7, 0x9e, 0xf7, 0x9e, 0xf7, 0x9e, 0xf7, 0x9e, 0xf7, 0x9e, 0xf7,
    0x9e, 0xf7, 0x9e, 0xf7, 0x9e, 0xf7, 0x9e, 0xf7, 0x9e, 0xf7, 0x9e, 0xf7,
    0x9e, 0xf7, 0x9e, 0xf7, 0x9e, 0xf7, 0x9e, 0xf7, 0x9e, 0xf7, 0x9e, 0xf7,
    0x9e, 0xf7, 0x9e, 0xf7, 0x9e, 0xf7, 0x9e, 0xf7, 0x9e, 0xf7, 0x9e, 0xf7,
    0x9e, 0xf7, 0x9e, 0xf7, 0x9e, 0xf7, 0x9e, 0xf7, 0x9e, 0xf7, 0x9e, 0xf7,
    0x9e, 0xf7, 0x9e, 0xf7, 0x9e, 0xf7, 0x9e, 0xf7, 0x9e, 0xf7, 0x9e, 0xf7,
    0x9e, 0xf7, 0x9e, 0xf7, 0x9e, 0xf7, 0x9e, 0xf7, 0x9e, 0xf7, 0x9e, 0xf7,
    0x9e, 0xf7, 0x9e, 0xf7, 0x9e, 0xf7, 0x9e, 0xf7, 0x9e, 0xf7, 0x9e, 0xf7,
    0x9e, 0xf7, 0x9e, 0xf7, 0x9e, 0xf7, 0x9e, 0xf7, 0x9e, 0xf7, 0x9e, 0xf7,
    0x9e, 0xf7, 0x9e, 0xf7, 0x9e, 0xf7, 0x9e, 0xf7, 0x9e, 0xf7, 0x9e, 0xf7,
    0x9e, 0xf7, 0x9e, 0xf7, 0x9e, 0xf7, 0x9e, 0xf7, 0x9e, 0xf7, 0x9e, 0xf7,
    0x9e, 0xf7, 0x9e, 0xf7, 0x9e, 0xf7, 0x9e, 0xf7, 0x9e, 0xf7, 0x9e, 0xf7,
    0x1c, 0xe7, 0xba, 0xd6, 0x5c, 0xef, 0xf7, 0xbd, 0x30, 0x84, 0x79, 0xce,
    0x9e, 0xf7, 0x9e, 0xf7, 0x9e, 0xf7, 0x9e, 0xf7, 0x9e, 0xf7, 0x9e, 0xf7,
    0x9e, 0xf7, 0x9e, 0xf7, 0x9e, 0xf7, 0x9e, 0xf7, 0x9e, 0xf7, 0x9e, 0xf7,
    0x9e, 0xf7, 0x9e, 0xf7, 0x9e, 0xf7, 0x9e, 0xf7, 0x9e, 0xf7, 0x9e, 0xf7,
    0x9e, 0xf7, 0x9e, 0xf7, 0x9e, 0xf7, 0x9e, 0xf7, 0x9e, 0xf7, 0x9e, 0xf7,
    0x9e, 0xf7, 0x9e, 0xf7, 0x9e, 0xf7, 0x9e, 0xf7, 0x9e, 0xf7, 0x9e, 0xf7,
    0x9e, 0xf7, 0x9e, 0xf7, 0x9e, 0xf7, 0x9e, 0xf7, 0x9e, 0xf7, 0x9e, 0xf7,
    0x9e, 0xf7, 0x9e, 0xf7, 0x9e, 0xf7, 0x9e, 0xf7, 0x9e, 0xf7, 0x9e, 0xf7,
    0x9e, 0xf7, 0x9e, 0xf7, 0x9e, 0xf7, 0x9e, 0xf7, 0x9e, 0xf7, 0x9e, 0xf7,
    0x9e, 0xf7, 0x9e, 0xf7, 0x9e, 0xf7, 0x9e, 0xf7, 0x9e, 0xf7, 0x9e, 0xf7,
    0x9e, 0xf7, 0x9e, 0xf7, 0x9e, 0xf7, 0x9e, 0xf7, 0x9e, 0xf7, 0x9e, 0xf7,
    0x9e, 0xf7, 0x9e, 0xf7, 0x9e, 0xf7, 0x9e, 0xf7, 0x9e, 0xf7, 0x9e, 0xf7,
    0x9e, 0xf7, 0x9e, 0xf7, 0x9e, 0xf7, 0x9e, 0xf7, 0x9e, 0xf7, 0x9e, 0xf7,
    0x9e, 0xf7, 0x9e, 0xf7, 0x9e, 0xf7, 0x9e, 0xf7, 0x9e, 0xf7, 0x9e, 0xf7,
    0x9e, 0xf7, 0x9e, 0xf7, 0x9e, 0xf7, 0x9e, 0xf7, 0x9e, 0xf7, 0x9e, 0xf7,
    0x9e, 0xf7, 0x9e, 0xf7, 0x9e, 0xf7, 0x9e, 0xf7, 0x9e, 0xf7, 0x9e, 0xf7,
    0x9e, 0xf7, 0x9e, 0xf7, 0x9e, 0xf7, 0x9e, 0xf7, 0x9e, 0xf7, 0x9e, 0xf7,
    0x9e, 0xf7, 0x9e, 0xf7, 0x9e, 0xf7, 0x9e, 0xf7, 0x9e, 0xf7, 0x9e, 0xf7,
    0x9e, 0xf7, 0x9e, 0xf7, 0x9e, 0xf7, 0x9e, 0xf7, 0x9e, 0xf7, 0x9e, 0xf7,
    0x9e, 0xf7, 0x9e, 0xf7, 0x9e, 0xf7, 0x9e, 0xf7, 0x9e, 0xf7, 0x9e, 0xf7,
    0x9e, 0xf7, 0x9e, 0xf7, 0x9e, 0xf7, 0x9e, 0xf7, 0x9e, 0xf7, 0x9e, 0xf7,
    0x9e, 0xf7, 0x9e, 0xf7, 0x9e, 0xf7, 0x9e, 0xf7, 0x9e, 0xf7, 0x9e, 0xf7,
    0x9e, 0xf7, 0x9e, 0xf7, 0x9e, 0xf7, 0x9e, 0xf7, 0x9e, 0xf7, 0x9e, 0xf7,
    0x9e, 0xf7, 0x9e, 0xf7, 0x9e, 0xf7, 0x9e, 0xf7, 0x9e, 0xf7, 0x9e, 0xf7,
    0x9e, 0xf7, 0x9e, 0xf7, 0x9e, 0xf7, 0x9e, 0xf7, 0x9e, 0xf7, 0x9e, 0xf7,
    0x1c, 0xe7, 0xba, 0xd6, 0x3c, 0xe7, 0xd7, 0xbd, 0x30, 0x84, 0x79, 0xce,
    0x9e, 0xf7, 0x9e, 0xf7, 0x9e, 0xf7, 0x9e, 0xf7, 0x9e, 0xf7, 0x9e, 0xf7,
    0x9e, 0xf7, 0x9e, 0xf7, 0x9e, 0xf7, 0x9e, 0xf7, 0x9e, 0xf7, 0x9e, 0xf7,
    0x9e, 0xf7, 0x9e, 0xf7, 0x9e, 0xf7, 0x9e, 0xf7, 0x9e, 0xf7, 0x9e, 0xf7,
    0x9e, 0xf7, 0x9e, 0xf7, 0x9e, 0xf7, 0x9e, 0xf7, 0x9e, 0xf7, 0x9e, 0xf7,
    0x9e, 0xf7, 0x9e, 0xf7, 0x9e, 0xf7, 0x9e, 0xf7, 0x9e, 0xf7, 0x9e, 0xf7,
    0x9e, 0xf7, 0x9e, 0xf7, 0x9e, 0xf7, 0x9e, 0xf7, 0x9e, 0xf7, 0x9e, 0xf7,
    0x9e, 0xf7, 0x9e, 0xf7, 0x9e, 0xf7, 0x9e, 0xf7, 0x9e, 0xf7, 0x9e, 0xf7,
    0x9e, 0xf7, 0x9e, 0xf7, 0x9e, 0xf7, 0x9e, 0xf7, 0x9e, 0xf7, 0x9e, 0xf7,
    0x9e, 0xf7, 0x9e, 0xf7, 0x9e, 0xf7, 0x9e, 0xf7, 0x9e, 0xf7, 0x9e, 0xf7,
    0x9e, 0xf7, 0x9e, 0xf7, 0x9e, 0xf7, 0x9e, 0xf7, 0x9e, 0xf7, 0x9e, 0xf7,
    0x9e, 0xf7, 0x9e, 0xf7, 0x9e, 0xf7, 0x9e, 0xf7, 0x9e, 0xf7, 0x9e, 0xf7,
    0x9e, 0xf7, 0x9e, 0xf7, 0x9e, 0xf7, 0x9e, 0xf7, 0x9e, 0xf7, 0x9e, 0xf7,
    0x9e, 0xf7, 0x9e, 0xf7, 0x9e, 0xf7, 0x9e, 0xf7, 0x9e, 0xf7, 0x9e, 0xf7,
    0x9e, 0xf7, 0x9e, 0xf7, 0x9e, 0xf7, 0x9e, 0xf7, 0x9e, 0xf7, 0x9e, 0xf7,
    0x9e, 0xf7, 0x9e, 0xf7, 0x9e, 0xf7, 0x9e, 0xf7, 0x9e, 0xf7, 0x9e, 0xf7,
    0x9e, 0xf7, 0x9e, 0xf7, 0x9e, 0xf7, 0x9e, 0xf7, 0x9e, 0xf7, 0x9e, 0xf7,
    0x9e, 0xf7, 0x9e, 0xf7, 0x9e, 0xf7, 0x9e, 0xf7, 0x9e, 0xf7, 0x9e, 0xf7,
    0x9e, 0xf7, 0x9e, 0xf7, 0x9e, 0xf7, 0x9e, 0xf7, 0x9e, 0xf7, 0x9e, 0xf7,
    0x9e, 0xf7, 0x9e, 0xf7, 0x9e, 0xf7, 0x9e, 0xf7, 0x9e, 0xf7, 0x9e, 0xf7,
    0x9e, 0xf7, 0x9e, 0xf7, 0x9e, 0xf7, 0x9e, 0xf7, 0x9e, 0xf7, 0x9e, 0xf7,
    0x9e, 0xf7, 0x9e, 0xf7, 0x9e, 0xf7, 0x9e, 0xf7, 0x9e, 0xf7, 0x9e, 0xf7,
    0x9e, 0xf7, 0x9e, 0xf7, 0x9e, 0xf7, 0x9e, 0xf7, 0x9e, 0xf7, 0x9e, 0xf7,
    0x9e, 0xf7, 0x9e, 0xf7, 0x9e, 0xf7, 0x9e, 0xf7, 0x9e, 0xf7, 0x9e, 0xf7,
    0x9e, 0xf7, 0x9e, 0xf7, 0x9e, 0xf7, 0x9e, 0xf7, 0x9e, 0xf7, 0x9e, 0xf7,
    0x3c, 0xe7, 0xba, 0xd6, 0x3c, 0xe7, 0xd7, 0xbd, 0x30, 0x84, 0x79, 0xce,
    0x9e, 0xf7, 0x9e, 0xf7, 0x9e, 0xf7, 0x9e, 0xf7, 0x9e, 0xf7, 0x9e, 0xf7,
    0x9e, 0xf7, 0x9e, 0xf7, 0x9e, 0xf7, 0x9e, 0xf7, 0x9e, 0xf7, 0x9e, 0xf7,
    0x9e, 0xf7, 0x9e, 0xf7, 0x9e, 0xf7, 0x9e, 0xf7, 0x9e, 0xf7, 0x9e, 0xf7,
    0x9e, 0xf7, 0x9e, 0xf7, 0x9e, 0xf7, 0x9e, 0xf7, 0x9e, 0xf7, 0x9e, 0xf7,
    0x9e, 0xf7, 0x9e, 0xf7, 0x9e, 0xf7, 0x9e, 0xf7, 0x9e, 0xf7, 0x9e, 0xf7,
    0x9e, 0xf7, 0x9e, 0xf7, 0x9e, 0xf7, 0x9e, 0xf7, 0x9e, 0xf7, 0x9e, 0xf7,
    0x9e, 0xf7, 0x9e, 0xf7, 0x9e, 0xf7, 0x9e, 0xf7, 0x9e, 0xf7, 0x9e, 0xf7,
    0x9e, 0xf7, 0x9e, 0xf7, 0x9e, 0xf7, 0x9e, 0xf7, 0x9e, 0xf7, 0x9e, 0xf7,
    0x9e, 0xf7, 0x9e, 0xf7, 0x9e, 0xf7, 0x9e, 0xf7, 0x9e, 0xf7, 0x9e, 0xf7,
    0x9e, 0xf7, 0x9e, 0xf7, 0x9e, 0xf7, 0x9e, 0xf7, 0x9e, 0xf7, 0x9e, 0xf7,
    0x9e, 0xf7, 0x9e, 0xf7, 0x9e, 0xf7, 0x9e, 0xf7, 0x9e, 0xf7, 0x9e, 0xf7,
    0x9e, 0xf7, 0x9e, 0xf7, 0x9e, 0xf7, 0x9e, 0xf7, 0x9e, 0xf7, 0x9e, 0xf7,
    0x9e, 0xf7, 0x9e, 0xf7, 0x9e, 0xf7, 0x9e, 0xf7, 0x9e, 0xf7, 0x9e, 0xf7,
    0x9e, 0xf7, 0x9e, 0xf7, 0x9e, 0xf7, 0x9e, 0xf7, 0x9e, 0xf7, 0x9e, 0xf7,
    0x9e, 0xf7, 0x9e, 0xf7, 0x9e, 0xf7, 0x9e, 0xf7, 0x9e, 0xf7, 0x9e, 0xf7,
    0x9e, 0xf7, 0x9e, 0xf7, 0x9e, 0xf7, 0x9e, 0xf7, 0x9e, 0xf7, 0x9e, 0xf7,
    0x9e, 0xf7, 0x9e, 0xf7, 0x9e, 0xf7, 0x9e, 0xf7, 0x9e, 0xf7, 0x9e, 0xf7,
    0x9e, 0xf7, 0x9e, 0xf7, 0x9e, 0xf7, 0x9e, 0xf7, 0x9e, 0xf7, 0x9e, 0xf7,
    0x9e, 0xf7, 0x9e, 0xf7, 0x9e, 0xf7, 0x9e, 0xf7, 0x9e, 0xf7, 0x9e, 0xf7,
    0x9e, 0xf7, 0x9e, 0xf7, 0x9e, 0xf7, 0x9e, 0xf7, 0x9e, 0xf7, 0x9e, 0xf7,
    0x9e, 0xf7, 0x9e, 0xf7, 0x9e, 0xf7, 0x9e, 0xf7, 0x9e, 0xf7, 0x9e, 0xf7,
    0x9e, 0xf7, 0x9e, 0xf7, 0x9e, 0xf7, 0x9e, 0xf7, 0x9e, 0xf7, 0x9e, 0xf7,
    0x9e, 0xf7, 0x9e, 0xf7, 0x9e, 0xf7, 0x9e, 0xf7, 0x9e, 0xf7, 0x9e, 0xf7,
    0x9e, 0xf7, 0x9e, 0xf7, 0x9e, 0xf7, 0x9e, 0xf7, 0x9e, 0xf7, 0x9e, 0xf7,
    0x3c, 0xe7, 0xba, 0xd6, 0x3c, 0xe7, 0xd7, 0xbd, 0x30, 0x84, 0x79, 0xce,
    0x9e, 0xf7, 0x9e, 0xf7, 0x9e, 0xf7, 0x9e, 0xf7, 0x9e, 0xf7, 0x9e, 0xf7,
    0x9e, 0xf7, 0x9e, 0xf7, 0x9e, 0xf7, 0x9e, 0xf7, 0x9e, 0xf7, 0x9e, 0xf7,
    0x9e, 0xf7, 0x9e, 0xf7, 0x9e, 0xf7, 0x9e, 0xf7, 0x9e, 0xf7, 0x9e, 0xf7,
    0x9e, 0xf7, 0x9e, 0xf7, 0x9e, 0xf7, 0x9e, 0xf7, 0x9e, 0xf7, 0x9e, 0xf7,
    0x9e, 0xf7, 0x9e, 0xf7, 0x9e, 0xf7, 0x9e, 0xf7, 0x9e, 0xf7, 0x9e, 0xf7,
    0x9e, 0xf7, 0x9e, 0xf7, 0x9e, 0xf7, 0x9e, 0xf7, 0x9e, 0xf7, 0x9e, 0xf7,
    0x9e, 0xf7, 0x9e, 0xf7, 0x9e, 0xf7, 0x9e, 0xf7, 0x9e, 0xf7, 0x9e, 0xf7,
    0x9e, 0xf7, 0x9e, 0xf7, 0x9e, 0xf7, 0x9e, 0xf7, 0x9e, 0xf7, 0x9e, 0xf7,
    0x9e, 0xf7, 0x9e, 0xf7, 0x9e, 0xf7, 0x9e, 0xf7, 0x9e, 0xf7, 0x9e, 0xf7,
    0x9e, 0xf7, 0x9e, 0xf7, 0x9e, 0xf7, 0x9e, 0xf7, 0x9e, 0xf7, 0x9e, 0xf7,
    0x9e, 0xf7, 0x9e, 0xf7, 0x9e, 0xf7, 0x9e, 0xf7, 0x9e, 0xf7, 0x9e, 0xf7,
    0x9e, 0xf7, 0x9e, 0xf7, 0x9e, 0xf7, 0x9e, 0xf7, 0x9e, 0xf7, 0x9e, 0xf7,
    0x9e, 0xf7, 0x9e, 0xf7, 0x9e, 0xf7, 0x9e, 0xf7, 0x9e, 0xf7, 0x9e, 0xf7,
    0x9e, 0xf7, 0x9e, 0xf7, 0x9e, 0xf7, 0x9e, 0xf7, 0x9e, 0xf7, 0x9e, 0xf7,
    0x9e, 0xf7, 0x9e, 0xf7, 0x9e, 0xf7, 0x9e, 0xf7, 0x9e, 0xf7, 0x9e, 0xf7,
    0x9e, 0xf7, 0x9e, 0xf7, 0x9e, 0xf7, 0x9e, 0xf7, 0x9e, 0xf7, 0x9e, 0xf7,
    0x9e, 0xf7, 0x9e, 0xf7, 0x9e, 0xf7, 0x9e, 0xf7, 0x9e, 0xf7, 0x9e, 0xf7,
    0x9e, 0xf7, 0x9e, 0xf7, 0x9e, 0xf7, 0x9e, 0xf7, 0x9e, 0xf7, 0x9e, 0xf7,
    0x9e, 0xf7, 0x9e, 0xf7, 0x9e, 0xf7, 0x9e, 0xf7, 0x9e, 0xf7, 0x9e, 0xf7,
    0x9e, 0xf7, 0x9e, 0xf7, 0x9e, 0xf7, 0x9e, 0xf7, 0x9e, 0xf7, 0x9e, 0xf7,
    0x9e, 0xf7, 0x9e, 0xf7, 0x9e, 0xf7, 0x9e, 0xf7, 0x9e, 0xf7, 0x9e, 0xf7,
    0x9e, 0xf7, 0x9e, 0xf7, 0x9e, 0xf7, 0x9e, 0xf7, 0x9e, 0xf7, 0x9e, 0xf7,
    0x9e, 0xf7, 0x9e, 0xf7, 0x9e, 0xf7, 0x9e, 0xf7, 0x9e, 0xf7, 0x9e, 0xf7,
    0x9e, 0xf7, 0x9e, 0xf7, 0x9e, 0xf7, 0x9e, 0xf7, 0x9e, 0xf7, 0x9e, 0xf7,
    0x3c, 0xe7, 0xba, 0xd6, 0x3c, 0xe7, 0xd7, 0xbd, 0x30, 0x84, 0x79, 0xce,
    0x9e, 0xf7, 0x9e, 0xf7, 0x9e, 0xf7, 0x9e, 0xf7, 0x9e, 0xf7, 0x9e, 0xf7,
    0x9e, 0xf7, 0x9e, 0xf7, 0x9e, 0xf7, 0x9e, 0xf7, 0x9e, 0xf7, 0x9e, 0xf7,
    0x9e, 0xf7, 0x9e, 0xf7, 0x9e, 0xf7, 0x9e, 0xf7, 0x9e, 0xf7, 0x9e, 0xf7,
    0x9e, 0xf7, 0x9e, 0xf7, 0x9e, 0xf7, 0x9e, 0xf7, 0x9e, 0xf7, 0x9e, 0xf7,
    0x9e, 0xf7, 0x9e, 0xf7, 0x9e, 0xf7, 0x9e, 0xf7, 0x9e, 0xf7, 0x9e, 0xf7,
    0x9e, 0xf7, 0x9e, 0xf7, 0x9e, 0xf7, 0x9e, 0xf7, 0x9e, 0xf7, 0x9e, 0xf7,
    0x9e, 0xf7, 0x9e, 0xf7, 0x9e, 0xf7, 0x9e, 0xf7, 0x9e, 0xf7, 0x9e, 0xf7,
    0x9e, 0xf7, 0x9e, 0xf7, 0x9e, 0xf7, 0x9e, 0xf7, 0x9e, 0xf7, 0x9e, 0xf7,
    0x9e, 0xf7, 0x9e, 0xf7, 0x9e, 0xf7, 0x9e, 0xf7, 0x9e, 0xf7, 0x9e, 0xf7,
    0x9e, 0xf7, 0x9e, 0xf7, 0x9e, 0xf7, 0x9e, 0xf7, 0x9e, 0xf7, 0x9e, 0xf7,
    0x9e, 0xf7, 0x9e, 0xf7, 0x9e, 0xf7, 0x9e, 0xf7, 0x9e, 0xf7, 0x9e, 0xf7,
    0x9e, 0xf7, 0x9e, 0xf7, 0x9e, 0xf7, 0x9e, 0xf7, 0x9e, 0xf7, 0x9e, 0xf7,
    0x9e, 0xf7, 0x9e, 0xf7, 0x9e, 0xf7, 0x9e, 0xf7, 0x9e, 0xf7, 0x9e, 0xf7,
    0x9e, 0xf7, 0x9e, 0xf7, 0x9e, 0xf7, 0x9e, 0xf7, 0x9e, 0xf7, 0x9e, 0xf7,
    0x9e, 0xf7, 0x9e, 0xf7, 0x9e, 0xf7, 0x9e, 0xf7, 0x9e, 0xf7, 0x9e, 0xf7,
    0x9e, 0xf7, 0x9e, 0xf7, 0x9e, 0xf7, 0x9e, 0xf7, 0x9e, 0xf7, 0x9e, 0xf7,
    0x9e, 0xf7, 0x9e, 0xf7, 0x9e, 0xf7, 0x9e, 0xf7, 0x9e, 0xf7, 0x9e, 0xf7,
    0x9e, 0xf7, 0x9e, 0xf7, 0x9e, 0xf7, 0x9e, 0xf7, 0x9e, 0xf7, 0x9e, 0xf7,
    0x9e, 0xf7, 0x9e, 0xf7, 0x9e, 0xf7, 0x9e, 0xf7, 0x9e, 0xf7, 0x9e, 0xf7,
    0x9e, 0xf7, 0x9e, 0xf7, 0x9e, 0xf7, 0x9e, 0xf7, 0x9e, 0xf7, 0x9e, 0xf7,
    0x9e, 0xf7, 0x9e, 0xf7, 0x9e, 0xf7, 0x9e, 0xf7, 0x9e, 0xf7, 0x9e, 0xf7,
    0x9e, 0xf7, 0x9e, 0xf7, 0x9e, 0xf7, 0x9e, 0xf7, 0x9e, 0xf7, 0x9e, 0xf7,
    0x9e, 0xf7, 0x9e, 0xf7, 0x9e, 0xf7, 0x9e, 0xf7, 0x9e, 0xf7, 0x9e, 0xf7,
    0x9e, 0xf7, 0x9e, 0xf7, 0x9e, 0xf7, 0x9e, 0xf7, 0x9e, 0xf7, 0x9e, 0xf7,
    0x3c, 0xe7, 0xba, 0xd6, 0x3c, 0xe7, 0xd7, 0xbd, 0x30, 0x84, 0x79, 0xce,
    0x9e, 0xf7, 0x9e, 0xf7, 0x9e, 0xf7, 0x9e, 0xf7, 0x9e, 0xf7, 0x9e, 0xf7,
    0x9e, 0xf7, 0x9e, 0xf7, 0x9e, 0xf7, 0x9e, 0xf7, 0x9e, 0xf7, 0x9e, 0xf7,
    0x9e, 0xf7, 0x9e, 0xf7, 0x9e, 0xf7, 0x9e, 0xf7, 0x9e, 0xf7, 0x9e, 0xf7,
    0x9e, 0xf7, 0x9e, 0xf7, 0x9e, 0xf7, 0x9e, 0xf7, 0x9e, 0xf7, 0x9e, 0xf7,
    0x9e, 0xf7, 0x9e, 0xf7, 0x9e, 0xf7, 0x9e, 0xf7, 0x9e, 0xf7, 0x9e, 0xf7,
    0x9e, 0xf7, 0x9e, 0xf7, 0x9e, 0xf7, 0x9e, 0xf7, 0x9e, 0xf7, 0x9e, 0xf7,
    0x9e, 0xf7, 0x9e, 0xf7, 0x9e, 0xf7, 0x9e, 0xf7, 0x9e, 0xf7, 0x9e, 0xf7,
    0x9e, 0xf7, 0x9e, 0xf7, 0x9e, 0xf7, 0x9e, 0xf7, 0x9e, 0xf7, 0x9e, 0xf7,
    0x9e, 0xf7, 0x9e, 0xf7, 0x9e, 0xf7, 0x9e, 0xf7, 0x9e, 0xf7, 0x9e, 0xf7,
    0x9e, 0xf7, 0x9e, 0xf7, 0x9e, 0xf7, 0x9e, 0xf7, 0x9e, 0xf7, 0x9e, 0xf7,
    0x9e, 0xf7, 0x9e, 0xf7, 0x9e, 0xf7, 0x9e, 0xf7, 0x9e, 0xf7, 0x9e, 0xf7,
    0x9e, 0xf7, 0x9e, 0xf7, 0x9e, 0xf7, 0x9e, 0xf7, 0x9e, 0xf7, 0x9e, 0xf7,
    0x9e, 0xf7, 0x9e, 0xf7, 0x9e, 0xf7, 0x9e, 0xf7, 0x9e, 0xf7, 0x9e, 0xf7,
    0x9e, 0xf7, 0x9e, 0xf7, 0x9e, 0xf7, 0x9e, 0xf7, 0x9e, 0xf7, 0x9e, 0xf7,
    0x9e, 0xf7, 0x9e, 0xf7, 0x9e, 0xf7, 0x9e, 0xf7, 0x9e, 0xf7, 0x9e, 0xf7,
    0x9e, 0xf7, 0x9e, 0xf7, 0x9e, 0xf7, 0x9e, 0xf7, 0x9e, 0xf7, 0x9e, 0xf7,
    0x9e, 0xf7, 0x9e, 0xf7, 0x9e, 0xf7, 0x9e, 0xf7, 0x9e, 0xf7, 0x9e, 0xf7,
    0x9e, 0xf7, 0x9e, 0xf7, 0x9e, 0xf7, 0x9e, 0xf7, 0x9e, 0xf7, 0x9e, 0xf7,
    0x9e, 0xf7, 0x9e, 0xf7, 0x9e, 0xf7, 0x9e, 0xf7, 0x9e, 0xf7, 0x9e, 0xf7,
    0x9e, 0xf7, 0x9e, 0xf7, 0x9e, 0xf7, 0x9e, 0xf7, 0x9e, 0xf7, 0x9e, 0xf7,
    0x9e, 0xf7, 0x9e, 0xf7, 0x9e, 0xf7, 0x9e, 0xf7, 0x9e, 0xf7, 0x9e, 0xf7,
    0x9e, 0xf7, 0x9e, 0xf7, 0x9e, 0xf7, 0x9e, 0xf7, 0x9e, 0xf7, 0x9e, 0xf7,
    0x9e, 0xf7, 0x9e, 0xf7, 0x9e, 0xf7, 0x9e, 0xf7, 0x9e, 0xf7, 0x9e, 0xf7,
    0x9e, 0xf7, 0x9e, 0xf7, 0x9e, 0xf7, 0x9e, 0xf7, 0x9e, 0xf7, 0x9e, 0xf7,
    0x3c, 0xe7, 0xba, 0xd6, 0x3c, 0xe7, 0xd7, 0xbd, 0x30, 0x84, 0x79, 0xce,
    0x9e, 0xf7, 0x9e, 0xf7, 0x9e, 0xf7, 0x9e, 0xf7, 0x9e, 0xf7, 0x9e, 0xf7,
    0x9e, 0xf7, 0x9e, 0xf7, 0x9e, 0xf7, 0x9e, 0xf7, 0x9e, 0xf7, 0x9e, 0xf7,
    0x9e, 0xf7, 0x9e, 0xf7, 0x9e, 0xf7, 0x9e, 0xf7, 0x9e, 0xf7, 0x9e, 0xf7,
    0x9e, 0xf7, 0x9e, 0xf7, 0x9e, 0xf7, 0x9e, 0xf7, 0x9e, 0xf7, 0x9e, 0xf7,
    0x9e, 0xf7, 0x9e, 0xf7, 0x9e, 0xf7, 0x9e, 0xf7, 0x9e, 0xf7, 0x9e, 0xf7,
    0x9e, 0xf7, 0x9e, 0xf7, 0x9e, 0xf7, 0x9e, 0xf7, 0x9e, 0xf7, 0x9e, 0xf7,
    0x9e, 0xf7, 0x9e, 0xf7, 0x9e, 0xf7, 0x9e, 0xf7, 0x9e, 0xf7, 0x9e, 0xf7,
    0x9e, 0xf7, 0x9e, 0xf7, 0x9e, 0xf7, 0x9e, 0xf7, 0x9e, 0xf7, 0x9e, 0xf7,
    0x9e, 0xf7, 0x9e, 0xf7, 0x9e, 0xf7, 0x9e, 0xf7, 0x9e, 0xf7, 0x9e, 0xf7,
    0x9e, 0xf7, 0x9e, 0xf7, 0x9e, 0xf7, 0x9e, 0xf7, 0x9e, 0xf7, 0x9e, 0xf7,
    0x9e, 0xf7, 0x9e, 0xf7, 0x9e, 0xf7, 0x9e, 0xf7, 0x9e, 0xf7, 0x9e, 0xf7,
    0x9e, 0xf7, 0x9e, 0xf7, 0x9e, 0xf7, 0x9e, 0xf7, 0x9e, 0xf7, 0x9e, 0xf7,
    0x9e, 0xf7, 0x9e, 0xf7, 0x9e, 0xf7, 0x9e, 0xf7, 0x9e, 0xf7, 0x9e, 0xf7,
    0x9e, 0xf7, 0x9e, 0xf7, 0x9e, 0xf7, 0x9e, 0xf7, 0x9e, 0xf7, 0x9e, 0xf7,
    0x9e, 0xf7, 0x9e, 0xf7, 0x9e, 0xf7, 0x9e, 0xf7, 0x9e, 0xf7, 0x9e, 0xf7,
    0x9e, 0xf7, 0x9e, 0xf7, 0x9e, 0xf7, 0x9e, 0xf7, 0x9e, 0xf7, 0x9e, 0xf7,
    0x9e, 0xf7, 0x9e, 0xf7, 0x9e, 0xf7, 0x9e, 0xf7, 0x9e, 0xf7, 0x9e, 0xf7,
    0x9e, 0xf7, 0x9e, 0xf7, 0x9e, 0xf7, 0x9e, 0xf7, 0x9e, 0xf7, 0x9e, 0xf7,
    0x9e, 0xf7, 0x9e, 0xf7, 0x9e, 0xf7, 0x9e, 0xf7, 0x9e, 0xf7, 0x9e, 0xf7,
    0x9e, 0xf7, 0x9e, 0xf7, 0x9e, 0xf7, 0x9e, 0xf7, 0x9e, 0xf7, 0x9e, 0xf7,
    0x9e, 0xf7, 0x9e, 0xf7, 0x9e, 0xf7, 0x9e, 0xf7, 0x9e, 0xf7, 0x9e, 0xf7,
    0x9e, 0xf7, 0x9e, 0xf7, 0x9e, 0xf7, 0x9e, 0xf7, 0x9e, 0xf7, 0x9e, 0xf7,
    0x9e, 0xf7, 0x9e, 0xf7, 0x9e, 0xf7, 0x9e, 0xf7, 0x9e, 0xf7, 0x9e, 0xf7,
    0x9e, 0xf7, 0x9e, 0xf7, 0x9e, 0xf7, 0x9e, 0xf7, 0x9e, 0xf7, 0x9e, 0xf7,
    0x3c, 0xe7, 0xba, 0xd6, 0x3c, 0xe7, 0xd7, 0xbd, 0x30, 0x84, 0x79, 0xce,
    0x9e, 0xf7, 0x9e, 0xf7, 0x9e, 0xf7, 0x9e, 0xf7, 0x9e, 0xf7, 0x9e, 0xf7,
    0x9e, 0xf7, 0x9e, 0xf7, 0x9e, 0xf7, 0x9e, 0xf7, 0x9e, 0xf7, 0x9e, 0xf7,
    0x9e, 0xf7, 0x9e, 0xf7, 0x9e, 0xf7, 0x9e, 0xf7, 0x9e, 0xf7, 0x9e, 0xf7,
    0x9e, 0xf7, 0x9e, 0xf7, 0x9e, 0xf7, 0x9e, 0xf7, 0x9e, 0xf7, 0x9e, 0xf7,
    0x9e, 0xf7, 0x9e, 0xf7, 0x9e, 0xf7, 0x9e, 0xf7, 0x9e, 0xf7, 0x9e, 0xf7,
    0x9e, 0xf7, 0x9e, 0xf7, 0x9e, 0xf7, 0x9e, 0xf7, 0x9e, 0xf7, 0x9e, 0xf7,
    0x9e, 0xf7, 0x9e, 0xf7, 0x9e, 0xf7, 0x9e, 0xf7, 0x9e, 0xf7, 0x9e, 0xf7,
    0x9e, 0xf7, 0x9e, 0xf7, 0x9e, 0xf7, 0x9e, 0xf7, 0x9e, 0xf7, 0x9e, 0xf7,
    0x9e, 0xf7, 0x9e, 0xf7, 0x9e, 0xf7, 0x9e, 0xf7, 0x9e, 0xf7, 0x9e, 0xf7,
    0x9e, 0xf7, 0x9e, 0xf7, 0x9e, 0xf7, 0x9e, 0xf7, 0x9e, 0xf7, 0x9e, 0xf7,
    0x9e, 0xf7, 0x9e, 0xf7, 0x9e, 0xf7, 0x9e, 0xf7, 0x9e, 0xf7, 0x9e, 0xf7,
    0x9e, 0xf7, 0x9e, 0xf7, 0x9e, 0xf7, 0x9e, 0xf7, 0x9e, 0xf7, 0x9e, 0xf7,
    0x9e, 0xf7, 0x9e, 0xf7, 0x9e, 0xf7, 0x9e, 0xf7, 0x9e, 0xf7, 0x9e, 0xf7,
    0x9e, 0xf7, 0x9e, 0xf7, 0x9e, 0xf7, 0x9e, 0xf7, 0x9e, 0xf7, 0x9e, 0xf7,
    0x9e, 0xf7, 0x9e, 0xf7, 0x9e, 0xf7, 0x9e, 0xf7, 0x9e, 0xf7, 0x9e, 0xf7,
    0x9e, 0xf7, 0x9e, 0xf7, 0x9e, 0xf7, 0x9e, 0xf7, 0x9e, 0xf7, 0x9e, 0xf7,
    0x9e, 0xf7, 0x9e, 0xf7, 0x9e, 0xf7, 0x9e, 0xf7, 0x9e, 0xf7, 0x9e, 0xf7,
    0x9e, 0xf7, 0x9e, 0xf7, 0x9e, 0xf7, 0x9e, 0xf7, 0x9e, 0xf7, 0x9e, 0xf7,
    0x9e, 0xf7, 0x9e, 0xf7, 0x9e, 0xf7, 0x9e, 0xf7, 0x9e, 0xf7, 0x9e, 0xf7,
    0x9e, 0xf7, 0x9e, 0xf7, 0x9e, 0xf7, 0x9e, 0xf7, 0x9e, 0xf7, 0x9e, 0xf7,
    0x9e, 0xf7, 0x9e, 0xf7, 0x9e, 0xf7, 0x9e, 0xf7, 0x9e, 0xf7, 0x9e, 0xf7,
    0x9e, 0xf7, 0x9e, 0xf7, 0x9e, 0xf7, 0x9e, 0xf7, 0x9e, 0xf7, 0x9e, 0xf7,
    0x9e, 0xf7, 0x9e, 0xf7, 0x9e, 0xf7, 0x9e, 0xf7, 0x9e, 0xf7, 0x9e, 0xf7,
    0x9e, 0xf7, 0x9e, 0xf7, 0x9e, 0xf7, 0x9e, 0xf7, 0x9e, 0xf7, 0x9e, 0xf7,
    0x3c, 0xe7, 0xba, 0xd6, 0x1c, 0xe7, 0xd7, 0xbd, 0x30, 0x84, 0x79, 0xce,
    0x9e, 0xf7, 0x9e, 0xf7, 0x9e, 0xf7, 0x9e, 0xf7, 0x9e, 0xf7, 0x9e, 0xf7,
    0x9e, 0xf7, 0x9e, 0xf7, 0x9e, 0xf7, 0x9e, 0xf7, 0x9e, 0xf7, 0x9e, 0xf7,
    0x9e, 0xf7, 0x9e, 0xf7, 0x9e, 0xf7, 0x9e, 0xf7, 0x9e, 0xf7, 0x9e, 0xf7,
    0x9e, 0xf7, 0x9e, 0xf7, 0x9e, 0xf7, 0x9e, 0xf7, 0x9e, 0xf7, 0x9e, 0xf7,
    0x9e, 0xf7, 0x9e, 0xf7, 0x9e, 0xf7, 0x9e, 0xf7, 0x9e, 0xf7, 0x9e, 0xf7,
    0x9e, 0xf7, 0x9e, 0xf7, 0x9e, 0xf7, 0x9e, 0xf7, 0x9e, 0xf7, 0x9e, 0xf7,
    0x9e, 0xf7, 0x9e, 0xf7, 0x9e, 0xf7, 0x9e, 0xf7, 0x9e, 0xf7, 0x9e, 0xf7,
    0x9e, 0xf7, 0x9e, 0xf7, 0x9e, 0xf7, 0x9e, 0xf7, 0x9e, 0xf7, 0x9e, 0xf7,
    0x9e, 0xf7, 0x9e, 0xf7, 0x9e, 0xf7, 0x9e, 0xf7, 0x9e, 0xf7, 0x9e, 0xf7,
    0x9e, 0xf7, 0x9e, 0xf7, 0x9e, 0xf7, 0x9e, 0xf7, 0x9e, 0xf7, 0x9e, 0xf7,
    0x9e, 0xf7, 0x9e, 0xf7, 0x9e, 0xf7, 0x9e, 0xf7, 0x9e, 0xf7, 0x9e, 0xf7,
    0x9e, 0xf7, 0x9e, 0xf7, 0x9e, 0xf7, 0x9e, 0xf7, 0x9e, 0xf7, 0x9e, 0xf7,
    0x9e, 0xf7, 0x9e, 0xf7, 0x9e, 0xf7, 0x9e, 0xf7, 0x9e, 0xf7, 0x9e, 0xf7,
    0x9e, 0xf7, 0x9e, 0xf7, 0x9e, 0xf7, 0x9e, 0xf7, 0x9e, 0xf7, 0x9e, 0xf7,
    0x9e, 0xf7, 0x9e, 0xf7, 0x9e, 0xf7, 0x9e, 0xf7, 0x9e, 0xf7, 0x9e, 0xf7,
    0x9e, 0xf7, 0x9e, 0xf7, 0x9e, 0xf7, 0x9e, 0xf7, 0x9e, 0xf7, 0x9e, 0xf7,
    0x9e, 0xf7, 0x9e, 0xf7, 0x9e, 0xf7, 0x9e, 0xf7, 0x9e, 0xf7, 0x9e, 0xf7,
    0x9e, 0xf7, 0x9e, 0xf7, 0x9e, 0xf7, 0x9e, 0xf7, 0x9e, 0xf7, 0x9e, 0xf7,
    0x9e, 0xf7, 0x9e, 0xf7, 0x9e, 0xf7, 0x9e, 0xf7, 0x9e, 0xf7, 0x9e, 0xf7,
    0x9e, 0xf7, 0x9e, 0xf7, 0x9e, 0xf7, 0x9e, 0xf7, 0x9e, 0xf7, 0x9e, 0xf7,
    0x9e, 0xf7, 0x9e, 0xf7, 0x9e, 0xf7, 0x9e, 0xf7, 0x9e, 0xf7, 0x9e, 0xf7,
    0x9e, 0xf7, 0x9e, 0xf7, 0x9e, 0xf7, 0x9e, 0xf7, 0x9e, 0xf7, 0x9e, 0xf7,
    0x9e, 0xf7, 0x9e, 0xf7, 0x9e, 0xf7, 0x9e, 0xf7, 0x9e, 0xf7, 0x9e, 0xf7,
    0x9e, 0xf7, 0x9e, 0xf7, 0x9e, 0xf7, 0x9e, 0xf7, 0x9e, 0xf7, 0x9e, 0xf7,
    0xf9, 0xe6, 0xba, 0xd6, 0x1c, 0xe7, 0xd7, 0xbd, 0x30, 0x84, 0x36, 0xc6,
    0x9e, 0xf7, 0x9e, 0xf7, 0x9e, 0xf7, 0x9e, 0xf7, 0x9e, 0xf7, 0x9e, 0xf7,
    0x9e, 0xf7, 0x9e, 0xf7, 0x9e, 0xf7, 0x9e, 0xf7, 0x9e, 0xf7, 0x9e, 0xf7,
    0x9e, 0xf7, 0x9e, 0xf7, 0x9e, 0xf7, 0x9e, 0xf7, 0x9e, 0xf7, 0x9e, 0xf7,
    0x9e, 0xf7, 0x9e, 0xf7, 0x9e, 0xf7, 0x9e, 0xf7, 0x9e, 0xf7, 0x9e, 0xf7,
    0x9e, 0xf7, 0x9e, 0xf7, 0x9e, 0xf7, 0x9e, 0xf7, 0x9e, 0xf7, 0x9e, 0xf7,
    0x9e, 0xf7, 0x9e, 0xf7, 0x9e, 0xf7, 0x9e, 0xf7, 0x9e, 0xf7, 0x9e, 0xf7,
    0x9e, 0xf7, 0x9e, 0xf7, 0x9e, 0xf7, 0x9e, 0xf7, 0x9e, 0xf7, 0x9e, 0xf7,
    0x9e, 0xf7, 0x9e, 0xf7, 0x9e, 0xf7, 0x9e, 0xf7, 0x9e, 0xf7, 0x9e, 0xf7,
    0x9e, 0xf7, 0x9e, 0xf7, 0x9e, 0xf7, 0x9e, 0xf7, 0x9e, 0xf7, 0x9e, 0xf7,
    0x9e, 0xf7, 0x9e, 0xf7, 0x9e, 0xf7, 0x9e, 0xf7, 0x9e, 0xf7, 0x9e, 0xf7,
    0x9e, 0xf7, 0x9e, 0xf7, 0x9e, 0xf7, 0x9e, 0xf7, 0x9e, 0xf7, 0x9e, 0xf7,
    0x9e, 0xf7, 0x9e, 0xf7, 0x9e, 0xf7, 0x9e, 0xf7, 0x9e, 0xf7, 0x9e, 0xf7,
    0x9e, 0xf7, 0x9e, 0xf7, 0x9e, 0xf7, 0x9e, 0xf7, 0x9e, 0xf7, 0x9e, 0xf7,
    0x9e, 0xf7, 0x9e, 0xf7, 0x9e, 0xf7, 0x9e, 0xf7, 0x9e, 0xf7, 0x9e, 0xf7,
    0x9e, 0xf7, 0x9e, 0xf7, 0x9e, 0xf7, 0x9e, 0xf7, 0x9e, 0xf7, 0x9e, 0xf7,
    0x9e, 0xf7, 0x9e, 0xf7, 0x9e, 0xf7, 0x9e, 0xf7, 0x9e, 0xf7, 0x9e, 0xf7,
    0x9e, 0xf7, 0x9e, 0xf7, 0x9e, 0xf7, 0x9e, 0xf7, 0x9e, 0xf7, 0x9e, 0xf7,
    0x9e, 0xf7, 0x9e, 0xf7, 0x9e, 0xf7, 0x9e, 0xf7, 0x9e, 0xf7, 0x9e, 0xf7,
    0x9e, 0xf7, 0x9e, 0xf7, 0x9e, 0xf7, 0x9e, 0xf7, 0x9e, 0xf7, 0x9e, 0xf7,
    0x9e, 0xf7, 0x9e, 0xf7, 0x9e, 0xf7, 0x9e, 0xf7, 0x9e, 0xf7, 0x9e, 0xf7,
    0x9e, 0xf7, 0x9e, 0xf7, 0x9e, 0xf7, 0x9e, 0xf7, 0x9e, 0xf7, 0x9e, 0xf7,
    0x9e, 0xf7, 0x9e, 0xf7, 0x9e, 0xf7, 0x9e, 0xf7, 0x9e, 0xf7, 0x9e, 0xf7,
    0x9e, 0xf7, 0x9e, 0xf7, 0x9e, 0xf7, 0x9e, 0xf7, 0x9e, 0xf7, 0x9e, 0xf7,
    0x9e, 0xf7, 0x9e, 0xf7, 0x9e, 0xf7, 0x9e, 0xf7, 0x3a, 0xef, 0x2d, 0xd6,
    0x89, 0xcd, 0xba, 0xd6, 0x1c, 0xe7, 0xd7, 0xbd, 0x30, 0x84, 0xc5, 0xac,
    0xea, 0xd5, 0xf7, 0xe6, 0x9e, 0xf7, 0x9e, 0xf7, 0x9e, 0xf7, 0x9e, 0xf7,
    0x9e, 0xf7, 0x9e, 0xf7, 0x9e, 0xf7, 0x9e, 0xf7, 0x9e, 0xf7, 0x9e, 0xf7,
    0x9e, 0xf7, 0x9e, 0xf7, 0x9e, 0xf7, 0x9e, 0xf7, 0x9e, 0xf7, 0x9e, 0xf7,
    0x9e, 0xf7, 0x9e, 0xf7, 0x9e, 0xf7, 0x9e, 0xf7, 0x9e, 0xf7, 0x9e, 0xf7,
    0x9e, 0xf7, 0x9e, 0xf7, 0x9e, 0xf7, 0x9e, 0xf7, 0x9e, 0xf7, 0x9e, 0xf7,
    0x9e, 0xf7, 0x9e, 0xf7, 0x9e, 0xf7, 0x9e, 0xf7, 0x9e, 0xf7, 0x9e, 0xf7,
    0x9e, 0xf7, 0x9e, 0xf7, 0x9e, 0xf7, 0x9e, 0xf7, 0x9e, 0xf7, 0x9e, 0xf7,
    0x9e, 0xf7, 0x9e, 0xf7, 0x9e, 0xf7, 0x9e, 0xf7, 0x9e, 0xf7, 0x9e, 0xf7,
    0x9e, 0xf7, 0x9e, 0xf7, 0x9e, 0xf7, 0x9e, 0xf7, 0x9e, 0xf7, 0x9e, 0xf7,
    0x9e, 0xf7, 0x9e, 0xf7, 0x9e, 0xf7, 0x9e, 0xf7, 0x9e, 0xf7, 0x9e, 0xf7,
    0x9e, 0xf7, 0x9e, 0xf7, 0x9e, 0xf7, 0x9e, 0xf7, 0x9e, 0xf7, 0x9e, 0xf7,
    0x9e, 0xf7, 0x9e, 0xf7, 0x9e, 0xf7, 0x9e, 0xf7, 0x9e, 0xf7, 0x9e, 0xf7,
    0x9e, 0xf7, 0x9e, 0xf7, 0x9e, 0xf7, 0x9e, 0xf7, 0x9e, 0xf7, 0x9e, 0xf7,
    0x9e, 0xf7, 0x9e, 0xf7, 0x9e, 0xf7, 0x9e, 0xf7, 0x9e, 0xf7, 0x9e, 0xf7,
    0x9e, 0xf7, 0x9e, 0xf7, 0x9e, 0xf7, 0x9e, 0xf7, 0x9e, 0xf7, 0x9e, 0xf7,
    0x9e, 0xf7, 0x9e, 0xf7, 0x9e, 0xf7, 0x9e, 0xf7, 0x9e, 0xf7, 0x9e, 0xf7,
    0x9e, 0xf7, 0x9e, 0xf7, 0x9e, 0xf7, 0x9e, 0xf7, 0x9e, 0xf7, 0x9e, 0xf7,
    0x9e, 0xf7, 0x9e, 0xf7, 0x9e, 0xf7, 0x9e, 0xf7, 0x9e, 0xf7, 0x9e, 0xf7,
    0x9e, 0xf7, 0x9e, 0xf7, 0x9e, 0xf7, 0x9e, 0xf7, 0x9e, 0xf7, 0x9e, 0xf7,
    0x9e, 0xf7, 0x9e, 0xf7, 0x9e, 0xf7, 0x9e, 0xf7, 0x9e, 0xf7, 0x9e, 0xf7,
    0x9e, 0xf7, 0x9e, 0xf7, 0x9e, 0xf7, 0x9e, 0xf7, 0x9e, 0xf7, 0x9e, 0xf7,
    0x9e, 0xf7, 0x9e, 0xf7, 0x9e, 0xf7, 0x9e, 0xf7, 0x9e, 0xf7, 0x9e, 0xf7,
    0x9e, 0xf7, 0x9e, 0xf7, 0x9e, 0xf7, 0x9e, 0xf7, 0x9e, 0xf7, 0x9e, 0xf7,
    0x9e, 0xf7, 0x9e, 0xf7, 0x3a, 0xef, 0x2d, 0xd6, 0x63, 0xcd, 0x63, 0xcd,
    0x09, 0xcd, 0x9a, 0xd6, 0x1c, 0xe7, 0xb6, 0xb5, 0x30, 0x84, 0x25, 0xb4,
    0x63, 0xcd, 0x63, 0xcd, 0xea, 0xd5, 0xf7, 0xe6, 0x9e, 0xf7, 0x9e, 0xf7,
    0x9e, 0xf7, 0x9e, 0xf7, 0x9e, 0xf7, 0x9e, 0xf7, 0x9e, 0xf7, 0x9e, 0xf7,
    0x9e, 0xf7, 0x9e, 0xf7, 0x9e, 0xf7, 0x9e, 0xf7, 0x9e, 0xf7, 0x9e, 0xf7,
    0x9e, 0xf7, 0x9e, 0xf7, 0x9e, 0xf7, 0x9e, 0xf7, 0x9e, 0xf7, 0x9e, 0xf7,
    0x9e, 0xf7, 0x9e, 0xf7, 0x9e, 0xf7, 0x9e, 0xf7, 0x9e, 0xf7, 0x9e, 0xf7,
    0x9e, 0xf7, 0x9e, 0xf7, 0x9e, 0xf7, 0x9e, 0xf7, 0x9e, 0xf7, 0x9e, 0xf7,
    0x9e, 0xf7, 0x9e, 0xf7, 0x9e, 0xf7, 0x9e, 0xf7, 0x9e, 0xf7, 0x9e, 0xf7,
    0x9e, 0xf7, 0x9e, 0xf7, 0x9e, 0xf7, 0x9e, 0xf7, 0x9e, 0xf7, 0x9e, 0xf7,
    0x9e, 0xf7, 0x9e, 0xf7, 0x9e, 0xf7, 0x9e, 0xf7, 0x9e, 0xf7, 0x9e, 0xf7,
    0x9e, 0xf7, 0x9e, 0xf7, 0x9e, 0xf7, 0x9e, 0xf7, 0x9e, 0xf7, 0x9e, 0xf7,
    0x9e, 0xf7, 0x9e, 0xf7, 0x9e, 0xf7, 0x9e, 0xf7, 0x9e, 0xf7, 0x9e, 0xf7,
    0x9e, 0xf7, 0x9e, 0xf7, 0x9e, 0xf7, 0x9e, 0xf7, 0x9e, 0xf7, 0x9e, 0xf7,
    0x9e, 0xf7, 0x9e, 0xf7, 0x9e, 0xf7, 0x9e, 0xf7, 0x9e, 0xf7, 0x9e, 0xf7,
    0x9e, 0xf7, 0x9e, 0xf7, 0x9e, 0xf7, 0x9e, 0xf7, 0x9e, 0xf7, 0x9e, 0xf7,
    0x9e, 0xf7, 0x9e, 0xf7, 0x9e, 0xf7, 0x9e, 0xf7, 0x9e, 0xf7, 0x9e, 0xf7,
    0x9e, 0xf7, 0x9e, 0xf7, 0x9e, 0xf7, 0x9e, 0xf7, 0x9e, 0xf7, 0x9e, 0xf7,
    0x9e, 0xf7, 0x9e, 0xf7, 0x9e, 0xf7, 0x9e, 0xf7, 0x9e, 0xf7, 0x9e, 0xf7,
    0x9e, 0xf7, 0x9e, 0xf7, 0x9e, 0xf7, 0x9e, 0xf7, 0x9e, 0xf7, 0x9e, 0xf7,
    0x9e, 0xf7, 0x9e, 0xf7, 0x9e, 0xf7, 0x9e, 0xf7, 0x9e, 0xf7, 0x9e, 0xf7,
    0x9e, 0xf7, 0x9e, 0xf7, 0x9e, 0xf7, 0x9e, 0xf7, 0x9e, 0xf7, 0x9e, 0xf7,
    0x9e, 0xf7, 0x9e, 0xf7, 0x9e, 0xf7, 0x9e, 0xf7, 0x9e, 0xf7, 0x9e, 0xf7,
    0x9e, 0xf7, 0x9e, 0xf7, 0x9e, 0xf7, 0x9e, 0xf7, 0x9e, 0xf7, 0x9e, 0xf7,
    0x9e, 0xf7, 0x9e, 0xf7, 0x9e, 0xf7, 0x9e, 0xf7, 0x9e, 0xf7, 0x9e, 0xf7,
    0x3a, 0xef, 0x2d, 0xd6, 0x63, 0xcd, 0x63, 0xcd, 0x63, 0xcd, 0x63, 0xe3,
    0x06, 0xfa, 0x9a, 0xd6, 0x1c, 0xe7, 0xb6, 0xb5, 0x30, 0x84, 0xa5, 0xe1,
    0x23, 0xe3, 0x63, 0xcd, 0x63, 0xcd, 0x63, 0xcd, 0xea, 0xd5, 0xf7, 0xe6,
    0x9e, 0xf7, 0x9e, 0xf7, 0x9e, 0xf7, 0x9e, 0xf7, 0x9e, 0xf7, 0x9e, 0xf7,
    0x9e, 0xf7, 0x9e, 0xf7, 0x9e, 0xf7, 0x9e, 0xf7, 0x9e, 0xf7, 0x9e, 0xf7,
    0x9e, 0xf7, 0x9e, 0xf7, 0x9e, 0xf7, 0x9e, 0xf7, 0x9e, 0xf7, 0x9e, 0xf7,
    0x9e, 0xf7, 0x9e, 0xf7, 0x9e, 0xf7, 0x9e, 0xf7, 0x9e, 0xf7, 0x9e, 0xf7,
    0x9e, 0xf7, 0x9e, 0xf7, 0x9e, 0xf7, 0x9e, 0xf7, 0x9e, 0xf7, 0x9e, 0xf7,
    0x9e, 0xf7, 0x9e, 0xf7, 0x9e, 0xf7, 0x9e, 0xf7, 0x9e, 0xf7, 0x9e, 0xf7,
    0x9e, 0xf7, 0x9e, 0xf7, 0x9e, 0xf7, 0x9e, 0xf7, 0x9e, 0xf7, 0x9e, 0xf7,
    0x9e, 0xf7, 0x9e, 0xf7, 0x9e, 0xf7, 0x9e, 0xf7, 0x9e, 0xf7, 0x9e, 0xf7,
    0x9e, 0xf7, 0x9e, 0xf7, 0x9e, 0xf7, 0x9e, 0xf7, 0x9e, 0xf7, 0x9e, 0xf7,
    0x9e, 0xf7, 0x9e, 0xf7, 0x9e, 0xf7, 0x9e, 0xf7, 0x9e, 0xf7, 0x9e, 0xf7,
    0x9e, 0xf7, 0x9e, 0xf7, 0x9e, 0xf7, 0x9e, 0xf7, 0x9e, 0xf7, 0x9e, 0xf7,
    0x9e, 0xf7, 0x9e, 0xf7, 0x9e, 0xf7, 0x9e, 0xf7, 0x9e, 0xf7, 0x9e, 0xf7,
    0x9e, 0xf7, 0x9e, 0xf7, 0x9e, 0xf7, 0x9e, 0xf7, 0x9e, 0xf7, 0x9e, 0xf7,
    0x9e, 0xf7, 0x9e, 0xf7, 0x9e, 0xf7, 0x9e, 0xf7, 0x9e, 0xf7, 0x9e, 0xf7,
    0x9e, 0xf7, 0x9e, 0xf7, 0x9e, 0xf7, 0x9e, 0xf7, 0x9e, 0xf7, 0x9e, 0xf7,
    0x9e, 0xf7, 0x9e, 0xf7, 0x9e, 0xf7, 0x9e, 0xf7, 0x9e, 0xf7, 0x9e, 0xf7,
    0x9e, 0xf7, 0x9e, 0xf7, 0x9e, 0xf7, 0x9e, 0xf7, 0x9e, 0xf7, 0x9e, 0xf7,
    0x9e, 0xf7, 0x9e, 0xf7, 0x9e, 0xf7, 0x9e, 0xf7, 0x9e, 0xf7, 0x9e, 0xf7,
    0x9e, 0xf7, 0x9e, 0xf7, 0x9e, 0xf7, 0x9e, 0xf7, 0x9e, 0xf7, 0x9e, 0xf7,
    0x9e, 0xf7, 0x9e, 0xf7, 0x9e, 0xf7, 0x9e, 0xf7, 0x9e, 0xf7, 0x9e, 0xf7,
    0x9e, 0xf7, 0x9e, 0xf7, 0x9e, 0xf7, 0x9e, 0xf7, 0x9e, 0xf7, 0x9e, 0xf7,
    0x9e, 0xf7, 0x9e, 0xf7, 0x9e, 0xf7, 0x9e, 0xf7, 0x3a, 0xef, 0x2d, 0xd6,
    0x63, 0xcd, 0x63, 0xcd, 0x63, 0xcd, 0x63, 0xcd, 0x63, 0xd4, 0xa3, 0xf9,
    0xc4, 0xf9, 0x25, 0xfa, 0xed, 0xf3, 0x2a, 0xeb, 0x25, 0xf2, 0xa3, 0xf9,
    0x63, 0xf9, 0xa3, 0xdb, 0x63, 0xcd, 0x63, 0xcd, 0x63, 0xcd, 0x63, 0xcd,
    0xea, 0xd5, 0xf7, 0xe6, 0x9e, 0xf7, 0x9e, 0xf7, 0x9e, 0xf7, 0x9e, 0xf7,
    0x9e, 0xf7, 0x9e, 0xf7, 0x9e, 0xf7, 0x9e, 0xf7, 0x9e, 0xf7, 0x9e, 0xf7,
    0x9e, 0xf7, 0x9e, 0xf7, 0x9e, 0xf7, 0x9e, 0xf7, 0x9e, 0xf7, 0x9e, 0xf7,
    0x9e, 0xf7, 0x9e, 0xf7, 0x9e, 0xf7, 0x9e, 0xf7, 0x9e, 0xf7, 0x9e, 0xf7,
    0x9e, 0xf7, 0x9e, 0xf7, 0x9e, 0xf7, 0x9e, 0xf7, 0x9e, 0xf7, 0x9e, 0xf7,
    0x9e, 0xf7, 0x9e, 0xf7, 0x9e, 0xf7, 0x9e, 0xf7, 0x9e, 0xf7, 0x9e, 0xf7,
    0x9e, 0xf7, 0x9e, 0xf7, 0x9e, 0xf7, 0x9e, 0xf7, 0x9e, 0xf7, 0x9e, 0xf7,
    0x9e, 0xf7, 0x9e, 0xf7, 0x9e, 0xf7, 0x9e, 0xf7, 0x9e, 0xf7, 0x9e, 0xf7,
    0x9e, 0xf7, 0x9e, 0xf7, 0x9e, 0xf7, 0x9e, 0xf7, 0x9e, 0xf7, 0x9e, 0xf7,
    0x9e, 0xf7, 0x9e, 0xf7, 0x9e, 0xf7, 0x9e, 0xf7, 0x9e, 0xf7, 0x9e, 0xf7,
    0x9e, 0xf7, 0x9e, 0xf7, 0x9e, 0xf7, 0x9e, 0xf7, 0x9e, 0xf7, 0x9e, 0xf7,
    0x9e, 0xf7, 0x9e, 0xf7, 0x9e, 0xf7, 0x9e, 0xf7, 0x9e, 0xf7, 0x9e, 0xf7,
    0x9e, 0xf7, 0x9e, 0xf7, 0x9e, 0xf7, 0x9e, 0xf7, 0x9e, 0xf7, 0x9e, 0xf7,
    0x9e, 0xf7, 0x9e, 0xf7, 0x9e, 0xf7, 0x9e, 0xf7, 0x9e, 0xf7, 0x9e, 0xf7,
    0x9e, 0xf7, 0x9e, 0xf7, 0x9e, 0xf7, 0x9e, 0xf7, 0x9e, 0xf7, 0x9e, 0xf7,
    0x9e, 0xf7, 0x9e, 0xf7, 0x9e, 0xf7, 0x9e, 0xf7, 0x9e, 0xf7, 0x9e, 0xf7,
    0x9e, 0xf7, 0x9e, 0xf7, 0x9e, 0xf7, 0x9e, 0xf7, 0x9e, 0xf7, 0x9e, 0xf7,
    0x9e, 0xf7, 0x9e, 0xf7, 0x9e, 0xf7, 0x9e, 0xf7, 0x9e, 0xf7, 0x9e, 0xf7,
    0x9e, 0xf7, 0x9e, 0xf7, 0x9e, 0xf7, 0x9e, 0xf7, 0x9e, 0xf7, 0x9e, 0xf7,
    0x9e, 0xf7, 0x9e, 0xf7, 0x9e, 0xf7, 0x9e, 0xf7, 0x9e, 0xf7, 0x9e, 0xf7,
    0x9e, 0xf7, 0x9e, 0xf7, 0x9e, 0xf7, 0x9e, 0xf7, 0x9e, 0xf7, 0x9e, 0xf7,
    0x9e, 0xf7, 0x9e, 0xf7, 0x3a, 0xef, 0x2d, 0xd6, 0x63, 0xcd, 0x63, 0xcd,
    0x63, 0xcd, 0x63, 0xcd, 0x63, 0xcd, 0x63, 0xcd, 0xc4, 0xf2, 0x04, 0xfa,
    0x24, 0xfa, 0x44, 0xfa, 0x44, 0xfa, 0x44, 0xfa, 0x24, 0xfa, 0xe4, 0xf9,
    0x83, 0xf9, 0xe3, 0xf1, 0x63, 0xcd, 0x63, 0xcd, 0x63, 0xcd, 0x63, 0xcd,
    0x63, 0xcd, 0x63, 0xcd, 0x2d, 0xde, 0x3a, 0xef, 0x9e, 0xf7, 0x9e, 0xf7,
    0x9e, 0xf7, 0x9e, 0xf7, 0x9e, 0xf7, 0x9e, 0xf7, 0x9e, 0xf7, 0x9e, 0xf7,
    0x9e, 0xf7, 0x9e, 0xf7, 0x9e, 0xf7, 0x9e, 0xf7, 0x9e, 0xf7, 0x9e, 0xf7,
    0x9e, 0xf7, 0x9e, 0xf7, 0x9e, 0xf7, 0x9e, 0xf7, 0x9e, 0xf7, 0x9e, 0xf7,
    0x9e, 0xf7, 0x9e, 0xf7, 0x9e, 0xf7, 0x9e, 0xf7, 0x9e, 0xf7, 0x9e, 0xf7,
    0x9e, 0xf7, 0x9e, 0xf7, 0x9e, 0xf7, 0x9e, 0xf7, 0x9e, 0xf7, 0x9e, 0xf7,
    0x9e, 0xf7, 0x9e, 0xf7, 0x9e, 0xf7, 0x9e, 0xf7, 0x9e, 0xf7, 0x9e, 0xf7,
    0x9e, 0xf7, 0x9e, 0xf7, 0x9e, 0xf7, 0x9e, 0xf7, 0x9e, 0xf7, 0x9e, 0xf7,
    0x9e, 0xf7, 0x9e, 0xf7, 0x9e, 0xf7, 0x9e, 0xf7, 0x9e, 0xf7, 0x9e, 0xf7,
    0x9e, 0xf7, 0x9e, 0xf7, 0x9e, 0xf7, 0x9e, 0xf7, 0x9e, 0xf7, 0x9e, 0xf7,
    0x9e, 0xf7, 0x9e, 0xf7, 0x9e, 0xf7, 0x9e, 0xf7, 0x9e, 0xf7, 0x9e, 0xf7,
    0x9e, 0xf7, 0x9e, 0xf7, 0x9e, 0xf7, 0x9e, 0xf7, 0x9e, 0xf7, 0x9e, 0xf7,
    0x9e, 0xf7, 0x9e, 0xf7, 0x9e, 0xf7, 0x9e, 0xf7, 0x9e, 0xf7, 0x9e, 0xf7,
    0x9e, 0xf7, 0x9e, 0xf7, 0x9e, 0xf7, 0x9e, 0xf7, 0x9e, 0xf7, 0x9e, 0xf7,
    0x9e, 0xf7, 0x9e, 0xf7, 0x9e, 0xf7, 0x9e, 0xf7, 0x9e, 0xf7, 0x9e, 0xf7,
    0x9e, 0xf7, 0x9e, 0xf7, 0x9e, 0xf7, 0x9e, 0xf7, 0x9e, 0xf7, 0x9e, 0xf7,
    0x9e, 0xf7, 0x9e, 0xf7, 0x9e, 0xf7, 0x9e, 0xf7, 0x9e, 0xf7, 0x9e, 0xf7,
    0x9e, 0xf7, 0x9e, 0xf7, 0x9e, 0xf7, 0x9e, 0xf7, 0x9e, 0xf7, 0x9e, 0xf7,
    0x9e, 0xf7, 0x9e, 0xf7, 0x9e, 0xf7, 0x9e, 0xf7, 0x9e, 0xf7, 0x9e, 0xf7,
    0x9e, 0xf7, 0x9e, 0xf7, 0x9e, 0xf7, 0x9e, 0xf7, 0x9e, 0xf7, 0x9e, 0xf7,
    0x9e, 0xf7, 0x9e, 0xf7, 0x9e, 0xf7, 0x9e, 0xf7, 0x9e, 0xf7, 0x9e, 0xf7,
    0x3a, 0xef, 0x2d, 0xd6, 0x63, 0xcd, 0x63, 0xcd, 0x63, 0xcd, 0x63, 0xcd,
    0x63, 0xcd, 0x63, 0xcd, 0x63, 0xcd, 0x23, 0xcd, 0x24, 0xfa, 0x44, 0xfa,
    0x64, 0xfa, 0x85, 0xfa, 0x8a, 0xfb, 0x69, 0xfb, 0x44, 0xfa, 0x24, 0xfa,
    0xc4, 0xf9, 0x43, 0xf9, 0x03, 0xcd, 0x63, 0xcd, 0x63, 0xcd, 0x63, 0xcd,
    0x63, 0xcd, 0x63, 0xcd, 0x63, 0xcd, 0x63, 0xcd, 0x2d, 0xde, 0x3a, 0xef,
    0x9e, 0xf7, 0x9e, 0xf7, 0x9e, 0xf7, 0x9e, 0xf7, 0x9e, 0xf7, 0x9e, 0xf7,
    0x9e, 0xf7, 0x9e, 0xf7, 0x9e, 0xf7, 0x9e, 0xf7, 0x9e, 0xf7, 0x9e, 0xf7,
    0x9e, 0xf7, 0x9e, 0xf7, 0x9e, 0xf7, 0x9e, 0xf7, 0x9e, 0xf7, 0x9e, 0xf7,
    0x9e, 0xf7, 0x9e, 0xf7, 0x9e, 0xf7, 0x9e, 0xf7, 0x9e, 0xf7, 0x9e, 0xf7,
    0x9e, 0xf7, 0x9e, 0xf7, 0x9e, 0xf7, 0x9e, 0xf7, 0x9e, 0xf7, 0x9e, 0xf7,
    0x9e, 0xf7, 0x9e, 0xf7, 0x9e, 0xf7, 0x9e, 0xf7, 0x9e, 0xf7, 0x9e, 0xf7,
    0x9e, 0xf7, 0x9e, 0xf7, 0x9e, 0xf7, 0x9e, 0xf7, 0x9e, 0xf7, 0x9e, 0xf7,
    0x9e, 0xf7, 0x9e, 0xf7, 0x9e, 0xf7, 0x9e, 0xf7, 0x9e, 0xf7, 0x9e, 0xf7,
    0x9e, 0xf7, 0x9e, 0xf7, 0x9e, 0xf7, 0x9e, 0xf7, 0x9e, 0xf7, 0x9e, 0xf7,
    0x9e, 0xf7, 0x9e, 0xf7, 0x9e, 0xf7, 0x9e, 0xf7, 0x9e, 0xf7, 0x9e, 0xf7,
    0x9e, 0xf7, 0x9e, 0xf7, 0x9e, 0xf7, 0x9e, 0xf7, 0x9e, 0xf7, 0x9e, 0xf7,
    0x9e, 0xf7, 0x9e, 0xf7, 0x9e, 0xf7, 0x9e, 0xf7, 0x9e, 0xf7, 0x9e, 0xf7,
    0x9e, 0xf7, 0x9e, 0xf7, 0x9e, 0xf7, 0x9e, 0xf7, 0x9e, 0xf7, 0x9e, 0xf7,
    0x9e, 0xf7, 0x9e, 0xf7, 0x9e, 0xf7, 0x9e, 0xf7, 0x9e, 0xf7, 0x9e, 0xf7,
    0x9e, 0xf7, 0x9e, 0xf7, 0x9e, 0xf7, 0x9e, 0xf7, 0x9e, 0xf7, 0x9e, 0xf7,
    0x9e, 0xf7, 0x9e, 0xf7, 0x9e, 0xf7, 0x9e, 0xf7, 0x9e, 0xf7, 0x9e, 0xf7,
    0x9e, 0xf7, 0x9e, 0xf7, 0x9e, 0xf7, 0x9e, 0xf7, 0x9e, 0xf7, 0x9e, 0xf7,
    0x9e, 0xf7, 0x9e, 0xf7, 0x9e, 0xf7, 0x9e, 0xf7, 0x9e, 0xf7, 0x9e, 0xf7,
    0x9e, 0xf7, 0x9e, 0xf7, 0x9e, 0xf7, 0x9e, 0xf7, 0x9e, 0xf7, 0x9e, 0xf7,
    0x9e, 0xf7, 0x9e, 0xf7, 0x9e, 0xf7, 0x9e, 0xf7, 0x3a, 0xef, 0x2d, 0xd6,
    0x63, 0xcd, 0x63, 0xcd, 0x63, 0xcd, 0x63, 0xcd, 0x63, 0xcd, 0x63, 0xcd,
    0x63, 0xcd, 0x63, 0xcd, 0x63, 0xcd, 0xe3, 0xd4, 0x08, 0xfb, 0x85, 0xfa,
    0x85, 0xfa, 0xa5, 0xfa, 0x48, 0xfb, 0x28, 0xfb, 0x65, 0xfa, 0x44, 0xfa,
    0xe4, 0xf9, 0x63, 0xf9, 0xc3, 0xcc, 0x63, 0xcd, 0x63, 0xcd, 0x63, 0xcd,
    0x63, 0xcd, 0x63, 0xcd, 0x63, 0xcd, 0x63, 0xcd, 0x63, 0xcd, 0x63, 0xcd,
    0x2d, 0xde, 0x3a, 0xef, 0x9e, 0xf7, 0x9e, 0xf7, 0x9e, 0xf7, 0x9e, 0xf7,
    0x9e, 0xf7, 0x9e, 0xf7, 0x9e, 0xf7, 0x9e, 0xf7, 0x9e, 0xf7, 0x9e, 0xf7,
    0x9e, 0xf7, 0x9e, 0xf7, 0x9e, 0xf7, 0x9e, 0xf7, 0x9e, 0xf7, 0x9e, 0xf7,
    0x9e, 0xf7, 0x9e, 0xf7, 0x9e, 0xf7, 0x9e, 0xf7, 0x9e, 0xf7, 0x9e, 0xf7,
    0x9e, 0xf7, 0x9e, 0xf7, 0x9e, 0xf7, 0x9e, 0xf7, 0x9e, 0xf7, 0x9e, 0xf7,
    0x9e, 0xf7, 0x9e, 0xf7, 0x9e, 0xf7, 0x9e, 0xf7, 0x9e, 0xf7, 0x9e, 0xf7,
    0x9e, 0xf7, 0x9e, 0xf7, 0x9e, 0xf7, 0x9e, 0xf7, 0x9e, 0xf7, 0x9e, 0xf7,
    0x9e, 0xf7, 0x9e, 0xf7, 0x9e, 0xf7, 0x9e, 0xf7, 0x9e, 0xf7, 0x9e, 0xf7,
    0x9e, 0xf7, 0x9e, 0xf7, 0x9e, 0xf7, 0x9e, 0xf7, 0x9e, 0xf7, 0x9e, 0xf7,
    0x9e, 0xf7, 0x9e, 0xf7, 0x9e, 0xf7, 0x9e, 0xf7, 0x9e, 0xf7, 0x9e, 0xf7,
    0x9e, 0xf7, 0x9e, 0xf7, 0x9e, 0xf7, 0x9e, 0xf7, 0x9e, 0xf7, 0x9e, 0xf7,
    0x9e, 0xf7, 0x9e, 0xf7, 0x9e, 0xf7, 0x9e, 0xf7, 0x9e, 0xf7, 0x9e, 0xf7,
    0x9e, 0xf7, 0x9e, 0xf7, 0x9e, 0xf7, 0x9e, 0xf7, 0x9e, 0xf7, 0x9e, 0xf7,
    0x9e, 0xf7, 0x9e, 0xf7, 0x9e, 0xf7, 0x9e, 0xf7, 0x9e, 0xf7, 0x9e, 0xf7,
    0x9e, 0xf7, 0x9e, 0xf7, 0x9e, 0xf7, 0x9e, 0xf7, 0x9e, 0xf7, 0x9e, 0xf7,
    0x9e, 0xf7, 0x9e, 0xf7, 0x9e, 0xf7, 0x9e, 0xf7, 0x9e, 0xf7, 0x9e, 0xf7,
    0x9e, 0xf7, 0x9e, 0xf7, 0x9e, 0xf7, 0x9e, 0xf7, 0x9e, 0xf7, 0x9e, 0xf7,
    0x9e, 0xf7, 0x9e, 0xf7, 0x9e, 0xf7, 0x9e, 0xf7, 0x9e, 0xf7, 0x9e, 0xf7,
    0x9e, 0xf7, 0x9e, 0xf7, 0x9e, 0xf7, 0x9e, 0xf7, 0x9e, 0xf7, 0x9e, 0xf7,
    0x9e, 0xf7, 0x9e, 0xf7, 0x3a, 0xef, 0x2d, 0xd6, 0x63, 0xcd, 0x63, 0xcd,
    0x63, 0xcd, 0x63, 0xcd, 0x63, 0xcd, 0x63, 0xcd, 0x63, 0xcd, 0x63, 0xcd,
    0x63, 0xcd, 0x63, 0xcd, 0x63, 0xcd, 0x63, 0xcd, 0x31, 0xfd, 0xc6, 0xfa,
    0x85, 0xfa, 0xc6, 0xfa, 0xcb, 0xfb, 0xa5, 0xfa, 0x85, 0xfa, 0x44, 0xfa,
    0x04, 0xfa, 0xa3, 0xf9, 0x63, 0xcd, 0x63, 0xcd, 0x63, 0xcd, 0x63, 0xcd,
    0x63, 0xcd, 0x63, 0xcd, 0x63, 0xcd, 0x63, 0xcd, 0x63, 0xcd, 0x63, 0xcd,
    0x63, 0xcd, 0x63, 0xcd, 0x2d, 0xde, 0x3a, 0xef, 0x9e, 0xf7, 0x9e, 0xf7,
    0x9e, 0xf7, 0x9e, 0xf7, 0x9e, 0xf7, 0x9e, 0xf7, 0x9e, 0xf7, 0x9e, 0xf7,
    0x9e, 0xf7, 0x9e, 0xf7, 0x9e, 0xf7, 0x9e, 0xf7, 0x9e, 0xf7, 0x9e, 0xf7,
    0x9e, 0xf7, 0x9e, 0xf7, 0x9e, 0xf7, 0x9e, 0xf7, 0x9e, 0xf7, 0x9e, 0xf7,
    0x9e, 0xf7, 0x9e, 0xf7, 0x9e, 0xf7, 0x9e, 0xf7, 0x9e, 0xf7, 0x9e, 0xf7,
    0x9e, 0xf7, 0x9e, 0xf7, 0x9e, 0xf7, 0x9e, 0xf7, 0x9e, 0xf7, 0x9e, 0xf7,
    0x9e, 0xf7, 0x9e, 0xf7, 0x9e, 0xf7, 0x9e, 0xf7, 0x9e, 0xf7, 0x9e, 0xf7,
    0x9e, 0xf7, 0x9e, 0xf7, 0x9e, 0xf7, 0x9e, 0xf7, 0x9e, 0xf7, 0x9e, 0xf7,
    0x9e, 0xf7, 0x9e, 0xf7, 0x9e, 0xf7, 0x9e, 0xf7, 0x9e, 0xf7, 0x9e, 0xf7,
    0x9e, 0xf7, 0x9e, 0xf7, 0x9e, 0xf7, 0x9e, 0xf7, 0x9e, 0xf7, 0x9e, 0xf7,
    0x9e, 0xf7, 0x9e, 0xf7, 0x9e, 0xf7, 0x9e, 0xf7, 0x9e, 0xf7, 0x9e, 0xf7,
    0x9e, 0xf7, 0x9e, 0xf7, 0x9e, 0xf7, 0x9e, 0xf7, 0x9e, 0xf7, 0x9e, 0xf7,
    0x9e, 0xf7, 0x9e, 0xf7, 0x9e, 0xf7, 0x9e, 0xf7, 0x9e, 0xf7, 0x9e, 0xf7,
    0x9e, 0xf7, 0x9e, 0xf7, 0x9e, 0xf7, 0x9e, 0xf7, 0x9e, 0xf7, 0x9e, 0xf7,
    0x9e, 0xf7, 0x9e, 0xf7, 0x9e, 0xf7, 0x9e, 0xf7, 0x9e, 0xf7, 0x9e, 0xf7,
    0x9e, 0xf7, 0x9e, 0xf7, 0x9e, 0xf7, 0x9e, 0xf7, 0x9e, 0xf7, 0x9e, 0xf7,
    0x9e, 0xf7, 0x9e, 0xf7, 0x9e, 0xf7, 0x9e, 0xf7, 0x9e, 0xf7, 0x9e, 0xf7,
    0x9e, 0xf7, 0x9e, 0xf7, 0x9e, 0xf7, 0x9e, 0xf7, 0x9e, 0xf7, 0x9e, 0xf7,
    0x9e, 0xf7, 0x9e, 0xf7, 0x9e, 0xf7, 0x9e, 0xf7, 0x9e, 0xf7, 0x9e, 0xf7,
    0x3a, 0xef, 0x2d, 0xd6, 0x63, 0xcd, 0x63, 0xcd, 0x63, 0xcd, 0x63, 0xcd,
    0x63, 0xcd, 0x63, 0xcd, 0x63, 0xcd, 0x63, 0xcd, 0x63, 0xcd, 0x63, 0xcd,
    0x63, 0xcd, 0x63, 0xcd, 0x63, 0xcd, 0x63, 0xcd, 0xe6, 0xeb, 0xa5, 0xfa,
    0xa5, 0xfa, 0xc6, 0xfa, 0x4d, 0xfc, 0xa5, 0xfa, 0x85, 0xfa, 0x44, 0xfa,
    0xe4, 0xf9, 0x63, 0xe3, 0x63, 0xcd, 0x63, 0xcd, 0x63, 0xcd, 0x63, 0xcd,
    0x63, 0xcd, 0x63, 0xcd, 0x63, 0xcd, 0x63, 0xcd, 0x63, 0xcd, 0x63, 0xcd,
    0x63, 0xcd, 0x63, 0xcd, 0x63, 0xcd, 0x63, 0xcd, 0x70, 0xde, 0x7c, 0xef,
    0x9e, 0xf7, 0x9e, 0xf7, 0x9e, 0xf7, 0x9e, 0xf7, 0x9e, 0xf7, 0x9e, 0xf7,
    0x9e, 0xf7, 0x9e, 0xf7, 0x9e, 0xf7, 0x9e, 0xf7, 0x9e, 0xf7, 0x9e, 0xf7,
    0x9e, 0xf7, 0x9e, 0xf7, 0x9e, 0xf7, 0x9e, 0xf7, 0x9e, 0xf7, 0x9e, 0xf7,
    0x9e, 0xf7, 0x9e, 0xf7, 0x9e, 0xf7, 0x9e, 0xf7, 0x9e, 0xf7, 0x9e, 0xf7,
    0x9e, 0xf7, 0x9e, 0xf7, 0x9e, 0xf7, 0x9e, 0xf7, 0x9e, 0xf7, 0x9e, 0xf7,
    0x9e, 0xf7, 0x9e, 0xf7, 0x9e, 0xf7, 0x9e, 0xf7, 0x9e, 0xf7, 0x9e, 0xf7,
    0x9e, 0xf7, 0x9e, 0xf7, 0x9e, 0xf7, 0x9e, 0xf7, 0x9e, 0xf7, 0x9e, 0xf7,
    0x9e, 0xf7, 0x9e, 0xf7, 0x9e, 0xf7, 0x9e, 0xf7, 0x9e, 0xf7, 0x9e, 0xf7,
    0x9e, 0xf7, 0x9e, 0xf7, 0x9e, 0xf7, 0x9e, 0xf7, 0x9e, 0xf7, 0x9e, 0xf7,
    0x9e, 0xf7, 0x9e, 0xf7, 0x9e, 0xf7, 0x9e, 0xf7, 0x9e, 0xf7, 0x9e, 0xf7,
    0x9e, 0xf7, 0x9e, 0xf7, 0x9e, 0xf7, 0x9e, 0xf7, 0x9e, 0xf7, 0x9e, 0xf7,
    0x9e, 0xf7, 0x9e, 0xf7, 0x9e, 0xf7, 0x9e, 0xf7, 0x9e, 0xf7, 0x9e, 0xf7,
    0x9e, 0xf7, 0x9e, 0xf7, 0x9e, 0xf7, 0x9e, 0xf7, 0x9e, 0xf7, 0x9e, 0xf7,
    0x9e, 0xf7, 0x9e, 0xf7, 0x9e, 0xf7, 0x9e, 0xf7, 0x9e, 0xf7, 0x9e, 0xf7,
    0x9e, 0xf7, 0x9e, 0xf7, 0x9e, 0xf7, 0x9e, 0xf7, 0x9e, 0xf7, 0x9e, 0xf7,
    0x9e, 0xf7, 0x9e, 0xf7, 0x9e, 0xf7, 0x9e, 0xf7, 0x9e, 0xf7, 0x9e, 0xf7,
    0x9e, 0xf7, 0x9e, 0xf7, 0x9e, 0xf7, 0x9e, 0xf7, 0x9e, 0xf7, 0x9e, 0xf7,
    0x9e, 0xf7, 0x9e, 0xf7, 0x9e, 0xf7, 0x9e, 0xf7, 0x3a, 0xef, 0x2d, 0xd6,
    0x63, 0xcd, 0x63, 0xcd, 0x63, 0xcd, 0x63, 0xcd, 0x63, 0xcd, 0x63, 0xcd,
    0x63, 0xcd, 0x63, 0xcd, 0x63, 0xcd, 0x63, 0xcd, 0x63, 0xcd, 0x63, 0xcd,
    0x63, 0xcd, 0x63, 0xcd, 0x63, 0xcd, 0x63, 0xcd, 0x04, 0xd5, 0xc5, 0xfa,
    0x85, 0xfa, 0x85, 0xfa, 0x85, 0xfa, 0x85, 0xfa, 0x64, 0xfa, 0x24, 0xfa,
    0x23, 0xfa, 0x23, 0xcd, 0x63, 0xcd, 0x63, 0xcd, 0x63, 0xcd, 0x63, 0xcd,
    0x63, 0xcd, 0x63, 0xcd, 0x63, 0xcd, 0x63, 0xcd, 0x63, 0xcd, 0x63, 0xcd,
    0x63, 0xcd, 0x63, 0xcd, 0x63, 0xcd, 0x63, 0xcd, 0x63, 0xcd, 0x85, 0xcd,
    0x70, 0xde, 0x7c, 0xef, 0x9e, 0xf7, 0x9e, 0xf7, 0x9e, 0xf7, 0x9e, 0xf7,
    0x9e, 0xf7, 0x9e, 0xf7, 0x9e, 0xf7, 0x9e, 0xf7, 0x9e, 0xf7, 0x9e, 0xf7,
    0x9e, 0xf7, 0x9e, 0xf7, 0x9e, 0xf7, 0x9e, 0xf7, 0x9e, 0xf7, 0x9e, 0xf7,
    0x9e, 0xf7, 0x9e, 0xf7, 0x9e, 0xf7, 0x9e, 0xf7, 0x9e, 0xf7, 0x9e, 0xf7,
    0x9e, 0xf7, 0x9e, 0xf7, 0x9e, 0xf7, 0x9e, 0xf7, 0x9e, 0xf7, 0x9e, 0xf7,
    0x9e, 0xf7, 0x9e, 0xf7, 0x9e, 0xf7, 0x9e, 0xf7, 0x9e, 0xf7, 0x9e, 0xf7,
    0x9e, 0xf7, 0x9e, 0xf7, 0x9e, 0xf7, 0x9e, 0xf7, 0x9e, 0xf7, 0x9e, 0xf7,
    0x9e, 0xf7, 0x9e, 0xf7, 0x9e, 0xf7, 0x9e, 0xf7, 0x9e, 0xf7, 0x9e, 0xf7,
    0x9e, 0xf7, 0x9e, 0xf7, 0x9e, 0xf7, 0x9e, 0xf7, 0x9e, 0xf7, 0x9e, 0xf7,
    0x9e, 0xf7, 0x9e, 0xf7, 0x9e, 0xf7, 0x9e, 0xf7, 0x9e, 0xf7, 0x9e, 0xf7,
    0x9e, 0xf7, 0x9e, 0xf7, 0x9e, 0xf7, 0x9e, 0xf7, 0x9e, 0xf7, 0x9e, 0xf7,
    0x9e, 0xf7, 0x9e, 0xf7, 0x9e, 0xf7, 0x9e, 0xf7, 0x9e, 0xf7, 0x9e, 0xf7,
    0x9e, 0xf7, 0x9e, 0xf7, 0x9e, 0xf7, 0x9e, 0xf7, 0x9e, 0xf7, 0x9e, 0xf7,
    0x9e, 0xf7, 0x9e, 0xf7, 0x9e, 0xf7, 0x9e, 0xf7, 0x9e, 0xf7, 0x9e, 0xf7,
    0x9e, 0xf7, 0x9e, 0xf7, 0x9e, 0xf7, 0x9e, 0xf7, 0x9e, 0xf7, 0x9e, 0xf7,
    0x9e, 0xf7, 0x9e, 0xf7, 0x9e, 0xf7, 0x9e, 0xf7, 0x9e, 0xf7, 0x9e, 0xf7,
    0x9e, 0xf7, 0x9e, 0xf7, 0x9e, 0xf7, 0x9e, 0xf7, 0x9e, 0xf7, 0x9e, 0xf7,
    0x9e, 0xf7, 0x9e, 0xf7, 0x3a, 0xef, 0x2d, 0xde, 0x63, 0xcd, 0x63, 0xcd,
    0x63, 0xcd, 0x63, 0xcd, 0x63, 0xcd, 0x63, 0xcd, 0x63, 0xcd, 0x63, 0xcd,
    0x63, 0xcd, 0x63, 0xcd, 0x63, 0xcd, 0x63, 0xcd, 0x63, 0xcd, 0x63, 0xcd,
    0x63, 0xcd, 0x63, 0xcd, 0x63, 0xcd, 0x63, 0xcd, 0x63, 0xcd, 0x04, 0xd5,
    0x24, 0xf3, 0x64, 0xfa, 0x64, 0xfa, 0x44, 0xfa, 0x24, 0xfa, 0x24, 0xeb,
    0xe3, 0xd4, 0x63, 0xcd, 0x63, 0xcd, 0x63, 0xcd, 0x63, 0xcd, 0x63, 0xcd,
    0x63, 0xcd, 0x63, 0xcd, 0x63, 0xcd, 0x63, 0xcd, 0x63, 0xcd, 0x63, 0xcd,
    0x63, 0xcd, 0x63, 0xcd, 0x63, 0xcd, 0x63, 0xcd, 0x63, 0xcd, 0x63, 0xcd,
    0x63, 0xcd, 0x85, 0xcd, 0x70, 0xde, 0x7c, 0xef, 0x9e, 0xf7, 0x9e, 0xf7,
    0x9e, 0xf7, 0x9e, 0xf7, 0x9e, 0xf7, 0x9e, 0xf7, 0x9e, 0xf7, 0x9e, 0xf7,
    0x9e, 0xf7, 0x9e, 0xf7, 0x9e, 0xf7, 0x9e, 0xf7, 0x9e, 0xf7, 0x9e, 0xf7,
    0x9e, 0xf7, 0x9e, 0xf7, 0x9e, 0xf7, 0x9e, 0xf7, 0x9e, 0xf7, 0x9e, 0xf7,
    0x9e, 0xf7, 0x9e, 0xf7, 0x9e, 0xf7, 0x9e, 0xf7, 0x9e, 0xf7, 0x9e, 0xf7,
    0x9e, 0xf7, 0x9e, 0xf7, 0x9e, 0xf7, 0x9e, 0xf7, 0x9e, 0xf7, 0x9e, 0xf7,
    0x9e, 0xf7, 0x9e, 0xf7, 0x9e, 0xf7, 0x9e, 0xf7, 0x9e, 0xf7, 0x9e, 0xf7,
    0x9e, 0xf7, 0x9e, 0xf7, 0x9e, 0xf7, 0x9e, 0xf7, 0x9e, 0xf7, 0x9e, 0xf7,
    0x9e, 0xf7, 0x9e, 0xf7, 0x9e, 0xf7, 0x9e, 0xf7, 0x9e, 0xf7, 0x9e, 0xf7,
    0x9e, 0xf7, 0x9e, 0xf7, 0x9e, 0xf7, 0x9e, 0xf7, 0x9e, 0xf7, 0x9e, 0xf7,
    0x9e, 0xf7, 0x9e, 0xf7, 0x9e, 0xf7, 0x9e, 0xf7, 0x9e, 0xf7, 0x9e, 0xf7,
    0x9e, 0xf7, 0x9e, 0xf7, 0x9e, 0xf7, 0x9e, 0xf7, 0x9e, 0xf7, 0x9e, 0xf7,
    0x9e, 0xf7, 0x9e, 0xf7, 0x9e, 0xf7, 0x9e, 0xf7, 0x9e, 0xf7, 0x9e, 0xf7,
    0x9e, 0xf7, 0x9e, 0xf7, 0x9e, 0xf7, 0x9e, 0xf7, 0x9e, 0xf7, 0x9e, 0xf7,
    0x9e, 0xf7, 0x9e, 0xf7, 0x9e, 0xf7, 0x9e, 0xf7, 0x9e, 0xf7, 0x9e, 0xf7,
    0x9e, 0xf7, 0x9e, 0xf7, 0x9e, 0xf7, 0x9e, 0xf7, 0x9e, 0xf7, 0x9e, 0xf7,
    0x9e, 0xf7, 0x9e, 0xf7, 0x9e, 0xf7, 0x9e, 0xf7, 0x9e, 0xf7, 0x9e, 0xf7,
    0x3a, 0xef, 0x2d, 0xde, 0x63, 0xcd, 0x63, 0xcd, 0x63, 0xcd, 0x63, 0xcd,
    0x63, 0xcd, 0x63, 0xcd, 0x63, 0xcd, 0x63, 0xcd, 0x63, 0xcd, 0x63, 0xcd,
    0x63, 0xcd, 0x63, 0xcd, 0x63, 0xcd, 0x63, 0xcd, 0x63, 0xcd, 0x63, 0xcd,
    0x63, 0xcd, 0x63, 0xcd, 0x63, 0xcd, 0x63, 0xcd, 0x63, 0xcd, 0x63, 0xcd,
    0x63, 0xcd, 0xe3, 0xd4, 0x24, 0xdc, 0x44, 0xdc, 0xe3, 0xd4, 0x63, 0xcd,
    0x63, 0xcd, 0x63, 0xcd, 0x63, 0xcd, 0x63, 0xcd, 0x63, 0xcd, 0x63, 0xcd,
    0x63, 0xcd, 0x63, 0xcd, 0x63, 0xcd, 0x63, 0xcd, 0x63, 0xcd, 0x63, 0xcd,
    0x63, 0xcd, 0x63, 0xcd, 0x63, 0xcd, 0x63, 0xcd, 0x63, 0xcd, 0x63, 0xcd,
    0x63, 0xcd, 0x63, 0xcd, 0x63, 0xcd, 0x85, 0xcd, 0x70, 0xde, 0x7c, 0xef,
    0x9e, 0xf7, 0x9e, 0xf7, 0x9e, 0xf7, 0x9e, 0xf7, 0x9e, 0xf7, 0x9e, 0xf7,
    0x9e, 0xf7, 0x9e, 0xf7, 0x9e, 0xf7, 0x9e, 0xf7, 0x9e, 0xf7, 0x9e, 0xf7,
    0x9e, 0xf7, 0x9e, 0xf7, 0x9e, 0xf7, 0x9e, 0xf7, 0x9e, 0xf7, 0x9e, 0xf7,
    0x9e, 0xf7, 0x9e, 0xf7, 0x9e, 0xf7, 0x9e, 0xf7, 0x9e, 0xf7, 0x9e, 0xf7,
    0x9e, 0xf7, 0x9e, 0xf7, 0x9e, 0xf7, 0x9e, 0xf7, 0x9e, 0xf7, 0x9e, 0xf7,
    0x9e, 0xf7, 0x9e, 0xf7, 0x9e, 0xf7, 0x9e, 0xf7, 0x9e, 0xf7, 0x9e, 0xf7,
    0x9e, 0xf7, 0x9e, 0xf7, 0x9e, 0xf7, 0x9e, 0xf7, 0x9e, 0xf7, 0x9e, 0xf7,
    0x9e, 0xf7, 0x9e, 0xf7, 0x9e, 0xf7, 0x9e, 0xf7, 0x9e, 0xf7, 0x9e, 0xf7,
    0x9e, 0xf7, 0x9e, 0xf7, 0x9e, 0xf7, 0x9e, 0xf7, 0x9e, 0xf7, 0x9e, 0xf7,
    0x9e, 0xf7, 0x9e, 0xf7, 0x9e, 0xf7, 0x9e, 0xf7, 0x9e, 0xf7, 0x9e, 0xf7,
    0x9e, 0xf7, 0x9e, 0xf7, 0x9e, 0xf7, 0x9e, 0xf7, 0x9e, 0xf7, 0x9e, 0xf7,
    0x9e, 0xf7, 0x9e, 0xf7, 0x9e, 0xf7, 0x9e, 0xf7, 0x9e, 0xf7, 0x9e, 0xf7,
    0x9e, 0xf7, 0x9e, 0xf7, 0x9e, 0xf7, 0x9e, 0xf7, 0x9e, 0xf7, 0x9e, 0xf7,
    0x9e, 0xf7, 0x9e, 0xf7, 0x9e, 0xf7, 0x9e, 0xf7, 0x9e, 0xf7, 0x9e, 0xf7,
    0x9e, 0xf7, 0x9e, 0xf7, 0x9e, 0xf7, 0x9e, 0xf7, 0x9e, 0xf7, 0x9e, 0xf7,
    0x9e, 0xf7, 0x9e, 0xf7, 0x9e, 0xf7, 0x9e, 0xf7, 0x3a, 0xef, 0x70, 0xde,
    0x63, 0xcd, 0x63, 0xcd, 0x63, 0xcd, 0x63, 0xcd, 0x63, 0xcd, 0x63, 0xcd,
    0x63, 0xcd, 0x63, 0xcd, 0x63, 0xcd, 0x63, 0xcd, 0x63, 0xcd, 0x63, 0xcd,
    0x63, 0xcd, 0x63, 0xcd, 0x63, 0xcd, 0x63, 0xcd, 0x63, 0xcd, 0x63, 0xcd,
    0x63, 0xcd, 0x63, 0xcd, 0x63, 0xcd, 0x63, 0xcd, 0x63, 0xcd, 0x63, 0xcd,
    0x63, 0xcd, 0x63, 0xcd, 0x63, 0xcd, 0x63, 0xcd, 0x63, 0xcd, 0x63, 0xcd,
    0x63, 0xcd, 0x63, 0xcd, 0x63, 0xcd, 0x63, 0xcd, 0x63, 0xcd, 0x63, 0xcd,
    0x63, 0xcd, 0x63, 0xcd, 0x63, 0xcd, 0x63, 0xcd, 0x63, 0xcd, 0x63, 0xcd,
    0x63, 0xcd, 0x63, 0xcd, 0x63, 0xcd, 0x63, 0xcd, 0x63, 0xcd, 0x63, 0xcd,
    0x63, 0xcd, 0x63, 0xcd, 0x63, 0xcd, 0x63, 0xcd, 0x63, 0xcd, 0x85, 0xcd,
    0x70, 0xde, 0x7c, 0xef, 0x9e, 0xf7, 0x9e, 0xf7, 0x9e, 0xf7, 0x9e, 0xf7,
    0x9e, 0xf7, 0x9e, 0xf7, 0x9e, 0xf7, 0x9e, 0xf7, 0x9e, 0xf7, 0x9e, 0xf7,
    0x9e, 0xf7, 0x9e, 0xf7, 0x9e, 0xf7, 0x9e, 0xf7, 0x9e, 0xf7, 0x9e, 0xf7,
    0x9e, 0xf7, 0x9e, 0xf7, 0x9e, 0xf7, 0x9e, 0xf7, 0x9e, 0xf7, 0x9e, 0xf7,
    0x9e, 0xf7, 0x9e, 0xf7, 0x9e, 0xf7, 0x9e, 0xf7, 0x9e, 0xf7, 0x9e, 0xf7,
    0x9e, 0xf7, 0x9e, 0xf7, 0x9e, 0xf7, 0x9e, 0xf7, 0x9e, 0xf7, 0x9e, 0xf7,
    0x9e, 0xf7, 0x9e, 0xf7, 0x9e, 0xf7, 0x9e, 0xf7, 0x9e, 0xf7, 0x9e, 0xf7,
    0x9e, 0xf7, 0x9e, 0xf7, 0x9e, 0xf7, 0x9e, 0xf7, 0x9e, 0xf7, 0x9e, 0xf7,
    0x9e, 0xf7, 0x9e, 0xf7, 0x9e, 0xf7, 0x9e, 0xf7, 0x9e, 0xf7, 0x9e, 0xf7,
    0x9e, 0xf7, 0x9e, 0xf7, 0x9e, 0xf7, 0x9e, 0xf7, 0x9e, 0xf7, 0x9e, 0xf7,
    0x9e, 0xf7, 0x9e, 0xf7, 0x9e, 0xf7, 0x9e, 0xf7, 0x9e, 0xf7, 0x9e, 0xf7,
    0x9e, 0xf7, 0x9e, 0xf7, 0x9e, 0xf7, 0x9e, 0xf7, 0x9e, 0xf7, 0x9e, 0xf7,
    0x9e, 0xf7, 0x9e, 0xf7, 0x9e, 0xf7, 0x9e, 0xf7, 0x9e, 0xf7, 0x9e, 0xf7,
    0x9e, 0xf7, 0x9e, 0xf7, 0x9e, 0xf7, 0x9e, 0xf7, 0x9e, 0xf7, 0x9e, 0xf7,
    0x9e, 0xf7, 0x9e, 0xf7, 0x9e, 0xf7, 0x9e, 0xf7, 0x9e, 0xf7, 0x9e, 0xf7,
    0x9e, 0xf7, 0x9e, 0xf7, 0x3a, 0xef, 0x70, 0xde, 0xa7, 0xcd, 0x63, 0xcd,
    0x63, 0xcd, 0x63, 0xcd, 0x63, 0xcd, 0x63, 0xcd, 0x63, 0xcd, 0x63, 0xcd,
    0x63, 0xcd, 0x63, 0xcd, 0x63, 0xcd, 0x63, 0xcd, 0x63, 0xcd, 0x63, 0xcd,
    0x63, 0xcd, 0x63, 0xcd, 0x63, 0xcd, 0x63, 0xcd, 0x63, 0xcd, 0x63, 0xcd,
    0x63, 0xcd, 0x63, 0xcd, 0x63, 0xcd, 0x63, 0xcd, 0x63, 0xcd, 0x63, 0xcd,
    0x63, 0xcd, 0x63, 0xcd, 0x63, 0xcd, 0x63, 0xcd, 0x63, 0xcd, 0x63, 0xcd,
    0x63, 0xcd, 0x63, 0xcd, 0x63, 0xcd, 0x63, 0xcd, 0x63, 0xcd, 0x63, 0xcd,
    0x63, 0xcd, 0x63, 0xcd, 0x63, 0xcd, 0x63, 0xcd, 0x63, 0xcd, 0x63, 0xcd,
    0x63, 0xcd, 0x63, 0xcd, 0x63, 0xcd, 0x63, 0xcd, 0x63, 0xcd, 0x63, 0xcd,
    0x63, 0xcd, 0x63, 0xcd, 0x63, 0xcd, 0x63, 0xcd, 0x63, 0xcd, 0x63, 0xcd,
    0x63, 0xcd, 0x85, 0xcd, 0x70, 0xde, 0x7c, 0xef, 0x9e, 0xf7, 0x9e, 0xf7,
    0x9e, 0xf7, 0x9e, 0xf7, 0x9e, 0xf7, 0x9e, 0xf7, 0x9e, 0xf7, 0x9e, 0xf7,
    0x9e, 0xf7, 0x9e, 0xf7, 0x9e, 0xf7, 0x9e, 0xf7, 0x9e, 0xf7, 0x9e, 0xf7,
    0x9e, 0xf7, 0x9e, 0xf7, 0x9e, 0xf7, 0x9e, 0xf7, 0x9e, 0xf7, 0x9e, 0xf7,
    0x9e, 0xf7, 0x9e, 0xf7, 0x9e, 0xf7, 0x9e, 0xf7, 0x9e, 0xf7, 0x9e, 0xf7,
    0x9e, 0xf7, 0x9e, 0xf7, 0x9e, 0xf7, 0x9e, 0xf7, 0x9e, 0xf7, 0x9e, 0xf7,
    0x9e, 0xf7, 0x9e, 0xf7, 0x9e, 0xf7, 0x9e, 0xf7, 0x9e, 0xf7, 0x9e, 0xf7,
    0x9e, 0xf7, 0x9e, 0xf7, 0x9e, 0xf7, 0x9e, 0xf7, 0x9e, 0xf7, 0x9e, 0xf7,
    0x9e, 0xf7, 0x9e, 0xf7, 0x9e, 0xf7, 0x9e, 0xf7, 0x9e, 0xf7, 0x9e, 0xf7,
    0x9e, 0xf7, 0x9e, 0xf7, 0x9e, 0xf7, 0x9e, 0xf7, 0x9e, 0xf7, 0x9e, 0xf7,
    0x9e, 0xf7, 0x9e, 0xf7, 0x9e, 0xf7, 0x9e, 0xf7, 0x9e, 0xf7, 0x9e, 0xf7,
    0x9e, 0xf7, 0x9e, 0xf7, 0x9e, 0xf7, 0x9e, 0xf7, 0x9e, 0xf7, 0x9e, 0xf7,
    0x9e, 0xf7, 0x9e, 0xf7, 0x9e, 0xf7, 0x9e, 0xf7, 0x9e, 0xf7, 0x9e, 0xf7,
    0x9e, 0xf7, 0x9e, 0xf7, 0x9e, 0xf7, 0x9e, 0xf7, 0x9e, 0xf7, 0x9e, 0xf7,
    0x9e, 0xf7, 0x9e, 0xf7, 0x9e, 0xf7, 0x9e, 0xf7, 0x9e, 0xf7, 0x9e, 0xf7,
    0x3a, 0xef, 0x70, 0xde, 0xa7, 0xcd, 0x63, 0xcd, 0x63, 0xcd, 0x63, 0xcd,
    0x63, 0xcd, 0x63, 0xcd, 0x63, 0xcd, 0x63, 0xcd, 0x63, 0xcd, 0x63, 0xcd,
    0x63, 0xcd, 0x63, 0xcd, 0x63, 0xcd, 0x63, 0xcd, 0x63, 0xcd, 0x63, 0xcd,
    0x63, 0xcd, 0x63, 0xcd, 0x63, 0xcd, 0x63, 0xcd, 0x63, 0xcd, 0x63, 0xcd,
    0x63, 0xcd, 0x63, 0xcd, 0x63, 0xcd, 0x63, 0xcd, 0x63, 0xcd, 0x63, 0xcd,
    0x63, 0xcd, 0x63, 0xcd, 0x64, 0xcd, 0x64, 0xcd, 0x63, 0xcd, 0x63, 0xcd,
    0x63, 0xcd, 0x63, 0xcd, 0x63, 0xcd, 0x63, 0xcd, 0x63, 0xcd, 0x63, 0xcd,
    0x63, 0xcd, 0x63, 0xcd, 0x63, 0xcd, 0x63, 0xcd, 0x63, 0xcd, 0x63, 0xcd,
    0x63, 0xcd, 0x63, 0xcd, 0x63, 0xcd, 0x63, 0xcd, 0x63, 0xcd, 0x63, 0xcd,
    0x63, 0xcd, 0x63, 0xcd, 0x63, 0xcd, 0x63, 0xcd, 0x63, 0xcd, 0x63, 0xcd,
    0x63, 0xcd, 0x63, 0xcd, 0x63, 0xcd, 0x85, 0xcd, 0x70, 0xde, 0x7c, 0xef,
    0x9e, 0xf7, 0x9e, 0xf7, 0x9e, 0xf7, 0x9e, 0xf7, 0x9e, 0xf7, 0x9e, 0xf7,
    0x9e, 0xf7, 0x9e, 0xf7, 0x9e, 0xf7, 0x9e, 0xf7, 0x9e, 0xf7, 0x9e, 0xf7,
    0x9e, 0xf7, 0x9e, 0xf7, 0x9e, 0xf7, 0x9e, 0xf7, 0x9e, 0xf7, 0x9e, 0xf7,
    0x9e, 0xf7, 0x9e, 0xf7, 0x9e, 0xf7, 0x9e, 0xf7, 0x9e, 0xf7, 0x9e, 0xf7,
    0x9e, 0xf7, 0x9e, 0xf7, 0x9e, 0xf7, 0x9e, 0xf7, 0x9e, 0xf7, 0x9e, 0xf7,
    0x9e, 0xf7, 0x9e, 0xf7, 0x9e, 0xf7, 0x9e, 0xf7, 0x9e, 0xf7, 0x9e, 0xf7,
    0x9e, 0xf7, 0x9e, 0xf7, 0x9e, 0xf7, 0x9e, 0xf7, 0x9e, 0xf7, 0x9e, 0xf7,
    0x9e, 0xf7, 0x9e, 0xf7, 0x9e, 0xf7, 0x9e, 0xf7, 0x9e, 0xf7, 0x9e, 0xf7,
    0x9e, 0xf7, 0x9e, 0xf7, 0x9e, 0xf7, 0x9e, 0xf7, 0x9e, 0xf7, 0x9e, 0xf7,
    0x9e, 0xf7, 0x9e, 0xf7, 0x9e, 0xf7, 0x9e, 0xf7, 0x9e, 0xf7, 0x9e, 0xf7,
    0x9e, 0xf7, 0x9e, 0xf7, 0x9e, 0xf7, 0x9e, 0xf7, 0x9e, 0xf7, 0x9e, 0xf7,
    0x9e, 0xf7, 0x9e, 0xf7, 0x9e, 0xf7, 0x9e, 0xf7, 0x9e, 0xf7, 0x9e, 0xf7,
    0x9e, 0xf7, 0x9e, 0xf7, 0x9e, 0xf7, 0x9e, 0xf7, 0x9e, 0xf7, 0x9e, 0xf7,
    0x9e, 0xf7, 0x9e, 0xf7, 0x9e, 0xf7, 0x9e, 0xf7, 0x3a, 0xef, 0x70, 0xde,
    0xa7, 0xcd, 0x63, 0xcd, 0x63, 0xcd, 0x63, 0xcd, 0x63, 0xcd, 0x63, 0xcd,
    0x63, 0xcd, 0x63, 0xcd, 0x63, 0xcd, 0x63, 0xcd, 0x63, 0xcd, 0x63, 0xcd,
    0x63, 0xcd, 0x63, 0xcd, 0x63, 0xcd, 0x63, 0xcd, 0x63, 0xcd, 0x63, 0xcd,
    0x63, 0xcd, 0x63, 0xcd, 0x63, 0xcd, 0x63, 0xcd, 0x63, 0xcd, 0x63, 0xcd,
    0x63, 0xcd, 0x63, 0xcd, 0x63, 0xcd, 0x63, 0xcd, 0x63, 0xcd, 0x63, 0xcd,
    0x64, 0xcd, 0xa5, 0xd5, 0xe5, 0xd5, 0x69, 0xe6, 0xe6, 0xd5, 0x64, 0xcd,
    0x63, 0xcd, 0x63, 0xcd, 0x63, 0xcd, 0x63, 0xcd, 0x63, 0xcd, 0x63, 0xcd,
    0x63, 0xcd, 0x63, 0xcd, 0x63, 0xcd, 0x63, 0xcd, 0x63, 0xcd, 0x63, 0xcd,
    0x63, 0xcd, 0x63, 0xcd, 0x63, 0xcd, 0x63, 0xcd, 0x63, 0xcd, 0x63, 0xcd,
    0x63, 0xcd, 0x63, 0xcd, 0x63, 0xcd, 0x63, 0xcd, 0x63, 0xcd, 0x63, 0xcd,
    0x63, 0xcd, 0x63, 0xcd, 0x63, 0xcd, 0x63, 0xcd, 0x63, 0xcd, 0x85, 0xcd,
    0x70, 0xde, 0x7c, 0xef, 0x9e, 0xf7, 0x9e, 0xf7, 0x9e, 0xf7, 0x9e, 0xf7,
    0x9e, 0xf7, 0x9e, 0xf7, 0x9e, 0xf7, 0x9e, 0xf7, 0x9e, 0xf7, 0x9e, 0xf7,
    0x9e, 0xf7, 0x9e, 0xf7, 0x9e, 0xf7, 0x9e, 0xf7, 0x9e, 0xf7, 0x9e, 0xf7,
    0x9e, 0xf7, 0x9e, 0xf7, 0x9e, 0xf7, 0x9e, 0xf7, 0x9e, 0xf7, 0x9e, 0xf7,
    0x9e, 0xf7, 0x9e, 0xf7, 0x9e, 0xf7, 0x9e, 0xf7, 0x9e, 0xf7, 0x9e, 0xf7,
    0x9e, 0xf7, 0x9e, 0xf7, 0x9e, 0xf7, 0x9e, 0xf7, 0x9e, 0xf7, 0x9e, 0xf7,
    0x9e, 0xf7, 0x9e, 0xf7, 0x9e, 0xf7, 0x9e, 0xf7, 0x9e, 0xf7, 0x9e, 0xf7,
    0x9e, 0xf7, 0x9e, 0xf7, 0x9e, 0xf7, 0x9e, 0xf7, 0x9e, 0xf7, 0x9e, 0xf7,
    0x9e, 0xf7, 0x9e, 0xf7, 0x9e, 0xf7, 0x9e, 0xf7, 0x9e, 0xf7, 0x9e, 0xf7,
    0x9e, 0xf7, 0x9e, 0xf7, 0x9e, 0xf7, 0x9e, 0xf7, 0x9e, 0xf7, 0x9e, 0xf7,
    0x9e, 0xf7, 0x9e, 0xf7, 0x9e, 0xf7, 0x9e, 0xf7, 0x9e, 0xf7, 0x9e, 0xf7,
    0x9e, 0xf7, 0x9e, 0xf7, 0x9e, 0xf7, 0x9e, 0xf7, 0x9e, 0xf7, 0x9e, 0xf7,
    0x9e, 0xf7, 0x9e, 0xf7, 0x9e, 0xf7, 0x9e, 0xf7, 0x9e, 0xf7, 0x9e, 0xf7,
    0x9e, 0xf7, 0x9e, 0xf7, 0x9e, 0xf7, 0x92, 0xde, 0xa7, 0xcd, 0x63, 0xcd,
    0x63, 0xcd, 0x63, 0xcd, 0x63, 0xcd, 0x63, 0xcd, 0x63, 0xcd, 0x63, 0xcd,
    0x63, 0xcd, 0x63, 0xcd, 0x63, 0xcd, 0x63, 0xcd, 0x63, 0xcd, 0x63, 0xcd,
    0x63, 0xcd, 0x63, 0xcd, 0x63, 0xcd, 0x63, 0xcd, 0x63, 0xcd, 0x63, 0xcd,
    0x63, 0xcd, 0x63, 0xcd, 0x63, 0xcd, 0x63, 0xcd, 0x63, 0xcd, 0x63, 0xcd,
    0x63, 0xcd, 0x63, 0xcd, 0x63, 0xcd, 0x63, 0xcd, 0x64, 0xcd, 0xa5, 0xd5,
    0xe5, 0xd5, 0xe5, 0xd5, 0xe5, 0xd5, 0x69, 0xe6, 0x69, 0xe6, 0x69, 0xe6,
    0xe6, 0xd5, 0x64, 0xcd, 0x63, 0xcd, 0x63, 0xcd, 0x63, 0xcd, 0x63, 0xcd,
    0x63, 0xcd, 0x63, 0xcd, 0x63, 0xcd, 0x63, 0xcd, 0x63, 0xcd, 0x63, 0xcd,
    0x63, 0xcd, 0x63, 0xcd, 0x63, 0xcd, 0x63, 0xcd, 0x63, 0xcd, 0x63, 0xcd,
    0x63, 0xcd, 0x63, 0xcd, 0x63, 0xcd, 0x63, 0xcd, 0x63, 0xcd, 0x63, 0xcd,
    0x63, 0xcd, 0x63, 0xcd, 0x63, 0xcd, 0x63, 0xcd, 0x63, 0xcd, 0x63, 0xcd,
    0x63, 0xcd, 0x85, 0xcd, 0x70, 0xde, 0x7c, 0xef, 0x9e, 0xf7, 0x9e, 0xf7,
    0x9e, 0xf7, 0x9e, 0xf7, 0x9e, 0xf7, 0x9e, 0xf7, 0x9e, 0xf7, 0x9e, 0xf7,
    0x9e, 0xf7, 0x9e, 0xf7, 0x9e, 0xf7, 0x9e, 0xf7, 0x9e, 0xf7, 0x9e, 0xf7,
    0x9e, 0xf7, 0x9e, 0xf7, 0x9e, 0xf7, 0x9e, 0xf7, 0x9e, 0xf7, 0x9e, 0xf7,
    0x9e, 0xf7, 0x9e, 0xf7, 0x9e, 0xf7, 0x9e, 0xf7, 0x9e, 0xf7, 0x9e, 0xf7,
    0x9e, 0xf7, 0x9e, 0xf7, 0x9e, 0xf7, 0x9e, 0xf7, 0x9e, 0xf7, 0x9e, 0xf7,
    0x9e, 0xf7, 0x9e, 0xf7, 0x9e, 0xf7, 0x9e, 0xf7, 0x9e, 0xf7, 0x9e, 0xf7,
    0x9e, 0xf7, 0x9e, 0xf7, 0x9e, 0xf7, 0x9e, 0xf7, 0x9e, 0xf7, 0x9e, 0xf7,
    0x9e, 0xf7, 0x9e, 0xf7, 0x9e, 0xf7, 0x9e, 0xf7, 0x9e, 0xf7, 0x9e, 0xf7,
    0x9e, 0xf7, 0x9e, 0xf7, 0x9e, 0xf7, 0x9e, 0xf7, 0x9e, 0xf7, 0x9e, 0xf7,
    0x9e, 0xf7, 0x9e, 0xf7, 0x9e, 0xf7, 0x9e, 0xf7, 0x9e, 0xf7, 0x9e, 0xf7,
    0x9e, 0xf7, 0x9e, 0xf7, 0x9e, 0xf7, 0x9e, 0xf7, 0x9e, 0xf7, 0x9e, 0xf7,
    0x9e, 0xf7, 0x9e, 0xf7, 0x9e, 0xf7, 0x9e, 0xf7, 0x9e, 0xf7, 0x9e, 0xf7,
    0x9e, 0xf7, 0xb4, 0xe6, 0xa7, 0xcd, 0x63, 0xcd, 0x63, 0xcd, 0x63, 0xcd,
    0x63, 0xcd, 0x63, 0xcd, 0x63, 0xcd, 0x63, 0xcd, 0x63, 0xcd, 0x63, 0xcd,
    0x63, 0xcd, 0x63, 0xcd, 0x63, 0xcd, 0x63, 0xcd, 0x63, 0xcd, 0x63, 0xcd,
    0x63, 0xcd, 0x63, 0xcd, 0x63, 0xcd, 0x63, 0xcd, 0x63, 0xcd, 0x63, 0xcd,
    0x63, 0xcd, 0x63, 0xcd, 0x63, 0xcd, 0x63, 0xcd, 0x63, 0xcd, 0x63, 0xcd,
    0x63, 0xcd, 0x63, 0xcd, 0x84, 0xcd, 0xa5, 0xd5, 0xe5, 0xd5, 0xe5, 0xd5,
    0xe5, 0xd5, 0xe5, 0xd5, 0xe5, 0xd5, 0x69, 0xe6, 0x69, 0xe6, 0x69, 0xe6,
    0x69, 0xe6, 0x69, 0xe6, 0xe6, 0xd5, 0x64, 0xcd, 0x63, 0xcd, 0x63, 0xcd,
    0x63, 0xcd, 0x63, 0xcd, 0x63, 0xcd, 0x63, 0xcd, 0x63, 0xcd, 0x63, 0xcd,
    0x63, 0xcd, 0x63, 0xcd, 0x63, 0xcd, 0x63, 0xcd, 0x63, 0xcd, 0x63, 0xcd,
    0x63, 0xcd, 0x63, 0xcd, 0x63, 0xcd, 0x63, 0xcd, 0x63, 0xcd, 0x63, 0xcd,
    0x63, 0xcd, 0x63, 0xcd, 0x63, 0xcd, 0x63, 0xcd, 0x63, 0xcd, 0x63, 0xcd,
    0x63, 0xcd, 0x63, 0xcd, 0x63, 0xcd, 0x85, 0xcd, 0x70, 0xde, 0x7c, 0xef,
    0x9e, 0xf7, 0x9e, 0xf7, 0x9e, 0xf7, 0x9e, 0xf7, 0x9e, 0xf7, 0x9e, 0xf7,
    0x9e, 0xf7, 0x9e, 0xf7, 0x9e, 0xf7, 0x9e, 0xf7, 0x9e, 0xf7, 0x9e, 0xf7,
    0x9e, 0xf7, 0x9e, 0xf7, 0x9e, 0xf7, 0x9e, 0xf7, 0x9e, 0xf7, 0x9e, 0xf7,
    0x9e, 0xf7, 0x9e, 0xf7, 0x9e, 0xf7, 0x9e, 0xf7, 0x9e, 0xf7, 0x9e, 0xf7,
    0x9e, 0xf7, 0x9e, 0xf7, 0x9e, 0xf7, 0x9e, 0xf7, 0x9e, 0xf7, 0x9e, 0xf7,
    0x9e, 0xf7, 0x9e, 0xf7, 0x9e, 0xf7, 0x9e, 0xf7, 0x9e, 0xf7, 0x9e, 0xf7,
    0x9e, 0xf7, 0x9e, 0xf7, 0x9e, 0xf7, 0x9e, 0xf7, 0x9e, 0xf7, 0x9e, 0xf7,
    0x9e, 0xf7, 0x9e, 0xf7, 0x9e, 0xf7, 0x9e, 0xf7, 0x9e, 0xf7, 0x9e, 0xf7,
    0x9e, 0xf7, 0x9e, 0xf7, 0x9e, 0xf7, 0x9e, 0xf7, 0x9e, 0xf7, 0x9e, 0xf7,
    0x9e, 0xf7, 0x9e, 0xf7, 0x9e, 0xf7, 0x9e, 0xf7, 0x9e, 0xf7, 0x9e, 0xf7,
    0x9e, 0xf7, 0x9e, 0xf7, 0x9e, 0xf7, 0x9e, 0xf7, 0x9e, 0xf7, 0x9e, 0xf7,
    0x9e, 0xf7, 0x9e, 0xf7, 0x9e, 0xf7, 0x9e, 0xf7, 0x9e, 0xf7, 0xb4, 0xe6,
    0xa7, 0xcd, 0x63, 0xcd, 0x63, 0xcd, 0x63, 0xcd, 0x63, 0xcd, 0x63, 0xcd,
    0x63, 0xcd, 0x63, 0xcd, 0x63, 0xcd, 0x63, 0xcd, 0x63, 0xcd, 0x63, 0xcd,
    0x63, 0xcd, 0x63, 0xcd, 0x63, 0xcd, 0x63, 0xcd, 0x63, 0xcd, 0x63, 0xcd,
    0x63, 0xcd, 0x63, 0xcd, 0x63, 0xcd, 0x63, 0xcd, 0x63, 0xcd, 0x63, 0xcd,
    0x63, 0xcd, 0x63, 0xcd, 0x63, 0xcd, 0x63, 0xcd, 0x63, 0xcd, 0x63, 0xcd,
    0x84, 0xcd, 0xa5, 0xd5, 0xe6, 0xd5, 0xe5, 0xd5, 0xe5, 0xd5, 0xe5, 0xd5,
    0xe5, 0xd5, 0xe5, 0xd5, 0xe5, 0xd5, 0x69, 0xe6, 0x69, 0xe6, 0x69, 0xe6,
    0x69, 0xe6, 0x69, 0xe6, 0x69, 0xe6, 0x69, 0xe6, 0xe6, 0xd5, 0x84, 0xcd,
    0x63, 0xcd, 0x63, 0xcd, 0x63, 0xcd, 0x63, 0xcd, 0x63, 0xcd, 0x63, 0xcd,
    0x63, 0xcd, 0x63, 0xcd, 0x63, 0xcd, 0x63, 0xcd, 0x63, 0xcd, 0x63, 0xcd,
    0x63, 0xcd, 0x63, 0xcd, 0x63, 0xcd, 0x63, 0xcd, 0x63, 0xcd, 0x63, 0xcd,
    0x63, 0xcd, 0x63, 0xcd, 0x63, 0xcd, 0x63, 0xcd, 0x63, 0xcd, 0x63, 0xcd,
    0x63, 0xcd, 0x63, 0xcd, 0x63, 0xcd, 0x63, 0xcd, 0x63, 0xcd, 0x85, 0xcd,
    0x70, 0xde, 0x7c, 0xef, 0x9e, 0xf7, 0x9e, 0xf7, 0x9e, 0xf7, 0x9e, 0xf7,
    0x9e, 0xf7, 0x9e, 0xf7, 0x9e, 0xf7, 0x9e, 0xf7, 0x9e, 0xf7, 0x9e, 0xf7,
    0x9e, 0xf7, 0x9e, 0xf7, 0x9e, 0xf7, 0x9e, 0xf7, 0x9e, 0xf7, 0x9e, 0xf7,
    0x9e, 0xf7, 0x9e, 0xf7, 0x9e, 0xf7, 0x9e, 0xf7, 0x9e, 0xf7, 0x9e, 0xf7,
    0x9e, 0xf7, 0x9e, 0xf7, 0x9e, 0xf7, 0x9e, 0xf7, 0x9e, 0xf7, 0x9e, 0xf7,
    0x9e, 0xf7, 0x9e, 0xf7, 0x9e, 0xf7, 0x9e, 0xf7, 0x9e, 0xf7, 0x9e, 0xf7,
    0x9e, 0xf7, 0x9e, 0xf7, 0x9e, 0xf7, 0x9e, 0xf7, 0x9e, 0xf7, 0x9e, 0xf7,
    0x9e, 0xf7, 0x9e, 0xf7, 0x9e, 0xf7, 0x9e, 0xf7, 0x9e, 0xf7, 0x9e, 0xf7,
    0x9e, 0xf7, 0x9e, 0xf7, 0x9e, 0xf7, 0x9e, 0xf7, 0x9e, 0xf7, 0x9e, 0xf7,
    0x9e, 0xf7, 0x9e, 0xf7, 0x9e, 0xf7, 0x9e, 0xf7, 0x9e, 0xf7, 0x9e, 0xf7,
    0x9e, 0xf7, 0x9e, 0xf7, 0x9e, 0xf7, 0x9e, 0xf7, 0x9e, 0xf7, 0x9e, 0xf7,
    0x9e, 0xf7, 0x9e, 0xf7, 0x9e, 0xf7, 0xb4, 0xe6, 0xa7, 0xcd, 0x63, 0xcd,
    0x63, 0xcd, 0x63, 0xcd, 0x63, 0xcd, 0x63, 0xcd, 0x63, 0xcd, 0x63, 0xcd,
    0x63, 0xcd, 0x63, 0xcd, 0x63, 0xcd, 0x63, 0xcd, 0x63, 0xcd, 0x63, 0xcd,
    0x63, 0xcd, 0x63, 0xcd, 0x63, 0xcd, 0x63, 0xcd, 0x63, 0xcd, 0x63, 0xcd,
    0x63, 0xcd, 0x63, 0xcd, 0x63, 0xcd, 0x63, 0xcd, 0x63, 0xcd, 0x63, 0xcd,
    0x63, 0xcd, 0x63, 0xcd, 0x63, 0xcd, 0x63, 0xcd, 0x84, 0xcd, 0xa5, 0xd5,
    0xe5, 0xd5, 0xe6, 0xd5, 0xe6, 0xd5, 0xe5, 0xd5, 0xe5, 0xd5, 0xe5, 0xd5,
    0xe5, 0xd5, 0xe5, 0xd5, 0xe5, 0xd5, 0x69, 0xe6, 0x69, 0xe6, 0x69, 0xe6,
    0x69, 0xe6, 0x69, 0xe6, 0x69, 0xe6, 0x69, 0xe6, 0x69, 0xe6, 0x68, 0xe6,
    0xe6, 0xd5, 0x84, 0xcd, 0x63, 0xcd, 0x63, 0xcd, 0x63, 0xcd, 0x63, 0xcd,
    0x63, 0xcd, 0x63, 0xcd, 0x63, 0xcd, 0x63, 0xcd, 0x63, 0xcd, 0x63, 0xcd,
    0x63, 0xcd, 0x63, 0xcd, 0x63, 0xcd, 0x63, 0xcd, 0x63, 0xcd, 0x63, 0xcd,
    0x63, 0xcd, 0x63, 0xcd, 0x63, 0xcd, 0x63, 0xcd, 0x63, 0xcd, 0x63, 0xcd,
    0x63, 0xcd, 0x63, 0xcd, 0x63, 0xcd, 0x63, 0xcd, 0x63, 0xcd, 0x63, 0xcd,
    0x63, 0xcd, 0x85, 0xcd, 0x70, 0xde, 0x7c, 0xef, 0x9e, 0xf7, 0x9e, 0xf7,
    0x9e, 0xf7, 0x9e, 0xf7, 0x9e, 0xf7, 0x9e, 0xf7, 0x9e, 0xf7, 0x9e, 0xf7,
    0x9e, 0xf7, 0x9e, 0xf7, 0x9e, 0xf7, 0x9e, 0xf7, 0x9e, 0xf7, 0x9e, 0xf7,
    0x9e, 0xf7, 0x9e, 0xf7, 0x9e, 0xf7, 0x9e, 0xf7, 0x9e, 0xf7, 0x9e, 0xf7,
    0x9e, 0xf7, 0x9e, 0xf7, 0x9e, 0xf7, 0x9e, 0xf7, 0x9e, 0xf7, 0x9e, 0xf7,
    0x9e, 0xf7, 0x9e, 0xf7, 0x9e, 0xf7, 0x9e, 0xf7, 0x9e, 0xf7, 0x9e, 0xf7,
    0x9e, 0xf7, 0x9e, 0xf7, 0x9e, 0xf7, 0x9e, 0xf7, 0x9e, 0xf7, 0x9e, 0xf7,
    0x9e, 0xf7, 0x9e, 0xf7, 0x9e, 0xf7, 0x9e, 0xf7, 0x9e, 0xf7, 0x9e, 0xf7,
    0x9e, 0xf7, 0x9e, 0xf7, 0x9e, 0xf7, 0x9e, 0xf7, 0x9e, 0xf7, 0x9e, 0xf7,
    0x9e, 0xf7, 0x9e, 0xf7, 0x9e, 0xf7, 0x9e, 0xf7, 0x9e, 0xf7, 0x9e, 0xf7,
    0x9e, 0xf7, 0x9e, 0xf7, 0x9e, 0xf7, 0x9e, 0xf7, 0x9e, 0xf7, 0x9e, 0xf7,
    0x9e, 0xf7, 0xb4, 0xe6, 0xa7, 0xcd, 0x63, 0xcd, 0x63, 0xcd, 0x63, 0xcd,
    0x63, 0xcd, 0x63, 0xcd, 0x63, 0xcd, 0x63, 0xcd, 0x63, 0xcd, 0x63, 0xcd,
    0x63, 0xcd, 0x63, 0xcd, 0x63, 0xcd, 0x63, 0xcd, 0x63, 0xcd, 0x63, 0xcd,
    0x63, 0xcd, 0x63, 0xcd, 0x63, 0xcd, 0x63, 0xcd, 0x63, 0xcd, 0x63, 0xcd,
    0x63, 0xcd, 0x63, 0xcd, 0x63, 0xcd, 0x63, 0xcd, 0x63, 0xcd, 0x63, 0xcd,
    0x63, 0xcd, 0x63, 0xcd, 0x84, 0xcd, 0xa5, 0xd5, 0xe5, 0xd5, 0xe6, 0xdd,
    0xe6, 0xdd, 0xe6, 0xd5, 0xe6, 0xd5, 0xe5, 0xd5, 0xe5, 0xd5, 0xe5, 0xd5,
    0xe5, 0xd5, 0xe5, 0xd5, 0xe5, 0xd5, 0x68, 0xe6, 0x68, 0xe6, 0x69, 0xe6,
    0x69, 0xe6, 0x69, 0xe6, 0x69, 0xe6, 0x69, 0xe6, 0x69, 0xe6, 0x69, 0xe6,
    0x69, 0xe6, 0x68, 0xe6, 0xe6, 0xd5, 0x84, 0xcd, 0x63, 0xcd, 0x63, 0xcd,
    0x63, 0xcd, 0x63, 0xcd, 0x63, 0xcd, 0x63, 0xcd, 0x63, 0xcd, 0x63, 0xcd,
    0x63, 0xcd, 0x63, 0xcd, 0x63, 0xcd, 0x63, 0xcd, 0x63, 0xcd, 0x63, 0xcd,
    0x63, 0xcd, 0x63, 0xcd, 0x63, 0xcd, 0x63, 0xcd, 0x63, 0xcd, 0x63, 0xcd,
    0x63, 0xcd, 0x63, 0xcd, 0x63, 0xcd, 0x63, 0xcd, 0x63, 0xcd, 0x63, 0xcd,
    0x63, 0xcd, 0x63, 0xcd, 0x63, 0xcd, 0x85, 0xcd, 0x92, 0xde, 0x9e, 0xf7,
    0x9e, 0xf7, 0x9e, 0xf7, 0x9e, 0xf7, 0x9e, 0xf7, 0x9e, 0xf7, 0x9e, 0xf7,
    0x9e, 0xf7, 0x9e, 0xf7, 0x9e, 0xf7, 0x9e, 0xf7, 0x9e, 0xf7, 0x9e, 0xf7,
    0x9e, 0xf7, 0x9e, 0xf7, 0x9e, 0xf7, 0x9e, 0xf7, 0x9e, 0xf7, 0x9e, 0xf7,
    0x9e, 0xf7, 0x9e, 0xf7, 0x9e, 0xf7, 0x9e, 0xf7, 0x9e, 0xf7, 0x9e, 0xf7,
    0x9e, 0xf7, 0x9e, 0xf7, 0x9e, 0xf7, 0x9e, 0xf7, 0x9e, 0xf7, 0x9e, 0xf7,
    0x9e, 0xf7, 0x9e, 0xf7, 0x9e, 0xf7, 0x9e, 0xf7, 0x9e, 0xf7, 0x9e, 0xf7,
    0x9e, 0xf7, 0x9e, 0xf7, 0x9e, 0xf7, 0x9e, 0xf7, 0x9e, 0xf7, 0x9e, 0xf7,
    0x9e, 0xf7, 0x9e, 0xf7, 0x9e, 0xf7, 0x9e, 0xf7, 0x9e, 0xf7, 0x9e, 0xf7,
    0x9e, 0xf7, 0x9e, 0xf7, 0x9e, 0xf7, 0x9e, 0xf7, 0x9e, 0xf7, 0x9e, 0xf7,
    0x9e, 0xf7, 0x9e, 0xf7, 0x9e, 0xf7, 0x9e, 0xf7, 0x9e, 0xf7, 0xb4, 0xe6,
    0xa7, 0xcd, 0x63, 0xcd, 0x63, 0xcd, 0x63, 0xcd, 0x63, 0xcd, 0x63, 0xcd,
    0x63, 0xcd, 0x63, 0xcd, 0x63, 0xcd, 0x63, 0xcd, 0x63, 0xcd, 0x63, 0xcd,
    0x63, 0xcd, 0x63, 0xcd, 0x63, 0xcd, 0x63, 0xcd, 0x63, 0xcd, 0x63, 0xcd,
    0x63, 0xcd, 0x63, 0xcd, 0x63, 0xcd, 0x63, 0xcd, 0x63, 0xcd, 0x63, 0xcd,
    0x63, 0xcd, 0x63, 0xcd, 0x63, 0xcd, 0x63, 0xcd, 0x63, 0xcd, 0x63, 0xcd,
    0x84, 0xcd, 0xa5, 0xd5, 0xe5, 0xd5, 0xe6, 0xdd, 0xe6, 0xdd, 0xe6, 0xdd,
    0xe6, 0xd5, 0xe6, 0xd5, 0xe6, 0xd5, 0xe5, 0xd5, 0xe5, 0xd5, 0xe5, 0xd5,
    0xe5, 0xd5, 0xe5, 0xd5, 0xe5, 0xd5, 0x68, 0xe6, 0x68, 0xe6, 0x68, 0xe6,
    0x68, 0xe6, 0x68, 0xe6, 0x68, 0xe6, 0x69, 0xe6, 0x69, 0xe6, 0x69, 0xe6,
    0x69, 0xe6, 0x69, 0xe6, 0x69, 0xe6, 0x68, 0xe6, 0xe6, 0xd5, 0x84, 0xcd,
    0x63, 0xcd, 0x63, 0xcd, 0x63, 0xcd, 0x63, 0xcd, 0x63, 0xcd, 0x63, 0xcd,
    0x63, 0xcd, 0x63, 0xcd, 0x63, 0xcd, 0x63, 0xcd, 0x63, 0xcd, 0x63, 0xcd,
    0x63, 0xcd, 0x63, 0xcd, 0x63, 0xcd, 0x63, 0xcd, 0x63, 0xcd, 0x63, 0xcd,
    0x63, 0xcd, 0x63, 0xcd, 0x63, 0xcd, 0x63, 0xcd, 0x63, 0xcd, 0x63, 0xcd,
    0x63, 0xcd, 0x63, 0xcd, 0x63, 0xcd, 0x63, 0xcd, 0x63, 0xcd, 0xa7, 0xcd,
    0xb4, 0xe6, 0x9e, 0xf7, 0x9e, 0xf7, 0x9e, 0xf7, 0x9e, 0xf7, 0x9e, 0xf7,
    0x9e, 0xf7, 0x9e, 0xf7, 0x9e, 0xf7, 0x9e, 0xf7, 0x9e, 0xf7, 0x9e, 0xf7,
    0x9e, 0xf7, 0x9e, 0xf7, 0x9e, 0xf7, 0x9e, 0xf7, 0x9e, 0xf7, 0x9e, 0xf7,
    0x9e, 0xf7, 0x9e, 0xf7, 0x9e, 0xf7, 0x9e, 0xf7, 0x9e, 0xf7, 0x9e, 0xf7,
    0x9e, 0xf7, 0x9e, 0xf7, 0x9e, 0xf7, 0x9e, 0xf7, 0x9e, 0xf7, 0x9e, 0xf7,
    0x9e, 0xf7, 0x9e, 0xf7, 0x9e, 0xf7, 0x9e, 0xf7, 0x9e, 0xf7, 0x9e, 0xf7,
    0x9e, 0xf7, 0x9e, 0xf7, 0x9e, 0xf7, 0x9e, 0xf7, 0x9e, 0xf7, 0x9e, 0xf7,
    0x9e, 0xf7, 0x9e, 0xf7, 0x9e, 0xf7, 0x9e, 0xf7, 0x9e, 0xf7, 0x9e, 0xf7,
    0x9e, 0xf7, 0x9e, 0xf7, 0x9e, 0xf7, 0x9e, 0xf7, 0x9e, 0xf7, 0x9e, 0xf7,
    0x9e, 0xf7, 0x9e, 0xf7, 0x9e, 0xf7, 0xb4, 0xe6, 0xa7, 0xcd, 0x63, 0xcd,
    0x63, 0xcd, 0x63, 0xcd, 0x63, 0xcd, 0x63, 0xcd, 0x63, 0xcd, 0x63, 0xcd,
    0x63, 0xcd, 0x63, 0xcd, 0x63, 0xcd, 0x63, 0xcd, 0x63, 0xcd, 0x63, 0xcd,
    0x63, 0xcd, 0x63, 0xcd, 0x63, 0xcd, 0x63, 0xcd, 0x63, 0xcd, 0x63, 0xcd,
    0x63, 0xcd, 0x63, 0xcd, 0x63, 0xcd, 0x63, 0xcd, 0x63, 0xcd, 0x63, 0xcd,
    0x63, 0xcd, 0x63, 0xcd, 0x63, 0xcd, 0x63, 0xcd, 0x63, 0xcd, 0xa5, 0xd5,
    0xe6, 0xd5, 0xe6, 0xdd, 0xe6, 0xdd, 0xe6, 0xdd, 0xe6, 0xdd, 0xe6, 0xdd,
    0xe6, 0xd5, 0xe6, 0xd5, 0xe5, 0xd5, 0xe5, 0xd5, 0xe5, 0xd5, 0xe5, 0xd5,
    0xe5, 0xd5, 0xe5, 0xd5, 0xe5, 0xd5, 0x68, 0xe6, 0x68, 0xe6, 0x68, 0xe6,
    0x68, 0xe6, 0x68, 0xe6, 0x68, 0xe6, 0x68, 0xe6, 0x68, 0xe6, 0x68, 0xe6,
    0x68, 0xe6, 0x68, 0xe6, 0x68, 0xe6, 0x68, 0xe6, 0x69, 0xe6, 0x68, 0xe6,
    0xe6, 0xd5, 0x84, 0xcd, 0x63, 0xcd, 0x63, 0xcd, 0x63, 0xcd, 0x63, 0xcd,
    0x63, 0xcd, 0x63, 0xcd, 0x63, 0xcd, 0x63, 0xcd, 0x63, 0xcd, 0x63, 0xcd,
    0x63, 0xcd, 0x63, 0xcd, 0x63, 0xcd, 0x63, 0xcd, 0x63, 0xcd, 0x63, 0xcd,
    0x63, 0xcd, 0x63, 0xcd, 0x63, 0xcd, 0x63, 0xcd, 0x63, 0xcd, 0x63, 0xcd,
    0x63, 0xcd, 0x63, 0xcd, 0x63, 0xcd, 0x63, 0xcd, 0x63, 0xcd, 0x63, 0xcd,
    0x63, 0xcd, 0xa7, 0xcd, 0xb4, 0xe6, 0x9e, 0xf7, 0x9e, 0xf7, 0x9e, 0xf7,
    0x9e, 0xf7, 0x9e, 0xf7, 0x9e, 0xf7, 0x9e, 0xf7, 0x9e, 0xf7, 0x9e, 0xf7,
    0x9e, 0xf7, 0x9e, 0xf7, 0x9e, 0xf7, 0x9e, 0xf7, 0x9e, 0xf7, 0x9e, 0xf7,
    0x9e, 0xf7, 0x9e, 0xf7, 0x9e, 0xf7, 0x9e, 0xf7, 0x9e, 0xf7, 0x9e, 0xf7,
    0x9e, 0xf7, 0x9e, 0xf7, 0x9e, 0xf7, 0x9e, 0xf7, 0x9e, 0xf7, 0x9e, 0xf7,
    0x9e, 0xf7, 0x9e, 0xf7, 0x9e, 0xf7, 0x9e, 0xf7, 0x9e, 0xf7, 0x9e, 0xf7,
    0x9e, 0xf7, 0x9e, 0xf7, 0x9e, 0xf7, 0x9e, 0xf7, 0x9e, 0xf7, 0x9e, 0xf7,
    0x9e, 0xf7, 0x9e, 0xf7, 0x9e, 0xf7, 0x9e, 0xf7, 0x9e, 0xf7, 0x9e, 0xf7,
    0x9e, 0xf7, 0x9e, 0xf7, 0x9e, 0xf7, 0x9e, 0xf7, 0x9e, 0xf7, 0x9e, 0xf7,
    0x9e, 0xf7, 0xb4, 0xe6, 0xa7, 0xcd, 0x63, 0xcd, 0x63, 0xcd, 0x63, 0xcd,
    0x63, 0xcd, 0x63, 0xcd, 0x63, 0xcd, 0x63, 0xcd, 0x63, 0xcd, 0x63, 0xcd,
    0x63, 0xcd, 0x63, 0xcd, 0x63, 0xcd, 0x63, 0xcd, 0x63, 0xcd, 0x63, 0xcd,
    0x63, 0xcd, 0x63, 0xcd, 0x63, 0xcd, 0x63, 0xcd, 0x63, 0xcd, 0x63, 0xcd,
    0x63, 0xcd, 0x63, 0xcd, 0x63, 0xcd, 0x63, 0xcd, 0x63, 0xcd, 0x63, 0xcd,
    0x64, 0xcd, 0x64, 0xcd, 0x64, 0xcd, 0xa4, 0xd5, 0xe6, 0xd5, 0x06, 0xde,
    0xe6, 0xdd, 0xe6, 0xdd, 0xe6, 0xdd, 0xe6, 0xdd, 0xe6, 0xdd, 0xe6, 0xdd,
    0xe6, 0xd5, 0xe6, 0xd5, 0xe5, 0xd5, 0xe5, 0xd5, 0xe5, 0xd5, 0xe5, 0xd5,
    0xe5, 0xd5, 0xe5, 0xd5, 0xe5, 0xd5, 0x68, 0xe6, 0x68, 0xe6, 0x68, 0xe6,
    0x68, 0xe6, 0x68, 0xe6, 0x68, 0xe6, 0x68, 0xe6, 0x68, 0xe6, 0x68, 0xe6,
    0x68, 0xe6, 0x68, 0xe6, 0x68, 0xe6, 0x68, 0xe6, 0x68, 0xe6, 0x68, 0xe6,
    0x68, 0xe6, 0x68, 0xe6, 0xe6, 0xd5, 0x84, 0xcd, 0x63, 0xcd, 0x63, 0xcd,
    0x63, 0xcd, 0x63, 0xcd, 0x63, 0xcd, 0x63, 0xcd, 0x63, 0xcd, 0x63, 0xcd,
    0x63, 0xcd, 0x63, 0xcd, 0x63, 0xcd, 0x63, 0xcd, 0x63, 0xcd, 0x63, 0xcd,
    0x63, 0xcd, 0x63, 0xcd, 0x63, 0xcd, 0x63, 0xcd, 0x63, 0xcd, 0x63, 0xcd,
    0x63, 0xcd, 0x63, 0xcd, 0x63, 0xcd, 0x63, 0xcd, 0x63, 0xcd, 0x63, 0xcd,
    0x63, 0xcd, 0x63, 0xcd, 0x63, 0xcd, 0xa7, 0xcd, 0xb4, 0xe6, 0x9e, 0xf7,
    0x9e, 0xf7, 0x9e, 0xf7, 0x9e, 0xf7, 0x9e, 0xf7, 0x9e, 0xf7, 0x9e, 0xf7,
    0x9e, 0xf7, 0x9e, 0xf7, 0x9e, 0xf7, 0x9e, 0xf7, 0x9e, 0xf7, 0x9e, 0xf7,
    0x9e, 0xf7, 0x9e, 0xf7, 0x9e, 0xf7, 0x9e, 0xf7, 0x9e, 0xf7, 0x9e, 0xf7,
    0x9e, 0xf7, 0x9e, 0xf7, 0x9e, 0xf7, 0x9e, 0xf7, 0x9e, 0xf7, 0x9e, 0xf7,
    0x9e, 0xf7, 0x9e, 0xf7, 0x9e, 0xf7, 0x9e, 0xf7, 0x9e, 0xf7, 0x9e, 0xf7,
    0x9e, 0xf7, 0x9e, 0xf7, 0x9e, 0xf7, 0x9e, 0xf7, 0x9e, 0xf7, 0x9e, 0xf7,
    0x9e, 0xf7, 0x9e, 0xf7, 0x9e, 0xf7, 0x9e, 0xf7, 0x9e, 0xf7, 0x9e, 0xf7,
    0x9e, 0xf7, 0x9e, 0xf7, 0x9e, 0xf7, 0x9e, 0xf7, 0x9e, 0xf7, 0xb4, 0xe6,
    0xa7, 0xcd, 0x63, 0xcd, 0x63, 0xcd, 0x63, 0xcd, 0x63, 0xcd, 0x63, 0xcd,
    0x63, 0xcd, 0x63, 0xcd, 0x63, 0xcd, 0x63, 0xcd, 0x63, 0xcd, 0x63, 0xcd,
    0x63, 0xcd, 0x64, 0xcd, 0x64, 0xcd, 0x64, 0xcd, 0x64, 0xcd, 0x64, 0xcd,
    0x64, 0xcd, 0x64, 0xcd, 0x64, 0xcd, 0x64, 0xcd, 0x64, 0xcd, 0x64, 0xcd,
    0x64, 0xcd, 0x64, 0xcd, 0x64, 0xcd, 0x64, 0xcd, 0x64, 0xcd, 0x64, 0xcd,
    0x64, 0xcd, 0xa4, 0xd5, 0xe6, 0xd5, 0x06, 0xde, 0x06, 0xde, 0x06, 0xde,
    0xe6, 0xdd, 0xe6, 0xdd, 0xe6, 0xdd, 0xe6, 0xdd, 0xe6, 0xdd, 0xe6, 0xdd,
    0xe6, 0xd5, 0xe6, 0xd5, 0xe5, 0xd5, 0xe5, 0xd5, 0xe5, 0xd5, 0xe5, 0xd5,
    0xe5, 0xd5, 0xe5, 0xd5, 0xe5, 0xd5, 0x68, 0xe6, 0x68, 0xe6, 0x68, 0xe6,
    0x68, 0xe6, 0x68, 0xe6, 0x68, 0xe6, 0x68, 0xe6, 0x68, 0xe6, 0x68, 0xe6,
    0x68, 0xe6, 0x68, 0xe6, 0x68, 0xe6, 0x68, 0xe6, 0x68, 0xe6, 0x68, 0xe6,
    0x68, 0xe6, 0x68, 0xe6, 0x68, 0xe6, 0x68, 0xe6, 0xe6, 0xd5, 0x84, 0xcd,
    0x63, 0xcd, 0x63, 0xcd, 0x63, 0xcd, 0x63, 0xcd, 0x63, 0xcd, 0x63, 0xcd,
    0x63, 0xcd, 0x63, 0xcd, 0x63, 0xcd, 0x63, 0xcd, 0x63, 0xcd, 0x63, 0xcd,
    0x63, 0xcd, 0x63, 0xcd, 0x63, 0xcd, 0x63, 0xcd, 0x63, 0xcd, 0x63, 0xcd,
    0x63, 0xcd, 0x63, 0xcd, 0x63, 0xcd, 0x63, 0xcd, 0x63, 0xcd, 0x63, 0xcd,
    0x63, 0xcd, 0x63, 0xcd, 0x63, 0xcd, 0x63, 0xcd, 0x63, 0xcd, 0xa7, 0xcd,
    0xb4, 0xe6, 0x9e, 0xf7, 0x9e, 0xf7, 0x9e, 0xf7, 0x9e, 0xf7, 0x9e, 0xf7,
    0x9e, 0xf7, 0x9e, 0xf7, 0x9e, 0xf7, 0x9e, 0xf7, 0x9e, 0xf7, 0x9e, 0xf7,
    0x9e, 0xf7, 0x9e, 0xf7, 0x9e, 0xf7, 0x9e, 0xf7, 0x9e, 0xf7, 0x9e, 0xf7,
    0x9e, 0xf7, 0x9e, 0xf7, 0x9e, 0xf7, 0x9e, 0xf7, 0x9e, 0xf7, 0x9e, 0xf7,
    0x9e, 0xf7, 0x9e, 0xf7, 0x9e, 0xf7, 0x9e, 0xf7, 0x9e, 0xf7, 0x9e, 0xf7,
    0x9e, 0xf7, 0x9e, 0xf7, 0x9e, 0xf7, 0x9e, 0xf7, 0x9e, 0xf7, 0x9e, 0xf7,
    0x9e, 0xf7, 0x9e, 0xf7, 0x9e, 0xf7, 0x9e, 0xf7, 0x9e, 0xf7, 0x9e, 0xf7,
    0x9e, 0xf7, 0x9e, 0xf7, 0x9e, 0xf7, 0xb4, 0xe6, 0xa7, 0xcd, 0x63, 0xcd,
    0x63, 0xcd, 0x63, 0xcd, 0x63, 0xcd, 0x63, 0xcd, 0x63, 0xcd, 0x64, 0xcd,
    0x64, 0xcd, 0x64, 0xcd, 0x64, 0xcd, 0x64, 0xcd, 0x64, 0xcd, 0x64, 0xcd,
    0x64, 0xcd, 0x64, 0xcd, 0x64, 0xcd, 0x64, 0xcd, 0x64, 0xcd, 0x64, 0xcd,
    0x64, 0xcd, 0x64, 0xcd, 0x64, 0xcd, 0x64, 0xcd, 0x64, 0xcd, 0x64, 0xcd,
    0x64, 0xcd, 0x64, 0xcd, 0x64, 0xcd, 0x64, 0xcd, 0x64, 0xcd, 0xa5, 0xd5,
    0xe6, 0xdd, 0x06, 0xde, 0x06, 0xde, 0x06, 0xde, 0x06, 0xde, 0x06, 0xde,
    0xe6, 0xdd, 0xe6, 0xdd, 0xe6, 0xdd, 0xe6, 0xdd, 0xe6, 0xdd, 0xe6, 0xdd,
    0xe6, 0xd5, 0xe6, 0xd5, 0xe5, 0xd5, 0xe5, 0xd5, 0xe5, 0xd5, 0xe5, 0xd5,
    0xe5, 0xd5, 0xe5, 0xd5, 0xe5, 0xd5, 0x68, 0xe6, 0x68, 0xe6, 0x68, 0xe6,
    0x68, 0xe6, 0x68, 0xe6, 0x68, 0xe6, 0x68, 0xe6, 0x68, 0xe6, 0x68, 0xe6,
    0x68, 0xe6, 0x68, 0xe6, 0x68, 0xe6, 0x68, 0xe6, 0x68, 0xe6, 0x68, 0xe6,
    0x68, 0xe6, 0x68, 0xe6, 0x68, 0xe6, 0x68, 0xe6, 0x68, 0xe6, 0x68, 0xe6,
    0xe6, 0xd5, 0x84, 0xcd, 0x63, 0xcd, 0x63, 0xcd, 0x63, 0xcd, 0x63, 0xcd,
    0x63, 0xcd, 0x63, 0xcd, 0x63, 0xcd, 0x63, 0xcd, 0x63, 0xcd, 0x63, 0xcd,
    0x63, 0xcd, 0x63, 0xcd, 0x63, 0xcd, 0x63, 0xcd, 0x63, 0xcd, 0x63, 0xcd,
    0x63, 0xcd, 0x63, 0xcd, 0x63, 0xcd, 0x63, 0xcd, 0x63, 0xcd, 0x63, 0xcd,
    0x63, 0xcd, 0x63, 0xcd, 0x63, 0xcd, 0x63, 0xcd, 0x63, 0xcd, 0x63, 0xcd,
    0x63, 0xcd, 0xea, 0xd5, 0xf7, 0xe6, 0x9e, 0xf7, 0x9e, 0xf7, 0x9e, 0xf7,
    0x9e, 0xf7, 0x9e, 0xf7, 0x9e, 0xf7, 0x9e, 0xf7, 0x9e, 0xf7, 0x9e, 0xf7,
    0x9e, 0xf7, 0x9e, 0xf7, 0x9e, 0xf7, 0x9e, 0xf7, 0x9e, 0xf7, 0x9e, 0xf7,
    0x9e, 0xf7, 0x9e, 0xf7, 0x9e, 0xf7, 0x9e, 0xf7, 0x9e, 0xf7, 0x9e, 0xf7,
    0x9e, 0xf7, 0x9e, 0xf7, 0x9e, 0xf7, 0x9e, 0xf7, 0x9e, 0xf7, 0x9e, 0xf7,
    0x9e, 0xf7, 0x9e, 0xf7, 0x9e, 0xf7, 0x9e, 0xf7, 0x9e, 0xf7, 0x9e, 0xf7,
    0x9e, 0xf7, 0x9e, 0xf7, 0x9e, 0xf7, 0x9e, 0xf7, 0x9e, 0xf7, 0x9e, 0xf7,
    0x9e, 0xf7, 0xb4, 0xe6, 0xa7, 0xcd, 0x63, 0xcd, 0x63, 0xcd, 0x64, 0xcd,
    0x64, 0xcd, 0x64, 0xcd, 0x64, 0xcd, 0x64, 0xcd, 0x64, 0xcd, 0x64, 0xcd,
    0x64, 0xcd, 0x64, 0xcd, 0x64, 0xcd, 0x64, 0xcd, 0x64, 0xcd, 0x64, 0xcd,
    0x64, 0xcd, 0x64, 0xcd, 0x64, 0xcd, 0x64, 0xcd, 0x64, 0xcd, 0x64, 0xcd,
    0x64, 0xcd, 0x64, 0xcd, 0x64, 0xcd, 0x64, 0xcd, 0x64, 0xcd, 0x64, 0xcd,
    0x64, 0xcd, 0x64, 0xcd, 0x64, 0xcd, 0xa5, 0xd5, 0xe6, 0xdd, 0x06, 0xde,
    0x06, 0xde, 0x06, 0xde, 0x06, 0xde, 0x06, 0xde, 0x06, 0xde, 0x06, 0xde,
    0xe6, 0xdd, 0xe6, 0xdd, 0xe6, 0xdd, 0xe6, 0xdd, 0xe6, 0xdd, 0xe6, 0xdd,
    0xe6, 0xd5, 0xe6, 0xd5, 0xe5, 0xd5, 0xe5, 0xd5, 0xe5, 0xd5, 0xe5, 0xd5,
    0xe5, 0xd5, 0xe5, 0xd5, 0xe5, 0xd5, 0x68, 0xe6, 0x68, 0xe6, 0x68, 0xe6,
    0x68, 0xe6, 0x68, 0xe6, 0x68, 0xe6, 0x68, 0xe6, 0x68, 0xe6, 0x68, 0xe6,
    0x68, 0xe6, 0x68, 0xe6, 0x68, 0xe6, 0x68, 0xe6, 0x68, 0xe6, 0x68, 0xe6,
    0x68, 0xe6, 0x68, 0xe6, 0x68, 0xe6, 0x68, 0xe6, 0x68, 0xe6, 0x68, 0xe6,
    0x68, 0xe6, 0x68, 0xe6, 0xe6, 0xd5, 0x63, 0xcd, 0x63, 0xcd, 0x63, 0xcd,
    0x63, 0xcd, 0x63, 0xcd, 0x63, 0xcd, 0x63, 0xcd, 0x63, 0xcd, 0x63, 0xcd,
    0x63, 0xcd, 0x63, 0xcd, 0x63, 0xcd, 0x63, 0xcd, 0x63, 0xcd, 0x63, 0xcd,
    0x63, 0xcd, 0x63, 0xcd, 0x63, 0xcd, 0x63, 0xcd, 0x63, 0xcd, 0x63, 0xcd,
    0x63, 0xcd, 0x63, 0xcd, 0x63, 0xcd, 0x63, 0xcd, 0x63, 0xcd, 0x63, 0xcd,
    0x63, 0xcd, 0x63, 0xcd, 0x63, 0xcd, 0xea, 0xd5, 0xf7, 0xe6, 0x9e, 0xf7,
    0x9e, 0xf7, 0x9e, 0xf7, 0x9e, 0xf7, 0x9e, 0xf7, 0x9e, 0xf7, 0x9e, 0xf7,
    0x9e, 0xf7, 0x9e, 0xf7, 0x9e, 0xf7, 0x9e, 0xf7, 0x9e, 0xf7, 0x9e, 0xf7,
    0x9e, 0xf7, 0x9e, 0xf7, 0x9e, 0xf7, 0x9e, 0xf7, 0x9e, 0xf7, 0x9e, 0xf7,
    0x9e, 0xf7, 0x9e, 0xf7, 0x9e, 0xf7, 0x9e, 0xf7, 0x9e, 0xf7, 0x9e, 0xf7,
    0x9e, 0xf7, 0x9e, 0xf7, 0x9e, 0xf7, 0x9e, 0xf7, 0x9e, 0xf7, 0x9e, 0xf7,
    0x9e, 0xf7, 0x9e, 0xf7, 0x9e, 0xf7, 0x9e, 0xf7, 0x9e, 0xf7, 0xb4, 0xe6,
    0xa7, 0xcd, 0x64, 0xcd, 0x64, 0xcd, 0x64, 0xcd, 0x64, 0xcd, 0x64, 0xcd,
    0x64, 0xcd, 0x64, 0xcd, 0x64, 0xcd, 0x64, 0xcd, 0x64, 0xcd, 0x64, 0xcd,
    0x64, 0xcd, 0x64, 0xcd, 0x64, 0xcd, 0x64, 0xcd, 0x64, 0xcd, 0x64, 0xcd,
    0x64, 0xcd, 0x64, 0xcd, 0x64, 0xcd, 0x64, 0xcd, 0x64, 0xcd, 0x64, 0xcd,
    0x64, 0xcd, 0x64, 0xcd, 0x64, 0xcd, 0x64, 0xcd, 0x64, 0xcd, 0x64, 0xcd,
    0x64, 0xcd, 0xa5, 0xd5, 0x06, 0xde, 0x06, 0xde, 0x06, 0xde, 0x06, 0xde,
    0x06, 0xde, 0x06, 0xde, 0x06, 0xde, 0x06, 0xde, 0x06, 0xde, 0xe6, 0xdd,
    0xe6, 0xdd, 0xe6, 0xdd, 0xe6, 0xdd, 0xe6, 0xdd, 0xe6, 0xdd, 0xe6, 0xd5,
    0xe6, 0xd5, 0xe5, 0xd5, 0xe5, 0xd5, 0xe5, 0xd5, 0xe5, 0xd5, 0xe5, 0xd5,
    0xe5, 0xd5, 0xe5, 0xd5, 0xe5, 0xd5, 0x68, 0xe6, 0x68, 0xe6, 0x68, 0xe6,
    0x68, 0xe6, 0x68, 0xe6, 0x68, 0xe6, 0x68, 0xe6, 0x68, 0xe6, 0x68, 0xe6,
    0x68, 0xe6, 0x68, 0xe6, 0x68, 0xe6, 0x68, 0xe6, 0x68, 0xe6, 0x68, 0xe6,
    0x68, 0xe6, 0x68, 0xe6, 0x68, 0xe6, 0x68, 0xe6, 0x68, 0xe6, 0x68, 0xe6,
    0x68, 0xe6, 0x68, 0xe6, 0x68, 0xe6, 0x48, 0xe6, 0xc5, 0xd5, 0x63, 0xcd,
    0x63, 0xcd, 0x63, 0xcd, 0x63, 0xcd, 0x63, 0xcd, 0x63, 0xcd, 0x63, 0xcd,
    0x63, 0xcd, 0x63, 0xcd, 0x63, 0xcd, 0x63, 0xcd, 0x63, 0xcd, 0x63, 0xcd,
    0x63, 0xcd, 0x63, 0xcd, 0x63, 0xcd, 0x63, 0xcd, 0x63, 0xcd, 0x63, 0xcd,
    0x63, 0xcd, 0x63, 0xcd, 0x63, 0xcd, 0x63, 0xcd, 0x63, 0xcd, 0x63, 0xcd,
    0x63, 0xcd, 0x63, 0xcd, 0x63, 0xcd, 0x63, 0xcd, 0x63, 0xcd, 0xea, 0xd5,
    0xf7, 0xe6, 0x9e, 0xf7, 0x9e, 0xf7, 0x9e, 0xf7, 0x9e, 0xf7, 0x9e, 0xf7,
    0x9e, 0xf7, 0x9e, 0xf7, 0x9e, 0xf7, 0x9e, 0xf7, 0x9e, 0xf7, 0x9e, 0xf7,
    0x9e, 0xf7, 0x9e, 0xf7, 0x9e, 0xf7, 0x9e, 0xf7, 0x9e, 0xf7, 0x9e, 0xf7,
    0x9e, 0xf7, 0x9e, 0xf7, 0x9e, 0xf7, 0x9e, 0xf7, 0x9e, 0xf7, 0x9e, 0xf7,
    0x9e, 0xf7, 0x9e, 0xf7, 0x9e, 0xf7, 0x9e, 0xf7, 0x9e, 0xf7, 0x9e, 0xf7,
    0x9e, 0xf7, 0x9e, 0xf7, 0x9e, 0xf7, 0xb4, 0xe6, 0xa7, 0xcd, 0x64, 0xcd,
    0x64, 0xcd, 0x64, 0xcd, 0x64, 0xcd, 0x64, 0xcd, 0x64, 0xcd, 0x64, 0xcd,
    0x64, 0xcd, 0x64, 0xcd, 0x64, 0xcd, 0x64, 0xcd, 0x64, 0xcd, 0x64, 0xcd,
    0x64, 0xcd, 0x64, 0xcd, 0x64, 0xcd, 0x64, 0xcd, 0x64, 0xcd, 0x64, 0xcd,
    0x64, 0xcd, 0x64, 0xcd, 0x64, 0xcd, 0x64, 0xcd, 0x64, 0xcd, 0x64, 0xcd,
    0x64, 0xcd, 0x64, 0xcd, 0x64, 0xcd, 0x64, 0xcd, 0x64, 0xcd, 0xa5, 0xd5,
    0x06, 0xde, 0x06, 0xde, 0x06, 0xde, 0x06, 0xde, 0x06, 0xde, 0x06, 0xde,
    0x06, 0xde, 0x06, 0xde, 0x06, 0xde, 0x06, 0xde, 0x06, 0xde, 0xe6, 0xdd,
    0xe6, 0xdd, 0xe6, 0xdd, 0xe6, 0xdd, 0xe6, 0xdd, 0xe6, 0xdd, 0xe6, 0xd5,
    0xe6, 0xd5, 0xe5, 0xd5, 0xe5, 0xd5, 0xe5, 0xd5, 0xe5, 0xd5, 0xe5, 0xd5,
    0xe5, 0xd5, 0x46, 0xdc, 0x66, 0xe2, 0x26, 0xe2, 0x47, 0xe4, 0x68, 0xe6,
    0x68, 0xe6, 0x68, 0xe6, 0x68, 0xe6, 0x68, 0xe6, 0x68, 0xe6, 0x68, 0xe6,
    0x68, 0xe6, 0x68, 0xe6, 0x68, 0xe6, 0x68, 0xe6, 0x68, 0xe6, 0x68, 0xe6,
    0x68, 0xe6, 0x68, 0xe6, 0x68, 0xe6, 0x68, 0xe6, 0x68, 0xe6, 0x68, 0xe6,
    0x68, 0xe6, 0x68, 0xe6, 0x68, 0xe6, 0x68, 0xe6, 0x68, 0xe6, 0x48, 0xe6,
    0xc5, 0xd5, 0x63, 0xcd, 0x63, 0xcd, 0x63, 0xcd, 0x63, 0xcd, 0x63, 0xcd,
    0x63, 0xcd, 0x63, 0xcd, 0x63, 0xcd, 0x63, 0xcd, 0x63, 0xcd, 0x63, 0xcd,
    0x63, 0xcd, 0x63, 0xcd, 0x63, 0xcd, 0x63, 0xcd, 0x63, 0xcd, 0x63, 0xcd,
    0x63, 0xcd, 0x63, 0xcd, 0x63, 0xcd, 0x63, 0xcd, 0x63, 0xcd, 0x63, 0xcd,
    0x63, 0xcd, 0x63, 0xcd, 0x63, 0xcd, 0x63, 0xcd, 0x63, 0xcd, 0x63, 0xcd,
    0x63, 0xcd, 0xea, 0xd5, 0xf7, 0xe6, 0x9e, 0xf7, 0x9e, 0xf7, 0x9e, 0xf7,
    0x9e, 0xf7, 0x9e, 0xf7, 0x9e, 0xf7, 0x9e, 0xf7, 0x9e, 0xf7, 0x9e, 0xf7,
    0x9e, 0xf7, 0x9e, 0xf7, 0x9e, 0xf7, 0x9e, 0xf7, 0x9e, 0xf7, 0x9e, 0xf7,
    0x9e, 0xf7, 0x9e, 0xf7, 0x9e, 0xf7, 0x9e, 0xf7, 0x9e, 0xf7, 0x9e, 0xf7,
    0x9e, 0xf7, 0x9e, 0xf7, 0x9e, 0xf7, 0x9e, 0xf7, 0x9e, 0xf7, 0x9e, 0xf7,
    0x9e, 0xf7, 0xf7, 0xe6, 0xea, 0xd5, 0x64, 0xcd, 0x64, 0xcd, 0x64, 0xcd,
    0x64, 0xcd, 0x64, 0xcd, 0x64, 0xcd, 0x64, 0xcd, 0x64, 0xcd, 0x64, 0xcd,
    0x64, 0xcd, 0x64, 0xcd, 0x64, 0xcd, 0x64, 0xcd, 0x64, 0xcd, 0x64, 0xcd,
    0x64, 0xcd, 0x64, 0xcd, 0x64, 0xcd, 0x64, 0xcd, 0x64, 0xcd, 0x64, 0xcd,
    0x64, 0xcd, 0x64, 0xcd, 0x64, 0xcd, 0x64, 0xcd, 0x64, 0xcd, 0x64, 0xcd,
    0x64, 0xcd, 0x64, 0xcd, 0x64, 0xcd, 0xa5, 0xd5, 0x06, 0xde, 0x06, 0xde,
    0x06, 0xde, 0x06, 0xde, 0x06, 0xde, 0x06, 0xde, 0x06, 0xde, 0x06, 0xde,
    0x06, 0xde, 0x06, 0xde, 0x06, 0xde, 0x06, 0xde, 0x06, 0xde, 0xe6, 0xdd,
    0xe6, 0xdd, 0xe6, 0xdd, 0xe6, 0xdd, 0xe6, 0xdd, 0xe6, 0xdd, 0xe6, 0xd5,
    0xe6, 0xd5, 0xe5, 0xd5, 0xe5, 0xd5, 0xe5, 0xd5, 0xe5, 0xd5, 0xe5, 0xd5,
    0xc5, 0xdc, 0x86, 0xe1, 0x86, 0xe1, 0x86, 0xe1, 0x86, 0xe1, 0x87, 0xe4,
    0x68, 0xe6, 0x68, 0xe6, 0x68, 0xe6, 0x68, 0xe6, 0x68, 0xe6, 0x68, 0xe6,
    0x68, 0xe6, 0x68, 0xe6, 0x68, 0xe6, 0x68, 0xe6, 0x68, 0xe6, 0x68, 0xe6,
    0x68, 0xe6, 0x68, 0xe6, 0x68, 0xe6, 0x68, 0xe6, 0x68, 0xe6, 0x68, 0xe6,
    0x68, 0xe6, 0x68, 0xe6, 0x68, 0xe6, 0x68, 0xe6, 0x68, 0xe6, 0x68, 0xe6,
    0x68, 0xe6, 0x48, 0xe6, 0xc5, 0xd5, 0x63, 0xcd, 0x63, 0xcd, 0x63, 0xcd,
    0x63, 0xcd, 0x63, 0xcd, 0x63, 0xcd, 0x63, 0xcd, 0x63, 0xcd, 0x63, 0xcd,
    0x63, 0xcd, 0x63, 0xcd, 0x63, 0xcd, 0x63, 0xcd, 0x63, 0xcd, 0x63, 0xcd,
    0x63, 0xcd, 0x63, 0xcd, 0x63, 0xcd, 0x63, 0xcd, 0x63, 0xcd, 0x63, 0xcd,
    0x63, 0xcd, 0x63, 0xcd, 0x63, 0xcd, 0x63, 0xcd, 0x63, 0xcd, 0x63, 0xcd,
    0x63, 0xcd, 0x63, 0xcd, 0x63, 0xcd, 0xea, 0xd5, 0xf7, 0xe6, 0x9e, 0xf7,
    0x9e, 0xf7, 0x9e, 0xf7, 0x9e, 0xf7, 0x9e, 0xf7, 0x9e, 0xf7, 0x9e, 0xf7,
    0x9e, 0xf7, 0x9e, 0xf7, 0x9e, 0xf7, 0x9e, 0xf7, 0x9e, 0xf7, 0x9e, 0xf7,
    0x9e, 0xf7, 0x9e, 0xf7, 0x9e, 0xf7, 0x9e, 0xf7, 0x9e, 0xf7, 0x9e, 0xf7,
    0x9e, 0xf7, 0x9e, 0xf7, 0x9e, 0xf7, 0x9e, 0xf7, 0x9e, 0xf7, 0x39, 0xef,
    0xea, 0xd5, 0x64, 0xcd, 0x64, 0xcd, 0x64, 0xcd, 0x64, 0xcd, 0x64, 0xcd,
    0x64, 0xcd, 0x64, 0xcd, 0x64, 0xcd, 0x64, 0xcd, 0x64, 0xcd, 0x64, 0xcd,
    0x64, 0xcd, 0x64, 0xcd, 0x64, 0xcd, 0x64, 0xcd, 0x64, 0xcd, 0x64, 0xcd,
    0x64, 0xcd, 0x64, 0xcd, 0x64, 0xcd, 0x64, 0xcd, 0x64, 0xcd, 0x64, 0xcd,
    0x64, 0xcd, 0x64, 0xcd, 0x64, 0xcd, 0x64, 0xcd, 0x64, 0xcd, 0x64, 0xcd,
    0x64, 0xcd, 0xa4, 0xd5, 0x06, 0xde, 0x06, 0xde, 0x06, 0xde, 0x06, 0xde,
    0x06, 0xde, 0x06, 0xde, 0x06, 0xde, 0x06, 0xde, 0x06, 0xde, 0x06, 0xde,
    0x06, 0xde, 0x06, 0xde, 0x06, 0xde, 0x06, 0xde, 0x06, 0xde, 0xe6, 0xdd,
    0xe6, 0xdd, 0xe6, 0xdd, 0xe6, 0xdd, 0xe6, 0xdd, 0xe6, 0xdd, 0xe6, 0xd5,
    0xe6, 0xd5, 0xe5, 0xd5, 0xe5, 0xd5, 0xe5, 0xd5, 0xe5, 0xd5, 0xe5, 0xd5,
    0x26, 0xe3, 0x86, 0xe1, 0x86, 0xe1, 0x86, 0xe1, 0x86, 0xe1, 0x67, 0xe3,
    0x68, 0xe6, 0x68, 0xe6, 0x68, 0xe6, 0x68, 0xe6, 0x68, 0xe6, 0x68, 0xe6,
    0x68, 0xe6, 0x68, 0xe6, 0x68, 0xe6, 0x68, 0xe6, 0x68, 0xe6, 0x68, 0xe6,
    0x68, 0xe6, 0x68, 0xe6, 0x68, 0xe6, 0x68, 0xe6, 0x68, 0xe6, 0x68, 0xe6,
    0x68, 0xe6, 0x68, 0xe6, 0x68, 0xe6, 0x68, 0xe6, 0x68, 0xe6, 0x68, 0xe6,
    0x68, 0xe6, 0x68, 0xe6, 0x68, 0xe6, 0x48, 0xe6, 0xc5, 0xd5, 0x63, 0xcd,
    0x63, 0xcd, 0x63, 0xcd, 0x63, 0xcd, 0x63, 0xcd, 0x63, 0xcd, 0x63, 0xcd,
    0x63, 0xcd, 0x63, 0xcd, 0x63, 0xcd, 0x63, 0xcd, 0x63, 0xcd, 0x63, 0xcd,
    0x63, 0xcd, 0x63, 0xcd, 0x63, 0xcd, 0x63, 0xcd, 0x63, 0xcd, 0x63, 0xcd,
    0x63, 0xcd, 0x63, 0xcd, 0x63, 0xcd, 0x63, 0xcd, 0x63, 0xcd, 0x63, 0xcd,
    0x63, 0xcd, 0x63, 0xcd, 0x63, 0xcd, 0x63, 0xcd, 0x63, 0xcd, 0xea, 0xd5,
    0x19, 0xef, 0x9e, 0xf7, 0x9e, 0xf7, 0x9e, 0xf7, 0x9e, 0xf7, 0x9e, 0xf7,
    0x9e, 0xf7, 0x9e, 0xf7, 0x9e, 0xf7, 0x9e, 0xf7, 0x9e, 0xf7, 0x9e, 0xf7,
    0x9e, 0xf7, 0x9e, 0xf7, 0x9e, 0xf7, 0x9e, 0xf7, 0x9e, 0xf7, 0x9e, 0xf7,
    0x9e, 0xf7, 0x9e, 0xf7, 0x9e, 0xf7, 0x9e, 0xf7, 0x9e, 0xf7, 0x4e, 0xde,
    0x84, 0xcd, 0x64, 0xcd, 0x64, 0xcd, 0x64, 0xcd, 0x64, 0xcd, 0x64, 0xcd,
    0x64, 0xcd, 0x64, 0xcd, 0x64, 0xcd, 0x64, 0xcd, 0x64, 0xcd, 0x64, 0xcd,
    0x64, 0xcd, 0x64, 0xcd, 0x64, 0xcd, 0x64, 0xcd, 0x64, 0xcd, 0x64, 0xcd,
    0x64, 0xcd, 0x64, 0xcd, 0x64, 0xcd, 0x64, 0xcd, 0x64, 0xcd, 0x64, 0xcd,
    0x64, 0xcd, 0x64, 0xcd, 0x64, 0xcd, 0x84, 0xcd, 0x84, 0xcd, 0x84, 0xcd,
    0x84, 0xcd, 0x84, 0xcd, 0xc5, 0xd5, 0x06, 0xde, 0x06, 0xde, 0x06, 0xde,
    0x06, 0xde, 0x06, 0xde, 0x06, 0xde, 0x06, 0xde, 0x06, 0xde, 0x06, 0xde,
    0x06, 0xde, 0x06, 0xde, 0x06, 0xde, 0x06, 0xde, 0x06, 0xde, 0xe6, 0xdd,
    0xe6, 0xdd, 0xe6, 0xdd, 0xe6, 0xdd, 0xe6, 0xdd, 0xe6, 0xdd, 0xe6, 0xd5,
    0xe6, 0xd5, 0xe5, 0xd5, 0xe5, 0xd5, 0xe5, 0xd5, 0xe5, 0xd5, 0xe5, 0xd5,
    0x66, 0xdb, 0x86, 0xe1, 0x86, 0xe1, 0x86, 0xe1, 0x86, 0xe1, 0xa7, 0xe3,
    0x68, 0xe6, 0x68, 0xe6, 0x68, 0xe6, 0x68, 0xe6, 0x68, 0xe6, 0x68, 0xe6,
    0x68, 0xe6, 0x68, 0xe6, 0x68, 0xe6, 0x68, 0xe6, 0x68, 0xe6, 0x68, 0xe6,
    0x68, 0xe6, 0x68, 0xe6, 0x68, 0xe6, 0x68, 0xe6, 0x68, 0xe6, 0x68, 0xe6,
    0x68, 0xe6, 0x68, 0xe6, 0x68, 0xe6, 0x68, 0xe6, 0x68, 0xe6, 0x68, 0xe6,
    0x68, 0xe6, 0x68, 0xe6, 0x48, 0xe6, 0xe6, 0xd5, 0x84, 0xcd, 0x64, 0xcd,
    0x64, 0xcd, 0x63, 0xcd, 0x63, 0xcd, 0x63, 0xcd, 0x63, 0xcd, 0x63, 0xcd,
    0x63, 0xcd, 0x63, 0xcd, 0x63, 0xcd, 0x63, 0xcd, 0x63, 0xcd, 0x63, 0xcd,
    0x63, 0xcd, 0x63, 0xcd, 0x63, 0xcd, 0x63, 0xcd, 0x63, 0xcd, 0x63, 0xcd,
    0x63, 0xcd, 0x63, 0xcd, 0x63, 0xcd, 0x63, 0xcd, 0x63, 0xcd, 0x63, 0xcd,
    0x63, 0xcd, 0x63, 0xcd, 0x63, 0xcd, 0x63, 0xcd, 0x63, 0xcd, 0x43, 0xc5,
    0x0d, 0xd6, 0x9e, 0xf7, 0x9e, 0xf7, 0x9e, 0xf7, 0x9e, 0xf7, 0x9e, 0xf7,
    0x9e, 0xf7, 0x9e, 0xf7, 0x9e, 0xf7, 0x9e, 0xf7, 0x9e, 0xf7, 0x9e, 0xf7,
    0x9e, 0xf7, 0x9e, 0xf7, 0x9e, 0xf7, 0x9e, 0xf7, 0x9e, 0xf7, 0x9e, 0xf7,
    0x9e, 0xf7, 0x9e, 0xf7, 0x9e, 0xf7, 0x9e, 0xf7, 0x9e, 0xf7, 0x4e, 0xde,
    0x84, 0xcd, 0xa4, 0xcd, 0x84, 0xcd, 0x64, 0xcd, 0x64, 0xcd, 0x64, 0xcd,
    0x64, 0xcd, 0x64, 0xcd, 0x64, 0xcd, 0x64, 0xcd, 0x64, 0xcd, 0x64, 0xcd,
    0x64, 0xcd, 0x64, 0xcd, 0x64, 0xcd, 0x64, 0xcd, 0x64, 0xcd, 0x64, 0xcd,
    0x64, 0xcd, 0x64, 0xcd, 0x84, 0xcd, 0x84, 0xcd, 0x84, 0xcd, 0x84, 0xcd,
    0x84, 0xcd, 0x84, 0xcd, 0x84, 0xcd, 0x84, 0xcd, 0x84, 0xcd, 0x84, 0xcd,
    0x84, 0xcd, 0x84, 0xcd, 0x84, 0xcd, 0x84, 0xcd, 0xc5, 0xd5, 0x06, 0xde,
    0x06, 0xde, 0x06, 0xde, 0x06, 0xde, 0x06, 0xde, 0x06, 0xde, 0x06, 0xde,
    0x06, 0xde, 0x06, 0xde, 0x06, 0xde, 0x06, 0xde, 0xe6, 0xdd, 0xe6, 0xdd,
    0xe6, 0xdd, 0xe6, 0xdd, 0xe6, 0xdd, 0xe6, 0xdd, 0xe6, 0xd5, 0xe6, 0xd5,
    0xe5, 0xd5, 0xe5, 0xd5, 0xe5, 0xd5, 0xe5, 0xd5, 0xe5, 0xd5, 0xe5, 0xd5,
    0x45, 0xdd, 0x26, 0xe2, 0x86, 0xe1, 0x86, 0xe1, 0x26, 0xe2, 0xc8, 0xe5,
    0x68, 0xe6, 0x68, 0xe6, 0x68, 0xe6, 0x68, 0xe6, 0x68, 0xe6, 0x68, 0xe6,
    0x68, 0xe6, 0x68, 0xe6, 0x68, 0xe6, 0x68, 0xe6, 0x68, 0xe6, 0x68, 0xe6,
    0x68, 0xe6, 0x68, 0xe6, 0x68, 0xe6, 0x68, 0xe6, 0x68, 0xe6, 0x68, 0xe6,
    0x68, 0xe6, 0x68, 0xe6, 0x68, 0xe6, 0x68, 0xe6, 0x68, 0xe6, 0x68, 0xe6,
    0x48, 0xe6, 0xe6, 0xd5, 0x84, 0xcd, 0x64, 0xcd, 0x64, 0xcd, 0x64, 0xcd,
    0x64, 0xcd, 0x64, 0xcd, 0x64, 0xcd, 0x63, 0xcd, 0x63, 0xcd, 0x63, 0xcd,
    0x63, 0xcd, 0x63, 0xcd, 0x63, 0xcd, 0x63, 0xcd, 0x63, 0xcd, 0x63, 0xcd,
    0x63, 0xcd, 0x63, 0xcd, 0x63, 0xcd, 0x63, 0xcd, 0x63, 0xcd, 0x63, 0xcd,
    0x63, 0xcd, 0x63, 0xcd, 0x63, 0xcd, 0x63, 0xcd, 0x63, 0xcd, 0x63, 0xcd,
    0x63, 0xcd, 0x63, 0xcd, 0x63, 0xcd, 0x43, 0xc5, 0x23, 0xc5, 0x23, 0xc5,
    0x0d, 0xd6, 0x9e, 0xf7, 0x9e, 0xf7, 0x9e, 0xf7, 0x9e, 0xf7, 0x9e, 0xf7,
    0x9e, 0xf7, 0x9e, 0xf7, 0x9e, 0xf7, 0x9e, 0xf7, 0x9e, 0xf7, 0x9e, 0xf7,
    0x9e, 0xf7, 0x9e, 0xf7, 0x9e, 0xf7, 0x9e, 0xf7, 0x9e, 0xf7, 0x9e, 0xf7,
    0x9e, 0xf7, 0x9e, 0xf7, 0x9e, 0xf7, 0x9e, 0xf7, 0x9e, 0xf7, 0x4e, 0xde,
    0x84, 0xcd, 0xa4, 0xcd, 0xa4, 0xcd, 0xa4, 0xcd, 0x84, 0xcd, 0x64, 0xcd,
    0x64, 0xcd, 0x64, 0xcd, 0x64, 0xcd, 0x64, 0xcd, 0x64, 0xcd, 0x64, 0xcd,
    0x64, 0xcd, 0x64, 0xcd, 0x84, 0xcd, 0x84, 0xcd, 0x84, 0xcd, 0x84, 0xcd,
    0x84, 0xcd, 0x84, 0xcd, 0x84, 0xcd, 0x84, 0xcd, 0x84, 0xcd, 0x84, 0xcd,
    0x84, 0xcd, 0x84, 0xcd, 0x84, 0xcd, 0x84, 0xcd, 0x84, 0xcd, 0x84, 0xcd,
    0x84, 0xcd, 0x84, 0xcd, 0x84, 0xcd, 0x84, 0xcd, 0x84, 0xcd, 0x84, 0xcd,
    0xc5, 0xd5, 0x06, 0xde, 0x06, 0xde, 0x06, 0xde, 0x06, 0xde, 0x06, 0xde,
    0x06, 0xde, 0x06, 0xde, 0x06, 0xde, 0x06, 0xde, 0xe6, 0xdd, 0xe6, 0xdd,
    0xe6, 0xdd, 0xe6, 0xdd, 0xe6, 0xdd, 0xe6, 0xdd, 0xe6, 0xd5, 0xe6, 0xd5,
    0xe5, 0xd5, 0xe5, 0xd5, 0xe5, 0xd5, 0xe5, 0xd5, 0xe5, 0xd5, 0xe5, 0xd5,
    0xe5, 0xd5, 0x85, 0xd5, 0x06, 0xdc, 0x47, 0xe4, 0xc8, 0xe5, 0x68, 0xe6,
    0x68, 0xe6, 0x68, 0xe6, 0x68, 0xe6, 0x68, 0xe6, 0x68, 0xe6, 0x68, 0xe6,
    0x68, 0xe6, 0x68, 0xe6, 0x68, 0xe6, 0x68, 0xe6, 0x68, 0xe6, 0x68, 0xe6,
    0x68, 0xe6, 0x68, 0xe6, 0x68, 0xe6, 0x68, 0xe6, 0x68, 0xe6, 0x68, 0xe6,
    0x68, 0xe6, 0x68, 0xe6, 0x68, 0xe6, 0x68, 0xe6, 0x48, 0xe6, 0xe6, 0xd5,
    0x84, 0xcd, 0x64, 0xcd, 0x64, 0xcd, 0x64, 0xcd, 0x64, 0xcd, 0x64, 0xcd,
    0x64, 0xcd, 0x64, 0xcd, 0x64, 0xcd, 0x64, 0xcd, 0x64, 0xcd, 0x64, 0xcd,
    0x63, 0xcd, 0x63, 0xcd, 0x63, 0xcd, 0x63, 0xcd, 0x63, 0xcd, 0x63, 0xcd,
    0x63, 0xcd, 0x63, 0xcd, 0x63, 0xcd, 0x63, 0xcd, 0x63, 0xcd, 0x63, 0xcd,
    0x63, 0xcd, 0x63, 0xcd, 0x63, 0xcd, 0x63, 0xcd, 0x63, 0xcd, 0x63, 0xcd,
    0x63, 0xcd, 0x43, 0xc5, 0x23, 0xc5, 0x23, 0xc5, 0x23, 0xc5, 0x23, 0xc5,
    0x0d, 0xd6, 0x9e, 0xf7, 0x9e, 0xf7, 0x9e, 0xf7, 0x9e, 0xf7, 0x9e, 0xf7,
    0x9e, 0xf7, 0x9e, 0xf7, 0x9e, 0xf7, 0x9e, 0xf7, 0x9e, 0xf7, 0x9e, 0xf7,
    0x9e, 0xf7, 0x9e, 0xf7, 0x9e, 0xf7, 0x9e, 0xf7, 0x9e, 0xf7, 0x9e, 0xf7,
    0x9e, 0xf7, 0x9e, 0xf7, 0x9e, 0xf7, 0x9e, 0xf7, 0x9e, 0xf7, 0x4e, 0xde,
    0x84, 0xcd, 0xa4, 0xcd, 0xa4, 0xcd, 0xa4, 0xcd, 0xa4, 0xd5, 0xa4, 0xd5,
    0x84, 0xcd, 0x84, 0xcd, 0x64, 0xcd, 0x84, 0xcd, 0x84, 0xcd, 0x84, 0xcd,
    0x84, 0xcd, 0x84, 0xcd, 0x84, 0xcd, 0x84, 0xcd, 0x84, 0xcd, 0x84, 0xcd,
    0x84, 0xcd, 0x84, 0xcd, 0x84, 0xcd, 0x84, 0xcd, 0x84, 0xcd, 0x84, 0xcd,
    0x84, 0xcd, 0x84, 0xcd, 0x84, 0xcd, 0x84, 0xcd, 0x84, 0xcd, 0x84, 0xcd,
    0x84, 0xcd, 0x84, 0xcd, 0x84, 0xcd, 0x84, 0xcd, 0x84, 0xcd, 0x84, 0xcd,
    0x84, 0xcd, 0x84, 0xcd, 0xc5, 0xd5, 0x06, 0xde, 0x06, 0xde, 0x06, 0xde,
    0x06, 0xde, 0x06, 0xde, 0x06, 0xde, 0x06, 0xde, 0xe6, 0xdd, 0xe6, 0xdd,
    0xe6, 0xdd, 0xe6, 0xdd, 0xe6, 0xdd, 0xe6, 0xdd, 0xe6, 0xd5, 0xe6, 0xd5,
    0xe5, 0xd5, 0xe5, 0xd5, 0xe5, 0xd5, 0xe5, 0xd5, 0xe5, 0xd5, 0xe5, 0xd5,
    0xe5, 0xd5, 0xe5, 0xd5, 0xc5, 0xd5, 0x68, 0xe6, 0x68, 0xe6, 0x68, 0xe6,
    0x68, 0xe6, 0x68, 0xe6, 0x68, 0xe6, 0x68, 0xe6, 0x68, 0xe6, 0x68, 0xe6,
    0x68, 0xe6, 0x68, 0xe6, 0x68, 0xe6, 0x68, 0xe6, 0x68, 0xe6, 0x68, 0xe6,
    0x68, 0xe6, 0x68, 0xe6, 0x68, 0xe6, 0x68, 0xe6, 0x68, 0xe6, 0x68, 0xe6,
    0x68, 0xe6, 0x68, 0xe6, 0x68, 0xe6, 0x06, 0xde, 0x84, 0xcd, 0x64, 0xcd,
    0x64, 0xcd, 0x64, 0xcd, 0x64, 0xcd, 0x64, 0xcd, 0x64, 0xcd, 0x64, 0xcd,
    0x64, 0xcd, 0x64, 0xcd, 0x64, 0xcd, 0x64, 0xcd, 0x64, 0xcd, 0x64, 0xcd,
    0x64, 0xcd, 0x64, 0xcd, 0x64, 0xcd, 0x63, 0xcd, 0x63, 0xcd, 0x63, 0xcd,
    0x63, 0xcd, 0x63, 0xcd, 0x63, 0xcd, 0x63, 0xcd, 0x63, 0xcd, 0x63, 0xcd,
    0x63, 0xcd, 0x63, 0xcd, 0x63, 0xcd, 0x63, 0xcd, 0x63, 0xcd, 0x43, 0xc5,
    0x23, 0xc5, 0x23, 0xc5, 0x23, 0xc5, 0x23, 0xc5, 0x23, 0xc5, 0x23, 0xc5,
    0x0d, 0xd6, 0x9e, 0xf7, 0x9e, 0xf7, 0x9e, 0xf7, 0x9e, 0xf7, 0x9e, 0xf7,
    0x9e, 0xf7, 0x9e, 0xf7, 0x9e, 0xf7, 0x9e, 0xf7, 0x9e, 0xf7, 0x9e, 0xf7,
    0x9e, 0xf7, 0x9e, 0xf7, 0x9e, 0xf7, 0x9e, 0xf7, 0x9e, 0xf7, 0x9e, 0xf7,
    0x9e, 0xf7, 0x9e, 0xf7, 0x9e, 0xf7, 0x9e, 0xf7, 0x9e, 0xf7, 0x4e, 0xde,
    0x84, 0xcd, 0x84, 0xcd, 0xa4, 0xcd, 0xa4, 0xcd, 0xa4, 0xd5, 0xa4, 0xd5,
    0xa4, 0xd5, 0xa4, 0xd5, 0x84, 0xcd, 0x84, 0xcd, 0x84, 0xcd, 0x84, 0xcd,
    0x84, 0xcd, 0x84, 0xcd, 0x84, 0xcd, 0x84, 0xcd, 0x84, 0xcd, 0x84, 0xcd,
    0x84, 0xcd, 0x84, 0xcd, 0x84, 0xcd, 0x84, 0xcd, 0x84, 0xcd, 0x84, 0xcd,
    0x84, 0xcd, 0x84, 0xcd, 0x84, 0xcd, 0x84, 0xcd, 0x84, 0xcd, 0x84, 0xcd,
    0x84, 0xcd, 0x84, 0xcd, 0x84, 0xcd, 0x84, 0xcd, 0x84, 0xcd, 0x84, 0xcd,
    0x84, 0xcd, 0x84, 0xcd, 0x84, 0xcd, 0x84, 0xcd, 0xc5, 0xd5, 0x06, 0xde,
    0x06, 0xde, 0x06, 0xde, 0x06, 0xde, 0x06, 0xde, 0xe6, 0xdd, 0xe6, 0xdd,
    0xe6, 0xdd, 0xe6, 0xdd, 0xe6, 0xdd, 0xe6, 0xdd, 0xe6, 0xd5, 0xe6, 0xd5,
    0xe5, 0xd5, 0xe5, 0xd5, 0xe5, 0xd5, 0xe5, 0xd5, 0xe5, 0xd5, 0xe5, 0xd5,
    0xe5, 0xd5, 0xc5, 0xd5, 0xc5, 0xd5, 0x68, 0xe6, 0x68, 0xe6, 0x68, 0xe6,
    0x68, 0xe6, 0x68, 0xe6, 0x68, 0xe6, 0x68, 0xe6, 0x68, 0xe6, 0x68, 0xe6,
    0x68, 0xe6, 0x68, 0xe6, 0x68, 0xe6, 0x68, 0xe6, 0x68, 0xe6, 0x68, 0xe6,
    0x68, 0xe6, 0x68, 0xe6, 0x68, 0xe6, 0x68, 0xe6, 0x68, 0xe6, 0x68, 0xe6,
    0x68, 0xe6, 0x06, 0xde, 0x84, 0xcd, 0x64, 0xcd, 0x64, 0xcd, 0x64, 0xcd,
    0x64, 0xcd, 0x64, 0xcd, 0x64, 0xcd, 0x64, 0xcd, 0x64, 0xcd, 0x64, 0xcd,
    0x64, 0xcd, 0x64, 0xcd, 0x64, 0xcd, 0x64, 0xcd, 0x64, 0xcd, 0x64, 0xcd,
    0x64, 0xcd, 0x64, 0xcd, 0x64, 0xcd, 0x64, 0xcd, 0x64, 0xcd, 0x63, 0xcd,
    0x63, 0xcd, 0x63, 0xcd, 0x63, 0xcd, 0x63, 0xcd, 0x63, 0xcd, 0x63, 0xcd,
    0x63, 0xcd, 0x63, 0xcd, 0x63, 0xcd, 0x43, 0xc5, 0x23, 0xc5, 0x23, 0xc5,
    0x23, 0xc5, 0x23, 0xc5, 0x23, 0xc5, 0x23, 0xc5, 0x23, 0xc5, 0x23, 0xc5,
    0x0d, 0xd6, 0x9e, 0xf7, 0x9e, 0xf7, 0x9e, 0xf7, 0x9e, 0xf7, 0x9e, 0xf7,
    0x9e, 0xf7, 0x9e, 0xf7, 0x9e, 0xf7, 0x9e, 0xf7, 0x9e, 0xf7, 0x9e, 0xf7,
    0x9e, 0xf7, 0x9e, 0xf7, 0x9e, 0xf7, 0x9e, 0xf7, 0x9e, 0xf7, 0x9e, 0xf7,
    0x9e, 0xf7, 0x9e, 0xf7, 0x9e, 0xf7, 0x9e, 0xf7, 0x9e, 0xf7, 0x4e, 0xde,
    0x84, 0xcd, 0x84, 0xcd, 0xa4, 0xcd, 0xa4, 0xcd, 0xa4, 0xd5, 0xa4, 0xd5,
    0xa4, 0xd5, 0xa4, 0xd5, 0xa4, 0xd5, 0xa4, 0xd5, 0x84, 0xcd, 0x84, 0xcd,
    0x84, 0xcd, 0x84, 0xcd, 0x84, 0xcd, 0x84, 0xcd, 0x84, 0xcd, 0x84, 0xcd,
    0x84, 0xcd, 0x84, 0xcd, 0x84, 0xcd, 0x84, 0xcd, 0x84, 0xcd, 0x84, 0xcd,
    0x84, 0xcd, 0x84, 0xcd, 0x84, 0xcd, 0x84, 0xcd, 0x84, 0xcd, 0x84, 0xcd,
    0x84, 0xcd, 0x84, 0xcd, 0x84, 0xcd, 0x84, 0xcd, 0x84, 0xcd, 0x84, 0xcd,
    0x84, 0xcd, 0x84, 0xcd, 0x84, 0xcd, 0x84, 0xcd, 0x84, 0xcd, 0x84, 0xcd,
    0xc5, 0xd5, 0xe6, 0xdd, 0x06, 0xde, 0xe6, 0xdd, 0xe6, 0xdd, 0xe6, 0xdd,
    0xe6, 0xdd, 0xe6, 0xdd, 0xe6, 0xdd, 0xe6, 0xd5, 0xe6, 0xd5, 0xe5, 0xd5,
    0xe5, 0xd5, 0xe5, 0xd5, 0xe5, 0xd5, 0xe5, 0xd5, 0xe5, 0xd5, 0xe5, 0xd5,
    0xe5, 0xd5, 0xc5, 0xd5, 0xc5, 0xd5, 0x68, 0xe6, 0x68, 0xe6, 0x68, 0xe6,
    0x68, 0xe6, 0x68, 0xe6, 0x68, 0xe6, 0x68, 0xe6, 0x68, 0xe6, 0x68, 0xe6,
    0x68, 0xe6, 0x68, 0xe6, 0x68, 0xe6, 0x68, 0xe6, 0x68, 0xe6, 0x68, 0xe6,
    0x68, 0xe6, 0x68, 0xe6, 0x68, 0xe6, 0x68, 0xe6, 0x68, 0xe6, 0x07, 0xde,
    0xa4, 0xcd, 0x84, 0xcd, 0x64, 0xcd, 0x64, 0xcd, 0x64, 0xcd, 0x64, 0xcd,
    0x64, 0xcd, 0x64, 0xcd, 0x64, 0xcd, 0x64, 0xcd, 0x64, 0xcd, 0x64, 0xcd,
    0x64, 0xcd, 0x64, 0xcd, 0x64, 0xcd, 0x64, 0xcd, 0x64, 0xcd, 0x64, 0xcd,
    0x64, 0xcd, 0x64, 0xcd, 0x64, 0xcd, 0x64, 0xcd, 0x64, 0xcd, 0x64, 0xcd,
    0x64, 0xcd, 0x63, 0xcd, 0x63, 0xcd, 0x63, 0xcd, 0x63, 0xcd, 0x63, 0xcd,
    0x63, 0xcd, 0x43, 0xc5, 0x23, 0xc5, 0x23, 0xc5, 0x23, 0xc5, 0x23, 0xc5,
    0x23, 0xc5, 0x23, 0xc5, 0x23, 0xc5, 0x23, 0xc5, 0x23, 0xc5, 0x23, 0xc5,
    0x0d, 0xd6, 0x9e, 0xf7, 0x9e, 0xf7, 0x9e, 0xf7, 0x9e, 0xf7, 0x9e, 0xf7,
    0x9e, 0xf7, 0x9e, 0xf7, 0x9e, 0xf7, 0x9e, 0xf7, 0x9e, 0xf7, 0x9e, 0xf7,
    0x9e, 0xf7, 0x9e, 0xf7, 0x9e, 0xf7, 0x9e, 0xf7, 0x9e, 0xf7, 0x9e, 0xf7,
    0x9e, 0xf7, 0x9e, 0xf7, 0x9e, 0xf7, 0x9e, 0xf7, 0x9e, 0xf7, 0x4e, 0xde,
    0x84, 0xcd, 0x84, 0xcd, 0xa4, 0xcd, 0xa4, 0xcd, 0xa4, 0xd5, 0xa4, 0xd5,
    0xa4, 0xd5, 0xa4, 0xd5, 0xa4, 0xd5, 0xa4, 0xd5, 0xa4, 0xd5, 0xa4, 0xd5,
    0x84, 0xcd, 0x84, 0xcd, 0x84, 0xcd, 0x84, 0xcd, 0x84, 0xcd, 0x84, 0xcd,
    0x84, 0xcd, 0x84, 0xcd, 0x84, 0xcd, 0x84, 0xcd, 0x84, 0xcd, 0x84, 0xcd,
    0x84, 0xcd, 0x84, 0xcd, 0x84, 0xcd, 0x84, 0xcd, 0x84, 0xcd, 0x84, 0xcd,
    0x84, 0xcd, 0x84, 0xcd, 0x84, 0xcd, 0x84, 0xcd, 0x84, 0xcd, 0x84, 0xcd,
    0x84, 0xcd, 0x84, 0xcd, 0x84, 0xcd, 0x84, 0xcd, 0x84, 0xcd, 0x84, 0xcd,
    0x84, 0xcd, 0x84, 0xcd, 0xc5, 0xd5, 0xe6, 0xdd, 0xe6, 0xdd, 0xe6, 0xdd,
    0xe6, 0xdd, 0xe6, 0xdd, 0xe6, 0xdd, 0xe6, 0xd5, 0xe6, 0xd5, 0xe5, 0xd5,
    0xe5, 0xd5, 0xe5, 0xd5, 0xe5, 0xd5, 0xe5, 0xd5, 0xe5, 0xd5, 0xe5, 0xd5,
    0xe5, 0xd5, 0xc5, 0xd5, 0xc5, 0xd5, 0x68, 0xe6, 0x68, 0xe6, 0x68, 0xe6,
    0x68, 0xe6, 0x68, 0xe6, 0x68, 0xe6, 0x68, 0xe6, 0x68, 0xe6, 0x68, 0xe6,
    0x68, 0xe6, 0x68, 0xe6, 0x68, 0xe6, 0x68, 0xe6, 0x68, 0xe6, 0x68, 0xe6,
    0x68, 0xe6, 0x68, 0xe6, 0x68, 0xe6, 0x06, 0xde, 0xa4, 0xcd, 0x84, 0xcd,
    0x84, 0xcd, 0x84, 0xcd, 0x84, 0xcd, 0x84, 0xcd, 0x84, 0xcd, 0x84, 0xcd,
    0x64, 0xcd, 0x64, 0xcd, 0x64, 0xcd, 0x64, 0xcd, 0x64, 0xcd, 0x64, 0xcd,
    0x64, 0xcd, 0x64, 0xcd, 0x64, 0xcd, 0x64, 0xcd, 0x64, 0xcd, 0x64, 0xcd,
    0x64, 0xcd, 0x64, 0xcd, 0x64, 0xcd, 0x64, 0xcd, 0x64, 0xcd, 0x64, 0xcd,
    0x64, 0xcd, 0x64, 0xcd, 0x64, 0xcd, 0x63, 0xcd, 0x63, 0xcd, 0x43, 0xcd,
    0x43, 0xc5, 0x23, 0xc5, 0x23, 0xc5, 0x23, 0xc5, 0x23, 0xc5, 0x23, 0xc5,
    0x23, 0xc5, 0x23, 0xc5, 0x23, 0xc5, 0x23, 0xc5, 0x23, 0xc5, 0x23, 0xc5,
    0x0d, 0xd6, 0x9e, 0xf7, 0x9e, 0xf7, 0x9e, 0xf7, 0x9e, 0xf7, 0x9e, 0xf7,
    0x9e, 0xf7, 0x9e, 0xf7, 0x9e, 0xf7, 0x9e, 0xf7, 0x9e, 0xf7, 0x9e, 0xf7,
    0x9e, 0xf7, 0x9e, 0xf7, 0x9e, 0xf7, 0x9e, 0xf7, 0x9e, 0xf7, 0x9e, 0xf7,
    0x9e, 0xf7, 0x9e, 0xf7, 0x9e, 0xf7, 0x9e, 0xf7, 0x9e, 0xf7, 0x4e, 0xde,
    0x84, 0xcd, 0x84, 0xcd, 0xa4, 0xcd, 0xa4, 0xcd, 0xa4, 0xcd, 0xa4, 0xd5,
    0xa4, 0xd5, 0xa4, 0xd5, 0xa4, 0xd5, 0xa4, 0xd5, 0xa4, 0xd5, 0xa4, 0xd5,
    0xa4, 0xd5, 0xa5, 0xd5, 0x84, 0xcd, 0x84, 0xcd, 0x84, 0xcd, 0x84, 0xcd,
    0x84, 0xcd, 0x84, 0xcd, 0x84, 0xcd, 0x84, 0xcd, 0x84, 0xcd, 0x84, 0xcd,
    0x84, 0xcd, 0x84, 0xcd, 0x84, 0xcd, 0x84, 0xcd, 0x84, 0xcd, 0x84, 0xcd,
    0x84, 0xcd, 0x84, 0xcd, 0x84, 0xcd, 0x84, 0xcd, 0x84, 0xcd, 0x84, 0xcd,
    0x84, 0xcd, 0x84, 0xcd, 0x84, 0xcd, 0x84, 0xcd, 0x84, 0xcd, 0x84, 0xcd,
    0x84, 0xcd, 0x84, 0xcd, 0x84, 0xcd, 0x84, 0xcd, 0xc5, 0xd5, 0xe6, 0xdd,
    0xe6, 0xdd, 0xe6, 0xdd, 0xe6, 0xdd, 0xe6, 0xd5, 0xe6, 0xd5, 0xe5, 0xd5,
    0xe5, 0xd5, 0xe5, 0xd5, 0xe5, 0xd5, 0xe5, 0xd5, 0xe5, 0xd5, 0xe5, 0xd5,
    0xc5, 0xd5, 0xc5, 0xd5, 0xc5, 0xd5, 0x68, 0xe6, 0x68, 0xe6, 0x68, 0xe6,
    0x68, 0xe6, 0x68, 0xe6, 0x68, 0xe6, 0x68, 0xe6, 0x68, 0xe6, 0x68, 0xe6,
    0x68, 0xe6, 0x68, 0xe6, 0x68, 0xe6, 0x68, 0xe6, 0x68, 0xe6, 0x68, 0xe6,
    0x68, 0xe6, 0x06, 0xde, 0xa4, 0xcd, 0x84, 0xcd, 0x84, 0xcd, 0x84, 0xcd,
    0x84, 0xcd, 0x84, 0xcd, 0x84, 0xcd, 0x84, 0xcd, 0x84, 0xcd, 0x84, 0xcd,
    0x84, 0xcd, 0x84, 0xcd, 0x64, 0xcd, 0x64, 0xcd, 0x64, 0xcd, 0x64, 0xcd,
    0x64, 0xcd, 0x64, 0xcd, 0x64, 0xcd, 0x64, 0xcd, 0x64, 0xcd, 0x64, 0xcd,
    0x64, 0xcd, 0x64, 0xcd, 0x64, 0xcd, 0x64, 0xcd, 0x64, 0xcd, 0x64, 0xcd,
    0x64, 0xcd, 0x64, 0xcd, 0x63, 0xcd, 0x43, 0xcd, 0x43, 0xc5, 0x23, 0xc5,
    0x23, 0xc5, 0x23, 0xc5, 0x23, 0xc5, 0x23, 0xc5, 0x23, 0xc5, 0x23, 0xc5,
    0x23, 0xc5, 0x23, 0xc5, 0x23, 0xc5, 0x23, 0xc5, 0x23, 0xc5, 0x23, 0xc5,
    0x0d, 0xd6, 0x9e, 0xf7, 0x9e, 0xf7, 0x9e, 0xf7, 0x9e, 0xf7, 0x9e, 0xf7,
    0x9e, 0xf7, 0x9e, 0xf7, 0x9e, 0xf7, 0x9e, 0xf7, 0x9e, 0xf7, 0x9e, 0xf7,
    0x9e, 0xf7, 0x9e, 0xf7, 0x9e, 0xf7, 0x9e, 0xf7, 0x9e, 0xf7, 0x9e, 0xf7,
    0x9e, 0xf7, 0x9e, 0xf7, 0x9e, 0xf7, 0x9e, 0xf7, 0x9e, 0xf7, 0x4e, 0xde,
    0x84, 0xcd, 0x84, 0xcd, 0xa4, 0xcd, 0xa4, 0xcd, 0xa4, 0xcd, 0xa4, 0xd5,
    0xa4, 0xd5, 0xa4, 0xd5, 0xa4, 0xd5, 0xa4, 0xd5, 0xa4, 0xd5, 0xa4, 0xd5,
    0xa4, 0xd5, 0xa5, 0xd5, 0xa5, 0xd5, 0xa5, 0xd5, 0xa4, 0xcd, 0x84, 0xcd,
    0x84, 0xcd, 0x84, 0xcd, 0x84, 0xcd, 0x84, 0xcd, 0x84, 0xcd, 0x84, 0xcd,
    0x84, 0xcd, 0x84, 0xcd, 0x84, 0xcd, 0x84, 0xcd, 0x84, 0xcd, 0x84, 0xcd,
    0x84, 0xcd, 0x84, 0xcd, 0x84, 0xcd, 0x84, 0xcd, 0x84, 0xcd, 0x84, 0xcd,
    0x84, 0xcd, 0x84, 0xcd, 0x84, 0xcd, 0x84, 0xcd, 0x84, 0xcd, 0x84, 0xcd,
    0x84, 0xcd, 0x84, 0xcd, 0x84, 0xcd, 0x84, 0xcd, 0x84, 0xcd, 0x84, 0xcd,
    0xc5, 0xd5, 0xe6, 0xdd, 0xe6, 0xd5, 0xe6, 0xd5, 0xe5, 0xd5, 0xe5, 0xd5,
    0xe5, 0xd5, 0xe5, 0xd5, 0xe5, 0xd5, 0xe5, 0xd5, 0xe5, 0xd5, 0xe5, 0xd5,
    0xc5, 0xd5, 0xc5, 0xd5, 0xc5, 0xd5, 0x68, 0xe6, 0x68, 0xe6, 0x68, 0xe6,
    0x68, 0xe6, 0x68, 0xe6, 0x68, 0xe6, 0x68, 0xe6, 0x68, 0xe6, 0x68, 0xe6,
    0x68, 0xe6, 0x68, 0xe6, 0x68, 0xe6, 0x68, 0xe6, 0x68, 0xe6, 0x06, 0xde,
    0xa4, 0xcd, 0x84, 0xcd, 0x84, 0xcd, 0x84, 0xcd, 0x84, 0xcd, 0x84, 0xcd,
    0x84, 0xcd, 0x84, 0xcd, 0x84, 0xcd, 0x84, 0xcd, 0x84, 0xcd, 0x84, 0xcd,
    0x84, 0xcd, 0x84, 0xcd, 0x84, 0xcd, 0x84, 0xcd, 0x84, 0xcd, 0x64, 0xcd,
    0x64, 0xcd, 0x64, 0xcd, 0x64, 0xcd, 0x64, 0xcd, 0x64, 0xcd, 0x64, 0xcd,
    0x64, 0xcd, 0x64, 0xcd, 0x64, 0xcd, 0x64, 0xcd, 0x64, 0xcd, 0x64, 0xcd,
    0x63, 0xcd, 0x43, 0xcd, 0x43, 0xc5, 0x23, 0xc5, 0x23, 0xc5, 0x23, 0xc5,
    0x23, 0xc5, 0x23, 0xc5, 0x23, 0xc5, 0x23, 0xc5, 0x23, 0xc5, 0x23, 0xc5,
    0x23, 0xc5, 0x23, 0xc5, 0x23, 0xc5, 0x23, 0xc5, 0x23, 0xc5, 0x23, 0xc5,
    0x0d, 0xd6, 0x9e, 0xf7, 0x9e, 0xf7, 0x9e, 0xf7, 0x9e, 0xf7, 0x9e, 0xf7,
    0x9e, 0xf7, 0x9e, 0xf7, 0x9e, 0xf7, 0x9e, 0xf7, 0x9e, 0xf7, 0x9e, 0xf7,
    0x9e, 0xf7, 0x9e, 0xf7, 0x9e, 0xf7, 0x9e, 0xf7, 0x9e, 0xf7, 0x9e, 0xf7,
    0x9e, 0xf7, 0x9e, 0xf7, 0x9e, 0xf7, 0x9e, 0xf7, 0x9e, 0xf7, 0x4e, 0xde,
    0x84, 0xcd, 0x84, 0xcd, 0xa4, 0xcd, 0xa4, 0xcd, 0xa4, 0xcd, 0xa4, 0xd5,
    0xa4, 0xd5, 0xa4, 0xd5, 0xa4, 0xd5, 0xa4, 0xd5, 0xa4, 0xd5, 0xa4, 0xd5,
    0xa4, 0xd5, 0xa5, 0xd5, 0xa5, 0xd5, 0xa5, 0xd5, 0xa5, 0xd5, 0xa5, 0xd5,
    0xa4, 0xd5, 0x84, 0xcd, 0x84, 0xcd, 0x84, 0xcd, 0x84, 0xcd, 0x84, 0xcd,
    0x84, 0xcd, 0x84, 0xcd, 0x84, 0xcd, 0x84, 0xcd, 0x84, 0xcd, 0x84, 0xcd,
    0x84, 0xcd, 0x84, 0xcd, 0x84, 0xcd, 0x84, 0xcd, 0x84, 0xcd, 0x84, 0xcd,
    0x84, 0xcd, 0x84, 0xcd, 0x84, 0xcd, 0x84, 0xcd, 0x84, 0xcd, 0x84, 0xcd,
    0x84, 0xcd, 0x84, 0xcd, 0x84, 0xcd, 0x84, 0xcd, 0x84, 0xcd, 0x84, 0xcd,
    0x84, 0xcd, 0x84, 0xcd, 0xc5, 0xd5, 0xe6, 0xd5, 0xe5, 0xd5, 0xe5, 0xd5,
    0xe5, 0xd5, 0xe5, 0xd5, 0xe5, 0xd5, 0xe5, 0xd5, 0xe5, 0xd5, 0xe5, 0xd5,
    0xc5, 0xd5, 0xc5, 0xd5, 0xc5, 0xd5, 0x68, 0xe6, 0x68, 0xe6, 0x68, 0xe6,
    0x68, 0xe6, 0x68, 0xe6, 0x68, 0xe6, 0x68, 0xe6, 0x68, 0xe6, 0x68, 0xe6,
    0x68, 0xe6, 0x68, 0xe6, 0x68, 0xe6, 0x06, 0xde, 0xa4, 0xd5, 0x84, 0xcd,
    0x84, 0xcd, 0x84, 0xcd, 0x84, 0xcd, 0x84, 0xcd, 0x84, 0xcd, 0x84, 0xcd,
    0x84, 0xcd, 0x84, 0xcd, 0x84, 0xcd, 0x84, 0xcd, 0x84, 0xcd, 0x84, 0xcd,
    0x84, 0xcd, 0x84, 0xcd, 0x84, 0xcd, 0x84, 0xcd, 0x84, 0xcd, 0x84, 0xcd,
    0x84, 0xcd, 0x84, 0xcd, 0x64, 0xcd, 0x64, 0xcd, 0x64, 0xcd, 0x64, 0xcd,
    0x64, 0xcd, 0x64, 0xcd, 0x64, 0xcd, 0x64, 0xcd, 0x64, 0xcd, 0x63, 0xcd,
    0x43, 0xc5, 0x23, 0xc5, 0x23, 0xc5, 0x23, 0xc5, 0x23, 0xc5, 0x23, 0xc5,
    0x23, 0xc5, 0x23, 0xc5, 0x23, 0xc5, 0x23, 0xc5, 0x23, 0xc5, 0x23, 0xc5,
    0x23, 0xc5, 0x23, 0xc5, 0x23, 0xc5, 0x23, 0xc5, 0x23, 0xc5, 0x23, 0xc5,
    0x0d, 0xd6, 0x9e, 0xf7, 0x9e, 0xf7, 0x9e, 0xf7, 0x9e, 0xf7, 0x9e, 0xf7,
    0x9e, 0xf7, 0x9e, 0xf7, 0x9e, 0xf7, 0x9e, 0xf7, 0x9e, 0xf7, 0x9e, 0xf7,
    0x9e, 0xf7, 0x9e, 0xf7, 0x9e, 0xf7, 0x9e, 0xf7, 0x9e, 0xf7, 0x9e, 0xf7,
    0x9e, 0xf7, 0x9e, 0xf7, 0x9e, 0xf7, 0x9e, 0xf7, 0x9e, 0xf7, 0x4e, 0xde,
    0x84, 0xcd, 0x84, 0xcd, 0x84, 0xcd, 0xa4, 0xcd, 0xa4, 0xcd, 0xa4, 0xd5,
    0xa4, 0xd5, 0xa4, 0xd5, 0xa4, 0xd5, 0xa4, 0xd5, 0xa4, 0xd5, 0xa4, 0xd5,
    0xa4, 0xd5, 0xa5, 0xd5, 0xa5, 0xd5, 0xa5, 0xd5, 0xa5, 0xd5, 0xc5, 0xd5,
    0xc5, 0xd5, 0xa5, 0xd5, 0xa4, 0xd5, 0x84, 0xcd, 0x84, 0xcd, 0x84, 0xcd,
    0x84, 0xcd, 0x84, 0xcd, 0x84, 0xcd, 0x84, 0xcd, 0x84, 0xcd, 0x84, 0xcd,
    0x84, 0xcd, 0x84, 0xcd, 0x84, 0xcd, 0x84, 0xcd, 0x84, 0xcd, 0x84, 0xcd,
    0x84, 0xcd, 0x84, 0xcd, 0x84, 0xcd, 0x84, 0xcd, 0x84, 0xcd, 0x84, 0xcd,
    0x84, 0xcd, 0x84, 0xcd, 0x84, 0xcd, 0x84, 0xcd, 0x84, 0xcd, 0x84, 0xcd,
    0x84, 0xcd, 0x84, 0xcd, 0x84, 0xcd, 0x84, 0xcd, 0xc5, 0xd5, 0xe5, 0xd5,
    0xe5, 0xd5, 0xe5, 0xd5, 0xe5, 0xd5, 0xe5, 0xd5, 0xe5, 0xd5, 0xe5, 0xd5,
    0xc5, 0xd5, 0xc5, 0xd5, 0xc5, 0xd5, 0x68, 0xe6, 0x68, 0xe6, 0x68, 0xe6,
    0x68, 0xe6, 0x68, 0xe6, 0x68, 0xe6, 0x68, 0xe6, 0x68, 0xe6, 0x68, 0xe6,
    0x68, 0xe6, 0x06, 0xde, 0xa4, 0xd5, 0x84, 0xcd, 0x84, 0xcd, 0x84, 0xcd,
    0x84, 0xcd, 0x84, 0xcd, 0x84, 0xcd, 0x84, 0xcd, 0x84, 0xcd, 0x84, 0xcd,
    0x84, 0xcd, 0x84, 0xcd, 0x84, 0xcd, 0x84, 0xcd, 0x84, 0xcd, 0x84, 0xcd,
    0x84, 0xcd, 0x84, 0xcd, 0x84, 0xcd, 0x84, 0xcd, 0x84, 0xcd, 0x84, 0xcd,
    0x84, 0xcd, 0x84, 0xcd, 0x84, 0xcd, 0x84, 0xcd, 0x64, 0xcd, 0x64, 0xcd,
    0x64, 0xcd, 0x64, 0xcd, 0x64, 0xcd, 0x63, 0xcd, 0x43, 0xc5, 0x23, 0xc5,
    0x23, 0xc5, 0x23, 0xc5, 0x23, 0xc5, 0x23, 0xc5, 0x23, 0xc5, 0x23, 0xc5,
    0x23, 0xc5, 0x23, 0xc5, 0x23, 0xc5, 0x23, 0xc5, 0x23, 0xc5, 0x23, 0xc5,
    0x23, 0xc5, 0x23, 0xc5, 0x23, 0xc5, 0x23, 0xc5, 0x23, 0xc5, 0x23, 0xc5,
    0x0d, 0xd6, 0x9e, 0xf7, 0x9e, 0xf7, 0x9e, 0xf7, 0x9e, 0xf7, 0x9e, 0xf7,
    0x9e, 0xf7, 0x9e, 0xf7, 0x9e, 0xf7, 0x9e, 0xf7, 0x9e, 0xf7, 0x9e, 0xf7,
    0x9e, 0xf7, 0x9e, 0xf7, 0x9e, 0xf7, 0x9e, 0xf7, 0x9e, 0xf7, 0x9e, 0xf7,
    0x9e, 0xf7, 0x9e, 0xf7, 0x9e, 0xf7, 0x9e, 0xf7, 0x9e, 0xf7, 0x4e, 0xde,
    0x84, 0xcd, 0x84, 0xcd, 0x84, 0xcd, 0xa4, 0xcd, 0xa4, 0xcd, 0xa4, 0xd5,
    0xa4, 0xd5, 0xa4, 0xd5, 0xa4, 0xd5, 0xa4, 0xd5, 0xa4, 0xd5, 0xa4, 0xd5,
    0xa4, 0xd5, 0xa4, 0xd5, 0xa5, 0xd5, 0xa5, 0xd5, 0xa5, 0xd5, 0xa5, 0xd5,
    0xc5, 0xd5, 0xc5, 0xd5, 0xc5, 0xd5, 0xc5, 0xd5, 0xa4, 0xd5, 0x84, 0xcd,
    0x84, 0xcd, 0x84, 0xcd, 0x84, 0xcd, 0x84, 0xcd, 0x84, 0xcd, 0x84, 0xcd,
    0x84, 0xcd, 0x84, 0xcd, 0x84, 0xcd, 0x84, 0xcd, 0x84, 0xcd, 0x84, 0xcd,
    0x84, 0xcd, 0x84, 0xcd, 0x84, 0xcd, 0x84, 0xcd, 0x84, 0xcd, 0x84, 0xcd,
    0x84, 0xcd, 0x84, 0xcd, 0x84, 0xcd, 0x84, 0xcd, 0x84, 0xcd, 0x84, 0xcd,
    0x84, 0xcd, 0x84, 0xcd, 0x84, 0xcd, 0x84, 0xcd, 0x84, 0xcd, 0x84, 0xcd,
    0xc5, 0xd5, 0xe5, 0xd5, 0xe5, 0xd5, 0xe5, 0xd5, 0xe5, 0xd5, 0xc5, 0xd5,
    0xc5, 0xd5, 0xc5, 0xd5, 0xc5, 0xd5, 0x48, 0xe6, 0x48, 0xe6, 0x68, 0xe6,
    0x68, 0xe6, 0x68, 0xe6, 0x68, 0xe6, 0x68, 0xe6, 0x68, 0xe6, 0x06, 0xde,
    0xa4, 0xd5, 0x84, 0xcd, 0x84, 0xcd, 0x84, 0xcd, 0x84, 0xcd, 0x84, 0xcd,
    0x84, 0xcd, 0x84, 0xcd, 0x84, 0xcd, 0x84, 0xcd, 0x84, 0xcd, 0x84, 0xcd,
    0x84, 0xcd, 0x84, 0xcd, 0x84, 0xcd, 0x84, 0xcd, 0x84, 0xcd, 0x84, 0xcd,
    0x84, 0xcd, 0x84, 0xcd, 0x84, 0xcd, 0x84, 0xcd, 0x84, 0xcd, 0x84, 0xcd,
    0x84, 0xcd, 0x84, 0xcd, 0x84, 0xcd, 0x84, 0xcd, 0x84, 0xcd, 0x84, 0xcd,
    0x64, 0xcd, 0x63, 0xcd, 0x43, 0xc5, 0x23, 0xc5, 0x23, 0xc5, 0x23, 0xc5,
    0x23, 0xc5, 0x23, 0xc5, 0x23, 0xc5, 0x23, 0xc5, 0x23, 0xc5, 0x23, 0xc5,
    0x23, 0xc5, 0x23, 0xc5, 0x23, 0xc5, 0x23, 0xc5, 0x23, 0xc5, 0x23, 0xc5,
    0x23, 0xc5, 0x23, 0xc5, 0x23, 0xc5, 0x23, 0xc5, 0x23, 0xc5, 0x23, 0xc5,
    0x0d, 0xd6, 0x9e, 0xf7, 0x9e, 0xf7, 0x9e, 0xf7, 0x9e, 0xf7, 0x9e, 0xf7,
    0x9e, 0xf7, 0x9e, 0xf7, 0x9e, 0xf7, 0x9e, 0xf7, 0x9e, 0xf7, 0x9e, 0xf7,
    0x9e, 0xf7, 0x9e, 0xf7, 0x9e, 0xf7, 0x9e, 0xf7, 0x9e, 0xf7, 0x9e, 0xf7,
    0x9e, 0xf7, 0x9e, 0xf7, 0x9e, 0xf7, 0x9e, 0xf7, 0x9e, 0xf7, 0x4e, 0xde,
    0x84, 0xcd, 0x84, 0xcd, 0x84, 0xcd, 0xa4, 0xcd, 0xa4, 0xcd, 0xa4, 0xd5,
    0xa4, 0xd5, 0xa4, 0xd5, 0xa4, 0xd5, 0xa4, 0xd5, 0xa4, 0xd5, 0xa4, 0xd5,
    0xa4, 0xd5, 0xa4, 0xd5, 0xa5, 0xd5, 0xa5, 0xd5, 0xa5, 0xd5, 0xa5, 0xd5,
    0xc5, 0xd5, 0xc5, 0xd5, 0xc5, 0xd5, 0xc5, 0xd5, 0xc5, 0xd5, 0xc5, 0xd5,
    0xa4, 0xd5, 0x84, 0xcd, 0x84, 0xcd, 0x84, 0xcd, 0x84, 0xcd, 0x84, 0xcd,
    0x84, 0xcd, 0x84, 0xcd, 0x84, 0xcd, 0x84, 0xcd, 0x84, 0xcd, 0x84, 0xcd,
    0x84, 0xcd, 0x84, 0xcd, 0x84, 0xcd, 0x84, 0xcd, 0x84, 0xcd, 0x84, 0xcd,
    0x84, 0xcd, 0x84, 0xcd, 0x84, 0xcd, 0x84, 0xcd, 0x84, 0xcd, 0x84, 0xcd,
    0x84, 0xcd, 0x84, 0xcd, 0x84, 0xcd, 0x84, 0xcd, 0x84, 0xcd, 0x84, 0xcd,
    0x84, 0xcd, 0xa4, 0xd5, 0xc5, 0xd5, 0xe5, 0xd5, 0xe5, 0xd5, 0xc5, 0xd5,
    0xc5, 0xd5, 0xc5, 0xd5, 0xc5, 0xd5, 0x48, 0xe6, 0x48, 0xe6, 0x48, 0xe6,
    0x48, 0xe6, 0x68, 0xe6, 0x68, 0xe6, 0x06, 0xde, 0xa4, 0xd5, 0x84, 0xcd,
    0x84, 0xcd, 0x84, 0xcd, 0x84, 0xcd, 0x84, 0xcd, 0x84, 0xcd, 0x84, 0xcd,
    0x84, 0xcd, 0x84, 0xcd, 0x84, 0xcd, 0x84, 0xcd, 0x84, 0xcd, 0x84, 0xcd,
    0x84, 0xcd, 0x84, 0xcd, 0x84, 0xcd, 0x84, 0xcd, 0x84, 0xcd, 0x84, 0xcd,
    0x84, 0xcd, 0x84, 0xcd, 0x84, 0xcd, 0x84, 0xcd, 0x84, 0xcd, 0x84, 0xcd,
    0x84, 0xcd, 0x84, 0xcd, 0x84, 0xcd, 0x84, 0xcd, 0x84, 0xcd, 0x63, 0xcd,
    0x43, 0xc5, 0x23, 0xc5, 0x23, 0xc5, 0x23, 0xc5, 0x23, 0xc5, 0x23, 0xc5,
    0x23, 0xc5, 0x23, 0xc5, 0x23, 0xc5, 0x23, 0xc5, 0x23, 0xc5, 0x23, 0xc5,
    0x23, 0xc5, 0x23, 0xc5, 0x23, 0xc5, 0x23, 0xc5, 0x23, 0xc5, 0x23, 0xc5,
    0x23, 0xc5, 0x23, 0xc5, 0x23, 0xc5, 0x23, 0xc5, 0x23, 0xc5, 0x23, 0xc5,
    0x0d, 0xd6, 0x9e, 0xf7, 0x9e, 0xf7, 0x9e, 0xf7, 0x9e, 0xf7, 0x9e, 0xf7,
    0x9e, 0xf7, 0x9e, 0xf7, 0x9e, 0xf7, 0x9e, 0xf7, 0x9e, 0xf7, 0x9e, 0xf7,
    0x9e, 0xf7, 0x9e, 0xf7, 0x9e, 0xf7, 0x9e, 0xf7, 0x9e, 0xf7, 0x9e, 0xf7,
    0x9e, 0xf7, 0x9e, 0xf7, 0x9e, 0xf7, 0x9e, 0xf7, 0x9e, 0xf7, 0x4e, 0xde,
    0x84, 0xcd, 0x84, 0xcd, 0x84, 0xcd, 0xa4, 0xcd, 0xa4, 0xcd, 0xa4, 0xcd,
    0xa4, 0xd5, 0xa4, 0xd5, 0xa4, 0xd5, 0xa4, 0xd5, 0xa4, 0xd5, 0xa4, 0xd5,
    0xa4, 0xd5, 0xa4, 0xd5, 0xa5, 0xd5, 0xa5, 0xd5, 0xa5, 0xd5, 0xa5, 0xd5,
    0xc5, 0xd5, 0xc5, 0xd5, 0xc5, 0xd5, 0xc5, 0xd5, 0xc5, 0xd5, 0xc5, 0xd5,
    0xc5, 0xd5, 0xc5, 0xd5, 0xa4, 0xd5, 0x84, 0xcd, 0x84, 0xcd, 0x84, 0xcd,
    0x84, 0xcd, 0x84, 0xcd, 0x84, 0xcd, 0x84, 0xcd, 0x84, 0xcd, 0x84, 0xcd,
    0x84, 0xcd, 0x84, 0xcd, 0x84, 0xcd, 0x84, 0xcd, 0x84, 0xcd, 0x84, 0xcd,
    0x84, 0xcd, 0x84, 0xcd, 0x84, 0xcd, 0x84, 0xcd, 0x84, 0xcd, 0x84, 0xcd,
    0x84, 0xcd, 0x84, 0xcd, 0x84, 0xcd, 0x84, 0xcd, 0x84, 0xcd, 0x84, 0xcd,
    0x84, 0xcd, 0x84, 0xcd, 0x84, 0xcd, 0xa4, 0xd5, 0xc5, 0xd5, 0xc5, 0xd5,
    0xc5, 0xd5, 0xc5, 0xd5, 0xc5, 0xd5, 0x48, 0xe6, 0x48, 0xe6, 0x48, 0xe6,
    0x48, 0xe6, 0x06, 0xde, 0xa4, 0xd5, 0x84, 0xcd, 0x84, 0xcd, 0x84, 0xcd,
    0x84, 0xcd, 0x84, 0xcd, 0x84, 0xcd, 0x84, 0xcd, 0x84, 0xcd, 0x84, 0xcd,
    0x84, 0xcd, 0x84, 0xcd, 0x84, 0xcd, 0x84, 0xcd, 0x84, 0xcd, 0x84, 0xcd,
    0x84, 0xcd, 0x84, 0xcd, 0x84, 0xcd, 0x84, 0xcd, 0x84, 0xcd, 0x84, 0xcd,
    0x84, 0xcd, 0x84, 0xcd, 0x84, 0xcd, 0x84, 0xcd, 0x84, 0xcd, 0x84, 0xcd,
    0x84, 0xcd, 0x84, 0xcd, 0x84, 0xcd, 0x63, 0xcd, 0x43, 0xc5, 0x23, 0xc5,
    0x23, 0xc5, 0x23, 0xc5, 0x23, 0xc5, 0x23, 0xc5, 0x23, 0xc5, 0x23, 0xc5,
    0x23, 0xc5, 0x23, 0xc5, 0x23, 0xc5, 0x23, 0xc5, 0x23, 0xc5, 0x23, 0xc5,
    0x23, 0xc5, 0x23, 0xc5, 0x23, 0xc5, 0x23, 0xc5, 0x23, 0xc5, 0x23, 0xc5,
    0x23, 0xc5, 0x23, 0xc5, 0x23, 0xc5, 0x23, 0xc5, 0x23, 0xc5, 0x23, 0xc5,
    0x0d, 0xd6, 0x9e, 0xf7, 0x9e, 0xf7, 0x9e, 0xf7, 0x9e, 0xf7, 0x9e, 0xf7,
    0x9e, 0xf7, 0x9e, 0xf7, 0x9e, 0xf7, 0x9e, 0xf7, 0x9e, 0xf7, 0x9e, 0xf7,
    0x9e, 0xf7, 0x9e, 0xf7, 0x9e, 0xf7, 0x9e, 0xf7, 0x9e, 0xf7, 0x9e, 0xf7,
    0x9e, 0xf7, 0x9e, 0xf7, 0x9e, 0xf7, 0x9e, 0xf7, 0x9e, 0xf7, 0x4e, 0xde,
    0x84, 0xcd, 0x84, 0xcd, 0x84, 0xcd, 0xa4, 0xcd, 0xa4, 0xcd, 0xa4, 0xcd,
    0xa4, 0xd5, 0xa4, 0xd5, 0xa4, 0xd5, 0xa4, 0xd5, 0xa4, 0xd5, 0xa4, 0xd5,
    0xa4, 0xd5, 0xa4, 0xd5, 0xa5, 0xd5, 0xa5, 0xd5, 0xa5, 0xd5, 0xa5, 0xd5,
    0xc5, 0xd5, 0xc5, 0xd5, 0xc5, 0xd5, 0xc5, 0xd5, 0xc5, 0xd5, 0xc5, 0xd5,
    0xc5, 0xd5, 0xc5, 0xd5, 0xc5, 0xd5, 0xc5, 0xd5, 0xa5, 0xd5, 0x84, 0xcd,
    0x84, 0xcd, 0x84, 0xcd, 0x84, 0xcd, 0x84, 0xcd, 0x84, 0xcd, 0x84, 0xcd,
    0x84, 0xcd, 0x84, 0xcd, 0x84, 0xcd, 0x84, 0xcd, 0x84, 0xcd, 0x84, 0xcd,
    0x84, 0xcd, 0x84, 0xcd, 0x84, 0xcd, 0x84, 0xcd, 0x84, 0xcd, 0x84, 0xcd,
    0x84, 0xcd, 0x84, 0xcd, 0x84, 0xcd, 0x84, 0xcd, 0x84, 0xcd, 0x84, 0xcd,
    0x84, 0xcd, 0x84, 0xcd, 0x84, 0xcd, 0x84, 0xcd, 0x84, 0xcd, 0xa4, 0xd5,
    0xc5, 0xd5, 0xc5, 0xd5, 0xc5, 0xd5, 0x48, 0xe6, 0x48, 0xe6, 0x06, 0xde,
    0xa5, 0xd5, 0x84, 0xcd, 0x84, 0xcd, 0x84, 0xcd, 0x84, 0xcd, 0x84, 0xcd,
    0x84, 0xcd, 0x84, 0xcd, 0x84, 0xcd, 0x84, 0xcd, 0x84, 0xcd, 0x84, 0xcd,
    0x84, 0xcd, 0x84, 0xcd, 0x84, 0xcd, 0x84, 0xcd, 0x84, 0xcd, 0x84, 0xcd,
    0x84, 0xcd, 0x84, 0xcd, 0x84, 0xcd, 0x84, 0xcd, 0x84, 0xcd, 0x84, 0xcd,
    0x84, 0xcd, 0x84, 0xcd, 0x84, 0xcd, 0x84, 0xcd, 0x84, 0xcd, 0x84, 0xcd,
    0x84, 0xcd, 0x63, 0xcd, 0x43, 0xc5, 0x23, 0xc5, 0x23, 0xc5, 0x23, 0xc5,
    0x23, 0xc5, 0x23, 0xc5, 0x23, 0xc5, 0x23, 0xc5, 0x23, 0xc5, 0x23, 0xc5,
    0x23, 0xc5, 0x23, 0xc5, 0x23, 0xc5, 0x23, 0xc5, 0x23, 0xc5, 0x23, 0xc5,
    0x23, 0xc5, 0x23, 0xc5, 0x23, 0xc5, 0x23, 0xc5, 0x23, 0xc5, 0x23, 0xc5,
    0x23, 0xc5, 0x23, 0xc5, 0x23, 0xc5, 0x23, 0xc5, 0x23, 0xc5, 0x23, 0xc5,
    0x0d, 0xd6, 0x9e, 0xf7, 0x9e, 0xf7, 0x9e, 0xf7, 0x9e, 0xf7, 0x9e, 0xf7,
    0x9e, 0xf7, 0x9e, 0xf7, 0x9e, 0xf7, 0x9e, 0xf7, 0x9e, 0xf7, 0x9e, 0xf7,
    0x9e, 0xf7, 0x9e, 0xf7, 0x9e, 0xf7, 0x9e, 0xf7, 0x9e, 0xf7, 0x9e, 0xf7,
    0x9e, 0xf7, 0x9e, 0xf7, 0x9e, 0xf7, 0x9e, 0xf7, 0x9e, 0xf7, 0x4e, 0xde,
    0x84, 0xcd, 0x84, 0xcd, 0x84, 0xcd, 0x84, 0xcd, 0xa4, 0xcd, 0xa4, 0xcd,
    0xa4, 0xd5, 0xa4, 0xd5, 0xa4, 0xd5, 0xa4, 0xd5, 0xa4, 0xd5, 0xa4, 0xd5,
    0xa4, 0xd5, 0xa4, 0xd5, 0xa5, 0xd5, 0xa5, 0xd5, 0xa5, 0xd5, 0xa5, 0xd5,
    0xc5, 0xd5, 0xc5, 0xd5, 0xc5, 0xd5, 0xc5, 0xd5, 0xc5, 0xd5, 0xc5, 0xd5,
    0xc5, 0xd5, 0xc5, 0xd5, 0xc5, 0xd5, 0xc5, 0xd5, 0xc5, 0xd5, 0xc5, 0xd5,
    0xa5, 0xd5, 0x84, 0xcd, 0xa4, 0xcd, 0xa4, 0xcd, 0xa4, 0xcd, 0xa4, 0xcd,
    0xa4, 0xcd, 0xa4, 0xcd, 0xa4, 0xcd, 0xa4, 0xcd, 0xa4, 0xcd, 0xa4, 0xcd,
    0xa4, 0xcd, 0xa4, 0xcd, 0xa4, 0xcd, 0xa4, 0xcd, 0xa4, 0xcd, 0xa4, 0xcd,
    0xa4, 0xcd, 0xa4, 0xcd, 0xa4, 0xcd, 0xa4, 0xcd, 0xa4, 0xcd, 0xa4, 0xcd,
    0xa4, 0xcd, 0xa4, 0xcd, 0x84, 0xcd, 0x84, 0xcd, 0x84, 0xcd, 0x84, 0xcd,
    0x84, 0xcd, 0xa4, 0xd5, 0xc5, 0xd5, 0x06, 0xde, 0xa5, 0xd5, 0x84, 0xcd,
    0x84, 0xcd, 0x84, 0xcd, 0x84, 0xcd, 0x84, 0xcd, 0x84, 0xcd, 0x84, 0xcd,
    0x84, 0xcd, 0x84, 0xcd, 0x84, 0xcd, 0x84, 0xcd, 0x84, 0xcd, 0x84, 0xcd,
    0x84, 0xcd, 0x84, 0xcd, 0x84, 0xcd, 0x84, 0xcd, 0x84, 0xcd, 0x84, 0xcd,
    0x84, 0xcd, 0x84, 0xcd, 0x84, 0xcd, 0x84, 0xcd, 0x84, 0xcd, 0x84, 0xcd,
    0x84, 0xcd, 0x84, 0xcd, 0x84, 0xcd, 0x84, 0xcd, 0x84, 0xcd, 0x63, 0xcd,
    0x43, 0xc5, 0x23, 0xc5, 0x23, 0xc5, 0x23, 0xc5, 0x23, 0xc5, 0x23, 0xc5,
    0x23, 0xc5, 0x23, 0xc5, 0x23, 0xc5, 0x23, 0xc5, 0x23, 0xc5, 0x23, 0xc5,
    0x23, 0xc5, 0x23, 0xc5, 0x23, 0xc5, 0x23, 0xc5, 0x23, 0xc5, 0x23, 0xc5,
    0x23, 0xc5, 0x23, 0xc5, 0x23, 0xc5, 0x23, 0xc5, 0x23, 0xc5, 0x23, 0xc5,
    0x23, 0xc5, 0x23, 0xc5, 0x23, 0xc5, 0x23, 0xc5, 0x23, 0xc5, 0x23, 0xc5,
    0x0d, 0xd6, 0x9e, 0xf7, 0x9e, 0xf7, 0x9e, 0xf7, 0x9e, 0xf7, 0x9e, 0xf7,
    0x9e, 0xf7, 0x9e, 0xf7, 0x9e, 0xf7, 0x9e, 0xf7, 0x9e, 0xf7, 0x9e, 0xf7,
    0x9e, 0xf7, 0x9e, 0xf7, 0x9e, 0xf7, 0x9e, 0xf7, 0x9e, 0xf7, 0x9e, 0xf7,
    0x9e, 0xf7, 0x9e, 0xf7, 0x9e, 0xf7, 0x9e, 0xf7, 0x9e, 0xf7, 0x4e, 0xde,
    0x84, 0xcd, 0x84, 0xcd, 0x84, 0xcd, 0x84, 0xcd, 0xa4, 0xcd, 0xa4, 0xcd,
    0xa4, 0xd5, 0xa4, 0xd5, 0xa4, 0xd5, 0xa4, 0xd5, 0xa4, 0xd5, 0xa4, 0xd5,
    0xa4, 0xd5, 0xa4, 0xd5, 0xa4, 0xd5, 0xa5, 0xd5, 0xa5, 0xd5, 0xa5, 0xd5,
    0xa5, 0xd5, 0xc5, 0xd5, 0xc5, 0xd5, 0xc5, 0xd5, 0xc5, 0xd5, 0xc5, 0xd5,
    0xc5, 0xd5, 0xc5, 0xd5, 0xc5, 0xd5, 0xc5, 0xd5, 0xc5, 0xd5, 0xe5, 0xd5,
    0xe5, 0xd5, 0xe5, 0xd5, 0xa5, 0xd5, 0xa4, 0xcd, 0xa4, 0xcd, 0xa4, 0xcd,
    0xa4, 0xcd, 0xa4, 0xd5, 0xa4, 0xd5, 0xa4, 0xd5, 0xa4, 0xd5, 0xa4, 0xd5,
    0xa4, 0xd5, 0xa4, 0xd5, 0xa4, 0xd5, 0xa4, 0xd5, 0xa4, 0xd5, 0xa4, 0xd5,
    0xa4, 0xd5, 0xa4, 0xd5, 0xa4, 0xd5, 0xa4, 0xcd, 0xa4, 0xcd, 0xa4, 0xcd,
    0xa4, 0xcd, 0xa4, 0xcd, 0xa4, 0xcd, 0xa4, 0xcd, 0xa4, 0xcd, 0xa4, 0xcd,
    0xa4, 0xcd, 0xa4, 0xcd, 0xa4, 0xcd, 0x84, 0xcd, 0x84, 0xcd, 0x84, 0xcd,
    0x84, 0xcd, 0x84, 0xcd, 0x84, 0xcd, 0x84, 0xcd, 0x84, 0xcd, 0x84, 0xcd,
    0x84, 0xcd, 0x84, 0xcd, 0x84, 0xcd, 0x84, 0xcd, 0x84, 0xcd, 0x84, 0xcd,
    0x84, 0xcd, 0x84, 0xcd, 0x84, 0xcd, 0x84, 0xcd, 0x84, 0xcd, 0x84, 0xcd,
    0x84, 0xcd, 0x84, 0xcd, 0x84, 0xcd, 0x84, 0xcd, 0x84, 0xcd, 0x84, 0xcd,
    0x84, 0xcd, 0x84, 0xcd, 0x84, 0xcd, 0x63, 0xcd, 0x43, 0xc5, 0x23, 0xc5,
    0x23, 0xc5, 0x23, 0xc5, 0x23, 0xc5, 0x23, 0xc5, 0x23, 0xc5, 0x23, 0xc5,
    0x23, 0xc5, 0x23, 0xc5, 0x23, 0xc5, 0x23, 0xc5, 0x23, 0xc5, 0x23, 0xc5,
    0x23, 0xc5, 0x23, 0xc5, 0x23, 0xc5, 0x23, 0xc5, 0x23, 0xc5, 0x23, 0xc5,
    0x23, 0xc5, 0x23, 0xc5, 0x23, 0xc5, 0x23, 0xc5, 0x23, 0xc5, 0x23, 0xc5,
    0x23, 0xc5, 0x23, 0xc5, 0x23, 0xc5, 0x23, 0xc5, 0x23, 0xc5, 0x23, 0xc5,
    0x0d, 0xd6, 0x9e, 0xf7, 0x9e, 0xf7, 0x9e, 0xf7, 0x9e, 0xf7, 0x9e, 0xf7,
    0x9e, 0xf7, 0x9e, 0xf7, 0x9e, 0xf7, 0x9e, 0xf7, 0x9e, 0xf7, 0x9e, 0xf7,
    0x9e, 0xf7, 0x9e, 0xf7, 0x9e, 0xf7, 0x9e, 0xf7, 0x9e, 0xf7, 0x9e, 0xf7,
    0x9e, 0xf7, 0x9e, 0xf7, 0x9e, 0xf7, 0x9e, 0xf7, 0x9e, 0xf7, 0x4e, 0xde,
    0x84, 0xcd, 0x84, 0xcd, 0x84, 0xcd, 0x84, 0xcd, 0xa4, 0xcd, 0xa4, 0xcd,
    0xa4, 0xcd, 0xa4, 0xd5, 0xa4, 0xd5, 0xa4, 0xd5, 0xa4, 0xd5, 0xa4, 0xd5,
    0xa4, 0xd5, 0xa4, 0xd5, 0xa4, 0xd5, 0xa5, 0xd5, 0xa5, 0xd5, 0xa5, 0xd5,
    0xa5, 0xd5, 0xc5, 0xd5, 0xc5, 0xd5, 0xc5, 0xd5, 0xc5, 0xd5, 0xc5, 0xd5,
    0xc5, 0xd5, 0xc5, 0xd5, 0xc5, 0xd5, 0xc5, 0xd5, 0xc5, 0xd5, 0xe5, 0xd5,
    0xe5, 0xd5, 0xe5, 0xd5, 0xe5, 0xd5, 0xe5, 0xd5, 0xa5, 0xd5, 0xa4, 0xd5,
    0xa4, 0xd5, 0xa4, 0xd5, 0xa4, 0xd5, 0xa4, 0xd5, 0xa4, 0xd5, 0xa4, 0xd5,
    0xa4, 0xd5, 0xa4, 0xd5, 0xa4, 0xd5, 0xa4, 0xd5, 0xa4, 0xd5, 0xa4, 0xd5,
    0xa4, 0xd5, 0xa4, 0xd5, 0xa4, 0xd5, 0xa4, 0xd5, 0xa4, 0xd5, 0xa4, 0xd5,
    0xa4, 0xd5, 0xa4, 0xd5, 0xa4, 0xd5, 0xa4, 0xd5, 0xa4, 0xd5, 0xa4, 0xd5,
    0xa4, 0xcd, 0xa4, 0xcd, 0xa4, 0xcd, 0xa4, 0xcd, 0xa4, 0xcd, 0xa4, 0xcd,
    0xa4, 0xcd, 0x84, 0xcd, 0x84, 0xcd, 0x84, 0xcd, 0x84, 0xcd, 0x84, 0xcd,
    0x84, 0xcd, 0x84, 0xcd, 0x84, 0xcd, 0x84, 0xcd, 0x84, 0xcd, 0x84, 0xcd,
    0x84, 0xcd, 0x84, 0xcd, 0x84, 0xcd, 0x84, 0xcd, 0x84, 0xcd, 0x84, 0xcd,
    0x84, 0xcd, 0x84, 0xcd, 0x84, 0xcd, 0x84, 0xcd, 0x84, 0xcd, 0x84, 0xcd,
    0x84, 0xcd, 0x63, 0xcd, 0x43, 0xc5, 0x23, 0xc5, 0x23, 0xc5, 0x23, 0xc5,
    0x23, 0xc5, 0x23, 0xc5, 0x23, 0xc5, 0x23, 0xc5, 0x23, 0xc5, 0x23, 0xc5,
    0x23, 0xc5, 0x23, 0xc5, 0x23, 0xc5, 0x23, 0xc5, 0x23, 0xc5, 0x23, 0xc5,
    0x23, 0xc5, 0x23, 0xc5, 0x23, 0xc5, 0x23, 0xc5, 0x23, 0xc5, 0x23, 0xc5,
    0x23, 0xc5, 0x23, 0xc5, 0x23, 0xc5, 0x23, 0xc5, 0x23, 0xc5, 0x23, 0xc5,
    0x23, 0xc5, 0x23, 0xc5, 0x23, 0xc5, 0x23, 0xc5, 0x23, 0xc5, 0x23, 0xc5,
    0x0d, 0xd6, 0x9e, 0xf7, 0x9e, 0xf7, 0x9e, 0xf7, 0x9e, 0xf7, 0x9e, 0xf7,
    0x9e, 0xf7, 0x9e, 0xf7, 0x9e, 0xf7, 0x9e, 0xf7, 0x9e, 0xf7, 0x9e, 0xf7,
    0x9e, 0xf7, 0x9e, 0xf7, 0x9e, 0xf7, 0x9e, 0xf7, 0x9e, 0xf7, 0x9e, 0xf7,
    0x9e, 0xf7, 0x9e, 0xf7, 0x9e, 0xf7, 0x9e, 0xf7, 0x9e, 0xf7, 0x4e, 0xde,
    0x84, 0xcd, 0x84, 0xcd, 0x84, 0xcd, 0x84, 0xcd, 0xa4, 0xcd, 0xa4, 0xcd,
    0xa4, 0xcd, 0xa4, 0xd5, 0xa4, 0xd5, 0xa4, 0xd5, 0xa4, 0xd5, 0xa4, 0xd5,
    0xa4, 0xd5, 0xa4, 0xd5, 0xa4, 0xd5, 0xa5, 0xd5, 0xa5, 0xd5, 0xa5, 0xd5,
    0xa5, 0xd5, 0xc5, 0xd5, 0xc5, 0xd5, 0xc5, 0xd5, 0xc5, 0xd5, 0xc5, 0xd5,
    0xc5, 0xd5, 0xc5, 0xd5, 0xc5, 0xd5, 0xc5, 0xd5, 0xc5, 0xd5, 0xc5, 0xd5,
    0xe5, 0xd5, 0xe5, 0xd5, 0xe5, 0xd5, 0xe6, 0xd5, 0xe6, 0xd5, 0xe5, 0xd5,
    0xa5, 0xd5, 0xa4, 0xd5, 0xa4, 0xd5, 0xa4, 0xd5, 0xa4, 0xd5, 0xa4, 0xd5,
    0xa4, 0xd5, 0xa4, 0xd5, 0xa4, 0xd5, 0xa4, 0xd5, 0xa4, 0xd5, 0xa4, 0xd5,
    0xa4, 0xd5, 0xa4, 0xd5, 0xa4, 0xd5, 0xa4, 0xd5, 0xa4, 0xd5, 0xa4, 0xd5,
    0xa4, 0xd5, 0xa4, 0xd5, 0xa4, 0xd5, 0xa4, 0xd5, 0xa4, 0xd5, 0xa4, 0xd5,
    0xa4, 0xd5, 0xa4, 0xd5, 0xa4, 0xd5, 0xa4, 0xd5, 0xa4, 0xd5, 0xa4, 0xcd,
    0xa4, 0xcd, 0xa4, 0xcd, 0xa4, 0xcd, 0xa4, 0xcd, 0xa4, 0xcd, 0x84, 0xcd,
    0x84, 0xcd, 0x84, 0xcd, 0x84, 0xcd, 0x84, 0xcd, 0x84, 0xcd, 0x84, 0xcd,
    0x84, 0xcd, 0x84, 0xcd, 0x84, 0xcd, 0x84, 0xcd, 0x84, 0xcd, 0x84, 0xcd,
    0x84, 0xcd, 0x84, 0xcd, 0x84, 0xcd, 0x84, 0xcd, 0x84, 0xcd, 0x63, 0xcd,
    0x43, 0xc5, 0x23, 0xc5, 0x23, 0xc5, 0x23, 0xc5, 0x23, 0xc5, 0x23, 0xc5,
    0x23, 0xc5, 0x23, 0xc5, 0x23, 0xc5, 0x23, 0xc5, 0x23, 0xc5, 0x23, 0xc5,
    0x23, 0xc5, 0x23, 0xc5, 0x23, 0xc5, 0x23, 0xc5, 0x23, 0xc5, 0x23, 0xc5,
    0x23, 0xc5, 0x23, 0xc5, 0x23, 0xc5, 0x23, 0xc5, 0x23, 0xc5, 0x23, 0xc5,
    0x23, 0xc5, 0x23, 0xc5, 0x23, 0xc5, 0x23, 0xc5, 0x23, 0xc5, 0x23, 0xc5,
    0x23, 0xc5, 0x23, 0xc5, 0x23, 0xc5, 0x23, 0xc5, 0x23, 0xc5, 0x23, 0xc5,
    0x0d, 0xd6, 0x9e, 0xf7, 0x9e, 0xf7, 0x9e, 0xf7, 0x9e, 0xf7, 0x9e, 0xf7,
    0x9e, 0xf7, 0x9e, 0xf7, 0x9e, 0xf7, 0x9e, 0xf7, 0x9e, 0xf7, 0x9e, 0xf7,
    0x9e, 0xf7, 0x9e, 0xf7, 0x9e, 0xf7, 0x9e, 0xf7, 0x9e, 0xf7, 0x9e, 0xf7,
    0x9e, 0xf7, 0x9e, 0xf7, 0x9e, 0xf7, 0x9e, 0xf7, 0x9e, 0xf7, 0x4e, 0xde,
    0x84, 0xcd, 0x84, 0xcd, 0x84, 0xcd, 0x84, 0xcd, 0x84, 0xcd, 0xa4, 0xcd,
    0xa4, 0xcd, 0xa4, 0xd5, 0xa4, 0xd5, 0xa4, 0xd5, 0xa4, 0xd5, 0xa4, 0xd5,
    0xa4, 0xd5, 0xa4, 0xd5, 0xa4, 0xd5, 0xa5, 0xd5, 0xa5, 0xd5, 0xa5, 0xd5,
    0xa5, 0xd5, 0xc5, 0xd5, 0xc5, 0xd5, 0xc5, 0xd5, 0xc5, 0xd5, 0xc5, 0xd5,
    0xc5, 0xd5, 0xc5, 0xd5, 0xc5, 0xd5, 0xc5, 0xd5, 0xc5, 0xd5, 0xc5, 0xd5,
    0xe5, 0xd5, 0xe5, 0xd5, 0xe5, 0xd5, 0xe5, 0xd5, 0xe6, 0xd5, 0xe6, 0xdd,
    0xe6, 0xdd, 0xe5, 0xd5, 0xc5, 0xd5, 0xa4, 0xd5, 0xa4, 0xd5, 0xa4, 0xd5,
    0xa4, 0xd5, 0xa4, 0xd5, 0xa4, 0xd5, 0xa4, 0xd5, 0xa4, 0xd5, 0xa4, 0xd5,
    0xa4, 0xd5, 0xa4, 0xd5, 0xa4, 0xd5, 0xa4, 0xd5, 0xa4, 0xd5, 0xa4, 0xd5,
    0xa4, 0xd5, 0xa4, 0xd5, 0xa4, 0xd5, 0xa4, 0xd5, 0xa4, 0xd5, 0xa4, 0xd5,
    0xa4, 0xd5, 0xa4, 0xd5, 0xa4, 0xd5, 0xa4, 0xd5, 0xa4, 0xd5, 0xa4, 0xd5,
    0xa4, 0xd5, 0xa4, 0xd5, 0xa4, 0xd5, 0xa4, 0xcd, 0xa4, 0xcd, 0xa4, 0xcd,
    0xa4, 0xcd, 0xa4, 0xcd, 0x84, 0xcd, 0x84, 0xcd, 0x84, 0xcd, 0x84, 0xcd,
    0x84, 0xcd, 0x84, 0xcd, 0x84, 0xcd, 0x84, 0xcd, 0x84, 0xcd, 0x84, 0xcd,
    0x84, 0xcd, 0x84, 0xcd, 0x84, 0xcd, 0x63, 0xcd, 0x43, 0xc5, 0x23, 0xc5,
    0x23, 0xc5, 0x23, 0xc5, 0x23, 0xc5, 0x23, 0xc5, 0x23, 0xc5, 0x23, 0xc5,
    0x23, 0xc5, 0x23, 0xc5, 0x23, 0xc5, 0x23, 0xc5, 0x23, 0xc5, 0x23, 0xc5,
    0x23, 0xc5, 0x23, 0xc5, 0x23, 0xc5, 0x23, 0xc5, 0x23, 0xc5, 0x23, 0xc5,
    0x23, 0xc5, 0x23, 0xc5, 0x23, 0xc5, 0x23, 0xc5, 0x23, 0xc5, 0x23, 0xc5,
    0x23, 0xc5, 0x23, 0xc5, 0x23, 0xc5, 0x23, 0xc5, 0x23, 0xc5, 0x23, 0xc5,
    0x23, 0xc5, 0x23, 0xc5, 0x23, 0xc5, 0x23, 0xc5, 0x23, 0xc5, 0x23, 0xc5,
    0x0d, 0xd6, 0x9e, 0xf7, 0x9e, 0xf7, 0x9e, 0xf7, 0x9e, 0xf7, 0x9e, 0xf7,
    0x9e, 0xf7, 0x9e, 0xf7, 0x9e, 0xf7, 0x9e, 0xf7, 0x9e, 0xf7, 0x9e, 0xf7,
    0x9e, 0xf7, 0x9e, 0xf7, 0x9e, 0xf7, 0x9e, 0xf7, 0x9e, 0xf7, 0x9e, 0xf7,
    0x9e, 0xf7, 0x9e, 0xf7, 0x9e, 0xf7, 0x9e, 0xf7, 0x9e, 0xf7, 0x4e, 0xde,
    0x84, 0xcd, 0x84, 0xcd, 0x84, 0xcd, 0x84, 0xcd, 0x84, 0xcd, 0xa4, 0xcd,
    0xa4, 0xcd, 0xa4, 0xd5, 0xa4, 0xd5, 0xa4, 0xd5, 0xa4, 0xd5, 0xa4, 0xd5,
    0xa4, 0xd5, 0xa4, 0xd5, 0xa4, 0xd5, 0xa4, 0xd5, 0xa5, 0xd5, 0xa5, 0xd5,
    0xa5, 0xd5, 0xa5, 0xd5, 0xc5, 0xd5, 0xc5, 0xd5, 0xc5, 0xd5, 0xc5, 0xd5,
    0xc5, 0xd5, 0xc5, 0xd5, 0xc5, 0xd5, 0xc5, 0xd5, 0xc5, 0xd5, 0xc5, 0xd5,
    0xe5, 0xd5, 0xe5, 0xd5, 0xe5, 0xd5, 0xe5, 0xd5, 0xe6, 0xd5, 0xe6, 0xdd,
    0xe6, 0xdd, 0xe6, 0xdd, 0x06, 0xde, 0xe6, 0xd5, 0xc5, 0xd5, 0xa5, 0xd5,
    0xa5, 0xd5, 0xa5, 0xd5, 0xa5, 0xd5, 0xa5, 0xd5, 0xa5, 0xd5, 0xa4, 0xd5,
    0xa4, 0xd5, 0xa4, 0xd5, 0xa4, 0xd5, 0xa4, 0xd5, 0xa4, 0xd5, 0xa4, 0xd5,
    0xa4, 0xd5, 0xa4, 0xd5, 0xa4, 0xd5, 0xa4, 0xd5, 0xa4, 0xd5, 0xa4, 0xd5,
    0xa4, 0xd5, 0xa4, 0xd5, 0xa4, 0xd5, 0xa4, 0xd5, 0xa4, 0xd5, 0xa4, 0xd5,
    0xa4, 0xd5, 0xa4, 0xd5, 0xa4, 0xd5, 0xa4, 0xd5, 0xa4, 0xd5, 0xa4, 0xd5,
    0xa4, 0xcd, 0xa4, 0xcd, 0xa4, 0xcd, 0xa4, 0xcd, 0xa4, 0xcd, 0x84, 0xcd,
    0x84, 0xcd, 0x84, 0xcd, 0x84, 0xcd, 0x84, 0xcd, 0x84, 0xcd, 0x84, 0xcd,
    0x84, 0xcd, 0x63, 0xcd, 0x43, 0xc5, 0x23, 0xc5, 0x23, 0xc5, 0x23, 0xc5,
    0x23, 0xc5, 0x23, 0xc5, 0x23, 0xc5, 0x23, 0xc5, 0x23, 0xc5, 0x23, 0xc5,
    0x23, 0xc5, 0x23, 0xc5, 0x23, 0xc5, 0x23, 0xc5, 0x23, 0xc5, 0x23, 0xc5,
    0x23, 0xc5, 0x23, 0xc5, 0x23, 0xc5, 0x23, 0xc5, 0x23, 0xc5, 0x23, 0xc5,
    0x23, 0xc5, 0x23, 0xc5, 0x23, 0xc5, 0x23, 0xc5, 0x23, 0xc5, 0x23, 0xc5,
    0x23, 0xc5, 0x23, 0xc5, 0x23, 0xc5, 0x23, 0xc5, 0x23, 0xc5, 0x23, 0xc5,
    0x23, 0xc5, 0x23, 0xc5, 0x23, 0xc5, 0x23, 0xc5, 0x23, 0xc5, 0x23, 0xc5,
    0x0d, 0xd6, 0x9e, 0xf7, 0x9e, 0xf7, 0x9e, 0xf7, 0x9e, 0xf7, 0x9e, 0xf7,
    0x9e, 0xf7, 0x9e, 0xf7, 0x9e, 0xf7, 0x9e, 0xf7, 0x9e, 0xf7, 0x9e, 0xf7,
    0x9e, 0xf7, 0x9e, 0xf7, 0x9e, 0xf7, 0x9e, 0xf7, 0x9e, 0xf7, 0x9e, 0xf7,
    0x9e, 0xf7, 0x9e, 0xf7, 0x9e, 0xf7, 0x9e, 0xf7, 0x9e, 0xf7, 0x4e, 0xde,
    0x84, 0xcd, 0x84, 0xcd, 0x84, 0xcd, 0x84, 0xcd, 0x84, 0xcd, 0xa4, 0xcd,
    0xa4, 0xcd, 0xa4, 0xcd, 0xa4, 0xd5, 0xa4, 0xd5, 0xa4, 0xd5, 0xa4, 0xd5,
    0xa4, 0xd5, 0xa4, 0xd5, 0xa4, 0xd5, 0xa4, 0xd5, 0xa5, 0xd5, 0xa5, 0xd5,
    0xa5, 0xd5, 0xa5, 0xd5, 0xc5, 0xd5, 0xc5, 0xd5, 0xc5, 0xd5, 0xc5, 0xd5,
    0xc5, 0xd5, 0xc5, 0xd5, 0xc5, 0xd5, 0xc5, 0xd5, 0xc5, 0xd5, 0xc5, 0xd5,
    0xe5, 0xd5, 0xe5, 0xd5, 0xe5, 0xd5, 0xe5, 0xd5, 0xe6, 0xd5, 0xe6, 0xdd,
    0xe6, 0xdd, 0xe6, 0xdd, 0x06, 0xde, 0x06, 0xde, 0x06, 0xde, 0xe6, 0xdd,
    0xc5, 0xd5, 0xa5, 0xd5, 0xa5, 0xd5, 0xa5, 0xd5, 0xa5, 0xd5, 0xa5, 0xd5,
    0xa5, 0xd5, 0xa5, 0xd5, 0xa5, 0xd5, 0xa5, 0xd5, 0xa5, 0xd5, 0xa5, 0xd5,
    0xa5, 0xd5, 0xa5, 0xd5, 0xa5, 0xd5, 0xa4, 0xd5, 0xa4, 0xd5, 0xa4, 0xd5,
    0xa4, 0xd5, 0xa4, 0xd5, 0xa4, 0xd5, 0xa4, 0xd5, 0xa4, 0xd5, 0xa4, 0xd5,
    0xa4, 0xd5, 0xa4, 0xd5, 0xa4, 0xd5, 0xa4, 0xd5, 0xa4, 0xd5, 0xa4, 0xd5,
    0xa4, 0xd5, 0xa4, 0xd5, 0xa4, 0xd5, 0xa4, 0xcd, 0xa4, 0xcd, 0xa4, 0xcd,
    0xa4, 0xcd, 0x84, 0xcd, 0x84, 0xcd, 0x84, 0xcd, 0x84, 0xcd, 0x64, 0xcd,
    0x43, 0xc5, 0x23, 0xc5, 0x23, 0xc5, 0x23, 0xc5, 0x23, 0xc5, 0x23, 0xc5,
    0x23, 0xc5, 0x23, 0xc5, 0x23, 0xc5, 0x23, 0xc5, 0x23, 0xc5, 0x23, 0xc5,
    0x23, 0xc5, 0x23, 0xc5, 0x23, 0xc5, 0x23, 0xc5, 0x23, 0xc5, 0x23, 0xc5,
    0x23, 0xc5, 0x23, 0xc5, 0x23, 0xc5, 0x23, 0xc5, 0x23, 0xc5, 0x23, 0xc5,
    0x23, 0xc5, 0x23, 0xc5, 0x23, 0xc5, 0x23, 0xc5, 0x23, 0xc5, 0x23, 0xc5,
    0x23, 0xc5, 0x23, 0xc5, 0x23, 0xc5, 0x23, 0xc5, 0x23, 0xc5, 0x23, 0xc5,
    0x23, 0xc5, 0x23, 0xc5, 0x23, 0xc5, 0x23, 0xc5, 0x23, 0xc5, 0x23, 0xc5,
    0x0d, 0xd6, 0x9e, 0xf7, 0x9e, 0xf7, 0x9e, 0xf7, 0x9e, 0xf7, 0x9e, 0xf7,
    0x9e, 0xf7, 0x9e, 0xf7, 0x9e, 0xf7, 0x9e, 0xf7, 0x9e, 0xf7, 0x9e, 0xf7,
    0x9e, 0xf7, 0x9e, 0xf7, 0x9e, 0xf7, 0x9e, 0xf7, 0x9e, 0xf7, 0x9e, 0xf7,
    0x9e, 0xf7, 0x9e, 0xf7, 0x9e, 0xf7, 0x9e, 0xf7, 0x9e, 0xf7, 0x4e, 0xde,
    0x84, 0xcd, 0x84, 0xcd, 0x84, 0xcd, 0x84, 0xcd, 0x84, 0xcd, 0x84, 0xcd,
    0xa4, 0xcd, 0xa4, 0xcd, 0xa4, 0xd5, 0xa4, 0xd5, 0xa4, 0xd5, 0xa4, 0xd5,
    0xa4, 0xd5, 0xa4, 0xd5, 0xa4, 0xd5, 0xa4, 0xd5, 0xa5, 0xd5, 0xa5, 0xd5,
    0xa5, 0xd5, 0xa5, 0xd5, 0xc5, 0xd5, 0xc5, 0xd5, 0xc5, 0xd5, 0xc5, 0xd5,
    0xc5, 0xd5, 0xc5, 0xd5, 0xc5, 0xd5, 0xc5, 0xd5, 0xc5, 0xd5, 0xc5, 0xd5,
    0xc5, 0xd5, 0xe5, 0xd5, 0xe5, 0xd5, 0xe5, 0xd5, 0xe5, 0xd5, 0xe6, 0xd5,
    0xe6, 0xdd, 0xe6, 0xdd, 0xe6, 0xdd, 0x06, 0xde, 0x06, 0xde, 0x06, 0xde,
    0x06, 0xde, 0xe6, 0xdd, 0xc5, 0xd5, 0xa5, 0xd5, 0xa5, 0xd5, 0xa5, 0xd5,
    0xa5, 0xd5, 0xa5, 0xd5, 0xa5, 0xd5, 0xa5, 0xd5, 0xa5, 0xd5, 0xa5, 0xd5,
    0xa5, 0xd5, 0xa5, 0xd5, 0xa5, 0xd5, 0xa5, 0xd5, 0xa5, 0xd5, 0xa5, 0xd5,
    0xa5, 0xd5, 0xa5, 0xd5, 0xa4, 0xd5, 0xa4, 0xd5, 0xa4, 0xd5, 0xa4, 0xd5,
    0xa4, 0xd5, 0xa4, 0xd5, 0xa4, 0xd5, 0xa4, 0xd5, 0xa4, 0xd5, 0xa4, 0xd5,
    0xa4, 0xd5, 0xa4, 0xd5, 0xa4, 0xd5, 0xa4, 0xd5, 0xa4, 0xd5, 0xa4, 0xcd,
    0xa4, 0xcd, 0xa4, 0xcd, 0xa4, 0xcd, 0x84, 0xcd, 0x43, 0xc5, 0x23, 0xc5,
    0x23, 0xc5, 0x23, 0xc5, 0x23, 0xc5, 0x23, 0xc5, 0x23, 0xc5, 0x23, 0xc5,
    0x23, 0xc5, 0x23, 0xc5, 0x23, 0xc5, 0x23, 0xc5, 0x23, 0xc5, 0x23, 0xc5,
    0x23, 0xc5, 0x23, 0xc5, 0x23, 0xc5, 0x23, 0xc5, 0x23, 0xc5, 0x23, 0xc5,
    0x23, 0xc5, 0x23, 0xc5, 0x23, 0xc5, 0x23, 0xc5, 0x23, 0xc5, 0x23, 0xc5,
    0x23, 0xc5, 0x23, 0xc5, 0x23, 0xc5, 0x23, 0xc5, 0x23, 0xc5, 0x23, 0xc5,
    0x23, 0xc5, 0x23, 0xc5, 0x23, 0xc5, 0x23, 0xc5, 0x23, 0xc5, 0x23, 0xc5,
    0x23, 0xc5, 0x23, 0xc5, 0x23, 0xc5, 0x23, 0xc5, 0x23, 0xc5, 0x23, 0xc5,
    0x0d, 0xd6, 0x9e, 0xf7, 0x9e, 0xf7, 0x9e, 0xf7, 0x9e, 0xf7, 0x9e, 0xf7,
    0x9e, 0xf7, 0x9e, 0xf7, 0x9e, 0xf7, 0x9e, 0xf7, 0x9e, 0xf7, 0x9e, 0xf7,
    0x9e, 0xf7, 0x9e, 0xf7, 0x9e, 0xf7, 0x9e, 0xf7, 0x9e, 0xf7, 0x9e, 0xf7,
    0x9e, 0xf7, 0x9e, 0xf7, 0x9e, 0xf7, 0x9e, 0xf7, 0x9e, 0xf7, 0x4e, 0xde,
    0x84, 0xcd, 0x84, 0xcd, 0x84, 0xcd, 0x84, 0xcd, 0x84, 0xcd, 0x84, 0xcd,
    0xa4, 0xcd, 0xa4, 0xcd, 0xa4, 0xd5, 0xa4, 0xd5, 0xa4, 0xd5, 0xa4, 0xd5,
    0xa4, 0xd5, 0xa4, 0xd5, 0xa4, 0xd5, 0xa4, 0xd5, 0xa4, 0xd5, 0xa5, 0xd5,
    0xa5, 0xd5, 0xa5, 0xd5, 0xa5, 0xd5, 0xc5, 0xd5, 0xc5, 0xd5, 0xc5, 0xd5,
    0xc5, 0xd5, 0xc5, 0xd5, 0xc5, 0xd5, 0xc5, 0xd5, 0xc5, 0xd5, 0xc5, 0xd5,
    0xc5, 0xd5, 0xe5, 0xd5, 0xe5, 0xd5, 0xe5, 0xd5, 0xe5, 0xd5, 0xe6, 0xd5,
    0xe6, 0xdd, 0xe6, 0xdd, 0xe6, 0xdd, 0x06, 0xde, 0x06, 0xde, 0x06, 0xde,
    0x06, 0xde, 0x06, 0xde, 0x06, 0xde, 0x06, 0xde, 0xc5, 0xd5, 0xc5, 0xd5,
    0xc5, 0xd5, 0xc5, 0xd5, 0xc5, 0xd5, 0xc5, 0xd5, 0xc5, 0xd5, 0xc5, 0xd5,
    0xa5, 0xd5, 0xa5, 0xd5, 0xa5, 0xd5, 0xa5, 0xd5, 0xa5, 0xd5, 0xa5, 0xd5,
    0xa5, 0xd5, 0xa5, 0xd5, 0xa5, 0xd5, 0xa5, 0xd5, 0xa5, 0xd5, 0xa4, 0xd5,
    0xa4, 0xd5, 0xa4, 0xd5, 0xa4, 0xd5, 0xa4, 0xd5, 0xa4, 0xd5, 0xa4, 0xd5,
    0xa4, 0xd5, 0xa4, 0xd5, 0xa4, 0xd5, 0xa4, 0xd5, 0xa4, 0xd5, 0xa4, 0xd5,
    0xa4, 0xd5, 0x84, 0xcd, 0x43, 0xc5, 0x23, 0xc5, 0x23, 0xc5, 0x23, 0xc5,
    0x23, 0xc5, 0x23, 0xc5, 0x23, 0xc5, 0x23, 0xc5, 0x23, 0xc5, 0x23, 0xc5,
    0x23, 0xc5, 0x23, 0xc5, 0x23, 0xc5, 0x23, 0xc5, 0x23, 0xc5, 0x23, 0xc5,
    0x23, 0xc5, 0x23, 0xc5, 0x23, 0xc5, 0x23, 0xc5, 0x23, 0xc5, 0x23, 0xc5,
    0x23, 0xc5, 0x23, 0xc5, 0x23, 0xc5, 0x23, 0xc5, 0x23, 0xc5, 0x23, 0xc5,
    0x23, 0xc5, 0x23, 0xc5, 0x23, 0xc5, 0x23, 0xc5, 0x23, 0xc5, 0x23, 0xc5,
    0x23, 0xc5, 0x23, 0xc5, 0x23, 0xc5, 0x23, 0xc5, 0x23, 0xc5, 0x23, 0xc5,
    0x23, 0xc5, 0x23, 0xc5, 0x23, 0xc5, 0x23, 0xc5, 0x23, 0xc5, 0x23, 0xc5,
    0x0d, 0xd6, 0x9e, 0xf7, 0x9e, 0xf7, 0x9e, 0xf7, 0x9e, 0xf7, 0x9e, 0xf7,
    0x9e, 0xf7, 0x9e, 0xf7, 0x9e, 0xf7, 0x9e, 0xf7, 0x9e, 0xf7, 0x9e, 0xf7,
    0x9e, 0xf7, 0x9e, 0xf7, 0x9e, 0xf7, 0x9e, 0xf7, 0x9e, 0xf7, 0x9e, 0xf7,
    0x9e, 0xf7, 0x9e, 0xf7, 0x9e, 0xf7, 0x9e, 0xf7, 0x9e, 0xf7, 0x4e, 0xde,
    0x84, 0xcd, 0x84, 0xcd, 0x84, 0xcd, 0x84, 0xcd, 0x84, 0xcd, 0x84, 0xcd,
    0xa4, 0xcd, 0xa4, 0xcd, 0xa4, 0xcd, 0xa4, 0xd5, 0xa4, 0xd5, 0xa4, 0xd5,
    0xa4, 0xd5, 0xa4, 0xd5, 0xa4, 0xd5, 0xa4, 0xd5, 0xa4, 0xd5, 0xa5, 0xd5,
    0xa5, 0xd5, 0xa5, 0xd5, 0xa5, 0xd5, 0xc5, 0xd5, 0xc5, 0xd5, 0xc5, 0xd5,
    0xc5, 0xd5, 0xc5, 0xd5, 0xc5, 0xd5, 0xc5, 0xd5, 0xc5, 0xd5, 0xc5, 0xd5,
    0xc5, 0xd5, 0xe5, 0xd5, 0xe5, 0xd5, 0xe5, 0xd5, 0xe5, 0xd5, 0xe6, 0xd5,
    0xe6, 0xdd, 0xe6, 0xdd, 0xe6, 0xdd, 0x06, 0xde, 0x06, 0xde, 0x06, 0xde,
    0x06, 0xde, 0x06, 0xde, 0x06, 0xde, 0x06, 0xde, 0x27, 0xde, 0x06, 0xde,
    0xe5, 0xd5, 0xc5, 0xd5, 0xc5, 0xd5, 0xc5, 0xd5, 0xc5, 0xd5, 0xc5, 0xd5,
    0xc5, 0xd5, 0xc5, 0xd5, 0xc5, 0xd5, 0xc5, 0xd5, 0xc5, 0xd5, 0xc5, 0xd5,
    0xa5, 0xd5, 0xa5, 0xd5, 0xa5, 0xd5, 0xa5, 0xd5, 0xa5, 0xd5, 0xa5, 0xd5,
    0xa5, 0xd5, 0xa5, 0xd5, 0xa4, 0xd5, 0xa4, 0xd5, 0xa4, 0xd5, 0xa4, 0xd5,
    0xa4, 0xd5, 0xa4, 0xd5, 0xa4, 0xd5, 0xa4, 0xd5, 0xa4, 0xd5, 0x84, 0xcd,
    0x43, 0xc5, 0x23, 0xc5, 0x23, 0xc5, 0x23, 0xc5, 0x23, 0xc5, 0x23, 0xc5,
    0x23, 0xc5, 0x23, 0xc5, 0x23, 0xc5, 0x23, 0xc5, 0x23, 0xc5, 0x23, 0xc5,
    0x23, 0xc5, 0x23, 0xc5, 0x23, 0xc5, 0x23, 0xc5, 0x23, 0xc5, 0x23, 0xc5,
    0x23, 0xc5, 0x23, 0xc5, 0x23, 0xc5, 0x23, 0xc5, 0x23, 0xc5, 0x23, 0xc5,
    0x23, 0xc5, 0x23, 0xc5, 0x23, 0xc5, 0x23, 0xc5, 0x23, 0xc5, 0x23, 0xc5,
    0x23, 0xc5, 0x23, 0xc5, 0x23, 0xc5, 0x23, 0xc5, 0x23, 0xc5, 0x23, 0xc5,
    0x23, 0xc5, 0x23, 0xc5, 0x23, 0xc5, 0x23, 0xc5, 0x23, 0xc5, 0x23, 0xc5,
    0x23, 0xc5, 0x23, 0xc5, 0x23, 0xc5, 0x23, 0xc5, 0x23, 0xc5, 0x23, 0xc5,
    0x0d, 0xd6, 0x9e, 0xf7, 0x9e, 0xf7, 0x9e, 0xf7, 0x9e, 0xf7, 0x9e, 0xf7,
    0x9e, 0xf7, 0x9e, 0xf7, 0x9e, 0xf7, 0x9e, 0xf7, 0x9e, 0xf7, 0x9e, 0xf7,
    0x9e, 0xf7, 0x9e, 0xf7, 0x9e, 0xf7, 0x9e, 0xf7, 0x9e, 0xf7, 0x9e, 0xf7,
    0x9e, 0xf7, 0x9e, 0xf7, 0x9e, 0xf7, 0x9e, 0xf7, 0x9e, 0xf7, 0x4e, 0xde,
    0x84, 0xcd, 0x84, 0xcd, 0x84, 0xcd, 0x84, 0xcd, 0x84, 0xcd, 0x84, 0xcd,
    0xa4, 0xcd, 0xa4, 0xcd, 0xa4, 0xcd, 0xa4, 0xd5, 0xa4, 0xd5, 0xa4, 0xd5,
    0xa4, 0xd5, 0xa4, 0xd5, 0xa4, 0xd5, 0xa4, 0xd5, 0xa4, 0xd5, 0xa5, 0xd5,
    0xa5, 0xd5, 0xa5, 0xd5, 0xa5, 0xd5, 0xc5, 0xd5, 0xc5, 0xd5, 0xc5, 0xd5,
    0xc5, 0xd5, 0xc5, 0xd5, 0xc5, 0xd5, 0xc5, 0xd5, 0xc5, 0xd5, 0xc5, 0xd5,
    0xc5, 0xd5, 0xc5, 0xd5, 0xe5, 0xd5, 0xe5, 0xd5, 0xe5, 0xd5, 0xe5, 0xd5,
    0xe6, 0xd5, 0xe6, 0xdd, 0xe6, 0xdd, 0xe6, 0xdd, 0x06, 0xde, 0x06, 0xde,
    0x06, 0xde, 0x06, 0xde, 0x06, 0xde, 0x06, 0xde, 0x26, 0xde, 0x27, 0xde,
    0x27, 0xde, 0x06, 0xde, 0xe5, 0xd5, 0xc5, 0xd5, 0xc5, 0xd5, 0xc5, 0xd5,
    0xc5, 0xd5, 0xc5, 0xd5, 0xc5, 0xd5, 0xc5, 0xd5, 0xc5, 0xd5, 0xc5, 0xd5,
    0xc5, 0xd5, 0xc5, 0xd5, 0xc5, 0xd5, 0xa5, 0xd5, 0xa5, 0xd5, 0xa5, 0xd5,
    0xa5, 0xd5, 0xa5, 0xd5, 0xa5, 0xd5, 0xa5, 0xd5, 0xa5, 0xd5, 0xa4, 0xd5,
    0xa4, 0xd5, 0xa4, 0xd5, 0xa4, 0xd5, 0x84, 0xcd, 0x43, 0xc5, 0x23, 0xc5,
    0x23, 0xc5, 0x23, 0xc5, 0x23, 0xc5, 0x23, 0xc5, 0x23, 0xc5, 0x23, 0xc5,
    0x23, 0xc5, 0x23, 0xc5, 0x23, 0xc5, 0x23, 0xc5, 0x23, 0xc5, 0x23, 0xc5,
    0x23, 0xc5, 0x23, 0xc5, 0x23, 0xc5, 0x23, 0xc5, 0x23, 0xc5, 0x23, 0xc5,
    0x23, 0xc5, 0x23, 0xc5, 0x23, 0xc5, 0x23, 0xc5, 0x23, 0xc5, 0x23, 0xc5,
    0x23, 0xc5, 0x23, 0xc5, 0x23, 0xc5, 0x23, 0xc5, 0x23, 0xc5, 0x23, 0xc5,
    0x23, 0xc5, 0x23, 0xc5, 0x23, 0xc5, 0x23, 0xc5, 0x23, 0xc5, 0x23, 0xc5,
    0x23, 0xc5, 0x23, 0xc5, 0x23, 0xc5, 0x23, 0xc5, 0x23, 0xc5, 0x23, 0xc5,
    0x23, 0xc5, 0x23, 0xc5, 0x23, 0xc5, 0x23, 0xc5, 0x23, 0xc5, 0x23, 0xc5,
    0x0d, 0xd6, 0x9e, 0xf7, 0x9e, 0xf7, 0x9e, 0xf7, 0x9e, 0xf7, 0x9e, 0xf7,
    0x9e, 0xf7, 0x9e, 0xf7, 0x9e, 0xf7, 0x9e, 0xf7, 0x9e, 0xf7, 0x9e, 0xf7,
    0x9e, 0xf7, 0x9e, 0xf7, 0x9e, 0xf7, 0x9e, 0xf7, 0x9e, 0xf7, 0x9e, 0xf7,
    0x9e, 0xf7, 0x9e, 0xf7, 0x9e, 0xf7, 0x9e, 0xf7, 0x9e, 0xf7, 0x4e, 0xde,
    0x84, 0xcd, 0x84, 0xcd, 0x84, 0xcd, 0x84, 0xcd, 0x84, 0xcd, 0x84, 0xcd,
    0x84, 0xcd, 0xa4, 0xcd, 0xa4, 0xcd, 0xa4, 0xd5, 0xa4, 0xd5, 0xa4, 0xd5,
    0xa4, 0xd5, 0xa4, 0xd5, 0xa4, 0xd5, 0xa4, 0xd5, 0xa4, 0xd5, 0xa4, 0xd5,
    0xa5, 0xd5, 0xa5, 0xd5, 0xa5, 0xd5, 0xa5, 0xd5, 0xc5, 0xd5, 0xc5, 0xd5,
    0xc5, 0xd5, 0xc5, 0xd5, 0xc5, 0xd5, 0xc5, 0xd5, 0xc5, 0xd5, 0xc5, 0xd5,
    0xc5, 0xd5, 0xc5, 0xd5, 0xe5, 0xd5, 0xe5, 0xd5, 0xe5, 0xd5, 0xe5, 0xd5,
    0xe6, 0xd5, 0xe6, 0xdd, 0xe6, 0xdd, 0xe6, 0xdd, 0x06, 0xde, 0x06, 0xde,
    0x06, 0xde, 0x06, 0xde, 0x06, 0xde, 0x06, 0xde, 0x06, 0xde, 0x27, 0xde,
    0x27, 0xde, 0x27, 0xde, 0x27, 0xde, 0x06, 0xde, 0xe5, 0xd5, 0xc5, 0xd5,
    0xc5, 0xd5, 0xc5, 0xd5, 0xc5, 0xd5, 0xc5, 0xd5, 0xc5, 0xd5, 0xc5, 0xd5,
    0xc5, 0xd5, 0xc5, 0xd5, 0xc5, 0xd5, 0xc5, 0xd5, 0xc5, 0xd5, 0xc5, 0xd5,
    0xa5, 0xd5, 0xa5, 0xd5, 0xa5, 0xd5, 0xa5, 0xd5, 0xa5, 0xd5, 0xa5, 0xd5,
    0xa5, 0xd5, 0xa4, 0xcd, 0x63, 0xcd, 0x23, 0xc5, 0x23, 0xc5, 0x23, 0xc5,
    0x23, 0xc5, 0x23, 0xc5, 0x23, 0xc5, 0x23, 0xc5, 0x23, 0xc5, 0x23, 0xc5,
    0x23, 0xc5, 0x23, 0xc5, 0x23, 0xc5, 0x23, 0xc5, 0x23, 0xc5, 0x23, 0xc5,
    0x23, 0xc5, 0x23, 0xc5, 0x23, 0xc5, 0x23, 0xc5, 0x23, 0xc5, 0x23, 0xc5,
    0x23, 0xc5, 0x23, 0xc5, 0x23, 0xc5, 0x23, 0xc5, 0x23, 0xc5, 0x23, 0xc5,
    0x23, 0xc5, 0x23, 0xc5, 0x23, 0xc5, 0x23, 0xc5, 0x23, 0xc5, 0x23, 0xc5,
    0x23, 0xc5, 0x23, 0xc5, 0x23, 0xc5, 0x23, 0xc5, 0x23, 0xc5, 0x23, 0xc5,
    0x23, 0xc5, 0x23, 0xc5, 0x23, 0xc5, 0x23, 0xc5, 0x23, 0xc5, 0x23, 0xc5,
    0x23, 0xc5, 0x23, 0xc5, 0x23, 0xc5, 0x23, 0xc5, 0x23, 0xc5, 0x23, 0xc5,
    0x0d, 0xd6, 0x9e, 0xf7, 0x9e, 0xf7, 0x9e, 0xf7, 0x9e, 0xf7, 0x9e, 0xf7,
    0x9e, 0xf7, 0x9e, 0xf7, 0x9e, 0xf7, 0x9e, 0xf7, 0x9e, 0xf7, 0x9e, 0xf7,
    0x9e, 0xf7, 0x9e, 0xf7, 0x9e, 0xf7, 0x9e, 0xf7, 0x9e, 0xf7, 0x9e, 0xf7,
    0x9e, 0xf7, 0x9e, 0xf7, 0x9e, 0xf7, 0x9e, 0xf7, 0x9e, 0xf7, 0x4e, 0xde,
    0x84, 0xcd, 0x84, 0xcd, 0x84, 0xcd, 0x84, 0xcd, 0x84, 0xcd, 0x84, 0xcd,
    0x84, 0xcd, 0xa4, 0xcd, 0xa4, 0xcd, 0xa4, 0xcd, 0xa4, 0xd5, 0xa4, 0xd5,
    0xa4, 0xd5, 0xa4, 0xd5, 0xa4, 0xd5, 0xa4, 0xd5, 0xa4, 0xd5, 0xa4, 0xd5,
    0xa5, 0xd5, 0xa5, 0xd5, 0xa5, 0xd5, 0xa5, 0xd5, 0xc5, 0xd5, 0xc5, 0xd5,
    0xc5, 0xd5, 0xc5, 0xd5, 0xc5, 0xd5, 0xc5, 0xd5, 0xc5, 0xd5, 0xc5, 0xd5,
    0xc5, 0xd5, 0xc5, 0xd5, 0xe5, 0xd5, 0xe5, 0xd5, 0xe5, 0xd5, 0xe5, 0xd5,
    0xe6, 0xd5, 0xe6, 0xd5, 0xe6, 0xdd, 0xe6, 0xdd, 0x06, 0xde, 0x06, 0xde,
    0x06, 0xde, 0x06, 0xde, 0x06, 0xde, 0x06, 0xde, 0x06, 0xde, 0x26, 0xde,
    0x27, 0xde, 0x27, 0xde, 0x27, 0xde, 0x27, 0xde, 0x27, 0xde, 0x27, 0xde,
    0xe6, 0xd5, 0xc5, 0xd5, 0xc5, 0xd5, 0xc5, 0xd5, 0xc5, 0xd5, 0xc5, 0xd5,
    0xc5, 0xd5, 0xc5, 0xd5, 0xc5, 0xd5, 0xc5, 0xd5, 0xc5, 0xd5, 0xc5, 0xd5,
    0xc5, 0xd5, 0xc5, 0xd5, 0xc5, 0xd5, 0xa5, 0xd5, 0xa5, 0xd5, 0xa4, 0xd5,
    0x63, 0xcd, 0x23, 0xc5, 0x23, 0xc5, 0x23, 0xc5, 0x23, 0xc5, 0x23, 0xc5,
    0x23, 0xc5, 0x23, 0xc5, 0x23, 0xc5, 0x23, 0xc5, 0x23, 0xc5, 0x23, 0xc5,
    0x23, 0xc5, 0x23, 0xc5, 0x23, 0xc5, 0x23, 0xc5, 0x23, 0xc5, 0x23, 0xc5,
    0x23, 0xc5, 0x23, 0xc5, 0x23, 0xc5, 0x23, 0xc5, 0x23, 0xc5, 0x23, 0xc5,
    0x23, 0xc5, 0x23, 0xc5, 0x23, 0xc5, 0x23, 0xc5, 0x23, 0xc5, 0x23, 0xc5,
    0x23, 0xc5, 0x23, 0xc5, 0x23, 0xc5, 0x23, 0xc5, 0x23, 0xc5, 0x23, 0xc5,
    0x23, 0xc5, 0x23, 0xc5, 0x23, 0xc5, 0x23, 0xc5, 0x23, 0xc5, 0x23, 0xc5,
    0x23, 0xc5, 0x23, 0xc5, 0x23, 0xc5, 0x23, 0xc5, 0x23, 0xc5, 0x23, 0xc5,
    0x23, 0xc5, 0x23, 0xc5, 0x23, 0xc5, 0x23, 0xc5, 0x23, 0xc5, 0x23, 0xc5,
    0x0d, 0xd6, 0x9e, 0xf7, 0x9e, 0xf7, 0x9e, 0xf7, 0x9e, 0xf7, 0x9e, 0xf7,
    0x9e, 0xf7, 0x9e, 0xf7, 0x9e, 0xf7, 0x9e, 0xf7, 0x9e, 0xf7, 0x9e, 0xf7,
    0x9e, 0xf7, 0x9e, 0xf7, 0x9e, 0xf7, 0x9e, 0xf7, 0x9e, 0xf7, 0x9e, 0xf7,
    0x9e, 0xf7, 0x9e, 0xf7, 0x9e, 0xf7, 0x9e, 0xf7, 0x9e, 0xf7, 0x4e, 0xde,
    0x84, 0xcd, 0x84, 0xcd, 0x84, 0xcd, 0x84, 0xcd, 0x84, 0xcd, 0x84, 0xcd,
    0x84, 0xcd, 0xa4, 0xcd, 0xa4, 0xcd, 0xa4, 0xcd, 0xa4, 0xd5, 0xa4, 0xd5,
    0xa4, 0xd5, 0xa4, 0xd5, 0xa4, 0xd5, 0xa4, 0xd5, 0xa4, 0xd5, 0xa4, 0xd5,
    0xa5, 0xd5, 0xa5, 0xd5, 0xa5, 0xd5, 0xa5, 0xd5, 0xc5, 0xd5, 0xc5, 0xd5,
    0xc5, 0xd5, 0xc5, 0xd5, 0xc5, 0xd5, 0xc5, 0xd5, 0xc5, 0xd5, 0xc5, 0xd5,
    0xc5, 0xd5, 0xc5, 0xd5, 0xc5, 0xd5, 0xe5, 0xd5, 0xe5, 0xd5, 0xe5, 0xd5,
    0xe5, 0xd5, 0xe6, 0xd5, 0xe6, 0xdd, 0xe6, 0xdd, 0xe6, 0xdd, 0x06, 0xde,
    0x06, 0xde, 0x06, 0xde, 0x06, 0xde, 0x06, 0xde, 0x06, 0xde, 0x06, 0xde,
    0x27, 0xde, 0x27, 0xde, 0x27, 0xde, 0x27, 0xde, 0x27, 0xde, 0x27, 0xde,
    0x47, 0xde, 0x27, 0xde, 0xe6, 0xdd, 0xc5, 0xd5, 0xc5, 0xd5, 0xc5, 0xd5,
    0xc5, 0xd5, 0xc5, 0xd5, 0xc5, 0xd5, 0xc5, 0xd5, 0xc5, 0xd5, 0xc5, 0xd5,
    0xc5, 0xd5, 0xc5, 0xd5, 0xc5, 0xd5, 0xa4, 0xd5, 0x63, 0xcd, 0x23, 0xc5,
    0x23, 0xc5, 0x23, 0xc5, 0x23, 0xc5, 0x23, 0xc5, 0x23, 0xc5, 0x23, 0xc5,
    0x23, 0xc5, 0x23, 0xc5, 0x23, 0xc5, 0x23, 0xc5, 0x23, 0xc5, 0x23, 0xc5,
    0x23, 0xc5, 0x23, 0xc5, 0x23, 0xc5, 0x23, 0xc5, 0x23, 0xc5, 0x23, 0xc5,
    0x23, 0xc5, 0x23, 0xc5, 0x23, 0xc5, 0x23, 0xc5, 0x23, 0xc5, 0x23, 0xc5,
    0x23, 0xc5, 0x23, 0xc5, 0x23, 0xc5, 0x23, 0xc5, 0x23, 0xc5, 0x23, 0xc5,
    0x23, 0xc5, 0x23, 0xc5, 0x23, 0xc5, 0x23, 0xc5, 0x23, 0xc5, 0x23, 0xc5,
    0x23, 0xc5, 0x23, 0xc5, 0x23, 0xc5, 0x23, 0xc5, 0x23, 0xc5, 0x23, 0xc5,
    0x23, 0xc5, 0x23, 0xc5, 0x23, 0xc5, 0x23, 0xc5, 0x23, 0xc5, 0x23, 0xc5,
    0x23, 0xc5, 0x23, 0xc5, 0x23, 0xc5, 0x23, 0xc5, 0x23, 0xc5, 0x23, 0xc5,
    0x0d, 0xd6, 0x9e, 0xf7, 0x9e, 0xf7, 0x9e, 0xf7, 0x9e, 0xf7, 0x9e, 0xf7,
    0x9e, 0xf7, 0x9e, 0xf7, 0x9e, 0xf7, 0x9e, 0xf7, 0x9e, 0xf7, 0x9e, 0xf7,
    0x9e, 0xf7, 0x9e, 0xf7, 0x9e, 0xf7, 0x9e, 0xf7, 0x9e, 0xf7, 0x9e, 0xf7,
    0x9e, 0xf7, 0x9e, 0xf7, 0x9e, 0xf7, 0x9e, 0xf7, 0x9e, 0xf7, 0x4e, 0xde,
    0x84, 0xcd, 0x84, 0xcd, 0x84, 0xcd, 0x84, 0xcd, 0x84, 0xcd, 0x84, 0xcd,
    0x84, 0xcd, 0x84, 0xcd, 0xa4, 0xcd, 0xa4, 0xcd, 0xa4, 0xd5, 0xa4, 0xd5,
    0xa4, 0xd5, 0xa4, 0xd5, 0xa4, 0xd5, 0xa4, 0xd5, 0xa4, 0xd5, 0xa4, 0xd5,
    0xa4, 0xd5, 0xa5, 0xd5, 0xa5, 0xd5, 0xa5, 0xd5, 0xa5, 0xd5, 0xc5, 0xd5,
    0xc5, 0xd5, 0xc5, 0xd5, 0xc5, 0xd5, 0xc5, 0xd5, 0xc5, 0xd5, 0xc5, 0xd5,
    0xc5, 0xd5, 0xc5, 0xd5, 0xc5, 0xd5, 0xe5, 0xd5, 0xe5, 0xd5, 0xe5, 0xd5,
    0xe5, 0xd5, 0xe6, 0xd5, 0xe6, 0xdd, 0xe6, 0xdd, 0xe6, 0xdd, 0x06, 0xde,
    0x06, 0xde, 0x06, 0xde, 0x06, 0xde, 0x06, 0xde, 0x06, 0xde, 0x06, 0xde,
    0x26, 0xde, 0x27, 0xde, 0x27, 0xde, 0x27, 0xde, 0x27, 0xde, 0x27, 0xde,
    0x27, 0xde, 0x47, 0xde, 0x47, 0xde, 0x27, 0xde, 0xe6, 0xd5, 0xc5, 0xd5,
    0xc5, 0xd5, 0xc5, 0xd5, 0xc5, 0xd5, 0xc5, 0xd5, 0xc5, 0xd5, 0xc5, 0xd5,
    0xc5, 0xd5, 0xa5, 0xd5, 0x63, 0xcd, 0x23, 0xc5, 0x23, 0xc5, 0x23, 0xc5,
    0x23, 0xc5, 0x23, 0xc5, 0x23, 0xc5, 0x23, 0xc5, 0x23, 0xc5, 0x23, 0xc5,
    0x23, 0xc5, 0x23, 0xc5, 0x23, 0xc5, 0x23, 0xc5, 0x23, 0xc5, 0x23, 0xc5,
    0x23, 0xc5, 0x23, 0xc5, 0x23, 0xc5, 0x23, 0xc5, 0x23, 0xc5, 0x23, 0xc5,
    0x23, 0xc5, 0x23, 0xc5, 0x23, 0xc5, 0x23, 0xc5, 0x23, 0xc5, 0x23, 0xc5,
    0x23, 0xc5, 0x23, 0xc5, 0x23, 0xc5, 0x23, 0xc5, 0x23, 0xc5, 0x23, 0xc5,
    0x23, 0xc5, 0x23, 0xc5, 0x23, 0xc5, 0x23, 0xc5, 0x23, 0xc5, 0x23, 0xc5,
    0x23, 0xc5, 0x23, 0xc5, 0x23, 0xc5, 0x23, 0xc5, 0x23, 0xc5, 0x23, 0xc5,
    0x23, 0xc5, 0x23, 0xc5, 0x23, 0xc5, 0x23, 0xc5, 0x23, 0xc5, 0x23, 0xc5,
    0x23, 0xc5, 0x23, 0xc5, 0x23, 0xc5, 0x23, 0xc5, 0x23, 0xc5, 0x23, 0xc5,
    0x0d, 0xd6, 0x9e, 0xf7, 0x9e, 0xf7, 0x9e, 0xf7, 0x9e, 0xf7, 0x9e, 0xf7,
    0x9e, 0xf7, 0x9e, 0xf7, 0x9e, 0xf7, 0x9e, 0xf7, 0x9e, 0xf7, 0x9e, 0xf7,
    0x9e, 0xf7, 0x9e, 0xf7, 0x9e, 0xf7, 0x9e, 0xf7, 0x9e, 0xf7, 0x9e, 0xf7,
    0x9e, 0xf7, 0x9e, 0xf7, 0x9e, 0xf7, 0x9e, 0xf7, 0x9e, 0xf7, 0x4e, 0xde,
    0x84, 0xcd, 0x84, 0xcd, 0x84, 0xcd, 0x84, 0xcd, 0x84, 0xcd, 0x84, 0xcd,
    0x84, 0xcd, 0x84, 0xcd, 0xa4, 0xcd, 0xa4, 0xcd, 0xa4, 0xcd, 0xa4, 0xd5,
    0xa4, 0xd5, 0xa4, 0xd5, 0xa4, 0xd5, 0xa4, 0xd5, 0xa4, 0xd5, 0xa4, 0xd5,
    0xa4, 0xd5, 0xa5, 0xd5, 0xa5, 0xd5, 0xa5, 0xd5, 0xa5, 0xd5, 0xc5, 0xd5,
    0xc5, 0xd5, 0xc5, 0xd5, 0xc5, 0xd5, 0xc5, 0xd5, 0xc5, 0xd5, 0xc5, 0xd5,
    0xc5, 0xd5, 0xc5, 0xd5, 0xc5, 0xd5, 0xc5, 0xd5, 0xe5, 0xd5, 0xe5, 0xd5,
    0xe5, 0xd5, 0xe5, 0xd5, 0xe6, 0xd5, 0xe6, 0xdd, 0xe6, 0xdd, 0xe6, 0xdd,
    0x06, 0xde, 0x06, 0xde, 0x06, 0xde, 0x06, 0xde, 0x06, 0xde, 0x06, 0xde,
    0x06, 0xde, 0x27, 0xde, 0x27, 0xde, 0x27, 0xde, 0x27, 0xde, 0x27, 0xde,
    0x27, 0xde, 0x27, 0xde, 0x47, 0xde, 0x47, 0xe6, 0x47, 0xe6, 0x27, 0xde,
    0xe6, 0xd5, 0xc5, 0xd5, 0xc5, 0xd5, 0xc5, 0xd5, 0xc5, 0xd5, 0xc5, 0xd5,
    0x63, 0xcd, 0x23, 0xc5, 0x23, 0xc5, 0x23, 0xc5, 0x23, 0xc5, 0x23, 0xc5,
    0x23, 0xc5, 0x23, 0xc5, 0x23, 0xc5, 0x23, 0xc5, 0x23, 0xc5, 0x23, 0xc5,
    0x23, 0xc5, 0x23, 0xc5, 0x23, 0xc5, 0x23, 0xc5, 0x23, 0xc5, 0x23, 0xc5,
    0x23, 0xc5, 0x23, 0xc5, 0x23, 0xc5, 0x23, 0xc5, 0x23, 0xc5, 0x23, 0xc5,
    0x23, 0xc5, 0x23, 0xc5, 0x23, 0xc5, 0x23, 0xc5, 0x23, 0xc5, 0x23, 0xc5,
    0x23, 0xc5, 0x23, 0xc5, 0x23, 0xc5, 0x23, 0xc5, 0x23, 0xc5, 0x23, 0xc5,
    0x23, 0xc5, 0x23, 0xc5, 0x23, 0xc5, 0x23, 0xc5, 0x23, 0xc5, 0x23, 0xc5,
    0x23, 0xc5, 0x23, 0xc5, 0x23, 0xc5, 0x23, 0xc5, 0x23, 0xc5, 0x23, 0xc5,
    0x23, 0xc5, 0x23, 0xc5, 0x23, 0xc5, 0x23, 0xc5, 0x23, 0xc5, 0x23, 0xc5,
    0x23, 0xc5, 0x23, 0xc5, 0x23, 0xc5, 0x23, 0xc5, 0x23, 0xc5, 0x23, 0xc5,
    0x0d, 0xd6, 0x9e, 0xf7, 0x9e, 0xf7, 0x9e, 0xf7, 0x9e, 0xf7, 0x9e, 0xf7,
    0x9e, 0xf7, 0x9e, 0xf7, 0x9e, 0xf7, 0x9e, 0xf7, 0x9e, 0xf7, 0x9e, 0xf7,
    0x9e, 0xf7, 0x9e, 0xf7, 0x9e, 0xf7, 0x9e, 0xf7, 0x9e, 0xf7, 0x9e, 0xf7,
    0x9e, 0xf7, 0x9e, 0xf7, 0x9e, 0xf7, 0x9e, 0xf7, 0x9e, 0xf7, 0x4e, 0xde,
    0x84, 0xcd, 0x84, 0xcd, 0x84, 0xcd, 0x84, 0xcd, 0x84, 0xcd, 0x84, 0xcd,
    0x84, 0xcd, 0x84, 0xcd, 0x84, 0xcd, 0xa4, 0xcd, 0xa4, 0xcd, 0xa4, 0xd5,
    0xa4, 0xd5, 0xa4, 0xd5, 0xa4, 0xd5, 0xa4, 0xd5, 0xa4, 0xd5, 0xa4, 0xd5,
    0xa4, 0xd5, 0xa4, 0xd5, 0xa5, 0xd5, 0xa5, 0xd5, 0xa5, 0xd5, 0xc5, 0xd5,
    0xc5, 0xd5, 0xc5, 0xd5, 0xc5, 0xd5, 0xc5, 0xd5, 0xc5, 0xd5, 0xc5, 0xd5,
    0xc5, 0xd5, 0xc5, 0xd5, 0xc5, 0xd5, 0xc5, 0xd5, 0xe5, 0xd5, 0xe5, 0xd5,
    0xe5, 0xd5, 0xe5, 0xd5, 0xe6, 0xd5, 0xe6, 0xdd, 0xe6, 0xdd, 0xe6, 0xdd,
    0x06, 0xde, 0x06, 0xde, 0x06, 0xde, 0x06, 0xde, 0x06, 0xde, 0x06, 0xde,
    0x06, 0xde, 0x26, 0xde, 0x27, 0xde, 0x27, 0xde, 0x27, 0xde, 0x27, 0xde,
    0x27, 0xde, 0x27, 0xde, 0x27, 0xde, 0x47, 0xde, 0x47, 0xe6, 0x47, 0xe6,
    0x47, 0xe6, 0x27, 0xde, 0xe6, 0xd5, 0xc5, 0xd5, 0x64, 0xcd, 0x23, 0xc5,
    0x23, 0xc5, 0x23, 0xc5, 0x23, 0xc5, 0x23, 0xc5, 0x23, 0xc5, 0x23, 0xc5,
    0x23, 0xc5, 0x23, 0xc5, 0x23, 0xc5, 0x23, 0xc5, 0x23, 0xc5, 0x23, 0xc5,
    0x23, 0xc5, 0x23, 0xc5, 0x23, 0xc5, 0x23, 0xc5, 0x23, 0xc5, 0x23, 0xc5,
    0x23, 0xc5, 0x23, 0xc5, 0x23, 0xc5, 0x23, 0xc5, 0x23, 0xc5, 0x23, 0xc5,
    0x23, 0xc5, 0x23, 0xc5, 0x23, 0xc5, 0x23, 0xc5, 0x23, 0xc5, 0x23, 0xc5,
    0x23, 0xc5, 0x23, 0xc5, 0x23, 0xc5, 0x23, 0xc5, 0x23, 0xc5, 0x23, 0xc5,
    0x23, 0xc5, 0x23, 0xc5, 0x23, 0xc5, 0x23, 0xc5, 0x23, 0xc5, 0x23, 0xc5,
    0x23, 0xc5, 0x23, 0xc5, 0x23, 0xc5, 0x23, 0xc5, 0x23, 0xc5, 0x23, 0xc5,
    0x23, 0xc5, 0x23, 0xc5, 0x23, 0xc5, 0x23, 0xc5, 0x23, 0xc5, 0x23, 0xc5,
    0x23, 0xc5, 0x23, 0xc5, 0x23, 0xc5, 0x23, 0xc5, 0x23, 0xc5, 0x23, 0xc5,
    0x0d, 0xd6, 0x9e, 0xf7, 0x9e, 0xf7, 0x9e, 0xf7, 0x9e, 0xf7, 0x9e, 0xf7,
    0x9e, 0xf7, 0x9e, 0xf7, 0x9e, 0xf7, 0x9e, 0xf7, 0x9e, 0xf7, 0x9e, 0xf7,
    0x9e, 0xf7, 0x9e, 0xf7, 0x9e, 0xf7, 0x9e, 0xf7, 0x9e, 0xf7, 0x9e, 0xf7,
    0x9e, 0xf7, 0x9e, 0xf7, 0x9e, 0xf7, 0x9e, 0xf7, 0x9e, 0xf7, 0x4e, 0xde,
    0x84, 0xcd, 0x84, 0xcd, 0x84, 0xcd, 0x84, 0xcd, 0x84, 0xcd, 0x84, 0xcd,
    0x84, 0xcd, 0x84, 0xcd, 0x84, 0xcd, 0xa4, 0xcd, 0xa4, 0xcd, 0xa4, 0xd5,
    0xa4, 0xd5, 0xa4, 0xd5, 0xa4, 0xd5, 0xa4, 0xd5, 0xa4, 0xd5, 0xa4, 0xd5,
    0xa4, 0xd5, 0xa4, 0xd5, 0xa5, 0xd5, 0xa5, 0xd5, 0xa5, 0xd5, 0xa5, 0xd5,
    0xc5, 0xd5, 0xc5, 0xd5, 0xc5, 0xd5, 0xc5, 0xd5, 0xc5, 0xd5, 0xc5, 0xd5,
    0xc5, 0xd5, 0xc5, 0xd5, 0xc5, 0xd5, 0xc5, 0xd5, 0xc5, 0xd5, 0xe5, 0xd5,
    0xe5, 0xd5, 0xe5, 0xd5, 0xe5, 0xd5, 0xe6, 0xd5, 0xe6, 0xdd, 0xe6, 0xdd,
    0xe6, 0xdd, 0x06, 0xde, 0x06, 0xde, 0x06, 0xde, 0x06, 0xde, 0x06, 0xde,
    0x06, 0xde, 0x06, 0xde, 0x26, 0xde, 0x27, 0xde, 0x27, 0xde, 0x27, 0xde,
    0x27, 0xde, 0x27, 0xde, 0x27, 0xde, 0x47, 0xde, 0x47, 0xde, 0x47, 0xe6,
    0x47, 0xe6, 0x47, 0xe6, 0x47, 0xe6, 0x23, 0xc5, 0x23, 0xc5, 0x23, 0xc5,
    0x23, 0xc5, 0x23, 0xc5, 0x23, 0xc5, 0x23, 0xc5, 0x23, 0xc5, 0x23, 0xc5,
    0x23, 0xc5, 0x23, 0xc5, 0x23, 0xc5, 0x23, 0xc5, 0x23, 0xc5, 0x23, 0xc5,
    0x23, 0xc5, 0x23, 0xc5, 0x23, 0xc5, 0x23, 0xc5, 0x23, 0xc5, 0x23, 0xc5,
    0x23, 0xc5, 0x23, 0xc5, 0x23, 0xc5, 0x23, 0xc5, 0x23, 0xc5, 0x23, 0xc5,
    0x23, 0xc5, 0x23, 0xc5, 0x23, 0xc5, 0x23, 0xc5, 0x23, 0xc5, 0x23, 0xc5,
    0x23, 0xc5, 0x23, 0xc5, 0x23, 0xc5, 0x23, 0xc5, 0x23, 0xc5, 0x23, 0xc5,
    0x23, 0xc5, 0x23, 0xc5, 0x23, 0xc5, 0x23, 0xc5, 0x23, 0xc5, 0x23, 0xc5,
    0x23, 0xc5, 0x23, 0xc5, 0x23, 0xc5, 0x23, 0xc5, 0x23, 0xc5, 0x23, 0xc5,
    0x23, 0xc5, 0x23, 0xc5, 0x23, 0xc5, 0x23, 0xc5, 0x23, 0xc5, 0x23, 0xc5,
    0x23, 0xc5, 0x23, 0xc5, 0x23, 0xc5, 0x23, 0xc5, 0x23, 0xc5, 0x23, 0xc5,
    0x0d, 0xd6, 0x9e, 0xf7, 0x9e, 0xf7, 0x9e, 0xf7, 0x9e, 0xf7, 0x9e, 0xf7,
    0x9e, 0xf7, 0x9e, 0xf7, 0x9e, 0xf7, 0x9e, 0xf7, 0x9e, 0xf7, 0x9e, 0xf7,
    0x9e, 0xf7, 0x9e, 0xf7, 0x9e, 0xf7, 0x9e, 0xf7, 0x9e, 0xf7, 0x9e, 0xf7,
    0x9e, 0xf7, 0x9e, 0xf7, 0x9e, 0xf7, 0x9e, 0xf7, 0x9e, 0xf7, 0x4e, 0xde,
    0x84, 0xcd, 0x84, 0xcd, 0x84, 0xcd, 0x84, 0xcd, 0x84, 0xcd, 0x84, 0xcd,
    0x84, 0xcd, 0x84, 0xcd, 0x84, 0xcd, 0xa4, 0xcd, 0xa4, 0xcd, 0xa4, 0xcd,
    0xa4, 0xd5, 0xa4, 0xd5, 0xa4, 0xd5, 0xa4, 0xd5, 0xa4, 0xd5, 0xa4, 0xd5,
    0xa4, 0xd5, 0xa4, 0xd5, 0xa5, 0xd5, 0xa5, 0xd5, 0xa5, 0xd5, 0xa5, 0xd5,
    0xc5, 0xd5, 0xc5, 0xd5, 0xc5, 0xd5, 0xc5, 0xd5, 0xc5, 0xd5, 0xc5, 0xd5,
    0xc5, 0xd5, 0xc5, 0xd5, 0xc5, 0xd5, 0xc5, 0xd5, 0xc5, 0xd5, 0xe5, 0xd5,
    0xe5, 0xd5, 0xe5, 0xd5, 0xe5, 0xd5, 0xe6, 0xd5, 0xe6, 0xdd, 0xe6, 0xdd,
    0xe6, 0xdd, 0x06, 0xde, 0x06, 0xde, 0x06, 0xde, 0x06, 0xde, 0x06, 0xde,
    0x06, 0xde, 0x06, 0xde, 0x06, 0xde, 0x27, 0xde, 0x27, 0xde, 0x27, 0xde,
    0x27, 0xde, 0x27, 0xde, 0x27, 0xde, 0x27, 0xde, 0x47, 0xde, 0x47, 0xde,
    0x47, 0xe6, 0x47, 0xe6, 0x47, 0xe6, 0x23, 0xc5, 0x23, 0xc5, 0x23, 0xc5,
    0x23, 0xc5, 0x23, 0xc5, 0x23, 0xc5, 0x23, 0xc5, 0x23, 0xc5, 0x23, 0xc5,
    0x23, 0xc5, 0x23, 0xc5, 0x23, 0xc5, 0x23, 0xc5, 0x23, 0xc5, 0x23, 0xc5,
    0x23, 0xc5, 0x23, 0xc5, 0x23, 0xc5, 0x23, 0xc5, 0x23, 0xc5, 0x23, 0xc5,
    0x23, 0xc5, 0x23, 0xc5, 0x23, 0xc5, 0x23, 0xc5, 0x23, 0xc5, 0x23, 0xc5,
    0x23, 0xc5, 0x23, 0xc5, 0x23, 0xc5, 0x23, 0xc5, 0x23, 0xc5, 0x23, 0xc5,
    0x23, 0xc5, 0x23, 0xc5, 0x23, 0xc5, 0x23, 0xc5, 0x23, 0xc5, 0x23, 0xc5,
    0x23, 0xc5, 0x23, 0xc5, 0x23, 0xc5, 0x23, 0xc5, 0x23, 0xc5, 0x23, 0xc5,
    0x23, 0xc5, 0x23, 0xc5, 0x23, 0xc5, 0x23, 0xc5, 0x23, 0xc5, 0x23, 0xc5,
    0x23, 0xc5, 0x23, 0xc5, 0x23, 0xc5, 0x23, 0xc5, 0x23, 0xc5, 0x23, 0xc5,
    0x23, 0xc5, 0x23, 0xc5, 0x23, 0xc5, 0x23, 0xc5, 0x23, 0xc5, 0x23, 0xc5,
    0x0d, 0xd6, 0x9e, 0xf7, 0x9e, 0xf7, 0x9e, 0xf7, 0x9e, 0xf7, 0x9e, 0xf7,
    0x9e, 0xf7, 0x9e, 0xf7, 0x9e, 0xf7, 0x9e, 0xf7, 0x9e, 0xf7, 0x9e, 0xf7,
    0x9e, 0xf7, 0x9e, 0xf7, 0x9e, 0xf7, 0x9e, 0xf7, 0x9e, 0xf7, 0x9e, 0xf7,
    0x9e, 0xf7, 0x9e, 0xf7, 0x9e, 0xf7, 0x9e, 0xf7, 0x9e, 0xf7, 0x4e, 0xde,
    0x84, 0xcd, 0x84, 0xcd, 0x84, 0xcd, 0x84, 0xcd, 0x84, 0xcd, 0x84, 0xcd,
    0x84, 0xcd, 0x84, 0xcd, 0x84, 0xcd, 0x84, 0xcd, 0xa4, 0xcd, 0xa4, 0xcd,
    0xa4, 0xd5, 0xa4, 0xd5, 0xa4, 0xd5, 0xa4, 0xd5, 0xa4, 0xd5, 0xa4, 0xd5,
    0xa4, 0xd5, 0xa4, 0xd5, 0xa4, 0xd5, 0xa5, 0xd5, 0xa5, 0xd5, 0xa5, 0xd5,
    0xa5, 0xd5, 0xc5, 0xd5, 0xc5, 0xd5, 0xc5, 0xd5, 0xc5, 0xd5, 0xc5, 0xd5,
    0xc5, 0xd5, 0xc5, 0xd5, 0xc5, 0xd5, 0xc5, 0xd5, 0xc5, 0xd5, 0xe5, 0xd5,
    0xe5, 0xd5, 0xe5, 0xd5, 0xe5, 0xd5, 0xe5, 0xd5, 0xe6, 0xd5, 0xe6, 0xdd,
    0xe6, 0xdd, 0xe6, 0xdd, 0x06, 0xde, 0x06, 0xde, 0x06, 0xde, 0x06, 0xde,
    0x06, 0xde, 0x06, 0xde, 0x06, 0xde, 0x26, 0xde, 0x27, 0xde, 0x27, 0xde,
    0x27, 0xde, 0x27, 0xde, 0x27, 0xde, 0x27, 0xde, 0x27, 0xde, 0x47, 0xde,
    0x47, 0xde, 0x47, 0xde, 0x47, 0xe6, 0x23, 0xc5, 0x23, 0xc5, 0x23, 0xc5,
    0x23, 0xc5, 0x23, 0xc5, 0x23, 0xc5, 0x23, 0xc5, 0x23, 0xc5, 0x23, 0xc5,
    0x23, 0xc5, 0x23, 0xc5, 0x23, 0xc5, 0x23, 0xc5, 0x23, 0xc5, 0x23, 0xc5,
    0x23, 0xc5, 0x23, 0xc5, 0x23, 0xc5, 0x23, 0xc5, 0x23, 0xc5, 0x23, 0xc5,
    0x23, 0xc5, 0x23, 0xc5, 0x23, 0xc5, 0x23, 0xc5, 0x23, 0xc5, 0x23, 0xc5,
    0x23, 0xc5, 0x23, 0xc5, 0x23, 0xc5, 0x23, 0xc5, 0x23, 0xc5, 0x23, 0xc5,
    0x23, 0xc5, 0x23, 0xc5, 0x23, 0xc5, 0x23, 0xc5, 0x23, 0xc5, 0x23, 0xc5,
    0x23, 0xc5, 0x23, 0xc5, 0x23, 0xc5, 0x23, 0xc5, 0x23, 0xc5, 0x23, 0xc5,
    0x23, 0xc5, 0x23, 0xc5, 0x23, 0xc5, 0x23, 0xc5, 0x23, 0xc5, 0x23, 0xc5,
    0x23, 0xc5, 0x23, 0xc5, 0x23, 0xc5, 0x23, 0xc5, 0x23, 0xc5, 0x23, 0xc5,
    0x23, 0xc5, 0x23, 0xc5, 0x23, 0xc5, 0x23, 0xc5, 0x23, 0xc5, 0x23, 0xc5,
    0x0d, 0xd6, 0x9e, 0xf7, 0x9e, 0xf7, 0x9e, 0xf7, 0x9e, 0xf7, 0x9e, 0xf7,
    0x9e, 0xf7, 0x9e, 0xf7, 0x9e, 0xf7, 0x9e, 0xf7, 0x9e, 0xf7, 0x9e, 0xf7,
    0x9e, 0xf7, 0x9e, 0xf7, 0x9e, 0xf7, 0x9e, 0xf7, 0x9e, 0xf7, 0x9e, 0xf7,
    0x9e, 0xf7, 0x9e, 0xf7, 0x9e, 0xf7, 0x9e, 0xf7, 0x9e, 0xf7, 0xd4, 0xe6,
    0xa6, 0xcd, 0x84, 0xcd, 0x84, 0xcd, 0x84, 0xcd, 0x84, 0xcd, 0x84, 0xcd,
    0x84, 0xcd, 0x84, 0xcd, 0x84, 0xcd, 0x84, 0xcd, 0xa4, 0xcd, 0xa4, 0xcd,
    0xa4, 0xcd, 0xa4, 0xd5, 0xa4, 0xd5, 0xa4, 0xd5, 0xa4, 0xd5, 0xa4, 0xd5,
    0xa4, 0xd5, 0xa4, 0xd5, 0xa4, 0xd5, 0xa5, 0xd5, 0xa5, 0xd5, 0xa5, 0xd5,
    0xa5, 0xd5, 0xc5, 0xd5, 0xc5, 0xd5, 0xc5, 0xd5, 0xc5, 0xd5, 0xc5, 0xd5,
    0xc5, 0xd5, 0xc5, 0xd5, 0xc5, 0xd5, 0xc5, 0xd5, 0xc5, 0xd5, 0xc5, 0xd5,
    0xe5, 0xd5, 0xe5, 0xd5, 0xe5, 0xd5, 0xe5, 0xd5, 0xe6, 0xd5, 0xe6, 0xdd,
    0xe6, 0xdd, 0xe6, 0xdd, 0x06, 0xde, 0x06, 0xde, 0x06, 0xde, 0x06, 0xde,
    0x06, 0xde, 0x06, 0xde, 0x06, 0xde, 0x06, 0xde, 0x26, 0xde, 0x27, 0xde,
    0x27, 0xde, 0x27, 0xde, 0x27, 0xde, 0x27, 0xde, 0x27, 0xde, 0x27, 0xde,
    0x27, 0xde, 0x47, 0xde, 0x47, 0xde, 0x23, 0xc5, 0x23, 0xc5, 0x23, 0xc5,
    0x23, 0xc5, 0x23, 0xc5, 0x23, 0xc5, 0x23, 0xc5, 0x23, 0xc5, 0x23, 0xc5,
    0x23, 0xc5, 0x23, 0xc5, 0x23, 0xc5, 0x23, 0xc5, 0x23, 0xc5, 0x23, 0xc5,
    0x23, 0xc5, 0x23, 0xc5, 0x23, 0xc5, 0x23, 0xc5, 0x23, 0xc5, 0x23, 0xc5,
    0x23, 0xc5, 0x23, 0xc5, 0x23, 0xc5, 0x23, 0xc5, 0x23, 0xc5, 0x23, 0xc5,
    0x23, 0xc5, 0x23, 0xc5, 0x23, 0xc5, 0x23, 0xc5, 0x23, 0xc5, 0x23, 0xc5,
    0x23, 0xc5, 0x23, 0xc5, 0x23, 0xc5, 0x23, 0xc5, 0x23, 0xc5, 0x23, 0xc5,
    0x23, 0xc5, 0x23, 0xc5, 0x23, 0xc5, 0x23, 0xc5, 0x23, 0xc5, 0x23, 0xc5,
    0x23, 0xc5, 0x23, 0xc5, 0x23, 0xc5, 0x23, 0xc5, 0x23, 0xc5, 0x23, 0xc5,
    0x23, 0xc5, 0x23, 0xc5, 0x23, 0xc5, 0x23, 0xc5, 0x23, 0xc5, 0x23, 0xc5,
    0x23, 0xc5, 0x23, 0xc5, 0x23, 0xc5, 0x23, 0xc5, 0x23, 0xc5, 0x23, 0xc5,
    0x92, 0xde, 0x9e, 0xf7, 0x9e, 0xf7, 0x9e, 0xf7, 0x9e, 0xf7, 0x9e, 0xf7,
    0x9e, 0xf7, 0x9e, 0xf7, 0x9e, 0xf7, 0x9e, 0xf7, 0x9e, 0xf7, 0x9e, 0xf7,
    0x9e, 0xf7, 0x9e, 0xf7, 0x9e, 0xf7, 0x9e, 0xf7, 0x9e, 0xf7, 0x9e, 0xf7,
    0x9e, 0xf7, 0x9e, 0xf7, 0x9e, 0xf7, 0x9e, 0xf7, 0x9e, 0xf7, 0x9e, 0xf7,
    0x7c, 0xef, 0x91, 0xde, 0xa6, 0xd5, 0x84, 0xcd, 0x84, 0xcd, 0x84, 0xcd,
    0x84, 0xcd, 0x84, 0xcd, 0x84, 0xcd, 0x84, 0xcd, 0x84, 0xcd, 0xa4, 0xcd,
    0xa4, 0xcd, 0xa4, 0xd5, 0xa4, 0xd5, 0xa4, 0xd5, 0xa4, 0xd5, 0xa4, 0xd5,
    0xa4, 0xd5, 0xa4, 0xd5, 0xa4, 0xd5, 0xa4, 0xd5, 0xa5, 0xd5, 0xa5, 0xd5,
    0xa5, 0xd5, 0xa5, 0xd5, 0xc5, 0xd5, 0xc5, 0xd5, 0xc5, 0xd5, 0xc5, 0xd5,
    0xc5, 0xd5, 0xc5, 0xd5, 0xc5, 0xd5, 0xc5, 0xd5, 0xc5, 0xd5, 0xc5, 0xd5,
    0xe5, 0xd5, 0xe5, 0xd5, 0xe5, 0xd5, 0xe5, 0xd5, 0xe5, 0xd5, 0xe6, 0xd5,
    0xe6, 0xdd, 0xe6, 0xdd, 0xe6, 0xdd, 0x06, 0xde, 0x06, 0xde, 0x06, 0xde,
    0x06, 0xde, 0x06, 0xde, 0x06, 0xde, 0x06, 0xde, 0x06, 0xde, 0x26, 0xde,
    0x27, 0xde, 0x27, 0xde, 0x27, 0xde, 0x27, 0xde, 0x27, 0xde, 0x27, 0xde,
    0x27, 0xde, 0x27, 0xde, 0x47, 0xde, 0x23, 0xc5, 0x23, 0xc5, 0x23, 0xc5,
    0x23, 0xc5, 0x23, 0xc5, 0x23, 0xc5, 0x23, 0xc5, 0x23, 0xc5, 0x23, 0xc5,
    0x23, 0xc5, 0x23, 0xc5, 0x23, 0xc5, 0x23, 0xc5, 0x23, 0xc5, 0x23, 0xc5,
    0x23, 0xc5, 0x23, 0xc5, 0x23, 0xc5, 0x23, 0xc5, 0x23, 0xc5, 0x23, 0xc5,
    0x23, 0xc5, 0x23, 0xc5, 0x23, 0xc5, 0x23, 0xc5, 0x23, 0xc5, 0x23, 0xc5,
    0x23, 0xc5, 0x23, 0xc5, 0x23, 0xc5, 0x23, 0xc5, 0x23, 0xc5, 0x23, 0xc5,
    0x23, 0xc5, 0x23, 0xc5, 0x23, 0xc5, 0x23, 0xc5, 0x23, 0xc5, 0x23, 0xc5,
    0x23, 0xc5, 0x23, 0xc5, 0x23, 0xc5, 0x23, 0xc5, 0x23, 0xc5, 0x23, 0xc5,
    0x23, 0xc5, 0x23, 0xc5, 0x23, 0xc5, 0x23, 0xc5, 0x23, 0xc5, 0x23, 0xc5,
    0x23, 0xc5, 0x23, 0xc5, 0x23, 0xc5, 0x23, 0xc5, 0x23, 0xc5, 0x23, 0xc5,
    0x23, 0xc5, 0x23, 0xc5, 0x23, 0xc5, 0x23, 0xc5, 0x0d, 0xd6, 0x3a, 0xef,
    0x9e, 0xf7, 0x9e, 0xf7, 0x9e, 0xf7, 0x9e, 0xf7, 0x9e, 0xf7, 0x9e, 0xf7,
    0x9e, 0xf7, 0x9e, 0xf7, 0x9e, 0xf7, 0x9e, 0xf7, 0x9e, 0xf7, 0x9e, 0xf7,
    0x9e, 0xf7, 0x9e, 0xf7, 0x9e, 0xf7, 0x9e, 0xf7, 0x9e, 0xf7, 0x9e, 0xf7,
    0x9e, 0xf7, 0x9e, 0xf7, 0x9e, 0xf7, 0x9e, 0xf7, 0x9e, 0xf7, 0x9e, 0xf7,
    0x9e, 0xf7, 0x9e, 0xf7, 0x7c, 0xef, 0x91, 0xde, 0xa6, 0xd5, 0x84, 0xcd,
    0x84, 0xcd, 0x84, 0xcd, 0x84, 0xcd, 0x84, 0xcd, 0x84, 0xcd, 0xa4, 0xcd,
    0xa4, 0xcd, 0xa4, 0xcd, 0xa4, 0xd5, 0xa4, 0xd5, 0xa4, 0xd5, 0xa4, 0xd5,
    0xa4, 0xd5, 0xa4, 0xd5, 0xa4, 0xd5, 0xa4, 0xd5, 0xa5, 0xd5, 0xa5, 0xd5,
    0xa5, 0xd5, 0xa5, 0xd5, 0xc5, 0xd5, 0xc5, 0xd5, 0xc5, 0xd5, 0xc5, 0xd5,
    0xc5, 0xd5, 0xc5, 0xd5, 0xc5, 0xd5, 0xc5, 0xd5, 0xc5, 0xd5, 0xc5, 0xd5,
    0xc5, 0xd5, 0xe5, 0xd5, 0xe5, 0xd5, 0xe5, 0xd5, 0xe5, 0xd5, 0xe6, 0xd5,
    0xe6, 0xdd, 0xe6, 0xdd, 0xe6, 0xdd, 0xe6, 0xdd, 0x06, 0xde, 0x06, 0xde,
    0x06, 0xde, 0x06, 0xde, 0x06, 0xde, 0x06, 0xde, 0x06, 0xde, 0x06, 0xde,
    0x27, 0xde, 0x27, 0xde, 0x27, 0xde, 0x27, 0xde, 0x27, 0xde, 0x27, 0xde,
    0x27, 0xde, 0x27, 0xde, 0x27, 0xde, 0x23, 0xc5, 0x23, 0xc5, 0x23, 0xc5,
    0x23, 0xc5, 0x23, 0xc5, 0x23, 0xc5, 0x23, 0xc5, 0x23, 0xc5, 0x23, 0xc5,
    0x23, 0xc5, 0x23, 0xc5, 0x23, 0xc5, 0x23, 0xc5, 0x23, 0xc5, 0x23, 0xc5,
    0x23, 0xc5, 0x23, 0xc5, 0x23, 0xc5, 0x23, 0xc5, 0x23, 0xc5, 0x23, 0xc5,
    0x23, 0xc5, 0x23, 0xc5, 0x23, 0xc5, 0x23, 0xc5, 0x23, 0xc5, 0x23, 0xc5,
    0x23, 0xc5, 0x23, 0xc5, 0x23, 0xc5, 0x23, 0xc5, 0x23, 0xc5, 0x23, 0xc5,
    0x23, 0xc5, 0x23, 0xc5, 0x23, 0xc5, 0x23, 0xc5, 0x23, 0xc5, 0x23, 0xc5,
    0x23, 0xc5, 0x23, 0xc5, 0x23, 0xc5, 0x23, 0xc5, 0x23, 0xc5, 0x23, 0xc5,
    0x23, 0xc5, 0x23, 0xc5, 0x23, 0xc5, 0x23, 0xc5, 0x23, 0xc5, 0x23, 0xc5,
    0x23, 0xc5, 0x23, 0xc5, 0x23, 0xc5, 0x23, 0xc5, 0x23, 0xc5, 0x23, 0xc5,
    0x23, 0xc5, 0x23, 0xc5, 0x0d, 0xd6, 0x3a, 0xef, 0x9e, 0xf7, 0x9e, 0xf7,
    0x9e, 0xf7, 0x9e, 0xf7, 0x9e, 0xf7, 0x9e, 0xf7, 0x9e, 0xf7, 0x9e, 0xf7,
    0x9e, 0xf7, 0x9e, 0xf7, 0x9e, 0xf7, 0x9e, 0xf7, 0x9e, 0xf7, 0x9e, 0xf7,
    0x9e, 0xf7, 0x9e, 0xf7, 0x9e, 0xf7, 0x9e, 0xf7, 0x9e, 0xf7, 0x9e, 0xf7,
    0x9e, 0xf7, 0x9e, 0xf7, 0x9e, 0xf7, 0x9e, 0xf7, 0x9e, 0xf7, 0x9e, 0xf7,
    0x9e, 0xf7, 0x9e, 0xf7, 0x9e, 0xf7, 0x9e, 0xf7, 0x5a, 0xef, 0x4e, 0xde,
    0x84, 0xcd, 0x84, 0xcd, 0x84, 0xcd, 0x84, 0xcd, 0x84, 0xcd, 0xa4, 0xcd,
    0xa4, 0xcd, 0xa4, 0xcd, 0xa4, 0xd5, 0xa4, 0xd5, 0xa4, 0xd5, 0xa4, 0xd5,
    0xa4, 0xd5, 0xa4, 0xd5, 0xa4, 0xd5, 0xa4, 0xd5, 0xa4, 0xd5, 0xa5, 0xd5,
    0xa5, 0xd5, 0xa5, 0xd5, 0xa5, 0xd5, 0xc5, 0xd5, 0xc5, 0xd5, 0xc5, 0xd5,
    0xc5, 0xd5, 0xc5, 0xd5, 0xc5, 0xd5, 0xc5, 0xd5, 0xc5, 0xd5, 0xc5, 0xd5,
    0xc5, 0xd5, 0xc5, 0xd5, 0xe5, 0xd5, 0xe5, 0xd5, 0xe5, 0xd5, 0xe5, 0xd5,
    0xe6, 0xd5, 0xe6, 0xdd, 0xe6, 0xdd, 0xe6, 0xdd, 0x06, 0xde, 0x06, 0xde,
    0x06, 0xde, 0x06, 0xde, 0x06, 0xde, 0x06, 0xde, 0x06, 0xde, 0x06, 0xde,
    0x26, 0xde, 0x27, 0xde, 0x27, 0xde, 0x27, 0xde, 0x27, 0xde, 0x27, 0xde,
    0x27, 0xde, 0x27, 0xde, 0x27, 0xde, 0x23, 0xc5, 0x23, 0xc5, 0x23, 0xc5,
    0x23, 0xc5, 0x23, 0xc5, 0x23, 0xc5, 0x23, 0xc5, 0x23, 0xc5, 0x23, 0xc5,
    0x23, 0xc5, 0x23, 0xc5, 0x23, 0xc5, 0x23, 0xc5, 0x23, 0xc5, 0x23, 0xc5,
    0x23, 0xc5, 0x23, 0xc5, 0x23, 0xc5, 0x23, 0xc5, 0x23, 0xc5, 0x23, 0xc5,
    0x23, 0xc5, 0x23, 0xc5, 0x23, 0xc5, 0x23, 0xc5, 0x23, 0xc5, 0x23, 0xc5,
    0x23, 0xc5, 0x23, 0xc5, 0x23, 0xc5, 0x23, 0xc5, 0x23, 0xc5, 0x23, 0xc5,
    0x23, 0xc5, 0x23, 0xc5, 0x23, 0xc5, 0x23, 0xc5, 0x23, 0xc5, 0x23, 0xc5,
    0x23, 0xc5, 0x23, 0xc5, 0x23, 0xc5, 0x23, 0xc5, 0x23, 0xc5, 0x23, 0xc5,
    0x23, 0xc5, 0x23, 0xc5, 0x23, 0xc5, 0x23, 0xc5, 0x23, 0xc5, 0x23, 0xc5,
    0x23, 0xc5, 0x23, 0xc5, 0x23, 0xc5, 0x23, 0xc5, 0x23, 0xc5, 0x23, 0xc5,
    0x0d, 0xd6, 0x3a, 0xef, 0x9e, 0xf7, 0x9e, 0xf7, 0x9e, 0xf7, 0x9e, 0xf7,
    0x9e, 0xf7, 0x9e, 0xf7, 0x9e, 0xf7, 0x9e, 0xf7, 0x9e, 0xf7, 0x9e, 0xf7,
    0x9e, 0xf7, 0x9e, 0xf7, 0x9e, 0xf7, 0x9e, 0xf7, 0x9e, 0xf7, 0x9e, 0xf7,
    0x9e, 0xf7, 0x9e, 0xf7, 0x9e, 0xf7, 0x9e, 0xf7, 0x9e, 0xf7, 0x9e, 0xf7,
    0x9e, 0xf7, 0x9e, 0xf7, 0x9e, 0xf7, 0x9e, 0xf7, 0x9e, 0xf7, 0x9e, 0xf7,
    0x9e, 0xf7, 0x9e, 0xf7, 0x9e, 0xf7, 0x9e, 0xf7, 0x9e, 0xf7, 0x9e, 0xf7,
    0x5a, 0xef, 0x4e, 0xde, 0x84, 0xcd, 0x84, 0xcd, 0x84, 0xcd, 0x84, 0xcd,
    0xa4, 0xcd, 0xa4, 0xcd, 0xa4, 0xd5, 0xa4, 0xd5, 0xa4, 0xd5, 0xa4, 0xd5,
    0xa4, 0xd5, 0xa4, 0xd5, 0xa4, 0xd5, 0xa4, 0xd5, 0xa4, 0xd5, 0xa5, 0xd5,
    0xa5, 0xd5, 0xa5, 0xd5, 0xa5, 0xd5, 0xc5, 0xd5, 0xc5, 0xd5, 0xc5, 0xd5,
    0xc5, 0xd5, 0xc5, 0xd5, 0xc5, 0xd5, 0xc5, 0xd5, 0xc5, 0xd5, 0xc5, 0xd5,
    0xc5, 0xd5, 0xc5, 0xd5, 0xe5, 0xd5, 0xe5, 0xd5, 0xe5, 0xd5, 0xe5, 0xd5,
    0xe5, 0xd5, 0xe6, 0xd5, 0xe6, 0xdd, 0xe6, 0xdd, 0xe6, 0xdd, 0x06, 0xde,
    0x06, 0xde, 0x06, 0xde, 0x06, 0xde, 0x06, 0xde, 0x06, 0xde, 0x06, 0xde,
    0x06, 0xde, 0x26, 0xde, 0x27, 0xde, 0x27, 0xde, 0x27, 0xde, 0x27, 0xde,
    0x27, 0xde, 0x27, 0xde, 0x27, 0xde, 0x23, 0xc5, 0x23, 0xc5, 0x23, 0xc5,
    0x23, 0xc5, 0x23, 0xc5, 0x23, 0xc5, 0x23, 0xc5, 0x23, 0xc5, 0x23, 0xc5,
    0x23, 0xc5, 0x23, 0xc5, 0x23, 0xc5, 0x23, 0xc5, 0x23, 0xc5, 0x23, 0xc5,
    0x23, 0xc5, 0x23, 0xc5, 0x23, 0xc5, 0x23, 0xc5, 0x23, 0xc5, 0x23, 0xc5,
    0x23, 0xc5, 0x23, 0xc5, 0x23, 0xc5, 0x23, 0xc5, 0x23, 0xc5, 0x23, 0xc5,
    0x23, 0xc5, 0x23, 0xc5, 0x23, 0xc5, 0x23, 0xc5, 0x23, 0xc5, 0x23, 0xc5,
    0x23, 0xc5, 0x23, 0xc5, 0x23, 0xc5, 0x23, 0xc5, 0x23, 0xc5, 0x23, 0xc5,
    0x23, 0xc5, 0x23, 0xc5, 0x23, 0xc5, 0x23, 0xc5, 0x23, 0xc5, 0x23, 0xc5,
    0x23, 0xc5, 0x23, 0xc5, 0x23, 0xc5, 0x23, 0xc5, 0x23, 0xc5, 0x23, 0xc5,
    0x23, 0xc5, 0x23, 0xc5, 0x23, 0xc5, 0x23, 0xc5, 0x0d, 0xd6, 0x3a, 0xef,
    0x9e, 0xf7, 0x9e, 0xf7, 0x9e, 0xf7, 0x9e, 0xf7, 0x9e, 0xf7, 0x9e, 0xf7,
    0x9e, 0xf7, 0x9e, 0xf7, 0x9e, 0xf7, 0x9e, 0xf7, 0x9e, 0xf7, 0x9e, 0xf7,
    0x9e, 0xf7, 0x9e, 0xf7, 0x9e, 0xf7, 0x9e, 0xf7, 0x9e, 0xf7, 0x9e, 0xf7,
    0x9e, 0xf7, 0x9e, 0xf7, 0x9e, 0xf7, 0x9e, 0xf7, 0x9e, 0xf7, 0x9e, 0xf7,
    0x9e, 0xf7, 0x9e, 0xf7, 0x9e, 0xf7, 0x9e, 0xf7, 0x9e, 0xf7, 0x9e, 0xf7,
    0x9e, 0xf7, 0x9e, 0xf7, 0x9e, 0xf7, 0x9e, 0xf7, 0x9e, 0xf7, 0x9e, 0xf7,
    0x9e, 0xf7, 0x9e, 0xf7, 0x5a, 0xef, 0x4e, 0xde, 0x84, 0xcd, 0x84, 0xcd,
    0xa4, 0xcd, 0xa4, 0xcd, 0xa4, 0xcd, 0xa4, 0xd5, 0xa4, 0xd5, 0xa4, 0xd5,
    0xa4, 0xd5, 0xa4, 0xd5, 0xa4, 0xd5, 0xa4, 0xd5, 0xa4, 0xd5, 0xa4, 0xd5,
    0xa5, 0xd5, 0xa5, 0xd5, 0xa5, 0xd5, 0xa5, 0xd5, 0xc5, 0xd5, 0xc5, 0xd5,
    0xc5, 0xd5, 0xc5, 0xd5, 0xc5, 0xd5, 0xc5, 0xd5, 0xc5, 0xd5, 0xc5, 0xd5,
    0xc5, 0xd5, 0xc5, 0xd5, 0xc5, 0xd5, 0xe5, 0xd5, 0xe5, 0xd5, 0xe5, 0xd5,
    0xe5, 0xd5, 0xe6, 0xd5, 0xe6, 0xdd, 0xe6, 0xdd, 0xe6, 0xdd, 0xe6, 0xdd,
    0x06, 0xde, 0x06, 0xde, 0x06, 0xde, 0x06, 0xde, 0x06, 0xde, 0x06, 0xde,
    0x06, 0xde, 0x06, 0xde, 0x26, 0xde, 0x27, 0xde, 0x27, 0xde, 0x27, 0xde,
    0x27, 0xde, 0x27, 0xde, 0x27, 0xde, 0x23, 0xc5, 0x23, 0xc5, 0x23, 0xc5,
    0x23, 0xc5, 0x23, 0xc5, 0x23, 0xc5, 0x23, 0xc5, 0x23, 0xc5, 0x23, 0xc5,
    0x23, 0xc5, 0x23, 0xc5, 0x23, 0xc5, 0x23, 0xc5, 0x23, 0xc5, 0x23, 0xc5,
    0x23, 0xc5, 0x23, 0xc5, 0x23, 0xc5, 0x23, 0xc5, 0x23, 0xc5, 0x23, 0xc5,
    0x23, 0xc5, 0x23, 0xc5, 0x23, 0xc5, 0x23, 0xc5, 0x23, 0xc5, 0x23, 0xc5,
    0x23, 0xc5, 0x23, 0xc5, 0x23, 0xc5, 0x23, 0xc5, 0x23, 0xc5, 0x23, 0xc5,
    0x23, 0xc5, 0x23, 0xc5, 0x23, 0xc5, 0x23, 0xc5, 0x23, 0xc5, 0x23, 0xc5,
    0x23, 0xc5, 0x23, 0xc5, 0x23, 0xc5, 0x23, 0xc5, 0x23, 0xc5, 0x23, 0xc5,
    0x23, 0xc5, 0x23, 0xc5, 0x23, 0xc5, 0x23, 0xc5, 0x23, 0xc5, 0x23, 0xc5,
    0x23, 0xc5, 0x23, 0xc5, 0x0d, 0xd6, 0x3a, 0xef, 0x9e, 0xf7, 0x9e, 0xf7,
    0x9e, 0xf7, 0x9e, 0xf7, 0x9e, 0xf7, 0x9e, 0xf7, 0x9e, 0xf7, 0x9e, 0xf7,
    0x9e, 0xf7, 0x9e, 0xf7, 0x9e, 0xf7, 0x9e, 0xf7, 0x9e, 0xf7, 0x9e, 0xf7,
    0x9e, 0xf7, 0x9e, 0xf7, 0x9e, 0xf7, 0x9e, 0xf7, 0x9e, 0xf7, 0x9e, 0xf7,
    0x9e, 0xf7, 0x9e, 0xf7, 0x9e, 0xf7, 0x9e, 0xf7, 0x9e, 0xf7, 0x9e, 0xf7,
    0x9e, 0xf7, 0x9e, 0xf7, 0x9e, 0xf7, 0x9e, 0xf7, 0x9e, 0xf7, 0x9e, 0xf7,
    0x9e, 0xf7, 0x9e, 0xf7, 0x9e, 0xf7, 0x9e, 0xf7, 0x9e, 0xf7, 0x9e, 0xf7,
    0x9e, 0xf7, 0x9e, 0xf7, 0x9e, 0xf7, 0x9e, 0xf7, 0x5a, 0xef, 0x4e, 0xde,
    0x84, 0xcd, 0xa4, 0xcd, 0xa4, 0xcd, 0xa4, 0xd5, 0xa4, 0xd5, 0xa4, 0xd5,
    0xa4, 0xd5, 0xa4, 0xd5, 0xa4, 0xd5, 0xa4, 0xd5, 0xa4, 0xd5, 0xa4, 0xd5,
    0xa5, 0xd5, 0xa5, 0xd5, 0xa5, 0xd5, 0xa5, 0xd5, 0xc5, 0xd5, 0xc5, 0xd5,
    0xc5, 0xd5, 0xc5, 0xd5, 0xc5, 0xd5, 0xc5, 0xd5, 0xc5, 0xd5, 0xc5, 0xd5,
    0xc5, 0xd5, 0xc5, 0xd5, 0xc5, 0xd5, 0xe5, 0xd5, 0xe5, 0xd5, 0xe5, 0xd5,
    0xe5, 0xd5, 0xe5, 0xd5, 0xe6, 0xd5, 0xe6, 0xdd, 0xe6, 0xdd, 0xe6, 0xdd,
    0xe6, 0xdd, 0x06, 0xde, 0x06, 0xde, 0x06, 0xde, 0x06, 0xde, 0x06, 0xde,
    0x06, 0xde, 0x06, 0xde, 0x06, 0xde, 0x06, 0xde, 0x26, 0xde, 0x27, 0xde,
    0x27, 0xde, 0x27, 0xde, 0x27, 0xde, 0x23, 0xc5, 0x23, 0xc5, 0x23, 0xc5,
    0x23, 0xc5, 0x23, 0xc5, 0x23, 0xc5, 0x23, 0xc5, 0x23, 0xc5, 0x23, 0xc5,
    0x23, 0xc5, 0x23, 0xc5, 0x23, 0xc5, 0x23, 0xc5, 0x23, 0xc5, 0x23, 0xc5,
    0x23, 0xc5, 0x23, 0xc5, 0x23, 0xc5, 0x23, 0xc5, 0x23, 0xc5, 0x23, 0xc5,
    0x23, 0xc5, 0x23, 0xc5, 0x23, 0xc5, 0x23, 0xc5, 0x23, 0xc5, 0x23, 0xc5,
    0x23, 0xc5, 0x23, 0xc5, 0x23, 0xc5, 0x23, 0xc5, 0x23, 0xc5, 0x23, 0xc5,
    0x23, 0xc5, 0x23, 0xc5, 0x23, 0xc5, 0x23, 0xc5, 0x23, 0xc5, 0x23, 0xc5,
    0x23, 0xc5, 0x23, 0xc5, 0x23, 0xc5, 0x23, 0xc5, 0x23, 0xc5, 0x23, 0xc5,
    0x23, 0xc5, 0x23, 0xc5, 0x23, 0xc5, 0x23, 0xc5, 0x23, 0xc5, 0x23, 0xc5,
    0x0d, 0xd6, 0x3a, 0xef, 0x9e, 0xf7, 0x9e, 0xf7, 0x9e, 0xf7, 0x9e, 0xf7,
    0x9e, 0xf7, 0x9e, 0xf7, 0x9e, 0xf7, 0x9e, 0xf7, 0x9e, 0xf7, 0x9e, 0xf7,
    0x9e, 0xf7, 0x9e, 0xf7, 0x9e, 0xf7, 0x9e, 0xf7, 0x9e, 0xf7, 0x9e, 0xf7,
    0x9e, 0xf7, 0x9e, 0xf7, 0x9e, 0xf7, 0x9e, 0xf7, 0x9e, 0xf7, 0x9e, 0xf7,
    0x9e, 0xf7, 0x9e, 0xf7, 0x9e, 0xf7, 0x9e, 0xf7, 0x9e, 0xf7, 0x9e, 0xf7,
    0x9e, 0xf7, 0x9e, 0xf7, 0x9e, 0xf7, 0x9e, 0xf7, 0x9e, 0xf7, 0x9e, 0xf7,
    0x9e, 0xf7, 0x9e, 0xf7, 0x9e, 0xf7, 0x9e, 0xf7, 0x9e, 0xf7, 0x9e, 0xf7,
    0x9e, 0xf7, 0x9e, 0xf7, 0x9e, 0xf7, 0x9e, 0xf7, 0x9e, 0xf7, 0x9e, 0xf7,
    0x39, 0xef, 0x0b, 0xd6, 0xa4, 0xcd, 0xa4, 0xcd, 0xa4, 0xd5, 0xa4, 0xd5,
    0xa4, 0xd5, 0xa4, 0xd5, 0xa4, 0xd5, 0xa4, 0xd5, 0xa4, 0xd5, 0xa4, 0xd5,
    0xa4, 0xd5, 0xa5, 0xd5, 0xa5, 0xd5, 0xa5, 0xd5, 0xa5, 0xd5, 0xc5, 0xd5,
    0xc5, 0xd5, 0xc5, 0xd5, 0xc5, 0xd5, 0xc5, 0xd5, 0xc5, 0xd5, 0xc5, 0xd5,
    0xc5, 0xd5, 0xc5, 0xd5, 0xc5, 0xd5, 0xc5, 0xd5, 0xe5, 0xd5, 0xe5, 0xd5,
    0xe5, 0xd5, 0xe5, 0xd5, 0xe5, 0xd5, 0xe6, 0xd5, 0xe6, 0xdd, 0xe6, 0xdd,
    0xe6, 0xdd, 0x06, 0xde, 0x06, 0xde, 0x06, 0xde, 0x06, 0xde, 0x06, 0xde,
    0x06, 0xde, 0x06, 0xde, 0x06, 0xde, 0x06, 0xde, 0x06, 0xde, 0x26, 0xde,
    0x27, 0xde, 0x27, 0xde, 0x27, 0xde, 0x23, 0xc5, 0x23, 0xc5, 0x23, 0xc5,
    0x23, 0xc5, 0x23, 0xc5, 0x23, 0xc5, 0x23, 0xc5, 0x23, 0xc5, 0x23, 0xc5,
    0x23, 0xc5, 0x23, 0xc5, 0x23, 0xc5, 0x23, 0xc5, 0x23, 0xc5, 0x23, 0xc5,
    0x23, 0xc5, 0x23, 0xc5, 0x23, 0xc5, 0x23, 0xc5, 0x23, 0xc5, 0x23, 0xc5,
    0x23, 0xc5, 0x23, 0xc5, 0x23, 0xc5, 0x23, 0xc5, 0x23, 0xc5, 0x23, 0xc5,
    0x23, 0xc5, 0x23, 0xc5, 0x23, 0xc5, 0x23, 0xc5, 0x23, 0xc5, 0x23, 0xc5,
    0x23, 0xc5, 0x23, 0xc5, 0x23, 0xc5, 0x23, 0xc5, 0x23, 0xc5, 0x23, 0xc5,
    0x23, 0xc5, 0x23, 0xc5, 0x23, 0xc5, 0x23, 0xc5, 0x23, 0xc5, 0x23, 0xc5,
    0x23, 0xc5, 0x23, 0xc5, 0x23, 0xc5, 0x23, 0xc5, 0x0d, 0xd6, 0x3a, 0xef,
    0x9e, 0xf7, 0x9e, 0xf7, 0x9e, 0xf7, 0x9e, 0xf7, 0x9e, 0xf7, 0x9e, 0xf7,
    0x9e, 0xf7, 0x9e, 0xf7, 0x9e, 0xf7, 0x9e, 0xf7, 0x9e, 0xf7, 0x9e, 0xf7,
    0x9e, 0xf7, 0x9e, 0xf7, 0x9e, 0xf7, 0x9e, 0xf7, 0x9e, 0xf7, 0x9e, 0xf7,
    0x9e, 0xf7, 0x9e, 0xf7, 0x9e, 0xf7, 0x9e, 0xf7, 0x9e, 0xf7, 0x9e, 0xf7,
    0x9e, 0xf7, 0x9e, 0xf7, 0x9e, 0xf7, 0x9e, 0xf7, 0x9e, 0xf7, 0x9e, 0xf7,
    0x9e, 0xf7, 0x9e, 0xf7, 0x9e, 0xf7, 0x9e, 0xf7, 0x9e, 0xf7, 0x9e, 0xf7,
    0x9e, 0xf7, 0x9e, 0xf7, 0x9e, 0xf7, 0x9e, 0xf7, 0x9e, 0xf7, 0x9e, 0xf7,
    0x9e, 0xf7, 0x9e, 0xf7, 0x9e, 0xf7, 0x9e, 0xf7, 0x9e, 0xf7, 0x9e, 0xf7,
    0x9e, 0xf7, 0x9e, 0xf7, 0x17, 0xef, 0x0b, 0xd6, 0xa4, 0xd5, 0xa4, 0xd5,
    0xa4, 0xd5, 0xa4, 0xd5, 0xa4, 0xd5, 0xa4, 0xd5, 0xa4, 0xd5, 0xa4, 0xd5,
    0xa4, 0xd5, 0xa5, 0xd5, 0xa5, 0xd5, 0xa5, 0xd5, 0xa5, 0xd5, 0xc5, 0xd5,
    0xc5, 0xd5, 0xc5, 0xd5, 0xc5, 0xd5, 0xc5, 0xd5, 0xc5, 0xd5, 0xc5, 0xd5,
    0xc5, 0xd5, 0xc5, 0xd5, 0xc5, 0xd5, 0xc5, 0xd5, 0xc5, 0xd5, 0xe5, 0xd5,
    0xe5, 0xd5, 0xe5, 0xd5, 0xe5, 0xd5, 0xe6, 0xd5, 0xe6, 0xd5, 0xe6, 0xdd,
    0xe6, 0xdd, 0xe6, 0xdd, 0x06, 0xde, 0x06, 0xde, 0x06, 0xde, 0x06, 0xde,
    0x06, 0xde, 0x06, 0xde, 0x06, 0xde, 0x06, 0xde, 0x06, 0xde, 0x06, 0xde,
    0x26, 0xde, 0x27, 0xde, 0x27, 0xde, 0x23, 0xc5, 0x23, 0xc5, 0x23, 0xc5,
    0x23, 0xc5, 0x23, 0xc5, 0x23, 0xc5, 0x23, 0xc5, 0x23, 0xc5, 0x23, 0xc5,
    0x23, 0xc5, 0x23, 0xc5, 0x23, 0xc5, 0x23, 0xc5, 0x23, 0xc5, 0x23, 0xc5,
    0x23, 0xc5, 0x23, 0xc5, 0x23, 0xc5, 0x23, 0xc5, 0x23, 0xc5, 0x23, 0xc5,
    0x23, 0xc5, 0x23, 0xc5, 0x23, 0xc5, 0x23, 0xc5, 0x23, 0xc5, 0x23, 0xc5,
    0x23, 0xc5, 0x23, 0xc5, 0x23, 0xc5, 0x23, 0xc5, 0x23, 0xc5, 0x23, 0xc5,
    0x23, 0xc5, 0x23, 0xc5, 0x23, 0xc5, 0x23, 0xc5, 0x23, 0xc5, 0x23, 0xc5,
    0x23, 0xc5, 0x23, 0xc5, 0x23, 0xc5, 0x23, 0xc5, 0x23, 0xc5, 0x23, 0xc5,
    0x23, 0xc5, 0x23, 0xc5, 0x0d, 0xd6, 0x3a, 0xef, 0x9e, 0xf7, 0x9e, 0xf7,
    0x9e, 0xf7, 0x9e, 0xf7, 0x9e, 0xf7, 0x9e, 0xf7, 0x9e, 0xf7, 0x9e, 0xf7,
    0x9e, 0xf7, 0x9e, 0xf7, 0x9e, 0xf7, 0x9e, 0xf7, 0x9e, 0xf7, 0x9e, 0xf7,
    0x9e, 0xf7, 0x9e, 0xf7, 0x9e, 0xf7, 0x9e, 0xf7, 0x9e, 0xf7, 0x9e, 0xf7,
    0x9e, 0xf7, 0x9e, 0xf7, 0x9e, 0xf7, 0x9e, 0xf7, 0x9e, 0xf7, 0x9e, 0xf7,
    0x9e, 0xf7, 0x9e, 0xf7, 0x9e, 0xf7, 0x9e, 0xf7, 0x9e, 0xf7, 0x9e, 0xf7,
    0x9e, 0xf7, 0x9e, 0xf7, 0x9e, 0xf7, 0x9e, 0xf7, 0x9e, 0xf7, 0x9e, 0xf7,
    0x9e, 0xf7, 0x9e, 0xf7, 0x9e, 0xf7, 0x9e, 0xf7, 0x9e, 0xf7, 0x9e, 0xf7,
    0x9e, 0xf7, 0x9e, 0xf7, 0x9e, 0xf7, 0x9e, 0xf7, 0x9e, 0xf7, 0x9e, 0xf7,
    0x9e, 0xf7, 0x9e, 0xf7, 0x9e, 0xf7, 0x9e, 0xf7, 0x17, 0xef, 0x0b, 0xde,
    0xa4, 0xd5, 0xa4, 0xd5, 0xa4, 0xd5, 0xa4, 0xd5, 0xa4, 0xd5, 0xa4, 0xd5,
    0xa4, 0xd5, 0xa4, 0xd5, 0xa5, 0xd5, 0xa5, 0xd5, 0xa5, 0xd5, 0xa5, 0xd5,
    0xc5, 0xd5, 0xc5, 0xd5, 0xc5, 0xd5, 0xc5, 0xd5, 0xc5, 0xd5, 0xc5, 0xd5,
    0xc5, 0xd5, 0xc5, 0xd5, 0xc5, 0xd5, 0xc5, 0xd5, 0xc5, 0xd5, 0xe5, 0xd5,
    0xe5, 0xd5, 0xe5, 0xd5, 0xe5, 0xd5, 0xe5, 0xd5, 0xe6, 0xd5, 0xe6, 0xdd,
    0xe6, 0xdd, 0xe6, 0xdd, 0xe6, 0xdd, 0x06, 0xde, 0x06, 0xde, 0x06, 0xde,
    0x06, 0xde, 0x06, 0xde, 0x06, 0xde, 0x06, 0xde, 0x06, 0xde, 0x06, 0xde,
    0x06, 0xde, 0x06, 0xde, 0x26, 0xde, 0x23, 0xc5, 0x23, 0xc5, 0x23, 0xc5,
    0x23, 0xc5, 0x23, 0xc5, 0x23, 0xc5, 0x23, 0xc5, 0x23, 0xc5, 0x23, 0xc5,
    0x23, 0xc5, 0x23, 0xc5, 0x23, 0xc5, 0x23, 0xc5, 0x23, 0xc5, 0x23, 0xc5,
    0x23, 0xc5, 0x23, 0xc5, 0x23, 0xc5, 0x23, 0xc5, 0x23, 0xc5, 0x23, 0xc5,
    0x23, 0xc5, 0x23, 0xc5, 0x23, 0xc5, 0x23, 0xc5, 0x23, 0xc5, 0x23, 0xc5,
    0x23, 0xc5, 0x23, 0xc5, 0x23, 0xc5, 0x23, 0xc5, 0x23, 0xc5, 0x23, 0xc5,
    0x23, 0xc5, 0x23, 0xc5, 0x23, 0xc5, 0x23, 0xc5, 0x23, 0xc5, 0x23, 0xc5,
    0x23, 0xc5, 0x23, 0xc5, 0x23, 0xc5, 0x23, 0xc5, 0x23, 0xc5, 0x23, 0xc5,
    0x0d, 0xd6, 0x3a, 0xef, 0x9e, 0xf7, 0x9e, 0xf7, 0x9e, 0xf7, 0x9e, 0xf7,
    0x9e, 0xf7, 0x9e, 0xf7, 0x9e, 0xf7, 0x9e, 0xf7, 0x9e, 0xf7, 0x9e, 0xf7,
    0x9e, 0xf7, 0x9e, 0xf7, 0x9e, 0xf7, 0x9e, 0xf7, 0x9e, 0xf7, 0x9e, 0xf7,
    0x9e, 0xf7, 0x9e, 0xf7, 0x9e, 0xf7, 0x9e, 0xf7, 0x9e, 0xf7, 0x9e, 0xf7,
    0x9e, 0xf7, 0x9e, 0xf7, 0x9e, 0xf7, 0x9e, 0xf7, 0x9e, 0xf7, 0x9e, 0xf7,
    0x9e, 0xf7, 0x9e, 0xf7, 0x9e, 0xf7, 0x9e, 0xf7, 0x9e, 0xf7, 0x9e, 0xf7,
    0x9e, 0xf7, 0x9e, 0xf7, 0x9e, 0xf7, 0x9e, 0xf7, 0x9e, 0xf7, 0x9e, 0xf7,
    0x9e, 0xf7, 0x9e, 0xf7, 0x9e, 0xf7, 0x9e, 0xf7, 0x9e, 0xf7, 0x9e, 0xf7,
    0x9e, 0xf7, 0x9e, 0xf7, 0x9e, 0xf7, 0x9e, 0xf7, 0x9e, 0xf7, 0x9e, 0xf7,
    0x9e, 0xf7, 0x9e, 0xf7, 0x9e, 0xf7, 0x9e, 0xf7, 0x9e, 0xf7, 0x9e, 0xf7,
    0x17, 0xef, 0x2b, 0xde, 0xa4, 0xd5, 0xa4, 0xd5, 0xa4, 0xd5, 0xa4, 0xd5,
    0xa4, 0xd5, 0xa4, 0xd5, 0xa5, 0xd5, 0xa5, 0xd5, 0xa5, 0xd5, 0xa5, 0xd5,
    0xc5, 0xd5, 0xc5, 0xd5, 0xc5, 0xd5, 0xc5, 0xd5, 0xc5, 0xd5, 0xc5, 0xd5,
    0xc5, 0xd5, 0xc5, 0xd5, 0xc5, 0xd5, 0xc5, 0xd5, 0xc5, 0xd5, 0xc5, 0xd5,
    0xe5, 0xd5, 0xe5, 0xd5, 0xe5, 0xd5, 0xe5, 0xd5, 0xe5, 0xd5, 0xe6, 0xd5,
    0xe6, 0xdd, 0xe6, 0xdd, 0xe6, 0xdd, 0xe6, 0xdd, 0x06, 0xde, 0x06, 0xde,
    0x06, 0xde, 0x06, 0xde, 0x06, 0xde, 0x06, 0xde, 0x06, 0xde, 0x06, 0xde,
    0x06, 0xde, 0x06, 0xde, 0x06, 0xde, 0x23, 0xc5, 0x23, 0xc5, 0x23, 0xc5,
    0x23, 0xc5, 0x23, 0xc5, 0x23, 0xc5, 0x23, 0xc5, 0x23, 0xc5, 0x23, 0xc5,
    0x23, 0xc5, 0x23, 0xc5, 0x23, 0xc5, 0x23, 0xc5, 0x23, 0xc5, 0x23, 0xc5,
    0x23, 0xc5, 0x23, 0xc5, 0x23, 0xc5, 0x23, 0xc5, 0x23, 0xc5, 0x23, 0xc5,
    0x23, 0xc5, 0x23, 0xc5, 0x23, 0xc5, 0x23, 0xc5, 0x23, 0xc5, 0x23, 0xc5,
    0x23, 0xc5, 0x23, 0xc5, 0x23, 0xc5, 0x23, 0xc5, 0x23, 0xc5, 0x23, 0xc5,
    0x23, 0xc5, 0x23, 0xc5, 0x23, 0xc5, 0x23, 0xc5, 0x23, 0xc5, 0x23, 0xc5,
    0x23, 0xc5, 0x23, 0xc5, 0x23, 0xc5, 0x23, 0xc5, 0x0d, 0xd6, 0x3a, 0xef,
    0x9e, 0xf7, 0x9e, 0xf7, 0x9e, 0xf7, 0x9e, 0xf7, 0x9e, 0xf7, 0x9e, 0xf7,
    0x9e, 0xf7, 0x9e, 0xf7, 0x9e, 0xf7, 0x9e, 0xf7, 0x9e, 0xf7, 0x9e, 0xf7,
    0x9e, 0xf7, 0x9e, 0xf7, 0x9e, 0xf7, 0x9e, 0xf7, 0x9e, 0xf7, 0x9e, 0xf7,
    0x9e, 0xf7, 0x9e, 0xf7, 0x9e, 0xf7, 0x9e, 0xf7, 0x9e, 0xf7, 0x9e, 0xf7,
    0x9e, 0xf7, 0x9e, 0xf7, 0x9e, 0xf7, 0x9e, 0xf7, 0x9e, 0xf7, 0x9e, 0xf7,
    0x9e, 0xf7, 0x9e, 0xf7, 0x9e, 0xf7, 0x9e, 0xf7, 0x9e, 0xf7, 0x9e, 0xf7,
    0x9e, 0xf7, 0x9e, 0xf7, 0x9e, 0xf7, 0x9e, 0xf7, 0x9e, 0xf7, 0x9e, 0xf7,
    0x9e, 0xf7, 0x9e, 0xf7, 0x9e, 0xf7, 0x9e, 0xf7, 0x9e, 0xf7, 0x9e, 0xf7,
    0x9e, 0xf7, 0x9e, 0xf7, 0x9e, 0xf7, 0x9e, 0xf7, 0x9e, 0xf7, 0x9e, 0xf7,
    0x9e, 0xf7, 0x9e, 0xf7, 0x9e, 0xf7, 0x9e, 0xf7, 0x9e, 0xf7, 0x9e, 0xf7,
    0x9e, 0xf7, 0x9e, 0xf7, 0x17, 0xef, 0x2b, 0xde, 0xa4, 0xd5, 0xa4, 0xd5,
    0xa4, 0xd5, 0xa4, 0xd5, 0xa4, 0xd5, 0xa5, 0xd5, 0xa5, 0xd5, 0xa5, 0xd5,
    0xa5, 0xd5, 0xc5, 0xd5, 0xc5, 0xd5, 0xc5, 0xd5, 0xc5, 0xd5, 0xc5, 0xd5,
    0xc5, 0xd5, 0xc5, 0xd5, 0xc5, 0xd5, 0xc5, 0xd5, 0xc5, 0xd5, 0xc5, 0xd5,
    0xc5, 0xd5, 0xe5, 0xd5, 0xe5, 0xd5, 0xe5, 0xd5, 0xe5, 0xd5, 0xe5, 0xd5,
    0xe6, 0xd5, 0xe6, 0xdd, 0xe6, 0xdd, 0xe6, 0xdd, 0xe6, 0xdd, 0x06, 0xde,
    0x06, 0xde, 0x06, 0xde, 0x06, 0xde, 0x06, 0xde, 0x06, 0xde, 0x06, 0xde,
    0x06, 0xde, 0x06, 0xde, 0x06, 0xde, 0x23, 0xc5, 0x23, 0xc5, 0x23, 0xc5,
    0x23, 0xc5, 0x23, 0xc5, 0x23, 0xc5, 0x23, 0xc5, 0x23, 0xc5, 0x23, 0xc5,
    0x23, 0xc5, 0x23, 0xc5, 0x23, 0xc5, 0x23, 0xc5, 0x23, 0xc5, 0x23, 0xc5,
    0x23, 0xc5, 0x23, 0xc5, 0x23, 0xc5, 0x23, 0xc5, 0x23, 0xc5, 0x23, 0xc5,
    0x23, 0xc5, 0x23, 0xc5, 0x23, 0xc5, 0x23, 0xc5, 0x23, 0xc5, 0x23, 0xc5,
    0x23, 0xc5, 0x23, 0xc5, 0x23, 0xc5, 0x23, 0xc5, 0x23, 0xc5, 0x23, 0xc5,
    0x23, 0xc5, 0x23, 0xc5, 0x23, 0xc5, 0x23, 0xc5, 0x23, 0xc5, 0x23, 0xc5,
    0x23, 0xc5, 0x23, 0xc5, 0xc9, 0xcd, 0x3a, 0xef, 0x9e, 0xf7, 0x9e, 0xf7,
    0x9e, 0xf7, 0x9e, 0xf7, 0x9e, 0xf7, 0x9e, 0xf7, 0x9e, 0xf7, 0x9e, 0xf7,
    0x9e, 0xf7, 0x9e, 0xf7, 0x9e, 0xf7, 0x9e, 0xf7, 0x9e, 0xf7, 0x9e, 0xf7,
    0x9e, 0xf7, 0x9e, 0xf7, 0x9e, 0xf7, 0x9e, 0xf7, 0x9e, 0xf7, 0x9e, 0xf7,
    0x9e, 0xf7, 0x9e, 0xf7, 0x9e, 0xf7, 0x9e, 0xf7, 0x9e, 0xf7, 0x9e, 0xf7,
    0x9e, 0xf7, 0x9e, 0xf7, 0x9e, 0xf7, 0x9e, 0xf7, 0x9e, 0xf7, 0x9e, 0xf7,
    0x9e, 0xf7, 0x9e, 0xf7, 0x9e, 0xf7, 0x9e, 0xf7, 0x9e, 0xf7, 0x9e, 0xf7,
    0x9e, 0xf7, 0x9e, 0xf7, 0x9e, 0xf7, 0x9e, 0xf7, 0x9e, 0xf7, 0x9e, 0xf7,
    0x9e, 0xf7, 0x9e, 0xf7, 0x9e, 0xf7, 0x9e, 0xf7, 0x9e, 0xf7, 0x9e, 0xf7,
    0x9e, 0xf7, 0x9e, 0xf7, 0x9e, 0xf7, 0x9e, 0xf7, 0x9e, 0xf7, 0x9e, 0xf7,
    0x9e, 0xf7, 0x9e, 0xf7, 0x9e, 0xf7, 0x9e, 0xf7, 0x9e, 0xf7, 0x9e, 0xf7,
    0x9e, 0xf7, 0x9e, 0xf7, 0x9e, 0xf7, 0x9e, 0xf7, 0x17, 0xef, 0x2b, 0xde,
    0xa4, 0xd5, 0xa4, 0xd5, 0xa4, 0xd5, 0xa5, 0xd5, 0xa5, 0xd5, 0xa5, 0xd5,
    0xa5, 0xd5, 0xa5, 0xd5, 0xc5, 0xd5, 0xc5, 0xd5, 0xc5, 0xd5, 0xc5, 0xd5,
    0xc5, 0xd5, 0xc5, 0xd5, 0xc5, 0xd5, 0xc5, 0xd5, 0xc5, 0xd5, 0xc5, 0xd5,
    0xc5, 0xd5, 0xe5, 0xd5, 0xe5, 0xd5, 0xe5, 0xd5, 0xe5, 0xd5, 0xe5, 0xd5,
    0xe5, 0xd5, 0xe6, 0xd5, 0xe6, 0xdd, 0xe6, 0xdd, 0xe6, 0xdd, 0xe6, 0xdd,
    0x06, 0xde, 0x06, 0xde, 0x06, 0xde, 0x06, 0xde, 0x06, 0xde, 0x06, 0xde,
    0x06, 0xde, 0x06, 0xde, 0x06, 0xde, 0x23, 0xc5, 0x23, 0xc5, 0x23, 0xc5,
    0x23, 0xc5, 0x23, 0xc5, 0x23, 0xc5, 0x23, 0xc5, 0x23, 0xc5, 0x23, 0xc5,
    0x23, 0xc5, 0x23, 0xc5, 0x23, 0xc5, 0x23, 0xc5, 0x23, 0xc5, 0x23, 0xc5,
    0x23, 0xc5, 0x23, 0xc5, 0x23, 0xc5, 0x23, 0xc5, 0x23, 0xc5, 0x23, 0xc5,
    0x23, 0xc5, 0x23, 0xc5, 0x23, 0xc5, 0x23, 0xc5, 0x23, 0xc5, 0x23, 0xc5,
    0x23, 0xc5, 0x23, 0xc5, 0x23, 0xc5, 0x23, 0xc5, 0x23, 0xc5, 0x23, 0xc5,
    0x23, 0xc5, 0x23, 0xc5, 0x23, 0xc5, 0x23, 0xc5, 0x23, 0xc5, 0x23, 0xc5,
    0xc9, 0xcd, 0xf7, 0xe6, 0x9e, 0xf7, 0x9e, 0xf7, 0x9e, 0xf7, 0x9e, 0xf7,
    0x9e, 0xf7, 0x9e, 0xf7, 0x9e, 0xf7, 0x9e, 0xf7, 0x9e, 0xf7, 0x9e, 0xf7,
    0x9e, 0xf7, 0x9e, 0xf7, 0x9e, 0xf7, 0x9e, 0xf7, 0x9e, 0xf7, 0x9e, 0xf7,
    0x9e, 0xf7, 0x9e, 0xf7, 0x9e, 0xf7, 0x9e, 0xf7, 0x9e, 0xf7, 0x9e, 0xf7,
    0x9e, 0xf7, 0x9e, 0xf7, 0x9e, 0xf7, 0x9e, 0xf7, 0x9e, 0xf7, 0x9e, 0xf7,
    0x9e, 0xf7, 0x9e, 0xf7, 0x9e, 0xf7, 0x9e, 0xf7, 0x9e, 0xf7, 0x9e, 0xf7,
    0x9e, 0xf7, 0x9e, 0xf7, 0x9e, 0xf7, 0x9e, 0xf7, 0x9e, 0xf7, 0x9e, 0xf7,
    0x9e, 0xf7, 0x9e, 0xf7, 0x9e, 0xf7, 0x9e, 0xf7, 0x9e, 0xf7, 0x9e, 0xf7,
    0x9e, 0xf7, 0x9e, 0xf7, 0x9e, 0xf7, 0x9e, 0xf7, 0x9e, 0xf7, 0x9e, 0xf7,
    0x9e, 0xf7, 0x9e, 0xf7, 0x9e, 0xf7, 0x9e, 0xf7, 0x9e, 0xf7, 0x9e, 0xf7,
    0x9e, 0xf7, 0x9e, 0xf7, 0x9e, 0xf7, 0x9e, 0xf7, 0x9e, 0xf7, 0x9e, 0xf7,
    0x9e, 0xf7, 0x9e, 0xf7, 0x9e, 0xf7, 0x9e, 0xf7, 0x9e, 0xf7, 0x9e, 0xf7,
    0x17, 0xef, 0x2b, 0xde, 0xa4, 0xd5, 0xa4, 0xd5, 0xa5, 0xd5, 0xa5, 0xd5,
    0xa5, 0xd5, 0xa5, 0xd5, 0xc5, 0xd5, 0xc5, 0xd5, 0xc5, 0xd5, 0xc5, 0xd5,
    0xc5, 0xd5, 0xc5, 0xd5, 0xc5, 0xd5, 0xc5, 0xd5, 0xc5, 0xd5, 0xc5, 0xd5,
    0xc5, 0xd5, 0xc5, 0xd5, 0xe5, 0xd5, 0xe5, 0xd5, 0xe5, 0xd5, 0xe5, 0xd5,
    0xe5, 0xd5, 0xe5, 0xd5, 0xe6, 0xd5, 0xe6, 0xdd, 0xe6, 0xdd, 0xe6, 0xdd,
    0xe6, 0xdd, 0x06, 0xde, 0x06, 0xde, 0x06, 0xde, 0x06, 0xde, 0x06, 0xde,
    0x06, 0xde, 0x06, 0xde, 0x06, 0xde, 0x23, 0xc5, 0x23, 0xc5, 0x23, 0xc5,
    0x23, 0xc5, 0x23, 0xc5, 0x23, 0xc5, 0x23, 0xc5, 0x23, 0xc5, 0x23, 0xc5,
    0x23, 0xc5, 0x23, 0xc5, 0x23, 0xc5, 0x23, 0xc5, 0x23, 0xc5, 0x23, 0xc5,
    0x23, 0xc5, 0x23, 0xc5, 0x23, 0xc5, 0x23, 0xc5, 0x23, 0xc5, 0x23, 0xc5,
    0x23, 0xc5, 0x23, 0xc5, 0x23, 0xc5, 0x23, 0xc5, 0x23, 0xc5, 0x23, 0xc5,
    0x23, 0xc5, 0x23, 0xc5, 0x23, 0xc5, 0x23, 0xc5, 0x23, 0xc5, 0x23, 0xc5,
    0x23, 0xc5, 0x23, 0xc5, 0x23, 0xc5, 0x23, 0xc5, 0xc9, 0xcd, 0xf7, 0xe6,
    0x9e, 0xf7, 0x9e, 0xf7, 0x9e, 0xf7, 0x9e, 0xf7, 0x9e, 0xf7, 0x9e, 0xf7,
    0x9e, 0xf7, 0x9e, 0xf7, 0x9e, 0xf7, 0x9e, 0xf7, 0x9e, 0xf7, 0x9e, 0xf7,
    0x9e, 0xf7, 0x9e, 0xf7, 0x9e, 0xf7, 0x9e, 0xf7, 0x9e, 0xf7, 0x9e, 0xf7,
    0x9e, 0xf7, 0x9e, 0xf7, 0x9e, 0xf7, 0x9e, 0xf7, 0x9e, 0xf7, 0x9e, 0xf7,
    0x9e, 0xf7, 0x9e, 0xf7, 0x9e, 0xf7, 0x9e, 0xf7, 0x9e, 0xf7, 0x9e, 0xf7,
    0x9e, 0xf7, 0x9e, 0xf7, 0x9e, 0xf7, 0x9e, 0xf7, 0x9e, 0xf7, 0x9e, 0xf7,
    0x9e, 0xf7, 0x9e, 0xf7, 0x9e, 0xf7, 0x9e, 0xf7, 0x9e, 0xf7, 0x9e, 0xf7,
    0x9e, 0xf7, 0x9e, 0xf7, 0x9e, 0xf7, 0x9e, 0xf7, 0x9e, 0xf7, 0x9e, 0xf7,
    0x9e, 0xf7, 0x9e, 0xf7, 0x9e, 0xf7, 0x9e, 0xf7, 0x9e, 0xf7, 0x9e, 0xf7,
    0x9e, 0xf7, 0x9e, 0xf7, 0x9e, 0xf7, 0x9e, 0xf7, 0x9e, 0xf7, 0x9e, 0xf7,
    0x9e, 0xf7, 0x9e, 0xf7, 0x9e, 0xf7, 0x9e, 0xf7, 0x9e, 0xf7, 0x9e, 0xf7,
    0x9e, 0xf7, 0x9e, 0xf7, 0x9e, 0xf7, 0x9e, 0xf7, 0x9e, 0xf7, 0x9e, 0xf7,
    0x9e, 0xf7, 0x9e, 0xf7, 0x17, 0xef, 0x2b, 0xde, 0xa4, 0xd5, 0xa5, 0xd5,
    0xa5, 0xd5, 0xa5, 0xd5, 0xa5, 0xd5, 0xc5, 0xd5, 0xc5, 0xd5, 0xc5, 0xd5,
    0xc5, 0xd5, 0xc5, 0xd5, 0xc5, 0xd5, 0xc5, 0xd5, 0xc5, 0xd5, 0xc5, 0xd5,
    0xc5, 0xd5, 0xc5, 0xd5, 0xc5, 0xd5, 0xe5, 0xd5, 0xe5, 0xd5, 0xe5, 0xd5,
    0xe5, 0xd5, 0xe5, 0xd5, 0xe5, 0xd5, 0xe6, 0xd5, 0xe6, 0xdd, 0xe6, 0xdd,
    0xe6, 0xdd, 0xe6, 0xdd, 0x06, 0xde, 0x06, 0xde, 0x06, 0xde, 0x06, 0xde,
    0x06, 0xde, 0x06, 0xde, 0x06, 0xde, 0x23, 0xc5, 0x23, 0xc5, 0x23, 0xc5,
    0x23, 0xc5, 0x23, 0xc5, 0x23, 0xc5, 0x23, 0xc5, 0x23, 0xc5, 0x23, 0xc5,
    0x23, 0xc5, 0x23, 0xc5, 0x23, 0xc5, 0x23, 0xc5, 0x23, 0xc5, 0x23, 0xc5,
    0x23, 0xc5, 0x23, 0xc5, 0x23, 0xc5, 0x23, 0xc5, 0x23, 0xc5, 0x23, 0xc5,
    0x23, 0xc5, 0x23, 0xc5, 0x23, 0xc5, 0x23, 0xc5, 0x23, 0xc5, 0x23, 0xc5,
    0x23, 0xc5, 0x23, 0xc5, 0x23, 0xc5, 0x23, 0xc5, 0x23, 0xc5, 0x23, 0xc5,
    0x23, 0xc5, 0x23, 0xc5, 0xc9, 0xcd, 0xf7, 0xe6, 0x9e, 0xf7, 0x9e, 0xf7,
    0x9e, 0xf7, 0x9e, 0xf7, 0x9e, 0xf7, 0x9e, 0xf7, 0x9e, 0xf7, 0x9e, 0xf7,
    0x9e, 0xf7, 0x9e, 0xf7, 0x9e, 0xf7, 0x9e, 0xf7, 0x9e, 0xf7, 0x9e, 0xf7,
    0x9e, 0xf7, 0x9e, 0xf7, 0x9e, 0xf7, 0x9e, 0xf7, 0x9e, 0xf7, 0x9e, 0xf7,
    0x9e, 0xf7, 0x9e, 0xf7, 0x9e, 0xf7, 0x9e, 0xf7, 0x9e, 0xf7, 0x9e, 0xf7,
    0x9e, 0xf7, 0x9e, 0xf7, 0x9e, 0xf7, 0x9e, 0xf7, 0x9e, 0xf7, 0x9e, 0xf7,
    0x9e, 0xf7, 0x9e, 0xf7, 0x9e, 0xf7, 0x9e, 0xf7, 0x9e, 0xf7, 0x9e, 0xf7,
    0x9e, 0xf7, 0x9e, 0xf7, 0x9e, 0xf7, 0x9e, 0xf7, 0x9e, 0xf7, 0x9e, 0xf7,
    0x9e, 0xf7, 0x9e, 0xf7, 0x9e, 0xf7, 0x9e, 0xf7, 0x9e, 0xf7, 0x9e, 0xf7,
    0x9e, 0xf7, 0x9e, 0xf7, 0x9e, 0xf7, 0x9e, 0xf7, 0x9e, 0xf7, 0x9e, 0xf7,
    0x9e, 0xf7, 0x9e, 0xf7, 0x9e, 0xf7, 0x9e, 0xf7, 0x9e, 0xf7, 0x9e, 0xf7,
    0x9e, 0xf7, 0x9e, 0xf7, 0x9e, 0xf7, 0x9e, 0xf7, 0x9e, 0xf7, 0x9e, 0xf7,
    0x9e, 0xf7, 0x9e, 0xf7, 0x9e, 0xf7, 0x9e, 0xf7, 0x9e, 0xf7, 0x9e, 0xf7,
    0x9e, 0xf7, 0x9e, 0xf7, 0x9e, 0xf7, 0x9e, 0xf7, 0x17, 0xef, 0x2b, 0xde,
    0xa5, 0xd5, 0xa5, 0xd5, 0xa5, 0xd5, 0xc5, 0xd5, 0xc5, 0xd5, 0xc5, 0xd5,
    0xc5, 0xd5, 0xc5, 0xd5, 0xc5, 0xd5, 0xc5, 0xd5, 0xc5, 0xd5, 0xc5, 0xd5,
    0xc5, 0xd5, 0xc5, 0xd5, 0xc5, 0xd5, 0xc5, 0xd5, 0xe5, 0xd5, 0xe5, 0xd5,
    0xe5, 0xd5, 0xe5, 0xd5, 0xe5, 0xd5, 0xe6, 0xd5, 0xe6, 0xd5, 0xe6, 0xdd,
    0xe6, 0xdd, 0xe6, 0xdd, 0xe6, 0xdd, 0x06, 0xde, 0x06, 0xde, 0x06, 0xde,
    0x06, 0xde, 0x06, 0xde, 0x06, 0xde, 0x23, 0xc5, 0x23, 0xc5, 0x23, 0xc5,
    0x23, 0xc5, 0x23, 0xc5, 0x23, 0xc5, 0x23, 0xc5, 0x23, 0xc5, 0x23, 0xc5,
    0x23, 0xc5, 0x23, 0xc5, 0x23, 0xc5, 0x23, 0xc5, 0x23, 0xc5, 0x23, 0xc5,
    0x23, 0xc5, 0x23, 0xc5, 0x23, 0xc5, 0x23, 0xc5, 0x23, 0xc5, 0x23, 0xc5,
    0x23, 0xc5, 0x23, 0xc5, 0x23, 0xc5, 0x23, 0xc5, 0x23, 0xc5, 0x23, 0xc5,
    0x23, 0xc5, 0x23, 0xc5, 0x23, 0xc5, 0x23, 0xc5, 0x23, 0xc5, 0x23, 0xc5,
    0x86, 0xcd, 0xd5, 0xe6, 0x9e, 0xf7, 0x9e, 0xf7, 0x9e, 0xf7, 0x9e, 0xf7,
    0x9e, 0xf7, 0x9e, 0xf7, 0x9e, 0xf7, 0x9e, 0xf7, 0x9e, 0xf7, 0x9e, 0xf7,
    0x9e, 0xf7, 0x9e, 0xf7, 0x9e, 0xf7, 0x9e, 0xf7, 0x9e, 0xf7, 0x9e, 0xf7,
    0x9e, 0xf7, 0x9e, 0xf7, 0x9e, 0xf7, 0x9e, 0xf7, 0x9e, 0xf7, 0x9e, 0xf7,
    0x9e, 0xf7, 0x9e, 0xf7, 0x9e, 0xf7, 0x9e, 0xf7, 0x9e, 0xf7, 0x9e, 0xf7,
    0x9e, 0xf7, 0x9e, 0xf7, 0x9e, 0xf7, 0x9e, 0xf7, 0x9e, 0xf7, 0x9e, 0xf7,
    0x9e, 0xf7, 0x9e, 0xf7, 0x9e, 0xf7, 0x9e, 0xf7, 0x9e, 0xf7, 0x9e, 0xf7,
    0x9e, 0xf7, 0x9e, 0xf7, 0x9e, 0xf7, 0x9e, 0xf7, 0x9e, 0xf7, 0x9e, 0xf7,
    0x9e, 0xf7, 0x9e, 0xf7, 0x9e, 0xf7, 0x9e, 0xf7, 0x9e, 0xf7, 0x9e, 0xf7,
    0x9e, 0xf7, 0x9e, 0xf7, 0x9e, 0xf7, 0x9e, 0xf7, 0x9e, 0xf7, 0x9e, 0xf7,
    0x9e, 0xf7, 0x9e, 0xf7, 0x9e, 0xf7, 0x9e, 0xf7, 0x9e, 0xf7, 0x9e, 0xf7,
    0x9e, 0xf7, 0x9e, 0xf7, 0x9e, 0xf7, 0x9e, 0xf7, 0x9e, 0xf7, 0x9e, 0xf7,
    0x9e, 0xf7, 0x9e, 0xf7, 0x9e, 0xf7, 0x9e, 0xf7, 0x9e, 0xf7, 0x9e, 0xf7,
    0x9e, 0xf7, 0x9e, 0xf7, 0x9e, 0xf7, 0x9e, 0xf7, 0x9e, 0xf7, 0x9e, 0xf7,
    0x17, 0xef, 0x2b, 0xde, 0xa5, 0xd5, 0xa5, 0xd5, 0xc5, 0xd5, 0xc5, 0xd5,
    0xc5, 0xd5, 0xc5, 0xd5, 0xc5, 0xd5, 0xc5, 0xd5, 0xc5, 0xd5, 0xc5, 0xd5,
    0xc5, 0xd5, 0xc5, 0xd5, 0xc5, 0xd5, 0xc5, 0xd5, 0xc5, 0xd5, 0xe5, 0xd5,
    0xe5, 0xd5, 0xe5, 0xd5, 0xe5, 0xd5, 0xe5, 0xd5, 0xe5, 0xd5, 0xe6, 0xd5,
    0xe6, 0xdd, 0xe6, 0xdd, 0xe6, 0xdd, 0xe6, 0xdd, 0xe6, 0xdd, 0x06, 0xde,
    0x06, 0xde, 0x06, 0xde, 0x06, 0xde, 0x23, 0xc5, 0x23, 0xc5, 0x23, 0xc5,
    0x23, 0xc5, 0x23, 0xc5, 0x23, 0xc5, 0x23, 0xc5, 0x23, 0xc5, 0x23, 0xc5,
    0x23, 0xc5, 0x23, 0xc5, 0x23, 0xc5, 0x23, 0xc5, 0x23, 0xc5, 0x23, 0xc5,
    0x23, 0xc5, 0x23, 0xc5, 0x23, 0xc5, 0x23, 0xc5, 0x23, 0xc5, 0x23, 0xc5,
    0x23, 0xc5, 0x23, 0xc5, 0x23, 0xc5, 0x23, 0xc5, 0x23, 0xc5, 0x23, 0xc5,
    0x23, 0xc5, 0x23, 0xc5, 0x23, 0xc5, 0x23, 0xc5, 0x86, 0xcd, 0xb3, 0xde,
    0x9e, 0xf7, 0x9e, 0xf7, 0x9e, 0xf7, 0x9e, 0xf7, 0x9e, 0xf7, 0x9e, 0xf7,
    0x9e, 0xf7, 0x9e, 0xf7, 0x9e, 0xf7, 0x9e, 0xf7, 0x9e, 0xf7, 0x9e, 0xf7,
    0x9e, 0xf7, 0x9e, 0xf7, 0x9e, 0xf7, 0x9e, 0xf7, 0x9e, 0xf7, 0x9e, 0xf7,
    0x9e, 0xf7, 0x9e, 0xf7, 0x9e, 0xf7, 0x9e, 0xf7, 0x9e, 0xf7, 0x9e, 0xf7,
    0x9e, 0xf7, 0x9e, 0xf7, 0x9e, 0xf7, 0x9e, 0xf7, 0x9e, 0xf7, 0x9e, 0xf7,
    0x9e, 0xf7, 0x9e, 0xf7, 0x9e, 0xf7, 0x9e, 0xf7, 0x9e, 0xf7, 0x9e, 0xf7,
    0x9e, 0xf7, 0x9e, 0xf7, 0x9e, 0xf7, 0x9e, 0xf7, 0x9e, 0xf7, 0x9e, 0xf7,
    0x9e, 0xf7, 0x9e, 0xf7, 0x9e, 0xf7, 0x9e, 0xf7, 0x9e, 0xf7, 0x9e, 0xf7,
    0x9e, 0xf7, 0x9e, 0xf7, 0x9e, 0xf7, 0x9e, 0xf7, 0x9e, 0xf7, 0x9e, 0xf7,
    0x9e, 0xf7, 0x9e, 0xf7, 0x9e, 0xf7, 0x9e, 0xf7, 0x9e, 0xf7, 0x9e, 0xf7,
    0x9e, 0xf7, 0x9e, 0xf7, 0x9e, 0xf7, 0x9e, 0xf7, 0x9e, 0xf7, 0x9e, 0xf7,
    0x9e, 0xf7, 0x9e, 0xf7, 0x9e, 0xf7, 0x9e, 0xf7, 0x9e, 0xf7, 0x9e, 0xf7,
    0x9e, 0xf7, 0x9e, 0xf7, 0x9e, 0xf7, 0x9e, 0xf7, 0x9e, 0xf7, 0x9e, 0xf7,
    0x9e, 0xf7, 0x9e, 0xf7, 0x9e, 0xf7, 0x9e, 0xf7, 0x9e, 0xf7, 0x9e, 0xf7,
    0x9e, 0xf7, 0x9e, 0xf7, 0x17, 0xef, 0x2b, 0xde, 0xa5, 0xd5, 0xc5, 0xd5,
    0xc5, 0xd5, 0xc5, 0xd5, 0xc5, 0xd5, 0xc5, 0xd5, 0xc5, 0xd5, 0xc5, 0xd5,
    0xc5, 0xd5, 0xc5, 0xd5, 0xc5, 0xd5, 0xc5, 0xd5, 0xc5, 0xd5, 0xc5, 0xd5,
    0xe5, 0xd5, 0xe5, 0xd5, 0xe5, 0xd5, 0xe5, 0xd5, 0xe5, 0xd5, 0xe5, 0xd5,
    0xe6, 0xd5, 0xe6, 0xdd, 0xe6, 0xdd, 0xe6, 0xdd, 0xe6, 0xdd, 0xe6, 0xdd,
    0x06, 0xde, 0x06, 0xde, 0x06, 0xde, 0x23, 0xc5, 0x23, 0xc5, 0x23, 0xc5,
    0x23, 0xc5, 0x23, 0xc5, 0x23, 0xc5, 0x23, 0xc5, 0x23, 0xc5, 0x23, 0xc5,
    0x23, 0xc5, 0x23, 0xc5, 0x23, 0xc5, 0x23, 0xc5, 0x23, 0xc5, 0x23, 0xc5,
    0x23, 0xc5, 0x23, 0xc5, 0x23, 0xc5, 0x23, 0xc5, 0x23, 0xc5, 0x23, 0xc5,
    0x23, 0xc5, 0x23, 0xc5, 0x23, 0xc5, 0x23, 0xc5, 0x23, 0xc5, 0x23, 0xc5,
    0x23, 0xc5, 0x23, 0xc5, 0x86, 0xcd, 0xb3, 0xde, 0x9e, 0xf7, 0x9e, 0xf7,
    0x9e, 0xf7, 0x9e, 0xf7, 0x9e, 0xf7, 0x9e, 0xf7, 0x9e, 0xf7, 0x9e, 0xf7,
    0x9e, 0xf7, 0x9e, 0xf7, 0x9e, 0xf7, 0x9e, 0xf7, 0x9e, 0xf7, 0x9e, 0xf7,
    0x9e, 0xf7, 0x9e, 0xf7, 0x9e, 0xf7, 0x9e, 0xf7, 0x9e, 0xf7, 0x9e, 0xf7,
    0x9e, 0xf7, 0x9e, 0xf7, 0x9e, 0xf7, 0x9e, 0xf7, 0x9e, 0xf7, 0x9e, 0xf7,
    0x9e, 0xf7, 0x9e, 0xf7, 0x9e, 0xf7, 0x9e, 0xf7, 0x9e, 0xf7, 0x9e, 0xf7,
    0x9e, 0xf7, 0x9e, 0xf7, 0x9e, 0xf7, 0x9e, 0xf7, 0x9e, 0xf7, 0x9e, 0xf7,
    0x9e, 0xf7, 0x9e, 0xf7, 0x9e, 0xf7, 0x9e, 0xf7, 0x9e, 0xf7, 0x9e, 0xf7,
    0x9e, 0xf7, 0x9e, 0xf7, 0x9e, 0xf7, 0x9e, 0xf7, 0x9e, 0xf7, 0x9e, 0xf7,
    0x9e, 0xf7, 0x9e, 0xf7, 0x9e, 0xf7, 0x9e, 0xf7, 0x9e, 0xf7, 0x9e, 0xf7,
    0x9e, 0xf7, 0x9e, 0xf7, 0x9e, 0xf7, 0x9e, 0xf7, 0x9e, 0xf7, 0x9e, 0xf7,
    0x9e, 0xf7, 0x9e, 0xf7, 0x9e, 0xf7, 0x9e, 0xf7, 0x9e, 0xf7, 0x9e, 0xf7,
    0x9e, 0xf7, 0x9e, 0xf7, 0x9e, 0xf7, 0x9e, 0xf7, 0x9e, 0xf7, 0x9e, 0xf7,
    0x9e, 0xf7, 0x9e, 0xf7, 0x9e, 0xf7, 0x9e, 0xf7, 0x9e, 0xf7, 0x9e, 0xf7,
    0x9e, 0xf7, 0x9e, 0xf7, 0x9e, 0xf7, 0x9e, 0xf7, 0x9e, 0xf7, 0x9e, 0xf7,
    0x9e, 0xf7, 0x9e, 0xf7, 0x9e, 0xf7, 0x9e, 0xf7, 0x17, 0xef, 0x2b, 0xde,
    0xc5, 0xd5, 0xc5, 0xd5, 0xc5, 0xd5, 0xc5, 0xd5, 0xc5, 0xd5, 0xc5, 0xd5,
    0xc5, 0xd5, 0xc5, 0xd5, 0xc5, 0xd5, 0xc5, 0xd5, 0xc5, 0xd5, 0xc5, 0xd5,
    0xc5, 0xd5, 0xe5, 0xd5, 0xe5, 0xd5, 0xe5, 0xd5, 0xe5, 0xd5, 0xe5, 0xd5,
    0xe5, 0xd5, 0xe6, 0xd5, 0xe6, 0xdd, 0xe6, 0xdd, 0xe6, 0xdd, 0xe6, 0xdd,
    0xe6, 0xdd, 0xe6, 0xdd, 0x06, 0xde, 0x23, 0xc5, 0x23, 0xc5, 0x23, 0xc5,
    0x23, 0xc5, 0x23, 0xc5, 0x23, 0xc5, 0x23, 0xc5, 0x23, 0xc5, 0x23, 0xc5,
    0x23, 0xc5, 0x23, 0xc5, 0x23, 0xc5, 0x23, 0xc5, 0x23, 0xc5, 0x23, 0xc5,
    0x23, 0xc5, 0x23, 0xc5, 0x23, 0xc5, 0x23, 0xc5, 0x23, 0xc5, 0x23, 0xc5,
    0x23, 0xc5, 0x23, 0xc5, 0x23, 0xc5, 0x23, 0xc5, 0x23, 0xc5, 0x23, 0xc5,
    0x86, 0xcd, 0xb3, 0xde, 0x9e, 0xf7, 0x9e, 0xf7, 0x9e, 0xf7, 0x9e, 0xf7,
    0x9e, 0xf7, 0x9e, 0xf7, 0x9e, 0xf7, 0x9e, 0xf7, 0x9e, 0xf7, 0x9e, 0xf7,
    0x9e, 0xf7, 0x9e, 0xf7, 0x9e, 0xf7, 0x9e, 0xf7, 0x9e, 0xf7, 0x9e, 0xf7,
    0x9e, 0xf7, 0x9e, 0xf7, 0x9e, 0xf7, 0x9e, 0xf7, 0x9e, 0xf7, 0x9e, 0xf7,
    0x9e, 0xf7, 0x9e, 0xf7, 0x9e, 0xf7, 0x9e, 0xf7, 0x9e, 0xf7, 0x9e, 0xf7,
    0x9e, 0xf7, 0x9e, 0xf7, 0x9e, 0xf7, 0x9e, 0xf7, 0x9e, 0xf7, 0x9e, 0xf7,
    0x9e, 0xf7, 0x9e, 0xf7, 0x9e, 0xf7, 0x9e, 0xf7, 0x9e, 0xf7, 0x9e, 0xf7,
    0x9e, 0xf7, 0x9e, 0xf7, 0x9e, 0xf7, 0x9e, 0xf7, 0x9e, 0xf7, 0x9e, 0xf7,
    0x9e, 0xf7, 0x9e, 0xf7, 0x9e, 0xf7, 0x9e, 0xf7, 0x9e, 0xf7, 0x9e, 0xf7,
    0x9e, 0xf7, 0x9e, 0xf7, 0x9e, 0xf7, 0x9e, 0xf7, 0x9e, 0xf7, 0x9e, 0xf7,
    0x9e, 0xf7, 0x9e, 0xf7, 0x9e, 0xf7, 0x9e, 0xf7, 0x9e, 0xf7, 0x9e, 0xf7,
    0x9e, 0xf7, 0x9e, 0xf7, 0x9e, 0xf7, 0x9e, 0xf7, 0x9e, 0xf7, 0x9e, 0xf7,
    0x9e, 0xf7, 0x9e, 0xf7, 0x9e, 0xf7, 0x9e, 0xf7, 0x9e, 0xf7, 0x9e, 0xf7,
    0x9e, 0xf7, 0x9e, 0xf7, 0x9e, 0xf7, 0x9e, 0xf7, 0x9e, 0xf7, 0x9e, 0xf7,
    0x9e, 0xf7, 0x9e, 0xf7, 0x9e, 0xf7, 0x9e, 0xf7, 0x9e, 0xf7, 0x9e, 0xf7,
    0x9e, 0xf7, 0x9e, 0xf7, 0x9e, 0xf7, 0x9e, 0xf7, 0x9e, 0xf7, 0x9e, 0xf7,
    0x17, 0xef, 0xe8, 0xd5, 0xc5, 0xd5, 0xc5, 0xd5, 0xc5, 0xd5, 0xc5, 0xd5,
    0xc5, 0xd5, 0xc5, 0xd5, 0xc5, 0xd5, 0xc5, 0xd5, 0xc5, 0xd5, 0xc5, 0xd5,
    0xc5, 0xd5, 0xe5, 0xd5, 0xe5, 0xd5, 0xe5, 0xd5, 0xe5, 0xd5, 0xe5, 0xd5,
    0xe5, 0xd5, 0xe5, 0xd5, 0xe6, 0xd5, 0xe6, 0xd5, 0xe6, 0xdd, 0xe6, 0xdd,
    0xe6, 0xdd, 0xe6, 0xdd, 0xe6, 0xdd, 0x23, 0xc5, 0x23, 0xc5, 0x23, 0xc5,
    0x23, 0xc5, 0x23, 0xc5, 0x23, 0xc5, 0x23, 0xc5, 0x23, 0xc5, 0x23, 0xc5,
    0x23, 0xc5, 0x23, 0xc5, 0x23, 0xc5, 0x23, 0xc5, 0x23, 0xc5, 0x23, 0xc5,
    0x23, 0xc5, 0x23, 0xc5, 0x23, 0xc5, 0x23, 0xc5, 0x23, 0xc5, 0x23, 0xc5,
    0x23, 0xc5, 0x23, 0xc5, 0x23, 0xc5, 0x23, 0xc5, 0x86, 0xcd, 0xb3, 0xde,
    0x9e, 0xf7, 0x9e, 0xf7, 0x9e, 0xf7, 0x9e, 0xf7, 0x9e, 0xf7, 0x9e, 0xf7,
    0x9e, 0xf7, 0x9e, 0xf7, 0x9e, 0xf7, 0x9e, 0xf7, 0x9e, 0xf7, 0x9e, 0xf7,
    0x9e, 0xf7, 0x9e, 0xf7, 0x9e, 0xf7, 0x9e, 0xf7, 0x9e, 0xf7, 0x9e, 0xf7,
    0x9e, 0xf7, 0x9e, 0xf7, 0x9e, 0xf7, 0x9e, 0xf7, 0x9e, 0xf7, 0x9e, 0xf7,
    0x9e, 0xf7, 0x9e, 0xf7, 0x9e, 0xf7, 0x9e, 0xf7, 0x9e, 0xf7, 0x9e, 0xf7,
    0x9e, 0xf7, 0x9e, 0xf7, 0x9e, 0xf7, 0x9e, 0xf7, 0x9e, 0xf7, 0x9e, 0xf7,
    0x9e, 0xf7, 0x9e, 0xf7, 0x9e, 0xf7, 0x9e, 0xf7, 0x9e, 0xf7, 0x9e, 0xf7,
    0x9e, 0xf7, 0x9e, 0xf7, 0x9e, 0xf7, 0x9e, 0xf7, 0x9e, 0xf7, 0x9e, 0xf7,
    0x9e, 0xf7, 0x9e, 0xf7, 0x9e, 0xf7, 0x9e, 0xf7, 0x9e, 0xf7, 0x9e, 0xf7,
    0x9e, 0xf7, 0x9e, 0xf7, 0x9e, 0xf7, 0x9e, 0xf7, 0x9e, 0xf7, 0x9e, 0xf7,
    0x9e, 0xf7, 0x9e, 0xf7, 0x9e, 0xf7, 0x9e, 0xf7, 0x9e, 0xf7, 0x9e, 0xf7,
    0x9e, 0xf7, 0x9e, 0xf7, 0x9e, 0xf7, 0x9e, 0xf7, 0x9e, 0xf7, 0x9e, 0xf7,
    0x9e, 0xf7, 0x9e, 0xf7, 0x9e, 0xf7, 0x9e, 0xf7, 0x9e, 0xf7, 0x9e, 0xf7,
    0x9e, 0xf7, 0x9e, 0xf7, 0x9e, 0xf7, 0x9e, 0xf7, 0x9e, 0xf7, 0x9e, 0xf7,
    0x9e, 0xf7, 0x9e, 0xf7, 0x9e, 0xf7, 0x9e, 0xf7, 0x9e, 0xf7, 0x9e, 0xf7,
    0x9e, 0xf7, 0x9e, 0xf7, 0x9e, 0xf7, 0x9e, 0xf7, 0x9e, 0xf7, 0x9e, 0xf7,
    0x9e, 0xf7, 0x9e, 0xf7, 0xd4, 0xe6, 0xe8, 0xd5, 0xc5, 0xd5, 0xc5, 0xd5,
    0xc5, 0xd5, 0xc5, 0xd5, 0xc5, 0xd5, 0xc5, 0xd5, 0xc5, 0xd5, 0xc5, 0xd5,
    0xc5, 0xd5, 0xc5, 0xd5, 0xe5, 0xd5, 0xe5, 0xd5, 0xe5, 0xd5, 0xe5, 0xd5,
    0xe5, 0xd5, 0xe5, 0xd5, 0xe5, 0xd5, 0xe6, 0xd5, 0xe6, 0xd5, 0xe6, 0xdd,
    0xe6, 0xdd, 0xe6, 0xdd, 0xe6, 0xdd, 0x23, 0xc5, 0x23, 0xc5, 0x23, 0xc5,
    0x23, 0xc5, 0x23, 0xc5, 0x23, 0xc5, 0x23, 0xc5, 0x23, 0xc5, 0x23, 0xc5,
    0x23, 0xc5, 0x23, 0xc5, 0x23, 0xc5, 0x23, 0xc5, 0x23, 0xc5, 0x23, 0xc5,
    0x23, 0xc5, 0x23, 0xc5, 0x23, 0xc5, 0x23, 0xc5, 0x23, 0xc5, 0x23, 0xc5,
    0x23, 0xc5, 0x23, 0xc5, 0x86, 0xcd, 0xb3, 0xde, 0x9e, 0xf7, 0x9e, 0xf7,
    0x9e, 0xf7, 0x9e, 0xf7, 0x9e, 0xf7, 0x9e, 0xf7, 0x9e, 0xf7, 0x9e, 0xf7,
    0x9e, 0xf7, 0x9e, 0xf7, 0x9e, 0xf7, 0x9e, 0xf7, 0x9e, 0xf7, 0x9e, 0xf7,
    0x9e, 0xf7, 0x9e, 0xf7, 0x9e, 0xf7, 0x9e, 0xf7, 0x9e, 0xf7, 0x9e, 0xf7,
    0x9e, 0xf7, 0x9e, 0xf7, 0x9e, 0xf7, 0x9e, 0xf7, 0x9e, 0xf7, 0x9e, 0xf7,
    0x9e, 0xf7, 0x9e, 0xf7, 0x9e, 0xf7, 0x9e, 0xf7, 0x9e, 0xf7, 0x9e, 0xf7,
    0x9e, 0xf7, 0x9e, 0xf7, 0x9e, 0xf7, 0x9e, 0xf7, 0x9e, 0xf7, 0x9e, 0xf7,
    0x9e, 0xf7, 0x9e, 0xf7, 0x9e, 0xf7, 0x9e, 0xf7, 0x9e, 0xf7, 0x9e, 0xf7,
    0x9e, 0xf7, 0x9e, 0xf7, 0x9e, 0xf7, 0x9e, 0xf7, 0x9e, 0xf7, 0x9e, 0xf7,
    0x9e, 0xf7, 0x9e, 0xf7, 0x9e, 0xf7, 0x9e, 0xf7, 0x9e, 0xf7, 0x9e, 0xf7,
    0x9e, 0xf7, 0x9e, 0xf7, 0x9e, 0xf7, 0x9e, 0xf7, 0x9e, 0xf7, 0x9e, 0xf7,
    0x9e, 0xf7, 0x9e, 0xf7, 0x9e, 0xf7, 0x9e, 0xf7, 0x9e, 0xf7, 0x9e, 0xf7,
    0x9e, 0xf7, 0x9e, 0xf7, 0x9e, 0xf7, 0x9e, 0xf7, 0x9e, 0xf7, 0x9e, 0xf7,
    0x9e, 0xf7, 0x9e, 0xf7, 0x9e, 0xf7, 0x9e, 0xf7, 0x9e, 0xf7, 0x9e, 0xf7,
    0x9e, 0xf7, 0x9e, 0xf7, 0x9e, 0xf7, 0x9e, 0xf7, 0x9e, 0xf7, 0x9e, 0xf7,
    0x9e, 0xf7, 0x9e, 0xf7, 0x9e, 0xf7, 0x9e, 0xf7, 0x9e, 0xf7, 0x9e, 0xf7,
    0x9e, 0xf7, 0x9e, 0xf7, 0x9e, 0xf7, 0x9e, 0xf7, 0x9e, 0xf7, 0x9e, 0xf7,
    0x9e, 0xf7, 0x9e, 0xf7, 0x9e, 0xf7, 0x9e, 0xf7, 0xd4, 0xe6, 0x08, 0xd6,
    0xc5, 0xd5, 0xc5, 0xd5, 0xc5, 0xd5, 0xc5, 0xd5, 0xc5, 0xd5, 0xc5, 0xd5,
    0xc5, 0xd5, 0xc5, 0xd5, 0xc5, 0xd5, 0xc5, 0xd5, 0xe5, 0xd5, 0xe5, 0xd5,
    0xe5, 0xd5, 0xe5, 0xd5, 0xe5, 0xd5, 0xe5, 0xd5, 0xe5, 0xd5, 0xe6, 0xd5,
    0xe6, 0xd5, 0xe6, 0xdd, 0xe6, 0xdd, 0x23, 0xc5, 0x23, 0xc5, 0x23, 0xc5,
    0x23, 0xc5, 0x23, 0xc5, 0x23, 0xc5, 0x23, 0xc5, 0x23, 0xc5, 0x23, 0xc5,
    0x23, 0xc5, 0x23, 0xc5, 0x23, 0xc5, 0x23, 0xc5, 0x23, 0xc5, 0x23, 0xc5,
    0x23, 0xc5, 0x23, 0xc5, 0x23, 0xc5, 0x23, 0xc5, 0x23, 0xc5, 0x23, 0xc5,
    0x86, 0xcd, 0xb3, 0xde, 0x9e, 0xf7, 0x9e, 0xf7, 0x9e, 0xf7, 0x9e, 0xf7,
    0x9e, 0xf7, 0x9e, 0xf7, 0x9e, 0xf7, 0x9e, 0xf7, 0x9e, 0xf7, 0x9e, 0xf7,
    0x9e, 0xf7, 0x9e, 0xf7, 0x9e, 0xf7, 0x9e, 0xf7, 0x9e, 0xf7, 0x9e, 0xf7,
    0x9e, 0xf7, 0x9e, 0xf7, 0x9e, 0xf7, 0x9e, 0xf7, 0x9e, 0xf7, 0x9e, 0xf7,
    0x9e, 0xf7, 0x9e, 0xf7, 0x9e, 0xf7, 0x9e, 0xf7, 0x9e, 0xf7, 0x9e, 0xf7,
    0x9e, 0xf7, 0x9e, 0xf7, 0x9e, 0xf7, 0x9e, 0xf7, 0x9e, 0xf7, 0x9e, 0xf7,
    0x9e, 0xf7, 0x9e, 0xf7, 0x9e, 0xf7, 0x9e, 0xf7, 0x9e, 0xf7, 0x9e, 0xf7,
    0x9e, 0xf7, 0x9e, 0xf7, 0x9e, 0xf7, 0x9e, 0xf7, 0x9e, 0xf7, 0x9e, 0xf7,
    0x9e, 0xf7, 0x9e, 0xf7, 0x9e, 0xf7, 0x9e, 0xf7, 0x9e, 0xf7, 0x9e, 0xf7,
    0x9e, 0xf7, 0x9e, 0xf7, 0x9e, 0xf7, 0x9e, 0xf7, 0x9e, 0xf7, 0x9e, 0xf7,
    0x9e, 0xf7, 0x9e, 0xf7, 0x9e, 0xf7, 0x9e, 0xf7, 0x9e, 0xf7, 0x9e, 0xf7,
    0x9e, 0xf7, 0x9e, 0xf7, 0x9e, 0xf7, 0x9e, 0xf7, 0x9e, 0xf7, 0x9e, 0xf7,
    0x9e, 0xf7, 0x9e, 0xf7, 0x9e, 0xf7, 0x9e, 0xf7, 0x9e, 0xf7, 0x9e, 0xf7,
    0x9e, 0xf7, 0x9e, 0xf7, 0x9e, 0xf7, 0x9e, 0xf7, 0x9e, 0xf7, 0x9e, 0xf7,
    0x9e, 0xf7, 0x9e, 0xf7, 0x9e, 0xf7, 0x9e, 0xf7, 0x9e, 0xf7, 0x9e, 0xf7,
    0x9e, 0xf7, 0x9e, 0xf7, 0x9e, 0xf7, 0x9e, 0xf7, 0x9e, 0xf7, 0x9e, 0xf7,
    0x9e, 0xf7, 0x9e, 0xf7, 0x9e, 0xf7, 0x9e, 0xf7, 0x9e, 0xf7, 0x9e, 0xf7,
    0x9e, 0xf7, 0x9e, 0xf7, 0x9e, 0xf7, 0x9e, 0xf7, 0x9e, 0xf7, 0x9e, 0xf7,
    0xd4, 0xe6, 0x08, 0xd6, 0xc5, 0xd5, 0xc5, 0xd5, 0xc5, 0xd5, 0xc5, 0xd5,
    0xc5, 0xd5, 0xc5, 0xd5, 0xc5, 0xd5, 0xc5, 0xd5, 0xc5, 0xd5, 0xe5, 0xd5,
    0xe5, 0xd5, 0xe5, 0xd5, 0xe5, 0xd5, 0xe5, 0xd5, 0xe5, 0xd5, 0xe5, 0xd5,
    0xe6, 0xd5, 0xe6, 0xd5, 0xe6, 0xdd, 0x23, 0xc5, 0x23, 0xc5, 0x23, 0xc5,
    0x23, 0xc5, 0x23, 0xc5, 0x23, 0xc5, 0x23, 0xc5, 0x23, 0xc5, 0x23, 0xc5,
    0x23, 0xc5, 0x23, 0xc5, 0x23, 0xc5, 0x23, 0xc5, 0x23, 0xc5, 0x23, 0xc5,
    0x23, 0xc5, 0x23, 0xc5, 0x23, 0xc5, 0x23, 0xc5, 0x86, 0xcd, 0xb3, 0xde,
    0x9e, 0xf7, 0x9e, 0xf7, 0x9e, 0xf7, 0x9e, 0xf7, 0x9e, 0xf7, 0x9e, 0xf7,
    0x9e, 0xf7, 0x9e, 0xf7, 0x9e, 0xf7, 0x9e, 0xf7, 0x9e, 0xf7, 0x9e, 0xf7,
    0x9e, 0xf7, 0x9e, 0xf7, 0x9e, 0xf7, 0x9e, 0xf7, 0x9e, 0xf7, 0x9e, 0xf7,
    0x9e, 0xf7, 0x9e, 0xf7, 0x9e, 0xf7, 0x9e, 0xf7, 0x9e, 0xf7, 0x9e, 0xf7,
    0x9e, 0xf7, 0x9e, 0xf7, 0x9e, 0xf7, 0x9e, 0xf7, 0x9e, 0xf7, 0x9e, 0xf7,
    0x9e, 0xf7, 0x9e, 0xf7, 0x9e, 0xf7, 0x9e, 0xf7, 0x9e, 0xf7, 0x9e, 0xf7,
    0x9e, 0xf7, 0x9e, 0xf7, 0x9e, 0xf7, 0x9e, 0xf7, 0x9e, 0xf7, 0x9e, 0xf7,
    0x9e, 0xf7, 0x9e, 0xf7, 0x9e, 0xf7, 0x9e, 0xf7, 0x9e, 0xf7, 0x9e, 0xf7,
    0x9e, 0xf7, 0x9e, 0xf7, 0x9e, 0xf7, 0x9e, 0xf7, 0x9e, 0xf7, 0x9e, 0xf7,
    0x9e, 0xf7, 0x9e, 0xf7, 0x9e, 0xf7, 0x9e, 0xf7, 0x9e, 0xf7, 0x9e, 0xf7,
    0x9e, 0xf7, 0x9e, 0xf7, 0x9e, 0xf7, 0x9e, 0xf7, 0x9e, 0xf7, 0x9e, 0xf7,
    0x9e, 0xf7, 0x9e, 0xf7, 0x9e, 0xf7, 0x9e, 0xf7, 0x9e, 0xf7, 0x9e, 0xf7,
    0x9e, 0xf7, 0x9e, 0xf7, 0x9e, 0xf7, 0x9e, 0xf7, 0x9e, 0xf7, 0x9e, 0xf7,
    0x9e, 0xf7, 0x9e, 0xf7, 0x9e, 0xf7, 0x9e, 0xf7, 0x9e, 0xf7, 0x9e, 0xf7,
    0x9e, 0xf7, 0x9e, 0xf7, 0x9e, 0xf7, 0x9e, 0xf7, 0x9e, 0xf7, 0x9e, 0xf7,
    0x9e, 0xf7, 0x9e, 0xf7, 0x9e, 0xf7, 0x9e, 0xf7, 0x9e, 0xf7, 0x9e, 0xf7,
    0x9e, 0xf7, 0x9e, 0xf7, 0x9e, 0xf7, 0x9e, 0xf7, 0x9e, 0xf7, 0x9e, 0xf7,
    0x9e, 0xf7, 0x9e, 0xf7, 0x9e, 0xf7, 0x9e, 0xf7, 0x9e, 0xf7, 0x9e, 0xf7,
    0x9e, 0xf7, 0x9e, 0xf7, 0xd4, 0xe6, 0xe6, 0xd5, 0xc5, 0xd5, 0xc5, 0xd5,
    0xc5, 0xd5, 0xc5, 0xd5, 0xc5, 0xd5, 0xc5, 0xd5, 0xc5, 0xd5, 0xc5, 0xd5,
    0xe5, 0xd5, 0xe5, 0xd5, 0xe5, 0xd5, 0xe5, 0xd5, 0xe5, 0xd5, 0xe5, 0xd5,
    0xe5, 0xd5, 0xe5, 0xd5, 0xe6, 0xd5, 0x23, 0xc5, 0x23, 0xc5, 0x23, 0xc5,
    0x23, 0xc5, 0x23, 0xc5, 0x23, 0xc5, 0x23, 0xc5, 0x23, 0xc5, 0x23, 0xc5,
    0x23, 0xc5, 0x23, 0xc5, 0x23, 0xc5, 0x23, 0xc5, 0x23, 0xc5, 0x23, 0xc5,
    0x23, 0xc5, 0x23, 0xc5, 0x86, 0xcd, 0xb3, 0xde, 0x9e, 0xf7, 0x9e, 0xf7,
    0x9e, 0xf7, 0x9e, 0xf7, 0x9e, 0xf7, 0x9e, 0xf7, 0x9e, 0xf7, 0x9e, 0xf7,
    0x9e, 0xf7, 0x9e, 0xf7, 0x9e, 0xf7, 0x9e, 0xf7, 0x9e, 0xf7, 0x9e, 0xf7,
    0x9e, 0xf7, 0x9e, 0xf7, 0x9e, 0xf7, 0x9e, 0xf7, 0x9e, 0xf7, 0x9e, 0xf7,
    0x9e, 0xf7, 0x9e, 0xf7, 0x9e, 0xf7, 0x9e, 0xf7, 0x9e, 0xf7, 0x9e, 0xf7,
    0x9e, 0xf7, 0x9e, 0xf7, 0x9e, 0xf7, 0x9e, 0xf7, 0x9e, 0xf7, 0x9e, 0xf7,
    0x9e, 0xf7, 0x9e, 0xf7, 0x9e, 0xf7, 0x9e, 0xf7, 0x9e, 0xf7, 0x9e, 0xf7,
    0x9e, 0xf7, 0x9e, 0xf7, 0x9e, 0xf7, 0x9e, 0xf7, 0x9e, 0xf7, 0x9e, 0xf7,
    0x9e, 0xf7, 0x9e, 0xf7, 0x9e, 0xf7, 0x9e, 0xf7, 0x9e, 0xf7, 0x9e, 0xf7,
    0x9e, 0xf7, 0x9e, 0xf7, 0x9e, 0xf7, 0x9e, 0xf7, 0x9e, 0xf7, 0x9e, 0xf7,
    0x9e, 0xf7, 0x9e, 0xf7, 0x9e, 0xf7, 0x9e, 0xf7, 0x9e, 0xf7, 0x9e, 0xf7,
    0x9e, 0xf7, 0x9e, 0xf7, 0x9e, 0xf7, 0x9e, 0xf7, 0x9e, 0xf7, 0x9e, 0xf7,
    0x9e, 0xf7, 0x9e, 0xf7, 0x9e, 0xf7, 0x9e, 0xf7, 0x9e, 0xf7, 0x9e, 0xf7,
    0x9e, 0xf7, 0x9e, 0xf7, 0x9e, 0xf7, 0x9e, 0xf7, 0x9e, 0xf7, 0x9e, 0xf7,
    0x9e, 0xf7, 0x9e, 0xf7, 0x9e, 0xf7, 0x9e, 0xf7, 0x9e, 0xf7, 0x9e, 0xf7,
    0x9e, 0xf7, 0x9e, 0xf7, 0x9e, 0xf7, 0x9e, 0xf7, 0x9e, 0xf7, 0x9e, 0xf7,
    0x9e, 0xf7, 0x9e, 0xf7, 0x9e, 0xf7, 0x9e, 0xf7, 0x9e, 0xf7, 0x9e, 0xf7,
    0x9e, 0xf7, 0x9e, 0xf7, 0x9e, 0xf7, 0x9e, 0xf7, 0x9e, 0xf7, 0x9e, 0xf7,
    0x9e, 0xf7, 0x9e, 0xf7, 0x9e, 0xf7, 0x9e, 0xf7, 0x9e, 0xf7, 0x9e, 0xf7,
    0x9e, 0xf7, 0x9e, 0xf7, 0x9e, 0xf7, 0x7c, 0xef, 0xb1, 0xe6, 0xe6, 0xd5,
    0xc5, 0xd5, 0xc5, 0xd5, 0xc5, 0xd5, 0xc5, 0xd5, 0xc5, 0xd5, 0xc5, 0xd5,
    0xc5, 0xd5, 0xe5, 0xd5, 0xe5, 0xd5, 0xe5, 0xd5, 0xe5, 0xd5, 0xe5, 0xd5,
    0xe5, 0xd5, 0xe5, 0xd5, 0xe5, 0xd5, 0x23, 0xc5, 0x23, 0xc5, 0x23, 0xc5,
    0x23, 0xc5, 0x23, 0xc5, 0x23, 0xc5, 0x23, 0xc5, 0x23, 0xc5, 0x23, 0xc5,
    0x23, 0xc5, 0x23, 0xc5, 0x23, 0xc5, 0x23, 0xc5, 0x23, 0xc5, 0x23, 0xc5,
    0x86, 0xcd, 0xb3, 0xde, 0x9e, 0xf7, 0x9e, 0xf7, 0x9e, 0xf7, 0x9e, 0xf7,
    0x9e, 0xf7, 0x9e, 0xf7, 0x9e, 0xf7, 0x9e, 0xf7, 0x9e, 0xf7, 0x9e, 0xf7,
    0x9e, 0xf7, 0x9e, 0xf7, 0x9e, 0xf7, 0x9e, 0xf7, 0x9e, 0xf7, 0x9e, 0xf7,
    0x9e, 0xf7, 0x9e, 0xf7, 0x9e, 0xf7, 0x9e, 0xf7, 0x9e, 0xf7, 0x9e, 0xf7,
    0x9e, 0xf7, 0x9e, 0xf7, 0x9e, 0xf7, 0x9e, 0xf7, 0x9e, 0xf7, 0x9e, 0xf7,
    0x9e, 0xf7, 0x9e, 0xf7, 0x9e, 0xf7, 0x9e, 0xf7, 0x9e, 0xf7, 0x9e, 0xf7,
    0x9e, 0xf7, 0x9e, 0xf7, 0x9e, 0xf7, 0x9e, 0xf7, 0x9e, 0xf7, 0x9e, 0xf7,
    0x9e, 0xf7, 0x9e, 0xf7, 0x9e, 0xf7, 0x9e, 0xf7, 0x9e, 0xf7, 0x9e, 0xf7,
    0x9e, 0xf7, 0x9e, 0xf7, 0x9e, 0xf7, 0x9e, 0xf7, 0x9e, 0xf7, 0x9e, 0xf7,
    0x9e, 0xf7, 0x9e, 0xf7, 0x9e, 0xf7, 0x9e, 0xf7, 0x9e, 0xf7, 0x9e, 0xf7,
    0x9e, 0xf7, 0x9e, 0xf7, 0x9e, 0xf7, 0x9e, 0xf7, 0x9e, 0xf7, 0x9e, 0xf7,
    0x9e, 0xf7, 0x9e, 0xf7, 0x9e, 0xf7, 0x9e, 0xf7, 0x9e, 0xf7, 0x9e, 0xf7,
    0x9e, 0xf7, 0x9e, 0xf7, 0x9e, 0xf7, 0x9e, 0xf7, 0x9e, 0xf7, 0x9e, 0xf7,
    0x9e, 0xf7, 0x9e, 0xf7, 0x9e, 0xf7, 0x9e, 0xf7, 0x9e, 0xf7, 0x9e, 0xf7,
    0x9e, 0xf7, 0x9e, 0xf7, 0x9e, 0xf7, 0x9e, 0xf7, 0x9e, 0xf7, 0x9e, 0xf7,
    0x9e, 0xf7, 0x9e, 0xf7, 0x9e, 0xf7, 0x9e, 0xf7, 0x9e, 0xf7, 0x9e, 0xf7,
    0x9e, 0xf7, 0x9e, 0xf7, 0x9e, 0xf7, 0x9e, 0xf7, 0x9e, 0xf7, 0x9e, 0xf7,
    0x9e, 0xf7, 0x9e, 0xf7, 0x9e, 0xf7, 0x9e, 0xf7, 0x9e, 0xf7, 0x9e, 0xf7,
    0x9e, 0xf7, 0x9e, 0xf7, 0x9e, 0xf7, 0x9e, 0xf7, 0x9e, 0xf7, 0x9e, 0xf7,
    0x9e, 0xf7, 0x9e, 0xf7, 0x9e, 0xf7, 0x9e, 0xf7, 0x9e, 0xf7, 0x7c, 0xef,
    0xb1, 0xe6, 0xe6, 0xd5, 0xc5, 0xd5, 0xc5, 0xd5, 0xc5, 0xd5, 0xc5, 0xd5,
    0xc5, 0xd5, 0xc5, 0xd5, 0xe5, 0xd5, 0xe5, 0xd5, 0xe5, 0xd5, 0xe5, 0xd5,
    0xe5, 0xd5, 0xe5, 0xd5, 0xe5, 0xd5, 0x23, 0xc5, 0x23, 0xc5, 0x23, 0xc5,
    0x23, 0xc5, 0x23, 0xc5, 0x23, 0xc5, 0x23, 0xc5, 0x23, 0xc5, 0x23, 0xc5,
    0x23, 0xc5, 0x23, 0xc5, 0x23, 0xc5, 0x23, 0xc5, 0x86, 0xcd, 0xb3, 0xde,
    0x9e, 0xf7, 0x9e, 0xf7, 0x9e, 0xf7, 0x9e, 0xf7, 0x9e, 0xf7, 0x9e, 0xf7,
    0x9e, 0xf7, 0x9e, 0xf7, 0x9e, 0xf7, 0x9e, 0xf7, 0x9e, 0xf7, 0x9e, 0xf7,
    0x9e, 0xf7, 0x9e, 0xf7, 0x9e, 0xf7, 0x9e, 0xf7, 0x9e, 0xf7, 0x9e, 0xf7,
    0x9e, 0xf7, 0x9e, 0xf7, 0x9e, 0xf7, 0x9e, 0xf7, 0x9e, 0xf7, 0x9e, 0xf7,
    0x9e, 0xf7, 0x9e, 0xf7, 0x9e, 0xf7, 0x9e, 0xf7, 0x9e, 0xf7, 0x9e, 0xf7,
    0x9e, 0xf7, 0x9e, 0xf7, 0x9e, 0xf7, 0x9e, 0xf7, 0x9e, 0xf7, 0x9e, 0xf7,
    0x9e, 0xf7, 0x9e, 0xf7, 0x9e, 0xf7, 0x9e, 0xf7, 0x9e, 0xf7, 0x9e, 0xf7,
    0x9e, 0xf7, 0x9e, 0xf7, 0x9e, 0xf7, 0x9e, 0xf7, 0x9e, 0xf7, 0x9e, 0xf7,
    0x9e, 0xf7, 0x9e, 0xf7, 0x9e, 0xf7, 0x9e, 0xf7, 0x9e, 0xf7, 0x9e, 0xf7,
    0x9e, 0xf7, 0x9e, 0xf7, 0x9e, 0xf7, 0x9e, 0xf7, 0x9e, 0xf7, 0x9e, 0xf7,
    0x9e, 0xf7, 0x9e, 0xf7, 0x9e, 0xf7, 0x9e, 0xf7, 0x9e, 0xf7, 0x9e, 0xf7,
    0x9e, 0xf7, 0x9e, 0xf7, 0x9e, 0xf7, 0x9e, 0xf7, 0x9e, 0xf7, 0x9e, 0xf7,
    0x9e, 0xf7, 0x9e, 0xf7, 0x9e, 0xf7, 0x9e, 0xf7, 0x9e, 0xf7, 0x9e, 0xf7,
    0x9e, 0xf7, 0x9e, 0xf7, 0x9e, 0xf7, 0x9e, 0xf7, 0x9e, 0xf7, 0x9e, 0xf7,
    0x9e, 0xf7, 0x9e, 0xf7, 0x9e, 0xf7, 0x9e, 0xf7, 0x9e, 0xf7, 0x9e, 0xf7,
    0x9e, 0xf7, 0x9e, 0xf7, 0x9e, 0xf7, 0x9e, 0xf7, 0x9e, 0xf7, 0x9e, 0xf7,
    0x9e, 0xf7, 0x9e, 0xf7, 0x9e, 0xf7, 0x9e, 0xf7, 0x9e, 0xf7, 0x9e, 0xf7,
    0x9e, 0xf7, 0x9e, 0xf7, 0x9e, 0xf7, 0x9e, 0xf7, 0x9e, 0xf7, 0x9e, 0xf7,
    0x9e, 0xf7, 0x9e, 0xf7, 0x9e, 0xf7, 0x9e, 0xf7, 0x9e, 0xf7, 0x9e, 0xf7,
    0x9e, 0xf7, 0x9e, 0xf7, 0x9e, 0xf7, 0x9e, 0xf7, 0x9e, 0xf7, 0x9e, 0xf7,
    0x9e, 0xf7, 0x7c, 0xef, 0xb1, 0xe6, 0xe7, 0xd5, 0xc5, 0xd5, 0xc5, 0xd5,
    0xc5, 0xd5, 0xc5, 0xd5, 0xc5, 0xd5, 0xc5, 0xd5, 0xe5, 0xd5, 0xe5, 0xd5,
    0xe5, 0xd5, 0xe5, 0xd5, 0xe5, 0xd5, 0x23, 0xc5, 0x23, 0xc5, 0x23, 0xc5,
    0x23, 0xc5, 0x23, 0xc5, 0x23, 0xc5, 0x23, 0xc5, 0x23, 0xc5, 0x23, 0xc5,
    0x23, 0xc5, 0x23, 0xc5, 0x86, 0xcd, 0xb3, 0xde, 0x9e, 0xf7, 0x9e, 0xf7,
    0x9e, 0xf7, 0x9e, 0xf7, 0x9e, 0xf7, 0x9e, 0xf7, 0x9e, 0xf7, 0x9e, 0xf7,
    0x9e, 0xf7, 0x9e, 0xf7, 0x9e, 0xf7, 0x9e, 0xf7, 0x9e, 0xf7, 0x9e, 0xf7,
    0x9e, 0xf7, 0x9e, 0xf7, 0x9e, 0xf7, 0x9e, 0xf7, 0x9e, 0xf7, 0x9e, 0xf7,
    0x9e, 0xf7, 0x9e, 0xf7, 0x9e, 0xf7, 0x9e, 0xf7, 0x9e, 0xf7, 0x9e, 0xf7,
    0x9e, 0xf7, 0x9e, 0xf7, 0x9e, 0xf7, 0x9e, 0xf7, 0x9e, 0xf7, 0x9e, 0xf7,
    0x9e, 0xf7, 0x9e, 0xf7, 0x9e, 0xf7, 0x9e, 0xf7, 0x9e, 0xf7, 0x9e, 0xf7,
    0x9e, 0xf7, 0x9e, 0xf7, 0x9e, 0xf7, 0x9e, 0xf7, 0x9e, 0xf7, 0x9e, 0xf7,
    0x9e, 0xf7, 0x9e, 0xf7, 0x9e, 0xf7, 0x9e, 0xf7, 0x9e, 0xf7, 0x9e, 0xf7,
    0x9e, 0xf7, 0x9e, 0xf7, 0x9e, 0xf7, 0x9e, 0xf7, 0x9e, 0xf7, 0x9e, 0xf7,
    0x9e, 0xf7, 0x9e, 0xf7, 0x9e, 0xf7, 0x9e, 0xf7, 0x9e, 0xf7, 0x9e, 0xf7,
    0x9e, 0xf7, 0x9e, 0xf7, 0x9e, 0xf7, 0x9e, 0xf7, 0x9e, 0xf7, 0x9e, 0xf7,
    0x9e, 0xf7, 0x9e, 0xf7, 0x9e, 0xf7, 0x9e, 0xf7, 0x9e, 0xf7, 0x9e, 0xf7,
    0x9e, 0xf7, 0x9e, 0xf7, 0x9e, 0xf7, 0x9e, 0xf7, 0x9e, 0xf7, 0x9e, 0xf7,
    0x9e, 0xf7, 0x9e, 0xf7, 0x9e, 0xf7, 0x9e, 0xf7, 0x9e, 0xf7, 0x9e, 0xf7,
    0x9e, 0xf7, 0x9e, 0xf7, 0x9e, 0xf7, 0x9e, 0xf7, 0x9e, 0xf7, 0x9e, 0xf7,
    0x9e, 0xf7, 0x9e, 0xf7, 0x9e, 0xf7, 0x9e, 0xf7, 0x9e, 0xf7, 0x9e, 0xf7,
    0x9e, 0xf7, 0x9e, 0xf7, 0x9e, 0xf7, 0x9e, 0xf7, 0x9e, 0xf7, 0x9e, 0xf7,
    0x9e, 0xf7, 0x9e, 0xf7, 0x9e, 0xf7, 0x9e, 0xf7, 0x9e, 0xf7, 0x9e, 0xf7,
    0x9e, 0xf7, 0x9e, 0xf7, 0x9e, 0xf7, 0x9e, 0xf7, 0x9e, 0xf7, 0x9e, 0xf7,
    0x9e, 0xf7, 0x9e, 0xf7, 0x9e, 0xf7, 0x9e, 0xf7, 0x9e, 0xf7, 0x9e, 0xf7,
    0x9e, 0xf7, 0x9e, 0xf7, 0x9e, 0xf7, 0x7c, 0xef, 0xb1, 0xe6, 0xe7, 0xd5,
    0xc5, 0xd5, 0xc5, 0xd5, 0xc5, 0xd5, 0xc5, 0xd5, 0xc5, 0xd5, 0xe5, 0xd5,
    0xe5, 0xd5, 0xe5, 0xd5, 0xe5, 0xd5, 0x23, 0xc5, 0x23, 0xc5, 0x23, 0xc5,
    0x23, 0xc5, 0x23, 0xc5, 0x23, 0xc5, 0x23, 0xc5, 0x23, 0xc5, 0x23, 0xc5,
    0x86, 0xcd, 0xb3, 0xde, 0x9e, 0xf7, 0x9e, 0xf7, 0x9e, 0xf7, 0x9e, 0xf7,
    0x9e, 0xf7, 0x9e, 0xf7, 0x9e, 0xf7, 0x9e, 0xf7, 0x9e, 0xf7, 0x9e, 0xf7,
    0x9e, 0xf7, 0x9e, 0xf7, 0x9e, 0xf7, 0x9e, 0xf7, 0x9e, 0xf7, 0x9e, 0xf7,
    0x9e, 0xf7, 0x9e, 0xf7, 0x9e, 0xf7, 0x9e, 0xf7, 0x9e, 0xf7, 0x9e, 0xf7,
    0x9e, 0xf7, 0x9e, 0xf7, 0x9e, 0xf7, 0x9e, 0xf7, 0x9e, 0xf7, 0x9e, 0xf7,
    0x9e, 0xf7, 0x9e, 0xf7, 0x9e, 0xf7, 0x9e, 0xf7, 0x9e, 0xf7, 0x9e, 0xf7,
    0x9e, 0xf7, 0x9e, 0xf7, 0x9e, 0xf7, 0x9e, 0xf7, 0x9e, 0xf7, 0x9e, 0xf7,
    0x9e, 0xf7, 0x9e, 0xf7, 0x9e, 0xf7, 0x9e, 0xf7, 0x9e, 0xf7, 0x9e, 0xf7,
    0x9e, 0xf7, 0x9e, 0xf7, 0x9e, 0xf7, 0x9e, 0xf7, 0x9e, 0xf7, 0x9e, 0xf7,
    0x9e, 0xf7, 0x9e, 0xf7, 0x9e, 0xf7, 0x9e, 0xf7, 0x9e, 0xf7, 0x9e, 0xf7,
    0x9e, 0xf7, 0x9e, 0xf7, 0x9e, 0xf7, 0x9e, 0xf7, 0x9e, 0xf7, 0x9e, 0xf7,
    0x9e, 0xf7, 0x9e, 0xf7, 0x9e, 0xf7, 0x9e, 0xf7, 0x9e, 0xf7, 0x9e, 0xf7,
    0x9e, 0xf7, 0x9e, 0xf7, 0x9e, 0xf7, 0x9e, 0xf7, 0x9e, 0xf7, 0x9e, 0xf7,
    0x9e, 0xf7, 0x9e, 0xf7, 0x9e, 0xf7, 0x9e, 0xf7, 0x9e, 0xf7, 0x9e, 0xf7,
    0x9e, 0xf7, 0x9e, 0xf7, 0x9e, 0xf7, 0x9e, 0xf7, 0x9e, 0xf7, 0x9e, 0xf7,
    0x9e, 0xf7, 0x9e, 0xf7, 0x9e, 0xf7, 0x9e, 0xf7, 0x9e, 0xf7, 0x9e, 0xf7,
    0x9e, 0xf7, 0x9e, 0xf7, 0x9e, 0xf7, 0x9e, 0xf7, 0x9e, 0xf7, 0x9e, 0xf7,
    0x9e, 0xf7, 0x9e, 0xf7, 0x9e, 0xf7, 0x9e, 0xf7, 0x9e, 0xf7, 0x9e, 0xf7,
    0x9e, 0xf7, 0x9e, 0xf7, 0x9e, 0xf7, 0x9e, 0xf7, 0x9e, 0xf7, 0x9e, 0xf7,
    0x9e, 0xf7, 0x9e, 0xf7, 0x9e, 0xf7, 0x9e, 0xf7, 0x9e, 0xf7, 0x9e, 0xf7,
    0x9e, 0xf7, 0x9e, 0xf7, 0x9e, 0xf7, 0x9e, 0xf7, 0x9e, 0xf7, 0x9e, 0xf7,
    0x9e, 0xf7, 0x9e, 0xf7, 0x9e, 0xf7, 0x9e, 0xf7, 0x9e, 0xf7, 0x7c, 0xef,
    0xb1, 0xe6, 0xe7, 0xd5, 0xc5, 0xd5, 0xc5, 0xd5, 0xc5, 0xd5, 0xc5, 0xd5,
    0xc5, 0xd5, 0xe5, 0xd5, 0xe5, 0xd5, 0x23, 0xc5, 0x23, 0xc5, 0x23, 0xc5,
    0x23, 0xc5, 0x23, 0xc5, 0x23, 0xc5, 0x23, 0xc5, 0x86, 0xcd, 0x50, 0xde,
    0x3a, 0xef, 0x9e, 0xf7, 0x9e, 0xf7, 0x9e, 0xf7, 0x9e, 0xf7, 0x9e, 0xf7,
    0x9e, 0xf7, 0x9e, 0xf7, 0x9e, 0xf7, 0x9e, 0xf7, 0x9e, 0xf7, 0x9e, 0xf7,
    0x9e, 0xf7, 0x9e, 0xf7, 0x9e, 0xf7, 0x9e, 0xf7, 0x9e, 0xf7, 0x9e, 0xf7,
    0x9e, 0xf7, 0x9e, 0xf7, 0x9e, 0xf7, 0x9e, 0xf7, 0x9e, 0xf7, 0x9e, 0xf7,
    0x9e, 0xf7, 0x9e, 0xf7, 0x9e, 0xf7, 0x9e, 0xf7, 0x9e, 0xf7, 0x9e, 0xf7,
    0x9e, 0xf7, 0x9e, 0xf7, 0x9e, 0xf7, 0x9e, 0xf7, 0x9e, 0xf7, 0x9e, 0xf7,
    0x9e, 0xf7, 0x9e, 0xf7, 0x9e, 0xf7, 0x9e, 0xf7, 0x9e, 0xf7, 0x9e, 0xf7,
    0x9e, 0xf7, 0x9e, 0xf7, 0x9e, 0xf7, 0x9e, 0xf7, 0x9e, 0xf7, 0x9e, 0xf7,
    0x9e, 0xf7, 0x9e, 0xf7, 0x9e, 0xf7, 0x9e, 0xf7, 0x9e, 0xf7, 0x9e, 0xf7,
    0x9e, 0xf7, 0x9e, 0xf7, 0x9e, 0xf7, 0x9e, 0xf7, 0x9e, 0xf7, 0x9e, 0xf7,
    0x9e, 0xf7, 0x9e, 0xf7, 0x9e, 0xf7, 0x9e, 0xf7, 0x9e, 0xf7, 0x9e, 0xf7,
    0x9e, 0xf7, 0x9e, 0xf7, 0x9e, 0xf7, 0x9e, 0xf7, 0x9e, 0xf7, 0x9e, 0xf7,
    0x9e, 0xf7, 0x9e, 0xf7, 0x9e, 0xf7, 0x9e, 0xf7, 0x9e, 0xf7, 0x9e, 0xf7,
    0x9e, 0xf7, 0x9e, 0xf7, 0x9e, 0xf7, 0x9e, 0xf7, 0x9e, 0xf7, 0x9e, 0xf7,
    0x9e, 0xf7, 0x9e, 0xf7, 0x9e, 0xf7, 0x9e, 0xf7, 0x9e, 0xf7, 0x9e, 0xf7,
    0x9e, 0xf7, 0x9e, 0xf7, 0x9e, 0xf7, 0x9e, 0xf7, 0x9e, 0xf7, 0x9e, 0xf7,
    0x9e, 0xf7, 0x9e, 0xf7, 0x9e, 0xf7, 0x9e, 0xf7, 0x9e, 0xf7, 0x9e, 0xf7,
    0x9e, 0xf7, 0x9e, 0xf7, 0x9e, 0xf7, 0x9e, 0xf7, 0x9e, 0xf7, 0x9e, 0xf7,
    0x9e, 0xf7, 0x9e, 0xf7, 0x9e, 0xf7, 0x9e, 0xf7, 0x9e, 0xf7, 0x9e, 0xf7,
    0x9e, 0xf7, 0x9e, 0xf7, 0x9e, 0xf7, 0x9e, 0xf7, 0x9e, 0xf7, 0x9e, 0xf7,
    0x9e, 0xf7, 0x9e, 0xf7, 0x9e, 0xf7, 0x9e, 0xf7, 0x9e, 0xf7, 0x9e, 0xf7,
    0x9e, 0xf7, 0x9e, 0xf7, 0x9e, 0xf7, 0x9e, 0xf7, 0x9e, 0xf7, 0x9e, 0xf7,
    0x9e, 0xf7, 0x7c, 0xef, 0xb1, 0xe6, 0xe7, 0xd5, 0xc5, 0xd5, 0xc5, 0xd5,
    0xc5, 0xd5, 0xc5, 0xd5, 0xc5, 0xd5, 0x23, 0xc5, 0x23, 0xc5, 0x23, 0xc5,
    0x23, 0xc5, 0x23, 0xc5, 0x86, 0xcd, 0x50, 0xde, 0x3a, 0xef, 0x9e, 0xf7,
    0x9e, 0xf7, 0x9e, 0xf7, 0x9e, 0xf7, 0x9e, 0xf7, 0x9e, 0xf7, 0x9e, 0xf7,
    0x9e, 0xf7, 0x9e, 0xf7, 0x9e, 0xf7, 0x9e, 0xf7, 0x9e, 0xf7, 0x9e, 0xf7,
    0x9e, 0xf7, 0x9e, 0xf7, 0x9e, 0xf7, 0x9e, 0xf7, 0x9e, 0xf7, 0x9e, 0xf7,
    0x9e, 0xf7, 0x9e, 0xf7, 0x9e, 0xf7, 0x9e, 0xf7, 0x9e, 0xf7, 0x9e, 0xf7,
    0x9e, 0xf7, 0x9e, 0xf7, 0x9e, 0xf7, 0x9e, 0xf7, 0x9e, 0xf7, 0x9e, 0xf7,
    0x9e, 0xf7, 0x9e, 0xf7, 0x9e, 0xf7, 0x9e, 0xf7, 0x9e, 0xf7, 0x9e, 0xf7,
    0x9e, 0xf7, 0x9e, 0xf7, 0x9e, 0xf7, 0x9e, 0xf7, 0x9e, 0xf7, 0x9e, 0xf7,
    0x9e, 0xf7, 0x9e, 0xf7, 0x9e, 0xf7, 0x9e, 0xf7, 0x9e, 0xf7, 0x9e, 0xf7,
    0x9e, 0xf7, 0x9e, 0xf7, 0x9e, 0xf7, 0x9e, 0xf7, 0x9e, 0xf7, 0x9e, 0xf7,
    0x9e, 0xf7, 0x9e, 0xf7, 0x9e, 0xf7, 0x9e, 0xf7, 0x9e, 0xf7, 0x9e, 0xf7,
    0x9e, 0xf7, 0x9e, 0xf7, 0x9e, 0xf7, 0x9e, 0xf7, 0x9e, 0xf7, 0x9e, 0xf7,
    0x9e, 0xf7, 0x9e, 0xf7, 0x9e, 0xf7, 0x9e, 0xf7, 0x9e, 0xf7, 0x9e, 0xf7,
    0x9e, 0xf7, 0x9e, 0xf7, 0x9e, 0xf7, 0x9e, 0xf7, 0x9e, 0xf7, 0x9e, 0xf7,
    0x9e, 0xf7, 0x9e, 0xf7, 0x9e, 0xf7, 0x9e, 0xf7, 0x9e, 0xf7, 0x9e, 0xf7,
    0x9e, 0xf7, 0x9e, 0xf7, 0x9e, 0xf7, 0x9e, 0xf7, 0x9e, 0xf7, 0x9e, 0xf7,
    0x9e, 0xf7, 0x9e, 0xf7, 0x9e, 0xf7, 0x9e, 0xf7, 0x9e, 0xf7, 0x9e, 0xf7,
    0x9e, 0xf7, 0x9e, 0xf7, 0x9e, 0xf7, 0x9e, 0xf7, 0x9e, 0xf7, 0x9e, 0xf7,
    0x9e, 0xf7, 0x9e, 0xf7, 0x9e, 0xf7, 0x9e, 0xf7, 0x9e, 0xf7, 0x9e, 0xf7,
    0x9e, 0xf7, 0x9e, 0xf7, 0x9e, 0xf7, 0x9e, 0xf7, 0x9e, 0xf7, 0x9e, 0xf7,
    0x9e, 0xf7, 0x9e, 0xf7, 0x9e, 0xf7, 0x9e, 0xf7, 0x9e, 0xf7, 0x9e, 0xf7,
    0x9e, 0xf7, 0x9e, 0xf7, 0x9e, 0xf7, 0x9e, 0xf7, 0x9e, 0xf7, 0x9e, 0xf7,
    0x9e, 0xf7, 0x9e, 0xf7, 0x9e, 0xf7, 0x9e, 0xf7, 0x9e, 0xf7, 0x9e, 0xf7,
    0x9e, 0xf7, 0x9e, 0xf7, 0x9e, 0xf7, 0x7c, 0xef, 0xb1, 0xe6, 0xe7, 0xd5,
    0xc5, 0xd5, 0xc5, 0xd5, 0xc5, 0xd5, 0x23, 0xc5, 0x23, 0xc5, 0x23, 0xc5,
    0x86, 0xcd, 0x50, 0xde, 0x3a, 0xef, 0x9e, 0xf7, 0x9e, 0xf7, 0x9e, 0xf7,
    0x9e, 0xf7, 0x9e, 0xf7, 0x9e, 0xf7, 0x9e, 0xf7, 0x9e, 0xf7, 0x9e, 0xf7,
    0x9e, 0xf7, 0x9e, 0xf7, 0x9e, 0xf7, 0x9e, 0xf7, 0x9e, 0xf7, 0x9e, 0xf7,
    0x9e, 0xf7, 0x9e, 0xf7, 0x9e, 0xf7, 0x9e, 0xf7, 0x9e, 0xf7, 0x9e, 0xf7,
    0x9e, 0xf7, 0x9e, 0xf7, 0x9e, 0xf7, 0x9e, 0xf7, 0x9e, 0xf7, 0x9e, 0xf7,
    0x9e, 0xf7, 0x9e, 0xf7, 0x9e, 0xf7, 0x9e, 0xf7, 0x9e, 0xf7, 0x9e, 0xf7,
    0x9e, 0xf7, 0x9e, 0xf7, 0x9e, 0xf7, 0x9e, 0xf7, 0x9e, 0xf7, 0x9e, 0xf7,
    0x9e, 0xf7, 0x9e, 0xf7, 0x9e, 0xf7, 0x9e, 0xf7, 0x9e, 0xf7, 0x9e, 0xf7,
    0x9e, 0xf7, 0x9e, 0xf7, 0x9e, 0xf7, 0x9e, 0xf7, 0x9e, 0xf7, 0x9e, 0xf7,
    0x9e, 0xf7, 0x9e, 0xf7, 0x9e, 0xf7, 0x9e, 0xf7, 0x9e, 0xf7, 0x9e, 0xf7,
    0x9e, 0xf7, 0x9e, 0xf7, 0x9e, 0xf7, 0x9e, 0xf7, 0x9e, 0xf7, 0x9e, 0xf7,
    0x9e, 0xf7, 0x9e, 0xf7, 0x9e, 0xf7, 0x9e, 0xf7, 0x9e, 0xf7, 0x9e, 0xf7,
    0x9e, 0xf7, 0x9e, 0xf7, 0x9e, 0xf7, 0x9e, 0xf7, 0x9e, 0xf7, 0x9e, 0xf7,
    0x9e, 0xf7, 0x9e, 0xf7, 0x9e, 0xf7, 0x9e, 0xf7, 0x9e, 0xf7, 0x9e, 0xf7,
    0x9e, 0xf7, 0x9e, 0xf7, 0x9e, 0xf7, 0x9e, 0xf7, 0x9e, 0xf7, 0x9e, 0xf7,
    0x9e, 0xf7, 0x9e, 0xf7, 0x9e, 0xf7, 0x9e, 0xf7, 0x9e, 0xf7, 0x9e, 0xf7,
    0x9e, 0xf7, 0x9e, 0xf7, 0x9e, 0xf7, 0x9e, 0xf7, 0x9e, 0xf7, 0x9e, 0xf7,
    0x9e, 0xf7, 0x9e, 0xf7, 0x9e, 0xf7, 0x9e, 0xf7, 0x9e, 0xf7, 0x9e, 0xf7,
    0x9e, 0xf7, 0x9e, 0xf7, 0x9e, 0xf7, 0x9e, 0xf7, 0x9e, 0xf7, 0x9e, 0xf7,
    0x9e, 0xf7, 0x9e, 0xf7, 0x9e, 0xf7, 0x9e, 0xf7, 0x9e, 0xf7, 0x9e, 0xf7,
    0x9e, 0xf7, 0x9e, 0xf7, 0x9e, 0xf7, 0x9e, 0xf7, 0x9e, 0xf7, 0x9e, 0xf7,
    0x9e, 0xf7, 0x9e, 0xf7, 0x9e, 0xf7, 0x9e, 0xf7, 0x9e, 0xf7, 0x9e, 0xf7,
    0x9e, 0xf7, 0x9e, 0xf7, 0x9e, 0xf7, 0x9e, 0xf7, 0x9e, 0xf7, 0x9e, 0xf7,
    0x9e, 0xf7, 0x9e, 0xf7, 0x9e, 0xf7, 0x9e, 0xf7, 0x9e, 0xf7, 0x7c, 0xef,
    0xb1, 0xe6, 0xe7, 0xd5, 0xc5, 0xd5, 0x23, 0xc5, 0x44, 0xc5, 0x50, 0xde,
    0x3a, 0xef, 0x9e, 0xf7, 0x9e, 0xf7, 0x9e, 0xf7, 0x9e, 0xf7, 0x9e, 0xf7,
    0x9e, 0xf7, 0x9e, 0xf7, 0x9e, 0xf7, 0x9e, 0xf7, 0x9e, 0xf7, 0x9e, 0xf7,
    0x9e, 0xf7, 0x9e, 0xf7, 0x9e, 0xf7, 0x9e, 0xf7, 0x9e, 0xf7, 0x9e, 0xf7,
    0x9e, 0xf7, 0x9e, 0xf7, 0x9e, 0xf7, 0x9e, 0xf7, 0x9e, 0xf7, 0x9e, 0xf7,
    0x9e, 0xf7, 0x9e, 0xf7, 0x9e, 0xf7, 0x9e, 0xf7, 0x9e, 0xf7, 0x9e, 0xf7,
    0x9e, 0xf7, 0x9e, 0xf7, 0x9e, 0xf7, 0x9e, 0xf7, 0x9e, 0xf7, 0x9e, 0xf7,
    0x9e, 0xf7, 0x9e, 0xf7, 0x9e, 0xf7, 0x9e, 0xf7, 0x9e, 0xf7, 0x9e, 0xf7,
    0x9e, 0xf7, 0x9e, 0xf7, 0x9e, 0xf7, 0x9e, 0xf7, 0x9e, 0xf7, 0x9e, 0xf7,
    0x9e, 0xf7, 0x9e, 0xf7, 0x9e, 0xf7, 0x9e, 0xf7, 0x9e, 0xf7, 0x9e, 0xf7,
    0x9e, 0xf7, 0x9e, 0xf7, 0x9e, 0xf7, 0x9e, 0xf7, 0x9e, 0xf7, 0x9e, 0xf7,
    0x9e, 0xf7, 0x9e, 0xf7, 0x9e, 0xf7, 0x9e, 0xf7, 0x9e, 0xf7, 0x9e, 0xf7,
    0x9e, 0xf7, 0x9e, 0xf7, 0x9e, 0xf7, 0x9e, 0xf7, 0x9e, 0xf7, 0x9e, 0xf7,
    0x9e, 0xf7, 0x9e, 0xf7, 0x9e, 0xf7, 0x9e, 0xf7, 0x9e, 0xf7, 0x9e, 0xf7,
    0x9e, 0xf7, 0x9e, 0xf7, 0x9e, 0xf7, 0x9e, 0xf7, 0x9e, 0xf7, 0x9e, 0xf7,
    0x9e, 0xf7, 0x9e, 0xf7, 0x9e, 0xf7, 0x9e, 0xf7, 0x9e, 0xf7, 0x9e, 0xf7,
    0x9e, 0xf7, 0x9e, 0xf7, 0x9e, 0xf7, 0x9e, 0xf7, 0x9e, 0xf7, 0x9e, 0xf7,
    0x9e, 0xf7, 0x9e, 0xf7, 0x9e, 0xf7, 0x9e, 0xf7, 0x9e, 0xf7, 0x9e, 0xf7,
    0x9e, 0xf7, 0x9e, 0xf7, 0x9e, 0xf7, 0x9e, 0xf7, 0x9e, 0xf7, 0x9e, 0xf7,
    0x9e, 0xf7, 0x9e, 0xf7, 0x9e, 0xf7, 0x9e, 0xf7, 0x9e, 0xf7, 0x9e, 0xf7,
    0x9e, 0xf7, 0x9e, 0xf7, 0x9e, 0xf7, 0x9e, 0xf7, 0x9e, 0xf7, 0x9e, 0xf7,
    0x9e, 0xf7, 0x9e, 0xf7, 0x9e, 0xf7, 0x9e, 0xf7, 0x9e, 0xf7, 0x9e, 0xf7,
    0x9e, 0xf7, 0x9e, 0xf7, 0x9e, 0xf7, 0x9e, 0xf7, 0x9e, 0xf7, 0x9e, 0xf7,
    0x9e, 0xf7, 0x9e, 0xf7, 0x9e, 0xf7, 0x9e, 0xf7, 0x9e, 0xf7, 0x9e, 0xf7,
    0x9e, 0xf7, 0x9e, 0xf7, 0x9e, 0xf7, 0x9e, 0xf7, 0x9e, 0xf7, 0x9e, 0xf7,
    0x9e, 0xf7, 0x7c, 0xef, 0xb1, 0xe6, 0x0d, 0xd6, 0x3a, 0xef, 0x9e, 0xf7,
    0x9e, 0xf7, 0x9e, 0xf7, 0x9e, 0xf7, 0x9e, 0xf7, 0x9e, 0xf7, 0x9e, 0xf7,
    0x9e, 0xf7, 0x9e, 0xf7, 0x9e, 0xf7, 0x9e, 0xf7, 0x9e, 0xf7, 0x9e, 0xf7,
    0x9e, 0xf7, 0x9e, 0xf7, 0x9e, 0xf7, 0x9e, 0xf7, 0x9e, 0xf7, 0x9e, 0xf7,
    0x9e, 0xf7, 0x9e, 0xf7, 0x9e, 0xf7, 0x9e, 0xf7, 0x9e, 0xf7, 0x9e, 0xf7,
    0x9e, 0xf7, 0x9e, 0xf7, 0x9e, 0xf7, 0x9e, 0xf7, 0x9e, 0xf7, 0x9e, 0xf7,
    0x9e, 0xf7, 0x9e, 0xf7, 0x9e, 0xf7, 0x9e, 0xf7, 0x9e, 0xf7, 0x9e, 0xf7,
    0x9e, 0xf7, 0x9e, 0xf7, 0x9e, 0xf7, 0x9e, 0xf7, 0x9e, 0xf7, 0x9e, 0xf7,
    0x9e, 0xf7, 0x9e, 0xf7, 0x9e, 0xf7, 0x9e, 0xf7, 0x9e, 0xf7, 0x9e, 0xf7,
    0x9e, 0xf7, 0x9e, 0xf7, 0x9e, 0xf7, 0x9e, 0xf7, 0x9e, 0xf7, 0x9e, 0xf7,
    0x9e, 0xf7, 0x9e, 0xf7, 0x9e, 0xf7, 0x9e, 0xf7, 0x9e, 0xf7, 0x9e, 0xf7,
    0x9e, 0xf7, 0x9e, 0xf7, 0x9e, 0xf7, 0x9e, 0xf7, 0x9e, 0xf7, 0x9e, 0xf7,
    0x9e, 0xf7, 0x9e, 0xf7, 0x9e, 0xf7, 0x9e, 0xf7, 0x9e, 0xf7, 0x9e, 0xf7,
    0x9e, 0xf7, 0x9e, 0xf7, 0x9e, 0xf7, 0x9e, 0xf7, 0x9e, 0xf7, 0x9e, 0xf7,
    0x9e, 0xf7, 0x9e, 0xf7, 0x9e, 0xf7, 0x9e, 0xf7, 0x9e, 0xf7, 0x9e, 0xf7,
    0x9e, 0xf7, 0x9e, 0xf7, 0x9e, 0xf7, 0x9e, 0xf7, 0x9e, 0xf7, 0x9e, 0xf7,
    0x9e, 0xf7, 0x9e, 0xf7, 0x9e, 0xf7, 0x9e, 0xf7, 0x9e, 0xf7, 0x9e, 0xf7,
    0x9e, 0xf7, 0x9e, 0xf7, 0x9e, 0xf7, 0x9e, 0xf7, 0x9e, 0xf7, 0x9e, 0xf7,
    0x9e, 0xf7, 0x9e, 0xf7, 0x9e, 0xf7, 0x9e, 0xf7, 0x9e, 0xf7, 0x9e, 0xf7,
    0x9e, 0xf7, 0x9e, 0xf7, 0x9e, 0xf7, 0x9e, 0xf7, 0x9e, 0xf7, 0x9e, 0xf7,
    0x9e, 0xf7, 0x9e, 0xf7, 0x9e, 0xf7, 0x9e, 0xf7, 0x9e, 0xf7, 0x9e, 0xf7,
    0x9e, 0xf7, 0x9e, 0xf7, 0x9e, 0xf7, 0x9e, 0xf7, 0x9e, 0xf7, 0x9e, 0xf7,
    0x9e, 0xf7, 0x9e, 0xf7, 0x9e, 0xf7, 0x9e, 0xf7, 0x9e, 0xf7, 0x9e, 0xf7,
    0x9e, 0xf7, 0x9e, 0xf7, 0x9e, 0xf7, 0x9e, 0xf7, 0x9e, 0xf7, 0x9e, 0xf7,
    0x9e, 0xf7, 0x9e, 0xf7, 0x9e, 0xf7, 0x9e, 0xf7, 0x9e, 0xf7, 0x9e, 0xf7,
    0x9e, 0xf7, 0x9e, 0xf7, 0x9e, 0xf7, 0x9e, 0xf7, 0x9e, 0xf7, 0x9e, 0xf7,
    0x9e, 0xf7, 0x9e, 0xf7, 0x9e, 0xf7, 0x9e, 0xf7, 0x9e, 0xf7, 0x9e, 0xf7,
    0x9e, 0xf7, 0x9e, 0xf7, 0x9e, 0xf7, 0x9e, 0xf7, 0x9e, 0xf7, 0x9e, 0xf7,
    0x9e, 0xf7, 0x9e, 0xf7, 0x9e, 0xf7, 0x9e, 0xf7, 0x9e, 0xf7, 0x9e, 0xf7,
    0x9e, 0xf7, 0x9e, 0xf7, 0x9e, 0xf7, 0x9e, 0xf7, 0x9e, 0xf7, 0x9e, 0xf7,
    0x9e, 0xf7, 0x9e, 0xf7, 0x9e, 0xf7, 0x9e, 0xf7, 0x9e, 0xf7, 0x9e, 0xf7,
    0x9e, 0xf7, 0x9e, 0xf7, 0x9e, 0xf7, 0x9e, 0xf7, 0x9e, 0xf7, 0x9e, 0xf7,
    0x9e, 0xf7, 0x9e, 0xf7, 0x9e, 0xf7, 0x9e, 0xf7, 0x9e, 0xf7, 0x9e, 0xf7,
    0x9e, 0xf7, 0x9e, 0xf7, 0x9e, 0xf7, 0x9e, 0xf7, 0x9e, 0xf7, 0x9e, 0xf7,
    0x9e, 0xf7, 0x9e, 0xf7, 0x9e, 0xf7, 0x9e, 0xf7, 0x9e, 0xf7, 0x9e, 0xf7,
    0x9e, 0xf7, 0x9e, 0xf7, 0x9e, 0xf7, 0x9e, 0xf7, 0x9e, 0xf7, 0x9e, 0xf7,
    0x9e, 0xf7, 0x9e, 0xf7, 0x9e, 0xf7, 0x9e, 0xf7, 0x9e, 0xf7, 0x9e, 0xf7,
    0x9e, 0xf7, 0x9e, 0xf7, 0x9e, 0xf7, 0x9e, 0xf7, 0x9e, 0xf7, 0x9e, 0xf7,
    0x9e, 0xf7, 0x9e, 0xf7, 0x9e, 0xf7, 0x9e, 0xf7, 0x9e, 0xf7, 0x9e, 0xf7,
    0x9e, 0xf7, 0x9e, 0xf7, 0x9e, 0xf7, 0x9e, 0xf7, 0x9e, 0xf7, 0x9e, 0xf7,
    0x9e, 0xf7, 0x9e, 0xf7, 0x9e, 0xf7, 0x9e, 0xf7, 0x9e, 0xf7, 0x9e, 0xf7,
    0x9e, 0xf7, 0x9e, 0xf7, 0x9e, 0xf7, 0x9e, 0xf7, 0x9e, 0xf7, 0x9e, 0xf7,
    0x9e, 0xf7, 0x9e, 0xf7, 0x9e, 0xf7, 0x9e, 0xf7, 0x9e, 0xf7, 0x9e, 0xf7,
    0x9e, 0xf7, 0x9e, 0xf7, 0x9e, 0xf7, 0x9e, 0xf7, 0x9e, 0xf7, 0x9e, 0xf7,
    0x9e, 0xf7, 0x9e, 0xf7, 0x9e, 0xf7, 0x9e, 0xf7, 0x9e, 0xf7, 0x9e, 0xf7,
    0x9e, 0xf7, 0x9e, 0xf7, 0x9e, 0xf7, 0x9e, 0xf7, 0x9e, 0xf7, 0x9e, 0xf7,
    0x9e, 0xf7, 0x9e, 0xf7, 0x9e, 0xf7, 0x9e, 0xf7, 0x9e, 0xf7, 0x9e, 0xf7,
    0x9e, 0xf7, 0x9e, 0xf7, 0x9e, 0xf7, 0x9e, 0xf7, 0x9e, 0xf7, 0x9e, 0xf7,
    0x9e, 0xf7, 0x9e, 0xf7, 0x9e, 0xf7, 0x9e, 0xf7, 0x9e, 0xf7, 0x9e, 0xf7,
    0x9e, 0xf7, 0x9e, 0xf7, 0x9e, 0xf7, 0x9e, 0xf7, 0x9e, 0xf7, 0x9e, 0xf7,
    0x9e, 0xf7, 0x9e, 0xf7, 0x9e, 0xf7, 0x9e, 0xf7, 0x9e, 0xf7, 0x9e, 0xf7,
    0x9e, 0xf7, 0x9e, 0xf7, 0x9e, 0xf7, 0x9e, 0xf7, 0x9e, 0xf7, 0x9e, 0xf7,
    0x9e, 0xf7, 0x9e, 0xf7, 0x9e, 0xf7, 0x9e, 0xf7, 0x9e, 0xf7, 0x9e, 0xf7,
    0x9e, 0xf7, 0x9e, 0xf7, 0x9e, 0xf7, 0x9e, 0xf7, 0x9e, 0xf7, 0x9e, 0xf7,
    0x9e, 0xf7, 0x9e, 0xf7, 0x9e, 0xf7, 0x9e, 0xf7, 0x9e, 0xf7, 0x9e, 0xf7,
    0x9e, 0xf7, 0x9e, 0xf7, 0x9e, 0xf7, 0x9e, 0xf7, 0x9e, 0xf7, 0x9e, 0xf7,
    0x9e, 0xf7, 0x9e, 0xf7, 0x9e, 0xf7, 0x9e, 0xf7, 0x9e, 0xf7, 0x9e, 0xf7,
    0x9e, 0xf7, 0x9e, 0xf7, 0x9e, 0xf7, 0x9e, 0xf7, 0x9e, 0xf7, 0x9e, 0xf7,
    0x9e, 0xf7, 0x9e, 0xf7, 0x9e, 0xf7, 0x9e, 0xf7, 0x9e, 0xf7, 0x9e, 0xf7,
    0x9e, 0xf7, 0x9e, 0xf7, 0x9e, 0xf7, 0x9e, 0xf7, 0x9e, 0xf7, 0x9e, 0xf7,
    0x9e, 0xf7, 0x9e, 0xf7, 0x9e, 0xf7, 0x9e, 0xf7, 0x9e, 0xf7, 0x9e, 0xf7,
    0x9e, 0xf7, 0x9e, 0xf7, 0x9e, 0xf7, 0x9e, 0xf7, 0x9e, 0xf7, 0x9e, 0xf7,
    0x9e, 0xf7, 0x9e, 0xf7, 0x9e, 0xf7, 0x9e, 0xf7, 0x9e, 0xf7, 0x9e, 0xf7,
    0x9e, 0xf7, 0x9e, 0xf7, 0x9e, 0xf7, 0x9e, 0xf7, 0x9e, 0xf7, 0x9e, 0xf7,
    0x9e, 0xf7, 0x9e, 0xf7, 0x9e, 0xf7, 0x9e, 0xf7, 0x9e, 0xf7, 0x9e, 0xf7,
    0x9e, 0xf7, 0x9e, 0xf7, 0x9e, 0xf7, 0x9e, 0xf7, 0x9e, 0xf7, 0x9e, 0xf7,
    0x9e, 0xf7, 0x9e, 0xf7, 0x9e, 0xf7, 0x9e, 0xf7, 0x9e, 0xf7, 0x9e, 0xf7,
    0x9e, 0xf7, 0x9e, 0xf7, 0x9e, 0xf7, 0x9e, 0xf7, 0x9e, 0xf7, 0x9e, 0xf7,
    0x9e, 0xf7, 0x9e, 0xf7, 0x9e, 0xf7, 0x9e, 0xf7, 0x9e, 0xf7, 0x9e, 0xf7,
    0x9e, 0xf7, 0x9e, 0xf7, 0x9e, 0xf7, 0x9e, 0xf7, 0x9e, 0xf7, 0x9e, 0xf7,
    0x9e, 0xf7, 0x9e, 0xf7, 0x9e, 0xf7, 0x9e, 0xf7, 0x9e, 0xf7, 0x9e, 0xf7,
    0x9e, 0xf7, 0x9e, 0xf7, 0x9e, 0xf7, 0x9e, 0xf7, 0x9e, 0xf7, 0x9e, 0xf7,
    0x9e, 0xf7, 0x9e, 0xf7, 0x9e, 0xf7, 0x9e, 0xf7, 0x9e, 0xf7, 0x9e, 0xf7,
    0x9e, 0xf7, 0x9e, 0xf7, 0x9e, 0xf7, 0x9e, 0xf7, 0x9e, 0xf7, 0x9e, 0xf7,
    0x9e, 0xf7, 0x9e, 0xf7, 0x9e, 0xf7, 0x9e, 0xf7, 0x9e, 0xf7, 0x9e, 0xf7,
    0x9e, 0xf7, 0x9e, 0xf7, 0x9e, 0xf7, 0x9e, 0xf7, 0x9e, 0xf7, 0x9e, 0xf7,
    0x9e, 0xf7, 0x9e, 0xf7, 0x9e, 0xf7, 0x9e, 0xf7, 0x9e, 0xf7, 0x9e, 0xf7,
    0x9e, 0xf7, 0x9e, 0xf7, 0x9e, 0xf7, 0x9e, 0xf7, 0x9e, 0xf7, 0x9e, 0xf7,
    0x9e, 0xf7, 0x9e, 0xf7, 0x9e, 0xf7, 0x9e, 0xf7, 0x9e, 0xf7, 0x9e, 0xf7,
    0x9e, 0xf7, 0x9e, 0xf7, 0x9e, 0xf7, 0x9e, 0xf7, 0x9e, 0xf7, 0x9e, 0xf7,
    0x9e, 0xf7, 0x9e, 0xf7, 0x9e, 0xf7, 0x9e, 0xf7, 0x9e, 0xf7, 0x9e, 0xf7,
    0x9e, 0xf7, 0x9e, 0xf7, 0x9e, 0xf7, 0x9e, 0xf7, 0x9e, 0xf7, 0x9e, 0xf7,
    0x9e, 0xf7, 0x9e, 0xf7, 0x9e, 0xf7, 0x9e, 0xf7, 0x9e, 0xf7, 0x9e, 0xf7,
    0x9e, 0xf7, 0x9e, 0xf7, 0x9e, 0xf7, 0x9e, 0xf7, 0x9e, 0xf7, 0x9e, 0xf7,
    0x9e, 0xf7, 0x9e, 0xf7, 0x9e, 0xf7, 0x9e, 0xf7, 0x9e, 0xf7, 0x9e, 0xf7,
    0x9e, 0xf7, 0x9e, 0xf7, 0x9e, 0xf7, 0x9e, 0xf7, 0x9e, 0xf7, 0x9e, 0xf7,
    0x9e, 0xf7, 0x9e, 0xf7, 0x9e, 0xf7, 0x9e, 0xf7, 0x9e, 0xf7, 0x9e, 0xf7,
    0x9e, 0xf7, 0x9e, 0xf7, 0x9e, 0xf7, 0x9e, 0xf7, 0x9e, 0xf7, 0x9e, 0xf7,
    0x9e, 0xf7, 0x9e, 0xf7, 0x9e, 0xf7, 0x9e, 0xf7, 0x9e, 0xf7, 0x9e, 0xf7,
    0x9e, 0xf7, 0x9e, 0xf7, 0x9e, 0xf7, 0x9e, 0xf7, 0x9e, 0xf7, 0x9e, 0xf7,
    0x9e, 0xf7, 0x9e, 0xf7, 0x9e, 0xf7, 0x9e, 0xf7, 0x9e, 0xf7, 0x9e, 0xf7,
    0x9e, 0xf7, 0x9e, 0xf7, 0x9e, 0xf7, 0x9e, 0xf7, 0x9e, 0xf7, 0x9e, 0xf7,
    0x9e, 0xf7, 0x9e, 0xf7, 0x9e, 0xf7, 0x9e, 0xf7, 0x9e, 0xf7, 0x9e, 0xf7,
    0x9e, 0xf7, 0x9e, 0xf7, 0x9e, 0xf7, 0x9e, 0xf7, 0x9e, 0xf7, 0x9e, 0xf7,
    0x9e, 0xf7, 0x9e, 0xf7, 0x9e, 0xf7, 0x9e, 0xf7, 0x9e, 0xf7, 0x9e, 0xf7,
    0x9e, 0xf7, 0x9e, 0xf7, 0x9e, 0xf7, 0x9e, 0xf7, 0x9e, 0xf7, 0x9e, 0xf7,
    0x9e, 0xf7, 0x9e, 0xf7, 0x9e, 0xf7, 0x9e, 0xf7, 0x9e, 0xf7, 0x9e, 0xf7,
    0x9e, 0xf7, 0x9e, 0xf7, 0x9e, 0xf7, 0x9e, 0xf7, 0x9e, 0xf7, 0x9e, 0xf7,
    0x9e, 0xf7, 0x9e, 0xf7, 0x9e, 0xf7, 0x9e, 0xf7, 0x9e, 0xf7, 0x9e, 0xf7,
    0x9e, 0xf7, 0x9e, 0xf7, 0x9e, 0xf7, 0x9e, 0xf7, 0x9e, 0xf7, 0x9e, 0xf7,
    0x9e, 0xf7, 0x9e, 0xf7, 0x9e, 0xf7, 0x9e, 0xf7, 0x9e, 0xf7, 0x9e, 0xf7,
    0x9e, 0xf7, 0x9e, 0xf7, 0x9e, 0xf7, 0x9e, 0xf7, 0x9e, 0xf7, 0x9e, 0xf7,
    0x9e, 0xf7, 0x9e, 0xf7, 0x9e, 0xf7, 0x9e, 0xf7, 0x9e, 0xf7, 0x9e, 0xf7,
    0x9e, 0xf7, 0x9e, 0xf7, 0x9e, 0xf7, 0x9e, 0xf7, 0x9e, 0xf7, 0x9e, 0xf7,
    0x9e, 0xf7, 0x9e, 0xf7, 0x9e, 0xf7, 0x9e, 0xf7, 0x9e, 0xf7, 0x9e, 0xf7,
    0x9e, 0xf7, 0x9e, 0xf7, 0x9e, 0xf7, 0x9e, 0xf7, 0x9e, 0xf7, 0x9e, 0xf7,
    0x9e, 0xf7, 0x9e, 0xf7, 0x9e, 0xf7, 0x9e, 0xf7, 0x9e, 0xf7, 0x9e, 0xf7,
    0x9e, 0xf7, 0x9e, 0xf7, 0x9e, 0xf7, 0x9e, 0xf7, 0x9e, 0xf7, 0x9e, 0xf7,
    0x9e, 0xf7, 0x9e, 0xf7, 0x9e, 0xf7, 0x9e, 0xf7, 0x9e, 0xf7, 0x9e, 0xf7,
    0x9e, 0xf7, 0x9e, 0xf7, 0x9e, 0xf7, 0x9e, 0xf7, 0x9e, 0xf7, 0x9e, 0xf7,
    0x9e, 0xf7, 0x9e, 0xf7, 0x9e, 0xf7, 0x9e, 0xf7, 0x9e, 0xf7, 0x9e, 0xf7,
    0x9e, 0xf7, 0x9e, 0xf7, 0x9e, 0xf7, 0x9e, 0xf7, 0x9e, 0xf7, 0x9e, 0xf7,
    0x9e, 0xf7, 0x9e, 0xf7, 0x9e, 0xf7, 0x9e, 0xf7, 0x9e, 0xf7, 0x9e, 0xf7,
    0x9e, 0xf7, 0x9e, 0xf7, 0x9e, 0xf7, 0x9e, 0xf7, 0x9e, 0xf7, 0x9e, 0xf7,
    0x9e, 0xf7, 0x9e, 0xf7, 0x9e, 0xf7, 0x9e, 0xf7, 0x9e, 0xf7, 0x9e, 0xf7,
    0x9e, 0xf7, 0x9e, 0xf7, 0x9e, 0xf7, 0x9e, 0xf7, 0x9e, 0xf7, 0x9e, 0xf7,
    0x9e, 0xf7, 0x9e, 0xf7, 0x9e, 0xf7, 0x9e, 0xf7, 0x9e, 0xf7, 0x9e, 0xf7,
    0x9e, 0xf7, 0x9e, 0xf7, 0x9e, 0xf7, 0x9e, 0xf7, 0x9e, 0xf7, 0x9e, 0xf7,
    0x9e, 0xf7, 0x9e, 0xf7, 0x9e, 0xf7, 0x9e, 0xf7, 0x9e, 0xf7, 0x9e, 0xf7,
    0x9e, 0xf7, 0x9e, 0xf7, 0x9e, 0xf7, 0x9e, 0xf7, 0x9e, 0xf7, 0x9e, 0xf7,
    0x9e, 0xf7, 0x9e, 0xf7, 0x9e, 0xf7, 0x9e, 0xf7, 0x9e, 0xf7, 0x9e, 0xf7,
    0x9e, 0xf7, 0x9e, 0xf7, 0x9e, 0xf7, 0x9e, 0xf7, 0x9e, 0xf7, 0x9e, 0xf7,
    0x9e, 0xf7, 0x9e, 0xf7, 0x9e, 0xf7, 0x9e, 0xf7, 0x9e, 0xf7, 0x9e, 0xf7,
    0x9e, 0xf7, 0x9e, 0xf7, 0x9e, 0xf7, 0x9e, 0xf7, 0x9e, 0xf7, 0x9e, 0xf7,
    0x9e, 0xf7, 0x9e, 0xf7, 0x9e, 0xf7, 0x9e, 0xf7, 0x9e, 0xf7, 0x9e, 0xf7,
    0x9e, 0xf7, 0x9e, 0xf7, 0x9e, 0xf7, 0x9e, 0xf7, 0x9e, 0xf7, 0x9e, 0xf7,
    0x9e, 0xf7, 0x9e, 0xf7, 0x9e, 0xf7, 0x9e, 0xf7, 0x9e, 0xf7, 0x9e, 0xf7,
    0x9e, 0xf7, 0x9e, 0xf7, 0x9e, 0xf7, 0x9e, 0xf7, 0x9e, 0xf7, 0x9e, 0xf7,
    0x9e, 0xf7, 0x9e, 0xf7, 0x9e, 0xf7, 0x9e, 0xf7, 0x9e, 0xf7, 0x9e, 0xf7,
    0x9e, 0xf7, 0x9e, 0xf7, 0x9e, 0xf7, 0x9e, 0xf7, 0x9e, 0xf7, 0x9e, 0xf7,
    0x9e, 0xf7, 0x9e, 0xf7, 0x9e, 0xf7, 0x9e, 0xf7, 0x9e, 0xf7, 0x9e, 0xf7,
    0x9e, 0xf7, 0x9e, 0xf7, 0x9e, 0xf7, 0x9e, 0xf7, 0x9e, 0xf7, 0x9e, 0xf7,
    0x9e, 0xf7, 0x9e, 0xf7, 0x9e, 0xf7, 0x9e, 0xf7, 0x9e, 0xf7, 0x9e, 0xf7,
    0x9e, 0xf7, 0x9e, 0xf7, 0x9e, 0xf7, 0x9e, 0xf7, 0x9e, 0xf7, 0x9e, 0xf7,
    0x9e, 0xf7, 0x9e, 0xf7, 0x9e, 0xf7, 0x9e, 0xf7, 0x9e, 0xf7, 0x9e, 0xf7,
    0x9e, 0xf7, 0x9e, 0xf7, 0x9e, 0xf7, 0x9e, 0xf7, 0x9e, 0xf7, 0x9e, 0xf7,
    0x9e, 0xf7, 0x9e, 0xf7, 0x9e, 0xf7, 0x9e, 0xf7, 0x9e, 0xf7, 0x9e, 0xf7,
    0x9e, 0xf7, 0x9e, 0xf7, 0x9e, 0xf7, 0x9e, 0xf7, 0x9e, 0xf7, 0x9e, 0xf7,
    0x9e, 0xf7, 0x9e, 0xf7, 0x9e, 0xf7, 0x9e, 0xf7, 0x9e, 0xf7, 0x9e, 0xf7,
    0x9e, 0xf7, 0x9e, 0xf7, 0x9e, 0xf7, 0x9e, 0xf7, 0x9e, 0xf7, 0x9e, 0xf7,
    0x9e, 0xf7, 0x9e, 0xf7, 0x9e, 0xf7, 0x9e, 0xf7, 0x9e, 0xf7, 0x9e, 0xf7,
    0x9e, 0xf7, 0x9e, 0xf7, 0x9e, 0xf7, 0x9e, 0xf7, 0x9e, 0xf7, 0x9e, 0xf7,
    0x9e, 0xf7, 0x9e, 0xf7, 0x9e, 0xf7, 0x9e, 0xf7, 0x9e, 0xf7, 0x9e, 0xf7,
    0x9e, 0xf7, 0x9e, 0xf7, 0x9e, 0xf7, 0x9e, 0xf7, 0x9e, 0xf7, 0x9e, 0xf7,
    0x9e, 0xf7, 0x9e, 0xf7, 0x9e, 0xf7, 0x9e, 0xf7, 0x9e, 0xf7, 0x9e, 0xf7,
    0x9e, 0xf7, 0x9e, 0xf7, 0x9e, 0xf7, 0x9e, 0xf7, 0x9e, 0xf7, 0x9e, 0xf7,
    0x9e, 0xf7, 0x9e, 0xf7, 0x9e, 0xf7, 0x9e, 0xf7, 0x9e, 0xf7, 0x9e, 0xf7,
    0x9e, 0xf7, 0x9e, 0xf7, 0x9e, 0xf7, 0x9e, 0xf7, 0x9e, 0xf7, 0x9e, 0xf7,
    0x9e, 0xf7, 0x9e, 0xf7, 0x9e, 0xf7, 0x9e, 0xf7, 0x9e, 0xf7, 0x9e, 0xf7,
    0x9e, 0xf7, 0x9e, 0xf7, 0x9e, 0xf7, 0x9e, 0xf7, 0x9e, 0xf7, 0x9e, 0xf7,
    0x9e, 0xf7, 0x9e, 0xf7, 0x9e, 0xf7, 0x9e, 0xf7, 0x9e, 0xf7, 0x9e, 0xf7,
    0x9e, 0xf7, 0x9e, 0xf7, 0x9e, 0xf7, 0x9e, 0xf7, 0x9e, 0xf7, 0x9e, 0xf7,
    0x9e, 0xf7, 0x9e, 0xf7, 0x9e, 0xf7, 0x9e, 0xf7, 0x9e, 0xf7, 0x9e, 0xf7,
    0x9e, 0xf7, 0x9e, 0xf7, 0x9e, 0xf7, 0x9e, 0xf7, 0x9e, 0xf7, 0x9e, 0xf7,
    0x9e, 0xf7, 0x9e, 0xf7, 0x9e, 0xf7, 0x9e, 0xf7, 0x9e, 0xf7, 0x9e, 0xf7,
    0x9e, 0xf7, 0x9e, 0xf7, 0x9e, 0xf7, 0x9e, 0xf7, 0x9e, 0xf7, 0x9e, 0xf7,
    0x9e, 0xf7, 0x9e, 0xf7, 0x9e, 0xf7, 0x9e, 0xf7, 0x9e, 0xf7, 0x9e, 0xf7,
    0x9e, 0xf7, 0x9e, 0xf7, 0x9e, 0xf7, 0x9e, 0xf7, 0x9e, 0xf7, 0x9e, 0xf7,
    0x9e, 0xf7, 0x9e, 0xf7, 0x9e, 0xf7, 0x9e, 0xf7, 0x9e, 0xf7, 0x9e, 0xf7,
    0x9e, 0xf7, 0x9e, 0xf7, 0x9e, 0xf7, 0x9e, 0xf7, 0x9e, 0xf7, 0x9e, 0xf7,
    0x9e, 0xf7, 0x9e, 0xf7, 0x9e, 0xf7, 0x9e, 0xf7, 0x9e, 0xf7, 0x9e, 0xf7,
    0x9e, 0xf7, 0x9e, 0xf7, 0x9e, 0xf7, 0x9e, 0xf7, 0x9e, 0xf7, 0x9e, 0xf7,
    0x9e, 0xf7, 0x9e, 0xf7, 0x9e, 0xf7, 0x9e, 0xf7, 0x9e, 0xf7, 0x9e, 0xf7,
    0x9e, 0xf7, 0x9e, 0xf7, 0x9e, 0xf7, 0x9e, 0xf7, 0x9e, 0xf7, 0x9e, 0xf7,
    0x9e, 0xf7, 0x9e, 0xf7, 0x9e, 0xf7, 0x9e, 0xf7, 0x9e, 0xf7, 0x9e, 0xf7,
    0x9e, 0xf7, 0x9e, 0xf7, 0x9e, 0xf7, 0x9e, 0xf7, 0x9e, 0xf7, 0x9e, 0xf7,
    0x9e, 0xf7, 0x9e, 0xf7, 0x9e, 0xf7, 0x9e, 0xf7, 0x9e, 0xf7, 0x9e, 0xf7,
    0x9e, 0xf7, 0x9e, 0xf7, 0x9e, 0xf7, 0x9e, 0xf7, 0x9e, 0xf7, 0x9e, 0xf7,
    0x9e, 0xf7, 0x9e, 0xf7, 0x9e, 0xf7, 0x9e, 0xf7, 0x9e, 0xf7, 0x9e, 0xf7,
    0x9e, 0xf7, 0x9e, 0xf7, 0x9e, 0xf7, 0x9e, 0xf7, 0x9e, 0xf7, 0x9e, 0xf7,
    0x9e, 0xf7, 0x9e, 0xf7, 0x9e, 0xf7, 0x9e, 0xf7, 0x9e, 0xf7, 0x9e, 0xf7,
    0x9e, 0xf7, 0x9e, 0xf7, 0x9e, 0xf7, 0x9e, 0xf7, 0x9e, 0xf7, 0x9e, 0xf7,
    0x9e, 0xf7, 0x9e, 0xf7, 0x9e, 0xf7, 0x9e, 0xf7, 0x9e, 0xf7, 0x9e, 0xf7,
    0x9e, 0xf7, 0x9e, 0xf7, 0x9e, 0xf7, 0x9e, 0xf7, 0x9e, 0xf7, 0x9e, 0xf7,
    0x9e, 0xf7, 0x9e, 0xf7, 0x9e, 0xf7, 0x9e, 0xf7, 0x9e, 0xf7, 0x9e, 0xf7,
    0x9e, 0xf7, 0x9e, 0xf7, 0x9e, 0xf7, 0x9e, 0xf7, 0x9e, 0xf7, 0x9e, 0xf7,
    0x9e, 0xf7, 0x9e, 0xf7, 0x9e, 0xf7, 0x9e, 0xf7, 0x9e, 0xf7, 0x9e, 0xf7,
    0x9e, 0xf7, 0x9e, 0xf7, 0x9e, 0xf7, 0x9e, 0xf7, 0x9e, 0xf7, 0x9e, 0xf7,
    0x9e, 0xf7, 0x9e, 0xf7, 0x9e, 0xf7, 0x9e, 0xf7, 0x9e, 0xf7, 0x9e, 0xf7,
    0x9e, 0xf7, 0x9e, 0xf7, 0x9e, 0xf7, 0x9e, 0xf7, 0x9e, 0xf7, 0x9e, 0xf7,
    0x9e, 0xf7, 0x9e, 0xf7, 0x9e, 0xf7, 0x9e, 0xf7, 0x9e, 0xf7, 0x9e, 0xf7,
    0x9e, 0xf7, 0x9e, 0xf7, 0x9e, 0xf7, 0x9e, 0xf7, 0x9e, 0xf7, 0x9e, 0xf7,
    0x9e, 0xf7, 0x9e, 0xf7, 0x9e, 0xf7, 0x9e, 0xf7, 0x9e, 0xf7, 0x9e, 0xf7,
    0x9e, 0xf7, 0x9e, 0xf7, 0x9e, 0xf7, 0x9e, 0xf7, 0x9e, 0xf7, 0x9e, 0xf7,
    0x9e, 0xf7, 0x9e, 0xf7, 0x9e, 0xf7, 0x9e, 0xf7, 0x9e, 0xf7, 0x9e, 0xf7,
    0x9e, 0xf7, 0x9e, 0xf7, 0x9e, 0xf7, 0x9e, 0xf7, 0x9e, 0xf7, 0x9e, 0xf7,
    0x9e, 0xf7, 0x9e, 0xf7, 0x9e, 0xf7, 0x9e, 0xf7, 0x9e, 0xf7, 0x9e, 0xf7,
    0x9e, 0xf7, 0x9e, 0xf7, 0x9e, 0xf7, 0x9e, 0xf7, 0x9e, 0xf7, 0x9e, 0xf7,
    0x9e, 0xf7, 0x9e, 0xf7, 0x9e, 0xf7, 0x9e, 0xf7, 0x9e, 0xf7, 0x9e, 0xf7,
    0x9e, 0xf7, 0x9e, 0xf7, 0x9e, 0xf7, 0x9e, 0xf7, 0x9e, 0xf7, 0x9e, 0xf7,
    0x9e, 0xf7, 0x9e, 0xf7, 0x9e, 0xf7, 0x9e, 0xf7, 0x9e, 0xf7, 0x9e, 0xf7,
    0x9e, 0xf7, 0x9e, 0xf7, 0x9e, 0xf7, 0x9e, 0xf7, 0x9e, 0xf7, 0x9e, 0xf7,
    0x9e, 0xf7, 0x9e, 0xf7, 0x9e, 0xf7, 0x9e, 0xf7, 0x9e, 0xf7, 0x9e, 0xf7,
    0x9e, 0xf7, 0x9e, 0xf7, 0x9e, 0xf7, 0x9e, 0xf7, 0x9e, 0xf7, 0x9e, 0xf7,
    0x9e, 0xf7, 0x9e, 0xf7, 0x9e, 0xf7, 0x9e, 0xf7, 0x9e, 0xf7, 0x9e, 0xf7,
    0x9e, 0xf7, 0x9e, 0xf7, 0x9e, 0xf7, 0x9e, 0xf7, 0x9e, 0xf7, 0x9e, 0xf7,
    0x9e, 0xf7, 0x9e, 0xf7, 0x9e, 0xf7, 0x9e, 0xf7, 0x9e, 0xf7, 0x9e, 0xf7,
    0x9e, 0xf7, 0x9e, 0xf7, 0x9e, 0xf7, 0x9e, 0xf7, 0x9e, 0xf7, 0x9e, 0xf7,
    0x9e, 0xf7, 0x9e, 0xf7, 0x9e, 0xf7, 0x9e, 0xf7, 0x9e, 0xf7, 0x9e, 0xf7,
    0x9e, 0xf7, 0x9e, 0xf7, 0x9e, 0xf7, 0x9e, 0xf7, 0x9e, 0xf7, 0x9e, 0xf7,
    0x9e, 0xf7, 0x9e, 0xf7, 0x9e, 0xf7, 0x9e, 0xf7, 0x9e, 0xf7, 0x9e, 0xf7,
    0x9e, 0xf7, 0x9e, 0xf7, 0x9e, 0xf7, 0x9e, 0xf7, 0x9e, 0xf7, 0x9e, 0xf7,
    0x9e, 0xf7, 0x9e, 0xf7, 0x9e, 0xf7, 0x9e, 0xf7, 0x9e, 0xf7, 0x9e, 0xf7,
    0x9e, 0xf7, 0x9e, 0xf7, 0x9e, 0xf7, 0x9e, 0xf7, 0x9e, 0xf7, 0x9e, 0xf7,
    0x9e, 0xf7, 0x9e, 0xf7, 0x9e, 0xf7, 0x9e, 0xf7, 0x9e, 0xf7, 0x9e, 0xf7,
    0x9e, 0xf7, 0x9e, 0xf7, 0x9e, 0xf7, 0x9e, 0xf7, 0x9e, 0xf7, 0x9e, 0xf7,
    0x9e, 0xf7, 0x9e, 0xf7, 0x9e, 0xf7, 0x9e, 0xf7, 0x9e, 0xf7, 0x9e, 0xf7,
    0x9e, 0xf7, 0x9e, 0xf7, 0x9e, 0xf7, 0x9e, 0xf7, 0x9e, 0xf7, 0x9e, 0xf7,
    0x9e, 0xf7, 0x9e, 0xf7, 0x9e, 0xf7, 0x9e, 0xf7, 0x9e, 0xf7, 0x9e, 0xf7,
    0x9e, 0xf7, 0x9e, 0xf7, 0x9e, 0xf7, 0x9e, 0xf7, 0x9e, 0xf7, 0x9e, 0xf7,
    0x9e, 0xf7, 0x9e, 0xf7, 0x9e, 0xf7, 0x9e, 0xf7, 0x9e, 0xf7, 0x9e, 0xf7,
    0x9e, 0xf7, 0x9e, 0xf7, 0x9e, 0xf7, 0x9e, 0xf7, 0x9e, 0xf7, 0x9e, 0xf7,
    0x9e, 0xf7, 0x9e, 0xf7, 0x9e, 0xf7, 0x9e, 0xf7, 0x9e, 0xf7, 0x9e, 0xf7,
    0x9e, 0xf7, 0x9e, 0xf7, 0x9e, 0xf7, 0x9e, 0xf7, 0x9e, 0xf7, 0x9e, 0xf7,
    0x9e, 0xf7, 0x9e, 0xf7, 0x9e, 0xf7, 0x9e, 0xf7, 0x9e, 0xf7, 0x9e, 0xf7,
    0x9e, 0xf7, 0x9e, 0xf7, 0x9e, 0xf7, 0x9e, 0xf7, 0x9e, 0xf7, 0x9e, 0xf7,
    0x9e, 0xf7, 0x9e, 0xf7, 0x9e, 0xf7, 0x9e, 0xf7, 0x9e, 0xf7, 0x9e, 0xf7,
    0x9e, 0xf7, 0x9e, 0xf7, 0x9e, 0xf7, 0x9e, 0xf7, 0x9e, 0xf7, 0x9e, 0xf7,
    0x9e, 0xf7, 0x9e, 0xf7, 0x9e, 0xf7, 0x9e, 0xf7, 0x9e, 0xf7, 0x9e, 0xf7,
    0x9e, 0xf7, 0x9e, 0xf7, 0x9e, 0xf7, 0x9e, 0xf7, 0x9e, 0xf7, 0x9e, 0xf7,
    0x9e, 0xf7, 0x9e, 0xf7, 0x9e, 0xf7, 0x9e, 0xf7, 0x9e, 0xf7, 0x9e, 0xf7,
    0x9e, 0xf7, 0x9e, 0xf7, 0x9e, 0xf7, 0x9e, 0xf7, 0x9e, 0xf7, 0x9e, 0xf7,
    0x9e, 0xf7, 0x9e, 0xf7, 0x9e, 0xf7, 0x9e, 0xf7, 0x9e, 0xf7, 0x9e, 0xf7,
    0x9e, 0xf7, 0x9e, 0xf7, 0x9e, 0xf7, 0x9e, 0xf7, 0x9e, 0xf7, 0x9e, 0xf7,
    0x9e, 0xf7, 0x9e, 0xf7, 0x9e, 0xf7, 0x9e, 0xf7, 0x9e, 0xf7, 0x9e, 0xf7,
    0x9e, 0xf7, 0x9e, 0xf7, 0x9e, 0xf7, 0x9e, 0xf7, 0x9e, 0xf7, 0x9e, 0xf7,
    0x9e, 0xf7, 0x9e, 0xf7, 0x9e, 0xf7, 0x9e, 0xf7, 0x9e, 0xf7, 0x9e, 0xf7,
    0x9e, 0xf7, 0x9e, 0xf7, 0x9e, 0xf7, 0x9e, 0xf7, 0x9e, 0xf7, 0x9e, 0xf7,
    0x9e, 0xf7, 0x9e, 0xf7, 0x9e, 0xf7, 0x9e, 0xf7, 0x9e, 0xf7, 0x9e, 0xf7,
    0x9e, 0xf7, 0x9e, 0xf7, 0x9e, 0xf7, 0x9e, 0xf7, 0x9e, 0xf7, 0x9e, 0xf7,
    0x9e, 0xf7, 0x9e, 0xf7, 0x9e, 0xf7, 0x9e, 0xf7, 0x9e, 0xf7, 0x9e, 0xf7,
    0x9e, 0xf7, 0x9e, 0xf7, 0x9e, 0xf7, 0x9e, 0xf7, 0x9e, 0xf7, 0x9e, 0xf7,
    0x9e, 0xf7, 0x9e, 0xf7, 0x9e, 0xf7, 0x9e, 0xf7, 0x9e, 0xf7, 0x9e, 0xf7,
    0x9e, 0xf7, 0x9e, 0xf7, 0x9e, 0xf7, 0x9e, 0xf7, 0x9e, 0xf7, 0x9e, 0xf7,
    0x9e, 0xf7, 0x9e, 0xf7, 0x9e, 0xf7, 0x9e, 0xf7, 0x9e, 0xf7, 0x9e, 0xf7,
    0x9e, 0xf7, 0x9e, 0xf7, 0x9e, 0xf7, 0x9e, 0xf7, 0x9e, 0xf7, 0x9e, 0xf7,
    0x9e, 0xf7, 0x9e, 0xf7, 0x9e, 0xf7, 0x9e, 0xf7, 0x9e, 0xf7, 0x9e, 0xf7,
    0x9e, 0xf7, 0x9e, 0xf7, 0x9e, 0xf7, 0x9e, 0xf7, 0x9e, 0xf7, 0x9e, 0xf7,
    0x9e, 0xf7, 0x9e, 0xf7, 0x9e, 0xf7, 0x9e, 0xf7, 0x9e, 0xf7, 0x9e, 0xf7,
    0x9e, 0xf7, 0x9e, 0xf7, 0x9e, 0xf7, 0x9e, 0xf7, 0x9e, 0xf7, 0x9e, 0xf7,
    0x9e, 0xf7, 0x9e, 0xf7, 0x9e, 0xf7, 0x9e, 0xf7, 0x9e, 0xf7, 0x9e, 0xf7,
    0x9e, 0xf7, 0x9e, 0xf7, 0x9e, 0xf7, 0x9e, 0xf7, 0x9e, 0xf7, 0x9e, 0xf7,
    0x9e, 0xf7, 0x9e, 0xf7, 0x9e, 0xf7, 0x9e, 0xf7, 0x9e, 0xf7, 0x9e, 0xf7,
    0x9e, 0xf7, 0x9e, 0xf7, 0x9e, 0xf7, 0x9e, 0xf7, 0x9e, 0xf7, 0x9e, 0xf7,
    0x9e, 0xf7, 0x9e, 0xf7, 0x9e, 0xf7, 0x9e, 0xf7, 0x9e, 0xf7, 0x9e, 0xf7,
    0x9e, 0xf7, 0x9e, 0xf7, 0x9e, 0xf7, 0x9e, 0xf7, 0x9e, 0xf7, 0x9e, 0xf7,
    0x9e, 0xf7, 0x9e, 0xf7, 0x9e, 0xf7, 0x9e, 0xf7, 0x9e, 0xf7, 0x9e, 0xf7,
    0x9e, 0xf7, 0x9e, 0xf7, 0x9e, 0xf7, 0x9e, 0xf7, 0x9e, 0xf7, 0x9e, 0xf7,
    0x9e, 0xf7, 0x9e, 0xf7, 0x9e, 0xf7, 0x9e, 0xf7, 0x9e, 0xf7, 0x9e, 0xf7,
    0x9e, 0xf7, 0x9e, 0xf7, 0x9e, 0xf7, 0x9e, 0xf7, 0x9e, 0xf7, 0x9e, 0xf7,
    0x9e, 0xf7, 0x9e, 0xf7, 0x9e, 0xf7, 0x9e, 0xf7, 0x9e, 0xf7, 0x9e, 0xf7,
    0x9e, 0xf7, 0x9e, 0xf7, 0x9e, 0xf7, 0x9e, 0xf7, 0x9e, 0xf7, 0x9e, 0xf7,
    0x9e, 0xf7, 0x9e, 0xf7, 0x9e, 0xf7, 0x9e, 0xf7, 0x9e, 0xf7, 0x9e, 0xf7,
    0x9e, 0xf7, 0x9e, 0xf7, 0x9e, 0xf7, 0x9e, 0xf7, 0x9e, 0xf7, 0x9e, 0xf7,
    0x9e, 0xf7, 0x9e, 0xf7, 0x9e, 0xf7, 0x9e, 0xf7, 0x9e, 0xf7, 0x9e, 0xf7,
    0x9e, 0xf7, 0x9e, 0xf7, 0x9e, 0xf7, 0x9e, 0xf7, 0x9e, 0xf7, 0x9e, 0xf7,
    0x9e, 0xf7, 0x9e, 0xf7, 0x9e, 0xf7, 0x9e, 0xf7, 0x9e, 0xf7, 0x9e, 0xf7,
    0x9e, 0xf7, 0x9e, 0xf7, 0x9e, 0xf7, 0x9e, 0xf7, 0x9e, 0xf7, 0x9e, 0xf7,
    0x9e, 0xf7, 0x9e, 0xf7, 0x9e, 0xf7, 0x9e, 0xf7, 0x9e, 0xf7, 0x9e, 0xf7,
    0x9e, 0xf7, 0x9e, 0xf7, 0x9e, 0xf7, 0x9e, 0xf7, 0x9e, 0xf7, 0x9e, 0xf7,
    0x9e, 0xf7, 0x9e, 0xf7, 0x9e, 0xf7, 0x9e, 0xf7, 0x9e, 0xf7, 0x9e, 0xf7,
    0x9e, 0xf7, 0x9e, 0xf7, 0x9e, 0xf7, 0x9e, 0xf7, 0x9e, 0xf7, 0x9e, 0xf7,
    0x9e, 0xf7, 0x9e, 0xf7, 0x9e, 0xf7, 0x9e, 0xf7, 0x9e, 0xf7, 0x9e, 0xf7,
    0x9e, 0xf7, 0x9e, 0xf7, 0x9e, 0xf7, 0x9e, 0xf7, 0x9e, 0xf7, 0x9e, 0xf7,
    0x9e, 0xf7, 0x9e, 0xf7, 0x9e, 0xf7, 0x9e, 0xf7, 0x9e, 0xf7, 0x9e, 0xf7,
    0x9e, 0xf7, 0x9e, 0xf7, 0x9e, 0xf7, 0x9e, 0xf7, 0x9e, 0xf7, 0x9e, 0xf7,
    0x9e, 0xf7, 0x9e, 0xf7, 0x9e, 0xf7, 0x9e, 0xf7, 0x9e, 0xf7, 0x9e, 0xf7,
    0x9e, 0xf7, 0x9e, 0xf7, 0x9e, 0xf7, 0x9e, 0xf7, 0x9e, 0xf7, 0x9e, 0xf7,
    0x9e, 0xf7, 0x9e, 0xf7, 0x9e, 0xf7, 0x9e, 0xf7, 0x9e, 0xf7, 0x9e, 0xf7,
    0x9e, 0xf7, 0x9e, 0xf7, 0x9e, 0xf7, 0x9e, 0xf7, 0x9e, 0xf7, 0x9e, 0xf7,
    0x9e, 0xf7, 0x9e, 0xf7, 0x9e, 0xf7, 0x9e, 0xf7, 0x9e, 0xf7, 0x9e, 0xf7,
    0x9e, 0xf7, 0x9e, 0xf7, 0x9e, 0xf7, 0x9e, 0xf7, 0x9e, 0xf7, 0x9e, 0xf7,
    0x9e, 0xf7, 0x9e, 0xf7, 0x9e, 0xf7, 0x9e, 0xf7, 0x9e, 0xf7, 0x9e, 0xf7,
    0x9e, 0xf7, 0x9e, 0xf7, 0x9e, 0xf7, 0x9e, 0xf7, 0x9e, 0xf7, 0x9e, 0xf7,
    0x9e, 0xf7, 0x9e, 0xf7, 0x9e, 0xf7, 0x9e, 0xf7, 0x9e, 0xf7, 0x9e, 0xf7,
    0x9e, 0xf7, 0x9e, 0xf7, 0x9e, 0xf7, 0x9e, 0xf7, 0x9e, 0xf7, 0x9e, 0xf7,
    0x9e, 0xf7, 0x9e, 0xf7, 0x9e, 0xf7, 0x9e, 0xf7, 0x9e, 0xf7, 0x9e, 0xf7,
    0x9e, 0xf7, 0x9e, 0xf7, 0x9e, 0xf7, 0x9e, 0xf7, 0x9e, 0xf7, 0x9e, 0xf7,
    0x9e, 0xf7, 0x9e, 0xf7, 0x9e, 0xf7, 0x9e, 0xf7, 0x9e, 0xf7, 0x9e, 0xf7,
    0x9e, 0xf7, 0x9e, 0xf7, 0x9e, 0xf7, 0x9e, 0xf7, 0x9e, 0xf7, 0x9e, 0xf7,
    0x9e, 0xf7, 0x9e, 0xf7, 0x9e, 0xf7, 0x9e, 0xf7, 0x9e, 0xf7, 0x9e, 0xf7,
    0x9e, 0xf7, 0x9e, 0xf7, 0x9e, 0xf7, 0x9e, 0xf7, 0x9e, 0xf7, 0x9e, 0xf7,
    0x9e, 0xf7, 0x9e, 0xf7, 0x9e, 0xf7, 0x9e, 0xf7, 0x9e, 0xf7, 0x9e, 0xf7,
    0x9e, 0xf7, 0x9e, 0xf7, 0x9e, 0xf7, 0x9e, 0xf7, 0x9e, 0xf7, 0x9e, 0xf7,
    0x9e, 0xf7, 0x9e, 0xf7, 0x9e, 0xf7, 0x9e, 0xf7, 0x9e, 0xf7, 0x9e, 0xf7,
    0x9e, 0xf7, 0x9e, 0xf7, 0x9e, 0xf7, 0x9e, 0xf7, 0x9e, 0xf7, 0x9e, 0xf7,
    0x9e, 0xf7, 0x9e, 0xf7, 0x9e, 0xf7, 0x9e, 0xf7, 0x9e, 0xf7, 0x9e, 0xf7,
    0x9e, 0xf7, 0x9e, 0xf7, 0x9e, 0xf7, 0x9e, 0xf7, 0x9e, 0xf7, 0x9e, 0xf7,
    0x9e, 0xf7, 0x9e, 0xf7, 0x9e, 0xf7, 0x9e, 0xf7, 0x9e, 0xf7, 0x9e, 0xf7,
    0x9e, 0xf7, 0x9e, 0xf7, 0x9e, 0xf7, 0x9e, 0xf7, 0x9e, 0xf7, 0x9e, 0xf7,
    0x9e, 0xf7, 0x9e, 0xf7, 0x9e, 0xf7, 0x9e, 0xf7, 0x9e, 0xf7, 0x9e, 0xf7,
    0x9e, 0xf7, 0x9e, 0xf7, 0x9e, 0xf7, 0x9e, 0xf7, 0x9e, 0xf7, 0x9e, 0xf7,
    0x9e, 0xf7, 0x9e, 0xf7, 0x9e, 0xf7, 0x9e, 0xf7, 0x9e, 0xf7, 0x9e, 0xf7,
    0x9e, 0xf7, 0x9e, 0xf7, 0x9e, 0xf7, 0x9e, 0xf7, 0x9e, 0xf7, 0x9e, 0xf7,
    0x9e, 0xf7, 0x9e, 0xf7, 0x9e, 0xf7, 0x9e, 0xf7, 0x9e, 0xf7, 0x9e, 0xf7,
    0x9e, 0xf7, 0x9e, 0xf7, 0x9e, 0xf7, 0x9e, 0xf7, 0x9e, 0xf7, 0x9e, 0xf7,
    0x9e, 0xf7, 0x9e, 0xf7, 0x9e, 0xf7, 0x9e, 0xf7, 0x9e, 0xf7, 0x9e, 0xf7,
    0x9e, 0xf7, 0x9e, 0xf7, 0x9e, 0xf7, 0x9e, 0xf7, 0x9e, 0xf7, 0x9e, 0xf7,
    0x9e, 0xf7, 0x9e, 0xf7, 0x9e, 0xf7, 0x9e, 0xf7, 0x9e, 0xf7, 0x9e, 0xf7,
    0x9e, 0xf7, 0x9e, 0xf7, 0x9e, 0xf7, 0x9e, 0xf7, 0x9e, 0xf7, 0x9e, 0xf7,
    0x9e, 0xf7, 0x9e, 0xf7, 0x9e, 0xf7, 0x9e, 0xf7, 0x9e, 0xf7, 0x9e, 0xf7,
    0x9e, 0xf7, 0x9e, 0xf7, 0x9e, 0xf7, 0x9e, 0xf7, 0x9e, 0xf7, 0x9e, 0xf7,
    0x9e, 0xf7, 0x9e, 0xf7, 0x9e, 0xf7, 0x9e, 0xf7, 0x9e, 0xf7, 0x9e, 0xf7,
    0x9e, 0xf7, 0x9e, 0xf7, 0x9e, 0xf7, 0x9e, 0xf7, 0x9e, 0xf7, 0x9e, 0xf7,
    0x9e, 0xf7, 0x9e, 0xf7, 0x9e, 0xf7, 0x9e, 0xf7, 0x9e, 0xf7, 0x9e, 0xf7,
    0x9e, 0xf7, 0x9e, 0xf7, 0x9e, 0xf7, 0x9e, 0xf7, 0x9e, 0xf7, 0x9e, 0xf7,
    0x9e, 0xf7, 0x9e, 0xf7, 0x9e, 0xf7, 0x9e, 0xf7, 0x9e, 0xf7, 0x9e, 0xf7,
    0x9e, 0xf7, 0x9e, 0xf7, 0x9e, 0xf7, 0x9e, 0xf7, 0x9e, 0xf7, 0x9e, 0xf7,
    0x9e, 0xf7, 0x9e, 0xf7, 0x9e, 0xf7, 0x9e, 0xf7, 0x9e, 0xf7, 0x9e, 0xf7,
    0x9e, 0xf7, 0x9e, 0xf7, 0x9e, 0xf7, 0x9e, 0xf7, 0x9e, 0xf7, 0x9e, 0xf7,
    0x9e, 0xf7, 0x9e, 0xf7, 0x9e, 0xf7, 0x9e, 0xf7, 0x9e, 0xf7, 0x9e, 0xf7,
    0x9e, 0xf7, 0x9e, 0xf7, 0x9e, 0xf7, 0x9e, 0xf7, 0x9e, 0xf7, 0x9e, 0xf7,
    0x9e, 0xf7, 0x9e, 0xf7, 0x9e, 0xf7, 0x9e, 0xf7, 0x9e, 0xf7, 0x9e, 0xf7,
    0x9e, 0xf7, 0x9e, 0xf7, 0x9e, 0xf7, 0x9e, 0xf7, 0x9e, 0xf7, 0x9e, 0xf7,
    0x9e, 0xf7, 0x9e, 0xf7, 0x9e, 0xf7, 0x9e, 0xf7, 0x9e, 0xf7, 0x9e, 0xf7,
    0x9e, 0xf7, 0x9e, 0xf7, 0x9e, 0xf7, 0x9e, 0xf7, 0x9e, 0xf7, 0x9e, 0xf7,
    0x9e, 0xf7, 0x9e, 0xf7, 0x9e, 0xf7, 0x9e, 0xf7, 0x9e, 0xf7, 0x9e, 0xf7,
    0x9e, 0xf7, 0x9e, 0xf7, 0x9e, 0xf7, 0x9e, 0xf7, 0x9e, 0xf7, 0x9e, 0xf7,
    0x9e, 0xf7, 0x9e, 0xf7, 0x9e, 0xf7, 0x9e, 0xf7, 0x9e, 0xf7, 0x9e, 0xf7,
    0x9e, 0xf7, 0x9e, 0xf7, 0x9e, 0xf7, 0x9e, 0xf7, 0x9e, 0xf7, 0x9e, 0xf7,
    0x9e, 0xf7, 0x9e, 0xf7, 0x9e, 0xf7, 0x9e, 0xf7, 0x9e, 0xf7, 0x9e, 0xf7,
    0x9e, 0xf7, 0x9e, 0xf7, 0x9e, 0xf7, 0x9e, 0xf7, 0x9e, 0xf7, 0x9e, 0xf7,
    0x9e, 0xf7, 0x9e, 0xf7, 0x9e, 0xf7, 0x9e, 0xf7, 0x9e, 0xf7, 0x9e, 0xf7,
    0x9e, 0xf7, 0x9e, 0xf7, 0x9e, 0xf7, 0x9e, 0xf7, 0x9e, 0xf7, 0x9e, 0xf7,
    0x9e, 0xf7, 0x9e, 0xf7, 0x9e, 0xf7, 0x9e, 0xf7, 0x9e, 0xf7, 0x9e, 0xf7,
    0x9e, 0xf7, 0x9e, 0xf7, 0x9e, 0xf7, 0x9e, 0xf7, 0x9e, 0xf7, 0x9e, 0xf7,
    0x9e, 0xf7, 0x9e, 0xf7, 0x9e, 0xf7, 0x9e, 0xf7, 0x9e, 0xf7, 0x9e, 0xf7,
    0x9e, 0xf7, 0x9e, 0xf7, 0x9e, 0xf7, 0x9e, 0xf7, 0x9e, 0xf7, 0x9e, 0xf7,
    0x9e, 0xf7, 0x9e, 0xf7, 0x9e, 0xf7, 0x9e, 0xf7, 0x9e, 0xf7, 0x9e, 0xf7,
    0x9e, 0xf7, 0x9e, 0xf7, 0x9e, 0xf7, 0x9e, 0xf7, 0x9e, 0xf7, 0x9e, 0xf7,
    0x9e, 0xf7, 0x9e, 0xf7, 0x9e, 0xf7, 0x9e, 0xf7, 0x9e, 0xf7, 0x9e, 0xf7,
    0x9e, 0xf7, 0x9e, 0xf7, 0x9e, 0xf7, 0x9e, 0xf7, 0x9e, 0xf7, 0x9e, 0xf7,
    0x9e, 0xf7, 0x9e, 0xf7, 0x9e, 0xf7, 0x9e, 0xf7, 0x9e, 0xf7, 0x9e, 0xf7,
    0x9e, 0xf7, 0x9e, 0xf7, 0x9e, 0xf7, 0x9e, 0xf7, 0x9e, 0xf7, 0x9e, 0xf7,
    0x9e, 0xf7, 0x9e, 0xf7, 0x9e, 0xf7, 0x9e, 0xf7, 0x9e, 0xf7, 0x9e, 0xf7,
    0x9e, 0xf7, 0x9e, 0xf7, 0x9e, 0xf7, 0x9e, 0xf7, 0x9e, 0xf7, 0x9e, 0xf7,
    0x9e, 0xf7, 0x9e, 0xf7, 0x9e, 0xf7, 0x9e, 0xf7, 0x9e, 0xf7, 0x9e, 0xf7,
    0x9e, 0xf7, 0x9e, 0xf7, 0x9e, 0xf7, 0x9e, 0xf7, 0x9e, 0xf7, 0x9e, 0xf7,
    0x9e, 0xf7, 0x9e, 0xf7, 0x9e, 0xf7, 0x9e, 0xf7, 0x9e, 0xf7, 0x9e, 0xf7,
    0x9e, 0xf7, 0x9e, 0xf7, 0x9e, 0xf7, 0x9e, 0xf7, 0x9e, 0xf7, 0x9e, 0xf7,
    0x9e, 0xf7, 0x9e, 0xf7, 0x9e, 0xf7, 0x9e, 0xf7, 0x9e, 0xf7, 0x9e, 0xf7,
    0x9e, 0xf7, 0x9e, 0xf7, 0x9e, 0xf7, 0x9e, 0xf7, 0x9e, 0xf7, 0x9e, 0xf7,
    0x9e, 0xf7, 0x9e, 0xf7, 0x9e, 0xf7, 0x9e, 0xf7, 0x9e, 0xf7, 0x9e, 0xf7,
    0x9e, 0xf7, 0x9e, 0xf7, 0x9e, 0xf7, 0x9e, 0xf7, 0x9e, 0xf7, 0x9e, 0xf7,
    0x9e, 0xf7, 0x9e, 0xf7, 0x9e, 0xf7, 0x9e, 0xf7, 0x9e, 0xf7, 0x9e, 0xf7,
    0x9e, 0xf7, 0x9e, 0xf7, 0x9e, 0xf7, 0x9e, 0xf7, 0x9e, 0xf7, 0x9e, 0xf7,
    0x9e, 0xf7, 0x9e, 0xf7, 0x9e, 0xf7, 0x9e, 0xf7, 0x9e, 0xf7, 0x9e, 0xf7,
    0x9e, 0xf7, 0x9e, 0xf7, 0x9e, 0xf7, 0x9e, 0xf7, 0x9e, 0xf7, 0x9e, 0xf7,
    0x9e, 0xf7, 0x9e, 0xf7, 0x9e, 0xf7, 0x9e, 0xf7, 0x9e, 0xf7, 0x9e, 0xf7,
    0x9e, 0xf7, 0x9e, 0xf7, 0x9e, 0xf7, 0x9e, 0xf7, 0x9e, 0xf7, 0x9e, 0xf7,
    0x9e, 0xf7, 0x9e, 0xf7, 0x9e, 0xf7, 0x9e, 0xf7, 0x9e, 0xf7, 0x9e, 0xf7,
    0x9e, 0xf7, 0x9e, 0xf7, 0x9e, 0xf7, 0x9e, 0xf7, 0x9e, 0xf7, 0x9e, 0xf7,
    0x9e, 0xf7, 0x9e, 0xf7, 0x9e, 0xf7, 0x9e, 0xf7, 0x9e, 0xf7, 0x9e, 0xf7,
    0x9e, 0xf7, 0x9e, 0xf7, 0x9e, 0xf7, 0x9e, 0xf7, 0x9e, 0xf7, 0x9e, 0xf7,
    0x9e, 0xf7, 0x9e, 0xf7, 0x9e, 0xf7, 0x9e, 0xf7, 0x9e, 0xf7, 0x9e, 0xf7,
    0x9e, 0xf7, 0x9e, 0xf7, 0x9e, 0xf7, 0x9e, 0xf7, 0x9e, 0xf7, 0x9e, 0xf7,
    0x9e, 0xf7, 0x9e, 0xf7, 0x9e, 0xf7, 0x9e, 0xf7, 0x9e, 0xf7, 0x9e, 0xf7,
    0x9e, 0xf7, 0x9e, 0xf7, 0x9e, 0xf7, 0x9e, 0xf7, 0x9e, 0xf7, 0x9e, 0xf7,
    0x9e, 0xf7, 0x9e, 0xf7, 0x9e, 0xf7, 0x9e, 0xf7, 0x9e, 0xf7, 0x9e, 0xf7,
    0x9e, 0xf7, 0x9e, 0xf7, 0x9e, 0xf7, 0x9e, 0xf7, 0x9e, 0xf7, 0x9e, 0xf7,
    0x9e, 0xf7, 0x9e, 0xf7, 0x9e, 0xf7, 0x9e, 0xf7, 0x9e, 0xf7, 0x9e, 0xf7,
    0x9e, 0xf7, 0x9e, 0xf7, 0x9e, 0xf7, 0x9e, 0xf7, 0x9e, 0xf7, 0x9e, 0xf7,
    0x9e, 0xf7, 0x9e, 0xf7, 0x9e, 0xf7, 0x9e, 0xf7, 0x9e, 0xf7, 0x9e, 0xf7,
    0x9e, 0xf7, 0x9e, 0xf7, 0x9e, 0xf7, 0x9e, 0xf7, 0x9e, 0xf7, 0x9e, 0xf7,
    0x9e, 0xf7, 0x9e, 0xf7, 0x9e, 0xf7, 0x9e, 0xf7, 0x9e, 0xf7, 0x9e, 0xf7,
    0x9e, 0xf7, 0x9e, 0xf7, 0x9e, 0xf7, 0x9e, 0xf7, 0x9e, 0xf7, 0x9e, 0xf7,
    0x9e, 0xf7, 0x9e, 0xf7, 0x9e, 0xf7, 0x9e, 0xf7, 0x9e, 0xf7, 0x9e, 0xf7,
    0x9e, 0xf7, 0x9e, 0xf7, 0x9e, 0xf7, 0x9e, 0xf7, 0x9e, 0xf7, 0x9e, 0xf7,
    0x9e, 0xf7, 0x9e, 0xf7, 0x9e, 0xf7, 0x9e, 0xf7, 0x9e, 0xf7, 0x9e, 0xf7,
    0x9e, 0xf7, 0x9e, 0xf7, 0x9e, 0xf7, 0x9e, 0xf7, 0x9e, 0xf7, 0x9e, 0xf7,
    0x9e, 0xf7, 0x9e, 0xf7, 0x9e, 0xf7, 0x9e, 0xf7, 0x9e, 0xf7, 0x9e, 0xf7,
    0x9e, 0xf7, 0x9e, 0xf7, 0x9e, 0xf7, 0x9e, 0xf7, 0x9e, 0xf7, 0x9e, 0xf7,
    0x9e, 0xf7, 0x9e, 0xf7, 0x9e, 0xf7, 0x9e, 0xf7, 0x9e, 0xf7, 0x9e, 0xf7,
    0x9e, 0xf7, 0x9e, 0xf7, 0x9e, 0xf7, 0x9e, 0xf7, 0x9e, 0xf7, 0x9e, 0xf7,
    0x9e, 0xf7, 0x9e, 0xf7, 0x9e, 0xf7, 0x9e, 0xf7, 0x9e, 0xf7, 0x9e, 0xf7,
    0x9e, 0xf7, 0x9e, 0xf7, 0x9e, 0xf7, 0x9e, 0xf7, 0x9e, 0xf7, 0x9e, 0xf7,
    0x9e, 0xf7, 0x9e, 0xf7, 0x9e, 0xf7, 0x9e, 0xf7, 0x9e, 0xf7, 0x9e, 0xf7,
    0x9e, 0xf7, 0x9e, 0xf7, 0x9e, 0xf7, 0x9e, 0xf7, 0x9e, 0xf7, 0x9e, 0xf7,
    0x9e, 0xf7, 0x9e, 0xf7, 0x9e, 0xf7, 0x9e, 0xf7, 0x9e, 0xf7, 0x9e, 0xf7,
    0x9e, 0xf7, 0x9e, 0xf7, 0x9e, 0xf7, 0x9e, 0xf7, 0x9e, 0xf7, 0x9e, 0xf7,
    0x9e, 0xf7, 0x9e, 0xf7, 0x9e, 0xf7, 0x9e, 0xf7, 0x9e, 0xf7, 0x9e, 0xf7,
    0x9e, 0xf7, 0x9e, 0xf7, 0x9e, 0xf7, 0x9e, 0xf7, 0x9e, 0xf7, 0x9e, 0xf7,
    0x9e, 0xf7, 0x9e, 0xf7, 0x9e, 0xf7, 0x9e, 0xf7, 0x9e, 0xf7, 0x9e, 0xf7,
    0x9e, 0xf7, 0x9e, 0xf7, 0x9e, 0xf7, 0x9e, 0xf7, 0x9e, 0xf7, 0x9e, 0xf7,
    0x9e, 0xf7, 0x9e, 0xf7, 0x9e, 0xf7, 0x9e, 0xf7, 0x9e, 0xf7, 0x9e, 0xf7,
    0x9e, 0xf7, 0x9e, 0xf7, 0x9e, 0xf7, 0x9e, 0xf7, 0x9e, 0xf7, 0x9e, 0xf7,
    0x9e, 0xf7, 0x9e, 0xf7, 0x9e, 0xf7, 0x9e, 0xf7, 0x9e, 0xf7, 0x9e, 0xf7,
    0x9e, 0xf7, 0x9e, 0xf7, 0x9e, 0xf7, 0x9e, 0xf7, 0x9e, 0xf7, 0x9e, 0xf7,
    0x9e, 0xf7, 0x9e, 0xf7, 0x9e, 0xf7, 0x9e, 0xf7, 0x9e, 0xf7, 0x9e, 0xf7,
    0x9e, 0xf7, 0x9e, 0xf7, 0x9e, 0xf7, 0x9e, 0xf7, 0x9e, 0xf7, 0x9e, 0xf7,
    0x9e, 0xf7, 0x9e, 0xf7, 0x9e, 0xf7, 0x9e, 0xf7, 0x9e, 0xf7, 0x9e, 0xf7,
    0x9e, 0xf7, 0x9e, 0xf7, 0x9e, 0xf7, 0x9e, 0xf7, 0x9e, 0xf7, 0x9e, 0xf7,
    0x9e, 0xf7, 0x9e, 0xf7, 0x9e, 0xf7, 0x9e, 0xf7, 0x9e, 0xf7, 0x9e, 0xf7,
    0x9e, 0xf7, 0x9e, 0xf7, 0x9e, 0xf7, 0x9e, 0xf7, 0x9e, 0xf7, 0x9e, 0xf7,
    0x9e, 0xf7, 0x9e, 0xf7, 0x9e, 0xf7, 0x9e, 0xf7, 0x9e, 0xf7, 0x9e, 0xf7,
    0x9e, 0xf7, 0x9e, 0xf7, 0x9e, 0xf7, 0x9e, 0xf7, 0x9e, 0xf7, 0x9e, 0xf7,
    0x9e, 0xf7, 0x9e, 0xf7, 0x9e, 0xf7, 0x9e, 0xf7, 0x9e, 0xf7, 0x9e, 0xf7,
    0x9e, 0xf7, 0x9e, 0xf7, 0x9e, 0xf7, 0x9e, 0xf7, 0x9e, 0xf7, 0x9e, 0xf7,
    0x9e, 0xf7, 0x9e, 0xf7, 0x9e, 0xf7, 0x9e, 0xf7, 0x9e, 0xf7, 0x9e, 0xf7,
    0x9e, 0xf7, 0x9e, 0xf7, 0x9e, 0xf7, 0x9e, 0xf7, 0x9e, 0xf7, 0x9e, 0xf7,
    0x9e, 0xf7, 0x9e, 0xf7, 0x9e, 0xf7, 0x9e, 0xf7, 0x9e, 0xf7, 0x9e, 0xf7,
    0x9e, 0xf7, 0x9e, 0xf7, 0x9e, 0xf7, 0x9e, 0xf7, 0x9e, 0xf7, 0x9e, 0xf7,
    0x9e, 0xf7, 0x9e, 0xf7, 0x9e, 0xf7, 0x9e, 0xf7, 0x9e, 0xf7, 0x9e, 0xf7,
    0x9e, 0xf7, 0x9e, 0xf7, 0x9e, 0xf7, 0x9e, 0xf7, 0x9e, 0xf7, 0x9e, 0xf7,
    0x9e, 0xf7, 0x9e, 0xf7, 0x9e, 0xf7, 0x9e, 0xf7, 0x9e, 0xf7, 0x9e, 0xf7,
    0x9e, 0xf7, 0x9e, 0xf7, 0x9e, 0xf7, 0x9e, 0xf7, 0x9e, 0xf7, 0x9e, 0xf7,
    0x9e, 0xf7, 0x9e, 0xf7, 0x9e, 0xf7, 0x9e, 0xf7, 0x9e, 0xf7, 0x9e, 0xf7,
    0x9e, 0xf7, 0x9e, 0xf7, 0x9e, 0xf7, 0x9e, 0xf7, 0x9e, 0xf7, 0x9e, 0xf7,
    0x9e, 0xf7, 0x9e, 0xf7, 0x9e, 0xf7, 0x9e, 0xf7, 0x9e, 0xf7, 0x9e, 0xf7,
    0x9e, 0xf7, 0x9e, 0xf7, 0x9e, 0xf7, 0x9e, 0xf7, 0x9e, 0xf7, 0x9e, 0xf7,
    0x9e, 0xf7, 0x9e, 0xf7, 0x9e, 0xf7, 0x9e, 0xf7, 0x9e, 0xf7, 0x9e, 0xf7,
    0x9e, 0xf7, 0x9e, 0xf7, 0x9e, 0xf7, 0x9e, 0xf7, 0x9e, 0xf7, 0x9e, 0xf7,
    0x9e, 0xf7, 0x9e, 0xf7, 0x9e, 0xf7, 0x9e, 0xf7, 0x9e, 0xf7, 0x9e, 0xf7,
    0x9e, 0xf7, 0x9e, 0xf7, 0x9e, 0xf7, 0x9e, 0xf7, 0x9e, 0xf7, 0x9e, 0xf7,
    0x9e, 0xf7, 0x9e, 0xf7, 0x9e, 0xf7, 0x9e, 0xf7, 0x9e, 0xf7, 0x9e, 0xf7,
    0x9e, 0xf7, 0x9e, 0xf7, 0x9e, 0xf7, 0x9e, 0xf7, 0x9e, 0xf7, 0x9e, 0xf7,
    0x9e, 0xf7, 0x9e, 0xf7, 0x9e, 0xf7, 0x9e, 0xf7, 0x9e, 0xf7, 0x9e, 0xf7,
    0x9e, 0xf7, 0x9e, 0xf7, 0x9e, 0xf7, 0x9e, 0xf7, 0x9e, 0xf7, 0x9e, 0xf7,
    0x9e, 0xf7, 0x9e, 0xf7, 0x9e, 0xf7, 0x9e, 0xf7, 0x9e, 0xf7, 0x9e, 0xf7,
    0x9e, 0xf7, 0x9e, 0xf7, 0x9e, 0xf7, 0x9e, 0xf7, 0x9e, 0xf7, 0x9e, 0xf7,
    0x9e, 0xf7, 0x9e, 0xf7, 0x9e, 0xf7, 0x9e, 0xf7, 0x9e, 0xf7, 0x9e, 0xf7,
    0x9e, 0xf7, 0x9e, 0xf7, 0x9e, 0xf7, 0x9e, 0xf7, 0x9e, 0xf7, 0x9e, 0xf7,
    0x9e, 0xf7, 0x9e, 0xf7, 0x9e, 0xf7, 0x9e, 0xf7, 0x9e, 0xf7, 0x9e, 0xf7,
    0x9e, 0xf7, 0x9e, 0xf7, 0x9e, 0xf7, 0x9e, 0xf7, 0x9e, 0xf7, 0x9e, 0xf7,
    0x9e, 0xf7, 0x9e, 0xf7, 0x9e, 0xf7, 0x9e, 0xf7, 0x9e, 0xf7, 0x9e, 0xf7,
    0x9e, 0xf7, 0x9e, 0xf7, 0x9e, 0xf7, 0x9e, 0xf7, 0x9e, 0xf7, 0x9e, 0xf7,
    0x9e, 0xf7, 0x9e, 0xf7, 0x9e, 0xf7, 0x9e, 0xf7, 0x9e, 0xf7, 0x9e, 0xf7,
    0x9e, 0xf7, 0x9e, 0xf7, 0x9e, 0xf7, 0x9e, 0xf7, 0x9e, 0xf7, 0x9e, 0xf7,
    0x9e, 0xf7, 0x9e, 0xf7, 0x9e, 0xf7, 0x9e, 0xf7, 0x9e, 0xf7, 0x9e, 0xf7,
    0x9e, 0xf7, 0x9e, 0xf7, 0x9e, 0xf7, 0x9e, 0xf7, 0x9e, 0xf7, 0x9e, 0xf7,
    0x9e, 0xf7, 0x9e, 0xf7, 0x9e, 0xf7, 0x9e, 0xf7, 0x9e, 0xf7, 0x9e, 0xf7,
    0x9e, 0xf7, 0x9e, 0xf7, 0x9e, 0xf7, 0x9e, 0xf7, 0x9e, 0xf7, 0x9e, 0xf7,
    0x9e, 0xf7, 0x9e, 0xf7, 0x9e, 0xf7, 0x9e, 0xf7, 0x9e, 0xf7, 0x9e, 0xf7,
    0x9e, 0xf7, 0x9e, 0xf7, 0x9e, 0xf7, 0x9e, 0xf7, 0x9e, 0xf7, 0x9e, 0xf7,
    0x9e, 0xf7, 0x9e, 0xf7, 0x9e, 0xf7, 0x9e, 0xf7, 0x9e, 0xf7, 0x9e, 0xf7,
    0x9e, 0xf7, 0x9e, 0xf7, 0x9e, 0xf7, 0x9e, 0xf7, 0x9e, 0xf7, 0x9e, 0xf7,
    0x9e, 0xf7, 0x9e, 0xf7, 0x9e, 0xf7, 0x9e, 0xf7, 0x9e, 0xf7, 0x9e, 0xf7,
    0x9e, 0xf7, 0x9e, 0xf7, 0x9e, 0xf7, 0x9e, 0xf7, 0x9e, 0xf7, 0x9e, 0xf7,
    0x9e, 0xf7, 0x9e, 0xf7, 0x9e, 0xf7, 0x9e, 0xf7, 0x9e, 0xf7, 0x9e, 0xf7,
    0x9e, 0xf7, 0x9e, 0xf7, 0x9e, 0xf7, 0x9e, 0xf7, 0x9e, 0xf7, 0x9e, 0xf7,
    0x9e, 0xf7, 0x9e, 0xf7, 0x9e, 0xf7, 0x9e, 0xf7, 0x9e, 0xf7, 0x9e, 0xf7,
    0x9e, 0xf7, 0x9e, 0xf7, 0x9e, 0xf7, 0x9e, 0xf7, 0x9e, 0xf7, 0x9e, 0xf7,
    0x9e, 0xf7, 0x9e, 0xf7, 0x9e, 0xf7, 0x9e, 0xf7, 0x9e, 0xf7, 0x9e, 0xf7,
    0x9e, 0xf7, 0x9e, 0xf7, 0x9e, 0xf7, 0x9e, 0xf7, 0x9e, 0xf7, 0x9e, 0xf7,
    0x9e, 0xf7, 0x9e, 0xf7, 0x9e, 0xf7, 0x9e, 0xf7, 0x9e, 0xf7, 0x9e, 0xf7,
    0x9e, 0xf7, 0x9e, 0xf7, 0x9e, 0xf7, 0x9e, 0xf7, 0x9e, 0xf7, 0x9e, 0xf7,
    0x9e, 0xf7, 0x9e, 0xf7, 0x9e, 0xf7, 0x9e, 0xf7, 0x9e, 0xf7, 0x9e, 0xf7,
    0x9e, 0xf7, 0x9e, 0xf7, 0x9e, 0xf7, 0x9e, 0xf7, 0x9e, 0xf7, 0x9e, 0xf7,
    0x9e, 0xf7, 0x9e, 0xf7, 0x9e, 0xf7, 0x9e, 0xf7, 0x9e, 0xf7, 0x9e, 0xf7,
    0x9e, 0xf7, 0x9e, 0xf7, 0x9e, 0xf7, 0x9e, 0xf7, 0x9e, 0xf7, 0x9e, 0xf7,
    0x9e, 0xf7, 0x9e, 0xf7, 0x9e, 0xf7, 0x9e, 0xf7, 0x9e, 0xf7, 0x9e, 0xf7,
    0x9e, 0xf7, 0x9e, 0xf7, 0x9e, 0xf7, 0x9e, 0xf7, 0x9e, 0xf7, 0x9e, 0xf7,
    0x9e, 0xf7, 0x9e, 0xf7, 0x9e, 0xf7, 0x9e, 0xf7, 0x9e, 0xf7, 0x9e, 0xf7,
    0x9e, 0xf7, 0x9e, 0xf7, 0x9e, 0xf7, 0x9e, 0xf7, 0x9e, 0xf7, 0x9e, 0xf7,
    0x9e, 0xf7, 0x9e, 0xf7, 0x9e, 0xf7, 0x9e, 0xf7, 0x9e, 0xf7, 0x9e, 0xf7,
    0x9e, 0xf7, 0x9e, 0xf7, 0x9e, 0xf7, 0x9e, 0xf7, 0x9e, 0xf7, 0x9e, 0xf7,
    0x9e, 0xf7, 0x9e, 0xf7, 0x9e, 0xf7, 0x9e, 0xf7, 0x9e, 0xf7, 0x9e, 0xf7,
    0x9e, 0xf7, 0x9e, 0xf7, 0x9e, 0xf7, 0x9e, 0xf7, 0x9e, 0xf7, 0x9e, 0xf7,
    0x9e, 0xf7, 0x9e, 0xf7, 0x9e, 0xf7, 0x9e, 0xf7, 0x9e, 0xf7, 0x9e, 0xf7,
    0x9e, 0xf7, 0x9e, 0xf7, 0x9e, 0xf7, 0x9e, 0xf7, 0x9e, 0xf7, 0x9e, 0xf7,
    0x9e, 0xf7, 0x9e, 0xf7, 0x9e, 0xf7, 0x9e, 0xf7, 0x9e, 0xf7, 0x9e, 0xf7,
    0x9e, 0xf7, 0x9e, 0xf7, 0x9e, 0xf7, 0x9e, 0xf7, 0x9e, 0xf7, 0x9e, 0xf7,
    0x9e, 0xf7, 0x9e, 0xf7, 0x9e, 0xf7, 0x9e, 0xf7, 0x9e, 0xf7, 0x9e, 0xf7,
    0x9e, 0xf7, 0x9e, 0xf7, 0x9e, 0xf7, 0x9e, 0xf7, 0x9e, 0xf7, 0x9e, 0xf7,
    0x9e, 0xf7, 0x9e, 0xf7, 0x9e, 0xf7, 0x9e, 0xf7, 0x9e, 0xf7, 0x9e, 0xf7,
    0x9e, 0xf7, 0x9e, 0xf7, 0x9e, 0xf7, 0x9e, 0xf7, 0x9e, 0xf7, 0x9e, 0xf7,
    0x9e, 0xf7, 0x9e, 0xf7, 0x9e, 0xf7, 0x9e, 0xf7, 0x9e, 0xf7, 0x9e, 0xf7,
    0x9e, 0xf7, 0x9e, 0xf7, 0x9e, 0xf7, 0x9e, 0xf7, 0x9e, 0xf7, 0x9e, 0xf7,
    0x9e, 0xf7, 0x9e, 0xf7, 0x9e, 0xf7, 0x9e, 0xf7, 0x9e, 0xf7, 0x9e, 0xf7,
    0x9e, 0xf7, 0x9e, 0xf7, 0x9e, 0xf7, 0x9e, 0xf7, 0x9e, 0xf7, 0x9e, 0xf7,
    0x9e, 0xf7, 0x9e, 0xf7, 0x9e, 0xf7, 0x9e, 0xf7, 0x9e, 0xf7, 0x9e, 0xf7,
    0x9e, 0xf7, 0x9e, 0xf7, 0x9e, 0xf7, 0x9e, 0xf7, 0x9e, 0xf7, 0x9e, 0xf7,
    0x9e, 0xf7, 0x9e, 0xf7, 0x9e, 0xf7, 0x9e, 0xf7, 0x9e, 0xf7, 0x9e, 0xf7,
    0x9e, 0xf7, 0x9e, 0xf7, 0x9e, 0xf7, 0x9e, 0xf7, 0x9e, 0xf7, 0x9e, 0xf7,
    0x9e, 0xf7, 0x9e, 0xf7, 0x9e, 0xf7, 0x9e, 0xf7, 0x9e, 0xf7, 0x9e, 0xf7,
    0x9e, 0xf7, 0x9e, 0xf7, 0x9e, 0xf7, 0x9e, 0xf7, 0x9e, 0xf7, 0x9e, 0xf7,
    0x9e, 0xf7, 0x9e, 0xf7, 0x9e, 0xf7, 0x9e, 0xf7, 0x9e, 0xf7, 0x9e, 0xf7,
    0x9e, 0xf7, 0x9e, 0xf7, 0x9e, 0xf7, 0x9e, 0xf7, 0x9e, 0xf7, 0x9e, 0xf7,
    0x9e, 0xf7, 0x9e, 0xf7, 0x9e, 0xf7, 0x9e, 0xf7, 0x9e, 0xf7, 0x9e, 0xf7,
    0x9e, 0xf7, 0x9e, 0xf7, 0x9e, 0xf7, 0x9e, 0xf7, 0x9e, 0xf7, 0x9e, 0xf7,
    0x9e, 0xf7, 0x9e, 0xf7, 0x9e, 0xf7, 0x9e, 0xf7, 0x9e, 0xf7, 0x9e, 0xf7,
    0x9e, 0xf7, 0x9e, 0xf7, 0x9e, 0xf7, 0x9e, 0xf7, 0x9e, 0xf7, 0x9e, 0xf7,
    0x9e, 0xf7, 0x9e, 0xf7, 0x9e, 0xf7, 0x9e, 0xf7, 0x9e, 0xf7, 0x9e, 0xf7,
    0x9e, 0xf7, 0x9e, 0xf7, 0x9e, 0xf7, 0x9e, 0xf7, 0x9e, 0xf7, 0x9e, 0xf7,
    0x9e, 0xf7, 0x9e, 0xf7, 0x9e, 0xf7, 0x9e, 0xf7, 0x9e, 0xf7, 0x9e, 0xf7,
    0x9e, 0xf7, 0x9e, 0xf7, 0x9e, 0xf7, 0x9e, 0xf7, 0x9e, 0xf7, 0x9e, 0xf7,
    0x9e, 0xf7, 0x9e, 0xf7, 0x9e, 0xf7, 0x9e, 0xf7, 0x9e, 0xf7, 0x9e, 0xf7,
    0x9e, 0xf7, 0x9e, 0xf7, 0x9e, 0xf7, 0x9e, 0xf7, 0x9e, 0xf7, 0x9e, 0xf7,
    0x9e, 0xf7, 0x9e, 0xf7, 0x9e, 0xf7, 0x9e, 0xf7, 0x9e, 0xf7, 0x9e, 0xf7,
    0x9e, 0xf7, 0x9e, 0xf7, 0x9e, 0xf7, 0x9e, 0xf7, 0x9e, 0xf7, 0x9e, 0xf7,
    0x9e, 0xf7, 0x9e, 0xf7, 0x9e, 0xf7, 0x9e, 0xf7, 0x9e, 0xf7, 0x9e, 0xf7,
    0x9e, 0xf7, 0x9e, 0xf7, 0x9e, 0xf7, 0x9e, 0xf7, 0x9e, 0xf7, 0x9e, 0xf7,
    0x9e, 0xf7, 0x9e, 0xf7, 0x9e, 0xf7, 0x9e, 0xf7, 0x9e, 0xf7, 0x9e, 0xf7,
    0x9e, 0xf7, 0x9e, 0xf7, 0x9e, 0xf7, 0x9e, 0xf7, 0x9e, 0xf7, 0x9e, 0xf7,
    0x9e, 0xf7, 0x9e, 0xf7, 0x9e, 0xf7, 0x9e, 0xf7, 0x9e, 0xf7, 0x9e, 0xf7,
    0x9e, 0xf7, 0x9e, 0xf7, 0x9e, 0xf7, 0x9e, 0xf7, 0x9e, 0xf7, 0x9e, 0xf7,
    0x9e, 0xf7, 0x9e, 0xf7, 0x9e, 0xf7, 0x9e, 0xf7, 0x9e, 0xf7, 0x9e, 0xf7,
    0x9e, 0xf7, 0x9e, 0xf7, 0x9e, 0xf7, 0x9e, 0xf7, 0x9e, 0xf7, 0x9e, 0xf7,
    0x9e, 0xf7, 0x9e, 0xf7, 0x9e, 0xf7, 0x9e, 0xf7, 0x9e, 0xf7, 0x9e, 0xf7,
    0x9e, 0xf7, 0x9e, 0xf7, 0x9e, 0xf7, 0x9e, 0xf7, 0x9e, 0xf7, 0x9e, 0xf7,
    0x9e, 0xf7, 0x9e, 0xf7, 0x9e, 0xf7, 0x9e, 0xf7, 0x9e, 0xf7, 0x9e, 0xf7,
    0x9e, 0xf7, 0x9e, 0xf7, 0x9e, 0xf7, 0x9e, 0xf7, 0x9e, 0xf7, 0x9e, 0xf7,
    0x9e, 0xf7, 0x9e, 0xf7, 0x9e, 0xf7, 0x9e, 0xf7, 0x9e, 0xf7, 0x9e, 0xf7,
    0x9e, 0xf7, 0x9e, 0xf7, 0x9e, 0xf7, 0x9e, 0xf7, 0x9e, 0xf7, 0x9e, 0xf7,
    0x9e, 0xf7, 0x9e, 0xf7, 0x9e, 0xf7, 0x9e, 0xf7, 0x9e, 0xf7, 0x9e, 0xf7,
    0x9e, 0xf7, 0x9e, 0xf7, 0x9e, 0xf7, 0x9e, 0xf7, 0x9e, 0xf7, 0x9e, 0xf7,
    0x9e, 0xf7, 0x9e, 0xf7, 0x9e, 0xf7, 0x9e, 0xf7, 0x9e, 0xf7, 0x9e, 0xf7,
    0x9e, 0xf7, 0x9e, 0xf7, 0x9e, 0xf7, 0x9e, 0xf7, 0x9e, 0xf7, 0x9e, 0xf7,
    0x9e, 0xf7, 0x9e, 0xf7, 0x9e, 0xf7, 0x9e, 0xf7, 0x9e, 0xf7, 0x9e, 0xf7,
    0x9e, 0xf7, 0x9e, 0xf7, 0x9e, 0xf7, 0x9e, 0xf7, 0x9e, 0xf7, 0x9e, 0xf7,
    0x9e, 0xf7, 0x9e, 0xf7, 0x9e, 0xf7, 0x9e, 0xf7, 0x9e, 0xf7, 0x9e, 0xf7,
    0x9e, 0xf7, 0x9e, 0xf7, 0x9e, 0xf7, 0x9e, 0xf7, 0x9e, 0xf7, 0x9e, 0xf7,
    0x9e, 0xf7, 0x9e, 0xf7, 0x9e, 0xf7, 0x9e, 0xf7, 0x9e, 0xf7, 0x9e, 0xf7
};

const lv_image_dsc_t img_probe_icon_3 = {
  .header = {
    .magic = LV_IMAGE_HEADER_MAGIC,
    .cf = LV_COLOR_FORMAT_RGB565,
    .flags = 0,
    .w = 150,
    .h = 150,
    .stride = 300,
    .reserved_2 = 0,
  },
  .data_size = sizeof(img_probe_icon_3_map),
  .data = img_probe_icon_3_map,
  .reserved = NULL,
};
