#if defined(LV_LVGL_H_INCLUDE_SIMPLE)
#include "lvgl.h"
#elif defined(LV_LVGL_H_INCLUDE_SYSTEM)
#include <lvgl.h>
#elif defined(LV_BUILD_TEST)
#include "../lvgl.h"
#else
#include "lvgl/lvgl.h"
#endif

#ifndef LV_ATTRIBUTE_MEM_ALIGN
#define LV_ATTRIBUTE_MEM_ALIGN
#endif

#ifndef LV_ATTRIBUTE_IMG_IMG_PROBE_OUT_1
#define LV_ATTRIBUTE_IMG_IMG_PROBE_OUT_1
#endif

static const LV_ATTRIBUTE_MEM_ALIGN LV_ATTRIBUTE_LARGE_CONST LV_ATTRIBUTE_IMG_IMG_PROBE_OUT_1
uint8_t img_probe_out_1_map[] = {
0xeb, 0x62, 0x0c, 0x63, 0x0c, 0x63, 0x0c, 0x63, 0x0c, 0x63, 0x0c, 0x63,
    0x0c, 0x63, 0x0c, 0x63, 0xeb, 0x62, 0x0c, 0x63, 0x0c, 0x63, 0x0c, 0x63,
    0x0c, 0x63, 0x0c, 0x63, 0x0c, 0x63, 0x0c, 0x63, 0xeb, 0x62, 0x0c, 0x63,
    0x0c, 0x63, 0x0c, 0x63, 0x0c, 0x63, 0x0c, 0x63, 0x0c, 0x63, 0x0c, 0x63,
    0xeb, 0x62, 0x0c, 0x63, 0x0c, 0x63, 0x0c, 0x63, 0x0c, 0x63, 0x0c, 0x63,
    0x0c, 0x63, 0x0c, 0x63, 0xeb, 0x62, 0x0c, 0x63, 0x0c, 0x63, 0x0c, 0x63,
    0x0c, 0x63, 0x0c, 0x63, 0x0c, 0x63, 0x0c, 0x63, 0xeb, 0x62, 0x0c, 0x63,
    0x0c, 0x63, 0x0c, 0x63, 0x0c, 0x63, 0x0c, 0x63, 0x0c, 0x63, 0x0c, 0x63,
    0xeb, 0x62, 0x0c, 0x63, 0x0c, 0x63, 0x0c, 0x63, 0x0c, 0x63, 0x0c, 0x63,
    0x0c, 0x63, 0x0c, 0x63, 0xeb, 0x62, 0x0c, 0x63, 0x0c, 0x63, 0x0c, 0x63,
    0x0c, 0x63, 0x0c, 0x63, 0x0c, 0x63, 0x0c, 0x63, 0xeb, 0x62, 0x0c, 0x63,
    0x0c, 0x63, 0x0c, 0x63, 0x0c, 0x63, 0x0c, 0x63, 0x0c, 0x63, 0x0c, 0x63,
    0xeb, 0x62, 0x0c, 0x63, 0x0c, 0x63, 0x0c, 0x63, 0x0c, 0x63, 0x0c, 0x63,
    0x0c, 0x63, 0x0c, 0x63, 0xeb, 0x62, 0x0c, 0x63, 0x0c, 0x63, 0x0c, 0x63,
    0x0c, 0x63, 0x0c, 0x63, 0x0c, 0x63, 0x0c, 0x63, 0xeb, 0x62, 0x0c, 0x63,
    0x0c, 0x63, 0x0c, 0x63, 0x0c, 0x63, 0x0c, 0x63, 0x0c, 0x63, 0x0c, 0x63,
    0xeb, 0x62, 0x0c, 0x63, 0x0c, 0x63, 0x0c, 0x63, 0x0c, 0x63, 0x0c, 0x63,
    0x0c, 0x63, 0x0c, 0x63, 0xeb, 0x62, 0x0c, 0x63, 0x0c, 0x63, 0x0c, 0x63,
    0x0c, 0x63, 0x0c, 0x63, 0x0c, 0x63, 0x0c, 0x63, 0xeb, 0x62, 0x0c, 0x63,
    0x0c, 0x63, 0x0c, 0x63, 0x0c, 0x63, 0x0c, 0x63, 0x0c, 0x63, 0x0c, 0x63,
    0xeb, 0x62, 0x0c, 0x63, 0x0c, 0x63, 0x0c, 0x63, 0x0c, 0x63, 0x0c, 0x63,
    0x0c, 0x63, 0x0c, 0x63, 0xeb, 0x62, 0x0c, 0x63, 0x0c, 0x63, 0x0c, 0x63,
    0x0c, 0x63, 0x0c, 0x63, 0x0c, 0x63, 0x0c, 0x63, 0xeb, 0x62, 0x0c, 0x63,
    0x0c, 0x63, 0x0c, 0x63, 0x0c, 0x63, 0x0c, 0x63, 0x0c, 0x63, 0x0c, 0x63,
    0xeb, 0x62, 0x0c, 0x63, 0x0c, 0x63, 0x0c, 0x63, 0x0c, 0x63, 0x0c, 0x63,
    0x0c, 0x63, 0x0c, 0x63, 0x0c, 0x63, 0x0c, 0x63, 0x0c, 0x63, 0x0c, 0x63,
    0x0c, 0x63, 0x0c, 0x63, 0x0c, 0x63, 0x0c, 0x63, 0x0c, 0x63, 0x0c, 0x63,
    0x0c, 0x63, 0x0c, 0x63, 0x0c, 0x63, 0x0c, 0x63, 0x0c, 0x63, 0x0c, 0x63,
    0x0c, 0x63, 0x0c, 0x63, 0x0c, 0x63, 0x0c, 0x63, 0x0c, 0x63, 0x0c, 0x63,
    0x0c, 0x63, 0x0c, 0x63, 0x0c, 0x63, 0x0c, 0x63, 0x0c, 0x63, 0x0c, 0x63,
    0x0c, 0x63, 0x0c, 0x63, 0x0c, 0x63, 0x0c, 0x63, 0x0c, 0x63, 0x0c, 0x63,
    0x0c, 0x63, 0x0c, 0x63, 0x0c, 0x63, 0x0c, 0x63, 0x0c, 0x63, 0x0c, 0x63,
    0x0c, 0x63, 0x0c, 0x63, 0x0c, 0x63, 0x0c, 0x63, 0x0c, 0x63, 0x0c, 0x63,
    0x0c, 0x63, 0x0c, 0x63, 0x0c, 0x63, 0x0c, 0x63, 0x0c, 0x63, 0x0c, 0x63,
    0x0c, 0x63, 0x0c, 0x63, 0x0c, 0x63, 0x0c, 0x63, 0x0c, 0x63, 0x0c, 0x63,
    0x0c, 0x63, 0x0c, 0x63, 0x0c, 0x63, 0x0c, 0x63, 0x0c, 0x63, 0x0c, 0x63,
    0x0c, 0x63, 0x0c, 0x63, 0x0c, 0x63, 0x0c, 0x63, 0x0c, 0x63, 0x0c, 0x63,
    0x0c, 0x63, 0x0c, 0x63, 0x0c, 0x63, 0x0c, 0x63, 0x0c, 0x63, 0x0c, 0x63,
    0x0c, 0x63, 0x0c, 0x63, 0x0c, 0x63, 0x0c, 0x63, 0x0c, 0x63, 0x0c, 0x63,
    0x0c, 0x63, 0x0c, 0x63, 0x0c, 0x63, 0x0c, 0x63, 0x0c, 0x63, 0x0c, 0x63,
    0x0c, 0x63, 0x0c, 0x63, 0x0c, 0x63, 0x0c, 0x63, 0x0c, 0x63, 0x0c, 0x63,
    0x0c, 0x63, 0x0c, 0x63, 0x0c, 0x63, 0x0c, 0x63, 0x0c, 0x63, 0x0c, 0x63,
    0x0c, 0x63, 0x0c, 0x63, 0x0c, 0x63, 0x0c, 0x63, 0x0c, 0x63, 0x0c, 0x63,
    0x0c, 0x63, 0x0c, 0x63, 0x0c, 0x63, 0x0c, 0x63, 0x0c, 0x63, 0x0c, 0x63,
    0x0c, 0x63, 0x0c, 0x63, 0x0c, 0x63, 0x0c, 0x63, 0x0c, 0x63, 0x0c, 0x63,
    0x0c, 0x63, 0x0c, 0x63, 0x0c, 0x63, 0x0c, 0x63, 0x0c, 0x63, 0x0c, 0x63,
    0x0c, 0x63, 0x0c, 0x63, 0x0c, 0x63, 0x0c, 0x63, 0x0c, 0x63, 0x0c, 0x63,
    0x0c, 0x63, 0x0c, 0x63, 0x0c, 0x63, 0x0c, 0x63, 0x0c, 0x63, 0x0c, 0x63,
    0x0c, 0x63, 0x0c, 0x63, 0x0c, 0x63, 0x0c, 0x63, 0x0c, 0x63, 0x0c, 0x63,
    0x0c, 0x63, 0x0c, 0x63, 0x0c, 0x63, 0x0c, 0x63, 0x0c, 0x63, 0x0c, 0x63,
    0x0c, 0x63, 0x0c, 0x63, 0x0c, 0x63, 0x0c, 0x63, 0x0c, 0x63, 0x0c, 0x63,
    0x0c, 0x63, 0x0c, 0x63, 0x0c, 0x63, 0x0c, 0x63, 0x0c, 0x63, 0x0c, 0x63,
    0x0c, 0x63, 0x0c, 0x63, 0x0c, 0x63, 0x0c, 0x63, 0x0c, 0x63, 0x0c, 0x63,
    0x0c, 0x63, 0x0c, 0x63, 0x0c, 0x63, 0x0c, 0x63, 0x0c, 0x63, 0x0c, 0x63,
    0x0c, 0x63, 0x0c, 0x63, 0x0c, 0x63, 0x0c, 0x63, 0x0c, 0x63, 0x0c, 0x63,
    0x0c, 0x63, 0x0c, 0x63, 0x0c, 0x63, 0x0c, 0x63, 0x0c, 0x63, 0x0c, 0x63,
    0x0c, 0x63, 0x0c, 0x63, 0x0c, 0x63, 0x0c, 0x63, 0x0c, 0x63, 0x0c, 0x63,
    0x0c, 0x63, 0x0c, 0x63, 0x0c, 0x63, 0x0c, 0x63, 0x0c, 0x63, 0x0c, 0x63,
    0x0c, 0x63, 0x0c, 0x63, 0x0c, 0x63, 0x0c, 0x63, 0x0c, 0x63, 0x0c, 0x63,
    0x0c, 0x63, 0x0c, 0x63, 0x0c, 0x63, 0x0c, 0x63, 0x0c, 0x63, 0x0c, 0x63,
    0x0c, 0x63, 0x0c, 0x63, 0x0c, 0x63, 0x0c, 0x63, 0x0c, 0x63, 0x0c, 0x63,
    0x0c, 0x63, 0x0c, 0x63, 0x0c, 0x63, 0x0c, 0x63, 0x0c, 0x63, 0x0c, 0x63,
    0x0c, 0x63, 0x0c, 0x63, 0x0c, 0x63, 0x0c, 0x63, 0x0c, 0x63, 0x0c, 0x63,
    0x0c, 0x63, 0x0c, 0x63, 0x0c, 0x63, 0x0c, 0x63, 0x0c, 0x63, 0x0c, 0x63,
    0x0c, 0x63, 0x0c, 0x63, 0x0c, 0x63, 0x0c, 0x63, 0x0c, 0x63, 0x0c, 0x63,
    0x0c, 0x63, 0x0c, 0x63, 0x0c, 0x63, 0x0c, 0x63, 0x0c, 0x63, 0x0c, 0x63,
    0x0c, 0x63, 0x0c, 0x63, 0x0c, 0x63, 0x0c, 0x63, 0x0c, 0x63, 0x0c, 0x63,
    0x0c, 0x63, 0x0c, 0x63, 0x0c, 0x63, 0x0c, 0x63, 0x0c, 0x63, 0x0c, 0x63,
    0x0c, 0x63, 0x0c, 0x63, 0x0c, 0x63, 0x0c, 0x63, 0x0c, 0x63, 0x0c, 0x63,
    0x0c, 0x63, 0x0c, 0x63, 0x0c, 0x63, 0x0c, 0x63, 0x0c, 0x63, 0x0c, 0x63,
    0x0c, 0x63, 0x0c, 0x63, 0x0c, 0x63, 0x0c, 0x63, 0x0c, 0x63, 0x0c, 0x63,
    0x0c, 0x63, 0x0c, 0x63, 0x0c, 0x63, 0x0c, 0x63, 0x0c, 0x63, 0x0c, 0x63,
    0x0c, 0x63, 0x0c, 0x63, 0x0c, 0x63, 0x0c, 0x63, 0x0c, 0x63, 0x0c, 0x63,
    0x0c, 0x63, 0x0c, 0x63, 0x0c, 0x63, 0x0c, 0x63, 0x0c, 0x63, 0x0c, 0x63,
    0x0c, 0x63, 0x0c, 0x63, 0x0c, 0x63, 0x0c, 0x63, 0x0c, 0x63, 0x0c, 0x63,
    0x0c, 0x63, 0x0c, 0x63, 0x0c, 0x63, 0x0c, 0x63, 0x0c, 0x63, 0x0c, 0x63,
    0x0c, 0x63, 0x0c, 0x63, 0x0c, 0x63, 0x0c, 0x63, 0x0c, 0x63, 0x0c, 0x63,
    0x0c, 0x63, 0x0c, 0x63, 0x0c, 0x63, 0x0c, 0x63, 0x0c, 0x63, 0x0c, 0x63,
    0x0c, 0x63, 0x0c, 0x63, 0x0c, 0x63, 0x0c, 0x63, 0x0c, 0x63, 0x0c, 0x63,
    0x0c, 0x63, 0x0c, 0x63, 0x0c, 0x63, 0x0c, 0x63, 0x0c, 0x63, 0x0c, 0x63,
    0x0c, 0x63, 0x0c, 0x63, 0x0c, 0x63, 0x0c, 0x63, 0x0c, 0x63, 0x0c, 0x63,
    0x0c, 0x63, 0x0c, 0x63, 0x0c, 0x63, 0x0c, 0x63, 0x0c, 0x63, 0x0c, 0x63,
    0x0c, 0x63, 0x0c, 0x63, 0x0c, 0x63, 0x0c, 0x63, 0x0c, 0x63, 0x0c, 0x63,
    0x0c, 0x63, 0x0c, 0x63, 0x0c, 0x63, 0x0c, 0x63, 0x0c, 0x63, 0x0c, 0x63,
    0x0c, 0x63, 0x0c, 0x63, 0x0c, 0x63, 0x0c, 0x63, 0x0c, 0x63, 0x0c, 0x63,
    0x0c, 0x63, 0x0c, 0x63, 0x0c, 0x63, 0x0c, 0x63, 0x0c, 0x63, 0x0c, 0x63,
    0x0c, 0x63, 0x0c, 0x63, 0x0c, 0x63, 0x0c, 0x63, 0x0c, 0x63, 0x0c, 0x63,
    0x0c, 0x63, 0x0c, 0x63, 0x0c, 0x63, 0x0c, 0x63, 0x0c, 0x63, 0x0c, 0x63,
    0x0c, 0x63, 0x0c, 0x63, 0x0c, 0x63, 0x0c, 0x63, 0x0c, 0x63, 0x0c, 0x63,
    0x0c, 0x63, 0x0c, 0x63, 0x0c, 0x63, 0x0c, 0x63, 0x0c, 0x63, 0x0c, 0x63,
    0x0c, 0x63, 0x0c, 0x63, 0x0c, 0x63, 0x0c, 0x63, 0x0c, 0x63, 0x0c, 0x63,
    0x0c, 0x63, 0x0c, 0x63, 0x0c, 0x63, 0x0c, 0x63, 0x0c, 0x63, 0x0c, 0x63,
    0x0c, 0x63, 0x0c, 0x63, 0x0c, 0x63, 0x0c, 0x63, 0x0c, 0x63, 0x0c, 0x63,
    0x0c, 0x63, 0x0c, 0x63, 0x0c, 0x63, 0x0c, 0x63, 0x0c, 0x63, 0x0c, 0x63,
    0x0c, 0x63, 0x0c, 0x63, 0x0c, 0x63, 0x0c, 0x63, 0x0c, 0x63, 0x0c, 0x63,
    0x0c, 0x63, 0x0c, 0x63, 0x0c, 0x63, 0x0c, 0x63, 0x0c, 0x63, 0x0c, 0x63,
    0x0c, 0x63, 0x0c, 0x63, 0x0c, 0x63, 0x0c, 0x63, 0x0c, 0x63, 0x0c, 0x63,
    0x0c, 0x63, 0x0c, 0x63, 0x0c, 0x63, 0x0c, 0x63, 0x0c, 0x63, 0x0c, 0x63,
    0x0c, 0x63, 0x0c, 0x63, 0x0c, 0x63, 0x0c, 0x63, 0x0c, 0x63, 0x0c, 0x63,
    0x0c, 0x63, 0x0c, 0x63, 0x0c, 0x63, 0x0c, 0x63, 0x0c, 0x63, 0x0c, 0x63,
    0xeb, 0x62, 0x0c, 0x63, 0xeb, 0x62, 0x0c, 0x63, 0xeb, 0x62, 0x0c, 0x63,
    0xeb, 0x62, 0x0c, 0x63, 0xeb, 0x62, 0x0c, 0x63, 0xeb, 0x62, 0x0c, 0x63,
    0xeb, 0x62, 0x0c, 0x63, 0xeb, 0x62, 0x0c, 0x63, 0xeb, 0x62, 0x0c, 0x63,
    0xeb, 0x62, 0x0c, 0x63, 0xeb, 0x62, 0x0c, 0x63, 0xeb, 0x62, 0x0c, 0x63,
    0xeb, 0x62, 0x0c, 0x63, 0xeb, 0x62, 0x0c, 0x63, 0xeb, 0x62, 0x0c, 0x63,
    0xeb, 0x62, 0x0c, 0x63, 0xeb, 0x62, 0x0c, 0x63, 0xeb, 0x62, 0x0c, 0x63,
    0xeb, 0x62, 0x0c, 0x63, 0xeb, 0x62, 0x0c, 0x63, 0xeb, 0x62, 0x0c, 0x63,
    0xeb, 0x62, 0x0c, 0x63, 0xeb, 0x62, 0x0c, 0x63, 0xeb, 0x62, 0x0c, 0x63,
    0xeb, 0x62, 0x0c, 0x63, 0xeb, 0x62, 0x0c, 0x63, 0xeb, 0x62, 0x0c, 0x63,
    0xeb, 0x62, 0x0c, 0x63, 0xeb, 0x62, 0x0c, 0x63, 0xeb, 0x62, 0x0c, 0x63,
    0xeb, 0x62, 0x0c, 0x63, 0xeb, 0x62, 0x0c, 0x63, 0xeb, 0x62, 0x0c, 0x63,
    0xeb, 0x62, 0x0c, 0x63, 0xeb, 0x62, 0x0c, 0x63, 0xeb, 0x62, 0x0c, 0x63,
    0xeb, 0x62, 0x0c, 0x63, 0xeb, 0x62, 0x0c, 0x63, 0xeb, 0x62, 0x0c, 0x63,
    0xeb, 0x62, 0x0c, 0x63, 0xeb, 0x62, 0x0c, 0x63, 0xeb, 0x62, 0x0c, 0x63,
    0xeb, 0x62, 0x0c, 0x63, 0xeb, 0x62, 0x0c, 0x63, 0xeb, 0x62, 0x0c, 0x63,
    0xeb, 0x62, 0x0c, 0x63, 0xeb, 0x62, 0x0c, 0x63, 0xeb, 0x62, 0x0c, 0x63,
    0xeb, 0x62, 0x0c, 0x63, 0xeb, 0x62, 0x0c, 0x63, 0xeb, 0x62, 0x0c, 0x63,
    0xeb, 0x62, 0x0c, 0x63, 0xeb, 0x62, 0x0c, 0x63, 0xeb, 0x62, 0x0c, 0x63,
    0xeb, 0x62, 0x0c, 0x63, 0xeb, 0x62, 0x0c, 0x63, 0xeb, 0x62, 0x0c, 0x63,
    0xeb, 0x62, 0x0c, 0x63, 0xeb, 0x62, 0x0c, 0x63, 0xeb, 0x62, 0x0c, 0x63,
    0xeb, 0x62, 0x0c, 0x63, 0xeb, 0x62, 0x0c, 0x63, 0xeb, 0x62, 0x0c, 0x63,
    0xeb, 0x62, 0x0c, 0x63, 0xeb, 0x62, 0x0c, 0x63, 0xeb, 0x62, 0x0c, 0x63,
    0xeb, 0x62, 0x0c, 0x63, 0xeb, 0x62, 0x0c, 0x63, 0xeb, 0x62, 0x0c, 0x63,
    0xeb, 0x62, 0x0c, 0x63, 0xeb, 0x62, 0x0c, 0x63, 0xeb, 0x62, 0x0c, 0x63,
    0xeb, 0x62, 0x0c, 0x63, 0xeb, 0x62, 0x0c, 0x63, 0xeb, 0x62, 0x0c, 0x63,
    0x0c, 0x63, 0x0c, 0x63, 0x0c, 0x63, 0x0c, 0x63, 0x0c, 0x63, 0x0c, 0x63,
    0x0c, 0x63, 0x0c, 0x63, 0x0c, 0x63, 0x0c, 0x63, 0x0c, 0x63, 0x0c, 0x63,
    0x0c, 0x63, 0x0c, 0x63, 0x0c, 0x63, 0x0c, 0x63, 0x0c, 0x63, 0x0c, 0x63,
    0x0c, 0x63, 0x0c, 0x63, 0x0c, 0x63, 0x0c, 0x63, 0x0c, 0x63, 0x0c, 0x63,
    0x0c, 0x63, 0x0c, 0x63, 0x0c, 0x63, 0x0c, 0x63, 0x0c, 0x63, 0x0c, 0x63,
    0x0c, 0x63, 0x0c, 0x63, 0x0c, 0x63, 0x0c, 0x63, 0x0c, 0x63, 0x0c, 0x63,
    0x0c, 0x63, 0x0c, 0x63, 0x0c, 0x63, 0x0c, 0x63, 0x0c, 0x63, 0x0c, 0x63,
    0x0c, 0x63, 0x0c, 0x63, 0x0c, 0x63, 0x0c, 0x63, 0x0c, 0x63, 0x0c, 0x63,
    0x0c, 0x63, 0x0c, 0x63, 0x0c, 0x63, 0x0c, 0x63, 0x0c, 0x63, 0x0c, 0x63,
    0x0c, 0x63, 0x0c, 0x63, 0x0c, 0x63, 0x0c, 0x63, 0x0c, 0x63, 0x0c, 0x63,
    0x0c, 0x63, 0x0c, 0x63, 0x0c, 0x63, 0x0c, 0x63, 0x0c, 0x63, 0x0c, 0x63,
    0x0c, 0x63, 0x0c, 0x63, 0x0c, 0x63, 0x0c, 0x63, 0x0c, 0x63, 0x0c, 0x63,
    0x0c, 0x63, 0x0c, 0x63, 0x0c, 0x63, 0x0c, 0x63, 0x0c, 0x63, 0x0c, 0x63,
    0x0c, 0x63, 0x0c, 0x63, 0x0c, 0x63, 0x0c, 0x63, 0x0c, 0x63, 0x0c, 0x63,
    0x0c, 0x63, 0x0c, 0x63, 0x0c, 0x63, 0x0c, 0x63, 0x0c, 0x63, 0x0c, 0x63,
    0x0c, 0x63, 0x0c, 0x63, 0x0c, 0x63, 0x0c, 0x63, 0x0c, 0x63, 0x0c, 0x63,
    0x0c, 0x63, 0x0c, 0x63, 0x0c, 0x63, 0x0c, 0x63, 0x0c, 0x63, 0x0c, 0x63,
    0x0c, 0x63, 0x0c, 0x63, 0x0c, 0x63, 0x0c, 0x63, 0x0c, 0x63, 0x0c, 0x63,
    0x0c, 0x63, 0x0c, 0x63, 0x0c, 0x63, 0x0c, 0x63, 0x0c, 0x63, 0x0c, 0x63,
    0x0c, 0x63, 0x0c, 0x63, 0x0c, 0x63, 0x0c, 0x63, 0x0c, 0x63, 0x0c, 0x63,
    0x0c, 0x63, 0x0c, 0x63, 0x0c, 0x63, 0x0c, 0x63, 0x0c, 0x63, 0x0c, 0x63,
    0x0c, 0x63, 0x0c, 0x63, 0x0c, 0x63, 0x0c, 0x63, 0x0c, 0x63, 0x0c, 0x63,
    0x0c, 0x63, 0x0c, 0x63, 0x0c, 0x63, 0x0c, 0x63, 0x0c, 0x63, 0x0c, 0x63,
    0x0c, 0x63, 0x0c, 0x63, 0x0c, 0x63, 0x0c, 0x63, 0x0c, 0x63, 0x0c, 0x63,
    0x0c, 0x63, 0x0c, 0x63, 0x0c, 0x63, 0x0c, 0x63, 0x0c, 0x63, 0x0c, 0x63,
    0xeb, 0x62, 0x0c, 0x63, 0x0c, 0x63, 0x0c, 0x63, 0x0c, 0x63, 0x0c, 0x63,
    0x0c, 0x63, 0x0c, 0x63, 0xeb, 0x62, 0x0c, 0x63, 0x0c, 0x63, 0x0c, 0x63,
    0x0c, 0x63, 0x0c, 0x63, 0x0c, 0x63, 0x0c, 0x63, 0xeb, 0x62, 0x0c, 0x63,
    0x0c, 0x63, 0x0c, 0x63, 0x0c, 0x63, 0x0c, 0x63, 0x0c, 0x63, 0x0c, 0x63,
    0xeb, 0x62, 0x0c, 0x63, 0x0c, 0x63, 0x0c, 0x63, 0x0c, 0x63, 0x0c, 0x63,
    0x0c, 0x63, 0x0c, 0x63, 0xeb, 0x62, 0x0c, 0x63, 0x0c, 0x63, 0x0c, 0x63,
    0x0c, 0x63, 0x0c, 0x63, 0x0c, 0x63, 0x0c, 0x63, 0xeb, 0x62, 0x0c, 0x63,
    0x0c, 0x63, 0x0c, 0x63, 0x0c, 0x63, 0x0c, 0x63, 0x0c, 0x63, 0x0c, 0x63,
    0xeb, 0x62, 0x0c, 0x63, 0x0c, 0x63, 0x0c, 0x63, 0x0c, 0x63, 0x0c, 0x63,
    0x0c, 0x63, 0x0c, 0x63, 0xeb, 0x62, 0x0c, 0x63, 0x0c, 0x63, 0x0c, 0x63,
    0x0c, 0x63, 0x0c, 0x63, 0x0c, 0x63, 0x0c, 0x63, 0xeb, 0x62, 0x0c, 0x63,
    0x0c, 0x63, 0x0c, 0x63, 0x0c, 0x63, 0x0c, 0x63, 0x0c, 0x63, 0x0c, 0x63,
    0xeb, 0x62, 0x0c, 0x63, 0x0c, 0x63, 0x0c, 0x63, 0x0c, 0x63, 0x0c, 0x63,
    0x0c, 0x63, 0x0c, 0x63, 0xeb, 0x62, 0x0c, 0x63, 0x0c, 0x63, 0x0c, 0x63,
    0x0c, 0x63, 0x0c, 0x63, 0x0c, 0x63, 0x0c, 0x63, 0xeb, 0x62, 0x0c, 0x63,
    0x0c, 0x63, 0x0c, 0x63, 0x0c, 0x63, 0x0c, 0x63, 0x0c, 0x63, 0x0c, 0x63,
    0xeb, 0x62, 0x0c, 0x63, 0x0c, 0x63, 0x0c, 0x63, 0x0c, 0x63, 0x0c, 0x63,
    0x0c, 0x63, 0x0c, 0x63, 0xeb, 0x62, 0x0c, 0x63, 0x0c, 0x63, 0x0c, 0x63,
    0x0c, 0x63, 0x0c, 0x63, 0x0c, 0x63, 0x0c, 0x63, 0xeb, 0x62, 0x0c, 0x63,
    0x0c, 0x63, 0x0c, 0x63, 0x0c, 0x63, 0x0c, 0x63, 0x0c, 0x63, 0x0c, 0x63,
    0xeb, 0x62, 0x0c, 0x63, 0x0c, 0x63, 0x0c, 0x63, 0x0c, 0x63, 0x0c, 0x63,
    0x0c, 0x63, 0x0c, 0x63, 0xeb, 0x62, 0x0c, 0x63, 0x0c, 0x63, 0x0c, 0x63,
    0x0c, 0x63, 0x0c, 0x63, 0x0c, 0x63, 0x0c, 0x63, 0xeb, 0x62, 0x0c, 0x63,
    0x0c, 0x63, 0x0c, 0x63, 0x0c, 0x63, 0x0c, 0x63, 0x0c, 0x63, 0x0c, 0x63,
    0xeb, 0x62, 0x0c, 0x63, 0x0c, 0x63, 0x0c, 0x63, 0x0c, 0x63, 0x0c, 0x63,
    0x0c, 0x63, 0x0c, 0x63, 0x0c, 0x63, 0x0c, 0x63, 0x0c, 0x63, 0x0c, 0x63,
    0x0c, 0x63, 0x0c, 0x63, 0x0c, 0x63, 0x0c, 0x63, 0x0c, 0x63, 0x0c, 0x63,
    0x0c, 0x63, 0x0c, 0x63, 0x0c, 0x63, 0x0c, 0x63, 0x0c, 0x63, 0x0c, 0x63,
    0x0c, 0x63, 0x0c, 0x63, 0x0c, 0x63, 0x0c, 0x63, 0x0c, 0x63, 0x0c, 0x63,
    0x0c, 0x63, 0x0c, 0x63, 0x0c, 0x63, 0x0c, 0x63, 0x0c, 0x63, 0x0c, 0x63,
    0x0c, 0x63, 0x0c, 0x63, 0x0c, 0x63, 0x0c, 0x63, 0x0c, 0x63, 0x0c, 0x63,
    0x0c, 0x63, 0x0c, 0x63, 0x0c, 0x63, 0x0c, 0x63, 0x0c, 0x63, 0x0c, 0x63,
    0x0c, 0x63, 0x0c, 0x63, 0x0c, 0x63, 0x0c, 0x63, 0x0c, 0x63, 0x0c, 0x63,
    0x0c, 0x63, 0x0c, 0x63, 0x0c, 0x63, 0x0c, 0x63, 0x0c, 0x63, 0x0c, 0x63,
    0x0c, 0x63, 0x0c, 0x63, 0x0c, 0x63, 0x0c, 0x63, 0x0c, 0x63, 0x0c, 0x63,
    0x0c, 0x63, 0x0c, 0x63, 0x0c, 0x63, 0x0c, 0x63, 0x0c, 0x63, 0x0c, 0x63,
    0x0c, 0x63, 0x0c, 0x63, 0x0c, 0x63, 0x0c, 0x63, 0x0c, 0x63, 0x0c, 0x63,
    0x0c, 0x63, 0x0c, 0x63, 0x0c, 0x63, 0x0c, 0x63, 0x0c, 0x63, 0x0c, 0x63,
    0x0c, 0x63, 0x0c, 0x63, 0x0c, 0x63, 0x0c, 0x63, 0x0c, 0x63, 0x0c, 0x63,
    0x0c, 0x63, 0x0c, 0x63, 0x0c, 0x63, 0x0c, 0x63, 0x0c, 0x63, 0x0c, 0x63,
    0x0c, 0x63, 0x0c, 0x63, 0x0c, 0x63, 0x0c, 0x63, 0x0c, 0x63, 0x0c, 0x63,
    0x0c, 0x63, 0x0c, 0x63, 0x0c, 0x63, 0x0c, 0x63, 0x0c, 0x63, 0x0c, 0x63,
    0x0c, 0x63, 0x0c, 0x63, 0x0c, 0x63, 0x0c, 0x63, 0x0c, 0x63, 0x0c, 0x63,
    0x0c, 0x63, 0x0c, 0x63, 0x0c, 0x63, 0x0c, 0x63, 0x0c, 0x63, 0x0c, 0x63,
    0x0c, 0x63, 0x0c, 0x63, 0x0c, 0x63, 0x0c, 0x63, 0x0c, 0x63, 0x0c, 0x63,
    0x0c, 0x63, 0x0c, 0x63, 0x0c, 0x63, 0x0c, 0x63, 0x0c, 0x63, 0x0c, 0x63,
    0x0c, 0x63, 0x0c, 0x63, 0x0c, 0x63, 0x0c, 0x63, 0x0c, 0x63, 0x0c, 0x63,
    0x0c, 0x63, 0x0c, 0x63, 0x0c, 0x63, 0x0c, 0x63, 0x0c, 0x63, 0x0c, 0x63,
    0x0c, 0x63, 0x0c, 0x63, 0x0c, 0x63, 0x0c, 0x63, 0x0c, 0x63, 0x0c, 0x63,
    0x0c, 0x63, 0x0c, 0x63, 0x0c, 0x63, 0x0c, 0x63, 0x0c, 0x63, 0x0c, 0x63,
    0xeb, 0x62, 0x0c, 0x63, 0xeb, 0x62, 0x0c, 0x63, 0xeb, 0x62, 0x0c, 0x63,
    0xeb, 0x62, 0x0c, 0x63, 0xeb, 0x62, 0x0c, 0x63, 0xeb, 0x62, 0x0c, 0x63,
    0xeb, 0x62, 0x0c, 0x63, 0xeb, 0x62, 0x0c, 0x63, 0xeb, 0x62, 0x0c, 0x63,
    0xeb, 0x62, 0x0c, 0x63, 0xeb, 0x62, 0x0c, 0x63, 0xeb, 0x62, 0x0c, 0x63,
    0xeb, 0x62, 0x0c, 0x63, 0xeb, 0x62, 0x0c, 0x63, 0xeb, 0x62, 0x0c, 0x63,
    0xeb, 0x62, 0x0c, 0x63, 0xeb, 0x62, 0x0c, 0x63, 0xeb, 0x62, 0x0c, 0x63,
    0xeb, 0x62, 0x0c, 0x63, 0xeb, 0x62, 0x0c, 0x63, 0xeb, 0x62, 0x0c, 0x63,
    0xeb, 0x62, 0x0c, 0x63, 0xeb, 0x62, 0x0c, 0x63, 0xeb, 0x62, 0x0c, 0x63,
    0xeb, 0x62, 0x0c, 0x63, 0xeb, 0x62, 0x0c, 0x63, 0xeb, 0x62, 0x0c, 0x63,
    0xeb, 0x62, 0x0c, 0x63, 0xeb, 0x62, 0x0c, 0x63, 0xeb, 0x62, 0x0c, 0x63,
    0xeb, 0x62, 0x0c, 0x63, 0xeb, 0x62, 0x0c, 0x63, 0xeb, 0x62, 0x0c, 0x63,
    0xeb, 0x62, 0x0c, 0x63, 0xeb, 0x62, 0x0c, 0x63, 0xeb, 0x62, 0x0c, 0x63,
    0xeb, 0x62, 0x0c, 0x63, 0xeb, 0x62, 0x0c, 0x63, 0xeb, 0x62, 0x0c, 0x63,
    0xeb, 0x62, 0x0c, 0x63, 0xeb, 0x62, 0x0c, 0x63, 0xeb, 0x62, 0x0c, 0x63,
    0xeb, 0x62, 0x0c, 0x63, 0xeb, 0x62, 0x0c, 0x63, 0xeb, 0x62, 0x0c, 0x63,
    0xeb, 0x62, 0x0c, 0x63, 0xeb, 0x62, 0x0c, 0x63, 0xeb, 0x62, 0x0c, 0x63,
    0xeb, 0x62, 0x0c, 0x63, 0xeb, 0x62, 0x0c, 0x63, 0xeb, 0x62, 0x0c, 0x63,
    0xeb, 0x62, 0x0c, 0x63, 0xeb, 0x62, 0x0c, 0x63, 0xeb, 0x62, 0x0c, 0x63,
    0xeb, 0x62, 0x0c, 0x63, 0xeb, 0x62, 0x0c, 0x63, 0xeb, 0x62, 0x0c, 0x63,
    0xeb, 0x62, 0x0c, 0x63, 0xeb, 0x62, 0x0c, 0x63, 0xeb, 0x62, 0x0c, 0x63,
    0xeb, 0x62, 0x0c, 0x63, 0xeb, 0x62, 0x0c, 0x63, 0xeb, 0x62, 0x0c, 0x63,
    0xeb, 0x62, 0x0c, 0x63, 0xeb, 0x62, 0x0c, 0x63, 0xeb, 0x62, 0x0c, 0x63,
    0xeb, 0x62, 0x0c, 0x63, 0xeb, 0x62, 0x0c, 0x63, 0xeb, 0x62, 0x0c, 0x63,
    0xeb, 0x62, 0x0c, 0x63, 0xeb, 0x62, 0x0c, 0x63, 0xeb, 0x62, 0x0c, 0x63,
    0xeb, 0x62, 0x0c, 0x63, 0xeb, 0x62, 0x0c, 0x63, 0xeb, 0x62, 0x0c, 0x63,
    0x0c, 0x63, 0x0c, 0x63, 0x0c, 0x63, 0x0c, 0x63, 0x0c, 0x63, 0x0c, 0x63,
    0x0c, 0x63, 0x0c, 0x63, 0x0c, 0x63, 0x0c, 0x63, 0x0c, 0x63, 0x0c, 0x63,
    0x0c, 0x63, 0x0c, 0x63, 0x0c, 0x63, 0x0c, 0x63, 0x0c, 0x63, 0x0c, 0x63,
    0x0c, 0x63, 0x0c, 0x63, 0x0c, 0x63, 0x0c, 0x63, 0x0c, 0x63, 0x0c, 0x63,
    0x0c, 0x63, 0x0c, 0x63, 0x0c, 0x63, 0x0c, 0x63, 0x0c, 0x63, 0x0c, 0x63,
    0x0c, 0x63, 0x0c, 0x63, 0x0c, 0x63, 0x0c, 0x63, 0x0c, 0x63, 0x0c, 0x63,
    0x0c, 0x63, 0x0c, 0x63, 0x0c, 0x63, 0x0c, 0x63, 0x0c, 0x63, 0x0c, 0x63,
    0x0c, 0x63, 0x0c, 0x63, 0x0c, 0x63, 0x0c, 0x63, 0x0c, 0x63, 0x0c, 0x63,
    0x0c, 0x63, 0x0c, 0x63, 0x0c, 0x63, 0x0c, 0x63, 0x0c, 0x63, 0x0c, 0x63,
    0x0c, 0x63, 0x0c, 0x63, 0x0c, 0x63, 0x0c, 0x63, 0x0c, 0x63, 0x0c, 0x63,
    0x0c, 0x63, 0x0c, 0x63, 0x0c, 0x63, 0x0c, 0x63, 0x0c, 0x63, 0x0c, 0x63,
    0x0c, 0x63, 0x0c, 0x63, 0x0c, 0x63, 0x0c, 0x63, 0x0c, 0x63, 0x0c, 0x63,
    0x0c, 0x63, 0x0c, 0x63, 0x0c, 0x63, 0x0c, 0x63, 0x0c, 0x63, 0x0c, 0x63,
    0x0c, 0x63, 0x0c, 0x63, 0x0c, 0x63, 0x0c, 0x63, 0x0c, 0x63, 0x0c, 0x63,
    0x0c, 0x63, 0x0c, 0x63, 0x0c, 0x63, 0x0c, 0x63, 0x0c, 0x63, 0x0c, 0x63,
    0x0c, 0x63, 0x0c, 0x63, 0x0c, 0x63, 0x0c, 0x63, 0x0c, 0x63, 0x0c, 0x63,
    0x0c, 0x63, 0x0c, 0x63, 0x0c, 0x63, 0x0c, 0x63, 0x0c, 0x63, 0x0c, 0x63,
    0x0c, 0x63, 0x0c, 0x63, 0x0c, 0x63, 0x0c, 0x63, 0x0c, 0x63, 0x0c, 0x63,
    0x0c, 0x63, 0x0c, 0x63, 0x0c, 0x63, 0x0c, 0x63, 0x0c, 0x63, 0x0c, 0x63,
    0x0c, 0x63, 0x0c, 0x63, 0x0c, 0x63, 0x0c, 0x63, 0x0c, 0x63, 0x0c, 0x63,
    0x0c, 0x63, 0x0c, 0x63, 0x0c, 0x63, 0x0c, 0x63, 0x0c, 0x63, 0x0c, 0x63,
    0x0c, 0x63, 0x0c, 0x63, 0x0c, 0x63, 0x0c, 0x63, 0x0c, 0x63, 0x0c, 0x63,
    0x0c, 0x63, 0x0c, 0x63, 0x0c, 0x63, 0x0c, 0x63, 0x0c, 0x63, 0x0c, 0x63,
    0x0c, 0x63, 0x0c, 0x63, 0x0c, 0x63, 0x0c, 0x63, 0x0c, 0x63, 0x0c, 0x63,
    0x0c, 0x63, 0x0c, 0x63, 0x0c, 0x63, 0x0c, 0x63, 0x0c, 0x63, 0x0c, 0x63,
    0xeb, 0x62, 0x0c, 0x63, 0xeb, 0x62, 0x0c, 0x63, 0xeb, 0x62, 0x0c, 0x63,
    0xeb, 0x62, 0x0c, 0x63, 0xeb, 0x62, 0x0c, 0x63, 0xeb, 0x62, 0x0c, 0x63,
    0xeb, 0x62, 0x0c, 0x63, 0xeb, 0x62, 0x0c, 0x63, 0xeb, 0x62, 0x0c, 0x63,
    0xeb, 0x62, 0x0c, 0x63, 0xeb, 0x62, 0x0c, 0x63, 0xeb, 0x62, 0x0c, 0x63,
    0xeb, 0x62, 0x0c, 0x63, 0xeb, 0x62, 0x0c, 0x63, 0xeb, 0x62, 0x0c, 0x63,
    0xeb, 0x62, 0x0c, 0x63, 0xeb, 0x62, 0x0c, 0x63, 0xeb, 0x62, 0x0c, 0x63,
    0xeb, 0x62, 0x0c, 0x63, 0xeb, 0x62, 0x0c, 0x63, 0xeb, 0x62, 0x0c, 0x63,
    0xeb, 0x62, 0x0c, 0x63, 0xeb, 0x62, 0x0c, 0x63, 0xeb, 0x62, 0x0c, 0x63,
    0xeb, 0x62, 0x0c, 0x63, 0xeb, 0x62, 0x0c, 0x63, 0xeb, 0x62, 0x0c, 0x63,
    0xeb, 0x62, 0x0c, 0x63, 0xeb, 0x62, 0x0c, 0x63, 0xeb, 0x62, 0x0c, 0x63,
    0xeb, 0x62, 0x0c, 0x63, 0xeb, 0x62, 0x0c, 0x63, 0xeb, 0x62, 0x0c, 0x63,
    0xeb, 0x62, 0x0c, 0x63, 0xeb, 0x62, 0x0c, 0x63, 0xeb, 0x62, 0x0c, 0x63,
    0xeb, 0x62, 0x0c, 0x63, 0xeb, 0x62, 0x0c, 0x63, 0xeb, 0x62, 0x0c, 0x63,
    0xeb, 0x62, 0x0c, 0x63, 0xeb, 0x62, 0x0c, 0x63, 0xeb, 0x62, 0x0c, 0x63,
    0xeb, 0x62, 0x0c, 0x63, 0xeb, 0x62, 0x0c, 0x63, 0xeb, 0x62, 0x0c, 0x63,
    0xeb, 0x62, 0x0c, 0x63, 0xeb, 0x62, 0x0c, 0x63, 0xeb, 0x62, 0x0c, 0x63,
    0xeb, 0x62, 0x0c, 0x63, 0xeb, 0x62, 0x0c, 0x63, 0xeb, 0x62, 0x0c, 0x63,
    0xeb, 0x62, 0x0c, 0x63, 0xeb, 0x62, 0x0c, 0x63, 0xeb, 0x62, 0x0c, 0x63,
    0xeb, 0x62, 0x0c, 0x63, 0xeb, 0x62, 0x0c, 0x63, 0xeb, 0x62, 0x0c, 0x63,
    0xeb, 0x62, 0x0c, 0x63, 0xeb, 0x62, 0x0c, 0x63, 0xeb, 0x62, 0x0c, 0x63,
    0xeb, 0x62, 0x0c, 0x63, 0xeb, 0x62, 0x0c, 0x63, 0xeb, 0x62, 0x0c, 0x63,
    0xeb, 0x62, 0x0c, 0x63, 0xeb, 0x62, 0x0c, 0x63, 0xeb, 0x62, 0x0c, 0x63,
    0xeb, 0x62, 0x0c, 0x63, 0xeb, 0x62, 0x0c, 0x63, 0xeb, 0x62, 0x0c, 0x63,
    0xeb, 0x62, 0x0c, 0x63, 0xeb, 0x62, 0x0c, 0x63, 0xeb, 0x62, 0x0c, 0x63,
    0xeb, 0x62, 0x0c, 0x63, 0xeb, 0x62, 0x0c, 0x63, 0xeb, 0x62, 0x0c, 0x63,
    0x0c, 0x63, 0x0c, 0x63, 0x0c, 0x63, 0x0c, 0x63, 0x0c, 0x63, 0x0c, 0x63,
    0x0c, 0x63, 0x0c, 0x63, 0x0c, 0x63, 0x0c, 0x63, 0x0c, 0x63, 0x0c, 0x63,
    0x0c, 0x63, 0x0c, 0x63, 0x0c, 0x63, 0x0c, 0x63, 0x0c, 0x63, 0x0c, 0x63,
    0x0c, 0x63, 0x0c, 0x63, 0x0c, 0x63, 0x0c, 0x63, 0x0c, 0x63, 0x0c, 0x63,
    0x0c, 0x63, 0x0c, 0x63, 0x0c, 0x63, 0x0c, 0x63, 0x0c, 0x63, 0x0c, 0x63,
    0x0c, 0x63, 0x0c, 0x63, 0x0c, 0x63, 0x0c, 0x63, 0x0c, 0x63, 0x0c, 0x63,
    0x0c, 0x63, 0x0c, 0x63, 0x0c, 0x63, 0x0c, 0x63, 0x0c, 0x63, 0x0c, 0x63,
    0x0c, 0x63, 0x0c, 0x63, 0x0c, 0x63, 0x0c, 0x63, 0x0c, 0x63, 0x0c, 0x63,
    0x0c, 0x63, 0x0c, 0x63, 0x0c, 0x63, 0x0c, 0x63, 0x0c, 0x63, 0x0c, 0x63,
    0x0c, 0x63, 0x0c, 0x63, 0x0c, 0x63, 0x0c, 0x63, 0x0c, 0x63, 0x0c, 0x63,
    0x0c, 0x63, 0x0c, 0x63, 0x0c, 0x63, 0x0c, 0x63, 0x0c, 0x63, 0x0c, 0x63,
    0x0c, 0x63, 0x0c, 0x63, 0x0c, 0x63, 0x0c, 0x63, 0x0c, 0x63, 0x0c, 0x63,
    0x0c, 0x63, 0x0c, 0x63, 0x0c, 0x63, 0x0c, 0x63, 0x0c, 0x63, 0x0c, 0x63,
    0x0c, 0x63, 0x0c, 0x63, 0x0c, 0x63, 0x0c, 0x63, 0x0c, 0x63, 0x0c, 0x63,
    0x0c, 0x63, 0x0c, 0x63, 0x0c, 0x63, 0x0c, 0x63, 0x0c, 0x63, 0x0c, 0x63,
    0x0c, 0x63, 0x0c, 0x63, 0x0c, 0x63, 0x0c, 0x63, 0x0c, 0x63, 0x0c, 0x63,
    0x0c, 0x63, 0x0c, 0x63, 0x0c, 0x63, 0x0c, 0x63, 0x0c, 0x63, 0x0c, 0x63,
    0x0c, 0x63, 0x0c, 0x63, 0x0c, 0x63, 0x0c, 0x63, 0x0c, 0x63, 0x0c, 0x63,
    0x0c, 0x63, 0x0c, 0x63, 0x0c, 0x63, 0x0c, 0x63, 0x0c, 0x63, 0x0c, 0x63,
    0x0c, 0x63, 0x0c, 0x63, 0x0c, 0x63, 0x0c, 0x63, 0x0c, 0x63, 0x0c, 0x63,
    0x0c, 0x63, 0x0c, 0x63, 0x0c, 0x63, 0x0c, 0x63, 0x0c, 0x63, 0x0c, 0x63,
    0x0c, 0x63, 0x0c, 0x63, 0x0c, 0x63, 0x0c, 0x63, 0x0c, 0x63, 0x0c, 0x63,
    0x0c, 0x63, 0x0c, 0x63, 0x0c, 0x63, 0x0c, 0x63, 0x0c, 0x63, 0x0c, 0x63,
    0x0c, 0x63, 0x0c, 0x63, 0x0c, 0x63, 0x0c, 0x63, 0x0c, 0x63, 0x0c, 0x63,
    0x0c, 0x63, 0x0c, 0x63, 0x0c, 0x63, 0x0c, 0x63, 0x0c, 0x63, 0x0c, 0x63,
    0xeb, 0x62, 0xeb, 0x62, 0xeb, 0x62, 0x0c, 0x63, 0xeb, 0x62, 0xeb, 0x62,
    0xeb, 0x62, 0x0c, 0x63, 0xeb, 0x62, 0xeb, 0x62, 0xeb, 0x62, 0x0c, 0x63,
    0xeb, 0x62, 0xeb, 0x62, 0xeb, 0x62, 0x0c, 0x63, 0xeb, 0x62, 0xeb, 0x62,
    0xeb, 0x62, 0x0c, 0x63, 0xeb, 0x62, 0xeb, 0x62, 0xeb, 0x62, 0x0c, 0x63,
    0xeb, 0x62, 0xeb, 0x62, 0xeb, 0x62, 0x0c, 0x63, 0xeb, 0x62, 0xeb, 0x62,
    0xeb, 0x62, 0x0c, 0x63, 0xeb, 0x62, 0xeb, 0x62, 0xeb, 0x62, 0x0c, 0x63,
    0xeb, 0x62, 0xeb, 0x62, 0xeb, 0x62, 0x0c, 0x63, 0xeb, 0x62, 0xeb, 0x62,
    0xeb, 0x62, 0x0c, 0x63, 0xeb, 0x62, 0xeb, 0x62, 0xeb, 0x62, 0x0c, 0x63,
    0xeb, 0x62, 0xeb, 0x62, 0xeb, 0x62, 0x0c, 0x63, 0xeb, 0x62, 0xeb, 0x62,
    0xeb, 0x62, 0x0c, 0x63, 0xeb, 0x62, 0xeb, 0x62, 0xeb, 0x62, 0x0c, 0x63,
    0xeb, 0x62, 0xeb, 0x62, 0xeb, 0x62, 0x0c, 0x63, 0xeb, 0x62, 0xeb, 0x62,
    0xeb, 0x62, 0x0c, 0x63, 0xeb, 0x62, 0xeb, 0x62, 0xeb, 0x62, 0x0c, 0x63,
    0xeb, 0x62, 0xeb, 0x62, 0xeb, 0x62, 0x0c, 0x63, 0xeb, 0x62, 0xeb, 0x62,
    0xeb, 0x62, 0x0c, 0x63, 0xeb, 0x62, 0xeb, 0x62, 0xeb, 0x62, 0x0c, 0x63,
    0xeb, 0x62, 0xeb, 0x62, 0xeb, 0x62, 0x0c, 0x63, 0xeb, 0x62, 0xeb, 0x62,
    0xeb, 0x62, 0x0c, 0x63, 0xeb, 0x62, 0xeb, 0x62, 0xeb, 0x62, 0x0c, 0x63,
    0xeb, 0x62, 0xeb, 0x62, 0xeb, 0x62, 0x0c, 0x63, 0xeb, 0x62, 0xeb, 0x62,
    0xeb, 0x62, 0x0c, 0x63, 0xeb, 0x62, 0xeb, 0x62, 0xeb, 0x62, 0x0c, 0x63,
    0xeb, 0x62, 0xeb, 0x62, 0xeb, 0x62, 0x0c, 0x63, 0xeb, 0x62, 0xeb, 0x62,
    0xeb, 0x62, 0x0c, 0x63, 0xeb, 0x62, 0xeb, 0x62, 0xeb, 0x62, 0x0c, 0x63,
    0xeb, 0x62, 0xeb, 0x62, 0xeb, 0x62, 0x0c, 0x63, 0xeb, 0x62, 0xeb, 0x62,
    0xeb, 0x62, 0x0c, 0x63, 0xeb, 0x62, 0xeb, 0x62, 0xeb, 0x62, 0x0c, 0x63,
    0xeb, 0x62, 0xeb, 0x62, 0xeb, 0x62, 0x0c, 0x63, 0xeb, 0x62, 0xeb, 0x62,
    0xeb, 0x62, 0x0c, 0x63, 0xeb, 0x62, 0xeb, 0x62, 0xeb, 0x62, 0x0c, 0x63,
    0xeb, 0x62, 0xeb, 0x62, 0xeb, 0x62, 0x0c, 0x63, 0xeb, 0x62, 0xeb, 0x62,
    0x0c, 0x63, 0x0c, 0x63, 0x0c, 0x63, 0x0c, 0x63, 0x0c, 0x63, 0x0c, 0x63,
    0x0c, 0x63, 0x0c, 0x63, 0x0c, 0x63, 0x0c, 0x63, 0x0c, 0x63, 0x0c, 0x63,
    0x0c, 0x63, 0x0c, 0x63, 0x0c, 0x63, 0x0c, 0x63, 0x0c, 0x63, 0x0c, 0x63,
    0x0c, 0x63, 0x0c, 0x63, 0x0c, 0x63, 0x0c, 0x63, 0x0c, 0x63, 0x0c, 0x63,
    0x0c, 0x63, 0x0c, 0x63, 0x0c, 0x63, 0x0c, 0x63, 0x0c, 0x63, 0x0c, 0x63,
    0x0c, 0x63, 0x0c, 0x63, 0x0c, 0x63, 0x0c, 0x63, 0x0c, 0x63, 0x0c, 0x63,
    0x0c, 0x63, 0x0c, 0x63, 0x0c, 0x63, 0x0c, 0x63, 0x0c, 0x63, 0x0c, 0x63,
    0x0c, 0x63, 0x0c, 0x63, 0x0c, 0x63, 0x0c, 0x63, 0x0c, 0x63, 0x0c, 0x63,
    0x0c, 0x63, 0x0c, 0x63, 0x0c, 0x63, 0x0c, 0x63, 0x0c, 0x63, 0x0c, 0x63,
    0x0c, 0x63, 0x0c, 0x63, 0x0c, 0x63, 0x0c, 0x63, 0x0c, 0x63, 0x0c, 0x63,
    0x0c, 0x63, 0x0c, 0x63, 0x0c, 0x63, 0x0c, 0x63, 0x0c, 0x63, 0x0c, 0x63,
    0x0c, 0x63, 0x0c, 0x63, 0x0c, 0x63, 0x0c, 0x63, 0x0c, 0x63, 0x0c, 0x63,
    0x0c, 0x63, 0x0c, 0x63, 0x0c, 0x63, 0x0c, 0x63, 0x0c, 0x63, 0x0c, 0x63,
    0x0c, 0x63, 0x0c, 0x63, 0x0c, 0x63, 0x0c, 0x63, 0x0c, 0x63, 0x0c, 0x63,
    0x0c, 0x63, 0x0c, 0x63, 0x0c, 0x63, 0x0c, 0x63, 0x0c, 0x63, 0x0c, 0x63,
    0x0c, 0x63, 0x0c, 0x63, 0x0c, 0x63, 0x0c, 0x63, 0x0c, 0x63, 0x0c, 0x63,
    0x0c, 0x63, 0x0c, 0x63, 0x0c, 0x63, 0x0c, 0x63, 0x0c, 0x63, 0x0c, 0x63,
    0x0c, 0x63, 0x0c, 0x63, 0x0c, 0x63, 0x0c, 0x63, 0x0c, 0x63, 0x0c, 0x63,
    0x0c, 0x63, 0x0c, 0x63, 0x0c, 0x63, 0x0c, 0x63, 0x0c, 0x63, 0x0c, 0x63,
    0x0c, 0x63, 0x0c, 0x63, 0x0c, 0x63, 0x0c, 0x63, 0x0c, 0x63, 0x0c, 0x63,
    0x0c, 0x63, 0x0c, 0x63, 0x0c, 0x63, 0x0c, 0x63, 0x0c, 0x63, 0x0c, 0x63,
    0x0c, 0x63, 0x0c, 0x63, 0x0c, 0x63, 0x0c, 0x63, 0x0c, 0x63, 0x0c, 0x63,
    0x0c, 0x63, 0x0c, 0x63, 0x0c, 0x63, 0x0c, 0x63, 0x0c, 0x63, 0x0c, 0x63,
    0x0c, 0x63, 0x0c, 0x63, 0x0c, 0x63, 0x0c, 0x63, 0x0c, 0x63, 0x0c, 0x63,
    0x0c, 0x63, 0x0c, 0x63, 0x0c, 0x63, 0x0c, 0x63, 0x0c, 0x63, 0x0c, 0x63,
    0xeb, 0x62, 0x0c, 0x63, 0xeb, 0x62, 0x0c, 0x63, 0xeb, 0x62, 0x0c, 0x63,
    0xeb, 0x62, 0x0c, 0x63, 0xeb, 0x62, 0x0c, 0x63, 0xeb, 0x62, 0x0c, 0x63,
    0xeb, 0x62, 0x0c, 0x63, 0xeb, 0x62, 0x0c, 0x63, 0xeb, 0x62, 0x0c, 0x63,
    0xeb, 0x62, 0x0c, 0x63, 0xeb, 0x62, 0x0c, 0x63, 0xeb, 0x62, 0x0c, 0x63,
    0xeb, 0x62, 0x0c, 0x63, 0xeb, 0x62, 0x0c, 0x63, 0xeb, 0x62, 0x0c, 0x63,
    0xeb, 0x62, 0x0c, 0x63, 0xeb, 0x62, 0x0c, 0x63, 0xeb, 0x62, 0x0c, 0x63,
    0xeb, 0x62, 0x0c, 0x63, 0xeb, 0x62, 0x0c, 0x63, 0xeb, 0x62, 0x0c, 0x63,
    0xeb, 0x62, 0x0c, 0x63, 0xeb, 0x62, 0x0c, 0x63, 0xeb, 0x62, 0x0c, 0x63,
    0xeb, 0x62, 0x0c, 0x63, 0xeb, 0x62, 0x0c, 0x63, 0xeb, 0x62, 0x0c, 0x63,
    0xeb, 0x62, 0x0c, 0x63, 0xeb, 0x62, 0x0c, 0x63, 0xeb, 0x62, 0x0c, 0x63,
    0xeb, 0x62, 0x0c, 0x63, 0xeb, 0x62, 0x0c, 0x63, 0xeb, 0x62, 0x0c, 0x63,
    0xeb, 0x62, 0x0c, 0x63, 0xeb, 0x62, 0x0c, 0x63, 0xeb, 0x62, 0x0c, 0x63,
    0xeb, 0x62, 0x0c, 0x63, 0xeb, 0x62, 0x0c, 0x63, 0xeb, 0x62, 0x0c, 0x63,
    0xeb, 0x62, 0x0c, 0x63, 0xeb, 0x62, 0x0c, 0x63, 0xeb, 0x62, 0x0c, 0x63,
    0xeb, 0x62, 0x0c, 0x63, 0xeb, 0x62, 0x0c, 0x63, 0xeb, 0x62, 0x0c, 0x63,
    0xeb, 0x62, 0x0c, 0x63, 0xeb, 0x62, 0x0c, 0x63, 0xeb, 0x62, 0x0c, 0x63,
    0xeb, 0x62, 0x0c, 0x63, 0xeb, 0x62, 0x0c, 0x63, 0xeb, 0x62, 0x0c, 0x63,
    0xeb, 0x62, 0x0c, 0x63, 0xeb, 0x62, 0x0c, 0x63, 0xeb, 0x62, 0x0c, 0x63,
    0xeb, 0x62, 0x0c, 0x63, 0xeb, 0x62, 0x0c, 0x63, 0xeb, 0x62, 0x0c, 0x63,
    0xeb, 0x62, 0x0c, 0x63, 0xeb, 0x62, 0x0c, 0x63, 0xeb, 0x62, 0x0c, 0x63,
    0xeb, 0x62, 0x0c, 0x63, 0xeb, 0x62, 0x0c, 0x63, 0xeb, 0x62, 0x0c, 0x63,
    0xeb, 0x62, 0x0c, 0x63, 0xeb, 0x62, 0x0c, 0x63, 0xeb, 0x62, 0x0c, 0x63,
    0xeb, 0x62, 0x0c, 0x63, 0xeb, 0x62, 0x0c, 0x63, 0xeb, 0x62, 0x0c, 0x63,
    0xeb, 0x62, 0x0c, 0x63, 0xeb, 0x62, 0x0c, 0x63, 0xeb, 0x62, 0x0c, 0x63,
    0xeb, 0x62, 0x0c, 0x63, 0xeb, 0x62, 0x0c, 0x63, 0xeb, 0x62, 0x0c, 0x63,
    0x0c, 0x63, 0x0c, 0x63, 0x0c, 0x63, 0x0c, 0x63, 0x0c, 0x63, 0x0c, 0x63,
    0x0c, 0x63, 0x0c, 0x63, 0x0c, 0x63, 0x0c, 0x63, 0x0c, 0x63, 0x0c, 0x63,
    0x0c, 0x63, 0x0c, 0x63, 0x0c, 0x63, 0x0c, 0x63, 0x0c, 0x63, 0x0c, 0x63,
    0x0c, 0x63, 0x0c, 0x63, 0x0c, 0x63, 0x0c, 0x63, 0x0c, 0x63, 0x0c, 0x63,
    0x0c, 0x63, 0x0c, 0x63, 0x0c, 0x63, 0x0c, 0x63, 0x0c, 0x63, 0x0c, 0x63,
    0x0c, 0x63, 0x0c, 0x63, 0x0c, 0x63, 0x0c, 0x63, 0x0c, 0x63, 0x0c, 0x63,
    0x0c, 0x63, 0x0c, 0x63, 0x0c, 0x63, 0x0c, 0x63, 0x0c, 0x63, 0x0c, 0x63,
    0x0c, 0x63, 0x0c, 0x63, 0x0c, 0x63, 0x0c, 0x63, 0x0c, 0x63, 0x0c, 0x63,
    0x0c, 0x63, 0x0c, 0x63, 0x0c, 0x63, 0x0c, 0x63, 0x0c, 0x63, 0x0c, 0x63,
    0x0c, 0x63, 0x0c, 0x63, 0x0c, 0x63, 0x0c, 0x63, 0x0c, 0x63, 0x0c, 0x63,
    0x0c, 0x63, 0x0c, 0x63, 0x0c, 0x63, 0x0c, 0x63, 0x0c, 0x63, 0x0c, 0x63,
    0x0c, 0x63, 0x0c, 0x63, 0x0c, 0x63, 0x0c, 0x63, 0x0c, 0x63, 0x0c, 0x63,
    0x0c, 0x63, 0x0c, 0x63, 0x0c, 0x63, 0x0c, 0x63, 0x0c, 0x63, 0x0c, 0x63,
    0x0c, 0x63, 0x0c, 0x63, 0x0c, 0x63, 0x0c, 0x63, 0x0c, 0x63, 0x0c, 0x63,
    0x0c, 0x63, 0x0c, 0x63, 0x0c, 0x63, 0x0c, 0x63, 0x0c, 0x63, 0x0c, 0x63,
    0x0c, 0x63, 0x0c, 0x63, 0x0c, 0x63, 0x0c, 0x63, 0x0c, 0x63, 0x0c, 0x63,
    0x0c, 0x63, 0x0c, 0x63, 0x0c, 0x63, 0x0c, 0x63, 0x0c, 0x63, 0x0b, 0x63,
    0x0b, 0x63, 0x0c, 0x63, 0x0c, 0x63, 0x0c, 0x63, 0x0b, 0x63, 0x0c, 0x63,
    0x0c, 0x63, 0x0c, 0x63, 0x0c, 0x63, 0x0c, 0x63, 0x0b, 0x63, 0x0c, 0x63,
    0x0c, 0x63, 0x0c, 0x63, 0x0b, 0x63, 0x0c, 0x63, 0x0c, 0x63, 0x0c, 0x63,
    0x0c, 0x63, 0x0c, 0x63, 0x0c, 0x63, 0x0c, 0x63, 0x0c, 0x63, 0x0c, 0x63,
    0x0c, 0x63, 0x0c, 0x63, 0x0c, 0x63, 0x0c, 0x63, 0x0c, 0x63, 0x0c, 0x63,
    0x0c, 0x63, 0x0c, 0x63, 0x0c, 0x63, 0x0c, 0x63, 0x0c, 0x63, 0x0c, 0x63,
    0x0c, 0x63, 0x0c, 0x63, 0x0c, 0x63, 0x0c, 0x63, 0x0c, 0x63, 0x0c, 0x63,
    0x0c, 0x63, 0x0c, 0x63, 0x0c, 0x63, 0x0c, 0x63, 0x0c, 0x63, 0x0c, 0x63,
    0xeb, 0x62, 0xeb, 0x62, 0xeb, 0x62, 0xeb, 0x62, 0xeb, 0x62, 0xeb, 0x62,
    0xeb, 0x62, 0xeb, 0x62, 0xeb, 0x62, 0xeb, 0x62, 0xeb, 0x62, 0xeb, 0x62,
    0xeb, 0x62, 0xeb, 0x62, 0xeb, 0x62, 0xeb, 0x62, 0xeb, 0x62, 0xeb, 0x62,
    0xeb, 0x62, 0xeb, 0x62, 0xeb, 0x62, 0xeb, 0x62, 0xeb, 0x62, 0xeb, 0x62,
    0xeb, 0x62, 0xeb, 0x62, 0xeb, 0x62, 0xeb, 0x62, 0xeb, 0x62, 0xeb, 0x62,
    0xeb, 0x62, 0xeb, 0x62, 0xeb, 0x62, 0xeb, 0x62, 0xeb, 0x62, 0xeb, 0x62,
    0xeb, 0x62, 0xeb, 0x62, 0xeb, 0x62, 0xeb, 0x62, 0xeb, 0x62, 0xeb, 0x62,
    0xeb, 0x62, 0xeb, 0x62, 0xeb, 0x62, 0xeb, 0x62, 0xeb, 0x62, 0xeb, 0x62,
    0xeb, 0x62, 0xeb, 0x62, 0xeb, 0x62, 0xeb, 0x62, 0xeb, 0x62, 0xeb, 0x62,
    0xeb, 0x62, 0xeb, 0x62, 0xeb, 0x62, 0xeb, 0x62, 0xeb, 0x62, 0xeb, 0x62,
    0xeb, 0x62, 0xeb, 0x62, 0xeb, 0x62, 0xeb, 0x62, 0xeb, 0x62, 0xeb, 0x62,
    0xeb, 0x62, 0xeb, 0x62, 0xeb, 0x62, 0xeb, 0x62, 0xeb, 0x62, 0xeb, 0x62,
    0xeb, 0x62, 0xeb, 0x62, 0xeb, 0x62, 0xeb, 0x62, 0xeb, 0x62, 0xeb, 0x62,
    0xeb, 0x62, 0xeb, 0x62, 0xeb, 0x62, 0xeb, 0x62, 0xeb, 0x62, 0xeb, 0x62,
    0xeb, 0x62, 0xeb, 0x62, 0xeb, 0x62, 0xeb, 0x62, 0xeb, 0x62, 0xeb, 0x62,
    0xeb, 0x62, 0xeb, 0x62, 0xeb, 0x62, 0xeb, 0x62, 0xeb, 0x62, 0xeb, 0x62,
    0xeb, 0x62, 0xeb, 0x62, 0xeb, 0x62, 0xeb, 0x62, 0xeb, 0x62, 0xd7, 0xbd,
    0x7d, 0xef, 0x7d, 0xef, 0x5d, 0xe7, 0x4c, 0x6b, 0x0c, 0x63, 0x0b, 0x63,
    0xeb, 0x62, 0xeb, 0x62, 0xeb, 0x62, 0x51, 0x8c, 0x7d, 0xef, 0x7d, 0xef,
    0x7d, 0xef, 0x51, 0x8c, 0x0c, 0x63, 0x0c, 0x63, 0xeb, 0x62, 0xeb, 0x62,
    0xeb, 0x62, 0xeb, 0x62, 0xeb, 0x62, 0xeb, 0x62, 0xeb, 0x62, 0xeb, 0x62,
    0xeb, 0x62, 0xeb, 0x62, 0xeb, 0x62, 0xeb, 0x62, 0xeb, 0x62, 0xeb, 0x62,
    0xeb, 0x62, 0xeb, 0x62, 0xeb, 0x62, 0xeb, 0x62, 0xeb, 0x62, 0xeb, 0x62,
    0xeb, 0x62, 0xeb, 0x62, 0xeb, 0x62, 0xeb, 0x62, 0xeb, 0x62, 0xeb, 0x62,
    0xeb, 0x62, 0xeb, 0x62, 0xeb, 0x62, 0xeb, 0x62, 0xeb, 0x62, 0xeb, 0x62,
    0x0c, 0x63, 0x0c, 0x63, 0x0c, 0x63, 0x0c, 0x63, 0x0c, 0x63, 0x0c, 0x63,
    0x0c, 0x63, 0x0c, 0x63, 0x0c, 0x63, 0x0c, 0x63, 0x0c, 0x63, 0x0c, 0x63,
    0x0c, 0x63, 0x0c, 0x63, 0x0c, 0x63, 0x0c, 0x63, 0x0c, 0x63, 0x0c, 0x63,
    0x0c, 0x63, 0x0c, 0x63, 0x0c, 0x63, 0x0c, 0x63, 0x0c, 0x63, 0x0c, 0x63,
    0x0c, 0x63, 0x0c, 0x63, 0x0c, 0x63, 0x0c, 0x63, 0x0c, 0x63, 0x0c, 0x63,
    0x0c, 0x63, 0x0c, 0x63, 0x0c, 0x63, 0x0c, 0x63, 0x0c, 0x63, 0x0c, 0x63,
    0x0c, 0x63, 0x0c, 0x63, 0x0c, 0x63, 0x0c, 0x63, 0x0c, 0x63, 0x0c, 0x63,
    0x0c, 0x63, 0x0c, 0x63, 0x0c, 0x63, 0x0c, 0x63, 0x0c, 0x63, 0x0c, 0x63,
    0x0c, 0x63, 0x0c, 0x63, 0x0c, 0x63, 0x0c, 0x63, 0x0c, 0x63, 0x0c, 0x63,
    0x0c, 0x63, 0x0c, 0x63, 0x0c, 0x63, 0x0c, 0x63, 0x0c, 0x63, 0x0c, 0x63,
    0x0c, 0x63, 0x0c, 0x63, 0x0c, 0x63, 0x0c, 0x63, 0x0c, 0x63, 0x0c, 0x63,
    0x0c, 0x63, 0x0c, 0x63, 0x0c, 0x63, 0x0c, 0x63, 0x0c, 0x63, 0x0c, 0x63,
    0x0c, 0x63, 0x0c, 0x63, 0x0c, 0x63, 0x0c, 0x63, 0x0c, 0x63, 0x0c, 0x63,
    0x0c, 0x63, 0x0c, 0x63, 0x0c, 0x63, 0x0c, 0x63, 0x0c, 0x63, 0x0c, 0x63,
    0x0c, 0x63, 0x0c, 0x63, 0x0c, 0x63, 0x0c, 0x63, 0x0c, 0x63, 0x0c, 0x63,
    0x0c, 0x63, 0x0c, 0x63, 0x0c, 0x63, 0x0c, 0x63, 0x0c, 0x63, 0x0c, 0x63,
    0x0c, 0x63, 0x0c, 0x63, 0x0c, 0x63, 0x0c, 0x63, 0x0b, 0x63, 0xef, 0x7b,
    0xdf, 0xf7, 0xdf, 0xff, 0xdf, 0xff, 0x38, 0xc6, 0x4c, 0x6b, 0x0c, 0x63,
    0x0b, 0x63, 0x0c, 0x63, 0x0c, 0x63, 0x5d, 0xef, 0xdf, 0xff, 0xdf, 0xff,
    0x7d, 0xef, 0x8c, 0x73, 0x4c, 0x6b, 0x0c, 0x63, 0x0c, 0x63, 0x0c, 0x63,
    0x0c, 0x63, 0x0c, 0x63, 0x0c, 0x63, 0x0c, 0x63, 0x0c, 0x63, 0x0c, 0x63,
    0x0c, 0x63, 0x0c, 0x63, 0x0c, 0x63, 0x0c, 0x63, 0x0c, 0x63, 0x0c, 0x63,
    0x0c, 0x63, 0x0c, 0x63, 0x0c, 0x63, 0x0c, 0x63, 0x0c, 0x63, 0x0c, 0x63,
    0x0c, 0x63, 0x0c, 0x63, 0x0c, 0x63, 0x0c, 0x63, 0x0c, 0x63, 0x0c, 0x63,
    0x0c, 0x63, 0x0c, 0x63, 0x0c, 0x63, 0x0c, 0x63, 0x0c, 0x63, 0x0c, 0x63,
    0xeb, 0x62, 0xeb, 0x62, 0xeb, 0x62, 0xeb, 0x62, 0xeb, 0x62, 0xeb, 0x62,
    0xeb, 0x62, 0xeb, 0x62, 0xeb, 0x62, 0xeb, 0x62, 0xeb, 0x62, 0xeb, 0x62,
    0xeb, 0x62, 0xeb, 0x62, 0xeb, 0x62, 0xeb, 0x62, 0xeb, 0x62, 0xeb, 0x62,
    0xeb, 0x62, 0xeb, 0x62, 0xeb, 0x62, 0xeb, 0x62, 0xeb, 0x62, 0xeb, 0x62,
    0xeb, 0x62, 0xeb, 0x62, 0xeb, 0x62, 0xeb, 0x62, 0xeb, 0x62, 0xeb, 0x62,
    0xeb, 0x62, 0xeb, 0x62, 0xeb, 0x62, 0xeb, 0x62, 0xeb, 0x62, 0xeb, 0x62,
    0xeb, 0x62, 0xeb, 0x62, 0xeb, 0x62, 0xeb, 0x62, 0xeb, 0x62, 0xeb, 0x62,
    0xeb, 0x62, 0xeb, 0x62, 0xeb, 0x62, 0xeb, 0x62, 0xeb, 0x62, 0xeb, 0x62,
    0xeb, 0x62, 0xeb, 0x62, 0xeb, 0x62, 0xeb, 0x62, 0xeb, 0x62, 0xeb, 0x62,
    0xeb, 0x62, 0xeb, 0x62, 0xeb, 0x62, 0xeb, 0x62, 0xeb, 0x62, 0xeb, 0x62,
    0xeb, 0x62, 0xeb, 0x62, 0xeb, 0x62, 0xeb, 0x62, 0xeb, 0x62, 0xeb, 0x62,
    0xeb, 0x62, 0xeb, 0x62, 0xeb, 0x62, 0xeb, 0x62, 0xeb, 0x62, 0xeb, 0x62,
    0xeb, 0x62, 0xeb, 0x62, 0xeb, 0x62, 0xeb, 0x62, 0xeb, 0x62, 0xeb, 0x62,
    0xeb, 0x62, 0xeb, 0x62, 0xeb, 0x62, 0xeb, 0x62, 0xeb, 0x62, 0xeb, 0x62,
    0xeb, 0x62, 0xeb, 0x62, 0xeb, 0x62, 0xeb, 0x62, 0xeb, 0x62, 0xeb, 0x62,
    0xeb, 0x62, 0xeb, 0x62, 0xeb, 0x62, 0xeb, 0x62, 0xeb, 0x62, 0xeb, 0x62,
    0xeb, 0x62, 0xeb, 0x62, 0xeb, 0x62, 0xeb, 0x62, 0x0b, 0x63, 0x0c, 0x63,
    0x59, 0xce, 0xdf, 0xff, 0xdf, 0xff, 0xdf, 0xf7, 0xee, 0x7b, 0x2c, 0x6b,
    0x0b, 0x63, 0x0b, 0x63, 0x14, 0xa5, 0xdf, 0xff, 0xdf, 0xff, 0xdf, 0xff,
    0x12, 0xa5, 0x8c, 0x73, 0x2c, 0x6b, 0x0b, 0x63, 0xeb, 0x62, 0xeb, 0x62,
    0xeb, 0x62, 0xeb, 0x62, 0xeb, 0x62, 0xeb, 0x62, 0xeb, 0x62, 0xeb, 0x62,
    0xeb, 0x62, 0xeb, 0x62, 0xeb, 0x62, 0xeb, 0x62, 0xeb, 0x62, 0xeb, 0x62,
    0xeb, 0x62, 0xeb, 0x62, 0xeb, 0x62, 0xeb, 0x62, 0xeb, 0x62, 0xeb, 0x62,
    0xeb, 0x62, 0xeb, 0x62, 0xeb, 0x62, 0xeb, 0x62, 0xeb, 0x62, 0xeb, 0x62,
    0xeb, 0x62, 0xeb, 0x62, 0xeb, 0x62, 0xeb, 0x62, 0xeb, 0x62, 0xeb, 0x62,
    0x0c, 0x63, 0x0c, 0x63, 0x0c, 0x63, 0x0c, 0x63, 0x0c, 0x63, 0x0c, 0x63,
    0x0c, 0x63, 0x0c, 0x63, 0x0c, 0x63, 0x0c, 0x63, 0x0c, 0x63, 0x0c, 0x63,
    0x0c, 0x63, 0x0c, 0x63, 0x0c, 0x63, 0x0c, 0x63, 0x0c, 0x63, 0x0c, 0x63,
    0x0c, 0x63, 0x0c, 0x63, 0x0c, 0x63, 0x0c, 0x63, 0x0c, 0x63, 0x0c, 0x63,
    0x0c, 0x63, 0x0c, 0x63, 0x0c, 0x63, 0x0c, 0x63, 0x0c, 0x63, 0x0c, 0x63,
    0x0c, 0x63, 0x0c, 0x63, 0x0c, 0x63, 0x0c, 0x63, 0x0c, 0x63, 0x0c, 0x63,
    0x0c, 0x63, 0x0c, 0x63, 0x0c, 0x63, 0x0c, 0x63, 0x0c, 0x63, 0x0c, 0x63,
    0x0c, 0x63, 0x0c, 0x63, 0x0c, 0x63, 0x0c, 0x63, 0x0c, 0x63, 0x0c, 0x63,
    0x0c, 0x63, 0x0c, 0x63, 0x0c, 0x63, 0x0c, 0x63, 0x0c, 0x63, 0x0c, 0x63,
    0x0c, 0x63, 0x0c, 0x63, 0x0c, 0x63, 0x0c, 0x63, 0x0c, 0x63, 0x0c, 0x63,
    0x0c, 0x63, 0x0c, 0x63, 0x0c, 0x63, 0x0c, 0x63, 0x0c, 0x63, 0x0c, 0x63,
    0x0c, 0x63, 0x0c, 0x63, 0x0c, 0x63, 0x0c, 0x63, 0x0c, 0x63, 0x0c, 0x63,
    0x0c, 0x63, 0x0c, 0x63, 0x0c, 0x63, 0x0c, 0x63, 0x0c, 0x63, 0x0c, 0x63,
    0x0c, 0x63, 0x0c, 0x63, 0x0c, 0x63, 0x0c, 0x63, 0x0c, 0x63, 0x0c, 0x63,
    0x0c, 0x63, 0x0c, 0x63, 0x0c, 0x63, 0x0c, 0x63, 0x0c, 0x63, 0x0c, 0x63,
    0x0c, 0x63, 0x0c, 0x63, 0x0c, 0x63, 0x0c, 0x63, 0x0c, 0x63, 0x0c, 0x63,
    0x0c, 0x63, 0x0c, 0x63, 0x0c, 0x63, 0x0c, 0x63, 0x0c, 0x63, 0x0c, 0x63,
    0x6d, 0x73, 0xbe, 0xf7, 0xdf, 0xff, 0xdf, 0xff, 0xda, 0xde, 0x6c, 0x6b,
    0x2c, 0x63, 0x2c, 0x63, 0x9e, 0xf7, 0xdf, 0xff, 0xdf, 0xff, 0x1b, 0xe7,
    0xcc, 0x7b, 0x6c, 0x73, 0x2c, 0x6b, 0x0b, 0x63, 0x0c, 0x63, 0x0c, 0x63,
    0x0c, 0x63, 0x0c, 0x63, 0x0c, 0x63, 0x0c, 0x63, 0x0c, 0x63, 0x0c, 0x63,
    0x0c, 0x63, 0x0c, 0x63, 0x0c, 0x63, 0x0c, 0x63, 0x0c, 0x63, 0x0c, 0x63,
    0x0c, 0x63, 0x0c, 0x63, 0x0c, 0x63, 0x0c, 0x63, 0x0c, 0x63, 0x0c, 0x63,
    0x0c, 0x63, 0x0c, 0x63, 0x0c, 0x63, 0x0c, 0x63, 0x0c, 0x63, 0x0c, 0x63,
    0x0c, 0x63, 0x0c, 0x63, 0x0c, 0x63, 0x0c, 0x63, 0x0c, 0x63, 0x0c, 0x63,
    0xeb, 0x62, 0xeb, 0x62, 0xeb, 0x62, 0xeb, 0x62, 0xeb, 0x62, 0xeb, 0x62,
    0xeb, 0x62, 0xeb, 0x62, 0xeb, 0x62, 0xeb, 0x62, 0xeb, 0x62, 0xeb, 0x62,
    0xeb, 0x62, 0xeb, 0x62, 0xeb, 0x62, 0xeb, 0x62, 0xeb, 0x62, 0xeb, 0x62,
    0xeb, 0x62, 0xeb, 0x62, 0xeb, 0x62, 0xeb, 0x62, 0xeb, 0x62, 0xeb, 0x62,
    0xeb, 0x62, 0xeb, 0x62, 0xeb, 0x62, 0xeb, 0x62, 0xeb, 0x62, 0xeb, 0x62,
    0xeb, 0x62, 0xeb, 0x62, 0xeb, 0x62, 0xeb, 0x62, 0xeb, 0x62, 0xeb, 0x62,
    0xeb, 0x62, 0xeb, 0x62, 0xeb, 0x62, 0xeb, 0x62, 0xeb, 0x62, 0xeb, 0x62,
    0xeb, 0x62, 0xeb, 0x62, 0xeb, 0x62, 0xeb, 0x62, 0xeb, 0x62, 0xeb, 0x62,
    0xeb, 0x62, 0xeb, 0x62, 0xeb, 0x62, 0xeb, 0x62, 0xeb, 0x62, 0xeb, 0x62,
    0xeb, 0x62, 0xeb, 0x62, 0xeb, 0x62, 0xeb, 0x62, 0xeb, 0x62, 0xeb, 0x62,
    0xeb, 0x62, 0xeb, 0x62, 0xeb, 0x62, 0xeb, 0x62, 0xeb, 0x62, 0xeb, 0x62,
    0xeb, 0x62, 0xeb, 0x62, 0xeb, 0x62, 0xeb, 0x62, 0xeb, 0x62, 0xeb, 0x62,
    0xeb, 0x62, 0xeb, 0x62, 0xeb, 0x62, 0xeb, 0x62, 0xeb, 0x62, 0xeb, 0x62,
    0xeb, 0x62, 0xeb, 0x62, 0xeb, 0x62, 0xeb, 0x62, 0xeb, 0x62, 0xeb, 0x62,
    0xeb, 0x62, 0xeb, 0x62, 0xeb, 0x62, 0xeb, 0x62, 0xeb, 0x62, 0xeb, 0x62,
    0xeb, 0x62, 0xeb, 0x62, 0xeb, 0x62, 0xeb, 0x62, 0xeb, 0x62, 0xeb, 0x62,
    0xeb, 0x62, 0xeb, 0x62, 0xeb, 0x62, 0xeb, 0x62, 0xeb, 0x62, 0x0b, 0x63,
    0x0c, 0x63, 0x95, 0xb5, 0xdf, 0xff, 0xdf, 0xff, 0xdf, 0xff, 0x50, 0x8c,
    0x4b, 0x6b, 0xd7, 0xbd, 0xdf, 0xff, 0xdf, 0xff, 0xdf, 0xff, 0x6f, 0x8c,
    0x8c, 0x73, 0x4c, 0x6b, 0x0b, 0x63, 0xeb, 0x62, 0xeb, 0x62, 0xeb, 0x62,
    0xeb, 0x62, 0xeb, 0x62, 0xeb, 0x62, 0xeb, 0x62, 0xeb, 0x62, 0xeb, 0x62,
    0xeb, 0x62, 0xeb, 0x62, 0xeb, 0x62, 0xeb, 0x62, 0xeb, 0x62, 0xeb, 0x62,
    0xeb, 0x62, 0xeb, 0x62, 0xeb, 0x62, 0xeb, 0x62, 0xeb, 0x62, 0xeb, 0x62,
    0xeb, 0x62, 0xeb, 0x62, 0xeb, 0x62, 0xeb, 0x62, 0xeb, 0x62, 0xeb, 0x62,
    0xeb, 0x62, 0xeb, 0x62, 0xeb, 0x62, 0xeb, 0x62, 0xeb, 0x62, 0xeb, 0x62,
    0xeb, 0x62, 0x0c, 0x63, 0x0c, 0x63, 0x0c, 0x63, 0xeb, 0x62, 0x0c, 0x63,
    0x0c, 0x63, 0x0c, 0x63, 0xeb, 0x62, 0x0c, 0x63, 0x0c, 0x63, 0x0c, 0x63,
    0xeb, 0x62, 0x0c, 0x63, 0x0c, 0x63, 0x0c, 0x63, 0xeb, 0x62, 0x0c, 0x63,
    0x0c, 0x63, 0x0c, 0x63, 0xeb, 0x62, 0x0c, 0x63, 0x0c, 0x63, 0x0c, 0x63,
    0xeb, 0x62, 0x0c, 0x63, 0x0c, 0x63, 0x0c, 0x63, 0xeb, 0x62, 0x0c, 0x63,
    0x0c, 0x63, 0x0c, 0x63, 0xeb, 0x62, 0x0c, 0x63, 0x0c, 0x63, 0x0c, 0x63,
    0xeb, 0x62, 0x0c, 0x63, 0x0c, 0x63, 0x0c, 0x63, 0xeb, 0x62, 0x0c, 0x63,
    0x0c, 0x63, 0x0c, 0x63, 0xeb, 0x62, 0x0c, 0x63, 0x0c, 0x63, 0x0c, 0x63,
    0xeb, 0x62, 0x0c, 0x63, 0x0c, 0x63, 0x0c, 0x63, 0xeb, 0x62, 0x0c, 0x63,
    0x0c, 0x63, 0x0c, 0x63, 0xeb, 0x62, 0x0c, 0x63, 0x0c, 0x63, 0x0c, 0x63,
    0xeb, 0x62, 0x0c, 0x63, 0x0c, 0x63, 0x0c, 0x63, 0xeb, 0x62, 0x0c, 0x63,
    0x0c, 0x63, 0x0c, 0x63, 0xeb, 0x62, 0x0c, 0x63, 0x0c, 0x63, 0x0c, 0x63,
    0xeb, 0x62, 0x0c, 0x63, 0x0c, 0x63, 0x0c, 0x63, 0xeb, 0x62, 0x0c, 0x63,
    0x0c, 0x63, 0x0c, 0x63, 0xeb, 0x62, 0x0c, 0x63, 0x0c, 0x63, 0x0c, 0x63,
    0xeb, 0x62, 0x0c, 0x63, 0x0c, 0x63, 0x0c, 0x63, 0xeb, 0x62, 0x0c, 0x63,
    0x0c, 0x63, 0x0c, 0x63, 0xeb, 0x62, 0x0c, 0x63, 0x0c, 0x63, 0x0c, 0x63,
    0xeb, 0x62, 0x0c, 0x63, 0x0c, 0x63, 0x0c, 0x63, 0xeb, 0x62, 0x0c, 0x63,
    0x0c, 0x63, 0x2c, 0x6b, 0x7d, 0xef, 0xdf, 0xff, 0xdf, 0xff, 0x3c, 0xe7,
    0xce, 0x7b, 0xbf, 0xf7, 0xdf, 0xff, 0xdf, 0xff, 0x79, 0xce, 0xcc, 0x7b,
    0x6c, 0x73, 0x2c, 0x63, 0x0b, 0x63, 0x0c, 0x63, 0x0c, 0x63, 0x0c, 0x63,
    0xeb, 0x62, 0x0c, 0x63, 0x0c, 0x63, 0x0c, 0x63, 0xeb, 0x62, 0x0c, 0x63,
    0x0c, 0x63, 0x0c, 0x63, 0xeb, 0x62, 0x0c, 0x63, 0x0c, 0x63, 0x0c, 0x63,
    0xeb, 0x62, 0x0c, 0x63, 0x0c, 0x63, 0x0c, 0x63, 0xeb, 0x62, 0x0c, 0x63,
    0x0c, 0x63, 0x0c, 0x63, 0xeb, 0x62, 0x0c, 0x63, 0x0c, 0x63, 0x0c, 0x63,
    0xeb, 0x62, 0x0c, 0x63, 0x0c, 0x63, 0x0c, 0x63, 0xeb, 0x62, 0x0c, 0x63,
    0xeb, 0x62, 0xeb, 0x62, 0xeb, 0x62, 0xeb, 0x62, 0xeb, 0x62, 0xeb, 0x62,
    0xeb, 0x62, 0xeb, 0x62, 0xeb, 0x62, 0xeb, 0x62, 0xeb, 0x62, 0xeb, 0x62,
    0xeb, 0x62, 0xeb, 0x62, 0xeb, 0x62, 0xeb, 0x62, 0xeb, 0x62, 0xeb, 0x62,
    0xeb, 0x62, 0xeb, 0x62, 0xeb, 0x62, 0xeb, 0x62, 0xeb, 0x62, 0xeb, 0x62,
    0xeb, 0x62, 0xeb, 0x62, 0xeb, 0x62, 0xeb, 0x62, 0xeb, 0x62, 0xeb, 0x62,
    0xeb, 0x62, 0xeb, 0x62, 0xeb, 0x62, 0xeb, 0x62, 0xeb, 0x62, 0xeb, 0x62,
    0xeb, 0x62, 0xeb, 0x62, 0xeb, 0x62, 0xeb, 0x62, 0xeb, 0x62, 0xeb, 0x62,
    0xeb, 0x62, 0xeb, 0x62, 0xeb, 0x62, 0xeb, 0x62, 0xeb, 0x62, 0xeb, 0x62,
    0xeb, 0x62, 0xeb, 0x62, 0xeb, 0x62, 0xeb, 0x62, 0xeb, 0x62, 0xeb, 0x62,
    0xeb, 0x62, 0xeb, 0x62, 0xeb, 0x62, 0xeb, 0x62, 0xeb, 0x62, 0xeb, 0x62,
    0xeb, 0x62, 0xeb, 0x62, 0xeb, 0x62, 0xeb, 0x62, 0xeb, 0x62, 0xeb, 0x62,
    0xeb, 0x62, 0xeb, 0x62, 0xeb, 0x62, 0xeb, 0x62, 0xeb, 0x62, 0xeb, 0x62,
    0xeb, 0x62, 0xeb, 0x62, 0xeb, 0x62, 0xeb, 0x62, 0xeb, 0x62, 0xeb, 0x62,
    0xeb, 0x62, 0xeb, 0x62, 0xeb, 0x62, 0xeb, 0x62, 0xeb, 0x62, 0xeb, 0x62,
    0xeb, 0x62, 0xeb, 0x62, 0xeb, 0x62, 0xeb, 0x62, 0xeb, 0x62, 0xeb, 0x62,
    0xeb, 0x62, 0xeb, 0x62, 0xeb, 0x62, 0xeb, 0x62, 0xeb, 0x62, 0xeb, 0x62,
    0xeb, 0x62, 0xeb, 0x62, 0xeb, 0x62, 0xeb, 0x62, 0xeb, 0x62, 0xeb, 0x62,
    0x0b, 0x63, 0x0c, 0x63, 0x92, 0x94, 0xdf, 0xff, 0xdf, 0xff, 0xdf, 0xff,
    0x3c, 0xe7, 0xdf, 0xff, 0xdf, 0xff, 0xbe, 0xf7, 0x0d, 0x84, 0x8c, 0x73,
    0x2c, 0x6b, 0x0b, 0x63, 0x0b, 0x63, 0xeb, 0x62, 0xeb, 0x62, 0xeb, 0x62,
    0xeb, 0x62, 0xeb, 0x62, 0xeb, 0x62, 0xeb, 0x62, 0xeb, 0x62, 0xeb, 0x62,
    0xeb, 0x62, 0xeb, 0x62, 0xeb, 0x62, 0xeb, 0x62, 0xeb, 0x62, 0xeb, 0x62,
    0xeb, 0x62, 0xeb, 0x62, 0xeb, 0x62, 0xeb, 0x62, 0xeb, 0x62, 0xeb, 0x62,
    0xeb, 0x62, 0xeb, 0x62, 0xeb, 0x62, 0xeb, 0x62, 0xeb, 0x62, 0xeb, 0x62,
    0xeb, 0x62, 0xeb, 0x62, 0xeb, 0x62, 0xeb, 0x62, 0xeb, 0x62, 0xeb, 0x62,
    0x0c, 0x63, 0x0c, 0x63, 0x0c, 0x63, 0x0c, 0x63, 0x0c, 0x63, 0x0c, 0x63,
    0x0c, 0x63, 0x0c, 0x63, 0x0c, 0x63, 0x0c, 0x63, 0x0c, 0x63, 0x0c, 0x63,
    0x0c, 0x63, 0x0c, 0x63, 0x0c, 0x63, 0x0c, 0x63, 0x0c, 0x63, 0x0c, 0x63,
    0x0c, 0x63, 0x0c, 0x63, 0x0c, 0x63, 0x0c, 0x63, 0x0c, 0x63, 0x0c, 0x63,
    0x0c, 0x63, 0x0c, 0x63, 0x0c, 0x63, 0x0c, 0x63, 0x0c, 0x63, 0x0c, 0x63,
    0x0c, 0x63, 0x0c, 0x63, 0x0c, 0x63, 0x0c, 0x63, 0x0c, 0x63, 0x0c, 0x63,
    0x0c, 0x63, 0x0c, 0x63, 0x0c, 0x63, 0x0c, 0x63, 0x0c, 0x63, 0x0c, 0x63,
    0x0c, 0x63, 0x0c, 0x63, 0x0c, 0x63, 0x0c, 0x63, 0x0c, 0x63, 0x0c, 0x63,
    0x0c, 0x63, 0x0c, 0x63, 0x0c, 0x63, 0x0c, 0x63, 0x0c, 0x63, 0x0c, 0x63,
    0x0c, 0x63, 0x0c, 0x63, 0x0c, 0x63, 0x0c, 0x63, 0x0c, 0x63, 0x0c, 0x63,
    0x0c, 0x63, 0x0c, 0x63, 0x0c, 0x63, 0x0c, 0x63, 0x0c, 0x63, 0x0c, 0x63,
    0x0c, 0x63, 0x0c, 0x63, 0x0c, 0x63, 0x0c, 0x63, 0x0c, 0x63, 0x0c, 0x63,
    0x0c, 0x63, 0x0c, 0x63, 0x0c, 0x63, 0x0c, 0x63, 0x0c, 0x63, 0x0c, 0x63,
    0x0c, 0x63, 0x0c, 0x63, 0x0c, 0x63, 0x0c, 0x63, 0x0c, 0x63, 0x0c, 0x63,
    0x0c, 0x63, 0x0c, 0x63, 0x0c, 0x63, 0x0c, 0x63, 0x0c, 0x63, 0x0c, 0x63,
    0x0c, 0x63, 0x0c, 0x63, 0x0c, 0x63, 0x0c, 0x63, 0x0c, 0x63, 0x0c, 0x63,
    0x0c, 0x63, 0x0c, 0x63, 0x0c, 0x63, 0x0c, 0x63, 0x0c, 0x63, 0x0c, 0x63,
    0x0c, 0x63, 0x0c, 0x63, 0x2c, 0x6b, 0xfb, 0xde, 0xdf, 0xff, 0xdf, 0xff,
    0xdf, 0xff, 0xdf, 0xff, 0xdf, 0xff, 0xb5, 0xb5, 0xac, 0x7b, 0x4c, 0x6b,
    0x2c, 0x63, 0x0c, 0x63, 0x0c, 0x63, 0x0c, 0x63, 0x0c, 0x63, 0x0c, 0x63,
    0x0c, 0x63, 0x0c, 0x63, 0x0c, 0x63, 0x0c, 0x63, 0x0b, 0x63, 0x0c, 0x63,
    0x0c, 0x63, 0x0c, 0x63, 0x0c, 0x63, 0x0c, 0x63, 0x0c, 0x63, 0x0c, 0x63,
    0x0c, 0x63, 0x0c, 0x63, 0x0c, 0x63, 0x0c, 0x63, 0x0c, 0x63, 0x0c, 0x63,
    0x0c, 0x63, 0x0c, 0x63, 0x0c, 0x63, 0x0c, 0x63, 0x0c, 0x63, 0x0c, 0x63,
    0x0c, 0x63, 0x0c, 0x63, 0x0c, 0x63, 0x0c, 0x63, 0x0c, 0x63, 0x0c, 0x63,
    0xeb, 0x62, 0xeb, 0x62, 0xeb, 0x62, 0xeb, 0x62, 0xeb, 0x62, 0xeb, 0x62,
    0xeb, 0x62, 0xeb, 0x62, 0xeb, 0x62, 0xeb, 0x62, 0xeb, 0x62, 0xeb, 0x62,
    0xeb, 0x62, 0xeb, 0x62, 0xeb, 0x62, 0xeb, 0x62, 0xeb, 0x62, 0xeb, 0x62,
    0xeb, 0x62, 0xeb, 0x62, 0xeb, 0x62, 0xeb, 0x62, 0xeb, 0x62, 0xeb, 0x62,
    0xeb, 0x62, 0xeb, 0x62, 0xeb, 0x62, 0xeb, 0x62, 0xeb, 0x62, 0xeb, 0x62,
    0xeb, 0x62, 0xeb, 0x62, 0xeb, 0x62, 0xeb, 0x62, 0xeb, 0x62, 0xeb, 0x62,
    0xeb, 0x62, 0xeb, 0x62, 0xeb, 0x62, 0xeb, 0x62, 0xeb, 0x62, 0xeb, 0x62,
    0xeb, 0x62, 0xeb, 0x62, 0xeb, 0x62, 0xeb, 0x62, 0xeb, 0x62, 0xeb, 0x62,
    0xeb, 0x62, 0xeb, 0x62, 0xeb, 0x62, 0xeb, 0x62, 0xeb, 0x62, 0xeb, 0x62,
    0xeb, 0x62, 0xeb, 0x62, 0xeb, 0x62, 0xeb, 0x62, 0xeb, 0x62, 0xeb, 0x62,
    0xeb, 0x62, 0xeb, 0x62, 0xeb, 0x62, 0xeb, 0x62, 0xeb, 0x62, 0xeb, 0x62,
    0xeb, 0x62, 0xeb, 0x62, 0xeb, 0x62, 0xeb, 0x62, 0xeb, 0x62, 0xeb, 0x62,
    0xeb, 0x62, 0xeb, 0x62, 0xeb, 0x62, 0xeb, 0x62, 0xeb, 0x62, 0xeb, 0x62,
    0xeb, 0x62, 0xeb, 0x62, 0xeb, 0x62, 0xeb, 0x62, 0xeb, 0x62, 0xeb, 0x62,
    0xeb, 0x62, 0xeb, 0x62, 0xeb, 0x62, 0xeb, 0x62, 0xeb, 0x62, 0xeb, 0x62,
    0xeb, 0x62, 0xeb, 0x62, 0xeb, 0x62, 0xeb, 0x62, 0xeb, 0x62, 0xeb, 0x62,
    0xeb, 0x62, 0xeb, 0x62, 0xeb, 0x62, 0xeb, 0x62, 0xeb, 0x62, 0xeb, 0x62,
    0xeb, 0x62, 0x0b, 0x63, 0x0b, 0x63, 0xee, 0x7b, 0xdf, 0xf7, 0xdf, 0xff,
    0xdf, 0xff, 0xdf, 0xff, 0x7d, 0xef, 0xcc, 0x7b, 0x8c, 0x73, 0x2b, 0x6b,
    0x0b, 0x63, 0x38, 0xc6, 0x7d, 0xef, 0x7d, 0xef, 0x7d, 0xef, 0x7d, 0xef,
    0x7d, 0xef, 0x7d, 0xef, 0x9a, 0xd6, 0x2c, 0x6b, 0x0b, 0x63, 0x0b, 0x63,
    0xeb, 0x62, 0xeb, 0x62, 0xeb, 0x62, 0xeb, 0x62, 0xeb, 0x62, 0xeb, 0x62,
    0xeb, 0x62, 0xeb, 0x62, 0xeb, 0x62, 0xeb, 0x62, 0xeb, 0x62, 0xeb, 0x62,
    0xeb, 0x62, 0xeb, 0x62, 0xeb, 0x62, 0xeb, 0x62, 0xeb, 0x62, 0xeb, 0x62,
    0xeb, 0x62, 0xeb, 0x62, 0xeb, 0x62, 0xeb, 0x62, 0xeb, 0x62, 0xeb, 0x62,
    0xeb, 0x62, 0x0c, 0x63, 0xeb, 0x62, 0x0c, 0x63, 0xeb, 0x62, 0x0c, 0x63,
    0xeb, 0x62, 0x0c, 0x63, 0xeb, 0x62, 0x0c, 0x63, 0xeb, 0x62, 0x0c, 0x63,
    0xeb, 0x62, 0x0c, 0x63, 0xeb, 0x62, 0x0c, 0x63, 0xeb, 0x62, 0x0c, 0x63,
    0xeb, 0x62, 0x0c, 0x63, 0xeb, 0x62, 0x0c, 0x63, 0xeb, 0x62, 0x0c, 0x63,
    0xeb, 0x62, 0x0c, 0x63, 0xeb, 0x62, 0x0c, 0x63, 0xeb, 0x62, 0x0c, 0x63,
    0xeb, 0x62, 0x0c, 0x63, 0xeb, 0x62, 0x0c, 0x63, 0xeb, 0x62, 0x0c, 0x63,
    0xeb, 0x62, 0x0c, 0x63, 0xeb, 0x62, 0x0c, 0x63, 0xeb, 0x62, 0x0c, 0x63,
    0xeb, 0x62, 0x0c, 0x63, 0xeb, 0x62, 0x0c, 0x63, 0xeb, 0x62, 0x0c, 0x63,
    0xeb, 0x62, 0x0c, 0x63, 0xeb, 0x62, 0x0c, 0x63, 0xeb, 0x62, 0x0c, 0x63,
    0xeb, 0x62, 0x0c, 0x63, 0xeb, 0x62, 0x0c, 0x63, 0xeb, 0x62, 0x0c, 0x63,
    0xeb, 0x62, 0x0c, 0x63, 0xeb, 0x62, 0x0c, 0x63, 0xeb, 0x62, 0x0c, 0x63,
    0xeb, 0x62, 0x0c, 0x63, 0xeb, 0x62, 0x0c, 0x63, 0xeb, 0x62, 0x0c, 0x63,
    0xeb, 0x62, 0x0c, 0x63, 0xeb, 0x62, 0x0c, 0x63, 0xeb, 0x62, 0x0c, 0x63,
    0xeb, 0x62, 0x0c, 0x63, 0xeb, 0x62, 0x0c, 0x63, 0xeb, 0x62, 0x0c, 0x63,
    0xeb, 0x62, 0x0c, 0x63, 0xeb, 0x62, 0x0c, 0x63, 0xeb, 0x62, 0x0c, 0x63,
    0xeb, 0x62, 0x0c, 0x63, 0xeb, 0x62, 0x0c, 0x63, 0xeb, 0x62, 0x0c, 0x63,
    0xeb, 0x62, 0x0c, 0x63, 0xeb, 0x62, 0x0c, 0x63, 0xeb, 0x62, 0x0c, 0x63,
    0xeb, 0x62, 0x0c, 0x63, 0x0b, 0x63, 0x2c, 0x6b, 0x38, 0xc6, 0xdf, 0xff,
    0xdf, 0xff, 0xdf, 0xff, 0xf2, 0x9c, 0xac, 0x7b, 0x4c, 0x6b, 0x0c, 0x63,
    0x0b, 0x63, 0x1c, 0xe7, 0xdf, 0xff, 0xdf, 0xff, 0xdf, 0xff, 0xdf, 0xff,
    0xdf, 0xff, 0xdf, 0xff, 0x5d, 0xef, 0x6c, 0x73, 0x2c, 0x6b, 0x0c, 0x63,
    0xeb, 0x62, 0x0c, 0x63, 0xeb, 0x62, 0x0c, 0x63, 0xeb, 0x62, 0x0c, 0x63,
    0xeb, 0x62, 0x0c, 0x63, 0xeb, 0x62, 0x0c, 0x63, 0xeb, 0x62, 0x0c, 0x63,
    0xeb, 0x62, 0x0c, 0x63, 0xeb, 0x62, 0x0c, 0x63, 0xeb, 0x62, 0x0c, 0x63,
    0xeb, 0x62, 0x0c, 0x63, 0xeb, 0x62, 0x0c, 0x63, 0xeb, 0x62, 0x0c, 0x63,
    0xeb, 0x62, 0xeb, 0x62, 0xeb, 0x62, 0xeb, 0x62, 0xeb, 0x62, 0xeb, 0x62,
    0xeb, 0x62, 0xeb, 0x62, 0xeb, 0x62, 0xeb, 0x62, 0xeb, 0x62, 0xeb, 0x62,
    0xeb, 0x62, 0xeb, 0x62, 0xeb, 0x62, 0xeb, 0x62, 0xeb, 0x62, 0xeb, 0x62,
    0xeb, 0x62, 0xeb, 0x62, 0xeb, 0x62, 0xeb, 0x62, 0xeb, 0x62, 0xeb, 0x62,
    0xeb, 0x62, 0xeb, 0x62, 0xeb, 0x62, 0xeb, 0x62, 0xeb, 0x62, 0xeb, 0x62,
    0xeb, 0x62, 0xeb, 0x62, 0xeb, 0x62, 0xeb, 0x62, 0xeb, 0x62, 0xeb, 0x62,
    0xeb, 0x62, 0xeb, 0x62, 0xeb, 0x62, 0xeb, 0x62, 0xeb, 0x62, 0xeb, 0x62,
    0xeb, 0x62, 0xeb, 0x62, 0xeb, 0x62, 0xeb, 0x62, 0xeb, 0x62, 0xeb, 0x62,
    0xeb, 0x62, 0xeb, 0x62, 0xeb, 0x62, 0xeb, 0x62, 0xeb, 0x62, 0xeb, 0x62,
    0xeb, 0x62, 0xeb, 0x62, 0xeb, 0x62, 0xeb, 0x62, 0xeb, 0x62, 0xeb, 0x62,
    0xeb, 0x62, 0xeb, 0x62, 0xeb, 0x62, 0xeb, 0x62, 0xeb, 0x62, 0xeb, 0x62,
    0xeb, 0x62, 0xeb, 0x62, 0xeb, 0x62, 0xeb, 0x62, 0xeb, 0x62, 0xeb, 0x62,
    0xeb, 0x62, 0xeb, 0x62, 0xeb, 0x62, 0xeb, 0x62, 0xeb, 0x62, 0xeb, 0x62,
    0xeb, 0x62, 0xeb, 0x62, 0xeb, 0x62, 0xeb, 0x62, 0xeb, 0x62, 0xeb, 0x62,
    0xeb, 0x62, 0xeb, 0x62, 0xeb, 0x62, 0xeb, 0x62, 0xeb, 0x62, 0xeb, 0x62,
    0xeb, 0x62, 0xeb, 0x62, 0xeb, 0x62, 0xeb, 0x62, 0xeb, 0x62, 0xeb, 0x62,
    0xeb, 0x62, 0xeb, 0x62, 0xeb, 0x62, 0xeb, 0x62, 0xeb, 0x62, 0xeb, 0x62,
    0xeb, 0x62, 0xeb, 0x62, 0xeb, 0x62, 0x0b, 0x63, 0x92, 0x94, 0xdf, 0xff,
    0xdf, 0xff, 0xbe, 0xf7, 0xcc, 0x7b, 0x6c, 0x73, 0x2c, 0x6b, 0x0c, 0x63,
    0x0b, 0x63, 0xdb, 0xde, 0xdf, 0xf7, 0xdf, 0xff, 0xdf, 0xff, 0xdf, 0xff,
    0xdf, 0xff, 0xdf, 0xff, 0x3c, 0xe7, 0x8c, 0x73, 0x2c, 0x6b, 0x0b, 0x63,
    0xeb, 0x62, 0xeb, 0x62, 0xeb, 0x62, 0xeb, 0x62, 0xeb, 0x62, 0xeb, 0x62,
    0xeb, 0x62, 0xeb, 0x62, 0xeb, 0x62, 0xeb, 0x62, 0xeb, 0x62, 0xeb, 0x62,
    0xeb, 0x62, 0xeb, 0x62, 0xeb, 0x62, 0xeb, 0x62, 0xeb, 0x62, 0xeb, 0x62,
    0xeb, 0x62, 0xeb, 0x62, 0xeb, 0x62, 0xeb, 0x62, 0xeb, 0x62, 0xeb, 0x62,
    0xeb, 0x62, 0x0c, 0x63, 0xeb, 0x62, 0x0c, 0x63, 0xeb, 0x62, 0x0c, 0x63,
    0xeb, 0x62, 0x0c, 0x63, 0xeb, 0x62, 0x0c, 0x63, 0xeb, 0x62, 0x0c, 0x63,
    0xeb, 0x62, 0x0c, 0x63, 0xeb, 0x62, 0x0c, 0x63, 0xeb, 0x62, 0x0c, 0x63,
    0xeb, 0x62, 0x0c, 0x63, 0xeb, 0x62, 0x0c, 0x63, 0xeb, 0x62, 0x0c, 0x63,
    0xeb, 0x62, 0x0c, 0x63, 0xeb, 0x62, 0x0c, 0x63, 0xeb, 0x62, 0x0c, 0x63,
    0xeb, 0x62, 0x0c, 0x63, 0xeb, 0x62, 0x0c, 0x63, 0xeb, 0x62, 0x0c, 0x63,
    0xeb, 0x62, 0x0c, 0x63, 0xeb, 0x62, 0x0c, 0x63, 0xeb, 0x62, 0x0c, 0x63,
    0xeb, 0x62, 0x0c, 0x63, 0xeb, 0x62, 0x0c, 0x63, 0xeb, 0x62, 0x0c, 0x63,
    0xeb, 0x62, 0x0c, 0x63, 0xeb, 0x62, 0x0c, 0x63, 0xeb, 0x62, 0x0c, 0x63,
    0xeb, 0x62, 0x0c, 0x63, 0xeb, 0x62, 0x0c, 0x63, 0xeb, 0x62, 0x0c, 0x63,
    0xeb, 0x62, 0x71, 0x5b, 0xf5, 0x5b, 0xf6, 0x5b, 0xf5, 0x5b, 0xf6, 0x5b,
    0xf5, 0x5b, 0xf6, 0x5b, 0xf5, 0x5b, 0xf6, 0x5b, 0xf5, 0x5b, 0xf6, 0x5b,
    0xf5, 0x5b, 0xf6, 0x5b, 0xf5, 0x5b, 0xf6, 0x5b, 0xf5, 0x5b, 0xf6, 0x5b,
    0xf5, 0x5b, 0xf6, 0x5b, 0xf5, 0x5b, 0xf6, 0x5b, 0xf5, 0x5b, 0xf6, 0x5b,
    0xf5, 0x5b, 0xf6, 0x5b, 0xf5, 0x5b, 0xf6, 0x5b, 0x70, 0x5b, 0x0c, 0x63,
    0xeb, 0x62, 0x0c, 0x63, 0xeb, 0x62, 0x0c, 0x63, 0xeb, 0x62, 0x0c, 0x63,
    0xeb, 0x62, 0x0c, 0x63, 0xeb, 0x62, 0x0c, 0x63, 0xeb, 0x62, 0x0c, 0x63,
    0xeb, 0x62, 0x0c, 0x63, 0xeb, 0x62, 0x0b, 0x63, 0x92, 0x94, 0xdf, 0xff,
    0xdf, 0xff, 0xbe, 0xf7, 0xcc, 0x7b, 0x6c, 0x6b, 0x0c, 0x63, 0x0b, 0x63,
    0x0c, 0x63, 0x2c, 0x6b, 0x6c, 0x73, 0xac, 0x7b, 0xac, 0x7b, 0xcc, 0x7b,
    0xcc, 0x7b, 0xcc, 0x7b, 0xac, 0x7b, 0x8c, 0x73, 0x2b, 0x6b, 0x0c, 0x63,
    0xeb, 0x62, 0x0c, 0x63, 0xeb, 0x62, 0x0c, 0x63, 0xeb, 0x62, 0x0c, 0x63,
    0xeb, 0x62, 0x0c, 0x63, 0xeb, 0x62, 0x0c, 0x63, 0xeb, 0x62, 0x0c, 0x63,
    0xeb, 0x62, 0x0c, 0x63, 0xeb, 0x62, 0x0c, 0x63, 0xeb, 0x62, 0x0c, 0x63,
    0xeb, 0x62, 0x0c, 0x63, 0xeb, 0x62, 0x0c, 0x63, 0xeb, 0x62, 0x0c, 0x63,
    0xeb, 0x62, 0xeb, 0x62, 0xeb, 0x62, 0xeb, 0x62, 0xeb, 0x62, 0xeb, 0x62,
    0xeb, 0x62, 0xeb, 0x62, 0xeb, 0x62, 0xeb, 0x62, 0xeb, 0x62, 0xeb, 0x62,
    0xeb, 0x62, 0xeb, 0x62, 0xeb, 0x62, 0xeb, 0x62, 0xeb, 0x62, 0xeb, 0x62,
    0xeb, 0x62, 0xeb, 0x62, 0xeb, 0x62, 0xeb, 0x62, 0xeb, 0x62, 0xeb, 0x62,
    0xeb, 0x62, 0xeb, 0x62, 0xeb, 0x62, 0xeb, 0x62, 0xeb, 0x62, 0xeb, 0x62,
    0xeb, 0x62, 0xeb, 0x62, 0xeb, 0x62, 0xeb, 0x62, 0xeb, 0x62, 0xeb, 0x62,
    0xeb, 0x62, 0xeb, 0x62, 0xeb, 0x62, 0xeb, 0x62, 0xeb, 0x62, 0xeb, 0x62,
    0xeb, 0x62, 0xeb, 0x62, 0xeb, 0x62, 0xeb, 0x62, 0xeb, 0x62, 0xeb, 0x62,
    0xeb, 0x62, 0xeb, 0x62, 0xeb, 0x62, 0xeb, 0x62, 0xeb, 0x62, 0xeb, 0x62,
    0xeb, 0x62, 0xeb, 0x62, 0xeb, 0x62, 0xeb, 0x62, 0xeb, 0x62, 0xeb, 0x62,
    0xeb, 0x62, 0x70, 0x5b, 0xdf, 0x4c, 0xdf, 0x4c, 0xdf, 0x4c, 0xdf, 0x4c,
    0xdf, 0x4c, 0xdf, 0x4c, 0xdf, 0x4c, 0xdf, 0x4c, 0xdf, 0x4c, 0xdf, 0x4c,
    0xdf, 0x4c, 0xdf, 0x4c, 0xdf, 0x4c, 0xdf, 0x4c, 0xdf, 0x4c, 0xdf, 0x4c,
    0xdf, 0x4c, 0xdf, 0x4c, 0xdf, 0x4c, 0xdf, 0x4c, 0xdf, 0x4c, 0xdf, 0x4c,
    0xdf, 0x4c, 0xdf, 0x4c, 0xdf, 0x4c, 0xdf, 0x4c, 0xf5, 0x53, 0xeb, 0x62,
    0xeb, 0x62, 0xeb, 0x62, 0xeb, 0x62, 0xeb, 0x62, 0xeb, 0x62, 0xeb, 0x62,
    0xeb, 0x62, 0xeb, 0x62, 0xeb, 0x62, 0xeb, 0x62, 0xeb, 0x62, 0xeb, 0x62,
    0xeb, 0x62, 0xeb, 0x62, 0xeb, 0x62, 0x0b, 0x63, 0x92, 0x94, 0xdf, 0xff,
    0xdf, 0xff, 0xbe, 0xf7, 0xcc, 0x7b, 0x4c, 0x6b, 0x0b, 0x63, 0xeb, 0x62,
    0x0b, 0x63, 0x0b, 0x63, 0x2b, 0x6b, 0x4c, 0x6b, 0x4c, 0x6b, 0x4c, 0x6b,
    0x4c, 0x6b, 0x4c, 0x6b, 0x4c, 0x6b, 0x2b, 0x6b, 0x0b, 0x63, 0x0b, 0x63,
    0xeb, 0x62, 0xeb, 0x62, 0xeb, 0x62, 0xeb, 0x62, 0xeb, 0x62, 0xeb, 0x62,
    0xeb, 0x62, 0xeb, 0x62, 0xeb, 0x62, 0xeb, 0x62, 0xeb, 0x62, 0xeb, 0x62,
    0xeb, 0x62, 0xeb, 0x62, 0xeb, 0x62, 0xeb, 0x62, 0xeb, 0x62, 0xeb, 0x62,
    0xeb, 0x62, 0xeb, 0x62, 0xeb, 0x62, 0xeb, 0x62, 0xeb, 0x62, 0xeb, 0x62,
    0xeb, 0x62, 0x0c, 0x63, 0xeb, 0x62, 0x0c, 0x63, 0xeb, 0x62, 0x0c, 0x63,
    0xeb, 0x62, 0x0c, 0x63, 0xeb, 0x62, 0x0c, 0x63, 0xeb, 0x62, 0x0c, 0x63,
    0xeb, 0x62, 0x0c, 0x63, 0xeb, 0x62, 0x0c, 0x63, 0xeb, 0x62, 0x0c, 0x63,
    0xeb, 0x62, 0x0c, 0x63, 0xeb, 0x62, 0x0c, 0x63, 0xeb, 0x62, 0x0c, 0x63,
    0xeb, 0x62, 0x0c, 0x63, 0xeb, 0x62, 0x0c, 0x63, 0xeb, 0x62, 0x0c, 0x63,
    0xeb, 0x62, 0x0c, 0x63, 0xeb, 0x62, 0x0c, 0x63, 0xeb, 0x62, 0x0c, 0x63,
    0xeb, 0x62, 0x0c, 0x63, 0xeb, 0x62, 0x0c, 0x63, 0xeb, 0x62, 0x0c, 0x63,
    0xeb, 0x62, 0x0c, 0x63, 0xeb, 0x62, 0x0c, 0x63, 0xeb, 0x62, 0x0c, 0x63,
    0xeb, 0x62, 0x0c, 0x63, 0xeb, 0x62, 0x0c, 0x63, 0xeb, 0x62, 0x0c, 0x63,
    0xeb, 0x62, 0x0c, 0x63, 0xeb, 0x62, 0x0c, 0x63, 0xeb, 0x62, 0x0c, 0x63,
    0xeb, 0x62, 0x0c, 0x63, 0x5a, 0x54, 0xdf, 0x4c, 0xdf, 0x4c, 0xdf, 0x4c,
    0xdf, 0x4c, 0xdf, 0x4c, 0xdf, 0x4c, 0xdf, 0x4c, 0xdf, 0x4c, 0xdf, 0x4c,
    0xdf, 0x4c, 0xdf, 0x4c, 0xdf, 0x4c, 0xdf, 0x4c, 0xdf, 0x4c, 0xdf, 0x4c,
    0xdf, 0x4c, 0xdf, 0x4c, 0xdf, 0x4c, 0xdf, 0x4c, 0xdf, 0x4c, 0xdf, 0x4c,
    0xdf, 0x4c, 0xdf, 0x4c, 0xdf, 0x4c, 0xf5, 0x53, 0xeb, 0x62, 0x0c, 0x63,
    0xeb, 0x62, 0x0c, 0x63, 0xeb, 0x62, 0x0c, 0x63, 0xeb, 0x62, 0x0c, 0x63,
    0xeb, 0x62, 0x0c, 0x63, 0xeb, 0x62, 0x0c, 0x63, 0xeb, 0x62, 0x0c, 0x63,
    0xeb, 0x62, 0x0c, 0x63, 0xeb, 0x62, 0x0b, 0x63, 0x92, 0x94, 0xdf, 0xff,
    0xdf, 0xff, 0xbe, 0xf7, 0xcc, 0x7b, 0x4c, 0x6b, 0x0b, 0x63, 0x0c, 0x63,
    0xeb, 0x62, 0x0b, 0x63, 0x0c, 0x63, 0x0c, 0x63, 0x0b, 0x63, 0x0c, 0x63,
    0x0b, 0x63, 0x0c, 0x63, 0x0b, 0x63, 0x0c, 0x63, 0x0b, 0x63, 0x0c, 0x63,
    0xeb, 0x62, 0x0c, 0x63, 0xeb, 0x62, 0x0c, 0x63, 0xeb, 0x62, 0x0c, 0x63,
    0xeb, 0x62, 0x0c, 0x63, 0xeb, 0x62, 0x0c, 0x63, 0xeb, 0x62, 0x0c, 0x63,
    0xeb, 0x62, 0x0c, 0x63, 0xeb, 0x62, 0x0c, 0x63, 0xeb, 0x62, 0x0c, 0x63,
    0xeb, 0x62, 0x0c, 0x63, 0xeb, 0x62, 0x0c, 0x63, 0xeb, 0x62, 0x0c, 0x63,
    0xeb, 0x62, 0xeb, 0x62, 0xeb, 0x62, 0xeb, 0x62, 0xeb, 0x62, 0xeb, 0x62,
    0xeb, 0x62, 0xeb, 0x62, 0xeb, 0x62, 0xeb, 0x62, 0xeb, 0x62, 0xeb, 0x62,
    0xeb, 0x62, 0xeb, 0x62, 0xeb, 0x62, 0xeb, 0x62, 0xeb, 0x62, 0xeb, 0x62,
    0xeb, 0x62, 0xeb, 0x62, 0xeb, 0x62, 0xeb, 0x62, 0xeb, 0x62, 0xeb, 0x62,
    0xeb, 0x62, 0xeb, 0x62, 0xeb, 0x62, 0xeb, 0x62, 0xeb, 0x62, 0xeb, 0x62,
    0xeb, 0x62, 0xeb, 0x62, 0xeb, 0x62, 0xeb, 0x62, 0xeb, 0x62, 0xeb, 0x62,
    0xeb, 0x62, 0xeb, 0x62, 0xeb, 0x62, 0xeb, 0x62, 0xeb, 0x62, 0xeb, 0x62,
    0xeb, 0x62, 0xeb, 0x62, 0xeb, 0x62, 0xeb, 0x62, 0xeb, 0x62, 0xeb, 0x62,
    0xeb, 0x62, 0xeb, 0x62, 0xeb, 0x62, 0xeb, 0x62, 0xeb, 0x62, 0xeb, 0x62,
    0xeb, 0x62, 0xeb, 0x62, 0xeb, 0x62, 0xeb, 0x62, 0xeb, 0x62, 0xeb, 0x62,
    0xeb, 0x62, 0xeb, 0x62, 0x70, 0x5b, 0xdf, 0x4c, 0xdf, 0x4c, 0xdf, 0x4c,
    0xdf, 0x4c, 0xdf, 0x4c, 0xdf, 0x4c, 0xdf, 0x4c, 0xdf, 0x4c, 0xdf, 0x4c,
    0xdf, 0x4c, 0xdf, 0x4c, 0xdf, 0x4c, 0xdf, 0x4c, 0xdf, 0x4c, 0xdf, 0x4c,
    0xdf, 0x4c, 0xdf, 0x4c, 0xdf, 0x4c, 0xdf, 0x4c, 0xdf, 0x4c, 0xdf, 0x4c,
    0xdf, 0x4c, 0xdf, 0x4c, 0xdf, 0x4c, 0xf5, 0x53, 0xeb, 0x62, 0xeb, 0x62,
    0xeb, 0x62, 0xeb, 0x62, 0xeb, 0x62, 0xeb, 0x62, 0xeb, 0x62, 0xeb, 0x62,
    0xeb, 0x62, 0xeb, 0x62, 0xeb, 0x62, 0xeb, 0x62, 0xeb, 0x62, 0xeb, 0x62,
    0xeb, 0x62, 0xeb, 0x62, 0xeb, 0x62, 0x0b, 0x63, 0x92, 0x94, 0xdf, 0xff,
    0xdf, 0xff, 0xbe, 0xf7, 0xac, 0x7b, 0x4c, 0x6b, 0x0b, 0x63, 0xeb, 0x62,
    0xeb, 0x62, 0xeb, 0x62, 0xeb, 0x62, 0xeb, 0x62, 0xeb, 0x62, 0xeb, 0x62,
    0xeb, 0x62, 0xeb, 0x62, 0xeb, 0x62, 0xeb, 0x62, 0xeb, 0x62, 0xeb, 0x62,
    0xeb, 0x62, 0xeb, 0x62, 0xeb, 0x62, 0xeb, 0x62, 0xeb, 0x62, 0xeb, 0x62,
    0xeb, 0x62, 0xeb, 0x62, 0xeb, 0x62, 0xeb, 0x62, 0xeb, 0x62, 0xeb, 0x62,
    0xeb, 0x62, 0xeb, 0x62, 0xeb, 0x62, 0xeb, 0x62, 0xeb, 0x62, 0xeb, 0x62,
    0xeb, 0x62, 0xeb, 0x62, 0xeb, 0x62, 0xeb, 0x62, 0xeb, 0x62, 0xeb, 0x62,
    0xeb, 0x62, 0x0c, 0x63, 0xeb, 0x62, 0x0c, 0x63, 0xeb, 0x62, 0x0c, 0x63,
    0xeb, 0x62, 0x0c, 0x63, 0xeb, 0x62, 0x0c, 0x63, 0xeb, 0x62, 0x0c, 0x63,
    0xeb, 0x62, 0x0c, 0x63, 0xeb, 0x62, 0x0c, 0x63, 0xeb, 0x62, 0x0c, 0x63,
    0xeb, 0x62, 0x0c, 0x63, 0xeb, 0x62, 0x0c, 0x63, 0xeb, 0x62, 0x0c, 0x63,
    0xeb, 0x62, 0x0c, 0x63, 0xeb, 0x62, 0x0c, 0x63, 0xeb, 0x62, 0x0c, 0x63,
    0xeb, 0x62, 0x0c, 0x63, 0xeb, 0x62, 0x0c, 0x63, 0xeb, 0x62, 0x0c, 0x63,
    0xeb, 0x62, 0x0c, 0x63, 0xeb, 0x62, 0x0c, 0x63, 0xeb, 0x62, 0x0c, 0x63,
    0xeb, 0x62, 0x0c, 0x63, 0xeb, 0x62, 0x0c, 0x63, 0xeb, 0x62, 0x0c, 0x63,
    0xeb, 0x62, 0x0c, 0x63, 0xeb, 0x62, 0x0c, 0x63, 0xeb, 0x62, 0x0c, 0x63,
    0xeb, 0x62, 0x0c, 0x63, 0xeb, 0x62, 0x0c, 0x63, 0xeb, 0x62, 0x0c, 0x63,
    0xeb, 0x62, 0x0c, 0x63, 0xeb, 0x62, 0x5a, 0x4c, 0xde, 0x44, 0xde, 0x44,
    0xde, 0x44, 0xde, 0x44, 0xde, 0x44, 0xde, 0x44, 0xde, 0x44, 0xde, 0x44,
    0xde, 0x44, 0xde, 0x44, 0xde, 0x44, 0xde, 0x44, 0xde, 0x44, 0xde, 0x44,
    0xde, 0x44, 0xde, 0x44, 0xde, 0x44, 0xde, 0x44, 0xde, 0x44, 0xde, 0x44,
    0xde, 0x44, 0xde, 0x44, 0xf5, 0x53, 0x0c, 0x63, 0xeb, 0x62, 0x0c, 0x63,
    0xeb, 0x62, 0x0c, 0x63, 0xeb, 0x62, 0x0c, 0x63, 0xeb, 0x62, 0x0c, 0x63,
    0xeb, 0x62, 0x0c, 0x63, 0xeb, 0x62, 0x0c, 0x63, 0xeb, 0x62, 0x0c, 0x63,
    0xeb, 0x62, 0x0c, 0x63, 0xeb, 0x62, 0x0b, 0x63, 0x71, 0x94, 0xdf, 0xff,
    0xdf, 0xff, 0xbe, 0xf7, 0xac, 0x7b, 0x4c, 0x6b, 0x0b, 0x63, 0x0c, 0x63,
    0xeb, 0x62, 0x0c, 0x63, 0xeb, 0x62, 0x0c, 0x63, 0xeb, 0x62, 0x0c, 0x63,
    0xeb, 0x62, 0x0c, 0x63, 0xeb, 0x62, 0x0c, 0x63, 0xeb, 0x62, 0x0c, 0x63,
    0xeb, 0x62, 0x0c, 0x63, 0xeb, 0x62, 0x0c, 0x63, 0xeb, 0x62, 0x0c, 0x63,
    0xeb, 0x62, 0x0c, 0x63, 0xeb, 0x62, 0x0c, 0x63, 0xeb, 0x62, 0x0c, 0x63,
    0xeb, 0x62, 0x0c, 0x63, 0xeb, 0x62, 0x0c, 0x63, 0xeb, 0x62, 0x0c, 0x63,
    0xeb, 0x62, 0x0c, 0x63, 0xeb, 0x62, 0x0c, 0x63, 0xeb, 0x62, 0x0c, 0x63,
    0xeb, 0x62, 0xeb, 0x62, 0xeb, 0x62, 0xeb, 0x62, 0xeb, 0x62, 0xeb, 0x62,
    0xeb, 0x62, 0xeb, 0x62, 0xeb, 0x62, 0xeb, 0x62, 0xeb, 0x62, 0xeb, 0x62,
    0xeb, 0x62, 0xeb, 0x62, 0xeb, 0x62, 0xeb, 0x62, 0xeb, 0x62, 0xeb, 0x62,
    0xeb, 0x62, 0xeb, 0x62, 0xeb, 0x62, 0xeb, 0x62, 0xeb, 0x62, 0xeb, 0x62,
    0xeb, 0x62, 0xeb, 0x62, 0xeb, 0x62, 0xeb, 0x62, 0xeb, 0x62, 0xeb, 0x62,
    0xeb, 0x62, 0xeb, 0x62, 0xeb, 0x62, 0xeb, 0x62, 0xeb, 0x62, 0xeb, 0x62,
    0xeb, 0x62, 0xeb, 0x62, 0xeb, 0x62, 0xeb, 0x62, 0xeb, 0x62, 0xeb, 0x62,
    0xeb, 0x62, 0xeb, 0x62, 0xeb, 0x62, 0xeb, 0x62, 0xeb, 0x62, 0xeb, 0x62,
    0xeb, 0x62, 0xeb, 0x62, 0xeb, 0x62, 0xeb, 0x62, 0xeb, 0x62, 0xeb, 0x62,
    0xeb, 0x62, 0xeb, 0x62, 0xeb, 0x62, 0xeb, 0x62, 0xeb, 0x62, 0xeb, 0x62,
    0xeb, 0x62, 0xeb, 0x62, 0xeb, 0x62, 0x70, 0x5b, 0xbe, 0x44, 0xbe, 0x44,
    0xbe, 0x44, 0xbe, 0x44, 0xbe, 0x44, 0xbe, 0x44, 0xbe, 0x44, 0xbe, 0x44,
    0xbe, 0x44, 0xbe, 0x44, 0xbe, 0x44, 0xbe, 0x44, 0xbe, 0x44, 0xbe, 0x44,
    0xbe, 0x44, 0xbe, 0x44, 0xbe, 0x44, 0xbe, 0x44, 0xbe, 0x44, 0xbe, 0x44,
    0xbe, 0x44, 0xbe, 0x44, 0xd5, 0x53, 0xeb, 0x62, 0xeb, 0x62, 0xeb, 0x62,
    0xeb, 0x62, 0xeb, 0x62, 0xeb, 0x62, 0xeb, 0x62, 0xeb, 0x62, 0xeb, 0x62,
    0xeb, 0x62, 0xeb, 0x62, 0xeb, 0x62, 0xeb, 0x62, 0xeb, 0x62, 0xeb, 0x62,
    0xeb, 0x62, 0xeb, 0x62, 0xeb, 0x62, 0x0b, 0x63, 0x0c, 0x63, 0x4c, 0x6b,
    0x8c, 0x73, 0xac, 0x7b, 0x8c, 0x73, 0x2c, 0x6b, 0x0b, 0x63, 0xeb, 0x62,
    0xeb, 0x62, 0xeb, 0x62, 0xeb, 0x62, 0xeb, 0x62, 0xeb, 0x62, 0xeb, 0x62,
    0xeb, 0x62, 0xeb, 0x62, 0xeb, 0x62, 0xeb, 0x62, 0xeb, 0x62, 0xeb, 0x62,
    0xeb, 0x62, 0xeb, 0x62, 0xeb, 0x62, 0xeb, 0x62, 0xeb, 0x62, 0xeb, 0x62,
    0xeb, 0x62, 0xeb, 0x62, 0xeb, 0x62, 0xeb, 0x62, 0xeb, 0x62, 0xeb, 0x62,
    0xeb, 0x62, 0xeb, 0x62, 0xeb, 0x62, 0xeb, 0x62, 0xeb, 0x62, 0xeb, 0x62,
    0xeb, 0x62, 0xeb, 0x62, 0xeb, 0x62, 0xeb, 0x62, 0xeb, 0x62, 0xeb, 0x62,
    0xeb, 0x62, 0xeb, 0x62, 0xeb, 0x62, 0xeb, 0x62, 0xeb, 0x62, 0xeb, 0x62,
    0xeb, 0x62, 0xeb, 0x62, 0xeb, 0x62, 0xeb, 0x62, 0xeb, 0x62, 0xeb, 0x62,
    0xeb, 0x62, 0xeb, 0x62, 0xeb, 0x62, 0xeb, 0x62, 0xeb, 0x62, 0xeb, 0x62,
    0xeb, 0x62, 0xeb, 0x62, 0xeb, 0x62, 0xeb, 0x62, 0xeb, 0x62, 0xeb, 0x62,
    0xeb, 0x62, 0xeb, 0x62, 0xeb, 0x62, 0xeb, 0x62, 0xeb, 0x62, 0xeb, 0x62,
    0xeb, 0x62, 0xeb, 0x62, 0xeb, 0x62, 0xeb, 0x62, 0xeb, 0x62, 0xeb, 0x62,
    0xeb, 0x62, 0xeb, 0x62, 0xeb, 0x62, 0xeb, 0x62, 0xeb, 0x62, 0xeb, 0x62,
    0xeb, 0x62, 0xeb, 0x62, 0xeb, 0x62, 0xeb, 0x62, 0xeb, 0x62, 0xeb, 0x62,
    0xeb, 0x62, 0xeb, 0x62, 0xeb, 0x62, 0xeb, 0x62, 0xeb, 0x62, 0xeb, 0x62,
    0xeb, 0x62, 0xeb, 0x62, 0xeb, 0x62, 0xeb, 0x62, 0xeb, 0x62, 0xeb, 0x62,
    0xeb, 0x62, 0xeb, 0x62, 0xeb, 0x62, 0xeb, 0x62, 0x59, 0x4c, 0xbe, 0x44,
    0xbe, 0x44, 0xbe, 0x44, 0xbe, 0x44, 0xbe, 0x44, 0xbe, 0x44, 0xbe, 0x44,
    0xbe, 0x44, 0xbe, 0x44, 0xbe, 0x44, 0xbe, 0x44, 0xbe, 0x44, 0xbe, 0x44,
    0xbe, 0x44, 0xbe, 0x44, 0xbe, 0x44, 0xbe, 0x44, 0xbe, 0x44, 0xbe, 0x44,
    0xbe, 0x44, 0xd5, 0x53, 0xeb, 0x62, 0xeb, 0x62, 0xeb, 0x62, 0xeb, 0x62,
    0xeb, 0x62, 0xeb, 0x62, 0xeb, 0x62, 0xeb, 0x62, 0xeb, 0x62, 0xeb, 0x62,
    0xeb, 0x62, 0xeb, 0x62, 0xeb, 0x62, 0xeb, 0x62, 0xeb, 0x62, 0xeb, 0x62,
    0xeb, 0x62, 0xeb, 0x62, 0xeb, 0x62, 0xeb, 0x62, 0x0c, 0x63, 0x0b, 0x6b,
    0x2c, 0x6b, 0x4c, 0x6b, 0x2c, 0x6b, 0x0c, 0x63, 0x0b, 0x63, 0xeb, 0x62,
    0xeb, 0x62, 0xeb, 0x62, 0xeb, 0x62, 0xeb, 0x62, 0xeb, 0x62, 0xeb, 0x62,
    0xeb, 0x62, 0xeb, 0x62, 0xeb, 0x62, 0xeb, 0x62, 0xeb, 0x62, 0xeb, 0x62,
    0xeb, 0x62, 0xeb, 0x62, 0xeb, 0x62, 0xeb, 0x62, 0xeb, 0x62, 0xeb, 0x62,
    0xeb, 0x62, 0xeb, 0x62, 0xeb, 0x62, 0xeb, 0x62, 0xeb, 0x62, 0xeb, 0x62,
    0xeb, 0x62, 0xeb, 0x62, 0xeb, 0x62, 0xeb, 0x62, 0xeb, 0x62, 0xeb, 0x62,
    0xeb, 0x62, 0xeb, 0x62, 0xeb, 0x62, 0xeb, 0x62, 0xeb, 0x62, 0xeb, 0x62,
    0xeb, 0x62, 0xeb, 0x62, 0xeb, 0x62, 0xeb, 0x62, 0xeb, 0x62, 0xeb, 0x62,
    0xeb, 0x62, 0xeb, 0x62, 0xeb, 0x62, 0xeb, 0x62, 0xeb, 0x62, 0xeb, 0x62,
    0xeb, 0x62, 0xeb, 0x62, 0xeb, 0x62, 0xeb, 0x62, 0xeb, 0x62, 0xeb, 0x62,
    0xeb, 0x62, 0xeb, 0x62, 0xeb, 0x62, 0xeb, 0x62, 0xeb, 0x62, 0xeb, 0x62,
    0xeb, 0x62, 0xeb, 0x62, 0xeb, 0x62, 0xeb, 0x62, 0xeb, 0x62, 0xeb, 0x62,
    0xeb, 0x62, 0xeb, 0x62, 0xeb, 0x62, 0xeb, 0x62, 0xeb, 0x62, 0xeb, 0x62,
    0xeb, 0x62, 0xeb, 0x62, 0xeb, 0x62, 0xeb, 0x62, 0xeb, 0x62, 0xeb, 0x62,
    0xeb, 0x62, 0xeb, 0x62, 0xeb, 0x62, 0xeb, 0x62, 0xeb, 0x62, 0xeb, 0x62,
    0xeb, 0x62, 0xeb, 0x62, 0xeb, 0x62, 0xeb, 0x62, 0xeb, 0x62, 0xeb, 0x62,
    0xeb, 0x62, 0xeb, 0x62, 0xeb, 0x62, 0xeb, 0x62, 0xeb, 0x62, 0xeb, 0x62,
    0xeb, 0x62, 0xeb, 0x62, 0xeb, 0x62, 0xeb, 0x62, 0x70, 0x5b, 0xbe, 0x44,
    0xbe, 0x44, 0xbe, 0x44, 0xbe, 0x44, 0xbe, 0x44, 0xbe, 0x44, 0xbe, 0x44,
    0xbe, 0x44, 0xbe, 0x44, 0xbe, 0x44, 0xbe, 0x44, 0xbe, 0x44, 0xbe, 0x44,
    0xbe, 0x44, 0xbe, 0x44, 0xbe, 0x44, 0xbe, 0x44, 0xbe, 0x44, 0xbe, 0x44,
    0xbe, 0x44, 0xd5, 0x53, 0xeb, 0x62, 0xeb, 0x62, 0xeb, 0x62, 0xeb, 0x62,
    0xeb, 0x62, 0xeb, 0x62, 0xeb, 0x62, 0xeb, 0x62, 0xeb, 0x62, 0xeb, 0x62,
    0xeb, 0x62, 0xeb, 0x62, 0xeb, 0x62, 0xeb, 0x62, 0xeb, 0x62, 0xeb, 0x62,
    0xeb, 0x62, 0xeb, 0x62, 0xeb, 0x62, 0xeb, 0x62, 0xeb, 0x62, 0x0b, 0x63,
    0x0b, 0x63, 0x0b, 0x63, 0x0c, 0x63, 0x0b, 0x63, 0xeb, 0x62, 0xeb, 0x62,
    0xeb, 0x62, 0xeb, 0x62, 0xeb, 0x62, 0xeb, 0x62, 0xeb, 0x62, 0xeb, 0x62,
    0xeb, 0x62, 0xeb, 0x62, 0xeb, 0x62, 0xeb, 0x62, 0xeb, 0x62, 0xeb, 0x62,
    0xeb, 0x62, 0xeb, 0x62, 0xeb, 0x62, 0xeb, 0x62, 0xeb, 0x62, 0xeb, 0x62,
    0xeb, 0x62, 0xeb, 0x62, 0xeb, 0x62, 0xeb, 0x62, 0xeb, 0x62, 0xeb, 0x62,
    0xeb, 0x62, 0xeb, 0x62, 0xeb, 0x62, 0xeb, 0x62, 0xeb, 0x62, 0xeb, 0x62,
    0xeb, 0x62, 0xeb, 0x62, 0xeb, 0x62, 0xeb, 0x62, 0xeb, 0x62, 0xeb, 0x62,
    0xeb, 0x62, 0xeb, 0x62, 0xeb, 0x62, 0xeb, 0x62, 0xeb, 0x62, 0xeb, 0x62,
    0xeb, 0x62, 0x0c, 0x63, 0xeb, 0x62, 0xeb, 0x62, 0xeb, 0x62, 0xeb, 0x62,
    0xeb, 0x62, 0xeb, 0x62, 0xeb, 0x62, 0x0c, 0x63, 0xeb, 0x62, 0xeb, 0x62,
    0xeb, 0x62, 0xeb, 0x62, 0xeb, 0x62, 0xeb, 0x62, 0xeb, 0x62, 0x0c, 0x63,
    0xeb, 0x62, 0xeb, 0x62, 0xeb, 0x62, 0xeb, 0x62, 0xeb, 0x62, 0xeb, 0x62,
    0xeb, 0x62, 0x0c, 0x63, 0xeb, 0x62, 0xeb, 0x62, 0xeb, 0x62, 0xeb, 0x62,
    0xeb, 0x62, 0xeb, 0x62, 0xeb, 0x62, 0x0c, 0x63, 0xeb, 0x62, 0xeb, 0x62,
    0xeb, 0x62, 0xeb, 0x62, 0xeb, 0x62, 0xeb, 0x62, 0xeb, 0x62, 0x0c, 0x63,
    0xeb, 0x62, 0xeb, 0x62, 0xeb, 0x62, 0xeb, 0x62, 0xeb, 0x62, 0xeb, 0x62,
    0xeb, 0x62, 0x0c, 0x63, 0xeb, 0x62, 0xeb, 0x62, 0xeb, 0x62, 0xeb, 0x62,
    0xeb, 0x62, 0xeb, 0x62, 0xeb, 0x62, 0x0c, 0x63, 0xeb, 0x62, 0x59, 0x4c,
    0xbd, 0x44, 0xbd, 0x44, 0xbd, 0x44, 0xbd, 0x44, 0xbd, 0x44, 0xbd, 0x44,
    0xbd, 0x44, 0xbd, 0x44, 0xbd, 0x44, 0xbd, 0x44, 0xbd, 0x44, 0xbd, 0x44,
    0xbd, 0x44, 0xbd, 0x44, 0xbd, 0x44, 0xbd, 0x44, 0xbd, 0x44, 0xbd, 0x44,
    0xd4, 0x53, 0xeb, 0x62, 0xeb, 0x62, 0x0c, 0x63, 0xeb, 0x62, 0xeb, 0x62,
    0xeb, 0x62, 0xeb, 0x62, 0xeb, 0x62, 0xeb, 0x62, 0xeb, 0x62, 0x0c, 0x63,
    0xeb, 0x62, 0xeb, 0x62, 0xeb, 0x62, 0xeb, 0x62, 0xeb, 0x62, 0xeb, 0x62,
    0xeb, 0x62, 0x0c, 0x63, 0xeb, 0x62, 0xeb, 0x62, 0xeb, 0x62, 0xeb, 0x62,
    0xeb, 0x62, 0xeb, 0x62, 0xeb, 0x62, 0x0c, 0x63, 0xeb, 0x62, 0xeb, 0x62,
    0xeb, 0x62, 0xeb, 0x62, 0xeb, 0x62, 0xeb, 0x62, 0xeb, 0x62, 0x0c, 0x63,
    0xeb, 0x62, 0xeb, 0x62, 0xeb, 0x62, 0xeb, 0x62, 0xeb, 0x62, 0xeb, 0x62,
    0xeb, 0x62, 0x0c, 0x63, 0xeb, 0x62, 0xeb, 0x62, 0xeb, 0x62, 0xeb, 0x62,
    0xeb, 0x62, 0xeb, 0x62, 0xeb, 0x62, 0x0c, 0x63, 0xeb, 0x62, 0xeb, 0x62,
    0xeb, 0x62, 0xeb, 0x62, 0xeb, 0x62, 0xeb, 0x62, 0xeb, 0x62, 0x0c, 0x63,
    0xeb, 0x62, 0xeb, 0x62, 0xeb, 0x62, 0xeb, 0x62, 0xeb, 0x62, 0xeb, 0x62,
    0xeb, 0x62, 0xeb, 0x62, 0xeb, 0x62, 0xeb, 0x62, 0xeb, 0x62, 0xeb, 0x62,
    0xeb, 0x62, 0xeb, 0x62, 0xeb, 0x62, 0xeb, 0x62, 0xeb, 0x62, 0xeb, 0x62,
    0xeb, 0x62, 0xeb, 0x62, 0xeb, 0x62, 0xeb, 0x62, 0xeb, 0x62, 0xeb, 0x62,
    0xeb, 0x62, 0xeb, 0x62, 0xeb, 0x62, 0xeb, 0x62, 0xeb, 0x62, 0xeb, 0x62,
    0xeb, 0x62, 0xeb, 0x62, 0xeb, 0x62, 0xeb, 0x62, 0xeb, 0x62, 0xeb, 0x62,
    0xeb, 0x62, 0xeb, 0x62, 0xeb, 0x62, 0xeb, 0x62, 0xeb, 0x62, 0xeb, 0x62,
    0xeb, 0x62, 0xeb, 0x62, 0xeb, 0x62, 0xeb, 0x62, 0xeb, 0x62, 0xeb, 0x62,
    0xeb, 0x62, 0xeb, 0x62, 0xeb, 0x62, 0xeb, 0x62, 0xeb, 0x62, 0xeb, 0x62,
    0xeb, 0x62, 0xeb, 0x62, 0xeb, 0x62, 0xeb, 0x62, 0xeb, 0x62, 0xeb, 0x62,
    0xeb, 0x62, 0xeb, 0x62, 0xeb, 0x62, 0xeb, 0x62, 0xeb, 0x62, 0xeb, 0x62,
    0xeb, 0x62, 0xeb, 0x62, 0xeb, 0x62, 0xeb, 0x62, 0xeb, 0x62, 0x70, 0x5b,
    0xbd, 0x3c, 0xbd, 0x3c, 0xbd, 0x3c, 0xbd, 0x3c, 0xbd, 0x3c, 0xbd, 0x3c,
    0xbd, 0x3c, 0xbd, 0x3c, 0xbd, 0x3c, 0xbd, 0x3c, 0xbd, 0x3c, 0xbd, 0x3c,
    0xbd, 0x3c, 0xbd, 0x3c, 0xbd, 0x3c, 0xbd, 0x3c, 0xbd, 0x3c, 0xbd, 0x3c,
    0xd4, 0x53, 0xeb, 0x62, 0xeb, 0x62, 0xeb, 0x62, 0xeb, 0x62, 0xeb, 0x62,
    0xeb, 0x62, 0xeb, 0x62, 0xeb, 0x62, 0xeb, 0x62, 0xeb, 0x62, 0xeb, 0x62,
    0xeb, 0x62, 0xeb, 0x62, 0xeb, 0x62, 0xeb, 0x62, 0xeb, 0x62, 0xeb, 0x62,
    0xeb, 0x62, 0xeb, 0x62, 0xeb, 0x62, 0xeb, 0x62, 0xeb, 0x62, 0xeb, 0x62,
    0xeb, 0x62, 0xeb, 0x62, 0xeb, 0x62, 0xeb, 0x62, 0xeb, 0x62, 0xeb, 0x62,
    0xeb, 0x62, 0xeb, 0x62, 0xeb, 0x62, 0xeb, 0x62, 0xeb, 0x62, 0xeb, 0x62,
    0xeb, 0x62, 0xeb, 0x62, 0xeb, 0x62, 0xeb, 0x62, 0xeb, 0x62, 0xeb, 0x62,
    0xeb, 0x62, 0xeb, 0x62, 0xeb, 0x62, 0xeb, 0x62, 0xeb, 0x62, 0xeb, 0x62,
    0xeb, 0x62, 0xeb, 0x62, 0xeb, 0x62, 0xeb, 0x62, 0xeb, 0x62, 0xeb, 0x62,
    0xeb, 0x62, 0xeb, 0x62, 0xeb, 0x62, 0xeb, 0x62, 0xeb, 0x62, 0xeb, 0x62,
    0xeb, 0x62, 0xeb, 0x62, 0xeb, 0x62, 0xeb, 0x62, 0xeb, 0x62, 0xeb, 0x62,
    0xeb, 0x62, 0xeb, 0x62, 0xeb, 0x62, 0xeb, 0x62, 0xeb, 0x62, 0xeb, 0x62,
    0xeb, 0x62, 0xeb, 0x62, 0xeb, 0x62, 0xeb, 0x62, 0xeb, 0x62, 0xeb, 0x62,
    0xeb, 0x62, 0xeb, 0x62, 0xeb, 0x62, 0xeb, 0x62, 0xeb, 0x62, 0xeb, 0x62,
    0xeb, 0x62, 0xeb, 0x62, 0xeb, 0x62, 0xeb, 0x62, 0xeb, 0x62, 0xeb, 0x62,
    0xeb, 0x62, 0xeb, 0x62, 0xeb, 0x62, 0xeb, 0x62, 0xeb, 0x62, 0xeb, 0x62,
    0xeb, 0x62, 0xeb, 0x62, 0xeb, 0x62, 0xeb, 0x62, 0xeb, 0x62, 0xeb, 0x62,
    0xeb, 0x62, 0xeb, 0x62, 0xeb, 0x62, 0xeb, 0x62, 0xeb, 0x62, 0xeb, 0x62,
    0xeb, 0x62, 0xeb, 0x62, 0xeb, 0x62, 0xeb, 0x62, 0xeb, 0x62, 0xeb, 0x62,
    0xeb, 0x62, 0xeb, 0x62, 0xeb, 0x62, 0xeb, 0x62, 0xeb, 0x62, 0xeb, 0x62,
    0xeb, 0x62, 0xeb, 0x62, 0xeb, 0x62, 0xeb, 0x62, 0xeb, 0x62, 0xeb, 0x62,
    0xeb, 0x62, 0xeb, 0x62, 0xeb, 0x62, 0xeb, 0x62, 0xeb, 0x62, 0xeb, 0x62,
    0x39, 0x4c, 0xbd, 0x3c, 0x9d, 0x3c, 0xbd, 0x3c, 0xbd, 0x3c, 0xbd, 0x3c,
    0x9d, 0x3c, 0xbd, 0x3c, 0xbd, 0x3c, 0xbd, 0x3c, 0x9d, 0x3c, 0xbd, 0x3c,
    0xbd, 0x3c, 0xbd, 0x3c, 0x9d, 0x3c, 0xbd, 0x3c, 0xbd, 0x3c, 0xd4, 0x53,
    0xeb, 0x62, 0xeb, 0x62, 0xeb, 0x62, 0xeb, 0x62, 0xeb, 0x62, 0xeb, 0x62,
    0xeb, 0x62, 0xeb, 0x62, 0xeb, 0x62, 0xeb, 0x62, 0xeb, 0x62, 0xeb, 0x62,
    0xeb, 0x62, 0xeb, 0x62, 0xeb, 0x62, 0xeb, 0x62, 0xeb, 0x62, 0xeb, 0x62,
    0xeb, 0x62, 0xeb, 0x62, 0xeb, 0x62, 0xeb, 0x62, 0xeb, 0x62, 0xeb, 0x62,
    0xeb, 0x62, 0xeb, 0x62, 0xeb, 0x62, 0xeb, 0x62, 0xeb, 0x62, 0xeb, 0x62,
    0xeb, 0x62, 0xeb, 0x62, 0xeb, 0x62, 0xeb, 0x62, 0xeb, 0x62, 0xeb, 0x62,
    0xeb, 0x62, 0xeb, 0x62, 0xeb, 0x62, 0xeb, 0x62, 0xeb, 0x62, 0xeb, 0x62,
    0xeb, 0x62, 0xeb, 0x62, 0xeb, 0x62, 0xeb, 0x62, 0xeb, 0x62, 0xeb, 0x62,
    0xeb, 0x62, 0xeb, 0x62, 0xeb, 0x62, 0xeb, 0x62, 0xeb, 0x62, 0xeb, 0x62,
    0xeb, 0x62, 0xeb, 0x62, 0xeb, 0x62, 0xeb, 0x62, 0xeb, 0x62, 0xeb, 0x62,
    0xeb, 0x62, 0xeb, 0x62, 0xeb, 0x62, 0xeb, 0x62, 0xeb, 0x62, 0xeb, 0x62,
    0xeb, 0x62, 0xeb, 0x62, 0xeb, 0x62, 0xeb, 0x62, 0xeb, 0x62, 0xeb, 0x62,
    0xeb, 0x62, 0xeb, 0x62, 0xeb, 0x62, 0xeb, 0x62, 0xeb, 0x62, 0xeb, 0x62,
    0xeb, 0x62, 0xeb, 0x62, 0xeb, 0x62, 0xeb, 0x62, 0xeb, 0x62, 0xeb, 0x62,
    0xeb, 0x62, 0xeb, 0x62, 0xeb, 0x62, 0xeb, 0x62, 0xeb, 0x62, 0xeb, 0x62,
    0xeb, 0x62, 0xeb, 0x62, 0xeb, 0x62, 0xeb, 0x62, 0xeb, 0x62, 0xeb, 0x62,
    0xeb, 0x62, 0xeb, 0x62, 0xeb, 0x62, 0xeb, 0x62, 0xeb, 0x62, 0xeb, 0x62,
    0xeb, 0x62, 0xeb, 0x62, 0xeb, 0x62, 0xeb, 0x62, 0xeb, 0x62, 0xeb, 0x62,
    0xeb, 0x62, 0xeb, 0x62, 0xeb, 0x62, 0xeb, 0x62, 0xeb, 0x62, 0xeb, 0x62,
    0xeb, 0x62, 0xeb, 0x62, 0xeb, 0x62, 0xeb, 0x62, 0xeb, 0x62, 0xeb, 0x62,
    0xeb, 0x62, 0xeb, 0x62, 0xeb, 0x62, 0xeb, 0x62, 0xeb, 0x62, 0xeb, 0x62,
    0xeb, 0x62, 0xeb, 0x62, 0xeb, 0x62, 0xeb, 0x62, 0xeb, 0x62, 0xeb, 0x62,
    0x70, 0x5b, 0x9d, 0x3c, 0x9d, 0x3c, 0x9d, 0x3c, 0x9d, 0x3c, 0x9d, 0x3c,
    0x9d, 0x3c, 0x9d, 0x3c, 0x9d, 0x3c, 0x9d, 0x3c, 0x9d, 0x3c, 0x9d, 0x3c,
    0x9d, 0x3c, 0x9d, 0x3c, 0x9d, 0x3c, 0x9d, 0x3c, 0x9d, 0x3c, 0xd4, 0x53,
    0xeb, 0x62, 0xeb, 0x62, 0xeb, 0x62, 0xeb, 0x62, 0xeb, 0x62, 0xeb, 0x62,
    0xeb, 0x62, 0xeb, 0x62, 0xeb, 0x62, 0xeb, 0x62, 0xeb, 0x62, 0xeb, 0x62,
    0xeb, 0x62, 0xeb, 0x62, 0xeb, 0x62, 0xeb, 0x62, 0xeb, 0x62, 0xeb, 0x62,
    0xeb, 0x62, 0xeb, 0x62, 0xeb, 0x62, 0xeb, 0x62, 0xeb, 0x62, 0xeb, 0x62,
    0xeb, 0x62, 0xeb, 0x62, 0xeb, 0x62, 0xeb, 0x62, 0xeb, 0x62, 0xeb, 0x62,
    0xeb, 0x62, 0xeb, 0x62, 0xeb, 0x62, 0xeb, 0x62, 0xeb, 0x62, 0xeb, 0x62,
    0xeb, 0x62, 0xeb, 0x62, 0xeb, 0x62, 0xeb, 0x62, 0xeb, 0x62, 0xeb, 0x62,
    0xeb, 0x62, 0xeb, 0x62, 0xeb, 0x62, 0xeb, 0x62, 0xeb, 0x62, 0xeb, 0x62,
    0xeb, 0x62, 0xeb, 0x62, 0xeb, 0x62, 0xeb, 0x62, 0xeb, 0x62, 0xeb, 0x62,
    0xeb, 0x62, 0xeb, 0x62, 0xeb, 0x62, 0xeb, 0x62, 0xeb, 0x62, 0xeb, 0x62,
    0xeb, 0x62, 0xeb, 0x62, 0xeb, 0x62, 0xeb, 0x62, 0xeb, 0x62, 0xeb, 0x62,
    0xeb, 0x62, 0xeb, 0x62, 0xeb, 0x62, 0xeb, 0x62, 0xeb, 0x62, 0xeb, 0x62,
    0xeb, 0x62, 0xeb, 0x62, 0xeb, 0x62, 0xeb, 0x62, 0xeb, 0x62, 0xeb, 0x62,
    0xeb, 0x62, 0xeb, 0x62, 0xeb, 0x62, 0xeb, 0x62, 0xeb, 0x62, 0xeb, 0x62,
    0xeb, 0x62, 0xeb, 0x62, 0xeb, 0x62, 0xeb, 0x62, 0xeb, 0x62, 0xeb, 0x62,
    0xeb, 0x62, 0xeb, 0x62, 0xeb, 0x62, 0xeb, 0x62, 0xeb, 0x62, 0xeb, 0x62,
    0xeb, 0x62, 0xeb, 0x62, 0xeb, 0x62, 0xeb, 0x62, 0xeb, 0x62, 0xeb, 0x62,
    0xeb, 0x62, 0xeb, 0x62, 0xeb, 0x62, 0xeb, 0x62, 0xeb, 0x62, 0xeb, 0x62,
    0xeb, 0x62, 0xeb, 0x62, 0xeb, 0x62, 0xeb, 0x62, 0xeb, 0x62, 0xeb, 0x62,
    0xeb, 0x62, 0xeb, 0x62, 0xeb, 0x62, 0xeb, 0x62, 0xeb, 0x62, 0xeb, 0x62,
    0xeb, 0x62, 0xeb, 0x62, 0xeb, 0x62, 0xeb, 0x62, 0xeb, 0x62, 0xeb, 0x62,
    0xeb, 0x62, 0xeb, 0x62, 0xeb, 0x62, 0xeb, 0x62, 0xeb, 0x62, 0xeb, 0x62,
    0xeb, 0x62, 0x38, 0x44, 0x9c, 0x3c, 0x9c, 0x3c, 0x9c, 0x3c, 0x9c, 0x3c,
    0x9c, 0x3c, 0x9c, 0x3c, 0x9c, 0x3c, 0x9c, 0x3c, 0x9c, 0x3c, 0x9c, 0x3c,
    0x9c, 0x3c, 0x9c, 0x3c, 0x9c, 0x3c, 0x9c, 0x3c, 0xd4, 0x53, 0xeb, 0x62,
    0xeb, 0x62, 0xeb, 0x62, 0xeb, 0x62, 0xeb, 0x62, 0xeb, 0x62, 0xeb, 0x62,
    0xeb, 0x62, 0xeb, 0x62, 0xeb, 0x62, 0xeb, 0x62, 0xeb, 0x62, 0xeb, 0x62,
    0xeb, 0x62, 0xeb, 0x62, 0xeb, 0x62, 0xeb, 0x62, 0xeb, 0x62, 0xeb, 0x62,
    0xeb, 0x62, 0xeb, 0x62, 0xeb, 0x62, 0xeb, 0x62, 0xeb, 0x62, 0xeb, 0x62,
    0xeb, 0x62, 0xeb, 0x62, 0xeb, 0x62, 0xeb, 0x62, 0xeb, 0x62, 0xeb, 0x62,
    0xeb, 0x62, 0xeb, 0x62, 0xeb, 0x62, 0xeb, 0x62, 0xeb, 0x62, 0xeb, 0x62,
    0xeb, 0x62, 0xeb, 0x62, 0xeb, 0x62, 0xeb, 0x62, 0xeb, 0x62, 0xeb, 0x62,
    0xeb, 0x62, 0xeb, 0x62, 0xeb, 0x62, 0xeb, 0x62, 0xeb, 0x62, 0xeb, 0x62,
    0xeb, 0x62, 0xeb, 0x62, 0xeb, 0x62, 0xeb, 0x62, 0xeb, 0x62, 0xeb, 0x62,
    0xeb, 0x62, 0xeb, 0x62, 0xeb, 0x62, 0xeb, 0x62, 0xeb, 0x62, 0xeb, 0x62,
    0xeb, 0x62, 0xeb, 0x62, 0xeb, 0x62, 0xeb, 0x62, 0xeb, 0x62, 0xeb, 0x62,
    0xeb, 0x62, 0xeb, 0x62, 0xeb, 0x62, 0xeb, 0x62, 0xeb, 0x62, 0xeb, 0x62,
    0xeb, 0x62, 0xeb, 0x62, 0xeb, 0x62, 0xeb, 0x62, 0xeb, 0x62, 0xeb, 0x62,
    0xeb, 0x62, 0xeb, 0x62, 0xeb, 0x62, 0xeb, 0x62, 0xeb, 0x62, 0xeb, 0x62,
    0xeb, 0x62, 0xeb, 0x62, 0xeb, 0x62, 0xeb, 0x62, 0xeb, 0x62, 0xeb, 0x62,
    0xeb, 0x62, 0xeb, 0x62, 0xeb, 0x62, 0xeb, 0x62, 0xeb, 0x62, 0xeb, 0x62,
    0xeb, 0x62, 0xeb, 0x62, 0xeb, 0x62, 0xeb, 0x62, 0xeb, 0x62, 0xeb, 0x62,
    0xeb, 0x62, 0xeb, 0x62, 0xeb, 0x62, 0xeb, 0x62, 0xeb, 0x62, 0xeb, 0x62,
    0xeb, 0x62, 0xeb, 0x62, 0xeb, 0x62, 0xeb, 0x62, 0xeb, 0x62, 0xeb, 0x62,
    0xeb, 0x62, 0xeb, 0x62, 0xeb, 0x62, 0xeb, 0x62, 0xeb, 0x62, 0xeb, 0x62,
    0xeb, 0x62, 0xeb, 0x62, 0xeb, 0x62, 0xeb, 0x62, 0xeb, 0x62, 0xeb, 0x62,
    0xeb, 0x62, 0xeb, 0x62, 0xeb, 0x62, 0xeb, 0x62, 0xeb, 0x62, 0xeb, 0x62,
    0xeb, 0x62, 0x70, 0x5b, 0x9c, 0x3c, 0x9c, 0x3c, 0x9c, 0x3c, 0x9c, 0x3c,
    0x9c, 0x3c, 0x7c, 0x3c, 0x7c, 0x3c, 0x7c, 0x3c, 0x7c, 0x3c, 0x9c, 0x3c,
    0x9c, 0x3c, 0x9c, 0x3c, 0x9c, 0x3c, 0x9c, 0x3c, 0xd4, 0x4b, 0xeb, 0x62,
    0xeb, 0x62, 0xeb, 0x62, 0xeb, 0x62, 0xeb, 0x62, 0xeb, 0x62, 0xeb, 0x62,
    0xeb, 0x62, 0xeb, 0x62, 0xeb, 0x62, 0xeb, 0x62, 0xeb, 0x62, 0xeb, 0x62,
    0xeb, 0x62, 0xeb, 0x62, 0xeb, 0x62, 0xeb, 0x62, 0xeb, 0x62, 0xeb, 0x62,
    0xeb, 0x62, 0xeb, 0x62, 0xeb, 0x62, 0xeb, 0x62, 0xeb, 0x62, 0xeb, 0x62,
    0xeb, 0x62, 0xeb, 0x62, 0xeb, 0x62, 0xeb, 0x62, 0xeb, 0x62, 0xeb, 0x62,
    0xeb, 0x62, 0xeb, 0x62, 0xeb, 0x62, 0xeb, 0x62, 0xeb, 0x62, 0xeb, 0x62,
    0xeb, 0x62, 0xeb, 0x62, 0xeb, 0x62, 0xeb, 0x62, 0xeb, 0x62, 0xeb, 0x62,
    0xeb, 0x62, 0xeb, 0x62, 0xeb, 0x62, 0xeb, 0x62, 0xeb, 0x62, 0xeb, 0x62,
    0xeb, 0x62, 0xeb, 0x62, 0xeb, 0x62, 0xeb, 0x62, 0xeb, 0x62, 0xeb, 0x62,
    0xeb, 0x62, 0xeb, 0x62, 0xeb, 0x62, 0xeb, 0x62, 0xeb, 0x62, 0xeb, 0x62,
    0xeb, 0x62, 0xeb, 0x62, 0xeb, 0x62, 0xeb, 0x62, 0xeb, 0x62, 0xeb, 0x62,
    0xeb, 0x62, 0xeb, 0x62, 0xeb, 0x62, 0xeb, 0x62, 0xeb, 0x62, 0xeb, 0x62,
    0xeb, 0x62, 0xeb, 0x62, 0xeb, 0x62, 0xeb, 0x62, 0xeb, 0x62, 0xeb, 0x62,
    0xeb, 0x62, 0xeb, 0x62, 0xeb, 0x62, 0xeb, 0x62, 0xeb, 0x62, 0xeb, 0x62,
    0xeb, 0x62, 0xeb, 0x62, 0xeb, 0x62, 0xeb, 0x62, 0xeb, 0x62, 0xeb, 0x62,
    0xeb, 0x62, 0xeb, 0x62, 0xeb, 0x62, 0xeb, 0x62, 0xeb, 0x62, 0xeb, 0x62,
    0xeb, 0x62, 0xeb, 0x62, 0xeb, 0x62, 0xeb, 0x62, 0xeb, 0x62, 0xeb, 0x62,
    0xeb, 0x62, 0xeb, 0x62, 0xeb, 0x62, 0xeb, 0x62, 0xeb, 0x62, 0xeb, 0x62,
    0xeb, 0x62, 0xeb, 0x62, 0xeb, 0x62, 0xeb, 0x62, 0xeb, 0x62, 0xeb, 0x62,
    0xeb, 0x62, 0xeb, 0x62, 0xeb, 0x62, 0xeb, 0x62, 0xeb, 0x62, 0xeb, 0x62,
    0xeb, 0x62, 0xeb, 0x62, 0xeb, 0x62, 0xeb, 0x62, 0xeb, 0x62, 0xeb, 0x62,
    0xeb, 0x62, 0xeb, 0x62, 0xeb, 0x62, 0xeb, 0x62, 0xeb, 0x62, 0xeb, 0x62,
    0xeb, 0x62, 0xeb, 0x62, 0x38, 0x44, 0x9c, 0x3c, 0x7b, 0x3c, 0x7b, 0x3c,
    0x7b, 0x3c, 0x7b, 0x3c, 0x7b, 0x3c, 0x7b, 0x3c, 0x7b, 0x3c, 0x7b, 0x3c,
    0x7b, 0x3c, 0x7b, 0x3c, 0x9c, 0x3c, 0xd4, 0x4b, 0xeb, 0x62, 0xeb, 0x62,
    0xeb, 0x62, 0xeb, 0x62, 0xeb, 0x62, 0xeb, 0x62, 0xeb, 0x62, 0xeb, 0x62,
    0xeb, 0x62, 0xeb, 0x62, 0xeb, 0x62, 0xeb, 0x62, 0xeb, 0x62, 0xeb, 0x62,
    0xeb, 0x62, 0xeb, 0x62, 0xeb, 0x62, 0xeb, 0x62, 0xeb, 0x62, 0xeb, 0x62,
    0xeb, 0x62, 0xeb, 0x62, 0xeb, 0x62, 0xeb, 0x62, 0xeb, 0x62, 0xeb, 0x62,
    0xeb, 0x62, 0xeb, 0x62, 0xeb, 0x62, 0xeb, 0x62, 0xeb, 0x62, 0xeb, 0x62,
    0xeb, 0x62, 0xeb, 0x62, 0xeb, 0x62, 0xeb, 0x62, 0xeb, 0x62, 0xeb, 0x62,
    0xeb, 0x62, 0xeb, 0x62, 0xeb, 0x62, 0xeb, 0x62, 0xeb, 0x62, 0xeb, 0x62,
    0xeb, 0x62, 0xeb, 0x62, 0xeb, 0x62, 0xeb, 0x62, 0xeb, 0x62, 0xeb, 0x62,
    0xeb, 0x62, 0xeb, 0x62, 0xeb, 0x62, 0xeb, 0x62, 0xeb, 0x62, 0xeb, 0x62,
    0xeb, 0x62, 0xeb, 0x62, 0xeb, 0x62, 0xeb, 0x62, 0xeb, 0x62, 0xeb, 0x62,
    0xeb, 0x62, 0xeb, 0x62, 0xeb, 0x62, 0xeb, 0x62, 0xeb, 0x62, 0xeb, 0x62,
    0xeb, 0x62, 0xeb, 0x62, 0xeb, 0x62, 0xeb, 0x62, 0xeb, 0x62, 0xeb, 0x62,
    0xeb, 0x62, 0xeb, 0x62, 0xeb, 0x62, 0xeb, 0x62, 0xeb, 0x62, 0xeb, 0x62,
    0xeb, 0x62, 0xeb, 0x62, 0xeb, 0x62, 0xeb, 0x62, 0xeb, 0x62, 0xeb, 0x62,
    0xeb, 0x62, 0xeb, 0x62, 0xeb, 0x62, 0xeb, 0x62, 0xeb, 0x62, 0xeb, 0x62,
    0xeb, 0x62, 0xeb, 0x62, 0xeb, 0x62, 0xeb, 0x62, 0xeb, 0x62, 0xeb, 0x62,
    0xeb, 0x62, 0xeb, 0x62, 0xeb, 0x62, 0xeb, 0x62, 0xeb, 0x62, 0xeb, 0x62,
    0xeb, 0x62, 0xeb, 0x62, 0xeb, 0x62, 0xeb, 0x62, 0xeb, 0x62, 0xeb, 0x62,
    0xeb, 0x62, 0xeb, 0x62, 0xeb, 0x62, 0xeb, 0x62, 0xeb, 0x62, 0xeb, 0x62,
    0xeb, 0x62, 0xeb, 0x62, 0xeb, 0x62, 0xeb, 0x62, 0xeb, 0x62, 0xeb, 0x62,
    0xeb, 0x62, 0xeb, 0x62, 0xeb, 0x62, 0xeb, 0x62, 0xeb, 0x62, 0xeb, 0x62,
    0xeb, 0x62, 0xeb, 0x62, 0xeb, 0x62, 0xeb, 0x62, 0xeb, 0x62, 0xeb, 0x62,
    0xeb, 0x62, 0xeb, 0x62, 0x4f, 0x5b, 0x7b, 0x3c, 0x5b, 0x3c, 0x5a, 0x3c,
    0x5a, 0x3c, 0x3a, 0x44, 0x3a, 0x44, 0x3a, 0x44, 0x3a, 0x44, 0x5a, 0x3c,
    0x5a, 0x3c, 0x5b, 0x3c, 0x7b, 0x3c, 0xb3, 0x4b, 0xeb, 0x62, 0xeb, 0x62,
    0xeb, 0x62, 0xeb, 0x62, 0xeb, 0x62, 0xeb, 0x62, 0xeb, 0x62, 0xeb, 0x62,
    0xeb, 0x62, 0xeb, 0x62, 0xeb, 0x62, 0xeb, 0x62, 0xeb, 0x62, 0xeb, 0x62,
    0xeb, 0x62, 0xeb, 0x62, 0xeb, 0x62, 0xeb, 0x62, 0xeb, 0x62, 0xeb, 0x62,
    0xeb, 0x62, 0xeb, 0x62, 0xeb, 0x62, 0xeb, 0x62, 0xeb, 0x62, 0xeb, 0x62,
    0xeb, 0x62, 0xeb, 0x62, 0xeb, 0x62, 0xeb, 0x62, 0xeb, 0x62, 0xeb, 0x62,
    0xeb, 0x62, 0xeb, 0x62, 0xeb, 0x62, 0xeb, 0x62, 0xeb, 0x62, 0xeb, 0x62,
    0xeb, 0x62, 0xeb, 0x62, 0xeb, 0x62, 0xeb, 0x62, 0xeb, 0x62, 0xeb, 0x62,
    0xeb, 0x62, 0xeb, 0x62, 0xeb, 0x62, 0xeb, 0x62, 0xeb, 0x62, 0xeb, 0x62,
    0xeb, 0x62, 0xeb, 0x62, 0xeb, 0x62, 0xeb, 0x62, 0xeb, 0x62, 0xeb, 0x62,
    0xeb, 0x62, 0xeb, 0x62, 0xeb, 0x62, 0xeb, 0x62, 0xeb, 0x62, 0xeb, 0x62,
    0xeb, 0x62, 0xeb, 0x62, 0xeb, 0x62, 0xeb, 0x62, 0xeb, 0x62, 0xeb, 0x62,
    0xeb, 0x62, 0xeb, 0x62, 0xeb, 0x62, 0xeb, 0x62, 0xeb, 0x62, 0xeb, 0x62,
    0xeb, 0x62, 0xeb, 0x62, 0xeb, 0x62, 0xeb, 0x62, 0xeb, 0x62, 0xeb, 0x62,
    0xeb, 0x62, 0xeb, 0x62, 0xeb, 0x62, 0xeb, 0x62, 0xeb, 0x62, 0xeb, 0x62,
    0xeb, 0x62, 0xeb, 0x62, 0xeb, 0x62, 0xeb, 0x62, 0xeb, 0x62, 0xeb, 0x62,
    0xeb, 0x62, 0xeb, 0x62, 0xeb, 0x62, 0xeb, 0x62, 0xeb, 0x62, 0xeb, 0x62,
    0xeb, 0x62, 0xeb, 0x62, 0xeb, 0x62, 0xeb, 0x62, 0xeb, 0x62, 0xeb, 0x62,
    0xeb, 0x62, 0xeb, 0x62, 0xeb, 0x62, 0xeb, 0x62, 0xeb, 0x62, 0xeb, 0x62,
    0xeb, 0x62, 0xeb, 0x62, 0xeb, 0x62, 0xeb, 0x62, 0xeb, 0x62, 0xeb, 0x62,
    0xeb, 0x62, 0xeb, 0x62, 0xeb, 0x62, 0xeb, 0x62, 0xeb, 0x62, 0xeb, 0x62,
    0xeb, 0x62, 0xeb, 0x62, 0xeb, 0x62, 0xeb, 0x62, 0xeb, 0x62, 0xeb, 0x62,
    0xeb, 0x62, 0xeb, 0x62, 0xeb, 0x62, 0xeb, 0x62, 0xeb, 0x62, 0xeb, 0x62,
    0xeb, 0x62, 0xeb, 0x62, 0xeb, 0x6a, 0xf6, 0x4b, 0x3a, 0x44, 0x19, 0x44,
    0x18, 0x4c, 0xf8, 0x4b, 0xf8, 0x4b, 0xf8, 0x4b, 0xf8, 0x4b, 0x18, 0x4c,
    0x19, 0x44, 0x3a, 0x44, 0x93, 0x53, 0xeb, 0x6a, 0xeb, 0x62, 0xeb, 0x62,
    0xeb, 0x62, 0xeb, 0x62, 0xeb, 0x62, 0xeb, 0x62, 0xeb, 0x62, 0xeb, 0x62,
    0xeb, 0x62, 0xeb, 0x62, 0xeb, 0x62, 0xeb, 0x62, 0xeb, 0x62, 0xeb, 0x62,
    0xeb, 0x62, 0xeb, 0x62, 0xeb, 0x62, 0xeb, 0x62, 0xeb, 0x62, 0xeb, 0x62,
    0xeb, 0x62, 0xeb, 0x62, 0xeb, 0x62, 0xeb, 0x62, 0xeb, 0x62, 0xeb, 0x62,
    0xeb, 0x62, 0xeb, 0x62, 0xeb, 0x62, 0xeb, 0x62, 0xeb, 0x62, 0xeb, 0x62,
    0xeb, 0x62, 0xeb, 0x62, 0xeb, 0x62, 0xeb, 0x62, 0xeb, 0x62, 0xeb, 0x62,
    0xeb, 0x62, 0xeb, 0x62, 0xeb, 0x62, 0xeb, 0x62, 0xeb, 0x62, 0xeb, 0x62,
    0xeb, 0x62, 0xeb, 0x62, 0xeb, 0x62, 0xeb, 0x62, 0xeb, 0x62, 0xeb, 0x62,
    0xeb, 0x62, 0xeb, 0x62, 0xeb, 0x62, 0xeb, 0x62, 0xeb, 0x62, 0xeb, 0x62,
    0xeb, 0x62, 0xeb, 0x62, 0xeb, 0x62, 0xeb, 0x62, 0xeb, 0x62, 0xeb, 0x62,
    0xeb, 0x62, 0xeb, 0x62, 0xeb, 0x62, 0xeb, 0x62, 0xeb, 0x62, 0xeb, 0x62,
    0xeb, 0x62, 0xeb, 0x62, 0xeb, 0x62, 0xeb, 0x62, 0xeb, 0x62, 0xeb, 0x62,
    0xeb, 0x62, 0xeb, 0x62, 0xeb, 0x62, 0xeb, 0x62, 0xeb, 0x62, 0xeb, 0x62,
    0xeb, 0x62, 0xeb, 0x62, 0xeb, 0x62, 0xeb, 0x62, 0xeb, 0x62, 0xeb, 0x62,
    0xeb, 0x62, 0xeb, 0x62, 0xeb, 0x62, 0xeb, 0x62, 0xeb, 0x62, 0xeb, 0x62,
    0xeb, 0x62, 0xeb, 0x62, 0xeb, 0x62, 0xeb, 0x62, 0xeb, 0x62, 0xeb, 0x62,
    0xeb, 0x62, 0xeb, 0x62, 0xeb, 0x62, 0xeb, 0x62, 0xeb, 0x62, 0xeb, 0x62,
    0xeb, 0x62, 0xeb, 0x62, 0xeb, 0x62, 0xeb, 0x62, 0xeb, 0x62, 0xeb, 0x62,
    0xeb, 0x62, 0xeb, 0x62, 0xeb, 0x62, 0xeb, 0x62, 0xeb, 0x62, 0xeb, 0x62,
    0xeb, 0x62, 0xeb, 0x62, 0xeb, 0x62, 0xeb, 0x62, 0xeb, 0x62, 0xeb, 0x62,
    0xeb, 0x62, 0xeb, 0x62, 0xeb, 0x62, 0xeb, 0x62, 0xeb, 0x62, 0xeb, 0x62,
    0xeb, 0x62, 0xeb, 0x62, 0xeb, 0x62, 0xeb, 0x62, 0xeb, 0x62, 0xeb, 0x62,
    0xeb, 0x62, 0xeb, 0x6a, 0xcb, 0x6a, 0x0e, 0x63, 0xf8, 0x4b, 0xb7, 0x4b,
    0x95, 0x53, 0x75, 0x5b, 0x54, 0x5b, 0x74, 0x5b, 0x75, 0x5b, 0x95, 0x53,
    0xb7, 0x4b, 0xf8, 0x4b, 0x71, 0x5b, 0xcb, 0x6a, 0xcb, 0x6a, 0xeb, 0x62,
    0xeb, 0x62, 0xeb, 0x62, 0xeb, 0x62, 0xeb, 0x62, 0xeb, 0x62, 0xeb, 0x62,
    0xeb, 0x62, 0xeb, 0x62, 0xeb, 0x62, 0xeb, 0x62, 0xeb, 0x62, 0xeb, 0x62,
    0xeb, 0x62, 0xeb, 0x62, 0xeb, 0x62, 0xeb, 0x62, 0xeb, 0x62, 0xeb, 0x62,
    0xeb, 0x62, 0xeb, 0x62, 0xeb, 0x62, 0xeb, 0x62, 0xeb, 0x62, 0xeb, 0x62,
    0xeb, 0x62, 0xeb, 0x62, 0xeb, 0x62, 0xeb, 0x62, 0xeb, 0x62, 0xeb, 0x62,
    0xeb, 0x62, 0xeb, 0x62, 0xeb, 0x62, 0xeb, 0x62, 0xeb, 0x62, 0xeb, 0x62,
    0xeb, 0x62, 0xeb, 0x62, 0xeb, 0x62, 0xeb, 0x62, 0xeb, 0x62, 0xeb, 0x62,
    0xeb, 0x62, 0xeb, 0x62, 0xeb, 0x62, 0xeb, 0x62, 0xeb, 0x62, 0xeb, 0x62,
    0xeb, 0x62, 0xeb, 0x62, 0xeb, 0x62, 0xeb, 0x62, 0xeb, 0x62, 0xeb, 0x62,
    0xeb, 0x62, 0xeb, 0x62, 0xeb, 0x62, 0xeb, 0x62, 0xeb, 0x62, 0xeb, 0x62,
    0xeb, 0x62, 0xeb, 0x62, 0xeb, 0x62, 0xeb, 0x62, 0xeb, 0x62, 0xeb, 0x62,
    0xeb, 0x62, 0xeb, 0x62, 0xeb, 0x62, 0xeb, 0x62, 0xeb, 0x62, 0xeb, 0x62,
    0xeb, 0x62, 0xeb, 0x62, 0xeb, 0x62, 0xeb, 0x62, 0xeb, 0x62, 0xeb, 0x62,
    0xeb, 0x62, 0xeb, 0x62, 0xeb, 0x62, 0xeb, 0x62, 0xeb, 0x62, 0xeb, 0x62,
    0xeb, 0x62, 0xeb, 0x62, 0xeb, 0x62, 0xeb, 0x62, 0xeb, 0x62, 0xeb, 0x62,
    0xeb, 0x62, 0xeb, 0x62, 0xeb, 0x62, 0xeb, 0x62, 0xeb, 0x62, 0xeb, 0x62,
    0xeb, 0x62, 0xeb, 0x62, 0xeb, 0x62, 0xeb, 0x62, 0xeb, 0x62, 0xeb, 0x62,
    0xeb, 0x62, 0xeb, 0x62, 0xeb, 0x62, 0xeb, 0x62, 0xeb, 0x62, 0xeb, 0x62,
    0xeb, 0x62, 0xeb, 0x62, 0xeb, 0x62, 0xeb, 0x62, 0xeb, 0x62, 0xeb, 0x62,
    0xeb, 0x62, 0xeb, 0x62, 0xeb, 0x62, 0xeb, 0x62, 0xeb, 0x62, 0xeb, 0x62,
    0xeb, 0x62, 0xeb, 0x62, 0xeb, 0x62, 0xeb, 0x62, 0xeb, 0x62, 0xeb, 0x62,
    0xeb, 0x62, 0xeb, 0x62, 0xeb, 0x62, 0xeb, 0x62, 0xeb, 0x62, 0xeb, 0x62,
    0xeb, 0x6a, 0xcb, 0x6a, 0xaa, 0x72, 0x8a, 0x7a, 0x32, 0x63, 0x54, 0x63,
    0x12, 0x6b, 0x12, 0x73, 0xf0, 0x8a, 0xf0, 0x8a, 0x12, 0x73, 0x12, 0x6b,
    0x54, 0x63, 0xef, 0x6a, 0x8a, 0x72, 0xaa, 0x72, 0xcb, 0x6a, 0xeb, 0x6a,
    0xeb, 0x62, 0xeb, 0x62, 0xeb, 0x62, 0xeb, 0x62, 0xeb, 0x62, 0xeb, 0x62,
    0xeb, 0x62, 0xeb, 0x62, 0xeb, 0x62, 0xeb, 0x62, 0xeb, 0x62, 0xeb, 0x62,
    0xeb, 0x62, 0xeb, 0x62, 0xeb, 0x62, 0xeb, 0x62, 0xeb, 0x62, 0xeb, 0x62,
    0xeb, 0x62, 0xeb, 0x62, 0xeb, 0x62, 0xeb, 0x62, 0xeb, 0x62, 0xeb, 0x62,
    0xeb, 0x62, 0xeb, 0x62, 0xeb, 0x62, 0xeb, 0x62, 0xeb, 0x62, 0xeb, 0x62,
    0xeb, 0x62, 0xeb, 0x62, 0xeb, 0x62, 0xeb, 0x62, 0xeb, 0x62, 0xeb, 0x62,
    0xeb, 0x62, 0xeb, 0x62, 0xeb, 0x62, 0xeb, 0x62, 0xeb, 0x62, 0xeb, 0x62,
    0xeb, 0x62, 0xeb, 0x62, 0xeb, 0x62, 0xeb, 0x62, 0xeb, 0x62, 0xeb, 0x62,
    0xeb, 0x62, 0xeb, 0x62, 0xeb, 0x62, 0xeb, 0x62, 0xeb, 0x62, 0xeb, 0x62,
    0xeb, 0x62, 0xeb, 0x62, 0xeb, 0x62, 0xeb, 0x62, 0xeb, 0x62, 0xeb, 0x62,
    0xeb, 0x62, 0xeb, 0x62, 0xeb, 0x62, 0xeb, 0x62, 0xeb, 0x62, 0xeb, 0x62,
    0xeb, 0x62, 0xeb, 0x62, 0xeb, 0x62, 0xeb, 0x62, 0xeb, 0x62, 0xeb, 0x62,
    0xeb, 0x62, 0xeb, 0x62, 0xeb, 0x62, 0xeb, 0x62, 0xeb, 0x62, 0xeb, 0x62,
    0xeb, 0x62, 0xeb, 0x62, 0xeb, 0x62, 0xeb, 0x62, 0xeb, 0x62, 0xeb, 0x62,
    0xeb, 0x62, 0xeb, 0x62, 0xeb, 0x62, 0xeb, 0x62, 0xeb, 0x62, 0xeb, 0x62,
    0xeb, 0x62, 0xeb, 0x62, 0xeb, 0x62, 0xeb, 0x62, 0xeb, 0x62, 0xeb, 0x62,
    0xeb, 0x62, 0xeb, 0x62, 0xeb, 0x62, 0xeb, 0x62, 0xeb, 0x62, 0xeb, 0x62,
    0xeb, 0x62, 0xeb, 0x62, 0xeb, 0x62, 0xeb, 0x62, 0xeb, 0x62, 0xeb, 0x62,
    0xeb, 0x62, 0xeb, 0x62, 0xeb, 0x62, 0xeb, 0x62, 0xeb, 0x62, 0xeb, 0x62,
    0xeb, 0x62, 0xeb, 0x62, 0xeb, 0x62, 0xeb, 0x62, 0xeb, 0x62, 0xeb, 0x62,
    0xeb, 0x62, 0xeb, 0x62, 0xeb, 0x62, 0xeb, 0x62, 0xeb, 0x62, 0xeb, 0x62,
    0xeb, 0x62, 0xeb, 0x62, 0xeb, 0x62, 0xeb, 0x62, 0xeb, 0x62, 0xeb, 0x62,
    0xcb, 0x6a, 0xaa, 0x72, 0x69, 0x7a, 0x49, 0x82, 0x4a, 0x82, 0xef, 0x9a,
    0x8b, 0xda, 0x69, 0xfa, 0x69, 0xfa, 0x69, 0xfa, 0x69, 0xfa, 0x8b, 0xda,
    0xef, 0x9a, 0x8d, 0x7a, 0x49, 0x82, 0x8a, 0x7a, 0xaa, 0x72, 0xcb, 0x6a,
    0xcb, 0x62, 0xeb, 0x62, 0xeb, 0x62, 0xeb, 0x62, 0xeb, 0x62, 0xeb, 0x62,
    0xeb, 0x62, 0xeb, 0x62, 0xeb, 0x62, 0xeb, 0x62, 0xeb, 0x62, 0xeb, 0x62,
    0xeb, 0x62, 0xeb, 0x62, 0xeb, 0x62, 0xeb, 0x62, 0xeb, 0x62, 0xeb, 0x62,
    0xeb, 0x62, 0xeb, 0x62, 0xeb, 0x62, 0xeb, 0x62, 0xeb, 0x62, 0xeb, 0x62,
    0xeb, 0x62, 0xeb, 0x62, 0xeb, 0x62, 0xeb, 0x62, 0xeb, 0x62, 0xeb, 0x62,
    0xeb, 0x62, 0xeb, 0x62, 0xeb, 0x62, 0xeb, 0x62, 0xeb, 0x62, 0xeb, 0x62,
    0xeb, 0x62, 0xeb, 0x62, 0xeb, 0x62, 0xeb, 0x62, 0xeb, 0x62, 0xeb, 0x62,
    0xeb, 0x62, 0xeb, 0x62, 0xeb, 0x62, 0xeb, 0x62, 0xeb, 0x62, 0xeb, 0x62,
    0xeb, 0x62, 0xeb, 0x62, 0xeb, 0x62, 0xeb, 0x62, 0xeb, 0x62, 0xeb, 0x62,
    0xeb, 0x62, 0xeb, 0x62, 0xeb, 0x62, 0xeb, 0x62, 0xeb, 0x62, 0xeb, 0x62,
    0xeb, 0x62, 0xeb, 0x62, 0xeb, 0x62, 0xeb, 0x62, 0xeb, 0x62, 0xeb, 0x62,
    0xeb, 0x62, 0xeb, 0x62, 0xeb, 0x62, 0xeb, 0x62, 0xeb, 0x62, 0xeb, 0x62,
    0xeb, 0x62, 0xeb, 0x62, 0xeb, 0x62, 0xeb, 0x62, 0xeb, 0x62, 0xeb, 0x62,
    0xeb, 0x62, 0xeb, 0x62, 0xeb, 0x62, 0xeb, 0x62, 0xeb, 0x62, 0xeb, 0x62,
    0xeb, 0x62, 0xeb, 0x62, 0xeb, 0x62, 0xeb, 0x62, 0xeb, 0x62, 0xeb, 0x62,
    0xeb, 0x62, 0xeb, 0x62, 0xeb, 0x62, 0xeb, 0x62, 0xeb, 0x62, 0xeb, 0x62,
    0xeb, 0x62, 0xeb, 0x62, 0xeb, 0x62, 0xeb, 0x62, 0xeb, 0x62, 0xeb, 0x62,
    0xeb, 0x62, 0xeb, 0x62, 0xeb, 0x62, 0xeb, 0x62, 0xeb, 0x62, 0xeb, 0x62,
    0xeb, 0x62, 0xeb, 0x62, 0xeb, 0x62, 0xeb, 0x62, 0xeb, 0x62, 0xeb, 0x62,
    0xeb, 0x62, 0xeb, 0x62, 0xeb, 0x62, 0xeb, 0x62, 0xeb, 0x62, 0xeb, 0x62,
    0xeb, 0x62, 0xeb, 0x62, 0xeb, 0x62, 0xeb, 0x62, 0xeb, 0x62, 0xeb, 0x62,
    0xeb, 0x62, 0xeb, 0x62, 0xeb, 0x62, 0xeb, 0x62, 0xeb, 0x6a, 0xcb, 0x6a,
    0xcb, 0x6a, 0x8a, 0x72, 0x49, 0x82, 0x08, 0x8a, 0x49, 0xca, 0x69, 0xfa,
    0x69, 0xfa, 0x69, 0xfa, 0x69, 0xfa, 0x69, 0xfa, 0x69, 0xfa, 0x69, 0xfa,
    0x69, 0xfa, 0x49, 0xca, 0x08, 0x8a, 0x49, 0x82, 0x8a, 0x72, 0xcb, 0x6a,
    0xcb, 0x6a, 0xeb, 0x6a, 0xeb, 0x62, 0xeb, 0x62, 0xeb, 0x62, 0xeb, 0x62,
    0xeb, 0x62, 0xeb, 0x62, 0xeb, 0x62, 0xeb, 0x62, 0xeb, 0x62, 0xeb, 0x62,
    0xeb, 0x62, 0xeb, 0x62, 0xeb, 0x62, 0xeb, 0x62, 0xeb, 0x62, 0xeb, 0x62,
    0xeb, 0x62, 0xeb, 0x62, 0xeb, 0x62, 0xeb, 0x62, 0xeb, 0x62, 0xeb, 0x62,
    0xeb, 0x62, 0xeb, 0x62, 0xeb, 0x62, 0xeb, 0x62, 0xeb, 0x62, 0xeb, 0x62,
    0xeb, 0x62, 0xeb, 0x62, 0xeb, 0x62, 0xeb, 0x62, 0xeb, 0x62, 0xeb, 0x62,
    0xeb, 0x62, 0xeb, 0x62, 0xeb, 0x62, 0xeb, 0x62, 0xeb, 0x62, 0xeb, 0x62,
    0xeb, 0x62, 0xeb, 0x62, 0xeb, 0x62, 0xeb, 0x62, 0xeb, 0x62, 0xeb, 0x62,
    0xeb, 0x62, 0xeb, 0x62, 0xeb, 0x62, 0xeb, 0x62, 0xeb, 0x62, 0xeb, 0x62,
    0xeb, 0x62, 0xeb, 0x62, 0xeb, 0x62, 0xeb, 0x62, 0xeb, 0x62, 0xeb, 0x62,
    0xeb, 0x62, 0xeb, 0x62, 0xeb, 0x62, 0xeb, 0x62, 0xeb, 0x62, 0xeb, 0x62,
    0xeb, 0x62, 0xeb, 0x62, 0xeb, 0x62, 0xeb, 0x62, 0xeb, 0x62, 0xeb, 0x62,
    0xeb, 0x62, 0xeb, 0x62, 0xeb, 0x62, 0xeb, 0x62, 0xeb, 0x62, 0xeb, 0x62,
    0xeb, 0x62, 0xeb, 0x62, 0xeb, 0x62, 0xeb, 0x62, 0xeb, 0x62, 0xeb, 0x62,
    0xeb, 0x62, 0xeb, 0x62, 0xeb, 0x62, 0xeb, 0x62, 0xeb, 0x62, 0xeb, 0x62,
    0xeb, 0x62, 0xeb, 0x62, 0xeb, 0x62, 0xeb, 0x62, 0xeb, 0x62, 0xeb, 0x62,
    0xeb, 0x62, 0xeb, 0x62, 0xeb, 0x62, 0xeb, 0x62, 0xeb, 0x62, 0xeb, 0x62,
    0xeb, 0x62, 0xeb, 0x62, 0xeb, 0x62, 0xeb, 0x62, 0xeb, 0x62, 0xeb, 0x62,
    0xeb, 0x62, 0xeb, 0x62, 0xeb, 0x62, 0xeb, 0x62, 0xeb, 0x62, 0xeb, 0x62,
    0xeb, 0x62, 0xeb, 0x62, 0xeb, 0x62, 0xeb, 0x62, 0xeb, 0x62, 0xeb, 0x62,
    0xeb, 0x62, 0xeb, 0x62, 0xeb, 0x62, 0xeb, 0x62, 0xeb, 0x62, 0xeb, 0x62,
    0xeb, 0x62, 0xeb, 0x62, 0xeb, 0x62, 0xeb, 0x62, 0xcb, 0x62, 0xcb, 0x6a,
    0xaa, 0x72, 0x69, 0x7a, 0x08, 0x8a, 0x49, 0xc2, 0x69, 0xfa, 0x69, 0xfa,
    0x69, 0xfa, 0x69, 0xfa, 0x69, 0xfa, 0x69, 0xfa, 0x69, 0xfa, 0x69, 0xfa,
    0x69, 0xfa, 0x69, 0xfa, 0x49, 0xc2, 0x08, 0x8a, 0x69, 0x7a, 0xaa, 0x72,
    0xcb, 0x6a, 0xcb, 0x62, 0xeb, 0x62, 0xeb, 0x62, 0xeb, 0x62, 0xeb, 0x62,
    0xeb, 0x62, 0xeb, 0x62, 0xeb, 0x62, 0xeb, 0x62, 0xeb, 0x62, 0xeb, 0x62,
    0xeb, 0x62, 0xeb, 0x62, 0xeb, 0x62, 0xeb, 0x62, 0xeb, 0x62, 0xeb, 0x62,
    0xeb, 0x62, 0xeb, 0x62, 0xeb, 0x62, 0xeb, 0x62, 0xeb, 0x62, 0xeb, 0x62,
    0xeb, 0x62, 0xeb, 0x62, 0xeb, 0x62, 0xeb, 0x62, 0xeb, 0x62, 0xeb, 0x62,
    0xeb, 0x62, 0xeb, 0x62, 0xeb, 0x62, 0xeb, 0x62, 0xeb, 0x62, 0xeb, 0x62,
    0xeb, 0x62, 0xeb, 0x62, 0xeb, 0x62, 0xeb, 0x62, 0xeb, 0x62, 0xeb, 0x62,
    0xeb, 0x62, 0xeb, 0x62, 0xeb, 0x62, 0xeb, 0x62, 0xeb, 0x62, 0xeb, 0x62,
    0xeb, 0x62, 0xeb, 0x62, 0xeb, 0x62, 0xeb, 0x62, 0xeb, 0x62, 0xeb, 0x62,
    0xeb, 0x62, 0xeb, 0x62, 0xeb, 0x62, 0xeb, 0x62, 0xeb, 0x62, 0xeb, 0x62,
    0xeb, 0x62, 0xeb, 0x62, 0xeb, 0x62, 0xeb, 0x62, 0xeb, 0x62, 0xeb, 0x62,
    0xeb, 0x62, 0xeb, 0x62, 0xeb, 0x62, 0xeb, 0x62, 0xeb, 0x62, 0xeb, 0x62,
    0xeb, 0x62, 0xeb, 0x62, 0xeb, 0x62, 0xeb, 0x62, 0xeb, 0x62, 0xeb, 0x62,
    0xeb, 0x62, 0xeb, 0x62, 0xeb, 0x62, 0xeb, 0x62, 0xeb, 0x62, 0xeb, 0x62,
    0xeb, 0x62, 0xeb, 0x62, 0xeb, 0x62, 0xeb, 0x62, 0xeb, 0x62, 0xeb, 0x62,
    0xeb, 0x62, 0xeb, 0x62, 0xeb, 0x62, 0xeb, 0x62, 0xeb, 0x62, 0xeb, 0x62,
    0xeb, 0x62, 0xeb, 0x62, 0xeb, 0x62, 0xeb, 0x62, 0xeb, 0x62, 0xeb, 0x62,
    0xeb, 0x62, 0xeb, 0x62, 0xeb, 0x62, 0xeb, 0x62, 0xeb, 0x62, 0xeb, 0x62,
    0xeb, 0x62, 0xeb, 0x62, 0xeb, 0x62, 0xeb, 0x62, 0xeb, 0x62, 0xeb, 0x62,
    0xeb, 0x62, 0xeb, 0x62, 0xeb, 0x62, 0xeb, 0x62, 0xeb, 0x62, 0xeb, 0x62,
    0xeb, 0x62, 0xeb, 0x62, 0xeb, 0x62, 0xeb, 0x62, 0xeb, 0x62, 0xeb, 0x62,
    0xeb, 0x62, 0xeb, 0x62, 0xeb, 0x62, 0xeb, 0x62, 0xeb, 0x6a, 0xcb, 0x6a,
    0x8a, 0x72, 0x49, 0x82, 0x28, 0x92, 0x69, 0xfa, 0x69, 0xfa, 0x69, 0xfa,
    0x69, 0xfa, 0x69, 0xfa, 0x69, 0xfa, 0x69, 0xfa, 0x69, 0xfa, 0x69, 0xfa,
    0x69, 0xfa, 0x69, 0xfa, 0x69, 0xfa, 0x28, 0x92, 0x49, 0x82, 0x8a, 0x72,
    0xcb, 0x6a, 0xeb, 0x6a, 0xeb, 0x62, 0xeb, 0x62, 0xeb, 0x62, 0xeb, 0x62,
    0xeb, 0x62, 0xeb, 0x62, 0xeb, 0x62, 0xeb, 0x62, 0xeb, 0x62, 0xeb, 0x62,
    0xeb, 0x62, 0xeb, 0x62, 0xeb, 0x62, 0xeb, 0x62, 0xeb, 0x62, 0xeb, 0x62,
    0xeb, 0x62, 0xeb, 0x62, 0xeb, 0x62, 0xeb, 0x62, 0xeb, 0x62, 0xeb, 0x62,
    0xeb, 0x62, 0xeb, 0x62, 0xeb, 0x62, 0xeb, 0x62, 0xeb, 0x62, 0xeb, 0x62,
    0xeb, 0x62, 0xeb, 0x62, 0xeb, 0x62, 0xeb, 0x62, 0xeb, 0x62, 0xeb, 0x62,
    0xeb, 0x62, 0xeb, 0x62, 0xeb, 0x62, 0xeb, 0x62, 0xeb, 0x62, 0xeb, 0x62,
    0xeb, 0x62, 0xeb, 0x62, 0xeb, 0x62, 0xeb, 0x62, 0xeb, 0x62, 0xeb, 0x62,
    0xeb, 0x62, 0xeb, 0x62, 0xeb, 0x62, 0xeb, 0x62, 0xeb, 0x62, 0xeb, 0x62,
    0xeb, 0x62, 0xeb, 0x62, 0xeb, 0x62, 0xeb, 0x62, 0xeb, 0x62, 0xeb, 0x62,
    0xeb, 0x62, 0xeb, 0x62, 0xeb, 0x62, 0xeb, 0x62, 0xeb, 0x62, 0xeb, 0x62,
    0xeb, 0x62, 0xeb, 0x62, 0xeb, 0x62, 0xeb, 0x62, 0xeb, 0x62, 0xeb, 0x62,
    0xeb, 0x62, 0xeb, 0x62, 0xeb, 0x62, 0xeb, 0x62, 0xeb, 0x62, 0xeb, 0x62,
    0xeb, 0x62, 0xeb, 0x62, 0xeb, 0x62, 0xeb, 0x62, 0xeb, 0x62, 0xeb, 0x62,
    0xeb, 0x62, 0xeb, 0x62, 0xeb, 0x62, 0xeb, 0x62, 0xeb, 0x62, 0xeb, 0x62,
    0xeb, 0x62, 0xeb, 0x62, 0xeb, 0x62, 0xeb, 0x62, 0xeb, 0x62, 0xeb, 0x62,
    0xeb, 0x62, 0xeb, 0x62, 0xeb, 0x62, 0xeb, 0x62, 0xeb, 0x62, 0xeb, 0x62,
    0xeb, 0x62, 0xeb, 0x62, 0xeb, 0x62, 0xeb, 0x62, 0xeb, 0x62, 0xeb, 0x62,
    0xeb, 0x62, 0xeb, 0x62, 0xeb, 0x62, 0xeb, 0x62, 0xeb, 0x62, 0xeb, 0x62,
    0xeb, 0x62, 0xeb, 0x62, 0xeb, 0x62, 0xeb, 0x62, 0xeb, 0x62, 0xeb, 0x62,
    0xeb, 0x62, 0xeb, 0x62, 0xeb, 0x62, 0xeb, 0x62, 0xeb, 0x62, 0xeb, 0x62,
    0xeb, 0x62, 0xeb, 0x62, 0xeb, 0x62, 0xeb, 0x62, 0xcb, 0x6a, 0xaa, 0x72,
    0x69, 0x7a, 0x28, 0x82, 0x49, 0xc2, 0x69, 0xfa, 0x69, 0xfa, 0x69, 0xfa,
    0x69, 0xfa, 0x69, 0xfa, 0x69, 0xfa, 0x69, 0xfa, 0x69, 0xfa, 0x69, 0xfa,
    0x69, 0xfa, 0x69, 0xfa, 0x69, 0xfa, 0x49, 0xc2, 0x28, 0x82, 0x69, 0x7a,
    0xaa, 0x6a, 0xcb, 0x6a, 0xeb, 0x62, 0xeb, 0x62, 0xeb, 0x62, 0xeb, 0x62,
    0xeb, 0x62, 0xeb, 0x62, 0xeb, 0x62, 0xeb, 0x62, 0xeb, 0x62, 0xeb, 0x62,
    0xeb, 0x62, 0xeb, 0x62, 0xeb, 0x62, 0xeb, 0x62, 0xeb, 0x62, 0xeb, 0x62,
    0xeb, 0x62, 0xeb, 0x62, 0xeb, 0x62, 0xeb, 0x62, 0xeb, 0x62, 0xeb, 0x62,
    0xeb, 0x62, 0xeb, 0x62, 0xeb, 0x62, 0xeb, 0x62, 0xeb, 0x62, 0xeb, 0x62,
    0xeb, 0x62, 0xeb, 0x62, 0xeb, 0x62, 0xeb, 0x62, 0xeb, 0x62, 0xeb, 0x62,
    0xeb, 0x62, 0xeb, 0x62, 0xeb, 0x62, 0xeb, 0x62, 0xeb, 0x62, 0xeb, 0x62,
    0xeb, 0x62, 0xeb, 0x62, 0xeb, 0x62, 0xeb, 0x62, 0xeb, 0x62, 0xeb, 0x62,
    0xeb, 0x62, 0xeb, 0x62, 0xeb, 0x62, 0xeb, 0x62, 0xeb, 0x62, 0xeb, 0x62,
    0xeb, 0x62, 0xeb, 0x62, 0xeb, 0x62, 0xeb, 0x62, 0xeb, 0x62, 0xeb, 0x62,
    0xeb, 0x62, 0xeb, 0x62, 0xeb, 0x62, 0xeb, 0x62, 0xeb, 0x62, 0xeb, 0x62,
    0xeb, 0x62, 0xeb, 0x62, 0xeb, 0x62, 0xeb, 0x62, 0xeb, 0x62, 0xeb, 0x62,
    0xeb, 0x62, 0xeb, 0x62, 0xeb, 0x62, 0xeb, 0x62, 0xeb, 0x62, 0xeb, 0x62,
    0xeb, 0x62, 0xeb, 0x62, 0xeb, 0x62, 0xeb, 0x62, 0xeb, 0x62, 0xeb, 0x62,
    0xeb, 0x62, 0xeb, 0x62, 0xeb, 0x62, 0xeb, 0x62, 0xeb, 0x62, 0xeb, 0x62,
    0xeb, 0x62, 0xeb, 0x62, 0xeb, 0x62, 0xeb, 0x62, 0xeb, 0x62, 0xeb, 0x62,
    0xeb, 0x62, 0xeb, 0x62, 0xeb, 0x62, 0xeb, 0x62, 0xeb, 0x62, 0xeb, 0x62,
    0xeb, 0x62, 0xeb, 0x62, 0xeb, 0x62, 0xeb, 0x62, 0xeb, 0x62, 0xeb, 0x62,
    0xeb, 0x62, 0xeb, 0x62, 0xeb, 0x62, 0xeb, 0x62, 0xeb, 0x62, 0xeb, 0x62,
    0xeb, 0x62, 0xeb, 0x62, 0xeb, 0x62, 0xeb, 0x62, 0xeb, 0x62, 0xeb, 0x62,
    0xeb, 0x62, 0xeb, 0x62, 0xeb, 0x62, 0xeb, 0x62, 0xeb, 0x62, 0xeb, 0x62,
    0xeb, 0x62, 0xeb, 0x62, 0xeb, 0x62, 0xeb, 0x6a, 0xcb, 0x6a, 0xaa, 0x72,
    0x69, 0x7a, 0x08, 0x8a, 0x49, 0xda, 0x69, 0xfa, 0x69, 0xfa, 0x69, 0xfa,
    0x69, 0xfa, 0x69, 0xfa, 0x69, 0xfa, 0x69, 0xfa, 0x69, 0xfa, 0x69, 0xfa,
    0x69, 0xfa, 0x69, 0xfa, 0x69, 0xfa, 0x49, 0xda, 0x08, 0x8a, 0x69, 0x7a,
    0xaa, 0x72, 0xcb, 0x6a, 0xeb, 0x6a, 0xeb, 0x62, 0xeb, 0x62, 0xeb, 0x62,
    0xeb, 0x62, 0xeb, 0x62, 0xeb, 0x62, 0xeb, 0x62, 0xeb, 0x62, 0xeb, 0x62,
    0xeb, 0x62, 0xeb, 0x62, 0xeb, 0x62, 0xeb, 0x62, 0xeb, 0x62, 0xeb, 0x62,
    0xeb, 0x62, 0xeb, 0x62, 0xeb, 0x62, 0xeb, 0x62, 0xeb, 0x62, 0xeb, 0x62,
    0xeb, 0x62, 0xeb, 0x62, 0xeb, 0x62, 0xeb, 0x62, 0xeb, 0x62, 0xeb, 0x62,
    0xeb, 0x62, 0xeb, 0x62, 0xeb, 0x62, 0xeb, 0x62, 0xeb, 0x62, 0xeb, 0x62,
    0xeb, 0x62, 0xeb, 0x62, 0xeb, 0x62, 0xeb, 0x62, 0xeb, 0x62, 0xeb, 0x62,
    0xeb, 0x62, 0xeb, 0x62, 0xeb, 0x62, 0xeb, 0x62, 0xeb, 0x62, 0xeb, 0x62,
    0xeb, 0x62, 0xeb, 0x62, 0xeb, 0x62, 0xeb, 0x62, 0xeb, 0x62, 0xeb, 0x62,
    0xeb, 0x62, 0xeb, 0x62, 0xeb, 0x62, 0xeb, 0x62, 0xeb, 0x62, 0xeb, 0x62,
    0xeb, 0x62, 0xeb, 0x62, 0xeb, 0x62, 0xeb, 0x62, 0xeb, 0x62, 0xeb, 0x62,
    0x4f, 0xb5, 0x4f, 0xb5, 0xf0, 0xa4, 0xb0, 0x9c, 0xf0, 0xa4, 0x2f, 0xb5,
    0x2f, 0xb5, 0x2f, 0xb5, 0x2f, 0xb5, 0x2f, 0xb5, 0xef, 0xa4, 0xb0, 0x9c,
    0xef, 0xa4, 0x2f, 0xb5, 0x2f, 0xb5, 0x2f, 0xb5, 0x2f, 0xb5, 0x2f, 0xb5,
    0xef, 0xa4, 0xb0, 0x9c, 0xef, 0xa4, 0x2f, 0xb5, 0x2f, 0xb5, 0x2f, 0xb5,
    0x2e, 0xb5, 0x2e, 0xb5, 0xef, 0xa4, 0xb0, 0x9c, 0xef, 0xa4, 0x0e, 0xb5,
    0x0e, 0xb5, 0x0e, 0xb5, 0x0e, 0xb5, 0x0e, 0xb5, 0xef, 0xa4, 0xaf, 0x9c,
    0xcf, 0xa4, 0x0e, 0xb5, 0x0e, 0xb5, 0x0e, 0xb5, 0x0e, 0xb5, 0x0e, 0xb5,
    0xcf, 0xa4, 0xaf, 0x9c, 0xce, 0xa4, 0x0e, 0xb5, 0x0e, 0xb5, 0x0e, 0xb5,
    0x0e, 0xb5, 0x0e, 0xb5, 0xce, 0xa4, 0xaf, 0x9c, 0xce, 0xa4, 0x0e, 0xb5,
    0x0d, 0xb5, 0x0d, 0xb5, 0xed, 0xb4, 0xed, 0xb4, 0xce, 0xa4, 0x8f, 0x9c,
    0xce, 0xa4, 0xed, 0xb4, 0xed, 0xb4, 0xcd, 0xb4, 0xad, 0xb4, 0x6c, 0xb4,
    0xcb, 0xb3, 0x2a, 0xb3, 0x89, 0xea, 0x69, 0xfa, 0x69, 0xfa, 0x69, 0xfa,
    0x69, 0xfa, 0x69, 0xfa, 0x69, 0xfa, 0x69, 0xfa, 0x69, 0xfa, 0x69, 0xfa,
    0x69, 0xfa, 0x69, 0xfa, 0x69, 0xfa, 0xa9, 0xea, 0x49, 0xb3, 0xac, 0xab,
    0x2c, 0xac, 0xac, 0xb4, 0xcc, 0xb4, 0xcc, 0xb4, 0xcc, 0xac, 0xcc, 0xb4,
    0xad, 0xa4, 0x8e, 0x9c, 0xad, 0xa4, 0xcc, 0xb4, 0xcc, 0xac, 0xcc, 0xb4,
    0xcc, 0xac, 0xcc, 0xac, 0xad, 0xa4, 0x8e, 0x9c, 0xad, 0xa4, 0xcc, 0xac,
    0xcc, 0xac, 0xcc, 0xac, 0xcc, 0xac, 0xcc, 0xac, 0xad, 0xa4, 0x8e, 0x9c,
    0xad, 0xa4, 0xac, 0xac, 0xac, 0xac, 0xac, 0xac, 0xac, 0xac, 0xac, 0xac,
    0x8d, 0xa4, 0x6e, 0x9c, 0x8d, 0xa4, 0xab, 0xac, 0xab, 0xac, 0xab, 0xac,
    0xab, 0xac, 0xab, 0xac, 0x8d, 0xa4, 0x6e, 0x9c, 0x8d, 0xa4, 0xab, 0xac,
    0xab, 0xac, 0xab, 0xac, 0xab, 0xac, 0xab, 0xac, 0x8c, 0xa4, 0x6e, 0x9c,
    0x8c, 0xa4, 0xab, 0xac, 0xab, 0xac, 0xab, 0xac, 0x8b, 0xac, 0x8b, 0xac,
    0x8c, 0xa4, 0x6e, 0x9c, 0x8c, 0xa4, 0x8b, 0xac, 0x8b, 0xac, 0x8b, 0xac,
    0x8b, 0xac, 0x8b, 0xac, 0x6c, 0xa4, 0x6e, 0x9c, 0x6c, 0xa4, 0x8a, 0xac,
    0x93, 0xff, 0xf2, 0xc5, 0x51, 0x8c, 0xf2, 0xc5, 0x93, 0xff, 0x93, 0xff,
    0x93, 0xff, 0x93, 0xff, 0x73, 0xff, 0xd2, 0xc5, 0x51, 0x8c, 0xd1, 0xc5,
    0x72, 0xff, 0x72, 0xff, 0x72, 0xff, 0x72, 0xff, 0x72, 0xff, 0xd1, 0xc5,
    0x51, 0x8c, 0xd1, 0xc5, 0x52, 0xff, 0x52, 0xff, 0x52, 0xff, 0x52, 0xff,
    0x52, 0xff, 0xd1, 0xc5, 0x51, 0x8c, 0xd1, 0xc5, 0x51, 0xff, 0x51, 0xff,
    0x51, 0xff, 0x51, 0xff, 0x51, 0xff, 0xd1, 0xc5, 0x51, 0x8c, 0xb1, 0xc5,
    0x31, 0xff, 0x31, 0xff, 0x31, 0xff, 0x31, 0xff, 0x31, 0xff, 0xb1, 0xc5,
    0x51, 0x8c, 0xb0, 0xc5, 0x30, 0xff, 0x30, 0xff, 0x30, 0xff, 0x30, 0xff,
    0x10, 0xff, 0xb0, 0xc5, 0x51, 0x8c, 0xb0, 0xc5, 0x10, 0xff, 0x10, 0xff,
    0x10, 0xff, 0x10, 0xff, 0x0f, 0xff, 0xb0, 0xc5, 0x51, 0x8c, 0xb0, 0xc5,
    0xef, 0xfe, 0xef, 0xfe, 0xef, 0xfe, 0xcf, 0xfe, 0xae, 0xfe, 0x0e, 0xc5,
    0x6d, 0x9b, 0xeb, 0xcb, 0x2a, 0xfb, 0x69, 0xfa, 0x69, 0xfa, 0x69, 0xfa,
    0x69, 0xfa, 0x69, 0xfa, 0x69, 0xfa, 0x69, 0xfa, 0x69, 0xfa, 0x69, 0xfa,
    0x69, 0xfa, 0x69, 0xfa, 0x69, 0xfa, 0xca, 0xea, 0xeb, 0xa2, 0x8c, 0xc4,
    0x0c, 0xfe, 0x6d, 0xfe, 0xad, 0xfe, 0xad, 0xfe, 0xad, 0xfe, 0x6f, 0xc5,
    0x51, 0x8c, 0x6f, 0xc5, 0xad, 0xfe, 0xad, 0xfe, 0xad, 0xfe, 0xad, 0xfe,
    0xad, 0xfe, 0x6f, 0xc5, 0x51, 0x8c, 0x6f, 0xc5, 0x8d, 0xfe, 0x8d, 0xfe,
    0x8c, 0xfe, 0x8c, 0xfe, 0x8c, 0xfe, 0x6e, 0xc5, 0x51, 0x8c, 0x6e, 0xc5,
    0x8c, 0xfe, 0x8c, 0xfe, 0x8c, 0xfe, 0x8c, 0xfe, 0x8c, 0xfe, 0x6e, 0xc5,
    0x51, 0x8c, 0x4e, 0xc5, 0x6c, 0xfe, 0x6c, 0xfe, 0x6b, 0xfe, 0x6b, 0xfe,
    0x6b, 0xfe, 0x4e, 0xc5, 0x51, 0x8c, 0x4e, 0xc5, 0x6b, 0xfe, 0x6b, 0xfe,
    0x6b, 0xfe, 0x6b, 0xfe, 0x4b, 0xfe, 0x4e, 0xc5, 0x51, 0x8c, 0x4e, 0xc5,
    0x4a, 0xfe, 0x4a, 0xfe, 0x4a, 0xfe, 0x4a, 0xfe, 0x4a, 0xfe, 0x4d, 0xc5,
    0x51, 0x8c, 0x4d, 0xc5, 0x2a, 0xfe, 0x2a, 0xfe, 0x2a, 0xfe, 0x2a, 0xfe,
    0x2a, 0xfe, 0x2d, 0xc5, 0x51, 0x8c, 0x2d, 0xc5, 0x29, 0xfe, 0x29, 0xfe,
    0xf2, 0xc5, 0x51, 0x8c, 0xf2, 0xc5, 0x93, 0xff, 0x73, 0xff, 0x73, 0xff,
    0x73, 0xff, 0x73, 0xff, 0xd2, 0xc5, 0x51, 0x8c, 0xd1, 0xc5, 0x72, 0xff,
    0x72, 0xff, 0x72, 0xff, 0x72, 0xff, 0x72, 0xff, 0xd1, 0xc5, 0x51, 0x8c,
    0xd1, 0xc5, 0x52, 0xff, 0x52, 0xff, 0x52, 0xff, 0x52, 0xff, 0x52, 0xff,
    0xd1, 0xc5, 0x51, 0x8c, 0xd1, 0xc5, 0x51, 0xff, 0x51, 0xff, 0x51, 0xff,
    0x51, 0xff, 0x51, 0xff, 0xb1, 0xc5, 0x51, 0x8c, 0xb1, 0xc5, 0x31, 0xff,
    0x31, 0xff, 0x31, 0xff, 0x31, 0xff, 0x31, 0xff, 0xb0, 0xc5, 0x51, 0x8c,
    0xb0, 0xc5, 0x30, 0xff, 0x10, 0xff, 0x10, 0xff, 0x10, 0xff, 0x10, 0xff,
    0xb0, 0xc5, 0x51, 0x8c, 0xb0, 0xc5, 0x10, 0xff, 0x10, 0xff, 0x10, 0xff,
    0x0f, 0xff, 0x0f, 0xff, 0xb0, 0xc5, 0x51, 0x8c, 0x90, 0xc5, 0xef, 0xfe,
    0xef, 0xfe, 0xef, 0xfe, 0xef, 0xfe, 0xcf, 0xfe, 0x4f, 0xc5, 0xef, 0x93,
    0xad, 0xc4, 0xea, 0xf4, 0xaa, 0xf3, 0x69, 0xfa, 0x69, 0xfa, 0x69, 0xfa,
    0x69, 0xfa, 0x69, 0xfa, 0x69, 0xfa, 0x69, 0xfa, 0x69, 0xfa, 0x69, 0xfa,
    0x69, 0xfa, 0x69, 0xfa, 0x69, 0xfa, 0xcb, 0xca, 0xeb, 0xcb, 0xab, 0xf5,
    0x2c, 0xfe, 0x6d, 0xfe, 0xad, 0xfe, 0xad, 0xfe, 0x6f, 0xc5, 0x51, 0x8c,
    0x6f, 0xc5, 0xad, 0xfe, 0xad, 0xfe, 0xad, 0xfe, 0xad, 0xfe, 0xad, 0xfe,
    0x6f, 0xc5, 0x51, 0x8c, 0x6f, 0xc5, 0x8d, 0xfe, 0x8c, 0xfe, 0x8c, 0xfe,
    0x8c, 0xfe, 0x8c, 0xfe, 0x6e, 0xc5, 0x51, 0x8c, 0x6e, 0xc5, 0x8c, 0xfe,
    0x8c, 0xfe, 0x8c, 0xfe, 0x8c, 0xfe, 0x8c, 0xfe, 0x4e, 0xc5, 0x51, 0x8c,
    0x4e, 0xc5, 0x6c, 0xfe, 0x6b, 0xfe, 0x6b, 0xfe, 0x6b, 0xfe, 0x6b, 0xfe,
    0x4e, 0xc5, 0x51, 0x8c, 0x4e, 0xc5, 0x6b, 0xfe, 0x4b, 0xfe, 0x4b, 0xfe,
    0x4b, 0xfe, 0x4b, 0xfe, 0x4e, 0xc5, 0x51, 0x8c, 0x4d, 0xc5, 0x4a, 0xfe,
    0x4a, 0xfe, 0x4a, 0xfe, 0x4a, 0xfe, 0x4a, 0xfe, 0x4d, 0xc5, 0x51, 0x8c,
    0x2d, 0xc5, 0x2a, 0xfe, 0x2a, 0xfe, 0x2a, 0xfe, 0x2a, 0xf6, 0x2a, 0xfe,
    0x2d, 0xbd, 0x51, 0x8c, 0x2d, 0xbd, 0x29, 0xf6, 0x29, 0xf6, 0x29, 0xf6,
    0x51, 0x8c, 0xf2, 0xc5, 0x93, 0xff, 0x93, 0xff, 0x73, 0xff, 0x73, 0xff,
    0x73, 0xff, 0xd2, 0xc5, 0x51, 0x8c, 0xd1, 0xc5, 0x72, 0xff, 0x72, 0xff,
    0x72, 0xff, 0x72, 0xff, 0x72, 0xff, 0xd1, 0xc5, 0x51, 0x8c, 0xd1, 0xc5,
    0x52, 0xff, 0x52, 0xff, 0x52, 0xff, 0x52, 0xff, 0x52, 0xff, 0xd1, 0xc5,
    0x51, 0x8c, 0xd1, 0xc5, 0x51, 0xff, 0x51, 0xff, 0x51, 0xff, 0x51, 0xff,
    0x51, 0xff, 0xd1, 0xc5, 0x51, 0x8c, 0xb1, 0xc5, 0x31, 0xff, 0x31, 0xff,
    0x31, 0xff, 0x31, 0xff, 0x31, 0xff, 0xb0, 0xc5, 0x51, 0x8c, 0xb0, 0xc5,
    0x30, 0xff, 0x30, 0xff, 0x10, 0xff, 0x10, 0xff, 0x10, 0xff, 0xb0, 0xc5,
    0x51, 0x8c, 0xb0, 0xc5, 0x10, 0xff, 0x10, 0xff, 0x10, 0xff, 0x10, 0xff,
    0x0f, 0xff, 0xb0, 0xc5, 0x51, 0x8c, 0xb0, 0xc5, 0xef, 0xfe, 0xef, 0xfe,
    0xef, 0xfe, 0xef, 0xfe, 0xef, 0xfe, 0x8f, 0xc5, 0x10, 0x8c, 0x2e, 0xc5,
    0xed, 0xfd, 0x4b, 0xf5, 0x8a, 0xf4, 0x89, 0xfa, 0x69, 0xfa, 0x69, 0xfa,
    0x69, 0xfa, 0x69, 0xfa, 0x69, 0xfa, 0x69, 0xfa, 0x69, 0xfa, 0x69, 0xfa,
    0x69, 0xfa, 0x69, 0xfa, 0x69, 0xfa, 0xaa, 0xcb, 0x2a, 0xf5, 0xcc, 0xf5,
    0x2c, 0xfe, 0x6d, 0xfe, 0xad, 0xfe, 0x6f, 0xc5, 0x51, 0x8c, 0x6f, 0xc5,
    0xad, 0xfe, 0xad, 0xfe, 0xad, 0xfe, 0xad, 0xfe, 0xad, 0xfe, 0x6f, 0xc5,
    0x51, 0x8c, 0x6f, 0xc5, 0x8d, 0xfe, 0x8d, 0xfe, 0x8c, 0xfe, 0x8c, 0xfe,
    0x8c, 0xfe, 0x6e, 0xc5, 0x51, 0x8c, 0x6e, 0xc5, 0x8c, 0xfe, 0x8c, 0xfe,
    0x8c, 0xfe, 0x8c, 0xfe, 0x8c, 0xfe, 0x6e, 0xc5, 0x51, 0x8c, 0x4e, 0xc5,
    0x6b, 0xfe, 0x6b, 0xfe, 0x6b, 0xfe, 0x6b, 0xfe, 0x6b, 0xfe, 0x4e, 0xc5,
    0x51, 0x8c, 0x4e, 0xc5, 0x6b, 0xfe, 0x6b, 0xfe, 0x4b, 0xfe, 0x4b, 0xfe,
    0x4b, 0xfe, 0x4e, 0xc5, 0x51, 0x8c, 0x4e, 0xc5, 0x4a, 0xfe, 0x4a, 0xfe,
    0x4a, 0xfe, 0x4a, 0xfe, 0x4a, 0xfe, 0x4d, 0xc5, 0x51, 0x8c, 0x4d, 0xc5,
    0x2a, 0xfe, 0x2a, 0xfe, 0x2a, 0xfe, 0x2a, 0xfe, 0x2a, 0xfe, 0x2d, 0xc5,
    0x51, 0x8c, 0x2d, 0xc5, 0x29, 0xfe, 0x29, 0xfe, 0x29, 0xfe, 0x29, 0xfe,
    0xf2, 0xc5, 0x73, 0xff, 0x73, 0xff, 0x73, 0xff, 0x73, 0xff, 0x73, 0xff,
    0xd1, 0xc5, 0x51, 0x8c, 0xd1, 0xc5, 0x72, 0xff, 0x72, 0xff, 0x72, 0xff,
    0x72, 0xff, 0x72, 0xff, 0xd1, 0xc5, 0x51, 0x8c, 0xd1, 0xc5, 0x52, 0xff,
    0x52, 0xff, 0x52, 0xff, 0x51, 0xff, 0x51, 0xff, 0xd1, 0xc5, 0x51, 0x8c,
    0xd1, 0xc5, 0x51, 0xff, 0x51, 0xff, 0x51, 0xff, 0x31, 0xff, 0x31, 0xff,
    0xb1, 0xc5, 0x51, 0x8c, 0xb1, 0xc5, 0x31, 0xff, 0x31, 0xff, 0x31, 0xff,
    0x30, 0xff, 0x30, 0xff, 0xb0, 0xc5, 0x51, 0x8c, 0xb0, 0xc5, 0x10, 0xff,
    0x10, 0xff, 0x10, 0xff, 0x10, 0xff, 0x10, 0xff, 0xb0, 0xc5, 0x51, 0x8c,
    0xb0, 0xc5, 0x10, 0xff, 0x10, 0xff, 0x0f, 0xff, 0x0f, 0xff, 0x0f, 0xff,
    0x90, 0xc5, 0x51, 0x8c, 0x90, 0xc5, 0xef, 0xfe, 0xef, 0xfe, 0xef, 0xfe,
    0xef, 0xfe, 0xef, 0xfe, 0x8f, 0xc5, 0x30, 0x8c, 0x6f, 0xc5, 0x6e, 0xfe,
    0x2d, 0xfe, 0x8c, 0xf5, 0xca, 0xf4, 0xaa, 0xf3, 0x69, 0xfa, 0x69, 0xfa,
    0x69, 0xfa, 0x69, 0xfa, 0x69, 0xfa, 0x69, 0xfa, 0x69, 0xfa, 0x69, 0xfa,
    0x69, 0xfa, 0x69, 0xfa, 0x2a, 0xe3, 0xc9, 0xf4, 0x6b, 0xf5, 0xec, 0xf5,
    0x4d, 0xfe, 0x8d, 0xfe, 0x6f, 0xc5, 0x30, 0x8c, 0x6f, 0xc5, 0xad, 0xfe,
    0xad, 0xfe, 0xad, 0xfe, 0xad, 0xfe, 0xad, 0xfe, 0x6f, 0xc5, 0x51, 0x8c,
    0x6e, 0xc5, 0x8c, 0xfe, 0x8c, 0xfe, 0x8c, 0xfe, 0x8c, 0xfe, 0x8c, 0xfe,
    0x6e, 0xc5, 0x51, 0x8c, 0x6e, 0xc5, 0x8c, 0xfe, 0x8c, 0xfe, 0x8c, 0xfe,
    0x6c, 0xfe, 0x6c, 0xfe, 0x4e, 0xc5, 0x51, 0x8c, 0x4e, 0xc5, 0x6b, 0xfe,
    0x6b, 0xfe, 0x6b, 0xfe, 0x6b, 0xfe, 0x6b, 0xfe, 0x4e, 0xc5, 0x51, 0x8c,
    0x4e, 0xc5, 0x4b, 0xfe, 0x4b, 0xfe, 0x4b, 0xfe, 0x4b, 0xfe, 0x4b, 0xfe,
    0x4e, 0xc5, 0x51, 0x8c, 0x4d, 0xc5, 0x4a, 0xfe, 0x4a, 0xfe, 0x4a, 0xfe,
    0x4a, 0xfe, 0x4a, 0xfe, 0x2d, 0xc5, 0x51, 0x8c, 0x2d, 0xbd, 0x2a, 0xfe,
    0x2a, 0xf6, 0x2a, 0xfe, 0x2a, 0xf6, 0x2a, 0xf6, 0x2d, 0xbd, 0x51, 0x8c,
    0x2d, 0xbd, 0x29, 0xf6, 0x29, 0xf6, 0x29, 0xf6, 0x09, 0xf6, 0x09, 0xf6,
    0x93, 0xff, 0x73, 0xff, 0x73, 0xff, 0x73, 0xff, 0x73, 0xff, 0xd1, 0xc5,
    0x51, 0x8c, 0xd1, 0xc5, 0x72, 0xff, 0x72, 0xff, 0x72, 0xff, 0x72, 0xff,
    0x72, 0xff, 0xd1, 0xc5, 0x51, 0x8c, 0xd1, 0xc5, 0x52, 0xff, 0x52, 0xff,
    0x52, 0xff, 0x52, 0xff, 0x51, 0xff, 0xd1, 0xc5, 0x51, 0x8c, 0xd1, 0xc5,
    0x51, 0xff, 0x51, 0xff, 0x51, 0xff, 0x51, 0xff, 0x31, 0xff, 0xb1, 0xc5,
    0x51, 0x8c, 0xb1, 0xc5, 0x31, 0xff, 0x31, 0xff, 0x31, 0xff, 0x31, 0xff,
    0x30, 0xff, 0xb0, 0xc5, 0x51, 0x8c, 0xb0, 0xc5, 0x30, 0xff, 0x10, 0xff,
    0x10, 0xff, 0x10, 0xff, 0x10, 0xff, 0xb0, 0xc5, 0x51, 0x8c, 0xb0, 0xc5,
    0x10, 0xff, 0x10, 0xff, 0x0f, 0xff, 0x0f, 0xff, 0x0f, 0xff, 0xb0, 0xc5,
    0x51, 0x8c, 0x90, 0xc5, 0xef, 0xfe, 0xef, 0xfe, 0xef, 0xfe, 0xef, 0xfe,
    0xef, 0xfe, 0x90, 0xc5, 0x30, 0x8c, 0x8f, 0xc5, 0xce, 0xfe, 0x8e, 0xfe,
    0x4d, 0xfe, 0xec, 0xfd, 0x4b, 0xf5, 0xca, 0xcb, 0xaa, 0xd2, 0x69, 0xfa,
    0x69, 0xfa, 0x69, 0xfa, 0x69, 0xfa, 0x69, 0xfa, 0x69, 0xfa, 0x69, 0xfa,
    0x69, 0xfa, 0x0a, 0xe3, 0x89, 0xf4, 0x2a, 0xf5, 0xcb, 0xf5, 0x2c, 0xfe,
    0x6d, 0xfe, 0x6f, 0xc5, 0x30, 0x8c, 0x6f, 0xc5, 0xad, 0xfe, 0xad, 0xfe,
    0xad, 0xfe, 0xad, 0xfe, 0xad, 0xfe, 0x6f, 0xc5, 0x51, 0x8c, 0x6f, 0xc5,
    0x8c, 0xfe, 0x8c, 0xfe, 0x8c, 0xfe, 0x8c, 0xfe, 0x8c, 0xfe, 0x6e, 0xc5,
    0x51, 0x8c, 0x6e, 0xc5, 0x8c, 0xfe, 0x8c, 0xfe, 0x8c, 0xfe, 0x8c, 0xfe,
    0x6c, 0xfe, 0x4e, 0xc5, 0x51, 0x8c, 0x4e, 0xc5, 0x6b, 0xfe, 0x6b, 0xfe,
    0x6b, 0xfe, 0x6b, 0xfe, 0x6b, 0xfe, 0x4e, 0xc5, 0x51, 0x8c, 0x4e, 0xc5,
    0x6b, 0xfe, 0x4b, 0xfe, 0x4b, 0xfe, 0x4b, 0xfe, 0x4b, 0xfe, 0x4e, 0xc5,
    0x51, 0x8c, 0x4d, 0xc5, 0x4a, 0xfe, 0x4a, 0xfe, 0x4a, 0xfe, 0x4a, 0xfe,
    0x4a, 0xfe, 0x4d, 0xc5, 0x51, 0x8c, 0x2d, 0xc5, 0x2a, 0xfe, 0x2a, 0xfe,
    0x2a, 0xfe, 0x2a, 0xfe, 0x2a, 0xfe, 0x2d, 0xc5, 0x51, 0x8c, 0x2d, 0xc5,
    0x29, 0xf6, 0x29, 0xfe, 0x29, 0xf6, 0x29, 0xfe, 0x09, 0xf6, 0x2d, 0xbd,
    0x73, 0xff, 0x73, 0xff, 0x73, 0xff, 0x72, 0xff, 0xd1, 0xc5, 0x51, 0x8c,
    0xd1, 0xc5, 0x72, 0xff, 0x72, 0xff, 0x72, 0xff, 0x72, 0xff, 0x72, 0xff,
    0xd1, 0xc5, 0x51, 0x8c, 0xd1, 0xc5, 0x52, 0xff, 0x52, 0xff, 0x52, 0xff,
    0x51, 0xff, 0x51, 0xff, 0xd1, 0xc5, 0x51, 0x8c, 0xd1, 0xc5, 0x51, 0xff,
    0x51, 0xff, 0x31, 0xff, 0x31, 0xff, 0x31, 0xff, 0xb1, 0xc5, 0x51, 0x8c,
    0xb1, 0xc5, 0x31, 0xff, 0x31, 0xff, 0x30, 0xff, 0x30, 0xff, 0x30, 0xff,
    0xb0, 0xc5, 0x51, 0x8c, 0xb0, 0xc5, 0x10, 0xff, 0x10, 0xff, 0x10, 0xff,
    0x10, 0xff, 0x10, 0xff, 0xb0, 0xc5, 0x51, 0x8c, 0xb0, 0xc5, 0x10, 0xff,
    0x0f, 0xff, 0x0f, 0xff, 0x0f, 0xff, 0x0f, 0xff, 0x90, 0xc5, 0x51, 0x8c,
    0x90, 0xc5, 0xef, 0xfe, 0xef, 0xfe, 0xef, 0xfe, 0xef, 0xfe, 0xef, 0xfe,
    0x90, 0xc5, 0x51, 0x8c, 0x90, 0xc5, 0xcf, 0xfe, 0xce, 0xfe, 0xae, 0xfe,
    0x8e, 0xfe, 0x2d, 0xfe, 0xad, 0xc4, 0x4d, 0x9b, 0xca, 0xcb, 0x0a, 0xf4,
    0xe9, 0xfa, 0x69, 0xfa, 0x69, 0xfa, 0x69, 0xfa, 0x69, 0xfa, 0x8a, 0xea,
    0x6a, 0xdb, 0xa9, 0xf4, 0x2a, 0xf5, 0xab, 0xf5, 0x0c, 0xfe, 0x4c, 0xfe,
    0x4e, 0xc5, 0x30, 0x8c, 0x6f, 0xc5, 0xad, 0xfe, 0xad, 0xfe, 0xad, 0xfe,
    0xad, 0xfe, 0xad, 0xfe, 0x6f, 0xc5, 0x51, 0x8c, 0x6e, 0xc5, 0x8c, 0xfe,
    0x8c, 0xfe, 0x8c, 0xfe, 0x8c, 0xfe, 0x8c, 0xfe, 0x6e, 0xc5, 0x51, 0x8c,
    0x6e, 0xc5, 0x8c, 0xfe, 0x8c, 0xfe, 0x6c, 0xfe, 0x6c, 0xfe, 0x6c, 0xfe,
    0x4e, 0xc5, 0x51, 0x8c, 0x4e, 0xc5, 0x6b, 0xfe, 0x6b, 0xfe, 0x6b, 0xfe,
    0x6b, 0xfe, 0x6b, 0xfe, 0x4e, 0xc5, 0x51, 0x8c, 0x4e, 0xc5, 0x4b, 0xfe,
    0x4b, 0xfe, 0x4b, 0xfe, 0x4b, 0xfe, 0x4b, 0xfe, 0x4d, 0xc5, 0x51, 0x8c,
    0x4d, 0xc5, 0x4a, 0xfe, 0x4a, 0xfe, 0x4a, 0xfe, 0x4a, 0xfe, 0x4a, 0xfe,
    0x2d, 0xc5, 0x51, 0x8c, 0x2d, 0xc5, 0x2a, 0xfe, 0x2a, 0xf6, 0x2a, 0xfe,
    0x2a, 0xf6, 0x2a, 0xfe, 0x2d, 0xbd, 0x51, 0x8c, 0x2d, 0xbd, 0x29, 0xf6,
    0x29, 0xf6, 0x09, 0xf6, 0x09, 0xf6, 0x09, 0xf6, 0x2d, 0xbd, 0x51, 0x8c,
    0x73, 0xff, 0x73, 0xff, 0x72, 0xff, 0xd1, 0xc5, 0x51, 0x8c, 0xd1, 0xc5,
    0x72, 0xff, 0x72, 0xff, 0x72, 0xff, 0x72, 0xff, 0x72, 0xff, 0xd1, 0xc5,
    0x51, 0x8c, 0xd1, 0xc5, 0x52, 0xff, 0x52, 0xff, 0x52, 0xff, 0x51, 0xff,
    0x51, 0xff, 0xd1, 0xc5, 0x51, 0x8c, 0xd1, 0xc5, 0x51, 0xff, 0x51, 0xff,
    0x51, 0xff, 0x51, 0xff, 0x31, 0xff, 0xb1, 0xc5, 0x51, 0x8c, 0xb1, 0xc5,
    0x31, 0xff, 0x31, 0xff, 0x30, 0xff, 0x30, 0xff, 0x30, 0xff, 0xb0, 0xc5,
    0x51, 0x8c, 0xb0, 0xc5, 0x10, 0xff, 0x10, 0xff, 0x10, 0xff, 0x10, 0xff,
    0x10, 0xff, 0xb0, 0xc5, 0x51, 0x8c, 0xb0, 0xc5, 0x10, 0xff, 0x10, 0xff,
    0x0f, 0xff, 0x0f, 0xff, 0x0f, 0xff, 0xb0, 0xc5, 0x51, 0x8c, 0x90, 0xc5,
    0xef, 0xfe, 0xef, 0xfe, 0xef, 0xfe, 0xef, 0xfe, 0xef, 0xfe, 0x90, 0xc5,
    0x51, 0x8c, 0x90, 0xc5, 0xef, 0xfe, 0xce, 0xfe, 0xce, 0xfe, 0xce, 0xfe,
    0xae, 0xfe, 0x2e, 0xc5, 0xcf, 0x93, 0xad, 0xc4, 0x6b, 0xf5, 0x0a, 0xf5,
    0x89, 0xf4, 0x8a, 0xf4, 0x29, 0xf4, 0x6a, 0xd3, 0xeb, 0xaa, 0xaa, 0xcb,
    0xea, 0xf4, 0x4b, 0xf5, 0xab, 0xf5, 0x0c, 0xfe, 0x4c, 0xfe, 0x4e, 0xc5,
    0x30, 0x8c, 0x6f, 0xc5, 0xad, 0xfe, 0xad, 0xfe, 0xad, 0xfe, 0xad, 0xfe,
    0xad, 0xfe, 0x6f, 0xc5, 0x51, 0x8c, 0x6e, 0xc5, 0x8c, 0xfe, 0x8c, 0xfe,
    0x8c, 0xfe, 0x8c, 0xfe, 0x8c, 0xfe, 0x6e, 0xc5, 0x51, 0x8c, 0x6e, 0xc5,
    0x8c, 0xfe, 0x8c, 0xfe, 0x8c, 0xfe, 0x8c, 0xfe, 0x6c, 0xfe, 0x4e, 0xc5,
    0x51, 0x8c, 0x4e, 0xc5, 0x6b, 0xfe, 0x6b, 0xfe, 0x6b, 0xfe, 0x6b, 0xfe,
    0x6b, 0xfe, 0x4e, 0xc5, 0x51, 0x8c, 0x4e, 0xc5, 0x4b, 0xfe, 0x4b, 0xfe,
    0x4b, 0xfe, 0x4b, 0xfe, 0x4b, 0xfe, 0x4e, 0xc5, 0x51, 0x8c, 0x4d, 0xc5,
    0x4a, 0xfe, 0x4a, 0xfe, 0x4a, 0xfe, 0x4a, 0xfe, 0x4a, 0xfe, 0x4d, 0xc5,
    0x51, 0x8c, 0x2d, 0xc5, 0x2a, 0xfe, 0x2a, 0xfe, 0x2a, 0xfe, 0x2a, 0xfe,
    0x2a, 0xfe, 0x2d, 0xc5, 0x51, 0x8c, 0x2d, 0xc5, 0x29, 0xfe, 0x29, 0xfe,
    0x29, 0xf6, 0x29, 0xfe, 0x09, 0xf6, 0x2d, 0xc5, 0x51, 0x8c, 0x2d, 0xbd,
    0x72, 0xff, 0x72, 0xff, 0xd1, 0xc5, 0x51, 0x8c, 0xd1, 0xc5, 0x72, 0xff,
    0x72, 0xff, 0x72, 0xff, 0x52, 0xff, 0x52, 0xff, 0xd1, 0xc5, 0x51, 0x8c,
    0xd1, 0xc5, 0x52, 0xff, 0x51, 0xff, 0x51, 0xff, 0x51, 0xff, 0x51, 0xff,
    0xd1, 0xc5, 0x51, 0x8c, 0xd1, 0xc5, 0x51, 0xff, 0x31, 0xff, 0x31, 0xff,
    0x31, 0xff, 0x31, 0xff, 0xb1, 0xc5, 0x51, 0x8c, 0xb1, 0xc5, 0x31, 0xff,
    0x30, 0xff, 0x30, 0xff, 0x30, 0xff, 0x30, 0xff, 0xb0, 0xc5, 0x51, 0x8c,
    0xb0, 0xc5, 0x10, 0xff, 0x10, 0xff, 0x10, 0xff, 0x10, 0xff, 0x10, 0xff,
    0xb0, 0xc5, 0x51, 0x8c, 0xb0, 0xc5, 0x0f, 0xff, 0x0f, 0xff, 0x0f, 0xff,
    0xef, 0xfe, 0xef, 0xfe, 0x90, 0xc5, 0x51, 0x8c, 0x90, 0xc5, 0xef, 0xfe,
    0xef, 0xfe, 0xef, 0xfe, 0xef, 0xfe, 0xef, 0xfe, 0x90, 0xc5, 0x51, 0x8c,
    0x8f, 0xc5, 0xee, 0xfe, 0xce, 0xfe, 0xce, 0xfe, 0xce, 0xfe, 0xce, 0xfe,
    0x6f, 0xc5, 0x30, 0x8c, 0x2e, 0xc5, 0x2d, 0xfe, 0xec, 0xf5, 0xab, 0xf5,
    0x6b, 0xf5, 0x2a, 0xf5, 0x2b, 0xcc, 0x2c, 0x9b, 0x2b, 0xcc, 0x4b, 0xf5,
    0x8b, 0xf5, 0xcc, 0xf5, 0x0c, 0xfe, 0x4c, 0xfe, 0x4e, 0xc5, 0x30, 0x8c,
    0x6f, 0xc5, 0x8d, 0xfe, 0xad, 0xfe, 0xad, 0xfe, 0x8d, 0xfe, 0x8d, 0xfe,
    0x6e, 0xc5, 0x51, 0x8c, 0x6e, 0xc5, 0x8c, 0xfe, 0x8c, 0xfe, 0x8c, 0xfe,
    0x8c, 0xfe, 0x8c, 0xfe, 0x6e, 0xc5, 0x51, 0x8c, 0x6e, 0xc5, 0x8c, 0xfe,
    0x6c, 0xfe, 0x6c, 0xfe, 0x6c, 0xfe, 0x6c, 0xfe, 0x4e, 0xc5, 0x51, 0x8c,
    0x4e, 0xc5, 0x6b, 0xfe, 0x6b, 0xfe, 0x6b, 0xfe, 0x6b, 0xfe, 0x6b, 0xfe,
    0x4e, 0xc5, 0x51, 0x8c, 0x4e, 0xc5, 0x4b, 0xfe, 0x4b, 0xfe, 0x4b, 0xfe,
    0x4b, 0xfe, 0x4a, 0xfe, 0x4d, 0xc5, 0x51, 0x8c, 0x4d, 0xc5, 0x4a, 0xfe,
    0x4a, 0xfe, 0x4a, 0xfe, 0x2a, 0xf6, 0x2a, 0xfe, 0x2d, 0xbd, 0x51, 0x8c,
    0x2d, 0xbd, 0x2a, 0xfe, 0x2a, 0xf6, 0x2a, 0xf6, 0x29, 0xf6, 0x29, 0xf6,
    0x2d, 0xbd, 0x51, 0x8c, 0x2d, 0xbd, 0x29, 0xf6, 0x09, 0xf6, 0x09, 0xf6,
    0x09, 0xf6, 0x09, 0xf6, 0x2d, 0xbd, 0x51, 0x8c, 0x2d, 0xbd, 0x09, 0xf6,
    0x72, 0xff, 0xd1, 0xc5, 0x51, 0x8c, 0xd1, 0xc5, 0x72, 0xff, 0x72, 0xff,
    0x72, 0xff, 0x72, 0xff, 0x52, 0xff, 0xd1, 0xc5, 0x51, 0x8c, 0xd1, 0xc5,
    0x52, 0xff, 0x52, 0xff, 0x51, 0xff, 0x51, 0xff, 0x51, 0xff, 0xd1, 0xc5,
    0x51, 0x8c, 0xd1, 0xc5, 0x51, 0xff, 0x51, 0xff, 0x31, 0xff, 0x31, 0xff,
    0x31, 0xff, 0xb1, 0xc5, 0x51, 0x8c, 0xb1, 0xc5, 0x31, 0xff, 0x30, 0xff,
    0x30, 0xff, 0x30, 0xff, 0x30, 0xff, 0xb0, 0xc5, 0x51, 0x8c, 0xb0, 0xc5,
    0x10, 0xff, 0x10, 0xff, 0x10, 0xff, 0x10, 0xff, 0x10, 0xff, 0xb0, 0xc5,
    0x51, 0x8c, 0xb0, 0xc5, 0x0f, 0xff, 0x0f, 0xff, 0x0f, 0xff, 0x0f, 0xff,
    0xef, 0xfe, 0x90, 0xc5, 0x51, 0x8c, 0x90, 0xc5, 0xef, 0xfe, 0xef, 0xfe,
    0xef, 0xfe, 0xef, 0xfe, 0xef, 0xfe, 0x90, 0xc5, 0x51, 0x8c, 0x90, 0xc5,
    0xee, 0xfe, 0xee, 0xfe, 0xce, 0xfe, 0xce, 0xfe, 0xce, 0xfe, 0x8f, 0xc5,
    0x30, 0x8c, 0x6f, 0xc5, 0x8d, 0xfe, 0x6d, 0xfe, 0x4d, 0xfe, 0x2c, 0xfe,
    0xec, 0xfd, 0xcd, 0xc4, 0xae, 0x93, 0xcd, 0xc4, 0xcc, 0xfd, 0xec, 0xfd,
    0x0c, 0xfe, 0x4c, 0xfe, 0x6c, 0xfe, 0x4e, 0xc5, 0x30, 0x8c, 0x6f, 0xc5,
    0xad, 0xfe, 0xad, 0xfe, 0xad, 0xfe, 0xad, 0xfe, 0x8d, 0xfe, 0x6f, 0xc5,
    0x51, 0x8c, 0x6e, 0xc5, 0x8c, 0xfe, 0x8c, 0xfe, 0x8c, 0xfe, 0x8c, 0xfe,
    0x8c, 0xfe, 0x6e, 0xc5, 0x51, 0x8c, 0x6e, 0xc5, 0x8c, 0xfe, 0x8c, 0xfe,
    0x6c, 0xfe, 0x6c, 0xfe, 0x6c, 0xfe, 0x4e, 0xc5, 0x51, 0x8c, 0x4e, 0xc5,
    0x6b, 0xfe, 0x6b, 0xfe, 0x6b, 0xfe, 0x6b, 0xfe, 0x6b, 0xfe, 0x4e, 0xc5,
    0x51, 0x8c, 0x4e, 0xc5, 0x4b, 0xfe, 0x4b, 0xfe, 0x4b, 0xfe, 0x4b, 0xfe,
    0x4a, 0xfe, 0x4d, 0xc5, 0x51, 0x8c, 0x4d, 0xc5, 0x4a, 0xfe, 0x4a, 0xfe,
    0x4a, 0xfe, 0x4a, 0xfe, 0x2a, 0xfe, 0x2d, 0xc5, 0x51, 0x8c, 0x2d, 0xc5,
    0x2a, 0xfe, 0x2a, 0xfe, 0x2a, 0xfe, 0x2a, 0xfe, 0x29, 0xfe, 0x2d, 0xc5,
    0x51, 0x8c, 0x2d, 0xc5, 0x29, 0xf6, 0x29, 0xfe, 0x09, 0xf6, 0x09, 0xf6,
    0x09, 0xf6, 0x2d, 0xbd, 0x51, 0x8c, 0x2d, 0xbd, 0x09, 0xf6, 0x09, 0xf6,
    0xd1, 0xc5, 0x51, 0x8c, 0xd1, 0xc5, 0x72, 0xff, 0x72, 0xff, 0x72, 0xff,
    0x52, 0xff, 0x52, 0xff, 0xd1, 0xc5, 0x51, 0x8c, 0xd1, 0xc5, 0x52, 0xff,
    0x51, 0xff, 0x51, 0xff, 0x51, 0xff, 0x51, 0xff, 0xd1, 0xc5, 0x51, 0x8c,
    0xd1, 0xc5, 0x51, 0xff, 0x31, 0xff, 0x31, 0xff, 0x31, 0xff, 0x31, 0xff,
    0xb1, 0xc5, 0x51, 0x8c, 0xb1, 0xc5, 0x30, 0xff, 0x30, 0xff, 0x30, 0xff,
    0x30, 0xff, 0x30, 0xff, 0xb0, 0xc5, 0x51, 0x8c, 0xb0, 0xc5, 0x10, 0xff,
    0x10, 0xff, 0x10, 0xff, 0x10, 0xff, 0x10, 0xff, 0xb0, 0xc5, 0x51, 0x8c,
    0xb0, 0xc5, 0x0f, 0xff, 0x0f, 0xff, 0x0f, 0xff, 0xef, 0xfe, 0xef, 0xfe,
    0x90, 0xc5, 0x51, 0x8c, 0x90, 0xc5, 0xef, 0xfe, 0xef, 0xfe, 0xef, 0xfe,
    0xef, 0xfe, 0xef, 0xfe, 0x90, 0xc5, 0x51, 0x8c, 0x8f, 0xc5, 0xee, 0xfe,
    0xce, 0xfe, 0xce, 0xfe, 0xce, 0xfe, 0xce, 0xfe, 0x8f, 0xc5, 0x51, 0x8c,
    0x6f, 0xc5, 0xae, 0xfe, 0xae, 0xfe, 0x8d, 0xfe, 0x8d, 0xfe, 0x6d, 0xfe,
    0x2e, 0xc5, 0xef, 0x8b, 0x0e, 0xc5, 0x4c, 0xfe, 0x4c, 0xfe, 0x4c, 0xfe,
    0x6c, 0xfe, 0x6d, 0xfe, 0x4e, 0xc5, 0x30, 0x8c, 0x6f, 0xc5, 0x8d, 0xfe,
    0xad, 0xfe, 0xad, 0xfe, 0x8d, 0xfe, 0x8d, 0xfe, 0x6e, 0xc5, 0x51, 0x8c,
    0x6e, 0xc5, 0x8c, 0xfe, 0x8c, 0xfe, 0x8c, 0xfe, 0x8c, 0xfe, 0x8c, 0xfe,
    0x6e, 0xc5, 0x51, 0x8c, 0x6e, 0xc5, 0x8c, 0xfe, 0x6c, 0xfe, 0x6c, 0xfe,
    0x6c, 0xfe, 0x6b, 0xfe, 0x4e, 0xc5, 0x51, 0x8c, 0x4e, 0xc5, 0x6b, 0xfe,
    0x6b, 0xfe, 0x6b, 0xfe, 0x6b, 0xfe, 0x6b, 0xfe, 0x4e, 0xc5, 0x51, 0x8c,
    0x4e, 0xc5, 0x4b, 0xfe, 0x4b, 0xfe, 0x4b, 0xfe, 0x4a, 0xfe, 0x4a, 0xfe,
    0x4d, 0xc5, 0x51, 0x8c, 0x4d, 0xc5, 0x4a, 0xfe, 0x4a, 0xfe, 0x4a, 0xfe,
    0x2a, 0xfe, 0x2a, 0xfe, 0x2d, 0xbd, 0x51, 0x8c, 0x2d, 0xbd, 0x2a, 0xfe,
    0x2a, 0xf6, 0x2a, 0xf6, 0x29, 0xf6, 0x29, 0xf6, 0x2d, 0xbd, 0x51, 0x8c,
    0x2d, 0xbd, 0x29, 0xf6, 0x09, 0xf6, 0x09, 0xf6, 0x09, 0xf6, 0x09, 0xf6,
    0x2d, 0xbd, 0x51, 0x8c, 0x2d, 0xbd, 0x09, 0xf6, 0x08, 0xf6, 0x08, 0xf6,
    0x51, 0x8c, 0xd1, 0xc5, 0x72, 0xff, 0x72, 0xff, 0x72, 0xff, 0x72, 0xff,
    0x52, 0xff, 0xd1, 0xc5, 0x51, 0x8c, 0xd1, 0xc5, 0x52, 0xff, 0x52, 0xff,
    0x51, 0xff, 0x51, 0xff, 0x51, 0xff, 0xd1, 0xc5, 0x51, 0x8c, 0xd1, 0xc5,
    0x51, 0xff, 0x51, 0xff, 0x31, 0xff, 0x31, 0xff, 0x31, 0xff, 0xb1, 0xc5,
    0x51, 0x8c, 0xb1, 0xc5, 0x30, 0xff, 0x30, 0xff, 0x30, 0xff, 0x30, 0xff,
    0x30, 0xff, 0xb0, 0xc5, 0x51, 0x8c, 0xb0, 0xc5, 0x10, 0xff, 0x10, 0xff,
    0x10, 0xff, 0x10, 0xff, 0x10, 0xff, 0xb0, 0xc5, 0x51, 0x8c, 0xb0, 0xc5,
    0x0f, 0xff, 0x0f, 0xff, 0x0f, 0xff, 0x0f, 0xff, 0xef, 0xfe, 0x90, 0xc5,
    0x51, 0x8c, 0x90, 0xc5, 0xef, 0xfe, 0xef, 0xfe, 0xef, 0xfe, 0xef, 0xfe,
    0xef, 0xfe, 0x90, 0xc5, 0x51, 0x8c, 0x8f, 0xc5, 0xee, 0xfe, 0xee, 0xfe,
    0xce, 0xfe, 0xce, 0xfe, 0xce, 0xfe, 0x8f, 0xc5, 0x51, 0x8c, 0x8f, 0xc5,
    0xce, 0xfe, 0xce, 0xfe, 0xce, 0xfe, 0xae, 0xfe, 0xad, 0xfe, 0x6f, 0xc5,
    0x30, 0x8c, 0x4f, 0xc5, 0x8d, 0xfe, 0x8d, 0xfe, 0x8d, 0xfe, 0x8d, 0xfe,
    0x8d, 0xfe, 0x6f, 0xc5, 0x30, 0x8c, 0x6f, 0xc5, 0x8d, 0xfe, 0xad, 0xfe,
    0xad, 0xfe, 0xad, 0xfe, 0x8d, 0xfe, 0x6e, 0xc5, 0x51, 0x8c, 0x6e, 0xc5,
    0x8c, 0xfe, 0x8c, 0xfe, 0x8c, 0xfe, 0x8c, 0xfe, 0x8c, 0xfe, 0x6e, 0xc5,
    0x51, 0x8c, 0x6e, 0xc5, 0x8c, 0xfe, 0x8c, 0xfe, 0x6c, 0xfe, 0x6c, 0xfe,
    0x6b, 0xfe, 0x4e, 0xc5, 0x51, 0x8c, 0x4e, 0xc5, 0x6b, 0xfe, 0x6b, 0xfe,
    0x6b, 0xfe, 0x6b, 0xfe, 0x6b, 0xfe, 0x4e, 0xc5, 0x51, 0x8c, 0x4e, 0xc5,
    0x4b, 0xfe, 0x4b, 0xfe, 0x4b, 0xfe, 0x4b, 0xfe, 0x4a, 0xfe, 0x4d, 0xc5,
    0x51, 0x8c, 0x4d, 0xc5, 0x4a, 0xfe, 0x4a, 0xfe, 0x4a, 0xfe, 0x4a, 0xfe,
    0x2a, 0xfe, 0x2d, 0xc5, 0x51, 0x8c, 0x2d, 0xc5, 0x2a, 0xfe, 0x2a, 0xfe,
    0x29, 0xfe, 0x29, 0xfe, 0x29, 0xfe, 0x2d, 0xc5, 0x51, 0x8c, 0x2d, 0xc5,
    0x29, 0xf6, 0x29, 0xfe, 0x09, 0xf6, 0x09, 0xfe, 0x09, 0xf6, 0x2d, 0xbd,
    0x51, 0x8c, 0x2d, 0xbd, 0x09, 0xf6, 0x09, 0xf6, 0x08, 0xf6, 0x08, 0xf6,
    0x92, 0xe6, 0x72, 0xff, 0x52, 0xff, 0x52, 0xff, 0x52, 0xff, 0x52, 0xff,
    0x91, 0xe6, 0xd1, 0xc5, 0x91, 0xe6, 0x51, 0xff, 0x51, 0xff, 0x51, 0xff,
    0x51, 0xff, 0x51, 0xff, 0x91, 0xe6, 0xd1, 0xc5, 0x71, 0xe6, 0x31, 0xff,
    0x31, 0xff, 0x31, 0xff, 0x31, 0xff, 0x31, 0xff, 0x71, 0xe6, 0xb1, 0xc5,
    0x70, 0xde, 0x30, 0xff, 0x30, 0xff, 0x30, 0xff, 0x10, 0xff, 0x10, 0xff,
    0x70, 0xde, 0xb0, 0xc5, 0x50, 0xde, 0x10, 0xff, 0x10, 0xff, 0x10, 0xff,
    0x10, 0xff, 0x10, 0xff, 0x50, 0xde, 0xb0, 0xc5, 0x50, 0xde, 0x0f, 0xff,
    0xef, 0xfe, 0xef, 0xfe, 0xef, 0xfe, 0xef, 0xfe, 0x4f, 0xde, 0x90, 0xc5,
    0x4f, 0xde, 0xef, 0xfe, 0xef, 0xfe, 0xef, 0xfe, 0xef, 0xfe, 0xef, 0xfe,
    0x2f, 0xde, 0x90, 0xc5, 0x2f, 0xde, 0xce, 0xfe, 0xce, 0xfe, 0xce, 0xfe,
    0xce, 0xfe, 0xce, 0xfe, 0x2f, 0xde, 0x8f, 0xc5, 0x2e, 0xde, 0xce, 0xfe,
    0xce, 0xfe, 0xce, 0xfe, 0xae, 0xfe, 0xad, 0xfe, 0x0e, 0xde, 0x6f, 0xc5,
    0x0e, 0xde, 0x8d, 0xfe, 0x8d, 0xfe, 0x8d, 0xfe, 0x8d, 0xfe, 0x8d, 0xfe,
    0xee, 0xdd, 0x6f, 0xc5, 0x0e, 0xde, 0xad, 0xfe, 0x8d, 0xfe, 0x8d, 0xfe,
    0x8c, 0xfe, 0x8c, 0xfe, 0xed, 0xdd, 0x6e, 0xc5, 0xed, 0xdd, 0x8c, 0xfe,
    0x8c, 0xfe, 0x8c, 0xfe, 0x8c, 0xfe, 0x8c, 0xfe, 0xed, 0xdd, 0x6e, 0xc5,
    0xed, 0xdd, 0x6c, 0xfe, 0x6c, 0xfe, 0x6c, 0xfe, 0x6b, 0xfe, 0x6b, 0xfe,
    0xed, 0xdd, 0x4e, 0xc5, 0xed, 0xdd, 0x6b, 0xfe, 0x6b, 0xfe, 0x6b, 0xfe,
    0x4b, 0xfe, 0x4b, 0xfe, 0xcc, 0xdd, 0x4e, 0xc5, 0xcc, 0xdd, 0x4b, 0xfe,
    0x4b, 0xfe, 0x4a, 0xfe, 0x4a, 0xfe, 0x4a, 0xfe, 0xcc, 0xdd, 0x4d, 0xc5,
    0xcc, 0xdd, 0x4a, 0xfe, 0x2a, 0xfe, 0x2a, 0xfe, 0x2a, 0xf6, 0x2a, 0xfe,
    0xab, 0xdd, 0x2d, 0xc5, 0xab, 0xdd, 0x2a, 0xf6, 0x29, 0xf6, 0x29, 0xf6,
    0x29, 0xf6, 0x29, 0xf6, 0xab, 0xdd, 0x2d, 0xbd, 0xab, 0xdd, 0x09, 0xf6,
    0x09, 0xf6, 0x09, 0xf6, 0x09, 0xf6, 0x09, 0xf6, 0x8b, 0xdd, 0x2d, 0xbd,
    0x8b, 0xdd, 0x08, 0xf6, 0x08, 0xf6, 0x08, 0xf6, 0xe8, 0xf5, 0xe8, 0xf5,
    0x72, 0xff, 0x72, 0xff, 0x52, 0xff, 0x52, 0xff, 0x52, 0xff, 0x52, 0xff,
    0x52, 0xff, 0x52, 0xff, 0x51, 0xff, 0x51, 0xff, 0x51, 0xff, 0x51, 0xff,
    0x51, 0xff, 0x51, 0xff, 0x51, 0xff, 0x51, 0xff, 0x31, 0xff, 0x31, 0xff,
    0x31, 0xff, 0x31, 0xff, 0x31, 0xff, 0x31, 0xff, 0x31, 0xff, 0x30, 0xff,
    0x30, 0xff, 0x30, 0xff, 0x30, 0xff, 0x30, 0xff, 0x10, 0xff, 0x10, 0xff,
    0x10, 0xff, 0x10, 0xff, 0x10, 0xff, 0x10, 0xff, 0x10, 0xff, 0x10, 0xff,
    0x10, 0xff, 0x10, 0xff, 0x0f, 0xff, 0x0f, 0xff, 0x0f, 0xff, 0x0f, 0xff,
    0xef, 0xfe, 0xef, 0xfe, 0xef, 0xfe, 0xef, 0xfe, 0xef, 0xfe, 0xef, 0xfe,
    0xef, 0xfe, 0xef, 0xfe, 0xef, 0xfe, 0xef, 0xfe, 0xef, 0xfe, 0xef, 0xfe,
    0xee, 0xfe, 0xee, 0xfe, 0xce, 0xfe, 0xce, 0xfe, 0xce, 0xfe, 0xce, 0xfe,
    0xce, 0xfe, 0xce, 0xfe, 0xce, 0xfe, 0xce, 0xfe, 0xce, 0xfe, 0xce, 0xfe,
    0xce, 0xfe, 0xce, 0xfe, 0xad, 0xfe, 0xad, 0xfe, 0xad, 0xfe, 0xad, 0xfe,
    0xad, 0xfe, 0xad, 0xfe, 0xad, 0xfe, 0xad, 0xfe, 0xad, 0xfe, 0xad, 0xfe,
    0xad, 0xfe, 0xad, 0xfe, 0xad, 0xfe, 0xad, 0xfe, 0x8d, 0xfe, 0x8d, 0xfe,
    0x8c, 0xfe, 0x8c, 0xfe, 0x8c, 0xfe, 0x8c, 0xfe, 0x8c, 0xfe, 0x8c, 0xfe,
    0x8c, 0xfe, 0x8c, 0xfe, 0x8c, 0xfe, 0x8c, 0xfe, 0x8c, 0xfe, 0x8c, 0xfe,
    0x6c, 0xfe, 0x6c, 0xfe, 0x6c, 0xfe, 0x6b, 0xfe, 0x6b, 0xfe, 0x6b, 0xfe,
    0x6b, 0xfe, 0x6b, 0xfe, 0x6b, 0xfe, 0x6b, 0xfe, 0x6b, 0xfe, 0x6b, 0xfe,
    0x4b, 0xfe, 0x4b, 0xfe, 0x4b, 0xfe, 0x4b, 0xfe, 0x4b, 0xfe, 0x4b, 0xfe,
    0x4a, 0xfe, 0x4a, 0xfe, 0x4a, 0xfe, 0x4a, 0xfe, 0x4a, 0xfe, 0x4a, 0xfe,
    0x4a, 0xfe, 0x4a, 0xfe, 0x2a, 0xfe, 0x2a, 0xfe, 0x2a, 0xfe, 0x2a, 0xfe,
    0x2a, 0xfe, 0x2a, 0xfe, 0x2a, 0xfe, 0x2a, 0xfe, 0x29, 0xfe, 0x29, 0xfe,
    0x29, 0xf6, 0x29, 0xfe, 0x29, 0xf6, 0x29, 0xfe, 0x09, 0xf6, 0x09, 0xf6,
    0x09, 0xf6, 0x09, 0xf6, 0x09, 0xf6, 0x09, 0xf6, 0x09, 0xf6, 0x09, 0xf6,
    0x08, 0xf6, 0x08, 0xf6, 0x08, 0xf6, 0x08, 0xf6, 0xe8, 0xf5, 0xe8, 0xf5,
    0x52, 0xff, 0x52, 0xff, 0x52, 0xff, 0x52, 0xff, 0x52, 0xff, 0x52, 0xff,
    0x51, 0xff, 0x51, 0xff, 0x51, 0xff, 0x51, 0xff, 0x51, 0xff, 0x51, 0xff,
    0x31, 0xff, 0x31, 0xff, 0x31, 0xff, 0x31, 0xff, 0x31, 0xff, 0x31, 0xff,
    0x31, 0xff, 0x31, 0xff, 0x31, 0xff, 0x30, 0xff, 0x30, 0xff, 0x30, 0xff,
    0x30, 0xff, 0x30, 0xff, 0x10, 0xff, 0x10, 0xff, 0x10, 0xff, 0x10, 0xff,
    0x10, 0xff, 0x10, 0xff, 0x10, 0xff, 0x10, 0xff, 0x10, 0xff, 0x10, 0xff,
    0x0f, 0xff, 0x0f, 0xff, 0x0f, 0xff, 0x0f, 0xff, 0xef, 0xfe, 0xef, 0xfe,
    0xef, 0xfe, 0xef, 0xfe, 0xef, 0xfe, 0xef, 0xfe, 0xef, 0xfe, 0xef, 0xfe,
    0xef, 0xfe, 0xef, 0xfe, 0xef, 0xfe, 0xee, 0xfe, 0xce, 0xfe, 0xce, 0xfe,
    0xce, 0xfe, 0xce, 0xfe, 0xce, 0xfe, 0xce, 0xfe, 0xce, 0xfe, 0xce, 0xfe,
    0xce, 0xfe, 0xce, 0xfe, 0xce, 0xfe, 0xce, 0xfe, 0xce, 0xfe, 0xce, 0xfe,
    0xad, 0xfe, 0xad, 0xfe, 0xad, 0xfe, 0xad, 0xfe, 0xad, 0xfe, 0xad, 0xfe,
    0xad, 0xfe, 0xad, 0xfe, 0xad, 0xfe, 0xad, 0xfe, 0xad, 0xfe, 0xad, 0xfe,
    0xad, 0xfe, 0xad, 0xfe, 0x8d, 0xfe, 0x8d, 0xfe, 0x8c, 0xfe, 0x8c, 0xfe,
    0x8c, 0xfe, 0x8c, 0xfe, 0x8c, 0xfe, 0x8c, 0xfe, 0x8c, 0xfe, 0x8c, 0xfe,
    0x8c, 0xfe, 0x8c, 0xfe, 0x6c, 0xfe, 0x6c, 0xfe, 0x6c, 0xfe, 0x6c, 0xfe,
    0x6b, 0xfe, 0x6b, 0xfe, 0x6b, 0xfe, 0x6b, 0xfe, 0x6b, 0xfe, 0x6b, 0xfe,
    0x6b, 0xfe, 0x6b, 0xfe, 0x6b, 0xfe, 0x6b, 0xfe, 0x4b, 0xfe, 0x4b, 0xfe,
    0x4b, 0xfe, 0x4b, 0xfe, 0x4b, 0xfe, 0x4b, 0xfe, 0x4a, 0xfe, 0x4a, 0xfe,
    0x4a, 0xfe, 0x4a, 0xfe, 0x4a, 0xfe, 0x4a, 0xfe, 0x4a, 0xfe, 0x4a, 0xfe,
    0x2a, 0xfe, 0x2a, 0xfe, 0x2a, 0xf6, 0x2a, 0xfe, 0x2a, 0xf6, 0x2a, 0xfe,
    0x2a, 0xf6, 0x29, 0xfe, 0x29, 0xf6, 0x29, 0xf6, 0x29, 0xf6, 0x29, 0xf6,
    0x09, 0xf6, 0x09, 0xf6, 0x09, 0xf6, 0x09, 0xf6, 0x09, 0xf6, 0x09, 0xf6,
    0x09, 0xf6, 0x09, 0xf6, 0x09, 0xf6, 0x09, 0xf6, 0x08, 0xf6, 0x08, 0xf6,
    0x08, 0xf6, 0x08, 0xf6, 0xe8, 0xf5, 0xe8, 0xf5, 0xe8, 0xf5, 0xe8, 0xf5,
    0x52, 0xff, 0x52, 0xff, 0x52, 0xff, 0x52, 0xff, 0x52, 0xff, 0x51, 0xff,
    0x51, 0xff, 0x51, 0xff, 0x51, 0xff, 0x51, 0xff, 0x51, 0xff, 0x51, 0xff,
    0x31, 0xff, 0x31, 0xff, 0x31, 0xff, 0x31, 0xff, 0x31, 0xff, 0x31, 0xff,
    0x31, 0xff, 0x31, 0xff, 0x30, 0xff, 0x30, 0xff, 0x30, 0xff, 0x30, 0xff,
    0x30, 0xff, 0x30, 0xff, 0x10, 0xff, 0x10, 0xff, 0x10, 0xff, 0x10, 0xff,
    0x10, 0xff, 0x10, 0xff, 0x10, 0xff, 0x10, 0xff, 0x10, 0xff, 0x10, 0xff,
    0x0f, 0xff, 0x0f, 0xff, 0x0f, 0xff, 0x0f, 0xff, 0xef, 0xfe, 0xef, 0xfe,
    0xef, 0xfe, 0xef, 0xfe, 0xef, 0xfe, 0xef, 0xfe, 0xef, 0xfe, 0xef, 0xfe,
    0xef, 0xfe, 0xef, 0xfe, 0xee, 0xfe, 0xee, 0xfe, 0xce, 0xfe, 0xce, 0xfe,
    0xce, 0xfe, 0xce, 0xfe, 0xce, 0xfe, 0xce, 0xfe, 0xce, 0xfe, 0xce, 0xfe,
    0xce, 0xfe, 0xce, 0xfe, 0xce, 0xfe, 0xce, 0xfe, 0xce, 0xfe, 0xce, 0xfe,
    0xad, 0xfe, 0xad, 0xfe, 0xad, 0xfe, 0xad, 0xfe, 0xad, 0xfe, 0xad, 0xfe,
    0xad, 0xfe, 0xad, 0xfe, 0xad, 0xfe, 0xad, 0xfe, 0xad, 0xfe, 0xad, 0xfe,
    0xad, 0xfe, 0xad, 0xfe, 0x8d, 0xfe, 0x8c, 0xfe, 0x8c, 0xfe, 0x8c, 0xfe,
    0x8c, 0xfe, 0x8c, 0xfe, 0x8c, 0xfe, 0x8c, 0xfe, 0x8c, 0xfe, 0x8c, 0xfe,
    0x8c, 0xfe, 0x8c, 0xfe, 0x6c, 0xfe, 0x6c, 0xfe, 0x6c, 0xfe, 0x6c, 0xfe,
    0x6b, 0xfe, 0x6b, 0xfe, 0x6b, 0xfe, 0x6b, 0xfe, 0x6b, 0xfe, 0x6b, 0xfe,
    0x6b, 0xfe, 0x6b, 0xfe, 0x6b, 0xfe, 0x6b, 0xfe, 0x4b, 0xfe, 0x4b, 0xfe,
    0x4b, 0xfe, 0x4b, 0xfe, 0x4b, 0xfe, 0x4b, 0xfe, 0x4a, 0xfe, 0x4a, 0xfe,
    0x4a, 0xfe, 0x4a, 0xfe, 0x4a, 0xfe, 0x4a, 0xfe, 0x4a, 0xfe, 0x4a, 0xfe,
    0x2a, 0xfe, 0x2a, 0xfe, 0x2a, 0xfe, 0x2a, 0xfe, 0x2a, 0xfe, 0x2a, 0xfe,
    0x29, 0xfe, 0x29, 0xfe, 0x29, 0xfe, 0x29, 0xfe, 0x29, 0xfe, 0x29, 0xfe,
    0x09, 0xf6, 0x09, 0xfe, 0x09, 0xf6, 0x09, 0xfe, 0x09, 0xf6, 0x09, 0xf6,
    0x09, 0xf6, 0x09, 0xf6, 0x09, 0xf6, 0x09, 0xf6, 0x08, 0xf6, 0x08, 0xf6,
    0x08, 0xf6, 0x08, 0xf6, 0xe8, 0xf5, 0xe8, 0xf5, 0xe8, 0xf5, 0xe8, 0xf5,
    0x52, 0xff, 0x52, 0xff, 0x51, 0xff, 0x51, 0xff, 0x51, 0xff, 0x51, 0xff,
    0x51, 0xff, 0x51, 0xff, 0x51, 0xff, 0x51, 0xff, 0x31, 0xff, 0x31, 0xff,
    0x31, 0xff, 0x31, 0xff, 0x31, 0xff, 0x31, 0xff, 0x31, 0xff, 0x31, 0xff,
    0x30, 0xff, 0x30, 0xff, 0x30, 0xff, 0x30, 0xff, 0x10, 0xff, 0x10, 0xff,
    0x10, 0xff, 0x10, 0xff, 0x10, 0xff, 0x10, 0xff, 0x10, 0xff, 0x10, 0xff,
    0x10, 0xff, 0x10, 0xff, 0x0f, 0xff, 0x0f, 0xff, 0x0f, 0xff, 0x0f, 0xff,
    0xef, 0xfe, 0xef, 0xfe, 0xef, 0xfe, 0xef, 0xfe, 0xef, 0xfe, 0xef, 0xfe,
    0xef, 0xfe, 0xef, 0xfe, 0xef, 0xfe, 0xef, 0xfe, 0xef, 0xfe, 0xef, 0xfe,
    0xee, 0xfe, 0xee, 0xfe, 0xce, 0xfe, 0xce, 0xfe, 0xce, 0xfe, 0xce, 0xfe,
    0xce, 0xfe, 0xce, 0xfe, 0xce, 0xfe, 0xce, 0xfe, 0xce, 0xfe, 0xce, 0xfe,
    0xce, 0xfe, 0xce, 0xfe, 0xae, 0xfe, 0xad, 0xfe, 0xad, 0xfe, 0xad, 0xfe,
    0xad, 0xfe, 0xad, 0xfe, 0xad, 0xfe, 0xad, 0xfe, 0xad, 0xfe, 0xad, 0xfe,
    0xad, 0xfe, 0xad, 0xfe, 0xad, 0xfe, 0xad, 0xfe, 0x8d, 0xfe, 0x8d, 0xfe,
    0x8c, 0xfe, 0x8c, 0xfe, 0x8c, 0xfe, 0x8c, 0xfe, 0x8c, 0xfe, 0x8c, 0xfe,
    0x8c, 0xfe, 0x8c, 0xfe, 0x8c, 0xfe, 0x8c, 0xfe, 0x8c, 0xfe, 0x8c, 0xfe,
    0x6c, 0xfe, 0x6c, 0xfe, 0x6c, 0xfe, 0x6c, 0xfe, 0x6b, 0xfe, 0x6b, 0xfe,
    0x6b, 0xfe, 0x6b, 0xfe, 0x6b, 0xfe, 0x6b, 0xfe, 0x6b, 0xfe, 0x6b, 0xfe,
    0x4b, 0xfe, 0x4b, 0xfe, 0x4b, 0xfe, 0x4b, 0xfe, 0x4b, 0xfe, 0x4b, 0xfe,
    0x4a, 0xfe, 0x4a, 0xfe, 0x4a, 0xfe, 0x4a, 0xfe, 0x4a, 0xfe, 0x4a, 0xfe,
    0x4a, 0xfe, 0x4a, 0xfe, 0x2a, 0xf6, 0x2a, 0xfe, 0x2a, 0xf6, 0x2a, 0xfe,
    0x2a, 0xf6, 0x2a, 0xf6, 0x2a, 0xf6, 0x2a, 0xf6, 0x29, 0xf6, 0x29, 0xf6,
    0x29, 0xf6, 0x29, 0xf6, 0x29, 0xf6, 0x29, 0xf6, 0x09, 0xf6, 0x09, 0xf6,
    0x09, 0xf6, 0x09, 0xf6, 0x09, 0xf6, 0x09, 0xf6, 0x09, 0xf6, 0x09, 0xf6,
    0x09, 0xf6, 0x08, 0xf6, 0x08, 0xf6, 0x08, 0xf6, 0xe8, 0xf5, 0xe8, 0xf5,
    0xe8, 0xf5, 0xe8, 0xf5, 0xe8, 0xf5, 0xe8, 0xf5, 0xe8, 0xf5, 0xe8, 0xf5,
    0x52, 0xff, 0x52, 0xff, 0x51, 0xff, 0x51, 0xff, 0x51, 0xff, 0x51, 0xff,
    0x51, 0xff, 0x51, 0xff, 0x51, 0xff, 0x51, 0xff, 0x31, 0xff, 0x31, 0xff,
    0x31, 0xff, 0x31, 0xff, 0x31, 0xff, 0x31, 0xff, 0x31, 0xff, 0x30, 0xff,
    0x30, 0xff, 0x30, 0xff, 0x30, 0xff, 0x30, 0xff, 0x30, 0xff, 0x10, 0xff,
    0x10, 0xff, 0x10, 0xff, 0x10, 0xff, 0x10, 0xff, 0x10, 0xff, 0x10, 0xff,
    0x10, 0xff, 0x10, 0xff, 0x0f, 0xff, 0x0f, 0xff, 0x0f, 0xff, 0x0f, 0xff,
    0xef, 0xfe, 0xef, 0xfe, 0xef, 0xfe, 0xef, 0xfe, 0xef, 0xfe, 0xef, 0xfe,
    0xef, 0xfe, 0xef, 0xfe, 0xef, 0xfe, 0xef, 0xfe, 0xef, 0xfe, 0xef, 0xfe,
    0xee, 0xfe, 0xee, 0xfe, 0xce, 0xfe, 0xce, 0xfe, 0xce, 0xfe, 0xce, 0xfe,
    0xce, 0xfe, 0xce, 0xfe, 0xce, 0xfe, 0xce, 0xfe, 0xce, 0xfe, 0xce, 0xfe,
    0xce, 0xfe, 0xce, 0xfe, 0xcd, 0xfe, 0xad, 0xfe, 0xad, 0xfe, 0xad, 0xfe,
    0xad, 0xfe, 0xad, 0xfe, 0xad, 0xfe, 0xad, 0xfe, 0xad, 0xfe, 0xad, 0xfe,
    0xad, 0xfe, 0xad, 0xfe, 0xad, 0xfe, 0xad, 0xfe, 0x8d, 0xfe, 0x8d, 0xfe,
    0x8c, 0xfe, 0x8c, 0xfe, 0x8c, 0xfe, 0x8c, 0xfe, 0x8c, 0xfe, 0x8c, 0xfe,
    0x8c, 0xfe, 0x8c, 0xfe, 0x8c, 0xfe, 0x8c, 0xfe, 0x8c, 0xfe, 0x8c, 0xfe,
    0x6c, 0xfe, 0x6c, 0xfe, 0x6c, 0xfe, 0x6b, 0xfe, 0x6b, 0xfe, 0x6b, 0xfe,
    0x6b, 0xfe, 0x6b, 0xfe, 0x6b, 0xfe, 0x6b, 0xfe, 0x6b, 0xfe, 0x6b, 0xfe,
    0x6b, 0xfe, 0x4b, 0xfe, 0x4b, 0xfe, 0x4b, 0xfe, 0x4b, 0xfe, 0x4b, 0xfe,
    0x4a, 0xfe, 0x4a, 0xfe, 0x4a, 0xfe, 0x4a, 0xfe, 0x4a, 0xfe, 0x4a, 0xfe,
    0x4a, 0xfe, 0x4a, 0xfe, 0x2a, 0xfe, 0x2a, 0xfe, 0x2a, 0xfe, 0x2a, 0xfe,
    0x2a, 0xfe, 0x2a, 0xfe, 0x2a, 0xfe, 0x2a, 0xfe, 0x29, 0xfe, 0x29, 0xfe,
    0x29, 0xf6, 0x29, 0xfe, 0x29, 0xf6, 0x29, 0xfe, 0x09, 0xf6, 0x09, 0xf6,
    0x09, 0xf6, 0x09, 0xf6, 0x09, 0xf6, 0x09, 0xf6, 0x09, 0xf6, 0x09, 0xf6,
    0x08, 0xf6, 0x08, 0xf6, 0x08, 0xf6, 0x08, 0xf6, 0x08, 0xf6, 0xe8, 0xf5,
    0xe8, 0xf5, 0xe8, 0xf5, 0xe8, 0xf5, 0xe8, 0xf5, 0xe8, 0xf5, 0xe8, 0xf5,
    0x51, 0xff, 0x51, 0xff, 0x51, 0xff, 0x51, 0xff, 0x51, 0xff, 0x51, 0xff,
    0x31, 0xff, 0x31, 0xff, 0x31, 0xff, 0x31, 0xff, 0x31, 0xff, 0x31, 0xff,
    0x31, 0xff, 0x31, 0xff, 0x31, 0xff, 0x30, 0xff, 0x30, 0xff, 0x30, 0xff,
    0x30, 0xff, 0x30, 0xff, 0x10, 0xff, 0x10, 0xff, 0x10, 0xff, 0x10, 0xff,
    0x10, 0xff, 0x10, 0xff, 0x10, 0xff, 0x10, 0xff, 0x10, 0xff, 0x10, 0xff,
    0x0f, 0xff, 0x0f, 0xff, 0x0f, 0xff, 0x0f, 0xff, 0xef, 0xfe, 0xef, 0xfe,
    0xef, 0xfe, 0xef, 0xfe, 0xef, 0xfe, 0xef, 0xfe, 0xef, 0xfe, 0xef, 0xfe,
    0xef, 0xfe, 0xef, 0xfe, 0xef, 0xfe, 0xee, 0xfe, 0xce, 0xfe, 0xce, 0xfe,
    0xce, 0xfe, 0xce, 0xfe, 0xce, 0xfe, 0xce, 0xfe, 0xce, 0xfe, 0xce, 0xfe,
    0xce, 0xfe, 0xce, 0xfe, 0xce, 0xfe, 0xce, 0xfe, 0xce, 0xfe, 0xce, 0xfe,
    0xad, 0xfe, 0xad, 0xfe, 0xad, 0xfe, 0xad, 0xfe, 0xad, 0xfe, 0xad, 0xfe,
    0xad, 0xfe, 0xad, 0xfe, 0xad, 0xfe, 0xad, 0xfe, 0xad, 0xfe, 0xad, 0xfe,
    0xad, 0xfe, 0xad, 0xfe, 0x8d, 0xfe, 0x8d, 0xfe, 0x8c, 0xfe, 0x8c, 0xfe,
    0x8c, 0xfe, 0x8c, 0xfe, 0x8c, 0xfe, 0x8c, 0xfe, 0x8c, 0xfe, 0x8c, 0xfe,
    0x8c, 0xfe, 0x8c, 0xfe, 0x6c, 0xfe, 0x6c, 0xfe, 0x6c, 0xfe, 0x6c, 0xfe,
    0x6b, 0xfe, 0x6b, 0xfe, 0x6b, 0xfe, 0x6b, 0xfe, 0x6b, 0xfe, 0x6b, 0xfe,
    0x6b, 0xfe, 0x6b, 0xfe, 0x6b, 0xfe, 0x6b, 0xfe, 0x4b, 0xfe, 0x4b, 0xfe,
    0x4b, 0xfe, 0x4b, 0xfe, 0x4b, 0xfe, 0x4b, 0xfe, 0x4a, 0xfe, 0x4a, 0xfe,
    0x4a, 0xfe, 0x4a, 0xfe, 0x4a, 0xfe, 0x4a, 0xfe, 0x4a, 0xfe, 0x4a, 0xfe,
    0x2a, 0xfe, 0x2a, 0xfe, 0x2a, 0xf6, 0x2a, 0xfe, 0x2a, 0xf6, 0x2a, 0xfe,
    0x2a, 0xf6, 0x29, 0xf6, 0x29, 0xf6, 0x29, 0xf6, 0x29, 0xf6, 0x29, 0xf6,
    0x09, 0xf6, 0x09, 0xf6, 0x09, 0xf6, 0x09, 0xf6, 0x09, 0xf6, 0x09, 0xf6,
    0x09, 0xf6, 0x09, 0xf6, 0x09, 0xf6, 0x09, 0xf6, 0x08, 0xf6, 0x08, 0xf6,
    0x08, 0xf6, 0x08, 0xf6, 0xe8, 0xf5, 0xe8, 0xf5, 0xe8, 0xf5, 0xe8, 0xf5,
    0xe8, 0xf5, 0xe8, 0xf5, 0xe8, 0xf5, 0xe8, 0xf5, 0xe8, 0xf5, 0xe8, 0xf5,
    0x51, 0xff, 0x51, 0xff, 0x51, 0xff, 0x51, 0xff, 0x51, 0xff, 0x51, 0xff,
    0x51, 0xff, 0x31, 0xff, 0x31, 0xff, 0x31, 0xff, 0x31, 0xff, 0x31, 0xff,
    0x31, 0xff, 0x31, 0xff, 0x30, 0xff, 0x30, 0xff, 0x30, 0xff, 0x30, 0xff,
    0x30, 0xff, 0x30, 0xff, 0x10, 0xff, 0x10, 0xff, 0x10, 0xff, 0x10, 0xff,
    0x10, 0xff, 0x10, 0xff, 0x10, 0xff, 0x10, 0xff, 0x10, 0xff, 0x0f, 0xff,
    0x0f, 0xff, 0x0f, 0xff, 0x0f, 0xff, 0x0f, 0xff, 0xef, 0xfe, 0xef, 0xfe,
    0xef, 0xfe, 0xef, 0xfe, 0xef, 0xfe, 0xef, 0xfe, 0xef, 0xfe, 0xef, 0xfe,
    0xef, 0xfe, 0xef, 0xfe, 0xee, 0xfe, 0xee, 0xfe, 0xee, 0xfe, 0xce, 0xfe,
    0xce, 0xfe, 0xce, 0xfe, 0xce, 0xfe, 0xce, 0xfe, 0xce, 0xfe, 0xce, 0xfe,
    0xce, 0xfe, 0xce, 0xfe, 0xce, 0xfe, 0xce, 0xfe, 0xce, 0xfe, 0xce, 0xfe,
    0xad, 0xfe, 0xad, 0xfe, 0xad, 0xfe, 0xad, 0xfe, 0xad, 0xfe, 0xad, 0xfe,
    0xad, 0xfe, 0xad, 0xfe, 0xad, 0xfe, 0xad, 0xfe, 0xad, 0xfe, 0xad, 0xfe,
    0xad, 0xfe, 0xad, 0xfe, 0x8d, 0xfe, 0x8c, 0xfe, 0x8c, 0xfe, 0x8c, 0xfe,
    0x8c, 0xfe, 0x8c, 0xfe, 0x8c, 0xfe, 0x8c, 0xfe, 0x8c, 0xfe, 0x8c, 0xfe,
    0x8c, 0xfe, 0x8c, 0xfe, 0x8c, 0xfe, 0x6c, 0xfe, 0x6c, 0xfe, 0x6c, 0xfe,
    0x6b, 0xfe, 0x6b, 0xfe, 0x6b, 0xfe, 0x6b, 0xfe, 0x6b, 0xfe, 0x6b, 0xfe,
    0x6b, 0xfe, 0x6b, 0xfe, 0x6b, 0xfe, 0x6b, 0xfe, 0x4b, 0xfe, 0x4b, 0xfe,
    0x4b, 0xfe, 0x4b, 0xfe, 0x4b, 0xfe, 0x4a, 0xfe, 0x4a, 0xfe, 0x4a, 0xfe,
    0x4a, 0xfe, 0x4a, 0xfe, 0x4a, 0xfe, 0x4a, 0xfe, 0x4a, 0xfe, 0x4a, 0xfe,
    0x2a, 0xfe, 0x2a, 0xfe, 0x2a, 0xfe, 0x2a, 0xfe, 0x2a, 0xfe, 0x2a, 0xfe,
    0x29, 0xfe, 0x29, 0xfe, 0x29, 0xfe, 0x29, 0xfe, 0x29, 0xf6, 0x29, 0xfe,
    0x29, 0xf6, 0x09, 0xfe, 0x09, 0xf6, 0x09, 0xf6, 0x09, 0xf6, 0x09, 0xf6,
    0x09, 0xf6, 0x09, 0xf6, 0x09, 0xf6, 0x09, 0xf6, 0x08, 0xf6, 0x08, 0xf6,
    0x08, 0xf6, 0x08, 0xf6, 0xe8, 0xf5, 0xe8, 0xf5, 0xe8, 0xf5, 0xe8, 0xf5,
    0xe8, 0xf5, 0xe8, 0xf5, 0xe8, 0xf5, 0xe8, 0xf5, 0xe8, 0xf5, 0xe8, 0xf5,
    0x51, 0xff, 0x51, 0xff, 0x51, 0xff, 0x51, 0xff, 0x31, 0xff, 0x31, 0xff,
    0x31, 0xff, 0x31, 0xff, 0x31, 0xff, 0x31, 0xff, 0x31, 0xff, 0x31, 0xff,
    0x30, 0xff, 0x30, 0xff, 0x30, 0xff, 0x30, 0xff, 0x10, 0xff, 0x10, 0xff,
    0x10, 0xff, 0x10, 0xff, 0x10, 0xff, 0x10, 0xff, 0x10, 0xff, 0x10, 0xff,
    0x10, 0xff, 0x10, 0xff, 0x0f, 0xff, 0x0f, 0xff, 0x0f, 0xff, 0x0f, 0xff,
    0xef, 0xfe, 0xef, 0xfe, 0xef, 0xfe, 0xef, 0xfe, 0xef, 0xfe, 0xef, 0xfe,
    0xef, 0xfe, 0xef, 0xfe, 0xef, 0xfe, 0xef, 0xfe, 0xef, 0xfe, 0xef, 0xfe,
    0xee, 0xfe, 0xee, 0xfe, 0xce, 0xfe, 0xce, 0xfe, 0xce, 0xfe, 0xce, 0xfe,
    0xce, 0xfe, 0xce, 0xfe, 0xce, 0xfe, 0xce, 0xfe, 0xce, 0xfe, 0xce, 0xfe,
    0xce, 0xfe, 0xce, 0xfe, 0xae, 0xfe, 0xad, 0xfe, 0xad, 0xfe, 0xad, 0xfe,
    0xad, 0xfe, 0xad, 0xfe, 0xad, 0xfe, 0xad, 0xfe, 0xad, 0xfe, 0xad, 0xfe,
    0xad, 0xfe, 0xad, 0xfe, 0xad, 0xfe, 0xad, 0xfe, 0x8d, 0xfe, 0x8d, 0xfe,
    0x8c, 0xfe, 0x8c, 0xfe, 0x8c, 0xfe, 0x8c, 0xfe, 0x8c, 0xfe, 0x8c, 0xfe,
    0x8c, 0xfe, 0x8c, 0xfe, 0x8c, 0xfe, 0x8c, 0xfe, 0x8c, 0xfe, 0x8c, 0xfe,
    0x6c, 0xfe, 0x6c, 0xfe, 0x6c, 0xfe, 0x6c, 0xfe, 0x6b, 0xfe, 0x6b, 0xfe,
    0x6b, 0xfe, 0x6b, 0xfe, 0x6b, 0xfe, 0x6b, 0xfe, 0x6b, 0xfe, 0x6b, 0xfe,
    0x4b, 0xfe, 0x4b, 0xfe, 0x4b, 0xfe, 0x4b, 0xfe, 0x4b, 0xfe, 0x4b, 0xfe,
    0x4a, 0xfe, 0x4a, 0xfe, 0x4a, 0xfe, 0x4a, 0xfe, 0x4a, 0xfe, 0x4a, 0xfe,
    0x4a, 0xfe, 0x4a, 0xfe, 0x2a, 0xfe, 0x2a, 0xfe, 0x2a, 0xf6, 0x2a, 0xfe,
    0x2a, 0xf6, 0x2a, 0xfe, 0x2a, 0xf6, 0x2a, 0xf6, 0x29, 0xf6, 0x29, 0xf6,
    0x29, 0xf6, 0x29, 0xf6, 0x29, 0xf6, 0x29, 0xf6, 0x09, 0xf6, 0x09, 0xf6,
    0x09, 0xf6, 0x09, 0xf6, 0x09, 0xf6, 0x09, 0xf6, 0x09, 0xf6, 0x09, 0xf6,
    0x09, 0xf6, 0x08, 0xf6, 0x08, 0xf6, 0x08, 0xf6, 0xe8, 0xf5, 0xe8, 0xf5,
    0xe8, 0xf5, 0xe8, 0xf5, 0xe8, 0xf5, 0xe8, 0xf5, 0xe8, 0xf5, 0xe8, 0xf5,
    0xe8, 0xf5, 0xe8, 0xf5, 0xe8, 0xf5, 0xe8, 0xf5, 0xe7, 0xf5, 0xe7, 0xf5,
    0x51, 0xff, 0x51, 0xff, 0x51, 0xff, 0x51, 0xff, 0x31, 0xff, 0x31, 0xff,
    0x31, 0xff, 0x31, 0xff, 0x31, 0xff, 0x31, 0xff, 0x31, 0xff, 0x30, 0xff,
    0x30, 0xff, 0x30, 0xff, 0x30, 0xff, 0x30, 0xff, 0x10, 0xff, 0x10, 0xff,
    0x10, 0xff, 0x10, 0xff, 0x10, 0xff, 0x10, 0xff, 0x10, 0xff, 0x10, 0xff,
    0x10, 0xff, 0x10, 0xff, 0x0f, 0xff, 0x0f, 0xff, 0x0f, 0xff, 0x0f, 0xff,
    0xef, 0xfe, 0xef, 0xfe, 0xef, 0xfe, 0xef, 0xfe, 0xef, 0xfe, 0xef, 0xfe,
    0xef, 0xfe, 0xef, 0xfe, 0xef, 0xfe, 0xef, 0xfe, 0xef, 0xfe, 0xee, 0xfe,
    0xee, 0xfe, 0xee, 0xfe, 0xce, 0xfe, 0xce, 0xfe, 0xce, 0xfe, 0xce, 0xfe,
    0xce, 0xfe, 0xce, 0xfe, 0xce, 0xfe, 0xce, 0xfe, 0xce, 0xfe, 0xce, 0xfe,
    0xce, 0xfe, 0xce, 0xfe, 0xad, 0xfe, 0xad, 0xfe, 0xad, 0xfe, 0xad, 0xfe,
    0xad, 0xfe, 0xad, 0xfe, 0xad, 0xfe, 0xad, 0xfe, 0xad, 0xfe, 0xad, 0xfe,
    0xad, 0xfe, 0xad, 0xfe, 0xad, 0xfe, 0xad, 0xfe, 0x8d, 0xfe, 0x8d, 0xfe,
    0x8c, 0xfe, 0x8c, 0xfe, 0x8c, 0xfe, 0x8c, 0xfe, 0x8c, 0xfe, 0x8c, 0xfe,
    0x8c, 0xfe, 0x8c, 0xfe, 0x8c, 0xfe, 0x8c, 0xfe, 0x8c, 0xfe, 0x8c, 0xfe,
    0x6c, 0xfe, 0x6c, 0xfe, 0x6c, 0xfe, 0x6b, 0xfe, 0x6b, 0xfe, 0x6b, 0xfe,
    0x6b, 0xfe, 0x6b, 0xfe, 0x6b, 0xfe, 0x6b, 0xfe, 0x6b, 0xfe, 0x6b, 0xfe,
    0x4b, 0xfe, 0x4b, 0xfe, 0x4b, 0xfe, 0x4b, 0xfe, 0x4b, 0xfe, 0x4b, 0xfe,
    0x4a, 0xfe, 0x4a, 0xfe, 0x4a, 0xfe, 0x4a, 0xfe, 0x4a, 0xfe, 0x4a, 0xfe,
    0x4a, 0xfe, 0x4a, 0xfe, 0x2a, 0xfe, 0x2a, 0xfe, 0x2a, 0xfe, 0x2a, 0xfe,
    0x2a, 0xfe, 0x2a, 0xfe, 0x2a, 0xfe, 0x29, 0xfe, 0x29, 0xfe, 0x29, 0xfe,
    0x29, 0xf6, 0x29, 0xfe, 0x29, 0xf6, 0x29, 0xfe, 0x09, 0xf6, 0x09, 0xf6,
    0x09, 0xf6, 0x09, 0xf6, 0x09, 0xf6, 0x09, 0xf6, 0x09, 0xf6, 0x09, 0xf6,
    0x08, 0xf6, 0x08, 0xf6, 0x08, 0xf6, 0x08, 0xf6, 0xe8, 0xf5, 0xe8, 0xf5,
    0xe8, 0xf5, 0xe8, 0xf5, 0xe8, 0xf5, 0xe8, 0xf5, 0xe8, 0xf5, 0xe8, 0xf5,
    0xe8, 0xf5, 0xe8, 0xf5, 0xe8, 0xf5, 0xe8, 0xf5, 0xe7, 0xf5, 0xe7, 0xf5,
    0x31, 0xff, 0x31, 0xff, 0x31, 0xff, 0x31, 0xff, 0x31, 0xff, 0x31, 0xff,
    0x31, 0xff, 0x31, 0xff, 0x30, 0xff, 0x30, 0xff, 0x30, 0xff, 0x30, 0xff,
    0x30, 0xff, 0x30, 0xff, 0x10, 0xff, 0x10, 0xff, 0x10, 0xff, 0x10, 0xff,
    0x10, 0xff, 0x10, 0xff, 0x10, 0xff, 0x10, 0xff, 0x10, 0xff, 0x10, 0xff,
    0x0f, 0xff, 0x0f, 0xff, 0x0f, 0xff, 0x0f, 0xff, 0xef, 0xfe, 0xef, 0xfe,
    0xef, 0xfe, 0xef, 0xfe, 0xef, 0xfe, 0xef, 0xfe, 0xef, 0xfe, 0xef, 0xfe,
    0xef, 0xfe, 0xef, 0xfe, 0xef, 0xfe, 0xee, 0xfe, 0xce, 0xfe, 0xce, 0xfe,
    0xce, 0xfe, 0xce, 0xfe, 0xce, 0xfe, 0xce, 0xfe, 0xce, 0xfe, 0xce, 0xfe,
    0xce, 0xfe, 0xce, 0xfe, 0xce, 0xfe, 0xce, 0xfe, 0xce, 0xfe, 0xce, 0xfe,
    0xad, 0xfe, 0xad, 0xfe, 0xad, 0xfe, 0xad, 0xfe, 0xad, 0xfe, 0xad, 0xfe,
    0xad, 0xfe, 0xad, 0xfe, 0xad, 0xfe, 0xad, 0xfe, 0xad, 0xfe, 0xad, 0xfe,
    0xad, 0xfe, 0xad, 0xfe, 0x8d, 0xfe, 0x8c, 0xfe, 0x8c, 0xfe, 0x8c, 0xfe,
    0x8c, 0xfe, 0x8c, 0xfe, 0x8c, 0xfe, 0x8c, 0xfe, 0x8c, 0xfe, 0x8c, 0xfe,
    0x8c, 0xfe, 0x8c, 0xfe, 0x6c, 0xfe, 0x6c, 0xfe, 0x6c, 0xfe, 0x6c, 0xfe,
    0x6b, 0xfe, 0x6b, 0xfe, 0x6b, 0xfe, 0x6b, 0xfe, 0x6b, 0xfe, 0x6b, 0xfe,
    0x6b, 0xfe, 0x6b, 0xfe, 0x6b, 0xfe, 0x6b, 0xfe, 0x4b, 0xfe, 0x4b, 0xfe,
    0x4b, 0xfe, 0x4b, 0xfe, 0x4b, 0xfe, 0x4b, 0xfe, 0x4a, 0xfe, 0x4a, 0xfe,
    0x4a, 0xfe, 0x4a, 0xfe, 0x4a, 0xfe, 0x4a, 0xfe, 0x4a, 0xfe, 0x4a, 0xfe,
    0x2a, 0xfe, 0x2a, 0xfe, 0x2a, 0xf6, 0x2a, 0xfe, 0x2a, 0xf6, 0x2a, 0xfe,
    0x2a, 0xf6, 0x29, 0xf6, 0x29, 0xf6, 0x29, 0xf6, 0x29, 0xf6, 0x29, 0xf6,
    0x09, 0xf6, 0x09, 0xf6, 0x09, 0xf6, 0x09, 0xf6, 0x09, 0xf6, 0x09, 0xf6,
    0x09, 0xf6, 0x09, 0xf6, 0x09, 0xf6, 0x09, 0xf6, 0x08, 0xf6, 0x08, 0xf6,
    0x08, 0xf6, 0x08, 0xf6, 0xe8, 0xf5, 0xe8, 0xf5, 0xe8, 0xf5, 0xe8, 0xf5,
    0xe8, 0xf5, 0xe8, 0xf5, 0xe8, 0xf5, 0xe8, 0xf5, 0xe8, 0xf5, 0xe8, 0xf5,
    0xe8, 0xf5, 0xe7, 0xf5, 0xe7, 0xf5, 0xe7, 0xf5, 0xc7, 0xf5, 0xc7, 0xf5,
    0x31, 0xff, 0x31, 0xff, 0x31, 0xff, 0x31, 0xff, 0x31, 0xff, 0x31, 0xff,
    0x31, 0xff, 0x31, 0xff, 0x30, 0xff, 0x30, 0xff, 0x30, 0xff, 0x30, 0xff,
    0x30, 0xff, 0x30, 0xff, 0x10, 0xff, 0x10, 0xff, 0x10, 0xff, 0x10, 0xff,
    0x10, 0xff, 0x10, 0xff, 0x10, 0xff, 0x10, 0xff, 0x10, 0xff, 0x0f, 0xff,
    0x0f, 0xff, 0x0f, 0xff, 0x0f, 0xff, 0x0f, 0xff, 0xef, 0xfe, 0xef, 0xfe,
    0xef, 0xfe, 0xef, 0xfe, 0xef, 0xfe, 0xef, 0xfe, 0xef, 0xfe, 0xef, 0xfe,
    0xef, 0xfe, 0xef, 0xfe, 0xee, 0xfe, 0xee, 0xfe, 0xce, 0xfe, 0xce, 0xfe,
    0xce, 0xfe, 0xce, 0xfe, 0xce, 0xfe, 0xce, 0xfe, 0xce, 0xfe, 0xce, 0xfe,
    0xce, 0xfe, 0xce, 0xfe, 0xce, 0xfe, 0xce, 0xfe, 0xce, 0xfe, 0xce, 0xfe,
    0xad, 0xfe, 0xad, 0xfe, 0xad, 0xfe, 0xad, 0xfe, 0xad, 0xfe, 0xad, 0xfe,
    0xad, 0xfe, 0xad, 0xfe, 0xad, 0xfe, 0xad, 0xfe, 0xad, 0xfe, 0xad, 0xfe,
    0xad, 0xfe, 0xad, 0xfe, 0x8c, 0xfe, 0x8c, 0xfe, 0x8c, 0xfe, 0x8c, 0xfe,
    0x8c, 0xfe, 0x8c, 0xfe, 0x8c, 0xfe, 0x8c, 0xfe, 0x8c, 0xfe, 0x8c, 0xfe,
    0x8c, 0xfe, 0x8c, 0xfe, 0x6c, 0xfe, 0x6c, 0xfe, 0x6c, 0xfe, 0x6c, 0xfe,
    0x6b, 0xfe, 0x6b, 0xfe, 0x6b, 0xfe, 0x6b, 0xfe, 0x6b, 0xfe, 0x6b, 0xfe,
    0x6b, 0xfe, 0x6b, 0xfe, 0x6b, 0xfe, 0x6b, 0xfe, 0x4b, 0xfe, 0x4b, 0xfe,
    0x4b, 0xfe, 0x4b, 0xfe, 0x4b, 0xfe, 0x4a, 0xfe, 0x4a, 0xfe, 0x4a, 0xfe,
    0x4a, 0xfe, 0x4a, 0xfe, 0x4a, 0xfe, 0x4a, 0xfe, 0x4a, 0xfe, 0x4a, 0xfe,
    0x2a, 0xfe, 0x2a, 0xfe, 0x2a, 0xfe, 0x2a, 0xfe, 0x2a, 0xfe, 0x2a, 0xfe,
    0x29, 0xfe, 0x29, 0xfe, 0x29, 0xfe, 0x29, 0xfe, 0x29, 0xfe, 0x29, 0xfe,
    0x09, 0xf6, 0x09, 0xfe, 0x09, 0xf6, 0x09, 0xfe, 0x09, 0xf6, 0x09, 0xf6,
    0x09, 0xf6, 0x09, 0xf6, 0x09, 0xf6, 0x09, 0xf6, 0x08, 0xf6, 0x08, 0xf6,
    0x08, 0xf6, 0x08, 0xf6, 0xe8, 0xf5, 0xe8, 0xf5, 0xe8, 0xf5, 0xe8, 0xf5,
    0xe8, 0xf5, 0xe8, 0xf5, 0xe8, 0xf5, 0xe8, 0xf5, 0xe8, 0xf5, 0xe8, 0xf5,
    0xe7, 0xf5, 0xe7, 0xf5, 0xe7, 0xf5, 0xe7, 0xf5, 0xc7, 0xf5, 0xc7, 0xf5,
    0x31, 0xff, 0x31, 0xff, 0x31, 0xff, 0x31, 0xff, 0x31, 0xff, 0x30, 0xff,
    0x30, 0xff, 0x30, 0xff, 0x30, 0xff, 0x30, 0xff, 0x10, 0xff, 0x10, 0xff,
    0x10, 0xff, 0x10, 0xff, 0x10, 0xff, 0x10, 0xff, 0x10, 0xff, 0x10, 0xff,
    0x10, 0xff, 0x10, 0xff, 0x0f, 0xff, 0x0f, 0xff, 0x0f, 0xff, 0x0f, 0xff,
    0xef, 0xfe, 0xef, 0xfe, 0xef, 0xfe, 0xef, 0xfe, 0xef, 0xfe, 0xef, 0xfe,
    0xef, 0xfe, 0xef, 0xfe, 0xef, 0xfe, 0xef, 0xfe, 0xef, 0xfe, 0xef, 0xfe,
    0xee, 0xfe, 0xce, 0xfe, 0xce, 0xfe, 0xce, 0xfe, 0xce, 0xfe, 0xce, 0xfe,
    0xce, 0xfe, 0xce, 0xfe, 0xce, 0xfe, 0xce, 0xfe, 0xce, 0xfe, 0xce, 0xfe,
    0xce, 0xfe, 0xce, 0xfe, 0xae, 0xfe, 0xad, 0xfe, 0xad, 0xfe, 0xad, 0xfe,
    0xad, 0xfe, 0xad, 0xfe, 0xad, 0xfe, 0xad, 0xfe, 0xad, 0xfe, 0xad, 0xfe,
    0xad, 0xfe, 0xad, 0xfe, 0xad, 0xfe, 0xad, 0xfe, 0x8d, 0xfe, 0x8d, 0xfe,
    0x8c, 0xfe, 0x8c, 0xfe, 0x8c, 0xfe, 0x8c, 0xfe, 0x8c, 0xfe, 0x8c, 0xfe,
    0x8c, 0xfe, 0x8c, 0xfe, 0x8c, 0xfe, 0x8c, 0xfe, 0x8c, 0xfe, 0x6c, 0xfe,
    0x6c, 0xfe, 0x6c, 0xfe, 0x6c, 0xfe, 0x6b, 0xfe, 0x6b, 0xfe, 0x6b, 0xfe,
    0x6b, 0xfe, 0x6b, 0xfe, 0x6b, 0xfe, 0x6b, 0xfe, 0x6b, 0xfe, 0x6b, 0xfe,
    0x4b, 0xfe, 0x4b, 0xfe, 0x4b, 0xfe, 0x4b, 0xfe, 0x4b, 0xfe, 0x4b, 0xfe,
    0x4a, 0xfe, 0x4a, 0xfe, 0x4a, 0xfe, 0x4a, 0xfe, 0x4a, 0xfe, 0x4a, 0xfe,
    0x4a, 0xfe, 0x4a, 0xfe, 0x2a, 0xf6, 0x2a, 0xfe, 0x2a, 0xf6, 0x2a, 0xfe,
    0x2a, 0xf6, 0x2a, 0xf6, 0x2a, 0xf6, 0x2a, 0xf6, 0x29, 0xf6, 0x29, 0xf6,
    0x29, 0xf6, 0x29, 0xf6, 0x29, 0xf6, 0x09, 0xf6, 0x09, 0xf6, 0x09, 0xf6,
    0x09, 0xf6, 0x09, 0xf6, 0x09, 0xf6, 0x09, 0xf6, 0x09, 0xf6, 0x09, 0xf6,
    0x09, 0xf6, 0x08, 0xf6, 0x08, 0xf6, 0x08, 0xf6, 0xe8, 0xf5, 0xe8, 0xf5,
    0xe8, 0xf5, 0xe8, 0xf5, 0xe8, 0xf5, 0xe8, 0xf5, 0xe8, 0xf5, 0xe8, 0xf5,
    0xe8, 0xf5, 0xe8, 0xf5, 0xe8, 0xf5, 0xe8, 0xf5, 0xe7, 0xf5, 0xe7, 0xf5,
    0xc7, 0xf5, 0xc7, 0xf5, 0xc7, 0xf5, 0xc7, 0xf5, 0xc7, 0xf5, 0xc7, 0xf5,
    0x31, 0xff, 0x31, 0xff, 0x31, 0xff, 0x31, 0xff, 0x30, 0xff, 0x30, 0xff,
    0x30, 0xff, 0x30, 0xff, 0x30, 0xff, 0x30, 0xff, 0x10, 0xff, 0x10, 0xff,
    0x10, 0xff, 0x10, 0xff, 0x10, 0xff, 0x10, 0xff, 0x10, 0xff, 0x10, 0xff,
    0x10, 0xff, 0x10, 0xff, 0x0f, 0xff, 0x0f, 0xff, 0x0f, 0xff, 0x0f, 0xff,
    0xef, 0xfe, 0xef, 0xfe, 0xef, 0xfe, 0xef, 0xfe, 0xef, 0xfe, 0xef, 0xfe,
    0xef, 0xfe, 0xef, 0xfe, 0xef, 0xfe, 0xef, 0xfe, 0xef, 0xfe, 0xee, 0xfe,
    0xee, 0xfe, 0xee, 0xfe, 0xce, 0xfe, 0xce, 0xfe, 0xce, 0xfe, 0xce, 0xfe,
    0xce, 0xfe, 0xce, 0xfe, 0xce, 0xfe, 0xce, 0xfe, 0xce, 0xfe, 0xce, 0xfe,
    0xce, 0xfe, 0xce, 0xfe, 0xad, 0xfe, 0xad, 0xfe, 0xad, 0xfe, 0xad, 0xfe,
    0xad, 0xfe, 0xad, 0xfe, 0xad, 0xfe, 0xad, 0xfe, 0xad, 0xfe, 0xad, 0xfe,
    0xad, 0xfe, 0xad, 0xfe, 0xad, 0xfe, 0xad, 0xfe, 0x8d, 0xfe, 0x8d, 0xfe,
    0x8c, 0xfe, 0x8c, 0xfe, 0x8c, 0xfe, 0x8c, 0xfe, 0x8c, 0xfe, 0x8c, 0xfe,
    0x8c, 0xfe, 0x8c, 0xfe, 0x8c, 0xfe, 0x8c, 0xfe, 0x8c, 0xfe, 0x8c, 0xfe,
    0x6c, 0xfe, 0x6c, 0xfe, 0x6b, 0xfe, 0x6b, 0xfe, 0x6b, 0xfe, 0x6b, 0xfe,
    0x6b, 0xfe, 0x6b, 0xfe, 0x6b, 0xfe, 0x6b, 0xfe, 0x6b, 0xfe, 0x6b, 0xfe,
    0x4b, 0xfe, 0x4b, 0xfe, 0x4b, 0xfe, 0x4b, 0xfe, 0x4b, 0xfe, 0x4b, 0xfe,
    0x4a, 0xfe, 0x4a, 0xfe, 0x4a, 0xfe, 0x4a, 0xfe, 0x4a, 0xfe, 0x4a, 0xfe,
    0x4a, 0xfe, 0x4a, 0xfe, 0x2a, 0xfe, 0x2a, 0xfe, 0x2a, 0xfe, 0x2a, 0xfe,
    0x2a, 0xfe, 0x2a, 0xfe, 0x2a, 0xfe, 0x29, 0xfe, 0x29, 0xf6, 0x29, 0xfe,
    0x29, 0xf6, 0x29, 0xfe, 0x29, 0xf6, 0x29, 0xfe, 0x09, 0xf6, 0x09, 0xf6,
    0x09, 0xf6, 0x09, 0xf6, 0x09, 0xf6, 0x09, 0xf6, 0x09, 0xf6, 0x09, 0xf6,
    0x08, 0xf6, 0x08, 0xf6, 0x08, 0xf6, 0x08, 0xf6, 0xe8, 0xf5, 0xe8, 0xf5,
    0xe8, 0xf5, 0xe8, 0xf5, 0xe8, 0xf5, 0xe8, 0xf5, 0xe8, 0xf5, 0xe8, 0xf5,
    0xe8, 0xf5, 0xe8, 0xf5, 0xe8, 0xf5, 0xe8, 0xf5, 0xe7, 0xf5, 0xe7, 0xf5,
    0xc7, 0xf5, 0xc7, 0xf5, 0xc7, 0xf5, 0xc7, 0xf5, 0xc7, 0xf5, 0xc7, 0xf5,
    0x31, 0xff, 0x31, 0xff, 0x30, 0xff, 0x30, 0xff, 0x30, 0xff, 0x30, 0xff,
    0x30, 0xff, 0x30, 0xff, 0x10, 0xff, 0x10, 0xff, 0x10, 0xff, 0x10, 0xff,
    0x10, 0xff, 0x10, 0xff, 0x10, 0xff, 0x10, 0xff, 0x10, 0xff, 0x10, 0xff,
    0x0f, 0xff, 0x0f, 0xff, 0x0f, 0xff, 0xef, 0xfe, 0xef, 0xfe, 0xef, 0xfe,
    0xef, 0xfe, 0xef, 0xfe, 0xef, 0xfe, 0xef, 0xfe, 0xef, 0xfe, 0xef, 0xfe,
    0xef, 0xfe, 0xef, 0xfe, 0xee, 0xfe, 0xee, 0xfe, 0xce, 0xfe, 0xce, 0xfe,
    0xce, 0xfe, 0xce, 0xfe, 0xce, 0xfe, 0xce, 0xfe, 0xce, 0xfe, 0xce, 0xfe,
    0xce, 0xfe, 0xce, 0xfe, 0xce, 0xfe, 0xce, 0xfe, 0xce, 0xfe, 0xce, 0xfe,
    0xad, 0xfe, 0xad, 0xfe, 0xad, 0xfe, 0xad, 0xfe, 0xad, 0xfe, 0xad, 0xfe,
    0xad, 0xfe, 0xad, 0xfe, 0xad, 0xfe, 0xad, 0xfe, 0xad, 0xfe, 0xad, 0xfe,
    0xad, 0xfe, 0x8d, 0xfe, 0x8d, 0xfe, 0x8c, 0xfe, 0x8c, 0xfe, 0x8c, 0xfe,
    0x8c, 0xfe, 0x8c, 0xfe, 0x8c, 0xfe, 0x8c, 0xfe, 0x8c, 0xfe, 0x8c, 0xfe,
    0x8c, 0xfe, 0x8c, 0xfe, 0x6c, 0xfe, 0x6c, 0xfe, 0x6c, 0xfe, 0x6c, 0xfe,
    0x6b, 0xfe, 0x6b, 0xfe, 0x6b, 0xfe, 0x6b, 0xfe, 0x6b, 0xfe, 0x6b, 0xfe,
    0x6b, 0xfe, 0x6b, 0xfe, 0x6b, 0xfe, 0x6b, 0xfe, 0x4b, 0xfe, 0x4b, 0xfe,
    0x4b, 0xfe, 0x4b, 0xfe, 0x4b, 0xfe, 0x4b, 0xfe, 0x4a, 0xfe, 0x4a, 0xfe,
    0x4a, 0xfe, 0x4a, 0xfe, 0x4a, 0xfe, 0x4a, 0xfe, 0x4a, 0xfe, 0x2a, 0xfe,
    0x2a, 0xfe, 0x2a, 0xfe, 0x2a, 0xf6, 0x2a, 0xfe, 0x2a, 0xf6, 0x2a, 0xfe,
    0x29, 0xf6, 0x29, 0xf6, 0x29, 0xf6, 0x29, 0xf6, 0x29, 0xf6, 0x29, 0xf6,
    0x09, 0xf6, 0x09, 0xf6, 0x09, 0xf6, 0x09, 0xf6, 0x09, 0xf6, 0x09, 0xf6,
    0x09, 0xf6, 0x09, 0xf6, 0x09, 0xf6, 0x09, 0xf6, 0x08, 0xf6, 0x08, 0xf6,
    0x08, 0xf6, 0x08, 0xf6, 0xe8, 0xf5, 0xe8, 0xf5, 0xe8, 0xf5, 0xe8, 0xf5,
    0xe8, 0xf5, 0xe8, 0xf5, 0xe8, 0xf5, 0xe8, 0xf5, 0xe8, 0xf5, 0xe8, 0xf5,
    0xe8, 0xf5, 0xe7, 0xf5, 0xe7, 0xf5, 0xc7, 0xf5, 0xc7, 0xf5, 0xc7, 0xf5,
    0xc7, 0xf5, 0xc7, 0xf5, 0xc7, 0xf5, 0xc7, 0xf5, 0xc7, 0xf5, 0xc7, 0xf5,
    0x31, 0xff, 0x31, 0xff, 0x30, 0xff, 0x30, 0xff, 0x30, 0xff, 0x30, 0xff,
    0x30, 0xff, 0x30, 0xff, 0x10, 0xff, 0x10, 0xff, 0x10, 0xff, 0x10, 0xff,
    0x10, 0xff, 0x10, 0xff, 0x10, 0xff, 0x10, 0xff, 0x10, 0xff, 0x0f, 0xff,
    0x0f, 0xff, 0x0f, 0xff, 0x0f, 0xff, 0x0f, 0xff, 0xef, 0xfe, 0xef, 0xfe,
    0xef, 0xfe, 0xef, 0xfe, 0xef, 0xfe, 0xef, 0xfe, 0xef, 0xfe, 0xef, 0xfe,
    0xef, 0xfe, 0xef, 0xfe, 0xee, 0xfe, 0xee, 0xfe, 0xce, 0xfe, 0xce, 0xfe,
    0xce, 0xfe, 0xce, 0xfe, 0xce, 0xfe, 0xce, 0xfe, 0xce, 0xfe, 0xce, 0xfe,
    0xce, 0xfe, 0xce, 0xfe, 0xce, 0xfe, 0xce, 0xfe, 0xce, 0xfe, 0xce, 0xfe,
    0xad, 0xfe, 0xad, 0xfe, 0xad, 0xfe, 0xad, 0xfe, 0xad, 0xfe, 0xad, 0xfe,
    0xad, 0xfe, 0xad, 0xfe, 0xad, 0xfe, 0xad, 0xfe, 0xad, 0xfe, 0xad, 0xfe,
    0xad, 0xfe, 0xad, 0xfe, 0x8c, 0xfe, 0x8c, 0xfe, 0x8c, 0xfe, 0x8c, 0xfe,
    0x8c, 0xfe, 0x8c, 0xfe, 0x8c, 0xfe, 0x8c, 0xfe, 0x8c, 0xfe, 0x8c, 0xfe,
    0x8c, 0xfe, 0x8c, 0xfe, 0x6c, 0xfe, 0x6c, 0xfe, 0x6c, 0xfe, 0x6c, 0xfe,
    0x6b, 0xfe, 0x6b, 0xfe, 0x6b, 0xfe, 0x6b, 0xfe, 0x6b, 0xfe, 0x6b, 0xfe,
    0x6b, 0xfe, 0x6b, 0xfe, 0x6b, 0xfe, 0x6b, 0xfe, 0x4b, 0xfe, 0x4b, 0xfe,
    0x4b, 0xfe, 0x4b, 0xfe, 0x4b, 0xfe, 0x4a, 0xfe, 0x4a, 0xfe, 0x4a, 0xfe,
    0x4a, 0xfe, 0x4a, 0xfe, 0x4a, 0xfe, 0x4a, 0xfe, 0x4a, 0xfe, 0x4a, 0xfe,
    0x2a, 0xfe, 0x2a, 0xfe, 0x2a, 0xfe, 0x2a, 0xfe, 0x2a, 0xfe, 0x2a, 0xfe,
    0x29, 0xfe, 0x29, 0xfe, 0x29, 0xfe, 0x29, 0xfe, 0x29, 0xf6, 0x29, 0xfe,
    0x09, 0xf6, 0x09, 0xfe, 0x09, 0xf6, 0x09, 0xf6, 0x09, 0xf6, 0x09, 0xf6,
    0x09, 0xf6, 0x09, 0xf6, 0x09, 0xf6, 0x09, 0xf6, 0x08, 0xf6, 0x08, 0xf6,
    0x08, 0xf6, 0x08, 0xf6, 0xe8, 0xf5, 0xe8, 0xf5, 0xe8, 0xf5, 0xe8, 0xf5,
    0xe8, 0xf5, 0xe8, 0xf5, 0xe8, 0xf5, 0xe8, 0xf5, 0xe8, 0xf5, 0xe8, 0xf5,
    0xe7, 0xf5, 0xe7, 0xf5, 0xe7, 0xf5, 0xe7, 0xf5, 0xc7, 0xf5, 0xc7, 0xf5,
    0xc7, 0xf5, 0xc7, 0xf5, 0xc7, 0xf5, 0xc7, 0xf5, 0xc7, 0xf5, 0xc7, 0xf5,
    0x30, 0xff, 0x30, 0xff, 0x30, 0xff, 0x30, 0xff, 0x10, 0xff, 0x10, 0xff,
    0x10, 0xff, 0x10, 0xff, 0x10, 0xff, 0x10, 0xff, 0x10, 0xff, 0x10, 0xff,
    0x10, 0xff, 0x10, 0xff, 0x0f, 0xff, 0x0f, 0xff, 0x0f, 0xff, 0x0f, 0xff,
    0xef, 0xfe, 0xef, 0xfe, 0xef, 0xfe, 0xef, 0xfe, 0xef, 0xfe, 0xef, 0xfe,
    0xef, 0xfe, 0xef, 0xfe, 0xef, 0xfe, 0xef, 0xfe, 0xef, 0xfe, 0xef, 0xfe,
    0xee, 0xfe, 0xce, 0xfe, 0xce, 0xfe, 0xce, 0xfe, 0xce, 0xfe, 0xce, 0xfe,
    0xce, 0xfe, 0xce, 0xfe, 0xce, 0xfe, 0xce, 0xfe, 0xce, 0xfe, 0xce, 0xfe,
    0xce, 0xfe, 0xce, 0xfe, 0xad, 0xfe, 0xad, 0xfe, 0xad, 0xfe, 0xad, 0xfe,
    0xad, 0xfe, 0xad, 0xfe, 0xad, 0xfe, 0xad, 0xfe, 0xad, 0xfe, 0xad, 0xfe,
    0xad, 0xfe, 0xad, 0xfe, 0xad, 0xfe, 0xad, 0xfe, 0x8d, 0xfe, 0x8d, 0xfe,
    0x8c, 0xfe, 0x8c, 0xfe, 0x8c, 0xfe, 0x8c, 0xfe, 0x8c, 0xfe, 0x8c, 0xfe,
    0x8c, 0xfe, 0x8c, 0xfe, 0x8c, 0xfe, 0x8c, 0xfe, 0x8c, 0xfe, 0x6c, 0xfe,
    0x6c, 0xfe, 0x6c, 0xfe, 0x6c, 0xfe, 0x6b, 0xfe, 0x6b, 0xfe, 0x6b, 0xfe,
    0x6b, 0xfe, 0x6b, 0xfe, 0x6b, 0xfe, 0x6b, 0xfe, 0x6b, 0xfe, 0x6b, 0xfe,
    0x4b, 0xfe, 0x4b, 0xfe, 0x4b, 0xfe, 0x4b, 0xfe, 0x4b, 0xfe, 0x4b, 0xfe,
    0x4a, 0xfe, 0x4a, 0xfe, 0x4a, 0xfe, 0x4a, 0xfe, 0x4a, 0xfe, 0x4a, 0xfe,
    0x4a, 0xfe, 0x4a, 0xfe, 0x2a, 0xf6, 0x2a, 0xfe, 0x2a, 0xf6, 0x2a, 0xfe,
    0x2a, 0xf6, 0x2a, 0xfe, 0x2a, 0xf6, 0x2a, 0xf6, 0x29, 0xf6, 0x29, 0xf6,
    0x29, 0xf6, 0x29, 0xf6, 0x29, 0xf6, 0x09, 0xf6, 0x09, 0xf6, 0x09, 0xf6,
    0x09, 0xf6, 0x09, 0xf6, 0x09, 0xf6, 0x09, 0xf6, 0x09, 0xf6, 0x09, 0xf6,
    0x08, 0xf6, 0x08, 0xf6, 0x08, 0xf6, 0x08, 0xf6, 0xe8, 0xf5, 0xe8, 0xf5,
    0xe8, 0xf5, 0xe8, 0xf5, 0xe8, 0xf5, 0xe8, 0xf5, 0xe8, 0xf5, 0xe8, 0xf5,
    0xe8, 0xf5, 0xe8, 0xf5, 0xe8, 0xf5, 0xe8, 0xf5, 0xe7, 0xf5, 0xe7, 0xf5,
    0xc7, 0xf5, 0xc7, 0xf5, 0xc7, 0xf5, 0xc7, 0xf5, 0xc7, 0xf5, 0xc7, 0xf5,
    0xc7, 0xf5, 0xc7, 0xf5, 0xc7, 0xf5, 0xc7, 0xf5, 0xc7, 0xf5, 0xc7, 0xf5,
    0x30, 0xff, 0x30, 0xff, 0x30, 0xff, 0x30, 0xff, 0x10, 0xff, 0x10, 0xff,
    0x10, 0xff, 0x10, 0xff, 0x10, 0xff, 0x10, 0xff, 0x10, 0xff, 0x10, 0xff,
    0x10, 0xff, 0x10, 0xff, 0x0f, 0xff, 0x0f, 0xff, 0x0f, 0xff, 0x0f, 0xff,
    0xef, 0xfe, 0xef, 0xfe, 0xef, 0xfe, 0xef, 0xfe, 0xef, 0xfe, 0xef, 0xfe,
    0xef, 0xfe, 0xef, 0xfe, 0xef, 0xfe, 0xef, 0xfe, 0xef, 0xfe, 0xee, 0xfe,
    0xee, 0xfe, 0xce, 0xfe, 0xce, 0xfe, 0xce, 0xfe, 0xce, 0xfe, 0xce, 0xfe,
    0xce, 0xfe, 0xce, 0xfe, 0xce, 0xfe, 0xce, 0xfe, 0xce, 0xfe, 0xce, 0xfe,
    0xce, 0xfe, 0xce, 0xfe, 0xad, 0xfe, 0xad, 0xfe, 0xad, 0xfe, 0xad, 0xfe,
    0xad, 0xfe, 0xad, 0xfe, 0xad, 0xfe, 0xad, 0xfe, 0xad, 0xfe, 0xad, 0xfe,
    0xad, 0xfe, 0xad, 0xfe, 0xad, 0xfe, 0xad, 0xfe, 0x8d, 0xfe, 0x8c, 0xfe,
    0x8c, 0xfe, 0x8c, 0xfe, 0x8c, 0xfe, 0x8c, 0xfe, 0x8c, 0xfe, 0x8c, 0xfe,
    0x8c, 0xfe, 0x8c, 0xfe, 0x8c, 0xfe, 0x8c, 0xfe, 0x8c, 0xfe, 0x6c, 0xfe,
    0x6c, 0xfe, 0x6c, 0xfe, 0x6b, 0xfe, 0x6b, 0xfe, 0x6b, 0xfe, 0x6b, 0xfe,
    0x6b, 0xfe, 0x6b, 0xfe, 0x6b, 0xfe, 0x6b, 0xfe, 0x6b, 0xfe, 0x6b, 0xfe,
    0x4b, 0xfe, 0x4b, 0xfe, 0x4b, 0xfe, 0x4b, 0xfe, 0x4b, 0xfe, 0x4b, 0xfe,
    0x4a, 0xfe, 0x4a, 0xfe, 0x4a, 0xfe, 0x4a, 0xfe, 0x4a, 0xfe, 0x4a, 0xfe,
    0x4a, 0xfe, 0x4a, 0xfe, 0x2a, 0xfe, 0x2a, 0xfe, 0x2a, 0xfe, 0x2a, 0xfe,
    0x2a, 0xfe, 0x2a, 0xfe, 0x29, 0xfe, 0x29, 0xfe, 0x29, 0xfe, 0x29, 0xfe,
    0x29, 0xf6, 0x29, 0xfe, 0x29, 0xf6, 0x09, 0xfe, 0x09, 0xf6, 0x09, 0xf6,
    0x09, 0xf6, 0x09, 0xf6, 0x09, 0xf6, 0x09, 0xf6, 0x09, 0xf6, 0x09, 0xf6,
    0x08, 0xf6, 0x08, 0xf6, 0x08, 0xf6, 0x08, 0xf6, 0xe8, 0xf5, 0xe8, 0xf5,
    0xe8, 0xf5, 0xe8, 0xf5, 0xe8, 0xf5, 0xe8, 0xf5, 0xe8, 0xf5, 0xe8, 0xf5,
    0xe8, 0xf5, 0xe8, 0xf5, 0xe8, 0xf5, 0xe7, 0xf5, 0xe7, 0xf5, 0xe7, 0xf5,
    0xc7, 0xf5, 0xc7, 0xf5, 0xc7, 0xf5, 0xc7, 0xf5, 0xc7, 0xf5, 0xc7, 0xf5,
    0xc7, 0xf5, 0xc7, 0xf5, 0xc7, 0xf5, 0xc7, 0xf5, 0xc7, 0xf5, 0xc7, 0xf5,
    0x30, 0xff, 0x30, 0xff, 0x10, 0xff, 0x10, 0xff, 0x10, 0xff, 0x10, 0xff,
    0x10, 0xff, 0x10, 0xff, 0x10, 0xff, 0x10, 0xff, 0x10, 0xff, 0x10, 0xff,
    0x0f, 0xff, 0x0f, 0xff, 0x0f, 0xff, 0xef, 0xfe, 0xef, 0xfe, 0xef, 0xfe,
    0xef, 0xfe, 0xef, 0xfe, 0xef, 0xfe, 0xef, 0xfe, 0xef, 0xfe, 0xef, 0xfe,
    0xef, 0xfe, 0xef, 0xfe, 0xee, 0xfe, 0xee, 0xfe, 0xce, 0xfe, 0xce, 0xfe,
    0xce, 0xfe, 0xce, 0xfe, 0xce, 0xfe, 0xce, 0xfe, 0xce, 0xfe, 0xce, 0xfe,
    0xce, 0xfe, 0xce, 0xfe, 0xce, 0xfe, 0xce, 0xfe, 0xce, 0xfe, 0xce, 0xfe,
    0xad, 0xfe, 0xad, 0xfe, 0xad, 0xfe, 0xad, 0xfe, 0xad, 0xfe, 0xad, 0xfe,
    0xad, 0xfe, 0xad, 0xfe, 0xad, 0xfe, 0xad, 0xfe, 0xad, 0xfe, 0xad, 0xfe,
    0xad, 0xfe, 0x8d, 0xfe, 0x8d, 0xfe, 0x8c, 0xfe, 0x8c, 0xfe, 0x8c, 0xfe,
    0x8c, 0xfe, 0x8c, 0xfe, 0x8c, 0xfe, 0x8c, 0xfe, 0x8c, 0xfe, 0x8c, 0xfe,
    0x8c, 0xfe, 0x8c, 0xfe, 0x6c, 0xfe, 0x6c, 0xfe, 0x6c, 0xfe, 0x6c, 0xfe,
    0x6b, 0xfe, 0x6b, 0xfe, 0x6b, 0xfe, 0x6b, 0xfe, 0x6b, 0xfe, 0x6b, 0xfe,
    0x6b, 0xfe, 0x6b, 0xfe, 0x6b, 0xfe, 0x6b, 0xfe, 0x4b, 0xfe, 0x4b, 0xfe,
    0x4b, 0xfe, 0x4b, 0xfe, 0x4b, 0xfe, 0x4b, 0xfe, 0x4a, 0xfe, 0x4a, 0xfe,
    0x4a, 0xfe, 0x4a, 0xfe, 0x4a, 0xfe, 0x4a, 0xfe, 0x4a, 0xfe, 0x2a, 0xfe,
    0x2a, 0xfe, 0x2a, 0xfe, 0x2a, 0xf6, 0x2a, 0xfe, 0x2a, 0xf6, 0x2a, 0xfe,
    0x29, 0xf6, 0x29, 0xf6, 0x29, 0xf6, 0x29, 0xf6, 0x29, 0xf6, 0x29, 0xf6,
    0x09, 0xf6, 0x09, 0xf6, 0x09, 0xf6, 0x09, 0xf6, 0x09, 0xf6, 0x09, 0xf6,
    0x09, 0xf6, 0x09, 0xf6, 0x09, 0xf6, 0x09, 0xf6, 0x08, 0xf6, 0x08, 0xf6,
    0x08, 0xf6, 0x08, 0xf6, 0xe8, 0xf5, 0xe8, 0xf5, 0xe8, 0xf5, 0xe8, 0xf5,
    0xe8, 0xf5, 0xe8, 0xf5, 0xe8, 0xf5, 0xe8, 0xf5, 0xe8, 0xf5, 0xe8, 0xf5,
    0xe8, 0xf5, 0xe7, 0xf5, 0xe7, 0xf5, 0xc7, 0xf5, 0xc7, 0xf5, 0xc7, 0xf5,
    0xc7, 0xf5, 0xc7, 0xf5, 0xc7, 0xf5, 0xc7, 0xf5, 0xc7, 0xf5, 0xc7, 0xf5,
    0xc7, 0xf5, 0xc7, 0xf5, 0xc7, 0xf5, 0xc7, 0xf5, 0xa6, 0xf5, 0xa6, 0xf5,
    0x30, 0xff, 0x30, 0xff, 0x10, 0xff, 0x10, 0xff, 0x10, 0xff, 0x10, 0xff,
    0x10, 0xff, 0x10, 0xff, 0x10, 0xff, 0x10, 0xff, 0x10, 0xff, 0x0f, 0xff,
    0x0f, 0xff, 0x0f, 0xff, 0x0f, 0xff, 0x0f, 0xff, 0xef, 0xfe, 0xef, 0xfe,
    0xef, 0xfe, 0xef, 0xfe, 0xef, 0xfe, 0xef, 0xfe, 0xef, 0xfe, 0xef, 0xfe,
    0xef, 0xfe, 0xef, 0xfe, 0xee, 0xfe, 0xee, 0xfe, 0xce, 0xfe, 0xce, 0xfe,
    0xce, 0xfe, 0xce, 0xfe, 0xce, 0xfe, 0xce, 0xfe, 0xce, 0xfe, 0xce, 0xfe,
    0xce, 0xfe, 0xce, 0xfe, 0xce, 0xfe, 0xce, 0xfe, 0xce, 0xfe, 0xcd, 0xfe,
    0xad, 0xfe, 0xad, 0xfe, 0xad, 0xfe, 0xad, 0xfe, 0xad, 0xfe, 0xad, 0xfe,
    0xad, 0xfe, 0xad, 0xfe, 0xad, 0xfe, 0xad, 0xfe, 0xad, 0xfe, 0xad, 0xfe,
    0xad, 0xfe, 0xad, 0xfe, 0x8c, 0xfe, 0x8c, 0xfe, 0x8c, 0xfe, 0x8c, 0xfe,
    0x8c, 0xfe, 0x8c, 0xfe, 0x8c, 0xfe, 0x8c, 0xfe, 0x8c, 0xfe, 0x8c, 0xfe,
    0x8c, 0xfe, 0x8c, 0xfe, 0x6c, 0xfe, 0x6c, 0xfe, 0x6c, 0xfe, 0x6c, 0xfe,
    0x6b, 0xfe, 0x6b, 0xfe, 0x6b, 0xfe, 0x6b, 0xfe, 0x6b, 0xfe, 0x6b, 0xfe,
    0x6b, 0xfe, 0x6b, 0xfe, 0x6b, 0xfe, 0x6b, 0xfe, 0x4b, 0xfe, 0x4b, 0xfe,
    0x4b, 0xfe, 0x4b, 0xfe, 0x4b, 0xfe, 0x4a, 0xfe, 0x4a, 0xfe, 0x4a, 0xfe,
    0x4a, 0xfe, 0x4a, 0xfe, 0x4a, 0xfe, 0x4a, 0xfe, 0x4a, 0xfe, 0x4a, 0xfe,
    0x2a, 0xfe, 0x2a, 0xfe, 0x2a, 0xfe, 0x2a, 0xfe, 0x2a, 0xfe, 0x2a, 0xfe,
    0x29, 0xfe, 0x29, 0xfe, 0x29, 0xfe, 0x29, 0xfe, 0x29, 0xf6, 0x29, 0xfe,
    0x09, 0xf6, 0x09, 0xfe, 0x09, 0xf6, 0x09, 0xfe, 0x09, 0xf6, 0x09, 0xf6,
    0x09, 0xf6, 0x09, 0xf6, 0x09, 0xf6, 0x08, 0xf6, 0x08, 0xf6, 0x08, 0xf6,
    0x08, 0xf6, 0x08, 0xf6, 0xe8, 0xf5, 0xe8, 0xf5, 0xe8, 0xf5, 0xe8, 0xf5,
    0xe8, 0xf5, 0xe8, 0xf5, 0xe8, 0xf5, 0xe8, 0xf5, 0xe8, 0xf5, 0xe8, 0xf5,
    0xe7, 0xf5, 0xe7, 0xf5, 0xe7, 0xf5, 0xe7, 0xf5, 0xc7, 0xf5, 0xc7, 0xf5,
    0xc7, 0xf5, 0xc7, 0xf5, 0xc7, 0xf5, 0xc7, 0xf5, 0xc7, 0xf5, 0xc7, 0xf5,
    0xc7, 0xf5, 0xc7, 0xf5, 0xc7, 0xf5, 0xc7, 0xf5, 0xa6, 0xf5, 0xa6, 0xf5,
    0x10, 0xff, 0x10, 0xff, 0x10, 0xff, 0x10, 0xff, 0x10, 0xff, 0x10, 0xff,
    0x10, 0xff, 0x10, 0xff, 0x0f, 0xff, 0x0f, 0xff, 0x0f, 0xff, 0x0f, 0xff,
    0xef, 0xfe, 0xef, 0xfe, 0xef, 0xfe, 0xef, 0xfe, 0xef, 0xfe, 0xef, 0xfe,
    0xef, 0xfe, 0xef, 0xfe, 0xef, 0xfe, 0xef, 0xfe, 0xef, 0xfe, 0xef, 0xfe,
    0xce, 0xfe, 0xce, 0xfe, 0xce, 0xfe, 0xce, 0xfe, 0xce, 0xfe, 0xce, 0xfe,
    0xce, 0xfe, 0xce, 0xfe, 0xce, 0xfe, 0xce, 0xfe, 0xce, 0xfe, 0xce, 0xfe,
    0xce, 0xfe, 0xce, 0xfe, 0xad, 0xfe, 0xad, 0xfe, 0xad, 0xfe, 0xad, 0xfe,
    0xad, 0xfe, 0xad, 0xfe, 0xad, 0xfe, 0xad, 0xfe, 0xad, 0xfe, 0xad, 0xfe,
    0xad, 0xfe, 0xad, 0xfe, 0xad, 0xfe, 0xad, 0xfe, 0x8d, 0xfe, 0x8d, 0xfe,
    0x8c, 0xfe, 0x8c, 0xfe, 0x8c, 0xfe, 0x8c, 0xfe, 0x8c, 0xfe, 0x8c, 0xfe,
    0x8c, 0xfe, 0x8c, 0xfe, 0x8c, 0xfe, 0x8c, 0xfe, 0x6c, 0xfe, 0x6c, 0xfe,
    0x6c, 0xfe, 0x6c, 0xfe, 0x6c, 0xfe, 0x6b, 0xfe, 0x6b, 0xfe, 0x6b, 0xfe,
    0x6b, 0xfe, 0x6b, 0xfe, 0x6b, 0xfe, 0x6b, 0xfe, 0x6b, 0xfe, 0x6b, 0xfe,
    0x4b, 0xfe, 0x4b, 0xfe, 0x4b, 0xfe, 0x4b, 0xfe, 0x4b, 0xfe, 0x4b, 0xfe,
    0x4a, 0xfe, 0x4a, 0xfe, 0x4a, 0xfe, 0x4a, 0xfe, 0x4a, 0xfe, 0x4a, 0xfe,
    0x4a, 0xfe, 0x4a, 0xfe, 0x2a, 0xf6, 0x2a, 0xfe, 0x2a, 0xf6, 0x2a, 0xfe,
    0x2a, 0xf6, 0x2a, 0xf6, 0x2a, 0xf6, 0x2a, 0xf6, 0x29, 0xf6, 0x29, 0xf6,
    0x29, 0xf6, 0x29, 0xf6, 0x09, 0xf6, 0x09, 0xf6, 0x09, 0xf6, 0x09, 0xf6,
    0x09, 0xf6, 0x09, 0xf6, 0x09, 0xf6, 0x09, 0xf6, 0x09, 0xf6, 0x09, 0xf6,
    0x08, 0xf6, 0x08, 0xf6, 0x08, 0xf6, 0x08, 0xf6, 0xe8, 0xf5, 0xe8, 0xf5,
    0xe8, 0xf5, 0xe8, 0xf5, 0xe8, 0xf5, 0xe8, 0xf5, 0xe8, 0xf5, 0xe8, 0xf5,
    0xe8, 0xf5, 0xe8, 0xf5, 0xe8, 0xf5, 0xe8, 0xf5, 0xe7, 0xf5, 0xe7, 0xf5,
    0xc7, 0xf5, 0xc7, 0xf5, 0xc7, 0xf5, 0xc7, 0xf5, 0xc7, 0xf5, 0xc7, 0xf5,
    0xc7, 0xf5, 0xc7, 0xf5, 0xc7, 0xf5, 0xc7, 0xf5, 0xc7, 0xf5, 0xc7, 0xf5,
    0xa7, 0xf5, 0xa6, 0xf5, 0xa6, 0xf5, 0xa6, 0xf5, 0xa6, 0xf5, 0xa6, 0xf5,
    0x10, 0xff, 0x10, 0xff, 0x10, 0xff, 0x10, 0xff, 0x10, 0xff, 0x10, 0xff,
    0x10, 0xff, 0x10, 0xff, 0x0f, 0xff, 0x0f, 0xff, 0x0f, 0xff, 0x0f, 0xff,
    0xef, 0xfe, 0xef, 0xfe, 0xef, 0xfe, 0xef, 0xfe, 0xef, 0xfe, 0xef, 0xfe,
    0xef, 0xfe, 0xef, 0xfe, 0xef, 0xfe, 0xef, 0xfe, 0xef, 0xfe, 0xee, 0xfe,
    0xce, 0xfe, 0xce, 0xfe, 0xce, 0xfe, 0xce, 0xfe, 0xce, 0xfe, 0xce, 0xfe,
    0xce, 0xfe, 0xce, 0xfe, 0xce, 0xfe, 0xce, 0xfe, 0xce, 0xfe, 0xce, 0xfe,
    0xce, 0xfe, 0xce, 0xfe, 0xad, 0xfe, 0xad, 0xfe, 0xad, 0xfe, 0xad, 0xfe,
    0xad, 0xfe, 0xad, 0xfe, 0xad, 0xfe, 0xad, 0xfe, 0xad, 0xfe, 0xad, 0xfe,
    0xad, 0xfe, 0xad, 0xfe, 0xad, 0xfe, 0xad, 0xfe, 0x8d, 0xfe, 0x8c, 0xfe,
    0x8c, 0xfe, 0x8c, 0xfe, 0x8c, 0xfe, 0x8c, 0xfe, 0x8c, 0xfe, 0x8c, 0xfe,
    0x8c, 0xfe, 0x8c, 0xfe, 0x8c, 0xfe, 0x8c, 0xfe, 0x6c, 0xfe, 0x6c, 0xfe,
    0x6c, 0xfe, 0x6c, 0xfe, 0x6b, 0xfe, 0x6b, 0xfe, 0x6b, 0xfe, 0x6b, 0xfe,
    0x6b, 0xfe, 0x6b, 0xfe, 0x6b, 0xfe, 0x6b, 0xfe, 0x6b, 0xfe, 0x6b, 0xfe,
    0x4b, 0xfe, 0x4b, 0xfe, 0x4b, 0xfe, 0x4b, 0xfe, 0x4b, 0xfe, 0x4b, 0xfe,
    0x4a, 0xfe, 0x4a, 0xfe, 0x4a, 0xfe, 0x4a, 0xfe, 0x4a, 0xfe, 0x4a, 0xfe,
    0x4a, 0xfe, 0x4a, 0xfe, 0x2a, 0xfe, 0x2a, 0xfe, 0x2a, 0xfe, 0x2a, 0xfe,
    0x2a, 0xfe, 0x2a, 0xfe, 0x29, 0xfe, 0x29, 0xfe, 0x29, 0xf6, 0x29, 0xfe,
    0x29, 0xf6, 0x29, 0xfe, 0x09, 0xf6, 0x09, 0xf6, 0x09, 0xf6, 0x09, 0xf6,
    0x09, 0xf6, 0x09, 0xf6, 0x09, 0xf6, 0x09, 0xf6, 0x09, 0xf6, 0x09, 0xf6,
    0x08, 0xf6, 0x08, 0xf6, 0x08, 0xf6, 0x08, 0xf6, 0xe8, 0xf5, 0xe8, 0xf5,
    0xe8, 0xf5, 0xe8, 0xf5, 0xe8, 0xf5, 0xe8, 0xf5, 0xe8, 0xf5, 0xe8, 0xf5,
    0xe8, 0xf5, 0xe8, 0xf5, 0xe8, 0xf5, 0xe7, 0xf5, 0xe7, 0xf5, 0xe7, 0xf5,
    0xc7, 0xf5, 0xc7, 0xf5, 0xc7, 0xf5, 0xc7, 0xf5, 0xc7, 0xf5, 0xc7, 0xf5,
    0xc7, 0xf5, 0xc7, 0xf5, 0xc7, 0xf5, 0xc7, 0xf5, 0xc7, 0xf5, 0xc7, 0xf5,
    0xa6, 0xf5, 0xa6, 0xf5, 0xa6, 0xf5, 0xa6, 0xf5, 0xa6, 0xf5, 0xa6, 0xf5,
    0x10, 0xff, 0x10, 0xff, 0x10, 0xff, 0x10, 0xff, 0x10, 0xff, 0x0f, 0xff,
    0x0f, 0xff, 0x0f, 0xff, 0xef, 0xfe, 0xef, 0xfe, 0xef, 0xfe, 0xef, 0xfe,
    0xef, 0xfe, 0xef, 0xfe, 0xef, 0xfe, 0xef, 0xfe, 0xef, 0xfe, 0xef, 0xfe,
    0xef, 0xfe, 0xef, 0xfe, 0xee, 0xfe, 0xee, 0xfe, 0xce, 0xfe, 0xce, 0xfe,
    0xce, 0xfe, 0xce, 0xfe, 0xce, 0xfe, 0xce, 0xfe, 0xce, 0xfe, 0xce, 0xfe,
    0xce, 0xfe, 0xce, 0xfe, 0xce, 0xfe, 0xce, 0xfe, 0xce, 0xfe, 0xce, 0xfe,
    0xad, 0xfe, 0xad, 0xfe, 0xad, 0xfe, 0xad, 0xfe, 0xad, 0xfe, 0xad, 0xfe,
    0xad, 0xfe, 0xad, 0xfe, 0xad, 0xfe, 0xad, 0xfe, 0xad, 0xfe, 0xad, 0xfe,
    0x8d, 0xfe, 0x8d, 0xfe, 0x8d, 0xfe, 0x8c, 0xfe, 0x8c, 0xfe, 0x8c, 0xfe,
    0x8c, 0xfe, 0x8c, 0xfe, 0x8c, 0xfe, 0x8c, 0xfe, 0x8c, 0xfe, 0x8c, 0xfe,
    0x8c, 0xfe, 0x8c, 0xfe, 0x6c, 0xfe, 0x6c, 0xfe, 0x6c, 0xfe, 0x6c, 0xfe,
    0x6b, 0xfe, 0x6b, 0xfe, 0x6b, 0xfe, 0x6b, 0xfe, 0x6b, 0xfe, 0x6b, 0xfe,
    0x6b, 0xfe, 0x6b, 0xfe, 0x6b, 0xfe, 0x6b, 0xfe, 0x4b, 0xfe, 0x4b, 0xfe,
    0x4b, 0xfe, 0x4b, 0xfe, 0x4b, 0xfe, 0x4a, 0xfe, 0x4a, 0xfe, 0x4a, 0xfe,
    0x4a, 0xfe, 0x4a, 0xfe, 0x4a, 0xfe, 0x4a, 0xfe, 0x2a, 0xfe, 0x2a, 0xfe,
    0x2a, 0xfe, 0x2a, 0xfe, 0x2a, 0xf6, 0x2a, 0xfe, 0x2a, 0xf6, 0x2a, 0xfe,
    0x29, 0xf6, 0x29, 0xf6, 0x29, 0xf6, 0x29, 0xf6, 0x29, 0xf6, 0x29, 0xf6,
    0x09, 0xf6, 0x09, 0xf6, 0x09, 0xf6, 0x09, 0xf6, 0x09, 0xf6, 0x09, 0xf6,
    0x09, 0xf6, 0x09, 0xf6, 0x09, 0xf6, 0x09, 0xf6, 0x08, 0xf6, 0x08, 0xf6,
    0x08, 0xf6, 0x08, 0xf6, 0xe8, 0xf5, 0xe8, 0xf5, 0xe8, 0xf5, 0xe8, 0xf5,
    0xe8, 0xf5, 0xe8, 0xf5, 0xe8, 0xf5, 0xe8, 0xf5, 0xe8, 0xf5, 0xe8, 0xf5,
    0xe8, 0xf5, 0xe7, 0xf5, 0xc7, 0xf5, 0xc7, 0xf5, 0xc7, 0xf5, 0xc7, 0xf5,
    0xc7, 0xf5, 0xc7, 0xf5, 0xc7, 0xf5, 0xc7, 0xf5, 0xc7, 0xf5, 0xc7, 0xf5,
    0xc7, 0xf5, 0xc7, 0xf5, 0xc7, 0xf5, 0xc7, 0xf5, 0xa6, 0xf5, 0xa6, 0xf5,
    0xa6, 0xf5, 0xa6, 0xf5, 0xa6, 0xf5, 0xa6, 0xf5, 0xa6, 0xf5, 0xa6, 0xf5,
    0x10, 0xff, 0x10, 0xff, 0x10, 0xff, 0x10, 0xff, 0x0f, 0xff, 0x0f, 0xff,
    0x0f, 0xff, 0x0f, 0xff, 0xef, 0xfe, 0xef, 0xfe, 0xef, 0xfe, 0xef, 0xfe,
    0xef, 0xfe, 0xef, 0xfe, 0xef, 0xfe, 0xef, 0xfe, 0xef, 0xfe, 0xef, 0xfe,
    0xef, 0xfe, 0xef, 0xfe, 0xee, 0xfe, 0xee, 0xfe, 0xce, 0xfe, 0xce, 0xfe,
    0xce, 0xfe, 0xce, 0xfe, 0xce, 0xfe, 0xce, 0xfe, 0xce, 0xfe, 0xce, 0xfe,
    0xce, 0xfe, 0xce, 0xfe, 0xce, 0xfe, 0xce, 0xfe, 0xce, 0xfe, 0xcd, 0xfe,
    0xad, 0xfe, 0xad, 0xfe, 0xad, 0xfe, 0xad, 0xfe, 0xad, 0xfe, 0xad, 0xfe,
    0xad, 0xfe, 0xad, 0xfe, 0xad, 0xfe, 0xad, 0xfe, 0xad, 0xfe, 0xad, 0xfe,
    0x8d, 0xfe, 0x8d, 0xfe, 0x8c, 0xfe, 0x8c, 0xfe, 0x8c, 0xfe, 0x8c, 0xfe,
    0x8c, 0xfe, 0x8c, 0xfe, 0x8c, 0xfe, 0x8c, 0xfe, 0x8c, 0xfe, 0x8c, 0xfe,
    0x8c, 0xfe, 0x8c, 0xfe, 0x6c, 0xfe, 0x6c, 0xfe, 0x6c, 0xfe, 0x6c, 0xfe,
    0x6b, 0xfe, 0x6b, 0xfe, 0x6b, 0xfe, 0x6b, 0xfe, 0x6b, 0xfe, 0x6b, 0xfe,
    0x6b, 0xfe, 0x6b, 0xfe, 0x6b, 0xfe, 0x6b, 0xfe, 0x4b, 0xfe, 0x4b, 0xfe,
    0x4b, 0xfe, 0x4b, 0xfe, 0x4a, 0xfe, 0x4a, 0xfe, 0x4a, 0xfe, 0x4a, 0xfe,
    0x4a, 0xfe, 0x4a, 0xfe, 0x4a, 0xfe, 0x4a, 0xfe, 0x2a, 0xfe, 0x2a, 0xfe,
    0x2a, 0xfe, 0x2a, 0xfe, 0x2a, 0xfe, 0x2a, 0xfe, 0x2a, 0xfe, 0x2a, 0xfe,
    0x29, 0xfe, 0x29, 0xfe, 0x29, 0xfe, 0x29, 0xfe, 0x29, 0xf6, 0x29, 0xfe,
    0x09, 0xf6, 0x09, 0xfe, 0x09, 0xf6, 0x09, 0xf6, 0x09, 0xf6, 0x09, 0xf6,
    0x09, 0xf6, 0x09, 0xf6, 0x09, 0xf6, 0x08, 0xf6, 0x08, 0xf6, 0x08, 0xf6,
    0x08, 0xf6, 0x08, 0xf6, 0xe8, 0xf5, 0xe8, 0xf5, 0xe8, 0xf5, 0xe8, 0xf5,
    0xe8, 0xf5, 0xe8, 0xf5, 0xe8, 0xf5, 0xe8, 0xf5, 0xe8, 0xf5, 0xe8, 0xf5,
    0xe7, 0xf5, 0xe7, 0xf5, 0xc7, 0xf5, 0xc7, 0xf5, 0xc7, 0xf5, 0xc7, 0xf5,
    0xc7, 0xf5, 0xc7, 0xf5, 0xc7, 0xf5, 0xc7, 0xf5, 0xc7, 0xf5, 0xc7, 0xf5,
    0xc7, 0xf5, 0xc7, 0xf5, 0xc7, 0xf5, 0xc7, 0xf5, 0xa6, 0xf5, 0xa6, 0xf5,
    0xa6, 0xf5, 0xa6, 0xf5, 0xa6, 0xf5, 0xa6, 0xf5, 0xa6, 0xf5, 0xa6, 0xf5,
    0x10, 0xff, 0x10, 0xff, 0x0f, 0xff, 0x0f, 0xff, 0x0f, 0xff, 0x0f, 0xff,
    0xef, 0xfe, 0xef, 0xfe, 0xef, 0xfe, 0xef, 0xfe, 0xef, 0xfe, 0xef, 0xfe,
    0xef, 0xfe, 0xef, 0xfe, 0xef, 0xfe, 0xef, 0xfe, 0xef, 0xfe, 0xee, 0xfe,
    0xce, 0xfe, 0xce, 0xfe, 0xce, 0xfe, 0xce, 0xfe, 0xce, 0xfe, 0xce, 0xfe,
    0xce, 0xfe, 0xce, 0xfe, 0xce, 0xfe, 0xce, 0xfe, 0xce, 0xfe, 0xce, 0xfe,
    0xce, 0xfe, 0xce, 0xfe, 0xad, 0xfe, 0xad, 0xfe, 0xad, 0xfe, 0xad, 0xfe,
    0xad, 0xfe, 0xad, 0xfe, 0xad, 0xfe, 0xad, 0xfe, 0xad, 0xfe, 0xad, 0xfe,
    0xad, 0xfe, 0xad, 0xfe, 0xad, 0xfe, 0xad, 0xfe, 0x8d, 0xfe, 0x8d, 0xfe,
    0x8c, 0xfe, 0x8c, 0xfe, 0x8c, 0xfe, 0x8c, 0xfe, 0x8c, 0xfe, 0x8c, 0xfe,
    0x8c, 0xfe, 0x8c, 0xfe, 0x8c, 0xfe, 0x8c, 0xfe, 0x6c, 0xfe, 0x6c, 0xfe,
    0x6c, 0xfe, 0x6c, 0xfe, 0x6b, 0xfe, 0x6b, 0xfe, 0x6b, 0xfe, 0x6b, 0xfe,
    0x6b, 0xfe, 0x6b, 0xfe, 0x6b, 0xfe, 0x6b, 0xfe, 0x6b, 0xfe, 0x6b, 0xfe,
    0x4b, 0xfe, 0x4b, 0xfe, 0x4b, 0xfe, 0x4b, 0xfe, 0x4b, 0xfe, 0x4b, 0xfe,
    0x4a, 0xfe, 0x4a, 0xfe, 0x4a, 0xfe, 0x4a, 0xfe, 0x4a, 0xfe, 0x4a, 0xfe,
    0x4a, 0xfe, 0x4a, 0xfe, 0x2a, 0xf6, 0x2a, 0xfe, 0x2a, 0xf6, 0x2a, 0xfe,
    0x2a, 0xf6, 0x2a, 0xf6, 0x2a, 0xf6, 0x29, 0xf6, 0x29, 0xf6, 0x29, 0xf6,
    0x29, 0xf6, 0x29, 0xf6, 0x09, 0xf6, 0x09, 0xf6, 0x09, 0xf6, 0x09, 0xf6,
    0x09, 0xf6, 0x09, 0xf6, 0x09, 0xf6, 0x09, 0xf6, 0x09, 0xf6, 0x09, 0xf6,
    0x08, 0xf6, 0x08, 0xf6, 0x08, 0xf6, 0x08, 0xf6, 0xe8, 0xf5, 0xe8, 0xf5,
    0xe8, 0xf5, 0xe8, 0xf5, 0xe8, 0xf5, 0xe8, 0xf5, 0xe8, 0xf5, 0xe8, 0xf5,
    0xe8, 0xf5, 0xe8, 0xf5, 0xe8, 0xf5, 0xe8, 0xf5, 0xe7, 0xf5, 0xe7, 0xf5,
    0xc7, 0xf5, 0xc7, 0xf5, 0xc7, 0xf5, 0xc7, 0xf5, 0xc7, 0xf5, 0xc7, 0xf5,
    0xc7, 0xf5, 0xc7, 0xf5, 0xc7, 0xf5, 0xc7, 0xf5, 0xc7, 0xf5, 0xc7, 0xf5,
    0xa6, 0xf5, 0xa6, 0xf5, 0xa6, 0xf5, 0xa6, 0xf5, 0xa6, 0xf5, 0xa6, 0xf5,
    0xa6, 0xf5, 0xa6, 0xf5, 0xa6, 0xf5, 0xa6, 0xf5, 0xa6, 0xf5, 0xa6, 0xf5,
    0x10, 0xff, 0x0f, 0xff, 0x0f, 0xff, 0x0f, 0xff, 0x0f, 0xff, 0x0f, 0xff,
    0xef, 0xfe, 0xef, 0xfe, 0xef, 0xfe, 0xef, 0xfe, 0xef, 0xfe, 0xef, 0xfe,
    0xef, 0xfe, 0xef, 0xfe, 0xef, 0xfe, 0xef, 0xfe, 0xee, 0xfe, 0xee, 0xfe,
    0xce, 0xfe, 0xce, 0xfe, 0xce, 0xfe, 0xce, 0xfe, 0xce, 0xfe, 0xce, 0xfe,
    0xce, 0xfe, 0xce, 0xfe, 0xce, 0xfe, 0xce, 0xfe, 0xce, 0xfe, 0xce, 0xfe,
    0xce, 0xfe, 0xce, 0xfe, 0xad, 0xfe, 0xad, 0xfe, 0xad, 0xfe, 0xad, 0xfe,
    0xad, 0xfe, 0xad, 0xfe, 0xad, 0xfe, 0xad, 0xfe, 0xad, 0xfe, 0xad, 0xfe,
    0xad, 0xfe, 0xad, 0xfe, 0xad, 0xfe, 0xad, 0xfe, 0x8d, 0xfe, 0x8c, 0xfe,
    0x8c, 0xfe, 0x8c, 0xfe, 0x8c, 0xfe, 0x8c, 0xfe, 0x8c, 0xfe, 0x8c, 0xfe,
    0x8c, 0xfe, 0x8c, 0xfe, 0x8c, 0xfe, 0x8c, 0xfe, 0x6c, 0xfe, 0x6c, 0xfe,
    0x6c, 0xfe, 0x6c, 0xfe, 0x6b, 0xfe, 0x6b, 0xfe, 0x6b, 0xfe, 0x6b, 0xfe,
    0x6b, 0xfe, 0x6b, 0xfe, 0x6b, 0xfe, 0x6b, 0xfe, 0x6b, 0xfe, 0x6b, 0xfe,
    0x4b, 0xfe, 0x4b, 0xfe, 0x4b, 0xfe, 0x4b, 0xfe, 0x4b, 0xfe, 0x4a, 0xfe,
    0x4a, 0xfe, 0x4a, 0xfe, 0x4a, 0xfe, 0x4a, 0xfe, 0x4a, 0xfe, 0x4a, 0xfe,
    0x4a, 0xfe, 0x4a, 0xfe, 0x2a, 0xfe, 0x2a, 0xfe, 0x2a, 0xfe, 0x2a, 0xfe,
    0x2a, 0xfe, 0x2a, 0xfe, 0x29, 0xfe, 0x29, 0xfe, 0x29, 0xfe, 0x29, 0xfe,
    0x29, 0xf6, 0x29, 0xfe, 0x09, 0xf6, 0x09, 0xf6, 0x09, 0xf6, 0x09, 0xf6,
    0x09, 0xf6, 0x09, 0xf6, 0x09, 0xf6, 0x09, 0xf6, 0x09, 0xf6, 0x09, 0xf6,
    0x08, 0xf6, 0x08, 0xf6, 0x08, 0xf6, 0x08, 0xf6, 0xe8, 0xf5, 0xe8, 0xf5,
    0xe8, 0xf5, 0xe8, 0xf5, 0xe8, 0xf5, 0xe8, 0xf5, 0xe8, 0xf5, 0xe8, 0xf5,
    0xe8, 0xf5, 0xe8, 0xf5, 0xe8, 0xf5, 0xe7, 0xf5, 0xe7, 0xf5, 0xe7, 0xf5,
    0xc7, 0xf5, 0xc7, 0xf5, 0xc7, 0xf5, 0xc7, 0xf5, 0xc7, 0xf5, 0xc7, 0xf5,
    0xc7, 0xf5, 0xc7, 0xf5, 0xc7, 0xf5, 0xc7, 0xf5, 0xc7, 0xf5, 0xc7, 0xf5,
    0xa6, 0xf5, 0xa6, 0xf5, 0xa6, 0xf5, 0xa6, 0xf5, 0xa6, 0xf5, 0xa6, 0xf5,
    0xa6, 0xf5, 0xa6, 0xf5, 0xa6, 0xf5, 0xa6, 0xf5, 0xa6, 0xf5, 0xa6, 0xf5,
    0x0f, 0xff, 0x0f, 0xff, 0xef, 0xfe, 0xef, 0xfe, 0xef, 0xfe, 0xef, 0xfe,
    0xef, 0xfe, 0xef, 0xfe, 0xef, 0xfe, 0xef, 0xfe, 0xef, 0xfe, 0xef, 0xfe,
    0xef, 0xfe, 0xef, 0xfe, 0xee, 0xfe, 0xee, 0xfe, 0xce, 0xfe, 0xce, 0xfe,
    0xce, 0xfe, 0xce, 0xfe, 0xce, 0xfe, 0xce, 0xfe, 0xce, 0xfe, 0xce, 0xfe,
    0xce, 0xfe, 0xce, 0xfe, 0xce, 0xfe, 0xce, 0xfe, 0xce, 0xfe, 0xce, 0xfe,
    0xad, 0xfe, 0xad, 0xfe, 0xad, 0xfe, 0xad, 0xfe, 0xad, 0xfe, 0xad, 0xfe,
    0xad, 0xfe, 0xad, 0xfe, 0xad, 0xfe, 0xad, 0xfe, 0xad, 0xfe, 0xad, 0xfe,
    0x8d, 0xfe, 0x8d, 0xfe, 0x8c, 0xfe, 0x8c, 0xfe, 0x8c, 0xfe, 0x8c, 0xfe,
    0x8c, 0xfe, 0x8c, 0xfe, 0x8c, 0xfe, 0x8c, 0xfe, 0x8c, 0xfe, 0x8c, 0xfe,
    0x8c, 0xfe, 0x8c, 0xfe, 0x6c, 0xfe, 0x6c, 0xfe, 0x6c, 0xfe, 0x6c, 0xfe,
    0x6b, 0xfe, 0x6b, 0xfe, 0x6b, 0xfe, 0x6b, 0xfe, 0x6b, 0xfe, 0x6b, 0xfe,
    0x6b, 0xfe, 0x6b, 0xfe, 0x6b, 0xfe, 0x6b, 0xfe, 0x4b, 0xfe, 0x4b, 0xfe,
    0x4b, 0xfe, 0x4b, 0xfe, 0x4b, 0xfe, 0x4a, 0xfe, 0x4a, 0xfe, 0x4a, 0xfe,
    0x4a, 0xfe, 0x4a, 0xfe, 0x4a, 0xfe, 0x4a, 0xfe, 0x2a, 0xfe, 0x2a, 0xfe,
    0x2a, 0xfe, 0x2a, 0xfe, 0x2a, 0xf6, 0x2a, 0xfe, 0x2a, 0xf6, 0x2a, 0xf6,
    0x29, 0xf6, 0x29, 0xf6, 0x29, 0xf6, 0x29, 0xf6, 0x29, 0xf6, 0x29, 0xf6,
    0x09, 0xf6, 0x09, 0xf6, 0x09, 0xf6, 0x09, 0xf6, 0x09, 0xf6, 0x09, 0xf6,
    0x09, 0xf6, 0x09, 0xf6, 0x09, 0xf6, 0x09, 0xf6, 0x08, 0xf6, 0x08, 0xf6,
    0x08, 0xf6, 0x08, 0xf6, 0xe8, 0xf5, 0xe8, 0xf5, 0xe8, 0xf5, 0xe8, 0xf5,
    0xe8, 0xf5, 0xe8, 0xf5, 0xe8, 0xf5, 0xe8, 0xf5, 0xe8, 0xf5, 0xe8, 0xf5,
    0xe7, 0xf5, 0xe7, 0xf5, 0xc7, 0xf5, 0xc7, 0xf5, 0xc7, 0xf5, 0xc7, 0xf5,
    0xc7, 0xf5, 0xc7, 0xf5, 0xc7, 0xf5, 0xc7, 0xf5, 0xc7, 0xf5, 0xc7, 0xf5,
    0xc7, 0xf5, 0xc7, 0xf5, 0xc7, 0xf5, 0xc7, 0xf5, 0xa6, 0xf5, 0xa6, 0xf5,
    0xa6, 0xf5, 0xa6, 0xf5, 0xa6, 0xf5, 0xa6, 0xf5, 0xa6, 0xf5, 0xa6, 0xf5,
    0xa6, 0xf5, 0xa6, 0xf5, 0xa6, 0xf5, 0xa6, 0xf5, 0xa6, 0xf5, 0xa6, 0xf5,
    0x0f, 0xff, 0x0f, 0xff, 0xef, 0xfe, 0xef, 0xfe, 0xef, 0xfe, 0xef, 0xfe,
    0xef, 0xfe, 0xef, 0xfe, 0xef, 0xfe, 0xef, 0xfe, 0xef, 0xfe, 0xef, 0xfe,
    0xef, 0xfe, 0xef, 0xfe, 0xee, 0xfe, 0xee, 0xfe, 0xce, 0xfe, 0xce, 0xfe,
    0xce, 0xfe, 0xce, 0xfe, 0xce, 0xfe, 0xce, 0xfe, 0xce, 0xfe, 0xce, 0xfe,
    0xce, 0xfe, 0xce, 0xfe, 0xce, 0xfe, 0xce, 0xfe, 0xce, 0xfe, 0xcd, 0xfe,
    0xad, 0xfe, 0xad, 0xfe, 0xad, 0xfe, 0xad, 0xfe, 0xad, 0xfe, 0xad, 0xfe,
    0xad, 0xfe, 0xad, 0xfe, 0xad, 0xfe, 0xad, 0xfe, 0xad, 0xfe, 0xad, 0xfe,
    0x8d, 0xfe, 0x8d, 0xfe, 0x8c, 0xfe, 0x8c, 0xfe, 0x8c, 0xfe, 0x8c, 0xfe,
    0x8c, 0xfe, 0x8c, 0xfe, 0x8c, 0xfe, 0x8c, 0xfe, 0x8c, 0xfe, 0x8c, 0xfe,
    0x8c, 0xfe, 0x8c, 0xfe, 0x6c, 0xfe, 0x6c, 0xfe, 0x6c, 0xfe, 0x6c, 0xfe,
    0x6b, 0xfe, 0x6b, 0xfe, 0x6b, 0xfe, 0x6b, 0xfe, 0x6b, 0xfe, 0x6b, 0xfe,
    0x6b, 0xfe, 0x6b, 0xfe, 0x6b, 0xfe, 0x6b, 0xfe, 0x4b, 0xfe, 0x4b, 0xfe,
    0x4b, 0xfe, 0x4b, 0xfe, 0x4a, 0xfe, 0x4a, 0xfe, 0x4a, 0xfe, 0x4a, 0xfe,
    0x4a, 0xfe, 0x4a, 0xfe, 0x4a, 0xfe, 0x4a, 0xfe, 0x2a, 0xfe, 0x2a, 0xfe,
    0x2a, 0xfe, 0x2a, 0xfe, 0x2a, 0xfe, 0x2a, 0xfe, 0x2a, 0xfe, 0x2a, 0xfe,
    0x29, 0xfe, 0x29, 0xfe, 0x29, 0xfe, 0x29, 0xfe, 0x29, 0xf6, 0x29, 0xfe,
    0x09, 0xf6, 0x09, 0xfe, 0x09, 0xf6, 0x09, 0xf6, 0x09, 0xf6, 0x09, 0xf6,
    0x09, 0xf6, 0x09, 0xf6, 0x08, 0xf6, 0x08, 0xf6, 0x08, 0xf6, 0x08, 0xf6,
    0x08, 0xf6, 0x08, 0xf6, 0xe8, 0xf5, 0xe8, 0xf5, 0xe8, 0xf5, 0xe8, 0xf5,
    0xe8, 0xf5, 0xe8, 0xf5, 0xe8, 0xf5, 0xe8, 0xf5, 0xe8, 0xf5, 0xe8, 0xf5,
    0xe7, 0xf5, 0xe7, 0xf5, 0xc7, 0xf5, 0xc7, 0xf5, 0xc7, 0xf5, 0xc7, 0xf5,
    0xc7, 0xf5, 0xc7, 0xf5, 0xc7, 0xf5, 0xc7, 0xf5, 0xc7, 0xf5, 0xc7, 0xf5,
    0xc7, 0xf5, 0xc7, 0xf5, 0xc7, 0xf5, 0xc6, 0xf5, 0xa6, 0xf5, 0xa6, 0xf5,
    0xa6, 0xf5, 0xa6, 0xf5, 0xa6, 0xf5, 0xa6, 0xf5, 0xa6, 0xf5, 0xa6, 0xf5,
    0xa6, 0xf5, 0xa6, 0xf5, 0xa6, 0xf5, 0xa6, 0xf5, 0xa6, 0xf5, 0xa6, 0xf5,
    0xef, 0xfe, 0xef, 0xfe, 0xef, 0xfe, 0xef, 0xfe, 0xef, 0xfe, 0xef, 0xfe,
    0xef, 0xfe, 0xef, 0xfe, 0xef, 0xfe, 0xef, 0xfe, 0xef, 0xfe, 0xee, 0xfe,
    0xce, 0xfe, 0xce, 0xfe, 0xce, 0xfe, 0xce, 0xfe, 0xce, 0xfe, 0xce, 0xfe,
    0xce, 0xfe, 0xce, 0xfe, 0xce, 0xfe, 0xce, 0xfe, 0xce, 0xfe, 0xce, 0xfe,
    0xce, 0xfe, 0xce, 0xfe, 0xad, 0xfe, 0xad, 0xfe, 0xad, 0xfe, 0xad, 0xfe,
    0xad, 0xfe, 0xad, 0xfe, 0xad, 0xfe, 0xad, 0xfe, 0xad, 0xfe, 0xad, 0xfe,
    0xad, 0xfe, 0xad, 0xfe, 0xad, 0xfe, 0xad, 0xfe, 0x8d, 0xfe, 0x8d, 0xfe,
    0x8c, 0xfe, 0x8c, 0xfe, 0x8c, 0xfe, 0x8c, 0xfe, 0x8c, 0xfe, 0x8c, 0xfe,
    0x8c, 0xfe, 0x8c, 0xfe, 0x8c, 0xfe, 0x8c, 0xfe, 0x6c, 0xfe, 0x6c, 0xfe,
    0x6c, 0xfe, 0x6c, 0xfe, 0x6b, 0xfe, 0x6b, 0xfe, 0x6b, 0xfe, 0x6b, 0xfe,
    0x6b, 0xfe, 0x6b, 0xfe, 0x6b, 0xfe, 0x6b, 0xfe, 0x6b, 0xfe, 0x6b, 0xfe,
    0x4b, 0xfe, 0x4b, 0xfe, 0x4b, 0xfe, 0x4b, 0xfe, 0x4b, 0xfe, 0x4b, 0xfe,
    0x4a, 0xfe, 0x4a, 0xfe, 0x4a, 0xfe, 0x4a, 0xfe, 0x4a, 0xfe, 0x4a, 0xfe,
    0x4a, 0xfe, 0x4a, 0xfe, 0x2a, 0xf6, 0x2a, 0xfe, 0x2a, 0xf6, 0x2a, 0xfe,
    0x2a, 0xf6, 0x2a, 0xf6, 0x2a, 0xf6, 0x29, 0xf6, 0x29, 0xf6, 0x29, 0xf6,
    0x29, 0xf6, 0x29, 0xf6, 0x09, 0xf6, 0x09, 0xf6, 0x09, 0xf6, 0x09, 0xf6,
    0x09, 0xf6, 0x09, 0xf6, 0x09, 0xf6, 0x09, 0xf6, 0x09, 0xf6, 0x09, 0xf6,
    0x08, 0xf6, 0x08, 0xf6, 0x08, 0xf6, 0x08, 0xf6, 0xe8, 0xf5, 0xe8, 0xf5,
    0xe8, 0xf5, 0xe8, 0xf5, 0xe8, 0xf5, 0xe8, 0xf5, 0xe8, 0xf5, 0xe8, 0xf5,
    0xe8, 0xf5, 0xe8, 0xf5, 0xe8, 0xf5, 0xe8, 0xf5, 0xe7, 0xf5, 0xe7, 0xf5,
    0xc7, 0xf5, 0xc7, 0xf5, 0xc7, 0xf5, 0xc7, 0xf5, 0xc7, 0xf5, 0xc7, 0xf5,
    0xc7, 0xf5, 0xc7, 0xf5, 0xc7, 0xf5, 0xc7, 0xf5, 0xc7, 0xf5, 0xc7, 0xf5,
    0xa6, 0xf5, 0xa6, 0xf5, 0xa6, 0xf5, 0xa6, 0xf5, 0xa6, 0xf5, 0xa6, 0xf5,
    0xa6, 0xf5, 0xa6, 0xf5, 0xa6, 0xf5, 0xa6, 0xf5, 0xa6, 0xf5, 0xa6, 0xf5,
    0xa6, 0xf5, 0xa6, 0xf5, 0x86, 0xf5, 0x86, 0xf5, 0x85, 0xf5, 0x85, 0xf5,
    0xef, 0xfe, 0xef, 0xfe, 0xef, 0xfe, 0xef, 0xfe, 0xef, 0xfe, 0xef, 0xfe,
    0xef, 0xfe, 0xef, 0xfe, 0xef, 0xfe, 0xef, 0xfe, 0xee, 0xfe, 0xee, 0xfe,
    0xce, 0xfe, 0xce, 0xfe, 0xce, 0xfe, 0xce, 0xfe, 0xce, 0xfe, 0xce, 0xfe,
    0xce, 0xfe, 0xce, 0xfe, 0xce, 0xfe, 0xce, 0xfe, 0xce, 0xfe, 0xce, 0xfe,
    0xce, 0xfe, 0xce, 0xfe, 0xad, 0xfe, 0xad, 0xfe, 0xad, 0xfe, 0xad, 0xfe,
    0xad, 0xfe, 0xad, 0xfe, 0xad, 0xfe, 0xad, 0xfe, 0xad, 0xfe, 0xad, 0xfe,
    0xad, 0xfe, 0xad, 0xfe, 0xad, 0xfe, 0xad, 0xfe, 0x8c, 0xfe, 0x8c, 0xfe,
    0x8c, 0xfe, 0x8c, 0xfe, 0x8c, 0xfe, 0x8c, 0xfe, 0x8c, 0xfe, 0x8c, 0xfe,
    0x8c, 0xfe, 0x8c, 0xfe, 0x8c, 0xfe, 0x8c, 0xfe, 0x6c, 0xfe, 0x6c, 0xfe,
    0x6c, 0xfe, 0x6c, 0xfe, 0x6b, 0xfe, 0x6b, 0xfe, 0x6b, 0xfe, 0x6b, 0xfe,
    0x6b, 0xfe, 0x6b, 0xfe, 0x6b, 0xfe, 0x6b, 0xfe, 0x6b, 0xfe, 0x6b, 0xfe,
    0x4b, 0xfe, 0x4b, 0xfe, 0x4b, 0xfe, 0x4b, 0xfe, 0x4b, 0xfe, 0x4a, 0xfe,
    0x4a, 0xfe, 0x4a, 0xfe, 0x4a, 0xfe, 0x4a, 0xfe, 0x4a, 0xfe, 0x4a, 0xfe,
    0x4a, 0xfe, 0x4a, 0xfe, 0x2a, 0xfe, 0x2a, 0xfe, 0x2a, 0xfe, 0x2a, 0xfe,
    0x2a, 0xfe, 0x2a, 0xfe, 0x29, 0xfe, 0x29, 0xfe, 0x29, 0xf6, 0x29, 0xfe,
    0x29, 0xf6, 0x29, 0xfe, 0x09, 0xf6, 0x09, 0xf6, 0x09, 0xf6, 0x09, 0xf6,
    0x09, 0xf6, 0x09, 0xf6, 0x09, 0xf6, 0x09, 0xf6, 0x09, 0xf6, 0x09, 0xf6,
    0x08, 0xf6, 0x08, 0xf6, 0x08, 0xf6, 0x08, 0xf6, 0xe8, 0xf5, 0xe8, 0xf5,
    0xe8, 0xf5, 0xe8, 0xf5, 0xe8, 0xf5, 0xe8, 0xf5, 0xe8, 0xf5, 0xe8, 0xf5,
    0xe8, 0xf5, 0xe8, 0xf5, 0xe7, 0xf5, 0xe7, 0xf5, 0xe7, 0xf5, 0xe7, 0xf5,
    0xc7, 0xf5, 0xc7, 0xf5, 0xc7, 0xf5, 0xc7, 0xf5, 0xc7, 0xf5, 0xc7, 0xf5,
    0xc7, 0xf5, 0xc7, 0xf5, 0xc7, 0xf5, 0xc7, 0xf5, 0xc7, 0xf5, 0xc7, 0xf5,
    0xa6, 0xf5, 0xa6, 0xf5, 0xa6, 0xf5, 0xa6, 0xf5, 0xa6, 0xf5, 0xa6, 0xf5,
    0xa6, 0xf5, 0xa6, 0xf5, 0xa6, 0xf5, 0xa6, 0xf5, 0xa6, 0xf5, 0xa6, 0xf5,
    0xa6, 0xf5, 0xa6, 0xf5, 0x86, 0xf5, 0x85, 0xf5, 0x85, 0xf5, 0x85, 0xf5,
    0xef, 0xfe, 0xef, 0xfe, 0xef, 0xfe, 0xef, 0xfe, 0xef, 0xfe, 0xef, 0xfe,
    0xef, 0xfe, 0xef, 0xfe, 0xee, 0xfe, 0xee, 0xfe, 0xce, 0xfe, 0xce, 0xfe,
    0xce, 0xfe, 0xce, 0xfe, 0xce, 0xfe, 0xce, 0xfe, 0xce, 0xfe, 0xce, 0xfe,
    0xce, 0xfe, 0xce, 0xfe, 0xce, 0xfe, 0xce, 0xfe, 0xce, 0xfe, 0xce, 0xfe,
    0xad, 0xfe, 0xad, 0xfe, 0xad, 0xfe, 0xad, 0xfe, 0xad, 0xfe, 0xad, 0xfe,
    0xad, 0xfe, 0xad, 0xfe, 0xad, 0xfe, 0xad, 0xfe, 0xad, 0xfe, 0xad, 0xfe,
    0x8d, 0xfe, 0x8d, 0xfe, 0x8c, 0xfe, 0x8c, 0xfe, 0x8c, 0xfe, 0x8c, 0xfe,
    0x8c, 0xfe, 0x8c, 0xfe, 0x8c, 0xfe, 0x8c, 0xfe, 0x8c, 0xfe, 0x8c, 0xfe,
    0x8c, 0xfe, 0x8c, 0xfe, 0x6c, 0xfe, 0x6c, 0xfe, 0x6c, 0xfe, 0x6c, 0xfe,
    0x6b, 0xfe, 0x6b, 0xfe, 0x6b, 0xfe, 0x6b, 0xfe, 0x6b, 0xfe, 0x6b, 0xfe,
    0x6b, 0xfe, 0x6b, 0xfe, 0x6b, 0xfe, 0x6b, 0xfe, 0x4b, 0xfe, 0x4b, 0xfe,
    0x4b, 0xfe, 0x4b, 0xfe, 0x4b, 0xfe, 0x4a, 0xfe, 0x4a, 0xfe, 0x4a, 0xfe,
    0x4a, 0xfe, 0x4a, 0xfe, 0x4a, 0xfe, 0x4a, 0xfe, 0x2a, 0xfe, 0x2a, 0xfe,
    0x2a, 0xfe, 0x2a, 0xfe, 0x2a, 0xf6, 0x2a, 0xfe, 0x2a, 0xf6, 0x2a, 0xfe,
    0x29, 0xf6, 0x29, 0xf6, 0x29, 0xf6, 0x29, 0xf6, 0x29, 0xf6, 0x29, 0xf6,
    0x09, 0xf6, 0x09, 0xf6, 0x09, 0xf6, 0x09, 0xf6, 0x09, 0xf6, 0x09, 0xf6,
    0x09, 0xf6, 0x09, 0xf6, 0x09, 0xf6, 0x09, 0xf6, 0x08, 0xf6, 0x08, 0xf6,
    0x08, 0xf6, 0x08, 0xf6, 0xe8, 0xf5, 0xe8, 0xf5, 0xe8, 0xf5, 0xe8, 0xf5,
    0xe8, 0xf5, 0xe8, 0xf5, 0xe8, 0xf5, 0xe8, 0xf5, 0xe8, 0xf5, 0xe8, 0xf5,
    0xe7, 0xf5, 0xe7, 0xf5, 0xc7, 0xf5, 0xc7, 0xf5, 0xc7, 0xf5, 0xc7, 0xf5,
    0xc7, 0xf5, 0xc7, 0xf5, 0xc7, 0xf5, 0xc7, 0xf5, 0xc7, 0xf5, 0xc7, 0xf5,
    0xc7, 0xf5, 0xc7, 0xf5, 0xc7, 0xf5, 0xc7, 0xf5, 0xa6, 0xf5, 0xa6, 0xf5,
    0xa6, 0xf5, 0xa6, 0xf5, 0xa6, 0xf5, 0xa6, 0xf5, 0xa6, 0xf5, 0xa6, 0xf5,
    0xa6, 0xf5, 0xa6, 0xf5, 0xa6, 0xf5, 0xa6, 0xf5, 0xa6, 0xf5, 0xa6, 0xf5,
    0x86, 0xf5, 0x85, 0xf5, 0x85, 0xf5, 0x85, 0xf5, 0x85, 0xf5, 0x85, 0xf5,
    0xef, 0xfe, 0xef, 0xfe, 0xef, 0xfe, 0xef, 0xfe, 0xef, 0xfe, 0xef, 0xfe,
    0xef, 0xfe, 0xef, 0xfe, 0xee, 0xfe, 0xee, 0xfe, 0xce, 0xfe, 0xce, 0xfe,
    0xce, 0xfe, 0xce, 0xfe, 0xce, 0xfe, 0xce, 0xfe, 0xce, 0xfe, 0xce, 0xfe,
    0xce, 0xfe, 0xce, 0xfe, 0xce, 0xfe, 0xce, 0xfe, 0xce, 0xfe, 0xcd, 0xfe,
    0xad, 0xfe, 0xad, 0xfe, 0xad, 0xfe, 0xad, 0xfe, 0xad, 0xfe, 0xad, 0xfe,
    0xad, 0xfe, 0xad, 0xfe, 0xad, 0xfe, 0xad, 0xfe, 0xad, 0xfe, 0xad, 0xfe,
    0x8d, 0xfe, 0x8d, 0xfe, 0x8c, 0xfe, 0x8c, 0xfe, 0x8c, 0xfe, 0x8c, 0xfe,
    0x8c, 0xfe, 0x8c, 0xfe, 0x8c, 0xfe, 0x8c, 0xfe, 0x8c, 0xfe, 0x8c, 0xfe,
    0x8c, 0xfe, 0x8c, 0xfe, 0x6c, 0xfe, 0x6c, 0xfe, 0x6c, 0xfe, 0x6b, 0xfe,
    0x6b, 0xfe, 0x6b, 0xfe, 0x6b, 0xfe, 0x6b, 0xfe, 0x6b, 0xfe, 0x6b, 0xfe,
    0x6b, 0xfe, 0x6b, 0xfe, 0x6b, 0xfe, 0x6b, 0xfe, 0x4b, 0xfe, 0x4b, 0xfe,
    0x4b, 0xfe, 0x4b, 0xfe, 0x4a, 0xfe, 0x4a, 0xfe, 0x4a, 0xfe, 0x4a, 0xfe,
    0x4a, 0xfe, 0x4a, 0xfe, 0x4a, 0xfe, 0x4a, 0xfe, 0x2a, 0xfe, 0x2a, 0xfe,
    0x2a, 0xfe, 0x2a, 0xfe, 0x2a, 0xfe, 0x2a, 0xfe, 0x2a, 0xfe, 0x2a, 0xfe,
    0x29, 0xfe, 0x29, 0xfe, 0x29, 0xfe, 0x29, 0xfe, 0x29, 0xf6, 0x29, 0xfe,
    0x09, 0xf6, 0x09, 0xfe, 0x09, 0xf6, 0x09, 0xf6, 0x09, 0xf6, 0x09, 0xf6,
    0x09, 0xf6, 0x09, 0xf6, 0x09, 0xf6, 0x08, 0xf6, 0x08, 0xf6, 0x08, 0xf6,
    0x08, 0xf6, 0x08, 0xf6, 0xe8, 0xf5, 0xe8, 0xf5, 0xe8, 0xf5, 0xe8, 0xf5,
    0xe8, 0xf5, 0xe8, 0xf5, 0xe8, 0xf5, 0xe8, 0xf5, 0xe8, 0xf5, 0xe8, 0xf5,
    0xe7, 0xf5, 0xe7, 0xf5, 0xc7, 0xf5, 0xc7, 0xf5, 0xc7, 0xf5, 0xc7, 0xf5,
    0xc7, 0xf5, 0xc7, 0xf5, 0xc7, 0xf5, 0xc7, 0xf5, 0xc7, 0xf5, 0xc7, 0xf5,
    0xc7, 0xf5, 0xc7, 0xf5, 0xc7, 0xf5, 0xc6, 0xf5, 0xa6, 0xf5, 0xa6, 0xf5,
    0xa6, 0xf5, 0xa6, 0xf5, 0xa6, 0xf5, 0xa6, 0xf5, 0xa6, 0xf5, 0xa6, 0xf5,
    0xa6, 0xf5, 0xa6, 0xf5, 0xa6, 0xf5, 0xa6, 0xf5, 0xa6, 0xf5, 0xa6, 0xf5,
    0x85, 0xf5, 0x85, 0xf5, 0x85, 0xf5, 0x85, 0xf5, 0x85, 0xf5, 0x85, 0xf5,
    0xef, 0xfe, 0xef, 0xfe, 0xef, 0xfe, 0xef, 0xfe, 0xef, 0xfe, 0xee, 0xfe,
    0xce, 0xfe, 0xce, 0xfe, 0xce, 0xfe, 0xce, 0xfe, 0xce, 0xfe, 0xce, 0xfe,
    0xce, 0xfe, 0xce, 0xfe, 0xce, 0xfe, 0xce, 0xfe, 0xce, 0xfe, 0xce, 0xfe,
    0xce, 0xfe, 0xce, 0xfe, 0xad, 0xfe, 0xad, 0xfe, 0xad, 0xfe, 0xad, 0xfe,
    0xad, 0xfe, 0xad, 0xfe, 0xad, 0xfe, 0xad, 0xfe, 0xad, 0xfe, 0xad, 0xfe,
    0xad, 0xfe, 0xad, 0xfe, 0x8d, 0xfe, 0x8d, 0xfe, 0x8d, 0xfe, 0x8c, 0xfe,
    0x8c, 0xfe, 0x8c, 0xfe, 0x8c, 0xfe, 0x8c, 0xfe, 0x8c, 0xfe, 0x8c, 0xfe,
    0x8c, 0xfe, 0x8c, 0xfe, 0x8c, 0xfe, 0x8c, 0xfe, 0x6c, 0xfe, 0x6c, 0xfe,
    0x6c, 0xfe, 0x6c, 0xfe, 0x6b, 0xfe, 0x6b, 0xfe, 0x6b, 0xfe, 0x6b, 0xfe,
    0x6b, 0xfe, 0x6b, 0xfe, 0x6b, 0xfe, 0x6b, 0xfe, 0x6b, 0xfe, 0x6b, 0xfe,
    0x4b, 0xfe, 0x4b, 0xfe, 0x4b, 0xfe, 0x4b, 0xfe, 0x4b, 0xfe, 0x4b, 0xfe,
    0x4a, 0xfe, 0x4a, 0xfe, 0x4a, 0xfe, 0x4a, 0xfe, 0x4a, 0xfe, 0x4a, 0xfe,
    0x2a, 0xf6, 0x2a, 0xfe, 0x2a, 0xf6, 0x2a, 0xfe, 0x2a, 0xf6, 0x2a, 0xfe,
    0x2a, 0xf6, 0x2a, 0xf6, 0x29, 0xf6, 0x29, 0xf6, 0x29, 0xf6, 0x29, 0xf6,
    0x29, 0xf6, 0x29, 0xf6, 0x09, 0xf6, 0x09, 0xf6, 0x09, 0xf6, 0x09, 0xf6,
    0x09, 0xf6, 0x09, 0xf6, 0x09, 0xf6, 0x09, 0xf6, 0x09, 0xf6, 0x09, 0xf6,
    0x08, 0xf6, 0x08, 0xf6, 0x08, 0xf6, 0x08, 0xf6, 0xe8, 0xf5, 0xe8, 0xf5,
    0xe8, 0xf5, 0xe8, 0xf5, 0xe8, 0xf5, 0xe8, 0xf5, 0xe8, 0xf5, 0xe8, 0xf5,
    0xe8, 0xf5, 0xe8, 0xf5, 0xe8, 0xf5, 0xe7, 0xf5, 0xc7, 0xf5, 0xc7, 0xf5,
    0xc7, 0xf5, 0xc7, 0xf5, 0xc7, 0xf5, 0xc7, 0xf5, 0xc7, 0xf5, 0xc7, 0xf5,
    0xc7, 0xf5, 0xc7, 0xf5, 0xc7, 0xf5, 0xc7, 0xf5, 0xc7, 0xf5, 0xc7, 0xf5,
    0xa6, 0xf5, 0xa6, 0xf5, 0xa6, 0xf5, 0xa6, 0xf5, 0xa6, 0xf5, 0xa6, 0xf5,
    0xa6, 0xf5, 0xa6, 0xf5, 0xa6, 0xf5, 0xa6, 0xf5, 0xa6, 0xf5, 0xa6, 0xf5,
    0xa6, 0xf5, 0xa6, 0xf5, 0x86, 0xf5, 0x86, 0xf5, 0x85, 0xf5, 0x85, 0xf5,
    0x85, 0xf5, 0x85, 0xf5, 0x85, 0xf5, 0x85, 0xf5, 0x85, 0xf5, 0x85, 0xf5,
    0xef, 0xfe, 0xef, 0xfe, 0xef, 0xfe, 0xef, 0xfe, 0xee, 0xfe, 0xee, 0xfe,
    0xce, 0xfe, 0xce, 0xfe, 0xce, 0xfe, 0xce, 0xfe, 0xce, 0xfe, 0xce, 0xfe,
    0xce, 0xfe, 0xce, 0xfe, 0xce, 0xfe, 0xce, 0xfe, 0xce, 0xfe, 0xce, 0xfe,
    0xce, 0xfe, 0xce, 0xfe, 0xad, 0xfe, 0xad, 0xfe, 0xad, 0xfe, 0xad, 0xfe,
    0xad, 0xfe, 0xad, 0xfe, 0xad, 0xfe, 0xad, 0xfe, 0xad, 0xfe, 0xad, 0xfe,
    0xad, 0xfe, 0xad, 0xfe, 0x8d, 0xfe, 0x8d, 0xfe, 0x8c, 0xfe, 0x8c, 0xfe,
    0x8c, 0xfe, 0x8c, 0xfe, 0x8c, 0xfe, 0x8c, 0xfe, 0x8c, 0xfe, 0x8c, 0xfe,
    0x8c, 0xfe, 0x8c, 0xfe, 0x8c, 0xfe, 0x8c, 0xfe, 0x6c, 0xfe, 0x6c, 0xfe,
    0x6c, 0xfe, 0x6c, 0xfe, 0x6b, 0xfe, 0x6b, 0xfe, 0x6b, 0xfe, 0x6b, 0xfe,
    0x6b, 0xfe, 0x6b, 0xfe, 0x6b, 0xfe, 0x6b, 0xfe, 0x6b, 0xfe, 0x6b, 0xfe,
    0x4b, 0xfe, 0x4b, 0xfe, 0x4b, 0xfe, 0x4b, 0xfe, 0x4b, 0xfe, 0x4a, 0xfe,
    0x4a, 0xfe, 0x4a, 0xfe, 0x4a, 0xfe, 0x4a, 0xfe, 0x4a, 0xfe, 0x4a, 0xfe,
    0x2a, 0xfe, 0x2a, 0xfe, 0x2a, 0xfe, 0x2a, 0xfe, 0x2a, 0xfe, 0x2a, 0xfe,
    0x2a, 0xfe, 0x2a, 0xfe, 0x29, 0xfe, 0x29, 0xfe, 0x29, 0xf6, 0x29, 0xfe,
    0x29, 0xf6, 0x29, 0xfe, 0x09, 0xf6, 0x09, 0xf6, 0x09, 0xf6, 0x09, 0xf6,
    0x09, 0xf6, 0x09, 0xf6, 0x09, 0xf6, 0x09, 0xf6, 0x09, 0xf6, 0x09, 0xf6,
    0x08, 0xf6, 0x08, 0xf6, 0x08, 0xf6, 0x08, 0xf6, 0xe8, 0xf5, 0xe8, 0xf5,
    0xe8, 0xf5, 0xe8, 0xf5, 0xe8, 0xf5, 0xe8, 0xf5, 0xe8, 0xf5, 0xe8, 0xf5,
    0xe8, 0xf5, 0xe8, 0xf5, 0xe7, 0xf5, 0xe7, 0xf5, 0xc7, 0xf5, 0xc7, 0xf5,
    0xc7, 0xf5, 0xc7, 0xf5, 0xc7, 0xf5, 0xc7, 0xf5, 0xc7, 0xf5, 0xc7, 0xf5,
    0xc7, 0xf5, 0xc7, 0xf5, 0xc7, 0xf5, 0xc7, 0xf5, 0xc7, 0xf5, 0xc7, 0xf5,
    0xa6, 0xf5, 0xa6, 0xf5, 0xa6, 0xf5, 0xa6, 0xf5, 0xa6, 0xf5, 0xa6, 0xf5,
    0xa6, 0xf5, 0xa6, 0xf5, 0xa6, 0xf5, 0xa6, 0xf5, 0xa6, 0xf5, 0xa6, 0xf5,
    0xa6, 0xf5, 0xa6, 0xf5, 0x86, 0xf5, 0x85, 0xf5, 0x85, 0xf5, 0x85, 0xf5,
    0x85, 0xf5, 0x85, 0xf5, 0x85, 0xf5, 0x85, 0xf5, 0x85, 0xf5, 0x85, 0xf5,
    0xef, 0xfe, 0xef, 0xfe, 0xee, 0xfe, 0xee, 0xfe, 0xce, 0xfe, 0xce, 0xfe,
    0xce, 0xfe, 0xce, 0xfe, 0xce, 0xfe, 0xce, 0xfe, 0xce, 0xfe, 0xce, 0xfe,
    0xce, 0xfe, 0xce, 0xfe, 0xce, 0xfe, 0xce, 0xfe, 0xae, 0xfe, 0xad, 0xfe,
    0xad, 0xfe, 0xad, 0xfe, 0xad, 0xfe, 0xad, 0xfe, 0xad, 0xfe, 0xad, 0xfe,
    0xad, 0xfe, 0xad, 0xfe, 0xad, 0xfe, 0xad, 0xfe, 0xad, 0xfe, 0xad, 0xfe,
    0x8d, 0xfe, 0x8d, 0xfe, 0x8c, 0xfe, 0x8c, 0xfe, 0x8c, 0xfe, 0x8c, 0xfe,
    0x8c, 0xfe, 0x8c, 0xfe, 0x8c, 0xfe, 0x8c, 0xfe, 0x8c, 0xfe, 0x8c, 0xfe,
    0x8c, 0xfe, 0x8c, 0xfe, 0x6c, 0xfe, 0x6c, 0xfe, 0x6c, 0xfe, 0x6c, 0xfe,
    0x6b, 0xfe, 0x6b, 0xfe, 0x6b, 0xfe, 0x6b, 0xfe, 0x6b, 0xfe, 0x6b, 0xfe,
    0x6b, 0xfe, 0x6b, 0xfe, 0x4b, 0xfe, 0x4b, 0xfe, 0x4b, 0xfe, 0x4b, 0xfe,
    0x4b, 0xfe, 0x4b, 0xfe, 0x4b, 0xfe, 0x4a, 0xfe, 0x4a, 0xfe, 0x4a, 0xfe,
    0x4a, 0xfe, 0x4a, 0xfe, 0x4a, 0xfe, 0x4a, 0xfe, 0x2a, 0xfe, 0x2a, 0xfe,
    0x2a, 0xf6, 0x2a, 0xfe, 0x2a, 0xf6, 0x2a, 0xfe, 0x2a, 0xf6, 0x2a, 0xf6,
    0x29, 0xf6, 0x29, 0xf6, 0x29, 0xf6, 0x29, 0xf6, 0x29, 0xf6, 0x29, 0xf6,
    0x09, 0xf6, 0x09, 0xf6, 0x09, 0xf6, 0x09, 0xf6, 0x09, 0xf6, 0x09, 0xf6,
    0x09, 0xf6, 0x09, 0xf6, 0x09, 0xf6, 0x08, 0xf6, 0x08, 0xf6, 0x08, 0xf6,
    0xe8, 0xf5, 0xe8, 0xf5, 0xe8, 0xf5, 0xe8, 0xf5, 0xe8, 0xf5, 0xe8, 0xf5,
    0xe8, 0xf5, 0xe8, 0xf5, 0xe8, 0xf5, 0xe8, 0xf5, 0xe8, 0xf5, 0xe8, 0xf5,
    0xe7, 0xf5, 0xe7, 0xf5, 0xc7, 0xf5, 0xc7, 0xf5, 0xc7, 0xf5, 0xc7, 0xf5,
    0xc7, 0xf5, 0xc7, 0xf5, 0xc7, 0xf5, 0xc7, 0xf5, 0xc7, 0xf5, 0xc7, 0xf5,
    0xc7, 0xf5, 0xc7, 0xf5, 0xc7, 0xf5, 0xc7, 0xf5, 0xa6, 0xf5, 0xa6, 0xf5,
    0xa6, 0xf5, 0xa6, 0xf5, 0xa6, 0xf5, 0xa6, 0xf5, 0xa6, 0xf5, 0xa6, 0xf5,
    0xa6, 0xf5, 0xa6, 0xf5, 0xa6, 0xf5, 0xa6, 0xf5, 0x86, 0xf5, 0x86, 0xf5,
    0x85, 0xf5, 0x85, 0xf5, 0x85, 0xf5, 0x85, 0xf5, 0x85, 0xf5, 0x85, 0xf5,
    0x85, 0xf5, 0x85, 0xf5, 0x85, 0xf5, 0x85, 0xf5, 0x85, 0xf5, 0x85, 0xf5,
    0xef, 0xfe, 0xef, 0xfe, 0xee, 0xfe, 0xee, 0xfe, 0xce, 0xfe, 0xce, 0xfe,
    0xce, 0xfe, 0xce, 0xfe, 0xce, 0xfe, 0xce, 0xfe, 0xce, 0xfe, 0xce, 0xfe,
    0xce, 0xfe, 0xce, 0xfe, 0xce, 0xfe, 0xce, 0xfe, 0xad, 0xfe, 0xad, 0xfe,
    0xad, 0xfe, 0xad, 0xfe, 0xad, 0xfe, 0xad, 0xfe, 0xad, 0xfe, 0xad, 0xfe,
    0xad, 0xfe, 0xad, 0xfe, 0xad, 0xfe, 0xad, 0xfe, 0xad, 0xfe, 0xad, 0xfe,
    0x8d, 0xfe, 0x8d, 0xfe, 0x8c, 0xfe, 0x8c, 0xfe, 0x8c, 0xfe, 0x8c, 0xfe,
    0x8c, 0xfe, 0x8c, 0xfe, 0x8c, 0xfe, 0x8c, 0xfe, 0x8c, 0xfe, 0x8c, 0xfe,
    0x8c, 0xfe, 0x8c, 0xfe, 0x6c, 0xfe, 0x6c, 0xfe, 0x6c, 0xfe, 0x6b, 0xfe,
    0x6b, 0xfe, 0x6b, 0xfe, 0x6b, 0xfe, 0x6b, 0xfe, 0x6b, 0xfe, 0x6b, 0xfe,
    0x6b, 0xfe, 0x6b, 0xfe, 0x4b, 0xfe, 0x4b, 0xfe, 0x4b, 0xfe, 0x4b, 0xfe,
    0x4b, 0xfe, 0x4b, 0xfe, 0x4a, 0xfe, 0x4a, 0xfe, 0x4a, 0xfe, 0x4a, 0xfe,
    0x4a, 0xfe, 0x4a, 0xfe, 0x4a, 0xfe, 0x4a, 0xfe, 0x2a, 0xfe, 0x2a, 0xfe,
    0x2a, 0xfe, 0x2a, 0xfe, 0x2a, 0xfe, 0x2a, 0xfe, 0x2a, 0xfe, 0x29, 0xfe,
    0x29, 0xfe, 0x29, 0xfe, 0x29, 0xf6, 0x29, 0xfe, 0x29, 0xf6, 0x29, 0xfe,
    0x09, 0xf6, 0x09, 0xfe, 0x09, 0xf6, 0x09, 0xf6, 0x09, 0xf6, 0x09, 0xf6,
    0x09, 0xf6, 0x09, 0xf6, 0x08, 0xf6, 0x08, 0xf6, 0x08, 0xf6, 0x08, 0xf6,
    0xe8, 0xf5, 0xe8, 0xf5, 0xe8, 0xf5, 0xe8, 0xf5, 0xe8, 0xf5, 0xe8, 0xf5,
    0xe8, 0xf5, 0xe8, 0xf5, 0xe8, 0xf5, 0xe8, 0xf5, 0xe8, 0xf5, 0xe8, 0xf5,
    0xe7, 0xf5, 0xe7, 0xf5, 0xc7, 0xf5, 0xc7, 0xf5, 0xc7, 0xf5, 0xc7, 0xf5,
    0xc7, 0xf5, 0xc7, 0xf5, 0xc7, 0xf5, 0xc7, 0xf5, 0xc7, 0xf5, 0xc7, 0xf5,
    0xc7, 0xf5, 0xc7, 0xf5, 0xc7, 0xf5, 0xc6, 0xf5, 0xa6, 0xf5, 0xa6, 0xf5,
    0xa6, 0xf5, 0xa6, 0xf5, 0xa6, 0xf5, 0xa6, 0xf5, 0xa6, 0xf5, 0xa6, 0xf5,
    0xa6, 0xf5, 0xa6, 0xf5, 0xa6, 0xf5, 0xa6, 0xf5, 0x86, 0xf5, 0x86, 0xf5,
    0x85, 0xf5, 0x85, 0xf5, 0x85, 0xf5, 0x85, 0xf5, 0x85, 0xf5, 0x85, 0xf5,
    0x85, 0xf5, 0x85, 0xf5, 0x85, 0xf5, 0x85, 0xf5, 0x85, 0xf5, 0x85, 0xf5,
    0xce, 0xfe, 0xce, 0xfe, 0xce, 0xfe, 0xce, 0xfe, 0xce, 0xfe, 0xce, 0xfe,
    0xce, 0xfe, 0xce, 0xfe, 0xce, 0xfe, 0xce, 0xfe, 0xce, 0xfe, 0xce, 0xfe,
    0xce, 0xfe, 0xce, 0xfe, 0xad, 0xfe, 0xad, 0xfe, 0xad, 0xfe, 0xad, 0xfe,
    0xad, 0xfe, 0xad, 0xfe, 0xad, 0xfe, 0xad, 0xfe, 0xad, 0xfe, 0xad, 0xfe,
    0xad, 0xfe, 0xad, 0xfe, 0x8d, 0xfe, 0x8d, 0xfe, 0x8d, 0xfe, 0x8c, 0xfe,
    0x8c, 0xfe, 0x8c, 0xfe, 0x8c, 0xfe, 0x8c, 0xfe, 0x8c, 0xfe, 0x8c, 0xfe,
    0x8c, 0xfe, 0x8c, 0xfe, 0x8c, 0xfe, 0x8c, 0xfe, 0x6c, 0xfe, 0x6c, 0xfe,
    0x6c, 0xfe, 0x6c, 0xfe, 0x6b, 0xfe, 0x6b, 0xfe, 0x6b, 0xfe, 0x6b, 0xfe,
    0x6b, 0xfe, 0x6b, 0xfe, 0x6b, 0xfe, 0x6b, 0xfe, 0x6b, 0xfe, 0x6b, 0xfe,
    0x4b, 0xfe, 0x4b, 0xfe, 0x4b, 0xfe, 0x4b, 0xfe, 0x4b, 0xfe, 0x4b, 0xfe,
    0x4a, 0xfe, 0x4a, 0xfe, 0x4a, 0xfe, 0x4a, 0xfe, 0x4a, 0xfe, 0x4a, 0xfe,
    0x2a, 0xfe, 0x2a, 0xfe, 0x2a, 0xf6, 0x2a, 0xfe, 0x2a, 0xf6, 0x2a, 0xfe,
    0x2a, 0xf6, 0x2a, 0xf6, 0x29, 0xf6, 0x29, 0xf6, 0x29, 0xf6, 0x29, 0xf6,
    0x29, 0xf6, 0x29, 0xf6, 0x09, 0xf6, 0x09, 0xf6, 0x09, 0xf6, 0x09, 0xf6,
    0x09, 0xf6, 0x09, 0xf6, 0x09, 0xf6, 0x09, 0xf6, 0x09, 0xf6, 0x09, 0xf6,
    0x08, 0xf6, 0x08, 0xf6, 0x08, 0xf6, 0x08, 0xf6, 0xe8, 0xf5, 0xe8, 0xf5,
    0xe8, 0xf5, 0xe8, 0xf5, 0xe8, 0xf5, 0xe8, 0xf5, 0xe8, 0xf5, 0xe8, 0xf5,
    0xe8, 0xf5, 0xe8, 0xf5, 0xe8, 0xf5, 0xe7, 0xf5, 0xc7, 0xf5, 0xc7, 0xf5,
    0xc7, 0xf5, 0xc7, 0xf5, 0xc7, 0xf5, 0xc7, 0xf5, 0xc7, 0xf5, 0xc7, 0xf5,
    0xc7, 0xf5, 0xc7, 0xf5, 0xc7, 0xf5, 0xc7, 0xf5, 0xc7, 0xf5, 0xc7, 0xf5,
    0xa6, 0xf5, 0xa6, 0xf5, 0xa6, 0xf5, 0xa6, 0xf5, 0xa6, 0xf5, 0xa6, 0xf5,
    0xa6, 0xf5, 0xa6, 0xf5, 0xa6, 0xf5, 0xa6, 0xf5, 0xa6, 0xf5, 0xa6, 0xf5,
    0xa6, 0xf5, 0xa6, 0xf5, 0x86, 0xf5, 0x86, 0xf5, 0x85, 0xf5, 0x85, 0xf5,
    0x85, 0xf5, 0x85, 0xf5, 0x85, 0xf5, 0x85, 0xf5, 0x85, 0xf5, 0x85, 0xf5,
    0x85, 0xf5, 0x85, 0xf5, 0x65, 0xf5, 0x65, 0xf5, 0x65, 0xf5, 0x65, 0xf5,
    0xce, 0xfe, 0xce, 0xfe, 0xce, 0xfe, 0xce, 0xfe, 0xce, 0xfe, 0xce, 0xfe,
    0xce, 0xfe, 0xce, 0xfe, 0xce, 0xfe, 0xce, 0xfe, 0xce, 0xfe, 0xce, 0xfe,
    0xce, 0xfe, 0xcd, 0xfe, 0xad, 0xfe, 0xad, 0xfe, 0xad, 0xfe, 0xad, 0xfe,
    0xad, 0xfe, 0xad, 0xfe, 0xad, 0xfe, 0xad, 0xfe, 0xad, 0xfe, 0xad, 0xfe,
    0xad, 0xfe, 0xad, 0xfe, 0xad, 0xfe, 0x8d, 0xfe, 0x8c, 0xfe, 0x8c, 0xfe,
    0x8c, 0xfe, 0x8c, 0xfe, 0x8c, 0xfe, 0x8c, 0xfe, 0x8c, 0xfe, 0x8c, 0xfe,
    0x8c, 0xfe, 0x8c, 0xfe, 0x8c, 0xfe, 0x8c, 0xfe, 0x6c, 0xfe, 0x6c, 0xfe,
    0x6c, 0xfe, 0x6c, 0xfe, 0x6b, 0xfe, 0x6b, 0xfe, 0x6b, 0xfe, 0x6b, 0xfe,
    0x6b, 0xfe, 0x6b, 0xfe, 0x6b, 0xfe, 0x6b, 0xfe, 0x6b, 0xfe, 0x6b, 0xfe,
    0x4b, 0xfe, 0x4b, 0xfe, 0x4b, 0xfe, 0x4b, 0xfe, 0x4b, 0xfe, 0x4a, 0xfe,
    0x4a, 0xfe, 0x4a, 0xfe, 0x4a, 0xfe, 0x4a, 0xfe, 0x4a, 0xfe, 0x4a, 0xfe,
    0x4a, 0xfe, 0x2a, 0xfe, 0x2a, 0xfe, 0x2a, 0xfe, 0x2a, 0xfe, 0x2a, 0xfe,
    0x2a, 0xfe, 0x2a, 0xfe, 0x29, 0xfe, 0x29, 0xfe, 0x29, 0xf6, 0x29, 0xfe,
    0x29, 0xf6, 0x29, 0xfe, 0x09, 0xf6, 0x09, 0xf6, 0x09, 0xf6, 0x09, 0xf6,
    0x09, 0xf6, 0x09, 0xf6, 0x09, 0xf6, 0x09, 0xf6, 0x09, 0xf6, 0x08, 0xf6,
    0x08, 0xf6, 0x08, 0xf6, 0x08, 0xf6, 0x08, 0xf6, 0xe8, 0xf5, 0xe8, 0xf5,
    0xe8, 0xf5, 0xe8, 0xf5, 0xe8, 0xf5, 0xe8, 0xf5, 0xe8, 0xf5, 0xe8, 0xf5,
    0xe8, 0xf5, 0xe8, 0xf5, 0xe7, 0xf5, 0xe7, 0xf5, 0xe7, 0xf5, 0xc7, 0xf5,
    0xc7, 0xf5, 0xc7, 0xf5, 0xc7, 0xf5, 0xc7, 0xf5, 0xc7, 0xf5, 0xc7, 0xf5,
    0xc7, 0xf5, 0xc7, 0xf5, 0xc7, 0xf5, 0xc7, 0xf5, 0xc7, 0xf5, 0xc7, 0xf5,
    0xa6, 0xf5, 0xa6, 0xf5, 0xa6, 0xf5, 0xa6, 0xf5, 0xa6, 0xf5, 0xa6, 0xf5,
    0xa6, 0xf5, 0xa6, 0xf5, 0xa6, 0xf5, 0xa6, 0xf5, 0xa6, 0xf5, 0xa6, 0xf5,
    0xa6, 0xf5, 0xa6, 0xf5, 0x86, 0xf5, 0x85, 0xf5, 0x85, 0xf5, 0x85, 0xf5,
    0x85, 0xf5, 0x85, 0xf5, 0x85, 0xf5, 0x85, 0xf5, 0x85, 0xf5, 0x85, 0xf5,
    0x85, 0xf5, 0x85, 0xf5, 0x85, 0xf5, 0x65, 0xf5, 0x65, 0xf5, 0x65, 0xf5,
    0xce, 0xfe, 0xce, 0xfe, 0xce, 0xfe, 0xce, 0xfe, 0xce, 0xfe, 0xce, 0xfe,
    0xce, 0xfe, 0xce, 0xfe, 0xce, 0xfe, 0xce, 0xfe, 0xae, 0xfe, 0xad, 0xfe,
    0xad, 0xfe, 0xad, 0xfe, 0xad, 0xfe, 0xad, 0xfe, 0xad, 0xfe, 0xad, 0xfe,
    0xad, 0xfe, 0xad, 0xfe, 0xad, 0xfe, 0xad, 0xfe, 0xad, 0xfe, 0xad, 0xfe,
    0x8d, 0xfe, 0x8d, 0xfe, 0x8c, 0xfe, 0x8c, 0xfe, 0x8c, 0xfe, 0x8c, 0xfe,
    0x8c, 0xfe, 0x8c, 0xfe, 0x8c, 0xfe, 0x8c, 0xfe, 0x8c, 0xfe, 0x8c, 0xfe,
    0x8c, 0xfe, 0x8c, 0xfe, 0x6c, 0xfe, 0x6c, 0xfe, 0x6c, 0xfe, 0x6c, 0xfe,
    0x6b, 0xfe, 0x6b, 0xfe, 0x6b, 0xfe, 0x6b, 0xfe, 0x6b, 0xfe, 0x6b, 0xfe,
    0x6b, 0xfe, 0x6b, 0xfe, 0x4b, 0xfe, 0x4b, 0xfe, 0x4b, 0xfe, 0x4b, 0xfe,
    0x4b, 0xfe, 0x4b, 0xfe, 0x4a, 0xfe, 0x4a, 0xfe, 0x4a, 0xfe, 0x4a, 0xfe,
    0x4a, 0xfe, 0x4a, 0xfe, 0x4a, 0xfe, 0x4a, 0xfe, 0x2a, 0xfe, 0x2a, 0xfe,
    0x2a, 0xfe, 0x2a, 0xfe, 0x2a, 0xf6, 0x2a, 0xfe, 0x2a, 0xf6, 0x2a, 0xfe,
    0x29, 0xf6, 0x29, 0xf6, 0x29, 0xf6, 0x29, 0xf6, 0x29, 0xf6, 0x29, 0xf6,
    0x09, 0xf6, 0x09, 0xf6, 0x09, 0xf6, 0x09, 0xf6, 0x09, 0xf6, 0x09, 0xf6,
    0x09, 0xf6, 0x09, 0xf6, 0x09, 0xf6, 0x08, 0xf6, 0x08, 0xf6, 0x08, 0xf6,
    0xe8, 0xf5, 0xe8, 0xf5, 0xe8, 0xf5, 0xe8, 0xf5, 0xe8, 0xf5, 0xe8, 0xf5,
    0xe8, 0xf5, 0xe8, 0xf5, 0xe8, 0xf5, 0xe8, 0xf5, 0xe8, 0xf5, 0xe8, 0xf5,
    0xe7, 0xf5, 0xe7, 0xf5, 0xc7, 0xf5, 0xc7, 0xf5, 0xc7, 0xf5, 0xc7, 0xf5,
    0xc7, 0xf5, 0xc7, 0xf5, 0xc7, 0xf5, 0xc7, 0xf5, 0xc7, 0xf5, 0xc7, 0xf5,
    0xc7, 0xf5, 0xc7, 0xf5, 0xc7, 0xf5, 0xc7, 0xf5, 0xa6, 0xf5, 0xa6, 0xf5,
    0xa6, 0xf5, 0xa6, 0xf5, 0xa6, 0xf5, 0xa6, 0xf5, 0xa6, 0xf5, 0xa6, 0xf5,
    0xa6, 0xf5, 0xa6, 0xf5, 0xa6, 0xf5, 0xa6, 0xf5, 0x86, 0xf5, 0x86, 0xf5,
    0x85, 0xf5, 0x85, 0xf5, 0x85, 0xf5, 0x85, 0xf5, 0x85, 0xf5, 0x85, 0xf5,
    0x85, 0xf5, 0x85, 0xf5, 0x85, 0xf5, 0x85, 0xf5, 0x85, 0xf5, 0x85, 0xf5,
    0x65, 0xf5, 0x65, 0xf5, 0x65, 0xf5, 0x65, 0xf5, 0x64, 0xf5, 0x64, 0xf5,
    0xce, 0xfe, 0xce, 0xfe, 0xce, 0xfe, 0xce, 0xfe, 0xce, 0xfe, 0xce, 0xfe,
    0xce, 0xfe, 0xce, 0xfe, 0xce, 0xfe, 0xce, 0xfe, 0xcd, 0xfe, 0xad, 0xfe,
    0xad, 0xfe, 0xad, 0xfe, 0xad, 0xfe, 0xad, 0xfe, 0xad, 0xfe, 0xad, 0xfe,
    0xad, 0xfe, 0xad, 0xfe, 0xad, 0xfe, 0xad, 0xfe, 0xad, 0xfe, 0xad, 0xfe,
    0x8d, 0xfe, 0x8d, 0xfe, 0x8c, 0xfe, 0x8c, 0xfe, 0x8c, 0xfe, 0x8c, 0xfe,
    0x8c, 0xfe, 0x8c, 0xfe, 0x8c, 0xfe, 0x8c, 0xfe, 0x8c, 0xfe, 0x8c, 0xfe,
    0x8c, 0xfe, 0x8c, 0xfe, 0x6c, 0xfe, 0x6c, 0xfe, 0x6c, 0xfe, 0x6b, 0xfe,
    0x6b, 0xfe, 0x6b, 0xfe, 0x6b, 0xfe, 0x6b, 0xfe, 0x6b, 0xfe, 0x6b, 0xfe,
    0x6b, 0xfe, 0x6b, 0xfe, 0x6b, 0xfe, 0x4b, 0xfe, 0x4b, 0xfe, 0x4b, 0xfe,
    0x4b, 0xfe, 0x4b, 0xfe, 0x4a, 0xfe, 0x4a, 0xfe, 0x4a, 0xfe, 0x4a, 0xfe,
    0x4a, 0xfe, 0x4a, 0xfe, 0x4a, 0xfe, 0x4a, 0xfe, 0x2a, 0xfe, 0x2a, 0xfe,
    0x2a, 0xfe, 0x2a, 0xfe, 0x2a, 0xfe, 0x2a, 0xfe, 0x2a, 0xfe, 0x2a, 0xfe,
    0x29, 0xfe, 0x29, 0xfe, 0x29, 0xfe, 0x29, 0xfe, 0x29, 0xf6, 0x29, 0xfe,
    0x09, 0xf6, 0x09, 0xfe, 0x09, 0xf6, 0x09, 0xf6, 0x09, 0xf6, 0x09, 0xf6,
    0x09, 0xf6, 0x09, 0xf6, 0x08, 0xf6, 0x08, 0xf6, 0x08, 0xf6, 0x08, 0xf6,
    0x08, 0xf6, 0xe8, 0xf5, 0xe8, 0xf5, 0xe8, 0xf5, 0xe8, 0xf5, 0xe8, 0xf5,
    0xe8, 0xf5, 0xe8, 0xf5, 0xe8, 0xf5, 0xe8, 0xf5, 0xe8, 0xf5, 0xe8, 0xf5,
    0xe7, 0xf5, 0xe7, 0xf5, 0xc7, 0xf5, 0xc7, 0xf5, 0xc7, 0xf5, 0xc7, 0xf5,
    0xc7, 0xf5, 0xc7, 0xf5, 0xc7, 0xf5, 0xc7, 0xf5, 0xc7, 0xf5, 0xc7, 0xf5,
    0xc7, 0xf5, 0xc7, 0xf5, 0xc6, 0xf5, 0xc6, 0xf5, 0xa6, 0xf5, 0xa6, 0xf5,
    0xa6, 0xf5, 0xa6, 0xf5, 0xa6, 0xf5, 0xa6, 0xf5, 0xa6, 0xf5, 0xa6, 0xf5,
    0xa6, 0xf5, 0xa6, 0xf5, 0xa6, 0xf5, 0xa6, 0xf5, 0xa6, 0xf5, 0x86, 0xf5,
    0x85, 0xf5, 0x85, 0xf5, 0x85, 0xf5, 0x85, 0xf5, 0x85, 0xf5, 0x85, 0xf5,
    0x85, 0xf5, 0x85, 0xf5, 0x85, 0xf5, 0x85, 0xf5, 0x85, 0xf5, 0x85, 0xf5,
    0x65, 0xf5, 0x65, 0xf5, 0x65, 0xf5, 0x64, 0xf5, 0x64, 0xf5, 0x64, 0xf5,
    0xce, 0xfe, 0xce, 0xfe, 0xce, 0xfe, 0xce, 0xfe, 0xce, 0xfe, 0xce, 0xfe,
    0xce, 0xfe, 0xce, 0xfe, 0xad, 0xfe, 0xad, 0xfe, 0xad, 0xfe, 0xad, 0xfe,
    0xad, 0xfe, 0xad, 0xfe, 0xad, 0xfe, 0xad, 0xfe, 0xad, 0xfe, 0xad, 0xfe,
    0xad, 0xfe, 0xad, 0xfe, 0x8d, 0xfe, 0x8d, 0xfe, 0x8d, 0xfe, 0x8c, 0xfe,
    0x8c, 0xfe, 0x8c, 0xfe, 0x8c, 0xfe, 0x8c, 0xfe, 0x8c, 0xfe, 0x8c, 0xfe,
    0x8c, 0xfe, 0x8c, 0xfe, 0x8c, 0xfe, 0x8c, 0xfe, 0x6c, 0xfe, 0x6c, 0xfe,
    0x6c, 0xfe, 0x6c, 0xfe, 0x6b, 0xfe, 0x6b, 0xfe, 0x6b, 0xfe, 0x6b, 0xfe,
    0x6b, 0xfe, 0x6b, 0xfe, 0x6b, 0xfe, 0x6b, 0xfe, 0x6b, 0xfe, 0x6b, 0xfe,
    0x4b, 0xfe, 0x4b, 0xfe, 0x4b, 0xfe, 0x4b, 0xfe, 0x4b, 0xfe, 0x4a, 0xfe,
    0x4a, 0xfe, 0x4a, 0xfe, 0x4a, 0xfe, 0x4a, 0xfe, 0x4a, 0xfe, 0x4a, 0xfe,
    0x2a, 0xf6, 0x2a, 0xfe, 0x2a, 0xf6, 0x2a, 0xfe, 0x2a, 0xf6, 0x2a, 0xf6,
    0x2a, 0xf6, 0x2a, 0xf6, 0x29, 0xf6, 0x29, 0xf6, 0x29, 0xf6, 0x29, 0xf6,
    0x29, 0xf6, 0x29, 0xf6, 0x09, 0xf6, 0x09, 0xf6, 0x09, 0xf6, 0x09, 0xf6,
    0x09, 0xf6, 0x09, 0xf6, 0x09, 0xf6, 0x09, 0xf6, 0x09, 0xf6, 0x09, 0xf6,
    0x08, 0xf6, 0x08, 0xf6, 0x08, 0xf6, 0x08, 0xf6, 0xe8, 0xf5, 0xe8, 0xf5,
    0xe8, 0xf5, 0xe8, 0xf5, 0xe8, 0xf5, 0xe8, 0xf5, 0xe8, 0xf5, 0xe8, 0xf5,
    0xe8, 0xf5, 0xe8, 0xf5, 0xe8, 0xf5, 0xe7, 0xf5, 0xc7, 0xf5, 0xc7, 0xf5,
    0xc7, 0xf5, 0xc7, 0xf5, 0xc7, 0xf5, 0xc7, 0xf5, 0xc7, 0xf5, 0xc7, 0xf5,
    0xc7, 0xf5, 0xc7, 0xf5, 0xc7, 0xf5, 0xc7, 0xf5, 0xc7, 0xf5, 0xc7, 0xf5,
    0xa6, 0xf5, 0xa6, 0xf5, 0xa6, 0xf5, 0xa6, 0xf5, 0xa6, 0xf5, 0xa6, 0xf5,
    0xa6, 0xf5, 0xa6, 0xf5, 0xa6, 0xf5, 0xa6, 0xf5, 0xa6, 0xf5, 0xa6, 0xf5,
    0xa6, 0xf5, 0xa6, 0xf5, 0x86, 0xf5, 0x85, 0xf5, 0x85, 0xf5, 0x85, 0xf5,
    0x85, 0xf5, 0x85, 0xf5, 0x85, 0xf5, 0x85, 0xf5, 0x85, 0xf5, 0x85, 0xf5,
    0x85, 0xf5, 0x85, 0xf5, 0x65, 0xf5, 0x65, 0xf5, 0x65, 0xf5, 0x65, 0xf5,
    0x64, 0xf5, 0x64, 0xf5, 0x64, 0xf5, 0x64, 0xf5, 0x64, 0xf5, 0x64, 0xf5,
    0xce, 0xfe, 0xce, 0xfe, 0xce, 0xfe, 0xce, 0xfe, 0xce, 0xfe, 0xce, 0xfe,
    0xce, 0xfe, 0xcd, 0xfe, 0xad, 0xfe, 0xad, 0xfe, 0xad, 0xfe, 0xad, 0xfe,
    0xad, 0xfe, 0xad, 0xfe, 0xad, 0xfe, 0xad, 0xfe, 0xad, 0xfe, 0xad, 0xfe,
    0xad, 0xfe, 0xad, 0xfe, 0x8d, 0xfe, 0x8d, 0xfe, 0x8c, 0xfe, 0x8c, 0xfe,
    0x8c, 0xfe, 0x8c, 0xfe, 0x8c, 0xfe, 0x8c, 0xfe, 0x8c, 0xfe, 0x8c, 0xfe,
    0x8c, 0xfe, 0x8c, 0xfe, 0x8c, 0xfe, 0x8c, 0xfe, 0x6c, 0xfe, 0x6c, 0xfe,
    0x6c, 0xfe, 0x6c, 0xfe, 0x6b, 0xfe, 0x6b, 0xfe, 0x6b, 0xfe, 0x6b, 0xfe,
    0x6b, 0xfe, 0x6b, 0xfe, 0x6b, 0xfe, 0x6b, 0xfe, 0x6b, 0xfe, 0x6b, 0xfe,
    0x4b, 0xfe, 0x4b, 0xfe, 0x4b, 0xfe, 0x4b, 0xfe, 0x4a, 0xfe, 0x4a, 0xfe,
    0x4a, 0xfe, 0x4a, 0xfe, 0x4a, 0xfe, 0x4a, 0xfe, 0x4a, 0xfe, 0x4a, 0xfe,
    0x2a, 0xfe, 0x2a, 0xfe, 0x2a, 0xfe, 0x2a, 0xfe, 0x2a, 0xfe, 0x2a, 0xfe,
    0x2a, 0xfe, 0x2a, 0xfe, 0x29, 0xfe, 0x29, 0xfe, 0x29, 0xf6, 0x29, 0xfe,
    0x29, 0xf6, 0x29, 0xfe, 0x09, 0xf6, 0x09, 0xf6, 0x09, 0xf6, 0x09, 0xf6,
    0x09, 0xf6, 0x09, 0xf6, 0x09, 0xf6, 0x09, 0xf6, 0x09, 0xf6, 0x08, 0xf6,
    0x08, 0xf6, 0x08, 0xf6, 0x08, 0xf6, 0x08, 0xf6, 0xe8, 0xf5, 0xe8, 0xf5,
    0xe8, 0xf5, 0xe8, 0xf5, 0xe8, 0xf5, 0xe8, 0xf5, 0xe8, 0xf5, 0xe8, 0xf5,
    0xe8, 0xf5, 0xe8, 0xf5, 0xe7, 0xf5, 0xe7, 0xf5, 0xc7, 0xf5, 0xc7, 0xf5,
    0xc7, 0xf5, 0xc7, 0xf5, 0xc7, 0xf5, 0xc7, 0xf5, 0xc7, 0xf5, 0xc7, 0xf5,
    0xc7, 0xf5, 0xc7, 0xf5, 0xc7, 0xf5, 0xc7, 0xf5, 0xc7, 0xf5, 0xc7, 0xf5,
    0xa6, 0xf5, 0xa6, 0xf5, 0xa6, 0xf5, 0xa6, 0xf5, 0xa6, 0xf5, 0xa6, 0xf5,
    0xa6, 0xf5, 0xa6, 0xf5, 0xa6, 0xf5, 0xa6, 0xf5, 0xa6, 0xf5, 0xa6, 0xf5,
    0xa6, 0xf5, 0xa6, 0xf5, 0x85, 0xf5, 0x85, 0xf5, 0x85, 0xf5, 0x85, 0xf5,
    0x85, 0xf5, 0x85, 0xf5, 0x85, 0xf5, 0x85, 0xf5, 0x85, 0xf5, 0x85, 0xf5,
    0x85, 0xf5, 0x85, 0xf5, 0x65, 0xf5, 0x65, 0xf5, 0x65, 0xf5, 0x65, 0xf5,
    0x64, 0xf5, 0x64, 0xf5, 0x64, 0xf5, 0x64, 0xf5, 0x64, 0xf5, 0x64, 0xf5,
    0xce, 0xfe, 0xce, 0xfe, 0xce, 0xfe, 0xce, 0xfe, 0xae, 0xfe, 0xad, 0xfe,
    0xad, 0xfe, 0xad, 0xfe, 0xad, 0xfe, 0xad, 0xfe, 0xad, 0xfe, 0xad, 0xfe,
    0xad, 0xfe, 0xad, 0xfe, 0xad, 0xfe, 0xad, 0xfe, 0xad, 0xfe, 0xad, 0xfe,
    0x8d, 0xfe, 0x8d, 0xfe, 0x8c, 0xfe, 0x8c, 0xfe, 0x8c, 0xfe, 0x8c, 0xfe,
    0x8c, 0xfe, 0x8c, 0xfe, 0x8c, 0xfe, 0x8c, 0xfe, 0x8c, 0xfe, 0x8c, 0xfe,
    0x8c, 0xfe, 0x8c, 0xfe, 0x6c, 0xfe, 0x6c, 0xfe, 0x6c, 0xfe, 0x6b, 0xfe,
    0x6b, 0xfe, 0x6b, 0xfe, 0x6b, 0xfe, 0x6b, 0xfe, 0x6b, 0xfe, 0x6b, 0xfe,
    0x6b, 0xfe, 0x6b, 0xfe, 0x4b, 0xfe, 0x4b, 0xfe, 0x4b, 0xfe, 0x4b, 0xfe,
    0x4b, 0xfe, 0x4b, 0xfe, 0x4a, 0xfe, 0x4a, 0xfe, 0x4a, 0xfe, 0x4a, 0xfe,
    0x4a, 0xfe, 0x4a, 0xfe, 0x4a, 0xfe, 0x4a, 0xfe, 0x2a, 0xfe, 0x2a, 0xfe,
    0x2a, 0xf6, 0x2a, 0xfe, 0x2a, 0xf6, 0x2a, 0xfe, 0x2a, 0xf6, 0x2a, 0xf6,
    0x29, 0xf6, 0x29, 0xf6, 0x29, 0xf6, 0x29, 0xf6, 0x29, 0xf6, 0x29, 0xf6,
    0x09, 0xf6, 0x09, 0xf6, 0x09, 0xf6, 0x09, 0xf6, 0x09, 0xf6, 0x09, 0xf6,
    0x09, 0xf6, 0x09, 0xf6, 0x08, 0xf6, 0x08, 0xf6, 0x08, 0xf6, 0x08, 0xf6,
    0xe8, 0xf5, 0xe8, 0xf5, 0xe8, 0xf5, 0xe8, 0xf5, 0xe8, 0xf5, 0xe8, 0xf5,
    0xe8, 0xf5, 0xe8, 0xf5, 0xe8, 0xf5, 0xe8, 0xf5, 0xe8, 0xf5, 0xe8, 0xf5,
    0xe7, 0xf5, 0xe7, 0xf5, 0xc7, 0xf5, 0xc7, 0xf5, 0xc7, 0xf5, 0xc7, 0xf5,
    0xc7, 0xf5, 0xc7, 0xf5, 0xc7, 0xf5, 0xc7, 0xf5, 0xc7, 0xf5, 0xc7, 0xf5,
    0xc7, 0xf5, 0xc7, 0xf5, 0xc7, 0xf5, 0xc6, 0xf5, 0xa6, 0xf5, 0xa6, 0xf5,
    0xa6, 0xf5, 0xa6, 0xf5, 0xa6, 0xf5, 0xa6, 0xf5, 0xa6, 0xf5, 0xa6, 0xf5,
    0xa6, 0xf5, 0xa6, 0xf5, 0xa6, 0xf5, 0xa6, 0xf5, 0x86, 0xf5, 0x86, 0xf5,
    0x85, 0xf5, 0x85, 0xf5, 0x85, 0xf5, 0x85, 0xf5, 0x85, 0xf5, 0x85, 0xf5,
    0x85, 0xf5, 0x85, 0xf5, 0x85, 0xf5, 0x85, 0xf5, 0x85, 0xf5, 0x85, 0xf5,
    0x65, 0xf5, 0x65, 0xf5, 0x65, 0xf5, 0x65, 0xf5, 0x64, 0xf5, 0x64, 0xf5,
    0x64, 0xf5, 0x64, 0xf5, 0x64, 0xf5, 0x64, 0xf5, 0x64, 0xf5, 0x64, 0xf5,
    0xce, 0xfe, 0xce, 0xfe, 0xce, 0xfe, 0xce, 0xfe, 0xad, 0xfe, 0xad, 0xfe,
    0xad, 0xfe, 0xad, 0xfe, 0xad, 0xfe, 0xad, 0xfe, 0xad, 0xfe, 0xad, 0xfe,
    0xad, 0xfe, 0xad, 0xfe, 0xad, 0xfe, 0xad, 0xfe, 0xad, 0xfe, 0xad, 0xfe,
    0x8d, 0xfe, 0x8d, 0xfe, 0x8c, 0xfe, 0x8c, 0xfe, 0x8c, 0xfe, 0x8c, 0xfe,
    0x8c, 0xfe, 0x8c, 0xfe, 0x8c, 0xfe, 0x8c, 0xfe, 0x8c, 0xfe, 0x8c, 0xfe,
    0x8c, 0xfe, 0x8c, 0xfe, 0x6c, 0xfe, 0x6c, 0xfe, 0x6b, 0xfe, 0x6b, 0xfe,
    0x6b, 0xfe, 0x6b, 0xfe, 0x6b, 0xfe, 0x6b, 0xfe, 0x6b, 0xfe, 0x6b, 0xfe,
    0x6b, 0xfe, 0x6b, 0xfe, 0x4b, 0xfe, 0x4b, 0xfe, 0x4b, 0xfe, 0x4b, 0xfe,
    0x4b, 0xfe, 0x4b, 0xfe, 0x4a, 0xfe, 0x4a, 0xfe, 0x4a, 0xfe, 0x4a, 0xfe,
    0x4a, 0xfe, 0x4a, 0xfe, 0x4a, 0xfe, 0x4a, 0xfe, 0x2a, 0xfe, 0x2a, 0xfe,
    0x2a, 0xfe, 0x2a, 0xfe, 0x2a, 0xfe, 0x2a, 0xfe, 0x2a, 0xfe, 0x29, 0xfe,
    0x29, 0xfe, 0x29, 0xfe, 0x29, 0xf6, 0x29, 0xfe, 0x29, 0xf6, 0x29, 0xfe,
    0x09, 0xf6, 0x09, 0xf6, 0x09, 0xf6, 0x09, 0xf6, 0x09, 0xf6, 0x09, 0xf6,
    0x09, 0xf6, 0x09, 0xf6, 0x08, 0xf6, 0x08, 0xf6, 0x08, 0xf6, 0x08, 0xf6,
    0xe8, 0xf5, 0xe8, 0xf5, 0xe8, 0xf5, 0xe8, 0xf5, 0xe8, 0xf5, 0xe8, 0xf5,
    0xe8, 0xf5, 0xe8, 0xf5, 0xe8, 0xf5, 0xe8, 0xf5, 0xe8, 0xf5, 0xe8, 0xf5,
    0xe7, 0xf5, 0xe7, 0xf5, 0xc7, 0xf5, 0xc7, 0xf5, 0xc7, 0xf5, 0xc7, 0xf5,
    0xc7, 0xf5, 0xc7, 0xf5, 0xc7, 0xf5, 0xc7, 0xf5, 0xc7, 0xf5, 0xc7, 0xf5,
    0xc7, 0xf5, 0xc7, 0xf5, 0xc6, 0xf5, 0xc6, 0xf5, 0xa6, 0xf5, 0xa6, 0xf5,
    0xa6, 0xf5, 0xa6, 0xf5, 0xa6, 0xf5, 0xa6, 0xf5, 0xa6, 0xf5, 0xa6, 0xf5,
    0xa6, 0xf5, 0xa6, 0xf5, 0xa6, 0xf5, 0xa6, 0xf5, 0x86, 0xf5, 0x86, 0xf5,
    0x85, 0xf5, 0x85, 0xf5, 0x85, 0xf5, 0x85, 0xf5, 0x85, 0xf5, 0x85, 0xf5,
    0x85, 0xf5, 0x85, 0xf5, 0x85, 0xf5, 0x85, 0xf5, 0x85, 0xf5, 0x85, 0xf5,
    0x65, 0xf5, 0x65, 0xf5, 0x65, 0xf5, 0x64, 0xf5, 0x64, 0xf5, 0x64, 0xf5,
    0x64, 0xf5, 0x64, 0xf5, 0x64, 0xf5, 0x64, 0xf5, 0x64, 0xf5, 0x64, 0xf5,
    0xce, 0xfe, 0xae, 0xfe, 0xad, 0xfe, 0xad, 0xfe, 0xad, 0xfe, 0xad, 0xfe,
    0xad, 0xfe, 0xad, 0xfe, 0xad, 0xfe, 0xad, 0xfe, 0xad, 0xfe, 0xad, 0xfe,
    0xad, 0xfe, 0xad, 0xfe, 0x8d, 0xfe, 0x8d, 0xfe, 0x8c, 0xfe, 0x8c, 0xfe,
    0x8c, 0xfe, 0x8c, 0xfe, 0x8c, 0xfe, 0x8c, 0xfe, 0x8c, 0xfe, 0x8c, 0xfe,
    0x8c, 0xfe, 0x8c, 0xfe, 0x8c, 0xfe, 0x8c, 0xfe, 0x6c, 0xfe, 0x6c, 0xfe,
    0x6c, 0xfe, 0x6c, 0xfe, 0x6b, 0xfe, 0x6b, 0xfe, 0x6b, 0xfe, 0x6b, 0xfe,
    0x6b, 0xfe, 0x6b, 0xfe, 0x6b, 0xfe, 0x6b, 0xfe, 0x6b, 0xfe, 0x4b, 0xfe,
    0x4b, 0xfe, 0x4b, 0xfe, 0x4b, 0xfe, 0x4b, 0xfe, 0x4b, 0xfe, 0x4a, 0xfe,
    0x4a, 0xfe, 0x4a, 0xfe, 0x4a, 0xfe, 0x4a, 0xfe, 0x4a, 0xfe, 0x4a, 0xfe,
    0x2a, 0xfe, 0x2a, 0xfe, 0x2a, 0xf6, 0x2a, 0xfe, 0x2a, 0xf6, 0x2a, 0xfe,
    0x2a, 0xf6, 0x2a, 0xf6, 0x29, 0xf6, 0x29, 0xf6, 0x29, 0xf6, 0x29, 0xf6,
    0x29, 0xf6, 0x29, 0xf6, 0x09, 0xf6, 0x09, 0xf6, 0x09, 0xf6, 0x09, 0xf6,
    0x09, 0xf6, 0x09, 0xf6, 0x09, 0xf6, 0x09, 0xf6, 0x09, 0xf6, 0x09, 0xf6,
    0x08, 0xf6, 0x08, 0xf6, 0x08, 0xf6, 0xe8, 0xf5, 0xe8, 0xf5, 0xe8, 0xf5,
    0xe8, 0xf5, 0xe8, 0xf5, 0xe8, 0xf5, 0xe8, 0xf5, 0xe8, 0xf5, 0xe8, 0xf5,
    0xe8, 0xf5, 0xe8, 0xf5, 0xe7, 0xf5, 0xe7, 0xf5, 0xc7, 0xf5, 0xc7, 0xf5,
    0xc7, 0xf5, 0xc7, 0xf5, 0xc7, 0xf5, 0xc7, 0xf5, 0xc7, 0xf5, 0xc7, 0xf5,
    0xc7, 0xf5, 0xc7, 0xf5, 0xc7, 0xf5, 0xc7, 0xf5, 0xc7, 0xf5, 0xc7, 0xf5,
    0xa6, 0xf5, 0xa6, 0xf5, 0xa6, 0xf5, 0xa6, 0xf5, 0xa6, 0xf5, 0xa6, 0xf5,
    0xa6, 0xf5, 0xa6, 0xf5, 0xa6, 0xf5, 0xa6, 0xf5, 0xa6, 0xf5, 0xa6, 0xf5,
    0xa6, 0xf5, 0x86, 0xf5, 0x86, 0xf5, 0x85, 0xf5, 0x85, 0xf5, 0x85, 0xf5,
    0x85, 0xf5, 0x85, 0xf5, 0x85, 0xf5, 0x85, 0xf5, 0x85, 0xf5, 0x85, 0xf5,
    0x85, 0xf5, 0x85, 0xf5, 0x65, 0xf5, 0x65, 0xf5, 0x65, 0xf5, 0x65, 0xf5,
    0x64, 0xf5, 0x64, 0xf5, 0x64, 0xf5, 0x64, 0xf5, 0x64, 0xf5, 0x64, 0xf5,
    0x64, 0xf5, 0x64, 0xf5, 0x64, 0xf5, 0x64, 0xf5, 0x44, 0xf5, 0x44, 0xf5,
    0xce, 0xfe, 0xcd, 0xfe, 0xad, 0xfe, 0xad, 0xfe, 0xad, 0xfe, 0xad, 0xfe,
    0xad, 0xfe, 0xad, 0xfe, 0xad, 0xfe, 0xad, 0xfe, 0xad, 0xfe, 0xad, 0xfe,
    0xad, 0xfe, 0xad, 0xfe, 0x8d, 0xfe, 0x8d, 0xfe, 0x8c, 0xfe, 0x8c, 0xfe,
    0x8c, 0xfe, 0x8c, 0xfe, 0x8c, 0xfe, 0x8c, 0xfe, 0x8c, 0xfe, 0x8c, 0xfe,
    0x8c, 0xfe, 0x8c, 0xfe, 0x8c, 0xfe, 0x8c, 0xfe, 0x6c, 0xfe, 0x6c, 0xfe,
    0x6c, 0xfe, 0x6c, 0xfe, 0x6b, 0xfe, 0x6b, 0xfe, 0x6b, 0xfe, 0x6b, 0xfe,
    0x6b, 0xfe, 0x6b, 0xfe, 0x6b, 0xfe, 0x6b, 0xfe, 0x6b, 0xfe, 0x6b, 0xfe,
    0x4b, 0xfe, 0x4b, 0xfe, 0x4b, 0xfe, 0x4b, 0xfe, 0x4a, 0xfe, 0x4a, 0xfe,
    0x4a, 0xfe, 0x4a, 0xfe, 0x4a, 0xfe, 0x4a, 0xfe, 0x4a, 0xfe, 0x4a, 0xfe,
    0x2a, 0xfe, 0x2a, 0xfe, 0x2a, 0xfe, 0x2a, 0xfe, 0x2a, 0xfe, 0x2a, 0xfe,
    0x2a, 0xfe, 0x2a, 0xfe, 0x29, 0xfe, 0x29, 0xfe, 0x29, 0xf6, 0x29, 0xfe,
    0x29, 0xf6, 0x29, 0xfe, 0x09, 0xf6, 0x09, 0xf6, 0x09, 0xf6, 0x09, 0xf6,
    0x09, 0xf6, 0x09, 0xf6, 0x09, 0xf6, 0x09, 0xf6, 0x09, 0xf6, 0x08, 0xf6,
    0x08, 0xf6, 0x08, 0xf6, 0x08, 0xf6, 0x08, 0xf6, 0xe8, 0xf5, 0xe8, 0xf5,
    0xe8, 0xf5, 0xe8, 0xf5, 0xe8, 0xf5, 0xe8, 0xf5, 0xe8, 0xf5, 0xe8, 0xf5,
    0xe8, 0xf5, 0xe8, 0xf5, 0xe7, 0xf5, 0xe7, 0xf5, 0xc7, 0xf5, 0xc7, 0xf5,
    0xc7, 0xf5, 0xc7, 0xf5, 0xc7, 0xf5, 0xc7, 0xf5, 0xc7, 0xf5, 0xc7, 0xf5,
    0xc7, 0xf5, 0xc7, 0xf5, 0xc7, 0xf5, 0xc7, 0xf5, 0xc7, 0xf5, 0xc7, 0xf5,
    0xa6, 0xf5, 0xa6, 0xf5, 0xa6, 0xf5, 0xa6, 0xf5, 0xa6, 0xf5, 0xa6, 0xf5,
    0xa6, 0xf5, 0xa6, 0xf5, 0xa6, 0xf5, 0xa6, 0xf5, 0xa6, 0xf5, 0xa6, 0xf5,
    0xa6, 0xf5, 0xa6, 0xf5, 0x85, 0xf5, 0x85, 0xf5, 0x85, 0xf5, 0x85, 0xf5,
    0x85, 0xf5, 0x85, 0xf5, 0x85, 0xf5, 0x85, 0xf5, 0x85, 0xf5, 0x85, 0xf5,
    0x85, 0xf5, 0x85, 0xf5, 0x65, 0xf5, 0x65, 0xf5, 0x65, 0xf5, 0x65, 0xf5,
    0x64, 0xf5, 0x64, 0xf5, 0x64, 0xf5, 0x64, 0xf5, 0x64, 0xf5, 0x64, 0xf5,
    0x64, 0xf5, 0x64, 0xf5, 0x64, 0xf5, 0x64, 0xf5, 0x44, 0xf5, 0x44, 0xf5,
    0xad, 0xfe, 0xad, 0xfe, 0xad, 0xfe, 0xad, 0xfe, 0xad, 0xfe, 0xad, 0xfe,
    0xad, 0xfe, 0xad, 0xfe, 0xad, 0xfe, 0xad, 0xfe, 0xad, 0xfe, 0xad, 0xfe,
    0x8d, 0xfe, 0x8d, 0xfe, 0x8c, 0xfe, 0x8c, 0xfe, 0x8c, 0xfe, 0x8c, 0xfe,
    0x8c, 0xfe, 0x8c, 0xfe, 0x8c, 0xfe, 0x8c, 0xfe, 0x8c, 0xfe, 0x8c, 0xfe,
    0x8c, 0xfe, 0x6c, 0xfe, 0x6c, 0xfe, 0x6c, 0xfe, 0x6c, 0xfe, 0x6b, 0xfe,
    0x6b, 0xfe, 0x6b, 0xfe, 0x6b, 0xfe, 0x6b, 0xfe, 0x6b, 0xfe, 0x6b, 0xfe,
    0x6b, 0xfe, 0x6b, 0xfe, 0x4b, 0xfe, 0x4b, 0xfe, 0x4b, 0xfe, 0x4b, 0xfe,
    0x4b, 0xfe, 0x4b, 0xfe, 0x4a, 0xfe, 0x4a, 0xfe, 0x4a, 0xfe, 0x4a, 0xfe,
    0x4a, 0xfe, 0x4a, 0xfe, 0x4a, 0xfe, 0x4a, 0xfe, 0x2a, 0xfe, 0x2a, 0xfe,
    0x2a, 0xfe, 0x2a, 0xfe, 0x2a, 0xf6, 0x2a, 0xfe, 0x2a, 0xf6, 0x2a, 0xfe,
    0x29, 0xf6, 0x29, 0xf6, 0x29, 0xf6, 0x29, 0xf6, 0x29, 0xf6, 0x09, 0xf6,
    0x09, 0xf6, 0x09, 0xf6, 0x09, 0xf6, 0x09, 0xf6, 0x09, 0xf6, 0x09, 0xf6,
    0x09, 0xf6, 0x09, 0xf6, 0x08, 0xf6, 0x08, 0xf6, 0x08, 0xf6, 0x08, 0xf6,
    0xe8, 0xf5, 0xe8, 0xf5, 0xe8, 0xf5, 0xe8, 0xf5, 0xe8, 0xf5, 0xe8, 0xf5,
    0xe8, 0xf5, 0xe8, 0xf5, 0xe8, 0xf5, 0xe8, 0xf5, 0xe8, 0xf5, 0xe8, 0xf5,
    0xe7, 0xf5, 0xe7, 0xf5, 0xc7, 0xf5, 0xc7, 0xf5, 0xc7, 0xf5, 0xc7, 0xf5,
    0xc7, 0xf5, 0xc7, 0xf5, 0xc7, 0xf5, 0xc7, 0xf5, 0xc7, 0xf5, 0xc7, 0xf5,
    0xc7, 0xf5, 0xc7, 0xf5, 0xc7, 0xf5, 0xa6, 0xf5, 0xa6, 0xf5, 0xa6, 0xf5,
    0xa6, 0xf5, 0xa6, 0xf5, 0xa6, 0xf5, 0xa6, 0xf5, 0xa6, 0xf5, 0xa6, 0xf5,
    0xa6, 0xf5, 0xa6, 0xf5, 0xa6, 0xf5, 0xa6, 0xf5, 0x86, 0xf5, 0x86, 0xf5,
    0x85, 0xf5, 0x85, 0xf5, 0x85, 0xf5, 0x85, 0xf5, 0x85, 0xf5, 0x85, 0xf5,
    0x85, 0xf5, 0x85, 0xf5, 0x85, 0xf5, 0x85, 0xf5, 0x85, 0xf5, 0x85, 0xf5,
    0x65, 0xf5, 0x65, 0xf5, 0x65, 0xf5, 0x65, 0xf5, 0x64, 0xf5, 0x64, 0xf5,
    0x64, 0xf5, 0x64, 0xf5, 0x64, 0xf5, 0x64, 0xf5, 0x64, 0xf5, 0x64, 0xf5,
    0x64, 0xf5, 0x44, 0xf5, 0x44, 0xf5, 0x44, 0xf5, 0x44, 0xf5, 0x44, 0xf5,
    0xad, 0xfe, 0xad, 0xfe, 0xad, 0xfe, 0xad, 0xfe, 0xad, 0xfe, 0xad, 0xfe,
    0xad, 0xfe, 0xad, 0xfe, 0xad, 0xfe, 0xad, 0xfe, 0xad, 0xfe, 0xad, 0xfe,
    0x8d, 0xfe, 0x8d, 0xfe, 0x8c, 0xfe, 0x8c, 0xfe, 0x8c, 0xfe, 0x8c, 0xfe,
    0x8c, 0xfe, 0x8c, 0xfe, 0x8c, 0xfe, 0x8c, 0xfe, 0x8c, 0xfe, 0x8c, 0xfe,
    0x8c, 0xfe, 0x8c, 0xfe, 0x6c, 0xfe, 0x6c, 0xfe, 0x6b, 0xfe, 0x6b, 0xfe,
    0x6b, 0xfe, 0x6b, 0xfe, 0x6b, 0xfe, 0x6b, 0xfe, 0x6b, 0xfe, 0x6b, 0xfe,
    0x6b, 0xfe, 0x6b, 0xfe, 0x4b, 0xfe, 0x4b, 0xfe, 0x4b, 0xfe, 0x4b, 0xfe,
    0x4b, 0xfe, 0x4b, 0xfe, 0x4a, 0xfe, 0x4a, 0xfe, 0x4a, 0xfe, 0x4a, 0xfe,
    0x4a, 0xfe, 0x4a, 0xfe, 0x4a, 0xfe, 0x4a, 0xfe, 0x2a, 0xfe, 0x2a, 0xfe,
    0x2a, 0xfe, 0x2a, 0xfe, 0x2a, 0xfe, 0x2a, 0xfe, 0x2a, 0xfe, 0x29, 0xfe,
    0x29, 0xfe, 0x29, 0xfe, 0x29, 0xfe, 0x29, 0xfe, 0x29, 0xf6, 0x29, 0xfe,
    0x09, 0xf6, 0x09, 0xfe, 0x09, 0xf6, 0x09, 0xf6, 0x09, 0xf6, 0x09, 0xf6,
    0x09, 0xf6, 0x09, 0xf6, 0x08, 0xf6, 0x08, 0xf6, 0x08, 0xf6, 0x08, 0xf6,
    0xe8, 0xf5, 0xe8, 0xf5, 0xe8, 0xf5, 0xe8, 0xf5, 0xe8, 0xf5, 0xe8, 0xf5,
    0xe8, 0xf5, 0xe8, 0xf5, 0xe8, 0xf5, 0xe8, 0xf5, 0xe8, 0xf5, 0xe7, 0xf5,
    0xe7, 0xf5, 0xe7, 0xf5, 0xc7, 0xf5, 0xc7, 0xf5, 0xc7, 0xf5, 0xc7, 0xf5,
    0xc7, 0xf5, 0xc7, 0xf5, 0xc7, 0xf5, 0xc7, 0xf5, 0xc7, 0xf5, 0xc7, 0xf5,
    0xc7, 0xf5, 0xc7, 0xf5, 0xc6, 0xf5, 0xc6, 0xf5, 0xa6, 0xf5, 0xa6, 0xf5,
    0xa6, 0xf5, 0xa6, 0xf5, 0xa6, 0xf5, 0xa6, 0xf5, 0xa6, 0xf5, 0xa6, 0xf5,
    0xa6, 0xf5, 0xa6, 0xf5, 0xa6, 0xf5, 0xa6, 0xf5, 0x86, 0xf5, 0x86, 0xf5,
    0x85, 0xf5, 0x85, 0xf5, 0x85, 0xf5, 0x85, 0xf5, 0x85, 0xf5, 0x85, 0xf5,
    0x85, 0xf5, 0x85, 0xf5, 0x85, 0xf5, 0x85, 0xf5, 0x85, 0xf5, 0x85, 0xf5,
    0x65, 0xf5, 0x65, 0xf5, 0x65, 0xf5, 0x64, 0xf5, 0x64, 0xf5, 0x64, 0xf5,
    0x64, 0xf5, 0x64, 0xf5, 0x64, 0xf5, 0x64, 0xf5, 0x64, 0xf5, 0x64, 0xf5,
    0x64, 0xf5, 0x64, 0xf5, 0x44, 0xf5, 0x44, 0xf5, 0x44, 0xf5, 0x44, 0xf5,
    0xad, 0xfe, 0xad, 0xfe, 0xad, 0xfe, 0xad, 0xfe, 0xad, 0xfe, 0xad, 0xfe,
    0xad, 0xfe, 0xad, 0xfe, 0x8d, 0xfe, 0x8d, 0xfe, 0x8c, 0xfe, 0x8c, 0xfe,
    0x8c, 0xfe, 0x8c, 0xfe, 0x8c, 0xfe, 0x8c, 0xfe, 0x8c, 0xfe, 0x8c, 0xfe,
    0x8c, 0xfe, 0x8c, 0xfe, 0x8c, 0xfe, 0x8c, 0xfe, 0x6c, 0xfe, 0x6c, 0xfe,
    0x6c, 0xfe, 0x6c, 0xfe, 0x6b, 0xfe, 0x6b, 0xfe, 0x6b, 0xfe, 0x6b, 0xfe,
    0x6b, 0xfe, 0x6b, 0xfe, 0x6b, 0xfe, 0x6b, 0xfe, 0x6b, 0xfe, 0x4b, 0xfe,
    0x4b, 0xfe, 0x4b, 0xfe, 0x4b, 0xfe, 0x4b, 0xfe, 0x4b, 0xfe, 0x4a, 0xfe,
    0x4a, 0xfe, 0x4a, 0xfe, 0x4a, 0xfe, 0x4a, 0xfe, 0x4a, 0xfe, 0x4a, 0xfe,
    0x2a, 0xf6, 0x2a, 0xfe, 0x2a, 0xf6, 0x2a, 0xfe, 0x2a, 0xf6, 0x2a, 0xf6,
    0x2a, 0xf6, 0x2a, 0xf6, 0x29, 0xf6, 0x29, 0xf6, 0x29, 0xf6, 0x29, 0xf6,
    0x29, 0xf6, 0x29, 0xf6, 0x09, 0xf6, 0x09, 0xf6, 0x09, 0xf6, 0x09, 0xf6,
    0x09, 0xf6, 0x09, 0xf6, 0x09, 0xf6, 0x09, 0xf6, 0x09, 0xf6, 0x09, 0xf6,
    0x08, 0xf6, 0x08, 0xf6, 0x08, 0xf6, 0xe8, 0xf5, 0xe8, 0xf5, 0xe8, 0xf5,
    0xe8, 0xf5, 0xe8, 0xf5, 0xe8, 0xf5, 0xe8, 0xf5, 0xe8, 0xf5, 0xe8, 0xf5,
    0xe8, 0xf5, 0xe8, 0xf5, 0xe7, 0xf5, 0xe7, 0xf5, 0xc7, 0xf5, 0xc7, 0xf5,
    0xc7, 0xf5, 0xc7, 0xf5, 0xc7, 0xf5, 0xc7, 0xf5, 0xc7, 0xf5, 0xc7, 0xf5,
    0xc7, 0xf5, 0xc7, 0xf5, 0xc7, 0xf5, 0xc7, 0xf5, 0xc7, 0xf5, 0xc7, 0xf5,
    0xa6, 0xf5, 0xa6, 0xf5, 0xa6, 0xf5, 0xa6, 0xf5, 0xa6, 0xf5, 0xa6, 0xf5,
    0xa6, 0xf5, 0xa6, 0xf5, 0xa6, 0xf5, 0xa6, 0xf5, 0xa6, 0xf5, 0xa6, 0xf5,
    0xa6, 0xf5, 0x86, 0xf5, 0x86, 0xf5, 0x85, 0xf5, 0x85, 0xf5, 0x85, 0xf5,
    0x85, 0xf5, 0x85, 0xf5, 0x85, 0xf5, 0x85, 0xf5, 0x85, 0xf5, 0x85, 0xf5,
    0x85, 0xf5, 0x85, 0xf5, 0x65, 0xf5, 0x65, 0xf5, 0x65, 0xf5, 0x65, 0xf5,
    0x64, 0xf5, 0x64, 0xf5, 0x64, 0xf5, 0x64, 0xf5, 0x64, 0xf5, 0x64, 0xf5,
    0x64, 0xf5, 0x64, 0xf5, 0x64, 0xf5, 0x64, 0xf5, 0x44, 0xf5, 0x44, 0xf5,
    0x44, 0xf5, 0x44, 0xf5, 0x44, 0xf5, 0x44, 0xf5, 0x43, 0xf5, 0x43, 0xf5,
    0xad, 0xfe, 0xad, 0xfe, 0xad, 0xfe, 0xad, 0xfe, 0xad, 0xfe, 0xad, 0xfe,
    0xad, 0xfe, 0xad, 0xfe, 0x8d, 0xfe, 0x8d, 0xfe, 0x8c, 0xfe, 0x8c, 0xfe,
    0x8c, 0xfe, 0x8c, 0xfe, 0x8c, 0xfe, 0x8c, 0xfe, 0x8c, 0xfe, 0x8c, 0xfe,
    0x8c, 0xfe, 0x8c, 0xfe, 0x8c, 0xfe, 0x8c, 0xfe, 0x6c, 0xfe, 0x6c, 0xfe,
    0x6c, 0xfe, 0x6b, 0xfe, 0x6b, 0xfe, 0x6b, 0xfe, 0x6b, 0xfe, 0x6b, 0xfe,
    0x6b, 0xfe, 0x6b, 0xfe, 0x6b, 0xfe, 0x6b, 0xfe, 0x6b, 0xfe, 0x6b, 0xfe,
    0x4b, 0xfe, 0x4b, 0xfe, 0x4b, 0xfe, 0x4b, 0xfe, 0x4a, 0xfe, 0x4a, 0xfe,
    0x4a, 0xfe, 0x4a, 0xfe, 0x4a, 0xfe, 0x4a, 0xfe, 0x4a, 0xfe, 0x4a, 0xfe,
    0x2a, 0xfe, 0x2a, 0xfe, 0x2a, 0xfe, 0x2a, 0xfe, 0x2a, 0xfe, 0x2a, 0xfe,
    0x2a, 0xfe, 0x2a, 0xfe, 0x29, 0xf6, 0x29, 0xfe, 0x29, 0xf6, 0x29, 0xfe,
    0x29, 0xf6, 0x29, 0xfe, 0x09, 0xf6, 0x09, 0xf6, 0x09, 0xf6, 0x09, 0xf6,
    0x09, 0xf6, 0x09, 0xf6, 0x09, 0xf6, 0x09, 0xf6, 0x09, 0xf6, 0x08, 0xf6,
    0x08, 0xf6, 0x08, 0xf6, 0x08, 0xf6, 0x08, 0xf6, 0xe8, 0xf5, 0xe8, 0xf5,
    0xe8, 0xf5, 0xe8, 0xf5, 0xe8, 0xf5, 0xe8, 0xf5, 0xe8, 0xf5, 0xe8, 0xf5,
    0xe8, 0xf5, 0xe8, 0xf5, 0xe7, 0xf5, 0xe7, 0xf5, 0xc7, 0xf5, 0xc7, 0xf5,
    0xc7, 0xf5, 0xc7, 0xf5, 0xc7, 0xf5, 0xc7, 0xf5, 0xc7, 0xf5, 0xc7, 0xf5,
    0xc7, 0xf5, 0xc7, 0xf5, 0xc7, 0xf5, 0xc7, 0xf5, 0xc7, 0xf5, 0xc6, 0xf5,
    0xa6, 0xf5, 0xa6, 0xf5, 0xa6, 0xf5, 0xa6, 0xf5, 0xa6, 0xf5, 0xa6, 0xf5,
    0xa6, 0xf5, 0xa6, 0xf5, 0xa6, 0xf5, 0xa6, 0xf5, 0xa6, 0xf5, 0xa6, 0xf5,
    0xa6, 0xf5, 0xa6, 0xf5, 0x85, 0xf5, 0x85, 0xf5, 0x85, 0xf5, 0x85, 0xf5,
    0x85, 0xf5, 0x85, 0xf5, 0x85, 0xf5, 0x85, 0xf5, 0x85, 0xf5, 0x85, 0xf5,
    0x85, 0xf5, 0x85, 0xf5, 0x65, 0xf5, 0x65, 0xf5, 0x65, 0xf5, 0x65, 0xf5,
    0x64, 0xf5, 0x64, 0xf5, 0x64, 0xf5, 0x64, 0xf5, 0x64, 0xf5, 0x64, 0xf5,
    0x64, 0xf5, 0x64, 0xf5, 0x64, 0xf5, 0x64, 0xf5, 0x44, 0xf5, 0x44, 0xf5,
    0x44, 0xf5, 0x44, 0xf5, 0x43, 0xf5, 0x43, 0xf5, 0x43, 0xf5, 0x43, 0xf5,
    0xad, 0xfe, 0xad, 0xfe, 0xad, 0xfe, 0xad, 0xfe, 0xad, 0xfe, 0xad, 0xfe,
    0x8d, 0xfe, 0x8d, 0xfe, 0x8c, 0xfe, 0x8c, 0xfe, 0x8c, 0xfe, 0x8c, 0xfe,
    0x8c, 0xfe, 0x8c, 0xfe, 0x8c, 0xfe, 0x8c, 0xfe, 0x8c, 0xfe, 0x8c, 0xfe,
    0x8c, 0xfe, 0x6c, 0xfe, 0x6c, 0xfe, 0x6c, 0xfe, 0x6c, 0xfe, 0x6b, 0xfe,
    0x6b, 0xfe, 0x6b, 0xfe, 0x6b, 0xfe, 0x6b, 0xfe, 0x6b, 0xfe, 0x6b, 0xfe,
    0x6b, 0xfe, 0x6b, 0xfe, 0x4b, 0xfe, 0x4b, 0xfe, 0x4b, 0xfe, 0x4b, 0xfe,
    0x4b, 0xfe, 0x4b, 0xfe, 0x4a, 0xfe, 0x4a, 0xfe, 0x4a, 0xfe, 0x4a, 0xfe,
    0x4a, 0xfe, 0x4a, 0xfe, 0x4a, 0xfe, 0x4a, 0xfe, 0x2a, 0xfe, 0x2a, 0xfe,
    0x2a, 0xf6, 0x2a, 0xfe, 0x2a, 0xf6, 0x2a, 0xfe, 0x2a, 0xf6, 0x29, 0xf6,
    0x29, 0xf6, 0x29, 0xf6, 0x29, 0xf6, 0x29, 0xf6, 0x29, 0xf6, 0x09, 0xf6,
    0x09, 0xf6, 0x09, 0xf6, 0x09, 0xf6, 0x09, 0xf6, 0x09, 0xf6, 0x09, 0xf6,
    0x09, 0xf6, 0x09, 0xf6, 0x08, 0xf6, 0x08, 0xf6, 0x08, 0xf6, 0x08, 0xf6,
    0xe8, 0xf5, 0xe8, 0xf5, 0xe8, 0xf5, 0xe8, 0xf5, 0xe8, 0xf5, 0xe8, 0xf5,
    0xe8, 0xf5, 0xe8, 0xf5, 0xe8, 0xf5, 0xe8, 0xf5, 0xe8, 0xf5, 0xe8, 0xf5,
    0xe7, 0xf5, 0xe7, 0xf5, 0xc7, 0xf5, 0xc7, 0xf5, 0xc7, 0xf5, 0xc7, 0xf5,
    0xc7, 0xf5, 0xc7, 0xf5, 0xc7, 0xf5, 0xc7, 0xf5, 0xc7, 0xf5, 0xc7, 0xf5,
    0xc7, 0xf5, 0xc7, 0xf5, 0xc7, 0xf5, 0xa6, 0xf5, 0xa6, 0xf5, 0xa6, 0xf5,
    0xa6, 0xf5, 0xa6, 0xf5, 0xa6, 0xf5, 0xa6, 0xf5, 0xa6, 0xf5, 0xa6, 0xf5,
    0xa6, 0xf5, 0xa6, 0xf5, 0xa6, 0xf5, 0xa6, 0xf5, 0x86, 0xf5, 0x86, 0xf5,
    0x85, 0xf5, 0x85, 0xf5, 0x85, 0xf5, 0x85, 0xf5, 0x85, 0xf5, 0x85, 0xf5,
    0x85, 0xf5, 0x85, 0xf5, 0x85, 0xf5, 0x85, 0xf5, 0x85, 0xf5, 0x85, 0xf5,
    0x65, 0xf5, 0x65, 0xf5, 0x65, 0xf5, 0x64, 0xf5, 0x64, 0xf5, 0x64, 0xf5,
    0x64, 0xf5, 0x64, 0xf5, 0x64, 0xf5, 0x64, 0xf5, 0x64, 0xf5, 0x64, 0xf5,
    0x64, 0xf5, 0x44, 0xf5, 0x44, 0xf5, 0x44, 0xf5, 0x44, 0xf5, 0x44, 0xf5,
    0x43, 0xf5, 0x43, 0xf5, 0x43, 0xf5, 0x43, 0xf5, 0x43, 0xf5, 0x43, 0xf5,
    0xad, 0xfe, 0xad, 0xfe, 0xad, 0xfe, 0xad, 0xfe, 0xad, 0xfe, 0xad, 0xfe,
    0x8d, 0xfe, 0x8c, 0xfe, 0x8c, 0xfe, 0x8c, 0xfe, 0x8c, 0xfe, 0x8c, 0xfe,
    0x8c, 0xfe, 0x8c, 0xfe, 0x8c, 0xfe, 0x8c, 0xfe, 0x8c, 0xfe, 0x8c, 0xfe,
    0x8c, 0xfe, 0x8c, 0xfe, 0x6c, 0xfe, 0x6c, 0xfe, 0x6b, 0xfe, 0x6b, 0xfe,
    0x6b, 0xfe, 0x6b, 0xfe, 0x6b, 0xfe, 0x6b, 0xfe, 0x6b, 0xfe, 0x6b, 0xfe,
    0x6b, 0xfe, 0x6b, 0xfe, 0x4b, 0xfe, 0x4b, 0xfe, 0x4b, 0xfe, 0x4b, 0xfe,
    0x4b, 0xfe, 0x4b, 0xfe, 0x4a, 0xfe, 0x4a, 0xfe, 0x4a, 0xfe, 0x4a, 0xfe,
    0x4a, 0xfe, 0x4a, 0xfe, 0x4a, 0xfe, 0x4a, 0xfe, 0x2a, 0xfe, 0x2a, 0xfe,
    0x2a, 0xfe, 0x2a, 0xfe, 0x2a, 0xfe, 0x2a, 0xfe, 0x29, 0xfe, 0x29, 0xfe,
    0x29, 0xfe, 0x29, 0xfe, 0x29, 0xf6, 0x29, 0xfe, 0x29, 0xf6, 0x29, 0xfe,
    0x09, 0xf6, 0x09, 0xf6, 0x09, 0xf6, 0x09, 0xf6, 0x09, 0xf6, 0x09, 0xf6,
    0x09, 0xf6, 0x09, 0xf6, 0x08, 0xf6, 0x08, 0xf6, 0x08, 0xf6, 0x08, 0xf6,
    0xe8, 0xf5, 0xe8, 0xf5, 0xe8, 0xf5, 0xe8, 0xf5, 0xe8, 0xf5, 0xe8, 0xf5,
    0xe8, 0xf5, 0xe8, 0xf5, 0xe8, 0xf5, 0xe8, 0xf5, 0xe8, 0xf5, 0xe7, 0xf5,
    0xe7, 0xf5, 0xe7, 0xf5, 0xc7, 0xf5, 0xc7, 0xf5, 0xc7, 0xf5, 0xc7, 0xf5,
    0xc7, 0xf5, 0xc7, 0xf5, 0xc7, 0xf5, 0xc7, 0xf5, 0xc7, 0xf5, 0xc7, 0xf5,
    0xc7, 0xf5, 0xc7, 0xf5, 0xc6, 0xf5, 0xc6, 0xf5, 0xa6, 0xf5, 0xa6, 0xf5,
    0xa6, 0xf5, 0xa6, 0xf5, 0xa6, 0xf5, 0xa6, 0xf5, 0xa6, 0xf5, 0xa6, 0xf5,
    0xa6, 0xf5, 0xa6, 0xf5, 0xa6, 0xf5, 0xa6, 0xf5, 0x86, 0xf5, 0x86, 0xf5,
    0x85, 0xf5, 0x85, 0xf5, 0x85, 0xf5, 0x85, 0xf5, 0x85, 0xf5, 0x85, 0xf5,
    0x85, 0xf5, 0x85, 0xf5, 0x85, 0xf5, 0x85, 0xf5, 0x85, 0xf5, 0x85, 0xf5,
    0x65, 0xf5, 0x65, 0xf5, 0x64, 0xf5, 0x64, 0xf5, 0x64, 0xf5, 0x64, 0xf5,
    0x64, 0xf5, 0x64, 0xf5, 0x64, 0xf5, 0x64, 0xf5, 0x64, 0xf5, 0x64, 0xf5,
    0x64, 0xf5, 0x64, 0xf5, 0x44, 0xf5, 0x44, 0xf5, 0x44, 0xf5, 0x44, 0xf5,
    0x43, 0xf5, 0x43, 0xf5, 0x43, 0xf5, 0x43, 0xf5, 0x43, 0xf5, 0x43, 0xf5,
    0xad, 0xfe, 0xad, 0xfe, 0x8d, 0xfe, 0x8d, 0xfe, 0x8c, 0xfe, 0x8c, 0xfe,
    0x8c, 0xfe, 0x8c, 0xfe, 0x8c, 0xfe, 0x8c, 0xfe, 0x8c, 0xfe, 0x8c, 0xfe,
    0x8c, 0xfe, 0x8c, 0xfe, 0x8c, 0xfe, 0x8c, 0xfe, 0x6c, 0xfe, 0x6c, 0xfe,
    0x6c, 0xfe, 0x6c, 0xfe, 0x6b, 0xfe, 0x6b, 0xfe, 0x6b, 0xfe, 0x6b, 0xfe,
    0x6b, 0xfe, 0x6b, 0xfe, 0x6b, 0xfe, 0x6b, 0xfe, 0x4b, 0xfe, 0x4b, 0xfe,
    0x4b, 0xfe, 0x4b, 0xfe, 0x4b, 0xfe, 0x4b, 0xfe, 0x4b, 0xfe, 0x4a, 0xfe,
    0x4a, 0xfe, 0x4a, 0xfe, 0x4a, 0xfe, 0x4a, 0xfe, 0x4a, 0xfe, 0x4a, 0xfe,
    0x2a, 0xfe, 0x2a, 0xfe, 0x2a, 0xf6, 0x2a, 0xfe, 0x2a, 0xf6, 0x2a, 0xfe,
    0x2a, 0xf6, 0x2a, 0xf6, 0x29, 0xf6, 0x29, 0xf6, 0x29, 0xf6, 0x29, 0xf6,
    0x29, 0xf6, 0x29, 0xf6, 0x09, 0xf6, 0x09, 0xf6, 0x09, 0xf6, 0x09, 0xf6,
    0x09, 0xf6, 0x09, 0xf6, 0x09, 0xf6, 0x09, 0xf6, 0x09, 0xf6, 0x08, 0xf6,
    0x08, 0xf6, 0x08, 0xf6, 0xe8, 0xf5, 0xe8, 0xf5, 0xe8, 0xf5, 0xe8, 0xf5,
    0xe8, 0xf5, 0xe8, 0xf5, 0xe8, 0xf5, 0xe8, 0xf5, 0xe8, 0xf5, 0xe8, 0xf5,
    0xe8, 0xf5, 0xe8, 0xf5, 0xe7, 0xf5, 0xe7, 0xf5, 0xc7, 0xf5, 0xc7, 0xf5,
    0xc7, 0xf5, 0xc7, 0xf5, 0xc7, 0xf5, 0xc7, 0xf5, 0xc7, 0xf5, 0xc7, 0xf5,
    0xc7, 0xf5, 0xc7, 0xf5, 0xc7, 0xf5, 0xc7, 0xf5, 0xc7, 0xf5, 0xc7, 0xf5,
    0xa6, 0xf5, 0xa6, 0xf5, 0xa6, 0xf5, 0xa6, 0xf5, 0xa6, 0xf5, 0xa6, 0xf5,
    0xa6, 0xf5, 0xa6, 0xf5, 0xa6, 0xf5, 0xa6, 0xf5, 0xa6, 0xf5, 0xa6, 0xf5,
    0x86, 0xf5, 0x86, 0xf5, 0x86, 0xf5, 0x85, 0xf5, 0x85, 0xf5, 0x85, 0xf5,
    0x85, 0xf5, 0x85, 0xf5, 0x85, 0xf5, 0x85, 0xf5, 0x85, 0xf5, 0x85, 0xf5,
    0x85, 0xf5, 0x85, 0xf5, 0x65, 0xf5, 0x65, 0xf5, 0x65, 0xf5, 0x65, 0xf5,
    0x64, 0xf5, 0x64, 0xf5, 0x64, 0xf5, 0x64, 0xf5, 0x64, 0xf5, 0x64, 0xf5,
    0x64, 0xf5, 0x64, 0xf5, 0x64, 0xf5, 0x64, 0xf5, 0x44, 0xf5, 0x44, 0xf5,
    0x44, 0xf5, 0x44, 0xf5, 0x44, 0xf5, 0x43, 0xf5, 0x43, 0xf5, 0x43, 0xf5,
    0x43, 0xf5, 0x43, 0xf5, 0x43, 0xf5, 0x43, 0xf5, 0x23, 0xf5, 0x23, 0xf5,
    0xad, 0xfe, 0xad, 0xfe, 0x8d, 0xfe, 0x8d, 0xfe, 0x8c, 0xfe, 0x8c, 0xfe,
    0x8c, 0xfe, 0x8c, 0xfe, 0x8c, 0xfe, 0x8c, 0xfe, 0x8c, 0xfe, 0x8c, 0xfe,
    0x8c, 0xfe, 0x8c, 0xfe, 0x8c, 0xfe, 0x8c, 0xfe, 0x6c, 0xfe, 0x6c, 0xfe,
    0x6c, 0xfe, 0x6b, 0xfe, 0x6b, 0xfe, 0x6b, 0xfe, 0x6b, 0xfe, 0x6b, 0xfe,
    0x6b, 0xfe, 0x6b, 0xfe, 0x6b, 0xfe, 0x6b, 0xfe, 0x6b, 0xfe, 0x4b, 0xfe,
    0x4b, 0xfe, 0x4b, 0xfe, 0x4b, 0xfe, 0x4b, 0xfe, 0x4a, 0xfe, 0x4a, 0xfe,
    0x4a, 0xfe, 0x4a, 0xfe, 0x4a, 0xfe, 0x4a, 0xfe, 0x4a, 0xfe, 0x4a, 0xfe,
    0x2a, 0xfe, 0x2a, 0xfe, 0x2a, 0xfe, 0x2a, 0xfe, 0x2a, 0xfe, 0x2a, 0xfe,
    0x2a, 0xfe, 0x2a, 0xfe, 0x29, 0xfe, 0x29, 0xfe, 0x29, 0xf6, 0x29, 0xfe,
    0x29, 0xf6, 0x29, 0xfe, 0x09, 0xf6, 0x09, 0xf6, 0x09, 0xf6, 0x09, 0xf6,
    0x09, 0xf6, 0x09, 0xf6, 0x09, 0xf6, 0x09, 0xf6, 0x08, 0xf6, 0x08, 0xf6,
    0x08, 0xf6, 0x08, 0xf6, 0x08, 0xf6, 0xe8, 0xf5, 0xe8, 0xf5, 0xe8, 0xf5,
    0xe8, 0xf5, 0xe8, 0xf5, 0xe8, 0xf5, 0xe8, 0xf5, 0xe8, 0xf5, 0xe8, 0xf5,
    0xe8, 0xf5, 0xe8, 0xf5, 0xe7, 0xf5, 0xe7, 0xf5, 0xc7, 0xf5, 0xc7, 0xf5,
    0xc7, 0xf5, 0xc7, 0xf5, 0xc7, 0xf5, 0xc7, 0xf5, 0xc7, 0xf5, 0xc7, 0xf5,
    0xc7, 0xf5, 0xc7, 0xf5, 0xc7, 0xf5, 0xc7, 0xf5, 0xc7, 0xf5, 0xc6, 0xf5,
    0xa6, 0xf5, 0xa6, 0xf5, 0xa6, 0xf5, 0xa6, 0xf5, 0xa6, 0xf5, 0xa6, 0xf5,
    0xa6, 0xf5, 0xa6, 0xf5, 0xa6, 0xf5, 0xa6, 0xf5, 0xa6, 0xf5, 0xa6, 0xf5,
    0xa6, 0xf5, 0x86, 0xf5, 0x85, 0xf5, 0x85, 0xf5, 0x85, 0xf5, 0x85, 0xf5,
    0x85, 0xf5, 0x85, 0xf5, 0x85, 0xf5, 0x85, 0xf5, 0x85, 0xf5, 0x85, 0xf5,
    0x85, 0xf5, 0x85, 0xf5, 0x65, 0xf5, 0x65, 0xf5, 0x65, 0xf5, 0x65, 0xf5,
    0x64, 0xf5, 0x64, 0xf5, 0x64, 0xf5, 0x64, 0xf5, 0x64, 0xf5, 0x64, 0xf5,
    0x64, 0xf5, 0x64, 0xf5, 0x64, 0xf5, 0x64, 0xf5, 0x44, 0xf5, 0x44, 0xf5,
    0x44, 0xf5, 0x44, 0xf5, 0x43, 0xf5, 0x43, 0xf5, 0x43, 0xf5, 0x43, 0xf5,
    0x43, 0xf5, 0x43, 0xf5, 0x43, 0xf5, 0x43, 0xf5, 0x43, 0xf5, 0x23, 0xf5,
    0x8d, 0xfe, 0x8d, 0xfe, 0x8c, 0xfe, 0x8c, 0xfe, 0x8c, 0xfe, 0x8c, 0xfe,
    0x8c, 0xfe, 0x8c, 0xfe, 0x8c, 0xfe, 0x8c, 0xfe, 0x8c, 0xfe, 0x8c, 0xfe,
    0x6c, 0xfe, 0x6c, 0xfe, 0x6c, 0xfe, 0x6c, 0xfe, 0x6b, 0xfe, 0x6b, 0xfe,
    0x6b, 0xfe, 0x6b, 0xfe, 0x6b, 0xfe, 0x6b, 0xfe, 0x6b, 0xfe, 0x6b, 0xfe,
    0x6b, 0xfe, 0x6b, 0xfe, 0x4b, 0xfe, 0x4b, 0xfe, 0x4b, 0xfe, 0x4b, 0xfe,
    0x4b, 0xfe, 0x4b, 0xfe, 0x4a, 0xfe, 0x4a, 0xfe, 0x4a, 0xfe, 0x4a, 0xfe,
    0x4a, 0xfe, 0x4a, 0xfe, 0x4a, 0xfe, 0x4a, 0xfe, 0x2a, 0xfe, 0x2a, 0xfe,
    0x2a, 0xfe, 0x2a, 0xfe, 0x2a, 0xf6, 0x2a, 0xfe, 0x2a, 0xf6, 0x29, 0xfe,
    0x29, 0xf6, 0x29, 0xf6, 0x29, 0xf6, 0x29, 0xf6, 0x09, 0xf6, 0x09, 0xf6,
    0x09, 0xf6, 0x09, 0xf6, 0x09, 0xf6, 0x09, 0xf6, 0x09, 0xf6, 0x09, 0xf6,
    0x09, 0xf6, 0x09, 0xf6, 0x08, 0xf6, 0x08, 0xf6, 0x08, 0xf6, 0x08, 0xf6,
    0xe8, 0xf5, 0xe8, 0xf5, 0xe8, 0xf5, 0xe8, 0xf5, 0xe8, 0xf5, 0xe8, 0xf5,
    0xe8, 0xf5, 0xe8, 0xf5, 0xe8, 0xf5, 0xe8, 0xf5, 0xe8, 0xf5, 0xe8, 0xf5,
    0xe7, 0xf5, 0xe7, 0xf5, 0xc7, 0xf5, 0xc7, 0xf5, 0xc7, 0xf5, 0xc7, 0xf5,
    0xc7, 0xf5, 0xc7, 0xf5, 0xc7, 0xf5, 0xc7, 0xf5, 0xc7, 0xf5, 0xc7, 0xf5,
    0xc7, 0xf5, 0xc7, 0xf5, 0xa6, 0xf5, 0xa6, 0xf5, 0xa6, 0xf5, 0xa6, 0xf5,
    0xa6, 0xf5, 0xa6, 0xf5, 0xa6, 0xf5, 0xa6, 0xf5, 0xa6, 0xf5, 0xa6, 0xf5,
    0xa6, 0xf5, 0xa6, 0xf5, 0xa6, 0xf5, 0xa6, 0xf5, 0x86, 0xf5, 0x86, 0xf5,
    0x85, 0xf5, 0x85, 0xf5, 0x85, 0xf5, 0x85, 0xf5, 0x85, 0xf5, 0x85, 0xf5,
    0x85, 0xf5, 0x85, 0xf5, 0x85, 0xf5, 0x85, 0xf5, 0x85, 0xf5, 0x85, 0xf5,
    0x65, 0xf5, 0x65, 0xf5, 0x65, 0xf5, 0x64, 0xf5, 0x64, 0xf5, 0x64, 0xf5,
    0x64, 0xf5, 0x64, 0xf5, 0x64, 0xf5, 0x64, 0xf5, 0x64, 0xf5, 0x64, 0xf5,
    0x44, 0xf5, 0x44, 0xf5, 0x44, 0xf5, 0x44, 0xf5, 0x44, 0xf5, 0x44, 0xf5,
    0x43, 0xf5, 0x43, 0xf5, 0x43, 0xf5, 0x43, 0xf5, 0x43, 0xf5, 0x43, 0xf5,
    0x43, 0xf5, 0x43, 0xf5, 0x23, 0xf5, 0x23, 0xf5, 0x23, 0xf5, 0x23, 0xf5,
    0x8d, 0xfe, 0x8c, 0xfe, 0x8c, 0xfe, 0x8c, 0xfe, 0x8c, 0xfe, 0x8c, 0xfe,
    0x8c, 0xfe, 0x8c, 0xfe, 0x8c, 0xfe, 0x8c, 0xfe, 0x8c, 0xfe, 0x8c, 0xfe,
    0x8c, 0xfe, 0x6c, 0xfe, 0x6c, 0xfe, 0x6c, 0xfe, 0x6b, 0xfe, 0x6b, 0xfe,
    0x6b, 0xfe, 0x6b, 0xfe, 0x6b, 0xfe, 0x6b, 0xfe, 0x6b, 0xfe, 0x6b, 0xfe,
    0x6b, 0xfe, 0x6b, 0xfe, 0x4b, 0xfe, 0x4b, 0xfe, 0x4b, 0xfe, 0x4b, 0xfe,
    0x4b, 0xfe, 0x4b, 0xfe, 0x4a, 0xfe, 0x4a, 0xfe, 0x4a, 0xfe, 0x4a, 0xfe,
    0x4a, 0xfe, 0x4a, 0xfe, 0x4a, 0xfe, 0x4a, 0xfe, 0x2a, 0xfe, 0x2a, 0xfe,
    0x2a, 0xfe, 0x2a, 0xfe, 0x2a, 0xfe, 0x2a, 0xfe, 0x29, 0xfe, 0x29, 0xfe,
    0x29, 0xfe, 0x29, 0xfe, 0x29, 0xfe, 0x29, 0xfe, 0x29, 0xf6, 0x09, 0xfe,
    0x09, 0xf6, 0x09, 0xfe, 0x09, 0xf6, 0x09, 0xf6, 0x09, 0xf6, 0x09, 0xf6,
    0x09, 0xf6, 0x09, 0xf6, 0x08, 0xf6, 0x08, 0xf6, 0x08, 0xf6, 0x08, 0xf6,
    0xe8, 0xf5, 0xe8, 0xf5, 0xe8, 0xf5, 0xe8, 0xf5, 0xe8, 0xf5, 0xe8, 0xf5,
    0xe8, 0xf5, 0xe8, 0xf5, 0xe8, 0xf5, 0xe8, 0xf5, 0xe8, 0xf5, 0xe7, 0xf5,
    0xe7, 0xf5, 0xe7, 0xf5, 0xc7, 0xf5, 0xc7, 0xf5, 0xc7, 0xf5, 0xc7, 0xf5,
    0xc7, 0xf5, 0xc7, 0xf5, 0xc7, 0xf5, 0xc7, 0xf5, 0xc7, 0xf5, 0xc7, 0xf5,
    0xc7, 0xf5, 0xc7, 0xf5, 0xc6, 0xf5, 0xa6, 0xf5, 0xa6, 0xf5, 0xa6, 0xf5,
    0xa6, 0xf5, 0xa6, 0xf5, 0xa6, 0xf5, 0xa6, 0xf5, 0xa6, 0xf5, 0xa6, 0xf5,
    0xa6, 0xf5, 0xa6, 0xf5, 0xa6, 0xf5, 0xa6, 0xf5, 0x86, 0xf5, 0x86, 0xf5,
    0x85, 0xf5, 0x85, 0xf5, 0x85, 0xf5, 0x85, 0xf5, 0x85, 0xf5, 0x85, 0xf5,
    0x85, 0xf5, 0x85, 0xf5, 0x85, 0xf5, 0x85, 0xf5, 0x85, 0xf5, 0x85, 0xf5,
    0x65, 0xf5, 0x65, 0xf5, 0x64, 0xf5, 0x64, 0xf5, 0x64, 0xf5, 0x64, 0xf5,
    0x64, 0xf5, 0x64, 0xf5, 0x64, 0xf5, 0x64, 0xf5, 0x64, 0xf5, 0x64, 0xf5,
    0x64, 0xf5, 0x44, 0xf5, 0x44, 0xf5, 0x44, 0xf5, 0x44, 0xf5, 0x44, 0xf5,
    0x43, 0xf5, 0x43, 0xf5, 0x43, 0xf5, 0x43, 0xf5, 0x43, 0xf5, 0x43, 0xf5,
    0x43, 0xf5, 0x43, 0xf5, 0x23, 0xf5, 0x23, 0xf5, 0x23, 0xf5, 0x23, 0xf5,
    0x8c, 0xfe, 0x8c, 0xfe, 0x8c, 0xfe, 0x8c, 0xfe, 0x8c, 0xfe, 0x8c, 0xfe,
    0x8c, 0xfe, 0x8c, 0xfe, 0x8c, 0xfe, 0x8c, 0xfe, 0x6c, 0xfe, 0x6c, 0xfe,
    0x6c, 0xfe, 0x6c, 0xfe, 0x6b, 0xfe, 0x6b, 0xfe, 0x6b, 0xfe, 0x6b, 0xfe,
    0x6b, 0xfe, 0x6b, 0xfe, 0x6b, 0xfe, 0x6b, 0xfe, 0x4b, 0xfe, 0x4b, 0xfe,
    0x4b, 0xfe, 0x4b, 0xfe, 0x4b, 0xfe, 0x4b, 0xfe, 0x4a, 0xfe, 0x4a, 0xfe,
    0x4a, 0xfe, 0x4a, 0xfe, 0x4a, 0xfe, 0x4a, 0xfe, 0x4a, 0xfe, 0x4a, 0xfe,
    0x2a, 0xf6, 0x2a, 0xfe, 0x2a, 0xf6, 0x2a, 0xfe, 0x2a, 0xf6, 0x2a, 0xf6,
    0x2a, 0xf6, 0x2a, 0xf6, 0x29, 0xf6, 0x29, 0xf6, 0x29, 0xf6, 0x29, 0xf6,
    0x29, 0xf6, 0x29, 0xf6, 0x09, 0xf6, 0x09, 0xf6, 0x09, 0xf6, 0x09, 0xf6,
    0x09, 0xf6, 0x09, 0xf6, 0x09, 0xf6, 0x09, 0xf6, 0x09, 0xf6, 0x08, 0xf6,
    0x08, 0xf6, 0x08, 0xf6, 0xe8, 0xf5, 0xe8, 0xf5, 0xe8, 0xf5, 0xe8, 0xf5,
    0xe8, 0xf5, 0xe8, 0xf5, 0xe8, 0xf5, 0xe8, 0xf5, 0xe8, 0xf5, 0xe8, 0xf5,
    0xe8, 0xf5, 0xe8, 0xf5, 0xe7, 0xf5, 0xe7, 0xf5, 0xc7, 0xf5, 0xc7, 0xf5,
    0xc7, 0xf5, 0xc7, 0xf5, 0xc7, 0xf5, 0xc7, 0xf5, 0xc7, 0xf5, 0xc7, 0xf5,
    0xc7, 0xf5, 0xc7, 0xf5, 0xc7, 0xf5, 0xc7, 0xf5, 0xc7, 0xf5, 0xc7, 0xf5,
    0xa6, 0xf5, 0xa6, 0xf5, 0xa6, 0xf5, 0xa6, 0xf5, 0xa6, 0xf5, 0xa6, 0xf5,
    0xa6, 0xf5, 0xa6, 0xf5, 0xa6, 0xf5, 0xa6, 0xf5, 0xa6, 0xf5, 0xa6, 0xf5,
    0x86, 0xf5, 0x86, 0xf5, 0x85, 0xf5, 0x85, 0xf5, 0x85, 0xf5, 0x85, 0xf5,
    0x85, 0xf5, 0x85, 0xf5, 0x85, 0xf5, 0x85, 0xf5, 0x85, 0xf5, 0x85, 0xf5,
    0x85, 0xf5, 0x85, 0xf5, 0x65, 0xf5, 0x65, 0xf5, 0x65, 0xf5, 0x65, 0xf5,
    0x64, 0xf5, 0x64, 0xf5, 0x64, 0xf5, 0x64, 0xf5, 0x64, 0xf5, 0x64, 0xf5,
    0x64, 0xf5, 0x64, 0xf5, 0x64, 0xf5, 0x64, 0xf5, 0x44, 0xf5, 0x44, 0xf5,
    0x44, 0xf5, 0x44, 0xf5, 0x44, 0xf5, 0x43, 0xf5, 0x43, 0xf5, 0x43, 0xf5,
    0x43, 0xf5, 0x43, 0xf5, 0x43, 0xf5, 0x43, 0xf5, 0x23, 0xf5, 0x23, 0xf5,
    0x23, 0xf5, 0x23, 0xf5, 0x23, 0xf5, 0x23, 0xf5, 0x23, 0xf5, 0x23, 0xf5,
    0x8c, 0xfe, 0x8c, 0xfe, 0x8c, 0xfe, 0x8c, 0xfe, 0x8c, 0xfe, 0x8c, 0xfe,
    0x8c, 0xfe, 0x8c, 0xfe, 0x8c, 0xfe, 0x8c, 0xfe, 0x6c, 0xfe, 0x6c, 0xfe,
    0x6c, 0xfe, 0x6b, 0xfe, 0x6b, 0xfe, 0x6b, 0xfe, 0x6b, 0xfe, 0x6b, 0xfe,
    0x6b, 0xfe, 0x6b, 0xfe, 0x6b, 0xfe, 0x6b, 0xfe, 0x4b, 0xfe, 0x4b, 0xfe,
    0x4b, 0xfe, 0x4b, 0xfe, 0x4b, 0xfe, 0x4b, 0xfe, 0x4a, 0xfe, 0x4a, 0xfe,
    0x4a, 0xfe, 0x4a, 0xfe, 0x4a, 0xfe, 0x4a, 0xfe, 0x4a, 0xfe, 0x4a, 0xfe,
    0x2a, 0xfe, 0x2a, 0xfe, 0x2a, 0xfe, 0x2a, 0xfe, 0x2a, 0xfe, 0x2a, 0xfe,
    0x2a, 0xfe, 0x2a, 0xfe, 0x29, 0xf6, 0x29, 0xfe, 0x29, 0xf6, 0x29, 0xfe,
    0x29, 0xf6, 0x29, 0xf6, 0x09, 0xf6, 0x09, 0xf6, 0x09, 0xf6, 0x09, 0xf6,
    0x09, 0xf6, 0x09, 0xf6, 0x09, 0xf6, 0x09, 0xf6, 0x08, 0xf6, 0x08, 0xf6,
    0x08, 0xf6, 0x08, 0xf6, 0xe8, 0xf5, 0xe8, 0xf5, 0xe8, 0xf5, 0xe8, 0xf5,
    0xe8, 0xf5, 0xe8, 0xf5, 0xe8, 0xf5, 0xe8, 0xf5, 0xe8, 0xf5, 0xe8, 0xf5,
    0xe8, 0xf5, 0xe8, 0xf5, 0xe7, 0xf5, 0xe7, 0xf5, 0xc7, 0xf5, 0xc7, 0xf5,
    0xc7, 0xf5, 0xc7, 0xf5, 0xc7, 0xf5, 0xc7, 0xf5, 0xc7, 0xf5, 0xc7, 0xf5,
    0xc7, 0xf5, 0xc7, 0xf5, 0xc7, 0xf5, 0xc7, 0xf5, 0xc6, 0xf5, 0xc6, 0xf5,
    0xa6, 0xf5, 0xa6, 0xf5, 0xa6, 0xf5, 0xa6, 0xf5, 0xa6, 0xf5, 0xa6, 0xf5,
    0xa6, 0xf5, 0xa6, 0xf5, 0xa6, 0xf5, 0xa6, 0xf5, 0xa6, 0xf5, 0xa6, 0xf5,
    0x86, 0xf5, 0x86, 0xf5, 0x85, 0xf5, 0x85, 0xf5, 0x85, 0xf5, 0x85, 0xf5,
    0x85, 0xf5, 0x85, 0xf5, 0x85, 0xf5, 0x85, 0xf5, 0x85, 0xf5, 0x85, 0xf5,
    0x85, 0xf5, 0x85, 0xf5, 0x65, 0xf5, 0x65, 0xf5, 0x65, 0xf5, 0x64, 0xf5,
    0x64, 0xf5, 0x64, 0xf5, 0x64, 0xf5, 0x64, 0xf5, 0x64, 0xf5, 0x64, 0xf5,
    0x64, 0xf5, 0x64, 0xf5, 0x64, 0xf5, 0x64, 0xf5, 0x44, 0xf5, 0x44, 0xf5,
    0x44, 0xf5, 0x44, 0xf5, 0x43, 0xf5, 0x43, 0xf5, 0x43, 0xf5, 0x43, 0xf5,
    0x43, 0xf5, 0x43, 0xf5, 0x43, 0xf5, 0x43, 0xf5, 0x23, 0xf5, 0x23, 0xf5,
    0x23, 0xf5, 0x23, 0xf5, 0x23, 0xf5, 0x23, 0xf5, 0x23, 0xf5, 0x23, 0xf5,
    0x8c, 0xfe, 0x8c, 0xfe, 0x8c, 0xfe, 0x8c, 0xfe, 0x8c, 0xfe, 0x8c, 0xfe,
    0x6c, 0xfe, 0x6c, 0xfe, 0x6c, 0xfe, 0x6c, 0xfe, 0x6b, 0xfe, 0x6b, 0xfe,
    0x6b, 0xfe, 0x6b, 0xfe, 0x6b, 0xfe, 0x6b, 0xfe, 0x6b, 0xfe, 0x6b, 0xfe,
    0x6b, 0xfe, 0x6b, 0xfe, 0x4b, 0xfe, 0x4b, 0xfe, 0x4b, 0xfe, 0x4b, 0xfe,
    0x4b, 0xfe, 0x4b, 0xfe, 0x4a, 0xfe, 0x4a, 0xfe, 0x4a, 0xfe, 0x4a, 0xfe,
    0x4a, 0xfe, 0x4a, 0xfe, 0x4a, 0xfe, 0x4a, 0xfe, 0x2a, 0xfe, 0x2a, 0xfe,
    0x2a, 0xf6, 0x2a, 0xfe, 0x2a, 0xf6, 0x2a, 0xfe, 0x2a, 0xf6, 0x29, 0xf6,
    0x29, 0xf6, 0x29, 0xf6, 0x29, 0xf6, 0x29, 0xf6, 0x09, 0xf6, 0x09, 0xf6,
    0x09, 0xf6, 0x09, 0xf6, 0x09, 0xf6, 0x09, 0xf6, 0x09, 0xf6, 0x09, 0xf6,
    0x09, 0xf6, 0x09, 0xf6, 0x08, 0xf6, 0x08, 0xf6, 0x08, 0xf6, 0x08, 0xf6,
    0xe8, 0xf5, 0xe8, 0xf5, 0xe8, 0xf5, 0xe8, 0xf5, 0xe8, 0xf5, 0xe8, 0xf5,
    0xe8, 0xf5, 0xe8, 0xf5, 0xe8, 0xf5, 0xe8, 0xf5, 0xe8, 0xf5, 0xe8, 0xf5,
    0xe7, 0xf5, 0xe7, 0xf5, 0xc7, 0xf5, 0xc7, 0xf5, 0xc7, 0xf5, 0xc7, 0xf5,
    0xc7, 0xf5, 0xc7, 0xf5, 0xc7, 0xf5, 0xc7, 0xf5, 0xc7, 0xf5, 0xc7, 0xf5,
    0xc7, 0xf5, 0xc7, 0xf5, 0xa6, 0xf5, 0xa6, 0xf5, 0xa6, 0xf5, 0xa6, 0xf5,
    0xa6, 0xf5, 0xa6, 0xf5, 0xa6, 0xf5, 0xa6, 0xf5, 0xa6, 0xf5, 0xa6, 0xf5,
    0xa6, 0xf5, 0xa6, 0xf5, 0xa6, 0xf5, 0xa6, 0xf5, 0x86, 0xf5, 0x86, 0xf5,
    0x85, 0xf5, 0x85, 0xf5, 0x85, 0xf5, 0x85, 0xf5, 0x85, 0xf5, 0x85, 0xf5,
    0x85, 0xf5, 0x85, 0xf5, 0x85, 0xf5, 0x85, 0xf5, 0x85, 0xf5, 0x85, 0xf5,
    0x65, 0xf5, 0x65, 0xf5, 0x65, 0xf5, 0x64, 0xf5, 0x64, 0xf5, 0x64, 0xf5,
    0x64, 0xf5, 0x64, 0xf5, 0x64, 0xf5, 0x64, 0xf5, 0x64, 0xf5, 0x64, 0xf5,
    0x44, 0xf5, 0x44, 0xf5, 0x44, 0xf5, 0x44, 0xf5, 0x44, 0xf5, 0x44, 0xf5,
    0x43, 0xf5, 0x43, 0xf5, 0x43, 0xf5, 0x43, 0xf5, 0x43, 0xf5, 0x43, 0xf5,
    0x43, 0xf5, 0x43, 0xf5, 0x23, 0xf5, 0x23, 0xf5, 0x23, 0xf5, 0x23, 0xf5,
    0x23, 0xf5, 0x23, 0xf5, 0x23, 0xf5, 0x23, 0xf5, 0x22, 0xf5, 0x22, 0xf5,
    0x8c, 0xfe, 0x8c, 0xfe, 0x8c, 0xfe, 0x8c, 0xfe, 0x8c, 0xfe, 0x8c, 0xfe,
    0x6c, 0xfe, 0x6c, 0xfe, 0x6c, 0xfe, 0x6c, 0xfe, 0x6b, 0xfe, 0x6b, 0xfe,
    0x6b, 0xfe, 0x6b, 0xfe, 0x6b, 0xfe, 0x6b, 0xfe, 0x6b, 0xfe, 0x6b, 0xfe,
    0x6b, 0xfe, 0x6b, 0xfe, 0x4b, 0xfe, 0x4b, 0xfe, 0x4b, 0xfe, 0x4b, 0xfe,
    0x4b, 0xfe, 0x4a, 0xfe, 0x4a, 0xfe, 0x4a, 0xfe, 0x4a, 0xfe, 0x4a, 0xfe,
    0x4a, 0xfe, 0x4a, 0xfe, 0x4a, 0xfe, 0x4a, 0xfe, 0x2a, 0xfe, 0x2a, 0xfe,
    0x2a, 0xfe, 0x2a, 0xfe, 0x2a, 0xfe, 0x2a, 0xfe, 0x29, 0xfe, 0x29, 0xfe,
    0x29, 0xfe, 0x29, 0xfe, 0x29, 0xf6, 0x29, 0xfe, 0x09, 0xf6, 0x09, 0xfe,
    0x09, 0xf6, 0x09, 0xf6, 0x09, 0xf6, 0x09, 0xf6, 0x09, 0xf6, 0x09, 0xf6,
    0x09, 0xf6, 0x09, 0xf6, 0x08, 0xf6, 0x08, 0xf6, 0x08, 0xf6, 0x08, 0xf6,
    0xe8, 0xf5, 0xe8, 0xf5, 0xe8, 0xf5, 0xe8, 0xf5, 0xe8, 0xf5, 0xe8, 0xf5,
    0xe8, 0xf5, 0xe8, 0xf5, 0xe8, 0xf5, 0xe8, 0xf5, 0xe8, 0xf5, 0xe7, 0xf5,
    0xe7, 0xf5, 0xe7, 0xf5, 0xc7, 0xf5, 0xc7, 0xf5, 0xc7, 0xf5, 0xc7, 0xf5,
    0xc7, 0xf5, 0xc7, 0xf5, 0xc7, 0xf5, 0xc7, 0xf5, 0xc7, 0xf5, 0xc7, 0xf5,
    0xc7, 0xf5, 0xc7, 0xf5, 0xa6, 0xf5, 0xa6, 0xf5, 0xa6, 0xf5, 0xa6, 0xf5,
    0xa6, 0xf5, 0xa6, 0xf5, 0xa6, 0xf5, 0xa6, 0xf5, 0xa6, 0xf5, 0xa6, 0xf5,
    0xa6, 0xf5, 0xa6, 0xf5, 0xa6, 0xf5, 0xa6, 0xf5, 0x86, 0xf5, 0x85, 0xf5,
    0x85, 0xf5, 0x85, 0xf5, 0x85, 0xf5, 0x85, 0xf5, 0x85, 0xf5, 0x85, 0xf5,
    0x85, 0xf5, 0x85, 0xf5, 0x85, 0xf5, 0x85, 0xf5, 0x85, 0xf5, 0x85, 0xf5,
    0x65, 0xf5, 0x65, 0xf5, 0x64, 0xf5, 0x64, 0xf5, 0x64, 0xf5, 0x64, 0xf5,
    0x64, 0xf5, 0x64, 0xf5, 0x64, 0xf5, 0x64, 0xf5, 0x64, 0xf5, 0x64, 0xf5,
    0x44, 0xf5, 0x44, 0xf5, 0x44, 0xf5, 0x44, 0xf5, 0x44, 0xf5, 0x44, 0xf5,
    0x43, 0xf5, 0x43, 0xf5, 0x43, 0xf5, 0x43, 0xf5, 0x43, 0xf5, 0x43, 0xf5,
    0x43, 0xf5, 0x43, 0xf5, 0x23, 0xf5, 0x23, 0xf5, 0x23, 0xf5, 0x23, 0xf5,
    0x23, 0xf5, 0x23, 0xf5, 0x23, 0xf5, 0x22, 0xf5, 0x22, 0xf5, 0x22, 0xf5,
    0x8c, 0xfe, 0x8c, 0xfe, 0x8c, 0xfe, 0x8c, 0xfe, 0x6c, 0xfe, 0x6c, 0xfe,
    0x6c, 0xfe, 0x6c, 0xfe, 0x6b, 0xfe, 0x6b, 0xfe, 0x6b, 0xfe, 0x6b, 0xfe,
    0x6b, 0xfe, 0x6b, 0xfe, 0x6b, 0xfe, 0x6b, 0xfe, 0x4b, 0xfe, 0x4b, 0xfe,
    0x4b, 0xfe, 0x4b, 0xfe, 0x4b, 0xfe, 0x4b, 0xfe, 0x4a, 0xfe, 0x4a, 0xfe,
    0x4a, 0xfe, 0x4a, 0xfe, 0x4a, 0xfe, 0x4a, 0xfe, 0x4a, 0xfe, 0x4a, 0xfe,
    0x2a, 0xfe, 0x2a, 0xfe, 0x2a, 0xf6, 0x2a, 0xfe, 0x2a, 0xf6, 0x2a, 0xfe,
    0x2a, 0xf6, 0x2a, 0xf6, 0x29, 0xf6, 0x29, 0xf6, 0x29, 0xf6, 0x29, 0xf6,
    0x29, 0xf6, 0x29, 0xf6, 0x09, 0xf6, 0x09, 0xf6, 0x09, 0xf6, 0x09, 0xf6,
    0x09, 0xf6, 0x09, 0xf6, 0x09, 0xf6, 0x09, 0xf6, 0x09, 0xf6, 0x08, 0xf6,
    0x08, 0xf6, 0x08, 0xf6, 0xe8, 0xf5, 0xe8, 0xf5, 0xe8, 0xf5, 0xe8, 0xf5,
    0xe8, 0xf5, 0xe8, 0xf5, 0xe8, 0xf5, 0xe8, 0xf5, 0xe8, 0xf5, 0xe8, 0xf5,
    0xe8, 0xf5, 0xe8, 0xf5, 0xe7, 0xf5, 0xe7, 0xf5, 0xc7, 0xf5, 0xc7, 0xf5,
    0xc7, 0xf5, 0xc7, 0xf5, 0xc7, 0xf5, 0xc7, 0xf5, 0xc7, 0xf5, 0xc7, 0xf5,
    0xc7, 0xf5, 0xc7, 0xf5, 0xc7, 0xf5, 0xc7, 0xf5, 0xc7, 0xf5, 0xc7, 0xf5,
    0xa6, 0xf5, 0xa6, 0xf5, 0xa6, 0xf5, 0xa6, 0xf5, 0xa6, 0xf5, 0xa6, 0xf5,
    0xa6, 0xf5, 0xa6, 0xf5, 0xa6, 0xf5, 0xa6, 0xf5, 0xa6, 0xf5, 0xa6, 0xf5,
    0x86, 0xf5, 0x86, 0xf5, 0x85, 0xf5, 0x85, 0xf5, 0x85, 0xf5, 0x85, 0xf5,
    0x85, 0xf5, 0x85, 0xf5, 0x85, 0xf5, 0x85, 0xf5, 0x85, 0xf5, 0x85, 0xf5,
    0x85, 0xf5, 0x85, 0xf5, 0x65, 0xf5, 0x65, 0xf5, 0x65, 0xf5, 0x65, 0xf5,
    0x64, 0xf5, 0x64, 0xf5, 0x64, 0xf5, 0x64, 0xf5, 0x64, 0xf5, 0x64, 0xf5,
    0x64, 0xf5, 0x64, 0xf5, 0x64, 0xf5, 0x64, 0xf5, 0x44, 0xf5, 0x44, 0xf5,
    0x44, 0xf5, 0x44, 0xf5, 0x44, 0xf5, 0x43, 0xf5, 0x43, 0xf5, 0x43, 0xf5,
    0x43, 0xf5, 0x43, 0xf5, 0x43, 0xf5, 0x43, 0xf5, 0x23, 0xf5, 0x23, 0xf5,
    0x23, 0xf5, 0x23, 0xf5, 0x23, 0xf5, 0x23, 0xf5, 0x23, 0xf5, 0x23, 0xf5,
    0x22, 0xf5, 0x22, 0xf5, 0x22, 0xf5, 0x22, 0xf5, 0x22, 0xf5, 0x22, 0xf5,
    0x8c, 0xfe, 0x8c, 0xfe, 0x8c, 0xfe, 0x8c, 0xfe, 0x6c, 0xfe, 0x6c, 0xfe,
    0x6c, 0xfe, 0x6b, 0xfe, 0x6b, 0xfe, 0x6b, 0xfe, 0x6b, 0xfe, 0x6b, 0xfe,
    0x6b, 0xfe, 0x6b, 0xfe, 0x6b, 0xfe, 0x6b, 0xfe, 0x4b, 0xfe, 0x4b, 0xfe,
    0x4b, 0xfe, 0x4b, 0xfe, 0x4b, 0xfe, 0x4b, 0xfe, 0x4a, 0xfe, 0x4a, 0xfe,
    0x4a, 0xfe, 0x4a, 0xfe, 0x4a, 0xfe, 0x4a, 0xfe, 0x4a, 0xfe, 0x4a, 0xfe,
    0x2a, 0xfe, 0x2a, 0xfe, 0x2a, 0xfe, 0x2a, 0xfe, 0x2a, 0xfe, 0x2a, 0xfe,
    0x2a, 0xfe, 0x29, 0xfe, 0x29, 0xfe, 0x29, 0xfe, 0x29, 0xf6, 0x29, 0xfe,
    0x29, 0xf6, 0x29, 0xfe, 0x09, 0xf6, 0x09, 0xf6, 0x09, 0xf6, 0x09, 0xf6,
    0x09, 0xf6, 0x09, 0xf6, 0x09, 0xf6, 0x09, 0xf6, 0x08, 0xf6, 0x08, 0xf6,
    0x08, 0xf6, 0x08, 0xf6, 0xe8, 0xf5, 0xe8, 0xf5, 0xe8, 0xf5, 0xe8, 0xf5,
    0xe8, 0xf5, 0xe8, 0xf5, 0xe8, 0xf5, 0xe8, 0xf5, 0xe8, 0xf5, 0xe8, 0xf5,
    0xe8, 0xf5, 0xe8, 0xf5, 0xe7, 0xf5, 0xe7, 0xf5, 0xc7, 0xf5, 0xc7, 0xf5,
    0xc7, 0xf5, 0xc7, 0xf5, 0xc7, 0xf5, 0xc7, 0xf5, 0xc7, 0xf5, 0xc7, 0xf5,
    0xc7, 0xf5, 0xc7, 0xf5, 0xc7, 0xf5, 0xc7, 0xf5, 0xc6, 0xf5, 0xc6, 0xf5,
    0xa6, 0xf5, 0xa6, 0xf5, 0xa6, 0xf5, 0xa6, 0xf5, 0xa6, 0xf5, 0xa6, 0xf5,
    0xa6, 0xf5, 0xa6, 0xf5, 0xa6, 0xf5, 0xa6, 0xf5, 0xa6, 0xf5, 0xa6, 0xf5,
    0x86, 0xf5, 0x86, 0xf5, 0x85, 0xf5, 0x85, 0xf5, 0x85, 0xf5, 0x85, 0xf5,
    0x85, 0xf5, 0x85, 0xf5, 0x85, 0xf5, 0x85, 0xf5, 0x85, 0xf5, 0x85, 0xf5,
    0x85, 0xf5, 0x85, 0xf5, 0x65, 0xf5, 0x65, 0xf5, 0x65, 0xf5, 0x64, 0xf5,
    0x64, 0xf5, 0x64, 0xf5, 0x64, 0xf5, 0x64, 0xf5, 0x64, 0xf5, 0x64, 0xf5,
    0x64, 0xf5, 0x64, 0xf5, 0x64, 0xf5, 0x64, 0xf5, 0x44, 0xf5, 0x44, 0xf5,
    0x44, 0xf5, 0x44, 0xf5, 0x43, 0xf5, 0x43, 0xf5, 0x43, 0xf5, 0x43, 0xf5,
    0x43, 0xf5, 0x43, 0xf5, 0x43, 0xf5, 0x43, 0xf5, 0x23, 0xf5, 0x23, 0xf5,
    0x23, 0xf5, 0x23, 0xf5, 0x23, 0xf5, 0x23, 0xf5, 0x23, 0xf5, 0x23, 0xf5,
    0x22, 0xf5, 0x22, 0xf5, 0x22, 0xf5, 0x22, 0xf5, 0x22, 0xf5, 0x22, 0xf5,
    0x6c, 0xfe, 0x6c, 0xfe, 0x6c, 0xfe, 0x6c, 0xfe, 0x6b, 0xfe, 0x6b, 0xfe,
    0x6b, 0xfe, 0x6b, 0xfe, 0x6b, 0xfe, 0x6b, 0xfe, 0x6b, 0xfe, 0x6b, 0xfe,
    0x6b, 0xfe, 0x6b, 0xfe, 0x4b, 0xfe, 0x4b, 0xfe, 0x4b, 0xfe, 0x4b, 0xfe,
    0x4b, 0xfe, 0x4b, 0xfe, 0x4a, 0xfe, 0x4a, 0xfe, 0x4a, 0xfe, 0x4a, 0xfe,
    0x4a, 0xfe, 0x4a, 0xfe, 0x4a, 0xfe, 0x4a, 0xfe, 0x2a, 0xfe, 0x2a, 0xfe,
    0x2a, 0xfe, 0x2a, 0xfe, 0x2a, 0xf6, 0x2a, 0xfe, 0x2a, 0xf6, 0x29, 0xfe,
    0x29, 0xf6, 0x29, 0xf6, 0x29, 0xf6, 0x29, 0xf6, 0x09, 0xf6, 0x09, 0xf6,
    0x09, 0xf6, 0x09, 0xf6, 0x09, 0xf6, 0x09, 0xf6, 0x09, 0xf6, 0x09, 0xf6,
    0x09, 0xf6, 0x09, 0xf6, 0x08, 0xf6, 0x08, 0xf6, 0x08, 0xf6, 0x08, 0xf6,
    0xe8, 0xf5, 0xe8, 0xf5, 0xe8, 0xf5, 0xe8, 0xf5, 0xe8, 0xf5, 0xe8, 0xf5,
    0xe8, 0xf5, 0xe8, 0xf5, 0xe8, 0xf5, 0xe8, 0xf5, 0xe8, 0xf5, 0xe7, 0xf5,
    0xe7, 0xf5, 0xe7, 0xf5, 0xc7, 0xf5, 0xc7, 0xf5, 0xc7, 0xf5, 0xc7, 0xf5,
    0xc7, 0xf5, 0xc7, 0xf5, 0xc7, 0xf5, 0xc7, 0xf5, 0xc7, 0xf5, 0xc7, 0xf5,
    0xc7, 0xf5, 0xc7, 0xf5, 0xa6, 0xf5, 0xa6, 0xf5, 0xa6, 0xf5, 0xa6, 0xf5,
    0xa6, 0xf5, 0xa6, 0xf5, 0xa6, 0xf5, 0xa6, 0xf5, 0xa6, 0xf5, 0xa6, 0xf5,
    0xa6, 0xf5, 0xa6, 0xf5, 0xa6, 0xf5, 0xa6, 0xf5, 0x86, 0xf5, 0x86, 0xf5,
    0x85, 0xf5, 0x85, 0xf5, 0x85, 0xf5, 0x85, 0xf5, 0x85, 0xf5, 0x85, 0xf5,
    0x85, 0xf5, 0x85, 0xf5, 0x85, 0xf5, 0x85, 0xf5, 0x85, 0xf5, 0x85, 0xf5,
    0x65, 0xf5, 0x65, 0xf5, 0x65, 0xf5, 0x64, 0xf5, 0x64, 0xf5, 0x64, 0xf5,
    0x64, 0xf5, 0x64, 0xf5, 0x64, 0xf5, 0x64, 0xf5, 0x64, 0xf5, 0x64, 0xf5,
    0x44, 0xf5, 0x44, 0xf5, 0x44, 0xf5, 0x44, 0xf5, 0x44, 0xf5, 0x44, 0xf5,
    0x43, 0xf5, 0x43, 0xf5, 0x43, 0xf5, 0x43, 0xf5, 0x43, 0xf5, 0x43, 0xf5,
    0x43, 0xf5, 0x43, 0xf5, 0x23, 0xf5, 0x23, 0xf5, 0x23, 0xf5, 0x23, 0xf5,
    0x23, 0xf5, 0x23, 0xf5, 0x23, 0xf5, 0x22, 0xf5, 0x22, 0xf5, 0x22, 0xf5,
    0x22, 0xf5, 0x22, 0xf5, 0x22, 0xf5, 0x22, 0xf5, 0x02, 0xf5, 0x02, 0xf5,
    0x6c, 0xfe, 0x6c, 0xfe, 0x6c, 0xfe, 0x6c, 0xfe, 0x6b, 0xfe, 0x6b, 0xfe,
    0x6b, 0xfe, 0x6b, 0xfe, 0x6b, 0xfe, 0x6b, 0xfe, 0x6b, 0xfe, 0x6b, 0xfe,
    0x6b, 0xfe, 0x6b, 0xfe, 0x4b, 0xfe, 0x4b, 0xfe, 0x4b, 0xfe, 0x4b, 0xfe,
    0x4b, 0xfe, 0x4a, 0xfe, 0x4a, 0xfe, 0x4a, 0xfe, 0x4a, 0xfe, 0x4a, 0xfe,
    0x4a, 0xfe, 0x4a, 0xfe, 0x4a, 0xfe, 0x4a, 0xfe, 0x2a, 0xfe, 0x2a, 0xfe,
    0x2a, 0xfe, 0x2a, 0xfe, 0x2a, 0xfe, 0x2a, 0xfe, 0x29, 0xfe, 0x29, 0xfe,
    0x29, 0xfe, 0x29, 0xfe, 0x29, 0xfe, 0x29, 0xfe, 0x09, 0xf6, 0x09, 0xfe,
    0x09, 0xf6, 0x09, 0xfe, 0x09, 0xf6, 0x09, 0xf6, 0x09, 0xf6, 0x09, 0xf6,
    0x09, 0xf6, 0x09, 0xf6, 0x08, 0xf6, 0x08, 0xf6, 0x08, 0xf6, 0x08, 0xf6,
    0xe8, 0xf5, 0xe8, 0xf5, 0xe8, 0xf5, 0xe8, 0xf5, 0xe8, 0xf5, 0xe8, 0xf5,
    0xe8, 0xf5, 0xe8, 0xf5, 0xe8, 0xf5, 0xe8, 0xf5, 0xe7, 0xf5, 0xe7, 0xf5,
    0xe7, 0xf5, 0xe7, 0xf5, 0xc7, 0xf5, 0xc7, 0xf5, 0xc7, 0xf5, 0xc7, 0xf5,
    0xc7, 0xf5, 0xc7, 0xf5, 0xc7, 0xf5, 0xc7, 0xf5, 0xc7, 0xf5, 0xc7, 0xf5,
    0xc7, 0xf5, 0xc7, 0xf5, 0xa6, 0xf5, 0xa6, 0xf5, 0xa6, 0xf5, 0xa6, 0xf5,
    0xa6, 0xf5, 0xa6, 0xf5, 0xa6, 0xf5, 0xa6, 0xf5, 0xa6, 0xf5, 0xa6, 0xf5,
    0xa6, 0xf5, 0xa6, 0xf5, 0xa6, 0xf5, 0xa6, 0xf5, 0x86, 0xf5, 0x85, 0xf5,
    0x85, 0xf5, 0x85, 0xf5, 0x85, 0xf5, 0x85, 0xf5, 0x85, 0xf5, 0x85, 0xf5,
    0x85, 0xf5, 0x85, 0xf5, 0x85, 0xf5, 0x85, 0xf5, 0x85, 0xf5, 0x85, 0xf5,
    0x65, 0xf5, 0x65, 0xf5, 0x64, 0xf5, 0x64, 0xf5, 0x64, 0xf5, 0x64, 0xf5,
    0x64, 0xf5, 0x64, 0xf5, 0x64, 0xf5, 0x64, 0xf5, 0x64, 0xf5, 0x64, 0xf5,
    0x44, 0xf5, 0x44, 0xf5, 0x44, 0xf5, 0x44, 0xf5, 0x44, 0xf5, 0x44, 0xf5,
    0x43, 0xf5, 0x43, 0xf5, 0x43, 0xf5, 0x43, 0xf5, 0x43, 0xf5, 0x43, 0xf5,
    0x43, 0xf5, 0x43, 0xf5, 0x23, 0xf5, 0x23, 0xf5, 0x23, 0xf5, 0x23, 0xf5,
    0x23, 0xf5, 0x23, 0xf5, 0x22, 0xf5, 0x22, 0xf5, 0x22, 0xf5, 0x22, 0xf5,
    0x22, 0xf5, 0x22, 0xf5, 0x22, 0xf5, 0x22, 0xf5, 0x02, 0xf5, 0x02, 0xf5,
    0x6c, 0xfe, 0x6b, 0xfe, 0x6b, 0xfe, 0x6b, 0xfe, 0x6b, 0xfe, 0x6b, 0xfe,
    0x6b, 0xfe, 0x6b, 0xfe, 0x6b, 0xfe, 0x6b, 0xfe, 0x4b, 0xfe, 0x4b, 0xfe,
    0x4b, 0xfe, 0x4b, 0xfe, 0x4b, 0xfe, 0x4b, 0xfe, 0x4a, 0xfe, 0x4a, 0xfe,
    0x4a, 0xfe, 0x4a, 0xfe, 0x4a, 0xfe, 0x4a, 0xfe, 0x4a, 0xfe, 0x4a, 0xfe,
    0x2a, 0xf6, 0x2a, 0xfe, 0x2a, 0xf6, 0x2a, 0xfe, 0x2a, 0xf6, 0x2a, 0xf6,
    0x2a, 0xf6, 0x2a, 0xf6, 0x29, 0xf6, 0x29, 0xf6, 0x29, 0xf6, 0x29, 0xf6,
    0x09, 0xf6, 0x09, 0xf6, 0x09, 0xf6, 0x09, 0xf6, 0x09, 0xf6, 0x09, 0xf6,
    0x09, 0xf6, 0x09, 0xf6, 0x09, 0xf6, 0x09, 0xf6, 0x09, 0xf6, 0x08, 0xf6,
    0x08, 0xf6, 0x08, 0xf6, 0xe8, 0xf5, 0xe8, 0xf5, 0xe8, 0xf5, 0xe8, 0xf5,
    0xe8, 0xf5, 0xe8, 0xf5, 0xe8, 0xf5, 0xe8, 0xf5, 0xe8, 0xf5, 0xe8, 0xf5,
    0xe8, 0xf5, 0xe8, 0xf5, 0xe7, 0xf5, 0xe7, 0xf5, 0xc7, 0xf5, 0xc7, 0xf5,
    0xc7, 0xf5, 0xc7, 0xf5, 0xc7, 0xf5, 0xc7, 0xf5, 0xc7, 0xf5, 0xc7, 0xf5,
    0xc7, 0xf5, 0xc7, 0xf5, 0xc7, 0xf5, 0xc7, 0xf5, 0xa7, 0xf5, 0xa6, 0xf5,
    0xa6, 0xf5, 0xa6, 0xf5, 0xa6, 0xf5, 0xa6, 0xf5, 0xa6, 0xf5, 0xa6, 0xf5,
    0xa6, 0xf5, 0xa6, 0xf5, 0xa6, 0xf5, 0xa6, 0xf5, 0xa6, 0xf5, 0xa6, 0xf5,
    0x86, 0xf5, 0x86, 0xf5, 0x85, 0xf5, 0x85, 0xf5, 0x85, 0xf5, 0x85, 0xf5,
    0x85, 0xf5, 0x85, 0xf5, 0x85, 0xf5, 0x85, 0xf5, 0x85, 0xf5, 0x85, 0xf5,
    0x85, 0xf5, 0x85, 0xf5, 0x65, 0xf5, 0x65, 0xf5, 0x65, 0xf5, 0x65, 0xf5,
    0x64, 0xf5, 0x64, 0xf5, 0x64, 0xf5, 0x64, 0xf5, 0x64, 0xf5, 0x64, 0xf5,
    0x64, 0xf5, 0x64, 0xf5, 0x44, 0xf5, 0x44, 0xf5, 0x44, 0xf5, 0x44, 0xf5,
    0x44, 0xf5, 0x44, 0xf5, 0x43, 0xf5, 0x43, 0xf5, 0x43, 0xf5, 0x43, 0xf5,
    0x43, 0xf5, 0x43, 0xf5, 0x43, 0xf5, 0x43, 0xf5, 0x23, 0xf5, 0x23, 0xf5,
    0x23, 0xf5, 0x23, 0xf5, 0x23, 0xf5, 0x23, 0xf5, 0x23, 0xf5, 0x23, 0xf5,
    0x22, 0xf5, 0x22, 0xf5, 0x22, 0xf5, 0x22, 0xf5, 0x22, 0xf5, 0x22, 0xf5,
    0x02, 0xf5, 0x02, 0xf5, 0x02, 0xf5, 0x02, 0xf5, 0x02, 0xf5, 0x02, 0xf5,
    0x6b, 0xfe, 0x6b, 0xfe, 0x6b, 0xfe, 0x6b, 0xfe, 0x6b, 0xfe, 0x6b, 0xfe,
    0x6b, 0xfe, 0x6b, 0xfe, 0x6b, 0xfe, 0x6b, 0xfe, 0x4b, 0xfe, 0x4b, 0xfe,
    0x4b, 0xfe, 0x4b, 0xfe, 0x4b, 0xfe, 0x4b, 0xfe, 0x4a, 0xfe, 0x4a, 0xfe,
    0x4a, 0xfe, 0x4a, 0xfe, 0x4a, 0xfe, 0x4a, 0xfe, 0x4a, 0xfe, 0x4a, 0xfe,
    0x2a, 0xfe, 0x2a, 0xfe, 0x2a, 0xfe, 0x2a, 0xfe, 0x2a, 0xfe, 0x2a, 0xfe,
    0x2a, 0xfe, 0x29, 0xfe, 0x29, 0xf6, 0x29, 0xfe, 0x29, 0xf6, 0x29, 0xfe,
    0x29, 0xf6, 0x09, 0xf6, 0x09, 0xf6, 0x09, 0xf6, 0x09, 0xf6, 0x09, 0xf6,
    0x09, 0xf6, 0x09, 0xf6, 0x09, 0xf6, 0x09, 0xf6, 0x08, 0xf6, 0x08, 0xf6,
    0x08, 0xf6, 0x08, 0xf6, 0xe8, 0xf5, 0xe8, 0xf5, 0xe8, 0xf5, 0xe8, 0xf5,
    0xe8, 0xf5, 0xe8, 0xf5, 0xe8, 0xf5, 0xe8, 0xf5, 0xe8, 0xf5, 0xe8, 0xf5,
    0xe8, 0xf5, 0xe7, 0xf5, 0xe7, 0xf5, 0xe7, 0xf5, 0xc7, 0xf5, 0xc7, 0xf5,
    0xc7, 0xf5, 0xc7, 0xf5, 0xc7, 0xf5, 0xc7, 0xf5, 0xc7, 0xf5, 0xc7, 0xf5,
    0xc7, 0xf5, 0xc7, 0xf5, 0xc7, 0xf5, 0xc7, 0xf5, 0xc6, 0xf5, 0xa6, 0xf5,
    0xa6, 0xf5, 0xa6, 0xf5, 0xa6, 0xf5, 0xa6, 0xf5, 0xa6, 0xf5, 0xa6, 0xf5,
    0xa6, 0xf5, 0xa6, 0xf5, 0xa6, 0xf5, 0xa6, 0xf5, 0xa6, 0xf5, 0xa6, 0xf5,
    0x86, 0xf5, 0x86, 0xf5, 0x85, 0xf5, 0x85, 0xf5, 0x85, 0xf5, 0x85, 0xf5,
    0x85, 0xf5, 0x85, 0xf5, 0x85, 0xf5, 0x85, 0xf5, 0x85, 0xf5, 0x85, 0xf5,
    0x85, 0xf5, 0x85, 0xf5, 0x65, 0xf5, 0x65, 0xf5, 0x65, 0xf5, 0x64, 0xf5,
    0x64, 0xf5, 0x64, 0xf5, 0x64, 0xf5, 0x64, 0xf5, 0x64, 0xf5, 0x64, 0xf5,
    0x64, 0xf5, 0x64, 0xf5, 0x64, 0xf5, 0x44, 0xf5, 0x44, 0xf5, 0x44, 0xf5,
    0x44, 0xf5, 0x44, 0xf5, 0x43, 0xf5, 0x43, 0xf5, 0x43, 0xf5, 0x43, 0xf5,
    0x43, 0xf5, 0x43, 0xf5, 0x43, 0xf5, 0x43, 0xf5, 0x23, 0xf5, 0x23, 0xf5,
    0x23, 0xf5, 0x23, 0xf5, 0x23, 0xf5, 0x23, 0xf5, 0x23, 0xf5, 0x22, 0xf5,
    0x22, 0xf5, 0x22, 0xf5, 0x22, 0xf5, 0x22, 0xf5, 0x22, 0xf5, 0x22, 0xf5,
    0x02, 0xf5, 0x02, 0xf5, 0x02, 0xf5, 0x02, 0xf5, 0x02, 0xf5, 0x02, 0xf5,
    0x6b, 0xfe, 0x6b, 0xfe, 0x6b, 0xfe, 0x6b, 0xfe, 0x6b, 0xfe, 0x6b, 0xfe,
    0x6b, 0xfe, 0x6b, 0xfe, 0x4b, 0xfe, 0x4b, 0xfe, 0x4b, 0xfe, 0x4b, 0xfe,
    0x4b, 0xfe, 0x4b, 0xfe, 0x4a, 0xfe, 0x4a, 0xfe, 0x4a, 0xfe, 0x4a, 0xfe,
    0x4a, 0xfe, 0x4a, 0xfe, 0x2a, 0xfe, 0x2a, 0xfe, 0x2a, 0xfe, 0x2a, 0xfe,
    0x2a, 0xf6, 0x2a, 0xfe, 0x2a, 0xf6, 0x2a, 0xfe, 0x29, 0xf6, 0x29, 0xf6,
    0x29, 0xf6, 0x29, 0xf6, 0x29, 0xf6, 0x29, 0xf6, 0x09, 0xf6, 0x09, 0xf6,
    0x09, 0xf6, 0x09, 0xf6, 0x09, 0xf6, 0x09, 0xf6, 0x09, 0xf6, 0x09, 0xf6,
    0x09, 0xf6, 0x09, 0xf6, 0x08, 0xf6, 0x08, 0xf6, 0x08, 0xf6, 0x08, 0xf6,
    0xe8, 0xf5, 0xe8, 0xf5, 0xe8, 0xf5, 0xe8, 0xf5, 0xe8, 0xf5, 0xe8, 0xf5,
    0xe8, 0xf5, 0xe8, 0xf5, 0xe8, 0xf5, 0xe8, 0xf5, 0xe8, 0xf5, 0xe7, 0xf5,
    0xc7, 0xf5, 0xc7, 0xf5, 0xc7, 0xf5, 0xc7, 0xf5, 0xc7, 0xf5, 0xc7, 0xf5,
    0xc7, 0xf5, 0xc7, 0xf5, 0xc7, 0xf5, 0xc7, 0xf5, 0xc7, 0xf5, 0xc7, 0xf5,
    0xc7, 0xf5, 0xc7, 0xf5, 0xa6, 0xf5, 0xa6, 0xf5, 0xa6, 0xf5, 0xa6, 0xf5,
    0xa6, 0xf5, 0xa6, 0xf5, 0xa6, 0xf5, 0xa6, 0xf5, 0xa6, 0xf5, 0xa6, 0xf5,
    0xa6, 0xf5, 0xa6, 0xf5, 0xa6, 0xf5, 0xa6, 0xf5, 0x86, 0xf5, 0x86, 0xf5,
    0x85, 0xf5, 0x85, 0xf5, 0x85, 0xf5, 0x85, 0xf5, 0x85, 0xf5, 0x85, 0xf5,
    0x85, 0xf5, 0x85, 0xf5, 0x85, 0xf5, 0x85, 0xf5, 0x65, 0xf5, 0x65, 0xf5,
    0x65, 0xf5, 0x65, 0xf5, 0x64, 0xf5, 0x64, 0xf5, 0x64, 0xf5, 0x64, 0xf5,
    0x64, 0xf5, 0x64, 0xf5, 0x64, 0xf5, 0x64, 0xf5, 0x64, 0xf5, 0x64, 0xf5,
    0x44, 0xf5, 0x44, 0xf5, 0x44, 0xf5, 0x44, 0xf5, 0x44, 0xf5, 0x44, 0xf5,
    0x43, 0xf5, 0x43, 0xf5, 0x43, 0xf5, 0x43, 0xf5, 0x43, 0xf5, 0x43, 0xf5,
    0x43, 0xf5, 0x43, 0xf5, 0x23, 0xf5, 0x23, 0xf5, 0x23, 0xf5, 0x23, 0xf5,
    0x23, 0xf5, 0x23, 0xf5, 0x23, 0xf5, 0x22, 0xf5, 0x22, 0xf5, 0x22, 0xf5,
    0x22, 0xf5, 0x22, 0xf5, 0x02, 0xf5, 0x02, 0xf5, 0x02, 0xf5, 0x02, 0xf5,
    0x02, 0xf5, 0x02, 0xf5, 0x02, 0xf5, 0x02, 0xf5, 0x02, 0xf5, 0x02, 0xf5,
    0x6b, 0xfe, 0x6b, 0xfe, 0x6b, 0xfe, 0x6b, 0xfe, 0x6b, 0xfe, 0x6b, 0xfe,
    0x6b, 0xfe, 0x6b, 0xfe, 0x4b, 0xfe, 0x4b, 0xfe, 0x4b, 0xfe, 0x4b, 0xfe,
    0x4b, 0xfe, 0x4a, 0xfe, 0x4a, 0xfe, 0x4a, 0xfe, 0x4a, 0xfe, 0x4a, 0xfe,
    0x4a, 0xfe, 0x4a, 0xfe, 0x4a, 0xfe, 0x2a, 0xfe, 0x2a, 0xfe, 0x2a, 0xfe,
    0x2a, 0xfe, 0x2a, 0xfe, 0x2a, 0xfe, 0x2a, 0xfe, 0x29, 0xfe, 0x29, 0xfe,
    0x29, 0xfe, 0x29, 0xfe, 0x29, 0xf6, 0x29, 0xfe, 0x09, 0xf6, 0x09, 0xfe,
    0x09, 0xf6, 0x09, 0xf6, 0x09, 0xf6, 0x09, 0xf6, 0x09, 0xf6, 0x09, 0xf6,
    0x09, 0xf6, 0x09, 0xf6, 0x08, 0xf6, 0x08, 0xf6, 0x08, 0xf6, 0x08, 0xf6,
    0xe8, 0xf5, 0xe8, 0xf5, 0xe8, 0xf5, 0xe8, 0xf5, 0xe8, 0xf5, 0xe8, 0xf5,
    0xe8, 0xf5, 0xe8, 0xf5, 0xe8, 0xf5, 0xe8, 0xf5, 0xe7, 0xf5, 0xe7, 0xf5,
    0xe7, 0xf5, 0xc7, 0xf5, 0xc7, 0xf5, 0xc7, 0xf5, 0xc7, 0xf5, 0xc7, 0xf5,
    0xc7, 0xf5, 0xc7, 0xf5, 0xc7, 0xf5, 0xc7, 0xf5, 0xc7, 0xf5, 0xc7, 0xf5,
    0xc7, 0xf5, 0xc7, 0xf5, 0xa6, 0xf5, 0xa6, 0xf5, 0xa6, 0xf5, 0xa6, 0xf5,
    0xa6, 0xf5, 0xa6, 0xf5, 0xa6, 0xf5, 0xa6, 0xf5, 0xa6, 0xf5, 0xa6, 0xf5,
    0xa6, 0xf5, 0xa6, 0xf5, 0xa6, 0xf5, 0xa6, 0xf5, 0x86, 0xf5, 0x85, 0xf5,
    0x85, 0xf5, 0x85, 0xf5, 0x85, 0xf5, 0x85, 0xf5, 0x85, 0xf5, 0x85, 0xf5,
    0x85, 0xf5, 0x85, 0xf5, 0x85, 0xf5, 0x85, 0xf5, 0x85, 0xf5, 0x65, 0xf5,
    0x65, 0xf5, 0x65, 0xf5, 0x64, 0xf5, 0x64, 0xf5, 0x64, 0xf5, 0x64, 0xf5,
    0x64, 0xf5, 0x64, 0xf5, 0x64, 0xf5, 0x64, 0xf5, 0x64, 0xf5, 0x64, 0xf5,
    0x44, 0xf5, 0x44, 0xf5, 0x44, 0xf5, 0x44, 0xf5, 0x44, 0xf5, 0x44, 0xf5,
    0x43, 0xf5, 0x43, 0xf5, 0x43, 0xf5, 0x43, 0xf5, 0x43, 0xf5, 0x43, 0xf5,
    0x43, 0xf5, 0x43, 0xf5, 0x23, 0xf5, 0x23, 0xf5, 0x23, 0xf5, 0x23, 0xf5,
    0x23, 0xf5, 0x23, 0xf5, 0x22, 0xf5, 0x22, 0xf5, 0x22, 0xf5, 0x22, 0xf5,
    0x22, 0xf5, 0x22, 0xf5, 0x22, 0xf5, 0x02, 0xf5, 0x02, 0xf5, 0x02, 0xf5,
    0x02, 0xf5, 0x02, 0xf5, 0x02, 0xf5, 0x02, 0xf5, 0x02, 0xf5, 0x02, 0xf5,
    0x6b, 0xfe, 0x6b, 0xfe, 0x6b, 0xfe, 0x6b, 0xfe, 0x4b, 0xfe, 0x4b, 0xfe,
    0x4b, 0xfe, 0x4b, 0xfe, 0x4b, 0xfe, 0x4b, 0xfe, 0x4a, 0xfe, 0x4a, 0xfe,
    0x4a, 0xfe, 0x4a, 0xfe, 0x4a, 0xfe, 0x4a, 0xfe, 0x4a, 0xfe, 0x4a, 0xfe,
    0x2a, 0xfe, 0x2a, 0xfe, 0x2a, 0xf6, 0x2a, 0xfe, 0x2a, 0xf6, 0x2a, 0xfe,
    0x2a, 0xf6, 0x2a, 0xf6, 0x29, 0xf6, 0x29, 0xf6, 0x29, 0xf6, 0x29, 0xf6,
    0x29, 0xf6, 0x09, 0xf6, 0x09, 0xf6, 0x09, 0xf6, 0x09, 0xf6, 0x09, 0xf6,
    0x09, 0xf6, 0x09, 0xf6, 0x09, 0xf6, 0x09, 0xf6, 0x08, 0xf6, 0x08, 0xf6,
    0x08, 0xf6, 0x08, 0xf6, 0xe8, 0xf5, 0xe8, 0xf5, 0xe8, 0xf5, 0xe8, 0xf5,
    0xe8, 0xf5, 0xe8, 0xf5, 0xe8, 0xf5, 0xe8, 0xf5, 0xe8, 0xf5, 0xe8, 0xf5,
    0xe8, 0xf5, 0xe8, 0xf5, 0xe7, 0xf5, 0xe7, 0xf5, 0xc7, 0xf5, 0xc7, 0xf5,
    0xc7, 0xf5, 0xc7, 0xf5, 0xc7, 0xf5, 0xc7, 0xf5, 0xc7, 0xf5, 0xc7, 0xf5,
    0xc7, 0xf5, 0xc7, 0xf5, 0xc7, 0xf5, 0xc7, 0xf5, 0xc7, 0xf5, 0xa6, 0xf5,
    0xa6, 0xf5, 0xa6, 0xf5, 0xa6, 0xf5, 0xa6, 0xf5, 0xa6, 0xf5, 0xa6, 0xf5,
    0xa6, 0xf5, 0xa6, 0xf5, 0xa6, 0xf5, 0xa6, 0xf5, 0xa6, 0xf5, 0xa6, 0xf5,
    0x86, 0xf5, 0x86, 0xf5, 0x85, 0xf5, 0x85, 0xf5, 0x85, 0xf5, 0x85, 0xf5,
    0x85, 0xf5, 0x85, 0xf5, 0x85, 0xf5, 0x85, 0xf5, 0x85, 0xf5, 0x85, 0xf5,
    0x85, 0xf5, 0x85, 0xf5, 0x65, 0xf5, 0x65, 0xf5, 0x65, 0xf5, 0x65, 0xf5,
    0x64, 0xf5, 0x64, 0xf5, 0x64, 0xf5, 0x64, 0xf5, 0x64, 0xf5, 0x64, 0xf5,
    0x64, 0xf5, 0x64, 0xf5, 0x64, 0xf5, 0x44, 0xf5, 0x44, 0xf5, 0x44, 0xf5,
    0x44, 0xf5, 0x44, 0xf5, 0x43, 0xf5, 0x43, 0xf5, 0x43, 0xf5, 0x43, 0xf5,
    0x43, 0xf5, 0x43, 0xf5, 0x43, 0xf5, 0x43, 0xf5, 0x23, 0xf5, 0x23, 0xf5,
    0x23, 0xf5, 0x23, 0xf5, 0x23, 0xf5, 0x23, 0xf5, 0x23, 0xf5, 0x23, 0xf5,
    0x22, 0xf5, 0x22, 0xf5, 0x22, 0xf5, 0x22, 0xf5, 0x22, 0xf5, 0x22, 0xf5,
    0x02, 0xf5, 0x02, 0xf5, 0x02, 0xf5, 0x02, 0xf5, 0x02, 0xf5, 0x02, 0xf5,
    0x02, 0xf5, 0x02, 0xf5, 0x02, 0xf5, 0x01, 0xf5, 0x01, 0xf5, 0x01, 0xf5,
    0x6b, 0xfe, 0x6b, 0xfe, 0x6b, 0xfe, 0x6b, 0xfe, 0x4b, 0xfe, 0x4b, 0xfe,
    0x4b, 0xfe, 0x4b, 0xfe, 0x4b, 0xfe, 0x4b, 0xfe, 0x4a, 0xfe, 0x4a, 0xfe,
    0x4a, 0xfe, 0x4a, 0xfe, 0x4a, 0xfe, 0x4a, 0xfe, 0x4a, 0xfe, 0x4a, 0xfe,
    0x2a, 0xfe, 0x2a, 0xfe, 0x2a, 0xfe, 0x2a, 0xfe, 0x2a, 0xfe, 0x2a, 0xfe,
    0x2a, 0xfe, 0x29, 0xfe, 0x29, 0xfe, 0x29, 0xfe, 0x29, 0xf6, 0x29, 0xfe,
    0x29, 0xf6, 0x29, 0xfe, 0x09, 0xf6, 0x09, 0xf6, 0x09, 0xf6, 0x09, 0xf6,
    0x09, 0xf6, 0x09, 0xf6, 0x09, 0xf6, 0x09, 0xf6, 0x08, 0xf6, 0x08, 0xf6,
    0x08, 0xf6, 0x08, 0xf6, 0xe8, 0xf5, 0xe8, 0xf5, 0xe8, 0xf5, 0xe8, 0xf5,
    0xe8, 0xf5, 0xe8, 0xf5, 0xe8, 0xf5, 0xe8, 0xf5, 0xe8, 0xf5, 0xe8, 0xf5,
    0xe8, 0xf5, 0xe8, 0xf5, 0xe7, 0xf5, 0xe7, 0xf5, 0xc7, 0xf5, 0xc7, 0xf5,
    0xc7, 0xf5, 0xc7, 0xf5, 0xc7, 0xf5, 0xc7, 0xf5, 0xc7, 0xf5, 0xc7, 0xf5,
    0xc7, 0xf5, 0xc7, 0xf5, 0xc7, 0xf5, 0xc7, 0xf5, 0xc6, 0xf5, 0xc6, 0xf5,
    0xa6, 0xf5, 0xa6, 0xf5, 0xa6, 0xf5, 0xa6, 0xf5, 0xa6, 0xf5, 0xa6, 0xf5,
    0xa6, 0xf5, 0xa6, 0xf5, 0xa6, 0xf5, 0xa6, 0xf5, 0xa6, 0xf5, 0xa6, 0xf5,
    0x86, 0xf5, 0x86, 0xf5, 0x85, 0xf5, 0x85, 0xf5, 0x85, 0xf5, 0x85, 0xf5,
    0x85, 0xf5, 0x85, 0xf5, 0x85, 0xf5, 0x85, 0xf5, 0x85, 0xf5, 0x85, 0xf5,
    0x85, 0xf5, 0x85, 0xf5, 0x65, 0xf5, 0x65, 0xf5, 0x64, 0xf5, 0x64, 0xf5,
    0x64, 0xf5, 0x64, 0xf5, 0x64, 0xf5, 0x64, 0xf5, 0x64, 0xf5, 0x64, 0xf5,
    0x64, 0xf5, 0x64, 0xf5, 0x64, 0xf5, 0x64, 0xf5, 0x44, 0xf5, 0x44, 0xf5,
    0x44, 0xf5, 0x44, 0xf5, 0x43, 0xf5, 0x43, 0xf5, 0x43, 0xf5, 0x43, 0xf5,
    0x43, 0xf5, 0x43, 0xf5, 0x43, 0xf5, 0x43, 0xf5, 0x23, 0xf5, 0x23, 0xf5,
    0x23, 0xf5, 0x23, 0xf5, 0x23, 0xf5, 0x23, 0xf5, 0x23, 0xf5, 0x22, 0xf5,
    0x22, 0xf5, 0x22, 0xf5, 0x22, 0xf5, 0x22, 0xf5, 0x22, 0xf5, 0x22, 0xf5,
    0x02, 0xf5, 0x02, 0xf5, 0x02, 0xf5, 0x02, 0xf5, 0x02, 0xf5, 0x02, 0xf5,
    0x02, 0xf5, 0x02, 0xf5, 0x01, 0xf5, 0x01, 0xf5, 0x01, 0xf5, 0x01, 0xf5,
    0x6b, 0xfe, 0x6b, 0xfe, 0x4b, 0xfe, 0x4b, 0xfe, 0x4b, 0xfe, 0x4b, 0xfe,
    0x4b, 0xfe, 0x4b, 0xfe, 0x4a, 0xfe, 0x4a, 0xfe, 0x4a, 0xfe, 0x4a, 0xfe,
    0x4a, 0xfe, 0x4a, 0xfe, 0x4a, 0xfe, 0x2a, 0xfe, 0x2a, 0xfe, 0x2a, 0xfe,
    0x2a, 0xf6, 0x2a, 0xfe, 0x2a, 0xf6, 0x2a, 0xfe, 0x29, 0xf6, 0x29, 0xfe,
    0x29, 0xf6, 0x29, 0xf6, 0x29, 0xf6, 0x29, 0xf6, 0x09, 0xf6, 0x09, 0xf6,
    0x09, 0xf6, 0x09, 0xf6, 0x09, 0xf6, 0x09, 0xf6, 0x09, 0xf6, 0x09, 0xf6,
    0x09, 0xf6, 0x09, 0xf6, 0x08, 0xf6, 0x08, 0xf6, 0x08, 0xf6, 0x08, 0xf6,
    0xe8, 0xf5, 0xe8, 0xf5, 0xe8, 0xf5, 0xe8, 0xf5, 0xe8, 0xf5, 0xe8, 0xf5,
    0xe8, 0xf5, 0xe8, 0xf5, 0xe8, 0xf5, 0xe8, 0xf5, 0xe8, 0xf5, 0xe7, 0xf5,
    0xe7, 0xf5, 0xc7, 0xf5, 0xc7, 0xf5, 0xc7, 0xf5, 0xc7, 0xf5, 0xc7, 0xf5,
    0xc7, 0xf5, 0xc7, 0xf5, 0xc7, 0xf5, 0xc7, 0xf5, 0xc7, 0xf5, 0xc7, 0xf5,
    0xc7, 0xf5, 0xc7, 0xf5, 0xa6, 0xf5, 0xa6, 0xf5, 0xa6, 0xf5, 0xa6, 0xf5,
    0xa6, 0xf5, 0xa6, 0xf5, 0xa6, 0xf5, 0xa6, 0xf5, 0xa6, 0xf5, 0xa6, 0xf5,
    0xa6, 0xf5, 0xa6, 0xf5, 0xa6, 0xf5, 0xa6, 0xf5, 0x86, 0xf5, 0x86, 0xf5,
    0x85, 0xf5, 0x85, 0xf5, 0x85, 0xf5, 0x85, 0xf5, 0x85, 0xf5, 0x85, 0xf5,
    0x85, 0xf5, 0x85, 0xf5, 0x85, 0xf5, 0x85, 0xf5, 0x85, 0xf5, 0x65, 0xf5,
    0x65, 0xf5, 0x65, 0xf5, 0x64, 0xf5, 0x64, 0xf5, 0x64, 0xf5, 0x64, 0xf5,
    0x64, 0xf5, 0x64, 0xf5, 0x64, 0xf5, 0x64, 0xf5, 0x64, 0xf5, 0x64, 0xf5,
    0x44, 0xf5, 0x44, 0xf5, 0x44, 0xf5, 0x44, 0xf5, 0x44, 0xf5, 0x44, 0xf5,
    0x43, 0xf5, 0x43, 0xf5, 0x43, 0xf5, 0x43, 0xf5, 0x43, 0xf5, 0x43, 0xf5,
    0x43, 0xf5, 0x43, 0xf5, 0x23, 0xf5, 0x23, 0xf5, 0x23, 0xf5, 0x23, 0xf5,
    0x23, 0xf5, 0x23, 0xf5, 0x23, 0xf5, 0x22, 0xf5, 0x22, 0xf5, 0x22, 0xf5,
    0x22, 0xf5, 0x22, 0xf5, 0x22, 0xf5, 0x02, 0xf5, 0x02, 0xf5, 0x02, 0xf5,
    0x02, 0xf5, 0x02, 0xf5, 0x02, 0xf5, 0x02, 0xf5, 0x02, 0xf5, 0x02, 0xf5,
    0x01, 0xf5, 0x01, 0xf5, 0x01, 0xf5, 0x01, 0xf5, 0xe1, 0xf4, 0xe1, 0xf4,
    0x6b, 0xfe, 0x6b, 0xfe, 0x4b, 0xfe, 0x4b, 0xfe, 0x4b, 0xfe, 0x4b, 0xfe,
    0x4b, 0xfe, 0x4a, 0xfe, 0x4a, 0xfe, 0x4a, 0xfe, 0x4a, 0xfe, 0x4a, 0xfe,
    0x4a, 0xfe, 0x4a, 0xfe, 0x4a, 0xfe, 0x4a, 0xfe, 0x2a, 0xfe, 0x2a, 0xfe,
    0x2a, 0xfe, 0x2a, 0xfe, 0x2a, 0xfe, 0x2a, 0xfe, 0x29, 0xfe, 0x29, 0xfe,
    0x29, 0xfe, 0x29, 0xfe, 0x29, 0xfe, 0x29, 0xfe, 0x09, 0xf6, 0x09, 0xfe,
    0x09, 0xf6, 0x09, 0xfe, 0x09, 0xf6, 0x09, 0xf6, 0x09, 0xf6, 0x09, 0xf6,
    0x09, 0xf6, 0x08, 0xf6, 0x08, 0xf6, 0x08, 0xf6, 0x08, 0xf6, 0x08, 0xf6,
    0xe8, 0xf5, 0xe8, 0xf5, 0xe8, 0xf5, 0xe8, 0xf5, 0xe8, 0xf5, 0xe8, 0xf5,
    0xe8, 0xf5, 0xe8, 0xf5, 0xe8, 0xf5, 0xe8, 0xf5, 0xe7, 0xf5, 0xe7, 0xf5,
    0xe7, 0xf5, 0xe7, 0xf5, 0xc7, 0xf5, 0xc7, 0xf5, 0xc7, 0xf5, 0xc7, 0xf5,
    0xc7, 0xf5, 0xc7, 0xf5, 0xc7, 0xf5, 0xc7, 0xf5, 0xc7, 0xf5, 0xc7, 0xf5,
    0xc7, 0xf5, 0xc7, 0xf5, 0xa6, 0xf5, 0xa6, 0xf5, 0xa6, 0xf5, 0xa6, 0xf5,
    0xa6, 0xf5, 0xa6, 0xf5, 0xa6, 0xf5, 0xa6, 0xf5, 0xa6, 0xf5, 0xa6, 0xf5,
    0xa6, 0xf5, 0xa6, 0xf5, 0xa6, 0xf5, 0xa6, 0xf5, 0x86, 0xf5, 0x85, 0xf5,
    0x85, 0xf5, 0x85, 0xf5, 0x85, 0xf5, 0x85, 0xf5, 0x85, 0xf5, 0x85, 0xf5,
    0x85, 0xf5, 0x85, 0xf5, 0x85, 0xf5, 0x85, 0xf5, 0x85, 0xf5, 0x85, 0xf5,
    0x65, 0xf5, 0x65, 0xf5, 0x64, 0xf5, 0x64, 0xf5, 0x64, 0xf5, 0x64, 0xf5,
    0x64, 0xf5, 0x64, 0xf5, 0x64, 0xf5, 0x64, 0xf5, 0x64, 0xf5, 0x64, 0xf5,
    0x44, 0xf5, 0x44, 0xf5, 0x44, 0xf5, 0x44, 0xf5, 0x44, 0xf5, 0x43, 0xf5,
    0x43, 0xf5, 0x43, 0xf5, 0x43, 0xf5, 0x43, 0xf5, 0x43, 0xf5, 0x43, 0xf5,
    0x43, 0xf5, 0x43, 0xf5, 0x23, 0xf5, 0x23, 0xf5, 0x23, 0xf5, 0x23, 0xf5,
    0x23, 0xf5, 0x23, 0xf5, 0x22, 0xf5, 0x22, 0xf5, 0x22, 0xf5, 0x22, 0xf5,
    0x22, 0xf5, 0x22, 0xf5, 0x22, 0xf5, 0x22, 0xf5, 0x02, 0xf5, 0x02, 0xf5,
    0x02, 0xf5, 0x02, 0xf5, 0x02, 0xf5, 0x02, 0xf5, 0x02, 0xf5, 0x02, 0xf5,
    0x01, 0xf5, 0x01, 0xf5, 0x01, 0xf5, 0x01, 0xf5, 0xe1, 0xf4, 0xe1, 0xf4,
    0x4b, 0xfe, 0x4b, 0xfe, 0x4b, 0xfe, 0x4b, 0xfe, 0x4a, 0xfe, 0x4a, 0xfe,
    0x4a, 0xfe, 0x4a, 0xfe, 0x4a, 0xfe, 0x4a, 0xfe, 0x4a, 0xfe, 0x4a, 0xfe,
    0x2a, 0xf6, 0x2a, 0xfe, 0x2a, 0xf6, 0x2a, 0xfe, 0x2a, 0xf6, 0x2a, 0xf6,
    0x2a, 0xf6, 0x29, 0xf6, 0x29, 0xf6, 0x29, 0xf6, 0x29, 0xf6, 0x29, 0xf6,
    0x09, 0xf6, 0x09, 0xf6, 0x09, 0xf6, 0x09, 0xf6, 0x09, 0xf6, 0x09, 0xf6,
    0x09, 0xf6, 0x09, 0xf6, 0x09, 0xf6, 0x09, 0xf6, 0x08, 0xf6, 0x08, 0xf6,
    0x08, 0xf6, 0x08, 0xf6, 0xe8, 0xf5, 0xe8, 0xf5, 0xe8, 0xf5, 0xe8, 0xf5,
    0xe8, 0xf5, 0xe8, 0xf5, 0xe8, 0xf5, 0xe8, 0xf5, 0xe8, 0xf5, 0xe8, 0xf5,
    0xe8, 0xf5, 0xe8, 0xf5, 0xe7, 0xf5, 0xe7, 0xf5, 0xc7, 0xf5, 0xc7, 0xf5,
    0xc7, 0xf5, 0xc7, 0xf5, 0xc7, 0xf5, 0xc7, 0xf5, 0xc7, 0xf5, 0xc7, 0xf5,
    0xc7, 0xf5, 0xc7, 0xf5, 0xc7, 0xf5, 0xc7, 0xf5, 0xa6, 0xf5, 0xa6, 0xf5,
    0xa6, 0xf5, 0xa6, 0xf5, 0xa6, 0xf5, 0xa6, 0xf5, 0xa6, 0xf5, 0xa6, 0xf5,
    0xa6, 0xf5, 0xa6, 0xf5, 0xa6, 0xf5, 0xa6, 0xf5, 0xa6, 0xf5, 0xa6, 0xf5,
    0x86, 0xf5, 0x86, 0xf5, 0x85, 0xf5, 0x85, 0xf5, 0x85, 0xf5, 0x85, 0xf5,
    0x85, 0xf5, 0x85, 0xf5, 0x85, 0xf5, 0x85, 0xf5, 0x85, 0xf5, 0x85, 0xf5,
    0x85, 0xf5, 0x85, 0xf5, 0x65, 0xf5, 0x65, 0xf5, 0x65, 0xf5, 0x64, 0xf5,
    0x64, 0xf5, 0x64, 0xf5, 0x64, 0xf5, 0x64, 0xf5, 0x64, 0xf5, 0x64, 0xf5,
    0x64, 0xf5, 0x64, 0xf5, 0x44, 0xf5, 0x44, 0xf5, 0x44, 0xf5, 0x44, 0xf5,
    0x44, 0xf5, 0x44, 0xf5, 0x43, 0xf5, 0x43, 0xf5, 0x43, 0xf5, 0x43, 0xf5,
    0x43, 0xf5, 0x43, 0xf5, 0x43, 0xf5, 0x43, 0xf5, 0x23, 0xf5, 0x23, 0xf5,
    0x23, 0xf5, 0x23, 0xf5, 0x23, 0xf5, 0x23, 0xf5, 0x23, 0xf5, 0x23, 0xf5,
    0x22, 0xf5, 0x22, 0xf5, 0x22, 0xf5, 0x22, 0xf5, 0x22, 0xf5, 0x22, 0xf5,
    0x02, 0xf5, 0x02, 0xf5, 0x02, 0xf5, 0x02, 0xf5, 0x02, 0xf5, 0x02, 0xf5,
    0x02, 0xf5, 0x02, 0xf5, 0x01, 0xf5, 0x01, 0xf5, 0x01, 0xf5, 0x01, 0xf5,
    0xe1, 0xf4, 0xe1, 0xf4, 0xe1, 0xf4, 0xe1, 0xf4, 0xe1, 0xf4, 0xe1, 0xf4,
    0x4b, 0xfe, 0x4b, 0xfe, 0x4b, 0xfe, 0x4b, 0xfe, 0x4a, 0xfe, 0x4a, 0xfe,
    0x4a, 0xfe, 0x4a, 0xfe, 0x4a, 0xfe, 0x4a, 0xfe, 0x4a, 0xfe, 0x4a, 0xfe,
    0x2a, 0xfe, 0x2a, 0xfe, 0x2a, 0xfe, 0x2a, 0xfe, 0x2a, 0xfe, 0x2a, 0xfe,
    0x29, 0xfe, 0x29, 0xfe, 0x29, 0xf6, 0x29, 0xfe, 0x29, 0xf6, 0x29, 0xfe,
    0x09, 0xf6, 0x09, 0xf6, 0x09, 0xf6, 0x09, 0xf6, 0x09, 0xf6, 0x09, 0xf6,
    0x09, 0xf6, 0x09, 0xf6, 0x09, 0xf6, 0x09, 0xf6, 0x08, 0xf6, 0x08, 0xf6,
    0x08, 0xf6, 0x08, 0xf6, 0xe8, 0xf5, 0xe8, 0xf5, 0xe8, 0xf5, 0xe8, 0xf5,
    0xe8, 0xf5, 0xe8, 0xf5, 0xe8, 0xf5, 0xe8, 0xf5, 0xe8, 0xf5, 0xe8, 0xf5,
    0xe8, 0xf5, 0xe7, 0xf5, 0xe7, 0xf5, 0xe7, 0xf5, 0xc7, 0xf5, 0xc7, 0xf5,
    0xc7, 0xf5, 0xc7, 0xf5, 0xc7, 0xf5, 0xc7, 0xf5, 0xc7, 0xf5, 0xc7, 0xf5,
    0xc7, 0xf5, 0xc7, 0xf5, 0xc7, 0xf5, 0xc7, 0xf5, 0xa6, 0xf5, 0xa6, 0xf5,
    0xa6, 0xf5, 0xa6, 0xf5, 0xa6, 0xf5, 0xa6, 0xf5, 0xa6, 0xf5, 0xa6, 0xf5,
    0xa6, 0xf5, 0xa6, 0xf5, 0xa6, 0xf5, 0xa6, 0xf5, 0xa6, 0xf5, 0xa6, 0xf5,
    0x86, 0xf5, 0x86, 0xf5, 0x85, 0xf5, 0x85, 0xf5, 0x85, 0xf5, 0x85, 0xf5,
    0x85, 0xf5, 0x85, 0xf5, 0x85, 0xf5, 0x85, 0xf5, 0x85, 0xf5, 0x85, 0xf5,
    0x85, 0xf5, 0x85, 0xf5, 0x65, 0xf5, 0x65, 0xf5, 0x64, 0xf5, 0x64, 0xf5,
    0x64, 0xf5, 0x64, 0xf5, 0x64, 0xf5, 0x64, 0xf5, 0x64, 0xf5, 0x64, 0xf5,
    0x64, 0xf5, 0x64, 0xf5, 0x44, 0xf5, 0x44, 0xf5, 0x44, 0xf5, 0x44, 0xf5,
    0x44, 0xf5, 0x44, 0xf5, 0x43, 0xf5, 0x43, 0xf5, 0x43, 0xf5, 0x43, 0xf5,
    0x43, 0xf5, 0x43, 0xf5, 0x43, 0xf5, 0x43, 0xf5, 0x23, 0xf5, 0x23, 0xf5,
    0x23, 0xf5, 0x23, 0xf5, 0x23, 0xf5, 0x23, 0xf5, 0x23, 0xf5, 0x22, 0xf5,
    0x22, 0xf5, 0x22, 0xf5, 0x22, 0xf5, 0x22, 0xf5, 0x22, 0xf5, 0x22, 0xf5,
    0x02, 0xf5, 0x02, 0xf5, 0x02, 0xf5, 0x02, 0xf5, 0x02, 0xf5, 0x02, 0xf5,
    0x02, 0xf5, 0x02, 0xf5, 0x01, 0xf5, 0x01, 0xf5, 0x01, 0xf5, 0x01, 0xf5,
    0xe1, 0xf4, 0xe1, 0xf4, 0xe1, 0xf4, 0xe1, 0xf4, 0xe1, 0xf4, 0xe1, 0xf4,
    0x4b, 0xfe, 0x4a, 0xfe, 0x4a, 0xfe, 0x4a, 0xfe, 0x4a, 0xfe, 0x4a, 0xfe,
    0x4a, 0xfe, 0x4a, 0xfe, 0x2a, 0xfe, 0x2a, 0xfe, 0x2a, 0xfe, 0x2a, 0xfe,
    0x2a, 0xf6, 0x2a, 0xfe, 0x2a, 0xf6, 0x2a, 0xfe, 0x29, 0xf6, 0x29, 0xf6,
    0x29, 0xf6, 0x29, 0xf6, 0x29, 0xf6, 0x29, 0xf6, 0x09, 0xf6, 0x09, 0xf6,
    0x09, 0xf6, 0x09, 0xf6, 0x09, 0xf6, 0x09, 0xf6, 0x09, 0xf6, 0x09, 0xf6,
    0x09, 0xf6, 0x09, 0xf6, 0x08, 0xf6, 0x08, 0xf6, 0x08, 0xf6, 0x08, 0xf6,
    0xe8, 0xf5, 0xe8, 0xf5, 0xe8, 0xf5, 0xe8, 0xf5, 0xe8, 0xf5, 0xe8, 0xf5,
    0xe8, 0xf5, 0xe8, 0xf5, 0xe8, 0xf5, 0xe8, 0xf5, 0xe8, 0xf5, 0xe7, 0xf5,
    0xc7, 0xf5, 0xc7, 0xf5, 0xc7, 0xf5, 0xc7, 0xf5, 0xc7, 0xf5, 0xc7, 0xf5,
    0xc7, 0xf5, 0xc7, 0xf5, 0xc7, 0xf5, 0xc7, 0xf5, 0xc7, 0xf5, 0xc7, 0xf5,
    0xc7, 0xf5, 0xc7, 0xf5, 0xa6, 0xf5, 0xa6, 0xf5, 0xa6, 0xf5, 0xa6, 0xf5,
    0xa6, 0xf5, 0xa6, 0xf5, 0xa6, 0xf5, 0xa6, 0xf5, 0xa6, 0xf5, 0xa6, 0xf5,
    0xa6, 0xf5, 0xa6, 0xf5, 0xa6, 0xf5, 0xa6, 0xf5, 0x86, 0xf5, 0x85, 0xf5,
    0x85, 0xf5, 0x85, 0xf5, 0x85, 0xf5, 0x85, 0xf5, 0x85, 0xf5, 0x85, 0xf5,
    0x85, 0xf5, 0x85, 0xf5, 0x85, 0xf5, 0x85, 0xf5, 0x65, 0xf5, 0x65, 0xf5,
    0x65, 0xf5, 0x65, 0xf5, 0x64, 0xf5, 0x64, 0xf5, 0x64, 0xf5, 0x64, 0xf5,
    0x64, 0xf5, 0x64, 0xf5, 0x64, 0xf5, 0x64, 0xf5, 0x64, 0xf5, 0x64, 0xf5,
    0x44, 0xf5, 0x44, 0xf5, 0x44, 0xf5, 0x44, 0xf5, 0x44, 0xf5, 0x44, 0xf5,
    0x43, 0xf5, 0x43, 0xf5, 0x43, 0xf5, 0x43, 0xf5, 0x43, 0xf5, 0x43, 0xf5,
    0x43, 0xf5, 0x43, 0xf5, 0x23, 0xf5, 0x23, 0xf5, 0x23, 0xf5, 0x23, 0xf5,
    0x23, 0xf5, 0x23, 0xf5, 0x22, 0xf5, 0x22, 0xf5, 0x22, 0xf5, 0x22, 0xf5,
    0x22, 0xf5, 0x22, 0xf5, 0x02, 0xf5, 0x02, 0xf5, 0x02, 0xf5, 0x02, 0xf5,
    0x02, 0xf5, 0x02, 0xf5, 0x02, 0xf5, 0x02, 0xf5, 0x02, 0xf5, 0x02, 0xf5,
    0x01, 0xf5, 0x01, 0xf5, 0x01, 0xf5, 0x01, 0xf5, 0xe1, 0xf4, 0xe1, 0xf4,
    0xe1, 0xf4, 0xe1, 0xf4, 0xe1, 0xf4, 0xe1, 0xf4, 0xe1, 0xf4, 0xe1, 0xf4,
    0x4a, 0xfe, 0x4a, 0xfe, 0x4a, 0xfe, 0x4a, 0xfe, 0x4a, 0xfe, 0x4a, 0xfe,
    0x4a, 0xfe, 0x4a, 0xfe, 0x2a, 0xfe, 0x2a, 0xfe, 0x2a, 0xfe, 0x2a, 0xfe,
    0x2a, 0xfe, 0x2a, 0xfe, 0x2a, 0xfe, 0x2a, 0xfe, 0x29, 0xfe, 0x29, 0xfe,
    0x29, 0xfe, 0x29, 0xfe, 0x29, 0xf6, 0x29, 0xfe, 0x09, 0xf6, 0x09, 0xfe,
    0x09, 0xf6, 0x09, 0xf6, 0x09, 0xf6, 0x09, 0xf6, 0x09, 0xf6, 0x09, 0xf6,
    0x09, 0xf6, 0x08, 0xf6, 0x08, 0xf6, 0x08, 0xf6, 0x08, 0xf6, 0x08, 0xf6,
    0xe8, 0xf5, 0xe8, 0xf5, 0xe8, 0xf5, 0xe8, 0xf5, 0xe8, 0xf5, 0xe8, 0xf5,
    0xe8, 0xf5, 0xe8, 0xf5, 0xe8, 0xf5, 0xe8, 0xf5, 0xe7, 0xf5, 0xe7, 0xf5,
    0xc7, 0xf5, 0xc7, 0xf5, 0xc7, 0xf5, 0xc7, 0xf5, 0xc7, 0xf5, 0xc7, 0xf5,
    0xc7, 0xf5, 0xc7, 0xf5, 0xc7, 0xf5, 0xc7, 0xf5, 0xc7, 0xf5, 0xc7, 0xf5,
    0xc7, 0xf5, 0xc7, 0xf5, 0xa6, 0xf5, 0xa6, 0xf5, 0xa6, 0xf5, 0xa6, 0xf5,
    0xa6, 0xf5, 0xa6, 0xf5, 0xa6, 0xf5, 0xa6, 0xf5, 0xa6, 0xf5, 0xa6, 0xf5,
    0xa6, 0xf5, 0xa6, 0xf5, 0xa6, 0xf5, 0xa6, 0xf5, 0x85, 0xf5, 0x85, 0xf5,
    0x85, 0xf5, 0x85, 0xf5, 0x85, 0xf5, 0x85, 0xf5, 0x85, 0xf5, 0x85, 0xf5,
    0x85, 0xf5, 0x85, 0xf5, 0x85, 0xf5, 0x85, 0xf5, 0x65, 0xf5, 0x65, 0xf5,
    0x65, 0xf5, 0x65, 0xf5, 0x64, 0xf5, 0x64, 0xf5, 0x64, 0xf5, 0x64, 0xf5,
    0x64, 0xf5, 0x64, 0xf5, 0x64, 0xf5, 0x64, 0xf5, 0x64, 0xf5, 0x64, 0xf5,
    0x44, 0xf5, 0x44, 0xf5, 0x44, 0xf5, 0x44, 0xf5, 0x44, 0xf5, 0x43, 0xf5,
    0x43, 0xf5, 0x43, 0xf5, 0x43, 0xf5, 0x43, 0xf5, 0x43, 0xf5, 0x43, 0xf5,
    0x43, 0xf5, 0x43, 0xf5, 0x23, 0xf5, 0x23, 0xf5, 0x23, 0xf5, 0x23, 0xf5,
    0x23, 0xf5, 0x23, 0xf5, 0x22, 0xf5, 0x22, 0xf5, 0x22, 0xf5, 0x22, 0xf5,
    0x22, 0xf5, 0x22, 0xf5, 0x02, 0xf5, 0x02, 0xf5, 0x02, 0xf5, 0x02, 0xf5,
    0x02, 0xf5, 0x02, 0xf5, 0x02, 0xf5, 0x02, 0xf5, 0x02, 0xf5, 0x01, 0xf5,
    0x01, 0xf5, 0x01, 0xf5, 0x01, 0xf5, 0x01, 0xf5, 0xe1, 0xf4, 0xe1, 0xf4,
    0xe1, 0xf4, 0xe1, 0xf4, 0xe1, 0xf4, 0xe1, 0xf4, 0xe1, 0xf4, 0xe1, 0xf4,
    0x4a, 0xfe, 0x4a, 0xfe, 0x4a, 0xfe, 0x4a, 0xfe, 0x4a, 0xfe, 0x4a, 0xfe,
    0x2a, 0xfe, 0x2a, 0xfe, 0x2a, 0xf6, 0x2a, 0xfe, 0x2a, 0xf6, 0x2a, 0xfe,
    0x2a, 0xf6, 0x29, 0xf6, 0x29, 0xf6, 0x29, 0xf6, 0x29, 0xf6, 0x29, 0xf6,
    0x09, 0xf6, 0x09, 0xf6, 0x09, 0xf6, 0x09, 0xf6, 0x09, 0xf6, 0x09, 0xf6,
    0x09, 0xf6, 0x09, 0xf6, 0x09, 0xf6, 0x09, 0xf6, 0x08, 0xf6, 0x08, 0xf6,
    0x08, 0xf6, 0x08, 0xf6, 0xe8, 0xf5, 0xe8, 0xf5, 0xe8, 0xf5, 0xe8, 0xf5,
    0xe8, 0xf5, 0xe8, 0xf5, 0xe8, 0xf5, 0xe8, 0xf5, 0xe8, 0xf5, 0xe8, 0xf5,
    0xe8, 0xf5, 0xe8, 0xf5, 0xe7, 0xf5, 0xe7, 0xf5, 0xc7, 0xf5, 0xc7, 0xf5,
    0xc7, 0xf5, 0xc7, 0xf5, 0xc7, 0xf5, 0xc7, 0xf5, 0xc7, 0xf5, 0xc7, 0xf5,
    0xc7, 0xf5, 0xc7, 0xf5, 0xc7, 0xf5, 0xc7, 0xf5, 0xa6, 0xf5, 0xa6, 0xf5,
    0xa6, 0xf5, 0xa6, 0xf5, 0xa6, 0xf5, 0xa6, 0xf5, 0xa6, 0xf5, 0xa6, 0xf5,
    0xa6, 0xf5, 0xa6, 0xf5, 0xa6, 0xf5, 0xa6, 0xf5, 0xa6, 0xf5, 0xa6, 0xf5,
    0x86, 0xf5, 0x86, 0xf5, 0x85, 0xf5, 0x85, 0xf5, 0x85, 0xf5, 0x85, 0xf5,
    0x85, 0xf5, 0x85, 0xf5, 0x85, 0xf5, 0x85, 0xf5, 0x85, 0xf5, 0x85, 0xf5,
    0x85, 0xf5, 0x85, 0xf5, 0x65, 0xf5, 0x65, 0xf5, 0x65, 0xf5, 0x64, 0xf5,
    0x64, 0xf5, 0x64, 0xf5, 0x64, 0xf5, 0x64, 0xf5, 0x64, 0xf5, 0x64, 0xf5,
    0x64, 0xf5, 0x64, 0xf5, 0x44, 0xf5, 0x44, 0xf5, 0x44, 0xf5, 0x44, 0xf5,
    0x44, 0xf5, 0x44, 0xf5, 0x43, 0xf5, 0x43, 0xf5, 0x43, 0xf5, 0x43, 0xf5,
    0x43, 0xf5, 0x43, 0xf5, 0x43, 0xf5, 0x43, 0xf5, 0x23, 0xf5, 0x23, 0xf5,
    0x23, 0xf5, 0x23, 0xf5, 0x23, 0xf5, 0x23, 0xf5, 0x23, 0xf5, 0x23, 0xf5,
    0x22, 0xf5, 0x22, 0xf5, 0x22, 0xf5, 0x22, 0xf5, 0x22, 0xf5, 0x22, 0xf5,
    0x02, 0xf5, 0x02, 0xf5, 0x02, 0xf5, 0x02, 0xf5, 0x02, 0xf5, 0x02, 0xf5,
    0x02, 0xf5, 0x02, 0xf5, 0x01, 0xf5, 0x01, 0xf5, 0x01, 0xf5, 0x01, 0xf5,
    0xe1, 0xf4, 0xe1, 0xf4, 0xe1, 0xf4, 0xe1, 0xf4, 0xe1, 0xf4, 0xe1, 0xf4,
    0xe1, 0xf4, 0xe1, 0xf4, 0xe1, 0xf4, 0xe1, 0xf4, 0xe1, 0xf4, 0xe1, 0xf4,
    0x4a, 0xfe, 0x4a, 0xfe, 0x4a, 0xfe, 0x4a, 0xfe, 0x4a, 0xfe, 0x4a, 0xfe,
    0x2a, 0xfe, 0x2a, 0xfe, 0x2a, 0xfe, 0x2a, 0xfe, 0x2a, 0xfe, 0x2a, 0xfe,
    0x29, 0xfe, 0x29, 0xfe, 0x29, 0xfe, 0x29, 0xfe, 0x29, 0xf6, 0x29, 0xfe,
    0x09, 0xf6, 0x09, 0xfe, 0x09, 0xf6, 0x09, 0xf6, 0x09, 0xf6, 0x09, 0xf6,
    0x09, 0xf6, 0x09, 0xf6, 0x09, 0xf6, 0x09, 0xf6, 0x08, 0xf6, 0x08, 0xf6,
    0x08, 0xf6, 0x08, 0xf6, 0xe8, 0xf5, 0xe8, 0xf5, 0xe8, 0xf5, 0xe8, 0xf5,
    0xe8, 0xf5, 0xe8, 0xf5, 0xe8, 0xf5, 0xe8, 0xf5, 0xe8, 0xf5, 0xe8, 0xf5,
    0xe8, 0xf5, 0xe7, 0xf5, 0xe7, 0xf5, 0xe7, 0xf5, 0xc7, 0xf5, 0xc7, 0xf5,
    0xc7, 0xf5, 0xc7, 0xf5, 0xc7, 0xf5, 0xc7, 0xf5, 0xc7, 0xf5, 0xc7, 0xf5,
    0xc7, 0xf5, 0xc7, 0xf5, 0xc7, 0xf5, 0xc7, 0xf5, 0xa6, 0xf5, 0xa6, 0xf5,
    0xa6, 0xf5, 0xa6, 0xf5, 0xa6, 0xf5, 0xa6, 0xf5, 0xa6, 0xf5, 0xa6, 0xf5,
    0xa6, 0xf5, 0xa6, 0xf5, 0xa6, 0xf5, 0xa6, 0xf5, 0xa6, 0xf5, 0xa6, 0xf5,
    0x86, 0xf5, 0x85, 0xf5, 0x85, 0xf5, 0x85, 0xf5, 0x85, 0xf5, 0x85, 0xf5,
    0x85, 0xf5, 0x85, 0xf5, 0x85, 0xf5, 0x85, 0xf5, 0x85, 0xf5, 0x85, 0xf5,
    0x85, 0xf5, 0x85, 0xf5, 0x65, 0xf5, 0x65, 0xf5, 0x64, 0xf5, 0x64, 0xf5,
    0x64, 0xf5, 0x64, 0xf5, 0x64, 0xf5, 0x64, 0xf5, 0x64, 0xf5, 0x64, 0xf5,
    0x64, 0xf5, 0x64, 0xf5, 0x44, 0xf5, 0x44, 0xf5, 0x44, 0xf5, 0x44, 0xf5,
    0x44, 0xf5, 0x44, 0xf5, 0x43, 0xf5, 0x43, 0xf5, 0x43, 0xf5, 0x43, 0xf5,
    0x43, 0xf5, 0x43, 0xf5, 0x43, 0xf5, 0x43, 0xf5, 0x23, 0xf5, 0x23, 0xf5,
    0x23, 0xf5, 0x23, 0xf5, 0x23, 0xf5, 0x23, 0xf5, 0x23, 0xf5, 0x22, 0xf5,
    0x22, 0xf5, 0x22, 0xf5, 0x22, 0xf5, 0x22, 0xf5, 0x22, 0xf5, 0x22, 0xf5,
    0x02, 0xf5, 0x02, 0xf5, 0x02, 0xf5, 0x02, 0xf5, 0x02, 0xf5, 0x02, 0xf5,
    0x02, 0xf5, 0x02, 0xf5, 0x01, 0xf5, 0x01, 0xf5, 0x01, 0xf5, 0x01, 0xf5,
    0xe1, 0xf4, 0xe1, 0xf4, 0xe1, 0xf4, 0xe1, 0xf4, 0xe1, 0xf4, 0xe1, 0xf4,
    0xe1, 0xf4, 0xe1, 0xf4, 0xe1, 0xf4, 0xe1, 0xf4, 0xe1, 0xf4, 0xe0, 0xf4,
    0x4a, 0xfe, 0x4a, 0xfe, 0x2a, 0xfe, 0x2a, 0xfe, 0x2a, 0xfe, 0x2a, 0xfe,
    0x2a, 0xf6, 0x2a, 0xfe, 0x2a, 0xf6, 0x2a, 0xfe, 0x29, 0xf6, 0x29, 0xf6,
    0x29, 0xf6, 0x29, 0xf6, 0x29, 0xf6, 0x29, 0xf6, 0x09, 0xf6, 0x09, 0xf6,
    0x09, 0xf6, 0x09, 0xf6, 0x09, 0xf6, 0x09, 0xf6, 0x09, 0xf6, 0x09, 0xf6,
    0x09, 0xf6, 0x09, 0xf6, 0x08, 0xf6, 0x08, 0xf6, 0x08, 0xf6, 0x08, 0xf6,
    0xe8, 0xf5, 0xe8, 0xf5, 0xe8, 0xf5, 0xe8, 0xf5, 0xe8, 0xf5, 0xe8, 0xf5,
    0xe8, 0xf5, 0xe8, 0xf5, 0xe8, 0xf5, 0xe8, 0xf5, 0xe7, 0xf5, 0xe7, 0xf5,
    0xc7, 0xf5, 0xc7, 0xf5, 0xc7, 0xf5, 0xc7, 0xf5, 0xc7, 0xf5, 0xc7, 0xf5,
    0xc7, 0xf5, 0xc7, 0xf5, 0xc7, 0xf5, 0xc7, 0xf5, 0xc7, 0xf5, 0xc7, 0xf5,
    0xc7, 0xf5, 0xc7, 0xf5, 0xa6, 0xf5, 0xa6, 0xf5, 0xa6, 0xf5, 0xa6, 0xf5,
    0xa6, 0xf5, 0xa6, 0xf5, 0xa6, 0xf5, 0xa6, 0xf5, 0xa6, 0xf5, 0xa6, 0xf5,
    0xa6, 0xf5, 0xa6, 0xf5, 0xa6, 0xf5, 0xa6, 0xf5, 0x86, 0xf5, 0x85, 0xf5,
    0x85, 0xf5, 0x85, 0xf5, 0x85, 0xf5, 0x85, 0xf5, 0x85, 0xf5, 0x85, 0xf5,
    0x85, 0xf5, 0x85, 0xf5, 0x85, 0xf5, 0x85, 0xf5, 0x65, 0xf5, 0x65, 0xf5,
    0x65, 0xf5, 0x65, 0xf5, 0x64, 0xf5, 0x64, 0xf5, 0x64, 0xf5, 0x64, 0xf5,
    0x64, 0xf5, 0x64, 0xf5, 0x64, 0xf5, 0x64, 0xf5, 0x64, 0xf5, 0x64, 0xf5,
    0x44, 0xf5, 0x44, 0xf5, 0x44, 0xf5, 0x44, 0xf5, 0x44, 0xf5, 0x44, 0xf5,
    0x43, 0xf5, 0x43, 0xf5, 0x43, 0xf5, 0x43, 0xf5, 0x43, 0xf5, 0x43, 0xf5,
    0x43, 0xf5, 0x43, 0xf5, 0x23, 0xf5, 0x23, 0xf5, 0x23, 0xf5, 0x23, 0xf5,
    0x23, 0xf5, 0x23, 0xf5, 0x22, 0xf5, 0x22, 0xf5, 0x22, 0xf5, 0x22, 0xf5,
    0x22, 0xf5, 0x22, 0xf5, 0x02, 0xf5, 0x02, 0xf5, 0x02, 0xf5, 0x02, 0xf5,
    0x02, 0xf5, 0x02, 0xf5, 0x02, 0xf5, 0x02, 0xf5, 0x02, 0xf5, 0x02, 0xf5,
    0x01, 0xf5, 0x01, 0xf5, 0x01, 0xf5, 0x01, 0xf5, 0xe1, 0xf4, 0xe1, 0xf4,
    0xe1, 0xf4, 0xe1, 0xf4, 0xe1, 0xf4, 0xe1, 0xf4, 0xe1, 0xf4, 0xe1, 0xf4,
    0xe1, 0xf4, 0xe1, 0xf4, 0xe1, 0xf4, 0xe0, 0xf4, 0xe0, 0xf4, 0xe0, 0xf4,
    0x4a, 0xfe, 0x4a, 0xfe, 0x2a, 0xfe, 0x2a, 0xfe, 0x2a, 0xfe, 0x2a, 0xfe,
    0x2a, 0xfe, 0x2a, 0xfe, 0x2a, 0xfe, 0x2a, 0xfe, 0x29, 0xfe, 0x29, 0xfe,
    0x29, 0xfe, 0x29, 0xfe, 0x29, 0xfe, 0x29, 0xfe, 0x09, 0xf6, 0x09, 0xfe,
    0x09, 0xf6, 0x09, 0xfe, 0x09, 0xf6, 0x09, 0xf6, 0x09, 0xf6, 0x09, 0xf6,
    0x09, 0xf6, 0x08, 0xf6, 0x08, 0xf6, 0x08, 0xf6, 0x08, 0xf6, 0x08, 0xf6,
    0xe8, 0xf5, 0xe8, 0xf5, 0xe8, 0xf5, 0xe8, 0xf5, 0xe8, 0xf5, 0xe8, 0xf5,
    0xe8, 0xf5, 0xe8, 0xf5, 0xe8, 0xf5, 0xe8, 0xf5, 0xe7, 0xf5, 0xe7, 0xf5,
    0xc7, 0xf5, 0xc7, 0xf5, 0xc7, 0xf5, 0xc7, 0xf5, 0xc7, 0xf5, 0xc7, 0xf5,
    0xc7, 0xf5, 0xc7, 0xf5, 0xc7, 0xf5, 0xc7, 0xf5, 0xc7, 0xf5, 0xc7, 0xf5,
    0xc7, 0xf5, 0xc7, 0xf5, 0xa6, 0xf5, 0xa6, 0xf5, 0xa6, 0xf5, 0xa6, 0xf5,
    0xa6, 0xf5, 0xa6, 0xf5, 0xa6, 0xf5, 0xa6, 0xf5, 0xa6, 0xf5, 0xa6, 0xf5,
    0xa6, 0xf5, 0xa6, 0xf5, 0xa6, 0xf5, 0xa6, 0xf5, 0x85, 0xf5, 0x85, 0xf5,
    0x85, 0xf5, 0x85, 0xf5, 0x85, 0xf5, 0x85, 0xf5, 0x85, 0xf5, 0x85, 0xf5,
    0x85, 0xf5, 0x85, 0xf5, 0x85, 0xf5, 0x85, 0xf5, 0x65, 0xf5, 0x65, 0xf5,
    0x65, 0xf5, 0x65, 0xf5, 0x64, 0xf5, 0x64, 0xf5, 0x64, 0xf5, 0x64, 0xf5,
    0x64, 0xf5, 0x64, 0xf5, 0x64, 0xf5, 0x64, 0xf5, 0x64, 0xf5, 0x64, 0xf5,
    0x44, 0xf5, 0x44, 0xf5, 0x44, 0xf5, 0x44, 0xf5, 0x44, 0xf5, 0x43, 0xf5,
    0x43, 0xf5, 0x43, 0xf5, 0x43, 0xf5, 0x43, 0xf5, 0x43, 0xf5, 0x43, 0xf5,
    0x43, 0xf5, 0x43, 0xf5, 0x23, 0xf5, 0x23, 0xf5, 0x23, 0xf5, 0x23, 0xf5,
    0x23, 0xf5, 0x23, 0xf5, 0x22, 0xf5, 0x22, 0xf5, 0x22, 0xf5, 0x22, 0xf5,
    0x22, 0xf5, 0x22, 0xf5, 0x02, 0xf5, 0x02, 0xf5, 0x02, 0xf5, 0x02, 0xf5,
    0x02, 0xf5, 0x02, 0xf5, 0x02, 0xf5, 0x02, 0xf5, 0x02, 0xf5, 0x01, 0xf5,
    0x01, 0xf5, 0x01, 0xf5, 0x01, 0xf5, 0x01, 0xf5, 0xe1, 0xf4, 0xe1, 0xf4,
    0xe1, 0xf4, 0xe1, 0xf4, 0xe1, 0xf4, 0xe1, 0xf4, 0xe1, 0xf4, 0xe1, 0xf4,
    0xe1, 0xf4, 0xe1, 0xf4, 0xe0, 0xf4, 0xe0, 0xf4, 0xe0, 0xf4, 0xe0, 0xf4,
    0x2a, 0xf6, 0x2a, 0xfe, 0x2a, 0xf6, 0x2a, 0xfe, 0x2a, 0xf6, 0x2a, 0xf6,
    0x2a, 0xf6, 0x29, 0xf6, 0x29, 0xf6, 0x29, 0xf6, 0x29, 0xf6, 0x29, 0xf6,
    0x09, 0xf6, 0x09, 0xf6, 0x09, 0xf6, 0x09, 0xf6, 0x09, 0xf6, 0x09, 0xf6,
    0x09, 0xf6, 0x09, 0xf6, 0x09, 0xf6, 0x09, 0xf6, 0x08, 0xf6, 0x08, 0xf6,
    0x08, 0xf6, 0x08, 0xf6, 0xe8, 0xf5, 0xe8, 0xf5, 0xe8, 0xf5, 0xe8, 0xf5,
    0xe8, 0xf5, 0xe8, 0xf5, 0xe8, 0xf5, 0xe8, 0xf5, 0xe8, 0xf5, 0xe8, 0xf5,
    0xe8, 0xf5, 0xe7, 0xf5, 0xe7, 0xf5, 0xe7, 0xf5, 0xc7, 0xf5, 0xc7, 0xf5,
    0xc7, 0xf5, 0xc7, 0xf5, 0xc7, 0xf5, 0xc7, 0xf5, 0xc7, 0xf5, 0xc7, 0xf5,
    0xc7, 0xf5, 0xc7, 0xf5, 0xc7, 0xf5, 0xc7, 0xf5, 0xa6, 0xf5, 0xa6, 0xf5,
    0xa6, 0xf5, 0xa6, 0xf5, 0xa6, 0xf5, 0xa6, 0xf5, 0xa6, 0xf5, 0xa6, 0xf5,
    0xa6, 0xf5, 0xa6, 0xf5, 0xa6, 0xf5, 0xa6, 0xf5, 0xa6, 0xf5, 0xa6, 0xf5,
    0x86, 0xf5, 0x86, 0xf5, 0x85, 0xf5, 0x85, 0xf5, 0x85, 0xf5, 0x85, 0xf5,
    0x85, 0xf5, 0x85, 0xf5, 0x85, 0xf5, 0x85, 0xf5, 0x85, 0xf5, 0x85, 0xf5,
    0x85, 0xf5, 0x85, 0xf5, 0x65, 0xf5, 0x65, 0xf5, 0x65, 0xf5, 0x64, 0xf5,
    0x64, 0xf5, 0x64, 0xf5, 0x64, 0xf5, 0x64, 0xf5, 0x64, 0xf5, 0x64, 0xf5,
    0x64, 0xf5, 0x64, 0xf5, 0x44, 0xf5, 0x44, 0xf5, 0x44, 0xf5, 0x44, 0xf5,
    0x44, 0xf5, 0x44, 0xf5, 0x43, 0xf5, 0x43, 0xf5, 0x43, 0xf5, 0x43, 0xf5,
    0x43, 0xf5, 0x43, 0xf5, 0x43, 0xf5, 0x43, 0xf5, 0x23, 0xf5, 0x23, 0xf5,
    0x23, 0xf5, 0x23, 0xf5, 0x23, 0xf5, 0x23, 0xf5, 0x23, 0xf5, 0x22, 0xf5,
    0x22, 0xf5, 0x22, 0xf5, 0x22, 0xf5, 0x22, 0xf5, 0x22, 0xf5, 0x22, 0xf5,
    0x02, 0xf5, 0x02, 0xf5, 0x02, 0xf5, 0x02, 0xf5, 0x02, 0xf5, 0x02, 0xf5,
    0x02, 0xf5, 0x02, 0xf5, 0x01, 0xf5, 0x01, 0xf5, 0x01, 0xf5, 0x01, 0xf5,
    0xe1, 0xf4, 0xe1, 0xf4, 0xe1, 0xf4, 0xe1, 0xf4, 0xe1, 0xf4, 0xe1, 0xf4,
    0xe1, 0xf4, 0xe1, 0xf4, 0xe1, 0xf4, 0xe1, 0xf4, 0xe1, 0xf4, 0xe1, 0xf4,
    0xe0, 0xf4, 0xe0, 0xf4, 0xc0, 0xf4, 0xc0, 0xf4, 0xc0, 0xf4, 0xc0, 0xf4,
    0x2a, 0xfe, 0x2a, 0xfe, 0x2a, 0xfe, 0x2a, 0xfe, 0x2a, 0xfe, 0x2a, 0xfe,
    0x29, 0xfe, 0x29, 0xfe, 0x29, 0xf6, 0x29, 0xfe, 0x29, 0xf6, 0x29, 0xfe,
    0x09, 0xf6, 0x09, 0xf6, 0x09, 0xf6, 0x09, 0xf6, 0x09, 0xf6, 0x09, 0xf6,
    0x09, 0xf6, 0x09, 0xf6, 0x09, 0xf6, 0x09, 0xf6, 0x08, 0xf6, 0x08, 0xf6,
    0x08, 0xf6, 0x08, 0xf6, 0xe8, 0xf5, 0xe8, 0xf5, 0xe8, 0xf5, 0xe8, 0xf5,
    0xe8, 0xf5, 0xe8, 0xf5, 0xe8, 0xf5, 0xe8, 0xf5, 0xe8, 0xf5, 0xe8, 0xf5,
    0xe7, 0xf5, 0xe7, 0xf5, 0xe7, 0xf5, 0xe7, 0xf5, 0xc7, 0xf5, 0xc7, 0xf5,
    0xc7, 0xf5, 0xc7, 0xf5, 0xc7, 0xf5, 0xc7, 0xf5, 0xc7, 0xf5, 0xc7, 0xf5,
    0xc7, 0xf5, 0xc7, 0xf5, 0xc7, 0xf5, 0xc7, 0xf5, 0xa6, 0xf5, 0xa6, 0xf5,
    0xa6, 0xf5, 0xa6, 0xf5, 0xa6, 0xf5, 0xa6, 0xf5, 0xa6, 0xf5, 0xa6, 0xf5,
    0xa6, 0xf5, 0xa6, 0xf5, 0xa6, 0xf5, 0xa6, 0xf5, 0xa6, 0xf5, 0xa6, 0xf5,
    0x86, 0xf5, 0x85, 0xf5, 0x85, 0xf5, 0x85, 0xf5, 0x85, 0xf5, 0x85, 0xf5,
    0x85, 0xf5, 0x85, 0xf5, 0x85, 0xf5, 0x85, 0xf5, 0x85, 0xf5, 0x85, 0xf5,
    0x85, 0xf5, 0x85, 0xf5, 0x65, 0xf5, 0x65, 0xf5, 0x64, 0xf5, 0x64, 0xf5,
    0x64, 0xf5, 0x64, 0xf5, 0x64, 0xf5, 0x64, 0xf5, 0x64, 0xf5, 0x64, 0xf5,
    0x64, 0xf5, 0x64, 0xf5, 0x44, 0xf5, 0x44, 0xf5, 0x44, 0xf5, 0x44, 0xf5,
    0x44, 0xf5, 0x44, 0xf5, 0x43, 0xf5, 0x43, 0xf5, 0x43, 0xf5, 0x43, 0xf5,
    0x43, 0xf5, 0x43, 0xf5, 0x43, 0xf5, 0x43, 0xf5, 0x23, 0xf5, 0x23, 0xf5,
    0x23, 0xf5, 0x23, 0xf5, 0x23, 0xf5, 0x23, 0xf5, 0x22, 0xf5, 0x22, 0xf5,
    0x22, 0xf5, 0x22, 0xf5, 0x22, 0xf5, 0x22, 0xf5, 0x22, 0xf5, 0x22, 0xf5,
    0x02, 0xf5, 0x02, 0xf5, 0x02, 0xf5, 0x02, 0xf5, 0x02, 0xf5, 0x02, 0xf5,
    0x02, 0xf5, 0x02, 0xf5, 0x01, 0xf5, 0x01, 0xf5, 0x01, 0xf5, 0x01, 0xf5,
    0xe1, 0xf4, 0xe1, 0xf4, 0xe1, 0xf4, 0xe1, 0xf4, 0xe1, 0xf4, 0xe1, 0xf4,
    0xe1, 0xf4, 0xe1, 0xf4, 0xe1, 0xf4, 0xe1, 0xf4, 0xe1, 0xf4, 0xe0, 0xf4,
    0xe0, 0xf4, 0xe0, 0xf4, 0xc0, 0xf4, 0xc0, 0xf4, 0xc0, 0xf4, 0xc0, 0xf4,
    0x2a, 0xf6, 0x2a, 0xfe, 0x2a, 0xf6, 0x2a, 0xfe, 0x29, 0xf6, 0x29, 0xf6,
    0x29, 0xf6, 0x29, 0xf6, 0x29, 0xf6, 0x29, 0xf6, 0x09, 0xf6, 0x09, 0xf6,
    0x09, 0xf6, 0x09, 0xf6, 0x09, 0xf6, 0x09, 0xf6, 0x09, 0xf6, 0x09, 0xf6,
    0x09, 0xf6, 0x09, 0xf6, 0x08, 0xf6, 0x08, 0xf6, 0x08, 0xf6, 0x08, 0xf6,
    0xe8, 0xf5, 0xe8, 0xf5, 0xe8, 0xf5, 0xe8, 0xf5, 0xe8, 0xf5, 0xe8, 0xf5,
    0xe8, 0xf5, 0xe8, 0xf5, 0xe8, 0xf5, 0xe8, 0xf5, 0xe7, 0xf5, 0xe7, 0xf5,
    0xc7, 0xf5, 0xc7, 0xf5, 0xc7, 0xf5, 0xc7, 0xf5, 0xc7, 0xf5, 0xc7, 0xf5,
    0xc7, 0xf5, 0xc7, 0xf5, 0xc7, 0xf5, 0xc7, 0xf5, 0xc7, 0xf5, 0xc7, 0xf5,
    0xc7, 0xf5, 0xc7, 0xf5, 0xa6, 0xf5, 0xa6, 0xf5, 0xa6, 0xf5, 0xa6, 0xf5,
    0xa6, 0xf5, 0xa6, 0xf5, 0xa6, 0xf5, 0xa6, 0xf5, 0xa6, 0xf5, 0xa6, 0xf5,
    0xa6, 0xf5, 0xa6, 0xf5, 0xa6, 0xf5, 0xa6, 0xf5, 0x85, 0xf5, 0x85, 0xf5,
    0x85, 0xf5, 0x85, 0xf5, 0x85, 0xf5, 0x85, 0xf5, 0x85, 0xf5, 0x85, 0xf5,
    0x85, 0xf5, 0x85, 0xf5, 0x85, 0xf5, 0x85, 0xf5, 0x65, 0xf5, 0x65, 0xf5,
    0x65, 0xf5, 0x65, 0xf5, 0x64, 0xf5, 0x64, 0xf5, 0x64, 0xf5, 0x64, 0xf5,
    0x64, 0xf5, 0x64, 0xf5, 0x64, 0xf5, 0x64, 0xf5, 0x64, 0xf5, 0x64, 0xf5,
    0x44, 0xf5, 0x44, 0xf5, 0x44, 0xf5, 0x44, 0xf5, 0x44, 0xf5, 0x44, 0xf5,
    0x43, 0xf5, 0x43, 0xf5, 0x43, 0xf5, 0x43, 0xf5, 0x43, 0xf5, 0x43, 0xf5,
    0x43, 0xf5, 0x43, 0xf5, 0x23, 0xf5, 0x23, 0xf5, 0x23, 0xf5, 0x23, 0xf5,
    0x23, 0xf5, 0x23, 0xf5, 0x22, 0xf5, 0x22, 0xf5, 0x22, 0xf5, 0x22, 0xf5,
    0x22, 0xf5, 0x22, 0xf5, 0x02, 0xf5, 0x02, 0xf5, 0x02, 0xf5, 0x02, 0xf5,
    0x02, 0xf5, 0x02, 0xf5, 0x02, 0xf5, 0x02, 0xf5, 0x02, 0xf5, 0x02, 0xf5,
    0x01, 0xf5, 0x01, 0xf5, 0x01, 0xf5, 0x01, 0xf5, 0xe1, 0xf4, 0xe1, 0xf4,
    0xe1, 0xf4, 0xe1, 0xf4, 0xe1, 0xf4, 0xe1, 0xf4, 0xe1, 0xf4, 0xe1, 0xf4,
    0xe1, 0xf4, 0xe1, 0xf4, 0xe0, 0xf4, 0xe0, 0xf4, 0xe0, 0xf4, 0xe0, 0xf4,
    0xc0, 0xf4, 0xc0, 0xf4, 0xc0, 0xf4, 0xc0, 0xf4, 0xc0, 0xf4, 0xc0, 0xf4,
    0x2a, 0xfe, 0x2a, 0xfe, 0x2a, 0xfe, 0x2a, 0xfe, 0x29, 0xfe, 0x29, 0xfe,
    0x29, 0xfe, 0x29, 0xfe, 0x29, 0xf6, 0x29, 0xfe, 0x09, 0xf6, 0x09, 0xfe,
    0x09, 0xf6, 0x09, 0xf6, 0x09, 0xf6, 0x09, 0xf6, 0x09, 0xf6, 0x09, 0xf6,
    0x08, 0xf6, 0x08, 0xf6, 0x08, 0xf6, 0x08, 0xf6, 0x08, 0xf6, 0x08, 0xf6,
    0xe8, 0xf5, 0xe8, 0xf5, 0xe8, 0xf5, 0xe8, 0xf5, 0xe8, 0xf5, 0xe8, 0xf5,
    0xe8, 0xf5, 0xe8, 0xf5, 0xe8, 0xf5, 0xe8, 0xf5, 0xe7, 0xf5, 0xe7, 0xf5,
    0xc7, 0xf5, 0xc7, 0xf5, 0xc7, 0xf5, 0xc7, 0xf5, 0xc7, 0xf5, 0xc7, 0xf5,
    0xc7, 0xf5, 0xc7, 0xf5, 0xc7, 0xf5, 0xc7, 0xf5, 0xc7, 0xf5, 0xc7, 0xf5,
    0xc7, 0xf5, 0xc6, 0xf5, 0xa6, 0xf5, 0xa6, 0xf5, 0xa6, 0xf5, 0xa6, 0xf5,
    0xa6, 0xf5, 0xa6, 0xf5, 0xa6, 0xf5, 0xa6, 0xf5, 0xa6, 0xf5, 0xa6, 0xf5,
    0xa6, 0xf5, 0xa6, 0xf5, 0xa6, 0xf5, 0xa6, 0xf5, 0x85, 0xf5, 0x85, 0xf5,
    0x85, 0xf5, 0x85, 0xf5, 0x85, 0xf5, 0x85, 0xf5, 0x85, 0xf5, 0x85, 0xf5,
    0x85, 0xf5, 0x85, 0xf5, 0x85, 0xf5, 0x85, 0xf5, 0x65, 0xf5, 0x65, 0xf5,
    0x65, 0xf5, 0x65, 0xf5, 0x64, 0xf5, 0x64, 0xf5, 0x64, 0xf5, 0x64, 0xf5,
    0x64, 0xf5, 0x64, 0xf5, 0x64, 0xf5, 0x64, 0xf5, 0x64, 0xf5, 0x64, 0xf5,
    0x44, 0xf5, 0x44, 0xf5, 0x44, 0xf5, 0x44, 0xf5, 0x43, 0xf5, 0x43, 0xf5,
    0x43, 0xf5, 0x43, 0xf5, 0x43, 0xf5, 0x43, 0xf5, 0x43, 0xf5, 0x43, 0xf5,
    0x43, 0xf5, 0x43, 0xf5, 0x23, 0xf5, 0x23, 0xf5, 0x23, 0xf5, 0x23, 0xf5,
    0x23, 0xf5, 0x23, 0xf5, 0x22, 0xf5, 0x22, 0xf5, 0x22, 0xf5, 0x22, 0xf5,
    0x22, 0xf5, 0x22, 0xf5, 0x02, 0xf5, 0x02, 0xf5, 0x02, 0xf5, 0x02, 0xf5,
    0x02, 0xf5, 0x02, 0xf5, 0x02, 0xf5, 0x02, 0xf5, 0x02, 0xf5, 0x01, 0xf5,
    0x01, 0xf5, 0x01, 0xf5, 0x01, 0xf5, 0x01, 0xf5, 0xe1, 0xf4, 0xe1, 0xf4,
    0xe1, 0xf4, 0xe1, 0xf4, 0xe1, 0xf4, 0xe1, 0xf4, 0xe1, 0xf4, 0xe1, 0xf4,
    0xe1, 0xf4, 0xe1, 0xf4, 0xe0, 0xf4, 0xe0, 0xf4, 0xe0, 0xf4, 0xe0, 0xf4,
    0xc0, 0xf4, 0xc0, 0xf4, 0xc0, 0xf4, 0xc0, 0xf4, 0xc0, 0xf4, 0xc0, 0xf4,
    0x29, 0xf6, 0x29, 0xf6, 0x29, 0xf6, 0x29, 0xf6, 0x29, 0xf6, 0x29, 0xf6,
    0x09, 0xf6, 0x09, 0xf6, 0x09, 0xf6, 0x09, 0xf6, 0x09, 0xf6, 0x09, 0xf6,
    0x09, 0xf6, 0x09, 0xf6, 0x09, 0xf6, 0x09, 0xf6, 0x08, 0xf6, 0x08, 0xf6,
    0x08, 0xf6, 0x08, 0xf6, 0xe8, 0xf5, 0xe8, 0xf5, 0xe8, 0xf5, 0xe8, 0xf5,
    0xe8, 0xf5, 0xe8, 0xf5, 0xe8, 0xf5, 0xe8, 0xf5, 0xe8, 0xf5, 0xe8, 0xf5,
    0xe8, 0xf5, 0xe7, 0xf5, 0xc7, 0xf5, 0xc7, 0xf5, 0xc7, 0xf5, 0xc7, 0xf5,
    0xc7, 0xf5, 0xc7, 0xf5, 0xc7, 0xf5, 0xc7, 0xf5, 0xc7, 0xf5, 0xc7, 0xf5,
    0xc7, 0xf5, 0xc7, 0xf5, 0xc7, 0xf5, 0xc7, 0xf5, 0xa6, 0xf5, 0xa6, 0xf5,
    0xa6, 0xf5, 0xa6, 0xf5, 0xa6, 0xf5, 0xa6, 0xf5, 0xa6, 0xf5, 0xa6, 0xf5,
    0xa6, 0xf5, 0xa6, 0xf5, 0xa6, 0xf5, 0xa6, 0xf5, 0xa6, 0xf5, 0xa6, 0xf5,
    0x86, 0xf5, 0x86, 0xf5, 0x85, 0xf5, 0x85, 0xf5, 0x85, 0xf5, 0x85, 0xf5,
    0x85, 0xf5, 0x85, 0xf5, 0x85, 0xf5, 0x85, 0xf5, 0x85, 0xf5, 0x85, 0xf5,
    0x65, 0xf5, 0x65, 0xf5, 0x65, 0xf5, 0x65, 0xf5, 0x64, 0xf5, 0x64, 0xf5,
    0x64, 0xf5, 0x64, 0xf5, 0x64, 0xf5, 0x64, 0xf5, 0x64, 0xf5, 0x64, 0xf5,
    0x64, 0xf5, 0x64, 0xf5, 0x44, 0xf5, 0x44, 0xf5, 0x44, 0xf5, 0x44, 0xf5,
    0x44, 0xf5, 0x44, 0xf5, 0x43, 0xf5, 0x43, 0xf5, 0x43, 0xf5, 0x43, 0xf5,
    0x43, 0xf5, 0x43, 0xf5, 0x43, 0xf5, 0x43, 0xf5, 0x23, 0xf5, 0x23, 0xf5,
    0x23, 0xf5, 0x23, 0xf5, 0x23, 0xf5, 0x23, 0xf5, 0x23, 0xf5, 0x22, 0xf5,
    0x22, 0xf5, 0x22, 0xf5, 0x22, 0xf5, 0x22, 0xf5, 0x02, 0xf5, 0x02, 0xf5,
    0x02, 0xf5, 0x02, 0xf5, 0x02, 0xf5, 0x02, 0xf5, 0x02, 0xf5, 0x02, 0xf5,
    0x02, 0xf5, 0x02, 0xf5, 0x01, 0xf5, 0x01, 0xf5, 0x01, 0xf5, 0x01, 0xf5,
    0xe1, 0xf4, 0xe1, 0xf4, 0xe1, 0xf4, 0xe1, 0xf4, 0xe1, 0xf4, 0xe1, 0xf4,
    0xe1, 0xf4, 0xe1, 0xf4, 0xe1, 0xf4, 0xe1, 0xf4, 0xe1, 0xf4, 0xe1, 0xf4,
    0xe0, 0xf4, 0xe0, 0xf4, 0xc0, 0xf4, 0xc0, 0xf4, 0xc0, 0xf4, 0xc0, 0xf4,
    0xc0, 0xf4, 0xc0, 0xf4, 0xc0, 0xf4, 0xc0, 0xf4, 0xc0, 0xf4, 0xc0, 0xf4,
    0x29, 0xfe, 0x29, 0xfe, 0x29, 0xfe, 0x29, 0xfe, 0x29, 0xf6, 0x29, 0xfe,
    0x09, 0xf6, 0x09, 0xfe, 0x09, 0xf6, 0x09, 0xf6, 0x09, 0xf6, 0x09, 0xf6,
    0x09, 0xf6, 0x09, 0xf6, 0x09, 0xf6, 0x09, 0xf6, 0x08, 0xf6, 0x08, 0xf6,
    0x08, 0xf6, 0x08, 0xf6, 0xe8, 0xf5, 0xe8, 0xf5, 0xe8, 0xf5, 0xe8, 0xf5,
    0xe8, 0xf5, 0xe8, 0xf5, 0xe8, 0xf5, 0xe8, 0xf5, 0xe8, 0xf5, 0xe8, 0xf5,
    0xe7, 0xf5, 0xe7, 0xf5, 0xe7, 0xf5, 0xc7, 0xf5, 0xc7, 0xf5, 0xc7, 0xf5,
    0xc7, 0xf5, 0xc7, 0xf5, 0xc7, 0xf5, 0xc7, 0xf5, 0xc7, 0xf5, 0xc7, 0xf5,
    0xc7, 0xf5, 0xc7, 0xf5, 0xc7, 0xf5, 0xc7, 0xf5, 0xa6, 0xf5, 0xa6, 0xf5,
    0xa6, 0xf5, 0xa6, 0xf5, 0xa6, 0xf5, 0xa6, 0xf5, 0xa6, 0xf5, 0xa6, 0xf5,
    0xa6, 0xf5, 0xa6, 0xf5, 0xa6, 0xf5, 0xa6, 0xf5, 0xa6, 0xf5, 0xa6, 0xf5,
    0x86, 0xf5, 0x85, 0xf5, 0x85, 0xf5, 0x85, 0xf5, 0x85, 0xf5, 0x85, 0xf5,
    0x85, 0xf5, 0x85, 0xf5, 0x85, 0xf5, 0x85, 0xf5, 0x85, 0xf5, 0x85, 0xf5,
    0x85, 0xf5, 0x65, 0xf5, 0x65, 0xf5, 0x65, 0xf5, 0x64, 0xf5, 0x64, 0xf5,
    0x64, 0xf5, 0x64, 0xf5, 0x64, 0xf5, 0x64, 0xf5, 0x64, 0xf5, 0x64, 0xf5,
    0x64, 0xf5, 0x64, 0xf5, 0x44, 0xf5, 0x44, 0xf5, 0x44, 0xf5, 0x44, 0xf5,
    0x44, 0xf5, 0x44, 0xf5, 0x43, 0xf5, 0x43, 0xf5, 0x43, 0xf5, 0x43, 0xf5,
    0x43, 0xf5, 0x43, 0xf5, 0x43, 0xf5, 0x43, 0xf5, 0x23, 0xf5, 0x23, 0xf5,
    0x23, 0xf5, 0x23, 0xf5, 0x23, 0xf5, 0x23, 0xf5, 0x22, 0xf5, 0x22, 0xf5,
    0x22, 0xf5, 0x22, 0xf5, 0x22, 0xf5, 0x22, 0xf5, 0x22, 0xf5, 0x02, 0xf5,
    0x02, 0xf5, 0x02, 0xf5, 0x02, 0xf5, 0x02, 0xf5, 0x02, 0xf5, 0x02, 0xf5,
    0x02, 0xf5, 0x02, 0xf5, 0x01, 0xf5, 0x01, 0xf5, 0x01, 0xf5, 0x01, 0xf5,
    0xe1, 0xf4, 0xe1, 0xf4, 0xe1, 0xf4, 0xe1, 0xf4, 0xe1, 0xf4, 0xe1, 0xf4,
    0xe1, 0xf4, 0xe1, 0xf4, 0xe1, 0xf4, 0xe1, 0xf4, 0xe1, 0xf4, 0xe0, 0xf4,
    0xe0, 0xf4, 0xe0, 0xf4, 0xc0, 0xf4, 0xc0, 0xf4, 0xc0, 0xf4, 0xc0, 0xf4,
    0xc0, 0xf4, 0xc0, 0xf4, 0xc0, 0xf4, 0xc0, 0xf4, 0xc0, 0xf4, 0xc0, 0xf4
};

const lv_image_dsc_t img_probe_out_1 = {
  .header = {
    .magic = LV_IMAGE_HEADER_MAGIC,
    .cf = LV_COLOR_FORMAT_RGB565,
    .flags = 0,
    .w = 150,
    .h = 150,
    .stride = 300,
    .reserved_2 = 0,
  },
  .data_size = sizeof(img_probe_out_1_map),
  .data = img_probe_out_1_map,
  .reserved = NULL,
};

