#if defined(LV_LVGL_H_INCLUDE_SIMPLE)
#include "lvgl.h"
#elif defined(LV_LVGL_H_INCLUDE_SYSTEM)
#include <lvgl.h>
#elif defined(LV_BUILD_TEST)
#include "../lvgl.h"
#else
#include "lvgl/lvgl.h"
#endif

#ifndef LV_ATTRIBUTE_MEM_ALIGN
#define LV_ATTRIBUTE_MEM_ALIGN
#endif

#ifndef LV_ATTRIBUTE_IMG_IMG_PROBE_ICON_6
#define LV_ATTRIBUTE_IMG_IMG_PROBE_ICON_6
#endif

static const LV_ATTRIBUTE_MEM_ALIGN LV_ATTRIBUTE_LARGE_CONST
    LV_ATTRIBUTE_IMG_IMG_PROBE_ICON_6 uint8_t img_probe_icon_6_map[] = {
        0x9e, 0xf7, 0x9e, 0xf7, 0x9e, 0xf7, 0x9e, 0xf7, 0x9e, 0xf7, 0x9e, 0xf7,
        0x9e, 0xf7, 0x9e, 0xf7, 0x9e, 0xf7, 0x9e, 0xf7, 0x9e, 0xf7, 0x9e, 0xf7,
        0x9e, 0xf7, 0x9e, 0xf7, 0x9e, 0xf7, 0x9e, 0xf7, 0x9e, 0xf7, 0x9e, 0xf7,
        0x9e, 0xf7, 0x9e, 0xf7, 0x9e, 0xf7, 0x9e, 0xf7, 0x9e, 0xf7, 0x9e, 0xf7,
        0x9e, 0xf7, 0x9e, 0xf7, 0x9e, 0xf7, 0x9e, 0xf7, 0x9e, 0xf7, 0x9e, 0xf7,
        0x9e, 0xf7, 0x9e, 0xf7, 0x9e, 0xf7, 0x9e, 0xf7, 0x9e, 0xf7, 0x9e, 0xf7,
        0x9e, 0xf7, 0x9e, 0xf7, 0x9e, 0xf7, 0x9e, 0xf7, 0x9e, 0xf7, 0x9e, 0xf7,
        0x9e, 0xf7, 0x9e, 0xf7, 0x9e, 0xf7, 0x9e, 0xf7, 0x9e, 0xf7, 0x9e, 0xf7,
        0x9e, 0xf7, 0x9e, 0xf7, 0x9e, 0xf7, 0x9e, 0xf7, 0x9e, 0xf7, 0x9e, 0xf7,
        0x9e, 0xf7, 0x9e, 0xf7, 0x9e, 0xf7, 0x9e, 0xf7, 0x9e, 0xf7, 0x9e, 0xf7,
        0x9e, 0xf7, 0x9e, 0xf7, 0x9e, 0xf7, 0x9e, 0xf7, 0x9e, 0xf7, 0x9e, 0xf7,
        0x9e, 0xf7, 0x9e, 0xf7, 0x9e, 0xf7, 0x9e, 0xf7, 0x9e, 0xf7, 0x9e, 0xf7,
        0x9e, 0xf7, 0x9e, 0xf7, 0x9e, 0xf7, 0x9e, 0xf7, 0x9e, 0xf7, 0x9e, 0xf7,
        0x9e, 0xf7, 0x9e, 0xf7, 0x9e, 0xf7, 0x9e, 0xf7, 0x9e, 0xf7, 0x9e, 0xf7,
        0x9e, 0xf7, 0x9e, 0xf7, 0x9e, 0xf7, 0x9e, 0xf7, 0x9e, 0xf7, 0x9e, 0xf7,
        0x9e, 0xf7, 0x9e, 0xf7, 0x9e, 0xf7, 0x9e, 0xf7, 0x9e, 0xf7, 0x9e, 0xf7,
        0x9e, 0xf7, 0x9e, 0xf7, 0x9e, 0xf7, 0x9e, 0xf7, 0x9e, 0xf7, 0x9e, 0xf7,
        0x9e, 0xf7, 0x9e, 0xf7, 0x9e, 0xf7, 0x9e, 0xf7, 0x9e, 0xf7, 0x9e, 0xf7,
        0x9e, 0xf7, 0x9e, 0xf7, 0x9e, 0xf7, 0x9e, 0xf7, 0x9e, 0xf7, 0x9e, 0xf7,
        0x9e, 0xf7, 0x9e, 0xf7, 0x9e, 0xf7, 0x9e, 0xf7, 0x9e, 0xf7, 0x9e, 0xf7,
        0x9e, 0xf7, 0x9e, 0xf7, 0x9e, 0xf7, 0x9e, 0xf7, 0x9e, 0xf7, 0x9e, 0xf7,
        0x9e, 0xf7, 0x9e, 0xf7, 0x9e, 0xf7, 0x9e, 0xf7, 0x9e, 0xf7, 0x9e, 0xf7,
        0x9e, 0xf7, 0x9e, 0xf7, 0x9e, 0xf7, 0x9e, 0xf7, 0x9e, 0xf7, 0x9e, 0xf7,
        0x9e, 0xf7, 0x9e, 0xf7, 0x9e, 0xf7, 0x9e, 0xf7, 0x9e, 0xf7, 0x9e, 0xf7,
        0x9e, 0xf7, 0x9e, 0xf7, 0x9e, 0xf7, 0x9e, 0xf7, 0x9e, 0xf7, 0x9e, 0xf7,
        0x9e, 0xf7, 0x9e, 0xf7, 0x9e, 0xf7, 0x9e, 0xf7, 0x9e, 0xf7, 0x9e, 0xf7,
        0x9e, 0xf7, 0x9e, 0xf7, 0x9e, 0xf7, 0x9e, 0xf7, 0x9e, 0xf7, 0x9e, 0xf7,
        0x9e, 0xf7, 0x9e, 0xf7, 0x9e, 0xf7, 0x9e, 0xf7, 0x9e, 0xf7, 0x9e, 0xf7,
        0x9e, 0xf7, 0x9e, 0xf7, 0x9e, 0xf7, 0x9e, 0xf7, 0x9e, 0xf7, 0x9e, 0xf7,
        0x9e, 0xf7, 0x9e, 0xf7, 0x9e, 0xf7, 0x9e, 0xf7, 0x9e, 0xf7, 0x9e, 0xf7,
        0x9e, 0xf7, 0x9e, 0xf7, 0x9e, 0xf7, 0x9e, 0xf7, 0x9e, 0xf7, 0x9e, 0xf7,
        0x9e, 0xf7, 0x9e, 0xf7, 0x9e, 0xf7, 0x9e, 0xf7, 0x9e, 0xf7, 0x9e, 0xf7,
        0x9e, 0xf7, 0x9e, 0xf7, 0x9e, 0xf7, 0x9e, 0xf7, 0x9e, 0xf7, 0x9e, 0xf7,
        0x9e, 0xf7, 0x9e, 0xf7, 0x9e, 0xf7, 0x9e, 0xf7, 0x9e, 0xf7, 0x9e, 0xf7,
        0x9e, 0xf7, 0x9e, 0xf7, 0x9e, 0xf7, 0x9e, 0xf7, 0x9e, 0xf7, 0x9e, 0xf7,
        0x9e, 0xf7, 0x9e, 0xf7, 0x9e, 0xf7, 0x9e, 0xf7, 0x9e, 0xf7, 0x9e, 0xf7,
        0x9e, 0xf7, 0x9e, 0xf7, 0x9e, 0xf7, 0x9e, 0xf7, 0x9e, 0xf7, 0x9e, 0xf7,
        0x9e, 0xf7, 0x9e, 0xf7, 0x9e, 0xf7, 0x9e, 0xf7, 0x9e, 0xf7, 0x9e, 0xf7,
        0x9e, 0xf7, 0x9e, 0xf7, 0x9e, 0xf7, 0x9e, 0xf7, 0x9e, 0xf7, 0x9e, 0xf7,
        0x9e, 0xf7, 0x9e, 0xf7, 0x9e, 0xf7, 0x9e, 0xf7, 0x9e, 0xf7, 0x9e, 0xf7,
        0x9e, 0xf7, 0x9e, 0xf7, 0x9e, 0xf7, 0x9e, 0xf7, 0x9e, 0xf7, 0x9e, 0xf7,
        0x9e, 0xf7, 0x9e, 0xf7, 0x9e, 0xf7, 0x9e, 0xf7, 0x9e, 0xf7, 0x9e, 0xf7,
        0x9e, 0xf7, 0x9e, 0xf7, 0x9e, 0xf7, 0x9e, 0xf7, 0x9e, 0xf7, 0x9e, 0xf7,
        0x9e, 0xf7, 0x9e, 0xf7, 0x9e, 0xf7, 0x9e, 0xf7, 0x9e, 0xf7, 0x9e, 0xf7,
        0x9e, 0xf7, 0x9e, 0xf7, 0x9e, 0xf7, 0x9e, 0xf7, 0x9e, 0xf7, 0x9e, 0xf7,
        0x9e, 0xf7, 0x9e, 0xf7, 0x9e, 0xf7, 0x9e, 0xf7, 0x9e, 0xf7, 0x9e, 0xf7,
        0x9e, 0xf7, 0x9e, 0xf7, 0x9e, 0xf7, 0x9e, 0xf7, 0x9e, 0xf7, 0x9e, 0xf7,
        0x9e, 0xf7, 0x9e, 0xf7, 0x9e, 0xf7, 0x9e, 0xf7, 0x9e, 0xf7, 0x9e, 0xf7,
        0x9e, 0xf7, 0x9e, 0xf7, 0x9e, 0xf7, 0x9e, 0xf7, 0x9e, 0xf7, 0x9e, 0xf7,
        0x9e, 0xf7, 0x9e, 0xf7, 0x9e, 0xf7, 0x9e, 0xf7, 0x9e, 0xf7, 0x9e, 0xf7,
        0x9e, 0xf7, 0x9e, 0xf7, 0x9e, 0xf7, 0x9e, 0xf7, 0x9e, 0xf7, 0x9e, 0xf7,
        0x9e, 0xf7, 0x9e, 0xf7, 0x9e, 0xf7, 0x9e, 0xf7, 0x9e, 0xf7, 0x9e, 0xf7,
        0x9e, 0xf7, 0x9e, 0xf7, 0x9e, 0xf7, 0x9e, 0xf7, 0x9e, 0xf7, 0x9e, 0xf7,
        0x9e, 0xf7, 0x9e, 0xf7, 0x9e, 0xf7, 0x9e, 0xf7, 0x9e, 0xf7, 0x9e, 0xf7,
        0x9e, 0xf7, 0x9e, 0xf7, 0x9e, 0xf7, 0x9e, 0xf7, 0x9e, 0xf7, 0x9e, 0xf7,
        0x9e, 0xf7, 0x9e, 0xf7, 0x9e, 0xf7, 0x9e, 0xf7, 0x9e, 0xf7, 0x9e, 0xf7,
        0x9e, 0xf7, 0x9e, 0xf7, 0x9e, 0xf7, 0x9e, 0xf7, 0x9e, 0xf7, 0x9e, 0xf7,
        0x9e, 0xf7, 0x9e, 0xf7, 0x9e, 0xf7, 0x9e, 0xf7, 0x9e, 0xf7, 0x9e, 0xf7,
        0x9e, 0xf7, 0x9e, 0xf7, 0x9e, 0xf7, 0x9e, 0xf7, 0x9e, 0xf7, 0x9e, 0xf7,
        0x9e, 0xf7, 0x9e, 0xf7, 0x9e, 0xf7, 0x9e, 0xf7, 0x9e, 0xf7, 0x9e, 0xf7,
        0x9e, 0xf7, 0x9e, 0xf7, 0x9e, 0xf7, 0x9e, 0xf7, 0x9e, 0xf7, 0x9e, 0xf7,
        0x9e, 0xf7, 0x9e, 0xf7, 0x9e, 0xf7, 0x9e, 0xf7, 0x9e, 0xf7, 0x9e, 0xf7,
        0x9e, 0xf7, 0x9e, 0xf7, 0x9e, 0xf7, 0x9e, 0xf7, 0x9e, 0xf7, 0x9e, 0xf7,
        0x9e, 0xf7, 0x9e, 0xf7, 0x9e, 0xf7, 0x9e, 0xf7, 0x9e, 0xf7, 0x9e, 0xf7,
        0x9e, 0xf7, 0x9e, 0xf7, 0x9e, 0xf7, 0x9e, 0xf7, 0x9e, 0xf7, 0x9e, 0xf7,
        0x9e, 0xf7, 0x9e, 0xf7, 0x9e, 0xf7, 0x9e, 0xf7, 0x9e, 0xf7, 0x9e, 0xf7,
        0x9e, 0xf7, 0x9e, 0xf7, 0x9e, 0xf7, 0x9e, 0xf7, 0x9e, 0xf7, 0x9e, 0xf7,
        0x9e, 0xf7, 0x9e, 0xf7, 0x9e, 0xf7, 0x9e, 0xf7, 0x9e, 0xf7, 0x9e, 0xf7,
        0x9e, 0xf7, 0x9e, 0xf7, 0x9e, 0xf7, 0x9e, 0xf7, 0x9e, 0xf7, 0x9e, 0xf7,
        0x9e, 0xf7, 0x9e, 0xf7, 0x9e, 0xf7, 0x9e, 0xf7, 0x9e, 0xf7, 0x9e, 0xf7,
        0x9e, 0xf7, 0x9e, 0xf7, 0x9e, 0xf7, 0x9e, 0xf7, 0x9e, 0xf7, 0x9e, 0xf7,
        0x9e, 0xf7, 0x9e, 0xf7, 0x9e, 0xf7, 0x9e, 0xf7, 0x9e, 0xf7, 0x9e, 0xf7,
        0x9e, 0xf7, 0x9e, 0xf7, 0x9e, 0xf7, 0x9e, 0xf7, 0x9e, 0xf7, 0x9e, 0xf7,
        0x9e, 0xf7, 0x9e, 0xf7, 0x9e, 0xf7, 0x9e, 0xf7, 0x9e, 0xf7, 0x9e, 0xf7,
        0x9e, 0xf7, 0x9e, 0xf7, 0x9e, 0xf7, 0x9e, 0xf7, 0x9e, 0xf7, 0x9e, 0xf7,
        0x9e, 0xf7, 0x9e, 0xf7, 0x9e, 0xf7, 0x9e, 0xf7, 0x9e, 0xf7, 0x9e, 0xf7,
        0x9e, 0xf7, 0x9e, 0xf7, 0x9e, 0xf7, 0x9e, 0xf7, 0x9e, 0xf7, 0x9e, 0xf7,
        0x9e, 0xf7, 0x9e, 0xf7, 0x9e, 0xf7, 0x9e, 0xf7, 0x9e, 0xf7, 0x9e, 0xf7,
        0x9e, 0xf7, 0x9e, 0xf7, 0x9e, 0xf7, 0x9e, 0xf7, 0x9e, 0xf7, 0x9e, 0xf7,
        0x9e, 0xf7, 0x9e, 0xf7, 0x9e, 0xf7, 0x9e, 0xf7, 0x9e, 0xf7, 0x9e, 0xf7,
        0x9e, 0xf7, 0x9e, 0xf7, 0x9e, 0xf7, 0x9e, 0xf7, 0x9e, 0xf7, 0x9e, 0xf7,
        0x9e, 0xf7, 0x9e, 0xf7, 0x9e, 0xf7, 0x9e, 0xf7, 0x9e, 0xf7, 0x9e, 0xf7,
        0x9e, 0xf7, 0x9e, 0xf7, 0x9e, 0xf7, 0x9e, 0xf7, 0x9e, 0xf7, 0x9e, 0xf7,
        0x9e, 0xf7, 0x9e, 0xf7, 0x9e, 0xf7, 0x9e, 0xf7, 0x9e, 0xf7, 0x9e, 0xf7,
        0x9e, 0xf7, 0x9e, 0xf7, 0x9e, 0xf7, 0x9e, 0xf7, 0x9e, 0xf7, 0x9e, 0xf7,
        0x9e, 0xf7, 0x9e, 0xf7, 0x9e, 0xf7, 0x9e, 0xf7, 0x9e, 0xf7, 0x9e, 0xf7,
        0x9e, 0xf7, 0x9e, 0xf7, 0x9e, 0xf7, 0x9e, 0xf7, 0x9e, 0xf7, 0x9e, 0xf7,
        0x9e, 0xf7, 0x9e, 0xf7, 0x9e, 0xf7, 0x9e, 0xf7, 0x9e, 0xf7, 0x9e, 0xf7,
        0x9e, 0xf7, 0x9e, 0xf7, 0x9e, 0xf7, 0x9e, 0xf7, 0x9e, 0xf7, 0x9e, 0xf7,
        0x9e, 0xf7, 0x9e, 0xf7, 0x9e, 0xf7, 0x9e, 0xf7, 0x9e, 0xf7, 0x9e, 0xf7,
        0x9e, 0xf7, 0x9e, 0xf7, 0x9e, 0xf7, 0x9e, 0xf7, 0x9e, 0xf7, 0x9e, 0xf7,
        0x9e, 0xf7, 0x9e, 0xf7, 0x9e, 0xf7, 0x9e, 0xf7, 0x9e, 0xf7, 0x9e, 0xf7,
        0x9e, 0xf7, 0x9e, 0xf7, 0x9e, 0xf7, 0x9e, 0xf7, 0x9e, 0xf7, 0x9e, 0xf7,
        0x9e, 0xf7, 0x9e, 0xf7, 0x9e, 0xf7, 0x9e, 0xf7, 0x9e, 0xf7, 0x9e, 0xf7,
        0x9e, 0xf7, 0x9e, 0xf7, 0x9e, 0xf7, 0x9e, 0xf7, 0x9e, 0xf7, 0x9e, 0xf7,
        0x9e, 0xf7, 0x9e, 0xf7, 0x9e, 0xf7, 0x9e, 0xf7, 0x9e, 0xf7, 0x9e, 0xf7,
        0x9e, 0xf7, 0x9e, 0xf7, 0x9e, 0xf7, 0x9e, 0xf7, 0x9e, 0xf7, 0x9e, 0xf7,
        0x9e, 0xf7, 0x9e, 0xf7, 0x9e, 0xf7, 0x9e, 0xf7, 0x9e, 0xf7, 0x9e, 0xf7,
        0x9e, 0xf7, 0x9e, 0xf7, 0x9e, 0xf7, 0x9e, 0xf7, 0x9e, 0xf7, 0x9e, 0xf7,
        0x9e, 0xf7, 0x9e, 0xf7, 0x9e, 0xf7, 0x9e, 0xf7, 0x9e, 0xf7, 0x9e, 0xf7,
        0x9e, 0xf7, 0x9e, 0xf7, 0x9e, 0xf7, 0x9e, 0xf7, 0x9e, 0xf7, 0x9e, 0xf7,
        0x9e, 0xf7, 0x9e, 0xf7, 0x9e, 0xf7, 0x9e, 0xf7, 0x9e, 0xf7, 0x9e, 0xf7,
        0x9e, 0xf7, 0x9e, 0xf7, 0x9e, 0xf7, 0x9e, 0xf7, 0x9e, 0xf7, 0x9e, 0xf7,
        0x9e, 0xf7, 0x9e, 0xf7, 0x9e, 0xf7, 0x9e, 0xf7, 0x9e, 0xf7, 0x9e, 0xf7,
        0x9e, 0xf7, 0x9e, 0xf7, 0x9e, 0xf7, 0x9e, 0xf7, 0x9e, 0xf7, 0x9e, 0xf7,
        0x9e, 0xf7, 0x9e, 0xf7, 0x9e, 0xf7, 0x9e, 0xf7, 0x9e, 0xf7, 0x9e, 0xf7,
        0x9e, 0xf7, 0x9e, 0xf7, 0x9e, 0xf7, 0x9e, 0xf7, 0x9e, 0xf7, 0x9e, 0xf7,
        0x9e, 0xf7, 0x9e, 0xf7, 0x9e, 0xf7, 0x9e, 0xf7, 0x9e, 0xf7, 0x9e, 0xf7,
        0x9e, 0xf7, 0x9e, 0xf7, 0x9e, 0xf7, 0x9e, 0xf7, 0x9e, 0xf7, 0x9e, 0xf7,
        0x9e, 0xf7, 0x9e, 0xf7, 0x9e, 0xf7, 0x9e, 0xf7, 0x9e, 0xf7, 0x9e, 0xf7,
        0x9e, 0xf7, 0x9e, 0xf7, 0x9e, 0xf7, 0x9e, 0xf7, 0x9e, 0xf7, 0x9e, 0xf7,
        0x9e, 0xf7, 0x9e, 0xf7, 0x9e, 0xf7, 0x9e, 0xf7, 0x9e, 0xf7, 0x9e, 0xf7,
        0x9e, 0xf7, 0x9e, 0xf7, 0x9e, 0xf7, 0x9e, 0xf7, 0x9e, 0xf7, 0x9e, 0xf7,
        0x9e, 0xf7, 0x9e, 0xf7, 0x9e, 0xf7, 0x9e, 0xf7, 0x9e, 0xf7, 0x9e, 0xf7,
        0x9e, 0xf7, 0x9e, 0xf7, 0x9e, 0xf7, 0x9e, 0xf7, 0x9e, 0xf7, 0x9e, 0xf7,
        0x9e, 0xf7, 0x9e, 0xf7, 0x9e, 0xf7, 0x9e, 0xf7, 0x9e, 0xf7, 0x9e, 0xf7,
        0x9e, 0xf7, 0x9e, 0xf7, 0x9e, 0xf7, 0x9e, 0xf7, 0x9e, 0xf7, 0x9e, 0xf7,
        0x9e, 0xf7, 0x9e, 0xf7, 0x9e, 0xf7, 0x9e, 0xf7, 0x9e, 0xf7, 0x9e, 0xf7,
        0x9e, 0xf7, 0x9e, 0xf7, 0x9e, 0xf7, 0x9e, 0xf7, 0x9e, 0xf7, 0x9e, 0xf7,
        0x9e, 0xf7, 0x9e, 0xf7, 0x9e, 0xf7, 0x9e, 0xf7, 0x9e, 0xf7, 0x9e, 0xf7,
        0x9e, 0xf7, 0x9e, 0xf7, 0x9e, 0xf7, 0x9e, 0xf7, 0x9e, 0xf7, 0x9e, 0xf7,
        0x9e, 0xf7, 0x9e, 0xf7, 0x9e, 0xf7, 0x9e, 0xf7, 0x9e, 0xf7, 0x9e, 0xf7,
        0x9e, 0xf7, 0x9e, 0xf7, 0x9e, 0xf7, 0x9e, 0xf7, 0x9e, 0xf7, 0x9e, 0xf7,
        0x9e, 0xf7, 0x9e, 0xf7, 0x9e, 0xf7, 0x9e, 0xf7, 0x9e, 0xf7, 0x9e, 0xf7,
        0x9e, 0xf7, 0x9e, 0xf7, 0x9e, 0xf7, 0x9e, 0xf7, 0x9e, 0xf7, 0x9e, 0xf7,
        0x9e, 0xf7, 0x9e, 0xf7, 0x9e, 0xf7, 0x9e, 0xf7, 0x9e, 0xf7, 0x9e, 0xf7,
        0x9e, 0xf7, 0x9e, 0xf7, 0x9e, 0xf7, 0x9e, 0xf7, 0x9e, 0xf7, 0x9e, 0xf7,
        0x9e, 0xf7, 0x9e, 0xf7, 0x9e, 0xf7, 0x9e, 0xf7, 0x9e, 0xf7, 0x9e, 0xf7,
        0x9e, 0xf7, 0x9e, 0xf7, 0x9e, 0xf7, 0x9e, 0xf7, 0x9e, 0xf7, 0x9e, 0xf7,
        0x9e, 0xf7, 0x9e, 0xf7, 0x9e, 0xf7, 0x9e, 0xf7, 0x9e, 0xf7, 0x9e, 0xf7,
        0x9e, 0xf7, 0x9e, 0xf7, 0x9e, 0xf7, 0x9e, 0xf7, 0x9e, 0xf7, 0x9e, 0xf7,
        0x9e, 0xf7, 0x9e, 0xf7, 0x9e, 0xf7, 0x9e, 0xf7, 0x9e, 0xf7, 0x9e, 0xf7,
        0x9e, 0xf7, 0x9e, 0xf7, 0x9e, 0xf7, 0x9e, 0xf7, 0x9e, 0xf7, 0x9e, 0xf7,
        0x9e, 0xf7, 0x9e, 0xf7, 0x9e, 0xf7, 0x9e, 0xf7, 0x9e, 0xf7, 0x9e, 0xf7,
        0x9e, 0xf7, 0x9e, 0xf7, 0x9e, 0xf7, 0x9e, 0xf7, 0x9e, 0xf7, 0x9e, 0xf7,
        0x9e, 0xf7, 0x9e, 0xf7, 0x9e, 0xf7, 0x9e, 0xf7, 0x9e, 0xf7, 0x9e, 0xf7,
        0x9e, 0xf7, 0x9e, 0xf7, 0x9e, 0xf7, 0x9e, 0xf7, 0x9e, 0xf7, 0x9e, 0xf7,
        0x9e, 0xf7, 0x9e, 0xf7, 0x9e, 0xf7, 0x9e, 0xf7, 0x9e, 0xf7, 0x9e, 0xf7,
        0x9e, 0xf7, 0x9e, 0xf7, 0x9e, 0xf7, 0x9e, 0xf7, 0x9e, 0xf7, 0x9e, 0xf7,
        0x9e, 0xf7, 0x9e, 0xf7, 0x9e, 0xf7, 0x9e, 0xf7, 0x9e, 0xf7, 0x9e, 0xf7,
        0x9e, 0xf7, 0x9e, 0xf7, 0x9e, 0xf7, 0x9e, 0xf7, 0x9e, 0xf7, 0x9e, 0xf7,
        0x9e, 0xf7, 0x9e, 0xf7, 0x9e, 0xf7, 0x9e, 0xf7, 0x9e, 0xf7, 0x9e, 0xf7,
        0x9e, 0xf7, 0x9e, 0xf7, 0x9e, 0xf7, 0x9e, 0xf7, 0x9e, 0xf7, 0x9e, 0xf7,
        0x9e, 0xf7, 0x9e, 0xf7, 0x9e, 0xf7, 0x9e, 0xf7, 0x9e, 0xf7, 0x9e, 0xf7,
        0x9e, 0xf7, 0x9e, 0xf7, 0x9e, 0xf7, 0x9e, 0xf7, 0x9e, 0xf7, 0x9e, 0xf7,
        0x9e, 0xf7, 0x9e, 0xf7, 0x9e, 0xf7, 0x9e, 0xf7, 0x9e, 0xf7, 0x9e, 0xf7,
        0x9e, 0xf7, 0x9e, 0xf7, 0x9e, 0xf7, 0x9e, 0xf7, 0x9e, 0xf7, 0x9e, 0xf7,
        0x9e, 0xf7, 0x9e, 0xf7, 0x9e, 0xf7, 0x9e, 0xf7, 0x9e, 0xf7, 0x9e, 0xf7,
        0x9e, 0xf7, 0x9e, 0xf7, 0x9e, 0xf7, 0x9e, 0xf7, 0x9e, 0xf7, 0x9e, 0xf7,
        0x9e, 0xf7, 0x9e, 0xf7, 0x9e, 0xf7, 0x9e, 0xf7, 0x9e, 0xf7, 0x9e, 0xf7,
        0x9e, 0xf7, 0x9e, 0xf7, 0x9e, 0xf7, 0x9e, 0xf7, 0x9e, 0xf7, 0x9e, 0xf7,
        0x9e, 0xf7, 0x9e, 0xf7, 0x9e, 0xf7, 0x9e, 0xf7, 0x9e, 0xf7, 0x9e, 0xf7,
        0x9e, 0xf7, 0x9e, 0xf7, 0x9e, 0xf7, 0x9e, 0xf7, 0x9e, 0xf7, 0x9e, 0xf7,
        0x9e, 0xf7, 0x9e, 0xf7, 0x9e, 0xf7, 0x9e, 0xf7, 0x9e, 0xf7, 0x9e, 0xf7,
        0x9e, 0xf7, 0x9e, 0xf7, 0x9e, 0xf7, 0x9e, 0xf7, 0x9e, 0xf7, 0x9e, 0xf7,
        0x9e, 0xf7, 0x9e, 0xf7, 0x9e, 0xf7, 0x9e, 0xf7, 0x9e, 0xf7, 0x9e, 0xf7,
        0x9e, 0xf7, 0x9e, 0xf7, 0x9e, 0xf7, 0x9e, 0xf7, 0x9e, 0xf7, 0x9e, 0xf7,
        0x9e, 0xf7, 0x9e, 0xf7, 0x9e, 0xf7, 0x9e, 0xf7, 0x9e, 0xf7, 0x9e, 0xf7,
        0x9e, 0xf7, 0x9e, 0xf7, 0x9e, 0xf7, 0x9e, 0xf7, 0x9e, 0xf7, 0x9e, 0xf7,
        0x9e, 0xf7, 0x9e, 0xf7, 0x9e, 0xf7, 0x9e, 0xf7, 0x9e, 0xf7, 0x9e, 0xf7,
        0x9e, 0xf7, 0x9e, 0xf7, 0x9e, 0xf7, 0x9e, 0xf7, 0x9e, 0xf7, 0x9e, 0xf7,
        0x9e, 0xf7, 0x9e, 0xf7, 0x9e, 0xf7, 0x9e, 0xf7, 0x9e, 0xf7, 0x9e, 0xf7,
        0x9e, 0xf7, 0x9e, 0xf7, 0x9e, 0xf7, 0x9e, 0xf7, 0x9e, 0xf7, 0x9e, 0xf7,
        0x9e, 0xf7, 0x9e, 0xf7, 0x9e, 0xf7, 0x9e, 0xf7, 0x9e, 0xf7, 0x9e, 0xf7,
        0x9e, 0xf7, 0x9e, 0xf7, 0x9e, 0xf7, 0x9e, 0xf7, 0x9e, 0xf7, 0x9e, 0xf7,
        0x9e, 0xf7, 0x9e, 0xf7, 0x9e, 0xf7, 0x9e, 0xf7, 0x9e, 0xf7, 0x9e, 0xf7,
        0x9e, 0xf7, 0x9e, 0xf7, 0x9e, 0xf7, 0x9e, 0xf7, 0x9e, 0xf7, 0x9e, 0xf7,
        0x9e, 0xf7, 0x9e, 0xf7, 0x9e, 0xf7, 0x9e, 0xf7, 0x9e, 0xf7, 0x9e, 0xf7,
        0x9e, 0xf7, 0x9e, 0xf7, 0x9e, 0xf7, 0x9e, 0xf7, 0x9e, 0xf7, 0x9e, 0xf7,
        0x9e, 0xf7, 0x9e, 0xf7, 0x9e, 0xf7, 0x9e, 0xf7, 0x9e, 0xf7, 0x9e, 0xf7,
        0x9e, 0xf7, 0x9e, 0xf7, 0x9e, 0xf7, 0x9e, 0xf7, 0x9e, 0xf7, 0x9e, 0xf7,
        0x9e, 0xf7, 0x9e, 0xf7, 0x9e, 0xf7, 0x9e, 0xf7, 0x9e, 0xf7, 0x9e, 0xf7,
        0x9e, 0xf7, 0x9e, 0xf7, 0x9e, 0xf7, 0x9e, 0xf7, 0x9e, 0xf7, 0x9e, 0xf7,
        0x9e, 0xf7, 0x9e, 0xf7, 0x9e, 0xf7, 0x9e, 0xf7, 0x9e, 0xf7, 0x9e, 0xf7,
        0x9e, 0xf7, 0x9e, 0xf7, 0x9e, 0xf7, 0x9e, 0xf7, 0x9e, 0xf7, 0x9e, 0xf7,
        0x9e, 0xf7, 0x9e, 0xf7, 0x9e, 0xf7, 0x9e, 0xf7, 0x9e, 0xf7, 0x9e, 0xf7,
        0x9e, 0xf7, 0x9e, 0xf7, 0x9e, 0xf7, 0x9e, 0xf7, 0x9e, 0xf7, 0x9e, 0xf7,
        0x9e, 0xf7, 0x9e, 0xf7, 0x9e, 0xf7, 0x9e, 0xf7, 0x9e, 0xf7, 0x9e, 0xf7,
        0x9e, 0xf7, 0x9e, 0xf7, 0x9e, 0xf7, 0x9e, 0xf7, 0x9e, 0xf7, 0x9e, 0xf7,
        0x9e, 0xf7, 0x9e, 0xf7, 0x9e, 0xf7, 0x9e, 0xf7, 0x9e, 0xf7, 0x9e, 0xf7,
        0x9e, 0xf7, 0x9e, 0xf7, 0x9e, 0xf7, 0x9e, 0xf7, 0x9e, 0xf7, 0x9e, 0xf7,
        0x9e, 0xf7, 0x9e, 0xf7, 0x9e, 0xf7, 0x9e, 0xf7, 0x9e, 0xf7, 0x9e, 0xf7,
        0x9e, 0xf7, 0x9e, 0xf7, 0x9e, 0xf7, 0x9e, 0xf7, 0x9e, 0xf7, 0x9e, 0xf7,
        0x9e, 0xf7, 0x9e, 0xf7, 0x9e, 0xf7, 0x9e, 0xf7, 0x9e, 0xf7, 0x9e, 0xf7,
        0x9e, 0xf7, 0x9e, 0xf7, 0x9e, 0xf7, 0x9e, 0xf7, 0x9e, 0xf7, 0x9e, 0xf7,
        0x9e, 0xf7, 0x9e, 0xf7, 0x9e, 0xf7, 0x9e, 0xf7, 0x9e, 0xf7, 0x9e, 0xf7,
        0x9e, 0xf7, 0x9e, 0xf7, 0x9e, 0xf7, 0x9e, 0xf7, 0x9e, 0xf7, 0x9e, 0xf7,
        0x9e, 0xf7, 0x9e, 0xf7, 0x9e, 0xf7, 0x9e, 0xf7, 0x9e, 0xf7, 0x9e, 0xf7,
        0x9e, 0xf7, 0x9e, 0xf7, 0x9e, 0xf7, 0x9e, 0xf7, 0x9e, 0xf7, 0x9e, 0xf7,
        0x9e, 0xf7, 0x9e, 0xf7, 0x9e, 0xf7, 0x9e, 0xf7, 0x9e, 0xf7, 0x9e, 0xf7,
        0x9e, 0xf7, 0x9e, 0xf7, 0x9e, 0xf7, 0x9e, 0xf7, 0x9e, 0xf7, 0x9e, 0xf7,
        0x9e, 0xf7, 0x9e, 0xf7, 0x9e, 0xf7, 0x9e, 0xf7, 0x9e, 0xf7, 0x9e, 0xf7,
        0x9e, 0xf7, 0x9e, 0xf7, 0x9e, 0xf7, 0x9e, 0xf7, 0x9e, 0xf7, 0x9e, 0xf7,
        0x9e, 0xf7, 0x9e, 0xf7, 0x9e, 0xf7, 0x9e, 0xf7, 0x9e, 0xf7, 0x9e, 0xf7,
        0x9e, 0xf7, 0x9e, 0xf7, 0x9e, 0xf7, 0x9e, 0xf7, 0x9e, 0xf7, 0x9e, 0xf7,
        0x9e, 0xf7, 0x9e, 0xf7, 0x9e, 0xf7, 0x9e, 0xf7, 0x9e, 0xf7, 0x9e, 0xf7,
        0x9e, 0xf7, 0x9e, 0xf7, 0x9e, 0xf7, 0x9e, 0xf7, 0x9e, 0xf7, 0x9e, 0xf7,
        0x9e, 0xf7, 0x9e, 0xf7, 0x9e, 0xf7, 0x9e, 0xf7, 0x9e, 0xf7, 0x9e, 0xf7,
        0x9e, 0xf7, 0x9e, 0xf7, 0x9e, 0xf7, 0x9e, 0xf7, 0x9e, 0xf7, 0x9e, 0xf7,
        0x9e, 0xf7, 0x9e, 0xf7, 0x9e, 0xf7, 0x9e, 0xf7, 0x9e, 0xf7, 0x9e, 0xf7,
        0x9e, 0xf7, 0x9e, 0xf7, 0x9e, 0xf7, 0x9e, 0xf7, 0x9e, 0xf7, 0x9e, 0xf7,
        0x9e, 0xf7, 0x9e, 0xf7, 0x9e, 0xf7, 0x9e, 0xf7, 0x9e, 0xf7, 0x9e, 0xf7,
        0x9e, 0xf7, 0x9e, 0xf7, 0x9e, 0xf7, 0x9e, 0xf7, 0x9e, 0xf7, 0x9e, 0xf7,
        0x9e, 0xf7, 0x9e, 0xf7, 0x9e, 0xf7, 0x9e, 0xf7, 0x9e, 0xf7, 0x9e, 0xf7,
        0x9e, 0xf7, 0x9e, 0xf7, 0x9e, 0xf7, 0x9e, 0xf7, 0x9e, 0xf7, 0x9e, 0xf7,
        0x9e, 0xf7, 0x9e, 0xf7, 0x9e, 0xf7, 0x9e, 0xf7, 0x9e, 0xf7, 0x9e, 0xf7,
        0x9e, 0xf7, 0x9e, 0xf7, 0x9e, 0xf7, 0x9e, 0xf7, 0x9e, 0xf7, 0x9e, 0xf7,
        0x9e, 0xf7, 0x9e, 0xf7, 0x9e, 0xf7, 0x9e, 0xf7, 0x9e, 0xf7, 0x9e, 0xf7,
        0x9e, 0xf7, 0x9e, 0xf7, 0x9e, 0xf7, 0x9e, 0xf7, 0x9e, 0xf7, 0x9e, 0xf7,
        0x9e, 0xf7, 0x9e, 0xf7, 0x9e, 0xf7, 0x9e, 0xf7, 0x9e, 0xf7, 0x9e, 0xf7,
        0x9e, 0xf7, 0x9e, 0xf7, 0x9e, 0xf7, 0x9e, 0xf7, 0x9e, 0xf7, 0x9e, 0xf7,
        0x9e, 0xf7, 0x9e, 0xf7, 0x9e, 0xf7, 0x9e, 0xf7, 0x9e, 0xf7, 0x9e, 0xf7,
        0x9e, 0xf7, 0x9e, 0xf7, 0x9e, 0xf7, 0x9e, 0xf7, 0x9e, 0xf7, 0x9e, 0xf7,
        0x9e, 0xf7, 0x9e, 0xf7, 0x9e, 0xf7, 0x9e, 0xf7, 0x9e, 0xf7, 0x9e, 0xf7,
        0x9e, 0xf7, 0x9e, 0xf7, 0x9e, 0xf7, 0x9e, 0xf7, 0x9e, 0xf7, 0x9e, 0xf7,
        0x9e, 0xf7, 0x9e, 0xf7, 0x9e, 0xf7, 0x9e, 0xf7, 0x9e, 0xf7, 0x9e, 0xf7,
        0x9e, 0xf7, 0x9e, 0xf7, 0x9e, 0xf7, 0x9e, 0xf7, 0x9e, 0xf7, 0x9e, 0xf7,
        0x9e, 0xf7, 0x9e, 0xf7, 0x9e, 0xf7, 0x9e, 0xf7, 0x9e, 0xf7, 0x9e, 0xf7,
        0x9e, 0xf7, 0x9e, 0xf7, 0x9e, 0xf7, 0x9e, 0xf7, 0x9e, 0xf7, 0x9e, 0xf7,
        0x9e, 0xf7, 0x9e, 0xf7, 0x9e, 0xf7, 0x9e, 0xf7, 0x9e, 0xf7, 0x9e, 0xf7,
        0x9e, 0xf7, 0x9e, 0xf7, 0x9e, 0xf7, 0x9e, 0xf7, 0x9e, 0xf7, 0x9e, 0xf7,
        0x9e, 0xf7, 0x9e, 0xf7, 0x9e, 0xf7, 0x9e, 0xf7, 0x9e, 0xf7, 0x9e, 0xf7,
        0x9e, 0xf7, 0x9e, 0xf7, 0x9e, 0xf7, 0x9e, 0xf7, 0x9e, 0xf7, 0x9e, 0xf7,
        0x9e, 0xf7, 0x9e, 0xf7, 0x9e, 0xf7, 0x9e, 0xf7, 0x9e, 0xf7, 0x9e, 0xf7,
        0x9e, 0xf7, 0x9e, 0xf7, 0x9e, 0xf7, 0x9e, 0xf7, 0x9e, 0xf7, 0x9e, 0xf7,
        0x9e, 0xf7, 0x9e, 0xf7, 0x9e, 0xf7, 0x9e, 0xf7, 0x9e, 0xf7, 0x9e, 0xf7,
        0x9e, 0xf7, 0x9e, 0xf7, 0x9e, 0xf7, 0x9e, 0xf7, 0x9e, 0xf7, 0x9e, 0xf7,
        0x9e, 0xf7, 0x9e, 0xf7, 0x9e, 0xf7, 0x9e, 0xf7, 0x9e, 0xf7, 0x9e, 0xf7,
        0x9e, 0xf7, 0x9e, 0xf7, 0x9e, 0xf7, 0x9e, 0xf7, 0x9e, 0xf7, 0x9e, 0xf7,
        0x9e, 0xf7, 0x9e, 0xf7, 0x9e, 0xf7, 0x9e, 0xf7, 0x9e, 0xf7, 0x9e, 0xf7,
        0x9e, 0xf7, 0x9e, 0xf7, 0x9e, 0xf7, 0x9e, 0xf7, 0x9e, 0xf7, 0x9e, 0xf7,
        0x9e, 0xf7, 0x9e, 0xf7, 0x9e, 0xf7, 0x9e, 0xf7, 0x9e, 0xf7, 0x9e, 0xf7,
        0x9e, 0xf7, 0x9e, 0xf7, 0x9e, 0xf7, 0x9e, 0xf7, 0x9e, 0xf7, 0x9e, 0xf7,
        0x9e, 0xf7, 0x9e, 0xf7, 0x9e, 0xf7, 0x9e, 0xf7, 0x9e, 0xf7, 0x9e, 0xf7,
        0x9e, 0xf7, 0x9e, 0xf7, 0x9e, 0xf7, 0x9e, 0xf7, 0x9e, 0xf7, 0x9e, 0xf7,
        0x9e, 0xf7, 0x9e, 0xf7, 0x9e, 0xf7, 0x9e, 0xf7, 0x9e, 0xf7, 0x9e, 0xf7,
        0x9e, 0xf7, 0x9e, 0xf7, 0x9e, 0xf7, 0x9e, 0xf7, 0x9e, 0xf7, 0x9e, 0xf7,
        0x9e, 0xf7, 0x9e, 0xf7, 0x9e, 0xf7, 0x9e, 0xf7, 0x9e, 0xf7, 0x9e, 0xf7,
        0x9e, 0xf7, 0x9e, 0xf7, 0x9e, 0xf7, 0x9e, 0xf7, 0x9e, 0xf7, 0x9e, 0xf7,
        0x9e, 0xf7, 0x9e, 0xf7, 0x9e, 0xf7, 0x9e, 0xf7, 0x9e, 0xf7, 0x9e, 0xf7,
        0x9e, 0xf7, 0x9e, 0xf7, 0x9e, 0xf7, 0x9e, 0xf7, 0x9e, 0xf7, 0x9e, 0xf7,
        0x9e, 0xf7, 0x9e, 0xf7, 0x9e, 0xf7, 0x9e, 0xf7, 0x9e, 0xf7, 0x9e, 0xf7,
        0x9e, 0xf7, 0x9e, 0xf7, 0x9e, 0xf7, 0x9e, 0xf7, 0x9e, 0xf7, 0x9e, 0xf7,
        0x9e, 0xf7, 0x9e, 0xf7, 0x9e, 0xf7, 0x9e, 0xf7, 0x9e, 0xf7, 0x9e, 0xf7,
        0x9e, 0xf7, 0x9e, 0xf7, 0x9e, 0xf7, 0x9e, 0xf7, 0x9e, 0xf7, 0x9e, 0xf7,
        0x9e, 0xf7, 0x9e, 0xf7, 0x9e, 0xf7, 0x9e, 0xf7, 0x9e, 0xf7, 0x9e, 0xf7,
        0x9e, 0xf7, 0x9e, 0xf7, 0x9e, 0xf7, 0x9e, 0xf7, 0x9e, 0xf7, 0x9e, 0xf7,
        0x9e, 0xf7, 0x9e, 0xf7, 0x9e, 0xf7, 0x9e, 0xf7, 0x9e, 0xf7, 0x9e, 0xf7,
        0x9e, 0xf7, 0x9e, 0xf7, 0x9e, 0xf7, 0x9e, 0xf7, 0x9e, 0xf7, 0x9e, 0xf7,
        0x9e, 0xf7, 0x9e, 0xf7, 0x9e, 0xf7, 0x9e, 0xf7, 0x9e, 0xf7, 0x9e, 0xf7,
        0x9e, 0xf7, 0x9e, 0xf7, 0x9e, 0xf7, 0x9e, 0xf7, 0x9e, 0xf7, 0x9e, 0xf7,
        0x9e, 0xf7, 0x9e, 0xf7, 0x9e, 0xf7, 0x9e, 0xf7, 0x9e, 0xf7, 0x9e, 0xf7,
        0x9e, 0xf7, 0x9e, 0xf7, 0x9e, 0xf7, 0x9e, 0xf7, 0x9e, 0xf7, 0x9e, 0xf7,
        0x9e, 0xf7, 0x9e, 0xf7, 0x9e, 0xf7, 0x9e, 0xf7, 0x9e, 0xf7, 0x9e, 0xf7,
        0x9e, 0xf7, 0x9e, 0xf7, 0x9e, 0xf7, 0x9e, 0xf7, 0x9e, 0xf7, 0x9e, 0xf7,
        0x9e, 0xf7, 0x9e, 0xf7, 0x9e, 0xf7, 0x9e, 0xf7, 0x9e, 0xf7, 0x9e, 0xf7,
        0x9e, 0xf7, 0x9e, 0xf7, 0x9e, 0xf7, 0x9e, 0xf7, 0x9e, 0xf7, 0x9e, 0xf7,
        0x9e, 0xf7, 0x9e, 0xf7, 0x9e, 0xf7, 0x9e, 0xf7, 0x9e, 0xf7, 0x9e, 0xf7,
        0x9e, 0xf7, 0x9e, 0xf7, 0x9e, 0xf7, 0x9e, 0xf7, 0x9e, 0xf7, 0x9e, 0xf7,
        0x9e, 0xf7, 0x9e, 0xf7, 0x9e, 0xf7, 0x9e, 0xf7, 0x9e, 0xf7, 0x9e, 0xf7,
        0x9e, 0xf7, 0x9e, 0xf7, 0x9e, 0xf7, 0x9e, 0xf7, 0x9e, 0xf7, 0x9e, 0xf7,
        0x9e, 0xf7, 0x9e, 0xf7, 0x9e, 0xf7, 0x9e, 0xf7, 0x9e, 0xf7, 0x9e, 0xf7,
        0x9e, 0xf7, 0x9e, 0xf7, 0x9e, 0xf7, 0x9e, 0xf7, 0x9e, 0xf7, 0x9e, 0xf7,
        0x9e, 0xf7, 0x9e, 0xf7, 0x9e, 0xf7, 0x9e, 0xf7, 0x9e, 0xf7, 0x9e, 0xf7,
        0x9e, 0xf7, 0x9e, 0xf7, 0x9e, 0xf7, 0x9e, 0xf7, 0x9e, 0xf7, 0x9e, 0xf7,
        0x9e, 0xf7, 0x9e, 0xf7, 0x9e, 0xf7, 0x9e, 0xf7, 0x9e, 0xf7, 0x9e, 0xf7,
        0x9e, 0xf7, 0x9e, 0xf7, 0x9e, 0xf7, 0x9e, 0xf7, 0x9e, 0xf7, 0x9e, 0xf7,
        0x9e, 0xf7, 0x9e, 0xf7, 0x9e, 0xf7, 0x9e, 0xf7, 0x9e, 0xf7, 0x9e, 0xf7,
        0x9e, 0xf7, 0x9e, 0xf7, 0x9e, 0xf7, 0x9e, 0xf7, 0x9e, 0xf7, 0x9e, 0xf7,
        0x9e, 0xf7, 0x9e, 0xf7, 0x9e, 0xf7, 0x9e, 0xf7, 0x9e, 0xf7, 0x9e, 0xf7,
        0x9e, 0xf7, 0x9e, 0xf7, 0x9e, 0xf7, 0x9e, 0xf7, 0x9e, 0xf7, 0x9e, 0xf7,
        0x9e, 0xf7, 0x9e, 0xf7, 0x9e, 0xf7, 0x9e, 0xf7, 0x9e, 0xf7, 0x9e, 0xf7,
        0x9e, 0xf7, 0x9e, 0xf7, 0x9e, 0xf7, 0x9e, 0xf7, 0x9e, 0xf7, 0x9e, 0xf7,
        0x9e, 0xf7, 0x9e, 0xf7, 0x9e, 0xf7, 0x9e, 0xf7, 0x9e, 0xf7, 0x9e, 0xf7,
        0x9e, 0xf7, 0x9e, 0xf7, 0x9e, 0xf7, 0x9e, 0xf7, 0x9e, 0xf7, 0x9e, 0xf7,
        0x9e, 0xf7, 0x9e, 0xf7, 0x9e, 0xf7, 0x9e, 0xf7, 0x9e, 0xf7, 0x9e, 0xf7,
        0x9e, 0xf7, 0x9e, 0xf7, 0x9e, 0xf7, 0x9e, 0xf7, 0x9e, 0xf7, 0x9e, 0xf7,
        0x9e, 0xf7, 0x9e, 0xf7, 0x9e, 0xf7, 0x9e, 0xf7, 0x9e, 0xf7, 0x9e, 0xf7,
        0x9e, 0xf7, 0x9e, 0xf7, 0x9e, 0xf7, 0x9e, 0xf7, 0x9e, 0xf7, 0x9e, 0xf7,
        0x9e, 0xf7, 0x9e, 0xf7, 0x9e, 0xf7, 0x9e, 0xf7, 0x9e, 0xf7, 0x9e, 0xf7,
        0x9e, 0xf7, 0x9e, 0xf7, 0x9e, 0xf7, 0x9e, 0xf7, 0x9e, 0xf7, 0x9e, 0xf7,
        0x9e, 0xf7, 0x9e, 0xf7, 0x9e, 0xf7, 0x9e, 0xf7, 0x9e, 0xf7, 0x9e, 0xf7,
        0x9e, 0xf7, 0x9e, 0xf7, 0x9e, 0xf7, 0x9e, 0xf7, 0x9e, 0xf7, 0x9e, 0xf7,
        0x9e, 0xf7, 0x9e, 0xf7, 0x9e, 0xf7, 0x9e, 0xf7, 0x9e, 0xf7, 0x9e, 0xf7,
        0x9e, 0xf7, 0x9e, 0xf7, 0x9e, 0xf7, 0x9e, 0xf7, 0x9e, 0xf7, 0x9e, 0xf7,
        0x9e, 0xf7, 0x9e, 0xf7, 0x9e, 0xf7, 0x9e, 0xf7, 0x9e, 0xf7, 0x9e, 0xf7,
        0x9e, 0xf7, 0x9e, 0xf7, 0x9e, 0xf7, 0x9e, 0xf7, 0x9e, 0xf7, 0x9e, 0xf7,
        0x9e, 0xf7, 0x9e, 0xf7, 0x9e, 0xf7, 0x9e, 0xf7, 0x9e, 0xf7, 0x9e, 0xf7,
        0x9e, 0xf7, 0x9e, 0xf7, 0x9e, 0xf7, 0x9e, 0xf7, 0x9e, 0xf7, 0x9e, 0xf7,
        0x9e, 0xf7, 0x9e, 0xf7, 0x9e, 0xf7, 0x9e, 0xf7, 0x9e, 0xf7, 0x9e, 0xf7,
        0x9e, 0xf7, 0x9e, 0xf7, 0x9e, 0xf7, 0x9e, 0xf7, 0x9e, 0xf7, 0x9e, 0xf7,
        0x9e, 0xf7, 0x9e, 0xf7, 0x9e, 0xf7, 0x9e, 0xf7, 0x9e, 0xf7, 0x9e, 0xf7,
        0x9e, 0xf7, 0x9e, 0xf7, 0x9e, 0xf7, 0x9e, 0xf7, 0x9e, 0xf7, 0x9e, 0xf7,
        0x9e, 0xf7, 0x9e, 0xf7, 0x9e, 0xf7, 0x9e, 0xf7, 0x9e, 0xf7, 0x9e, 0xf7,
        0x9e, 0xf7, 0x9e, 0xf7, 0x9e, 0xf7, 0x9e, 0xf7, 0x9e, 0xf7, 0x9e, 0xf7,
        0x9e, 0xf7, 0x9e, 0xf7, 0x9e, 0xf7, 0x9e, 0xf7, 0x9e, 0xf7, 0x9e, 0xf7,
        0x9e, 0xf7, 0x9e, 0xf7, 0x9e, 0xf7, 0x9e, 0xf7, 0x9e, 0xf7, 0x9e, 0xf7,
        0x9e, 0xf7, 0x9e, 0xf7, 0x9e, 0xf7, 0x9e, 0xf7, 0x9e, 0xf7, 0x9e, 0xf7,
        0x9e, 0xf7, 0x9e, 0xf7, 0x9e, 0xf7, 0x9e, 0xf7, 0x9e, 0xf7, 0x9e, 0xf7,
        0x9e, 0xf7, 0x9e, 0xf7, 0x9e, 0xf7, 0x9e, 0xf7, 0x9e, 0xf7, 0x9e, 0xf7,
        0x9e, 0xf7, 0x9e, 0xf7, 0x9e, 0xf7, 0x9e, 0xf7, 0x9e, 0xf7, 0x9e, 0xf7,
        0x9e, 0xf7, 0x9e, 0xf7, 0x9e, 0xf7, 0x9e, 0xf7, 0x9e, 0xf7, 0x9e, 0xf7,
        0x9e, 0xf7, 0x9e, 0xf7, 0x9e, 0xf7, 0x9e, 0xf7, 0x9e, 0xf7, 0x9e, 0xf7,
        0x9e, 0xf7, 0x9e, 0xf7, 0x9e, 0xf7, 0x9e, 0xf7, 0x9e, 0xf7, 0x9e, 0xf7,
        0x9e, 0xf7, 0x9e, 0xf7, 0x9e, 0xf7, 0x9e, 0xf7, 0x9e, 0xf7, 0x9e, 0xf7,
        0x9e, 0xf7, 0x9e, 0xf7, 0x9e, 0xf7, 0x9e, 0xf7, 0x9e, 0xf7, 0x9e, 0xf7,
        0x9e, 0xf7, 0x9e, 0xf7, 0x9e, 0xf7, 0x9e, 0xf7, 0x9e, 0xf7, 0x9e, 0xf7,
        0x9e, 0xf7, 0x9e, 0xf7, 0x9e, 0xf7, 0x9e, 0xf7, 0x9e, 0xf7, 0x9e, 0xf7,
        0x9e, 0xf7, 0x9e, 0xf7, 0x9e, 0xf7, 0x9e, 0xf7, 0x9e, 0xf7, 0x9e, 0xf7,
        0x9e, 0xf7, 0x9e, 0xf7, 0x9e, 0xf7, 0x9e, 0xf7, 0x9e, 0xf7, 0x9e, 0xf7,
        0x9e, 0xf7, 0x9e, 0xf7, 0x9e, 0xf7, 0x9e, 0xf7, 0x9e, 0xf7, 0x9e, 0xf7,
        0x9e, 0xf7, 0x9e, 0xf7, 0x9e, 0xf7, 0x9e, 0xf7, 0x9e, 0xf7, 0x9e, 0xf7,
        0x9e, 0xf7, 0x9e, 0xf7, 0x9e, 0xf7, 0x9e, 0xf7, 0x9e, 0xf7, 0x9e, 0xf7,
        0x9e, 0xf7, 0x9e, 0xf7, 0x9e, 0xf7, 0x9e, 0xf7, 0x9e, 0xf7, 0x9e, 0xf7,
        0x9e, 0xf7, 0x9e, 0xf7, 0x9e, 0xf7, 0x9e, 0xf7, 0x9e, 0xf7, 0x9e, 0xf7,
        0x9e, 0xf7, 0x9e, 0xf7, 0x9e, 0xf7, 0x9e, 0xf7, 0x9e, 0xf7, 0x9e, 0xf7,
        0x9e, 0xf7, 0x9e, 0xf7, 0x9e, 0xf7, 0x9e, 0xf7, 0x9e, 0xf7, 0x9e, 0xf7,
        0x9e, 0xf7, 0x9e, 0xf7, 0x9e, 0xf7, 0x9e, 0xf7, 0x9e, 0xf7, 0x9e, 0xf7,
        0x9e, 0xf7, 0x9e, 0xf7, 0x9e, 0xf7, 0x9e, 0xf7, 0x9e, 0xf7, 0x9e, 0xf7,
        0x9e, 0xf7, 0x9e, 0xf7, 0x9e, 0xf7, 0x9e, 0xf7, 0x9e, 0xf7, 0x9e, 0xf7,
        0x9e, 0xf7, 0x9e, 0xf7, 0x9e, 0xf7, 0x9e, 0xf7, 0x9e, 0xf7, 0x9e, 0xf7,
        0x9e, 0xf7, 0x9e, 0xf7, 0x9e, 0xf7, 0x9e, 0xf7, 0x9e, 0xf7, 0x9e, 0xf7,
        0x9e, 0xf7, 0x9e, 0xf7, 0x9e, 0xf7, 0x9e, 0xf7, 0x9e, 0xf7, 0x9e, 0xf7,
        0x9e, 0xf7, 0x9e, 0xf7, 0x9e, 0xf7, 0x9e, 0xf7, 0x9e, 0xf7, 0x9e, 0xf7,
        0x9e, 0xf7, 0x9e, 0xf7, 0x9e, 0xf7, 0x9e, 0xf7, 0x9e, 0xf7, 0x9e, 0xf7,
        0x9e, 0xf7, 0x9e, 0xf7, 0x9e, 0xf7, 0x9e, 0xf7, 0x9e, 0xf7, 0x9e, 0xf7,
        0x9e, 0xf7, 0x9e, 0xf7, 0x9e, 0xf7, 0x9e, 0xf7, 0x9e, 0xf7, 0x9e, 0xf7,
        0x9e, 0xf7, 0x9e, 0xf7, 0x9e, 0xf7, 0x9e, 0xf7, 0x9e, 0xf7, 0x9e, 0xf7,
        0x9e, 0xf7, 0x9e, 0xf7, 0x9e, 0xf7, 0x9e, 0xf7, 0x9e, 0xf7, 0x9e, 0xf7,
        0x9e, 0xf7, 0x9e, 0xf7, 0x9e, 0xf7, 0x9e, 0xf7, 0x9e, 0xf7, 0x9e, 0xf7,
        0x9e, 0xf7, 0x9e, 0xf7, 0x9e, 0xf7, 0x9e, 0xf7, 0x9e, 0xf7, 0x9e, 0xf7,
        0x9e, 0xf7, 0x9e, 0xf7, 0x9e, 0xf7, 0x9e, 0xf7, 0x9e, 0xf7, 0x9e, 0xf7,
        0x9e, 0xf7, 0x9e, 0xf7, 0x9e, 0xf7, 0x9e, 0xf7, 0x9e, 0xf7, 0x9e, 0xf7,
        0x9e, 0xf7, 0x9e, 0xf7, 0x9e, 0xf7, 0x9e, 0xf7, 0x9e, 0xf7, 0x9e, 0xf7,
        0x9e, 0xf7, 0x9e, 0xf7, 0x9e, 0xf7, 0x9e, 0xf7, 0x9e, 0xf7, 0x9e, 0xf7,
        0x9e, 0xf7, 0x9e, 0xf7, 0x9e, 0xf7, 0x9e, 0xf7, 0x9e, 0xf7, 0x9e, 0xf7,
        0x9e, 0xf7, 0x9e, 0xf7, 0x9e, 0xf7, 0x9e, 0xf7, 0x9e, 0xf7, 0x9e, 0xf7,
        0x9e, 0xf7, 0x9e, 0xf7, 0x9e, 0xf7, 0x9e, 0xf7, 0x9e, 0xf7, 0x9e, 0xf7,
        0x9e, 0xf7, 0x9e, 0xf7, 0x9e, 0xf7, 0x9e, 0xf7, 0x9e, 0xf7, 0x9e, 0xf7,
        0x9e, 0xf7, 0x9e, 0xf7, 0x9e, 0xf7, 0x9e, 0xf7, 0x9e, 0xf7, 0x9e, 0xf7,
        0x9e, 0xf7, 0x9e, 0xf7, 0x9e, 0xf7, 0x9e, 0xf7, 0x9e, 0xf7, 0x9e, 0xf7,
        0x9e, 0xf7, 0x9e, 0xf7, 0x9e, 0xf7, 0x9e, 0xf7, 0x9e, 0xf7, 0x9e, 0xf7,
        0x9e, 0xf7, 0x9e, 0xf7, 0x9e, 0xf7, 0x9e, 0xf7, 0x9e, 0xf7, 0x9e, 0xf7,
        0x9e, 0xf7, 0x9e, 0xf7, 0x9e, 0xf7, 0x9e, 0xf7, 0x9e, 0xf7, 0x9e, 0xf7,
        0x9e, 0xf7, 0x9e, 0xf7, 0x9e, 0xf7, 0x9e, 0xf7, 0x9e, 0xf7, 0x9e, 0xf7,
        0x9e, 0xf7, 0x9e, 0xf7, 0x9e, 0xf7, 0x9e, 0xf7, 0x9e, 0xf7, 0x9e, 0xf7,
        0x9e, 0xf7, 0x9e, 0xf7, 0x9e, 0xf7, 0x9e, 0xf7, 0x9e, 0xf7, 0x9e, 0xf7,
        0x9e, 0xf7, 0x9e, 0xf7, 0x9e, 0xf7, 0x9e, 0xf7, 0x9e, 0xf7, 0x9e, 0xf7,
        0x9e, 0xf7, 0x9e, 0xf7, 0x9e, 0xf7, 0x9e, 0xf7, 0x9e, 0xf7, 0x9e, 0xf7,
        0x9e, 0xf7, 0x9e, 0xf7, 0x9e, 0xf7, 0x9e, 0xf7, 0x9e, 0xf7, 0x9e, 0xf7,
        0x9e, 0xf7, 0x9e, 0xf7, 0x9e, 0xf7, 0x9e, 0xf7, 0x9e, 0xf7, 0x9e, 0xf7,
        0x9e, 0xf7, 0x9e, 0xf7, 0x9e, 0xf7, 0x9e, 0xf7, 0x9e, 0xf7, 0x9e, 0xf7,
        0x9e, 0xf7, 0x9e, 0xf7, 0x9e, 0xf7, 0x9e, 0xf7, 0x9e, 0xf7, 0x9e, 0xf7,
        0x9e, 0xf7, 0x9e, 0xf7, 0x9e, 0xf7, 0x9e, 0xf7, 0x9e, 0xf7, 0x9e, 0xf7,
        0x9e, 0xf7, 0x9e, 0xf7, 0x9e, 0xf7, 0x9e, 0xf7, 0x9e, 0xf7, 0x9e, 0xf7,
        0x9e, 0xf7, 0x9e, 0xf7, 0x9e, 0xf7, 0x9e, 0xf7, 0x9e, 0xf7, 0x9e, 0xf7,
        0x9e, 0xf7, 0x9e, 0xf7, 0x9e, 0xf7, 0x9e, 0xf7, 0x9e, 0xf7, 0x9e, 0xf7,
        0x9e, 0xf7, 0x9e, 0xf7, 0x9e, 0xf7, 0x9e, 0xf7, 0x9e, 0xf7, 0x9e, 0xf7,
        0x9e, 0xf7, 0x9e, 0xf7, 0x9e, 0xf7, 0x9e, 0xf7, 0x9e, 0xf7, 0x9e, 0xf7,
        0x9e, 0xf7, 0x9e, 0xf7, 0x9e, 0xf7, 0x9e, 0xf7, 0x9e, 0xf7, 0x9e, 0xf7,
        0x9e, 0xf7, 0x9e, 0xf7, 0x9e, 0xf7, 0x9e, 0xf7, 0x9e, 0xf7, 0x9e, 0xf7,
        0x9e, 0xf7, 0x9e, 0xf7, 0x9e, 0xf7, 0x9e, 0xf7, 0x9e, 0xf7, 0x9e, 0xf7,
        0x9e, 0xf7, 0x9e, 0xf7, 0x9e, 0xf7, 0x9e, 0xf7, 0x9e, 0xf7, 0x9e, 0xf7,
        0x9e, 0xf7, 0x9e, 0xf7, 0x9e, 0xf7, 0x9e, 0xf7, 0x9e, 0xf7, 0x9e, 0xf7,
        0x9e, 0xf7, 0x9e, 0xf7, 0x9e, 0xf7, 0x9e, 0xf7, 0x9e, 0xf7, 0x9e, 0xf7,
        0x9e, 0xf7, 0x9e, 0xf7, 0x9e, 0xf7, 0x9e, 0xf7, 0x9e, 0xf7, 0x9e, 0xf7,
        0x9e, 0xf7, 0x9e, 0xf7, 0x9e, 0xf7, 0x9e, 0xf7, 0x9e, 0xf7, 0x9e, 0xf7,
        0x9e, 0xf7, 0x9e, 0xf7, 0x9e, 0xf7, 0x9e, 0xf7, 0x9e, 0xf7, 0x9e, 0xf7,
        0x9e, 0xf7, 0x9e, 0xf7, 0x9e, 0xf7, 0x9e, 0xf7, 0x9e, 0xf7, 0x9e, 0xf7,
        0x9e, 0xf7, 0x9e, 0xf7, 0x9e, 0xf7, 0x9e, 0xf7, 0x9e, 0xf7, 0x9e, 0xf7,
        0x9e, 0xf7, 0x9e, 0xf7, 0x9e, 0xf7, 0x9e, 0xf7, 0x9e, 0xf7, 0x9e, 0xf7,
        0x9e, 0xf7, 0x9e, 0xf7, 0x9e, 0xf7, 0x9e, 0xf7, 0x9e, 0xf7, 0x9e, 0xf7,
        0x9e, 0xf7, 0x9e, 0xf7, 0x9e, 0xf7, 0x9e, 0xf7, 0x9e, 0xf7, 0x9e, 0xf7,
        0x9e, 0xf7, 0x9e, 0xf7, 0x9e, 0xf7, 0x9e, 0xf7, 0x9e, 0xf7, 0x9e, 0xf7,
        0x9e, 0xf7, 0x9e, 0xf7, 0x9e, 0xf7, 0x9e, 0xf7, 0x9e, 0xf7, 0x9e, 0xf7,
        0x9e, 0xf7, 0x9e, 0xf7, 0x9e, 0xf7, 0x9e, 0xf7, 0x9e, 0xf7, 0x9e, 0xf7,
        0x9e, 0xf7, 0x9e, 0xf7, 0x9e, 0xf7, 0x9e, 0xf7, 0x9e, 0xf7, 0x9e, 0xf7,
        0x9e, 0xf7, 0x9e, 0xf7, 0x9e, 0xf7, 0x9e, 0xf7, 0x9e, 0xf7, 0x9e, 0xf7,
        0x9e, 0xf7, 0x9e, 0xf7, 0x9e, 0xf7, 0x9e, 0xf7, 0x9e, 0xf7, 0x9e, 0xf7,
        0x9e, 0xf7, 0x9e, 0xf7, 0x9e, 0xf7, 0x9e, 0xf7, 0x9e, 0xf7, 0x9e, 0xf7,
        0x9e, 0xf7, 0x9e, 0xf7, 0x9e, 0xf7, 0x9e, 0xf7, 0x9e, 0xf7, 0x9e, 0xf7,
        0x9e, 0xf7, 0x9e, 0xf7, 0x9e, 0xf7, 0x9e, 0xf7, 0x9e, 0xf7, 0x9e, 0xf7,
        0x9e, 0xf7, 0x9e, 0xf7, 0x9e, 0xf7, 0x9e, 0xf7, 0x9e, 0xf7, 0x9e, 0xf7,
        0x9e, 0xf7, 0x9e, 0xf7, 0x9e, 0xf7, 0x9e, 0xf7, 0x9e, 0xf7, 0x9e, 0xf7,
        0x9e, 0xf7, 0x9e, 0xf7, 0x9e, 0xf7, 0x9e, 0xf7, 0x9e, 0xf7, 0x9e, 0xf7,
        0x9e, 0xf7, 0x9e, 0xf7, 0x9e, 0xf7, 0x9e, 0xf7, 0x9e, 0xf7, 0x9e, 0xf7,
        0x9e, 0xf7, 0x9e, 0xf7, 0x9e, 0xf7, 0x9e, 0xf7, 0x9e, 0xf7, 0x9e, 0xf7,
        0x9e, 0xf7, 0x9e, 0xf7, 0x9e, 0xf7, 0x9e, 0xf7, 0x9e, 0xf7, 0x9e, 0xf7,
        0x9e, 0xf7, 0x9e, 0xf7, 0x9e, 0xf7, 0x9e, 0xf7, 0x9e, 0xf7, 0x9e, 0xf7,
        0x9e, 0xf7, 0x9e, 0xf7, 0x9e, 0xf7, 0x9e, 0xf7, 0x9e, 0xf7, 0x9e, 0xf7,
        0x9e, 0xf7, 0x9e, 0xf7, 0x9e, 0xf7, 0x9e, 0xf7, 0x9e, 0xf7, 0x9e, 0xf7,
        0x9e, 0xf7, 0x9e, 0xf7, 0x9e, 0xf7, 0x9e, 0xf7, 0x9e, 0xf7, 0x9e, 0xf7,
        0x9e, 0xf7, 0x9e, 0xf7, 0x9e, 0xf7, 0x9e, 0xf7, 0x9e, 0xf7, 0x9e, 0xf7,
        0x9e, 0xf7, 0x9e, 0xf7, 0x9e, 0xf7, 0x9e, 0xf7, 0x9e, 0xf7, 0x9e, 0xf7,
        0x9e, 0xf7, 0x9e, 0xf7, 0x9e, 0xf7, 0x9e, 0xf7, 0x9e, 0xf7, 0x9e, 0xf7,
        0x9e, 0xf7, 0x9e, 0xf7, 0x9e, 0xf7, 0x9e, 0xf7, 0x9e, 0xf7, 0x9e, 0xf7,
        0x9e, 0xf7, 0x9e, 0xf7, 0x9e, 0xf7, 0x9e, 0xf7, 0x9e, 0xf7, 0x9e, 0xf7,
        0x9e, 0xf7, 0x9e, 0xf7, 0x9e, 0xf7, 0x9e, 0xf7, 0x9e, 0xf7, 0x9e, 0xf7,
        0x9e, 0xf7, 0x9e, 0xf7, 0x9e, 0xf7, 0x9e, 0xf7, 0x9e, 0xf7, 0x9e, 0xf7,
        0x9e, 0xf7, 0x9e, 0xf7, 0x9e, 0xf7, 0x9e, 0xf7, 0x9e, 0xf7, 0x9e, 0xf7,
        0x9e, 0xf7, 0x9e, 0xf7, 0x9e, 0xf7, 0x9e, 0xf7, 0x9e, 0xf7, 0x9e, 0xf7,
        0x9e, 0xf7, 0x9e, 0xf7, 0x9e, 0xf7, 0x9e, 0xf7, 0x9e, 0xf7, 0x9e, 0xf7,
        0x9e, 0xf7, 0x9e, 0xf7, 0x9e, 0xf7, 0x9e, 0xf7, 0x9e, 0xf7, 0x9e, 0xf7,
        0x9e, 0xf7, 0x9e, 0xf7, 0x9e, 0xf7, 0x9e, 0xf7, 0x9e, 0xf7, 0x9e, 0xf7,
        0x9e, 0xf7, 0x9e, 0xf7, 0x9e, 0xf7, 0x9e, 0xf7, 0x9e, 0xf7, 0x9e, 0xf7,
        0x9e, 0xf7, 0x9e, 0xf7, 0x9e, 0xf7, 0x9e, 0xf7, 0x9e, 0xf7, 0x9e, 0xf7,
        0x9e, 0xf7, 0x9e, 0xf7, 0x9e, 0xf7, 0x9e, 0xf7, 0x9e, 0xf7, 0x9e, 0xf7,
        0x9e, 0xf7, 0x9e, 0xf7, 0x9e, 0xf7, 0x9e, 0xf7, 0x9e, 0xf7, 0x9e, 0xf7,
        0x9e, 0xf7, 0x9e, 0xf7, 0x9e, 0xf7, 0x9e, 0xf7, 0x9e, 0xf7, 0x9e, 0xf7,
        0x9e, 0xf7, 0x9e, 0xf7, 0x9e, 0xf7, 0x9e, 0xf7, 0x9e, 0xf7, 0x9e, 0xf7,
        0x9e, 0xf7, 0x9e, 0xf7, 0x9e, 0xf7, 0x9e, 0xf7, 0x9e, 0xf7, 0x9e, 0xf7,
        0x9e, 0xf7, 0x9e, 0xf7, 0x9e, 0xf7, 0x9e, 0xf7, 0x9e, 0xf7, 0x9e, 0xf7,
        0x9e, 0xf7, 0x9e, 0xf7, 0x9e, 0xf7, 0x9e, 0xf7, 0x9e, 0xf7, 0x9e, 0xf7,
        0x9e, 0xf7, 0x9e, 0xf7, 0x9e, 0xf7, 0x9e, 0xf7, 0x9e, 0xf7, 0x9e, 0xf7,
        0x9e, 0xf7, 0x9e, 0xf7, 0x9e, 0xf7, 0x9e, 0xf7, 0x9e, 0xf7, 0x9e, 0xf7,
        0x9e, 0xf7, 0x9e, 0xf7, 0x9e, 0xf7, 0x9e, 0xf7, 0x9e, 0xf7, 0x9e, 0xf7,
        0x9e, 0xf7, 0x9e, 0xf7, 0x9e, 0xf7, 0x9e, 0xf7, 0x9e, 0xf7, 0x9e, 0xf7,
        0x9e, 0xf7, 0x9e, 0xf7, 0x9e, 0xf7, 0x9e, 0xf7, 0x9e, 0xf7, 0x9e, 0xf7,
        0x9e, 0xf7, 0x9e, 0xf7, 0x9e, 0xf7, 0x9e, 0xf7, 0x9e, 0xf7, 0x9e, 0xf7,
        0x9e, 0xf7, 0x9e, 0xf7, 0x9e, 0xf7, 0x9e, 0xf7, 0x9e, 0xf7, 0x9e, 0xf7,
        0x9e, 0xf7, 0x9e, 0xf7, 0x9e, 0xf7, 0x9e, 0xf7, 0x9e, 0xf7, 0x9e, 0xf7,
        0x9e, 0xf7, 0x9e, 0xf7, 0x9e, 0xf7, 0x9e, 0xf7, 0x9e, 0xf7, 0x9e, 0xf7,
        0x9e, 0xf7, 0x9e, 0xf7, 0x9e, 0xf7, 0x9e, 0xf7, 0x9e, 0xf7, 0x9e, 0xf7,
        0x9e, 0xf7, 0x9e, 0xf7, 0x9e, 0xf7, 0x9e, 0xf7, 0x9e, 0xf7, 0x9e, 0xf7,
        0x9e, 0xf7, 0x9e, 0xf7, 0x9e, 0xf7, 0x9e, 0xf7, 0x9e, 0xf7, 0x9e, 0xf7,
        0x9e, 0xf7, 0x9e, 0xf7, 0x9e, 0xf7, 0x9e, 0xf7, 0x9e, 0xf7, 0x9e, 0xf7,
        0x9e, 0xf7, 0x9e, 0xf7, 0x9e, 0xf7, 0x9e, 0xf7, 0x9e, 0xf7, 0x9e, 0xf7,
        0x9e, 0xf7, 0x9e, 0xf7, 0x9e, 0xf7, 0x9e, 0xf7, 0x9e, 0xf7, 0x9e, 0xf7,
        0x9e, 0xf7, 0x9e, 0xf7, 0x9e, 0xf7, 0x9e, 0xf7, 0x9e, 0xf7, 0x9e, 0xf7,
        0x9e, 0xf7, 0x9e, 0xf7, 0x9e, 0xf7, 0x9e, 0xf7, 0x9e, 0xf7, 0x9e, 0xf7,
        0x9e, 0xf7, 0x9e, 0xf7, 0x9e, 0xf7, 0x9e, 0xf7, 0x9e, 0xf7, 0x9e, 0xf7,
        0x9e, 0xf7, 0x9e, 0xf7, 0x9e, 0xf7, 0x9e, 0xf7, 0x9e, 0xf7, 0x9e, 0xf7,
        0x9e, 0xf7, 0x9e, 0xf7, 0x9e, 0xf7, 0x9e, 0xf7, 0x9e, 0xf7, 0x9e, 0xf7,
        0x9e, 0xf7, 0x9e, 0xf7, 0x9e, 0xf7, 0x9e, 0xf7, 0x9e, 0xf7, 0x9e, 0xf7,
        0x9e, 0xf7, 0x9e, 0xf7, 0x9e, 0xf7, 0x9e, 0xf7, 0x9e, 0xf7, 0x9e, 0xf7,
        0x9e, 0xf7, 0x9e, 0xf7, 0x9e, 0xf7, 0x9e, 0xf7, 0x9e, 0xf7, 0x9e, 0xf7,
        0x9e, 0xf7, 0x9e, 0xf7, 0x9e, 0xf7, 0x9e, 0xf7, 0x9e, 0xf7, 0x9e, 0xf7,
        0x9e, 0xf7, 0x9e, 0xf7, 0x9e, 0xf7, 0x9e, 0xf7, 0x9e, 0xf7, 0x9e, 0xf7,
        0x9e, 0xf7, 0x9e, 0xf7, 0x9e, 0xf7, 0x9e, 0xf7, 0x9e, 0xf7, 0x9e, 0xf7,
        0x9e, 0xf7, 0x9e, 0xf7, 0x9e, 0xf7, 0x9e, 0xf7, 0x9e, 0xf7, 0x9e, 0xf7,
        0x9e, 0xf7, 0x9e, 0xf7, 0x9e, 0xf7, 0x9e, 0xf7, 0x9e, 0xf7, 0x9e, 0xf7,
        0x9e, 0xf7, 0x9e, 0xf7, 0x9e, 0xf7, 0x9e, 0xf7, 0x9e, 0xf7, 0x9e, 0xf7,
        0x9e, 0xf7, 0x9e, 0xf7, 0x9e, 0xf7, 0x9e, 0xf7, 0x9e, 0xf7, 0x9e, 0xf7,
        0x9e, 0xf7, 0x9e, 0xf7, 0x9e, 0xf7, 0x9e, 0xf7, 0x9e, 0xf7, 0x9e, 0xf7,
        0x9e, 0xf7, 0x9e, 0xf7, 0x9e, 0xf7, 0x9e, 0xf7, 0x9e, 0xf7, 0x9e, 0xf7,
        0x9e, 0xf7, 0x9e, 0xf7, 0x9e, 0xf7, 0x9e, 0xf7, 0x9e, 0xf7, 0x9e, 0xf7,
        0x9e, 0xf7, 0x9e, 0xf7, 0x9e, 0xf7, 0x9e, 0xf7, 0x9e, 0xf7, 0x9e, 0xf7,
        0x9e, 0xf7, 0x9e, 0xf7, 0x9e, 0xf7, 0x9e, 0xf7, 0x9e, 0xf7, 0x9e, 0xf7,
        0x9e, 0xf7, 0x9e, 0xf7, 0x9e, 0xf7, 0x9e, 0xf7, 0x9e, 0xf7, 0x9e, 0xf7,
        0x9e, 0xf7, 0x9e, 0xf7, 0x9e, 0xf7, 0x9e, 0xf7, 0x9e, 0xf7, 0x9e, 0xf7,
        0x9e, 0xf7, 0x9e, 0xf7, 0x9e, 0xf7, 0x9e, 0xf7, 0x9e, 0xf7, 0x9e, 0xf7,
        0x9e, 0xf7, 0x9e, 0xf7, 0x9e, 0xf7, 0x9e, 0xf7, 0x9e, 0xf7, 0x9e, 0xf7,
        0x9e, 0xf7, 0x9e, 0xf7, 0x9e, 0xf7, 0x9e, 0xf7, 0x9e, 0xf7, 0x9e, 0xf7,
        0x9e, 0xf7, 0x9e, 0xf7, 0x9e, 0xf7, 0x9e, 0xf7, 0x9e, 0xf7, 0x9e, 0xf7,
        0x9e, 0xf7, 0x9e, 0xf7, 0x9e, 0xf7, 0x9e, 0xf7, 0x9e, 0xf7, 0x9e, 0xf7,
        0x9e, 0xf7, 0x9e, 0xf7, 0x9e, 0xf7, 0x9e, 0xf7, 0x9e, 0xf7, 0x9e, 0xf7,
        0x9e, 0xf7, 0x9e, 0xf7, 0x9e, 0xf7, 0x9e, 0xf7, 0x9e, 0xf7, 0x9e, 0xf7,
        0x9e, 0xf7, 0x9e, 0xf7, 0x9e, 0xf7, 0x9e, 0xf7, 0x9e, 0xf7, 0x9e, 0xf7,
        0x9e, 0xf7, 0x9e, 0xf7, 0x9e, 0xf7, 0x9e, 0xf7, 0x9e, 0xf7, 0x9e, 0xf7,
        0x9e, 0xf7, 0x9e, 0xf7, 0x9e, 0xf7, 0x9e, 0xf7, 0x9e, 0xf7, 0x9e, 0xf7,
        0x9e, 0xf7, 0x9e, 0xf7, 0x9e, 0xf7, 0x9e, 0xf7, 0x9e, 0xf7, 0x9e, 0xf7,
        0x9e, 0xf7, 0x9e, 0xf7, 0x9e, 0xf7, 0x9e, 0xf7, 0x9e, 0xf7, 0x9e, 0xf7,
        0x9e, 0xf7, 0x9e, 0xf7, 0x9e, 0xf7, 0x9e, 0xf7, 0x9e, 0xf7, 0x9e, 0xf7,
        0x9e, 0xf7, 0x9e, 0xf7, 0x9e, 0xf7, 0x9e, 0xf7, 0x9e, 0xf7, 0x9e, 0xf7,
        0x9e, 0xf7, 0x9e, 0xf7, 0x9e, 0xf7, 0x9e, 0xf7, 0x9e, 0xf7, 0x9e, 0xf7,
        0x9e, 0xf7, 0x9e, 0xf7, 0x9e, 0xf7, 0x9e, 0xf7, 0x9e, 0xf7, 0x9e, 0xf7,
        0x9e, 0xf7, 0x9e, 0xf7, 0x9e, 0xf7, 0x9e, 0xf7, 0x9e, 0xf7, 0x9e, 0xf7,
        0x9e, 0xf7, 0x9e, 0xf7, 0x9e, 0xf7, 0x9e, 0xf7, 0x9e, 0xf7, 0x9e, 0xf7,
        0x9e, 0xf7, 0x9e, 0xf7, 0x9e, 0xf7, 0x9e, 0xf7, 0x9e, 0xf7, 0x9e, 0xf7,
        0x9e, 0xf7, 0x9e, 0xf7, 0x9e, 0xf7, 0x9e, 0xf7, 0x9e, 0xf7, 0x9e, 0xf7,
        0x9e, 0xf7, 0x9e, 0xf7, 0x9e, 0xf7, 0x9e, 0xf7, 0x9e, 0xf7, 0x9e, 0xf7,
        0x9e, 0xf7, 0x9e, 0xf7, 0x9e, 0xf7, 0x9e, 0xf7, 0x9e, 0xf7, 0x9e, 0xf7,
        0x9e, 0xf7, 0x9e, 0xf7, 0x9e, 0xf7, 0x9e, 0xf7, 0x9e, 0xf7, 0x9e, 0xf7,
        0x9e, 0xf7, 0x9e, 0xf7, 0x9e, 0xf7, 0x9e, 0xf7, 0x9e, 0xf7, 0x9e, 0xf7,
        0x9e, 0xf7, 0x9e, 0xf7, 0x9e, 0xf7, 0x9e, 0xf7, 0x9e, 0xf7, 0x9e, 0xf7,
        0x9e, 0xf7, 0x9e, 0xf7, 0x9e, 0xf7, 0x9e, 0xf7, 0x9e, 0xf7, 0x9e, 0xf7,
        0x9e, 0xf7, 0x9e, 0xf7, 0x9e, 0xf7, 0x9e, 0xf7, 0x9e, 0xf7, 0x9e, 0xf7,
        0x9e, 0xf7, 0x9e, 0xf7, 0x9e, 0xf7, 0x9e, 0xf7, 0x9e, 0xf7, 0x9e, 0xf7,
        0x9e, 0xf7, 0x9e, 0xf7, 0x9e, 0xf7, 0x9e, 0xf7, 0x9e, 0xf7, 0x9e, 0xf7,
        0x9e, 0xf7, 0x9e, 0xf7, 0x9e, 0xf7, 0x9e, 0xf7, 0x9e, 0xf7, 0x9e, 0xf7,
        0x9e, 0xf7, 0x9e, 0xf7, 0x9e, 0xf7, 0x9e, 0xf7, 0x9e, 0xf7, 0x9e, 0xf7,
        0x9e, 0xf7, 0x9e, 0xf7, 0x9e, 0xf7, 0x9e, 0xf7, 0x9e, 0xf7, 0x9e, 0xf7,
        0x9e, 0xf7, 0x9e, 0xf7, 0x9e, 0xf7, 0x9e, 0xf7, 0x9e, 0xf7, 0x9e, 0xf7,
        0x9e, 0xf7, 0x9e, 0xf7, 0x9e, 0xf7, 0x9e, 0xf7, 0x9e, 0xf7, 0x9e, 0xf7,
        0x9e, 0xf7, 0x9e, 0xf7, 0x9e, 0xf7, 0x9e, 0xf7, 0x9e, 0xf7, 0x9e, 0xf7,
        0x9e, 0xf7, 0x9e, 0xf7, 0x9e, 0xf7, 0x9e, 0xf7, 0x9e, 0xf7, 0x9e, 0xf7,
        0x9e, 0xf7, 0x9e, 0xf7, 0x9e, 0xf7, 0x9e, 0xf7, 0x9e, 0xf7, 0x9e, 0xf7,
        0x9e, 0xf7, 0x9e, 0xf7, 0x9e, 0xf7, 0x9e, 0xf7, 0x9e, 0xf7, 0x9e, 0xf7,
        0x9e, 0xf7, 0x9e, 0xf7, 0x9e, 0xf7, 0x9e, 0xf7, 0x9e, 0xf7, 0x9e, 0xf7,
        0x9e, 0xf7, 0x9e, 0xf7, 0x9e, 0xf7, 0x9e, 0xf7, 0x9e, 0xf7, 0x9e, 0xf7,
        0x9e, 0xf7, 0x9e, 0xf7, 0x9e, 0xf7, 0x9e, 0xf7, 0x9e, 0xf7, 0x9e, 0xf7,
        0x9e, 0xf7, 0x9e, 0xf7, 0x9e, 0xf7, 0x9e, 0xf7, 0x9e, 0xf7, 0x9e, 0xf7,
        0x9e, 0xf7, 0x9e, 0xf7, 0x9e, 0xf7, 0x9e, 0xf7, 0x9e, 0xf7, 0x9e, 0xf7,
        0x9e, 0xf7, 0x9e, 0xf7, 0x9e, 0xf7, 0x9e, 0xf7, 0x9e, 0xf7, 0x9e, 0xf7,
        0x9e, 0xf7, 0x9e, 0xf7, 0x9e, 0xf7, 0x9e, 0xf7, 0x9e, 0xf7, 0x9e, 0xf7,
        0x9e, 0xf7, 0x9e, 0xf7, 0x9e, 0xf7, 0x9e, 0xf7, 0x9e, 0xf7, 0x9e, 0xf7,
        0x9e, 0xf7, 0x9e, 0xf7, 0x9e, 0xf7, 0x9e, 0xf7, 0x9e, 0xf7, 0x9e, 0xf7,
        0x9e, 0xf7, 0x9e, 0xf7, 0x9e, 0xf7, 0x9e, 0xf7, 0x9e, 0xf7, 0x9e, 0xf7,
        0x9e, 0xf7, 0x9e, 0xf7, 0x9e, 0xf7, 0x9e, 0xf7, 0x9e, 0xf7, 0x9e, 0xf7,
        0x9e, 0xf7, 0x9e, 0xf7, 0x9e, 0xf7, 0x9e, 0xf7, 0x9e, 0xf7, 0x9e, 0xf7,
        0x9e, 0xf7, 0x9e, 0xf7, 0x9e, 0xf7, 0x9e, 0xf7, 0x9e, 0xf7, 0x9e, 0xf7,
        0x9e, 0xf7, 0x9e, 0xf7, 0x9e, 0xf7, 0x9e, 0xf7, 0x9e, 0xf7, 0x9e, 0xf7,
        0x9e, 0xf7, 0x9e, 0xf7, 0x9e, 0xf7, 0x9e, 0xf7, 0x9e, 0xf7, 0x9e, 0xf7,
        0x9e, 0xf7, 0x9e, 0xf7, 0x9e, 0xf7, 0x9e, 0xf7, 0x9e, 0xf7, 0x9e, 0xf7,
        0x9e, 0xf7, 0x9e, 0xf7, 0x9e, 0xf7, 0x9e, 0xf7, 0x9e, 0xf7, 0x9e, 0xf7,
        0x9e, 0xf7, 0x9e, 0xf7, 0x9e, 0xf7, 0x9e, 0xf7, 0x9e, 0xf7, 0x9e, 0xf7,
        0x9e, 0xf7, 0x9e, 0xf7, 0x9e, 0xf7, 0x9e, 0xf7, 0x9e, 0xf7, 0x9e, 0xf7,
        0x9e, 0xf7, 0x9e, 0xf7, 0x9e, 0xf7, 0x9e, 0xf7, 0x9e, 0xf7, 0x9e, 0xf7,
        0x9e, 0xf7, 0x9e, 0xf7, 0x9e, 0xf7, 0x9e, 0xf7, 0x9e, 0xf7, 0x9e, 0xf7,
        0x9e, 0xf7, 0x9e, 0xf7, 0x9e, 0xf7, 0x9e, 0xf7, 0x9e, 0xf7, 0x9e, 0xf7,
        0x9e, 0xf7, 0x9e, 0xf7, 0x9e, 0xf7, 0x9e, 0xf7, 0x9e, 0xf7, 0x9e, 0xf7,
        0x9e, 0xf7, 0x9e, 0xf7, 0x9e, 0xf7, 0x9e, 0xf7, 0x9e, 0xf7, 0x9e, 0xf7,
        0x9e, 0xf7, 0x9e, 0xf7, 0x9e, 0xf7, 0x9e, 0xf7, 0x9e, 0xf7, 0x9e, 0xf7,
        0x9e, 0xf7, 0x9e, 0xf7, 0x9e, 0xf7, 0x9e, 0xf7, 0x9e, 0xf7, 0x9e, 0xf7,
        0x9e, 0xf7, 0x9e, 0xf7, 0x9e, 0xf7, 0x9e, 0xf7, 0x9e, 0xf7, 0x9e, 0xf7,
        0x9e, 0xf7, 0x9e, 0xf7, 0x9e, 0xf7, 0x9e, 0xf7, 0x9e, 0xf7, 0x9e, 0xf7,
        0x9e, 0xf7, 0x9e, 0xf7, 0x9e, 0xf7, 0x9e, 0xf7, 0x9e, 0xf7, 0x9e, 0xf7,
        0x9e, 0xf7, 0x9e, 0xf7, 0x9e, 0xf7, 0x9e, 0xf7, 0x9e, 0xf7, 0x9e, 0xf7,
        0x9e, 0xf7, 0x9e, 0xf7, 0x9e, 0xf7, 0x9e, 0xf7, 0x9e, 0xf7, 0x9e, 0xf7,
        0x9e, 0xf7, 0x9e, 0xf7, 0x9e, 0xf7, 0x9e, 0xf7, 0x9e, 0xf7, 0x9e, 0xf7,
        0x9e, 0xf7, 0x9e, 0xf7, 0x9e, 0xf7, 0x9e, 0xf7, 0x9e, 0xf7, 0x9e, 0xf7,
        0x9e, 0xf7, 0x9e, 0xf7, 0x9e, 0xf7, 0x9e, 0xf7, 0x9e, 0xf7, 0x9e, 0xf7,
        0x9e, 0xf7, 0x9e, 0xf7, 0x9e, 0xf7, 0x9e, 0xf7, 0x9e, 0xf7, 0x9e, 0xf7,
        0x9e, 0xf7, 0x9e, 0xf7, 0x9e, 0xf7, 0x9e, 0xf7, 0x9e, 0xf7, 0x9e, 0xf7,
        0x9e, 0xf7, 0x9e, 0xf7, 0x9e, 0xf7, 0x9e, 0xf7, 0x9e, 0xf7, 0x9e, 0xf7,
        0x9e, 0xf7, 0x9e, 0xf7, 0x9e, 0xf7, 0x9e, 0xf7, 0x9e, 0xf7, 0x9e, 0xf7,
        0x9e, 0xf7, 0x9e, 0xf7, 0x9e, 0xf7, 0x9e, 0xf7, 0x9e, 0xf7, 0x9e, 0xf7,
        0x9e, 0xf7, 0x9e, 0xf7, 0x9e, 0xf7, 0x9e, 0xf7, 0x9e, 0xf7, 0x9e, 0xf7,
        0x9e, 0xf7, 0x9e, 0xf7, 0x9e, 0xf7, 0x9e, 0xf7, 0x9e, 0xf7, 0x9e, 0xf7,
        0x9e, 0xf7, 0x9e, 0xf7, 0x9e, 0xf7, 0x9e, 0xf7, 0x9e, 0xf7, 0x9e, 0xf7,
        0x9e, 0xf7, 0x9e, 0xf7, 0x9e, 0xf7, 0x9e, 0xf7, 0x9e, 0xf7, 0x9e, 0xf7,
        0x9e, 0xf7, 0x9e, 0xf7, 0x9e, 0xf7, 0x9e, 0xf7, 0x9e, 0xf7, 0x9e, 0xf7,
        0x9e, 0xf7, 0x9e, 0xf7, 0x9e, 0xf7, 0x9e, 0xf7, 0x9e, 0xf7, 0x9e, 0xf7,
        0x9e, 0xf7, 0x9e, 0xf7, 0x9e, 0xf7, 0x9e, 0xf7, 0x9e, 0xf7, 0x9e, 0xf7,
        0x9e, 0xf7, 0x9e, 0xf7, 0x9e, 0xf7, 0x9e, 0xf7, 0x9e, 0xf7, 0x9e, 0xf7,
        0x9e, 0xf7, 0x9e, 0xf7, 0x9e, 0xf7, 0x9e, 0xf7, 0x9e, 0xf7, 0x9e, 0xf7,
        0x9e, 0xf7, 0x9e, 0xf7, 0x9e, 0xf7, 0x9e, 0xf7, 0x9e, 0xf7, 0x9e, 0xf7,
        0x9e, 0xf7, 0x9e, 0xf7, 0x9e, 0xf7, 0x9e, 0xf7, 0x9e, 0xf7, 0x9e, 0xf7,
        0x9e, 0xf7, 0x9e, 0xf7, 0x9e, 0xf7, 0x9e, 0xf7, 0x9e, 0xf7, 0x9e, 0xf7,
        0x9e, 0xf7, 0x9e, 0xf7, 0x9e, 0xf7, 0x9e, 0xf7, 0x9e, 0xf7, 0x9e, 0xf7,
        0x9e, 0xf7, 0x9e, 0xf7, 0x9e, 0xf7, 0x9e, 0xf7, 0x9e, 0xf7, 0x9e, 0xf7,
        0x9e, 0xf7, 0x9e, 0xf7, 0x9e, 0xf7, 0x9e, 0xf7, 0x9e, 0xf7, 0x9e, 0xf7,
        0x9e, 0xf7, 0x9e, 0xf7, 0x9e, 0xf7, 0x9e, 0xf7, 0x9e, 0xf7, 0x9e, 0xf7,
        0x9e, 0xf7, 0x9e, 0xf7, 0x9e, 0xf7, 0x9e, 0xf7, 0x9e, 0xf7, 0x9e, 0xf7,
        0x9e, 0xf7, 0x9e, 0xf7, 0x9e, 0xf7, 0x9e, 0xf7, 0x9e, 0xf7, 0x9e, 0xf7,
        0x9e, 0xf7, 0x9e, 0xf7, 0x9e, 0xf7, 0x9e, 0xf7, 0x9e, 0xf7, 0x9e, 0xf7,
        0x9e, 0xf7, 0x9e, 0xf7, 0x9e, 0xf7, 0x9e, 0xf7, 0x9e, 0xf7, 0x9e, 0xf7,
        0x9e, 0xf7, 0x9e, 0xf7, 0x9e, 0xf7, 0x9e, 0xf7, 0x9e, 0xf7, 0x9e, 0xf7,
        0x9e, 0xf7, 0x9e, 0xf7, 0x9e, 0xf7, 0x9e, 0xf7, 0x9e, 0xf7, 0x9e, 0xf7,
        0x9e, 0xf7, 0x9e, 0xf7, 0x9e, 0xf7, 0x9e, 0xf7, 0x9e, 0xf7, 0x9e, 0xf7,
        0x9e, 0xf7, 0x9e, 0xf7, 0x9e, 0xf7, 0x9e, 0xf7, 0x9e, 0xf7, 0x9e, 0xf7,
        0x9e, 0xf7, 0x9e, 0xf7, 0x9e, 0xf7, 0x9e, 0xf7, 0x9e, 0xf7, 0x9e, 0xf7,
        0x9e, 0xf7, 0x9e, 0xf7, 0x9e, 0xf7, 0x9e, 0xf7, 0x9e, 0xf7, 0x9e, 0xf7,
        0x9e, 0xf7, 0x9e, 0xf7, 0x9e, 0xf7, 0x9e, 0xf7, 0x9e, 0xf7, 0x9e, 0xf7,
        0x9e, 0xf7, 0x9e, 0xf7, 0x9e, 0xf7, 0x9e, 0xf7, 0x9e, 0xf7, 0x9e, 0xf7,
        0x9e, 0xf7, 0x9e, 0xf7, 0x9e, 0xf7, 0x9e, 0xf7, 0x9e, 0xf7, 0x9e, 0xf7,
        0x9e, 0xf7, 0x9e, 0xf7, 0x9e, 0xf7, 0x9e, 0xf7, 0x9e, 0xf7, 0x9e, 0xf7,
        0x9e, 0xf7, 0x9e, 0xf7, 0x9e, 0xf7, 0x9e, 0xf7, 0x9e, 0xf7, 0x9e, 0xf7,
        0x9e, 0xf7, 0x9e, 0xf7, 0x9e, 0xf7, 0x9e, 0xf7, 0x9e, 0xf7, 0x9e, 0xf7,
        0x9e, 0xf7, 0x9e, 0xf7, 0x9e, 0xf7, 0x9e, 0xf7, 0x9e, 0xf7, 0x9e, 0xf7,
        0x9e, 0xf7, 0x9e, 0xf7, 0x9e, 0xf7, 0x9e, 0xf7, 0x9e, 0xf7, 0x9e, 0xf7,
        0x9e, 0xf7, 0x9e, 0xf7, 0x9e, 0xf7, 0x9e, 0xf7, 0x9e, 0xf7, 0x9e, 0xf7,
        0x9e, 0xf7, 0x9e, 0xf7, 0x9e, 0xf7, 0x9e, 0xf7, 0x9e, 0xf7, 0x9e, 0xf7,
        0x9e, 0xf7, 0x9e, 0xf7, 0x9e, 0xf7, 0x9e, 0xf7, 0x9e, 0xf7, 0x9e, 0xf7,
        0x9e, 0xf7, 0x9e, 0xf7, 0x9e, 0xf7, 0x9e, 0xf7, 0x9e, 0xf7, 0x9e, 0xf7,
        0x9e, 0xf7, 0x9e, 0xf7, 0x9e, 0xf7, 0x9e, 0xf7, 0x9e, 0xf7, 0x9e, 0xf7,
        0x9e, 0xf7, 0x9e, 0xf7, 0x9e, 0xf7, 0x9e, 0xf7, 0x9e, 0xf7, 0x9e, 0xf7,
        0x9e, 0xf7, 0x9e, 0xf7, 0x9e, 0xf7, 0x9e, 0xf7, 0x9e, 0xf7, 0x9e, 0xf7,
        0x9e, 0xf7, 0x9e, 0xf7, 0x9e, 0xf7, 0x9e, 0xf7, 0x9e, 0xf7, 0x9e, 0xf7,
        0x9e, 0xf7, 0x9e, 0xf7, 0x9e, 0xf7, 0x9e, 0xf7, 0x9e, 0xf7, 0x9e, 0xf7,
        0x9e, 0xf7, 0x9e, 0xf7, 0x9e, 0xf7, 0x9e, 0xf7, 0x9e, 0xf7, 0x9e, 0xf7,
        0x9e, 0xf7, 0x9e, 0xf7, 0x9e, 0xf7, 0x9e, 0xf7, 0x9e, 0xf7, 0x9e, 0xf7,
        0x9e, 0xf7, 0x9e, 0xf7, 0x9e, 0xf7, 0x9e, 0xf7, 0x9e, 0xf7, 0x9e, 0xf7,
        0x9e, 0xf7, 0x9e, 0xf7, 0x9e, 0xf7, 0x9e, 0xf7, 0x9e, 0xf7, 0x9e, 0xf7,
        0x9e, 0xf7, 0x9e, 0xf7, 0x9e, 0xf7, 0x9e, 0xf7, 0x9e, 0xf7, 0x9e, 0xf7,
        0x9e, 0xf7, 0x9e, 0xf7, 0x9e, 0xf7, 0x9e, 0xf7, 0x9e, 0xf7, 0x9e, 0xf7,
        0x9e, 0xf7, 0x9e, 0xf7, 0x9e, 0xf7, 0x9e, 0xf7, 0x9e, 0xf7, 0x9e, 0xf7,
        0x9e, 0xf7, 0x9e, 0xf7, 0x9e, 0xf7, 0x9e, 0xf7, 0x9e, 0xf7, 0x9e, 0xf7,
        0x9e, 0xf7, 0x9e, 0xf7, 0x9e, 0xf7, 0x9e, 0xf7, 0x9e, 0xf7, 0x9e, 0xf7,
        0x9e, 0xf7, 0x9e, 0xf7, 0x9e, 0xf7, 0x9e, 0xf7, 0x9e, 0xf7, 0x9e, 0xf7,
        0x9e, 0xf7, 0x9e, 0xf7, 0x9e, 0xf7, 0x9e, 0xf7, 0x9e, 0xf7, 0x9e, 0xf7,
        0x9e, 0xf7, 0x9e, 0xf7, 0x9e, 0xf7, 0x9e, 0xf7, 0x9e, 0xf7, 0x9e, 0xf7,
        0x9e, 0xf7, 0x9e, 0xf7, 0x9e, 0xf7, 0x9e, 0xf7, 0x9e, 0xf7, 0x9e, 0xf7,
        0x9e, 0xf7, 0x9e, 0xf7, 0x9e, 0xf7, 0x9e, 0xf7, 0x9e, 0xf7, 0x9e, 0xf7,
        0x9e, 0xf7, 0x9e, 0xf7, 0x9e, 0xf7, 0x9e, 0xf7, 0x9e, 0xf7, 0x9e, 0xf7,
        0x9e, 0xf7, 0x9e, 0xf7, 0x9e, 0xf7, 0x9e, 0xf7, 0x9e, 0xf7, 0x9e, 0xf7,
        0x9e, 0xf7, 0x9e, 0xf7, 0x9e, 0xf7, 0x9e, 0xf7, 0x9e, 0xf7, 0x9e, 0xf7,
        0x9e, 0xf7, 0x9e, 0xf7, 0x9e, 0xf7, 0x9e, 0xf7, 0x9e, 0xf7, 0x9e, 0xf7,
        0x9e, 0xf7, 0x9e, 0xf7, 0x9e, 0xf7, 0x9e, 0xf7, 0x9e, 0xf7, 0x9e, 0xf7,
        0x9e, 0xf7, 0x9e, 0xf7, 0x9e, 0xf7, 0x9e, 0xf7, 0x9e, 0xf7, 0x9e, 0xf7,
        0x9e, 0xf7, 0x9e, 0xf7, 0x9e, 0xf7, 0x9e, 0xf7, 0x9e, 0xf7, 0x9e, 0xf7,
        0x9e, 0xf7, 0x9e, 0xf7, 0x9e, 0xf7, 0x9e, 0xf7, 0x9e, 0xf7, 0x9e, 0xf7,
        0x9e, 0xf7, 0x9e, 0xf7, 0x9e, 0xf7, 0x9e, 0xf7, 0x9e, 0xf7, 0x9e, 0xf7,
        0x9e, 0xf7, 0x9e, 0xf7, 0x9e, 0xf7, 0x9e, 0xf7, 0x9e, 0xf7, 0x9e, 0xf7,
        0x9e, 0xf7, 0x9e, 0xf7, 0x9e, 0xf7, 0x9e, 0xf7, 0x9e, 0xf7, 0x9e, 0xf7,
        0x9e, 0xf7, 0x9e, 0xf7, 0x9e, 0xf7, 0x9e, 0xf7, 0x9e, 0xf7, 0x9e, 0xf7,
        0x9e, 0xf7, 0x9e, 0xf7, 0x9e, 0xf7, 0x9e, 0xf7, 0x9e, 0xf7, 0x9e, 0xf7,
        0x9e, 0xf7, 0x9e, 0xf7, 0x9e, 0xf7, 0x9e, 0xf7, 0x9e, 0xf7, 0x9e, 0xf7,
        0x9e, 0xf7, 0x9e, 0xf7, 0x9e, 0xf7, 0x9e, 0xf7, 0x9e, 0xf7, 0x9e, 0xf7,
        0x9e, 0xf7, 0x9e, 0xf7, 0x9e, 0xf7, 0x9e, 0xf7, 0x9e, 0xf7, 0x9e, 0xf7,
        0x9e, 0xf7, 0x9e, 0xf7, 0x9e, 0xf7, 0x9e, 0xf7, 0x9e, 0xf7, 0x9e, 0xf7,
        0x9e, 0xf7, 0x9e, 0xf7, 0x9e, 0xf7, 0x9e, 0xf7, 0x9e, 0xf7, 0x9e, 0xf7,
        0x9e, 0xf7, 0x9e, 0xf7, 0x9e, 0xf7, 0x9e, 0xf7, 0x9e, 0xf7, 0x9e, 0xf7,
        0x9e, 0xf7, 0x9e, 0xf7, 0x9e, 0xf7, 0x9e, 0xf7, 0x9e, 0xf7, 0x9e, 0xf7,
        0x9e, 0xf7, 0x9e, 0xf7, 0x9e, 0xf7, 0x9e, 0xf7, 0x9e, 0xf7, 0x9e, 0xf7,
        0x9e, 0xf7, 0x9e, 0xf7, 0x9e, 0xf7, 0x9e, 0xf7, 0x9e, 0xf7, 0x9e, 0xf7,
        0x9e, 0xf7, 0x9e, 0xf7, 0x9e, 0xf7, 0x9e, 0xf7, 0x9e, 0xf7, 0x9e, 0xf7,
        0x9e, 0xf7, 0x9e, 0xf7, 0x9e, 0xf7, 0x9e, 0xf7, 0x9e, 0xf7, 0x9e, 0xf7,
        0x9e, 0xf7, 0x9e, 0xf7, 0x9e, 0xf7, 0x9e, 0xf7, 0x9e, 0xf7, 0x9e, 0xf7,
        0x9e, 0xf7, 0x9e, 0xf7, 0x9e, 0xf7, 0x9e, 0xf7, 0x9e, 0xf7, 0x9e, 0xf7,
        0x9e, 0xf7, 0x9e, 0xf7, 0x9e, 0xf7, 0x9e, 0xf7, 0x9e, 0xf7, 0x9e, 0xf7,
        0x9e, 0xf7, 0x9e, 0xf7, 0x9e, 0xf7, 0x9e, 0xf7, 0x9e, 0xf7, 0x9e, 0xf7,
        0x9e, 0xf7, 0x9e, 0xf7, 0x9e, 0xf7, 0x9e, 0xf7, 0x9e, 0xf7, 0x9e, 0xf7,
        0x9e, 0xf7, 0x9e, 0xf7, 0x9e, 0xf7, 0x9e, 0xf7, 0x9e, 0xf7, 0x9e, 0xf7,
        0x9e, 0xf7, 0x9e, 0xf7, 0x9e, 0xf7, 0x9e, 0xf7, 0x9e, 0xf7, 0x9e, 0xf7,
        0x9e, 0xf7, 0x9e, 0xf7, 0x9e, 0xf7, 0x9e, 0xf7, 0x9e, 0xf7, 0x9e, 0xf7,
        0x9e, 0xf7, 0x9e, 0xf7, 0x9e, 0xf7, 0x9e, 0xf7, 0x9e, 0xf7, 0x9e, 0xf7,
        0x9e, 0xf7, 0x9e, 0xf7, 0x9e, 0xf7, 0x9e, 0xf7, 0x9e, 0xf7, 0x9e, 0xf7,
        0x9e, 0xf7, 0x9e, 0xf7, 0x9e, 0xf7, 0x9e, 0xf7, 0x9e, 0xf7, 0x9e, 0xf7,
        0x9e, 0xf7, 0x9e, 0xf7, 0x9e, 0xf7, 0x9e, 0xf7, 0x9e, 0xf7, 0x9e, 0xf7,
        0x9e, 0xf7, 0x9e, 0xf7, 0x9e, 0xf7, 0x9e, 0xf7, 0x9e, 0xf7, 0x9e, 0xf7,
        0x9e, 0xf7, 0x9e, 0xf7, 0x9e, 0xf7, 0x9e, 0xf7, 0x9e, 0xf7, 0x9e, 0xf7,
        0x9e, 0xf7, 0x9e, 0xf7, 0x9e, 0xf7, 0x9e, 0xf7, 0x9e, 0xf7, 0x9e, 0xf7,
        0x9e, 0xf7, 0x9e, 0xf7, 0x9e, 0xf7, 0x9e, 0xf7, 0x9e, 0xf7, 0x9e, 0xf7,
        0x9e, 0xf7, 0x9e, 0xf7, 0x9e, 0xf7, 0x9e, 0xf7, 0x9e, 0xf7, 0x9e, 0xf7,
        0x9e, 0xf7, 0x9e, 0xf7, 0x9e, 0xf7, 0x9e, 0xf7, 0x9e, 0xf7, 0x9e, 0xf7,
        0x9e, 0xf7, 0x9e, 0xf7, 0x9e, 0xf7, 0x9e, 0xf7, 0x9e, 0xf7, 0x9e, 0xf7,
        0x9e, 0xf7, 0x9e, 0xf7, 0x9e, 0xf7, 0x9e, 0xf7, 0x9e, 0xf7, 0x9e, 0xf7,
        0x9e, 0xf7, 0x9e, 0xf7, 0x9e, 0xf7, 0x9e, 0xf7, 0x9e, 0xf7, 0x9e, 0xf7,
        0x9e, 0xf7, 0x9e, 0xf7, 0x9e, 0xf7, 0x9e, 0xf7, 0x9e, 0xf7, 0x9e, 0xf7,
        0x9e, 0xf7, 0x9e, 0xf7, 0x9e, 0xf7, 0x9e, 0xf7, 0x9e, 0xf7, 0x9e, 0xf7,
        0x9e, 0xf7, 0x9e, 0xf7, 0x9e, 0xf7, 0x9e, 0xf7, 0x9e, 0xf7, 0x9e, 0xf7,
        0x9e, 0xf7, 0x9e, 0xf7, 0x9e, 0xf7, 0x9e, 0xf7, 0x9e, 0xf7, 0x9e, 0xf7,
        0x9e, 0xf7, 0x9e, 0xf7, 0x9e, 0xf7, 0x9e, 0xf7, 0x9e, 0xf7, 0x9e, 0xf7,
        0x9e, 0xf7, 0x9e, 0xf7, 0x9e, 0xf7, 0x9e, 0xf7, 0x9e, 0xf7, 0x9e, 0xf7,
        0x9e, 0xf7, 0x9e, 0xf7, 0x9e, 0xf7, 0x9e, 0xf7, 0x9e, 0xf7, 0x9e, 0xf7,
        0x9e, 0xf7, 0x9e, 0xf7, 0x9e, 0xf7, 0x9e, 0xf7, 0x9e, 0xf7, 0x9e, 0xf7,
        0x9e, 0xf7, 0x9e, 0xf7, 0x9e, 0xf7, 0x9e, 0xf7, 0x9e, 0xf7, 0x9e, 0xf7,
        0x9e, 0xf7, 0x9e, 0xf7, 0x9e, 0xf7, 0x9e, 0xf7, 0x9e, 0xf7, 0x9e, 0xf7,
        0x9e, 0xf7, 0x9e, 0xf7, 0x9e, 0xf7, 0x9e, 0xf7, 0x9e, 0xf7, 0x9e, 0xf7,
        0x9e, 0xf7, 0x9e, 0xf7, 0x9e, 0xf7, 0x9e, 0xf7, 0x9e, 0xf7, 0x9e, 0xf7,
        0x9e, 0xf7, 0x9e, 0xf7, 0x9e, 0xf7, 0x9e, 0xf7, 0x9e, 0xf7, 0x9e, 0xf7,
        0x9e, 0xf7, 0x9e, 0xf7, 0x9e, 0xf7, 0x9e, 0xf7, 0x9e, 0xf7, 0x9e, 0xf7,
        0x9e, 0xf7, 0x9e, 0xf7, 0x9e, 0xf7, 0x9e, 0xf7, 0x9e, 0xf7, 0x9e, 0xf7,
        0x9e, 0xf7, 0x9e, 0xf7, 0x9e, 0xf7, 0x9e, 0xf7, 0x9e, 0xf7, 0x9e, 0xf7,
        0x9e, 0xf7, 0x9e, 0xf7, 0x9e, 0xf7, 0x9e, 0xf7, 0x9e, 0xf7, 0x9e, 0xf7,
        0x9e, 0xf7, 0x9e, 0xf7, 0x9e, 0xf7, 0x9e, 0xf7, 0x9e, 0xf7, 0x9e, 0xf7,
        0x9e, 0xf7, 0x9e, 0xf7, 0x9e, 0xf7, 0x9e, 0xf7, 0x9e, 0xf7, 0x9e, 0xf7,
        0x9e, 0xf7, 0x9e, 0xf7, 0x9e, 0xf7, 0x9e, 0xf7, 0x9e, 0xf7, 0x9e, 0xf7,
        0x9e, 0xf7, 0x9e, 0xf7, 0x9e, 0xf7, 0x9e, 0xf7, 0x9e, 0xf7, 0x9e, 0xf7,
        0x9e, 0xf7, 0x9e, 0xf7, 0x9e, 0xf7, 0x9e, 0xf7, 0x9e, 0xf7, 0x9e, 0xf7,
        0x9e, 0xf7, 0x9e, 0xf7, 0x9e, 0xf7, 0x9e, 0xf7, 0x9e, 0xf7, 0x9e, 0xf7,
        0x9e, 0xf7, 0x9e, 0xf7, 0x9e, 0xf7, 0x9e, 0xf7, 0x9e, 0xf7, 0x9e, 0xf7,
        0x9e, 0xf7, 0x9e, 0xf7, 0x9e, 0xf7, 0x9e, 0xf7, 0x9e, 0xf7, 0x9e, 0xf7,
        0x9e, 0xf7, 0x9e, 0xf7, 0x9e, 0xf7, 0x9e, 0xf7, 0x9e, 0xf7, 0x9e, 0xf7,
        0x9e, 0xf7, 0x9e, 0xf7, 0x9e, 0xf7, 0x9e, 0xf7, 0x9e, 0xf7, 0x9e, 0xf7,
        0x9e, 0xf7, 0x9e, 0xf7, 0x9e, 0xf7, 0x9e, 0xf7, 0x9e, 0xf7, 0x9e, 0xf7,
        0x9e, 0xf7, 0x9e, 0xf7, 0x9e, 0xf7, 0x9e, 0xf7, 0x9e, 0xf7, 0x9e, 0xf7,
        0x9e, 0xf7, 0x9e, 0xf7, 0x9e, 0xf7, 0x9e, 0xf7, 0x9e, 0xf7, 0x9e, 0xf7,
        0x9e, 0xf7, 0x9e, 0xf7, 0x9e, 0xf7, 0x9e, 0xf7, 0x9e, 0xf7, 0x9e, 0xf7,
        0x9e, 0xf7, 0x9e, 0xf7, 0x9e, 0xf7, 0x9e, 0xf7, 0x9e, 0xf7, 0x9e, 0xf7,
        0x9e, 0xf7, 0x9e, 0xf7, 0x9e, 0xf7, 0x9e, 0xf7, 0x9e, 0xf7, 0x9e, 0xf7,
        0x9e, 0xf7, 0x9e, 0xf7, 0x9e, 0xf7, 0x9e, 0xf7, 0x9e, 0xf7, 0x9e, 0xf7,
        0x9e, 0xf7, 0x9e, 0xf7, 0x9e, 0xf7, 0x9e, 0xf7, 0x9e, 0xf7, 0x9e, 0xf7,
        0x9e, 0xf7, 0x9e, 0xf7, 0x9e, 0xf7, 0x9e, 0xf7, 0x9e, 0xf7, 0x9e, 0xf7,
        0x9e, 0xf7, 0x9e, 0xf7, 0x9e, 0xf7, 0x9e, 0xf7, 0x9e, 0xf7, 0x9e, 0xf7,
        0x9e, 0xf7, 0x9e, 0xf7, 0x9e, 0xf7, 0x9e, 0xf7, 0x9e, 0xf7, 0x9e, 0xf7,
        0x9e, 0xf7, 0x9e, 0xf7, 0x9e, 0xf7, 0x9e, 0xf7, 0x9e, 0xf7, 0x9e, 0xf7,
        0x9e, 0xf7, 0x9e, 0xf7, 0x9e, 0xf7, 0x9e, 0xf7, 0x9e, 0xf7, 0x9e, 0xf7,
        0x9e, 0xf7, 0x9e, 0xf7, 0x9e, 0xf7, 0x9e, 0xf7, 0x9e, 0xf7, 0x9e, 0xf7,
        0x9e, 0xf7, 0x9e, 0xf7, 0x9e, 0xf7, 0x9e, 0xf7, 0x9e, 0xf7, 0x9e, 0xf7,
        0x9e, 0xf7, 0x9e, 0xf7, 0x9e, 0xf7, 0x9e, 0xf7, 0x9e, 0xf7, 0x9e, 0xf7,
        0x9e, 0xf7, 0x9e, 0xf7, 0x9e, 0xf7, 0x9e, 0xf7, 0x9e, 0xf7, 0x9e, 0xf7,
        0x9e, 0xf7, 0x9e, 0xf7, 0x9e, 0xf7, 0x9e, 0xf7, 0x9e, 0xf7, 0x9e, 0xf7,
        0x9e, 0xf7, 0x9e, 0xf7, 0x9e, 0xf7, 0x9e, 0xf7, 0x9e, 0xf7, 0x9e, 0xf7,
        0x9e, 0xf7, 0x9e, 0xf7, 0x9e, 0xf7, 0x9e, 0xf7, 0x9e, 0xf7, 0x9e, 0xf7,
        0x9e, 0xf7, 0x9e, 0xf7, 0x9e, 0xf7, 0x9e, 0xf7, 0x9e, 0xf7, 0x9e, 0xf7,
        0x9e, 0xf7, 0x9e, 0xf7, 0x9e, 0xf7, 0x9e, 0xf7, 0x9e, 0xf7, 0x9e, 0xf7,
        0x9e, 0xf7, 0x9e, 0xf7, 0x9e, 0xf7, 0x9e, 0xf7, 0x9e, 0xf7, 0x9e, 0xf7,
        0x9e, 0xf7, 0x9e, 0xf7, 0x9e, 0xf7, 0x9e, 0xf7, 0x9e, 0xf7, 0x9e, 0xf7,
        0x9e, 0xf7, 0x9e, 0xf7, 0x9e, 0xf7, 0x9e, 0xf7, 0x9e, 0xf7, 0x9e, 0xf7,
        0x9e, 0xf7, 0x9e, 0xf7, 0x9e, 0xf7, 0x9e, 0xf7, 0x9e, 0xf7, 0x9e, 0xf7,
        0x9e, 0xf7, 0x9e, 0xf7, 0x9e, 0xf7, 0x9e, 0xf7, 0x9e, 0xf7, 0x9e, 0xf7,
        0x9e, 0xf7, 0x9e, 0xf7, 0x9e, 0xf7, 0x9e, 0xf7, 0x9e, 0xf7, 0x9e, 0xf7,
        0x9e, 0xf7, 0x9e, 0xf7, 0x9e, 0xf7, 0x9e, 0xf7, 0x9e, 0xf7, 0x9e, 0xf7,
        0x9e, 0xf7, 0x9e, 0xf7, 0x9e, 0xf7, 0x9e, 0xf7, 0x9e, 0xf7, 0x9e, 0xf7,
        0x9e, 0xf7, 0x9e, 0xf7, 0x9e, 0xf7, 0x9e, 0xf7, 0x9e, 0xf7, 0x9e, 0xf7,
        0x9e, 0xf7, 0x9e, 0xf7, 0x9e, 0xf7, 0x9e, 0xf7, 0x9e, 0xf7, 0x9e, 0xf7,
        0x9e, 0xf7, 0x9e, 0xf7, 0x9e, 0xf7, 0x9e, 0xf7, 0x9e, 0xf7, 0x9e, 0xf7,
        0x9e, 0xf7, 0x9e, 0xf7, 0x9e, 0xf7, 0x9e, 0xf7, 0x9e, 0xf7, 0x9e, 0xf7,
        0x9e, 0xf7, 0x9e, 0xf7, 0x9e, 0xf7, 0x9e, 0xf7, 0x9e, 0xf7, 0x9e, 0xf7,
        0x9e, 0xf7, 0x9e, 0xf7, 0x9e, 0xf7, 0x9e, 0xf7, 0x9e, 0xf7, 0x9e, 0xf7,
        0x9e, 0xf7, 0x9e, 0xf7, 0x9e, 0xf7, 0x9e, 0xf7, 0x9e, 0xf7, 0x9e, 0xf7,
        0x9e, 0xf7, 0x9e, 0xf7, 0x9e, 0xf7, 0x9e, 0xf7, 0x9e, 0xf7, 0x9e, 0xf7,
        0x9e, 0xf7, 0x9e, 0xf7, 0x9e, 0xf7, 0x9e, 0xf7, 0x9e, 0xf7, 0x9e, 0xf7,
        0x9e, 0xf7, 0x9e, 0xf7, 0x9e, 0xf7, 0x9e, 0xf7, 0x9e, 0xf7, 0x9e, 0xf7,
        0x9e, 0xf7, 0x9e, 0xf7, 0x9e, 0xf7, 0x9e, 0xf7, 0x9e, 0xf7, 0x9e, 0xf7,
        0x9e, 0xf7, 0x9e, 0xf7, 0x9e, 0xf7, 0x9e, 0xf7, 0x9e, 0xf7, 0x9e, 0xf7,
        0x9e, 0xf7, 0x9e, 0xf7, 0x9e, 0xf7, 0x9e, 0xf7, 0x9e, 0xf7, 0x9e, 0xf7,
        0x9e, 0xf7, 0x9e, 0xf7, 0x9e, 0xf7, 0x9e, 0xf7, 0x9e, 0xf7, 0x9e, 0xf7,
        0x9e, 0xf7, 0x9e, 0xf7, 0x9e, 0xf7, 0x9e, 0xf7, 0x9e, 0xf7, 0x9e, 0xf7,
        0x9e, 0xf7, 0x9e, 0xf7, 0x9e, 0xf7, 0x9e, 0xf7, 0x9e, 0xf7, 0x9e, 0xf7,
        0x9e, 0xf7, 0x9e, 0xf7, 0x9e, 0xf7, 0x9e, 0xf7, 0x9e, 0xf7, 0x9e, 0xf7,
        0x9e, 0xf7, 0x9e, 0xf7, 0x9e, 0xf7, 0x9e, 0xf7, 0x9e, 0xf7, 0x9e, 0xf7,
        0x9e, 0xf7, 0x9e, 0xf7, 0x9e, 0xf7, 0x9e, 0xf7, 0x9e, 0xf7, 0x9e, 0xf7,
        0x9e, 0xf7, 0x9e, 0xf7, 0x9e, 0xf7, 0x9e, 0xf7, 0x9e, 0xf7, 0x9e, 0xf7,
        0x9e, 0xf7, 0x9e, 0xf7, 0x9e, 0xf7, 0x9e, 0xf7, 0x9e, 0xf7, 0x9e, 0xf7,
        0x9e, 0xf7, 0x9e, 0xf7, 0x9e, 0xf7, 0x9e, 0xf7, 0x9e, 0xf7, 0x9e, 0xf7,
        0x9e, 0xf7, 0x9e, 0xf7, 0x9e, 0xf7, 0x9e, 0xf7, 0x9e, 0xf7, 0x9e, 0xf7,
        0x9e, 0xf7, 0x9e, 0xf7, 0x9e, 0xf7, 0x9e, 0xf7, 0x9e, 0xf7, 0x9e, 0xf7,
        0x9e, 0xf7, 0x9e, 0xf7, 0x9e, 0xf7, 0x9e, 0xf7, 0x9e, 0xf7, 0x9e, 0xf7,
        0x9e, 0xf7, 0x9e, 0xf7, 0x9e, 0xf7, 0x9e, 0xf7, 0x9e, 0xf7, 0x9e, 0xf7,
        0x9e, 0xf7, 0x9e, 0xf7, 0x9e, 0xf7, 0x9e, 0xf7, 0x9e, 0xf7, 0x9e, 0xf7,
        0x9e, 0xf7, 0x9e, 0xf7, 0x9e, 0xf7, 0x9e, 0xf7, 0x9e, 0xf7, 0x9e, 0xf7,
        0x9e, 0xf7, 0x9e, 0xf7, 0x9e, 0xf7, 0x9e, 0xf7, 0x9e, 0xf7, 0x9e, 0xf7,
        0x9e, 0xf7, 0x9e, 0xf7, 0x9e, 0xf7, 0x9e, 0xf7, 0x9e, 0xf7, 0x9e, 0xf7,
        0x9e, 0xf7, 0x9e, 0xf7, 0x9e, 0xf7, 0x9e, 0xf7, 0x9e, 0xf7, 0x9e, 0xf7,
        0x9e, 0xf7, 0x9e, 0xf7, 0x9e, 0xf7, 0x9e, 0xf7, 0x9e, 0xf7, 0x9e, 0xf7,
        0x9e, 0xf7, 0x9e, 0xf7, 0x9e, 0xf7, 0x9e, 0xf7, 0x9e, 0xf7, 0x9e, 0xf7,
        0x9e, 0xf7, 0x9e, 0xf7, 0x9e, 0xf7, 0x9e, 0xf7, 0x9e, 0xf7, 0x9e, 0xf7,
        0x9e, 0xf7, 0x9e, 0xf7, 0x9e, 0xf7, 0x9e, 0xf7, 0x9e, 0xf7, 0x9e, 0xf7,
        0x9e, 0xf7, 0x9e, 0xf7, 0x9e, 0xf7, 0x9e, 0xf7, 0x9e, 0xf7, 0x9e, 0xf7,
        0x9e, 0xf7, 0x9e, 0xf7, 0x9e, 0xf7, 0x9e, 0xf7, 0x9e, 0xf7, 0x9e, 0xf7,
        0x9e, 0xf7, 0x9e, 0xf7, 0x9e, 0xf7, 0x9e, 0xf7, 0x9e, 0xf7, 0x9e, 0xf7,
        0x9e, 0xf7, 0x9e, 0xf7, 0x9e, 0xf7, 0x9e, 0xf7, 0x9e, 0xf7, 0x9e, 0xf7,
        0x9e, 0xf7, 0x9e, 0xf7, 0x9e, 0xf7, 0x9e, 0xf7, 0x9e, 0xf7, 0x9e, 0xf7,
        0x9e, 0xf7, 0x9e, 0xf7, 0x9e, 0xf7, 0x9e, 0xf7, 0x9e, 0xf7, 0x9e, 0xf7,
        0x9e, 0xf7, 0x9e, 0xf7, 0x9e, 0xf7, 0x9e, 0xf7, 0x9e, 0xf7, 0x9e, 0xf7,
        0x9e, 0xf7, 0x9e, 0xf7, 0x9e, 0xf7, 0x9e, 0xf7, 0x9e, 0xf7, 0x9e, 0xf7,
        0x9e, 0xf7, 0x9e, 0xf7, 0x9e, 0xf7, 0x9e, 0xf7, 0x9e, 0xf7, 0x9e, 0xf7,
        0x9e, 0xf7, 0x9e, 0xf7, 0x9e, 0xf7, 0x9e, 0xf7, 0x9e, 0xf7, 0x9e, 0xf7,
        0x9e, 0xf7, 0x9e, 0xf7, 0x9e, 0xf7, 0x9e, 0xf7, 0x9e, 0xf7, 0x9e, 0xf7,
        0x9e, 0xf7, 0x9e, 0xf7, 0x9e, 0xf7, 0x9e, 0xf7, 0x9e, 0xf7, 0x9e, 0xf7,
        0x9e, 0xf7, 0x9e, 0xf7, 0x9e, 0xf7, 0x9e, 0xf7, 0x9e, 0xf7, 0x9e, 0xf7,
        0x9e, 0xf7, 0x9e, 0xf7, 0x9e, 0xf7, 0x9e, 0xf7, 0x9e, 0xf7, 0x9e, 0xf7,
        0x9e, 0xf7, 0x9e, 0xf7, 0x9e, 0xf7, 0x9e, 0xf7, 0x9e, 0xf7, 0x9e, 0xf7,
        0x9e, 0xf7, 0x9e, 0xf7, 0x9e, 0xf7, 0x9e, 0xf7, 0x9e, 0xf7, 0x9e, 0xf7,
        0x9e, 0xf7, 0x9e, 0xf7, 0xf7, 0xe6, 0xf7, 0xe6, 0x9e, 0xf7, 0x9e, 0xf7,
        0x9e, 0xf7, 0x9e, 0xf7, 0x9e, 0xf7, 0x9e, 0xf7, 0x9e, 0xf7, 0x9e, 0xf7,
        0x9e, 0xf7, 0x9e, 0xf7, 0x9e, 0xf7, 0x9e, 0xf7, 0x9e, 0xf7, 0x9e, 0xf7,
        0x9e, 0xf7, 0x9e, 0xf7, 0x9e, 0xf7, 0x9e, 0xf7, 0x9e, 0xf7, 0x9e, 0xf7,
        0x9e, 0xf7, 0x9e, 0xf7, 0x9e, 0xf7, 0x9e, 0xf7, 0x9e, 0xf7, 0x9e, 0xf7,
        0x9e, 0xf7, 0x9e, 0xf7, 0x9e, 0xf7, 0x9e, 0xf7, 0x9e, 0xf7, 0x9e, 0xf7,
        0x9e, 0xf7, 0x9e, 0xf7, 0x9e, 0xf7, 0x9e, 0xf7, 0x9e, 0xf7, 0x9e, 0xf7,
        0x9e, 0xf7, 0x9e, 0xf7, 0x9e, 0xf7, 0x9e, 0xf7, 0x9e, 0xf7, 0x9e, 0xf7,
        0x9e, 0xf7, 0x9e, 0xf7, 0x9e, 0xf7, 0x9e, 0xf7, 0x9e, 0xf7, 0x9e, 0xf7,
        0x9e, 0xf7, 0x9e, 0xf7, 0x9e, 0xf7, 0x9e, 0xf7, 0x9e, 0xf7, 0x9e, 0xf7,
        0x9e, 0xf7, 0x9e, 0xf7, 0x9e, 0xf7, 0x9e, 0xf7, 0x9e, 0xf7, 0x9e, 0xf7,
        0x9e, 0xf7, 0x9e, 0xf7, 0x9e, 0xf7, 0x9e, 0xf7, 0x9e, 0xf7, 0x9e, 0xf7,
        0x9e, 0xf7, 0x9e, 0xf7, 0x9e, 0xf7, 0x9e, 0xf7, 0x9e, 0xf7, 0x9e, 0xf7,
        0x9e, 0xf7, 0x9e, 0xf7, 0x9e, 0xf7, 0x9e, 0xf7, 0x9e, 0xf7, 0x9e, 0xf7,
        0x9e, 0xf7, 0x9e, 0xf7, 0x9e, 0xf7, 0x9e, 0xf7, 0x9e, 0xf7, 0x9e, 0xf7,
        0x9e, 0xf7, 0x9e, 0xf7, 0x9e, 0xf7, 0x9e, 0xf7, 0x9e, 0xf7, 0x9e, 0xf7,
        0x9e, 0xf7, 0x9e, 0xf7, 0x9e, 0xf7, 0x9e, 0xf7, 0x9e, 0xf7, 0x9e, 0xf7,
        0x9e, 0xf7, 0x9e, 0xf7, 0x9e, 0xf7, 0x9e, 0xf7, 0x9e, 0xf7, 0x9e, 0xf7,
        0x9e, 0xf7, 0x9e, 0xf7, 0x9e, 0xf7, 0x9e, 0xf7, 0x9e, 0xf7, 0x9e, 0xf7,
        0x9e, 0xf7, 0x9e, 0xf7, 0x9e, 0xf7, 0x9e, 0xf7, 0x9e, 0xf7, 0x9e, 0xf7,
        0x9e, 0xf7, 0x9e, 0xf7, 0x9e, 0xf7, 0x9e, 0xf7, 0x9e, 0xf7, 0x9e, 0xf7,
        0x9e, 0xf7, 0x9e, 0xf7, 0x9e, 0xf7, 0x9e, 0xf7, 0x9e, 0xf7, 0x9e, 0xf7,
        0x9e, 0xf7, 0x9e, 0xf7, 0x9e, 0xf7, 0x9e, 0xf7, 0x9e, 0xf7, 0x9e, 0xf7,
        0x9e, 0xf7, 0x9e, 0xf7, 0x9e, 0xf7, 0x9e, 0xf7, 0x9e, 0xf7, 0x9e, 0xf7,
        0x9e, 0xf7, 0x9e, 0xf7, 0x9e, 0xf7, 0x9e, 0xf7, 0x9e, 0xf7, 0x9e, 0xf7,
        0x19, 0xef, 0xea, 0xd5, 0x63, 0xcd, 0x63, 0xcd, 0xea, 0xd5, 0xf7, 0xe6,
        0x9e, 0xf7, 0x9e, 0xf7, 0x9e, 0xf7, 0x9e, 0xf7, 0x9e, 0xf7, 0x9e, 0xf7,
        0x9e, 0xf7, 0x9e, 0xf7, 0x9e, 0xf7, 0x9e, 0xf7, 0x9e, 0xf7, 0x9e, 0xf7,
        0x9e, 0xf7, 0x9e, 0xf7, 0x9e, 0xf7, 0x9e, 0xf7, 0x9e, 0xf7, 0x9e, 0xf7,
        0x9e, 0xf7, 0x9e, 0xf7, 0x9e, 0xf7, 0x9e, 0xf7, 0x9e, 0xf7, 0x9e, 0xf7,
        0x9e, 0xf7, 0x9e, 0xf7, 0x9e, 0xf7, 0x9e, 0xf7, 0x9e, 0xf7, 0x9e, 0xf7,
        0x9e, 0xf7, 0x9e, 0xf7, 0x9e, 0xf7, 0x9e, 0xf7, 0x9e, 0xf7, 0x9e, 0xf7,
        0x9e, 0xf7, 0x9e, 0xf7, 0x9e, 0xf7, 0x9e, 0xf7, 0x9e, 0xf7, 0x9e, 0xf7,
        0x9e, 0xf7, 0x9e, 0xf7, 0x9e, 0xf7, 0x9e, 0xf7, 0x9e, 0xf7, 0x9e, 0xf7,
        0x9e, 0xf7, 0x9e, 0xf7, 0x9e, 0xf7, 0x9e, 0xf7, 0x9e, 0xf7, 0x9e, 0xf7,
        0x9e, 0xf7, 0x9e, 0xf7, 0x9e, 0xf7, 0x9e, 0xf7, 0x9e, 0xf7, 0x9e, 0xf7,
        0x9e, 0xf7, 0x9e, 0xf7, 0x9e, 0xf7, 0x9e, 0xf7, 0x9e, 0xf7, 0x9e, 0xf7,
        0x9e, 0xf7, 0x9e, 0xf7, 0x9e, 0xf7, 0x9e, 0xf7, 0x9e, 0xf7, 0x9e, 0xf7,
        0x9e, 0xf7, 0x9e, 0xf7, 0x9e, 0xf7, 0x9e, 0xf7, 0x9e, 0xf7, 0x9e, 0xf7,
        0x9e, 0xf7, 0x9e, 0xf7, 0x9e, 0xf7, 0x9e, 0xf7, 0x9e, 0xf7, 0x9e, 0xf7,
        0x9e, 0xf7, 0x9e, 0xf7, 0x9e, 0xf7, 0x9e, 0xf7, 0x9e, 0xf7, 0x9e, 0xf7,
        0x9e, 0xf7, 0x9e, 0xf7, 0x9e, 0xf7, 0x9e, 0xf7, 0x9e, 0xf7, 0x9e, 0xf7,
        0x9e, 0xf7, 0x9e, 0xf7, 0x9e, 0xf7, 0x9e, 0xf7, 0x9e, 0xf7, 0x9e, 0xf7,
        0x9e, 0xf7, 0x9e, 0xf7, 0x9e, 0xf7, 0x9e, 0xf7, 0x9e, 0xf7, 0x9e, 0xf7,
        0x9e, 0xf7, 0x9e, 0xf7, 0x9e, 0xf7, 0x9e, 0xf7, 0x9e, 0xf7, 0x9e, 0xf7,
        0x9e, 0xf7, 0x9e, 0xf7, 0x9e, 0xf7, 0x9e, 0xf7, 0x9e, 0xf7, 0x9e, 0xf7,
        0x9e, 0xf7, 0x9e, 0xf7, 0x9e, 0xf7, 0x9e, 0xf7, 0x9e, 0xf7, 0x9e, 0xf7,
        0x9e, 0xf7, 0x9e, 0xf7, 0x9e, 0xf7, 0x9e, 0xf7, 0x9e, 0xf7, 0x9e, 0xf7,
        0x9e, 0xf7, 0x9e, 0xf7, 0x9e, 0xf7, 0x9e, 0xf7, 0x9e, 0xf7, 0x9e, 0xf7,
        0x9e, 0xf7, 0x9e, 0xf7, 0x9e, 0xf7, 0x9e, 0xf7, 0x3a, 0xef, 0x2d, 0xd6,
        0x63, 0xcd, 0x63, 0xcd, 0x63, 0xcd, 0x63, 0xcd, 0x63, 0xcd, 0x63, 0xcd,
        0xea, 0xd5, 0xf7, 0xe6, 0x9e, 0xf7, 0x9e, 0xf7, 0x9e, 0xf7, 0x9e, 0xf7,
        0x9e, 0xf7, 0x9e, 0xf7, 0x9e, 0xf7, 0x9e, 0xf7, 0x9e, 0xf7, 0x9e, 0xf7,
        0x9e, 0xf7, 0x9e, 0xf7, 0x9e, 0xf7, 0x9e, 0xf7, 0x9e, 0xf7, 0x9e, 0xf7,
        0x9e, 0xf7, 0x9e, 0xf7, 0x9e, 0xf7, 0x9e, 0xf7, 0x9e, 0xf7, 0x9e, 0xf7,
        0x9e, 0xf7, 0x9e, 0xf7, 0x9e, 0xf7, 0x9e, 0xf7, 0x9e, 0xf7, 0x9e, 0xf7,
        0x9e, 0xf7, 0x9e, 0xf7, 0x9e, 0xf7, 0x9e, 0xf7, 0x9e, 0xf7, 0x9e, 0xf7,
        0x9e, 0xf7, 0x9e, 0xf7, 0x9e, 0xf7, 0x9e, 0xf7, 0x9e, 0xf7, 0x9e, 0xf7,
        0x9e, 0xf7, 0x9e, 0xf7, 0x9e, 0xf7, 0x9e, 0xf7, 0x9e, 0xf7, 0x9e, 0xf7,
        0x9e, 0xf7, 0x9e, 0xf7, 0x9e, 0xf7, 0x9e, 0xf7, 0x9e, 0xf7, 0x9e, 0xf7,
        0x9e, 0xf7, 0x9e, 0xf7, 0x9e, 0xf7, 0x9e, 0xf7, 0x9e, 0xf7, 0x9e, 0xf7,
        0x9e, 0xf7, 0x9e, 0xf7, 0x9e, 0xf7, 0x9e, 0xf7, 0x9e, 0xf7, 0x9e, 0xf7,
        0x9e, 0xf7, 0x9e, 0xf7, 0x9e, 0xf7, 0x9e, 0xf7, 0x9e, 0xf7, 0x9e, 0xf7,
        0x9e, 0xf7, 0x9e, 0xf7, 0x9e, 0xf7, 0x9e, 0xf7, 0x9e, 0xf7, 0x9e, 0xf7,
        0x9e, 0xf7, 0x9e, 0xf7, 0x9e, 0xf7, 0x9e, 0xf7, 0x9e, 0xf7, 0x9e, 0xf7,
        0x9e, 0xf7, 0x9e, 0xf7, 0x9e, 0xf7, 0x9e, 0xf7, 0x9e, 0xf7, 0x9e, 0xf7,
        0x9e, 0xf7, 0x9e, 0xf7, 0x9e, 0xf7, 0x9e, 0xf7, 0x9e, 0xf7, 0x9e, 0xf7,
        0x9e, 0xf7, 0x9e, 0xf7, 0x9e, 0xf7, 0x9e, 0xf7, 0x9e, 0xf7, 0x9e, 0xf7,
        0x9e, 0xf7, 0x9e, 0xf7, 0x9e, 0xf7, 0x9e, 0xf7, 0x9e, 0xf7, 0x9e, 0xf7,
        0x9e, 0xf7, 0x9e, 0xf7, 0x9e, 0xf7, 0x9e, 0xf7, 0x9e, 0xf7, 0x9e, 0xf7,
        0x9e, 0xf7, 0x9e, 0xf7, 0x9e, 0xf7, 0x9e, 0xf7, 0x9e, 0xf7, 0x9e, 0xf7,
        0x9e, 0xf7, 0x9e, 0xf7, 0x9e, 0xf7, 0x9e, 0xf7, 0x9e, 0xf7, 0x9e, 0xf7,
        0x9e, 0xf7, 0x9e, 0xf7, 0x9e, 0xf7, 0x9e, 0xf7, 0x9e, 0xf7, 0x9e, 0xf7,
        0x9e, 0xf7, 0x9e, 0xf7, 0x9e, 0xf7, 0x9e, 0xf7, 0x9e, 0xf7, 0x9e, 0xf7,
        0x9e, 0xf7, 0x9e, 0xf7, 0x3a, 0xef, 0x2d, 0xd6, 0x63, 0xcd, 0x63, 0xcd,
        0x63, 0xcd, 0x63, 0xcd, 0x63, 0xcd, 0x63, 0xcd, 0x63, 0xcd, 0x63, 0xcd,
        0x63, 0xcd, 0x63, 0xcd, 0xea, 0xd5, 0xf7, 0xe6, 0x9e, 0xf7, 0x9e, 0xf7,
        0x9e, 0xf7, 0x9e, 0xf7, 0x9e, 0xf7, 0x9e, 0xf7, 0x9e, 0xf7, 0x9e, 0xf7,
        0x9e, 0xf7, 0x9e, 0xf7, 0x9e, 0xf7, 0x9e, 0xf7, 0x9e, 0xf7, 0x9e, 0xf7,
        0x9e, 0xf7, 0x9e, 0xf7, 0x9e, 0xf7, 0x9e, 0xf7, 0x9e, 0xf7, 0x9e, 0xf7,
        0x9e, 0xf7, 0x9e, 0xf7, 0x9e, 0xf7, 0x9e, 0xf7, 0x9e, 0xf7, 0x9e, 0xf7,
        0x9e, 0xf7, 0x9e, 0xf7, 0x9e, 0xf7, 0x9e, 0xf7, 0x9e, 0xf7, 0x9e, 0xf7,
        0x9e, 0xf7, 0x9e, 0xf7, 0x9e, 0xf7, 0x9e, 0xf7, 0x9e, 0xf7, 0x9e, 0xf7,
        0x9e, 0xf7, 0x9e, 0xf7, 0x9e, 0xf7, 0x9e, 0xf7, 0x9e, 0xf7, 0x9e, 0xf7,
        0x9e, 0xf7, 0x9e, 0xf7, 0x9e, 0xf7, 0x9e, 0xf7, 0x9e, 0xf7, 0x9e, 0xf7,
        0x9e, 0xf7, 0x9e, 0xf7, 0x9e, 0xf7, 0x9e, 0xf7, 0x9e, 0xf7, 0x9e, 0xf7,
        0x9e, 0xf7, 0x9e, 0xf7, 0x9e, 0xf7, 0x9e, 0xf7, 0x9e, 0xf7, 0x9e, 0xf7,
        0x9e, 0xf7, 0x9e, 0xf7, 0x9e, 0xf7, 0x9e, 0xf7, 0x9e, 0xf7, 0x9e, 0xf7,
        0x9e, 0xf7, 0x9e, 0xf7, 0x9e, 0xf7, 0x9e, 0xf7, 0x9e, 0xf7, 0x9e, 0xf7,
        0x9e, 0xf7, 0x9e, 0xf7, 0x9e, 0xf7, 0x9e, 0xf7, 0x9e, 0xf7, 0x9e, 0xf7,
        0x9e, 0xf7, 0x9e, 0xf7, 0x9e, 0xf7, 0x9e, 0xf7, 0x9e, 0xf7, 0x9e, 0xf7,
        0x9e, 0xf7, 0x9e, 0xf7, 0x9e, 0xf7, 0x9e, 0xf7, 0x9e, 0xf7, 0x9e, 0xf7,
        0x9e, 0xf7, 0x9e, 0xf7, 0x9e, 0xf7, 0x9e, 0xf7, 0x9e, 0xf7, 0x9e, 0xf7,
        0x9e, 0xf7, 0x9e, 0xf7, 0x9e, 0xf7, 0x9e, 0xf7, 0x9e, 0xf7, 0x9e, 0xf7,
        0x9e, 0xf7, 0x9e, 0xf7, 0x9e, 0xf7, 0x9e, 0xf7, 0x9e, 0xf7, 0x9e, 0xf7,
        0x9e, 0xf7, 0x9e, 0xf7, 0x9e, 0xf7, 0x9e, 0xf7, 0x9e, 0xf7, 0x9e, 0xf7,
        0x9e, 0xf7, 0x9e, 0xf7, 0x9e, 0xf7, 0x9e, 0xf7, 0x9e, 0xf7, 0x9e, 0xf7,
        0x9e, 0xf7, 0x9e, 0xf7, 0x9e, 0xf7, 0x9e, 0xf7, 0x9e, 0xf7, 0x9e, 0xf7,
        0x9e, 0xf7, 0x9e, 0xf7, 0x9e, 0xf7, 0x9e, 0xf7, 0x9e, 0xf7, 0x9e, 0xf7,
        0x3a, 0xef, 0x2d, 0xd6, 0x63, 0xcd, 0x63, 0xcd, 0x63, 0xcd, 0x63, 0xcd,
        0x63, 0xcd, 0x63, 0xcd, 0x63, 0xcd, 0x63, 0xcd, 0x63, 0xcd, 0x63, 0xcd,
        0x63, 0xcd, 0x63, 0xcd, 0x63, 0xcd, 0x63, 0xcd, 0xea, 0xd5, 0xf7, 0xe6,
        0x9e, 0xf7, 0x9e, 0xf7, 0x9e, 0xf7, 0x9e, 0xf7, 0x9e, 0xf7, 0x9e, 0xf7,
        0x9e, 0xf7, 0x9e, 0xf7, 0x9e, 0xf7, 0x9e, 0xf7, 0x9e, 0xf7, 0x9e, 0xf7,
        0x9e, 0xf7, 0x9e, 0xf7, 0x9e, 0xf7, 0x9e, 0xf7, 0x9e, 0xf7, 0x9e, 0xf7,
        0x9e, 0xf7, 0x9e, 0xf7, 0x9e, 0xf7, 0x9e, 0xf7, 0x9e, 0xf7, 0x9e, 0xf7,
        0x9e, 0xf7, 0x9e, 0xf7, 0x9e, 0xf7, 0x9e, 0xf7, 0x9e, 0xf7, 0x9e, 0xf7,
        0x9e, 0xf7, 0x9e, 0xf7, 0x9e, 0xf7, 0x9e, 0xf7, 0x9e, 0xf7, 0x9e, 0xf7,
        0x9e, 0xf7, 0x9e, 0xf7, 0x9e, 0xf7, 0x9e, 0xf7, 0x9e, 0xf7, 0x9e, 0xf7,
        0x9e, 0xf7, 0x9e, 0xf7, 0x9e, 0xf7, 0x9e, 0xf7, 0x9e, 0xf7, 0x9e, 0xf7,
        0x9e, 0xf7, 0x9e, 0xf7, 0x9e, 0xf7, 0x9e, 0xf7, 0x9e, 0xf7, 0x9e, 0xf7,
        0x9e, 0xf7, 0x9e, 0xf7, 0x9e, 0xf7, 0x9e, 0xf7, 0x9e, 0xf7, 0x9e, 0xf7,
        0x9e, 0xf7, 0x9e, 0xf7, 0x9e, 0xf7, 0x9e, 0xf7, 0x9e, 0xf7, 0x9e, 0xf7,
        0x9e, 0xf7, 0x9e, 0xf7, 0x9e, 0xf7, 0x9e, 0xf7, 0x9e, 0xf7, 0x9e, 0xf7,
        0x9e, 0xf7, 0x9e, 0xf7, 0x9e, 0xf7, 0x9e, 0xf7, 0x9e, 0xf7, 0x9e, 0xf7,
        0x9e, 0xf7, 0x9e, 0xf7, 0x9e, 0xf7, 0x9e, 0xf7, 0x9e, 0xf7, 0x9e, 0xf7,
        0x9e, 0xf7, 0x9e, 0xf7, 0x9e, 0xf7, 0x9e, 0xf7, 0x9e, 0xf7, 0x9e, 0xf7,
        0x9e, 0xf7, 0x9e, 0xf7, 0x9e, 0xf7, 0x9e, 0xf7, 0x9e, 0xf7, 0x9e, 0xf7,
        0x9e, 0xf7, 0x9e, 0xf7, 0x9e, 0xf7, 0x9e, 0xf7, 0x9e, 0xf7, 0x9e, 0xf7,
        0x9e, 0xf7, 0x9e, 0xf7, 0x9e, 0xf7, 0x9e, 0xf7, 0x9e, 0xf7, 0x9e, 0xf7,
        0x9e, 0xf7, 0x9e, 0xf7, 0x9e, 0xf7, 0x9e, 0xf7, 0x9e, 0xf7, 0x9e, 0xf7,
        0x9e, 0xf7, 0x9e, 0xf7, 0x9e, 0xf7, 0x9e, 0xf7, 0x9e, 0xf7, 0x9e, 0xf7,
        0x9e, 0xf7, 0x9e, 0xf7, 0x9e, 0xf7, 0x9e, 0xf7, 0x9e, 0xf7, 0x9e, 0xf7,
        0x9e, 0xf7, 0x9e, 0xf7, 0x9e, 0xf7, 0x9e, 0xf7, 0x3a, 0xef, 0x2d, 0xd6,
        0x63, 0xcd, 0x63, 0xcd, 0x63, 0xcd, 0x63, 0xcd, 0x63, 0xcd, 0x63, 0xcd,
        0x63, 0xcd, 0x63, 0xcd, 0x63, 0xcd, 0x63, 0xcd, 0x63, 0xcd, 0x63, 0xcd,
        0x63, 0xcd, 0x63, 0xcd, 0x63, 0xcd, 0x63, 0xcd, 0x63, 0xcd, 0x63, 0xcd,
        0xea, 0xd5, 0xf7, 0xe6, 0x9e, 0xf7, 0x9e, 0xf7, 0x9e, 0xf7, 0x9e, 0xf7,
        0x9e, 0xf7, 0x9e, 0xf7, 0x9e, 0xf7, 0x9e, 0xf7, 0x9e, 0xf7, 0x9e, 0xf7,
        0x9e, 0xf7, 0x9e, 0xf7, 0x9e, 0xf7, 0x9e, 0xf7, 0x9e, 0xf7, 0x9e, 0xf7,
        0x9e, 0xf7, 0x9e, 0xf7, 0x9e, 0xf7, 0x9e, 0xf7, 0x9e, 0xf7, 0x9e, 0xf7,
        0x9e, 0xf7, 0x9e, 0xf7, 0x9e, 0xf7, 0x9e, 0xf7, 0x9e, 0xf7, 0x9e, 0xf7,
        0x9e, 0xf7, 0x9e, 0xf7, 0x9e, 0xf7, 0x9e, 0xf7, 0x9e, 0xf7, 0x9e, 0xf7,
        0x9e, 0xf7, 0x9e, 0xf7, 0x9e, 0xf7, 0x9e, 0xf7, 0x9e, 0xf7, 0x9e, 0xf7,
        0x9e, 0xf7, 0x9e, 0xf7, 0x9e, 0xf7, 0x9e, 0xf7, 0x9e, 0xf7, 0x9e, 0xf7,
        0x9e, 0xf7, 0x9e, 0xf7, 0x9e, 0xf7, 0x9e, 0xf7, 0x9e, 0xf7, 0x9e, 0xf7,
        0x9e, 0xf7, 0x9e, 0xf7, 0x9e, 0xf7, 0x9e, 0xf7, 0x9e, 0xf7, 0x9e, 0xf7,
        0x9e, 0xf7, 0x9e, 0xf7, 0x9e, 0xf7, 0x9e, 0xf7, 0x9e, 0xf7, 0x9e, 0xf7,
        0x9e, 0xf7, 0x9e, 0xf7, 0x9e, 0xf7, 0x9e, 0xf7, 0x9e, 0xf7, 0x9e, 0xf7,
        0x9e, 0xf7, 0x9e, 0xf7, 0x9e, 0xf7, 0x9e, 0xf7, 0x9e, 0xf7, 0x9e, 0xf7,
        0x9e, 0xf7, 0x9e, 0xf7, 0x9e, 0xf7, 0x9e, 0xf7, 0x9e, 0xf7, 0x9e, 0xf7,
        0x9e, 0xf7, 0x9e, 0xf7, 0x9e, 0xf7, 0x9e, 0xf7, 0x9e, 0xf7, 0x9e, 0xf7,
        0x9e, 0xf7, 0x9e, 0xf7, 0x9e, 0xf7, 0x9e, 0xf7, 0x9e, 0xf7, 0x9e, 0xf7,
        0x9e, 0xf7, 0x9e, 0xf7, 0x9e, 0xf7, 0x9e, 0xf7, 0x9e, 0xf7, 0x9e, 0xf7,
        0x9e, 0xf7, 0x9e, 0xf7, 0x9e, 0xf7, 0x9e, 0xf7, 0x9e, 0xf7, 0x9e, 0xf7,
        0x9e, 0xf7, 0x9e, 0xf7, 0x9e, 0xf7, 0x9e, 0xf7, 0x9e, 0xf7, 0x9e, 0xf7,
        0x9e, 0xf7, 0x9e, 0xf7, 0x9e, 0xf7, 0x9e, 0xf7, 0x9e, 0xf7, 0x9e, 0xf7,
        0x9e, 0xf7, 0x9e, 0xf7, 0x9e, 0xf7, 0x9e, 0xf7, 0x9e, 0xf7, 0x9e, 0xf7,
        0x9e, 0xf7, 0x9e, 0xf7, 0x3a, 0xef, 0x2d, 0xd6, 0x63, 0xcd, 0x63, 0xcd,
        0x63, 0xcd, 0x63, 0xcd, 0x63, 0xcd, 0x63, 0xcd, 0x63, 0xcd, 0x63, 0xcd,
        0x63, 0xcd, 0x63, 0xcd, 0x63, 0xcd, 0x63, 0xcd, 0x63, 0xcd, 0x63, 0xcd,
        0x63, 0xcd, 0x63, 0xcd, 0x63, 0xcd, 0x63, 0xcd, 0x63, 0xcd, 0x63, 0xcd,
        0x63, 0xcd, 0x63, 0xcd, 0x2d, 0xde, 0x3a, 0xef, 0x9e, 0xf7, 0x9e, 0xf7,
        0x9e, 0xf7, 0x9e, 0xf7, 0x9e, 0xf7, 0x9e, 0xf7, 0x9e, 0xf7, 0x9e, 0xf7,
        0x9e, 0xf7, 0x9e, 0xf7, 0x9e, 0xf7, 0x9e, 0xf7, 0x9e, 0xf7, 0x9e, 0xf7,
        0x9e, 0xf7, 0x9e, 0xf7, 0x9e, 0xf7, 0x9e, 0xf7, 0x9e, 0xf7, 0x9e, 0xf7,
        0x9e, 0xf7, 0x9e, 0xf7, 0x9e, 0xf7, 0x9e, 0xf7, 0x9e, 0xf7, 0x9e, 0xf7,
        0x9e, 0xf7, 0x9e, 0xf7, 0x9e, 0xf7, 0x9e, 0xf7, 0x9e, 0xf7, 0x9e, 0xf7,
        0x9e, 0xf7, 0x9e, 0xf7, 0x9e, 0xf7, 0x9e, 0xf7, 0x9e, 0xf7, 0x9e, 0xf7,
        0x9e, 0xf7, 0x9e, 0xf7, 0x9e, 0xf7, 0x9e, 0xf7, 0x9e, 0xf7, 0x9e, 0xf7,
        0x9e, 0xf7, 0x9e, 0xf7, 0x9e, 0xf7, 0x9e, 0xf7, 0x9e, 0xf7, 0x9e, 0xf7,
        0x9e, 0xf7, 0x9e, 0xf7, 0x9e, 0xf7, 0x9e, 0xf7, 0x9e, 0xf7, 0x9e, 0xf7,
        0x9e, 0xf7, 0x9e, 0xf7, 0x9e, 0xf7, 0x9e, 0xf7, 0x9e, 0xf7, 0x9e, 0xf7,
        0x9e, 0xf7, 0x9e, 0xf7, 0x9e, 0xf7, 0x9e, 0xf7, 0x9e, 0xf7, 0x9e, 0xf7,
        0x9e, 0xf7, 0x9e, 0xf7, 0x9e, 0xf7, 0x9e, 0xf7, 0x9e, 0xf7, 0x9e, 0xf7,
        0x9e, 0xf7, 0x9e, 0xf7, 0x9e, 0xf7, 0x9e, 0xf7, 0x9e, 0xf7, 0x9e, 0xf7,
        0x9e, 0xf7, 0x9e, 0xf7, 0x9e, 0xf7, 0x9e, 0xf7, 0x9e, 0xf7, 0x9e, 0xf7,
        0x9e, 0xf7, 0x79, 0xce, 0xf7, 0xbd, 0x79, 0xce, 0x3c, 0xe7, 0x9e, 0xf7,
        0x9e, 0xf7, 0x9e, 0xf7, 0x9e, 0xf7, 0x9e, 0xf7, 0x9e, 0xf7, 0x9e, 0xf7,
        0x9e, 0xf7, 0x9e, 0xf7, 0x9e, 0xf7, 0x9e, 0xf7, 0x9e, 0xf7, 0x9e, 0xf7,
        0x9e, 0xf7, 0x9e, 0xf7, 0x9e, 0xf7, 0x9e, 0xf7, 0x9e, 0xf7, 0x9e, 0xf7,
        0x9e, 0xf7, 0x9e, 0xf7, 0x9e, 0xf7, 0x9e, 0xf7, 0x9e, 0xf7, 0x9e, 0xf7,
        0x9e, 0xf7, 0x9e, 0xf7, 0x9e, 0xf7, 0x9e, 0xf7, 0x9e, 0xf7, 0x9e, 0xf7,
        0x3a, 0xef, 0x2d, 0xd6, 0x63, 0xcd, 0x63, 0xcd, 0x63, 0xcd, 0x63, 0xcd,
        0x63, 0xcd, 0x63, 0xcd, 0x63, 0xcd, 0x63, 0xcd, 0x63, 0xcd, 0x63, 0xcd,
        0x63, 0xcd, 0x63, 0xcd, 0x63, 0xcd, 0x63, 0xcd, 0x63, 0xcd, 0x63, 0xcd,
        0x63, 0xcd, 0x63, 0xcd, 0x63, 0xcd, 0x63, 0xcd, 0x63, 0xcd, 0x63, 0xcd,
        0x63, 0xcd, 0x63, 0xcd, 0x63, 0xcd, 0x63, 0xcd, 0x2d, 0xde, 0x3a, 0xef,
        0x9e, 0xf7, 0x9e, 0xf7, 0x9e, 0xf7, 0x9e, 0xf7, 0x9e, 0xf7, 0x9e, 0xf7,
        0x9e, 0xf7, 0x9e, 0xf7, 0x9e, 0xf7, 0x9e, 0xf7, 0x9e, 0xf7, 0x9e, 0xf7,
        0x9e, 0xf7, 0x9e, 0xf7, 0x9e, 0xf7, 0x9e, 0xf7, 0x9e, 0xf7, 0x9e, 0xf7,
        0x9e, 0xf7, 0x9e, 0xf7, 0x9e, 0xf7, 0x9e, 0xf7, 0x9e, 0xf7, 0x9e, 0xf7,
        0x9e, 0xf7, 0x9e, 0xf7, 0x9e, 0xf7, 0x9e, 0xf7, 0x9e, 0xf7, 0x9e, 0xf7,
        0x9e, 0xf7, 0x9e, 0xf7, 0x9e, 0xf7, 0x9e, 0xf7, 0x9e, 0xf7, 0x9e, 0xf7,
        0x9e, 0xf7, 0x9e, 0xf7, 0x9e, 0xf7, 0x9e, 0xf7, 0x9e, 0xf7, 0x9e, 0xf7,
        0x9e, 0xf7, 0x9e, 0xf7, 0x9e, 0xf7, 0x9e, 0xf7, 0x9e, 0xf7, 0x9e, 0xf7,
        0x9e, 0xf7, 0x9e, 0xf7, 0x9e, 0xf7, 0x9e, 0xf7, 0x9e, 0xf7, 0x9e, 0xf7,
        0x9e, 0xf7, 0x9e, 0xf7, 0x9e, 0xf7, 0x9e, 0xf7, 0x9e, 0xf7, 0x9e, 0xf7,
        0x9e, 0xf7, 0x9e, 0xf7, 0x9e, 0xf7, 0x9e, 0xf7, 0x9e, 0xf7, 0x9e, 0xf7,
        0x9e, 0xf7, 0x9e, 0xf7, 0x9e, 0xf7, 0x9e, 0xf7, 0x9e, 0xf7, 0x9e, 0xf7,
        0x9e, 0xf7, 0x9e, 0xf7, 0x9e, 0xf7, 0x9e, 0xf7, 0x9e, 0xf7, 0x9e, 0xf7,
        0x9e, 0xf7, 0x9e, 0xf7, 0x9e, 0xf7, 0x9e, 0xf7, 0x9e, 0xf7, 0x9e, 0xf7,
        0xb6, 0xb5, 0x2c, 0x63, 0x2c, 0x63, 0x2c, 0x63, 0x10, 0x84, 0x9e, 0xf7,
        0x9e, 0xf7, 0x9e, 0xf7, 0x9e, 0xf7, 0x9e, 0xf7, 0x9e, 0xf7, 0x9e, 0xf7,
        0x9e, 0xf7, 0x9e, 0xf7, 0x9e, 0xf7, 0x9e, 0xf7, 0x9e, 0xf7, 0x9e, 0xf7,
        0x9e, 0xf7, 0x9e, 0xf7, 0x9e, 0xf7, 0x9e, 0xf7, 0x9e, 0xf7, 0x9e, 0xf7,
        0x9e, 0xf7, 0x9e, 0xf7, 0x9e, 0xf7, 0x9e, 0xf7, 0x9e, 0xf7, 0x9e, 0xf7,
        0x9e, 0xf7, 0x9e, 0xf7, 0x9e, 0xf7, 0x9e, 0xf7, 0x3a, 0xef, 0x2d, 0xd6,
        0x63, 0xcd, 0x63, 0xcd, 0x63, 0xcd, 0x63, 0xcd, 0x63, 0xcd, 0x63, 0xcd,
        0x63, 0xcd, 0x63, 0xcd, 0x63, 0xcd, 0x63, 0xcd, 0x63, 0xcd, 0x63, 0xcd,
        0x63, 0xcd, 0x63, 0xcd, 0x63, 0xcd, 0x63, 0xcd, 0x63, 0xcd, 0x63, 0xcd,
        0x63, 0xcd, 0x63, 0xcd, 0x63, 0xcd, 0x63, 0xcd, 0x63, 0xcd, 0x63, 0xcd,
        0x63, 0xcd, 0x63, 0xcd, 0x63, 0xcd, 0x63, 0xcd, 0x63, 0xcd, 0x63, 0xcd,
        0x2d, 0xde, 0x3a, 0xef, 0x9e, 0xf7, 0x9e, 0xf7, 0x9e, 0xf7, 0x9e, 0xf7,
        0x9e, 0xf7, 0x9e, 0xf7, 0x9e, 0xf7, 0x9e, 0xf7, 0x9e, 0xf7, 0x9e, 0xf7,
        0x9e, 0xf7, 0x9e, 0xf7, 0x9e, 0xf7, 0x9e, 0xf7, 0x9e, 0xf7, 0x9e, 0xf7,
        0x9e, 0xf7, 0x9e, 0xf7, 0x9e, 0xf7, 0x9e, 0xf7, 0x9e, 0xf7, 0x9e, 0xf7,
        0x9e, 0xf7, 0x9e, 0xf7, 0x9e, 0xf7, 0x9e, 0xf7, 0x9e, 0xf7, 0x9e, 0xf7,
        0x9e, 0xf7, 0x9e, 0xf7, 0x9e, 0xf7, 0x9e, 0xf7, 0x9e, 0xf7, 0x9e, 0xf7,
        0x9e, 0xf7, 0x9e, 0xf7, 0x9e, 0xf7, 0x9e, 0xf7, 0x9e, 0xf7, 0x9e, 0xf7,
        0x9e, 0xf7, 0x9e, 0xf7, 0x9e, 0xf7, 0x9e, 0xf7, 0x9e, 0xf7, 0x9e, 0xf7,
        0x9e, 0xf7, 0x9e, 0xf7, 0x9e, 0xf7, 0x9e, 0xf7, 0x9e, 0xf7, 0x9e, 0xf7,
        0x9e, 0xf7, 0x9e, 0xf7, 0x9e, 0xf7, 0x9e, 0xf7, 0x9e, 0xf7, 0x9e, 0xf7,
        0x9e, 0xf7, 0x9e, 0xf7, 0x9e, 0xf7, 0x9e, 0xf7, 0x9e, 0xf7, 0x9e, 0xf7,
        0x9e, 0xf7, 0x9e, 0xf7, 0x9e, 0xf7, 0x9e, 0xf7, 0x9e, 0xf7, 0x9e, 0xf7,
        0x9e, 0xf7, 0x9e, 0xf7, 0x9e, 0xf7, 0x9e, 0xf7, 0x9e, 0xf7, 0x9e, 0xf7,
        0x9e, 0xf7, 0x9e, 0xf7, 0x9e, 0xf7, 0x9e, 0xf7, 0x9e, 0xf7, 0x9e, 0xf7,
        0x14, 0xa5, 0x6d, 0x6b, 0x8e, 0x73, 0xef, 0x7b, 0xb2, 0x94, 0x9e, 0xf7,
        0x9e, 0xf7, 0x9e, 0xf7, 0x9e, 0xf7, 0x9e, 0xf7, 0x9e, 0xf7, 0x9e, 0xf7,
        0x9e, 0xf7, 0x9e, 0xf7, 0x9e, 0xf7, 0x9e, 0xf7, 0x9e, 0xf7, 0x9e, 0xf7,
        0x9e, 0xf7, 0x9e, 0xf7, 0x9e, 0xf7, 0x9e, 0xf7, 0x9e, 0xf7, 0x9e, 0xf7,
        0x9e, 0xf7, 0x9e, 0xf7, 0x9e, 0xf7, 0x9e, 0xf7, 0x9e, 0xf7, 0x9e, 0xf7,
        0x9e, 0xf7, 0x9e, 0xf7, 0x3a, 0xef, 0x2d, 0xd6, 0x63, 0xcd, 0x63, 0xcd,
        0x63, 0xcd, 0x63, 0xcd, 0x63, 0xcd, 0x63, 0xcd, 0x63, 0xcd, 0x63, 0xcd,
        0x63, 0xcd, 0x63, 0xcd, 0x63, 0xcd, 0x63, 0xcd, 0x63, 0xcd, 0x63, 0xcd,
        0x63, 0xcd, 0x63, 0xcd, 0x63, 0xcd, 0x63, 0xcd, 0x63, 0xcd, 0x63, 0xcd,
        0x63, 0xcd, 0x63, 0xcd, 0x63, 0xcd, 0x63, 0xcd, 0x63, 0xcd, 0x63, 0xcd,
        0x63, 0xcd, 0x63, 0xcd, 0x63, 0xcd, 0x63, 0xcd, 0x63, 0xcd, 0x63, 0xcd,
        0x63, 0xcd, 0x63, 0xcd, 0x2d, 0xde, 0x3a, 0xef, 0x9e, 0xf7, 0x9e, 0xf7,
        0x9e, 0xf7, 0x9e, 0xf7, 0x9e, 0xf7, 0x9e, 0xf7, 0x9e, 0xf7, 0x9e, 0xf7,
        0x9e, 0xf7, 0x9e, 0xf7, 0x9e, 0xf7, 0x9e, 0xf7, 0x9e, 0xf7, 0x9e, 0xf7,
        0x9e, 0xf7, 0x9e, 0xf7, 0x9e, 0xf7, 0x9e, 0xf7, 0x9e, 0xf7, 0x9e, 0xf7,
        0x9e, 0xf7, 0x9e, 0xf7, 0x9e, 0xf7, 0x9e, 0xf7, 0x9e, 0xf7, 0x9e, 0xf7,
        0x9e, 0xf7, 0x9e, 0xf7, 0x9e, 0xf7, 0x9e, 0xf7, 0x9e, 0xf7, 0x9e, 0xf7,
        0x9e, 0xf7, 0x9e, 0xf7, 0x9e, 0xf7, 0x9e, 0xf7, 0x9e, 0xf7, 0x9e, 0xf7,
        0x9e, 0xf7, 0x9e, 0xf7, 0x9e, 0xf7, 0x9e, 0xf7, 0x9e, 0xf7, 0x9e, 0xf7,
        0x9e, 0xf7, 0x9e, 0xf7, 0x9e, 0xf7, 0x9e, 0xf7, 0x9e, 0xf7, 0x9e, 0xf7,
        0x9e, 0xf7, 0x9e, 0xf7, 0x9e, 0xf7, 0x9e, 0xf7, 0x9e, 0xf7, 0x9e, 0xf7,
        0x9e, 0xf7, 0x9e, 0xf7, 0x9e, 0xf7, 0x9e, 0xf7, 0x9e, 0xf7, 0x9e, 0xf7,
        0x9e, 0xf7, 0x9e, 0xf7, 0x9e, 0xf7, 0x9e, 0xf7, 0x9e, 0xf7, 0x9e, 0xf7,
        0x9e, 0xf7, 0x9e, 0xf7, 0x9e, 0xf7, 0x9e, 0xf7, 0x9e, 0xf7, 0x9e, 0xf7,
        0x9e, 0xf7, 0x9e, 0xf7, 0x9e, 0xf7, 0x9e, 0xf7, 0x9e, 0xf7, 0x9e, 0xf7,
        0x14, 0xa5, 0xef, 0x7b, 0x75, 0xad, 0x3c, 0xe7, 0x34, 0xa5, 0x9e, 0xf7,
        0x9e, 0xf7, 0x9e, 0xf7, 0x9e, 0xf7, 0x9e, 0xf7, 0x9e, 0xf7, 0x9e, 0xf7,
        0x9e, 0xf7, 0x9e, 0xf7, 0x9e, 0xf7, 0x9e, 0xf7, 0x9e, 0xf7, 0x9e, 0xf7,
        0x9e, 0xf7, 0x9e, 0xf7, 0x9e, 0xf7, 0x9e, 0xf7, 0x9e, 0xf7, 0x9e, 0xf7,
        0x9e, 0xf7, 0x9e, 0xf7, 0x9e, 0xf7, 0x9e, 0xf7, 0x9e, 0xf7, 0x9e, 0xf7,
        0x3a, 0xef, 0x2d, 0xd6, 0x63, 0xcd, 0x63, 0xcd, 0x63, 0xcd, 0x63, 0xcd,
        0x63, 0xcd, 0x63, 0xcd, 0x63, 0xcd, 0x63, 0xcd, 0x63, 0xcd, 0x63, 0xcd,
        0x63, 0xcd, 0x63, 0xcd, 0x63, 0xcd, 0x63, 0xcd, 0x63, 0xcd, 0x63, 0xcd,
        0x63, 0xcd, 0x63, 0xcd, 0x63, 0xcd, 0x63, 0xcd, 0x63, 0xcd, 0x63, 0xcd,
        0x63, 0xcd, 0x63, 0xcd, 0x63, 0xcd, 0x63, 0xcd, 0x63, 0xcd, 0x63, 0xcd,
        0x63, 0xcd, 0x63, 0xcd, 0x63, 0xcd, 0x63, 0xcd, 0x63, 0xcd, 0x63, 0xcd,
        0x63, 0xcd, 0x63, 0xcd, 0x63, 0xcd, 0x63, 0xcd, 0x70, 0xde, 0x7c, 0xef,
        0x9e, 0xf7, 0x9e, 0xf7, 0x9e, 0xf7, 0x9e, 0xf7, 0x9e, 0xf7, 0x9e, 0xf7,
        0x9e, 0xf7, 0x9e, 0xf7, 0x9e, 0xf7, 0x9e, 0xf7, 0x9e, 0xf7, 0x9e, 0xf7,
        0x9e, 0xf7, 0x9e, 0xf7, 0x9e, 0xf7, 0x9e, 0xf7, 0x9e, 0xf7, 0x9e, 0xf7,
        0x9e, 0xf7, 0x9e, 0xf7, 0x9e, 0xf7, 0x9e, 0xf7, 0x9e, 0xf7, 0x9e, 0xf7,
        0x9e, 0xf7, 0x9e, 0xf7, 0x9e, 0xf7, 0x9e, 0xf7, 0x9e, 0xf7, 0x9e, 0xf7,
        0x9e, 0xf7, 0x9e, 0xf7, 0x9e, 0xf7, 0x9e, 0xf7, 0x9e, 0xf7, 0x9e, 0xf7,
        0x9e, 0xf7, 0x9e, 0xf7, 0x9e, 0xf7, 0x9e, 0xf7, 0x9e, 0xf7, 0x9e, 0xf7,
        0x9e, 0xf7, 0x9e, 0xf7, 0x9e, 0xf7, 0x9e, 0xf7, 0x9e, 0xf7, 0x9e, 0xf7,
        0x9e, 0xf7, 0x9e, 0xf7, 0x9e, 0xf7, 0x9e, 0xf7, 0x9e, 0xf7, 0x9e, 0xf7,
        0x9e, 0xf7, 0x9e, 0xf7, 0x9e, 0xf7, 0x9e, 0xf7, 0x9e, 0xf7, 0x9e, 0xf7,
        0x9e, 0xf7, 0x9e, 0xf7, 0x9e, 0xf7, 0x9e, 0xf7, 0x9e, 0xf7, 0x9e, 0xf7,
        0x9e, 0xf7, 0x9e, 0xf7, 0x9e, 0xf7, 0x9e, 0xf7, 0x9e, 0xf7, 0x9e, 0xf7,
        0x9e, 0xf7, 0x9e, 0xf7, 0x9e, 0xf7, 0x9e, 0xf7, 0x9e, 0xf7, 0x9e, 0xf7,
        0x14, 0xa5, 0xef, 0x7b, 0x75, 0xad, 0x3c, 0xe7, 0x34, 0xa5, 0x9e, 0xf7,
        0x9e, 0xf7, 0x9e, 0xf7, 0x9e, 0xf7, 0x9e, 0xf7, 0x9e, 0xf7, 0x9e, 0xf7,
        0x9e, 0xf7, 0x9e, 0xf7, 0x9e, 0xf7, 0x9e, 0xf7, 0x9e, 0xf7, 0x9e, 0xf7,
        0x9e, 0xf7, 0x9e, 0xf7, 0x9e, 0xf7, 0x9e, 0xf7, 0x9e, 0xf7, 0x9e, 0xf7,
        0x9e, 0xf7, 0x9e, 0xf7, 0x9e, 0xf7, 0x9e, 0xf7, 0x3a, 0xef, 0x2d, 0xd6,
        0x63, 0xcd, 0x63, 0xcd, 0x63, 0xcd, 0x63, 0xcd, 0x63, 0xcd, 0x63, 0xcd,
        0x63, 0xcd, 0x63, 0xcd, 0x63, 0xcd, 0x63, 0xcd, 0x63, 0xcd, 0x63, 0xcd,
        0x63, 0xcd, 0x63, 0xcd, 0x63, 0xcd, 0x63, 0xcd, 0x63, 0xcd, 0x63, 0xcd,
        0x63, 0xcd, 0x63, 0xcd, 0x63, 0xcd, 0x63, 0xcd, 0x63, 0xcd, 0x63, 0xcd,
        0x63, 0xcd, 0x63, 0xcd, 0x63, 0xcd, 0x63, 0xcd, 0x63, 0xcd, 0x63, 0xcd,
        0x63, 0xcd, 0x63, 0xcd, 0x63, 0xcd, 0x63, 0xcd, 0x63, 0xcd, 0x63, 0xcd,
        0x63, 0xcd, 0x63, 0xcd, 0x63, 0xcd, 0x63, 0xcd, 0x63, 0xcd, 0x85, 0xcd,
        0x70, 0xde, 0x7c, 0xef, 0x9e, 0xf7, 0x9e, 0xf7, 0x9e, 0xf7, 0x9e, 0xf7,
        0x9e, 0xf7, 0x9e, 0xf7, 0x9e, 0xf7, 0x9e, 0xf7, 0x9e, 0xf7, 0x9e, 0xf7,
        0x9e, 0xf7, 0x9e, 0xf7, 0x9e, 0xf7, 0x9e, 0xf7, 0x9e, 0xf7, 0x9e, 0xf7,
        0x9e, 0xf7, 0x9e, 0xf7, 0x9e, 0xf7, 0x9e, 0xf7, 0x9e, 0xf7, 0x9e, 0xf7,
        0x9e, 0xf7, 0x9e, 0xf7, 0x9e, 0xf7, 0x9e, 0xf7, 0x9e, 0xf7, 0x9e, 0xf7,
        0x9e, 0xf7, 0x9e, 0xf7, 0x9e, 0xf7, 0x9e, 0xf7, 0x9e, 0xf7, 0x9e, 0xf7,
        0x9e, 0xf7, 0x9e, 0xf7, 0x9e, 0xf7, 0x9e, 0xf7, 0x9e, 0xf7, 0x9e, 0xf7,
        0x9e, 0xf7, 0x9e, 0xf7, 0x9e, 0xf7, 0x9e, 0xf7, 0x9e, 0xf7, 0x9e, 0xf7,
        0x9e, 0xf7, 0x9e, 0xf7, 0x9e, 0xf7, 0x9e, 0xf7, 0x9e, 0xf7, 0x9e, 0xf7,
        0x9e, 0xf7, 0x9e, 0xf7, 0x9e, 0xf7, 0x9e, 0xf7, 0x9e, 0xf7, 0x9e, 0xf7,
        0x9e, 0xf7, 0x9e, 0xf7, 0x9e, 0xf7, 0x9e, 0xf7, 0x9e, 0xf7, 0x9e, 0xf7,
        0x9e, 0xf7, 0x9e, 0xf7, 0x9e, 0xf7, 0x9e, 0xf7, 0x9e, 0xf7, 0x9e, 0xf7,
        0x9e, 0xf7, 0x9e, 0xf7, 0x9e, 0xf7, 0x9e, 0xf7, 0x9e, 0xf7, 0x9e, 0xf7,
        0x14, 0xa5, 0xef, 0x7b, 0x75, 0xad, 0x3c, 0xe7, 0x34, 0xa5, 0x9e, 0xf7,
        0x9e, 0xf7, 0x9e, 0xf7, 0x9e, 0xf7, 0x9e, 0xf7, 0x9e, 0xf7, 0x9e, 0xf7,
        0x9e, 0xf7, 0x9e, 0xf7, 0x9e, 0xf7, 0x9e, 0xf7, 0x9e, 0xf7, 0x9e, 0xf7,
        0x9e, 0xf7, 0x9e, 0xf7, 0x9e, 0xf7, 0x9e, 0xf7, 0x9e, 0xf7, 0x9e, 0xf7,
        0x9e, 0xf7, 0x9e, 0xf7, 0x3a, 0xef, 0x2d, 0xde, 0x63, 0xcd, 0x63, 0xcd,
        0x63, 0xcd, 0x63, 0xcd, 0x63, 0xcd, 0x63, 0xcd, 0x63, 0xcd, 0x63, 0xcd,
        0x63, 0xcd, 0x63, 0xcd, 0x63, 0xcd, 0x63, 0xcd, 0x63, 0xcd, 0x63, 0xcd,
        0x63, 0xcd, 0x63, 0xcd, 0x63, 0xcd, 0x63, 0xcd, 0x63, 0xcd, 0x63, 0xcd,
        0x63, 0xcd, 0x63, 0xcd, 0x63, 0xcd, 0x63, 0xcd, 0x63, 0xcd, 0x63, 0xcd,
        0x63, 0xcd, 0x63, 0xcd, 0x63, 0xcd, 0x63, 0xcd, 0x63, 0xcd, 0x63, 0xcd,
        0x63, 0xcd, 0x63, 0xcd, 0x63, 0xcd, 0x63, 0xcd, 0x63, 0xcd, 0x63, 0xcd,
        0x63, 0xcd, 0x63, 0xcd, 0x63, 0xcd, 0x63, 0xcd, 0x63, 0xcd, 0x63, 0xcd,
        0x63, 0xcd, 0x85, 0xcd, 0x70, 0xde, 0x7c, 0xef, 0x9e, 0xf7, 0x9e, 0xf7,
        0x9e, 0xf7, 0x9e, 0xf7, 0x9e, 0xf7, 0x9e, 0xf7, 0x9e, 0xf7, 0x9e, 0xf7,
        0x9e, 0xf7, 0x9e, 0xf7, 0x9e, 0xf7, 0x9e, 0xf7, 0x9e, 0xf7, 0x9e, 0xf7,
        0x9e, 0xf7, 0x9e, 0xf7, 0x9e, 0xf7, 0x9e, 0xf7, 0x9e, 0xf7, 0x9e, 0xf7,
        0x9e, 0xf7, 0x9e, 0xf7, 0x9e, 0xf7, 0x9e, 0xf7, 0x9e, 0xf7, 0x9e, 0xf7,
        0x9e, 0xf7, 0x9e, 0xf7, 0x9e, 0xf7, 0x9e, 0xf7, 0x9e, 0xf7, 0x9e, 0xf7,
        0x9e, 0xf7, 0x9e, 0xf7, 0x9e, 0xf7, 0x9e, 0xf7, 0x9e, 0xf7, 0x9e, 0xf7,
        0x9e, 0xf7, 0x9e, 0xf7, 0x9e, 0xf7, 0x9e, 0xf7, 0x9e, 0xf7, 0x9e, 0xf7,
        0x9e, 0xf7, 0x9e, 0xf7, 0x9e, 0xf7, 0x9e, 0xf7, 0x9e, 0xf7, 0x9e, 0xf7,
        0x9e, 0xf7, 0x9e, 0xf7, 0x9e, 0xf7, 0x9e, 0xf7, 0x9e, 0xf7, 0x9e, 0xf7,
        0x9e, 0xf7, 0x9e, 0xf7, 0x9e, 0xf7, 0x9e, 0xf7, 0x9e, 0xf7, 0x9e, 0xf7,
        0x9e, 0xf7, 0x9e, 0xf7, 0x9e, 0xf7, 0x9e, 0xf7, 0x9e, 0xf7, 0x9e, 0xf7,
        0x9e, 0xf7, 0x9e, 0xf7, 0x9e, 0xf7, 0x9e, 0xf7, 0x9e, 0xf7, 0x9e, 0xf7,
        0x14, 0xa5, 0xef, 0x7b, 0x75, 0xad, 0x5d, 0xef, 0x34, 0xa5, 0x9e, 0xf7,
        0x9e, 0xf7, 0x9e, 0xf7, 0x9e, 0xf7, 0x9e, 0xf7, 0x9e, 0xf7, 0x9e, 0xf7,
        0x9e, 0xf7, 0x9e, 0xf7, 0x9e, 0xf7, 0x9e, 0xf7, 0x9e, 0xf7, 0x9e, 0xf7,
        0x9e, 0xf7, 0x9e, 0xf7, 0x9e, 0xf7, 0x9e, 0xf7, 0x9e, 0xf7, 0x9e, 0xf7,
        0x3a, 0xef, 0x2d, 0xde, 0x63, 0xcd, 0x63, 0xcd, 0x63, 0xcd, 0x63, 0xcd,
        0x63, 0xcd, 0x63, 0xcd, 0x63, 0xcd, 0x63, 0xcd, 0x63, 0xcd, 0x63, 0xcd,
        0x63, 0xcd, 0x63, 0xcd, 0x63, 0xcd, 0x63, 0xcd, 0x63, 0xcd, 0x63, 0xcd,
        0x63, 0xcd, 0x63, 0xcd, 0x63, 0xcd, 0x63, 0xcd, 0x63, 0xcd, 0x63, 0xcd,
        0x63, 0xcd, 0x63, 0xcd, 0x63, 0xcd, 0x63, 0xcd, 0x63, 0xcd, 0x63, 0xcd,
        0x63, 0xcd, 0x63, 0xcd, 0x63, 0xcd, 0x63, 0xcd, 0x63, 0xcd, 0x63, 0xcd,
        0x63, 0xcd, 0x63, 0xcd, 0x63, 0xcd, 0x63, 0xcd, 0x63, 0xcd, 0x63, 0xcd,
        0x63, 0xcd, 0x63, 0xcd, 0x63, 0xcd, 0x63, 0xcd, 0x63, 0xcd, 0x63, 0xcd,
        0x63, 0xcd, 0x63, 0xcd, 0x63, 0xcd, 0x85, 0xcd, 0x70, 0xde, 0x7c, 0xef,
        0x9e, 0xf7, 0x9e, 0xf7, 0x9e, 0xf7, 0x9e, 0xf7, 0x9e, 0xf7, 0x9e, 0xf7,
        0x9e, 0xf7, 0x9e, 0xf7, 0x9e, 0xf7, 0x9e, 0xf7, 0x9e, 0xf7, 0x9e, 0xf7,
        0x9e, 0xf7, 0x9e, 0xf7, 0x9e, 0xf7, 0x9e, 0xf7, 0x9e, 0xf7, 0x9e, 0xf7,
        0x9e, 0xf7, 0x9e, 0xf7, 0x9e, 0xf7, 0x9e, 0xf7, 0x9e, 0xf7, 0x9e, 0xf7,
        0x9e, 0xf7, 0x9e, 0xf7, 0x9e, 0xf7, 0x9e, 0xf7, 0x9e, 0xf7, 0x9e, 0xf7,
        0x9e, 0xf7, 0x9e, 0xf7, 0x9e, 0xf7, 0x9e, 0xf7, 0x9e, 0xf7, 0x9e, 0xf7,
        0x9e, 0xf7, 0x9e, 0xf7, 0x9e, 0xf7, 0x9e, 0xf7, 0x9e, 0xf7, 0x9e, 0xf7,
        0x9e, 0xf7, 0x9e, 0xf7, 0x9e, 0xf7, 0x9e, 0xf7, 0x9e, 0xf7, 0x9e, 0xf7,
        0x9e, 0xf7, 0x9e, 0xf7, 0x9e, 0xf7, 0x9e, 0xf7, 0x9e, 0xf7, 0x9e, 0xf7,
        0x9e, 0xf7, 0x9e, 0xf7, 0x9e, 0xf7, 0x9e, 0xf7, 0x9e, 0xf7, 0x9e, 0xf7,
        0x9e, 0xf7, 0x9e, 0xf7, 0x9e, 0xf7, 0x9e, 0xf7, 0x9e, 0xf7, 0x9e, 0xf7,
        0x9e, 0xf7, 0x9e, 0xf7, 0x9e, 0xf7, 0x9e, 0xf7, 0x9e, 0xf7, 0x9e, 0xf7,
        0x14, 0xa5, 0xef, 0x7b, 0x75, 0xad, 0x5d, 0xef, 0x34, 0xa5, 0x9e, 0xf7,
        0x9e, 0xf7, 0x9e, 0xf7, 0x9e, 0xf7, 0x9e, 0xf7, 0x9e, 0xf7, 0x9e, 0xf7,
        0x9e, 0xf7, 0x9e, 0xf7, 0x9e, 0xf7, 0x9e, 0xf7, 0x9e, 0xf7, 0x9e, 0xf7,
        0x9e, 0xf7, 0x9e, 0xf7, 0x9e, 0xf7, 0x9e, 0xf7, 0x3a, 0xef, 0x70, 0xde,
        0x63, 0xcd, 0x63, 0xcd, 0x63, 0xcd, 0x63, 0xcd, 0x63, 0xcd, 0x63, 0xcd,
        0x63, 0xcd, 0x63, 0xcd, 0x63, 0xcd, 0x63, 0xcd, 0x63, 0xcd, 0x63, 0xcd,
        0x63, 0xcd, 0x63, 0xcd, 0x63, 0xcd, 0x63, 0xcd, 0x63, 0xcd, 0x63, 0xcd,
        0x63, 0xcd, 0x63, 0xcd, 0x63, 0xcd, 0x63, 0xcd, 0x63, 0xcd, 0x63, 0xcd,
        0x63, 0xcd, 0x63, 0xcd, 0x63, 0xcd, 0x63, 0xcd, 0x63, 0xcd, 0x63, 0xcd,
        0x63, 0xcd, 0x63, 0xcd, 0x63, 0xcd, 0x63, 0xcd, 0x63, 0xcd, 0x63, 0xcd,
        0x63, 0xcd, 0x63, 0xcd, 0x63, 0xcd, 0x63, 0xcd, 0x63, 0xcd, 0x63, 0xcd,
        0x63, 0xcd, 0x63, 0xcd, 0x63, 0xcd, 0x63, 0xcd, 0x63, 0xcd, 0x63, 0xcd,
        0x63, 0xcd, 0x63, 0xcd, 0x63, 0xcd, 0x63, 0xcd, 0x63, 0xcd, 0x85, 0xcd,
        0x70, 0xde, 0x7c, 0xef, 0x9e, 0xf7, 0x9e, 0xf7, 0x9e, 0xf7, 0x9e, 0xf7,
        0x9e, 0xf7, 0x9e, 0xf7, 0x9e, 0xf7, 0x9e, 0xf7, 0x9e, 0xf7, 0x9e, 0xf7,
        0x9e, 0xf7, 0x9e, 0xf7, 0x9e, 0xf7, 0x9e, 0xf7, 0x9e, 0xf7, 0x9e, 0xf7,
        0x9e, 0xf7, 0x9e, 0xf7, 0x9e, 0xf7, 0x9e, 0xf7, 0x9e, 0xf7, 0x9e, 0xf7,
        0x9e, 0xf7, 0x9e, 0xf7, 0x9e, 0xf7, 0x9e, 0xf7, 0x9e, 0xf7, 0x9e, 0xf7,
        0x9e, 0xf7, 0x9e, 0xf7, 0x9e, 0xf7, 0x9e, 0xf7, 0x9e, 0xf7, 0x9e, 0xf7,
        0x9e, 0xf7, 0x9e, 0xf7, 0x9e, 0xf7, 0x9e, 0xf7, 0x9e, 0xf7, 0x9e, 0xf7,
        0x9e, 0xf7, 0x9e, 0xf7, 0x9e, 0xf7, 0x9e, 0xf7, 0x9e, 0xf7, 0x9e, 0xf7,
        0x9e, 0xf7, 0x9e, 0xf7, 0x9e, 0xf7, 0x9e, 0xf7, 0x9e, 0xf7, 0x9e, 0xf7,
        0x9e, 0xf7, 0x9e, 0xf7, 0x9e, 0xf7, 0x9e, 0xf7, 0x9e, 0xf7, 0x9e, 0xf7,
        0x9e, 0xf7, 0x9e, 0xf7, 0x9e, 0xf7, 0x9e, 0xf7, 0x9e, 0xf7, 0x9e, 0xf7,
        0x9e, 0xf7, 0x9e, 0xf7, 0x9e, 0xf7, 0x9e, 0xf7, 0x9e, 0xf7, 0x9e, 0xf7,
        0x14, 0xa5, 0xef, 0x7b, 0x75, 0xad, 0x5d, 0xef, 0x55, 0xad, 0x9e, 0xf7,
        0x9e, 0xf7, 0x9e, 0xf7, 0x9e, 0xf7, 0x9e, 0xf7, 0x9e, 0xf7, 0x9e, 0xf7,
        0x9e, 0xf7, 0x9e, 0xf7, 0x9e, 0xf7, 0x9e, 0xf7, 0x9e, 0xf7, 0x9e, 0xf7,
        0x9e, 0xf7, 0x9e, 0xf7, 0x3a, 0xef, 0x70, 0xde, 0xa7, 0xcd, 0x63, 0xcd,
        0x63, 0xcd, 0x63, 0xcd, 0x63, 0xcd, 0x63, 0xcd, 0x63, 0xcd, 0x63, 0xcd,
        0x63, 0xcd, 0x63, 0xcd, 0x63, 0xcd, 0x63, 0xcd, 0x63, 0xcd, 0x63, 0xcd,
        0x63, 0xcd, 0x63, 0xcd, 0x63, 0xcd, 0x63, 0xcd, 0x63, 0xcd, 0x63, 0xcd,
        0x63, 0xcd, 0x63, 0xcd, 0x63, 0xcd, 0x63, 0xcd, 0x63, 0xcd, 0x63, 0xcd,
        0x63, 0xcd, 0x63, 0xcd, 0x63, 0xcd, 0x63, 0xcd, 0x63, 0xcd, 0x63, 0xcd,
        0x63, 0xcd, 0x63, 0xcd, 0x63, 0xcd, 0x63, 0xcd, 0x63, 0xcd, 0x63, 0xcd,
        0x63, 0xcd, 0x63, 0xcd, 0x63, 0xcd, 0x63, 0xcd, 0x63, 0xcd, 0x63, 0xcd,
        0x63, 0xcd, 0x63, 0xcd, 0x63, 0xcd, 0x63, 0xcd, 0x63, 0xcd, 0x63, 0xcd,
        0x63, 0xcd, 0x63, 0xcd, 0x63, 0xcd, 0x63, 0xcd, 0x63, 0xcd, 0x63, 0xcd,
        0x63, 0xcd, 0x85, 0xcd, 0x70, 0xde, 0x7c, 0xef, 0x9e, 0xf7, 0x9e, 0xf7,
        0x9e, 0xf7, 0x9e, 0xf7, 0x9e, 0xf7, 0x9e, 0xf7, 0x9e, 0xf7, 0x9e, 0xf7,
        0x9e, 0xf7, 0x9e, 0xf7, 0x9e, 0xf7, 0x9e, 0xf7, 0x9e, 0xf7, 0x9e, 0xf7,
        0x9e, 0xf7, 0x9e, 0xf7, 0x9e, 0xf7, 0x9e, 0xf7, 0x9e, 0xf7, 0x9e, 0xf7,
        0x9e, 0xf7, 0x9e, 0xf7, 0x9e, 0xf7, 0x9e, 0xf7, 0x9e, 0xf7, 0x9e, 0xf7,
        0x9e, 0xf7, 0x9e, 0xf7, 0x9e, 0xf7, 0x9e, 0xf7, 0x9e, 0xf7, 0x9e, 0xf7,
        0x9e, 0xf7, 0x9e, 0xf7, 0x9e, 0xf7, 0x9e, 0xf7, 0x9e, 0xf7, 0x9e, 0xf7,
        0x9e, 0xf7, 0x9e, 0xf7, 0x9e, 0xf7, 0x9e, 0xf7, 0x9e, 0xf7, 0x9e, 0xf7,
        0x9e, 0xf7, 0x9e, 0xf7, 0x9e, 0xf7, 0x9e, 0xf7, 0x9e, 0xf7, 0x9e, 0xf7,
        0x9e, 0xf7, 0x9e, 0xf7, 0x9e, 0xf7, 0x9e, 0xf7, 0x9e, 0xf7, 0x9e, 0xf7,
        0x9e, 0xf7, 0x9e, 0xf7, 0x9e, 0xf7, 0x9e, 0xf7, 0x9e, 0xf7, 0x9e, 0xf7,
        0x9e, 0xf7, 0x9e, 0xf7, 0x9e, 0xf7, 0x9e, 0xf7, 0x9e, 0xf7, 0x9e, 0xf7,
        0x14, 0xa5, 0xef, 0x7b, 0x75, 0xad, 0x7d, 0xef, 0x55, 0xad, 0x9e, 0xf7,
        0x9e, 0xf7, 0x9e, 0xf7, 0x9e, 0xf7, 0x9e, 0xf7, 0x9e, 0xf7, 0x9e, 0xf7,
        0x9e, 0xf7, 0x9e, 0xf7, 0x9e, 0xf7, 0x9e, 0xf7, 0x9e, 0xf7, 0x9e, 0xf7,
        0x3a, 0xef, 0x70, 0xde, 0xa7, 0xcd, 0x63, 0xcd, 0x63, 0xcd, 0x63, 0xcd,
        0x63, 0xcd, 0x63, 0xcd, 0x63, 0xcd, 0x63, 0xcd, 0x63, 0xcd, 0x63, 0xcd,
        0x63, 0xcd, 0x63, 0xcd, 0x63, 0xcd, 0x63, 0xcd, 0x63, 0xcd, 0x63, 0xcd,
        0x63, 0xcd, 0x63, 0xcd, 0x63, 0xcd, 0x63, 0xcd, 0x63, 0xcd, 0x63, 0xcd,
        0x63, 0xcd, 0x63, 0xcd, 0x63, 0xcd, 0x63, 0xcd, 0x63, 0xcd, 0x63, 0xcd,
        0x63, 0xcd, 0x63, 0xcd, 0x63, 0xcd, 0x63, 0xcd, 0x63, 0xcd, 0x63, 0xcd,
        0x63, 0xcd, 0x63, 0xcd, 0x63, 0xcd, 0x63, 0xcd, 0x63, 0xcd, 0x63, 0xcd,
        0x63, 0xcd, 0x63, 0xcd, 0x63, 0xcd, 0x63, 0xcd, 0x63, 0xcd, 0x63, 0xcd,
        0x63, 0xcd, 0x63, 0xcd, 0x63, 0xcd, 0x63, 0xcd, 0x63, 0xcd, 0x63, 0xcd,
        0x63, 0xcd, 0x63, 0xcd, 0x63, 0xcd, 0x63, 0xcd, 0x63, 0xcd, 0x63, 0xcd,
        0x63, 0xcd, 0x63, 0xcd, 0x63, 0xcd, 0x85, 0xcd, 0x70, 0xde, 0x7c, 0xef,
        0x9e, 0xf7, 0x9e, 0xf7, 0x9e, 0xf7, 0x9e, 0xf7, 0x9e, 0xf7, 0x9e, 0xf7,
        0x9e, 0xf7, 0x9e, 0xf7, 0x9e, 0xf7, 0x9e, 0xf7, 0x9e, 0xf7, 0x9e, 0xf7,
        0x9e, 0xf7, 0x9e, 0xf7, 0x9e, 0xf7, 0x9e, 0xf7, 0x9e, 0xf7, 0x9e, 0xf7,
        0x9e, 0xf7, 0x9e, 0xf7, 0x9e, 0xf7, 0x9e, 0xf7, 0x9e, 0xf7, 0x9e, 0xf7,
        0x9e, 0xf7, 0x9e, 0xf7, 0x9e, 0xf7, 0x9e, 0xf7, 0x9e, 0xf7, 0x9e, 0xf7,
        0x9e, 0xf7, 0x9e, 0xf7, 0x9e, 0xf7, 0x9e, 0xf7, 0x9e, 0xf7, 0x9e, 0xf7,
        0x9e, 0xf7, 0x9e, 0xf7, 0x9e, 0xf7, 0x9e, 0xf7, 0x9e, 0xf7, 0x9e, 0xf7,
        0x9e, 0xf7, 0x9e, 0xf7, 0x9e, 0xf7, 0x9e, 0xf7, 0x9e, 0xf7, 0x9e, 0xf7,
        0x9e, 0xf7, 0x9e, 0xf7, 0x9e, 0xf7, 0x9e, 0xf7, 0x9e, 0xf7, 0x9e, 0xf7,
        0x9e, 0xf7, 0x9e, 0xf7, 0x9e, 0xf7, 0x9e, 0xf7, 0x9e, 0xf7, 0x9e, 0xf7,
        0x9e, 0xf7, 0x9e, 0xf7, 0x9e, 0xf7, 0x9e, 0xf7, 0x9e, 0xf7, 0x9e, 0xf7,
        0x34, 0xa5, 0xef, 0x7b, 0x75, 0xad, 0x7d, 0xef, 0x55, 0xad, 0x9e, 0xf7,
        0x9e, 0xf7, 0x9e, 0xf7, 0x9e, 0xf7, 0x9e, 0xf7, 0x9e, 0xf7, 0x9e, 0xf7,
        0x9e, 0xf7, 0x9e, 0xf7, 0x9e, 0xf7, 0x9e, 0xf7, 0x3a, 0xef, 0x70, 0xde,
        0xa7, 0xcd, 0x63, 0xcd, 0x63, 0xcd, 0x63, 0xcd, 0x63, 0xcd, 0x63, 0xcd,
        0x63, 0xcd, 0x63, 0xcd, 0x63, 0xcd, 0x63, 0xcd, 0x63, 0xcd, 0x63, 0xcd,
        0x63, 0xcd, 0x63, 0xcd, 0x63, 0xcd, 0x63, 0xcd, 0x63, 0xcd, 0x63, 0xcd,
        0x63, 0xcd, 0x63, 0xcd, 0x63, 0xcd, 0x63, 0xcd, 0x63, 0xcd, 0x63, 0xcd,
        0x63, 0xcd, 0x63, 0xcd, 0x63, 0xcd, 0x63, 0xcd, 0x63, 0xcd, 0x63, 0xcd,
        0x63, 0xcd, 0x63, 0xcd, 0x63, 0xcd, 0x63, 0xcd, 0x63, 0xcd, 0x63, 0xcd,
        0x63, 0xcd, 0x63, 0xcd, 0x63, 0xcd, 0x63, 0xcd, 0x63, 0xcd, 0x63, 0xcd,
        0x63, 0xcd, 0x63, 0xcd, 0x63, 0xcd, 0x63, 0xcd, 0x63, 0xcd, 0x63, 0xcd,
        0x63, 0xcd, 0x63, 0xcd, 0x63, 0xcd, 0x63, 0xcd, 0x63, 0xcd, 0x63, 0xcd,
        0x63, 0xcd, 0x63, 0xcd, 0x63, 0xcd, 0x63, 0xcd, 0x63, 0xcd, 0x63, 0xcd,
        0x63, 0xcd, 0x63, 0xcd, 0x63, 0xcd, 0x63, 0xcd, 0x63, 0xcd, 0x85, 0xcd,
        0x70, 0xde, 0x7c, 0xef, 0x9e, 0xf7, 0x9e, 0xf7, 0x9e, 0xf7, 0x9e, 0xf7,
        0x9e, 0xf7, 0x9e, 0xf7, 0x9e, 0xf7, 0x9e, 0xf7, 0x9e, 0xf7, 0x9e, 0xf7,
        0x9e, 0xf7, 0x9e, 0xf7, 0x9e, 0xf7, 0x9e, 0xf7, 0x9e, 0xf7, 0x9e, 0xf7,
        0x9e, 0xf7, 0x9e, 0xf7, 0x9e, 0xf7, 0x9e, 0xf7, 0x9e, 0xf7, 0x9e, 0xf7,
        0x9e, 0xf7, 0x9e, 0xf7, 0x9e, 0xf7, 0x9e, 0xf7, 0x9e, 0xf7, 0x9e, 0xf7,
        0x9e, 0xf7, 0x9e, 0xf7, 0x9e, 0xf7, 0x9e, 0xf7, 0x9e, 0xf7, 0x9e, 0xf7,
        0x9e, 0xf7, 0x9e, 0xf7, 0x9e, 0xf7, 0x9e, 0xf7, 0x9e, 0xf7, 0x9e, 0xf7,
        0x9e, 0xf7, 0x9e, 0xf7, 0x9e, 0xf7, 0x9e, 0xf7, 0x9e, 0xf7, 0x9e, 0xf7,
        0x9e, 0xf7, 0x9e, 0xf7, 0x9e, 0xf7, 0x9e, 0xf7, 0x9e, 0xf7, 0x9e, 0xf7,
        0x9e, 0xf7, 0x9e, 0xf7, 0x9e, 0xf7, 0x9e, 0xf7, 0x9e, 0xf7, 0x9e, 0xf7,
        0x9e, 0xf7, 0x9e, 0xf7, 0x9e, 0xf7, 0x9e, 0xf7, 0x9e, 0xf7, 0x9e, 0xf7,
        0x34, 0xa5, 0xef, 0x7b, 0x75, 0xad, 0x7d, 0xef, 0x55, 0xad, 0x9e, 0xf7,
        0x9e, 0xf7, 0x9e, 0xf7, 0x9e, 0xf7, 0x9e, 0xf7, 0x9e, 0xf7, 0x9e, 0xf7,
        0x9e, 0xf7, 0x9e, 0xf7, 0x9e, 0xf7, 0x92, 0xde, 0xa7, 0xcd, 0x63, 0xcd,
        0x63, 0xcd, 0x63, 0xcd, 0x63, 0xcd, 0x63, 0xcd, 0x63, 0xcd, 0x63, 0xcd,
        0x63, 0xcd, 0x63, 0xcd, 0x63, 0xcd, 0x63, 0xcd, 0x63, 0xcd, 0x63, 0xcd,
        0x63, 0xcd, 0x63, 0xcd, 0x63, 0xcd, 0x63, 0xcd, 0x63, 0xcd, 0x63, 0xcd,
        0x63, 0xcd, 0x63, 0xcd, 0x63, 0xcd, 0x63, 0xcd, 0x63, 0xcd, 0x63, 0xcd,
        0x63, 0xcd, 0x63, 0xcd, 0x63, 0xcd, 0x63, 0xcd, 0x63, 0xcd, 0x63, 0xcd,
        0x63, 0xcd, 0x63, 0xcd, 0x63, 0xcd, 0x63, 0xcd, 0x63, 0xcd, 0x63, 0xcd,
        0x63, 0xcd, 0x63, 0xcd, 0x63, 0xcd, 0x63, 0xcd, 0x63, 0xcd, 0x63, 0xcd,
        0x63, 0xcd, 0x63, 0xcd, 0x63, 0xcd, 0x63, 0xcd, 0x63, 0xcd, 0x63, 0xcd,
        0x63, 0xcd, 0x63, 0xcd, 0x63, 0xcd, 0x63, 0xcd, 0x63, 0xcd, 0x63, 0xcd,
        0x63, 0xcd, 0x63, 0xcd, 0x63, 0xcd, 0x63, 0xcd, 0x63, 0xcd, 0x63, 0xcd,
        0x63, 0xcd, 0x63, 0xcd, 0x63, 0xcd, 0x63, 0xcd, 0x63, 0xcd, 0x63, 0xcd,
        0x63, 0xcd, 0x85, 0xcd, 0x70, 0xde, 0x7c, 0xef, 0x9e, 0xf7, 0x9e, 0xf7,
        0x9e, 0xf7, 0x9e, 0xf7, 0x9e, 0xf7, 0x9e, 0xf7, 0x9e, 0xf7, 0x9e, 0xf7,
        0x9e, 0xf7, 0x9e, 0xf7, 0x9e, 0xf7, 0x9e, 0xf7, 0x9e, 0xf7, 0x9e, 0xf7,
        0x9e, 0xf7, 0x9e, 0xf7, 0x9e, 0xf7, 0x9e, 0xf7, 0x9e, 0xf7, 0x9e, 0xf7,
        0x9e, 0xf7, 0x9e, 0xf7, 0x9e, 0xf7, 0x9e, 0xf7, 0x9e, 0xf7, 0x9e, 0xf7,
        0x9e, 0xf7, 0x9e, 0xf7, 0x9e, 0xf7, 0x9e, 0xf7, 0x9e, 0xf7, 0x9e, 0xf7,
        0x9e, 0xf7, 0x9e, 0xf7, 0x9e, 0xf7, 0x9e, 0xf7, 0x9e, 0xf7, 0x9e, 0xf7,
        0x9e, 0xf7, 0x9e, 0xf7, 0x9e, 0xf7, 0x9e, 0xf7, 0x9e, 0xf7, 0x9e, 0xf7,
        0x9e, 0xf7, 0x9e, 0xf7, 0x9e, 0xf7, 0x9e, 0xf7, 0x9e, 0xf7, 0x9e, 0xf7,
        0x9e, 0xf7, 0x9e, 0xf7, 0x9e, 0xf7, 0x9e, 0xf7, 0x9e, 0xf7, 0x9e, 0xf7,
        0x9e, 0xf7, 0x9e, 0xf7, 0x9e, 0xf7, 0x9e, 0xf7, 0x9e, 0xf7, 0x9e, 0xf7,
        0x34, 0xa5, 0xef, 0x7b, 0x75, 0xad, 0x7d, 0xef, 0x55, 0xad, 0x9e, 0xf7,
        0x9e, 0xf7, 0x9e, 0xf7, 0x9e, 0xf7, 0x9e, 0xf7, 0x9e, 0xf7, 0x9e, 0xf7,
        0x9e, 0xf7, 0xb4, 0xe6, 0xa7, 0xcd, 0x63, 0xcd, 0x63, 0xcd, 0x63, 0xcd,
        0x63, 0xcd, 0x63, 0xcd, 0x63, 0xcd, 0x63, 0xcd, 0x63, 0xcd, 0x63, 0xcd,
        0x63, 0xcd, 0x63, 0xcd, 0x63, 0xcd, 0x63, 0xcd, 0x63, 0xcd, 0x63, 0xcd,
        0x63, 0xcd, 0x63, 0xcd, 0x63, 0xcd, 0x63, 0xcd, 0x63, 0xcd, 0x63, 0xcd,
        0x63, 0xcd, 0x63, 0xcd, 0x63, 0xcd, 0x63, 0xcd, 0x63, 0xcd, 0x63, 0xcd,
        0x63, 0xcd, 0x63, 0xcd, 0x63, 0xcd, 0x63, 0xcd, 0x63, 0xcd, 0x63, 0xcd,
        0x63, 0xcd, 0x63, 0xcd, 0x63, 0xcd, 0x63, 0xcd, 0x63, 0xcd, 0x63, 0xcd,
        0x63, 0xcd, 0x63, 0xcd, 0x63, 0xcd, 0x63, 0xcd, 0x63, 0xcd, 0x63, 0xcd,
        0x63, 0xcd, 0x63, 0xcd, 0x63, 0xcd, 0x63, 0xcd, 0x63, 0xcd, 0x63, 0xcd,
        0x63, 0xcd, 0x63, 0xcd, 0x63, 0xcd, 0x63, 0xcd, 0x63, 0xcd, 0x63, 0xcd,
        0x63, 0xcd, 0x63, 0xcd, 0x63, 0xcd, 0x63, 0xcd, 0x63, 0xcd, 0x63, 0xcd,
        0x63, 0xcd, 0x63, 0xcd, 0x63, 0xcd, 0x63, 0xcd, 0x63, 0xcd, 0x63, 0xcd,
        0x63, 0xcd, 0x63, 0xcd, 0x63, 0xcd, 0x85, 0xcd, 0x70, 0xde, 0x7c, 0xef,
        0x9e, 0xf7, 0x9e, 0xf7, 0x9e, 0xf7, 0x9e, 0xf7, 0x9e, 0xf7, 0x9e, 0xf7,
        0x9e, 0xf7, 0x9e, 0xf7, 0x9e, 0xf7, 0x9e, 0xf7, 0x9e, 0xf7, 0x9e, 0xf7,
        0x9e, 0xf7, 0x9e, 0xf7, 0x9e, 0xf7, 0x9e, 0xf7, 0x9e, 0xf7, 0x9e, 0xf7,
        0x9e, 0xf7, 0x9e, 0xf7, 0x9e, 0xf7, 0x9e, 0xf7, 0x9e, 0xf7, 0x9e, 0xf7,
        0x9e, 0xf7, 0x9e, 0xf7, 0x9e, 0xf7, 0x9e, 0xf7, 0x9e, 0xf7, 0x9e, 0xf7,
        0x9e, 0xf7, 0x9e, 0xf7, 0x9e, 0xf7, 0x9e, 0xf7, 0x9e, 0xf7, 0x9e, 0xf7,
        0x9e, 0xf7, 0x9e, 0xf7, 0x9e, 0xf7, 0x9e, 0xf7, 0x9e, 0xf7, 0x9e, 0xf7,
        0x9e, 0xf7, 0x9e, 0xf7, 0x9e, 0xf7, 0x9e, 0xf7, 0x9e, 0xf7, 0x9e, 0xf7,
        0x9e, 0xf7, 0x9e, 0xf7, 0x9e, 0xf7, 0x9e, 0xf7, 0x9e, 0xf7, 0x9e, 0xf7,
        0x9e, 0xf7, 0x9e, 0xf7, 0x9e, 0xf7, 0x9e, 0xf7, 0x9e, 0xf7, 0x9e, 0xf7,
        0x34, 0xa5, 0xef, 0x7b, 0x75, 0xad, 0x7d, 0xef, 0x55, 0xad, 0x9e, 0xf7,
        0x9e, 0xf7, 0x9e, 0xf7, 0x9e, 0xf7, 0x9e, 0xf7, 0x9e, 0xf7, 0xb4, 0xe6,
        0xa7, 0xcd, 0x63, 0xcd, 0x63, 0xcd, 0x63, 0xcd, 0x63, 0xcd, 0x63, 0xcd,
        0x63, 0xcd, 0x63, 0xcd, 0x63, 0xcd, 0x63, 0xcd, 0x63, 0xcd, 0x63, 0xcd,
        0x63, 0xcd, 0x63, 0xcd, 0x63, 0xcd, 0x63, 0xcd, 0x63, 0xcd, 0x63, 0xcd,
        0x63, 0xcd, 0x63, 0xcd, 0x63, 0xcd, 0x63, 0xcd, 0x63, 0xcd, 0x63, 0xcd,
        0x63, 0xcd, 0x63, 0xcd, 0x63, 0xcd, 0x63, 0xcd, 0x63, 0xcd, 0x63, 0xcd,
        0x63, 0xcd, 0x63, 0xcd, 0x63, 0xcd, 0x63, 0xcd, 0x63, 0xcd, 0x63, 0xcd,
        0x63, 0xcd, 0x63, 0xcd, 0x63, 0xcd, 0x63, 0xcd, 0x63, 0xcd, 0x63, 0xcd,
        0x63, 0xcd, 0x63, 0xcd, 0x63, 0xcd, 0x63, 0xcd, 0x63, 0xcd, 0x63, 0xcd,
        0x63, 0xcd, 0x63, 0xcd, 0x63, 0xcd, 0x63, 0xcd, 0x63, 0xcd, 0x63, 0xcd,
        0x63, 0xcd, 0x63, 0xcd, 0x63, 0xcd, 0x63, 0xcd, 0x63, 0xcd, 0x63, 0xcd,
        0x63, 0xcd, 0x63, 0xcd, 0x63, 0xcd, 0x63, 0xcd, 0x63, 0xcd, 0x63, 0xcd,
        0x63, 0xcd, 0x63, 0xcd, 0x63, 0xcd, 0x63, 0xcd, 0x63, 0xcd, 0x63, 0xcd,
        0x63, 0xcd, 0x63, 0xcd, 0x63, 0xcd, 0x63, 0xcd, 0x63, 0xcd, 0x85, 0xcd,
        0x70, 0xde, 0x7c, 0xef, 0x9e, 0xf7, 0x9e, 0xf7, 0x9e, 0xf7, 0x9e, 0xf7,
        0x9e, 0xf7, 0x9e, 0xf7, 0x9e, 0xf7, 0x9e, 0xf7, 0x9e, 0xf7, 0x9e, 0xf7,
        0x9e, 0xf7, 0x9e, 0xf7, 0x9e, 0xf7, 0x9e, 0xf7, 0x9e, 0xf7, 0x9e, 0xf7,
        0x9e, 0xf7, 0x9e, 0xf7, 0x9e, 0xf7, 0x9e, 0xf7, 0x9e, 0xf7, 0x9e, 0xf7,
        0x9e, 0xf7, 0x9e, 0xf7, 0x9e, 0xf7, 0x9e, 0xf7, 0x9e, 0xf7, 0x9e, 0xf7,
        0x9e, 0xf7, 0x9e, 0xf7, 0x9e, 0xf7, 0x9e, 0xf7, 0x9e, 0xf7, 0x9e, 0xf7,
        0x9e, 0xf7, 0x9e, 0xf7, 0x9e, 0xf7, 0x9e, 0xf7, 0x9e, 0xf7, 0x9e, 0xf7,
        0x9e, 0xf7, 0x9e, 0xf7, 0x9e, 0xf7, 0x9e, 0xf7, 0x9e, 0xf7, 0x9e, 0xf7,
        0x9e, 0xf7, 0x9e, 0xf7, 0x9e, 0xf7, 0x9e, 0xf7, 0x9e, 0xf7, 0x9e, 0xf7,
        0x9e, 0xf7, 0x9e, 0xf7, 0x9e, 0xf7, 0x9e, 0xf7, 0x9e, 0xf7, 0x9e, 0xf7,
        0x34, 0xa5, 0xef, 0x7b, 0x75, 0xad, 0x9e, 0xf7, 0x75, 0xad, 0x9e, 0xf7,
        0x9e, 0xf7, 0x9e, 0xf7, 0x9e, 0xf7, 0xb4, 0xe6, 0xa7, 0xcd, 0x63, 0xcd,
        0x63, 0xcd, 0x63, 0xcd, 0x63, 0xcd, 0x63, 0xcd, 0x63, 0xcd, 0x63, 0xcd,
        0x63, 0xcd, 0x63, 0xcd, 0x63, 0xcd, 0x63, 0xcd, 0x63, 0xcd, 0x63, 0xcd,
        0x63, 0xcd, 0x63, 0xcd, 0x63, 0xcd, 0x63, 0xcd, 0x63, 0xcd, 0x63, 0xcd,
        0x63, 0xcd, 0x63, 0xcd, 0x63, 0xcd, 0x63, 0xcd, 0x63, 0xcd, 0x63, 0xcd,
        0x63, 0xcd, 0x63, 0xcd, 0x63, 0xcd, 0x63, 0xcd, 0x63, 0xcd, 0x63, 0xcd,
        0x63, 0xcd, 0x63, 0xcd, 0x63, 0xcd, 0x63, 0xcd, 0x63, 0xcd, 0x63, 0xcd,
        0x63, 0xcd, 0x63, 0xcd, 0x63, 0xcd, 0x63, 0xcd, 0x63, 0xcd, 0x63, 0xcd,
        0x63, 0xcd, 0x63, 0xcd, 0x63, 0xcd, 0x63, 0xcd, 0x63, 0xcd, 0x63, 0xcd,
        0x63, 0xcd, 0x63, 0xcd, 0x63, 0xcd, 0x63, 0xcd, 0x63, 0xcd, 0x63, 0xcd,
        0x63, 0xcd, 0x63, 0xcd, 0x63, 0xcd, 0x63, 0xcd, 0x63, 0xcd, 0x63, 0xcd,
        0x63, 0xcd, 0x63, 0xcd, 0x63, 0xcd, 0x63, 0xcd, 0x63, 0xcd, 0x63, 0xcd,
        0x63, 0xcd, 0x63, 0xcd, 0x63, 0xcd, 0x63, 0xcd, 0x63, 0xcd, 0x63, 0xcd,
        0x63, 0xcd, 0x63, 0xcd, 0x63, 0xcd, 0x63, 0xcd, 0x63, 0xcd, 0x63, 0xcd,
        0x63, 0xcd, 0x85, 0xcd, 0x70, 0xde, 0x7c, 0xef, 0x9e, 0xf7, 0x9e, 0xf7,
        0x9e, 0xf7, 0x9e, 0xf7, 0x9e, 0xf7, 0x9e, 0xf7, 0x9e, 0xf7, 0x9e, 0xf7,
        0x9e, 0xf7, 0x9e, 0xf7, 0x9e, 0xf7, 0x9e, 0xf7, 0x9e, 0xf7, 0x9e, 0xf7,
        0x9e, 0xf7, 0x9e, 0xf7, 0x9e, 0xf7, 0x9e, 0xf7, 0x9e, 0xf7, 0x9e, 0xf7,
        0x9e, 0xf7, 0x9e, 0xf7, 0x9e, 0xf7, 0x9e, 0xf7, 0x9e, 0xf7, 0x9e, 0xf7,
        0x9e, 0xf7, 0x9e, 0xf7, 0x9e, 0xf7, 0x9e, 0xf7, 0x9e, 0xf7, 0x9e, 0xf7,
        0x9e, 0xf7, 0x9e, 0xf7, 0x9e, 0xf7, 0x9e, 0xf7, 0x9e, 0xf7, 0x9e, 0xf7,
        0x9e, 0xf7, 0x9e, 0xf7, 0x9e, 0xf7, 0x9e, 0xf7, 0x9e, 0xf7, 0x9e, 0xf7,
        0x9e, 0xf7, 0x9e, 0xf7, 0x9e, 0xf7, 0x9e, 0xf7, 0x9e, 0xf7, 0x9e, 0xf7,
        0x9e, 0xf7, 0x9e, 0xf7, 0x9e, 0xf7, 0x9e, 0xf7, 0x9e, 0xf7, 0x9e, 0xf7,
        0x34, 0xa5, 0xef, 0x7b, 0x75, 0xad, 0x9e, 0xf7, 0x75, 0xad, 0x9e, 0xf7,
        0x9e, 0xf7, 0xb4, 0xe6, 0xa7, 0xcd, 0x63, 0xcd, 0x63, 0xcd, 0x63, 0xcd,
        0x63, 0xcd, 0x63, 0xcd, 0x63, 0xcd, 0x63, 0xcd, 0x63, 0xcd, 0x63, 0xcd,
        0x63, 0xcd, 0x63, 0xcd, 0x63, 0xcd, 0x63, 0xcd, 0x63, 0xcd, 0x63, 0xcd,
        0x63, 0xcd, 0x63, 0xcd, 0x63, 0xcd, 0x63, 0xcd, 0x63, 0xcd, 0x63, 0xcd,
        0x63, 0xcd, 0x63, 0xcd, 0x63, 0xcd, 0x63, 0xcd, 0x63, 0xcd, 0x63, 0xcd,
        0x63, 0xcd, 0x63, 0xcd, 0x63, 0xcd, 0x63, 0xcd, 0x63, 0xcd, 0x63, 0xcd,
        0x63, 0xcd, 0x63, 0xcd, 0x63, 0xcd, 0x63, 0xcd, 0x63, 0xcd, 0x63, 0xcd,
        0x63, 0xcd, 0x63, 0xcd, 0x63, 0xcd, 0x63, 0xcd, 0x63, 0xcd, 0x63, 0xcd,
        0x63, 0xcd, 0x63, 0xcd, 0x63, 0xcd, 0x63, 0xcd, 0x63, 0xcd, 0x63, 0xcd,
        0x63, 0xcd, 0x63, 0xcd, 0x63, 0xcd, 0x63, 0xcd, 0x63, 0xcd, 0x63, 0xcd,
        0x63, 0xcd, 0x63, 0xcd, 0x63, 0xcd, 0x63, 0xcd, 0x63, 0xcd, 0x63, 0xcd,
        0x63, 0xcd, 0x63, 0xcd, 0x63, 0xcd, 0x63, 0xcd, 0x63, 0xcd, 0x63, 0xcd,
        0x63, 0xcd, 0x63, 0xcd, 0x63, 0xcd, 0x63, 0xcd, 0x63, 0xcd, 0x63, 0xcd,
        0x63, 0xcd, 0x63, 0xcd, 0x63, 0xcd, 0x63, 0xcd, 0x63, 0xcd, 0x63, 0xcd,
        0x63, 0xcd, 0x63, 0xcd, 0x63, 0xcd, 0x85, 0xcd, 0x92, 0xde, 0x9e, 0xf7,
        0x9e, 0xf7, 0x9e, 0xf7, 0x9e, 0xf7, 0x9e, 0xf7, 0x9e, 0xf7, 0x9e, 0xf7,
        0x9e, 0xf7, 0x9e, 0xf7, 0x9e, 0xf7, 0x9e, 0xf7, 0x9e, 0xf7, 0x9e, 0xf7,
        0x9e, 0xf7, 0x9e, 0xf7, 0x9e, 0xf7, 0x9e, 0xf7, 0x9e, 0xf7, 0x9e, 0xf7,
        0x9e, 0xf7, 0x9e, 0xf7, 0x9e, 0xf7, 0x9e, 0xf7, 0x9e, 0xf7, 0x9e, 0xf7,
        0x9e, 0xf7, 0x9e, 0xf7, 0x9e, 0xf7, 0x9e, 0xf7, 0x9e, 0xf7, 0x9e, 0xf7,
        0x9e, 0xf7, 0x9e, 0xf7, 0x9e, 0xf7, 0x9e, 0xf7, 0x9e, 0xf7, 0x9e, 0xf7,
        0x9e, 0xf7, 0x9e, 0xf7, 0x9e, 0xf7, 0x9e, 0xf7, 0x9e, 0xf7, 0x9e, 0xf7,
        0x9e, 0xf7, 0x9e, 0xf7, 0x9e, 0xf7, 0x9e, 0xf7, 0x9e, 0xf7, 0x9e, 0xf7,
        0x9e, 0xf7, 0x9e, 0xf7, 0x9e, 0xf7, 0x9e, 0xf7, 0x9e, 0xf7, 0x9e, 0xf7,
        0x34, 0xa5, 0x10, 0x84, 0x75, 0xad, 0x9e, 0xf7, 0x75, 0xad, 0xb4, 0xe6,
        0xa7, 0xcd, 0x63, 0xcd, 0x63, 0xcd, 0x63, 0xcd, 0x63, 0xcd, 0x63, 0xcd,
        0x63, 0xcd, 0x63, 0xcd, 0x63, 0xcd, 0x63, 0xcd, 0x63, 0xcd, 0x63, 0xcd,
        0x63, 0xcd, 0x63, 0xcd, 0x63, 0xcd, 0x63, 0xcd, 0x63, 0xcd, 0x63, 0xcd,
        0x63, 0xcd, 0x63, 0xcd, 0x63, 0xcd, 0x63, 0xcd, 0x63, 0xcd, 0x63, 0xcd,
        0x63, 0xcd, 0x63, 0xcd, 0x63, 0xcd, 0x63, 0xcd, 0x63, 0xcd, 0x63, 0xcd,
        0x63, 0xcd, 0x63, 0xcd, 0x63, 0xcd, 0x63, 0xcd, 0x63, 0xcd, 0x63, 0xcd,
        0x63, 0xcd, 0x63, 0xcd, 0x63, 0xcd, 0x63, 0xcd, 0x63, 0xcd, 0x63, 0xcd,
        0x63, 0xcd, 0x63, 0xcd, 0x63, 0xcd, 0x63, 0xcd, 0x63, 0xcd, 0x63, 0xcd,
        0x63, 0xcd, 0x63, 0xcd, 0x63, 0xcd, 0x63, 0xcd, 0x63, 0xcd, 0x63, 0xcd,
        0x63, 0xcd, 0x63, 0xcd, 0x63, 0xcd, 0x63, 0xcd, 0x63, 0xcd, 0x63, 0xcd,
        0x63, 0xcd, 0x63, 0xcd, 0x63, 0xcd, 0x63, 0xcd, 0x63, 0xcd, 0x63, 0xcd,
        0x63, 0xcd, 0x63, 0xcd, 0x63, 0xcd, 0x63, 0xcd, 0x63, 0xcd, 0x63, 0xcd,
        0x63, 0xcd, 0x63, 0xcd, 0x63, 0xcd, 0x63, 0xcd, 0x63, 0xcd, 0x63, 0xcd,
        0x63, 0xcd, 0x63, 0xcd, 0x63, 0xcd, 0x63, 0xcd, 0x63, 0xcd, 0x63, 0xcd,
        0x63, 0xcd, 0x63, 0xcd, 0x63, 0xcd, 0x63, 0xcd, 0x63, 0xcd, 0xa7, 0xcd,
        0xb4, 0xe6, 0x9e, 0xf7, 0x9e, 0xf7, 0x9e, 0xf7, 0x9e, 0xf7, 0x9e, 0xf7,
        0x9e, 0xf7, 0x9e, 0xf7, 0x9e, 0xf7, 0x9e, 0xf7, 0x9e, 0xf7, 0x9e, 0xf7,
        0x9e, 0xf7, 0x9e, 0xf7, 0x9e, 0xf7, 0x9e, 0xf7, 0x9e, 0xf7, 0x9e, 0xf7,
        0x9e, 0xf7, 0x9e, 0xf7, 0x9e, 0xf7, 0x9e, 0xf7, 0x9e, 0xf7, 0x9e, 0xf7,
        0x9e, 0xf7, 0x9e, 0xf7, 0x9e, 0xf7, 0x9e, 0xf7, 0x9e, 0xf7, 0x9e, 0xf7,
        0x9e, 0xf7, 0x9e, 0xf7, 0x9e, 0xf7, 0x9e, 0xf7, 0x9e, 0xf7, 0x9e, 0xf7,
        0x9e, 0xf7, 0x9e, 0xf7, 0x9e, 0xf7, 0x9e, 0xf7, 0x9e, 0xf7, 0x9e, 0xf7,
        0x9e, 0xf7, 0x9e, 0xf7, 0x9e, 0xf7, 0x9e, 0xf7, 0x9e, 0xf7, 0x9e, 0xf7,
        0x9e, 0xf7, 0x9e, 0xf7, 0x9e, 0xf7, 0x9e, 0xf7, 0x9e, 0xf7, 0x9e, 0xf7,
        0x34, 0xa5, 0x10, 0x84, 0x75, 0xad, 0x9e, 0xf7, 0x32, 0xad, 0x63, 0xcd,
        0x63, 0xcd, 0x63, 0xcd, 0x63, 0xcd, 0x63, 0xcd, 0x63, 0xcd, 0x63, 0xcd,
        0x63, 0xcd, 0x63, 0xcd, 0x63, 0xcd, 0x63, 0xcd, 0x63, 0xcd, 0x63, 0xcd,
        0x63, 0xcd, 0x63, 0xcd, 0x63, 0xcd, 0x63, 0xcd, 0x63, 0xcd, 0x63, 0xcd,
        0x63, 0xcd, 0x63, 0xcd, 0x63, 0xcd, 0x63, 0xcd, 0x63, 0xcd, 0x63, 0xcd,
        0x63, 0xcd, 0x63, 0xcd, 0x63, 0xcd, 0x63, 0xcd, 0x63, 0xcd, 0x63, 0xcd,
        0x63, 0xcd, 0x63, 0xcd, 0x63, 0xcd, 0x63, 0xcd, 0x63, 0xcd, 0x63, 0xcd,
        0x63, 0xcd, 0x63, 0xcd, 0x63, 0xcd, 0x63, 0xcd, 0x63, 0xcd, 0x63, 0xcd,
        0x63, 0xcd, 0x63, 0xcd, 0x63, 0xcd, 0x63, 0xcd, 0x63, 0xcd, 0x63, 0xcd,
        0x63, 0xcd, 0x63, 0xcd, 0x63, 0xcd, 0x63, 0xcd, 0x63, 0xcd, 0x63, 0xcd,
        0x63, 0xcd, 0x63, 0xcd, 0x63, 0xcd, 0x63, 0xcd, 0x63, 0xcd, 0x63, 0xcd,
        0x63, 0xcd, 0x63, 0xcd, 0x63, 0xcd, 0x63, 0xcd, 0x63, 0xcd, 0x63, 0xcd,
        0x63, 0xcd, 0x63, 0xcd, 0x63, 0xcd, 0x63, 0xcd, 0x63, 0xcd, 0x63, 0xcd,
        0x63, 0xcd, 0x63, 0xcd, 0x63, 0xcd, 0x63, 0xcd, 0x63, 0xcd, 0x63, 0xcd,
        0x63, 0xcd, 0x63, 0xcd, 0x63, 0xcd, 0x63, 0xcd, 0x63, 0xcd, 0x63, 0xcd,
        0x63, 0xcd, 0x63, 0xcd, 0x63, 0xcd, 0x63, 0xcd, 0x63, 0xcd, 0x63, 0xcd,
        0x63, 0xcd, 0xa7, 0xcd, 0xb4, 0xe6, 0x9e, 0xf7, 0x9e, 0xf7, 0x9e, 0xf7,
        0x9e, 0xf7, 0x9e, 0xf7, 0x9e, 0xf7, 0x9e, 0xf7, 0x9e, 0xf7, 0x9e, 0xf7,
        0x9e, 0xf7, 0x9e, 0xf7, 0x9e, 0xf7, 0x9e, 0xf7, 0x9e, 0xf7, 0x9e, 0xf7,
        0x9e, 0xf7, 0x9e, 0xf7, 0x9e, 0xf7, 0x9e, 0xf7, 0x9e, 0xf7, 0x9e, 0xf7,
        0x9e, 0xf7, 0x9e, 0xf7, 0x9e, 0xf7, 0x9e, 0xf7, 0x9e, 0xf7, 0x9e, 0xf7,
        0x9e, 0xf7, 0x9e, 0xf7, 0x9e, 0xf7, 0x9e, 0xf7, 0x9e, 0xf7, 0x9e, 0xf7,
        0x9e, 0xf7, 0x9e, 0xf7, 0x9e, 0xf7, 0x9e, 0xf7, 0x9e, 0xf7, 0x9e, 0xf7,
        0x9e, 0xf7, 0x9e, 0xf7, 0x9e, 0xf7, 0x9e, 0xf7, 0x9e, 0xf7, 0x9e, 0xf7,
        0x9e, 0xf7, 0x9e, 0xf7, 0x9e, 0xf7, 0x9e, 0xf7, 0x9e, 0xf7, 0x9e, 0xf7,
        0x34, 0xa5, 0x10, 0x84, 0x75, 0xad, 0x9e, 0xf7, 0x32, 0xad, 0x63, 0xcd,
        0x63, 0xcd, 0x63, 0xcd, 0x63, 0xcd, 0x63, 0xcd, 0x63, 0xcd, 0x63, 0xcd,
        0x63, 0xcd, 0x63, 0xcd, 0x63, 0xcd, 0x63, 0xcd, 0x63, 0xcd, 0x63, 0xcd,
        0x63, 0xcd, 0x63, 0xcd, 0x63, 0xcd, 0x63, 0xcd, 0x63, 0xcd, 0x63, 0xcd,
        0x63, 0xcd, 0x63, 0xcd, 0x63, 0xcd, 0x63, 0xcd, 0x63, 0xcd, 0x63, 0xcd,
        0x64, 0xcd, 0x64, 0xcd, 0x64, 0xcd, 0x64, 0xcd, 0x63, 0xcd, 0x63, 0xcd,
        0x63, 0xcd, 0x63, 0xcd, 0x63, 0xcd, 0x63, 0xcd, 0x63, 0xcd, 0x63, 0xcd,
        0x63, 0xcd, 0x63, 0xcd, 0x63, 0xcd, 0x63, 0xcd, 0x63, 0xcd, 0x63, 0xcd,
        0x63, 0xcd, 0x63, 0xcd, 0x63, 0xcd, 0x63, 0xcd, 0x63, 0xcd, 0x63, 0xcd,
        0x63, 0xcd, 0x63, 0xcd, 0x63, 0xcd, 0x63, 0xcd, 0x63, 0xcd, 0x63, 0xcd,
        0x63, 0xcd, 0x63, 0xcd, 0x63, 0xcd, 0x63, 0xcd, 0x63, 0xcd, 0x63, 0xcd,
        0x63, 0xcd, 0x63, 0xcd, 0x63, 0xcd, 0x63, 0xcd, 0x63, 0xcd, 0x63, 0xcd,
        0x63, 0xcd, 0x63, 0xcd, 0x63, 0xcd, 0x63, 0xcd, 0x63, 0xcd, 0x63, 0xcd,
        0x63, 0xcd, 0x63, 0xcd, 0x63, 0xcd, 0x63, 0xcd, 0x63, 0xcd, 0x63, 0xcd,
        0x63, 0xcd, 0x63, 0xcd, 0x63, 0xcd, 0x63, 0xcd, 0x63, 0xcd, 0x63, 0xcd,
        0x63, 0xcd, 0x63, 0xcd, 0x63, 0xcd, 0x63, 0xcd, 0x63, 0xcd, 0x63, 0xcd,
        0x63, 0xcd, 0x63, 0xcd, 0x63, 0xcd, 0xa7, 0xcd, 0xb4, 0xe6, 0x9e, 0xf7,
        0x9e, 0xf7, 0x9e, 0xf7, 0x9e, 0xf7, 0x9e, 0xf7, 0x9e, 0xf7, 0x9e, 0xf7,
        0x9e, 0xf7, 0x9e, 0xf7, 0x9e, 0xf7, 0x9e, 0xf7, 0x9e, 0xf7, 0x9e, 0xf7,
        0x9e, 0xf7, 0x9e, 0xf7, 0x9e, 0xf7, 0x9e, 0xf7, 0x9e, 0xf7, 0x9e, 0xf7,
        0x9e, 0xf7, 0x9e, 0xf7, 0x9e, 0xf7, 0x9e, 0xf7, 0x9e, 0xf7, 0x9e, 0xf7,
        0x9e, 0xf7, 0x9e, 0xf7, 0x9e, 0xf7, 0x9e, 0xf7, 0x9e, 0xf7, 0x9e, 0xf7,
        0x9e, 0xf7, 0x9e, 0xf7, 0x9e, 0xf7, 0x9e, 0xf7, 0x9e, 0xf7, 0x9e, 0xf7,
        0x9e, 0xf7, 0x9e, 0xf7, 0x9e, 0xf7, 0x9e, 0xf7, 0x9e, 0xf7, 0x9e, 0xf7,
        0x9e, 0xf7, 0x9e, 0xf7, 0x9e, 0xf7, 0x9e, 0xf7, 0x9e, 0xf7, 0xb4, 0xe6,
        0xae, 0x9c, 0x10, 0x84, 0x75, 0xad, 0x9e, 0xf7, 0x32, 0xad, 0x63, 0xcd,
        0x63, 0xcd, 0x63, 0xcd, 0x63, 0xcd, 0x63, 0xcd, 0x63, 0xcd, 0x63, 0xcd,
        0x63, 0xcd, 0x64, 0xcd, 0x64, 0xcd, 0x64, 0xcd, 0x64, 0xcd, 0x64, 0xcd,
        0x64, 0xcd, 0x64, 0xcd, 0x64, 0xcd, 0x64, 0xcd, 0x64, 0xcd, 0x64, 0xcd,
        0x64, 0xcd, 0x64, 0xcd, 0x64, 0xcd, 0x64, 0xcd, 0x64, 0xcd, 0x64, 0xcd,
        0x64, 0xcd, 0x64, 0xcd, 0x64, 0xcd, 0x64, 0xcd, 0x64, 0xcd, 0x64, 0xcd,
        0x64, 0xcd, 0x64, 0xcd, 0x64, 0xcd, 0x64, 0xcd, 0x64, 0xcd, 0x64, 0xcd,
        0x64, 0xcd, 0x64, 0xcd, 0x64, 0xcd, 0x64, 0xcd, 0x64, 0xcd, 0x64, 0xcd,
        0x64, 0xcd, 0x64, 0xcd, 0x64, 0xcd, 0x63, 0xcd, 0x63, 0xcd, 0x63, 0xcd,
        0x63, 0xcd, 0x63, 0xcd, 0x63, 0xcd, 0x63, 0xcd, 0x63, 0xcd, 0x63, 0xcd,
        0x63, 0xcd, 0x63, 0xcd, 0x63, 0xcd, 0x63, 0xcd, 0x63, 0xcd, 0x63, 0xcd,
        0x63, 0xcd, 0x63, 0xcd, 0x63, 0xcd, 0x63, 0xcd, 0x63, 0xcd, 0x63, 0xcd,
        0x63, 0xcd, 0x63, 0xcd, 0x63, 0xcd, 0x63, 0xcd, 0x63, 0xcd, 0x63, 0xcd,
        0x63, 0xcd, 0x63, 0xcd, 0x63, 0xcd, 0x63, 0xcd, 0x63, 0xcd, 0x63, 0xcd,
        0x63, 0xcd, 0x63, 0xcd, 0x63, 0xcd, 0x63, 0xcd, 0x63, 0xcd, 0x63, 0xcd,
        0x63, 0xcd, 0x63, 0xcd, 0x63, 0xcd, 0x63, 0xcd, 0x63, 0xcd, 0x63, 0xcd,
        0x63, 0xcd, 0x63, 0xcd, 0x63, 0xcd, 0x63, 0xcd, 0x63, 0xcd, 0xa7, 0xcd,
        0xb4, 0xe6, 0x9e, 0xf7, 0x9e, 0xf7, 0x9e, 0xf7, 0x9e, 0xf7, 0x9e, 0xf7,
        0x9e, 0xf7, 0x9e, 0xf7, 0x9e, 0xf7, 0x9e, 0xf7, 0x9e, 0xf7, 0x9e, 0xf7,
        0x9e, 0xf7, 0x9e, 0xf7, 0x9e, 0xf7, 0x9e, 0xf7, 0x9e, 0xf7, 0x9e, 0xf7,
        0x9e, 0xf7, 0x9e, 0xf7, 0x9e, 0xf7, 0x9e, 0xf7, 0x9e, 0xf7, 0x9e, 0xf7,
        0x9e, 0xf7, 0x9e, 0xf7, 0x9e, 0xf7, 0x9e, 0xf7, 0x9e, 0xf7, 0x9e, 0xf7,
        0x9e, 0xf7, 0x9e, 0xf7, 0x9e, 0xf7, 0x9e, 0xf7, 0x9e, 0xf7, 0x9e, 0xf7,
        0x9e, 0xf7, 0x9e, 0xf7, 0x9e, 0xf7, 0x9e, 0xf7, 0x9e, 0xf7, 0x9e, 0xf7,
        0x9e, 0xf7, 0x9e, 0xf7, 0x9e, 0xf7, 0xb4, 0xe6, 0xa7, 0xcd, 0x63, 0xcd,
        0x6b, 0x9c, 0x10, 0x84, 0x75, 0xad, 0x9e, 0xf7, 0x32, 0xad, 0x64, 0xcd,
        0x64, 0xcd, 0x64, 0xcd, 0x64, 0xcd, 0x64, 0xcd, 0x64, 0xcd, 0x64, 0xcd,
        0x64, 0xcd, 0x64, 0xcd, 0x64, 0xcd, 0x64, 0xcd, 0x64, 0xcd, 0x64, 0xcd,
        0x64, 0xcd, 0x64, 0xcd, 0x64, 0xcd, 0x64, 0xcd, 0x64, 0xcd, 0x64, 0xcd,
        0x64, 0xcd, 0x64, 0xcd, 0x64, 0xcd, 0x64, 0xcd, 0x64, 0xcd, 0x64, 0xcd,
        0x64, 0xcd, 0x64, 0xcd, 0x64, 0xcd, 0x64, 0xcd, 0x64, 0xcd, 0x64, 0xcd,
        0x64, 0xcd, 0x64, 0xcd, 0x64, 0xcd, 0x64, 0xcd, 0x64, 0xcd, 0x64, 0xcd,
        0x64, 0xcd, 0x64, 0xcd, 0x64, 0xcd, 0x64, 0xcd, 0x64, 0xcd, 0x64, 0xcd,
        0x64, 0xcd, 0x64, 0xcd, 0x64, 0xcd, 0x64, 0xcd, 0x64, 0xcd, 0x64, 0xcd,
        0x64, 0xcd, 0x64, 0xcd, 0x64, 0xcd, 0x64, 0xcd, 0x64, 0xcd, 0x63, 0xcd,
        0x63, 0xcd, 0x63, 0xcd, 0x63, 0xcd, 0x63, 0xcd, 0x63, 0xcd, 0x63, 0xcd,
        0x63, 0xcd, 0x63, 0xcd, 0x63, 0xcd, 0x63, 0xcd, 0x63, 0xcd, 0x63, 0xcd,
        0x63, 0xcd, 0x63, 0xcd, 0x63, 0xcd, 0x63, 0xcd, 0x63, 0xcd, 0x63, 0xcd,
        0x63, 0xcd, 0x63, 0xcd, 0x63, 0xcd, 0x63, 0xcd, 0x63, 0xcd, 0x63, 0xcd,
        0x63, 0xcd, 0x63, 0xcd, 0x63, 0xcd, 0x63, 0xcd, 0x63, 0xcd, 0x63, 0xcd,
        0x63, 0xcd, 0x63, 0xcd, 0x63, 0xcd, 0x63, 0xcd, 0x63, 0xcd, 0x63, 0xcd,
        0x63, 0xcd, 0x63, 0xcd, 0x63, 0xcd, 0x63, 0xcd, 0x63, 0xcd, 0x63, 0xcd,
        0x63, 0xcd, 0xea, 0xd5, 0xf7, 0xe6, 0x9e, 0xf7, 0x9e, 0xf7, 0x9e, 0xf7,
        0x9e, 0xf7, 0x9e, 0xf7, 0x9e, 0xf7, 0x9e, 0xf7, 0x9e, 0xf7, 0x9e, 0xf7,
        0x9e, 0xf7, 0x9e, 0xf7, 0x9e, 0xf7, 0x9e, 0xf7, 0x9e, 0xf7, 0x9e, 0xf7,
        0x9e, 0xf7, 0x9e, 0xf7, 0x9e, 0xf7, 0x9e, 0xf7, 0x9e, 0xf7, 0x9e, 0xf7,
        0x9e, 0xf7, 0x9e, 0xf7, 0x9e, 0xf7, 0x9e, 0xf7, 0x9e, 0xf7, 0x9e, 0xf7,
        0x9e, 0xf7, 0x9e, 0xf7, 0x9e, 0xf7, 0x9e, 0xf7, 0x9e, 0xf7, 0x9e, 0xf7,
        0x9e, 0xf7, 0x9e, 0xf7, 0x9e, 0xf7, 0x9e, 0xf7, 0x9e, 0xf7, 0x9e, 0xf7,
        0x9e, 0xf7, 0xb4, 0xe6, 0xa7, 0xcd, 0x63, 0xcd, 0x63, 0xcd, 0x64, 0xcd,
        0x6b, 0x9c, 0x10, 0x84, 0x75, 0xad, 0x9e, 0xf7, 0x32, 0xad, 0x64, 0xcd,
        0x64, 0xcd, 0x64, 0xcd, 0x64, 0xcd, 0x64, 0xcd, 0x64, 0xcd, 0x64, 0xcd,
        0x64, 0xcd, 0x64, 0xcd, 0x64, 0xcd, 0x64, 0xcd, 0x64, 0xcd, 0x64, 0xcd,
        0x64, 0xcd, 0x64, 0xcd, 0x64, 0xcd, 0x64, 0xcd, 0x64, 0xcd, 0x64, 0xcd,
        0x64, 0xcd, 0x64, 0xcd, 0x64, 0xcd, 0x64, 0xcd, 0x64, 0xcd, 0x64, 0xcd,
        0x64, 0xcd, 0x64, 0xcd, 0x64, 0xcd, 0x64, 0xcd, 0x64, 0xcd, 0x64, 0xcd,
        0x64, 0xcd, 0x64, 0xcd, 0x64, 0xcd, 0x64, 0xcd, 0x64, 0xcd, 0x64, 0xcd,
        0x64, 0xcd, 0x64, 0xcd, 0x64, 0xcd, 0x64, 0xcd, 0x64, 0xcd, 0x64, 0xcd,
        0x64, 0xcd, 0x64, 0xcd, 0x64, 0xcd, 0x64, 0xcd, 0x64, 0xcd, 0x64, 0xcd,
        0x64, 0xcd, 0x64, 0xcd, 0x64, 0xcd, 0x64, 0xcd, 0x64, 0xcd, 0x64, 0xcd,
        0x64, 0xcd, 0x64, 0xcd, 0x64, 0xcd, 0x64, 0xcd, 0x64, 0xcd, 0x63, 0xcd,
        0x63, 0xcd, 0x63, 0xcd, 0x63, 0xcd, 0x63, 0xcd, 0x63, 0xcd, 0x63, 0xcd,
        0x63, 0xcd, 0x63, 0xcd, 0x63, 0xcd, 0x63, 0xcd, 0x63, 0xcd, 0x63, 0xcd,
        0x63, 0xcd, 0x63, 0xcd, 0x63, 0xcd, 0x63, 0xcd, 0x63, 0xcd, 0x63, 0xcd,
        0x63, 0xcd, 0x63, 0xcd, 0x63, 0xcd, 0x63, 0xcd, 0x63, 0xcd, 0x63, 0xcd,
        0x63, 0xcd, 0x63, 0xcd, 0x63, 0xcd, 0x63, 0xcd, 0x63, 0xcd, 0x63, 0xcd,
        0x63, 0xcd, 0x63, 0xcd, 0x63, 0xcd, 0x63, 0xcd, 0x63, 0xcd, 0x63, 0xcd,
        0x63, 0xcd, 0x63, 0xcd, 0x63, 0xcd, 0xea, 0xd5, 0xf7, 0xe6, 0x9e, 0xf7,
        0x9e, 0xf7, 0x9e, 0xf7, 0x9e, 0xf7, 0x9e, 0xf7, 0x9e, 0xf7, 0x9e, 0xf7,
        0x9e, 0xf7, 0x9e, 0xf7, 0x9e, 0xf7, 0x9e, 0xf7, 0x9e, 0xf7, 0x9e, 0xf7,
        0x9e, 0xf7, 0x9e, 0xf7, 0x9e, 0xf7, 0x9e, 0xf7, 0x9e, 0xf7, 0x9e, 0xf7,
        0x9e, 0xf7, 0x9e, 0xf7, 0x9e, 0xf7, 0x9e, 0xf7, 0x9e, 0xf7, 0x9e, 0xf7,
        0x9e, 0xf7, 0x9e, 0xf7, 0x9e, 0xf7, 0x9e, 0xf7, 0x9e, 0xf7, 0x9e, 0xf7,
        0x9e, 0xf7, 0x9e, 0xf7, 0x9e, 0xf7, 0x9e, 0xf7, 0x9e, 0xf7, 0xb4, 0xe6,
        0xa7, 0xcd, 0x64, 0xcd, 0x64, 0xcd, 0x64, 0xcd, 0x64, 0xcd, 0x64, 0xcd,
        0x6b, 0x9c, 0x10, 0x84, 0x75, 0xad, 0x9e, 0xf7, 0x32, 0xad, 0x64, 0xcd,
        0x64, 0xcd, 0x64, 0xcd, 0x64, 0xcd, 0x64, 0xcd, 0x64, 0xcd, 0x64, 0xcd,
        0x64, 0xcd, 0x64, 0xcd, 0x64, 0xcd, 0x64, 0xcd, 0x64, 0xcd, 0x64, 0xcd,
        0x64, 0xcd, 0x64, 0xcd, 0x64, 0xcd, 0x64, 0xcd, 0x64, 0xcd, 0x64, 0xcd,
        0x64, 0xcd, 0x64, 0xcd, 0x64, 0xcd, 0x64, 0xcd, 0x64, 0xcd, 0x64, 0xcd,
        0x64, 0xcd, 0x64, 0xcd, 0x64, 0xcd, 0x64, 0xcd, 0x64, 0xcd, 0x64, 0xcd,
        0x64, 0xcd, 0x64, 0xcd, 0x64, 0xcd, 0x64, 0xcd, 0x64, 0xcd, 0x64, 0xcd,
        0x64, 0xcd, 0x64, 0xcd, 0x64, 0xcd, 0x64, 0xcd, 0x64, 0xcd, 0x64, 0xcd,
        0x64, 0xcd, 0x64, 0xcd, 0x64, 0xcd, 0x64, 0xcd, 0x64, 0xcd, 0x64, 0xcd,
        0x64, 0xcd, 0x64, 0xcd, 0x64, 0xcd, 0x64, 0xcd, 0x64, 0xcd, 0x64, 0xcd,
        0x64, 0xcd, 0x64, 0xcd, 0x64, 0xcd, 0x64, 0xcd, 0x64, 0xcd, 0x64, 0xcd,
        0x64, 0xcd, 0x64, 0xcd, 0x64, 0xcd, 0x64, 0xcd, 0x63, 0xcd, 0x63, 0xcd,
        0x63, 0xcd, 0x63, 0xcd, 0x63, 0xcd, 0x63, 0xcd, 0x63, 0xcd, 0x63, 0xcd,
        0x63, 0xcd, 0x63, 0xcd, 0x63, 0xcd, 0x63, 0xcd, 0x63, 0xcd, 0x63, 0xcd,
        0x63, 0xcd, 0x63, 0xcd, 0x63, 0xcd, 0x63, 0xcd, 0x63, 0xcd, 0x63, 0xcd,
        0x63, 0xcd, 0x63, 0xcd, 0x63, 0xcd, 0x63, 0xcd, 0x63, 0xcd, 0x63, 0xcd,
        0x63, 0xcd, 0x63, 0xcd, 0x63, 0xcd, 0x63, 0xcd, 0x63, 0xcd, 0x63, 0xcd,
        0x63, 0xcd, 0x63, 0xcd, 0x63, 0xcd, 0x63, 0xcd, 0x63, 0xcd, 0xea, 0xd5,
        0xf7, 0xe6, 0x9e, 0xf7, 0x9e, 0xf7, 0x9e, 0xf7, 0x9e, 0xf7, 0x9e, 0xf7,
        0x9e, 0xf7, 0x9e, 0xf7, 0x9e, 0xf7, 0x9e, 0xf7, 0x9e, 0xf7, 0x9e, 0xf7,
        0x9e, 0xf7, 0x9e, 0xf7, 0x9e, 0xf7, 0x9e, 0xf7, 0x9e, 0xf7, 0x9e, 0xf7,
        0x9e, 0xf7, 0x9e, 0xf7, 0x9e, 0xf7, 0x9e, 0xf7, 0x9e, 0xf7, 0x9e, 0xf7,
        0x9e, 0xf7, 0x9e, 0xf7, 0x9e, 0xf7, 0x9e, 0xf7, 0x9e, 0xf7, 0x9e, 0xf7,
        0x9e, 0xf7, 0x9e, 0xf7, 0x9e, 0xf7, 0xb4, 0xe6, 0xa7, 0xcd, 0x64, 0xcd,
        0x64, 0xcd, 0x64, 0xcd, 0x64, 0xcd, 0x64, 0xcd, 0x64, 0xcd, 0x64, 0xcd,
        0x6b, 0x9c, 0x10, 0x84, 0x75, 0xad, 0x9e, 0xf7, 0x32, 0xad, 0x64, 0xcd,
        0x64, 0xcd, 0x64, 0xcd, 0x64, 0xcd, 0x64, 0xcd, 0x64, 0xcd, 0x64, 0xcd,
        0x64, 0xcd, 0x64, 0xcd, 0x64, 0xcd, 0x64, 0xcd, 0x64, 0xcd, 0x64, 0xcd,
        0x64, 0xcd, 0x64, 0xcd, 0x64, 0xcd, 0x64, 0xcd, 0x64, 0xcd, 0x64, 0xcd,
        0x64, 0xcd, 0x64, 0xcd, 0x64, 0xcd, 0x64, 0xcd, 0x64, 0xcd, 0x64, 0xcd,
        0x64, 0xcd, 0x64, 0xcd, 0x64, 0xcd, 0x64, 0xcd, 0x64, 0xcd, 0x64, 0xcd,
        0x64, 0xcd, 0x64, 0xcd, 0x64, 0xcd, 0x64, 0xcd, 0x64, 0xcd, 0x64, 0xcd,
        0x64, 0xcd, 0x64, 0xcd, 0x64, 0xcd, 0x64, 0xcd, 0x64, 0xcd, 0x64, 0xcd,
        0x64, 0xcd, 0x64, 0xcd, 0x64, 0xcd, 0x64, 0xcd, 0x64, 0xcd, 0x64, 0xcd,
        0x64, 0xcd, 0x64, 0xcd, 0x64, 0xcd, 0x64, 0xcd, 0x64, 0xcd, 0x64, 0xcd,
        0x64, 0xcd, 0x64, 0xcd, 0x64, 0xcd, 0x64, 0xcd, 0x64, 0xcd, 0x64, 0xcd,
        0x64, 0xcd, 0x64, 0xcd, 0x64, 0xcd, 0x64, 0xcd, 0x64, 0xcd, 0x64, 0xcd,
        0x64, 0xcd, 0x64, 0xcd, 0x63, 0xcd, 0x63, 0xcd, 0x63, 0xcd, 0x63, 0xcd,
        0x63, 0xcd, 0x63, 0xcd, 0x63, 0xcd, 0x63, 0xcd, 0x63, 0xcd, 0x63, 0xcd,
        0x63, 0xcd, 0x63, 0xcd, 0x63, 0xcd, 0x63, 0xcd, 0x63, 0xcd, 0x63, 0xcd,
        0x63, 0xcd, 0x63, 0xcd, 0x63, 0xcd, 0x63, 0xcd, 0x63, 0xcd, 0x63, 0xcd,
        0x63, 0xcd, 0x63, 0xcd, 0x63, 0xcd, 0x63, 0xcd, 0x63, 0xcd, 0x63, 0xcd,
        0x63, 0xcd, 0x63, 0xcd, 0x63, 0xcd, 0x63, 0xcd, 0x63, 0xcd, 0x63, 0xcd,
        0x63, 0xcd, 0xea, 0xd5, 0xf7, 0xe6, 0x9e, 0xf7, 0x9e, 0xf7, 0x9e, 0xf7,
        0x9e, 0xf7, 0x9e, 0xf7, 0x9e, 0xf7, 0x9e, 0xf7, 0x9e, 0xf7, 0x9e, 0xf7,
        0x9e, 0xf7, 0x9e, 0xf7, 0x9e, 0xf7, 0x9e, 0xf7, 0x9e, 0xf7, 0x9e, 0xf7,
        0x9e, 0xf7, 0x9e, 0xf7, 0x9e, 0xf7, 0x9e, 0xf7, 0x9e, 0xf7, 0x9e, 0xf7,
        0x9e, 0xf7, 0x9e, 0xf7, 0x9e, 0xf7, 0x9e, 0xf7, 0x9e, 0xf7, 0x9e, 0xf7,
        0x9e, 0xf7, 0xf7, 0xe6, 0xea, 0xd5, 0x64, 0xcd, 0x64, 0xcd, 0x64, 0xcd,
        0x64, 0xcd, 0x64, 0xcd, 0x64, 0xcd, 0x64, 0xcd, 0x64, 0xcd, 0x64, 0xcd,
        0x6b, 0x9c, 0x10, 0x84, 0x75, 0xad, 0x9e, 0xf7, 0x32, 0xad, 0x64, 0xcd,
        0x64, 0xcd, 0x64, 0xcd, 0x64, 0xcd, 0x64, 0xcd, 0x64, 0xcd, 0x64, 0xcd,
        0x64, 0xcd, 0x64, 0xcd, 0x64, 0xcd, 0x64, 0xcd, 0x64, 0xcd, 0x64, 0xcd,
        0x64, 0xcd, 0x64, 0xcd, 0x64, 0xcd, 0x64, 0xcd, 0x64, 0xcd, 0x64, 0xcd,
        0x64, 0xcd, 0x64, 0xcd, 0x64, 0xcd, 0x64, 0xcd, 0x64, 0xcd, 0x64, 0xcd,
        0x64, 0xcd, 0x64, 0xcd, 0x64, 0xcd, 0x64, 0xcd, 0x64, 0xcd, 0x64, 0xcd,
        0x64, 0xcd, 0x64, 0xcd, 0x64, 0xcd, 0x64, 0xcd, 0x64, 0xcd, 0x64, 0xcd,
        0x64, 0xcd, 0x64, 0xcd, 0x64, 0xcd, 0x64, 0xcd, 0x64, 0xcd, 0x64, 0xcd,
        0x64, 0xcd, 0x64, 0xcd, 0x64, 0xcd, 0x64, 0xcd, 0x64, 0xcd, 0x64, 0xcd,
        0x64, 0xcd, 0x64, 0xcd, 0x64, 0xcd, 0x64, 0xcd, 0x64, 0xcd, 0x64, 0xcd,
        0x64, 0xcd, 0x64, 0xcd, 0x64, 0xcd, 0x64, 0xcd, 0x64, 0xcd, 0x64, 0xcd,
        0x64, 0xcd, 0x64, 0xcd, 0x64, 0xcd, 0x64, 0xcd, 0x64, 0xcd, 0x64, 0xcd,
        0x64, 0xcd, 0x64, 0xcd, 0x64, 0xcd, 0x64, 0xcd, 0x64, 0xcd, 0x64, 0xcd,
        0x63, 0xcd, 0x63, 0xcd, 0x63, 0xcd, 0x63, 0xcd, 0x63, 0xcd, 0x63, 0xcd,
        0x63, 0xcd, 0x63, 0xcd, 0x63, 0xcd, 0x63, 0xcd, 0x63, 0xcd, 0x63, 0xcd,
        0x63, 0xcd, 0x63, 0xcd, 0x63, 0xcd, 0x63, 0xcd, 0x63, 0xcd, 0x63, 0xcd,
        0x63, 0xcd, 0x63, 0xcd, 0x63, 0xcd, 0x63, 0xcd, 0x63, 0xcd, 0x63, 0xcd,
        0x63, 0xcd, 0x63, 0xcd, 0x63, 0xcd, 0x63, 0xcd, 0x63, 0xcd, 0x63, 0xcd,
        0x63, 0xcd, 0x63, 0xcd, 0x63, 0xcd, 0xea, 0xd5, 0xf7, 0xe6, 0x9e, 0xf7,
        0x9e, 0xf7, 0x9e, 0xf7, 0x9e, 0xf7, 0x9e, 0xf7, 0x9e, 0xf7, 0x9e, 0xf7,
        0x9e, 0xf7, 0x9e, 0xf7, 0x9e, 0xf7, 0x9e, 0xf7, 0x9e, 0xf7, 0x9e, 0xf7,
        0x9e, 0xf7, 0x9e, 0xf7, 0x9e, 0xf7, 0x9e, 0xf7, 0x9e, 0xf7, 0x9e, 0xf7,
        0x9e, 0xf7, 0x9e, 0xf7, 0x9e, 0xf7, 0x9e, 0xf7, 0x9e, 0xf7, 0x39, 0xef,
        0xea, 0xd5, 0x64, 0xcd, 0x64, 0xcd, 0x64, 0xcd, 0x64, 0xcd, 0x64, 0xcd,
        0x64, 0xcd, 0x64, 0xcd, 0x64, 0xcd, 0x64, 0xcd, 0x64, 0xcd, 0x64, 0xcd,
        0x6b, 0x9c, 0x10, 0x84, 0x55, 0xad, 0x7d, 0xef, 0x52, 0xad, 0x64, 0xcd,
        0x64, 0xcd, 0x64, 0xcd, 0x64, 0xcd, 0x64, 0xcd, 0x64, 0xcd, 0x64, 0xcd,
        0x64, 0xcd, 0x64, 0xcd, 0x64, 0xcd, 0x64, 0xcd, 0x64, 0xcd, 0x64, 0xcd,
        0x64, 0xcd, 0x64, 0xcd, 0x64, 0xcd, 0x64, 0xcd, 0x64, 0xcd, 0x64, 0xcd,
        0x64, 0xcd, 0x64, 0xcd, 0x64, 0xcd, 0x64, 0xcd, 0x64, 0xcd, 0x64, 0xcd,
        0x64, 0xcd, 0x64, 0xcd, 0x64, 0xcd, 0x64, 0xcd, 0x64, 0xcd, 0x64, 0xcd,
        0x64, 0xcd, 0x64, 0xcd, 0x64, 0xcd, 0x64, 0xcd, 0x64, 0xcd, 0x64, 0xcd,
        0x64, 0xcd, 0x64, 0xcd, 0x64, 0xcd, 0x64, 0xcd, 0x64, 0xcd, 0x64, 0xcd,
        0x64, 0xcd, 0x64, 0xcd, 0x64, 0xcd, 0x64, 0xcd, 0x64, 0xcd, 0x64, 0xcd,
        0x64, 0xcd, 0x64, 0xcd, 0x64, 0xcd, 0x64, 0xcd, 0x64, 0xcd, 0x64, 0xcd,
        0x64, 0xcd, 0x64, 0xcd, 0x64, 0xcd, 0x64, 0xcd, 0x64, 0xcd, 0x64, 0xcd,
        0x64, 0xcd, 0x64, 0xcd, 0x64, 0xcd, 0x64, 0xcd, 0x64, 0xcd, 0x64, 0xcd,
        0x64, 0xcd, 0x64, 0xcd, 0x64, 0xcd, 0x64, 0xcd, 0x64, 0xcd, 0x64, 0xcd,
        0x64, 0xcd, 0x64, 0xcd, 0x64, 0xcd, 0x63, 0xcd, 0x63, 0xcd, 0x63, 0xcd,
        0x63, 0xcd, 0x63, 0xcd, 0x63, 0xcd, 0x63, 0xcd, 0x63, 0xcd, 0x63, 0xcd,
        0x63, 0xcd, 0x63, 0xcd, 0x63, 0xcd, 0x63, 0xcd, 0x63, 0xcd, 0x63, 0xcd,
        0x63, 0xcd, 0x63, 0xcd, 0x63, 0xcd, 0x63, 0xcd, 0x63, 0xcd, 0x63, 0xcd,
        0x63, 0xcd, 0x63, 0xcd, 0x63, 0xcd, 0x63, 0xcd, 0x63, 0xcd, 0x63, 0xcd,
        0x63, 0xcd, 0x63, 0xcd, 0x63, 0xcd, 0x63, 0xcd, 0x63, 0xcd, 0xea, 0xd5,
        0x19, 0xef, 0x9e, 0xf7, 0x9e, 0xf7, 0x9e, 0xf7, 0x9e, 0xf7, 0x9e, 0xf7,
        0x9e, 0xf7, 0x9e, 0xf7, 0x9e, 0xf7, 0x9e, 0xf7, 0x9e, 0xf7, 0x9e, 0xf7,
        0x9e, 0xf7, 0x9e, 0xf7, 0x9e, 0xf7, 0x9e, 0xf7, 0x9e, 0xf7, 0x9e, 0xf7,
        0x9e, 0xf7, 0x9e, 0xf7, 0x9e, 0xf7, 0x9e, 0xf7, 0x9e, 0xf7, 0x4e, 0xde,
        0x84, 0xcd, 0x64, 0xcd, 0x64, 0xcd, 0x64, 0xcd, 0x64, 0xcd, 0x64, 0xcd,
        0x64, 0xcd, 0x64, 0xcd, 0x64, 0xcd, 0x64, 0xcd, 0x64, 0xcd, 0x64, 0xcd,
        0x6b, 0x9c, 0x10, 0x84, 0x55, 0xad, 0x7d, 0xef, 0x52, 0xad, 0x64, 0xcd,
        0x64, 0xcd, 0x64, 0xcd, 0x64, 0xcd, 0x64, 0xcd, 0x64, 0xcd, 0x64, 0xcd,
        0x64, 0xcd, 0x64, 0xcd, 0x64, 0xcd, 0x84, 0xcd, 0x84, 0xcd, 0x84, 0xcd,
        0x84, 0xcd, 0x84, 0xcd, 0x84, 0xcd, 0x84, 0xcd, 0x84, 0xcd, 0x84, 0xcd,
        0x84, 0xcd, 0x84, 0xcd, 0x84, 0xcd, 0x84, 0xcd, 0x84, 0xcd, 0x84, 0xcd,
        0x84, 0xcd, 0x84, 0xcd, 0x84, 0xcd, 0x84, 0xcd, 0x84, 0xcd, 0x84, 0xcd,
        0x84, 0xcd, 0x84, 0xcd, 0x84, 0xcd, 0x84, 0xcd, 0x84, 0xcd, 0x84, 0xcd,
        0x84, 0xcd, 0x84, 0xcd, 0x84, 0xcd, 0x84, 0xcd, 0x84, 0xcd, 0x84, 0xcd,
        0x64, 0xcd, 0x64, 0xcd, 0x64, 0xcd, 0x64, 0xcd, 0x64, 0xcd, 0x64, 0xcd,
        0x64, 0xcd, 0x64, 0xcd, 0x64, 0xcd, 0x64, 0xcd, 0x64, 0xcd, 0x64, 0xcd,
        0x64, 0xcd, 0x64, 0xcd, 0x64, 0xcd, 0x64, 0xcd, 0x64, 0xcd, 0x64, 0xcd,
        0x64, 0xcd, 0x64, 0xcd, 0x64, 0xcd, 0x64, 0xcd, 0x64, 0xcd, 0x64, 0xcd,
        0x64, 0xcd, 0x64, 0xcd, 0x64, 0xcd, 0x64, 0xcd, 0x64, 0xcd, 0x64, 0xcd,
        0x64, 0xcd, 0x64, 0xcd, 0x64, 0xcd, 0x64, 0xcd, 0x64, 0xcd, 0x64, 0xcd,
        0x64, 0xcd, 0x63, 0xcd, 0x63, 0xcd, 0x63, 0xcd, 0x63, 0xcd, 0x63, 0xcd,
        0x63, 0xcd, 0x63, 0xcd, 0x63, 0xcd, 0x63, 0xcd, 0x63, 0xcd, 0x63, 0xcd,
        0x63, 0xcd, 0x63, 0xcd, 0x63, 0xcd, 0x63, 0xcd, 0x63, 0xcd, 0x63, 0xcd,
        0x63, 0xcd, 0x63, 0xcd, 0x63, 0xcd, 0x63, 0xcd, 0x63, 0xcd, 0x63, 0xcd,
        0x63, 0xcd, 0x63, 0xcd, 0x63, 0xcd, 0x63, 0xcd, 0x63, 0xcd, 0x43, 0xc5,
        0x0d, 0xd6, 0x9e, 0xf7, 0x9e, 0xf7, 0x9e, 0xf7, 0x9e, 0xf7, 0x9e, 0xf7,
        0x9e, 0xf7, 0x9e, 0xf7, 0x9e, 0xf7, 0x9e, 0xf7, 0x9e, 0xf7, 0x9e, 0xf7,
        0x9e, 0xf7, 0x9e, 0xf7, 0x9e, 0xf7, 0x9e, 0xf7, 0x9e, 0xf7, 0x9e, 0xf7,
        0x9e, 0xf7, 0x9e, 0xf7, 0x9e, 0xf7, 0x9e, 0xf7, 0x9e, 0xf7, 0x4e, 0xde,
        0x84, 0xcd, 0xa4, 0xcd, 0x84, 0xcd, 0x64, 0xcd, 0x64, 0xcd, 0x64, 0xcd,
        0x64, 0xcd, 0x64, 0xcd, 0x64, 0xcd, 0x64, 0xcd, 0x64, 0xcd, 0x64, 0xcd,
        0x6b, 0x9c, 0x10, 0x84, 0x55, 0xad, 0x7d, 0xef, 0x52, 0xad, 0x64, 0xcd,
        0x64, 0xcd, 0x64, 0xcd, 0x84, 0xcd, 0x84, 0xcd, 0x84, 0xcd, 0x84, 0xcd,
        0x84, 0xcd, 0x84, 0xcd, 0x84, 0xcd, 0x84, 0xcd, 0x84, 0xcd, 0x84, 0xcd,
        0x84, 0xcd, 0x84, 0xcd, 0x84, 0xcd, 0x84, 0xcd, 0x84, 0xcd, 0x84, 0xcd,
        0x84, 0xcd, 0x84, 0xcd, 0x84, 0xcd, 0x84, 0xcd, 0x84, 0xcd, 0x84, 0xcd,
        0x84, 0xcd, 0x84, 0xcd, 0x84, 0xcd, 0x84, 0xcd, 0x84, 0xcd, 0x84, 0xcd,
        0x84, 0xcd, 0x84, 0xcd, 0x84, 0xcd, 0x84, 0xcd, 0x84, 0xcd, 0x84, 0xcd,
        0x84, 0xcd, 0x84, 0xcd, 0x84, 0xcd, 0x84, 0xcd, 0x84, 0xcd, 0x84, 0xcd,
        0x84, 0xcd, 0x84, 0xcd, 0x84, 0xcd, 0x84, 0xcd, 0x84, 0xcd, 0x84, 0xcd,
        0x84, 0xcd, 0x84, 0xcd, 0x64, 0xcd, 0x64, 0xcd, 0x64, 0xcd, 0x64, 0xcd,
        0x64, 0xcd, 0x64, 0xcd, 0x64, 0xcd, 0x64, 0xcd, 0x64, 0xcd, 0x64, 0xcd,
        0x64, 0xcd, 0x64, 0xcd, 0x64, 0xcd, 0x64, 0xcd, 0x64, 0xcd, 0x64, 0xcd,
        0x64, 0xcd, 0x64, 0xcd, 0x64, 0xcd, 0x64, 0xcd, 0x64, 0xcd, 0x64, 0xcd,
        0x64, 0xcd, 0x64, 0xcd, 0x64, 0xcd, 0x64, 0xcd, 0x64, 0xcd, 0x64, 0xcd,
        0x64, 0xcd, 0x64, 0xcd, 0x64, 0xcd, 0x63, 0xcd, 0x63, 0xcd, 0x63, 0xcd,
        0x63, 0xcd, 0x63, 0xcd, 0x63, 0xcd, 0x63, 0xcd, 0x63, 0xcd, 0x63, 0xcd,
        0x63, 0xcd, 0x63, 0xcd, 0x63, 0xcd, 0x63, 0xcd, 0x63, 0xcd, 0x63, 0xcd,
        0x63, 0xcd, 0x63, 0xcd, 0x63, 0xcd, 0x63, 0xcd, 0x63, 0xcd, 0x63, 0xcd,
        0x63, 0xcd, 0x63, 0xcd, 0x63, 0xcd, 0x43, 0xc5, 0x23, 0xc5, 0x23, 0xc5,
        0x0d, 0xd6, 0x9e, 0xf7, 0x9e, 0xf7, 0x9e, 0xf7, 0x9e, 0xf7, 0x9e, 0xf7,
        0x9e, 0xf7, 0x9e, 0xf7, 0x9e, 0xf7, 0x9e, 0xf7, 0x9e, 0xf7, 0x9e, 0xf7,
        0x9e, 0xf7, 0x9e, 0xf7, 0x9e, 0xf7, 0x9e, 0xf7, 0x9e, 0xf7, 0x9e, 0xf7,
        0x9e, 0xf7, 0x9e, 0xf7, 0x9e, 0xf7, 0x9e, 0xf7, 0x9e, 0xf7, 0x4e, 0xde,
        0x84, 0xcd, 0xa4, 0xcd, 0xa4, 0xcd, 0xa4, 0xcd, 0x84, 0xcd, 0x64, 0xcd,
        0x64, 0xcd, 0x64, 0xcd, 0x64, 0xcd, 0x64, 0xcd, 0x64, 0xcd, 0x64, 0xcd,
        0x6b, 0x9c, 0x10, 0x84, 0x55, 0xad, 0x5d, 0xef, 0x52, 0xad, 0x84, 0xcd,
        0x84, 0xcd, 0x84, 0xcd, 0x84, 0xcd, 0x84, 0xcd, 0x84, 0xcd, 0x84, 0xcd,
        0x84, 0xcd, 0x84, 0xcd, 0x84, 0xcd, 0x84, 0xcd, 0x84, 0xcd, 0x84, 0xcd,
        0x84, 0xcd, 0x84, 0xcd, 0x84, 0xcd, 0x84, 0xcd, 0x84, 0xcd, 0x84, 0xcd,
        0x84, 0xcd, 0x84, 0xcd, 0x84, 0xcd, 0x84, 0xcd, 0x84, 0xcd, 0x84, 0xcd,
        0x84, 0xcd, 0x84, 0xcd, 0x84, 0xcd, 0x84, 0xcd, 0x84, 0xcd, 0x84, 0xcd,
        0x84, 0xcd, 0x84, 0xcd, 0x84, 0xcd, 0x84, 0xcd, 0x84, 0xcd, 0x84, 0xcd,
        0x84, 0xcd, 0x84, 0xcd, 0x84, 0xcd, 0x84, 0xcd, 0x84, 0xcd, 0x84, 0xcd,
        0x84, 0xcd, 0x84, 0xcd, 0x84, 0xcd, 0x84, 0xcd, 0x84, 0xcd, 0x84, 0xcd,
        0x84, 0xcd, 0x84, 0xcd, 0x84, 0xcd, 0x84, 0xcd, 0x84, 0xcd, 0x84, 0xcd,
        0x84, 0xcd, 0x84, 0xcd, 0x64, 0xcd, 0x64, 0xcd, 0x64, 0xcd, 0x64, 0xcd,
        0x64, 0xcd, 0x64, 0xcd, 0x64, 0xcd, 0x64, 0xcd, 0x64, 0xcd, 0x64, 0xcd,
        0x64, 0xcd, 0x64, 0xcd, 0x64, 0xcd, 0x64, 0xcd, 0x64, 0xcd, 0x64, 0xcd,
        0x64, 0xcd, 0x64, 0xcd, 0x64, 0xcd, 0x64, 0xcd, 0x64, 0xcd, 0x64, 0xcd,
        0x64, 0xcd, 0x64, 0xcd, 0x64, 0xcd, 0x64, 0xcd, 0x64, 0xcd, 0x64, 0xcd,
        0x63, 0xcd, 0x63, 0xcd, 0x63, 0xcd, 0x63, 0xcd, 0x63, 0xcd, 0x63, 0xcd,
        0x63, 0xcd, 0x63, 0xcd, 0x63, 0xcd, 0x63, 0xcd, 0x63, 0xcd, 0x63, 0xcd,
        0x63, 0xcd, 0x63, 0xcd, 0x63, 0xcd, 0x63, 0xcd, 0x63, 0xcd, 0x63, 0xcd,
        0x63, 0xcd, 0x43, 0xc5, 0x23, 0xc5, 0x23, 0xc5, 0x23, 0xc5, 0x23, 0xc5,
        0x0d, 0xd6, 0x9e, 0xf7, 0x9e, 0xf7, 0x9e, 0xf7, 0x9e, 0xf7, 0x9e, 0xf7,
        0x9e, 0xf7, 0x9e, 0xf7, 0x9e, 0xf7, 0x9e, 0xf7, 0x9e, 0xf7, 0x9e, 0xf7,
        0x9e, 0xf7, 0x9e, 0xf7, 0x9e, 0xf7, 0x9e, 0xf7, 0x9e, 0xf7, 0x9e, 0xf7,
        0x9e, 0xf7, 0x9e, 0xf7, 0x9e, 0xf7, 0x9e, 0xf7, 0x9e, 0xf7, 0x4e, 0xde,
        0x84, 0xcd, 0xa4, 0xcd, 0xa4, 0xcd, 0xa4, 0xcd, 0xa4, 0xd5, 0xa4, 0xd5,
        0x84, 0xcd, 0x84, 0xcd, 0x64, 0xcd, 0x84, 0xcd, 0x84, 0xcd, 0x84, 0xcd,
        0x6b, 0x9c, 0x10, 0x84, 0x55, 0xad, 0x5d, 0xef, 0x52, 0xad, 0x84, 0xcd,
        0x84, 0xcd, 0x84, 0xcd, 0x84, 0xcd, 0x84, 0xcd, 0x84, 0xcd, 0x84, 0xcd,
        0x84, 0xcd, 0x84, 0xcd, 0x84, 0xcd, 0x84, 0xcd, 0x84, 0xcd, 0x84, 0xcd,
        0x84, 0xcd, 0x84, 0xcd, 0x84, 0xcd, 0x84, 0xcd, 0x84, 0xcd, 0x84, 0xcd,
        0x84, 0xcd, 0x84, 0xcd, 0x84, 0xcd, 0x84, 0xcd, 0x84, 0xcd, 0x84, 0xcd,
        0x84, 0xcd, 0x84, 0xcd, 0x84, 0xcd, 0x84, 0xcd, 0x84, 0xcd, 0x84, 0xcd,
        0x84, 0xcd, 0x84, 0xcd, 0x84, 0xcd, 0x84, 0xcd, 0x84, 0xcd, 0x84, 0xcd,
        0x84, 0xcd, 0x84, 0xcd, 0x84, 0xcd, 0x84, 0xcd, 0x84, 0xcd, 0x84, 0xcd,
        0x84, 0xcd, 0x84, 0xcd, 0x84, 0xcd, 0x84, 0xcd, 0x84, 0xcd, 0x84, 0xcd,
        0x84, 0xcd, 0x84, 0xcd, 0x84, 0xcd, 0x84, 0xcd, 0x84, 0xcd, 0x84, 0xcd,
        0x84, 0xcd, 0x84, 0xcd, 0x84, 0xcd, 0x84, 0xcd, 0x84, 0xcd, 0x84, 0xcd,
        0x84, 0xcd, 0x64, 0xcd, 0x64, 0xcd, 0x64, 0xcd, 0x64, 0xcd, 0x64, 0xcd,
        0x64, 0xcd, 0x64, 0xcd, 0x64, 0xcd, 0x64, 0xcd, 0x64, 0xcd, 0x64, 0xcd,
        0x64, 0xcd, 0x64, 0xcd, 0x64, 0xcd, 0x64, 0xcd, 0x64, 0xcd, 0x64, 0xcd,
        0x64, 0xcd, 0x64, 0xcd, 0x64, 0xcd, 0x64, 0xcd, 0x64, 0xcd, 0x64, 0xcd,
        0x64, 0xcd, 0x64, 0xcd, 0x64, 0xcd, 0x63, 0xcd, 0x63, 0xcd, 0x63, 0xcd,
        0x63, 0xcd, 0x63, 0xcd, 0x63, 0xcd, 0x63, 0xcd, 0x63, 0xcd, 0x63, 0xcd,
        0x63, 0xcd, 0x63, 0xcd, 0x63, 0xcd, 0x63, 0xcd, 0x63, 0xcd, 0x43, 0xc5,
        0x23, 0xc5, 0x23, 0xc5, 0x23, 0xc5, 0x23, 0xc5, 0x23, 0xc5, 0x23, 0xc5,
        0x0d, 0xd6, 0x9e, 0xf7, 0x9e, 0xf7, 0x9e, 0xf7, 0x9e, 0xf7, 0x9e, 0xf7,
        0x9e, 0xf7, 0x9e, 0xf7, 0x9e, 0xf7, 0x9e, 0xf7, 0x9e, 0xf7, 0x9e, 0xf7,
        0x9e, 0xf7, 0x9e, 0xf7, 0x9e, 0xf7, 0x9e, 0xf7, 0x9e, 0xf7, 0x9e, 0xf7,
        0x9e, 0xf7, 0x9e, 0xf7, 0x9e, 0xf7, 0x9e, 0xf7, 0x9e, 0xf7, 0x4e, 0xde,
        0x84, 0xcd, 0x84, 0xcd, 0xa4, 0xcd, 0xa4, 0xcd, 0xa4, 0xd5, 0xa4, 0xd5,
        0xa4, 0xd5, 0xa4, 0xd5, 0x84, 0xcd, 0x84, 0xcd, 0x84, 0xcd, 0x84, 0xcd,
        0x6b, 0x94, 0x10, 0x84, 0x55, 0xad, 0x3c, 0xe7, 0x52, 0xad, 0x84, 0xcd,
        0x84, 0xcd, 0x84, 0xcd, 0x84, 0xcd, 0x84, 0xcd, 0x84, 0xcd, 0x84, 0xcd,
        0x84, 0xcd, 0x84, 0xcd, 0x84, 0xcd, 0x84, 0xcd, 0x84, 0xcd, 0x84, 0xcd,
        0x84, 0xcd, 0x84, 0xcd, 0x84, 0xcd, 0x84, 0xcd, 0x84, 0xcd, 0x84, 0xcd,
        0x84, 0xcd, 0x84, 0xcd, 0x84, 0xcd, 0x84, 0xcd, 0x84, 0xcd, 0x84, 0xcd,
        0x84, 0xcd, 0x84, 0xcd, 0x84, 0xcd, 0x84, 0xcd, 0x84, 0xcd, 0x84, 0xcd,
        0x84, 0xcd, 0x84, 0xcd, 0x84, 0xcd, 0x84, 0xcd, 0x84, 0xcd, 0x84, 0xcd,
        0x84, 0xcd, 0x84, 0xcd, 0x84, 0xcd, 0x84, 0xcd, 0x84, 0xcd, 0x84, 0xcd,
        0x84, 0xcd, 0x84, 0xcd, 0x84, 0xcd, 0x84, 0xcd, 0x84, 0xcd, 0x84, 0xcd,
        0x84, 0xcd, 0x84, 0xcd, 0x84, 0xcd, 0x84, 0xcd, 0x84, 0xcd, 0x84, 0xcd,
        0x84, 0xcd, 0x84, 0xcd, 0x84, 0xcd, 0x84, 0xcd, 0x84, 0xcd, 0x84, 0xcd,
        0x84, 0xcd, 0x84, 0xcd, 0x84, 0xcd, 0x84, 0xcd, 0x84, 0xcd, 0x64, 0xcd,
        0x64, 0xcd, 0x64, 0xcd, 0x64, 0xcd, 0x64, 0xcd, 0x64, 0xcd, 0x64, 0xcd,
        0x64, 0xcd, 0x64, 0xcd, 0x64, 0xcd, 0x64, 0xcd, 0x64, 0xcd, 0x64, 0xcd,
        0x64, 0xcd, 0x64, 0xcd, 0x64, 0xcd, 0x64, 0xcd, 0x64, 0xcd, 0x64, 0xcd,
        0x64, 0xcd, 0x64, 0xcd, 0x64, 0xcd, 0x64, 0xcd, 0x64, 0xcd, 0x63, 0xcd,
        0x63, 0xcd, 0x63, 0xcd, 0x63, 0xcd, 0x63, 0xcd, 0x63, 0xcd, 0x63, 0xcd,
        0x63, 0xcd, 0x63, 0xcd, 0x63, 0xcd, 0x43, 0xc5, 0x23, 0xc5, 0x23, 0xc5,
        0x23, 0xc5, 0x23, 0xc5, 0x23, 0xc5, 0x23, 0xc5, 0x23, 0xc5, 0x23, 0xc5,
        0x0d, 0xd6, 0x9e, 0xf7, 0x9e, 0xf7, 0x9e, 0xf7, 0x9e, 0xf7, 0x9e, 0xf7,
        0x9e, 0xf7, 0x9e, 0xf7, 0x9e, 0xf7, 0x9e, 0xf7, 0x9e, 0xf7, 0x9e, 0xf7,
        0x9e, 0xf7, 0x9e, 0xf7, 0x9e, 0xf7, 0x9e, 0xf7, 0x9e, 0xf7, 0x9e, 0xf7,
        0x9e, 0xf7, 0x9e, 0xf7, 0x9e, 0xf7, 0x9e, 0xf7, 0x9e, 0xf7, 0x4e, 0xde,
        0x84, 0xcd, 0x84, 0xcd, 0xa4, 0xcd, 0xa4, 0xcd, 0xa4, 0xd5, 0xa4, 0xd5,
        0xa4, 0xd5, 0xa4, 0xd5, 0xa4, 0xd5, 0xa4, 0xd5, 0x84, 0xcd, 0x84, 0xcd,
        0x6a, 0x94, 0x10, 0x84, 0x55, 0xad, 0x3c, 0xe7, 0x52, 0xad, 0x84, 0xcd,
        0x84, 0xcd, 0x84, 0xcd, 0x84, 0xcd, 0x84, 0xcd, 0x84, 0xcd, 0x84, 0xcd,
        0x84, 0xcd, 0x84, 0xcd, 0x84, 0xcd, 0x84, 0xcd, 0x84, 0xcd, 0x84, 0xcd,
        0x84, 0xcd, 0x84, 0xcd, 0x84, 0xcd, 0x84, 0xcd, 0x84, 0xcd, 0x84, 0xcd,
        0x84, 0xcd, 0x84, 0xcd, 0x84, 0xcd, 0x84, 0xcd, 0x84, 0xcd, 0x84, 0xcd,
        0x84, 0xcd, 0x84, 0xcd, 0x84, 0xcd, 0x84, 0xcd, 0x84, 0xcd, 0x84, 0xcd,
        0x84, 0xcd, 0x84, 0xcd, 0x84, 0xcd, 0x84, 0xcd, 0x84, 0xcd, 0x84, 0xcd,
        0x84, 0xcd, 0x84, 0xcd, 0x84, 0xcd, 0x84, 0xcd, 0x84, 0xcd, 0x84, 0xcd,
        0x84, 0xcd, 0x84, 0xcd, 0x84, 0xcd, 0x84, 0xcd, 0x84, 0xcd, 0x84, 0xcd,
        0x84, 0xcd, 0x84, 0xcd, 0x84, 0xcd, 0x84, 0xcd, 0x84, 0xcd, 0x84, 0xcd,
        0x84, 0xcd, 0x84, 0xcd, 0x84, 0xcd, 0x84, 0xcd, 0x84, 0xcd, 0x84, 0xcd,
        0x84, 0xcd, 0x84, 0xcd, 0x84, 0xcd, 0x84, 0xcd, 0x84, 0xcd, 0x84, 0xcd,
        0x84, 0xcd, 0x84, 0xcd, 0x64, 0xcd, 0x64, 0xcd, 0x64, 0xcd, 0x64, 0xcd,
        0x64, 0xcd, 0x64, 0xcd, 0x64, 0xcd, 0x64, 0xcd, 0x64, 0xcd, 0x64, 0xcd,
        0x64, 0xcd, 0x64, 0xcd, 0x64, 0xcd, 0x64, 0xcd, 0x64, 0xcd, 0x64, 0xcd,
        0x64, 0xcd, 0x64, 0xcd, 0x64, 0xcd, 0x64, 0xcd, 0x64, 0xcd, 0x64, 0xcd,
        0x64, 0xcd, 0x63, 0xcd, 0x63, 0xcd, 0x63, 0xcd, 0x63, 0xcd, 0x63, 0xcd,
        0x63, 0xcd, 0x43, 0xc5, 0x23, 0xc5, 0x23, 0xc5, 0x23, 0xc5, 0x23, 0xc5,
        0x23, 0xc5, 0x23, 0xc5, 0x23, 0xc5, 0x23, 0xc5, 0x23, 0xc5, 0x23, 0xc5,
        0x0d, 0xd6, 0x9e, 0xf7, 0x9e, 0xf7, 0x9e, 0xf7, 0x9e, 0xf7, 0x9e, 0xf7,
        0x9e, 0xf7, 0x9e, 0xf7, 0x9e, 0xf7, 0x9e, 0xf7, 0x9e, 0xf7, 0x9e, 0xf7,
        0x9e, 0xf7, 0x9e, 0xf7, 0x9e, 0xf7, 0x9e, 0xf7, 0x9e, 0xf7, 0x9e, 0xf7,
        0x9e, 0xf7, 0x9e, 0xf7, 0x9e, 0xf7, 0x9e, 0xf7, 0x9e, 0xf7, 0x4e, 0xde,
        0x84, 0xcd, 0x84, 0xcd, 0xa4, 0xcd, 0xa4, 0xcd, 0xa4, 0xd5, 0xa4, 0xd5,
        0xa4, 0xd5, 0xa4, 0xd5, 0xa4, 0xd5, 0xa4, 0xd5, 0xa4, 0xd5, 0xa4, 0xd5,
        0x6b, 0x9c, 0x10, 0x84, 0x55, 0xad, 0x1c, 0xe7, 0x52, 0xad, 0x84, 0xcd,
        0x84, 0xcd, 0x84, 0xcd, 0x84, 0xcd, 0x84, 0xcd, 0x84, 0xcd, 0x84, 0xcd,
        0x84, 0xcd, 0x84, 0xcd, 0x84, 0xcd, 0x84, 0xcd, 0x84, 0xcd, 0x84, 0xcd,
        0x84, 0xcd, 0x84, 0xcd, 0x84, 0xcd, 0x84, 0xcd, 0x84, 0xcd, 0x84, 0xcd,
        0x84, 0xcd, 0x84, 0xcd, 0x84, 0xcd, 0x84, 0xcd, 0x84, 0xcd, 0x84, 0xcd,
        0x84, 0xcd, 0x84, 0xcd, 0x84, 0xcd, 0x84, 0xcd, 0x84, 0xcd, 0x84, 0xcd,
        0x84, 0xcd, 0x84, 0xcd, 0x84, 0xcd, 0x84, 0xcd, 0x84, 0xcd, 0x84, 0xcd,
        0x84, 0xcd, 0x84, 0xcd, 0x84, 0xcd, 0x84, 0xcd, 0x84, 0xcd, 0x84, 0xcd,
        0x84, 0xcd, 0x84, 0xcd, 0x84, 0xcd, 0x84, 0xcd, 0x84, 0xcd, 0x84, 0xcd,
        0x84, 0xcd, 0x84, 0xcd, 0x84, 0xcd, 0x84, 0xcd, 0x84, 0xcd, 0x84, 0xcd,
        0x84, 0xcd, 0x84, 0xcd, 0x84, 0xcd, 0x84, 0xcd, 0x84, 0xcd, 0x84, 0xcd,
        0x84, 0xcd, 0x84, 0xcd, 0x84, 0xcd, 0x84, 0xcd, 0x84, 0xcd, 0x84, 0xcd,
        0x84, 0xcd, 0x84, 0xcd, 0x84, 0xcd, 0x84, 0xcd, 0x84, 0xcd, 0x84, 0xcd,
        0x64, 0xcd, 0x64, 0xcd, 0x64, 0xcd, 0x64, 0xcd, 0x64, 0xcd, 0x64, 0xcd,
        0x64, 0xcd, 0x64, 0xcd, 0x64, 0xcd, 0x64, 0xcd, 0x64, 0xcd, 0x64, 0xcd,
        0x64, 0xcd, 0x64, 0xcd, 0x64, 0xcd, 0x64, 0xcd, 0x64, 0xcd, 0x64, 0xcd,
        0x64, 0xcd, 0x64, 0xcd, 0x64, 0xcd, 0x63, 0xcd, 0x63, 0xcd, 0x43, 0xcd,
        0x43, 0xc5, 0x23, 0xc5, 0x23, 0xc5, 0x23, 0xc5, 0x23, 0xc5, 0x23, 0xc5,
        0x23, 0xc5, 0x23, 0xc5, 0x23, 0xc5, 0x23, 0xc5, 0x23, 0xc5, 0x23, 0xc5,
        0x0d, 0xd6, 0x9e, 0xf7, 0x9e, 0xf7, 0x9e, 0xf7, 0x9e, 0xf7, 0x9e, 0xf7,
        0x9e, 0xf7, 0x9e, 0xf7, 0x9e, 0xf7, 0x9e, 0xf7, 0x9e, 0xf7, 0x9e, 0xf7,
        0x9e, 0xf7, 0x9e, 0xf7, 0x9e, 0xf7, 0x9e, 0xf7, 0x9e, 0xf7, 0x9e, 0xf7,
        0x9e, 0xf7, 0x9e, 0xf7, 0x9e, 0xf7, 0x9e, 0xf7, 0x9e, 0xf7, 0x4e, 0xde,
        0x84, 0xcd, 0x84, 0xcd, 0xa4, 0xcd, 0xa4, 0xcd, 0xa4, 0xcd, 0xa4, 0xd5,
        0xa4, 0xd5, 0xa4, 0xd5, 0xa4, 0xd5, 0xa4, 0xd5, 0xa4, 0xd5, 0xa4, 0xd5,
        0x6b, 0x9c, 0x10, 0x84, 0x34, 0xa5, 0xfb, 0xde, 0x52, 0xad, 0x84, 0xcd,
        0x84, 0xcd, 0x84, 0xcd, 0x84, 0xcd, 0x84, 0xcd, 0x84, 0xcd, 0x84, 0xcd,
        0x84, 0xcd, 0x84, 0xcd, 0x84, 0xcd, 0x84, 0xcd, 0x84, 0xcd, 0x84, 0xcd,
        0x84, 0xcd, 0x84, 0xcd, 0x84, 0xcd, 0x84, 0xcd, 0x84, 0xcd, 0x84, 0xcd,
        0x84, 0xcd, 0x84, 0xcd, 0x84, 0xcd, 0x84, 0xcd, 0x84, 0xcd, 0x84, 0xcd,
        0x84, 0xcd, 0x84, 0xcd, 0x84, 0xcd, 0x84, 0xcd, 0x84, 0xcd, 0x84, 0xcd,
        0x84, 0xcd, 0x84, 0xcd, 0x84, 0xcd, 0x84, 0xcd, 0x84, 0xcd, 0x84, 0xcd,
        0x84, 0xcd, 0x84, 0xcd, 0x84, 0xcd, 0x84, 0xcd, 0x84, 0xcd, 0x84, 0xcd,
        0x84, 0xcd, 0x84, 0xcd, 0x84, 0xcd, 0x84, 0xcd, 0x84, 0xcd, 0x84, 0xcd,
        0x84, 0xcd, 0x84, 0xcd, 0x84, 0xcd, 0x84, 0xcd, 0x84, 0xcd, 0x84, 0xcd,
        0x84, 0xcd, 0x84, 0xcd, 0x84, 0xcd, 0x84, 0xcd, 0x84, 0xcd, 0x84, 0xcd,
        0x84, 0xcd, 0x84, 0xcd, 0x84, 0xcd, 0x84, 0xcd, 0x84, 0xcd, 0x84, 0xcd,
        0x84, 0xcd, 0x84, 0xcd, 0x84, 0xcd, 0x84, 0xcd, 0x84, 0xcd, 0x84, 0xcd,
        0x84, 0xcd, 0x84, 0xcd, 0x64, 0xcd, 0x64, 0xcd, 0x64, 0xcd, 0x64, 0xcd,
        0x64, 0xcd, 0x64, 0xcd, 0x64, 0xcd, 0x64, 0xcd, 0x64, 0xcd, 0x64, 0xcd,
        0x64, 0xcd, 0x64, 0xcd, 0x64, 0xcd, 0x64, 0xcd, 0x64, 0xcd, 0x64, 0xcd,
        0x64, 0xcd, 0x64, 0xcd, 0x63, 0xcd, 0x43, 0xcd, 0x43, 0xc5, 0x23, 0xc5,
        0x23, 0xc5, 0x23, 0xc5, 0x23, 0xc5, 0x23, 0xc5, 0x23, 0xc5, 0x23, 0xc5,
        0x23, 0xc5, 0x23, 0xc5, 0x23, 0xc5, 0x23, 0xc5, 0x23, 0xc5, 0x23, 0xc5,
        0x0d, 0xd6, 0x9e, 0xf7, 0x9e, 0xf7, 0x9e, 0xf7, 0x9e, 0xf7, 0x9e, 0xf7,
        0x9e, 0xf7, 0x9e, 0xf7, 0x9e, 0xf7, 0x9e, 0xf7, 0x9e, 0xf7, 0x9e, 0xf7,
        0x9e, 0xf7, 0x9e, 0xf7, 0x9e, 0xf7, 0x9e, 0xf7, 0x9e, 0xf7, 0x9e, 0xf7,
        0x9e, 0xf7, 0x9e, 0xf7, 0x9e, 0xf7, 0x9e, 0xf7, 0x9e, 0xf7, 0x4e, 0xde,
        0x84, 0xcd, 0x84, 0xcd, 0xa4, 0xcd, 0xa4, 0xcd, 0xa4, 0xcd, 0xa4, 0xd5,
        0xa4, 0xd5, 0xa4, 0xd5, 0xa4, 0xd5, 0xa4, 0xd5, 0xa4, 0xd5, 0xa4, 0xd5,
        0x6b, 0x94, 0x10, 0x84, 0x34, 0xa5, 0xfb, 0xde, 0x52, 0xad, 0x84, 0xcd,
        0x84, 0xcd, 0x84, 0xcd, 0x84, 0xcd, 0x84, 0xcd, 0x84, 0xcd, 0x84, 0xcd,
        0x84, 0xcd, 0x84, 0xcd, 0x84, 0xcd, 0x84, 0xcd, 0x84, 0xcd, 0x84, 0xcd,
        0x84, 0xcd, 0x84, 0xcd, 0x84, 0xcd, 0x84, 0xcd, 0x84, 0xcd, 0x84, 0xcd,
        0x84, 0xcd, 0x84, 0xcd, 0x84, 0xcd, 0x84, 0xcd, 0x84, 0xcd, 0x84, 0xcd,
        0x84, 0xcd, 0x84, 0xcd, 0x84, 0xcd, 0x84, 0xcd, 0x84, 0xcd, 0x84, 0xcd,
        0x84, 0xcd, 0x84, 0xcd, 0x84, 0xcd, 0x84, 0xcd, 0x84, 0xcd, 0x84, 0xcd,
        0x84, 0xcd, 0x84, 0xcd, 0x84, 0xcd, 0x84, 0xcd, 0x84, 0xcd, 0x84, 0xcd,
        0x84, 0xcd, 0x84, 0xcd, 0x84, 0xcd, 0x84, 0xcd, 0x84, 0xcd, 0x84, 0xcd,
        0x84, 0xcd, 0x84, 0xcd, 0x84, 0xcd, 0x84, 0xcd, 0x84, 0xcd, 0x84, 0xcd,
        0x84, 0xcd, 0x84, 0xcd, 0x84, 0xcd, 0x84, 0xcd, 0x84, 0xcd, 0x84, 0xcd,
        0x84, 0xcd, 0x84, 0xcd, 0x84, 0xcd, 0x84, 0xcd, 0x84, 0xcd, 0x84, 0xcd,
        0x84, 0xcd, 0x84, 0xcd, 0x84, 0xcd, 0x84, 0xcd, 0x84, 0xcd, 0x84, 0xcd,
        0x84, 0xcd, 0x84, 0xcd, 0x84, 0xcd, 0x84, 0xcd, 0x84, 0xcd, 0x64, 0xcd,
        0x64, 0xcd, 0x64, 0xcd, 0x64, 0xcd, 0x64, 0xcd, 0x64, 0xcd, 0x64, 0xcd,
        0x64, 0xcd, 0x64, 0xcd, 0x64, 0xcd, 0x64, 0xcd, 0x64, 0xcd, 0x64, 0xcd,
        0x63, 0xcd, 0x43, 0xcd, 0x43, 0xc5, 0x23, 0xc5, 0x23, 0xc5, 0x23, 0xc5,
        0x23, 0xc5, 0x23, 0xc5, 0x23, 0xc5, 0x23, 0xc5, 0x23, 0xc5, 0x23, 0xc5,
        0x23, 0xc5, 0x23, 0xc5, 0x23, 0xc5, 0x23, 0xc5, 0x23, 0xc5, 0x23, 0xc5,
        0x0d, 0xd6, 0x9e, 0xf7, 0x9e, 0xf7, 0x9e, 0xf7, 0x9e, 0xf7, 0x9e, 0xf7,
        0x9e, 0xf7, 0x9e, 0xf7, 0x9e, 0xf7, 0x9e, 0xf7, 0x9e, 0xf7, 0x9e, 0xf7,
        0x9e, 0xf7, 0x9e, 0xf7, 0x9e, 0xf7, 0x9e, 0xf7, 0x9e, 0xf7, 0x9e, 0xf7,
        0x9e, 0xf7, 0x9e, 0xf7, 0x9e, 0xf7, 0x9e, 0xf7, 0x9e, 0xf7, 0x4e, 0xde,
        0x84, 0xcd, 0x84, 0xcd, 0xa4, 0xcd, 0xa4, 0xcd, 0xa4, 0xcd, 0xa4, 0xd5,
        0xa4, 0xd5, 0xa4, 0xd5, 0xa4, 0xd5, 0xa4, 0xd5, 0xa4, 0xd5, 0xa4, 0xd5,
        0x6b, 0x94, 0x10, 0x84, 0x34, 0xa5, 0xdb, 0xde, 0x52, 0xad, 0xa5, 0xd5,
        0xa4, 0xd5, 0x84, 0xcd, 0x84, 0xcd, 0x84, 0xcd, 0x84, 0xcd, 0x84, 0xcd,
        0x84, 0xcd, 0x84, 0xcd, 0x84, 0xcd, 0x84, 0xcd, 0x84, 0xcd, 0x84, 0xcd,
        0x84, 0xcd, 0x84, 0xcd, 0x84, 0xcd, 0x84, 0xcd, 0x84, 0xcd, 0x84, 0xcd,
        0x84, 0xcd, 0x84, 0xcd, 0x84, 0xcd, 0x84, 0xcd, 0x84, 0xcd, 0x84, 0xcd,
        0x84, 0xcd, 0x84, 0xcd, 0x84, 0xcd, 0x84, 0xcd, 0x84, 0xcd, 0x84, 0xcd,
        0x84, 0xcd, 0x84, 0xcd, 0x84, 0xcd, 0x84, 0xcd, 0x84, 0xcd, 0x84, 0xcd,
        0x84, 0xcd, 0x84, 0xcd, 0x84, 0xcd, 0x84, 0xcd, 0x84, 0xcd, 0x84, 0xcd,
        0x84, 0xcd, 0x84, 0xcd, 0x84, 0xcd, 0x84, 0xcd, 0x84, 0xcd, 0x84, 0xcd,
        0x84, 0xcd, 0x84, 0xcd, 0x84, 0xcd, 0x84, 0xcd, 0x84, 0xcd, 0x84, 0xcd,
        0x84, 0xcd, 0x84, 0xcd, 0x84, 0xcd, 0x84, 0xcd, 0x84, 0xcd, 0x84, 0xcd,
        0x84, 0xcd, 0x84, 0xcd, 0x84, 0xcd, 0x84, 0xcd, 0x84, 0xcd, 0x84, 0xcd,
        0x84, 0xcd, 0x84, 0xcd, 0x84, 0xcd, 0x84, 0xcd, 0x84, 0xcd, 0x84, 0xcd,
        0x84, 0xcd, 0x84, 0xcd, 0x84, 0xcd, 0x84, 0xcd, 0x84, 0xcd, 0x84, 0xcd,
        0x84, 0xcd, 0x84, 0xcd, 0x64, 0xcd, 0x64, 0xcd, 0x64, 0xcd, 0x64, 0xcd,
        0x64, 0xcd, 0x64, 0xcd, 0x64, 0xcd, 0x64, 0xcd, 0x64, 0xcd, 0x63, 0xcd,
        0x43, 0xc5, 0x23, 0xc5, 0x23, 0xc5, 0x23, 0xc5, 0x23, 0xc5, 0x23, 0xc5,
        0x23, 0xc5, 0x23, 0xc5, 0x23, 0xc5, 0x23, 0xc5, 0x23, 0xc5, 0x23, 0xc5,
        0x23, 0xc5, 0x23, 0xc5, 0x23, 0xc5, 0x23, 0xc5, 0x23, 0xc5, 0x23, 0xc5,
        0x0d, 0xd6, 0x9e, 0xf7, 0x9e, 0xf7, 0x9e, 0xf7, 0x9e, 0xf7, 0x9e, 0xf7,
        0x9e, 0xf7, 0x9e, 0xf7, 0x9e, 0xf7, 0x9e, 0xf7, 0x9e, 0xf7, 0x9e, 0xf7,
        0x9e, 0xf7, 0x9e, 0xf7, 0x9e, 0xf7, 0x9e, 0xf7, 0x9e, 0xf7, 0x9e, 0xf7,
        0x9e, 0xf7, 0x9e, 0xf7, 0x9e, 0xf7, 0x9e, 0xf7, 0x9e, 0xf7, 0x4e, 0xde,
        0x84, 0xcd, 0x84, 0xcd, 0x84, 0xcd, 0xa4, 0xcd, 0xa4, 0xcd, 0xa4, 0xd5,
        0xa4, 0xd5, 0xa4, 0xd5, 0xa4, 0xd5, 0xa4, 0xd5, 0xa4, 0xd5, 0xa4, 0xd5,
        0x6a, 0x94, 0x10, 0x84, 0x34, 0xa5, 0xba, 0xd6, 0x32, 0xad, 0xc5, 0xd5,
        0xc5, 0xd5, 0xa5, 0xd5, 0xa4, 0xd5, 0x84, 0xcd, 0x84, 0xcd, 0x84, 0xcd,
        0x84, 0xcd, 0x84, 0xcd, 0x84, 0xcd, 0x84, 0xcd, 0x84, 0xcd, 0x84, 0xcd,
        0x84, 0xcd, 0x84, 0xcd, 0x84, 0xcd, 0x84, 0xcd, 0x84, 0xcd, 0x84, 0xcd,
        0x84, 0xcd, 0x84, 0xcd, 0x84, 0xcd, 0x84, 0xcd, 0x84, 0xcd, 0x84, 0xcd,
        0x84, 0xcd, 0x84, 0xcd, 0x84, 0xcd, 0x84, 0xcd, 0x84, 0xcd, 0x84, 0xcd,
        0x84, 0xcd, 0x84, 0xcd, 0x84, 0xcd, 0x84, 0xcd, 0x84, 0xcd, 0x84, 0xcd,
        0x84, 0xcd, 0x84, 0xcd, 0x84, 0xcd, 0x84, 0xcd, 0x84, 0xcd, 0x84, 0xcd,
        0x84, 0xcd, 0x84, 0xcd, 0x84, 0xcd, 0x84, 0xcd, 0x84, 0xcd, 0x84, 0xcd,
        0x84, 0xcd, 0x84, 0xcd, 0x84, 0xcd, 0x84, 0xcd, 0x84, 0xcd, 0x84, 0xcd,
        0x84, 0xcd, 0x84, 0xcd, 0x84, 0xcd, 0x84, 0xcd, 0x84, 0xcd, 0x84, 0xcd,
        0x84, 0xcd, 0x84, 0xcd, 0x84, 0xcd, 0x84, 0xcd, 0x84, 0xcd, 0x84, 0xcd,
        0x84, 0xcd, 0x84, 0xcd, 0x84, 0xcd, 0x84, 0xcd, 0x84, 0xcd, 0x84, 0xcd,
        0x84, 0xcd, 0x84, 0xcd, 0x84, 0xcd, 0x84, 0xcd, 0x84, 0xcd, 0x84, 0xcd,
        0x84, 0xcd, 0x84, 0xcd, 0x84, 0xcd, 0x84, 0xcd, 0x64, 0xcd, 0x64, 0xcd,
        0x64, 0xcd, 0x64, 0xcd, 0x64, 0xcd, 0x63, 0xcd, 0x43, 0xc5, 0x23, 0xc5,
        0x23, 0xc5, 0x23, 0xc5, 0x23, 0xc5, 0x23, 0xc5, 0x23, 0xc5, 0x23, 0xc5,
        0x23, 0xc5, 0x23, 0xc5, 0x23, 0xc5, 0x23, 0xc5, 0x23, 0xc5, 0x23, 0xc5,
        0x23, 0xc5, 0x23, 0xc5, 0x23, 0xc5, 0x23, 0xc5, 0x23, 0xc5, 0x23, 0xc5,
        0x0d, 0xd6, 0x9e, 0xf7, 0x9e, 0xf7, 0x9e, 0xf7, 0x9e, 0xf7, 0x9e, 0xf7,
        0x9e, 0xf7, 0x9e, 0xf7, 0x9e, 0xf7, 0x9e, 0xf7, 0x9e, 0xf7, 0x9e, 0xf7,
        0x9e, 0xf7, 0x9e, 0xf7, 0x9e, 0xf7, 0x9e, 0xf7, 0x9e, 0xf7, 0x9e, 0xf7,
        0x9e, 0xf7, 0x9e, 0xf7, 0x9e, 0xf7, 0x9e, 0xf7, 0x9e, 0xf7, 0x4e, 0xde,
        0x84, 0xcd, 0x84, 0xcd, 0x84, 0xcd, 0xa4, 0xcd, 0xa4, 0xcd, 0xa4, 0xd5,
        0xa4, 0xd5, 0xa4, 0xd5, 0xa4, 0xd5, 0xa4, 0xd5, 0xa4, 0xd5, 0xa4, 0xd5,
        0x6a, 0x94, 0x10, 0x84, 0x34, 0xa5, 0x9a, 0xd6, 0x32, 0xad, 0xa5, 0xd5,
        0xc5, 0xd5, 0xc5, 0xd5, 0xc5, 0xd5, 0xc5, 0xd5, 0xa4, 0xd5, 0x84, 0xcd,
        0x84, 0xcd, 0x84, 0xcd, 0x84, 0xcd, 0x84, 0xcd, 0x84, 0xcd, 0x84, 0xcd,
        0x84, 0xcd, 0x84, 0xcd, 0x84, 0xcd, 0x84, 0xcd, 0x84, 0xcd, 0x84, 0xcd,
        0x84, 0xcd, 0x84, 0xcd, 0x84, 0xcd, 0x84, 0xcd, 0x84, 0xcd, 0x84, 0xcd,
        0x84, 0xcd, 0x84, 0xcd, 0x84, 0xcd, 0x84, 0xcd, 0x84, 0xcd, 0x84, 0xcd,
        0x84, 0xcd, 0x84, 0xcd, 0x84, 0xcd, 0x84, 0xcd, 0x84, 0xcd, 0x84, 0xcd,
        0x84, 0xcd, 0x84, 0xcd, 0x84, 0xcd, 0x84, 0xcd, 0x84, 0xcd, 0x84, 0xcd,
        0x84, 0xcd, 0x84, 0xcd, 0x84, 0xcd, 0x84, 0xcd, 0x84, 0xcd, 0x84, 0xcd,
        0x84, 0xcd, 0x84, 0xcd, 0x84, 0xcd, 0x84, 0xcd, 0x84, 0xcd, 0x84, 0xcd,
        0x84, 0xcd, 0x84, 0xcd, 0x84, 0xcd, 0x84, 0xcd, 0x84, 0xcd, 0x84, 0xcd,
        0x84, 0xcd, 0x84, 0xcd, 0x84, 0xcd, 0x84, 0xcd, 0x84, 0xcd, 0x84, 0xcd,
        0x84, 0xcd, 0x84, 0xcd, 0x84, 0xcd, 0x84, 0xcd, 0x84, 0xcd, 0x84, 0xcd,
        0x84, 0xcd, 0x84, 0xcd, 0x84, 0xcd, 0x84, 0xcd, 0x84, 0xcd, 0x84, 0xcd,
        0x84, 0xcd, 0x84, 0xcd, 0x84, 0xcd, 0x84, 0xcd, 0x84, 0xcd, 0x84, 0xcd,
        0x64, 0xcd, 0x63, 0xcd, 0x43, 0xc5, 0x23, 0xc5, 0x23, 0xc5, 0x23, 0xc5,
        0x23, 0xc5, 0x23, 0xc5, 0x23, 0xc5, 0x23, 0xc5, 0x23, 0xc5, 0x23, 0xc5,
        0x23, 0xc5, 0x23, 0xc5, 0x23, 0xc5, 0x23, 0xc5, 0x23, 0xc5, 0x23, 0xc5,
        0x23, 0xc5, 0x23, 0xc5, 0x23, 0xc5, 0x23, 0xc5, 0x23, 0xc5, 0x23, 0xc5,
        0x0d, 0xd6, 0x9e, 0xf7, 0x9e, 0xf7, 0x9e, 0xf7, 0x9e, 0xf7, 0x9e, 0xf7,
        0x9e, 0xf7, 0x9e, 0xf7, 0x9e, 0xf7, 0x9e, 0xf7, 0x9e, 0xf7, 0x9e, 0xf7,
        0x9e, 0xf7, 0x9e, 0xf7, 0x9e, 0xf7, 0x9e, 0xf7, 0x9e, 0xf7, 0x9e, 0xf7,
        0x9e, 0xf7, 0x9e, 0xf7, 0x9e, 0xf7, 0x9e, 0xf7, 0x9e, 0xf7, 0x4e, 0xde,
        0x84, 0xcd, 0x84, 0xcd, 0x84, 0xcd, 0xa4, 0xcd, 0xa4, 0xcd, 0xa4, 0xd5,
        0xa4, 0xd5, 0xa4, 0xd5, 0xa4, 0xd5, 0xa4, 0xd5, 0xa4, 0xd5, 0xa4, 0xd5,
        0x6a, 0x94, 0x10, 0x84, 0x14, 0xa5, 0x79, 0xce, 0x32, 0xad, 0xa5, 0xd5,
        0xc5, 0xd5, 0xc5, 0xd5, 0xc5, 0xd5, 0xc5, 0xd5, 0xc5, 0xd5, 0xc5, 0xd5,
        0xa4, 0xd5, 0x84, 0xcd, 0x84, 0xcd, 0x84, 0xcd, 0x84, 0xcd, 0x84, 0xcd,
        0x84, 0xcd, 0x84, 0xcd, 0x84, 0xcd, 0x84, 0xcd, 0x84, 0xcd, 0x84, 0xcd,
        0x84, 0xcd, 0x84, 0xcd, 0x84, 0xcd, 0x84, 0xcd, 0x84, 0xcd, 0x84, 0xcd,
        0x84, 0xcd, 0x84, 0xcd, 0x84, 0xcd, 0x84, 0xcd, 0x84, 0xcd, 0x84, 0xcd,
        0x84, 0xcd, 0x84, 0xcd, 0x84, 0xcd, 0x84, 0xcd, 0x84, 0xcd, 0x84, 0xcd,
        0x84, 0xcd, 0x84, 0xcd, 0x84, 0xcd, 0x84, 0xcd, 0x84, 0xcd, 0x84, 0xcd,
        0x84, 0xcd, 0x84, 0xcd, 0x84, 0xcd, 0x84, 0xcd, 0x84, 0xcd, 0x84, 0xcd,
        0x84, 0xcd, 0x84, 0xcd, 0x84, 0xcd, 0x84, 0xcd, 0x84, 0xcd, 0x84, 0xcd,
        0x84, 0xcd, 0x84, 0xcd, 0x84, 0xcd, 0x84, 0xcd, 0x84, 0xcd, 0x84, 0xcd,
        0x84, 0xcd, 0x84, 0xcd, 0x84, 0xcd, 0x84, 0xcd, 0x84, 0xcd, 0x84, 0xcd,
        0x84, 0xcd, 0x84, 0xcd, 0x84, 0xcd, 0x84, 0xcd, 0x84, 0xcd, 0x84, 0xcd,
        0x84, 0xcd, 0x84, 0xcd, 0x84, 0xcd, 0x84, 0xcd, 0x84, 0xcd, 0x84, 0xcd,
        0x84, 0xcd, 0x84, 0xcd, 0x84, 0xcd, 0x84, 0xcd, 0x84, 0xcd, 0x63, 0xcd,
        0x43, 0xc5, 0x23, 0xc5, 0x23, 0xc5, 0x23, 0xc5, 0x23, 0xc5, 0x23, 0xc5,
        0x23, 0xc5, 0x23, 0xc5, 0x23, 0xc5, 0x23, 0xc5, 0x23, 0xc5, 0x23, 0xc5,
        0x23, 0xc5, 0x23, 0xc5, 0x23, 0xc5, 0x23, 0xc5, 0x23, 0xc5, 0x23, 0xc5,
        0x23, 0xc5, 0x23, 0xc5, 0x23, 0xc5, 0x23, 0xc5, 0x23, 0xc5, 0x23, 0xc5,
        0x0d, 0xd6, 0x9e, 0xf7, 0x9e, 0xf7, 0x9e, 0xf7, 0x9e, 0xf7, 0x9e, 0xf7,
        0x9e, 0xf7, 0x9e, 0xf7, 0x9e, 0xf7, 0x9e, 0xf7, 0x9e, 0xf7, 0x9e, 0xf7,
        0x9e, 0xf7, 0x9e, 0xf7, 0x9e, 0xf7, 0x9e, 0xf7, 0x9e, 0xf7, 0x9e, 0xf7,
        0x9e, 0xf7, 0x9e, 0xf7, 0x9e, 0xf7, 0x9e, 0xf7, 0x9e, 0xf7, 0x4e, 0xde,
        0x84, 0xcd, 0x84, 0xcd, 0x84, 0xcd, 0xa4, 0xcd, 0xa4, 0xcd, 0xa4, 0xcd,
        0xa4, 0xd5, 0xa4, 0xd5, 0xa4, 0xd5, 0xa4, 0xd5, 0xa4, 0xd5, 0xa4, 0xd5,
        0x6a, 0x94, 0x10, 0x84, 0x14, 0xa5, 0x59, 0xce, 0x32, 0xad, 0xa5, 0xd5,
        0xc5, 0xd5, 0xc5, 0xd5, 0xc5, 0xd5, 0xc5, 0xd5, 0xc5, 0xd5, 0xc5, 0xd5,
        0xc5, 0xd5, 0xc5, 0xd5, 0xa4, 0xd5, 0x84, 0xcd, 0x84, 0xcd, 0x84, 0xcd,
        0x84, 0xcd, 0x84, 0xcd, 0x84, 0xcd, 0x84, 0xcd, 0x84, 0xcd, 0x84, 0xcd,
        0x84, 0xcd, 0x84, 0xcd, 0x84, 0xcd, 0x84, 0xcd, 0x84, 0xcd, 0x84, 0xcd,
        0x84, 0xcd, 0x84, 0xcd, 0x84, 0xcd, 0x84, 0xcd, 0x84, 0xcd, 0x84, 0xcd,
        0x84, 0xcd, 0x84, 0xcd, 0x84, 0xcd, 0x84, 0xcd, 0x84, 0xcd, 0x84, 0xcd,
        0x84, 0xcd, 0x84, 0xcd, 0x84, 0xcd, 0x84, 0xcd, 0x84, 0xcd, 0x84, 0xcd,
        0x84, 0xcd, 0x84, 0xcd, 0x84, 0xcd, 0x84, 0xcd, 0x84, 0xcd, 0x84, 0xcd,
        0x84, 0xcd, 0x84, 0xcd, 0x84, 0xcd, 0x84, 0xcd, 0x84, 0xcd, 0x84, 0xcd,
        0x84, 0xcd, 0x84, 0xcd, 0x84, 0xcd, 0x84, 0xcd, 0x84, 0xcd, 0x84, 0xcd,
        0x84, 0xcd, 0x84, 0xcd, 0x84, 0xcd, 0x84, 0xcd, 0x84, 0xcd, 0x84, 0xcd,
        0x84, 0xcd, 0x84, 0xcd, 0x84, 0xcd, 0x84, 0xcd, 0x84, 0xcd, 0x84, 0xcd,
        0x84, 0xcd, 0x84, 0xcd, 0x84, 0xcd, 0x84, 0xcd, 0x84, 0xcd, 0x84, 0xcd,
        0x84, 0xcd, 0x84, 0xcd, 0x84, 0xcd, 0x63, 0xcd, 0x43, 0xc5, 0x23, 0xc5,
        0x23, 0xc5, 0x23, 0xc5, 0x23, 0xc5, 0x23, 0xc5, 0x23, 0xc5, 0x23, 0xc5,
        0x23, 0xc5, 0x23, 0xc5, 0x23, 0xc5, 0x23, 0xc5, 0x23, 0xc5, 0x23, 0xc5,
        0x23, 0xc5, 0x23, 0xc5, 0x23, 0xc5, 0x23, 0xc5, 0x23, 0xc5, 0x23, 0xc5,
        0x23, 0xc5, 0x23, 0xc5, 0x23, 0xc5, 0x23, 0xc5, 0x23, 0xc5, 0x23, 0xc5,
        0x0d, 0xd6, 0x9e, 0xf7, 0x9e, 0xf7, 0x9e, 0xf7, 0x9e, 0xf7, 0x9e, 0xf7,
        0x9e, 0xf7, 0x9e, 0xf7, 0x9e, 0xf7, 0x9e, 0xf7, 0x9e, 0xf7, 0x9e, 0xf7,
        0x9e, 0xf7, 0x9e, 0xf7, 0x9e, 0xf7, 0x9e, 0xf7, 0x9e, 0xf7, 0x9e, 0xf7,
        0x9e, 0xf7, 0x9e, 0xf7, 0x9e, 0xf7, 0x9e, 0xf7, 0x9e, 0xf7, 0x4e, 0xde,
        0x84, 0xcd, 0x84, 0xcd, 0x84, 0xcd, 0xa4, 0xcd, 0xa4, 0xcd, 0xa4, 0xcd,
        0xa4, 0xd5, 0xa4, 0xd5, 0xa4, 0xd5, 0xa4, 0xd5, 0xa4, 0xd5, 0xa4, 0xd5,
        0x4a, 0x94, 0x10, 0x84, 0x14, 0xa5, 0x59, 0xce, 0x32, 0xad, 0xa5, 0xd5,
        0xc5, 0xd5, 0xc5, 0xd5, 0xc5, 0xd5, 0xc5, 0xd5, 0xc5, 0xd5, 0xc5, 0xd5,
        0xc5, 0xd5, 0xc5, 0xd5, 0xc5, 0xd5, 0xc5, 0xd5, 0xa5, 0xd5, 0x84, 0xcd,
        0x84, 0xcd, 0x84, 0xcd, 0x84, 0xcd, 0x84, 0xcd, 0x84, 0xcd, 0x84, 0xcd,
        0x84, 0xcd, 0x84, 0xcd, 0x84, 0xcd, 0x84, 0xcd, 0x84, 0xcd, 0x84, 0xcd,
        0x84, 0xcd, 0x84, 0xcd, 0x84, 0xcd, 0x84, 0xcd, 0x84, 0xcd, 0x84, 0xcd,
        0x84, 0xcd, 0x84, 0xcd, 0x84, 0xcd, 0x84, 0xcd, 0x84, 0xcd, 0x84, 0xcd,
        0x84, 0xcd, 0x84, 0xcd, 0x84, 0xcd, 0x84, 0xcd, 0x84, 0xcd, 0x84, 0xcd,
        0x84, 0xcd, 0x84, 0xcd, 0x84, 0xcd, 0x84, 0xcd, 0x84, 0xcd, 0x84, 0xcd,
        0x84, 0xcd, 0x84, 0xcd, 0x84, 0xcd, 0x84, 0xcd, 0x84, 0xcd, 0x84, 0xcd,
        0x84, 0xcd, 0x84, 0xcd, 0x84, 0xcd, 0x84, 0xcd, 0x84, 0xcd, 0x84, 0xcd,
        0x84, 0xcd, 0x84, 0xcd, 0x84, 0xcd, 0x84, 0xcd, 0x84, 0xcd, 0x84, 0xcd,
        0x84, 0xcd, 0x84, 0xcd, 0x84, 0xcd, 0x84, 0xcd, 0x84, 0xcd, 0x84, 0xcd,
        0x84, 0xcd, 0x84, 0xcd, 0x84, 0xcd, 0x84, 0xcd, 0x84, 0xcd, 0x84, 0xcd,
        0x84, 0xcd, 0x63, 0xcd, 0x43, 0xc5, 0x23, 0xc5, 0x23, 0xc5, 0x23, 0xc5,
        0x23, 0xc5, 0x23, 0xc5, 0x23, 0xc5, 0x23, 0xc5, 0x23, 0xc5, 0x23, 0xc5,
        0x23, 0xc5, 0x23, 0xc5, 0x23, 0xc5, 0x23, 0xc5, 0x23, 0xc5, 0x23, 0xc5,
        0x23, 0xc5, 0x23, 0xc5, 0x23, 0xc5, 0x23, 0xc5, 0x23, 0xc5, 0x23, 0xc5,
        0x23, 0xc5, 0x23, 0xc5, 0x23, 0xc5, 0x23, 0xc5, 0x23, 0xc5, 0x23, 0xc5,
        0x0d, 0xd6, 0x9e, 0xf7, 0x9e, 0xf7, 0x9e, 0xf7, 0x9e, 0xf7, 0x9e, 0xf7,
        0x9e, 0xf7, 0x9e, 0xf7, 0x9e, 0xf7, 0x9e, 0xf7, 0x9e, 0xf7, 0x9e, 0xf7,
        0x9e, 0xf7, 0x9e, 0xf7, 0x9e, 0xf7, 0x9e, 0xf7, 0x9e, 0xf7, 0x9e, 0xf7,
        0x9e, 0xf7, 0x9e, 0xf7, 0x9e, 0xf7, 0x9e, 0xf7, 0x9e, 0xf7, 0x4e, 0xde,
        0x84, 0xcd, 0x84, 0xcd, 0x84, 0xcd, 0x84, 0xcd, 0xa4, 0xcd, 0xa4, 0xcd,
        0xa4, 0xd5, 0xa4, 0xd5, 0xa4, 0xd5, 0xa4, 0xd5, 0xa4, 0xd5, 0xa4, 0xd5,
        0x4a, 0x94, 0x10, 0x84, 0x14, 0xa5, 0x38, 0xc6, 0x32, 0xad, 0xa5, 0xd5,
        0xc5, 0xd5, 0xc5, 0xd5, 0xc5, 0xd5, 0xc5, 0xd5, 0xc5, 0xd5, 0xc5, 0xd5,
        0xc5, 0xd5, 0xc5, 0xd5, 0xc5, 0xd5, 0xc5, 0xd5, 0xc5, 0xd5, 0xc5, 0xd5,
        0xa5, 0xd5, 0x84, 0xcd, 0xa4, 0xcd, 0xa4, 0xcd, 0xa4, 0xcd, 0xa4, 0xcd,
        0xa4, 0xcd, 0xa4, 0xcd, 0xa4, 0xcd, 0xa4, 0xcd, 0xa4, 0xcd, 0xa4, 0xcd,
        0xa4, 0xcd, 0xa4, 0xcd, 0xa4, 0xcd, 0xa4, 0xcd, 0xa4, 0xcd, 0xa4, 0xcd,
        0xa4, 0xcd, 0xa4, 0xcd, 0xa4, 0xcd, 0xa4, 0xcd, 0xa4, 0xcd, 0xa4, 0xcd,
        0xa4, 0xcd, 0xa4, 0xcd, 0x84, 0xcd, 0x84, 0xcd, 0x84, 0xcd, 0x84, 0xcd,
        0x84, 0xcd, 0x84, 0xcd, 0x84, 0xcd, 0x84, 0xcd, 0x84, 0xcd, 0x84, 0xcd,
        0x84, 0xcd, 0x84, 0xcd, 0x84, 0xcd, 0x84, 0xcd, 0x84, 0xcd, 0x84, 0xcd,
        0x84, 0xcd, 0x84, 0xcd, 0x84, 0xcd, 0x84, 0xcd, 0x84, 0xcd, 0x84, 0xcd,
        0x84, 0xcd, 0x84, 0xcd, 0x84, 0xcd, 0x84, 0xcd, 0x84, 0xcd, 0x84, 0xcd,
        0x84, 0xcd, 0x84, 0xcd, 0x84, 0xcd, 0x84, 0xcd, 0x84, 0xcd, 0x84, 0xcd,
        0x84, 0xcd, 0x84, 0xcd, 0x84, 0xcd, 0x84, 0xcd, 0x84, 0xcd, 0x63, 0xcd,
        0x43, 0xc5, 0x23, 0xc5, 0x23, 0xc5, 0x23, 0xc5, 0x23, 0xc5, 0x23, 0xc5,
        0x23, 0xc5, 0x23, 0xc5, 0x23, 0xc5, 0x23, 0xc5, 0x23, 0xc5, 0x23, 0xc5,
        0x23, 0xc5, 0x23, 0xc5, 0x23, 0xc5, 0x23, 0xc5, 0x23, 0xc5, 0x23, 0xc5,
        0x23, 0xc5, 0x23, 0xc5, 0x23, 0xc5, 0x23, 0xc5, 0x23, 0xc5, 0x23, 0xc5,
        0x23, 0xc5, 0x23, 0xc5, 0x23, 0xc5, 0x23, 0xc5, 0x23, 0xc5, 0x23, 0xc5,
        0x0d, 0xd6, 0x9e, 0xf7, 0x9e, 0xf7, 0x9e, 0xf7, 0x9e, 0xf7, 0x9e, 0xf7,
        0x9e, 0xf7, 0x9e, 0xf7, 0x9e, 0xf7, 0x9e, 0xf7, 0x9e, 0xf7, 0x9e, 0xf7,
        0x9e, 0xf7, 0x9e, 0xf7, 0x9e, 0xf7, 0x9e, 0xf7, 0x9e, 0xf7, 0x9e, 0xf7,
        0x9e, 0xf7, 0x9e, 0xf7, 0x9e, 0xf7, 0x9e, 0xf7, 0x9e, 0xf7, 0x4e, 0xde,
        0x84, 0xcd, 0x84, 0xcd, 0x84, 0xcd, 0x84, 0xcd, 0xa4, 0xcd, 0xa4, 0xcd,
        0xa4, 0xd5, 0xa4, 0xd5, 0xa4, 0xd5, 0xa4, 0xd5, 0xa4, 0xd5, 0xa4, 0xd5,
        0x4a, 0x94, 0x10, 0x84, 0x14, 0xa5, 0x18, 0xc6, 0x32, 0xad, 0xa5, 0xd5,
        0xa5, 0xd5, 0xc5, 0xd5, 0xc5, 0xd5, 0xc5, 0xd5, 0xc5, 0xd5, 0xc5, 0xd5,
        0xc5, 0xd5, 0xc5, 0xd5, 0xc5, 0xd5, 0xc5, 0xd5, 0xc5, 0xd5, 0xe5, 0xd5,
        0xe5, 0xd5, 0xe5, 0xd5, 0xa5, 0xd5, 0xa4, 0xcd, 0xa4, 0xcd, 0xa4, 0xcd,
        0xa4, 0xcd, 0xa4, 0xd5, 0xa4, 0xd5, 0xa4, 0xd5, 0xa4, 0xd5, 0xa4, 0xd5,
        0xa4, 0xd5, 0xa4, 0xd5, 0xa4, 0xd5, 0xa4, 0xd5, 0xa4, 0xd5, 0xa4, 0xd5,
        0xa4, 0xd5, 0xa4, 0xd5, 0xa4, 0xd5, 0xa4, 0xcd, 0xa4, 0xcd, 0xa4, 0xcd,
        0xa4, 0xcd, 0xa4, 0xcd, 0xa4, 0xcd, 0xa4, 0xcd, 0xa4, 0xcd, 0xa4, 0xcd,
        0xa4, 0xcd, 0xa4, 0xcd, 0xa4, 0xcd, 0x84, 0xcd, 0x84, 0xcd, 0x84, 0xcd,
        0x84, 0xcd, 0x84, 0xcd, 0x84, 0xcd, 0x84, 0xcd, 0x84, 0xcd, 0x84, 0xcd,
        0x84, 0xcd, 0x84, 0xcd, 0x84, 0xcd, 0x84, 0xcd, 0x84, 0xcd, 0x84, 0xcd,
        0x84, 0xcd, 0x84, 0xcd, 0x84, 0xcd, 0x84, 0xcd, 0x84, 0xcd, 0x84, 0xcd,
        0x84, 0xcd, 0x84, 0xcd, 0x84, 0xcd, 0x84, 0xcd, 0x84, 0xcd, 0x84, 0xcd,
        0x84, 0xcd, 0x84, 0xcd, 0x84, 0xcd, 0x63, 0xcd, 0x43, 0xc5, 0x23, 0xc5,
        0x23, 0xc5, 0x23, 0xc5, 0x23, 0xc5, 0x23, 0xc5, 0x23, 0xc5, 0x23, 0xc5,
        0x23, 0xc5, 0x23, 0xc5, 0x23, 0xc5, 0x23, 0xc5, 0x23, 0xc5, 0x23, 0xc5,
        0x23, 0xc5, 0x23, 0xc5, 0x23, 0xc5, 0x23, 0xc5, 0x23, 0xc5, 0x23, 0xc5,
        0x23, 0xc5, 0x23, 0xc5, 0x23, 0xc5, 0x23, 0xc5, 0x23, 0xc5, 0x23, 0xc5,
        0x23, 0xc5, 0x23, 0xc5, 0x23, 0xc5, 0x23, 0xc5, 0x23, 0xc5, 0x23, 0xc5,
        0x0d, 0xd6, 0x9e, 0xf7, 0x9e, 0xf7, 0x9e, 0xf7, 0x9e, 0xf7, 0x9e, 0xf7,
        0x9e, 0xf7, 0x9e, 0xf7, 0x9e, 0xf7, 0x9e, 0xf7, 0x9e, 0xf7, 0x9e, 0xf7,
        0x9e, 0xf7, 0x9e, 0xf7, 0x9e, 0xf7, 0x9e, 0xf7, 0x9e, 0xf7, 0x9e, 0xf7,
        0x9e, 0xf7, 0x9e, 0xf7, 0x9e, 0xf7, 0x9e, 0xf7, 0x9e, 0xf7, 0x4e, 0xde,
        0x84, 0xcd, 0x84, 0xcd, 0x84, 0xcd, 0x84, 0xcd, 0xa4, 0xcd, 0xa4, 0xcd,
        0xa4, 0xcd, 0xa4, 0xd5, 0xa4, 0xd5, 0xa4, 0xd5, 0xa4, 0xd5, 0xa4, 0xd5,
        0x4a, 0x94, 0x10, 0x84, 0x14, 0xa5, 0xf7, 0xbd, 0x32, 0xad, 0xa5, 0xd5,
        0xa5, 0xd5, 0xc5, 0xd5, 0xc5, 0xd5, 0xc5, 0xd5, 0xc5, 0xd5, 0xc5, 0xd5,
        0xc5, 0xd5, 0xc5, 0xd5, 0xc5, 0xd5, 0xc5, 0xd5, 0xc5, 0xd5, 0xe5, 0xd5,
        0xe5, 0xd5, 0xe5, 0xd5, 0xe5, 0xd5, 0xe5, 0xd5, 0xa5, 0xd5, 0xa4, 0xd5,
        0xa4, 0xd5, 0xa4, 0xd5, 0xa4, 0xd5, 0xa4, 0xd5, 0xa4, 0xd5, 0xa4, 0xd5,
        0xa4, 0xd5, 0xa4, 0xd5, 0xa4, 0xd5, 0xa4, 0xd5, 0xa4, 0xd5, 0xa4, 0xd5,
        0xa4, 0xd5, 0xa4, 0xd5, 0xa4, 0xd5, 0xa4, 0xd5, 0xa4, 0xd5, 0xa4, 0xd5,
        0xa4, 0xd5, 0xa4, 0xd5, 0xa4, 0xd5, 0xa4, 0xd5, 0xa4, 0xd5, 0xa4, 0xd5,
        0xa4, 0xcd, 0xa4, 0xcd, 0xa4, 0xcd, 0xa4, 0xcd, 0xa4, 0xcd, 0xa4, 0xcd,
        0xa4, 0xcd, 0x84, 0xcd, 0x84, 0xcd, 0x84, 0xcd, 0x84, 0xcd, 0x84, 0xcd,
        0x84, 0xcd, 0x84, 0xcd, 0x84, 0xcd, 0x84, 0xcd, 0x84, 0xcd, 0x84, 0xcd,
        0x84, 0xcd, 0x84, 0xcd, 0x84, 0xcd, 0x84, 0xcd, 0x84, 0xcd, 0x84, 0xcd,
        0x84, 0xcd, 0x84, 0xcd, 0x84, 0xcd, 0x84, 0xcd, 0x84, 0xcd, 0x84, 0xcd,
        0x84, 0xcd, 0x63, 0xcd, 0x43, 0xc5, 0x23, 0xc5, 0x23, 0xc5, 0x23, 0xc5,
        0x23, 0xc5, 0x23, 0xc5, 0x23, 0xc5, 0x23, 0xc5, 0x23, 0xc5, 0x23, 0xc5,
        0x23, 0xc5, 0x23, 0xc5, 0x23, 0xc5, 0x23, 0xc5, 0x23, 0xc5, 0x23, 0xc5,
        0x23, 0xc5, 0x23, 0xc5, 0x23, 0xc5, 0x23, 0xc5, 0x23, 0xc5, 0x23, 0xc5,
        0x23, 0xc5, 0x23, 0xc5, 0x23, 0xc5, 0x23, 0xc5, 0x23, 0xc5, 0x23, 0xc5,
        0x23, 0xc5, 0x23, 0xc5, 0x23, 0xc5, 0x23, 0xc5, 0x23, 0xc5, 0x23, 0xc5,
        0x0d, 0xd6, 0x9e, 0xf7, 0x9e, 0xf7, 0x9e, 0xf7, 0x9e, 0xf7, 0x9e, 0xf7,
        0x9e, 0xf7, 0x9e, 0xf7, 0x9e, 0xf7, 0x9e, 0xf7, 0x9e, 0xf7, 0x9e, 0xf7,
        0x9e, 0xf7, 0x9e, 0xf7, 0x9e, 0xf7, 0x9e, 0xf7, 0x9e, 0xf7, 0x9e, 0xf7,
        0x9e, 0xf7, 0x9e, 0xf7, 0x9e, 0xf7, 0x9e, 0xf7, 0x9e, 0xf7, 0x4e, 0xde,
        0x84, 0xcd, 0x84, 0xcd, 0x84, 0xcd, 0x84, 0xcd, 0xa4, 0xcd, 0xa4, 0xcd,
        0xa4, 0xcd, 0xa4, 0xd5, 0xa4, 0xd5, 0xa4, 0xd5, 0xa4, 0xd5, 0xa4, 0xd5,
        0x4a, 0x94, 0x10, 0x84, 0x14, 0xa5, 0xd7, 0xbd, 0x32, 0xa5, 0xa5, 0xd5,
        0xa5, 0xd5, 0xc5, 0xd5, 0xc5, 0xd5, 0xc5, 0xd5, 0xc5, 0xd5, 0xc5, 0xd5,
        0xc5, 0xd5, 0xc5, 0xd5, 0xc5, 0xd5, 0xc5, 0xd5, 0xc5, 0xd5, 0xc5, 0xd5,
        0xe5, 0xd5, 0xe5, 0xd5, 0xe5, 0xd5, 0xe6, 0xd5, 0xe6, 0xd5, 0xe5, 0xd5,
        0xa5, 0xd5, 0xa4, 0xd5, 0xa4, 0xd5, 0xa4, 0xd5, 0xa4, 0xd5, 0xa4, 0xd5,
        0xa4, 0xd5, 0xa4, 0xd5, 0xa4, 0xd5, 0xa4, 0xd5, 0xa4, 0xd5, 0xa4, 0xd5,
        0xa4, 0xd5, 0xa4, 0xd5, 0xa4, 0xd5, 0xa4, 0xd5, 0xa4, 0xd5, 0xa4, 0xd5,
        0xa4, 0xd5, 0xa4, 0xd5, 0xa4, 0xd5, 0xa4, 0xd5, 0xa4, 0xd5, 0xa4, 0xd5,
        0xa4, 0xd5, 0xa4, 0xd5, 0xa4, 0xd5, 0xa4, 0xd5, 0xa4, 0xd5, 0xa4, 0xcd,
        0xa4, 0xcd, 0xa4, 0xcd, 0xa4, 0xcd, 0xa4, 0xcd, 0xa4, 0xcd, 0x84, 0xcd,
        0x84, 0xcd, 0x84, 0xcd, 0x84, 0xcd, 0x84, 0xcd, 0x84, 0xcd, 0x84, 0xcd,
        0x84, 0xcd, 0x84, 0xcd, 0x84, 0xcd, 0x84, 0xcd, 0x84, 0xcd, 0x84, 0xcd,
        0x84, 0xcd, 0x84, 0xcd, 0x84, 0xcd, 0x84, 0xcd, 0x84, 0xcd, 0x63, 0xcd,
        0x43, 0xc5, 0x23, 0xc5, 0x23, 0xc5, 0x23, 0xc5, 0x23, 0xc5, 0x23, 0xc5,
        0x23, 0xc5, 0x23, 0xc5, 0x23, 0xc5, 0x23, 0xc5, 0x23, 0xc5, 0x23, 0xc5,
        0x23, 0xc5, 0x23, 0xc5, 0x23, 0xc5, 0x23, 0xc5, 0x23, 0xc5, 0x23, 0xc5,
        0x23, 0xc5, 0x23, 0xc5, 0x23, 0xc5, 0x23, 0xc5, 0x23, 0xc5, 0x23, 0xc5,
        0x23, 0xc5, 0x23, 0xc5, 0x23, 0xc5, 0x23, 0xc5, 0x23, 0xc5, 0x23, 0xc5,
        0x23, 0xc5, 0x23, 0xc5, 0x23, 0xc5, 0x23, 0xc5, 0x23, 0xc5, 0x23, 0xc5,
        0x0d, 0xd6, 0x9e, 0xf7, 0x9e, 0xf7, 0x9e, 0xf7, 0x9e, 0xf7, 0x9e, 0xf7,
        0x9e, 0xf7, 0x9e, 0xf7, 0x9e, 0xf7, 0x9e, 0xf7, 0x9e, 0xf7, 0x9e, 0xf7,
        0x9e, 0xf7, 0x9e, 0xf7, 0x9e, 0xf7, 0x9e, 0xf7, 0x9e, 0xf7, 0x9e, 0xf7,
        0x9e, 0xf7, 0x9e, 0xf7, 0x9e, 0xf7, 0x9e, 0xf7, 0x9e, 0xf7, 0x4e, 0xde,
        0x84, 0xcd, 0x84, 0xcd, 0x84, 0xcd, 0x84, 0xcd, 0x84, 0xcd, 0xa4, 0xcd,
        0xa4, 0xcd, 0xa4, 0xd5, 0xa4, 0xd5, 0xa4, 0xd5, 0xa4, 0xd5, 0xa4, 0xd5,
        0x4a, 0x94, 0x10, 0x84, 0xf3, 0x9c, 0xd7, 0xbd, 0x12, 0xa5, 0xa5, 0xd5,
        0xa5, 0xd5, 0xc5, 0xd5, 0xc5, 0xd5, 0xc5, 0xd5, 0xc5, 0xd5, 0xc5, 0xd5,
        0xc5, 0xd5, 0xc5, 0xd5, 0xc5, 0xd5, 0xc5, 0xd5, 0xc5, 0xd5, 0xc5, 0xd5,
        0xe5, 0xd5, 0xe5, 0xd5, 0xe5, 0xd5, 0xe5, 0xd5, 0xe6, 0xd5, 0xe6, 0xdd,
        0xe6, 0xdd, 0xe5, 0xd5, 0xc5, 0xd5, 0xa4, 0xd5, 0xa4, 0xd5, 0xa4, 0xd5,
        0xa4, 0xd5, 0xa4, 0xd5, 0xa4, 0xd5, 0xa4, 0xd5, 0xa4, 0xd5, 0xa4, 0xd5,
        0xa4, 0xd5, 0xa4, 0xd5, 0xa4, 0xd5, 0xa4, 0xd5, 0xa4, 0xd5, 0xa4, 0xd5,
        0xa4, 0xd5, 0xa4, 0xd5, 0xa4, 0xd5, 0xa4, 0xd5, 0xa4, 0xd5, 0xa4, 0xd5,
        0xa4, 0xd5, 0xa4, 0xd5, 0xa4, 0xd5, 0xa4, 0xd5, 0xa4, 0xd5, 0xa4, 0xd5,
        0xa4, 0xd5, 0xa4, 0xd5, 0xa4, 0xd5, 0xa4, 0xcd, 0xa4, 0xcd, 0xa4, 0xcd,
        0xa4, 0xcd, 0xa4, 0xcd, 0x84, 0xcd, 0x84, 0xcd, 0x84, 0xcd, 0x84, 0xcd,
        0x84, 0xcd, 0x84, 0xcd, 0x84, 0xcd, 0x84, 0xcd, 0x84, 0xcd, 0x84, 0xcd,
        0x84, 0xcd, 0x84, 0xcd, 0x84, 0xcd, 0x63, 0xcd, 0x43, 0xc5, 0x23, 0xc5,
        0x23, 0xc5, 0x23, 0xc5, 0x23, 0xc5, 0x23, 0xc5, 0x23, 0xc5, 0x23, 0xc5,
        0x23, 0xc5, 0x23, 0xc5, 0x23, 0xc5, 0x23, 0xc5, 0x23, 0xc5, 0x23, 0xc5,
        0x23, 0xc5, 0x23, 0xc5, 0x23, 0xc5, 0x23, 0xc5, 0x23, 0xc5, 0x23, 0xc5,
        0x23, 0xc5, 0x23, 0xc5, 0x23, 0xc5, 0x23, 0xc5, 0x23, 0xc5, 0x23, 0xc5,
        0x23, 0xc5, 0x23, 0xc5, 0x23, 0xc5, 0x23, 0xc5, 0x23, 0xc5, 0x23, 0xc5,
        0x23, 0xc5, 0x23, 0xc5, 0x23, 0xc5, 0x23, 0xc5, 0x23, 0xc5, 0x23, 0xc5,
        0x0d, 0xd6, 0x9e, 0xf7, 0x9e, 0xf7, 0x9e, 0xf7, 0x9e, 0xf7, 0x9e, 0xf7,
        0x9e, 0xf7, 0x9e, 0xf7, 0x9e, 0xf7, 0x9e, 0xf7, 0x9e, 0xf7, 0x9e, 0xf7,
        0x9e, 0xf7, 0x9e, 0xf7, 0x9e, 0xf7, 0x9e, 0xf7, 0x9e, 0xf7, 0x9e, 0xf7,
        0x9e, 0xf7, 0x9e, 0xf7, 0x9e, 0xf7, 0x9e, 0xf7, 0x9e, 0xf7, 0x4e, 0xde,
        0x84, 0xcd, 0x84, 0xcd, 0x84, 0xcd, 0x84, 0xcd, 0x84, 0xcd, 0xa4, 0xcd,
        0xa4, 0xcd, 0xa4, 0xd5, 0xa4, 0xd5, 0xa4, 0xd5, 0xa4, 0xd5, 0xa4, 0xd5,
        0x4a, 0x94, 0x10, 0x84, 0xf3, 0x9c, 0xb6, 0xb5, 0x12, 0xa5, 0xa5, 0xd5,
        0xa5, 0xd5, 0xa5, 0xd5, 0xc5, 0xd5, 0xc5, 0xd5, 0xc5, 0xd5, 0xc5, 0xd5,
        0xc5, 0xd5, 0xc5, 0xd5, 0xc5, 0xd5, 0xc5, 0xd5, 0xc5, 0xd5, 0xc5, 0xd5,
        0xe5, 0xd5, 0xe5, 0xd5, 0xe5, 0xd5, 0xe5, 0xd5, 0xe6, 0xd5, 0xe6, 0xdd,
        0xe6, 0xdd, 0xe6, 0xdd, 0x06, 0xde, 0xe6, 0xd5, 0xc5, 0xd5, 0xa5, 0xd5,
        0xa5, 0xd5, 0xa5, 0xd5, 0xa5, 0xd5, 0xa5, 0xd5, 0xa5, 0xd5, 0xa4, 0xd5,
        0xa4, 0xd5, 0xa4, 0xd5, 0xa4, 0xd5, 0xa4, 0xd5, 0xa4, 0xd5, 0xa4, 0xd5,
        0xa4, 0xd5, 0xa4, 0xd5, 0xa4, 0xd5, 0xa4, 0xd5, 0xa4, 0xd5, 0xa4, 0xd5,
        0xa4, 0xd5, 0xa4, 0xd5, 0xa4, 0xd5, 0xa4, 0xd5, 0xa4, 0xd5, 0xa4, 0xd5,
        0xa4, 0xd5, 0xa4, 0xd5, 0xa4, 0xd5, 0xa4, 0xd5, 0xa4, 0xd5, 0xa4, 0xd5,
        0xa4, 0xcd, 0xa4, 0xcd, 0xa4, 0xcd, 0xa4, 0xcd, 0xa4, 0xcd, 0x84, 0xcd,
        0x84, 0xcd, 0x84, 0xcd, 0x84, 0xcd, 0x84, 0xcd, 0x84, 0xcd, 0x84, 0xcd,
        0x84, 0xcd, 0x63, 0xcd, 0x43, 0xc5, 0x23, 0xc5, 0x23, 0xc5, 0x23, 0xc5,
        0x23, 0xc5, 0x23, 0xc5, 0x23, 0xc5, 0x23, 0xc5, 0x23, 0xc5, 0x23, 0xc5,
        0x23, 0xc5, 0x23, 0xc5, 0x23, 0xc5, 0x23, 0xc5, 0x23, 0xc5, 0x23, 0xc5,
        0x23, 0xc5, 0x23, 0xc5, 0x23, 0xc5, 0x23, 0xc5, 0x23, 0xc5, 0x23, 0xc5,
        0x23, 0xc5, 0x23, 0xc5, 0x23, 0xc5, 0x23, 0xc5, 0x23, 0xc5, 0x23, 0xc5,
        0x23, 0xc5, 0x23, 0xc5, 0x23, 0xc5, 0x23, 0xc5, 0x23, 0xc5, 0x23, 0xc5,
        0x23, 0xc5, 0x23, 0xc5, 0x23, 0xc5, 0x23, 0xc5, 0x23, 0xc5, 0x23, 0xc5,
        0x0d, 0xd6, 0x9e, 0xf7, 0x9e, 0xf7, 0x9e, 0xf7, 0x9e, 0xf7, 0x9e, 0xf7,
        0x9e, 0xf7, 0x9e, 0xf7, 0x9e, 0xf7, 0x9e, 0xf7, 0x9e, 0xf7, 0x9e, 0xf7,
        0x9e, 0xf7, 0x9e, 0xf7, 0x9e, 0xf7, 0x9e, 0xf7, 0x9e, 0xf7, 0x9e, 0xf7,
        0x9e, 0xf7, 0x9e, 0xf7, 0x9e, 0xf7, 0x9e, 0xf7, 0x9e, 0xf7, 0x4e, 0xde,
        0x84, 0xcd, 0x84, 0xcd, 0x84, 0xcd, 0x84, 0xcd, 0x84, 0xcd, 0xa4, 0xcd,
        0xa4, 0xcd, 0xa4, 0xcd, 0xa4, 0xd5, 0xa4, 0xd5, 0xa4, 0xd5, 0xa4, 0xd5,
        0x4a, 0x94, 0x10, 0x84, 0xf3, 0x9c, 0xb6, 0xb5, 0x12, 0xa5, 0xa5, 0xd5,
        0xa5, 0xd5, 0xa5, 0xd5, 0xc5, 0xd5, 0xc5, 0xd5, 0xc5, 0xd5, 0xc5, 0xd5,
        0xc5, 0xd5, 0xc5, 0xd5, 0xc5, 0xd5, 0xc5, 0xd5, 0xc5, 0xd5, 0xc5, 0xd5,
        0xe5, 0xd5, 0xe5, 0xd5, 0xe5, 0xd5, 0xe5, 0xd5, 0xe6, 0xd5, 0xe6, 0xdd,
        0xe6, 0xdd, 0xe6, 0xdd, 0x06, 0xde, 0x06, 0xde, 0x06, 0xde, 0xe6, 0xdd,
        0xc5, 0xd5, 0xa5, 0xd5, 0xa5, 0xd5, 0xa5, 0xd5, 0xa5, 0xd5, 0xa5, 0xd5,
        0xa5, 0xd5, 0xa5, 0xd5, 0xa5, 0xd5, 0xa5, 0xd5, 0xa5, 0xd5, 0xa5, 0xd5,
        0xa5, 0xd5, 0xa5, 0xd5, 0xa5, 0xd5, 0xa4, 0xd5, 0xa4, 0xd5, 0xa4, 0xd5,
        0xa4, 0xd5, 0xa4, 0xd5, 0xa4, 0xd5, 0xa4, 0xd5, 0xa4, 0xd5, 0xa4, 0xd5,
        0xa4, 0xd5, 0xa4, 0xd5, 0xa4, 0xd5, 0xa4, 0xd5, 0xa4, 0xd5, 0xa4, 0xd5,
        0xa4, 0xd5, 0xa4, 0xd5, 0xa4, 0xd5, 0xa4, 0xcd, 0xa4, 0xcd, 0xa4, 0xcd,
        0xa4, 0xcd, 0x84, 0xcd, 0x84, 0xcd, 0x84, 0xcd, 0x84, 0xcd, 0x64, 0xcd,
        0x43, 0xc5, 0x23, 0xc5, 0x23, 0xc5, 0x23, 0xc5, 0x23, 0xc5, 0x23, 0xc5,
        0x23, 0xc5, 0x23, 0xc5, 0x23, 0xc5, 0x23, 0xc5, 0x23, 0xc5, 0x23, 0xc5,
        0x23, 0xc5, 0x23, 0xc5, 0x23, 0xc5, 0x23, 0xc5, 0x23, 0xc5, 0x23, 0xc5,
        0x23, 0xc5, 0x23, 0xc5, 0x23, 0xc5, 0x23, 0xc5, 0x23, 0xc5, 0x23, 0xc5,
        0x23, 0xc5, 0x23, 0xc5, 0x23, 0xc5, 0x23, 0xc5, 0x23, 0xc5, 0x23, 0xc5,
        0x23, 0xc5, 0x23, 0xc5, 0x23, 0xc5, 0x23, 0xc5, 0x23, 0xc5, 0x23, 0xc5,
        0x23, 0xc5, 0x23, 0xc5, 0x23, 0xc5, 0x23, 0xc5, 0x23, 0xc5, 0x23, 0xc5,
        0x0d, 0xd6, 0x9e, 0xf7, 0x9e, 0xf7, 0x9e, 0xf7, 0x9e, 0xf7, 0x9e, 0xf7,
        0x9e, 0xf7, 0x9e, 0xf7, 0x9e, 0xf7, 0x9e, 0xf7, 0x9e, 0xf7, 0x9e, 0xf7,
        0x9e, 0xf7, 0x9e, 0xf7, 0x9e, 0xf7, 0x9e, 0xf7, 0x9e, 0xf7, 0x9e, 0xf7,
        0x9e, 0xf7, 0x9e, 0xf7, 0x9e, 0xf7, 0x9e, 0xf7, 0x9e, 0xf7, 0x4e, 0xde,
        0x84, 0xcd, 0x84, 0xcd, 0x84, 0xcd, 0x84, 0xcd, 0x84, 0xcd, 0x84, 0xcd,
        0xa4, 0xcd, 0xa4, 0xcd, 0xa4, 0xd5, 0xa4, 0xd5, 0xa4, 0xd5, 0xa4, 0xd5,
        0x4a, 0x94, 0x10, 0x84, 0xf3, 0x9c, 0x96, 0xb5, 0x12, 0xa5, 0xa5, 0xd5,
        0xa5, 0xd5, 0xa5, 0xd5, 0xc5, 0xd5, 0xc5, 0xd5, 0xc5, 0xd5, 0xc5, 0xd5,
        0xc5, 0xd5, 0xc5, 0xd5, 0xc5, 0xd5, 0xc5, 0xd5, 0xc5, 0xd5, 0xc5, 0xd5,
        0xc5, 0xd5, 0xe5, 0xd5, 0xe5, 0xd5, 0xe5, 0xd5, 0xe5, 0xd5, 0xe6, 0xd5,
        0xe6, 0xdd, 0xe6, 0xdd, 0xe6, 0xdd, 0x06, 0xde, 0x06, 0xde, 0x06, 0xde,
        0x06, 0xde, 0xe6, 0xdd, 0xc5, 0xd5, 0xa5, 0xd5, 0xa5, 0xd5, 0xa5, 0xd5,
        0xa5, 0xd5, 0xa5, 0xd5, 0xa5, 0xd5, 0xa5, 0xd5, 0xa5, 0xd5, 0xa5, 0xd5,
        0xa5, 0xd5, 0xa5, 0xd5, 0xa5, 0xd5, 0xa5, 0xd5, 0xa5, 0xd5, 0xa5, 0xd5,
        0xa5, 0xd5, 0xa5, 0xd5, 0xa4, 0xd5, 0xa4, 0xd5, 0xa4, 0xd5, 0xa4, 0xd5,
        0xa4, 0xd5, 0xa4, 0xd5, 0xa4, 0xd5, 0xa4, 0xd5, 0xa4, 0xd5, 0xa4, 0xd5,
        0xa4, 0xd5, 0xa4, 0xd5, 0xa4, 0xd5, 0xa4, 0xd5, 0xa4, 0xd5, 0xa4, 0xcd,
        0xa4, 0xcd, 0xa4, 0xcd, 0xa4, 0xcd, 0x84, 0xcd, 0x43, 0xc5, 0x23, 0xc5,
        0x23, 0xc5, 0x23, 0xc5, 0x23, 0xc5, 0x23, 0xc5, 0x23, 0xc5, 0x23, 0xc5,
        0x23, 0xc5, 0x23, 0xc5, 0x23, 0xc5, 0x23, 0xc5, 0x23, 0xc5, 0x23, 0xc5,
        0x23, 0xc5, 0x23, 0xc5, 0x23, 0xc5, 0x23, 0xc5, 0x23, 0xc5, 0x23, 0xc5,
        0x23, 0xc5, 0x23, 0xc5, 0x23, 0xc5, 0x23, 0xc5, 0x23, 0xc5, 0x23, 0xc5,
        0x23, 0xc5, 0x23, 0xc5, 0x23, 0xc5, 0x23, 0xc5, 0x23, 0xc5, 0x23, 0xc5,
        0x23, 0xc5, 0x23, 0xc5, 0x23, 0xc5, 0x23, 0xc5, 0x23, 0xc5, 0x23, 0xc5,
        0x23, 0xc5, 0x23, 0xc5, 0x23, 0xc5, 0x23, 0xc5, 0x23, 0xc5, 0x23, 0xc5,
        0x0d, 0xd6, 0x9e, 0xf7, 0x9e, 0xf7, 0x9e, 0xf7, 0x9e, 0xf7, 0x9e, 0xf7,
        0x9e, 0xf7, 0x9e, 0xf7, 0x9e, 0xf7, 0x9e, 0xf7, 0x9e, 0xf7, 0x9e, 0xf7,
        0x9e, 0xf7, 0x9e, 0xf7, 0x9e, 0xf7, 0x9e, 0xf7, 0x9e, 0xf7, 0x9e, 0xf7,
        0x9e, 0xf7, 0x9e, 0xf7, 0x9e, 0xf7, 0x9e, 0xf7, 0x9e, 0xf7, 0x4e, 0xde,
        0x84, 0xcd, 0x84, 0xcd, 0x84, 0xcd, 0x84, 0xcd, 0x84, 0xcd, 0x84, 0xcd,
        0xa4, 0xcd, 0xa4, 0xcd, 0xa4, 0xd5, 0xa4, 0xd5, 0xa4, 0xd5, 0xa4, 0xd5,
        0x4a, 0x94, 0x10, 0x84, 0xf3, 0x9c, 0x75, 0xad, 0x11, 0xa5, 0xa5, 0xd5,
        0xa5, 0xd5, 0xa5, 0xd5, 0xa5, 0xd5, 0xc5, 0xd5, 0xc5, 0xd5, 0xc5, 0xd5,
        0xc5, 0xd5, 0xc5, 0xd5, 0xc5, 0xd5, 0xc5, 0xd5, 0xc5, 0xd5, 0xc5, 0xd5,
        0xc5, 0xd5, 0xe5, 0xd5, 0xe5, 0xd5, 0xe5, 0xd5, 0xe5, 0xd5, 0xe6, 0xd5,
        0xe6, 0xdd, 0xe6, 0xdd, 0xe6, 0xdd, 0x06, 0xde, 0x06, 0xde, 0x06, 0xde,
        0x06, 0xde, 0x06, 0xde, 0x06, 0xde, 0x06, 0xde, 0xc5, 0xd5, 0xc5, 0xd5,
        0xc5, 0xd5, 0xc5, 0xd5, 0xc5, 0xd5, 0xc5, 0xd5, 0xc5, 0xd5, 0xc5, 0xd5,
        0xa5, 0xd5, 0xa5, 0xd5, 0xa5, 0xd5, 0xa5, 0xd5, 0xa5, 0xd5, 0xa5, 0xd5,
        0xa5, 0xd5, 0xa5, 0xd5, 0xa5, 0xd5, 0xa5, 0xd5, 0xa5, 0xd5, 0xa4, 0xd5,
        0xa4, 0xd5, 0xa4, 0xd5, 0xa4, 0xd5, 0xa4, 0xd5, 0xa4, 0xd5, 0xa4, 0xd5,
        0xa4, 0xd5, 0xa4, 0xd5, 0xa4, 0xd5, 0xa4, 0xd5, 0xa4, 0xd5, 0xa4, 0xd5,
        0xa4, 0xd5, 0x84, 0xcd, 0x43, 0xc5, 0x23, 0xc5, 0x23, 0xc5, 0x23, 0xc5,
        0x23, 0xc5, 0x23, 0xc5, 0x23, 0xc5, 0x23, 0xc5, 0x23, 0xc5, 0x23, 0xc5,
        0x23, 0xc5, 0x23, 0xc5, 0x23, 0xc5, 0x23, 0xc5, 0x23, 0xc5, 0x23, 0xc5,
        0x23, 0xc5, 0x23, 0xc5, 0x23, 0xc5, 0x23, 0xc5, 0x23, 0xc5, 0x23, 0xc5,
        0x23, 0xc5, 0x23, 0xc5, 0x23, 0xc5, 0x23, 0xc5, 0x23, 0xc5, 0x23, 0xc5,
        0x23, 0xc5, 0x23, 0xc5, 0x23, 0xc5, 0x23, 0xc5, 0x23, 0xc5, 0x23, 0xc5,
        0x23, 0xc5, 0x23, 0xc5, 0x23, 0xc5, 0x23, 0xc5, 0x23, 0xc5, 0x23, 0xc5,
        0x23, 0xc5, 0x23, 0xc5, 0x23, 0xc5, 0x23, 0xc5, 0x23, 0xc5, 0x23, 0xc5,
        0x0d, 0xd6, 0x9e, 0xf7, 0x9e, 0xf7, 0x9e, 0xf7, 0x9e, 0xf7, 0x9e, 0xf7,
        0x9e, 0xf7, 0x9e, 0xf7, 0x9e, 0xf7, 0x9e, 0xf7, 0x9e, 0xf7, 0x9e, 0xf7,
        0x9e, 0xf7, 0x9e, 0xf7, 0x9e, 0xf7, 0x9e, 0xf7, 0x9e, 0xf7, 0x9e, 0xf7,
        0x9e, 0xf7, 0x9e, 0xf7, 0x9e, 0xf7, 0x9e, 0xf7, 0x9e, 0xf7, 0x4e, 0xde,
        0x84, 0xcd, 0x84, 0xcd, 0x84, 0xcd, 0x84, 0xcd, 0x84, 0xcd, 0x84, 0xcd,
        0xa4, 0xcd, 0xa4, 0xcd, 0xa4, 0xcd, 0xa4, 0xd5, 0xa4, 0xd5, 0xa4, 0xd5,
        0x4a, 0x94, 0x10, 0x84, 0xf3, 0x9c, 0x75, 0xad, 0x11, 0xa5, 0xa5, 0xd5,
        0xa5, 0xd5, 0xa5, 0xd5, 0xa5, 0xd5, 0xc5, 0xd5, 0xc5, 0xd5, 0xc5, 0xd5,
        0xc5, 0xd5, 0xc5, 0xd5, 0xc5, 0xd5, 0xc5, 0xd5, 0xc5, 0xd5, 0xc5, 0xd5,
        0xc5, 0xd5, 0xe5, 0xd5, 0xe5, 0xd5, 0xe5, 0xd5, 0xe5, 0xd5, 0xe6, 0xd5,
        0xe6, 0xdd, 0xe6, 0xdd, 0xe6, 0xdd, 0x06, 0xde, 0x06, 0xde, 0x06, 0xde,
        0x06, 0xde, 0x06, 0xde, 0x06, 0xde, 0x06, 0xde, 0x27, 0xde, 0x06, 0xde,
        0xe5, 0xd5, 0xc5, 0xd5, 0xc5, 0xd5, 0xc5, 0xd5, 0xc5, 0xd5, 0xc5, 0xd5,
        0xc5, 0xd5, 0xc5, 0xd5, 0xc5, 0xd5, 0xc5, 0xd5, 0xc5, 0xd5, 0xc5, 0xd5,
        0xa5, 0xd5, 0xa5, 0xd5, 0xa5, 0xd5, 0xa5, 0xd5, 0xa5, 0xd5, 0xa5, 0xd5,
        0xa5, 0xd5, 0xa5, 0xd5, 0xa4, 0xd5, 0xa4, 0xd5, 0xa4, 0xd5, 0xa4, 0xd5,
        0xa4, 0xd5, 0xa4, 0xd5, 0xa4, 0xd5, 0xa4, 0xd5, 0xa4, 0xd5, 0x84, 0xcd,
        0x43, 0xc5, 0x23, 0xc5, 0x23, 0xc5, 0x23, 0xc5, 0x23, 0xc5, 0x23, 0xc5,
        0x23, 0xc5, 0x23, 0xc5, 0x23, 0xc5, 0x23, 0xc5, 0x23, 0xc5, 0x23, 0xc5,
        0x23, 0xc5, 0x23, 0xc5, 0x23, 0xc5, 0x23, 0xc5, 0x23, 0xc5, 0x23, 0xc5,
        0x23, 0xc5, 0x23, 0xc5, 0x23, 0xc5, 0x23, 0xc5, 0x23, 0xc5, 0x23, 0xc5,
        0x23, 0xc5, 0x23, 0xc5, 0x23, 0xc5, 0x23, 0xc5, 0x23, 0xc5, 0x23, 0xc5,
        0x23, 0xc5, 0x23, 0xc5, 0x23, 0xc5, 0x23, 0xc5, 0x23, 0xc5, 0x23, 0xc5,
        0x23, 0xc5, 0x23, 0xc5, 0x23, 0xc5, 0x23, 0xc5, 0x23, 0xc5, 0x23, 0xc5,
        0x23, 0xc5, 0x23, 0xc5, 0x23, 0xc5, 0x23, 0xc5, 0x23, 0xc5, 0x23, 0xc5,
        0x0d, 0xd6, 0x9e, 0xf7, 0x9e, 0xf7, 0x9e, 0xf7, 0x9e, 0xf7, 0x9e, 0xf7,
        0x9e, 0xf7, 0x9e, 0xf7, 0x9e, 0xf7, 0x9e, 0xf7, 0x9e, 0xf7, 0x9e, 0xf7,
        0x9e, 0xf7, 0x9e, 0xf7, 0x9e, 0xf7, 0x9e, 0xf7, 0x9e, 0xf7, 0x9e, 0xf7,
        0x9e, 0xf7, 0x9e, 0xf7, 0x9e, 0xf7, 0x9e, 0xf7, 0x9e, 0xf7, 0x4e, 0xde,
        0x84, 0xcd, 0x84, 0xcd, 0x84, 0xcd, 0x84, 0xcd, 0x84, 0xcd, 0x84, 0xcd,
        0xa4, 0xcd, 0xa4, 0xcd, 0xa4, 0xcd, 0xa4, 0xd5, 0xa4, 0xd5, 0xa4, 0xd5,
        0x4a, 0x94, 0x10, 0x84, 0xf3, 0x9c, 0x55, 0xad, 0x11, 0xa5, 0xa5, 0xd5,
        0xa5, 0xd5, 0xa5, 0xd5, 0xa5, 0xd5, 0xc5, 0xd5, 0xc5, 0xd5, 0xc5, 0xd5,
        0xc5, 0xd5, 0xc5, 0xd5, 0xc5, 0xd5, 0xc5, 0xd5, 0xc5, 0xd5, 0xc5, 0xd5,
        0xc5, 0xd5, 0xc5, 0xd5, 0xe5, 0xd5, 0xe5, 0xd5, 0xe5, 0xd5, 0xe5, 0xd5,
        0xe6, 0xd5, 0xe6, 0xdd, 0xe6, 0xdd, 0xe6, 0xdd, 0x06, 0xde, 0x06, 0xde,
        0x06, 0xde, 0x06, 0xde, 0x06, 0xde, 0x06, 0xde, 0x26, 0xde, 0x27, 0xde,
        0x27, 0xde, 0x06, 0xde, 0xe5, 0xd5, 0xc5, 0xd5, 0xc5, 0xd5, 0xc5, 0xd5,
        0xc5, 0xd5, 0xc5, 0xd5, 0xc5, 0xd5, 0xc5, 0xd5, 0xc5, 0xd5, 0xc5, 0xd5,
        0xc5, 0xd5, 0xc5, 0xd5, 0xc5, 0xd5, 0xa5, 0xd5, 0xa5, 0xd5, 0xa5, 0xd5,
        0xa5, 0xd5, 0xa5, 0xd5, 0xa5, 0xd5, 0xa5, 0xd5, 0xa5, 0xd5, 0xa4, 0xd5,
        0xa4, 0xd5, 0xa4, 0xd5, 0xa4, 0xd5, 0x84, 0xcd, 0x43, 0xc5, 0x23, 0xc5,
        0x23, 0xc5, 0x23, 0xc5, 0x23, 0xc5, 0x23, 0xc5, 0x23, 0xc5, 0x23, 0xc5,
        0x23, 0xc5, 0x23, 0xc5, 0x23, 0xc5, 0x23, 0xc5, 0x23, 0xc5, 0x23, 0xc5,
        0x23, 0xc5, 0x23, 0xc5, 0x23, 0xc5, 0x23, 0xc5, 0x23, 0xc5, 0x23, 0xc5,
        0x23, 0xc5, 0x23, 0xc5, 0x23, 0xc5, 0x23, 0xc5, 0x23, 0xc5, 0x23, 0xc5,
        0x23, 0xc5, 0x23, 0xc5, 0x23, 0xc5, 0x23, 0xc5, 0x23, 0xc5, 0x23, 0xc5,
        0x23, 0xc5, 0x23, 0xc5, 0x23, 0xc5, 0x23, 0xc5, 0x23, 0xc5, 0x23, 0xc5,
        0x23, 0xc5, 0x23, 0xc5, 0x23, 0xc5, 0x23, 0xc5, 0x23, 0xc5, 0x23, 0xc5,
        0x23, 0xc5, 0x23, 0xc5, 0x23, 0xc5, 0x23, 0xc5, 0x23, 0xc5, 0x23, 0xc5,
        0x0d, 0xd6, 0x9e, 0xf7, 0x9e, 0xf7, 0x9e, 0xf7, 0x9e, 0xf7, 0x9e, 0xf7,
        0x9e, 0xf7, 0x9e, 0xf7, 0x9e, 0xf7, 0x9e, 0xf7, 0x9e, 0xf7, 0x9e, 0xf7,
        0x9e, 0xf7, 0x9e, 0xf7, 0x9e, 0xf7, 0x9e, 0xf7, 0x9e, 0xf7, 0x9e, 0xf7,
        0x9e, 0xf7, 0x9e, 0xf7, 0x9e, 0xf7, 0x9e, 0xf7, 0x9e, 0xf7, 0x4e, 0xde,
        0x84, 0xcd, 0x84, 0xcd, 0x84, 0xcd, 0x84, 0xcd, 0x84, 0xcd, 0x84, 0xcd,
        0x84, 0xcd, 0xa4, 0xcd, 0xa4, 0xcd, 0xa4, 0xd5, 0xa4, 0xd5, 0xa4, 0xd5,
        0x4a, 0x94, 0x10, 0x84, 0xd3, 0x9c, 0x55, 0xad, 0xf1, 0xa4, 0xa4, 0xd5,
        0xa5, 0xd5, 0xa5, 0xd5, 0xa5, 0xd5, 0xa5, 0xd5, 0xc5, 0xd5, 0xc5, 0xd5,
        0xc5, 0xd5, 0xc5, 0xd5, 0xc5, 0xd5, 0xc5, 0xd5, 0xc5, 0xd5, 0xc5, 0xd5,
        0xc5, 0xd5, 0xc5, 0xd5, 0xe5, 0xd5, 0xe5, 0xd5, 0xe5, 0xd5, 0xe5, 0xd5,
        0xe6, 0xd5, 0xe6, 0xdd, 0xe6, 0xdd, 0xe6, 0xdd, 0x06, 0xde, 0x06, 0xde,
        0x06, 0xde, 0x06, 0xde, 0x06, 0xde, 0x06, 0xde, 0x06, 0xde, 0x27, 0xde,
        0x27, 0xde, 0x27, 0xde, 0x27, 0xde, 0x06, 0xde, 0xe5, 0xd5, 0xc5, 0xd5,
        0xc5, 0xd5, 0xc5, 0xd5, 0xc5, 0xd5, 0xc5, 0xd5, 0xc5, 0xd5, 0xc5, 0xd5,
        0xc5, 0xd5, 0xc5, 0xd5, 0xc5, 0xd5, 0xc5, 0xd5, 0xc5, 0xd5, 0xc5, 0xd5,
        0xa5, 0xd5, 0xa5, 0xd5, 0xa5, 0xd5, 0xa5, 0xd5, 0xa5, 0xd5, 0xa5, 0xd5,
        0xa5, 0xd5, 0xa4, 0xcd, 0x63, 0xcd, 0x23, 0xc5, 0x23, 0xc5, 0x23, 0xc5,
        0x23, 0xc5, 0x23, 0xc5, 0x23, 0xc5, 0x23, 0xc5, 0x23, 0xc5, 0x23, 0xc5,
        0x23, 0xc5, 0x23, 0xc5, 0x23, 0xc5, 0x23, 0xc5, 0x23, 0xc5, 0x23, 0xc5,
        0x23, 0xc5, 0x23, 0xc5, 0x23, 0xc5, 0x23, 0xc5, 0x23, 0xc5, 0x23, 0xc5,
        0x23, 0xc5, 0x23, 0xc5, 0x23, 0xc5, 0x23, 0xc5, 0x23, 0xc5, 0x23, 0xc5,
        0x23, 0xc5, 0x23, 0xc5, 0x23, 0xc5, 0x23, 0xc5, 0x23, 0xc5, 0x23, 0xc5,
        0x23, 0xc5, 0x23, 0xc5, 0x23, 0xc5, 0x23, 0xc5, 0x23, 0xc5, 0x23, 0xc5,
        0x23, 0xc5, 0x23, 0xc5, 0x23, 0xc5, 0x23, 0xc5, 0x23, 0xc5, 0x23, 0xc5,
        0x23, 0xc5, 0x23, 0xc5, 0x23, 0xc5, 0x23, 0xc5, 0x23, 0xc5, 0x23, 0xc5,
        0x0d, 0xd6, 0x9e, 0xf7, 0x9e, 0xf7, 0x9e, 0xf7, 0x9e, 0xf7, 0x9e, 0xf7,
        0x9e, 0xf7, 0x9e, 0xf7, 0x9e, 0xf7, 0x9e, 0xf7, 0x9e, 0xf7, 0x9e, 0xf7,
        0x9e, 0xf7, 0x9e, 0xf7, 0x9e, 0xf7, 0x9e, 0xf7, 0x9e, 0xf7, 0x9e, 0xf7,
        0x9e, 0xf7, 0x9e, 0xf7, 0x9e, 0xf7, 0x9e, 0xf7, 0x9e, 0xf7, 0x4e, 0xde,
        0x84, 0xcd, 0x84, 0xcd, 0x84, 0xcd, 0x84, 0xcd, 0x84, 0xcd, 0x84, 0xcd,
        0x84, 0xcd, 0xa4, 0xcd, 0xa4, 0xcd, 0xa4, 0xcd, 0xa4, 0xd5, 0xa4, 0xd5,
        0x4a, 0x94, 0x10, 0x84, 0xd3, 0x9c, 0x55, 0xad, 0xf1, 0xa4, 0xa4, 0xd5,
        0xa5, 0xd5, 0xa5, 0xd5, 0xa5, 0xd5, 0xa5, 0xd5, 0xc5, 0xd5, 0xc5, 0xd5,
        0xc5, 0xd5, 0xc5, 0xd5, 0xc5, 0xd5, 0xc5, 0xd5, 0xc5, 0xd5, 0xc5, 0xd5,
        0xc5, 0xd5, 0xc5, 0xd5, 0xe5, 0xd5, 0xe5, 0xd5, 0xe5, 0xd5, 0xe5, 0xd5,
        0xe6, 0xd5, 0xe6, 0xd5, 0xe6, 0xdd, 0xe6, 0xdd, 0x06, 0xde, 0x06, 0xde,
        0x06, 0xde, 0x06, 0xde, 0x06, 0xde, 0x06, 0xde, 0x06, 0xde, 0x26, 0xde,
        0x27, 0xde, 0x27, 0xde, 0x27, 0xde, 0x27, 0xde, 0x27, 0xde, 0x27, 0xde,
        0xe6, 0xd5, 0xc5, 0xd5, 0xc5, 0xd5, 0xc5, 0xd5, 0xc5, 0xd5, 0xc5, 0xd5,
        0xc5, 0xd5, 0xc5, 0xd5, 0xc5, 0xd5, 0xc5, 0xd5, 0xc5, 0xd5, 0xc5, 0xd5,
        0xc5, 0xd5, 0xc5, 0xd5, 0xc5, 0xd5, 0xa5, 0xd5, 0xa5, 0xd5, 0xa4, 0xd5,
        0x63, 0xcd, 0x23, 0xc5, 0x23, 0xc5, 0x23, 0xc5, 0x23, 0xc5, 0x23, 0xc5,
        0x23, 0xc5, 0x23, 0xc5, 0x23, 0xc5, 0x23, 0xc5, 0x23, 0xc5, 0x23, 0xc5,
        0x23, 0xc5, 0x23, 0xc5, 0x23, 0xc5, 0x23, 0xc5, 0x23, 0xc5, 0x23, 0xc5,
        0x23, 0xc5, 0x23, 0xc5, 0x23, 0xc5, 0x23, 0xc5, 0x23, 0xc5, 0x23, 0xc5,
        0x23, 0xc5, 0x23, 0xc5, 0x23, 0xc5, 0x23, 0xc5, 0x23, 0xc5, 0x23, 0xc5,
        0x23, 0xc5, 0x23, 0xc5, 0x23, 0xc5, 0x23, 0xc5, 0x23, 0xc5, 0x23, 0xc5,
        0x23, 0xc5, 0x23, 0xc5, 0x23, 0xc5, 0x23, 0xc5, 0x23, 0xc5, 0x23, 0xc5,
        0x23, 0xc5, 0x23, 0xc5, 0x23, 0xc5, 0x23, 0xc5, 0x23, 0xc5, 0x23, 0xc5,
        0x23, 0xc5, 0x23, 0xc5, 0x23, 0xc5, 0x23, 0xc5, 0x23, 0xc5, 0x23, 0xc5,
        0x0d, 0xd6, 0x9e, 0xf7, 0x9e, 0xf7, 0x9e, 0xf7, 0x9e, 0xf7, 0x9e, 0xf7,
        0x9e, 0xf7, 0x9e, 0xf7, 0x9e, 0xf7, 0x9e, 0xf7, 0x9e, 0xf7, 0x9e, 0xf7,
        0x9e, 0xf7, 0x9e, 0xf7, 0x9e, 0xf7, 0x9e, 0xf7, 0x9e, 0xf7, 0x9e, 0xf7,
        0x9e, 0xf7, 0x9e, 0xf7, 0x9e, 0xf7, 0x9e, 0xf7, 0x9e, 0xf7, 0x4e, 0xde,
        0x84, 0xcd, 0x84, 0xcd, 0x84, 0xcd, 0x84, 0xcd, 0x84, 0xcd, 0x84, 0xcd,
        0x84, 0xcd, 0xa4, 0xcd, 0xa4, 0xcd, 0xa4, 0xcd, 0xa4, 0xd5, 0xa4, 0xd5,
        0x4a, 0x94, 0x10, 0x84, 0xd3, 0x9c, 0x34, 0xa5, 0xf1, 0xa4, 0xa4, 0xd5,
        0xa5, 0xd5, 0xa5, 0xd5, 0xa5, 0xd5, 0xa5, 0xd5, 0xc5, 0xd5, 0xc5, 0xd5,
        0xc5, 0xd5, 0xc5, 0xd5, 0xc5, 0xd5, 0xc5, 0xd5, 0xc5, 0xd5, 0xc5, 0xd5,
        0xc5, 0xd5, 0xc5, 0xd5, 0xc5, 0xd5, 0xe5, 0xd5, 0xe5, 0xd5, 0xe5, 0xd5,
        0xe5, 0xd5, 0xe6, 0xd5, 0xe6, 0xdd, 0xe6, 0xdd, 0xe6, 0xdd, 0x06, 0xde,
        0x06, 0xde, 0x06, 0xde, 0x06, 0xde, 0x06, 0xde, 0x06, 0xde, 0x06, 0xde,
        0x27, 0xde, 0x27, 0xde, 0x27, 0xde, 0x27, 0xde, 0x27, 0xde, 0x27, 0xde,
        0x47, 0xde, 0x27, 0xde, 0xe6, 0xdd, 0xc5, 0xd5, 0xc5, 0xd5, 0xc5, 0xd5,
        0xc5, 0xd5, 0xc5, 0xd5, 0xc5, 0xd5, 0xc5, 0xd5, 0xc5, 0xd5, 0xc5, 0xd5,
        0xc5, 0xd5, 0xc5, 0xd5, 0xc5, 0xd5, 0xa4, 0xd5, 0x63, 0xcd, 0x23, 0xc5,
        0x23, 0xc5, 0x23, 0xc5, 0x23, 0xc5, 0x23, 0xc5, 0x23, 0xc5, 0x23, 0xc5,
        0x23, 0xc5, 0x23, 0xc5, 0x23, 0xc5, 0x23, 0xc5, 0x23, 0xc5, 0x23, 0xc5,
        0x23, 0xc5, 0x23, 0xc5, 0x23, 0xc5, 0x23, 0xc5, 0x23, 0xc5, 0x23, 0xc5,
        0x23, 0xc5, 0x23, 0xc5, 0x23, 0xc5, 0x23, 0xc5, 0x23, 0xc5, 0x23, 0xc5,
        0x23, 0xc5, 0x23, 0xc5, 0x23, 0xc5, 0x23, 0xc5, 0x23, 0xc5, 0x23, 0xc5,
        0x23, 0xc5, 0x23, 0xc5, 0x23, 0xc5, 0x23, 0xc5, 0x23, 0xc5, 0x23, 0xc5,
        0x23, 0xc5, 0x23, 0xc5, 0x23, 0xc5, 0x23, 0xc5, 0x23, 0xc5, 0x23, 0xc5,
        0x23, 0xc5, 0x23, 0xc5, 0x23, 0xc5, 0x23, 0xc5, 0x23, 0xc5, 0x23, 0xc5,
        0x23, 0xc5, 0x23, 0xc5, 0x23, 0xc5, 0x23, 0xc5, 0x23, 0xc5, 0x23, 0xc5,
        0x0d, 0xd6, 0x9e, 0xf7, 0x9e, 0xf7, 0x9e, 0xf7, 0x9e, 0xf7, 0x9e, 0xf7,
        0x9e, 0xf7, 0x9e, 0xf7, 0x9e, 0xf7, 0x9e, 0xf7, 0x9e, 0xf7, 0x9e, 0xf7,
        0x9e, 0xf7, 0x9e, 0xf7, 0x9e, 0xf7, 0x9e, 0xf7, 0x9e, 0xf7, 0x9e, 0xf7,
        0x9e, 0xf7, 0x9e, 0xf7, 0x9e, 0xf7, 0x9e, 0xf7, 0x9e, 0xf7, 0x4e, 0xde,
        0x84, 0xcd, 0x84, 0xcd, 0x84, 0xcd, 0x84, 0xcd, 0x84, 0xcd, 0x84, 0xcd,
        0x84, 0xcd, 0x84, 0xcd, 0xa4, 0xcd, 0xa4, 0xcd, 0xa4, 0xd5, 0xa4, 0xd5,
        0x4a, 0x94, 0x10, 0x84, 0xd3, 0x9c, 0x34, 0xa5, 0xf1, 0xa4, 0xa4, 0xd5,
        0xa4, 0xd5, 0xa5, 0xd5, 0xa5, 0xd5, 0xa5, 0xd5, 0xa5, 0xd5, 0xc5, 0xd5,
        0xc5, 0xd5, 0xc5, 0xd5, 0xc5, 0xd5, 0xc5, 0xd5, 0xc5, 0xd5, 0xc5, 0xd5,
        0xc5, 0xd5, 0xc5, 0xd5, 0xc5, 0xd5, 0xe5, 0xd5, 0xe5, 0xd5, 0xe5, 0xd5,
        0xe5, 0xd5, 0xe6, 0xd5, 0xe6, 0xdd, 0xe6, 0xdd, 0xe6, 0xdd, 0x06, 0xde,
        0x06, 0xde, 0x06, 0xde, 0x06, 0xde, 0x06, 0xde, 0x06, 0xde, 0x06, 0xde,
        0x26, 0xde, 0x27, 0xde, 0x27, 0xde, 0x27, 0xde, 0x27, 0xde, 0x27, 0xde,
        0x27, 0xde, 0x47, 0xde, 0x47, 0xde, 0x27, 0xde, 0xe6, 0xd5, 0xc5, 0xd5,
        0xc5, 0xd5, 0xc5, 0xd5, 0xc5, 0xd5, 0xc5, 0xd5, 0xc5, 0xd5, 0xc5, 0xd5,
        0xc5, 0xd5, 0xa5, 0xd5, 0x63, 0xcd, 0x23, 0xc5, 0x23, 0xc5, 0x23, 0xc5,
        0x23, 0xc5, 0x23, 0xc5, 0x23, 0xc5, 0x23, 0xc5, 0x23, 0xc5, 0x23, 0xc5,
        0x23, 0xc5, 0x23, 0xc5, 0x23, 0xc5, 0x23, 0xc5, 0x23, 0xc5, 0x23, 0xc5,
        0x23, 0xc5, 0x23, 0xc5, 0x23, 0xc5, 0x23, 0xc5, 0x23, 0xc5, 0x23, 0xc5,
        0x23, 0xc5, 0x23, 0xc5, 0x23, 0xc5, 0x23, 0xc5, 0x23, 0xc5, 0x23, 0xc5,
        0x23, 0xc5, 0x23, 0xc5, 0x23, 0xc5, 0x23, 0xc5, 0x23, 0xc5, 0x23, 0xc5,
        0x23, 0xc5, 0x23, 0xc5, 0x23, 0xc5, 0x23, 0xc5, 0x23, 0xc5, 0x23, 0xc5,
        0x23, 0xc5, 0x23, 0xc5, 0x23, 0xc5, 0x23, 0xc5, 0x23, 0xc5, 0x23, 0xc5,
        0x23, 0xc5, 0x23, 0xc5, 0x23, 0xc5, 0x23, 0xc5, 0x23, 0xc5, 0x23, 0xc5,
        0x23, 0xc5, 0x23, 0xc5, 0x23, 0xc5, 0x23, 0xc5, 0x23, 0xc5, 0x23, 0xc5,
        0x0d, 0xd6, 0x9e, 0xf7, 0x9e, 0xf7, 0x9e, 0xf7, 0x9e, 0xf7, 0x9e, 0xf7,
        0x9e, 0xf7, 0x9e, 0xf7, 0x9e, 0xf7, 0x9e, 0xf7, 0x9e, 0xf7, 0x9e, 0xf7,
        0x9e, 0xf7, 0x9e, 0xf7, 0x9e, 0xf7, 0x9e, 0xf7, 0x9e, 0xf7, 0x9e, 0xf7,
        0x9e, 0xf7, 0x9e, 0xf7, 0x9e, 0xf7, 0x9e, 0xf7, 0x9e, 0xf7, 0x4e, 0xde,
        0x84, 0xcd, 0x84, 0xcd, 0x84, 0xcd, 0x84, 0xcd, 0x84, 0xcd, 0x84, 0xcd,
        0x84, 0xcd, 0x84, 0xcd, 0xa4, 0xcd, 0xa4, 0xcd, 0xa4, 0xcd, 0xa4, 0xd5,
        0x4a, 0x94, 0x10, 0x84, 0xd3, 0x9c, 0x34, 0xa5, 0xf1, 0xa4, 0xa4, 0xd5,
        0xa4, 0xd5, 0xa5, 0xd5, 0xa5, 0xd5, 0xa5, 0xd5, 0xa5, 0xd5, 0xc5, 0xd5,
        0xc5, 0xd5, 0xc5, 0xd5, 0xc5, 0xd5, 0xc5, 0xd5, 0xc5, 0xd5, 0xc5, 0xd5,
        0xc5, 0xd5, 0xc5, 0xd5, 0xc5, 0xd5, 0xc5, 0xd5, 0xe5, 0xd5, 0xe5, 0xd5,
        0xe5, 0xd5, 0xe5, 0xd5, 0xe6, 0xd5, 0xe6, 0xdd, 0xe6, 0xdd, 0xe6, 0xdd,
        0x06, 0xde, 0x06, 0xde, 0x06, 0xde, 0x06, 0xde, 0x06, 0xde, 0x06, 0xde,
        0x06, 0xde, 0x27, 0xde, 0x27, 0xde, 0x27, 0xde, 0x27, 0xde, 0x27, 0xde,
        0x27, 0xde, 0x27, 0xde, 0x47, 0xde, 0x47, 0xe6, 0x47, 0xe6, 0x27, 0xde,
        0xe6, 0xd5, 0xc5, 0xd5, 0xc5, 0xd5, 0xc5, 0xd5, 0xc5, 0xd5, 0xc5, 0xd5,
        0x63, 0xcd, 0x23, 0xc5, 0x23, 0xc5, 0x23, 0xc5, 0x23, 0xc5, 0x23, 0xc5,
        0x23, 0xc5, 0x23, 0xc5, 0x23, 0xc5, 0x23, 0xc5, 0x23, 0xc5, 0x23, 0xc5,
        0x23, 0xc5, 0x23, 0xc5, 0x23, 0xc5, 0x23, 0xc5, 0x23, 0xc5, 0x23, 0xc5,
        0x23, 0xc5, 0x23, 0xc5, 0x23, 0xc5, 0x23, 0xc5, 0x23, 0xc5, 0x23, 0xc5,
        0x23, 0xc5, 0x23, 0xc5, 0x23, 0xc5, 0x23, 0xc5, 0x23, 0xc5, 0x23, 0xc5,
        0x23, 0xc5, 0x23, 0xc5, 0x23, 0xc5, 0x23, 0xc5, 0x23, 0xc5, 0x23, 0xc5,
        0x23, 0xc5, 0x23, 0xc5, 0x23, 0xc5, 0x23, 0xc5, 0x23, 0xc5, 0x23, 0xc5,
        0x23, 0xc5, 0x23, 0xc5, 0x23, 0xc5, 0x23, 0xc5, 0x23, 0xc5, 0x23, 0xc5,
        0x23, 0xc5, 0x23, 0xc5, 0x23, 0xc5, 0x23, 0xc5, 0x23, 0xc5, 0x23, 0xc5,
        0x23, 0xc5, 0x23, 0xc5, 0x23, 0xc5, 0x23, 0xc5, 0x23, 0xc5, 0x23, 0xc5,
        0x0d, 0xd6, 0x9e, 0xf7, 0x9e, 0xf7, 0x9e, 0xf7, 0x9e, 0xf7, 0x9e, 0xf7,
        0x9e, 0xf7, 0x9e, 0xf7, 0x9e, 0xf7, 0x9e, 0xf7, 0x9e, 0xf7, 0x9e, 0xf7,
        0x9e, 0xf7, 0x9e, 0xf7, 0x9e, 0xf7, 0x9e, 0xf7, 0x9e, 0xf7, 0x9e, 0xf7,
        0x9e, 0xf7, 0x9e, 0xf7, 0x9e, 0xf7, 0x9e, 0xf7, 0x9e, 0xf7, 0x4e, 0xde,
        0x84, 0xcd, 0x84, 0xcd, 0x84, 0xcd, 0x84, 0xcd, 0x84, 0xcd, 0x84, 0xcd,
        0x84, 0xcd, 0x84, 0xcd, 0x84, 0xcd, 0xa4, 0xcd, 0xa4, 0xcd, 0xa4, 0xd5,
        0x4a, 0x94, 0xef, 0x7b, 0xd3, 0x9c, 0x14, 0xa5, 0xf1, 0xa4, 0xa4, 0xd5,
        0xa4, 0xd5, 0xa4, 0xd5, 0xa5, 0xd5, 0xa5, 0xd5, 0xa5, 0xd5, 0xc5, 0xd5,
        0xc5, 0xd5, 0xc5, 0xd5, 0xc5, 0xd5, 0xc5, 0xd5, 0xc5, 0xd5, 0x85, 0xdc,
        0xe6, 0xe2, 0xc5, 0xdc, 0xc5, 0xd5, 0xc5, 0xd5, 0xe5, 0xd5, 0xe5, 0xd5,
        0xe5, 0xd5, 0xe5, 0xd5, 0xe6, 0xd5, 0xe6, 0xdd, 0xe6, 0xdd, 0xe6, 0xdd,
        0x06, 0xde, 0x06, 0xde, 0x06, 0xde, 0x06, 0xde, 0x06, 0xde, 0x06, 0xde,
        0x06, 0xde, 0x26, 0xde, 0x27, 0xde, 0x27, 0xde, 0x27, 0xde, 0x27, 0xde,
        0x27, 0xde, 0x27, 0xde, 0x27, 0xde, 0x47, 0xde, 0x47, 0xe6, 0x47, 0xe6,
        0x47, 0xe6, 0x27, 0xde, 0xe6, 0xd5, 0xc5, 0xd5, 0x64, 0xcd, 0x23, 0xc5,
        0x23, 0xc5, 0x23, 0xc5, 0x23, 0xc5, 0x23, 0xc5, 0x23, 0xc5, 0x23, 0xc5,
        0x23, 0xc5, 0x23, 0xc5, 0x23, 0xc5, 0x23, 0xc5, 0x23, 0xc5, 0x23, 0xc5,
        0x23, 0xc5, 0x23, 0xc5, 0x23, 0xc5, 0x23, 0xc5, 0x23, 0xc5, 0x23, 0xc5,
        0x23, 0xc5, 0x23, 0xc5, 0x23, 0xc5, 0x23, 0xc5, 0x23, 0xc5, 0x23, 0xc5,
        0x23, 0xc5, 0x23, 0xc5, 0x23, 0xc5, 0x23, 0xc5, 0x23, 0xc5, 0x23, 0xc5,
        0x23, 0xc5, 0x23, 0xc5, 0x23, 0xc5, 0x23, 0xc5, 0x23, 0xc5, 0x23, 0xc5,
        0x23, 0xc5, 0x23, 0xc5, 0x23, 0xc5, 0x23, 0xc5, 0x23, 0xc5, 0x23, 0xc5,
        0x23, 0xc5, 0x23, 0xc5, 0x23, 0xc5, 0x23, 0xc5, 0x23, 0xc5, 0x23, 0xc5,
        0x23, 0xc5, 0x23, 0xc5, 0x23, 0xc5, 0x23, 0xc5, 0x23, 0xc5, 0x23, 0xc5,
        0x23, 0xc5, 0x23, 0xc5, 0x23, 0xc5, 0x23, 0xc5, 0x23, 0xc5, 0x23, 0xc5,
        0x0d, 0xd6, 0x9e, 0xf7, 0x9e, 0xf7, 0x9e, 0xf7, 0x9e, 0xf7, 0x9e, 0xf7,
        0x9e, 0xf7, 0x9e, 0xf7, 0x9e, 0xf7, 0x9e, 0xf7, 0x9e, 0xf7, 0x9e, 0xf7,
        0x9e, 0xf7, 0x9e, 0xf7, 0x9e, 0xf7, 0x9e, 0xf7, 0x9e, 0xf7, 0x9e, 0xf7,
        0x9e, 0xf7, 0x9e, 0xf7, 0x9e, 0xf7, 0x9e, 0xf7, 0x9e, 0xf7, 0x4e, 0xde,
        0x84, 0xcd, 0x84, 0xcd, 0x84, 0xcd, 0x84, 0xcd, 0x84, 0xcd, 0x84, 0xcd,
        0x84, 0xcd, 0x84, 0xcd, 0x84, 0xcd, 0xa4, 0xcd, 0xa4, 0xcd, 0xa4, 0xd5,
        0x4a, 0x94, 0xef, 0x7b, 0xd3, 0x9c, 0x14, 0xa5, 0xf1, 0xa4, 0xa4, 0xd5,
        0xa4, 0xd5, 0xa4, 0xd5, 0xa5, 0xd5, 0xa5, 0xd5, 0xa5, 0xd5, 0xa5, 0xd5,
        0xc5, 0xd5, 0xc5, 0xd5, 0xc5, 0xd5, 0xc5, 0xd5, 0x45, 0xd5, 0x86, 0xe1,
        0x86, 0xe1, 0x86, 0xe1, 0x85, 0xdc, 0xc5, 0xd5, 0xc5, 0xd5, 0xe5, 0xd5,
        0xe5, 0xd5, 0xe5, 0xd5, 0xe5, 0xd5, 0xe6, 0xd5, 0xe6, 0xdd, 0xe6, 0xdd,
        0xe6, 0xdd, 0x06, 0xde, 0x06, 0xde, 0x06, 0xde, 0x06, 0xde, 0x06, 0xde,
        0x06, 0xde, 0x06, 0xde, 0x26, 0xde, 0x27, 0xde, 0x27, 0xde, 0x27, 0xde,
        0x27, 0xde, 0x27, 0xde, 0x27, 0xde, 0x47, 0xde, 0x47, 0xde, 0x47, 0xe6,
        0x47, 0xe6, 0x47, 0xe6, 0x47, 0xe6, 0x23, 0xc5, 0x23, 0xc5, 0x23, 0xc5,
        0x23, 0xc5, 0x23, 0xc5, 0x23, 0xc5, 0x23, 0xc5, 0x23, 0xc5, 0x23, 0xc5,
        0x23, 0xc5, 0x23, 0xc5, 0x23, 0xc5, 0x23, 0xc5, 0x23, 0xc5, 0x23, 0xc5,
        0x23, 0xc5, 0x23, 0xc5, 0x23, 0xc5, 0x23, 0xc5, 0x23, 0xc5, 0x23, 0xc5,
        0x23, 0xc5, 0x23, 0xc5, 0x23, 0xc5, 0x23, 0xc5, 0x23, 0xc5, 0x23, 0xc5,
        0x23, 0xc5, 0x23, 0xc5, 0x23, 0xc5, 0x23, 0xc5, 0x23, 0xc5, 0x23, 0xc5,
        0x23, 0xc5, 0x23, 0xc5, 0x23, 0xc5, 0x23, 0xc5, 0x23, 0xc5, 0x23, 0xc5,
        0x23, 0xc5, 0x23, 0xc5, 0x23, 0xc5, 0x23, 0xc5, 0x23, 0xc5, 0x23, 0xc5,
        0x23, 0xc5, 0x23, 0xc5, 0x23, 0xc5, 0x23, 0xc5, 0x23, 0xc5, 0x23, 0xc5,
        0x23, 0xc5, 0x23, 0xc5, 0x23, 0xc5, 0x23, 0xc5, 0x23, 0xc5, 0x23, 0xc5,
        0x23, 0xc5, 0x23, 0xc5, 0x23, 0xc5, 0x23, 0xc5, 0x23, 0xc5, 0x23, 0xc5,
        0x0d, 0xd6, 0x9e, 0xf7, 0x9e, 0xf7, 0x9e, 0xf7, 0x9e, 0xf7, 0x9e, 0xf7,
        0x9e, 0xf7, 0x9e, 0xf7, 0x9e, 0xf7, 0x9e, 0xf7, 0x9e, 0xf7, 0x9e, 0xf7,
        0x9e, 0xf7, 0x9e, 0xf7, 0x9e, 0xf7, 0x9e, 0xf7, 0x9e, 0xf7, 0x9e, 0xf7,
        0x9e, 0xf7, 0x9e, 0xf7, 0x9e, 0xf7, 0x9e, 0xf7, 0x9e, 0xf7, 0x4e, 0xde,
        0x84, 0xcd, 0x84, 0xcd, 0x84, 0xcd, 0x84, 0xcd, 0x84, 0xcd, 0x84, 0xcd,
        0x84, 0xcd, 0x84, 0xcd, 0x84, 0xcd, 0xa4, 0xcd, 0xa4, 0xcd, 0x27, 0xdd,
        0x6f, 0x9c, 0xef, 0x7b, 0xd3, 0x9c, 0x14, 0xa5, 0x71, 0xa4, 0x04, 0xe4,
        0xa4, 0xd5, 0xa4, 0xd5, 0xa5, 0xd5, 0xa5, 0xd5, 0xa5, 0xd5, 0xa5, 0xd5,
        0xc5, 0xd5, 0xc5, 0xd5, 0xc5, 0xd5, 0xc5, 0xd5, 0xe5, 0xdb, 0x86, 0xe1,
        0x86, 0xe1, 0x86, 0xe1, 0x26, 0xe2, 0xc5, 0xd5, 0xc5, 0xd5, 0xe5, 0xd5,
        0xe5, 0xd5, 0xe5, 0xd5, 0xe5, 0xd5, 0xe6, 0xd5, 0xe6, 0xdd, 0xe6, 0xdd,
        0xe6, 0xdd, 0x06, 0xde, 0x06, 0xde, 0x06, 0xde, 0x06, 0xde, 0x06, 0xde,
        0x06, 0xde, 0x06, 0xde, 0x06, 0xde, 0x27, 0xde, 0x27, 0xde, 0x27, 0xde,
        0x27, 0xde, 0x27, 0xde, 0x27, 0xde, 0x27, 0xde, 0x47, 0xde, 0x47, 0xde,
        0x47, 0xe6, 0x47, 0xe6, 0x47, 0xe6, 0x23, 0xc5, 0x23, 0xc5, 0x23, 0xc5,
        0x23, 0xc5, 0x23, 0xc5, 0x23, 0xc5, 0x23, 0xc5, 0x23, 0xc5, 0x23, 0xc5,
        0x23, 0xc5, 0x23, 0xc5, 0x23, 0xc5, 0x23, 0xc5, 0x23, 0xc5, 0x23, 0xc5,
        0x23, 0xc5, 0x23, 0xc5, 0x23, 0xc5, 0x23, 0xc5, 0x23, 0xc5, 0x23, 0xc5,
        0x23, 0xc5, 0x23, 0xc5, 0x23, 0xc5, 0x23, 0xc5, 0x23, 0xc5, 0x23, 0xc5,
        0x23, 0xc5, 0x23, 0xc5, 0x23, 0xc5, 0x23, 0xc5, 0x23, 0xc5, 0x23, 0xc5,
        0x23, 0xc5, 0x23, 0xc5, 0x23, 0xc5, 0x23, 0xc5, 0x23, 0xc5, 0x23, 0xc5,
        0x23, 0xc5, 0x23, 0xc5, 0x23, 0xc5, 0x23, 0xc5, 0x23, 0xc5, 0x23, 0xc5,
        0x23, 0xc5, 0x23, 0xc5, 0x23, 0xc5, 0x23, 0xc5, 0x23, 0xc5, 0x23, 0xc5,
        0x23, 0xc5, 0x23, 0xc5, 0x23, 0xc5, 0x23, 0xc5, 0x23, 0xc5, 0x23, 0xc5,
        0x23, 0xc5, 0x23, 0xc5, 0x23, 0xc5, 0x23, 0xc5, 0x23, 0xc5, 0x23, 0xc5,
        0x0d, 0xd6, 0x9e, 0xf7, 0x9e, 0xf7, 0x9e, 0xf7, 0x9e, 0xf7, 0x9e, 0xf7,
        0x9e, 0xf7, 0x9e, 0xf7, 0x9e, 0xf7, 0x9e, 0xf7, 0x9e, 0xf7, 0x9e, 0xf7,
        0x9e, 0xf7, 0x9e, 0xf7, 0x9e, 0xf7, 0x9e, 0xf7, 0x9e, 0xf7, 0x9e, 0xf7,
        0x9e, 0xf7, 0x9e, 0xf7, 0x9e, 0xf7, 0x9e, 0xf7, 0x9e, 0xf7, 0x4e, 0xde,
        0x84, 0xcd, 0x84, 0xcd, 0x84, 0xcd, 0x84, 0xcd, 0x84, 0xcd, 0x84, 0xcd,
        0x84, 0xcd, 0x84, 0xcd, 0x84, 0xcd, 0x84, 0xcd, 0x85, 0xdc, 0x26, 0xfa,
        0x46, 0xe2, 0x8d, 0x9b, 0xb2, 0x94, 0x91, 0xb4, 0xac, 0xcb, 0x64, 0xfa,
        0xe4, 0xeb, 0xa4, 0xd5, 0xa4, 0xd5, 0xa5, 0xd5, 0xa5, 0xd5, 0xa5, 0xd5,
        0xa5, 0xd5, 0xc5, 0xd5, 0xc5, 0xd5, 0xc5, 0xd5, 0x25, 0xdc, 0x86, 0xe1,
        0x86, 0xe1, 0x86, 0xe1, 0x86, 0xe1, 0x85, 0xd5, 0xc5, 0xd5, 0xe5, 0xd5,
        0xe5, 0xd5, 0xe5, 0xd5, 0xe5, 0xd5, 0xe5, 0xd5, 0xe6, 0xd5, 0xe6, 0xdd,
        0xe6, 0xdd, 0xe6, 0xdd, 0x06, 0xde, 0x06, 0xde, 0x06, 0xde, 0x06, 0xde,
        0x06, 0xde, 0x06, 0xde, 0x06, 0xde, 0x26, 0xde, 0x27, 0xde, 0x27, 0xde,
        0x27, 0xde, 0x27, 0xde, 0x27, 0xde, 0x27, 0xde, 0x27, 0xde, 0x47, 0xde,
        0x47, 0xde, 0x47, 0xde, 0x47, 0xe6, 0x23, 0xc5, 0x23, 0xc5, 0x23, 0xc5,
        0x23, 0xc5, 0x23, 0xc5, 0x23, 0xc5, 0x23, 0xc5, 0x23, 0xc5, 0x23, 0xc5,
        0x23, 0xc5, 0x23, 0xc5, 0x23, 0xc5, 0x23, 0xc5, 0x23, 0xc5, 0x23, 0xc5,
        0x23, 0xc5, 0x23, 0xc5, 0x23, 0xc5, 0x23, 0xc5, 0x23, 0xc5, 0x23, 0xc5,
        0x23, 0xc5, 0x23, 0xc5, 0x23, 0xc5, 0x23, 0xc5, 0x23, 0xc5, 0x23, 0xc5,
        0x23, 0xc5, 0x23, 0xc5, 0x23, 0xc5, 0x23, 0xc5, 0x23, 0xc5, 0x23, 0xc5,
        0x23, 0xc5, 0x23, 0xc5, 0x23, 0xc5, 0x23, 0xc5, 0x23, 0xc5, 0x23, 0xc5,
        0x23, 0xc5, 0x23, 0xc5, 0x23, 0xc5, 0x23, 0xc5, 0x23, 0xc5, 0x23, 0xc5,
        0x23, 0xc5, 0x23, 0xc5, 0x23, 0xc5, 0x23, 0xc5, 0x23, 0xc5, 0x23, 0xc5,
        0x23, 0xc5, 0x23, 0xc5, 0x23, 0xc5, 0x23, 0xc5, 0x23, 0xc5, 0x23, 0xc5,
        0x23, 0xc5, 0x23, 0xc5, 0x23, 0xc5, 0x23, 0xc5, 0x23, 0xc5, 0x23, 0xc5,
        0x0d, 0xd6, 0x9e, 0xf7, 0x9e, 0xf7, 0x9e, 0xf7, 0x9e, 0xf7, 0x9e, 0xf7,
        0x9e, 0xf7, 0x9e, 0xf7, 0x9e, 0xf7, 0x9e, 0xf7, 0x9e, 0xf7, 0x9e, 0xf7,
        0x9e, 0xf7, 0x9e, 0xf7, 0x9e, 0xf7, 0x9e, 0xf7, 0x9e, 0xf7, 0x9e, 0xf7,
        0x9e, 0xf7, 0x9e, 0xf7, 0x9e, 0xf7, 0x9e, 0xf7, 0x9e, 0xf7, 0xd4, 0xe6,
        0xa6, 0xcd, 0x84, 0xcd, 0x84, 0xcd, 0x84, 0xcd, 0x84, 0xcd, 0x84, 0xcd,
        0x84, 0xcd, 0x84, 0xcd, 0x84, 0xcd, 0x44, 0xd5, 0xc4, 0xf9, 0xc3, 0xf9,
        0x24, 0xfa, 0x64, 0xfa, 0x85, 0xfa, 0xa5, 0xfa, 0xa5, 0xfa, 0xa5, 0xfa,
        0x64, 0xfa, 0x24, 0xd5, 0xa4, 0xd5, 0xa5, 0xd5, 0xa5, 0xd5, 0xa5, 0xd5,
        0xa5, 0xd5, 0xc5, 0xd5, 0xc5, 0xd5, 0xc5, 0xd5, 0xc5, 0xd5, 0x26, 0xe2,
        0x86, 0xe1, 0x86, 0xe1, 0xe6, 0xe1, 0xc5, 0xd5, 0xc5, 0xd5, 0xc5, 0xd5,
        0xe5, 0xd5, 0xe5, 0xd5, 0xe5, 0xd5, 0xe5, 0xd5, 0xe6, 0xd5, 0xe6, 0xdd,
        0xe6, 0xdd, 0xe6, 0xdd, 0x06, 0xde, 0x06, 0xde, 0x06, 0xde, 0x06, 0xde,
        0x06, 0xde, 0x06, 0xde, 0x06, 0xde, 0x06, 0xde, 0x26, 0xde, 0x27, 0xde,
        0x27, 0xde, 0x27, 0xde, 0x27, 0xde, 0x27, 0xde, 0x27, 0xde, 0x27, 0xde,
        0x27, 0xde, 0x47, 0xde, 0x47, 0xde, 0x23, 0xc5, 0x23, 0xc5, 0x23, 0xc5,
        0x23, 0xc5, 0x23, 0xc5, 0x23, 0xc5, 0x23, 0xc5, 0x23, 0xc5, 0x23, 0xc5,
        0x23, 0xc5, 0x23, 0xc5, 0x23, 0xc5, 0x23, 0xc5, 0x23, 0xc5, 0x23, 0xc5,
        0x23, 0xc5, 0x23, 0xc5, 0x23, 0xc5, 0x23, 0xc5, 0x23, 0xc5, 0x23, 0xc5,
        0x23, 0xc5, 0x23, 0xc5, 0x23, 0xc5, 0x23, 0xc5, 0x23, 0xc5, 0x23, 0xc5,
        0x23, 0xc5, 0x23, 0xc5, 0x23, 0xc5, 0x23, 0xc5, 0x23, 0xc5, 0x23, 0xc5,
        0x23, 0xc5, 0x23, 0xc5, 0x23, 0xc5, 0x23, 0xc5, 0x23, 0xc5, 0x23, 0xc5,
        0x23, 0xc5, 0x23, 0xc5, 0x23, 0xc5, 0x23, 0xc5, 0x23, 0xc5, 0x23, 0xc5,
        0x23, 0xc5, 0x23, 0xc5, 0x23, 0xc5, 0x23, 0xc5, 0x23, 0xc5, 0x23, 0xc5,
        0x23, 0xc5, 0x23, 0xc5, 0x23, 0xc5, 0x23, 0xc5, 0x23, 0xc5, 0x23, 0xc5,
        0x23, 0xc5, 0x23, 0xc5, 0x23, 0xc5, 0x23, 0xc5, 0x23, 0xc5, 0x23, 0xc5,
        0x92, 0xde, 0x9e, 0xf7, 0x9e, 0xf7, 0x9e, 0xf7, 0x9e, 0xf7, 0x9e, 0xf7,
        0x9e, 0xf7, 0x9e, 0xf7, 0x9e, 0xf7, 0x9e, 0xf7, 0x9e, 0xf7, 0x9e, 0xf7,
        0x9e, 0xf7, 0x9e, 0xf7, 0x9e, 0xf7, 0x9e, 0xf7, 0x9e, 0xf7, 0x9e, 0xf7,
        0x9e, 0xf7, 0x9e, 0xf7, 0x9e, 0xf7, 0x9e, 0xf7, 0x9e, 0xf7, 0x9e, 0xf7,
        0x7c, 0xef, 0x91, 0xde, 0xa6, 0xd5, 0x84, 0xcd, 0x84, 0xcd, 0x84, 0xcd,
        0x84, 0xcd, 0x84, 0xcd, 0x84, 0xcd, 0x44, 0xdc, 0x63, 0xf9, 0xe4, 0xf9,
        0x44, 0xfa, 0x85, 0xfa, 0xc6, 0xfa, 0xe6, 0xfa, 0x06, 0xfb, 0xc5, 0xfa,
        0x85, 0xfa, 0xa4, 0xeb, 0xa4, 0xd5, 0xa4, 0xd5, 0xa5, 0xd5, 0xa5, 0xd5,
        0xa5, 0xd5, 0xa5, 0xd5, 0xc5, 0xd5, 0xc5, 0xd5, 0xc5, 0xd5, 0x85, 0xd5,
        0xe5, 0xdb, 0xa5, 0xdb, 0x45, 0xd5, 0xc5, 0xd5, 0xc5, 0xd5, 0xc5, 0xd5,
        0xe5, 0xd5, 0xe5, 0xd5, 0xe5, 0xd5, 0xe5, 0xd5, 0xe5, 0xd5, 0xe6, 0xd5,
        0xe6, 0xdd, 0xe6, 0xdd, 0xe6, 0xdd, 0x06, 0xde, 0x06, 0xde, 0x06, 0xde,
        0x06, 0xde, 0x06, 0xde, 0x06, 0xde, 0x06, 0xde, 0x06, 0xde, 0x26, 0xde,
        0x27, 0xde, 0x27, 0xde, 0x27, 0xde, 0x27, 0xde, 0x27, 0xde, 0x27, 0xde,
        0x27, 0xde, 0x27, 0xde, 0x47, 0xde, 0x23, 0xc5, 0x23, 0xc5, 0x23, 0xc5,
        0x23, 0xc5, 0x23, 0xc5, 0x23, 0xc5, 0x23, 0xc5, 0x23, 0xc5, 0x23, 0xc5,
        0x23, 0xc5, 0x23, 0xc5, 0x23, 0xc5, 0x23, 0xc5, 0x23, 0xc5, 0x23, 0xc5,
        0x23, 0xc5, 0x23, 0xc5, 0x23, 0xc5, 0x23, 0xc5, 0x23, 0xc5, 0x23, 0xc5,
        0x23, 0xc5, 0x23, 0xc5, 0x23, 0xc5, 0x23, 0xc5, 0x23, 0xc5, 0x23, 0xc5,
        0x23, 0xc5, 0x23, 0xc5, 0x23, 0xc5, 0x23, 0xc5, 0x23, 0xc5, 0x23, 0xc5,
        0x23, 0xc5, 0x23, 0xc5, 0x23, 0xc5, 0x23, 0xc5, 0x23, 0xc5, 0x23, 0xc5,
        0x23, 0xc5, 0x23, 0xc5, 0x23, 0xc5, 0x23, 0xc5, 0x23, 0xc5, 0x23, 0xc5,
        0x23, 0xc5, 0x23, 0xc5, 0x23, 0xc5, 0x23, 0xc5, 0x23, 0xc5, 0x23, 0xc5,
        0x23, 0xc5, 0x23, 0xc5, 0x23, 0xc5, 0x23, 0xc5, 0x23, 0xc5, 0x23, 0xc5,
        0x23, 0xc5, 0x23, 0xc5, 0x23, 0xc5, 0x23, 0xc5, 0x0d, 0xd6, 0x3a, 0xef,
        0x9e, 0xf7, 0x9e, 0xf7, 0x9e, 0xf7, 0x9e, 0xf7, 0x9e, 0xf7, 0x9e, 0xf7,
        0x9e, 0xf7, 0x9e, 0xf7, 0x9e, 0xf7, 0x9e, 0xf7, 0x9e, 0xf7, 0x9e, 0xf7,
        0x9e, 0xf7, 0x9e, 0xf7, 0x9e, 0xf7, 0x9e, 0xf7, 0x9e, 0xf7, 0x9e, 0xf7,
        0x9e, 0xf7, 0x9e, 0xf7, 0x9e, 0xf7, 0x9e, 0xf7, 0x9e, 0xf7, 0x9e, 0xf7,
        0x9e, 0xf7, 0x9e, 0xf7, 0x7c, 0xef, 0x91, 0xde, 0xa6, 0xd5, 0x84, 0xcd,
        0x84, 0xcd, 0x84, 0xcd, 0x84, 0xcd, 0x64, 0xe3, 0x63, 0xf9, 0xe4, 0xf9,
        0x44, 0xfa, 0xa5, 0xfa, 0x32, 0xfd, 0xaa, 0xfb, 0xf0, 0xfc, 0xc5, 0xfa,
        0x85, 0xfa, 0x04, 0xf3, 0xa4, 0xd5, 0xa4, 0xd5, 0xa5, 0xd5, 0xa5, 0xd5,
        0xa5, 0xd5, 0xa5, 0xd5, 0xc5, 0xd5, 0xc5, 0xd5, 0xc5, 0xd5, 0xc5, 0xd5,
        0xc5, 0xd5, 0xc5, 0xd5, 0xc5, 0xd5, 0xc5, 0xd5, 0xc5, 0xd5, 0xc5, 0xd5,
        0xc5, 0xd5, 0xe5, 0xd5, 0xe5, 0xd5, 0xe5, 0xd5, 0xe5, 0xd5, 0xe6, 0xd5,
        0xe6, 0xdd, 0xe6, 0xdd, 0xe6, 0xdd, 0xe6, 0xdd, 0x06, 0xde, 0x06, 0xde,
        0x06, 0xde, 0x06, 0xde, 0x06, 0xde, 0x06, 0xde, 0x06, 0xde, 0x06, 0xde,
        0x27, 0xde, 0x27, 0xde, 0x27, 0xde, 0x27, 0xde, 0x27, 0xde, 0x27, 0xde,
        0x27, 0xde, 0x27, 0xde, 0x27, 0xde, 0x23, 0xc5, 0x23, 0xc5, 0x23, 0xc5,
        0x23, 0xc5, 0x23, 0xc5, 0x23, 0xc5, 0x23, 0xc5, 0x23, 0xc5, 0x23, 0xc5,
        0x23, 0xc5, 0x23, 0xc5, 0x23, 0xc5, 0x23, 0xc5, 0x23, 0xc5, 0x23, 0xc5,
        0x23, 0xc5, 0x23, 0xc5, 0x23, 0xc5, 0x23, 0xc5, 0x23, 0xc5, 0x23, 0xc5,
        0x23, 0xc5, 0x23, 0xc5, 0x23, 0xc5, 0x23, 0xc5, 0x23, 0xc5, 0x23, 0xc5,
        0x23, 0xc5, 0x23, 0xc5, 0x23, 0xc5, 0x23, 0xc5, 0x23, 0xc5, 0x23, 0xc5,
        0x23, 0xc5, 0x23, 0xc5, 0x23, 0xc5, 0x23, 0xc5, 0x23, 0xc5, 0x23, 0xc5,
        0x23, 0xc5, 0x23, 0xc5, 0x23, 0xc5, 0x23, 0xc5, 0x23, 0xc5, 0x23, 0xc5,
        0x23, 0xc5, 0x23, 0xc5, 0x23, 0xc5, 0x23, 0xc5, 0x23, 0xc5, 0x23, 0xc5,
        0x23, 0xc5, 0x23, 0xc5, 0x23, 0xc5, 0x23, 0xc5, 0x23, 0xc5, 0x23, 0xc5,
        0x23, 0xc5, 0x23, 0xc5, 0x0d, 0xd6, 0x3a, 0xef, 0x9e, 0xf7, 0x9e, 0xf7,
        0x9e, 0xf7, 0x9e, 0xf7, 0x9e, 0xf7, 0x9e, 0xf7, 0x9e, 0xf7, 0x9e, 0xf7,
        0x9e, 0xf7, 0x9e, 0xf7, 0x9e, 0xf7, 0x9e, 0xf7, 0x9e, 0xf7, 0x9e, 0xf7,
        0x9e, 0xf7, 0x9e, 0xf7, 0x9e, 0xf7, 0x9e, 0xf7, 0x9e, 0xf7, 0x9e, 0xf7,
        0x9e, 0xf7, 0x9e, 0xf7, 0x9e, 0xf7, 0x9e, 0xf7, 0x9e, 0xf7, 0x9e, 0xf7,
        0x9e, 0xf7, 0x9e, 0xf7, 0x9e, 0xf7, 0x9e, 0xf7, 0x5a, 0xef, 0x4e, 0xde,
        0x84, 0xcd, 0x84, 0xcd, 0x84, 0xcd, 0xa3, 0xe3, 0x43, 0xf9, 0xc4, 0xf9,
        0x24, 0xfa, 0x85, 0xfa, 0xc6, 0xfa, 0xc6, 0xfa, 0xe6, 0xfa, 0xa5, 0xfa,
        0x85, 0xfa, 0x24, 0xf3, 0xa4, 0xd5, 0xa4, 0xd5, 0xa4, 0xd5, 0xa5, 0xd5,
        0xa5, 0xd5, 0xa5, 0xd5, 0xa5, 0xd5, 0xc5, 0xd5, 0xc5, 0xd5, 0xc5, 0xd5,
        0xc5, 0xd5, 0xc5, 0xd5, 0xc5, 0xd5, 0xc5, 0xd5, 0xc5, 0xd5, 0xc5, 0xd5,
        0xc5, 0xd5, 0xc5, 0xd5, 0xe5, 0xd5, 0xe5, 0xd5, 0xe5, 0xd5, 0xe5, 0xd5,
        0xe6, 0xd5, 0xe6, 0xdd, 0xe6, 0xdd, 0xe6, 0xdd, 0x06, 0xde, 0x06, 0xde,
        0x06, 0xde, 0x06, 0xde, 0x06, 0xde, 0x06, 0xde, 0x06, 0xde, 0x06, 0xde,
        0x26, 0xde, 0x27, 0xde, 0x27, 0xde, 0x27, 0xde, 0x27, 0xde, 0x27, 0xde,
        0x27, 0xde, 0x27, 0xde, 0x27, 0xde, 0x23, 0xc5, 0x23, 0xc5, 0x23, 0xc5,
        0x23, 0xc5, 0x23, 0xc5, 0x23, 0xc5, 0x23, 0xc5, 0x23, 0xc5, 0x23, 0xc5,
        0x23, 0xc5, 0x23, 0xc5, 0x23, 0xc5, 0x23, 0xc5, 0x23, 0xc5, 0x23, 0xc5,
        0x23, 0xc5, 0x23, 0xc5, 0x23, 0xc5, 0x23, 0xc5, 0x23, 0xc5, 0x23, 0xc5,
        0x23, 0xc5, 0x23, 0xc5, 0x23, 0xc5, 0x23, 0xc5, 0x23, 0xc5, 0x23, 0xc5,
        0x23, 0xc5, 0x23, 0xc5, 0x23, 0xc5, 0x23, 0xc5, 0x23, 0xc5, 0x23, 0xc5,
        0x23, 0xc5, 0x23, 0xc5, 0x23, 0xc5, 0x23, 0xc5, 0x23, 0xc5, 0x23, 0xc5,
        0x23, 0xc5, 0x23, 0xc5, 0x23, 0xc5, 0x23, 0xc5, 0x23, 0xc5, 0x23, 0xc5,
        0x23, 0xc5, 0x23, 0xc5, 0x23, 0xc5, 0x23, 0xc5, 0x23, 0xc5, 0x23, 0xc5,
        0x23, 0xc5, 0x23, 0xc5, 0x23, 0xc5, 0x23, 0xc5, 0x23, 0xc5, 0x23, 0xc5,
        0x0d, 0xd6, 0x3a, 0xef, 0x9e, 0xf7, 0x9e, 0xf7, 0x9e, 0xf7, 0x9e, 0xf7,
        0x9e, 0xf7, 0x9e, 0xf7, 0x9e, 0xf7, 0x9e, 0xf7, 0x9e, 0xf7, 0x9e, 0xf7,
        0x9e, 0xf7, 0x9e, 0xf7, 0x9e, 0xf7, 0x9e, 0xf7, 0x9e, 0xf7, 0x9e, 0xf7,
        0x9e, 0xf7, 0x9e, 0xf7, 0x9e, 0xf7, 0x9e, 0xf7, 0x9e, 0xf7, 0x9e, 0xf7,
        0x9e, 0xf7, 0x9e, 0xf7, 0x9e, 0xf7, 0x9e, 0xf7, 0x9e, 0xf7, 0x9e, 0xf7,
        0x9e, 0xf7, 0x9e, 0xf7, 0x9e, 0xf7, 0x9e, 0xf7, 0x9e, 0xf7, 0x9e, 0xf7,
        0x5a, 0xef, 0x4e, 0xde, 0x84, 0xcd, 0xa4, 0xdc, 0x23, 0xf9, 0xa3, 0xf9,
        0x04, 0xfa, 0x44, 0xfa, 0x85, 0xfa, 0x85, 0xfa, 0xa5, 0xfa, 0x85, 0xfa,
        0x44, 0xfa, 0x04, 0xe4, 0xa4, 0xd5, 0xa4, 0xd5, 0xa4, 0xd5, 0xa5, 0xd5,
        0xa5, 0xd5, 0xa5, 0xd5, 0xa5, 0xd5, 0xc5, 0xd5, 0xc5, 0xd5, 0xc5, 0xd5,
        0xc5, 0xd5, 0xc5, 0xd5, 0xc5, 0xd5, 0xc5, 0xd5, 0xc5, 0xd5, 0xc5, 0xd5,
        0xc5, 0xd5, 0xc5, 0xd5, 0xe5, 0xd5, 0xe5, 0xd5, 0xe5, 0xd5, 0xe5, 0xd5,
        0xe5, 0xd5, 0xe6, 0xd5, 0xe6, 0xdd, 0xe6, 0xdd, 0xe6, 0xdd, 0x06, 0xde,
        0x06, 0xde, 0x06, 0xde, 0x06, 0xde, 0x06, 0xde, 0x06, 0xde, 0x06, 0xde,
        0x06, 0xde, 0x26, 0xde, 0x27, 0xde, 0x27, 0xde, 0x27, 0xde, 0x27, 0xde,
        0x27, 0xde, 0x27, 0xde, 0x27, 0xde, 0x23, 0xc5, 0x23, 0xc5, 0x23, 0xc5,
        0x23, 0xc5, 0x23, 0xc5, 0x23, 0xc5, 0x23, 0xc5, 0x23, 0xc5, 0x23, 0xc5,
        0x23, 0xc5, 0x23, 0xc5, 0x23, 0xc5, 0x23, 0xc5, 0x23, 0xc5, 0x23, 0xc5,
        0x23, 0xc5, 0x23, 0xc5, 0x23, 0xc5, 0x23, 0xc5, 0x23, 0xc5, 0x23, 0xc5,
        0x23, 0xc5, 0x23, 0xc5, 0x23, 0xc5, 0x23, 0xc5, 0x23, 0xc5, 0x23, 0xc5,
        0x23, 0xc5, 0x23, 0xc5, 0x23, 0xc5, 0x23, 0xc5, 0x23, 0xc5, 0x23, 0xc5,
        0x23, 0xc5, 0x23, 0xc5, 0x23, 0xc5, 0x23, 0xc5, 0x23, 0xc5, 0x23, 0xc5,
        0x23, 0xc5, 0x23, 0xc5, 0x23, 0xc5, 0x23, 0xc5, 0x23, 0xc5, 0x23, 0xc5,
        0x23, 0xc5, 0x23, 0xc5, 0x23, 0xc5, 0x23, 0xc5, 0x23, 0xc5, 0x23, 0xc5,
        0x23, 0xc5, 0x23, 0xc5, 0x23, 0xc5, 0x23, 0xc5, 0x0d, 0xd6, 0x3a, 0xef,
        0x9e, 0xf7, 0x9e, 0xf7, 0x9e, 0xf7, 0x9e, 0xf7, 0x9e, 0xf7, 0x9e, 0xf7,
        0x9e, 0xf7, 0x9e, 0xf7, 0x9e, 0xf7, 0x9e, 0xf7, 0x9e, 0xf7, 0x9e, 0xf7,
        0x9e, 0xf7, 0x9e, 0xf7, 0x9e, 0xf7, 0x9e, 0xf7, 0x9e, 0xf7, 0x9e, 0xf7,
        0x9e, 0xf7, 0x9e, 0xf7, 0x9e, 0xf7, 0x9e, 0xf7, 0x9e, 0xf7, 0x9e, 0xf7,
        0x9e, 0xf7, 0x9e, 0xf7, 0x9e, 0xf7, 0x9e, 0xf7, 0x9e, 0xf7, 0x9e, 0xf7,
        0x9e, 0xf7, 0x9e, 0xf7, 0x9e, 0xf7, 0x9e, 0xf7, 0x9e, 0xf7, 0x9e, 0xf7,
        0x9e, 0xf7, 0x9e, 0xf7, 0x5a, 0xef, 0x4e, 0xde, 0xa3, 0xea, 0x43, 0xf9,
        0xc3, 0xf9, 0x04, 0xfa, 0x44, 0xfa, 0x64, 0xfa, 0x64, 0xfa, 0x44, 0xfa,
        0x64, 0xfa, 0x64, 0xd5, 0xa4, 0xd5, 0xa4, 0xd5, 0xa4, 0xd5, 0xa4, 0xd5,
        0xa5, 0xd5, 0xa5, 0xd5, 0xa5, 0xd5, 0xa5, 0xd5, 0xc5, 0xd5, 0xc5, 0xd5,
        0xc5, 0xd5, 0xc5, 0xd5, 0xc5, 0xd5, 0xc5, 0xd5, 0xc5, 0xd5, 0xc5, 0xd5,
        0xc5, 0xd5, 0xc5, 0xd5, 0xc5, 0xd5, 0xe5, 0xd5, 0xe5, 0xd5, 0xe5, 0xd5,
        0xe5, 0xd5, 0xe6, 0xd5, 0xe6, 0xdd, 0xe6, 0xdd, 0xe6, 0xdd, 0xe6, 0xdd,
        0x06, 0xde, 0x06, 0xde, 0x06, 0xde, 0x06, 0xde, 0x06, 0xde, 0x06, 0xde,
        0x06, 0xde, 0x06, 0xde, 0x26, 0xde, 0x27, 0xde, 0x27, 0xde, 0x27, 0xde,
        0x27, 0xde, 0x27, 0xde, 0x27, 0xde, 0x23, 0xc5, 0x23, 0xc5, 0x23, 0xc5,
        0x23, 0xc5, 0x23, 0xc5, 0x23, 0xc5, 0x23, 0xc5, 0x23, 0xc5, 0x23, 0xc5,
        0x23, 0xc5, 0x23, 0xc5, 0x23, 0xc5, 0x23, 0xc5, 0x23, 0xc5, 0x23, 0xc5,
        0x23, 0xc5, 0x23, 0xc5, 0x23, 0xc5, 0x23, 0xc5, 0x23, 0xc5, 0x23, 0xc5,
        0x23, 0xc5, 0x23, 0xc5, 0x23, 0xc5, 0x23, 0xc5, 0x23, 0xc5, 0x23, 0xc5,
        0x23, 0xc5, 0x23, 0xc5, 0x23, 0xc5, 0x23, 0xc5, 0x23, 0xc5, 0x23, 0xc5,
        0x23, 0xc5, 0x23, 0xc5, 0x23, 0xc5, 0x23, 0xc5, 0x23, 0xc5, 0x23, 0xc5,
        0x23, 0xc5, 0x23, 0xc5, 0x23, 0xc5, 0x23, 0xc5, 0x23, 0xc5, 0x23, 0xc5,
        0x23, 0xc5, 0x23, 0xc5, 0x23, 0xc5, 0x23, 0xc5, 0x23, 0xc5, 0x23, 0xc5,
        0x23, 0xc5, 0x23, 0xc5, 0x0d, 0xd6, 0x3a, 0xef, 0x9e, 0xf7, 0x9e, 0xf7,
        0x9e, 0xf7, 0x9e, 0xf7, 0x9e, 0xf7, 0x9e, 0xf7, 0x9e, 0xf7, 0x9e, 0xf7,
        0x9e, 0xf7, 0x9e, 0xf7, 0x9e, 0xf7, 0x9e, 0xf7, 0x9e, 0xf7, 0x9e, 0xf7,
        0x9e, 0xf7, 0x9e, 0xf7, 0x9e, 0xf7, 0x9e, 0xf7, 0x9e, 0xf7, 0x9e, 0xf7,
        0x9e, 0xf7, 0x9e, 0xf7, 0x9e, 0xf7, 0x9e, 0xf7, 0x9e, 0xf7, 0x9e, 0xf7,
        0x9e, 0xf7, 0x9e, 0xf7, 0x9e, 0xf7, 0x9e, 0xf7, 0x9e, 0xf7, 0x9e, 0xf7,
        0x9e, 0xf7, 0x9e, 0xf7, 0x9e, 0xf7, 0x9e, 0xf7, 0x9e, 0xf7, 0x9e, 0xf7,
        0x9e, 0xf7, 0x9e, 0xf7, 0x9e, 0xf7, 0x9e, 0xf7, 0xba, 0xf6, 0x28, 0xfa,
        0x43, 0xf9, 0xa3, 0xf9, 0xe4, 0xf9, 0x04, 0xfa, 0xe4, 0xf9, 0x44, 0xfa,
        0xe4, 0xdc, 0xa4, 0xd5, 0xa4, 0xd5, 0xa4, 0xd5, 0xa4, 0xd5, 0xa4, 0xd5,
        0xa5, 0xd5, 0xa5, 0xd5, 0xa5, 0xd5, 0xa5, 0xd5, 0xc5, 0xd5, 0xc5, 0xd5,
        0xc5, 0xd5, 0xc5, 0xd5, 0xc5, 0xd5, 0xc5, 0xd5, 0xc5, 0xd5, 0xc5, 0xd5,
        0xc5, 0xd5, 0xc5, 0xd5, 0xc5, 0xd5, 0xe5, 0xd5, 0xe5, 0xd5, 0xe5, 0xd5,
        0xe5, 0xd5, 0xe5, 0xd5, 0xe6, 0xd5, 0xe6, 0xdd, 0xe6, 0xdd, 0xe6, 0xdd,
        0xe6, 0xdd, 0x06, 0xde, 0x06, 0xde, 0x06, 0xde, 0x06, 0xde, 0x06, 0xde,
        0x06, 0xde, 0x06, 0xde, 0x06, 0xde, 0x06, 0xde, 0x26, 0xde, 0x27, 0xde,
        0x27, 0xde, 0x27, 0xde, 0x27, 0xde, 0x23, 0xc5, 0x23, 0xc5, 0x23, 0xc5,
        0x23, 0xc5, 0x23, 0xc5, 0x23, 0xc5, 0x23, 0xc5, 0x23, 0xc5, 0x23, 0xc5,
        0x23, 0xc5, 0x23, 0xc5, 0x23, 0xc5, 0x23, 0xc5, 0x23, 0xc5, 0x23, 0xc5,
        0x23, 0xc5, 0x23, 0xc5, 0x23, 0xc5, 0x23, 0xc5, 0x23, 0xc5, 0x23, 0xc5,
        0x23, 0xc5, 0x23, 0xc5, 0x23, 0xc5, 0x23, 0xc5, 0x23, 0xc5, 0x23, 0xc5,
        0x23, 0xc5, 0x23, 0xc5, 0x23, 0xc5, 0x23, 0xc5, 0x23, 0xc5, 0x23, 0xc5,
        0x23, 0xc5, 0x23, 0xc5, 0x23, 0xc5, 0x23, 0xc5, 0x23, 0xc5, 0x23, 0xc5,
        0x23, 0xc5, 0x23, 0xc5, 0x23, 0xc5, 0x23, 0xc5, 0x23, 0xc5, 0x23, 0xc5,
        0x23, 0xc5, 0x23, 0xc5, 0x23, 0xc5, 0x23, 0xc5, 0x23, 0xc5, 0x23, 0xc5,
        0x0d, 0xd6, 0x3a, 0xef, 0x9e, 0xf7, 0x9e, 0xf7, 0x9e, 0xf7, 0x9e, 0xf7,
        0x9e, 0xf7, 0x9e, 0xf7, 0x9e, 0xf7, 0x9e, 0xf7, 0x9e, 0xf7, 0x9e, 0xf7,
        0x9e, 0xf7, 0x9e, 0xf7, 0x9e, 0xf7, 0x9e, 0xf7, 0x9e, 0xf7, 0x9e, 0xf7,
        0x9e, 0xf7, 0x9e, 0xf7, 0x9e, 0xf7, 0x9e, 0xf7, 0x9e, 0xf7, 0x9e, 0xf7,
        0x9e, 0xf7, 0x9e, 0xf7, 0x9e, 0xf7, 0x9e, 0xf7, 0x9e, 0xf7, 0x9e, 0xf7,
        0x9e, 0xf7, 0x9e, 0xf7, 0x9e, 0xf7, 0x9e, 0xf7, 0x9e, 0xf7, 0x9e, 0xf7,
        0x9e, 0xf7, 0x9e, 0xf7, 0x9e, 0xf7, 0x9e, 0xf7, 0x9e, 0xf7, 0x9e, 0xf7,
        0x9e, 0xf7, 0x9e, 0xf7, 0x9e, 0xf7, 0x9e, 0xf7, 0x9e, 0xf7, 0x9e, 0xf7,
        0x30, 0xf4, 0x89, 0xfa, 0xa3, 0xf9, 0x03, 0xf2, 0xe3, 0xea, 0x04, 0xd5,
        0xa4, 0xd5, 0xa4, 0xd5, 0xa4, 0xd5, 0xa4, 0xd5, 0xa4, 0xd5, 0xa4, 0xd5,
        0xa4, 0xd5, 0xa5, 0xd5, 0xa5, 0xd5, 0xa5, 0xd5, 0xa5, 0xd5, 0xc5, 0xd5,
        0xc5, 0xd5, 0xc5, 0xd5, 0xc5, 0xd5, 0xc5, 0xd5, 0xc5, 0xd5, 0xc5, 0xd5,
        0xc5, 0xd5, 0xc5, 0xd5, 0xc5, 0xd5, 0xc5, 0xd5, 0xe5, 0xd5, 0xe5, 0xd5,
        0xe5, 0xd5, 0xe5, 0xd5, 0xe5, 0xd5, 0xe6, 0xd5, 0xe6, 0xdd, 0xe6, 0xdd,
        0xe6, 0xdd, 0x06, 0xde, 0x06, 0xde, 0x06, 0xde, 0x06, 0xde, 0x06, 0xde,
        0x06, 0xde, 0x06, 0xde, 0x06, 0xde, 0x06, 0xde, 0x06, 0xde, 0x26, 0xde,
        0x27, 0xde, 0x27, 0xde, 0x27, 0xde, 0x23, 0xc5, 0x23, 0xc5, 0x23, 0xc5,
        0x23, 0xc5, 0x23, 0xc5, 0x23, 0xc5, 0x23, 0xc5, 0x23, 0xc5, 0x23, 0xc5,
        0x23, 0xc5, 0x23, 0xc5, 0x23, 0xc5, 0x23, 0xc5, 0x23, 0xc5, 0x23, 0xc5,
        0x23, 0xc5, 0x23, 0xc5, 0x23, 0xc5, 0x23, 0xc5, 0x23, 0xc5, 0x23, 0xc5,
        0x23, 0xc5, 0x23, 0xc5, 0x23, 0xc5, 0x23, 0xc5, 0x23, 0xc5, 0x23, 0xc5,
        0x23, 0xc5, 0x23, 0xc5, 0x23, 0xc5, 0x23, 0xc5, 0x23, 0xc5, 0x23, 0xc5,
        0x23, 0xc5, 0x23, 0xc5, 0x23, 0xc5, 0x23, 0xc5, 0x23, 0xc5, 0x23, 0xc5,
        0x23, 0xc5, 0x23, 0xc5, 0x23, 0xc5, 0x23, 0xc5, 0x23, 0xc5, 0x23, 0xc5,
        0x23, 0xc5, 0x23, 0xc5, 0x23, 0xc5, 0x23, 0xc5, 0x0d, 0xd6, 0x3a, 0xef,
        0x9e, 0xf7, 0x9e, 0xf7, 0x9e, 0xf7, 0x9e, 0xf7, 0x9e, 0xf7, 0x9e, 0xf7,
        0x9e, 0xf7, 0x9e, 0xf7, 0x9e, 0xf7, 0x9e, 0xf7, 0x9e, 0xf7, 0x9e, 0xf7,
        0x9e, 0xf7, 0x9e, 0xf7, 0x9e, 0xf7, 0x9e, 0xf7, 0x9e, 0xf7, 0x9e, 0xf7,
        0x9e, 0xf7, 0x9e, 0xf7, 0x9e, 0xf7, 0x9e, 0xf7, 0x9e, 0xf7, 0x9e, 0xf7,
        0x9e, 0xf7, 0x9e, 0xf7, 0x9e, 0xf7, 0x9e, 0xf7, 0x9e, 0xf7, 0x9e, 0xf7,
        0x9e, 0xf7, 0x9e, 0xf7, 0x9e, 0xf7, 0x9e, 0xf7, 0x9e, 0xf7, 0x9e, 0xf7,
        0x9e, 0xf7, 0x9e, 0xf7, 0x9e, 0xf7, 0x9e, 0xf7, 0x9e, 0xf7, 0x9e, 0xf7,
        0x9e, 0xf7, 0x9e, 0xf7, 0x9e, 0xf7, 0x9e, 0xf7, 0x9e, 0xf7, 0x9e, 0xf7,
        0x9e, 0xf7, 0x9e, 0xf7, 0x17, 0xef, 0x0b, 0xd6, 0xa4, 0xd5, 0xa4, 0xd5,
        0xa4, 0xd5, 0xa4, 0xd5, 0xa4, 0xd5, 0xa4, 0xd5, 0xa4, 0xd5, 0xa4, 0xd5,
        0xa4, 0xd5, 0xa5, 0xd5, 0xa5, 0xd5, 0xa5, 0xd5, 0xa5, 0xd5, 0xc5, 0xd5,
        0xc5, 0xd5, 0xc5, 0xd5, 0xc5, 0xd5, 0xc5, 0xd5, 0xc5, 0xd5, 0xc5, 0xd5,
        0xc5, 0xd5, 0xc5, 0xd5, 0xc5, 0xd5, 0xc5, 0xd5, 0xc5, 0xd5, 0xe5, 0xd5,
        0xe5, 0xd5, 0xe5, 0xd5, 0xe5, 0xd5, 0xe6, 0xd5, 0xe6, 0xd5, 0xe6, 0xdd,
        0xe6, 0xdd, 0xe6, 0xdd, 0x06, 0xde, 0x06, 0xde, 0x06, 0xde, 0x06, 0xde,
        0x06, 0xde, 0x06, 0xde, 0x06, 0xde, 0x06, 0xde, 0x06, 0xde, 0x06, 0xde,
        0x26, 0xde, 0x27, 0xde, 0x27, 0xde, 0x23, 0xc5, 0x23, 0xc5, 0x23, 0xc5,
        0x23, 0xc5, 0x23, 0xc5, 0x23, 0xc5, 0x23, 0xc5, 0x23, 0xc5, 0x23, 0xc5,
        0x23, 0xc5, 0x23, 0xc5, 0x23, 0xc5, 0x23, 0xc5, 0x23, 0xc5, 0x23, 0xc5,
        0x23, 0xc5, 0x23, 0xc5, 0x23, 0xc5, 0x23, 0xc5, 0x23, 0xc5, 0x23, 0xc5,
        0x23, 0xc5, 0x23, 0xc5, 0x23, 0xc5, 0x23, 0xc5, 0x23, 0xc5, 0x23, 0xc5,
        0x23, 0xc5, 0x23, 0xc5, 0x23, 0xc5, 0x23, 0xc5, 0x23, 0xc5, 0x23, 0xc5,
        0x23, 0xc5, 0x23, 0xc5, 0x23, 0xc5, 0x23, 0xc5, 0x23, 0xc5, 0x23, 0xc5,
        0x23, 0xc5, 0x23, 0xc5, 0x23, 0xc5, 0x23, 0xc5, 0x23, 0xc5, 0x23, 0xc5,
        0x23, 0xc5, 0x23, 0xc5, 0x0d, 0xd6, 0x3a, 0xef, 0x9e, 0xf7, 0x9e, 0xf7,
        0x9e, 0xf7, 0x9e, 0xf7, 0x9e, 0xf7, 0x9e, 0xf7, 0x9e, 0xf7, 0x9e, 0xf7,
        0x9e, 0xf7, 0x9e, 0xf7, 0x9e, 0xf7, 0x9e, 0xf7, 0x9e, 0xf7, 0x9e, 0xf7,
        0x9e, 0xf7, 0x9e, 0xf7, 0x9e, 0xf7, 0x9e, 0xf7, 0x9e, 0xf7, 0x9e, 0xf7,
        0x9e, 0xf7, 0x9e, 0xf7, 0x9e, 0xf7, 0x9e, 0xf7, 0x9e, 0xf7, 0x9e, 0xf7,
        0x9e, 0xf7, 0x9e, 0xf7, 0x9e, 0xf7, 0x9e, 0xf7, 0x9e, 0xf7, 0x9e, 0xf7,
        0x9e, 0xf7, 0x9e, 0xf7, 0x9e, 0xf7, 0x9e, 0xf7, 0x9e, 0xf7, 0x9e, 0xf7,
        0x9e, 0xf7, 0x9e, 0xf7, 0x9e, 0xf7, 0x9e, 0xf7, 0x9e, 0xf7, 0x9e, 0xf7,
        0x9e, 0xf7, 0x9e, 0xf7, 0x9e, 0xf7, 0x9e, 0xf7, 0x9e, 0xf7, 0x9e, 0xf7,
        0x9e, 0xf7, 0x9e, 0xf7, 0x9e, 0xf7, 0x9e, 0xf7, 0x17, 0xef, 0x0b, 0xde,
        0xa4, 0xd5, 0xa4, 0xd5, 0xa4, 0xd5, 0xa4, 0xd5, 0xa4, 0xd5, 0xa4, 0xd5,
        0xa4, 0xd5, 0xa4, 0xd5, 0xa5, 0xd5, 0xa5, 0xd5, 0xa5, 0xd5, 0xa5, 0xd5,
        0xc5, 0xd5, 0xc5, 0xd5, 0xc5, 0xd5, 0xc5, 0xd5, 0xc5, 0xd5, 0xc5, 0xd5,
        0xc5, 0xd5, 0xc5, 0xd5, 0xc5, 0xd5, 0xc5, 0xd5, 0xc5, 0xd5, 0xe5, 0xd5,
        0xe5, 0xd5, 0xe5, 0xd5, 0xe5, 0xd5, 0xe5, 0xd5, 0xe6, 0xd5, 0xe6, 0xdd,
        0xe6, 0xdd, 0xe6, 0xdd, 0xe6, 0xdd, 0x06, 0xde, 0x06, 0xde, 0x06, 0xde,
        0x06, 0xde, 0x06, 0xde, 0x06, 0xde, 0x06, 0xde, 0x06, 0xde, 0x06, 0xde,
        0x06, 0xde, 0x06, 0xde, 0x26, 0xde, 0x23, 0xc5, 0x23, 0xc5, 0x23, 0xc5,
        0x23, 0xc5, 0x23, 0xc5, 0x23, 0xc5, 0x23, 0xc5, 0x23, 0xc5, 0x23, 0xc5,
        0x23, 0xc5, 0x23, 0xc5, 0x23, 0xc5, 0x23, 0xc5, 0x23, 0xc5, 0x23, 0xc5,
        0x23, 0xc5, 0x23, 0xc5, 0x23, 0xc5, 0x23, 0xc5, 0x23, 0xc5, 0x23, 0xc5,
        0x23, 0xc5, 0x23, 0xc5, 0x23, 0xc5, 0x23, 0xc5, 0x23, 0xc5, 0x23, 0xc5,
        0x23, 0xc5, 0x23, 0xc5, 0x23, 0xc5, 0x23, 0xc5, 0x23, 0xc5, 0x23, 0xc5,
        0x23, 0xc5, 0x23, 0xc5, 0x23, 0xc5, 0x23, 0xc5, 0x23, 0xc5, 0x23, 0xc5,
        0x23, 0xc5, 0x23, 0xc5, 0x23, 0xc5, 0x23, 0xc5, 0x23, 0xc5, 0x23, 0xc5,
        0x0d, 0xd6, 0x3a, 0xef, 0x9e, 0xf7, 0x9e, 0xf7, 0x9e, 0xf7, 0x9e, 0xf7,
        0x9e, 0xf7, 0x9e, 0xf7, 0x9e, 0xf7, 0x9e, 0xf7, 0x9e, 0xf7, 0x9e, 0xf7,
        0x9e, 0xf7, 0x9e, 0xf7, 0x9e, 0xf7, 0x9e, 0xf7, 0x9e, 0xf7, 0x9e, 0xf7,
        0x9e, 0xf7, 0x9e, 0xf7, 0x9e, 0xf7, 0x9e, 0xf7, 0x9e, 0xf7, 0x9e, 0xf7,
        0x9e, 0xf7, 0x9e, 0xf7, 0x9e, 0xf7, 0x9e, 0xf7, 0x9e, 0xf7, 0x9e, 0xf7,
        0x9e, 0xf7, 0x9e, 0xf7, 0x9e, 0xf7, 0x9e, 0xf7, 0x9e, 0xf7, 0x9e, 0xf7,
        0x9e, 0xf7, 0x9e, 0xf7, 0x9e, 0xf7, 0x9e, 0xf7, 0x9e, 0xf7, 0x9e, 0xf7,
        0x9e, 0xf7, 0x9e, 0xf7, 0x9e, 0xf7, 0x9e, 0xf7, 0x9e, 0xf7, 0x9e, 0xf7,
        0x9e, 0xf7, 0x9e, 0xf7, 0x9e, 0xf7, 0x9e, 0xf7, 0x9e, 0xf7, 0x9e, 0xf7,
        0x9e, 0xf7, 0x9e, 0xf7, 0x9e, 0xf7, 0x9e, 0xf7, 0x9e, 0xf7, 0x9e, 0xf7,
        0x17, 0xef, 0x2b, 0xde, 0xa4, 0xd5, 0xa4, 0xd5, 0xa4, 0xd5, 0xa4, 0xd5,
        0xa4, 0xd5, 0xa4, 0xd5, 0xa5, 0xd5, 0xa5, 0xd5, 0xa5, 0xd5, 0xa5, 0xd5,
        0xc5, 0xd5, 0xc5, 0xd5, 0xc5, 0xd5, 0xc5, 0xd5, 0xc5, 0xd5, 0xc5, 0xd5,
        0xc5, 0xd5, 0xc5, 0xd5, 0xc5, 0xd5, 0xc5, 0xd5, 0xc5, 0xd5, 0xc5, 0xd5,
        0xe5, 0xd5, 0xe5, 0xd5, 0xe5, 0xd5, 0xe5, 0xd5, 0xe5, 0xd5, 0xe6, 0xd5,
        0xe6, 0xdd, 0xe6, 0xdd, 0xe6, 0xdd, 0xe6, 0xdd, 0x06, 0xde, 0x06, 0xde,
        0x06, 0xde, 0x06, 0xde, 0x06, 0xde, 0x06, 0xde, 0x06, 0xde, 0x06, 0xde,
        0x06, 0xde, 0x06, 0xde, 0x06, 0xde, 0x23, 0xc5, 0x23, 0xc5, 0x23, 0xc5,
        0x23, 0xc5, 0x23, 0xc5, 0x23, 0xc5, 0x23, 0xc5, 0x23, 0xc5, 0x23, 0xc5,
        0x23, 0xc5, 0x23, 0xc5, 0x23, 0xc5, 0x23, 0xc5, 0x23, 0xc5, 0x23, 0xc5,
        0x23, 0xc5, 0x23, 0xc5, 0x23, 0xc5, 0x23, 0xc5, 0x23, 0xc5, 0x23, 0xc5,
        0x23, 0xc5, 0x23, 0xc5, 0x23, 0xc5, 0x23, 0xc5, 0x23, 0xc5, 0x23, 0xc5,
        0x23, 0xc5, 0x23, 0xc5, 0x23, 0xc5, 0x23, 0xc5, 0x23, 0xc5, 0x23, 0xc5,
        0x23, 0xc5, 0x23, 0xc5, 0x23, 0xc5, 0x23, 0xc5, 0x23, 0xc5, 0x23, 0xc5,
        0x23, 0xc5, 0x23, 0xc5, 0x23, 0xc5, 0x23, 0xc5, 0x0d, 0xd6, 0x3a, 0xef,
        0x9e, 0xf7, 0x9e, 0xf7, 0x9e, 0xf7, 0x9e, 0xf7, 0x9e, 0xf7, 0x9e, 0xf7,
        0x9e, 0xf7, 0x9e, 0xf7, 0x9e, 0xf7, 0x9e, 0xf7, 0x9e, 0xf7, 0x9e, 0xf7,
        0x9e, 0xf7, 0x9e, 0xf7, 0x9e, 0xf7, 0x9e, 0xf7, 0x9e, 0xf7, 0x9e, 0xf7,
        0x9e, 0xf7, 0x9e, 0xf7, 0x9e, 0xf7, 0x9e, 0xf7, 0x9e, 0xf7, 0x9e, 0xf7,
        0x9e, 0xf7, 0x9e, 0xf7, 0x9e, 0xf7, 0x9e, 0xf7, 0x9e, 0xf7, 0x9e, 0xf7,
        0x9e, 0xf7, 0x9e, 0xf7, 0x9e, 0xf7, 0x9e, 0xf7, 0x9e, 0xf7, 0x9e, 0xf7,
        0x9e, 0xf7, 0x9e, 0xf7, 0x9e, 0xf7, 0x9e, 0xf7, 0x9e, 0xf7, 0x9e, 0xf7,
        0x9e, 0xf7, 0x9e, 0xf7, 0x9e, 0xf7, 0x9e, 0xf7, 0x9e, 0xf7, 0x9e, 0xf7,
        0x9e, 0xf7, 0x9e, 0xf7, 0x9e, 0xf7, 0x9e, 0xf7, 0x9e, 0xf7, 0x9e, 0xf7,
        0x9e, 0xf7, 0x9e, 0xf7, 0x9e, 0xf7, 0x9e, 0xf7, 0x9e, 0xf7, 0x9e, 0xf7,
        0x9e, 0xf7, 0x9e, 0xf7, 0x17, 0xef, 0x2b, 0xde, 0xa4, 0xd5, 0xa4, 0xd5,
        0xa4, 0xd5, 0xa4, 0xd5, 0xa4, 0xd5, 0xa5, 0xd5, 0xa5, 0xd5, 0xa5, 0xd5,
        0xa5, 0xd5, 0xc5, 0xd5, 0xc5, 0xd5, 0xc5, 0xd5, 0xc5, 0xd5, 0xc5, 0xd5,
        0xc5, 0xd5, 0xc5, 0xd5, 0xc5, 0xd5, 0xc5, 0xd5, 0xc5, 0xd5, 0xc5, 0xd5,
        0xc5, 0xd5, 0xe5, 0xd5, 0xe5, 0xd5, 0xe5, 0xd5, 0xe5, 0xd5, 0xe5, 0xd5,
        0xe6, 0xd5, 0xe6, 0xdd, 0xe6, 0xdd, 0xe6, 0xdd, 0xe6, 0xdd, 0x06, 0xde,
        0x06, 0xde, 0x06, 0xde, 0x06, 0xde, 0x06, 0xde, 0x06, 0xde, 0x06, 0xde,
        0x06, 0xde, 0x06, 0xde, 0x06, 0xde, 0x23, 0xc5, 0x23, 0xc5, 0x23, 0xc5,
        0x23, 0xc5, 0x23, 0xc5, 0x23, 0xc5, 0x23, 0xc5, 0x23, 0xc5, 0x23, 0xc5,
        0x23, 0xc5, 0x23, 0xc5, 0x23, 0xc5, 0x23, 0xc5, 0x23, 0xc5, 0x23, 0xc5,
        0x23, 0xc5, 0x23, 0xc5, 0x23, 0xc5, 0x23, 0xc5, 0x23, 0xc5, 0x23, 0xc5,
        0x23, 0xc5, 0x23, 0xc5, 0x23, 0xc5, 0x23, 0xc5, 0x23, 0xc5, 0x23, 0xc5,
        0x23, 0xc5, 0x23, 0xc5, 0x23, 0xc5, 0x23, 0xc5, 0x23, 0xc5, 0x23, 0xc5,
        0x23, 0xc5, 0x23, 0xc5, 0x23, 0xc5, 0x23, 0xc5, 0x23, 0xc5, 0x23, 0xc5,
        0x23, 0xc5, 0x23, 0xc5, 0xc9, 0xcd, 0x3a, 0xef, 0x9e, 0xf7, 0x9e, 0xf7,
        0x9e, 0xf7, 0x9e, 0xf7, 0x9e, 0xf7, 0x9e, 0xf7, 0x9e, 0xf7, 0x9e, 0xf7,
        0x9e, 0xf7, 0x9e, 0xf7, 0x9e, 0xf7, 0x9e, 0xf7, 0x9e, 0xf7, 0x9e, 0xf7,
        0x9e, 0xf7, 0x9e, 0xf7, 0x9e, 0xf7, 0x9e, 0xf7, 0x9e, 0xf7, 0x9e, 0xf7,
        0x9e, 0xf7, 0x9e, 0xf7, 0x9e, 0xf7, 0x9e, 0xf7, 0x9e, 0xf7, 0x9e, 0xf7,
        0x9e, 0xf7, 0x9e, 0xf7, 0x9e, 0xf7, 0x9e, 0xf7, 0x9e, 0xf7, 0x9e, 0xf7,
        0x9e, 0xf7, 0x9e, 0xf7, 0x9e, 0xf7, 0x9e, 0xf7, 0x9e, 0xf7, 0x9e, 0xf7,
        0x9e, 0xf7, 0x9e, 0xf7, 0x9e, 0xf7, 0x9e, 0xf7, 0x9e, 0xf7, 0x9e, 0xf7,
        0x9e, 0xf7, 0x9e, 0xf7, 0x9e, 0xf7, 0x9e, 0xf7, 0x9e, 0xf7, 0x9e, 0xf7,
        0x9e, 0xf7, 0x9e, 0xf7, 0x9e, 0xf7, 0x9e, 0xf7, 0x9e, 0xf7, 0x9e, 0xf7,
        0x9e, 0xf7, 0x9e, 0xf7, 0x9e, 0xf7, 0x9e, 0xf7, 0x9e, 0xf7, 0x9e, 0xf7,
        0x9e, 0xf7, 0x9e, 0xf7, 0x9e, 0xf7, 0x9e, 0xf7, 0x17, 0xef, 0x2b, 0xde,
        0xa4, 0xd5, 0xa4, 0xd5, 0xa4, 0xd5, 0xa5, 0xd5, 0xa5, 0xd5, 0xa5, 0xd5,
        0xa5, 0xd5, 0xa5, 0xd5, 0xc5, 0xd5, 0xc5, 0xd5, 0xc5, 0xd5, 0xc5, 0xd5,
        0xc5, 0xd5, 0xc5, 0xd5, 0xc5, 0xd5, 0xc5, 0xd5, 0xc5, 0xd5, 0xc5, 0xd5,
        0xc5, 0xd5, 0xe5, 0xd5, 0xe5, 0xd5, 0xe5, 0xd5, 0xe5, 0xd5, 0xe5, 0xd5,
        0xe5, 0xd5, 0xe6, 0xd5, 0xe6, 0xdd, 0xe6, 0xdd, 0xe6, 0xdd, 0xe6, 0xdd,
        0x06, 0xde, 0x06, 0xde, 0x06, 0xde, 0x06, 0xde, 0x06, 0xde, 0x06, 0xde,
        0x06, 0xde, 0x06, 0xde, 0x06, 0xde, 0x23, 0xc5, 0x23, 0xc5, 0x23, 0xc5,
        0x23, 0xc5, 0x23, 0xc5, 0x23, 0xc5, 0x23, 0xc5, 0x23, 0xc5, 0x23, 0xc5,
        0x23, 0xc5, 0x23, 0xc5, 0x23, 0xc5, 0x23, 0xc5, 0x23, 0xc5, 0x23, 0xc5,
        0x23, 0xc5, 0x23, 0xc5, 0x23, 0xc5, 0x23, 0xc5, 0x23, 0xc5, 0x23, 0xc5,
        0x23, 0xc5, 0x23, 0xc5, 0x23, 0xc5, 0x23, 0xc5, 0x23, 0xc5, 0x23, 0xc5,
        0x23, 0xc5, 0x23, 0xc5, 0x23, 0xc5, 0x23, 0xc5, 0x23, 0xc5, 0x23, 0xc5,
        0x23, 0xc5, 0x23, 0xc5, 0x23, 0xc5, 0x23, 0xc5, 0x23, 0xc5, 0x23, 0xc5,
        0xc9, 0xcd, 0xf7, 0xe6, 0x9e, 0xf7, 0x9e, 0xf7, 0x9e, 0xf7, 0x9e, 0xf7,
        0x9e, 0xf7, 0x9e, 0xf7, 0x9e, 0xf7, 0x9e, 0xf7, 0x9e, 0xf7, 0x9e, 0xf7,
        0x9e, 0xf7, 0x9e, 0xf7, 0x9e, 0xf7, 0x9e, 0xf7, 0x9e, 0xf7, 0x9e, 0xf7,
        0x9e, 0xf7, 0x9e, 0xf7, 0x9e, 0xf7, 0x9e, 0xf7, 0x9e, 0xf7, 0x9e, 0xf7,
        0x9e, 0xf7, 0x9e, 0xf7, 0x9e, 0xf7, 0x9e, 0xf7, 0x9e, 0xf7, 0x9e, 0xf7,
        0x9e, 0xf7, 0x9e, 0xf7, 0x9e, 0xf7, 0x9e, 0xf7, 0x9e, 0xf7, 0x9e, 0xf7,
        0x9e, 0xf7, 0x9e, 0xf7, 0x9e, 0xf7, 0x9e, 0xf7, 0x9e, 0xf7, 0x9e, 0xf7,
        0x9e, 0xf7, 0x9e, 0xf7, 0x9e, 0xf7, 0x9e, 0xf7, 0x9e, 0xf7, 0x9e, 0xf7,
        0x9e, 0xf7, 0x9e, 0xf7, 0x9e, 0xf7, 0x9e, 0xf7, 0x9e, 0xf7, 0x9e, 0xf7,
        0x9e, 0xf7, 0x9e, 0xf7, 0x9e, 0xf7, 0x9e, 0xf7, 0x9e, 0xf7, 0x9e, 0xf7,
        0x9e, 0xf7, 0x9e, 0xf7, 0x9e, 0xf7, 0x9e, 0xf7, 0x9e, 0xf7, 0x9e, 0xf7,
        0x9e, 0xf7, 0x9e, 0xf7, 0x9e, 0xf7, 0x9e, 0xf7, 0x9e, 0xf7, 0x9e, 0xf7,
        0x17, 0xef, 0x2b, 0xde, 0xa4, 0xd5, 0xa4, 0xd5, 0xa5, 0xd5, 0xa5, 0xd5,
        0xa5, 0xd5, 0xa5, 0xd5, 0xc5, 0xd5, 0xc5, 0xd5, 0xc5, 0xd5, 0xc5, 0xd5,
        0xc5, 0xd5, 0xc5, 0xd5, 0xc5, 0xd5, 0xc5, 0xd5, 0xc5, 0xd5, 0xc5, 0xd5,
        0xc5, 0xd5, 0xc5, 0xd5, 0xe5, 0xd5, 0xe5, 0xd5, 0xe5, 0xd5, 0xe5, 0xd5,
        0xe5, 0xd5, 0xe5, 0xd5, 0xe6, 0xd5, 0xe6, 0xdd, 0xe6, 0xdd, 0xe6, 0xdd,
        0xe6, 0xdd, 0x06, 0xde, 0x06, 0xde, 0x06, 0xde, 0x06, 0xde, 0x06, 0xde,
        0x06, 0xde, 0x06, 0xde, 0x06, 0xde, 0x23, 0xc5, 0x23, 0xc5, 0x23, 0xc5,
        0x23, 0xc5, 0x23, 0xc5, 0x23, 0xc5, 0x23, 0xc5, 0x23, 0xc5, 0x23, 0xc5,
        0x23, 0xc5, 0x23, 0xc5, 0x23, 0xc5, 0x23, 0xc5, 0x23, 0xc5, 0x23, 0xc5,
        0x23, 0xc5, 0x23, 0xc5, 0x23, 0xc5, 0x23, 0xc5, 0x23, 0xc5, 0x23, 0xc5,
        0x23, 0xc5, 0x23, 0xc5, 0x23, 0xc5, 0x23, 0xc5, 0x23, 0xc5, 0x23, 0xc5,
        0x23, 0xc5, 0x23, 0xc5, 0x23, 0xc5, 0x23, 0xc5, 0x23, 0xc5, 0x23, 0xc5,
        0x23, 0xc5, 0x23, 0xc5, 0x23, 0xc5, 0x23, 0xc5, 0xc9, 0xcd, 0xf7, 0xe6,
        0x9e, 0xf7, 0x9e, 0xf7, 0x9e, 0xf7, 0x9e, 0xf7, 0x9e, 0xf7, 0x9e, 0xf7,
        0x9e, 0xf7, 0x9e, 0xf7, 0x9e, 0xf7, 0x9e, 0xf7, 0x9e, 0xf7, 0x9e, 0xf7,
        0x9e, 0xf7, 0x9e, 0xf7, 0x9e, 0xf7, 0x9e, 0xf7, 0x9e, 0xf7, 0x9e, 0xf7,
        0x9e, 0xf7, 0x9e, 0xf7, 0x9e, 0xf7, 0x9e, 0xf7, 0x9e, 0xf7, 0x9e, 0xf7,
        0x9e, 0xf7, 0x9e, 0xf7, 0x9e, 0xf7, 0x9e, 0xf7, 0x9e, 0xf7, 0x9e, 0xf7,
        0x9e, 0xf7, 0x9e, 0xf7, 0x9e, 0xf7, 0x9e, 0xf7, 0x9e, 0xf7, 0x9e, 0xf7,
        0x9e, 0xf7, 0x9e, 0xf7, 0x9e, 0xf7, 0x9e, 0xf7, 0x9e, 0xf7, 0x9e, 0xf7,
        0x9e, 0xf7, 0x9e, 0xf7, 0x9e, 0xf7, 0x9e, 0xf7, 0x9e, 0xf7, 0x9e, 0xf7,
        0x9e, 0xf7, 0x9e, 0xf7, 0x9e, 0xf7, 0x9e, 0xf7, 0x9e, 0xf7, 0x9e, 0xf7,
        0x9e, 0xf7, 0x9e, 0xf7, 0x9e, 0xf7, 0x9e, 0xf7, 0x9e, 0xf7, 0x9e, 0xf7,
        0x9e, 0xf7, 0x9e, 0xf7, 0x9e, 0xf7, 0x9e, 0xf7, 0x9e, 0xf7, 0x9e, 0xf7,
        0x9e, 0xf7, 0x9e, 0xf7, 0x9e, 0xf7, 0x9e, 0xf7, 0x9e, 0xf7, 0x9e, 0xf7,
        0x9e, 0xf7, 0x9e, 0xf7, 0x17, 0xef, 0x2b, 0xde, 0xa4, 0xd5, 0xa5, 0xd5,
        0xa5, 0xd5, 0xa5, 0xd5, 0xa5, 0xd5, 0xc5, 0xd5, 0xc5, 0xd5, 0xc5, 0xd5,
        0xc5, 0xd5, 0xc5, 0xd5, 0xc5, 0xd5, 0xc5, 0xd5, 0xc5, 0xd5, 0xc5, 0xd5,
        0xc5, 0xd5, 0xc5, 0xd5, 0xc5, 0xd5, 0xe5, 0xd5, 0xe5, 0xd5, 0xe5, 0xd5,
        0xe5, 0xd5, 0xe5, 0xd5, 0xe5, 0xd5, 0xe6, 0xd5, 0xe6, 0xdd, 0xe6, 0xdd,
        0xe6, 0xdd, 0xe6, 0xdd, 0x06, 0xde, 0x06, 0xde, 0x06, 0xde, 0x06, 0xde,
        0x06, 0xde, 0x06, 0xde, 0x06, 0xde, 0x23, 0xc5, 0x23, 0xc5, 0x23, 0xc5,
        0x23, 0xc5, 0x23, 0xc5, 0x23, 0xc5, 0x23, 0xc5, 0x23, 0xc5, 0x23, 0xc5,
        0x23, 0xc5, 0x23, 0xc5, 0x23, 0xc5, 0x23, 0xc5, 0x23, 0xc5, 0x23, 0xc5,
        0x23, 0xc5, 0x23, 0xc5, 0x23, 0xc5, 0x23, 0xc5, 0x23, 0xc5, 0x23, 0xc5,
        0x23, 0xc5, 0x23, 0xc5, 0x23, 0xc5, 0x23, 0xc5, 0x23, 0xc5, 0x23, 0xc5,
        0x23, 0xc5, 0x23, 0xc5, 0x23, 0xc5, 0x23, 0xc5, 0x23, 0xc5, 0x23, 0xc5,
        0x23, 0xc5, 0x23, 0xc5, 0xc9, 0xcd, 0xf7, 0xe6, 0x9e, 0xf7, 0x9e, 0xf7,
        0x9e, 0xf7, 0x9e, 0xf7, 0x9e, 0xf7, 0x9e, 0xf7, 0x9e, 0xf7, 0x9e, 0xf7,
        0x9e, 0xf7, 0x9e, 0xf7, 0x9e, 0xf7, 0x9e, 0xf7, 0x9e, 0xf7, 0x9e, 0xf7,
        0x9e, 0xf7, 0x9e, 0xf7, 0x9e, 0xf7, 0x9e, 0xf7, 0x9e, 0xf7, 0x9e, 0xf7,
        0x9e, 0xf7, 0x9e, 0xf7, 0x9e, 0xf7, 0x9e, 0xf7, 0x9e, 0xf7, 0x9e, 0xf7,
        0x9e, 0xf7, 0x9e, 0xf7, 0x9e, 0xf7, 0x9e, 0xf7, 0x9e, 0xf7, 0x9e, 0xf7,
        0x9e, 0xf7, 0x9e, 0xf7, 0x9e, 0xf7, 0x9e, 0xf7, 0x9e, 0xf7, 0x9e, 0xf7,
        0x9e, 0xf7, 0x9e, 0xf7, 0x9e, 0xf7, 0x9e, 0xf7, 0x9e, 0xf7, 0x9e, 0xf7,
        0x9e, 0xf7, 0x9e, 0xf7, 0x9e, 0xf7, 0x9e, 0xf7, 0x9e, 0xf7, 0x9e, 0xf7,
        0x9e, 0xf7, 0x9e, 0xf7, 0x9e, 0xf7, 0x9e, 0xf7, 0x9e, 0xf7, 0x9e, 0xf7,
        0x9e, 0xf7, 0x9e, 0xf7, 0x9e, 0xf7, 0x9e, 0xf7, 0x9e, 0xf7, 0x9e, 0xf7,
        0x9e, 0xf7, 0x9e, 0xf7, 0x9e, 0xf7, 0x9e, 0xf7, 0x9e, 0xf7, 0x9e, 0xf7,
        0x9e, 0xf7, 0x9e, 0xf7, 0x9e, 0xf7, 0x9e, 0xf7, 0x9e, 0xf7, 0x9e, 0xf7,
        0x9e, 0xf7, 0x9e, 0xf7, 0x9e, 0xf7, 0x9e, 0xf7, 0x17, 0xef, 0x2b, 0xde,
        0xa5, 0xd5, 0xa5, 0xd5, 0xa5, 0xd5, 0xc5, 0xd5, 0xc5, 0xd5, 0xc5, 0xd5,
        0xc5, 0xd5, 0xc5, 0xd5, 0xc5, 0xd5, 0xc5, 0xd5, 0xc5, 0xd5, 0xc5, 0xd5,
        0xc5, 0xd5, 0xc5, 0xd5, 0xc5, 0xd5, 0xc5, 0xd5, 0xe5, 0xd5, 0xe5, 0xd5,
        0xe5, 0xd5, 0xe5, 0xd5, 0xe5, 0xd5, 0xe6, 0xd5, 0xe6, 0xd5, 0xe6, 0xdd,
        0xe6, 0xdd, 0xe6, 0xdd, 0xe6, 0xdd, 0x06, 0xde, 0x06, 0xde, 0x06, 0xde,
        0x06, 0xde, 0x06, 0xde, 0x06, 0xde, 0x23, 0xc5, 0x23, 0xc5, 0x23, 0xc5,
        0x23, 0xc5, 0x23, 0xc5, 0x23, 0xc5, 0x23, 0xc5, 0x23, 0xc5, 0x23, 0xc5,
        0x23, 0xc5, 0x23, 0xc5, 0x23, 0xc5, 0x23, 0xc5, 0x23, 0xc5, 0x23, 0xc5,
        0x23, 0xc5, 0x23, 0xc5, 0x23, 0xc5, 0x23, 0xc5, 0x23, 0xc5, 0x23, 0xc5,
        0x23, 0xc5, 0x23, 0xc5, 0x23, 0xc5, 0x23, 0xc5, 0x23, 0xc5, 0x23, 0xc5,
        0x23, 0xc5, 0x23, 0xc5, 0x23, 0xc5, 0x23, 0xc5, 0x23, 0xc5, 0x23, 0xc5,
        0x86, 0xcd, 0xd5, 0xe6, 0x9e, 0xf7, 0x9e, 0xf7, 0x9e, 0xf7, 0x9e, 0xf7,
        0x9e, 0xf7, 0x9e, 0xf7, 0x9e, 0xf7, 0x9e, 0xf7, 0x9e, 0xf7, 0x9e, 0xf7,
        0x9e, 0xf7, 0x9e, 0xf7, 0x9e, 0xf7, 0x9e, 0xf7, 0x9e, 0xf7, 0x9e, 0xf7,
        0x9e, 0xf7, 0x9e, 0xf7, 0x9e, 0xf7, 0x9e, 0xf7, 0x9e, 0xf7, 0x9e, 0xf7,
        0x9e, 0xf7, 0x9e, 0xf7, 0x9e, 0xf7, 0x9e, 0xf7, 0x9e, 0xf7, 0x9e, 0xf7,
        0x9e, 0xf7, 0x9e, 0xf7, 0x9e, 0xf7, 0x9e, 0xf7, 0x9e, 0xf7, 0x9e, 0xf7,
        0x9e, 0xf7, 0x9e, 0xf7, 0x9e, 0xf7, 0x9e, 0xf7, 0x9e, 0xf7, 0x9e, 0xf7,
        0x9e, 0xf7, 0x9e, 0xf7, 0x9e, 0xf7, 0x9e, 0xf7, 0x9e, 0xf7, 0x9e, 0xf7,
        0x9e, 0xf7, 0x9e, 0xf7, 0x9e, 0xf7, 0x9e, 0xf7, 0x9e, 0xf7, 0x9e, 0xf7,
        0x9e, 0xf7, 0x9e, 0xf7, 0x9e, 0xf7, 0x9e, 0xf7, 0x9e, 0xf7, 0x9e, 0xf7,
        0x9e, 0xf7, 0x9e, 0xf7, 0x9e, 0xf7, 0x9e, 0xf7, 0x9e, 0xf7, 0x9e, 0xf7,
        0x9e, 0xf7, 0x9e, 0xf7, 0x9e, 0xf7, 0x9e, 0xf7, 0x9e, 0xf7, 0x9e, 0xf7,
        0x9e, 0xf7, 0x9e, 0xf7, 0x9e, 0xf7, 0x9e, 0xf7, 0x9e, 0xf7, 0x9e, 0xf7,
        0x9e, 0xf7, 0x9e, 0xf7, 0x9e, 0xf7, 0x9e, 0xf7, 0x9e, 0xf7, 0x9e, 0xf7,
        0x17, 0xef, 0x2b, 0xde, 0xa5, 0xd5, 0xa5, 0xd5, 0xc5, 0xd5, 0xc5, 0xd5,
        0xc5, 0xd5, 0xc5, 0xd5, 0xc5, 0xd5, 0xc5, 0xd5, 0xc5, 0xd5, 0xc5, 0xd5,
        0xc5, 0xd5, 0xc5, 0xd5, 0xc5, 0xd5, 0xc5, 0xd5, 0xc5, 0xd5, 0xe5, 0xd5,
        0xe5, 0xd5, 0xe5, 0xd5, 0xe5, 0xd5, 0xe5, 0xd5, 0xe5, 0xd5, 0xe6, 0xd5,
        0xe6, 0xdd, 0xe6, 0xdd, 0xe6, 0xdd, 0xe6, 0xdd, 0xe6, 0xdd, 0x06, 0xde,
        0x06, 0xde, 0x06, 0xde, 0x06, 0xde, 0x23, 0xc5, 0x23, 0xc5, 0x23, 0xc5,
        0x23, 0xc5, 0x23, 0xc5, 0x23, 0xc5, 0x23, 0xc5, 0x23, 0xc5, 0x23, 0xc5,
        0x23, 0xc5, 0x23, 0xc5, 0x23, 0xc5, 0x23, 0xc5, 0x23, 0xc5, 0x23, 0xc5,
        0x23, 0xc5, 0x23, 0xc5, 0x23, 0xc5, 0x23, 0xc5, 0x23, 0xc5, 0x23, 0xc5,
        0x23, 0xc5, 0x23, 0xc5, 0x23, 0xc5, 0x23, 0xc5, 0x23, 0xc5, 0x23, 0xc5,
        0x23, 0xc5, 0x23, 0xc5, 0x23, 0xc5, 0x23, 0xc5, 0x86, 0xcd, 0xb3, 0xde,
        0x9e, 0xf7, 0x9e, 0xf7, 0x9e, 0xf7, 0x9e, 0xf7, 0x9e, 0xf7, 0x9e, 0xf7,
        0x9e, 0xf7, 0x9e, 0xf7, 0x9e, 0xf7, 0x9e, 0xf7, 0x9e, 0xf7, 0x9e, 0xf7,
        0x9e, 0xf7, 0x9e, 0xf7, 0x9e, 0xf7, 0x9e, 0xf7, 0x9e, 0xf7, 0x9e, 0xf7,
        0x9e, 0xf7, 0x9e, 0xf7, 0x9e, 0xf7, 0x9e, 0xf7, 0x9e, 0xf7, 0x9e, 0xf7,
        0x9e, 0xf7, 0x9e, 0xf7, 0x9e, 0xf7, 0x9e, 0xf7, 0x9e, 0xf7, 0x9e, 0xf7,
        0x9e, 0xf7, 0x9e, 0xf7, 0x9e, 0xf7, 0x9e, 0xf7, 0x9e, 0xf7, 0x9e, 0xf7,
        0x9e, 0xf7, 0x9e, 0xf7, 0x9e, 0xf7, 0x9e, 0xf7, 0x9e, 0xf7, 0x9e, 0xf7,
        0x9e, 0xf7, 0x9e, 0xf7, 0x9e, 0xf7, 0x9e, 0xf7, 0x9e, 0xf7, 0x9e, 0xf7,
        0x9e, 0xf7, 0x9e, 0xf7, 0x9e, 0xf7, 0x9e, 0xf7, 0x9e, 0xf7, 0x9e, 0xf7,
        0x9e, 0xf7, 0x9e, 0xf7, 0x9e, 0xf7, 0x9e, 0xf7, 0x9e, 0xf7, 0x9e, 0xf7,
        0x9e, 0xf7, 0x9e, 0xf7, 0x9e, 0xf7, 0x9e, 0xf7, 0x9e, 0xf7, 0x9e, 0xf7,
        0x9e, 0xf7, 0x9e, 0xf7, 0x9e, 0xf7, 0x9e, 0xf7, 0x9e, 0xf7, 0x9e, 0xf7,
        0x9e, 0xf7, 0x9e, 0xf7, 0x9e, 0xf7, 0x9e, 0xf7, 0x9e, 0xf7, 0x9e, 0xf7,
        0x9e, 0xf7, 0x9e, 0xf7, 0x9e, 0xf7, 0x9e, 0xf7, 0x9e, 0xf7, 0x9e, 0xf7,
        0x9e, 0xf7, 0x9e, 0xf7, 0x17, 0xef, 0x2b, 0xde, 0xa5, 0xd5, 0xc5, 0xd5,
        0xc5, 0xd5, 0xc5, 0xd5, 0xc5, 0xd5, 0xc5, 0xd5, 0xc5, 0xd5, 0xc5, 0xd5,
        0xc5, 0xd5, 0xc5, 0xd5, 0xc5, 0xd5, 0xc5, 0xd5, 0xc5, 0xd5, 0xc5, 0xd5,
        0xe5, 0xd5, 0xe5, 0xd5, 0xe5, 0xd5, 0xe5, 0xd5, 0xe5, 0xd5, 0xe5, 0xd5,
        0xe6, 0xd5, 0xe6, 0xdd, 0xe6, 0xdd, 0xe6, 0xdd, 0xe6, 0xdd, 0xe6, 0xdd,
        0x06, 0xde, 0x06, 0xde, 0x06, 0xde, 0x23, 0xc5, 0x23, 0xc5, 0x23, 0xc5,
        0x23, 0xc5, 0x23, 0xc5, 0x23, 0xc5, 0x23, 0xc5, 0x23, 0xc5, 0x23, 0xc5,
        0x23, 0xc5, 0x23, 0xc5, 0x23, 0xc5, 0x23, 0xc5, 0x23, 0xc5, 0x23, 0xc5,
        0x23, 0xc5, 0x23, 0xc5, 0x23, 0xc5, 0x23, 0xc5, 0x23, 0xc5, 0x23, 0xc5,
        0x23, 0xc5, 0x23, 0xc5, 0x23, 0xc5, 0x23, 0xc5, 0x23, 0xc5, 0x23, 0xc5,
        0x23, 0xc5, 0x23, 0xc5, 0x86, 0xcd, 0xb3, 0xde, 0x9e, 0xf7, 0x9e, 0xf7,
        0x9e, 0xf7, 0x9e, 0xf7, 0x9e, 0xf7, 0x9e, 0xf7, 0x9e, 0xf7, 0x9e, 0xf7,
        0x9e, 0xf7, 0x9e, 0xf7, 0x9e, 0xf7, 0x9e, 0xf7, 0x9e, 0xf7, 0x9e, 0xf7,
        0x9e, 0xf7, 0x9e, 0xf7, 0x9e, 0xf7, 0x9e, 0xf7, 0x9e, 0xf7, 0x9e, 0xf7,
        0x9e, 0xf7, 0x9e, 0xf7, 0x9e, 0xf7, 0x9e, 0xf7, 0x9e, 0xf7, 0x9e, 0xf7,
        0x9e, 0xf7, 0x9e, 0xf7, 0x9e, 0xf7, 0x9e, 0xf7, 0x9e, 0xf7, 0x9e, 0xf7,
        0x9e, 0xf7, 0x9e, 0xf7, 0x9e, 0xf7, 0x9e, 0xf7, 0x9e, 0xf7, 0x9e, 0xf7,
        0x9e, 0xf7, 0x9e, 0xf7, 0x9e, 0xf7, 0x9e, 0xf7, 0x9e, 0xf7, 0x9e, 0xf7,
        0x9e, 0xf7, 0x9e, 0xf7, 0x9e, 0xf7, 0x9e, 0xf7, 0x9e, 0xf7, 0x9e, 0xf7,
        0x9e, 0xf7, 0x9e, 0xf7, 0x9e, 0xf7, 0x9e, 0xf7, 0x9e, 0xf7, 0x9e, 0xf7,
        0x9e, 0xf7, 0x9e, 0xf7, 0x9e, 0xf7, 0x9e, 0xf7, 0x9e, 0xf7, 0x9e, 0xf7,
        0x9e, 0xf7, 0x9e, 0xf7, 0x9e, 0xf7, 0x9e, 0xf7, 0x9e, 0xf7, 0x9e, 0xf7,
        0x9e, 0xf7, 0x9e, 0xf7, 0x9e, 0xf7, 0x9e, 0xf7, 0x9e, 0xf7, 0x9e, 0xf7,
        0x9e, 0xf7, 0x9e, 0xf7, 0x9e, 0xf7, 0x9e, 0xf7, 0x9e, 0xf7, 0x9e, 0xf7,
        0x9e, 0xf7, 0x9e, 0xf7, 0x9e, 0xf7, 0x9e, 0xf7, 0x9e, 0xf7, 0x9e, 0xf7,
        0x9e, 0xf7, 0x9e, 0xf7, 0x9e, 0xf7, 0x9e, 0xf7, 0x17, 0xef, 0x2b, 0xde,
        0xc5, 0xd5, 0xc5, 0xd5, 0xc5, 0xd5, 0xc5, 0xd5, 0xc5, 0xd5, 0xc5, 0xd5,
        0xc5, 0xd5, 0xc5, 0xd5, 0xc5, 0xd5, 0xc5, 0xd5, 0xc5, 0xd5, 0xc5, 0xd5,
        0xc5, 0xd5, 0xe5, 0xd5, 0xe5, 0xd5, 0xe5, 0xd5, 0xe5, 0xd5, 0xe5, 0xd5,
        0xe5, 0xd5, 0xe6, 0xd5, 0xe6, 0xdd, 0xe6, 0xdd, 0xe6, 0xdd, 0xe6, 0xdd,
        0xe6, 0xdd, 0xe6, 0xdd, 0x06, 0xde, 0x23, 0xc5, 0x23, 0xc5, 0x23, 0xc5,
        0x23, 0xc5, 0x23, 0xc5, 0x23, 0xc5, 0x23, 0xc5, 0x23, 0xc5, 0x23, 0xc5,
        0x23, 0xc5, 0x23, 0xc5, 0x23, 0xc5, 0x23, 0xc5, 0x23, 0xc5, 0x23, 0xc5,
        0x23, 0xc5, 0x23, 0xc5, 0x23, 0xc5, 0x23, 0xc5, 0x23, 0xc5, 0x23, 0xc5,
        0x23, 0xc5, 0x23, 0xc5, 0x23, 0xc5, 0x23, 0xc5, 0x23, 0xc5, 0x23, 0xc5,
        0x86, 0xcd, 0xb3, 0xde, 0x9e, 0xf7, 0x9e, 0xf7, 0x9e, 0xf7, 0x9e, 0xf7,
        0x9e, 0xf7, 0x9e, 0xf7, 0x9e, 0xf7, 0x9e, 0xf7, 0x9e, 0xf7, 0x9e, 0xf7,
        0x9e, 0xf7, 0x9e, 0xf7, 0x9e, 0xf7, 0x9e, 0xf7, 0x9e, 0xf7, 0x9e, 0xf7,
        0x9e, 0xf7, 0x9e, 0xf7, 0x9e, 0xf7, 0x9e, 0xf7, 0x9e, 0xf7, 0x9e, 0xf7,
        0x9e, 0xf7, 0x9e, 0xf7, 0x9e, 0xf7, 0x9e, 0xf7, 0x9e, 0xf7, 0x9e, 0xf7,
        0x9e, 0xf7, 0x9e, 0xf7, 0x9e, 0xf7, 0x9e, 0xf7, 0x9e, 0xf7, 0x9e, 0xf7,
        0x9e, 0xf7, 0x9e, 0xf7, 0x9e, 0xf7, 0x9e, 0xf7, 0x9e, 0xf7, 0x9e, 0xf7,
        0x9e, 0xf7, 0x9e, 0xf7, 0x9e, 0xf7, 0x9e, 0xf7, 0x9e, 0xf7, 0x9e, 0xf7,
        0x9e, 0xf7, 0x9e, 0xf7, 0x9e, 0xf7, 0x9e, 0xf7, 0x9e, 0xf7, 0x9e, 0xf7,
        0x9e, 0xf7, 0x9e, 0xf7, 0x9e, 0xf7, 0x9e, 0xf7, 0x9e, 0xf7, 0x9e, 0xf7,
        0x9e, 0xf7, 0x9e, 0xf7, 0x9e, 0xf7, 0x9e, 0xf7, 0x9e, 0xf7, 0x9e, 0xf7,
        0x9e, 0xf7, 0x9e, 0xf7, 0x9e, 0xf7, 0x9e, 0xf7, 0x9e, 0xf7, 0x9e, 0xf7,
        0x9e, 0xf7, 0x9e, 0xf7, 0x9e, 0xf7, 0x9e, 0xf7, 0x9e, 0xf7, 0x9e, 0xf7,
        0x9e, 0xf7, 0x9e, 0xf7, 0x9e, 0xf7, 0x9e, 0xf7, 0x9e, 0xf7, 0x9e, 0xf7,
        0x9e, 0xf7, 0x9e, 0xf7, 0x9e, 0xf7, 0x9e, 0xf7, 0x9e, 0xf7, 0x9e, 0xf7,
        0x9e, 0xf7, 0x9e, 0xf7, 0x9e, 0xf7, 0x9e, 0xf7, 0x9e, 0xf7, 0x9e, 0xf7,
        0x17, 0xef, 0xe8, 0xd5, 0xc5, 0xd5, 0xc5, 0xd5, 0xc5, 0xd5, 0xc5, 0xd5,
        0xc5, 0xd5, 0xc5, 0xd5, 0xc5, 0xd5, 0xc5, 0xd5, 0xc5, 0xd5, 0xc5, 0xd5,
        0xc5, 0xd5, 0xe5, 0xd5, 0xe5, 0xd5, 0xe5, 0xd5, 0xe5, 0xd5, 0xe5, 0xd5,
        0xe5, 0xd5, 0xe5, 0xd5, 0xe6, 0xd5, 0xe6, 0xd5, 0xe6, 0xdd, 0xe6, 0xdd,
        0xe6, 0xdd, 0xe6, 0xdd, 0xe6, 0xdd, 0x23, 0xc5, 0x23, 0xc5, 0x23, 0xc5,
        0x23, 0xc5, 0x23, 0xc5, 0x23, 0xc5, 0x23, 0xc5, 0x23, 0xc5, 0x23, 0xc5,
        0x23, 0xc5, 0x23, 0xc5, 0x23, 0xc5, 0x23, 0xc5, 0x23, 0xc5, 0x23, 0xc5,
        0x23, 0xc5, 0x23, 0xc5, 0x23, 0xc5, 0x23, 0xc5, 0x23, 0xc5, 0x23, 0xc5,
        0x23, 0xc5, 0x23, 0xc5, 0x23, 0xc5, 0x23, 0xc5, 0x86, 0xcd, 0xb3, 0xde,
        0x9e, 0xf7, 0x9e, 0xf7, 0x9e, 0xf7, 0x9e, 0xf7, 0x9e, 0xf7, 0x9e, 0xf7,
        0x9e, 0xf7, 0x9e, 0xf7, 0x9e, 0xf7, 0x9e, 0xf7, 0x9e, 0xf7, 0x9e, 0xf7,
        0x9e, 0xf7, 0x9e, 0xf7, 0x9e, 0xf7, 0x9e, 0xf7, 0x9e, 0xf7, 0x9e, 0xf7,
        0x9e, 0xf7, 0x9e, 0xf7, 0x9e, 0xf7, 0x9e, 0xf7, 0x9e, 0xf7, 0x9e, 0xf7,
        0x9e, 0xf7, 0x9e, 0xf7, 0x9e, 0xf7, 0x9e, 0xf7, 0x9e, 0xf7, 0x9e, 0xf7,
        0x9e, 0xf7, 0x9e, 0xf7, 0x9e, 0xf7, 0x9e, 0xf7, 0x9e, 0xf7, 0x9e, 0xf7,
        0x9e, 0xf7, 0x9e, 0xf7, 0x9e, 0xf7, 0x9e, 0xf7, 0x9e, 0xf7, 0x9e, 0xf7,
        0x9e, 0xf7, 0x9e, 0xf7, 0x9e, 0xf7, 0x9e, 0xf7, 0x9e, 0xf7, 0x9e, 0xf7,
        0x9e, 0xf7, 0x9e, 0xf7, 0x9e, 0xf7, 0x9e, 0xf7, 0x9e, 0xf7, 0x9e, 0xf7,
        0x9e, 0xf7, 0x9e, 0xf7, 0x9e, 0xf7, 0x9e, 0xf7, 0x9e, 0xf7, 0x9e, 0xf7,
        0x9e, 0xf7, 0x9e, 0xf7, 0x9e, 0xf7, 0x9e, 0xf7, 0x9e, 0xf7, 0x9e, 0xf7,
        0x9e, 0xf7, 0x9e, 0xf7, 0x9e, 0xf7, 0x9e, 0xf7, 0x9e, 0xf7, 0x9e, 0xf7,
        0x9e, 0xf7, 0x9e, 0xf7, 0x9e, 0xf7, 0x9e, 0xf7, 0x9e, 0xf7, 0x9e, 0xf7,
        0x9e, 0xf7, 0x9e, 0xf7, 0x9e, 0xf7, 0x9e, 0xf7, 0x9e, 0xf7, 0x9e, 0xf7,
        0x9e, 0xf7, 0x9e, 0xf7, 0x9e, 0xf7, 0x9e, 0xf7, 0x9e, 0xf7, 0x9e, 0xf7,
        0x9e, 0xf7, 0x9e, 0xf7, 0x9e, 0xf7, 0x9e, 0xf7, 0x9e, 0xf7, 0x9e, 0xf7,
        0x9e, 0xf7, 0x9e, 0xf7, 0xd4, 0xe6, 0xe8, 0xd5, 0xc5, 0xd5, 0xc5, 0xd5,
        0xc5, 0xd5, 0xc5, 0xd5, 0xc5, 0xd5, 0xc5, 0xd5, 0xc5, 0xd5, 0xc5, 0xd5,
        0xc5, 0xd5, 0xc5, 0xd5, 0xe5, 0xd5, 0xe5, 0xd5, 0xe5, 0xd5, 0xe5, 0xd5,
        0xe5, 0xd5, 0xe5, 0xd5, 0xe5, 0xd5, 0xe6, 0xd5, 0xe6, 0xd5, 0xe6, 0xdd,
        0xe6, 0xdd, 0xe6, 0xdd, 0xe6, 0xdd, 0x23, 0xc5, 0x23, 0xc5, 0x23, 0xc5,
        0x23, 0xc5, 0x23, 0xc5, 0x23, 0xc5, 0x23, 0xc5, 0x23, 0xc5, 0x23, 0xc5,
        0x23, 0xc5, 0x23, 0xc5, 0x23, 0xc5, 0x23, 0xc5, 0x23, 0xc5, 0x23, 0xc5,
        0x23, 0xc5, 0x23, 0xc5, 0x23, 0xc5, 0x23, 0xc5, 0x23, 0xc5, 0x23, 0xc5,
        0x23, 0xc5, 0x23, 0xc5, 0x86, 0xcd, 0xb3, 0xde, 0x9e, 0xf7, 0x9e, 0xf7,
        0x9e, 0xf7, 0x9e, 0xf7, 0x9e, 0xf7, 0x9e, 0xf7, 0x9e, 0xf7, 0x9e, 0xf7,
        0x9e, 0xf7, 0x9e, 0xf7, 0x9e, 0xf7, 0x9e, 0xf7, 0x9e, 0xf7, 0x9e, 0xf7,
        0x9e, 0xf7, 0x9e, 0xf7, 0x9e, 0xf7, 0x9e, 0xf7, 0x9e, 0xf7, 0x9e, 0xf7,
        0x9e, 0xf7, 0x9e, 0xf7, 0x9e, 0xf7, 0x9e, 0xf7, 0x9e, 0xf7, 0x9e, 0xf7,
        0x9e, 0xf7, 0x9e, 0xf7, 0x9e, 0xf7, 0x9e, 0xf7, 0x9e, 0xf7, 0x9e, 0xf7,
        0x9e, 0xf7, 0x9e, 0xf7, 0x9e, 0xf7, 0x9e, 0xf7, 0x9e, 0xf7, 0x9e, 0xf7,
        0x9e, 0xf7, 0x9e, 0xf7, 0x9e, 0xf7, 0x9e, 0xf7, 0x9e, 0xf7, 0x9e, 0xf7,
        0x9e, 0xf7, 0x9e, 0xf7, 0x9e, 0xf7, 0x9e, 0xf7, 0x9e, 0xf7, 0x9e, 0xf7,
        0x9e, 0xf7, 0x9e, 0xf7, 0x9e, 0xf7, 0x9e, 0xf7, 0x9e, 0xf7, 0x9e, 0xf7,
        0x9e, 0xf7, 0x9e, 0xf7, 0x9e, 0xf7, 0x9e, 0xf7, 0x9e, 0xf7, 0x9e, 0xf7,
        0x9e, 0xf7, 0x9e, 0xf7, 0x9e, 0xf7, 0x9e, 0xf7, 0x9e, 0xf7, 0x9e, 0xf7,
        0x9e, 0xf7, 0x9e, 0xf7, 0x9e, 0xf7, 0x9e, 0xf7, 0x9e, 0xf7, 0x9e, 0xf7,
        0x9e, 0xf7, 0x9e, 0xf7, 0x9e, 0xf7, 0x9e, 0xf7, 0x9e, 0xf7, 0x9e, 0xf7,
        0x9e, 0xf7, 0x9e, 0xf7, 0x9e, 0xf7, 0x9e, 0xf7, 0x9e, 0xf7, 0x9e, 0xf7,
        0x9e, 0xf7, 0x9e, 0xf7, 0x9e, 0xf7, 0x9e, 0xf7, 0x9e, 0xf7, 0x9e, 0xf7,
        0x9e, 0xf7, 0x9e, 0xf7, 0x9e, 0xf7, 0x9e, 0xf7, 0x9e, 0xf7, 0x9e, 0xf7,
        0x9e, 0xf7, 0x9e, 0xf7, 0x9e, 0xf7, 0x9e, 0xf7, 0xd4, 0xe6, 0x08, 0xd6,
        0xc5, 0xd5, 0xc5, 0xd5, 0xc5, 0xd5, 0xc5, 0xd5, 0xc5, 0xd5, 0xc5, 0xd5,
        0xc5, 0xd5, 0xc5, 0xd5, 0xc5, 0xd5, 0xc5, 0xd5, 0xe5, 0xd5, 0xe5, 0xd5,
        0xe5, 0xd5, 0xe5, 0xd5, 0xe5, 0xd5, 0xe5, 0xd5, 0xe5, 0xd5, 0xe6, 0xd5,
        0xe6, 0xd5, 0xe6, 0xdd, 0xe6, 0xdd, 0x23, 0xc5, 0x23, 0xc5, 0x23, 0xc5,
        0x23, 0xc5, 0x23, 0xc5, 0x23, 0xc5, 0x23, 0xc5, 0x23, 0xc5, 0x23, 0xc5,
        0x23, 0xc5, 0x23, 0xc5, 0x23, 0xc5, 0x23, 0xc5, 0x23, 0xc5, 0x23, 0xc5,
        0x23, 0xc5, 0x23, 0xc5, 0x23, 0xc5, 0x23, 0xc5, 0x23, 0xc5, 0x23, 0xc5,
        0x86, 0xcd, 0xb3, 0xde, 0x9e, 0xf7, 0x9e, 0xf7, 0x9e, 0xf7, 0x9e, 0xf7,
        0x9e, 0xf7, 0x9e, 0xf7, 0x9e, 0xf7, 0x9e, 0xf7, 0x9e, 0xf7, 0x9e, 0xf7,
        0x9e, 0xf7, 0x9e, 0xf7, 0x9e, 0xf7, 0x9e, 0xf7, 0x9e, 0xf7, 0x9e, 0xf7,
        0x9e, 0xf7, 0x9e, 0xf7, 0x9e, 0xf7, 0x9e, 0xf7, 0x9e, 0xf7, 0x9e, 0xf7,
        0x9e, 0xf7, 0x9e, 0xf7, 0x9e, 0xf7, 0x9e, 0xf7, 0x9e, 0xf7, 0x9e, 0xf7,
        0x9e, 0xf7, 0x9e, 0xf7, 0x9e, 0xf7, 0x9e, 0xf7, 0x9e, 0xf7, 0x9e, 0xf7,
        0x9e, 0xf7, 0x9e, 0xf7, 0x9e, 0xf7, 0x9e, 0xf7, 0x9e, 0xf7, 0x9e, 0xf7,
        0x9e, 0xf7, 0x9e, 0xf7, 0x9e, 0xf7, 0x9e, 0xf7, 0x9e, 0xf7, 0x9e, 0xf7,
        0x9e, 0xf7, 0x9e, 0xf7, 0x9e, 0xf7, 0x9e, 0xf7, 0x9e, 0xf7, 0x9e, 0xf7,
        0x9e, 0xf7, 0x9e, 0xf7, 0x9e, 0xf7, 0x9e, 0xf7, 0x9e, 0xf7, 0x9e, 0xf7,
        0x9e, 0xf7, 0x9e, 0xf7, 0x9e, 0xf7, 0x9e, 0xf7, 0x9e, 0xf7, 0x9e, 0xf7,
        0x9e, 0xf7, 0x9e, 0xf7, 0x9e, 0xf7, 0x9e, 0xf7, 0x9e, 0xf7, 0x9e, 0xf7,
        0x9e, 0xf7, 0x9e, 0xf7, 0x9e, 0xf7, 0x9e, 0xf7, 0x9e, 0xf7, 0x9e, 0xf7,
        0x9e, 0xf7, 0x9e, 0xf7, 0x9e, 0xf7, 0x9e, 0xf7, 0x9e, 0xf7, 0x9e, 0xf7,
        0x9e, 0xf7, 0x9e, 0xf7, 0x9e, 0xf7, 0x9e, 0xf7, 0x9e, 0xf7, 0x9e, 0xf7,
        0x9e, 0xf7, 0x9e, 0xf7, 0x9e, 0xf7, 0x9e, 0xf7, 0x9e, 0xf7, 0x9e, 0xf7,
        0x9e, 0xf7, 0x9e, 0xf7, 0x9e, 0xf7, 0x9e, 0xf7, 0x9e, 0xf7, 0x9e, 0xf7,
        0x9e, 0xf7, 0x9e, 0xf7, 0x9e, 0xf7, 0x9e, 0xf7, 0x9e, 0xf7, 0x9e, 0xf7,
        0xd4, 0xe6, 0x08, 0xd6, 0xc5, 0xd5, 0xc5, 0xd5, 0xc5, 0xd5, 0xc5, 0xd5,
        0xc5, 0xd5, 0xc5, 0xd5, 0xc5, 0xd5, 0xc5, 0xd5, 0xc5, 0xd5, 0xe5, 0xd5,
        0xe5, 0xd5, 0xe5, 0xd5, 0xe5, 0xd5, 0xe5, 0xd5, 0xe5, 0xd5, 0xe5, 0xd5,
        0xe6, 0xd5, 0xe6, 0xd5, 0xe6, 0xdd, 0x23, 0xc5, 0x23, 0xc5, 0x23, 0xc5,
        0x23, 0xc5, 0x23, 0xc5, 0x23, 0xc5, 0x23, 0xc5, 0x23, 0xc5, 0x23, 0xc5,
        0x23, 0xc5, 0x23, 0xc5, 0x23, 0xc5, 0x23, 0xc5, 0x23, 0xc5, 0x23, 0xc5,
        0x23, 0xc5, 0x23, 0xc5, 0x23, 0xc5, 0x23, 0xc5, 0x86, 0xcd, 0xb3, 0xde,
        0x9e, 0xf7, 0x9e, 0xf7, 0x9e, 0xf7, 0x9e, 0xf7, 0x9e, 0xf7, 0x9e, 0xf7,
        0x9e, 0xf7, 0x9e, 0xf7, 0x9e, 0xf7, 0x9e, 0xf7, 0x9e, 0xf7, 0x9e, 0xf7,
        0x9e, 0xf7, 0x9e, 0xf7, 0x9e, 0xf7, 0x9e, 0xf7, 0x9e, 0xf7, 0x9e, 0xf7,
        0x9e, 0xf7, 0x9e, 0xf7, 0x9e, 0xf7, 0x9e, 0xf7, 0x9e, 0xf7, 0x9e, 0xf7,
        0x9e, 0xf7, 0x9e, 0xf7, 0x9e, 0xf7, 0x9e, 0xf7, 0x9e, 0xf7, 0x9e, 0xf7,
        0x9e, 0xf7, 0x9e, 0xf7, 0x9e, 0xf7, 0x9e, 0xf7, 0x9e, 0xf7, 0x9e, 0xf7,
        0x9e, 0xf7, 0x9e, 0xf7, 0x9e, 0xf7, 0x9e, 0xf7, 0x9e, 0xf7, 0x9e, 0xf7,
        0x9e, 0xf7, 0x9e, 0xf7, 0x9e, 0xf7, 0x9e, 0xf7, 0x9e, 0xf7, 0x9e, 0xf7,
        0x9e, 0xf7, 0x9e, 0xf7, 0x9e, 0xf7, 0x9e, 0xf7, 0x9e, 0xf7, 0x9e, 0xf7,
        0x9e, 0xf7, 0x9e, 0xf7, 0x9e, 0xf7, 0x9e, 0xf7, 0x9e, 0xf7, 0x9e, 0xf7,
        0x9e, 0xf7, 0x9e, 0xf7, 0x9e, 0xf7, 0x9e, 0xf7, 0x9e, 0xf7, 0x9e, 0xf7,
        0x9e, 0xf7, 0x9e, 0xf7, 0x9e, 0xf7, 0x9e, 0xf7, 0x9e, 0xf7, 0x9e, 0xf7,
        0x9e, 0xf7, 0x9e, 0xf7, 0x9e, 0xf7, 0x9e, 0xf7, 0x9e, 0xf7, 0x9e, 0xf7,
        0x9e, 0xf7, 0x9e, 0xf7, 0x9e, 0xf7, 0x9e, 0xf7, 0x9e, 0xf7, 0x9e, 0xf7,
        0x9e, 0xf7, 0x9e, 0xf7, 0x9e, 0xf7, 0x9e, 0xf7, 0x9e, 0xf7, 0x9e, 0xf7,
        0x9e, 0xf7, 0x9e, 0xf7, 0x9e, 0xf7, 0x9e, 0xf7, 0x9e, 0xf7, 0x9e, 0xf7,
        0x9e, 0xf7, 0x9e, 0xf7, 0x9e, 0xf7, 0x9e, 0xf7, 0x9e, 0xf7, 0x9e, 0xf7,
        0x9e, 0xf7, 0x9e, 0xf7, 0x9e, 0xf7, 0x9e, 0xf7, 0x9e, 0xf7, 0x9e, 0xf7,
        0x9e, 0xf7, 0x9e, 0xf7, 0xd4, 0xe6, 0xe6, 0xd5, 0xc5, 0xd5, 0xc5, 0xd5,
        0xc5, 0xd5, 0xc5, 0xd5, 0xc5, 0xd5, 0xc5, 0xd5, 0xc5, 0xd5, 0xc5, 0xd5,
        0xe5, 0xd5, 0xe5, 0xd5, 0xe5, 0xd5, 0xe5, 0xd5, 0xe5, 0xd5, 0xe5, 0xd5,
        0xe5, 0xd5, 0xe5, 0xd5, 0xe6, 0xd5, 0x23, 0xc5, 0x23, 0xc5, 0x23, 0xc5,
        0x23, 0xc5, 0x23, 0xc5, 0x23, 0xc5, 0x23, 0xc5, 0x23, 0xc5, 0x23, 0xc5,
        0x23, 0xc5, 0x23, 0xc5, 0x23, 0xc5, 0x23, 0xc5, 0x23, 0xc5, 0x23, 0xc5,
        0x23, 0xc5, 0x23, 0xc5, 0x86, 0xcd, 0xb3, 0xde, 0x9e, 0xf7, 0x9e, 0xf7,
        0x9e, 0xf7, 0x9e, 0xf7, 0x9e, 0xf7, 0x9e, 0xf7, 0x9e, 0xf7, 0x9e, 0xf7,
        0x9e, 0xf7, 0x9e, 0xf7, 0x9e, 0xf7, 0x9e, 0xf7, 0x9e, 0xf7, 0x9e, 0xf7,
        0x9e, 0xf7, 0x9e, 0xf7, 0x9e, 0xf7, 0x9e, 0xf7, 0x9e, 0xf7, 0x9e, 0xf7,
        0x9e, 0xf7, 0x9e, 0xf7, 0x9e, 0xf7, 0x9e, 0xf7, 0x9e, 0xf7, 0x9e, 0xf7,
        0x9e, 0xf7, 0x9e, 0xf7, 0x9e, 0xf7, 0x9e, 0xf7, 0x9e, 0xf7, 0x9e, 0xf7,
        0x9e, 0xf7, 0x9e, 0xf7, 0x9e, 0xf7, 0x9e, 0xf7, 0x9e, 0xf7, 0x9e, 0xf7,
        0x9e, 0xf7, 0x9e, 0xf7, 0x9e, 0xf7, 0x9e, 0xf7, 0x9e, 0xf7, 0x9e, 0xf7,
        0x9e, 0xf7, 0x9e, 0xf7, 0x9e, 0xf7, 0x9e, 0xf7, 0x9e, 0xf7, 0x9e, 0xf7,
        0x9e, 0xf7, 0x9e, 0xf7, 0x9e, 0xf7, 0x9e, 0xf7, 0x9e, 0xf7, 0x9e, 0xf7,
        0x9e, 0xf7, 0x9e, 0xf7, 0x9e, 0xf7, 0x9e, 0xf7, 0x9e, 0xf7, 0x9e, 0xf7,
        0x9e, 0xf7, 0x9e, 0xf7, 0x9e, 0xf7, 0x9e, 0xf7, 0x9e, 0xf7, 0x9e, 0xf7,
        0x9e, 0xf7, 0x9e, 0xf7, 0x9e, 0xf7, 0x9e, 0xf7, 0x9e, 0xf7, 0x9e, 0xf7,
        0x9e, 0xf7, 0x9e, 0xf7, 0x9e, 0xf7, 0x9e, 0xf7, 0x9e, 0xf7, 0x9e, 0xf7,
        0x9e, 0xf7, 0x9e, 0xf7, 0x9e, 0xf7, 0x9e, 0xf7, 0x9e, 0xf7, 0x9e, 0xf7,
        0x9e, 0xf7, 0x9e, 0xf7, 0x9e, 0xf7, 0x9e, 0xf7, 0x9e, 0xf7, 0x9e, 0xf7,
        0x9e, 0xf7, 0x9e, 0xf7, 0x9e, 0xf7, 0x9e, 0xf7, 0x9e, 0xf7, 0x9e, 0xf7,
        0x9e, 0xf7, 0x9e, 0xf7, 0x9e, 0xf7, 0x9e, 0xf7, 0x9e, 0xf7, 0x9e, 0xf7,
        0x9e, 0xf7, 0x9e, 0xf7, 0x9e, 0xf7, 0x9e, 0xf7, 0x9e, 0xf7, 0x9e, 0xf7,
        0x9e, 0xf7, 0x9e, 0xf7, 0x9e, 0xf7, 0x7c, 0xef, 0xb1, 0xe6, 0xe6, 0xd5,
        0xc5, 0xd5, 0xc5, 0xd5, 0xc5, 0xd5, 0xc5, 0xd5, 0xc5, 0xd5, 0xc5, 0xd5,
        0xc5, 0xd5, 0xe5, 0xd5, 0xe5, 0xd5, 0xe5, 0xd5, 0xe5, 0xd5, 0xe5, 0xd5,
        0xe5, 0xd5, 0xe5, 0xd5, 0xe5, 0xd5, 0x23, 0xc5, 0x23, 0xc5, 0x23, 0xc5,
        0x23, 0xc5, 0x23, 0xc5, 0x23, 0xc5, 0x23, 0xc5, 0x23, 0xc5, 0x23, 0xc5,
        0x23, 0xc5, 0x23, 0xc5, 0x23, 0xc5, 0x23, 0xc5, 0x23, 0xc5, 0x23, 0xc5,
        0x86, 0xcd, 0xb3, 0xde, 0x9e, 0xf7, 0x9e, 0xf7, 0x9e, 0xf7, 0x9e, 0xf7,
        0x9e, 0xf7, 0x9e, 0xf7, 0x9e, 0xf7, 0x9e, 0xf7, 0x9e, 0xf7, 0x9e, 0xf7,
        0x9e, 0xf7, 0x9e, 0xf7, 0x9e, 0xf7, 0x9e, 0xf7, 0x9e, 0xf7, 0x9e, 0xf7,
        0x9e, 0xf7, 0x9e, 0xf7, 0x9e, 0xf7, 0x9e, 0xf7, 0x9e, 0xf7, 0x9e, 0xf7,
        0x9e, 0xf7, 0x9e, 0xf7, 0x9e, 0xf7, 0x9e, 0xf7, 0x9e, 0xf7, 0x9e, 0xf7,
        0x9e, 0xf7, 0x9e, 0xf7, 0x9e, 0xf7, 0x9e, 0xf7, 0x9e, 0xf7, 0x9e, 0xf7,
        0x9e, 0xf7, 0x9e, 0xf7, 0x9e, 0xf7, 0x9e, 0xf7, 0x9e, 0xf7, 0x9e, 0xf7,
        0x9e, 0xf7, 0x9e, 0xf7, 0x9e, 0xf7, 0x9e, 0xf7, 0x9e, 0xf7, 0x9e, 0xf7,
        0x9e, 0xf7, 0x9e, 0xf7, 0x9e, 0xf7, 0x9e, 0xf7, 0x9e, 0xf7, 0x9e, 0xf7,
        0x9e, 0xf7, 0x9e, 0xf7, 0x9e, 0xf7, 0x9e, 0xf7, 0x9e, 0xf7, 0x9e, 0xf7,
        0x9e, 0xf7, 0x9e, 0xf7, 0x9e, 0xf7, 0x9e, 0xf7, 0x9e, 0xf7, 0x9e, 0xf7,
        0x9e, 0xf7, 0x9e, 0xf7, 0x9e, 0xf7, 0x9e, 0xf7, 0x9e, 0xf7, 0x9e, 0xf7,
        0x9e, 0xf7, 0x9e, 0xf7, 0x9e, 0xf7, 0x9e, 0xf7, 0x9e, 0xf7, 0x9e, 0xf7,
        0x9e, 0xf7, 0x9e, 0xf7, 0x9e, 0xf7, 0x9e, 0xf7, 0x9e, 0xf7, 0x9e, 0xf7,
        0x9e, 0xf7, 0x9e, 0xf7, 0x9e, 0xf7, 0x9e, 0xf7, 0x9e, 0xf7, 0x9e, 0xf7,
        0x9e, 0xf7, 0x9e, 0xf7, 0x9e, 0xf7, 0x9e, 0xf7, 0x9e, 0xf7, 0x9e, 0xf7,
        0x9e, 0xf7, 0x9e, 0xf7, 0x9e, 0xf7, 0x9e, 0xf7, 0x9e, 0xf7, 0x9e, 0xf7,
        0x9e, 0xf7, 0x9e, 0xf7, 0x9e, 0xf7, 0x9e, 0xf7, 0x9e, 0xf7, 0x9e, 0xf7,
        0x9e, 0xf7, 0x9e, 0xf7, 0x9e, 0xf7, 0x9e, 0xf7, 0x9e, 0xf7, 0x9e, 0xf7,
        0x9e, 0xf7, 0x9e, 0xf7, 0x9e, 0xf7, 0x9e, 0xf7, 0x9e, 0xf7, 0x7c, 0xef,
        0xb1, 0xe6, 0xe6, 0xd5, 0xc5, 0xd5, 0xc5, 0xd5, 0xc5, 0xd5, 0xc5, 0xd5,
        0xc5, 0xd5, 0xc5, 0xd5, 0xe5, 0xd5, 0xe5, 0xd5, 0xe5, 0xd5, 0xe5, 0xd5,
        0xe5, 0xd5, 0xe5, 0xd5, 0xe5, 0xd5, 0x23, 0xc5, 0x23, 0xc5, 0x23, 0xc5,
        0x23, 0xc5, 0x23, 0xc5, 0x23, 0xc5, 0x23, 0xc5, 0x23, 0xc5, 0x23, 0xc5,
        0x23, 0xc5, 0x23, 0xc5, 0x23, 0xc5, 0x23, 0xc5, 0x86, 0xcd, 0xb3, 0xde,
        0x9e, 0xf7, 0x9e, 0xf7, 0x9e, 0xf7, 0x9e, 0xf7, 0x9e, 0xf7, 0x9e, 0xf7,
        0x9e, 0xf7, 0x9e, 0xf7, 0x9e, 0xf7, 0x9e, 0xf7, 0x9e, 0xf7, 0x9e, 0xf7,
        0x9e, 0xf7, 0x9e, 0xf7, 0x9e, 0xf7, 0x9e, 0xf7, 0x9e, 0xf7, 0x9e, 0xf7,
        0x9e, 0xf7, 0x9e, 0xf7, 0x9e, 0xf7, 0x9e, 0xf7, 0x9e, 0xf7, 0x9e, 0xf7,
        0x9e, 0xf7, 0x9e, 0xf7, 0x9e, 0xf7, 0x9e, 0xf7, 0x9e, 0xf7, 0x9e, 0xf7,
        0x9e, 0xf7, 0x9e, 0xf7, 0x9e, 0xf7, 0x9e, 0xf7, 0x9e, 0xf7, 0x9e, 0xf7,
        0x9e, 0xf7, 0x9e, 0xf7, 0x9e, 0xf7, 0x9e, 0xf7, 0x9e, 0xf7, 0x9e, 0xf7,
        0x9e, 0xf7, 0x9e, 0xf7, 0x9e, 0xf7, 0x9e, 0xf7, 0x9e, 0xf7, 0x9e, 0xf7,
        0x9e, 0xf7, 0x9e, 0xf7, 0x9e, 0xf7, 0x9e, 0xf7, 0x9e, 0xf7, 0x9e, 0xf7,
        0x9e, 0xf7, 0x9e, 0xf7, 0x9e, 0xf7, 0x9e, 0xf7, 0x9e, 0xf7, 0x9e, 0xf7,
        0x9e, 0xf7, 0x9e, 0xf7, 0x9e, 0xf7, 0x9e, 0xf7, 0x9e, 0xf7, 0x9e, 0xf7,
        0x9e, 0xf7, 0x9e, 0xf7, 0x9e, 0xf7, 0x9e, 0xf7, 0x9e, 0xf7, 0x9e, 0xf7,
        0x9e, 0xf7, 0x9e, 0xf7, 0x9e, 0xf7, 0x9e, 0xf7, 0x9e, 0xf7, 0x9e, 0xf7,
        0x9e, 0xf7, 0x9e, 0xf7, 0x9e, 0xf7, 0x9e, 0xf7, 0x9e, 0xf7, 0x9e, 0xf7,
        0x9e, 0xf7, 0x9e, 0xf7, 0x9e, 0xf7, 0x9e, 0xf7, 0x9e, 0xf7, 0x9e, 0xf7,
        0x9e, 0xf7, 0x9e, 0xf7, 0x9e, 0xf7, 0x9e, 0xf7, 0x9e, 0xf7, 0x9e, 0xf7,
        0x9e, 0xf7, 0x9e, 0xf7, 0x9e, 0xf7, 0x9e, 0xf7, 0x9e, 0xf7, 0x9e, 0xf7,
        0x9e, 0xf7, 0x9e, 0xf7, 0x9e, 0xf7, 0x9e, 0xf7, 0x9e, 0xf7, 0x9e, 0xf7,
        0x9e, 0xf7, 0x9e, 0xf7, 0x9e, 0xf7, 0x9e, 0xf7, 0x9e, 0xf7, 0x9e, 0xf7,
        0x9e, 0xf7, 0x9e, 0xf7, 0x9e, 0xf7, 0x9e, 0xf7, 0x9e, 0xf7, 0x9e, 0xf7,
        0x9e, 0xf7, 0x7c, 0xef, 0xb1, 0xe6, 0xe7, 0xd5, 0xc5, 0xd5, 0xc5, 0xd5,
        0xc5, 0xd5, 0xc5, 0xd5, 0xc5, 0xd5, 0xc5, 0xd5, 0xe5, 0xd5, 0xe5, 0xd5,
        0xe5, 0xd5, 0xe5, 0xd5, 0xe5, 0xd5, 0x23, 0xc5, 0x23, 0xc5, 0x23, 0xc5,
        0x23, 0xc5, 0x23, 0xc5, 0x23, 0xc5, 0x23, 0xc5, 0x23, 0xc5, 0x23, 0xc5,
        0x23, 0xc5, 0x23, 0xc5, 0x86, 0xcd, 0xb3, 0xde, 0x9e, 0xf7, 0x9e, 0xf7,
        0x9e, 0xf7, 0x9e, 0xf7, 0x9e, 0xf7, 0x9e, 0xf7, 0x9e, 0xf7, 0x9e, 0xf7,
        0x9e, 0xf7, 0x9e, 0xf7, 0x9e, 0xf7, 0x9e, 0xf7, 0x9e, 0xf7, 0x9e, 0xf7,
        0x9e, 0xf7, 0x9e, 0xf7, 0x9e, 0xf7, 0x9e, 0xf7, 0x9e, 0xf7, 0x9e, 0xf7,
        0x9e, 0xf7, 0x9e, 0xf7, 0x9e, 0xf7, 0x9e, 0xf7, 0x9e, 0xf7, 0x9e, 0xf7,
        0x9e, 0xf7, 0x9e, 0xf7, 0x9e, 0xf7, 0x9e, 0xf7, 0x9e, 0xf7, 0x9e, 0xf7,
        0x9e, 0xf7, 0x9e, 0xf7, 0x9e, 0xf7, 0x9e, 0xf7, 0x9e, 0xf7, 0x9e, 0xf7,
        0x9e, 0xf7, 0x9e, 0xf7, 0x9e, 0xf7, 0x9e, 0xf7, 0x9e, 0xf7, 0x9e, 0xf7,
        0x9e, 0xf7, 0x9e, 0xf7, 0x9e, 0xf7, 0x9e, 0xf7, 0x9e, 0xf7, 0x9e, 0xf7,
        0x9e, 0xf7, 0x9e, 0xf7, 0x9e, 0xf7, 0x9e, 0xf7, 0x9e, 0xf7, 0x9e, 0xf7,
        0x9e, 0xf7, 0x9e, 0xf7, 0x9e, 0xf7, 0x9e, 0xf7, 0x9e, 0xf7, 0x9e, 0xf7,
        0x9e, 0xf7, 0x9e, 0xf7, 0x9e, 0xf7, 0x9e, 0xf7, 0x9e, 0xf7, 0x9e, 0xf7,
        0x9e, 0xf7, 0x9e, 0xf7, 0x9e, 0xf7, 0x9e, 0xf7, 0x9e, 0xf7, 0x9e, 0xf7,
        0x9e, 0xf7, 0x9e, 0xf7, 0x9e, 0xf7, 0x9e, 0xf7, 0x9e, 0xf7, 0x9e, 0xf7,
        0x9e, 0xf7, 0x9e, 0xf7, 0x9e, 0xf7, 0x9e, 0xf7, 0x9e, 0xf7, 0x9e, 0xf7,
        0x9e, 0xf7, 0x9e, 0xf7, 0x9e, 0xf7, 0x9e, 0xf7, 0x9e, 0xf7, 0x9e, 0xf7,
        0x9e, 0xf7, 0x9e, 0xf7, 0x9e, 0xf7, 0x9e, 0xf7, 0x9e, 0xf7, 0x9e, 0xf7,
        0x9e, 0xf7, 0x9e, 0xf7, 0x9e, 0xf7, 0x9e, 0xf7, 0x9e, 0xf7, 0x9e, 0xf7,
        0x9e, 0xf7, 0x9e, 0xf7, 0x9e, 0xf7, 0x9e, 0xf7, 0x9e, 0xf7, 0x9e, 0xf7,
        0x9e, 0xf7, 0x9e, 0xf7, 0x9e, 0xf7, 0x9e, 0xf7, 0x9e, 0xf7, 0x9e, 0xf7,
        0x9e, 0xf7, 0x9e, 0xf7, 0x9e, 0xf7, 0x9e, 0xf7, 0x9e, 0xf7, 0x9e, 0xf7,
        0x9e, 0xf7, 0x9e, 0xf7, 0x9e, 0xf7, 0x7c, 0xef, 0xb1, 0xe6, 0xe7, 0xd5,
        0xc5, 0xd5, 0xc5, 0xd5, 0xc5, 0xd5, 0xc5, 0xd5, 0xc5, 0xd5, 0xe5, 0xd5,
        0xe5, 0xd5, 0xe5, 0xd5, 0xe5, 0xd5, 0x23, 0xc5, 0x23, 0xc5, 0x23, 0xc5,
        0x23, 0xc5, 0x23, 0xc5, 0x23, 0xc5, 0x23, 0xc5, 0x23, 0xc5, 0x23, 0xc5,
        0x86, 0xcd, 0xb3, 0xde, 0x9e, 0xf7, 0x9e, 0xf7, 0x9e, 0xf7, 0x9e, 0xf7,
        0x9e, 0xf7, 0x9e, 0xf7, 0x9e, 0xf7, 0x9e, 0xf7, 0x9e, 0xf7, 0x9e, 0xf7,
        0x9e, 0xf7, 0x9e, 0xf7, 0x9e, 0xf7, 0x9e, 0xf7, 0x9e, 0xf7, 0x9e, 0xf7,
        0x9e, 0xf7, 0x9e, 0xf7, 0x9e, 0xf7, 0x9e, 0xf7, 0x9e, 0xf7, 0x9e, 0xf7,
        0x9e, 0xf7, 0x9e, 0xf7, 0x9e, 0xf7, 0x9e, 0xf7, 0x9e, 0xf7, 0x9e, 0xf7,
        0x9e, 0xf7, 0x9e, 0xf7, 0x9e, 0xf7, 0x9e, 0xf7, 0x9e, 0xf7, 0x9e, 0xf7,
        0x9e, 0xf7, 0x9e, 0xf7, 0x9e, 0xf7, 0x9e, 0xf7, 0x9e, 0xf7, 0x9e, 0xf7,
        0x9e, 0xf7, 0x9e, 0xf7, 0x9e, 0xf7, 0x9e, 0xf7, 0x9e, 0xf7, 0x9e, 0xf7,
        0x9e, 0xf7, 0x9e, 0xf7, 0x9e, 0xf7, 0x9e, 0xf7, 0x9e, 0xf7, 0x9e, 0xf7,
        0x9e, 0xf7, 0x9e, 0xf7, 0x9e, 0xf7, 0x9e, 0xf7, 0x9e, 0xf7, 0x9e, 0xf7,
        0x9e, 0xf7, 0x9e, 0xf7, 0x9e, 0xf7, 0x9e, 0xf7, 0x9e, 0xf7, 0x9e, 0xf7,
        0x9e, 0xf7, 0x9e, 0xf7, 0x9e, 0xf7, 0x9e, 0xf7, 0x9e, 0xf7, 0x9e, 0xf7,
        0x9e, 0xf7, 0x9e, 0xf7, 0x9e, 0xf7, 0x9e, 0xf7, 0x9e, 0xf7, 0x9e, 0xf7,
        0x9e, 0xf7, 0x9e, 0xf7, 0x9e, 0xf7, 0x9e, 0xf7, 0x9e, 0xf7, 0x9e, 0xf7,
        0x9e, 0xf7, 0x9e, 0xf7, 0x9e, 0xf7, 0x9e, 0xf7, 0x9e, 0xf7, 0x9e, 0xf7,
        0x9e, 0xf7, 0x9e, 0xf7, 0x9e, 0xf7, 0x9e, 0xf7, 0x9e, 0xf7, 0x9e, 0xf7,
        0x9e, 0xf7, 0x9e, 0xf7, 0x9e, 0xf7, 0x9e, 0xf7, 0x9e, 0xf7, 0x9e, 0xf7,
        0x9e, 0xf7, 0x9e, 0xf7, 0x9e, 0xf7, 0x9e, 0xf7, 0x9e, 0xf7, 0x9e, 0xf7,
        0x9e, 0xf7, 0x9e, 0xf7, 0x9e, 0xf7, 0x9e, 0xf7, 0x9e, 0xf7, 0x9e, 0xf7,
        0x9e, 0xf7, 0x9e, 0xf7, 0x9e, 0xf7, 0x9e, 0xf7, 0x9e, 0xf7, 0x9e, 0xf7,
        0x9e, 0xf7, 0x9e, 0xf7, 0x9e, 0xf7, 0x9e, 0xf7, 0x9e, 0xf7, 0x9e, 0xf7,
        0x9e, 0xf7, 0x9e, 0xf7, 0x9e, 0xf7, 0x9e, 0xf7, 0x9e, 0xf7, 0x7c, 0xef,
        0xb1, 0xe6, 0xe7, 0xd5, 0xc5, 0xd5, 0xc5, 0xd5, 0xc5, 0xd5, 0xc5, 0xd5,
        0xc5, 0xd5, 0xe5, 0xd5, 0xe5, 0xd5, 0x23, 0xc5, 0x23, 0xc5, 0x23, 0xc5,
        0x23, 0xc5, 0x23, 0xc5, 0x23, 0xc5, 0x23, 0xc5, 0x86, 0xcd, 0x50, 0xde,
        0x3a, 0xef, 0x9e, 0xf7, 0x9e, 0xf7, 0x9e, 0xf7, 0x9e, 0xf7, 0x9e, 0xf7,
        0x9e, 0xf7, 0x9e, 0xf7, 0x9e, 0xf7, 0x9e, 0xf7, 0x9e, 0xf7, 0x9e, 0xf7,
        0x9e, 0xf7, 0x9e, 0xf7, 0x9e, 0xf7, 0x9e, 0xf7, 0x9e, 0xf7, 0x9e, 0xf7,
        0x9e, 0xf7, 0x9e, 0xf7, 0x9e, 0xf7, 0x9e, 0xf7, 0x9e, 0xf7, 0x9e, 0xf7,
        0x9e, 0xf7, 0x9e, 0xf7, 0x9e, 0xf7, 0x9e, 0xf7, 0x9e, 0xf7, 0x9e, 0xf7,
        0x9e, 0xf7, 0x9e, 0xf7, 0x9e, 0xf7, 0x9e, 0xf7, 0x9e, 0xf7, 0x9e, 0xf7,
        0x9e, 0xf7, 0x9e, 0xf7, 0x9e, 0xf7, 0x9e, 0xf7, 0x9e, 0xf7, 0x9e, 0xf7,
        0x9e, 0xf7, 0x9e, 0xf7, 0x9e, 0xf7, 0x9e, 0xf7, 0x9e, 0xf7, 0x9e, 0xf7,
        0x9e, 0xf7, 0x9e, 0xf7, 0x9e, 0xf7, 0x9e, 0xf7, 0x9e, 0xf7, 0x9e, 0xf7,
        0x9e, 0xf7, 0x9e, 0xf7, 0x9e, 0xf7, 0x9e, 0xf7, 0x9e, 0xf7, 0x9e, 0xf7,
        0x9e, 0xf7, 0x9e, 0xf7, 0x9e, 0xf7, 0x9e, 0xf7, 0x9e, 0xf7, 0x9e, 0xf7,
        0x9e, 0xf7, 0x9e, 0xf7, 0x9e, 0xf7, 0x9e, 0xf7, 0x9e, 0xf7, 0x9e, 0xf7,
        0x9e, 0xf7, 0x9e, 0xf7, 0x9e, 0xf7, 0x9e, 0xf7, 0x9e, 0xf7, 0x9e, 0xf7,
        0x9e, 0xf7, 0x9e, 0xf7, 0x9e, 0xf7, 0x9e, 0xf7, 0x9e, 0xf7, 0x9e, 0xf7,
        0x9e, 0xf7, 0x9e, 0xf7, 0x9e, 0xf7, 0x9e, 0xf7, 0x9e, 0xf7, 0x9e, 0xf7,
        0x9e, 0xf7, 0x9e, 0xf7, 0x9e, 0xf7, 0x9e, 0xf7, 0x9e, 0xf7, 0x9e, 0xf7,
        0x9e, 0xf7, 0x9e, 0xf7, 0x9e, 0xf7, 0x9e, 0xf7, 0x9e, 0xf7, 0x9e, 0xf7,
        0x9e, 0xf7, 0x9e, 0xf7, 0x9e, 0xf7, 0x9e, 0xf7, 0x9e, 0xf7, 0x9e, 0xf7,
        0x9e, 0xf7, 0x9e, 0xf7, 0x9e, 0xf7, 0x9e, 0xf7, 0x9e, 0xf7, 0x9e, 0xf7,
        0x9e, 0xf7, 0x9e, 0xf7, 0x9e, 0xf7, 0x9e, 0xf7, 0x9e, 0xf7, 0x9e, 0xf7,
        0x9e, 0xf7, 0x9e, 0xf7, 0x9e, 0xf7, 0x9e, 0xf7, 0x9e, 0xf7, 0x9e, 0xf7,
        0x9e, 0xf7, 0x9e, 0xf7, 0x9e, 0xf7, 0x9e, 0xf7, 0x9e, 0xf7, 0x9e, 0xf7,
        0x9e, 0xf7, 0x7c, 0xef, 0xb1, 0xe6, 0xe7, 0xd5, 0xc5, 0xd5, 0xc5, 0xd5,
        0xc5, 0xd5, 0xc5, 0xd5, 0xc5, 0xd5, 0x23, 0xc5, 0x23, 0xc5, 0x23, 0xc5,
        0x23, 0xc5, 0x23, 0xc5, 0x86, 0xcd, 0x50, 0xde, 0x3a, 0xef, 0x9e, 0xf7,
        0x9e, 0xf7, 0x9e, 0xf7, 0x9e, 0xf7, 0x9e, 0xf7, 0x9e, 0xf7, 0x9e, 0xf7,
        0x9e, 0xf7, 0x9e, 0xf7, 0x9e, 0xf7, 0x9e, 0xf7, 0x9e, 0xf7, 0x9e, 0xf7,
        0x9e, 0xf7, 0x9e, 0xf7, 0x9e, 0xf7, 0x9e, 0xf7, 0x9e, 0xf7, 0x9e, 0xf7,
        0x9e, 0xf7, 0x9e, 0xf7, 0x9e, 0xf7, 0x9e, 0xf7, 0x9e, 0xf7, 0x9e, 0xf7,
        0x9e, 0xf7, 0x9e, 0xf7, 0x9e, 0xf7, 0x9e, 0xf7, 0x9e, 0xf7, 0x9e, 0xf7,
        0x9e, 0xf7, 0x9e, 0xf7, 0x9e, 0xf7, 0x9e, 0xf7, 0x9e, 0xf7, 0x9e, 0xf7,
        0x9e, 0xf7, 0x9e, 0xf7, 0x9e, 0xf7, 0x9e, 0xf7, 0x9e, 0xf7, 0x9e, 0xf7,
        0x9e, 0xf7, 0x9e, 0xf7, 0x9e, 0xf7, 0x9e, 0xf7, 0x9e, 0xf7, 0x9e, 0xf7,
        0x9e, 0xf7, 0x9e, 0xf7, 0x9e, 0xf7, 0x9e, 0xf7, 0x9e, 0xf7, 0x9e, 0xf7,
        0x9e, 0xf7, 0x9e, 0xf7, 0x9e, 0xf7, 0x9e, 0xf7, 0x9e, 0xf7, 0x9e, 0xf7,
        0x9e, 0xf7, 0x9e, 0xf7, 0x9e, 0xf7, 0x9e, 0xf7, 0x9e, 0xf7, 0x9e, 0xf7,
        0x9e, 0xf7, 0x9e, 0xf7, 0x9e, 0xf7, 0x9e, 0xf7, 0x9e, 0xf7, 0x9e, 0xf7,
        0x9e, 0xf7, 0x9e, 0xf7, 0x9e, 0xf7, 0x9e, 0xf7, 0x9e, 0xf7, 0x9e, 0xf7,
        0x9e, 0xf7, 0x9e, 0xf7, 0x9e, 0xf7, 0x9e, 0xf7, 0x9e, 0xf7, 0x9e, 0xf7,
        0x9e, 0xf7, 0x9e, 0xf7, 0x9e, 0xf7, 0x9e, 0xf7, 0x9e, 0xf7, 0x9e, 0xf7,
        0x9e, 0xf7, 0x9e, 0xf7, 0x9e, 0xf7, 0x9e, 0xf7, 0x9e, 0xf7, 0x9e, 0xf7,
        0x9e, 0xf7, 0x9e, 0xf7, 0x9e, 0xf7, 0x9e, 0xf7, 0x9e, 0xf7, 0x9e, 0xf7,
        0x9e, 0xf7, 0x9e, 0xf7, 0x9e, 0xf7, 0x9e, 0xf7, 0x9e, 0xf7, 0x9e, 0xf7,
        0x9e, 0xf7, 0x9e, 0xf7, 0x9e, 0xf7, 0x9e, 0xf7, 0x9e, 0xf7, 0x9e, 0xf7,
        0x9e, 0xf7, 0x9e, 0xf7, 0x9e, 0xf7, 0x9e, 0xf7, 0x9e, 0xf7, 0x9e, 0xf7,
        0x9e, 0xf7, 0x9e, 0xf7, 0x9e, 0xf7, 0x9e, 0xf7, 0x9e, 0xf7, 0x9e, 0xf7,
        0x9e, 0xf7, 0x9e, 0xf7, 0x9e, 0xf7, 0x9e, 0xf7, 0x9e, 0xf7, 0x9e, 0xf7,
        0x9e, 0xf7, 0x9e, 0xf7, 0x9e, 0xf7, 0x7c, 0xef, 0xb1, 0xe6, 0xe7, 0xd5,
        0xc5, 0xd5, 0xc5, 0xd5, 0xc5, 0xd5, 0x23, 0xc5, 0x23, 0xc5, 0x23, 0xc5,
        0x86, 0xcd, 0x50, 0xde, 0x3a, 0xef, 0x9e, 0xf7, 0x9e, 0xf7, 0x9e, 0xf7,
        0x9e, 0xf7, 0x9e, 0xf7, 0x9e, 0xf7, 0x9e, 0xf7, 0x9e, 0xf7, 0x9e, 0xf7,
        0x9e, 0xf7, 0x9e, 0xf7, 0x9e, 0xf7, 0x9e, 0xf7, 0x9e, 0xf7, 0x9e, 0xf7,
        0x9e, 0xf7, 0x9e, 0xf7, 0x9e, 0xf7, 0x9e, 0xf7, 0x9e, 0xf7, 0x9e, 0xf7,
        0x9e, 0xf7, 0x9e, 0xf7, 0x9e, 0xf7, 0x9e, 0xf7, 0x9e, 0xf7, 0x9e, 0xf7,
        0x9e, 0xf7, 0x9e, 0xf7, 0x9e, 0xf7, 0x9e, 0xf7, 0x9e, 0xf7, 0x9e, 0xf7,
        0x9e, 0xf7, 0x9e, 0xf7, 0x9e, 0xf7, 0x9e, 0xf7, 0x9e, 0xf7, 0x9e, 0xf7,
        0x9e, 0xf7, 0x9e, 0xf7, 0x9e, 0xf7, 0x9e, 0xf7, 0x9e, 0xf7, 0x9e, 0xf7,
        0x9e, 0xf7, 0x9e, 0xf7, 0x9e, 0xf7, 0x9e, 0xf7, 0x9e, 0xf7, 0x9e, 0xf7,
        0x9e, 0xf7, 0x9e, 0xf7, 0x9e, 0xf7, 0x9e, 0xf7, 0x9e, 0xf7, 0x9e, 0xf7,
        0x9e, 0xf7, 0x9e, 0xf7, 0x9e, 0xf7, 0x9e, 0xf7, 0x9e, 0xf7, 0x9e, 0xf7,
        0x9e, 0xf7, 0x9e, 0xf7, 0x9e, 0xf7, 0x9e, 0xf7, 0x9e, 0xf7, 0x9e, 0xf7,
        0x9e, 0xf7, 0x9e, 0xf7, 0x9e, 0xf7, 0x9e, 0xf7, 0x9e, 0xf7, 0x9e, 0xf7,
        0x9e, 0xf7, 0x9e, 0xf7, 0x9e, 0xf7, 0x9e, 0xf7, 0x9e, 0xf7, 0x9e, 0xf7,
        0x9e, 0xf7, 0x9e, 0xf7, 0x9e, 0xf7, 0x9e, 0xf7, 0x9e, 0xf7, 0x9e, 0xf7,
        0x9e, 0xf7, 0x9e, 0xf7, 0x9e, 0xf7, 0x9e, 0xf7, 0x9e, 0xf7, 0x9e, 0xf7,
        0x9e, 0xf7, 0x9e, 0xf7, 0x9e, 0xf7, 0x9e, 0xf7, 0x9e, 0xf7, 0x9e, 0xf7,
        0x9e, 0xf7, 0x9e, 0xf7, 0x9e, 0xf7, 0x9e, 0xf7, 0x9e, 0xf7, 0x9e, 0xf7,
        0x9e, 0xf7, 0x9e, 0xf7, 0x9e, 0xf7, 0x9e, 0xf7, 0x9e, 0xf7, 0x9e, 0xf7,
        0x9e, 0xf7, 0x9e, 0xf7, 0x9e, 0xf7, 0x9e, 0xf7, 0x9e, 0xf7, 0x9e, 0xf7,
        0x9e, 0xf7, 0x9e, 0xf7, 0x9e, 0xf7, 0x9e, 0xf7, 0x9e, 0xf7, 0x9e, 0xf7,
        0x9e, 0xf7, 0x9e, 0xf7, 0x9e, 0xf7, 0x9e, 0xf7, 0x9e, 0xf7, 0x9e, 0xf7,
        0x9e, 0xf7, 0x9e, 0xf7, 0x9e, 0xf7, 0x9e, 0xf7, 0x9e, 0xf7, 0x9e, 0xf7,
        0x9e, 0xf7, 0x9e, 0xf7, 0x9e, 0xf7, 0x9e, 0xf7, 0x9e, 0xf7, 0x7c, 0xef,
        0xb1, 0xe6, 0xe7, 0xd5, 0xc5, 0xd5, 0x23, 0xc5, 0x44, 0xc5, 0x50, 0xde,
        0x3a, 0xef, 0x9e, 0xf7, 0x9e, 0xf7, 0x9e, 0xf7, 0x9e, 0xf7, 0x9e, 0xf7,
        0x9e, 0xf7, 0x9e, 0xf7, 0x9e, 0xf7, 0x9e, 0xf7, 0x9e, 0xf7, 0x9e, 0xf7,
        0x9e, 0xf7, 0x9e, 0xf7, 0x9e, 0xf7, 0x9e, 0xf7, 0x9e, 0xf7, 0x9e, 0xf7,
        0x9e, 0xf7, 0x9e, 0xf7, 0x9e, 0xf7, 0x9e, 0xf7, 0x9e, 0xf7, 0x9e, 0xf7,
        0x9e, 0xf7, 0x9e, 0xf7, 0x9e, 0xf7, 0x9e, 0xf7, 0x9e, 0xf7, 0x9e, 0xf7,
        0x9e, 0xf7, 0x9e, 0xf7, 0x9e, 0xf7, 0x9e, 0xf7, 0x9e, 0xf7, 0x9e, 0xf7,
        0x9e, 0xf7, 0x9e, 0xf7, 0x9e, 0xf7, 0x9e, 0xf7, 0x9e, 0xf7, 0x9e, 0xf7,
        0x9e, 0xf7, 0x9e, 0xf7, 0x9e, 0xf7, 0x9e, 0xf7, 0x9e, 0xf7, 0x9e, 0xf7,
        0x9e, 0xf7, 0x9e, 0xf7, 0x9e, 0xf7, 0x9e, 0xf7, 0x9e, 0xf7, 0x9e, 0xf7,
        0x9e, 0xf7, 0x9e, 0xf7, 0x9e, 0xf7, 0x9e, 0xf7, 0x9e, 0xf7, 0x9e, 0xf7,
        0x9e, 0xf7, 0x9e, 0xf7, 0x9e, 0xf7, 0x9e, 0xf7, 0x9e, 0xf7, 0x9e, 0xf7,
        0x9e, 0xf7, 0x9e, 0xf7, 0x9e, 0xf7, 0x9e, 0xf7, 0x9e, 0xf7, 0x9e, 0xf7,
        0x9e, 0xf7, 0x9e, 0xf7, 0x9e, 0xf7, 0x9e, 0xf7, 0x9e, 0xf7, 0x9e, 0xf7,
        0x9e, 0xf7, 0x9e, 0xf7, 0x9e, 0xf7, 0x9e, 0xf7, 0x9e, 0xf7, 0x9e, 0xf7,
        0x9e, 0xf7, 0x9e, 0xf7, 0x9e, 0xf7, 0x9e, 0xf7, 0x9e, 0xf7, 0x9e, 0xf7,
        0x9e, 0xf7, 0x9e, 0xf7, 0x9e, 0xf7, 0x9e, 0xf7, 0x9e, 0xf7, 0x9e, 0xf7,
        0x9e, 0xf7, 0x9e, 0xf7, 0x9e, 0xf7, 0x9e, 0xf7, 0x9e, 0xf7, 0x9e, 0xf7,
        0x9e, 0xf7, 0x9e, 0xf7, 0x9e, 0xf7, 0x9e, 0xf7, 0x9e, 0xf7, 0x9e, 0xf7,
        0x9e, 0xf7, 0x9e, 0xf7, 0x9e, 0xf7, 0x9e, 0xf7, 0x9e, 0xf7, 0x9e, 0xf7,
        0x9e, 0xf7, 0x9e, 0xf7, 0x9e, 0xf7, 0x9e, 0xf7, 0x9e, 0xf7, 0x9e, 0xf7,
        0x9e, 0xf7, 0x9e, 0xf7, 0x9e, 0xf7, 0x9e, 0xf7, 0x9e, 0xf7, 0x9e, 0xf7,
        0x9e, 0xf7, 0x9e, 0xf7, 0x9e, 0xf7, 0x9e, 0xf7, 0x9e, 0xf7, 0x9e, 0xf7,
        0x9e, 0xf7, 0x9e, 0xf7, 0x9e, 0xf7, 0x9e, 0xf7, 0x9e, 0xf7, 0x9e, 0xf7,
        0x9e, 0xf7, 0x9e, 0xf7, 0x9e, 0xf7, 0x9e, 0xf7, 0x9e, 0xf7, 0x9e, 0xf7,
        0x9e, 0xf7, 0x7c, 0xef, 0xb1, 0xe6, 0x0d, 0xd6, 0x3a, 0xef, 0x9e, 0xf7,
        0x9e, 0xf7, 0x9e, 0xf7, 0x9e, 0xf7, 0x9e, 0xf7, 0x9e, 0xf7, 0x9e, 0xf7,
        0x9e, 0xf7, 0x9e, 0xf7, 0x9e, 0xf7, 0x9e, 0xf7, 0x9e, 0xf7, 0x9e, 0xf7,
        0x9e, 0xf7, 0x9e, 0xf7, 0x9e, 0xf7, 0x9e, 0xf7, 0x9e, 0xf7, 0x9e, 0xf7,
        0x9e, 0xf7, 0x9e, 0xf7, 0x9e, 0xf7, 0x9e, 0xf7, 0x9e, 0xf7, 0x9e, 0xf7,
        0x9e, 0xf7, 0x9e, 0xf7, 0x9e, 0xf7, 0x9e, 0xf7, 0x9e, 0xf7, 0x9e, 0xf7,
        0x9e, 0xf7, 0x9e, 0xf7, 0x9e, 0xf7, 0x9e, 0xf7, 0x9e, 0xf7, 0x9e, 0xf7,
        0x9e, 0xf7, 0x9e, 0xf7, 0x9e, 0xf7, 0x9e, 0xf7, 0x9e, 0xf7, 0x9e, 0xf7,
        0x9e, 0xf7, 0x9e, 0xf7, 0x9e, 0xf7, 0x9e, 0xf7, 0x9e, 0xf7, 0x9e, 0xf7,
        0x9e, 0xf7, 0x9e, 0xf7, 0x9e, 0xf7, 0x9e, 0xf7, 0x9e, 0xf7, 0x9e, 0xf7,
        0x9e, 0xf7, 0x9e, 0xf7, 0x9e, 0xf7, 0x9e, 0xf7, 0x9e, 0xf7, 0x9e, 0xf7,
        0x9e, 0xf7, 0x9e, 0xf7, 0x9e, 0xf7, 0x9e, 0xf7, 0x9e, 0xf7, 0x9e, 0xf7,
        0x9e, 0xf7, 0x9e, 0xf7, 0x9e, 0xf7, 0x9e, 0xf7, 0x9e, 0xf7, 0x9e, 0xf7,
        0x9e, 0xf7, 0x9e, 0xf7, 0x9e, 0xf7, 0x9e, 0xf7, 0x9e, 0xf7, 0x9e, 0xf7,
        0x9e, 0xf7, 0x9e, 0xf7, 0x9e, 0xf7, 0x9e, 0xf7, 0x9e, 0xf7, 0x9e, 0xf7,
        0x9e, 0xf7, 0x9e, 0xf7, 0x9e, 0xf7, 0x9e, 0xf7, 0x9e, 0xf7, 0x9e, 0xf7,
        0x9e, 0xf7, 0x9e, 0xf7, 0x9e, 0xf7, 0x9e, 0xf7, 0x9e, 0xf7, 0x9e, 0xf7,
        0x9e, 0xf7, 0x9e, 0xf7, 0x9e, 0xf7, 0x9e, 0xf7, 0x9e, 0xf7, 0x9e, 0xf7,
        0x9e, 0xf7, 0x9e, 0xf7, 0x9e, 0xf7, 0x9e, 0xf7, 0x9e, 0xf7, 0x9e, 0xf7,
        0x9e, 0xf7, 0x9e, 0xf7, 0x9e, 0xf7, 0x9e, 0xf7, 0x9e, 0xf7, 0x9e, 0xf7,
        0x9e, 0xf7, 0x9e, 0xf7, 0x9e, 0xf7, 0x9e, 0xf7, 0x9e, 0xf7, 0x9e, 0xf7,
        0x9e, 0xf7, 0x9e, 0xf7, 0x9e, 0xf7, 0x9e, 0xf7, 0x9e, 0xf7, 0x9e, 0xf7,
        0x9e, 0xf7, 0x9e, 0xf7, 0x9e, 0xf7, 0x9e, 0xf7, 0x9e, 0xf7, 0x9e, 0xf7,
        0x9e, 0xf7, 0x9e, 0xf7, 0x9e, 0xf7, 0x9e, 0xf7, 0x9e, 0xf7, 0x9e, 0xf7,
        0x9e, 0xf7, 0x9e, 0xf7, 0x9e, 0xf7, 0x9e, 0xf7, 0x9e, 0xf7, 0x9e, 0xf7,
        0x9e, 0xf7, 0x9e, 0xf7, 0x9e, 0xf7, 0x9e, 0xf7, 0x9e, 0xf7, 0x9e, 0xf7,
        0x9e, 0xf7, 0x9e, 0xf7, 0x9e, 0xf7, 0x9e, 0xf7, 0x9e, 0xf7, 0x9e, 0xf7,
        0x9e, 0xf7, 0x9e, 0xf7, 0x9e, 0xf7, 0x9e, 0xf7, 0x9e, 0xf7, 0x9e, 0xf7,
        0x9e, 0xf7, 0x9e, 0xf7, 0x9e, 0xf7, 0x9e, 0xf7, 0x9e, 0xf7, 0x9e, 0xf7,
        0x9e, 0xf7, 0x9e, 0xf7, 0x9e, 0xf7, 0x9e, 0xf7, 0x9e, 0xf7, 0x9e, 0xf7,
        0x9e, 0xf7, 0x9e, 0xf7, 0x9e, 0xf7, 0x9e, 0xf7, 0x9e, 0xf7, 0x9e, 0xf7,
        0x9e, 0xf7, 0x9e, 0xf7, 0x9e, 0xf7, 0x9e, 0xf7, 0x9e, 0xf7, 0x9e, 0xf7,
        0x9e, 0xf7, 0x9e, 0xf7, 0x9e, 0xf7, 0x9e, 0xf7, 0x9e, 0xf7, 0x9e, 0xf7,
        0x9e, 0xf7, 0x9e, 0xf7, 0x9e, 0xf7, 0x9e, 0xf7, 0x9e, 0xf7, 0x9e, 0xf7,
        0x9e, 0xf7, 0x9e, 0xf7, 0x9e, 0xf7, 0x9e, 0xf7, 0x9e, 0xf7, 0x9e, 0xf7,
        0x9e, 0xf7, 0x9e, 0xf7, 0x9e, 0xf7, 0x9e, 0xf7, 0x9e, 0xf7, 0x9e, 0xf7,
        0x9e, 0xf7, 0x9e, 0xf7, 0x9e, 0xf7, 0x9e, 0xf7, 0x9e, 0xf7, 0x9e, 0xf7,
        0x9e, 0xf7, 0x9e, 0xf7, 0x9e, 0xf7, 0x9e, 0xf7, 0x9e, 0xf7, 0x9e, 0xf7,
        0x9e, 0xf7, 0x9e, 0xf7, 0x9e, 0xf7, 0x9e, 0xf7, 0x9e, 0xf7, 0x9e, 0xf7,
        0x9e, 0xf7, 0x9e, 0xf7, 0x9e, 0xf7, 0x9e, 0xf7, 0x9e, 0xf7, 0x9e, 0xf7,
        0x9e, 0xf7, 0x9e, 0xf7, 0x9e, 0xf7, 0x9e, 0xf7, 0x9e, 0xf7, 0x9e, 0xf7,
        0x9e, 0xf7, 0x9e, 0xf7, 0x9e, 0xf7, 0x9e, 0xf7, 0x9e, 0xf7, 0x9e, 0xf7,
        0x9e, 0xf7, 0x9e, 0xf7, 0x9e, 0xf7, 0x9e, 0xf7, 0x9e, 0xf7, 0x9e, 0xf7,
        0x9e, 0xf7, 0x9e, 0xf7, 0x9e, 0xf7, 0x9e, 0xf7, 0x9e, 0xf7, 0x9e, 0xf7,
        0x9e, 0xf7, 0x9e, 0xf7, 0x9e, 0xf7, 0x9e, 0xf7, 0x9e, 0xf7, 0x9e, 0xf7,
        0x9e, 0xf7, 0x9e, 0xf7, 0x9e, 0xf7, 0x9e, 0xf7, 0x9e, 0xf7, 0x9e, 0xf7,
        0x9e, 0xf7, 0x9e, 0xf7, 0x9e, 0xf7, 0x9e, 0xf7, 0x9e, 0xf7, 0x9e, 0xf7,
        0x9e, 0xf7, 0x9e, 0xf7, 0x9e, 0xf7, 0x9e, 0xf7, 0x9e, 0xf7, 0x9e, 0xf7,
        0x9e, 0xf7, 0x9e, 0xf7, 0x9e, 0xf7, 0x9e, 0xf7, 0x9e, 0xf7, 0x9e, 0xf7,
        0x9e, 0xf7, 0x9e, 0xf7, 0x9e, 0xf7, 0x9e, 0xf7, 0x9e, 0xf7, 0x9e, 0xf7,
        0x9e, 0xf7, 0x9e, 0xf7, 0x9e, 0xf7, 0x9e, 0xf7, 0x9e, 0xf7, 0x9e, 0xf7,
        0x9e, 0xf7, 0x9e, 0xf7, 0x9e, 0xf7, 0x9e, 0xf7, 0x9e, 0xf7, 0x9e, 0xf7,
        0x9e, 0xf7, 0x9e, 0xf7, 0x9e, 0xf7, 0x9e, 0xf7, 0x9e, 0xf7, 0x9e, 0xf7,
        0x9e, 0xf7, 0x9e, 0xf7, 0x9e, 0xf7, 0x9e, 0xf7, 0x9e, 0xf7, 0x9e, 0xf7,
        0x9e, 0xf7, 0x9e, 0xf7, 0x9e, 0xf7, 0x9e, 0xf7, 0x9e, 0xf7, 0x9e, 0xf7,
        0x9e, 0xf7, 0x9e, 0xf7, 0x9e, 0xf7, 0x9e, 0xf7, 0x9e, 0xf7, 0x9e, 0xf7,
        0x9e, 0xf7, 0x9e, 0xf7, 0x9e, 0xf7, 0x9e, 0xf7, 0x9e, 0xf7, 0x9e, 0xf7,
        0x9e, 0xf7, 0x9e, 0xf7, 0x9e, 0xf7, 0x9e, 0xf7, 0x9e, 0xf7, 0x9e, 0xf7,
        0x9e, 0xf7, 0x9e, 0xf7, 0x9e, 0xf7, 0x9e, 0xf7, 0x9e, 0xf7, 0x9e, 0xf7,
        0x9e, 0xf7, 0x9e, 0xf7, 0x9e, 0xf7, 0x9e, 0xf7, 0x9e, 0xf7, 0x9e, 0xf7,
        0x9e, 0xf7, 0x9e, 0xf7, 0x9e, 0xf7, 0x9e, 0xf7, 0x9e, 0xf7, 0x9e, 0xf7,
        0x9e, 0xf7, 0x9e, 0xf7, 0x9e, 0xf7, 0x9e, 0xf7, 0x9e, 0xf7, 0x9e, 0xf7,
        0x9e, 0xf7, 0x9e, 0xf7, 0x9e, 0xf7, 0x9e, 0xf7, 0x9e, 0xf7, 0x9e, 0xf7,
        0x9e, 0xf7, 0x9e, 0xf7, 0x9e, 0xf7, 0x9e, 0xf7, 0x9e, 0xf7, 0x9e, 0xf7,
        0x9e, 0xf7, 0x9e, 0xf7, 0x9e, 0xf7, 0x9e, 0xf7, 0x9e, 0xf7, 0x9e, 0xf7,
        0x9e, 0xf7, 0x9e, 0xf7, 0x9e, 0xf7, 0x9e, 0xf7, 0x9e, 0xf7, 0x9e, 0xf7,
        0x9e, 0xf7, 0x9e, 0xf7, 0x9e, 0xf7, 0x9e, 0xf7, 0x9e, 0xf7, 0x9e, 0xf7,
        0x9e, 0xf7, 0x9e, 0xf7, 0x9e, 0xf7, 0x9e, 0xf7, 0x9e, 0xf7, 0x9e, 0xf7,
        0x9e, 0xf7, 0x9e, 0xf7, 0x9e, 0xf7, 0x9e, 0xf7, 0x9e, 0xf7, 0x9e, 0xf7,
        0x9e, 0xf7, 0x9e, 0xf7, 0x9e, 0xf7, 0x9e, 0xf7, 0x9e, 0xf7, 0x9e, 0xf7,
        0x9e, 0xf7, 0x9e, 0xf7, 0x9e, 0xf7, 0x9e, 0xf7, 0x9e, 0xf7, 0x9e, 0xf7,
        0x9e, 0xf7, 0x9e, 0xf7, 0x9e, 0xf7, 0x9e, 0xf7, 0x9e, 0xf7, 0x9e, 0xf7,
        0x9e, 0xf7, 0x9e, 0xf7, 0x9e, 0xf7, 0x9e, 0xf7, 0x9e, 0xf7, 0x9e, 0xf7,
        0x9e, 0xf7, 0x9e, 0xf7, 0x9e, 0xf7, 0x9e, 0xf7, 0x9e, 0xf7, 0x9e, 0xf7,
        0x9e, 0xf7, 0x9e, 0xf7, 0x9e, 0xf7, 0x9e, 0xf7, 0x9e, 0xf7, 0x9e, 0xf7,
        0x9e, 0xf7, 0x9e, 0xf7, 0x9e, 0xf7, 0x9e, 0xf7, 0x9e, 0xf7, 0x9e, 0xf7,
        0x9e, 0xf7, 0x9e, 0xf7, 0x9e, 0xf7, 0x9e, 0xf7, 0x9e, 0xf7, 0x9e, 0xf7,
        0x9e, 0xf7, 0x9e, 0xf7, 0x9e, 0xf7, 0x9e, 0xf7, 0x9e, 0xf7, 0x9e, 0xf7,
        0x9e, 0xf7, 0x9e, 0xf7, 0x9e, 0xf7, 0x9e, 0xf7, 0x9e, 0xf7, 0x9e, 0xf7,
        0x9e, 0xf7, 0x9e, 0xf7, 0x9e, 0xf7, 0x9e, 0xf7, 0x9e, 0xf7, 0x9e, 0xf7,
        0x9e, 0xf7, 0x9e, 0xf7, 0x9e, 0xf7, 0x9e, 0xf7, 0x9e, 0xf7, 0x9e, 0xf7,
        0x9e, 0xf7, 0x9e, 0xf7, 0x9e, 0xf7, 0x9e, 0xf7, 0x9e, 0xf7, 0x9e, 0xf7,
        0x9e, 0xf7, 0x9e, 0xf7, 0x9e, 0xf7, 0x9e, 0xf7, 0x9e, 0xf7, 0x9e, 0xf7,
        0x9e, 0xf7, 0x9e, 0xf7, 0x9e, 0xf7, 0x9e, 0xf7, 0x9e, 0xf7, 0x9e, 0xf7,
        0x9e, 0xf7, 0x9e, 0xf7, 0x9e, 0xf7, 0x9e, 0xf7, 0x9e, 0xf7, 0x9e, 0xf7,
        0x9e, 0xf7, 0x9e, 0xf7, 0x9e, 0xf7, 0x9e, 0xf7, 0x9e, 0xf7, 0x9e, 0xf7,
        0x9e, 0xf7, 0x9e, 0xf7, 0x9e, 0xf7, 0x9e, 0xf7, 0x9e, 0xf7, 0x9e, 0xf7,
        0x9e, 0xf7, 0x9e, 0xf7, 0x9e, 0xf7, 0x9e, 0xf7, 0x9e, 0xf7, 0x9e, 0xf7,
        0x9e, 0xf7, 0x9e, 0xf7, 0x9e, 0xf7, 0x9e, 0xf7, 0x9e, 0xf7, 0x9e, 0xf7,
        0x9e, 0xf7, 0x9e, 0xf7, 0x9e, 0xf7, 0x9e, 0xf7, 0x9e, 0xf7, 0x9e, 0xf7,
        0x9e, 0xf7, 0x9e, 0xf7, 0x9e, 0xf7, 0x9e, 0xf7, 0x9e, 0xf7, 0x9e, 0xf7,
        0x9e, 0xf7, 0x9e, 0xf7, 0x9e, 0xf7, 0x9e, 0xf7, 0x9e, 0xf7, 0x9e, 0xf7,
        0x9e, 0xf7, 0x9e, 0xf7, 0x9e, 0xf7, 0x9e, 0xf7, 0x9e, 0xf7, 0x9e, 0xf7,
        0x9e, 0xf7, 0x9e, 0xf7, 0x9e, 0xf7, 0x9e, 0xf7, 0x9e, 0xf7, 0x9e, 0xf7,
        0x9e, 0xf7, 0x9e, 0xf7, 0x9e, 0xf7, 0x9e, 0xf7, 0x9e, 0xf7, 0x9e, 0xf7,
        0x9e, 0xf7, 0x9e, 0xf7, 0x9e, 0xf7, 0x9e, 0xf7, 0x9e, 0xf7, 0x9e, 0xf7,
        0x9e, 0xf7, 0x9e, 0xf7, 0x9e, 0xf7, 0x9e, 0xf7, 0x9e, 0xf7, 0x9e, 0xf7,
        0x9e, 0xf7, 0x9e, 0xf7, 0x9e, 0xf7, 0x9e, 0xf7, 0x9e, 0xf7, 0x9e, 0xf7,
        0x9e, 0xf7, 0x9e, 0xf7, 0x9e, 0xf7, 0x9e, 0xf7, 0x9e, 0xf7, 0x9e, 0xf7,
        0x9e, 0xf7, 0x9e, 0xf7, 0x9e, 0xf7, 0x9e, 0xf7, 0x9e, 0xf7, 0x9e, 0xf7,
        0x9e, 0xf7, 0x9e, 0xf7, 0x9e, 0xf7, 0x9e, 0xf7, 0x9e, 0xf7, 0x9e, 0xf7,
        0x9e, 0xf7, 0x9e, 0xf7, 0x9e, 0xf7, 0x9e, 0xf7, 0x9e, 0xf7, 0x9e, 0xf7,
        0x9e, 0xf7, 0x9e, 0xf7, 0x9e, 0xf7, 0x9e, 0xf7, 0x9e, 0xf7, 0x9e, 0xf7,
        0x9e, 0xf7, 0x9e, 0xf7, 0x9e, 0xf7, 0x9e, 0xf7, 0x9e, 0xf7, 0x9e, 0xf7,
        0x9e, 0xf7, 0x9e, 0xf7, 0x9e, 0xf7, 0x9e, 0xf7, 0x9e, 0xf7, 0x9e, 0xf7,
        0x9e, 0xf7, 0x9e, 0xf7, 0x9e, 0xf7, 0x9e, 0xf7, 0x9e, 0xf7, 0x9e, 0xf7,
        0x9e, 0xf7, 0x9e, 0xf7, 0x9e, 0xf7, 0x9e, 0xf7, 0x9e, 0xf7, 0x9e, 0xf7,
        0x9e, 0xf7, 0x9e, 0xf7, 0x9e, 0xf7, 0x9e, 0xf7, 0x9e, 0xf7, 0x9e, 0xf7,
        0x9e, 0xf7, 0x9e, 0xf7, 0x9e, 0xf7, 0x9e, 0xf7, 0x9e, 0xf7, 0x9e, 0xf7,
        0x9e, 0xf7, 0x9e, 0xf7, 0x9e, 0xf7, 0x9e, 0xf7, 0x9e, 0xf7, 0x9e, 0xf7,
        0x9e, 0xf7, 0x9e, 0xf7, 0x9e, 0xf7, 0x9e, 0xf7, 0x9e, 0xf7, 0x9e, 0xf7,
        0x9e, 0xf7, 0x9e, 0xf7, 0x9e, 0xf7, 0x9e, 0xf7, 0x9e, 0xf7, 0x9e, 0xf7,
        0x9e, 0xf7, 0x9e, 0xf7, 0x9e, 0xf7, 0x9e, 0xf7, 0x9e, 0xf7, 0x9e, 0xf7,
        0x9e, 0xf7, 0x9e, 0xf7, 0x9e, 0xf7, 0x9e, 0xf7, 0x9e, 0xf7, 0x9e, 0xf7,
        0x9e, 0xf7, 0x9e, 0xf7, 0x9e, 0xf7, 0x9e, 0xf7, 0x9e, 0xf7, 0x9e, 0xf7,
        0x9e, 0xf7, 0x9e, 0xf7, 0x9e, 0xf7, 0x9e, 0xf7, 0x9e, 0xf7, 0x9e, 0xf7,
        0x9e, 0xf7, 0x9e, 0xf7, 0x9e, 0xf7, 0x9e, 0xf7, 0x9e, 0xf7, 0x9e, 0xf7,
        0x9e, 0xf7, 0x9e, 0xf7, 0x9e, 0xf7, 0x9e, 0xf7, 0x9e, 0xf7, 0x9e, 0xf7,
        0x9e, 0xf7, 0x9e, 0xf7, 0x9e, 0xf7, 0x9e, 0xf7, 0x9e, 0xf7, 0x9e, 0xf7,
        0x9e, 0xf7, 0x9e, 0xf7, 0x9e, 0xf7, 0x9e, 0xf7, 0x9e, 0xf7, 0x9e, 0xf7,
        0x9e, 0xf7, 0x9e, 0xf7, 0x9e, 0xf7, 0x9e, 0xf7, 0x9e, 0xf7, 0x9e, 0xf7,
        0x9e, 0xf7, 0x9e, 0xf7, 0x9e, 0xf7, 0x9e, 0xf7, 0x9e, 0xf7, 0x9e, 0xf7,
        0x9e, 0xf7, 0x9e, 0xf7, 0x9e, 0xf7, 0x9e, 0xf7, 0x9e, 0xf7, 0x9e, 0xf7,
        0x9e, 0xf7, 0x9e, 0xf7, 0x9e, 0xf7, 0x9e, 0xf7, 0x9e, 0xf7, 0x9e, 0xf7,
        0x9e, 0xf7, 0x9e, 0xf7, 0x9e, 0xf7, 0x9e, 0xf7, 0x9e, 0xf7, 0x9e, 0xf7,
        0x9e, 0xf7, 0x9e, 0xf7, 0x9e, 0xf7, 0x9e, 0xf7, 0x9e, 0xf7, 0x9e, 0xf7,
        0x9e, 0xf7, 0x9e, 0xf7, 0x9e, 0xf7, 0x9e, 0xf7, 0x9e, 0xf7, 0x9e, 0xf7,
        0x9e, 0xf7, 0x9e, 0xf7, 0x9e, 0xf7, 0x9e, 0xf7, 0x9e, 0xf7, 0x9e, 0xf7,
        0x9e, 0xf7, 0x9e, 0xf7, 0x9e, 0xf7, 0x9e, 0xf7, 0x9e, 0xf7, 0x9e, 0xf7,
        0x9e, 0xf7, 0x9e, 0xf7, 0x9e, 0xf7, 0x9e, 0xf7, 0x9e, 0xf7, 0x9e, 0xf7,
        0x9e, 0xf7, 0x9e, 0xf7, 0x9e, 0xf7, 0x9e, 0xf7, 0x9e, 0xf7, 0x9e, 0xf7,
        0x9e, 0xf7, 0x9e, 0xf7, 0x9e, 0xf7, 0x9e, 0xf7, 0x9e, 0xf7, 0x9e, 0xf7,
        0x9e, 0xf7, 0x9e, 0xf7, 0x9e, 0xf7, 0x9e, 0xf7, 0x9e, 0xf7, 0x9e, 0xf7,
        0x9e, 0xf7, 0x9e, 0xf7, 0x9e, 0xf7, 0x9e, 0xf7, 0x9e, 0xf7, 0x9e, 0xf7,
        0x9e, 0xf7, 0x9e, 0xf7, 0x9e, 0xf7, 0x9e, 0xf7, 0x9e, 0xf7, 0x9e, 0xf7,
        0x9e, 0xf7, 0x9e, 0xf7, 0x9e, 0xf7, 0x9e, 0xf7, 0x9e, 0xf7, 0x9e, 0xf7,
        0x9e, 0xf7, 0x9e, 0xf7, 0x9e, 0xf7, 0x9e, 0xf7, 0x9e, 0xf7, 0x9e, 0xf7,
        0x9e, 0xf7, 0x9e, 0xf7, 0x9e, 0xf7, 0x9e, 0xf7, 0x9e, 0xf7, 0x9e, 0xf7,
        0x9e, 0xf7, 0x9e, 0xf7, 0x9e, 0xf7, 0x9e, 0xf7, 0x9e, 0xf7, 0x9e, 0xf7,
        0x9e, 0xf7, 0x9e, 0xf7, 0x9e, 0xf7, 0x9e, 0xf7, 0x9e, 0xf7, 0x9e, 0xf7,
        0x9e, 0xf7, 0x9e, 0xf7, 0x9e, 0xf7, 0x9e, 0xf7, 0x9e, 0xf7, 0x9e, 0xf7,
        0x9e, 0xf7, 0x9e, 0xf7, 0x9e, 0xf7, 0x9e, 0xf7, 0x9e, 0xf7, 0x9e, 0xf7,
        0x9e, 0xf7, 0x9e, 0xf7, 0x9e, 0xf7, 0x9e, 0xf7, 0x9e, 0xf7, 0x9e, 0xf7,
        0x9e, 0xf7, 0x9e, 0xf7, 0x9e, 0xf7, 0x9e, 0xf7, 0x9e, 0xf7, 0x9e, 0xf7,
        0x9e, 0xf7, 0x9e, 0xf7, 0x9e, 0xf7, 0x9e, 0xf7, 0x9e, 0xf7, 0x9e, 0xf7,
        0x9e, 0xf7, 0x9e, 0xf7, 0x9e, 0xf7, 0x9e, 0xf7, 0x9e, 0xf7, 0x9e, 0xf7,
        0x9e, 0xf7, 0x9e, 0xf7, 0x9e, 0xf7, 0x9e, 0xf7, 0x9e, 0xf7, 0x9e, 0xf7,
        0x9e, 0xf7, 0x9e, 0xf7, 0x9e, 0xf7, 0x9e, 0xf7, 0x9e, 0xf7, 0x9e, 0xf7,
        0x9e, 0xf7, 0x9e, 0xf7, 0x9e, 0xf7, 0x9e, 0xf7, 0x9e, 0xf7, 0x9e, 0xf7,
        0x9e, 0xf7, 0x9e, 0xf7, 0x9e, 0xf7, 0x9e, 0xf7, 0x9e, 0xf7, 0x9e, 0xf7,
        0x9e, 0xf7, 0x9e, 0xf7, 0x9e, 0xf7, 0x9e, 0xf7, 0x9e, 0xf7, 0x9e, 0xf7,
        0x9e, 0xf7, 0x9e, 0xf7, 0x9e, 0xf7, 0x9e, 0xf7, 0x9e, 0xf7, 0x9e, 0xf7,
        0x9e, 0xf7, 0x9e, 0xf7, 0x9e, 0xf7, 0x9e, 0xf7, 0x9e, 0xf7, 0x9e, 0xf7,
        0x9e, 0xf7, 0x9e, 0xf7, 0x9e, 0xf7, 0x9e, 0xf7, 0x9e, 0xf7, 0x9e, 0xf7,
        0x9e, 0xf7, 0x9e, 0xf7, 0x9e, 0xf7, 0x9e, 0xf7, 0x9e, 0xf7, 0x9e, 0xf7,
        0x9e, 0xf7, 0x9e, 0xf7, 0x9e, 0xf7, 0x9e, 0xf7, 0x9e, 0xf7, 0x9e, 0xf7,
        0x9e, 0xf7, 0x9e, 0xf7, 0x9e, 0xf7, 0x9e, 0xf7, 0x9e, 0xf7, 0x9e, 0xf7,
        0x9e, 0xf7, 0x9e, 0xf7, 0x9e, 0xf7, 0x9e, 0xf7, 0x9e, 0xf7, 0x9e, 0xf7,
        0x9e, 0xf7, 0x9e, 0xf7, 0x9e, 0xf7, 0x9e, 0xf7, 0x9e, 0xf7, 0x9e, 0xf7,
        0x9e, 0xf7, 0x9e, 0xf7, 0x9e, 0xf7, 0x9e, 0xf7, 0x9e, 0xf7, 0x9e, 0xf7,
        0x9e, 0xf7, 0x9e, 0xf7, 0x9e, 0xf7, 0x9e, 0xf7, 0x9e, 0xf7, 0x9e, 0xf7,
        0x9e, 0xf7, 0x9e, 0xf7, 0x9e, 0xf7, 0x9e, 0xf7, 0x9e, 0xf7, 0x9e, 0xf7,
        0x9e, 0xf7, 0x9e, 0xf7, 0x9e, 0xf7, 0x9e, 0xf7, 0x9e, 0xf7, 0x9e, 0xf7,
        0x9e, 0xf7, 0x9e, 0xf7, 0x9e, 0xf7, 0x9e, 0xf7, 0x9e, 0xf7, 0x9e, 0xf7,
        0x9e, 0xf7, 0x9e, 0xf7, 0x9e, 0xf7, 0x9e, 0xf7, 0x9e, 0xf7, 0x9e, 0xf7,
        0x9e, 0xf7, 0x9e, 0xf7, 0x9e, 0xf7, 0x9e, 0xf7, 0x9e, 0xf7, 0x9e, 0xf7,
        0x9e, 0xf7, 0x9e, 0xf7, 0x9e, 0xf7, 0x9e, 0xf7, 0x9e, 0xf7, 0x9e, 0xf7,
        0x9e, 0xf7, 0x9e, 0xf7, 0x9e, 0xf7, 0x9e, 0xf7, 0x9e, 0xf7, 0x9e, 0xf7,
        0x9e, 0xf7, 0x9e, 0xf7, 0x9e, 0xf7, 0x9e, 0xf7, 0x9e, 0xf7, 0x9e, 0xf7,
        0x9e, 0xf7, 0x9e, 0xf7, 0x9e, 0xf7, 0x9e, 0xf7, 0x9e, 0xf7, 0x9e, 0xf7,
        0x9e, 0xf7, 0x9e, 0xf7, 0x9e, 0xf7, 0x9e, 0xf7, 0x9e, 0xf7, 0x9e, 0xf7,
        0x9e, 0xf7, 0x9e, 0xf7, 0x9e, 0xf7, 0x9e, 0xf7, 0x9e, 0xf7, 0x9e, 0xf7,
        0x9e, 0xf7, 0x9e, 0xf7, 0x9e, 0xf7, 0x9e, 0xf7, 0x9e, 0xf7, 0x9e, 0xf7,
        0x9e, 0xf7, 0x9e, 0xf7, 0x9e, 0xf7, 0x9e, 0xf7, 0x9e, 0xf7, 0x9e, 0xf7,
        0x9e, 0xf7, 0x9e, 0xf7, 0x9e, 0xf7, 0x9e, 0xf7, 0x9e, 0xf7, 0x9e, 0xf7,
        0x9e, 0xf7, 0x9e, 0xf7, 0x9e, 0xf7, 0x9e, 0xf7, 0x9e, 0xf7, 0x9e, 0xf7,
        0x9e, 0xf7, 0x9e, 0xf7, 0x9e, 0xf7, 0x9e, 0xf7, 0x9e, 0xf7, 0x9e, 0xf7,
        0x9e, 0xf7, 0x9e, 0xf7, 0x9e, 0xf7, 0x9e, 0xf7, 0x9e, 0xf7, 0x9e, 0xf7,
        0x9e, 0xf7, 0x9e, 0xf7, 0x9e, 0xf7, 0x9e, 0xf7, 0x9e, 0xf7, 0x9e, 0xf7,
        0x9e, 0xf7, 0x9e, 0xf7, 0x9e, 0xf7, 0x9e, 0xf7, 0x9e, 0xf7, 0x9e, 0xf7,
        0x9e, 0xf7, 0x9e, 0xf7, 0x9e, 0xf7, 0x9e, 0xf7, 0x9e, 0xf7, 0x9e, 0xf7,
        0x9e, 0xf7, 0x9e, 0xf7, 0x9e, 0xf7, 0x9e, 0xf7, 0x9e, 0xf7, 0x9e, 0xf7,
        0x9e, 0xf7, 0x9e, 0xf7, 0x9e, 0xf7, 0x9e, 0xf7, 0x9e, 0xf7, 0x9e, 0xf7,
        0x9e, 0xf7, 0x9e, 0xf7, 0x9e, 0xf7, 0x9e, 0xf7, 0x9e, 0xf7, 0x9e, 0xf7,
        0x9e, 0xf7, 0x9e, 0xf7, 0x9e, 0xf7, 0x9e, 0xf7, 0x9e, 0xf7, 0x9e, 0xf7,
        0x9e, 0xf7, 0x9e, 0xf7, 0x9e, 0xf7, 0x9e, 0xf7, 0x9e, 0xf7, 0x9e, 0xf7,
        0x9e, 0xf7, 0x9e, 0xf7, 0x9e, 0xf7, 0x9e, 0xf7, 0x9e, 0xf7, 0x9e, 0xf7,
        0x9e, 0xf7, 0x9e, 0xf7, 0x9e, 0xf7, 0x9e, 0xf7, 0x9e, 0xf7, 0x9e, 0xf7,
        0x9e, 0xf7, 0x9e, 0xf7, 0x9e, 0xf7, 0x9e, 0xf7, 0x9e, 0xf7, 0x9e, 0xf7,
        0x9e, 0xf7, 0x9e, 0xf7, 0x9e, 0xf7, 0x9e, 0xf7, 0x9e, 0xf7, 0x9e, 0xf7,
        0x9e, 0xf7, 0x9e, 0xf7, 0x9e, 0xf7, 0x9e, 0xf7, 0x9e, 0xf7, 0x9e, 0xf7,
        0x9e, 0xf7, 0x9e, 0xf7, 0x9e, 0xf7, 0x9e, 0xf7, 0x9e, 0xf7, 0x9e, 0xf7,
        0x9e, 0xf7, 0x9e, 0xf7, 0x9e, 0xf7, 0x9e, 0xf7, 0x9e, 0xf7, 0x9e, 0xf7,
        0x9e, 0xf7, 0x9e, 0xf7, 0x9e, 0xf7, 0x9e, 0xf7, 0x9e, 0xf7, 0x9e, 0xf7,
        0x9e, 0xf7, 0x9e, 0xf7, 0x9e, 0xf7, 0x9e, 0xf7, 0x9e, 0xf7, 0x9e, 0xf7,
        0x9e, 0xf7, 0x9e, 0xf7, 0x9e, 0xf7, 0x9e, 0xf7, 0x9e, 0xf7, 0x9e, 0xf7,
        0x9e, 0xf7, 0x9e, 0xf7, 0x9e, 0xf7, 0x9e, 0xf7, 0x9e, 0xf7, 0x9e, 0xf7,
        0x9e, 0xf7, 0x9e, 0xf7, 0x9e, 0xf7, 0x9e, 0xf7, 0x9e, 0xf7, 0x9e, 0xf7,
        0x9e, 0xf7, 0x9e, 0xf7, 0x9e, 0xf7, 0x9e, 0xf7, 0x9e, 0xf7, 0x9e, 0xf7,
        0x9e, 0xf7, 0x9e, 0xf7, 0x9e, 0xf7, 0x9e, 0xf7, 0x9e, 0xf7, 0x9e, 0xf7,
        0x9e, 0xf7, 0x9e, 0xf7, 0x9e, 0xf7, 0x9e, 0xf7, 0x9e, 0xf7, 0x9e, 0xf7,
        0x9e, 0xf7, 0x9e, 0xf7, 0x9e, 0xf7, 0x9e, 0xf7, 0x9e, 0xf7, 0x9e, 0xf7,
        0x9e, 0xf7, 0x9e, 0xf7, 0x9e, 0xf7, 0x9e, 0xf7, 0x9e, 0xf7, 0x9e, 0xf7,
        0x9e, 0xf7, 0x9e, 0xf7, 0x9e, 0xf7, 0x9e, 0xf7, 0x9e, 0xf7, 0x9e, 0xf7,
        0x9e, 0xf7, 0x9e, 0xf7, 0x9e, 0xf7, 0x9e, 0xf7, 0x9e, 0xf7, 0x9e, 0xf7,
        0x9e, 0xf7, 0x9e, 0xf7, 0x9e, 0xf7, 0x9e, 0xf7, 0x9e, 0xf7, 0x9e, 0xf7,
        0x9e, 0xf7, 0x9e, 0xf7, 0x9e, 0xf7, 0x9e, 0xf7, 0x9e, 0xf7, 0x9e, 0xf7,
        0x9e, 0xf7, 0x9e, 0xf7, 0x9e, 0xf7, 0x9e, 0xf7, 0x9e, 0xf7, 0x9e, 0xf7,
        0x9e, 0xf7, 0x9e, 0xf7, 0x9e, 0xf7, 0x9e, 0xf7, 0x9e, 0xf7, 0x9e, 0xf7,
        0x9e, 0xf7, 0x9e, 0xf7, 0x9e, 0xf7, 0x9e, 0xf7, 0x9e, 0xf7, 0x9e, 0xf7,
        0x9e, 0xf7, 0x9e, 0xf7, 0x9e, 0xf7, 0x9e, 0xf7, 0x9e, 0xf7, 0x9e, 0xf7,
        0x9e, 0xf7, 0x9e, 0xf7, 0x9e, 0xf7, 0x9e, 0xf7, 0x9e, 0xf7, 0x9e, 0xf7,
        0x9e, 0xf7, 0x9e, 0xf7, 0x9e, 0xf7, 0x9e, 0xf7, 0x9e, 0xf7, 0x9e, 0xf7,
        0x9e, 0xf7, 0x9e, 0xf7, 0x9e, 0xf7, 0x9e, 0xf7, 0x9e, 0xf7, 0x9e, 0xf7,
        0x9e, 0xf7, 0x9e, 0xf7, 0x9e, 0xf7, 0x9e, 0xf7, 0x9e, 0xf7, 0x9e, 0xf7,
        0x9e, 0xf7, 0x9e, 0xf7, 0x9e, 0xf7, 0x9e, 0xf7, 0x9e, 0xf7, 0x9e, 0xf7,
        0x9e, 0xf7, 0x9e, 0xf7, 0x9e, 0xf7, 0x9e, 0xf7, 0x9e, 0xf7, 0x9e, 0xf7,
        0x9e, 0xf7, 0x9e, 0xf7, 0x9e, 0xf7, 0x9e, 0xf7, 0x9e, 0xf7, 0x9e, 0xf7,
        0x9e, 0xf7, 0x9e, 0xf7, 0x9e, 0xf7, 0x9e, 0xf7, 0x9e, 0xf7, 0x9e, 0xf7,
        0x9e, 0xf7, 0x9e, 0xf7, 0x9e, 0xf7, 0x9e, 0xf7, 0x9e, 0xf7, 0x9e, 0xf7,
        0x9e, 0xf7, 0x9e, 0xf7, 0x9e, 0xf7, 0x9e, 0xf7, 0x9e, 0xf7, 0x9e, 0xf7,
        0x9e, 0xf7, 0x9e, 0xf7, 0x9e, 0xf7, 0x9e, 0xf7, 0x9e, 0xf7, 0x9e, 0xf7,
        0x9e, 0xf7, 0x9e, 0xf7, 0x9e, 0xf7, 0x9e, 0xf7, 0x9e, 0xf7, 0x9e, 0xf7,
        0x9e, 0xf7, 0x9e, 0xf7, 0x9e, 0xf7, 0x9e, 0xf7, 0x9e, 0xf7, 0x9e, 0xf7,
        0x9e, 0xf7, 0x9e, 0xf7, 0x9e, 0xf7, 0x9e, 0xf7, 0x9e, 0xf7, 0x9e, 0xf7,
        0x9e, 0xf7, 0x9e, 0xf7, 0x9e, 0xf7, 0x9e, 0xf7, 0x9e, 0xf7, 0x9e, 0xf7,
        0x9e, 0xf7, 0x9e, 0xf7, 0x9e, 0xf7, 0x9e, 0xf7, 0x9e, 0xf7, 0x9e, 0xf7,
        0x9e, 0xf7, 0x9e, 0xf7, 0x9e, 0xf7, 0x9e, 0xf7, 0x9e, 0xf7, 0x9e, 0xf7,
        0x9e, 0xf7, 0x9e, 0xf7, 0x9e, 0xf7, 0x9e, 0xf7, 0x9e, 0xf7, 0x9e, 0xf7,
        0x9e, 0xf7, 0x9e, 0xf7, 0x9e, 0xf7, 0x9e, 0xf7, 0x9e, 0xf7, 0x9e, 0xf7,
        0x9e, 0xf7, 0x9e, 0xf7, 0x9e, 0xf7, 0x9e, 0xf7, 0x9e, 0xf7, 0x9e, 0xf7,
        0x9e, 0xf7, 0x9e, 0xf7, 0x9e, 0xf7, 0x9e, 0xf7, 0x9e, 0xf7, 0x9e, 0xf7,
        0x9e, 0xf7, 0x9e, 0xf7, 0x9e, 0xf7, 0x9e, 0xf7, 0x9e, 0xf7, 0x9e, 0xf7,
        0x9e, 0xf7, 0x9e, 0xf7, 0x9e, 0xf7, 0x9e, 0xf7, 0x9e, 0xf7, 0x9e, 0xf7,
        0x9e, 0xf7, 0x9e, 0xf7, 0x9e, 0xf7, 0x9e, 0xf7, 0x9e, 0xf7, 0x9e, 0xf7,
        0x9e, 0xf7, 0x9e, 0xf7, 0x9e, 0xf7, 0x9e, 0xf7, 0x9e, 0xf7, 0x9e, 0xf7,
        0x9e, 0xf7, 0x9e, 0xf7, 0x9e, 0xf7, 0x9e, 0xf7, 0x9e, 0xf7, 0x9e, 0xf7,
        0x9e, 0xf7, 0x9e, 0xf7, 0x9e, 0xf7, 0x9e, 0xf7, 0x9e, 0xf7, 0x9e, 0xf7,
        0x9e, 0xf7, 0x9e, 0xf7, 0x9e, 0xf7, 0x9e, 0xf7, 0x9e, 0xf7, 0x9e, 0xf7,
        0x9e, 0xf7, 0x9e, 0xf7, 0x9e, 0xf7, 0x9e, 0xf7, 0x9e, 0xf7, 0x9e, 0xf7,
        0x9e, 0xf7, 0x9e, 0xf7, 0x9e, 0xf7, 0x9e, 0xf7, 0x9e, 0xf7, 0x9e, 0xf7,
        0x9e, 0xf7, 0x9e, 0xf7, 0x9e, 0xf7, 0x9e, 0xf7, 0x9e, 0xf7, 0x9e, 0xf7,
        0x9e, 0xf7, 0x9e, 0xf7, 0x9e, 0xf7, 0x9e, 0xf7, 0x9e, 0xf7, 0x9e, 0xf7,
        0x9e, 0xf7, 0x9e, 0xf7, 0x9e, 0xf7, 0x9e, 0xf7, 0x9e, 0xf7, 0x9e, 0xf7,
        0x9e, 0xf7, 0x9e, 0xf7, 0x9e, 0xf7, 0x9e, 0xf7, 0x9e, 0xf7, 0x9e, 0xf7,
        0x9e, 0xf7, 0x9e, 0xf7, 0x9e, 0xf7, 0x9e, 0xf7, 0x9e, 0xf7, 0x9e, 0xf7,
        0x9e, 0xf7, 0x9e, 0xf7, 0x9e, 0xf7, 0x9e, 0xf7, 0x9e, 0xf7, 0x9e, 0xf7,
        0x9e, 0xf7, 0x9e, 0xf7, 0x9e, 0xf7, 0x9e, 0xf7, 0x9e, 0xf7, 0x9e, 0xf7,
        0x9e, 0xf7, 0x9e, 0xf7, 0x9e, 0xf7, 0x9e, 0xf7, 0x9e, 0xf7, 0x9e, 0xf7,
        0x9e, 0xf7, 0x9e, 0xf7, 0x9e, 0xf7, 0x9e, 0xf7, 0x9e, 0xf7, 0x9e, 0xf7,
        0x9e, 0xf7, 0x9e, 0xf7, 0x9e, 0xf7, 0x9e, 0xf7, 0x9e, 0xf7, 0x9e, 0xf7,
        0x9e, 0xf7, 0x9e, 0xf7, 0x9e, 0xf7, 0x9e, 0xf7, 0x9e, 0xf7, 0x9e, 0xf7,
        0x9e, 0xf7, 0x9e, 0xf7, 0x9e, 0xf7, 0x9e, 0xf7, 0x9e, 0xf7, 0x9e, 0xf7,
        0x9e, 0xf7, 0x9e, 0xf7, 0x9e, 0xf7, 0x9e, 0xf7, 0x9e, 0xf7, 0x9e, 0xf7,
        0x9e, 0xf7, 0x9e, 0xf7, 0x9e, 0xf7, 0x9e, 0xf7, 0x9e, 0xf7, 0x9e, 0xf7,
        0x9e, 0xf7, 0x9e, 0xf7, 0x9e, 0xf7, 0x9e, 0xf7, 0x9e, 0xf7, 0x9e, 0xf7,
        0x9e, 0xf7, 0x9e, 0xf7, 0x9e, 0xf7, 0x9e, 0xf7, 0x9e, 0xf7, 0x9e, 0xf7,
        0x9e, 0xf7, 0x9e, 0xf7, 0x9e, 0xf7, 0x9e, 0xf7, 0x9e, 0xf7, 0x9e, 0xf7,
        0x9e, 0xf7, 0x9e, 0xf7, 0x9e, 0xf7, 0x9e, 0xf7, 0x9e, 0xf7, 0x9e, 0xf7,
        0x9e, 0xf7, 0x9e, 0xf7, 0x9e, 0xf7, 0x9e, 0xf7, 0x9e, 0xf7, 0x9e, 0xf7,
        0x9e, 0xf7, 0x9e, 0xf7, 0x9e, 0xf7, 0x9e, 0xf7, 0x9e, 0xf7, 0x9e, 0xf7,
        0x9e, 0xf7, 0x9e, 0xf7, 0x9e, 0xf7, 0x9e, 0xf7, 0x9e, 0xf7, 0x9e, 0xf7,
        0x9e, 0xf7, 0x9e, 0xf7, 0x9e, 0xf7, 0x9e, 0xf7, 0x9e, 0xf7, 0x9e, 0xf7,
        0x9e, 0xf7, 0x9e, 0xf7, 0x9e, 0xf7, 0x9e, 0xf7, 0x9e, 0xf7, 0x9e, 0xf7,
        0x9e, 0xf7, 0x9e, 0xf7, 0x9e, 0xf7, 0x9e, 0xf7, 0x9e, 0xf7, 0x9e, 0xf7,
        0x9e, 0xf7, 0x9e, 0xf7, 0x9e, 0xf7, 0x9e, 0xf7, 0x9e, 0xf7, 0x9e, 0xf7,
        0x9e, 0xf7, 0x9e, 0xf7, 0x9e, 0xf7, 0x9e, 0xf7, 0x9e, 0xf7, 0x9e, 0xf7,
        0x9e, 0xf7, 0x9e, 0xf7, 0x9e, 0xf7, 0x9e, 0xf7, 0x9e, 0xf7, 0x9e, 0xf7,
        0x9e, 0xf7, 0x9e, 0xf7, 0x9e, 0xf7, 0x9e, 0xf7, 0x9e, 0xf7, 0x9e, 0xf7,
        0x9e, 0xf7, 0x9e, 0xf7, 0x9e, 0xf7, 0x9e, 0xf7, 0x9e, 0xf7, 0x9e, 0xf7,
        0x9e, 0xf7, 0x9e, 0xf7, 0x9e, 0xf7, 0x9e, 0xf7, 0x9e, 0xf7, 0x9e, 0xf7,
        0x9e, 0xf7, 0x9e, 0xf7, 0x9e, 0xf7, 0x9e, 0xf7, 0x9e, 0xf7, 0x9e, 0xf7,
        0x9e, 0xf7, 0x9e, 0xf7, 0x9e, 0xf7, 0x9e, 0xf7, 0x9e, 0xf7, 0x9e, 0xf7,
        0x9e, 0xf7, 0x9e, 0xf7, 0x9e, 0xf7, 0x9e, 0xf7, 0x9e, 0xf7, 0x9e, 0xf7,
        0x9e, 0xf7, 0x9e, 0xf7, 0x9e, 0xf7, 0x9e, 0xf7, 0x9e, 0xf7, 0x9e, 0xf7,
        0x9e, 0xf7, 0x9e, 0xf7, 0x9e, 0xf7, 0x9e, 0xf7, 0x9e, 0xf7, 0x9e, 0xf7,
        0x9e, 0xf7, 0x9e, 0xf7, 0x9e, 0xf7, 0x9e, 0xf7, 0x9e, 0xf7, 0x9e, 0xf7,
        0x9e, 0xf7, 0x9e, 0xf7, 0x9e, 0xf7, 0x9e, 0xf7, 0x9e, 0xf7, 0x9e, 0xf7,
        0x9e, 0xf7, 0x9e, 0xf7, 0x9e, 0xf7, 0x9e, 0xf7, 0x9e, 0xf7, 0x9e, 0xf7,
        0x9e, 0xf7, 0x9e, 0xf7, 0x9e, 0xf7, 0x9e, 0xf7, 0x9e, 0xf7, 0x9e, 0xf7,
        0x9e, 0xf7, 0x9e, 0xf7, 0x9e, 0xf7, 0x9e, 0xf7, 0x9e, 0xf7, 0x9e, 0xf7,
        0x9e, 0xf7, 0x9e, 0xf7, 0x9e, 0xf7, 0x9e, 0xf7, 0x9e, 0xf7, 0x9e, 0xf7,
        0x9e, 0xf7, 0x9e, 0xf7, 0x9e, 0xf7, 0x9e, 0xf7, 0x9e, 0xf7, 0x9e, 0xf7,
        0x9e, 0xf7, 0x9e, 0xf7, 0x9e, 0xf7, 0x9e, 0xf7, 0x9e, 0xf7, 0x9e, 0xf7,
        0x9e, 0xf7, 0x9e, 0xf7, 0x9e, 0xf7, 0x9e, 0xf7, 0x9e, 0xf7, 0x9e, 0xf7,
        0x9e, 0xf7, 0x9e, 0xf7, 0x9e, 0xf7, 0x9e, 0xf7, 0x9e, 0xf7, 0x9e, 0xf7,
        0x9e, 0xf7, 0x9e, 0xf7, 0x9e, 0xf7, 0x9e, 0xf7, 0x9e, 0xf7, 0x9e, 0xf7,
        0x9e, 0xf7, 0x9e, 0xf7, 0x9e, 0xf7, 0x9e, 0xf7, 0x9e, 0xf7, 0x9e, 0xf7,
        0x9e, 0xf7, 0x9e, 0xf7, 0x9e, 0xf7, 0x9e, 0xf7, 0x9e, 0xf7, 0x9e, 0xf7,
        0x9e, 0xf7, 0x9e, 0xf7, 0x9e, 0xf7, 0x9e, 0xf7, 0x9e, 0xf7, 0x9e, 0xf7,
        0x9e, 0xf7, 0x9e, 0xf7, 0x9e, 0xf7, 0x9e, 0xf7, 0x9e, 0xf7, 0x9e, 0xf7,
        0x9e, 0xf7, 0x9e, 0xf7, 0x9e, 0xf7, 0x9e, 0xf7, 0x9e, 0xf7, 0x9e, 0xf7,
        0x9e, 0xf7, 0x9e, 0xf7, 0x9e, 0xf7, 0x9e, 0xf7, 0x9e, 0xf7, 0x9e, 0xf7,
        0x9e, 0xf7, 0x9e, 0xf7, 0x9e, 0xf7, 0x9e, 0xf7, 0x9e, 0xf7, 0x9e, 0xf7,
        0x9e, 0xf7, 0x9e, 0xf7, 0x9e, 0xf7, 0x9e, 0xf7, 0x9e, 0xf7, 0x9e, 0xf7,
        0x9e, 0xf7, 0x9e, 0xf7, 0x9e, 0xf7, 0x9e, 0xf7, 0x9e, 0xf7, 0x9e, 0xf7,
        0x9e, 0xf7, 0x9e, 0xf7, 0x9e, 0xf7, 0x9e, 0xf7, 0x9e, 0xf7, 0x9e, 0xf7,
        0x9e, 0xf7, 0x9e, 0xf7, 0x9e, 0xf7, 0x9e, 0xf7, 0x9e, 0xf7, 0x9e, 0xf7,
        0x9e, 0xf7, 0x9e, 0xf7, 0x9e, 0xf7, 0x9e, 0xf7, 0x9e, 0xf7, 0x9e, 0xf7,
        0x9e, 0xf7, 0x9e, 0xf7, 0x9e, 0xf7, 0x9e, 0xf7, 0x9e, 0xf7, 0x9e, 0xf7,
        0x9e, 0xf7, 0x9e, 0xf7, 0x9e, 0xf7, 0x9e, 0xf7, 0x9e, 0xf7, 0x9e, 0xf7,
        0x9e, 0xf7, 0x9e, 0xf7, 0x9e, 0xf7, 0x9e, 0xf7, 0x9e, 0xf7, 0x9e, 0xf7,
        0x9e, 0xf7, 0x9e, 0xf7, 0x9e, 0xf7, 0x9e, 0xf7, 0x9e, 0xf7, 0x9e, 0xf7,
        0x9e, 0xf7, 0x9e, 0xf7, 0x9e, 0xf7, 0x9e, 0xf7, 0x9e, 0xf7, 0x9e, 0xf7,
        0x9e, 0xf7, 0x9e, 0xf7, 0x9e, 0xf7, 0x9e, 0xf7, 0x9e, 0xf7, 0x9e, 0xf7,
        0x9e, 0xf7, 0x9e, 0xf7, 0x9e, 0xf7, 0x9e, 0xf7, 0x9e, 0xf7, 0x9e, 0xf7,
        0x9e, 0xf7, 0x9e, 0xf7, 0x9e, 0xf7, 0x9e, 0xf7, 0x9e, 0xf7, 0x9e, 0xf7,
        0x9e, 0xf7, 0x9e, 0xf7, 0x9e, 0xf7, 0x9e, 0xf7, 0x9e, 0xf7, 0x9e, 0xf7,
        0x9e, 0xf7, 0x9e, 0xf7, 0x9e, 0xf7, 0x9e, 0xf7, 0x9e, 0xf7, 0x9e, 0xf7,
        0x9e, 0xf7, 0x9e, 0xf7, 0x9e, 0xf7, 0x9e, 0xf7, 0x9e, 0xf7, 0x9e, 0xf7,
        0x9e, 0xf7, 0x9e, 0xf7, 0x9e, 0xf7, 0x9e, 0xf7, 0x9e, 0xf7, 0x9e, 0xf7,
        0x9e, 0xf7, 0x9e, 0xf7, 0x9e, 0xf7, 0x9e, 0xf7, 0x9e, 0xf7, 0x9e, 0xf7,
        0x9e, 0xf7, 0x9e, 0xf7, 0x9e, 0xf7, 0x9e, 0xf7, 0x9e, 0xf7, 0x9e, 0xf7,
        0x9e, 0xf7, 0x9e, 0xf7, 0x9e, 0xf7, 0x9e, 0xf7, 0x9e, 0xf7, 0x9e, 0xf7,
        0x9e, 0xf7, 0x9e, 0xf7, 0x9e, 0xf7, 0x9e, 0xf7, 0x9e, 0xf7, 0x9e, 0xf7,
        0x9e, 0xf7, 0x9e, 0xf7, 0x9e, 0xf7, 0x9e, 0xf7, 0x9e, 0xf7, 0x9e, 0xf7,
        0x9e, 0xf7, 0x9e, 0xf7, 0x9e, 0xf7, 0x9e, 0xf7, 0x9e, 0xf7, 0x9e, 0xf7,
        0x9e, 0xf7, 0x9e, 0xf7, 0x9e, 0xf7, 0x9e, 0xf7, 0x9e, 0xf7, 0x9e, 0xf7,
        0x9e, 0xf7, 0x9e, 0xf7, 0x9e, 0xf7, 0x9e, 0xf7, 0x9e, 0xf7, 0x9e, 0xf7,
        0x9e, 0xf7, 0x9e, 0xf7, 0x9e, 0xf7, 0x9e, 0xf7, 0x9e, 0xf7, 0x9e, 0xf7,
        0x9e, 0xf7, 0x9e, 0xf7, 0x9e, 0xf7, 0x9e, 0xf7, 0x9e, 0xf7, 0x9e, 0xf7,
        0x9e, 0xf7, 0x9e, 0xf7, 0x9e, 0xf7, 0x9e, 0xf7, 0x9e, 0xf7, 0x9e, 0xf7,
        0x9e, 0xf7, 0x9e, 0xf7, 0x9e, 0xf7, 0x9e, 0xf7, 0x9e, 0xf7, 0x9e, 0xf7,
        0x9e, 0xf7, 0x9e, 0xf7, 0x9e, 0xf7, 0x9e, 0xf7, 0x9e, 0xf7, 0x9e, 0xf7,
        0x9e, 0xf7, 0x9e, 0xf7, 0x9e, 0xf7, 0x9e, 0xf7, 0x9e, 0xf7, 0x9e, 0xf7,
        0x9e, 0xf7, 0x9e, 0xf7, 0x9e, 0xf7, 0x9e, 0xf7, 0x9e, 0xf7, 0x9e, 0xf7,
        0x9e, 0xf7, 0x9e, 0xf7, 0x9e, 0xf7, 0x9e, 0xf7, 0x9e, 0xf7, 0x9e, 0xf7,
        0x9e, 0xf7, 0x9e, 0xf7, 0x9e, 0xf7, 0x9e, 0xf7, 0x9e, 0xf7, 0x9e, 0xf7,
        0x9e, 0xf7, 0x9e, 0xf7, 0x9e, 0xf7, 0x9e, 0xf7, 0x9e, 0xf7, 0x9e, 0xf7,
        0x9e, 0xf7, 0x9e, 0xf7, 0x9e, 0xf7, 0x9e, 0xf7, 0x9e, 0xf7, 0x9e, 0xf7,
        0x9e, 0xf7, 0x9e, 0xf7, 0x9e, 0xf7, 0x9e, 0xf7, 0x9e, 0xf7, 0x9e, 0xf7,
        0x9e, 0xf7, 0x9e, 0xf7, 0x9e, 0xf7, 0x9e, 0xf7, 0x9e, 0xf7, 0x9e, 0xf7,
        0x9e, 0xf7, 0x9e, 0xf7, 0x9e, 0xf7, 0x9e, 0xf7, 0x9e, 0xf7, 0x9e, 0xf7,
        0x9e, 0xf7, 0x9e, 0xf7, 0x9e, 0xf7, 0x9e, 0xf7, 0x9e, 0xf7, 0x9e, 0xf7,
        0x9e, 0xf7, 0x9e, 0xf7, 0x9e, 0xf7, 0x9e, 0xf7, 0x9e, 0xf7, 0x9e, 0xf7,
        0x9e, 0xf7, 0x9e, 0xf7, 0x9e, 0xf7, 0x9e, 0xf7, 0x9e, 0xf7, 0x9e, 0xf7,
        0x9e, 0xf7, 0x9e, 0xf7, 0x9e, 0xf7, 0x9e, 0xf7, 0x9e, 0xf7, 0x9e, 0xf7,
        0x9e, 0xf7, 0x9e, 0xf7, 0x9e, 0xf7, 0x9e, 0xf7, 0x9e, 0xf7, 0x9e, 0xf7,
        0x9e, 0xf7, 0x9e, 0xf7, 0x9e, 0xf7, 0x9e, 0xf7, 0x9e, 0xf7, 0x9e, 0xf7,
        0x9e, 0xf7, 0x9e, 0xf7, 0x9e, 0xf7, 0x9e, 0xf7, 0x9e, 0xf7, 0x9e, 0xf7,
        0x9e, 0xf7, 0x9e, 0xf7, 0x9e, 0xf7, 0x9e, 0xf7, 0x9e, 0xf7, 0x9e, 0xf7,
        0x9e, 0xf7, 0x9e, 0xf7, 0x9e, 0xf7, 0x9e, 0xf7, 0x9e, 0xf7, 0x9e, 0xf7,
        0x9e, 0xf7, 0x9e, 0xf7, 0x9e, 0xf7, 0x9e, 0xf7, 0x9e, 0xf7, 0x9e, 0xf7,
        0x9e, 0xf7, 0x9e, 0xf7, 0x9e, 0xf7, 0x9e, 0xf7, 0x9e, 0xf7, 0x9e, 0xf7,
        0x9e, 0xf7, 0x9e, 0xf7, 0x9e, 0xf7, 0x9e, 0xf7, 0x9e, 0xf7, 0x9e, 0xf7,
        0x9e, 0xf7, 0x9e, 0xf7, 0x9e, 0xf7, 0x9e, 0xf7, 0x9e, 0xf7, 0x9e, 0xf7,
        0x9e, 0xf7, 0x9e, 0xf7, 0x9e, 0xf7, 0x9e, 0xf7, 0x9e, 0xf7, 0x9e, 0xf7,
        0x9e, 0xf7, 0x9e, 0xf7, 0x9e, 0xf7, 0x9e, 0xf7, 0x9e, 0xf7, 0x9e, 0xf7,
        0x9e, 0xf7, 0x9e, 0xf7, 0x9e, 0xf7, 0x9e, 0xf7, 0x9e, 0xf7, 0x9e, 0xf7,
        0x9e, 0xf7, 0x9e, 0xf7, 0x9e, 0xf7, 0x9e, 0xf7, 0x9e, 0xf7, 0x9e, 0xf7,
        0x9e, 0xf7, 0x9e, 0xf7, 0x9e, 0xf7, 0x9e, 0xf7, 0x9e, 0xf7, 0x9e, 0xf7,
        0x9e, 0xf7, 0x9e, 0xf7, 0x9e, 0xf7, 0x9e, 0xf7, 0x9e, 0xf7, 0x9e, 0xf7,
        0x9e, 0xf7, 0x9e, 0xf7, 0x9e, 0xf7, 0x9e, 0xf7, 0x9e, 0xf7, 0x9e, 0xf7,
        0x9e, 0xf7, 0x9e, 0xf7, 0x9e, 0xf7, 0x9e, 0xf7, 0x9e, 0xf7, 0x9e, 0xf7,
        0x9e, 0xf7, 0x9e, 0xf7, 0x9e, 0xf7, 0x9e, 0xf7, 0x9e, 0xf7, 0x9e, 0xf7,
        0x9e, 0xf7, 0x9e, 0xf7, 0x9e, 0xf7, 0x9e, 0xf7, 0x9e, 0xf7, 0x9e, 0xf7,
        0x9e, 0xf7, 0x9e, 0xf7, 0x9e, 0xf7, 0x9e, 0xf7, 0x9e, 0xf7, 0x9e, 0xf7,
        0x9e, 0xf7, 0x9e, 0xf7, 0x9e, 0xf7, 0x9e, 0xf7, 0x9e, 0xf7, 0x9e, 0xf7,
        0x9e, 0xf7, 0x9e, 0xf7, 0x9e, 0xf7, 0x9e, 0xf7, 0x9e, 0xf7, 0x9e, 0xf7,
        0x9e, 0xf7, 0x9e, 0xf7, 0x9e, 0xf7, 0x9e, 0xf7, 0x9e, 0xf7, 0x9e, 0xf7,
        0x9e, 0xf7, 0x9e, 0xf7, 0x9e, 0xf7, 0x9e, 0xf7, 0x9e, 0xf7, 0x9e, 0xf7,
        0x9e, 0xf7, 0x9e, 0xf7, 0x9e, 0xf7, 0x9e, 0xf7, 0x9e, 0xf7, 0x9e, 0xf7,
        0x9e, 0xf7, 0x9e, 0xf7, 0x9e, 0xf7, 0x9e, 0xf7, 0x9e, 0xf7, 0x9e, 0xf7,
        0x9e, 0xf7, 0x9e, 0xf7, 0x9e, 0xf7, 0x9e, 0xf7, 0x9e, 0xf7, 0x9e, 0xf7,
        0x9e, 0xf7, 0x9e, 0xf7, 0x9e, 0xf7, 0x9e, 0xf7, 0x9e, 0xf7, 0x9e, 0xf7,
        0x9e, 0xf7, 0x9e, 0xf7, 0x9e, 0xf7, 0x9e, 0xf7, 0x9e, 0xf7, 0x9e, 0xf7,
        0x9e, 0xf7, 0x9e, 0xf7, 0x9e, 0xf7, 0x9e, 0xf7, 0x9e, 0xf7, 0x9e, 0xf7,
        0x9e, 0xf7, 0x9e, 0xf7, 0x9e, 0xf7, 0x9e, 0xf7, 0x9e, 0xf7, 0x9e, 0xf7,
        0x9e, 0xf7, 0x9e, 0xf7, 0x9e, 0xf7, 0x9e, 0xf7, 0x9e, 0xf7, 0x9e, 0xf7,
        0x9e, 0xf7, 0x9e, 0xf7, 0x9e, 0xf7, 0x9e, 0xf7, 0x9e, 0xf7, 0x9e, 0xf7,
        0x9e, 0xf7, 0x9e, 0xf7, 0x9e, 0xf7, 0x9e, 0xf7, 0x9e, 0xf7, 0x9e, 0xf7,
        0x9e, 0xf7, 0x9e, 0xf7, 0x9e, 0xf7, 0x9e, 0xf7, 0x9e, 0xf7, 0x9e, 0xf7,
        0x9e, 0xf7, 0x9e, 0xf7, 0x9e, 0xf7, 0x9e, 0xf7, 0x9e, 0xf7, 0x9e, 0xf7,
        0x9e, 0xf7, 0x9e, 0xf7, 0x9e, 0xf7, 0x9e, 0xf7, 0x9e, 0xf7, 0x9e, 0xf7,
        0x9e, 0xf7, 0x9e, 0xf7, 0x9e, 0xf7, 0x9e, 0xf7, 0x9e, 0xf7, 0x9e, 0xf7,
        0x9e, 0xf7, 0x9e, 0xf7, 0x9e, 0xf7, 0x9e, 0xf7, 0x9e, 0xf7, 0x9e, 0xf7,
        0x9e, 0xf7, 0x9e, 0xf7, 0x9e, 0xf7, 0x9e, 0xf7, 0x9e, 0xf7, 0x9e, 0xf7,
        0x9e, 0xf7, 0x9e, 0xf7, 0x9e, 0xf7, 0x9e, 0xf7, 0x9e, 0xf7, 0x9e, 0xf7,
        0x9e, 0xf7, 0x9e, 0xf7, 0x9e, 0xf7, 0x9e, 0xf7, 0x9e, 0xf7, 0x9e, 0xf7,
        0x9e, 0xf7, 0x9e, 0xf7, 0x9e, 0xf7, 0x9e, 0xf7, 0x9e, 0xf7, 0x9e, 0xf7,
        0x9e, 0xf7, 0x9e, 0xf7, 0x9e, 0xf7, 0x9e, 0xf7, 0x9e, 0xf7, 0x9e, 0xf7,
        0x9e, 0xf7, 0x9e, 0xf7, 0x9e, 0xf7, 0x9e, 0xf7, 0x9e, 0xf7, 0x9e, 0xf7,
        0x9e, 0xf7, 0x9e, 0xf7, 0x9e, 0xf7, 0x9e, 0xf7, 0x9e, 0xf7, 0x9e, 0xf7,
        0x9e, 0xf7, 0x9e, 0xf7, 0x9e, 0xf7, 0x9e, 0xf7, 0x9e, 0xf7, 0x9e, 0xf7,
        0x9e, 0xf7, 0x9e, 0xf7, 0x9e, 0xf7, 0x9e, 0xf7, 0x9e, 0xf7, 0x9e, 0xf7,
        0x9e, 0xf7, 0x9e, 0xf7, 0x9e, 0xf7, 0x9e, 0xf7, 0x9e, 0xf7, 0x9e, 0xf7,
        0x9e, 0xf7, 0x9e, 0xf7, 0x9e, 0xf7, 0x9e, 0xf7, 0x9e, 0xf7, 0x9e, 0xf7,
        0x9e, 0xf7, 0x9e, 0xf7, 0x9e, 0xf7, 0x9e, 0xf7, 0x9e, 0xf7, 0x9e, 0xf7,
        0x9e, 0xf7, 0x9e, 0xf7, 0x9e, 0xf7, 0x9e, 0xf7, 0x9e, 0xf7, 0x9e, 0xf7,
        0x9e, 0xf7, 0x9e, 0xf7, 0x9e, 0xf7, 0x9e, 0xf7, 0x9e, 0xf7, 0x9e, 0xf7,
        0x9e, 0xf7, 0x9e, 0xf7, 0x9e, 0xf7, 0x9e, 0xf7, 0x9e, 0xf7, 0x9e, 0xf7,
        0x9e, 0xf7, 0x9e, 0xf7, 0x9e, 0xf7, 0x9e, 0xf7, 0x9e, 0xf7, 0x9e, 0xf7,
        0x9e, 0xf7, 0x9e, 0xf7, 0x9e, 0xf7, 0x9e, 0xf7, 0x9e, 0xf7, 0x9e, 0xf7,
        0x9e, 0xf7, 0x9e, 0xf7, 0x9e, 0xf7, 0x9e, 0xf7, 0x9e, 0xf7, 0x9e, 0xf7,
        0x9e, 0xf7, 0x9e, 0xf7, 0x9e, 0xf7, 0x9e, 0xf7, 0x9e, 0xf7, 0x9e, 0xf7,
        0x9e, 0xf7, 0x9e, 0xf7, 0x9e, 0xf7, 0x9e, 0xf7, 0x9e, 0xf7, 0x9e, 0xf7,
        0x9e, 0xf7, 0x9e, 0xf7, 0x9e, 0xf7, 0x9e, 0xf7, 0x9e, 0xf7, 0x9e, 0xf7,
        0x9e, 0xf7, 0x9e, 0xf7, 0x9e, 0xf7, 0x9e, 0xf7, 0x9e, 0xf7, 0x9e, 0xf7,
        0x9e, 0xf7, 0x9e, 0xf7, 0x9e, 0xf7, 0x9e, 0xf7, 0x9e, 0xf7, 0x9e, 0xf7,
        0x9e, 0xf7, 0x9e, 0xf7, 0x9e, 0xf7, 0x9e, 0xf7, 0x9e, 0xf7, 0x9e, 0xf7,
        0x9e, 0xf7, 0x9e, 0xf7, 0x9e, 0xf7, 0x9e, 0xf7, 0x9e, 0xf7, 0x9e, 0xf7,
        0x9e, 0xf7, 0x9e, 0xf7, 0x9e, 0xf7, 0x9e, 0xf7, 0x9e, 0xf7, 0x9e, 0xf7,
        0x9e, 0xf7, 0x9e, 0xf7, 0x9e, 0xf7, 0x9e, 0xf7, 0x9e, 0xf7, 0x9e, 0xf7,
        0x9e, 0xf7, 0x9e, 0xf7, 0x9e, 0xf7, 0x9e, 0xf7, 0x9e, 0xf7, 0x9e, 0xf7,
        0x9e, 0xf7, 0x9e, 0xf7, 0x9e, 0xf7, 0x9e, 0xf7, 0x9e, 0xf7, 0x9e, 0xf7,
        0x9e, 0xf7, 0x9e, 0xf7, 0x9e, 0xf7, 0x9e, 0xf7, 0x9e, 0xf7, 0x9e, 0xf7,
        0x9e, 0xf7, 0x9e, 0xf7, 0x9e, 0xf7, 0x9e, 0xf7, 0x9e, 0xf7, 0x9e, 0xf7,
        0x9e, 0xf7, 0x9e, 0xf7, 0x9e, 0xf7, 0x9e, 0xf7, 0x9e, 0xf7, 0x9e, 0xf7,
        0x9e, 0xf7, 0x9e, 0xf7, 0x9e, 0xf7, 0x9e, 0xf7, 0x9e, 0xf7, 0x9e, 0xf7,
        0x9e, 0xf7, 0x9e, 0xf7, 0x9e, 0xf7, 0x9e, 0xf7, 0x9e, 0xf7, 0x9e, 0xf7,
        0x9e, 0xf7, 0x9e, 0xf7, 0x9e, 0xf7, 0x9e, 0xf7, 0x9e, 0xf7, 0x9e, 0xf7,
        0x9e, 0xf7, 0x9e, 0xf7, 0x9e, 0xf7, 0x9e, 0xf7, 0x9e, 0xf7, 0x9e, 0xf7,
        0x9e, 0xf7, 0x9e, 0xf7, 0x9e, 0xf7, 0x9e, 0xf7, 0x9e, 0xf7, 0x9e, 0xf7,
        0x9e, 0xf7, 0x9e, 0xf7, 0x9e, 0xf7, 0x9e, 0xf7, 0x9e, 0xf7, 0x9e, 0xf7,
        0x9e, 0xf7, 0x9e, 0xf7, 0x9e, 0xf7, 0x9e, 0xf7, 0x9e, 0xf7, 0x9e, 0xf7,
        0x9e, 0xf7, 0x9e, 0xf7, 0x9e, 0xf7, 0x9e, 0xf7, 0x9e, 0xf7, 0x9e, 0xf7,
        0x9e, 0xf7, 0x9e, 0xf7, 0x9e, 0xf7, 0x9e, 0xf7, 0x9e, 0xf7, 0x9e, 0xf7,
        0x9e, 0xf7, 0x9e, 0xf7, 0x9e, 0xf7, 0x9e, 0xf7, 0x9e, 0xf7, 0x9e, 0xf7,
        0x9e, 0xf7, 0x9e, 0xf7, 0x9e, 0xf7, 0x9e, 0xf7, 0x9e, 0xf7, 0x9e, 0xf7,
        0x9e, 0xf7, 0x9e, 0xf7, 0x9e, 0xf7, 0x9e, 0xf7, 0x9e, 0xf7, 0x9e, 0xf7,
        0x9e, 0xf7, 0x9e, 0xf7, 0x9e, 0xf7, 0x9e, 0xf7, 0x9e, 0xf7, 0x9e, 0xf7,
        0x9e, 0xf7, 0x9e, 0xf7, 0x9e, 0xf7, 0x9e, 0xf7, 0x9e, 0xf7, 0x9e, 0xf7,
        0x9e, 0xf7, 0x9e, 0xf7, 0x9e, 0xf7, 0x9e, 0xf7, 0x9e, 0xf7, 0x9e, 0xf7,
        0x9e, 0xf7, 0x9e, 0xf7, 0x9e, 0xf7, 0x9e, 0xf7, 0x9e, 0xf7, 0x9e, 0xf7,
        0x9e, 0xf7, 0x9e, 0xf7, 0x9e, 0xf7, 0x9e, 0xf7, 0x9e, 0xf7, 0x9e, 0xf7,
        0x9e, 0xf7, 0x9e, 0xf7, 0x9e, 0xf7, 0x9e, 0xf7, 0x9e, 0xf7, 0x9e, 0xf7,
        0x9e, 0xf7, 0x9e, 0xf7, 0x9e, 0xf7, 0x9e, 0xf7, 0x9e, 0xf7, 0x9e, 0xf7,
        0x9e, 0xf7, 0x9e, 0xf7, 0x9e, 0xf7, 0x9e, 0xf7, 0x9e, 0xf7, 0x9e, 0xf7,
        0x9e, 0xf7, 0x9e, 0xf7, 0x9e, 0xf7, 0x9e, 0xf7, 0x9e, 0xf7, 0x9e, 0xf7,
        0x9e, 0xf7, 0x9e, 0xf7, 0x9e, 0xf7, 0x9e, 0xf7, 0x9e, 0xf7, 0x9e, 0xf7,
        0x9e, 0xf7, 0x9e, 0xf7, 0x9e, 0xf7, 0x9e, 0xf7, 0x9e, 0xf7, 0x9e, 0xf7,
        0x9e, 0xf7, 0x9e, 0xf7, 0x9e, 0xf7, 0x9e, 0xf7, 0x9e, 0xf7, 0x9e, 0xf7,
        0x9e, 0xf7, 0x9e, 0xf7, 0x9e, 0xf7, 0x9e, 0xf7, 0x9e, 0xf7, 0x9e, 0xf7,
        0x9e, 0xf7, 0x9e, 0xf7, 0x9e, 0xf7, 0x9e, 0xf7, 0x9e, 0xf7, 0x9e, 0xf7,
        0x9e, 0xf7, 0x9e, 0xf7, 0x9e, 0xf7, 0x9e, 0xf7, 0x9e, 0xf7, 0x9e, 0xf7,
        0x9e, 0xf7, 0x9e, 0xf7, 0x9e, 0xf7, 0x9e, 0xf7, 0x9e, 0xf7, 0x9e, 0xf7,
        0x9e, 0xf7, 0x9e, 0xf7, 0x9e, 0xf7, 0x9e, 0xf7, 0x9e, 0xf7, 0x9e, 0xf7,
        0x9e, 0xf7, 0x9e, 0xf7, 0x9e, 0xf7, 0x9e, 0xf7, 0x9e, 0xf7, 0x9e, 0xf7,
        0x9e, 0xf7, 0x9e, 0xf7, 0x9e, 0xf7, 0x9e, 0xf7, 0x9e, 0xf7, 0x9e, 0xf7,
        0x9e, 0xf7, 0x9e, 0xf7, 0x9e, 0xf7, 0x9e, 0xf7, 0x9e, 0xf7, 0x9e, 0xf7,
        0x9e, 0xf7, 0x9e, 0xf7, 0x9e, 0xf7, 0x9e, 0xf7, 0x9e, 0xf7, 0x9e, 0xf7,
        0x9e, 0xf7, 0x9e, 0xf7, 0x9e, 0xf7, 0x9e, 0xf7, 0x9e, 0xf7, 0x9e, 0xf7,
        0x9e, 0xf7, 0x9e, 0xf7, 0x9e, 0xf7, 0x9e, 0xf7, 0x9e, 0xf7, 0x9e, 0xf7,
        0x9e, 0xf7, 0x9e, 0xf7, 0x9e, 0xf7, 0x9e, 0xf7, 0x9e, 0xf7, 0x9e, 0xf7,
        0x9e, 0xf7, 0x9e, 0xf7, 0x9e, 0xf7, 0x9e, 0xf7, 0x9e, 0xf7, 0x9e, 0xf7,
        0x9e, 0xf7, 0x9e, 0xf7, 0x9e, 0xf7, 0x9e, 0xf7, 0x9e, 0xf7, 0x9e, 0xf7,
        0x9e, 0xf7, 0x9e, 0xf7, 0x9e, 0xf7, 0x9e, 0xf7, 0x9e, 0xf7, 0x9e, 0xf7,
        0x9e, 0xf7, 0x9e, 0xf7, 0x9e, 0xf7, 0x9e, 0xf7, 0x9e, 0xf7, 0x9e, 0xf7,
        0x9e, 0xf7, 0x9e, 0xf7, 0x9e, 0xf7, 0x9e, 0xf7, 0x9e, 0xf7, 0x9e, 0xf7,
        0x9e, 0xf7, 0x9e, 0xf7, 0x9e, 0xf7, 0x9e, 0xf7, 0x9e, 0xf7, 0x9e, 0xf7,
        0x9e, 0xf7, 0x9e, 0xf7, 0x9e, 0xf7, 0x9e, 0xf7, 0x9e, 0xf7, 0x9e, 0xf7,
        0x9e, 0xf7, 0x9e, 0xf7, 0x9e, 0xf7, 0x9e, 0xf7, 0x9e, 0xf7, 0x9e, 0xf7,
        0x9e, 0xf7, 0x9e, 0xf7, 0x9e, 0xf7, 0x9e, 0xf7, 0x9e, 0xf7, 0x9e, 0xf7,
        0x9e, 0xf7, 0x9e, 0xf7, 0x9e, 0xf7, 0x9e, 0xf7, 0x9e, 0xf7, 0x9e, 0xf7,
        0x9e, 0xf7, 0x9e, 0xf7, 0x9e, 0xf7, 0x9e, 0xf7, 0x9e, 0xf7, 0x9e, 0xf7,
        0x9e, 0xf7, 0x9e, 0xf7, 0x9e, 0xf7, 0x9e, 0xf7, 0x9e, 0xf7, 0x9e, 0xf7,
        0x9e, 0xf7, 0x9e, 0xf7, 0x9e, 0xf7, 0x9e, 0xf7, 0x9e, 0xf7, 0x9e, 0xf7,
        0x9e, 0xf7, 0x9e, 0xf7, 0x9e, 0xf7, 0x9e, 0xf7, 0x9e, 0xf7, 0x9e, 0xf7,
        0x9e, 0xf7, 0x9e, 0xf7, 0x9e, 0xf7, 0x9e, 0xf7, 0x9e, 0xf7, 0x9e, 0xf7,
        0x9e, 0xf7, 0x9e, 0xf7, 0x9e, 0xf7, 0x9e, 0xf7, 0x9e, 0xf7, 0x9e, 0xf7,
        0x9e, 0xf7, 0x9e, 0xf7, 0x9e, 0xf7, 0x9e, 0xf7, 0x9e, 0xf7, 0x9e, 0xf7,
        0x9e, 0xf7, 0x9e, 0xf7, 0x9e, 0xf7, 0x9e, 0xf7, 0x9e, 0xf7, 0x9e, 0xf7,
        0x9e, 0xf7, 0x9e, 0xf7, 0x9e, 0xf7, 0x9e, 0xf7, 0x9e, 0xf7, 0x9e, 0xf7,
        0x9e, 0xf7, 0x9e, 0xf7, 0x9e, 0xf7, 0x9e, 0xf7, 0x9e, 0xf7, 0x9e, 0xf7,
        0x9e, 0xf7, 0x9e, 0xf7, 0x9e, 0xf7, 0x9e, 0xf7, 0x9e, 0xf7, 0x9e, 0xf7,
        0x9e, 0xf7, 0x9e, 0xf7, 0x9e, 0xf7, 0x9e, 0xf7, 0x9e, 0xf7, 0x9e, 0xf7,
        0x9e, 0xf7, 0x9e, 0xf7, 0x9e, 0xf7, 0x9e, 0xf7, 0x9e, 0xf7, 0x9e, 0xf7,
        0x9e, 0xf7, 0x9e, 0xf7, 0x9e, 0xf7, 0x9e, 0xf7, 0x9e, 0xf7, 0x9e, 0xf7,
        0x9e, 0xf7, 0x9e, 0xf7, 0x9e, 0xf7, 0x9e, 0xf7, 0x9e, 0xf7, 0x9e, 0xf7,
        0x9e, 0xf7, 0x9e, 0xf7, 0x9e, 0xf7, 0x9e, 0xf7, 0x9e, 0xf7, 0x9e, 0xf7,
        0x9e, 0xf7, 0x9e, 0xf7, 0x9e, 0xf7, 0x9e, 0xf7, 0x9e, 0xf7, 0x9e, 0xf7,
        0x9e, 0xf7, 0x9e, 0xf7, 0x9e, 0xf7, 0x9e, 0xf7, 0x9e, 0xf7, 0x9e, 0xf7,
        0x9e, 0xf7, 0x9e, 0xf7, 0x9e, 0xf7, 0x9e, 0xf7, 0x9e, 0xf7, 0x9e, 0xf7,
        0x9e, 0xf7, 0x9e, 0xf7, 0x9e, 0xf7, 0x9e, 0xf7, 0x9e, 0xf7, 0x9e, 0xf7,
        0x9e, 0xf7, 0x9e, 0xf7, 0x9e, 0xf7, 0x9e, 0xf7, 0x9e, 0xf7, 0x9e, 0xf7,
        0x9e, 0xf7, 0x9e, 0xf7, 0x9e, 0xf7, 0x9e, 0xf7, 0x9e, 0xf7, 0x9e, 0xf7,
        0x9e, 0xf7, 0x9e, 0xf7, 0x9e, 0xf7, 0x9e, 0xf7, 0x9e, 0xf7, 0x9e, 0xf7,
        0x9e, 0xf7, 0x9e, 0xf7, 0x9e, 0xf7, 0x9e, 0xf7, 0x9e, 0xf7, 0x9e, 0xf7,
        0x9e, 0xf7, 0x9e, 0xf7, 0x9e, 0xf7, 0x9e, 0xf7, 0x9e, 0xf7, 0x9e, 0xf7,
        0x9e, 0xf7, 0x9e, 0xf7, 0x9e, 0xf7, 0x9e, 0xf7, 0x9e, 0xf7, 0x9e, 0xf7,
        0x9e, 0xf7, 0x9e, 0xf7, 0x9e, 0xf7, 0x9e, 0xf7, 0x9e, 0xf7, 0x9e, 0xf7,
        0x9e, 0xf7, 0x9e, 0xf7, 0x9e, 0xf7, 0x9e, 0xf7, 0x9e, 0xf7, 0x9e, 0xf7,
        0x9e, 0xf7, 0x9e, 0xf7, 0x9e, 0xf7, 0x9e, 0xf7, 0x9e, 0xf7, 0x9e, 0xf7,
        0x9e, 0xf7, 0x9e, 0xf7, 0x9e, 0xf7, 0x9e, 0xf7, 0x9e, 0xf7, 0x9e, 0xf7,
        0x9e, 0xf7, 0x9e, 0xf7, 0x9e, 0xf7, 0x9e, 0xf7, 0x9e, 0xf7, 0x9e, 0xf7,
        0x9e, 0xf7, 0x9e, 0xf7, 0x9e, 0xf7, 0x9e, 0xf7, 0x9e, 0xf7, 0x9e, 0xf7,
        0x9e, 0xf7, 0x9e, 0xf7, 0x9e, 0xf7, 0x9e, 0xf7, 0x9e, 0xf7, 0x9e, 0xf7,
        0x9e, 0xf7, 0x9e, 0xf7, 0x9e, 0xf7, 0x9e, 0xf7, 0x9e, 0xf7, 0x9e, 0xf7,
        0x9e, 0xf7, 0x9e, 0xf7, 0x9e, 0xf7, 0x9e, 0xf7, 0x9e, 0xf7, 0x9e, 0xf7,
        0x9e, 0xf7, 0x9e, 0xf7, 0x9e, 0xf7, 0x9e, 0xf7, 0x9e, 0xf7, 0x9e, 0xf7,
        0x9e, 0xf7, 0x9e, 0xf7, 0x9e, 0xf7, 0x9e, 0xf7, 0x9e, 0xf7, 0x9e, 0xf7,
        0x9e, 0xf7, 0x9e, 0xf7, 0x9e, 0xf7, 0x9e, 0xf7, 0x9e, 0xf7, 0x9e, 0xf7,
        0x9e, 0xf7, 0x9e, 0xf7, 0x9e, 0xf7, 0x9e, 0xf7, 0x9e, 0xf7, 0x9e, 0xf7,
        0x9e, 0xf7, 0x9e, 0xf7, 0x9e, 0xf7, 0x9e, 0xf7, 0x9e, 0xf7, 0x9e, 0xf7,
        0x9e, 0xf7, 0x9e, 0xf7, 0x9e, 0xf7, 0x9e, 0xf7, 0x9e, 0xf7, 0x9e, 0xf7,
        0x9e, 0xf7, 0x9e, 0xf7, 0x9e, 0xf7, 0x9e, 0xf7, 0x9e, 0xf7, 0x9e, 0xf7,
        0x9e, 0xf7, 0x9e, 0xf7, 0x9e, 0xf7, 0x9e, 0xf7, 0x9e, 0xf7, 0x9e, 0xf7,
        0x9e, 0xf7, 0x9e, 0xf7, 0x9e, 0xf7, 0x9e, 0xf7, 0x9e, 0xf7, 0x9e, 0xf7,
        0x9e, 0xf7, 0x9e, 0xf7, 0x9e, 0xf7, 0x9e, 0xf7, 0x9e, 0xf7, 0x9e, 0xf7,
        0x9e, 0xf7, 0x9e, 0xf7, 0x9e, 0xf7, 0x9e, 0xf7, 0x9e, 0xf7, 0x9e, 0xf7,
        0x9e, 0xf7, 0x9e, 0xf7, 0x9e, 0xf7, 0x9e, 0xf7, 0x9e, 0xf7, 0x9e, 0xf7,
        0x9e, 0xf7, 0x9e, 0xf7, 0x9e, 0xf7, 0x9e, 0xf7, 0x9e, 0xf7, 0x9e, 0xf7,
        0x9e, 0xf7, 0x9e, 0xf7, 0x9e, 0xf7, 0x9e, 0xf7, 0x9e, 0xf7, 0x9e, 0xf7,
        0x9e, 0xf7, 0x9e, 0xf7, 0x9e, 0xf7, 0x9e, 0xf7, 0x9e, 0xf7, 0x9e, 0xf7,
        0x9e, 0xf7, 0x9e, 0xf7, 0x9e, 0xf7, 0x9e, 0xf7, 0x9e, 0xf7, 0x9e, 0xf7,
        0x9e, 0xf7, 0x9e, 0xf7, 0x9e, 0xf7, 0x9e, 0xf7, 0x9e, 0xf7, 0x9e, 0xf7,
        0x9e, 0xf7, 0x9e, 0xf7, 0x9e, 0xf7, 0x9e, 0xf7, 0x9e, 0xf7, 0x9e, 0xf7,
        0x9e, 0xf7, 0x9e, 0xf7, 0x9e, 0xf7, 0x9e, 0xf7, 0x9e, 0xf7, 0x9e, 0xf7,
        0x9e, 0xf7, 0x9e, 0xf7, 0x9e, 0xf7, 0x9e, 0xf7, 0x9e, 0xf7, 0x9e, 0xf7,
        0x9e, 0xf7, 0x9e, 0xf7, 0x9e, 0xf7, 0x9e, 0xf7, 0x9e, 0xf7, 0x9e, 0xf7,
        0x9e, 0xf7, 0x9e, 0xf7, 0x9e, 0xf7, 0x9e, 0xf7, 0x9e, 0xf7, 0x9e, 0xf7,
        0x9e, 0xf7, 0x9e, 0xf7, 0x9e, 0xf7, 0x9e, 0xf7, 0x9e, 0xf7, 0x9e, 0xf7,
        0x9e, 0xf7, 0x9e, 0xf7, 0x9e, 0xf7, 0x9e, 0xf7, 0x9e, 0xf7, 0x9e, 0xf7};

const lv_image_dsc_t img_probe_icon_6 = {
    .header =
        {
            .magic = LV_IMAGE_HEADER_MAGIC,
            .cf = LV_COLOR_FORMAT_RGB565,
            .flags = 0,
            .w = 150,
            .h = 150,
            .stride = 300,
            .reserved_2 = 0,
        },
    .data_size = sizeof(img_probe_icon_6_map),
    .data = img_probe_icon_6_map,
    .reserved = NULL,
};
