#if defined(LV_LVGL_H_INCLUDE_SIMPLE)
#include "lvgl.h"
#elif defined(LV_LVGL_H_INCLUDE_SYSTEM)
#include <lvgl.h>
#elif defined(LV_BUILD_TEST)
#include "../lvgl.h"
#else
#include "lvgl/lvgl.h"
#endif

#ifndef LV_ATTRIBUTE_MEM_ALIGN
#define LV_ATTRIBUTE_MEM_ALIGN
#endif

#ifndef LV_ATTRIBUTE_IMG_IMG_PROBE_ICON_2
#define LV_ATTRIBUTE_IMG_IMG_PROBE_ICON_2
#endif

static const LV_ATTRIBUTE_MEM_ALIGN LV_ATTRIBUTE_LARGE_CONST LV_ATTRIBUTE_IMG_IMG_PROBE_ICON_2
uint8_t img_probe_icon_2_map[] = {
0x9e, 0xf7, 0x9e, 0xf7, 0x9e, 0xf7, 0x9e, 0xf7, 0x9e, 0xf7, 0x9e, 0xf7,
    0x9e, 0xf7, 0x9e, 0xf7, 0x9e, 0xf7, 0x9e, 0xf7, 0x9e, 0xf7, 0x9e, 0xf7,
    0x9e, 0xf7, 0x9e, 0xf7, 0x9e, 0xf7, 0x9e, 0xf7, 0x9e, 0xf7, 0x9e, 0xf7,
    0x9e, 0xf7, 0x9e, 0xf7, 0x9e, 0xf7, 0x9e, 0xf7, 0x9e, 0xf7, 0x9e, 0xf7,
    0x9e, 0xf7, 0x9e, 0xf7, 0x9e, 0xf7, 0x9e, 0xf7, 0x9e, 0xf7, 0x9e, 0xf7,
    0x9e, 0xf7, 0x9e, 0xf7, 0x9e, 0xf7, 0x9e, 0xf7, 0x9e, 0xf7, 0x9e, 0xf7,
    0x9e, 0xf7, 0x9e, 0xf7, 0x9e, 0xf7, 0x9e, 0xf7, 0x9e, 0xf7, 0x9e, 0xf7,
    0x9e, 0xf7, 0x9e, 0xf7, 0x9e, 0xf7, 0x9e, 0xf7, 0x9e, 0xf7, 0x9e, 0xf7,
    0x9e, 0xf7, 0x9e, 0xf7, 0x9e, 0xf7, 0x9e, 0xf7, 0x9e, 0xf7, 0x9e, 0xf7,
    0x9e, 0xf7, 0x9e, 0xf7, 0x9e, 0xf7, 0x9e, 0xf7, 0x9e, 0xf7, 0x9e, 0xf7,
    0x9e, 0xf7, 0x9e, 0xf7, 0x9e, 0xf7, 0x9e, 0xf7, 0x9e, 0xf7, 0x9e, 0xf7,
    0x9e, 0xf7, 0x9e, 0xf7, 0x9e, 0xf7, 0x9e, 0xf7, 0x9e, 0xf7, 0x9e, 0xf7,
    0x9e, 0xf7, 0x9e, 0xf7, 0x9e, 0xf7, 0x9e, 0xf7, 0x9e, 0xf7, 0x9e, 0xf7,
    0x9e, 0xf7, 0x9e, 0xf7, 0x9e, 0xf7, 0x9e, 0xf7, 0x9e, 0xf7, 0x9e, 0xf7,
    0x9e, 0xf7, 0x9e, 0xf7, 0x9e, 0xf7, 0x9e, 0xf7, 0x9e, 0xf7, 0x9e, 0xf7,
    0x9e, 0xf7, 0x9e, 0xf7, 0x9e, 0xf7, 0x9e, 0xf7, 0x9e, 0xf7, 0x9e, 0xf7,
    0x9e, 0xf7, 0x9e, 0xf7, 0x9e, 0xf7, 0x9e, 0xf7, 0x9e, 0xf7, 0x9e, 0xf7,
    0x9e, 0xf7, 0x9e, 0xf7, 0x9e, 0xf7, 0xdb, 0xde, 0xdb, 0xde, 0x55, 0xad,
    0xef, 0x7b, 0x30, 0x84, 0x9e, 0xf7, 0x9e, 0xf7, 0x9e, 0xf7, 0x9e, 0xf7,
    0x9e, 0xf7, 0x9e, 0xf7, 0x9e, 0xf7, 0x9e, 0xf7, 0x9e, 0xf7, 0x9e, 0xf7,
    0x9e, 0xf7, 0x9e, 0xf7, 0x9e, 0xf7, 0x9e, 0xf7, 0x9e, 0xf7, 0x9e, 0xf7,
    0x9e, 0xf7, 0x9e, 0xf7, 0x9e, 0xf7, 0x9e, 0xf7, 0x9e, 0xf7, 0x9e, 0xf7,
    0x9e, 0xf7, 0x9e, 0xf7, 0x9e, 0xf7, 0x9e, 0xf7, 0x9e, 0xf7, 0x9e, 0xf7,
    0x9e, 0xf7, 0x9e, 0xf7, 0x9e, 0xf7, 0x9e, 0xf7, 0x9e, 0xf7, 0x9e, 0xf7,
    0x9e, 0xf7, 0x9e, 0xf7, 0x9e, 0xf7, 0x9e, 0xf7, 0x9e, 0xf7, 0x9e, 0xf7,
    0x9e, 0xf7, 0x9e, 0xf7, 0x9e, 0xf7, 0x9e, 0xf7, 0x9e, 0xf7, 0x9e, 0xf7,
    0x9e, 0xf7, 0x9e, 0xf7, 0x9e, 0xf7, 0x9e, 0xf7, 0x9e, 0xf7, 0x9e, 0xf7,
    0x9e, 0xf7, 0x9e, 0xf7, 0x9e, 0xf7, 0x9e, 0xf7, 0x9e, 0xf7, 0x9e, 0xf7,
    0x9e, 0xf7, 0x9e, 0xf7, 0x9e, 0xf7, 0x9e, 0xf7, 0x9e, 0xf7, 0x9e, 0xf7,
    0x9e, 0xf7, 0x9e, 0xf7, 0x9e, 0xf7, 0x9e, 0xf7, 0x9e, 0xf7, 0x9e, 0xf7,
    0x9e, 0xf7, 0x9e, 0xf7, 0x9e, 0xf7, 0x9e, 0xf7, 0x9e, 0xf7, 0x9e, 0xf7,
    0x9e, 0xf7, 0x9e, 0xf7, 0x9e, 0xf7, 0x9e, 0xf7, 0x9e, 0xf7, 0x9e, 0xf7,
    0x9e, 0xf7, 0x9e, 0xf7, 0x9e, 0xf7, 0x9e, 0xf7, 0x9e, 0xf7, 0x9e, 0xf7,
    0x9e, 0xf7, 0x9e, 0xf7, 0x9e, 0xf7, 0x9e, 0xf7, 0x9e, 0xf7, 0x9e, 0xf7,
    0x9e, 0xf7, 0x9e, 0xf7, 0x9e, 0xf7, 0x9e, 0xf7, 0x9e, 0xf7, 0x9e, 0xf7,
    0x9e, 0xf7, 0x9e, 0xf7, 0x9e, 0xf7, 0x9e, 0xf7, 0x9e, 0xf7, 0x9e, 0xf7,
    0x9e, 0xf7, 0x9e, 0xf7, 0x9e, 0xf7, 0x9e, 0xf7, 0x9e, 0xf7, 0x9e, 0xf7,
    0x9e, 0xf7, 0x9e, 0xf7, 0x9e, 0xf7, 0x9e, 0xf7, 0x9e, 0xf7, 0x9e, 0xf7,
    0x9e, 0xf7, 0x9e, 0xf7, 0x9e, 0xf7, 0x9e, 0xf7, 0x9e, 0xf7, 0x9e, 0xf7,
    0x9e, 0xf7, 0x9e, 0xf7, 0x9e, 0xf7, 0x9e, 0xf7, 0x9e, 0xf7, 0x9e, 0xf7,
    0x9e, 0xf7, 0x9e, 0xf7, 0x9e, 0xf7, 0x9e, 0xf7, 0x9e, 0xf7, 0x9e, 0xf7,
    0x9e, 0xf7, 0x9e, 0xf7, 0x9e, 0xf7, 0x9e, 0xf7, 0x9e, 0xf7, 0x9e, 0xf7,
    0x9e, 0xf7, 0x9e, 0xf7, 0x9e, 0xf7, 0xdb, 0xde, 0xdb, 0xde, 0x55, 0xad,
    0xef, 0x7b, 0x30, 0x84, 0x9e, 0xf7, 0x9e, 0xf7, 0x9e, 0xf7, 0x9e, 0xf7,
    0x9e, 0xf7, 0x9e, 0xf7, 0x9e, 0xf7, 0x9e, 0xf7, 0x9e, 0xf7, 0x9e, 0xf7,
    0x9e, 0xf7, 0x9e, 0xf7, 0x9e, 0xf7, 0x9e, 0xf7, 0x9e, 0xf7, 0x9e, 0xf7,
    0x9e, 0xf7, 0x9e, 0xf7, 0x9e, 0xf7, 0x9e, 0xf7, 0x9e, 0xf7, 0x9e, 0xf7,
    0x9e, 0xf7, 0x9e, 0xf7, 0x9e, 0xf7, 0x9e, 0xf7, 0x9e, 0xf7, 0x9e, 0xf7,
    0x9e, 0xf7, 0x9e, 0xf7, 0x9e, 0xf7, 0x9e, 0xf7, 0x9e, 0xf7, 0x9e, 0xf7,
    0x9e, 0xf7, 0x9e, 0xf7, 0x9e, 0xf7, 0x9e, 0xf7, 0x9e, 0xf7, 0x9e, 0xf7,
    0x9e, 0xf7, 0x9e, 0xf7, 0x9e, 0xf7, 0x9e, 0xf7, 0x9e, 0xf7, 0x9e, 0xf7,
    0x9e, 0xf7, 0x9e, 0xf7, 0x9e, 0xf7, 0x9e, 0xf7, 0x9e, 0xf7, 0x9e, 0xf7,
    0x9e, 0xf7, 0x9e, 0xf7, 0x9e, 0xf7, 0x9e, 0xf7, 0x9e, 0xf7, 0x9e, 0xf7,
    0x9e, 0xf7, 0x9e, 0xf7, 0x9e, 0xf7, 0x9e, 0xf7, 0x9e, 0xf7, 0x9e, 0xf7,
    0x9e, 0xf7, 0x9e, 0xf7, 0x9e, 0xf7, 0x9e, 0xf7, 0x9e, 0xf7, 0x9e, 0xf7,
    0x9e, 0xf7, 0x9e, 0xf7, 0x9e, 0xf7, 0x9e, 0xf7, 0x9e, 0xf7, 0x9e, 0xf7,
    0x9e, 0xf7, 0x9e, 0xf7, 0x9e, 0xf7, 0x9e, 0xf7, 0x9e, 0xf7, 0x9e, 0xf7,
    0x9e, 0xf7, 0x9e, 0xf7, 0x9e, 0xf7, 0x9e, 0xf7, 0x9e, 0xf7, 0x9e, 0xf7,
    0x9e, 0xf7, 0x9e, 0xf7, 0x9e, 0xf7, 0x9e, 0xf7, 0x9e, 0xf7, 0x9e, 0xf7,
    0x9e, 0xf7, 0x9e, 0xf7, 0x9e, 0xf7, 0x9e, 0xf7, 0x9e, 0xf7, 0x9e, 0xf7,
    0x9e, 0xf7, 0x9e, 0xf7, 0x9e, 0xf7, 0x9e, 0xf7, 0x9e, 0xf7, 0x9e, 0xf7,
    0x9e, 0xf7, 0x9e, 0xf7, 0x9e, 0xf7, 0x9e, 0xf7, 0x9e, 0xf7, 0x9e, 0xf7,
    0x9e, 0xf7, 0x9e, 0xf7, 0x9e, 0xf7, 0x9e, 0xf7, 0x9e, 0xf7, 0x9e, 0xf7,
    0x9e, 0xf7, 0x9e, 0xf7, 0x9e, 0xf7, 0x9e, 0xf7, 0x9e, 0xf7, 0x9e, 0xf7,
    0x9e, 0xf7, 0x9e, 0xf7, 0x9e, 0xf7, 0x9e, 0xf7, 0x9e, 0xf7, 0x9e, 0xf7,
    0x9e, 0xf7, 0x9e, 0xf7, 0x9e, 0xf7, 0x9e, 0xf7, 0x9e, 0xf7, 0x9e, 0xf7,
    0x9e, 0xf7, 0x9e, 0xf7, 0x9e, 0xf7, 0x9e, 0xf7, 0x9e, 0xf7, 0x9e, 0xf7,
    0x9e, 0xf7, 0x9e, 0xf7, 0x9e, 0xf7, 0xdb, 0xde, 0xfb, 0xde, 0x55, 0xad,
    0xef, 0x7b, 0x30, 0x84, 0x9e, 0xf7, 0x9e, 0xf7, 0x9e, 0xf7, 0x9e, 0xf7,
    0x9e, 0xf7, 0x9e, 0xf7, 0x9e, 0xf7, 0x9e, 0xf7, 0x9e, 0xf7, 0x9e, 0xf7,
    0x9e, 0xf7, 0x9e, 0xf7, 0x9e, 0xf7, 0x9e, 0xf7, 0x9e, 0xf7, 0x9e, 0xf7,
    0x9e, 0xf7, 0x9e, 0xf7, 0x9e, 0xf7, 0x9e, 0xf7, 0x9e, 0xf7, 0x9e, 0xf7,
    0x9e, 0xf7, 0x9e, 0xf7, 0x9e, 0xf7, 0x9e, 0xf7, 0x9e, 0xf7, 0x9e, 0xf7,
    0x9e, 0xf7, 0x9e, 0xf7, 0x9e, 0xf7, 0x9e, 0xf7, 0x9e, 0xf7, 0x9e, 0xf7,
    0x9e, 0xf7, 0x9e, 0xf7, 0x9e, 0xf7, 0x9e, 0xf7, 0x9e, 0xf7, 0x9e, 0xf7,
    0x9e, 0xf7, 0x9e, 0xf7, 0x9e, 0xf7, 0x9e, 0xf7, 0x9e, 0xf7, 0x9e, 0xf7,
    0x9e, 0xf7, 0x9e, 0xf7, 0x9e, 0xf7, 0x9e, 0xf7, 0x9e, 0xf7, 0x9e, 0xf7,
    0x9e, 0xf7, 0x9e, 0xf7, 0x9e, 0xf7, 0x9e, 0xf7, 0x9e, 0xf7, 0x9e, 0xf7,
    0x9e, 0xf7, 0x9e, 0xf7, 0x9e, 0xf7, 0x9e, 0xf7, 0x9e, 0xf7, 0x9e, 0xf7,
    0x9e, 0xf7, 0x9e, 0xf7, 0x9e, 0xf7, 0x9e, 0xf7, 0x9e, 0xf7, 0x9e, 0xf7,
    0x9e, 0xf7, 0x9e, 0xf7, 0x9e, 0xf7, 0x9e, 0xf7, 0x9e, 0xf7, 0x9e, 0xf7,
    0x9e, 0xf7, 0x9e, 0xf7, 0x9e, 0xf7, 0x9e, 0xf7, 0x9e, 0xf7, 0x9e, 0xf7,
    0x9e, 0xf7, 0x9e, 0xf7, 0x9e, 0xf7, 0x9e, 0xf7, 0x9e, 0xf7, 0x9e, 0xf7,
    0x9e, 0xf7, 0x9e, 0xf7, 0x9e, 0xf7, 0x9e, 0xf7, 0x9e, 0xf7, 0x9e, 0xf7,
    0x9e, 0xf7, 0x9e, 0xf7, 0x9e, 0xf7, 0x9e, 0xf7, 0x9e, 0xf7, 0x9e, 0xf7,
    0x9e, 0xf7, 0x9e, 0xf7, 0x9e, 0xf7, 0x9e, 0xf7, 0x9e, 0xf7, 0x9e, 0xf7,
    0x9e, 0xf7, 0x9e, 0xf7, 0x9e, 0xf7, 0x9e, 0xf7, 0x9e, 0xf7, 0x9e, 0xf7,
    0x9e, 0xf7, 0x9e, 0xf7, 0x9e, 0xf7, 0x9e, 0xf7, 0x9e, 0xf7, 0x9e, 0xf7,
    0x9e, 0xf7, 0x9e, 0xf7, 0x9e, 0xf7, 0x9e, 0xf7, 0x9e, 0xf7, 0x9e, 0xf7,
    0x9e, 0xf7, 0x9e, 0xf7, 0x9e, 0xf7, 0x9e, 0xf7, 0x9e, 0xf7, 0x9e, 0xf7,
    0x9e, 0xf7, 0x9e, 0xf7, 0x9e, 0xf7, 0x9e, 0xf7, 0x9e, 0xf7, 0x9e, 0xf7,
    0x9e, 0xf7, 0x9e, 0xf7, 0x9e, 0xf7, 0x9e, 0xf7, 0x9e, 0xf7, 0x9e, 0xf7,
    0x9e, 0xf7, 0x9e, 0xf7, 0x9e, 0xf7, 0xfb, 0xde, 0xfb, 0xde, 0x55, 0xad,
    0xef, 0x7b, 0x30, 0x84, 0x9e, 0xf7, 0x9e, 0xf7, 0x9e, 0xf7, 0x9e, 0xf7,
    0x9e, 0xf7, 0x9e, 0xf7, 0x9e, 0xf7, 0x9e, 0xf7, 0x9e, 0xf7, 0x9e, 0xf7,
    0x9e, 0xf7, 0x9e, 0xf7, 0x9e, 0xf7, 0x9e, 0xf7, 0x9e, 0xf7, 0x9e, 0xf7,
    0x9e, 0xf7, 0x9e, 0xf7, 0x9e, 0xf7, 0x9e, 0xf7, 0x9e, 0xf7, 0x9e, 0xf7,
    0x9e, 0xf7, 0x9e, 0xf7, 0x9e, 0xf7, 0x9e, 0xf7, 0x9e, 0xf7, 0x9e, 0xf7,
    0x9e, 0xf7, 0x9e, 0xf7, 0x9e, 0xf7, 0x9e, 0xf7, 0x9e, 0xf7, 0x9e, 0xf7,
    0x9e, 0xf7, 0x9e, 0xf7, 0x9e, 0xf7, 0x9e, 0xf7, 0x9e, 0xf7, 0x9e, 0xf7,
    0x9e, 0xf7, 0x9e, 0xf7, 0x9e, 0xf7, 0x9e, 0xf7, 0x9e, 0xf7, 0x9e, 0xf7,
    0x9e, 0xf7, 0x9e, 0xf7, 0x9e, 0xf7, 0x9e, 0xf7, 0x9e, 0xf7, 0x9e, 0xf7,
    0x9e, 0xf7, 0x9e, 0xf7, 0x9e, 0xf7, 0x9e, 0xf7, 0x9e, 0xf7, 0x9e, 0xf7,
    0x9e, 0xf7, 0x9e, 0xf7, 0x9e, 0xf7, 0x9e, 0xf7, 0x9e, 0xf7, 0x9e, 0xf7,
    0x9e, 0xf7, 0x9e, 0xf7, 0x9e, 0xf7, 0x9e, 0xf7, 0x9e, 0xf7, 0x9e, 0xf7,
    0x9e, 0xf7, 0x9e, 0xf7, 0x9e, 0xf7, 0x9e, 0xf7, 0x9e, 0xf7, 0x9e, 0xf7,
    0x9e, 0xf7, 0x9e, 0xf7, 0x9e, 0xf7, 0x9e, 0xf7, 0x9e, 0xf7, 0x9e, 0xf7,
    0x9e, 0xf7, 0x9e, 0xf7, 0x9e, 0xf7, 0x9e, 0xf7, 0x9e, 0xf7, 0x9e, 0xf7,
    0x9e, 0xf7, 0x9e, 0xf7, 0x9e, 0xf7, 0x9e, 0xf7, 0x9e, 0xf7, 0x9e, 0xf7,
    0x9e, 0xf7, 0x9e, 0xf7, 0x9e, 0xf7, 0x9e, 0xf7, 0x9e, 0xf7, 0x9e, 0xf7,
    0x9e, 0xf7, 0x9e, 0xf7, 0x9e, 0xf7, 0x9e, 0xf7, 0x9e, 0xf7, 0x9e, 0xf7,
    0x9e, 0xf7, 0x9e, 0xf7, 0x9e, 0xf7, 0x9e, 0xf7, 0x9e, 0xf7, 0x9e, 0xf7,
    0x9e, 0xf7, 0x9e, 0xf7, 0x9e, 0xf7, 0x9e, 0xf7, 0x9e, 0xf7, 0x9e, 0xf7,
    0x9e, 0xf7, 0x9e, 0xf7, 0x9e, 0xf7, 0x9e, 0xf7, 0x9e, 0xf7, 0x9e, 0xf7,
    0x9e, 0xf7, 0x9e, 0xf7, 0x9e, 0xf7, 0x9e, 0xf7, 0x9e, 0xf7, 0x9e, 0xf7,
    0x9e, 0xf7, 0x9e, 0xf7, 0x9e, 0xf7, 0x9e, 0xf7, 0x9e, 0xf7, 0x9e, 0xf7,
    0x9e, 0xf7, 0x9e, 0xf7, 0x9e, 0xf7, 0x9e, 0xf7, 0x9e, 0xf7, 0x9e, 0xf7,
    0x9e, 0xf7, 0x9e, 0xf7, 0x9e, 0xf7, 0xfb, 0xde, 0xfb, 0xde, 0x55, 0xad,
    0xef, 0x7b, 0x30, 0x84, 0x9e, 0xf7, 0x9e, 0xf7, 0x9e, 0xf7, 0x9e, 0xf7,
    0x9e, 0xf7, 0x9e, 0xf7, 0x9e, 0xf7, 0x9e, 0xf7, 0x9e, 0xf7, 0x9e, 0xf7,
    0x9e, 0xf7, 0x9e, 0xf7, 0x9e, 0xf7, 0x9e, 0xf7, 0x9e, 0xf7, 0x9e, 0xf7,
    0x9e, 0xf7, 0x9e, 0xf7, 0x9e, 0xf7, 0x9e, 0xf7, 0x9e, 0xf7, 0x9e, 0xf7,
    0x9e, 0xf7, 0x9e, 0xf7, 0x9e, 0xf7, 0x9e, 0xf7, 0x9e, 0xf7, 0x9e, 0xf7,
    0x9e, 0xf7, 0x9e, 0xf7, 0x9e, 0xf7, 0x9e, 0xf7, 0x9e, 0xf7, 0x9e, 0xf7,
    0x9e, 0xf7, 0x9e, 0xf7, 0x9e, 0xf7, 0x9e, 0xf7, 0x9e, 0xf7, 0x9e, 0xf7,
    0x9e, 0xf7, 0x9e, 0xf7, 0x9e, 0xf7, 0x9e, 0xf7, 0x9e, 0xf7, 0x9e, 0xf7,
    0x9e, 0xf7, 0x9e, 0xf7, 0x9e, 0xf7, 0x9e, 0xf7, 0x9e, 0xf7, 0x9e, 0xf7,
    0x9e, 0xf7, 0x9e, 0xf7, 0x9e, 0xf7, 0x9e, 0xf7, 0x9e, 0xf7, 0x9e, 0xf7,
    0x9e, 0xf7, 0x9e, 0xf7, 0x9e, 0xf7, 0x9e, 0xf7, 0x9e, 0xf7, 0x9e, 0xf7,
    0x9e, 0xf7, 0x9e, 0xf7, 0x9e, 0xf7, 0x9e, 0xf7, 0x9e, 0xf7, 0x9e, 0xf7,
    0x9e, 0xf7, 0x9e, 0xf7, 0x9e, 0xf7, 0x9e, 0xf7, 0x9e, 0xf7, 0x9e, 0xf7,
    0x9e, 0xf7, 0x9e, 0xf7, 0x9e, 0xf7, 0x9e, 0xf7, 0x9e, 0xf7, 0x9e, 0xf7,
    0x9e, 0xf7, 0x9e, 0xf7, 0x9e, 0xf7, 0x9e, 0xf7, 0x9e, 0xf7, 0x9e, 0xf7,
    0x9e, 0xf7, 0x9e, 0xf7, 0x9e, 0xf7, 0x9e, 0xf7, 0x9e, 0xf7, 0x9e, 0xf7,
    0x9e, 0xf7, 0x9e, 0xf7, 0x9e, 0xf7, 0x9e, 0xf7, 0x9e, 0xf7, 0x9e, 0xf7,
    0x9e, 0xf7, 0x9e, 0xf7, 0x9e, 0xf7, 0x9e, 0xf7, 0x9e, 0xf7, 0x9e, 0xf7,
    0x9e, 0xf7, 0x9e, 0xf7, 0x9e, 0xf7, 0x9e, 0xf7, 0x9e, 0xf7, 0x9e, 0xf7,
    0x9e, 0xf7, 0x9e, 0xf7, 0x9e, 0xf7, 0x9e, 0xf7, 0x9e, 0xf7, 0x9e, 0xf7,
    0x9e, 0xf7, 0x9e, 0xf7, 0x9e, 0xf7, 0x9e, 0xf7, 0x9e, 0xf7, 0x9e, 0xf7,
    0x9e, 0xf7, 0x9e, 0xf7, 0x9e, 0xf7, 0x9e, 0xf7, 0x9e, 0xf7, 0x9e, 0xf7,
    0x9e, 0xf7, 0x9e, 0xf7, 0x9e, 0xf7, 0x9e, 0xf7, 0x9e, 0xf7, 0x9e, 0xf7,
    0x9e, 0xf7, 0x9e, 0xf7, 0x9e, 0xf7, 0x9e, 0xf7, 0x9e, 0xf7, 0x9e, 0xf7,
    0x9e, 0xf7, 0x9e, 0xf7, 0x9e, 0xf7, 0xfb, 0xde, 0xfb, 0xde, 0x55, 0xad,
    0xef, 0x7b, 0x30, 0x84, 0x9e, 0xf7, 0x9e, 0xf7, 0x9e, 0xf7, 0x9e, 0xf7,
    0x9e, 0xf7, 0x9e, 0xf7, 0x9e, 0xf7, 0x9e, 0xf7, 0x9e, 0xf7, 0x9e, 0xf7,
    0x9e, 0xf7, 0x9e, 0xf7, 0x9e, 0xf7, 0x9e, 0xf7, 0x9e, 0xf7, 0x9e, 0xf7,
    0x9e, 0xf7, 0x9e, 0xf7, 0x9e, 0xf7, 0x9e, 0xf7, 0x9e, 0xf7, 0x9e, 0xf7,
    0x9e, 0xf7, 0x9e, 0xf7, 0x9e, 0xf7, 0x9e, 0xf7, 0x9e, 0xf7, 0x9e, 0xf7,
    0x9e, 0xf7, 0x9e, 0xf7, 0x9e, 0xf7, 0x9e, 0xf7, 0x9e, 0xf7, 0x9e, 0xf7,
    0x9e, 0xf7, 0x9e, 0xf7, 0x9e, 0xf7, 0x9e, 0xf7, 0x9e, 0xf7, 0x9e, 0xf7,
    0x9e, 0xf7, 0x9e, 0xf7, 0x9e, 0xf7, 0x9e, 0xf7, 0x9e, 0xf7, 0x9e, 0xf7,
    0x9e, 0xf7, 0x9e, 0xf7, 0x9e, 0xf7, 0x9e, 0xf7, 0x9e, 0xf7, 0x9e, 0xf7,
    0x9e, 0xf7, 0x9e, 0xf7, 0x9e, 0xf7, 0x9e, 0xf7, 0x9e, 0xf7, 0x9e, 0xf7,
    0x9e, 0xf7, 0x9e, 0xf7, 0x9e, 0xf7, 0x9e, 0xf7, 0x9e, 0xf7, 0x9e, 0xf7,
    0x9e, 0xf7, 0x9e, 0xf7, 0x9e, 0xf7, 0x9e, 0xf7, 0x9e, 0xf7, 0x9e, 0xf7,
    0x9e, 0xf7, 0x9e, 0xf7, 0x9e, 0xf7, 0x9e, 0xf7, 0x9e, 0xf7, 0x9e, 0xf7,
    0x9e, 0xf7, 0x9e, 0xf7, 0x9e, 0xf7, 0x9e, 0xf7, 0x9e, 0xf7, 0x9e, 0xf7,
    0x9e, 0xf7, 0x9e, 0xf7, 0x9e, 0xf7, 0x9e, 0xf7, 0x9e, 0xf7, 0x9e, 0xf7,
    0x9e, 0xf7, 0x9e, 0xf7, 0x9e, 0xf7, 0x9e, 0xf7, 0x9e, 0xf7, 0x9e, 0xf7,
    0x9e, 0xf7, 0x9e, 0xf7, 0x9e, 0xf7, 0x9e, 0xf7, 0x9e, 0xf7, 0x9e, 0xf7,
    0x9e, 0xf7, 0x9e, 0xf7, 0x9e, 0xf7, 0x9e, 0xf7, 0x9e, 0xf7, 0x9e, 0xf7,
    0x9e, 0xf7, 0x9e, 0xf7, 0x9e, 0xf7, 0x9e, 0xf7, 0x9e, 0xf7, 0x9e, 0xf7,
    0x9e, 0xf7, 0x9e, 0xf7, 0x9e, 0xf7, 0x9e, 0xf7, 0x9e, 0xf7, 0x9e, 0xf7,
    0x9e, 0xf7, 0x9e, 0xf7, 0x9e, 0xf7, 0x9e, 0xf7, 0x9e, 0xf7, 0x9e, 0xf7,
    0x9e, 0xf7, 0x9e, 0xf7, 0x9e, 0xf7, 0x9e, 0xf7, 0x9e, 0xf7, 0x9e, 0xf7,
    0x9e, 0xf7, 0x9e, 0xf7, 0x9e, 0xf7, 0x9e, 0xf7, 0x9e, 0xf7, 0x9e, 0xf7,
    0x9e, 0xf7, 0x9e, 0xf7, 0x9e, 0xf7, 0x9e, 0xf7, 0x9e, 0xf7, 0x9e, 0xf7,
    0x9e, 0xf7, 0x9e, 0xf7, 0x9e, 0xf7, 0xfb, 0xde, 0x1c, 0xe7, 0x55, 0xad,
    0xef, 0x7b, 0x30, 0x84, 0x9e, 0xf7, 0x9e, 0xf7, 0x9e, 0xf7, 0x9e, 0xf7,
    0x9e, 0xf7, 0x9e, 0xf7, 0x9e, 0xf7, 0x9e, 0xf7, 0x9e, 0xf7, 0x9e, 0xf7,
    0x9e, 0xf7, 0x9e, 0xf7, 0x9e, 0xf7, 0x9e, 0xf7, 0x9e, 0xf7, 0x9e, 0xf7,
    0x9e, 0xf7, 0x9e, 0xf7, 0x9e, 0xf7, 0x9e, 0xf7, 0x9e, 0xf7, 0x9e, 0xf7,
    0x9e, 0xf7, 0x9e, 0xf7, 0x9e, 0xf7, 0x9e, 0xf7, 0x9e, 0xf7, 0x9e, 0xf7,
    0x9e, 0xf7, 0x9e, 0xf7, 0x9e, 0xf7, 0x9e, 0xf7, 0x9e, 0xf7, 0x9e, 0xf7,
    0x9e, 0xf7, 0x9e, 0xf7, 0x9e, 0xf7, 0x9e, 0xf7, 0x9e, 0xf7, 0x9e, 0xf7,
    0x9e, 0xf7, 0x9e, 0xf7, 0x9e, 0xf7, 0x9e, 0xf7, 0x9e, 0xf7, 0x9e, 0xf7,
    0x9e, 0xf7, 0x9e, 0xf7, 0x9e, 0xf7, 0x9e, 0xf7, 0x9e, 0xf7, 0x9e, 0xf7,
    0x9e, 0xf7, 0x9e, 0xf7, 0x9e, 0xf7, 0x9e, 0xf7, 0x9e, 0xf7, 0x9e, 0xf7,
    0x9e, 0xf7, 0x9e, 0xf7, 0x9e, 0xf7, 0x9e, 0xf7, 0x9e, 0xf7, 0x9e, 0xf7,
    0x9e, 0xf7, 0x9e, 0xf7, 0x9e, 0xf7, 0x9e, 0xf7, 0x9e, 0xf7, 0x9e, 0xf7,
    0x9e, 0xf7, 0x9e, 0xf7, 0x9e, 0xf7, 0x9e, 0xf7, 0x9e, 0xf7, 0x9e, 0xf7,
    0x9e, 0xf7, 0x9e, 0xf7, 0x9e, 0xf7, 0x9e, 0xf7, 0x9e, 0xf7, 0x9e, 0xf7,
    0x9e, 0xf7, 0x9e, 0xf7, 0x9e, 0xf7, 0x9e, 0xf7, 0x9e, 0xf7, 0x9e, 0xf7,
    0x9e, 0xf7, 0x9e, 0xf7, 0x9e, 0xf7, 0x9e, 0xf7, 0x9e, 0xf7, 0x9e, 0xf7,
    0x9e, 0xf7, 0x9e, 0xf7, 0x9e, 0xf7, 0x9e, 0xf7, 0x9e, 0xf7, 0x9e, 0xf7,
    0x9e, 0xf7, 0x9e, 0xf7, 0x9e, 0xf7, 0x9e, 0xf7, 0x9e, 0xf7, 0x9e, 0xf7,
    0x9e, 0xf7, 0x9e, 0xf7, 0x9e, 0xf7, 0x9e, 0xf7, 0x9e, 0xf7, 0x9e, 0xf7,
    0x9e, 0xf7, 0x9e, 0xf7, 0x9e, 0xf7, 0x9e, 0xf7, 0x9e, 0xf7, 0x9e, 0xf7,
    0x9e, 0xf7, 0x9e, 0xf7, 0x9e, 0xf7, 0x9e, 0xf7, 0x9e, 0xf7, 0x9e, 0xf7,
    0x9e, 0xf7, 0x9e, 0xf7, 0x9e, 0xf7, 0x9e, 0xf7, 0x9e, 0xf7, 0x9e, 0xf7,
    0x9e, 0xf7, 0x9e, 0xf7, 0x9e, 0xf7, 0x9e, 0xf7, 0x9e, 0xf7, 0x9e, 0xf7,
    0x9e, 0xf7, 0x9e, 0xf7, 0x9e, 0xf7, 0x9e, 0xf7, 0x9e, 0xf7, 0x9e, 0xf7,
    0x9e, 0xf7, 0x9e, 0xf7, 0x9e, 0xf7, 0xfb, 0xde, 0x1c, 0xe7, 0x55, 0xad,
    0xef, 0x7b, 0x30, 0x84, 0x9e, 0xf7, 0x9e, 0xf7, 0x9e, 0xf7, 0x9e, 0xf7,
    0x9e, 0xf7, 0x9e, 0xf7, 0x9e, 0xf7, 0x9e, 0xf7, 0x9e, 0xf7, 0x9e, 0xf7,
    0x9e, 0xf7, 0x9e, 0xf7, 0x9e, 0xf7, 0x9e, 0xf7, 0x9e, 0xf7, 0x9e, 0xf7,
    0x9e, 0xf7, 0x9e, 0xf7, 0x9e, 0xf7, 0x9e, 0xf7, 0x9e, 0xf7, 0x9e, 0xf7,
    0x9e, 0xf7, 0x9e, 0xf7, 0x9e, 0xf7, 0x9e, 0xf7, 0x9e, 0xf7, 0x9e, 0xf7,
    0x9e, 0xf7, 0x9e, 0xf7, 0x9e, 0xf7, 0x9e, 0xf7, 0x9e, 0xf7, 0x9e, 0xf7,
    0x9e, 0xf7, 0x9e, 0xf7, 0x9e, 0xf7, 0x9e, 0xf7, 0x9e, 0xf7, 0x9e, 0xf7,
    0x9e, 0xf7, 0x9e, 0xf7, 0x9e, 0xf7, 0x9e, 0xf7, 0x9e, 0xf7, 0x9e, 0xf7,
    0x9e, 0xf7, 0x9e, 0xf7, 0x9e, 0xf7, 0x9e, 0xf7, 0x9e, 0xf7, 0x9e, 0xf7,
    0x9e, 0xf7, 0x9e, 0xf7, 0x9e, 0xf7, 0x9e, 0xf7, 0x9e, 0xf7, 0x9e, 0xf7,
    0x9e, 0xf7, 0x9e, 0xf7, 0x9e, 0xf7, 0x9e, 0xf7, 0x9e, 0xf7, 0x9e, 0xf7,
    0x9e, 0xf7, 0x9e, 0xf7, 0x9e, 0xf7, 0x9e, 0xf7, 0x9e, 0xf7, 0x9e, 0xf7,
    0x9e, 0xf7, 0x9e, 0xf7, 0x9e, 0xf7, 0x9e, 0xf7, 0x9e, 0xf7, 0x9e, 0xf7,
    0x9e, 0xf7, 0x9e, 0xf7, 0x9e, 0xf7, 0x9e, 0xf7, 0x9e, 0xf7, 0x9e, 0xf7,
    0x9e, 0xf7, 0x9e, 0xf7, 0x9e, 0xf7, 0x9e, 0xf7, 0x9e, 0xf7, 0x9e, 0xf7,
    0x9e, 0xf7, 0x9e, 0xf7, 0x9e, 0xf7, 0x9e, 0xf7, 0x9e, 0xf7, 0x9e, 0xf7,
    0x9e, 0xf7, 0x9e, 0xf7, 0x9e, 0xf7, 0x9e, 0xf7, 0x9e, 0xf7, 0x9e, 0xf7,
    0x9e, 0xf7, 0x9e, 0xf7, 0x9e, 0xf7, 0x9e, 0xf7, 0x9e, 0xf7, 0x9e, 0xf7,
    0x9e, 0xf7, 0x9e, 0xf7, 0x9e, 0xf7, 0x9e, 0xf7, 0x9e, 0xf7, 0x9e, 0xf7,
    0x9e, 0xf7, 0x9e, 0xf7, 0x9e, 0xf7, 0x9e, 0xf7, 0x9e, 0xf7, 0x9e, 0xf7,
    0x9e, 0xf7, 0x9e, 0xf7, 0x9e, 0xf7, 0x9e, 0xf7, 0x9e, 0xf7, 0x9e, 0xf7,
    0x9e, 0xf7, 0x9e, 0xf7, 0x9e, 0xf7, 0x9e, 0xf7, 0x9e, 0xf7, 0x9e, 0xf7,
    0x9e, 0xf7, 0x9e, 0xf7, 0x9e, 0xf7, 0x9e, 0xf7, 0x9e, 0xf7, 0x9e, 0xf7,
    0x9e, 0xf7, 0x9e, 0xf7, 0x9e, 0xf7, 0x9e, 0xf7, 0x9e, 0xf7, 0x9e, 0xf7,
    0x9e, 0xf7, 0x9e, 0xf7, 0x9e, 0xf7, 0xfb, 0xde, 0x1c, 0xe7, 0x55, 0xad,
    0xef, 0x7b, 0x30, 0x84, 0x9e, 0xf7, 0x9e, 0xf7, 0x9e, 0xf7, 0x9e, 0xf7,
    0x9e, 0xf7, 0x9e, 0xf7, 0x9e, 0xf7, 0x9e, 0xf7, 0x9e, 0xf7, 0x9e, 0xf7,
    0x9e, 0xf7, 0x9e, 0xf7, 0x9e, 0xf7, 0x9e, 0xf7, 0x9e, 0xf7, 0x9e, 0xf7,
    0x9e, 0xf7, 0x9e, 0xf7, 0x9e, 0xf7, 0x9e, 0xf7, 0x9e, 0xf7, 0x9e, 0xf7,
    0x9e, 0xf7, 0x9e, 0xf7, 0x9e, 0xf7, 0x9e, 0xf7, 0x9e, 0xf7, 0x9e, 0xf7,
    0x9e, 0xf7, 0x9e, 0xf7, 0x9e, 0xf7, 0x9e, 0xf7, 0x9e, 0xf7, 0x9e, 0xf7,
    0x9e, 0xf7, 0x9e, 0xf7, 0x9e, 0xf7, 0x9e, 0xf7, 0x9e, 0xf7, 0x9e, 0xf7,
    0x9e, 0xf7, 0x9e, 0xf7, 0x9e, 0xf7, 0x9e, 0xf7, 0x9e, 0xf7, 0x9e, 0xf7,
    0x9e, 0xf7, 0x9e, 0xf7, 0x9e, 0xf7, 0x9e, 0xf7, 0x9e, 0xf7, 0x9e, 0xf7,
    0x9e, 0xf7, 0x9e, 0xf7, 0x9e, 0xf7, 0x9e, 0xf7, 0x9e, 0xf7, 0x9e, 0xf7,
    0x9e, 0xf7, 0x9e, 0xf7, 0x9e, 0xf7, 0x9e, 0xf7, 0x9e, 0xf7, 0x9e, 0xf7,
    0x9e, 0xf7, 0x9e, 0xf7, 0x9e, 0xf7, 0x9e, 0xf7, 0x9e, 0xf7, 0x9e, 0xf7,
    0x9e, 0xf7, 0x9e, 0xf7, 0x9e, 0xf7, 0x9e, 0xf7, 0x9e, 0xf7, 0x9e, 0xf7,
    0x9e, 0xf7, 0x9e, 0xf7, 0x9e, 0xf7, 0x9e, 0xf7, 0x9e, 0xf7, 0x9e, 0xf7,
    0x9e, 0xf7, 0x9e, 0xf7, 0x9e, 0xf7, 0x9e, 0xf7, 0x9e, 0xf7, 0x9e, 0xf7,
    0x9e, 0xf7, 0x9e, 0xf7, 0x9e, 0xf7, 0x9e, 0xf7, 0x9e, 0xf7, 0x9e, 0xf7,
    0x9e, 0xf7, 0x9e, 0xf7, 0x9e, 0xf7, 0x9e, 0xf7, 0x9e, 0xf7, 0x9e, 0xf7,
    0x9e, 0xf7, 0x9e, 0xf7, 0x9e, 0xf7, 0x9e, 0xf7, 0x9e, 0xf7, 0x9e, 0xf7,
    0x9e, 0xf7, 0x9e, 0xf7, 0x9e, 0xf7, 0x9e, 0xf7, 0x9e, 0xf7, 0x9e, 0xf7,
    0x9e, 0xf7, 0x9e, 0xf7, 0x9e, 0xf7, 0x9e, 0xf7, 0x9e, 0xf7, 0x9e, 0xf7,
    0x9e, 0xf7, 0x9e, 0xf7, 0x9e, 0xf7, 0x9e, 0xf7, 0x9e, 0xf7, 0x9e, 0xf7,
    0x9e, 0xf7, 0x9e, 0xf7, 0x9e, 0xf7, 0x9e, 0xf7, 0x9e, 0xf7, 0x9e, 0xf7,
    0x9e, 0xf7, 0x9e, 0xf7, 0x9e, 0xf7, 0x9e, 0xf7, 0x9e, 0xf7, 0x9e, 0xf7,
    0x9e, 0xf7, 0x9e, 0xf7, 0x9e, 0xf7, 0x9e, 0xf7, 0x9e, 0xf7, 0x9e, 0xf7,
    0x9e, 0xf7, 0x9e, 0xf7, 0x9e, 0xf7, 0xfb, 0xde, 0x1c, 0xe7, 0x55, 0xad,
    0xef, 0x7b, 0x30, 0x84, 0x9e, 0xf7, 0x9e, 0xf7, 0x9e, 0xf7, 0x9e, 0xf7,
    0x9e, 0xf7, 0x9e, 0xf7, 0x9e, 0xf7, 0x9e, 0xf7, 0x9e, 0xf7, 0x9e, 0xf7,
    0x9e, 0xf7, 0x9e, 0xf7, 0x9e, 0xf7, 0x9e, 0xf7, 0x9e, 0xf7, 0x9e, 0xf7,
    0x9e, 0xf7, 0x9e, 0xf7, 0x9e, 0xf7, 0x9e, 0xf7, 0x9e, 0xf7, 0x9e, 0xf7,
    0x9e, 0xf7, 0x9e, 0xf7, 0x9e, 0xf7, 0x9e, 0xf7, 0x9e, 0xf7, 0x9e, 0xf7,
    0x9e, 0xf7, 0x9e, 0xf7, 0x9e, 0xf7, 0x9e, 0xf7, 0x9e, 0xf7, 0x9e, 0xf7,
    0x9e, 0xf7, 0x9e, 0xf7, 0x9e, 0xf7, 0x9e, 0xf7, 0x9e, 0xf7, 0x9e, 0xf7,
    0x9e, 0xf7, 0x9e, 0xf7, 0x9e, 0xf7, 0x9e, 0xf7, 0x9e, 0xf7, 0x9e, 0xf7,
    0x9e, 0xf7, 0x9e, 0xf7, 0x9e, 0xf7, 0x9e, 0xf7, 0x9e, 0xf7, 0x9e, 0xf7,
    0x9e, 0xf7, 0x9e, 0xf7, 0x9e, 0xf7, 0x9e, 0xf7, 0x9e, 0xf7, 0x9e, 0xf7,
    0x9e, 0xf7, 0x9e, 0xf7, 0x9e, 0xf7, 0x9e, 0xf7, 0x9e, 0xf7, 0x9e, 0xf7,
    0x9e, 0xf7, 0x9e, 0xf7, 0x9e, 0xf7, 0x9e, 0xf7, 0x9e, 0xf7, 0x9e, 0xf7,
    0x9e, 0xf7, 0x9e, 0xf7, 0x9e, 0xf7, 0x9e, 0xf7, 0x9e, 0xf7, 0x9e, 0xf7,
    0x9e, 0xf7, 0x9e, 0xf7, 0x9e, 0xf7, 0x9e, 0xf7, 0x9e, 0xf7, 0x9e, 0xf7,
    0x9e, 0xf7, 0x9e, 0xf7, 0x9e, 0xf7, 0x9e, 0xf7, 0x9e, 0xf7, 0x9e, 0xf7,
    0x9e, 0xf7, 0x9e, 0xf7, 0x9e, 0xf7, 0x9e, 0xf7, 0x9e, 0xf7, 0x9e, 0xf7,
    0x9e, 0xf7, 0x9e, 0xf7, 0x9e, 0xf7, 0x9e, 0xf7, 0x9e, 0xf7, 0x9e, 0xf7,
    0x9e, 0xf7, 0x9e, 0xf7, 0x9e, 0xf7, 0x9e, 0xf7, 0x9e, 0xf7, 0x9e, 0xf7,
    0x9e, 0xf7, 0x9e, 0xf7, 0x9e, 0xf7, 0x9e, 0xf7, 0x9e, 0xf7, 0x9e, 0xf7,
    0x9e, 0xf7, 0x9e, 0xf7, 0x9e, 0xf7, 0x9e, 0xf7, 0x9e, 0xf7, 0x9e, 0xf7,
    0x9e, 0xf7, 0x9e, 0xf7, 0x9e, 0xf7, 0x9e, 0xf7, 0x9e, 0xf7, 0x9e, 0xf7,
    0x9e, 0xf7, 0x9e, 0xf7, 0x9e, 0xf7, 0x9e, 0xf7, 0x9e, 0xf7, 0x9e, 0xf7,
    0x9e, 0xf7, 0x9e, 0xf7, 0x9e, 0xf7, 0x9e, 0xf7, 0x9e, 0xf7, 0x9e, 0xf7,
    0x9e, 0xf7, 0x9e, 0xf7, 0x9e, 0xf7, 0x9e, 0xf7, 0x9e, 0xf7, 0x9e, 0xf7,
    0x9e, 0xf7, 0x9e, 0xf7, 0x9e, 0xf7, 0x1c, 0xe7, 0x3c, 0xe7, 0x55, 0xad,
    0xef, 0x7b, 0x30, 0x84, 0x9e, 0xf7, 0x9e, 0xf7, 0x9e, 0xf7, 0x9e, 0xf7,
    0x9e, 0xf7, 0x9e, 0xf7, 0x9e, 0xf7, 0x9e, 0xf7, 0x9e, 0xf7, 0x9e, 0xf7,
    0x9e, 0xf7, 0x9e, 0xf7, 0x9e, 0xf7, 0x9e, 0xf7, 0x9e, 0xf7, 0x9e, 0xf7,
    0x9e, 0xf7, 0x9e, 0xf7, 0x9e, 0xf7, 0x9e, 0xf7, 0x9e, 0xf7, 0x9e, 0xf7,
    0x9e, 0xf7, 0x9e, 0xf7, 0x9e, 0xf7, 0x9e, 0xf7, 0x9e, 0xf7, 0x9e, 0xf7,
    0x9e, 0xf7, 0x9e, 0xf7, 0x9e, 0xf7, 0x9e, 0xf7, 0x9e, 0xf7, 0x9e, 0xf7,
    0x9e, 0xf7, 0x9e, 0xf7, 0x9e, 0xf7, 0x9e, 0xf7, 0x9e, 0xf7, 0x9e, 0xf7,
    0x9e, 0xf7, 0x9e, 0xf7, 0x9e, 0xf7, 0x9e, 0xf7, 0x9e, 0xf7, 0x9e, 0xf7,
    0x9e, 0xf7, 0x9e, 0xf7, 0x9e, 0xf7, 0x9e, 0xf7, 0x9e, 0xf7, 0x9e, 0xf7,
    0x9e, 0xf7, 0x9e, 0xf7, 0x9e, 0xf7, 0x9e, 0xf7, 0x9e, 0xf7, 0x9e, 0xf7,
    0x9e, 0xf7, 0x9e, 0xf7, 0x9e, 0xf7, 0x9e, 0xf7, 0x9e, 0xf7, 0x9e, 0xf7,
    0x9e, 0xf7, 0x9e, 0xf7, 0x9e, 0xf7, 0x9e, 0xf7, 0x9e, 0xf7, 0x9e, 0xf7,
    0x9e, 0xf7, 0x9e, 0xf7, 0x9e, 0xf7, 0x9e, 0xf7, 0x9e, 0xf7, 0x9e, 0xf7,
    0x9e, 0xf7, 0x9e, 0xf7, 0x9e, 0xf7, 0x9e, 0xf7, 0x9e, 0xf7, 0x9e, 0xf7,
    0x9e, 0xf7, 0x9e, 0xf7, 0x9e, 0xf7, 0x9e, 0xf7, 0x9e, 0xf7, 0x9e, 0xf7,
    0x9e, 0xf7, 0x9e, 0xf7, 0x9e, 0xf7, 0x9e, 0xf7, 0x9e, 0xf7, 0x9e, 0xf7,
    0x9e, 0xf7, 0x9e, 0xf7, 0x9e, 0xf7, 0x9e, 0xf7, 0x9e, 0xf7, 0x9e, 0xf7,
    0x9e, 0xf7, 0x9e, 0xf7, 0x9e, 0xf7, 0x9e, 0xf7, 0x9e, 0xf7, 0x9e, 0xf7,
    0x9e, 0xf7, 0x9e, 0xf7, 0x9e, 0xf7, 0x9e, 0xf7, 0x9e, 0xf7, 0x9e, 0xf7,
    0x9e, 0xf7, 0x9e, 0xf7, 0x9e, 0xf7, 0x9e, 0xf7, 0x9e, 0xf7, 0x9e, 0xf7,
    0x9e, 0xf7, 0x9e, 0xf7, 0x9e, 0xf7, 0x9e, 0xf7, 0x9e, 0xf7, 0x9e, 0xf7,
    0x9e, 0xf7, 0x9e, 0xf7, 0x9e, 0xf7, 0x9e, 0xf7, 0x9e, 0xf7, 0x9e, 0xf7,
    0x9e, 0xf7, 0x9e, 0xf7, 0x9e, 0xf7, 0x9e, 0xf7, 0x9e, 0xf7, 0x9e, 0xf7,
    0x9e, 0xf7, 0x9e, 0xf7, 0x9e, 0xf7, 0x9e, 0xf7, 0x9e, 0xf7, 0x9e, 0xf7,
    0x9e, 0xf7, 0x9e, 0xf7, 0x9e, 0xf7, 0x1c, 0xe7, 0x3c, 0xe7, 0x55, 0xad,
    0xef, 0x7b, 0x30, 0x84, 0x9e, 0xf7, 0x9e, 0xf7, 0x9e, 0xf7, 0x9e, 0xf7,
    0x9e, 0xf7, 0x9e, 0xf7, 0x9e, 0xf7, 0x9e, 0xf7, 0x9e, 0xf7, 0x9e, 0xf7,
    0x9e, 0xf7, 0x9e, 0xf7, 0x9e, 0xf7, 0x9e, 0xf7, 0x9e, 0xf7, 0x9e, 0xf7,
    0x9e, 0xf7, 0x9e, 0xf7, 0x9e, 0xf7, 0x9e, 0xf7, 0x9e, 0xf7, 0x9e, 0xf7,
    0x9e, 0xf7, 0x9e, 0xf7, 0x9e, 0xf7, 0x9e, 0xf7, 0x9e, 0xf7, 0x9e, 0xf7,
    0x9e, 0xf7, 0x9e, 0xf7, 0x9e, 0xf7, 0x9e, 0xf7, 0x9e, 0xf7, 0x9e, 0xf7,
    0x9e, 0xf7, 0x9e, 0xf7, 0x9e, 0xf7, 0x9e, 0xf7, 0x9e, 0xf7, 0x9e, 0xf7,
    0x9e, 0xf7, 0x9e, 0xf7, 0x9e, 0xf7, 0x9e, 0xf7, 0x9e, 0xf7, 0x9e, 0xf7,
    0x9e, 0xf7, 0x9e, 0xf7, 0x9e, 0xf7, 0x9e, 0xf7, 0x9e, 0xf7, 0x9e, 0xf7,
    0x9e, 0xf7, 0x9e, 0xf7, 0x9e, 0xf7, 0x9e, 0xf7, 0x9e, 0xf7, 0x9e, 0xf7,
    0x9e, 0xf7, 0x9e, 0xf7, 0x9e, 0xf7, 0x9e, 0xf7, 0x9e, 0xf7, 0x9e, 0xf7,
    0x9e, 0xf7, 0x9e, 0xf7, 0x9e, 0xf7, 0x9e, 0xf7, 0x9e, 0xf7, 0x9e, 0xf7,
    0x9e, 0xf7, 0x9e, 0xf7, 0x9e, 0xf7, 0x9e, 0xf7, 0x9e, 0xf7, 0x9e, 0xf7,
    0x9e, 0xf7, 0x9e, 0xf7, 0x9e, 0xf7, 0x9e, 0xf7, 0x9e, 0xf7, 0x9e, 0xf7,
    0x9e, 0xf7, 0x9e, 0xf7, 0x9e, 0xf7, 0x9e, 0xf7, 0x9e, 0xf7, 0x9e, 0xf7,
    0x9e, 0xf7, 0x9e, 0xf7, 0x9e, 0xf7, 0x9e, 0xf7, 0x9e, 0xf7, 0x9e, 0xf7,
    0x9e, 0xf7, 0x9e, 0xf7, 0x9e, 0xf7, 0x9e, 0xf7, 0x9e, 0xf7, 0x9e, 0xf7,
    0x9e, 0xf7, 0x9e, 0xf7, 0x9e, 0xf7, 0x9e, 0xf7, 0x9e, 0xf7, 0x9e, 0xf7,
    0x9e, 0xf7, 0x9e, 0xf7, 0x9e, 0xf7, 0x9e, 0xf7, 0x9e, 0xf7, 0x9e, 0xf7,
    0x9e, 0xf7, 0x9e, 0xf7, 0x9e, 0xf7, 0x9e, 0xf7, 0x9e, 0xf7, 0x9e, 0xf7,
    0x9e, 0xf7, 0x9e, 0xf7, 0x9e, 0xf7, 0x9e, 0xf7, 0x9e, 0xf7, 0x9e, 0xf7,
    0x9e, 0xf7, 0x9e, 0xf7, 0x9e, 0xf7, 0x9e, 0xf7, 0x9e, 0xf7, 0x9e, 0xf7,
    0x9e, 0xf7, 0x9e, 0xf7, 0x9e, 0xf7, 0x9e, 0xf7, 0x9e, 0xf7, 0x9e, 0xf7,
    0x9e, 0xf7, 0x9e, 0xf7, 0x9e, 0xf7, 0x9e, 0xf7, 0x9e, 0xf7, 0x9e, 0xf7,
    0x9e, 0xf7, 0x9e, 0xf7, 0x9e, 0xf7, 0x1c, 0xe7, 0x3c, 0xe7, 0x55, 0xad,
    0xef, 0x7b, 0x30, 0x84, 0x9e, 0xf7, 0x9e, 0xf7, 0x9e, 0xf7, 0x9e, 0xf7,
    0x9e, 0xf7, 0x9e, 0xf7, 0x9e, 0xf7, 0x9e, 0xf7, 0x9e, 0xf7, 0x9e, 0xf7,
    0x9e, 0xf7, 0x9e, 0xf7, 0x9e, 0xf7, 0x9e, 0xf7, 0x9e, 0xf7, 0x9e, 0xf7,
    0x9e, 0xf7, 0x9e, 0xf7, 0x9e, 0xf7, 0x9e, 0xf7, 0x9e, 0xf7, 0x9e, 0xf7,
    0x9e, 0xf7, 0x9e, 0xf7, 0x9e, 0xf7, 0x9e, 0xf7, 0x9e, 0xf7, 0x9e, 0xf7,
    0x9e, 0xf7, 0x9e, 0xf7, 0x9e, 0xf7, 0x9e, 0xf7, 0x9e, 0xf7, 0x9e, 0xf7,
    0x9e, 0xf7, 0x9e, 0xf7, 0x9e, 0xf7, 0x9e, 0xf7, 0x9e, 0xf7, 0x9e, 0xf7,
    0x9e, 0xf7, 0x9e, 0xf7, 0x9e, 0xf7, 0x9e, 0xf7, 0x9e, 0xf7, 0x9e, 0xf7,
    0x9e, 0xf7, 0x9e, 0xf7, 0x9e, 0xf7, 0x9e, 0xf7, 0x9e, 0xf7, 0x9e, 0xf7,
    0x9e, 0xf7, 0x9e, 0xf7, 0x9e, 0xf7, 0x9e, 0xf7, 0x9e, 0xf7, 0x9e, 0xf7,
    0x9e, 0xf7, 0x9e, 0xf7, 0x9e, 0xf7, 0x9e, 0xf7, 0x9e, 0xf7, 0x9e, 0xf7,
    0x9e, 0xf7, 0x9e, 0xf7, 0x9e, 0xf7, 0x9e, 0xf7, 0x9e, 0xf7, 0x9e, 0xf7,
    0x9e, 0xf7, 0x9e, 0xf7, 0x9e, 0xf7, 0x9e, 0xf7, 0x9e, 0xf7, 0x9e, 0xf7,
    0x9e, 0xf7, 0x9e, 0xf7, 0x9e, 0xf7, 0x9e, 0xf7, 0x9e, 0xf7, 0x9e, 0xf7,
    0x9e, 0xf7, 0x9e, 0xf7, 0x9e, 0xf7, 0x9e, 0xf7, 0x9e, 0xf7, 0x9e, 0xf7,
    0x9e, 0xf7, 0x9e, 0xf7, 0x9e, 0xf7, 0x9e, 0xf7, 0x9e, 0xf7, 0x9e, 0xf7,
    0x9e, 0xf7, 0x9e, 0xf7, 0x9e, 0xf7, 0x9e, 0xf7, 0x9e, 0xf7, 0x9e, 0xf7,
    0x9e, 0xf7, 0x9e, 0xf7, 0x9e, 0xf7, 0x9e, 0xf7, 0x9e, 0xf7, 0x9e, 0xf7,
    0x9e, 0xf7, 0x9e, 0xf7, 0x9e, 0xf7, 0x9e, 0xf7, 0x9e, 0xf7, 0x9e, 0xf7,
    0x9e, 0xf7, 0x9e, 0xf7, 0x9e, 0xf7, 0x9e, 0xf7, 0x9e, 0xf7, 0x9e, 0xf7,
    0x9e, 0xf7, 0x9e, 0xf7, 0x9e, 0xf7, 0x9e, 0xf7, 0x9e, 0xf7, 0x9e, 0xf7,
    0x9e, 0xf7, 0x9e, 0xf7, 0x9e, 0xf7, 0x9e, 0xf7, 0x9e, 0xf7, 0x9e, 0xf7,
    0x9e, 0xf7, 0x9e, 0xf7, 0x9e, 0xf7, 0x9e, 0xf7, 0x9e, 0xf7, 0x9e, 0xf7,
    0x9e, 0xf7, 0x9e, 0xf7, 0x9e, 0xf7, 0x9e, 0xf7, 0x9e, 0xf7, 0x9e, 0xf7,
    0x9e, 0xf7, 0x9e, 0xf7, 0x9e, 0xf7, 0x1c, 0xe7, 0x3c, 0xe7, 0x55, 0xad,
    0xef, 0x7b, 0x30, 0x84, 0x9e, 0xf7, 0x9e, 0xf7, 0x9e, 0xf7, 0x9e, 0xf7,
    0x9e, 0xf7, 0x9e, 0xf7, 0x9e, 0xf7, 0x9e, 0xf7, 0x9e, 0xf7, 0x9e, 0xf7,
    0x9e, 0xf7, 0x9e, 0xf7, 0x9e, 0xf7, 0x9e, 0xf7, 0x9e, 0xf7, 0x9e, 0xf7,
    0x9e, 0xf7, 0x9e, 0xf7, 0x9e, 0xf7, 0x9e, 0xf7, 0x9e, 0xf7, 0x9e, 0xf7,
    0x9e, 0xf7, 0x9e, 0xf7, 0x9e, 0xf7, 0x9e, 0xf7, 0x9e, 0xf7, 0x9e, 0xf7,
    0x9e, 0xf7, 0x9e, 0xf7, 0x9e, 0xf7, 0x9e, 0xf7, 0x9e, 0xf7, 0x9e, 0xf7,
    0x9e, 0xf7, 0x9e, 0xf7, 0x9e, 0xf7, 0x9e, 0xf7, 0x9e, 0xf7, 0x9e, 0xf7,
    0x9e, 0xf7, 0x9e, 0xf7, 0x9e, 0xf7, 0x9e, 0xf7, 0x9e, 0xf7, 0x9e, 0xf7,
    0x9e, 0xf7, 0x9e, 0xf7, 0x9e, 0xf7, 0x9e, 0xf7, 0x9e, 0xf7, 0x9e, 0xf7,
    0x9e, 0xf7, 0x9e, 0xf7, 0x9e, 0xf7, 0x9e, 0xf7, 0x9e, 0xf7, 0x9e, 0xf7,
    0x9e, 0xf7, 0x9e, 0xf7, 0x9e, 0xf7, 0x9e, 0xf7, 0x9e, 0xf7, 0x9e, 0xf7,
    0x9e, 0xf7, 0x9e, 0xf7, 0x9e, 0xf7, 0x9e, 0xf7, 0x9e, 0xf7, 0x9e, 0xf7,
    0x9e, 0xf7, 0x9e, 0xf7, 0x9e, 0xf7, 0x9e, 0xf7, 0x9e, 0xf7, 0x9e, 0xf7,
    0x9e, 0xf7, 0x9e, 0xf7, 0x9e, 0xf7, 0x9e, 0xf7, 0x9e, 0xf7, 0x9e, 0xf7,
    0x9e, 0xf7, 0x9e, 0xf7, 0x9e, 0xf7, 0x9e, 0xf7, 0x9e, 0xf7, 0x9e, 0xf7,
    0x9e, 0xf7, 0x9e, 0xf7, 0x9e, 0xf7, 0x9e, 0xf7, 0x9e, 0xf7, 0x9e, 0xf7,
    0x9e, 0xf7, 0x9e, 0xf7, 0x9e, 0xf7, 0x9e, 0xf7, 0x9e, 0xf7, 0x9e, 0xf7,
    0x9e, 0xf7, 0x9e, 0xf7, 0x9e, 0xf7, 0x9e, 0xf7, 0x9e, 0xf7, 0x9e, 0xf7,
    0x9e, 0xf7, 0x9e, 0xf7, 0x9e, 0xf7, 0x9e, 0xf7, 0x9e, 0xf7, 0x9e, 0xf7,
    0x9e, 0xf7, 0x9e, 0xf7, 0x9e, 0xf7, 0x9e, 0xf7, 0x9e, 0xf7, 0x9e, 0xf7,
    0x9e, 0xf7, 0x9e, 0xf7, 0x9e, 0xf7, 0x9e, 0xf7, 0x9e, 0xf7, 0x9e, 0xf7,
    0x9e, 0xf7, 0x9e, 0xf7, 0x9e, 0xf7, 0x9e, 0xf7, 0x9e, 0xf7, 0x9e, 0xf7,
    0x9e, 0xf7, 0x9e, 0xf7, 0x9e, 0xf7, 0x9e, 0xf7, 0x9e, 0xf7, 0x9e, 0xf7,
    0x9e, 0xf7, 0x9e, 0xf7, 0x9e, 0xf7, 0x9e, 0xf7, 0x9e, 0xf7, 0x9e, 0xf7,
    0x9e, 0xf7, 0x9e, 0xf7, 0x9e, 0xf7, 0x1c, 0xe7, 0x5d, 0xef, 0x55, 0xad,
    0xef, 0x7b, 0x30, 0x84, 0x9e, 0xf7, 0x9e, 0xf7, 0x9e, 0xf7, 0x9e, 0xf7,
    0x9e, 0xf7, 0x9e, 0xf7, 0x9e, 0xf7, 0x9e, 0xf7, 0x9e, 0xf7, 0x9e, 0xf7,
    0x9e, 0xf7, 0x9e, 0xf7, 0x9e, 0xf7, 0x9e, 0xf7, 0x9e, 0xf7, 0x9e, 0xf7,
    0x9e, 0xf7, 0x9e, 0xf7, 0x9e, 0xf7, 0x9e, 0xf7, 0x9e, 0xf7, 0x9e, 0xf7,
    0x9e, 0xf7, 0x9e, 0xf7, 0x9e, 0xf7, 0x9e, 0xf7, 0x9e, 0xf7, 0x9e, 0xf7,
    0x9e, 0xf7, 0x9e, 0xf7, 0x9e, 0xf7, 0x9e, 0xf7, 0x9e, 0xf7, 0x9e, 0xf7,
    0x9e, 0xf7, 0x9e, 0xf7, 0x9e, 0xf7, 0x9e, 0xf7, 0x9e, 0xf7, 0x9e, 0xf7,
    0x9e, 0xf7, 0x9e, 0xf7, 0x9e, 0xf7, 0x9e, 0xf7, 0x9e, 0xf7, 0x9e, 0xf7,
    0x9e, 0xf7, 0x9e, 0xf7, 0x9e, 0xf7, 0x9e, 0xf7, 0x9e, 0xf7, 0x9e, 0xf7,
    0x9e, 0xf7, 0x9e, 0xf7, 0x9e, 0xf7, 0x9e, 0xf7, 0x9e, 0xf7, 0x9e, 0xf7,
    0x9e, 0xf7, 0x9e, 0xf7, 0x9e, 0xf7, 0x9e, 0xf7, 0x9e, 0xf7, 0x9e, 0xf7,
    0x9e, 0xf7, 0x9e, 0xf7, 0x9e, 0xf7, 0x9e, 0xf7, 0x9e, 0xf7, 0x9e, 0xf7,
    0x9e, 0xf7, 0x9e, 0xf7, 0x9e, 0xf7, 0x9e, 0xf7, 0x9e, 0xf7, 0x9e, 0xf7,
    0x9e, 0xf7, 0x9e, 0xf7, 0x9e, 0xf7, 0x9e, 0xf7, 0x9e, 0xf7, 0x9e, 0xf7,
    0x9e, 0xf7, 0x9e, 0xf7, 0x9e, 0xf7, 0x9e, 0xf7, 0x9e, 0xf7, 0x9e, 0xf7,
    0x9e, 0xf7, 0x9e, 0xf7, 0x9e, 0xf7, 0x9e, 0xf7, 0x9e, 0xf7, 0x9e, 0xf7,
    0x9e, 0xf7, 0x9e, 0xf7, 0x9e, 0xf7, 0x9e, 0xf7, 0x9e, 0xf7, 0x9e, 0xf7,
    0x9e, 0xf7, 0x9e, 0xf7, 0x9e, 0xf7, 0x9e, 0xf7, 0x9e, 0xf7, 0x9e, 0xf7,
    0x9e, 0xf7, 0x9e, 0xf7, 0x9e, 0xf7, 0x9e, 0xf7, 0x9e, 0xf7, 0x9e, 0xf7,
    0x9e, 0xf7, 0x9e, 0xf7, 0x9e, 0xf7, 0x9e, 0xf7, 0x9e, 0xf7, 0x9e, 0xf7,
    0x9e, 0xf7, 0x9e, 0xf7, 0x9e, 0xf7, 0x9e, 0xf7, 0x9e, 0xf7, 0x9e, 0xf7,
    0x9e, 0xf7, 0x9e, 0xf7, 0x9e, 0xf7, 0x9e, 0xf7, 0x9e, 0xf7, 0x9e, 0xf7,
    0x9e, 0xf7, 0x9e, 0xf7, 0x9e, 0xf7, 0x9e, 0xf7, 0x9e, 0xf7, 0x9e, 0xf7,
    0x9e, 0xf7, 0x9e, 0xf7, 0x9e, 0xf7, 0x9e, 0xf7, 0x9e, 0xf7, 0x9e, 0xf7,
    0x9e, 0xf7, 0x9e, 0xf7, 0x9e, 0xf7, 0x1c, 0xe7, 0x5d, 0xef, 0x55, 0xad,
    0xef, 0x7b, 0x30, 0x84, 0x9e, 0xf7, 0x9e, 0xf7, 0x9e, 0xf7, 0x9e, 0xf7,
    0x9e, 0xf7, 0x9e, 0xf7, 0x9e, 0xf7, 0x9e, 0xf7, 0x9e, 0xf7, 0x9e, 0xf7,
    0x9e, 0xf7, 0x9e, 0xf7, 0x9e, 0xf7, 0x9e, 0xf7, 0x9e, 0xf7, 0x9e, 0xf7,
    0x9e, 0xf7, 0x9e, 0xf7, 0x9e, 0xf7, 0x9e, 0xf7, 0x9e, 0xf7, 0x9e, 0xf7,
    0x9e, 0xf7, 0x9e, 0xf7, 0x9e, 0xf7, 0x9e, 0xf7, 0x9e, 0xf7, 0x9e, 0xf7,
    0x9e, 0xf7, 0x9e, 0xf7, 0x9e, 0xf7, 0x9e, 0xf7, 0x9e, 0xf7, 0x9e, 0xf7,
    0x9e, 0xf7, 0x9e, 0xf7, 0x9e, 0xf7, 0x9e, 0xf7, 0x9e, 0xf7, 0x9e, 0xf7,
    0x9e, 0xf7, 0x9e, 0xf7, 0x9e, 0xf7, 0x9e, 0xf7, 0x9e, 0xf7, 0x9e, 0xf7,
    0x9e, 0xf7, 0x9e, 0xf7, 0x9e, 0xf7, 0x9e, 0xf7, 0x9e, 0xf7, 0x9e, 0xf7,
    0x9e, 0xf7, 0x9e, 0xf7, 0x9e, 0xf7, 0x9e, 0xf7, 0x9e, 0xf7, 0x9e, 0xf7,
    0x9e, 0xf7, 0x9e, 0xf7, 0x9e, 0xf7, 0x9e, 0xf7, 0x9e, 0xf7, 0x9e, 0xf7,
    0x9e, 0xf7, 0x9e, 0xf7, 0x9e, 0xf7, 0x9e, 0xf7, 0x9e, 0xf7, 0x9e, 0xf7,
    0x9e, 0xf7, 0x9e, 0xf7, 0x9e, 0xf7, 0x9e, 0xf7, 0x9e, 0xf7, 0x9e, 0xf7,
    0x9e, 0xf7, 0x9e, 0xf7, 0x9e, 0xf7, 0x9e, 0xf7, 0x9e, 0xf7, 0x9e, 0xf7,
    0x9e, 0xf7, 0x9e, 0xf7, 0x9e, 0xf7, 0x9e, 0xf7, 0x9e, 0xf7, 0x9e, 0xf7,
    0x9e, 0xf7, 0x9e, 0xf7, 0x9e, 0xf7, 0x9e, 0xf7, 0x9e, 0xf7, 0x9e, 0xf7,
    0x9e, 0xf7, 0x9e, 0xf7, 0x9e, 0xf7, 0x9e, 0xf7, 0x9e, 0xf7, 0x9e, 0xf7,
    0x9e, 0xf7, 0x9e, 0xf7, 0x9e, 0xf7, 0x9e, 0xf7, 0x9e, 0xf7, 0x9e, 0xf7,
    0x9e, 0xf7, 0x9e, 0xf7, 0x9e, 0xf7, 0x9e, 0xf7, 0x9e, 0xf7, 0x9e, 0xf7,
    0x9e, 0xf7, 0x9e, 0xf7, 0x9e, 0xf7, 0x9e, 0xf7, 0x9e, 0xf7, 0x9e, 0xf7,
    0x9e, 0xf7, 0x9e, 0xf7, 0x9e, 0xf7, 0x9e, 0xf7, 0x9e, 0xf7, 0x9e, 0xf7,
    0x9e, 0xf7, 0x9e, 0xf7, 0x9e, 0xf7, 0x9e, 0xf7, 0x9e, 0xf7, 0x9e, 0xf7,
    0x9e, 0xf7, 0x9e, 0xf7, 0x9e, 0xf7, 0x9e, 0xf7, 0x9e, 0xf7, 0x9e, 0xf7,
    0x9e, 0xf7, 0x9e, 0xf7, 0x9e, 0xf7, 0x9e, 0xf7, 0x9e, 0xf7, 0x9e, 0xf7,
    0x9e, 0xf7, 0x9e, 0xf7, 0x9e, 0xf7, 0x1c, 0xe7, 0x5d, 0xef, 0x55, 0xad,
    0xef, 0x7b, 0x30, 0x84, 0x9e, 0xf7, 0x9e, 0xf7, 0x9e, 0xf7, 0x9e, 0xf7,
    0x9e, 0xf7, 0x9e, 0xf7, 0x9e, 0xf7, 0x9e, 0xf7, 0x9e, 0xf7, 0x9e, 0xf7,
    0x9e, 0xf7, 0x9e, 0xf7, 0x9e, 0xf7, 0x9e, 0xf7, 0x9e, 0xf7, 0x9e, 0xf7,
    0x9e, 0xf7, 0x9e, 0xf7, 0x9e, 0xf7, 0x9e, 0xf7, 0x9e, 0xf7, 0x9e, 0xf7,
    0x9e, 0xf7, 0x9e, 0xf7, 0x9e, 0xf7, 0x9e, 0xf7, 0x9e, 0xf7, 0x9e, 0xf7,
    0x9e, 0xf7, 0x9e, 0xf7, 0x9e, 0xf7, 0x9e, 0xf7, 0x9e, 0xf7, 0x9e, 0xf7,
    0x9e, 0xf7, 0x9e, 0xf7, 0x9e, 0xf7, 0x9e, 0xf7, 0x9e, 0xf7, 0x9e, 0xf7,
    0x9e, 0xf7, 0x9e, 0xf7, 0x9e, 0xf7, 0x9e, 0xf7, 0x9e, 0xf7, 0x9e, 0xf7,
    0x9e, 0xf7, 0x9e, 0xf7, 0x9e, 0xf7, 0x9e, 0xf7, 0x9e, 0xf7, 0x9e, 0xf7,
    0x9e, 0xf7, 0x9e, 0xf7, 0x9e, 0xf7, 0x9e, 0xf7, 0x9e, 0xf7, 0x9e, 0xf7,
    0x9e, 0xf7, 0x9e, 0xf7, 0x9e, 0xf7, 0x9e, 0xf7, 0x9e, 0xf7, 0x9e, 0xf7,
    0x9e, 0xf7, 0x9e, 0xf7, 0x9e, 0xf7, 0x9e, 0xf7, 0x9e, 0xf7, 0x9e, 0xf7,
    0x9e, 0xf7, 0x9e, 0xf7, 0x9e, 0xf7, 0x9e, 0xf7, 0x9e, 0xf7, 0x9e, 0xf7,
    0x9e, 0xf7, 0x9e, 0xf7, 0x9e, 0xf7, 0x9e, 0xf7, 0x9e, 0xf7, 0x9e, 0xf7,
    0x9e, 0xf7, 0x9e, 0xf7, 0x9e, 0xf7, 0x9e, 0xf7, 0x9e, 0xf7, 0x9e, 0xf7,
    0x9e, 0xf7, 0x9e, 0xf7, 0x9e, 0xf7, 0x9e, 0xf7, 0x9e, 0xf7, 0x9e, 0xf7,
    0x9e, 0xf7, 0x9e, 0xf7, 0x9e, 0xf7, 0x9e, 0xf7, 0x9e, 0xf7, 0x9e, 0xf7,
    0x9e, 0xf7, 0x9e, 0xf7, 0x9e, 0xf7, 0x9e, 0xf7, 0x9e, 0xf7, 0x9e, 0xf7,
    0x9e, 0xf7, 0x9e, 0xf7, 0x9e, 0xf7, 0x9e, 0xf7, 0x9e, 0xf7, 0x9e, 0xf7,
    0x9e, 0xf7, 0x9e, 0xf7, 0x9e, 0xf7, 0x9e, 0xf7, 0x9e, 0xf7, 0x9e, 0xf7,
    0x9e, 0xf7, 0x9e, 0xf7, 0x9e, 0xf7, 0x9e, 0xf7, 0x9e, 0xf7, 0x9e, 0xf7,
    0x9e, 0xf7, 0x9e, 0xf7, 0x9e, 0xf7, 0x9e, 0xf7, 0x9e, 0xf7, 0x9e, 0xf7,
    0x9e, 0xf7, 0x9e, 0xf7, 0x9e, 0xf7, 0x9e, 0xf7, 0x9e, 0xf7, 0x9e, 0xf7,
    0x9e, 0xf7, 0x9e, 0xf7, 0x9e, 0xf7, 0x9e, 0xf7, 0x9e, 0xf7, 0x9e, 0xf7,
    0x9e, 0xf7, 0x9e, 0xf7, 0x9e, 0xf7, 0x1c, 0xe7, 0x5d, 0xef, 0x55, 0xad,
    0xef, 0x7b, 0x30, 0x84, 0x9e, 0xf7, 0x9e, 0xf7, 0x9e, 0xf7, 0x9e, 0xf7,
    0x9e, 0xf7, 0x9e, 0xf7, 0x9e, 0xf7, 0x9e, 0xf7, 0x9e, 0xf7, 0x9e, 0xf7,
    0x9e, 0xf7, 0x9e, 0xf7, 0x9e, 0xf7, 0x9e, 0xf7, 0x9e, 0xf7, 0x9e, 0xf7,
    0x9e, 0xf7, 0x9e, 0xf7, 0x9e, 0xf7, 0x9e, 0xf7, 0x9e, 0xf7, 0x9e, 0xf7,
    0x9e, 0xf7, 0x9e, 0xf7, 0x9e, 0xf7, 0x9e, 0xf7, 0x9e, 0xf7, 0x9e, 0xf7,
    0x9e, 0xf7, 0x9e, 0xf7, 0x9e, 0xf7, 0x9e, 0xf7, 0x9e, 0xf7, 0x9e, 0xf7,
    0x9e, 0xf7, 0x9e, 0xf7, 0x9e, 0xf7, 0x9e, 0xf7, 0x9e, 0xf7, 0x9e, 0xf7,
    0x9e, 0xf7, 0x9e, 0xf7, 0x9e, 0xf7, 0x9e, 0xf7, 0x9e, 0xf7, 0x9e, 0xf7,
    0x9e, 0xf7, 0x9e, 0xf7, 0x9e, 0xf7, 0x9e, 0xf7, 0x9e, 0xf7, 0x9e, 0xf7,
    0x9e, 0xf7, 0x9e, 0xf7, 0x9e, 0xf7, 0x9e, 0xf7, 0x9e, 0xf7, 0x9e, 0xf7,
    0x9e, 0xf7, 0x9e, 0xf7, 0x9e, 0xf7, 0x9e, 0xf7, 0x9e, 0xf7, 0x9e, 0xf7,
    0x9e, 0xf7, 0x9e, 0xf7, 0x9e, 0xf7, 0x9e, 0xf7, 0x9e, 0xf7, 0x9e, 0xf7,
    0x9e, 0xf7, 0x9e, 0xf7, 0x9e, 0xf7, 0x9e, 0xf7, 0x9e, 0xf7, 0x9e, 0xf7,
    0x9e, 0xf7, 0x9e, 0xf7, 0x9e, 0xf7, 0x9e, 0xf7, 0x9e, 0xf7, 0x9e, 0xf7,
    0x9e, 0xf7, 0x9e, 0xf7, 0x9e, 0xf7, 0x9e, 0xf7, 0x9e, 0xf7, 0x9e, 0xf7,
    0x9e, 0xf7, 0x9e, 0xf7, 0x9e, 0xf7, 0x9e, 0xf7, 0x9e, 0xf7, 0x9e, 0xf7,
    0x9e, 0xf7, 0x9e, 0xf7, 0x9e, 0xf7, 0x9e, 0xf7, 0x9e, 0xf7, 0x9e, 0xf7,
    0x9e, 0xf7, 0x9e, 0xf7, 0x9e, 0xf7, 0x9e, 0xf7, 0x9e, 0xf7, 0x9e, 0xf7,
    0x9e, 0xf7, 0x9e, 0xf7, 0x9e, 0xf7, 0x9e, 0xf7, 0x9e, 0xf7, 0x9e, 0xf7,
    0x9e, 0xf7, 0x9e, 0xf7, 0x9e, 0xf7, 0x9e, 0xf7, 0x9e, 0xf7, 0x9e, 0xf7,
    0x9e, 0xf7, 0x9e, 0xf7, 0x9e, 0xf7, 0x9e, 0xf7, 0x9e, 0xf7, 0x9e, 0xf7,
    0x9e, 0xf7, 0x9e, 0xf7, 0x9e, 0xf7, 0x9e, 0xf7, 0x9e, 0xf7, 0x9e, 0xf7,
    0x9e, 0xf7, 0x9e, 0xf7, 0x9e, 0xf7, 0x9e, 0xf7, 0x9e, 0xf7, 0x9e, 0xf7,
    0x9e, 0xf7, 0x9e, 0xf7, 0x9e, 0xf7, 0x9e, 0xf7, 0x9e, 0xf7, 0x9e, 0xf7,
    0x9e, 0xf7, 0x9e, 0xf7, 0x9e, 0xf7, 0x1c, 0xe7, 0x5d, 0xef, 0x55, 0xad,
    0xef, 0x7b, 0x30, 0x84, 0x9e, 0xf7, 0x9e, 0xf7, 0x9e, 0xf7, 0x9e, 0xf7,
    0x9e, 0xf7, 0x9e, 0xf7, 0x9e, 0xf7, 0x9e, 0xf7, 0x9e, 0xf7, 0x9e, 0xf7,
    0x9e, 0xf7, 0x9e, 0xf7, 0x9e, 0xf7, 0x9e, 0xf7, 0x9e, 0xf7, 0x9e, 0xf7,
    0x9e, 0xf7, 0x9e, 0xf7, 0x9e, 0xf7, 0x9e, 0xf7, 0x9e, 0xf7, 0x9e, 0xf7,
    0x9e, 0xf7, 0x9e, 0xf7, 0x9e, 0xf7, 0x9e, 0xf7, 0x9e, 0xf7, 0x9e, 0xf7,
    0x9e, 0xf7, 0x9e, 0xf7, 0x9e, 0xf7, 0x9e, 0xf7, 0x9e, 0xf7, 0x9e, 0xf7,
    0x9e, 0xf7, 0x9e, 0xf7, 0x9e, 0xf7, 0x9e, 0xf7, 0x9e, 0xf7, 0x9e, 0xf7,
    0x9e, 0xf7, 0x9e, 0xf7, 0x9e, 0xf7, 0x9e, 0xf7, 0x9e, 0xf7, 0x9e, 0xf7,
    0x9e, 0xf7, 0x9e, 0xf7, 0x9e, 0xf7, 0x9e, 0xf7, 0x9e, 0xf7, 0x9e, 0xf7,
    0x9e, 0xf7, 0x9e, 0xf7, 0x9e, 0xf7, 0x9e, 0xf7, 0x9e, 0xf7, 0x9e, 0xf7,
    0x9e, 0xf7, 0x9e, 0xf7, 0x9e, 0xf7, 0x9e, 0xf7, 0x9e, 0xf7, 0x9e, 0xf7,
    0x9e, 0xf7, 0x9e, 0xf7, 0x9e, 0xf7, 0x9e, 0xf7, 0x9e, 0xf7, 0x9e, 0xf7,
    0x9e, 0xf7, 0x9e, 0xf7, 0x9e, 0xf7, 0x9e, 0xf7, 0x9e, 0xf7, 0x9e, 0xf7,
    0x9e, 0xf7, 0x9e, 0xf7, 0x9e, 0xf7, 0x9e, 0xf7, 0x9e, 0xf7, 0x9e, 0xf7,
    0x9e, 0xf7, 0x9e, 0xf7, 0x9e, 0xf7, 0x9e, 0xf7, 0x9e, 0xf7, 0x9e, 0xf7,
    0x9e, 0xf7, 0x9e, 0xf7, 0x9e, 0xf7, 0x9e, 0xf7, 0x9e, 0xf7, 0x9e, 0xf7,
    0x9e, 0xf7, 0x9e, 0xf7, 0x9e, 0xf7, 0x9e, 0xf7, 0x9e, 0xf7, 0x9e, 0xf7,
    0x9e, 0xf7, 0x9e, 0xf7, 0x9e, 0xf7, 0x9e, 0xf7, 0x9e, 0xf7, 0x9e, 0xf7,
    0x9e, 0xf7, 0x9e, 0xf7, 0x9e, 0xf7, 0x9e, 0xf7, 0x9e, 0xf7, 0x9e, 0xf7,
    0x9e, 0xf7, 0x9e, 0xf7, 0x9e, 0xf7, 0x9e, 0xf7, 0x9e, 0xf7, 0x9e, 0xf7,
    0x9e, 0xf7, 0x9e, 0xf7, 0x9e, 0xf7, 0x9e, 0xf7, 0x9e, 0xf7, 0x9e, 0xf7,
    0x9e, 0xf7, 0x9e, 0xf7, 0x9e, 0xf7, 0x9e, 0xf7, 0x9e, 0xf7, 0x9e, 0xf7,
    0x9e, 0xf7, 0x9e, 0xf7, 0x9e, 0xf7, 0x9e, 0xf7, 0x9e, 0xf7, 0x9e, 0xf7,
    0x9e, 0xf7, 0x9e, 0xf7, 0x9e, 0xf7, 0x9e, 0xf7, 0x9e, 0xf7, 0x9e, 0xf7,
    0x9e, 0xf7, 0x9e, 0xf7, 0x9e, 0xf7, 0x1c, 0xe7, 0x5d, 0xef, 0x55, 0xad,
    0xef, 0x7b, 0x30, 0x84, 0x9e, 0xf7, 0x9e, 0xf7, 0x9e, 0xf7, 0x9e, 0xf7,
    0x9e, 0xf7, 0x9e, 0xf7, 0x9e, 0xf7, 0x9e, 0xf7, 0x9e, 0xf7, 0x9e, 0xf7,
    0x9e, 0xf7, 0x9e, 0xf7, 0x9e, 0xf7, 0x9e, 0xf7, 0x9e, 0xf7, 0x9e, 0xf7,
    0x9e, 0xf7, 0x9e, 0xf7, 0x9e, 0xf7, 0x9e, 0xf7, 0x9e, 0xf7, 0x9e, 0xf7,
    0x9e, 0xf7, 0x9e, 0xf7, 0x9e, 0xf7, 0x9e, 0xf7, 0x9e, 0xf7, 0x9e, 0xf7,
    0x9e, 0xf7, 0x9e, 0xf7, 0x9e, 0xf7, 0x9e, 0xf7, 0x9e, 0xf7, 0x9e, 0xf7,
    0x9e, 0xf7, 0x9e, 0xf7, 0x9e, 0xf7, 0x9e, 0xf7, 0x9e, 0xf7, 0x9e, 0xf7,
    0x9e, 0xf7, 0x9e, 0xf7, 0x9e, 0xf7, 0x9e, 0xf7, 0x9e, 0xf7, 0x9e, 0xf7,
    0x9e, 0xf7, 0x9e, 0xf7, 0x9e, 0xf7, 0x9e, 0xf7, 0x9e, 0xf7, 0x9e, 0xf7,
    0x9e, 0xf7, 0x9e, 0xf7, 0x9e, 0xf7, 0x9e, 0xf7, 0x9e, 0xf7, 0x9e, 0xf7,
    0x9e, 0xf7, 0x9e, 0xf7, 0x9e, 0xf7, 0x9e, 0xf7, 0x9e, 0xf7, 0x9e, 0xf7,
    0x9e, 0xf7, 0x9e, 0xf7, 0x9e, 0xf7, 0x9e, 0xf7, 0x9e, 0xf7, 0x9e, 0xf7,
    0x9e, 0xf7, 0x9e, 0xf7, 0x9e, 0xf7, 0x9e, 0xf7, 0x9e, 0xf7, 0x9e, 0xf7,
    0x9e, 0xf7, 0x9e, 0xf7, 0x9e, 0xf7, 0x9e, 0xf7, 0x9e, 0xf7, 0x9e, 0xf7,
    0x9e, 0xf7, 0x9e, 0xf7, 0x9e, 0xf7, 0x9e, 0xf7, 0x9e, 0xf7, 0x9e, 0xf7,
    0x9e, 0xf7, 0x9e, 0xf7, 0x9e, 0xf7, 0x9e, 0xf7, 0x9e, 0xf7, 0x9e, 0xf7,
    0x9e, 0xf7, 0x9e, 0xf7, 0x9e, 0xf7, 0x9e, 0xf7, 0x9e, 0xf7, 0x9e, 0xf7,
    0x9e, 0xf7, 0x9e, 0xf7, 0x9e, 0xf7, 0x9e, 0xf7, 0x9e, 0xf7, 0x9e, 0xf7,
    0x9e, 0xf7, 0x9e, 0xf7, 0x9e, 0xf7, 0x9e, 0xf7, 0x9e, 0xf7, 0x9e, 0xf7,
    0x9e, 0xf7, 0x9e, 0xf7, 0x9e, 0xf7, 0x9e, 0xf7, 0x9e, 0xf7, 0x9e, 0xf7,
    0x9e, 0xf7, 0x9e, 0xf7, 0x9e, 0xf7, 0x9e, 0xf7, 0x9e, 0xf7, 0x9e, 0xf7,
    0x9e, 0xf7, 0x9e, 0xf7, 0x9e, 0xf7, 0x9e, 0xf7, 0x9e, 0xf7, 0x9e, 0xf7,
    0x9e, 0xf7, 0x9e, 0xf7, 0x9e, 0xf7, 0x9e, 0xf7, 0x9e, 0xf7, 0x9e, 0xf7,
    0x9e, 0xf7, 0x9e, 0xf7, 0x9e, 0xf7, 0x9e, 0xf7, 0x9e, 0xf7, 0x9e, 0xf7,
    0x9e, 0xf7, 0x9e, 0xf7, 0x9e, 0xf7, 0x1c, 0xe7, 0x7d, 0xef, 0x55, 0xad,
    0xef, 0x7b, 0x30, 0x84, 0x9e, 0xf7, 0x9e, 0xf7, 0x9e, 0xf7, 0x9e, 0xf7,
    0x9e, 0xf7, 0x9e, 0xf7, 0x9e, 0xf7, 0x9e, 0xf7, 0x9e, 0xf7, 0x9e, 0xf7,
    0x9e, 0xf7, 0x9e, 0xf7, 0x9e, 0xf7, 0x9e, 0xf7, 0x9e, 0xf7, 0x9e, 0xf7,
    0x9e, 0xf7, 0x9e, 0xf7, 0x9e, 0xf7, 0x9e, 0xf7, 0x9e, 0xf7, 0x9e, 0xf7,
    0x9e, 0xf7, 0x9e, 0xf7, 0x9e, 0xf7, 0x9e, 0xf7, 0x9e, 0xf7, 0x9e, 0xf7,
    0x9e, 0xf7, 0x9e, 0xf7, 0x9e, 0xf7, 0x9e, 0xf7, 0x9e, 0xf7, 0x9e, 0xf7,
    0x9e, 0xf7, 0x9e, 0xf7, 0x9e, 0xf7, 0x9e, 0xf7, 0x9e, 0xf7, 0x9e, 0xf7,
    0x9e, 0xf7, 0x9e, 0xf7, 0x9e, 0xf7, 0x9e, 0xf7, 0x9e, 0xf7, 0x9e, 0xf7,
    0x9e, 0xf7, 0x9e, 0xf7, 0x9e, 0xf7, 0x9e, 0xf7, 0x9e, 0xf7, 0x9e, 0xf7,
    0x9e, 0xf7, 0x9e, 0xf7, 0x9e, 0xf7, 0x9e, 0xf7, 0x9e, 0xf7, 0x9e, 0xf7,
    0x9e, 0xf7, 0x9e, 0xf7, 0x9e, 0xf7, 0x9e, 0xf7, 0x9e, 0xf7, 0x9e, 0xf7,
    0x9e, 0xf7, 0x9e, 0xf7, 0x9e, 0xf7, 0x9e, 0xf7, 0x9e, 0xf7, 0x9e, 0xf7,
    0x9e, 0xf7, 0x9e, 0xf7, 0x9e, 0xf7, 0x9e, 0xf7, 0x9e, 0xf7, 0x9e, 0xf7,
    0x9e, 0xf7, 0x9e, 0xf7, 0x9e, 0xf7, 0x9e, 0xf7, 0x9e, 0xf7, 0x9e, 0xf7,
    0x9e, 0xf7, 0x9e, 0xf7, 0x9e, 0xf7, 0x9e, 0xf7, 0x9e, 0xf7, 0x9e, 0xf7,
    0x9e, 0xf7, 0x9e, 0xf7, 0x9e, 0xf7, 0x9e, 0xf7, 0x9e, 0xf7, 0x9e, 0xf7,
    0x9e, 0xf7, 0x9e, 0xf7, 0x9e, 0xf7, 0x9e, 0xf7, 0x9e, 0xf7, 0x9e, 0xf7,
    0x9e, 0xf7, 0x9e, 0xf7, 0x9e, 0xf7, 0x9e, 0xf7, 0x9e, 0xf7, 0x9e, 0xf7,
    0x9e, 0xf7, 0x9e, 0xf7, 0x9e, 0xf7, 0x9e, 0xf7, 0x9e, 0xf7, 0x9e, 0xf7,
    0x9e, 0xf7, 0x9e, 0xf7, 0x9e, 0xf7, 0x9e, 0xf7, 0x9e, 0xf7, 0x9e, 0xf7,
    0x9e, 0xf7, 0x9e, 0xf7, 0x9e, 0xf7, 0x9e, 0xf7, 0x9e, 0xf7, 0x9e, 0xf7,
    0x9e, 0xf7, 0x9e, 0xf7, 0x9e, 0xf7, 0x9e, 0xf7, 0x9e, 0xf7, 0x9e, 0xf7,
    0x9e, 0xf7, 0x9e, 0xf7, 0x9e, 0xf7, 0x9e, 0xf7, 0x9e, 0xf7, 0x9e, 0xf7,
    0x9e, 0xf7, 0x9e, 0xf7, 0x9e, 0xf7, 0x9e, 0xf7, 0x9e, 0xf7, 0x9e, 0xf7,
    0x9e, 0xf7, 0x9e, 0xf7, 0x9e, 0xf7, 0x1c, 0xe7, 0x7d, 0xef, 0x55, 0xad,
    0xef, 0x7b, 0x30, 0x84, 0x9e, 0xf7, 0x9e, 0xf7, 0x9e, 0xf7, 0x9e, 0xf7,
    0x9e, 0xf7, 0x9e, 0xf7, 0x9e, 0xf7, 0x9e, 0xf7, 0x9e, 0xf7, 0x9e, 0xf7,
    0x9e, 0xf7, 0x9e, 0xf7, 0x9e, 0xf7, 0x9e, 0xf7, 0x9e, 0xf7, 0x9e, 0xf7,
    0x9e, 0xf7, 0x9e, 0xf7, 0x9e, 0xf7, 0x9e, 0xf7, 0x9e, 0xf7, 0x9e, 0xf7,
    0x9e, 0xf7, 0x9e, 0xf7, 0x9e, 0xf7, 0x9e, 0xf7, 0x9e, 0xf7, 0x9e, 0xf7,
    0x9e, 0xf7, 0x9e, 0xf7, 0x9e, 0xf7, 0x9e, 0xf7, 0x9e, 0xf7, 0x9e, 0xf7,
    0x9e, 0xf7, 0x9e, 0xf7, 0x9e, 0xf7, 0x9e, 0xf7, 0x9e, 0xf7, 0x9e, 0xf7,
    0x9e, 0xf7, 0x9e, 0xf7, 0x9e, 0xf7, 0x9e, 0xf7, 0x9e, 0xf7, 0x9e, 0xf7,
    0x9e, 0xf7, 0x9e, 0xf7, 0x9e, 0xf7, 0x9e, 0xf7, 0x9e, 0xf7, 0x9e, 0xf7,
    0x9e, 0xf7, 0x9e, 0xf7, 0x9e, 0xf7, 0x9e, 0xf7, 0x9e, 0xf7, 0x9e, 0xf7,
    0x9e, 0xf7, 0x9e, 0xf7, 0x9e, 0xf7, 0x9e, 0xf7, 0x9e, 0xf7, 0x9e, 0xf7,
    0x9e, 0xf7, 0x9e, 0xf7, 0x9e, 0xf7, 0x9e, 0xf7, 0x9e, 0xf7, 0x9e, 0xf7,
    0x9e, 0xf7, 0x9e, 0xf7, 0x9e, 0xf7, 0x9e, 0xf7, 0x9e, 0xf7, 0x9e, 0xf7,
    0x9e, 0xf7, 0x9e, 0xf7, 0x9e, 0xf7, 0x9e, 0xf7, 0x9e, 0xf7, 0x9e, 0xf7,
    0x9e, 0xf7, 0x9e, 0xf7, 0x9e, 0xf7, 0x9e, 0xf7, 0x9e, 0xf7, 0x9e, 0xf7,
    0x9e, 0xf7, 0x9e, 0xf7, 0x9e, 0xf7, 0x9e, 0xf7, 0x9e, 0xf7, 0x9e, 0xf7,
    0x9e, 0xf7, 0x9e, 0xf7, 0x9e, 0xf7, 0x9e, 0xf7, 0x9e, 0xf7, 0x9e, 0xf7,
    0x9e, 0xf7, 0x9e, 0xf7, 0x9e, 0xf7, 0x9e, 0xf7, 0x9e, 0xf7, 0x9e, 0xf7,
    0x9e, 0xf7, 0x9e, 0xf7, 0x9e, 0xf7, 0x9e, 0xf7, 0x9e, 0xf7, 0x9e, 0xf7,
    0x9e, 0xf7, 0x9e, 0xf7, 0x9e, 0xf7, 0x9e, 0xf7, 0x9e, 0xf7, 0x9e, 0xf7,
    0x9e, 0xf7, 0x9e, 0xf7, 0x9e, 0xf7, 0x9e, 0xf7, 0x9e, 0xf7, 0x9e, 0xf7,
    0x9e, 0xf7, 0x9e, 0xf7, 0x9e, 0xf7, 0x9e, 0xf7, 0x9e, 0xf7, 0x9e, 0xf7,
    0x9e, 0xf7, 0x9e, 0xf7, 0x9e, 0xf7, 0x9e, 0xf7, 0x9e, 0xf7, 0x9e, 0xf7,
    0x9e, 0xf7, 0x9e, 0xf7, 0x9e, 0xf7, 0x9e, 0xf7, 0x9e, 0xf7, 0x9e, 0xf7,
    0x9e, 0xf7, 0x9e, 0xf7, 0x9e, 0xf7, 0x1c, 0xe7, 0x7d, 0xef, 0x55, 0xad,
    0xef, 0x7b, 0x30, 0x84, 0x9e, 0xf7, 0x9e, 0xf7, 0x9e, 0xf7, 0x9e, 0xf7,
    0x9e, 0xf7, 0x9e, 0xf7, 0x9e, 0xf7, 0x9e, 0xf7, 0x9e, 0xf7, 0x9e, 0xf7,
    0x9e, 0xf7, 0x9e, 0xf7, 0x9e, 0xf7, 0x9e, 0xf7, 0x9e, 0xf7, 0x9e, 0xf7,
    0x9e, 0xf7, 0x9e, 0xf7, 0x9e, 0xf7, 0x9e, 0xf7, 0x9e, 0xf7, 0x9e, 0xf7,
    0x9e, 0xf7, 0x9e, 0xf7, 0x9e, 0xf7, 0x9e, 0xf7, 0x9e, 0xf7, 0x9e, 0xf7,
    0x9e, 0xf7, 0x9e, 0xf7, 0x9e, 0xf7, 0x9e, 0xf7, 0x9e, 0xf7, 0x9e, 0xf7,
    0x9e, 0xf7, 0x9e, 0xf7, 0x9e, 0xf7, 0x9e, 0xf7, 0x9e, 0xf7, 0x9e, 0xf7,
    0x9e, 0xf7, 0x9e, 0xf7, 0x9e, 0xf7, 0x9e, 0xf7, 0x9e, 0xf7, 0x9e, 0xf7,
    0x9e, 0xf7, 0x9e, 0xf7, 0x9e, 0xf7, 0x9e, 0xf7, 0x9e, 0xf7, 0x9e, 0xf7,
    0x9e, 0xf7, 0x9e, 0xf7, 0x9e, 0xf7, 0x9e, 0xf7, 0x9e, 0xf7, 0x9e, 0xf7,
    0x9e, 0xf7, 0x9e, 0xf7, 0x9e, 0xf7, 0x9e, 0xf7, 0x9e, 0xf7, 0x9e, 0xf7,
    0x9e, 0xf7, 0x9e, 0xf7, 0x9e, 0xf7, 0x9e, 0xf7, 0x9e, 0xf7, 0x9e, 0xf7,
    0x9e, 0xf7, 0x9e, 0xf7, 0x9e, 0xf7, 0x9e, 0xf7, 0x9e, 0xf7, 0x9e, 0xf7,
    0x9e, 0xf7, 0x9e, 0xf7, 0x9e, 0xf7, 0x9e, 0xf7, 0x9e, 0xf7, 0x9e, 0xf7,
    0x9e, 0xf7, 0x9e, 0xf7, 0x9e, 0xf7, 0x9e, 0xf7, 0x9e, 0xf7, 0x9e, 0xf7,
    0x9e, 0xf7, 0x9e, 0xf7, 0x9e, 0xf7, 0x9e, 0xf7, 0x9e, 0xf7, 0x9e, 0xf7,
    0x9e, 0xf7, 0x9e, 0xf7, 0x9e, 0xf7, 0x9e, 0xf7, 0x9e, 0xf7, 0x9e, 0xf7,
    0x9e, 0xf7, 0x9e, 0xf7, 0x9e, 0xf7, 0x9e, 0xf7, 0x9e, 0xf7, 0x9e, 0xf7,
    0x9e, 0xf7, 0x9e, 0xf7, 0x9e, 0xf7, 0x9e, 0xf7, 0x9e, 0xf7, 0x9e, 0xf7,
    0x9e, 0xf7, 0x9e, 0xf7, 0x9e, 0xf7, 0x9e, 0xf7, 0x9e, 0xf7, 0x9e, 0xf7,
    0x9e, 0xf7, 0x9e, 0xf7, 0x9e, 0xf7, 0x9e, 0xf7, 0x9e, 0xf7, 0x9e, 0xf7,
    0x9e, 0xf7, 0x9e, 0xf7, 0x9e, 0xf7, 0x9e, 0xf7, 0x9e, 0xf7, 0x9e, 0xf7,
    0x9e, 0xf7, 0x9e, 0xf7, 0x9e, 0xf7, 0x9e, 0xf7, 0x9e, 0xf7, 0x9e, 0xf7,
    0x9e, 0xf7, 0x9e, 0xf7, 0x9e, 0xf7, 0x9e, 0xf7, 0x9e, 0xf7, 0x9e, 0xf7,
    0x9e, 0xf7, 0x9e, 0xf7, 0x9e, 0xf7, 0x1c, 0xe7, 0x7d, 0xef, 0x55, 0xad,
    0xef, 0x7b, 0x30, 0x84, 0x9e, 0xf7, 0x9e, 0xf7, 0x9e, 0xf7, 0x9e, 0xf7,
    0x9e, 0xf7, 0x9e, 0xf7, 0x9e, 0xf7, 0x9e, 0xf7, 0x9e, 0xf7, 0x9e, 0xf7,
    0x9e, 0xf7, 0x9e, 0xf7, 0x9e, 0xf7, 0x9e, 0xf7, 0x9e, 0xf7, 0x9e, 0xf7,
    0x9e, 0xf7, 0x9e, 0xf7, 0x9e, 0xf7, 0x9e, 0xf7, 0x9e, 0xf7, 0x9e, 0xf7,
    0x9e, 0xf7, 0x9e, 0xf7, 0x9e, 0xf7, 0x9e, 0xf7, 0x9e, 0xf7, 0x9e, 0xf7,
    0x9e, 0xf7, 0x9e, 0xf7, 0x9e, 0xf7, 0x9e, 0xf7, 0x9e, 0xf7, 0x9e, 0xf7,
    0x9e, 0xf7, 0x9e, 0xf7, 0x9e, 0xf7, 0x9e, 0xf7, 0x9e, 0xf7, 0x9e, 0xf7,
    0x9e, 0xf7, 0x9e, 0xf7, 0x9e, 0xf7, 0x9e, 0xf7, 0x9e, 0xf7, 0x9e, 0xf7,
    0x9e, 0xf7, 0x9e, 0xf7, 0x9e, 0xf7, 0x9e, 0xf7, 0x9e, 0xf7, 0x9e, 0xf7,
    0x9e, 0xf7, 0x9e, 0xf7, 0x9e, 0xf7, 0x9e, 0xf7, 0x9e, 0xf7, 0x9e, 0xf7,
    0x9e, 0xf7, 0x9e, 0xf7, 0x9e, 0xf7, 0x9e, 0xf7, 0x9e, 0xf7, 0x9e, 0xf7,
    0x9e, 0xf7, 0x9e, 0xf7, 0x9e, 0xf7, 0x9e, 0xf7, 0x9e, 0xf7, 0x9e, 0xf7,
    0x9e, 0xf7, 0x9e, 0xf7, 0x9e, 0xf7, 0x9e, 0xf7, 0x9e, 0xf7, 0x9e, 0xf7,
    0x9e, 0xf7, 0x9e, 0xf7, 0x9e, 0xf7, 0x9e, 0xf7, 0x9e, 0xf7, 0x9e, 0xf7,
    0x9e, 0xf7, 0x9e, 0xf7, 0x9e, 0xf7, 0x9e, 0xf7, 0x9e, 0xf7, 0x9e, 0xf7,
    0x9e, 0xf7, 0x9e, 0xf7, 0x9e, 0xf7, 0x9e, 0xf7, 0x9e, 0xf7, 0x9e, 0xf7,
    0x9e, 0xf7, 0x9e, 0xf7, 0x9e, 0xf7, 0x9e, 0xf7, 0x9e, 0xf7, 0x9e, 0xf7,
    0x9e, 0xf7, 0x9e, 0xf7, 0x9e, 0xf7, 0x9e, 0xf7, 0x9e, 0xf7, 0x9e, 0xf7,
    0x9e, 0xf7, 0x9e, 0xf7, 0x9e, 0xf7, 0x9e, 0xf7, 0x9e, 0xf7, 0x9e, 0xf7,
    0x9e, 0xf7, 0x9e, 0xf7, 0x9e, 0xf7, 0x9e, 0xf7, 0x9e, 0xf7, 0x9e, 0xf7,
    0x9e, 0xf7, 0x9e, 0xf7, 0x9e, 0xf7, 0x9e, 0xf7, 0x9e, 0xf7, 0x9e, 0xf7,
    0x9e, 0xf7, 0x9e, 0xf7, 0x9e, 0xf7, 0x9e, 0xf7, 0x9e, 0xf7, 0x9e, 0xf7,
    0x9e, 0xf7, 0x9e, 0xf7, 0x9e, 0xf7, 0x9e, 0xf7, 0x9e, 0xf7, 0x9e, 0xf7,
    0x9e, 0xf7, 0x9e, 0xf7, 0x9e, 0xf7, 0x9e, 0xf7, 0x9e, 0xf7, 0x9e, 0xf7,
    0x9e, 0xf7, 0x9e, 0xf7, 0x9e, 0xf7, 0x1c, 0xe7, 0x7d, 0xef, 0x55, 0xad,
    0xef, 0x7b, 0x30, 0x84, 0x9e, 0xf7, 0x9e, 0xf7, 0x9e, 0xf7, 0x9e, 0xf7,
    0x9e, 0xf7, 0x9e, 0xf7, 0x9e, 0xf7, 0x9e, 0xf7, 0x9e, 0xf7, 0x9e, 0xf7,
    0x9e, 0xf7, 0x9e, 0xf7, 0x9e, 0xf7, 0x9e, 0xf7, 0x9e, 0xf7, 0x9e, 0xf7,
    0x9e, 0xf7, 0x9e, 0xf7, 0x9e, 0xf7, 0x9e, 0xf7, 0x9e, 0xf7, 0x9e, 0xf7,
    0x9e, 0xf7, 0x9e, 0xf7, 0x9e, 0xf7, 0x9e, 0xf7, 0x9e, 0xf7, 0x9e, 0xf7,
    0x9e, 0xf7, 0x9e, 0xf7, 0x9e, 0xf7, 0x9e, 0xf7, 0x9e, 0xf7, 0x9e, 0xf7,
    0x9e, 0xf7, 0x9e, 0xf7, 0x9e, 0xf7, 0x9e, 0xf7, 0x9e, 0xf7, 0x9e, 0xf7,
    0x9e, 0xf7, 0x9e, 0xf7, 0x9e, 0xf7, 0x9e, 0xf7, 0x9e, 0xf7, 0x9e, 0xf7,
    0x9e, 0xf7, 0x9e, 0xf7, 0x9e, 0xf7, 0x9e, 0xf7, 0x9e, 0xf7, 0x9e, 0xf7,
    0x9e, 0xf7, 0x9e, 0xf7, 0x9e, 0xf7, 0x9e, 0xf7, 0x9e, 0xf7, 0x9e, 0xf7,
    0x9e, 0xf7, 0x9e, 0xf7, 0x9e, 0xf7, 0x9e, 0xf7, 0x9e, 0xf7, 0x9e, 0xf7,
    0x9e, 0xf7, 0x9e, 0xf7, 0x9e, 0xf7, 0x9e, 0xf7, 0x9e, 0xf7, 0x9e, 0xf7,
    0x9e, 0xf7, 0x9e, 0xf7, 0x9e, 0xf7, 0x9e, 0xf7, 0x9e, 0xf7, 0x9e, 0xf7,
    0x9e, 0xf7, 0x9e, 0xf7, 0x9e, 0xf7, 0x9e, 0xf7, 0x9e, 0xf7, 0x9e, 0xf7,
    0x9e, 0xf7, 0x9e, 0xf7, 0x9e, 0xf7, 0x9e, 0xf7, 0x9e, 0xf7, 0x9e, 0xf7,
    0x9e, 0xf7, 0x9e, 0xf7, 0x9e, 0xf7, 0x9e, 0xf7, 0x9e, 0xf7, 0x9e, 0xf7,
    0x9e, 0xf7, 0x9e, 0xf7, 0x9e, 0xf7, 0x9e, 0xf7, 0x9e, 0xf7, 0x9e, 0xf7,
    0x9e, 0xf7, 0x9e, 0xf7, 0x9e, 0xf7, 0x9e, 0xf7, 0x9e, 0xf7, 0x9e, 0xf7,
    0x9e, 0xf7, 0x9e, 0xf7, 0x9e, 0xf7, 0x9e, 0xf7, 0x9e, 0xf7, 0x9e, 0xf7,
    0x9e, 0xf7, 0x9e, 0xf7, 0x9e, 0xf7, 0x9e, 0xf7, 0x9e, 0xf7, 0x9e, 0xf7,
    0x9e, 0xf7, 0x9e, 0xf7, 0x9e, 0xf7, 0x9e, 0xf7, 0x9e, 0xf7, 0x9e, 0xf7,
    0x9e, 0xf7, 0x9e, 0xf7, 0x9e, 0xf7, 0x9e, 0xf7, 0x9e, 0xf7, 0x9e, 0xf7,
    0x9e, 0xf7, 0x9e, 0xf7, 0x9e, 0xf7, 0x9e, 0xf7, 0x9e, 0xf7, 0x9e, 0xf7,
    0x9e, 0xf7, 0x9e, 0xf7, 0x9e, 0xf7, 0x9e, 0xf7, 0x9e, 0xf7, 0x9e, 0xf7,
    0x9e, 0xf7, 0x9e, 0xf7, 0x9e, 0xf7, 0xba, 0xe6, 0x7d, 0xef, 0x55, 0xad,
    0xef, 0x7b, 0x30, 0x84, 0x9e, 0xf7, 0x9e, 0xf7, 0x9e, 0xf7, 0x9e, 0xf7,
    0x9e, 0xf7, 0x9e, 0xf7, 0x9e, 0xf7, 0x9e, 0xf7, 0x9e, 0xf7, 0x9e, 0xf7,
    0x9e, 0xf7, 0x9e, 0xf7, 0x9e, 0xf7, 0x9e, 0xf7, 0x9e, 0xf7, 0x9e, 0xf7,
    0x9e, 0xf7, 0x9e, 0xf7, 0x9e, 0xf7, 0x9e, 0xf7, 0x9e, 0xf7, 0x9e, 0xf7,
    0x9e, 0xf7, 0x9e, 0xf7, 0x9e, 0xf7, 0x9e, 0xf7, 0x9e, 0xf7, 0x9e, 0xf7,
    0x9e, 0xf7, 0x9e, 0xf7, 0x9e, 0xf7, 0x9e, 0xf7, 0x9e, 0xf7, 0x9e, 0xf7,
    0x9e, 0xf7, 0x9e, 0xf7, 0x9e, 0xf7, 0x9e, 0xf7, 0x9e, 0xf7, 0x9e, 0xf7,
    0x9e, 0xf7, 0x9e, 0xf7, 0x9e, 0xf7, 0x9e, 0xf7, 0x9e, 0xf7, 0x9e, 0xf7,
    0x9e, 0xf7, 0x9e, 0xf7, 0x9e, 0xf7, 0x9e, 0xf7, 0x9e, 0xf7, 0x9e, 0xf7,
    0x9e, 0xf7, 0x9e, 0xf7, 0x9e, 0xf7, 0x9e, 0xf7, 0x9e, 0xf7, 0x9e, 0xf7,
    0x9e, 0xf7, 0x9e, 0xf7, 0x9e, 0xf7, 0x9e, 0xf7, 0x9e, 0xf7, 0x9e, 0xf7,
    0x9e, 0xf7, 0x9e, 0xf7, 0x9e, 0xf7, 0x9e, 0xf7, 0x9e, 0xf7, 0x9e, 0xf7,
    0x9e, 0xf7, 0x9e, 0xf7, 0x9e, 0xf7, 0x9e, 0xf7, 0x9e, 0xf7, 0x9e, 0xf7,
    0x9e, 0xf7, 0x9e, 0xf7, 0x9e, 0xf7, 0x9e, 0xf7, 0x9e, 0xf7, 0x9e, 0xf7,
    0x9e, 0xf7, 0x9e, 0xf7, 0x9e, 0xf7, 0x9e, 0xf7, 0x9e, 0xf7, 0x9e, 0xf7,
    0x9e, 0xf7, 0x9e, 0xf7, 0x9e, 0xf7, 0x9e, 0xf7, 0x9e, 0xf7, 0x9e, 0xf7,
    0x9e, 0xf7, 0x9e, 0xf7, 0x9e, 0xf7, 0x9e, 0xf7, 0x9e, 0xf7, 0x9e, 0xf7,
    0x9e, 0xf7, 0x9e, 0xf7, 0x9e, 0xf7, 0x9e, 0xf7, 0x9e, 0xf7, 0x9e, 0xf7,
    0x9e, 0xf7, 0x9e, 0xf7, 0x9e, 0xf7, 0x9e, 0xf7, 0x9e, 0xf7, 0x9e, 0xf7,
    0x9e, 0xf7, 0x9e, 0xf7, 0x9e, 0xf7, 0x9e, 0xf7, 0x9e, 0xf7, 0x9e, 0xf7,
    0x9e, 0xf7, 0x9e, 0xf7, 0x9e, 0xf7, 0x9e, 0xf7, 0x9e, 0xf7, 0x9e, 0xf7,
    0x9e, 0xf7, 0x9e, 0xf7, 0x9e, 0xf7, 0x9e, 0xf7, 0x9e, 0xf7, 0x9e, 0xf7,
    0x9e, 0xf7, 0x9e, 0xf7, 0x9e, 0xf7, 0x9e, 0xf7, 0x9e, 0xf7, 0x9e, 0xf7,
    0x9e, 0xf7, 0x9e, 0xf7, 0x9e, 0xf7, 0x9e, 0xf7, 0x9e, 0xf7, 0x9e, 0xf7,
    0x9e, 0xf7, 0x1c, 0xf7, 0x4b, 0xfb, 0x95, 0xe5, 0x7d, 0xef, 0x55, 0xad,
    0xef, 0x7b, 0xa9, 0x92, 0x8d, 0xfb, 0x9e, 0xf7, 0x9e, 0xf7, 0x9e, 0xf7,
    0x9e, 0xf7, 0x9e, 0xf7, 0x9e, 0xf7, 0x9e, 0xf7, 0x9e, 0xf7, 0x9e, 0xf7,
    0x9e, 0xf7, 0x9e, 0xf7, 0x9e, 0xf7, 0x9e, 0xf7, 0x9e, 0xf7, 0x9e, 0xf7,
    0x9e, 0xf7, 0x9e, 0xf7, 0x9e, 0xf7, 0x9e, 0xf7, 0x9e, 0xf7, 0x9e, 0xf7,
    0x9e, 0xf7, 0x9e, 0xf7, 0x9e, 0xf7, 0x9e, 0xf7, 0x9e, 0xf7, 0x9e, 0xf7,
    0x9e, 0xf7, 0x9e, 0xf7, 0x9e, 0xf7, 0x9e, 0xf7, 0x9e, 0xf7, 0x9e, 0xf7,
    0x9e, 0xf7, 0x9e, 0xf7, 0x9e, 0xf7, 0x9e, 0xf7, 0x9e, 0xf7, 0x9e, 0xf7,
    0x9e, 0xf7, 0x9e, 0xf7, 0x9e, 0xf7, 0x9e, 0xf7, 0x9e, 0xf7, 0x9e, 0xf7,
    0x9e, 0xf7, 0x9e, 0xf7, 0x9e, 0xf7, 0x9e, 0xf7, 0x9e, 0xf7, 0x9e, 0xf7,
    0x9e, 0xf7, 0x9e, 0xf7, 0x9e, 0xf7, 0x9e, 0xf7, 0x9e, 0xf7, 0x9e, 0xf7,
    0x9e, 0xf7, 0x9e, 0xf7, 0x9e, 0xf7, 0x9e, 0xf7, 0x9e, 0xf7, 0x9e, 0xf7,
    0x9e, 0xf7, 0x9e, 0xf7, 0x9e, 0xf7, 0x9e, 0xf7, 0x9e, 0xf7, 0x9e, 0xf7,
    0x9e, 0xf7, 0x9e, 0xf7, 0x9e, 0xf7, 0x9e, 0xf7, 0x9e, 0xf7, 0x9e, 0xf7,
    0x9e, 0xf7, 0x9e, 0xf7, 0x9e, 0xf7, 0x9e, 0xf7, 0x9e, 0xf7, 0x9e, 0xf7,
    0x9e, 0xf7, 0x9e, 0xf7, 0x9e, 0xf7, 0x9e, 0xf7, 0x9e, 0xf7, 0x9e, 0xf7,
    0x9e, 0xf7, 0x9e, 0xf7, 0x9e, 0xf7, 0x9e, 0xf7, 0x9e, 0xf7, 0x9e, 0xf7,
    0x9e, 0xf7, 0x9e, 0xf7, 0x9e, 0xf7, 0x9e, 0xf7, 0x9e, 0xf7, 0x9e, 0xf7,
    0x9e, 0xf7, 0x9e, 0xf7, 0x9e, 0xf7, 0x9e, 0xf7, 0x9e, 0xf7, 0x9e, 0xf7,
    0x9e, 0xf7, 0x19, 0xef, 0xd5, 0xe6, 0x70, 0xde, 0x0d, 0xd6, 0xca, 0xd5,
    0xca, 0xd5, 0x86, 0xcd, 0x86, 0xcd, 0x86, 0xcd, 0x86, 0xcd, 0xa8, 0xcd,
    0xeb, 0xd5, 0x0d, 0xd6, 0x70, 0xde, 0xb4, 0xe6, 0x19, 0xef, 0x5c, 0xef,
    0x9e, 0xf7, 0x9e, 0xf7, 0x9e, 0xf7, 0x9e, 0xf7, 0x9e, 0xf7, 0x9e, 0xf7,
    0x9e, 0xf7, 0x9e, 0xf7, 0x9e, 0xf7, 0x9e, 0xf7, 0x9e, 0xf7, 0x9e, 0xf7,
    0x9e, 0xf7, 0x9e, 0xf7, 0x9e, 0xf7, 0x9e, 0xf7, 0x9e, 0xf7, 0x9e, 0xf7,
    0x9e, 0xf7, 0x0a, 0xfb, 0x83, 0xf9, 0x46, 0xfa, 0xb1, 0xfc, 0x0e, 0xcc,
    0xc9, 0xba, 0xc4, 0xe9, 0x63, 0xf9, 0xee, 0xfb, 0x9e, 0xf7, 0x9e, 0xf7,
    0x9e, 0xf7, 0x9e, 0xf7, 0x9e, 0xf7, 0x9e, 0xf7, 0x9e, 0xf7, 0x9e, 0xf7,
    0x9e, 0xf7, 0x9e, 0xf7, 0x9e, 0xf7, 0x9e, 0xf7, 0x9e, 0xf7, 0x9e, 0xf7,
    0x9e, 0xf7, 0x9e, 0xf7, 0x9e, 0xf7, 0x9e, 0xf7, 0x9e, 0xf7, 0x9e, 0xf7,
    0x9e, 0xf7, 0x9e, 0xf7, 0x9e, 0xf7, 0x9e, 0xf7, 0x9e, 0xf7, 0x9e, 0xf7,
    0x9e, 0xf7, 0x9e, 0xf7, 0x9e, 0xf7, 0x9e, 0xf7, 0x9e, 0xf7, 0x9e, 0xf7,
    0x9e, 0xf7, 0x9e, 0xf7, 0x9e, 0xf7, 0x9e, 0xf7, 0x9e, 0xf7, 0x9e, 0xf7,
    0x9e, 0xf7, 0x9e, 0xf7, 0x9e, 0xf7, 0x9e, 0xf7, 0x9e, 0xf7, 0x9e, 0xf7,
    0x9e, 0xf7, 0x9e, 0xf7, 0x9e, 0xf7, 0x9e, 0xf7, 0x9e, 0xf7, 0x9e, 0xf7,
    0x9e, 0xf7, 0x9e, 0xf7, 0x9e, 0xf7, 0x9e, 0xf7, 0x9e, 0xf7, 0x9e, 0xf7,
    0x9e, 0xf7, 0x9e, 0xf7, 0x9e, 0xf7, 0x9e, 0xf7, 0x9e, 0xf7, 0x9e, 0xf7,
    0x9e, 0xf7, 0x9e, 0xf7, 0x9e, 0xf7, 0x9e, 0xf7, 0x9e, 0xf7, 0x9e, 0xf7,
    0x9e, 0xf7, 0x9e, 0xf7, 0x9e, 0xf7, 0x9e, 0xf7, 0x9e, 0xf7, 0x9e, 0xf7,
    0x9e, 0xf7, 0x9e, 0xf7, 0x9e, 0xf7, 0x9e, 0xf7, 0x9e, 0xf7, 0x9e, 0xf7,
    0x9e, 0xf7, 0x9e, 0xf7, 0x9e, 0xf7, 0x9e, 0xf7, 0x9e, 0xf7, 0x9e, 0xf7,
    0x9e, 0xf7, 0x9e, 0xf7, 0x9e, 0xf7, 0x9e, 0xf7, 0x9e, 0xf7, 0x9e, 0xf7,
    0x9e, 0xf7, 0x9e, 0xf7, 0x9e, 0xf7, 0x9e, 0xf7, 0x9e, 0xf7, 0x9e, 0xf7,
    0x9e, 0xf7, 0x9e, 0xf7, 0x9e, 0xf7, 0xf7, 0xe6, 0x4f, 0xde, 0xca, 0xd5,
    0x43, 0xc5, 0x43, 0xc5, 0x43, 0xc5, 0x43, 0xc5, 0x43, 0xc5, 0x43, 0xc5,
    0x43, 0xc5, 0x43, 0xc5, 0x43, 0xc5, 0x43, 0xc5, 0x43, 0xc5, 0x43, 0xc5,
    0x43, 0xc5, 0x43, 0xc5, 0x43, 0xc5, 0x43, 0xc5, 0x43, 0xc5, 0x43, 0xc5,
    0xca, 0xd5, 0x4f, 0xde, 0xf7, 0xe6, 0x9e, 0xf7, 0x9e, 0xf7, 0x9e, 0xf7,
    0x9e, 0xf7, 0x9e, 0xf7, 0x9e, 0xf7, 0x9e, 0xf7, 0x9e, 0xf7, 0x9e, 0xf7,
    0x9e, 0xf7, 0x9e, 0xf7, 0x9e, 0xf7, 0x9e, 0xf7, 0x9e, 0xf7, 0x9e, 0xf7,
    0x37, 0xf6, 0xc4, 0xf9, 0xc4, 0xf9, 0xe4, 0xf9, 0xc4, 0xf9, 0xc4, 0xf9,
    0xc4, 0xf9, 0xc3, 0xf9, 0x83, 0xf9, 0x43, 0xf9, 0xba, 0xf6, 0x9e, 0xf7,
    0x9e, 0xf7, 0x9e, 0xf7, 0x9e, 0xf7, 0x9e, 0xf7, 0x9e, 0xf7, 0x9e, 0xf7,
    0x9e, 0xf7, 0x9e, 0xf7, 0x9e, 0xf7, 0x9e, 0xf7, 0x9e, 0xf7, 0x9e, 0xf7,
    0x9e, 0xf7, 0x9e, 0xf7, 0x9e, 0xf7, 0x9e, 0xf7, 0x9e, 0xf7, 0x9e, 0xf7,
    0x9e, 0xf7, 0x9e, 0xf7, 0x9e, 0xf7, 0x9e, 0xf7, 0x9e, 0xf7, 0x9e, 0xf7,
    0x9e, 0xf7, 0x9e, 0xf7, 0x9e, 0xf7, 0x9e, 0xf7, 0x9e, 0xf7, 0x9e, 0xf7,
    0x9e, 0xf7, 0x9e, 0xf7, 0x9e, 0xf7, 0x9e, 0xf7, 0x9e, 0xf7, 0x9e, 0xf7,
    0x9e, 0xf7, 0x9e, 0xf7, 0x9e, 0xf7, 0x9e, 0xf7, 0x9e, 0xf7, 0x9e, 0xf7,
    0x9e, 0xf7, 0x9e, 0xf7, 0x9e, 0xf7, 0x9e, 0xf7, 0x9e, 0xf7, 0x9e, 0xf7,
    0x9e, 0xf7, 0x9e, 0xf7, 0x9e, 0xf7, 0x9e, 0xf7, 0x9e, 0xf7, 0x9e, 0xf7,
    0x9e, 0xf7, 0x9e, 0xf7, 0x9e, 0xf7, 0x9e, 0xf7, 0x9e, 0xf7, 0x9e, 0xf7,
    0x9e, 0xf7, 0x9e, 0xf7, 0x9e, 0xf7, 0x9e, 0xf7, 0x9e, 0xf7, 0x9e, 0xf7,
    0x9e, 0xf7, 0x9e, 0xf7, 0x9e, 0xf7, 0x9e, 0xf7, 0x9e, 0xf7, 0x9e, 0xf7,
    0x9e, 0xf7, 0x9e, 0xf7, 0x9e, 0xf7, 0x9e, 0xf7, 0x9e, 0xf7, 0x9e, 0xf7,
    0x9e, 0xf7, 0x9e, 0xf7, 0x9e, 0xf7, 0x9e, 0xf7, 0x9e, 0xf7, 0x9e, 0xf7,
    0x9e, 0xf7, 0x9e, 0xf7, 0x9e, 0xf7, 0x9e, 0xf7, 0x9e, 0xf7, 0x9e, 0xf7,
    0x9e, 0xf7, 0x9e, 0xf7, 0x9e, 0xf7, 0x9e, 0xf7, 0x9e, 0xf7, 0x9e, 0xf7,
    0x3a, 0xef, 0x0d, 0xd6, 0x86, 0xcd, 0x43, 0xc5, 0x43, 0xc5, 0x43, 0xc5,
    0x43, 0xc5, 0x43, 0xc5, 0x43, 0xc5, 0x43, 0xc5, 0x43, 0xc5, 0x43, 0xc5,
    0x43, 0xc5, 0x43, 0xc5, 0x43, 0xc5, 0x43, 0xc5, 0x43, 0xc5, 0x43, 0xc5,
    0x43, 0xc5, 0x43, 0xc5, 0x43, 0xc5, 0x43, 0xc5, 0x43, 0xc5, 0x43, 0xc5,
    0x43, 0xc5, 0x43, 0xc5, 0x43, 0xc5, 0x65, 0xcd, 0x4f, 0xde, 0xf7, 0xe6,
    0x9e, 0xf7, 0x9e, 0xf7, 0x9e, 0xf7, 0x9e, 0xf7, 0x9e, 0xf7, 0x9e, 0xf7,
    0x9e, 0xf7, 0x9e, 0xf7, 0x9e, 0xf7, 0x9e, 0xf7, 0x9e, 0xf7, 0x9e, 0xf7,
    0xb0, 0xfc, 0x24, 0xfa, 0x04, 0xfa, 0x04, 0xfa, 0x24, 0xfa, 0xe8, 0xfa,
    0xe4, 0xf9, 0xc3, 0xf9, 0xa3, 0xf9, 0x63, 0xf9, 0xb2, 0xf4, 0x9e, 0xf7,
    0x9e, 0xf7, 0x9e, 0xf7, 0x9e, 0xf7, 0x9e, 0xf7, 0x9e, 0xf7, 0x9e, 0xf7,
    0x9e, 0xf7, 0x9e, 0xf7, 0x9e, 0xf7, 0x9e, 0xf7, 0x9e, 0xf7, 0x9e, 0xf7,
    0x9e, 0xf7, 0x9e, 0xf7, 0x9e, 0xf7, 0x9e, 0xf7, 0x9e, 0xf7, 0x9e, 0xf7,
    0x9e, 0xf7, 0x9e, 0xf7, 0x9e, 0xf7, 0x9e, 0xf7, 0x9e, 0xf7, 0x9e, 0xf7,
    0x9e, 0xf7, 0x9e, 0xf7, 0x9e, 0xf7, 0x9e, 0xf7, 0x9e, 0xf7, 0x9e, 0xf7,
    0x9e, 0xf7, 0x9e, 0xf7, 0x9e, 0xf7, 0x9e, 0xf7, 0x9e, 0xf7, 0x9e, 0xf7,
    0x9e, 0xf7, 0x9e, 0xf7, 0x9e, 0xf7, 0x9e, 0xf7, 0x9e, 0xf7, 0x9e, 0xf7,
    0x9e, 0xf7, 0x9e, 0xf7, 0x9e, 0xf7, 0x9e, 0xf7, 0x9e, 0xf7, 0x9e, 0xf7,
    0x9e, 0xf7, 0x9e, 0xf7, 0x9e, 0xf7, 0x9e, 0xf7, 0x9e, 0xf7, 0x9e, 0xf7,
    0x9e, 0xf7, 0x9e, 0xf7, 0x9e, 0xf7, 0x9e, 0xf7, 0x9e, 0xf7, 0x9e, 0xf7,
    0x9e, 0xf7, 0x9e, 0xf7, 0x9e, 0xf7, 0x9e, 0xf7, 0x9e, 0xf7, 0x9e, 0xf7,
    0x9e, 0xf7, 0x9e, 0xf7, 0x9e, 0xf7, 0x9e, 0xf7, 0x9e, 0xf7, 0x9e, 0xf7,
    0x9e, 0xf7, 0x9e, 0xf7, 0x9e, 0xf7, 0x9e, 0xf7, 0x9e, 0xf7, 0x9e, 0xf7,
    0x9e, 0xf7, 0x9e, 0xf7, 0x9e, 0xf7, 0x9e, 0xf7, 0x9e, 0xf7, 0x9e, 0xf7,
    0x9e, 0xf7, 0x9e, 0xf7, 0x9e, 0xf7, 0x9e, 0xf7, 0x9e, 0xf7, 0x9e, 0xf7,
    0x9e, 0xf7, 0x9e, 0xf7, 0x9e, 0xf7, 0x9e, 0xf7, 0x3a, 0xef, 0xeb, 0xd5,
    0x43, 0xc5, 0x43, 0xc5, 0x43, 0xc5, 0x43, 0xc5, 0x43, 0xc5, 0x43, 0xc5,
    0x43, 0xc5, 0x43, 0xc5, 0x43, 0xc5, 0x43, 0xc5, 0x43, 0xc5, 0x43, 0xc5,
    0x43, 0xc5, 0x43, 0xc5, 0x43, 0xc5, 0x43, 0xc5, 0x43, 0xc5, 0x43, 0xc5,
    0x43, 0xc5, 0x43, 0xc5, 0x43, 0xc5, 0x43, 0xc5, 0x43, 0xc5, 0x43, 0xc5,
    0x43, 0xc5, 0x43, 0xc5, 0x43, 0xc5, 0x43, 0xc5, 0x43, 0xc5, 0x43, 0xc5,
    0xca, 0xd5, 0xf7, 0xe6, 0x9e, 0xf7, 0x9e, 0xf7, 0x9e, 0xf7, 0x9e, 0xf7,
    0x9e, 0xf7, 0x9e, 0xf7, 0x9e, 0xf7, 0x9e, 0xf7, 0x9e, 0xf7, 0x9e, 0xf7,
    0xf1, 0xfc, 0x65, 0xfa, 0x44, 0xfa, 0x44, 0xfa, 0x65, 0xfa, 0x8f, 0xfc,
    0x04, 0xfa, 0xc4, 0xf9, 0xa3, 0xf9, 0x63, 0xf9, 0x6d, 0xfb, 0x9e, 0xf7,
    0x9e, 0xf7, 0x9e, 0xf7, 0x9e, 0xf7, 0x9e, 0xf7, 0x9e, 0xf7, 0x9e, 0xf7,
    0x9e, 0xf7, 0x9e, 0xf7, 0x9e, 0xf7, 0x9e, 0xf7, 0x9e, 0xf7, 0x9e, 0xf7,
    0x9e, 0xf7, 0x9e, 0xf7, 0x9e, 0xf7, 0x9e, 0xf7, 0x9e, 0xf7, 0x9e, 0xf7,
    0x9e, 0xf7, 0x9e, 0xf7, 0x9e, 0xf7, 0x9e, 0xf7, 0x9e, 0xf7, 0x9e, 0xf7,
    0x9e, 0xf7, 0x9e, 0xf7, 0x9e, 0xf7, 0x9e, 0xf7, 0x9e, 0xf7, 0x9e, 0xf7,
    0x9e, 0xf7, 0x9e, 0xf7, 0x9e, 0xf7, 0x9e, 0xf7, 0x9e, 0xf7, 0x9e, 0xf7,
    0x9e, 0xf7, 0x9e, 0xf7, 0x9e, 0xf7, 0x9e, 0xf7, 0x9e, 0xf7, 0x9e, 0xf7,
    0x9e, 0xf7, 0x9e, 0xf7, 0x9e, 0xf7, 0x9e, 0xf7, 0x9e, 0xf7, 0x9e, 0xf7,
    0x9e, 0xf7, 0x9e, 0xf7, 0x9e, 0xf7, 0x9e, 0xf7, 0x9e, 0xf7, 0x9e, 0xf7,
    0x9e, 0xf7, 0x9e, 0xf7, 0x9e, 0xf7, 0x9e, 0xf7, 0x9e, 0xf7, 0x9e, 0xf7,
    0x9e, 0xf7, 0x9e, 0xf7, 0x9e, 0xf7, 0x9e, 0xf7, 0x9e, 0xf7, 0x9e, 0xf7,
    0x9e, 0xf7, 0x9e, 0xf7, 0x9e, 0xf7, 0x9e, 0xf7, 0x9e, 0xf7, 0x9e, 0xf7,
    0x9e, 0xf7, 0x9e, 0xf7, 0x9e, 0xf7, 0x9e, 0xf7, 0x9e, 0xf7, 0x9e, 0xf7,
    0x9e, 0xf7, 0x9e, 0xf7, 0x9e, 0xf7, 0x9e, 0xf7, 0x9e, 0xf7, 0x9e, 0xf7,
    0x9e, 0xf7, 0x9e, 0xf7, 0x9e, 0xf7, 0x9e, 0xf7, 0x9e, 0xf7, 0x9e, 0xf7,
    0x9e, 0xf7, 0x9e, 0xf7, 0x5c, 0xef, 0x0d, 0xd6, 0x43, 0xc5, 0x43, 0xc5,
    0x43, 0xc5, 0x43, 0xc5, 0x43, 0xc5, 0x43, 0xc5, 0x43, 0xc5, 0x43, 0xc5,
    0x43, 0xc5, 0x43, 0xc5, 0x43, 0xc5, 0x43, 0xc5, 0x43, 0xc5, 0x43, 0xc5,
    0x43, 0xc5, 0x43, 0xc5, 0x43, 0xc5, 0x43, 0xc5, 0x43, 0xc5, 0x43, 0xc5,
    0x43, 0xc5, 0x43, 0xc5, 0x43, 0xc5, 0x43, 0xc5, 0x43, 0xc5, 0x43, 0xc5,
    0x43, 0xc5, 0x43, 0xc5, 0x43, 0xc5, 0x43, 0xc5, 0x43, 0xc5, 0x43, 0xc5,
    0x43, 0xc5, 0x43, 0xc5, 0x4f, 0xde, 0x5c, 0xef, 0x9e, 0xf7, 0x9e, 0xf7,
    0x9e, 0xf7, 0x9e, 0xf7, 0x9e, 0xf7, 0x9e, 0xf7, 0x9e, 0xf7, 0x9e, 0xf7,
    0xf6, 0xfd, 0xab, 0xfb, 0x64, 0xfa, 0x65, 0xfa, 0x44, 0xfa, 0x44, 0xfa,
    0x04, 0xfa, 0xc3, 0xf9, 0x83, 0xf9, 0x63, 0xf9, 0xb2, 0xf4, 0x9e, 0xf7,
    0x9e, 0xf7, 0x9e, 0xf7, 0x9e, 0xf7, 0x9e, 0xf7, 0x9e, 0xf7, 0x9e, 0xf7,
    0x9e, 0xf7, 0x9e, 0xf7, 0x9e, 0xf7, 0x9e, 0xf7, 0x9e, 0xf7, 0x9e, 0xf7,
    0x9e, 0xf7, 0x9e, 0xf7, 0x9e, 0xf7, 0x9e, 0xf7, 0x9e, 0xf7, 0x9e, 0xf7,
    0x9e, 0xf7, 0x9e, 0xf7, 0x9e, 0xf7, 0x9e, 0xf7, 0x9e, 0xf7, 0x9e, 0xf7,
    0x9e, 0xf7, 0x9e, 0xf7, 0x9e, 0xf7, 0x9e, 0xf7, 0x9e, 0xf7, 0x9e, 0xf7,
    0x9e, 0xf7, 0x9e, 0xf7, 0x9e, 0xf7, 0x9e, 0xf7, 0x9e, 0xf7, 0x9e, 0xf7,
    0x9e, 0xf7, 0x9e, 0xf7, 0x9e, 0xf7, 0x9e, 0xf7, 0x9e, 0xf7, 0x9e, 0xf7,
    0x9e, 0xf7, 0x9e, 0xf7, 0x9e, 0xf7, 0x9e, 0xf7, 0x9e, 0xf7, 0x9e, 0xf7,
    0x9e, 0xf7, 0x9e, 0xf7, 0x9e, 0xf7, 0x9e, 0xf7, 0x9e, 0xf7, 0x9e, 0xf7,
    0x9e, 0xf7, 0x9e, 0xf7, 0x9e, 0xf7, 0x9e, 0xf7, 0x9e, 0xf7, 0x9e, 0xf7,
    0x9e, 0xf7, 0x9e, 0xf7, 0x9e, 0xf7, 0x9e, 0xf7, 0x9e, 0xf7, 0x9e, 0xf7,
    0x9e, 0xf7, 0x9e, 0xf7, 0x9e, 0xf7, 0x9e, 0xf7, 0x9e, 0xf7, 0x9e, 0xf7,
    0x9e, 0xf7, 0x9e, 0xf7, 0x9e, 0xf7, 0x9e, 0xf7, 0x9e, 0xf7, 0x9e, 0xf7,
    0x9e, 0xf7, 0x9e, 0xf7, 0x9e, 0xf7, 0x9e, 0xf7, 0x9e, 0xf7, 0x9e, 0xf7,
    0x9e, 0xf7, 0x9e, 0xf7, 0x9e, 0xf7, 0x9e, 0xf7, 0x9e, 0xf7, 0x9e, 0xf7,
    0x9e, 0xf7, 0x3a, 0xef, 0x86, 0xcd, 0x43, 0xc5, 0x43, 0xc5, 0x43, 0xc5,
    0x43, 0xc5, 0x43, 0xc5, 0x43, 0xc5, 0x43, 0xc5, 0x43, 0xc5, 0x43, 0xc5,
    0x43, 0xc5, 0x43, 0xc5, 0x43, 0xc5, 0x43, 0xc5, 0x43, 0xc5, 0x43, 0xc5,
    0x43, 0xc5, 0x43, 0xc5, 0x43, 0xc5, 0x43, 0xc5, 0x43, 0xc5, 0x43, 0xc5,
    0x43, 0xc5, 0x43, 0xc5, 0x43, 0xc5, 0x43, 0xc5, 0x43, 0xc5, 0x43, 0xc5,
    0x43, 0xc5, 0x43, 0xc5, 0x43, 0xc5, 0x43, 0xc5, 0x43, 0xc5, 0x43, 0xc5,
    0x43, 0xc5, 0x43, 0xc5, 0x43, 0xc5, 0x86, 0xcd, 0x3a, 0xef, 0x9e, 0xf7,
    0x9e, 0xf7, 0x9e, 0xf7, 0x9e, 0xf7, 0x9e, 0xf7, 0x9e, 0xf7, 0x9e, 0xf7,
    0x78, 0xf6, 0x48, 0xfb, 0xa6, 0xfa, 0x4e, 0xfc, 0x65, 0xfa, 0x44, 0xfa,
    0x04, 0xfa, 0xe4, 0xf9, 0x83, 0xf9, 0x23, 0xf9, 0x58, 0xf6, 0x9e, 0xf7,
    0x9e, 0xf7, 0x9e, 0xf7, 0x9e, 0xf7, 0x9e, 0xf7, 0x9e, 0xf7, 0x9e, 0xf7,
    0x9e, 0xf7, 0x9e, 0xf7, 0x9e, 0xf7, 0x9e, 0xf7, 0x9e, 0xf7, 0x9e, 0xf7,
    0x9e, 0xf7, 0x9e, 0xf7, 0x9e, 0xf7, 0x9e, 0xf7, 0x9e, 0xf7, 0x9e, 0xf7,
    0x9e, 0xf7, 0x9e, 0xf7, 0x9e, 0xf7, 0x9e, 0xf7, 0x9e, 0xf7, 0x9e, 0xf7,
    0x9e, 0xf7, 0x9e, 0xf7, 0x9e, 0xf7, 0x9e, 0xf7, 0x9e, 0xf7, 0x9e, 0xf7,
    0x9e, 0xf7, 0x9e, 0xf7, 0x9e, 0xf7, 0x9e, 0xf7, 0x9e, 0xf7, 0x9e, 0xf7,
    0x9e, 0xf7, 0x9e, 0xf7, 0x9e, 0xf7, 0x9e, 0xf7, 0x9e, 0xf7, 0x9e, 0xf7,
    0x9e, 0xf7, 0x9e, 0xf7, 0x9e, 0xf7, 0x9e, 0xf7, 0x9e, 0xf7, 0x9e, 0xf7,
    0x9e, 0xf7, 0x9e, 0xf7, 0x9e, 0xf7, 0x9e, 0xf7, 0x9e, 0xf7, 0x9e, 0xf7,
    0x9e, 0xf7, 0x9e, 0xf7, 0x9e, 0xf7, 0x9e, 0xf7, 0x9e, 0xf7, 0x9e, 0xf7,
    0x9e, 0xf7, 0x9e, 0xf7, 0x9e, 0xf7, 0x9e, 0xf7, 0x9e, 0xf7, 0x9e, 0xf7,
    0x9e, 0xf7, 0x9e, 0xf7, 0x9e, 0xf7, 0x9e, 0xf7, 0x9e, 0xf7, 0x9e, 0xf7,
    0x9e, 0xf7, 0x9e, 0xf7, 0x9e, 0xf7, 0x9e, 0xf7, 0x9e, 0xf7, 0x9e, 0xf7,
    0x9e, 0xf7, 0x9e, 0xf7, 0x9e, 0xf7, 0x9e, 0xf7, 0x9e, 0xf7, 0x9e, 0xf7,
    0x9e, 0xf7, 0x9e, 0xf7, 0x9e, 0xf7, 0x9e, 0xf7, 0x9e, 0xf7, 0x9e, 0xf7,
    0x19, 0xef, 0x65, 0xcd, 0x43, 0xc5, 0x43, 0xc5, 0x43, 0xc5, 0x43, 0xc5,
    0x43, 0xc5, 0x43, 0xc5, 0x43, 0xc5, 0x43, 0xc5, 0x43, 0xc5, 0x43, 0xc5,
    0x43, 0xc5, 0x43, 0xc5, 0x43, 0xc5, 0x43, 0xc5, 0x43, 0xc5, 0x43, 0xc5,
    0x43, 0xc5, 0x43, 0xc5, 0x43, 0xc5, 0x43, 0xc5, 0x43, 0xc5, 0x43, 0xc5,
    0x43, 0xc5, 0x43, 0xc5, 0x43, 0xc5, 0x43, 0xc5, 0x43, 0xc5, 0x43, 0xc5,
    0x43, 0xc5, 0x43, 0xc5, 0x43, 0xc5, 0x43, 0xc5, 0x43, 0xc5, 0x43, 0xc5,
    0x43, 0xc5, 0x43, 0xc5, 0x43, 0xc5, 0x43, 0xc5, 0x65, 0xcd, 0x19, 0xef,
    0x9e, 0xf7, 0x9e, 0xf7, 0x9e, 0xf7, 0x9e, 0xf7, 0x9e, 0xf7, 0x9e, 0xf7,
    0x9e, 0xf7, 0xd0, 0xfc, 0x85, 0xfa, 0x69, 0xfb, 0x65, 0xfa, 0x44, 0xfa,
    0x04, 0xfa, 0xc4, 0xf9, 0x63, 0xf9, 0xce, 0xf3, 0x9e, 0xf7, 0x9e, 0xf7,
    0x9e, 0xf7, 0x9e, 0xf7, 0x9e, 0xf7, 0x9e, 0xf7, 0x9e, 0xf7, 0x9e, 0xf7,
    0x9e, 0xf7, 0x9e, 0xf7, 0x9e, 0xf7, 0x9e, 0xf7, 0x9e, 0xf7, 0x9e, 0xf7,
    0x9e, 0xf7, 0x9e, 0xf7, 0x9e, 0xf7, 0x9e, 0xf7, 0x9e, 0xf7, 0x9e, 0xf7,
    0x9e, 0xf7, 0x9e, 0xf7, 0x9e, 0xf7, 0x9e, 0xf7, 0x9e, 0xf7, 0x9e, 0xf7,
    0x9e, 0xf7, 0x9e, 0xf7, 0x9e, 0xf7, 0x9e, 0xf7, 0x9e, 0xf7, 0x9e, 0xf7,
    0x9e, 0xf7, 0x9e, 0xf7, 0x9e, 0xf7, 0x9e, 0xf7, 0x9e, 0xf7, 0x9e, 0xf7,
    0x9e, 0xf7, 0x9e, 0xf7, 0x9e, 0xf7, 0x9e, 0xf7, 0x9e, 0xf7, 0x9e, 0xf7,
    0x9e, 0xf7, 0x9e, 0xf7, 0x9e, 0xf7, 0x9e, 0xf7, 0x9e, 0xf7, 0x9e, 0xf7,
    0x9e, 0xf7, 0x9e, 0xf7, 0x9e, 0xf7, 0x9e, 0xf7, 0x9e, 0xf7, 0x9e, 0xf7,
    0x9e, 0xf7, 0x9e, 0xf7, 0x9e, 0xf7, 0x9e, 0xf7, 0x9e, 0xf7, 0x9e, 0xf7,
    0x9e, 0xf7, 0x9e, 0xf7, 0x9e, 0xf7, 0x9e, 0xf7, 0x9e, 0xf7, 0x9e, 0xf7,
    0x9e, 0xf7, 0x9e, 0xf7, 0x9e, 0xf7, 0x9e, 0xf7, 0x9e, 0xf7, 0x9e, 0xf7,
    0x9e, 0xf7, 0x9e, 0xf7, 0x9e, 0xf7, 0x9e, 0xf7, 0x9e, 0xf7, 0x9e, 0xf7,
    0x9e, 0xf7, 0x9e, 0xf7, 0x9e, 0xf7, 0x9e, 0xf7, 0x9e, 0xf7, 0x9e, 0xf7,
    0x9e, 0xf7, 0x9e, 0xf7, 0x9e, 0xf7, 0x9e, 0xf7, 0x9e, 0xf7, 0x3a, 0xef,
    0x86, 0xcd, 0x43, 0xc5, 0x43, 0xc5, 0x43, 0xc5, 0x43, 0xc5, 0x43, 0xc5,
    0x43, 0xc5, 0x43, 0xc5, 0x43, 0xc5, 0x43, 0xc5, 0x43, 0xc5, 0x43, 0xc5,
    0x43, 0xc5, 0x43, 0xc5, 0x43, 0xc5, 0x43, 0xc5, 0x43, 0xc5, 0x43, 0xc5,
    0x43, 0xc5, 0x43, 0xc5, 0x43, 0xc5, 0x43, 0xc5, 0x43, 0xc5, 0x43, 0xc5,
    0x43, 0xc5, 0x43, 0xc5, 0x43, 0xc5, 0x43, 0xc5, 0x43, 0xc5, 0x43, 0xc5,
    0x43, 0xc5, 0x43, 0xc5, 0x43, 0xc5, 0x43, 0xc5, 0x43, 0xc5, 0x43, 0xc5,
    0x43, 0xc5, 0x43, 0xc5, 0x43, 0xc5, 0x43, 0xc5, 0x43, 0xc5, 0x86, 0xcd,
    0x3a, 0xef, 0x9e, 0xf7, 0x9e, 0xf7, 0x9e, 0xf7, 0x9e, 0xf7, 0x9e, 0xf7,
    0x9e, 0xf7, 0x9e, 0xf7, 0xb0, 0xfc, 0x65, 0xfa, 0x44, 0xfa, 0x24, 0xfa,
    0x04, 0xfa, 0xa3, 0xf9, 0x70, 0xf4, 0x9e, 0xf7, 0x9e, 0xf7, 0x9e, 0xf7,
    0x9e, 0xf7, 0x9e, 0xf7, 0x9e, 0xf7, 0x9e, 0xf7, 0x9e, 0xf7, 0x9e, 0xf7,
    0x9e, 0xf7, 0x9e, 0xf7, 0x9e, 0xf7, 0x9e, 0xf7, 0x9e, 0xf7, 0x9e, 0xf7,
    0x9e, 0xf7, 0x9e, 0xf7, 0x9e, 0xf7, 0x9e, 0xf7, 0x9e, 0xf7, 0x9e, 0xf7,
    0x9e, 0xf7, 0x9e, 0xf7, 0x9e, 0xf7, 0x9e, 0xf7, 0x9e, 0xf7, 0x9e, 0xf7,
    0x9e, 0xf7, 0x9e, 0xf7, 0x9e, 0xf7, 0x9e, 0xf7, 0x9e, 0xf7, 0x9e, 0xf7,
    0x9e, 0xf7, 0x9e, 0xf7, 0x9e, 0xf7, 0x9e, 0xf7, 0x9e, 0xf7, 0x9e, 0xf7,
    0x9e, 0xf7, 0x9e, 0xf7, 0x9e, 0xf7, 0x9e, 0xf7, 0x9e, 0xf7, 0x9e, 0xf7,
    0x9e, 0xf7, 0x9e, 0xf7, 0x9e, 0xf7, 0x9e, 0xf7, 0x9e, 0xf7, 0x9e, 0xf7,
    0x9e, 0xf7, 0x9e, 0xf7, 0x9e, 0xf7, 0x9e, 0xf7, 0x9e, 0xf7, 0x9e, 0xf7,
    0x9e, 0xf7, 0x9e, 0xf7, 0x9e, 0xf7, 0x9e, 0xf7, 0x9e, 0xf7, 0x9e, 0xf7,
    0x9e, 0xf7, 0x9e, 0xf7, 0x9e, 0xf7, 0x9e, 0xf7, 0x9e, 0xf7, 0x9e, 0xf7,
    0x9e, 0xf7, 0x9e, 0xf7, 0x9e, 0xf7, 0x9e, 0xf7, 0x9e, 0xf7, 0x9e, 0xf7,
    0x9e, 0xf7, 0x9e, 0xf7, 0x9e, 0xf7, 0x9e, 0xf7, 0x9e, 0xf7, 0x9e, 0xf7,
    0x9e, 0xf7, 0x9e, 0xf7, 0x9e, 0xf7, 0x9e, 0xf7, 0x9e, 0xf7, 0x9e, 0xf7,
    0x9e, 0xf7, 0x9e, 0xf7, 0x9e, 0xf7, 0x9e, 0xf7, 0x9e, 0xf7, 0xca, 0xd5,
    0x43, 0xc5, 0x43, 0xc5, 0x43, 0xc5, 0x43, 0xc5, 0x43, 0xc5, 0x43, 0xc5,
    0x43, 0xc5, 0x43, 0xc5, 0x43, 0xc5, 0x43, 0xc5, 0x43, 0xc5, 0x43, 0xc5,
    0x43, 0xc5, 0x43, 0xc5, 0x43, 0xc5, 0x43, 0xc5, 0x43, 0xc5, 0x43, 0xc5,
    0x43, 0xc5, 0x43, 0xc5, 0x03, 0xcd, 0x03, 0xcd, 0x43, 0xc5, 0x43, 0xc5,
    0x43, 0xc5, 0x43, 0xc5, 0x43, 0xc5, 0x43, 0xc5, 0x43, 0xc5, 0x43, 0xc5,
    0x43, 0xc5, 0x43, 0xc5, 0x43, 0xc5, 0x43, 0xc5, 0x43, 0xc5, 0x43, 0xc5,
    0x43, 0xc5, 0x43, 0xc5, 0x43, 0xc5, 0x43, 0xc5, 0x43, 0xc5, 0x43, 0xc5,
    0x2d, 0xd6, 0x9e, 0xf7, 0x9e, 0xf7, 0x9e, 0xf7, 0x9e, 0xf7, 0x9e, 0xf7,
    0x9e, 0xf7, 0x9e, 0xf7, 0x9e, 0xf7, 0x38, 0xf6, 0x33, 0xf5, 0x6f, 0xfc,
    0x12, 0xf5, 0xda, 0xf6, 0x9e, 0xf7, 0x9e, 0xf7, 0x9e, 0xf7, 0x9e, 0xf7,
    0x9e, 0xf7, 0x9e, 0xf7, 0x9e, 0xf7, 0x9e, 0xf7, 0x9e, 0xf7, 0x9e, 0xf7,
    0x9e, 0xf7, 0x9e, 0xf7, 0x9e, 0xf7, 0x9e, 0xf7, 0x9e, 0xf7, 0x9e, 0xf7,
    0x9e, 0xf7, 0x9e, 0xf7, 0x9e, 0xf7, 0x9e, 0xf7, 0x9e, 0xf7, 0x9e, 0xf7,
    0x9e, 0xf7, 0x9e, 0xf7, 0x9e, 0xf7, 0x9e, 0xf7, 0x9e, 0xf7, 0x9e, 0xf7,
    0x9e, 0xf7, 0x9e, 0xf7, 0x9e, 0xf7, 0x9e, 0xf7, 0x9e, 0xf7, 0x9e, 0xf7,
    0x9e, 0xf7, 0x9e, 0xf7, 0x9e, 0xf7, 0x9e, 0xf7, 0x9e, 0xf7, 0x9e, 0xf7,
    0x9e, 0xf7, 0x9e, 0xf7, 0x9e, 0xf7, 0x9e, 0xf7, 0x9e, 0xf7, 0x9e, 0xf7,
    0x9e, 0xf7, 0x9e, 0xf7, 0x9e, 0xf7, 0x9e, 0xf7, 0x9e, 0xf7, 0x9e, 0xf7,
    0x9e, 0xf7, 0x9e, 0xf7, 0x9e, 0xf7, 0x9e, 0xf7, 0x9e, 0xf7, 0x9e, 0xf7,
    0x9e, 0xf7, 0x9e, 0xf7, 0x9e, 0xf7, 0x9e, 0xf7, 0x9e, 0xf7, 0x9e, 0xf7,
    0x9e, 0xf7, 0x9e, 0xf7, 0x9e, 0xf7, 0x9e, 0xf7, 0x9e, 0xf7, 0x9e, 0xf7,
    0x9e, 0xf7, 0x9e, 0xf7, 0x9e, 0xf7, 0x9e, 0xf7, 0x9e, 0xf7, 0x9e, 0xf7,
    0x9e, 0xf7, 0x9e, 0xf7, 0x9e, 0xf7, 0x9e, 0xf7, 0x9e, 0xf7, 0x9e, 0xf7,
    0x9e, 0xf7, 0x9e, 0xf7, 0x9e, 0xf7, 0x9e, 0xf7, 0x9e, 0xf7, 0x9e, 0xf7,
    0x9e, 0xf7, 0x9e, 0xf7, 0x9e, 0xf7, 0x9e, 0xf7, 0x5c, 0xef, 0x43, 0xc5,
    0x43, 0xc5, 0x43, 0xc5, 0x43, 0xc5, 0x43, 0xc5, 0x43, 0xc5, 0x43, 0xc5,
    0x43, 0xc5, 0x43, 0xc5, 0x43, 0xc5, 0x43, 0xc5, 0x43, 0xc5, 0x43, 0xc5,
    0x43, 0xc5, 0x43, 0xc5, 0x43, 0xc5, 0x43, 0xc5, 0x43, 0xc5, 0x43, 0xc5,
    0x43, 0xc5, 0x25, 0xdb, 0x86, 0xe1, 0x86, 0xe1, 0x05, 0xdb, 0x43, 0xc5,
    0x43, 0xc5, 0x43, 0xc5, 0x43, 0xc5, 0x43, 0xc5, 0x43, 0xc5, 0x43, 0xc5,
    0x43, 0xc5, 0x43, 0xc5, 0x43, 0xc5, 0x43, 0xc5, 0x43, 0xc5, 0x43, 0xc5,
    0x43, 0xc5, 0x43, 0xc5, 0x43, 0xc5, 0x43, 0xc5, 0x43, 0xc5, 0x43, 0xc5,
    0x43, 0xc5, 0x3a, 0xef, 0x9e, 0xf7, 0x9e, 0xf7, 0x9e, 0xf7, 0x9e, 0xf7,
    0x9e, 0xf7, 0x9e, 0xf7, 0x9e, 0xf7, 0x9e, 0xf7, 0x9e, 0xf7, 0x9e, 0xf7,
    0x9e, 0xf7, 0x9e, 0xf7, 0x9e, 0xf7, 0x9e, 0xf7, 0x9e, 0xf7, 0x9e, 0xf7,
    0x9e, 0xf7, 0x9e, 0xf7, 0x9e, 0xf7, 0x9e, 0xf7, 0x9e, 0xf7, 0x9e, 0xf7,
    0x9e, 0xf7, 0x9e, 0xf7, 0x9e, 0xf7, 0x9e, 0xf7, 0x9e, 0xf7, 0x9e, 0xf7,
    0x9e, 0xf7, 0x9e, 0xf7, 0x9e, 0xf7, 0x9e, 0xf7, 0x9e, 0xf7, 0x9e, 0xf7,
    0x9e, 0xf7, 0x9e, 0xf7, 0x9e, 0xf7, 0x9e, 0xf7, 0x9e, 0xf7, 0x9e, 0xf7,
    0x9e, 0xf7, 0x9e, 0xf7, 0x9e, 0xf7, 0x9e, 0xf7, 0x9e, 0xf7, 0x9e, 0xf7,
    0x9e, 0xf7, 0x9e, 0xf7, 0x9e, 0xf7, 0x9e, 0xf7, 0x9e, 0xf7, 0x9e, 0xf7,
    0x9e, 0xf7, 0x9e, 0xf7, 0x9e, 0xf7, 0x9e, 0xf7, 0x9e, 0xf7, 0x9e, 0xf7,
    0x9e, 0xf7, 0x9e, 0xf7, 0x9e, 0xf7, 0x9e, 0xf7, 0x9e, 0xf7, 0x9e, 0xf7,
    0x9e, 0xf7, 0x9e, 0xf7, 0x9e, 0xf7, 0x9e, 0xf7, 0x9e, 0xf7, 0x9e, 0xf7,
    0x9e, 0xf7, 0x9e, 0xf7, 0x9e, 0xf7, 0x9e, 0xf7, 0x9e, 0xf7, 0x9e, 0xf7,
    0x9e, 0xf7, 0x9e, 0xf7, 0x9e, 0xf7, 0x9e, 0xf7, 0x9e, 0xf7, 0x9e, 0xf7,
    0x9e, 0xf7, 0x9e, 0xf7, 0x9e, 0xf7, 0x9e, 0xf7, 0x9e, 0xf7, 0x9e, 0xf7,
    0x9e, 0xf7, 0x9e, 0xf7, 0x9e, 0xf7, 0x9e, 0xf7, 0x9e, 0xf7, 0x9e, 0xf7,
    0x9e, 0xf7, 0x9e, 0xf7, 0x9e, 0xf7, 0x9e, 0xf7, 0x9e, 0xf7, 0x9e, 0xf7,
    0x9e, 0xf7, 0x9e, 0xf7, 0x9e, 0xf7, 0x9e, 0xf7, 0xb4, 0xe6, 0x43, 0xc5,
    0x43, 0xc5, 0x43, 0xc5, 0x43, 0xc5, 0x43, 0xc5, 0x43, 0xc5, 0x43, 0xc5,
    0x43, 0xc5, 0x43, 0xc5, 0x43, 0xc5, 0x43, 0xc5, 0x43, 0xc5, 0x43, 0xc5,
    0x43, 0xc5, 0x43, 0xc5, 0x43, 0xc5, 0x43, 0xc5, 0x43, 0xc5, 0x43, 0xc5,
    0xa4, 0xd3, 0x86, 0xe1, 0x86, 0xe1, 0x86, 0xe1, 0x86, 0xe1, 0xe4, 0xd3,
    0x43, 0xc5, 0x43, 0xc5, 0x43, 0xc5, 0x43, 0xc5, 0x43, 0xc5, 0x43, 0xc5,
    0x43, 0xc5, 0x43, 0xc5, 0x43, 0xc5, 0x43, 0xc5, 0x43, 0xc5, 0x43, 0xc5,
    0x43, 0xc5, 0x43, 0xc5, 0x43, 0xc5, 0x43, 0xc5, 0x43, 0xc5, 0x43, 0xc5,
    0x43, 0xc5, 0xd5, 0xe6, 0x9e, 0xf7, 0x9e, 0xf7, 0x9e, 0xf7, 0x9e, 0xf7,
    0x9e, 0xf7, 0x9e, 0xf7, 0x9e, 0xf7, 0x9e, 0xf7, 0x9e, 0xf7, 0x9e, 0xf7,
    0x9e, 0xf7, 0x9e, 0xf7, 0x9e, 0xf7, 0x9e, 0xf7, 0x9e, 0xf7, 0x9e, 0xf7,
    0x9e, 0xf7, 0x9e, 0xf7, 0x9e, 0xf7, 0x9e, 0xf7, 0x9e, 0xf7, 0x9e, 0xf7,
    0x9e, 0xf7, 0x9e, 0xf7, 0x9e, 0xf7, 0x9e, 0xf7, 0x9e, 0xf7, 0x9e, 0xf7,
    0x9e, 0xf7, 0x9e, 0xf7, 0x9e, 0xf7, 0x9e, 0xf7, 0x9e, 0xf7, 0x9e, 0xf7,
    0x9e, 0xf7, 0x9e, 0xf7, 0x9e, 0xf7, 0x9e, 0xf7, 0x9e, 0xf7, 0x9e, 0xf7,
    0x9e, 0xf7, 0x9e, 0xf7, 0x9e, 0xf7, 0x9e, 0xf7, 0x9e, 0xf7, 0x9e, 0xf7,
    0x9e, 0xf7, 0x9e, 0xf7, 0x9e, 0xf7, 0x9e, 0xf7, 0x9e, 0xf7, 0x9e, 0xf7,
    0x9e, 0xf7, 0x9e, 0xf7, 0x9e, 0xf7, 0x9e, 0xf7, 0x9e, 0xf7, 0x9e, 0xf7,
    0x9e, 0xf7, 0x9e, 0xf7, 0x9e, 0xf7, 0x9e, 0xf7, 0x9e, 0xf7, 0x9e, 0xf7,
    0x9e, 0xf7, 0x9e, 0xf7, 0x9e, 0xf7, 0x9e, 0xf7, 0x9e, 0xf7, 0x9e, 0xf7,
    0x9e, 0xf7, 0x9e, 0xf7, 0x9e, 0xf7, 0x9e, 0xf7, 0x9e, 0xf7, 0x9e, 0xf7,
    0x9e, 0xf7, 0x9e, 0xf7, 0x9e, 0xf7, 0x9e, 0xf7, 0x9e, 0xf7, 0x9e, 0xf7,
    0x9e, 0xf7, 0x9e, 0xf7, 0x9e, 0xf7, 0x9e, 0xf7, 0x9e, 0xf7, 0x9e, 0xf7,
    0x9e, 0xf7, 0x9e, 0xf7, 0x9e, 0xf7, 0x9e, 0xf7, 0x9e, 0xf7, 0x9e, 0xf7,
    0x9e, 0xf7, 0x9e, 0xf7, 0x9e, 0xf7, 0x9e, 0xf7, 0x9e, 0xf7, 0x9e, 0xf7,
    0x9e, 0xf7, 0x9e, 0xf7, 0x9e, 0xf7, 0x9e, 0xf7, 0x70, 0xde, 0x43, 0xc5,
    0x43, 0xc5, 0x43, 0xc5, 0x43, 0xc5, 0x43, 0xc5, 0x43, 0xc5, 0x43, 0xc5,
    0x43, 0xc5, 0x43, 0xc5, 0x43, 0xc5, 0x43, 0xc5, 0x43, 0xc5, 0x43, 0xc5,
    0x43, 0xc5, 0x43, 0xc5, 0x43, 0xc5, 0x43, 0xc5, 0x43, 0xc5, 0x43, 0xc5,
    0xc5, 0xda, 0x86, 0xe1, 0x86, 0xe1, 0x86, 0xe1, 0x86, 0xe1, 0xe5, 0xda,
    0x43, 0xc5, 0x43, 0xc5, 0x43, 0xc5, 0x43, 0xc5, 0x43, 0xc5, 0x43, 0xc5,
    0x43, 0xc5, 0x43, 0xc5, 0x43, 0xc5, 0x43, 0xc5, 0x43, 0xc5, 0x43, 0xc5,
    0x43, 0xc5, 0x43, 0xc5, 0x43, 0xc5, 0x43, 0xc5, 0x43, 0xc5, 0x43, 0xc5,
    0x43, 0xc5, 0x70, 0xde, 0x9e, 0xf7, 0x9e, 0xf7, 0x9e, 0xf7, 0x9e, 0xf7,
    0x9e, 0xf7, 0x9e, 0xf7, 0x9e, 0xf7, 0x9e, 0xf7, 0x9e, 0xf7, 0x9e, 0xf7,
    0x9e, 0xf7, 0x9e, 0xf7, 0x9e, 0xf7, 0x9e, 0xf7, 0x9e, 0xf7, 0x9e, 0xf7,
    0x9e, 0xf7, 0x9e, 0xf7, 0x9e, 0xf7, 0x9e, 0xf7, 0x9e, 0xf7, 0x9e, 0xf7,
    0x9e, 0xf7, 0x9e, 0xf7, 0x9e, 0xf7, 0x9e, 0xf7, 0x9e, 0xf7, 0x9e, 0xf7,
    0x9e, 0xf7, 0x9e, 0xf7, 0x9e, 0xf7, 0x9e, 0xf7, 0x9e, 0xf7, 0x9e, 0xf7,
    0x9e, 0xf7, 0x9e, 0xf7, 0x9e, 0xf7, 0x9e, 0xf7, 0x9e, 0xf7, 0x9e, 0xf7,
    0x9e, 0xf7, 0x9e, 0xf7, 0x9e, 0xf7, 0x9e, 0xf7, 0x9e, 0xf7, 0x9e, 0xf7,
    0x9e, 0xf7, 0x9e, 0xf7, 0x9e, 0xf7, 0x9e, 0xf7, 0x9e, 0xf7, 0x9e, 0xf7,
    0x9e, 0xf7, 0x9e, 0xf7, 0x9e, 0xf7, 0x9e, 0xf7, 0x9e, 0xf7, 0x9e, 0xf7,
    0x9e, 0xf7, 0x9e, 0xf7, 0x9e, 0xf7, 0x9e, 0xf7, 0x9e, 0xf7, 0x9e, 0xf7,
    0x9e, 0xf7, 0x9e, 0xf7, 0x9e, 0xf7, 0x9e, 0xf7, 0x9e, 0xf7, 0x9e, 0xf7,
    0x9e, 0xf7, 0x9e, 0xf7, 0x9e, 0xf7, 0x9e, 0xf7, 0x9e, 0xf7, 0x9e, 0xf7,
    0x9e, 0xf7, 0x9e, 0xf7, 0x9e, 0xf7, 0x9e, 0xf7, 0x9e, 0xf7, 0x9e, 0xf7,
    0x9e, 0xf7, 0x9e, 0xf7, 0x9e, 0xf7, 0x9e, 0xf7, 0x9e, 0xf7, 0x9e, 0xf7,
    0x9e, 0xf7, 0x9e, 0xf7, 0x9e, 0xf7, 0x9e, 0xf7, 0x9e, 0xf7, 0x9e, 0xf7,
    0x9e, 0xf7, 0x9e, 0xf7, 0x9e, 0xf7, 0x9e, 0xf7, 0x9e, 0xf7, 0x9e, 0xf7,
    0x9e, 0xf7, 0x9e, 0xf7, 0x9e, 0xf7, 0x9e, 0xf7, 0x70, 0xde, 0x43, 0xc5,
    0x43, 0xc5, 0x43, 0xc5, 0x43, 0xc5, 0x43, 0xc5, 0x43, 0xc5, 0x43, 0xc5,
    0x43, 0xc5, 0x43, 0xc5, 0x43, 0xc5, 0x43, 0xc5, 0x43, 0xc5, 0x43, 0xc5,
    0x43, 0xc5, 0x43, 0xc5, 0x43, 0xc5, 0x43, 0xc5, 0x43, 0xc5, 0x43, 0xc5,
    0xc3, 0xcc, 0xc5, 0xda, 0x06, 0xe2, 0x06, 0xe2, 0xe5, 0xda, 0xc3, 0xcc,
    0x43, 0xc5, 0x43, 0xc5, 0x43, 0xc5, 0x43, 0xc5, 0x43, 0xc5, 0x43, 0xc5,
    0x43, 0xc5, 0x43, 0xc5, 0x43, 0xc5, 0x43, 0xc5, 0x43, 0xc5, 0x43, 0xc5,
    0x43, 0xc5, 0x43, 0xc5, 0x43, 0xc5, 0x43, 0xc5, 0x43, 0xc5, 0x43, 0xc5,
    0x43, 0xc5, 0x50, 0xde, 0x9e, 0xf7, 0x9e, 0xf7, 0x9e, 0xf7, 0x9e, 0xf7,
    0x9e, 0xf7, 0x9e, 0xf7, 0x9e, 0xf7, 0x9e, 0xf7, 0x9e, 0xf7, 0x9e, 0xf7,
    0x9e, 0xf7, 0x9e, 0xf7, 0x9e, 0xf7, 0x9e, 0xf7, 0x9e, 0xf7, 0x9e, 0xf7,
    0x9e, 0xf7, 0x9e, 0xf7, 0x9e, 0xf7, 0x9e, 0xf7, 0x9e, 0xf7, 0x9e, 0xf7,
    0x9e, 0xf7, 0x9e, 0xf7, 0x9e, 0xf7, 0x9e, 0xf7, 0x9e, 0xf7, 0x9e, 0xf7,
    0x9e, 0xf7, 0x9e, 0xf7, 0x9e, 0xf7, 0x9e, 0xf7, 0x9e, 0xf7, 0x9e, 0xf7,
    0x9e, 0xf7, 0x9e, 0xf7, 0x9e, 0xf7, 0x9e, 0xf7, 0x9e, 0xf7, 0x9e, 0xf7,
    0x9e, 0xf7, 0x9e, 0xf7, 0x9e, 0xf7, 0x9e, 0xf7, 0x9e, 0xf7, 0x9e, 0xf7,
    0x9e, 0xf7, 0x9e, 0xf7, 0x9e, 0xf7, 0x9e, 0xf7, 0x9e, 0xf7, 0x9e, 0xf7,
    0x9e, 0xf7, 0x9e, 0xf7, 0x9e, 0xf7, 0x9e, 0xf7, 0x9e, 0xf7, 0x9e, 0xf7,
    0x9e, 0xf7, 0x9e, 0xf7, 0x9e, 0xf7, 0x9e, 0xf7, 0x9e, 0xf7, 0x9e, 0xf7,
    0x9e, 0xf7, 0x9e, 0xf7, 0x9e, 0xf7, 0x9e, 0xf7, 0x9e, 0xf7, 0x9e, 0xf7,
    0x9e, 0xf7, 0x9e, 0xf7, 0x9e, 0xf7, 0x9e, 0xf7, 0x9e, 0xf7, 0x9e, 0xf7,
    0x9e, 0xf7, 0x9e, 0xf7, 0x9e, 0xf7, 0x9e, 0xf7, 0x9e, 0xf7, 0x9e, 0xf7,
    0x9e, 0xf7, 0x9e, 0xf7, 0x9e, 0xf7, 0x9e, 0xf7, 0x9e, 0xf7, 0x9e, 0xf7,
    0x9e, 0xf7, 0x9e, 0xf7, 0x9e, 0xf7, 0x9e, 0xf7, 0x9e, 0xf7, 0x9e, 0xf7,
    0x9e, 0xf7, 0x9e, 0xf7, 0x9e, 0xf7, 0x9e, 0xf7, 0x9e, 0xf7, 0x9e, 0xf7,
    0x9e, 0xf7, 0x9e, 0xf7, 0x9e, 0xf7, 0x9e, 0xf7, 0x71, 0xde, 0x43, 0xc5,
    0x43, 0xc5, 0x43, 0xc5, 0x43, 0xc5, 0x43, 0xc5, 0x43, 0xc5, 0x43, 0xc5,
    0x43, 0xc5, 0x43, 0xc5, 0x43, 0xc5, 0x43, 0xc5, 0x43, 0xc5, 0x43, 0xc5,
    0x43, 0xc5, 0x43, 0xc5, 0x43, 0xc5, 0x43, 0xc5, 0x43, 0xc5, 0x43, 0xc5,
    0x43, 0xc5, 0x43, 0xc5, 0x43, 0xc5, 0x43, 0xc5, 0x43, 0xc5, 0x43, 0xc5,
    0x43, 0xc5, 0x43, 0xc5, 0x43, 0xc5, 0x43, 0xc5, 0x43, 0xc5, 0x43, 0xc5,
    0x43, 0xc5, 0x43, 0xc5, 0x43, 0xc5, 0x43, 0xc5, 0x43, 0xc5, 0x43, 0xc5,
    0x43, 0xc5, 0x43, 0xc5, 0x43, 0xc5, 0x43, 0xc5, 0x43, 0xc5, 0x43, 0xc5,
    0x43, 0xc5, 0x0f, 0xd6, 0x9e, 0xf7, 0x9e, 0xf7, 0x9e, 0xf7, 0x9e, 0xf7,
    0x9e, 0xf7, 0x9e, 0xf7, 0x9e, 0xf7, 0x9e, 0xf7, 0x9e, 0xf7, 0x9e, 0xf7,
    0x9e, 0xf7, 0x9e, 0xf7, 0x9e, 0xf7, 0x9e, 0xf7, 0x9e, 0xf7, 0x9e, 0xf7,
    0x9e, 0xf7, 0x9e, 0xf7, 0x9e, 0xf7, 0x9e, 0xf7, 0x9e, 0xf7, 0x9e, 0xf7,
    0x9e, 0xf7, 0x9e, 0xf7, 0x9e, 0xf7, 0x9e, 0xf7, 0x9e, 0xf7, 0x9e, 0xf7,
    0x9e, 0xf7, 0x9e, 0xf7, 0x9e, 0xf7, 0x9e, 0xf7, 0x9e, 0xf7, 0x9e, 0xf7,
    0x9e, 0xf7, 0x9e, 0xf7, 0x9e, 0xf7, 0x9e, 0xf7, 0x9e, 0xf7, 0x9e, 0xf7,
    0x9e, 0xf7, 0x9e, 0xf7, 0x9e, 0xf7, 0x9e, 0xf7, 0x9e, 0xf7, 0x9e, 0xf7,
    0x9e, 0xf7, 0x9e, 0xf7, 0x9e, 0xf7, 0x9e, 0xf7, 0x9e, 0xf7, 0x9e, 0xf7,
    0x9e, 0xf7, 0x9e, 0xf7, 0x9e, 0xf7, 0x9e, 0xf7, 0x9e, 0xf7, 0x9e, 0xf7,
    0x9e, 0xf7, 0x9e, 0xf7, 0x9e, 0xf7, 0x9e, 0xf7, 0x9e, 0xf7, 0x9e, 0xf7,
    0x9e, 0xf7, 0x9e, 0xf7, 0x9e, 0xf7, 0x9e, 0xf7, 0x9e, 0xf7, 0x9e, 0xf7,
    0x9e, 0xf7, 0x9e, 0xf7, 0x9e, 0xf7, 0x9e, 0xf7, 0x9e, 0xf7, 0x9e, 0xf7,
    0x9e, 0xf7, 0x9e, 0xf7, 0x9e, 0xf7, 0x9e, 0xf7, 0x9e, 0xf7, 0x9e, 0xf7,
    0x9e, 0xf7, 0x9e, 0xf7, 0x9e, 0xf7, 0x9e, 0xf7, 0x9e, 0xf7, 0x9e, 0xf7,
    0x9e, 0xf7, 0x9e, 0xf7, 0x9e, 0xf7, 0x9e, 0xf7, 0x9e, 0xf7, 0x9e, 0xf7,
    0x9e, 0xf7, 0x9e, 0xf7, 0x9e, 0xf7, 0x9e, 0xf7, 0x9e, 0xf7, 0x9e, 0xf7,
    0x9e, 0xf7, 0x9e, 0xf7, 0x3a, 0xef, 0x2d, 0xde, 0x64, 0xcd, 0x64, 0xcd,
    0x43, 0xc5, 0x43, 0xc5, 0x43, 0xc5, 0x43, 0xc5, 0x43, 0xc5, 0x43, 0xc5,
    0x43, 0xc5, 0x43, 0xc5, 0x43, 0xc5, 0x43, 0xc5, 0x43, 0xc5, 0x43, 0xc5,
    0x43, 0xc5, 0x43, 0xc5, 0x43, 0xc5, 0x43, 0xc5, 0x43, 0xc5, 0x43, 0xc5,
    0x43, 0xc5, 0x43, 0xc5, 0x43, 0xc5, 0x43, 0xc5, 0x43, 0xc5, 0x43, 0xc5,
    0x43, 0xc5, 0x43, 0xc5, 0x43, 0xc5, 0x43, 0xc5, 0x43, 0xc5, 0x43, 0xc5,
    0x43, 0xc5, 0x43, 0xc5, 0x43, 0xc5, 0x43, 0xc5, 0x43, 0xc5, 0x43, 0xc5,
    0x43, 0xc5, 0x43, 0xc5, 0x43, 0xc5, 0x43, 0xc5, 0x43, 0xc5, 0x43, 0xc5,
    0x22, 0xc5, 0x03, 0xbd, 0x70, 0xde, 0x7c, 0xef, 0x9e, 0xf7, 0x9e, 0xf7,
    0x9e, 0xf7, 0x9e, 0xf7, 0x9e, 0xf7, 0x9e, 0xf7, 0x9e, 0xf7, 0x9e, 0xf7,
    0x9e, 0xf7, 0x9e, 0xf7, 0x9e, 0xf7, 0x9e, 0xf7, 0x9e, 0xf7, 0x9e, 0xf7,
    0x9e, 0xf7, 0x9e, 0xf7, 0x9e, 0xf7, 0x9e, 0xf7, 0x9e, 0xf7, 0x9e, 0xf7,
    0x9e, 0xf7, 0x9e, 0xf7, 0x9e, 0xf7, 0x9e, 0xf7, 0x9e, 0xf7, 0x9e, 0xf7,
    0x9e, 0xf7, 0x9e, 0xf7, 0x9e, 0xf7, 0x9e, 0xf7, 0x9e, 0xf7, 0x9e, 0xf7,
    0x9e, 0xf7, 0x9e, 0xf7, 0x9e, 0xf7, 0x9e, 0xf7, 0x9e, 0xf7, 0x9e, 0xf7,
    0x9e, 0xf7, 0x9e, 0xf7, 0x9e, 0xf7, 0x9e, 0xf7, 0x9e, 0xf7, 0x9e, 0xf7,
    0x9e, 0xf7, 0x9e, 0xf7, 0x9e, 0xf7, 0x9e, 0xf7, 0x9e, 0xf7, 0x9e, 0xf7,
    0x9e, 0xf7, 0x9e, 0xf7, 0x9e, 0xf7, 0x9e, 0xf7, 0x9e, 0xf7, 0x9e, 0xf7,
    0x9e, 0xf7, 0x9e, 0xf7, 0x9e, 0xf7, 0x9e, 0xf7, 0x9e, 0xf7, 0x9e, 0xf7,
    0x9e, 0xf7, 0x9e, 0xf7, 0x9e, 0xf7, 0x9e, 0xf7, 0x9e, 0xf7, 0x9e, 0xf7,
    0x9e, 0xf7, 0x9e, 0xf7, 0x9e, 0xf7, 0x9e, 0xf7, 0x9e, 0xf7, 0x9e, 0xf7,
    0x9e, 0xf7, 0x9e, 0xf7, 0x9e, 0xf7, 0x9e, 0xf7, 0x9e, 0xf7, 0x9e, 0xf7,
    0x9e, 0xf7, 0x9e, 0xf7, 0x9e, 0xf7, 0x9e, 0xf7, 0x9e, 0xf7, 0x9e, 0xf7,
    0x9e, 0xf7, 0x9e, 0xf7, 0x9e, 0xf7, 0x9e, 0xf7, 0x9e, 0xf7, 0x9e, 0xf7,
    0x9e, 0xf7, 0x9e, 0xf7, 0x9e, 0xf7, 0x9e, 0xf7, 0x9e, 0xf7, 0x9e, 0xf7,
    0x3a, 0xef, 0x2d, 0xde, 0x63, 0xcd, 0x63, 0xcd, 0x64, 0xcd, 0xc8, 0xd5,
    0x44, 0xc5, 0x43, 0xc5, 0x43, 0xc5, 0x43, 0xc5, 0x43, 0xc5, 0x43, 0xc5,
    0x43, 0xc5, 0x43, 0xc5, 0x43, 0xc5, 0x43, 0xc5, 0x43, 0xc5, 0x43, 0xc5,
    0x43, 0xc5, 0x43, 0xc5, 0x43, 0xc5, 0x43, 0xc5, 0x43, 0xc5, 0x43, 0xc5,
    0x43, 0xc5, 0x43, 0xc5, 0x43, 0xc5, 0x43, 0xc5, 0x43, 0xc5, 0x43, 0xc5,
    0x43, 0xc5, 0x43, 0xc5, 0x43, 0xc5, 0x43, 0xc5, 0x43, 0xc5, 0x43, 0xc5,
    0x43, 0xc5, 0x43, 0xc5, 0x43, 0xc5, 0x43, 0xc5, 0x43, 0xc5, 0x43, 0xc5,
    0x43, 0xc5, 0x43, 0xc5, 0x43, 0xc5, 0x43, 0xc5, 0x43, 0xc5, 0x43, 0xc5,
    0xc1, 0xb4, 0xe2, 0xbc, 0x63, 0xcd, 0x85, 0xcd, 0x70, 0xde, 0x7c, 0xef,
    0x9e, 0xf7, 0x9e, 0xf7, 0x9e, 0xf7, 0x9e, 0xf7, 0x9e, 0xf7, 0x9e, 0xf7,
    0x9e, 0xf7, 0x9e, 0xf7, 0x9e, 0xf7, 0x9e, 0xf7, 0x9e, 0xf7, 0x9e, 0xf7,
    0x9e, 0xf7, 0x9e, 0xf7, 0x9e, 0xf7, 0x9e, 0xf7, 0x9e, 0xf7, 0x9e, 0xf7,
    0x9e, 0xf7, 0x9e, 0xf7, 0x9e, 0xf7, 0x9e, 0xf7, 0x9e, 0xf7, 0x9e, 0xf7,
    0x9e, 0xf7, 0x9e, 0xf7, 0x9e, 0xf7, 0x9e, 0xf7, 0x9e, 0xf7, 0x9e, 0xf7,
    0x9e, 0xf7, 0x9e, 0xf7, 0x9e, 0xf7, 0x9e, 0xf7, 0x9e, 0xf7, 0x9e, 0xf7,
    0x9e, 0xf7, 0x9e, 0xf7, 0x9e, 0xf7, 0x9e, 0xf7, 0x9e, 0xf7, 0x9e, 0xf7,
    0x9e, 0xf7, 0x9e, 0xf7, 0x9e, 0xf7, 0x9e, 0xf7, 0x9e, 0xf7, 0x9e, 0xf7,
    0x9e, 0xf7, 0x9e, 0xf7, 0x9e, 0xf7, 0x9e, 0xf7, 0x9e, 0xf7, 0x9e, 0xf7,
    0x9e, 0xf7, 0x9e, 0xf7, 0x9e, 0xf7, 0x9e, 0xf7, 0x9e, 0xf7, 0x9e, 0xf7,
    0x9e, 0xf7, 0x9e, 0xf7, 0x9e, 0xf7, 0x9e, 0xf7, 0x9e, 0xf7, 0x9e, 0xf7,
    0x9e, 0xf7, 0x9e, 0xf7, 0x9e, 0xf7, 0x9e, 0xf7, 0x9e, 0xf7, 0x9e, 0xf7,
    0x9e, 0xf7, 0x9e, 0xf7, 0x9e, 0xf7, 0x9e, 0xf7, 0x9e, 0xf7, 0x9e, 0xf7,
    0x9e, 0xf7, 0x9e, 0xf7, 0x9e, 0xf7, 0x9e, 0xf7, 0x9e, 0xf7, 0x9e, 0xf7,
    0x9e, 0xf7, 0x9e, 0xf7, 0x9e, 0xf7, 0x9e, 0xf7, 0x9e, 0xf7, 0x9e, 0xf7,
    0x9e, 0xf7, 0x9e, 0xf7, 0x9e, 0xf7, 0x9e, 0xf7, 0x3a, 0xef, 0x70, 0xde,
    0x63, 0xcd, 0x63, 0xcd, 0x63, 0xcd, 0x63, 0xcd, 0x64, 0xcd, 0xea, 0xd5,
    0x2e, 0xd6, 0x43, 0xc5, 0x43, 0xc5, 0x43, 0xc5, 0x43, 0xc5, 0x43, 0xc5,
    0x43, 0xc5, 0x43, 0xc5, 0x43, 0xc5, 0x43, 0xc5, 0x43, 0xc5, 0x43, 0xc5,
    0x43, 0xc5, 0x43, 0xc5, 0x43, 0xc5, 0x43, 0xc5, 0x43, 0xc5, 0x43, 0xc5,
    0x43, 0xc5, 0x43, 0xc5, 0x43, 0xc5, 0x43, 0xc5, 0x43, 0xc5, 0x43, 0xc5,
    0x43, 0xc5, 0x43, 0xc5, 0x43, 0xc5, 0x43, 0xc5, 0x43, 0xc5, 0x43, 0xc5,
    0x43, 0xc5, 0x43, 0xc5, 0x43, 0xc5, 0x43, 0xc5, 0x43, 0xc5, 0x43, 0xc5,
    0x43, 0xc5, 0x43, 0xc5, 0x43, 0xc5, 0x43, 0xc5, 0x43, 0xc5, 0xe2, 0xbc,
    0xa1, 0xb4, 0xe2, 0xbc, 0x63, 0xcd, 0x63, 0xcd, 0x63, 0xcd, 0x85, 0xcd,
    0x70, 0xde, 0x7c, 0xef, 0x9e, 0xf7, 0x9e, 0xf7, 0x9e, 0xf7, 0x9e, 0xf7,
    0x9e, 0xf7, 0x9e, 0xf7, 0x9e, 0xf7, 0x9e, 0xf7, 0x9e, 0xf7, 0x9e, 0xf7,
    0x9e, 0xf7, 0x9e, 0xf7, 0x9e, 0xf7, 0x9e, 0xf7, 0x9e, 0xf7, 0x9e, 0xf7,
    0x9e, 0xf7, 0x9e, 0xf7, 0x9e, 0xf7, 0x9e, 0xf7, 0x9e, 0xf7, 0x9e, 0xf7,
    0x9e, 0xf7, 0x9e, 0xf7, 0x9e, 0xf7, 0x9e, 0xf7, 0x9e, 0xf7, 0x9e, 0xf7,
    0x9e, 0xf7, 0x9e, 0xf7, 0x9e, 0xf7, 0x9e, 0xf7, 0x9e, 0xf7, 0x9e, 0xf7,
    0x9e, 0xf7, 0x9e, 0xf7, 0x9e, 0xf7, 0x9e, 0xf7, 0x9e, 0xf7, 0x9e, 0xf7,
    0x9e, 0xf7, 0x9e, 0xf7, 0x9e, 0xf7, 0x9e, 0xf7, 0x9e, 0xf7, 0x9e, 0xf7,
    0x9e, 0xf7, 0x9e, 0xf7, 0x9e, 0xf7, 0x9e, 0xf7, 0x9e, 0xf7, 0x9e, 0xf7,
    0x9e, 0xf7, 0x9e, 0xf7, 0x9e, 0xf7, 0x9e, 0xf7, 0x9e, 0xf7, 0x9e, 0xf7,
    0x9e, 0xf7, 0x9e, 0xf7, 0x9e, 0xf7, 0x9e, 0xf7, 0x9e, 0xf7, 0x9e, 0xf7,
    0x9e, 0xf7, 0x9e, 0xf7, 0x9e, 0xf7, 0x9e, 0xf7, 0x9e, 0xf7, 0x9e, 0xf7,
    0x9e, 0xf7, 0x9e, 0xf7, 0x9e, 0xf7, 0x9e, 0xf7, 0x9e, 0xf7, 0x9e, 0xf7,
    0x9e, 0xf7, 0x9e, 0xf7, 0x9e, 0xf7, 0x9e, 0xf7, 0x9e, 0xf7, 0x9e, 0xf7,
    0x9e, 0xf7, 0x9e, 0xf7, 0x9e, 0xf7, 0x9e, 0xf7, 0x9e, 0xf7, 0x9e, 0xf7,
    0x9e, 0xf7, 0x9e, 0xf7, 0x3a, 0xef, 0x70, 0xde, 0xa7, 0xcd, 0x63, 0xcd,
    0x63, 0xcd, 0x63, 0xcd, 0x63, 0xcd, 0x63, 0xcd, 0x64, 0xcd, 0xea, 0xd5,
    0x94, 0xde, 0x50, 0xde, 0x44, 0xcd, 0x43, 0xc5, 0x43, 0xc5, 0x43, 0xc5,
    0x43, 0xc5, 0x43, 0xc5, 0x43, 0xc5, 0x43, 0xc5, 0x43, 0xc5, 0x43, 0xc5,
    0x43, 0xc5, 0x43, 0xc5, 0x43, 0xc5, 0x43, 0xc5, 0x43, 0xc5, 0x43, 0xc5,
    0x43, 0xc5, 0x43, 0xc5, 0x43, 0xc5, 0x43, 0xc5, 0x43, 0xc5, 0x43, 0xc5,
    0x43, 0xc5, 0x43, 0xc5, 0x43, 0xc5, 0x43, 0xc5, 0x43, 0xc5, 0x43, 0xc5,
    0x43, 0xc5, 0x43, 0xc5, 0x43, 0xc5, 0x43, 0xc5, 0x43, 0xc5, 0x43, 0xc5,
    0x43, 0xc5, 0x43, 0xc5, 0x43, 0xc5, 0x43, 0xc5, 0x02, 0xc5, 0xc1, 0xbc,
    0xa1, 0xb4, 0xe2, 0xbc, 0x63, 0xcd, 0x63, 0xcd, 0x63, 0xcd, 0x63, 0xcd,
    0x63, 0xcd, 0x85, 0xcd, 0x70, 0xde, 0x7c, 0xef, 0x9e, 0xf7, 0x9e, 0xf7,
    0x9e, 0xf7, 0x9e, 0xf7, 0x9e, 0xf7, 0x9e, 0xf7, 0x9e, 0xf7, 0x9e, 0xf7,
    0x9e, 0xf7, 0x9e, 0xf7, 0x9e, 0xf7, 0x9e, 0xf7, 0x9e, 0xf7, 0x9e, 0xf7,
    0x9e, 0xf7, 0x9e, 0xf7, 0x9e, 0xf7, 0x9e, 0xf7, 0x9e, 0xf7, 0x9e, 0xf7,
    0x9e, 0xf7, 0x9e, 0xf7, 0x9e, 0xf7, 0x9e, 0xf7, 0x9e, 0xf7, 0x9e, 0xf7,
    0x9e, 0xf7, 0x9e, 0xf7, 0x9e, 0xf7, 0x9e, 0xf7, 0x9e, 0xf7, 0x9e, 0xf7,
    0x9e, 0xf7, 0x9e, 0xf7, 0x9e, 0xf7, 0x9e, 0xf7, 0x9e, 0xf7, 0x9e, 0xf7,
    0x9e, 0xf7, 0x9e, 0xf7, 0x9e, 0xf7, 0x9e, 0xf7, 0x9e, 0xf7, 0x9e, 0xf7,
    0x9e, 0xf7, 0x9e, 0xf7, 0x9e, 0xf7, 0x9e, 0xf7, 0x9e, 0xf7, 0x9e, 0xf7,
    0x9e, 0xf7, 0x9e, 0xf7, 0x9e, 0xf7, 0x9e, 0xf7, 0x9e, 0xf7, 0x9e, 0xf7,
    0x9e, 0xf7, 0x9e, 0xf7, 0x9e, 0xf7, 0x9e, 0xf7, 0x9e, 0xf7, 0x9e, 0xf7,
    0x9e, 0xf7, 0x9e, 0xf7, 0x9e, 0xf7, 0x9e, 0xf7, 0x9e, 0xf7, 0x9e, 0xf7,
    0x9e, 0xf7, 0x9e, 0xf7, 0x9e, 0xf7, 0x9e, 0xf7, 0x9e, 0xf7, 0x9e, 0xf7,
    0x9e, 0xf7, 0x9e, 0xf7, 0x9e, 0xf7, 0x9e, 0xf7, 0x9e, 0xf7, 0x9e, 0xf7,
    0x9e, 0xf7, 0x9e, 0xf7, 0x9e, 0xf7, 0x9e, 0xf7, 0x9e, 0xf7, 0x9e, 0xf7,
    0x3a, 0xef, 0x70, 0xde, 0xa7, 0xcd, 0x63, 0xcd, 0x63, 0xcd, 0x63, 0xcd,
    0x63, 0xcd, 0x63, 0xcd, 0x63, 0xcd, 0x63, 0xcd, 0x64, 0xcd, 0xea, 0xd5,
    0x94, 0xde, 0xb4, 0xe6, 0x4e, 0xde, 0x85, 0xcd, 0x43, 0xc5, 0x43, 0xc5,
    0x43, 0xc5, 0x43, 0xc5, 0x43, 0xc5, 0x43, 0xc5, 0x43, 0xc5, 0x43, 0xc5,
    0x43, 0xc5, 0x43, 0xc5, 0x43, 0xc5, 0x43, 0xc5, 0x43, 0xc5, 0x43, 0xc5,
    0x43, 0xc5, 0x43, 0xc5, 0x43, 0xc5, 0x43, 0xc5, 0x43, 0xc5, 0x43, 0xc5,
    0x43, 0xc5, 0x43, 0xc5, 0x43, 0xc5, 0x43, 0xc5, 0x43, 0xc5, 0x43, 0xc5,
    0x43, 0xc5, 0x43, 0xc5, 0x43, 0xc5, 0x43, 0xc5, 0x43, 0xc5, 0x43, 0xc5,
    0x43, 0xc5, 0x43, 0xc5, 0x43, 0xc5, 0x23, 0xc5, 0x02, 0xbd, 0xc1, 0xbc,
    0xa1, 0xb4, 0xe2, 0xbc, 0x63, 0xcd, 0x63, 0xcd, 0x63, 0xcd, 0x63, 0xcd,
    0x63, 0xcd, 0x63, 0xcd, 0x63, 0xcd, 0x85, 0xcd, 0x70, 0xde, 0x7c, 0xef,
    0x9e, 0xf7, 0x9e, 0xf7, 0x9e, 0xf7, 0x9e, 0xf7, 0x9e, 0xf7, 0x9e, 0xf7,
    0x9e, 0xf7, 0x9e, 0xf7, 0x9e, 0xf7, 0x9e, 0xf7, 0x9e, 0xf7, 0x9e, 0xf7,
    0x9e, 0xf7, 0x9e, 0xf7, 0x9e, 0xf7, 0x9e, 0xf7, 0x9e, 0xf7, 0x9e, 0xf7,
    0x9e, 0xf7, 0x9e, 0xf7, 0x9e, 0xf7, 0x9e, 0xf7, 0x9e, 0xf7, 0x9e, 0xf7,
    0x9e, 0xf7, 0x9e, 0xf7, 0x9e, 0xf7, 0x9e, 0xf7, 0x9e, 0xf7, 0x9e, 0xf7,
    0x9e, 0xf7, 0x9e, 0xf7, 0x9e, 0xf7, 0x9e, 0xf7, 0x9e, 0xf7, 0x9e, 0xf7,
    0x9e, 0xf7, 0x9e, 0xf7, 0x9e, 0xf7, 0x9e, 0xf7, 0x9e, 0xf7, 0x9e, 0xf7,
    0x9e, 0xf7, 0x9e, 0xf7, 0x9e, 0xf7, 0x9e, 0xf7, 0x9e, 0xf7, 0x9e, 0xf7,
    0x9e, 0xf7, 0x9e, 0xf7, 0x9e, 0xf7, 0x9e, 0xf7, 0x9e, 0xf7, 0x9e, 0xf7,
    0x9e, 0xf7, 0x9e, 0xf7, 0x9e, 0xf7, 0x9e, 0xf7, 0x9e, 0xf7, 0x9e, 0xf7,
    0x9e, 0xf7, 0x9e, 0xf7, 0x9e, 0xf7, 0x9e, 0xf7, 0x9e, 0xf7, 0x9e, 0xf7,
    0x9e, 0xf7, 0x9e, 0xf7, 0x9e, 0xf7, 0x9e, 0xf7, 0x9e, 0xf7, 0x9e, 0xf7,
    0x9e, 0xf7, 0x9e, 0xf7, 0x9e, 0xf7, 0x9e, 0xf7, 0x9e, 0xf7, 0x9e, 0xf7,
    0x9e, 0xf7, 0x9e, 0xf7, 0x9e, 0xf7, 0x9e, 0xf7, 0x3a, 0xef, 0x70, 0xde,
    0xa7, 0xcd, 0x63, 0xcd, 0x63, 0xcd, 0x63, 0xcd, 0x63, 0xcd, 0x63, 0xcd,
    0x63, 0xcd, 0x63, 0xcd, 0x63, 0xcd, 0x63, 0xcd, 0x64, 0xcd, 0xea, 0xd5,
    0x93, 0xde, 0x94, 0xe6, 0x6f, 0xde, 0x2a, 0xde, 0xe6, 0xd5, 0x84, 0xcd,
    0x43, 0xc5, 0x43, 0xc5, 0x43, 0xc5, 0x43, 0xc5, 0x43, 0xc5, 0x43, 0xc5,
    0x43, 0xc5, 0x43, 0xc5, 0x43, 0xc5, 0x43, 0xc5, 0x43, 0xc5, 0x43, 0xc5,
    0x43, 0xc5, 0x43, 0xc5, 0x43, 0xc5, 0x43, 0xc5, 0x43, 0xc5, 0x43, 0xc5,
    0x43, 0xc5, 0x43, 0xc5, 0x43, 0xc5, 0x43, 0xc5, 0x43, 0xc5, 0x43, 0xc5,
    0x43, 0xc5, 0x43, 0xc5, 0x43, 0xc5, 0x43, 0xc5, 0x43, 0xc5, 0x43, 0xc5,
    0x43, 0xc5, 0x64, 0xcd, 0x63, 0xcd, 0x23, 0xc5, 0x02, 0xbd, 0xc1, 0xbc,
    0xa1, 0xb4, 0xe2, 0xbc, 0x63, 0xcd, 0x63, 0xcd, 0x63, 0xcd, 0x63, 0xcd,
    0x63, 0xcd, 0x63, 0xcd, 0x63, 0xcd, 0x63, 0xcd, 0x63, 0xcd, 0x85, 0xcd,
    0x70, 0xde, 0x7c, 0xef, 0x9e, 0xf7, 0x9e, 0xf7, 0x9e, 0xf7, 0x9e, 0xf7,
    0x9e, 0xf7, 0x9e, 0xf7, 0x9e, 0xf7, 0x9e, 0xf7, 0x9e, 0xf7, 0x9e, 0xf7,
    0x9e, 0xf7, 0x9e, 0xf7, 0x9e, 0xf7, 0x9e, 0xf7, 0x9e, 0xf7, 0x9e, 0xf7,
    0x9e, 0xf7, 0x9e, 0xf7, 0x9e, 0xf7, 0x9e, 0xf7, 0x9e, 0xf7, 0x9e, 0xf7,
    0x9e, 0xf7, 0x9e, 0xf7, 0x9e, 0xf7, 0x9e, 0xf7, 0x9e, 0xf7, 0x9e, 0xf7,
    0x9e, 0xf7, 0x9e, 0xf7, 0x9e, 0xf7, 0x9e, 0xf7, 0x9e, 0xf7, 0x9e, 0xf7,
    0x9e, 0xf7, 0x9e, 0xf7, 0x9e, 0xf7, 0x9e, 0xf7, 0x9e, 0xf7, 0x9e, 0xf7,
    0x9e, 0xf7, 0x9e, 0xf7, 0x9e, 0xf7, 0x9e, 0xf7, 0x9e, 0xf7, 0x9e, 0xf7,
    0x9e, 0xf7, 0x9e, 0xf7, 0x9e, 0xf7, 0x9e, 0xf7, 0x9e, 0xf7, 0x9e, 0xf7,
    0x9e, 0xf7, 0x9e, 0xf7, 0x9e, 0xf7, 0x9e, 0xf7, 0x9e, 0xf7, 0x9e, 0xf7,
    0x9e, 0xf7, 0x9e, 0xf7, 0x9e, 0xf7, 0x9e, 0xf7, 0x9e, 0xf7, 0x9e, 0xf7,
    0x9e, 0xf7, 0x9e, 0xf7, 0x9e, 0xf7, 0x9e, 0xf7, 0x9e, 0xf7, 0x9e, 0xf7,
    0x9e, 0xf7, 0x9e, 0xf7, 0x9e, 0xf7, 0x9e, 0xf7, 0x9e, 0xf7, 0x9e, 0xf7,
    0x9e, 0xf7, 0x9e, 0xf7, 0x9e, 0xf7, 0x92, 0xde, 0xa7, 0xcd, 0x63, 0xcd,
    0x63, 0xcd, 0x63, 0xcd, 0x63, 0xcd, 0x63, 0xcd, 0x63, 0xcd, 0x63, 0xcd,
    0x63, 0xcd, 0x63, 0xcd, 0x63, 0xcd, 0x63, 0xcd, 0x64, 0xcd, 0xea, 0xd5,
    0x93, 0xde, 0x93, 0xe6, 0x4e, 0xde, 0x29, 0xde, 0x27, 0xde, 0x27, 0xde,
    0xe6, 0xdd, 0x84, 0xcd, 0x43, 0xcd, 0x43, 0xc5, 0x43, 0xc5, 0x43, 0xc5,
    0x43, 0xc5, 0x43, 0xc5, 0x43, 0xc5, 0x43, 0xc5, 0x43, 0xc5, 0x43, 0xc5,
    0x43, 0xc5, 0x43, 0xc5, 0x43, 0xc5, 0x43, 0xc5, 0x43, 0xc5, 0x43, 0xc5,
    0x43, 0xc5, 0x43, 0xc5, 0x43, 0xc5, 0x43, 0xc5, 0x43, 0xc5, 0x43, 0xc5,
    0x43, 0xc5, 0x43, 0xc5, 0x43, 0xc5, 0x43, 0xc5, 0x84, 0xcd, 0xa4, 0xd5,
    0xa4, 0xd5, 0x84, 0xcd, 0x63, 0xcd, 0x23, 0xc5, 0x02, 0xbd, 0xc1, 0xbc,
    0xa1, 0xb4, 0xe2, 0xbc, 0x63, 0xcd, 0x63, 0xcd, 0x63, 0xcd, 0x63, 0xcd,
    0x63, 0xcd, 0x63, 0xcd, 0x63, 0xcd, 0x63, 0xcd, 0x63, 0xcd, 0x63, 0xcd,
    0x63, 0xcd, 0x85, 0xcd, 0x70, 0xde, 0x7c, 0xef, 0x9e, 0xf7, 0x9e, 0xf7,
    0x9e, 0xf7, 0x9e, 0xf7, 0x9e, 0xf7, 0x9e, 0xf7, 0x9e, 0xf7, 0x9e, 0xf7,
    0x9e, 0xf7, 0x9e, 0xf7, 0x9e, 0xf7, 0x9e, 0xf7, 0x9e, 0xf7, 0x9e, 0xf7,
    0x9e, 0xf7, 0x9e, 0xf7, 0x9e, 0xf7, 0x9e, 0xf7, 0x9e, 0xf7, 0x9e, 0xf7,
    0x9e, 0xf7, 0x9e, 0xf7, 0x9e, 0xf7, 0x9e, 0xf7, 0x9e, 0xf7, 0x9e, 0xf7,
    0x9e, 0xf7, 0x9e, 0xf7, 0x9e, 0xf7, 0x9e, 0xf7, 0x9e, 0xf7, 0x9e, 0xf7,
    0x9e, 0xf7, 0x9e, 0xf7, 0x9e, 0xf7, 0x9e, 0xf7, 0x9e, 0xf7, 0x9e, 0xf7,
    0x9e, 0xf7, 0x9e, 0xf7, 0x9e, 0xf7, 0x9e, 0xf7, 0x9e, 0xf7, 0x9e, 0xf7,
    0x9e, 0xf7, 0x9e, 0xf7, 0x9e, 0xf7, 0x9e, 0xf7, 0x9e, 0xf7, 0x9e, 0xf7,
    0x9e, 0xf7, 0x9e, 0xf7, 0x9e, 0xf7, 0x9e, 0xf7, 0x9e, 0xf7, 0x9e, 0xf7,
    0x9e, 0xf7, 0x9e, 0xf7, 0x9e, 0xf7, 0x9e, 0xf7, 0x9e, 0xf7, 0x9e, 0xf7,
    0x9e, 0xf7, 0x9e, 0xf7, 0x9e, 0xf7, 0x9e, 0xf7, 0x9e, 0xf7, 0x9e, 0xf7,
    0x9e, 0xf7, 0x9e, 0xf7, 0x9e, 0xf7, 0x9e, 0xf7, 0x9e, 0xf7, 0x9e, 0xf7,
    0x9e, 0xf7, 0xb4, 0xe6, 0xa7, 0xcd, 0x63, 0xcd, 0x63, 0xcd, 0x63, 0xcd,
    0x63, 0xcd, 0x63, 0xcd, 0x63, 0xcd, 0x63, 0xcd, 0x63, 0xcd, 0x63, 0xcd,
    0x63, 0xcd, 0x63, 0xcd, 0x63, 0xcd, 0x63, 0xcd, 0x64, 0xcd, 0xea, 0xd5,
    0x93, 0xde, 0x92, 0xe6, 0x4d, 0xde, 0x29, 0xde, 0x27, 0xde, 0x27, 0xde,
    0x27, 0xde, 0x47, 0xde, 0x27, 0xde, 0xe6, 0xd5, 0xa5, 0xd5, 0x43, 0xcd,
    0x43, 0xc5, 0x43, 0xc5, 0x43, 0xc5, 0x43, 0xc5, 0x43, 0xc5, 0x43, 0xc5,
    0x43, 0xc5, 0x43, 0xc5, 0x43, 0xc5, 0x43, 0xc5, 0x43, 0xc5, 0x43, 0xc5,
    0x43, 0xc5, 0x43, 0xc5, 0x43, 0xc5, 0x43, 0xc5, 0x43, 0xc5, 0x43, 0xc5,
    0x63, 0xcd, 0x84, 0xcd, 0xc5, 0xd5, 0xe5, 0xd5, 0xc5, 0xd5, 0xc5, 0xd5,
    0xa4, 0xd5, 0x84, 0xcd, 0x63, 0xcd, 0x23, 0xc5, 0x02, 0xbd, 0xc1, 0xbc,
    0xa1, 0xb4, 0xe2, 0xbc, 0x63, 0xcd, 0x63, 0xcd, 0x63, 0xcd, 0x63, 0xcd,
    0x63, 0xcd, 0x63, 0xcd, 0x63, 0xcd, 0x63, 0xcd, 0x63, 0xcd, 0x63, 0xcd,
    0x63, 0xcd, 0x63, 0xcd, 0x63, 0xcd, 0x85, 0xcd, 0x70, 0xde, 0x7c, 0xef,
    0x9e, 0xf7, 0x9e, 0xf7, 0x9e, 0xf7, 0x9e, 0xf7, 0x9e, 0xf7, 0x9e, 0xf7,
    0x9e, 0xf7, 0x9e, 0xf7, 0x9e, 0xf7, 0x9e, 0xf7, 0x9e, 0xf7, 0x9e, 0xf7,
    0x9e, 0xf7, 0x9e, 0xf7, 0x9e, 0xf7, 0x9e, 0xf7, 0x9e, 0xf7, 0x9e, 0xf7,
    0x9e, 0xf7, 0x9e, 0xf7, 0x9e, 0xf7, 0x9e, 0xf7, 0x9e, 0xf7, 0x9e, 0xf7,
    0x9e, 0xf7, 0x9e, 0xf7, 0x9e, 0xf7, 0x9e, 0xf7, 0x9e, 0xf7, 0x9e, 0xf7,
    0x9e, 0xf7, 0x9e, 0xf7, 0x9e, 0xf7, 0x9e, 0xf7, 0x9e, 0xf7, 0x9e, 0xf7,
    0x9e, 0xf7, 0x9e, 0xf7, 0x9e, 0xf7, 0x9e, 0xf7, 0x9e, 0xf7, 0x9e, 0xf7,
    0x9e, 0xf7, 0x9e, 0xf7, 0x9e, 0xf7, 0x9e, 0xf7, 0x9e, 0xf7, 0x9e, 0xf7,
    0x9e, 0xf7, 0x9e, 0xf7, 0x9e, 0xf7, 0x9e, 0xf7, 0x9e, 0xf7, 0x9e, 0xf7,
    0x9e, 0xf7, 0x9e, 0xf7, 0x9e, 0xf7, 0x9e, 0xf7, 0x9e, 0xf7, 0x9e, 0xf7,
    0x9e, 0xf7, 0x9e, 0xf7, 0x9e, 0xf7, 0x9e, 0xf7, 0x9e, 0xf7, 0x9e, 0xf7,
    0x9e, 0xf7, 0x9e, 0xf7, 0x9e, 0xf7, 0x9e, 0xf7, 0x9e, 0xf7, 0xb4, 0xe6,
    0xa7, 0xcd, 0x63, 0xcd, 0x63, 0xcd, 0x63, 0xcd, 0x63, 0xcd, 0x63, 0xcd,
    0x63, 0xcd, 0x63, 0xcd, 0x63, 0xcd, 0x63, 0xcd, 0x63, 0xcd, 0x63, 0xcd,
    0x63, 0xcd, 0x63, 0xcd, 0x63, 0xcd, 0x63, 0xcd, 0x84, 0xcd, 0xea, 0xd5,
    0x72, 0xde, 0x71, 0xde, 0x4c, 0xde, 0x28, 0xde, 0x27, 0xde, 0x27, 0xde,
    0x27, 0xde, 0x47, 0xde, 0x47, 0xe6, 0x48, 0xe6, 0x48, 0xe6, 0x48, 0xe6,
    0x48, 0xde, 0x08, 0xde, 0x09, 0xd6, 0xc9, 0xd5, 0xa7, 0xcd, 0x85, 0xcd,
    0x85, 0xcd, 0x64, 0xcd, 0x43, 0xc5, 0x43, 0xc5, 0x43, 0xcd, 0x64, 0xcd,
    0x64, 0xcd, 0x84, 0xcd, 0xa5, 0xd5, 0xc5, 0xd5, 0xe6, 0xd5, 0x06, 0xde,
    0x27, 0xde, 0x06, 0xde, 0x06, 0xde, 0xe6, 0xd5, 0xc5, 0xd5, 0xc5, 0xd5,
    0xa4, 0xd5, 0x84, 0xcd, 0x63, 0xcd, 0x23, 0xc5, 0x02, 0xbd, 0xc1, 0xbc,
    0xa1, 0xb4, 0xe2, 0xbc, 0x63, 0xcd, 0x63, 0xcd, 0x63, 0xcd, 0x63, 0xcd,
    0x63, 0xcd, 0x63, 0xcd, 0x63, 0xcd, 0x63, 0xcd, 0x63, 0xcd, 0x63, 0xcd,
    0x63, 0xcd, 0x63, 0xcd, 0x63, 0xcd, 0x63, 0xcd, 0x63, 0xcd, 0x85, 0xcd,
    0x70, 0xde, 0x7c, 0xef, 0x9e, 0xf7, 0x9e, 0xf7, 0x9e, 0xf7, 0x9e, 0xf7,
    0x9e, 0xf7, 0x9e, 0xf7, 0x9e, 0xf7, 0x9e, 0xf7, 0x9e, 0xf7, 0x9e, 0xf7,
    0x9e, 0xf7, 0x9e, 0xf7, 0x9e, 0xf7, 0x9e, 0xf7, 0x9e, 0xf7, 0x9e, 0xf7,
    0x9e, 0xf7, 0x9e, 0xf7, 0x9e, 0xf7, 0x9e, 0xf7, 0x9e, 0xf7, 0x9e, 0xf7,
    0x9e, 0xf7, 0x9e, 0xf7, 0x9e, 0xf7, 0x9e, 0xf7, 0x9e, 0xf7, 0x9e, 0xf7,
    0x9e, 0xf7, 0x9e, 0xf7, 0x9e, 0xf7, 0x9e, 0xf7, 0x9e, 0xf7, 0x9e, 0xf7,
    0x9e, 0xf7, 0x9e, 0xf7, 0x9e, 0xf7, 0x9e, 0xf7, 0x9e, 0xf7, 0x9e, 0xf7,
    0x9e, 0xf7, 0x9e, 0xf7, 0x9e, 0xf7, 0x9e, 0xf7, 0x9e, 0xf7, 0x9e, 0xf7,
    0x9e, 0xf7, 0x9e, 0xf7, 0x9e, 0xf7, 0x9e, 0xf7, 0x9e, 0xf7, 0x9e, 0xf7,
    0x9e, 0xf7, 0x9e, 0xf7, 0x9e, 0xf7, 0x9e, 0xf7, 0x9e, 0xf7, 0x9e, 0xf7,
    0x9e, 0xf7, 0x9e, 0xf7, 0x9e, 0xf7, 0x9e, 0xf7, 0x9e, 0xf7, 0x9e, 0xf7,
    0x9e, 0xf7, 0x9e, 0xf7, 0x9e, 0xf7, 0xb4, 0xe6, 0xa7, 0xcd, 0x63, 0xcd,
    0x63, 0xcd, 0x63, 0xcd, 0x63, 0xcd, 0x63, 0xcd, 0x63, 0xcd, 0x63, 0xcd,
    0x63, 0xcd, 0x63, 0xcd, 0x63, 0xcd, 0x63, 0xcd, 0x63, 0xcd, 0x63, 0xcd,
    0x63, 0xcd, 0x63, 0xcd, 0x63, 0xcd, 0x63, 0xcd, 0x84, 0xcd, 0xea, 0xd5,
    0x71, 0xde, 0x70, 0xde, 0x2b, 0xde, 0x28, 0xde, 0x27, 0xde, 0x27, 0xde,
    0x27, 0xde, 0x47, 0xde, 0x47, 0xe6, 0x48, 0xe6, 0x48, 0xe6, 0x48, 0xe6,
    0x69, 0xe6, 0x6b, 0xe6, 0x8e, 0xe6, 0xb1, 0xe6, 0xd4, 0xee, 0xf6, 0xee,
    0xf6, 0xee, 0xd4, 0xe6, 0xb1, 0xe6, 0x8d, 0xe6, 0x6a, 0xe6, 0x69, 0xe6,
    0x48, 0xe6, 0x48, 0xe6, 0x47, 0xe6, 0x47, 0xde, 0x27, 0xde, 0x27, 0xde,
    0x27, 0xde, 0x06, 0xde, 0x06, 0xde, 0xe6, 0xd5, 0xc5, 0xd5, 0xc5, 0xd5,
    0xa4, 0xd5, 0x84, 0xcd, 0x63, 0xcd, 0x23, 0xc5, 0x02, 0xbd, 0xc1, 0xbc,
    0xa1, 0xb4, 0xe2, 0xbc, 0x63, 0xcd, 0x63, 0xcd, 0x63, 0xcd, 0x63, 0xcd,
    0x63, 0xcd, 0x63, 0xcd, 0x63, 0xcd, 0x63, 0xcd, 0x63, 0xcd, 0x63, 0xcd,
    0x63, 0xcd, 0x63, 0xcd, 0x63, 0xcd, 0x63, 0xcd, 0x63, 0xcd, 0x63, 0xcd,
    0x63, 0xcd, 0x85, 0xcd, 0x70, 0xde, 0x7c, 0xef, 0x9e, 0xf7, 0x9e, 0xf7,
    0x9e, 0xf7, 0x9e, 0xf7, 0x9e, 0xf7, 0x9e, 0xf7, 0x9e, 0xf7, 0x9e, 0xf7,
    0x9e, 0xf7, 0x9e, 0xf7, 0x9e, 0xf7, 0x9e, 0xf7, 0x9e, 0xf7, 0x9e, 0xf7,
    0x9e, 0xf7, 0x9e, 0xf7, 0x9e, 0xf7, 0x9e, 0xf7, 0x9e, 0xf7, 0x9e, 0xf7,
    0x9e, 0xf7, 0x9e, 0xf7, 0x9e, 0xf7, 0x9e, 0xf7, 0x9e, 0xf7, 0x9e, 0xf7,
    0x9e, 0xf7, 0x9e, 0xf7, 0x9e, 0xf7, 0x9e, 0xf7, 0x9e, 0xf7, 0x9e, 0xf7,
    0x9e, 0xf7, 0x9e, 0xf7, 0x9e, 0xf7, 0x9e, 0xf7, 0x9e, 0xf7, 0x9e, 0xf7,
    0x9e, 0xf7, 0x9e, 0xf7, 0x9e, 0xf7, 0x9e, 0xf7, 0x9e, 0xf7, 0x9e, 0xf7,
    0x9e, 0xf7, 0x9e, 0xf7, 0x9e, 0xf7, 0x9e, 0xf7, 0x9e, 0xf7, 0x9e, 0xf7,
    0x9e, 0xf7, 0x9e, 0xf7, 0x9e, 0xf7, 0x9e, 0xf7, 0x9e, 0xf7, 0x9e, 0xf7,
    0x9e, 0xf7, 0x9e, 0xf7, 0x9e, 0xf7, 0x9e, 0xf7, 0x9e, 0xf7, 0x9e, 0xf7,
    0x9e, 0xf7, 0xb4, 0xe6, 0xa7, 0xcd, 0x63, 0xcd, 0x63, 0xcd, 0x63, 0xcd,
    0x63, 0xcd, 0x63, 0xcd, 0x63, 0xcd, 0x63, 0xcd, 0x63, 0xcd, 0x63, 0xcd,
    0x63, 0xcd, 0x63, 0xcd, 0x63, 0xcd, 0x63, 0xcd, 0x63, 0xcd, 0x63, 0xcd,
    0x63, 0xcd, 0x63, 0xcd, 0x63, 0xcd, 0x63, 0xcd, 0x84, 0xcd, 0xe9, 0xd5,
    0x50, 0xde, 0x4e, 0xde, 0x2a, 0xde, 0x28, 0xde, 0x27, 0xde, 0x27, 0xde,
    0x27, 0xde, 0x47, 0xde, 0x47, 0xe6, 0x48, 0xe6, 0x48, 0xe6, 0x68, 0xe6,
    0x69, 0xe6, 0x6a, 0xe6, 0x8d, 0xe6, 0xb1, 0xe6, 0xd4, 0xe6, 0xf5, 0xee,
    0xf5, 0xee, 0xd3, 0xe6, 0xb0, 0xe6, 0x8d, 0xe6, 0x6a, 0xe6, 0x69, 0xe6,
    0x48, 0xe6, 0x48, 0xe6, 0x47, 0xe6, 0x47, 0xde, 0x27, 0xde, 0x27, 0xde,
    0x27, 0xde, 0x06, 0xde, 0x06, 0xde, 0xe6, 0xd5, 0xc5, 0xd5, 0xc5, 0xd5,
    0xa4, 0xd5, 0x84, 0xcd, 0x63, 0xcd, 0x23, 0xc5, 0x02, 0xbd, 0xc1, 0xbc,
    0xa1, 0xb4, 0xe2, 0xbc, 0x63, 0xcd, 0x63, 0xcd, 0x63, 0xcd, 0x63, 0xcd,
    0x63, 0xcd, 0x63, 0xcd, 0x63, 0xcd, 0x63, 0xcd, 0x63, 0xcd, 0x63, 0xcd,
    0x63, 0xcd, 0x63, 0xcd, 0x63, 0xcd, 0x63, 0xcd, 0x63, 0xcd, 0x63, 0xcd,
    0x63, 0xcd, 0x63, 0xcd, 0x63, 0xcd, 0x85, 0xcd, 0x92, 0xde, 0x9e, 0xf7,
    0x9e, 0xf7, 0x9e, 0xf7, 0x9e, 0xf7, 0x9e, 0xf7, 0x9e, 0xf7, 0x9e, 0xf7,
    0x9e, 0xf7, 0x9e, 0xf7, 0x9e, 0xf7, 0x9e, 0xf7, 0x9e, 0xf7, 0x9e, 0xf7,
    0x9e, 0xf7, 0x9e, 0xf7, 0x9e, 0xf7, 0x9e, 0xf7, 0x9e, 0xf7, 0x9e, 0xf7,
    0x9e, 0xf7, 0x9e, 0xf7, 0x9e, 0xf7, 0x9e, 0xf7, 0x9e, 0xf7, 0x9e, 0xf7,
    0x9e, 0xf7, 0x9e, 0xf7, 0x9e, 0xf7, 0x9e, 0xf7, 0x9e, 0xf7, 0x9e, 0xf7,
    0x9e, 0xf7, 0x9e, 0xf7, 0x9e, 0xf7, 0x9e, 0xf7, 0x9e, 0xf7, 0x9e, 0xf7,
    0x9e, 0xf7, 0x9e, 0xf7, 0x9e, 0xf7, 0x9e, 0xf7, 0x9e, 0xf7, 0x9e, 0xf7,
    0x9e, 0xf7, 0x9e, 0xf7, 0x9e, 0xf7, 0x9e, 0xf7, 0x9e, 0xf7, 0x9e, 0xf7,
    0x9e, 0xf7, 0x9e, 0xf7, 0x9e, 0xf7, 0x9e, 0xf7, 0x9e, 0xf7, 0x9e, 0xf7,
    0x9e, 0xf7, 0x9e, 0xf7, 0x9e, 0xf7, 0x9e, 0xf7, 0x9e, 0xf7, 0xb4, 0xe6,
    0xa7, 0xcd, 0x63, 0xcd, 0x63, 0xcd, 0x63, 0xcd, 0x63, 0xcd, 0x63, 0xcd,
    0x63, 0xcd, 0x63, 0xcd, 0x63, 0xcd, 0x63, 0xcd, 0x63, 0xcd, 0x63, 0xcd,
    0x63, 0xcd, 0x63, 0xcd, 0x63, 0xcd, 0x63, 0xcd, 0x63, 0xcd, 0x63, 0xcd,
    0x63, 0xcd, 0x63, 0xcd, 0x63, 0xcd, 0x63, 0xcd, 0x84, 0xcd, 0xe9, 0xd5,
    0x4e, 0xde, 0x4d, 0xde, 0x29, 0xde, 0x27, 0xde, 0x27, 0xde, 0x27, 0xde,
    0x27, 0xde, 0x47, 0xde, 0x47, 0xe6, 0x48, 0xe6, 0x48, 0xe6, 0x68, 0xe6,
    0x69, 0xe6, 0x6a, 0xe6, 0x8d, 0xe6, 0xb0, 0xe6, 0xd3, 0xe6, 0xd4, 0xee,
    0xd4, 0xee, 0xd2, 0xe6, 0xb0, 0xe6, 0x8c, 0xe6, 0x6a, 0xe6, 0x69, 0xe6,
    0x48, 0xe6, 0x48, 0xe6, 0x47, 0xe6, 0x47, 0xde, 0x27, 0xde, 0x27, 0xde,
    0x27, 0xde, 0x06, 0xde, 0x06, 0xde, 0xe6, 0xd5, 0xe5, 0xd5, 0xc5, 0xd5,
    0xa4, 0xd5, 0x84, 0xcd, 0x63, 0xcd, 0x23, 0xc5, 0x02, 0xbd, 0xc1, 0xbc,
    0xa1, 0xb4, 0xe2, 0xbc, 0x63, 0xcd, 0x63, 0xcd, 0x63, 0xcd, 0x63, 0xcd,
    0x63, 0xcd, 0x63, 0xcd, 0x63, 0xcd, 0x63, 0xcd, 0x63, 0xcd, 0x63, 0xcd,
    0x63, 0xcd, 0x63, 0xcd, 0x63, 0xcd, 0x63, 0xcd, 0x63, 0xcd, 0x63, 0xcd,
    0x63, 0xcd, 0x63, 0xcd, 0x63, 0xcd, 0x63, 0xcd, 0x63, 0xcd, 0xa7, 0xcd,
    0xb4, 0xe6, 0x9e, 0xf7, 0x9e, 0xf7, 0x9e, 0xf7, 0x9e, 0xf7, 0x9e, 0xf7,
    0x9e, 0xf7, 0x9e, 0xf7, 0x9e, 0xf7, 0x9e, 0xf7, 0x9e, 0xf7, 0x9e, 0xf7,
    0x9e, 0xf7, 0x9e, 0xf7, 0x9e, 0xf7, 0x9e, 0xf7, 0x9e, 0xf7, 0x9e, 0xf7,
    0x9e, 0xf7, 0x9e, 0xf7, 0x9e, 0xf7, 0x9e, 0xf7, 0x9e, 0xf7, 0x9e, 0xf7,
    0x9e, 0xf7, 0x9e, 0xf7, 0x9e, 0xf7, 0x9e, 0xf7, 0x9e, 0xf7, 0x9e, 0xf7,
    0x9e, 0xf7, 0x9e, 0xf7, 0x9e, 0xf7, 0x9e, 0xf7, 0x9e, 0xf7, 0x9e, 0xf7,
    0x9e, 0xf7, 0x9e, 0xf7, 0x9e, 0xf7, 0x9e, 0xf7, 0x9e, 0xf7, 0x9e, 0xf7,
    0x9e, 0xf7, 0x9e, 0xf7, 0x9e, 0xf7, 0x9e, 0xf7, 0x9e, 0xf7, 0x9e, 0xf7,
    0x9e, 0xf7, 0x9e, 0xf7, 0x9e, 0xf7, 0x9e, 0xf7, 0x9e, 0xf7, 0x9e, 0xf7,
    0x9e, 0xf7, 0x9e, 0xf7, 0x9e, 0xf7, 0xb4, 0xe6, 0xa7, 0xcd, 0x63, 0xcd,
    0x63, 0xcd, 0x63, 0xcd, 0x63, 0xcd, 0x63, 0xcd, 0x63, 0xcd, 0x63, 0xcd,
    0x63, 0xcd, 0x63, 0xcd, 0x63, 0xcd, 0x63, 0xcd, 0x63, 0xcd, 0x63, 0xcd,
    0x63, 0xcd, 0x63, 0xcd, 0x63, 0xcd, 0x63, 0xcd, 0x63, 0xcd, 0x63, 0xcd,
    0x63, 0xcd, 0x63, 0xcd, 0x63, 0xcd, 0x63, 0xcd, 0x64, 0xcd, 0xe8, 0xd5,
    0x2d, 0xde, 0x2c, 0xde, 0x29, 0xde, 0x27, 0xde, 0x27, 0xde, 0x27, 0xde,
    0x27, 0xde, 0x47, 0xde, 0x47, 0xe6, 0x48, 0xe6, 0x48, 0xe6, 0x68, 0xe6,
    0x69, 0xe6, 0x6a, 0xe6, 0x8c, 0xe6, 0xaf, 0xe6, 0xd2, 0xe6, 0xd3, 0xee,
    0xd3, 0xe6, 0xb2, 0xe6, 0xaf, 0xe6, 0x8c, 0xe6, 0x6a, 0xe6, 0x68, 0xe6,
    0x48, 0xe6, 0x48, 0xe6, 0x47, 0xe6, 0x47, 0xde, 0x27, 0xde, 0x27, 0xde,
    0x27, 0xde, 0x06, 0xde, 0x06, 0xde, 0xe6, 0xd5, 0xe5, 0xd5, 0xc5, 0xd5,
    0xa4, 0xd5, 0x84, 0xcd, 0x63, 0xcd, 0x23, 0xc5, 0x02, 0xbd, 0xc1, 0xbc,
    0xa1, 0xb4, 0xe2, 0xbc, 0x63, 0xcd, 0x63, 0xcd, 0x63, 0xcd, 0x63, 0xcd,
    0x63, 0xcd, 0x63, 0xcd, 0x63, 0xcd, 0x63, 0xcd, 0x63, 0xcd, 0x63, 0xcd,
    0x63, 0xcd, 0x63, 0xcd, 0x63, 0xcd, 0x63, 0xcd, 0x63, 0xcd, 0x63, 0xcd,
    0x63, 0xcd, 0x63, 0xcd, 0x63, 0xcd, 0x63, 0xcd, 0x63, 0xcd, 0x63, 0xcd,
    0x63, 0xcd, 0xa7, 0xcd, 0xb4, 0xe6, 0x9e, 0xf7, 0x9e, 0xf7, 0x9e, 0xf7,
    0x9e, 0xf7, 0x9e, 0xf7, 0x9e, 0xf7, 0x9e, 0xf7, 0x9e, 0xf7, 0x9e, 0xf7,
    0x9e, 0xf7, 0x9e, 0xf7, 0x9e, 0xf7, 0x9e, 0xf7, 0x9e, 0xf7, 0x9e, 0xf7,
    0x9e, 0xf7, 0x9e, 0xf7, 0x9e, 0xf7, 0x9e, 0xf7, 0x9e, 0xf7, 0x9e, 0xf7,
    0x9e, 0xf7, 0x9e, 0xf7, 0x9e, 0xf7, 0x9e, 0xf7, 0x9e, 0xf7, 0x9e, 0xf7,
    0x9e, 0xf7, 0x9e, 0xf7, 0x9e, 0xf7, 0x9e, 0xf7, 0x9e, 0xf7, 0x9e, 0xf7,
    0x9e, 0xf7, 0x9e, 0xf7, 0x9e, 0xf7, 0x9e, 0xf7, 0x9e, 0xf7, 0x9e, 0xf7,
    0x9e, 0xf7, 0x9e, 0xf7, 0x9e, 0xf7, 0x9e, 0xf7, 0x9e, 0xf7, 0x9e, 0xf7,
    0x9e, 0xf7, 0x9e, 0xf7, 0x9e, 0xf7, 0x9e, 0xf7, 0x9e, 0xf7, 0x9e, 0xf7,
    0x9e, 0xf7, 0xb4, 0xe6, 0xa7, 0xcd, 0x63, 0xcd, 0x63, 0xcd, 0x63, 0xcd,
    0x63, 0xcd, 0x63, 0xcd, 0x63, 0xcd, 0x63, 0xcd, 0x63, 0xcd, 0x63, 0xcd,
    0x63, 0xcd, 0x63, 0xcd, 0x63, 0xcd, 0x63, 0xcd, 0x63, 0xcd, 0x63, 0xcd,
    0x63, 0xcd, 0x63, 0xcd, 0x63, 0xcd, 0x63, 0xcd, 0x63, 0xcd, 0x63, 0xcd,
    0x63, 0xcd, 0x63, 0xcd, 0x63, 0xcd, 0x63, 0xcd, 0x64, 0xcd, 0xc8, 0xd5,
    0x2c, 0xde, 0x2a, 0xde, 0x28, 0xde, 0x27, 0xde, 0x27, 0xde, 0x27, 0xde,
    0x27, 0xde, 0x47, 0xe6, 0x47, 0xe6, 0x48, 0xe6, 0x48, 0xe6, 0x68, 0xe6,
    0x69, 0xe6, 0x6a, 0xe6, 0x8c, 0xe6, 0xaf, 0xe6, 0xb1, 0xe6, 0xd3, 0xe6,
    0xd2, 0xe6, 0xb1, 0xe6, 0x8e, 0xe6, 0x8c, 0xe6, 0x6a, 0xe6, 0x68, 0xe6,
    0x48, 0xe6, 0x48, 0xe6, 0x47, 0xe6, 0x47, 0xde, 0x27, 0xde, 0x27, 0xde,
    0x27, 0xde, 0x06, 0xde, 0x06, 0xde, 0xe6, 0xd5, 0xe5, 0xd5, 0xc5, 0xd5,
    0xa4, 0xd5, 0x84, 0xcd, 0x63, 0xcd, 0x23, 0xc5, 0x02, 0xbd, 0xc1, 0xbc,
    0xa1, 0xb4, 0xe2, 0xbc, 0x63, 0xcd, 0x63, 0xcd, 0x63, 0xcd, 0x63, 0xcd,
    0x63, 0xcd, 0x63, 0xcd, 0x63, 0xcd, 0x63, 0xcd, 0x63, 0xcd, 0x63, 0xcd,
    0x63, 0xcd, 0x63, 0xcd, 0x63, 0xcd, 0x63, 0xcd, 0x63, 0xcd, 0x63, 0xcd,
    0x63, 0xcd, 0x63, 0xcd, 0x63, 0xcd, 0x63, 0xcd, 0x63, 0xcd, 0x63, 0xcd,
    0x63, 0xcd, 0x63, 0xcd, 0x63, 0xcd, 0xa7, 0xcd, 0xb4, 0xe6, 0x9e, 0xf7,
    0x9e, 0xf7, 0x9e, 0xf7, 0x9e, 0xf7, 0x9e, 0xf7, 0x9e, 0xf7, 0x9e, 0xf7,
    0x9e, 0xf7, 0x9e, 0xf7, 0x9e, 0xf7, 0x9e, 0xf7, 0x9e, 0xf7, 0x9e, 0xf7,
    0x9e, 0xf7, 0x9e, 0xf7, 0x9e, 0xf7, 0x9e, 0xf7, 0x9e, 0xf7, 0x9e, 0xf7,
    0x9e, 0xf7, 0x9e, 0xf7, 0x9e, 0xf7, 0x9e, 0xf7, 0x9e, 0xf7, 0x9e, 0xf7,
    0x9e, 0xf7, 0x9e, 0xf7, 0x9e, 0xf7, 0x9e, 0xf7, 0x9e, 0xf7, 0x9e, 0xf7,
    0x9e, 0xf7, 0x9e, 0xf7, 0x9e, 0xf7, 0x9e, 0xf7, 0x9e, 0xf7, 0x9e, 0xf7,
    0x9e, 0xf7, 0x9e, 0xf7, 0x9e, 0xf7, 0x9e, 0xf7, 0x9e, 0xf7, 0x9e, 0xf7,
    0x9e, 0xf7, 0x9e, 0xf7, 0x9e, 0xf7, 0x9e, 0xf7, 0x9e, 0xf7, 0xb4, 0xe6,
    0xa7, 0xcd, 0x63, 0xcd, 0x63, 0xcd, 0x63, 0xcd, 0x63, 0xcd, 0x63, 0xcd,
    0x63, 0xcd, 0x63, 0xcd, 0x63, 0xcd, 0x63, 0xcd, 0x63, 0xcd, 0x63, 0xcd,
    0x63, 0xcd, 0x64, 0xcd, 0x64, 0xcd, 0x64, 0xcd, 0x64, 0xcd, 0x64, 0xcd,
    0x64, 0xcd, 0x64, 0xcd, 0x64, 0xcd, 0x64, 0xcd, 0x64, 0xcd, 0x64, 0xcd,
    0x64, 0xcd, 0x64, 0xcd, 0x64, 0xcd, 0x64, 0xcd, 0x84, 0xcd, 0xc7, 0xd5,
    0x0a, 0xde, 0x09, 0xde, 0x08, 0xde, 0x27, 0xde, 0x27, 0xde, 0x27, 0xde,
    0x27, 0xde, 0x47, 0xe6, 0x47, 0xe6, 0x48, 0xe6, 0x48, 0xe6, 0x68, 0xe6,
    0x68, 0xe6, 0x6a, 0xe6, 0x8c, 0xe6, 0x8e, 0xe6, 0xb0, 0xe6, 0xb2, 0xe6,
    0xb1, 0xe6, 0xb0, 0xe6, 0x8e, 0xe6, 0x6b, 0xe6, 0x69, 0xe6, 0x68, 0xe6,
    0x48, 0xe6, 0x48, 0xe6, 0x47, 0xe6, 0x47, 0xde, 0x27, 0xde, 0x27, 0xde,
    0x27, 0xde, 0x06, 0xde, 0x06, 0xde, 0xe6, 0xd5, 0xe5, 0xd5, 0xc5, 0xd5,
    0xa4, 0xd5, 0x84, 0xcd, 0x63, 0xcd, 0x23, 0xc5, 0x02, 0xbd, 0xc1, 0xbc,
    0xa1, 0xb4, 0xe2, 0xbc, 0x63, 0xcd, 0x63, 0xcd, 0x63, 0xcd, 0x63, 0xcd,
    0x63, 0xcd, 0x63, 0xcd, 0x63, 0xcd, 0x63, 0xcd, 0x63, 0xcd, 0x63, 0xcd,
    0x63, 0xcd, 0x63, 0xcd, 0x63, 0xcd, 0x63, 0xcd, 0x63, 0xcd, 0x63, 0xcd,
    0x63, 0xcd, 0x63, 0xcd, 0x63, 0xcd, 0x63, 0xcd, 0x63, 0xcd, 0x63, 0xcd,
    0x63, 0xcd, 0x63, 0xcd, 0x63, 0xcd, 0x63, 0xcd, 0x63, 0xcd, 0xa7, 0xcd,
    0xb4, 0xe6, 0x9e, 0xf7, 0x9e, 0xf7, 0x9e, 0xf7, 0x9e, 0xf7, 0x9e, 0xf7,
    0x9e, 0xf7, 0x9e, 0xf7, 0x9e, 0xf7, 0x9e, 0xf7, 0x9e, 0xf7, 0x9e, 0xf7,
    0x9e, 0xf7, 0x9e, 0xf7, 0x9e, 0xf7, 0x9e, 0xf7, 0x9e, 0xf7, 0x9e, 0xf7,
    0x9e, 0xf7, 0x9e, 0xf7, 0x9e, 0xf7, 0x9e, 0xf7, 0x9e, 0xf7, 0x9e, 0xf7,
    0x9e, 0xf7, 0x9e, 0xf7, 0x9e, 0xf7, 0x9e, 0xf7, 0x9e, 0xf7, 0x9e, 0xf7,
    0x9e, 0xf7, 0x9e, 0xf7, 0x9e, 0xf7, 0x9e, 0xf7, 0x9e, 0xf7, 0x9e, 0xf7,
    0x9e, 0xf7, 0x9e, 0xf7, 0x9e, 0xf7, 0x9e, 0xf7, 0x9e, 0xf7, 0x9e, 0xf7,
    0x9e, 0xf7, 0x9e, 0xf7, 0x9e, 0xf7, 0xb4, 0xe6, 0xa7, 0xcd, 0x63, 0xcd,
    0x63, 0xcd, 0x63, 0xcd, 0x63, 0xcd, 0x63, 0xcd, 0x63, 0xcd, 0x64, 0xcd,
    0x64, 0xcd, 0x64, 0xcd, 0x64, 0xcd, 0x64, 0xcd, 0x64, 0xcd, 0x64, 0xcd,
    0x64, 0xcd, 0x64, 0xcd, 0x64, 0xcd, 0x64, 0xcd, 0x64, 0xcd, 0x64, 0xcd,
    0x64, 0xcd, 0x64, 0xcd, 0x64, 0xcd, 0x64, 0xcd, 0x64, 0xcd, 0x64, 0xcd,
    0x64, 0xcd, 0x64, 0xcd, 0x64, 0xcd, 0x64, 0xcd, 0x84, 0xcd, 0xc7, 0xd5,
    0x09, 0xde, 0x09, 0xde, 0x07, 0xde, 0x27, 0xde, 0x27, 0xde, 0x27, 0xde,
    0x47, 0xde, 0x47, 0xe6, 0x47, 0xe6, 0x48, 0xe6, 0x48, 0xe6, 0x68, 0xe6,
    0x68, 0xe6, 0x69, 0xe6, 0x6b, 0xe6, 0x8d, 0xe6, 0xb0, 0xe6, 0xb1, 0xe6,
    0xb1, 0xe6, 0xaf, 0xe6, 0x8d, 0xe6, 0x6b, 0xe6, 0x69, 0xe6, 0x68, 0xe6,
    0x48, 0xe6, 0x48, 0xe6, 0x47, 0xe6, 0x47, 0xde, 0x27, 0xde, 0x27, 0xde,
    0x27, 0xde, 0x06, 0xde, 0x06, 0xde, 0xe6, 0xd5, 0xe5, 0xd5, 0xc5, 0xd5,
    0x6c, 0x84, 0xf4, 0x22, 0x6a, 0x8c, 0x23, 0xc5, 0x02, 0xbd, 0xc1, 0xbc,
    0xa1, 0xb4, 0xe2, 0xbc, 0x63, 0xcd, 0x63, 0xcd, 0x63, 0xcd, 0x63, 0xcd,
    0x63, 0xcd, 0x63, 0xcd, 0x63, 0xcd, 0x63, 0xcd, 0x63, 0xcd, 0x63, 0xcd,
    0x63, 0xcd, 0x63, 0xcd, 0x63, 0xcd, 0x63, 0xcd, 0x63, 0xcd, 0x63, 0xcd,
    0x63, 0xcd, 0x63, 0xcd, 0x63, 0xcd, 0x63, 0xcd, 0x63, 0xcd, 0x63, 0xcd,
    0x63, 0xcd, 0x63, 0xcd, 0x63, 0xcd, 0x63, 0xcd, 0x63, 0xcd, 0x63, 0xcd,
    0x63, 0xcd, 0xea, 0xd5, 0xf7, 0xe6, 0x9e, 0xf7, 0x9e, 0xf7, 0x9e, 0xf7,
    0x9e, 0xf7, 0x9e, 0xf7, 0x9e, 0xf7, 0x9e, 0xf7, 0x9e, 0xf7, 0x9e, 0xf7,
    0x9e, 0xf7, 0x9e, 0xf7, 0x9e, 0xf7, 0x9e, 0xf7, 0x9e, 0xf7, 0x9e, 0xf7,
    0x9e, 0xf7, 0x9e, 0xf7, 0x9e, 0xf7, 0x9e, 0xf7, 0x9e, 0xf7, 0x9e, 0xf7,
    0x9e, 0xf7, 0x9e, 0xf7, 0x9e, 0xf7, 0x9e, 0xf7, 0x9e, 0xf7, 0x9e, 0xf7,
    0x9e, 0xf7, 0x9e, 0xf7, 0x9e, 0xf7, 0x9e, 0xf7, 0x9e, 0xf7, 0x9e, 0xf7,
    0x9e, 0xf7, 0x9e, 0xf7, 0x9e, 0xf7, 0x9e, 0xf7, 0x9e, 0xf7, 0x9e, 0xf7,
    0x9e, 0xf7, 0xb4, 0xe6, 0xa7, 0xcd, 0x63, 0xcd, 0x63, 0xcd, 0x64, 0xcd,
    0x64, 0xcd, 0x64, 0xcd, 0x64, 0xcd, 0x64, 0xcd, 0x64, 0xcd, 0x64, 0xcd,
    0x64, 0xcd, 0x64, 0xcd, 0x64, 0xcd, 0x64, 0xcd, 0x64, 0xcd, 0x64, 0xcd,
    0x64, 0xcd, 0x64, 0xcd, 0x64, 0xcd, 0x64, 0xcd, 0x64, 0xcd, 0x64, 0xcd,
    0x64, 0xcd, 0x64, 0xcd, 0x64, 0xcd, 0x64, 0xcd, 0x64, 0xcd, 0x64, 0xcd,
    0x64, 0xcd, 0x64, 0xcd, 0x64, 0xcd, 0x64, 0xcd, 0x84, 0xcd, 0xc6, 0xd5,
    0x08, 0xde, 0x08, 0xde, 0x07, 0xde, 0x27, 0xde, 0x27, 0xde, 0x27, 0xde,
    0x47, 0xde, 0x47, 0xe6, 0x47, 0xe6, 0x48, 0xe6, 0x48, 0xe6, 0x68, 0xe6,
    0x68, 0xe6, 0x69, 0xe6, 0x6b, 0xe6, 0x8d, 0xe6, 0xaf, 0xe6, 0xb0, 0xe6,
    0xb0, 0xe6, 0x8e, 0xe6, 0x8c, 0xe6, 0x6a, 0xe6, 0x69, 0xe6, 0x68, 0xe6,
    0x48, 0xe6, 0x48, 0xe6, 0x47, 0xe6, 0x47, 0xde, 0x27, 0xde, 0x27, 0xde,
    0x27, 0xde, 0x06, 0xde, 0x06, 0xde, 0xe6, 0xd5, 0xe5, 0xd5, 0xea, 0x9c,
    0x78, 0x02, 0x78, 0x02, 0xd5, 0x1a, 0x23, 0xc5, 0x02, 0xbd, 0xc1, 0xbc,
    0xa1, 0xb4, 0xe2, 0xbc, 0x63, 0xcd, 0x63, 0xcd, 0x63, 0xcd, 0x63, 0xcd,
    0x63, 0xcd, 0x63, 0xcd, 0x63, 0xcd, 0x63, 0xcd, 0x63, 0xcd, 0x63, 0xcd,
    0x63, 0xcd, 0x63, 0xcd, 0x63, 0xcd, 0x63, 0xcd, 0x63, 0xcd, 0x63, 0xcd,
    0x63, 0xcd, 0x63, 0xcd, 0x63, 0xcd, 0x63, 0xcd, 0x63, 0xcd, 0x63, 0xcd,
    0x63, 0xcd, 0x63, 0xcd, 0x63, 0xcd, 0x63, 0xcd, 0x63, 0xcd, 0x63, 0xcd,
    0x63, 0xcd, 0x63, 0xcd, 0x63, 0xcd, 0xea, 0xd5, 0xf7, 0xe6, 0x9e, 0xf7,
    0x9e, 0xf7, 0x9e, 0xf7, 0x9e, 0xf7, 0x9e, 0xf7, 0x9e, 0xf7, 0x9e, 0xf7,
    0x9e, 0xf7, 0x9e, 0xf7, 0x9e, 0xf7, 0x9e, 0xf7, 0x9e, 0xf7, 0x9e, 0xf7,
    0x9e, 0xf7, 0x9e, 0xf7, 0x9e, 0xf7, 0x9e, 0xf7, 0x9e, 0xf7, 0x9e, 0xf7,
    0x9e, 0xf7, 0x9e, 0xf7, 0x9e, 0xf7, 0x9e, 0xf7, 0x9e, 0xf7, 0x9e, 0xf7,
    0x9e, 0xf7, 0x9e, 0xf7, 0x9e, 0xf7, 0x9e, 0xf7, 0x9e, 0xf7, 0x9e, 0xf7,
    0x9e, 0xf7, 0x9e, 0xf7, 0x9e, 0xf7, 0x9e, 0xf7, 0x9e, 0xf7, 0xb4, 0xe6,
    0xa7, 0xcd, 0x64, 0xcd, 0x64, 0xcd, 0x64, 0xcd, 0x64, 0xcd, 0x64, 0xcd,
    0x64, 0xcd, 0x64, 0xcd, 0x64, 0xcd, 0x64, 0xcd, 0x64, 0xcd, 0x64, 0xcd,
    0x64, 0xcd, 0x64, 0xcd, 0x64, 0xcd, 0x64, 0xcd, 0x64, 0xcd, 0x64, 0xcd,
    0x64, 0xcd, 0x64, 0xcd, 0x64, 0xcd, 0x64, 0xcd, 0x64, 0xcd, 0x64, 0xcd,
    0x64, 0xcd, 0x64, 0xcd, 0x64, 0xcd, 0x64, 0xcd, 0x64, 0xcd, 0x64, 0xcd,
    0x64, 0xcd, 0x64, 0xcd, 0x64, 0xcd, 0x64, 0xcd, 0x84, 0xcd, 0xc6, 0xd5,
    0xe8, 0xd5, 0x07, 0xde, 0x07, 0xde, 0x27, 0xde, 0x27, 0xde, 0x27, 0xde,
    0x47, 0xde, 0x47, 0xe6, 0x47, 0xe6, 0x48, 0xe6, 0x48, 0xe6, 0x68, 0xe6,
    0x68, 0xe6, 0x69, 0xe6, 0x6a, 0xe6, 0x8c, 0xe6, 0x8e, 0xe6, 0xaf, 0xe6,
    0xaf, 0xe6, 0x8e, 0xe6, 0x8c, 0xe6, 0x6a, 0xe6, 0x69, 0xe6, 0x68, 0xe6,
    0x48, 0xe6, 0x48, 0xe6, 0x47, 0xe6, 0x47, 0xde, 0x27, 0xde, 0x27, 0xde,
    0x27, 0xde, 0x06, 0xde, 0x06, 0xde, 0xe6, 0xd5, 0xe5, 0xd5, 0x72, 0x43,
    0x78, 0x02, 0x78, 0x02, 0x78, 0x02, 0xe5, 0xac, 0x02, 0xbd, 0xc1, 0xbc,
    0xa1, 0xb4, 0xe2, 0xbc, 0x63, 0xcd, 0x63, 0xcd, 0x63, 0xcd, 0x63, 0xcd,
    0x63, 0xcd, 0x63, 0xcd, 0x63, 0xcd, 0x63, 0xcd, 0x63, 0xcd, 0x63, 0xcd,
    0x63, 0xcd, 0x63, 0xcd, 0x63, 0xcd, 0x63, 0xcd, 0x63, 0xcd, 0x63, 0xcd,
    0x63, 0xcd, 0x63, 0xcd, 0x63, 0xcd, 0x63, 0xcd, 0x63, 0xcd, 0x63, 0xcd,
    0x63, 0xcd, 0x63, 0xcd, 0x63, 0xcd, 0x63, 0xcd, 0x63, 0xcd, 0x63, 0xcd,
    0x63, 0xcd, 0x63, 0xcd, 0x63, 0xcd, 0x63, 0xcd, 0x63, 0xcd, 0xea, 0xd5,
    0xf7, 0xe6, 0x9e, 0xf7, 0x9e, 0xf7, 0x9e, 0xf7, 0x9e, 0xf7, 0x9e, 0xf7,
    0x9e, 0xf7, 0x9e, 0xf7, 0x9e, 0xf7, 0x9e, 0xf7, 0x9e, 0xf7, 0x9e, 0xf7,
    0x9e, 0xf7, 0x9e, 0xf7, 0x9e, 0xf7, 0x9e, 0xf7, 0x9e, 0xf7, 0x9e, 0xf7,
    0x9e, 0xf7, 0x9e, 0xf7, 0x9e, 0xf7, 0x9e, 0xf7, 0x9e, 0xf7, 0x9e, 0xf7,
    0x9e, 0xf7, 0x9e, 0xf7, 0x9e, 0xf7, 0x9e, 0xf7, 0x9e, 0xf7, 0x9e, 0xf7,
    0x9e, 0xf7, 0x9e, 0xf7, 0x9e, 0xf7, 0xb4, 0xe6, 0xa7, 0xcd, 0x64, 0xcd,
    0x64, 0xcd, 0x64, 0xcd, 0x64, 0xcd, 0x64, 0xcd, 0x64, 0xcd, 0x64, 0xcd,
    0x64, 0xcd, 0x64, 0xcd, 0x64, 0xcd, 0x64, 0xcd, 0x64, 0xcd, 0x64, 0xcd,
    0x64, 0xcd, 0x64, 0xcd, 0x64, 0xcd, 0x64, 0xcd, 0x64, 0xcd, 0x64, 0xcd,
    0x64, 0xcd, 0x64, 0xcd, 0x64, 0xcd, 0x64, 0xcd, 0x64, 0xcd, 0x64, 0xcd,
    0x64, 0xcd, 0x64, 0xcd, 0x64, 0xcd, 0x64, 0xcd, 0x64, 0xcd, 0x64, 0xcd,
    0x64, 0xcd, 0x64, 0xcd, 0x64, 0xcd, 0x64, 0xcd, 0x84, 0xcd, 0xc5, 0xd5,
    0xe7, 0xd5, 0x07, 0xde, 0x07, 0xde, 0x27, 0xde, 0x27, 0xde, 0x27, 0xde,
    0x47, 0xde, 0x47, 0xe6, 0x47, 0xe6, 0x48, 0xe6, 0x48, 0xe6, 0x68, 0xe6,
    0x68, 0xe6, 0x69, 0xe6, 0x6a, 0xe6, 0x8c, 0xe6, 0x8d, 0xe6, 0x8e, 0xe6,
    0x8e, 0xe6, 0x8d, 0xe6, 0x8b, 0xe6, 0x6a, 0xe6, 0x69, 0xe6, 0x68, 0xe6,
    0x48, 0xe6, 0x48, 0xe6, 0x47, 0xe6, 0x47, 0xde, 0x27, 0xde, 0x27, 0xde,
    0x27, 0xde, 0x06, 0xde, 0x06, 0xde, 0xe6, 0xd5, 0xe5, 0xd5, 0xb1, 0x53,
    0x78, 0x02, 0x78, 0x02, 0x33, 0x33, 0x23, 0xc5, 0x02, 0xbd, 0xc1, 0xbc,
    0xa1, 0xb4, 0xe2, 0xbc, 0x63, 0xcd, 0x63, 0xcd, 0x63, 0xcd, 0x63, 0xcd,
    0x63, 0xcd, 0x63, 0xcd, 0x63, 0xcd, 0x63, 0xcd, 0x63, 0xcd, 0x63, 0xcd,
    0x63, 0xcd, 0x63, 0xcd, 0x63, 0xcd, 0x63, 0xcd, 0x63, 0xcd, 0x63, 0xcd,
    0x63, 0xcd, 0x63, 0xcd, 0x63, 0xcd, 0x63, 0xcd, 0x63, 0xcd, 0x63, 0xcd,
    0x63, 0xcd, 0x63, 0xcd, 0x63, 0xcd, 0x63, 0xcd, 0x63, 0xcd, 0x63, 0xcd,
    0x63, 0xcd, 0x63, 0xcd, 0x63, 0xcd, 0x63, 0xcd, 0x63, 0xcd, 0x63, 0xcd,
    0x63, 0xcd, 0xea, 0xd5, 0xf7, 0xe6, 0x9e, 0xf7, 0x9e, 0xf7, 0x9e, 0xf7,
    0x9e, 0xf7, 0x9e, 0xf7, 0x9e, 0xf7, 0x9e, 0xf7, 0x9e, 0xf7, 0x9e, 0xf7,
    0x9e, 0xf7, 0x9e, 0xf7, 0x9e, 0xf7, 0x9e, 0xf7, 0x9e, 0xf7, 0x9e, 0xf7,
    0x9e, 0xf7, 0x9e, 0xf7, 0x9e, 0xf7, 0x9e, 0xf7, 0x9e, 0xf7, 0x9e, 0xf7,
    0x9e, 0xf7, 0x9e, 0xf7, 0x9e, 0xf7, 0x9e, 0xf7, 0x9e, 0xf7, 0x9e, 0xf7,
    0x9e, 0xf7, 0xf7, 0xe6, 0xea, 0xd5, 0x64, 0xcd, 0x64, 0xcd, 0x64, 0xcd,
    0x64, 0xcd, 0x64, 0xcd, 0x64, 0xcd, 0x64, 0xcd, 0x64, 0xcd, 0x64, 0xcd,
    0x64, 0xcd, 0x64, 0xcd, 0x64, 0xcd, 0x64, 0xcd, 0x64, 0xcd, 0x64, 0xcd,
    0x64, 0xcd, 0x64, 0xcd, 0x64, 0xcd, 0x64, 0xcd, 0x64, 0xcd, 0x64, 0xcd,
    0x64, 0xcd, 0x64, 0xcd, 0x64, 0xcd, 0x64, 0xcd, 0x64, 0xcd, 0x64, 0xcd,
    0x64, 0xcd, 0x64, 0xcd, 0x64, 0xcd, 0x64, 0xcd, 0x64, 0xcd, 0x64, 0xcd,
    0x64, 0xcd, 0x64, 0xcd, 0x64, 0xcd, 0x64, 0xcd, 0x84, 0xcd, 0xc5, 0xd5,
    0xe6, 0xd5, 0x06, 0xde, 0x06, 0xde, 0x27, 0xde, 0x27, 0xde, 0x27, 0xde,
    0x47, 0xde, 0x47, 0xe6, 0x47, 0xe6, 0x48, 0xe6, 0x48, 0xe6, 0x68, 0xe6,
    0x68, 0xe6, 0x69, 0xe6, 0x6a, 0xe6, 0x8b, 0xe6, 0x8d, 0xe6, 0x8d, 0xe6,
    0x8d, 0xe6, 0x8c, 0xe6, 0x6b, 0xe6, 0x6a, 0xe6, 0x69, 0xe6, 0x68, 0xe6,
    0x48, 0xe6, 0x48, 0xe6, 0x47, 0xe6, 0x47, 0xde, 0x27, 0xde, 0x27, 0xde,
    0x27, 0xde, 0x06, 0xde, 0x06, 0xde, 0xe6, 0xd5, 0xe5, 0xd5, 0x86, 0xc5,
    0x4d, 0x74, 0x6b, 0x84, 0x63, 0xcd, 0x23, 0xc5, 0x02, 0xbd, 0xc1, 0xbc,
    0xa1, 0xb4, 0xe2, 0xbc, 0x64, 0xcd, 0x64, 0xcd, 0x64, 0xcd, 0x64, 0xcd,
    0x63, 0xcd, 0x63, 0xcd, 0x63, 0xcd, 0x63, 0xcd, 0x63, 0xcd, 0x63, 0xcd,
    0x63, 0xcd, 0x63, 0xcd, 0x63, 0xcd, 0x63, 0xcd, 0x63, 0xcd, 0x63, 0xcd,
    0x63, 0xcd, 0x63, 0xcd, 0x63, 0xcd, 0x63, 0xcd, 0x63, 0xcd, 0x63, 0xcd,
    0x63, 0xcd, 0x63, 0xcd, 0x63, 0xcd, 0x63, 0xcd, 0x63, 0xcd, 0x63, 0xcd,
    0x63, 0xcd, 0x63, 0xcd, 0x63, 0xcd, 0x63, 0xcd, 0x63, 0xcd, 0x63, 0xcd,
    0x63, 0xcd, 0x63, 0xcd, 0x63, 0xcd, 0xea, 0xd5, 0xf7, 0xe6, 0x9e, 0xf7,
    0x9e, 0xf7, 0x9e, 0xf7, 0x9e, 0xf7, 0x9e, 0xf7, 0x9e, 0xf7, 0x9e, 0xf7,
    0x9e, 0xf7, 0x9e, 0xf7, 0x9e, 0xf7, 0x9e, 0xf7, 0x9e, 0xf7, 0x9e, 0xf7,
    0x9e, 0xf7, 0x9e, 0xf7, 0x9e, 0xf7, 0x9e, 0xf7, 0x9e, 0xf7, 0x9e, 0xf7,
    0x9e, 0xf7, 0x9e, 0xf7, 0x9e, 0xf7, 0x9e, 0xf7, 0x9e, 0xf7, 0x39, 0xef,
    0xea, 0xd5, 0x64, 0xcd, 0x64, 0xcd, 0x64, 0xcd, 0x64, 0xcd, 0x64, 0xcd,
    0x64, 0xcd, 0x64, 0xcd, 0x64, 0xcd, 0x64, 0xcd, 0x64, 0xcd, 0x64, 0xcd,
    0x64, 0xcd, 0x64, 0xcd, 0x64, 0xcd, 0x64, 0xcd, 0x64, 0xcd, 0x64, 0xcd,
    0x64, 0xcd, 0x64, 0xcd, 0x64, 0xcd, 0x64, 0xcd, 0x64, 0xcd, 0x64, 0xcd,
    0x64, 0xcd, 0x64, 0xcd, 0x64, 0xcd, 0x64, 0xcd, 0x64, 0xcd, 0x64, 0xcd,
    0x64, 0xcd, 0x64, 0xcd, 0x64, 0xcd, 0x64, 0xcd, 0x64, 0xcd, 0x64, 0xcd,
    0x64, 0xcd, 0x64, 0xcd, 0x64, 0xcd, 0x64, 0xcd, 0x84, 0xcd, 0xc5, 0xd5,
    0xe6, 0xd5, 0x06, 0xde, 0x06, 0xde, 0x27, 0xde, 0x27, 0xde, 0x27, 0xde,
    0x47, 0xde, 0x47, 0xe6, 0x47, 0xe6, 0x48, 0xe6, 0x48, 0xe6, 0x68, 0xe6,
    0x68, 0xe6, 0x69, 0xe6, 0x6a, 0xe6, 0x6b, 0xe6, 0x8c, 0xe6, 0x8d, 0xe6,
    0x8d, 0xe6, 0x8c, 0xe6, 0x6a, 0xe6, 0x69, 0xe6, 0x68, 0xe6, 0x68, 0xe6,
    0x48, 0xe6, 0x48, 0xe6, 0x48, 0xe6, 0x47, 0xde, 0x27, 0xde, 0x27, 0xde,
    0x27, 0xde, 0x06, 0xde, 0x06, 0xde, 0xe6, 0xd5, 0xe5, 0xd5, 0xc5, 0xd5,
    0xa4, 0xd5, 0x84, 0xcd, 0x63, 0xcd, 0x23, 0xc5, 0x02, 0xbd, 0xc1, 0xbc,
    0xa1, 0xb4, 0xe2, 0xbc, 0x64, 0xcd, 0x64, 0xcd, 0x64, 0xcd, 0x64, 0xcd,
    0x64, 0xcd, 0x64, 0xcd, 0x64, 0xcd, 0x63, 0xcd, 0x63, 0xcd, 0x63, 0xcd,
    0x63, 0xcd, 0x63, 0xcd, 0x63, 0xcd, 0x63, 0xcd, 0x63, 0xcd, 0x63, 0xcd,
    0x63, 0xcd, 0x63, 0xcd, 0x63, 0xcd, 0x63, 0xcd, 0x63, 0xcd, 0x63, 0xcd,
    0x63, 0xcd, 0x63, 0xcd, 0x63, 0xcd, 0x63, 0xcd, 0x63, 0xcd, 0x63, 0xcd,
    0x63, 0xcd, 0x63, 0xcd, 0x63, 0xcd, 0x63, 0xcd, 0x63, 0xcd, 0x63, 0xcd,
    0x63, 0xcd, 0x63, 0xcd, 0x63, 0xcd, 0x63, 0xcd, 0x63, 0xcd, 0xea, 0xd5,
    0x19, 0xef, 0x9e, 0xf7, 0x9e, 0xf7, 0x9e, 0xf7, 0x9e, 0xf7, 0x9e, 0xf7,
    0x9e, 0xf7, 0x9e, 0xf7, 0x9e, 0xf7, 0x9e, 0xf7, 0x9e, 0xf7, 0x9e, 0xf7,
    0x9e, 0xf7, 0x9e, 0xf7, 0x9e, 0xf7, 0x9e, 0xf7, 0x9e, 0xf7, 0x9e, 0xf7,
    0x9e, 0xf7, 0x9e, 0xf7, 0x9e, 0xf7, 0x9e, 0xf7, 0x9e, 0xf7, 0x4e, 0xde,
    0x84, 0xcd, 0x64, 0xcd, 0x64, 0xcd, 0x64, 0xcd, 0x64, 0xcd, 0x64, 0xcd,
    0x64, 0xcd, 0x64, 0xcd, 0x64, 0xcd, 0x64, 0xcd, 0x64, 0xcd, 0x64, 0xcd,
    0x64, 0xcd, 0x64, 0xcd, 0x64, 0xcd, 0x64, 0xcd, 0x64, 0xcd, 0x64, 0xcd,
    0x64, 0xcd, 0x64, 0xcd, 0x64, 0xcd, 0x64, 0xcd, 0x64, 0xcd, 0x64, 0xcd,
    0x64, 0xcd, 0x64, 0xcd, 0x64, 0xcd, 0x84, 0xcd, 0x84, 0xcd, 0x84, 0xcd,
    0x84, 0xcd, 0x84, 0xcd, 0x84, 0xcd, 0x84, 0xcd, 0x84, 0xcd, 0x84, 0xcd,
    0x84, 0xcd, 0x84, 0xcd, 0x84, 0xcd, 0x84, 0xcd, 0x84, 0xcd, 0xc5, 0xd5,
    0xe6, 0xd5, 0x06, 0xde, 0x06, 0xde, 0x27, 0xde, 0x27, 0xde, 0x27, 0xde,
    0x47, 0xde, 0x47, 0xe6, 0x47, 0xe6, 0x48, 0xe6, 0x48, 0xe6, 0x68, 0xe6,
    0x68, 0xe6, 0x69, 0xe6, 0x69, 0xe6, 0x6a, 0xe6, 0x8b, 0xe6, 0x8c, 0xe6,
    0x8c, 0xe6, 0x8b, 0xe6, 0x6a, 0xe6, 0x69, 0xe6, 0x68, 0xe6, 0x68, 0xe6,
    0x48, 0xe6, 0x48, 0xe6, 0x48, 0xe6, 0x47, 0xde, 0x27, 0xde, 0x27, 0xde,
    0x27, 0xde, 0x06, 0xde, 0x06, 0xde, 0xe6, 0xd5, 0xe5, 0xd5, 0xc5, 0xd5,
    0xa4, 0xd5, 0x84, 0xcd, 0x63, 0xcd, 0x23, 0xc5, 0x02, 0xbd, 0xc1, 0xbc,
    0xa1, 0xb4, 0x02, 0xbd, 0x64, 0xcd, 0x64, 0xcd, 0x64, 0xcd, 0x64, 0xcd,
    0x64, 0xcd, 0x64, 0xcd, 0x64, 0xcd, 0x64, 0xcd, 0x64, 0xcd, 0x64, 0xcd,
    0x64, 0xcd, 0x63, 0xcd, 0x63, 0xcd, 0x63, 0xcd, 0x63, 0xcd, 0x63, 0xcd,
    0x63, 0xcd, 0x63, 0xcd, 0x63, 0xcd, 0x63, 0xcd, 0x63, 0xcd, 0x63, 0xcd,
    0x63, 0xcd, 0x63, 0xcd, 0x63, 0xcd, 0x63, 0xcd, 0x63, 0xcd, 0x63, 0xcd,
    0x63, 0xcd, 0x63, 0xcd, 0x63, 0xcd, 0x63, 0xcd, 0x63, 0xcd, 0x63, 0xcd,
    0x63, 0xcd, 0x63, 0xcd, 0x63, 0xcd, 0x63, 0xcd, 0x63, 0xcd, 0x43, 0xc5,
    0x0d, 0xd6, 0x9e, 0xf7, 0x9e, 0xf7, 0x9e, 0xf7, 0x9e, 0xf7, 0x9e, 0xf7,
    0x9e, 0xf7, 0x9e, 0xf7, 0x9e, 0xf7, 0x9e, 0xf7, 0x9e, 0xf7, 0x9e, 0xf7,
    0x9e, 0xf7, 0x9e, 0xf7, 0x9e, 0xf7, 0x9e, 0xf7, 0x9e, 0xf7, 0x9e, 0xf7,
    0x9e, 0xf7, 0x9e, 0xf7, 0x9e, 0xf7, 0x9e, 0xf7, 0x9e, 0xf7, 0x4e, 0xde,
    0x84, 0xcd, 0xa4, 0xcd, 0x84, 0xcd, 0x64, 0xcd, 0x64, 0xcd, 0x64, 0xcd,
    0x64, 0xcd, 0x64, 0xcd, 0x64, 0xcd, 0x64, 0xcd, 0x64, 0xcd, 0x64, 0xcd,
    0x64, 0xcd, 0x64, 0xcd, 0x64, 0xcd, 0x64, 0xcd, 0x64, 0xcd, 0x64, 0xcd,
    0x64, 0xcd, 0x64, 0xcd, 0x84, 0xcd, 0x84, 0xcd, 0x84, 0xcd, 0x84, 0xcd,
    0x84, 0xcd, 0x84, 0xcd, 0x84, 0xcd, 0x84, 0xcd, 0x84, 0xcd, 0x84, 0xcd,
    0x84, 0xcd, 0x84, 0xcd, 0x84, 0xcd, 0x84, 0xcd, 0x84, 0xcd, 0x84, 0xcd,
    0x84, 0xcd, 0x84, 0xcd, 0x84, 0xcd, 0x84, 0xcd, 0x84, 0xcd, 0xc5, 0xd5,
    0xe6, 0xd5, 0x06, 0xde, 0x06, 0xde, 0x27, 0xde, 0x27, 0xde, 0x27, 0xde,
    0x47, 0xde, 0x47, 0xe6, 0x47, 0xe6, 0x48, 0xe6, 0x48, 0xe6, 0x68, 0xe6,
    0x68, 0xe6, 0x68, 0xe6, 0x69, 0xe6, 0x6a, 0xe6, 0x8b, 0xe6, 0x8b, 0xe6,
    0x8b, 0xe6, 0x6b, 0xe6, 0x6a, 0xe6, 0x69, 0xe6, 0x68, 0xe6, 0x68, 0xe6,
    0x48, 0xe6, 0x48, 0xe6, 0x47, 0xe6, 0x47, 0xde, 0x27, 0xde, 0x27, 0xde,
    0x27, 0xde, 0x06, 0xde, 0x06, 0xde, 0xe6, 0xd5, 0xe5, 0xd5, 0xc5, 0xd5,
    0xa4, 0xd5, 0x84, 0xcd, 0x63, 0xcd, 0x23, 0xc5, 0x02, 0xbd, 0xc1, 0xbc,
    0xa1, 0xb4, 0x23, 0xc5, 0x64, 0xcd, 0x64, 0xcd, 0x64, 0xcd, 0x64, 0xcd,
    0x64, 0xcd, 0x64, 0xcd, 0x64, 0xcd, 0x64, 0xcd, 0x64, 0xcd, 0x64, 0xcd,
    0x64, 0xcd, 0x64, 0xcd, 0x64, 0xcd, 0x63, 0xcd, 0x63, 0xcd, 0x63, 0xcd,
    0x63, 0xcd, 0x63, 0xcd, 0x63, 0xcd, 0x63, 0xcd, 0x63, 0xcd, 0x63, 0xcd,
    0x63, 0xcd, 0x63, 0xcd, 0x63, 0xcd, 0x63, 0xcd, 0x63, 0xcd, 0x63, 0xcd,
    0x63, 0xcd, 0x63, 0xcd, 0x63, 0xcd, 0x63, 0xcd, 0x63, 0xcd, 0x63, 0xcd,
    0x63, 0xcd, 0x63, 0xcd, 0x63, 0xcd, 0x43, 0xc5, 0x23, 0xc5, 0x23, 0xc5,
    0x0d, 0xd6, 0x9e, 0xf7, 0x9e, 0xf7, 0x9e, 0xf7, 0x9e, 0xf7, 0x9e, 0xf7,
    0x9e, 0xf7, 0x9e, 0xf7, 0x9e, 0xf7, 0x9e, 0xf7, 0x9e, 0xf7, 0x9e, 0xf7,
    0x9e, 0xf7, 0x9e, 0xf7, 0x9e, 0xf7, 0x9e, 0xf7, 0x9e, 0xf7, 0x9e, 0xf7,
    0x9e, 0xf7, 0x9e, 0xf7, 0x9e, 0xf7, 0x9e, 0xf7, 0x9e, 0xf7, 0x4e, 0xde,
    0x84, 0xcd, 0xa4, 0xcd, 0xa4, 0xcd, 0xa4, 0xcd, 0x84, 0xcd, 0x64, 0xcd,
    0x64, 0xcd, 0x64, 0xcd, 0x64, 0xcd, 0x64, 0xcd, 0x64, 0xcd, 0x64, 0xcd,
    0x64, 0xcd, 0x64, 0xcd, 0x84, 0xcd, 0x84, 0xcd, 0x84, 0xcd, 0x84, 0xcd,
    0x84, 0xcd, 0x84, 0xcd, 0x84, 0xcd, 0x84, 0xcd, 0x84, 0xcd, 0x84, 0xcd,
    0x84, 0xcd, 0x84, 0xcd, 0x84, 0xcd, 0x84, 0xcd, 0x84, 0xcd, 0x84, 0xcd,
    0x84, 0xcd, 0x84, 0xcd, 0x84, 0xcd, 0x84, 0xcd, 0x84, 0xcd, 0x84, 0xcd,
    0x84, 0xcd, 0x84, 0xcd, 0x84, 0xcd, 0x84, 0xcd, 0x84, 0xcd, 0xa5, 0xd5,
    0xe6, 0xd5, 0x06, 0xde, 0x06, 0xde, 0x27, 0xde, 0x27, 0xde, 0x27, 0xde,
    0x47, 0xde, 0x47, 0xe6, 0x47, 0xe6, 0x48, 0xe6, 0x48, 0xe6, 0x68, 0xe6,
    0x68, 0xe6, 0x68, 0xe6, 0x69, 0xe6, 0x6a, 0xe6, 0x6a, 0xe6, 0x8b, 0xe6,
    0x8b, 0xe6, 0x6a, 0xe6, 0x69, 0xe6, 0x69, 0xe6, 0x68, 0xe6, 0x68, 0xe6,
    0x48, 0xe6, 0x48, 0xe6, 0x47, 0xe6, 0x47, 0xde, 0x27, 0xde, 0x27, 0xde,
    0x27, 0xde, 0x06, 0xde, 0x06, 0xde, 0xe6, 0xd5, 0xe5, 0xd5, 0xc5, 0xd5,
    0xa4, 0xd5, 0x84, 0xcd, 0x63, 0xcd, 0x23, 0xc5, 0x02, 0xbd, 0xc1, 0xbc,
    0xc1, 0xbc, 0x64, 0xcd, 0x64, 0xcd, 0x64, 0xcd, 0x64, 0xcd, 0x64, 0xcd,
    0x64, 0xcd, 0x64, 0xcd, 0x64, 0xcd, 0x64, 0xcd, 0x64, 0xcd, 0x64, 0xcd,
    0x64, 0xcd, 0x64, 0xcd, 0x64, 0xcd, 0x64, 0xcd, 0x64, 0xcd, 0x64, 0xcd,
    0x63, 0xcd, 0x63, 0xcd, 0x63, 0xcd, 0x63, 0xcd, 0x63, 0xcd, 0x63, 0xcd,
    0x63, 0xcd, 0x63, 0xcd, 0x63, 0xcd, 0x63, 0xcd, 0x63, 0xcd, 0x63, 0xcd,
    0x63, 0xcd, 0x63, 0xcd, 0x63, 0xcd, 0x63, 0xcd, 0x63, 0xcd, 0x63, 0xcd,
    0x63, 0xcd, 0x43, 0xc5, 0x23, 0xc5, 0x23, 0xc5, 0x23, 0xc5, 0x23, 0xc5,
    0x0d, 0xd6, 0x9e, 0xf7, 0x9e, 0xf7, 0x9e, 0xf7, 0x9e, 0xf7, 0x9e, 0xf7,
    0x9e, 0xf7, 0x9e, 0xf7, 0x9e, 0xf7, 0x9e, 0xf7, 0x9e, 0xf7, 0x9e, 0xf7,
    0x9e, 0xf7, 0x9e, 0xf7, 0x9e, 0xf7, 0x9e, 0xf7, 0x9e, 0xf7, 0x9e, 0xf7,
    0x9e, 0xf7, 0x9e, 0xf7, 0x9e, 0xf7, 0x9e, 0xf7, 0x9e, 0xf7, 0x4e, 0xde,
    0x84, 0xcd, 0xa4, 0xcd, 0xa4, 0xcd, 0xa4, 0xcd, 0xa4, 0xd5, 0xa4, 0xd5,
    0x84, 0xcd, 0x84, 0xcd, 0x64, 0xcd, 0x84, 0xcd, 0x84, 0xcd, 0x84, 0xcd,
    0x84, 0xcd, 0x84, 0xcd, 0x84, 0xcd, 0x84, 0xcd, 0x84, 0xcd, 0x84, 0xcd,
    0x84, 0xcd, 0x84, 0xcd, 0x84, 0xcd, 0x84, 0xcd, 0x84, 0xcd, 0x84, 0xcd,
    0x84, 0xcd, 0x84, 0xcd, 0x84, 0xcd, 0x84, 0xcd, 0x84, 0xcd, 0x84, 0xcd,
    0x84, 0xcd, 0x84, 0xcd, 0x84, 0xcd, 0x84, 0xcd, 0x84, 0xcd, 0x84, 0xcd,
    0x84, 0xcd, 0x84, 0xcd, 0x84, 0xcd, 0x84, 0xcd, 0x84, 0xcd, 0x84, 0xcd,
    0xe5, 0xd5, 0x06, 0xde, 0x06, 0xde, 0x27, 0xde, 0x27, 0xde, 0x27, 0xde,
    0x27, 0xde, 0x47, 0xe6, 0x47, 0xe6, 0x48, 0xe6, 0x48, 0xe6, 0x68, 0xe6,
    0x68, 0xe6, 0x68, 0xe6, 0x69, 0xe6, 0x69, 0xe6, 0x6a, 0xe6, 0x6a, 0xe6,
    0x6a, 0xe6, 0x6a, 0xe6, 0x69, 0xe6, 0x69, 0xe6, 0x68, 0xe6, 0x68, 0xe6,
    0x48, 0xe6, 0x48, 0xe6, 0x47, 0xe6, 0x47, 0xde, 0x27, 0xde, 0x27, 0xde,
    0x27, 0xde, 0x06, 0xde, 0x06, 0xde, 0xe6, 0xd5, 0xe5, 0xd5, 0xc5, 0xd5,
    0xa4, 0xd5, 0x84, 0xcd, 0x63, 0xcd, 0x23, 0xc5, 0x02, 0xbd, 0xc1, 0xbc,
    0x43, 0xc5, 0x64, 0xcd, 0x64, 0xcd, 0x64, 0xcd, 0x64, 0xcd, 0x64, 0xcd,
    0x64, 0xcd, 0x64, 0xcd, 0x64, 0xcd, 0x64, 0xcd, 0x64, 0xcd, 0x64, 0xcd,
    0x64, 0xcd, 0x64, 0xcd, 0x64, 0xcd, 0x64, 0xcd, 0x64, 0xcd, 0x64, 0xcd,
    0x64, 0xcd, 0x64, 0xcd, 0x64, 0xcd, 0x63, 0xcd, 0x63, 0xcd, 0x63, 0xcd,
    0x63, 0xcd, 0x63, 0xcd, 0x63, 0xcd, 0x63, 0xcd, 0x63, 0xcd, 0x63, 0xcd,
    0x63, 0xcd, 0x63, 0xcd, 0x63, 0xcd, 0x63, 0xcd, 0x63, 0xcd, 0x43, 0xc5,
    0x23, 0xc5, 0x23, 0xc5, 0x23, 0xc5, 0x23, 0xc5, 0x23, 0xc5, 0x23, 0xc5,
    0x0d, 0xd6, 0x9e, 0xf7, 0x9e, 0xf7, 0x9e, 0xf7, 0x9e, 0xf7, 0x9e, 0xf7,
    0x9e, 0xf7, 0x9e, 0xf7, 0x9e, 0xf7, 0x9e, 0xf7, 0x9e, 0xf7, 0x9e, 0xf7,
    0x9e, 0xf7, 0x9e, 0xf7, 0x9e, 0xf7, 0x9e, 0xf7, 0x9e, 0xf7, 0x9e, 0xf7,
    0x9e, 0xf7, 0x9e, 0xf7, 0x9e, 0xf7, 0x9e, 0xf7, 0x9e, 0xf7, 0x4e, 0xde,
    0x84, 0xcd, 0x84, 0xcd, 0xa4, 0xcd, 0xa4, 0xcd, 0xa4, 0xd5, 0xa4, 0xd5,
    0xa4, 0xd5, 0xa4, 0xd5, 0x84, 0xcd, 0x84, 0xcd, 0x84, 0xcd, 0x84, 0xcd,
    0x84, 0xcd, 0x84, 0xcd, 0x84, 0xcd, 0x84, 0xcd, 0x84, 0xcd, 0x84, 0xcd,
    0x84, 0xcd, 0x84, 0xcd, 0x84, 0xcd, 0x84, 0xcd, 0x84, 0xcd, 0x84, 0xcd,
    0x84, 0xcd, 0x84, 0xcd, 0x84, 0xcd, 0x84, 0xcd, 0x84, 0xcd, 0x84, 0xcd,
    0x84, 0xcd, 0x84, 0xcd, 0x84, 0xcd, 0x84, 0xcd, 0x84, 0xcd, 0x84, 0xcd,
    0x84, 0xcd, 0x84, 0xcd, 0x84, 0xcd, 0x84, 0xcd, 0x84, 0xcd, 0x84, 0xcd,
    0xa5, 0xd5, 0x06, 0xde, 0x06, 0xde, 0x27, 0xde, 0x27, 0xde, 0x27, 0xde,
    0x27, 0xde, 0x47, 0xe6, 0x47, 0xe6, 0x48, 0xe6, 0x48, 0xe6, 0x68, 0xe6,
    0x68, 0xe6, 0x68, 0xe6, 0x69, 0xe6, 0x69, 0xe6, 0x6a, 0xe6, 0x6a, 0xe6,
    0x6a, 0xe6, 0x6a, 0xe6, 0x69, 0xe6, 0x69, 0xe6, 0x68, 0xe6, 0x68, 0xe6,
    0x48, 0xe6, 0x48, 0xe6, 0x47, 0xe6, 0x47, 0xde, 0x27, 0xde, 0x27, 0xde,
    0x27, 0xde, 0x06, 0xde, 0x06, 0xde, 0xe6, 0xd5, 0xe5, 0xd5, 0xc5, 0xd5,
    0xa4, 0xd5, 0x84, 0xcd, 0x63, 0xcd, 0x23, 0xc5, 0x02, 0xbd, 0x23, 0xc5,
    0x64, 0xcd, 0x64, 0xcd, 0x64, 0xcd, 0x64, 0xcd, 0x64, 0xcd, 0x64, 0xcd,
    0x64, 0xcd, 0x64, 0xcd, 0x64, 0xcd, 0x64, 0xcd, 0x64, 0xcd, 0x64, 0xcd,
    0x64, 0xcd, 0x64, 0xcd, 0x64, 0xcd, 0x64, 0xcd, 0x64, 0xcd, 0x64, 0xcd,
    0x64, 0xcd, 0x64, 0xcd, 0x64, 0xcd, 0x64, 0xcd, 0x64, 0xcd, 0x63, 0xcd,
    0x63, 0xcd, 0x63, 0xcd, 0x63, 0xcd, 0x63, 0xcd, 0x63, 0xcd, 0x63, 0xcd,
    0x63, 0xcd, 0x63, 0xcd, 0x63, 0xcd, 0x43, 0xc5, 0x23, 0xc5, 0x23, 0xc5,
    0x23, 0xc5, 0x23, 0xc5, 0x23, 0xc5, 0x23, 0xc5, 0x23, 0xc5, 0x23, 0xc5,
    0x0d, 0xd6, 0x9e, 0xf7, 0x9e, 0xf7, 0x9e, 0xf7, 0x9e, 0xf7, 0x9e, 0xf7,
    0x9e, 0xf7, 0x9e, 0xf7, 0x9e, 0xf7, 0x9e, 0xf7, 0x9e, 0xf7, 0x9e, 0xf7,
    0x9e, 0xf7, 0x9e, 0xf7, 0x9e, 0xf7, 0x9e, 0xf7, 0x9e, 0xf7, 0x9e, 0xf7,
    0x9e, 0xf7, 0x9e, 0xf7, 0x9e, 0xf7, 0x9e, 0xf7, 0x9e, 0xf7, 0x4e, 0xde,
    0x84, 0xcd, 0x84, 0xcd, 0xa4, 0xcd, 0xa4, 0xcd, 0xa4, 0xd5, 0xa4, 0xd5,
    0xa4, 0xd5, 0xa4, 0xd5, 0xa4, 0xd5, 0xa4, 0xd5, 0x84, 0xcd, 0x84, 0xcd,
    0x84, 0xcd, 0x84, 0xcd, 0x84, 0xcd, 0x84, 0xcd, 0x84, 0xcd, 0x84, 0xcd,
    0x84, 0xcd, 0x84, 0xcd, 0x84, 0xcd, 0x84, 0xcd, 0x84, 0xcd, 0x84, 0xcd,
    0x84, 0xcd, 0x84, 0xcd, 0x84, 0xcd, 0x84, 0xcd, 0x84, 0xcd, 0x84, 0xcd,
    0x84, 0xcd, 0x84, 0xcd, 0x84, 0xcd, 0x84, 0xcd, 0x84, 0xcd, 0x84, 0xcd,
    0x84, 0xcd, 0x84, 0xcd, 0x84, 0xcd, 0x84, 0xcd, 0x84, 0xcd, 0x84, 0xcd,
    0x84, 0xcd, 0xc5, 0xd5, 0x06, 0xde, 0x27, 0xde, 0x27, 0xde, 0x27, 0xde,
    0x27, 0xde, 0x47, 0xde, 0x47, 0xe6, 0x48, 0xe6, 0x48, 0xe6, 0x68, 0xe6,
    0x68, 0xe6, 0x68, 0xe6, 0x69, 0xe6, 0x69, 0xe6, 0x69, 0xe6, 0x6a, 0xe6,
    0x6a, 0xe6, 0x69, 0xe6, 0x69, 0xe6, 0x68, 0xe6, 0x68, 0xe6, 0x68, 0xe6,
    0x48, 0xe6, 0x48, 0xe6, 0x47, 0xe6, 0x47, 0xde, 0x27, 0xde, 0x27, 0xde,
    0x27, 0xde, 0x06, 0xde, 0x06, 0xde, 0xe6, 0xd5, 0xe5, 0xd5, 0xc5, 0xd5,
    0xa4, 0xd5, 0x84, 0xcd, 0x63, 0xcd, 0x23, 0xc5, 0x43, 0xc5, 0x84, 0xcd,
    0x84, 0xcd, 0x84, 0xcd, 0x64, 0xcd, 0x64, 0xcd, 0x64, 0xcd, 0x64, 0xcd,
    0x64, 0xcd, 0x64, 0xcd, 0x64, 0xcd, 0x64, 0xcd, 0x64, 0xcd, 0x64, 0xcd,
    0x64, 0xcd, 0x64, 0xcd, 0x64, 0xcd, 0x64, 0xcd, 0x64, 0xcd, 0x64, 0xcd,
    0x64, 0xcd, 0x64, 0xcd, 0x64, 0xcd, 0x64, 0xcd, 0x64, 0xcd, 0x64, 0xcd,
    0x64, 0xcd, 0x63, 0xcd, 0x63, 0xcd, 0x63, 0xcd, 0x63, 0xcd, 0x63, 0xcd,
    0x63, 0xcd, 0x43, 0xc5, 0x23, 0xc5, 0x23, 0xc5, 0x23, 0xc5, 0x23, 0xc5,
    0x23, 0xc5, 0x23, 0xc5, 0x23, 0xc5, 0x23, 0xc5, 0x23, 0xc5, 0x23, 0xc5,
    0x0d, 0xd6, 0x9e, 0xf7, 0x9e, 0xf7, 0x9e, 0xf7, 0x9e, 0xf7, 0x9e, 0xf7,
    0x9e, 0xf7, 0x9e, 0xf7, 0x9e, 0xf7, 0x9e, 0xf7, 0x9e, 0xf7, 0x9e, 0xf7,
    0x9e, 0xf7, 0x9e, 0xf7, 0x9e, 0xf7, 0x9e, 0xf7, 0x9e, 0xf7, 0x9e, 0xf7,
    0x9e, 0xf7, 0x9e, 0xf7, 0x9e, 0xf7, 0x9e, 0xf7, 0x9e, 0xf7, 0x4e, 0xde,
    0x84, 0xcd, 0x84, 0xcd, 0xa4, 0xcd, 0xa4, 0xcd, 0xa4, 0xd5, 0xa4, 0xd5,
    0xa4, 0xd5, 0xa4, 0xd5, 0xa4, 0xd5, 0xa4, 0xd5, 0xa4, 0xd5, 0xa4, 0xd5,
    0x84, 0xcd, 0x84, 0xcd, 0x84, 0xcd, 0x84, 0xcd, 0x84, 0xcd, 0x84, 0xcd,
    0x84, 0xcd, 0x84, 0xcd, 0x84, 0xcd, 0x84, 0xcd, 0x84, 0xcd, 0x84, 0xcd,
    0x84, 0xcd, 0x84, 0xcd, 0x84, 0xcd, 0x84, 0xcd, 0x84, 0xcd, 0x84, 0xcd,
    0x84, 0xcd, 0x84, 0xcd, 0x84, 0xcd, 0x84, 0xcd, 0x84, 0xcd, 0x84, 0xcd,
    0x84, 0xcd, 0x84, 0xcd, 0x84, 0xcd, 0x84, 0xcd, 0x84, 0xcd, 0x84, 0xcd,
    0x84, 0xcd, 0x84, 0xcd, 0xa4, 0xd5, 0x06, 0xde, 0x27, 0xde, 0x27, 0xde,
    0x27, 0xde, 0x47, 0xde, 0x47, 0xe6, 0x48, 0xe6, 0x48, 0xe6, 0x68, 0xe6,
    0x68, 0xe6, 0x68, 0xe6, 0x68, 0xe6, 0x69, 0xe6, 0x69, 0xe6, 0x69, 0xe6,
    0x69, 0xe6, 0x69, 0xe6, 0x69, 0xe6, 0x68, 0xe6, 0x68, 0xe6, 0x68, 0xe6,
    0x48, 0xe6, 0x48, 0xe6, 0x47, 0xe6, 0x47, 0xde, 0x27, 0xde, 0x27, 0xde,
    0x27, 0xde, 0x06, 0xde, 0x06, 0xde, 0xe6, 0xd5, 0xc5, 0xd5, 0xc5, 0xd5,
    0xa4, 0xd5, 0x84, 0xcd, 0x63, 0xcd, 0x63, 0xcd, 0x84, 0xcd, 0x84, 0xcd,
    0x84, 0xcd, 0x84, 0xcd, 0x84, 0xcd, 0x84, 0xcd, 0x84, 0xcd, 0x84, 0xcd,
    0x64, 0xcd, 0x64, 0xcd, 0x64, 0xcd, 0x64, 0xcd, 0x64, 0xcd, 0x64, 0xcd,
    0x64, 0xcd, 0x64, 0xcd, 0x64, 0xcd, 0x64, 0xcd, 0x64, 0xcd, 0x64, 0xcd,
    0x64, 0xcd, 0x64, 0xcd, 0x64, 0xcd, 0x64, 0xcd, 0x64, 0xcd, 0x64, 0xcd,
    0x64, 0xcd, 0x64, 0xcd, 0x64, 0xcd, 0x63, 0xcd, 0x63, 0xcd, 0x43, 0xcd,
    0x43, 0xc5, 0x23, 0xc5, 0x23, 0xc5, 0x23, 0xc5, 0x23, 0xc5, 0x23, 0xc5,
    0x23, 0xc5, 0x23, 0xc5, 0x23, 0xc5, 0x23, 0xc5, 0x23, 0xc5, 0x23, 0xc5,
    0x0d, 0xd6, 0x9e, 0xf7, 0x9e, 0xf7, 0x9e, 0xf7, 0x9e, 0xf7, 0x9e, 0xf7,
    0x9e, 0xf7, 0x9e, 0xf7, 0x9e, 0xf7, 0x9e, 0xf7, 0x9e, 0xf7, 0x9e, 0xf7,
    0x9e, 0xf7, 0x9e, 0xf7, 0x9e, 0xf7, 0x9e, 0xf7, 0x9e, 0xf7, 0x9e, 0xf7,
    0x9e, 0xf7, 0x9e, 0xf7, 0x9e, 0xf7, 0x9e, 0xf7, 0x9e, 0xf7, 0x4e, 0xde,
    0x84, 0xcd, 0x84, 0xcd, 0xa4, 0xcd, 0xa4, 0xcd, 0xa4, 0xcd, 0xa4, 0xd5,
    0xa4, 0xd5, 0xa4, 0xd5, 0xa4, 0xd5, 0xa4, 0xd5, 0xa4, 0xd5, 0xa4, 0xd5,
    0xa4, 0xd5, 0xa5, 0xd5, 0x84, 0xcd, 0x84, 0xcd, 0x84, 0xcd, 0x84, 0xcd,
    0x84, 0xcd, 0x84, 0xcd, 0x84, 0xcd, 0x84, 0xcd, 0x84, 0xcd, 0x84, 0xcd,
    0x84, 0xcd, 0x84, 0xcd, 0x84, 0xcd, 0x84, 0xcd, 0x84, 0xcd, 0x84, 0xcd,
    0x84, 0xcd, 0x84, 0xcd, 0x84, 0xcd, 0x84, 0xcd, 0x84, 0xcd, 0x84, 0xcd,
    0x84, 0xcd, 0x84, 0xcd, 0x84, 0xcd, 0x84, 0xcd, 0x84, 0xcd, 0x84, 0xcd,
    0x84, 0xcd, 0x84, 0xcd, 0x84, 0xcd, 0x84, 0xcd, 0xc5, 0xd5, 0x27, 0xde,
    0x27, 0xde, 0x47, 0xde, 0x47, 0xe6, 0x48, 0xe6, 0x48, 0xe6, 0x68, 0xe6,
    0x68, 0xe6, 0x68, 0xe6, 0x68, 0xe6, 0x69, 0xe6, 0x69, 0xe6, 0x69, 0xe6,
    0x69, 0xe6, 0x69, 0xe6, 0x69, 0xe6, 0x68, 0xe6, 0x68, 0xe6, 0x68, 0xe6,
    0x48, 0xe6, 0x48, 0xe6, 0x47, 0xe6, 0x47, 0xde, 0x27, 0xde, 0x27, 0xde,
    0x27, 0xde, 0x06, 0xde, 0x06, 0xde, 0xe6, 0xd5, 0xc5, 0xd5, 0xc5, 0xd5,
    0xa4, 0xd5, 0x84, 0xcd, 0x84, 0xcd, 0x84, 0xcd, 0x84, 0xcd, 0x84, 0xcd,
    0x84, 0xcd, 0x84, 0xcd, 0x84, 0xcd, 0x84, 0xcd, 0x84, 0xcd, 0x84, 0xcd,
    0x84, 0xcd, 0x84, 0xcd, 0x64, 0xcd, 0x64, 0xcd, 0x64, 0xcd, 0x64, 0xcd,
    0x64, 0xcd, 0x64, 0xcd, 0x64, 0xcd, 0x64, 0xcd, 0x64, 0xcd, 0x64, 0xcd,
    0x64, 0xcd, 0x64, 0xcd, 0x64, 0xcd, 0x64, 0xcd, 0x64, 0xcd, 0x64, 0xcd,
    0x64, 0xcd, 0x64, 0xcd, 0x63, 0xcd, 0x43, 0xcd, 0x43, 0xc5, 0x23, 0xc5,
    0x23, 0xc5, 0x23, 0xc5, 0x23, 0xc5, 0x23, 0xc5, 0x23, 0xc5, 0x23, 0xc5,
    0x23, 0xc5, 0x23, 0xc5, 0x23, 0xc5, 0x23, 0xc5, 0x23, 0xc5, 0x23, 0xc5,
    0x0d, 0xd6, 0x9e, 0xf7, 0x9e, 0xf7, 0x9e, 0xf7, 0x9e, 0xf7, 0x9e, 0xf7,
    0x9e, 0xf7, 0x9e, 0xf7, 0x9e, 0xf7, 0x9e, 0xf7, 0x9e, 0xf7, 0x9e, 0xf7,
    0x9e, 0xf7, 0x9e, 0xf7, 0x9e, 0xf7, 0x9e, 0xf7, 0x9e, 0xf7, 0x9e, 0xf7,
    0x9e, 0xf7, 0x9e, 0xf7, 0x9e, 0xf7, 0x9e, 0xf7, 0x9e, 0xf7, 0x4e, 0xde,
    0x84, 0xcd, 0x84, 0xcd, 0xa4, 0xcd, 0xa4, 0xcd, 0xa4, 0xcd, 0xa4, 0xd5,
    0xa4, 0xd5, 0xa4, 0xd5, 0xa4, 0xd5, 0xa4, 0xd5, 0xa4, 0xd5, 0xa4, 0xd5,
    0xa4, 0xd5, 0xa5, 0xd5, 0xa5, 0xd5, 0xa5, 0xd5, 0xa4, 0xcd, 0x84, 0xcd,
    0x84, 0xcd, 0x84, 0xcd, 0x84, 0xcd, 0x84, 0xcd, 0x84, 0xcd, 0x84, 0xcd,
    0x84, 0xcd, 0x84, 0xcd, 0x84, 0xcd, 0x84, 0xcd, 0x84, 0xcd, 0x84, 0xcd,
    0x84, 0xcd, 0x84, 0xcd, 0x84, 0xcd, 0x84, 0xcd, 0x84, 0xcd, 0x84, 0xcd,
    0x84, 0xcd, 0x84, 0xcd, 0x84, 0xcd, 0x84, 0xcd, 0x84, 0xcd, 0x84, 0xcd,
    0x84, 0xcd, 0x84, 0xcd, 0x84, 0xcd, 0x84, 0xcd, 0x84, 0xcd, 0x84, 0xcd,
    0xe6, 0xd5, 0x27, 0xde, 0x47, 0xe6, 0x48, 0xe6, 0x48, 0xe6, 0x48, 0xe6,
    0x68, 0xe6, 0x68, 0xe6, 0x68, 0xe6, 0x69, 0xe6, 0x69, 0xe6, 0x69, 0xe6,
    0x69, 0xe6, 0x69, 0xe6, 0x68, 0xe6, 0x68, 0xe6, 0x68, 0xe6, 0x48, 0xe6,
    0x48, 0xe6, 0x48, 0xe6, 0x47, 0xe6, 0x47, 0xde, 0x27, 0xde, 0x27, 0xde,
    0x27, 0xde, 0x06, 0xde, 0x06, 0xde, 0xe6, 0xd5, 0xc5, 0xd5, 0xa4, 0xd5,
    0x84, 0xcd, 0x84, 0xcd, 0x84, 0xcd, 0x84, 0xcd, 0x84, 0xcd, 0x84, 0xcd,
    0x84, 0xcd, 0x84, 0xcd, 0x84, 0xcd, 0x84, 0xcd, 0x84, 0xcd, 0x84, 0xcd,
    0x84, 0xcd, 0x84, 0xcd, 0x84, 0xcd, 0x84, 0xcd, 0x84, 0xcd, 0x64, 0xcd,
    0x64, 0xcd, 0x64, 0xcd, 0x64, 0xcd, 0x64, 0xcd, 0x64, 0xcd, 0x64, 0xcd,
    0x64, 0xcd, 0x64, 0xcd, 0x64, 0xcd, 0x64, 0xcd, 0x64, 0xcd, 0x64, 0xcd,
    0x63, 0xcd, 0x43, 0xcd, 0x43, 0xc5, 0x23, 0xc5, 0x23, 0xc5, 0x23, 0xc5,
    0x23, 0xc5, 0x23, 0xc5, 0x23, 0xc5, 0x23, 0xc5, 0x23, 0xc5, 0x23, 0xc5,
    0x23, 0xc5, 0x23, 0xc5, 0x23, 0xc5, 0x23, 0xc5, 0x23, 0xc5, 0x23, 0xc5,
    0x0d, 0xd6, 0x9e, 0xf7, 0x9e, 0xf7, 0x9e, 0xf7, 0x9e, 0xf7, 0x9e, 0xf7,
    0x9e, 0xf7, 0x9e, 0xf7, 0x9e, 0xf7, 0x9e, 0xf7, 0x9e, 0xf7, 0x9e, 0xf7,
    0x9e, 0xf7, 0x9e, 0xf7, 0x9e, 0xf7, 0x9e, 0xf7, 0x9e, 0xf7, 0x9e, 0xf7,
    0x9e, 0xf7, 0x9e, 0xf7, 0x9e, 0xf7, 0x9e, 0xf7, 0x9e, 0xf7, 0x4e, 0xde,
    0x84, 0xcd, 0x84, 0xcd, 0xa4, 0xcd, 0xa4, 0xcd, 0xa4, 0xcd, 0xa4, 0xd5,
    0xa4, 0xd5, 0xa4, 0xd5, 0xa4, 0xd5, 0xa4, 0xd5, 0xa4, 0xd5, 0xa4, 0xd5,
    0xa4, 0xd5, 0xa5, 0xd5, 0xa5, 0xd5, 0xa5, 0xd5, 0xa5, 0xd5, 0xa5, 0xd5,
    0xa4, 0xd5, 0x84, 0xcd, 0x84, 0xcd, 0x84, 0xcd, 0x84, 0xcd, 0x84, 0xcd,
    0x84, 0xcd, 0x84, 0xcd, 0x84, 0xcd, 0x84, 0xcd, 0x84, 0xcd, 0x84, 0xcd,
    0x84, 0xcd, 0x84, 0xcd, 0x84, 0xcd, 0x84, 0xcd, 0x84, 0xcd, 0x84, 0xcd,
    0x84, 0xcd, 0x84, 0xcd, 0x84, 0xcd, 0x84, 0xcd, 0x84, 0xcd, 0x84, 0xcd,
    0x84, 0xcd, 0x84, 0xcd, 0x84, 0xcd, 0x84, 0xcd, 0x84, 0xcd, 0x84, 0xcd,
    0x84, 0xcd, 0x84, 0xcd, 0xc5, 0xd5, 0x06, 0xde, 0x48, 0xe6, 0x48, 0xe6,
    0x68, 0xe6, 0x68, 0xe6, 0x68, 0xe6, 0x68, 0xe6, 0x69, 0xe6, 0x69, 0xe6,
    0x69, 0xe6, 0x69, 0xe6, 0x68, 0xe6, 0x68, 0xe6, 0x68, 0xe6, 0x48, 0xe6,
    0x48, 0xe6, 0x48, 0xe6, 0x47, 0xe6, 0x47, 0xde, 0x27, 0xde, 0x27, 0xde,
    0x27, 0xde, 0x06, 0xde, 0xc5, 0xd5, 0xa4, 0xd5, 0x84, 0xcd, 0x84, 0xcd,
    0x84, 0xcd, 0x84, 0xcd, 0x84, 0xcd, 0x84, 0xcd, 0x84, 0xcd, 0x84, 0xcd,
    0x84, 0xcd, 0x84, 0xcd, 0x84, 0xcd, 0x84, 0xcd, 0x84, 0xcd, 0x84, 0xcd,
    0x84, 0xcd, 0x84, 0xcd, 0x84, 0xcd, 0x84, 0xcd, 0x84, 0xcd, 0x84, 0xcd,
    0x84, 0xcd, 0x84, 0xcd, 0x64, 0xcd, 0x64, 0xcd, 0x64, 0xcd, 0x64, 0xcd,
    0x64, 0xcd, 0x64, 0xcd, 0x64, 0xcd, 0x64, 0xcd, 0x64, 0xcd, 0x63, 0xcd,
    0x43, 0xc5, 0x23, 0xc5, 0x23, 0xc5, 0x23, 0xc5, 0x23, 0xc5, 0x23, 0xc5,
    0x23, 0xc5, 0x23, 0xc5, 0x23, 0xc5, 0x23, 0xc5, 0x23, 0xc5, 0x23, 0xc5,
    0x23, 0xc5, 0x23, 0xc5, 0x23, 0xc5, 0x23, 0xc5, 0x23, 0xc5, 0x23, 0xc5,
    0x0d, 0xd6, 0x9e, 0xf7, 0x9e, 0xf7, 0x9e, 0xf7, 0x9e, 0xf7, 0x9e, 0xf7,
    0x9e, 0xf7, 0x9e, 0xf7, 0x9e, 0xf7, 0x9e, 0xf7, 0x9e, 0xf7, 0x9e, 0xf7,
    0x9e, 0xf7, 0x9e, 0xf7, 0x9e, 0xf7, 0x9e, 0xf7, 0x9e, 0xf7, 0x9e, 0xf7,
    0x9e, 0xf7, 0x9e, 0xf7, 0x9e, 0xf7, 0x9e, 0xf7, 0x9e, 0xf7, 0x4e, 0xde,
    0x84, 0xcd, 0x84, 0xcd, 0x84, 0xcd, 0xa4, 0xcd, 0xa4, 0xcd, 0xa4, 0xd5,
    0xa4, 0xd5, 0xa4, 0xd5, 0xa4, 0xd5, 0xa4, 0xd5, 0xa4, 0xd5, 0xa4, 0xd5,
    0xa4, 0xd5, 0xa5, 0xd5, 0xa5, 0xd5, 0xa5, 0xd5, 0xa5, 0xd5, 0xc5, 0xd5,
    0xc5, 0xd5, 0xa5, 0xd5, 0xa4, 0xd5, 0x84, 0xcd, 0x84, 0xcd, 0x84, 0xcd,
    0x84, 0xcd, 0x84, 0xcd, 0x84, 0xcd, 0x84, 0xcd, 0x84, 0xcd, 0x84, 0xcd,
    0x84, 0xcd, 0x84, 0xcd, 0x84, 0xcd, 0x84, 0xcd, 0x84, 0xcd, 0x84, 0xcd,
    0x84, 0xcd, 0x84, 0xcd, 0x84, 0xcd, 0x84, 0xcd, 0x84, 0xcd, 0x84, 0xcd,
    0x84, 0xcd, 0x84, 0xcd, 0x84, 0xcd, 0x84, 0xcd, 0x84, 0xcd, 0x84, 0xcd,
    0x84, 0xcd, 0x84, 0xcd, 0x84, 0xcd, 0x84, 0xcd, 0x84, 0xcd, 0xa4, 0xd5,
    0xc5, 0xd5, 0x06, 0xde, 0x27, 0xde, 0x48, 0xe6, 0x69, 0xe6, 0x69, 0xe6,
    0x69, 0xe6, 0x68, 0xe6, 0x68, 0xe6, 0x68, 0xe6, 0x68, 0xe6, 0x48, 0xe6,
    0x48, 0xe6, 0x48, 0xe6, 0x27, 0xde, 0x06, 0xde, 0xe6, 0xd5, 0xc5, 0xd5,
    0xa4, 0xd5, 0x84, 0xcd, 0x84, 0xcd, 0x84, 0xcd, 0x84, 0xcd, 0x84, 0xcd,
    0x84, 0xcd, 0x84, 0xcd, 0x84, 0xcd, 0x84, 0xcd, 0x84, 0xcd, 0x84, 0xcd,
    0x84, 0xcd, 0x84, 0xcd, 0x84, 0xcd, 0x84, 0xcd, 0x84, 0xcd, 0x84, 0xcd,
    0x84, 0xcd, 0x84, 0xcd, 0x84, 0xcd, 0x84, 0xcd, 0x84, 0xcd, 0x84, 0xcd,
    0x84, 0xcd, 0x84, 0xcd, 0x84, 0xcd, 0x84, 0xcd, 0x64, 0xcd, 0x64, 0xcd,
    0x64, 0xcd, 0x64, 0xcd, 0x64, 0xcd, 0x63, 0xcd, 0x43, 0xc5, 0x23, 0xc5,
    0x23, 0xc5, 0x23, 0xc5, 0x23, 0xc5, 0x23, 0xc5, 0x23, 0xc5, 0x23, 0xc5,
    0x23, 0xc5, 0x23, 0xc5, 0x23, 0xc5, 0x23, 0xc5, 0x23, 0xc5, 0x23, 0xc5,
    0x23, 0xc5, 0x23, 0xc5, 0x23, 0xc5, 0x23, 0xc5, 0x23, 0xc5, 0x23, 0xc5,
    0x0d, 0xd6, 0x9e, 0xf7, 0x9e, 0xf7, 0x9e, 0xf7, 0x9e, 0xf7, 0x9e, 0xf7,
    0x9e, 0xf7, 0x9e, 0xf7, 0x9e, 0xf7, 0x9e, 0xf7, 0x9e, 0xf7, 0x9e, 0xf7,
    0x9e, 0xf7, 0x9e, 0xf7, 0x9e, 0xf7, 0x9e, 0xf7, 0x9e, 0xf7, 0x9e, 0xf7,
    0x9e, 0xf7, 0x9e, 0xf7, 0x9e, 0xf7, 0x9e, 0xf7, 0x9e, 0xf7, 0x4e, 0xde,
    0x84, 0xcd, 0x84, 0xcd, 0x84, 0xcd, 0xa4, 0xcd, 0xa4, 0xcd, 0xa4, 0xd5,
    0xa4, 0xd5, 0xa4, 0xd5, 0xa4, 0xd5, 0xa4, 0xd5, 0xa4, 0xd5, 0xa4, 0xd5,
    0xa4, 0xd5, 0xa4, 0xd5, 0xa5, 0xd5, 0xa5, 0xd5, 0xa5, 0xd5, 0xa5, 0xd5,
    0xc5, 0xd5, 0xc5, 0xd5, 0xc5, 0xd5, 0xc5, 0xd5, 0xa4, 0xd5, 0x84, 0xcd,
    0x84, 0xcd, 0x84, 0xcd, 0x84, 0xcd, 0x84, 0xcd, 0x84, 0xcd, 0x84, 0xcd,
    0x84, 0xcd, 0x84, 0xcd, 0x84, 0xcd, 0x84, 0xcd, 0x84, 0xcd, 0x84, 0xcd,
    0x84, 0xcd, 0x84, 0xcd, 0x84, 0xcd, 0x84, 0xcd, 0x84, 0xcd, 0x84, 0xcd,
    0x84, 0xcd, 0x84, 0xcd, 0x84, 0xcd, 0x84, 0xcd, 0x84, 0xcd, 0x84, 0xcd,
    0x84, 0xcd, 0x84, 0xcd, 0x84, 0xcd, 0x84, 0xcd, 0x84, 0xcd, 0x84, 0xcd,
    0x84, 0xcd, 0x84, 0xcd, 0x84, 0xcd, 0x84, 0xcd, 0x84, 0xcd, 0xa5, 0xd5,
    0xa5, 0xd5, 0xc5, 0xd5, 0xc5, 0xd5, 0xc5, 0xd5, 0xc5, 0xd5, 0xa5, 0xd5,
    0xa4, 0xd5, 0x84, 0xcd, 0x84, 0xcd, 0x84, 0xcd, 0x84, 0xcd, 0x84, 0xcd,
    0x84, 0xcd, 0x84, 0xcd, 0x84, 0xcd, 0x84, 0xcd, 0x84, 0xcd, 0x84, 0xcd,
    0x84, 0xcd, 0x84, 0xcd, 0x84, 0xcd, 0x84, 0xcd, 0x84, 0xcd, 0x84, 0xcd,
    0x84, 0xcd, 0x84, 0xcd, 0x84, 0xcd, 0x84, 0xcd, 0x84, 0xcd, 0x84, 0xcd,
    0x84, 0xcd, 0x84, 0xcd, 0x84, 0xcd, 0x84, 0xcd, 0x84, 0xcd, 0x84, 0xcd,
    0x84, 0xcd, 0x84, 0xcd, 0x84, 0xcd, 0x84, 0xcd, 0x84, 0xcd, 0x84, 0xcd,
    0x64, 0xcd, 0x63, 0xcd, 0x43, 0xc5, 0x23, 0xc5, 0x23, 0xc5, 0x23, 0xc5,
    0x23, 0xc5, 0x23, 0xc5, 0x23, 0xc5, 0x23, 0xc5, 0x23, 0xc5, 0x23, 0xc5,
    0x23, 0xc5, 0x23, 0xc5, 0x23, 0xc5, 0x23, 0xc5, 0x23, 0xc5, 0x23, 0xc5,
    0x23, 0xc5, 0x23, 0xc5, 0x23, 0xc5, 0x23, 0xc5, 0x23, 0xc5, 0x23, 0xc5,
    0x0d, 0xd6, 0x9e, 0xf7, 0x9e, 0xf7, 0x9e, 0xf7, 0x9e, 0xf7, 0x9e, 0xf7,
    0x9e, 0xf7, 0x9e, 0xf7, 0x9e, 0xf7, 0x9e, 0xf7, 0x9e, 0xf7, 0x9e, 0xf7,
    0x9e, 0xf7, 0x9e, 0xf7, 0x9e, 0xf7, 0x9e, 0xf7, 0x9e, 0xf7, 0x9e, 0xf7,
    0x9e, 0xf7, 0x9e, 0xf7, 0x9e, 0xf7, 0x9e, 0xf7, 0x9e, 0xf7, 0x4e, 0xde,
    0x84, 0xcd, 0x84, 0xcd, 0x84, 0xcd, 0xa4, 0xcd, 0xa4, 0xcd, 0xa4, 0xd5,
    0xa4, 0xd5, 0xa4, 0xd5, 0xa4, 0xd5, 0xa4, 0xd5, 0xa4, 0xd5, 0xa4, 0xd5,
    0xa4, 0xd5, 0xa4, 0xd5, 0xa5, 0xd5, 0xa5, 0xd5, 0xa5, 0xd5, 0xa5, 0xd5,
    0xc5, 0xd5, 0xc5, 0xd5, 0xc5, 0xd5, 0xc5, 0xd5, 0xc5, 0xd5, 0xc5, 0xd5,
    0xa4, 0xd5, 0x84, 0xcd, 0x84, 0xcd, 0x84, 0xcd, 0x84, 0xcd, 0x84, 0xcd,
    0x84, 0xcd, 0x84, 0xcd, 0x84, 0xcd, 0x84, 0xcd, 0x84, 0xcd, 0x84, 0xcd,
    0x84, 0xcd, 0x84, 0xcd, 0x84, 0xcd, 0x84, 0xcd, 0x84, 0xcd, 0x84, 0xcd,
    0x84, 0xcd, 0x84, 0xcd, 0x84, 0xcd, 0x84, 0xcd, 0x84, 0xcd, 0x84, 0xcd,
    0x84, 0xcd, 0x84, 0xcd, 0x84, 0xcd, 0x84, 0xcd, 0x84, 0xcd, 0x84, 0xcd,
    0x84, 0xcd, 0x84, 0xcd, 0x84, 0xcd, 0x84, 0xcd, 0x84, 0xcd, 0x84, 0xcd,
    0x84, 0xcd, 0x84, 0xcd, 0x84, 0xcd, 0x84, 0xcd, 0x84, 0xcd, 0x84, 0xcd,
    0x84, 0xcd, 0x84, 0xcd, 0x84, 0xcd, 0x84, 0xcd, 0x84, 0xcd, 0x84, 0xcd,
    0x84, 0xcd, 0x84, 0xcd, 0x84, 0xcd, 0x84, 0xcd, 0x84, 0xcd, 0x84, 0xcd,
    0x84, 0xcd, 0x84, 0xcd, 0x84, 0xcd, 0x84, 0xcd, 0x84, 0xcd, 0x84, 0xcd,
    0x84, 0xcd, 0x84, 0xcd, 0x84, 0xcd, 0x84, 0xcd, 0x84, 0xcd, 0x84, 0xcd,
    0x84, 0xcd, 0x84, 0xcd, 0x84, 0xcd, 0x84, 0xcd, 0x84, 0xcd, 0x84, 0xcd,
    0x84, 0xcd, 0x84, 0xcd, 0x84, 0xcd, 0x84, 0xcd, 0x84, 0xcd, 0x63, 0xcd,
    0x43, 0xc5, 0x23, 0xc5, 0x23, 0xc5, 0x23, 0xc5, 0x23, 0xc5, 0x23, 0xc5,
    0x23, 0xc5, 0x23, 0xc5, 0x23, 0xc5, 0x23, 0xc5, 0x23, 0xc5, 0x23, 0xc5,
    0x23, 0xc5, 0x23, 0xc5, 0x23, 0xc5, 0x23, 0xc5, 0x23, 0xc5, 0x23, 0xc5,
    0x23, 0xc5, 0x23, 0xc5, 0x23, 0xc5, 0x23, 0xc5, 0x23, 0xc5, 0x23, 0xc5,
    0x0d, 0xd6, 0x9e, 0xf7, 0x9e, 0xf7, 0x9e, 0xf7, 0x9e, 0xf7, 0x9e, 0xf7,
    0x9e, 0xf7, 0x9e, 0xf7, 0x9e, 0xf7, 0x9e, 0xf7, 0x9e, 0xf7, 0x9e, 0xf7,
    0x9e, 0xf7, 0x9e, 0xf7, 0x9e, 0xf7, 0x9e, 0xf7, 0x9e, 0xf7, 0x9e, 0xf7,
    0x9e, 0xf7, 0x9e, 0xf7, 0x9e, 0xf7, 0x9e, 0xf7, 0x9e, 0xf7, 0x4e, 0xde,
    0x84, 0xcd, 0x84, 0xcd, 0x84, 0xcd, 0xa4, 0xcd, 0xa4, 0xcd, 0xa4, 0xcd,
    0xa4, 0xd5, 0xa4, 0xd5, 0xa4, 0xd5, 0xa4, 0xd5, 0xa4, 0xd5, 0xa4, 0xd5,
    0xa4, 0xd5, 0xa4, 0xd5, 0xa5, 0xd5, 0xa5, 0xd5, 0xa5, 0xd5, 0xa5, 0xd5,
    0xc5, 0xd5, 0xc5, 0xd5, 0xc5, 0xd5, 0xc5, 0xd5, 0xc5, 0xd5, 0xc5, 0xd5,
    0xc5, 0xd5, 0xc5, 0xd5, 0xa4, 0xd5, 0x84, 0xcd, 0x84, 0xcd, 0x84, 0xcd,
    0x84, 0xcd, 0x84, 0xcd, 0x84, 0xcd, 0x84, 0xcd, 0x84, 0xcd, 0x84, 0xcd,
    0x84, 0xcd, 0x84, 0xcd, 0x84, 0xcd, 0x84, 0xcd, 0x84, 0xcd, 0x84, 0xcd,
    0x84, 0xcd, 0x84, 0xcd, 0x84, 0xcd, 0x84, 0xcd, 0x84, 0xcd, 0x84, 0xcd,
    0x84, 0xcd, 0x84, 0xcd, 0x84, 0xcd, 0x84, 0xcd, 0x84, 0xcd, 0x84, 0xcd,
    0x84, 0xcd, 0x84, 0xcd, 0x84, 0xcd, 0x84, 0xcd, 0x84, 0xcd, 0x84, 0xcd,
    0x84, 0xcd, 0x84, 0xcd, 0x84, 0xcd, 0x84, 0xcd, 0x84, 0xcd, 0x84, 0xcd,
    0x84, 0xcd, 0x84, 0xcd, 0x84, 0xcd, 0x84, 0xcd, 0x84, 0xcd, 0x84, 0xcd,
    0x84, 0xcd, 0x84, 0xcd, 0x84, 0xcd, 0x84, 0xcd, 0x84, 0xcd, 0x84, 0xcd,
    0x84, 0xcd, 0x84, 0xcd, 0x84, 0xcd, 0x84, 0xcd, 0x84, 0xcd, 0x84, 0xcd,
    0x84, 0xcd, 0x84, 0xcd, 0x84, 0xcd, 0x84, 0xcd, 0x84, 0xcd, 0x84, 0xcd,
    0x84, 0xcd, 0x84, 0xcd, 0x84, 0xcd, 0x84, 0xcd, 0x84, 0xcd, 0x84, 0xcd,
    0x84, 0xcd, 0x84, 0xcd, 0x84, 0xcd, 0x63, 0xcd, 0x43, 0xc5, 0x23, 0xc5,
    0x23, 0xc5, 0x23, 0xc5, 0x23, 0xc5, 0x23, 0xc5, 0x23, 0xc5, 0x23, 0xc5,
    0x23, 0xc5, 0x23, 0xc5, 0x23, 0xc5, 0x23, 0xc5, 0x23, 0xc5, 0x23, 0xc5,
    0x23, 0xc5, 0x23, 0xc5, 0x23, 0xc5, 0x23, 0xc5, 0x23, 0xc5, 0x23, 0xc5,
    0x23, 0xc5, 0x23, 0xc5, 0x23, 0xc5, 0x23, 0xc5, 0x23, 0xc5, 0x23, 0xc5,
    0x0d, 0xd6, 0x9e, 0xf7, 0x9e, 0xf7, 0x9e, 0xf7, 0x9e, 0xf7, 0x9e, 0xf7,
    0x9e, 0xf7, 0x9e, 0xf7, 0x9e, 0xf7, 0x9e, 0xf7, 0x9e, 0xf7, 0x9e, 0xf7,
    0x9e, 0xf7, 0x9e, 0xf7, 0x9e, 0xf7, 0x9e, 0xf7, 0x9e, 0xf7, 0x9e, 0xf7,
    0x9e, 0xf7, 0x9e, 0xf7, 0x9e, 0xf7, 0x9e, 0xf7, 0x9e, 0xf7, 0x4e, 0xde,
    0x84, 0xcd, 0x84, 0xcd, 0x84, 0xcd, 0xa4, 0xcd, 0xa4, 0xcd, 0xa4, 0xcd,
    0xa4, 0xd5, 0xa4, 0xd5, 0xa4, 0xd5, 0xa4, 0xd5, 0xa4, 0xd5, 0xa4, 0xd5,
    0xa4, 0xd5, 0xa4, 0xd5, 0xa5, 0xd5, 0xa5, 0xd5, 0xa5, 0xd5, 0xa5, 0xd5,
    0xc5, 0xd5, 0xc5, 0xd5, 0xc5, 0xd5, 0xc5, 0xd5, 0xc5, 0xd5, 0xc5, 0xd5,
    0xc5, 0xd5, 0xc5, 0xd5, 0xc5, 0xd5, 0xc5, 0xd5, 0xa5, 0xd5, 0x84, 0xcd,
    0x84, 0xcd, 0x84, 0xcd, 0x84, 0xcd, 0x84, 0xcd, 0x84, 0xcd, 0x84, 0xcd,
    0x84, 0xcd, 0x84, 0xcd, 0x84, 0xcd, 0x84, 0xcd, 0x84, 0xcd, 0x84, 0xcd,
    0x84, 0xcd, 0x84, 0xcd, 0x84, 0xcd, 0x84, 0xcd, 0x84, 0xcd, 0x84, 0xcd,
    0x84, 0xcd, 0x84, 0xcd, 0x84, 0xcd, 0x84, 0xcd, 0x84, 0xcd, 0x84, 0xcd,
    0x84, 0xcd, 0x84, 0xcd, 0x84, 0xcd, 0x84, 0xcd, 0x84, 0xcd, 0x84, 0xcd,
    0x84, 0xcd, 0x84, 0xcd, 0x84, 0xcd, 0x84, 0xcd, 0x84, 0xcd, 0x84, 0xcd,
    0x84, 0xcd, 0x84, 0xcd, 0x84, 0xcd, 0x84, 0xcd, 0x84, 0xcd, 0x84, 0xcd,
    0x84, 0xcd, 0x84, 0xcd, 0x84, 0xcd, 0x84, 0xcd, 0x84, 0xcd, 0x84, 0xcd,
    0x84, 0xcd, 0x84, 0xcd, 0x84, 0xcd, 0x84, 0xcd, 0x84, 0xcd, 0x84, 0xcd,
    0x84, 0xcd, 0x84, 0xcd, 0x84, 0xcd, 0x84, 0xcd, 0x84, 0xcd, 0x84, 0xcd,
    0x84, 0xcd, 0x84, 0xcd, 0x84, 0xcd, 0x84, 0xcd, 0x84, 0xcd, 0x84, 0xcd,
    0x84, 0xcd, 0x63, 0xcd, 0x43, 0xc5, 0x23, 0xc5, 0x23, 0xc5, 0x23, 0xc5,
    0x23, 0xc5, 0x23, 0xc5, 0x23, 0xc5, 0x23, 0xc5, 0x23, 0xc5, 0x23, 0xc5,
    0x23, 0xc5, 0x23, 0xc5, 0x23, 0xc5, 0x23, 0xc5, 0x23, 0xc5, 0x23, 0xc5,
    0x23, 0xc5, 0x23, 0xc5, 0x23, 0xc5, 0x23, 0xc5, 0x23, 0xc5, 0x23, 0xc5,
    0x23, 0xc5, 0x23, 0xc5, 0x23, 0xc5, 0x23, 0xc5, 0x23, 0xc5, 0x23, 0xc5,
    0x0d, 0xd6, 0x9e, 0xf7, 0x9e, 0xf7, 0x9e, 0xf7, 0x9e, 0xf7, 0x9e, 0xf7,
    0x9e, 0xf7, 0x9e, 0xf7, 0x9e, 0xf7, 0x9e, 0xf7, 0x9e, 0xf7, 0x9e, 0xf7,
    0x9e, 0xf7, 0x9e, 0xf7, 0x9e, 0xf7, 0x9e, 0xf7, 0x9e, 0xf7, 0x9e, 0xf7,
    0x9e, 0xf7, 0x9e, 0xf7, 0x9e, 0xf7, 0x9e, 0xf7, 0x9e, 0xf7, 0x4e, 0xde,
    0x84, 0xcd, 0x84, 0xcd, 0x84, 0xcd, 0x84, 0xcd, 0xa4, 0xcd, 0xa4, 0xcd,
    0xa4, 0xd5, 0xa4, 0xd5, 0xa4, 0xd5, 0xa4, 0xd5, 0xa4, 0xd5, 0xa4, 0xd5,
    0xa4, 0xd5, 0xa4, 0xd5, 0xa5, 0xd5, 0xa5, 0xd5, 0xa5, 0xd5, 0xa5, 0xd5,
    0xc5, 0xd5, 0xc5, 0xd5, 0xc5, 0xd5, 0xc5, 0xd5, 0xc5, 0xd5, 0xc5, 0xd5,
    0xc5, 0xd5, 0xc5, 0xd5, 0xc5, 0xd5, 0xc5, 0xd5, 0xc5, 0xd5, 0xc5, 0xd5,
    0xa5, 0xd5, 0x84, 0xcd, 0xa4, 0xcd, 0xa4, 0xcd, 0xa4, 0xcd, 0xa4, 0xcd,
    0xa4, 0xcd, 0xa4, 0xcd, 0xa4, 0xcd, 0xa4, 0xcd, 0xa4, 0xcd, 0xa4, 0xcd,
    0xa4, 0xcd, 0xa4, 0xcd, 0xa4, 0xcd, 0xa4, 0xcd, 0xa4, 0xcd, 0xa4, 0xcd,
    0xa4, 0xcd, 0xa4, 0xcd, 0xa4, 0xcd, 0xa4, 0xcd, 0xa4, 0xcd, 0xa4, 0xcd,
    0xa4, 0xcd, 0xa4, 0xcd, 0x84, 0xcd, 0x84, 0xcd, 0x84, 0xcd, 0x84, 0xcd,
    0x84, 0xcd, 0x84, 0xcd, 0x84, 0xcd, 0x84, 0xcd, 0x84, 0xcd, 0x84, 0xcd,
    0x84, 0xcd, 0x84, 0xcd, 0x84, 0xcd, 0x84, 0xcd, 0x84, 0xcd, 0x84, 0xcd,
    0x84, 0xcd, 0x84, 0xcd, 0x84, 0xcd, 0x84, 0xcd, 0x84, 0xcd, 0x84, 0xcd,
    0x84, 0xcd, 0x84, 0xcd, 0x84, 0xcd, 0x84, 0xcd, 0x84, 0xcd, 0x84, 0xcd,
    0x84, 0xcd, 0x84, 0xcd, 0x84, 0xcd, 0x84, 0xcd, 0x84, 0xcd, 0x84, 0xcd,
    0x84, 0xcd, 0x84, 0xcd, 0x84, 0xcd, 0x84, 0xcd, 0x84, 0xcd, 0x63, 0xcd,
    0x43, 0xc5, 0x23, 0xc5, 0x23, 0xc5, 0x23, 0xc5, 0x23, 0xc5, 0x23, 0xc5,
    0x23, 0xc5, 0x23, 0xc5, 0x23, 0xc5, 0x23, 0xc5, 0x23, 0xc5, 0x23, 0xc5,
    0x23, 0xc5, 0x23, 0xc5, 0x23, 0xc5, 0x23, 0xc5, 0x23, 0xc5, 0x23, 0xc5,
    0x23, 0xc5, 0x23, 0xc5, 0x23, 0xc5, 0x23, 0xc5, 0x23, 0xc5, 0x23, 0xc5,
    0x23, 0xc5, 0x23, 0xc5, 0x23, 0xc5, 0x23, 0xc5, 0x23, 0xc5, 0x23, 0xc5,
    0x0d, 0xd6, 0x9e, 0xf7, 0x9e, 0xf7, 0x9e, 0xf7, 0x9e, 0xf7, 0x9e, 0xf7,
    0x9e, 0xf7, 0x9e, 0xf7, 0x9e, 0xf7, 0x9e, 0xf7, 0x9e, 0xf7, 0x9e, 0xf7,
    0x9e, 0xf7, 0x9e, 0xf7, 0x9e, 0xf7, 0x9e, 0xf7, 0x9e, 0xf7, 0x9e, 0xf7,
    0x9e, 0xf7, 0x9e, 0xf7, 0x9e, 0xf7, 0x9e, 0xf7, 0x9e, 0xf7, 0x4e, 0xde,
    0x84, 0xcd, 0x84, 0xcd, 0x84, 0xcd, 0x84, 0xcd, 0xa4, 0xcd, 0xa4, 0xcd,
    0xa4, 0xd5, 0xa4, 0xd5, 0xa4, 0xd5, 0xa4, 0xd5, 0xa4, 0xd5, 0xa4, 0xd5,
    0xa4, 0xd5, 0xa4, 0xd5, 0xa4, 0xd5, 0xa5, 0xd5, 0xa5, 0xd5, 0xa5, 0xd5,
    0xa5, 0xd5, 0xc5, 0xd5, 0xc5, 0xd5, 0xc5, 0xd5, 0xc5, 0xd5, 0xc5, 0xd5,
    0xc5, 0xd5, 0xc5, 0xd5, 0xc5, 0xd5, 0xc5, 0xd5, 0xc5, 0xd5, 0xe5, 0xd5,
    0xe5, 0xd5, 0xe5, 0xd5, 0xa5, 0xd5, 0xa4, 0xcd, 0xa4, 0xcd, 0xa4, 0xcd,
    0xa4, 0xcd, 0xa4, 0xd5, 0xa4, 0xd5, 0xa4, 0xd5, 0xa4, 0xd5, 0xa4, 0xd5,
    0xa4, 0xd5, 0xa4, 0xd5, 0xa4, 0xd5, 0xa4, 0xd5, 0xa4, 0xd5, 0xa4, 0xd5,
    0xa4, 0xd5, 0xa4, 0xd5, 0xa4, 0xd5, 0xa4, 0xcd, 0xa4, 0xcd, 0xa4, 0xcd,
    0xa4, 0xcd, 0xa4, 0xcd, 0xa4, 0xcd, 0xa4, 0xcd, 0xa4, 0xcd, 0xa4, 0xcd,
    0xa4, 0xcd, 0xa4, 0xcd, 0xa4, 0xcd, 0x84, 0xcd, 0x84, 0xcd, 0x84, 0xcd,
    0x84, 0xcd, 0x84, 0xcd, 0x84, 0xcd, 0x84, 0xcd, 0x84, 0xcd, 0x84, 0xcd,
    0x84, 0xcd, 0x84, 0xcd, 0x84, 0xcd, 0x84, 0xcd, 0x84, 0xcd, 0x84, 0xcd,
    0x84, 0xcd, 0x84, 0xcd, 0x84, 0xcd, 0x84, 0xcd, 0x84, 0xcd, 0x84, 0xcd,
    0x84, 0xcd, 0x84, 0xcd, 0x84, 0xcd, 0x84, 0xcd, 0x84, 0xcd, 0x84, 0xcd,
    0x84, 0xcd, 0x84, 0xcd, 0x84, 0xcd, 0x63, 0xcd, 0x43, 0xc5, 0x23, 0xc5,
    0x23, 0xc5, 0x23, 0xc5, 0x23, 0xc5, 0x23, 0xc5, 0x23, 0xc5, 0x23, 0xc5,
    0x23, 0xc5, 0x23, 0xc5, 0x23, 0xc5, 0x23, 0xc5, 0x23, 0xc5, 0x23, 0xc5,
    0x23, 0xc5, 0x23, 0xc5, 0x23, 0xc5, 0x23, 0xc5, 0x23, 0xc5, 0x23, 0xc5,
    0x23, 0xc5, 0x23, 0xc5, 0x23, 0xc5, 0x23, 0xc5, 0x23, 0xc5, 0x23, 0xc5,
    0x23, 0xc5, 0x23, 0xc5, 0x23, 0xc5, 0x23, 0xc5, 0x23, 0xc5, 0x23, 0xc5,
    0x0d, 0xd6, 0x9e, 0xf7, 0x9e, 0xf7, 0x9e, 0xf7, 0x9e, 0xf7, 0x9e, 0xf7,
    0x9e, 0xf7, 0x9e, 0xf7, 0x9e, 0xf7, 0x9e, 0xf7, 0x9e, 0xf7, 0x9e, 0xf7,
    0x9e, 0xf7, 0x9e, 0xf7, 0x9e, 0xf7, 0x9e, 0xf7, 0x9e, 0xf7, 0x9e, 0xf7,
    0x9e, 0xf7, 0x9e, 0xf7, 0x9e, 0xf7, 0x9e, 0xf7, 0x9e, 0xf7, 0x4e, 0xde,
    0x84, 0xcd, 0x84, 0xcd, 0x84, 0xcd, 0x84, 0xcd, 0xa4, 0xcd, 0xa4, 0xcd,
    0xa4, 0xcd, 0xa4, 0xd5, 0xa4, 0xd5, 0xa4, 0xd5, 0xa4, 0xd5, 0xa4, 0xd5,
    0xa4, 0xd5, 0xa4, 0xd5, 0xa4, 0xd5, 0xa5, 0xd5, 0xa5, 0xd5, 0xa5, 0xd5,
    0xa5, 0xd5, 0xc5, 0xd5, 0xc5, 0xd5, 0xc5, 0xd5, 0xc5, 0xd5, 0xc5, 0xd5,
    0xc5, 0xd5, 0xc5, 0xd5, 0xc5, 0xd5, 0xc5, 0xd5, 0xc5, 0xd5, 0xe5, 0xd5,
    0xe5, 0xd5, 0xe5, 0xd5, 0xe5, 0xd5, 0xe5, 0xd5, 0xa5, 0xd5, 0xa4, 0xd5,
    0xa4, 0xd5, 0xa4, 0xd5, 0xa4, 0xd5, 0xa4, 0xd5, 0xa4, 0xd5, 0xa4, 0xd5,
    0xa4, 0xd5, 0xa4, 0xd5, 0xa4, 0xd5, 0xa4, 0xd5, 0xa4, 0xd5, 0xa4, 0xd5,
    0xa4, 0xd5, 0xa4, 0xd5, 0xa4, 0xd5, 0xa4, 0xd5, 0xa4, 0xd5, 0xa4, 0xd5,
    0xa4, 0xd5, 0xa4, 0xd5, 0xa4, 0xd5, 0xa4, 0xd5, 0xa4, 0xd5, 0xa4, 0xd5,
    0xa4, 0xcd, 0xa4, 0xcd, 0xa4, 0xcd, 0xa4, 0xcd, 0xa4, 0xcd, 0xa4, 0xcd,
    0xa4, 0xcd, 0x84, 0xcd, 0x84, 0xcd, 0x84, 0xcd, 0x84, 0xcd, 0x84, 0xcd,
    0x84, 0xcd, 0x84, 0xcd, 0x84, 0xcd, 0x84, 0xcd, 0x84, 0xcd, 0x84, 0xcd,
    0x84, 0xcd, 0x84, 0xcd, 0x84, 0xcd, 0x84, 0xcd, 0x84, 0xcd, 0x84, 0xcd,
    0x84, 0xcd, 0x84, 0xcd, 0x84, 0xcd, 0x84, 0xcd, 0x84, 0xcd, 0x84, 0xcd,
    0x84, 0xcd, 0x63, 0xcd, 0x43, 0xc5, 0x23, 0xc5, 0x23, 0xc5, 0x23, 0xc5,
    0x23, 0xc5, 0x23, 0xc5, 0x23, 0xc5, 0x23, 0xc5, 0x23, 0xc5, 0x23, 0xc5,
    0x23, 0xc5, 0x23, 0xc5, 0x23, 0xc5, 0x23, 0xc5, 0x23, 0xc5, 0x23, 0xc5,
    0x23, 0xc5, 0x23, 0xc5, 0x23, 0xc5, 0x23, 0xc5, 0x23, 0xc5, 0x23, 0xc5,
    0x23, 0xc5, 0x23, 0xc5, 0x23, 0xc5, 0x23, 0xc5, 0x23, 0xc5, 0x23, 0xc5,
    0x23, 0xc5, 0x23, 0xc5, 0x23, 0xc5, 0x23, 0xc5, 0x23, 0xc5, 0x23, 0xc5,
    0x0d, 0xd6, 0x9e, 0xf7, 0x9e, 0xf7, 0x9e, 0xf7, 0x9e, 0xf7, 0x9e, 0xf7,
    0x9e, 0xf7, 0x9e, 0xf7, 0x9e, 0xf7, 0x9e, 0xf7, 0x9e, 0xf7, 0x9e, 0xf7,
    0x9e, 0xf7, 0x9e, 0xf7, 0x9e, 0xf7, 0x9e, 0xf7, 0x9e, 0xf7, 0x9e, 0xf7,
    0x9e, 0xf7, 0x9e, 0xf7, 0x9e, 0xf7, 0x9e, 0xf7, 0x9e, 0xf7, 0x4e, 0xde,
    0x84, 0xcd, 0x84, 0xcd, 0x84, 0xcd, 0x84, 0xcd, 0xa4, 0xcd, 0xa4, 0xcd,
    0xa4, 0xcd, 0xa4, 0xd5, 0xa4, 0xd5, 0xa4, 0xd5, 0xa4, 0xd5, 0xa4, 0xd5,
    0xa4, 0xd5, 0xa4, 0xd5, 0xa4, 0xd5, 0xa5, 0xd5, 0xa5, 0xd5, 0xa5, 0xd5,
    0xa5, 0xd5, 0xc5, 0xd5, 0xc5, 0xd5, 0xc5, 0xd5, 0xc5, 0xd5, 0xc5, 0xd5,
    0xc5, 0xd5, 0xc5, 0xd5, 0xc5, 0xd5, 0xc5, 0xd5, 0xc5, 0xd5, 0xc5, 0xd5,
    0xe5, 0xd5, 0xe5, 0xd5, 0xe5, 0xd5, 0xe6, 0xd5, 0xe6, 0xd5, 0xe5, 0xd5,
    0xa5, 0xd5, 0xa4, 0xd5, 0xa4, 0xd5, 0xa4, 0xd5, 0xa4, 0xd5, 0xa4, 0xd5,
    0xa4, 0xd5, 0xa4, 0xd5, 0xa4, 0xd5, 0xa4, 0xd5, 0xa4, 0xd5, 0xa4, 0xd5,
    0xa4, 0xd5, 0xa4, 0xd5, 0xa4, 0xd5, 0xa4, 0xd5, 0xa4, 0xd5, 0xa4, 0xd5,
    0xa4, 0xd5, 0xa4, 0xd5, 0xa4, 0xd5, 0xa4, 0xd5, 0xa4, 0xd5, 0xa4, 0xd5,
    0xa4, 0xd5, 0xa4, 0xd5, 0xa4, 0xd5, 0xa4, 0xd5, 0xa4, 0xd5, 0xa4, 0xcd,
    0xa4, 0xcd, 0xa4, 0xcd, 0xa4, 0xcd, 0xa4, 0xcd, 0xa4, 0xcd, 0x84, 0xcd,
    0x84, 0xcd, 0x84, 0xcd, 0x84, 0xcd, 0x84, 0xcd, 0x84, 0xcd, 0x84, 0xcd,
    0x84, 0xcd, 0x84, 0xcd, 0x84, 0xcd, 0x84, 0xcd, 0x84, 0xcd, 0x84, 0xcd,
    0x84, 0xcd, 0x84, 0xcd, 0x84, 0xcd, 0x84, 0xcd, 0x84, 0xcd, 0x63, 0xcd,
    0x43, 0xc5, 0x23, 0xc5, 0x23, 0xc5, 0x23, 0xc5, 0x23, 0xc5, 0x23, 0xc5,
    0x23, 0xc5, 0x23, 0xc5, 0x23, 0xc5, 0x23, 0xc5, 0x23, 0xc5, 0x23, 0xc5,
    0x23, 0xc5, 0x23, 0xc5, 0x23, 0xc5, 0x23, 0xc5, 0x23, 0xc5, 0x23, 0xc5,
    0x23, 0xc5, 0x23, 0xc5, 0x23, 0xc5, 0x23, 0xc5, 0x23, 0xc5, 0x23, 0xc5,
    0x23, 0xc5, 0x23, 0xc5, 0x23, 0xc5, 0x23, 0xc5, 0x23, 0xc5, 0x23, 0xc5,
    0x23, 0xc5, 0x23, 0xc5, 0x23, 0xc5, 0x23, 0xc5, 0x23, 0xc5, 0x23, 0xc5,
    0x0d, 0xd6, 0x9e, 0xf7, 0x9e, 0xf7, 0x9e, 0xf7, 0x9e, 0xf7, 0x9e, 0xf7,
    0x9e, 0xf7, 0x9e, 0xf7, 0x9e, 0xf7, 0x9e, 0xf7, 0x9e, 0xf7, 0x9e, 0xf7,
    0x9e, 0xf7, 0x9e, 0xf7, 0x9e, 0xf7, 0x9e, 0xf7, 0x9e, 0xf7, 0x9e, 0xf7,
    0x9e, 0xf7, 0x9e, 0xf7, 0x9e, 0xf7, 0x9e, 0xf7, 0x9e, 0xf7, 0x4e, 0xde,
    0x84, 0xcd, 0x84, 0xcd, 0x84, 0xcd, 0x84, 0xcd, 0x84, 0xcd, 0xa4, 0xcd,
    0xa4, 0xcd, 0xa4, 0xd5, 0xa4, 0xd5, 0xa4, 0xd5, 0xa4, 0xd5, 0xa4, 0xd5,
    0xa4, 0xd5, 0xa4, 0xd5, 0xa4, 0xd5, 0xa5, 0xd5, 0xa5, 0xd5, 0xa5, 0xd5,
    0xa5, 0xd5, 0xc5, 0xd5, 0xc5, 0xd5, 0xc5, 0xd5, 0xc5, 0xd5, 0xc5, 0xd5,
    0xc5, 0xd5, 0xc5, 0xd5, 0xc5, 0xd5, 0xc5, 0xd5, 0xc5, 0xd5, 0xc5, 0xd5,
    0xe5, 0xd5, 0xe5, 0xd5, 0xe5, 0xd5, 0xe5, 0xd5, 0xe6, 0xd5, 0xe6, 0xdd,
    0xe6, 0xdd, 0xe5, 0xd5, 0xc5, 0xd5, 0xa4, 0xd5, 0xa4, 0xd5, 0xa4, 0xd5,
    0xa4, 0xd5, 0xa4, 0xd5, 0xa4, 0xd5, 0xa4, 0xd5, 0xa4, 0xd5, 0xa4, 0xd5,
    0xa4, 0xd5, 0xa4, 0xd5, 0xa4, 0xd5, 0xa4, 0xd5, 0xa4, 0xd5, 0xa4, 0xd5,
    0xa4, 0xd5, 0xa4, 0xd5, 0xa4, 0xd5, 0xa4, 0xd5, 0xa4, 0xd5, 0xa4, 0xd5,
    0xa4, 0xd5, 0xa4, 0xd5, 0xa4, 0xd5, 0xa4, 0xd5, 0xa4, 0xd5, 0xa4, 0xd5,
    0xa4, 0xd5, 0xa4, 0xd5, 0xa4, 0xd5, 0xa4, 0xcd, 0xa4, 0xcd, 0xa4, 0xcd,
    0xa4, 0xcd, 0xa4, 0xcd, 0x84, 0xcd, 0x84, 0xcd, 0x84, 0xcd, 0x84, 0xcd,
    0x84, 0xcd, 0x84, 0xcd, 0x84, 0xcd, 0x84, 0xcd, 0x84, 0xcd, 0x84, 0xcd,
    0x84, 0xcd, 0x84, 0xcd, 0x84, 0xcd, 0x63, 0xcd, 0x43, 0xc5, 0x23, 0xc5,
    0x23, 0xc5, 0x23, 0xc5, 0x23, 0xc5, 0x23, 0xc5, 0x23, 0xc5, 0x23, 0xc5,
    0x23, 0xc5, 0x23, 0xc5, 0x23, 0xc5, 0x23, 0xc5, 0x23, 0xc5, 0x23, 0xc5,
    0x23, 0xc5, 0x23, 0xc5, 0x23, 0xc5, 0x23, 0xc5, 0x23, 0xc5, 0x23, 0xc5,
    0x23, 0xc5, 0x23, 0xc5, 0x23, 0xc5, 0x23, 0xc5, 0x23, 0xc5, 0x23, 0xc5,
    0x23, 0xc5, 0x23, 0xc5, 0x23, 0xc5, 0x23, 0xc5, 0x23, 0xc5, 0x23, 0xc5,
    0x23, 0xc5, 0x23, 0xc5, 0x23, 0xc5, 0x23, 0xc5, 0x23, 0xc5, 0x23, 0xc5,
    0x0d, 0xd6, 0x9e, 0xf7, 0x9e, 0xf7, 0x9e, 0xf7, 0x9e, 0xf7, 0x9e, 0xf7,
    0x9e, 0xf7, 0x9e, 0xf7, 0x9e, 0xf7, 0x9e, 0xf7, 0x9e, 0xf7, 0x9e, 0xf7,
    0x9e, 0xf7, 0x9e, 0xf7, 0x9e, 0xf7, 0x9e, 0xf7, 0x9e, 0xf7, 0x9e, 0xf7,
    0x9e, 0xf7, 0x9e, 0xf7, 0x9e, 0xf7, 0x9e, 0xf7, 0x9e, 0xf7, 0x4e, 0xde,
    0x84, 0xcd, 0x84, 0xcd, 0x84, 0xcd, 0x84, 0xcd, 0x84, 0xcd, 0xa4, 0xcd,
    0xa4, 0xcd, 0xa4, 0xd5, 0xa4, 0xd5, 0xa4, 0xd5, 0xa4, 0xd5, 0xa4, 0xd5,
    0xa4, 0xd5, 0xa4, 0xd5, 0xa4, 0xd5, 0xa4, 0xd5, 0xa5, 0xd5, 0xa5, 0xd5,
    0xa5, 0xd5, 0xa5, 0xd5, 0xc5, 0xd5, 0xc5, 0xd5, 0xc5, 0xd5, 0xc5, 0xd5,
    0xc5, 0xd5, 0xc5, 0xd5, 0xc5, 0xd5, 0xc5, 0xd5, 0xc5, 0xd5, 0xc5, 0xd5,
    0xe5, 0xd5, 0xe5, 0xd5, 0xe5, 0xd5, 0xe5, 0xd5, 0xe6, 0xd5, 0xe6, 0xdd,
    0xe6, 0xdd, 0xe6, 0xdd, 0x06, 0xde, 0xe6, 0xd5, 0xc5, 0xd5, 0xa5, 0xd5,
    0xa5, 0xd5, 0xa5, 0xd5, 0xa5, 0xd5, 0xa5, 0xd5, 0xa5, 0xd5, 0xa4, 0xd5,
    0xa4, 0xd5, 0xa4, 0xd5, 0xa4, 0xd5, 0xa4, 0xd5, 0xa4, 0xd5, 0xa4, 0xd5,
    0xa4, 0xd5, 0xa4, 0xd5, 0xa4, 0xd5, 0xa4, 0xd5, 0xa4, 0xd5, 0xa4, 0xd5,
    0xa4, 0xd5, 0xa4, 0xd5, 0xa4, 0xd5, 0xa4, 0xd5, 0xa4, 0xd5, 0xa4, 0xd5,
    0xa4, 0xd5, 0xa4, 0xd5, 0xa4, 0xd5, 0xa4, 0xd5, 0xa4, 0xd5, 0xa4, 0xd5,
    0xa4, 0xcd, 0xa4, 0xcd, 0xa4, 0xcd, 0xa4, 0xcd, 0xa4, 0xcd, 0x84, 0xcd,
    0x84, 0xcd, 0x84, 0xcd, 0x84, 0xcd, 0x84, 0xcd, 0x84, 0xcd, 0x84, 0xcd,
    0x84, 0xcd, 0x63, 0xcd, 0x43, 0xc5, 0x23, 0xc5, 0x23, 0xc5, 0x23, 0xc5,
    0x23, 0xc5, 0x23, 0xc5, 0x23, 0xc5, 0x23, 0xc5, 0x23, 0xc5, 0x23, 0xc5,
    0x23, 0xc5, 0x23, 0xc5, 0x23, 0xc5, 0x23, 0xc5, 0x23, 0xc5, 0x23, 0xc5,
    0x23, 0xc5, 0x23, 0xc5, 0x23, 0xc5, 0x23, 0xc5, 0x23, 0xc5, 0x23, 0xc5,
    0x23, 0xc5, 0x23, 0xc5, 0x23, 0xc5, 0x23, 0xc5, 0x23, 0xc5, 0x23, 0xc5,
    0x23, 0xc5, 0x23, 0xc5, 0x23, 0xc5, 0x23, 0xc5, 0x23, 0xc5, 0x23, 0xc5,
    0x23, 0xc5, 0x23, 0xc5, 0x23, 0xc5, 0x23, 0xc5, 0x23, 0xc5, 0x23, 0xc5,
    0x0d, 0xd6, 0x9e, 0xf7, 0x9e, 0xf7, 0x9e, 0xf7, 0x9e, 0xf7, 0x9e, 0xf7,
    0x9e, 0xf7, 0x9e, 0xf7, 0x9e, 0xf7, 0x9e, 0xf7, 0x9e, 0xf7, 0x9e, 0xf7,
    0x9e, 0xf7, 0x9e, 0xf7, 0x9e, 0xf7, 0x9e, 0xf7, 0x9e, 0xf7, 0x9e, 0xf7,
    0x9e, 0xf7, 0x9e, 0xf7, 0x9e, 0xf7, 0x9e, 0xf7, 0x9e, 0xf7, 0x4e, 0xde,
    0x84, 0xcd, 0x84, 0xcd, 0x84, 0xcd, 0x84, 0xcd, 0x84, 0xcd, 0xa4, 0xcd,
    0xa4, 0xcd, 0xa4, 0xcd, 0xa4, 0xd5, 0xa4, 0xd5, 0xa4, 0xd5, 0xa4, 0xd5,
    0xa4, 0xd5, 0xa4, 0xd5, 0xa4, 0xd5, 0xa4, 0xd5, 0xa5, 0xd5, 0xa5, 0xd5,
    0xa5, 0xd5, 0xa5, 0xd5, 0xc5, 0xd5, 0xc5, 0xd5, 0xc5, 0xd5, 0xc5, 0xd5,
    0xc5, 0xd5, 0xc5, 0xd5, 0xc5, 0xd5, 0xc5, 0xd5, 0xc5, 0xd5, 0xc5, 0xd5,
    0xe5, 0xd5, 0xe5, 0xd5, 0xe5, 0xd5, 0xe5, 0xd5, 0xe6, 0xd5, 0xe6, 0xdd,
    0xe6, 0xdd, 0xe6, 0xdd, 0x06, 0xde, 0x06, 0xde, 0x06, 0xde, 0xe6, 0xdd,
    0xc5, 0xd5, 0xa5, 0xd5, 0xa5, 0xd5, 0xa5, 0xd5, 0xa5, 0xd5, 0xa5, 0xd5,
    0xa5, 0xd5, 0xa5, 0xd5, 0xa5, 0xd5, 0xa5, 0xd5, 0xa5, 0xd5, 0xa5, 0xd5,
    0xa5, 0xd5, 0xa5, 0xd5, 0xa5, 0xd5, 0xa4, 0xd5, 0xa4, 0xd5, 0xa4, 0xd5,
    0xa4, 0xd5, 0xa4, 0xd5, 0xa4, 0xd5, 0xa4, 0xd5, 0xa4, 0xd5, 0xa4, 0xd5,
    0xa4, 0xd5, 0xa4, 0xd5, 0xa4, 0xd5, 0xa4, 0xd5, 0xa4, 0xd5, 0xa4, 0xd5,
    0xa4, 0xd5, 0xa4, 0xd5, 0xa4, 0xd5, 0xa4, 0xcd, 0xa4, 0xcd, 0xa4, 0xcd,
    0xa4, 0xcd, 0x84, 0xcd, 0x84, 0xcd, 0x84, 0xcd, 0x84, 0xcd, 0x64, 0xcd,
    0x43, 0xc5, 0x23, 0xc5, 0x23, 0xc5, 0x23, 0xc5, 0x23, 0xc5, 0x23, 0xc5,
    0x23, 0xc5, 0x23, 0xc5, 0x23, 0xc5, 0x23, 0xc5, 0x23, 0xc5, 0x23, 0xc5,
    0x23, 0xc5, 0x23, 0xc5, 0x23, 0xc5, 0x23, 0xc5, 0x23, 0xc5, 0x23, 0xc5,
    0x23, 0xc5, 0x23, 0xc5, 0x23, 0xc5, 0x23, 0xc5, 0x23, 0xc5, 0x23, 0xc5,
    0x23, 0xc5, 0x23, 0xc5, 0x23, 0xc5, 0x23, 0xc5, 0x23, 0xc5, 0x23, 0xc5,
    0x23, 0xc5, 0x23, 0xc5, 0x23, 0xc5, 0x23, 0xc5, 0x23, 0xc5, 0x23, 0xc5,
    0x23, 0xc5, 0x23, 0xc5, 0x23, 0xc5, 0x23, 0xc5, 0x23, 0xc5, 0x23, 0xc5,
    0x0d, 0xd6, 0x9e, 0xf7, 0x9e, 0xf7, 0x9e, 0xf7, 0x9e, 0xf7, 0x9e, 0xf7,
    0x9e, 0xf7, 0x9e, 0xf7, 0x9e, 0xf7, 0x9e, 0xf7, 0x9e, 0xf7, 0x9e, 0xf7,
    0x9e, 0xf7, 0x9e, 0xf7, 0x9e, 0xf7, 0x9e, 0xf7, 0x9e, 0xf7, 0x9e, 0xf7,
    0x9e, 0xf7, 0x9e, 0xf7, 0x9e, 0xf7, 0x9e, 0xf7, 0x9e, 0xf7, 0x4e, 0xde,
    0x84, 0xcd, 0x84, 0xcd, 0x84, 0xcd, 0x84, 0xcd, 0x84, 0xcd, 0x84, 0xcd,
    0xa4, 0xcd, 0xa4, 0xcd, 0xa4, 0xd5, 0xa4, 0xd5, 0xa4, 0xd5, 0xa4, 0xd5,
    0xa4, 0xd5, 0xa4, 0xd5, 0xa4, 0xd5, 0xa4, 0xd5, 0xa5, 0xd5, 0xa5, 0xd5,
    0xa5, 0xd5, 0xa5, 0xd5, 0xc5, 0xd5, 0xc5, 0xd5, 0xc5, 0xd5, 0xc5, 0xd5,
    0xc5, 0xd5, 0xc5, 0xd5, 0xc5, 0xd5, 0xc5, 0xd5, 0xc5, 0xd5, 0xc5, 0xd5,
    0xc5, 0xd5, 0xe5, 0xd5, 0xe5, 0xd5, 0xe5, 0xd5, 0xe5, 0xd5, 0xe6, 0xd5,
    0xe6, 0xdd, 0xe6, 0xdd, 0xe6, 0xdd, 0x06, 0xde, 0x06, 0xde, 0x06, 0xde,
    0x06, 0xde, 0xe6, 0xdd, 0xc5, 0xd5, 0xa5, 0xd5, 0xa5, 0xd5, 0xa5, 0xd5,
    0xa5, 0xd5, 0xa5, 0xd5, 0xa5, 0xd5, 0xa5, 0xd5, 0xa5, 0xd5, 0xa5, 0xd5,
    0xa5, 0xd5, 0xa5, 0xd5, 0xa5, 0xd5, 0xa5, 0xd5, 0xa5, 0xd5, 0xa5, 0xd5,
    0xa5, 0xd5, 0xa5, 0xd5, 0xa4, 0xd5, 0xa4, 0xd5, 0xa4, 0xd5, 0xa4, 0xd5,
    0xa4, 0xd5, 0xa4, 0xd5, 0xa4, 0xd5, 0xa4, 0xd5, 0xa4, 0xd5, 0xa4, 0xd5,
    0xa4, 0xd5, 0xa4, 0xd5, 0xa4, 0xd5, 0xa4, 0xd5, 0xa4, 0xd5, 0xa4, 0xcd,
    0xa4, 0xcd, 0xa4, 0xcd, 0xa4, 0xcd, 0x84, 0xcd, 0x43, 0xc5, 0x23, 0xc5,
    0x23, 0xc5, 0x23, 0xc5, 0x23, 0xc5, 0x23, 0xc5, 0x23, 0xc5, 0x23, 0xc5,
    0x23, 0xc5, 0x23, 0xc5, 0x23, 0xc5, 0x23, 0xc5, 0x23, 0xc5, 0x23, 0xc5,
    0x23, 0xc5, 0x23, 0xc5, 0x23, 0xc5, 0x23, 0xc5, 0x23, 0xc5, 0x23, 0xc5,
    0x23, 0xc5, 0x23, 0xc5, 0x23, 0xc5, 0x23, 0xc5, 0x23, 0xc5, 0x23, 0xc5,
    0x23, 0xc5, 0x23, 0xc5, 0x23, 0xc5, 0x23, 0xc5, 0x23, 0xc5, 0x23, 0xc5,
    0x23, 0xc5, 0x23, 0xc5, 0x23, 0xc5, 0x23, 0xc5, 0x23, 0xc5, 0x23, 0xc5,
    0x23, 0xc5, 0x23, 0xc5, 0x23, 0xc5, 0x23, 0xc5, 0x23, 0xc5, 0x23, 0xc5,
    0x0d, 0xd6, 0x9e, 0xf7, 0x9e, 0xf7, 0x9e, 0xf7, 0x9e, 0xf7, 0x9e, 0xf7,
    0x9e, 0xf7, 0x9e, 0xf7, 0x9e, 0xf7, 0x9e, 0xf7, 0x9e, 0xf7, 0x9e, 0xf7,
    0x9e, 0xf7, 0x9e, 0xf7, 0x9e, 0xf7, 0x9e, 0xf7, 0x9e, 0xf7, 0x9e, 0xf7,
    0x9e, 0xf7, 0x9e, 0xf7, 0x9e, 0xf7, 0x9e, 0xf7, 0x9e, 0xf7, 0x4e, 0xde,
    0x84, 0xcd, 0x84, 0xcd, 0x84, 0xcd, 0x84, 0xcd, 0x84, 0xcd, 0x84, 0xcd,
    0xa4, 0xcd, 0xa4, 0xcd, 0xa4, 0xd5, 0xa4, 0xd5, 0xa4, 0xd5, 0xa4, 0xd5,
    0xa4, 0xd5, 0xa4, 0xd5, 0xa4, 0xd5, 0xa4, 0xd5, 0xa4, 0xd5, 0xa5, 0xd5,
    0xa5, 0xd5, 0xa5, 0xd5, 0xa5, 0xd5, 0xc5, 0xd5, 0xc5, 0xd5, 0xc5, 0xd5,
    0xc5, 0xd5, 0xc5, 0xd5, 0xc5, 0xd5, 0xc5, 0xd5, 0xc5, 0xd5, 0xc5, 0xd5,
    0xc5, 0xd5, 0xe5, 0xd5, 0xe5, 0xd5, 0xe5, 0xd5, 0xe5, 0xd5, 0xe6, 0xd5,
    0xe6, 0xdd, 0xe6, 0xdd, 0xe6, 0xdd, 0x06, 0xde, 0x06, 0xde, 0x06, 0xde,
    0x06, 0xde, 0x06, 0xde, 0x06, 0xde, 0x06, 0xde, 0xc5, 0xd5, 0xc5, 0xd5,
    0xc5, 0xd5, 0xc5, 0xd5, 0xc5, 0xd5, 0xc5, 0xd5, 0xc5, 0xd5, 0xc5, 0xd5,
    0xa5, 0xd5, 0xa5, 0xd5, 0xa5, 0xd5, 0xa5, 0xd5, 0xa5, 0xd5, 0xa5, 0xd5,
    0xa5, 0xd5, 0xa5, 0xd5, 0xa5, 0xd5, 0xa5, 0xd5, 0xa5, 0xd5, 0xa4, 0xd5,
    0xa4, 0xd5, 0xa4, 0xd5, 0xa4, 0xd5, 0xa4, 0xd5, 0xa4, 0xd5, 0xa4, 0xd5,
    0xa4, 0xd5, 0xa4, 0xd5, 0xa4, 0xd5, 0xa4, 0xd5, 0xa4, 0xd5, 0xa4, 0xd5,
    0xa4, 0xd5, 0x84, 0xcd, 0x43, 0xc5, 0x23, 0xc5, 0x23, 0xc5, 0x23, 0xc5,
    0x23, 0xc5, 0x23, 0xc5, 0x23, 0xc5, 0x23, 0xc5, 0x23, 0xc5, 0x23, 0xc5,
    0x23, 0xc5, 0x23, 0xc5, 0x23, 0xc5, 0x23, 0xc5, 0x23, 0xc5, 0x23, 0xc5,
    0x23, 0xc5, 0x23, 0xc5, 0x23, 0xc5, 0x23, 0xc5, 0x23, 0xc5, 0x23, 0xc5,
    0x23, 0xc5, 0x23, 0xc5, 0x23, 0xc5, 0x23, 0xc5, 0x23, 0xc5, 0x23, 0xc5,
    0x23, 0xc5, 0x23, 0xc5, 0x23, 0xc5, 0x23, 0xc5, 0x23, 0xc5, 0x23, 0xc5,
    0x23, 0xc5, 0x23, 0xc5, 0x23, 0xc5, 0x23, 0xc5, 0x23, 0xc5, 0x23, 0xc5,
    0x23, 0xc5, 0x23, 0xc5, 0x23, 0xc5, 0x23, 0xc5, 0x23, 0xc5, 0x23, 0xc5,
    0x0d, 0xd6, 0x9e, 0xf7, 0x9e, 0xf7, 0x9e, 0xf7, 0x9e, 0xf7, 0x9e, 0xf7,
    0x9e, 0xf7, 0x9e, 0xf7, 0x9e, 0xf7, 0x9e, 0xf7, 0x9e, 0xf7, 0x9e, 0xf7,
    0x9e, 0xf7, 0x9e, 0xf7, 0x9e, 0xf7, 0x9e, 0xf7, 0x9e, 0xf7, 0x9e, 0xf7,
    0x9e, 0xf7, 0x9e, 0xf7, 0x9e, 0xf7, 0x9e, 0xf7, 0x9e, 0xf7, 0x4e, 0xde,
    0x84, 0xcd, 0x84, 0xcd, 0x84, 0xcd, 0x84, 0xcd, 0x84, 0xcd, 0x84, 0xcd,
    0xa4, 0xcd, 0xa4, 0xcd, 0xa4, 0xcd, 0xa4, 0xd5, 0xa4, 0xd5, 0xa4, 0xd5,
    0xa4, 0xd5, 0xa4, 0xd5, 0xa4, 0xd5, 0xa4, 0xd5, 0xa4, 0xd5, 0xa5, 0xd5,
    0xa5, 0xd5, 0xa5, 0xd5, 0xa5, 0xd5, 0xc5, 0xd5, 0xc5, 0xd5, 0xc5, 0xd5,
    0xc5, 0xd5, 0xc5, 0xd5, 0xc5, 0xd5, 0xc5, 0xd5, 0xc5, 0xd5, 0xc5, 0xd5,
    0xc5, 0xd5, 0xe5, 0xd5, 0xe5, 0xd5, 0xe5, 0xd5, 0xe5, 0xd5, 0xe6, 0xd5,
    0xe6, 0xdd, 0xe6, 0xdd, 0xe6, 0xdd, 0x06, 0xde, 0x06, 0xde, 0x06, 0xde,
    0x06, 0xde, 0x06, 0xde, 0x06, 0xde, 0x06, 0xde, 0x27, 0xde, 0x06, 0xde,
    0xe5, 0xd5, 0xc5, 0xd5, 0xc5, 0xd5, 0xc5, 0xd5, 0xc5, 0xd5, 0xc5, 0xd5,
    0xc5, 0xd5, 0xc5, 0xd5, 0xc5, 0xd5, 0xc5, 0xd5, 0xc5, 0xd5, 0xc5, 0xd5,
    0xa5, 0xd5, 0xa5, 0xd5, 0xa5, 0xd5, 0xa5, 0xd5, 0xa5, 0xd5, 0xa5, 0xd5,
    0xa5, 0xd5, 0xa5, 0xd5, 0xa4, 0xd5, 0xa4, 0xd5, 0xa4, 0xd5, 0xa4, 0xd5,
    0xa4, 0xd5, 0xa4, 0xd5, 0xa4, 0xd5, 0xa4, 0xd5, 0xa4, 0xd5, 0x84, 0xcd,
    0x43, 0xc5, 0x23, 0xc5, 0x23, 0xc5, 0x23, 0xc5, 0x23, 0xc5, 0x23, 0xc5,
    0x23, 0xc5, 0x23, 0xc5, 0x23, 0xc5, 0x23, 0xc5, 0x23, 0xc5, 0x23, 0xc5,
    0x23, 0xc5, 0x23, 0xc5, 0x23, 0xc5, 0x23, 0xc5, 0x23, 0xc5, 0x23, 0xc5,
    0x23, 0xc5, 0x23, 0xc5, 0x23, 0xc5, 0x23, 0xc5, 0x23, 0xc5, 0x23, 0xc5,
    0x23, 0xc5, 0x23, 0xc5, 0x23, 0xc5, 0x23, 0xc5, 0x23, 0xc5, 0x23, 0xc5,
    0x23, 0xc5, 0x23, 0xc5, 0x23, 0xc5, 0x23, 0xc5, 0x23, 0xc5, 0x23, 0xc5,
    0x23, 0xc5, 0x23, 0xc5, 0x23, 0xc5, 0x23, 0xc5, 0x23, 0xc5, 0x23, 0xc5,
    0x23, 0xc5, 0x23, 0xc5, 0x23, 0xc5, 0x23, 0xc5, 0x23, 0xc5, 0x23, 0xc5,
    0x0d, 0xd6, 0x9e, 0xf7, 0x9e, 0xf7, 0x9e, 0xf7, 0x9e, 0xf7, 0x9e, 0xf7,
    0x9e, 0xf7, 0x9e, 0xf7, 0x9e, 0xf7, 0x9e, 0xf7, 0x9e, 0xf7, 0x9e, 0xf7,
    0x9e, 0xf7, 0x9e, 0xf7, 0x9e, 0xf7, 0x9e, 0xf7, 0x9e, 0xf7, 0x9e, 0xf7,
    0x9e, 0xf7, 0x9e, 0xf7, 0x9e, 0xf7, 0x9e, 0xf7, 0x9e, 0xf7, 0x4e, 0xde,
    0x84, 0xcd, 0x84, 0xcd, 0x84, 0xcd, 0x84, 0xcd, 0x84, 0xcd, 0x84, 0xcd,
    0xa4, 0xcd, 0xa4, 0xcd, 0xa4, 0xcd, 0xa4, 0xd5, 0xa4, 0xd5, 0xa4, 0xd5,
    0xa4, 0xd5, 0xa4, 0xd5, 0xa4, 0xd5, 0xa4, 0xd5, 0xa4, 0xd5, 0xa5, 0xd5,
    0xa5, 0xd5, 0xa5, 0xd5, 0xa5, 0xd5, 0xc5, 0xd5, 0xc5, 0xd5, 0xc5, 0xd5,
    0xc5, 0xd5, 0xc5, 0xd5, 0xc5, 0xd5, 0xc5, 0xd5, 0xc5, 0xd5, 0xc5, 0xd5,
    0xc5, 0xd5, 0xc5, 0xd5, 0xe5, 0xd5, 0xe5, 0xd5, 0xe5, 0xd5, 0xe5, 0xd5,
    0xe6, 0xd5, 0xe6, 0xdd, 0xe6, 0xdd, 0xe6, 0xdd, 0x06, 0xde, 0x06, 0xde,
    0x06, 0xde, 0x06, 0xde, 0x06, 0xde, 0x06, 0xde, 0x26, 0xde, 0x27, 0xde,
    0x27, 0xde, 0x06, 0xde, 0xe5, 0xd5, 0xc5, 0xd5, 0xc5, 0xd5, 0xc5, 0xd5,
    0xc5, 0xd5, 0xc5, 0xd5, 0xc5, 0xd5, 0xc5, 0xd5, 0xc5, 0xd5, 0xc5, 0xd5,
    0xc5, 0xd5, 0xc5, 0xd5, 0xc5, 0xd5, 0xa5, 0xd5, 0xa5, 0xd5, 0xa5, 0xd5,
    0xa5, 0xd5, 0xa5, 0xd5, 0xa5, 0xd5, 0xa5, 0xd5, 0xa5, 0xd5, 0xa4, 0xd5,
    0xa4, 0xd5, 0xa4, 0xd5, 0xa4, 0xd5, 0x84, 0xcd, 0x43, 0xc5, 0x23, 0xc5,
    0x23, 0xc5, 0x23, 0xc5, 0x23, 0xc5, 0x23, 0xc5, 0x23, 0xc5, 0x23, 0xc5,
    0x23, 0xc5, 0x23, 0xc5, 0x23, 0xc5, 0x23, 0xc5, 0x23, 0xc5, 0x23, 0xc5,
    0x23, 0xc5, 0x23, 0xc5, 0x23, 0xc5, 0x23, 0xc5, 0x23, 0xc5, 0x23, 0xc5,
    0x23, 0xc5, 0x23, 0xc5, 0x23, 0xc5, 0x23, 0xc5, 0x23, 0xc5, 0x23, 0xc5,
    0x23, 0xc5, 0x23, 0xc5, 0x23, 0xc5, 0x23, 0xc5, 0x23, 0xc5, 0x23, 0xc5,
    0x23, 0xc5, 0x23, 0xc5, 0x23, 0xc5, 0x23, 0xc5, 0x23, 0xc5, 0x23, 0xc5,
    0x23, 0xc5, 0x23, 0xc5, 0x23, 0xc5, 0x23, 0xc5, 0x23, 0xc5, 0x23, 0xc5,
    0x23, 0xc5, 0x23, 0xc5, 0x23, 0xc5, 0x23, 0xc5, 0x23, 0xc5, 0x23, 0xc5,
    0x0d, 0xd6, 0x9e, 0xf7, 0x9e, 0xf7, 0x9e, 0xf7, 0x9e, 0xf7, 0x9e, 0xf7,
    0x9e, 0xf7, 0x9e, 0xf7, 0x9e, 0xf7, 0x9e, 0xf7, 0x9e, 0xf7, 0x9e, 0xf7,
    0x9e, 0xf7, 0x9e, 0xf7, 0x9e, 0xf7, 0x9e, 0xf7, 0x9e, 0xf7, 0x9e, 0xf7,
    0x9e, 0xf7, 0x9e, 0xf7, 0x9e, 0xf7, 0x9e, 0xf7, 0x9e, 0xf7, 0x4e, 0xde,
    0x84, 0xcd, 0x84, 0xcd, 0x84, 0xcd, 0x84, 0xcd, 0x84, 0xcd, 0x84, 0xcd,
    0x84, 0xcd, 0xa4, 0xcd, 0xa4, 0xcd, 0xa4, 0xd5, 0xa4, 0xd5, 0xa4, 0xd5,
    0xa4, 0xd5, 0xa4, 0xd5, 0xa4, 0xd5, 0xa4, 0xd5, 0xa4, 0xd5, 0xa4, 0xd5,
    0xa5, 0xd5, 0xa5, 0xd5, 0xa5, 0xd5, 0xa5, 0xd5, 0xc5, 0xd5, 0xc5, 0xd5,
    0xc5, 0xd5, 0xc5, 0xd5, 0xc5, 0xd5, 0xc5, 0xd5, 0xc5, 0xd5, 0xc5, 0xd5,
    0xc5, 0xd5, 0xc5, 0xd5, 0xe5, 0xd5, 0xe5, 0xd5, 0xe5, 0xd5, 0xe5, 0xd5,
    0xe6, 0xd5, 0xe6, 0xdd, 0xe6, 0xdd, 0xe6, 0xdd, 0x06, 0xde, 0x06, 0xde,
    0x06, 0xde, 0x06, 0xde, 0x06, 0xde, 0x06, 0xde, 0x06, 0xde, 0x27, 0xde,
    0x27, 0xde, 0x27, 0xde, 0x27, 0xde, 0x06, 0xde, 0xe5, 0xd5, 0xc5, 0xd5,
    0xc5, 0xd5, 0xc5, 0xd5, 0xc5, 0xd5, 0xc5, 0xd5, 0xc5, 0xd5, 0xc5, 0xd5,
    0xc5, 0xd5, 0xc5, 0xd5, 0xc5, 0xd5, 0xc5, 0xd5, 0xc5, 0xd5, 0xc5, 0xd5,
    0xa5, 0xd5, 0xa5, 0xd5, 0xa5, 0xd5, 0xa5, 0xd5, 0xa5, 0xd5, 0xa5, 0xd5,
    0xa5, 0xd5, 0xa4, 0xcd, 0x63, 0xcd, 0x23, 0xc5, 0x23, 0xc5, 0x23, 0xc5,
    0x23, 0xc5, 0x23, 0xc5, 0x23, 0xc5, 0x23, 0xc5, 0x23, 0xc5, 0x23, 0xc5,
    0x23, 0xc5, 0x23, 0xc5, 0x23, 0xc5, 0x23, 0xc5, 0x23, 0xc5, 0x23, 0xc5,
    0x23, 0xc5, 0x23, 0xc5, 0x23, 0xc5, 0x23, 0xc5, 0x23, 0xc5, 0x23, 0xc5,
    0x23, 0xc5, 0x23, 0xc5, 0x23, 0xc5, 0x23, 0xc5, 0x23, 0xc5, 0x23, 0xc5,
    0x23, 0xc5, 0x23, 0xc5, 0x23, 0xc5, 0x23, 0xc5, 0x23, 0xc5, 0x23, 0xc5,
    0x23, 0xc5, 0x23, 0xc5, 0x23, 0xc5, 0x23, 0xc5, 0x23, 0xc5, 0x23, 0xc5,
    0x23, 0xc5, 0x23, 0xc5, 0x23, 0xc5, 0x23, 0xc5, 0x23, 0xc5, 0x23, 0xc5,
    0x23, 0xc5, 0x23, 0xc5, 0x23, 0xc5, 0x23, 0xc5, 0x23, 0xc5, 0x23, 0xc5,
    0x0d, 0xd6, 0x9e, 0xf7, 0x9e, 0xf7, 0x9e, 0xf7, 0x9e, 0xf7, 0x9e, 0xf7,
    0x9e, 0xf7, 0x9e, 0xf7, 0x9e, 0xf7, 0x9e, 0xf7, 0x9e, 0xf7, 0x9e, 0xf7,
    0x9e, 0xf7, 0x9e, 0xf7, 0x9e, 0xf7, 0x9e, 0xf7, 0x9e, 0xf7, 0x9e, 0xf7,
    0x9e, 0xf7, 0x9e, 0xf7, 0x9e, 0xf7, 0x9e, 0xf7, 0x9e, 0xf7, 0x4e, 0xde,
    0x84, 0xcd, 0x84, 0xcd, 0x84, 0xcd, 0x84, 0xcd, 0x84, 0xcd, 0x84, 0xcd,
    0x84, 0xcd, 0xa4, 0xcd, 0xa4, 0xcd, 0xa4, 0xcd, 0xa4, 0xd5, 0xa4, 0xd5,
    0xa4, 0xd5, 0xa4, 0xd5, 0xa4, 0xd5, 0xa4, 0xd5, 0xa4, 0xd5, 0xa4, 0xd5,
    0xa5, 0xd5, 0xa5, 0xd5, 0xa5, 0xd5, 0xa5, 0xd5, 0xc5, 0xd5, 0xc5, 0xd5,
    0xc5, 0xd5, 0xc5, 0xd5, 0xc5, 0xd5, 0xc5, 0xd5, 0xc5, 0xd5, 0xc5, 0xd5,
    0xc5, 0xd5, 0xc5, 0xd5, 0xe5, 0xd5, 0xe5, 0xd5, 0xe5, 0xd5, 0xe5, 0xd5,
    0xe6, 0xd5, 0xe6, 0xd5, 0xe6, 0xdd, 0xe6, 0xdd, 0x06, 0xde, 0x06, 0xde,
    0x06, 0xde, 0x06, 0xde, 0x06, 0xde, 0x06, 0xde, 0x06, 0xde, 0x26, 0xde,
    0x27, 0xde, 0x27, 0xde, 0x27, 0xde, 0x27, 0xde, 0x27, 0xde, 0x27, 0xde,
    0xe6, 0xd5, 0xc5, 0xd5, 0xc5, 0xd5, 0xc5, 0xd5, 0xc5, 0xd5, 0xc5, 0xd5,
    0xc5, 0xd5, 0xc5, 0xd5, 0xc5, 0xd5, 0xc5, 0xd5, 0xc5, 0xd5, 0xc5, 0xd5,
    0xc5, 0xd5, 0xc5, 0xd5, 0xc5, 0xd5, 0xa5, 0xd5, 0xa5, 0xd5, 0xa4, 0xd5,
    0x63, 0xcd, 0x23, 0xc5, 0x23, 0xc5, 0x23, 0xc5, 0x23, 0xc5, 0x23, 0xc5,
    0x23, 0xc5, 0x23, 0xc5, 0x23, 0xc5, 0x23, 0xc5, 0x23, 0xc5, 0x23, 0xc5,
    0x23, 0xc5, 0x23, 0xc5, 0x23, 0xc5, 0x23, 0xc5, 0x23, 0xc5, 0x23, 0xc5,
    0x23, 0xc5, 0x23, 0xc5, 0x23, 0xc5, 0x23, 0xc5, 0x23, 0xc5, 0x23, 0xc5,
    0x23, 0xc5, 0x23, 0xc5, 0x23, 0xc5, 0x23, 0xc5, 0x23, 0xc5, 0x23, 0xc5,
    0x23, 0xc5, 0x23, 0xc5, 0x23, 0xc5, 0x23, 0xc5, 0x23, 0xc5, 0x23, 0xc5,
    0x23, 0xc5, 0x23, 0xc5, 0x23, 0xc5, 0x23, 0xc5, 0x23, 0xc5, 0x23, 0xc5,
    0x23, 0xc5, 0x23, 0xc5, 0x23, 0xc5, 0x23, 0xc5, 0x23, 0xc5, 0x23, 0xc5,
    0x23, 0xc5, 0x23, 0xc5, 0x23, 0xc5, 0x23, 0xc5, 0x23, 0xc5, 0x23, 0xc5,
    0x0d, 0xd6, 0x9e, 0xf7, 0x9e, 0xf7, 0x9e, 0xf7, 0x9e, 0xf7, 0x9e, 0xf7,
    0x9e, 0xf7, 0x9e, 0xf7, 0x9e, 0xf7, 0x9e, 0xf7, 0x9e, 0xf7, 0x9e, 0xf7,
    0x9e, 0xf7, 0x9e, 0xf7, 0x9e, 0xf7, 0x9e, 0xf7, 0x9e, 0xf7, 0x9e, 0xf7,
    0x9e, 0xf7, 0x9e, 0xf7, 0x9e, 0xf7, 0x9e, 0xf7, 0x9e, 0xf7, 0x4e, 0xde,
    0x84, 0xcd, 0x84, 0xcd, 0x84, 0xcd, 0x84, 0xcd, 0x84, 0xcd, 0x84, 0xcd,
    0x84, 0xcd, 0xa4, 0xcd, 0xa4, 0xcd, 0xa4, 0xcd, 0xa4, 0xd5, 0xa4, 0xd5,
    0xa4, 0xd5, 0xa4, 0xd5, 0xa4, 0xd5, 0xa4, 0xd5, 0xa4, 0xd5, 0xa4, 0xd5,
    0xa5, 0xd5, 0xa5, 0xd5, 0xa5, 0xd5, 0xa5, 0xd5, 0xc5, 0xd5, 0xc5, 0xd5,
    0xc5, 0xd5, 0xc5, 0xd5, 0xc5, 0xd5, 0xc5, 0xd5, 0xc5, 0xd5, 0xc5, 0xd5,
    0xc5, 0xd5, 0xc5, 0xd5, 0xc5, 0xd5, 0xe5, 0xd5, 0xe5, 0xd5, 0xe5, 0xd5,
    0xe5, 0xd5, 0xe6, 0xd5, 0xe6, 0xdd, 0xe6, 0xdd, 0xe6, 0xdd, 0x06, 0xde,
    0x06, 0xde, 0x06, 0xde, 0x06, 0xde, 0x06, 0xde, 0x06, 0xde, 0x06, 0xde,
    0x27, 0xde, 0x27, 0xde, 0x27, 0xde, 0x27, 0xde, 0x27, 0xde, 0x27, 0xde,
    0x47, 0xde, 0x27, 0xde, 0xe6, 0xdd, 0xc5, 0xd5, 0xc5, 0xd5, 0xc5, 0xd5,
    0xc5, 0xd5, 0xc5, 0xd5, 0xc5, 0xd5, 0xc5, 0xd5, 0xc5, 0xd5, 0xc5, 0xd5,
    0xc5, 0xd5, 0xc5, 0xd5, 0xc5, 0xd5, 0xa4, 0xd5, 0x63, 0xcd, 0x23, 0xc5,
    0x23, 0xc5, 0x23, 0xc5, 0x23, 0xc5, 0x23, 0xc5, 0x23, 0xc5, 0x23, 0xc5,
    0x23, 0xc5, 0x23, 0xc5, 0x23, 0xc5, 0x23, 0xc5, 0x23, 0xc5, 0x23, 0xc5,
    0x23, 0xc5, 0x23, 0xc5, 0x23, 0xc5, 0x23, 0xc5, 0x23, 0xc5, 0x23, 0xc5,
    0x23, 0xc5, 0x23, 0xc5, 0x23, 0xc5, 0x23, 0xc5, 0x23, 0xc5, 0x23, 0xc5,
    0x23, 0xc5, 0x23, 0xc5, 0x23, 0xc5, 0x23, 0xc5, 0x23, 0xc5, 0x23, 0xc5,
    0x23, 0xc5, 0x23, 0xc5, 0x23, 0xc5, 0x23, 0xc5, 0x23, 0xc5, 0x23, 0xc5,
    0x23, 0xc5, 0x23, 0xc5, 0x23, 0xc5, 0x23, 0xc5, 0x23, 0xc5, 0x23, 0xc5,
    0x23, 0xc5, 0x23, 0xc5, 0x23, 0xc5, 0x23, 0xc5, 0x23, 0xc5, 0x23, 0xc5,
    0x23, 0xc5, 0x23, 0xc5, 0x23, 0xc5, 0x23, 0xc5, 0x23, 0xc5, 0x23, 0xc5,
    0x0d, 0xd6, 0x9e, 0xf7, 0x9e, 0xf7, 0x9e, 0xf7, 0x9e, 0xf7, 0x9e, 0xf7,
    0x9e, 0xf7, 0x9e, 0xf7, 0x9e, 0xf7, 0x9e, 0xf7, 0x9e, 0xf7, 0x9e, 0xf7,
    0x9e, 0xf7, 0x9e, 0xf7, 0x9e, 0xf7, 0x9e, 0xf7, 0x9e, 0xf7, 0x9e, 0xf7,
    0x9e, 0xf7, 0x9e, 0xf7, 0x9e, 0xf7, 0x9e, 0xf7, 0x9e, 0xf7, 0x4e, 0xde,
    0x84, 0xcd, 0x84, 0xcd, 0x84, 0xcd, 0x84, 0xcd, 0x84, 0xcd, 0x84, 0xcd,
    0x84, 0xcd, 0x84, 0xcd, 0xa4, 0xcd, 0xa4, 0xcd, 0xa4, 0xd5, 0xa4, 0xd5,
    0xa4, 0xd5, 0xa4, 0xd5, 0xa4, 0xd5, 0xa4, 0xd5, 0xa4, 0xd5, 0xa4, 0xd5,
    0xa4, 0xd5, 0xa5, 0xd5, 0xa5, 0xd5, 0xa5, 0xd5, 0xa5, 0xd5, 0xc5, 0xd5,
    0xc5, 0xd5, 0xc5, 0xd5, 0xc5, 0xd5, 0xc5, 0xd5, 0xc5, 0xd5, 0xc5, 0xd5,
    0xc5, 0xd5, 0xc5, 0xd5, 0xc5, 0xd5, 0xe5, 0xd5, 0xe5, 0xd5, 0xe5, 0xd5,
    0xe5, 0xd5, 0xe6, 0xd5, 0xe6, 0xdd, 0xe6, 0xdd, 0xe6, 0xdd, 0x06, 0xde,
    0x06, 0xde, 0x06, 0xde, 0x06, 0xde, 0x06, 0xde, 0x06, 0xde, 0x06, 0xde,
    0x26, 0xde, 0x27, 0xde, 0x27, 0xde, 0x27, 0xde, 0x27, 0xde, 0x27, 0xde,
    0x27, 0xde, 0x47, 0xde, 0x47, 0xde, 0x27, 0xde, 0xe6, 0xd5, 0xc5, 0xd5,
    0xc5, 0xd5, 0xc5, 0xd5, 0xc5, 0xd5, 0xc5, 0xd5, 0xc5, 0xd5, 0xc5, 0xd5,
    0xc5, 0xd5, 0xa5, 0xd5, 0x63, 0xcd, 0x23, 0xc5, 0x23, 0xc5, 0x23, 0xc5,
    0x23, 0xc5, 0x23, 0xc5, 0x23, 0xc5, 0x23, 0xc5, 0x23, 0xc5, 0x23, 0xc5,
    0x23, 0xc5, 0x23, 0xc5, 0x23, 0xc5, 0x23, 0xc5, 0x23, 0xc5, 0x23, 0xc5,
    0x23, 0xc5, 0x23, 0xc5, 0x23, 0xc5, 0x23, 0xc5, 0x23, 0xc5, 0x23, 0xc5,
    0x23, 0xc5, 0x23, 0xc5, 0x23, 0xc5, 0x23, 0xc5, 0x23, 0xc5, 0x23, 0xc5,
    0x23, 0xc5, 0x23, 0xc5, 0x23, 0xc5, 0x23, 0xc5, 0x23, 0xc5, 0x23, 0xc5,
    0x23, 0xc5, 0x23, 0xc5, 0x23, 0xc5, 0x23, 0xc5, 0x23, 0xc5, 0x23, 0xc5,
    0x23, 0xc5, 0x23, 0xc5, 0x23, 0xc5, 0x23, 0xc5, 0x23, 0xc5, 0x23, 0xc5,
    0x23, 0xc5, 0x23, 0xc5, 0x23, 0xc5, 0x23, 0xc5, 0x23, 0xc5, 0x23, 0xc5,
    0x23, 0xc5, 0x23, 0xc5, 0x23, 0xc5, 0x23, 0xc5, 0x23, 0xc5, 0x23, 0xc5,
    0x0d, 0xd6, 0x9e, 0xf7, 0x9e, 0xf7, 0x9e, 0xf7, 0x9e, 0xf7, 0x9e, 0xf7,
    0x9e, 0xf7, 0x9e, 0xf7, 0x9e, 0xf7, 0x9e, 0xf7, 0x9e, 0xf7, 0x9e, 0xf7,
    0x9e, 0xf7, 0x9e, 0xf7, 0x9e, 0xf7, 0x9e, 0xf7, 0x9e, 0xf7, 0x9e, 0xf7,
    0x9e, 0xf7, 0x9e, 0xf7, 0x9e, 0xf7, 0x9e, 0xf7, 0x9e, 0xf7, 0x4e, 0xde,
    0x84, 0xcd, 0x84, 0xcd, 0x84, 0xcd, 0x84, 0xcd, 0x84, 0xcd, 0x84, 0xcd,
    0x84, 0xcd, 0x84, 0xcd, 0xa4, 0xcd, 0xa4, 0xcd, 0xa4, 0xcd, 0xa4, 0xd5,
    0xa4, 0xd5, 0xa4, 0xd5, 0xa4, 0xd5, 0xa4, 0xd5, 0xa4, 0xd5, 0xa4, 0xd5,
    0xa4, 0xd5, 0xa5, 0xd5, 0xa5, 0xd5, 0xa5, 0xd5, 0xa5, 0xd5, 0xc5, 0xd5,
    0xc5, 0xd5, 0xc5, 0xd5, 0xc5, 0xd5, 0xc5, 0xd5, 0xc5, 0xd5, 0xc5, 0xd5,
    0xc5, 0xd5, 0xc5, 0xd5, 0xc5, 0xd5, 0xc5, 0xd5, 0xe5, 0xd5, 0xe5, 0xd5,
    0xe5, 0xd5, 0xe5, 0xd5, 0xe6, 0xd5, 0xe6, 0xdd, 0xe6, 0xdd, 0xe6, 0xdd,
    0x06, 0xde, 0x06, 0xde, 0x06, 0xde, 0x06, 0xde, 0x06, 0xde, 0x06, 0xde,
    0x06, 0xde, 0x27, 0xde, 0x27, 0xde, 0x27, 0xde, 0x27, 0xde, 0x27, 0xde,
    0x27, 0xde, 0x27, 0xde, 0x47, 0xde, 0x47, 0xe6, 0x47, 0xe6, 0x27, 0xde,
    0xe6, 0xd5, 0xc5, 0xd5, 0xc5, 0xd5, 0xc5, 0xd5, 0xc5, 0xd5, 0xc5, 0xd5,
    0x63, 0xcd, 0x23, 0xc5, 0x23, 0xc5, 0x23, 0xc5, 0x23, 0xc5, 0x23, 0xc5,
    0x23, 0xc5, 0x23, 0xc5, 0x23, 0xc5, 0x23, 0xc5, 0x23, 0xc5, 0x23, 0xc5,
    0x23, 0xc5, 0x23, 0xc5, 0x23, 0xc5, 0x23, 0xc5, 0x23, 0xc5, 0x23, 0xc5,
    0x23, 0xc5, 0x23, 0xc5, 0x23, 0xc5, 0x23, 0xc5, 0x23, 0xc5, 0x23, 0xc5,
    0x23, 0xc5, 0x23, 0xc5, 0x23, 0xc5, 0x23, 0xc5, 0x23, 0xc5, 0x23, 0xc5,
    0x23, 0xc5, 0x23, 0xc5, 0x23, 0xc5, 0x23, 0xc5, 0x23, 0xc5, 0x23, 0xc5,
    0x23, 0xc5, 0x23, 0xc5, 0x23, 0xc5, 0x23, 0xc5, 0x23, 0xc5, 0x23, 0xc5,
    0x23, 0xc5, 0x23, 0xc5, 0x23, 0xc5, 0x23, 0xc5, 0x23, 0xc5, 0x23, 0xc5,
    0x23, 0xc5, 0x23, 0xc5, 0x23, 0xc5, 0x23, 0xc5, 0x23, 0xc5, 0x23, 0xc5,
    0x23, 0xc5, 0x23, 0xc5, 0x23, 0xc5, 0x23, 0xc5, 0x23, 0xc5, 0x23, 0xc5,
    0x0d, 0xd6, 0x9e, 0xf7, 0x9e, 0xf7, 0x9e, 0xf7, 0x9e, 0xf7, 0x9e, 0xf7,
    0x9e, 0xf7, 0x9e, 0xf7, 0x9e, 0xf7, 0x9e, 0xf7, 0x9e, 0xf7, 0x9e, 0xf7,
    0x9e, 0xf7, 0x9e, 0xf7, 0x9e, 0xf7, 0x9e, 0xf7, 0x9e, 0xf7, 0x9e, 0xf7,
    0x9e, 0xf7, 0x9e, 0xf7, 0x9e, 0xf7, 0x9e, 0xf7, 0x9e, 0xf7, 0x4e, 0xde,
    0x84, 0xcd, 0x84, 0xcd, 0x84, 0xcd, 0x84, 0xcd, 0x84, 0xcd, 0x84, 0xcd,
    0x84, 0xcd, 0x84, 0xcd, 0x84, 0xcd, 0xa4, 0xcd, 0xa4, 0xcd, 0xa4, 0xd5,
    0xa4, 0xd5, 0xa4, 0xd5, 0xa4, 0xd5, 0xa4, 0xd5, 0xa4, 0xd5, 0xa4, 0xd5,
    0xa4, 0xd5, 0xa4, 0xd5, 0xa5, 0xd5, 0xa5, 0xd5, 0xa5, 0xd5, 0xc5, 0xd5,
    0xc5, 0xd5, 0xc5, 0xd5, 0xc5, 0xd5, 0xc5, 0xd5, 0xc5, 0xd5, 0xc5, 0xd5,
    0xc5, 0xd5, 0xc5, 0xd5, 0xc5, 0xd5, 0xc5, 0xd5, 0xe5, 0xd5, 0xe5, 0xd5,
    0xe5, 0xd5, 0xe5, 0xd5, 0xe6, 0xd5, 0xe6, 0xdd, 0xe6, 0xdd, 0xe6, 0xdd,
    0x06, 0xde, 0x06, 0xde, 0x06, 0xde, 0x06, 0xde, 0x06, 0xde, 0x06, 0xde,
    0x06, 0xde, 0x26, 0xde, 0x27, 0xde, 0x27, 0xde, 0x27, 0xde, 0x27, 0xde,
    0x27, 0xde, 0x27, 0xde, 0x27, 0xde, 0x47, 0xde, 0x47, 0xe6, 0x47, 0xe6,
    0x47, 0xe6, 0x27, 0xde, 0xe6, 0xd5, 0xc5, 0xd5, 0x64, 0xcd, 0x23, 0xc5,
    0x23, 0xc5, 0x23, 0xc5, 0x23, 0xc5, 0x23, 0xc5, 0x23, 0xc5, 0x23, 0xc5,
    0x23, 0xc5, 0x23, 0xc5, 0x23, 0xc5, 0x23, 0xc5, 0x23, 0xc5, 0x23, 0xc5,
    0x23, 0xc5, 0x23, 0xc5, 0x23, 0xc5, 0x23, 0xc5, 0x23, 0xc5, 0x23, 0xc5,
    0x23, 0xc5, 0x23, 0xc5, 0x23, 0xc5, 0x23, 0xc5, 0x23, 0xc5, 0x23, 0xc5,
    0x23, 0xc5, 0x23, 0xc5, 0x23, 0xc5, 0x23, 0xc5, 0x23, 0xc5, 0x23, 0xc5,
    0x23, 0xc5, 0x23, 0xc5, 0x23, 0xc5, 0x23, 0xc5, 0x23, 0xc5, 0x23, 0xc5,
    0x23, 0xc5, 0x23, 0xc5, 0x23, 0xc5, 0x23, 0xc5, 0x23, 0xc5, 0x23, 0xc5,
    0x23, 0xc5, 0x23, 0xc5, 0x23, 0xc5, 0x23, 0xc5, 0x23, 0xc5, 0x23, 0xc5,
    0x23, 0xc5, 0x23, 0xc5, 0x23, 0xc5, 0x23, 0xc5, 0x23, 0xc5, 0x23, 0xc5,
    0x23, 0xc5, 0x23, 0xc5, 0x23, 0xc5, 0x23, 0xc5, 0x23, 0xc5, 0x23, 0xc5,
    0x0d, 0xd6, 0x9e, 0xf7, 0x9e, 0xf7, 0x9e, 0xf7, 0x9e, 0xf7, 0x9e, 0xf7,
    0x9e, 0xf7, 0x9e, 0xf7, 0x9e, 0xf7, 0x9e, 0xf7, 0x9e, 0xf7, 0x9e, 0xf7,
    0x9e, 0xf7, 0x9e, 0xf7, 0x9e, 0xf7, 0x9e, 0xf7, 0x9e, 0xf7, 0x9e, 0xf7,
    0x9e, 0xf7, 0x9e, 0xf7, 0x9e, 0xf7, 0x9e, 0xf7, 0x9e, 0xf7, 0x4e, 0xde,
    0x84, 0xcd, 0x84, 0xcd, 0x84, 0xcd, 0x84, 0xcd, 0x84, 0xcd, 0x84, 0xcd,
    0x84, 0xcd, 0x84, 0xcd, 0x84, 0xcd, 0xa4, 0xcd, 0xa4, 0xcd, 0xa4, 0xd5,
    0xa4, 0xd5, 0xa4, 0xd5, 0xa4, 0xd5, 0xa4, 0xd5, 0xa4, 0xd5, 0xa4, 0xd5,
    0xa4, 0xd5, 0xa4, 0xd5, 0xa5, 0xd5, 0xa5, 0xd5, 0xa5, 0xd5, 0xa5, 0xd5,
    0xc5, 0xd5, 0xc5, 0xd5, 0xc5, 0xd5, 0xc5, 0xd5, 0xc5, 0xd5, 0xc5, 0xd5,
    0xc5, 0xd5, 0xc5, 0xd5, 0xc5, 0xd5, 0xc5, 0xd5, 0xc5, 0xd5, 0xe5, 0xd5,
    0xe5, 0xd5, 0xe5, 0xd5, 0xe5, 0xd5, 0xe6, 0xd5, 0xe6, 0xdd, 0xe6, 0xdd,
    0xe6, 0xdd, 0x06, 0xde, 0x06, 0xde, 0x06, 0xde, 0x06, 0xde, 0x06, 0xde,
    0x06, 0xde, 0x06, 0xde, 0x26, 0xde, 0x27, 0xde, 0x27, 0xde, 0x27, 0xde,
    0x27, 0xde, 0x27, 0xde, 0x27, 0xde, 0x47, 0xde, 0x47, 0xde, 0x47, 0xe6,
    0x47, 0xe6, 0x47, 0xe6, 0x47, 0xe6, 0x23, 0xc5, 0x23, 0xc5, 0x23, 0xc5,
    0x23, 0xc5, 0x23, 0xc5, 0x23, 0xc5, 0x23, 0xc5, 0x23, 0xc5, 0x23, 0xc5,
    0x23, 0xc5, 0x23, 0xc5, 0x23, 0xc5, 0x23, 0xc5, 0x23, 0xc5, 0x23, 0xc5,
    0x23, 0xc5, 0x23, 0xc5, 0x23, 0xc5, 0x23, 0xc5, 0x23, 0xc5, 0x23, 0xc5,
    0x23, 0xc5, 0x23, 0xc5, 0x23, 0xc5, 0x23, 0xc5, 0x23, 0xc5, 0x23, 0xc5,
    0x23, 0xc5, 0x23, 0xc5, 0x23, 0xc5, 0x23, 0xc5, 0x23, 0xc5, 0x23, 0xc5,
    0x23, 0xc5, 0x23, 0xc5, 0x23, 0xc5, 0x23, 0xc5, 0x23, 0xc5, 0x23, 0xc5,
    0x23, 0xc5, 0x23, 0xc5, 0x23, 0xc5, 0x23, 0xc5, 0x23, 0xc5, 0x23, 0xc5,
    0x23, 0xc5, 0x23, 0xc5, 0x23, 0xc5, 0x23, 0xc5, 0x23, 0xc5, 0x23, 0xc5,
    0x23, 0xc5, 0x23, 0xc5, 0x23, 0xc5, 0x23, 0xc5, 0x23, 0xc5, 0x23, 0xc5,
    0x23, 0xc5, 0x23, 0xc5, 0x23, 0xc5, 0x23, 0xc5, 0x23, 0xc5, 0x23, 0xc5,
    0x0d, 0xd6, 0x9e, 0xf7, 0x9e, 0xf7, 0x9e, 0xf7, 0x9e, 0xf7, 0x9e, 0xf7,
    0x9e, 0xf7, 0x9e, 0xf7, 0x9e, 0xf7, 0x9e, 0xf7, 0x9e, 0xf7, 0x9e, 0xf7,
    0x9e, 0xf7, 0x9e, 0xf7, 0x9e, 0xf7, 0x9e, 0xf7, 0x9e, 0xf7, 0x9e, 0xf7,
    0x9e, 0xf7, 0x9e, 0xf7, 0x9e, 0xf7, 0x9e, 0xf7, 0x9e, 0xf7, 0x4e, 0xde,
    0x84, 0xcd, 0x84, 0xcd, 0x84, 0xcd, 0x84, 0xcd, 0x84, 0xcd, 0x84, 0xcd,
    0x84, 0xcd, 0x84, 0xcd, 0x84, 0xcd, 0xa4, 0xcd, 0xa4, 0xcd, 0xa4, 0xcd,
    0xa4, 0xd5, 0xa4, 0xd5, 0xa4, 0xd5, 0xa4, 0xd5, 0xa4, 0xd5, 0xa4, 0xd5,
    0xa4, 0xd5, 0xa4, 0xd5, 0xa5, 0xd5, 0xa5, 0xd5, 0xa5, 0xd5, 0xa5, 0xd5,
    0xc5, 0xd5, 0xc5, 0xd5, 0xc5, 0xd5, 0xc5, 0xd5, 0xc5, 0xd5, 0xc5, 0xd5,
    0xc5, 0xd5, 0xc5, 0xd5, 0xc5, 0xd5, 0xc5, 0xd5, 0xc5, 0xd5, 0xe5, 0xd5,
    0xe5, 0xd5, 0xe5, 0xd5, 0xe5, 0xd5, 0xe6, 0xd5, 0xe6, 0xdd, 0xe6, 0xdd,
    0xe6, 0xdd, 0x06, 0xde, 0x06, 0xde, 0x06, 0xde, 0x06, 0xde, 0x06, 0xde,
    0x06, 0xde, 0x06, 0xde, 0x06, 0xde, 0x27, 0xde, 0x27, 0xde, 0x27, 0xde,
    0x27, 0xde, 0x27, 0xde, 0x27, 0xde, 0x27, 0xde, 0x47, 0xde, 0x47, 0xde,
    0x47, 0xe6, 0x47, 0xe6, 0x47, 0xe6, 0x23, 0xc5, 0x23, 0xc5, 0x23, 0xc5,
    0x23, 0xc5, 0x23, 0xc5, 0x23, 0xc5, 0x23, 0xc5, 0x23, 0xc5, 0x23, 0xc5,
    0x23, 0xc5, 0x23, 0xc5, 0x23, 0xc5, 0x23, 0xc5, 0x23, 0xc5, 0x23, 0xc5,
    0x23, 0xc5, 0x23, 0xc5, 0x23, 0xc5, 0x23, 0xc5, 0x23, 0xc5, 0x23, 0xc5,
    0x23, 0xc5, 0x23, 0xc5, 0x23, 0xc5, 0x23, 0xc5, 0x23, 0xc5, 0x23, 0xc5,
    0x23, 0xc5, 0x23, 0xc5, 0x23, 0xc5, 0x23, 0xc5, 0x23, 0xc5, 0x23, 0xc5,
    0x23, 0xc5, 0x23, 0xc5, 0x23, 0xc5, 0x23, 0xc5, 0x23, 0xc5, 0x23, 0xc5,
    0x23, 0xc5, 0x23, 0xc5, 0x23, 0xc5, 0x23, 0xc5, 0x23, 0xc5, 0x23, 0xc5,
    0x23, 0xc5, 0x23, 0xc5, 0x23, 0xc5, 0x23, 0xc5, 0x23, 0xc5, 0x23, 0xc5,
    0x23, 0xc5, 0x23, 0xc5, 0x23, 0xc5, 0x23, 0xc5, 0x23, 0xc5, 0x23, 0xc5,
    0x23, 0xc5, 0x23, 0xc5, 0x23, 0xc5, 0x23, 0xc5, 0x23, 0xc5, 0x23, 0xc5,
    0x0d, 0xd6, 0x9e, 0xf7, 0x9e, 0xf7, 0x9e, 0xf7, 0x9e, 0xf7, 0x9e, 0xf7,
    0x9e, 0xf7, 0x9e, 0xf7, 0x9e, 0xf7, 0x9e, 0xf7, 0x9e, 0xf7, 0x9e, 0xf7,
    0x9e, 0xf7, 0x9e, 0xf7, 0x9e, 0xf7, 0x9e, 0xf7, 0x9e, 0xf7, 0x9e, 0xf7,
    0x9e, 0xf7, 0x9e, 0xf7, 0x9e, 0xf7, 0x9e, 0xf7, 0x9e, 0xf7, 0x4e, 0xde,
    0x84, 0xcd, 0x84, 0xcd, 0x84, 0xcd, 0x84, 0xcd, 0x84, 0xcd, 0x84, 0xcd,
    0x84, 0xcd, 0x84, 0xcd, 0x84, 0xcd, 0x84, 0xcd, 0xa4, 0xcd, 0xa4, 0xcd,
    0xa4, 0xd5, 0xa4, 0xd5, 0xa4, 0xd5, 0xa4, 0xd5, 0xa4, 0xd5, 0xa4, 0xd5,
    0xa4, 0xd5, 0xa4, 0xd5, 0xa4, 0xd5, 0xa5, 0xd5, 0xa5, 0xd5, 0xa5, 0xd5,
    0xa5, 0xd5, 0xc5, 0xd5, 0xc5, 0xd5, 0xc5, 0xd5, 0xc5, 0xd5, 0xc5, 0xd5,
    0xc5, 0xd5, 0xc5, 0xd5, 0xc5, 0xd5, 0xc5, 0xd5, 0xc5, 0xd5, 0xe5, 0xd5,
    0xe5, 0xd5, 0xe5, 0xd5, 0xe5, 0xd5, 0xe5, 0xd5, 0xe6, 0xd5, 0xe6, 0xdd,
    0xe6, 0xdd, 0xe6, 0xdd, 0x06, 0xde, 0x06, 0xde, 0x06, 0xde, 0x06, 0xde,
    0x06, 0xde, 0x06, 0xde, 0x06, 0xde, 0x26, 0xde, 0x27, 0xde, 0x27, 0xde,
    0x27, 0xde, 0x27, 0xde, 0x27, 0xde, 0x27, 0xde, 0x27, 0xde, 0x47, 0xde,
    0x47, 0xde, 0x47, 0xde, 0x47, 0xe6, 0x23, 0xc5, 0x23, 0xc5, 0x23, 0xc5,
    0x23, 0xc5, 0x23, 0xc5, 0x23, 0xc5, 0x23, 0xc5, 0x23, 0xc5, 0x23, 0xc5,
    0x23, 0xc5, 0x23, 0xc5, 0x23, 0xc5, 0x23, 0xc5, 0x23, 0xc5, 0x23, 0xc5,
    0x23, 0xc5, 0x23, 0xc5, 0x23, 0xc5, 0x23, 0xc5, 0x23, 0xc5, 0x23, 0xc5,
    0x23, 0xc5, 0x23, 0xc5, 0x23, 0xc5, 0x23, 0xc5, 0x23, 0xc5, 0x23, 0xc5,
    0x23, 0xc5, 0x23, 0xc5, 0x23, 0xc5, 0x23, 0xc5, 0x23, 0xc5, 0x23, 0xc5,
    0x23, 0xc5, 0x23, 0xc5, 0x23, 0xc5, 0x23, 0xc5, 0x23, 0xc5, 0x23, 0xc5,
    0x23, 0xc5, 0x23, 0xc5, 0x23, 0xc5, 0x23, 0xc5, 0x23, 0xc5, 0x23, 0xc5,
    0x23, 0xc5, 0x23, 0xc5, 0x23, 0xc5, 0x23, 0xc5, 0x23, 0xc5, 0x23, 0xc5,
    0x23, 0xc5, 0x23, 0xc5, 0x23, 0xc5, 0x23, 0xc5, 0x23, 0xc5, 0x23, 0xc5,
    0x23, 0xc5, 0x23, 0xc5, 0x23, 0xc5, 0x23, 0xc5, 0x23, 0xc5, 0x23, 0xc5,
    0x0d, 0xd6, 0x9e, 0xf7, 0x9e, 0xf7, 0x9e, 0xf7, 0x9e, 0xf7, 0x9e, 0xf7,
    0x9e, 0xf7, 0x9e, 0xf7, 0x9e, 0xf7, 0x9e, 0xf7, 0x9e, 0xf7, 0x9e, 0xf7,
    0x9e, 0xf7, 0x9e, 0xf7, 0x9e, 0xf7, 0x9e, 0xf7, 0x9e, 0xf7, 0x9e, 0xf7,
    0x9e, 0xf7, 0x9e, 0xf7, 0x9e, 0xf7, 0x9e, 0xf7, 0x9e, 0xf7, 0xd4, 0xe6,
    0xa6, 0xcd, 0x84, 0xcd, 0x84, 0xcd, 0x84, 0xcd, 0x84, 0xcd, 0x84, 0xcd,
    0x84, 0xcd, 0x84, 0xcd, 0x84, 0xcd, 0x84, 0xcd, 0xa4, 0xcd, 0xa4, 0xcd,
    0xa4, 0xcd, 0xa4, 0xd5, 0xa4, 0xd5, 0xa4, 0xd5, 0xa4, 0xd5, 0xa4, 0xd5,
    0xa4, 0xd5, 0xa4, 0xd5, 0xa4, 0xd5, 0xa5, 0xd5, 0xa5, 0xd5, 0xa5, 0xd5,
    0xa5, 0xd5, 0xc5, 0xd5, 0xc5, 0xd5, 0xc5, 0xd5, 0xc5, 0xd5, 0xc5, 0xd5,
    0xc5, 0xd5, 0xc5, 0xd5, 0xc5, 0xd5, 0xc5, 0xd5, 0xc5, 0xd5, 0xc5, 0xd5,
    0xe5, 0xd5, 0xe5, 0xd5, 0xe5, 0xd5, 0xe5, 0xd5, 0xe6, 0xd5, 0xe6, 0xdd,
    0xe6, 0xdd, 0xe6, 0xdd, 0x06, 0xde, 0x06, 0xde, 0x06, 0xde, 0x06, 0xde,
    0x06, 0xde, 0x06, 0xde, 0x06, 0xde, 0x06, 0xde, 0x26, 0xde, 0x27, 0xde,
    0x27, 0xde, 0x27, 0xde, 0x27, 0xde, 0x27, 0xde, 0x27, 0xde, 0x27, 0xde,
    0x27, 0xde, 0x47, 0xde, 0x47, 0xde, 0x23, 0xc5, 0x23, 0xc5, 0x23, 0xc5,
    0x23, 0xc5, 0x23, 0xc5, 0x23, 0xc5, 0x23, 0xc5, 0x23, 0xc5, 0x23, 0xc5,
    0x23, 0xc5, 0x23, 0xc5, 0x23, 0xc5, 0x23, 0xc5, 0x23, 0xc5, 0x23, 0xc5,
    0x23, 0xc5, 0x23, 0xc5, 0x23, 0xc5, 0x23, 0xc5, 0x23, 0xc5, 0x23, 0xc5,
    0x23, 0xc5, 0x23, 0xc5, 0x23, 0xc5, 0x23, 0xc5, 0x23, 0xc5, 0x23, 0xc5,
    0x23, 0xc5, 0x23, 0xc5, 0x23, 0xc5, 0x23, 0xc5, 0x23, 0xc5, 0x23, 0xc5,
    0x23, 0xc5, 0x23, 0xc5, 0x23, 0xc5, 0x23, 0xc5, 0x23, 0xc5, 0x23, 0xc5,
    0x23, 0xc5, 0x23, 0xc5, 0x23, 0xc5, 0x23, 0xc5, 0x23, 0xc5, 0x23, 0xc5,
    0x23, 0xc5, 0x23, 0xc5, 0x23, 0xc5, 0x23, 0xc5, 0x23, 0xc5, 0x23, 0xc5,
    0x23, 0xc5, 0x23, 0xc5, 0x23, 0xc5, 0x23, 0xc5, 0x23, 0xc5, 0x23, 0xc5,
    0x23, 0xc5, 0x23, 0xc5, 0x23, 0xc5, 0x23, 0xc5, 0x23, 0xc5, 0x23, 0xc5,
    0x92, 0xde, 0x9e, 0xf7, 0x9e, 0xf7, 0x9e, 0xf7, 0x9e, 0xf7, 0x9e, 0xf7,
    0x9e, 0xf7, 0x9e, 0xf7, 0x9e, 0xf7, 0x9e, 0xf7, 0x9e, 0xf7, 0x9e, 0xf7,
    0x9e, 0xf7, 0x9e, 0xf7, 0x9e, 0xf7, 0x9e, 0xf7, 0x9e, 0xf7, 0x9e, 0xf7,
    0x9e, 0xf7, 0x9e, 0xf7, 0x9e, 0xf7, 0x9e, 0xf7, 0x9e, 0xf7, 0x9e, 0xf7,
    0x7c, 0xef, 0x91, 0xde, 0xa6, 0xd5, 0x84, 0xcd, 0x84, 0xcd, 0x84, 0xcd,
    0x84, 0xcd, 0x84, 0xcd, 0x84, 0xcd, 0x84, 0xcd, 0x84, 0xcd, 0xa4, 0xcd,
    0xa4, 0xcd, 0xa4, 0xd5, 0xa4, 0xd5, 0xa4, 0xd5, 0xa4, 0xd5, 0xa4, 0xd5,
    0xa4, 0xd5, 0xa4, 0xd5, 0xa4, 0xd5, 0xa4, 0xd5, 0xa5, 0xd5, 0xa5, 0xd5,
    0xa5, 0xd5, 0xa5, 0xd5, 0xc5, 0xd5, 0xc5, 0xd5, 0xc5, 0xd5, 0xc5, 0xd5,
    0xc5, 0xd5, 0xc5, 0xd5, 0xc5, 0xd5, 0xc5, 0xd5, 0xc5, 0xd5, 0xc5, 0xd5,
    0xe5, 0xd5, 0xe5, 0xd5, 0xe5, 0xd5, 0xe5, 0xd5, 0xe5, 0xd5, 0xe6, 0xd5,
    0xe6, 0xdd, 0xe6, 0xdd, 0xe6, 0xdd, 0x06, 0xde, 0x06, 0xde, 0x06, 0xde,
    0x06, 0xde, 0x06, 0xde, 0x06, 0xde, 0x06, 0xde, 0x06, 0xde, 0x26, 0xde,
    0x27, 0xde, 0x27, 0xde, 0x27, 0xde, 0x27, 0xde, 0x27, 0xde, 0x27, 0xde,
    0x27, 0xde, 0x27, 0xde, 0x47, 0xde, 0x23, 0xc5, 0x23, 0xc5, 0x23, 0xc5,
    0x23, 0xc5, 0x23, 0xc5, 0x23, 0xc5, 0x23, 0xc5, 0x23, 0xc5, 0x23, 0xc5,
    0x23, 0xc5, 0x23, 0xc5, 0x23, 0xc5, 0x23, 0xc5, 0x23, 0xc5, 0x23, 0xc5,
    0x23, 0xc5, 0x23, 0xc5, 0x23, 0xc5, 0x23, 0xc5, 0x23, 0xc5, 0x23, 0xc5,
    0x23, 0xc5, 0x23, 0xc5, 0x23, 0xc5, 0x23, 0xc5, 0x23, 0xc5, 0x23, 0xc5,
    0x23, 0xc5, 0x23, 0xc5, 0x23, 0xc5, 0x23, 0xc5, 0x23, 0xc5, 0x23, 0xc5,
    0x23, 0xc5, 0x23, 0xc5, 0x23, 0xc5, 0x23, 0xc5, 0x23, 0xc5, 0x23, 0xc5,
    0x23, 0xc5, 0x23, 0xc5, 0x23, 0xc5, 0x23, 0xc5, 0x23, 0xc5, 0x23, 0xc5,
    0x23, 0xc5, 0x23, 0xc5, 0x23, 0xc5, 0x23, 0xc5, 0x23, 0xc5, 0x23, 0xc5,
    0x23, 0xc5, 0x23, 0xc5, 0x23, 0xc5, 0x23, 0xc5, 0x23, 0xc5, 0x23, 0xc5,
    0x23, 0xc5, 0x23, 0xc5, 0x23, 0xc5, 0x23, 0xc5, 0x0d, 0xd6, 0x3a, 0xef,
    0x9e, 0xf7, 0x9e, 0xf7, 0x9e, 0xf7, 0x9e, 0xf7, 0x9e, 0xf7, 0x9e, 0xf7,
    0x9e, 0xf7, 0x9e, 0xf7, 0x9e, 0xf7, 0x9e, 0xf7, 0x9e, 0xf7, 0x9e, 0xf7,
    0x9e, 0xf7, 0x9e, 0xf7, 0x9e, 0xf7, 0x9e, 0xf7, 0x9e, 0xf7, 0x9e, 0xf7,
    0x9e, 0xf7, 0x9e, 0xf7, 0x9e, 0xf7, 0x9e, 0xf7, 0x9e, 0xf7, 0x9e, 0xf7,
    0x9e, 0xf7, 0x9e, 0xf7, 0x7c, 0xef, 0x91, 0xde, 0xa6, 0xd5, 0x84, 0xcd,
    0x84, 0xcd, 0x84, 0xcd, 0x84, 0xcd, 0x84, 0xcd, 0x84, 0xcd, 0xa4, 0xcd,
    0xa4, 0xcd, 0xa4, 0xcd, 0xa4, 0xd5, 0xa4, 0xd5, 0xa4, 0xd5, 0xa4, 0xd5,
    0xa4, 0xd5, 0xa4, 0xd5, 0xa4, 0xd5, 0xa4, 0xd5, 0xa5, 0xd5, 0xa5, 0xd5,
    0xa5, 0xd5, 0xa5, 0xd5, 0xc5, 0xd5, 0xc5, 0xd5, 0xc5, 0xd5, 0xc5, 0xd5,
    0xc5, 0xd5, 0xc5, 0xd5, 0xc5, 0xd5, 0xc5, 0xd5, 0xc5, 0xd5, 0xc5, 0xd5,
    0xc5, 0xd5, 0xe5, 0xd5, 0xe5, 0xd5, 0xe5, 0xd5, 0xe5, 0xd5, 0xe6, 0xd5,
    0xe6, 0xdd, 0xe6, 0xdd, 0xe6, 0xdd, 0xe6, 0xdd, 0x06, 0xde, 0x06, 0xde,
    0x06, 0xde, 0x06, 0xde, 0x06, 0xde, 0x06, 0xde, 0x06, 0xde, 0x06, 0xde,
    0x27, 0xde, 0x27, 0xde, 0x27, 0xde, 0x27, 0xde, 0x27, 0xde, 0x27, 0xde,
    0x27, 0xde, 0x27, 0xde, 0x27, 0xde, 0x23, 0xc5, 0x23, 0xc5, 0x23, 0xc5,
    0x23, 0xc5, 0x23, 0xc5, 0x23, 0xc5, 0x23, 0xc5, 0x23, 0xc5, 0x23, 0xc5,
    0x23, 0xc5, 0x23, 0xc5, 0x23, 0xc5, 0x23, 0xc5, 0x23, 0xc5, 0x23, 0xc5,
    0x23, 0xc5, 0x23, 0xc5, 0x23, 0xc5, 0x23, 0xc5, 0x23, 0xc5, 0x23, 0xc5,
    0x23, 0xc5, 0x23, 0xc5, 0x23, 0xc5, 0x23, 0xc5, 0x23, 0xc5, 0x23, 0xc5,
    0x23, 0xc5, 0x23, 0xc5, 0x23, 0xc5, 0x23, 0xc5, 0x23, 0xc5, 0x23, 0xc5,
    0x23, 0xc5, 0x23, 0xc5, 0x23, 0xc5, 0x23, 0xc5, 0x23, 0xc5, 0x23, 0xc5,
    0x23, 0xc5, 0x23, 0xc5, 0x23, 0xc5, 0x23, 0xc5, 0x23, 0xc5, 0x23, 0xc5,
    0x23, 0xc5, 0x23, 0xc5, 0x23, 0xc5, 0x23, 0xc5, 0x23, 0xc5, 0x23, 0xc5,
    0x23, 0xc5, 0x23, 0xc5, 0x23, 0xc5, 0x23, 0xc5, 0x23, 0xc5, 0x23, 0xc5,
    0x23, 0xc5, 0x23, 0xc5, 0x0d, 0xd6, 0x3a, 0xef, 0x9e, 0xf7, 0x9e, 0xf7,
    0x9e, 0xf7, 0x9e, 0xf7, 0x9e, 0xf7, 0x9e, 0xf7, 0x9e, 0xf7, 0x9e, 0xf7,
    0x9e, 0xf7, 0x9e, 0xf7, 0x9e, 0xf7, 0x9e, 0xf7, 0x9e, 0xf7, 0x9e, 0xf7,
    0x9e, 0xf7, 0x9e, 0xf7, 0x9e, 0xf7, 0x9e, 0xf7, 0x9e, 0xf7, 0x9e, 0xf7,
    0x9e, 0xf7, 0x9e, 0xf7, 0x9e, 0xf7, 0x9e, 0xf7, 0x9e, 0xf7, 0x9e, 0xf7,
    0x9e, 0xf7, 0x9e, 0xf7, 0x9e, 0xf7, 0x9e, 0xf7, 0x5a, 0xef, 0x4e, 0xde,
    0x84, 0xcd, 0x84, 0xcd, 0x84, 0xcd, 0x84, 0xcd, 0x84, 0xcd, 0xa4, 0xcd,
    0xa4, 0xcd, 0xa4, 0xcd, 0xa4, 0xd5, 0xa4, 0xd5, 0xa4, 0xd5, 0xa4, 0xd5,
    0xa4, 0xd5, 0xa4, 0xd5, 0xa4, 0xd5, 0xa4, 0xd5, 0xa4, 0xd5, 0xa5, 0xd5,
    0xa5, 0xd5, 0xa5, 0xd5, 0xa5, 0xd5, 0xc5, 0xd5, 0xc5, 0xd5, 0xc5, 0xd5,
    0xc5, 0xd5, 0xc5, 0xd5, 0xc5, 0xd5, 0xc5, 0xd5, 0xc5, 0xd5, 0xc5, 0xd5,
    0xc5, 0xd5, 0xc5, 0xd5, 0xe5, 0xd5, 0xe5, 0xd5, 0xe5, 0xd5, 0xe5, 0xd5,
    0xe6, 0xd5, 0xe6, 0xdd, 0xe6, 0xdd, 0xe6, 0xdd, 0x06, 0xde, 0x06, 0xde,
    0x06, 0xde, 0x06, 0xde, 0x06, 0xde, 0x06, 0xde, 0x06, 0xde, 0x06, 0xde,
    0x26, 0xde, 0x27, 0xde, 0x27, 0xde, 0x27, 0xde, 0x27, 0xde, 0x27, 0xde,
    0x27, 0xde, 0x27, 0xde, 0x27, 0xde, 0x23, 0xc5, 0x23, 0xc5, 0x23, 0xc5,
    0x23, 0xc5, 0x23, 0xc5, 0x23, 0xc5, 0x23, 0xc5, 0x23, 0xc5, 0x23, 0xc5,
    0x23, 0xc5, 0x23, 0xc5, 0x23, 0xc5, 0x23, 0xc5, 0x23, 0xc5, 0x23, 0xc5,
    0x23, 0xc5, 0x23, 0xc5, 0x23, 0xc5, 0x23, 0xc5, 0x23, 0xc5, 0x23, 0xc5,
    0x23, 0xc5, 0x23, 0xc5, 0x23, 0xc5, 0x23, 0xc5, 0x23, 0xc5, 0x23, 0xc5,
    0x23, 0xc5, 0x23, 0xc5, 0x23, 0xc5, 0x23, 0xc5, 0x23, 0xc5, 0x23, 0xc5,
    0x23, 0xc5, 0x23, 0xc5, 0x23, 0xc5, 0x23, 0xc5, 0x23, 0xc5, 0x23, 0xc5,
    0x23, 0xc5, 0x23, 0xc5, 0x23, 0xc5, 0x23, 0xc5, 0x23, 0xc5, 0x23, 0xc5,
    0x23, 0xc5, 0x23, 0xc5, 0x23, 0xc5, 0x23, 0xc5, 0x23, 0xc5, 0x23, 0xc5,
    0x23, 0xc5, 0x23, 0xc5, 0x23, 0xc5, 0x23, 0xc5, 0x23, 0xc5, 0x23, 0xc5,
    0x0d, 0xd6, 0x3a, 0xef, 0x9e, 0xf7, 0x9e, 0xf7, 0x9e, 0xf7, 0x9e, 0xf7,
    0x9e, 0xf7, 0x9e, 0xf7, 0x9e, 0xf7, 0x9e, 0xf7, 0x9e, 0xf7, 0x9e, 0xf7,
    0x9e, 0xf7, 0x9e, 0xf7, 0x9e, 0xf7, 0x9e, 0xf7, 0x9e, 0xf7, 0x9e, 0xf7,
    0x9e, 0xf7, 0x9e, 0xf7, 0x9e, 0xf7, 0x9e, 0xf7, 0x9e, 0xf7, 0x9e, 0xf7,
    0x9e, 0xf7, 0x9e, 0xf7, 0x9e, 0xf7, 0x9e, 0xf7, 0x9e, 0xf7, 0x9e, 0xf7,
    0x9e, 0xf7, 0x9e, 0xf7, 0x9e, 0xf7, 0x9e, 0xf7, 0x9e, 0xf7, 0x9e, 0xf7,
    0x5a, 0xef, 0x4e, 0xde, 0x84, 0xcd, 0x84, 0xcd, 0x84, 0xcd, 0x84, 0xcd,
    0xa4, 0xcd, 0xa4, 0xcd, 0xa4, 0xd5, 0xa4, 0xd5, 0xa4, 0xd5, 0xa4, 0xd5,
    0xa4, 0xd5, 0xa4, 0xd5, 0xa4, 0xd5, 0xa4, 0xd5, 0xa4, 0xd5, 0xa5, 0xd5,
    0xa5, 0xd5, 0xa5, 0xd5, 0xa5, 0xd5, 0xc5, 0xd5, 0xc5, 0xd5, 0xc5, 0xd5,
    0xc5, 0xd5, 0xc5, 0xd5, 0xc5, 0xd5, 0xc5, 0xd5, 0xc5, 0xd5, 0xc5, 0xd5,
    0xc5, 0xd5, 0xc5, 0xd5, 0xe5, 0xd5, 0xe5, 0xd5, 0xe5, 0xd5, 0xe5, 0xd5,
    0xe5, 0xd5, 0xe6, 0xd5, 0xe6, 0xdd, 0xe6, 0xdd, 0xe6, 0xdd, 0x06, 0xde,
    0x06, 0xde, 0x06, 0xde, 0x06, 0xde, 0x06, 0xde, 0x06, 0xde, 0x06, 0xde,
    0x06, 0xde, 0x26, 0xde, 0x27, 0xde, 0x27, 0xde, 0x27, 0xde, 0x27, 0xde,
    0x27, 0xde, 0x27, 0xde, 0x27, 0xde, 0x23, 0xc5, 0x23, 0xc5, 0x23, 0xc5,
    0x23, 0xc5, 0x23, 0xc5, 0x23, 0xc5, 0x23, 0xc5, 0x23, 0xc5, 0x23, 0xc5,
    0x23, 0xc5, 0x23, 0xc5, 0x23, 0xc5, 0x23, 0xc5, 0x23, 0xc5, 0x23, 0xc5,
    0x23, 0xc5, 0x23, 0xc5, 0x23, 0xc5, 0x23, 0xc5, 0x23, 0xc5, 0x23, 0xc5,
    0x23, 0xc5, 0x23, 0xc5, 0x23, 0xc5, 0x23, 0xc5, 0x23, 0xc5, 0x23, 0xc5,
    0x23, 0xc5, 0x23, 0xc5, 0x23, 0xc5, 0x23, 0xc5, 0x23, 0xc5, 0x23, 0xc5,
    0x23, 0xc5, 0x23, 0xc5, 0x23, 0xc5, 0x23, 0xc5, 0x23, 0xc5, 0x23, 0xc5,
    0x23, 0xc5, 0x23, 0xc5, 0x23, 0xc5, 0x23, 0xc5, 0x23, 0xc5, 0x23, 0xc5,
    0x23, 0xc5, 0x23, 0xc5, 0x23, 0xc5, 0x23, 0xc5, 0x23, 0xc5, 0x23, 0xc5,
    0x23, 0xc5, 0x23, 0xc5, 0x23, 0xc5, 0x23, 0xc5, 0x0d, 0xd6, 0x3a, 0xef,
    0x9e, 0xf7, 0x9e, 0xf7, 0x9e, 0xf7, 0x9e, 0xf7, 0x9e, 0xf7, 0x9e, 0xf7,
    0x9e, 0xf7, 0x9e, 0xf7, 0x9e, 0xf7, 0x9e, 0xf7, 0x9e, 0xf7, 0x9e, 0xf7,
    0x9e, 0xf7, 0x9e, 0xf7, 0x9e, 0xf7, 0x9e, 0xf7, 0x9e, 0xf7, 0x9e, 0xf7,
    0x9e, 0xf7, 0x9e, 0xf7, 0x9e, 0xf7, 0x9e, 0xf7, 0x9e, 0xf7, 0x9e, 0xf7,
    0x9e, 0xf7, 0x9e, 0xf7, 0x9e, 0xf7, 0x9e, 0xf7, 0x9e, 0xf7, 0x9e, 0xf7,
    0x9e, 0xf7, 0x9e, 0xf7, 0x9e, 0xf7, 0x9e, 0xf7, 0x9e, 0xf7, 0x9e, 0xf7,
    0x9e, 0xf7, 0x9e, 0xf7, 0x5a, 0xef, 0x4e, 0xde, 0x84, 0xcd, 0x84, 0xcd,
    0xa4, 0xcd, 0xa4, 0xcd, 0xa4, 0xcd, 0xa4, 0xd5, 0xa4, 0xd5, 0xa4, 0xd5,
    0xa4, 0xd5, 0xa4, 0xd5, 0xa4, 0xd5, 0xa4, 0xd5, 0xa4, 0xd5, 0xa4, 0xd5,
    0xa5, 0xd5, 0xa5, 0xd5, 0xa5, 0xd5, 0xa5, 0xd5, 0xc5, 0xd5, 0xc5, 0xd5,
    0xc5, 0xd5, 0xc5, 0xd5, 0xc5, 0xd5, 0xc5, 0xd5, 0xc5, 0xd5, 0xc5, 0xd5,
    0xc5, 0xd5, 0xc5, 0xd5, 0xc5, 0xd5, 0xe5, 0xd5, 0xe5, 0xd5, 0xe5, 0xd5,
    0xe5, 0xd5, 0xe6, 0xd5, 0xe6, 0xdd, 0xe6, 0xdd, 0xe6, 0xdd, 0xe6, 0xdd,
    0x06, 0xde, 0x06, 0xde, 0x06, 0xde, 0x06, 0xde, 0x06, 0xde, 0x06, 0xde,
    0x06, 0xde, 0x06, 0xde, 0x26, 0xde, 0x27, 0xde, 0x27, 0xde, 0x27, 0xde,
    0x27, 0xde, 0x27, 0xde, 0x27, 0xde, 0x23, 0xc5, 0x23, 0xc5, 0x23, 0xc5,
    0x23, 0xc5, 0x23, 0xc5, 0x23, 0xc5, 0x23, 0xc5, 0x23, 0xc5, 0x23, 0xc5,
    0x23, 0xc5, 0x23, 0xc5, 0x23, 0xc5, 0x23, 0xc5, 0x23, 0xc5, 0x23, 0xc5,
    0x23, 0xc5, 0x23, 0xc5, 0x23, 0xc5, 0x23, 0xc5, 0x23, 0xc5, 0x23, 0xc5,
    0x23, 0xc5, 0x23, 0xc5, 0x23, 0xc5, 0x23, 0xc5, 0x23, 0xc5, 0x23, 0xc5,
    0x23, 0xc5, 0x23, 0xc5, 0x23, 0xc5, 0x23, 0xc5, 0x23, 0xc5, 0x23, 0xc5,
    0x23, 0xc5, 0x23, 0xc5, 0x23, 0xc5, 0x23, 0xc5, 0x23, 0xc5, 0x23, 0xc5,
    0x23, 0xc5, 0x23, 0xc5, 0x23, 0xc5, 0x23, 0xc5, 0x23, 0xc5, 0x23, 0xc5,
    0x23, 0xc5, 0x23, 0xc5, 0x23, 0xc5, 0x23, 0xc5, 0x23, 0xc5, 0x23, 0xc5,
    0x23, 0xc5, 0x23, 0xc5, 0x0d, 0xd6, 0x3a, 0xef, 0x9e, 0xf7, 0x9e, 0xf7,
    0x9e, 0xf7, 0x9e, 0xf7, 0x9e, 0xf7, 0x9e, 0xf7, 0x9e, 0xf7, 0x9e, 0xf7,
    0x9e, 0xf7, 0x9e, 0xf7, 0x9e, 0xf7, 0x9e, 0xf7, 0x9e, 0xf7, 0x9e, 0xf7,
    0x9e, 0xf7, 0x9e, 0xf7, 0x9e, 0xf7, 0x9e, 0xf7, 0x9e, 0xf7, 0x9e, 0xf7,
    0x9e, 0xf7, 0x9e, 0xf7, 0x9e, 0xf7, 0x9e, 0xf7, 0x9e, 0xf7, 0x9e, 0xf7,
    0x9e, 0xf7, 0x9e, 0xf7, 0x9e, 0xf7, 0x9e, 0xf7, 0x9e, 0xf7, 0x9e, 0xf7,
    0x9e, 0xf7, 0x9e, 0xf7, 0x9e, 0xf7, 0x9e, 0xf7, 0x9e, 0xf7, 0x9e, 0xf7,
    0x9e, 0xf7, 0x9e, 0xf7, 0x9e, 0xf7, 0x9e, 0xf7, 0x5a, 0xef, 0x4e, 0xde,
    0x84, 0xcd, 0xa4, 0xcd, 0xa4, 0xcd, 0xa4, 0xd5, 0xa4, 0xd5, 0xa4, 0xd5,
    0xa4, 0xd5, 0xa4, 0xd5, 0xa4, 0xd5, 0xa4, 0xd5, 0xa4, 0xd5, 0xa4, 0xd5,
    0xa5, 0xd5, 0xa5, 0xd5, 0xa5, 0xd5, 0xa5, 0xd5, 0xc5, 0xd5, 0xc5, 0xd5,
    0xc5, 0xd5, 0xc5, 0xd5, 0xc5, 0xd5, 0xc5, 0xd5, 0xc5, 0xd5, 0xc5, 0xd5,
    0xc5, 0xd5, 0xc5, 0xd5, 0xc5, 0xd5, 0xe5, 0xd5, 0xe5, 0xd5, 0xe5, 0xd5,
    0xe5, 0xd5, 0xe5, 0xd5, 0xe6, 0xd5, 0xe6, 0xdd, 0xe6, 0xdd, 0xe6, 0xdd,
    0xe6, 0xdd, 0x06, 0xde, 0x06, 0xde, 0x06, 0xde, 0x06, 0xde, 0x06, 0xde,
    0x06, 0xde, 0x06, 0xde, 0x06, 0xde, 0x06, 0xde, 0x26, 0xde, 0x27, 0xde,
    0x27, 0xde, 0x27, 0xde, 0x27, 0xde, 0x23, 0xc5, 0x23, 0xc5, 0x23, 0xc5,
    0x23, 0xc5, 0x23, 0xc5, 0x23, 0xc5, 0x23, 0xc5, 0x23, 0xc5, 0x23, 0xc5,
    0x23, 0xc5, 0x23, 0xc5, 0x23, 0xc5, 0x23, 0xc5, 0x23, 0xc5, 0x23, 0xc5,
    0x23, 0xc5, 0x23, 0xc5, 0x23, 0xc5, 0x23, 0xc5, 0x23, 0xc5, 0x23, 0xc5,
    0x23, 0xc5, 0x23, 0xc5, 0x23, 0xc5, 0x23, 0xc5, 0x23, 0xc5, 0x23, 0xc5,
    0x23, 0xc5, 0x23, 0xc5, 0x23, 0xc5, 0x23, 0xc5, 0x23, 0xc5, 0x23, 0xc5,
    0x23, 0xc5, 0x23, 0xc5, 0x23, 0xc5, 0x23, 0xc5, 0x23, 0xc5, 0x23, 0xc5,
    0x23, 0xc5, 0x23, 0xc5, 0x23, 0xc5, 0x23, 0xc5, 0x23, 0xc5, 0x23, 0xc5,
    0x23, 0xc5, 0x23, 0xc5, 0x23, 0xc5, 0x23, 0xc5, 0x23, 0xc5, 0x23, 0xc5,
    0x0d, 0xd6, 0x3a, 0xef, 0x9e, 0xf7, 0x9e, 0xf7, 0x9e, 0xf7, 0x9e, 0xf7,
    0x9e, 0xf7, 0x9e, 0xf7, 0x9e, 0xf7, 0x9e, 0xf7, 0x9e, 0xf7, 0x9e, 0xf7,
    0x9e, 0xf7, 0x9e, 0xf7, 0x9e, 0xf7, 0x9e, 0xf7, 0x9e, 0xf7, 0x9e, 0xf7,
    0x9e, 0xf7, 0x9e, 0xf7, 0x9e, 0xf7, 0x9e, 0xf7, 0x9e, 0xf7, 0x9e, 0xf7,
    0x9e, 0xf7, 0x9e, 0xf7, 0x9e, 0xf7, 0x9e, 0xf7, 0x9e, 0xf7, 0x9e, 0xf7,
    0x9e, 0xf7, 0x9e, 0xf7, 0x9e, 0xf7, 0x9e, 0xf7, 0x9e, 0xf7, 0x9e, 0xf7,
    0x9e, 0xf7, 0x9e, 0xf7, 0x9e, 0xf7, 0x9e, 0xf7, 0x9e, 0xf7, 0x9e, 0xf7,
    0x9e, 0xf7, 0x9e, 0xf7, 0x9e, 0xf7, 0x9e, 0xf7, 0x9e, 0xf7, 0x9e, 0xf7,
    0x39, 0xef, 0x0b, 0xd6, 0xa4, 0xcd, 0xa4, 0xcd, 0xa4, 0xd5, 0xa4, 0xd5,
    0xa4, 0xd5, 0xa4, 0xd5, 0xa4, 0xd5, 0xa4, 0xd5, 0xa4, 0xd5, 0xa4, 0xd5,
    0xa4, 0xd5, 0xa5, 0xd5, 0xa5, 0xd5, 0xa5, 0xd5, 0xa5, 0xd5, 0xc5, 0xd5,
    0xc5, 0xd5, 0xc5, 0xd5, 0xc5, 0xd5, 0xc5, 0xd5, 0xc5, 0xd5, 0xc5, 0xd5,
    0xc5, 0xd5, 0xc5, 0xd5, 0xc5, 0xd5, 0xc5, 0xd5, 0xe5, 0xd5, 0xe5, 0xd5,
    0xe5, 0xd5, 0xe5, 0xd5, 0xe5, 0xd5, 0xe6, 0xd5, 0xe6, 0xdd, 0xe6, 0xdd,
    0xe6, 0xdd, 0x06, 0xde, 0x06, 0xde, 0x06, 0xde, 0x06, 0xde, 0x06, 0xde,
    0x06, 0xde, 0x06, 0xde, 0x06, 0xde, 0x06, 0xde, 0x06, 0xde, 0x26, 0xde,
    0x27, 0xde, 0x27, 0xde, 0x27, 0xde, 0x23, 0xc5, 0x23, 0xc5, 0x23, 0xc5,
    0x23, 0xc5, 0x23, 0xc5, 0x23, 0xc5, 0x23, 0xc5, 0x23, 0xc5, 0x23, 0xc5,
    0x23, 0xc5, 0x23, 0xc5, 0x23, 0xc5, 0x23, 0xc5, 0x23, 0xc5, 0x23, 0xc5,
    0x23, 0xc5, 0x23, 0xc5, 0x23, 0xc5, 0x23, 0xc5, 0x23, 0xc5, 0x23, 0xc5,
    0x23, 0xc5, 0x23, 0xc5, 0x23, 0xc5, 0x23, 0xc5, 0x23, 0xc5, 0x23, 0xc5,
    0x23, 0xc5, 0x23, 0xc5, 0x23, 0xc5, 0x23, 0xc5, 0x23, 0xc5, 0x23, 0xc5,
    0x23, 0xc5, 0x23, 0xc5, 0x23, 0xc5, 0x23, 0xc5, 0x23, 0xc5, 0x23, 0xc5,
    0x23, 0xc5, 0x23, 0xc5, 0x23, 0xc5, 0x23, 0xc5, 0x23, 0xc5, 0x23, 0xc5,
    0x23, 0xc5, 0x23, 0xc5, 0x23, 0xc5, 0x23, 0xc5, 0x0d, 0xd6, 0x3a, 0xef,
    0x9e, 0xf7, 0x9e, 0xf7, 0x9e, 0xf7, 0x9e, 0xf7, 0x9e, 0xf7, 0x9e, 0xf7,
    0x9e, 0xf7, 0x9e, 0xf7, 0x9e, 0xf7, 0x9e, 0xf7, 0x9e, 0xf7, 0x9e, 0xf7,
    0x9e, 0xf7, 0x9e, 0xf7, 0x9e, 0xf7, 0x9e, 0xf7, 0x9e, 0xf7, 0x9e, 0xf7,
    0x9e, 0xf7, 0x9e, 0xf7, 0x9e, 0xf7, 0x9e, 0xf7, 0x9e, 0xf7, 0x9e, 0xf7,
    0x9e, 0xf7, 0x9e, 0xf7, 0x9e, 0xf7, 0x9e, 0xf7, 0x9e, 0xf7, 0x9e, 0xf7,
    0x9e, 0xf7, 0x9e, 0xf7, 0x9e, 0xf7, 0x9e, 0xf7, 0x9e, 0xf7, 0x9e, 0xf7,
    0x9e, 0xf7, 0x9e, 0xf7, 0x9e, 0xf7, 0x9e, 0xf7, 0x9e, 0xf7, 0x9e, 0xf7,
    0x9e, 0xf7, 0x9e, 0xf7, 0x9e, 0xf7, 0x9e, 0xf7, 0x9e, 0xf7, 0x9e, 0xf7,
    0x9e, 0xf7, 0x9e, 0xf7, 0x17, 0xef, 0x0b, 0xd6, 0xa4, 0xd5, 0xa4, 0xd5,
    0xa4, 0xd5, 0xa4, 0xd5, 0xa4, 0xd5, 0xa4, 0xd5, 0xa4, 0xd5, 0xa4, 0xd5,
    0xa4, 0xd5, 0xa5, 0xd5, 0xa5, 0xd5, 0xa5, 0xd5, 0xa5, 0xd5, 0xc5, 0xd5,
    0xc5, 0xd5, 0xc5, 0xd5, 0xc5, 0xd5, 0xc5, 0xd5, 0xc5, 0xd5, 0xc5, 0xd5,
    0xc5, 0xd5, 0xc5, 0xd5, 0xc5, 0xd5, 0xc5, 0xd5, 0xc5, 0xd5, 0xe5, 0xd5,
    0xe5, 0xd5, 0xe5, 0xd5, 0xe5, 0xd5, 0xe6, 0xd5, 0xe6, 0xd5, 0xe6, 0xdd,
    0xe6, 0xdd, 0xe6, 0xdd, 0x06, 0xde, 0x06, 0xde, 0x06, 0xde, 0x06, 0xde,
    0x06, 0xde, 0x06, 0xde, 0x06, 0xde, 0x06, 0xde, 0x06, 0xde, 0x06, 0xde,
    0x26, 0xde, 0x27, 0xde, 0x27, 0xde, 0x23, 0xc5, 0x23, 0xc5, 0x23, 0xc5,
    0x23, 0xc5, 0x23, 0xc5, 0x23, 0xc5, 0x23, 0xc5, 0x23, 0xc5, 0x23, 0xc5,
    0x23, 0xc5, 0x23, 0xc5, 0x23, 0xc5, 0x23, 0xc5, 0x23, 0xc5, 0x23, 0xc5,
    0x23, 0xc5, 0x23, 0xc5, 0x23, 0xc5, 0x23, 0xc5, 0x23, 0xc5, 0x23, 0xc5,
    0x23, 0xc5, 0x23, 0xc5, 0x23, 0xc5, 0x23, 0xc5, 0x23, 0xc5, 0x23, 0xc5,
    0x23, 0xc5, 0x23, 0xc5, 0x23, 0xc5, 0x23, 0xc5, 0x23, 0xc5, 0x23, 0xc5,
    0x23, 0xc5, 0x23, 0xc5, 0x23, 0xc5, 0x23, 0xc5, 0x23, 0xc5, 0x23, 0xc5,
    0x23, 0xc5, 0x23, 0xc5, 0x23, 0xc5, 0x23, 0xc5, 0x23, 0xc5, 0x23, 0xc5,
    0x23, 0xc5, 0x23, 0xc5, 0x0d, 0xd6, 0x3a, 0xef, 0x9e, 0xf7, 0x9e, 0xf7,
    0x9e, 0xf7, 0x9e, 0xf7, 0x9e, 0xf7, 0x9e, 0xf7, 0x9e, 0xf7, 0x9e, 0xf7,
    0x9e, 0xf7, 0x9e, 0xf7, 0x9e, 0xf7, 0x9e, 0xf7, 0x9e, 0xf7, 0x9e, 0xf7,
    0x9e, 0xf7, 0x9e, 0xf7, 0x9e, 0xf7, 0x9e, 0xf7, 0x9e, 0xf7, 0x9e, 0xf7,
    0x9e, 0xf7, 0x9e, 0xf7, 0x9e, 0xf7, 0x9e, 0xf7, 0x9e, 0xf7, 0x9e, 0xf7,
    0x9e, 0xf7, 0x9e, 0xf7, 0x9e, 0xf7, 0x9e, 0xf7, 0x9e, 0xf7, 0x9e, 0xf7,
    0x9e, 0xf7, 0x9e, 0xf7, 0x9e, 0xf7, 0x9e, 0xf7, 0x9e, 0xf7, 0x9e, 0xf7,
    0x9e, 0xf7, 0x9e, 0xf7, 0x9e, 0xf7, 0x9e, 0xf7, 0x9e, 0xf7, 0x9e, 0xf7,
    0x9e, 0xf7, 0x9e, 0xf7, 0x9e, 0xf7, 0x9e, 0xf7, 0x9e, 0xf7, 0x9e, 0xf7,
    0x9e, 0xf7, 0x9e, 0xf7, 0x9e, 0xf7, 0x9e, 0xf7, 0x17, 0xef, 0x0b, 0xde,
    0xa4, 0xd5, 0xa4, 0xd5, 0xa4, 0xd5, 0xa4, 0xd5, 0xa4, 0xd5, 0xa4, 0xd5,
    0xa4, 0xd5, 0xa4, 0xd5, 0xa5, 0xd5, 0xa5, 0xd5, 0xa5, 0xd5, 0xa5, 0xd5,
    0xc5, 0xd5, 0xc5, 0xd5, 0xc5, 0xd5, 0xc5, 0xd5, 0xc5, 0xd5, 0xc5, 0xd5,
    0xc5, 0xd5, 0xc5, 0xd5, 0xc5, 0xd5, 0xc5, 0xd5, 0xc5, 0xd5, 0xe5, 0xd5,
    0xe5, 0xd5, 0xe5, 0xd5, 0xe5, 0xd5, 0xe5, 0xd5, 0xe6, 0xd5, 0xe6, 0xdd,
    0xe6, 0xdd, 0xe6, 0xdd, 0xe6, 0xdd, 0x06, 0xde, 0x06, 0xde, 0x06, 0xde,
    0x06, 0xde, 0x06, 0xde, 0x06, 0xde, 0x06, 0xde, 0x06, 0xde, 0x06, 0xde,
    0x06, 0xde, 0x06, 0xde, 0x26, 0xde, 0x23, 0xc5, 0x23, 0xc5, 0x23, 0xc5,
    0x23, 0xc5, 0x23, 0xc5, 0x23, 0xc5, 0x23, 0xc5, 0x23, 0xc5, 0x23, 0xc5,
    0x23, 0xc5, 0x23, 0xc5, 0x23, 0xc5, 0x23, 0xc5, 0x23, 0xc5, 0x23, 0xc5,
    0x23, 0xc5, 0x23, 0xc5, 0x23, 0xc5, 0x23, 0xc5, 0x23, 0xc5, 0x23, 0xc5,
    0x23, 0xc5, 0x23, 0xc5, 0x23, 0xc5, 0x23, 0xc5, 0x23, 0xc5, 0x23, 0xc5,
    0x23, 0xc5, 0x23, 0xc5, 0x23, 0xc5, 0x23, 0xc5, 0x23, 0xc5, 0x23, 0xc5,
    0x23, 0xc5, 0x23, 0xc5, 0x23, 0xc5, 0x23, 0xc5, 0x23, 0xc5, 0x23, 0xc5,
    0x23, 0xc5, 0x23, 0xc5, 0x23, 0xc5, 0x23, 0xc5, 0x23, 0xc5, 0x23, 0xc5,
    0x0d, 0xd6, 0x3a, 0xef, 0x9e, 0xf7, 0x9e, 0xf7, 0x9e, 0xf7, 0x9e, 0xf7,
    0x9e, 0xf7, 0x9e, 0xf7, 0x9e, 0xf7, 0x9e, 0xf7, 0x9e, 0xf7, 0x9e, 0xf7,
    0x9e, 0xf7, 0x9e, 0xf7, 0x9e, 0xf7, 0x9e, 0xf7, 0x9e, 0xf7, 0x9e, 0xf7,
    0x9e, 0xf7, 0x9e, 0xf7, 0x9e, 0xf7, 0x9e, 0xf7, 0x9e, 0xf7, 0x9e, 0xf7,
    0x9e, 0xf7, 0x9e, 0xf7, 0x9e, 0xf7, 0x9e, 0xf7, 0x9e, 0xf7, 0x9e, 0xf7,
    0x9e, 0xf7, 0x9e, 0xf7, 0x9e, 0xf7, 0x9e, 0xf7, 0x9e, 0xf7, 0x9e, 0xf7,
    0x9e, 0xf7, 0x9e, 0xf7, 0x9e, 0xf7, 0x9e, 0xf7, 0x9e, 0xf7, 0x9e, 0xf7,
    0x9e, 0xf7, 0x9e, 0xf7, 0x9e, 0xf7, 0x9e, 0xf7, 0x9e, 0xf7, 0x9e, 0xf7,
    0x9e, 0xf7, 0x9e, 0xf7, 0x9e, 0xf7, 0x9e, 0xf7, 0x9e, 0xf7, 0x9e, 0xf7,
    0x9e, 0xf7, 0x9e, 0xf7, 0x9e, 0xf7, 0x9e, 0xf7, 0x9e, 0xf7, 0x9e, 0xf7,
    0x17, 0xef, 0x2b, 0xde, 0xa4, 0xd5, 0xa4, 0xd5, 0xa4, 0xd5, 0xa4, 0xd5,
    0xa4, 0xd5, 0xa4, 0xd5, 0xa5, 0xd5, 0xa5, 0xd5, 0xa5, 0xd5, 0xa5, 0xd5,
    0xc5, 0xd5, 0xc5, 0xd5, 0xc5, 0xd5, 0xc5, 0xd5, 0xc5, 0xd5, 0xc5, 0xd5,
    0xc5, 0xd5, 0xc5, 0xd5, 0xc5, 0xd5, 0xc5, 0xd5, 0xc5, 0xd5, 0xc5, 0xd5,
    0xe5, 0xd5, 0xe5, 0xd5, 0xe5, 0xd5, 0xe5, 0xd5, 0xe5, 0xd5, 0xe6, 0xd5,
    0xe6, 0xdd, 0xe6, 0xdd, 0xe6, 0xdd, 0xe6, 0xdd, 0x06, 0xde, 0x06, 0xde,
    0x06, 0xde, 0x06, 0xde, 0x06, 0xde, 0x06, 0xde, 0x06, 0xde, 0x06, 0xde,
    0x06, 0xde, 0x06, 0xde, 0x06, 0xde, 0x23, 0xc5, 0x23, 0xc5, 0x23, 0xc5,
    0x23, 0xc5, 0x23, 0xc5, 0x23, 0xc5, 0x23, 0xc5, 0x23, 0xc5, 0x23, 0xc5,
    0x23, 0xc5, 0x23, 0xc5, 0x23, 0xc5, 0x23, 0xc5, 0x23, 0xc5, 0x23, 0xc5,
    0x23, 0xc5, 0x23, 0xc5, 0x23, 0xc5, 0x23, 0xc5, 0x23, 0xc5, 0x23, 0xc5,
    0x23, 0xc5, 0x23, 0xc5, 0x23, 0xc5, 0x23, 0xc5, 0x23, 0xc5, 0x23, 0xc5,
    0x23, 0xc5, 0x23, 0xc5, 0x23, 0xc5, 0x23, 0xc5, 0x23, 0xc5, 0x23, 0xc5,
    0x23, 0xc5, 0x23, 0xc5, 0x23, 0xc5, 0x23, 0xc5, 0x23, 0xc5, 0x23, 0xc5,
    0x23, 0xc5, 0x23, 0xc5, 0x23, 0xc5, 0x23, 0xc5, 0x0d, 0xd6, 0x3a, 0xef,
    0x9e, 0xf7, 0x9e, 0xf7, 0x9e, 0xf7, 0x9e, 0xf7, 0x9e, 0xf7, 0x9e, 0xf7,
    0x9e, 0xf7, 0x9e, 0xf7, 0x9e, 0xf7, 0x9e, 0xf7, 0x9e, 0xf7, 0x9e, 0xf7,
    0x9e, 0xf7, 0x9e, 0xf7, 0x9e, 0xf7, 0x9e, 0xf7, 0x9e, 0xf7, 0x9e, 0xf7,
    0x9e, 0xf7, 0x9e, 0xf7, 0x9e, 0xf7, 0x9e, 0xf7, 0x9e, 0xf7, 0x9e, 0xf7,
    0x9e, 0xf7, 0x9e, 0xf7, 0x9e, 0xf7, 0x9e, 0xf7, 0x9e, 0xf7, 0x9e, 0xf7,
    0x9e, 0xf7, 0x9e, 0xf7, 0x9e, 0xf7, 0x9e, 0xf7, 0x9e, 0xf7, 0x9e, 0xf7,
    0x9e, 0xf7, 0x9e, 0xf7, 0x9e, 0xf7, 0x9e, 0xf7, 0x9e, 0xf7, 0x9e, 0xf7,
    0x9e, 0xf7, 0x9e, 0xf7, 0x9e, 0xf7, 0x9e, 0xf7, 0x9e, 0xf7, 0x9e, 0xf7,
    0x9e, 0xf7, 0x9e, 0xf7, 0x9e, 0xf7, 0x9e, 0xf7, 0x9e, 0xf7, 0x9e, 0xf7,
    0x9e, 0xf7, 0x9e, 0xf7, 0x9e, 0xf7, 0x9e, 0xf7, 0x9e, 0xf7, 0x9e, 0xf7,
    0x9e, 0xf7, 0x9e, 0xf7, 0x17, 0xef, 0x2b, 0xde, 0xa4, 0xd5, 0xa4, 0xd5,
    0xa4, 0xd5, 0xa4, 0xd5, 0xa4, 0xd5, 0xa5, 0xd5, 0xa5, 0xd5, 0xa5, 0xd5,
    0xa5, 0xd5, 0xc5, 0xd5, 0xc5, 0xd5, 0xc5, 0xd5, 0xc5, 0xd5, 0xc5, 0xd5,
    0xc5, 0xd5, 0xc5, 0xd5, 0xc5, 0xd5, 0xc5, 0xd5, 0xc5, 0xd5, 0xc5, 0xd5,
    0xc5, 0xd5, 0xe5, 0xd5, 0xe5, 0xd5, 0xe5, 0xd5, 0xe5, 0xd5, 0xe5, 0xd5,
    0xe6, 0xd5, 0xe6, 0xdd, 0xe6, 0xdd, 0xe6, 0xdd, 0xe6, 0xdd, 0x06, 0xde,
    0x06, 0xde, 0x06, 0xde, 0x06, 0xde, 0x06, 0xde, 0x06, 0xde, 0x06, 0xde,
    0x06, 0xde, 0x06, 0xde, 0x06, 0xde, 0x23, 0xc5, 0x23, 0xc5, 0x23, 0xc5,
    0x23, 0xc5, 0x23, 0xc5, 0x23, 0xc5, 0x23, 0xc5, 0x23, 0xc5, 0x23, 0xc5,
    0x23, 0xc5, 0x23, 0xc5, 0x23, 0xc5, 0x23, 0xc5, 0x23, 0xc5, 0x23, 0xc5,
    0x23, 0xc5, 0x23, 0xc5, 0x23, 0xc5, 0x23, 0xc5, 0x23, 0xc5, 0x23, 0xc5,
    0x23, 0xc5, 0x23, 0xc5, 0x23, 0xc5, 0x23, 0xc5, 0x23, 0xc5, 0x23, 0xc5,
    0x23, 0xc5, 0x23, 0xc5, 0x23, 0xc5, 0x23, 0xc5, 0x23, 0xc5, 0x23, 0xc5,
    0x23, 0xc5, 0x23, 0xc5, 0x23, 0xc5, 0x23, 0xc5, 0x23, 0xc5, 0x23, 0xc5,
    0x23, 0xc5, 0x23, 0xc5, 0xc9, 0xcd, 0x3a, 0xef, 0x9e, 0xf7, 0x9e, 0xf7,
    0x9e, 0xf7, 0x9e, 0xf7, 0x9e, 0xf7, 0x9e, 0xf7, 0x9e, 0xf7, 0x9e, 0xf7,
    0x9e, 0xf7, 0x9e, 0xf7, 0x9e, 0xf7, 0x9e, 0xf7, 0x9e, 0xf7, 0x9e, 0xf7,
    0x9e, 0xf7, 0x9e, 0xf7, 0x9e, 0xf7, 0x9e, 0xf7, 0x9e, 0xf7, 0x9e, 0xf7,
    0x9e, 0xf7, 0x9e, 0xf7, 0x9e, 0xf7, 0x9e, 0xf7, 0x9e, 0xf7, 0x9e, 0xf7,
    0x9e, 0xf7, 0x9e, 0xf7, 0x9e, 0xf7, 0x9e, 0xf7, 0x9e, 0xf7, 0x9e, 0xf7,
    0x9e, 0xf7, 0x9e, 0xf7, 0x9e, 0xf7, 0x9e, 0xf7, 0x9e, 0xf7, 0x9e, 0xf7,
    0x9e, 0xf7, 0x9e, 0xf7, 0x9e, 0xf7, 0x9e, 0xf7, 0x9e, 0xf7, 0x9e, 0xf7,
    0x9e, 0xf7, 0x9e, 0xf7, 0x9e, 0xf7, 0x9e, 0xf7, 0x9e, 0xf7, 0x9e, 0xf7,
    0x9e, 0xf7, 0x9e, 0xf7, 0x9e, 0xf7, 0x9e, 0xf7, 0x9e, 0xf7, 0x9e, 0xf7,
    0x9e, 0xf7, 0x9e, 0xf7, 0x9e, 0xf7, 0x9e, 0xf7, 0x9e, 0xf7, 0x9e, 0xf7,
    0x9e, 0xf7, 0x9e, 0xf7, 0x9e, 0xf7, 0x9e, 0xf7, 0x17, 0xef, 0x2b, 0xde,
    0xa4, 0xd5, 0xa4, 0xd5, 0xa4, 0xd5, 0xa5, 0xd5, 0xa5, 0xd5, 0xa5, 0xd5,
    0xa5, 0xd5, 0xa5, 0xd5, 0xc5, 0xd5, 0xc5, 0xd5, 0xc5, 0xd5, 0xc5, 0xd5,
    0xc5, 0xd5, 0xc5, 0xd5, 0xc5, 0xd5, 0xc5, 0xd5, 0xc5, 0xd5, 0xc5, 0xd5,
    0xc5, 0xd5, 0xe5, 0xd5, 0xe5, 0xd5, 0xe5, 0xd5, 0xe5, 0xd5, 0xe5, 0xd5,
    0xe5, 0xd5, 0xe6, 0xd5, 0xe6, 0xdd, 0xe6, 0xdd, 0xe6, 0xdd, 0xe6, 0xdd,
    0x06, 0xde, 0x06, 0xde, 0x06, 0xde, 0x06, 0xde, 0x06, 0xde, 0x06, 0xde,
    0x06, 0xde, 0x06, 0xde, 0x06, 0xde, 0x23, 0xc5, 0x23, 0xc5, 0x23, 0xc5,
    0x23, 0xc5, 0x23, 0xc5, 0x23, 0xc5, 0x23, 0xc5, 0x23, 0xc5, 0x23, 0xc5,
    0x23, 0xc5, 0x23, 0xc5, 0x23, 0xc5, 0x23, 0xc5, 0x23, 0xc5, 0x23, 0xc5,
    0x23, 0xc5, 0x23, 0xc5, 0x23, 0xc5, 0x23, 0xc5, 0x23, 0xc5, 0x23, 0xc5,
    0x23, 0xc5, 0x23, 0xc5, 0x23, 0xc5, 0x23, 0xc5, 0x23, 0xc5, 0x23, 0xc5,
    0x23, 0xc5, 0x23, 0xc5, 0x23, 0xc5, 0x23, 0xc5, 0x23, 0xc5, 0x23, 0xc5,
    0x23, 0xc5, 0x23, 0xc5, 0x23, 0xc5, 0x23, 0xc5, 0x23, 0xc5, 0x23, 0xc5,
    0xc9, 0xcd, 0xf7, 0xe6, 0x9e, 0xf7, 0x9e, 0xf7, 0x9e, 0xf7, 0x9e, 0xf7,
    0x9e, 0xf7, 0x9e, 0xf7, 0x9e, 0xf7, 0x9e, 0xf7, 0x9e, 0xf7, 0x9e, 0xf7,
    0x9e, 0xf7, 0x9e, 0xf7, 0x9e, 0xf7, 0x9e, 0xf7, 0x9e, 0xf7, 0x9e, 0xf7,
    0x9e, 0xf7, 0x9e, 0xf7, 0x9e, 0xf7, 0x9e, 0xf7, 0x9e, 0xf7, 0x9e, 0xf7,
    0x9e, 0xf7, 0x9e, 0xf7, 0x9e, 0xf7, 0x9e, 0xf7, 0x9e, 0xf7, 0x9e, 0xf7,
    0x9e, 0xf7, 0x9e, 0xf7, 0x9e, 0xf7, 0x9e, 0xf7, 0x9e, 0xf7, 0x9e, 0xf7,
    0x9e, 0xf7, 0x9e, 0xf7, 0x9e, 0xf7, 0x9e, 0xf7, 0x9e, 0xf7, 0x9e, 0xf7,
    0x9e, 0xf7, 0x9e, 0xf7, 0x9e, 0xf7, 0x9e, 0xf7, 0x9e, 0xf7, 0x9e, 0xf7,
    0x9e, 0xf7, 0x9e, 0xf7, 0x9e, 0xf7, 0x9e, 0xf7, 0x9e, 0xf7, 0x9e, 0xf7,
    0x9e, 0xf7, 0x9e, 0xf7, 0x9e, 0xf7, 0x9e, 0xf7, 0x9e, 0xf7, 0x9e, 0xf7,
    0x9e, 0xf7, 0x9e, 0xf7, 0x9e, 0xf7, 0x9e, 0xf7, 0x9e, 0xf7, 0x9e, 0xf7,
    0x9e, 0xf7, 0x9e, 0xf7, 0x9e, 0xf7, 0x9e, 0xf7, 0x9e, 0xf7, 0x9e, 0xf7,
    0x17, 0xef, 0x2b, 0xde, 0xa4, 0xd5, 0xa4, 0xd5, 0xa5, 0xd5, 0xa5, 0xd5,
    0xa5, 0xd5, 0xa5, 0xd5, 0xc5, 0xd5, 0xc5, 0xd5, 0xc5, 0xd5, 0xc5, 0xd5,
    0xc5, 0xd5, 0xc5, 0xd5, 0xc5, 0xd5, 0xc5, 0xd5, 0xc5, 0xd5, 0xc5, 0xd5,
    0xc5, 0xd5, 0xc5, 0xd5, 0xe5, 0xd5, 0xe5, 0xd5, 0xe5, 0xd5, 0xe5, 0xd5,
    0xe5, 0xd5, 0xe5, 0xd5, 0xe6, 0xd5, 0xe6, 0xdd, 0xe6, 0xdd, 0xe6, 0xdd,
    0xe6, 0xdd, 0x06, 0xde, 0x06, 0xde, 0x06, 0xde, 0x06, 0xde, 0x06, 0xde,
    0x06, 0xde, 0x06, 0xde, 0x06, 0xde, 0x23, 0xc5, 0x23, 0xc5, 0x23, 0xc5,
    0x23, 0xc5, 0x23, 0xc5, 0x23, 0xc5, 0x23, 0xc5, 0x23, 0xc5, 0x23, 0xc5,
    0x23, 0xc5, 0x23, 0xc5, 0x23, 0xc5, 0x23, 0xc5, 0x23, 0xc5, 0x23, 0xc5,
    0x23, 0xc5, 0x23, 0xc5, 0x23, 0xc5, 0x23, 0xc5, 0x23, 0xc5, 0x23, 0xc5,
    0x23, 0xc5, 0x23, 0xc5, 0x23, 0xc5, 0x23, 0xc5, 0x23, 0xc5, 0x23, 0xc5,
    0x23, 0xc5, 0x23, 0xc5, 0x23, 0xc5, 0x23, 0xc5, 0x23, 0xc5, 0x23, 0xc5,
    0x23, 0xc5, 0x23, 0xc5, 0x23, 0xc5, 0x23, 0xc5, 0xc9, 0xcd, 0xf7, 0xe6,
    0x9e, 0xf7, 0x9e, 0xf7, 0x9e, 0xf7, 0x9e, 0xf7, 0x9e, 0xf7, 0x9e, 0xf7,
    0x9e, 0xf7, 0x9e, 0xf7, 0x9e, 0xf7, 0x9e, 0xf7, 0x9e, 0xf7, 0x9e, 0xf7,
    0x9e, 0xf7, 0x9e, 0xf7, 0x9e, 0xf7, 0x9e, 0xf7, 0x9e, 0xf7, 0x9e, 0xf7,
    0x9e, 0xf7, 0x9e, 0xf7, 0x9e, 0xf7, 0x9e, 0xf7, 0x9e, 0xf7, 0x9e, 0xf7,
    0x9e, 0xf7, 0x9e, 0xf7, 0x9e, 0xf7, 0x9e, 0xf7, 0x9e, 0xf7, 0x9e, 0xf7,
    0x9e, 0xf7, 0x9e, 0xf7, 0x9e, 0xf7, 0x9e, 0xf7, 0x9e, 0xf7, 0x9e, 0xf7,
    0x9e, 0xf7, 0x9e, 0xf7, 0x9e, 0xf7, 0x9e, 0xf7, 0x9e, 0xf7, 0x9e, 0xf7,
    0x9e, 0xf7, 0x9e, 0xf7, 0x9e, 0xf7, 0x9e, 0xf7, 0x9e, 0xf7, 0x9e, 0xf7,
    0x9e, 0xf7, 0x9e, 0xf7, 0x9e, 0xf7, 0x9e, 0xf7, 0x9e, 0xf7, 0x9e, 0xf7,
    0x9e, 0xf7, 0x9e, 0xf7, 0x9e, 0xf7, 0x9e, 0xf7, 0x9e, 0xf7, 0x9e, 0xf7,
    0x9e, 0xf7, 0x9e, 0xf7, 0x9e, 0xf7, 0x9e, 0xf7, 0x9e, 0xf7, 0x9e, 0xf7,
    0x9e, 0xf7, 0x9e, 0xf7, 0x9e, 0xf7, 0x9e, 0xf7, 0x9e, 0xf7, 0x9e, 0xf7,
    0x9e, 0xf7, 0x9e, 0xf7, 0x17, 0xef, 0x2b, 0xde, 0xa4, 0xd5, 0xa5, 0xd5,
    0xa5, 0xd5, 0xa5, 0xd5, 0xa5, 0xd5, 0xc5, 0xd5, 0xc5, 0xd5, 0xc5, 0xd5,
    0xc5, 0xd5, 0xc5, 0xd5, 0xc5, 0xd5, 0xc5, 0xd5, 0xc5, 0xd5, 0xc5, 0xd5,
    0xc5, 0xd5, 0xc5, 0xd5, 0xc5, 0xd5, 0xe5, 0xd5, 0xe5, 0xd5, 0xe5, 0xd5,
    0xe5, 0xd5, 0xe5, 0xd5, 0xe5, 0xd5, 0xe6, 0xd5, 0xe6, 0xdd, 0xe6, 0xdd,
    0xe6, 0xdd, 0xe6, 0xdd, 0x06, 0xde, 0x06, 0xde, 0x06, 0xde, 0x06, 0xde,
    0x06, 0xde, 0x06, 0xde, 0x06, 0xde, 0x23, 0xc5, 0x23, 0xc5, 0x23, 0xc5,
    0x23, 0xc5, 0x23, 0xc5, 0x23, 0xc5, 0x23, 0xc5, 0x23, 0xc5, 0x23, 0xc5,
    0x23, 0xc5, 0x23, 0xc5, 0x23, 0xc5, 0x23, 0xc5, 0x23, 0xc5, 0x23, 0xc5,
    0x23, 0xc5, 0x23, 0xc5, 0x23, 0xc5, 0x23, 0xc5, 0x23, 0xc5, 0x23, 0xc5,
    0x23, 0xc5, 0x23, 0xc5, 0x23, 0xc5, 0x23, 0xc5, 0x23, 0xc5, 0x23, 0xc5,
    0x23, 0xc5, 0x23, 0xc5, 0x23, 0xc5, 0x23, 0xc5, 0x23, 0xc5, 0x23, 0xc5,
    0x23, 0xc5, 0x23, 0xc5, 0xc9, 0xcd, 0xf7, 0xe6, 0x9e, 0xf7, 0x9e, 0xf7,
    0x9e, 0xf7, 0x9e, 0xf7, 0x9e, 0xf7, 0x9e, 0xf7, 0x9e, 0xf7, 0x9e, 0xf7,
    0x9e, 0xf7, 0x9e, 0xf7, 0x9e, 0xf7, 0x9e, 0xf7, 0x9e, 0xf7, 0x9e, 0xf7,
    0x9e, 0xf7, 0x9e, 0xf7, 0x9e, 0xf7, 0x9e, 0xf7, 0x9e, 0xf7, 0x9e, 0xf7,
    0x9e, 0xf7, 0x9e, 0xf7, 0x9e, 0xf7, 0x9e, 0xf7, 0x9e, 0xf7, 0x9e, 0xf7,
    0x9e, 0xf7, 0x9e, 0xf7, 0x9e, 0xf7, 0x9e, 0xf7, 0x9e, 0xf7, 0x9e, 0xf7,
    0x9e, 0xf7, 0x9e, 0xf7, 0x9e, 0xf7, 0x9e, 0xf7, 0x9e, 0xf7, 0x9e, 0xf7,
    0x9e, 0xf7, 0x9e, 0xf7, 0x9e, 0xf7, 0x9e, 0xf7, 0x9e, 0xf7, 0x9e, 0xf7,
    0x9e, 0xf7, 0x9e, 0xf7, 0x9e, 0xf7, 0x9e, 0xf7, 0x9e, 0xf7, 0x9e, 0xf7,
    0x9e, 0xf7, 0x9e, 0xf7, 0x9e, 0xf7, 0x9e, 0xf7, 0x9e, 0xf7, 0x9e, 0xf7,
    0x9e, 0xf7, 0x9e, 0xf7, 0x9e, 0xf7, 0x9e, 0xf7, 0x9e, 0xf7, 0x9e, 0xf7,
    0x9e, 0xf7, 0x9e, 0xf7, 0x9e, 0xf7, 0x9e, 0xf7, 0x9e, 0xf7, 0x9e, 0xf7,
    0x9e, 0xf7, 0x9e, 0xf7, 0x9e, 0xf7, 0x9e, 0xf7, 0x9e, 0xf7, 0x9e, 0xf7,
    0x9e, 0xf7, 0x9e, 0xf7, 0x9e, 0xf7, 0x9e, 0xf7, 0x17, 0xef, 0x2b, 0xde,
    0xa5, 0xd5, 0xa5, 0xd5, 0xa5, 0xd5, 0xc5, 0xd5, 0xc5, 0xd5, 0xc5, 0xd5,
    0xc5, 0xd5, 0xc5, 0xd5, 0xc5, 0xd5, 0xc5, 0xd5, 0xc5, 0xd5, 0xc5, 0xd5,
    0xc5, 0xd5, 0xc5, 0xd5, 0xc5, 0xd5, 0xc5, 0xd5, 0xe5, 0xd5, 0xe5, 0xd5,
    0xe5, 0xd5, 0xe5, 0xd5, 0xe5, 0xd5, 0xe6, 0xd5, 0xe6, 0xd5, 0xe6, 0xdd,
    0xe6, 0xdd, 0xe6, 0xdd, 0xe6, 0xdd, 0x06, 0xde, 0x06, 0xde, 0x06, 0xde,
    0x06, 0xde, 0x06, 0xde, 0x06, 0xde, 0x23, 0xc5, 0x23, 0xc5, 0x23, 0xc5,
    0x23, 0xc5, 0x23, 0xc5, 0x23, 0xc5, 0x23, 0xc5, 0x23, 0xc5, 0x23, 0xc5,
    0x23, 0xc5, 0x23, 0xc5, 0x23, 0xc5, 0x23, 0xc5, 0x23, 0xc5, 0x23, 0xc5,
    0x23, 0xc5, 0x23, 0xc5, 0x23, 0xc5, 0x23, 0xc5, 0x23, 0xc5, 0x23, 0xc5,
    0x23, 0xc5, 0x23, 0xc5, 0x23, 0xc5, 0x23, 0xc5, 0x23, 0xc5, 0x23, 0xc5,
    0x23, 0xc5, 0x23, 0xc5, 0x23, 0xc5, 0x23, 0xc5, 0x23, 0xc5, 0x23, 0xc5,
    0x86, 0xcd, 0xd5, 0xe6, 0x9e, 0xf7, 0x9e, 0xf7, 0x9e, 0xf7, 0x9e, 0xf7,
    0x9e, 0xf7, 0x9e, 0xf7, 0x9e, 0xf7, 0x9e, 0xf7, 0x9e, 0xf7, 0x9e, 0xf7,
    0x9e, 0xf7, 0x9e, 0xf7, 0x9e, 0xf7, 0x9e, 0xf7, 0x9e, 0xf7, 0x9e, 0xf7,
    0x9e, 0xf7, 0x9e, 0xf7, 0x9e, 0xf7, 0x9e, 0xf7, 0x9e, 0xf7, 0x9e, 0xf7,
    0x9e, 0xf7, 0x9e, 0xf7, 0x9e, 0xf7, 0x9e, 0xf7, 0x9e, 0xf7, 0x9e, 0xf7,
    0x9e, 0xf7, 0x9e, 0xf7, 0x9e, 0xf7, 0x9e, 0xf7, 0x9e, 0xf7, 0x9e, 0xf7,
    0x9e, 0xf7, 0x9e, 0xf7, 0x9e, 0xf7, 0x9e, 0xf7, 0x9e, 0xf7, 0x9e, 0xf7,
    0x9e, 0xf7, 0x9e, 0xf7, 0x9e, 0xf7, 0x9e, 0xf7, 0x9e, 0xf7, 0x9e, 0xf7,
    0x9e, 0xf7, 0x9e, 0xf7, 0x9e, 0xf7, 0x9e, 0xf7, 0x9e, 0xf7, 0x9e, 0xf7,
    0x9e, 0xf7, 0x9e, 0xf7, 0x9e, 0xf7, 0x9e, 0xf7, 0x9e, 0xf7, 0x9e, 0xf7,
    0x9e, 0xf7, 0x9e, 0xf7, 0x9e, 0xf7, 0x9e, 0xf7, 0x9e, 0xf7, 0x9e, 0xf7,
    0x9e, 0xf7, 0x9e, 0xf7, 0x9e, 0xf7, 0x9e, 0xf7, 0x9e, 0xf7, 0x9e, 0xf7,
    0x9e, 0xf7, 0x9e, 0xf7, 0x9e, 0xf7, 0x9e, 0xf7, 0x9e, 0xf7, 0x9e, 0xf7,
    0x9e, 0xf7, 0x9e, 0xf7, 0x9e, 0xf7, 0x9e, 0xf7, 0x9e, 0xf7, 0x9e, 0xf7,
    0x17, 0xef, 0x2b, 0xde, 0xa5, 0xd5, 0xa5, 0xd5, 0xc5, 0xd5, 0xc5, 0xd5,
    0xc5, 0xd5, 0xc5, 0xd5, 0xc5, 0xd5, 0xc5, 0xd5, 0xc5, 0xd5, 0xc5, 0xd5,
    0xc5, 0xd5, 0xc5, 0xd5, 0xc5, 0xd5, 0xc5, 0xd5, 0xc5, 0xd5, 0xe5, 0xd5,
    0xe5, 0xd5, 0xe5, 0xd5, 0xe5, 0xd5, 0xe5, 0xd5, 0xe5, 0xd5, 0xe6, 0xd5,
    0xe6, 0xdd, 0xe6, 0xdd, 0xe6, 0xdd, 0xe6, 0xdd, 0xe6, 0xdd, 0x06, 0xde,
    0x06, 0xde, 0x06, 0xde, 0x06, 0xde, 0x23, 0xc5, 0x23, 0xc5, 0x23, 0xc5,
    0x23, 0xc5, 0x23, 0xc5, 0x23, 0xc5, 0x23, 0xc5, 0x23, 0xc5, 0x23, 0xc5,
    0x23, 0xc5, 0x23, 0xc5, 0x23, 0xc5, 0x23, 0xc5, 0x23, 0xc5, 0x23, 0xc5,
    0x23, 0xc5, 0x23, 0xc5, 0x23, 0xc5, 0x23, 0xc5, 0x23, 0xc5, 0x23, 0xc5,
    0x23, 0xc5, 0x23, 0xc5, 0x23, 0xc5, 0x23, 0xc5, 0x23, 0xc5, 0x23, 0xc5,
    0x23, 0xc5, 0x23, 0xc5, 0x23, 0xc5, 0x23, 0xc5, 0x86, 0xcd, 0xb3, 0xde,
    0x9e, 0xf7, 0x9e, 0xf7, 0x9e, 0xf7, 0x9e, 0xf7, 0x9e, 0xf7, 0x9e, 0xf7,
    0x9e, 0xf7, 0x9e, 0xf7, 0x9e, 0xf7, 0x9e, 0xf7, 0x9e, 0xf7, 0x9e, 0xf7,
    0x9e, 0xf7, 0x9e, 0xf7, 0x9e, 0xf7, 0x9e, 0xf7, 0x9e, 0xf7, 0x9e, 0xf7,
    0x9e, 0xf7, 0x9e, 0xf7, 0x9e, 0xf7, 0x9e, 0xf7, 0x9e, 0xf7, 0x9e, 0xf7,
    0x9e, 0xf7, 0x9e, 0xf7, 0x9e, 0xf7, 0x9e, 0xf7, 0x9e, 0xf7, 0x9e, 0xf7,
    0x9e, 0xf7, 0x9e, 0xf7, 0x9e, 0xf7, 0x9e, 0xf7, 0x9e, 0xf7, 0x9e, 0xf7,
    0x9e, 0xf7, 0x9e, 0xf7, 0x9e, 0xf7, 0x9e, 0xf7, 0x9e, 0xf7, 0x9e, 0xf7,
    0x9e, 0xf7, 0x9e, 0xf7, 0x9e, 0xf7, 0x9e, 0xf7, 0x9e, 0xf7, 0x9e, 0xf7,
    0x9e, 0xf7, 0x9e, 0xf7, 0x9e, 0xf7, 0x9e, 0xf7, 0x9e, 0xf7, 0x9e, 0xf7,
    0x9e, 0xf7, 0x9e, 0xf7, 0x9e, 0xf7, 0x9e, 0xf7, 0x9e, 0xf7, 0x9e, 0xf7,
    0x9e, 0xf7, 0x9e, 0xf7, 0x9e, 0xf7, 0x9e, 0xf7, 0x9e, 0xf7, 0x9e, 0xf7,
    0x9e, 0xf7, 0x9e, 0xf7, 0x9e, 0xf7, 0x9e, 0xf7, 0x9e, 0xf7, 0x9e, 0xf7,
    0x9e, 0xf7, 0x9e, 0xf7, 0x9e, 0xf7, 0x9e, 0xf7, 0x9e, 0xf7, 0x9e, 0xf7,
    0x9e, 0xf7, 0x9e, 0xf7, 0x9e, 0xf7, 0x9e, 0xf7, 0x9e, 0xf7, 0x9e, 0xf7,
    0x9e, 0xf7, 0x9e, 0xf7, 0x17, 0xef, 0x2b, 0xde, 0xa5, 0xd5, 0xc5, 0xd5,
    0xc5, 0xd5, 0xc5, 0xd5, 0xc5, 0xd5, 0xc5, 0xd5, 0xc5, 0xd5, 0xc5, 0xd5,
    0xc5, 0xd5, 0xc5, 0xd5, 0xc5, 0xd5, 0xc5, 0xd5, 0xc5, 0xd5, 0xc5, 0xd5,
    0xe5, 0xd5, 0xe5, 0xd5, 0xe5, 0xd5, 0xe5, 0xd5, 0xe5, 0xd5, 0xe5, 0xd5,
    0xe6, 0xd5, 0xe6, 0xdd, 0xe6, 0xdd, 0xe6, 0xdd, 0xe6, 0xdd, 0xe6, 0xdd,
    0x06, 0xde, 0x06, 0xde, 0x06, 0xde, 0x23, 0xc5, 0x23, 0xc5, 0x23, 0xc5,
    0x23, 0xc5, 0x23, 0xc5, 0x23, 0xc5, 0x23, 0xc5, 0x23, 0xc5, 0x23, 0xc5,
    0x23, 0xc5, 0x23, 0xc5, 0x23, 0xc5, 0x23, 0xc5, 0x23, 0xc5, 0x23, 0xc5,
    0x23, 0xc5, 0x23, 0xc5, 0x23, 0xc5, 0x23, 0xc5, 0x23, 0xc5, 0x23, 0xc5,
    0x23, 0xc5, 0x23, 0xc5, 0x23, 0xc5, 0x23, 0xc5, 0x23, 0xc5, 0x23, 0xc5,
    0x23, 0xc5, 0x23, 0xc5, 0x86, 0xcd, 0xb3, 0xde, 0x9e, 0xf7, 0x9e, 0xf7,
    0x9e, 0xf7, 0x9e, 0xf7, 0x9e, 0xf7, 0x9e, 0xf7, 0x9e, 0xf7, 0x9e, 0xf7,
    0x9e, 0xf7, 0x9e, 0xf7, 0x9e, 0xf7, 0x9e, 0xf7, 0x9e, 0xf7, 0x9e, 0xf7,
    0x9e, 0xf7, 0x9e, 0xf7, 0x9e, 0xf7, 0x9e, 0xf7, 0x9e, 0xf7, 0x9e, 0xf7,
    0x9e, 0xf7, 0x9e, 0xf7, 0x9e, 0xf7, 0x9e, 0xf7, 0x9e, 0xf7, 0x9e, 0xf7,
    0x9e, 0xf7, 0x9e, 0xf7, 0x9e, 0xf7, 0x9e, 0xf7, 0x9e, 0xf7, 0x9e, 0xf7,
    0x9e, 0xf7, 0x9e, 0xf7, 0x9e, 0xf7, 0x9e, 0xf7, 0x9e, 0xf7, 0x9e, 0xf7,
    0x9e, 0xf7, 0x9e, 0xf7, 0x9e, 0xf7, 0x9e, 0xf7, 0x9e, 0xf7, 0x9e, 0xf7,
    0x9e, 0xf7, 0x9e, 0xf7, 0x9e, 0xf7, 0x9e, 0xf7, 0x9e, 0xf7, 0x9e, 0xf7,
    0x9e, 0xf7, 0x9e, 0xf7, 0x9e, 0xf7, 0x9e, 0xf7, 0x9e, 0xf7, 0x9e, 0xf7,
    0x9e, 0xf7, 0x9e, 0xf7, 0x9e, 0xf7, 0x9e, 0xf7, 0x9e, 0xf7, 0x9e, 0xf7,
    0x9e, 0xf7, 0x9e, 0xf7, 0x9e, 0xf7, 0x9e, 0xf7, 0x9e, 0xf7, 0x9e, 0xf7,
    0x9e, 0xf7, 0x9e, 0xf7, 0x9e, 0xf7, 0x9e, 0xf7, 0x9e, 0xf7, 0x9e, 0xf7,
    0x9e, 0xf7, 0x9e, 0xf7, 0x9e, 0xf7, 0x9e, 0xf7, 0x9e, 0xf7, 0x9e, 0xf7,
    0x9e, 0xf7, 0x9e, 0xf7, 0x9e, 0xf7, 0x9e, 0xf7, 0x9e, 0xf7, 0x9e, 0xf7,
    0x9e, 0xf7, 0x9e, 0xf7, 0x9e, 0xf7, 0x9e, 0xf7, 0x17, 0xef, 0x2b, 0xde,
    0xc5, 0xd5, 0xc5, 0xd5, 0xc5, 0xd5, 0xc5, 0xd5, 0xc5, 0xd5, 0xc5, 0xd5,
    0xc5, 0xd5, 0xc5, 0xd5, 0xc5, 0xd5, 0xc5, 0xd5, 0xc5, 0xd5, 0xc5, 0xd5,
    0xc5, 0xd5, 0xe5, 0xd5, 0xe5, 0xd5, 0xe5, 0xd5, 0xe5, 0xd5, 0xe5, 0xd5,
    0xe5, 0xd5, 0xe6, 0xd5, 0xe6, 0xdd, 0xe6, 0xdd, 0xe6, 0xdd, 0xe6, 0xdd,
    0xe6, 0xdd, 0xe6, 0xdd, 0x06, 0xde, 0x23, 0xc5, 0x23, 0xc5, 0x23, 0xc5,
    0x23, 0xc5, 0x23, 0xc5, 0x23, 0xc5, 0x23, 0xc5, 0x23, 0xc5, 0x23, 0xc5,
    0x23, 0xc5, 0x23, 0xc5, 0x23, 0xc5, 0x23, 0xc5, 0x23, 0xc5, 0x23, 0xc5,
    0x23, 0xc5, 0x23, 0xc5, 0x23, 0xc5, 0x23, 0xc5, 0x23, 0xc5, 0x23, 0xc5,
    0x23, 0xc5, 0x23, 0xc5, 0x23, 0xc5, 0x23, 0xc5, 0x23, 0xc5, 0x23, 0xc5,
    0x86, 0xcd, 0xb3, 0xde, 0x9e, 0xf7, 0x9e, 0xf7, 0x9e, 0xf7, 0x9e, 0xf7,
    0x9e, 0xf7, 0x9e, 0xf7, 0x9e, 0xf7, 0x9e, 0xf7, 0x9e, 0xf7, 0x9e, 0xf7,
    0x9e, 0xf7, 0x9e, 0xf7, 0x9e, 0xf7, 0x9e, 0xf7, 0x9e, 0xf7, 0x9e, 0xf7,
    0x9e, 0xf7, 0x9e, 0xf7, 0x9e, 0xf7, 0x9e, 0xf7, 0x9e, 0xf7, 0x9e, 0xf7,
    0x9e, 0xf7, 0x9e, 0xf7, 0x9e, 0xf7, 0x9e, 0xf7, 0x9e, 0xf7, 0x9e, 0xf7,
    0x9e, 0xf7, 0x9e, 0xf7, 0x9e, 0xf7, 0x9e, 0xf7, 0x9e, 0xf7, 0x9e, 0xf7,
    0x9e, 0xf7, 0x9e, 0xf7, 0x9e, 0xf7, 0x9e, 0xf7, 0x9e, 0xf7, 0x9e, 0xf7,
    0x9e, 0xf7, 0x9e, 0xf7, 0x9e, 0xf7, 0x9e, 0xf7, 0x9e, 0xf7, 0x9e, 0xf7,
    0x9e, 0xf7, 0x9e, 0xf7, 0x9e, 0xf7, 0x9e, 0xf7, 0x9e, 0xf7, 0x9e, 0xf7,
    0x9e, 0xf7, 0x9e, 0xf7, 0x9e, 0xf7, 0x9e, 0xf7, 0x9e, 0xf7, 0x9e, 0xf7,
    0x9e, 0xf7, 0x9e, 0xf7, 0x9e, 0xf7, 0x9e, 0xf7, 0x9e, 0xf7, 0x9e, 0xf7,
    0x9e, 0xf7, 0x9e, 0xf7, 0x9e, 0xf7, 0x9e, 0xf7, 0x9e, 0xf7, 0x9e, 0xf7,
    0x9e, 0xf7, 0x9e, 0xf7, 0x9e, 0xf7, 0x9e, 0xf7, 0x9e, 0xf7, 0x9e, 0xf7,
    0x9e, 0xf7, 0x9e, 0xf7, 0x9e, 0xf7, 0x9e, 0xf7, 0x9e, 0xf7, 0x9e, 0xf7,
    0x9e, 0xf7, 0x9e, 0xf7, 0x9e, 0xf7, 0x9e, 0xf7, 0x9e, 0xf7, 0x9e, 0xf7,
    0x9e, 0xf7, 0x9e, 0xf7, 0x9e, 0xf7, 0x9e, 0xf7, 0x9e, 0xf7, 0x9e, 0xf7,
    0x17, 0xef, 0xe8, 0xd5, 0xc5, 0xd5, 0xc5, 0xd5, 0xc5, 0xd5, 0xc5, 0xd5,
    0xc5, 0xd5, 0xc5, 0xd5, 0xc5, 0xd5, 0xc5, 0xd5, 0xc5, 0xd5, 0xc5, 0xd5,
    0xc5, 0xd5, 0xe5, 0xd5, 0xe5, 0xd5, 0xe5, 0xd5, 0xe5, 0xd5, 0xe5, 0xd5,
    0xe5, 0xd5, 0xe5, 0xd5, 0xe6, 0xd5, 0xe6, 0xd5, 0xe6, 0xdd, 0xe6, 0xdd,
    0xe6, 0xdd, 0xe6, 0xdd, 0xe6, 0xdd, 0x23, 0xc5, 0x23, 0xc5, 0x23, 0xc5,
    0x23, 0xc5, 0x23, 0xc5, 0x23, 0xc5, 0x23, 0xc5, 0x23, 0xc5, 0x23, 0xc5,
    0x23, 0xc5, 0x23, 0xc5, 0x23, 0xc5, 0x23, 0xc5, 0x23, 0xc5, 0x23, 0xc5,
    0x23, 0xc5, 0x23, 0xc5, 0x23, 0xc5, 0x23, 0xc5, 0x23, 0xc5, 0x23, 0xc5,
    0x23, 0xc5, 0x23, 0xc5, 0x23, 0xc5, 0x23, 0xc5, 0x86, 0xcd, 0xb3, 0xde,
    0x9e, 0xf7, 0x9e, 0xf7, 0x9e, 0xf7, 0x9e, 0xf7, 0x9e, 0xf7, 0x9e, 0xf7,
    0x9e, 0xf7, 0x9e, 0xf7, 0x9e, 0xf7, 0x9e, 0xf7, 0x9e, 0xf7, 0x9e, 0xf7,
    0x9e, 0xf7, 0x9e, 0xf7, 0x9e, 0xf7, 0x9e, 0xf7, 0x9e, 0xf7, 0x9e, 0xf7,
    0x9e, 0xf7, 0x9e, 0xf7, 0x9e, 0xf7, 0x9e, 0xf7, 0x9e, 0xf7, 0x9e, 0xf7,
    0x9e, 0xf7, 0x9e, 0xf7, 0x9e, 0xf7, 0x9e, 0xf7, 0x9e, 0xf7, 0x9e, 0xf7,
    0x9e, 0xf7, 0x9e, 0xf7, 0x9e, 0xf7, 0x9e, 0xf7, 0x9e, 0xf7, 0x9e, 0xf7,
    0x9e, 0xf7, 0x9e, 0xf7, 0x9e, 0xf7, 0x9e, 0xf7, 0x9e, 0xf7, 0x9e, 0xf7,
    0x9e, 0xf7, 0x9e, 0xf7, 0x9e, 0xf7, 0x9e, 0xf7, 0x9e, 0xf7, 0x9e, 0xf7,
    0x9e, 0xf7, 0x9e, 0xf7, 0x9e, 0xf7, 0x9e, 0xf7, 0x9e, 0xf7, 0x9e, 0xf7,
    0x9e, 0xf7, 0x9e, 0xf7, 0x9e, 0xf7, 0x9e, 0xf7, 0x9e, 0xf7, 0x9e, 0xf7,
    0x9e, 0xf7, 0x9e, 0xf7, 0x9e, 0xf7, 0x9e, 0xf7, 0x9e, 0xf7, 0x9e, 0xf7,
    0x9e, 0xf7, 0x9e, 0xf7, 0x9e, 0xf7, 0x9e, 0xf7, 0x9e, 0xf7, 0x9e, 0xf7,
    0x9e, 0xf7, 0x9e, 0xf7, 0x9e, 0xf7, 0x9e, 0xf7, 0x9e, 0xf7, 0x9e, 0xf7,
    0x9e, 0xf7, 0x9e, 0xf7, 0x9e, 0xf7, 0x9e, 0xf7, 0x9e, 0xf7, 0x9e, 0xf7,
    0x9e, 0xf7, 0x9e, 0xf7, 0x9e, 0xf7, 0x9e, 0xf7, 0x9e, 0xf7, 0x9e, 0xf7,
    0x9e, 0xf7, 0x9e, 0xf7, 0x9e, 0xf7, 0x9e, 0xf7, 0x9e, 0xf7, 0x9e, 0xf7,
    0x9e, 0xf7, 0x9e, 0xf7, 0xd4, 0xe6, 0xe8, 0xd5, 0xc5, 0xd5, 0xc5, 0xd5,
    0xc5, 0xd5, 0xc5, 0xd5, 0xc5, 0xd5, 0xc5, 0xd5, 0xc5, 0xd5, 0xc5, 0xd5,
    0xc5, 0xd5, 0xc5, 0xd5, 0xe5, 0xd5, 0xe5, 0xd5, 0xe5, 0xd5, 0xe5, 0xd5,
    0xe5, 0xd5, 0xe5, 0xd5, 0xe5, 0xd5, 0xe6, 0xd5, 0xe6, 0xd5, 0xe6, 0xdd,
    0xe6, 0xdd, 0xe6, 0xdd, 0xe6, 0xdd, 0x23, 0xc5, 0x23, 0xc5, 0x23, 0xc5,
    0x23, 0xc5, 0x23, 0xc5, 0x23, 0xc5, 0x23, 0xc5, 0x23, 0xc5, 0x23, 0xc5,
    0x23, 0xc5, 0x23, 0xc5, 0x23, 0xc5, 0x23, 0xc5, 0x23, 0xc5, 0x23, 0xc5,
    0x23, 0xc5, 0x23, 0xc5, 0x23, 0xc5, 0x23, 0xc5, 0x23, 0xc5, 0x23, 0xc5,
    0x23, 0xc5, 0x23, 0xc5, 0x86, 0xcd, 0xb3, 0xde, 0x9e, 0xf7, 0x9e, 0xf7,
    0x9e, 0xf7, 0x9e, 0xf7, 0x9e, 0xf7, 0x9e, 0xf7, 0x9e, 0xf7, 0x9e, 0xf7,
    0x9e, 0xf7, 0x9e, 0xf7, 0x9e, 0xf7, 0x9e, 0xf7, 0x9e, 0xf7, 0x9e, 0xf7,
    0x9e, 0xf7, 0x9e, 0xf7, 0x9e, 0xf7, 0x9e, 0xf7, 0x9e, 0xf7, 0x9e, 0xf7,
    0x9e, 0xf7, 0x9e, 0xf7, 0x9e, 0xf7, 0x9e, 0xf7, 0x9e, 0xf7, 0x9e, 0xf7,
    0x9e, 0xf7, 0x9e, 0xf7, 0x9e, 0xf7, 0x9e, 0xf7, 0x9e, 0xf7, 0x9e, 0xf7,
    0x9e, 0xf7, 0x9e, 0xf7, 0x9e, 0xf7, 0x9e, 0xf7, 0x9e, 0xf7, 0x9e, 0xf7,
    0x9e, 0xf7, 0x9e, 0xf7, 0x9e, 0xf7, 0x9e, 0xf7, 0x9e, 0xf7, 0x9e, 0xf7,
    0x9e, 0xf7, 0x9e, 0xf7, 0x9e, 0xf7, 0x9e, 0xf7, 0x9e, 0xf7, 0x9e, 0xf7,
    0x9e, 0xf7, 0x9e, 0xf7, 0x9e, 0xf7, 0x9e, 0xf7, 0x9e, 0xf7, 0x9e, 0xf7,
    0x9e, 0xf7, 0x9e, 0xf7, 0x9e, 0xf7, 0x9e, 0xf7, 0x9e, 0xf7, 0x9e, 0xf7,
    0x9e, 0xf7, 0x9e, 0xf7, 0x9e, 0xf7, 0x9e, 0xf7, 0x9e, 0xf7, 0x9e, 0xf7,
    0x9e, 0xf7, 0x9e, 0xf7, 0x9e, 0xf7, 0x9e, 0xf7, 0x9e, 0xf7, 0x9e, 0xf7,
    0x9e, 0xf7, 0x9e, 0xf7, 0x9e, 0xf7, 0x9e, 0xf7, 0x9e, 0xf7, 0x9e, 0xf7,
    0x9e, 0xf7, 0x9e, 0xf7, 0x9e, 0xf7, 0x9e, 0xf7, 0x9e, 0xf7, 0x9e, 0xf7,
    0x9e, 0xf7, 0x9e, 0xf7, 0x9e, 0xf7, 0x9e, 0xf7, 0x9e, 0xf7, 0x9e, 0xf7,
    0x9e, 0xf7, 0x9e, 0xf7, 0x9e, 0xf7, 0x9e, 0xf7, 0x9e, 0xf7, 0x9e, 0xf7,
    0x9e, 0xf7, 0x9e, 0xf7, 0x9e, 0xf7, 0x9e, 0xf7, 0xd4, 0xe6, 0x08, 0xd6,
    0xc5, 0xd5, 0xc5, 0xd5, 0xc5, 0xd5, 0xc5, 0xd5, 0xc5, 0xd5, 0xc5, 0xd5,
    0xc5, 0xd5, 0xc5, 0xd5, 0xc5, 0xd5, 0xc5, 0xd5, 0xe5, 0xd5, 0xe5, 0xd5,
    0xe5, 0xd5, 0xe5, 0xd5, 0xe5, 0xd5, 0xe5, 0xd5, 0xe5, 0xd5, 0xe6, 0xd5,
    0xe6, 0xd5, 0xe6, 0xdd, 0xe6, 0xdd, 0x23, 0xc5, 0x23, 0xc5, 0x23, 0xc5,
    0x23, 0xc5, 0x23, 0xc5, 0x23, 0xc5, 0x23, 0xc5, 0x23, 0xc5, 0x23, 0xc5,
    0x23, 0xc5, 0x23, 0xc5, 0x23, 0xc5, 0x23, 0xc5, 0x23, 0xc5, 0x23, 0xc5,
    0x23, 0xc5, 0x23, 0xc5, 0x23, 0xc5, 0x23, 0xc5, 0x23, 0xc5, 0x23, 0xc5,
    0x86, 0xcd, 0xb3, 0xde, 0x9e, 0xf7, 0x9e, 0xf7, 0x9e, 0xf7, 0x9e, 0xf7,
    0x9e, 0xf7, 0x9e, 0xf7, 0x9e, 0xf7, 0x9e, 0xf7, 0x9e, 0xf7, 0x9e, 0xf7,
    0x9e, 0xf7, 0x9e, 0xf7, 0x9e, 0xf7, 0x9e, 0xf7, 0x9e, 0xf7, 0x9e, 0xf7,
    0x9e, 0xf7, 0x9e, 0xf7, 0x9e, 0xf7, 0x9e, 0xf7, 0x9e, 0xf7, 0x9e, 0xf7,
    0x9e, 0xf7, 0x9e, 0xf7, 0x9e, 0xf7, 0x9e, 0xf7, 0x9e, 0xf7, 0x9e, 0xf7,
    0x9e, 0xf7, 0x9e, 0xf7, 0x9e, 0xf7, 0x9e, 0xf7, 0x9e, 0xf7, 0x9e, 0xf7,
    0x9e, 0xf7, 0x9e, 0xf7, 0x9e, 0xf7, 0x9e, 0xf7, 0x9e, 0xf7, 0x9e, 0xf7,
    0x9e, 0xf7, 0x9e, 0xf7, 0x9e, 0xf7, 0x9e, 0xf7, 0x9e, 0xf7, 0x9e, 0xf7,
    0x9e, 0xf7, 0x9e, 0xf7, 0x9e, 0xf7, 0x9e, 0xf7, 0x9e, 0xf7, 0x9e, 0xf7,
    0x9e, 0xf7, 0x9e, 0xf7, 0x9e, 0xf7, 0x9e, 0xf7, 0x9e, 0xf7, 0x9e, 0xf7,
    0x9e, 0xf7, 0x9e, 0xf7, 0x9e, 0xf7, 0x9e, 0xf7, 0x9e, 0xf7, 0x9e, 0xf7,
    0x9e, 0xf7, 0x9e, 0xf7, 0x9e, 0xf7, 0x9e, 0xf7, 0x9e, 0xf7, 0x9e, 0xf7,
    0x9e, 0xf7, 0x9e, 0xf7, 0x9e, 0xf7, 0x9e, 0xf7, 0x9e, 0xf7, 0x9e, 0xf7,
    0x9e, 0xf7, 0x9e, 0xf7, 0x9e, 0xf7, 0x9e, 0xf7, 0x9e, 0xf7, 0x9e, 0xf7,
    0x9e, 0xf7, 0x9e, 0xf7, 0x9e, 0xf7, 0x9e, 0xf7, 0x9e, 0xf7, 0x9e, 0xf7,
    0x9e, 0xf7, 0x9e, 0xf7, 0x9e, 0xf7, 0x9e, 0xf7, 0x9e, 0xf7, 0x9e, 0xf7,
    0x9e, 0xf7, 0x9e, 0xf7, 0x9e, 0xf7, 0x9e, 0xf7, 0x9e, 0xf7, 0x9e, 0xf7,
    0x9e, 0xf7, 0x9e, 0xf7, 0x9e, 0xf7, 0x9e, 0xf7, 0x9e, 0xf7, 0x9e, 0xf7,
    0xd4, 0xe6, 0x08, 0xd6, 0xc5, 0xd5, 0xc5, 0xd5, 0xc5, 0xd5, 0xc5, 0xd5,
    0xc5, 0xd5, 0xc5, 0xd5, 0xc5, 0xd5, 0xc5, 0xd5, 0xc5, 0xd5, 0xe5, 0xd5,
    0xe5, 0xd5, 0xe5, 0xd5, 0xe5, 0xd5, 0xe5, 0xd5, 0xe5, 0xd5, 0xe5, 0xd5,
    0xe6, 0xd5, 0xe6, 0xd5, 0xe6, 0xdd, 0x23, 0xc5, 0x23, 0xc5, 0x23, 0xc5,
    0x23, 0xc5, 0x23, 0xc5, 0x23, 0xc5, 0x23, 0xc5, 0x23, 0xc5, 0x23, 0xc5,
    0x23, 0xc5, 0x23, 0xc5, 0x23, 0xc5, 0x23, 0xc5, 0x23, 0xc5, 0x23, 0xc5,
    0x23, 0xc5, 0x23, 0xc5, 0x23, 0xc5, 0x23, 0xc5, 0x86, 0xcd, 0xb3, 0xde,
    0x9e, 0xf7, 0x9e, 0xf7, 0x9e, 0xf7, 0x9e, 0xf7, 0x9e, 0xf7, 0x9e, 0xf7,
    0x9e, 0xf7, 0x9e, 0xf7, 0x9e, 0xf7, 0x9e, 0xf7, 0x9e, 0xf7, 0x9e, 0xf7,
    0x9e, 0xf7, 0x9e, 0xf7, 0x9e, 0xf7, 0x9e, 0xf7, 0x9e, 0xf7, 0x9e, 0xf7,
    0x9e, 0xf7, 0x9e, 0xf7, 0x9e, 0xf7, 0x9e, 0xf7, 0x9e, 0xf7, 0x9e, 0xf7,
    0x9e, 0xf7, 0x9e, 0xf7, 0x9e, 0xf7, 0x9e, 0xf7, 0x9e, 0xf7, 0x9e, 0xf7,
    0x9e, 0xf7, 0x9e, 0xf7, 0x9e, 0xf7, 0x9e, 0xf7, 0x9e, 0xf7, 0x9e, 0xf7,
    0x9e, 0xf7, 0x9e, 0xf7, 0x9e, 0xf7, 0x9e, 0xf7, 0x9e, 0xf7, 0x9e, 0xf7,
    0x9e, 0xf7, 0x9e, 0xf7, 0x9e, 0xf7, 0x9e, 0xf7, 0x9e, 0xf7, 0x9e, 0xf7,
    0x9e, 0xf7, 0x9e, 0xf7, 0x9e, 0xf7, 0x9e, 0xf7, 0x9e, 0xf7, 0x9e, 0xf7,
    0x9e, 0xf7, 0x9e, 0xf7, 0x9e, 0xf7, 0x9e, 0xf7, 0x9e, 0xf7, 0x9e, 0xf7,
    0x9e, 0xf7, 0x9e, 0xf7, 0x9e, 0xf7, 0x9e, 0xf7, 0x9e, 0xf7, 0x9e, 0xf7,
    0x9e, 0xf7, 0x9e, 0xf7, 0x9e, 0xf7, 0x9e, 0xf7, 0x9e, 0xf7, 0x9e, 0xf7,
    0x9e, 0xf7, 0x9e, 0xf7, 0x9e, 0xf7, 0x9e, 0xf7, 0x9e, 0xf7, 0x9e, 0xf7,
    0x9e, 0xf7, 0x9e, 0xf7, 0x9e, 0xf7, 0x9e, 0xf7, 0x9e, 0xf7, 0x9e, 0xf7,
    0x9e, 0xf7, 0x9e, 0xf7, 0x9e, 0xf7, 0x9e, 0xf7, 0x9e, 0xf7, 0x9e, 0xf7,
    0x9e, 0xf7, 0x9e, 0xf7, 0x9e, 0xf7, 0x9e, 0xf7, 0x9e, 0xf7, 0x9e, 0xf7,
    0x9e, 0xf7, 0x9e, 0xf7, 0x9e, 0xf7, 0x9e, 0xf7, 0x9e, 0xf7, 0x9e, 0xf7,
    0x9e, 0xf7, 0x9e, 0xf7, 0x9e, 0xf7, 0x9e, 0xf7, 0x9e, 0xf7, 0x9e, 0xf7,
    0x9e, 0xf7, 0x9e, 0xf7, 0xd4, 0xe6, 0xe6, 0xd5, 0xc5, 0xd5, 0xc5, 0xd5,
    0xc5, 0xd5, 0xc5, 0xd5, 0xc5, 0xd5, 0xc5, 0xd5, 0xc5, 0xd5, 0xc5, 0xd5,
    0xe5, 0xd5, 0xe5, 0xd5, 0xe5, 0xd5, 0xe5, 0xd5, 0xe5, 0xd5, 0xe5, 0xd5,
    0xe5, 0xd5, 0xe5, 0xd5, 0xe6, 0xd5, 0x23, 0xc5, 0x23, 0xc5, 0x23, 0xc5,
    0x23, 0xc5, 0x23, 0xc5, 0x23, 0xc5, 0x23, 0xc5, 0x23, 0xc5, 0x23, 0xc5,
    0x23, 0xc5, 0x23, 0xc5, 0x23, 0xc5, 0x23, 0xc5, 0x23, 0xc5, 0x23, 0xc5,
    0x23, 0xc5, 0x23, 0xc5, 0x86, 0xcd, 0xb3, 0xde, 0x9e, 0xf7, 0x9e, 0xf7,
    0x9e, 0xf7, 0x9e, 0xf7, 0x9e, 0xf7, 0x9e, 0xf7, 0x9e, 0xf7, 0x9e, 0xf7,
    0x9e, 0xf7, 0x9e, 0xf7, 0x9e, 0xf7, 0x9e, 0xf7, 0x9e, 0xf7, 0x9e, 0xf7,
    0x9e, 0xf7, 0x9e, 0xf7, 0x9e, 0xf7, 0x9e, 0xf7, 0x9e, 0xf7, 0x9e, 0xf7,
    0x9e, 0xf7, 0x9e, 0xf7, 0x9e, 0xf7, 0x9e, 0xf7, 0x9e, 0xf7, 0x9e, 0xf7,
    0x9e, 0xf7, 0x9e, 0xf7, 0x9e, 0xf7, 0x9e, 0xf7, 0x9e, 0xf7, 0x9e, 0xf7,
    0x9e, 0xf7, 0x9e, 0xf7, 0x9e, 0xf7, 0x9e, 0xf7, 0x9e, 0xf7, 0x9e, 0xf7,
    0x9e, 0xf7, 0x9e, 0xf7, 0x9e, 0xf7, 0x9e, 0xf7, 0x9e, 0xf7, 0x9e, 0xf7,
    0x9e, 0xf7, 0x9e, 0xf7, 0x9e, 0xf7, 0x9e, 0xf7, 0x9e, 0xf7, 0x9e, 0xf7,
    0x9e, 0xf7, 0x9e, 0xf7, 0x9e, 0xf7, 0x9e, 0xf7, 0x9e, 0xf7, 0x9e, 0xf7,
    0x9e, 0xf7, 0x9e, 0xf7, 0x9e, 0xf7, 0x9e, 0xf7, 0x9e, 0xf7, 0x9e, 0xf7,
    0x9e, 0xf7, 0x9e, 0xf7, 0x9e, 0xf7, 0x9e, 0xf7, 0x9e, 0xf7, 0x9e, 0xf7,
    0x9e, 0xf7, 0x9e, 0xf7, 0x9e, 0xf7, 0x9e, 0xf7, 0x9e, 0xf7, 0x9e, 0xf7,
    0x9e, 0xf7, 0x9e, 0xf7, 0x9e, 0xf7, 0x9e, 0xf7, 0x9e, 0xf7, 0x9e, 0xf7,
    0x9e, 0xf7, 0x9e, 0xf7, 0x9e, 0xf7, 0x9e, 0xf7, 0x9e, 0xf7, 0x9e, 0xf7,
    0x9e, 0xf7, 0x9e, 0xf7, 0x9e, 0xf7, 0x9e, 0xf7, 0x9e, 0xf7, 0x9e, 0xf7,
    0x9e, 0xf7, 0x9e, 0xf7, 0x9e, 0xf7, 0x9e, 0xf7, 0x9e, 0xf7, 0x9e, 0xf7,
    0x9e, 0xf7, 0x9e, 0xf7, 0x9e, 0xf7, 0x9e, 0xf7, 0x9e, 0xf7, 0x9e, 0xf7,
    0x9e, 0xf7, 0x9e, 0xf7, 0x9e, 0xf7, 0x9e, 0xf7, 0x9e, 0xf7, 0x9e, 0xf7,
    0x9e, 0xf7, 0x9e, 0xf7, 0x9e, 0xf7, 0x7c, 0xef, 0xb1, 0xe6, 0xe6, 0xd5,
    0xc5, 0xd5, 0xc5, 0xd5, 0xc5, 0xd5, 0xc5, 0xd5, 0xc5, 0xd5, 0xc5, 0xd5,
    0xc5, 0xd5, 0xe5, 0xd5, 0xe5, 0xd5, 0xe5, 0xd5, 0xe5, 0xd5, 0xe5, 0xd5,
    0xe5, 0xd5, 0xe5, 0xd5, 0xe5, 0xd5, 0x23, 0xc5, 0x23, 0xc5, 0x23, 0xc5,
    0x23, 0xc5, 0x23, 0xc5, 0x23, 0xc5, 0x23, 0xc5, 0x23, 0xc5, 0x23, 0xc5,
    0x23, 0xc5, 0x23, 0xc5, 0x23, 0xc5, 0x23, 0xc5, 0x23, 0xc5, 0x23, 0xc5,
    0x86, 0xcd, 0xb3, 0xde, 0x9e, 0xf7, 0x9e, 0xf7, 0x9e, 0xf7, 0x9e, 0xf7,
    0x9e, 0xf7, 0x9e, 0xf7, 0x9e, 0xf7, 0x9e, 0xf7, 0x9e, 0xf7, 0x9e, 0xf7,
    0x9e, 0xf7, 0x9e, 0xf7, 0x9e, 0xf7, 0x9e, 0xf7, 0x9e, 0xf7, 0x9e, 0xf7,
    0x9e, 0xf7, 0x9e, 0xf7, 0x9e, 0xf7, 0x9e, 0xf7, 0x9e, 0xf7, 0x9e, 0xf7,
    0x9e, 0xf7, 0x9e, 0xf7, 0x9e, 0xf7, 0x9e, 0xf7, 0x9e, 0xf7, 0x9e, 0xf7,
    0x9e, 0xf7, 0x9e, 0xf7, 0x9e, 0xf7, 0x9e, 0xf7, 0x9e, 0xf7, 0x9e, 0xf7,
    0x9e, 0xf7, 0x9e, 0xf7, 0x9e, 0xf7, 0x9e, 0xf7, 0x9e, 0xf7, 0x9e, 0xf7,
    0x9e, 0xf7, 0x9e, 0xf7, 0x9e, 0xf7, 0x9e, 0xf7, 0x9e, 0xf7, 0x9e, 0xf7,
    0x9e, 0xf7, 0x9e, 0xf7, 0x9e, 0xf7, 0x9e, 0xf7, 0x9e, 0xf7, 0x9e, 0xf7,
    0x9e, 0xf7, 0x9e, 0xf7, 0x9e, 0xf7, 0x9e, 0xf7, 0x9e, 0xf7, 0x9e, 0xf7,
    0x9e, 0xf7, 0x9e, 0xf7, 0x9e, 0xf7, 0x9e, 0xf7, 0x9e, 0xf7, 0x9e, 0xf7,
    0x9e, 0xf7, 0x9e, 0xf7, 0x9e, 0xf7, 0x9e, 0xf7, 0x9e, 0xf7, 0x9e, 0xf7,
    0x9e, 0xf7, 0x9e, 0xf7, 0x9e, 0xf7, 0x9e, 0xf7, 0x9e, 0xf7, 0x9e, 0xf7,
    0x9e, 0xf7, 0x9e, 0xf7, 0x9e, 0xf7, 0x9e, 0xf7, 0x9e, 0xf7, 0x9e, 0xf7,
    0x9e, 0xf7, 0x9e, 0xf7, 0x9e, 0xf7, 0x9e, 0xf7, 0x9e, 0xf7, 0x9e, 0xf7,
    0x9e, 0xf7, 0x9e, 0xf7, 0x9e, 0xf7, 0x9e, 0xf7, 0x9e, 0xf7, 0x9e, 0xf7,
    0x9e, 0xf7, 0x9e, 0xf7, 0x9e, 0xf7, 0x9e, 0xf7, 0x9e, 0xf7, 0x9e, 0xf7,
    0x9e, 0xf7, 0x9e, 0xf7, 0x9e, 0xf7, 0x9e, 0xf7, 0x9e, 0xf7, 0x9e, 0xf7,
    0x9e, 0xf7, 0x9e, 0xf7, 0x9e, 0xf7, 0x9e, 0xf7, 0x9e, 0xf7, 0x9e, 0xf7,
    0x9e, 0xf7, 0x9e, 0xf7, 0x9e, 0xf7, 0x9e, 0xf7, 0x9e, 0xf7, 0x7c, 0xef,
    0xb1, 0xe6, 0xe6, 0xd5, 0xc5, 0xd5, 0xc5, 0xd5, 0xc5, 0xd5, 0xc5, 0xd5,
    0xc5, 0xd5, 0xc5, 0xd5, 0xe5, 0xd5, 0xe5, 0xd5, 0xe5, 0xd5, 0xe5, 0xd5,
    0xe5, 0xd5, 0xe5, 0xd5, 0xe5, 0xd5, 0x23, 0xc5, 0x23, 0xc5, 0x23, 0xc5,
    0x23, 0xc5, 0x23, 0xc5, 0x23, 0xc5, 0x23, 0xc5, 0x23, 0xc5, 0x23, 0xc5,
    0x23, 0xc5, 0x23, 0xc5, 0x23, 0xc5, 0x23, 0xc5, 0x86, 0xcd, 0xb3, 0xde,
    0x9e, 0xf7, 0x9e, 0xf7, 0x9e, 0xf7, 0x9e, 0xf7, 0x9e, 0xf7, 0x9e, 0xf7,
    0x9e, 0xf7, 0x9e, 0xf7, 0x9e, 0xf7, 0x9e, 0xf7, 0x9e, 0xf7, 0x9e, 0xf7,
    0x9e, 0xf7, 0x9e, 0xf7, 0x9e, 0xf7, 0x9e, 0xf7, 0x9e, 0xf7, 0x9e, 0xf7,
    0x9e, 0xf7, 0x9e, 0xf7, 0x9e, 0xf7, 0x9e, 0xf7, 0x9e, 0xf7, 0x9e, 0xf7,
    0x9e, 0xf7, 0x9e, 0xf7, 0x9e, 0xf7, 0x9e, 0xf7, 0x9e, 0xf7, 0x9e, 0xf7,
    0x9e, 0xf7, 0x9e, 0xf7, 0x9e, 0xf7, 0x9e, 0xf7, 0x9e, 0xf7, 0x9e, 0xf7,
    0x9e, 0xf7, 0x9e, 0xf7, 0x9e, 0xf7, 0x9e, 0xf7, 0x9e, 0xf7, 0x9e, 0xf7,
    0x9e, 0xf7, 0x9e, 0xf7, 0x9e, 0xf7, 0x9e, 0xf7, 0x9e, 0xf7, 0x9e, 0xf7,
    0x9e, 0xf7, 0x9e, 0xf7, 0x9e, 0xf7, 0x9e, 0xf7, 0x9e, 0xf7, 0x9e, 0xf7,
    0x9e, 0xf7, 0x9e, 0xf7, 0x9e, 0xf7, 0x9e, 0xf7, 0x9e, 0xf7, 0x9e, 0xf7,
    0x9e, 0xf7, 0x9e, 0xf7, 0x9e, 0xf7, 0x9e, 0xf7, 0x9e, 0xf7, 0x9e, 0xf7,
    0x9e, 0xf7, 0x9e, 0xf7, 0x9e, 0xf7, 0x9e, 0xf7, 0x9e, 0xf7, 0x9e, 0xf7,
    0x9e, 0xf7, 0x9e, 0xf7, 0x9e, 0xf7, 0x9e, 0xf7, 0x9e, 0xf7, 0x9e, 0xf7,
    0x9e, 0xf7, 0x9e, 0xf7, 0x9e, 0xf7, 0x9e, 0xf7, 0x9e, 0xf7, 0x9e, 0xf7,
    0x9e, 0xf7, 0x9e, 0xf7, 0x9e, 0xf7, 0x9e, 0xf7, 0x9e, 0xf7, 0x9e, 0xf7,
    0x9e, 0xf7, 0x9e, 0xf7, 0x9e, 0xf7, 0x9e, 0xf7, 0x9e, 0xf7, 0x9e, 0xf7,
    0x9e, 0xf7, 0x9e, 0xf7, 0x9e, 0xf7, 0x9e, 0xf7, 0x9e, 0xf7, 0x9e, 0xf7,
    0x9e, 0xf7, 0x9e, 0xf7, 0x9e, 0xf7, 0x9e, 0xf7, 0x9e, 0xf7, 0x9e, 0xf7,
    0x9e, 0xf7, 0x9e, 0xf7, 0x9e, 0xf7, 0x9e, 0xf7, 0x9e, 0xf7, 0x9e, 0xf7,
    0x9e, 0xf7, 0x9e, 0xf7, 0x9e, 0xf7, 0x9e, 0xf7, 0x9e, 0xf7, 0x9e, 0xf7,
    0x9e, 0xf7, 0x7c, 0xef, 0xb1, 0xe6, 0xe7, 0xd5, 0xc5, 0xd5, 0xc5, 0xd5,
    0xc5, 0xd5, 0xc5, 0xd5, 0xc5, 0xd5, 0xc5, 0xd5, 0xe5, 0xd5, 0xe5, 0xd5,
    0xe5, 0xd5, 0xe5, 0xd5, 0xe5, 0xd5, 0x23, 0xc5, 0x23, 0xc5, 0x23, 0xc5,
    0x23, 0xc5, 0x23, 0xc5, 0x23, 0xc5, 0x23, 0xc5, 0x23, 0xc5, 0x23, 0xc5,
    0x23, 0xc5, 0x23, 0xc5, 0x86, 0xcd, 0xb3, 0xde, 0x9e, 0xf7, 0x9e, 0xf7,
    0x9e, 0xf7, 0x9e, 0xf7, 0x9e, 0xf7, 0x9e, 0xf7, 0x9e, 0xf7, 0x9e, 0xf7,
    0x9e, 0xf7, 0x9e, 0xf7, 0x9e, 0xf7, 0x9e, 0xf7, 0x9e, 0xf7, 0x9e, 0xf7,
    0x9e, 0xf7, 0x9e, 0xf7, 0x9e, 0xf7, 0x9e, 0xf7, 0x9e, 0xf7, 0x9e, 0xf7,
    0x9e, 0xf7, 0x9e, 0xf7, 0x9e, 0xf7, 0x9e, 0xf7, 0x9e, 0xf7, 0x9e, 0xf7,
    0x9e, 0xf7, 0x9e, 0xf7, 0x9e, 0xf7, 0x9e, 0xf7, 0x9e, 0xf7, 0x9e, 0xf7,
    0x9e, 0xf7, 0x9e, 0xf7, 0x9e, 0xf7, 0x9e, 0xf7, 0x9e, 0xf7, 0x9e, 0xf7,
    0x9e, 0xf7, 0x9e, 0xf7, 0x9e, 0xf7, 0x9e, 0xf7, 0x9e, 0xf7, 0x9e, 0xf7,
    0x9e, 0xf7, 0x9e, 0xf7, 0x9e, 0xf7, 0x9e, 0xf7, 0x9e, 0xf7, 0x9e, 0xf7,
    0x9e, 0xf7, 0x9e, 0xf7, 0x9e, 0xf7, 0x9e, 0xf7, 0x9e, 0xf7, 0x9e, 0xf7,
    0x9e, 0xf7, 0x9e, 0xf7, 0x9e, 0xf7, 0x9e, 0xf7, 0x9e, 0xf7, 0x9e, 0xf7,
    0x9e, 0xf7, 0x9e, 0xf7, 0x9e, 0xf7, 0x9e, 0xf7, 0x9e, 0xf7, 0x9e, 0xf7,
    0x9e, 0xf7, 0x9e, 0xf7, 0x9e, 0xf7, 0x9e, 0xf7, 0x9e, 0xf7, 0x9e, 0xf7,
    0x9e, 0xf7, 0x9e, 0xf7, 0x9e, 0xf7, 0x9e, 0xf7, 0x9e, 0xf7, 0x9e, 0xf7,
    0x9e, 0xf7, 0x9e, 0xf7, 0x9e, 0xf7, 0x9e, 0xf7, 0x9e, 0xf7, 0x9e, 0xf7,
    0x9e, 0xf7, 0x9e, 0xf7, 0x9e, 0xf7, 0x9e, 0xf7, 0x9e, 0xf7, 0x9e, 0xf7,
    0x9e, 0xf7, 0x9e, 0xf7, 0x9e, 0xf7, 0x9e, 0xf7, 0x9e, 0xf7, 0x9e, 0xf7,
    0x9e, 0xf7, 0x9e, 0xf7, 0x9e, 0xf7, 0x9e, 0xf7, 0x9e, 0xf7, 0x9e, 0xf7,
    0x9e, 0xf7, 0x9e, 0xf7, 0x9e, 0xf7, 0x9e, 0xf7, 0x9e, 0xf7, 0x9e, 0xf7,
    0x9e, 0xf7, 0x9e, 0xf7, 0x9e, 0xf7, 0x9e, 0xf7, 0x9e, 0xf7, 0x9e, 0xf7,
    0x9e, 0xf7, 0x9e, 0xf7, 0x9e, 0xf7, 0x9e, 0xf7, 0x9e, 0xf7, 0x9e, 0xf7,
    0x9e, 0xf7, 0x9e, 0xf7, 0x9e, 0xf7, 0x7c, 0xef, 0xb1, 0xe6, 0xe7, 0xd5,
    0xc5, 0xd5, 0xc5, 0xd5, 0xc5, 0xd5, 0xc5, 0xd5, 0xc5, 0xd5, 0xe5, 0xd5,
    0xe5, 0xd5, 0xe5, 0xd5, 0xe5, 0xd5, 0x23, 0xc5, 0x23, 0xc5, 0x23, 0xc5,
    0x23, 0xc5, 0x23, 0xc5, 0x23, 0xc5, 0x23, 0xc5, 0x23, 0xc5, 0x23, 0xc5,
    0x86, 0xcd, 0xb3, 0xde, 0x9e, 0xf7, 0x9e, 0xf7, 0x9e, 0xf7, 0x9e, 0xf7,
    0x9e, 0xf7, 0x9e, 0xf7, 0x9e, 0xf7, 0x9e, 0xf7, 0x9e, 0xf7, 0x9e, 0xf7,
    0x9e, 0xf7, 0x9e, 0xf7, 0x9e, 0xf7, 0x9e, 0xf7, 0x9e, 0xf7, 0x9e, 0xf7,
    0x9e, 0xf7, 0x9e, 0xf7, 0x9e, 0xf7, 0x9e, 0xf7, 0x9e, 0xf7, 0x9e, 0xf7,
    0x9e, 0xf7, 0x9e, 0xf7, 0x9e, 0xf7, 0x9e, 0xf7, 0x9e, 0xf7, 0x9e, 0xf7,
    0x9e, 0xf7, 0x9e, 0xf7, 0x9e, 0xf7, 0x9e, 0xf7, 0x9e, 0xf7, 0x9e, 0xf7,
    0x9e, 0xf7, 0x9e, 0xf7, 0x9e, 0xf7, 0x9e, 0xf7, 0x9e, 0xf7, 0x9e, 0xf7,
    0x9e, 0xf7, 0x9e, 0xf7, 0x9e, 0xf7, 0x9e, 0xf7, 0x9e, 0xf7, 0x9e, 0xf7,
    0x9e, 0xf7, 0x9e, 0xf7, 0x9e, 0xf7, 0x9e, 0xf7, 0x9e, 0xf7, 0x9e, 0xf7,
    0x9e, 0xf7, 0x9e, 0xf7, 0x9e, 0xf7, 0x9e, 0xf7, 0x9e, 0xf7, 0x9e, 0xf7,
    0x9e, 0xf7, 0x9e, 0xf7, 0x9e, 0xf7, 0x9e, 0xf7, 0x9e, 0xf7, 0x9e, 0xf7,
    0x9e, 0xf7, 0x9e, 0xf7, 0x9e, 0xf7, 0x9e, 0xf7, 0x9e, 0xf7, 0x9e, 0xf7,
    0x9e, 0xf7, 0x9e, 0xf7, 0x9e, 0xf7, 0x9e, 0xf7, 0x9e, 0xf7, 0x9e, 0xf7,
    0x9e, 0xf7, 0x9e, 0xf7, 0x9e, 0xf7, 0x9e, 0xf7, 0x9e, 0xf7, 0x9e, 0xf7,
    0x9e, 0xf7, 0x9e, 0xf7, 0x9e, 0xf7, 0x9e, 0xf7, 0x9e, 0xf7, 0x9e, 0xf7,
    0x9e, 0xf7, 0x9e, 0xf7, 0x9e, 0xf7, 0x9e, 0xf7, 0x9e, 0xf7, 0x9e, 0xf7,
    0x9e, 0xf7, 0x9e, 0xf7, 0x9e, 0xf7, 0x9e, 0xf7, 0x9e, 0xf7, 0x9e, 0xf7,
    0x9e, 0xf7, 0x9e, 0xf7, 0x9e, 0xf7, 0x9e, 0xf7, 0x9e, 0xf7, 0x9e, 0xf7,
    0x9e, 0xf7, 0x9e, 0xf7, 0x9e, 0xf7, 0x9e, 0xf7, 0x9e, 0xf7, 0x9e, 0xf7,
    0x9e, 0xf7, 0x9e, 0xf7, 0x9e, 0xf7, 0x9e, 0xf7, 0x9e, 0xf7, 0x9e, 0xf7,
    0x9e, 0xf7, 0x9e, 0xf7, 0x9e, 0xf7, 0x9e, 0xf7, 0x9e, 0xf7, 0x9e, 0xf7,
    0x9e, 0xf7, 0x9e, 0xf7, 0x9e, 0xf7, 0x9e, 0xf7, 0x9e, 0xf7, 0x7c, 0xef,
    0xb1, 0xe6, 0xe7, 0xd5, 0xc5, 0xd5, 0xc5, 0xd5, 0xc5, 0xd5, 0xc5, 0xd5,
    0xc5, 0xd5, 0xe5, 0xd5, 0xe5, 0xd5, 0x23, 0xc5, 0x23, 0xc5, 0x23, 0xc5,
    0x23, 0xc5, 0x23, 0xc5, 0x23, 0xc5, 0x23, 0xc5, 0x86, 0xcd, 0x50, 0xde,
    0x3a, 0xef, 0x9e, 0xf7, 0x9e, 0xf7, 0x9e, 0xf7, 0x9e, 0xf7, 0x9e, 0xf7,
    0x9e, 0xf7, 0x9e, 0xf7, 0x9e, 0xf7, 0x9e, 0xf7, 0x9e, 0xf7, 0x9e, 0xf7,
    0x9e, 0xf7, 0x9e, 0xf7, 0x9e, 0xf7, 0x9e, 0xf7, 0x9e, 0xf7, 0x9e, 0xf7,
    0x9e, 0xf7, 0x9e, 0xf7, 0x9e, 0xf7, 0x9e, 0xf7, 0x9e, 0xf7, 0x9e, 0xf7,
    0x9e, 0xf7, 0x9e, 0xf7, 0x9e, 0xf7, 0x9e, 0xf7, 0x9e, 0xf7, 0x9e, 0xf7,
    0x9e, 0xf7, 0x9e, 0xf7, 0x9e, 0xf7, 0x9e, 0xf7, 0x9e, 0xf7, 0x9e, 0xf7,
    0x9e, 0xf7, 0x9e, 0xf7, 0x9e, 0xf7, 0x9e, 0xf7, 0x9e, 0xf7, 0x9e, 0xf7,
    0x9e, 0xf7, 0x9e, 0xf7, 0x9e, 0xf7, 0x9e, 0xf7, 0x9e, 0xf7, 0x9e, 0xf7,
    0x9e, 0xf7, 0x9e, 0xf7, 0x9e, 0xf7, 0x9e, 0xf7, 0x9e, 0xf7, 0x9e, 0xf7,
    0x9e, 0xf7, 0x9e, 0xf7, 0x9e, 0xf7, 0x9e, 0xf7, 0x9e, 0xf7, 0x9e, 0xf7,
    0x9e, 0xf7, 0x9e, 0xf7, 0x9e, 0xf7, 0x9e, 0xf7, 0x9e, 0xf7, 0x9e, 0xf7,
    0x9e, 0xf7, 0x9e, 0xf7, 0x9e, 0xf7, 0x9e, 0xf7, 0x9e, 0xf7, 0x9e, 0xf7,
    0x9e, 0xf7, 0x9e, 0xf7, 0x9e, 0xf7, 0x9e, 0xf7, 0x9e, 0xf7, 0x9e, 0xf7,
    0x9e, 0xf7, 0x9e, 0xf7, 0x9e, 0xf7, 0x9e, 0xf7, 0x9e, 0xf7, 0x9e, 0xf7,
    0x9e, 0xf7, 0x9e, 0xf7, 0x9e, 0xf7, 0x9e, 0xf7, 0x9e, 0xf7, 0x9e, 0xf7,
    0x9e, 0xf7, 0x9e, 0xf7, 0x9e, 0xf7, 0x9e, 0xf7, 0x9e, 0xf7, 0x9e, 0xf7,
    0x9e, 0xf7, 0x9e, 0xf7, 0x9e, 0xf7, 0x9e, 0xf7, 0x9e, 0xf7, 0x9e, 0xf7,
    0x9e, 0xf7, 0x9e, 0xf7, 0x9e, 0xf7, 0x9e, 0xf7, 0x9e, 0xf7, 0x9e, 0xf7,
    0x9e, 0xf7, 0x9e, 0xf7, 0x9e, 0xf7, 0x9e, 0xf7, 0x9e, 0xf7, 0x9e, 0xf7,
    0x9e, 0xf7, 0x9e, 0xf7, 0x9e, 0xf7, 0x9e, 0xf7, 0x9e, 0xf7, 0x9e, 0xf7,
    0x9e, 0xf7, 0x9e, 0xf7, 0x9e, 0xf7, 0x9e, 0xf7, 0x9e, 0xf7, 0x9e, 0xf7,
    0x9e, 0xf7, 0x9e, 0xf7, 0x9e, 0xf7, 0x9e, 0xf7, 0x9e, 0xf7, 0x9e, 0xf7,
    0x9e, 0xf7, 0x7c, 0xef, 0xb1, 0xe6, 0xe7, 0xd5, 0xc5, 0xd5, 0xc5, 0xd5,
    0xc5, 0xd5, 0xc5, 0xd5, 0xc5, 0xd5, 0x23, 0xc5, 0x23, 0xc5, 0x23, 0xc5,
    0x23, 0xc5, 0x23, 0xc5, 0x86, 0xcd, 0x50, 0xde, 0x3a, 0xef, 0x9e, 0xf7,
    0x9e, 0xf7, 0x9e, 0xf7, 0x9e, 0xf7, 0x9e, 0xf7, 0x9e, 0xf7, 0x9e, 0xf7,
    0x9e, 0xf7, 0x9e, 0xf7, 0x9e, 0xf7, 0x9e, 0xf7, 0x9e, 0xf7, 0x9e, 0xf7,
    0x9e, 0xf7, 0x9e, 0xf7, 0x9e, 0xf7, 0x9e, 0xf7, 0x9e, 0xf7, 0x9e, 0xf7,
    0x9e, 0xf7, 0x9e, 0xf7, 0x9e, 0xf7, 0x9e, 0xf7, 0x9e, 0xf7, 0x9e, 0xf7,
    0x9e, 0xf7, 0x9e, 0xf7, 0x9e, 0xf7, 0x9e, 0xf7, 0x9e, 0xf7, 0x9e, 0xf7,
    0x9e, 0xf7, 0x9e, 0xf7, 0x9e, 0xf7, 0x9e, 0xf7, 0x9e, 0xf7, 0x9e, 0xf7,
    0x9e, 0xf7, 0x9e, 0xf7, 0x9e, 0xf7, 0x9e, 0xf7, 0x9e, 0xf7, 0x9e, 0xf7,
    0x9e, 0xf7, 0x9e, 0xf7, 0x9e, 0xf7, 0x9e, 0xf7, 0x9e, 0xf7, 0x9e, 0xf7,
    0x9e, 0xf7, 0x9e, 0xf7, 0x9e, 0xf7, 0x9e, 0xf7, 0x9e, 0xf7, 0x9e, 0xf7,
    0x9e, 0xf7, 0x9e, 0xf7, 0x9e, 0xf7, 0x9e, 0xf7, 0x9e, 0xf7, 0x9e, 0xf7,
    0x9e, 0xf7, 0x9e, 0xf7, 0x9e, 0xf7, 0x9e, 0xf7, 0x9e, 0xf7, 0x9e, 0xf7,
    0x9e, 0xf7, 0x9e, 0xf7, 0x9e, 0xf7, 0x9e, 0xf7, 0x9e, 0xf7, 0x9e, 0xf7,
    0x9e, 0xf7, 0x9e, 0xf7, 0x9e, 0xf7, 0x9e, 0xf7, 0x9e, 0xf7, 0x9e, 0xf7,
    0x9e, 0xf7, 0x9e, 0xf7, 0x9e, 0xf7, 0x9e, 0xf7, 0x9e, 0xf7, 0x9e, 0xf7,
    0x9e, 0xf7, 0x9e, 0xf7, 0x9e, 0xf7, 0x9e, 0xf7, 0x9e, 0xf7, 0x9e, 0xf7,
    0x9e, 0xf7, 0x9e, 0xf7, 0x9e, 0xf7, 0x9e, 0xf7, 0x9e, 0xf7, 0x9e, 0xf7,
    0x9e, 0xf7, 0x9e, 0xf7, 0x9e, 0xf7, 0x9e, 0xf7, 0x9e, 0xf7, 0x9e, 0xf7,
    0x9e, 0xf7, 0x9e, 0xf7, 0x9e, 0xf7, 0x9e, 0xf7, 0x9e, 0xf7, 0x9e, 0xf7,
    0x9e, 0xf7, 0x9e, 0xf7, 0x9e, 0xf7, 0x9e, 0xf7, 0x9e, 0xf7, 0x9e, 0xf7,
    0x9e, 0xf7, 0x9e, 0xf7, 0x9e, 0xf7, 0x9e, 0xf7, 0x9e, 0xf7, 0x9e, 0xf7,
    0x9e, 0xf7, 0x9e, 0xf7, 0x9e, 0xf7, 0x9e, 0xf7, 0x9e, 0xf7, 0x9e, 0xf7,
    0x9e, 0xf7, 0x9e, 0xf7, 0x9e, 0xf7, 0x9e, 0xf7, 0x9e, 0xf7, 0x9e, 0xf7,
    0x9e, 0xf7, 0x9e, 0xf7, 0x9e, 0xf7, 0x7c, 0xef, 0xb1, 0xe6, 0xe7, 0xd5,
    0xc5, 0xd5, 0xc5, 0xd5, 0xc5, 0xd5, 0x23, 0xc5, 0x23, 0xc5, 0x23, 0xc5,
    0x86, 0xcd, 0x50, 0xde, 0x3a, 0xef, 0x9e, 0xf7, 0x9e, 0xf7, 0x9e, 0xf7,
    0x9e, 0xf7, 0x9e, 0xf7, 0x9e, 0xf7, 0x9e, 0xf7, 0x9e, 0xf7, 0x9e, 0xf7,
    0x9e, 0xf7, 0x9e, 0xf7, 0x9e, 0xf7, 0x9e, 0xf7, 0x9e, 0xf7, 0x9e, 0xf7,
    0x9e, 0xf7, 0x9e, 0xf7, 0x9e, 0xf7, 0x9e, 0xf7, 0x9e, 0xf7, 0x9e, 0xf7,
    0x9e, 0xf7, 0x9e, 0xf7, 0x9e, 0xf7, 0x9e, 0xf7, 0x9e, 0xf7, 0x9e, 0xf7,
    0x9e, 0xf7, 0x9e, 0xf7, 0x9e, 0xf7, 0x9e, 0xf7, 0x9e, 0xf7, 0x9e, 0xf7,
    0x9e, 0xf7, 0x9e, 0xf7, 0x9e, 0xf7, 0x9e, 0xf7, 0x9e, 0xf7, 0x9e, 0xf7,
    0x9e, 0xf7, 0x9e, 0xf7, 0x9e, 0xf7, 0x9e, 0xf7, 0x9e, 0xf7, 0x9e, 0xf7,
    0x9e, 0xf7, 0x9e, 0xf7, 0x9e, 0xf7, 0x9e, 0xf7, 0x9e, 0xf7, 0x9e, 0xf7,
    0x9e, 0xf7, 0x9e, 0xf7, 0x9e, 0xf7, 0x9e, 0xf7, 0x9e, 0xf7, 0x9e, 0xf7,
    0x9e, 0xf7, 0x9e, 0xf7, 0x9e, 0xf7, 0x9e, 0xf7, 0x9e, 0xf7, 0x9e, 0xf7,
    0x9e, 0xf7, 0x9e, 0xf7, 0x9e, 0xf7, 0x9e, 0xf7, 0x9e, 0xf7, 0x9e, 0xf7,
    0x9e, 0xf7, 0x9e, 0xf7, 0x9e, 0xf7, 0x9e, 0xf7, 0x9e, 0xf7, 0x9e, 0xf7,
    0x9e, 0xf7, 0x9e, 0xf7, 0x9e, 0xf7, 0x9e, 0xf7, 0x9e, 0xf7, 0x9e, 0xf7,
    0x9e, 0xf7, 0x9e, 0xf7, 0x9e, 0xf7, 0x9e, 0xf7, 0x9e, 0xf7, 0x9e, 0xf7,
    0x9e, 0xf7, 0x9e, 0xf7, 0x9e, 0xf7, 0x9e, 0xf7, 0x9e, 0xf7, 0x9e, 0xf7,
    0x9e, 0xf7, 0x9e, 0xf7, 0x9e, 0xf7, 0x9e, 0xf7, 0x9e, 0xf7, 0x9e, 0xf7,
    0x9e, 0xf7, 0x9e, 0xf7, 0x9e, 0xf7, 0x9e, 0xf7, 0x9e, 0xf7, 0x9e, 0xf7,
    0x9e, 0xf7, 0x9e, 0xf7, 0x9e, 0xf7, 0x9e, 0xf7, 0x9e, 0xf7, 0x9e, 0xf7,
    0x9e, 0xf7, 0x9e, 0xf7, 0x9e, 0xf7, 0x9e, 0xf7, 0x9e, 0xf7, 0x9e, 0xf7,
    0x9e, 0xf7, 0x9e, 0xf7, 0x9e, 0xf7, 0x9e, 0xf7, 0x9e, 0xf7, 0x9e, 0xf7,
    0x9e, 0xf7, 0x9e, 0xf7, 0x9e, 0xf7, 0x9e, 0xf7, 0x9e, 0xf7, 0x9e, 0xf7,
    0x9e, 0xf7, 0x9e, 0xf7, 0x9e, 0xf7, 0x9e, 0xf7, 0x9e, 0xf7, 0x9e, 0xf7,
    0x9e, 0xf7, 0x9e, 0xf7, 0x9e, 0xf7, 0x9e, 0xf7, 0x9e, 0xf7, 0x7c, 0xef,
    0xb1, 0xe6, 0xe7, 0xd5, 0xc5, 0xd5, 0x23, 0xc5, 0x44, 0xc5, 0x50, 0xde,
    0x3a, 0xef, 0x9e, 0xf7, 0x9e, 0xf7, 0x9e, 0xf7, 0x9e, 0xf7, 0x9e, 0xf7,
    0x9e, 0xf7, 0x9e, 0xf7, 0x9e, 0xf7, 0x9e, 0xf7, 0x9e, 0xf7, 0x9e, 0xf7,
    0x9e, 0xf7, 0x9e, 0xf7, 0x9e, 0xf7, 0x9e, 0xf7, 0x9e, 0xf7, 0x9e, 0xf7,
    0x9e, 0xf7, 0x9e, 0xf7, 0x9e, 0xf7, 0x9e, 0xf7, 0x9e, 0xf7, 0x9e, 0xf7,
    0x9e, 0xf7, 0x9e, 0xf7, 0x9e, 0xf7, 0x9e, 0xf7, 0x9e, 0xf7, 0x9e, 0xf7,
    0x9e, 0xf7, 0x9e, 0xf7, 0x9e, 0xf7, 0x9e, 0xf7, 0x9e, 0xf7, 0x9e, 0xf7,
    0x9e, 0xf7, 0x9e, 0xf7, 0x9e, 0xf7, 0x9e, 0xf7, 0x9e, 0xf7, 0x9e, 0xf7,
    0x9e, 0xf7, 0x9e, 0xf7, 0x9e, 0xf7, 0x9e, 0xf7, 0x9e, 0xf7, 0x9e, 0xf7,
    0x9e, 0xf7, 0x9e, 0xf7, 0x9e, 0xf7, 0x9e, 0xf7, 0x9e, 0xf7, 0x9e, 0xf7,
    0x9e, 0xf7, 0x9e, 0xf7, 0x9e, 0xf7, 0x9e, 0xf7, 0x9e, 0xf7, 0x9e, 0xf7,
    0x9e, 0xf7, 0x9e, 0xf7, 0x9e, 0xf7, 0x9e, 0xf7, 0x9e, 0xf7, 0x9e, 0xf7,
    0x9e, 0xf7, 0x9e, 0xf7, 0x9e, 0xf7, 0x9e, 0xf7, 0x9e, 0xf7, 0x9e, 0xf7,
    0x9e, 0xf7, 0x9e, 0xf7, 0x9e, 0xf7, 0x9e, 0xf7, 0x9e, 0xf7, 0x9e, 0xf7,
    0x9e, 0xf7, 0x9e, 0xf7, 0x9e, 0xf7, 0x9e, 0xf7, 0x9e, 0xf7, 0x9e, 0xf7,
    0x9e, 0xf7, 0x9e, 0xf7, 0x9e, 0xf7, 0x9e, 0xf7, 0x9e, 0xf7, 0x9e, 0xf7,
    0x9e, 0xf7, 0x9e, 0xf7, 0x9e, 0xf7, 0x9e, 0xf7, 0x9e, 0xf7, 0x9e, 0xf7,
    0x9e, 0xf7, 0x9e, 0xf7, 0x9e, 0xf7, 0x9e, 0xf7, 0x9e, 0xf7, 0x9e, 0xf7,
    0x9e, 0xf7, 0x9e, 0xf7, 0x9e, 0xf7, 0x9e, 0xf7, 0x9e, 0xf7, 0x9e, 0xf7,
    0x9e, 0xf7, 0x9e, 0xf7, 0x9e, 0xf7, 0x9e, 0xf7, 0x9e, 0xf7, 0x9e, 0xf7,
    0x9e, 0xf7, 0x9e, 0xf7, 0x9e, 0xf7, 0x9e, 0xf7, 0x9e, 0xf7, 0x9e, 0xf7,
    0x9e, 0xf7, 0x9e, 0xf7, 0x9e, 0xf7, 0x9e, 0xf7, 0x9e, 0xf7, 0x9e, 0xf7,
    0x9e, 0xf7, 0x9e, 0xf7, 0x9e, 0xf7, 0x9e, 0xf7, 0x9e, 0xf7, 0x9e, 0xf7,
    0x9e, 0xf7, 0x9e, 0xf7, 0x9e, 0xf7, 0x9e, 0xf7, 0x9e, 0xf7, 0x9e, 0xf7,
    0x9e, 0xf7, 0x9e, 0xf7, 0x9e, 0xf7, 0x9e, 0xf7, 0x9e, 0xf7, 0x9e, 0xf7,
    0x9e, 0xf7, 0x7c, 0xef, 0xb1, 0xe6, 0x0d, 0xd6, 0x3a, 0xef, 0x9e, 0xf7,
    0x9e, 0xf7, 0x9e, 0xf7, 0x9e, 0xf7, 0x9e, 0xf7, 0x9e, 0xf7, 0x9e, 0xf7,
    0x9e, 0xf7, 0x9e, 0xf7, 0x9e, 0xf7, 0x9e, 0xf7, 0x9e, 0xf7, 0x9e, 0xf7,
    0x9e, 0xf7, 0x9e, 0xf7, 0x9e, 0xf7, 0x9e, 0xf7, 0x9e, 0xf7, 0x9e, 0xf7,
    0x9e, 0xf7, 0x9e, 0xf7, 0x9e, 0xf7, 0x9e, 0xf7, 0x9e, 0xf7, 0x9e, 0xf7,
    0x9e, 0xf7, 0x9e, 0xf7, 0x9e, 0xf7, 0x9e, 0xf7, 0x9e, 0xf7, 0x9e, 0xf7,
    0x9e, 0xf7, 0x9e, 0xf7, 0x9e, 0xf7, 0x9e, 0xf7, 0x9e, 0xf7, 0x9e, 0xf7,
    0x9e, 0xf7, 0x9e, 0xf7, 0x9e, 0xf7, 0x9e, 0xf7, 0x9e, 0xf7, 0x9e, 0xf7,
    0x9e, 0xf7, 0x9e, 0xf7, 0x9e, 0xf7, 0x9e, 0xf7, 0x9e, 0xf7, 0x9e, 0xf7,
    0x9e, 0xf7, 0x9e, 0xf7, 0x9e, 0xf7, 0x9e, 0xf7, 0x9e, 0xf7, 0x9e, 0xf7,
    0x9e, 0xf7, 0x9e, 0xf7, 0x9e, 0xf7, 0x9e, 0xf7, 0x9e, 0xf7, 0x9e, 0xf7,
    0x9e, 0xf7, 0x9e, 0xf7, 0x9e, 0xf7, 0x9e, 0xf7, 0x9e, 0xf7, 0x9e, 0xf7,
    0x9e, 0xf7, 0x9e, 0xf7, 0x9e, 0xf7, 0x9e, 0xf7, 0x9e, 0xf7, 0x9e, 0xf7,
    0x9e, 0xf7, 0x9e, 0xf7, 0x9e, 0xf7, 0x9e, 0xf7, 0x9e, 0xf7, 0x9e, 0xf7,
    0x9e, 0xf7, 0x9e, 0xf7, 0x9e, 0xf7, 0x9e, 0xf7, 0x9e, 0xf7, 0x9e, 0xf7,
    0x9e, 0xf7, 0x9e, 0xf7, 0x9e, 0xf7, 0x9e, 0xf7, 0x9e, 0xf7, 0x9e, 0xf7,
    0x9e, 0xf7, 0x9e, 0xf7, 0x9e, 0xf7, 0x9e, 0xf7, 0x9e, 0xf7, 0x9e, 0xf7,
    0x9e, 0xf7, 0x9e, 0xf7, 0x9e, 0xf7, 0x9e, 0xf7, 0x9e, 0xf7, 0x9e, 0xf7,
    0x9e, 0xf7, 0x9e, 0xf7, 0x9e, 0xf7, 0x9e, 0xf7, 0x9e, 0xf7, 0x9e, 0xf7,
    0x9e, 0xf7, 0x9e, 0xf7, 0x9e, 0xf7, 0x9e, 0xf7, 0x9e, 0xf7, 0x9e, 0xf7,
    0x9e, 0xf7, 0x9e, 0xf7, 0x9e, 0xf7, 0x9e, 0xf7, 0x9e, 0xf7, 0x9e, 0xf7,
    0x9e, 0xf7, 0x9e, 0xf7, 0x9e, 0xf7, 0x9e, 0xf7, 0x9e, 0xf7, 0x9e, 0xf7,
    0x9e, 0xf7, 0x9e, 0xf7, 0x9e, 0xf7, 0x9e, 0xf7, 0x9e, 0xf7, 0x9e, 0xf7,
    0x9e, 0xf7, 0x9e, 0xf7, 0x9e, 0xf7, 0x9e, 0xf7, 0x9e, 0xf7, 0x9e, 0xf7,
    0x9e, 0xf7, 0x9e, 0xf7, 0x9e, 0xf7, 0x9e, 0xf7, 0x9e, 0xf7, 0x9e, 0xf7,
    0x9e, 0xf7, 0x9e, 0xf7, 0x9e, 0xf7, 0x9e, 0xf7, 0x9e, 0xf7, 0x9e, 0xf7,
    0x9e, 0xf7, 0x9e, 0xf7, 0x9e, 0xf7, 0x9e, 0xf7, 0x9e, 0xf7, 0x9e, 0xf7,
    0x9e, 0xf7, 0x9e, 0xf7, 0x9e, 0xf7, 0x9e, 0xf7, 0x9e, 0xf7, 0x9e, 0xf7,
    0x9e, 0xf7, 0x9e, 0xf7, 0x9e, 0xf7, 0x9e, 0xf7, 0x9e, 0xf7, 0x9e, 0xf7,
    0x9e, 0xf7, 0x9e, 0xf7, 0x9e, 0xf7, 0x9e, 0xf7, 0x9e, 0xf7, 0x9e, 0xf7,
    0x9e, 0xf7, 0x9e, 0xf7, 0x9e, 0xf7, 0x9e, 0xf7, 0x9e, 0xf7, 0x9e, 0xf7,
    0x9e, 0xf7, 0x9e, 0xf7, 0x9e, 0xf7, 0x9e, 0xf7, 0x9e, 0xf7, 0x9e, 0xf7,
    0x9e, 0xf7, 0x9e, 0xf7, 0x9e, 0xf7, 0x9e, 0xf7, 0x9e, 0xf7, 0x9e, 0xf7,
    0x9e, 0xf7, 0x9e, 0xf7, 0x9e, 0xf7, 0x9e, 0xf7, 0x9e, 0xf7, 0x9e, 0xf7,
    0x9e, 0xf7, 0x9e, 0xf7, 0x9e, 0xf7, 0x9e, 0xf7, 0x9e, 0xf7, 0x9e, 0xf7,
    0x9e, 0xf7, 0x9e, 0xf7, 0x9e, 0xf7, 0x9e, 0xf7, 0x9e, 0xf7, 0x9e, 0xf7,
    0x9e, 0xf7, 0x9e, 0xf7, 0x9e, 0xf7, 0x9e, 0xf7, 0x9e, 0xf7, 0x9e, 0xf7,
    0x9e, 0xf7, 0x9e, 0xf7, 0x9e, 0xf7, 0x9e, 0xf7, 0x9e, 0xf7, 0x9e, 0xf7,
    0x9e, 0xf7, 0x9e, 0xf7, 0x9e, 0xf7, 0x9e, 0xf7, 0x9e, 0xf7, 0x9e, 0xf7,
    0x9e, 0xf7, 0x9e, 0xf7, 0x9e, 0xf7, 0x9e, 0xf7, 0x9e, 0xf7, 0x9e, 0xf7,
    0x9e, 0xf7, 0x9e, 0xf7, 0x9e, 0xf7, 0x9e, 0xf7, 0x9e, 0xf7, 0x9e, 0xf7,
    0x9e, 0xf7, 0x9e, 0xf7, 0x9e, 0xf7, 0x9e, 0xf7, 0x9e, 0xf7, 0x9e, 0xf7,
    0x9e, 0xf7, 0x9e, 0xf7, 0x9e, 0xf7, 0x9e, 0xf7, 0x9e, 0xf7, 0x9e, 0xf7,
    0x9e, 0xf7, 0x9e, 0xf7, 0x9e, 0xf7, 0x9e, 0xf7, 0x9e, 0xf7, 0x9e, 0xf7,
    0x9e, 0xf7, 0x9e, 0xf7, 0x9e, 0xf7, 0x9e, 0xf7, 0x9e, 0xf7, 0x9e, 0xf7,
    0x9e, 0xf7, 0x9e, 0xf7, 0x9e, 0xf7, 0x9e, 0xf7, 0x9e, 0xf7, 0x9e, 0xf7,
    0x9e, 0xf7, 0x9e, 0xf7, 0x9e, 0xf7, 0x9e, 0xf7, 0x9e, 0xf7, 0x9e, 0xf7,
    0x9e, 0xf7, 0x9e, 0xf7, 0x9e, 0xf7, 0x9e, 0xf7, 0x9e, 0xf7, 0x9e, 0xf7,
    0x9e, 0xf7, 0x9e, 0xf7, 0x9e, 0xf7, 0x9e, 0xf7, 0x9e, 0xf7, 0x9e, 0xf7,
    0x9e, 0xf7, 0x9e, 0xf7, 0x9e, 0xf7, 0x9e, 0xf7, 0x9e, 0xf7, 0x9e, 0xf7,
    0x9e, 0xf7, 0x9e, 0xf7, 0x9e, 0xf7, 0x9e, 0xf7, 0x9e, 0xf7, 0x9e, 0xf7,
    0x9e, 0xf7, 0x9e, 0xf7, 0x9e, 0xf7, 0x9e, 0xf7, 0x9e, 0xf7, 0x9e, 0xf7,
    0x9e, 0xf7, 0x9e, 0xf7, 0x9e, 0xf7, 0x9e, 0xf7, 0x9e, 0xf7, 0x9e, 0xf7,
    0x9e, 0xf7, 0x9e, 0xf7, 0x9e, 0xf7, 0x9e, 0xf7, 0x9e, 0xf7, 0x9e, 0xf7,
    0x9e, 0xf7, 0x9e, 0xf7, 0x9e, 0xf7, 0x9e, 0xf7, 0x9e, 0xf7, 0x9e, 0xf7,
    0x9e, 0xf7, 0x9e, 0xf7, 0x9e, 0xf7, 0x9e, 0xf7, 0x9e, 0xf7, 0x9e, 0xf7,
    0x9e, 0xf7, 0x9e, 0xf7, 0x9e, 0xf7, 0x9e, 0xf7, 0x9e, 0xf7, 0x9e, 0xf7,
    0x9e, 0xf7, 0x9e, 0xf7, 0x9e, 0xf7, 0x9e, 0xf7, 0x9e, 0xf7, 0x9e, 0xf7,
    0x9e, 0xf7, 0x9e, 0xf7, 0x9e, 0xf7, 0x9e, 0xf7, 0x9e, 0xf7, 0x9e, 0xf7,
    0x9e, 0xf7, 0x9e, 0xf7, 0x9e, 0xf7, 0x9e, 0xf7, 0x9e, 0xf7, 0x9e, 0xf7,
    0x9e, 0xf7, 0x9e, 0xf7, 0x9e, 0xf7, 0x9e, 0xf7, 0x9e, 0xf7, 0x9e, 0xf7,
    0x9e, 0xf7, 0x9e, 0xf7, 0x9e, 0xf7, 0x9e, 0xf7, 0x9e, 0xf7, 0x9e, 0xf7,
    0x9e, 0xf7, 0x9e, 0xf7, 0x9e, 0xf7, 0x9e, 0xf7, 0x9e, 0xf7, 0x9e, 0xf7,
    0x9e, 0xf7, 0x9e, 0xf7, 0x9e, 0xf7, 0x9e, 0xf7, 0x9e, 0xf7, 0x9e, 0xf7,
    0x9e, 0xf7, 0x9e, 0xf7, 0x9e, 0xf7, 0x9e, 0xf7, 0x9e, 0xf7, 0x9e, 0xf7,
    0x9e, 0xf7, 0x9e, 0xf7, 0x9e, 0xf7, 0x9e, 0xf7, 0x9e, 0xf7, 0x9e, 0xf7,
    0x9e, 0xf7, 0x9e, 0xf7, 0x9e, 0xf7, 0x9e, 0xf7, 0x9e, 0xf7, 0x9e, 0xf7,
    0x9e, 0xf7, 0x9e, 0xf7, 0x9e, 0xf7, 0x9e, 0xf7, 0x9e, 0xf7, 0x9e, 0xf7,
    0x9e, 0xf7, 0x9e, 0xf7, 0x9e, 0xf7, 0x9e, 0xf7, 0x9e, 0xf7, 0x9e, 0xf7,
    0x9e, 0xf7, 0x9e, 0xf7, 0x9e, 0xf7, 0x9e, 0xf7, 0x9e, 0xf7, 0x9e, 0xf7,
    0x9e, 0xf7, 0x9e, 0xf7, 0x9e, 0xf7, 0x9e, 0xf7, 0x9e, 0xf7, 0x9e, 0xf7,
    0x9e, 0xf7, 0x9e, 0xf7, 0x9e, 0xf7, 0x9e, 0xf7, 0x9e, 0xf7, 0x9e, 0xf7,
    0x9e, 0xf7, 0x9e, 0xf7, 0x9e, 0xf7, 0x9e, 0xf7, 0x9e, 0xf7, 0x9e, 0xf7,
    0x9e, 0xf7, 0x9e, 0xf7, 0x9e, 0xf7, 0x9e, 0xf7, 0x9e, 0xf7, 0x9e, 0xf7,
    0x9e, 0xf7, 0x9e, 0xf7, 0x9e, 0xf7, 0x9e, 0xf7, 0x9e, 0xf7, 0x9e, 0xf7,
    0x9e, 0xf7, 0x9e, 0xf7, 0x9e, 0xf7, 0x9e, 0xf7, 0x9e, 0xf7, 0x9e, 0xf7,
    0x9e, 0xf7, 0x9e, 0xf7, 0x9e, 0xf7, 0x9e, 0xf7, 0x9e, 0xf7, 0x9e, 0xf7,
    0x9e, 0xf7, 0x9e, 0xf7, 0x9e, 0xf7, 0x9e, 0xf7, 0x9e, 0xf7, 0x9e, 0xf7,
    0x9e, 0xf7, 0x9e, 0xf7, 0x9e, 0xf7, 0x9e, 0xf7, 0x9e, 0xf7, 0x9e, 0xf7,
    0x9e, 0xf7, 0x9e, 0xf7, 0x9e, 0xf7, 0x9e, 0xf7, 0x9e, 0xf7, 0x9e, 0xf7,
    0x9e, 0xf7, 0x9e, 0xf7, 0x9e, 0xf7, 0x9e, 0xf7, 0x9e, 0xf7, 0x9e, 0xf7,
    0x9e, 0xf7, 0x9e, 0xf7, 0x9e, 0xf7, 0x9e, 0xf7, 0x9e, 0xf7, 0x9e, 0xf7,
    0x9e, 0xf7, 0x9e, 0xf7, 0x9e, 0xf7, 0x9e, 0xf7, 0x9e, 0xf7, 0x9e, 0xf7,
    0x9e, 0xf7, 0x9e, 0xf7, 0x9e, 0xf7, 0x9e, 0xf7, 0x9e, 0xf7, 0x9e, 0xf7,
    0x9e, 0xf7, 0x9e, 0xf7, 0x9e, 0xf7, 0x9e, 0xf7, 0x9e, 0xf7, 0x9e, 0xf7,
    0x9e, 0xf7, 0x9e, 0xf7, 0x9e, 0xf7, 0x9e, 0xf7, 0x9e, 0xf7, 0x9e, 0xf7,
    0x9e, 0xf7, 0x9e, 0xf7, 0x9e, 0xf7, 0x9e, 0xf7, 0x9e, 0xf7, 0x9e, 0xf7,
    0x9e, 0xf7, 0x9e, 0xf7, 0x9e, 0xf7, 0x9e, 0xf7, 0x9e, 0xf7, 0x9e, 0xf7,
    0x9e, 0xf7, 0x9e, 0xf7, 0x9e, 0xf7, 0x9e, 0xf7, 0x9e, 0xf7, 0x9e, 0xf7,
    0x9e, 0xf7, 0x9e, 0xf7, 0x9e, 0xf7, 0x9e, 0xf7, 0x9e, 0xf7, 0x9e, 0xf7,
    0x9e, 0xf7, 0x9e, 0xf7, 0x9e, 0xf7, 0x9e, 0xf7, 0x9e, 0xf7, 0x9e, 0xf7,
    0x9e, 0xf7, 0x9e, 0xf7, 0x9e, 0xf7, 0x9e, 0xf7, 0x9e, 0xf7, 0x9e, 0xf7,
    0x9e, 0xf7, 0x9e, 0xf7, 0x9e, 0xf7, 0x9e, 0xf7, 0x9e, 0xf7, 0x9e, 0xf7,
    0x9e, 0xf7, 0x9e, 0xf7, 0x9e, 0xf7, 0x9e, 0xf7, 0x9e, 0xf7, 0x9e, 0xf7,
    0x9e, 0xf7, 0x9e, 0xf7, 0x9e, 0xf7, 0x9e, 0xf7, 0x9e, 0xf7, 0x9e, 0xf7,
    0x9e, 0xf7, 0x9e, 0xf7, 0x9e, 0xf7, 0x9e, 0xf7, 0x9e, 0xf7, 0x9e, 0xf7,
    0x9e, 0xf7, 0x9e, 0xf7, 0x9e, 0xf7, 0x9e, 0xf7, 0x9e, 0xf7, 0x9e, 0xf7,
    0x9e, 0xf7, 0x9e, 0xf7, 0x9e, 0xf7, 0x9e, 0xf7, 0x9e, 0xf7, 0x9e, 0xf7,
    0x9e, 0xf7, 0x9e, 0xf7, 0x9e, 0xf7, 0x9e, 0xf7, 0x9e, 0xf7, 0x9e, 0xf7,
    0x9e, 0xf7, 0x9e, 0xf7, 0x9e, 0xf7, 0x9e, 0xf7, 0x9e, 0xf7, 0x9e, 0xf7,
    0x9e, 0xf7, 0x9e, 0xf7, 0x9e, 0xf7, 0x9e, 0xf7, 0x9e, 0xf7, 0x9e, 0xf7,
    0x9e, 0xf7, 0x9e, 0xf7, 0x9e, 0xf7, 0x9e, 0xf7, 0x9e, 0xf7, 0x9e, 0xf7,
    0x9e, 0xf7, 0x9e, 0xf7, 0x9e, 0xf7, 0x9e, 0xf7, 0x9e, 0xf7, 0x9e, 0xf7,
    0x9e, 0xf7, 0x9e, 0xf7, 0x9e, 0xf7, 0x9e, 0xf7, 0x9e, 0xf7, 0x9e, 0xf7,
    0x9e, 0xf7, 0x9e, 0xf7, 0x9e, 0xf7, 0x9e, 0xf7, 0x9e, 0xf7, 0x9e, 0xf7,
    0x9e, 0xf7, 0x9e, 0xf7, 0x9e, 0xf7, 0x9e, 0xf7, 0x9e, 0xf7, 0x9e, 0xf7,
    0x9e, 0xf7, 0x9e, 0xf7, 0x9e, 0xf7, 0x9e, 0xf7, 0x9e, 0xf7, 0x9e, 0xf7,
    0x9e, 0xf7, 0x9e, 0xf7, 0x9e, 0xf7, 0x9e, 0xf7, 0x9e, 0xf7, 0x9e, 0xf7,
    0x9e, 0xf7, 0x9e, 0xf7, 0x9e, 0xf7, 0x9e, 0xf7, 0x9e, 0xf7, 0x9e, 0xf7,
    0x9e, 0xf7, 0x9e, 0xf7, 0x9e, 0xf7, 0x9e, 0xf7, 0x9e, 0xf7, 0x9e, 0xf7,
    0x9e, 0xf7, 0x9e, 0xf7, 0x9e, 0xf7, 0x9e, 0xf7, 0x9e, 0xf7, 0x9e, 0xf7,
    0x9e, 0xf7, 0x9e, 0xf7, 0x9e, 0xf7, 0x9e, 0xf7, 0x9e, 0xf7, 0x9e, 0xf7,
    0x9e, 0xf7, 0x9e, 0xf7, 0x9e, 0xf7, 0x9e, 0xf7, 0x9e, 0xf7, 0x9e, 0xf7,
    0x9e, 0xf7, 0x9e, 0xf7, 0x9e, 0xf7, 0x9e, 0xf7, 0x9e, 0xf7, 0x9e, 0xf7,
    0x9e, 0xf7, 0x9e, 0xf7, 0x9e, 0xf7, 0x9e, 0xf7, 0x9e, 0xf7, 0x9e, 0xf7,
    0x9e, 0xf7, 0x9e, 0xf7, 0x9e, 0xf7, 0x9e, 0xf7, 0x9e, 0xf7, 0x9e, 0xf7,
    0x9e, 0xf7, 0x9e, 0xf7, 0x9e, 0xf7, 0x9e, 0xf7, 0x9e, 0xf7, 0x9e, 0xf7,
    0x9e, 0xf7, 0x9e, 0xf7, 0x9e, 0xf7, 0x9e, 0xf7, 0x9e, 0xf7, 0x9e, 0xf7,
    0x9e, 0xf7, 0x9e, 0xf7, 0x9e, 0xf7, 0x9e, 0xf7, 0x9e, 0xf7, 0x9e, 0xf7,
    0x9e, 0xf7, 0x9e, 0xf7, 0x9e, 0xf7, 0x9e, 0xf7, 0x9e, 0xf7, 0x9e, 0xf7,
    0x9e, 0xf7, 0x9e, 0xf7, 0x9e, 0xf7, 0x9e, 0xf7, 0x9e, 0xf7, 0x9e, 0xf7,
    0x9e, 0xf7, 0x9e, 0xf7, 0x9e, 0xf7, 0x9e, 0xf7, 0x9e, 0xf7, 0x9e, 0xf7,
    0x9e, 0xf7, 0x9e, 0xf7, 0x9e, 0xf7, 0x9e, 0xf7, 0x9e, 0xf7, 0x9e, 0xf7,
    0x9e, 0xf7, 0x9e, 0xf7, 0x9e, 0xf7, 0x9e, 0xf7, 0x9e, 0xf7, 0x9e, 0xf7,
    0x9e, 0xf7, 0x9e, 0xf7, 0x9e, 0xf7, 0x9e, 0xf7, 0x9e, 0xf7, 0x9e, 0xf7,
    0x9e, 0xf7, 0x9e, 0xf7, 0x9e, 0xf7, 0x9e, 0xf7, 0x9e, 0xf7, 0x9e, 0xf7,
    0x9e, 0xf7, 0x9e, 0xf7, 0x9e, 0xf7, 0x9e, 0xf7, 0x9e, 0xf7, 0x9e, 0xf7,
    0x9e, 0xf7, 0x9e, 0xf7, 0x9e, 0xf7, 0x9e, 0xf7, 0x9e, 0xf7, 0x9e, 0xf7,
    0x9e, 0xf7, 0x9e, 0xf7, 0x9e, 0xf7, 0x9e, 0xf7, 0x9e, 0xf7, 0x9e, 0xf7,
    0x9e, 0xf7, 0x9e, 0xf7, 0x9e, 0xf7, 0x9e, 0xf7, 0x9e, 0xf7, 0x9e, 0xf7,
    0x9e, 0xf7, 0x9e, 0xf7, 0x9e, 0xf7, 0x9e, 0xf7, 0x9e, 0xf7, 0x9e, 0xf7,
    0x9e, 0xf7, 0x9e, 0xf7, 0x9e, 0xf7, 0x9e, 0xf7, 0x9e, 0xf7, 0x9e, 0xf7,
    0x9e, 0xf7, 0x9e, 0xf7, 0x9e, 0xf7, 0x9e, 0xf7, 0x9e, 0xf7, 0x9e, 0xf7,
    0x9e, 0xf7, 0x9e, 0xf7, 0x9e, 0xf7, 0x9e, 0xf7, 0x9e, 0xf7, 0x9e, 0xf7,
    0x9e, 0xf7, 0x9e, 0xf7, 0x9e, 0xf7, 0x9e, 0xf7, 0x9e, 0xf7, 0x9e, 0xf7,
    0x9e, 0xf7, 0x9e, 0xf7, 0x9e, 0xf7, 0x9e, 0xf7, 0x9e, 0xf7, 0x9e, 0xf7,
    0x9e, 0xf7, 0x9e, 0xf7, 0x9e, 0xf7, 0x9e, 0xf7, 0x9e, 0xf7, 0x9e, 0xf7,
    0x9e, 0xf7, 0x9e, 0xf7, 0x9e, 0xf7, 0x9e, 0xf7, 0x9e, 0xf7, 0x9e, 0xf7,
    0x9e, 0xf7, 0x9e, 0xf7, 0x9e, 0xf7, 0x9e, 0xf7, 0x9e, 0xf7, 0x9e, 0xf7,
    0x9e, 0xf7, 0x9e, 0xf7, 0x9e, 0xf7, 0x9e, 0xf7, 0x9e, 0xf7, 0x9e, 0xf7,
    0x9e, 0xf7, 0x9e, 0xf7, 0x9e, 0xf7, 0x9e, 0xf7, 0x9e, 0xf7, 0x9e, 0xf7,
    0x9e, 0xf7, 0x9e, 0xf7, 0x9e, 0xf7, 0x9e, 0xf7, 0x9e, 0xf7, 0x9e, 0xf7,
    0x9e, 0xf7, 0x9e, 0xf7, 0x9e, 0xf7, 0x9e, 0xf7, 0x9e, 0xf7, 0x9e, 0xf7,
    0x9e, 0xf7, 0x9e, 0xf7, 0x9e, 0xf7, 0x9e, 0xf7, 0x9e, 0xf7, 0x9e, 0xf7,
    0x9e, 0xf7, 0x9e, 0xf7, 0x9e, 0xf7, 0x9e, 0xf7, 0x9e, 0xf7, 0x9e, 0xf7,
    0x9e, 0xf7, 0x9e, 0xf7, 0x9e, 0xf7, 0x9e, 0xf7, 0x9e, 0xf7, 0x9e, 0xf7,
    0x9e, 0xf7, 0x9e, 0xf7, 0x9e, 0xf7, 0x9e, 0xf7, 0x9e, 0xf7, 0x9e, 0xf7,
    0x9e, 0xf7, 0x9e, 0xf7, 0x9e, 0xf7, 0x9e, 0xf7, 0x9e, 0xf7, 0x9e, 0xf7,
    0x9e, 0xf7, 0x9e, 0xf7, 0x9e, 0xf7, 0x9e, 0xf7, 0x9e, 0xf7, 0x9e, 0xf7,
    0x9e, 0xf7, 0x9e, 0xf7, 0x9e, 0xf7, 0x9e, 0xf7, 0x9e, 0xf7, 0x9e, 0xf7,
    0x9e, 0xf7, 0x9e, 0xf7, 0x9e, 0xf7, 0x9e, 0xf7, 0x9e, 0xf7, 0x9e, 0xf7,
    0x9e, 0xf7, 0x9e, 0xf7, 0x9e, 0xf7, 0x9e, 0xf7, 0x9e, 0xf7, 0x9e, 0xf7,
    0x9e, 0xf7, 0x9e, 0xf7, 0x9e, 0xf7, 0x9e, 0xf7, 0x9e, 0xf7, 0x9e, 0xf7,
    0x9e, 0xf7, 0x9e, 0xf7, 0x9e, 0xf7, 0x9e, 0xf7, 0x9e, 0xf7, 0x9e, 0xf7,
    0x9e, 0xf7, 0x9e, 0xf7, 0x9e, 0xf7, 0x9e, 0xf7, 0x9e, 0xf7, 0x9e, 0xf7,
    0x9e, 0xf7, 0x9e, 0xf7, 0x9e, 0xf7, 0x9e, 0xf7, 0x9e, 0xf7, 0x9e, 0xf7,
    0x9e, 0xf7, 0x9e, 0xf7, 0x9e, 0xf7, 0x9e, 0xf7, 0x9e, 0xf7, 0x9e, 0xf7,
    0x9e, 0xf7, 0x9e, 0xf7, 0x9e, 0xf7, 0x9e, 0xf7, 0x9e, 0xf7, 0x9e, 0xf7,
    0x9e, 0xf7, 0x9e, 0xf7, 0x9e, 0xf7, 0x9e, 0xf7, 0x9e, 0xf7, 0x9e, 0xf7,
    0x9e, 0xf7, 0x9e, 0xf7, 0x9e, 0xf7, 0x9e, 0xf7, 0x9e, 0xf7, 0x9e, 0xf7,
    0x9e, 0xf7, 0x9e, 0xf7, 0x9e, 0xf7, 0x9e, 0xf7, 0x9e, 0xf7, 0x9e, 0xf7,
    0x9e, 0xf7, 0x9e, 0xf7, 0x9e, 0xf7, 0x9e, 0xf7, 0x9e, 0xf7, 0x9e, 0xf7,
    0x9e, 0xf7, 0x9e, 0xf7, 0x9e, 0xf7, 0x9e, 0xf7, 0x9e, 0xf7, 0x9e, 0xf7,
    0x9e, 0xf7, 0x9e, 0xf7, 0x9e, 0xf7, 0x9e, 0xf7, 0x9e, 0xf7, 0x9e, 0xf7,
    0x9e, 0xf7, 0x9e, 0xf7, 0x9e, 0xf7, 0x9e, 0xf7, 0x9e, 0xf7, 0x9e, 0xf7,
    0x9e, 0xf7, 0x9e, 0xf7, 0x9e, 0xf7, 0x9e, 0xf7, 0x9e, 0xf7, 0x9e, 0xf7,
    0x9e, 0xf7, 0x9e, 0xf7, 0x9e, 0xf7, 0x9e, 0xf7, 0x9e, 0xf7, 0x9e, 0xf7,
    0x9e, 0xf7, 0x9e, 0xf7, 0x9e, 0xf7, 0x9e, 0xf7, 0x9e, 0xf7, 0x9e, 0xf7,
    0x9e, 0xf7, 0x9e, 0xf7, 0x9e, 0xf7, 0x9e, 0xf7, 0x9e, 0xf7, 0x9e, 0xf7,
    0x9e, 0xf7, 0x9e, 0xf7, 0x9e, 0xf7, 0x9e, 0xf7, 0x9e, 0xf7, 0x9e, 0xf7,
    0x9e, 0xf7, 0x9e, 0xf7, 0x9e, 0xf7, 0x9e, 0xf7, 0x9e, 0xf7, 0x9e, 0xf7,
    0x9e, 0xf7, 0x9e, 0xf7, 0x9e, 0xf7, 0x9e, 0xf7, 0x9e, 0xf7, 0x9e, 0xf7,
    0x9e, 0xf7, 0x9e, 0xf7, 0x9e, 0xf7, 0x9e, 0xf7, 0x9e, 0xf7, 0x9e, 0xf7,
    0x9e, 0xf7, 0x9e, 0xf7, 0x9e, 0xf7, 0x9e, 0xf7, 0x9e, 0xf7, 0x9e, 0xf7,
    0x9e, 0xf7, 0x9e, 0xf7, 0x9e, 0xf7, 0x9e, 0xf7, 0x9e, 0xf7, 0x9e, 0xf7,
    0x9e, 0xf7, 0x9e, 0xf7, 0x9e, 0xf7, 0x9e, 0xf7, 0x9e, 0xf7, 0x9e, 0xf7,
    0x9e, 0xf7, 0x9e, 0xf7, 0x9e, 0xf7, 0x9e, 0xf7, 0x9e, 0xf7, 0x9e, 0xf7,
    0x9e, 0xf7, 0x9e, 0xf7, 0x9e, 0xf7, 0x9e, 0xf7, 0x9e, 0xf7, 0x9e, 0xf7,
    0x9e, 0xf7, 0x9e, 0xf7, 0x9e, 0xf7, 0x9e, 0xf7, 0x9e, 0xf7, 0x9e, 0xf7,
    0x9e, 0xf7, 0x9e, 0xf7, 0x9e, 0xf7, 0x9e, 0xf7, 0x9e, 0xf7, 0x9e, 0xf7,
    0x9e, 0xf7, 0x9e, 0xf7, 0x9e, 0xf7, 0x9e, 0xf7, 0x9e, 0xf7, 0x9e, 0xf7,
    0x9e, 0xf7, 0x9e, 0xf7, 0x9e, 0xf7, 0x9e, 0xf7, 0x9e, 0xf7, 0x9e, 0xf7,
    0x9e, 0xf7, 0x9e, 0xf7, 0x9e, 0xf7, 0x9e, 0xf7, 0x9e, 0xf7, 0x9e, 0xf7,
    0x9e, 0xf7, 0x9e, 0xf7, 0x9e, 0xf7, 0x9e, 0xf7, 0x9e, 0xf7, 0x9e, 0xf7,
    0x9e, 0xf7, 0x9e, 0xf7, 0x9e, 0xf7, 0x9e, 0xf7, 0x9e, 0xf7, 0x9e, 0xf7,
    0x9e, 0xf7, 0x9e, 0xf7, 0x9e, 0xf7, 0x9e, 0xf7, 0x9e, 0xf7, 0x9e, 0xf7,
    0x9e, 0xf7, 0x9e, 0xf7, 0x9e, 0xf7, 0x9e, 0xf7, 0x9e, 0xf7, 0x9e, 0xf7,
    0x9e, 0xf7, 0x9e, 0xf7, 0x9e, 0xf7, 0x9e, 0xf7, 0x9e, 0xf7, 0x9e, 0xf7,
    0x9e, 0xf7, 0x9e, 0xf7, 0x9e, 0xf7, 0x9e, 0xf7, 0x9e, 0xf7, 0x9e, 0xf7,
    0x9e, 0xf7, 0x9e, 0xf7, 0x9e, 0xf7, 0x9e, 0xf7, 0x9e, 0xf7, 0x9e, 0xf7,
    0x9e, 0xf7, 0x9e, 0xf7, 0x9e, 0xf7, 0x9e, 0xf7, 0x9e, 0xf7, 0x9e, 0xf7,
    0x9e, 0xf7, 0x9e, 0xf7, 0x9e, 0xf7, 0x9e, 0xf7, 0x9e, 0xf7, 0x9e, 0xf7,
    0x9e, 0xf7, 0x9e, 0xf7, 0x9e, 0xf7, 0x9e, 0xf7, 0x9e, 0xf7, 0x9e, 0xf7,
    0x9e, 0xf7, 0x9e, 0xf7, 0x9e, 0xf7, 0x9e, 0xf7, 0x9e, 0xf7, 0x9e, 0xf7,
    0x9e, 0xf7, 0x9e, 0xf7, 0x9e, 0xf7, 0x9e, 0xf7, 0x9e, 0xf7, 0x9e, 0xf7,
    0x9e, 0xf7, 0x9e, 0xf7, 0x9e, 0xf7, 0x9e, 0xf7, 0x9e, 0xf7, 0x9e, 0xf7,
    0x9e, 0xf7, 0x9e, 0xf7, 0x9e, 0xf7, 0x9e, 0xf7, 0x9e, 0xf7, 0x9e, 0xf7,
    0x9e, 0xf7, 0x9e, 0xf7, 0x9e, 0xf7, 0x9e, 0xf7, 0x9e, 0xf7, 0x9e, 0xf7,
    0x9e, 0xf7, 0x9e, 0xf7, 0x9e, 0xf7, 0x9e, 0xf7, 0x9e, 0xf7, 0x9e, 0xf7,
    0x9e, 0xf7, 0x9e, 0xf7, 0x9e, 0xf7, 0x9e, 0xf7, 0x9e, 0xf7, 0x9e, 0xf7,
    0x9e, 0xf7, 0x9e, 0xf7, 0x9e, 0xf7, 0x9e, 0xf7, 0x9e, 0xf7, 0x9e, 0xf7,
    0x9e, 0xf7, 0x9e, 0xf7, 0x9e, 0xf7, 0x9e, 0xf7, 0x9e, 0xf7, 0x9e, 0xf7,
    0x9e, 0xf7, 0x9e, 0xf7, 0x9e, 0xf7, 0x9e, 0xf7, 0x9e, 0xf7, 0x9e, 0xf7,
    0x9e, 0xf7, 0x9e, 0xf7, 0x9e, 0xf7, 0x9e, 0xf7, 0x9e, 0xf7, 0x9e, 0xf7,
    0x9e, 0xf7, 0x9e, 0xf7, 0x9e, 0xf7, 0x9e, 0xf7, 0x9e, 0xf7, 0x9e, 0xf7,
    0x9e, 0xf7, 0x9e, 0xf7, 0x9e, 0xf7, 0x9e, 0xf7, 0x9e, 0xf7, 0x9e, 0xf7,
    0x9e, 0xf7, 0x9e, 0xf7, 0x9e, 0xf7, 0x9e, 0xf7, 0x9e, 0xf7, 0x9e, 0xf7,
    0x9e, 0xf7, 0x9e, 0xf7, 0x9e, 0xf7, 0x9e, 0xf7, 0x9e, 0xf7, 0x9e, 0xf7,
    0x9e, 0xf7, 0x9e, 0xf7, 0x9e, 0xf7, 0x9e, 0xf7, 0x9e, 0xf7, 0x9e, 0xf7,
    0x9e, 0xf7, 0x9e, 0xf7, 0x9e, 0xf7, 0x9e, 0xf7, 0x9e, 0xf7, 0x9e, 0xf7,
    0x9e, 0xf7, 0x9e, 0xf7, 0x9e, 0xf7, 0x9e, 0xf7, 0x9e, 0xf7, 0x9e, 0xf7,
    0x9e, 0xf7, 0x9e, 0xf7, 0x9e, 0xf7, 0x9e, 0xf7, 0x9e, 0xf7, 0x9e, 0xf7,
    0x9e, 0xf7, 0x9e, 0xf7, 0x9e, 0xf7, 0x9e, 0xf7, 0x9e, 0xf7, 0x9e, 0xf7,
    0x9e, 0xf7, 0x9e, 0xf7, 0x9e, 0xf7, 0x9e, 0xf7, 0x9e, 0xf7, 0x9e, 0xf7,
    0x9e, 0xf7, 0x9e, 0xf7, 0x9e, 0xf7, 0x9e, 0xf7, 0x9e, 0xf7, 0x9e, 0xf7,
    0x9e, 0xf7, 0x9e, 0xf7, 0x9e, 0xf7, 0x9e, 0xf7, 0x9e, 0xf7, 0x9e, 0xf7,
    0x9e, 0xf7, 0x9e, 0xf7, 0x9e, 0xf7, 0x9e, 0xf7, 0x9e, 0xf7, 0x9e, 0xf7,
    0x9e, 0xf7, 0x9e, 0xf7, 0x9e, 0xf7, 0x9e, 0xf7, 0x9e, 0xf7, 0x9e, 0xf7,
    0x9e, 0xf7, 0x9e, 0xf7, 0x9e, 0xf7, 0x9e, 0xf7, 0x9e, 0xf7, 0x9e, 0xf7,
    0x9e, 0xf7, 0x9e, 0xf7, 0x9e, 0xf7, 0x9e, 0xf7, 0x9e, 0xf7, 0x9e, 0xf7,
    0x9e, 0xf7, 0x9e, 0xf7, 0x9e, 0xf7, 0x9e, 0xf7, 0x9e, 0xf7, 0x9e, 0xf7,
    0x9e, 0xf7, 0x9e, 0xf7, 0x9e, 0xf7, 0x9e, 0xf7, 0x9e, 0xf7, 0x9e, 0xf7,
    0x9e, 0xf7, 0x9e, 0xf7, 0x9e, 0xf7, 0x9e, 0xf7, 0x9e, 0xf7, 0x9e, 0xf7,
    0x9e, 0xf7, 0x9e, 0xf7, 0x9e, 0xf7, 0x9e, 0xf7, 0x9e, 0xf7, 0x9e, 0xf7,
    0x9e, 0xf7, 0x9e, 0xf7, 0x9e, 0xf7, 0x9e, 0xf7, 0x9e, 0xf7, 0x9e, 0xf7,
    0x9e, 0xf7, 0x9e, 0xf7, 0x9e, 0xf7, 0x9e, 0xf7, 0x9e, 0xf7, 0x9e, 0xf7,
    0x9e, 0xf7, 0x9e, 0xf7, 0x9e, 0xf7, 0x9e, 0xf7, 0x9e, 0xf7, 0x9e, 0xf7,
    0x9e, 0xf7, 0x9e, 0xf7, 0x9e, 0xf7, 0x9e, 0xf7, 0x9e, 0xf7, 0x9e, 0xf7,
    0x9e, 0xf7, 0x9e, 0xf7, 0x9e, 0xf7, 0x9e, 0xf7, 0x9e, 0xf7, 0x9e, 0xf7,
    0x9e, 0xf7, 0x9e, 0xf7, 0x9e, 0xf7, 0x9e, 0xf7, 0x9e, 0xf7, 0x9e, 0xf7,
    0x9e, 0xf7, 0x9e, 0xf7, 0x9e, 0xf7, 0x9e, 0xf7, 0x9e, 0xf7, 0x9e, 0xf7,
    0x9e, 0xf7, 0x9e, 0xf7, 0x9e, 0xf7, 0x9e, 0xf7, 0x9e, 0xf7, 0x9e, 0xf7,
    0x9e, 0xf7, 0x9e, 0xf7, 0x9e, 0xf7, 0x9e, 0xf7, 0x9e, 0xf7, 0x9e, 0xf7,
    0x9e, 0xf7, 0x9e, 0xf7, 0x9e, 0xf7, 0x9e, 0xf7, 0x9e, 0xf7, 0x9e, 0xf7,
    0x9e, 0xf7, 0x9e, 0xf7, 0x9e, 0xf7, 0x9e, 0xf7, 0x9e, 0xf7, 0x9e, 0xf7,
    0x9e, 0xf7, 0x9e, 0xf7, 0x9e, 0xf7, 0x9e, 0xf7, 0x9e, 0xf7, 0x9e, 0xf7,
    0x9e, 0xf7, 0x9e, 0xf7, 0x9e, 0xf7, 0x9e, 0xf7, 0x9e, 0xf7, 0x9e, 0xf7,
    0x9e, 0xf7, 0x9e, 0xf7, 0x9e, 0xf7, 0x9e, 0xf7, 0x9e, 0xf7, 0x9e, 0xf7,
    0x9e, 0xf7, 0x9e, 0xf7, 0x9e, 0xf7, 0x9e, 0xf7, 0x9e, 0xf7, 0x9e, 0xf7,
    0x9e, 0xf7, 0x9e, 0xf7, 0x9e, 0xf7, 0x9e, 0xf7, 0x9e, 0xf7, 0x9e, 0xf7,
    0x9e, 0xf7, 0x9e, 0xf7, 0x9e, 0xf7, 0x9e, 0xf7, 0x9e, 0xf7, 0x9e, 0xf7,
    0x9e, 0xf7, 0x9e, 0xf7, 0x9e, 0xf7, 0x9e, 0xf7, 0x9e, 0xf7, 0x9e, 0xf7,
    0x9e, 0xf7, 0x9e, 0xf7, 0x9e, 0xf7, 0x9e, 0xf7, 0x9e, 0xf7, 0x9e, 0xf7,
    0x9e, 0xf7, 0x9e, 0xf7, 0x9e, 0xf7, 0x9e, 0xf7, 0x9e, 0xf7, 0x9e, 0xf7,
    0x9e, 0xf7, 0x9e, 0xf7, 0x9e, 0xf7, 0x9e, 0xf7, 0x9e, 0xf7, 0x9e, 0xf7,
    0x9e, 0xf7, 0x9e, 0xf7, 0x9e, 0xf7, 0x9e, 0xf7, 0x9e, 0xf7, 0x9e, 0xf7,
    0x9e, 0xf7, 0x9e, 0xf7, 0x9e, 0xf7, 0x9e, 0xf7, 0x9e, 0xf7, 0x9e, 0xf7,
    0x9e, 0xf7, 0x9e, 0xf7, 0x9e, 0xf7, 0x9e, 0xf7, 0x9e, 0xf7, 0x9e, 0xf7,
    0x9e, 0xf7, 0x9e, 0xf7, 0x9e, 0xf7, 0x9e, 0xf7, 0x9e, 0xf7, 0x9e, 0xf7,
    0x9e, 0xf7, 0x9e, 0xf7, 0x9e, 0xf7, 0x9e, 0xf7, 0x9e, 0xf7, 0x9e, 0xf7,
    0x9e, 0xf7, 0x9e, 0xf7, 0x9e, 0xf7, 0x9e, 0xf7, 0x9e, 0xf7, 0x9e, 0xf7,
    0x9e, 0xf7, 0x9e, 0xf7, 0x9e, 0xf7, 0x9e, 0xf7, 0x9e, 0xf7, 0x9e, 0xf7,
    0x9e, 0xf7, 0x9e, 0xf7, 0x9e, 0xf7, 0x9e, 0xf7, 0x9e, 0xf7, 0x9e, 0xf7,
    0x9e, 0xf7, 0x9e, 0xf7, 0x9e, 0xf7, 0x9e, 0xf7, 0x9e, 0xf7, 0x9e, 0xf7,
    0x9e, 0xf7, 0x9e, 0xf7, 0x9e, 0xf7, 0x9e, 0xf7, 0x9e, 0xf7, 0x9e, 0xf7,
    0x9e, 0xf7, 0x9e, 0xf7, 0x9e, 0xf7, 0x9e, 0xf7, 0x9e, 0xf7, 0x9e, 0xf7,
    0x9e, 0xf7, 0x9e, 0xf7, 0x9e, 0xf7, 0x9e, 0xf7, 0x9e, 0xf7, 0x9e, 0xf7,
    0x9e, 0xf7, 0x9e, 0xf7, 0x9e, 0xf7, 0x9e, 0xf7, 0x9e, 0xf7, 0x9e, 0xf7,
    0x9e, 0xf7, 0x9e, 0xf7, 0x9e, 0xf7, 0x9e, 0xf7, 0x9e, 0xf7, 0x9e, 0xf7,
    0x9e, 0xf7, 0x9e, 0xf7, 0x9e, 0xf7, 0x9e, 0xf7, 0x9e, 0xf7, 0x9e, 0xf7,
    0x9e, 0xf7, 0x9e, 0xf7, 0x9e, 0xf7, 0x9e, 0xf7, 0x9e, 0xf7, 0x9e, 0xf7,
    0x9e, 0xf7, 0x9e, 0xf7, 0x9e, 0xf7, 0x9e, 0xf7, 0x9e, 0xf7, 0x9e, 0xf7,
    0x9e, 0xf7, 0x9e, 0xf7, 0x9e, 0xf7, 0x9e, 0xf7, 0x9e, 0xf7, 0x9e, 0xf7,
    0x9e, 0xf7, 0x9e, 0xf7, 0x9e, 0xf7, 0x9e, 0xf7, 0x9e, 0xf7, 0x9e, 0xf7,
    0x9e, 0xf7, 0x9e, 0xf7, 0x9e, 0xf7, 0x9e, 0xf7, 0x9e, 0xf7, 0x9e, 0xf7,
    0x9e, 0xf7, 0x9e, 0xf7, 0x9e, 0xf7, 0x9e, 0xf7, 0x9e, 0xf7, 0x9e, 0xf7,
    0x9e, 0xf7, 0x9e, 0xf7, 0x9e, 0xf7, 0x9e, 0xf7, 0x9e, 0xf7, 0x9e, 0xf7,
    0x9e, 0xf7, 0x9e, 0xf7, 0x9e, 0xf7, 0x9e, 0xf7, 0x9e, 0xf7, 0x9e, 0xf7,
    0x9e, 0xf7, 0x9e, 0xf7, 0x9e, 0xf7, 0x9e, 0xf7, 0x9e, 0xf7, 0x9e, 0xf7,
    0x9e, 0xf7, 0x9e, 0xf7, 0x9e, 0xf7, 0x9e, 0xf7, 0x9e, 0xf7, 0x9e, 0xf7,
    0x9e, 0xf7, 0x9e, 0xf7, 0x9e, 0xf7, 0x9e, 0xf7, 0x9e, 0xf7, 0x9e, 0xf7,
    0x9e, 0xf7, 0x9e, 0xf7, 0x9e, 0xf7, 0x9e, 0xf7, 0x9e, 0xf7, 0x9e, 0xf7,
    0x9e, 0xf7, 0x9e, 0xf7, 0x9e, 0xf7, 0x9e, 0xf7, 0x9e, 0xf7, 0x9e, 0xf7,
    0x9e, 0xf7, 0x9e, 0xf7, 0x9e, 0xf7, 0x9e, 0xf7, 0x9e, 0xf7, 0x9e, 0xf7,
    0x9e, 0xf7, 0x9e, 0xf7, 0x9e, 0xf7, 0x9e, 0xf7, 0x9e, 0xf7, 0x9e, 0xf7,
    0x9e, 0xf7, 0x9e, 0xf7, 0x9e, 0xf7, 0x9e, 0xf7, 0x9e, 0xf7, 0x9e, 0xf7,
    0x9e, 0xf7, 0x9e, 0xf7, 0x9e, 0xf7, 0x9e, 0xf7, 0x9e, 0xf7, 0x9e, 0xf7,
    0x9e, 0xf7, 0x9e, 0xf7, 0x9e, 0xf7, 0x9e, 0xf7, 0x9e, 0xf7, 0x9e, 0xf7,
    0x9e, 0xf7, 0x9e, 0xf7, 0x9e, 0xf7, 0x9e, 0xf7, 0x9e, 0xf7, 0x9e, 0xf7,
    0x9e, 0xf7, 0x9e, 0xf7, 0x9e, 0xf7, 0x9e, 0xf7, 0x9e, 0xf7, 0x9e, 0xf7,
    0x9e, 0xf7, 0x9e, 0xf7, 0x9e, 0xf7, 0x9e, 0xf7, 0x9e, 0xf7, 0x9e, 0xf7,
    0x9e, 0xf7, 0x9e, 0xf7, 0x9e, 0xf7, 0x9e, 0xf7, 0x9e, 0xf7, 0x9e, 0xf7,
    0x9e, 0xf7, 0x9e, 0xf7, 0x9e, 0xf7, 0x9e, 0xf7, 0x9e, 0xf7, 0x9e, 0xf7,
    0x9e, 0xf7, 0x9e, 0xf7, 0x9e, 0xf7, 0x9e, 0xf7, 0x9e, 0xf7, 0x9e, 0xf7,
    0x9e, 0xf7, 0x9e, 0xf7, 0x9e, 0xf7, 0x9e, 0xf7, 0x9e, 0xf7, 0x9e, 0xf7,
    0x9e, 0xf7, 0x9e, 0xf7, 0x9e, 0xf7, 0x9e, 0xf7, 0x9e, 0xf7, 0x9e, 0xf7,
    0x9e, 0xf7, 0x9e, 0xf7, 0x9e, 0xf7, 0x9e, 0xf7, 0x9e, 0xf7, 0x9e, 0xf7,
    0x9e, 0xf7, 0x9e, 0xf7, 0x9e, 0xf7, 0x9e, 0xf7, 0x9e, 0xf7, 0x9e, 0xf7,
    0x9e, 0xf7, 0x9e, 0xf7, 0x9e, 0xf7, 0x9e, 0xf7, 0x9e, 0xf7, 0x9e, 0xf7,
    0x9e, 0xf7, 0x9e, 0xf7, 0x9e, 0xf7, 0x9e, 0xf7, 0x9e, 0xf7, 0x9e, 0xf7,
    0x9e, 0xf7, 0x9e, 0xf7, 0x9e, 0xf7, 0x9e, 0xf7, 0x9e, 0xf7, 0x9e, 0xf7,
    0x9e, 0xf7, 0x9e, 0xf7, 0x9e, 0xf7, 0x9e, 0xf7, 0x9e, 0xf7, 0x9e, 0xf7,
    0x9e, 0xf7, 0x9e, 0xf7, 0x9e, 0xf7, 0x9e, 0xf7, 0x9e, 0xf7, 0x9e, 0xf7,
    0x9e, 0xf7, 0x9e, 0xf7, 0x9e, 0xf7, 0x9e, 0xf7, 0x9e, 0xf7, 0x9e, 0xf7,
    0x9e, 0xf7, 0x9e, 0xf7, 0x9e, 0xf7, 0x9e, 0xf7, 0x9e, 0xf7, 0x9e, 0xf7,
    0x9e, 0xf7, 0x9e, 0xf7, 0x9e, 0xf7, 0x9e, 0xf7, 0x9e, 0xf7, 0x9e, 0xf7,
    0x9e, 0xf7, 0x9e, 0xf7, 0x9e, 0xf7, 0x9e, 0xf7, 0x9e, 0xf7, 0x9e, 0xf7,
    0x9e, 0xf7, 0x9e, 0xf7, 0x9e, 0xf7, 0x9e, 0xf7, 0x9e, 0xf7, 0x9e, 0xf7,
    0x9e, 0xf7, 0x9e, 0xf7, 0x9e, 0xf7, 0x9e, 0xf7, 0x9e, 0xf7, 0x9e, 0xf7,
    0x9e, 0xf7, 0x9e, 0xf7, 0x9e, 0xf7, 0x9e, 0xf7, 0x9e, 0xf7, 0x9e, 0xf7,
    0x9e, 0xf7, 0x9e, 0xf7, 0x9e, 0xf7, 0x9e, 0xf7, 0x9e, 0xf7, 0x9e, 0xf7,
    0x9e, 0xf7, 0x9e, 0xf7, 0x9e, 0xf7, 0x9e, 0xf7, 0x9e, 0xf7, 0x9e, 0xf7,
    0x9e, 0xf7, 0x9e, 0xf7, 0x9e, 0xf7, 0x9e, 0xf7, 0x9e, 0xf7, 0x9e, 0xf7,
    0x9e, 0xf7, 0x9e, 0xf7, 0x9e, 0xf7, 0x9e, 0xf7, 0x9e, 0xf7, 0x9e, 0xf7,
    0x9e, 0xf7, 0x9e, 0xf7, 0x9e, 0xf7, 0x9e, 0xf7, 0x9e, 0xf7, 0x9e, 0xf7,
    0x9e, 0xf7, 0x9e, 0xf7, 0x9e, 0xf7, 0x9e, 0xf7, 0x9e, 0xf7, 0x9e, 0xf7,
    0x9e, 0xf7, 0x9e, 0xf7, 0x9e, 0xf7, 0x9e, 0xf7, 0x9e, 0xf7, 0x9e, 0xf7,
    0x9e, 0xf7, 0x9e, 0xf7, 0x9e, 0xf7, 0x9e, 0xf7, 0x9e, 0xf7, 0x9e, 0xf7,
    0x9e, 0xf7, 0x9e, 0xf7, 0x9e, 0xf7, 0x9e, 0xf7, 0x9e, 0xf7, 0x9e, 0xf7,
    0x9e, 0xf7, 0x9e, 0xf7, 0x9e, 0xf7, 0x9e, 0xf7, 0x9e, 0xf7, 0x9e, 0xf7,
    0x9e, 0xf7, 0x9e, 0xf7, 0x9e, 0xf7, 0x9e, 0xf7, 0x9e, 0xf7, 0x9e, 0xf7,
    0x9e, 0xf7, 0x9e, 0xf7, 0x9e, 0xf7, 0x9e, 0xf7, 0x9e, 0xf7, 0x9e, 0xf7,
    0x9e, 0xf7, 0x9e, 0xf7, 0x9e, 0xf7, 0x9e, 0xf7, 0x9e, 0xf7, 0x9e, 0xf7,
    0x9e, 0xf7, 0x9e, 0xf7, 0x9e, 0xf7, 0x9e, 0xf7, 0x9e, 0xf7, 0x9e, 0xf7,
    0x9e, 0xf7, 0x9e, 0xf7, 0x9e, 0xf7, 0x9e, 0xf7, 0x9e, 0xf7, 0x9e, 0xf7,
    0x9e, 0xf7, 0x9e, 0xf7, 0x9e, 0xf7, 0x9e, 0xf7, 0x9e, 0xf7, 0x9e, 0xf7,
    0x9e, 0xf7, 0x9e, 0xf7, 0x9e, 0xf7, 0x9e, 0xf7, 0x9e, 0xf7, 0x9e, 0xf7,
    0x9e, 0xf7, 0x9e, 0xf7, 0x9e, 0xf7, 0x9e, 0xf7, 0x9e, 0xf7, 0x9e, 0xf7,
    0x9e, 0xf7, 0x9e, 0xf7, 0x9e, 0xf7, 0x9e, 0xf7, 0x9e, 0xf7, 0x9e, 0xf7,
    0x9e, 0xf7, 0x9e, 0xf7, 0x9e, 0xf7, 0x9e, 0xf7, 0x9e, 0xf7, 0x9e, 0xf7,
    0x9e, 0xf7, 0x9e, 0xf7, 0x9e, 0xf7, 0x9e, 0xf7, 0x9e, 0xf7, 0x9e, 0xf7,
    0x9e, 0xf7, 0x9e, 0xf7, 0x9e, 0xf7, 0x9e, 0xf7, 0x9e, 0xf7, 0x9e, 0xf7,
    0x9e, 0xf7, 0x9e, 0xf7, 0x9e, 0xf7, 0x9e, 0xf7, 0x9e, 0xf7, 0x9e, 0xf7,
    0x9e, 0xf7, 0x9e, 0xf7, 0x9e, 0xf7, 0x9e, 0xf7, 0x9e, 0xf7, 0x9e, 0xf7,
    0x9e, 0xf7, 0x9e, 0xf7, 0x9e, 0xf7, 0x9e, 0xf7, 0x9e, 0xf7, 0x9e, 0xf7,
    0x9e, 0xf7, 0x9e, 0xf7, 0x9e, 0xf7, 0x9e, 0xf7, 0x9e, 0xf7, 0x9e, 0xf7,
    0x9e, 0xf7, 0x9e, 0xf7, 0x9e, 0xf7, 0x9e, 0xf7, 0x9e, 0xf7, 0x9e, 0xf7,
    0x9e, 0xf7, 0x9e, 0xf7, 0x9e, 0xf7, 0x9e, 0xf7, 0x9e, 0xf7, 0x9e, 0xf7,
    0x9e, 0xf7, 0x9e, 0xf7, 0x9e, 0xf7, 0x9e, 0xf7, 0x9e, 0xf7, 0x9e, 0xf7,
    0x9e, 0xf7, 0x9e, 0xf7, 0x9e, 0xf7, 0x9e, 0xf7, 0x9e, 0xf7, 0x9e, 0xf7,
    0x9e, 0xf7, 0x9e, 0xf7, 0x9e, 0xf7, 0x9e, 0xf7, 0x9e, 0xf7, 0x9e, 0xf7,
    0x9e, 0xf7, 0x9e, 0xf7, 0x9e, 0xf7, 0x9e, 0xf7, 0x9e, 0xf7, 0x9e, 0xf7,
    0x9e, 0xf7, 0x9e, 0xf7, 0x9e, 0xf7, 0x9e, 0xf7, 0x9e, 0xf7, 0x9e, 0xf7,
    0x9e, 0xf7, 0x9e, 0xf7, 0x9e, 0xf7, 0x9e, 0xf7, 0x9e, 0xf7, 0x9e, 0xf7,
    0x9e, 0xf7, 0x9e, 0xf7, 0x9e, 0xf7, 0x9e, 0xf7, 0x9e, 0xf7, 0x9e, 0xf7,
    0x9e, 0xf7, 0x9e, 0xf7, 0x9e, 0xf7, 0x9e, 0xf7, 0x9e, 0xf7, 0x9e, 0xf7,
    0x9e, 0xf7, 0x9e, 0xf7, 0x9e, 0xf7, 0x9e, 0xf7, 0x9e, 0xf7, 0x9e, 0xf7,
    0x9e, 0xf7, 0x9e, 0xf7, 0x9e, 0xf7, 0x9e, 0xf7, 0x9e, 0xf7, 0x9e, 0xf7,
    0x9e, 0xf7, 0x9e, 0xf7, 0x9e, 0xf7, 0x9e, 0xf7, 0x9e, 0xf7, 0x9e, 0xf7,
    0x9e, 0xf7, 0x9e, 0xf7, 0x9e, 0xf7, 0x9e, 0xf7, 0x9e, 0xf7, 0x9e, 0xf7,
    0x9e, 0xf7, 0x9e, 0xf7, 0x9e, 0xf7, 0x9e, 0xf7, 0x9e, 0xf7, 0x9e, 0xf7,
    0x9e, 0xf7, 0x9e, 0xf7, 0x9e, 0xf7, 0x9e, 0xf7, 0x9e, 0xf7, 0x9e, 0xf7,
    0x9e, 0xf7, 0x9e, 0xf7, 0x9e, 0xf7, 0x9e, 0xf7, 0x9e, 0xf7, 0x9e, 0xf7,
    0x9e, 0xf7, 0x9e, 0xf7, 0x9e, 0xf7, 0x9e, 0xf7, 0x9e, 0xf7, 0x9e, 0xf7,
    0x9e, 0xf7, 0x9e, 0xf7, 0x9e, 0xf7, 0x9e, 0xf7, 0x9e, 0xf7, 0x9e, 0xf7,
    0x9e, 0xf7, 0x9e, 0xf7, 0x9e, 0xf7, 0x9e, 0xf7, 0x9e, 0xf7, 0x9e, 0xf7,
    0x9e, 0xf7, 0x9e, 0xf7, 0x9e, 0xf7, 0x9e, 0xf7, 0x9e, 0xf7, 0x9e, 0xf7,
    0x9e, 0xf7, 0x9e, 0xf7, 0x9e, 0xf7, 0x9e, 0xf7, 0x9e, 0xf7, 0x9e, 0xf7,
    0x9e, 0xf7, 0x9e, 0xf7, 0x9e, 0xf7, 0x9e, 0xf7, 0x9e, 0xf7, 0x9e, 0xf7,
    0x9e, 0xf7, 0x9e, 0xf7, 0x9e, 0xf7, 0x9e, 0xf7, 0x9e, 0xf7, 0x9e, 0xf7,
    0x9e, 0xf7, 0x9e, 0xf7, 0x9e, 0xf7, 0x9e, 0xf7, 0x9e, 0xf7, 0x9e, 0xf7,
    0x9e, 0xf7, 0x9e, 0xf7, 0x9e, 0xf7, 0x9e, 0xf7, 0x9e, 0xf7, 0x9e, 0xf7,
    0x9e, 0xf7, 0x9e, 0xf7, 0x9e, 0xf7, 0x9e, 0xf7, 0x9e, 0xf7, 0x9e, 0xf7,
    0x9e, 0xf7, 0x9e, 0xf7, 0x9e, 0xf7, 0x9e, 0xf7, 0x9e, 0xf7, 0x9e, 0xf7,
    0x9e, 0xf7, 0x9e, 0xf7, 0x9e, 0xf7, 0x9e, 0xf7, 0x9e, 0xf7, 0x9e, 0xf7,
    0x9e, 0xf7, 0x9e, 0xf7, 0x9e, 0xf7, 0x9e, 0xf7, 0x9e, 0xf7, 0x9e, 0xf7,
    0x9e, 0xf7, 0x9e, 0xf7, 0x9e, 0xf7, 0x9e, 0xf7, 0x9e, 0xf7, 0x9e, 0xf7,
    0x9e, 0xf7, 0x9e, 0xf7, 0x9e, 0xf7, 0x9e, 0xf7, 0x9e, 0xf7, 0x9e, 0xf7,
    0x9e, 0xf7, 0x9e, 0xf7, 0x9e, 0xf7, 0x9e, 0xf7, 0x9e, 0xf7, 0x9e, 0xf7,
    0x9e, 0xf7, 0x9e, 0xf7, 0x9e, 0xf7, 0x9e, 0xf7, 0x9e, 0xf7, 0x9e, 0xf7,
    0x9e, 0xf7, 0x9e, 0xf7, 0x9e, 0xf7, 0x9e, 0xf7, 0x9e, 0xf7, 0x9e, 0xf7,
    0x9e, 0xf7, 0x9e, 0xf7, 0x9e, 0xf7, 0x9e, 0xf7, 0x9e, 0xf7, 0x9e, 0xf7,
    0x9e, 0xf7, 0x9e, 0xf7, 0x9e, 0xf7, 0x9e, 0xf7, 0x9e, 0xf7, 0x9e, 0xf7,
    0x9e, 0xf7, 0x9e, 0xf7, 0x9e, 0xf7, 0x9e, 0xf7, 0x9e, 0xf7, 0x9e, 0xf7,
    0x9e, 0xf7, 0x9e, 0xf7, 0x9e, 0xf7, 0x9e, 0xf7, 0x9e, 0xf7, 0x9e, 0xf7,
    0x9e, 0xf7, 0x9e, 0xf7, 0x9e, 0xf7, 0x9e, 0xf7, 0x9e, 0xf7, 0x9e, 0xf7,
    0x9e, 0xf7, 0x9e, 0xf7, 0x9e, 0xf7, 0x9e, 0xf7, 0x9e, 0xf7, 0x9e, 0xf7,
    0x9e, 0xf7, 0x9e, 0xf7, 0x9e, 0xf7, 0x9e, 0xf7, 0x9e, 0xf7, 0x9e, 0xf7,
    0x9e, 0xf7, 0x9e, 0xf7, 0x9e, 0xf7, 0x9e, 0xf7, 0x9e, 0xf7, 0x9e, 0xf7,
    0x9e, 0xf7, 0x9e, 0xf7, 0x9e, 0xf7, 0x9e, 0xf7, 0x9e, 0xf7, 0x9e, 0xf7,
    0x9e, 0xf7, 0x9e, 0xf7, 0x9e, 0xf7, 0x9e, 0xf7, 0x9e, 0xf7, 0x9e, 0xf7,
    0x9e, 0xf7, 0x9e, 0xf7, 0x9e, 0xf7, 0x9e, 0xf7, 0x9e, 0xf7, 0x9e, 0xf7,
    0x9e, 0xf7, 0x9e, 0xf7, 0x9e, 0xf7, 0x9e, 0xf7, 0x9e, 0xf7, 0x9e, 0xf7,
    0x9e, 0xf7, 0x9e, 0xf7, 0x9e, 0xf7, 0x9e, 0xf7, 0x9e, 0xf7, 0x9e, 0xf7,
    0x9e, 0xf7, 0x9e, 0xf7, 0x9e, 0xf7, 0x9e, 0xf7, 0x9e, 0xf7, 0x9e, 0xf7,
    0x9e, 0xf7, 0x9e, 0xf7, 0x9e, 0xf7, 0x9e, 0xf7, 0x9e, 0xf7, 0x9e, 0xf7,
    0x9e, 0xf7, 0x9e, 0xf7, 0x9e, 0xf7, 0x9e, 0xf7, 0x9e, 0xf7, 0x9e, 0xf7,
    0x9e, 0xf7, 0x9e, 0xf7, 0x9e, 0xf7, 0x9e, 0xf7, 0x9e, 0xf7, 0x9e, 0xf7,
    0x9e, 0xf7, 0x9e, 0xf7, 0x9e, 0xf7, 0x9e, 0xf7, 0x9e, 0xf7, 0x9e, 0xf7,
    0x9e, 0xf7, 0x9e, 0xf7, 0x9e, 0xf7, 0x9e, 0xf7, 0x9e, 0xf7, 0x9e, 0xf7,
    0x9e, 0xf7, 0x9e, 0xf7, 0x9e, 0xf7, 0x9e, 0xf7, 0x9e, 0xf7, 0x9e, 0xf7,
    0x9e, 0xf7, 0x9e, 0xf7, 0x9e, 0xf7, 0x9e, 0xf7, 0x9e, 0xf7, 0x9e, 0xf7,
    0x9e, 0xf7, 0x9e, 0xf7, 0x9e, 0xf7, 0x9e, 0xf7, 0x9e, 0xf7, 0x9e, 0xf7,
    0x9e, 0xf7, 0x9e, 0xf7, 0x9e, 0xf7, 0x9e, 0xf7, 0x9e, 0xf7, 0x9e, 0xf7,
    0x9e, 0xf7, 0x9e, 0xf7, 0x9e, 0xf7, 0x9e, 0xf7, 0x9e, 0xf7, 0x9e, 0xf7,
    0x9e, 0xf7, 0x9e, 0xf7, 0x9e, 0xf7, 0x9e, 0xf7, 0x9e, 0xf7, 0x9e, 0xf7,
    0x9e, 0xf7, 0x9e, 0xf7, 0x9e, 0xf7, 0x9e, 0xf7, 0x9e, 0xf7, 0x9e, 0xf7,
    0x9e, 0xf7, 0x9e, 0xf7, 0x9e, 0xf7, 0x9e, 0xf7, 0x9e, 0xf7, 0x9e, 0xf7,
    0x9e, 0xf7, 0x9e, 0xf7, 0x9e, 0xf7, 0x9e, 0xf7, 0x9e, 0xf7, 0x9e, 0xf7,
    0x9e, 0xf7, 0x9e, 0xf7, 0x9e, 0xf7, 0x9e, 0xf7, 0x9e, 0xf7, 0x9e, 0xf7,
    0x9e, 0xf7, 0x9e, 0xf7, 0x9e, 0xf7, 0x9e, 0xf7, 0x9e, 0xf7, 0x9e, 0xf7,
    0x9e, 0xf7, 0x9e, 0xf7, 0x9e, 0xf7, 0x9e, 0xf7, 0x9e, 0xf7, 0x9e, 0xf7,
    0x9e, 0xf7, 0x9e, 0xf7, 0x9e, 0xf7, 0x9e, 0xf7, 0x9e, 0xf7, 0x9e, 0xf7,
    0x9e, 0xf7, 0x9e, 0xf7, 0x9e, 0xf7, 0x9e, 0xf7, 0x9e, 0xf7, 0x9e, 0xf7,
    0x9e, 0xf7, 0x9e, 0xf7, 0x9e, 0xf7, 0x9e, 0xf7, 0x9e, 0xf7, 0x9e, 0xf7,
    0x9e, 0xf7, 0x9e, 0xf7, 0x9e, 0xf7, 0x9e, 0xf7, 0x9e, 0xf7, 0x9e, 0xf7,
    0x9e, 0xf7, 0x9e, 0xf7, 0x9e, 0xf7, 0x9e, 0xf7, 0x9e, 0xf7, 0x9e, 0xf7,
    0x9e, 0xf7, 0x9e, 0xf7, 0x9e, 0xf7, 0x9e, 0xf7, 0x9e, 0xf7, 0x9e, 0xf7,
    0x9e, 0xf7, 0x9e, 0xf7, 0x9e, 0xf7, 0x9e, 0xf7, 0x9e, 0xf7, 0x9e, 0xf7,
    0x9e, 0xf7, 0x9e, 0xf7, 0x9e, 0xf7, 0x9e, 0xf7, 0x9e, 0xf7, 0x9e, 0xf7,
    0x9e, 0xf7, 0x9e, 0xf7, 0x9e, 0xf7, 0x9e, 0xf7, 0x9e, 0xf7, 0x9e, 0xf7,
    0x9e, 0xf7, 0x9e, 0xf7, 0x9e, 0xf7, 0x9e, 0xf7, 0x9e, 0xf7, 0x9e, 0xf7,
    0x9e, 0xf7, 0x9e, 0xf7, 0x9e, 0xf7, 0x9e, 0xf7, 0x9e, 0xf7, 0x9e, 0xf7,
    0x9e, 0xf7, 0x9e, 0xf7, 0x9e, 0xf7, 0x9e, 0xf7, 0x9e, 0xf7, 0x9e, 0xf7,
    0x9e, 0xf7, 0x9e, 0xf7, 0x9e, 0xf7, 0x9e, 0xf7, 0x9e, 0xf7, 0x9e, 0xf7,
    0x9e, 0xf7, 0x9e, 0xf7, 0x9e, 0xf7, 0x9e, 0xf7, 0x9e, 0xf7, 0x9e, 0xf7,
    0x9e, 0xf7, 0x9e, 0xf7, 0x9e, 0xf7, 0x9e, 0xf7, 0x9e, 0xf7, 0x9e, 0xf7,
    0x9e, 0xf7, 0x9e, 0xf7, 0x9e, 0xf7, 0x9e, 0xf7, 0x9e, 0xf7, 0x9e, 0xf7,
    0x9e, 0xf7, 0x9e, 0xf7, 0x9e, 0xf7, 0x9e, 0xf7, 0x9e, 0xf7, 0x9e, 0xf7,
    0x9e, 0xf7, 0x9e, 0xf7, 0x9e, 0xf7, 0x9e, 0xf7, 0x9e, 0xf7, 0x9e, 0xf7,
    0x9e, 0xf7, 0x9e, 0xf7, 0x9e, 0xf7, 0x9e, 0xf7, 0x9e, 0xf7, 0x9e, 0xf7,
    0x9e, 0xf7, 0x9e, 0xf7, 0x9e, 0xf7, 0x9e, 0xf7, 0x9e, 0xf7, 0x9e, 0xf7,
    0x9e, 0xf7, 0x9e, 0xf7, 0x9e, 0xf7, 0x9e, 0xf7, 0x9e, 0xf7, 0x9e, 0xf7,
    0x9e, 0xf7, 0x9e, 0xf7, 0x9e, 0xf7, 0x9e, 0xf7, 0x9e, 0xf7, 0x9e, 0xf7,
    0x9e, 0xf7, 0x9e, 0xf7, 0x9e, 0xf7, 0x9e, 0xf7, 0x9e, 0xf7, 0x9e, 0xf7,
    0x9e, 0xf7, 0x9e, 0xf7, 0x9e, 0xf7, 0x9e, 0xf7, 0x9e, 0xf7, 0x9e, 0xf7,
    0x9e, 0xf7, 0x9e, 0xf7, 0x9e, 0xf7, 0x9e, 0xf7, 0x9e, 0xf7, 0x9e, 0xf7,
    0x9e, 0xf7, 0x9e, 0xf7, 0x9e, 0xf7, 0x9e, 0xf7, 0x9e, 0xf7, 0x9e, 0xf7,
    0x9e, 0xf7, 0x9e, 0xf7, 0x9e, 0xf7, 0x9e, 0xf7, 0x9e, 0xf7, 0x9e, 0xf7,
    0x9e, 0xf7, 0x9e, 0xf7, 0x9e, 0xf7, 0x9e, 0xf7, 0x9e, 0xf7, 0x9e, 0xf7,
    0x9e, 0xf7, 0x9e, 0xf7, 0x9e, 0xf7, 0x9e, 0xf7, 0x9e, 0xf7, 0x9e, 0xf7,
    0x9e, 0xf7, 0x9e, 0xf7, 0x9e, 0xf7, 0x9e, 0xf7, 0x9e, 0xf7, 0x9e, 0xf7,
    0x9e, 0xf7, 0x9e, 0xf7, 0x9e, 0xf7, 0x9e, 0xf7, 0x9e, 0xf7, 0x9e, 0xf7,
    0x9e, 0xf7, 0x9e, 0xf7, 0x9e, 0xf7, 0x9e, 0xf7, 0x9e, 0xf7, 0x9e, 0xf7,
    0x9e, 0xf7, 0x9e, 0xf7, 0x9e, 0xf7, 0x9e, 0xf7, 0x9e, 0xf7, 0x9e, 0xf7,
    0x9e, 0xf7, 0x9e, 0xf7, 0x9e, 0xf7, 0x9e, 0xf7, 0x9e, 0xf7, 0x9e, 0xf7,
    0x9e, 0xf7, 0x9e, 0xf7, 0x9e, 0xf7, 0x9e, 0xf7, 0x9e, 0xf7, 0x9e, 0xf7,
    0x9e, 0xf7, 0x9e, 0xf7, 0x9e, 0xf7, 0x9e, 0xf7, 0x9e, 0xf7, 0x9e, 0xf7,
    0x9e, 0xf7, 0x9e, 0xf7, 0x9e, 0xf7, 0x9e, 0xf7, 0x9e, 0xf7, 0x9e, 0xf7,
    0x9e, 0xf7, 0x9e, 0xf7, 0x9e, 0xf7, 0x9e, 0xf7, 0x9e, 0xf7, 0x9e, 0xf7,
    0x9e, 0xf7, 0x9e, 0xf7, 0x9e, 0xf7, 0x9e, 0xf7, 0x9e, 0xf7, 0x9e, 0xf7,
    0x9e, 0xf7, 0x9e, 0xf7, 0x9e, 0xf7, 0x9e, 0xf7, 0x9e, 0xf7, 0x9e, 0xf7,
    0x9e, 0xf7, 0x9e, 0xf7, 0x9e, 0xf7, 0x9e, 0xf7, 0x9e, 0xf7, 0x9e, 0xf7,
    0x9e, 0xf7, 0x9e, 0xf7, 0x9e, 0xf7, 0x9e, 0xf7, 0x9e, 0xf7, 0x9e, 0xf7,
    0x9e, 0xf7, 0x9e, 0xf7, 0x9e, 0xf7, 0x9e, 0xf7, 0x9e, 0xf7, 0x9e, 0xf7,
    0x9e, 0xf7, 0x9e, 0xf7, 0x9e, 0xf7, 0x9e, 0xf7, 0x9e, 0xf7, 0x9e, 0xf7,
    0x9e, 0xf7, 0x9e, 0xf7, 0x9e, 0xf7, 0x9e, 0xf7, 0x9e, 0xf7, 0x9e, 0xf7,
    0x9e, 0xf7, 0x9e, 0xf7, 0x9e, 0xf7, 0x9e, 0xf7, 0x9e, 0xf7, 0x9e, 0xf7,
    0x9e, 0xf7, 0x9e, 0xf7, 0x9e, 0xf7, 0x9e, 0xf7, 0x9e, 0xf7, 0x9e, 0xf7,
    0x9e, 0xf7, 0x9e, 0xf7, 0x9e, 0xf7, 0x9e, 0xf7, 0x9e, 0xf7, 0x9e, 0xf7,
    0x9e, 0xf7, 0x9e, 0xf7, 0x9e, 0xf7, 0x9e, 0xf7, 0x9e, 0xf7, 0x9e, 0xf7,
    0x9e, 0xf7, 0x9e, 0xf7, 0x9e, 0xf7, 0x9e, 0xf7, 0x9e, 0xf7, 0x9e, 0xf7,
    0x9e, 0xf7, 0x9e, 0xf7, 0x9e, 0xf7, 0x9e, 0xf7, 0x9e, 0xf7, 0x9e, 0xf7,
    0x9e, 0xf7, 0x9e, 0xf7, 0x9e, 0xf7, 0x9e, 0xf7, 0x9e, 0xf7, 0x9e, 0xf7,
    0x9e, 0xf7, 0x9e, 0xf7, 0x9e, 0xf7, 0x9e, 0xf7, 0x9e, 0xf7, 0x9e, 0xf7,
    0x9e, 0xf7, 0x9e, 0xf7, 0x9e, 0xf7, 0x9e, 0xf7, 0x9e, 0xf7, 0x9e, 0xf7,
    0x9e, 0xf7, 0x9e, 0xf7, 0x9e, 0xf7, 0x9e, 0xf7, 0x9e, 0xf7, 0x9e, 0xf7,
    0x9e, 0xf7, 0x9e, 0xf7, 0x9e, 0xf7, 0x9e, 0xf7, 0x9e, 0xf7, 0x9e, 0xf7,
    0x9e, 0xf7, 0x9e, 0xf7, 0x9e, 0xf7, 0x9e, 0xf7, 0x9e, 0xf7, 0x9e, 0xf7,
    0x9e, 0xf7, 0x9e, 0xf7, 0x9e, 0xf7, 0x9e, 0xf7, 0x9e, 0xf7, 0x9e, 0xf7,
    0x9e, 0xf7, 0x9e, 0xf7, 0x9e, 0xf7, 0x9e, 0xf7, 0x9e, 0xf7, 0x9e, 0xf7,
    0x9e, 0xf7, 0x9e, 0xf7, 0x9e, 0xf7, 0x9e, 0xf7, 0x9e, 0xf7, 0x9e, 0xf7,
    0x9e, 0xf7, 0x9e, 0xf7, 0x9e, 0xf7, 0x9e, 0xf7, 0x9e, 0xf7, 0x9e, 0xf7,
    0x9e, 0xf7, 0x9e, 0xf7, 0x9e, 0xf7, 0x9e, 0xf7, 0x9e, 0xf7, 0x9e, 0xf7,
    0x9e, 0xf7, 0x9e, 0xf7, 0x9e, 0xf7, 0x9e, 0xf7, 0x9e, 0xf7, 0x9e, 0xf7,
    0x9e, 0xf7, 0x9e, 0xf7, 0x9e, 0xf7, 0x9e, 0xf7, 0x9e, 0xf7, 0x9e, 0xf7,
    0x9e, 0xf7, 0x9e, 0xf7, 0x9e, 0xf7, 0x9e, 0xf7, 0x9e, 0xf7, 0x9e, 0xf7,
    0x9e, 0xf7, 0x9e, 0xf7, 0x9e, 0xf7, 0x9e, 0xf7, 0x9e, 0xf7, 0x9e, 0xf7,
    0x9e, 0xf7, 0x9e, 0xf7, 0x9e, 0xf7, 0x9e, 0xf7, 0x9e, 0xf7, 0x9e, 0xf7,
    0x9e, 0xf7, 0x9e, 0xf7, 0x9e, 0xf7, 0x9e, 0xf7, 0x9e, 0xf7, 0x9e, 0xf7,
    0x9e, 0xf7, 0x9e, 0xf7, 0x9e, 0xf7, 0x9e, 0xf7, 0x9e, 0xf7, 0x9e, 0xf7,
    0x9e, 0xf7, 0x9e, 0xf7, 0x9e, 0xf7, 0x9e, 0xf7, 0x9e, 0xf7, 0x9e, 0xf7,
    0x9e, 0xf7, 0x9e, 0xf7, 0x9e, 0xf7, 0x9e, 0xf7, 0x9e, 0xf7, 0x9e, 0xf7,
    0x9e, 0xf7, 0x9e, 0xf7, 0x9e, 0xf7, 0x9e, 0xf7, 0x9e, 0xf7, 0x9e, 0xf7,
    0x9e, 0xf7, 0x9e, 0xf7, 0x9e, 0xf7, 0x9e, 0xf7, 0x9e, 0xf7, 0x9e, 0xf7,
    0x9e, 0xf7, 0x9e, 0xf7, 0x9e, 0xf7, 0x9e, 0xf7, 0x9e, 0xf7, 0x9e, 0xf7,
    0x9e, 0xf7, 0x9e, 0xf7, 0x9e, 0xf7, 0x9e, 0xf7, 0x9e, 0xf7, 0x9e, 0xf7,
    0x9e, 0xf7, 0x9e, 0xf7, 0x9e, 0xf7, 0x9e, 0xf7, 0x9e, 0xf7, 0x9e, 0xf7,
    0x9e, 0xf7, 0x9e, 0xf7, 0x9e, 0xf7, 0x9e, 0xf7, 0x9e, 0xf7, 0x9e, 0xf7,
    0x9e, 0xf7, 0x9e, 0xf7, 0x9e, 0xf7, 0x9e, 0xf7, 0x9e, 0xf7, 0x9e, 0xf7,
    0x9e, 0xf7, 0x9e, 0xf7, 0x9e, 0xf7, 0x9e, 0xf7, 0x9e, 0xf7, 0x9e, 0xf7,
    0x9e, 0xf7, 0x9e, 0xf7, 0x9e, 0xf7, 0x9e, 0xf7, 0x9e, 0xf7, 0x9e, 0xf7,
    0x9e, 0xf7, 0x9e, 0xf7, 0x9e, 0xf7, 0x9e, 0xf7, 0x9e, 0xf7, 0x9e, 0xf7,
    0x9e, 0xf7, 0x9e, 0xf7, 0x9e, 0xf7, 0x9e, 0xf7, 0x9e, 0xf7, 0x9e, 0xf7,
    0x9e, 0xf7, 0x9e, 0xf7, 0x9e, 0xf7, 0x9e, 0xf7, 0x9e, 0xf7, 0x9e, 0xf7,
    0x9e, 0xf7, 0x9e, 0xf7, 0x9e, 0xf7, 0x9e, 0xf7, 0x9e, 0xf7, 0x9e, 0xf7,
    0x9e, 0xf7, 0x9e, 0xf7, 0x9e, 0xf7, 0x9e, 0xf7, 0x9e, 0xf7, 0x9e, 0xf7,
    0x9e, 0xf7, 0x9e, 0xf7, 0x9e, 0xf7, 0x9e, 0xf7, 0x9e, 0xf7, 0x9e, 0xf7,
    0x9e, 0xf7, 0x9e, 0xf7, 0x9e, 0xf7, 0x9e, 0xf7, 0x9e, 0xf7, 0x9e, 0xf7,
    0x9e, 0xf7, 0x9e, 0xf7, 0x9e, 0xf7, 0x9e, 0xf7, 0x9e, 0xf7, 0x9e, 0xf7,
    0x9e, 0xf7, 0x9e, 0xf7, 0x9e, 0xf7, 0x9e, 0xf7, 0x9e, 0xf7, 0x9e, 0xf7,
    0x9e, 0xf7, 0x9e, 0xf7, 0x9e, 0xf7, 0x9e, 0xf7, 0x9e, 0xf7, 0x9e, 0xf7,
    0x9e, 0xf7, 0x9e, 0xf7, 0x9e, 0xf7, 0x9e, 0xf7, 0x9e, 0xf7, 0x9e, 0xf7,
    0x9e, 0xf7, 0x9e, 0xf7, 0x9e, 0xf7, 0x9e, 0xf7, 0x9e, 0xf7, 0x9e, 0xf7,
    0x9e, 0xf7, 0x9e, 0xf7, 0x9e, 0xf7, 0x9e, 0xf7, 0x9e, 0xf7, 0x9e, 0xf7,
    0x9e, 0xf7, 0x9e, 0xf7, 0x9e, 0xf7, 0x9e, 0xf7, 0x9e, 0xf7, 0x9e, 0xf7,
    0x9e, 0xf7, 0x9e, 0xf7, 0x9e, 0xf7, 0x9e, 0xf7, 0x9e, 0xf7, 0x9e, 0xf7,
    0x9e, 0xf7, 0x9e, 0xf7, 0x9e, 0xf7, 0x9e, 0xf7, 0x9e, 0xf7, 0x9e, 0xf7,
    0x9e, 0xf7, 0x9e, 0xf7, 0x9e, 0xf7, 0x9e, 0xf7, 0x9e, 0xf7, 0x9e, 0xf7,
    0x9e, 0xf7, 0x9e, 0xf7, 0x9e, 0xf7, 0x9e, 0xf7, 0x9e, 0xf7, 0x9e, 0xf7,
    0x9e, 0xf7, 0x9e, 0xf7, 0x9e, 0xf7, 0x9e, 0xf7, 0x9e, 0xf7, 0x9e, 0xf7,
    0x9e, 0xf7, 0x9e, 0xf7, 0x9e, 0xf7, 0x9e, 0xf7, 0x9e, 0xf7, 0x9e, 0xf7,
    0x9e, 0xf7, 0x9e, 0xf7, 0x9e, 0xf7, 0x9e, 0xf7, 0x9e, 0xf7, 0x9e, 0xf7,
    0x9e, 0xf7, 0x9e, 0xf7, 0x9e, 0xf7, 0x9e, 0xf7, 0x9e, 0xf7, 0x9e, 0xf7,
    0x9e, 0xf7, 0x9e, 0xf7, 0x9e, 0xf7, 0x9e, 0xf7, 0x9e, 0xf7, 0x9e, 0xf7,
    0x9e, 0xf7, 0x9e, 0xf7, 0x9e, 0xf7, 0x9e, 0xf7, 0x9e, 0xf7, 0x9e, 0xf7,
    0x9e, 0xf7, 0x9e, 0xf7, 0x9e, 0xf7, 0x9e, 0xf7, 0x9e, 0xf7, 0x9e, 0xf7,
    0x9e, 0xf7, 0x9e, 0xf7, 0x9e, 0xf7, 0x9e, 0xf7, 0x9e, 0xf7, 0x9e, 0xf7,
    0x9e, 0xf7, 0x9e, 0xf7, 0x9e, 0xf7, 0x9e, 0xf7, 0x9e, 0xf7, 0x9e, 0xf7,
    0x9e, 0xf7, 0x9e, 0xf7, 0x9e, 0xf7, 0x9e, 0xf7, 0x9e, 0xf7, 0x9e, 0xf7,
    0x9e, 0xf7, 0x9e, 0xf7, 0x9e, 0xf7, 0x9e, 0xf7, 0x9e, 0xf7, 0x9e, 0xf7,
    0x9e, 0xf7, 0x9e, 0xf7, 0x9e, 0xf7, 0x9e, 0xf7, 0x9e, 0xf7, 0x9e, 0xf7,
    0x9e, 0xf7, 0x9e, 0xf7, 0x9e, 0xf7, 0x9e, 0xf7, 0x9e, 0xf7, 0x9e, 0xf7,
    0x9e, 0xf7, 0x9e, 0xf7, 0x9e, 0xf7, 0x9e, 0xf7, 0x9e, 0xf7, 0x9e, 0xf7,
    0x9e, 0xf7, 0x9e, 0xf7, 0x9e, 0xf7, 0x9e, 0xf7, 0x9e, 0xf7, 0x9e, 0xf7,
    0x9e, 0xf7, 0x9e, 0xf7, 0x9e, 0xf7, 0x9e, 0xf7, 0x9e, 0xf7, 0x9e, 0xf7,
    0x9e, 0xf7, 0x9e, 0xf7, 0x9e, 0xf7, 0x9e, 0xf7, 0x9e, 0xf7, 0x9e, 0xf7,
    0x9e, 0xf7, 0x9e, 0xf7, 0x9e, 0xf7, 0x9e, 0xf7, 0x9e, 0xf7, 0x9e, 0xf7,
    0x9e, 0xf7, 0x9e, 0xf7, 0x9e, 0xf7, 0x9e, 0xf7, 0x9e, 0xf7, 0x9e, 0xf7,
    0x9e, 0xf7, 0x9e, 0xf7, 0x9e, 0xf7, 0x9e, 0xf7, 0x9e, 0xf7, 0x9e, 0xf7,
    0x9e, 0xf7, 0x9e, 0xf7, 0x9e, 0xf7, 0x9e, 0xf7, 0x9e, 0xf7, 0x9e, 0xf7,
    0x9e, 0xf7, 0x9e, 0xf7, 0x9e, 0xf7, 0x9e, 0xf7, 0x9e, 0xf7, 0x9e, 0xf7,
    0x9e, 0xf7, 0x9e, 0xf7, 0x9e, 0xf7, 0x9e, 0xf7, 0x9e, 0xf7, 0x9e, 0xf7
};

const lv_image_dsc_t img_probe_icon_2 = {
  .header = {
    .magic = LV_IMAGE_HEADER_MAGIC,
    .cf = LV_COLOR_FORMAT_RGB565,
    .flags = 0,
    .w = 150,
    .h = 150,
    .stride = 300,
    .reserved_2 = 0,
  },
  .data_size = sizeof(img_probe_icon_2_map),
  .data = img_probe_icon_2_map,
  .reserved = NULL,
};
