#if defined(LV_LVGL_H_INCLUDE_SIMPLE)
#include "lvgl.h"
#elif defined(LV_LVGL_H_INCLUDE_SYSTEM)
#include <lvgl.h>
#elif defined(LV_BUILD_TEST)
#include "../lvgl.h"
#else
#include "lvgl/lvgl.h"
#endif

#ifndef LV_ATTRIBUTE_MEM_ALIGN
#define LV_ATTRIBUTE_MEM_ALIGN
#endif

#ifndef LV_ATTRIBUTE_IMG_IMG_PROBE_OUT_4
#define LV_ATTRIBUTE_IMG_IMG_PROBE_OUT_4
#endif

#if TFT_WIDTH > 480
// 150x150 version for TFT_WIDTH > 480
static const LV_ATTRIBUTE_MEM_ALIGN LV_ATTRIBUTE_LARGE_CONST LV_ATTRIBUTE_IMG_IMG_PROBE_OUT_4
uint8_t img_probe_out_4_map[] = {
0xeb, 0x62, 0x0c, 0x63, 0xeb, 0x62, 0x0c, 0x63, 0xeb, 0x62, 0x0c, 0x63,
    0xeb, 0x62, 0x0c, 0x63, 0xeb, 0x62, 0x0c, 0x63, 0xeb, 0x62, 0x0c, 0x63,
    0xeb, 0x62, 0x0c, 0x63, 0xeb, 0x62, 0x0c, 0x63, 0xeb, 0x62, 0x0c, 0x63,
    0xeb, 0x62, 0x0c, 0x63, 0xeb, 0x62, 0x0c, 0x63, 0xeb, 0x62, 0x0c, 0x63,
    0xeb, 0x62, 0x0c, 0x63, 0xeb, 0x62, 0x0c, 0x63, 0xeb, 0x62, 0x0c, 0x63,
    0xeb, 0x62, 0x0c, 0x63, 0xeb, 0x62, 0x0c, 0x63, 0xeb, 0x62, 0x0c, 0x63,
    0xeb, 0x62, 0x0c, 0x63, 0xeb, 0x62, 0x0c, 0x63, 0xeb, 0x62, 0x0c, 0x63,
    0xeb, 0x62, 0x0c, 0x63, 0xeb, 0x62, 0x0c, 0x63, 0xeb, 0x62, 0x0c, 0x63,
    0xeb, 0x62, 0x0c, 0x63, 0xeb, 0x62, 0x0c, 0x63, 0xeb, 0x62, 0x0c, 0x63,
    0xeb, 0x62, 0x0c, 0x63, 0xeb, 0x62, 0x0c, 0x63, 0xeb, 0x62, 0x0c, 0x63,
    0xeb, 0x62, 0x0c, 0x63, 0xeb, 0x62, 0x0c, 0x63, 0xeb, 0x62, 0x0c, 0x63,
    0xeb, 0x62, 0x0c, 0x63, 0xeb, 0x62, 0x0c, 0x63, 0xeb, 0x62, 0x0c, 0x63,
    0xeb, 0x62, 0x0c, 0x63, 0xeb, 0x62, 0x0c, 0x63, 0xeb, 0x62, 0x0c, 0x63,
    0xeb, 0x62, 0x0c, 0x63, 0xeb, 0x62, 0x0c, 0x63, 0xeb, 0x62, 0x0c, 0x63,
    0xeb, 0x62, 0x0c, 0x63, 0xeb, 0x62, 0x0c, 0x63, 0xeb, 0x62, 0x0c, 0x63,
    0xeb, 0x62, 0x0c, 0x63, 0xeb, 0x62, 0x0c, 0x63, 0xeb, 0x62, 0x0c, 0x63,
    0xeb, 0x62, 0x0c, 0x63, 0xeb, 0x62, 0x0c, 0x63, 0xeb, 0x62, 0x0c, 0x63,
    0xeb, 0x62, 0x0c, 0x63, 0xeb, 0x62, 0x0c, 0x63, 0xeb, 0x62, 0x0c, 0x63,
    0xeb, 0x62, 0x0c, 0x63, 0xeb, 0x62, 0x0c, 0x63, 0xeb, 0x62, 0x0c, 0x63,
    0xeb, 0x62, 0x0c, 0x63, 0xeb, 0x62, 0x0c, 0x63, 0xeb, 0x62, 0x0c, 0x63,
    0xeb, 0x62, 0x0c, 0x63, 0xeb, 0x62, 0x0c, 0x63, 0xeb, 0x62, 0x0c, 0x63,
    0xeb, 0x62, 0x0c, 0x63, 0xeb, 0x62, 0x0c, 0x63, 0xeb, 0x62, 0x0c, 0x63,
    0xeb, 0x62, 0x0c, 0x63, 0xeb, 0x62, 0x0c, 0x63, 0xeb, 0x62, 0x0c, 0x63,
    0xeb, 0x62, 0x0c, 0x63, 0xeb, 0x62, 0x0c, 0x63, 0xeb, 0x62, 0x0c, 0x63,
    0xeb, 0x62, 0x0c, 0x63, 0xeb, 0x62, 0x0c, 0x63, 0xeb, 0x62, 0x0c, 0x63,
    0x0c, 0x63, 0x0c, 0x63, 0x0c, 0x63, 0x0c, 0x63, 0x0c, 0x63, 0x0c, 0x63,
    0x0c, 0x63, 0x0c, 0x63, 0x0c, 0x63, 0x0c, 0x63, 0x0c, 0x63, 0x0c, 0x63,
    0x0c, 0x63, 0x0c, 0x63, 0x0c, 0x63, 0x0c, 0x63, 0x0c, 0x63, 0x0c, 0x63,
    0x0c, 0x63, 0x0c, 0x63, 0x0c, 0x63, 0x0c, 0x63, 0x0c, 0x63, 0x0c, 0x63,
    0x0c, 0x63, 0x0c, 0x63, 0x0c, 0x63, 0x0c, 0x63, 0x0c, 0x63, 0x0c, 0x63,
    0x0c, 0x63, 0x0c, 0x63, 0x0c, 0x63, 0x0c, 0x63, 0x0c, 0x63, 0x0c, 0x63,
    0x0c, 0x63, 0x0c, 0x63, 0x0c, 0x63, 0x0c, 0x63, 0x0c, 0x63, 0x0c, 0x63,
    0x0c, 0x63, 0x0c, 0x63, 0x0c, 0x63, 0x0c, 0x63, 0x0c, 0x63, 0x0c, 0x63,
    0x0c, 0x63, 0x0c, 0x63, 0x0c, 0x63, 0x0c, 0x63, 0x0c, 0x63, 0x0c, 0x63,
    0x0c, 0x63, 0x0c, 0x63, 0x0c, 0x63, 0x0c, 0x63, 0x0c, 0x63, 0x0c, 0x63,
    0x0c, 0x63, 0x0c, 0x63, 0x0c, 0x63, 0x0c, 0x63, 0x0c, 0x63, 0x0c, 0x63,
    0x0c, 0x63, 0x0c, 0x63, 0x0c, 0x63, 0x0c, 0x63, 0x0c, 0x63, 0x0c, 0x63,
    0x0c, 0x63, 0x0c, 0x63, 0x0c, 0x63, 0x0c, 0x63, 0x0c, 0x63, 0x0c, 0x63,
    0x0c, 0x63, 0x0c, 0x63, 0x0c, 0x63, 0x0c, 0x63, 0x0c, 0x63, 0x0c, 0x63,
    0x0c, 0x63, 0x0c, 0x63, 0x0c, 0x63, 0x0c, 0x63, 0x0c, 0x63, 0x0c, 0x63,
    0x0c, 0x63, 0x0c, 0x63, 0x0c, 0x63, 0x0c, 0x63, 0x0c, 0x63, 0x0c, 0x63,
    0x0c, 0x63, 0x0c, 0x63, 0x0c, 0x63, 0x0c, 0x63, 0x0c, 0x63, 0x0c, 0x63,
    0x0c, 0x63, 0x0c, 0x63, 0x0c, 0x63, 0x0c, 0x63, 0x0c, 0x63, 0x0c, 0x63,
    0x0c, 0x63, 0x0c, 0x63, 0x0c, 0x63, 0x0c, 0x63, 0x0c, 0x63, 0x0c, 0x63,
    0x0c, 0x63, 0x0c, 0x63, 0x0c, 0x63, 0x0c, 0x63, 0x0c, 0x63, 0x0c, 0x63,
    0x0c, 0x63, 0x0c, 0x63, 0x0c, 0x63, 0x0c, 0x63, 0x0c, 0x63, 0x0c, 0x63,
    0x0c, 0x63, 0x0c, 0x63, 0x0c, 0x63, 0x0c, 0x63, 0x0c, 0x63, 0x0c, 0x63,
    0x0c, 0x63, 0x0c, 0x63, 0x0c, 0x63, 0x0c, 0x63, 0x0c, 0x63, 0x0c, 0x63,
    0x0c, 0x63, 0x0c, 0x63, 0x0c, 0x63, 0x0c, 0x63, 0x0c, 0x63, 0x0c, 0x63,
    0x0c, 0x63, 0x0c, 0x63, 0x0c, 0x63, 0x0c, 0x63, 0x0c, 0x63, 0x0c, 0x63,
    0xeb, 0x62, 0xeb, 0x62, 0xeb, 0x62, 0xeb, 0x62, 0xeb, 0x62, 0xeb, 0x62,
    0xeb, 0x62, 0xeb, 0x62, 0xeb, 0x62, 0xeb, 0x62, 0xeb, 0x62, 0xeb, 0x62,
    0xeb, 0x62, 0xeb, 0x62, 0xeb, 0x62, 0xeb, 0x62, 0xeb, 0x62, 0xeb, 0x62,
    0xeb, 0x62, 0xeb, 0x62, 0xeb, 0x62, 0xeb, 0x62, 0xeb, 0x62, 0xeb, 0x62,
    0xeb, 0x62, 0xeb, 0x62, 0xeb, 0x62, 0xeb, 0x62, 0xeb, 0x62, 0xeb, 0x62,
    0xeb, 0x62, 0xeb, 0x62, 0xeb, 0x62, 0xeb, 0x62, 0xeb, 0x62, 0xeb, 0x62,
    0xeb, 0x62, 0xeb, 0x62, 0xeb, 0x62, 0xeb, 0x62, 0xeb, 0x62, 0xeb, 0x62,
    0xeb, 0x62, 0xeb, 0x62, 0xeb, 0x62, 0xeb, 0x62, 0xeb, 0x62, 0xeb, 0x62,
    0xeb, 0x62, 0xeb, 0x62, 0xeb, 0x62, 0xeb, 0x62, 0xeb, 0x62, 0xeb, 0x62,
    0xeb, 0x62, 0xeb, 0x62, 0xeb, 0x62, 0xeb, 0x62, 0xeb, 0x62, 0xeb, 0x62,
    0xeb, 0x62, 0xeb, 0x62, 0xeb, 0x62, 0xeb, 0x62, 0xeb, 0x62, 0xeb, 0x62,
    0xeb, 0x62, 0xeb, 0x62, 0xeb, 0x62, 0xeb, 0x62, 0xeb, 0x62, 0xeb, 0x62,
    0xeb, 0x62, 0xeb, 0x62, 0xeb, 0x62, 0xeb, 0x62, 0xeb, 0x62, 0xeb, 0x62,
    0xeb, 0x62, 0xeb, 0x62, 0xeb, 0x62, 0xeb, 0x62, 0xeb, 0x62, 0xeb, 0x62,
    0xeb, 0x62, 0xeb, 0x62, 0xeb, 0x62, 0xeb, 0x62, 0xeb, 0x62, 0xeb, 0x62,
    0xeb, 0x62, 0xeb, 0x62, 0xeb, 0x62, 0xeb, 0x62, 0xeb, 0x62, 0xeb, 0x62,
    0xeb, 0x62, 0xeb, 0x62, 0xeb, 0x62, 0xeb, 0x62, 0xeb, 0x62, 0xeb, 0x62,
    0xeb, 0x62, 0xeb, 0x62, 0xeb, 0x62, 0xeb, 0x62, 0xeb, 0x62, 0xeb, 0x62,
    0xeb, 0x62, 0xeb, 0x62, 0xeb, 0x62, 0xeb, 0x62, 0xeb, 0x62, 0xeb, 0x62,
    0xeb, 0x62, 0xeb, 0x62, 0xeb, 0x62, 0xeb, 0x62, 0xeb, 0x62, 0xeb, 0x62,
    0xeb, 0x62, 0xeb, 0x62, 0xeb, 0x62, 0xeb, 0x62, 0xeb, 0x62, 0xeb, 0x62,
    0xeb, 0x62, 0xeb, 0x62, 0xeb, 0x62, 0xeb, 0x62, 0xeb, 0x62, 0xeb, 0x62,
    0xeb, 0x62, 0xeb, 0x62, 0xeb, 0x62, 0xeb, 0x62, 0xeb, 0x62, 0xeb, 0x62,
    0xeb, 0x62, 0xeb, 0x62, 0xeb, 0x62, 0xeb, 0x62, 0xeb, 0x62, 0xeb, 0x62,
    0xeb, 0x62, 0xeb, 0x62, 0xeb, 0x62, 0xeb, 0x62, 0xeb, 0x62, 0xeb, 0x62,
    0xeb, 0x62, 0xeb, 0x62, 0xeb, 0x62, 0xeb, 0x62, 0xeb, 0x62, 0xeb, 0x62,
    0xeb, 0x62, 0x0c, 0x63, 0xeb, 0x62, 0xeb, 0x62, 0xeb, 0x62, 0xeb, 0x62,
    0xeb, 0x62, 0xeb, 0x62, 0xeb, 0x62, 0x0c, 0x63, 0xeb, 0x62, 0xeb, 0x62,
    0xeb, 0x62, 0xeb, 0x62, 0xeb, 0x62, 0xeb, 0x62, 0xeb, 0x62, 0x0c, 0x63,
    0xeb, 0x62, 0xeb, 0x62, 0xeb, 0x62, 0xeb, 0x62, 0xeb, 0x62, 0xeb, 0x62,
    0xeb, 0x62, 0x0c, 0x63, 0xeb, 0x62, 0xeb, 0x62, 0xeb, 0x62, 0xeb, 0x62,
    0xeb, 0x62, 0xeb, 0x62, 0xeb, 0x62, 0x0c, 0x63, 0xeb, 0x62, 0xeb, 0x62,
    0xeb, 0x62, 0xeb, 0x62, 0xeb, 0x62, 0xeb, 0x62, 0xeb, 0x62, 0x0c, 0x63,
    0xeb, 0x62, 0xeb, 0x62, 0xeb, 0x62, 0xeb, 0x62, 0xeb, 0x62, 0xeb, 0x62,
    0xeb, 0x62, 0x0c, 0x63, 0xeb, 0x62, 0xeb, 0x62, 0xeb, 0x62, 0xeb, 0x62,
    0xeb, 0x62, 0xeb, 0x62, 0xeb, 0x62, 0x0c, 0x63, 0xeb, 0x62, 0xeb, 0x62,
    0xeb, 0x62, 0xeb, 0x62, 0xeb, 0x62, 0xeb, 0x62, 0xeb, 0x62, 0x0c, 0x63,
    0xeb, 0x62, 0xeb, 0x62, 0xeb, 0x62, 0xeb, 0x62, 0xeb, 0x62, 0xeb, 0x62,
    0xeb, 0x62, 0x0c, 0x63, 0xeb, 0x62, 0xeb, 0x62, 0xeb, 0x62, 0xeb, 0x62,
    0xeb, 0x62, 0xeb, 0x62, 0xeb, 0x62, 0x0c, 0x63, 0xeb, 0x62, 0xeb, 0x62,
    0xeb, 0x62, 0xeb, 0x62, 0xeb, 0x62, 0xeb, 0x62, 0xeb, 0x62, 0x0c, 0x63,
    0xeb, 0x62, 0xeb, 0x62, 0xeb, 0x62, 0xeb, 0x62, 0xeb, 0x62, 0xeb, 0x62,
    0xeb, 0x62, 0x0c, 0x63, 0xeb, 0x62, 0xeb, 0x62, 0xeb, 0x62, 0xeb, 0x62,
    0xeb, 0x62, 0xeb, 0x62, 0xeb, 0x62, 0x0c, 0x63, 0xeb, 0x62, 0xeb, 0x62,
    0xeb, 0x62, 0xeb, 0x62, 0xeb, 0x62, 0xeb, 0x62, 0xeb, 0x62, 0x0c, 0x63,
    0xeb, 0x62, 0xeb, 0x62, 0xeb, 0x62, 0xeb, 0x62, 0xeb, 0x62, 0xeb, 0x62,
    0xeb, 0x62, 0x0c, 0x63, 0xeb, 0x62, 0xeb, 0x62, 0xeb, 0x62, 0xeb, 0x62,
    0xeb, 0x62, 0xeb, 0x62, 0xeb, 0x62, 0x0c, 0x63, 0xeb, 0x62, 0xeb, 0x62,
    0xeb, 0x62, 0xeb, 0x62, 0xeb, 0x62, 0xeb, 0x62, 0xeb, 0x62, 0x0c, 0x63,
    0xeb, 0x62, 0xeb, 0x62, 0xeb, 0x62, 0xeb, 0x62, 0xeb, 0x62, 0xeb, 0x62,
    0xeb, 0x62, 0xeb, 0x62, 0xeb, 0x62, 0xeb, 0x62, 0xeb, 0x62, 0xeb, 0x62,
    0xeb, 0x62, 0xeb, 0x62, 0xeb, 0x62, 0xeb, 0x62, 0xeb, 0x62, 0xeb, 0x62,
    0xeb, 0x62, 0xeb, 0x62, 0xeb, 0x62, 0xeb, 0x62, 0xeb, 0x62, 0xeb, 0x62,
    0xeb, 0x62, 0xeb, 0x62, 0xeb, 0x62, 0xeb, 0x62, 0xeb, 0x62, 0xeb, 0x62,
    0xeb, 0x62, 0xeb, 0x62, 0xeb, 0x62, 0xeb, 0x62, 0xeb, 0x62, 0xeb, 0x62,
    0xeb, 0x62, 0xeb, 0x62, 0xeb, 0x62, 0xeb, 0x62, 0xeb, 0x62, 0xeb, 0x62,
    0xeb, 0x62, 0xeb, 0x62, 0xeb, 0x62, 0xeb, 0x62, 0xeb, 0x62, 0xeb, 0x62,
    0xeb, 0x62, 0xeb, 0x62, 0xeb, 0x62, 0xeb, 0x62, 0xeb, 0x62, 0xeb, 0x62,
    0xeb, 0x62, 0xeb, 0x62, 0xeb, 0x62, 0xeb, 0x62, 0xeb, 0x62, 0xeb, 0x62,
    0xeb, 0x62, 0xeb, 0x62, 0xeb, 0x62, 0xeb, 0x62, 0xeb, 0x62, 0xeb, 0x62,
    0xeb, 0x62, 0xeb, 0x62, 0xeb, 0x62, 0xeb, 0x62, 0xeb, 0x62, 0xeb, 0x62,
    0xeb, 0x62, 0xeb, 0x62, 0xeb, 0x62, 0xeb, 0x62, 0xeb, 0x62, 0xeb, 0x62,
    0xeb, 0x62, 0xeb, 0x62, 0xeb, 0x62, 0xeb, 0x62, 0xeb, 0x62, 0xeb, 0x62,
    0xeb, 0x62, 0xeb, 0x62, 0xeb, 0x62, 0xeb, 0x62, 0xeb, 0x62, 0xeb, 0x62,
    0xeb, 0x62, 0xeb, 0x62, 0xeb, 0x62, 0xeb, 0x62, 0xeb, 0x62, 0xeb, 0x62,
    0xeb, 0x62, 0xeb, 0x62, 0xeb, 0x62, 0xeb, 0x62, 0xeb, 0x62, 0xeb, 0x62,
    0xeb, 0x62, 0xeb, 0x62, 0xeb, 0x62, 0xeb, 0x62, 0xeb, 0x62, 0xeb, 0x62,
    0xeb, 0x62, 0xeb, 0x62, 0xeb, 0x62, 0xeb, 0x62, 0xeb, 0x62, 0xeb, 0x62,
    0xeb, 0x62, 0xeb, 0x62, 0xeb, 0x62, 0xeb, 0x62, 0xeb, 0x62, 0xeb, 0x62,
    0xeb, 0x62, 0xeb, 0x62, 0xeb, 0x62, 0xeb, 0x62, 0xeb, 0x62, 0xeb, 0x62,
    0xeb, 0x62, 0xeb, 0x62, 0xeb, 0x62, 0xeb, 0x62, 0xeb, 0x62, 0xeb, 0x62,
    0xeb, 0x62, 0xeb, 0x62, 0xeb, 0x62, 0xeb, 0x62, 0xeb, 0x62, 0xeb, 0x62,
    0xeb, 0x62, 0xeb, 0x62, 0xeb, 0x62, 0xeb, 0x62, 0xeb, 0x62, 0xeb, 0x62,
    0xeb, 0x62, 0xeb, 0x62, 0xeb, 0x62, 0xeb, 0x62, 0xeb, 0x62, 0xeb, 0x62,
    0xeb, 0x62, 0xeb, 0x62, 0xeb, 0x62, 0xeb, 0x62, 0xeb, 0x62, 0xeb, 0x62,
    0xeb, 0x62, 0xeb, 0x62, 0xeb, 0x62, 0xeb, 0x62, 0xeb, 0x62, 0xeb, 0x62,
    0xeb, 0x62, 0xeb, 0x62, 0xeb, 0x62, 0xeb, 0x62, 0xeb, 0x62, 0xeb, 0x62,
    0xeb, 0x62, 0xeb, 0x62, 0xeb, 0x62, 0xeb, 0x62, 0xeb, 0x62, 0xeb, 0x62,
    0xeb, 0x62, 0xeb, 0x62, 0xeb, 0x62, 0xeb, 0x62, 0xeb, 0x62, 0xeb, 0x62,
    0xeb, 0x62, 0xeb, 0x62, 0xeb, 0x62, 0xeb, 0x62, 0xeb, 0x62, 0xeb, 0x62,
    0xeb, 0x62, 0xeb, 0x62, 0xeb, 0x62, 0xeb, 0x62, 0xeb, 0x62, 0xeb, 0x62,
    0xeb, 0x62, 0xeb, 0x62, 0xeb, 0x62, 0xeb, 0x62, 0xeb, 0x62, 0xeb, 0x62,
    0xeb, 0x62, 0xeb, 0x62, 0xeb, 0x62, 0xeb, 0x62, 0xeb, 0x62, 0xeb, 0x62,
    0xeb, 0x62, 0xeb, 0x62, 0xeb, 0x62, 0xeb, 0x62, 0xeb, 0x62, 0xeb, 0x62,
    0xeb, 0x62, 0xeb, 0x62, 0xeb, 0x62, 0xeb, 0x62, 0xeb, 0x62, 0xeb, 0x62,
    0xeb, 0x62, 0xeb, 0x62, 0xeb, 0x62, 0xeb, 0x62, 0xeb, 0x62, 0xeb, 0x62,
    0xeb, 0x62, 0xeb, 0x62, 0xeb, 0x62, 0xeb, 0x62, 0xeb, 0x62, 0xeb, 0x62,
    0xeb, 0x62, 0xeb, 0x62, 0xeb, 0x62, 0xeb, 0x62, 0xeb, 0x62, 0xeb, 0x62,
    0xeb, 0x62, 0xeb, 0x62, 0xeb, 0x62, 0xeb, 0x62, 0xeb, 0x62, 0xeb, 0x62,
    0xeb, 0x62, 0xeb, 0x62, 0xeb, 0x62, 0xeb, 0x62, 0xeb, 0x62, 0xeb, 0x62,
    0xeb, 0x62, 0xeb, 0x62, 0xeb, 0x62, 0xeb, 0x62, 0xeb, 0x62, 0xeb, 0x62,
    0xeb, 0x62, 0xeb, 0x62, 0xeb, 0x62, 0xeb, 0x62, 0xeb, 0x62, 0xeb, 0x62,
    0xeb, 0x62, 0xeb, 0x62, 0xeb, 0x62, 0xeb, 0x62, 0xeb, 0x62, 0xeb, 0x62,
    0xeb, 0x62, 0xeb, 0x62, 0xeb, 0x62, 0xeb, 0x62, 0xeb, 0x62, 0xeb, 0x62,
    0xeb, 0x62, 0xeb, 0x62, 0xeb, 0x62, 0xeb, 0x62, 0xeb, 0x62, 0xeb, 0x62,
    0xeb, 0x62, 0xeb, 0x62, 0xeb, 0x62, 0xeb, 0x62, 0xeb, 0x62, 0xeb, 0x62,
    0xeb, 0x62, 0xeb, 0x62, 0xeb, 0x62, 0xeb, 0x62, 0xeb, 0x62, 0xeb, 0x62,
    0xeb, 0x62, 0xeb, 0x62, 0xeb, 0x62, 0xeb, 0x62, 0xeb, 0x62, 0xeb, 0x62,
    0xeb, 0x62, 0xeb, 0x62, 0xeb, 0x62, 0xeb, 0x62, 0xeb, 0x62, 0xeb, 0x62,
    0xeb, 0x62, 0xeb, 0x62, 0xeb, 0x62, 0xeb, 0x62, 0xeb, 0x62, 0xeb, 0x62,
    0xeb, 0x62, 0xeb, 0x62, 0xeb, 0x62, 0xeb, 0x62, 0xeb, 0x62, 0xeb, 0x62,
    0xeb, 0x62, 0xeb, 0x62, 0xeb, 0x62, 0xeb, 0x62, 0xeb, 0x62, 0xeb, 0x62,
    0xeb, 0x62, 0xeb, 0x62, 0xeb, 0x62, 0xeb, 0x62, 0xeb, 0x62, 0xeb, 0x62,
    0xeb, 0x62, 0xeb, 0x62, 0xeb, 0x62, 0xeb, 0x62, 0xeb, 0x62, 0xeb, 0x62,
    0xeb, 0x62, 0xeb, 0x62, 0xeb, 0x62, 0xeb, 0x62, 0xeb, 0x62, 0xeb, 0x62,
    0xeb, 0x62, 0xeb, 0x62, 0xeb, 0x62, 0xeb, 0x62, 0xeb, 0x62, 0xeb, 0x62,
    0xeb, 0x62, 0xeb, 0x62, 0xeb, 0x62, 0xeb, 0x62, 0xeb, 0x62, 0xeb, 0x62,
    0xeb, 0x62, 0xeb, 0x62, 0xeb, 0x62, 0xeb, 0x62, 0xeb, 0x62, 0xeb, 0x62,
    0xeb, 0x62, 0xeb, 0x62, 0xeb, 0x62, 0xeb, 0x62, 0xeb, 0x62, 0xeb, 0x62,
    0xeb, 0x62, 0xeb, 0x62, 0xeb, 0x62, 0xeb, 0x62, 0xeb, 0x62, 0xeb, 0x62,
    0xeb, 0x62, 0xeb, 0x62, 0xeb, 0x62, 0xeb, 0x62, 0xeb, 0x62, 0xeb, 0x62,
    0xeb, 0x62, 0xeb, 0x62, 0xeb, 0x62, 0xeb, 0x62, 0xeb, 0x62, 0xeb, 0x62,
    0xeb, 0x62, 0xeb, 0x62, 0xeb, 0x62, 0xeb, 0x62, 0xeb, 0x62, 0xeb, 0x62,
    0xeb, 0x62, 0xeb, 0x62, 0xeb, 0x62, 0xeb, 0x62, 0xeb, 0x62, 0xeb, 0x62,
    0xeb, 0x62, 0xeb, 0x62, 0xeb, 0x62, 0xeb, 0x62, 0xeb, 0x62, 0xeb, 0x62,
    0xeb, 0x62, 0xeb, 0x62, 0xeb, 0x62, 0xeb, 0x62, 0xeb, 0x62, 0xeb, 0x62,
    0xeb, 0x62, 0xeb, 0x62, 0xeb, 0x62, 0xeb, 0x62, 0xeb, 0x62, 0xeb, 0x62,
    0xeb, 0x62, 0xeb, 0x62, 0xeb, 0x62, 0xeb, 0x62, 0xeb, 0x62, 0xeb, 0x62,
    0xeb, 0x62, 0xeb, 0x62, 0xeb, 0x62, 0xeb, 0x62, 0xeb, 0x62, 0xeb, 0x62,
    0xeb, 0x62, 0xeb, 0x62, 0xeb, 0x62, 0xeb, 0x62, 0xeb, 0x62, 0xeb, 0x62,
    0xeb, 0x62, 0xeb, 0x62, 0xeb, 0x62, 0xeb, 0x62, 0xeb, 0x62, 0xeb, 0x62,
    0xeb, 0x62, 0xeb, 0x62, 0xeb, 0x62, 0xeb, 0x62, 0xeb, 0x62, 0xeb, 0x62,
    0xeb, 0x62, 0xeb, 0x62, 0xeb, 0x62, 0xeb, 0x62, 0xeb, 0x62, 0xeb, 0x62,
    0xeb, 0x62, 0xeb, 0x62, 0xeb, 0x62, 0xeb, 0x62, 0xeb, 0x62, 0xeb, 0x62,
    0xeb, 0x62, 0xeb, 0x62, 0xeb, 0x62, 0xeb, 0x62, 0xeb, 0x62, 0xeb, 0x62,
    0xeb, 0x62, 0xeb, 0x62, 0xeb, 0x62, 0xeb, 0x62, 0xeb, 0x62, 0xeb, 0x62,
    0xeb, 0x62, 0xeb, 0x62, 0xeb, 0x62, 0xeb, 0x62, 0xeb, 0x62, 0xeb, 0x62,
    0xeb, 0x62, 0xeb, 0x62, 0xeb, 0x62, 0xeb, 0x62, 0xeb, 0x62, 0xeb, 0x62,
    0xeb, 0x62, 0xeb, 0x62, 0xeb, 0x62, 0xeb, 0x62, 0xeb, 0x62, 0xeb, 0x62,
    0xeb, 0x62, 0xeb, 0x62, 0xeb, 0x62, 0xeb, 0x62, 0xeb, 0x62, 0xeb, 0x62,
    0xeb, 0x62, 0xeb, 0x62, 0xeb, 0x62, 0xeb, 0x62, 0xeb, 0x62, 0xeb, 0x62,
    0xeb, 0x62, 0xeb, 0x62, 0xeb, 0x62, 0xeb, 0x62, 0xeb, 0x62, 0xeb, 0x62,
    0xeb, 0x62, 0xeb, 0x62, 0xeb, 0x62, 0xeb, 0x62, 0xeb, 0x62, 0xeb, 0x62,
    0xeb, 0x62, 0xeb, 0x62, 0xeb, 0x62, 0xeb, 0x62, 0xeb, 0x62, 0xeb, 0x62,
    0xeb, 0x62, 0xeb, 0x62, 0xeb, 0x62, 0xeb, 0x62, 0xeb, 0x62, 0xeb, 0x62,
    0xeb, 0x62, 0xeb, 0x62, 0xeb, 0x62, 0xeb, 0x62, 0xeb, 0x62, 0xeb, 0x62,
    0xeb, 0x62, 0xeb, 0x62, 0xeb, 0x62, 0xeb, 0x62, 0xeb, 0x62, 0xeb, 0x62,
    0xeb, 0x62, 0xeb, 0x62, 0xeb, 0x62, 0xeb, 0x62, 0xeb, 0x62, 0xeb, 0x62,
    0xeb, 0x62, 0xeb, 0x62, 0xeb, 0x62, 0xeb, 0x62, 0xeb, 0x62, 0xeb, 0x62,
    0xeb, 0x62, 0xeb, 0x62, 0xeb, 0x62, 0xeb, 0x62, 0xeb, 0x62, 0xeb, 0x62,
    0xeb, 0x62, 0xeb, 0x62, 0xeb, 0x62, 0xeb, 0x62, 0xeb, 0x62, 0xeb, 0x62,
    0xeb, 0x62, 0xeb, 0x62, 0xeb, 0x62, 0xeb, 0x62, 0xeb, 0x62, 0xeb, 0x62,
    0xeb, 0x62, 0xeb, 0x62, 0xeb, 0x62, 0xeb, 0x62, 0xeb, 0x62, 0xeb, 0x62,
    0xeb, 0x62, 0xeb, 0x62, 0xeb, 0x62, 0xeb, 0x62, 0xeb, 0x62, 0xeb, 0x62,
    0xeb, 0x62, 0xeb, 0x62, 0xeb, 0x62, 0xeb, 0x62, 0xeb, 0x62, 0xeb, 0x62,
    0xeb, 0x62, 0xeb, 0x62, 0xeb, 0x62, 0xeb, 0x62, 0xeb, 0x62, 0xeb, 0x62,
    0xeb, 0x62, 0xeb, 0x62, 0xeb, 0x62, 0xeb, 0x62, 0xeb, 0x62, 0xeb, 0x62,
    0xeb, 0x62, 0xeb, 0x62, 0xeb, 0x62, 0xeb, 0x62, 0xeb, 0x62, 0xeb, 0x62,
    0xeb, 0x62, 0xeb, 0x62, 0xeb, 0x62, 0xeb, 0x62, 0xeb, 0x62, 0xeb, 0x62,
    0xeb, 0x62, 0xeb, 0x62, 0xeb, 0x62, 0xeb, 0x62, 0xeb, 0x62, 0xeb, 0x62,
    0xeb, 0x62, 0xeb, 0x62, 0xeb, 0x62, 0xeb, 0x62, 0xeb, 0x62, 0xeb, 0x62,
    0xeb, 0x62, 0xeb, 0x62, 0xeb, 0x62, 0xeb, 0x62, 0xeb, 0x62, 0xeb, 0x62,
    0xeb, 0x62, 0xeb, 0x62, 0xeb, 0x62, 0xeb, 0x62, 0xeb, 0x62, 0xeb, 0x62,
    0xeb, 0x62, 0xeb, 0x62, 0xeb, 0x62, 0xeb, 0x62, 0xeb, 0x62, 0xeb, 0x62,
    0xeb, 0x62, 0xeb, 0x62, 0xeb, 0x62, 0xeb, 0x62, 0xeb, 0x62, 0xeb, 0x62,
    0xeb, 0x62, 0xeb, 0x62, 0xeb, 0x62, 0xeb, 0x62, 0xeb, 0x62, 0xeb, 0x62,
    0xeb, 0x62, 0xeb, 0x62, 0xeb, 0x62, 0xeb, 0x62, 0xeb, 0x62, 0xeb, 0x62,
    0xeb, 0x62, 0xeb, 0x62, 0xeb, 0x62, 0xeb, 0x62, 0xeb, 0x62, 0xeb, 0x62,
    0xeb, 0x62, 0xeb, 0x62, 0xeb, 0x62, 0xeb, 0x62, 0xeb, 0x62, 0xeb, 0x62,
    0xeb, 0x62, 0xeb, 0x62, 0xeb, 0x62, 0xeb, 0x62, 0xeb, 0x62, 0xeb, 0x62,
    0xeb, 0x62, 0xeb, 0x62, 0xeb, 0x62, 0xeb, 0x62, 0xeb, 0x62, 0xeb, 0x62,
    0xeb, 0x62, 0xeb, 0x62, 0xeb, 0x62, 0xeb, 0x62, 0xeb, 0x62, 0xeb, 0x62,
    0xeb, 0x62, 0xeb, 0x62, 0xeb, 0x62, 0xeb, 0x62, 0xeb, 0x62, 0xeb, 0x62,
    0xeb, 0x62, 0xeb, 0x62, 0xeb, 0x62, 0xeb, 0x62, 0xeb, 0x62, 0xeb, 0x62,
    0xeb, 0x62, 0xeb, 0x62, 0xeb, 0x62, 0xeb, 0x62, 0xeb, 0x62, 0xeb, 0x62,
    0xeb, 0x62, 0xeb, 0x62, 0xeb, 0x62, 0xeb, 0x62, 0xeb, 0x62, 0xeb, 0x62,
    0xeb, 0x62, 0xeb, 0x62, 0xeb, 0x62, 0xeb, 0x62, 0xeb, 0x62, 0xeb, 0x62,
    0xeb, 0x62, 0xeb, 0x62, 0xeb, 0x62, 0xeb, 0x62, 0xeb, 0x62, 0xeb, 0x62,
    0xeb, 0x62, 0xeb, 0x62, 0xeb, 0x62, 0xeb, 0x62, 0xeb, 0x62, 0xeb, 0x62,
    0xeb, 0x62, 0xeb, 0x62, 0xeb, 0x62, 0xeb, 0x62, 0xeb, 0x62, 0xeb, 0x62,
    0xeb, 0x62, 0xeb, 0x62, 0xeb, 0x62, 0xeb, 0x62, 0xeb, 0x62, 0xeb, 0x62,
    0xeb, 0x62, 0xeb, 0x62, 0xeb, 0x62, 0xeb, 0x62, 0xeb, 0x62, 0xeb, 0x62,
    0xeb, 0x62, 0xeb, 0x62, 0xeb, 0x62, 0xeb, 0x62, 0xeb, 0x62, 0xeb, 0x62,
    0xeb, 0x62, 0xeb, 0x62, 0xeb, 0x62, 0xeb, 0x62, 0xeb, 0x62, 0xeb, 0x62,
    0xeb, 0x62, 0xeb, 0x62, 0xeb, 0x62, 0xeb, 0x62, 0xeb, 0x62, 0xeb, 0x62,
    0xeb, 0x62, 0xeb, 0x62, 0xeb, 0x62, 0xeb, 0x62, 0xeb, 0x62, 0xeb, 0x62,
    0xeb, 0x62, 0xeb, 0x62, 0xeb, 0x62, 0xeb, 0x62, 0xeb, 0x62, 0xeb, 0x62,
    0xeb, 0x62, 0xeb, 0x62, 0xeb, 0x62, 0xeb, 0x62, 0xeb, 0x62, 0xeb, 0x62,
    0xeb, 0x62, 0xeb, 0x62, 0xeb, 0x62, 0xeb, 0x62, 0xeb, 0x62, 0xeb, 0x62,
    0xeb, 0x62, 0xeb, 0x62, 0xeb, 0x62, 0xeb, 0x62, 0xeb, 0x62, 0xeb, 0x62,
    0xeb, 0x62, 0xeb, 0x62, 0xeb, 0x62, 0xeb, 0x62, 0xeb, 0x62, 0xeb, 0x62,
    0xeb, 0x62, 0xeb, 0x62, 0xeb, 0x62, 0xeb, 0x62, 0xeb, 0x62, 0xeb, 0x62,
    0xeb, 0x62, 0xeb, 0x62, 0xeb, 0x62, 0xeb, 0x62, 0xeb, 0x62, 0xeb, 0x62,
    0xeb, 0x62, 0xeb, 0x62, 0xeb, 0x62, 0xeb, 0x62, 0xeb, 0x62, 0xeb, 0x62,
    0xeb, 0x62, 0xeb, 0x62, 0xeb, 0x62, 0xeb, 0x62, 0xeb, 0x62, 0xeb, 0x62,
    0xeb, 0x62, 0xeb, 0x62, 0xeb, 0x62, 0xeb, 0x62, 0xeb, 0x62, 0xeb, 0x62,
    0xeb, 0x62, 0xeb, 0x62, 0xeb, 0x62, 0xeb, 0x62, 0xeb, 0x62, 0xeb, 0x62,
    0xeb, 0x62, 0xeb, 0x62, 0xeb, 0x62, 0xeb, 0x62, 0xeb, 0x62, 0xeb, 0x62,
    0xeb, 0x62, 0xeb, 0x62, 0xeb, 0x62, 0xeb, 0x62, 0xeb, 0x62, 0xeb, 0x62,
    0xeb, 0x62, 0xeb, 0x62, 0xeb, 0x62, 0xeb, 0x62, 0xeb, 0x62, 0xeb, 0x62,
    0xeb, 0x62, 0xeb, 0x62, 0xeb, 0x62, 0xeb, 0x62, 0xeb, 0x62, 0xeb, 0x62,
    0xeb, 0x62, 0xeb, 0x62, 0xeb, 0x62, 0xeb, 0x62, 0xeb, 0x62, 0xeb, 0x62,
    0xeb, 0x62, 0xeb, 0x62, 0xeb, 0x62, 0xeb, 0x62, 0xeb, 0x62, 0xeb, 0x62,
    0xeb, 0x62, 0xeb, 0x62, 0xeb, 0x62, 0xeb, 0x62, 0xeb, 0x62, 0xeb, 0x62,
    0xeb, 0x62, 0xeb, 0x62, 0xeb, 0x62, 0xeb, 0x62, 0xeb, 0x62, 0xeb, 0x62,
    0xeb, 0x62, 0xeb, 0x62, 0xeb, 0x62, 0xeb, 0x62, 0xeb, 0x62, 0xeb, 0x62,
    0xeb, 0x62, 0xeb, 0x62, 0xeb, 0x62, 0xeb, 0x62, 0xeb, 0x62, 0xeb, 0x62,
    0xeb, 0x62, 0xeb, 0x62, 0xeb, 0x62, 0xeb, 0x62, 0xeb, 0x62, 0xeb, 0x62,
    0xeb, 0x62, 0xeb, 0x62, 0xeb, 0x62, 0xeb, 0x62, 0xeb, 0x62, 0xeb, 0x62,
    0xeb, 0x62, 0xeb, 0x62, 0xeb, 0x62, 0xeb, 0x62, 0xeb, 0x62, 0xeb, 0x62,
    0xeb, 0x62, 0xeb, 0x62, 0xeb, 0x62, 0xeb, 0x62, 0xeb, 0x62, 0xeb, 0x62,
    0xeb, 0x62, 0xeb, 0x62, 0xeb, 0x62, 0xeb, 0x62, 0xeb, 0x62, 0xeb, 0x62,
    0xeb, 0x62, 0xeb, 0x62, 0xeb, 0x62, 0xeb, 0x62, 0xeb, 0x62, 0xeb, 0x62,
    0xeb, 0x62, 0xeb, 0x62, 0xeb, 0x62, 0xeb, 0x62, 0xeb, 0x62, 0xeb, 0x62,
    0xeb, 0x62, 0xeb, 0x62, 0xeb, 0x62, 0xeb, 0x62, 0xeb, 0x62, 0xeb, 0x62,
    0xeb, 0x62, 0xeb, 0x62, 0xeb, 0x62, 0xeb, 0x62, 0xeb, 0x62, 0xeb, 0x62,
    0xeb, 0x62, 0xeb, 0x62, 0xeb, 0x62, 0xeb, 0x62, 0xeb, 0x62, 0xeb, 0x62,
    0xeb, 0x62, 0xeb, 0x62, 0xeb, 0x62, 0xeb, 0x62, 0xeb, 0x62, 0xeb, 0x62,
    0xeb, 0x62, 0xeb, 0x62, 0xeb, 0x62, 0xeb, 0x62, 0xeb, 0x62, 0xeb, 0x62,
    0xeb, 0x62, 0xeb, 0x62, 0xeb, 0x62, 0xeb, 0x62, 0xeb, 0x62, 0xeb, 0x62,
    0xeb, 0x62, 0xeb, 0x62, 0xeb, 0x62, 0xeb, 0x62, 0xeb, 0x62, 0xeb, 0x62,
    0xeb, 0x62, 0xeb, 0x62, 0xeb, 0x62, 0xeb, 0x62, 0xeb, 0x62, 0xeb, 0x62,
    0xeb, 0x62, 0xeb, 0x62, 0xeb, 0x62, 0xeb, 0x62, 0xeb, 0x62, 0xeb, 0x62,
    0xeb, 0x62, 0xeb, 0x62, 0xeb, 0x62, 0xeb, 0x62, 0xeb, 0x62, 0xeb, 0x62,
    0xeb, 0x62, 0xeb, 0x62, 0xeb, 0x62, 0xeb, 0x62, 0xeb, 0x62, 0xeb, 0x62,
    0xeb, 0x62, 0xeb, 0x62, 0xeb, 0x62, 0xeb, 0x62, 0xeb, 0x62, 0xeb, 0x62,
    0xeb, 0x62, 0xeb, 0x62, 0xeb, 0x62, 0xeb, 0x62, 0xeb, 0x62, 0xeb, 0x62,
    0xeb, 0x62, 0xeb, 0x62, 0xeb, 0x62, 0xeb, 0x62, 0xeb, 0x62, 0xeb, 0x62,
    0xeb, 0x62, 0xeb, 0x62, 0xeb, 0x62, 0xeb, 0x62, 0xeb, 0x62, 0xeb, 0x62,
    0xeb, 0x62, 0xeb, 0x62, 0xeb, 0x62, 0xeb, 0x62, 0xeb, 0x62, 0xeb, 0x62,
    0xeb, 0x62, 0xeb, 0x62, 0xeb, 0x62, 0xeb, 0x62, 0xeb, 0x62, 0xeb, 0x62,
    0xeb, 0x62, 0xeb, 0x62, 0xeb, 0x62, 0xeb, 0x62, 0xeb, 0x62, 0xeb, 0x62,
    0xeb, 0x62, 0xeb, 0x62, 0xeb, 0x62, 0xeb, 0x62, 0xeb, 0x62, 0xeb, 0x62,
    0xeb, 0x62, 0xeb, 0x62, 0xeb, 0x62, 0xeb, 0x62, 0xeb, 0x62, 0xeb, 0x62,
    0xeb, 0x62, 0xeb, 0x62, 0xeb, 0x62, 0xeb, 0x62, 0xeb, 0x62, 0xeb, 0x62,
    0xeb, 0x62, 0xeb, 0x62, 0xeb, 0x62, 0xeb, 0x62, 0xeb, 0x62, 0xeb, 0x62,
    0xeb, 0x62, 0xeb, 0x62, 0xeb, 0x62, 0xeb, 0x62, 0xeb, 0x62, 0xeb, 0x62,
    0xeb, 0x62, 0xeb, 0x62, 0xeb, 0x62, 0xeb, 0x62, 0xeb, 0x62, 0xeb, 0x62,
    0xeb, 0x62, 0xeb, 0x62, 0xeb, 0x62, 0xeb, 0x62, 0xeb, 0x62, 0xeb, 0x62,
    0xeb, 0x62, 0xeb, 0x62, 0xeb, 0x62, 0xeb, 0x62, 0xeb, 0x62, 0xeb, 0x62,
    0xeb, 0x62, 0xeb, 0x62, 0xeb, 0x62, 0xeb, 0x62, 0xeb, 0x62, 0xeb, 0x62,
    0xeb, 0x62, 0xeb, 0x62, 0xeb, 0x62, 0xeb, 0x62, 0xeb, 0x62, 0xeb, 0x62,
    0xeb, 0x62, 0xeb, 0x62, 0xeb, 0x62, 0xeb, 0x62, 0xeb, 0x62, 0xeb, 0x62,
    0xeb, 0x62, 0xeb, 0x62, 0xeb, 0x62, 0xeb, 0x62, 0xeb, 0x62, 0xeb, 0x62,
    0xeb, 0x62, 0xeb, 0x62, 0xeb, 0x62, 0xeb, 0x62, 0xeb, 0x62, 0xeb, 0x62,
    0xeb, 0x62, 0xeb, 0x62, 0xeb, 0x62, 0xeb, 0x62, 0xeb, 0x62, 0xeb, 0x62,
    0xeb, 0x62, 0xeb, 0x62, 0xeb, 0x62, 0xeb, 0x62, 0xeb, 0x62, 0xeb, 0x62,
    0xeb, 0x62, 0xeb, 0x62, 0xeb, 0x62, 0xeb, 0x62, 0xeb, 0x62, 0xeb, 0x62,
    0xeb, 0x62, 0xeb, 0x62, 0xeb, 0x62, 0xeb, 0x62, 0xeb, 0x62, 0xeb, 0x62,
    0xeb, 0x62, 0xeb, 0x62, 0xeb, 0x62, 0xeb, 0x62, 0xeb, 0x62, 0xeb, 0x62,
    0xeb, 0x62, 0xeb, 0x62, 0xeb, 0x62, 0xeb, 0x62, 0xeb, 0x62, 0xeb, 0x62,
    0xeb, 0x62, 0xeb, 0x62, 0xeb, 0x62, 0xeb, 0x62, 0xeb, 0x62, 0xeb, 0x62,
    0xeb, 0x62, 0xeb, 0x62, 0xeb, 0x62, 0xeb, 0x62, 0xeb, 0x62, 0xeb, 0x62,
    0xeb, 0x62, 0xeb, 0x62, 0xeb, 0x62, 0xeb, 0x62, 0xeb, 0x62, 0xeb, 0x62,
    0xeb, 0x62, 0xeb, 0x62, 0xeb, 0x62, 0xeb, 0x62, 0xeb, 0x62, 0xeb, 0x62,
    0xeb, 0x62, 0xeb, 0x62, 0xeb, 0x62, 0xeb, 0x62, 0xeb, 0x62, 0xeb, 0x62,
    0xeb, 0x62, 0xeb, 0x62, 0xeb, 0x62, 0xeb, 0x62, 0xeb, 0x62, 0xeb, 0x62,
    0xeb, 0x62, 0xeb, 0x62, 0xeb, 0x62, 0xeb, 0x62, 0xeb, 0x62, 0xeb, 0x62,
    0xeb, 0x62, 0xeb, 0x62, 0xeb, 0x62, 0xeb, 0x62, 0xeb, 0x62, 0xeb, 0x62,
    0xeb, 0x62, 0xeb, 0x62, 0xeb, 0x62, 0xeb, 0x62, 0xeb, 0x62, 0xeb, 0x62,
    0xeb, 0x5a, 0xeb, 0x62, 0xeb, 0x62, 0xeb, 0x62, 0xeb, 0x5a, 0xeb, 0x62,
    0xeb, 0x62, 0xeb, 0x62, 0xeb, 0x5a, 0xeb, 0x62, 0xeb, 0x62, 0xeb, 0x62,
    0xeb, 0x5a, 0xeb, 0x62, 0xeb, 0x62, 0xeb, 0x62, 0xeb, 0x5a, 0xeb, 0x62,
    0xeb, 0x62, 0xeb, 0x62, 0xeb, 0x5a, 0xeb, 0x62, 0xeb, 0x62, 0xeb, 0x62,
    0xeb, 0x5a, 0xeb, 0x62, 0xeb, 0x62, 0xeb, 0x62, 0xeb, 0x5a, 0xeb, 0x62,
    0xeb, 0x62, 0xeb, 0x62, 0xeb, 0x5a, 0xeb, 0x62, 0xeb, 0x62, 0xeb, 0x62,
    0xeb, 0x5a, 0xeb, 0x62, 0xeb, 0x62, 0xeb, 0x62, 0xeb, 0x5a, 0xeb, 0x62,
    0xeb, 0x62, 0xeb, 0x62, 0xeb, 0x5a, 0xeb, 0x62, 0xeb, 0x62, 0xeb, 0x62,
    0xeb, 0x5a, 0xeb, 0x62, 0xeb, 0x62, 0xeb, 0x62, 0xeb, 0x5a, 0xeb, 0x62,
    0xeb, 0x62, 0xeb, 0x62, 0xeb, 0x5a, 0xeb, 0x62, 0xeb, 0x62, 0xeb, 0x62,
    0xeb, 0x5a, 0xeb, 0x62, 0xeb, 0x62, 0xeb, 0x62, 0xeb, 0x5a, 0xeb, 0x62,
    0xeb, 0x62, 0xeb, 0x62, 0xeb, 0x5a, 0xeb, 0x62, 0xeb, 0x62, 0xeb, 0x62,
    0xeb, 0x5a, 0xeb, 0x62, 0xeb, 0x62, 0xeb, 0x62, 0xeb, 0x5a, 0xeb, 0x62,
    0xeb, 0x62, 0xeb, 0x62, 0xeb, 0x5a, 0xeb, 0x62, 0xeb, 0x62, 0xeb, 0x62,
    0xeb, 0x5a, 0xeb, 0x62, 0xeb, 0x62, 0xeb, 0x62, 0xeb, 0x5a, 0xeb, 0x62,
    0xeb, 0x62, 0xeb, 0x62, 0xeb, 0x5a, 0xeb, 0x62, 0xeb, 0x62, 0xeb, 0x62,
    0xeb, 0x5a, 0xeb, 0x62, 0xeb, 0x62, 0xeb, 0x62, 0xeb, 0x5a, 0xeb, 0x62,
    0xeb, 0x62, 0xeb, 0x62, 0xeb, 0x5a, 0xeb, 0x62, 0xeb, 0x62, 0xeb, 0x62,
    0xeb, 0x5a, 0xeb, 0x62, 0xeb, 0x62, 0xeb, 0x62, 0xeb, 0x5a, 0xeb, 0x62,
    0xeb, 0x62, 0xeb, 0x62, 0xeb, 0x5a, 0xeb, 0x62, 0xeb, 0x62, 0xeb, 0x62,
    0xeb, 0x5a, 0xeb, 0x62, 0xeb, 0x62, 0xeb, 0x62, 0xeb, 0x5a, 0xeb, 0x62,
    0xeb, 0x62, 0xeb, 0x62, 0xeb, 0x5a, 0xeb, 0x62, 0xeb, 0x62, 0xeb, 0x62,
    0xeb, 0x5a, 0xeb, 0x62, 0xeb, 0x62, 0xeb, 0x62, 0xeb, 0x5a, 0xeb, 0x62,
    0xeb, 0x62, 0xeb, 0x62, 0xeb, 0x5a, 0xeb, 0x62, 0xeb, 0x62, 0xeb, 0x62,
    0xeb, 0x5a, 0xeb, 0x62, 0xeb, 0x62, 0xeb, 0x62, 0xeb, 0x5a, 0xeb, 0x62,
    0xeb, 0x62, 0xeb, 0x62, 0xeb, 0x62, 0xeb, 0x62, 0xeb, 0x62, 0xeb, 0x62,
    0xeb, 0x62, 0xeb, 0x62, 0xeb, 0x62, 0xeb, 0x62, 0xeb, 0x62, 0xeb, 0x62,
    0xeb, 0x62, 0xeb, 0x62, 0xeb, 0x62, 0xeb, 0x62, 0xeb, 0x62, 0xeb, 0x62,
    0xeb, 0x62, 0xeb, 0x62, 0xeb, 0x62, 0xeb, 0x62, 0xeb, 0x62, 0xeb, 0x62,
    0xeb, 0x62, 0xeb, 0x62, 0xeb, 0x62, 0xeb, 0x62, 0xeb, 0x62, 0xeb, 0x62,
    0xeb, 0x62, 0xeb, 0x62, 0xeb, 0x62, 0xeb, 0x62, 0xeb, 0x62, 0xeb, 0x62,
    0xeb, 0x62, 0xeb, 0x62, 0xeb, 0x62, 0xeb, 0x62, 0xeb, 0x62, 0xeb, 0x62,
    0xeb, 0x62, 0xeb, 0x62, 0xeb, 0x62, 0xeb, 0x62, 0xeb, 0x62, 0xeb, 0x62,
    0xeb, 0x62, 0xeb, 0x62, 0xeb, 0x62, 0xeb, 0x62, 0xeb, 0x62, 0xeb, 0x62,
    0xeb, 0x62, 0xeb, 0x62, 0xeb, 0x62, 0xeb, 0x62, 0xeb, 0x62, 0xeb, 0x62,
    0xeb, 0x62, 0xeb, 0x62, 0xeb, 0x62, 0xeb, 0x62, 0xeb, 0x62, 0xeb, 0x62,
    0xeb, 0x62, 0xeb, 0x62, 0xeb, 0x62, 0xeb, 0x62, 0xeb, 0x62, 0xeb, 0x62,
    0xeb, 0x62, 0xeb, 0x62, 0xeb, 0x62, 0xeb, 0x62, 0xeb, 0x62, 0xeb, 0x62,
    0xeb, 0x62, 0xeb, 0x62, 0xeb, 0x62, 0xeb, 0x62, 0xeb, 0x62, 0xeb, 0x62,
    0xeb, 0x62, 0xeb, 0x62, 0xeb, 0x62, 0xeb, 0x62, 0xeb, 0x62, 0xeb, 0x62,
    0xeb, 0x62, 0xeb, 0x62, 0xeb, 0x62, 0xeb, 0x62, 0xeb, 0x62, 0xeb, 0x62,
    0xeb, 0x62, 0xeb, 0x62, 0xeb, 0x62, 0xeb, 0x62, 0xeb, 0x62, 0xeb, 0x62,
    0xeb, 0x62, 0xeb, 0x62, 0xeb, 0x62, 0xeb, 0x62, 0xeb, 0x62, 0xeb, 0x62,
    0xeb, 0x62, 0xeb, 0x62, 0xeb, 0x62, 0xeb, 0x62, 0xeb, 0x62, 0xeb, 0x62,
    0xeb, 0x62, 0xeb, 0x62, 0xeb, 0x62, 0xeb, 0x62, 0xeb, 0x62, 0xeb, 0x62,
    0xeb, 0x62, 0xeb, 0x62, 0xeb, 0x62, 0xeb, 0x62, 0xeb, 0x62, 0xeb, 0x62,
    0xeb, 0x62, 0xeb, 0x62, 0xeb, 0x62, 0xeb, 0x62, 0xeb, 0x62, 0xeb, 0x62,
    0xeb, 0x62, 0xeb, 0x62, 0xeb, 0x62, 0xeb, 0x62, 0xeb, 0x62, 0xeb, 0x62,
    0xeb, 0x62, 0xeb, 0x62, 0xeb, 0x62, 0xeb, 0x62, 0xeb, 0x62, 0xeb, 0x62,
    0xeb, 0x62, 0xeb, 0x62, 0xeb, 0x62, 0xeb, 0x62, 0xeb, 0x62, 0xeb, 0x62,
    0xeb, 0x5a, 0xeb, 0x5a, 0xeb, 0x5a, 0xeb, 0x62, 0xeb, 0x5a, 0xeb, 0x62,
    0xeb, 0x5a, 0xeb, 0x62, 0xeb, 0x5a, 0xeb, 0x5a, 0xeb, 0x5a, 0xeb, 0x62,
    0xeb, 0x5a, 0xeb, 0x62, 0xeb, 0x5a, 0xeb, 0x62, 0xeb, 0x5a, 0xeb, 0x5a,
    0xeb, 0x5a, 0xeb, 0x62, 0xeb, 0x5a, 0xeb, 0x62, 0xeb, 0x5a, 0xeb, 0x62,
    0xeb, 0x5a, 0xeb, 0x5a, 0xeb, 0x5a, 0xeb, 0x62, 0xeb, 0x5a, 0xeb, 0x62,
    0xeb, 0x5a, 0xeb, 0x62, 0xeb, 0x5a, 0xeb, 0x5a, 0xeb, 0x5a, 0xeb, 0x62,
    0xeb, 0x5a, 0xeb, 0x62, 0xeb, 0x5a, 0xeb, 0x62, 0xeb, 0x5a, 0xeb, 0x5a,
    0xeb, 0x5a, 0xeb, 0x62, 0xeb, 0x5a, 0xeb, 0x62, 0xeb, 0x5a, 0xeb, 0x62,
    0xeb, 0x5a, 0xeb, 0x5a, 0xeb, 0x5a, 0xeb, 0x62, 0xeb, 0x5a, 0xeb, 0x62,
    0xeb, 0x5a, 0xeb, 0x62, 0xeb, 0x5a, 0xeb, 0x5a, 0xeb, 0x5a, 0xeb, 0x62,
    0xeb, 0x5a, 0xeb, 0x62, 0xeb, 0x5a, 0xeb, 0x62, 0xeb, 0x5a, 0xeb, 0x5a,
    0xeb, 0x5a, 0xeb, 0x62, 0xeb, 0x5a, 0xeb, 0x62, 0xeb, 0x5a, 0xeb, 0x62,
    0xeb, 0x5a, 0xeb, 0x5a, 0xeb, 0x5a, 0xeb, 0x62, 0xeb, 0x5a, 0xeb, 0x62,
    0xeb, 0x5a, 0xeb, 0x62, 0xeb, 0x5a, 0xeb, 0x5a, 0xeb, 0x5a, 0xeb, 0x62,
    0xeb, 0x5a, 0xeb, 0x62, 0xeb, 0x5a, 0xeb, 0x62, 0xeb, 0x5a, 0xeb, 0x5a,
    0xeb, 0x5a, 0xeb, 0x62, 0xeb, 0x5a, 0xeb, 0x62, 0xeb, 0x5a, 0xeb, 0x62,
    0xeb, 0x5a, 0xeb, 0x5a, 0xeb, 0x5a, 0xeb, 0x62, 0xeb, 0x5a, 0xeb, 0x62,
    0xeb, 0x5a, 0xeb, 0x62, 0xeb, 0x5a, 0xeb, 0x5a, 0xeb, 0x5a, 0xeb, 0x62,
    0xeb, 0x5a, 0xeb, 0x62, 0xeb, 0x5a, 0xeb, 0x62, 0xeb, 0x5a, 0xeb, 0x5a,
    0xeb, 0x5a, 0xeb, 0x62, 0xeb, 0x5a, 0xeb, 0x62, 0xeb, 0x5a, 0xeb, 0x62,
    0xeb, 0x5a, 0xeb, 0x5a, 0xeb, 0x5a, 0xeb, 0x62, 0xeb, 0x5a, 0xeb, 0x62,
    0xeb, 0x5a, 0xeb, 0x62, 0xeb, 0x5a, 0xeb, 0x5a, 0xeb, 0x5a, 0xeb, 0x62,
    0xeb, 0x5a, 0xeb, 0x62, 0xeb, 0x5a, 0xeb, 0x62, 0xeb, 0x5a, 0xeb, 0x5a,
    0xeb, 0x5a, 0xeb, 0x62, 0xeb, 0x5a, 0xeb, 0x62, 0xeb, 0x5a, 0xeb, 0x62,
    0xeb, 0x5a, 0xeb, 0x5a, 0xeb, 0x5a, 0xeb, 0x62, 0xeb, 0x5a, 0xeb, 0x62,
    0xeb, 0x62, 0xeb, 0x62, 0xeb, 0x62, 0xeb, 0x62, 0xeb, 0x62, 0xeb, 0x62,
    0xeb, 0x62, 0xeb, 0x62, 0xeb, 0x62, 0xeb, 0x62, 0xeb, 0x62, 0xeb, 0x62,
    0xeb, 0x62, 0xeb, 0x62, 0xeb, 0x62, 0xeb, 0x62, 0xeb, 0x62, 0xeb, 0x62,
    0xeb, 0x62, 0xeb, 0x62, 0xeb, 0x62, 0xeb, 0x62, 0xeb, 0x62, 0xeb, 0x62,
    0xeb, 0x62, 0xeb, 0x62, 0xeb, 0x62, 0xeb, 0x62, 0xeb, 0x62, 0xeb, 0x62,
    0xeb, 0x62, 0xeb, 0x62, 0xeb, 0x62, 0xeb, 0x62, 0xeb, 0x62, 0xeb, 0x62,
    0xeb, 0x62, 0xeb, 0x62, 0xeb, 0x62, 0xeb, 0x62, 0xeb, 0x62, 0xeb, 0x62,
    0xeb, 0x62, 0xeb, 0x62, 0xeb, 0x62, 0xeb, 0x62, 0xeb, 0x62, 0xeb, 0x62,
    0xeb, 0x62, 0xeb, 0x62, 0xeb, 0x62, 0xeb, 0x62, 0xeb, 0x62, 0xeb, 0x62,
    0xeb, 0x62, 0xeb, 0x62, 0xeb, 0x62, 0xeb, 0x62, 0xeb, 0x62, 0xeb, 0x62,
    0xeb, 0x62, 0xeb, 0x62, 0xeb, 0x62, 0xeb, 0x62, 0xeb, 0x62, 0xeb, 0x62,
    0xeb, 0x62, 0xeb, 0x62, 0xeb, 0x62, 0xeb, 0x62, 0xeb, 0x62, 0xeb, 0x62,
    0xeb, 0x62, 0xeb, 0x62, 0xeb, 0x62, 0xeb, 0x62, 0xeb, 0x62, 0xeb, 0x62,
    0xeb, 0x62, 0xeb, 0x62, 0xeb, 0x62, 0xeb, 0x62, 0xeb, 0x62, 0xeb, 0x62,
    0xeb, 0x62, 0xeb, 0x62, 0xeb, 0x62, 0xeb, 0x62, 0xeb, 0x62, 0xeb, 0x62,
    0xeb, 0x62, 0xeb, 0x62, 0xeb, 0x62, 0xeb, 0x62, 0xeb, 0x62, 0xeb, 0x62,
    0xeb, 0x62, 0xeb, 0x62, 0xeb, 0x62, 0xeb, 0x62, 0xeb, 0x62, 0xeb, 0x62,
    0xeb, 0x62, 0xeb, 0x62, 0xeb, 0x62, 0xeb, 0x62, 0xeb, 0x62, 0xeb, 0x62,
    0xeb, 0x62, 0xeb, 0x62, 0xeb, 0x62, 0xeb, 0x62, 0xeb, 0x62, 0xeb, 0x62,
    0xeb, 0x62, 0xeb, 0x62, 0xeb, 0x62, 0xeb, 0x62, 0xeb, 0x62, 0xeb, 0x62,
    0xeb, 0x62, 0xeb, 0x62, 0xeb, 0x62, 0xeb, 0x62, 0xeb, 0x62, 0xeb, 0x62,
    0xeb, 0x62, 0xeb, 0x62, 0xeb, 0x62, 0xeb, 0x62, 0xeb, 0x62, 0xeb, 0x62,
    0xeb, 0x62, 0xeb, 0x62, 0xeb, 0x62, 0xeb, 0x62, 0xeb, 0x62, 0xeb, 0x62,
    0xeb, 0x62, 0xeb, 0x62, 0xeb, 0x62, 0xeb, 0x62, 0xeb, 0x62, 0xeb, 0x62,
    0xeb, 0x62, 0xeb, 0x62, 0xeb, 0x62, 0xeb, 0x62, 0xeb, 0x62, 0xeb, 0x62,
    0xcb, 0x5a, 0xcb, 0x5a, 0xcb, 0x5a, 0xcb, 0x5a, 0xcb, 0x5a, 0xcb, 0x5a,
    0xcb, 0x5a, 0xcb, 0x5a, 0xcb, 0x5a, 0xcb, 0x5a, 0xcb, 0x5a, 0xcb, 0x5a,
    0xcb, 0x5a, 0xcb, 0x5a, 0xcb, 0x5a, 0xcb, 0x5a, 0xcb, 0x5a, 0xcb, 0x5a,
    0xcb, 0x5a, 0xcb, 0x5a, 0xcb, 0x5a, 0xcb, 0x5a, 0xcb, 0x5a, 0xcb, 0x5a,
    0xcb, 0x5a, 0xcb, 0x5a, 0xcb, 0x5a, 0xcb, 0x5a, 0xcb, 0x5a, 0xcb, 0x5a,
    0xcb, 0x5a, 0xcb, 0x5a, 0xcb, 0x5a, 0xcb, 0x5a, 0xcb, 0x5a, 0xcb, 0x5a,
    0xcb, 0x5a, 0xcb, 0x5a, 0xcb, 0x5a, 0xcb, 0x5a, 0xcb, 0x5a, 0xcb, 0x5a,
    0xcb, 0x5a, 0xcb, 0x5a, 0xcb, 0x5a, 0xcb, 0x5a, 0xcb, 0x5a, 0xcb, 0x5a,
    0xcb, 0x5a, 0xcb, 0x5a, 0xcb, 0x5a, 0xcb, 0x5a, 0xcb, 0x5a, 0xcb, 0x5a,
    0xcb, 0x5a, 0xcb, 0x5a, 0xcb, 0x5a, 0xcb, 0x5a, 0xcb, 0x5a, 0xcb, 0x5a,
    0xcb, 0x5a, 0xcb, 0x5a, 0xcb, 0x5a, 0xcb, 0x5a, 0xcb, 0x5a, 0xcb, 0x5a,
    0xcb, 0x5a, 0xcb, 0x5a, 0xcb, 0x5a, 0xcb, 0x5a, 0xcb, 0x5a, 0xcb, 0x5a,
    0xcb, 0x5a, 0xcb, 0x5a, 0xcb, 0x5a, 0xcb, 0x5a, 0xcb, 0x5a, 0xcb, 0x5a,
    0xcb, 0x5a, 0xcb, 0x5a, 0xcb, 0x5a, 0xcb, 0x5a, 0xcb, 0x5a, 0xcb, 0x5a,
    0xcb, 0x5a, 0xcb, 0x5a, 0xcb, 0x5a, 0xcb, 0x5a, 0xcb, 0x5a, 0xcb, 0x5a,
    0xcb, 0x5a, 0xcb, 0x5a, 0xcb, 0x5a, 0xcb, 0x5a, 0xcb, 0x5a, 0xcb, 0x5a,
    0xcb, 0x5a, 0xcb, 0x5a, 0xcb, 0x5a, 0xcb, 0x5a, 0xcb, 0x5a, 0xcb, 0x5a,
    0xcb, 0x5a, 0xcb, 0x5a, 0xcb, 0x5a, 0xcb, 0x5a, 0xcb, 0x5a, 0xcb, 0x5a,
    0xcb, 0x5a, 0xcb, 0x5a, 0xcb, 0x5a, 0xcb, 0x5a, 0xcb, 0x5a, 0xcb, 0x5a,
    0xcb, 0x5a, 0xcb, 0x5a, 0xcb, 0x5a, 0xcb, 0x5a, 0xcb, 0x5a, 0xcb, 0x5a,
    0xcb, 0x5a, 0xcb, 0x5a, 0xcb, 0x5a, 0xcb, 0x5a, 0xcb, 0x5a, 0xcb, 0x5a,
    0xcb, 0x5a, 0xcb, 0x5a, 0xcb, 0x5a, 0xcb, 0x5a, 0xcb, 0x5a, 0xcb, 0x5a,
    0xcb, 0x5a, 0xcb, 0x5a, 0xcb, 0x5a, 0xcb, 0x5a, 0xcb, 0x5a, 0xcb, 0x5a,
    0xcb, 0x5a, 0xcb, 0x5a, 0xcb, 0x5a, 0xcb, 0x5a, 0xcb, 0x5a, 0xcb, 0x5a,
    0xcb, 0x5a, 0xcb, 0x5a, 0xcb, 0x5a, 0xcb, 0x5a, 0xcb, 0x5a, 0xcb, 0x5a,
    0xcb, 0x5a, 0xcb, 0x5a, 0xcb, 0x5a, 0xeb, 0x5a, 0xcb, 0x5a, 0xcb, 0x5a,
    0xcb, 0x5a, 0xeb, 0x5a, 0xcb, 0x5a, 0xcb, 0x5a, 0xcb, 0x5a, 0xeb, 0x5a,
    0xcb, 0x5a, 0xcb, 0x5a, 0xcb, 0x5a, 0xeb, 0x5a, 0xcb, 0x5a, 0xcb, 0x5a,
    0xcb, 0x5a, 0xeb, 0x5a, 0xcb, 0x5a, 0xcb, 0x5a, 0xcb, 0x5a, 0xeb, 0x5a,
    0xcb, 0x5a, 0xcb, 0x5a, 0xcb, 0x5a, 0xeb, 0x5a, 0xcb, 0x5a, 0xcb, 0x5a,
    0xcb, 0x5a, 0xeb, 0x5a, 0xcb, 0x5a, 0xcb, 0x5a, 0xcb, 0x5a, 0xeb, 0x5a,
    0xcb, 0x5a, 0xcb, 0x5a, 0xcb, 0x5a, 0xeb, 0x5a, 0xcb, 0x5a, 0xcb, 0x5a,
    0xcb, 0x5a, 0xeb, 0x5a, 0xcb, 0x5a, 0xcb, 0x5a, 0xcb, 0x5a, 0xeb, 0x5a,
    0xcb, 0x5a, 0xcb, 0x5a, 0xcb, 0x5a, 0xeb, 0x5a, 0xcb, 0x5a, 0xcb, 0x5a,
    0xcb, 0x5a, 0xeb, 0x5a, 0xcb, 0x5a, 0xcb, 0x5a, 0xcb, 0x5a, 0xeb, 0x5a,
    0xcb, 0x5a, 0xcb, 0x5a, 0xcb, 0x5a, 0xeb, 0x5a, 0xcb, 0x5a, 0xcb, 0x5a,
    0xcb, 0x5a, 0xeb, 0x5a, 0xcb, 0x5a, 0xcb, 0x5a, 0xcb, 0x5a, 0xeb, 0x5a,
    0xcb, 0x5a, 0xcb, 0x5a, 0xcb, 0x5a, 0xeb, 0x5a, 0xcb, 0x5a, 0xcb, 0x5a,
    0xcb, 0x5a, 0xeb, 0x5a, 0xcb, 0x5a, 0xcb, 0x5a, 0xcb, 0x5a, 0xeb, 0x5a,
    0xcb, 0x5a, 0xcb, 0x5a, 0xcb, 0x5a, 0xeb, 0x5a, 0xcb, 0x5a, 0xcb, 0x5a,
    0xcb, 0x5a, 0xeb, 0x5a, 0xcb, 0x5a, 0xcb, 0x5a, 0xcb, 0x5a, 0xeb, 0x5a,
    0xcb, 0x5a, 0xcb, 0x5a, 0xcb, 0x5a, 0xeb, 0x5a, 0xcb, 0x5a, 0xcb, 0x5a,
    0xcb, 0x5a, 0xeb, 0x5a, 0xcb, 0x5a, 0xcb, 0x5a, 0xcb, 0x5a, 0xeb, 0x5a,
    0xcb, 0x5a, 0xcb, 0x5a, 0xcb, 0x5a, 0xeb, 0x5a, 0xcb, 0x5a, 0xcb, 0x5a,
    0xcb, 0x5a, 0xeb, 0x5a, 0xcb, 0x5a, 0xcb, 0x5a, 0xcb, 0x5a, 0xeb, 0x5a,
    0xcb, 0x5a, 0xcb, 0x5a, 0xcb, 0x5a, 0xeb, 0x5a, 0xcb, 0x5a, 0xcb, 0x5a,
    0xcb, 0x5a, 0xeb, 0x5a, 0xcb, 0x5a, 0xcb, 0x5a, 0xcb, 0x5a, 0xeb, 0x5a,
    0xcb, 0x5a, 0xcb, 0x5a, 0xcb, 0x5a, 0xeb, 0x5a, 0xcb, 0x5a, 0xcb, 0x5a,
    0xcb, 0x5a, 0xeb, 0x5a, 0xcb, 0x5a, 0xcb, 0x5a, 0xcb, 0x5a, 0xeb, 0x5a,
    0xcb, 0x5a, 0xcb, 0x5a, 0xcb, 0x5a, 0xeb, 0x5a, 0xcb, 0x5a, 0xcb, 0x5a,
    0xcb, 0x5a, 0xcb, 0x5a, 0xcb, 0x5a, 0xcb, 0x5a, 0xcb, 0x5a, 0xcb, 0x5a,
    0xcb, 0x5a, 0xcb, 0x5a, 0xcb, 0x5a, 0xcb, 0x5a, 0xcb, 0x5a, 0xcb, 0x5a,
    0xcb, 0x5a, 0xcb, 0x5a, 0xcb, 0x5a, 0xcb, 0x5a, 0xcb, 0x5a, 0xcb, 0x5a,
    0xcb, 0x5a, 0xcb, 0x5a, 0xcb, 0x5a, 0xcb, 0x5a, 0xcb, 0x5a, 0xcb, 0x5a,
    0xcb, 0x5a, 0xcb, 0x5a, 0xcb, 0x5a, 0xcb, 0x5a, 0xcb, 0x5a, 0xcb, 0x5a,
    0xcb, 0x5a, 0xcb, 0x5a, 0xcb, 0x5a, 0xcb, 0x5a, 0xcb, 0x5a, 0xcb, 0x5a,
    0xcb, 0x5a, 0xcb, 0x5a, 0xcb, 0x5a, 0xcb, 0x5a, 0xcb, 0x5a, 0xcb, 0x5a,
    0xcb, 0x5a, 0xcb, 0x5a, 0xcb, 0x5a, 0xcb, 0x5a, 0xcb, 0x5a, 0xcb, 0x5a,
    0xcb, 0x5a, 0xcb, 0x5a, 0xcb, 0x5a, 0xcb, 0x5a, 0xcb, 0x5a, 0xcb, 0x5a,
    0xcb, 0x5a, 0xcb, 0x5a, 0xcb, 0x5a, 0xcb, 0x5a, 0xcb, 0x5a, 0xcb, 0x5a,
    0xcb, 0x5a, 0xcb, 0x5a, 0xcb, 0x5a, 0xcb, 0x5a, 0xcb, 0x5a, 0xcb, 0x5a,
    0xcb, 0x5a, 0xcb, 0x5a, 0xcb, 0x5a, 0xcb, 0x5a, 0xcb, 0x5a, 0xcb, 0x5a,
    0xcb, 0x5a, 0xcb, 0x5a, 0xcb, 0x5a, 0xcb, 0x5a, 0xcb, 0x5a, 0xcb, 0x5a,
    0xcb, 0x5a, 0xcb, 0x5a, 0xcb, 0x5a, 0xcb, 0x5a, 0xcb, 0x5a, 0xcb, 0x5a,
    0xcb, 0x5a, 0xcb, 0x5a, 0xcb, 0x5a, 0xcb, 0x5a, 0xcb, 0x5a, 0xcb, 0x5a,
    0xcb, 0x5a, 0xcb, 0x5a, 0xcb, 0x5a, 0xcb, 0x5a, 0xcb, 0x5a, 0xcb, 0x5a,
    0xcb, 0x5a, 0xcb, 0x5a, 0xcb, 0x5a, 0xcb, 0x5a, 0xcb, 0x5a, 0xcb, 0x5a,
    0xcb, 0x5a, 0xcb, 0x5a, 0xcb, 0x5a, 0xcb, 0x5a, 0xcb, 0x5a, 0xcb, 0x5a,
    0xcb, 0x5a, 0xcb, 0x5a, 0xcb, 0x5a, 0xcb, 0x5a, 0xcb, 0x5a, 0xcb, 0x5a,
    0xcb, 0x5a, 0xcb, 0x5a, 0xcb, 0x5a, 0xcb, 0x5a, 0xcb, 0x5a, 0xcb, 0x5a,
    0xcb, 0x5a, 0xcb, 0x5a, 0xcb, 0x5a, 0xcb, 0x5a, 0xcb, 0x5a, 0xcb, 0x5a,
    0xcb, 0x5a, 0xcb, 0x5a, 0xcb, 0x5a, 0xcb, 0x5a, 0xcb, 0x5a, 0xcb, 0x5a,
    0xcb, 0x5a, 0xcb, 0x5a, 0xcb, 0x5a, 0xcb, 0x5a, 0xcb, 0x5a, 0xcb, 0x5a,
    0xcb, 0x5a, 0xcb, 0x5a, 0xcb, 0x5a, 0xcb, 0x5a, 0xcb, 0x5a, 0xcb, 0x5a,
    0xcb, 0x5a, 0xcb, 0x5a, 0xcb, 0x5a, 0xcb, 0x5a, 0xcb, 0x5a, 0xcb, 0x5a,
    0xcb, 0x5a, 0xcb, 0x5a, 0xcb, 0x5a, 0xcb, 0x5a, 0xcb, 0x5a, 0xcb, 0x5a,
    0xcb, 0x5a, 0xcb, 0x5a, 0xcb, 0x5a, 0xcb, 0x5a, 0xcb, 0x5a, 0xcb, 0x5a,
    0xcb, 0x5a, 0xcb, 0x5a, 0xcb, 0x5a, 0xcb, 0x5a, 0xcb, 0x5a, 0xcb, 0x5a,
    0xcb, 0x5a, 0xcb, 0x5a, 0xcb, 0x5a, 0xcb, 0x5a, 0xcb, 0x5a, 0xcb, 0x5a,
    0xcb, 0x5a, 0xcb, 0x5a, 0xcb, 0x5a, 0xcb, 0x5a, 0xcb, 0x5a, 0xcb, 0x5a,
    0xcb, 0x5a, 0xcb, 0x5a, 0xcb, 0x5a, 0xcb, 0x5a, 0xcb, 0x5a, 0xcb, 0x5a,
    0xcb, 0x5a, 0xcb, 0x5a, 0xcb, 0x5a, 0xcb, 0x5a, 0xcb, 0x5a, 0xcb, 0x5a,
    0xcb, 0x5a, 0xcb, 0x5a, 0xcb, 0x5a, 0xcb, 0x5a, 0xcb, 0x5a, 0xcb, 0x5a,
    0xcb, 0x5a, 0xcb, 0x5a, 0xcb, 0x5a, 0xcb, 0x5a, 0xcb, 0x5a, 0xcb, 0x5a,
    0xcb, 0x5a, 0xcb, 0x5a, 0xcb, 0x5a, 0xcb, 0x5a, 0xcb, 0x5a, 0xcb, 0x5a,
    0xcb, 0x5a, 0xcb, 0x5a, 0xcb, 0x5a, 0xcb, 0x5a, 0xcb, 0x5a, 0xcb, 0x5a,
    0xcb, 0x5a, 0xcb, 0x5a, 0xcb, 0x5a, 0xcb, 0x5a, 0xcb, 0x5a, 0xcb, 0x5a,
    0xcb, 0x5a, 0xcb, 0x5a, 0xcb, 0x5a, 0xcb, 0x5a, 0xcb, 0x5a, 0xcb, 0x5a,
    0xcb, 0x5a, 0xcb, 0x5a, 0xcb, 0x5a, 0xcb, 0x5a, 0xcb, 0x5a, 0xcb, 0x5a,
    0xcb, 0x5a, 0xcb, 0x5a, 0xcb, 0x5a, 0xcb, 0x5a, 0xcb, 0x5a, 0xcb, 0x5a,
    0xcb, 0x5a, 0xcb, 0x5a, 0xcb, 0x5a, 0xcb, 0x5a, 0xcb, 0x5a, 0xcb, 0x5a,
    0xcb, 0x5a, 0xcb, 0x5a, 0xcb, 0x5a, 0xcb, 0x5a, 0xcb, 0x5a, 0xcb, 0x5a,
    0xcb, 0x5a, 0xcb, 0x5a, 0xcb, 0x5a, 0xcb, 0x5a, 0xcb, 0x5a, 0xcb, 0x5a,
    0xcb, 0x5a, 0xcb, 0x5a, 0xcb, 0x5a, 0xcb, 0x5a, 0xcb, 0x5a, 0xcb, 0x5a,
    0xcb, 0x5a, 0xcb, 0x5a, 0xcb, 0x5a, 0xcb, 0x5a, 0xcb, 0x5a, 0xcb, 0x5a,
    0xcb, 0x5a, 0xcb, 0x5a, 0xcb, 0x5a, 0xcb, 0x5a, 0xcb, 0x5a, 0xcb, 0x5a,
    0xcb, 0x5a, 0xcb, 0x5a, 0xcb, 0x5a, 0xcb, 0x5a, 0xcb, 0x5a, 0xcb, 0x5a,
    0xcb, 0x5a, 0xcb, 0x5a, 0xcb, 0x5a, 0xcb, 0x5a, 0xcb, 0x5a, 0xcb, 0x5a,
    0xcb, 0x5a, 0xcb, 0x5a, 0xcb, 0x5a, 0xcb, 0x5a, 0xcb, 0x5a, 0xcb, 0x5a,
    0xcb, 0x5a, 0xcb, 0x5a, 0xcb, 0x5a, 0xcb, 0x5a, 0xcb, 0x5a, 0xcb, 0x5a,
    0xcb, 0x5a, 0xcb, 0x5a, 0xcb, 0x5a, 0xcb, 0x5a, 0xcb, 0x5a, 0xcb, 0x5a,
    0xcb, 0x5a, 0xcb, 0x5a, 0xcb, 0x5a, 0xcb, 0x5a, 0xcb, 0x5a, 0xcb, 0x5a,
    0xcb, 0x5a, 0xcb, 0x5a, 0xcb, 0x5a, 0xcb, 0x5a, 0xcb, 0x5a, 0xcb, 0x5a,
    0xcb, 0x5a, 0xcb, 0x5a, 0xcb, 0x5a, 0xcb, 0x5a, 0xcb, 0x5a, 0xcb, 0x5a,
    0xcb, 0x5a, 0xcb, 0x5a, 0xcb, 0x5a, 0xcb, 0x5a, 0xcb, 0x5a, 0xcb, 0x5a,
    0xcb, 0x5a, 0xcb, 0x5a, 0xcb, 0x5a, 0xcb, 0x5a, 0xcb, 0x5a, 0xcb, 0x5a,
    0xcb, 0x5a, 0xcb, 0x5a, 0xcb, 0x5a, 0xcb, 0x5a, 0xcb, 0x5a, 0xcb, 0x5a,
    0xcb, 0x5a, 0xcb, 0x5a, 0xcb, 0x5a, 0xcb, 0x5a, 0xcb, 0x5a, 0xcb, 0x5a,
    0xcb, 0x5a, 0xcb, 0x5a, 0xcb, 0x5a, 0xcb, 0x5a, 0xcb, 0x5a, 0xcb, 0x5a,
    0xcb, 0x5a, 0xcb, 0x5a, 0xcb, 0x5a, 0xcb, 0x5a, 0xcb, 0x5a, 0xcb, 0x5a,
    0xcb, 0x5a, 0xcb, 0x5a, 0xcb, 0x5a, 0xcb, 0x5a, 0xcb, 0x5a, 0xcb, 0x5a,
    0xcb, 0x5a, 0xcb, 0x5a, 0xcb, 0x5a, 0xcb, 0x5a, 0xcb, 0x5a, 0xcb, 0x5a,
    0xcb, 0x5a, 0xcb, 0x5a, 0xcb, 0x5a, 0xcb, 0x5a, 0xcb, 0x5a, 0xcb, 0x5a,
    0xcb, 0x5a, 0xcb, 0x5a, 0xcb, 0x5a, 0xcb, 0x5a, 0xcb, 0x5a, 0xcb, 0x5a,
    0xcb, 0x5a, 0xcb, 0x5a, 0xcb, 0x5a, 0xcb, 0x5a, 0xcb, 0x5a, 0xcb, 0x5a,
    0xcb, 0x5a, 0xcb, 0x5a, 0xcb, 0x5a, 0xcb, 0x5a, 0xcb, 0x5a, 0xcb, 0x5a,
    0xcb, 0x5a, 0xcb, 0x5a, 0xcb, 0x5a, 0xcb, 0x5a, 0xcb, 0x5a, 0xcb, 0x5a,
    0xcb, 0x5a, 0xcb, 0x5a, 0xcb, 0x5a, 0xcb, 0x5a, 0xcb, 0x5a, 0xcb, 0x5a,
    0xcb, 0x5a, 0xcb, 0x5a, 0xcb, 0x5a, 0xcb, 0x5a, 0xcb, 0x5a, 0xcb, 0x5a,
    0xcb, 0x5a, 0xcb, 0x5a, 0xcb, 0x5a, 0xcb, 0x5a, 0xcb, 0x5a, 0xcb, 0x5a,
    0xcb, 0x5a, 0xcb, 0x5a, 0xcb, 0x5a, 0xcb, 0x5a, 0xcb, 0x5a, 0xcb, 0x5a,
    0xcb, 0x5a, 0xcb, 0x5a, 0xcb, 0x5a, 0xcb, 0x5a, 0xcb, 0x5a, 0xcb, 0x5a,
    0xcb, 0x5a, 0xcb, 0x5a, 0xcb, 0x5a, 0xcb, 0x5a, 0xcb, 0x5a, 0xcb, 0x5a,
    0xcb, 0x5a, 0xcb, 0x5a, 0xcb, 0x5a, 0xcb, 0x5a, 0xcb, 0x5a, 0xcb, 0x5a,
    0xcb, 0x5a, 0xcb, 0x5a, 0xcb, 0x5a, 0xcb, 0x5a, 0xcb, 0x5a, 0xcb, 0x5a,
    0xcb, 0x5a, 0xcb, 0x5a, 0xcb, 0x5a, 0xcb, 0x5a, 0xcb, 0x5a, 0xcb, 0x5a,
    0xcb, 0x5a, 0xcb, 0x5a, 0xcb, 0x5a, 0xcb, 0x5a, 0xcb, 0x5a, 0xcb, 0x5a,
    0xcb, 0x5a, 0xcb, 0x5a, 0xcb, 0x5a, 0xcb, 0x5a, 0xcb, 0x5a, 0xcb, 0x5a,
    0xcb, 0x5a, 0xcb, 0x5a, 0xcb, 0x5a, 0xcb, 0x5a, 0xcb, 0x5a, 0xcb, 0x5a,
    0xcb, 0x5a, 0xcb, 0x5a, 0xcb, 0x5a, 0xcb, 0x5a, 0xcb, 0x5a, 0xcb, 0x5a,
    0xcb, 0x5a, 0xcb, 0x5a, 0xcb, 0x5a, 0xcb, 0x5a, 0xcb, 0x5a, 0xcb, 0x5a,
    0xcb, 0x5a, 0xcb, 0x5a, 0xcb, 0x5a, 0xcb, 0x5a, 0xcb, 0x5a, 0xcb, 0x5a,
    0xcb, 0x5a, 0xcb, 0x5a, 0xcb, 0x5a, 0xcb, 0x5a, 0xcb, 0x5a, 0xcb, 0x5a,
    0xcb, 0x5a, 0xcb, 0x5a, 0xcb, 0x5a, 0xcb, 0x5a, 0xcb, 0x5a, 0xcb, 0x5a,
    0xcb, 0x5a, 0xcb, 0x5a, 0xcb, 0x5a, 0xcb, 0x5a, 0xcb, 0x5a, 0xcb, 0x5a,
    0xcb, 0x5a, 0xcb, 0x5a, 0xcb, 0x5a, 0xcb, 0x5a, 0xcb, 0x5a, 0xcb, 0x5a,
    0xcb, 0x5a, 0xcb, 0x5a, 0xcb, 0x5a, 0xcb, 0x5a, 0x0c, 0xa3, 0x0c, 0xa3,
    0x0c, 0xa3, 0x0c, 0xa3, 0x0c, 0xa3, 0x0c, 0xa3, 0x0c, 0xa3, 0x0c, 0xa3,
    0x0c, 0xa3, 0x0c, 0xa3, 0xcb, 0x5a, 0xcb, 0x5a, 0xcb, 0x5a, 0xcb, 0x5a,
    0xcb, 0x5a, 0xcb, 0x5a, 0xcb, 0x5a, 0xcb, 0x5a, 0xcb, 0x5a, 0xcb, 0x5a,
    0xcb, 0x5a, 0xcb, 0x5a, 0xcb, 0x5a, 0xcb, 0x5a, 0xcb, 0x5a, 0xcb, 0x5a,
    0xcb, 0x5a, 0xcb, 0x5a, 0xcb, 0x5a, 0xcb, 0x5a, 0xcb, 0x5a, 0xcb, 0x5a,
    0xcb, 0x5a, 0xcb, 0x5a, 0xcb, 0x5a, 0xcb, 0x5a, 0xcb, 0x5a, 0xcb, 0x5a,
    0xcb, 0x5a, 0xcb, 0x5a, 0xcb, 0x5a, 0xcb, 0x5a, 0xcb, 0x5a, 0xcb, 0x5a,
    0xcb, 0x5a, 0xcb, 0x5a, 0xcb, 0x5a, 0xcb, 0x5a, 0xcb, 0x5a, 0xcb, 0x5a,
    0xcb, 0x5a, 0xcb, 0x5a, 0xcb, 0x5a, 0xcb, 0x5a, 0xcb, 0x5a, 0xcb, 0x5a,
    0xcb, 0x5a, 0xcb, 0x5a, 0xcb, 0x5a, 0xcb, 0x5a, 0xcb, 0x5a, 0xcb, 0x5a,
    0xcb, 0x5a, 0xcb, 0x5a, 0xcb, 0x5a, 0xcb, 0x5a, 0xcb, 0x5a, 0xcb, 0x5a,
    0xcb, 0x5a, 0xcb, 0x5a, 0xcb, 0x5a, 0xcb, 0x5a, 0xcb, 0x5a, 0xcb, 0x5a,
    0xcb, 0x5a, 0xcb, 0x5a, 0xcb, 0x5a, 0xcb, 0x5a, 0xcb, 0x5a, 0xcb, 0x5a,
    0xcb, 0x5a, 0xcb, 0x5a, 0xcb, 0x5a, 0xcb, 0x5a, 0xcb, 0x5a, 0xcb, 0x5a,
    0xcb, 0x5a, 0xcb, 0x5a, 0xcb, 0x5a, 0xcb, 0x5a, 0xcb, 0x5a, 0xcb, 0x5a,
    0xcb, 0x5a, 0xcb, 0x5a, 0xcb, 0x5a, 0xcb, 0x5a, 0xcb, 0x5a, 0xcb, 0x5a,
    0xcb, 0x5a, 0xcb, 0x5a, 0xcb, 0x5a, 0xcb, 0x5a, 0xcb, 0x5a, 0xcb, 0x5a,
    0xcb, 0x5a, 0xcb, 0x5a, 0xcb, 0x5a, 0xcb, 0x5a, 0xcb, 0x5a, 0xcb, 0x5a,
    0xcb, 0x5a, 0xcb, 0x5a, 0xcb, 0x5a, 0xcb, 0x5a, 0xcb, 0x5a, 0xcb, 0x5a,
    0xcb, 0x5a, 0xcb, 0x5a, 0xcb, 0x5a, 0xcb, 0x5a, 0xcb, 0x5a, 0xcb, 0x5a,
    0xcb, 0x5a, 0xcb, 0x5a, 0xcb, 0x5a, 0xcb, 0x5a, 0xcb, 0x5a, 0xcb, 0x5a,
    0xcb, 0x5a, 0xcb, 0x5a, 0xcb, 0x5a, 0xcb, 0x5a, 0xcb, 0x5a, 0xcb, 0x5a,
    0xcb, 0x5a, 0xcb, 0x5a, 0xcb, 0x5a, 0xcb, 0x5a, 0xcb, 0x5a, 0xcb, 0x5a,
    0xcb, 0x5a, 0xcb, 0x5a, 0xcb, 0x5a, 0xcb, 0x5a, 0xcb, 0x5a, 0xcb, 0x5a,
    0xcb, 0x5a, 0xcb, 0x5a, 0xcb, 0x5a, 0xcb, 0x5a, 0x2d, 0xc3, 0x4e, 0xe3,
    0x4e, 0xe3, 0x4e, 0xe3, 0x4e, 0xe3, 0x4e, 0xe3, 0x4e, 0xe3, 0x4e, 0xe3,
    0x4e, 0xe3, 0x0c, 0xa3, 0xcb, 0x5a, 0xcb, 0x5a, 0xcb, 0x5a, 0xcb, 0x5a,
    0xcb, 0x5a, 0xcb, 0x5a, 0xcb, 0x5a, 0xcb, 0x5a, 0xcb, 0x5a, 0xcb, 0x5a,
    0xcb, 0x5a, 0xcb, 0x5a, 0xcb, 0x5a, 0xcb, 0x5a, 0xcb, 0x5a, 0xcb, 0x5a,
    0xcb, 0x5a, 0xcb, 0x5a, 0xcb, 0x5a, 0xcb, 0x5a, 0xcb, 0x5a, 0xcb, 0x5a,
    0xcb, 0x5a, 0xcb, 0x5a, 0xcb, 0x5a, 0xcb, 0x5a, 0xcb, 0x5a, 0xcb, 0x5a,
    0xcb, 0x5a, 0xcb, 0x5a, 0xcb, 0x5a, 0xcb, 0x5a, 0xcb, 0x5a, 0xcb, 0x5a,
    0xcb, 0x5a, 0xcb, 0x5a, 0xcb, 0x5a, 0xcb, 0x5a, 0xcb, 0x5a, 0xcb, 0x5a,
    0xcb, 0x5a, 0xcb, 0x5a, 0xcb, 0x5a, 0xcb, 0x5a, 0xcb, 0x5a, 0xcb, 0x5a,
    0xcb, 0x5a, 0xcb, 0x5a, 0xcb, 0x5a, 0xcb, 0x5a, 0xcb, 0x5a, 0xcb, 0x5a,
    0xcb, 0x5a, 0xcb, 0x5a, 0xcb, 0x5a, 0xcb, 0x5a, 0xcb, 0x5a, 0xcb, 0x5a,
    0xcb, 0x5a, 0xcb, 0x5a, 0xcb, 0x5a, 0xcb, 0x5a, 0xcb, 0x5a, 0xcb, 0x5a,
    0xcb, 0x5a, 0xcb, 0x5a, 0xcb, 0x5a, 0xcb, 0x5a, 0xcb, 0x5a, 0xcb, 0x5a,
    0xcb, 0x5a, 0xcb, 0x5a, 0xcb, 0x5a, 0xcb, 0x5a, 0xcb, 0x5a, 0xcb, 0x5a,
    0xcb, 0x5a, 0xcb, 0x5a, 0xcb, 0x5a, 0xcb, 0x5a, 0xcb, 0x5a, 0xcb, 0x5a,
    0xcb, 0x5a, 0xcb, 0x5a, 0xcb, 0x5a, 0xcb, 0x5a, 0xcb, 0x5a, 0xcb, 0x5a,
    0xcb, 0x5a, 0xcb, 0x5a, 0xcb, 0x5a, 0xcb, 0x5a, 0xcb, 0x5a, 0xcb, 0x5a,
    0xcb, 0x5a, 0xcb, 0x5a, 0xcb, 0x5a, 0xcb, 0x5a, 0xcb, 0x5a, 0xcb, 0x5a,
    0xcb, 0x5a, 0xcb, 0x5a, 0xcb, 0x5a, 0xcb, 0x5a, 0xcb, 0x5a, 0xcb, 0x5a,
    0xcb, 0x5a, 0xcb, 0x5a, 0xcb, 0x5a, 0xcb, 0x5a, 0xcb, 0x5a, 0xcb, 0x5a,
    0xcb, 0x5a, 0xcb, 0x5a, 0xcb, 0x5a, 0xcb, 0x5a, 0xcb, 0x5a, 0xcb, 0x5a,
    0xcb, 0x5a, 0xcb, 0x5a, 0xcb, 0x5a, 0xcb, 0x5a, 0xcb, 0x5a, 0xcb, 0x5a,
    0xcb, 0x5a, 0xcb, 0x5a, 0xcb, 0x5a, 0xcb, 0x5a, 0xcb, 0x5a, 0xcb, 0x5a,
    0xcb, 0x5a, 0xcb, 0x5a, 0xcb, 0x5a, 0xcb, 0x5a, 0xcb, 0x5a, 0xcb, 0x5a,
    0xcb, 0x5a, 0xcb, 0x5a, 0xcb, 0x5a, 0xcb, 0x5a, 0xec, 0x7a, 0x4e, 0xe3,
    0x4e, 0xe3, 0x4e, 0xe3, 0x4e, 0xe3, 0x4e, 0xe3, 0x4e, 0xe3, 0x4e, 0xe3,
    0x4e, 0xe3, 0xcb, 0x5a, 0xcb, 0x5a, 0xcb, 0x5a, 0xcb, 0x5a, 0xcb, 0x5a,
    0xcb, 0x5a, 0xcb, 0x5a, 0xcb, 0x5a, 0xcb, 0x5a, 0xcb, 0x5a, 0xcb, 0x5a,
    0xcb, 0x5a, 0xcb, 0x5a, 0xcb, 0x5a, 0xcb, 0x5a, 0xcb, 0x5a, 0xcb, 0x5a,
    0xcb, 0x5a, 0xcb, 0x5a, 0xcb, 0x5a, 0xcb, 0x5a, 0xcb, 0x5a, 0xcb, 0x5a,
    0xcb, 0x5a, 0xcb, 0x5a, 0xcb, 0x5a, 0xcb, 0x5a, 0xcb, 0x5a, 0xcb, 0x5a,
    0xcb, 0x5a, 0xcb, 0x5a, 0xcb, 0x5a, 0xcb, 0x5a, 0xcb, 0x5a, 0xcb, 0x5a,
    0xcb, 0x5a, 0xcb, 0x5a, 0xcb, 0x5a, 0xcb, 0x5a, 0xcb, 0x5a, 0xcb, 0x5a,
    0xcb, 0x5a, 0xcb, 0x5a, 0xcb, 0x5a, 0xcb, 0x5a, 0xcb, 0x5a, 0xcb, 0x5a,
    0xcb, 0x5a, 0xcb, 0x5a, 0xcb, 0x5a, 0xcb, 0x5a, 0xcb, 0x5a, 0xcb, 0x5a,
    0xcb, 0x5a, 0xcb, 0x5a, 0xcb, 0x5a, 0xcb, 0x5a, 0xcb, 0x5a, 0xcb, 0x5a,
    0xcb, 0x5a, 0xcb, 0x5a, 0xcb, 0x5a, 0xcb, 0x5a, 0xcb, 0x5a, 0xcb, 0x5a,
    0xcb, 0x5a, 0xcb, 0x5a, 0xcb, 0x5a, 0xcb, 0x5a, 0xcb, 0x5a, 0xcb, 0x5a,
    0xcb, 0x5a, 0xcb, 0x5a, 0xcb, 0x5a, 0xcb, 0x5a, 0xcb, 0x5a, 0xcb, 0x5a,
    0xcb, 0x5a, 0xcb, 0x5a, 0xcb, 0x5a, 0xcb, 0x5a, 0xcb, 0x5a, 0xcb, 0x5a,
    0xcb, 0x5a, 0xcb, 0x5a, 0xcb, 0x5a, 0xcb, 0x5a, 0xcb, 0x5a, 0xcb, 0x5a,
    0xcb, 0x5a, 0xcb, 0x5a, 0xcb, 0x5a, 0xcb, 0x5a, 0xcb, 0x5a, 0xcb, 0x5a,
    0xcb, 0x5a, 0xcb, 0x5a, 0xcb, 0x5a, 0xcb, 0x5a, 0xcb, 0x5a, 0xcb, 0x5a,
    0xcb, 0x5a, 0xcb, 0x5a, 0xcb, 0x5a, 0xcb, 0x5a, 0xcb, 0x5a, 0xcb, 0x5a,
    0xcb, 0x5a, 0xcb, 0x5a, 0xcb, 0x5a, 0xcb, 0x5a, 0xcb, 0x5a, 0xcb, 0x5a,
    0xcb, 0x5a, 0xcb, 0x5a, 0xcb, 0x5a, 0xcb, 0x5a, 0xcb, 0x5a, 0xcb, 0x5a,
    0xcb, 0x5a, 0xcb, 0x5a, 0xcb, 0x5a, 0xcb, 0x5a, 0xcb, 0x5a, 0xcb, 0x5a,
    0xcb, 0x5a, 0xcb, 0x5a, 0xcb, 0x5a, 0xcb, 0x5a, 0xcb, 0x5a, 0xcb, 0x5a,
    0xcb, 0x5a, 0xcb, 0x5a, 0xcb, 0x5a, 0xcb, 0x5a, 0xcb, 0x5a, 0xcb, 0x5a,
    0xcb, 0x5a, 0xcb, 0x5a, 0xcb, 0x5a, 0xcb, 0x5a, 0xcb, 0x5a, 0x2d, 0xc3,
    0x4e, 0xe3, 0x4e, 0xe3, 0x4e, 0xe3, 0x4e, 0xe3, 0x4e, 0xe3, 0x4e, 0xe3,
    0x0c, 0xa3, 0xcb, 0x5a, 0xcb, 0x5a, 0xcb, 0x5a, 0xcb, 0x5a, 0xcb, 0x5a,
    0xcb, 0x5a, 0xcb, 0x5a, 0xcb, 0x5a, 0xcb, 0x5a, 0xcb, 0x5a, 0xcb, 0x5a,
    0xcb, 0x5a, 0xcb, 0x5a, 0xcb, 0x5a, 0xcb, 0x5a, 0xcb, 0x5a, 0xcb, 0x5a,
    0xcb, 0x5a, 0xcb, 0x5a, 0xcb, 0x5a, 0xcb, 0x5a, 0xcb, 0x5a, 0xcb, 0x5a,
    0xcb, 0x5a, 0xcb, 0x5a, 0xcb, 0x5a, 0xcb, 0x5a, 0xcb, 0x5a, 0xcb, 0x5a,
    0xcb, 0x5a, 0xcb, 0x5a, 0xcb, 0x5a, 0xcb, 0x5a, 0xcb, 0x5a, 0xcb, 0x5a,
    0xcb, 0x5a, 0xcb, 0x5a, 0xcb, 0x5a, 0xcb, 0x5a, 0xcb, 0x5a, 0xcb, 0x5a,
    0xcb, 0x5a, 0xcb, 0x5a, 0xcb, 0x5a, 0xcb, 0x5a, 0xcb, 0x5a, 0xcb, 0x5a,
    0xcb, 0x5a, 0xcb, 0x5a, 0xcb, 0x5a, 0xcb, 0x5a, 0xcb, 0x5a, 0xcb, 0x5a,
    0xcb, 0x5a, 0xcb, 0x5a, 0xcb, 0x5a, 0xcb, 0x5a, 0xcb, 0x5a, 0xcb, 0x5a,
    0xcb, 0x5a, 0xcb, 0x5a, 0xcb, 0x5a, 0xcb, 0x5a, 0xcb, 0x5a, 0xcb, 0x5a,
    0xcb, 0x5a, 0xcb, 0x5a, 0xcb, 0x5a, 0xcb, 0x5a, 0xcb, 0x5a, 0xcb, 0x5a,
    0xcb, 0x5a, 0xcb, 0x5a, 0xcb, 0x5a, 0xcb, 0x5a, 0xcb, 0x5a, 0xcb, 0x5a,
    0xcb, 0x5a, 0xcb, 0x5a, 0xcb, 0x5a, 0xcb, 0x5a, 0xcb, 0x5a, 0xcb, 0x5a,
    0xcb, 0x5a, 0xcb, 0x5a, 0xcb, 0x5a, 0xcb, 0x5a, 0xcb, 0x5a, 0xcb, 0x5a,
    0xcb, 0x5a, 0xcb, 0x5a, 0xcb, 0x5a, 0xcb, 0x5a, 0xcb, 0x5a, 0xcb, 0x5a,
    0xcb, 0x5a, 0xcb, 0x5a, 0xcb, 0x5a, 0xcb, 0x5a, 0xcb, 0x5a, 0xcb, 0x5a,
    0xcb, 0x5a, 0xcb, 0x5a, 0xcb, 0x5a, 0xcb, 0x5a, 0xcb, 0x5a, 0xcb, 0x5a,
    0xcb, 0x5a, 0xcb, 0x5a, 0xcb, 0x5a, 0xcb, 0x5a, 0xcb, 0x5a, 0xcb, 0x5a,
    0xcb, 0x5a, 0xcb, 0x5a, 0xcb, 0x5a, 0xcb, 0x5a, 0xcb, 0x5a, 0xcb, 0x5a,
    0xcb, 0x5a, 0xcb, 0x5a, 0xcb, 0x5a, 0xcb, 0x5a, 0xcb, 0x5a, 0xcb, 0x5a,
    0xcb, 0x5a, 0xcb, 0x5a, 0xcb, 0x5a, 0xcb, 0x5a, 0xcb, 0x5a, 0xcb, 0x5a,
    0xcb, 0x5a, 0xcb, 0x5a, 0xcb, 0x5a, 0xcb, 0x5a, 0xcb, 0x5a, 0xcb, 0x5a,
    0xcb, 0x5a, 0xcb, 0x5a, 0xcb, 0x5a, 0xcb, 0x5a, 0xcb, 0x5a, 0xeb, 0x7a,
    0x4e, 0xe3, 0x4e, 0xe3, 0x4e, 0xe3, 0x4e, 0xe3, 0x4e, 0xe3, 0x4e, 0xe3,
    0x0c, 0xa3, 0xcb, 0x5a, 0xcb, 0x5a, 0xcb, 0x5a, 0xcb, 0x5a, 0xcb, 0x5a,
    0xcb, 0x5a, 0xcb, 0x5a, 0xcb, 0x5a, 0xcb, 0x5a, 0xcb, 0x5a, 0xcb, 0x5a,
    0xcb, 0x5a, 0xcb, 0x5a, 0xcb, 0x5a, 0xcb, 0x5a, 0xcb, 0x5a, 0xcb, 0x5a,
    0xcb, 0x5a, 0xcb, 0x5a, 0xcb, 0x5a, 0xcb, 0x5a, 0xcb, 0x5a, 0xcb, 0x5a,
    0xcb, 0x5a, 0xcb, 0x5a, 0xcb, 0x5a, 0xcb, 0x5a, 0xcb, 0x5a, 0xcb, 0x5a,
    0xcb, 0x5a, 0xcb, 0x5a, 0xcb, 0x5a, 0xcb, 0x5a, 0xcb, 0x5a, 0xcb, 0x5a,
    0xcb, 0x5a, 0xcb, 0x5a, 0xcb, 0x5a, 0xcb, 0x5a, 0xcb, 0x5a, 0xcb, 0x5a,
    0xcb, 0x5a, 0xcb, 0x5a, 0xcb, 0x5a, 0xcb, 0x5a, 0xcb, 0x5a, 0xcb, 0x5a,
    0xcb, 0x5a, 0xcb, 0x5a, 0xcb, 0x5a, 0xcb, 0x5a, 0xcb, 0x5a, 0xcb, 0x5a,
    0xcb, 0x5a, 0xcb, 0x5a, 0xcb, 0x5a, 0xcb, 0x5a, 0xcb, 0x5a, 0xcb, 0x5a,
    0xcb, 0x5a, 0xcb, 0x5a, 0xcb, 0x5a, 0xcb, 0x5a, 0xcb, 0x5a, 0xcb, 0x5a,
    0xcb, 0x5a, 0xcb, 0x5a, 0xcb, 0x5a, 0xcb, 0x5a, 0xcb, 0x5a, 0xcb, 0x5a,
    0xcb, 0x5a, 0xcb, 0x5a, 0xcb, 0x5a, 0xcb, 0x5a, 0xcb, 0x5a, 0xcb, 0x5a,
    0xcb, 0x5a, 0xcb, 0x5a, 0xcb, 0x5a, 0xcb, 0x5a, 0xcb, 0x5a, 0xcb, 0x5a,
    0xcb, 0x5a, 0xcb, 0x5a, 0xcb, 0x5a, 0xcb, 0x5a, 0xcb, 0x5a, 0xcb, 0x5a,
    0xcb, 0x5a, 0xcb, 0x5a, 0xcb, 0x5a, 0xcb, 0x5a, 0xcb, 0x5a, 0xcb, 0x5a,
    0xcb, 0x5a, 0xcb, 0x5a, 0xcb, 0x5a, 0xcb, 0x5a, 0xcb, 0x5a, 0xcb, 0x5a,
    0xcb, 0x5a, 0xcb, 0x5a, 0xcb, 0x5a, 0xcb, 0x5a, 0xcb, 0x5a, 0xcb, 0x5a,
    0xcb, 0x5a, 0xcb, 0x5a, 0xcb, 0x5a, 0xcb, 0x5a, 0xcb, 0x5a, 0xcb, 0x5a,
    0xcb, 0x5a, 0xcb, 0x5a, 0xcb, 0x5a, 0xcb, 0x5a, 0xcb, 0x5a, 0xcb, 0x5a,
    0xcb, 0x5a, 0xcb, 0x5a, 0xcb, 0x5a, 0xcb, 0x5a, 0xcb, 0x5a, 0xcb, 0x5a,
    0xcb, 0x5a, 0xcb, 0x5a, 0xcb, 0x5a, 0xcb, 0x5a, 0xcb, 0x5a, 0xcb, 0x5a,
    0xcb, 0x5a, 0xcb, 0x5a, 0xcb, 0x5a, 0xcb, 0x5a, 0xcb, 0x5a, 0xcb, 0x5a,
    0xcb, 0x5a, 0xcb, 0x5a, 0xcb, 0x5a, 0xcb, 0x5a, 0xcb, 0x5a, 0xcb, 0x5a,
    0x2d, 0xc3, 0x4e, 0xe3, 0x4e, 0xe3, 0x4e, 0xe3, 0x4e, 0xe3, 0x4e, 0xe3,
    0xcb, 0x5a, 0xcb, 0x5a, 0xcb, 0x5a, 0xcb, 0x5a, 0xcb, 0x5a, 0xcb, 0x5a,
    0xcb, 0x5a, 0xcb, 0x5a, 0xcb, 0x5a, 0xcb, 0x5a, 0xcb, 0x5a, 0xcb, 0x5a,
    0xcb, 0x5a, 0xcb, 0x5a, 0xcb, 0x5a, 0xcb, 0x5a, 0xcb, 0x5a, 0xcb, 0x5a,
    0xcb, 0x5a, 0xcb, 0x5a, 0xcb, 0x5a, 0xcb, 0x5a, 0xcb, 0x5a, 0xcb, 0x5a,
    0xcb, 0x5a, 0xcb, 0x5a, 0xcb, 0x5a, 0xcb, 0x5a, 0xcb, 0x5a, 0xcb, 0x5a,
    0xcb, 0x5a, 0xcb, 0x5a, 0xcb, 0x5a, 0xcb, 0x5a, 0xcb, 0x5a, 0xcb, 0x5a,
    0xcb, 0x5a, 0xcb, 0x5a, 0xcb, 0x5a, 0xcb, 0x5a, 0xcb, 0x5a, 0xcb, 0x5a,
    0xcb, 0x5a, 0xcb, 0x5a, 0xcb, 0x5a, 0xcb, 0x5a, 0xcb, 0x5a, 0xcb, 0x5a,
    0xcb, 0x5a, 0xcb, 0x5a, 0xcb, 0x5a, 0xcb, 0x5a, 0xcb, 0x5a, 0xcb, 0x5a,
    0xcb, 0x5a, 0xcb, 0x5a, 0xcb, 0x5a, 0xcb, 0x5a, 0xcb, 0x5a, 0xcb, 0x5a,
    0xcb, 0x5a, 0xcb, 0x5a, 0xcb, 0x5a, 0xcb, 0x5a, 0xcb, 0x5a, 0xcb, 0x5a,
    0xcb, 0x5a, 0xcb, 0x5a, 0xcb, 0x5a, 0xcb, 0x5a, 0xcb, 0x5a, 0xcb, 0x5a,
    0xcb, 0x5a, 0xcb, 0x5a, 0xcb, 0x5a, 0xcb, 0x5a, 0xcb, 0x5a, 0xcb, 0x5a,
    0xcb, 0x5a, 0xcb, 0x5a, 0xcb, 0x5a, 0xcb, 0x5a, 0xcb, 0x5a, 0xcb, 0x5a,
    0xcb, 0x5a, 0xcb, 0x5a, 0xcb, 0x5a, 0xcb, 0x5a, 0xcb, 0x5a, 0xcb, 0x5a,
    0xcb, 0x5a, 0xcb, 0x5a, 0xcb, 0x5a, 0xcb, 0x5a, 0xcb, 0x5a, 0xcb, 0x5a,
    0xcb, 0x5a, 0xcb, 0x5a, 0xcb, 0x5a, 0xcb, 0x5a, 0xcb, 0x5a, 0xcb, 0x5a,
    0xcb, 0x5a, 0xcb, 0x5a, 0xcb, 0x5a, 0xcb, 0x5a, 0xcb, 0x5a, 0xcb, 0x5a,
    0xcb, 0x5a, 0xcb, 0x5a, 0xcb, 0x5a, 0xcb, 0x5a, 0xcb, 0x5a, 0xcb, 0x5a,
    0xcb, 0x5a, 0xcb, 0x5a, 0xcb, 0x5a, 0xcb, 0x5a, 0xcb, 0x5a, 0xcb, 0x5a,
    0xcb, 0x5a, 0xcb, 0x5a, 0xcb, 0x5a, 0xcb, 0x5a, 0xcb, 0x5a, 0xcb, 0x5a,
    0xcb, 0x5a, 0xcb, 0x5a, 0xcb, 0x5a, 0xcb, 0x5a, 0xcb, 0x5a, 0xcb, 0x5a,
    0xcb, 0x5a, 0xcb, 0x5a, 0xcb, 0x5a, 0xcb, 0x5a, 0xcb, 0x5a, 0xcb, 0x5a,
    0xcb, 0x5a, 0xcb, 0x5a, 0xcb, 0x5a, 0xcb, 0x5a, 0xcb, 0x5a, 0xcb, 0x5a,
    0x0c, 0xa3, 0x4e, 0xe3, 0x4e, 0xe3, 0x4e, 0xe3, 0x4e, 0xe3, 0x0c, 0xa3,
    0xcb, 0x5a, 0xcb, 0x5a, 0xcb, 0x5a, 0xcb, 0x5a, 0xcb, 0x5a, 0xcb, 0x5a,
    0xcb, 0x5a, 0xcb, 0x5a, 0xcb, 0x5a, 0xcb, 0x5a, 0xcb, 0x5a, 0xcb, 0x5a,
    0xcb, 0x5a, 0xcb, 0x5a, 0xcb, 0x5a, 0xcb, 0x5a, 0xcb, 0x5a, 0xcb, 0x5a,
    0xcb, 0x5a, 0xcb, 0x5a, 0xcb, 0x5a, 0xcb, 0x5a, 0xcb, 0x5a, 0xcb, 0x5a,
    0xcb, 0x5a, 0xcb, 0x5a, 0xcb, 0x5a, 0xcb, 0x5a, 0xcb, 0x5a, 0xcb, 0x5a,
    0xcb, 0x5a, 0xcb, 0x5a, 0xcb, 0x5a, 0xcb, 0x5a, 0xcb, 0x5a, 0xcb, 0x5a,
    0xcb, 0x5a, 0xcb, 0x5a, 0xcb, 0x5a, 0xcb, 0x5a, 0xcb, 0x5a, 0xcb, 0x5a,
    0xcb, 0x5a, 0xcb, 0x5a, 0xcb, 0x5a, 0xcb, 0x5a, 0xcb, 0x5a, 0xcb, 0x5a,
    0xcb, 0x5a, 0xcb, 0x5a, 0xcb, 0x5a, 0xcb, 0x5a, 0xcb, 0x5a, 0xcb, 0x5a,
    0xcb, 0x5a, 0xcb, 0x5a, 0xcb, 0x5a, 0xcb, 0x5a, 0xcb, 0x5a, 0xcb, 0x5a,
    0xcb, 0x5a, 0xcb, 0x5a, 0xcb, 0x5a, 0xcb, 0x5a, 0xcb, 0x5a, 0xcb, 0x5a,
    0xcb, 0x5a, 0xcb, 0x5a, 0xcb, 0x5a, 0xcb, 0x5a, 0xcb, 0x5a, 0xcb, 0x5a,
    0xcb, 0x5a, 0xcb, 0x5a, 0xcb, 0x5a, 0xcb, 0x5a, 0xcb, 0x5a, 0xcb, 0x5a,
    0xcb, 0x5a, 0xcb, 0x5a, 0xcb, 0x5a, 0xcb, 0x5a, 0xcb, 0x5a, 0xcb, 0x5a,
    0xcb, 0x5a, 0xcb, 0x5a, 0xcb, 0x5a, 0xcb, 0x5a, 0xcb, 0x5a, 0xcb, 0x5a,
    0xcb, 0x5a, 0xcb, 0x5a, 0xcb, 0x5a, 0xcb, 0x5a, 0xcb, 0x5a, 0xcb, 0x5a,
    0xcb, 0x5a, 0xcb, 0x5a, 0xcb, 0x5a, 0xcb, 0x5a, 0xcb, 0x5a, 0xcb, 0x5a,
    0xcb, 0x5a, 0xcb, 0x5a, 0xcb, 0x5a, 0xcb, 0x5a, 0xcb, 0x5a, 0xcb, 0x5a,
    0xcb, 0x5a, 0xcb, 0x5a, 0xcb, 0x5a, 0xcb, 0x5a, 0xcb, 0x5a, 0xcb, 0x5a,
    0xcb, 0x5a, 0xcb, 0x5a, 0xcb, 0x5a, 0xcb, 0x5a, 0xcb, 0x5a, 0xcb, 0x5a,
    0xcb, 0x5a, 0xcb, 0x5a, 0xcb, 0x5a, 0xcb, 0x5a, 0xcb, 0x5a, 0xcb, 0x5a,
    0xcb, 0x5a, 0xcb, 0x5a, 0xcb, 0x5a, 0xcb, 0x5a, 0xcb, 0x5a, 0xcb, 0x5a,
    0xcb, 0x5a, 0xcb, 0x5a, 0xcb, 0x5a, 0xcb, 0x5a, 0xcb, 0x5a, 0xcb, 0x5a,
    0xcb, 0x5a, 0xcb, 0x5a, 0xcb, 0x5a, 0xcb, 0x5a, 0xcb, 0x5a, 0xcb, 0x5a,
    0xeb, 0x7a, 0x4e, 0xe3, 0x4e, 0xe3, 0x4e, 0xe3, 0x4e, 0xe3, 0xcb, 0x5a,
    0xcb, 0x5a, 0xcb, 0x5a, 0xcb, 0x5a, 0xcb, 0x5a, 0xcb, 0x5a, 0xcb, 0x5a,
    0xcb, 0x5a, 0xcb, 0x5a, 0xcb, 0x5a, 0xcb, 0x5a, 0xcb, 0x5a, 0xcb, 0x5a,
    0xcb, 0x5a, 0xcb, 0x5a, 0xcb, 0x5a, 0xcb, 0x5a, 0xcb, 0x5a, 0xcb, 0x5a,
    0xcb, 0x5a, 0xcb, 0x5a, 0xcb, 0x5a, 0xcb, 0x5a, 0xcb, 0x5a, 0xcb, 0x5a,
    0xcb, 0x5a, 0xcb, 0x5a, 0xcb, 0x5a, 0xcb, 0x5a, 0xcb, 0x5a, 0xcb, 0x5a,
    0xcb, 0x5a, 0xcb, 0x5a, 0xcb, 0x5a, 0xcb, 0x5a, 0xcb, 0x5a, 0xcb, 0x5a,
    0xcb, 0x5a, 0xcb, 0x5a, 0xcb, 0x5a, 0xcb, 0x5a, 0xcb, 0x5a, 0xcb, 0x5a,
    0xcb, 0x5a, 0xcb, 0x5a, 0xcb, 0x5a, 0xcb, 0x5a, 0xcb, 0x5a, 0xcb, 0x5a,
    0xcb, 0x5a, 0xcb, 0x5a, 0xcb, 0x5a, 0xcb, 0x5a, 0xcb, 0x5a, 0xcb, 0x5a,
    0xcb, 0x5a, 0xcb, 0x5a, 0xcb, 0x5a, 0xcb, 0x5a, 0xcb, 0x5a, 0xcb, 0x5a,
    0xcb, 0x5a, 0xcb, 0x5a, 0xcb, 0x5a, 0xcb, 0x5a, 0xcb, 0x5a, 0xcb, 0x5a,
    0xcb, 0x5a, 0xcb, 0x5a, 0xcb, 0x5a, 0xcb, 0x5a, 0xcb, 0x5a, 0xcb, 0x5a,
    0xcb, 0x5a, 0xcb, 0x5a, 0xcb, 0x5a, 0xcb, 0x5a, 0xcb, 0x5a, 0xcb, 0x5a,
    0xcb, 0x5a, 0xcb, 0x5a, 0xcb, 0x5a, 0xcb, 0x5a, 0xcb, 0x5a, 0xcb, 0x5a,
    0xcb, 0x5a, 0xcb, 0x5a, 0xcb, 0x5a, 0xcb, 0x5a, 0xcb, 0x5a, 0xcb, 0x5a,
    0xcb, 0x5a, 0xcb, 0x5a, 0xcb, 0x5a, 0xcb, 0x5a, 0xcb, 0x5a, 0xcb, 0x5a,
    0xcb, 0x5a, 0xcb, 0x5a, 0xcb, 0x5a, 0xcb, 0x5a, 0xcb, 0x5a, 0xcb, 0x5a,
    0xcb, 0x5a, 0xcb, 0x5a, 0xcb, 0x5a, 0xcb, 0x5a, 0xcb, 0x5a, 0xcb, 0x5a,
    0xcb, 0x5a, 0xcb, 0x5a, 0xcb, 0x5a, 0xcb, 0x5a, 0xcb, 0x5a, 0xcb, 0x5a,
    0xcb, 0x5a, 0xcb, 0x5a, 0xcb, 0x5a, 0xcb, 0x5a, 0xcb, 0x5a, 0xcb, 0x5a,
    0xcb, 0x5a, 0xcb, 0x5a, 0xcb, 0x5a, 0xcb, 0x5a, 0xcb, 0x5a, 0xcb, 0x5a,
    0xcb, 0x5a, 0xcb, 0x5a, 0xcb, 0x5a, 0xcb, 0x5a, 0xcb, 0x5a, 0xcb, 0x5a,
    0xcb, 0x5a, 0xcb, 0x5a, 0xcb, 0x5a, 0xcb, 0x5a, 0xcb, 0x5a, 0xcb, 0x5a,
    0xcb, 0x5a, 0xcb, 0x5a, 0xcb, 0x5a, 0xcb, 0x5a, 0xcb, 0x5a, 0xcb, 0x5a,
    0xcb, 0x5a, 0x2d, 0xc3, 0x4e, 0xe3, 0x4e, 0xe3, 0x0c, 0x9b, 0xcb, 0x5a,
    0xcb, 0x5a, 0xcb, 0x5a, 0xcb, 0x5a, 0xcb, 0x5a, 0xcb, 0x5a, 0xcb, 0x5a,
    0xcb, 0x5a, 0xcb, 0x5a, 0xcb, 0x5a, 0xcb, 0x5a, 0xcb, 0x5a, 0xcb, 0x5a,
    0xcb, 0x5a, 0xcb, 0x5a, 0xcb, 0x5a, 0xcb, 0x5a, 0xcb, 0x5a, 0xcb, 0x5a,
    0xcb, 0x5a, 0xcb, 0x5a, 0xcb, 0x5a, 0xcb, 0x5a, 0xcb, 0x5a, 0xcb, 0x5a,
    0xcb, 0x5a, 0xcb, 0x5a, 0xcb, 0x5a, 0xcb, 0x5a, 0xcb, 0x5a, 0xcb, 0x5a,
    0xcb, 0x5a, 0xcb, 0x5a, 0xcb, 0x5a, 0xcb, 0x5a, 0xcb, 0x5a, 0xcb, 0x5a,
    0xcb, 0x5a, 0xcb, 0x5a, 0xcb, 0x5a, 0xcb, 0x5a, 0xcb, 0x5a, 0xcb, 0x5a,
    0xcb, 0x5a, 0xcb, 0x5a, 0xcb, 0x5a, 0xcb, 0x5a, 0xcb, 0x5a, 0xcb, 0x5a,
    0xcb, 0x5a, 0xcb, 0x5a, 0xcb, 0x5a, 0xcb, 0x5a, 0xcb, 0x5a, 0xcb, 0x5a,
    0xcb, 0x5a, 0xcb, 0x5a, 0xcb, 0x5a, 0xcb, 0x5a, 0xcb, 0x5a, 0xcb, 0x5a,
    0xcb, 0x5a, 0xcb, 0x5a, 0xcb, 0x5a, 0xcb, 0x5a, 0xcb, 0x5a, 0xcb, 0x5a,
    0xcb, 0x5a, 0xcb, 0x5a, 0xcb, 0x5a, 0xcb, 0x5a, 0xcb, 0x5a, 0xcb, 0x5a,
    0xaa, 0x5a, 0xcb, 0x5a, 0xaa, 0x5a, 0xcb, 0x5a, 0xaa, 0x5a, 0xcb, 0x5a,
    0xaa, 0x5a, 0xcb, 0x5a, 0xaa, 0x5a, 0xcb, 0x5a, 0xaa, 0x5a, 0xcb, 0x5a,
    0xaa, 0x5a, 0xcb, 0x5a, 0xaa, 0x5a, 0xcb, 0x5a, 0xaa, 0x5a, 0xcb, 0x5a,
    0xaa, 0x5a, 0xcb, 0x5a, 0xaa, 0x5a, 0xcb, 0x5a, 0xaa, 0x5a, 0xcb, 0x5a,
    0xaa, 0x5a, 0xcb, 0x5a, 0xaa, 0x5a, 0xcb, 0x5a, 0xaa, 0x5a, 0xcb, 0x5a,
    0xaa, 0x5a, 0xcb, 0x5a, 0xaa, 0x5a, 0xcb, 0x5a, 0xaa, 0x5a, 0xcb, 0x5a,
    0xaa, 0x5a, 0xcb, 0x5a, 0xaa, 0x5a, 0xcb, 0x5a, 0xaa, 0x5a, 0xcb, 0x5a,
    0xaa, 0x5a, 0xcb, 0x5a, 0xaa, 0x5a, 0xcb, 0x5a, 0xaa, 0x5a, 0xcb, 0x5a,
    0xaa, 0x5a, 0xcb, 0x5a, 0xaa, 0x5a, 0xcb, 0x5a, 0xaa, 0x5a, 0xcb, 0x5a,
    0xaa, 0x5a, 0xcb, 0x5a, 0xaa, 0x5a, 0xcb, 0x5a, 0xab, 0x5a, 0xcb, 0x5a,
    0xab, 0x5a, 0xcb, 0x5a, 0xcb, 0x5a, 0xcb, 0x5a, 0xcb, 0x5a, 0xcb, 0x5a,
    0xcb, 0x5a, 0xcb, 0x5a, 0xcb, 0x5a, 0xcb, 0x5a, 0xcb, 0x5a, 0xec, 0x5a,
    0xcc, 0x5a, 0x0c, 0x7b, 0x4e, 0xe3, 0x4e, 0xe3, 0x0d, 0x9b, 0xec, 0x5a,
    0xcb, 0x5a, 0xcb, 0x5a, 0xcb, 0x5a, 0xcb, 0x5a, 0xcb, 0x5a, 0xcb, 0x5a,
    0xcb, 0x5a, 0xcb, 0x5a, 0xcb, 0x5a, 0xcb, 0x5a, 0xcb, 0x5a, 0xcb, 0x5a,
    0xab, 0x5a, 0xcb, 0x5a, 0xaa, 0x5a, 0xcb, 0x5a, 0xaa, 0x5a, 0xcb, 0x5a,
    0xaa, 0x5a, 0xcb, 0x5a, 0xaa, 0x5a, 0xcb, 0x5a, 0xaa, 0x5a, 0xcb, 0x5a,
    0xaa, 0x5a, 0xcb, 0x5a, 0xaa, 0x5a, 0xcb, 0x5a, 0xaa, 0x5a, 0xcb, 0x5a,
    0xaa, 0x5a, 0xcb, 0x5a, 0xaa, 0x5a, 0xcb, 0x5a, 0xaa, 0x5a, 0xcb, 0x5a,
    0xaa, 0x5a, 0xcb, 0x5a, 0xaa, 0x5a, 0xcb, 0x5a, 0xaa, 0x5a, 0xcb, 0x5a,
    0xaa, 0x5a, 0xcb, 0x5a, 0xaa, 0x5a, 0xcb, 0x5a, 0xaa, 0x5a, 0xcb, 0x5a,
    0xaa, 0x5a, 0xcb, 0x5a, 0xaa, 0x5a, 0xcb, 0x5a, 0xaa, 0x5a, 0xcb, 0x5a,
    0xaa, 0x5a, 0xcb, 0x5a, 0xaa, 0x5a, 0xcb, 0x5a, 0xaa, 0x5a, 0xcb, 0x5a,
    0xaa, 0x5a, 0xcb, 0x5a, 0xaa, 0x5a, 0xcb, 0x5a, 0xaa, 0x5a, 0xcb, 0x5a,
    0xaa, 0x5a, 0xcb, 0x5a, 0xaa, 0x5a, 0xcb, 0x5a, 0xaa, 0x5a, 0xcb, 0x5a,
    0xcb, 0x5a, 0xcb, 0x5a, 0xcb, 0x5a, 0xcb, 0x5a, 0xcb, 0x5a, 0xcb, 0x5a,
    0xcb, 0x5a, 0xcb, 0x5a, 0xcb, 0x5a, 0xcb, 0x5a, 0xcb, 0x5a, 0xcb, 0x5a,
    0xcb, 0x5a, 0xcb, 0x5a, 0xcb, 0x5a, 0xcb, 0x5a, 0xcb, 0x5a, 0xcb, 0x5a,
    0xcb, 0x5a, 0xcb, 0x5a, 0xcb, 0x5a, 0xcb, 0x5a, 0xcb, 0x5a, 0xcb, 0x5a,
    0xcb, 0x5a, 0xcb, 0x5a, 0xcb, 0x5a, 0xcb, 0x5a, 0xcb, 0x5a, 0xcb, 0x5a,
    0xcb, 0x5a, 0xcb, 0x5a, 0xcb, 0x5a, 0xcb, 0x5a, 0xcb, 0x5a, 0xcb, 0x5a,
    0xcb, 0x5a, 0xcb, 0x5a, 0xcb, 0x5a, 0xcb, 0x5a, 0xcb, 0x5a, 0xcb, 0x5a,
    0xcb, 0x5a, 0xcb, 0x5a, 0xcb, 0x5a, 0xcb, 0x5a, 0xcb, 0x5a, 0xcb, 0x5a,
    0xcb, 0x5a, 0xcb, 0x5a, 0xcb, 0x5a, 0xcb, 0x5a, 0xcb, 0x5a, 0xcb, 0x5a,
    0xcb, 0x5a, 0xcb, 0x5a, 0xcb, 0x5a, 0xcb, 0x5a, 0xcb, 0x5a, 0xcb, 0x5a,
    0xcb, 0x5a, 0xcb, 0x5a, 0xcb, 0x5a, 0xcb, 0x5a, 0xcb, 0x5a, 0xec, 0x5a,
    0xec, 0x5a, 0xec, 0x52, 0xec, 0x52, 0xec, 0x52, 0x0d, 0x53, 0x0d, 0x53,
    0x0d, 0x53, 0x0d, 0x53, 0x4e, 0xbb, 0x4e, 0xe3, 0x0d, 0x53, 0x0d, 0x53,
    0x0d, 0x53, 0x0d, 0x53, 0xec, 0x52, 0xec, 0x52, 0xec, 0x52, 0xec, 0x5a,
    0xec, 0x5a, 0xcb, 0x5a, 0xcb, 0x5a, 0xcb, 0x5a, 0xcb, 0x5a, 0xcb, 0x5a,
    0xcb, 0x5a, 0xcb, 0x5a, 0xcb, 0x5a, 0xcb, 0x5a, 0xcb, 0x5a, 0xcb, 0x5a,
    0xcb, 0x5a, 0xcb, 0x5a, 0xcb, 0x5a, 0xcb, 0x5a, 0xcb, 0x5a, 0xcb, 0x5a,
    0xcb, 0x5a, 0xcb, 0x5a, 0xcb, 0x5a, 0xcb, 0x5a, 0xcb, 0x5a, 0xcb, 0x5a,
    0xcb, 0x5a, 0xcb, 0x5a, 0xcb, 0x5a, 0xcb, 0x5a, 0xcb, 0x5a, 0xcb, 0x5a,
    0xcb, 0x5a, 0xcb, 0x5a, 0xcb, 0x5a, 0xcb, 0x5a, 0xcb, 0x5a, 0xcb, 0x5a,
    0xcb, 0x5a, 0xcb, 0x5a, 0xcb, 0x5a, 0xcb, 0x5a, 0xcb, 0x5a, 0xcb, 0x5a,
    0xcb, 0x5a, 0xcb, 0x5a, 0xcb, 0x5a, 0xcb, 0x5a, 0xcb, 0x5a, 0xcb, 0x5a,
    0xcb, 0x5a, 0xcb, 0x5a, 0xcb, 0x5a, 0xcb, 0x5a, 0xcb, 0x5a, 0xcb, 0x5a,
    0xcb, 0x5a, 0xcb, 0x5a, 0xcb, 0x5a, 0xcb, 0x5a, 0xcb, 0x5a, 0xcb, 0x5a,
    0xcb, 0x5a, 0xcb, 0x5a, 0xcb, 0x5a, 0xcb, 0x5a, 0xcb, 0x5a, 0xcb, 0x5a,
    0xaa, 0x5a, 0xaa, 0x5a, 0xaa, 0x5a, 0xaa, 0x5a, 0xaa, 0x5a, 0xaa, 0x5a,
    0xaa, 0x5a, 0xaa, 0x5a, 0xaa, 0x5a, 0xaa, 0x5a, 0xaa, 0x5a, 0xaa, 0x5a,
    0xaa, 0x5a, 0xaa, 0x5a, 0xaa, 0x5a, 0xaa, 0x5a, 0xaa, 0x5a, 0xaa, 0x5a,
    0xaa, 0x5a, 0xaa, 0x5a, 0xaa, 0x5a, 0xaa, 0x5a, 0xaa, 0x5a, 0xaa, 0x5a,
    0xaa, 0x5a, 0xaa, 0x5a, 0xaa, 0x5a, 0xaa, 0x5a, 0xaa, 0x5a, 0xaa, 0x5a,
    0xaa, 0x5a, 0xaa, 0x5a, 0xaa, 0x5a, 0xaa, 0x5a, 0xaa, 0x5a, 0xaa, 0x5a,
    0xaa, 0x5a, 0xaa, 0x5a, 0xaa, 0x5a, 0xaa, 0x5a, 0xaa, 0x5a, 0xaa, 0x5a,
    0xaa, 0x5a, 0xaa, 0x5a, 0xaa, 0x5a, 0xaa, 0x5a, 0xaa, 0x5a, 0xaa, 0x5a,
    0xaa, 0x5a, 0xaa, 0x5a, 0xaa, 0x5a, 0xaa, 0x5a, 0xaa, 0x5a, 0xaa, 0x5a,
    0xab, 0x5a, 0xab, 0x5a, 0xcb, 0x5a, 0xcb, 0x5a, 0xcb, 0x5a, 0xcb, 0x5a,
    0xcb, 0x5a, 0xcb, 0x5a, 0xec, 0x52, 0xec, 0x52, 0xec, 0x52, 0x0d, 0x53,
    0x0d, 0x53, 0x0d, 0x4b, 0x2e, 0x4b, 0x2e, 0x4b, 0x2e, 0x4b, 0x2e, 0x4b,
    0x2f, 0x4b, 0x4f, 0x4b, 0x4e, 0x6b, 0x4e, 0x93, 0x4f, 0x4b, 0x2f, 0x4b,
    0x2e, 0x4b, 0x2e, 0x4b, 0x2e, 0x4b, 0x2e, 0x4b, 0x0d, 0x4b, 0x0d, 0x53,
    0x0d, 0x53, 0xec, 0x52, 0xec, 0x52, 0xec, 0x52, 0xcb, 0x5a, 0xcb, 0x5a,
    0xcb, 0x5a, 0xcb, 0x5a, 0xcb, 0x5a, 0xcb, 0x5a, 0xab, 0x5a, 0xab, 0x5a,
    0xaa, 0x5a, 0xaa, 0x5a, 0xaa, 0x5a, 0xaa, 0x5a, 0xaa, 0x5a, 0xaa, 0x5a,
    0xaa, 0x5a, 0xaa, 0x5a, 0xaa, 0x5a, 0xaa, 0x5a, 0xaa, 0x5a, 0xaa, 0x5a,
    0xaa, 0x5a, 0xaa, 0x5a, 0xaa, 0x5a, 0xaa, 0x5a, 0xaa, 0x5a, 0xaa, 0x5a,
    0xaa, 0x5a, 0xaa, 0x5a, 0xaa, 0x5a, 0xaa, 0x5a, 0xaa, 0x5a, 0xaa, 0x5a,
    0xaa, 0x5a, 0xaa, 0x5a, 0xaa, 0x5a, 0xaa, 0x5a, 0xaa, 0x5a, 0xaa, 0x5a,
    0xaa, 0x5a, 0xaa, 0x5a, 0xaa, 0x5a, 0xaa, 0x5a, 0xaa, 0x5a, 0xaa, 0x5a,
    0xaa, 0x5a, 0xaa, 0x5a, 0xaa, 0x5a, 0xaa, 0x5a, 0xaa, 0x5a, 0xaa, 0x5a,
    0xaa, 0x5a, 0xaa, 0x5a, 0xaa, 0x5a, 0xaa, 0x5a, 0xaa, 0x5a, 0xaa, 0x5a,
    0xaa, 0x5a, 0xaa, 0x5a, 0xaa, 0x5a, 0xaa, 0x5a, 0xaa, 0x5a, 0xaa, 0x5a,
    0xaa, 0x5a, 0xaa, 0x5a, 0xaa, 0x5a, 0xaa, 0x5a, 0xaa, 0x5a, 0xaa, 0x5a,
    0xaa, 0x5a, 0xaa, 0x5a, 0xaa, 0x5a, 0xaa, 0x5a, 0xaa, 0x5a, 0xaa, 0x5a,
    0xaa, 0x5a, 0xaa, 0x5a, 0xaa, 0x5a, 0xaa, 0x5a, 0xaa, 0x5a, 0xaa, 0x5a,
    0xaa, 0x5a, 0xaa, 0x5a, 0xaa, 0x5a, 0xaa, 0x5a, 0xaa, 0x5a, 0xaa, 0x5a,
    0xaa, 0x5a, 0xaa, 0x5a, 0xaa, 0x5a, 0xaa, 0x5a, 0xaa, 0x5a, 0xaa, 0x5a,
    0xaa, 0x5a, 0xaa, 0x5a, 0xaa, 0x5a, 0xaa, 0x5a, 0xaa, 0x5a, 0xaa, 0x5a,
    0xaa, 0x5a, 0xaa, 0x5a, 0xaa, 0x5a, 0xaa, 0x5a, 0xaa, 0x5a, 0xaa, 0x5a,
    0xaa, 0x5a, 0xaa, 0x5a, 0xaa, 0x5a, 0xaa, 0x5a, 0xaa, 0x5a, 0xaa, 0x5a,
    0xaa, 0x5a, 0xaa, 0x5a, 0xaa, 0x5a, 0xaa, 0x5a, 0xab, 0x5a, 0xab, 0x5a,
    0xcb, 0x5a, 0xcb, 0x5a, 0xcb, 0x5a, 0xcb, 0x5a, 0xcb, 0x5a, 0xec, 0x52,
    0xec, 0x52, 0x0d, 0x53, 0x0d, 0x53, 0x0e, 0x4b, 0x2e, 0x4b, 0x2f, 0x4b,
    0x4f, 0x4b, 0x50, 0x43, 0x70, 0x43, 0x70, 0x43, 0x91, 0x43, 0x91, 0x43,
    0x91, 0x3b, 0x91, 0x3b, 0x91, 0x3b, 0x91, 0x3b, 0x91, 0x3b, 0x91, 0x3b,
    0x91, 0x43, 0x91, 0x43, 0x70, 0x43, 0x70, 0x43, 0x50, 0x43, 0x4f, 0x4b,
    0x2f, 0x4b, 0x2e, 0x4b, 0x0e, 0x4b, 0x0d, 0x53, 0x0d, 0x53, 0xec, 0x52,
    0xec, 0x52, 0xcb, 0x5a, 0xcb, 0x5a, 0xcb, 0x5a, 0xcb, 0x5a, 0xcb, 0x5a,
    0xab, 0x5a, 0xab, 0x5a, 0xaa, 0x5a, 0xaa, 0x5a, 0xaa, 0x5a, 0xaa, 0x5a,
    0xaa, 0x5a, 0xaa, 0x5a, 0xaa, 0x5a, 0xaa, 0x5a, 0xaa, 0x5a, 0xaa, 0x5a,
    0xaa, 0x5a, 0xaa, 0x5a, 0xaa, 0x5a, 0xaa, 0x5a, 0xaa, 0x5a, 0xaa, 0x5a,
    0xaa, 0x5a, 0xaa, 0x5a, 0xaa, 0x5a, 0xaa, 0x5a, 0xaa, 0x5a, 0xaa, 0x5a,
    0xaa, 0x5a, 0xaa, 0x5a, 0xaa, 0x5a, 0xaa, 0x5a, 0xaa, 0x5a, 0xaa, 0x5a,
    0xaa, 0x5a, 0xaa, 0x5a, 0xaa, 0x5a, 0xaa, 0x5a, 0xaa, 0x5a, 0xaa, 0x5a,
    0xaa, 0x5a, 0xaa, 0x5a, 0xaa, 0x5a, 0xaa, 0x5a, 0xaa, 0x5a, 0xaa, 0x5a,
    0xaa, 0x5a, 0xaa, 0x5a, 0xaa, 0x5a, 0xaa, 0x5a, 0xaa, 0x5a, 0xaa, 0x5a,
    0xaa, 0x5a, 0xaa, 0x5a, 0xaa, 0x5a, 0xaa, 0x5a, 0xaa, 0x5a, 0xaa, 0x5a,
    0xaa, 0x5a, 0xaa, 0x5a, 0xaa, 0x5a, 0xaa, 0x5a, 0xaa, 0x5a, 0xaa, 0x5a,
    0xaa, 0x5a, 0xaa, 0x5a, 0xaa, 0x5a, 0xaa, 0x5a, 0xaa, 0x5a, 0xaa, 0x5a,
    0xaa, 0x5a, 0xaa, 0x5a, 0xaa, 0x5a, 0xaa, 0x5a, 0xaa, 0x5a, 0xaa, 0x5a,
    0xaa, 0x5a, 0xaa, 0x5a, 0xaa, 0x5a, 0xaa, 0x5a, 0xaa, 0x5a, 0xaa, 0x5a,
    0xaa, 0x5a, 0xaa, 0x5a, 0xaa, 0x5a, 0xaa, 0x5a, 0xaa, 0x5a, 0xaa, 0x5a,
    0xaa, 0x5a, 0xaa, 0x5a, 0xaa, 0x5a, 0xaa, 0x5a, 0xaa, 0x5a, 0xaa, 0x5a,
    0xaa, 0x5a, 0xaa, 0x5a, 0xaa, 0x5a, 0xaa, 0x5a, 0xaa, 0x5a, 0xaa, 0x5a,
    0xaa, 0x5a, 0xaa, 0x5a, 0xaa, 0x5a, 0xaa, 0x5a, 0xaa, 0x5a, 0xaa, 0x5a,
    0xaa, 0x5a, 0xaa, 0x5a, 0xaa, 0x5a, 0xab, 0x5a, 0xaa, 0x5a, 0xcb, 0x5a,
    0xcb, 0x5a, 0xcb, 0x5a, 0xcb, 0x52, 0xec, 0x52, 0xec, 0x52, 0x0d, 0x53,
    0x0e, 0x4b, 0x2e, 0x4b, 0x4f, 0x4b, 0x70, 0x43, 0x70, 0x43, 0x91, 0x3b,
    0x92, 0x3b, 0xb2, 0x3b, 0xd3, 0x33, 0x15, 0x2c, 0x57, 0x24, 0x78, 0x24,
    0x99, 0x1c, 0x9a, 0x1c, 0xba, 0x1c, 0xba, 0x1c, 0x9a, 0x1c, 0x99, 0x1c,
    0x78, 0x24, 0x57, 0x24, 0x15, 0x2c, 0xd3, 0x33, 0xb2, 0x3b, 0xb2, 0x3b,
    0x91, 0x3b, 0x70, 0x43, 0x50, 0x43, 0x4f, 0x4b, 0x2e, 0x4b, 0x0e, 0x4b,
    0x0d, 0x53, 0xec, 0x52, 0xec, 0x52, 0xcb, 0x52, 0xcb, 0x5a, 0xcb, 0x5a,
    0xcb, 0x5a, 0xaa, 0x5a, 0xaa, 0x5a, 0xab, 0x5a, 0xaa, 0x5a, 0xaa, 0x5a,
    0xaa, 0x5a, 0xaa, 0x5a, 0xaa, 0x5a, 0xaa, 0x5a, 0xaa, 0x5a, 0xaa, 0x5a,
    0xaa, 0x5a, 0xaa, 0x5a, 0xaa, 0x5a, 0xaa, 0x5a, 0xaa, 0x5a, 0xaa, 0x5a,
    0xaa, 0x5a, 0xaa, 0x5a, 0xaa, 0x5a, 0xaa, 0x5a, 0xaa, 0x5a, 0xaa, 0x5a,
    0xaa, 0x5a, 0xaa, 0x5a, 0xaa, 0x5a, 0xaa, 0x5a, 0xaa, 0x5a, 0xaa, 0x5a,
    0xaa, 0x5a, 0xaa, 0x5a, 0xaa, 0x5a, 0xaa, 0x5a, 0xaa, 0x5a, 0xaa, 0x5a,
    0xaa, 0x5a, 0xaa, 0x5a, 0xaa, 0x5a, 0xaa, 0x5a, 0xaa, 0x5a, 0xaa, 0x5a,
    0xaa, 0x5a, 0xaa, 0x5a, 0xaa, 0x5a, 0xaa, 0x5a, 0xaa, 0x5a, 0xaa, 0x5a,
    0xaa, 0x5a, 0xaa, 0x5a, 0xaa, 0x5a, 0xaa, 0x5a, 0xaa, 0x5a, 0xaa, 0x5a,
    0xaa, 0x5a, 0xaa, 0x5a, 0xaa, 0x5a, 0xaa, 0x5a, 0xaa, 0x5a, 0xaa, 0x5a,
    0xaa, 0x5a, 0xaa, 0x5a, 0xaa, 0x5a, 0xaa, 0x5a, 0xaa, 0x5a, 0xaa, 0x5a,
    0xaa, 0x5a, 0xaa, 0x5a, 0xaa, 0x5a, 0xaa, 0x5a, 0xaa, 0x5a, 0xaa, 0x5a,
    0xaa, 0x5a, 0xaa, 0x5a, 0xaa, 0x5a, 0xaa, 0x5a, 0xaa, 0x5a, 0xaa, 0x5a,
    0xaa, 0x5a, 0xaa, 0x5a, 0xaa, 0x5a, 0xaa, 0x5a, 0xaa, 0x5a, 0xaa, 0x5a,
    0xaa, 0x5a, 0xaa, 0x5a, 0xaa, 0x5a, 0xaa, 0x5a, 0xaa, 0x5a, 0xaa, 0x5a,
    0xaa, 0x5a, 0xaa, 0x5a, 0xaa, 0x5a, 0xaa, 0x5a, 0xaa, 0x5a, 0xaa, 0x5a,
    0xaa, 0x5a, 0xaa, 0x5a, 0xaa, 0x5a, 0xaa, 0x5a, 0xaa, 0x5a, 0xaa, 0x5a,
    0xaa, 0x5a, 0xab, 0x5a, 0xaa, 0x5a, 0xcb, 0x5a, 0xcb, 0x5a, 0xcb, 0x5a,
    0xcc, 0x52, 0xec, 0x52, 0xec, 0x52, 0x0d, 0x53, 0x2e, 0x4b, 0x4f, 0x4b,
    0x50, 0x43, 0x91, 0x43, 0x92, 0x3b, 0xb3, 0x3b, 0x15, 0x2c, 0x78, 0x1c,
    0xdb, 0x14, 0x1d, 0x0d, 0x5f, 0x05, 0x5f, 0x05, 0x5f, 0x05, 0x5f, 0x05,
    0x5f, 0x05, 0x5f, 0x05, 0x5f, 0x05, 0x5f, 0x05, 0x5f, 0x05, 0x5f, 0x05,
    0x5f, 0x05, 0x5f, 0x05, 0x5f, 0x05, 0x5f, 0x05, 0x1d, 0x0d, 0xdb, 0x14,
    0x78, 0x1c, 0x15, 0x2c, 0xb3, 0x3b, 0x92, 0x3b, 0x71, 0x43, 0x70, 0x43,
    0x4f, 0x4b, 0x2e, 0x4b, 0x0d, 0x53, 0x0d, 0x53, 0xec, 0x52, 0xcc, 0x5a,
    0xcb, 0x5a, 0xcb, 0x5a, 0xab, 0x5a, 0xcb, 0x5a, 0xaa, 0x5a, 0xab, 0x5a,
    0xaa, 0x5a, 0xaa, 0x5a, 0xaa, 0x5a, 0xaa, 0x5a, 0xaa, 0x5a, 0xaa, 0x5a,
    0xaa, 0x5a, 0xaa, 0x5a, 0xaa, 0x5a, 0xaa, 0x5a, 0xaa, 0x5a, 0xaa, 0x5a,
    0xaa, 0x5a, 0xaa, 0x5a, 0xaa, 0x5a, 0xaa, 0x5a, 0xaa, 0x5a, 0xaa, 0x5a,
    0xaa, 0x5a, 0xaa, 0x5a, 0xaa, 0x5a, 0xaa, 0x5a, 0xaa, 0x5a, 0xaa, 0x5a,
    0xaa, 0x5a, 0xaa, 0x5a, 0xaa, 0x5a, 0xaa, 0x5a, 0xaa, 0x5a, 0xaa, 0x5a,
    0xaa, 0x5a, 0xaa, 0x5a, 0xaa, 0x5a, 0xaa, 0x5a, 0xaa, 0x5a, 0xaa, 0x5a,
    0xaa, 0x5a, 0xaa, 0x5a, 0xaa, 0x5a, 0xaa, 0x5a, 0xaa, 0x5a, 0xaa, 0x5a,
    0xaa, 0x5a, 0xaa, 0x5a, 0xaa, 0x5a, 0xaa, 0x5a, 0xaa, 0x5a, 0xaa, 0x5a,
    0xaa, 0x5a, 0xaa, 0x5a, 0xaa, 0x5a, 0xaa, 0x5a, 0xaa, 0x5a, 0xaa, 0x5a,
    0xaa, 0x5a, 0xaa, 0x5a, 0xaa, 0x5a, 0xaa, 0x5a, 0xaa, 0x5a, 0xaa, 0x5a,
    0xaa, 0x5a, 0xaa, 0x5a, 0xaa, 0x5a, 0xaa, 0x5a, 0xaa, 0x5a, 0xaa, 0x5a,
    0xaa, 0x5a, 0xaa, 0x5a, 0xaa, 0x5a, 0xaa, 0x5a, 0xaa, 0x5a, 0xaa, 0x5a,
    0xaa, 0x5a, 0xaa, 0x5a, 0xaa, 0x5a, 0xaa, 0x5a, 0xaa, 0x5a, 0xaa, 0x5a,
    0xaa, 0x5a, 0xaa, 0x5a, 0xaa, 0x5a, 0xaa, 0x5a, 0xaa, 0x5a, 0xaa, 0x5a,
    0xaa, 0x5a, 0xaa, 0x5a, 0xaa, 0x5a, 0xaa, 0x5a, 0xaa, 0x5a, 0xaa, 0x5a,
    0xaa, 0x5a, 0xaa, 0x5a, 0xaa, 0x5a, 0xaa, 0x5a, 0xaa, 0x5a, 0xaa, 0x5a,
    0xaa, 0x5a, 0xab, 0x5a, 0xcb, 0x5a, 0xcb, 0x5a, 0xcb, 0x52, 0xec, 0x52,
    0xec, 0x52, 0x0d, 0x4b, 0x2e, 0x4b, 0x4f, 0x43, 0x70, 0x43, 0x91, 0x3b,
    0xb2, 0x3b, 0x36, 0x2c, 0xba, 0x14, 0x3e, 0x0d, 0x5f, 0x05, 0x5f, 0x05,
    0x5f, 0x05, 0x5f, 0x05, 0x5f, 0x05, 0x5f, 0x05, 0x5f, 0x05, 0x5f, 0x05,
    0x5f, 0x05, 0x5f, 0x05, 0x5f, 0x05, 0x5f, 0x05, 0x5f, 0x05, 0x5f, 0x05,
    0x5f, 0x05, 0x5f, 0x05, 0x5f, 0x05, 0x5f, 0x05, 0x5f, 0x05, 0x5f, 0x05,
    0x5f, 0x05, 0x5f, 0x05, 0x3e, 0x0d, 0xba, 0x14, 0x36, 0x2c, 0xb2, 0x3b,
    0x91, 0x3b, 0x70, 0x43, 0x4f, 0x43, 0x2e, 0x4b, 0x0d, 0x4b, 0xec, 0x52,
    0xec, 0x52, 0xcb, 0x5a, 0xcb, 0x5a, 0xcb, 0x5a, 0xab, 0x5a, 0xaa, 0x5a,
    0xaa, 0x5a, 0xaa, 0x5a, 0xaa, 0x5a, 0xaa, 0x5a, 0xaa, 0x5a, 0xaa, 0x5a,
    0xaa, 0x5a, 0xaa, 0x5a, 0xaa, 0x5a, 0xaa, 0x5a, 0xaa, 0x5a, 0xaa, 0x5a,
    0xaa, 0x5a, 0xaa, 0x5a, 0xaa, 0x5a, 0xaa, 0x5a, 0xaa, 0x5a, 0xaa, 0x5a,
    0xaa, 0x5a, 0xaa, 0x5a, 0xaa, 0x5a, 0xaa, 0x5a, 0xaa, 0x5a, 0xaa, 0x5a,
    0xaa, 0x5a, 0xaa, 0x5a, 0xaa, 0x5a, 0xaa, 0x5a, 0xaa, 0x5a, 0xaa, 0x5a,
    0xaa, 0x5a, 0xaa, 0x5a, 0xaa, 0x5a, 0xaa, 0x5a, 0xaa, 0x5a, 0xaa, 0x5a,
    0xaa, 0x5a, 0xaa, 0x5a, 0xaa, 0x5a, 0xaa, 0x5a, 0xaa, 0x5a, 0xaa, 0x5a,
    0xaa, 0x5a, 0xaa, 0x5a, 0xaa, 0x5a, 0xaa, 0x5a, 0xaa, 0x5a, 0xaa, 0x5a,
    0xaa, 0x5a, 0xaa, 0x5a, 0xaa, 0x5a, 0xaa, 0x5a, 0xaa, 0x5a, 0xaa, 0x5a,
    0xaa, 0x5a, 0xaa, 0x5a, 0xaa, 0x5a, 0xaa, 0x5a, 0xaa, 0x5a, 0xaa, 0x5a,
    0xaa, 0x5a, 0xaa, 0x5a, 0xaa, 0x5a, 0xaa, 0x5a, 0xaa, 0x5a, 0xaa, 0x5a,
    0xaa, 0x5a, 0xaa, 0x5a, 0xaa, 0x5a, 0xaa, 0x5a, 0xaa, 0x5a, 0xaa, 0x5a,
    0xaa, 0x5a, 0xaa, 0x5a, 0xaa, 0x5a, 0xaa, 0x5a, 0xaa, 0x5a, 0xaa, 0x5a,
    0xaa, 0x5a, 0xaa, 0x5a, 0xaa, 0x5a, 0xaa, 0x5a, 0xaa, 0x5a, 0xaa, 0x5a,
    0xaa, 0x5a, 0xaa, 0x5a, 0xaa, 0x5a, 0xaa, 0x5a, 0xaa, 0x5a, 0xaa, 0x5a,
    0xaa, 0x5a, 0xaa, 0x5a, 0xaa, 0x5a, 0xaa, 0x5a, 0xaa, 0x5a, 0xaa, 0x5a,
    0xcb, 0x5a, 0xcb, 0x5a, 0xcb, 0x5a, 0xcc, 0x52, 0xec, 0x52, 0x0d, 0x53,
    0x2e, 0x4b, 0x4f, 0x43, 0x70, 0x43, 0x92, 0x3b, 0xd3, 0x33, 0x99, 0x1c,
    0x1d, 0x0d, 0x5f, 0x05, 0x5f, 0x05, 0x5f, 0x05, 0x5f, 0x05, 0x5f, 0x05,
    0x5f, 0x05, 0x5f, 0x05, 0x5f, 0x05, 0x5f, 0x05, 0x5f, 0x05, 0x5f, 0x05,
    0x5f, 0x05, 0x5f, 0x05, 0x5f, 0x05, 0x5f, 0x05, 0x5f, 0x05, 0x5f, 0x05,
    0x5f, 0x05, 0x5f, 0x05, 0x5f, 0x05, 0x5f, 0x05, 0x5f, 0x05, 0x5f, 0x05,
    0x5f, 0x05, 0x5f, 0x05, 0x5f, 0x05, 0x5f, 0x05, 0x5f, 0x05, 0x1d, 0x0d,
    0x99, 0x1c, 0xd3, 0x33, 0x92, 0x3b, 0x70, 0x43, 0x4f, 0x43, 0x2e, 0x4b,
    0x0d, 0x53, 0xec, 0x52, 0xcc, 0x52, 0xcb, 0x5a, 0xcb, 0x5a, 0xcb, 0x5a,
    0xaa, 0x5a, 0xaa, 0x5a, 0xaa, 0x5a, 0xaa, 0x5a, 0xaa, 0x5a, 0xaa, 0x5a,
    0xaa, 0x5a, 0xaa, 0x5a, 0xaa, 0x5a, 0xaa, 0x5a, 0xaa, 0x5a, 0xaa, 0x5a,
    0xaa, 0x5a, 0xaa, 0x5a, 0xaa, 0x5a, 0xaa, 0x5a, 0xaa, 0x5a, 0xaa, 0x5a,
    0xaa, 0x5a, 0xaa, 0x5a, 0xaa, 0x5a, 0xaa, 0x5a, 0xaa, 0x5a, 0xaa, 0x5a,
    0xaa, 0x5a, 0xaa, 0x5a, 0xaa, 0x5a, 0xaa, 0x5a, 0xaa, 0x5a, 0xaa, 0x5a,
    0xaa, 0x5a, 0xaa, 0x5a, 0xaa, 0x5a, 0xaa, 0x5a, 0xaa, 0x5a, 0xaa, 0x5a,
    0xaa, 0x5a, 0xaa, 0x5a, 0xaa, 0x5a, 0xaa, 0x5a, 0xaa, 0x5a, 0xaa, 0x5a,
    0xaa, 0x5a, 0xaa, 0x5a, 0xaa, 0x5a, 0xaa, 0x5a, 0xaa, 0x5a, 0xaa, 0x5a,
    0xaa, 0x5a, 0xaa, 0x5a, 0xaa, 0x5a, 0xaa, 0x5a, 0xaa, 0x5a, 0xaa, 0x5a,
    0xaa, 0x5a, 0xaa, 0x5a, 0xaa, 0x5a, 0xaa, 0x5a, 0xaa, 0x5a, 0xaa, 0x5a,
    0xaa, 0x5a, 0xaa, 0x5a, 0xaa, 0x5a, 0xaa, 0x5a, 0xaa, 0x5a, 0xaa, 0x5a,
    0xaa, 0x5a, 0xaa, 0x5a, 0xaa, 0x5a, 0xaa, 0x5a, 0xaa, 0x5a, 0xaa, 0x5a,
    0xaa, 0x5a, 0xaa, 0x5a, 0xaa, 0x5a, 0xaa, 0x5a, 0xaa, 0x5a, 0xaa, 0x5a,
    0xaa, 0x5a, 0xaa, 0x5a, 0xaa, 0x5a, 0xaa, 0x5a, 0xaa, 0x5a, 0xaa, 0x5a,
    0xaa, 0x5a, 0xaa, 0x5a, 0xaa, 0x5a, 0xaa, 0x5a, 0xaa, 0x5a, 0xaa, 0x5a,
    0xaa, 0x5a, 0xaa, 0x5a, 0xaa, 0x5a, 0xaa, 0x5a, 0xaa, 0x5a, 0xab, 0x5a,
    0xcb, 0x5a, 0xcb, 0x52, 0xec, 0x52, 0xed, 0x52, 0x0e, 0x4b, 0x4f, 0x4b,
    0x70, 0x43, 0x92, 0x3b, 0xf4, 0x33, 0xba, 0x14, 0x5f, 0x05, 0x5f, 0x05,
    0x5f, 0x05, 0x5f, 0x05, 0x5f, 0x05, 0x5f, 0x05, 0x5f, 0x05, 0x5f, 0x05,
    0x5f, 0x05, 0x5f, 0x05, 0x5f, 0x05, 0x5f, 0x05, 0x5f, 0x05, 0x5f, 0x05,
    0x5f, 0x05, 0x5f, 0x05, 0x5f, 0x05, 0x5f, 0x05, 0x5f, 0x05, 0x5f, 0x05,
    0x5f, 0x05, 0x5f, 0x05, 0x5f, 0x05, 0x5f, 0x05, 0x5f, 0x05, 0x5f, 0x05,
    0x5f, 0x05, 0x5f, 0x05, 0x5f, 0x05, 0x5f, 0x05, 0x5f, 0x05, 0x5f, 0x05,
    0x5f, 0x05, 0x5f, 0x05, 0xba, 0x14, 0xf4, 0x33, 0x92, 0x3b, 0x70, 0x43,
    0x4f, 0x43, 0x0e, 0x4b, 0xed, 0x52, 0xec, 0x52, 0xcb, 0x52, 0xcb, 0x5a,
    0xab, 0x5a, 0xaa, 0x5a, 0xaa, 0x5a, 0xaa, 0x5a, 0xaa, 0x5a, 0xaa, 0x5a,
    0xaa, 0x5a, 0xaa, 0x5a, 0xaa, 0x5a, 0xaa, 0x5a, 0xaa, 0x5a, 0xaa, 0x5a,
    0xaa, 0x5a, 0xaa, 0x5a, 0xaa, 0x5a, 0xaa, 0x5a, 0xaa, 0x5a, 0xaa, 0x5a,
    0xaa, 0x5a, 0xaa, 0x5a, 0xaa, 0x5a, 0xaa, 0x5a, 0xaa, 0x5a, 0xaa, 0x5a,
    0xaa, 0x5a, 0xaa, 0x5a, 0xaa, 0x5a, 0xaa, 0x5a, 0xaa, 0x5a, 0xaa, 0x5a,
    0xaa, 0x5a, 0xaa, 0x5a, 0xaa, 0x5a, 0xaa, 0x5a, 0xaa, 0x5a, 0xaa, 0x5a,
    0xaa, 0x5a, 0xaa, 0x5a, 0xaa, 0x5a, 0xaa, 0x5a, 0xaa, 0x5a, 0xaa, 0x5a,
    0xaa, 0x5a, 0xaa, 0x5a, 0xaa, 0x5a, 0xaa, 0x5a, 0xaa, 0x5a, 0xaa, 0x5a,
    0xaa, 0x5a, 0xaa, 0x5a, 0xaa, 0x5a, 0xaa, 0x5a, 0xaa, 0x5a, 0xaa, 0x5a,
    0xaa, 0x5a, 0xaa, 0x5a, 0xaa, 0x5a, 0xaa, 0x5a, 0xaa, 0x5a, 0xaa, 0x5a,
    0xaa, 0x5a, 0xaa, 0x5a, 0xaa, 0x5a, 0xaa, 0x5a, 0xaa, 0x5a, 0xaa, 0x5a,
    0xaa, 0x5a, 0xaa, 0x5a, 0xaa, 0x5a, 0xaa, 0x5a, 0xaa, 0x5a, 0xaa, 0x5a,
    0xaa, 0x5a, 0xaa, 0x5a, 0xaa, 0x5a, 0xaa, 0x5a, 0xaa, 0x5a, 0xaa, 0x5a,
    0xaa, 0x5a, 0xaa, 0x5a, 0xaa, 0x5a, 0xaa, 0x5a, 0xaa, 0x5a, 0xaa, 0x5a,
    0xaa, 0x5a, 0xaa, 0x5a, 0xaa, 0x5a, 0xaa, 0x5a, 0xaa, 0x5a, 0xaa, 0x5a,
    0xaa, 0x5a, 0xaa, 0x5a, 0xaa, 0x5a, 0xab, 0x5a, 0xab, 0x5a, 0xcb, 0x5a,
    0xcc, 0x52, 0xec, 0x52, 0x0d, 0x4b, 0x2e, 0x4b, 0x50, 0x43, 0x91, 0x3b,
    0xd3, 0x33, 0xba, 0x1c, 0x5f, 0x05, 0x5f, 0x05, 0x5f, 0x05, 0x5f, 0x05,
    0x5f, 0x05, 0x5f, 0x05, 0x5f, 0x05, 0x5f, 0x05, 0x5f, 0x05, 0x5f, 0x05,
    0x5f, 0x05, 0x5f, 0x05, 0x5f, 0x05, 0x5f, 0x05, 0x5f, 0x05, 0x5f, 0x05,
    0x5f, 0x05, 0x5f, 0x05, 0x5f, 0x05, 0x5f, 0x05, 0x5f, 0x05, 0x5f, 0x05,
    0x5f, 0x05, 0x5f, 0x05, 0x5f, 0x05, 0x5f, 0x05, 0x5f, 0x05, 0x5f, 0x05,
    0x5f, 0x05, 0x5f, 0x05, 0x5f, 0x05, 0x5f, 0x05, 0x5f, 0x05, 0x5f, 0x05,
    0x5f, 0x05, 0x5f, 0x05, 0x5f, 0x05, 0x5f, 0x05, 0xba, 0x1c, 0xd3, 0x33,
    0x91, 0x3b, 0x70, 0x43, 0x2e, 0x4b, 0x0d, 0x4b, 0xec, 0x52, 0xcc, 0x52,
    0xcb, 0x5a, 0xcb, 0x5a, 0xaa, 0x5a, 0xaa, 0x5a, 0xaa, 0x5a, 0xaa, 0x5a,
    0xaa, 0x5a, 0xaa, 0x5a, 0xaa, 0x5a, 0xaa, 0x5a, 0xaa, 0x5a, 0xaa, 0x5a,
    0xaa, 0x5a, 0xaa, 0x5a, 0xaa, 0x5a, 0xaa, 0x5a, 0xaa, 0x5a, 0xaa, 0x5a,
    0xaa, 0x5a, 0xaa, 0x5a, 0xaa, 0x5a, 0xaa, 0x5a, 0xaa, 0x5a, 0xaa, 0x5a,
    0xaa, 0x5a, 0xaa, 0x5a, 0xaa, 0x5a, 0xaa, 0x5a, 0xaa, 0x5a, 0xaa, 0x5a,
    0xaa, 0x5a, 0xaa, 0x5a, 0xaa, 0x5a, 0xaa, 0x5a, 0xaa, 0x5a, 0xaa, 0x5a,
    0xaa, 0x5a, 0xaa, 0x5a, 0xaa, 0x5a, 0xaa, 0x5a, 0xaa, 0x5a, 0xaa, 0x5a,
    0xaa, 0x5a, 0xaa, 0x5a, 0xaa, 0x5a, 0xaa, 0x5a, 0xaa, 0x5a, 0xaa, 0x5a,
    0xaa, 0x5a, 0xaa, 0x5a, 0xaa, 0x5a, 0xaa, 0x5a, 0xaa, 0x5a, 0xaa, 0x5a,
    0xaa, 0x5a, 0xaa, 0x5a, 0xaa, 0x5a, 0xaa, 0x5a, 0xaa, 0x5a, 0xaa, 0x5a,
    0xaa, 0x5a, 0xaa, 0x5a, 0xaa, 0x5a, 0xaa, 0x5a, 0xaa, 0x5a, 0xaa, 0x5a,
    0xaa, 0x5a, 0xaa, 0x5a, 0xaa, 0x5a, 0xaa, 0x5a, 0xaa, 0x5a, 0xaa, 0x5a,
    0xaa, 0x5a, 0xaa, 0x5a, 0xaa, 0x5a, 0xaa, 0x5a, 0xaa, 0x5a, 0xaa, 0x5a,
    0xaa, 0x5a, 0xaa, 0x5a, 0xaa, 0x5a, 0xaa, 0x5a, 0xaa, 0x5a, 0xaa, 0x5a,
    0xaa, 0x5a, 0xaa, 0x5a, 0xaa, 0x5a, 0xaa, 0x5a, 0xaa, 0x5a, 0xaa, 0x5a,
    0xaa, 0x5a, 0xaa, 0x5a, 0xaa, 0x5a, 0xab, 0x5a, 0xcb, 0x52, 0xcc, 0x52,
    0xec, 0x52, 0x0e, 0x4b, 0x4f, 0x43, 0x71, 0x43, 0xb2, 0x3b, 0x78, 0x24,
    0x3e, 0x05, 0x5f, 0x05, 0x5f, 0x05, 0x5f, 0x05, 0x5f, 0x05, 0x5f, 0x05,
    0x5f, 0x05, 0x5f, 0x05, 0x5f, 0x05, 0x5f, 0x05, 0x5f, 0x05, 0x5f, 0x05,
    0x5f, 0x05, 0x5f, 0x05, 0x5f, 0x05, 0x5f, 0x05, 0x7f, 0x15, 0x7f, 0x1d,
    0x9e, 0x2d, 0x9e, 0x2d, 0x9e, 0x35, 0x9e, 0x35, 0x9e, 0x2d, 0x7e, 0x25,
    0x7e, 0x1d, 0x7f, 0x15, 0x5f, 0x05, 0x5f, 0x05, 0x5f, 0x05, 0x5f, 0x05,
    0x5f, 0x05, 0x5f, 0x05, 0x5f, 0x05, 0x5f, 0x05, 0x5f, 0x05, 0x5f, 0x05,
    0x5f, 0x05, 0x5f, 0x05, 0x5f, 0x05, 0x5f, 0x05, 0x5f, 0x05, 0x3e, 0x05,
    0x78, 0x24, 0xb2, 0x3b, 0x71, 0x43, 0x4f, 0x43, 0x0d, 0x4b, 0xed, 0x52,
    0xcc, 0x52, 0xcb, 0x52, 0xab, 0x5a, 0xaa, 0x5a, 0xaa, 0x5a, 0xaa, 0x5a,
    0xaa, 0x5a, 0xaa, 0x5a, 0xaa, 0x5a, 0xaa, 0x5a, 0xaa, 0x5a, 0xaa, 0x5a,
    0xaa, 0x5a, 0xaa, 0x5a, 0xaa, 0x5a, 0xaa, 0x5a, 0xaa, 0x5a, 0xaa, 0x5a,
    0xaa, 0x5a, 0xaa, 0x5a, 0xaa, 0x5a, 0xaa, 0x5a, 0xaa, 0x5a, 0xaa, 0x5a,
    0xaa, 0x5a, 0xaa, 0x5a, 0xaa, 0x5a, 0xaa, 0x5a, 0xaa, 0x5a, 0xaa, 0x5a,
    0xaa, 0x5a, 0xaa, 0x5a, 0xaa, 0x5a, 0xaa, 0x5a, 0xaa, 0x5a, 0xaa, 0x5a,
    0xaa, 0x5a, 0xaa, 0x5a, 0xaa, 0x5a, 0xaa, 0x5a, 0xaa, 0x5a, 0xaa, 0x5a,
    0xaa, 0x5a, 0xaa, 0x5a, 0xaa, 0x5a, 0xaa, 0x5a, 0xaa, 0x5a, 0xaa, 0x5a,
    0xaa, 0x5a, 0xaa, 0x5a, 0xaa, 0x5a, 0xaa, 0x5a, 0xaa, 0x5a, 0xaa, 0x5a,
    0xaa, 0x5a, 0xaa, 0x5a, 0xaa, 0x5a, 0xaa, 0x5a, 0xaa, 0x5a, 0xaa, 0x5a,
    0xaa, 0x5a, 0xaa, 0x5a, 0xaa, 0x5a, 0xaa, 0x5a, 0xaa, 0x5a, 0xaa, 0x5a,
    0xaa, 0x5a, 0xaa, 0x5a, 0xaa, 0x5a, 0xaa, 0x5a, 0xaa, 0x5a, 0xaa, 0x5a,
    0xaa, 0x5a, 0xaa, 0x5a, 0xaa, 0x5a, 0xaa, 0x5a, 0xaa, 0x5a, 0xaa, 0x5a,
    0xaa, 0x5a, 0xaa, 0x5a, 0xaa, 0x5a, 0xaa, 0x5a, 0xaa, 0x5a, 0xaa, 0x5a,
    0xaa, 0x5a, 0xaa, 0x5a, 0xaa, 0x5a, 0xaa, 0x5a, 0xaa, 0x5a, 0xaa, 0x5a,
    0xaa, 0x5a, 0xaa, 0x5a, 0xab, 0x5a, 0xcb, 0x52, 0xec, 0x52, 0x0d, 0x53,
    0x2e, 0x4b, 0x50, 0x43, 0x91, 0x3b, 0xf4, 0x33, 0xdc, 0x14, 0x5f, 0x05,
    0x5f, 0x05, 0x5f, 0x05, 0x5f, 0x05, 0x5f, 0x05, 0x5f, 0x05, 0x5f, 0x05,
    0x5f, 0x05, 0x5f, 0x05, 0x5f, 0x05, 0x5f, 0x05, 0x5f, 0x05, 0x7f, 0x15,
    0x9e, 0x2d, 0xde, 0x4d, 0xfd, 0x65, 0x1c, 0x76, 0x1c, 0x7e, 0x1c, 0x7e,
    0xfc, 0x7d, 0xfc, 0x85, 0xfb, 0x85, 0xfb, 0x7d, 0xfb, 0x7d, 0xdb, 0x7d,
    0xdb, 0x75, 0xdb, 0x75, 0xdb, 0x6d, 0xbc, 0x5d, 0x9d, 0x45, 0x7e, 0x2d,
    0x7f, 0x0d, 0x5f, 0x05, 0x5f, 0x05, 0x5f, 0x05, 0x5f, 0x05, 0x5f, 0x05,
    0x5f, 0x05, 0x5f, 0x05, 0x5f, 0x05, 0x5f, 0x05, 0x5f, 0x05, 0x5f, 0x05,
    0x5f, 0x05, 0xdc, 0x14, 0xf4, 0x33, 0x91, 0x3b, 0x50, 0x43, 0x2e, 0x4b,
    0x0d, 0x53, 0xec, 0x52, 0xcb, 0x52, 0xab, 0x5a, 0xaa, 0x5a, 0xaa, 0x5a,
    0xaa, 0x5a, 0xaa, 0x5a, 0xaa, 0x5a, 0xaa, 0x5a, 0xaa, 0x5a, 0xaa, 0x5a,
    0xaa, 0x5a, 0xaa, 0x5a, 0xaa, 0x5a, 0xaa, 0x5a, 0xaa, 0x5a, 0xaa, 0x5a,
    0xaa, 0x5a, 0xaa, 0x5a, 0xaa, 0x5a, 0xaa, 0x5a, 0xaa, 0x5a, 0xaa, 0x5a,
    0xaa, 0x5a, 0xaa, 0x5a, 0xaa, 0x5a, 0xaa, 0x5a, 0xaa, 0x5a, 0xaa, 0x5a,
    0xaa, 0x5a, 0xaa, 0x5a, 0xaa, 0x5a, 0xaa, 0x5a, 0xaa, 0x5a, 0xaa, 0x5a,
    0xaa, 0x5a, 0xaa, 0x5a, 0xaa, 0x5a, 0xaa, 0x5a, 0xaa, 0x5a, 0xaa, 0x5a,
    0xaa, 0x5a, 0xaa, 0x5a, 0xaa, 0x5a, 0xaa, 0x5a, 0xaa, 0x5a, 0xaa, 0x5a,
    0xaa, 0x5a, 0xaa, 0x5a, 0xaa, 0x5a, 0xaa, 0x5a, 0xaa, 0x5a, 0xaa, 0x5a,
    0xaa, 0x5a, 0xaa, 0x5a, 0xaa, 0x5a, 0xaa, 0x5a, 0xaa, 0x5a, 0xaa, 0x5a,
    0xaa, 0x5a, 0xaa, 0x5a, 0xaa, 0x5a, 0xaa, 0x5a, 0xaa, 0x5a, 0xaa, 0x5a,
    0xaa, 0x5a, 0xaa, 0x5a, 0xaa, 0x5a, 0xaa, 0x5a, 0xaa, 0x5a, 0xaa, 0x5a,
    0xaa, 0x5a, 0xaa, 0x5a, 0xaa, 0x5a, 0xaa, 0x5a, 0xaa, 0x5a, 0xaa, 0x5a,
    0xaa, 0x5a, 0xaa, 0x5a, 0xaa, 0x5a, 0xaa, 0x5a, 0xaa, 0x5a, 0xaa, 0x5a,
    0xaa, 0x5a, 0xaa, 0x5a, 0xaa, 0x5a, 0xaa, 0x5a, 0xaa, 0x5a, 0xaa, 0x5a,
    0xaa, 0x5a, 0xab, 0x5a, 0xcb, 0x52, 0xcc, 0x52, 0xed, 0x4a, 0x2e, 0x4b,
    0x50, 0x43, 0x92, 0x3b, 0x57, 0x24, 0x3e, 0x05, 0x5f, 0x05, 0x5f, 0x05,
    0x5f, 0x05, 0x5f, 0x05, 0x5f, 0x05, 0x5f, 0x05, 0x5f, 0x05, 0x5f, 0x05,
    0x5f, 0x05, 0x5f, 0x05, 0x7f, 0x15, 0xbe, 0x35, 0xfd, 0x65, 0x1c, 0x7e,
    0x1c, 0x86, 0x1c, 0x8e, 0x1c, 0x8e, 0x1b, 0x96, 0x1b, 0x96, 0x1b, 0x96,
    0x1b, 0x9e, 0x1b, 0x9e, 0x1b, 0x9e, 0xfa, 0x95, 0xfa, 0x95, 0xfa, 0x95,
    0xfa, 0x95, 0xfa, 0x8d, 0xda, 0x8d, 0xda, 0x85, 0xba, 0x7d, 0xbb, 0x75,
    0xbb, 0x6d, 0x9c, 0x55, 0x7d, 0x35, 0x5f, 0x0d, 0x5f, 0x05, 0x5f, 0x05,
    0x5f, 0x05, 0x5f, 0x05, 0x5f, 0x05, 0x5f, 0x05, 0x5f, 0x05, 0x5f, 0x05,
    0x5f, 0x05, 0x5f, 0x05, 0x3e, 0x05, 0x57, 0x24, 0x92, 0x3b, 0x50, 0x43,
    0x2e, 0x4b, 0xed, 0x4a, 0xcc, 0x52, 0xcb, 0x52, 0xab, 0x5a, 0xaa, 0x5a,
    0xaa, 0x5a, 0xaa, 0x5a, 0xaa, 0x5a, 0xaa, 0x5a, 0xaa, 0x5a, 0xaa, 0x5a,
    0xaa, 0x5a, 0xaa, 0x5a, 0xaa, 0x5a, 0xaa, 0x5a, 0xaa, 0x5a, 0xaa, 0x5a,
    0xaa, 0x5a, 0xaa, 0x5a, 0xaa, 0x5a, 0xaa, 0x5a, 0xaa, 0x5a, 0xaa, 0x5a,
    0xaa, 0x5a, 0xaa, 0x5a, 0xaa, 0x5a, 0xaa, 0x5a, 0xaa, 0x5a, 0xaa, 0x5a,
    0xaa, 0x5a, 0xaa, 0x5a, 0xaa, 0x5a, 0xaa, 0x5a, 0xaa, 0x5a, 0xaa, 0x5a,
    0xaa, 0x5a, 0xaa, 0x5a, 0xaa, 0x5a, 0xaa, 0x5a, 0xaa, 0x5a, 0xaa, 0x5a,
    0xaa, 0x5a, 0xaa, 0x5a, 0xaa, 0x5a, 0xaa, 0x5a, 0xaa, 0x5a, 0xaa, 0x5a,
    0xaa, 0x5a, 0xaa, 0x5a, 0xaa, 0x5a, 0xaa, 0x5a, 0xaa, 0x5a, 0xaa, 0x5a,
    0xaa, 0x5a, 0xaa, 0x5a, 0xaa, 0x5a, 0xaa, 0x5a, 0xaa, 0x5a, 0xaa, 0x5a,
    0xaa, 0x5a, 0xaa, 0x5a, 0xaa, 0x5a, 0xaa, 0x5a, 0xaa, 0x5a, 0xaa, 0x5a,
    0xaa, 0x5a, 0xaa, 0x5a, 0xaa, 0x5a, 0xaa, 0x5a, 0xaa, 0x5a, 0xaa, 0x5a,
    0xaa, 0x5a, 0xaa, 0x5a, 0xaa, 0x5a, 0xaa, 0x5a, 0xaa, 0x5a, 0xaa, 0x5a,
    0xaa, 0x5a, 0xaa, 0x5a, 0xaa, 0x5a, 0xaa, 0x5a, 0xaa, 0x5a, 0xaa, 0x5a,
    0xaa, 0x5a, 0xaa, 0x5a, 0xaa, 0x5a, 0xaa, 0x5a, 0xaa, 0x5a, 0xaa, 0x5a,
    0xab, 0x5a, 0xcb, 0x52, 0xec, 0x52, 0x0d, 0x4b, 0x2e, 0x4b, 0x70, 0x43,
    0xb2, 0x3b, 0x9a, 0x1c, 0x5f, 0x05, 0x5f, 0x05, 0x5f, 0x05, 0x5f, 0x05,
    0x5f, 0x05, 0x5f, 0x05, 0x5f, 0x05, 0x5f, 0x05, 0x5f, 0x05, 0x5f, 0x05,
    0x9f, 0x25, 0xde, 0x55, 0x1d, 0x7e, 0x3c, 0x86, 0x3c, 0x8e, 0x3c, 0x96,
    0x3b, 0x9e, 0x3b, 0xa6, 0x3b, 0xa6, 0x3b, 0xae, 0x3a, 0xae, 0x3a, 0xae,
    0x3a, 0xae, 0x3a, 0xae, 0x1a, 0xae, 0x1a, 0xae, 0x1a, 0xae, 0x19, 0xa6,
    0xf9, 0xa5, 0xf9, 0xa5, 0xd9, 0x9d, 0xd9, 0x9d, 0xd9, 0x95, 0xda, 0x8d,
    0xba, 0x85, 0xba, 0x7d, 0x9a, 0x75, 0x9b, 0x6d, 0x7c, 0x45, 0x7e, 0x1d,
    0x5f, 0x05, 0x5f, 0x05, 0x5f, 0x05, 0x5f, 0x05, 0x5f, 0x05, 0x5f, 0x05,
    0x5f, 0x05, 0x5f, 0x05, 0x5f, 0x05, 0x5f, 0x05, 0x9a, 0x1c, 0xb2, 0x3b,
    0x70, 0x43, 0x2f, 0x4b, 0x0d, 0x4b, 0xec, 0x52, 0xcb, 0x52, 0xab, 0x5a,
    0xaa, 0x5a, 0xaa, 0x5a, 0xaa, 0x5a, 0xaa, 0x5a, 0xaa, 0x5a, 0xaa, 0x5a,
    0xaa, 0x5a, 0xaa, 0x5a, 0xaa, 0x5a, 0xaa, 0x5a, 0xaa, 0x5a, 0xaa, 0x5a,
    0xaa, 0x5a, 0xaa, 0x5a, 0xaa, 0x5a, 0xaa, 0x5a, 0xaa, 0x5a, 0xaa, 0x5a,
    0xaa, 0x5a, 0xaa, 0x5a, 0xaa, 0x5a, 0xaa, 0x5a, 0xaa, 0x5a, 0xaa, 0x5a,
    0xaa, 0x5a, 0xaa, 0x5a, 0xaa, 0x5a, 0xaa, 0x5a, 0xaa, 0x5a, 0xaa, 0x5a,
    0xaa, 0x5a, 0xaa, 0x5a, 0xaa, 0x5a, 0xaa, 0x5a, 0xaa, 0x5a, 0xaa, 0x5a,
    0xaa, 0x5a, 0xaa, 0x5a, 0xaa, 0x5a, 0xaa, 0x5a, 0xaa, 0x5a, 0xaa, 0x5a,
    0x8a, 0x5a, 0xaa, 0x5a, 0x8a, 0x5a, 0xaa, 0x5a, 0x8a, 0x5a, 0xaa, 0x5a,
    0x8a, 0x5a, 0xaa, 0x5a, 0x8a, 0x5a, 0xaa, 0x5a, 0x8a, 0x5a, 0xaa, 0x5a,
    0x8a, 0x5a, 0xaa, 0x5a, 0x8a, 0x5a, 0xaa, 0x5a, 0x8a, 0x5a, 0xaa, 0x5a,
    0x8a, 0x5a, 0xaa, 0x5a, 0x8a, 0x5a, 0xaa, 0x5a, 0x8a, 0x5a, 0xaa, 0x5a,
    0x8a, 0x5a, 0xaa, 0x5a, 0x8a, 0x5a, 0xaa, 0x5a, 0x8a, 0x5a, 0xaa, 0x5a,
    0x8a, 0x5a, 0xaa, 0x5a, 0x8a, 0x5a, 0xaa, 0x5a, 0x8a, 0x5a, 0xaa, 0x5a,
    0x8a, 0x5a, 0xaa, 0x5a, 0x8a, 0x5a, 0xaa, 0x5a, 0xaa, 0x5a, 0xab, 0x5a,
    0xab, 0x52, 0xcc, 0x52, 0xed, 0x4a, 0x2f, 0x43, 0x70, 0x43, 0xb2, 0x33,
    0xdb, 0x14, 0x5f, 0x05, 0x5f, 0x05, 0x5f, 0x05, 0x5f, 0x05, 0x5f, 0x05,
    0x5f, 0x05, 0x5f, 0x05, 0x5f, 0x05, 0x5f, 0x05, 0x9f, 0x25, 0xfd, 0x5d,
    0x3d, 0x86, 0x3c, 0x8e, 0x3c, 0x96, 0x5c, 0xa6, 0x5b, 0xa6, 0x5b, 0xae,
    0x5b, 0xb6, 0x5a, 0xb6, 0x5a, 0xb6, 0x5a, 0xbe, 0x3a, 0xb6, 0x3a, 0xbe,
    0x39, 0xbe, 0x39, 0xbe, 0x19, 0xb6, 0x19, 0xb6, 0x19, 0xb6, 0x19, 0xb6,
    0xf9, 0xb5, 0xf9, 0xad, 0xf9, 0xad, 0xd9, 0xad, 0xd9, 0xa5, 0xd9, 0x9d,
    0xb9, 0x9d, 0xb9, 0x95, 0x99, 0x8d, 0x99, 0x85, 0x9a, 0x75, 0x9a, 0x6d,
    0x7c, 0x4d, 0x5e, 0x1d, 0x5f, 0x05, 0x5f, 0x05, 0x5f, 0x05, 0x5f, 0x05,
    0x5f, 0x05, 0x5f, 0x05, 0x5f, 0x05, 0x5f, 0x05, 0x5f, 0x05, 0xdb, 0x14,
    0xb2, 0x33, 0x70, 0x43, 0x2e, 0x43, 0x0d, 0x4b, 0xcc, 0x52, 0xcb, 0x52,
    0xaa, 0x5a, 0xaa, 0x5a, 0x8a, 0x5a, 0xaa, 0x5a, 0x8a, 0x5a, 0xaa, 0x5a,
    0x8a, 0x5a, 0xaa, 0x5a, 0x8a, 0x5a, 0xaa, 0x5a, 0x8a, 0x5a, 0xaa, 0x5a,
    0x8a, 0x5a, 0xaa, 0x5a, 0x8a, 0x5a, 0xaa, 0x5a, 0x8a, 0x5a, 0xaa, 0x5a,
    0x8a, 0x5a, 0xaa, 0x5a, 0x8a, 0x5a, 0xaa, 0x5a, 0x8a, 0x5a, 0xaa, 0x5a,
    0x8a, 0x5a, 0xaa, 0x5a, 0x8a, 0x5a, 0xaa, 0x5a, 0x8a, 0x5a, 0xaa, 0x5a,
    0x8a, 0x5a, 0xaa, 0x5a, 0x8a, 0x5a, 0xaa, 0x5a, 0x8a, 0x5a, 0xaa, 0x5a,
    0x8a, 0x5a, 0xaa, 0x5a, 0x8a, 0x5a, 0xaa, 0x5a, 0x8a, 0x5a, 0xaa, 0x5a,
    0xaa, 0x5a, 0xaa, 0x5a, 0xaa, 0x5a, 0xaa, 0x5a, 0xaa, 0x5a, 0xaa, 0x5a,
    0xaa, 0x5a, 0xaa, 0x5a, 0xaa, 0x5a, 0xaa, 0x5a, 0xaa, 0x5a, 0xaa, 0x5a,
    0xaa, 0x5a, 0xaa, 0x5a, 0xaa, 0x5a, 0xaa, 0x5a, 0xaa, 0x5a, 0xaa, 0x5a,
    0xaa, 0x5a, 0xaa, 0x5a, 0xaa, 0x5a, 0xaa, 0x5a, 0xaa, 0x5a, 0xaa, 0x5a,
    0xaa, 0x5a, 0xaa, 0x5a, 0xaa, 0x5a, 0xaa, 0x5a, 0xaa, 0x5a, 0xaa, 0x5a,
    0xaa, 0x5a, 0xaa, 0x5a, 0xaa, 0x5a, 0xaa, 0x5a, 0xaa, 0x5a, 0xaa, 0x5a,
    0xaa, 0x5a, 0xaa, 0x5a, 0xaa, 0x5a, 0xaa, 0x5a, 0xab, 0x5a, 0xcb, 0x52,
    0xcc, 0x52, 0x0d, 0x4b, 0x2f, 0x43, 0x70, 0x43, 0xb3, 0x33, 0xfc, 0x0c,
    0x5f, 0x05, 0x5f, 0x05, 0x5f, 0x05, 0x5f, 0x05, 0x5f, 0x05, 0x5f, 0x05,
    0x5f, 0x05, 0x5f, 0x05, 0x7f, 0x15, 0xfe, 0x4d, 0x3d, 0x86, 0x5c, 0x8e,
    0x5c, 0x9e, 0x5c, 0xa6, 0x7b, 0xae, 0x7b, 0xb6, 0x7b, 0xb6, 0x7a, 0xbe,
    0x5a, 0xbe, 0x5a, 0xc6, 0x5a, 0xc6, 0x5a, 0xc6, 0x59, 0xc6, 0x39, 0xc6,
    0x39, 0xbe, 0x39, 0xbe, 0x19, 0xbe, 0x19, 0xbe, 0x19, 0xbe, 0x19, 0xbe,
    0xf8, 0xb5, 0xf8, 0xb5, 0xf8, 0xb5, 0xd8, 0xb5, 0xd8, 0xad, 0xd8, 0xad,
    0xb8, 0xa5, 0xb8, 0xa5, 0xb8, 0x9d, 0x98, 0x95, 0x99, 0x8d, 0x99, 0x85,
    0x79, 0x75, 0x7a, 0x6d, 0x7c, 0x3d, 0x5f, 0x0d, 0x5f, 0x05, 0x5f, 0x05,
    0x5f, 0x05, 0x5f, 0x05, 0x5f, 0x05, 0x5f, 0x05, 0x5f, 0x05, 0x5f, 0x05,
    0xfc, 0x0c, 0xb3, 0x33, 0x70, 0x3b, 0x2f, 0x4b, 0x0d, 0x4b, 0xcc, 0x52,
    0xcb, 0x52, 0xab, 0x5a, 0xaa, 0x5a, 0xaa, 0x5a, 0xaa, 0x5a, 0xaa, 0x5a,
    0xaa, 0x5a, 0xaa, 0x5a, 0xaa, 0x5a, 0xaa, 0x5a, 0xaa, 0x5a, 0xaa, 0x5a,
    0xaa, 0x5a, 0xaa, 0x5a, 0xaa, 0x5a, 0xaa, 0x5a, 0xaa, 0x5a, 0xaa, 0x5a,
    0xaa, 0x5a, 0xaa, 0x5a, 0xaa, 0x5a, 0xaa, 0x5a, 0xaa, 0x5a, 0xaa, 0x5a,
    0xaa, 0x5a, 0xaa, 0x5a, 0xaa, 0x5a, 0xaa, 0x5a, 0xaa, 0x5a, 0xaa, 0x5a,
    0xaa, 0x5a, 0xaa, 0x5a, 0xaa, 0x5a, 0xaa, 0x5a, 0xaa, 0x5a, 0xaa, 0x5a,
    0xaa, 0x5a, 0xaa, 0x5a, 0xaa, 0x5a, 0xaa, 0x5a, 0xaa, 0x5a, 0xaa, 0x5a,
    0x8a, 0x5a, 0x8a, 0x5a, 0x8a, 0x5a, 0x8a, 0x5a, 0x8a, 0x5a, 0x8a, 0x5a,
    0x8a, 0x5a, 0x8a, 0x5a, 0x8a, 0x5a, 0x8a, 0x5a, 0x8a, 0x5a, 0x8a, 0x5a,
    0x8a, 0x5a, 0x8a, 0x5a, 0x8a, 0x5a, 0x8a, 0x5a, 0x8a, 0x5a, 0x8a, 0x5a,
    0x8a, 0x5a, 0x8a, 0x5a, 0x8a, 0x5a, 0x8a, 0x5a, 0x8a, 0x5a, 0x8a, 0x5a,
    0x8a, 0x5a, 0x8a, 0x5a, 0x8a, 0x5a, 0x8a, 0x5a, 0x8a, 0x5a, 0x8a, 0x5a,
    0x8a, 0x5a, 0x8a, 0x5a, 0x8a, 0x5a, 0x8a, 0x5a, 0x8a, 0x5a, 0x8a, 0x5a,
    0x8a, 0x5a, 0x8a, 0x5a, 0xaa, 0x5a, 0xaa, 0x5a, 0xab, 0x52, 0xcc, 0x52,
    0xed, 0x4a, 0x2e, 0x4b, 0x70, 0x43, 0xb2, 0x33, 0xfc, 0x0c, 0x5f, 0x05,
    0x5f, 0x05, 0x5f, 0x05, 0x5f, 0x05, 0x5f, 0x05, 0x5f, 0x05, 0x5f, 0x05,
    0x5f, 0x05, 0xbe, 0x35, 0x3d, 0x7e, 0x3c, 0x8e, 0x5c, 0x9e, 0x7c, 0xa6,
    0x7b, 0xae, 0x7b, 0xb6, 0x7b, 0xbe, 0x7a, 0xbe, 0x7a, 0xc6, 0x7a, 0xc6,
    0x5a, 0xc6, 0x5a, 0xc6, 0x59, 0xc6, 0x59, 0xc6, 0x39, 0xc6, 0x39, 0xc6,
    0x39, 0xc6, 0x39, 0xc6, 0x18, 0xbe, 0x18, 0xbe, 0x18, 0xbe, 0xf8, 0xbd,
    0xf8, 0xbd, 0xf8, 0xbd, 0xd8, 0xb5, 0xd8, 0xb5, 0xd8, 0xb5, 0xb8, 0xad,
    0xb7, 0xad, 0xb8, 0xad, 0x97, 0xa5, 0x98, 0x9d, 0x98, 0x9d, 0x98, 0x95,
    0x78, 0x85, 0x79, 0x7d, 0x79, 0x6d, 0x5a, 0x65, 0x5d, 0x25, 0x5f, 0x05,
    0x5f, 0x05, 0x5f, 0x05, 0x5f, 0x05, 0x5f, 0x05, 0x5f, 0x05, 0x5f, 0x05,
    0x5f, 0x05, 0xfc, 0x0c, 0xb2, 0x33, 0x70, 0x43, 0x2e, 0x4b, 0xed, 0x4a,
    0xcc, 0x52, 0xab, 0x52, 0xaa, 0x5a, 0xaa, 0x5a, 0x8a, 0x5a, 0x8a, 0x5a,
    0x8a, 0x5a, 0x8a, 0x5a, 0x8a, 0x5a, 0x8a, 0x5a, 0x8a, 0x5a, 0x8a, 0x5a,
    0x8a, 0x5a, 0x8a, 0x5a, 0x8a, 0x5a, 0x8a, 0x5a, 0x8a, 0x5a, 0x8a, 0x5a,
    0x8a, 0x5a, 0x8a, 0x5a, 0x8a, 0x5a, 0x8a, 0x5a, 0x8a, 0x5a, 0x8a, 0x5a,
    0x8a, 0x5a, 0x8a, 0x5a, 0x8a, 0x5a, 0x8a, 0x5a, 0x8a, 0x5a, 0x8a, 0x5a,
    0x8a, 0x5a, 0x8a, 0x5a, 0x8a, 0x5a, 0x8a, 0x5a, 0x8a, 0x5a, 0x8a, 0x5a,
    0x8a, 0x5a, 0x8a, 0x5a, 0x8a, 0x5a, 0x8a, 0x5a, 0x8a, 0x5a, 0x8a, 0x5a,
    0x8a, 0x5a, 0x8a, 0x5a, 0x8a, 0x5a, 0x8a, 0x5a, 0x8a, 0x5a, 0x8a, 0x5a,
    0x8a, 0x5a, 0xaa, 0x5a, 0x8a, 0x5a, 0x8a, 0x5a, 0x8a, 0x5a, 0x8a, 0x5a,
    0x8a, 0x5a, 0x8a, 0x5a, 0x8a, 0x5a, 0xaa, 0x5a, 0x8a, 0x5a, 0x8a, 0x5a,
    0x8a, 0x5a, 0x8a, 0x5a, 0x8a, 0x5a, 0x8a, 0x5a, 0x8a, 0x5a, 0xaa, 0x5a,
    0x8a, 0x5a, 0x8a, 0x5a, 0x8a, 0x5a, 0x8a, 0x5a, 0x8a, 0x5a, 0x8a, 0x5a,
    0x8a, 0x5a, 0xaa, 0x5a, 0x8a, 0x5a, 0x8a, 0x5a, 0x8a, 0x5a, 0x8a, 0x5a,
    0x8a, 0x5a, 0xaa, 0x5a, 0xaa, 0x5a, 0xab, 0x52, 0xcb, 0x52, 0xed, 0x4a,
    0x2e, 0x4b, 0x70, 0x43, 0xb2, 0x33, 0xfc, 0x0c, 0x5f, 0x05, 0x5f, 0x05,
    0x5f, 0x05, 0x5f, 0x05, 0x5f, 0x05, 0x5f, 0x05, 0x5f, 0x05, 0x7f, 0x0d,
    0xfe, 0x55, 0x3d, 0x86, 0x5c, 0x96, 0x7c, 0xa6, 0x7b, 0xae, 0x7b, 0xb6,
    0x7b, 0xbe, 0x7b, 0xc6, 0x7a, 0xc6, 0x7a, 0xc6, 0x7a, 0xc6, 0x7a, 0xce,
    0x5a, 0xc6, 0x59, 0xc6, 0x59, 0xc6, 0x39, 0xc6, 0x39, 0xc6, 0x39, 0xc6,
    0x19, 0xc6, 0x19, 0xc6, 0x18, 0xbe, 0x18, 0xbe, 0xf8, 0xbd, 0xf8, 0xbd,
    0xf8, 0xbd, 0xd8, 0xbd, 0xd8, 0xb5, 0xd8, 0xb5, 0xd7, 0xb5, 0xb7, 0xb5,
    0xb7, 0xb5, 0xb7, 0xad, 0x97, 0xad, 0x97, 0xa5, 0x97, 0xa5, 0x97, 0x9d,
    0x77, 0x95, 0x78, 0x8d, 0x58, 0x85, 0x59, 0x75, 0x59, 0x65, 0x5c, 0x3d,
    0x5f, 0x05, 0x5f, 0x05, 0x5f, 0x05, 0x5f, 0x05, 0x5f, 0x05, 0x5f, 0x05,
    0x5f, 0x05, 0x5f, 0x05, 0xfc, 0x0c, 0xb2, 0x33, 0x70, 0x43, 0x2e, 0x4b,
    0xed, 0x4a, 0xcb, 0x52, 0xab, 0x52, 0xaa, 0x5a, 0xaa, 0x5a, 0x8a, 0x5a,
    0x8a, 0x5a, 0x8a, 0x5a, 0x8a, 0x5a, 0x8a, 0x5a, 0x8a, 0x5a, 0xaa, 0x5a,
    0x8a, 0x5a, 0x8a, 0x5a, 0x8a, 0x5a, 0x8a, 0x5a, 0x8a, 0x5a, 0x8a, 0x5a,
    0x8a, 0x5a, 0xaa, 0x5a, 0x8a, 0x5a, 0x8a, 0x5a, 0x8a, 0x5a, 0x8a, 0x5a,
    0x8a, 0x5a, 0x8a, 0x5a, 0x8a, 0x5a, 0xaa, 0x5a, 0x8a, 0x5a, 0x8a, 0x5a,
    0x8a, 0x5a, 0x8a, 0x5a, 0x8a, 0x5a, 0x8a, 0x5a, 0x8a, 0x5a, 0xaa, 0x5a,
    0x8a, 0x5a, 0x8a, 0x5a, 0x8a, 0x5a, 0x8a, 0x5a, 0x8a, 0x5a, 0x8a, 0x5a,
    0x8a, 0x5a, 0x8a, 0x5a, 0x8a, 0x5a, 0x8a, 0x5a, 0x8a, 0x5a, 0x8a, 0x5a,
    0x8a, 0x5a, 0x8a, 0x5a, 0x8a, 0x5a, 0x8a, 0x5a, 0x8a, 0x5a, 0x8a, 0x5a,
    0x8a, 0x5a, 0x8a, 0x5a, 0x8a, 0x5a, 0x8a, 0x5a, 0x8a, 0x5a, 0x8a, 0x5a,
    0x8a, 0x5a, 0x8a, 0x5a, 0x8a, 0x5a, 0x8a, 0x5a, 0x8a, 0x5a, 0x8a, 0x5a,
    0x8a, 0x5a, 0x8a, 0x5a, 0x8a, 0x5a, 0x8a, 0x5a, 0x8a, 0x5a, 0x8a, 0x5a,
    0x8a, 0x5a, 0x8a, 0x5a, 0x8a, 0x5a, 0x8a, 0x5a, 0x8a, 0x5a, 0x8a, 0x5a,
    0x8a, 0x5a, 0xaa, 0x5a, 0xaa, 0x52, 0xcb, 0x52, 0xcc, 0x4a, 0x0e, 0x4b,
    0x50, 0x43, 0xb2, 0x3b, 0xdb, 0x14, 0x5f, 0x05, 0x5f, 0x05, 0x5f, 0x05,
    0x5f, 0x05, 0x5f, 0x05, 0x5f, 0x05, 0x5f, 0x05, 0x9f, 0x1d, 0x1d, 0x6e,
    0x5d, 0x8e, 0x5c, 0x9e, 0x7c, 0xae, 0x7b, 0xb6, 0x7b, 0xbe, 0x7b, 0xc6,
    0x7a, 0xc6, 0x7a, 0xce, 0x7a, 0xce, 0x7a, 0xce, 0x7a, 0xce, 0x59, 0xc6,
    0x59, 0xc6, 0x59, 0xc6, 0x39, 0xc6, 0x39, 0xc6, 0x39, 0xc6, 0x39, 0xc6,
    0x18, 0xc6, 0x18, 0xbe, 0x18, 0xbe, 0xf8, 0xbd, 0xf8, 0xbd, 0xf8, 0xbd,
    0xd8, 0xbd, 0xd8, 0xb5, 0xd7, 0xb5, 0xb7, 0xb5, 0xb7, 0xb5, 0xb7, 0xb5,
    0xb7, 0xb5, 0x97, 0xad, 0x97, 0xad, 0x97, 0xad, 0x77, 0xa5, 0x77, 0xa5,
    0x77, 0x9d, 0x77, 0x95, 0x57, 0x8d, 0x58, 0x85, 0x58, 0x7d, 0x59, 0x6d,
    0x5a, 0x4d, 0x5e, 0x15, 0x5f, 0x05, 0x5f, 0x05, 0x5f, 0x05, 0x5f, 0x05,
    0x5f, 0x05, 0x5f, 0x05, 0x5f, 0x05, 0xdb, 0x14, 0x92, 0x33, 0x50, 0x43,
    0x0e, 0x4b, 0xec, 0x52, 0xab, 0x52, 0xab, 0x52, 0xaa, 0x5a, 0xaa, 0x5a,
    0x8a, 0x5a, 0x8a, 0x5a, 0x8a, 0x5a, 0x8a, 0x5a, 0x8a, 0x5a, 0x8a, 0x5a,
    0x8a, 0x5a, 0x8a, 0x5a, 0x8a, 0x5a, 0x8a, 0x5a, 0x8a, 0x5a, 0x8a, 0x5a,
    0x8a, 0x5a, 0x8a, 0x5a, 0x8a, 0x5a, 0x8a, 0x5a, 0x8a, 0x5a, 0x8a, 0x5a,
    0x8a, 0x5a, 0x8a, 0x5a, 0x8a, 0x5a, 0x8a, 0x5a, 0x8a, 0x5a, 0x8a, 0x5a,
    0x8a, 0x5a, 0x8a, 0x5a, 0x8a, 0x5a, 0x8a, 0x5a, 0x8a, 0x5a, 0x8a, 0x5a,
    0x8a, 0x5a, 0x8a, 0x5a, 0x8a, 0x5a, 0x8a, 0x5a, 0x8a, 0x5a, 0x8a, 0x5a,
    0x8a, 0x5a, 0x8a, 0x5a, 0x8a, 0x5a, 0x8a, 0x5a, 0x8a, 0x5a, 0x8a, 0x5a,
    0x8a, 0x5a, 0x8a, 0x5a, 0x8a, 0x5a, 0x8a, 0x5a, 0x8a, 0x5a, 0x8a, 0x5a,
    0x8a, 0x5a, 0x8a, 0x5a, 0x8a, 0x5a, 0x8a, 0x5a, 0x8a, 0x5a, 0x8a, 0x5a,
    0x8a, 0x5a, 0x8a, 0x5a, 0x8a, 0x5a, 0x8a, 0x5a, 0x8a, 0x5a, 0x8a, 0x5a,
    0x8a, 0x5a, 0x8a, 0x5a, 0x8a, 0x5a, 0x8a, 0x5a, 0x8a, 0x5a, 0x8a, 0x5a,
    0x8a, 0x5a, 0x8a, 0x5a, 0x8a, 0x5a, 0x8a, 0x5a, 0x8a, 0x5a, 0x8a, 0x5a,
    0x8a, 0x5a, 0xaa, 0x5a, 0xab, 0x52, 0xcc, 0x52, 0x0d, 0x4b, 0x4f, 0x43,
    0x92, 0x3b, 0x9a, 0x1c, 0x5f, 0x05, 0x5f, 0x05, 0x5f, 0x05, 0x5f, 0x05,
    0x5f, 0x05, 0x5f, 0x05, 0x5f, 0x05, 0x9f, 0x25, 0x3d, 0x7e, 0x5d, 0x8e,
    0x7c, 0xa6, 0x7c, 0xae, 0x9b, 0xbe, 0x9b, 0xc6, 0x9b, 0xc6, 0x9a, 0xce,
    0x7a, 0xce, 0x7a, 0xce, 0x7a, 0xce, 0x7a, 0xce, 0x59, 0xce, 0x59, 0xce,
    0x59, 0xc6, 0x59, 0xc6, 0x39, 0xc6, 0x39, 0xc6, 0x39, 0xc6, 0x19, 0xc6,
    0x18, 0xbe, 0x18, 0xbe, 0xf8, 0xbd, 0xf8, 0xbd, 0xf8, 0xbd, 0xf8, 0xbd,
    0xd8, 0xbd, 0xd7, 0xb5, 0xd7, 0xb5, 0xb7, 0xb5, 0xb7, 0xb5, 0xb7, 0xb5,
    0x97, 0xb5, 0x97, 0xad, 0x96, 0xad, 0x97, 0xad, 0x76, 0xad, 0x76, 0xa5,
    0x76, 0xa5, 0x56, 0x9d, 0x56, 0x9d, 0x57, 0x95, 0x37, 0x85, 0x38, 0x7d,
    0x39, 0x6d, 0x3a, 0x5d, 0x5e, 0x1d, 0x5f, 0x05, 0x5f, 0x05, 0x5f, 0x05,
    0x5f, 0x05, 0x5f, 0x05, 0x5f, 0x05, 0x5f, 0x05, 0x9a, 0x1c, 0x92, 0x3b,
    0x4f, 0x43, 0x0d, 0x4b, 0xcc, 0x52, 0xab, 0x52, 0xaa, 0x5a, 0xaa, 0x5a,
    0x8a, 0x5a, 0x8a, 0x5a, 0x8a, 0x5a, 0x8a, 0x5a, 0x8a, 0x5a, 0x8a, 0x5a,
    0x8a, 0x5a, 0x8a, 0x5a, 0x8a, 0x5a, 0x8a, 0x5a, 0x8a, 0x5a, 0x8a, 0x5a,
    0x8a, 0x5a, 0x8a, 0x5a, 0x8a, 0x5a, 0x8a, 0x5a, 0x8a, 0x5a, 0x8a, 0x5a,
    0x8a, 0x5a, 0x8a, 0x5a, 0x8a, 0x5a, 0x8a, 0x5a, 0x8a, 0x5a, 0x8a, 0x5a,
    0x8a, 0x5a, 0x8a, 0x5a, 0x8a, 0x5a, 0x8a, 0x5a, 0x8a, 0x5a, 0x8a, 0x5a,
    0x8a, 0x5a, 0x8a, 0x5a, 0x8a, 0x5a, 0x8a, 0x5a, 0x8a, 0x5a, 0x8a, 0x5a,
    0x8a, 0x5a, 0x8a, 0x5a, 0x8a, 0x5a, 0x8a, 0x5a, 0x8a, 0x5a, 0x8a, 0x5a,
    0x8a, 0x5a, 0x8a, 0x5a, 0x8a, 0x5a, 0x8a, 0x5a, 0x8a, 0x5a, 0x8a, 0x5a,
    0x8a, 0x5a, 0x8a, 0x5a, 0x8a, 0x5a, 0x8a, 0x5a, 0x8a, 0x5a, 0x8a, 0x5a,
    0x8a, 0x5a, 0x8a, 0x5a, 0x8a, 0x5a, 0x8a, 0x5a, 0x8a, 0x5a, 0x8a, 0x5a,
    0x8a, 0x5a, 0x8a, 0x5a, 0x8a, 0x5a, 0x8a, 0x5a, 0x8a, 0x5a, 0x8a, 0x5a,
    0x8a, 0x5a, 0x8a, 0x5a, 0x8a, 0x5a, 0x8a, 0x5a, 0x8a, 0x5a, 0x8a, 0x5a,
    0xaa, 0x52, 0xab, 0x52, 0xcc, 0x52, 0xed, 0x4a, 0x2f, 0x43, 0x71, 0x3b,
    0x57, 0x24, 0x5f, 0x05, 0x5f, 0x05, 0x5f, 0x05, 0x5f, 0x05, 0x5f, 0x05,
    0x5f, 0x05, 0x5f, 0x05, 0x9f, 0x25, 0x3d, 0x7e, 0x5c, 0x96, 0x7c, 0xa6,
    0x7b, 0xb6, 0x9b, 0xbe, 0x9b, 0xc6, 0x9b, 0xce, 0x9a, 0xce, 0x9a, 0xce,
    0x7a, 0xce, 0x7a, 0xce, 0x5a, 0xce, 0x59, 0xce, 0x59, 0xc6, 0x59, 0xc6,
    0x39, 0xc6, 0x39, 0xc6, 0x39, 0xc6, 0x39, 0xc6, 0x18, 0xc6, 0x18, 0xbe,
    0x18, 0xbe, 0xf8, 0xbd, 0xf8, 0xbd, 0xf8, 0xbd, 0xd8, 0xbd, 0xd8, 0xb5,
    0xd7, 0xb5, 0xd7, 0xb5, 0xb7, 0xb5, 0xb7, 0xb5, 0xb7, 0xb5, 0x97, 0xb5,
    0x97, 0xad, 0x96, 0xad, 0x76, 0xad, 0x76, 0xad, 0x76, 0xad, 0x76, 0xa5,
    0x56, 0xa5, 0x56, 0xa5, 0x56, 0x9d, 0x36, 0x95, 0x36, 0x95, 0x37, 0x85,
    0x37, 0x7d, 0x38, 0x6d, 0x39, 0x5d, 0x5e, 0x1d, 0x5f, 0x05, 0x5f, 0x05,
    0x5f, 0x05, 0x5f, 0x05, 0x5f, 0x05, 0x5f, 0x05, 0x5f, 0x05, 0x57, 0x24,
    0x71, 0x3b, 0x2f, 0x43, 0xed, 0x4a, 0xcc, 0x52, 0xab, 0x52, 0xaa, 0x52,
    0x8a, 0x5a, 0x8a, 0x5a, 0x8a, 0x5a, 0x8a, 0x5a, 0x8a, 0x5a, 0x8a, 0x5a,
    0x8a, 0x5a, 0x8a, 0x5a, 0x8a, 0x5a, 0x8a, 0x5a, 0x8a, 0x5a, 0x8a, 0x5a,
    0x8a, 0x5a, 0x8a, 0x5a, 0x8a, 0x5a, 0x8a, 0x5a, 0x8a, 0x5a, 0x8a, 0x5a,
    0x8a, 0x5a, 0x8a, 0x5a, 0x8a, 0x5a, 0x8a, 0x5a, 0x8a, 0x5a, 0x8a, 0x5a,
    0x8a, 0x5a, 0x8a, 0x5a, 0x8a, 0x5a, 0x8a, 0x5a, 0x8a, 0x5a, 0x8a, 0x5a,
    0x8a, 0x5a, 0x8a, 0x5a, 0x8a, 0x5a, 0x8a, 0x5a, 0x8a, 0x5a, 0x8a, 0x5a,
    0x8a, 0x5a, 0x8a, 0x5a, 0x8a, 0x5a, 0x8a, 0x5a, 0x8a, 0x5a, 0x8a, 0x5a,
    0x8a, 0x5a, 0x8a, 0x5a, 0x8a, 0x5a, 0x8a, 0x5a, 0x8a, 0x5a, 0x8a, 0x5a,
    0x8a, 0x5a, 0x8a, 0x5a, 0x8a, 0x5a, 0x8a, 0x5a, 0x8a, 0x5a, 0x8a, 0x5a,
    0x8a, 0x5a, 0x8a, 0x5a, 0x8a, 0x5a, 0x8a, 0x5a, 0x8a, 0x5a, 0x8a, 0x5a,
    0x8a, 0x5a, 0x8a, 0x5a, 0x8a, 0x5a, 0x8a, 0x5a, 0x8a, 0x5a, 0x8a, 0x5a,
    0x8a, 0x5a, 0x8a, 0x5a, 0x8a, 0x5a, 0x8a, 0x5a, 0x8a, 0x5a, 0x8a, 0x5a,
    0xaa, 0x52, 0xab, 0x52, 0xec, 0x4a, 0x0e, 0x4b, 0x70, 0x3b, 0xd4, 0x33,
    0x3e, 0x05, 0x5f, 0x05, 0x5f, 0x05, 0x5f, 0x05, 0x5f, 0x05, 0x5f, 0x05,
    0x5f, 0x05, 0x9f, 0x25, 0x3d, 0x7e, 0x5c, 0x96, 0x7c, 0xa6, 0x9c, 0xb6,
    0x9b, 0xbe, 0x9b, 0xc6, 0x9a, 0xce, 0x9a, 0xce, 0x7a, 0xce, 0x7a, 0xce,
    0x7a, 0xce, 0x7a, 0xce, 0x5a, 0xce, 0x59, 0xce, 0x59, 0xc6, 0x59, 0xc6,
    0x39, 0xc6, 0x39, 0xc6, 0x39, 0xc6, 0x19, 0xc6, 0x18, 0xbe, 0x18, 0xbe,
    0xf8, 0xbd, 0xf8, 0xbd, 0xf8, 0xbd, 0xf8, 0xbd, 0xd8, 0xbd, 0xd7, 0xb5,
    0xd7, 0xb5, 0xb7, 0xb5, 0xb7, 0xb5, 0xb7, 0xb5, 0x97, 0xb5, 0x97, 0xad,
    0x96, 0xad, 0x96, 0xad, 0x76, 0xad, 0x76, 0xad, 0x76, 0xad, 0x56, 0xa5,
    0x56, 0xa5, 0x56, 0xa5, 0x36, 0xa5, 0x36, 0x9d, 0x36, 0x95, 0x36, 0x95,
    0x36, 0x85, 0x37, 0x7d, 0x18, 0x6d, 0x39, 0x5d, 0x5e, 0x1d, 0x5f, 0x05,
    0x5f, 0x05, 0x5f, 0x05, 0x5f, 0x05, 0x5f, 0x05, 0x5f, 0x05, 0x3e, 0x05,
    0xd4, 0x33, 0x70, 0x3b, 0x0e, 0x4b, 0xec, 0x4a, 0xab, 0x52, 0xaa, 0x52,
    0x8a, 0x5a, 0x8a, 0x5a, 0x8a, 0x5a, 0x8a, 0x5a, 0x8a, 0x5a, 0x8a, 0x5a,
    0x8a, 0x5a, 0x8a, 0x5a, 0x8a, 0x5a, 0x8a, 0x5a, 0x8a, 0x5a, 0x8a, 0x5a,
    0x8a, 0x5a, 0x8a, 0x5a, 0x8a, 0x5a, 0x8a, 0x5a, 0x8a, 0x5a, 0x8a, 0x5a,
    0x8a, 0x5a, 0x8a, 0x5a, 0x8a, 0x5a, 0x8a, 0x5a, 0x8a, 0x5a, 0x8a, 0x5a,
    0x8a, 0x5a, 0x8a, 0x5a, 0x8a, 0x5a, 0x8a, 0x5a, 0x8a, 0x5a, 0x8a, 0x5a,
    0x8a, 0x5a, 0x8a, 0x5a, 0x8a, 0x5a, 0x8a, 0x5a, 0x8a, 0x5a, 0x8a, 0x5a,
    0x8a, 0x5a, 0x8a, 0x5a, 0x8a, 0x5a, 0x8a, 0x5a, 0x8a, 0x5a, 0x8a, 0x5a,
    0x8a, 0x5a, 0x8a, 0x5a, 0x8a, 0x5a, 0x8a, 0x5a, 0x8a, 0x5a, 0x8a, 0x5a,
    0x8a, 0x5a, 0x8a, 0x5a, 0x8a, 0x5a, 0x8a, 0x5a, 0x8a, 0x5a, 0x8a, 0x5a,
    0x8a, 0x5a, 0x8a, 0x5a, 0x8a, 0x5a, 0x8a, 0x5a, 0x8a, 0x5a, 0x8a, 0x5a,
    0x8a, 0x5a, 0x8a, 0x5a, 0x8a, 0x5a, 0x8a, 0x5a, 0x8a, 0x5a, 0x8a, 0x5a,
    0x8a, 0x5a, 0x8a, 0x5a, 0x8a, 0x5a, 0x8a, 0x5a, 0x8a, 0x5a, 0xaa, 0x52,
    0xab, 0x52, 0xcc, 0x52, 0x0d, 0x4b, 0x4f, 0x43, 0x92, 0x33, 0xdc, 0x14,
    0x5f, 0x05, 0x5f, 0x05, 0x5f, 0x05, 0x5f, 0x05, 0x5f, 0x05, 0x5f, 0x05,
    0x7f, 0x1d, 0x3d, 0x7e, 0x5c, 0x96, 0x7c, 0xa6, 0x7b, 0xb6, 0x9b, 0xbe,
    0x9b, 0xc6, 0x9a, 0xce, 0x9a, 0xce, 0x9a, 0xce, 0x7a, 0xce, 0x7a, 0xce,
    0x7a, 0xce, 0x59, 0xce, 0x59, 0xc6, 0x59, 0xc6, 0x39, 0xc6, 0x39, 0xc6,
    0x39, 0xc6, 0x39, 0xc6, 0x18, 0xc6, 0x18, 0xbe, 0x18, 0xbe, 0xf8, 0xbd,
    0xf8, 0xbd, 0xf8, 0xbd, 0xd8, 0xbd, 0xd8, 0xb5, 0xd7, 0xb5, 0xd7, 0xb5,
    0xb7, 0xb5, 0xb7, 0xb5, 0xb7, 0xb5, 0x97, 0xb5, 0x97, 0xad, 0x96, 0xad,
    0x76, 0xad, 0x76, 0xad, 0x76, 0xad, 0x76, 0xad, 0x56, 0xa5, 0x56, 0xa5,
    0x35, 0xa5, 0x35, 0xa5, 0x35, 0xa5, 0x35, 0x9d, 0x15, 0x9d, 0x15, 0x95,
    0x16, 0x8d, 0x16, 0x85, 0x17, 0x7d, 0x18, 0x6d, 0x19, 0x55, 0x5e, 0x15,
    0x5f, 0x05, 0x5f, 0x05, 0x5f, 0x05, 0x5f, 0x05, 0x5f, 0x05, 0x5f, 0x05,
    0xdc, 0x14, 0x92, 0x33, 0x4f, 0x43, 0x0d, 0x4b, 0xcc, 0x52, 0xab, 0x52,
    0x8a, 0x52, 0x8a, 0x5a, 0x8a, 0x5a, 0x8a, 0x5a, 0x8a, 0x5a, 0x8a, 0x5a,
    0x8a, 0x5a, 0x8a, 0x5a, 0x8a, 0x5a, 0x8a, 0x5a, 0x8a, 0x5a, 0x8a, 0x5a,
    0x8a, 0x5a, 0x8a, 0x5a, 0x8a, 0x5a, 0x8a, 0x5a, 0x8a, 0x5a, 0x8a, 0x5a,
    0x8a, 0x5a, 0x8a, 0x5a, 0x8a, 0x5a, 0x8a, 0x5a, 0x8a, 0x5a, 0x8a, 0x5a,
    0x8a, 0x5a, 0x8a, 0x5a, 0x8a, 0x5a, 0x8a, 0x5a, 0x8a, 0x5a, 0x8a, 0x5a,
    0x8a, 0x5a, 0x8a, 0x5a, 0x8a, 0x5a, 0x8a, 0x5a, 0x8a, 0x5a, 0x8a, 0x5a,
    0x8a, 0x5a, 0x8a, 0x5a, 0x8a, 0x5a, 0x8a, 0x5a, 0x8a, 0x5a, 0x8a, 0x5a,
    0x8a, 0x5a, 0x8a, 0x5a, 0x8a, 0x5a, 0x8a, 0x5a, 0x8a, 0x5a, 0x8a, 0x5a,
    0x8a, 0x5a, 0x8a, 0x5a, 0x8a, 0x5a, 0x8a, 0x5a, 0x8a, 0x5a, 0x8a, 0x5a,
    0x8a, 0x5a, 0x8a, 0x5a, 0x8a, 0x5a, 0x8a, 0x5a, 0x8a, 0x5a, 0x8a, 0x5a,
    0x8a, 0x5a, 0x8a, 0x5a, 0x8a, 0x5a, 0x8a, 0x5a, 0x8a, 0x5a, 0x8a, 0x5a,
    0x8a, 0x5a, 0x8a, 0x5a, 0x8a, 0x5a, 0x8a, 0x5a, 0x8a, 0x5a, 0xab, 0x52,
    0xab, 0x52, 0xed, 0x4a, 0x2e, 0x43, 0x71, 0x3b, 0x58, 0x1c, 0x5f, 0x05,
    0x5f, 0x05, 0x5f, 0x05, 0x5f, 0x05, 0x5f, 0x05, 0x5f, 0x05, 0x7f, 0x0d,
    0x1d, 0x6e, 0x5d, 0x96, 0x7c, 0xa6, 0x7c, 0xb6, 0x9b, 0xbe, 0x9b, 0xc6,
    0x9a, 0xce, 0x9a, 0xce, 0x9a, 0xce, 0x7a, 0xce, 0x7a, 0xce, 0x7a, 0xce,
    0x59, 0xce, 0x59, 0xce, 0x59, 0xc6, 0x59, 0xc6, 0x39, 0xc6, 0x39, 0xc6,
    0x39, 0xc6, 0x19, 0xc6, 0x18, 0xbe, 0x18, 0xbe, 0xf8, 0xbd, 0xf8, 0xbd,
    0xf8, 0xbd, 0xf8, 0xbd, 0xd8, 0xbd, 0xd7, 0xb5, 0xd7, 0xb5, 0xb7, 0xb5,
    0xb7, 0xb5, 0xb7, 0xb5, 0x97, 0xb5, 0x97, 0xad, 0x96, 0xad, 0x96, 0xad,
    0x76, 0xad, 0x76, 0xad, 0x76, 0xad, 0x56, 0xad, 0x56, 0xa5, 0x56, 0xa5,
    0x35, 0xa5, 0x35, 0xa5, 0x35, 0xa5, 0x35, 0x9d, 0x15, 0x9d, 0x15, 0x9d,
    0x15, 0x95, 0x15, 0x8d, 0x16, 0x85, 0x17, 0x75, 0x18, 0x65, 0x1a, 0x4d,
    0x5f, 0x05, 0x5f, 0x05, 0x5f, 0x05, 0x5f, 0x05, 0x5f, 0x05, 0x5f, 0x05,
    0x5f, 0x05, 0x58, 0x1c, 0x71, 0x3b, 0x2f, 0x43, 0xed, 0x4a, 0xcb, 0x52,
    0xaa, 0x52, 0xaa, 0x5a, 0x8a, 0x5a, 0x8a, 0x5a, 0x8a, 0x5a, 0x8a, 0x5a,
    0x8a, 0x5a, 0x8a, 0x5a, 0x8a, 0x5a, 0x8a, 0x5a, 0x8a, 0x5a, 0x8a, 0x5a,
    0x8a, 0x5a, 0x8a, 0x5a, 0x8a, 0x5a, 0x8a, 0x5a, 0x8a, 0x5a, 0x8a, 0x5a,
    0x8a, 0x5a, 0x8a, 0x5a, 0x8a, 0x5a, 0x8a, 0x5a, 0x8a, 0x5a, 0x8a, 0x5a,
    0x8a, 0x5a, 0x8a, 0x5a, 0x8a, 0x5a, 0x8a, 0x5a, 0x8a, 0x5a, 0x8a, 0x5a,
    0x8a, 0x5a, 0x8a, 0x5a, 0x8a, 0x5a, 0x8a, 0x5a, 0x8a, 0x5a, 0x8a, 0x5a,
    0x8a, 0x5a, 0x8a, 0x5a, 0x8a, 0x5a, 0x8a, 0x5a, 0x8a, 0x5a, 0x8a, 0x5a,
    0x8a, 0x5a, 0x8a, 0x5a, 0x8a, 0x5a, 0x8a, 0x5a, 0x8a, 0x5a, 0x8a, 0x5a,
    0x8a, 0x5a, 0x8a, 0x5a, 0x8a, 0x5a, 0x8a, 0x5a, 0x8a, 0x5a, 0x8a, 0x5a,
    0x8a, 0x5a, 0x8a, 0x5a, 0x8a, 0x5a, 0x8a, 0x5a, 0x8a, 0x5a, 0x8a, 0x5a,
    0x8a, 0x5a, 0x8a, 0x5a, 0x8a, 0x5a, 0x8a, 0x5a, 0x8a, 0x5a, 0x8a, 0x5a,
    0x8a, 0x5a, 0x8a, 0x5a, 0x8a, 0x5a, 0x8a, 0x5a, 0x8a, 0x52, 0xab, 0x52,
    0xcc, 0x52, 0x0e, 0x4b, 0x50, 0x43, 0xb3, 0x33, 0x3e, 0x05, 0x5f, 0x05,
    0x5f, 0x05, 0x5f, 0x05, 0x5f, 0x05, 0x5f, 0x05, 0x5f, 0x05, 0xfe, 0x55,
    0x5d, 0x8e, 0x7c, 0xa6, 0x7b, 0xb6, 0x9b, 0xbe, 0x9b, 0xc6, 0x9a, 0xce,
    0x9a, 0xce, 0x9a, 0xce, 0x7a, 0xce, 0x7a, 0xce, 0x7a, 0xce, 0x59, 0xce,
    0x59, 0xce, 0x59, 0xc6, 0x39, 0xc6, 0x39, 0xc6, 0x39, 0xc6, 0x39, 0xc6,
    0x18, 0xc6, 0x18, 0xbe, 0x18, 0xbe, 0xf8, 0xbd, 0xf8, 0xbd, 0xf8, 0xbd,
    0xd8, 0xbd, 0xd8, 0xb5, 0xd7, 0xb5, 0xd7, 0xb5, 0xb7, 0xb5, 0xb7, 0xb5,
    0xb7, 0xb5, 0x97, 0xb5, 0x97, 0xad, 0x96, 0xad, 0x76, 0xad, 0x76, 0xad,
    0x76, 0xad, 0x76, 0xad, 0x56, 0xa5, 0x56, 0xa5, 0x55, 0xa5, 0x35, 0xa5,
    0x35, 0xa5, 0x35, 0xa5, 0x15, 0x9d, 0x15, 0x9d, 0x15, 0x9d, 0x15, 0x9d,
    0xf5, 0x94, 0xf5, 0x94, 0xf5, 0x8c, 0xf6, 0x7c, 0xf7, 0x74, 0xf8, 0x64,
    0x1b, 0x35, 0x5f, 0x05, 0x5f, 0x05, 0x5f, 0x05, 0x5f, 0x05, 0x5f, 0x05,
    0x5f, 0x05, 0x3e, 0x05, 0xb3, 0x33, 0x50, 0x43, 0x0e, 0x4b, 0xcc, 0x52,
    0xab, 0x52, 0x8a, 0x52, 0x8a, 0x5a, 0x8a, 0x5a, 0x8a, 0x5a, 0x8a, 0x5a,
    0x8a, 0x5a, 0x8a, 0x5a, 0x8a, 0x5a, 0x8a, 0x5a, 0x8a, 0x5a, 0x8a, 0x5a,
    0x8a, 0x5a, 0x8a, 0x5a, 0x8a, 0x5a, 0x8a, 0x5a, 0x8a, 0x5a, 0x8a, 0x5a,
    0x8a, 0x5a, 0x8a, 0x5a, 0x8a, 0x5a, 0x8a, 0x5a, 0x8a, 0x5a, 0x8a, 0x5a,
    0x8a, 0x5a, 0x8a, 0x5a, 0x8a, 0x5a, 0x8a, 0x5a, 0x8a, 0x5a, 0x8a, 0x5a,
    0x8a, 0x5a, 0x8a, 0x5a, 0x8a, 0x5a, 0x8a, 0x5a, 0x8a, 0x5a, 0x8a, 0x5a,
    0x8a, 0x5a, 0x8a, 0x5a, 0x8a, 0x5a, 0x8a, 0x5a, 0x8a, 0x5a, 0x8a, 0x5a,
    0x8a, 0x5a, 0x8a, 0x5a, 0x8a, 0x5a, 0x8a, 0x5a, 0x8a, 0x5a, 0x8a, 0x5a,
    0x8a, 0x5a, 0x8a, 0x5a, 0x8a, 0x5a, 0x8a, 0x5a, 0x8a, 0x5a, 0x8a, 0x5a,
    0x8a, 0x5a, 0x8a, 0x5a, 0x8a, 0x5a, 0x8a, 0x5a, 0x8a, 0x5a, 0x8a, 0x5a,
    0x8a, 0x5a, 0x8a, 0x5a, 0x8a, 0x5a, 0x8a, 0x5a, 0x8a, 0x5a, 0x8a, 0x5a,
    0x8a, 0x5a, 0x8a, 0x5a, 0x8a, 0x5a, 0x8a, 0x5a, 0xaa, 0x52, 0xcb, 0x52,
    0xed, 0x4a, 0x2f, 0x43, 0x91, 0x3b, 0x9a, 0x14, 0x5f, 0x05, 0x5f, 0x05,
    0x5f, 0x05, 0x5f, 0x05, 0x5f, 0x05, 0x5f, 0x05, 0xbe, 0x35, 0x3d, 0x86,
    0x5c, 0x9e, 0x7c, 0xae, 0x9b, 0xbe, 0x9b, 0xc6, 0x9a, 0xce, 0x9a, 0xce,
    0x9a, 0xce, 0x7a, 0xce, 0x7a, 0xce, 0x7a, 0xce, 0x5a, 0xce, 0x59, 0xce,
    0x59, 0xc6, 0x59, 0xc6, 0x39, 0xc6, 0x39, 0xc6, 0x39, 0xc6, 0x19, 0xc6,
    0x18, 0xbe, 0x18, 0xbe, 0xf8, 0xbd, 0xf8, 0xbd, 0xf8, 0xbd, 0xf8, 0xbd,
    0xd8, 0xbd, 0xd7, 0xb5, 0xd7, 0xb5, 0xb7, 0xb5, 0xb7, 0xb5, 0xb7, 0xb5,
    0x97, 0xb5, 0x97, 0xad, 0x96, 0xad, 0x96, 0xad, 0x76, 0xad, 0x76, 0xad,
    0x76, 0xad, 0x56, 0xad, 0x56, 0xa5, 0x56, 0xa5, 0x35, 0xa5, 0x35, 0xa5,
    0x35, 0xa5, 0x35, 0xa5, 0x15, 0x9d, 0x15, 0x9d, 0xf5, 0x9c, 0xf5, 0x9c,
    0xf4, 0x9c, 0xf5, 0x94, 0xf5, 0x8c, 0xf5, 0x84, 0xf6, 0x7c, 0xf7, 0x6c,
    0xf8, 0x5c, 0x3d, 0x25, 0x5f, 0x05, 0x5f, 0x05, 0x5f, 0x05, 0x5f, 0x05,
    0x5f, 0x05, 0x5f, 0x05, 0x9a, 0x14, 0x91, 0x3b, 0x2f, 0x43, 0xed, 0x4a,
    0xcb, 0x52, 0xaa, 0x52, 0x8a, 0x5a, 0x8a, 0x5a, 0x8a, 0x5a, 0x8a, 0x5a,
    0x8a, 0x5a, 0x8a, 0x5a, 0x8a, 0x5a, 0x8a, 0x5a, 0x8a, 0x5a, 0x8a, 0x5a,
    0x8a, 0x5a, 0x8a, 0x5a, 0x8a, 0x5a, 0x8a, 0x5a, 0x8a, 0x5a, 0x8a, 0x5a,
    0x8a, 0x5a, 0x8a, 0x5a, 0x8a, 0x5a, 0x8a, 0x5a, 0x8a, 0x5a, 0x8a, 0x5a,
    0x8a, 0x5a, 0x8a, 0x5a, 0x8a, 0x5a, 0x8a, 0x5a, 0x8a, 0x5a, 0x8a, 0x5a,
    0x8a, 0x5a, 0x8a, 0x5a, 0x8a, 0x5a, 0x8a, 0x5a, 0x8a, 0x5a, 0x8a, 0x5a,
    0x8a, 0x5a, 0x8a, 0x5a, 0x8a, 0x5a, 0x8a, 0x5a, 0x8a, 0x5a, 0x8a, 0x5a,
    0x8a, 0x5a, 0x8a, 0x5a, 0x8a, 0x5a, 0x8a, 0x5a, 0x8a, 0x5a, 0x8a, 0x5a,
    0x8a, 0x5a, 0x8a, 0x5a, 0x8a, 0x5a, 0x8a, 0x5a, 0x8a, 0x5a, 0x8a, 0x5a,
    0x8a, 0x5a, 0x8a, 0x5a, 0x8a, 0x5a, 0x8a, 0x5a, 0x8a, 0x5a, 0x8a, 0x5a,
    0x8a, 0x5a, 0x8a, 0x5a, 0x8a, 0x5a, 0x8a, 0x5a, 0x8a, 0x5a, 0x8a, 0x5a,
    0x8a, 0x5a, 0x8a, 0x5a, 0x8a, 0x52, 0x8a, 0x52, 0xab, 0x52, 0xcc, 0x4a,
    0x0e, 0x4b, 0x50, 0x3b, 0xd4, 0x2b, 0x5f, 0x05, 0x5f, 0x05, 0x5f, 0x05,
    0x5f, 0x05, 0x5f, 0x05, 0x5f, 0x05, 0x7f, 0x15, 0x3d, 0x7e, 0x5c, 0x96,
    0x7c, 0xae, 0x9b, 0xbe, 0x9b, 0xc6, 0x9a, 0xce, 0x9a, 0xce, 0x9a, 0xce,
    0x7a, 0xce, 0x7a, 0xce, 0x7a, 0xce, 0x59, 0xce, 0x59, 0xc6, 0x59, 0xc6,
    0x39, 0xc6, 0x39, 0xc6, 0x39, 0xc6, 0x39, 0xc6, 0x18, 0xc6, 0x18, 0xbe,
    0x18, 0xbe, 0xf8, 0xbd, 0xf8, 0xbd, 0xf8, 0xbd, 0xd8, 0xbd, 0xd8, 0xb5,
    0xd7, 0xb5, 0xd7, 0xb5, 0xb7, 0xb5, 0xb7, 0xb5, 0xb7, 0xb5, 0x97, 0xb5,
    0x97, 0xad, 0x96, 0xad, 0x76, 0xad, 0x76, 0xad, 0x76, 0xad, 0x76, 0xad,
    0x56, 0xa5, 0x56, 0xa5, 0x55, 0xa5, 0x35, 0xa5, 0x35, 0xa5, 0x35, 0xa5,
    0x15, 0x9d, 0x15, 0x9d, 0x15, 0x9d, 0x15, 0x9d, 0xf4, 0x9c, 0xf4, 0x9c,
    0xf4, 0x94, 0xf4, 0x94, 0xd4, 0x94, 0xd5, 0x8c, 0xd5, 0x84, 0xd6, 0x74,
    0xf7, 0x64, 0xf8, 0x54, 0x5e, 0x0d, 0x5f, 0x05, 0x5f, 0x05, 0x5f, 0x05,
    0x5f, 0x05, 0x5f, 0x05, 0x5f, 0x05, 0xd4, 0x2b, 0x50, 0x3b, 0x0e, 0x4b,
    0xcc, 0x4a, 0xab, 0x52, 0x8a, 0x52, 0x8a, 0x52, 0x8a, 0x5a, 0x8a, 0x5a,
    0x8a, 0x5a, 0x8a, 0x5a, 0x8a, 0x5a, 0x8a, 0x5a, 0x8a, 0x5a, 0x8a, 0x5a,
    0x8a, 0x5a, 0x8a, 0x5a, 0x8a, 0x5a, 0x8a, 0x5a, 0x8a, 0x5a, 0x8a, 0x5a,
    0x8a, 0x5a, 0x8a, 0x5a, 0x8a, 0x5a, 0x8a, 0x5a, 0x8a, 0x5a, 0x8a, 0x5a,
    0x8a, 0x5a, 0x8a, 0x5a, 0x8a, 0x5a, 0x8a, 0x5a, 0x8a, 0x5a, 0x8a, 0x5a,
    0x8a, 0x5a, 0x8a, 0x5a, 0x8a, 0x5a, 0x8a, 0x5a, 0x8a, 0x5a, 0x8a, 0x5a,
    0x8a, 0x5a, 0x8a, 0x5a, 0x8a, 0x5a, 0x8a, 0x5a, 0x8a, 0x5a, 0x8a, 0x5a,
    0x8a, 0x5a, 0x8a, 0x5a, 0x8a, 0x5a, 0x8a, 0x5a, 0x8a, 0x5a, 0x8a, 0x5a,
    0x8a, 0x5a, 0x8a, 0x5a, 0x8a, 0x5a, 0x8a, 0x5a, 0x8a, 0x5a, 0x8a, 0x5a,
    0x8a, 0x5a, 0x8a, 0x5a, 0x8a, 0x5a, 0x8a, 0x5a, 0x8a, 0x5a, 0x8a, 0x5a,
    0x8a, 0x5a, 0x8a, 0x5a, 0x8a, 0x5a, 0x8a, 0x5a, 0x8a, 0x5a, 0x8a, 0x5a,
    0x8a, 0x5a, 0x8a, 0x5a, 0x8a, 0x52, 0xaa, 0x52, 0xab, 0x52, 0xed, 0x4a,
    0x2f, 0x43, 0x91, 0x3b, 0xba, 0x14, 0x5f, 0x05, 0x5f, 0x05, 0x5f, 0x05,
    0x5f, 0x05, 0x5f, 0x05, 0x5f, 0x05, 0xfe, 0x4d, 0x3c, 0x8e, 0x7c, 0xa6,
    0x7b, 0xb6, 0x9b, 0xc6, 0x9b, 0xce, 0x9a, 0xce, 0x9a, 0xce, 0x7a, 0xce,
    0x7a, 0xce, 0x7a, 0xce, 0x59, 0xce, 0x59, 0xce, 0x59, 0xc6, 0x59, 0xc6,
    0x39, 0xc6, 0x39, 0xc6, 0x39, 0xc6, 0x19, 0xc6, 0x18, 0xbe, 0x18, 0xbe,
    0xf8, 0xbd, 0xf8, 0xbd, 0xf8, 0xbd, 0xf8, 0xbd, 0xd8, 0xbd, 0xd7, 0xb5,
    0xd7, 0xb5, 0xb7, 0xb5, 0xb7, 0xb5, 0xb7, 0xb5, 0x97, 0xb5, 0x97, 0xad,
    0x96, 0xad, 0x96, 0xad, 0x76, 0xad, 0x76, 0xad, 0x76, 0xad, 0x56, 0xad,
    0x56, 0xa5, 0x56, 0xa5, 0x35, 0xa5, 0x35, 0xa5, 0x35, 0xa5, 0x35, 0xa5,
    0x15, 0x9d, 0x15, 0x9d, 0x15, 0x9d, 0xf4, 0x9c, 0xf4, 0x9c, 0xf4, 0x9c,
    0xd4, 0x94, 0xd4, 0x94, 0xd4, 0x94, 0xd4, 0x8c, 0xb4, 0x84, 0xd5, 0x7c,
    0xd6, 0x6c, 0xd7, 0x5c, 0x1b, 0x35, 0x5f, 0x05, 0x5f, 0x05, 0x5f, 0x05,
    0x5f, 0x05, 0x5f, 0x05, 0x5f, 0x05, 0xba, 0x14, 0x91, 0x3b, 0x2f, 0x43,
    0xec, 0x4a, 0xab, 0x52, 0x8a, 0x52, 0x8a, 0x5a, 0x8a, 0x5a, 0x8a, 0x5a,
    0x8a, 0x5a, 0x8a, 0x5a, 0x8a, 0x5a, 0x8a, 0x5a, 0x8a, 0x5a, 0x8a, 0x5a,
    0x8a, 0x5a, 0x8a, 0x5a, 0x8a, 0x5a, 0x8a, 0x5a, 0x8a, 0x5a, 0x8a, 0x5a,
    0x8a, 0x5a, 0x8a, 0x5a, 0x8a, 0x5a, 0x8a, 0x5a, 0x8a, 0x5a, 0x8a, 0x5a,
    0x8a, 0x5a, 0x8a, 0x5a, 0x8a, 0x5a, 0x8a, 0x5a, 0x8a, 0x5a, 0x8a, 0x5a,
    0x8a, 0x5a, 0x8a, 0x5a, 0x8a, 0x5a, 0x8a, 0x5a, 0x8a, 0x5a, 0x8a, 0x5a,
    0x8a, 0x5a, 0x8a, 0x5a, 0x8a, 0x5a, 0x8a, 0x5a, 0x8a, 0x5a, 0x8a, 0x5a,
    0x8a, 0x5a, 0x8a, 0x5a, 0x8a, 0x5a, 0x8a, 0x5a, 0x8a, 0x5a, 0x8a, 0x5a,
    0x8a, 0x5a, 0x8a, 0x5a, 0x8a, 0x5a, 0x8a, 0x5a, 0x8a, 0x5a, 0x8a, 0x5a,
    0x8a, 0x5a, 0x8a, 0x5a, 0x8a, 0x5a, 0x8a, 0x5a, 0x8a, 0x5a, 0x8a, 0x5a,
    0x8a, 0x5a, 0x8a, 0x5a, 0x8a, 0x5a, 0x8a, 0x5a, 0x8a, 0x5a, 0x8a, 0x5a,
    0x8a, 0x5a, 0x8a, 0x52, 0x8a, 0x52, 0xab, 0x52, 0xcc, 0x52, 0x0d, 0x4b,
    0x50, 0x3b, 0xb3, 0x33, 0x5f, 0x05, 0x5f, 0x05, 0x5f, 0x05, 0x5f, 0x05,
    0x5f, 0x05, 0x5f, 0x05, 0x9f, 0x25, 0x3d, 0x86, 0x5c, 0x9e, 0x7b, 0xae,
    0x7b, 0xbe, 0x9b, 0xc6, 0x9a, 0xce, 0x7a, 0xce, 0x7a, 0xce, 0x7a, 0xce,
    0x7a, 0xce, 0x59, 0xce, 0x59, 0xc6, 0x59, 0xc6, 0x39, 0xc6, 0x39, 0xc6,
    0x39, 0xc6, 0x39, 0xc6, 0x18, 0xc6, 0x18, 0xbe, 0x18, 0xbe, 0xf8, 0xbd,
    0xf8, 0xbd, 0xf8, 0xbd, 0xd8, 0xbd, 0xd8, 0xb5, 0xd7, 0xb5, 0xd7, 0xb5,
    0xb7, 0xb5, 0xb7, 0xb5, 0xb7, 0xb5, 0x97, 0xb5, 0x97, 0xad, 0x96, 0xad,
    0x76, 0xad, 0x76, 0xad, 0x76, 0xad, 0x76, 0xad, 0x56, 0xa5, 0x56, 0xa5,
    0x55, 0xa5, 0x35, 0xa5, 0x35, 0xa5, 0x35, 0xa5, 0x15, 0x9d, 0x15, 0x9d,
    0x15, 0x9d, 0x15, 0x9d, 0xf4, 0x9c, 0xf4, 0x9c, 0xf4, 0x9c, 0xd4, 0x94,
    0xd4, 0x94, 0xd4, 0x94, 0xb4, 0x94, 0xb4, 0x8c, 0xb4, 0x8c, 0xb4, 0x84,
    0xb5, 0x74, 0xd6, 0x64, 0xd8, 0x54, 0x3d, 0x15, 0x5f, 0x05, 0x5f, 0x05,
    0x5f, 0x05, 0x5f, 0x05, 0x5f, 0x05, 0x5f, 0x05, 0xb3, 0x33, 0x50, 0x3b,
    0x0d, 0x4b, 0xcc, 0x52, 0xab, 0x52, 0x8a, 0x52, 0x8a, 0x52, 0x8a, 0x5a,
    0x8a, 0x5a, 0x8a, 0x5a, 0x8a, 0x5a, 0x8a, 0x5a, 0x8a, 0x5a, 0x8a, 0x5a,
    0x8a, 0x5a, 0x8a, 0x5a, 0x8a, 0x5a, 0x8a, 0x5a, 0x8a, 0x5a, 0x8a, 0x5a,
    0x8a, 0x5a, 0x8a, 0x5a, 0x8a, 0x5a, 0x8a, 0x5a, 0x8a, 0x5a, 0x8a, 0x5a,
    0x8a, 0x5a, 0x8a, 0x5a, 0x8a, 0x5a, 0x8a, 0x5a, 0x8a, 0x5a, 0x8a, 0x5a,
    0x8a, 0x5a, 0x8a, 0x5a, 0x8a, 0x5a, 0x8a, 0x5a, 0x8a, 0x5a, 0x8a, 0x5a,
    0x8a, 0x5a, 0x8a, 0x5a, 0x8a, 0x5a, 0x8a, 0x5a, 0x8a, 0x5a, 0x8a, 0x5a,
    0x8a, 0x5a, 0x8a, 0x5a, 0x8a, 0x5a, 0x8a, 0x5a, 0x8a, 0x5a, 0x8a, 0x5a,
    0x8a, 0x5a, 0x8a, 0x5a, 0x8a, 0x5a, 0x8a, 0x5a, 0x8a, 0x5a, 0x8a, 0x5a,
    0x8a, 0x5a, 0x8a, 0x5a, 0x8a, 0x5a, 0x8a, 0x5a, 0x8a, 0x5a, 0x8a, 0x5a,
    0x8a, 0x5a, 0x8a, 0x5a, 0x8a, 0x5a, 0x8a, 0x5a, 0x8a, 0x5a, 0x8a, 0x5a,
    0x8a, 0x5a, 0x8a, 0x5a, 0x8a, 0x52, 0xab, 0x52, 0xcc, 0x4a, 0x0e, 0x43,
    0x71, 0x3b, 0x79, 0x1c, 0x5f, 0x05, 0x5f, 0x05, 0x5f, 0x05, 0x5f, 0x05,
    0x5f, 0x05, 0x5f, 0x05, 0xfd, 0x5d, 0x5c, 0x8e, 0x7c, 0xa6, 0x7b, 0xb6,
    0x9b, 0xc6, 0x9a, 0xce, 0x9a, 0xce, 0x7a, 0xce, 0x7a, 0xce, 0x7a, 0xce,
    0x5a, 0xce, 0x59, 0xce, 0x59, 0xc6, 0x59, 0xc6, 0x39, 0xc6, 0x39, 0xc6,
    0x39, 0xc6, 0x19, 0xc6, 0x18, 0xbe, 0x18, 0xbe, 0xf8, 0xbd, 0xf8, 0xbd,
    0xf8, 0xbd, 0xf8, 0xbd, 0xd8, 0xbd, 0xd7, 0xb5, 0xd7, 0xb5, 0xb7, 0xb5,
    0xb7, 0xb5, 0xb7, 0xb5, 0x97, 0xb5, 0x97, 0xad, 0x96, 0xad, 0x96, 0xad,
    0x76, 0xad, 0x76, 0xad, 0x76, 0xad, 0x56, 0xad, 0x56, 0xa5, 0x56, 0xa5,
    0x35, 0xa5, 0x35, 0xa5, 0x35, 0xa5, 0x35, 0xa5, 0x15, 0x9d, 0x15, 0x9d,
    0x15, 0x9d, 0xf4, 0x9c, 0xf4, 0x9c, 0xf4, 0x9c, 0xd4, 0x94, 0xd4, 0x94,
    0xd4, 0x94, 0xd4, 0x94, 0xb3, 0x94, 0xb4, 0x8c, 0xb4, 0x8c, 0xb4, 0x84,
    0xb5, 0x7c, 0xb6, 0x6c, 0xd7, 0x5c, 0xfa, 0x3c, 0x5f, 0x05, 0x5f, 0x05,
    0x5f, 0x05, 0x5f, 0x05, 0x5f, 0x05, 0x5f, 0x05, 0x79, 0x1c, 0x71, 0x3b,
    0x0e, 0x43, 0xcc, 0x4a, 0xab, 0x52, 0x8a, 0x52, 0x8a, 0x52, 0x8a, 0x5a,
    0x8a, 0x5a, 0x8a, 0x5a, 0x8a, 0x5a, 0x8a, 0x5a, 0x8a, 0x5a, 0x8a, 0x5a,
    0x8a, 0x5a, 0x8a, 0x5a, 0x8a, 0x5a, 0x8a, 0x5a, 0x8a, 0x5a, 0x8a, 0x5a,
    0x8a, 0x5a, 0x8a, 0x5a, 0x8a, 0x5a, 0x8a, 0x5a, 0x8a, 0x5a, 0x8a, 0x5a,
    0x8a, 0x5a, 0x8a, 0x5a, 0x8a, 0x5a, 0x8a, 0x5a, 0x8a, 0x5a, 0x8a, 0x5a,
    0x8a, 0x5a, 0x8a, 0x5a, 0x8a, 0x5a, 0x8a, 0x5a, 0x8a, 0x5a, 0x8a, 0x5a,
    0x69, 0x52, 0x69, 0x5a, 0x69, 0x5a, 0x69, 0x5a, 0x69, 0x52, 0x69, 0x5a,
    0x69, 0x5a, 0x69, 0x5a, 0x69, 0x52, 0x69, 0x5a, 0x69, 0x5a, 0x69, 0x5a,
    0x69, 0x52, 0x69, 0x5a, 0x69, 0x5a, 0x69, 0x5a, 0x69, 0x52, 0x69, 0x5a,
    0x69, 0x5a, 0x69, 0x5a, 0x69, 0x52, 0x69, 0x5a, 0x69, 0x5a, 0x69, 0x5a,
    0x69, 0x52, 0x69, 0x5a, 0x69, 0x5a, 0x69, 0x5a, 0x69, 0x52, 0x69, 0x5a,
    0x6a, 0x5a, 0x8a, 0x52, 0x8a, 0x52, 0xab, 0x52, 0xed, 0x4a, 0x2f, 0x43,
    0x92, 0x33, 0x1d, 0x0d, 0x5f, 0x05, 0x5f, 0x05, 0x5f, 0x05, 0x5f, 0x05,
    0x5f, 0x05, 0x9f, 0x25, 0x3d, 0x86, 0x5c, 0x9e, 0x7b, 0xae, 0x7b, 0xbe,
    0x7a, 0xc6, 0x7a, 0xce, 0x7a, 0xce, 0x7a, 0xce, 0x7a, 0xce, 0x59, 0xce,
    0x59, 0xc6, 0x59, 0xc6, 0x39, 0xc6, 0x39, 0xc6, 0x39, 0xc6, 0x39, 0xc6,
    0x18, 0xc6, 0x18, 0xbe, 0x18, 0xbe, 0xf8, 0xbd, 0xf8, 0xbd, 0xf8, 0xbd,
    0xd8, 0xbd, 0xd8, 0xb5, 0xd7, 0xb5, 0xd7, 0xb5, 0xb7, 0xb5, 0xb7, 0xb5,
    0xb7, 0xb5, 0x97, 0xb5, 0x97, 0xad, 0x96, 0xad, 0x76, 0xad, 0x76, 0xad,
    0x76, 0xad, 0x76, 0xad, 0x56, 0xa5, 0x56, 0xa5, 0x55, 0xa5, 0x35, 0xa5,
    0x35, 0xa5, 0x35, 0xa5, 0x15, 0x9d, 0x15, 0x9d, 0x15, 0x9d, 0x15, 0x9d,
    0xf4, 0x9c, 0xf4, 0x9c, 0xf4, 0x9c, 0xd4, 0x94, 0xd4, 0x94, 0xd4, 0x94,
    0xb4, 0x94, 0xb3, 0x94, 0xb3, 0x8c, 0xb3, 0x8c, 0x93, 0x8c, 0x94, 0x84,
    0x94, 0x7c, 0x95, 0x74, 0xb6, 0x64, 0xd8, 0x54, 0x3d, 0x15, 0x5f, 0x05,
    0x5f, 0x05, 0x5f, 0x05, 0x5f, 0x05, 0x5f, 0x05, 0x1d, 0x0d, 0x92, 0x33,
    0x2f, 0x43, 0xed, 0x4a, 0xab, 0x52, 0x8a, 0x52, 0x8a, 0x52, 0x6a, 0x5a,
    0x69, 0x52, 0x69, 0x5a, 0x69, 0x5a, 0x69, 0x5a, 0x69, 0x52, 0x69, 0x5a,
    0x69, 0x5a, 0x69, 0x5a, 0x69, 0x52, 0x69, 0x5a, 0x69, 0x5a, 0x69, 0x5a,
    0x69, 0x52, 0x69, 0x5a, 0x69, 0x5a, 0x69, 0x5a, 0x69, 0x52, 0x69, 0x5a,
    0x69, 0x5a, 0x69, 0x5a, 0x69, 0x52, 0x69, 0x5a, 0x69, 0x5a, 0x69, 0x5a,
    0x69, 0x52, 0x69, 0x5a, 0x69, 0x5a, 0x69, 0x5a, 0x69, 0x52, 0x69, 0x5a,
    0x69, 0x5a, 0x69, 0x5a, 0x69, 0x5a, 0x8a, 0x5a, 0x69, 0x5a, 0x69, 0x5a,
    0x69, 0x5a, 0x8a, 0x5a, 0x69, 0x5a, 0x69, 0x5a, 0x69, 0x5a, 0x8a, 0x5a,
    0x69, 0x5a, 0x69, 0x5a, 0x69, 0x5a, 0x8a, 0x5a, 0x69, 0x5a, 0x69, 0x5a,
    0x69, 0x5a, 0x8a, 0x5a, 0x69, 0x5a, 0x69, 0x5a, 0x69, 0x5a, 0x8a, 0x5a,
    0x69, 0x5a, 0x69, 0x5a, 0x69, 0x5a, 0x8a, 0x5a, 0x69, 0x5a, 0x6a, 0x5a,
    0x8a, 0x52, 0x8a, 0x52, 0x8a, 0x52, 0xcc, 0x4a, 0x0d, 0x4b, 0x50, 0x3b,
    0x16, 0x2c, 0x5f, 0x05, 0x5f, 0x05, 0x5f, 0x05, 0x5f, 0x05, 0x5f, 0x05,
    0x5f, 0x05, 0xde, 0x55, 0x3c, 0x8e, 0x5c, 0xa6, 0x7b, 0xb6, 0x7b, 0xc6,
    0x7a, 0xce, 0x7a, 0xce, 0x7a, 0xce, 0x7a, 0xce, 0x59, 0xce, 0x59, 0xce,
    0x59, 0xc6, 0x59, 0xc6, 0x39, 0xc6, 0x39, 0xc6, 0x39, 0xc6, 0x19, 0xc6,
    0x18, 0xbe, 0x18, 0xbe, 0xf8, 0xbd, 0xf8, 0xbd, 0xf8, 0xbd, 0xf8, 0xbd,
    0xd8, 0xbd, 0xd7, 0xb5, 0xd7, 0xb5, 0xb7, 0xb5, 0xb7, 0xb5, 0xb7, 0xb5,
    0x97, 0xb5, 0x97, 0xad, 0x96, 0xad, 0x96, 0xad, 0x76, 0xad, 0x76, 0xad,
    0x76, 0xad, 0x56, 0xad, 0x56, 0xa5, 0x56, 0xa5, 0x35, 0xa5, 0x35, 0xa5,
    0x35, 0xa5, 0x35, 0xa5, 0x15, 0x9d, 0x15, 0x9d, 0x15, 0x9d, 0xf4, 0x9c,
    0xf4, 0x9c, 0xf4, 0x9c, 0xd4, 0x94, 0xd4, 0x94, 0xd4, 0x94, 0xd4, 0x94,
    0xb3, 0x94, 0xb3, 0x94, 0xb3, 0x94, 0x93, 0x8c, 0x93, 0x8c, 0x93, 0x8c,
    0x94, 0x84, 0x94, 0x7c, 0x95, 0x6c, 0xb7, 0x5c, 0xfa, 0x34, 0x5f, 0x05,
    0x5f, 0x05, 0x5f, 0x05, 0x5f, 0x05, 0x5f, 0x05, 0x5f, 0x05, 0x16, 0x2c,
    0x50, 0x3b, 0x0e, 0x4b, 0xcc, 0x4a, 0x8a, 0x52, 0x8a, 0x52, 0x8a, 0x52,
    0x6a, 0x5a, 0x69, 0x5a, 0x69, 0x5a, 0x8a, 0x5a, 0x69, 0x5a, 0x69, 0x5a,
    0x69, 0x5a, 0x8a, 0x5a, 0x69, 0x5a, 0x69, 0x5a, 0x69, 0x5a, 0x8a, 0x5a,
    0x69, 0x5a, 0x69, 0x5a, 0x69, 0x5a, 0x8a, 0x5a, 0x69, 0x5a, 0x69, 0x5a,
    0x69, 0x5a, 0x8a, 0x5a, 0x69, 0x5a, 0x69, 0x5a, 0x69, 0x5a, 0x8a, 0x5a,
    0x69, 0x5a, 0x69, 0x5a, 0x69, 0x5a, 0x8a, 0x5a, 0x69, 0x5a, 0x69, 0x5a,
    0x69, 0x52, 0x69, 0x52, 0x69, 0x52, 0x69, 0x5a, 0x69, 0x52, 0x69, 0x5a,
    0x69, 0x52, 0x69, 0x5a, 0x69, 0x52, 0x69, 0x52, 0x69, 0x52, 0x69, 0x5a,
    0x69, 0x52, 0x69, 0x5a, 0x69, 0x52, 0x69, 0x5a, 0x69, 0x52, 0x69, 0x52,
    0x69, 0x52, 0x69, 0x5a, 0x69, 0x52, 0x69, 0x5a, 0x69, 0x52, 0x69, 0x5a,
    0x69, 0x52, 0x69, 0x52, 0x69, 0x52, 0x69, 0x5a, 0x69, 0x52, 0x6a, 0x5a,
    0x8a, 0x52, 0x8a, 0x52, 0xab, 0x52, 0xcc, 0x4a, 0x0e, 0x43, 0x71, 0x3b,
    0xba, 0x14, 0x5f, 0x05, 0x5f, 0x05, 0x5f, 0x05, 0x5f, 0x05, 0x5f, 0x05,
    0x7f, 0x15, 0x1d, 0x7e, 0x3c, 0x96, 0x5b, 0xae, 0x7b, 0xbe, 0x7a, 0xc6,
    0x7a, 0xce, 0x7a, 0xce, 0x5a, 0xce, 0x59, 0xce, 0x59, 0xce, 0x59, 0xc6,
    0x39, 0xc6, 0x39, 0xc6, 0x39, 0xc6, 0x39, 0xc6, 0x18, 0xc6, 0x18, 0xbe,
    0x18, 0xbe, 0xf8, 0xbd, 0xf8, 0xbd, 0xf8, 0xbd, 0xd8, 0xbd, 0xd8, 0xb5,
    0xd7, 0xb5, 0xd7, 0xb5, 0xb7, 0xb5, 0xb7, 0xb5, 0xb7, 0xb5, 0x97, 0xb5,
    0x97, 0xad, 0x96, 0xad, 0x76, 0xad, 0x76, 0xad, 0x76, 0xad, 0x76, 0xad,
    0x56, 0xa5, 0x56, 0xa5, 0x55, 0xa5, 0x35, 0xa5, 0x35, 0xa5, 0x35, 0xa5,
    0x15, 0x9d, 0x15, 0x9d, 0x15, 0x9d, 0x15, 0x9d, 0xf4, 0x9c, 0xf4, 0x9c,
    0xf4, 0x9c, 0xd4, 0x94, 0xd4, 0x94, 0xd4, 0x94, 0xb4, 0x94, 0xb3, 0x94,
    0xb3, 0x94, 0xb3, 0x8c, 0x93, 0x8c, 0x93, 0x8c, 0x93, 0x8c, 0x93, 0x84,
    0x73, 0x84, 0x94, 0x7c, 0x94, 0x6c, 0x96, 0x5c, 0xb7, 0x4c, 0x3e, 0x0d,
    0x5f, 0x05, 0x5f, 0x05, 0x5f, 0x05, 0x5f, 0x05, 0x5f, 0x05, 0xba, 0x14,
    0x71, 0x3b, 0x0e, 0x43, 0xcc, 0x4a, 0xab, 0x52, 0x8a, 0x52, 0x8a, 0x52,
    0x6a, 0x52, 0x69, 0x52, 0x69, 0x52, 0x69, 0x5a, 0x69, 0x52, 0x69, 0x5a,
    0x69, 0x52, 0x69, 0x5a, 0x69, 0x52, 0x69, 0x52, 0x69, 0x52, 0x69, 0x5a,
    0x69, 0x52, 0x69, 0x5a, 0x69, 0x52, 0x69, 0x5a, 0x69, 0x52, 0x69, 0x52,
    0x69, 0x52, 0x69, 0x5a, 0x69, 0x52, 0x69, 0x5a, 0x69, 0x52, 0x69, 0x5a,
    0x69, 0x52, 0x69, 0x52, 0x69, 0x52, 0x69, 0x5a, 0x69, 0x52, 0x69, 0x5a,
    0x69, 0x5a, 0x69, 0x5a, 0x69, 0x5a, 0x69, 0x5a, 0x69, 0x5a, 0x69, 0x5a,
    0x69, 0x5a, 0x69, 0x5a, 0x69, 0x5a, 0x69, 0x5a, 0x69, 0x5a, 0x69, 0x5a,
    0x69, 0x5a, 0x69, 0x5a, 0x69, 0x5a, 0x69, 0x5a, 0x69, 0x5a, 0x69, 0x5a,
    0x69, 0x5a, 0x69, 0x5a, 0x69, 0x5a, 0x69, 0x5a, 0x69, 0x5a, 0x69, 0x5a,
    0x69, 0x5a, 0x69, 0x5a, 0x69, 0x5a, 0x69, 0x5a, 0x69, 0x5a, 0x6a, 0x5a,
    0x8a, 0x52, 0x8a, 0x52, 0xab, 0x52, 0xed, 0x4a, 0x2f, 0x43, 0x92, 0x33,
    0x1e, 0x0d, 0x5f, 0x05, 0x5f, 0x05, 0x5f, 0x05, 0x5f, 0x05, 0x5f, 0x05,
    0xbe, 0x35, 0x3c, 0x86, 0x5c, 0xa6, 0x7b, 0xb6, 0x7a, 0xbe, 0x7a, 0xc6,
    0x7a, 0xce, 0x7a, 0xce, 0x5a, 0xce, 0x59, 0xce, 0x59, 0xc6, 0x59, 0xc6,
    0x39, 0xc6, 0x39, 0xc6, 0x39, 0xc6, 0x19, 0xc6, 0x18, 0xbe, 0x18, 0xbe,
    0xf8, 0xbd, 0xf8, 0xbd, 0xf8, 0xbd, 0xf8, 0xbd, 0xd8, 0xbd, 0xd7, 0xb5,
    0xd7, 0xb5, 0xb7, 0xb5, 0xb7, 0xb5, 0xb7, 0xb5, 0x97, 0xb5, 0x97, 0xad,
    0x96, 0xad, 0x96, 0xad, 0x76, 0xad, 0x76, 0xad, 0x76, 0xad, 0x56, 0xad,
    0x56, 0xa5, 0x56, 0xa5, 0x35, 0xa5, 0x35, 0xa5, 0x35, 0xa5, 0x35, 0xa5,
    0x15, 0x9d, 0x15, 0x9d, 0x15, 0x9d, 0xf4, 0x9c, 0xf4, 0x9c, 0xf4, 0x9c,
    0xd4, 0x94, 0xd4, 0x94, 0xd4, 0x94, 0xd4, 0x94, 0xb3, 0x94, 0xb3, 0x94,
    0xb3, 0x94, 0x93, 0x8c, 0x93, 0x8c, 0x93, 0x8c, 0x73, 0x8c, 0x73, 0x8c,
    0x73, 0x84, 0x73, 0x7c, 0x74, 0x74, 0x95, 0x64, 0xb7, 0x54, 0x1c, 0x25,
    0x5f, 0x05, 0x5f, 0x05, 0x5f, 0x05, 0x5f, 0x05, 0x5f, 0x05, 0x1e, 0x0d,
    0x92, 0x33, 0x2f, 0x43, 0xed, 0x4a, 0xab, 0x52, 0x8a, 0x52, 0x8a, 0x52,
    0x6a, 0x5a, 0x69, 0x5a, 0x69, 0x5a, 0x69, 0x5a, 0x69, 0x5a, 0x69, 0x5a,
    0x69, 0x5a, 0x69, 0x5a, 0x69, 0x5a, 0x69, 0x5a, 0x69, 0x5a, 0x69, 0x5a,
    0x69, 0x5a, 0x69, 0x5a, 0x69, 0x5a, 0x69, 0x5a, 0x69, 0x5a, 0x69, 0x5a,
    0x69, 0x5a, 0x69, 0x5a, 0x69, 0x5a, 0x69, 0x5a, 0x69, 0x5a, 0x69, 0x5a,
    0x69, 0x5a, 0x69, 0x5a, 0x69, 0x5a, 0x69, 0x5a, 0x69, 0x5a, 0x69, 0x5a,
    0x69, 0x52, 0x69, 0x52, 0x69, 0x52, 0x69, 0x52, 0x69, 0x52, 0x69, 0x52,
    0x69, 0x52, 0x69, 0x52, 0x69, 0x52, 0x69, 0x52, 0x69, 0x52, 0x69, 0x52,
    0x69, 0x52, 0x69, 0x52, 0x69, 0x52, 0x69, 0x52, 0x69, 0x52, 0x69, 0x52,
    0x69, 0x52, 0x69, 0x52, 0x69, 0x52, 0x69, 0x52, 0x69, 0x52, 0x69, 0x52,
    0x69, 0x52, 0x69, 0x52, 0x69, 0x52, 0x69, 0x52, 0x69, 0x52, 0x69, 0x52,
    0x8a, 0x52, 0x8a, 0x52, 0xab, 0x4a, 0xed, 0x4a, 0x50, 0x3b, 0xf4, 0x2b,
    0x5f, 0x05, 0x5f, 0x05, 0x5f, 0x05, 0x5f, 0x05, 0x5f, 0x05, 0x5f, 0x05,
    0xfd, 0x65, 0x3c, 0x8e, 0x5b, 0xa6, 0x7b, 0xb6, 0x7a, 0xc6, 0x7a, 0xc6,
    0x7a, 0xce, 0x59, 0xce, 0x59, 0xc6, 0x59, 0xc6, 0x39, 0xc6, 0x39, 0xc6,
    0x39, 0xc6, 0x39, 0xc6, 0x18, 0xc6, 0x18, 0xbe, 0x18, 0xbe, 0xf8, 0xbd,
    0xf8, 0xbd, 0xf8, 0xbd, 0xd8, 0xbd, 0xd8, 0xb5, 0xd7, 0xb5, 0xd7, 0xb5,
    0xb7, 0xb5, 0xb7, 0xb5, 0xb7, 0xb5, 0x97, 0xb5, 0x97, 0xad, 0x96, 0xad,
    0x76, 0xad, 0x76, 0xad, 0x76, 0xad, 0x76, 0xad, 0x56, 0xa5, 0x56, 0xa5,
    0x55, 0xa5, 0x35, 0xa5, 0x35, 0xa5, 0x35, 0xa5, 0x15, 0x9d, 0x15, 0x9d,
    0x15, 0x9d, 0x15, 0x9d, 0xf4, 0x9c, 0xf4, 0x9c, 0xf4, 0x9c, 0xd4, 0x94,
    0xd4, 0x94, 0xd4, 0x94, 0xb4, 0x94, 0xb3, 0x94, 0xb3, 0x94, 0xb3, 0x8c,
    0x93, 0x8c, 0x93, 0x8c, 0x93, 0x8c, 0x73, 0x8c, 0x72, 0x8c, 0x72, 0x84,
    0x52, 0x84, 0x73, 0x7c, 0x73, 0x74, 0x74, 0x6c, 0x96, 0x5c, 0xd9, 0x3c,
    0x5f, 0x05, 0x5f, 0x05, 0x5f, 0x05, 0x5f, 0x05, 0x5f, 0x05, 0x5f, 0x05,
    0xf4, 0x2b, 0x50, 0x3b, 0xed, 0x4a, 0xab, 0x4a, 0x8a, 0x52, 0x8a, 0x52,
    0x69, 0x52, 0x69, 0x52, 0x69, 0x52, 0x69, 0x52, 0x69, 0x52, 0x69, 0x52,
    0x69, 0x52, 0x69, 0x52, 0x69, 0x52, 0x69, 0x52, 0x69, 0x52, 0x69, 0x52,
    0x69, 0x52, 0x69, 0x52, 0x69, 0x52, 0x69, 0x52, 0x69, 0x52, 0x69, 0x52,
    0x69, 0x52, 0x69, 0x52, 0x69, 0x52, 0x69, 0x52, 0x69, 0x52, 0x69, 0x52,
    0x69, 0x52, 0x69, 0x52, 0x69, 0x52, 0x69, 0x52, 0x69, 0x52, 0x69, 0x52,
    0x69, 0x52, 0x69, 0x52, 0x69, 0x52, 0x69, 0x52, 0x69, 0x52, 0x69, 0x52,
    0x69, 0x52, 0x69, 0x52, 0x69, 0x52, 0x69, 0x52, 0x69, 0x52, 0x69, 0x52,
    0x69, 0x52, 0x69, 0x52, 0x69, 0x52, 0x69, 0x52, 0x69, 0x52, 0x69, 0x52,
    0x69, 0x52, 0x69, 0x52, 0x69, 0x52, 0x69, 0x52, 0x69, 0x52, 0x69, 0x52,
    0x69, 0x52, 0x69, 0x52, 0x69, 0x52, 0x69, 0x52, 0x69, 0x52, 0x69, 0x52,
    0x8a, 0x52, 0x8a, 0x52, 0xcc, 0x4a, 0x0e, 0x43, 0x70, 0x3b, 0x78, 0x1c,
    0x5f, 0x05, 0x5f, 0x05, 0x5f, 0x05, 0x5f, 0x05, 0x5f, 0x05, 0x7f, 0x15,
    0x1c, 0x7e, 0x3c, 0x96, 0x5b, 0xae, 0x7a, 0xbe, 0x7a, 0xc6, 0x7a, 0xce,
    0x59, 0xc6, 0x59, 0xce, 0x59, 0xc6, 0x59, 0xc6, 0x39, 0xc6, 0x39, 0xc6,
    0x39, 0xc6, 0x19, 0xc6, 0x18, 0xbe, 0x18, 0xbe, 0xf8, 0xbd, 0xf8, 0xbd,
    0xf8, 0xbd, 0xf8, 0xbd, 0xd8, 0xbd, 0xd7, 0xb5, 0xd7, 0xb5, 0xb7, 0xb5,
    0xb7, 0xb5, 0xb7, 0xb5, 0x97, 0xb5, 0x97, 0xad, 0x96, 0xad, 0x96, 0xad,
    0x76, 0xad, 0x76, 0xad, 0x76, 0xad, 0x56, 0xad, 0x56, 0xa5, 0x56, 0xa5,
    0x35, 0xa5, 0x35, 0xa5, 0x35, 0xa5, 0x35, 0xa5, 0x15, 0x9d, 0x15, 0x9d,
    0x15, 0x9d, 0xf4, 0x9c, 0xf4, 0x9c, 0xf4, 0x9c, 0xd4, 0x94, 0xd4, 0x94,
    0xd4, 0x94, 0xd4, 0x94, 0xb3, 0x94, 0xb3, 0x94, 0xb3, 0x94, 0x93, 0x8c,
    0x93, 0x8c, 0x93, 0x8c, 0x73, 0x8c, 0x73, 0x8c, 0x72, 0x8c, 0x72, 0x84,
    0x52, 0x84, 0x53, 0x84, 0x53, 0x7c, 0x74, 0x6c, 0x95, 0x5c, 0xb7, 0x4c,
    0x3e, 0x0d, 0x5f, 0x05, 0x5f, 0x05, 0x5f, 0x05, 0x5f, 0x05, 0x5f, 0x05,
    0x78, 0x1c, 0x70, 0x3b, 0x0e, 0x43, 0xcc, 0x4a, 0x8a, 0x52, 0x8a, 0x52,
    0x69, 0x52, 0x69, 0x52, 0x69, 0x52, 0x69, 0x52, 0x69, 0x52, 0x69, 0x52,
    0x69, 0x52, 0x69, 0x52, 0x69, 0x52, 0x69, 0x52, 0x69, 0x52, 0x69, 0x52,
    0x69, 0x52, 0x69, 0x52, 0x69, 0x52, 0x69, 0x52, 0x69, 0x52, 0x69, 0x52,
    0x69, 0x52, 0x69, 0x52, 0x69, 0x52, 0x69, 0x52, 0x69, 0x52, 0x69, 0x52,
    0x69, 0x52, 0x69, 0x52, 0x69, 0x52, 0x69, 0x52, 0x69, 0x52, 0x69, 0x52,
    0x69, 0x52, 0x69, 0x52, 0x69, 0x52, 0x69, 0x52, 0x69, 0x52, 0x69, 0x52,
    0x69, 0x52, 0x69, 0x52, 0x69, 0x52, 0x69, 0x52, 0x69, 0x52, 0x69, 0x52,
    0x69, 0x52, 0x69, 0x52, 0x69, 0x52, 0x69, 0x52, 0x69, 0x52, 0x69, 0x52,
    0x69, 0x52, 0x69, 0x52, 0x69, 0x52, 0x69, 0x52, 0x69, 0x52, 0x69, 0x52,
    0x69, 0x52, 0x69, 0x52, 0x69, 0x52, 0x69, 0x52, 0x69, 0x52, 0x69, 0x52,
    0x8a, 0x52, 0x8b, 0x52, 0xcc, 0x4a, 0x0e, 0x43, 0x71, 0x3b, 0xbb, 0x14,
    0x5f, 0x05, 0x5f, 0x05, 0x5f, 0x05, 0x5f, 0x05, 0x5f, 0x05, 0x9e, 0x2d,
    0x1c, 0x86, 0x3b, 0x9e, 0x5b, 0xb6, 0x5a, 0xbe, 0x5a, 0xc6, 0x5a, 0xc6,
    0x59, 0xc6, 0x59, 0xc6, 0x39, 0xc6, 0x39, 0xc6, 0x39, 0xc6, 0x39, 0xc6,
    0x18, 0xc6, 0x18, 0xbe, 0x18, 0xbe, 0xf8, 0xbd, 0xf8, 0xbd, 0xf8, 0xbd,
    0xd8, 0xbd, 0xd8, 0xb5, 0xd7, 0xb5, 0xd7, 0xb5, 0xb7, 0xb5, 0xb7, 0xb5,
    0xb7, 0xb5, 0x97, 0xb5, 0x97, 0xad, 0x96, 0xad, 0x76, 0xad, 0x76, 0xad,
    0x76, 0xad, 0x76, 0xad, 0x56, 0xa5, 0x56, 0xa5, 0x55, 0xa5, 0x35, 0xa5,
    0x35, 0xa5, 0x35, 0xa5, 0x15, 0x9d, 0x15, 0x9d, 0x15, 0x9d, 0x15, 0x9d,
    0xf4, 0x9c, 0xf4, 0x9c, 0xf4, 0x9c, 0xd4, 0x94, 0xd4, 0x94, 0xd4, 0x94,
    0xb4, 0x94, 0xb3, 0x94, 0xb3, 0x94, 0xb3, 0x8c, 0x93, 0x8c, 0x93, 0x8c,
    0x93, 0x8c, 0x73, 0x8c, 0x72, 0x8c, 0x72, 0x8c, 0x52, 0x84, 0x52, 0x84,
    0x52, 0x84, 0x52, 0x7c, 0x53, 0x7c, 0x53, 0x6c, 0x75, 0x64, 0x97, 0x54,
    0x1c, 0x1d, 0x5f, 0x05, 0x5f, 0x05, 0x5f, 0x05, 0x5f, 0x05, 0x5f, 0x05,
    0xbb, 0x14, 0x71, 0x3b, 0x0e, 0x43, 0xcc, 0x4a, 0x8b, 0x52, 0x8a, 0x52,
    0x69, 0x52, 0x69, 0x52, 0x69, 0x52, 0x69, 0x52, 0x69, 0x52, 0x69, 0x52,
    0x69, 0x52, 0x69, 0x52, 0x69, 0x52, 0x69, 0x52, 0x69, 0x52, 0x69, 0x52,
    0x69, 0x52, 0x69, 0x52, 0x69, 0x52, 0x69, 0x52, 0x69, 0x52, 0x69, 0x52,
    0x69, 0x52, 0x69, 0x52, 0x69, 0x52, 0x69, 0x52, 0x69, 0x52, 0x69, 0x52,
    0x69, 0x52, 0x69, 0x52, 0x69, 0x52, 0x69, 0x52, 0x69, 0x52, 0x69, 0x52,
    0x69, 0x52, 0x69, 0x52, 0x69, 0x52, 0x69, 0x52, 0x69, 0x52, 0x69, 0x52,
    0x69, 0x52, 0x69, 0x52, 0x69, 0x52, 0x69, 0x52, 0x69, 0x52, 0x69, 0x52,
    0x69, 0x52, 0x69, 0x52, 0x69, 0x52, 0x69, 0x52, 0x69, 0x52, 0x69, 0x52,
    0x69, 0x52, 0x69, 0x52, 0x69, 0x52, 0x69, 0x52, 0x69, 0x52, 0x69, 0x52,
    0x69, 0x52, 0x69, 0x52, 0x69, 0x52, 0x69, 0x52, 0x69, 0x52, 0x6a, 0x52,
    0x8a, 0x52, 0xab, 0x52, 0xcc, 0x4a, 0x2f, 0x43, 0x92, 0x33, 0x1d, 0x0d,
    0x5f, 0x05, 0x5f, 0x05, 0x5f, 0x05, 0x5f, 0x05, 0x5f, 0x05, 0xde, 0x4d,
    0x3c, 0x8e, 0x3b, 0xa6, 0x5a, 0xb6, 0x5a, 0xbe, 0x5a, 0xc6, 0x59, 0xc6,
    0x59, 0xc6, 0x59, 0xc6, 0x39, 0xc6, 0x39, 0xc6, 0x39, 0xc6, 0x19, 0xc6,
    0x18, 0xbe, 0x18, 0xbe, 0xf8, 0xbd, 0xf8, 0xbd, 0xf8, 0xbd, 0xf8, 0xbd,
    0xd8, 0xbd, 0xd7, 0xb5, 0xd7, 0xb5, 0xb7, 0xb5, 0xb7, 0xb5, 0xb7, 0xb5,
    0x97, 0xb5, 0x97, 0xad, 0x96, 0xad, 0x96, 0xad, 0x76, 0xad, 0x76, 0xad,
    0x76, 0xad, 0x56, 0xad, 0x56, 0xa5, 0x56, 0xa5, 0x35, 0xa5, 0x35, 0xa5,
    0x35, 0xa5, 0x35, 0xa5, 0x15, 0x9d, 0x15, 0x9d, 0x15, 0x9d, 0xf4, 0x9c,
    0xf4, 0x9c, 0xf4, 0x9c, 0xd4, 0x94, 0xd4, 0x94, 0xd4, 0x94, 0xd4, 0x94,
    0xb3, 0x94, 0xb3, 0x94, 0xb3, 0x94, 0x93, 0x8c, 0x93, 0x8c, 0x93, 0x8c,
    0x73, 0x8c, 0x73, 0x8c, 0x72, 0x8c, 0x72, 0x84, 0x52, 0x84, 0x52, 0x84,
    0x52, 0x84, 0x32, 0x7c, 0x52, 0x7c, 0x53, 0x74, 0x54, 0x64, 0x96, 0x54,
    0xfa, 0x2c, 0x5f, 0x05, 0x5f, 0x05, 0x5f, 0x05, 0x5f, 0x05, 0x5f, 0x05,
    0x1d, 0x0d, 0x92, 0x33, 0x2f, 0x43, 0xcc, 0x4a, 0xab, 0x52, 0x8a, 0x52,
    0x6a, 0x52, 0x69, 0x52, 0x69, 0x52, 0x69, 0x52, 0x69, 0x52, 0x69, 0x52,
    0x69, 0x52, 0x69, 0x52, 0x69, 0x52, 0x69, 0x52, 0x69, 0x52, 0x69, 0x52,
    0x69, 0x52, 0x69, 0x52, 0x69, 0x52, 0x69, 0x52, 0x69, 0x52, 0x69, 0x52,
    0x69, 0x52, 0x69, 0x52, 0x69, 0x52, 0x69, 0x52, 0x69, 0x52, 0x69, 0x52,
    0x69, 0x52, 0x69, 0x52, 0x69, 0x52, 0x69, 0x52, 0x69, 0x52, 0x69, 0x52,
    0x69, 0x52, 0x69, 0x52, 0x69, 0x52, 0x69, 0x52, 0x69, 0x52, 0x69, 0x52,
    0x69, 0x52, 0x69, 0x52, 0x69, 0x52, 0x69, 0x52, 0x69, 0x52, 0x69, 0x52,
    0x69, 0x52, 0x69, 0x52, 0x69, 0x52, 0x69, 0x52, 0x69, 0x52, 0x69, 0x52,
    0x69, 0x52, 0x69, 0x52, 0x69, 0x52, 0x69, 0x52, 0x69, 0x52, 0x69, 0x52,
    0x69, 0x52, 0x69, 0x52, 0x69, 0x52, 0x69, 0x52, 0x69, 0x52, 0x69, 0x52,
    0x8a, 0x52, 0xab, 0x4a, 0xcd, 0x4a, 0x2f, 0x3b, 0x92, 0x33, 0x5f, 0x05,
    0x5f, 0x05, 0x5f, 0x05, 0x5f, 0x05, 0x5f, 0x05, 0x5f, 0x05, 0xfd, 0x65,
    0x1c, 0x8e, 0x3b, 0xa6, 0x5a, 0xb6, 0x5a, 0xc6, 0x59, 0xc6, 0x59, 0xc6,
    0x39, 0xc6, 0x39, 0xc6, 0x39, 0xc6, 0x39, 0xc6, 0x18, 0xc6, 0x18, 0xbe,
    0x18, 0xbe, 0xf8, 0xbd, 0xf8, 0xbd, 0xf8, 0xbd, 0xd8, 0xbd, 0xd8, 0xb5,
    0xd7, 0xb5, 0xd7, 0xb5, 0xb7, 0xb5, 0xb7, 0xb5, 0xb7, 0xb5, 0x97, 0xb5,
    0x97, 0xad, 0x96, 0xad, 0x76, 0xad, 0x76, 0xad, 0x76, 0xad, 0x76, 0xad,
    0x56, 0xa5, 0x56, 0xa5, 0x55, 0xa5, 0x35, 0xa5, 0x35, 0xa5, 0x35, 0xa5,
    0x15, 0x9d, 0x15, 0x9d, 0x15, 0x9d, 0x15, 0x9d, 0xf4, 0x9c, 0xf4, 0x9c,
    0xf4, 0x9c, 0xd4, 0x94, 0xd4, 0x94, 0xd4, 0x94, 0xb4, 0x94, 0xb3, 0x94,
    0xb3, 0x94, 0xb3, 0x8c, 0x93, 0x8c, 0x93, 0x8c, 0x93, 0x8c, 0x73, 0x8c,
    0x72, 0x8c, 0x72, 0x8c, 0x52, 0x84, 0x52, 0x84, 0x52, 0x84, 0x52, 0x84,
    0x32, 0x84, 0x32, 0x7c, 0x32, 0x7c, 0x33, 0x74, 0x54, 0x64, 0x75, 0x54,
    0xb8, 0x3c, 0x5f, 0x05, 0x5f, 0x05, 0x5f, 0x05, 0x5f, 0x05, 0x5f, 0x05,
    0x5f, 0x05, 0x92, 0x33, 0x2f, 0x3b, 0xcd, 0x4a, 0xab, 0x4a, 0x8a, 0x52,
    0x69, 0x52, 0x69, 0x52, 0x69, 0x52, 0x69, 0x52, 0x69, 0x52, 0x69, 0x52,
    0x69, 0x52, 0x69, 0x52, 0x69, 0x52, 0x69, 0x52, 0x69, 0x52, 0x69, 0x52,
    0x69, 0x52, 0x69, 0x52, 0x69, 0x52, 0x69, 0x52, 0x69, 0x52, 0x69, 0x52,
    0x69, 0x52, 0x69, 0x52, 0x69, 0x52, 0x69, 0x52, 0x69, 0x52, 0x69, 0x52,
    0x69, 0x52, 0x69, 0x52, 0x69, 0x52, 0x69, 0x52, 0x69, 0x52, 0x69, 0x52,
    0x69, 0x52, 0x69, 0x52, 0x69, 0x52, 0x69, 0x52, 0x69, 0x52, 0x69, 0x52,
    0x69, 0x52, 0x69, 0x52, 0x69, 0x52, 0x69, 0x52, 0x69, 0x52, 0x69, 0x52,
    0x69, 0x52, 0x69, 0x52, 0x69, 0x52, 0x69, 0x52, 0x69, 0x52, 0x69, 0x52,
    0x69, 0x52, 0x69, 0x52, 0x69, 0x52, 0x69, 0x52, 0x69, 0x52, 0x69, 0x52,
    0x69, 0x52, 0x69, 0x52, 0x69, 0x52, 0x69, 0x52, 0x69, 0x52, 0x6a, 0x52,
    0x8a, 0x52, 0xab, 0x4a, 0xed, 0x4a, 0x2f, 0x3b, 0xf4, 0x2b, 0x5f, 0x05,
    0x5f, 0x05, 0x5f, 0x05, 0x5f, 0x05, 0x5f, 0x05, 0x5f, 0x05, 0x1c, 0x76,
    0x3b, 0x96, 0x3b, 0xae, 0x5a, 0xbe, 0x5a, 0xc6, 0x59, 0xc6, 0x39, 0xc6,
    0x39, 0xc6, 0x39, 0xc6, 0x39, 0xc6, 0x19, 0xc6, 0x18, 0xbe, 0x18, 0xbe,
    0xf8, 0xbd, 0xf8, 0xbd, 0xf8, 0xbd, 0xf8, 0xbd, 0xd8, 0xbd, 0xd7, 0xb5,
    0xd7, 0xb5, 0xb7, 0xb5, 0xb7, 0xb5, 0xb7, 0xb5, 0x97, 0xb5, 0x97, 0xad,
    0x96, 0xad, 0x96, 0xad, 0x76, 0xad, 0x76, 0xad, 0x76, 0xad, 0x56, 0xad,
    0x56, 0xa5, 0x56, 0xa5, 0x35, 0xa5, 0x35, 0xa5, 0x35, 0xa5, 0x35, 0xa5,
    0x15, 0x9d, 0x15, 0x9d, 0x15, 0x9d, 0xf4, 0x9c, 0xf4, 0x9c, 0xf4, 0x9c,
    0xd4, 0x94, 0xd4, 0x94, 0xd4, 0x94, 0xd4, 0x94, 0xb3, 0x94, 0xb3, 0x94,
    0xb3, 0x94, 0x93, 0x8c, 0x93, 0x8c, 0x93, 0x8c, 0x73, 0x8c, 0x73, 0x8c,
    0x72, 0x8c, 0x72, 0x84, 0x52, 0x84, 0x52, 0x84, 0x52, 0x84, 0x32, 0x84,
    0x32, 0x84, 0x32, 0x7c, 0x32, 0x7c, 0x32, 0x74, 0x53, 0x64, 0x75, 0x5c,
    0x97, 0x44, 0x5f, 0x05, 0x5f, 0x05, 0x5f, 0x05, 0x5f, 0x05, 0x5f, 0x05,
    0x5f, 0x05, 0xf4, 0x2b, 0x2f, 0x3b, 0xed, 0x4a, 0xab, 0x4a, 0x8a, 0x52,
    0x6a, 0x52, 0x69, 0x52, 0x69, 0x52, 0x69, 0x52, 0x69, 0x52, 0x69, 0x52,
    0x69, 0x52, 0x69, 0x52, 0x69, 0x52, 0x69, 0x52, 0x69, 0x52, 0x69, 0x52,
    0x69, 0x52, 0x69, 0x52, 0x69, 0x52, 0x69, 0x52, 0x69, 0x52, 0x69, 0x52,
    0x69, 0x52, 0x69, 0x52, 0x69, 0x52, 0x69, 0x52, 0x69, 0x52, 0x69, 0x52,
    0x69, 0x52, 0x69, 0x52, 0x69, 0x52, 0x69, 0x52, 0x69, 0x52, 0x69, 0x52,
    0x69, 0x52, 0x69, 0x52, 0x69, 0x52, 0x69, 0x52, 0x69, 0x52, 0x69, 0x52,
    0x69, 0x52, 0x69, 0x52, 0x69, 0x52, 0x69, 0x52, 0x69, 0x52, 0x69, 0x52,
    0x69, 0x52, 0x69, 0x52, 0x69, 0x52, 0x69, 0x52, 0x69, 0x52, 0x69, 0x52,
    0x69, 0x52, 0x69, 0x52, 0x69, 0x52, 0x69, 0x52, 0x69, 0x52, 0x69, 0x52,
    0x69, 0x52, 0x69, 0x52, 0x69, 0x52, 0x69, 0x52, 0x69, 0x52, 0x6a, 0x52,
    0x8a, 0x52, 0xab, 0x4a, 0xed, 0x42, 0x50, 0x3b, 0x36, 0x24, 0x5f, 0x05,
    0x5f, 0x05, 0x5f, 0x05, 0x5f, 0x05, 0x5f, 0x05, 0x7f, 0x15, 0x1c, 0x7e,
    0x1b, 0x96, 0x3a, 0xae, 0x3a, 0xbe, 0x59, 0xc6, 0x39, 0xc6, 0x39, 0xc6,
    0x39, 0xc6, 0x39, 0xc6, 0x18, 0xc6, 0x18, 0xbe, 0x18, 0xbe, 0xf8, 0xbd,
    0xf8, 0xbd, 0xf8, 0xbd, 0xd8, 0xbd, 0xd8, 0xb5, 0xd7, 0xb5, 0xd7, 0xb5,
    0xb7, 0xb5, 0xb7, 0xb5, 0xb7, 0xb5, 0x97, 0xb5, 0x97, 0xad, 0x96, 0xad,
    0x76, 0xad, 0x76, 0xad, 0x76, 0xad, 0x76, 0xad, 0x56, 0xa5, 0x56, 0xa5,
    0x55, 0xa5, 0x35, 0xa5, 0x35, 0xa5, 0x35, 0xa5, 0x15, 0x9d, 0x15, 0x9d,
    0x15, 0x9d, 0x15, 0x9d, 0xf4, 0x9c, 0xf4, 0x9c, 0xf4, 0x9c, 0xd4, 0x94,
    0xd4, 0x94, 0xd4, 0x94, 0xb4, 0x94, 0xb3, 0x94, 0xb3, 0x94, 0xb3, 0x8c,
    0x93, 0x8c, 0x93, 0x8c, 0x93, 0x8c, 0x73, 0x8c, 0x72, 0x8c, 0x72, 0x8c,
    0x52, 0x84, 0x52, 0x84, 0x52, 0x84, 0x52, 0x84, 0x32, 0x84, 0x32, 0x84,
    0x11, 0x7c, 0x11, 0x7c, 0x32, 0x7c, 0x32, 0x74, 0x33, 0x64, 0x55, 0x5c,
    0x77, 0x44, 0x3e, 0x0d, 0x5f, 0x05, 0x5f, 0x05, 0x5f, 0x05, 0x5f, 0x05,
    0x5f, 0x05, 0x36, 0x24, 0x50, 0x3b, 0xed, 0x42, 0xab, 0x4a, 0x8a, 0x52,
    0x69, 0x52, 0x69, 0x52, 0x69, 0x52, 0x69, 0x52, 0x69, 0x52, 0x69, 0x52,
    0x69, 0x52, 0x69, 0x52, 0x69, 0x52, 0x69, 0x52, 0x69, 0x52, 0x69, 0x52,
    0x69, 0x52, 0x69, 0x52, 0x69, 0x52, 0x69, 0x52, 0x69, 0x52, 0x69, 0x52,
    0x69, 0x52, 0x69, 0x52, 0x69, 0x52, 0x69, 0x52, 0x69, 0x52, 0x69, 0x52,
    0x69, 0x52, 0x69, 0x52, 0x69, 0x52, 0x69, 0x52, 0x69, 0x52, 0x69, 0x52,
    0x69, 0x52, 0x69, 0x52, 0x69, 0x52, 0x69, 0x52, 0x69, 0x52, 0x69, 0x52,
    0x69, 0x52, 0x69, 0x52, 0x69, 0x52, 0x69, 0x52, 0x69, 0x52, 0x69, 0x52,
    0x69, 0x52, 0x69, 0x52, 0x69, 0x52, 0x69, 0x52, 0x69, 0x52, 0x69, 0x52,
    0x69, 0x52, 0x69, 0x52, 0x69, 0x52, 0x69, 0x52, 0x69, 0x52, 0x69, 0x52,
    0x69, 0x52, 0x69, 0x52, 0x69, 0x52, 0x69, 0x52, 0x69, 0x52, 0x6a, 0x52,
    0x8a, 0x52, 0xab, 0x4a, 0xed, 0x42, 0x50, 0x3b, 0x58, 0x1c, 0x5f, 0x05,
    0x5f, 0x05, 0x5f, 0x05, 0x5f, 0x05, 0x5f, 0x05, 0x7f, 0x1d, 0x1c, 0x7e,
    0x1b, 0x96, 0x3a, 0xae, 0x3a, 0xbe, 0x39, 0xc6, 0x39, 0xc6, 0x39, 0xc6,
    0x39, 0xc6, 0x19, 0xc6, 0x18, 0xbe, 0x18, 0xbe, 0xf8, 0xbd, 0xf8, 0xbd,
    0xf8, 0xbd, 0xf8, 0xbd, 0xd8, 0xbd, 0xd7, 0xb5, 0xd7, 0xb5, 0xb7, 0xb5,
    0xb7, 0xb5, 0xb7, 0xb5, 0x97, 0xb5, 0x97, 0xad, 0x96, 0xad, 0x96, 0xad,
    0x76, 0xad, 0x76, 0xad, 0x76, 0xad, 0x56, 0xad, 0x56, 0xa5, 0x56, 0xa5,
    0x35, 0xa5, 0x35, 0xa5, 0x35, 0xa5, 0x35, 0xa5, 0x15, 0x9d, 0x15, 0x9d,
    0x15, 0x9d, 0xf4, 0x9c, 0xf4, 0x9c, 0xf4, 0x9c, 0xd4, 0x94, 0xd4, 0x94,
    0xd4, 0x94, 0xd4, 0x94, 0xb3, 0x94, 0xb3, 0x94, 0xb3, 0x94, 0x93, 0x8c,
    0x93, 0x8c, 0x93, 0x8c, 0x73, 0x8c, 0x73, 0x8c, 0x72, 0x8c, 0x72, 0x84,
    0x52, 0x84, 0x52, 0x84, 0x52, 0x84, 0x32, 0x84, 0x32, 0x84, 0x31, 0x84,
    0x11, 0x7c, 0x11, 0x7c, 0x12, 0x7c, 0x12, 0x74, 0x33, 0x6c, 0x54, 0x5c,
    0x76, 0x4c, 0x1d, 0x15, 0x5f, 0x05, 0x5f, 0x05, 0x5f, 0x05, 0x5f, 0x05,
    0x5f, 0x05, 0x58, 0x1c, 0x50, 0x3b, 0xed, 0x42, 0xab, 0x4a, 0x8a, 0x52,
    0x6a, 0x52, 0x69, 0x52, 0x69, 0x52, 0x69, 0x52, 0x69, 0x52, 0x69, 0x52,
    0x69, 0x52, 0x69, 0x52, 0x69, 0x52, 0x69, 0x52, 0x69, 0x52, 0x69, 0x52,
    0x69, 0x52, 0x69, 0x52, 0x69, 0x52, 0x69, 0x52, 0x69, 0x52, 0x69, 0x52,
    0x69, 0x52, 0x69, 0x52, 0x69, 0x52, 0x69, 0x52, 0x69, 0x52, 0x69, 0x52,
    0x69, 0x52, 0x69, 0x52, 0x69, 0x52, 0x69, 0x52, 0x69, 0x52, 0x69, 0x52,
    0x69, 0x52, 0x69, 0x52, 0x69, 0x52, 0x69, 0x52, 0x69, 0x52, 0x69, 0x52,
    0x69, 0x52, 0x69, 0x52, 0x69, 0x52, 0x69, 0x52, 0x69, 0x52, 0x69, 0x52,
    0x69, 0x52, 0x69, 0x52, 0x69, 0x52, 0x69, 0x52, 0x69, 0x52, 0x69, 0x52,
    0x69, 0x52, 0x69, 0x52, 0x69, 0x52, 0x69, 0x52, 0x69, 0x52, 0x69, 0x52,
    0x69, 0x52, 0x69, 0x52, 0x69, 0x52, 0x69, 0x52, 0x69, 0x52, 0x6a, 0x52,
    0x8a, 0x52, 0xab, 0x4a, 0xed, 0x42, 0x50, 0x3b, 0x79, 0x1c, 0x5f, 0x05,
    0x5f, 0x05, 0x5f, 0x05, 0x5f, 0x05, 0x5f, 0x05, 0x9e, 0x2d, 0xfc, 0x7d,
    0x1b, 0x9e, 0x3a, 0xae, 0x39, 0xbe, 0x39, 0xbe, 0x39, 0xc6, 0x19, 0xc6,
    0x18, 0xc6, 0x18, 0xbe, 0x18, 0xbe, 0xf8, 0xbd, 0xf8, 0xbd, 0xf8, 0xbd,
    0xd8, 0xbd, 0xd8, 0xb5, 0xd7, 0xb5, 0xd7, 0xb5, 0xb7, 0xb5, 0xb7, 0xb5,
    0xb7, 0xb5, 0x97, 0xb5, 0x97, 0xad, 0x96, 0xad, 0x76, 0xad, 0x76, 0xad,
    0x76, 0xad, 0x76, 0xad, 0x56, 0xa5, 0x56, 0xa5, 0x55, 0xa5, 0x35, 0xa5,
    0x35, 0xa5, 0x35, 0xa5, 0x15, 0x9d, 0x15, 0x9d, 0x15, 0x9d, 0x15, 0x9d,
    0xf4, 0x9c, 0xf4, 0x9c, 0xf4, 0x9c, 0xd4, 0x94, 0xd4, 0x94, 0xd4, 0x94,
    0xb4, 0x94, 0xb3, 0x94, 0xb3, 0x94, 0xb3, 0x8c, 0x93, 0x8c, 0x93, 0x8c,
    0x93, 0x8c, 0x73, 0x8c, 0x72, 0x8c, 0x72, 0x8c, 0x52, 0x84, 0x52, 0x84,
    0x52, 0x84, 0x52, 0x84, 0x32, 0x84, 0x32, 0x84, 0x31, 0x7c, 0x11, 0x7c,
    0x11, 0x7c, 0x11, 0x7c, 0x11, 0x74, 0x12, 0x74, 0x13, 0x64, 0x34, 0x5c,
    0x76, 0x4c, 0xfc, 0x14, 0x5f, 0x05, 0x5f, 0x05, 0x5f, 0x05, 0x5f, 0x05,
    0x5f, 0x05, 0x79, 0x1c, 0x50, 0x3b, 0xed, 0x42, 0xab, 0x4a, 0x8a, 0x52,
    0x6a, 0x52, 0x69, 0x52, 0x69, 0x52, 0x69, 0x52, 0x69, 0x52, 0x69, 0x52,
    0x69, 0x52, 0x69, 0x52, 0x69, 0x52, 0x69, 0x52, 0x69, 0x52, 0x69, 0x52,
    0x69, 0x52, 0x69, 0x52, 0x69, 0x52, 0x69, 0x52, 0x69, 0x52, 0x69, 0x52,
    0x69, 0x52, 0x69, 0x52, 0x69, 0x52, 0x69, 0x52, 0x69, 0x52, 0x69, 0x52,
    0x69, 0x52, 0x69, 0x52, 0x69, 0x52, 0x69, 0x52, 0x69, 0x52, 0x69, 0x52,
    0x69, 0x52, 0x69, 0x52, 0x69, 0x52, 0x69, 0x52, 0x69, 0x52, 0x69, 0x52,
    0x69, 0x52, 0x69, 0x52, 0x69, 0x52, 0x69, 0x52, 0x69, 0x52, 0x69, 0x52,
    0x69, 0x52, 0x69, 0x52, 0x69, 0x52, 0x69, 0x52, 0x69, 0x52, 0x69, 0x52,
    0x69, 0x52, 0x69, 0x52, 0x69, 0x52, 0x69, 0x52, 0x69, 0x52, 0x69, 0x52,
    0x69, 0x52, 0x69, 0x52, 0x69, 0x52, 0x69, 0x52, 0x69, 0x52, 0x6a, 0x52,
    0x8a, 0x52, 0xac, 0x4a, 0xee, 0x42, 0x50, 0x3b, 0x99, 0x1c, 0x5f, 0x05,
    0x5f, 0x05, 0x5f, 0x05, 0x5f, 0x05, 0x5f, 0x05, 0x9e, 0x2d, 0xfc, 0x85,
    0x1b, 0x9e, 0x3a, 0xae, 0x39, 0xbe, 0x39, 0xbe, 0x39, 0xc6, 0x19, 0xc6,
    0x18, 0xbe, 0x18, 0xbe, 0xf8, 0xbd, 0xf8, 0xbd, 0xf8, 0xbd, 0xf8, 0xbd,
    0xd8, 0xbd, 0xd7, 0xb5, 0xd7, 0xb5, 0xb7, 0xb5, 0xb7, 0xb5, 0xb7, 0xb5,
    0x97, 0xb5, 0x97, 0xad, 0x96, 0xad, 0x96, 0xad, 0x76, 0xad, 0x76, 0xad,
    0x76, 0xad, 0x56, 0xad, 0x56, 0xa5, 0x56, 0xa5, 0x35, 0xa5, 0x35, 0xa5,
    0x35, 0xa5, 0x35, 0xa5, 0x15, 0x9d, 0x15, 0x9d, 0x15, 0x9d, 0xf4, 0x9c,
    0xf4, 0x9c, 0xf4, 0x9c, 0xd4, 0x94, 0xd4, 0x94, 0xd4, 0x94, 0xd4, 0x94,
    0xb3, 0x94, 0xb3, 0x94, 0xb3, 0x94, 0x93, 0x8c, 0x93, 0x8c, 0x93, 0x8c,
    0x73, 0x8c, 0x73, 0x8c, 0x72, 0x8c, 0x72, 0x84, 0x52, 0x84, 0x52, 0x84,
    0x52, 0x84, 0x32, 0x84, 0x32, 0x84, 0x31, 0x7c, 0x11, 0x7c, 0x11, 0x7c,
    0x11, 0x7c, 0x11, 0x7c, 0xf1, 0x73, 0xf2, 0x73, 0x12, 0x64, 0x34, 0x5c,
    0x56, 0x4c, 0xfc, 0x1c, 0x5f, 0x05, 0x5f, 0x05, 0x5f, 0x05, 0x5f, 0x05,
    0x5f, 0x05, 0x99, 0x1c, 0x50, 0x3b, 0xee, 0x42, 0xac, 0x4a, 0x8a, 0x52,
    0x6a, 0x52, 0x69, 0x52, 0x69, 0x52, 0x69, 0x52, 0x69, 0x52, 0x69, 0x52,
    0x69, 0x52, 0x69, 0x52, 0x69, 0x52, 0x69, 0x52, 0x69, 0x52, 0x69, 0x52,
    0x69, 0x52, 0x69, 0x52, 0x69, 0x52, 0x69, 0x52, 0x69, 0x52, 0x69, 0x52,
    0x69, 0x52, 0x69, 0x52, 0x69, 0x52, 0x69, 0x52, 0x69, 0x52, 0x69, 0x52,
    0x69, 0x52, 0x69, 0x52, 0x69, 0x52, 0x69, 0x52, 0x69, 0x52, 0x69, 0x52,
    0x49, 0x52, 0x69, 0x52, 0x49, 0x52, 0x69, 0x52, 0x49, 0x52, 0x69, 0x52,
    0x49, 0x52, 0x69, 0x52, 0x49, 0x52, 0x69, 0x52, 0x49, 0x52, 0x69, 0x52,
    0x49, 0x52, 0x69, 0x52, 0x49, 0x52, 0x69, 0x52, 0x49, 0x52, 0x69, 0x52,
    0x49, 0x52, 0x69, 0x52, 0x49, 0x52, 0x69, 0x52, 0x49, 0x52, 0x69, 0x52,
    0x49, 0x52, 0x69, 0x52, 0x49, 0x52, 0x69, 0x52, 0x69, 0x52, 0x6a, 0x52,
    0x8a, 0x52, 0xac, 0x4a, 0xee, 0x42, 0x51, 0x3b, 0x9a, 0x14, 0x5f, 0x05,
    0x5f, 0x05, 0x5f, 0x05, 0x5f, 0x05, 0x5f, 0x05, 0x9e, 0x35, 0xfb, 0x7d,
    0x1b, 0x9e, 0x1a, 0xae, 0x19, 0xb6, 0x19, 0xbe, 0x18, 0xbe, 0x18, 0xbe,
    0x18, 0xbe, 0xf8, 0xbd, 0xf8, 0xbd, 0xf8, 0xbd, 0xd8, 0xbd, 0xd8, 0xb5,
    0xd7, 0xb5, 0xd7, 0xb5, 0xb7, 0xb5, 0xb7, 0xb5, 0xb7, 0xb5, 0x97, 0xb5,
    0x97, 0xad, 0x96, 0xad, 0x76, 0xad, 0x76, 0xad, 0x76, 0xad, 0x76, 0xad,
    0x56, 0xa5, 0x56, 0xa5, 0x55, 0xa5, 0x35, 0xa5, 0x35, 0xa5, 0x35, 0xa5,
    0x15, 0x9d, 0x15, 0x9d, 0x15, 0x9d, 0x15, 0x9d, 0xf4, 0x9c, 0xf4, 0x9c,
    0xf4, 0x9c, 0xd4, 0x94, 0xd4, 0x94, 0xd4, 0x94, 0xb4, 0x94, 0xb3, 0x94,
    0xb3, 0x94, 0xb3, 0x8c, 0x93, 0x8c, 0x93, 0x8c, 0x93, 0x8c, 0x73, 0x8c,
    0x72, 0x8c, 0x72, 0x8c, 0x52, 0x84, 0x52, 0x84, 0x52, 0x84, 0x52, 0x84,
    0x32, 0x84, 0x32, 0x84, 0x31, 0x7c, 0x11, 0x7c, 0x11, 0x7c, 0x11, 0x7c,
    0xf1, 0x7b, 0xf1, 0x7b, 0xf1, 0x73, 0xf1, 0x6b, 0x12, 0x64, 0x34, 0x5c,
    0x56, 0x4c, 0xfc, 0x1c, 0x5f, 0x05, 0x5f, 0x05, 0x5f, 0x05, 0x5f, 0x05,
    0x5f, 0x05, 0x9a, 0x14, 0x50, 0x3b, 0xee, 0x42, 0xab, 0x4a, 0x8a, 0x52,
    0x69, 0x52, 0x69, 0x52, 0x49, 0x52, 0x69, 0x52, 0x49, 0x52, 0x69, 0x52,
    0x49, 0x52, 0x69, 0x52, 0x49, 0x52, 0x69, 0x52, 0x49, 0x52, 0x69, 0x52,
    0x49, 0x52, 0x69, 0x52, 0x49, 0x52, 0x69, 0x52, 0x49, 0x52, 0x69, 0x52,
    0x49, 0x52, 0x69, 0x52, 0x49, 0x52, 0x69, 0x52, 0x49, 0x52, 0x69, 0x52,
    0x49, 0x52, 0x69, 0x52, 0x49, 0x52, 0x69, 0x52, 0x49, 0x52, 0x69, 0x52,
    0x49, 0x52, 0x69, 0x52, 0x69, 0x52, 0x69, 0x52, 0x69, 0x52, 0x69, 0x52,
    0x69, 0x52, 0x69, 0x52, 0x49, 0x52, 0x69, 0x52, 0x69, 0x52, 0x69, 0x52,
    0x69, 0x52, 0x69, 0x52, 0x69, 0x52, 0x69, 0x52, 0x49, 0x52, 0x69, 0x52,
    0x69, 0x52, 0x69, 0x52, 0x69, 0x52, 0x69, 0x52, 0x69, 0x52, 0x69, 0x52,
    0x49, 0x52, 0x69, 0x52, 0x69, 0x52, 0x69, 0x52, 0x69, 0x52, 0x6a, 0x52,
    0x8a, 0x52, 0xac, 0x4a, 0xee, 0x42, 0x51, 0x3b, 0x9a, 0x14, 0x5f, 0x05,
    0x5f, 0x05, 0x5f, 0x05, 0x5f, 0x05, 0x5f, 0x05, 0x9e, 0x35, 0xfb, 0x7d,
    0x1a, 0x96, 0x1a, 0xae, 0x19, 0xb6, 0x19, 0xbe, 0x18, 0xbe, 0x18, 0xbe,
    0xf8, 0xbd, 0xf8, 0xbd, 0xf8, 0xbd, 0xf8, 0xbd, 0xd8, 0xbd, 0xd7, 0xb5,
    0xd7, 0xb5, 0xb7, 0xb5, 0xb7, 0xb5, 0xb7, 0xb5, 0x97, 0xb5, 0x97, 0xad,
    0x96, 0xad, 0x96, 0xad, 0x76, 0xad, 0x76, 0xad, 0x76, 0xad, 0x56, 0xad,
    0x56, 0xa5, 0x56, 0xa5, 0x35, 0xa5, 0x35, 0xa5, 0x35, 0xa5, 0x35, 0xa5,
    0x15, 0x9d, 0x15, 0x9d, 0x15, 0x9d, 0xf4, 0x9c, 0xf4, 0x9c, 0xf4, 0x9c,
    0xd4, 0x94, 0xd4, 0x94, 0xd4, 0x94, 0xd4, 0x94, 0xb3, 0x94, 0xb3, 0x94,
    0xb3, 0x94, 0x93, 0x8c, 0x93, 0x8c, 0x93, 0x8c, 0x73, 0x8c, 0x73, 0x8c,
    0x72, 0x8c, 0x72, 0x84, 0x52, 0x84, 0x52, 0x84, 0x52, 0x84, 0x32, 0x84,
    0x32, 0x84, 0x31, 0x84, 0x11, 0x7c, 0x11, 0x7c, 0x11, 0x7c, 0x11, 0x7c,
    0xf1, 0x7b, 0xf1, 0x73, 0xf1, 0x73, 0xf1, 0x6b, 0x12, 0x64, 0x34, 0x5c,
    0x55, 0x4c, 0xfc, 0x1c, 0x5f, 0x05, 0x5f, 0x05, 0x5f, 0x05, 0x5f, 0x05,
    0x5f, 0x05, 0x9a, 0x14, 0x51, 0x3b, 0xee, 0x42, 0xac, 0x4a, 0x8a, 0x52,
    0x69, 0x52, 0x69, 0x52, 0x69, 0x52, 0x69, 0x52, 0x69, 0x52, 0x69, 0x52,
    0x69, 0x52, 0x69, 0x52, 0x49, 0x52, 0x69, 0x52, 0x69, 0x52, 0x69, 0x52,
    0x69, 0x52, 0x69, 0x52, 0x69, 0x52, 0x69, 0x52, 0x49, 0x52, 0x69, 0x52,
    0x69, 0x52, 0x69, 0x52, 0x69, 0x52, 0x69, 0x52, 0x69, 0x52, 0x69, 0x52,
    0x49, 0x52, 0x69, 0x52, 0x69, 0x52, 0x69, 0x52, 0x69, 0x52, 0x69, 0x52,
    0x49, 0x52, 0x49, 0x52, 0x49, 0x52, 0x49, 0x52, 0x49, 0x52, 0x49, 0x52,
    0x49, 0x52, 0x49, 0x52, 0x49, 0x52, 0x49, 0x52, 0x49, 0x52, 0x49, 0x52,
    0x49, 0x52, 0x49, 0x52, 0x49, 0x52, 0x49, 0x52, 0x49, 0x52, 0x49, 0x52,
    0x49, 0x52, 0x49, 0x52, 0x49, 0x52, 0x49, 0x52, 0x49, 0x52, 0x49, 0x52,
    0x49, 0x52, 0x49, 0x52, 0x49, 0x52, 0x49, 0x52, 0x69, 0x52, 0x69, 0x52,
    0x8a, 0x52, 0xab, 0x4a, 0xee, 0x42, 0x50, 0x3b, 0x99, 0x1c, 0x5f, 0x05,
    0x5f, 0x05, 0x5f, 0x05, 0x5f, 0x05, 0x5f, 0x05, 0x9e, 0x2d, 0xfb, 0x7d,
    0xfa, 0x95, 0x1a, 0xae, 0x19, 0xb6, 0x19, 0xbe, 0x18, 0xbe, 0xf8, 0xbd,
    0xf8, 0xbd, 0xf8, 0xbd, 0xd8, 0xbd, 0xd8, 0xb5, 0xd7, 0xb5, 0xd7, 0xb5,
    0xb7, 0xb5, 0xb7, 0xb5, 0xb7, 0xb5, 0x97, 0xb5, 0x97, 0xad, 0x96, 0xad,
    0x76, 0xad, 0x76, 0xad, 0x76, 0xad, 0x76, 0xad, 0x56, 0xa5, 0x56, 0xa5,
    0x55, 0xa5, 0x35, 0xa5, 0x35, 0xa5, 0x35, 0xa5, 0x15, 0x9d, 0x15, 0x9d,
    0x15, 0x9d, 0x15, 0x9d, 0xf4, 0x9c, 0xf4, 0x9c, 0xf4, 0x9c, 0xd4, 0x94,
    0xd4, 0x94, 0xd4, 0x94, 0xb4, 0x94, 0xb3, 0x94, 0xb3, 0x94, 0xb3, 0x8c,
    0x93, 0x8c, 0x93, 0x8c, 0x93, 0x8c, 0x73, 0x8c, 0x72, 0x8c, 0x72, 0x8c,
    0x52, 0x84, 0x52, 0x84, 0x52, 0x84, 0x52, 0x84, 0x32, 0x84, 0x32, 0x84,
    0x31, 0x7c, 0x11, 0x7c, 0x11, 0x7c, 0x11, 0x7c, 0xf1, 0x7b, 0xf1, 0x7b,
    0xf1, 0x73, 0xf1, 0x73, 0xd1, 0x73, 0xf1, 0x6b, 0xf2, 0x63, 0x13, 0x54,
    0x55, 0x4c, 0xfc, 0x1c, 0x5f, 0x05, 0x5f, 0x05, 0x5f, 0x05, 0x5f, 0x05,
    0x5f, 0x05, 0x99, 0x1c, 0x50, 0x3b, 0xee, 0x42, 0xab, 0x4a, 0x8a, 0x52,
    0x69, 0x52, 0x69, 0x52, 0x49, 0x52, 0x49, 0x52, 0x49, 0x52, 0x49, 0x52,
    0x49, 0x52, 0x49, 0x52, 0x49, 0x52, 0x49, 0x52, 0x49, 0x52, 0x49, 0x52,
    0x49, 0x52, 0x49, 0x52, 0x49, 0x52, 0x49, 0x52, 0x49, 0x52, 0x49, 0x52,
    0x49, 0x52, 0x49, 0x52, 0x49, 0x52, 0x49, 0x52, 0x49, 0x52, 0x49, 0x52,
    0x49, 0x52, 0x49, 0x52, 0x49, 0x52, 0x49, 0x52, 0x49, 0x52, 0x49, 0x52,
    0x49, 0x52, 0x49, 0x52, 0x49, 0x52, 0x49, 0x52, 0x49, 0x52, 0x49, 0x52,
    0x49, 0x52, 0x49, 0x52, 0x49, 0x52, 0x49, 0x52, 0x49, 0x52, 0x49, 0x52,
    0x49, 0x52, 0x49, 0x52, 0x49, 0x52, 0x49, 0x52, 0x49, 0x52, 0x49, 0x52,
    0x49, 0x52, 0x49, 0x52, 0x49, 0x52, 0x49, 0x52, 0x49, 0x52, 0x49, 0x52,
    0x49, 0x52, 0x49, 0x52, 0x49, 0x52, 0x49, 0x52, 0x69, 0x52, 0x69, 0x52,
    0x8a, 0x52, 0xab, 0x4a, 0xed, 0x42, 0x50, 0x3b, 0x79, 0x1c, 0x5f, 0x05,
    0x5f, 0x05, 0x5f, 0x05, 0x5f, 0x05, 0x5f, 0x05, 0x7e, 0x25, 0xdb, 0x7d,
    0xfa, 0x95, 0x19, 0xa6, 0x19, 0xb6, 0x19, 0xbe, 0xf8, 0xbd, 0xf8, 0xbd,
    0xf8, 0xbd, 0xf8, 0xbd, 0xd8, 0xbd, 0xd7, 0xb5, 0xd7, 0xb5, 0xb7, 0xb5,
    0xb7, 0xb5, 0xb7, 0xb5, 0x97, 0xb5, 0x97, 0xad, 0x96, 0xad, 0x96, 0xad,
    0x76, 0xad, 0x76, 0xad, 0x76, 0xad, 0x56, 0xad, 0x56, 0xa5, 0x56, 0xa5,
    0x35, 0xa5, 0x35, 0xa5, 0x35, 0xa5, 0x35, 0xa5, 0x15, 0x9d, 0x15, 0x9d,
    0x15, 0x9d, 0xf4, 0x9c, 0xf4, 0x9c, 0xf4, 0x9c, 0xd4, 0x94, 0xd4, 0x94,
    0xd4, 0x94, 0xd4, 0x94, 0xb3, 0x94, 0xb3, 0x94, 0xb3, 0x94, 0x93, 0x8c,
    0x93, 0x8c, 0x93, 0x8c, 0x73, 0x8c, 0x73, 0x8c, 0x72, 0x8c, 0x72, 0x84,
    0x52, 0x84, 0x52, 0x84, 0x52, 0x84, 0x32, 0x84, 0x32, 0x84, 0x31, 0x84,
    0x11, 0x7c, 0x11, 0x7c, 0x11, 0x7c, 0x11, 0x7c, 0xf1, 0x7b, 0xf1, 0x7b,
    0xf0, 0x73, 0xd0, 0x73, 0xd1, 0x73, 0xf1, 0x6b, 0xf2, 0x63, 0x13, 0x54,
    0x55, 0x44, 0xfc, 0x14, 0x5f, 0x05, 0x5f, 0x05, 0x5f, 0x05, 0x5f, 0x05,
    0x5f, 0x05, 0x79, 0x1c, 0x50, 0x3b, 0xed, 0x42, 0xab, 0x4a, 0x8a, 0x52,
    0x69, 0x52, 0x69, 0x52, 0x49, 0x52, 0x49, 0x52, 0x49, 0x52, 0x49, 0x52,
    0x49, 0x52, 0x49, 0x52, 0x49, 0x52, 0x49, 0x52, 0x49, 0x52, 0x49, 0x52,
    0x49, 0x52, 0x49, 0x52, 0x49, 0x52, 0x49, 0x52, 0x49, 0x52, 0x49, 0x52,
    0x49, 0x52, 0x49, 0x52, 0x49, 0x52, 0x49, 0x52, 0x49, 0x52, 0x49, 0x52,
    0x49, 0x52, 0x49, 0x52, 0x49, 0x52, 0x49, 0x52, 0x49, 0x52, 0x49, 0x52,
    0x49, 0x52, 0x49, 0x52, 0x49, 0x52, 0x49, 0x52, 0x49, 0x52, 0x49, 0x52,
    0x49, 0x52, 0x49, 0x52, 0x49, 0x52, 0x49, 0x52, 0x49, 0x52, 0x49, 0x52,
    0x49, 0x52, 0x49, 0x52, 0x49, 0x52, 0x49, 0x52, 0x49, 0x52, 0x49, 0x52,
    0x49, 0x52, 0x49, 0x52, 0x49, 0x52, 0x49, 0x52, 0x49, 0x52, 0x49, 0x52,
    0x49, 0x52, 0x49, 0x52, 0x49, 0x52, 0x49, 0x52, 0x49, 0x52, 0x69, 0x52,
    0x6a, 0x52, 0xab, 0x4a, 0xed, 0x42, 0x50, 0x3b, 0x57, 0x1c, 0x5f, 0x05,
    0x5f, 0x05, 0x5f, 0x05, 0x5f, 0x05, 0x5f, 0x05, 0x7e, 0x1d, 0xdb, 0x75,
    0xfa, 0x95, 0xf9, 0xa5, 0xf9, 0xb5, 0xf8, 0xb5, 0xf8, 0xbd, 0xf8, 0xbd,
    0xd8, 0xbd, 0xd8, 0xb5, 0xd7, 0xb5, 0xd7, 0xb5, 0xb7, 0xb5, 0xb7, 0xb5,
    0xb7, 0xb5, 0x97, 0xb5, 0x97, 0xad, 0x96, 0xad, 0x76, 0xad, 0x76, 0xad,
    0x76, 0xad, 0x76, 0xad, 0x56, 0xa5, 0x56, 0xa5, 0x55, 0xa5, 0x35, 0xa5,
    0x35, 0xa5, 0x35, 0xa5, 0x15, 0x9d, 0x15, 0x9d, 0x15, 0x9d, 0x15, 0x9d,
    0xf4, 0x9c, 0xf4, 0x9c, 0xf4, 0x9c, 0xd4, 0x94, 0xd4, 0x94, 0xd4, 0x94,
    0xb4, 0x94, 0xb3, 0x94, 0xb3, 0x94, 0xb3, 0x8c, 0x93, 0x8c, 0x93, 0x8c,
    0x93, 0x8c, 0x73, 0x8c, 0x72, 0x8c, 0x72, 0x8c, 0x52, 0x84, 0x52, 0x84,
    0x52, 0x84, 0x52, 0x84, 0x32, 0x84, 0x32, 0x84, 0x31, 0x7c, 0x11, 0x7c,
    0x11, 0x7c, 0x11, 0x7c, 0xf1, 0x7b, 0xf1, 0x7b, 0xf1, 0x73, 0xf0, 0x73,
    0xd0, 0x73, 0xd0, 0x73, 0xd1, 0x6b, 0xd1, 0x6b, 0xf2, 0x63, 0x14, 0x54,
    0x56, 0x44, 0x1d, 0x15, 0x5f, 0x05, 0x5f, 0x05, 0x5f, 0x05, 0x5f, 0x05,
    0x5f, 0x05, 0x57, 0x1c, 0x50, 0x3b, 0xed, 0x42, 0xab, 0x4a, 0x8a, 0x52,
    0x69, 0x52, 0x49, 0x52, 0x49, 0x52, 0x49, 0x52, 0x49, 0x52, 0x49, 0x52,
    0x49, 0x52, 0x49, 0x52, 0x49, 0x52, 0x49, 0x52, 0x49, 0x52, 0x49, 0x52,
    0x49, 0x52, 0x49, 0x52, 0x49, 0x52, 0x49, 0x52, 0x49, 0x52, 0x49, 0x52,
    0x49, 0x52, 0x49, 0x52, 0x49, 0x52, 0x49, 0x52, 0x49, 0x52, 0x49, 0x52,
    0x49, 0x52, 0x49, 0x52, 0x49, 0x52, 0x49, 0x52, 0x49, 0x52, 0x49, 0x52,
    0x49, 0x52, 0x49, 0x52, 0x49, 0x52, 0x49, 0x52, 0x49, 0x52, 0x49, 0x52,
    0x49, 0x52, 0x49, 0x52, 0x49, 0x52, 0x49, 0x52, 0x49, 0x52, 0x49, 0x52,
    0x49, 0x52, 0x49, 0x52, 0x49, 0x52, 0x49, 0x52, 0x49, 0x52, 0x49, 0x52,
    0x49, 0x52, 0x49, 0x52, 0x49, 0x52, 0x49, 0x52, 0x49, 0x52, 0x49, 0x52,
    0x49, 0x52, 0x49, 0x52, 0x49, 0x52, 0x49, 0x52, 0x49, 0x52, 0x69, 0x52,
    0x6a, 0x52, 0xab, 0x4a, 0xed, 0x42, 0x50, 0x3b, 0x16, 0x24, 0x5f, 0x05,
    0x5f, 0x05, 0x5f, 0x05, 0x5f, 0x05, 0x5f, 0x05, 0x7f, 0x15, 0xdb, 0x75,
    0xfa, 0x8d, 0xf9, 0xa5, 0xf9, 0xad, 0xf8, 0xb5, 0xf8, 0xbd, 0xd8, 0xbd,
    0xd8, 0xbd, 0xd7, 0xb5, 0xd7, 0xb5, 0xb7, 0xb5, 0xb7, 0xb5, 0xb7, 0xb5,
    0x97, 0xb5, 0x97, 0xad, 0x96, 0xad, 0x96, 0xad, 0x76, 0xad, 0x76, 0xad,
    0x76, 0xad, 0x56, 0xad, 0x56, 0xa5, 0x56, 0xa5, 0x35, 0xa5, 0x35, 0xa5,
    0x35, 0xa5, 0x35, 0xa5, 0x15, 0x9d, 0x15, 0x9d, 0x15, 0x9d, 0xf4, 0x9c,
    0xf4, 0x9c, 0xf4, 0x9c, 0xd4, 0x94, 0xd4, 0x94, 0xd4, 0x94, 0xd4, 0x94,
    0xb3, 0x94, 0xb3, 0x94, 0xb3, 0x94, 0x93, 0x8c, 0x93, 0x8c, 0x93, 0x8c,
    0x73, 0x8c, 0x73, 0x8c, 0x72, 0x8c, 0x72, 0x84, 0x52, 0x84, 0x52, 0x84,
    0x52, 0x84, 0x32, 0x84, 0x32, 0x84, 0x31, 0x84, 0x11, 0x7c, 0x11, 0x7c,
    0x11, 0x7c, 0x11, 0x7c, 0xf1, 0x7b, 0xf1, 0x7b, 0xf0, 0x73, 0xd0, 0x73,
    0xd0, 0x73, 0xd0, 0x73, 0xd0, 0x6b, 0xd1, 0x6b, 0xf2, 0x5b, 0x14, 0x54,
    0x56, 0x44, 0x3e, 0x0d, 0x5f, 0x05, 0x5f, 0x05, 0x5f, 0x05, 0x5f, 0x05,
    0x5f, 0x05, 0x16, 0x24, 0x30, 0x3b, 0xed, 0x42, 0xab, 0x4a, 0x6a, 0x52,
    0x69, 0x52, 0x69, 0x52, 0x49, 0x52, 0x49, 0x52, 0x49, 0x52, 0x49, 0x52,
    0x49, 0x52, 0x49, 0x52, 0x49, 0x52, 0x49, 0x52, 0x49, 0x52, 0x49, 0x52,
    0x49, 0x52, 0x49, 0x52, 0x49, 0x52, 0x49, 0x52, 0x49, 0x52, 0x49, 0x52,
    0x49, 0x52, 0x49, 0x52, 0x49, 0x52, 0x49, 0x52, 0x49, 0x52, 0x49, 0x52,
    0x49, 0x52, 0x49, 0x52, 0x49, 0x52, 0x49, 0x52, 0x49, 0x52, 0x49, 0x52,
    0x49, 0x52, 0x49, 0x52, 0x49, 0x52, 0x49, 0x52, 0x49, 0x52, 0x49, 0x52,
    0x49, 0x52, 0x49, 0x52, 0x49, 0x52, 0x49, 0x52, 0x49, 0x52, 0x49, 0x52,
    0x49, 0x52, 0x49, 0x52, 0x49, 0x52, 0x49, 0x52, 0x49, 0x52, 0x49, 0x52,
    0x49, 0x52, 0x49, 0x52, 0x49, 0x52, 0x49, 0x52, 0x49, 0x52, 0x49, 0x52,
    0x49, 0x52, 0x49, 0x52, 0x49, 0x52, 0x49, 0x52, 0x49, 0x52, 0x69, 0x52,
    0x6a, 0x52, 0x8b, 0x4a, 0xcd, 0x42, 0x2f, 0x3b, 0xd4, 0x2b, 0x5f, 0x05,
    0x5f, 0x05, 0x5f, 0x05, 0x5f, 0x05, 0x5f, 0x05, 0x5f, 0x05, 0xdb, 0x6d,
    0xda, 0x8d, 0xd9, 0x9d, 0xf9, 0xad, 0xf8, 0xb5, 0xd8, 0xb5, 0xd8, 0xb5,
    0xd7, 0xb5, 0xd7, 0xb5, 0xb7, 0xb5, 0xb7, 0xb5, 0xb7, 0xb5, 0x97, 0xb5,
    0x97, 0xad, 0x96, 0xad, 0x76, 0xad, 0x76, 0xad, 0x76, 0xad, 0x76, 0xad,
    0x56, 0xa5, 0x56, 0xa5, 0x55, 0xa5, 0x35, 0xa5, 0x35, 0xa5, 0x35, 0xa5,
    0x15, 0x9d, 0x15, 0x9d, 0x15, 0x9d, 0x15, 0x9d, 0xf4, 0x9c, 0xf4, 0x9c,
    0xf4, 0x9c, 0xd4, 0x94, 0xd4, 0x94, 0xd4, 0x94, 0xb4, 0x94, 0xb3, 0x94,
    0xb3, 0x94, 0xb3, 0x8c, 0x93, 0x8c, 0x93, 0x8c, 0x93, 0x8c, 0x73, 0x8c,
    0x72, 0x8c, 0x72, 0x8c, 0x52, 0x84, 0x52, 0x84, 0x52, 0x84, 0x52, 0x84,
    0x32, 0x84, 0x32, 0x84, 0x31, 0x7c, 0x11, 0x7c, 0x11, 0x7c, 0x11, 0x7c,
    0xf1, 0x7b, 0xf1, 0x7b, 0xf1, 0x73, 0xf0, 0x73, 0xd0, 0x73, 0xd0, 0x73,
    0xd0, 0x73, 0xd0, 0x6b, 0xd0, 0x6b, 0xd1, 0x63, 0xf2, 0x5b, 0x14, 0x4c,
    0x56, 0x3c, 0x5f, 0x05, 0x5f, 0x05, 0x5f, 0x05, 0x5f, 0x05, 0x5f, 0x05,
    0x5f, 0x05, 0xd4, 0x2b, 0x2f, 0x3b, 0xcd, 0x42, 0x8b, 0x4a, 0x6a, 0x52,
    0x69, 0x52, 0x49, 0x52, 0x49, 0x52, 0x49, 0x52, 0x49, 0x52, 0x49, 0x52,
    0x49, 0x52, 0x49, 0x52, 0x49, 0x52, 0x49, 0x52, 0x49, 0x52, 0x49, 0x52,
    0x49, 0x52, 0x49, 0x52, 0x49, 0x52, 0x49, 0x52, 0x49, 0x52, 0x49, 0x52,
    0x49, 0x52, 0x49, 0x52, 0x49, 0x52, 0x49, 0x52, 0x49, 0x52, 0x49, 0x52,
    0x49, 0x52, 0x49, 0x52, 0x49, 0x52, 0x49, 0x52, 0x49, 0x52, 0x49, 0x52,
    0x49, 0x52, 0x49, 0x52, 0x49, 0x52, 0x49, 0x52, 0x49, 0x52, 0x49, 0x52,
    0x49, 0x52, 0x49, 0x52, 0x49, 0x52, 0x49, 0x52, 0x49, 0x52, 0x49, 0x52,
    0x49, 0x52, 0x49, 0x52, 0x49, 0x52, 0x49, 0x52, 0x49, 0x52, 0x49, 0x52,
    0x49, 0x52, 0x49, 0x52, 0x49, 0x52, 0x49, 0x52, 0x49, 0x52, 0x49, 0x52,
    0x49, 0x52, 0x49, 0x52, 0x49, 0x52, 0x49, 0x52, 0x49, 0x52, 0x49, 0x52,
    0x6a, 0x52, 0x8b, 0x4a, 0xcc, 0x42, 0x0f, 0x3b, 0x92, 0x33, 0x5f, 0x05,
    0x5f, 0x05, 0x5f, 0x05, 0x5f, 0x05, 0x5f, 0x05, 0x5f, 0x05, 0xbc, 0x5d,
    0xda, 0x85, 0xd9, 0x9d, 0xd9, 0xa5, 0xd8, 0xb5, 0xd8, 0xb5, 0xd8, 0xb5,
    0xd7, 0xb5, 0xb7, 0xb5, 0xb7, 0xb5, 0xb7, 0xb5, 0x97, 0xb5, 0x97, 0xad,
    0x96, 0xad, 0x96, 0xad, 0x76, 0xad, 0x76, 0xad, 0x76, 0xad, 0x56, 0xad,
    0x56, 0xa5, 0x56, 0xa5, 0x35, 0xa5, 0x35, 0xa5, 0x35, 0xa5, 0x35, 0xa5,
    0x15, 0x9d, 0x15, 0x9d, 0x15, 0x9d, 0xf4, 0x9c, 0xf4, 0x9c, 0xf4, 0x9c,
    0xd4, 0x94, 0xd4, 0x94, 0xd4, 0x94, 0xd4, 0x94, 0xb3, 0x94, 0xb3, 0x94,
    0xb3, 0x94, 0x93, 0x8c, 0x93, 0x8c, 0x93, 0x8c, 0x73, 0x8c, 0x73, 0x8c,
    0x72, 0x8c, 0x72, 0x84, 0x52, 0x84, 0x52, 0x84, 0x52, 0x84, 0x32, 0x84,
    0x32, 0x84, 0x31, 0x7c, 0x11, 0x7c, 0x11, 0x7c, 0x11, 0x7c, 0x11, 0x7c,
    0xf1, 0x7b, 0xf1, 0x7b, 0xf0, 0x73, 0xd0, 0x73, 0xd0, 0x73, 0xd0, 0x73,
    0xd0, 0x73, 0xb0, 0x6b, 0xd0, 0x6b, 0xd1, 0x63, 0xf2, 0x5b, 0x34, 0x4c,
    0x77, 0x34, 0x5f, 0x05, 0x5f, 0x05, 0x5f, 0x05, 0x5f, 0x05, 0x5f, 0x05,
    0x5f, 0x05, 0x92, 0x33, 0x0f, 0x3b, 0xcc, 0x4a, 0x8b, 0x4a, 0x6a, 0x52,
    0x49, 0x52, 0x49, 0x52, 0x49, 0x52, 0x49, 0x52, 0x49, 0x52, 0x49, 0x52,
    0x49, 0x52, 0x49, 0x52, 0x49, 0x52, 0x49, 0x52, 0x49, 0x52, 0x49, 0x52,
    0x49, 0x52, 0x49, 0x52, 0x49, 0x52, 0x49, 0x52, 0x49, 0x52, 0x49, 0x52,
    0x49, 0x52, 0x49, 0x52, 0x49, 0x52, 0x49, 0x52, 0x49, 0x52, 0x49, 0x52,
    0x49, 0x52, 0x49, 0x52, 0x49, 0x52, 0x49, 0x52, 0x49, 0x52, 0x49, 0x52,
    0x49, 0x52, 0x49, 0x52, 0x49, 0x52, 0x49, 0x52, 0x49, 0x52, 0x49, 0x52,
    0x49, 0x52, 0x49, 0x52, 0x49, 0x52, 0x49, 0x52, 0x49, 0x52, 0x49, 0x52,
    0x49, 0x52, 0x49, 0x52, 0x49, 0x52, 0x49, 0x52, 0x49, 0x52, 0x49, 0x52,
    0x49, 0x52, 0x49, 0x52, 0x49, 0x52, 0x49, 0x52, 0x49, 0x52, 0x49, 0x52,
    0x49, 0x52, 0x49, 0x52, 0x49, 0x52, 0x49, 0x52, 0x49, 0x52, 0x49, 0x52,
    0x69, 0x52, 0x8a, 0x4a, 0xac, 0x4a, 0x0e, 0x43, 0x71, 0x33, 0x1d, 0x0d,
    0x5f, 0x05, 0x5f, 0x05, 0x5f, 0x05, 0x5f, 0x05, 0x5f, 0x05, 0x9d, 0x45,
    0xda, 0x7d, 0xd9, 0x95, 0xd9, 0xa5, 0xd8, 0xad, 0xd8, 0xb5, 0xd7, 0xb5,
    0xb7, 0xb5, 0xb7, 0xb5, 0xb7, 0xb5, 0x97, 0xb5, 0x97, 0xad, 0x96, 0xad,
    0x76, 0xad, 0x76, 0xad, 0x76, 0xad, 0x76, 0xad, 0x56, 0xa5, 0x56, 0xa5,
    0x55, 0xa5, 0x35, 0xa5, 0x35, 0xa5, 0x35, 0xa5, 0x15, 0x9d, 0x15, 0x9d,
    0x15, 0x9d, 0x15, 0x9d, 0xf4, 0x9c, 0xf4, 0x9c, 0xf4, 0x9c, 0xd4, 0x94,
    0xd4, 0x94, 0xd4, 0x94, 0xb4, 0x94, 0xb3, 0x94, 0xb3, 0x94, 0xb3, 0x8c,
    0x93, 0x8c, 0x93, 0x8c, 0x93, 0x8c, 0x73, 0x8c, 0x72, 0x8c, 0x72, 0x8c,
    0x52, 0x84, 0x52, 0x84, 0x52, 0x84, 0x52, 0x84, 0x32, 0x84, 0x32, 0x84,
    0x31, 0x7c, 0x11, 0x7c, 0x11, 0x7c, 0x11, 0x7c, 0xf1, 0x7b, 0xf1, 0x7b,
    0xf1, 0x73, 0xf0, 0x73, 0xd0, 0x73, 0xd0, 0x73, 0xd0, 0x73, 0xb0, 0x73,
    0xb0, 0x6b, 0xb0, 0x6b, 0xb0, 0x63, 0xd1, 0x5b, 0xf3, 0x53, 0x35, 0x44,
    0xba, 0x24, 0x5f, 0x05, 0x5f, 0x05, 0x5f, 0x05, 0x5f, 0x05, 0x5f, 0x05,
    0x1d, 0x0d, 0x71, 0x33, 0x0e, 0x43, 0xac, 0x4a, 0x8a, 0x4a, 0x69, 0x52,
    0x49, 0x52, 0x49, 0x52, 0x49, 0x52, 0x49, 0x52, 0x49, 0x52, 0x49, 0x52,
    0x49, 0x52, 0x49, 0x52, 0x49, 0x52, 0x49, 0x52, 0x49, 0x52, 0x49, 0x52,
    0x49, 0x52, 0x49, 0x52, 0x49, 0x52, 0x49, 0x52, 0x49, 0x52, 0x49, 0x52,
    0x49, 0x52, 0x49, 0x52, 0x49, 0x52, 0x49, 0x52, 0x49, 0x52, 0x49, 0x52,
    0x49, 0x52, 0x49, 0x52, 0x49, 0x52, 0x49, 0x52, 0x49, 0x52, 0x49, 0x52,
    0x49, 0x52, 0x49, 0x52, 0x49, 0x52, 0x49, 0x52, 0x49, 0x52, 0x49, 0x52,
    0x49, 0x52, 0x49, 0x52, 0x49, 0x52, 0x49, 0x52, 0x49, 0x52, 0x49, 0x52,
    0x49, 0x52, 0x49, 0x52, 0x49, 0x52, 0x49, 0x52, 0x49, 0x52, 0x49, 0x52,
    0x49, 0x52, 0x49, 0x52, 0x49, 0x52, 0x49, 0x52, 0x49, 0x52, 0x49, 0x52,
    0x49, 0x52, 0x49, 0x52, 0x49, 0x52, 0x49, 0x52, 0x49, 0x52, 0x49, 0x52,
    0x69, 0x52, 0x8a, 0x52, 0xab, 0x4a, 0xee, 0x42, 0x51, 0x33, 0xbb, 0x14,
    0x5f, 0x05, 0x5f, 0x05, 0x5f, 0x05, 0x5f, 0x05, 0x5f, 0x05, 0x7e, 0x2d,
    0xbb, 0x75, 0xda, 0x8d, 0xd9, 0x9d, 0xd8, 0xad, 0xb8, 0xad, 0xb7, 0xb5,
    0xb7, 0xb5, 0xb7, 0xb5, 0x97, 0xb5, 0x97, 0xad, 0x96, 0xad, 0x96, 0xad,
    0x76, 0xad, 0x76, 0xad, 0x76, 0xad, 0x56, 0xad, 0x56, 0xa5, 0x56, 0xa5,
    0x35, 0xa5, 0x35, 0xa5, 0x35, 0xa5, 0x35, 0xa5, 0x15, 0x9d, 0x15, 0x9d,
    0x15, 0x9d, 0xf4, 0x9c, 0xf4, 0x9c, 0xf4, 0x9c, 0xd4, 0x94, 0xd4, 0x94,
    0xd4, 0x94, 0xd4, 0x94, 0xb3, 0x94, 0xb3, 0x94, 0xb3, 0x94, 0x93, 0x8c,
    0x93, 0x8c, 0x93, 0x8c, 0x73, 0x8c, 0x73, 0x8c, 0x72, 0x8c, 0x72, 0x84,
    0x52, 0x84, 0x52, 0x84, 0x52, 0x84, 0x32, 0x84, 0x32, 0x84, 0x31, 0x84,
    0x11, 0x7c, 0x11, 0x7c, 0x11, 0x7c, 0x11, 0x7c, 0xf1, 0x7b, 0xf1, 0x7b,
    0xf0, 0x73, 0xd0, 0x73, 0xd0, 0x73, 0xd0, 0x73, 0xb0, 0x73, 0xb0, 0x73,
    0xb0, 0x6b, 0xb0, 0x6b, 0xb1, 0x63, 0xd2, 0x5b, 0xf3, 0x53, 0x35, 0x44,
    0xfc, 0x14, 0x5f, 0x05, 0x5f, 0x05, 0x5f, 0x05, 0x5f, 0x05, 0x5f, 0x05,
    0xbb, 0x14, 0x71, 0x33, 0xee, 0x42, 0xac, 0x4a, 0x6a, 0x4a, 0x69, 0x52,
    0x49, 0x52, 0x49, 0x52, 0x49, 0x52, 0x49, 0x52, 0x49, 0x52, 0x49, 0x52,
    0x49, 0x52, 0x49, 0x52, 0x49, 0x52, 0x49, 0x52, 0x49, 0x52, 0x49, 0x52,
    0x49, 0x52, 0x49, 0x52, 0x49, 0x52, 0x49, 0x52, 0x49, 0x52, 0x49, 0x52,
    0x49, 0x52, 0x49, 0x52, 0x49, 0x52, 0x49, 0x52, 0x49, 0x52, 0x49, 0x52,
    0x49, 0x52, 0x49, 0x52, 0x49, 0x52, 0x49, 0x52, 0x49, 0x52, 0x49, 0x52,
    0x49, 0x52, 0x49, 0x52, 0x49, 0x52, 0x49, 0x52, 0x49, 0x52, 0x49, 0x52,
    0x49, 0x52, 0x49, 0x52, 0x49, 0x52, 0x49, 0x52, 0x49, 0x52, 0x49, 0x52,
    0x49, 0x52, 0x49, 0x52, 0x49, 0x52, 0x49, 0x52, 0x49, 0x52, 0x49, 0x52,
    0x49, 0x52, 0x49, 0x52, 0x49, 0x52, 0x49, 0x52, 0x49, 0x52, 0x49, 0x52,
    0x49, 0x52, 0x49, 0x52, 0x49, 0x52, 0x49, 0x52, 0x49, 0x52, 0x49, 0x52,
    0x49, 0x52, 0x6a, 0x52, 0x8b, 0x4a, 0xed, 0x42, 0x50, 0x3b, 0x58, 0x1c,
    0x5f, 0x05, 0x5f, 0x05, 0x5f, 0x05, 0x5f, 0x05, 0x5f, 0x05, 0x7f, 0x0d,
    0xbb, 0x6d, 0xba, 0x85, 0xb9, 0x9d, 0xb8, 0xa5, 0xb7, 0xad, 0xb7, 0xad,
    0xb7, 0xb5, 0x97, 0xb5, 0x97, 0xad, 0x96, 0xad, 0x76, 0xad, 0x76, 0xad,
    0x76, 0xad, 0x76, 0xad, 0x56, 0xa5, 0x56, 0xa5, 0x55, 0xa5, 0x35, 0xa5,
    0x35, 0xa5, 0x35, 0xa5, 0x15, 0x9d, 0x15, 0x9d, 0x15, 0x9d, 0x15, 0x9d,
    0xf4, 0x9c, 0xf4, 0x9c, 0xf4, 0x9c, 0xd4, 0x94, 0xd4, 0x94, 0xd4, 0x94,
    0xb4, 0x94, 0xb3, 0x94, 0xb3, 0x94, 0xb3, 0x8c, 0x93, 0x8c, 0x93, 0x8c,
    0x93, 0x8c, 0x73, 0x8c, 0x72, 0x8c, 0x72, 0x8c, 0x52, 0x84, 0x52, 0x84,
    0x52, 0x84, 0x52, 0x84, 0x32, 0x84, 0x32, 0x84, 0x31, 0x7c, 0x11, 0x7c,
    0x11, 0x7c, 0x11, 0x7c, 0xf1, 0x7b, 0xf1, 0x7b, 0xf1, 0x73, 0xf0, 0x73,
    0xd0, 0x73, 0xd0, 0x73, 0xd0, 0x73, 0xb0, 0x73, 0xb0, 0x73, 0xb0, 0x6b,
    0xb0, 0x6b, 0xb0, 0x6b, 0xb1, 0x63, 0xd2, 0x5b, 0xf3, 0x4b, 0x36, 0x3c,
    0x3e, 0x0d, 0x5f, 0x05, 0x5f, 0x05, 0x5f, 0x05, 0x5f, 0x05, 0x5f, 0x05,
    0x58, 0x1c, 0x50, 0x3b, 0xcd, 0x42, 0x8b, 0x4a, 0x6a, 0x52, 0x49, 0x52,
    0x49, 0x52, 0x49, 0x52, 0x49, 0x52, 0x49, 0x52, 0x49, 0x52, 0x49, 0x52,
    0x49, 0x52, 0x49, 0x52, 0x49, 0x52, 0x49, 0x52, 0x49, 0x52, 0x49, 0x52,
    0x49, 0x52, 0x49, 0x52, 0x49, 0x52, 0x49, 0x52, 0x49, 0x52, 0x49, 0x52,
    0x49, 0x52, 0x49, 0x52, 0x49, 0x52, 0x49, 0x52, 0x49, 0x52, 0x49, 0x52,
    0x49, 0x52, 0x49, 0x52, 0x49, 0x52, 0x49, 0x52, 0x49, 0x52, 0x49, 0x52,
    0x49, 0x52, 0x49, 0x52, 0x49, 0x52, 0x49, 0x52, 0x49, 0x52, 0x49, 0x52,
    0x49, 0x52, 0x49, 0x52, 0x49, 0x52, 0x49, 0x52, 0x49, 0x52, 0x49, 0x52,
    0x49, 0x52, 0x49, 0x52, 0x49, 0x52, 0x49, 0x52, 0x49, 0x52, 0x49, 0x52,
    0x49, 0x52, 0x49, 0x52, 0x49, 0x52, 0x49, 0x52, 0x49, 0x52, 0x49, 0x52,
    0x49, 0x52, 0x49, 0x52, 0x49, 0x52, 0x49, 0x52, 0x49, 0x52, 0x49, 0x52,
    0x49, 0x52, 0x6a, 0x52, 0x8b, 0x4a, 0xcd, 0x42, 0x2f, 0x3b, 0xd4, 0x2b,
    0x5f, 0x05, 0x5f, 0x05, 0x5f, 0x05, 0x5f, 0x05, 0x5f, 0x05, 0x5f, 0x05,
    0x9c, 0x55, 0xba, 0x7d, 0xb9, 0x95, 0xb8, 0xa5, 0xb8, 0xad, 0xb7, 0xad,
    0x97, 0xad, 0x97, 0xad, 0x96, 0xad, 0x96, 0xad, 0x76, 0xad, 0x76, 0xad,
    0x76, 0xad, 0x56, 0xad, 0x56, 0xa5, 0x56, 0xa5, 0x35, 0xa5, 0x35, 0xa5,
    0x35, 0xa5, 0x35, 0xa5, 0x15, 0x9d, 0x15, 0x9d, 0x15, 0x9d, 0xf4, 0x9c,
    0xf4, 0x9c, 0xf4, 0x9c, 0xd4, 0x94, 0xd4, 0x94, 0xd4, 0x94, 0xd4, 0x94,
    0xb3, 0x94, 0xb3, 0x94, 0xb3, 0x94, 0x93, 0x8c, 0x93, 0x8c, 0x93, 0x8c,
    0x73, 0x8c, 0x73, 0x8c, 0x72, 0x8c, 0x72, 0x84, 0x52, 0x84, 0x52, 0x84,
    0x52, 0x84, 0x32, 0x84, 0x32, 0x84, 0x31, 0x84, 0x11, 0x7c, 0x11, 0x7c,
    0x11, 0x7c, 0x11, 0x7c, 0xf1, 0x7b, 0xf1, 0x7b, 0xf0, 0x73, 0xd0, 0x73,
    0xd0, 0x73, 0xd0, 0x73, 0xb0, 0x73, 0xb0, 0x73, 0xb0, 0x6b, 0xb0, 0x6b,
    0xb0, 0x6b, 0xb0, 0x63, 0xb1, 0x5b, 0xd2, 0x53, 0x14, 0x44, 0x78, 0x2c,
    0x5f, 0x05, 0x5f, 0x05, 0x5f, 0x05, 0x5f, 0x05, 0x5f, 0x05, 0x5f, 0x05,
    0xd4, 0x2b, 0x2f, 0x3b, 0xcd, 0x42, 0x8b, 0x4a, 0x6a, 0x52, 0x49, 0x52,
    0x49, 0x52, 0x49, 0x52, 0x49, 0x52, 0x49, 0x52, 0x49, 0x52, 0x49, 0x52,
    0x49, 0x52, 0x49, 0x52, 0x49, 0x52, 0x49, 0x52, 0x49, 0x52, 0x49, 0x52,
    0x49, 0x52, 0x49, 0x52, 0x49, 0x52, 0x49, 0x52, 0x49, 0x52, 0x49, 0x52,
    0x49, 0x52, 0x49, 0x52, 0x49, 0x52, 0x49, 0x52, 0x49, 0x52, 0x49, 0x52,
    0x49, 0x52, 0x49, 0x52, 0x49, 0x52, 0x49, 0x52, 0x49, 0x52, 0x49, 0x52,
    0x49, 0x52, 0x49, 0x52, 0x49, 0x52, 0x49, 0x52, 0x49, 0x52, 0x49, 0x52,
    0x49, 0x52, 0x49, 0x52, 0x49, 0x52, 0x49, 0x52, 0x49, 0x52, 0x49, 0x52,
    0x49, 0x52, 0x49, 0x52, 0x49, 0x52, 0x49, 0x52, 0x49, 0x52, 0x49, 0x52,
    0x49, 0x52, 0x49, 0x52, 0x49, 0x52, 0x49, 0x52, 0x49, 0x52, 0x49, 0x52,
    0x49, 0x52, 0x49, 0x52, 0x49, 0x52, 0x49, 0x52, 0x49, 0x52, 0x49, 0x52,
    0x49, 0x52, 0x69, 0x52, 0x8a, 0x4a, 0xac, 0x42, 0x0e, 0x3b, 0x71, 0x33,
    0x1d, 0x05, 0x5f, 0x05, 0x5f, 0x05, 0x5f, 0x05, 0x5f, 0x05, 0x5f, 0x05,
    0x7d, 0x35, 0x9a, 0x75, 0x99, 0x8d, 0xb8, 0x9d, 0x97, 0xa5, 0x97, 0xad,
    0x97, 0xad, 0x96, 0xad, 0x76, 0xad, 0x76, 0xad, 0x76, 0xad, 0x76, 0xad,
    0x56, 0xa5, 0x56, 0xa5, 0x55, 0xa5, 0x35, 0xa5, 0x35, 0xa5, 0x35, 0xa5,
    0x15, 0x9d, 0x15, 0x9d, 0x15, 0x9d, 0x15, 0x9d, 0xf4, 0x9c, 0xf4, 0x9c,
    0xf4, 0x9c, 0xd4, 0x94, 0xd4, 0x94, 0xd4, 0x94, 0xb4, 0x94, 0xb3, 0x94,
    0xb3, 0x94, 0xb3, 0x8c, 0x93, 0x8c, 0x93, 0x8c, 0x93, 0x8c, 0x73, 0x8c,
    0x72, 0x8c, 0x72, 0x8c, 0x52, 0x84, 0x52, 0x84, 0x52, 0x84, 0x52, 0x84,
    0x32, 0x84, 0x32, 0x84, 0x31, 0x7c, 0x11, 0x7c, 0x11, 0x7c, 0x11, 0x7c,
    0xf1, 0x7b, 0xf1, 0x7b, 0xf1, 0x73, 0xf0, 0x73, 0xd0, 0x73, 0xd0, 0x73,
    0xd0, 0x73, 0xb0, 0x73, 0xb0, 0x73, 0xb0, 0x6b, 0x90, 0x6b, 0x90, 0x6b,
    0x90, 0x63, 0xb0, 0x63, 0xb1, 0x5b, 0xf3, 0x4b, 0x15, 0x44, 0xdb, 0x1c,
    0x5f, 0x05, 0x5f, 0x05, 0x5f, 0x05, 0x5f, 0x05, 0x5f, 0x05, 0x1d, 0x05,
    0x71, 0x33, 0x0e, 0x3b, 0xac, 0x42, 0x8a, 0x4a, 0x69, 0x52, 0x49, 0x52,
    0x49, 0x52, 0x49, 0x52, 0x49, 0x52, 0x49, 0x52, 0x49, 0x52, 0x49, 0x52,
    0x49, 0x52, 0x49, 0x52, 0x49, 0x52, 0x49, 0x52, 0x49, 0x52, 0x49, 0x52,
    0x49, 0x52, 0x49, 0x52, 0x49, 0x52, 0x49, 0x52, 0x49, 0x52, 0x49, 0x52,
    0x49, 0x52, 0x49, 0x52, 0x49, 0x52, 0x49, 0x52, 0x49, 0x52, 0x49, 0x52,
    0x49, 0x52, 0x49, 0x52, 0x49, 0x52, 0x49, 0x52, 0x49, 0x52, 0x49, 0x52,
    0x49, 0x52, 0x49, 0x52, 0x49, 0x52, 0x49, 0x52, 0x49, 0x52, 0x49, 0x52,
    0x49, 0x52, 0x49, 0x52, 0x49, 0x52, 0x49, 0x52, 0x49, 0x52, 0x49, 0x52,
    0x49, 0x52, 0x49, 0x52, 0x49, 0x52, 0x49, 0x52, 0x49, 0x52, 0x49, 0x52,
    0x49, 0x52, 0x49, 0x52, 0x49, 0x52, 0x49, 0x52, 0x49, 0x52, 0x49, 0x52,
    0x49, 0x52, 0x49, 0x52, 0x49, 0x52, 0x49, 0x52, 0x49, 0x52, 0x49, 0x52,
    0x49, 0x52, 0x69, 0x52, 0x6a, 0x4a, 0xab, 0x4a, 0xed, 0x42, 0x50, 0x33,
    0x9a, 0x14, 0x5f, 0x05, 0x5f, 0x05, 0x5f, 0x05, 0x5f, 0x05, 0x5f, 0x05,
    0x5f, 0x0d, 0x9b, 0x6d, 0x99, 0x85, 0x98, 0x95, 0x98, 0x9d, 0x97, 0xa5,
    0x97, 0xad, 0x97, 0xad, 0x76, 0xad, 0x76, 0xad, 0x76, 0xad, 0x56, 0xad,
    0x56, 0xa5, 0x56, 0xa5, 0x35, 0xa5, 0x35, 0xa5, 0x35, 0xa5, 0x35, 0xa5,
    0x15, 0x9d, 0x15, 0x9d, 0x15, 0x9d, 0xf4, 0x9c, 0xf4, 0x9c, 0xf4, 0x9c,
    0xd4, 0x94, 0xd4, 0x94, 0xd4, 0x94, 0xd4, 0x94, 0xb3, 0x94, 0xb3, 0x94,
    0xb3, 0x94, 0x93, 0x8c, 0x93, 0x8c, 0x93, 0x8c, 0x73, 0x8c, 0x73, 0x8c,
    0x72, 0x8c, 0x72, 0x84, 0x52, 0x84, 0x52, 0x84, 0x52, 0x84, 0x32, 0x84,
    0x32, 0x84, 0x31, 0x84, 0x11, 0x7c, 0x11, 0x7c, 0x11, 0x7c, 0x11, 0x7c,
    0xf1, 0x7b, 0xf1, 0x7b, 0xf0, 0x73, 0xd0, 0x73, 0xd0, 0x73, 0xd0, 0x73,
    0xb0, 0x73, 0xb0, 0x73, 0xb0, 0x6b, 0xb0, 0x6b, 0xb0, 0x6b, 0x90, 0x6b,
    0x90, 0x63, 0xb1, 0x5b, 0xd2, 0x53, 0xf3, 0x4b, 0x36, 0x3c, 0x3e, 0x0d,
    0x5f, 0x05, 0x5f, 0x05, 0x5f, 0x05, 0x5f, 0x05, 0x5f, 0x05, 0x9a, 0x14,
    0x50, 0x33, 0xee, 0x42, 0xab, 0x4a, 0x6a, 0x4a, 0x49, 0x52, 0x49, 0x52,
    0x49, 0x52, 0x49, 0x52, 0x49, 0x52, 0x49, 0x52, 0x49, 0x52, 0x49, 0x52,
    0x49, 0x52, 0x49, 0x52, 0x49, 0x52, 0x49, 0x52, 0x49, 0x52, 0x49, 0x52,
    0x49, 0x52, 0x49, 0x52, 0x49, 0x52, 0x49, 0x52, 0x49, 0x52, 0x49, 0x52,
    0x49, 0x52, 0x49, 0x52, 0x49, 0x52, 0x49, 0x52, 0x49, 0x52, 0x49, 0x52,
    0x49, 0x52, 0x49, 0x52, 0x49, 0x52, 0x49, 0x52, 0x49, 0x52, 0x49, 0x52,
    0x28, 0x52, 0x49, 0x52, 0x28, 0x52, 0x49, 0x52, 0x28, 0x52, 0x49, 0x52,
    0x28, 0x52, 0x49, 0x52, 0x28, 0x52, 0x49, 0x52, 0x28, 0x52, 0x49, 0x52,
    0x28, 0x52, 0x49, 0x52, 0x28, 0x52, 0x49, 0x52, 0x28, 0x52, 0x49, 0x52,
    0x28, 0x52, 0x49, 0x52, 0x28, 0x52, 0x49, 0x52, 0x28, 0x52, 0x49, 0x52,
    0x28, 0x52, 0x49, 0x52, 0x28, 0x52, 0x49, 0x52, 0x28, 0x52, 0x49, 0x52,
    0x49, 0x52, 0x49, 0x52, 0x6a, 0x4a, 0x8b, 0x4a, 0xcd, 0x42, 0x2f, 0x3b,
    0xf5, 0x23, 0x5f, 0x05, 0x5f, 0x05, 0x5f, 0x05, 0x5f, 0x05, 0x5f, 0x05,
    0x5f, 0x05, 0x7c, 0x45, 0x9a, 0x75, 0x99, 0x8d, 0x98, 0x9d, 0x97, 0xa5,
    0x77, 0xa5, 0x76, 0xad, 0x76, 0xad, 0x76, 0xad, 0x56, 0xa5, 0x56, 0xa5,
    0x55, 0xa5, 0x35, 0xa5, 0x35, 0xa5, 0x35, 0xa5, 0x15, 0x9d, 0x15, 0x9d,
    0x15, 0x9d, 0x15, 0x9d, 0xf4, 0x9c, 0xf4, 0x9c, 0xf4, 0x9c, 0xd4, 0x94,
    0xd4, 0x94, 0xd4, 0x94, 0xb4, 0x94, 0xb3, 0x94, 0xb3, 0x94, 0xb3, 0x8c,
    0x93, 0x8c, 0x93, 0x8c, 0x93, 0x8c, 0x73, 0x8c, 0x72, 0x8c, 0x72, 0x8c,
    0x52, 0x84, 0x52, 0x84, 0x52, 0x84, 0x52, 0x84, 0x32, 0x84, 0x32, 0x84,
    0x31, 0x7c, 0x11, 0x7c, 0x11, 0x7c, 0x11, 0x7c, 0xf1, 0x7b, 0xf1, 0x7b,
    0xf1, 0x73, 0xf0, 0x73, 0xd0, 0x73, 0xd0, 0x73, 0xd0, 0x73, 0xb0, 0x73,
    0xb0, 0x73, 0xb0, 0x6b, 0x8f, 0x6b, 0x8f, 0x6b, 0x8f, 0x6b, 0x90, 0x63,
    0x90, 0x63, 0xb1, 0x5b, 0xd2, 0x53, 0x14, 0x44, 0x99, 0x24, 0x5f, 0x05,
    0x5f, 0x05, 0x5f, 0x05, 0x5f, 0x05, 0x5f, 0x05, 0x5f, 0x05, 0xf5, 0x23,
    0x2f, 0x3b, 0xcd, 0x42, 0x8b, 0x4a, 0x6a, 0x4a, 0x49, 0x52, 0x49, 0x52,
    0x29, 0x52, 0x49, 0x52, 0x28, 0x52, 0x49, 0x52, 0x28, 0x52, 0x49, 0x52,
    0x28, 0x52, 0x49, 0x52, 0x28, 0x52, 0x49, 0x52, 0x28, 0x52, 0x49, 0x52,
    0x28, 0x52, 0x49, 0x52, 0x28, 0x52, 0x49, 0x52, 0x28, 0x52, 0x49, 0x52,
    0x28, 0x52, 0x49, 0x52, 0x28, 0x52, 0x49, 0x52, 0x28, 0x52, 0x49, 0x52,
    0x28, 0x52, 0x49, 0x52, 0x28, 0x52, 0x49, 0x52, 0x28, 0x52, 0x49, 0x52,
    0x49, 0x52, 0x49, 0x52, 0x49, 0x52, 0x49, 0x52, 0x49, 0x52, 0x49, 0x52,
    0x49, 0x52, 0x49, 0x52, 0x49, 0x52, 0x49, 0x52, 0x49, 0x52, 0x49, 0x52,
    0x49, 0x52, 0x49, 0x52, 0x49, 0x52, 0x49, 0x52, 0x49, 0x52, 0x49, 0x52,
    0x49, 0x52, 0x49, 0x52, 0x49, 0x52, 0x49, 0x52, 0x49, 0x52, 0x49, 0x52,
    0x49, 0x52, 0x49, 0x52, 0x49, 0x52, 0x49, 0x52, 0x49, 0x52, 0x49, 0x52,
    0x49, 0x52, 0x49, 0x52, 0x69, 0x52, 0x8a, 0x4a, 0xac, 0x42, 0x0e, 0x3b,
    0x71, 0x33, 0x1d, 0x0d, 0x5f, 0x05, 0x5f, 0x05, 0x5f, 0x05, 0x5f, 0x05,
    0x5f, 0x05, 0x7e, 0x1d, 0x9a, 0x6d, 0x99, 0x85, 0x98, 0x95, 0x97, 0x9d,
    0x77, 0xa5, 0x76, 0xa5, 0x76, 0xad, 0x56, 0xa5, 0x56, 0xa5, 0x56, 0xa5,
    0x35, 0xa5, 0x35, 0xa5, 0x35, 0xa5, 0x35, 0xa5, 0x15, 0x9d, 0x15, 0x9d,
    0x15, 0x9d, 0xf4, 0x9c, 0xf4, 0x9c, 0xf4, 0x9c, 0xd4, 0x94, 0xd4, 0x94,
    0xd4, 0x94, 0xd4, 0x94, 0xb3, 0x94, 0xb3, 0x94, 0xb3, 0x94, 0x93, 0x8c,
    0x93, 0x8c, 0x93, 0x8c, 0x73, 0x8c, 0x73, 0x8c, 0x72, 0x8c, 0x72, 0x84,
    0x52, 0x84, 0x52, 0x84, 0x52, 0x84, 0x32, 0x84, 0x32, 0x84, 0x31, 0x7c,
    0x11, 0x7c, 0x11, 0x7c, 0x11, 0x7c, 0x11, 0x7c, 0xf1, 0x7b, 0xf1, 0x7b,
    0xf0, 0x73, 0xd0, 0x73, 0xd0, 0x73, 0xd0, 0x73, 0xb0, 0x73, 0xb0, 0x73,
    0xb0, 0x6b, 0xb0, 0x6b, 0x90, 0x6b, 0x8f, 0x6b, 0x8f, 0x6b, 0x90, 0x63,
    0xb0, 0x5b, 0xb2, 0x53, 0xf3, 0x4b, 0x35, 0x3c, 0x1d, 0x0d, 0x5f, 0x05,
    0x5f, 0x05, 0x5f, 0x05, 0x5f, 0x05, 0x5f, 0x05, 0x1d, 0x0d, 0x71, 0x33,
    0x0e, 0x3b, 0xac, 0x42, 0x8a, 0x4a, 0x69, 0x52, 0x49, 0x52, 0x49, 0x52,
    0x49, 0x52, 0x49, 0x52, 0x49, 0x52, 0x49, 0x52, 0x49, 0x52, 0x49, 0x52,
    0x49, 0x52, 0x49, 0x52, 0x49, 0x52, 0x49, 0x52, 0x49, 0x52, 0x49, 0x52,
    0x49, 0x52, 0x49, 0x52, 0x49, 0x52, 0x49, 0x52, 0x49, 0x52, 0x49, 0x52,
    0x49, 0x52, 0x49, 0x52, 0x49, 0x52, 0x49, 0x52, 0x49, 0x52, 0x49, 0x52,
    0x49, 0x52, 0x49, 0x52, 0x49, 0x52, 0x49, 0x52, 0x49, 0x52, 0x49, 0x52,
    0x28, 0x52, 0x28, 0x52, 0x28, 0x52, 0x28, 0x52, 0x28, 0x52, 0x28, 0x52,
    0x28, 0x52, 0x28, 0x52, 0x28, 0x52, 0x28, 0x52, 0x28, 0x52, 0x28, 0x52,
    0x28, 0x52, 0x28, 0x52, 0x28, 0x52, 0x28, 0x52, 0x28, 0x52, 0x28, 0x52,
    0x28, 0x52, 0x28, 0x52, 0x28, 0x52, 0x28, 0x52, 0x28, 0x52, 0x28, 0x52,
    0x28, 0x52, 0x28, 0x52, 0x28, 0x52, 0x28, 0x52, 0x28, 0x52, 0x28, 0x52,
    0x29, 0x52, 0x49, 0x52, 0x49, 0x52, 0x6a, 0x4a, 0x8b, 0x4a, 0xed, 0x42,
    0x50, 0x33, 0x78, 0x1c, 0x5f, 0x05, 0x5f, 0x05, 0x5f, 0x05, 0x5f, 0x05,
    0x5f, 0x05, 0x5f, 0x05, 0x7c, 0x4d, 0x79, 0x75, 0x78, 0x85, 0x77, 0x95,
    0x77, 0x9d, 0x76, 0xa5, 0x56, 0xa5, 0x56, 0xa5, 0x55, 0xa5, 0x35, 0xa5,
    0x35, 0xa5, 0x35, 0xa5, 0x15, 0x9d, 0x15, 0x9d, 0x15, 0x9d, 0x15, 0x9d,
    0xf4, 0x9c, 0xf4, 0x9c, 0xf4, 0x9c, 0xd4, 0x94, 0xd4, 0x94, 0xd4, 0x94,
    0xb4, 0x94, 0xb3, 0x94, 0xb3, 0x94, 0xb3, 0x8c, 0x93, 0x8c, 0x93, 0x8c,
    0x93, 0x8c, 0x73, 0x8c, 0x72, 0x8c, 0x72, 0x8c, 0x52, 0x84, 0x52, 0x84,
    0x52, 0x84, 0x52, 0x84, 0x32, 0x84, 0x32, 0x84, 0x31, 0x7c, 0x11, 0x7c,
    0x11, 0x7c, 0x11, 0x7c, 0xf1, 0x7b, 0xf1, 0x7b, 0xf1, 0x73, 0xf0, 0x73,
    0xd0, 0x73, 0xd0, 0x73, 0xd0, 0x73, 0xb0, 0x73, 0xb0, 0x73, 0xb0, 0x6b,
    0x8f, 0x6b, 0x8f, 0x6b, 0x8f, 0x6b, 0x8f, 0x6b, 0x90, 0x63, 0x90, 0x63,
    0xb1, 0x5b, 0xd2, 0x4b, 0xf4, 0x43, 0x78, 0x2c, 0x5f, 0x05, 0x5f, 0x05,
    0x5f, 0x05, 0x5f, 0x05, 0x5f, 0x05, 0x5f, 0x05, 0x78, 0x1c, 0x50, 0x33,
    0xed, 0x42, 0x8b, 0x4a, 0x6a, 0x4a, 0x49, 0x52, 0x49, 0x52, 0x29, 0x52,
    0x28, 0x52, 0x28, 0x52, 0x28, 0x52, 0x28, 0x52, 0x28, 0x52, 0x28, 0x52,
    0x28, 0x52, 0x28, 0x52, 0x28, 0x52, 0x28, 0x52, 0x28, 0x52, 0x28, 0x52,
    0x28, 0x52, 0x28, 0x52, 0x28, 0x52, 0x28, 0x52, 0x28, 0x52, 0x28, 0x52,
    0x28, 0x52, 0x28, 0x52, 0x28, 0x52, 0x28, 0x52, 0x28, 0x52, 0x28, 0x52,
    0x28, 0x52, 0x28, 0x52, 0x28, 0x52, 0x28, 0x52, 0x28, 0x52, 0x28, 0x52,
    0x28, 0x52, 0x28, 0x52, 0x28, 0x52, 0x28, 0x52, 0x28, 0x52, 0x28, 0x52,
    0x28, 0x52, 0x28, 0x52, 0x28, 0x52, 0x28, 0x52, 0x28, 0x52, 0x28, 0x52,
    0x28, 0x52, 0x28, 0x52, 0x28, 0x52, 0x28, 0x52, 0x28, 0x52, 0x28, 0x52,
    0x28, 0x52, 0x28, 0x52, 0x28, 0x52, 0x28, 0x52, 0x28, 0x52, 0x28, 0x52,
    0x28, 0x52, 0x28, 0x52, 0x28, 0x52, 0x28, 0x52, 0x28, 0x52, 0x28, 0x52,
    0x29, 0x52, 0x49, 0x52, 0x49, 0x52, 0x6a, 0x4a, 0x8b, 0x4a, 0xcc, 0x42,
    0x0f, 0x3b, 0x92, 0x2b, 0x5f, 0x05, 0x5f, 0x05, 0x5f, 0x05, 0x5f, 0x05,
    0x5f, 0x05, 0x5f, 0x05, 0x5e, 0x1d, 0x7a, 0x6d, 0x79, 0x7d, 0x78, 0x8d,
    0x77, 0x9d, 0x56, 0x9d, 0x56, 0xa5, 0x56, 0xa5, 0x35, 0xa5, 0x35, 0xa5,
    0x35, 0xa5, 0x35, 0xa5, 0x15, 0x9d, 0x15, 0x9d, 0x15, 0x9d, 0xf4, 0x9c,
    0xf4, 0x9c, 0xf4, 0x9c, 0xd4, 0x94, 0xd4, 0x94, 0xd4, 0x94, 0xd4, 0x94,
    0xb3, 0x94, 0xb3, 0x94, 0xb3, 0x94, 0x93, 0x8c, 0x93, 0x8c, 0x93, 0x8c,
    0x73, 0x8c, 0x73, 0x8c, 0x72, 0x8c, 0x72, 0x84, 0x52, 0x84, 0x52, 0x84,
    0x52, 0x84, 0x32, 0x84, 0x32, 0x84, 0x31, 0x84, 0x11, 0x7c, 0x11, 0x7c,
    0x11, 0x7c, 0x11, 0x7c, 0xf1, 0x7b, 0xf1, 0x7b, 0xf0, 0x73, 0xd0, 0x73,
    0xd0, 0x73, 0xd0, 0x73, 0xb0, 0x73, 0xb0, 0x73, 0xb0, 0x6b, 0xb0, 0x6b,
    0x8f, 0x6b, 0x8f, 0x6b, 0x8f, 0x6b, 0x90, 0x63, 0x90, 0x63, 0xb0, 0x5b,
    0xb2, 0x53, 0xf3, 0x4b, 0x15, 0x3c, 0x1d, 0x0d, 0x5f, 0x05, 0x5f, 0x05,
    0x5f, 0x05, 0x5f, 0x05, 0x5f, 0x05, 0x5f, 0x05, 0x92, 0x2b, 0x0f, 0x3b,
    0xcc, 0x42, 0x8b, 0x4a, 0x6a, 0x4a, 0x49, 0x52, 0x49, 0x52, 0x29, 0x52,
    0x28, 0x52, 0x28, 0x52, 0x28, 0x52, 0x28, 0x52, 0x28, 0x52, 0x28, 0x52,
    0x28, 0x52, 0x28, 0x52, 0x28, 0x52, 0x28, 0x52, 0x28, 0x52, 0x28, 0x52,
    0x28, 0x52, 0x28, 0x52, 0x28, 0x52, 0x28, 0x52, 0x28, 0x52, 0x28, 0x52,
    0x28, 0x52, 0x28, 0x52, 0x28, 0x52, 0x28, 0x52, 0x28, 0x52, 0x28, 0x52,
    0x28, 0x52, 0x28, 0x52, 0x28, 0x52, 0x28, 0x52, 0x28, 0x52, 0x28, 0x52,
    0x28, 0x52, 0x28, 0x52, 0x28, 0x52, 0x28, 0x52, 0x28, 0x52, 0x28, 0x52,
    0x28, 0x52, 0x28, 0x52, 0x28, 0x52, 0x28, 0x52, 0x28, 0x52, 0x28, 0x52,
    0x28, 0x52, 0x28, 0x52, 0x28, 0x52, 0x28, 0x52, 0x28, 0x52, 0x28, 0x52,
    0x28, 0x52, 0x28, 0x52, 0x28, 0x52, 0x28, 0x52, 0x28, 0x52, 0x28, 0x52,
    0x28, 0x52, 0x28, 0x52, 0x28, 0x52, 0x28, 0x52, 0x28, 0x52, 0x28, 0x52,
    0x28, 0x52, 0x29, 0x52, 0x29, 0x52, 0x49, 0x4a, 0x6a, 0x4a, 0xac, 0x42,
    0xee, 0x3a, 0x50, 0x33, 0x9a, 0x14, 0x5f, 0x05, 0x5f, 0x05, 0x5f, 0x05,
    0x5f, 0x05, 0x5f, 0x05, 0x5f, 0x05, 0x7c, 0x3d, 0x79, 0x6d, 0x58, 0x85,
    0x57, 0x8d, 0x56, 0x9d, 0x56, 0x9d, 0x36, 0xa5, 0x35, 0xa5, 0x35, 0xa5,
    0x15, 0x9d, 0x15, 0x9d, 0x15, 0x9d, 0x15, 0x9d, 0xf4, 0x9c, 0xf4, 0x9c,
    0xf4, 0x9c, 0xd4, 0x94, 0xd4, 0x94, 0xd4, 0x94, 0xb4, 0x94, 0xb3, 0x94,
    0xb3, 0x94, 0xb3, 0x8c, 0x93, 0x8c, 0x93, 0x8c, 0x93, 0x8c, 0x73, 0x8c,
    0x72, 0x8c, 0x72, 0x8c, 0x52, 0x84, 0x52, 0x84, 0x52, 0x84, 0x52, 0x84,
    0x32, 0x84, 0x32, 0x84, 0x31, 0x7c, 0x11, 0x7c, 0x11, 0x7c, 0x11, 0x7c,
    0xf1, 0x7b, 0xf1, 0x7b, 0xf1, 0x73, 0xf0, 0x73, 0xd0, 0x73, 0xd0, 0x73,
    0xd0, 0x73, 0xb0, 0x73, 0xb0, 0x73, 0xb0, 0x6b, 0x8f, 0x6b, 0x8f, 0x6b,
    0x8f, 0x6b, 0x8f, 0x6b, 0x6f, 0x63, 0x70, 0x63, 0x90, 0x5b, 0xb1, 0x53,
    0xd2, 0x4b, 0x14, 0x44, 0x99, 0x24, 0x5f, 0x05, 0x5f, 0x05, 0x5f, 0x05,
    0x5f, 0x05, 0x5f, 0x05, 0x5f, 0x05, 0x9a, 0x14, 0x50, 0x33, 0xee, 0x3a,
    0xab, 0x42, 0x6a, 0x4a, 0x49, 0x4a, 0x49, 0x52, 0x28, 0x52, 0x28, 0x52,
    0x28, 0x52, 0x28, 0x52, 0x28, 0x52, 0x28, 0x52, 0x28, 0x52, 0x28, 0x52,
    0x28, 0x52, 0x28, 0x52, 0x28, 0x52, 0x28, 0x52, 0x28, 0x52, 0x28, 0x52,
    0x28, 0x52, 0x28, 0x52, 0x28, 0x52, 0x28, 0x52, 0x28, 0x52, 0x28, 0x52,
    0x28, 0x52, 0x28, 0x52, 0x28, 0x52, 0x28, 0x52, 0x28, 0x52, 0x28, 0x52,
    0x28, 0x52, 0x28, 0x52, 0x28, 0x52, 0x28, 0x52, 0x28, 0x52, 0x28, 0x52,
    0x28, 0x52, 0x28, 0x52, 0x28, 0x52, 0x28, 0x52, 0x28, 0x52, 0x28, 0x52,
    0x28, 0x52, 0x28, 0x52, 0x28, 0x52, 0x28, 0x52, 0x28, 0x52, 0x28, 0x52,
    0x28, 0x52, 0x28, 0x52, 0x28, 0x52, 0x28, 0x52, 0x28, 0x52, 0x28, 0x52,
    0x28, 0x52, 0x28, 0x52, 0x28, 0x52, 0x28, 0x52, 0x28, 0x52, 0x28, 0x52,
    0x28, 0x52, 0x28, 0x52, 0x28, 0x52, 0x28, 0x52, 0x28, 0x52, 0x28, 0x52,
    0x28, 0x52, 0x29, 0x52, 0x28, 0x52, 0x49, 0x52, 0x6a, 0x4a, 0x8b, 0x4a,
    0xcc, 0x42, 0x2f, 0x3b, 0xb3, 0x2b, 0x5f, 0x05, 0x5f, 0x05, 0x5f, 0x05,
    0x5f, 0x05, 0x5f, 0x05, 0x5f, 0x05, 0x5f, 0x0d, 0x5a, 0x65, 0x59, 0x75,
    0x58, 0x85, 0x57, 0x95, 0x36, 0x9d, 0x36, 0x9d, 0x35, 0x9d, 0x35, 0x9d,
    0x15, 0x9d, 0x15, 0x9d, 0x15, 0x9d, 0xf4, 0x9c, 0xf4, 0x9c, 0xf4, 0x9c,
    0xd4, 0x94, 0xd4, 0x94, 0xd4, 0x94, 0xd4, 0x94, 0xb3, 0x94, 0xb3, 0x94,
    0xb3, 0x94, 0x93, 0x8c, 0x93, 0x8c, 0x93, 0x8c, 0x73, 0x8c, 0x73, 0x8c,
    0x72, 0x8c, 0x72, 0x84, 0x52, 0x84, 0x52, 0x84, 0x52, 0x84, 0x32, 0x84,
    0x32, 0x84, 0x31, 0x84, 0x11, 0x7c, 0x11, 0x7c, 0x11, 0x7c, 0x11, 0x7c,
    0xf1, 0x7b, 0xf1, 0x7b, 0xf0, 0x73, 0xd0, 0x73, 0xd0, 0x73, 0xd0, 0x73,
    0xb0, 0x73, 0xb0, 0x73, 0xb0, 0x6b, 0xb0, 0x6b, 0x8f, 0x6b, 0x8f, 0x6b,
    0x8f, 0x6b, 0x8f, 0x63, 0x8f, 0x63, 0x90, 0x5b, 0x91, 0x5b, 0xb2, 0x53,
    0xf4, 0x43, 0x36, 0x3c, 0x3e, 0x0d, 0x5f, 0x05, 0x5f, 0x05, 0x5f, 0x05,
    0x5f, 0x05, 0x5f, 0x05, 0x5f, 0x05, 0xb3, 0x2b, 0x0f, 0x3b, 0xcd, 0x42,
    0x8b, 0x4a, 0x6a, 0x4a, 0x49, 0x52, 0x49, 0x52, 0x29, 0x52, 0x28, 0x52,
    0x28, 0x52, 0x28, 0x52, 0x28, 0x52, 0x28, 0x52, 0x28, 0x52, 0x28, 0x52,
    0x28, 0x52, 0x28, 0x52, 0x28, 0x52, 0x28, 0x52, 0x28, 0x52, 0x28, 0x52,
    0x28, 0x52, 0x28, 0x52, 0x28, 0x52, 0x28, 0x52, 0x28, 0x52, 0x28, 0x52,
    0x28, 0x52, 0x28, 0x52, 0x28, 0x52, 0x28, 0x52, 0x28, 0x52, 0x28, 0x52,
    0x28, 0x52, 0x28, 0x52, 0x28, 0x52, 0x28, 0x52, 0x28, 0x52, 0x28, 0x52,
    0x28, 0x52, 0x28, 0x52, 0x28, 0x52, 0x28, 0x52, 0x28, 0x52, 0x28, 0x52,
    0x28, 0x52, 0x28, 0x52, 0x28, 0x52, 0x28, 0x52, 0x28, 0x52, 0x28, 0x52,
    0x28, 0x52, 0x28, 0x52, 0x28, 0x52, 0x28, 0x52, 0x28, 0x52, 0x28, 0x52,
    0x28, 0x52, 0x28, 0x52, 0x28, 0x52, 0x28, 0x52, 0x28, 0x52, 0x28, 0x52,
    0x28, 0x52, 0x28, 0x52, 0x28, 0x52, 0x28, 0x52, 0x28, 0x52, 0x28, 0x52,
    0x28, 0x52, 0x28, 0x52, 0x28, 0x52, 0x49, 0x52, 0x49, 0x4a, 0x6a, 0x4a,
    0xab, 0x42, 0xee, 0x3a, 0x50, 0x33, 0x99, 0x14, 0x5f, 0x05, 0x5f, 0x05,
    0x5f, 0x05, 0x5f, 0x05, 0x5f, 0x05, 0x5f, 0x05, 0x5d, 0x25, 0x59, 0x65,
    0x58, 0x7d, 0x37, 0x85, 0x36, 0x95, 0x36, 0x9d, 0x15, 0x9d, 0x15, 0x9d,
    0x15, 0x9d, 0xf5, 0x9c, 0xf4, 0x9c, 0xf4, 0x9c, 0xf4, 0x9c, 0xd4, 0x94,
    0xd4, 0x94, 0xd4, 0x94, 0xb4, 0x94, 0xb3, 0x94, 0xb3, 0x94, 0xb3, 0x8c,
    0x93, 0x8c, 0x93, 0x8c, 0x93, 0x8c, 0x73, 0x8c, 0x72, 0x8c, 0x72, 0x8c,
    0x52, 0x84, 0x52, 0x84, 0x52, 0x84, 0x52, 0x84, 0x32, 0x84, 0x32, 0x84,
    0x31, 0x7c, 0x11, 0x7c, 0x11, 0x7c, 0x11, 0x7c, 0xf1, 0x7b, 0xf1, 0x7b,
    0xf1, 0x73, 0xf0, 0x73, 0xd0, 0x73, 0xd0, 0x73, 0xd0, 0x73, 0xb0, 0x73,
    0xb0, 0x73, 0xb0, 0x6b, 0x8f, 0x6b, 0x8f, 0x6b, 0x8f, 0x6b, 0x8f, 0x6b,
    0x6f, 0x63, 0x8f, 0x63, 0x90, 0x63, 0x90, 0x5b, 0xb1, 0x53, 0xd3, 0x43,
    0x15, 0x3c, 0xdb, 0x14, 0x5f, 0x05, 0x5f, 0x05, 0x5f, 0x05, 0x5f, 0x05,
    0x5f, 0x05, 0x5f, 0x05, 0x99, 0x14, 0x50, 0x33, 0xee, 0x3a, 0xab, 0x42,
    0x6a, 0x4a, 0x49, 0x4a, 0x49, 0x52, 0x28, 0x52, 0x28, 0x52, 0x28, 0x52,
    0x28, 0x52, 0x28, 0x52, 0x28, 0x52, 0x28, 0x52, 0x28, 0x52, 0x28, 0x52,
    0x28, 0x52, 0x28, 0x52, 0x28, 0x52, 0x28, 0x52, 0x28, 0x52, 0x28, 0x52,
    0x28, 0x52, 0x28, 0x52, 0x28, 0x52, 0x28, 0x52, 0x28, 0x52, 0x28, 0x52,
    0x28, 0x52, 0x28, 0x52, 0x28, 0x52, 0x28, 0x52, 0x28, 0x52, 0x28, 0x52,
    0x28, 0x52, 0x28, 0x52, 0x28, 0x52, 0x28, 0x52, 0x28, 0x52, 0x28, 0x52,
    0x28, 0x52, 0x28, 0x52, 0x28, 0x52, 0x28, 0x52, 0x28, 0x52, 0x28, 0x52,
    0x28, 0x52, 0x28, 0x52, 0x28, 0x52, 0x28, 0x52, 0x28, 0x52, 0x28, 0x52,
    0x28, 0x52, 0x28, 0x52, 0x28, 0x52, 0x28, 0x52, 0x28, 0x52, 0x28, 0x52,
    0x28, 0x52, 0x28, 0x52, 0x28, 0x52, 0x28, 0x52, 0x28, 0x52, 0x28, 0x52,
    0x28, 0x52, 0x28, 0x52, 0x28, 0x52, 0x28, 0x52, 0x28, 0x52, 0x28, 0x52,
    0x28, 0x52, 0x28, 0x52, 0x28, 0x52, 0x28, 0x52, 0x49, 0x52, 0x49, 0x4a,
    0x8b, 0x4a, 0xcc, 0x42, 0x2f, 0x63, 0x92, 0x33, 0x3e, 0x05, 0x5f, 0x05,
    0x5f, 0x05, 0x5f, 0x05, 0x5f, 0x05, 0x5f, 0x05, 0x5f, 0x05, 0x5c, 0x3d,
    0x59, 0x6d, 0x38, 0x7d, 0x37, 0x85, 0x36, 0x95, 0x35, 0x95, 0x15, 0x9d,
    0x15, 0x9d, 0xf5, 0x9c, 0xf4, 0x9c, 0xf4, 0x9c, 0xd4, 0x94, 0xd4, 0x94,
    0xd4, 0x94, 0xd4, 0x94, 0xb3, 0x94, 0xb3, 0x94, 0xb3, 0x94, 0x93, 0x8c,
    0x93, 0x8c, 0x93, 0x8c, 0x73, 0x8c, 0x73, 0x8c, 0x72, 0x8c, 0x72, 0x84,
    0x52, 0x84, 0x52, 0x84, 0x52, 0x84, 0x32, 0x84, 0x32, 0x84, 0x31, 0x84,
    0x11, 0x7c, 0x11, 0x7c, 0x11, 0x7c, 0x11, 0x7c, 0xf1, 0x7b, 0xf1, 0x7b,
    0xf0, 0x73, 0xd0, 0x73, 0xd0, 0x73, 0xd0, 0x73, 0xb0, 0x73, 0xb0, 0x73,
    0xb0, 0x6b, 0xb0, 0x6b, 0x8f, 0x6b, 0x8f, 0x6b, 0x8f, 0x6b, 0x8f, 0x63,
    0x8f, 0x63, 0x90, 0x63, 0x90, 0x5b, 0xb1, 0x53, 0xd3, 0x4b, 0xf4, 0x3b,
    0x99, 0x24, 0x5f, 0x05, 0x5f, 0x05, 0x5f, 0x05, 0x5f, 0x05, 0x5f, 0x05,
    0x5f, 0x05, 0x3e, 0x05, 0x92, 0x33, 0x2f, 0x63, 0xcc, 0x42, 0x8b, 0x4a,
    0x49, 0x4a, 0x49, 0x52, 0x28, 0x52, 0x28, 0x52, 0x28, 0x52, 0x28, 0x52,
    0x28, 0x52, 0x28, 0x52, 0x28, 0x52, 0x28, 0x52, 0x28, 0x52, 0x28, 0x52,
    0x28, 0x52, 0x28, 0x52, 0x28, 0x52, 0x28, 0x52, 0x28, 0x52, 0x28, 0x52,
    0x28, 0x52, 0x28, 0x52, 0x28, 0x52, 0x28, 0x52, 0x28, 0x52, 0x28, 0x52,
    0x28, 0x52, 0x28, 0x52, 0x28, 0x52, 0x28, 0x52, 0x28, 0x52, 0x28, 0x52,
    0x28, 0x52, 0x28, 0x52, 0x28, 0x52, 0x28, 0x52, 0x28, 0x52, 0x28, 0x52,
    0x28, 0x52, 0x28, 0x52, 0x28, 0x52, 0x28, 0x52, 0x28, 0x52, 0x28, 0x52,
    0x28, 0x52, 0x28, 0x52, 0x28, 0x52, 0x28, 0x52, 0x28, 0x52, 0x28, 0x52,
    0x28, 0x52, 0x28, 0x52, 0x28, 0x52, 0x28, 0x52, 0x28, 0x52, 0x28, 0x52,
    0x28, 0x52, 0x28, 0x52, 0x28, 0x52, 0x28, 0x52, 0x28, 0x52, 0x28, 0x52,
    0x28, 0x52, 0x28, 0x52, 0x28, 0x52, 0x28, 0x52, 0x28, 0x52, 0x28, 0x52,
    0x6a, 0x72, 0x6a, 0x72, 0x6a, 0x72, 0xcb, 0x9a, 0x0c, 0xbb, 0x0d, 0xbb,
    0x4e, 0xe3, 0x4e, 0xe3, 0x2e, 0x93, 0x30, 0x33, 0x37, 0x1c, 0x5f, 0x05,
    0x5f, 0x05, 0x5f, 0x05, 0x5f, 0x05, 0x5f, 0x05, 0x5f, 0x05, 0x5f, 0x05,
    0x5a, 0x4d, 0x38, 0x6d, 0x37, 0x7d, 0x16, 0x85, 0x16, 0x8d, 0x15, 0x95,
    0xf5, 0x94, 0xf4, 0x94, 0xf4, 0x94, 0xd4, 0x94, 0xd4, 0x94, 0xd4, 0x94,
    0xb4, 0x94, 0xb3, 0x94, 0xb3, 0x94, 0xb3, 0x8c, 0x93, 0x8c, 0x93, 0x8c,
    0x93, 0x8c, 0x73, 0x8c, 0x72, 0x8c, 0x72, 0x8c, 0x52, 0x84, 0x52, 0x84,
    0x52, 0x84, 0x52, 0x84, 0x32, 0x84, 0x32, 0x84, 0x31, 0x7c, 0x11, 0x7c,
    0x11, 0x7c, 0x11, 0x7c, 0xf1, 0x7b, 0xf1, 0x7b, 0xf1, 0x73, 0xf0, 0x73,
    0xd0, 0x73, 0xd0, 0x73, 0xd0, 0x73, 0xb0, 0x73, 0xb0, 0x73, 0xb0, 0x6b,
    0x8f, 0x6b, 0x8f, 0x6b, 0x8f, 0x6b, 0x8f, 0x6b, 0x6f, 0x63, 0x6f, 0x63,
    0x8f, 0x63, 0x90, 0x5b, 0x91, 0x53, 0xd2, 0x4b, 0xf4, 0x43, 0x57, 0x2c,
    0x5f, 0x05, 0x5f, 0x05, 0x5f, 0x05, 0x5f, 0x05, 0x5f, 0x05, 0x5f, 0x05,
    0x5f, 0x05, 0x37, 0x1c, 0x30, 0x33, 0x2e, 0x93, 0x4e, 0xe3, 0x4e, 0xe3,
    0x0d, 0xbb, 0xcb, 0x9a, 0xcb, 0x9a, 0xcb, 0x9a, 0x6a, 0x72, 0x6a, 0x72,
    0x28, 0x52, 0x28, 0x52, 0x28, 0x52, 0x28, 0x52, 0x28, 0x52, 0x28, 0x52,
    0x28, 0x52, 0x28, 0x52, 0x28, 0x52, 0x28, 0x52, 0x28, 0x52, 0x28, 0x52,
    0x28, 0x52, 0x28, 0x52, 0x28, 0x52, 0x28, 0x52, 0x28, 0x52, 0x28, 0x52,
    0x28, 0x52, 0x28, 0x52, 0x28, 0x52, 0x28, 0x52, 0x28, 0x52, 0x28, 0x52,
    0x28, 0x52, 0x28, 0x52, 0x28, 0x52, 0x28, 0x52, 0x28, 0x52, 0x28, 0x52,
    0x28, 0x52, 0x28, 0x52, 0x28, 0x52, 0x28, 0x52, 0x28, 0x52, 0x28, 0x52,
    0x28, 0x52, 0x28, 0x52, 0x28, 0x52, 0x28, 0x52, 0x28, 0x52, 0x28, 0x52,
    0x28, 0x52, 0x28, 0x52, 0x28, 0x52, 0x28, 0x52, 0x28, 0x52, 0x28, 0x52,
    0x28, 0x52, 0x28, 0x52, 0x28, 0x52, 0x28, 0x52, 0x28, 0x52, 0x28, 0x52,
    0x28, 0x52, 0x28, 0x52, 0xcb, 0x9a, 0x0c, 0xbb, 0x0c, 0xbb, 0x4e, 0xe3,
    0x4e, 0xe3, 0x4e, 0xe3, 0x4e, 0xe3, 0x4e, 0xe3, 0x4e, 0xe3, 0x4e, 0xe3,
    0x4e, 0xe3, 0xec, 0x92, 0xac, 0x42, 0x0e, 0x3b, 0x51, 0x33, 0xdb, 0x0c,
    0x5f, 0x05, 0x5f, 0x05, 0x5f, 0x05, 0x5f, 0x05, 0x5f, 0x05, 0x5f, 0x05,
    0x5e, 0x15, 0x3a, 0x5d, 0x38, 0x6d, 0x37, 0x7d, 0x16, 0x85, 0x15, 0x8d,
    0xf5, 0x94, 0xf5, 0x94, 0xf4, 0x94, 0xd4, 0x94, 0xd4, 0x94, 0xb4, 0x94,
    0xb3, 0x94, 0xb3, 0x94, 0xb3, 0x94, 0x93, 0x8c, 0x93, 0x8c, 0x93, 0x8c,
    0x73, 0x8c, 0x73, 0x8c, 0x72, 0x8c, 0x72, 0x84, 0x52, 0x84, 0x52, 0x84,
    0x52, 0x84, 0x32, 0x84, 0x32, 0x84, 0x31, 0x7c, 0x11, 0x7c, 0x11, 0x7c,
    0x11, 0x7c, 0x11, 0x7c, 0xf1, 0x7b, 0xf1, 0x7b, 0xf0, 0x73, 0xd0, 0x73,
    0xd0, 0x73, 0xd0, 0x73, 0xb0, 0x73, 0xb0, 0x73, 0xb0, 0x6b, 0xb0, 0x6b,
    0x90, 0x6b, 0x8f, 0x6b, 0x8f, 0x6b, 0x8f, 0x63, 0x8f, 0x63, 0x90, 0x63,
    0x90, 0x5b, 0x91, 0x53, 0xd2, 0x4b, 0xf4, 0x43, 0x36, 0x34, 0x1e, 0x0d,
    0x5f, 0x05, 0x5f, 0x05, 0x5f, 0x05, 0x5f, 0x05, 0x5f, 0x05, 0x5f, 0x05,
    0xdb, 0x0c, 0x71, 0x33, 0xee, 0x3a, 0xac, 0x42, 0x2d, 0xbb, 0x4e, 0xe3,
    0x4e, 0xe3, 0x4e, 0xe3, 0x4e, 0xe3, 0x4e, 0xe3, 0x4e, 0xe3, 0x4e, 0xe3,
    0x4e, 0xe3, 0x4e, 0xe3, 0x0c, 0xbb, 0x6a, 0x72, 0x28, 0x52, 0x28, 0x52,
    0x28, 0x52, 0x28, 0x52, 0x28, 0x52, 0x28, 0x52, 0x28, 0x52, 0x28, 0x52,
    0x28, 0x52, 0x28, 0x52, 0x28, 0x52, 0x28, 0x52, 0x28, 0x52, 0x28, 0x52,
    0x28, 0x52, 0x28, 0x52, 0x28, 0x52, 0x28, 0x52, 0x28, 0x52, 0x28, 0x52,
    0x28, 0x52, 0x28, 0x52, 0x28, 0x52, 0x28, 0x52, 0x28, 0x52, 0x28, 0x52,
    0x28, 0x52, 0x28, 0x52, 0x28, 0x52, 0x28, 0x52, 0x28, 0x52, 0x28, 0x52,
    0x28, 0x52, 0x28, 0x52, 0x28, 0x52, 0x28, 0x52, 0x28, 0x52, 0x28, 0x52,
    0x28, 0x52, 0x28, 0x52, 0x28, 0x52, 0x28, 0x52, 0x28, 0x52, 0x28, 0x52,
    0x28, 0x52, 0x28, 0x52, 0x28, 0x52, 0x28, 0x52, 0x28, 0x52, 0x28, 0x52,
    0x28, 0x52, 0x28, 0x52, 0x6a, 0x72, 0x4e, 0xe3, 0x4e, 0xe3, 0x4e, 0xe3,
    0x4e, 0xe3, 0x4e, 0xe3, 0x4e, 0xe3, 0x4e, 0xe3, 0x4e, 0xe3, 0x4e, 0xe3,
    0x4e, 0xe3, 0x4a, 0x4a, 0x8b, 0x42, 0xcd, 0x42, 0x0f, 0x3b, 0xb3, 0x2b,
    0x3e, 0x05, 0x5f, 0x05, 0x5f, 0x05, 0x5f, 0x05, 0x5f, 0x05, 0x5f, 0x05,
    0x5f, 0x05, 0x5e, 0x1d, 0x39, 0x5d, 0x18, 0x6d, 0x17, 0x7d, 0xf6, 0x84,
    0xf5, 0x8c, 0xf5, 0x8c, 0xd4, 0x94, 0xd4, 0x94, 0xb4, 0x94, 0xb4, 0x94,
    0xb3, 0x8c, 0xb3, 0x8c, 0x93, 0x8c, 0x93, 0x8c, 0x93, 0x8c, 0x73, 0x8c,
    0x72, 0x8c, 0x72, 0x8c, 0x52, 0x84, 0x52, 0x84, 0x52, 0x84, 0x52, 0x84,
    0x32, 0x84, 0x32, 0x84, 0x31, 0x7c, 0x11, 0x7c, 0x11, 0x7c, 0x11, 0x7c,
    0xf1, 0x7b, 0xf1, 0x7b, 0xf1, 0x73, 0xf0, 0x73, 0xd0, 0x73, 0xd0, 0x73,
    0xd0, 0x73, 0xb0, 0x73, 0xb0, 0x73, 0xb0, 0x6b, 0x8f, 0x6b, 0x8f, 0x6b,
    0x8f, 0x6b, 0x8f, 0x6b, 0x6f, 0x63, 0x6f, 0x63, 0x90, 0x63, 0x90, 0x5b,
    0xb1, 0x53, 0xd2, 0x4b, 0xf4, 0x43, 0x15, 0x3c, 0x1d, 0x0d, 0x5f, 0x05,
    0x5f, 0x05, 0x5f, 0x05, 0x5f, 0x05, 0x5f, 0x05, 0x5f, 0x05, 0x3e, 0x05,
    0xb3, 0x2b, 0x0f, 0x3b, 0xcd, 0x42, 0x8b, 0x4a, 0x4a, 0x4a, 0x0d, 0xbb,
    0x4e, 0xe3, 0x4e, 0xe3, 0x4e, 0xe3, 0x4e, 0xe3, 0x4e, 0xe3, 0x4e, 0xe3,
    0x4e, 0xe3, 0x4e, 0xe3, 0x4e, 0xe3, 0xcb, 0x9a, 0x28, 0x52, 0x28, 0x52,
    0x28, 0x52, 0x28, 0x52, 0x28, 0x52, 0x28, 0x52, 0x28, 0x52, 0x28, 0x52,
    0x28, 0x52, 0x28, 0x52, 0x28, 0x52, 0x28, 0x52, 0x28, 0x52, 0x28, 0x52,
    0x28, 0x52, 0x28, 0x52, 0x28, 0x52, 0x28, 0x52, 0x28, 0x52, 0x28, 0x52,
    0x28, 0x52, 0x28, 0x52, 0x28, 0x52, 0x28, 0x52, 0x28, 0x52, 0x28, 0x52,
    0x28, 0x52, 0x28, 0x52, 0x28, 0x52, 0x28, 0x52, 0x28, 0x52, 0x28, 0x52,
    0x28, 0x52, 0x28, 0x52, 0x28, 0x52, 0x28, 0x52, 0x28, 0x52, 0x28, 0x52,
    0x28, 0x52, 0x28, 0x52, 0x28, 0x52, 0x28, 0x52, 0x28, 0x52, 0x28, 0x52,
    0x28, 0x52, 0x28, 0x52, 0x28, 0x52, 0x28, 0x52, 0x28, 0x52, 0x28, 0x52,
    0x28, 0x52, 0x28, 0x52, 0x28, 0x52, 0x0c, 0xbb, 0x4e, 0xe3, 0x4e, 0xe3,
    0x4e, 0xe3, 0x4e, 0xe3, 0x4e, 0xe3, 0x4e, 0xe3, 0x4e, 0xe3, 0x4e, 0xe3,
    0x8a, 0x72, 0x49, 0x4a, 0x6a, 0x4a, 0xab, 0x42, 0xed, 0x3a, 0x30, 0x33,
    0x17, 0x24, 0x5f, 0x05, 0x5f, 0x05, 0x5f, 0x05, 0x5f, 0x05, 0x5f, 0x05,
    0x5f, 0x05, 0x5f, 0x05, 0x5e, 0x1d, 0x39, 0x5d, 0x18, 0x6d, 0x17, 0x75,
    0xf6, 0x7c, 0xf5, 0x84, 0xd5, 0x8c, 0xd4, 0x8c, 0xd4, 0x8c, 0xb4, 0x8c,
    0xb3, 0x8c, 0x93, 0x8c, 0x93, 0x8c, 0x93, 0x8c, 0x73, 0x8c, 0x73, 0x8c,
    0x72, 0x8c, 0x72, 0x84, 0x52, 0x84, 0x52, 0x84, 0x52, 0x84, 0x32, 0x84,
    0x32, 0x84, 0x31, 0x84, 0x11, 0x7c, 0x11, 0x7c, 0x11, 0x7c, 0x11, 0x7c,
    0xf1, 0x7b, 0xf1, 0x7b, 0xf0, 0x73, 0xd0, 0x73, 0xd0, 0x73, 0xd0, 0x73,
    0xb0, 0x73, 0xb0, 0x73, 0xb0, 0x6b, 0xb0, 0x6b, 0x90, 0x6b, 0x8f, 0x6b,
    0x8f, 0x6b, 0x90, 0x63, 0x90, 0x63, 0x90, 0x63, 0x90, 0x5b, 0xb1, 0x53,
    0xd2, 0x4b, 0xf4, 0x43, 0x15, 0x3c, 0xfc, 0x14, 0x5f, 0x05, 0x5f, 0x05,
    0x5f, 0x05, 0x5f, 0x05, 0x5f, 0x05, 0x5f, 0x05, 0x5f, 0x05, 0x17, 0x24,
    0x30, 0x33, 0xed, 0x3a, 0xab, 0x42, 0x6a, 0x4a, 0x49, 0x4a, 0x8a, 0x72,
    0x4e, 0xe3, 0x4e, 0xe3, 0x4e, 0xe3, 0x4e, 0xe3, 0x4e, 0xe3, 0x4e, 0xe3,
    0x4e, 0xe3, 0x4e, 0xe3, 0xcb, 0x9a, 0x28, 0x52, 0x28, 0x52, 0x28, 0x52,
    0x28, 0x52, 0x28, 0x52, 0x28, 0x52, 0x28, 0x52, 0x28, 0x52, 0x28, 0x52,
    0x28, 0x52, 0x28, 0x52, 0x28, 0x52, 0x28, 0x52, 0x28, 0x52, 0x28, 0x52,
    0x28, 0x52, 0x28, 0x52, 0x28, 0x52, 0x28, 0x52, 0x28, 0x52, 0x28, 0x52,
    0x28, 0x52, 0x28, 0x52, 0x28, 0x52, 0x28, 0x52, 0x28, 0x52, 0x28, 0x52,
    0x28, 0x52, 0x28, 0x52, 0x28, 0x52, 0x28, 0x52, 0x28, 0x52, 0x28, 0x52,
    0x28, 0x52, 0x28, 0x52, 0x28, 0x52, 0x28, 0x52, 0x28, 0x52, 0x28, 0x52,
    0x28, 0x52, 0x28, 0x52, 0x28, 0x52, 0x28, 0x52, 0x28, 0x52, 0x28, 0x52,
    0x28, 0x52, 0x28, 0x52, 0x28, 0x52, 0x28, 0x52, 0x28, 0x52, 0x28, 0x52,
    0x28, 0x52, 0x28, 0x52, 0x28, 0x52, 0x69, 0x72, 0x4e, 0xe3, 0x4e, 0xe3,
    0x4e, 0xe3, 0x4e, 0xe3, 0x4e, 0xe3, 0x4e, 0xe3, 0x4e, 0xe3, 0xcb, 0x9a,
    0x28, 0x52, 0x29, 0x4a, 0x49, 0x4a, 0x6a, 0x4a, 0xac, 0x42, 0xee, 0x3a,
    0x50, 0x33, 0x79, 0x14, 0x5f, 0x05, 0x5f, 0x05, 0x5f, 0x05, 0x5f, 0x05,
    0x5f, 0x05, 0x5f, 0x05, 0x5f, 0x05, 0x5e, 0x15, 0x19, 0x55, 0x18, 0x65,
    0xf7, 0x74, 0xf6, 0x7c, 0xd5, 0x84, 0xb4, 0x84, 0xb4, 0x8c, 0xb4, 0x8c,
    0x93, 0x8c, 0x93, 0x8c, 0x93, 0x8c, 0x73, 0x8c, 0x72, 0x8c, 0x72, 0x8c,
    0x52, 0x84, 0x52, 0x84, 0x52, 0x84, 0x52, 0x84, 0x32, 0x84, 0x32, 0x84,
    0x31, 0x7c, 0x11, 0x7c, 0x11, 0x7c, 0x11, 0x7c, 0xf1, 0x7b, 0xf1, 0x7b,
    0xf1, 0x73, 0xf0, 0x73, 0xd0, 0x73, 0xd0, 0x73, 0xd0, 0x73, 0xb0, 0x73,
    0xb0, 0x73, 0xb0, 0x6b, 0x90, 0x6b, 0x8f, 0x6b, 0x8f, 0x6b, 0x8f, 0x6b,
    0x90, 0x63, 0x90, 0x63, 0x90, 0x5b, 0x91, 0x5b, 0xb1, 0x53, 0xd3, 0x4b,
    0xf4, 0x43, 0x35, 0x34, 0x1d, 0x0d, 0x5f, 0x05, 0x5f, 0x05, 0x5f, 0x05,
    0x5f, 0x05, 0x5f, 0x05, 0x5f, 0x05, 0x5f, 0x05, 0x79, 0x14, 0x50, 0x33,
    0xee, 0x3a, 0xac, 0x42, 0x6a, 0x4a, 0x49, 0x4a, 0x29, 0x4a, 0x28, 0x52,
    0xcb, 0x9a, 0x4e, 0xe3, 0x4e, 0xe3, 0x4e, 0xe3, 0x4e, 0xe3, 0x4e, 0xe3,
    0x4e, 0xe3, 0x4e, 0xe3, 0x28, 0x52, 0x28, 0x52, 0x28, 0x52, 0x28, 0x52,
    0x28, 0x52, 0x28, 0x52, 0x28, 0x52, 0x28, 0x52, 0x28, 0x52, 0x28, 0x52,
    0x28, 0x52, 0x28, 0x52, 0x28, 0x52, 0x28, 0x52, 0x28, 0x52, 0x28, 0x52,
    0x28, 0x52, 0x28, 0x52, 0x28, 0x52, 0x28, 0x52, 0x28, 0x52, 0x28, 0x52,
    0x28, 0x52, 0x28, 0x52, 0x28, 0x52, 0x28, 0x52, 0x28, 0x52, 0x28, 0x52,
    0x28, 0x52, 0x28, 0x52, 0x28, 0x52, 0x28, 0x52, 0x28, 0x52, 0x28, 0x52,
    0x28, 0x52, 0x28, 0x52, 0x28, 0x52, 0x28, 0x52, 0x28, 0x52, 0x28, 0x52,
    0x28, 0x52, 0x28, 0x52, 0x28, 0x52, 0x28, 0x52, 0x28, 0x52, 0x28, 0x52,
    0x28, 0x52, 0x28, 0x52, 0x28, 0x52, 0x28, 0x52, 0x28, 0x52, 0x28, 0x52,
    0x28, 0x52, 0x28, 0x52, 0x28, 0x52, 0x28, 0x52, 0xcb, 0x9a, 0x4e, 0xe3,
    0x4e, 0xe3, 0x4e, 0xe3, 0x4e, 0xe3, 0x4e, 0xe3, 0xcb, 0x9a, 0x28, 0x52,
    0x28, 0x52, 0x29, 0x52, 0x29, 0x4a, 0x4a, 0x4a, 0x6b, 0x4a, 0xcc, 0x42,
    0x0e, 0x3b, 0x51, 0x33, 0xbb, 0x14, 0x5f, 0x05, 0x5f, 0x05, 0x5f, 0x05,
    0x5f, 0x05, 0x5f, 0x05, 0x5f, 0x05, 0x5f, 0x05, 0x5e, 0x15, 0x1a, 0x4d,
    0xf8, 0x64, 0xf7, 0x6c, 0xd6, 0x74, 0xd5, 0x7c, 0xb4, 0x84, 0xb4, 0x84,
    0x94, 0x84, 0x93, 0x8c, 0x93, 0x8c, 0x73, 0x8c, 0x73, 0x84, 0x72, 0x84,
    0x52, 0x84, 0x52, 0x84, 0x32, 0x84, 0x32, 0x84, 0x32, 0x84, 0x31, 0x84,
    0x11, 0x7c, 0x11, 0x7c, 0x11, 0x7c, 0x11, 0x7c, 0xf1, 0x7b, 0xf1, 0x7b,
    0xf0, 0x73, 0xd0, 0x73, 0xd0, 0x73, 0xd0, 0x73, 0xb0, 0x73, 0xb0, 0x73,
    0xb0, 0x6b, 0xb0, 0x6b, 0xb0, 0x6b, 0x90, 0x6b, 0x90, 0x63, 0x90, 0x63,
    0x90, 0x63, 0xb0, 0x5b, 0xb1, 0x53, 0xb2, 0x53, 0xd3, 0x43, 0x14, 0x3c,
    0x57, 0x2c, 0x1e, 0x0d, 0x5f, 0x05, 0x5f, 0x05, 0x5f, 0x05, 0x5f, 0x05,
    0x5f, 0x05, 0x5f, 0x05, 0x5f, 0x05, 0xbb, 0x14, 0x51, 0x33, 0x0e, 0x3b,
    0xac, 0x42, 0x8b, 0x4a, 0x4a, 0x4a, 0x49, 0x4a, 0x28, 0x52, 0x28, 0x52,
    0x28, 0x52, 0x0c, 0xbb, 0x4e, 0xe3, 0x4e, 0xe3, 0x4e, 0xe3, 0x4e, 0xe3,
    0x4e, 0xe3, 0xcb, 0x9a, 0x28, 0x52, 0x28, 0x52, 0x28, 0x52, 0x28, 0x52,
    0x28, 0x52, 0x28, 0x52, 0x28, 0x52, 0x28, 0x52, 0x28, 0x52, 0x28, 0x52,
    0x28, 0x52, 0x28, 0x52, 0x28, 0x52, 0x28, 0x52, 0x28, 0x52, 0x28, 0x52,
    0x28, 0x52, 0x28, 0x52, 0x28, 0x52, 0x28, 0x52, 0x28, 0x52, 0x28, 0x52,
    0x28, 0x52, 0x28, 0x52, 0x28, 0x52, 0x28, 0x52, 0x28, 0x52, 0x28, 0x52,
    0x28, 0x52, 0x28, 0x52, 0x28, 0x52, 0x28, 0x52, 0x28, 0x52, 0x28, 0x52,
    0x28, 0x52, 0x28, 0x52, 0x28, 0x52, 0x28, 0x52, 0x28, 0x52, 0x28, 0x52,
    0x28, 0x52, 0x28, 0x52, 0x28, 0x52, 0x28, 0x52, 0x28, 0x52, 0x28, 0x52,
    0x28, 0x52, 0x28, 0x52, 0x28, 0x52, 0x28, 0x52, 0x28, 0x52, 0x28, 0x52,
    0x28, 0x52, 0x28, 0x52, 0x28, 0x52, 0x28, 0x52, 0x28, 0x52, 0x0c, 0xbb,
    0x4e, 0xe3, 0x4e, 0xe3, 0x4e, 0xe3, 0x0c, 0xbb, 0x28, 0x52, 0x28, 0x52,
    0x28, 0x52, 0x28, 0x52, 0x28, 0x52, 0x49, 0x4a, 0x4a, 0x4a, 0x8b, 0x42,
    0xcd, 0x42, 0x0f, 0x3b, 0x71, 0x33, 0xdc, 0x0c, 0x5f, 0x05, 0x5f, 0x05,
    0x5f, 0x05, 0x5f, 0x05, 0x5f, 0x05, 0x5f, 0x05, 0x5f, 0x05, 0x5f, 0x05,
    0x1b, 0x35, 0xf8, 0x5c, 0xf7, 0x64, 0xd6, 0x6c, 0xb5, 0x74, 0xb5, 0x7c,
    0x94, 0x7c, 0x94, 0x84, 0x73, 0x84, 0x73, 0x84, 0x52, 0x84, 0x52, 0x84,
    0x52, 0x84, 0x52, 0x84, 0x32, 0x84, 0x32, 0x7c, 0x11, 0x7c, 0x11, 0x7c,
    0x11, 0x7c, 0x11, 0x7c, 0xf1, 0x7b, 0xf1, 0x7b, 0xf1, 0x73, 0xf0, 0x73,
    0xd0, 0x73, 0xd0, 0x73, 0xd0, 0x73, 0xd0, 0x73, 0xb0, 0x6b, 0xb0, 0x6b,
    0xb0, 0x6b, 0x90, 0x6b, 0x90, 0x63, 0x90, 0x63, 0x90, 0x63, 0xb0, 0x5b,
    0xb1, 0x5b, 0xb2, 0x53, 0xd2, 0x4b, 0xf4, 0x43, 0x15, 0x3c, 0x99, 0x24,
    0x3f, 0x05, 0x5f, 0x05, 0x5f, 0x05, 0x5f, 0x05, 0x5f, 0x05, 0x5f, 0x05,
    0x5f, 0x05, 0x5f, 0x05, 0xdc, 0x0c, 0x71, 0x33, 0x0f, 0x3b, 0xcd, 0x42,
    0x8b, 0x42, 0x4a, 0x4a, 0x49, 0x4a, 0x28, 0x52, 0x28, 0x52, 0x28, 0x52,
    0x28, 0x52, 0x28, 0x52, 0x0c, 0xbb, 0x4e, 0xe3, 0x4e, 0xe3, 0x4e, 0xe3,
    0x4e, 0xe3, 0x28, 0x52, 0x28, 0x52, 0x28, 0x52, 0x28, 0x52, 0x28, 0x52,
    0x28, 0x52, 0x28, 0x52, 0x28, 0x52, 0x28, 0x52, 0x28, 0x52, 0x28, 0x52,
    0x28, 0x52, 0x28, 0x52, 0x28, 0x52, 0x28, 0x52, 0x28, 0x52, 0x28, 0x52,
    0x28, 0x52, 0x28, 0x52, 0x28, 0x52, 0x28, 0x52, 0x28, 0x52, 0x28, 0x52,
    0x28, 0x52, 0x28, 0x52, 0x28, 0x52, 0x28, 0x52, 0x28, 0x52, 0x28, 0x52,
    0x28, 0x52, 0x28, 0x52, 0x28, 0x52, 0x28, 0x52, 0x28, 0x52, 0x28, 0x52,
    0x28, 0x52, 0x28, 0x52, 0x28, 0x52, 0x28, 0x52, 0x28, 0x52, 0x28, 0x52,
    0x28, 0x52, 0x28, 0x52, 0x28, 0x52, 0x28, 0x52, 0x28, 0x52, 0x28, 0x52,
    0x28, 0x52, 0x28, 0x52, 0x28, 0x52, 0x28, 0x52, 0x28, 0x52, 0x28, 0x52,
    0x28, 0x52, 0x28, 0x52, 0x28, 0x52, 0x28, 0x52, 0x28, 0x52, 0x69, 0x72,
    0x4e, 0xe3, 0x4e, 0xe3, 0x4e, 0xe3, 0x69, 0x72, 0x28, 0x52, 0x28, 0x52,
    0x28, 0x52, 0x28, 0x52, 0x28, 0x52, 0x29, 0x4a, 0x49, 0x4a, 0x6a, 0x4a,
    0x8b, 0x42, 0xcd, 0x42, 0x0f, 0x3b, 0x71, 0x33, 0xdc, 0x0c, 0x5f, 0x05,
    0x5f, 0x05, 0x5f, 0x05, 0x5f, 0x05, 0x5f, 0x05, 0x5f, 0x05, 0x5f, 0x05,
    0x5f, 0x05, 0x3d, 0x25, 0xf8, 0x54, 0xd7, 0x5c, 0xd6, 0x64, 0xb6, 0x6c,
    0xb5, 0x74, 0x94, 0x7c, 0x94, 0x7c, 0x73, 0x7c, 0x73, 0x7c, 0x53, 0x84,
    0x52, 0x7c, 0x32, 0x7c, 0x32, 0x7c, 0x32, 0x7c, 0x11, 0x7c, 0x11, 0x7c,
    0x11, 0x7c, 0x11, 0x7c, 0xf1, 0x7b, 0xf1, 0x73, 0xf1, 0x73, 0xd1, 0x73,
    0xd0, 0x73, 0xd0, 0x73, 0xd0, 0x73, 0xb0, 0x6b, 0xb0, 0x6b, 0xb0, 0x6b,
    0xb0, 0x6b, 0xb0, 0x63, 0xb0, 0x63, 0xb1, 0x5b, 0xb1, 0x5b, 0xb1, 0x53,
    0xd2, 0x4b, 0xf3, 0x4b, 0x14, 0x44, 0x36, 0x3c, 0xdb, 0x14, 0x5f, 0x05,
    0x5f, 0x05, 0x5f, 0x05, 0x5f, 0x05, 0x5f, 0x05, 0x5f, 0x05, 0x5f, 0x05,
    0x5f, 0x05, 0xdc, 0x0c, 0x71, 0x33, 0x0f, 0x3b, 0xcd, 0x42, 0x8b, 0x42,
    0x6a, 0x4a, 0x49, 0x4a, 0x29, 0x4a, 0x28, 0x52, 0x28, 0x52, 0x28, 0x52,
    0x28, 0x52, 0x28, 0x52, 0x69, 0x72, 0x4e, 0xe3, 0x4e, 0xe3, 0x4e, 0xe3,
    0xcb, 0x9a, 0x28, 0x52, 0x28, 0x52, 0x28, 0x52, 0x28, 0x52, 0x28, 0x52,
    0x28, 0x52, 0x28, 0x52, 0x28, 0x52, 0x28, 0x52, 0x28, 0x52, 0x28, 0x52,
    0x28, 0x52, 0x28, 0x52, 0x28, 0x52, 0x28, 0x52, 0x28, 0x52, 0x28, 0x52,
    0x28, 0x52, 0x28, 0x52, 0x28, 0x52, 0x28, 0x52, 0x28, 0x52, 0x28, 0x52,
    0x28, 0x52, 0x28, 0x52, 0x28, 0x52, 0x28, 0x52, 0x28, 0x52, 0x28, 0x52,
    0x08, 0x52, 0x08, 0x52, 0x08, 0x52, 0x08, 0x52, 0x08, 0x52, 0x08, 0x52,
    0x08, 0x52, 0x08, 0x52, 0x08, 0x52, 0x08, 0x52, 0x08, 0x52, 0x08, 0x52,
    0x08, 0x52, 0x08, 0x52, 0x08, 0x52, 0x08, 0x52, 0x08, 0x52, 0x08, 0x52,
    0x08, 0x52, 0x08, 0x52, 0x08, 0x52, 0x08, 0x52, 0x08, 0x52, 0x08, 0x52,
    0x08, 0x52, 0x08, 0x52, 0x08, 0x52, 0x08, 0x52, 0x08, 0x52, 0x08, 0x52,
    0x0c, 0xbb, 0x4e, 0xe3, 0xab, 0x9a, 0x08, 0x52, 0x08, 0x52, 0x08, 0x52,
    0x08, 0x52, 0x08, 0x52, 0x08, 0x52, 0x28, 0x4a, 0x28, 0x4a, 0x49, 0x4a,
    0x4a, 0x4a, 0x8b, 0x42, 0xcd, 0x3a, 0x0f, 0x3b, 0x71, 0x33, 0xdc, 0x0c,
    0x5f, 0x05, 0x5f, 0x05, 0x5f, 0x05, 0x5f, 0x05, 0x5f, 0x05, 0x5f, 0x05,
    0x5f, 0x05, 0x5f, 0x05, 0x5e, 0x0d, 0x1b, 0x35, 0xd8, 0x54, 0xd7, 0x5c,
    0xb6, 0x64, 0x95, 0x6c, 0x94, 0x6c, 0x74, 0x74, 0x73, 0x74, 0x53, 0x7c,
    0x53, 0x7c, 0x32, 0x7c, 0x32, 0x7c, 0x32, 0x7c, 0x32, 0x7c, 0x11, 0x74,
    0x11, 0x74, 0xf1, 0x73, 0xf1, 0x73, 0xf1, 0x73, 0xd1, 0x73, 0xd1, 0x73,
    0xd1, 0x6b, 0xd0, 0x6b, 0xd0, 0x6b, 0xd0, 0x6b, 0xb0, 0x63, 0xb0, 0x63,
    0xb1, 0x63, 0xb1, 0x5b, 0xb1, 0x5b, 0xd2, 0x53, 0xd2, 0x53, 0xf3, 0x4b,
    0xf4, 0x43, 0x15, 0x3c, 0x99, 0x24, 0x3e, 0x0d, 0x5f, 0x05, 0x5f, 0x05,
    0x5f, 0x05, 0x5f, 0x05, 0x5f, 0x05, 0x5f, 0x05, 0x5f, 0x05, 0x5f, 0x05,
    0xdc, 0x0c, 0x71, 0x33, 0x0f, 0x3b, 0xcd, 0x3a, 0x8b, 0x42, 0x4a, 0x4a,
    0x49, 0x4a, 0x28, 0x4a, 0x28, 0x4a, 0x08, 0x52, 0x08, 0x52, 0x08, 0x52,
    0x08, 0x52, 0x08, 0x52, 0x08, 0x52, 0xab, 0x9a, 0x4e, 0xe3, 0xab, 0x9a,
    0x08, 0x52, 0x08, 0x52, 0x08, 0x52, 0x08, 0x52, 0x08, 0x52, 0x08, 0x52,
    0x08, 0x52, 0x08, 0x52, 0x08, 0x52, 0x08, 0x52, 0x08, 0x52, 0x08, 0x52,
    0x08, 0x52, 0x08, 0x52, 0x08, 0x52, 0x08, 0x52, 0x08, 0x52, 0x08, 0x52,
    0x08, 0x52, 0x08, 0x52, 0x08, 0x52, 0x08, 0x52, 0x08, 0x52, 0x08, 0x52,
    0x08, 0x52, 0x08, 0x52, 0x08, 0x52, 0x08, 0x52, 0x08, 0x52, 0x08, 0x52,
    0x08, 0x52, 0x08, 0x52, 0x08, 0x52, 0x08, 0x52, 0x08, 0x52, 0x08, 0x52,
    0x08, 0x52, 0x08, 0x52, 0x08, 0x52, 0x08, 0x52, 0x08, 0x52, 0x08, 0x52,
    0x08, 0x52, 0x08, 0x52, 0x08, 0x52, 0x08, 0x52, 0x08, 0x52, 0x08, 0x52,
    0x08, 0x52, 0x08, 0x52, 0x08, 0x52, 0x08, 0x52, 0x08, 0x52, 0x08, 0x52,
    0x08, 0x52, 0x08, 0x52, 0x08, 0x52, 0x08, 0x52, 0x08, 0x52, 0x08, 0x52,
    0x69, 0x72, 0xab, 0x9a, 0x08, 0x52, 0x08, 0x52, 0x08, 0x52, 0x08, 0x52,
    0x08, 0x52, 0x08, 0x52, 0x08, 0x52, 0x08, 0x52, 0x28, 0x4a, 0x28, 0x4a,
    0x49, 0x4a, 0x4a, 0x4a, 0x8b, 0x42, 0xcd, 0x42, 0x0f, 0x3b, 0x51, 0x33,
    0xbb, 0x14, 0x5f, 0x05, 0x5f, 0x05, 0x5f, 0x05, 0x5f, 0x05, 0x5f, 0x05,
    0x5f, 0x05, 0x5f, 0x05, 0x5f, 0x05, 0x5f, 0x05, 0x3d, 0x15, 0xfa, 0x3c,
    0xd8, 0x54, 0xb7, 0x5c, 0x96, 0x64, 0x95, 0x64, 0x74, 0x6c, 0x74, 0x6c,
    0x53, 0x6c, 0x53, 0x74, 0x33, 0x74, 0x32, 0x74, 0x32, 0x74, 0x12, 0x74,
    0x12, 0x74, 0xf2, 0x73, 0xf1, 0x6b, 0xf1, 0x6b, 0xf1, 0x6b, 0xf1, 0x6b,
    0xd1, 0x6b, 0xd1, 0x63, 0xd1, 0x63, 0xd1, 0x63, 0xd1, 0x5b, 0xd2, 0x5b,
    0xd2, 0x5b, 0xd2, 0x53, 0xf3, 0x4b, 0xf3, 0x4b, 0x14, 0x44, 0x35, 0x3c,
    0x78, 0x2c, 0x1d, 0x0d, 0x5f, 0x05, 0x5f, 0x05, 0x5f, 0x05, 0x5f, 0x05,
    0x5f, 0x05, 0x5f, 0x05, 0x5f, 0x05, 0x5f, 0x05, 0x5f, 0x05, 0xbb, 0x14,
    0x51, 0x33, 0x0f, 0x3b, 0xcd, 0x3a, 0x8b, 0x42, 0x4a, 0x4a, 0x49, 0x4a,
    0x28, 0x4a, 0x28, 0x52, 0x08, 0x52, 0x08, 0x52, 0x08, 0x52, 0x08, 0x52,
    0x08, 0x52, 0x08, 0x52, 0x08, 0x52, 0x08, 0x52, 0xab, 0x9a, 0x69, 0x72,
    0x08, 0x52, 0x08, 0x52, 0x08, 0x52, 0x08, 0x52, 0x08, 0x52, 0x08, 0x52,
    0x08, 0x52, 0x08, 0x52, 0x08, 0x52, 0x08, 0x52, 0x08, 0x52, 0x08, 0x52,
    0x08, 0x52, 0x08, 0x52, 0x08, 0x52, 0x08, 0x52, 0x08, 0x52, 0x08, 0x52,
    0x08, 0x52, 0x08, 0x52, 0x08, 0x52, 0x08, 0x52, 0x08, 0x52, 0x08, 0x52,
    0x08, 0x52, 0x08, 0x52, 0x08, 0x52, 0x08, 0x52, 0x08, 0x52, 0x08, 0x52,
    0x08, 0x52, 0x08, 0x52, 0x08, 0x52, 0x08, 0x52, 0x08, 0x52, 0x08, 0x52,
    0x08, 0x52, 0x08, 0x52, 0x08, 0x52, 0x08, 0x52, 0x08, 0x52, 0x08, 0x52,
    0x08, 0x52, 0x08, 0x52, 0x08, 0x52, 0x08, 0x52, 0x08, 0x52, 0x08, 0x52,
    0x08, 0x52, 0x08, 0x52, 0x08, 0x52, 0x08, 0x52, 0x08, 0x52, 0x08, 0x52,
    0x08, 0x52, 0x08, 0x52, 0x08, 0x52, 0x08, 0x52, 0x08, 0x52, 0x08, 0x52,
    0x08, 0x52, 0x08, 0x52, 0x08, 0x52, 0x08, 0x52, 0x08, 0x52, 0x08, 0x52,
    0x08, 0x52, 0x08, 0x52, 0x08, 0x52, 0x08, 0x52, 0x08, 0x52, 0x28, 0x4a,
    0x29, 0x4a, 0x49, 0x4a, 0x6a, 0x4a, 0x8b, 0x42, 0xcd, 0x42, 0x0f, 0x3b,
    0x51, 0x33, 0x79, 0x14, 0x5f, 0x05, 0x5f, 0x05, 0x5f, 0x05, 0x5f, 0x05,
    0x5f, 0x05, 0x5f, 0x05, 0x5f, 0x05, 0x5f, 0x05, 0x5f, 0x05, 0x5f, 0x05,
    0x3d, 0x15, 0xfa, 0x34, 0xb8, 0x4c, 0xb7, 0x54, 0x96, 0x5c, 0x75, 0x5c,
    0x75, 0x64, 0x54, 0x64, 0x54, 0x64, 0x53, 0x64, 0x33, 0x64, 0x33, 0x6c,
    0x13, 0x64, 0x12, 0x64, 0x12, 0x64, 0x12, 0x64, 0xf2, 0x63, 0xf2, 0x63,
    0xf2, 0x63, 0xf2, 0x5b, 0xf2, 0x5b, 0xf2, 0x5b, 0xf3, 0x53, 0xf3, 0x53,
    0xf3, 0x4b, 0x14, 0x44, 0x15, 0x44, 0x36, 0x3c, 0x99, 0x24, 0x1d, 0x0d,
    0x5f, 0x05, 0x5f, 0x05, 0x5f, 0x05, 0x5f, 0x05, 0x5f, 0x05, 0x5f, 0x05,
    0x5f, 0x05, 0x5f, 0x05, 0x5f, 0x05, 0x5f, 0x05, 0x79, 0x14, 0x51, 0x33,
    0x0f, 0x3b, 0xcd, 0x42, 0x8b, 0x42, 0x6a, 0x4a, 0x49, 0x4a, 0x29, 0x4a,
    0x28, 0x4a, 0x08, 0x52, 0x08, 0x52, 0x08, 0x52, 0x08, 0x52, 0x08, 0x52,
    0x08, 0x52, 0x08, 0x52, 0x08, 0x52, 0x08, 0x52, 0x08, 0x52, 0x08, 0x52,
    0x08, 0x52, 0x08, 0x52, 0x08, 0x52, 0x08, 0x52, 0x08, 0x52, 0x08, 0x52,
    0x08, 0x52, 0x08, 0x52, 0x08, 0x52, 0x08, 0x52, 0x08, 0x52, 0x08, 0x52,
    0x08, 0x52, 0x08, 0x52, 0x08, 0x52, 0x08, 0x52, 0x08, 0x52, 0x08, 0x52,
    0x08, 0x52, 0x08, 0x52, 0x08, 0x52, 0x08, 0x52, 0x08, 0x52, 0x08, 0x52,
    0x08, 0x52, 0x08, 0x52, 0x08, 0x52, 0x08, 0x52, 0x08, 0x52, 0x08, 0x52,
    0x08, 0x52, 0x08, 0x52, 0x08, 0x52, 0x08, 0x52, 0x08, 0x52, 0x08, 0x52,
    0x08, 0x52, 0x08, 0x52, 0x08, 0x52, 0x08, 0x52, 0x08, 0x52, 0x08, 0x52,
    0x08, 0x52, 0x08, 0x52, 0x08, 0x52, 0x08, 0x52, 0x08, 0x52, 0x08, 0x52,
    0x08, 0x52, 0x08, 0x52, 0x08, 0x52, 0x08, 0x52, 0x08, 0x52, 0x08, 0x52,
    0x08, 0x52, 0x08, 0x52, 0x08, 0x52, 0x08, 0x52, 0x08, 0x52, 0x08, 0x52,
    0x08, 0x52, 0x08, 0x52, 0x08, 0x52, 0x08, 0x52, 0x08, 0x52, 0x08, 0x52,
    0x08, 0x52, 0x08, 0x52, 0x08, 0x52, 0x08, 0x52, 0x08, 0x52, 0x28, 0x4a,
    0x28, 0x4a, 0x29, 0x4a, 0x49, 0x4a, 0x4a, 0x4a, 0x8b, 0x42, 0xad, 0x42,
    0xee, 0x3a, 0x50, 0x33, 0x16, 0x1c, 0x3e, 0x05, 0x5f, 0x05, 0x5f, 0x05,
    0x5f, 0x05, 0x5f, 0x05, 0x5f, 0x05, 0x5f, 0x05, 0x5f, 0x05, 0x5f, 0x05,
    0x5f, 0x05, 0x5f, 0x05, 0x3e, 0x0d, 0x1c, 0x25, 0xd9, 0x3c, 0xb7, 0x4c,
    0x97, 0x54, 0x76, 0x54, 0x75, 0x54, 0x75, 0x5c, 0x55, 0x5c, 0x54, 0x5c,
    0x34, 0x5c, 0x34, 0x5c, 0x34, 0x5c, 0x34, 0x5c, 0x13, 0x5c, 0x13, 0x54,
    0x14, 0x54, 0x14, 0x54, 0x14, 0x4c, 0x34, 0x4c, 0x15, 0x44, 0x35, 0x44,
    0x36, 0x3c, 0x78, 0x34, 0xdb, 0x1c, 0x3e, 0x0d, 0x5f, 0x05, 0x5f, 0x05,
    0x5f, 0x05, 0x5f, 0x05, 0x5f, 0x05, 0x5f, 0x05, 0x5f, 0x05, 0x5f, 0x05,
    0x5f, 0x05, 0x5f, 0x05, 0x3e, 0x05, 0x16, 0x1c, 0x50, 0x33, 0xee, 0x3a,
    0xad, 0x42, 0x8b, 0x42, 0x4a, 0x4a, 0x49, 0x4a, 0x29, 0x4a, 0x28, 0x52,
    0x28, 0x4a, 0x08, 0x52, 0x08, 0x52, 0x08, 0x52, 0x08, 0x52, 0x08, 0x52,
    0x08, 0x52, 0x08, 0x52, 0x08, 0x52, 0x08, 0x52, 0x08, 0x52, 0x08, 0x52,
    0x08, 0x52, 0x08, 0x52, 0x08, 0x52, 0x08, 0x52, 0x08, 0x52, 0x08, 0x52,
    0x08, 0x52, 0x08, 0x52, 0x08, 0x52, 0x08, 0x52, 0x08, 0x52, 0x08, 0x52,
    0x08, 0x52, 0x08, 0x52, 0x08, 0x52, 0x08, 0x52, 0x08, 0x52, 0x08, 0x52,
    0x08, 0x52, 0x08, 0x52, 0x08, 0x52, 0x08, 0x52, 0x08, 0x52, 0x08, 0x52,
    0x08, 0x52, 0x08, 0x52, 0x08, 0x52, 0x08, 0x52, 0x08, 0x52, 0x08, 0x52,
    0x08, 0x4a, 0x08, 0x52, 0x08, 0x52, 0x08, 0x52, 0x08, 0x4a, 0x08, 0x52,
    0x08, 0x52, 0x08, 0x52, 0x08, 0x4a, 0x08, 0x52, 0x08, 0x52, 0x08, 0x52,
    0x08, 0x4a, 0x08, 0x52, 0x08, 0x52, 0x08, 0x52, 0x08, 0x4a, 0x08, 0x52,
    0x08, 0x52, 0x08, 0x52, 0x08, 0x4a, 0x08, 0x52, 0x08, 0x52, 0x08, 0x52,
    0x08, 0x4a, 0x08, 0x52, 0x08, 0x52, 0x08, 0x52, 0x08, 0x4a, 0x08, 0x52,
    0x08, 0x52, 0x08, 0x52, 0x08, 0x4a, 0x08, 0x52, 0x08, 0x52, 0x08, 0x52,
    0x08, 0x4a, 0x08, 0x52, 0x08, 0x52, 0x08, 0x52, 0x08, 0x4a, 0x08, 0x52,
    0x08, 0x4a, 0x08, 0x4a, 0x28, 0x4a, 0x29, 0x4a, 0x4a, 0x4a, 0x6b, 0x42,
    0xac, 0x42, 0xee, 0x3a, 0x30, 0x33, 0x93, 0x2b, 0xdb, 0x0c, 0x5f, 0x05,
    0x5f, 0x05, 0x5f, 0x05, 0x5f, 0x05, 0x5f, 0x05, 0x5f, 0x05, 0x5f, 0x05,
    0x5f, 0x05, 0x5f, 0x05, 0x5f, 0x05, 0x5f, 0x05, 0x5f, 0x05, 0x3e, 0x0d,
    0x1c, 0x1d, 0xfa, 0x2c, 0xb8, 0x3c, 0x97, 0x44, 0x77, 0x44, 0x76, 0x4c,
    0x76, 0x4c, 0x56, 0x4c, 0x56, 0x4c, 0x55, 0x4c, 0x55, 0x4c, 0x55, 0x44,
    0x56, 0x44, 0x56, 0x44, 0x56, 0x3c, 0x77, 0x34, 0xba, 0x24, 0xfc, 0x14,
    0x3e, 0x0d, 0x5f, 0x05, 0x5f, 0x05, 0x5f, 0x05, 0x5f, 0x05, 0x5f, 0x05,
    0x5f, 0x05, 0x5f, 0x05, 0x5f, 0x05, 0x5f, 0x05, 0x5f, 0x05, 0x5f, 0x05,
    0x5f, 0x05, 0xdb, 0x0c, 0x93, 0x2b, 0x30, 0x33, 0xee, 0x3a, 0xac, 0x42,
    0x6b, 0x42, 0x4a, 0x4a, 0x29, 0x4a, 0x28, 0x4a, 0x08, 0x4a, 0x08, 0x4a,
    0x08, 0x4a, 0x08, 0x52, 0x08, 0x52, 0x08, 0x52, 0x08, 0x4a, 0x08, 0x52,
    0x08, 0x52, 0x08, 0x52, 0x08, 0x4a, 0x08, 0x52, 0x08, 0x52, 0x08, 0x52,
    0x08, 0x4a, 0x08, 0x52, 0x08, 0x52, 0x08, 0x52, 0x08, 0x4a, 0x08, 0x52,
    0x08, 0x52, 0x08, 0x52, 0x08, 0x4a, 0x08, 0x52, 0x08, 0x52, 0x08, 0x52,
    0x08, 0x4a, 0x08, 0x52, 0x08, 0x52, 0x08, 0x52, 0x08, 0x4a, 0x08, 0x52,
    0x08, 0x52, 0x08, 0x52, 0x08, 0x4a, 0x08, 0x52, 0x08, 0x52, 0x08, 0x52,
    0x08, 0x4a, 0x08, 0x52, 0x08, 0x52, 0x08, 0x52, 0x08, 0x4a, 0x08, 0x52,
    0x08, 0x52, 0x08, 0x52, 0x08, 0x52, 0x08, 0x52, 0x08, 0x52, 0x08, 0x52,
    0x08, 0x52, 0x08, 0x52, 0x08, 0x52, 0x08, 0x52, 0x08, 0x52, 0x08, 0x52,
    0x08, 0x52, 0x08, 0x52, 0x08, 0x52, 0x08, 0x52, 0x08, 0x52, 0x08, 0x52,
    0x08, 0x52, 0x08, 0x52, 0x08, 0x52, 0x08, 0x52, 0x08, 0x52, 0x08, 0x52,
    0x08, 0x52, 0x08, 0x52, 0x08, 0x52, 0x08, 0x52, 0x08, 0x52, 0x08, 0x52,
    0x08, 0x52, 0x08, 0x52, 0x08, 0x52, 0x08, 0x52, 0x08, 0x52, 0x08, 0x52,
    0x08, 0x52, 0x08, 0x52, 0x08, 0x52, 0x08, 0x52, 0x08, 0x52, 0x08, 0x52,
    0x08, 0x52, 0x08, 0x52, 0x08, 0x4a, 0x28, 0x4a, 0x29, 0x4a, 0x49, 0x4a,
    0x6a, 0x42, 0x8c, 0x42, 0xcd, 0x3a, 0x0f, 0x3b, 0x51, 0x33, 0x37, 0x1c,
    0x3e, 0x05, 0x5f, 0x05, 0x5f, 0x05, 0x5f, 0x05, 0x5f, 0x05, 0x5f, 0x05,
    0x5f, 0x05, 0x5f, 0x05, 0x5f, 0x05, 0x5f, 0x05, 0x5f, 0x05, 0x5f, 0x05,
    0x5f, 0x05, 0x5f, 0x05, 0x5f, 0x05, 0x5f, 0x05, 0x3e, 0x0d, 0x1d, 0x15,
    0x1c, 0x15, 0xfc, 0x1c, 0xfc, 0x1c, 0xfc, 0x1c, 0xfc, 0x1c, 0xfc, 0x14,
    0x1d, 0x15, 0x3e, 0x0d, 0x5f, 0x05, 0x5f, 0x05, 0x5f, 0x05, 0x5f, 0x05,
    0x5f, 0x05, 0x5f, 0x05, 0x5f, 0x05, 0x5f, 0x05, 0x5f, 0x05, 0x5f, 0x05,
    0x5f, 0x05, 0x5f, 0x05, 0x5f, 0x05, 0x5f, 0x05, 0x5f, 0x05, 0x3e, 0x05,
    0x37, 0x1c, 0x51, 0x33, 0x0f, 0x3b, 0xcd, 0x3a, 0x8c, 0x42, 0x6a, 0x42,
    0x49, 0x4a, 0x29, 0x4a, 0x28, 0x4a, 0x08, 0x4a, 0x08, 0x52, 0x08, 0x52,
    0x08, 0x52, 0x08, 0x52, 0x08, 0x52, 0x08, 0x52, 0x08, 0x52, 0x08, 0x52,
    0x08, 0x52, 0x08, 0x52, 0x08, 0x52, 0x08, 0x52, 0x08, 0x52, 0x08, 0x52,
    0x08, 0x52, 0x08, 0x52, 0x08, 0x52, 0x08, 0x52, 0x08, 0x52, 0x08, 0x52,
    0x08, 0x52, 0x08, 0x52, 0x08, 0x52, 0x08, 0x52, 0x08, 0x52, 0x08, 0x52,
    0x08, 0x52, 0x08, 0x52, 0x08, 0x52, 0x08, 0x52, 0x08, 0x52, 0x08, 0x52,
    0x08, 0x52, 0x08, 0x52, 0x08, 0x52, 0x08, 0x52, 0x08, 0x52, 0x08, 0x52,
    0x08, 0x52, 0x08, 0x52, 0x08, 0x52, 0x08, 0x52, 0x08, 0x52, 0x08, 0x52,
    0x08, 0x4a, 0x08, 0x4a, 0x08, 0x4a, 0x08, 0x52, 0x08, 0x4a, 0x08, 0x52,
    0x08, 0x4a, 0x08, 0x52, 0x08, 0x4a, 0x08, 0x4a, 0x08, 0x4a, 0x08, 0x52,
    0x08, 0x4a, 0x08, 0x52, 0x08, 0x4a, 0x08, 0x52, 0x08, 0x4a, 0x08, 0x4a,
    0x08, 0x4a, 0x08, 0x52, 0x08, 0x4a, 0x08, 0x52, 0x08, 0x4a, 0x08, 0x52,
    0x08, 0x4a, 0x08, 0x4a, 0x08, 0x4a, 0x08, 0x52, 0x08, 0x4a, 0x08, 0x52,
    0x08, 0x4a, 0x08, 0x52, 0x08, 0x4a, 0x08, 0x4a, 0x08, 0x4a, 0x08, 0x52,
    0x08, 0x4a, 0x08, 0x52, 0x08, 0x4a, 0x08, 0x52, 0x08, 0x4a, 0x08, 0x4a,
    0x08, 0x4a, 0x08, 0x52, 0x08, 0x4a, 0x08, 0x4a, 0x28, 0x4a, 0x29, 0x4a,
    0x29, 0x4a, 0x6a, 0x4a, 0x8b, 0x42, 0xac, 0x42, 0xee, 0x3a, 0x30, 0x33,
    0x72, 0x2b, 0x79, 0x14, 0x5f, 0x05, 0x5f, 0x05, 0x5f, 0x05, 0x5f, 0x05,
    0x5f, 0x05, 0x5f, 0x05, 0x5f, 0x05, 0x5f, 0x05, 0x5f, 0x05, 0x5f, 0x05,
    0x5f, 0x05, 0x5f, 0x05, 0x5f, 0x05, 0x5f, 0x05, 0x5f, 0x05, 0x5f, 0x05,
    0x5f, 0x05, 0x5f, 0x05, 0x5f, 0x05, 0x5f, 0x05, 0x5f, 0x05, 0x5f, 0x05,
    0x5f, 0x05, 0x5f, 0x05, 0x5f, 0x05, 0x5f, 0x05, 0x5f, 0x05, 0x5f, 0x05,
    0x5f, 0x05, 0x5f, 0x05, 0x5f, 0x05, 0x5f, 0x05, 0x5f, 0x05, 0x5f, 0x05,
    0x5f, 0x05, 0x5f, 0x05, 0x5f, 0x05, 0x5f, 0x05, 0x79, 0x14, 0x72, 0x2b,
    0x30, 0x33, 0xee, 0x3a, 0xac, 0x42, 0x8b, 0x42, 0x4a, 0x4a, 0x49, 0x4a,
    0x29, 0x4a, 0x28, 0x4a, 0x08, 0x4a, 0x08, 0x4a, 0x08, 0x4a, 0x08, 0x52,
    0x08, 0x4a, 0x08, 0x52, 0x08, 0x4a, 0x08, 0x52, 0x08, 0x4a, 0x08, 0x4a,
    0x08, 0x4a, 0x08, 0x52, 0x08, 0x4a, 0x08, 0x52, 0x08, 0x4a, 0x08, 0x52,
    0x08, 0x4a, 0x08, 0x4a, 0x08, 0x4a, 0x08, 0x52, 0x08, 0x4a, 0x08, 0x52,
    0x08, 0x4a, 0x08, 0x52, 0x08, 0x4a, 0x08, 0x4a, 0x08, 0x4a, 0x08, 0x52,
    0x08, 0x4a, 0x08, 0x52, 0x08, 0x4a, 0x08, 0x52, 0x08, 0x4a, 0x08, 0x4a,
    0x08, 0x4a, 0x08, 0x52, 0x08, 0x4a, 0x08, 0x52, 0x08, 0x4a, 0x08, 0x52,
    0x08, 0x4a, 0x08, 0x4a, 0x08, 0x4a, 0x08, 0x52, 0x08, 0x4a, 0x08, 0x52,
    0x08, 0x52, 0x08, 0x52, 0x08, 0x52, 0x08, 0x52, 0x08, 0x52, 0x08, 0x52,
    0x08, 0x52, 0x08, 0x52, 0x08, 0x52, 0x08, 0x52, 0x08, 0x52, 0x08, 0x52,
    0x08, 0x52, 0x08, 0x52, 0x08, 0x52, 0x08, 0x52, 0x08, 0x52, 0x08, 0x52,
    0x08, 0x52, 0x08, 0x52, 0x08, 0x52, 0x08, 0x52, 0x08, 0x52, 0x08, 0x52,
    0x08, 0x52, 0x08, 0x52, 0x08, 0x52, 0x08, 0x52, 0x08, 0x52, 0x08, 0x52,
    0x08, 0x52, 0x08, 0x52, 0x08, 0x52, 0x08, 0x52, 0x08, 0x52, 0x08, 0x52,
    0x08, 0x52, 0x08, 0x52, 0x08, 0x52, 0x08, 0x52, 0x08, 0x52, 0x08, 0x52,
    0x08, 0x52, 0x08, 0x52, 0x08, 0x52, 0x08, 0x52, 0x08, 0x4a, 0x28, 0x4a,
    0x29, 0x4a, 0x29, 0x4a, 0x4a, 0x4a, 0x6b, 0x42, 0x8c, 0x42, 0xcd, 0x3a,
    0xee, 0x3a, 0x30, 0x33, 0x93, 0x2b, 0x9a, 0x14, 0x5f, 0x05, 0x5f, 0x05,
    0x5f, 0x05, 0x5f, 0x05, 0x5f, 0x05, 0x5f, 0x05, 0x5f, 0x05, 0x5f, 0x05,
    0x5f, 0x05, 0x5f, 0x05, 0x5f, 0x05, 0x5f, 0x05, 0x5f, 0x05, 0x5f, 0x05,
    0x5f, 0x05, 0x5f, 0x05, 0x5f, 0x05, 0x5f, 0x05, 0x5f, 0x05, 0x5f, 0x05,
    0x5f, 0x05, 0x5f, 0x05, 0x5f, 0x05, 0x5f, 0x05, 0x5f, 0x05, 0x5f, 0x05,
    0x5f, 0x05, 0x5f, 0x05, 0x5f, 0x05, 0x5f, 0x05, 0x5f, 0x05, 0x5f, 0x05,
    0x5f, 0x05, 0x5f, 0x05, 0x9a, 0x14, 0x93, 0x2b, 0x30, 0x33, 0xee, 0x3a,
    0xcd, 0x3a, 0x8c, 0x42, 0x6b, 0x42, 0x4a, 0x4a, 0x29, 0x4a, 0x29, 0x4a,
    0x28, 0x4a, 0x08, 0x4a, 0x08, 0x52, 0x08, 0x52, 0x08, 0x52, 0x08, 0x52,
    0x08, 0x52, 0x08, 0x52, 0x08, 0x52, 0x08, 0x52, 0x08, 0x52, 0x08, 0x52,
    0x08, 0x52, 0x08, 0x52, 0x08, 0x52, 0x08, 0x52, 0x08, 0x52, 0x08, 0x52,
    0x08, 0x52, 0x08, 0x52, 0x08, 0x52, 0x08, 0x52, 0x08, 0x52, 0x08, 0x52,
    0x08, 0x52, 0x08, 0x52, 0x08, 0x52, 0x08, 0x52, 0x08, 0x52, 0x08, 0x52,
    0x08, 0x52, 0x08, 0x52, 0x08, 0x52, 0x08, 0x52, 0x08, 0x52, 0x08, 0x52,
    0x08, 0x52, 0x08, 0x52, 0x08, 0x52, 0x08, 0x52, 0x08, 0x52, 0x08, 0x52,
    0x08, 0x52, 0x08, 0x52, 0x08, 0x52, 0x08, 0x52, 0x08, 0x52, 0x08, 0x52,
    0x08, 0x4a, 0x08, 0x4a, 0x08, 0x4a, 0x08, 0x4a, 0x08, 0x4a, 0x08, 0x4a,
    0x08, 0x4a, 0x08, 0x4a, 0x08, 0x4a, 0x08, 0x4a, 0x08, 0x4a, 0x08, 0x4a,
    0x08, 0x4a, 0x08, 0x4a, 0x08, 0x4a, 0x08, 0x4a, 0x08, 0x4a, 0x08, 0x4a,
    0x08, 0x4a, 0x08, 0x4a, 0x08, 0x4a, 0x08, 0x4a, 0x08, 0x4a, 0x08, 0x4a,
    0x08, 0x4a, 0x08, 0x4a, 0x08, 0x4a, 0x08, 0x4a, 0x08, 0x4a, 0x08, 0x4a,
    0x08, 0x4a, 0x08, 0x4a, 0x08, 0x4a, 0x08, 0x4a, 0x08, 0x4a, 0x08, 0x4a,
    0x08, 0x4a, 0x08, 0x4a, 0x08, 0x4a, 0x08, 0x4a, 0x08, 0x4a, 0x08, 0x4a,
    0x08, 0x4a, 0x08, 0x4a, 0x08, 0x4a, 0x08, 0x4a, 0x08, 0x4a, 0x08, 0x4a,
    0x08, 0x4a, 0x08, 0x4a, 0x29, 0x4a, 0x29, 0x4a, 0x4a, 0x4a, 0x6b, 0x42,
    0x8c, 0x42, 0xcd, 0x3a, 0x0f, 0x3b, 0x30, 0x33, 0x72, 0x2b, 0x58, 0x1c,
    0xfd, 0x0c, 0x5f, 0x05, 0x5f, 0x05, 0x5f, 0x05, 0x5f, 0x05, 0x5f, 0x05,
    0x5f, 0x05, 0x5f, 0x05, 0x5f, 0x05, 0x5f, 0x05, 0x5f, 0x05, 0x5f, 0x05,
    0x5f, 0x05, 0x5f, 0x05, 0x5f, 0x05, 0x5f, 0x05, 0x5f, 0x05, 0x5f, 0x05,
    0x5f, 0x05, 0x5f, 0x05, 0x5f, 0x05, 0x5f, 0x05, 0x5f, 0x05, 0x5f, 0x05,
    0x5f, 0x05, 0x5f, 0x05, 0x5f, 0x05, 0x5f, 0x05, 0x5f, 0x05, 0xfd, 0x0c,
    0x58, 0x1c, 0x72, 0x2b, 0x30, 0x33, 0x0f, 0x3b, 0xcd, 0x3a, 0x8c, 0x42,
    0x6b, 0x42, 0x4a, 0x4a, 0x29, 0x4a, 0x29, 0x4a, 0x08, 0x4a, 0x08, 0x4a,
    0x08, 0x4a, 0x08, 0x4a, 0x08, 0x4a, 0x08, 0x4a, 0x08, 0x4a, 0x08, 0x4a,
    0x08, 0x4a, 0x08, 0x4a, 0x08, 0x4a, 0x08, 0x4a, 0x08, 0x4a, 0x08, 0x4a,
    0x08, 0x4a, 0x08, 0x4a, 0x08, 0x4a, 0x08, 0x4a, 0x08, 0x4a, 0x08, 0x4a,
    0x08, 0x4a, 0x08, 0x4a, 0x08, 0x4a, 0x08, 0x4a, 0x08, 0x4a, 0x08, 0x4a,
    0x08, 0x4a, 0x08, 0x4a, 0x08, 0x4a, 0x08, 0x4a, 0x08, 0x4a, 0x08, 0x4a,
    0x08, 0x4a, 0x08, 0x4a, 0x08, 0x4a, 0x08, 0x4a, 0x08, 0x4a, 0x08, 0x4a,
    0x08, 0x4a, 0x08, 0x4a, 0x08, 0x4a, 0x08, 0x4a, 0x08, 0x4a, 0x08, 0x4a,
    0x08, 0x4a, 0x08, 0x4a, 0x08, 0x4a, 0x08, 0x4a, 0x08, 0x4a, 0x08, 0x4a,
    0x08, 0x4a, 0x08, 0x4a, 0x08, 0x4a, 0x08, 0x4a, 0x08, 0x4a, 0x08, 0x4a,
    0x08, 0x4a, 0x08, 0x4a, 0x08, 0x4a, 0x08, 0x4a, 0x08, 0x4a, 0x08, 0x4a,
    0x08, 0x4a, 0x08, 0x4a, 0x08, 0x4a, 0x08, 0x4a, 0x08, 0x4a, 0x08, 0x4a,
    0x08, 0x4a, 0x08, 0x4a, 0x08, 0x4a, 0x08, 0x4a, 0x08, 0x4a, 0x08, 0x4a,
    0x08, 0x4a, 0x08, 0x4a, 0x08, 0x4a, 0x08, 0x4a, 0x08, 0x4a, 0x08, 0x4a,
    0x08, 0x4a, 0x08, 0x4a, 0x08, 0x4a, 0x08, 0x4a, 0x08, 0x4a, 0x08, 0x4a,
    0x08, 0x4a, 0x08, 0x4a, 0x08, 0x4a, 0x08, 0x4a, 0x08, 0x4a, 0x08, 0x4a,
    0x08, 0x4a, 0x08, 0x4a, 0x08, 0x4a, 0x08, 0x4a, 0x08, 0x4a, 0x08, 0x4a,
    0x08, 0x4a, 0x08, 0x4a, 0x08, 0x4a, 0x28, 0x4a, 0x29, 0x4a, 0x49, 0x4a,
    0x6a, 0x42, 0x6b, 0x42, 0xac, 0x42, 0xcd, 0x3a, 0xee, 0x3a, 0x30, 0x33,
    0x51, 0x33, 0xd5, 0x23, 0x9a, 0x14, 0x1d, 0x05, 0x5f, 0x05, 0x5f, 0x05,
    0x5f, 0x05, 0x5f, 0x05, 0x5f, 0x05, 0x5f, 0x05, 0x5f, 0x05, 0x5f, 0x05,
    0x5f, 0x05, 0x5f, 0x05, 0x5f, 0x05, 0x5f, 0x05, 0x5f, 0x05, 0x5f, 0x05,
    0x5f, 0x05, 0x5f, 0x05, 0x5f, 0x05, 0x5f, 0x05, 0x5f, 0x05, 0x5f, 0x05,
    0x5f, 0x05, 0x5f, 0x05, 0x1d, 0x05, 0x9a, 0x14, 0xd5, 0x23, 0x51, 0x33,
    0x30, 0x33, 0xee, 0x3a, 0xcd, 0x3a, 0xac, 0x42, 0x6b, 0x42, 0x6a, 0x42,
    0x49, 0x4a, 0x29, 0x4a, 0x28, 0x4a, 0x08, 0x4a, 0x08, 0x4a, 0x08, 0x4a,
    0x08, 0x4a, 0x08, 0x4a, 0x08, 0x4a, 0x08, 0x4a, 0x08, 0x4a, 0x08, 0x4a,
    0x08, 0x4a, 0x08, 0x4a, 0x08, 0x4a, 0x08, 0x4a, 0x08, 0x4a, 0x08, 0x4a,
    0x08, 0x4a, 0x08, 0x4a, 0x08, 0x4a, 0x08, 0x4a, 0x08, 0x4a, 0x08, 0x4a,
    0x08, 0x4a, 0x08, 0x4a, 0x08, 0x4a, 0x08, 0x4a, 0x08, 0x4a, 0x08, 0x4a,
    0x08, 0x4a, 0x08, 0x4a, 0x08, 0x4a, 0x08, 0x4a, 0x08, 0x4a, 0x08, 0x4a,
    0x08, 0x4a, 0x08, 0x4a, 0x08, 0x4a, 0x08, 0x4a, 0x08, 0x4a, 0x08, 0x4a,
    0x08, 0x4a, 0x08, 0x4a, 0x08, 0x4a, 0x08, 0x4a, 0x08, 0x4a, 0x08, 0x4a,
    0x08, 0x4a, 0x08, 0x4a, 0x08, 0x4a, 0x08, 0x4a, 0x08, 0x4a, 0x08, 0x4a,
    0x08, 0x4a, 0x08, 0x4a, 0x08, 0x4a, 0x08, 0x4a, 0x08, 0x4a, 0x08, 0x4a,
    0x08, 0x4a, 0x08, 0x4a, 0x08, 0x4a, 0x08, 0x4a, 0x08, 0x4a, 0x08, 0x4a,
    0x08, 0x4a, 0x08, 0x4a, 0x08, 0x4a, 0x08, 0x4a, 0x08, 0x4a, 0x08, 0x4a,
    0x08, 0x4a, 0x08, 0x4a, 0x08, 0x4a, 0x08, 0x4a, 0x08, 0x4a, 0x08, 0x4a,
    0x08, 0x4a, 0x08, 0x4a, 0x08, 0x4a, 0x08, 0x4a, 0x08, 0x4a, 0x08, 0x4a,
    0x08, 0x4a, 0x08, 0x4a, 0x08, 0x4a, 0x08, 0x4a, 0x08, 0x4a, 0x08, 0x4a,
    0x08, 0x4a, 0x08, 0x4a, 0x08, 0x4a, 0x08, 0x4a, 0x08, 0x4a, 0x08, 0x4a,
    0x08, 0x4a, 0x08, 0x4a, 0x08, 0x4a, 0x08, 0x4a, 0x08, 0x4a, 0x08, 0x4a,
    0x08, 0x4a, 0x08, 0x4a, 0x08, 0x4a, 0x08, 0x4a, 0x08, 0x4a, 0x29, 0x4a,
    0x29, 0x4a, 0x49, 0x4a, 0x4a, 0x42, 0x6b, 0x42, 0x8c, 0x42, 0xad, 0x3a,
    0xce, 0x3a, 0x0f, 0x33, 0x30, 0x33, 0x51, 0x33, 0xb3, 0x2b, 0x37, 0x1c,
    0xbb, 0x14, 0xfd, 0x0c, 0x5f, 0x05, 0x5f, 0x05, 0x5f, 0x05, 0x5f, 0x05,
    0x5f, 0x05, 0x5f, 0x05, 0x5f, 0x05, 0x5f, 0x05, 0x5f, 0x05, 0x5f, 0x05,
    0x5f, 0x05, 0x5f, 0x05, 0x5f, 0x05, 0x5f, 0x05, 0xfd, 0x0c, 0xbb, 0x14,
    0x37, 0x1c, 0xb4, 0x2b, 0x51, 0x33, 0x30, 0x33, 0x0f, 0x33, 0xee, 0x3a,
    0xad, 0x3a, 0x8c, 0x42, 0x6b, 0x42, 0x6a, 0x42, 0x49, 0x4a, 0x29, 0x4a,
    0x28, 0x4a, 0x08, 0x4a, 0x08, 0x4a, 0x08, 0x4a, 0x08, 0x4a, 0x08, 0x4a,
    0x08, 0x4a, 0x08, 0x4a, 0x08, 0x4a, 0x08, 0x4a, 0x08, 0x4a, 0x08, 0x4a,
    0x08, 0x4a, 0x08, 0x4a, 0x08, 0x4a, 0x08, 0x4a, 0x08, 0x4a, 0x08, 0x4a,
    0x08, 0x4a, 0x08, 0x4a, 0x08, 0x4a, 0x08, 0x4a, 0x08, 0x4a, 0x08, 0x4a,
    0x08, 0x4a, 0x08, 0x4a, 0x08, 0x4a, 0x08, 0x4a, 0x08, 0x4a, 0x08, 0x4a,
    0x08, 0x4a, 0x08, 0x4a, 0x08, 0x4a, 0x08, 0x4a, 0x08, 0x4a, 0x08, 0x4a,
    0x08, 0x4a, 0x08, 0x4a, 0x08, 0x4a, 0x08, 0x4a, 0x08, 0x4a, 0x08, 0x4a,
    0x08, 0x4a, 0x08, 0x4a, 0x08, 0x4a, 0x08, 0x4a, 0x08, 0x4a, 0x08, 0x4a,
    0x08, 0x4a, 0x08, 0x4a, 0x08, 0x4a, 0x08, 0x4a, 0x08, 0x4a, 0x08, 0x4a,
    0x08, 0x4a, 0x08, 0x4a, 0x08, 0x4a, 0x08, 0x4a, 0x08, 0x4a, 0x08, 0x4a,
    0x08, 0x4a, 0x08, 0x4a, 0x08, 0x4a, 0x08, 0x4a, 0x08, 0x4a, 0x08, 0x4a,
    0x08, 0x4a, 0x08, 0x4a, 0x08, 0x4a, 0x08, 0x4a, 0x08, 0x4a, 0x08, 0x4a,
    0x08, 0x4a, 0x08, 0x4a, 0x08, 0x4a, 0x08, 0x4a, 0x08, 0x4a, 0x08, 0x4a,
    0x08, 0x4a, 0x08, 0x4a, 0x08, 0x4a, 0x08, 0x4a, 0x08, 0x4a, 0x08, 0x4a,
    0x08, 0x4a, 0x08, 0x4a, 0x08, 0x4a, 0x08, 0x4a, 0x08, 0x4a, 0x08, 0x4a,
    0x08, 0x4a, 0x08, 0x4a, 0x08, 0x4a, 0x08, 0x4a, 0x08, 0x4a, 0x08, 0x4a,
    0x08, 0x4a, 0x08, 0x4a, 0x08, 0x4a, 0x08, 0x4a, 0x08, 0x4a, 0x08, 0x4a,
    0x08, 0x4a, 0x08, 0x4a, 0x08, 0x4a, 0x08, 0x4a, 0x08, 0x4a, 0x08, 0x4a,
    0x08, 0x4a, 0x29, 0x4a, 0x29, 0x4a, 0x49, 0x4a, 0x4a, 0x4a, 0x6b, 0x42,
    0x8b, 0x42, 0xac, 0x42, 0xcd, 0x3a, 0xee, 0x3a, 0xee, 0x3a, 0x0f, 0x33,
    0x30, 0x33, 0x51, 0x33, 0x71, 0x2b, 0xb4, 0x2b, 0xf6, 0x23, 0x37, 0x1c,
    0x58, 0x1c, 0x79, 0x14, 0x79, 0x14, 0x79, 0x14, 0x79, 0x14, 0x58, 0x1c,
    0x37, 0x1c, 0xf6, 0x23, 0xb4, 0x2b, 0x71, 0x2b, 0x51, 0x33, 0x30, 0x33,
    0x0f, 0x33, 0xee, 0x3a, 0xee, 0x3a, 0xcd, 0x3a, 0xac, 0x42, 0x8b, 0x42,
    0x6b, 0x42, 0x4a, 0x4a, 0x49, 0x4a, 0x29, 0x4a, 0x29, 0x4a, 0x08, 0x4a,
    0x08, 0x4a, 0x08, 0x4a, 0x08, 0x4a, 0x08, 0x4a, 0x08, 0x4a, 0x08, 0x4a,
    0x08, 0x4a, 0x08, 0x4a, 0x08, 0x4a, 0x08, 0x4a, 0x08, 0x4a, 0x08, 0x4a,
    0x08, 0x4a, 0x08, 0x4a, 0x08, 0x4a, 0x08, 0x4a, 0x08, 0x4a, 0x08, 0x4a,
    0x08, 0x4a, 0x08, 0x4a, 0x08, 0x4a, 0x08, 0x4a, 0x08, 0x4a, 0x08, 0x4a,
    0x08, 0x4a, 0x08, 0x4a, 0x08, 0x4a, 0x08, 0x4a, 0x08, 0x4a, 0x08, 0x4a,
    0x08, 0x4a, 0x08, 0x4a, 0x08, 0x4a, 0x08, 0x4a, 0x08, 0x4a, 0x08, 0x4a,
    0x08, 0x4a, 0x08, 0x4a, 0x08, 0x4a, 0x08, 0x4a, 0x08, 0x4a, 0x08, 0x4a,
    0x08, 0x4a, 0x08, 0x4a, 0x08, 0x4a, 0x08, 0x4a, 0x08, 0x4a, 0x08, 0x4a,
    0x08, 0x4a, 0x08, 0x4a, 0x08, 0x4a, 0x08, 0x4a, 0x08, 0x4a, 0x08, 0x4a,
    0x08, 0x4a, 0x08, 0x4a, 0x08, 0x4a, 0x08, 0x4a, 0x08, 0x4a, 0x08, 0x4a,
    0x08, 0x4a, 0x08, 0x4a, 0x08, 0x4a, 0x08, 0x4a, 0x08, 0x4a, 0x08, 0x4a,
    0x08, 0x4a, 0x08, 0x4a, 0x08, 0x4a, 0x08, 0x4a, 0x08, 0x4a, 0x08, 0x4a,
    0x08, 0x4a, 0x08, 0x4a, 0x08, 0x4a, 0x08, 0x4a, 0x08, 0x4a, 0x08, 0x4a,
    0x08, 0x4a, 0x08, 0x4a, 0x08, 0x4a, 0x08, 0x4a, 0x08, 0x4a, 0x08, 0x4a,
    0x08, 0x4a, 0x08, 0x4a, 0x08, 0x4a, 0x08, 0x4a, 0x08, 0x4a, 0x08, 0x4a,
    0x08, 0x4a, 0x08, 0x4a, 0x08, 0x4a, 0x08, 0x4a, 0x08, 0x4a, 0x08, 0x4a,
    0x08, 0x4a, 0x08, 0x4a, 0x08, 0x4a, 0x08, 0x4a, 0x08, 0x4a, 0x08, 0x4a,
    0x08, 0x4a, 0x08, 0x4a, 0x08, 0x4a, 0x08, 0x4a, 0x08, 0x4a, 0x08, 0x4a,
    0x08, 0x4a, 0x08, 0x4a, 0x08, 0x4a, 0x08, 0x4a, 0x29, 0x4a, 0x29, 0x4a,
    0x49, 0x4a, 0x4a, 0x42, 0x6a, 0x42, 0x8b, 0x42, 0x8c, 0x42, 0xac, 0x3a,
    0xcd, 0x3a, 0xcd, 0x3a, 0xee, 0x3a, 0xee, 0x3a, 0x0f, 0x33, 0x0f, 0x33,
    0x0f, 0x33, 0x0f, 0x33, 0x10, 0x33, 0x10, 0x33, 0x0f, 0x33, 0x0f, 0x33,
    0x0f, 0x33, 0x0f, 0x33, 0xee, 0x3a, 0xee, 0x3a, 0xcd, 0x3a, 0xcd, 0x3a,
    0xac, 0x3a, 0x8c, 0x42, 0x8b, 0x42, 0x6a, 0x42, 0x4a, 0x42, 0x49, 0x4a,
    0x29, 0x4a, 0x29, 0x4a, 0x08, 0x4a, 0x08, 0x4a, 0x08, 0x4a, 0x08, 0x4a,
    0x08, 0x4a, 0x08, 0x4a, 0x08, 0x4a, 0x08, 0x4a, 0x08, 0x4a, 0x08, 0x4a,
    0x08, 0x4a, 0x08, 0x4a, 0x08, 0x4a, 0x08, 0x4a, 0x08, 0x4a, 0x08, 0x4a,
    0x08, 0x4a, 0x08, 0x4a, 0x08, 0x4a, 0x08, 0x4a, 0x08, 0x4a, 0x08, 0x4a,
    0x08, 0x4a, 0x08, 0x4a, 0x08, 0x4a, 0x08, 0x4a, 0x08, 0x4a, 0x08, 0x4a,
    0x08, 0x4a, 0x08, 0x4a, 0x08, 0x4a, 0x08, 0x4a, 0x08, 0x4a, 0x08, 0x4a,
    0x08, 0x4a, 0x08, 0x4a, 0x08, 0x4a, 0x08, 0x4a, 0x08, 0x4a, 0x08, 0x4a,
    0x08, 0x4a, 0x08, 0x4a, 0x08, 0x4a, 0x08, 0x4a, 0x08, 0x4a, 0x08, 0x4a,
    0x08, 0x4a, 0x08, 0x4a, 0x08, 0x4a, 0x08, 0x4a, 0x08, 0x4a, 0x08, 0x4a,
    0x08, 0x4a, 0x08, 0x4a, 0x08, 0x4a, 0x08, 0x4a, 0x08, 0x4a, 0x08, 0x4a,
    0x08, 0x4a, 0x08, 0x4a, 0x08, 0x4a, 0x08, 0x4a, 0x08, 0x4a, 0x08, 0x4a,
    0x08, 0x4a, 0x08, 0x4a, 0x08, 0x4a, 0x08, 0x4a, 0x08, 0x4a, 0x08, 0x4a,
    0x08, 0x4a, 0x08, 0x4a, 0x08, 0x4a, 0x08, 0x4a, 0x08, 0x4a, 0x08, 0x4a,
    0x08, 0x4a, 0x08, 0x4a, 0x08, 0x4a, 0x08, 0x4a, 0x08, 0x4a, 0x08, 0x4a,
    0x08, 0x4a, 0x08, 0x4a, 0x08, 0x4a, 0x08, 0x4a, 0x08, 0x4a, 0x08, 0x4a,
    0x08, 0x4a, 0x08, 0x4a, 0x08, 0x4a, 0x08, 0x4a, 0x08, 0x4a, 0x08, 0x4a,
    0x08, 0x4a, 0x08, 0x4a, 0x08, 0x4a, 0x08, 0x4a, 0x08, 0x4a, 0x08, 0x4a,
    0x08, 0x4a, 0x08, 0x4a, 0x08, 0x4a, 0x08, 0x4a, 0x08, 0x4a, 0x08, 0x4a,
    0x08, 0x4a, 0x08, 0x4a, 0x08, 0x4a, 0x08, 0x4a, 0x08, 0x4a, 0x08, 0x4a,
    0x08, 0x4a, 0x08, 0x4a, 0x08, 0x4a, 0x08, 0x4a, 0x08, 0x4a, 0x08, 0x4a,
    0x28, 0x4a, 0x29, 0x4a, 0x29, 0x4a, 0x49, 0x4a, 0x4a, 0x42, 0x4a, 0x42,
    0x6a, 0x42, 0x6b, 0x42, 0x8b, 0x42, 0x8c, 0x42, 0xac, 0x42, 0xac, 0x42,
    0xac, 0x3a, 0xac, 0x3a, 0xac, 0x3a, 0xac, 0x3a, 0xac, 0x3a, 0xac, 0x42,
    0xac, 0x42, 0xac, 0x42, 0x8c, 0x42, 0x8b, 0x42, 0x6b, 0x42, 0x6a, 0x42,
    0x4a, 0x42, 0x4a, 0x4a, 0x49, 0x4a, 0x29, 0x4a, 0x29, 0x4a, 0x28, 0x4a,
    0x08, 0x4a, 0x08, 0x4a, 0x08, 0x4a, 0x08, 0x4a, 0x08, 0x4a, 0x08, 0x4a,
    0x08, 0x4a, 0x08, 0x4a, 0x08, 0x4a, 0x08, 0x4a, 0x08, 0x4a, 0x08, 0x4a,
    0x08, 0x4a, 0x08, 0x4a, 0x08, 0x4a, 0x08, 0x4a, 0x08, 0x4a, 0x08, 0x4a,
    0x08, 0x4a, 0x08, 0x4a, 0x08, 0x4a, 0x08, 0x4a, 0x08, 0x4a, 0x08, 0x4a,
    0x08, 0x4a, 0x08, 0x4a, 0x08, 0x4a, 0x08, 0x4a, 0x08, 0x4a, 0x08, 0x4a,
    0x08, 0x4a, 0x08, 0x4a, 0x08, 0x4a, 0x08, 0x4a, 0x08, 0x4a, 0x08, 0x4a,
    0x08, 0x4a, 0x08, 0x4a, 0x08, 0x4a, 0x08, 0x4a, 0x08, 0x4a, 0x08, 0x4a,
    0x08, 0x4a, 0x08, 0x4a, 0x08, 0x4a, 0x08, 0x4a, 0x08, 0x4a, 0x08, 0x4a,
    0x08, 0x4a, 0x08, 0x4a, 0x08, 0x4a, 0x08, 0x4a, 0x08, 0x4a, 0x08, 0x4a,
    0x08, 0x4a, 0x08, 0x4a, 0x08, 0x4a, 0x08, 0x4a, 0x08, 0x4a, 0x08, 0x4a,
    0xe7, 0x49, 0x08, 0x4a, 0xe7, 0x49, 0x08, 0x4a, 0xe7, 0x49, 0x08, 0x4a,
    0xe7, 0x49, 0x08, 0x4a, 0xe7, 0x49, 0x08, 0x4a, 0xe7, 0x49, 0x08, 0x4a,
    0xe7, 0x49, 0x08, 0x4a, 0xe7, 0x49, 0x08, 0x4a, 0xe7, 0x49, 0x08, 0x4a,
    0xe7, 0x49, 0x08, 0x4a, 0xe7, 0x49, 0x08, 0x4a, 0xe7, 0x49, 0x08, 0x4a,
    0xe7, 0x49, 0x08, 0x4a, 0xe7, 0x49, 0x08, 0x4a, 0xe7, 0x49, 0x08, 0x4a,
    0xe7, 0x49, 0x08, 0x4a, 0xe7, 0x49, 0x08, 0x4a, 0xe7, 0x49, 0x08, 0x4a,
    0xe7, 0x49, 0x08, 0x4a, 0xe7, 0x49, 0x08, 0x4a, 0xe7, 0x49, 0x08, 0x4a,
    0xe7, 0x49, 0x08, 0x4a, 0xe7, 0x49, 0x08, 0x4a, 0xe7, 0x49, 0x08, 0x4a,
    0xe7, 0x49, 0x08, 0x4a, 0xe7, 0x49, 0x08, 0x4a, 0xe7, 0x49, 0x08, 0x4a,
    0xe7, 0x49, 0x08, 0x4a, 0xe8, 0x49, 0x08, 0x4a, 0x08, 0x4a, 0x08, 0x4a,
    0x08, 0x4a, 0x08, 0x4a, 0x08, 0x4a, 0x28, 0x4a, 0x08, 0x4a, 0x29, 0x4a,
    0x29, 0x4a, 0x29, 0x4a, 0x29, 0x4a, 0x4a, 0x42, 0x4a, 0x42, 0x4a, 0x42,
    0x4a, 0x42, 0x4a, 0x42, 0x4a, 0x42, 0x6a, 0x42, 0x4a, 0x42, 0x4a, 0x42,
    0x4a, 0x42, 0x4a, 0x42, 0x4a, 0x42, 0x49, 0x4a, 0x29, 0x4a, 0x29, 0x4a,
    0x29, 0x4a, 0x29, 0x4a, 0x08, 0x4a, 0x08, 0x4a, 0x08, 0x4a, 0x08, 0x4a,
    0x08, 0x4a, 0x08, 0x4a, 0xe8, 0x49, 0x08, 0x4a, 0xe7, 0x49, 0x08, 0x4a,
    0xe7, 0x49, 0x08, 0x4a, 0xe7, 0x49, 0x08, 0x4a, 0xe7, 0x49, 0x08, 0x4a,
    0xe7, 0x49, 0x08, 0x4a, 0xe7, 0x49, 0x08, 0x4a, 0xe7, 0x49, 0x08, 0x4a,
    0xe7, 0x49, 0x08, 0x4a, 0xe7, 0x49, 0x08, 0x4a, 0xe7, 0x49, 0x08, 0x4a,
    0xe7, 0x49, 0x08, 0x4a, 0xe7, 0x49, 0x08, 0x4a, 0xe7, 0x49, 0x08, 0x4a,
    0xe7, 0x49, 0x08, 0x4a, 0xe7, 0x49, 0x08, 0x4a, 0xe7, 0x49, 0x08, 0x4a,
    0xe7, 0x49, 0x08, 0x4a, 0xe7, 0x49, 0x08, 0x4a, 0xe7, 0x49, 0x08, 0x4a,
    0xe7, 0x49, 0x08, 0x4a, 0xe7, 0x49, 0x08, 0x4a, 0xe7, 0x49, 0x08, 0x4a,
    0xe7, 0x49, 0x08, 0x4a, 0xe7, 0x49, 0x08, 0x4a, 0xe7, 0x49, 0x08, 0x4a,
    0xe7, 0x49, 0x08, 0x4a, 0xe7, 0x49, 0x08, 0x4a, 0xe7, 0x49, 0x08, 0x4a,
    0xe7, 0x49, 0x08, 0x4a, 0x08, 0x4a, 0x08, 0x4a, 0x08, 0x4a, 0x08, 0x4a,
    0x08, 0x4a, 0x08, 0x4a, 0xe7, 0x49, 0x08, 0x4a, 0x08, 0x4a, 0x08, 0x4a,
    0x08, 0x4a, 0x08, 0x4a, 0x08, 0x4a, 0x08, 0x4a, 0xe7, 0x49, 0x08, 0x4a,
    0x08, 0x4a, 0x08, 0x4a, 0x08, 0x4a, 0x08, 0x4a, 0x08, 0x4a, 0x08, 0x4a,
    0xe7, 0x49, 0x08, 0x4a, 0x08, 0x4a, 0x08, 0x4a, 0x08, 0x4a, 0x08, 0x4a,
    0x08, 0x4a, 0x08, 0x4a, 0xe7, 0x49, 0x08, 0x4a, 0x08, 0x4a, 0x08, 0x4a,
    0x08, 0x4a, 0x08, 0x4a, 0x08, 0x4a, 0x08, 0x4a, 0xe7, 0x49, 0x08, 0x4a,
    0x08, 0x4a, 0x08, 0x4a, 0x08, 0x4a, 0x08, 0x4a, 0x08, 0x4a, 0x08, 0x4a,
    0xe7, 0x49, 0x08, 0x4a, 0x08, 0x4a, 0x08, 0x4a, 0x08, 0x4a, 0x08, 0x4a,
    0x08, 0x4a, 0x08, 0x4a, 0xe7, 0x49, 0x08, 0x4a, 0x08, 0x4a, 0x08, 0x4a,
    0x08, 0x4a, 0x08, 0x4a, 0x08, 0x4a, 0x08, 0x4a, 0x08, 0x4a, 0x08, 0x4a,
    0x08, 0x4a, 0x08, 0x4a, 0x28, 0x4a, 0x28, 0x4a, 0x29, 0x4a, 0x29, 0x4a,
    0x29, 0x4a, 0x29, 0x4a, 0x29, 0x4a, 0x29, 0x4a, 0x29, 0x4a, 0x29, 0x4a,
    0x29, 0x4a, 0x29, 0x4a, 0x08, 0x4a, 0x28, 0x4a, 0x08, 0x4a, 0x08, 0x4a,
    0x08, 0x4a, 0x08, 0x4a, 0x08, 0x4a, 0x08, 0x4a, 0x08, 0x4a, 0x08, 0x4a,
    0x08, 0x4a, 0x08, 0x4a, 0x08, 0x4a, 0x08, 0x4a, 0x08, 0x4a, 0x08, 0x4a,
    0xe7, 0x49, 0x08, 0x4a, 0x08, 0x4a, 0x08, 0x4a, 0x08, 0x4a, 0x08, 0x4a,
    0x08, 0x4a, 0x08, 0x4a, 0xe7, 0x49, 0x08, 0x4a, 0x08, 0x4a, 0x08, 0x4a,
    0x08, 0x4a, 0x08, 0x4a, 0x08, 0x4a, 0x08, 0x4a, 0xe7, 0x49, 0x08, 0x4a,
    0x08, 0x4a, 0x08, 0x4a, 0x08, 0x4a, 0x08, 0x4a, 0x08, 0x4a, 0x08, 0x4a,
    0xe7, 0x49, 0x08, 0x4a, 0x08, 0x4a, 0x08, 0x4a, 0x08, 0x4a, 0x08, 0x4a,
    0x08, 0x4a, 0x08, 0x4a, 0xe7, 0x49, 0x08, 0x4a, 0x08, 0x4a, 0x08, 0x4a,
    0x08, 0x4a, 0x08, 0x4a, 0x08, 0x4a, 0x08, 0x4a, 0xe7, 0x49, 0x08, 0x4a,
    0x08, 0x4a, 0x08, 0x4a, 0x08, 0x4a, 0x08, 0x4a, 0x08, 0x4a, 0x08, 0x4a,
    0xe7, 0x49, 0x08, 0x4a, 0x08, 0x4a, 0x08, 0x4a, 0x08, 0x4a, 0x08, 0x4a,
    0xe7, 0x49, 0xe7, 0x49, 0xe7, 0x49, 0xe7, 0x49, 0xe7, 0x49, 0xe7, 0x49,
    0xe7, 0x49, 0xe7, 0x49, 0xe7, 0x49, 0xe7, 0x49, 0xe7, 0x49, 0xe7, 0x49,
    0xe7, 0x49, 0xe7, 0x49, 0xe7, 0x49, 0xe7, 0x49, 0xe7, 0x49, 0xe7, 0x49,
    0xe7, 0x49, 0xe7, 0x49, 0xe7, 0x49, 0xe7, 0x49, 0xe7, 0x49, 0xe7, 0x49,
    0xe7, 0x49, 0xe7, 0x49, 0xe7, 0x49, 0xe7, 0x49, 0xe7, 0x49, 0xe7, 0x49,
    0xe7, 0x49, 0xe7, 0x49, 0xe7, 0x49, 0xe7, 0x49, 0xe7, 0x49, 0xe7, 0x49,
    0xe7, 0x49, 0xe7, 0x49, 0xe7, 0x49, 0xe7, 0x49, 0xe7, 0x49, 0xe7, 0x49,
    0xe7, 0x49, 0xe7, 0x49, 0xe7, 0x49, 0xe7, 0x49, 0xe7, 0x49, 0xe7, 0x49,
    0xe7, 0x49, 0xe7, 0x49, 0xe7, 0x49, 0xe7, 0x49, 0xe7, 0x49, 0xe7, 0x49,
    0xe7, 0x49, 0xe7, 0x49, 0xe7, 0x49, 0xe7, 0x49, 0xe7, 0x49, 0xe7, 0x49,
    0xe7, 0x49, 0xe8, 0x49, 0xe8, 0x49, 0xe8, 0x49, 0x08, 0x4a, 0x08, 0x4a,
    0x08, 0x4a, 0x08, 0x4a, 0x08, 0x4a, 0x08, 0x4a, 0x08, 0x4a, 0x08, 0x4a,
    0x08, 0x4a, 0x08, 0x4a, 0x08, 0x4a, 0x08, 0x4a, 0x08, 0x4a, 0x08, 0x4a,
    0x08, 0x4a, 0x08, 0x4a, 0x08, 0x4a, 0x08, 0x4a, 0x08, 0x4a, 0x08, 0x4a,
    0x08, 0x4a, 0x08, 0x4a, 0xe8, 0x49, 0xe8, 0x49, 0xe8, 0x49, 0xe7, 0x49,
    0xe7, 0x49, 0xe7, 0x49, 0xe7, 0x49, 0xe7, 0x49, 0xe7, 0x49, 0xe7, 0x49,
    0xe7, 0x49, 0xe7, 0x49, 0xe7, 0x49, 0xe7, 0x49, 0xe7, 0x49, 0xe7, 0x49,
    0xe7, 0x49, 0xe7, 0x49, 0xe7, 0x49, 0xe7, 0x49, 0xe7, 0x49, 0xe7, 0x49,
    0xe7, 0x49, 0xe7, 0x49, 0xe7, 0x49, 0xe7, 0x49, 0xe7, 0x49, 0xe7, 0x49,
    0xe7, 0x49, 0xe7, 0x49, 0xe7, 0x49, 0xe7, 0x49, 0xe7, 0x49, 0xe7, 0x49,
    0xe7, 0x49, 0xe7, 0x49, 0xe7, 0x49, 0xe7, 0x49, 0xe7, 0x49, 0xe7, 0x49,
    0xe7, 0x49, 0xe7, 0x49, 0xe7, 0x49, 0xe7, 0x49, 0xe7, 0x49, 0xe7, 0x49,
    0xe7, 0x49, 0xe7, 0x49, 0xe7, 0x49, 0xe7, 0x49, 0xe7, 0x49, 0xe7, 0x49,
    0xe7, 0x49, 0xe7, 0x49, 0xe7, 0x49, 0xe7, 0x49, 0xe7, 0x49, 0xe7, 0x49,
    0xe7, 0x49, 0xe7, 0x49, 0xe7, 0x49, 0xe7, 0x49, 0xe7, 0x49, 0xe7, 0x49,
    0xe7, 0x49, 0xe7, 0x49, 0xe7, 0x49, 0xe7, 0x49, 0xe7, 0x49, 0xe7, 0x49,
    0xe7, 0x49, 0xe7, 0x49, 0xe7, 0x49, 0xe7, 0x49, 0xe7, 0x49, 0xe7, 0x49,
    0xe7, 0x49, 0xe7, 0x49, 0xe7, 0x49, 0xe7, 0x49, 0xe7, 0x49, 0xe7, 0x49,
    0xe7, 0x49, 0xe7, 0x49, 0xe7, 0x49, 0xe7, 0x49, 0xe7, 0x49, 0xe7, 0x49,
    0xe7, 0x49, 0xe7, 0x49, 0xe7, 0x49, 0xe7, 0x49, 0xe7, 0x49, 0xe7, 0x49,
    0xe7, 0x49, 0xe7, 0x49, 0xe7, 0x49, 0xe7, 0x49, 0xe7, 0x49, 0xe7, 0x49,
    0xe7, 0x49, 0xe7, 0x49, 0xe7, 0x49, 0xe7, 0x49, 0xe7, 0x49, 0xe7, 0x49,
    0xe7, 0x49, 0xe7, 0x49, 0xe7, 0x49, 0xe7, 0x49, 0xe7, 0x49, 0xe7, 0x49,
    0xe7, 0x49, 0xe7, 0x49, 0xe7, 0x49, 0xe7, 0x49, 0xe7, 0x49, 0xe7, 0x49,
    0xe7, 0x49, 0xe7, 0x49, 0xe7, 0x49, 0xe7, 0x49, 0xe7, 0x49, 0xe7, 0x49,
    0xe7, 0x49, 0xe7, 0x49, 0xe7, 0x49, 0xe7, 0x49, 0xe7, 0x49, 0xe8, 0x49,
    0xe8, 0x49, 0xe8, 0x49, 0xe8, 0x49, 0xe8, 0x49, 0x08, 0x4a, 0x08, 0x4a,
    0x08, 0x4a, 0x08, 0x4a, 0x08, 0x4a, 0x08, 0x4a, 0x08, 0x4a, 0x08, 0x4a,
    0x08, 0x4a, 0x08, 0x4a, 0xe8, 0x49, 0xe8, 0x49, 0xe8, 0x49, 0xe8, 0x49,
    0xe8, 0x49, 0xe7, 0x49, 0xe7, 0x49, 0xe7, 0x49, 0xe7, 0x49, 0xe7, 0x49,
    0xe7, 0x49, 0xe7, 0x49, 0xe7, 0x49, 0xe7, 0x49, 0xe7, 0x49, 0xe7, 0x49,
    0xe7, 0x49, 0xe7, 0x49, 0xe7, 0x49, 0xe7, 0x49, 0xe7, 0x49, 0xe7, 0x49,
    0xe7, 0x49, 0xe7, 0x49, 0xe7, 0x49, 0xe7, 0x49, 0xe7, 0x49, 0xe7, 0x49,
    0xe7, 0x49, 0xe7, 0x49, 0xe7, 0x49, 0xe7, 0x49, 0xe7, 0x49, 0xe7, 0x49,
    0xe7, 0x49, 0xe7, 0x49, 0xe7, 0x49, 0xe7, 0x49, 0xe7, 0x49, 0xe7, 0x49,
    0xe7, 0x49, 0xe7, 0x49, 0xe7, 0x49, 0xe7, 0x49, 0xe7, 0x49, 0xe7, 0x49,
    0xe7, 0x49, 0xe7, 0x49, 0xe7, 0x49, 0xe7, 0x49, 0xe7, 0x49, 0xe7, 0x49,
    0xe7, 0x49, 0xe7, 0x49, 0xe7, 0x49, 0xe7, 0x49, 0xe7, 0x49, 0xe7, 0x49,
    0xe7, 0x49, 0xe7, 0x49, 0xe7, 0x49, 0xe7, 0x49, 0xe7, 0x49, 0xe7, 0x49,
    0xe7, 0x49, 0xe7, 0x49, 0xe7, 0x49, 0xe7, 0x49, 0xe7, 0x49, 0xe7, 0x49,
    0xe7, 0x49, 0xe7, 0x49, 0xe7, 0x49, 0xe7, 0x49, 0xe7, 0x49, 0xe7, 0x49,
    0xe7, 0x49, 0xe7, 0x49, 0xe7, 0x49, 0xe7, 0x49, 0xe7, 0x49, 0xe7, 0x49,
    0xe7, 0x49, 0xe7, 0x49, 0xe7, 0x49, 0xe7, 0x49, 0xe7, 0x49, 0xe7, 0x49,
    0xe7, 0x49, 0xe7, 0x49, 0xe7, 0x49, 0xe7, 0x49, 0xe7, 0x49, 0xe7, 0x49,
    0xe7, 0x49, 0xe7, 0x49, 0xe7, 0x49, 0xe7, 0x49, 0xe7, 0x49, 0xe7, 0x49,
    0xe7, 0x49, 0xe7, 0x49, 0xe7, 0x49, 0xe7, 0x49, 0xe7, 0x49, 0xe7, 0x49,
    0xe7, 0x49, 0xe7, 0x49, 0xe7, 0x49, 0xe7, 0x49, 0xe7, 0x49, 0xe7, 0x49,
    0xe7, 0x49, 0xe7, 0x49, 0xe7, 0x49, 0xe7, 0x49, 0xe7, 0x49, 0xe7, 0x49,
    0xe7, 0x49, 0xe7, 0x49, 0xe7, 0x49, 0xe7, 0x49, 0xe7, 0x49, 0xe7, 0x49,
    0xe7, 0x49, 0xe7, 0x49, 0xe7, 0x49, 0xe7, 0x49, 0xe7, 0x49, 0xe7, 0x49,
    0xe7, 0x49, 0xe7, 0x49, 0xe7, 0x49, 0xe7, 0x49, 0xe7, 0x49, 0xe7, 0x49,
    0xe7, 0x49, 0xe7, 0x49, 0xe7, 0x49, 0xe7, 0x49, 0xe7, 0x49, 0xe7, 0x49,
    0xe7, 0x49, 0xe7, 0x49, 0xe7, 0x49, 0xe7, 0x49, 0xe7, 0x49, 0xe7, 0x49,
    0xe7, 0x49, 0xe7, 0x49, 0xe7, 0x49, 0xe7, 0x49, 0xe7, 0x49, 0xe7, 0x49,
    0xe7, 0x49, 0xe7, 0x49, 0xe7, 0x49, 0xe7, 0x49, 0xe7, 0x49, 0xe7, 0x49,
    0xe7, 0x49, 0xe7, 0x49, 0xe7, 0x49, 0xe7, 0x49, 0xe7, 0x49, 0xe7, 0x49,
    0xe7, 0x49, 0xe7, 0x49, 0xe7, 0x49, 0xe7, 0x49, 0xe7, 0x49, 0xe7, 0x49,
    0xe7, 0x49, 0xe7, 0x49, 0xe7, 0x49, 0xe7, 0x49, 0xe7, 0x49, 0xe7, 0x49,
    0xe7, 0x49, 0xe7, 0x49, 0xe7, 0x49, 0xe7, 0x49, 0xe7, 0x49, 0xe7, 0x49,
    0xe7, 0x49, 0xe7, 0x49, 0xe7, 0x49, 0xe7, 0x49, 0xe7, 0x49, 0xe7, 0x49,
    0xe7, 0x49, 0xe7, 0x49, 0xe7, 0x49, 0xe7, 0x49, 0xe7, 0x49, 0xe7, 0x49,
    0xe7, 0x49, 0xe7, 0x49, 0xe7, 0x49, 0xe7, 0x49, 0xe7, 0x49, 0xe7, 0x49,
    0xe7, 0x49, 0xe7, 0x49, 0xe7, 0x49, 0xe7, 0x49, 0xe7, 0x49, 0xe7, 0x49,
    0xe7, 0x49, 0xe7, 0x49, 0xe7, 0x49, 0xe7, 0x49, 0xe7, 0x49, 0xe7, 0x49,
    0xe7, 0x49, 0xe7, 0x49, 0xe7, 0x49, 0xe7, 0x49, 0xe7, 0x49, 0xe7, 0x49,
    0xe7, 0x49, 0xe7, 0x49, 0xe7, 0x49, 0xe7, 0x49, 0xe7, 0x49, 0xe7, 0x49,
    0xe7, 0x49, 0xe7, 0x49, 0xe7, 0x49, 0xe7, 0x49, 0xe7, 0x49, 0xe7, 0x49,
    0xe7, 0x49, 0xe7, 0x49, 0xe7, 0x49, 0xe7, 0x49, 0xe7, 0x49, 0xe7, 0x49,
    0xe7, 0x49, 0xe7, 0x49, 0xe7, 0x49, 0xe7, 0x49, 0xe7, 0x49, 0xe7, 0x49,
    0xe7, 0x49, 0xe7, 0x49, 0xe7, 0x49, 0xe7, 0x49, 0xe7, 0x49, 0xe7, 0x49,
    0xe7, 0x49, 0xe7, 0x49, 0xe7, 0x49, 0xe7, 0x49, 0xe7, 0x49, 0xe7, 0x49,
    0xe7, 0x49, 0xe7, 0x49, 0xe7, 0x49, 0xe7, 0x49, 0xe7, 0x49, 0xe7, 0x49,
    0xe7, 0x49, 0xe7, 0x49, 0xe7, 0x49, 0xe7, 0x49, 0xe7, 0x49, 0xe7, 0x49,
    0xe7, 0x49, 0xe7, 0x49, 0xe7, 0x49, 0xe7, 0x49, 0xe7, 0x49, 0xe7, 0x49,
    0xe7, 0x49, 0xe7, 0x49, 0xe7, 0x49, 0xe7, 0x49, 0xe7, 0x49, 0xe7, 0x49,
    0xe7, 0x49, 0xe7, 0x49, 0xe7, 0x49, 0xe7, 0x49, 0xe7, 0x49, 0xe7, 0x49,
    0xe7, 0x49, 0xe7, 0x49, 0xe7, 0x49, 0xe7, 0x49, 0xe7, 0x49, 0xe7, 0x49,
    0xe7, 0x49, 0xe7, 0x49, 0xe7, 0x49, 0xe7, 0x49, 0xe7, 0x49, 0xe7, 0x49,
    0xe7, 0x49, 0xe7, 0x49, 0xe7, 0x49, 0xe7, 0x49, 0xe7, 0x49, 0xe7, 0x49,
    0xe7, 0x49, 0xe7, 0x49, 0xe7, 0x49, 0xe7, 0x49, 0xe7, 0x49, 0xe7, 0x49,
    0xe7, 0x49, 0xe7, 0x49, 0xe7, 0x49, 0xe7, 0x49, 0xe7, 0x49, 0xe7, 0x49,
    0xe7, 0x49, 0xe7, 0x49, 0xe7, 0x49, 0xe7, 0x49, 0xe7, 0x49, 0xe7, 0x49,
    0xe7, 0x49, 0xe7, 0x49, 0xe7, 0x49, 0xe7, 0x49, 0xe7, 0x49, 0xe7, 0x49,
    0xe7, 0x49, 0xe7, 0x49, 0xe7, 0x49, 0xe7, 0x49, 0xe7, 0x49, 0xe7, 0x49,
    0xe7, 0x49, 0xe7, 0x49, 0xe7, 0x49, 0xe7, 0x49, 0xe7, 0x49, 0xe7, 0x49,
    0xe7, 0x49, 0xe7, 0x49, 0xe7, 0x49, 0xe7, 0x49, 0xe7, 0x49, 0xe7, 0x49,
    0xe7, 0x49, 0xe7, 0x49, 0xe7, 0x49, 0xe7, 0x49, 0xe7, 0x49, 0xe7, 0x49,
    0xe7, 0x49, 0xe7, 0x49, 0xe7, 0x49, 0xe7, 0x49, 0xe7, 0x49, 0xe7, 0x49,
    0xe7, 0x49, 0xe7, 0x49, 0xe7, 0x49, 0xe7, 0x49, 0xe7, 0x49, 0xe7, 0x49,
    0xe7, 0x49, 0xe7, 0x49, 0xe7, 0x49, 0xe7, 0x49, 0xe7, 0x49, 0xe7, 0x49,
    0xe7, 0x49, 0xe7, 0x49, 0xe7, 0x49, 0xe7, 0x49, 0xe7, 0x49, 0xe7, 0x49,
    0xe7, 0x49, 0xe7, 0x49, 0xe7, 0x49, 0xe7, 0x49, 0xe7, 0x49, 0xe7, 0x49,
    0xe7, 0x49, 0xe7, 0x49, 0xe7, 0x49, 0xe7, 0x49, 0xe7, 0x49, 0xe7, 0x49,
    0xe7, 0x49, 0xe7, 0x49, 0xe7, 0x49, 0xe7, 0x49, 0xe7, 0x49, 0xe7, 0x49,
    0xe7, 0x49, 0xe7, 0x49, 0xe7, 0x49, 0xe7, 0x49, 0xe7, 0x49, 0xe7, 0x49,
    0xe7, 0x49, 0xe7, 0x49, 0xe7, 0x49, 0xe7, 0x49, 0xe7, 0x49, 0xe7, 0x49,
    0xe7, 0x49, 0xe7, 0x49, 0xe7, 0x49, 0xe7, 0x49, 0xe7, 0x49, 0xe7, 0x49,
    0xe7, 0x49, 0xe7, 0x49, 0xe7, 0x49, 0xe7, 0x49, 0xe7, 0x49, 0xe7, 0x49,
    0xe7, 0x49, 0xe7, 0x49, 0xe7, 0x49, 0xe7, 0x49, 0xe7, 0x49, 0xe7, 0x49,
    0xe7, 0x49, 0xe7, 0x49, 0xe7, 0x49, 0xe7, 0x49, 0xe7, 0x49, 0xe7, 0x49,
    0xe7, 0x49, 0xe7, 0x49, 0xe7, 0x49, 0xe7, 0x49, 0xe7, 0x49, 0xe7, 0x49,
    0xe7, 0x49, 0xe7, 0x49, 0xe7, 0x49, 0xe7, 0x49, 0xe7, 0x49, 0xe7, 0x49,
    0xe7, 0x49, 0xe7, 0x49, 0xe7, 0x49, 0xe7, 0x49, 0xe7, 0x49, 0xe7, 0x49,
    0xe7, 0x49, 0xe7, 0x49, 0xe7, 0x49, 0xe7, 0x49, 0xe7, 0x49, 0xe7, 0x49,
    0xe7, 0x49, 0xe7, 0x49, 0xe7, 0x49, 0xe7, 0x49, 0xe7, 0x49, 0xe7, 0x49,
    0xe7, 0x49, 0xe7, 0x49, 0xe7, 0x49, 0xe7, 0x49, 0xe7, 0x49, 0xe7, 0x49,
    0xe7, 0x49, 0xe7, 0x49, 0xe7, 0x49, 0xe7, 0x49, 0xe7, 0x49, 0xe7, 0x49,
    0xe7, 0x49, 0xe7, 0x49, 0xe7, 0x49, 0xe7, 0x49, 0xe7, 0x49, 0xe7, 0x49,
    0xe7, 0x49, 0xe7, 0x49, 0xe7, 0x49, 0xe7, 0x49, 0xe7, 0x49, 0xe7, 0x49,
    0xe7, 0x49, 0xe7, 0x49, 0xe7, 0x49, 0xe7, 0x49, 0xe7, 0x49, 0xe7, 0x49,
    0xe7, 0x49, 0xe7, 0x49, 0xe7, 0x49, 0xe7, 0x49, 0xe7, 0x49, 0xe7, 0x49,
    0xe7, 0x49, 0xe7, 0x49, 0xe7, 0x49, 0xe7, 0x49, 0xe7, 0x49, 0xe7, 0x49,
    0xe7, 0x49, 0xe7, 0x49, 0xe7, 0x49, 0xe7, 0x49, 0xe7, 0x49, 0xe7, 0x49,
    0xe7, 0x49, 0xe7, 0x49, 0xe7, 0x49, 0xe7, 0x49, 0xe7, 0x49, 0xe7, 0x49,
    0xe7, 0x49, 0xe7, 0x49, 0xe7, 0x49, 0xe7, 0x49, 0xe7, 0x49, 0xe7, 0x49,
    0xe7, 0x49, 0xe7, 0x49, 0xe7, 0x49, 0xe7, 0x49, 0xe7, 0x49, 0xe7, 0x49,
    0xe7, 0x49, 0xe7, 0x49, 0xe7, 0x49, 0xe7, 0x49, 0xe7, 0x49, 0xe7, 0x49,
    0xe7, 0x49, 0xe7, 0x49, 0xe7, 0x49, 0xe7, 0x49, 0xe7, 0x49, 0xe7, 0x49,
    0xe7, 0x49, 0xe7, 0x49, 0xe7, 0x49, 0xe7, 0x49, 0xe7, 0x49, 0xe7, 0x49,
    0xe7, 0x49, 0xe7, 0x49, 0xe7, 0x49, 0xe7, 0x49, 0xe7, 0x49, 0xe7, 0x49,
    0xe7, 0x49, 0xe7, 0x49, 0xe7, 0x49, 0xe7, 0x49, 0xe7, 0x49, 0xe7, 0x49,
    0xe7, 0x49, 0xe7, 0x49, 0xe7, 0x49, 0xe7, 0x49, 0xe7, 0x49, 0xe7, 0x49,
    0xe7, 0x49, 0xe7, 0x49, 0xe7, 0x49, 0xe7, 0x49, 0xe7, 0x49, 0xe7, 0x49,
    0xe7, 0x49, 0xe7, 0x49, 0xe7, 0x49, 0xe7, 0x49, 0xe7, 0x49, 0xe7, 0x49,
    0xe7, 0x49, 0xe7, 0x49, 0xe7, 0x49, 0xe7, 0x49, 0xe7, 0x49, 0xe7, 0x49,
    0xe7, 0x49, 0xe7, 0x49, 0xe7, 0x49, 0xe7, 0x49, 0xe7, 0x49, 0xe7, 0x49,
    0xe7, 0x49, 0xe7, 0x49, 0xe7, 0x49, 0xe7, 0x49, 0xe7, 0x49, 0xe7, 0x49,
    0xe7, 0x49, 0xe7, 0x49, 0xe7, 0x49, 0xe7, 0x49, 0xe7, 0x49, 0xe7, 0x49,
    0xe7, 0x49, 0xe7, 0x49, 0xe7, 0x49, 0xe7, 0x49, 0xe7, 0x49, 0xe7, 0x49,
    0xe7, 0x49, 0xe7, 0x49, 0xe7, 0x49, 0xe7, 0x49, 0xe7, 0x49, 0xe7, 0x49,
    0xe7, 0x49, 0xe7, 0x49, 0xe7, 0x49, 0xe7, 0x49, 0xe7, 0x49, 0xe7, 0x49,
    0xe7, 0x49, 0xe7, 0x49, 0xe7, 0x49, 0xe7, 0x49, 0xe7, 0x49, 0xe7, 0x49,
    0xe7, 0x49, 0xe7, 0x49, 0xe7, 0x49, 0xe7, 0x49, 0xe7, 0x49, 0xe7, 0x49,
    0xe7, 0x49, 0xe7, 0x49, 0xe7, 0x49, 0xe7, 0x49, 0xe7, 0x49, 0xe7, 0x49,
    0xe7, 0x49, 0xe7, 0x49, 0xe7, 0x49, 0xe7, 0x49, 0xe7, 0x49, 0xe7, 0x49,
    0xe7, 0x49, 0xe7, 0x49, 0xe7, 0x49, 0xe7, 0x49, 0xe7, 0x49, 0xe7, 0x49,
    0xe7, 0x49, 0xe7, 0x49, 0xe7, 0x49, 0xe7, 0x49, 0xe7, 0x49, 0xe7, 0x49,
    0xe7, 0x49, 0xe7, 0x49, 0xe7, 0x49, 0xe7, 0x49, 0xe7, 0x49, 0xe7, 0x49,
    0xe7, 0x49, 0xe7, 0x49, 0xe7, 0x49, 0xe7, 0x49, 0xe7, 0x49, 0xe7, 0x49,
    0xe7, 0x49, 0xe7, 0x49, 0xe7, 0x49, 0xe7, 0x49, 0xe7, 0x49, 0xe7, 0x49,
    0xe7, 0x49, 0xe7, 0x49, 0xe7, 0x49, 0xe7, 0x49, 0xe7, 0x49, 0xe7, 0x49,
    0xe7, 0x49, 0xe7, 0x49, 0xe7, 0x49, 0xe7, 0x49, 0xe7, 0x49, 0xe7, 0x49,
    0xe7, 0x49, 0xe7, 0x49, 0xe7, 0x49, 0xe7, 0x49, 0xe7, 0x49, 0xe7, 0x49,
    0xe7, 0x49, 0xe7, 0x49, 0xe7, 0x49, 0xe7, 0x49, 0xe7, 0x49, 0xe7, 0x49,
    0xe7, 0x49, 0xe7, 0x49, 0xe7, 0x49, 0xe7, 0x49, 0xe7, 0x49, 0xe7, 0x49,
    0xe7, 0x49, 0xe7, 0x49, 0xe7, 0x49, 0xe7, 0x49, 0xe7, 0x49, 0xe7, 0x49,
    0xe7, 0x49, 0xe7, 0x49, 0xe7, 0x49, 0xe7, 0x49, 0xe7, 0x49, 0xe7, 0x49,
    0xe7, 0x49, 0xe7, 0x49, 0xe7, 0x49, 0xe7, 0x49, 0xe7, 0x49, 0xe7, 0x49,
    0xe7, 0x49, 0xe7, 0x49, 0xe7, 0x49, 0xe7, 0x49, 0xe7, 0x49, 0xe7, 0x49,
    0xe7, 0x49, 0xe7, 0x49, 0xe7, 0x49, 0xe7, 0x49, 0xe7, 0x49, 0xe7, 0x49,
    0xe7, 0x49, 0xe7, 0x49, 0xe7, 0x49, 0xe7, 0x49, 0xe7, 0x49, 0xe7, 0x49,
    0xe7, 0x49, 0xe7, 0x49, 0xe7, 0x49, 0xe7, 0x49, 0xe7, 0x49, 0xe7, 0x49,
    0xe7, 0x49, 0xe7, 0x49, 0xe7, 0x49, 0xe7, 0x49, 0xe7, 0x49, 0xe7, 0x49,
    0xe7, 0x49, 0xe7, 0x49, 0xe7, 0x49, 0xe7, 0x49, 0xe7, 0x49, 0xe7, 0x49,
    0xe7, 0x49, 0xe7, 0x49, 0xe7, 0x49, 0xe7, 0x49, 0xe7, 0x49, 0xe7, 0x49,
    0xe7, 0x49, 0xe7, 0x49, 0xe7, 0x49, 0xe7, 0x49, 0xe7, 0x49, 0xe7, 0x49,
    0xe7, 0x49, 0xe7, 0x49, 0xe7, 0x49, 0xe7, 0x49, 0xe7, 0x49, 0xe7, 0x49,
    0xe7, 0x49, 0xe7, 0x49, 0xe7, 0x49, 0xe7, 0x49, 0xe7, 0x49, 0xe7, 0x49,
    0xe7, 0x49, 0xe7, 0x49, 0xe7, 0x49, 0xe7, 0x49, 0xe7, 0x49, 0xe7, 0x49,
    0xe7, 0x49, 0xe7, 0x49, 0xe7, 0x49, 0xe7, 0x49, 0xe7, 0x49, 0xe7, 0x49,
    0xe7, 0x49, 0xe7, 0x49, 0xe7, 0x49, 0xe7, 0x49, 0xe7, 0x49, 0xe7, 0x49,
    0xe7, 0x49, 0xe7, 0x49, 0xe7, 0x49, 0xe7, 0x49, 0xe7, 0x49, 0xe7, 0x49,
    0xe7, 0x49, 0xe7, 0x49, 0xe7, 0x49, 0xe7, 0x49, 0xe7, 0x49, 0xe7, 0x49,
    0xe7, 0x49, 0xe7, 0x49, 0xe7, 0x49, 0xe7, 0x49, 0xe7, 0x49, 0xe7, 0x49,
    0xe7, 0x49, 0xe7, 0x49, 0xe7, 0x49, 0xe7, 0x49, 0xe7, 0x49, 0xe7, 0x49,
    0xe7, 0x49, 0xe7, 0x49, 0xe7, 0x49, 0xe7, 0x49, 0xe7, 0x49, 0xe7, 0x49,
    0xe7, 0x49, 0xe7, 0x49, 0xe7, 0x49, 0xe7, 0x49, 0xe7, 0x49, 0xe7, 0x49,
    0xe7, 0x49, 0xe7, 0x49, 0xe7, 0x49, 0xe7, 0x49, 0xe7, 0x49, 0xe7, 0x49,
    0xe7, 0x49, 0xe7, 0x49, 0xe7, 0x49, 0xe7, 0x49, 0xe7, 0x49, 0xe7, 0x49,
    0xe7, 0x49, 0xe7, 0x49, 0xe7, 0x49, 0xe7, 0x49, 0xe7, 0x49, 0xe7, 0x49,
    0xe7, 0x49, 0xe7, 0x49, 0xe7, 0x49, 0xe7, 0x49, 0xe7, 0x49, 0xe7, 0x49,
    0xe7, 0x49, 0xe7, 0x49, 0xe7, 0x49, 0xe7, 0x49, 0xe7, 0x49, 0xe7, 0x49,
    0xe7, 0x49, 0xe7, 0x49, 0xe7, 0x49, 0xe7, 0x49, 0xe7, 0x49, 0xe7, 0x49,
    0xe7, 0x49, 0xe7, 0x49, 0xe7, 0x49, 0xe7, 0x49, 0xe7, 0x49, 0xe7, 0x49,
    0xe7, 0x49, 0xe7, 0x49, 0xe7, 0x49, 0xe7, 0x49, 0xe7, 0x49, 0xe7, 0x49,
    0xe7, 0x49, 0xe7, 0x49, 0xe7, 0x49, 0xe7, 0x49, 0xe7, 0x49, 0xe7, 0x49,
    0xe7, 0x49, 0xe7, 0x49, 0xe7, 0x49, 0xe7, 0x49, 0xe7, 0x49, 0xe7, 0x49,
    0xe7, 0x49, 0xe7, 0x49, 0xe7, 0x49, 0xe7, 0x49, 0xe7, 0x49, 0xe7, 0x49,
    0xe7, 0x49, 0xe7, 0x49, 0xe7, 0x49, 0xe7, 0x49, 0xe7, 0x49, 0xe7, 0x49,
    0xe7, 0x49, 0xe7, 0x49, 0xe7, 0x49, 0xe7, 0x49, 0xe7, 0x49, 0xe7, 0x49,
    0xe7, 0x49, 0xe7, 0x49, 0xe7, 0x49, 0xe7, 0x49, 0xe7, 0x49, 0xe7, 0x49,
    0xe7, 0x49, 0xe7, 0x49, 0xe7, 0x49, 0xe7, 0x49, 0xe7, 0x49, 0xe7, 0x49,
    0xe7, 0x49, 0xe7, 0x49, 0xe7, 0x49, 0xe7, 0x49, 0xe7, 0x49, 0xe7, 0x49,
    0xe7, 0x49, 0xe7, 0x49, 0xe7, 0x49, 0xe7, 0x49, 0xe7, 0x49, 0xe7, 0x49,
    0xe7, 0x49, 0xe7, 0x49, 0xe7, 0x49, 0xe7, 0x49, 0xe7, 0x49, 0xe7, 0x49,
    0xe7, 0x49, 0xe7, 0x49, 0xe7, 0x49, 0xe7, 0x49, 0xe7, 0x49, 0xe7, 0x49,
    0xe7, 0x49, 0xe7, 0x49, 0xe7, 0x49, 0xe7, 0x49, 0xe7, 0x49, 0xe7, 0x49,
    0xe7, 0x49, 0xe7, 0x49, 0xe7, 0x49, 0xe7, 0x49, 0xe7, 0x49, 0xe7, 0x49,
    0xe7, 0x49, 0xe7, 0x49, 0xe7, 0x49, 0xe7, 0x49, 0xe7, 0x49, 0xe7, 0x49,
    0xe7, 0x49, 0xe7, 0x49, 0xe7, 0x49, 0xe7, 0x49, 0xe7, 0x49, 0xe7, 0x49,
    0xe7, 0x49, 0xe7, 0x49, 0xe7, 0x49, 0xe7, 0x49, 0xe7, 0x49, 0xe7, 0x49,
    0xe7, 0x49, 0xe7, 0x49, 0xe7, 0x49, 0xe7, 0x49, 0xe7, 0x49, 0xe7, 0x49,
    0xe7, 0x49, 0xe7, 0x49, 0xe7, 0x49, 0xe7, 0x49, 0xe7, 0x49, 0xe7, 0x49,
    0xe7, 0x49, 0xe7, 0x49, 0xe7, 0x49, 0xe7, 0x49, 0xe7, 0x49, 0xe7, 0x49,
    0xe7, 0x49, 0xe7, 0x49, 0xe7, 0x49, 0xe7, 0x49, 0xe7, 0x49, 0xe7, 0x49,
    0xe7, 0x49, 0xe7, 0x49, 0xe7, 0x49, 0xe7, 0x49, 0xe7, 0x49, 0xe7, 0x49,
    0xe7, 0x49, 0xe7, 0x49, 0xe7, 0x49, 0xe7, 0x49, 0xe7, 0x49, 0xe7, 0x49,
    0xe7, 0x49, 0xe7, 0x49, 0xe7, 0x49, 0xe7, 0x49, 0xe7, 0x49, 0xe7, 0x49,
    0xe7, 0x49, 0xe7, 0x49, 0xe7, 0x49, 0xe7, 0x49, 0xe7, 0x49, 0xe7, 0x49,
    0xe7, 0x49, 0xe7, 0x49, 0xe7, 0x49, 0xe7, 0x49, 0xe7, 0x49, 0xe7, 0x49,
    0xe7, 0x49, 0xe7, 0x49, 0xe7, 0x49, 0xe7, 0x49, 0xe7, 0x49, 0xe7, 0x49,
    0xe7, 0x49, 0xe7, 0x49, 0xe7, 0x49, 0xe7, 0x49, 0xe7, 0x49, 0xe7, 0x49,
    0xe7, 0x49, 0xe7, 0x49, 0xe7, 0x49, 0xe7, 0x49, 0xe7, 0x49, 0xe7, 0x49,
    0xe7, 0x49, 0xe7, 0x49, 0xe7, 0x49, 0xe7, 0x49, 0xe7, 0x49, 0xe7, 0x49,
    0xe7, 0x49, 0xe7, 0x49, 0xe7, 0x49, 0xe7, 0x49, 0xe7, 0x49, 0xe7, 0x49,
    0xe7, 0x49, 0xe7, 0x49, 0xe7, 0x49, 0xe7, 0x49, 0xe7, 0x49, 0xe7, 0x49,
    0xe7, 0x49, 0xe7, 0x49, 0xe7, 0x49, 0xe7, 0x49, 0xe7, 0x49, 0xe7, 0x49,
    0xe7, 0x49, 0xe7, 0x49, 0xe7, 0x49, 0xe7, 0x49, 0xe7, 0x49, 0xe7, 0x49,
    0xe7, 0x49, 0xe7, 0x49, 0xe7, 0x49, 0xe7, 0x49, 0xe7, 0x49, 0xe7, 0x49,
    0xe7, 0x49, 0xe7, 0x49, 0xe7, 0x49, 0xe7, 0x49, 0xe7, 0x49, 0xe7, 0x49,
    0xe7, 0x49, 0xe7, 0x49, 0xe7, 0x49, 0xe7, 0x49, 0xe7, 0x49, 0xe7, 0x49,
    0xe7, 0x49, 0xe7, 0x49, 0xe7, 0x49, 0xe7, 0x49, 0xe7, 0x49, 0xe7, 0x49,
    0xe7, 0x49, 0xe7, 0x49, 0xe7, 0x49, 0xe7, 0x49, 0xe7, 0x49, 0xe7, 0x49,
    0xe7, 0x49, 0xe7, 0x49, 0xe7, 0x49, 0xe7, 0x49, 0xe7, 0x49, 0xe7, 0x49,
    0xe7, 0x49, 0xe7, 0x49, 0xe7, 0x49, 0xe7, 0x49, 0xe7, 0x49, 0xe7, 0x49,
    0xe7, 0x49, 0xe7, 0x49, 0xe7, 0x49, 0xe7, 0x49, 0xe7, 0x49, 0xe7, 0x49,
    0xe7, 0x49, 0xe7, 0x49, 0xe7, 0x49, 0xe7, 0x49, 0xe7, 0x49, 0xe7, 0x49,
    0xe7, 0x49, 0xe7, 0x49, 0xe7, 0x49, 0xe7, 0x49, 0xe7, 0x49, 0xe7, 0x49,
    0xe7, 0x49, 0xe7, 0x49, 0xe7, 0x49, 0xe7, 0x49, 0xe7, 0x49, 0xe7, 0x49,
    0xe7, 0x49, 0xe7, 0x49, 0xe7, 0x49, 0xe7, 0x49, 0xe7, 0x49, 0xe7, 0x49,
    0xe7, 0x49, 0xe7, 0x49, 0xe7, 0x49, 0xe7, 0x49, 0xe7, 0x49, 0xe7, 0x49,
    0xe7, 0x49, 0xe7, 0x49, 0xe7, 0x49, 0xe7, 0x49, 0xe7, 0x49, 0xe7, 0x49,
    0xe7, 0x49, 0xe7, 0x49, 0xe7, 0x49, 0xe7, 0x49, 0xe7, 0x49, 0xe7, 0x49,
    0xe7, 0x49, 0xe7, 0x49, 0xe7, 0x49, 0xe7, 0x49, 0xe7, 0x49, 0xe7, 0x49,
    0xe7, 0x49, 0xe7, 0x49, 0xe7, 0x49, 0xe7, 0x49, 0xe7, 0x49, 0xe7, 0x49,
    0xe7, 0x49, 0xe7, 0x49, 0xe7, 0x49, 0xe7, 0x49, 0xe7, 0x49, 0xe7, 0x49,
    0xe7, 0x49, 0xe7, 0x49, 0xe7, 0x49, 0xe7, 0x49, 0xe7, 0x49, 0xe7, 0x49,
    0xe7, 0x49, 0xe7, 0x49, 0xe7, 0x49, 0xe7, 0x49, 0xe7, 0x49, 0xe7, 0x49,
    0xe7, 0x49, 0xe7, 0x49, 0xe7, 0x49, 0xe7, 0x49, 0xe7, 0x49, 0xe7, 0x49,
    0xe7, 0x49, 0xe7, 0x49, 0xe7, 0x49, 0xe7, 0x49, 0xe7, 0x49, 0xe7, 0x49,
    0xe7, 0x49, 0xe7, 0x49, 0xe7, 0x49, 0xe7, 0x49, 0xe7, 0x49, 0xe7, 0x49,
    0xe7, 0x49, 0xe7, 0x49, 0xe7, 0x49, 0xe7, 0x49, 0xe7, 0x49, 0xe7, 0x49,
    0xe7, 0x49, 0xe7, 0x49, 0xe7, 0x49, 0xe7, 0x49, 0xe7, 0x49, 0xe7, 0x49,
    0xe7, 0x49, 0xe7, 0x49, 0xe7, 0x49, 0xe7, 0x49, 0xe7, 0x49, 0xe7, 0x49,
    0xe7, 0x49, 0xe7, 0x49, 0xe7, 0x49, 0xe7, 0x49, 0xe7, 0x49, 0xe7, 0x49,
    0xe7, 0x49, 0xe7, 0x49, 0xe7, 0x49, 0xe7, 0x49, 0xe7, 0x49, 0xe7, 0x49,
    0xe7, 0x49, 0xe7, 0x49, 0xe7, 0x49, 0xe7, 0x49, 0xe7, 0x49, 0xe7, 0x49,
    0xe7, 0x49, 0xe7, 0x49, 0xe7, 0x49, 0xe7, 0x49, 0xe7, 0x49, 0xe7, 0x49,
    0xe7, 0x49, 0xe7, 0x49, 0xe7, 0x49, 0xe7, 0x49, 0xe7, 0x49, 0xe7, 0x49,
    0xe7, 0x49, 0xe7, 0x49, 0xe7, 0x49, 0xe7, 0x49, 0xe7, 0x49, 0xe7, 0x49,
    0xe7, 0x49, 0xe7, 0x49, 0xe7, 0x49, 0xe7, 0x49, 0xe7, 0x49, 0xe7, 0x49,
    0xe7, 0x49, 0xe7, 0x49, 0xe7, 0x49, 0xe7, 0x49, 0xe7, 0x49, 0xe7, 0x49,
    0xe7, 0x49, 0xe7, 0x49, 0xe7, 0x49, 0xe7, 0x49, 0xe7, 0x49, 0xe7, 0x49,
    0xe7, 0x49, 0xe7, 0x49, 0xe7, 0x49, 0xe7, 0x49, 0xe7, 0x49, 0xe7, 0x49,
    0xe7, 0x49, 0xe7, 0x49, 0xe7, 0x49, 0xe7, 0x49, 0xe7, 0x49, 0xe7, 0x49,
    0xe7, 0x49, 0xe7, 0x49, 0xe7, 0x49, 0xe7, 0x49, 0xe7, 0x49, 0xe7, 0x49,
    0xe7, 0x49, 0xe7, 0x49, 0xe7, 0x49, 0xe7, 0x49, 0xe7, 0x49, 0xe7, 0x49,
    0xe7, 0x49, 0xe7, 0x49, 0xe7, 0x49, 0xe7, 0x49, 0xe7, 0x49, 0xe7, 0x49,
    0xe7, 0x49, 0xe7, 0x49, 0xe7, 0x49, 0xe7, 0x49, 0xe7, 0x49, 0xe7, 0x49,
    0xe7, 0x49, 0xe7, 0x49, 0xe7, 0x49, 0xe7, 0x49, 0xe7, 0x49, 0xe7, 0x49,
    0xe7, 0x49, 0xe7, 0x49, 0xe7, 0x49, 0xe7, 0x49, 0xe7, 0x49, 0xe7, 0x49,
    0xe7, 0x49, 0xe7, 0x49, 0xe7, 0x49, 0xe7, 0x49, 0xe7, 0x49, 0xe7, 0x49,
    0xe7, 0x49, 0xe7, 0x49, 0xe7, 0x49, 0xe7, 0x49, 0xe7, 0x49, 0xe7, 0x49,
    0xe7, 0x49, 0xe7, 0x49, 0xe7, 0x49, 0xe7, 0x49, 0xe7, 0x49, 0xe7, 0x49,
    0xe7, 0x49, 0xe7, 0x49, 0xe7, 0x49, 0xe7, 0x49, 0xe7, 0x49, 0xe7, 0x49,
    0xe7, 0x49, 0xe7, 0x49, 0xe7, 0x49, 0xe7, 0x49, 0xe7, 0x49, 0xe7, 0x49,
    0xe7, 0x49, 0xe7, 0x49, 0xe7, 0x49, 0xe7, 0x49, 0xe7, 0x49, 0xe7, 0x49,
    0xe7, 0x49, 0xe7, 0x49, 0xe7, 0x49, 0xe7, 0x49, 0xe7, 0x49, 0xe7, 0x49,
    0xe7, 0x49, 0xe7, 0x49, 0xe7, 0x49, 0xe7, 0x49, 0xe7, 0x49, 0xe7, 0x49,
    0xe7, 0x49, 0xe7, 0x49, 0xe7, 0x49, 0xe7, 0x49, 0xe7, 0x49, 0xe7, 0x49,
    0xe7, 0x49, 0xe7, 0x49, 0xe7, 0x49, 0xe7, 0x49, 0xe7, 0x49, 0xe7, 0x49,
    0xe7, 0x49, 0xe7, 0x49, 0xe7, 0x49, 0xe7, 0x49, 0xe7, 0x49, 0xe7, 0x49,
    0xe7, 0x49, 0xe7, 0x49, 0xe7, 0x49, 0xe7, 0x49, 0xe7, 0x49, 0xe7, 0x49,
    0xe7, 0x49, 0xe7, 0x49, 0xe7, 0x49, 0xe7, 0x49, 0xe7, 0x49, 0xe7, 0x49,
    0xe7, 0x49, 0xe7, 0x49, 0xe7, 0x49, 0xe7, 0x49, 0xe7, 0x49, 0xe7, 0x49,
    0xe7, 0x49, 0xe7, 0x49, 0xe7, 0x49, 0xe7, 0x49, 0xe7, 0x49, 0xe7, 0x49,
    0xe7, 0x49, 0xe7, 0x49, 0xe7, 0x49, 0xe7, 0x49, 0xe7, 0x49, 0xe7, 0x49,
    0xe7, 0x49, 0xe7, 0x49, 0xe7, 0x49, 0xe7, 0x49, 0xe7, 0x49, 0xe7, 0x49,
    0xe7, 0x49, 0xe7, 0x49, 0xe7, 0x49, 0xe7, 0x49, 0xe7, 0x49, 0xe7, 0x49,
    0xe7, 0x49, 0xe7, 0x49, 0xe7, 0x49, 0xe7, 0x49, 0xe7, 0x49, 0xe7, 0x49,
    0xe7, 0x49, 0xe7, 0x49, 0xe7, 0x49, 0xe7, 0x49, 0xe7, 0x49, 0xe7, 0x49,
    0xe7, 0x49, 0xe7, 0x49, 0xe7, 0x49, 0xe7, 0x49, 0xe7, 0x49, 0xe7, 0x49,
    0xe7, 0x49, 0xe7, 0x49, 0xe7, 0x49, 0xe7, 0x49, 0xe7, 0x49, 0xe7, 0x49,
    0xe7, 0x49, 0xe7, 0x49, 0xe7, 0x49, 0xe7, 0x49, 0xe7, 0x49, 0xe7, 0x49,
    0xe7, 0x49, 0xe7, 0x49, 0xe7, 0x49, 0xe7, 0x49, 0xe7, 0x49, 0xe7, 0x49,
    0xe7, 0x49, 0xe7, 0x49, 0xe7, 0x49, 0xe7, 0x49, 0xe7, 0x49, 0xe7, 0x49,
    0xe7, 0x49, 0xe7, 0x49, 0xe7, 0x49, 0xe7, 0x49, 0xe7, 0x49, 0xe7, 0x49,
    0xe7, 0x49, 0xe7, 0x49, 0xe7, 0x49, 0xe7, 0x49, 0xe7, 0x49, 0xe7, 0x49,
    0xe7, 0x49, 0xe7, 0x49, 0xe7, 0x49, 0xe7, 0x49, 0xe7, 0x49, 0xe7, 0x49,
    0xe7, 0x49, 0xe7, 0x49, 0xe7, 0x49, 0xe7, 0x49, 0xe7, 0x49, 0xe7, 0x49,
    0xe7, 0x49, 0xe7, 0x49, 0xe7, 0x49, 0xe7, 0x49, 0xe7, 0x49, 0xe7, 0x49,
    0xe7, 0x49, 0xe7, 0x49, 0xe7, 0x49, 0xe7, 0x49, 0xe7, 0x49, 0xe7, 0x49,
    0xe7, 0x49, 0xe7, 0x49, 0xe7, 0x49, 0xe7, 0x49, 0xe7, 0x49, 0xe7, 0x49,
    0xe7, 0x49, 0xe7, 0x49, 0xe7, 0x49, 0xe7, 0x49, 0xe7, 0x49, 0xe7, 0x49,
    0xe7, 0x49, 0xe7, 0x49, 0xe7, 0x49, 0xe7, 0x49, 0xe7, 0x49, 0xe7, 0x49,
    0xe7, 0x49, 0xe7, 0x49, 0xe7, 0x49, 0xe7, 0x49, 0xe7, 0x49, 0xe7, 0x49,
    0xe7, 0x49, 0xe7, 0x49, 0xe7, 0x49, 0xe7, 0x49, 0xe7, 0x49, 0xe7, 0x49,
    0xe7, 0x49, 0xe7, 0x49, 0xe7, 0x49, 0xe7, 0x49, 0xe7, 0x49, 0xe7, 0x49,
    0xe7, 0x49, 0xe7, 0x49, 0xe7, 0x49, 0xe7, 0x49, 0xe7, 0x49, 0xe7, 0x49,
    0xe7, 0x49, 0xe7, 0x49, 0xe7, 0x49, 0xe7, 0x49, 0xe7, 0x49, 0xe7, 0x49,
    0xc7, 0x49, 0xe7, 0x49, 0xc7, 0x49, 0xe7, 0x49, 0xc7, 0x49, 0xe7, 0x49,
    0xc7, 0x49, 0xe7, 0x49, 0xc7, 0x49, 0xe7, 0x49, 0xc7, 0x49, 0xe7, 0x49,
    0xc7, 0x49, 0xe7, 0x49, 0xc7, 0x49, 0xe7, 0x49, 0xc7, 0x49, 0xe7, 0x49,
    0xc7, 0x49, 0xe7, 0x49, 0xc7, 0x49, 0xe7, 0x49, 0xc7, 0x49, 0xe7, 0x49,
    0xc7, 0x49, 0xe7, 0x49, 0xc7, 0x49, 0xe7, 0x49, 0xc7, 0x49, 0xe7, 0x49,
    0xc7, 0x49, 0xe7, 0x49, 0xc7, 0x49, 0xe7, 0x49, 0xc7, 0x49, 0xe7, 0x49,
    0xc7, 0x49, 0xe7, 0x49, 0xc7, 0x49, 0xe7, 0x49, 0xc7, 0x49, 0xe7, 0x49,
    0xc7, 0x49, 0xe7, 0x49, 0xc7, 0x49, 0xe7, 0x49, 0xc7, 0x49, 0xe7, 0x49,
    0xc7, 0x49, 0xe7, 0x49, 0xc7, 0x49, 0xe7, 0x49, 0xc7, 0x49, 0xe7, 0x49,
    0xc7, 0x49, 0xe7, 0x49, 0xc7, 0x49, 0xe7, 0x49, 0xc7, 0x49, 0xe7, 0x49,
    0xc7, 0x49, 0xe7, 0x49, 0xc7, 0x49, 0xe7, 0x49, 0xc7, 0x49, 0xe7, 0x49,
    0xc7, 0x49, 0xe7, 0x49, 0xc7, 0x49, 0xe7, 0x49, 0xc7, 0x49, 0xe7, 0x49,
    0xc7, 0x49, 0xe7, 0x49, 0xc7, 0x49, 0xe7, 0x49, 0xc7, 0x49, 0xe7, 0x49,
    0xc7, 0x49, 0xe7, 0x49, 0xc7, 0x49, 0xe7, 0x49, 0xc7, 0x49, 0xe7, 0x49,
    0xc7, 0x49, 0xe7, 0x49, 0xc7, 0x49, 0xe7, 0x49, 0xc7, 0x49, 0xe7, 0x49,
    0xc7, 0x49, 0xe7, 0x49, 0xc7, 0x49, 0xe7, 0x49, 0xc7, 0x49, 0xe7, 0x49,
    0xc7, 0x49, 0xe7, 0x49, 0xc7, 0x49, 0xe7, 0x49, 0xc7, 0x49, 0xe7, 0x49,
    0xc7, 0x49, 0xe7, 0x49, 0xc7, 0x49, 0xe7, 0x49, 0xc7, 0x49, 0xe7, 0x49,
    0xc7, 0x49, 0xe7, 0x49, 0xc7, 0x49, 0xe7, 0x49, 0xc7, 0x49, 0xe7, 0x49,
    0xc7, 0x49, 0xe7, 0x49, 0xc7, 0x49, 0xe7, 0x49, 0xc7, 0x49, 0xe7, 0x49,
    0xc7, 0x49, 0xe7, 0x49, 0xc7, 0x49, 0xe7, 0x49, 0xc7, 0x49, 0xe7, 0x49,
    0xc7, 0x49, 0xe7, 0x49, 0xc7, 0x49, 0xe7, 0x49, 0xc7, 0x49, 0xe7, 0x49,
    0xc7, 0x49, 0xe7, 0x49, 0xc7, 0x49, 0xe7, 0x49, 0xc7, 0x49, 0xe7, 0x49,
    0xc7, 0x49, 0xe7, 0x49, 0xc7, 0x49, 0xe7, 0x49, 0xc7, 0x49, 0xe7, 0x49,
    0xc7, 0x49, 0xe7, 0x49, 0xc7, 0x49, 0xe7, 0x49, 0xc7, 0x49, 0xe7, 0x49,
    0xe7, 0x49, 0xe7, 0x49, 0xe7, 0x49, 0xe7, 0x49, 0xe7, 0x49, 0xe7, 0x49,
    0xe7, 0x49, 0xe7, 0x49, 0xe7, 0x49, 0xe7, 0x49, 0xe7, 0x49, 0xe7, 0x49,
    0xe7, 0x49, 0xe7, 0x49, 0xe7, 0x49, 0xe7, 0x49, 0xe7, 0x49, 0xe7, 0x49,
    0xe7, 0x49, 0xe7, 0x49, 0xe7, 0x49, 0xe7, 0x49, 0xe7, 0x49, 0xe7, 0x49,
    0xe7, 0x49, 0xe7, 0x49, 0xe7, 0x49, 0xe7, 0x49, 0xe7, 0x49, 0xe7, 0x49,
    0xe7, 0x49, 0xe7, 0x49, 0xe7, 0x49, 0xe7, 0x49, 0xe7, 0x49, 0xe7, 0x49,
    0xe7, 0x49, 0xe7, 0x49, 0xe7, 0x49, 0xe7, 0x49, 0xe7, 0x49, 0xe7, 0x49,
    0xe7, 0x49, 0xe7, 0x49, 0xe7, 0x49, 0xe7, 0x49, 0xe7, 0x49, 0xe7, 0x49,
    0xe7, 0x49, 0xe7, 0x49, 0xe7, 0x49, 0xe7, 0x49, 0xe7, 0x49, 0xe7, 0x49,
    0xe7, 0x49, 0xe7, 0x49, 0xe7, 0x49, 0xe7, 0x49, 0xe7, 0x49, 0xe7, 0x49,
    0xe7, 0x49, 0xe7, 0x49, 0xe7, 0x49, 0xe7, 0x49, 0xe7, 0x49, 0xe7, 0x49,
    0xe7, 0x49, 0xe7, 0x49, 0xe7, 0x49, 0xe7, 0x49, 0xe7, 0x49, 0xe7, 0x49,
    0xe7, 0x49, 0xe7, 0x49, 0xe7, 0x49, 0xe7, 0x49, 0xe7, 0x49, 0xe7, 0x49,
    0xe7, 0x49, 0xe7, 0x49, 0xe7, 0x49, 0xe7, 0x49, 0xe7, 0x49, 0xe7, 0x49,
    0xe7, 0x49, 0xe7, 0x49, 0xe7, 0x49, 0xe7, 0x49, 0xe7, 0x49, 0xe7, 0x49,
    0xe7, 0x49, 0xe7, 0x49, 0xe7, 0x49, 0xe7, 0x49, 0xe7, 0x49, 0xe7, 0x49,
    0xe7, 0x49, 0xe7, 0x49, 0xe7, 0x49, 0xe7, 0x49, 0xe7, 0x49, 0xe7, 0x49,
    0xe7, 0x49, 0xe7, 0x49, 0xe7, 0x49, 0xe7, 0x49, 0xe7, 0x49, 0xe7, 0x49,
    0xe7, 0x49, 0xe7, 0x49, 0xe7, 0x49, 0xe7, 0x49, 0xe7, 0x49, 0xe7, 0x49,
    0xe7, 0x49, 0xe7, 0x49, 0xe7, 0x49, 0xe7, 0x49, 0xe7, 0x49, 0xe7, 0x49,
    0xe7, 0x49, 0xe7, 0x49, 0xe7, 0x49, 0xe7, 0x49, 0xe7, 0x49, 0xe7, 0x49,
    0xe7, 0x49, 0xe7, 0x49, 0xe7, 0x49, 0xe7, 0x49, 0xe7, 0x49, 0xe7, 0x49,
    0xe7, 0x49, 0xe7, 0x49, 0xe7, 0x49, 0xe7, 0x49, 0xe7, 0x49, 0xe7, 0x49,
    0xe7, 0x49, 0xe7, 0x49, 0xe7, 0x49, 0xe7, 0x49, 0xe7, 0x49, 0xe7, 0x49,
    0xe7, 0x49, 0xe7, 0x49, 0xe7, 0x49, 0xe7, 0x49, 0xe7, 0x49, 0xe7, 0x49,
    0xc7, 0x49, 0xc7, 0x49, 0xc7, 0x49, 0xc7, 0x49, 0xc7, 0x49, 0xc7, 0x49,
    0xc7, 0x49, 0xc7, 0x49, 0xc7, 0x49, 0xc7, 0x49, 0xc7, 0x49, 0xc7, 0x49,
    0xc7, 0x49, 0xc7, 0x49, 0xc7, 0x49, 0xc7, 0x49, 0xc7, 0x49, 0xc7, 0x49,
    0xc7, 0x49, 0xc7, 0x49, 0xc7, 0x49, 0xc7, 0x49, 0xc7, 0x49, 0xc7, 0x49,
    0xc7, 0x49, 0xc7, 0x49, 0xc7, 0x49, 0xc7, 0x49, 0xc7, 0x49, 0xc7, 0x49,
    0xc7, 0x49, 0xc7, 0x49, 0xc7, 0x49, 0xc7, 0x49, 0xc7, 0x49, 0xc7, 0x49,
    0xc7, 0x49, 0xc7, 0x49, 0xc7, 0x49, 0xc7, 0x49, 0xc7, 0x49, 0xc7, 0x49,
    0xc7, 0x49, 0xc7, 0x49, 0xc7, 0x49, 0xc7, 0x49, 0xc7, 0x49, 0xc7, 0x49,
    0xc7, 0x49, 0xc7, 0x49, 0xc7, 0x49, 0xc7, 0x49, 0xc7, 0x49, 0xc7, 0x49,
    0xc7, 0x49, 0xc7, 0x49, 0xc7, 0x49, 0xc7, 0x49, 0xc7, 0x49, 0xc7, 0x49,
    0xc7, 0x49, 0xc7, 0x49, 0xc7, 0x49, 0xc7, 0x49, 0xc7, 0x49, 0xc7, 0x49,
    0xc7, 0x49, 0xc7, 0x49, 0xc7, 0x49, 0xc7, 0x49, 0xc7, 0x49, 0xc7, 0x49,
    0xc7, 0x49, 0xc7, 0x49, 0xc7, 0x49, 0xc7, 0x49, 0xc7, 0x49, 0xc7, 0x49,
    0xc7, 0x49, 0xc7, 0x49, 0xc7, 0x49, 0xc7, 0x49, 0xc7, 0x49, 0xc7, 0x49,
    0xc7, 0x49, 0xc7, 0x49, 0xc7, 0x49, 0xc7, 0x49, 0xc7, 0x49, 0xc7, 0x49,
    0xc7, 0x49, 0xc7, 0x49, 0xc7, 0x49, 0xc7, 0x49, 0xc7, 0x49, 0xc7, 0x49,
    0xc7, 0x49, 0xc7, 0x49, 0xc7, 0x49, 0xc7, 0x49, 0xc7, 0x49, 0xc7, 0x49,
    0xc7, 0x49, 0xc7, 0x49, 0xc7, 0x49, 0xc7, 0x49, 0xc7, 0x49, 0xc7, 0x49,
    0xc7, 0x49, 0xc7, 0x49, 0xc7, 0x49, 0xc7, 0x49, 0xc7, 0x49, 0xc7, 0x49,
    0xc7, 0x49, 0xc7, 0x49, 0xc7, 0x49, 0xc7, 0x49, 0xc7, 0x49, 0xc7, 0x49,
    0xc7, 0x49, 0xc7, 0x49, 0xc7, 0x49, 0xc7, 0x49, 0xc7, 0x49, 0xc7, 0x49,
    0xc7, 0x49, 0xc7, 0x49, 0xc7, 0x49, 0xc7, 0x49, 0xc7, 0x49, 0xc7, 0x49,
    0xc7, 0x49, 0xc7, 0x49, 0xc7, 0x49, 0xc7, 0x49, 0xc7, 0x49, 0xc7, 0x49,
    0xc7, 0x49, 0xc7, 0x49, 0xc7, 0x49, 0xc7, 0x49, 0xc7, 0x49, 0xc7, 0x49,
    0xc7, 0x49, 0xc7, 0x49, 0xc7, 0x49, 0xc7, 0x49, 0xc7, 0x49, 0xc7, 0x49,
    0xc7, 0x49, 0xc7, 0x49, 0xc7, 0x49, 0xc7, 0x49, 0xc7, 0x49, 0xc7, 0x49,
    0xc7, 0x49, 0xc7, 0x49, 0xc7, 0x49, 0xc7, 0x49, 0xc7, 0x49, 0xc7, 0x49,
    0xc7, 0x49, 0xc7, 0x49, 0xc7, 0x49, 0xc7, 0x49, 0xc7, 0x49, 0xc7, 0x49,
    0xc7, 0x49, 0xc7, 0x49, 0xc7, 0x49, 0xc7, 0x49, 0xc7, 0x49, 0xc7, 0x49,
    0xc7, 0x49, 0xc7, 0x49, 0xc7, 0x49, 0xc7, 0x49, 0xc7, 0x49, 0xc7, 0x49,
    0xc7, 0x49, 0xc7, 0x49, 0xc7, 0x49, 0xc7, 0x49, 0xc7, 0x49, 0xc7, 0x49,
    0xc7, 0x49, 0xc7, 0x49, 0xc7, 0x49, 0xc7, 0x49, 0xc7, 0x49, 0xc7, 0x49,
    0xc7, 0x49, 0xc7, 0x49, 0xc7, 0x49, 0xc7, 0x49, 0xc7, 0x49, 0xc7, 0x49,
    0xc7, 0x49, 0xc7, 0x49, 0xc7, 0x49, 0xc7, 0x49, 0xc7, 0x49, 0xc7, 0x49,
    0xc7, 0x49, 0xc7, 0x49, 0xc7, 0x49, 0xc7, 0x49, 0xc7, 0x49, 0xc7, 0x49,
    0xc7, 0x49, 0xc7, 0x49, 0xc7, 0x49, 0xc7, 0x49, 0xc7, 0x49, 0xc7, 0x49,
    0xc7, 0x49, 0xc7, 0x49, 0xc7, 0x49, 0xc7, 0x49, 0xc7, 0x49, 0xc7, 0x49,
    0xc7, 0x49, 0xc7, 0x49, 0xc7, 0x49, 0xc7, 0x49, 0xc7, 0x49, 0xc7, 0x49,
    0xc7, 0x49, 0xc7, 0x49, 0xc7, 0x49, 0xc7, 0x49, 0xc7, 0x49, 0xc7, 0x49,
    0xc7, 0x49, 0xc7, 0x49, 0xc7, 0x49, 0xc7, 0x49, 0xc7, 0x49, 0xc7, 0x49,
    0xc7, 0x49, 0xc7, 0x49, 0xc7, 0x49, 0xc7, 0x49, 0xc7, 0x49, 0xc7, 0x49,
    0xc7, 0x49, 0xc7, 0x49, 0xc7, 0x49, 0xc7, 0x49, 0xc7, 0x49, 0xc7, 0x49,
    0xc7, 0x49, 0xc7, 0x49, 0xc7, 0x49, 0xc7, 0x49, 0xc7, 0x49, 0xc7, 0x49,
    0xc7, 0x49, 0xc7, 0x49, 0xc7, 0x49, 0xc7, 0x49, 0xc7, 0x49, 0xc7, 0x49,
    0xc7, 0x49, 0xc7, 0x49, 0xc7, 0x49, 0xc7, 0x49, 0xc7, 0x49, 0xc7, 0x49,
    0xc7, 0x49, 0xc7, 0x49, 0xc7, 0x49, 0xc7, 0x49, 0xc7, 0x49, 0xc7, 0x49,
    0xc7, 0x49, 0xc7, 0x49, 0xc7, 0x49, 0xc7, 0x49, 0xc7, 0x49, 0xc7, 0x49,
    0xc7, 0x49, 0xc7, 0x49, 0xc7, 0x49, 0xc7, 0x49, 0xc7, 0x49, 0xc7, 0x49,
    0xc7, 0x49, 0xc7, 0x49, 0xc7, 0x49, 0xc7, 0x49, 0xc7, 0x49, 0xc7, 0x49,
    0xc7, 0x49, 0xc7, 0x49, 0xc7, 0x49, 0xc7, 0x49, 0xc7, 0x49, 0xc7, 0x49,
    0xc7, 0x49, 0xc7, 0x49, 0xc7, 0x49, 0xc7, 0x49, 0xc7, 0x49, 0xc7, 0x49,
    0xc7, 0x49, 0xc7, 0x49, 0xc7, 0x49, 0xc7, 0x49, 0xc7, 0x49, 0xc7, 0x49,
    0xc7, 0x49, 0xc7, 0x49, 0xc7, 0x49, 0xc7, 0x49, 0xc7, 0x49, 0xc7, 0x49,
    0xc7, 0x49, 0xc7, 0x49, 0xc7, 0x49, 0xc7, 0x49, 0xc7, 0x49, 0xc7, 0x49,
    0xc7, 0x49, 0xc7, 0x49, 0xc7, 0x49, 0xc7, 0x49, 0xc7, 0x49, 0xc7, 0x49,
    0xc7, 0x49, 0xc7, 0x49, 0xc7, 0x49, 0xc7, 0x49, 0xc7, 0x49, 0xc7, 0x49,
    0xc7, 0x49, 0xc7, 0x49, 0xc7, 0x49, 0xc7, 0x49, 0xc7, 0x49, 0xc7, 0x49,
    0xc7, 0x49, 0xc7, 0x49, 0xc7, 0x49, 0xc7, 0x49, 0xc7, 0x49, 0xc7, 0x49,
    0xc7, 0x49, 0xc7, 0x49, 0xc7, 0x49, 0xc7, 0x49, 0xc7, 0x49, 0xc7, 0x49,
    0xc7, 0x49, 0xc7, 0x49, 0xc7, 0x49, 0xc7, 0x49, 0xc7, 0x49, 0xc7, 0x49,
    0xc7, 0x49, 0xc7, 0x49, 0xc7, 0x49, 0xc7, 0x49, 0xc7, 0x49, 0xc7, 0x49,
    0xc7, 0x49, 0xc7, 0x49, 0xc7, 0x49, 0xc7, 0x49, 0xc7, 0x49, 0xc7, 0x49,
    0xc7, 0x49, 0xc7, 0x49, 0xc7, 0x49, 0xc7, 0x49, 0xc7, 0x49, 0xc7, 0x49,
    0xc7, 0x49, 0xc7, 0x49, 0xc7, 0x49, 0xc7, 0x49, 0xc7, 0x49, 0xc7, 0x49,
    0xc7, 0x49, 0xc7, 0x49, 0xc7, 0x49, 0xc7, 0x49, 0xc7, 0x49, 0xc7, 0x49,
    0xc7, 0x49, 0xc7, 0x49, 0xc7, 0x49, 0xc7, 0x49, 0xc7, 0x49, 0xc7, 0x49,
    0xc7, 0x49, 0xc7, 0x49, 0xc7, 0x49, 0xc7, 0x49, 0xc7, 0x49, 0xc7, 0x49,
    0xc7, 0x49, 0xc7, 0x49, 0xc7, 0x49, 0xc7, 0x49, 0xc7, 0x49, 0xc7, 0x49,
    0xc7, 0x49, 0xc7, 0x49, 0xc7, 0x49, 0xc7, 0x49, 0xc7, 0x49, 0xc7, 0x49,
    0xc7, 0x49, 0xc7, 0x49, 0xc7, 0x49, 0xc7, 0x49, 0xc7, 0x49, 0xc7, 0x49,
    0xc7, 0x49, 0xc7, 0x49, 0xc7, 0x49, 0xc7, 0x49, 0xc7, 0x49, 0xc7, 0x49,
    0xc7, 0x49, 0xc7, 0x49, 0xc7, 0x49, 0xc7, 0x49, 0xc7, 0x49, 0xc7, 0x49,
    0xc7, 0x49, 0xc7, 0x49, 0xc7, 0x49, 0xc7, 0x49, 0xc7, 0x49, 0xc7, 0x49,
    0xc7, 0x49, 0xc7, 0x49, 0xc7, 0x49, 0xc7, 0x49, 0xc7, 0x49, 0xc7, 0x49,
    0xc7, 0x49, 0xc7, 0x49, 0xc7, 0x49, 0xc7, 0x49, 0xc7, 0x49, 0xc7, 0x49,
    0xc7, 0x49, 0xc7, 0x49, 0xc7, 0x49, 0xc7, 0x49, 0xc7, 0x49, 0xc7, 0x49,
    0xc7, 0x49, 0xc7, 0x49, 0xc7, 0x49, 0xc7, 0x49, 0xc7, 0x49, 0xc7, 0x49,
    0xc7, 0x49, 0xc7, 0x49, 0xc7, 0x49, 0xc7, 0x49, 0xc7, 0x49, 0xc7, 0x49,
    0xc7, 0x49, 0xc7, 0x49, 0xc7, 0x49, 0xc7, 0x49, 0xc7, 0x49, 0xc7, 0x49,
    0xc7, 0x49, 0xc7, 0x49, 0xc7, 0x49, 0xc7, 0x49, 0xc7, 0x49, 0xc7, 0x49,
    0xc7, 0x49, 0xc7, 0x49, 0xc7, 0x49, 0xc7, 0x49, 0xc7, 0x49, 0xc7, 0x49,
    0xc7, 0x49, 0xc7, 0x49, 0xc7, 0x49, 0xc7, 0x49, 0xc7, 0x49, 0xc7, 0x49,
    0xc7, 0x49, 0xc7, 0x49, 0xc7, 0x49, 0xc7, 0x49, 0xc7, 0x49, 0xc7, 0x49,
    0xc7, 0x49, 0xc7, 0x49, 0xc7, 0x49, 0xc7, 0x49, 0xc7, 0x49, 0xc7, 0x49,
    0xc7, 0x49, 0xc7, 0x49, 0xc7, 0x49, 0xc7, 0x49, 0xc7, 0x49, 0xc7, 0x49,
    0xc7, 0x49, 0xc7, 0x49, 0xc7, 0x49, 0xc7, 0x49, 0xc7, 0x49, 0xc7, 0x49,
    0xc7, 0x49, 0xc7, 0x49, 0xc7, 0x49, 0xc7, 0x49, 0xc7, 0x49, 0xc7, 0x49,
    0xc7, 0x49, 0xc7, 0x49, 0xc7, 0x49, 0xc7, 0x49, 0xc7, 0x49, 0xc7, 0x49,
    0xc7, 0x49, 0xc7, 0x49, 0xc7, 0x49, 0xc7, 0x49, 0xc7, 0x49, 0xc7, 0x49,
    0xc7, 0x49, 0xc7, 0x49, 0xc7, 0x49, 0xc7, 0x49, 0xc7, 0x49, 0xc7, 0x49,
    0xc7, 0x49, 0xc7, 0x49, 0xc7, 0x49, 0xc7, 0x49, 0xc7, 0x49, 0xc7, 0x49,
    0xc7, 0x49, 0xc7, 0x49, 0xc7, 0x49, 0xc7, 0x49, 0xc7, 0x49, 0xc7, 0x49,
    0xc7, 0x49, 0xc7, 0x49, 0xc7, 0x49, 0xc7, 0x49, 0xc7, 0x49, 0xc7, 0x49,
    0xc7, 0x49, 0xc7, 0x49, 0xc7, 0x49, 0xc7, 0x49, 0xc7, 0x49, 0xc7, 0x49,
    0xc7, 0x49, 0xc7, 0x49, 0xc7, 0x49, 0xc7, 0x49, 0xc7, 0x49, 0xc7, 0x49,
    0xc7, 0x49, 0xc7, 0x49, 0xc7, 0x49, 0xc7, 0x49, 0xc7, 0x49, 0xc7, 0x49,
    0xc7, 0x49, 0xc7, 0x49, 0xc7, 0x49, 0xc7, 0x49, 0xc7, 0x49, 0xc7, 0x49,
    0xc7, 0x49, 0xc7, 0x49, 0xc7, 0x49, 0xc7, 0x49, 0xc7, 0x49, 0xc7, 0x49,
    0xc7, 0x49, 0xc7, 0x49, 0xc7, 0x49, 0xc7, 0x49, 0xc7, 0x49, 0xc7, 0x49,
    0xc7, 0x49, 0xc7, 0x49, 0xc7, 0x49, 0xc7, 0x49, 0xc7, 0x49, 0xc7, 0x49,
    0xc7, 0x49, 0xc7, 0x49, 0xc7, 0x49, 0xc7, 0x49, 0xc7, 0x49, 0xc7, 0x49,
    0xc7, 0x49, 0xc7, 0x49, 0xc7, 0x49, 0xc7, 0x49, 0xc7, 0x49, 0xc7, 0x49,
    0xc7, 0x49, 0xc7, 0x49, 0xc7, 0x49, 0xc7, 0x49, 0xc7, 0x49, 0xc7, 0x49,
    0xc7, 0x49, 0xc7, 0x49, 0xc7, 0x49, 0xc7, 0x49, 0xc7, 0x49, 0xc7, 0x49,
    0xc7, 0x49, 0xc7, 0x49, 0xc7, 0x49, 0xc7, 0x49, 0xc7, 0x49, 0xc7, 0x49,
    0xc7, 0x49, 0xc7, 0x49, 0xc7, 0x49, 0xc7, 0x49, 0xc7, 0x49, 0xc7, 0x49,
    0xc7, 0x49, 0xc7, 0x49, 0xc7, 0x49, 0xc7, 0x49, 0xc7, 0x49, 0xc7, 0x49,
    0xc7, 0x49, 0xc7, 0x49, 0xc7, 0x49, 0xc7, 0x49, 0xc7, 0x49, 0xc7, 0x49,
    0xc7, 0x49, 0xc7, 0x49, 0xc7, 0x49, 0xc7, 0x49, 0xc7, 0x49, 0xc7, 0x49,
    0xc7, 0x49, 0xc7, 0x49, 0xc7, 0x49, 0xc7, 0x49, 0xc7, 0x49, 0xc7, 0x49,
    0xc7, 0x49, 0xc7, 0x49, 0xc7, 0x49, 0xc7, 0x49, 0xc7, 0x49, 0xc7, 0x49,
    0xc7, 0x49, 0xc7, 0x49, 0xc7, 0x49, 0xc7, 0x49, 0xc7, 0x49, 0xc7, 0x49,
    0xc7, 0x49, 0xc7, 0x49, 0xc7, 0x49, 0xc7, 0x49, 0xc7, 0x49, 0xc7, 0x49,
    0xc7, 0x49, 0xc7, 0x49, 0xc7, 0x49, 0xc7, 0x49, 0xc7, 0x49, 0xc7, 0x49,
    0xc7, 0x49, 0xc7, 0x49, 0xc7, 0x49, 0xc7, 0x49, 0xc7, 0x49, 0xc7, 0x49,
    0xc7, 0x49, 0xc7, 0x49, 0xc7, 0x49, 0xc7, 0x49, 0xc7, 0x49, 0xc7, 0x49,
    0xc7, 0x49, 0xc7, 0x49, 0xc7, 0x49, 0xc7, 0x49, 0xc7, 0x49, 0xc7, 0x49,
    0xc7, 0x49, 0xc7, 0x49, 0xc7, 0x49, 0xc7, 0x49, 0xc7, 0x49, 0xc7, 0x49,
    0xc7, 0x49, 0xc7, 0x49, 0xc7, 0x49, 0xc7, 0x49, 0xc7, 0x49, 0xc7, 0x49,
    0xc7, 0x49, 0xc7, 0x49, 0xc7, 0x49, 0xc7, 0x49, 0xc7, 0x49, 0xc7, 0x49,
    0xc7, 0x49, 0xc7, 0x49, 0xc7, 0x49, 0xc7, 0x49, 0xc7, 0x49, 0xc7, 0x49,
    0xc7, 0x49, 0xc7, 0x49, 0xc7, 0x49, 0xc7, 0x49, 0xc7, 0x49, 0xc7, 0x49,
    0xc7, 0x49, 0xc7, 0x49, 0xc7, 0x49, 0xc7, 0x49, 0xc7, 0x49, 0xc7, 0x49,
    0xc7, 0x49, 0xc7, 0x49, 0xc7, 0x49, 0xc7, 0x49, 0xc7, 0x49, 0xc7, 0x49,
    0xc7, 0x49, 0xc7, 0x49, 0xc7, 0x49, 0xc7, 0x49, 0xc7, 0x49, 0xc7, 0x49,
    0xc7, 0x49, 0xc7, 0x49, 0xc7, 0x49, 0xc7, 0x49, 0xc7, 0x49, 0xc7, 0x49,
    0xc7, 0x49, 0xc7, 0x49, 0xc7, 0x49, 0xc7, 0x49, 0xc7, 0x49, 0xc7, 0x49,
    0xc7, 0x49, 0xc7, 0x49, 0xc7, 0x49, 0xc7, 0x49, 0xc7, 0x49, 0xc7, 0x49,
    0xc7, 0x49, 0xc7, 0x49, 0xc7, 0x49, 0xc7, 0x49, 0xc7, 0x49, 0xc7, 0x49,
    0xc7, 0x49, 0xc7, 0x49, 0xc7, 0x49, 0xc7, 0x49, 0xc7, 0x49, 0xc7, 0x49,
    0xc7, 0x49, 0xc7, 0x49, 0xc7, 0x49, 0xc7, 0x49, 0xc7, 0x49, 0xc7, 0x49,
    0xc7, 0x49, 0xc7, 0x49, 0xc7, 0x49, 0xc7, 0x49, 0xc7, 0x49, 0xc7, 0x49,
    0xc7, 0x49, 0xc7, 0x49, 0xc7, 0x49, 0xc7, 0x49, 0xc7, 0x49, 0xc7, 0x49,
    0xc7, 0x49, 0xc7, 0x49, 0xc7, 0x49, 0xc7, 0x49, 0xc7, 0x49, 0xc7, 0x49,
    0xc7, 0x49, 0xc7, 0x49, 0xc7, 0x49, 0xc7, 0x49, 0xc7, 0x49, 0xc7, 0x49,
    0xc7, 0x49, 0xc7, 0x49, 0xc7, 0x49, 0xc7, 0x49, 0xc7, 0x49, 0xc7, 0x49,
    0xc7, 0x49, 0xc7, 0x49, 0xc7, 0x49, 0xc7, 0x49, 0xc7, 0x49, 0xc7, 0x49,
    0xc7, 0x49, 0xc7, 0x49, 0xc7, 0x49, 0xc7, 0x49, 0xc7, 0x49, 0xc7, 0x49,
    0xc7, 0x49, 0xc7, 0x49, 0xc7, 0x49, 0xc7, 0x49, 0xc7, 0x49, 0xc7, 0x49,
    0xc7, 0x49, 0xc7, 0x49, 0xc7, 0x49, 0xc7, 0x49, 0xc7, 0x49, 0xc7, 0x49,
    0xc7, 0x49, 0xc7, 0x49, 0xc7, 0x49, 0xc7, 0x49, 0xc7, 0x49, 0xc7, 0x49,
    0xc7, 0x49, 0xc7, 0x49, 0xc7, 0x49, 0xc7, 0x49, 0xc7, 0x49, 0xc7, 0x49,
    0xc7, 0x49, 0xc7, 0x49, 0xc7, 0x49, 0xc7, 0x49, 0xc7, 0x49, 0xc7, 0x49,
    0xc7, 0x49, 0xc7, 0x49, 0xc7, 0x49, 0xc7, 0x49, 0xc7, 0x49, 0xc7, 0x49,
    0xc7, 0x49, 0xc7, 0x49, 0xc7, 0x49, 0xc7, 0x49, 0xc7, 0x49, 0xc7, 0x49,
    0xc7, 0x49, 0xc7, 0x49, 0xc7, 0x49, 0xc7, 0x49, 0xc7, 0x49, 0xc7, 0x49,
    0xc7, 0x49, 0xc7, 0x49, 0xc7, 0x49, 0xc7, 0x49, 0xc7, 0x49, 0xc7, 0x49,
    0xc7, 0x49, 0xc7, 0x49, 0xc7, 0x49, 0xc7, 0x49, 0xc7, 0x49, 0xc7, 0x49,
    0xc7, 0x49, 0xc7, 0x49, 0xc7, 0x49, 0xc7, 0x49, 0xc7, 0x49, 0xc7, 0x49,
    0xc7, 0x49, 0xc7, 0x49, 0xc7, 0x49, 0xc7, 0x49, 0xc7, 0x49, 0xc7, 0x49,
    0xc7, 0x49, 0xc7, 0x49, 0xc7, 0x49, 0xc7, 0x49, 0xc7, 0x49, 0xc7, 0x49,
    0xc7, 0x49, 0xc7, 0x49, 0xc7, 0x49, 0xc7, 0x49, 0xc7, 0x49, 0xc7, 0x49,
    0xc7, 0x49, 0xc7, 0x49, 0xc7, 0x49, 0xc7, 0x49, 0xc7, 0x49, 0xc7, 0x49,
    0xc7, 0x49, 0xc7, 0x49, 0xc7, 0x49, 0xc7, 0x49, 0xc7, 0x49, 0xc7, 0x49,
    0xc7, 0x49, 0xc7, 0x49, 0xc7, 0x49, 0xc7, 0x49, 0xc7, 0x49, 0xc7, 0x49,
    0xc7, 0x49, 0xc7, 0x49, 0xc7, 0x49, 0xc7, 0x49, 0xc7, 0x49, 0xc7, 0x49,
    0xc7, 0x49, 0xc7, 0x49, 0xc7, 0x49, 0xc7, 0x49, 0xc7, 0x49, 0xc7, 0x49,
    0xc7, 0x49, 0xc7, 0x49, 0xc7, 0x49, 0xc7, 0x49, 0xc7, 0x49, 0xc7, 0x49,
    0xc7, 0x49, 0xc7, 0x49, 0xc7, 0x49, 0xc7, 0x49, 0xc7, 0x49, 0xc7, 0x49,
    0xc7, 0x49, 0xc7, 0x49, 0xc7, 0x49, 0xc7, 0x49, 0xc7, 0x49, 0xc7, 0x49,
    0xc7, 0x49, 0xc7, 0x49, 0xc7, 0x49, 0xc7, 0x49, 0xc7, 0x49, 0xc7, 0x49,
    0xc7, 0x49, 0xc7, 0x49, 0xc7, 0x49, 0xc7, 0x49, 0xc7, 0x49, 0xc7, 0x49,
    0xc7, 0x49, 0xc7, 0x49, 0xc7, 0x49, 0xc7, 0x49, 0xc7, 0x49, 0xc7, 0x49,
    0xc7, 0x49, 0xc7, 0x49, 0xc7, 0x49, 0xc7, 0x49, 0xc7, 0x49, 0xc7, 0x49,
    0xc7, 0x49, 0xc7, 0x49, 0xc7, 0x49, 0xc7, 0x49, 0xc7, 0x49, 0xc7, 0x49,
    0xc7, 0x49, 0xc7, 0x49, 0xc7, 0x49, 0xc7, 0x49, 0xc7, 0x49, 0xc7, 0x49,
    0xc7, 0x49, 0xc7, 0x49, 0xc7, 0x49, 0xc7, 0x49, 0xc7, 0x49, 0xc7, 0x49,
    0xc7, 0x49, 0xc7, 0x49, 0xc7, 0x49, 0xc7, 0x49, 0xc7, 0x49, 0xc7, 0x49,
    0xc7, 0x49, 0xc7, 0x49, 0xc7, 0x49, 0xc7, 0x49, 0xc7, 0x49, 0xc7, 0x49,
    0xc7, 0x49, 0xc7, 0x49, 0xc7, 0x49, 0xc7, 0x49, 0xc7, 0x49, 0xc7, 0x49,
    0xc7, 0x49, 0xc7, 0x49, 0xc7, 0x49, 0xc7, 0x49, 0xc7, 0x49, 0xc7, 0x49,
    0xc7, 0x49, 0xc7, 0x49, 0xc7, 0x49, 0xc7, 0x49, 0xc7, 0x49, 0xc7, 0x49,
    0xc7, 0x49, 0xc7, 0x49, 0xc7, 0x49, 0xc7, 0x49, 0xc7, 0x49, 0xc7, 0x49,
    0xc7, 0x49, 0xc7, 0x49, 0xc7, 0x49, 0xc7, 0x49, 0xc7, 0x49, 0xc7, 0x49,
    0xc7, 0x49, 0xc7, 0x49, 0xc7, 0x49, 0xc7, 0x49, 0xc7, 0x49, 0xc7, 0x49,
    0xc7, 0x49, 0xc7, 0x49, 0xc7, 0x49, 0xc7, 0x49, 0xc7, 0x49, 0xc7, 0x49,
    0xc7, 0x49, 0xc7, 0x49, 0xc7, 0x49, 0xc7, 0x49, 0xc7, 0x49, 0xc7, 0x49,
    0xc7, 0x49, 0xc7, 0x49, 0xc7, 0x49, 0xc7, 0x49, 0xc7, 0x49, 0xc7, 0x49,
    0xc7, 0x49, 0xc7, 0x49, 0xc7, 0x49, 0xc7, 0x49, 0xc7, 0x49, 0xc7, 0x49,
    0xc7, 0x49, 0xc7, 0x49, 0xc7, 0x49, 0xc7, 0x49, 0xc7, 0x49, 0xc7, 0x49,
    0xc7, 0x49, 0xc7, 0x49, 0xc7, 0x49, 0xc7, 0x49, 0xc7, 0x49, 0xc7, 0x49,
    0xc7, 0x49, 0xc7, 0x49, 0xc7, 0x49, 0xc7, 0x49, 0xc7, 0x49, 0xc7, 0x49,
    0xc7, 0x49, 0xc7, 0x49, 0xc7, 0x49, 0xc7, 0x49, 0xc7, 0x49, 0xc7, 0x49,
    0xc7, 0x49, 0xc7, 0x49, 0xc7, 0x49, 0xc7, 0x49, 0xc7, 0x49, 0xc7, 0x49,
    0xc7, 0x49, 0xc7, 0x49, 0xc7, 0x49, 0xc7, 0x49, 0xc7, 0x49, 0xc7, 0x49,
    0xc7, 0x49, 0xc7, 0x49, 0xc7, 0x49, 0xc7, 0x49, 0xc7, 0x49, 0xc7, 0x49,
    0xc7, 0x49, 0xc7, 0x49, 0xc7, 0x49, 0xc7, 0x49, 0xc7, 0x49, 0xc7, 0x49,
    0xc7, 0x49, 0xc7, 0x49, 0xc7, 0x49, 0xc7, 0x49, 0xc7, 0x49, 0xc7, 0x49,
    0xc7, 0x49, 0xc7, 0x49, 0xc7, 0x49, 0xc7, 0x49, 0xc7, 0x49, 0xc7, 0x49,
    0xc7, 0x49, 0xc7, 0x49, 0xc7, 0x49, 0xc7, 0x49, 0xc7, 0x49, 0xc7, 0x49,
    0xc7, 0x49, 0xc7, 0x49, 0xc7, 0x49, 0xc7, 0x49, 0xc7, 0x49, 0xc7, 0x49,
    0xc7, 0x49, 0xc7, 0x49, 0xc7, 0x49, 0xc7, 0x49, 0xc7, 0x49, 0xc7, 0x49,
    0xc7, 0x49, 0xc7, 0x49, 0xc7, 0x49, 0xc7, 0x49, 0xc7, 0x49, 0xc7, 0x49,
    0xc7, 0x49, 0xc7, 0x49, 0xc7, 0x49, 0xc7, 0x49, 0xc7, 0x49, 0xc7, 0x49,
    0xc7, 0x49, 0xc7, 0x49, 0xc7, 0x49, 0xc7, 0x49, 0xc7, 0x49, 0xc7, 0x49,
    0xc7, 0x49, 0xc7, 0x49, 0xc7, 0x49, 0xc7, 0x49, 0xc7, 0x49, 0xc7, 0x49,
    0xc7, 0x49, 0xc7, 0x49, 0xc7, 0x49, 0xc7, 0x49, 0xc7, 0x49, 0xc7, 0x49,
    0xc7, 0x49, 0xc7, 0x49, 0xc7, 0x49, 0xc7, 0x49, 0xc7, 0x49, 0xc7, 0x49,
    0xc7, 0x49, 0xc7, 0x49, 0xc7, 0x49, 0xc7, 0x49, 0xc7, 0x49, 0xc7, 0x49,
    0xc7, 0x49, 0xc7, 0x49, 0xc7, 0x49, 0xc7, 0x49, 0xc7, 0x49, 0xc7, 0x49,
    0xc7, 0x49, 0xc7, 0x49, 0xc7, 0x49, 0xc7, 0x49, 0xc7, 0x49, 0xc7, 0x49,
    0xc7, 0x49, 0xc7, 0x49, 0xc7, 0x49, 0xc7, 0x49, 0xc7, 0x49, 0xc7, 0x49,
    0xc7, 0x49, 0xc7, 0x49, 0xc7, 0x49, 0xc7, 0x49, 0xc7, 0x49, 0xc7, 0x49,
    0xc7, 0x49, 0xc7, 0x49, 0xc7, 0x49, 0xc7, 0x49, 0xc7, 0x49, 0xc7, 0x49,
    0xc7, 0x49, 0xc7, 0x49, 0xc7, 0x49, 0xc7, 0x49, 0xc7, 0x49, 0xc7, 0x49,
    0xc7, 0x49, 0xc7, 0x49, 0xc7, 0x49, 0xc7, 0x49, 0xc7, 0x49, 0xc7, 0x49,
    0xc7, 0x49, 0xc7, 0x49, 0xc7, 0x49, 0xc7, 0x49, 0xc7, 0x49, 0xc7, 0x49,
    0xc7, 0x49, 0xc7, 0x49, 0xc7, 0x49, 0xc7, 0x49, 0xc7, 0x49, 0xc7, 0x49,
    0xc7, 0x49, 0xc7, 0x49, 0xc7, 0x49, 0xc7, 0x49, 0xc7, 0x49, 0xc7, 0x49,
    0xc7, 0x49, 0xc7, 0x49, 0xc7, 0x49, 0xc7, 0x49, 0xc7, 0x49, 0xc7, 0x49,
    0xc7, 0x49, 0xc7, 0x49, 0xc7, 0x49, 0xc7, 0x49, 0xc7, 0x49, 0xc7, 0x49,
    0xc7, 0x49, 0xc7, 0x49, 0xc7, 0x49, 0xc7, 0x49, 0xc7, 0x49, 0xc7, 0x49,
    0xc7, 0x49, 0xc7, 0x49, 0xc7, 0x49, 0xc7, 0x49, 0xc7, 0x49, 0xc7, 0x49,
    0xc7, 0x49, 0xc7, 0x49, 0xc7, 0x49, 0xc7, 0x49, 0xc7, 0x49, 0xc7, 0x49,
    0xc7, 0x49, 0xc7, 0x49, 0xc7, 0x49, 0xc7, 0x49, 0xc7, 0x49, 0xc7, 0x49,
    0xc7, 0x49, 0xc7, 0x49, 0xc7, 0x49, 0xc7, 0x49, 0xc7, 0x49, 0xc7, 0x49,
    0xc7, 0x49, 0xc7, 0x49, 0xc7, 0x49, 0xc7, 0x49, 0xc7, 0x49, 0xc7, 0x49,
    0xc7, 0x49, 0xc7, 0x49, 0xc7, 0x49, 0xc7, 0x49, 0xc7, 0x49, 0xc7, 0x49,
    0xc7, 0x49, 0xc7, 0x49, 0xc7, 0x49, 0xc7, 0x49, 0xc7, 0x49, 0xc7, 0x49,
    0xc7, 0x49, 0xc7, 0x49, 0xc7, 0x49, 0xc7, 0x49, 0xc7, 0x49, 0xc7, 0x49,
    0xc7, 0x49, 0xc7, 0x49, 0xc7, 0x49, 0xc7, 0x49, 0xc7, 0x49, 0xc7, 0x49,
    0xc7, 0x49, 0xc7, 0x49, 0xc7, 0x49, 0xc7, 0x49, 0xc7, 0x49, 0xc7, 0x49,
    0xc7, 0x49, 0xc7, 0x49, 0xc7, 0x49, 0xc7, 0x49, 0xc7, 0x49, 0xc7, 0x49,
    0xc7, 0x49, 0xc7, 0x49, 0xc7, 0x49, 0xc7, 0x49, 0xc7, 0x49, 0xc7, 0x49,
    0xc7, 0x49, 0xc7, 0x49, 0xc7, 0x49, 0xc7, 0x49, 0xc7, 0x49, 0xc7, 0x49,
    0xc7, 0x49, 0xc7, 0x49, 0xc7, 0x49, 0xc7, 0x49, 0xc7, 0x49, 0xc7, 0x49,
    0xc7, 0x49, 0xc7, 0x49, 0xc7, 0x49, 0xc7, 0x49, 0xc7, 0x49, 0xc7, 0x49,
    0xc7, 0x49, 0xc7, 0x49, 0xc7, 0x49, 0xc7, 0x49, 0xc7, 0x49, 0xc7, 0x49,
    0xc7, 0x49, 0xc7, 0x49, 0xc7, 0x49, 0xc7, 0x49, 0xc7, 0x49, 0xc7, 0x49,
    0xc7, 0x49, 0xc7, 0x49, 0xc7, 0x49, 0xc7, 0x49, 0xc7, 0x49, 0xc7, 0x49,
    0xc7, 0x49, 0xc7, 0x49, 0xc7, 0x49, 0xc7, 0x49, 0xc7, 0x49, 0xc7, 0x49,
    0xc7, 0x49, 0xc7, 0x49, 0xc7, 0x49, 0xc7, 0x49, 0xc7, 0x49, 0xc7, 0x49,
    0xc7, 0x49, 0xc7, 0x49, 0xc7, 0x49, 0xc7, 0x49, 0xc7, 0x49, 0xc7, 0x49,
    0xc7, 0x49, 0xc7, 0x49, 0xc7, 0x49, 0xc7, 0x49, 0xc7, 0x49, 0xc7, 0x49,
    0xc7, 0x49, 0xc7, 0x49, 0xc7, 0x49, 0xc7, 0x49, 0xc7, 0x49, 0xc7, 0x49,
    0xc7, 0x49, 0xc7, 0x49, 0xc7, 0x49, 0xc7, 0x49, 0xc7, 0x49, 0xc7, 0x49,
    0xc7, 0x49, 0xc7, 0x49, 0xc7, 0x49, 0xc7, 0x49, 0xc7, 0x49, 0xc7, 0x49,
    0xc7, 0x49, 0xc7, 0x49, 0xc7, 0x49, 0xc7, 0x49, 0xc7, 0x49, 0xc7, 0x49,
    0xc7, 0x49, 0xc7, 0x49, 0xc7, 0x49, 0xc7, 0x49, 0xc7, 0x49, 0xc7, 0x49,
    0xc7, 0x49, 0xc7, 0x49, 0xc7, 0x49, 0xc7, 0x49, 0xc7, 0x49, 0xc7, 0x49,
    0xc7, 0x49, 0xc7, 0x49, 0xc7, 0x49, 0xc7, 0x49, 0xc7, 0x49, 0xc7, 0x49,
    0xc7, 0x49, 0xc7, 0x49, 0xc7, 0x49, 0xc7, 0x49, 0xc7, 0x49, 0xc7, 0x49,
    0xc7, 0x49, 0xc7, 0x49, 0xc7, 0x49, 0xc7, 0x49, 0xc7, 0x49, 0xc7, 0x49,
    0xc7, 0x49, 0xc7, 0x49, 0xc7, 0x49, 0xc7, 0x49, 0xc7, 0x49, 0xc7, 0x49,
    0xc7, 0x49, 0xc7, 0x49, 0xc7, 0x49, 0xc7, 0x49, 0xc7, 0x49, 0xc7, 0x49,
    0xc7, 0x49, 0xc7, 0x49, 0xc7, 0x49, 0xc7, 0x49, 0xc7, 0x49, 0xc7, 0x49,
    0xc7, 0x49, 0xc7, 0x49, 0xc7, 0x49, 0xc7, 0x49, 0xc7, 0x49, 0xc7, 0x49,
    0xc7, 0x49, 0xc7, 0x49, 0xc7, 0x49, 0xc7, 0x49, 0xc7, 0x49, 0xc7, 0x49,
    0xc7, 0x49, 0xc7, 0x49, 0xc7, 0x49, 0xc7, 0x49, 0xc7, 0x49, 0xc7, 0x49,
    0xc7, 0x49, 0xc7, 0x49, 0xc7, 0x49, 0xc7, 0x49, 0xc7, 0x49, 0xc7, 0x49,
    0xc7, 0x49, 0xc7, 0x49, 0xc7, 0x49, 0xc7, 0x49, 0xc7, 0x49, 0xc7, 0x49,
    0xc7, 0x49, 0xc7, 0x49, 0xc7, 0x49, 0xc7, 0x49, 0xc7, 0x49, 0xc7, 0x49,
    0xc7, 0x49, 0xc7, 0x49, 0xc7, 0x49, 0xc7, 0x49, 0xc7, 0x49, 0xc7, 0x49,
    0xc7, 0x49, 0xc7, 0x49, 0xc7, 0x49, 0xc7, 0x49, 0xc7, 0x49, 0xc7, 0x49,
    0xc7, 0x49, 0xc7, 0x49, 0xc7, 0x49, 0xc7, 0x49, 0xc7, 0x49, 0xc7, 0x49,
    0xc7, 0x49, 0xc7, 0x49, 0xc7, 0x49, 0xc7, 0x49, 0xc7, 0x49, 0xc7, 0x49,
    0xc7, 0x49, 0xc7, 0x49, 0xc7, 0x49, 0xc7, 0x49, 0xc7, 0x49, 0xc7, 0x49,
    0xc7, 0x49, 0xc7, 0x49, 0xc7, 0x49, 0xc7, 0x49, 0xc7, 0x49, 0xc7, 0x49,
    0xc7, 0x49, 0xc7, 0x49, 0xc7, 0x49, 0xc7, 0x49, 0xc7, 0x49, 0xc7, 0x49,
    0xc7, 0x49, 0xc7, 0x49, 0xc7, 0x49, 0xc7, 0x49, 0xc7, 0x49, 0xc7, 0x49,
    0xc7, 0x49, 0xc7, 0x49, 0xc7, 0x49, 0xc7, 0x49, 0xc7, 0x49, 0xc7, 0x49,
    0xc7, 0x49, 0xc7, 0x49, 0xc7, 0x49, 0xc7, 0x49, 0xc7, 0x49, 0xc7, 0x49,
    0xc7, 0x49, 0xc7, 0x49, 0xc7, 0x49, 0xc7, 0x49, 0xc7, 0x49, 0xc7, 0x49,
    0xc7, 0x49, 0xc7, 0x49, 0xc7, 0x49, 0xc7, 0x49, 0xc7, 0x49, 0xc7, 0x49,
    0xc7, 0x49, 0xc7, 0x49, 0xc7, 0x49, 0xc7, 0x49, 0xc7, 0x49, 0xc7, 0x49,
    0xc7, 0x49, 0xc7, 0x49, 0xc7, 0x49, 0xc7, 0x49, 0xc7, 0x49, 0xc7, 0x49,
    0xc7, 0x49, 0xc7, 0x49, 0xc7, 0x49, 0xc7, 0x49, 0xc7, 0x49, 0xc7, 0x49,
    0xc7, 0x49, 0xc7, 0x49, 0xc7, 0x49, 0xc7, 0x49, 0xc7, 0x49, 0xc7, 0x49,
    0xc7, 0x49, 0xc7, 0x49, 0xc7, 0x49, 0xc7, 0x49, 0xc7, 0x49, 0xc7, 0x49,
    0xc7, 0x49, 0xc7, 0x49, 0xc7, 0x49, 0xc7, 0x49, 0xc7, 0x49, 0xc7, 0x49,
    0xc7, 0x49, 0xc7, 0x49, 0xc7, 0x49, 0xc7, 0x49, 0xc7, 0x49, 0xc7, 0x49,
    0xc7, 0x49, 0xc7, 0x49, 0xc7, 0x49, 0xc7, 0x49, 0xc7, 0x49, 0xc7, 0x49,
    0xc7, 0x49, 0xc7, 0x49, 0xc7, 0x49, 0xc7, 0x49, 0xc7, 0x49, 0xc7, 0x49,
    0xc7, 0x49, 0xc7, 0x49, 0xc7, 0x49, 0xc7, 0x49, 0xc7, 0x49, 0xc7, 0x49,
    0xc7, 0x49, 0xc7, 0x49, 0xc7, 0x49, 0xc7, 0x49, 0xc7, 0x49, 0xc7, 0x49,
    0xc7, 0x49, 0xc7, 0x49, 0xc7, 0x49, 0xc7, 0x49, 0xc7, 0x49, 0xc7, 0x49,
    0xc7, 0x49, 0xc7, 0x49, 0xc7, 0x49, 0xc7, 0x49, 0xc7, 0x49, 0xc7, 0x49,
    0xc7, 0x49, 0xc7, 0x49, 0xc7, 0x49, 0xc7, 0x49, 0xc7, 0x49, 0xc7, 0x49,
    0xc7, 0x49, 0xc7, 0x49, 0xc7, 0x49, 0xc7, 0x49, 0xc7, 0x49, 0xc7, 0x49,
    0xc7, 0x49, 0xc7, 0x49, 0xc7, 0x49, 0xc7, 0x49, 0xc7, 0x49, 0xc7, 0x49,
    0xc7, 0x49, 0xc7, 0x49, 0xc7, 0x49, 0xc7, 0x49, 0xc7, 0x49, 0xc7, 0x49,
    0xc7, 0x49, 0xc7, 0x49, 0xc7, 0x49, 0xc7, 0x49, 0xc7, 0x49, 0xc7, 0x49,
    0xc7, 0x49, 0xc7, 0x49, 0xc7, 0x49, 0xc7, 0x49, 0xc7, 0x49, 0xc7, 0x49,
    0xc7, 0x49, 0xc7, 0x49, 0xc7, 0x49, 0xc7, 0x49, 0xc7, 0x49, 0xc7, 0x49,
    0xc7, 0x49, 0xc7, 0x49, 0xc7, 0x49, 0xc7, 0x49, 0xc7, 0x49, 0xc7, 0x49,
    0xc7, 0x49, 0xc7, 0x49, 0xc7, 0x49, 0xc7, 0x49, 0xc7, 0x49, 0xc7, 0x49,
    0xc7, 0x49, 0xc7, 0x49, 0xc7, 0x49, 0xc7, 0x49, 0xc7, 0x49, 0xc7, 0x49,
    0xc7, 0x49, 0xc7, 0x49, 0xc7, 0x49, 0xc7, 0x49, 0xc7, 0x49, 0xc7, 0x49,
    0xc7, 0x49, 0xc7, 0x49, 0xc7, 0x49, 0xc7, 0x49, 0xc7, 0x49, 0xc7, 0x49,
    0xc7, 0x49, 0xc7, 0x49, 0xc7, 0x49, 0xc7, 0x49, 0xc7, 0x49, 0xc7, 0x49,
    0xc7, 0x49, 0xc7, 0x49, 0xc7, 0x49, 0xc7, 0x49, 0xc7, 0x49, 0xc7, 0x49,
    0xc7, 0x49, 0xc7, 0x49, 0xc7, 0x49, 0xc7, 0x49, 0xc7, 0x49, 0xc7, 0x49,
    0xc7, 0x49, 0xc7, 0x49, 0xc7, 0x49, 0xc7, 0x49, 0xc7, 0x49, 0xc7, 0x49,
    0xc7, 0x49, 0xc7, 0x49, 0xc7, 0x49, 0xc7, 0x49, 0xc7, 0x49, 0xc7, 0x49,
    0xc7, 0x49, 0xc7, 0x49, 0xc7, 0x49, 0xc7, 0x49, 0xc7, 0x49, 0xc7, 0x49,
    0xc7, 0x49, 0xc7, 0x49, 0xc7, 0x49, 0xc7, 0x49, 0xc7, 0x49, 0xc7, 0x49,
    0xc7, 0x49, 0xc7, 0x49, 0xc7, 0x49, 0xc7, 0x49, 0xc7, 0x49, 0xc7, 0x49,
    0xc7, 0x49, 0xc7, 0x49, 0xc7, 0x49, 0xc7, 0x49, 0xc7, 0x49, 0xc7, 0x49,
    0xc7, 0x49, 0xc7, 0x49, 0xc7, 0x49, 0xc7, 0x49, 0xc7, 0x49, 0xc7, 0x49,
    0xc7, 0x49, 0xc7, 0x49, 0xc7, 0x49, 0xc7, 0x49, 0xc7, 0x49, 0xc7, 0x49,
    0xc7, 0x49, 0xc7, 0x49, 0xc7, 0x49, 0xc7, 0x49, 0xc7, 0x49, 0xc7, 0x49,
    0xc7, 0x49, 0xc7, 0x49, 0xc7, 0x49, 0xc7, 0x49, 0xc7, 0x49, 0xc7, 0x49,
    0xc7, 0x49, 0xc7, 0x49, 0xc7, 0x49, 0xc7, 0x49, 0xc7, 0x49, 0xc7, 0x49,
    0xc7, 0x49, 0xc7, 0x49, 0xc7, 0x49, 0xc7, 0x49, 0xc7, 0x49, 0xc7, 0x49,
    0xc7, 0x49, 0xc7, 0x49, 0xc7, 0x49, 0xc7, 0x49, 0xc7, 0x49, 0xc7, 0x49,
    0xc7, 0x49, 0xc7, 0x49, 0xc7, 0x49, 0xc7, 0x49, 0xc7, 0x49, 0xc7, 0x49,
    0xc7, 0x49, 0xc7, 0x49, 0xc7, 0x49, 0xc7, 0x49, 0xc7, 0x49, 0xc7, 0x49,
    0xc7, 0x49, 0xc7, 0x49, 0xc7, 0x49, 0xc7, 0x49, 0xc7, 0x49, 0xc7, 0x49,
    0xc7, 0x49, 0xc7, 0x49, 0xc7, 0x49, 0xc7, 0x49, 0xc7, 0x49, 0xc7, 0x49,
    0xc7, 0x49, 0xc7, 0x49, 0xc7, 0x49, 0xc7, 0x49, 0xc7, 0x49, 0xc7, 0x49,
    0xc7, 0x49, 0xc7, 0x49, 0xc7, 0x49, 0xc7, 0x49, 0xc7, 0x49, 0xc7, 0x49,
    0xc7, 0x49, 0xc7, 0x49, 0xc7, 0x49, 0xc7, 0x49, 0xc7, 0x49, 0xc7, 0x49,
    0xc7, 0x49, 0xc7, 0x49, 0xc7, 0x49, 0xc7, 0x49, 0xc7, 0x49, 0xc7, 0x49,
    0xc7, 0x49, 0xc7, 0x49, 0xc7, 0x49, 0xc7, 0x49, 0xc7, 0x49, 0xc7, 0x49,
    0xc7, 0x49, 0xc7, 0x49, 0xc7, 0x49, 0xc7, 0x49, 0xc7, 0x49, 0xc7, 0x49,
    0xc7, 0x49, 0xc7, 0x49, 0xc7, 0x49, 0xc7, 0x49, 0xc7, 0x49, 0xc7, 0x49,
    0xc7, 0x49, 0xc7, 0x49, 0xc7, 0x49, 0xc7, 0x49, 0xc7, 0x49, 0xc7, 0x49,
    0xc7, 0x49, 0xc7, 0x49, 0xc7, 0x49, 0xc7, 0x49, 0xc7, 0x49, 0xc7, 0x49,
    0xc7, 0x49, 0xc7, 0x49, 0xc7, 0x49, 0xc7, 0x49, 0xc7, 0x49, 0xc7, 0x49,
    0xc7, 0x49, 0xc7, 0x49, 0xc7, 0x49, 0xc7, 0x49, 0xc7, 0x49, 0xc7, 0x49,
    0xc7, 0x49, 0xc7, 0x49, 0xc7, 0x49, 0xc7, 0x49, 0xc7, 0x49, 0xc7, 0x49,
    0xc7, 0x49, 0xc7, 0x49, 0xc7, 0x49, 0xc7, 0x49, 0xc7, 0x49, 0xc7, 0x49,
    0xc7, 0x49, 0xc7, 0x49, 0xc7, 0x49, 0xc7, 0x49, 0xc7, 0x49, 0xc7, 0x49,
    0xc7, 0x49, 0xc7, 0x49, 0xc7, 0x49, 0xc7, 0x49, 0xc7, 0x49, 0xc7, 0x49,
    0xc7, 0x49, 0xc7, 0x49, 0xc7, 0x49, 0xc7, 0x49, 0xc7, 0x49, 0xc7, 0x49,
    0xc7, 0x49, 0xc7, 0x49, 0xc7, 0x49, 0xc7, 0x49, 0xc7, 0x49, 0xc7, 0x49,
    0xc7, 0x49, 0xc7, 0x49, 0xc7, 0x49, 0xc7, 0x49, 0xc7, 0x49, 0xc7, 0x49,
    0xc7, 0x49, 0xc7, 0x49, 0xc7, 0x49, 0xc7, 0x49, 0xc7, 0x49, 0xc7, 0x49,
    0xc7, 0x49, 0xc7, 0x49, 0xc7, 0x49, 0xc7, 0x49, 0xc7, 0x49, 0xc7, 0x49,
    0xc7, 0x49, 0xc7, 0x49, 0xc7, 0x49, 0xc7, 0x49, 0xc7, 0x49, 0xc7, 0x49,
    0xc7, 0x49, 0xc7, 0x49, 0xc7, 0x49, 0xc7, 0x49, 0xc7, 0x49, 0xc7, 0x49,
    0xc7, 0x49, 0xc7, 0x49, 0xc7, 0x49, 0xc7, 0x49, 0xc7, 0x49, 0xc7, 0x49,
    0xc7, 0x49, 0xc7, 0x49, 0xc7, 0x49, 0xc7, 0x49, 0xc7, 0x49, 0xc7, 0x49,
    0xc7, 0x49, 0xc7, 0x49, 0xc7, 0x49, 0xc7, 0x49, 0xc7, 0x49, 0xc7, 0x49,
    0xc7, 0x49, 0xc7, 0x49, 0xc7, 0x49, 0xc7, 0x49, 0xc7, 0x49, 0xc7, 0x49,
    0xc7, 0x49, 0xc7, 0x49, 0xc7, 0x49, 0xc7, 0x49, 0xc7, 0x49, 0xc7, 0x49,
    0xc7, 0x49, 0xc7, 0x49, 0xc7, 0x49, 0xc7, 0x49, 0xc7, 0x49, 0xc7, 0x49,
    0xc7, 0x49, 0xc7, 0x49, 0xc7, 0x49, 0xc7, 0x49, 0xc7, 0x49, 0xc7, 0x49,
    0xc7, 0x49, 0xc7, 0x49, 0xc7, 0x49, 0xc7, 0x49, 0xc7, 0x49, 0xc7, 0x49,
    0xc7, 0x49, 0xc7, 0x49, 0xc7, 0x49, 0xc7, 0x49, 0xc7, 0x49, 0xc7, 0x49,
    0xc7, 0x49, 0xc7, 0x49, 0xc7, 0x49, 0xc7, 0x49, 0xc7, 0x49, 0xc7, 0x49,
    0xc7, 0x49, 0xc7, 0x49, 0xc7, 0x49, 0xc7, 0x49, 0xc7, 0x49, 0xc7, 0x49,
    0xc7, 0x49, 0xc7, 0x49, 0xc7, 0x49, 0xc7, 0x49, 0xc7, 0x49, 0xc7, 0x49,
    0xc7, 0x49, 0xc7, 0x49, 0xc7, 0x49, 0xc7, 0x49, 0xc7, 0x49, 0xc7, 0x49,
    0xc7, 0x49, 0xc7, 0x49, 0xc7, 0x49, 0xc7, 0x49, 0xc7, 0x49, 0xc7, 0x49,
    0xc7, 0x49, 0xc7, 0x49, 0xc7, 0x49, 0xc7, 0x49, 0xc7, 0x49, 0xc7, 0x49,
    0xc7, 0x49, 0xc7, 0x49, 0xc7, 0x49, 0xc7, 0x49, 0xc7, 0x49, 0xc7, 0x49,
    0xc7, 0x49, 0xc7, 0x49, 0xc7, 0x49, 0xc7, 0x49, 0xc7, 0x49, 0xc7, 0x49,
    0xc7, 0x49, 0xc7, 0x49, 0xc7, 0x49, 0xc7, 0x49, 0xc7, 0x49, 0xc7, 0x49,
    0xc7, 0x49, 0xc7, 0x49, 0xc7, 0x49, 0xc7, 0x49, 0xc7, 0x49, 0xc7, 0x49,
    0xa6, 0x49, 0xa6, 0x49, 0xa6, 0x49, 0xa6, 0x49, 0xa6, 0x49, 0xa6, 0x49,
    0xa6, 0x49, 0xa6, 0x49, 0xa6, 0x49, 0xa6, 0x49, 0xa6, 0x49, 0xa6, 0x49,
    0xa6, 0x49, 0xa6, 0x49, 0xa6, 0x49, 0xa6, 0x49, 0xa6, 0x49, 0xa6, 0x49,
    0xa6, 0x49, 0xa6, 0x49, 0xa6, 0x49, 0xa6, 0x49, 0xa6, 0x49, 0xa6, 0x49,
    0xa6, 0x49, 0xa6, 0x49, 0xa6, 0x49, 0xa6, 0x49, 0xa6, 0x49, 0xa6, 0x49,
    0xa6, 0x49, 0xa6, 0x49, 0xa6, 0x49, 0xa6, 0x49, 0xa6, 0x49, 0xa6, 0x49,
    0xa6, 0x49, 0xa6, 0x49, 0xa6, 0x49, 0xa6, 0x49, 0xa6, 0x49, 0xa6, 0x49,
    0xa6, 0x49, 0xa6, 0x49, 0xa6, 0x49, 0xa6, 0x49, 0xa6, 0x49, 0xa6, 0x49,
    0xa6, 0x49, 0xa6, 0x49, 0xa6, 0x49, 0xa6, 0x49, 0xa6, 0x49, 0xa6, 0x49,
    0xa6, 0x49, 0xa6, 0x49, 0xa6, 0x49, 0xa6, 0x49, 0xa6, 0x49, 0xa6, 0x49,
    0xa6, 0x49, 0xa6, 0x49, 0xa6, 0x49, 0xa6, 0x49, 0xa6, 0x49, 0xa6, 0x49,
    0xa6, 0x49, 0xa6, 0x49, 0xa6, 0x49, 0xa6, 0x49, 0xa6, 0x49, 0xa6, 0x49,
    0xa6, 0x49, 0xa6, 0x49, 0xa6, 0x49, 0xa6, 0x49, 0xa6, 0x49, 0xa6, 0x49,
    0xa6, 0x49, 0xa6, 0x49, 0xa6, 0x49, 0xa6, 0x49, 0xa6, 0x49, 0xa6, 0x49,
    0xa6, 0x49, 0xa6, 0x49, 0xa6, 0x49, 0xa6, 0x49, 0xa6, 0x49, 0xa6, 0x49,
    0xa6, 0x49, 0xa6, 0x49, 0xa6, 0x49, 0xa6, 0x49, 0xa6, 0x49, 0xa6, 0x49,
    0xa6, 0x49, 0xa6, 0x49, 0xa6, 0x49, 0xa6, 0x49, 0xa6, 0x49, 0xa6, 0x49,
    0xa6, 0x49, 0xa6, 0x49, 0xa6, 0x49, 0xa6, 0x49, 0xa6, 0x49, 0xa6, 0x49,
    0xa6, 0x49, 0xa6, 0x49, 0xa6, 0x49, 0xa6, 0x49, 0xa6, 0x49, 0xa6, 0x49,
    0xa6, 0x49, 0xa6, 0x49, 0xa6, 0x49, 0xa6, 0x49, 0xa6, 0x49, 0xa6, 0x49,
    0xa6, 0x49, 0xa6, 0x49, 0xa6, 0x49, 0xa6, 0x49, 0xa6, 0x49, 0xa6, 0x49,
    0xa6, 0x49, 0xa6, 0x49, 0xa6, 0x49, 0xa6, 0x49, 0xa6, 0x49, 0xa6, 0x49,
    0xa6, 0x49, 0xa6, 0x49, 0xa6, 0x49, 0xa6, 0x49, 0xa6, 0x49, 0xa6, 0x49,
    0xa6, 0x49, 0xa6, 0x49, 0xa6, 0x49, 0xa6, 0x49, 0xa6, 0x49, 0xa6, 0x49,
    0xa6, 0x49, 0xa6, 0x49, 0xa6, 0x49, 0xa6, 0x49, 0xa6, 0x49, 0xa6, 0x49,
    0xa6, 0x49, 0xa6, 0x49, 0xa6, 0x49, 0xa6, 0x49, 0xa6, 0x49, 0xa6, 0x49,
    0xa6, 0x49, 0xc7, 0x49, 0xa6, 0x49, 0xa6, 0x49, 0xa6, 0x49, 0xa6, 0x49,
    0xa6, 0x49, 0xa6, 0x49, 0xa6, 0x49, 0xc7, 0x49, 0xa6, 0x49, 0xa6, 0x49,
    0xa6, 0x49, 0xa6, 0x49, 0xa6, 0x49, 0xa6, 0x49, 0xa6, 0x49, 0xc7, 0x49,
    0xa6, 0x49, 0xa6, 0x49, 0xa6, 0x49, 0xa6, 0x49, 0xa6, 0x49, 0xa6, 0x49,
    0xa6, 0x49, 0xc7, 0x49, 0xa6, 0x49, 0xa6, 0x49, 0xa6, 0x49, 0xa6, 0x49,
    0xa6, 0x49, 0xa6, 0x49, 0xa6, 0x49, 0xc7, 0x49, 0xa6, 0x49, 0xa6, 0x49,
    0xa6, 0x49, 0xa6, 0x49, 0xa6, 0x49, 0xa6, 0x49, 0xa6, 0x49, 0xc7, 0x49,
    0xa6, 0x49, 0xa6, 0x49, 0xa6, 0x49, 0xa6, 0x49, 0xa6, 0x49, 0xa6, 0x49,
    0xa6, 0x49, 0xc7, 0x49, 0xa6, 0x49, 0xa6, 0x49, 0xa6, 0x49, 0xa6, 0x49,
    0xa6, 0x49, 0xa6, 0x49, 0xa6, 0x49, 0xc7, 0x49, 0xa6, 0x49, 0xa6, 0x49,
    0xa6, 0x49, 0xa6, 0x49, 0xa6, 0x49, 0xa6, 0x49, 0xa6, 0x49, 0xc7, 0x49,
    0xa6, 0x49, 0xa6, 0x49, 0xa6, 0x49, 0xa6, 0x49, 0xa6, 0x49, 0xa6, 0x49,
    0xa6, 0x49, 0xc7, 0x49, 0xa6, 0x49, 0xa6, 0x49, 0xa6, 0x49, 0xa6, 0x49,
    0xa6, 0x49, 0xa6, 0x49, 0xa6, 0x49, 0xc7, 0x49, 0xa6, 0x49, 0xa6, 0x49,
    0xa6, 0x49, 0xa6, 0x49, 0xa6, 0x49, 0xa6, 0x49, 0xa6, 0x49, 0xc7, 0x49,
    0xa6, 0x49, 0xa6, 0x49, 0xa6, 0x49, 0xa6, 0x49, 0xa6, 0x49, 0xa6, 0x49,
    0xa6, 0x49, 0xc7, 0x49, 0xa6, 0x49, 0xa6, 0x49, 0xa6, 0x49, 0xa6, 0x49,
    0xa6, 0x49, 0xa6, 0x49, 0xa6, 0x49, 0xc7, 0x49, 0xa6, 0x49, 0xa6, 0x49,
    0xa6, 0x49, 0xa6, 0x49, 0xa6, 0x49, 0xa6, 0x49, 0xa6, 0x49, 0xc7, 0x49,
    0xa6, 0x49, 0xa6, 0x49, 0xa6, 0x49, 0xa6, 0x49, 0xa6, 0x49, 0xa6, 0x49,
    0xa6, 0x49, 0xc7, 0x49, 0xa6, 0x49, 0xa6, 0x49, 0xa6, 0x49, 0xa6, 0x49,
    0xa6, 0x49, 0xa6, 0x49, 0xa6, 0x49, 0xc7, 0x49, 0xa6, 0x49, 0xa6, 0x49,
    0xa6, 0x49, 0xa6, 0x49, 0xa6, 0x49, 0xa6, 0x49, 0xa6, 0x49, 0xc7, 0x49,
    0xa6, 0x49, 0xa6, 0x49, 0xa6, 0x49, 0xa6, 0x49, 0xa6, 0x49, 0xa6, 0x49
};

const lv_image_dsc_t img_probe_out_4 = {
  .header = {
    .magic = LV_IMAGE_HEADER_MAGIC,
    .cf = LV_COLOR_FORMAT_RGB565,
    .flags = 0,
    .w = 150,
    .h = 150,
    .stride = 300,
    .reserved_2 = 0,
  },
  .data_size = sizeof(img_probe_out_4_map),
  .data = img_probe_out_4_map,
  .reserved = NULL,
};
#elif TFT_WIDTH > 320
// 75x75 version for TFT_WIDTH > 320
static const LV_ATTRIBUTE_MEM_ALIGN LV_ATTRIBUTE_LARGE_CONST LV_ATTRIBUTE_IMG_IMG_PROBE_OUT_4
uint8_t img_probe_out_4_map[] = {
0xeb, 0x62, 0xeb, 0x62, 0xeb, 0x62, 0x0c, 0x63, 0xeb, 0x62, 0x0c, 0x63,
    0xeb, 0x62, 0x0c, 0x63, 0xeb, 0x62, 0xeb, 0x62, 0xeb, 0x62, 0x0c, 0x63,
    0xeb, 0x62, 0x0c, 0x63, 0xeb, 0x62, 0x0c, 0x63, 0xeb, 0x62, 0xeb, 0x62,
    0xeb, 0x62, 0x0c, 0x63, 0xeb, 0x62, 0x0c, 0x63, 0xeb, 0x62, 0x0c, 0x63,
    0xeb, 0x62, 0xeb, 0x62, 0xeb, 0x62, 0x0c, 0x63, 0xeb, 0x62, 0x0c, 0x63,
    0xeb, 0x62, 0x0c, 0x63, 0xeb, 0x62, 0xeb, 0x62, 0xeb, 0x62, 0x0c, 0x63,
    0xeb, 0x62, 0x0c, 0x63, 0xeb, 0x62, 0x0c, 0x63, 0xeb, 0x62, 0xeb, 0x62,
    0xeb, 0x62, 0x0c, 0x63, 0xeb, 0x62, 0x0c, 0x63, 0xeb, 0x62, 0x0c, 0x63,
    0xeb, 0x62, 0xeb, 0x62, 0xeb, 0x62, 0x0c, 0x63, 0xeb, 0x62, 0x0c, 0x63,
    0xeb, 0x62, 0x0c, 0x63, 0xeb, 0x62, 0xeb, 0x62, 0xeb, 0x62, 0x0c, 0x63,
    0xeb, 0x62, 0x0c, 0x63, 0xeb, 0x62, 0x0c, 0x63, 0xeb, 0x62, 0xeb, 0x62,
    0xeb, 0x62, 0x0c, 0x63, 0xeb, 0x62, 0x0c, 0x63, 0xeb, 0x62, 0x0c, 0x63,
    0xeb, 0x62, 0xeb, 0x62, 0xeb, 0x62, 0xeb, 0x62, 0xeb, 0x62, 0xeb, 0x62,
    0xeb, 0x62, 0xeb, 0x62, 0xeb, 0x62, 0xeb, 0x62, 0x0c, 0x63, 0xeb, 0x62,
    0xeb, 0x62, 0xeb, 0x62, 0xeb, 0x62, 0xeb, 0x62, 0xeb, 0x62, 0xeb, 0x62,
    0x0c, 0x63, 0xeb, 0x62, 0xeb, 0x62, 0xeb, 0x62, 0xeb, 0x62, 0xeb, 0x62,
    0xeb, 0x62, 0xeb, 0x62, 0x0c, 0x63, 0xeb, 0x62, 0xeb, 0x62, 0xeb, 0x62,
    0xeb, 0x62, 0xeb, 0x62, 0xeb, 0x62, 0xeb, 0x62, 0x0c, 0x63, 0xeb, 0x62,
    0xeb, 0x62, 0xeb, 0x62, 0xeb, 0x62, 0xeb, 0x62, 0xeb, 0x62, 0xeb, 0x62,
    0x0c, 0x63, 0xeb, 0x62, 0xeb, 0x62, 0xeb, 0x62, 0xeb, 0x62, 0xeb, 0x62,
    0xeb, 0x62, 0xeb, 0x62, 0x0c, 0x63, 0xeb, 0x62, 0xeb, 0x62, 0xeb, 0x62,
    0xeb, 0x62, 0xeb, 0x62, 0xeb, 0x62, 0xeb, 0x62, 0x0c, 0x63, 0xeb, 0x62,
    0xeb, 0x62, 0xeb, 0x62, 0xeb, 0x62, 0xeb, 0x62, 0xeb, 0x62, 0xeb, 0x62,
    0x0c, 0x63, 0xeb, 0x62, 0xeb, 0x62, 0xeb, 0x62, 0xeb, 0x62, 0xeb, 0x62,
    0xeb, 0x62, 0xeb, 0x62, 0x0c, 0x63, 0xeb, 0x62, 0xeb, 0x62, 0xeb, 0x62,
    0xeb, 0x62, 0xeb, 0x62, 0xeb, 0x62, 0xeb, 0x62, 0xeb, 0x62, 0xeb, 0x62,
    0xeb, 0x62, 0xeb, 0x62, 0xeb, 0x62, 0xeb, 0x62, 0xeb, 0x62, 0xeb, 0x62,
    0xeb, 0x62, 0xeb, 0x62, 0xeb, 0x62, 0xeb, 0x62, 0xeb, 0x62, 0xeb, 0x62,
    0xeb, 0x62, 0xeb, 0x62, 0xeb, 0x62, 0xeb, 0x62, 0xeb, 0x62, 0xeb, 0x62,
    0xeb, 0x62, 0xeb, 0x62, 0xeb, 0x62, 0xeb, 0x62, 0xeb, 0x62, 0xeb, 0x62,
    0xeb, 0x62, 0xeb, 0x62, 0xeb, 0x62, 0xeb, 0x62, 0xeb, 0x62, 0xeb, 0x62,
    0xeb, 0x62, 0xeb, 0x62, 0xeb, 0x62, 0xeb, 0x62, 0xeb, 0x62, 0xeb, 0x62,
    0xeb, 0x62, 0xeb, 0x62, 0xeb, 0x62, 0xeb, 0x62, 0xeb, 0x62, 0xeb, 0x62,
    0xeb, 0x62, 0xeb, 0x62, 0xeb, 0x62, 0xeb, 0x62, 0xeb, 0x62, 0xeb, 0x62,
    0xeb, 0x62, 0xeb, 0x62, 0xeb, 0x62, 0xeb, 0x62, 0xeb, 0x62, 0xeb, 0x62,
    0xeb, 0x62, 0xeb, 0x62, 0xeb, 0x62, 0xeb, 0x62, 0xeb, 0x62, 0xeb, 0x62,
    0xeb, 0x62, 0xeb, 0x62, 0xeb, 0x62, 0xeb, 0x62, 0xeb, 0x62, 0xeb, 0x62,
    0xeb, 0x62, 0xeb, 0x62, 0xeb, 0x62, 0xeb, 0x62, 0xeb, 0x62, 0xeb, 0x62,
    0xeb, 0x62, 0xeb, 0x62, 0xeb, 0x62, 0xeb, 0x62, 0xeb, 0x62, 0xeb, 0x62,
    0xeb, 0x62, 0xeb, 0x62, 0xeb, 0x62, 0xeb, 0x62, 0xeb, 0x62, 0xeb, 0x62,
    0xeb, 0x62, 0xeb, 0x62, 0xeb, 0x62, 0xeb, 0x62, 0xeb, 0x62, 0xeb, 0x62,
    0xeb, 0x62, 0xeb, 0x62, 0xeb, 0x62, 0xeb, 0x62, 0xeb, 0x62, 0xeb, 0x62,
    0xeb, 0x62, 0xeb, 0x62, 0xeb, 0x62, 0xeb, 0x62, 0xeb, 0x62, 0xeb, 0x62,
    0xeb, 0x62, 0xeb, 0x62, 0xeb, 0x62, 0xeb, 0x62, 0xeb, 0x62, 0xeb, 0x62,
    0xeb, 0x62, 0xeb, 0x62, 0xeb, 0x62, 0xeb, 0x62, 0xeb, 0x62, 0xeb, 0x62,
    0xeb, 0x62, 0xeb, 0x62, 0xeb, 0x62, 0xeb, 0x62, 0xeb, 0x62, 0xeb, 0x62,
    0xeb, 0x62, 0xeb, 0x62, 0xeb, 0x62, 0xeb, 0x62, 0xeb, 0x62, 0xeb, 0x62,
    0xeb, 0x62, 0xeb, 0x62, 0xeb, 0x62, 0xeb, 0x62, 0xeb, 0x62, 0xeb, 0x62,
    0xeb, 0x62, 0xeb, 0x62, 0xeb, 0x62, 0xeb, 0x62, 0xeb, 0x62, 0xeb, 0x62,
    0xeb, 0x62, 0xeb, 0x62, 0xeb, 0x62, 0xeb, 0x62, 0xeb, 0x62, 0xeb, 0x62,
    0xeb, 0x62, 0xeb, 0x62, 0xeb, 0x62, 0xeb, 0x62, 0xeb, 0x62, 0xeb, 0x62,
    0xeb, 0x62, 0xeb, 0x62, 0xeb, 0x62, 0xeb, 0x62, 0xeb, 0x62, 0xeb, 0x62,
    0xeb, 0x62, 0xeb, 0x62, 0xeb, 0x62, 0xeb, 0x62, 0xeb, 0x62, 0xeb, 0x62,
    0xeb, 0x62, 0xeb, 0x62, 0xeb, 0x62, 0xeb, 0x62, 0xeb, 0x62, 0xeb, 0x62,
    0xeb, 0x62, 0xeb, 0x62, 0xeb, 0x62, 0xeb, 0x62, 0xeb, 0x62, 0xeb, 0x62,
    0xeb, 0x62, 0xeb, 0x62, 0xeb, 0x62, 0xeb, 0x62, 0xeb, 0x62, 0xeb, 0x62,
    0xeb, 0x62, 0xeb, 0x62, 0xeb, 0x62, 0xeb, 0x62, 0xeb, 0x62, 0xeb, 0x62,
    0xeb, 0x62, 0xeb, 0x62, 0xeb, 0x62, 0xeb, 0x62, 0xeb, 0x62, 0xeb, 0x62,
    0xeb, 0x62, 0xeb, 0x62, 0xeb, 0x62, 0xeb, 0x62, 0xeb, 0x62, 0xeb, 0x62,
    0xeb, 0x62, 0xeb, 0x62, 0xeb, 0x62, 0xeb, 0x62, 0xeb, 0x62, 0xeb, 0x62,
    0xeb, 0x62, 0xeb, 0x62, 0xeb, 0x62, 0xeb, 0x62, 0xeb, 0x62, 0xeb, 0x62,
    0xeb, 0x62, 0xeb, 0x62, 0xeb, 0x62, 0xeb, 0x62, 0xeb, 0x62, 0xeb, 0x62,
    0xeb, 0x62, 0xeb, 0x62, 0xeb, 0x62, 0xeb, 0x62, 0xeb, 0x62, 0xeb, 0x62,
    0xeb, 0x62, 0xeb, 0x62, 0xeb, 0x62, 0xeb, 0x62, 0xeb, 0x62, 0xeb, 0x62,
    0xeb, 0x62, 0xeb, 0x62, 0xeb, 0x62, 0xeb, 0x62, 0xeb, 0x62, 0xeb, 0x62,
    0xeb, 0x62, 0xeb, 0x62, 0xeb, 0x62, 0xeb, 0x62, 0xeb, 0x62, 0xeb, 0x62,
    0xeb, 0x62, 0xeb, 0x62, 0xeb, 0x62, 0xeb, 0x62, 0xeb, 0x62, 0xeb, 0x62,
    0xeb, 0x62, 0xeb, 0x62, 0xeb, 0x62, 0xeb, 0x62, 0xeb, 0x62, 0xeb, 0x62,
    0xeb, 0x62, 0xeb, 0x62, 0xeb, 0x62, 0xeb, 0x62, 0xeb, 0x62, 0xeb, 0x62,
    0xeb, 0x62, 0xeb, 0x62, 0xeb, 0x62, 0xeb, 0x62, 0xeb, 0x62, 0xeb, 0x62,
    0xeb, 0x62, 0xeb, 0x62, 0xeb, 0x62, 0xeb, 0x62, 0xeb, 0x62, 0xeb, 0x62,
    0xeb, 0x62, 0xeb, 0x62, 0xeb, 0x62, 0xeb, 0x62, 0xeb, 0x62, 0xeb, 0x62,
    0xeb, 0x62, 0xeb, 0x62, 0xeb, 0x62, 0xeb, 0x62, 0xeb, 0x62, 0xeb, 0x62,
    0xeb, 0x62, 0xeb, 0x62, 0xeb, 0x62, 0xeb, 0x62, 0xeb, 0x62, 0xeb, 0x62,
    0xeb, 0x62, 0xeb, 0x62, 0xeb, 0x62, 0xeb, 0x62, 0xeb, 0x62, 0xeb, 0x62,
    0xeb, 0x5a, 0xeb, 0x62, 0xeb, 0x62, 0xeb, 0x62, 0xeb, 0x62, 0xeb, 0x62,
    0xeb, 0x62, 0xeb, 0x62, 0xeb, 0x5a, 0xeb, 0x62, 0xeb, 0x62, 0xeb, 0x62,
    0xeb, 0x62, 0xeb, 0x62, 0xeb, 0x62, 0xeb, 0x62, 0xeb, 0x5a, 0xeb, 0x62,
    0xeb, 0x62, 0xeb, 0x62, 0xeb, 0x62, 0xeb, 0x62, 0xeb, 0x62, 0xeb, 0x62,
    0xeb, 0x5a, 0xeb, 0x62, 0xeb, 0x62, 0xeb, 0x62, 0xeb, 0x62, 0xeb, 0x62,
    0xeb, 0x62, 0xeb, 0x62, 0xeb, 0x5a, 0xeb, 0x62, 0xeb, 0x62, 0xeb, 0x62,
    0xeb, 0x62, 0xeb, 0x62, 0xeb, 0x62, 0xeb, 0x62, 0xeb, 0x5a, 0xeb, 0x62,
    0xeb, 0x62, 0xeb, 0x62, 0xeb, 0x62, 0xeb, 0x62, 0xeb, 0x62, 0xeb, 0x62,
    0xeb, 0x5a, 0xeb, 0x62, 0xeb, 0x62, 0xeb, 0x62, 0xeb, 0x62, 0xeb, 0x62,
    0xeb, 0x62, 0xeb, 0x62, 0xeb, 0x5a, 0xeb, 0x62, 0xeb, 0x62, 0xeb, 0x62,
    0xeb, 0x62, 0xeb, 0x62, 0xeb, 0x62, 0xeb, 0x62, 0xeb, 0x5a, 0xeb, 0x62,
    0xeb, 0x62, 0xeb, 0x62, 0xeb, 0x62, 0xeb, 0x62, 0xeb, 0x62, 0xeb, 0x62,
    0xeb, 0x5a, 0xeb, 0x62, 0xeb, 0x62, 0xeb, 0x62, 0xeb, 0x62, 0xeb, 0x62,
    0xeb, 0x62, 0xeb, 0x62, 0xeb, 0x62, 0xeb, 0x62, 0xeb, 0x62, 0xeb, 0x62,
    0xeb, 0x62, 0xeb, 0x62, 0xeb, 0x62, 0xeb, 0x62, 0xeb, 0x62, 0xeb, 0x62,
    0xeb, 0x62, 0xeb, 0x62, 0xeb, 0x62, 0xeb, 0x62, 0xeb, 0x62, 0xeb, 0x62,
    0xeb, 0x62, 0xeb, 0x62, 0xeb, 0x62, 0xeb, 0x62, 0xeb, 0x62, 0xeb, 0x62,
    0xeb, 0x62, 0xeb, 0x62, 0xeb, 0x62, 0xeb, 0x62, 0xeb, 0x62, 0xeb, 0x62,
    0xeb, 0x62, 0xeb, 0x62, 0xeb, 0x62, 0xeb, 0x62, 0xeb, 0x62, 0xeb, 0x62,
    0xeb, 0x62, 0xeb, 0x62, 0xeb, 0x62, 0xeb, 0x62, 0xeb, 0x62, 0xeb, 0x62,
    0xeb, 0x62, 0xeb, 0x62, 0xeb, 0x62, 0xeb, 0x62, 0xeb, 0x62, 0xeb, 0x62,
    0xeb, 0x62, 0xeb, 0x62, 0xeb, 0x62, 0xeb, 0x62, 0xeb, 0x62, 0xeb, 0x62,
    0xeb, 0x62, 0xeb, 0x62, 0xeb, 0x62, 0xeb, 0x62, 0xeb, 0x62, 0xeb, 0x62,
    0xeb, 0x62, 0xeb, 0x62, 0xeb, 0x62, 0xeb, 0x62, 0xeb, 0x62, 0xeb, 0x62,
    0xeb, 0x62, 0xeb, 0x62, 0xeb, 0x62, 0xeb, 0x62, 0xeb, 0x62, 0xeb, 0x62,
    0xcb, 0x5a, 0xcb, 0x5a, 0xcb, 0x5a, 0xcb, 0x5a, 0xcb, 0x5a, 0xcb, 0x5a,
    0xcb, 0x5a, 0xcb, 0x5a, 0xcb, 0x5a, 0xcb, 0x5a, 0xcb, 0x5a, 0xcb, 0x5a,
    0xcb, 0x5a, 0xcb, 0x5a, 0xcb, 0x5a, 0xcb, 0x5a, 0xcb, 0x5a, 0xcb, 0x5a,
    0xcb, 0x5a, 0xcb, 0x5a, 0xcb, 0x5a, 0xcb, 0x5a, 0xcb, 0x5a, 0xcb, 0x5a,
    0xcb, 0x5a, 0xcb, 0x5a, 0xcb, 0x5a, 0xcb, 0x5a, 0xcb, 0x5a, 0xcb, 0x5a,
    0xcb, 0x5a, 0xcb, 0x5a, 0xcb, 0x5a, 0xcb, 0x5a, 0xcb, 0x5a, 0xcb, 0x5a,
    0xcb, 0x5a, 0xcb, 0x5a, 0xcb, 0x5a, 0xcb, 0x5a, 0xcb, 0x5a, 0xcb, 0x5a,
    0xcb, 0x5a, 0xcb, 0x5a, 0xcb, 0x5a, 0xcb, 0x5a, 0xcb, 0x5a, 0xcb, 0x5a,
    0xcb, 0x5a, 0xcb, 0x5a, 0xcb, 0x5a, 0xcb, 0x5a, 0xcb, 0x5a, 0xcb, 0x5a,
    0xcb, 0x5a, 0xcb, 0x5a, 0xcb, 0x5a, 0xcb, 0x5a, 0xcb, 0x5a, 0xcb, 0x5a,
    0xcb, 0x5a, 0xcb, 0x5a, 0xcb, 0x5a, 0xcb, 0x5a, 0xcb, 0x5a, 0xcb, 0x5a,
    0xcb, 0x5a, 0xcb, 0x5a, 0xcb, 0x5a, 0xcb, 0x5a, 0xcb, 0x5a, 0xcb, 0x5a,
    0xcb, 0x5a, 0xcb, 0x5a, 0xcb, 0x5a, 0xcb, 0x5a, 0xcb, 0x5a, 0xcb, 0x5a,
    0xcb, 0x5a, 0xcb, 0x5a, 0xcb, 0x5a, 0xcb, 0x5a, 0xcb, 0x5a, 0xcb, 0x5a,
    0xcb, 0x5a, 0xcb, 0x5a, 0xcb, 0x5a, 0xcb, 0x5a, 0xcb, 0x5a, 0xcb, 0x5a,
    0xcb, 0x5a, 0xcb, 0x5a, 0xcb, 0x5a, 0xcb, 0x5a, 0xcb, 0x5a, 0xcb, 0x5a,
    0xcb, 0x5a, 0xcb, 0x5a, 0xcb, 0x5a, 0xcb, 0x5a, 0xcb, 0x5a, 0xcb, 0x5a,
    0xcb, 0x5a, 0xcb, 0x5a, 0xcb, 0x5a, 0xcb, 0x5a, 0xcb, 0x5a, 0xcb, 0x5a,
    0xcb, 0x5a, 0xcb, 0x5a, 0xcb, 0x5a, 0xcb, 0x5a, 0xcb, 0x5a, 0xcb, 0x5a,
    0xcb, 0x5a, 0xcb, 0x5a, 0xcb, 0x5a, 0xcb, 0x5a, 0xcb, 0x5a, 0xcb, 0x5a,
    0xcb, 0x5a, 0xcb, 0x5a, 0xcb, 0x5a, 0xcb, 0x5a, 0xcb, 0x5a, 0xcb, 0x5a,
    0xcb, 0x5a, 0xcb, 0x5a, 0xcb, 0x5a, 0xcb, 0x5a, 0xcb, 0x5a, 0xcb, 0x5a,
    0xcb, 0x5a, 0xcb, 0x5a, 0xcb, 0x5a, 0xcb, 0x5a, 0xcb, 0x5a, 0xcb, 0x5a,
    0xcb, 0x5a, 0xcb, 0x5a, 0xcb, 0x5a, 0xcb, 0x5a, 0xcb, 0x5a, 0xcb, 0x5a,
    0xcb, 0x5a, 0xcb, 0x5a, 0xcb, 0x5a, 0xcb, 0x5a, 0xcb, 0x5a, 0xcb, 0x5a,
    0xcb, 0x5a, 0xcb, 0x5a, 0xcb, 0x5a, 0xcb, 0x5a, 0xcb, 0x5a, 0xcb, 0x5a,
    0xcb, 0x5a, 0xcb, 0x5a, 0xcb, 0x5a, 0xcb, 0x5a, 0xcb, 0x5a, 0xcb, 0x5a,
    0xcb, 0x5a, 0xcb, 0x5a, 0xcb, 0x5a, 0xcb, 0x5a, 0xcb, 0x5a, 0xcb, 0x5a,
    0xcb, 0x5a, 0xcb, 0x5a, 0xcb, 0x5a, 0xcb, 0x5a, 0xcb, 0x5a, 0xcb, 0x5a,
    0xcb, 0x5a, 0xcb, 0x5a, 0xcb, 0x5a, 0xcb, 0x5a, 0xcb, 0x5a, 0xcb, 0x5a,
    0xcb, 0x5a, 0xcb, 0x5a, 0xcb, 0x5a, 0xcb, 0x5a, 0xcb, 0x5a, 0xec, 0x7a,
    0xec, 0x7a, 0xec, 0x7a, 0xec, 0x7a, 0xec, 0x7a, 0xcb, 0x5a, 0xcb, 0x5a,
    0xcb, 0x5a, 0xcb, 0x5a, 0xcb, 0x5a, 0xcb, 0x5a, 0xcb, 0x5a, 0xcb, 0x5a,
    0xcb, 0x5a, 0xcb, 0x5a, 0xcb, 0x5a, 0xcb, 0x5a, 0xcb, 0x5a, 0xcb, 0x5a,
    0xcb, 0x5a, 0xcb, 0x5a, 0xcb, 0x5a, 0xcb, 0x5a, 0xcb, 0x5a, 0xcb, 0x5a,
    0xcb, 0x5a, 0xcb, 0x5a, 0xcb, 0x5a, 0xcb, 0x5a, 0xcb, 0x5a, 0xcb, 0x5a,
    0xcb, 0x5a, 0xcb, 0x5a, 0xcb, 0x5a, 0xcb, 0x5a, 0xcb, 0x5a, 0xcb, 0x5a,
    0xcb, 0x5a, 0xcb, 0x5a, 0xcb, 0x5a, 0xcb, 0x5a, 0xcb, 0x5a, 0xcb, 0x5a,
    0xcb, 0x5a, 0xcb, 0x5a, 0xcb, 0x5a, 0xcb, 0x5a, 0xcb, 0x5a, 0xcb, 0x5a,
    0xcb, 0x5a, 0xcb, 0x5a, 0xcb, 0x5a, 0xcb, 0x5a, 0xcb, 0x5a, 0xcb, 0x5a,
    0xcb, 0x5a, 0xcb, 0x5a, 0xcb, 0x5a, 0xcb, 0x5a, 0xcb, 0x5a, 0xcb, 0x5a,
    0xcb, 0x5a, 0xcb, 0x5a, 0xcb, 0x5a, 0xcb, 0x5a, 0xcb, 0x5a, 0xcb, 0x5a,
    0xcb, 0x5a, 0xcb, 0x5a, 0xcb, 0x5a, 0xcb, 0x5a, 0xcb, 0x5a, 0xcb, 0x5a,
    0xcb, 0x5a, 0xcb, 0x5a, 0x2d, 0xc3, 0x4e, 0xe3, 0x4e, 0xe3, 0x4e, 0xe3,
    0x0c, 0xa3, 0xcb, 0x5a, 0xcb, 0x5a, 0xcb, 0x5a, 0xcb, 0x5a, 0xcb, 0x5a,
    0xcb, 0x5a, 0xcb, 0x5a, 0xcb, 0x5a, 0xcb, 0x5a, 0xcb, 0x5a, 0xcb, 0x5a,
    0xcb, 0x5a, 0xcb, 0x5a, 0xcb, 0x5a, 0xcb, 0x5a, 0xcb, 0x5a, 0xcb, 0x5a,
    0xcb, 0x5a, 0xcb, 0x5a, 0xcb, 0x5a, 0xcb, 0x5a, 0xcb, 0x5a, 0xcb, 0x5a,
    0xcb, 0x5a, 0xcb, 0x5a, 0xcb, 0x5a, 0xcb, 0x5a, 0xcb, 0x5a, 0xcb, 0x5a,
    0xcb, 0x5a, 0xcb, 0x5a, 0xcb, 0x5a, 0xcb, 0x5a, 0xcb, 0x5a, 0xcb, 0x5a,
    0xcb, 0x5a, 0xcb, 0x5a, 0xcb, 0x5a, 0xcb, 0x5a, 0xcb, 0x5a, 0xcb, 0x5a,
    0xcb, 0x5a, 0xcb, 0x5a, 0xcb, 0x5a, 0xcb, 0x5a, 0xcb, 0x5a, 0xcb, 0x5a,
    0xcb, 0x5a, 0xcb, 0x5a, 0xcb, 0x5a, 0xcb, 0x5a, 0xcb, 0x5a, 0xcb, 0x5a,
    0xcb, 0x5a, 0xcb, 0x5a, 0xcb, 0x5a, 0xcb, 0x5a, 0xcb, 0x5a, 0xcb, 0x5a,
    0xcb, 0x5a, 0xcb, 0x5a, 0xcb, 0x5a, 0xcb, 0x5a, 0xcb, 0x5a, 0xcb, 0x5a,
    0xcb, 0x5a, 0xcb, 0x5a, 0xcb, 0x5a, 0xcb, 0x5a, 0xcb, 0x5a, 0xeb, 0x7a,
    0x4e, 0xe3, 0x4e, 0xe3, 0x4e, 0xe3, 0x0c, 0xa3, 0xcb, 0x5a, 0xcb, 0x5a,
    0xcb, 0x5a, 0xcb, 0x5a, 0xcb, 0x5a, 0xcb, 0x5a, 0xcb, 0x5a, 0xcb, 0x5a,
    0xcb, 0x5a, 0xcb, 0x5a, 0xcb, 0x5a, 0xcb, 0x5a, 0xcb, 0x5a, 0xcb, 0x5a,
    0xcb, 0x5a, 0xcb, 0x5a, 0xcb, 0x5a, 0xcb, 0x5a, 0xcb, 0x5a, 0xcb, 0x5a,
    0xcb, 0x5a, 0xcb, 0x5a, 0xcb, 0x5a, 0xcb, 0x5a, 0xcb, 0x5a, 0xcb, 0x5a,
    0xcb, 0x5a, 0xcb, 0x5a, 0xcb, 0x5a, 0xcb, 0x5a, 0xcb, 0x5a, 0xcb, 0x5a,
    0xcb, 0x5a, 0xcb, 0x5a, 0xcb, 0x5a, 0xcb, 0x5a, 0xcb, 0x5a, 0xcb, 0x5a,
    0xcb, 0x5a, 0xcb, 0x5a, 0xcb, 0x5a, 0xcb, 0x5a, 0xcb, 0x5a, 0xcb, 0x5a,
    0xcb, 0x5a, 0xcb, 0x5a, 0xcb, 0x5a, 0xcb, 0x5a, 0xcb, 0x5a, 0xcb, 0x5a,
    0xcb, 0x5a, 0xcb, 0x5a, 0xcb, 0x5a, 0xcb, 0x5a, 0xcb, 0x5a, 0xcb, 0x5a,
    0xcb, 0x5a, 0xcb, 0x5a, 0xcb, 0x5a, 0xcb, 0x5a, 0xcb, 0x5a, 0xcb, 0x5a,
    0xcb, 0x5a, 0xcb, 0x5a, 0xcb, 0x5a, 0xcb, 0x5a, 0xcb, 0x5a, 0xcb, 0x5a,
    0xcb, 0x5a, 0xcb, 0x5a, 0xcb, 0x5a, 0x2d, 0xc3, 0x4e, 0xe3, 0x4e, 0xe3,
    0xcb, 0x5a, 0xcb, 0x5a, 0xcb, 0x5a, 0xcb, 0x5a, 0xcb, 0x5a, 0xcb, 0x5a,
    0xcb, 0x5a, 0xcb, 0x5a, 0xcb, 0x5a, 0xcb, 0x5a, 0xcb, 0x5a, 0xcb, 0x5a,
    0xcb, 0x5a, 0xcb, 0x5a, 0xcb, 0x5a, 0xcb, 0x5a, 0xcb, 0x5a, 0xcb, 0x5a,
    0xcb, 0x5a, 0xcb, 0x5a, 0xcb, 0x5a, 0xcb, 0x5a, 0xcb, 0x5a, 0xcb, 0x5a,
    0xcb, 0x5a, 0xcb, 0x5a, 0xcb, 0x5a, 0xcb, 0x5a, 0xcb, 0x5a, 0xcb, 0x5a,
    0xcb, 0x5a, 0xcb, 0x5a, 0xcb, 0x5a, 0xcb, 0x5a, 0xcb, 0x5a, 0xcb, 0x5a,
    0xcb, 0x5a, 0xcb, 0x5a, 0xcb, 0x5a, 0xcb, 0x5a, 0xcb, 0x5a, 0xcb, 0x5a,
    0xcb, 0x5a, 0xcb, 0x5a, 0xcb, 0x5a, 0xcb, 0x5a, 0xcb, 0x5a, 0xcb, 0x5a,
    0xcb, 0x5a, 0xcb, 0x5a, 0xcb, 0x5a, 0xcb, 0x5a, 0xcb, 0x5a, 0xcb, 0x5a,
    0xcb, 0x5a, 0xcb, 0x5a, 0xcb, 0x5a, 0xcb, 0x5a, 0xcb, 0x5a, 0xcb, 0x5a,
    0xcb, 0x5a, 0xcb, 0x5a, 0xcb, 0x5a, 0xcb, 0x5a, 0xcb, 0x5a, 0xcb, 0x5a,
    0xcb, 0x5a, 0xcb, 0x5a, 0xcb, 0x5a, 0xcb, 0x5a, 0xcb, 0x5a, 0xcb, 0x5a,
    0xec, 0x7a, 0x4e, 0xe3, 0x0c, 0x9b, 0xcb, 0x5a, 0xcb, 0x5a, 0xcb, 0x5a,
    0xcb, 0x5a, 0xcb, 0x5a, 0xcb, 0x5a, 0xcb, 0x5a, 0xcb, 0x5a, 0xcb, 0x5a,
    0xcb, 0x5a, 0xcb, 0x5a, 0xcb, 0x5a, 0xcb, 0x5a, 0xcb, 0x5a, 0xcb, 0x5a,
    0xcb, 0x5a, 0xcb, 0x5a, 0xcb, 0x5a, 0xcb, 0x5a, 0xcb, 0x5a, 0xcb, 0x5a,
    0xcb, 0x5a, 0xcb, 0x5a, 0xcb, 0x5a, 0xcb, 0x5a, 0xcb, 0x5a, 0xcb, 0x5a,
    0xcb, 0x5a, 0xcb, 0x5a, 0xcb, 0x5a, 0xcb, 0x5a, 0xcb, 0x5a, 0xcb, 0x5a,
    0xcb, 0x5a, 0xcb, 0x5a, 0xcb, 0x5a, 0xcb, 0x5a, 0xcb, 0x5a, 0xcb, 0x5a,
    0xcb, 0x5a, 0xcb, 0x5a, 0xcb, 0x5a, 0xcb, 0x5a, 0xcb, 0x5a, 0xcb, 0x5a,
    0xcb, 0x5a, 0xcb, 0x5a, 0xcb, 0x5a, 0xcb, 0x5a, 0xcb, 0x5a, 0xcb, 0x5a,
    0xcb, 0x5a, 0xcb, 0x5a, 0xcb, 0x5a, 0xcb, 0x5a, 0xcb, 0x5a, 0xcb, 0x5a,
    0xcb, 0x5a, 0xcb, 0x5a, 0xcb, 0x5a, 0xcb, 0x5a, 0xcb, 0x5a, 0xcb, 0x5a,
    0xcb, 0x5a, 0xcb, 0x5a, 0xcb, 0x5a, 0xcb, 0x5a, 0xcb, 0x5a, 0xcb, 0x5a,
    0xec, 0x5a, 0xec, 0x52, 0xec, 0x52, 0xec, 0x52, 0x4e, 0xe3, 0xec, 0x52,
    0xec, 0x52, 0xec, 0x52, 0xec, 0x5a, 0xcb, 0x5a, 0xcb, 0x5a, 0xcb, 0x5a,
    0xcb, 0x5a, 0xcb, 0x5a, 0xcb, 0x5a, 0xcb, 0x5a, 0xcb, 0x5a, 0xcb, 0x5a,
    0xcb, 0x5a, 0xcb, 0x5a, 0xcb, 0x5a, 0xcb, 0x5a, 0xcb, 0x5a, 0xcb, 0x5a,
    0xcb, 0x5a, 0xcb, 0x5a, 0xcb, 0x5a, 0xcb, 0x5a, 0xcb, 0x5a, 0xcb, 0x5a,
    0xcb, 0x5a, 0xcb, 0x5a, 0xcb, 0x5a, 0xcb, 0x5a, 0xcb, 0x5a, 0xcb, 0x5a,
    0xcb, 0x5a, 0xcb, 0x5a, 0xcb, 0x5a, 0xcb, 0x5a, 0xcb, 0x5a, 0xcb, 0x5a,
    0xaa, 0x5a, 0xaa, 0x5a, 0xaa, 0x5a, 0xaa, 0x5a, 0xaa, 0x5a, 0xaa, 0x5a,
    0xaa, 0x5a, 0xaa, 0x5a, 0xaa, 0x5a, 0xaa, 0x5a, 0xaa, 0x5a, 0xaa, 0x5a,
    0xaa, 0x5a, 0xaa, 0x5a, 0xaa, 0x5a, 0xaa, 0x5a, 0xaa, 0x5a, 0xaa, 0x5a,
    0xaa, 0x5a, 0xaa, 0x5a, 0xaa, 0x5a, 0xaa, 0x5a, 0xaa, 0x5a, 0xaa, 0x5a,
    0xaa, 0x5a, 0xaa, 0x5a, 0xab, 0x5a, 0xcb, 0x5a, 0xcb, 0x5a, 0xcb, 0x5a,
    0xec, 0x52, 0x0d, 0x53, 0x0d, 0x4b, 0x2e, 0x4b, 0x4f, 0x4b, 0x70, 0x43,
    0x70, 0x43, 0x6f, 0x6b, 0x70, 0x43, 0x70, 0x43, 0x4f, 0x4b, 0x2e, 0x4b,
    0x0d, 0x4b, 0x0d, 0x53, 0xec, 0x52, 0xcb, 0x5a, 0xcb, 0x5a, 0xcb, 0x5a,
    0xaa, 0x5a, 0xaa, 0x5a, 0xaa, 0x5a, 0xaa, 0x5a, 0xaa, 0x5a, 0xaa, 0x5a,
    0xaa, 0x5a, 0xaa, 0x5a, 0xaa, 0x5a, 0xaa, 0x5a, 0xaa, 0x5a, 0xaa, 0x5a,
    0xaa, 0x5a, 0xaa, 0x5a, 0xaa, 0x5a, 0xaa, 0x5a, 0xaa, 0x5a, 0xaa, 0x5a,
    0xaa, 0x5a, 0xaa, 0x5a, 0xaa, 0x5a, 0xaa, 0x5a, 0xaa, 0x5a, 0xaa, 0x5a,
    0xaa, 0x5a, 0xaa, 0x5a, 0xaa, 0x5a, 0xaa, 0x5a, 0xaa, 0x5a, 0xaa, 0x5a,
    0xaa, 0x5a, 0xaa, 0x5a, 0xaa, 0x5a, 0xaa, 0x5a, 0xaa, 0x5a, 0xaa, 0x5a,
    0xaa, 0x5a, 0xaa, 0x5a, 0xaa, 0x5a, 0xaa, 0x5a, 0xaa, 0x5a, 0xaa, 0x5a,
    0xaa, 0x5a, 0xaa, 0x5a, 0xaa, 0x5a, 0xaa, 0x5a, 0xaa, 0x5a, 0xaa, 0x5a,
    0xaa, 0x5a, 0xaa, 0x5a, 0xaa, 0x5a, 0xaa, 0x5a, 0xcb, 0x5a, 0xcb, 0x5a,
    0xcb, 0x5a, 0xec, 0x52, 0x2e, 0x4b, 0x4f, 0x43, 0x91, 0x43, 0xf4, 0x33,
    0x78, 0x24, 0xba, 0x14, 0xfc, 0x14, 0xfd, 0x0c, 0x1d, 0x0d, 0xfd, 0x0c,
    0xfc, 0x14, 0xba, 0x14, 0x78, 0x24, 0xf4, 0x33, 0x91, 0x43, 0x4f, 0x43,
    0x2e, 0x4b, 0xec, 0x52, 0xcb, 0x5a, 0xcb, 0x5a, 0xcb, 0x5a, 0xab, 0x5a,
    0xaa, 0x5a, 0xaa, 0x5a, 0xaa, 0x5a, 0xaa, 0x5a, 0xaa, 0x5a, 0xaa, 0x5a,
    0xaa, 0x5a, 0xaa, 0x5a, 0xaa, 0x5a, 0xaa, 0x5a, 0xaa, 0x5a, 0xaa, 0x5a,
    0xaa, 0x5a, 0xaa, 0x5a, 0xaa, 0x5a, 0xaa, 0x5a, 0xaa, 0x5a, 0xaa, 0x5a,
    0xaa, 0x5a, 0xaa, 0x5a, 0xaa, 0x5a, 0xaa, 0x5a, 0xaa, 0x5a, 0xaa, 0x5a,
    0xaa, 0x5a, 0xaa, 0x5a, 0xaa, 0x5a, 0xaa, 0x5a, 0xaa, 0x5a, 0xaa, 0x5a,
    0xaa, 0x5a, 0xaa, 0x5a, 0xaa, 0x5a, 0xaa, 0x5a, 0xaa, 0x5a, 0xaa, 0x5a,
    0xaa, 0x5a, 0xaa, 0x5a, 0xaa, 0x5a, 0xaa, 0x5a, 0xaa, 0x5a, 0xaa, 0x5a,
    0xaa, 0x5a, 0xaa, 0x5a, 0xaa, 0x5a, 0xaa, 0x5a, 0xaa, 0x5a, 0xaa, 0x5a,
    0xab, 0x5a, 0xcb, 0x5a, 0xec, 0x52, 0x2e, 0x4b, 0x70, 0x43, 0xf4, 0x33,
    0xba, 0x1c, 0x3e, 0x05, 0x5f, 0x05, 0x5f, 0x05, 0x5f, 0x05, 0x5f, 0x05,
    0x5f, 0x05, 0x5f, 0x05, 0x5f, 0x05, 0x5f, 0x05, 0x5f, 0x05, 0x5f, 0x05,
    0x5f, 0x05, 0x3e, 0x05, 0xba, 0x1c, 0xf4, 0x33, 0x70, 0x43, 0x2e, 0x4b,
    0xec, 0x52, 0xcb, 0x5a, 0xab, 0x5a, 0xaa, 0x5a, 0xaa, 0x5a, 0xaa, 0x5a,
    0xaa, 0x5a, 0xaa, 0x5a, 0xaa, 0x5a, 0xaa, 0x5a, 0xaa, 0x5a, 0xaa, 0x5a,
    0xaa, 0x5a, 0xaa, 0x5a, 0xaa, 0x5a, 0xaa, 0x5a, 0xaa, 0x5a, 0xaa, 0x5a,
    0xaa, 0x5a, 0xaa, 0x5a, 0xaa, 0x5a, 0xaa, 0x5a, 0xaa, 0x5a, 0xaa, 0x5a,
    0xaa, 0x5a, 0xaa, 0x5a, 0xaa, 0x5a, 0xaa, 0x5a, 0xaa, 0x5a, 0xaa, 0x5a,
    0xaa, 0x5a, 0xaa, 0x5a, 0xaa, 0x5a, 0xaa, 0x5a, 0xaa, 0x5a, 0xaa, 0x5a,
    0xaa, 0x5a, 0xaa, 0x5a, 0xaa, 0x5a, 0xaa, 0x5a, 0xaa, 0x5a, 0xaa, 0x5a,
    0xaa, 0x5a, 0xaa, 0x5a, 0xaa, 0x5a, 0xaa, 0x5a, 0xaa, 0x5a, 0xaa, 0x5a,
    0xaa, 0x5a, 0xaa, 0x5a, 0xcb, 0x5a, 0xcb, 0x52, 0x0d, 0x53, 0x50, 0x43,
    0xf5, 0x33, 0xdc, 0x14, 0x5f, 0x05, 0x5f, 0x05, 0x5f, 0x05, 0x5f, 0x05,
    0x5f, 0x05, 0x5f, 0x05, 0x5f, 0x05, 0x5f, 0x05, 0x5f, 0x05, 0x5f, 0x05,
    0x5f, 0x05, 0x5f, 0x05, 0x5f, 0x05, 0x5f, 0x05, 0x5f, 0x05, 0x5f, 0x05,
    0x5f, 0x05, 0xdc, 0x14, 0xf5, 0x33, 0x4f, 0x43, 0x0d, 0x53, 0xcc, 0x52,
    0xcb, 0x5a, 0xaa, 0x5a, 0xaa, 0x5a, 0xaa, 0x5a, 0xaa, 0x5a, 0xaa, 0x5a,
    0xaa, 0x5a, 0xaa, 0x5a, 0xaa, 0x5a, 0xaa, 0x5a, 0xaa, 0x5a, 0xaa, 0x5a,
    0xaa, 0x5a, 0xaa, 0x5a, 0xaa, 0x5a, 0xaa, 0x5a, 0xaa, 0x5a, 0xaa, 0x5a,
    0xaa, 0x5a, 0xaa, 0x5a, 0xaa, 0x5a, 0xaa, 0x5a, 0xaa, 0x5a, 0xaa, 0x5a,
    0xaa, 0x5a, 0xaa, 0x5a, 0xaa, 0x5a, 0xaa, 0x5a, 0xaa, 0x5a, 0xaa, 0x5a,
    0xaa, 0x5a, 0xaa, 0x5a, 0xaa, 0x5a, 0xaa, 0x5a, 0xaa, 0x5a, 0xaa, 0x5a,
    0xaa, 0x5a, 0xaa, 0x5a, 0xaa, 0x5a, 0xaa, 0x5a, 0xaa, 0x5a, 0xaa, 0x5a,
    0xaa, 0x5a, 0xaa, 0x5a, 0xaa, 0x5a, 0xaa, 0x5a, 0xab, 0x5a, 0xec, 0x52,
    0x0e, 0x4b, 0x91, 0x3b, 0x9a, 0x1c, 0x5f, 0x05, 0x5f, 0x05, 0x5f, 0x05,
    0x5f, 0x05, 0x5f, 0x05, 0x5f, 0x05, 0x7f, 0x1d, 0x9e, 0x35, 0xbe, 0x45,
    0xdd, 0x55, 0xbd, 0x55, 0xbd, 0x55, 0x9d, 0x45, 0x9e, 0x2d, 0x7f, 0x1d,
    0x5f, 0x05, 0x5f, 0x05, 0x5f, 0x05, 0x5f, 0x05, 0x5f, 0x05, 0x5f, 0x05,
    0x9a, 0x1c, 0x91, 0x3b, 0x0e, 0x4b, 0xec, 0x52, 0xab, 0x5a, 0xaa, 0x5a,
    0xaa, 0x5a, 0xaa, 0x5a, 0xaa, 0x5a, 0xaa, 0x5a, 0xaa, 0x5a, 0xaa, 0x5a,
    0xaa, 0x5a, 0xaa, 0x5a, 0xaa, 0x5a, 0xaa, 0x5a, 0xaa, 0x5a, 0xaa, 0x5a,
    0xaa, 0x5a, 0xaa, 0x5a, 0xaa, 0x5a, 0xaa, 0x5a, 0xaa, 0x5a, 0xaa, 0x5a,
    0xaa, 0x5a, 0xaa, 0x5a, 0xaa, 0x5a, 0xaa, 0x5a, 0xaa, 0x5a, 0xaa, 0x5a,
    0xaa, 0x5a, 0xaa, 0x5a, 0xaa, 0x5a, 0xaa, 0x5a, 0xaa, 0x5a, 0xaa, 0x5a,
    0xaa, 0x5a, 0xaa, 0x5a, 0xaa, 0x5a, 0xaa, 0x5a, 0xaa, 0x5a, 0xaa, 0x5a,
    0xaa, 0x5a, 0xaa, 0x5a, 0xaa, 0x5a, 0xaa, 0x5a, 0xaa, 0x5a, 0xaa, 0x5a,
    0xcb, 0x5a, 0xec, 0x52, 0x2f, 0x4b, 0xd4, 0x33, 0x1d, 0x0d, 0x5f, 0x05,
    0x5f, 0x05, 0x5f, 0x05, 0x5f, 0x05, 0x7f, 0x1d, 0xde, 0x4d, 0x1c, 0x86,
    0x3c, 0x96, 0x3b, 0x9e, 0x3b, 0xa6, 0x1a, 0xa6, 0x1a, 0xa6, 0xfa, 0x9d,
    0xfa, 0x9d, 0xda, 0x95, 0xda, 0x85, 0xba, 0x75, 0x7d, 0x45, 0x5e, 0x15,
    0x5f, 0x05, 0x5f, 0x05, 0x5f, 0x05, 0x5f, 0x05, 0x1d, 0x0d, 0xd4, 0x33,
    0x2f, 0x4b, 0xec, 0x52, 0xcb, 0x5a, 0xaa, 0x5a, 0xaa, 0x5a, 0xaa, 0x5a,
    0xaa, 0x5a, 0xaa, 0x5a, 0xaa, 0x5a, 0xaa, 0x5a, 0xaa, 0x5a, 0xaa, 0x5a,
    0xaa, 0x5a, 0xaa, 0x5a, 0xaa, 0x5a, 0xaa, 0x5a, 0xaa, 0x5a, 0xaa, 0x5a,
    0xaa, 0x5a, 0xaa, 0x5a, 0xaa, 0x5a, 0xaa, 0x5a, 0xaa, 0x5a, 0xaa, 0x5a,
    0x8a, 0x5a, 0xaa, 0x5a, 0x8a, 0x5a, 0xaa, 0x5a, 0x8a, 0x5a, 0xaa, 0x5a,
    0x8a, 0x5a, 0xaa, 0x5a, 0x8a, 0x5a, 0xaa, 0x5a, 0x8a, 0x5a, 0xaa, 0x5a,
    0x8a, 0x5a, 0xaa, 0x5a, 0x8a, 0x5a, 0xaa, 0x5a, 0x8a, 0x5a, 0xaa, 0x5a,
    0x8a, 0x5a, 0xaa, 0x5a, 0xab, 0x5a, 0xec, 0x52, 0x2f, 0x43, 0x16, 0x2c,
    0x3f, 0x05, 0x5f, 0x05, 0x5f, 0x05, 0x5f, 0x05, 0x7f, 0x1d, 0xfd, 0x5d,
    0x5c, 0x96, 0x5b, 0xa6, 0x5b, 0xb6, 0x5a, 0xbe, 0x5a, 0xbe, 0x5a, 0xbe,
    0x39, 0xbe, 0x19, 0xbe, 0x19, 0xb6, 0xf8, 0xb5, 0xd8, 0xad, 0xd8, 0xa5,
    0xb8, 0x9d, 0xb9, 0x8d, 0x99, 0x7d, 0x7c, 0x4d, 0x5e, 0x15, 0x5f, 0x05,
    0x5f, 0x05, 0x5f, 0x05, 0x3f, 0x05, 0x16, 0x2c, 0x2f, 0x43, 0xec, 0x52,
    0xab, 0x5a, 0xaa, 0x5a, 0x8a, 0x5a, 0xaa, 0x5a, 0x8a, 0x5a, 0xaa, 0x5a,
    0x8a, 0x5a, 0xaa, 0x5a, 0x8a, 0x5a, 0xaa, 0x5a, 0x8a, 0x5a, 0xaa, 0x5a,
    0x8a, 0x5a, 0xaa, 0x5a, 0x8a, 0x5a, 0xaa, 0x5a, 0x8a, 0x5a, 0xaa, 0x5a,
    0x8a, 0x5a, 0xaa, 0x5a, 0x8a, 0x5a, 0x8a, 0x5a, 0xaa, 0x5a, 0x8a, 0x5a,
    0xaa, 0x5a, 0x8a, 0x5a, 0xaa, 0x5a, 0x8a, 0x5a, 0xaa, 0x5a, 0x8a, 0x5a,
    0xaa, 0x5a, 0x8a, 0x5a, 0xaa, 0x5a, 0x8a, 0x5a, 0xaa, 0x5a, 0x8a, 0x5a,
    0xaa, 0x5a, 0x8a, 0x5a, 0xaa, 0x5a, 0x8a, 0x5a, 0xab, 0x5a, 0xcc, 0x52,
    0x2f, 0x4b, 0x16, 0x2c, 0x5f, 0x05, 0x5f, 0x05, 0x5f, 0x05, 0x5f, 0x05,
    0xbe, 0x3d, 0x5c, 0x96, 0x7c, 0xae, 0x7b, 0xbe, 0x7a, 0xc6, 0x7a, 0xc6,
    0x5a, 0xc6, 0x59, 0xc6, 0x39, 0xc6, 0x39, 0xc6, 0x18, 0xbe, 0xf8, 0xbd,
    0xf8, 0xbd, 0xd8, 0xb5, 0xd7, 0xb5, 0xb7, 0xad, 0x97, 0xa5, 0x97, 0x9d,
    0x78, 0x8d, 0x79, 0x75, 0x5d, 0x2d, 0x5f, 0x05, 0x5f, 0x05, 0x5f, 0x05,
    0x5f, 0x05, 0x16, 0x2c, 0x2f, 0x4b, 0xcc, 0x52, 0xab, 0x5a, 0x8a, 0x5a,
    0xaa, 0x5a, 0x8a, 0x5a, 0xaa, 0x5a, 0x8a, 0x5a, 0xaa, 0x5a, 0x8a, 0x5a,
    0xaa, 0x5a, 0x8a, 0x5a, 0xaa, 0x5a, 0x8a, 0x5a, 0xaa, 0x5a, 0x8a, 0x5a,
    0xaa, 0x5a, 0x8a, 0x5a, 0xaa, 0x5a, 0x8a, 0x5a, 0xaa, 0x5a, 0x8a, 0x5a,
    0x8a, 0x5a, 0x8a, 0x5a, 0x8a, 0x5a, 0x8a, 0x5a, 0x8a, 0x5a, 0x8a, 0x5a,
    0x8a, 0x5a, 0x8a, 0x5a, 0x8a, 0x5a, 0x8a, 0x5a, 0x8a, 0x5a, 0x8a, 0x5a,
    0x8a, 0x5a, 0x8a, 0x5a, 0x8a, 0x5a, 0x8a, 0x5a, 0x8a, 0x5a, 0x8a, 0x5a,
    0x8a, 0x5a, 0xab, 0x52, 0x0e, 0x4b, 0xd4, 0x33, 0x3f, 0x05, 0x5f, 0x05,
    0x5f, 0x05, 0x5f, 0x05, 0xfe, 0x55, 0x5c, 0x9e, 0x7b, 0xb6, 0x7b, 0xc6,
    0x7a, 0xce, 0x7a, 0xce, 0x59, 0xce, 0x59, 0xc6, 0x39, 0xc6, 0x39, 0xc6,
    0x18, 0xbe, 0xf8, 0xbd, 0xf8, 0xbd, 0xd8, 0xb5, 0xd7, 0xb5, 0xb7, 0xb5,
    0x97, 0xad, 0x97, 0xad, 0x76, 0xa5, 0x77, 0x9d, 0x57, 0x8d, 0x58, 0x75,
    0x3b, 0x45, 0x5f, 0x05, 0x5f, 0x05, 0x5f, 0x05, 0x3f, 0x05, 0xd4, 0x33,
    0x0e, 0x4b, 0xab, 0x52, 0x8a, 0x5a, 0x8a, 0x5a, 0x8a, 0x5a, 0x8a, 0x5a,
    0x8a, 0x5a, 0x8a, 0x5a, 0x8a, 0x5a, 0x8a, 0x5a, 0x8a, 0x5a, 0x8a, 0x5a,
    0x8a, 0x5a, 0x8a, 0x5a, 0x8a, 0x5a, 0x8a, 0x5a, 0x8a, 0x5a, 0x8a, 0x5a,
    0x8a, 0x5a, 0x8a, 0x5a, 0x8a, 0x5a, 0x8a, 0x5a, 0x8a, 0x5a, 0x8a, 0x5a,
    0x8a, 0x5a, 0x8a, 0x5a, 0x8a, 0x5a, 0x8a, 0x5a, 0x8a, 0x5a, 0x8a, 0x5a,
    0x8a, 0x5a, 0x8a, 0x5a, 0x8a, 0x5a, 0x8a, 0x5a, 0x8a, 0x5a, 0x8a, 0x5a,
    0x8a, 0x5a, 0x8a, 0x5a, 0x8a, 0x5a, 0xab, 0x52, 0xed, 0x4a, 0x71, 0x3b,
    0x1d, 0x0d, 0x5f, 0x05, 0x5f, 0x05, 0x5f, 0x05, 0xfe, 0x65, 0x7c, 0xa6,
    0x9b, 0xbe, 0x9b, 0xce, 0x9a, 0xce, 0x7a, 0xce, 0x7a, 0xce, 0x59, 0xc6,
    0x39, 0xc6, 0x39, 0xc6, 0x18, 0xbe, 0xf8, 0xbd, 0xf8, 0xbd, 0xd8, 0xbd,
    0xd7, 0xb5, 0xb7, 0xb5, 0x97, 0xb5, 0x96, 0xad, 0x76, 0xad, 0x56, 0xad,
    0x56, 0xa5, 0x36, 0x9d, 0x36, 0x8d, 0x37, 0x7d, 0x3b, 0x45, 0x5f, 0x05,
    0x5f, 0x05, 0x5f, 0x05, 0x1d, 0x0d, 0x71, 0x3b, 0xed, 0x4a, 0xab, 0x52,
    0x8a, 0x5a, 0x8a, 0x5a, 0x8a, 0x5a, 0x8a, 0x5a, 0x8a, 0x5a, 0x8a, 0x5a,
    0x8a, 0x5a, 0x8a, 0x5a, 0x8a, 0x5a, 0x8a, 0x5a, 0x8a, 0x5a, 0x8a, 0x5a,
    0x8a, 0x5a, 0x8a, 0x5a, 0x8a, 0x5a, 0x8a, 0x5a, 0x8a, 0x5a, 0x8a, 0x5a,
    0x8a, 0x5a, 0x8a, 0x5a, 0x8a, 0x5a, 0x8a, 0x5a, 0x8a, 0x5a, 0x8a, 0x5a,
    0x8a, 0x5a, 0x8a, 0x5a, 0x8a, 0x5a, 0x8a, 0x5a, 0x8a, 0x5a, 0x8a, 0x5a,
    0x8a, 0x5a, 0x8a, 0x5a, 0x8a, 0x5a, 0x8a, 0x5a, 0x8a, 0x5a, 0x8a, 0x52,
    0xcc, 0x52, 0x2f, 0x43, 0x9a, 0x14, 0x5f, 0x05, 0x5f, 0x05, 0x5f, 0x05,
    0xfe, 0x55, 0x7c, 0xa6, 0x9b, 0xbe, 0x9a, 0xce, 0x9a, 0xce, 0x7a, 0xce,
    0x59, 0xce, 0x59, 0xc6, 0x39, 0xc6, 0x39, 0xc6, 0x18, 0xbe, 0xf8, 0xbd,
    0xf8, 0xbd, 0xd8, 0xb5, 0xd7, 0xb5, 0xb7, 0xb5, 0x97, 0xb5, 0x96, 0xad,
    0x76, 0xad, 0x76, 0xad, 0x56, 0xa5, 0x35, 0xa5, 0x35, 0xa5, 0x15, 0x9d,
    0x16, 0x8d, 0x17, 0x75, 0x3b, 0x3d, 0x5f, 0x05, 0x5f, 0x05, 0x5f, 0x05,
    0x9a, 0x14, 0x2f, 0x43, 0xcc, 0x52, 0x8a, 0x52, 0x8a, 0x5a, 0x8a, 0x5a,
    0x8a, 0x5a, 0x8a, 0x5a, 0x8a, 0x5a, 0x8a, 0x5a, 0x8a, 0x5a, 0x8a, 0x5a,
    0x8a, 0x5a, 0x8a, 0x5a, 0x8a, 0x5a, 0x8a, 0x5a, 0x8a, 0x5a, 0x8a, 0x5a,
    0x8a, 0x5a, 0x8a, 0x5a, 0x8a, 0x5a, 0x8a, 0x5a, 0x8a, 0x5a, 0x8a, 0x5a,
    0x8a, 0x5a, 0x8a, 0x5a, 0x8a, 0x5a, 0x8a, 0x5a, 0x8a, 0x5a, 0x8a, 0x5a,
    0x8a, 0x5a, 0x8a, 0x5a, 0x8a, 0x5a, 0x8a, 0x5a, 0x8a, 0x5a, 0x8a, 0x5a,
    0x8a, 0x5a, 0x8a, 0x5a, 0xab, 0x52, 0x0d, 0x4b, 0xf4, 0x2b, 0x5f, 0x05,
    0x5f, 0x05, 0x5f, 0x05, 0xbe, 0x3d, 0x5c, 0x9e, 0x9b, 0xbe, 0x9a, 0xce,
    0x9a, 0xce, 0x7a, 0xce, 0x7a, 0xce, 0x59, 0xc6, 0x39, 0xc6, 0x39, 0xc6,
    0x18, 0xbe, 0xf8, 0xbd, 0xf8, 0xbd, 0xd8, 0xbd, 0xd7, 0xb5, 0xb7, 0xb5,
    0xb7, 0xb5, 0x96, 0xad, 0x76, 0xad, 0x76, 0xad, 0x56, 0xa5, 0x35, 0xa5,
    0x35, 0xa5, 0x15, 0x9d, 0x15, 0x9d, 0xf5, 0x94, 0xf5, 0x84, 0xf7, 0x6c,
    0x3c, 0x2d, 0x5f, 0x05, 0x5f, 0x05, 0x5f, 0x05, 0xf4, 0x2b, 0x0d, 0x4b,
    0xab, 0x52, 0x8a, 0x5a, 0x8a, 0x5a, 0x8a, 0x5a, 0x8a, 0x5a, 0x8a, 0x5a,
    0x8a, 0x5a, 0x8a, 0x5a, 0x8a, 0x5a, 0x8a, 0x5a, 0x8a, 0x5a, 0x8a, 0x5a,
    0x8a, 0x5a, 0x8a, 0x5a, 0x8a, 0x5a, 0x8a, 0x5a, 0x8a, 0x5a, 0x8a, 0x5a,
    0x8a, 0x5a, 0x8a, 0x5a, 0x8a, 0x5a, 0x8a, 0x5a, 0x8a, 0x5a, 0x8a, 0x5a,
    0x8a, 0x5a, 0x8a, 0x5a, 0x8a, 0x5a, 0x8a, 0x5a, 0x8a, 0x5a, 0x8a, 0x5a,
    0x8a, 0x5a, 0x8a, 0x5a, 0x8a, 0x5a, 0x8a, 0x5a, 0x8a, 0x52, 0xcc, 0x52,
    0x4f, 0x43, 0xdb, 0x14, 0x5f, 0x05, 0x5f, 0x05, 0x7f, 0x1d, 0x5c, 0x96,
    0x7b, 0xb6, 0x9b, 0xc6, 0x7a, 0xce, 0x7a, 0xce, 0x59, 0xce, 0x59, 0xc6,
    0x39, 0xc6, 0x39, 0xc6, 0x18, 0xbe, 0xf8, 0xbd, 0xf8, 0xbd, 0xd8, 0xb5,
    0xd7, 0xb5, 0xb7, 0xb5, 0x97, 0xb5, 0x96, 0xad, 0x76, 0xad, 0x76, 0xad,
    0x56, 0xa5, 0x35, 0xa5, 0x35, 0xa5, 0x15, 0x9d, 0x15, 0x9d, 0xf4, 0x9c,
    0xd4, 0x94, 0xd4, 0x8c, 0xd5, 0x7c, 0xd7, 0x64, 0x3e, 0x0d, 0x5f, 0x05,
    0x5f, 0x05, 0xdb, 0x14, 0x4f, 0x43, 0xcc, 0x52, 0x8a, 0x52, 0x8a, 0x5a,
    0x8a, 0x5a, 0x8a, 0x5a, 0x8a, 0x5a, 0x8a, 0x5a, 0x8a, 0x5a, 0x8a, 0x5a,
    0x8a, 0x5a, 0x8a, 0x5a, 0x8a, 0x5a, 0x8a, 0x5a, 0x8a, 0x5a, 0x8a, 0x5a,
    0x8a, 0x5a, 0x8a, 0x5a, 0x8a, 0x5a, 0x8a, 0x5a, 0x8a, 0x5a, 0x8a, 0x5a,
    0x8a, 0x5a, 0x8a, 0x5a, 0x8a, 0x5a, 0x8a, 0x5a, 0x8a, 0x5a, 0x8a, 0x5a,
    0x8a, 0x5a, 0x8a, 0x5a, 0x8a, 0x5a, 0x8a, 0x5a, 0x8a, 0x5a, 0x8a, 0x5a,
    0x8a, 0x5a, 0xaa, 0x52, 0xed, 0x4a, 0xd4, 0x2b, 0x5f, 0x05, 0x5f, 0x05,
    0x5f, 0x05, 0xfd, 0x5d, 0x7c, 0xae, 0x7b, 0xc6, 0x9a, 0xce, 0x7a, 0xce,
    0x7a, 0xce, 0x59, 0xc6, 0x39, 0xc6, 0x39, 0xc6, 0x18, 0xbe, 0xf8, 0xbd,
    0xf8, 0xbd, 0xd8, 0xbd, 0xd7, 0xb5, 0xb7, 0xb5, 0xb7, 0xb5, 0x96, 0xad,
    0x76, 0xad, 0x76, 0xad, 0x56, 0xa5, 0x35, 0xa5, 0x35, 0xa5, 0x15, 0x9d,
    0x15, 0x9d, 0xf4, 0x9c, 0xf4, 0x94, 0xd4, 0x94, 0xd4, 0x94, 0xb4, 0x84,
    0xb5, 0x74, 0xfa, 0x3c, 0x5f, 0x05, 0x5f, 0x05, 0x5f, 0x05, 0xd4, 0x2b,
    0xed, 0x4a, 0xaa, 0x52, 0x8a, 0x5a, 0x8a, 0x5a, 0x8a, 0x5a, 0x8a, 0x5a,
    0x8a, 0x5a, 0x8a, 0x5a, 0x8a, 0x5a, 0x8a, 0x5a, 0x8a, 0x5a, 0x8a, 0x5a,
    0x8a, 0x5a, 0x8a, 0x5a, 0x8a, 0x5a, 0x8a, 0x5a, 0x8a, 0x5a, 0x8a, 0x5a,
    0x69, 0x52, 0x69, 0x5a, 0x69, 0x5a, 0x69, 0x5a, 0x69, 0x5a, 0x69, 0x5a,
    0x69, 0x5a, 0x69, 0x5a, 0x69, 0x52, 0x69, 0x5a, 0x69, 0x5a, 0x69, 0x5a,
    0x69, 0x5a, 0x69, 0x5a, 0x69, 0x5a, 0x8a, 0x52, 0xab, 0x52, 0x0e, 0x43,
    0x9a, 0x14, 0x5f, 0x05, 0x5f, 0x05, 0x7f, 0x1d, 0x5c, 0x96, 0x7b, 0xbe,
    0x7a, 0xce, 0x7a, 0xce, 0x59, 0xce, 0x59, 0xc6, 0x39, 0xc6, 0x39, 0xc6,
    0x18, 0xbe, 0xf8, 0xbd, 0xf8, 0xbd, 0xd8, 0xb5, 0xd7, 0xb5, 0xb7, 0xb5,
    0x97, 0xb5, 0x96, 0xad, 0x76, 0xad, 0x76, 0xad, 0x56, 0xa5, 0x35, 0xa5,
    0x35, 0xa5, 0x15, 0x9d, 0x15, 0x9d, 0xf4, 0x9c, 0xd4, 0x94, 0xd4, 0x94,
    0xb3, 0x94, 0x93, 0x8c, 0x93, 0x8c, 0x94, 0x7c, 0xb6, 0x5c, 0x3e, 0x15,
    0x5f, 0x05, 0x5f, 0x05, 0x9a, 0x14, 0x0e, 0x43, 0xab, 0x52, 0x8a, 0x52,
    0x69, 0x5a, 0x69, 0x5a, 0x69, 0x5a, 0x69, 0x5a, 0x69, 0x52, 0x69, 0x5a,
    0x69, 0x5a, 0x69, 0x5a, 0x69, 0x5a, 0x69, 0x5a, 0x69, 0x5a, 0x69, 0x5a,
    0x69, 0x52, 0x69, 0x5a, 0x69, 0x5a, 0x69, 0x5a, 0x69, 0x5a, 0x69, 0x5a,
    0x69, 0x5a, 0x69, 0x5a, 0x69, 0x5a, 0x69, 0x5a, 0x69, 0x5a, 0x69, 0x5a,
    0x69, 0x5a, 0x69, 0x5a, 0x69, 0x5a, 0x69, 0x5a, 0x69, 0x5a, 0x69, 0x5a,
    0x8a, 0x52, 0xcc, 0x4a, 0x50, 0x3b, 0x1e, 0x05, 0x5f, 0x05, 0x5f, 0x05,
    0xde, 0x4d, 0x5b, 0xa6, 0x7a, 0xc6, 0x7a, 0xce, 0x7a, 0xce, 0x59, 0xc6,
    0x39, 0xc6, 0x39, 0xc6, 0x18, 0xc6, 0xf8, 0xbd, 0xf8, 0xbd, 0xd8, 0xbd,
    0xd7, 0xb5, 0xb7, 0xb5, 0xb7, 0xb5, 0x96, 0xad, 0x76, 0xad, 0x76, 0xad,
    0x56, 0xa5, 0x35, 0xa5, 0x35, 0xa5, 0x15, 0x9d, 0x15, 0x9d, 0xf4, 0x9c,
    0xf4, 0x94, 0xd4, 0x94, 0xb4, 0x94, 0xb3, 0x94, 0x93, 0x8c, 0x73, 0x8c,
    0x73, 0x7c, 0x95, 0x6c, 0xfb, 0x2c, 0x5f, 0x05, 0x5f, 0x05, 0x1e, 0x05,
    0x50, 0x3b, 0xcc, 0x4a, 0x8a, 0x52, 0x69, 0x5a, 0x69, 0x5a, 0x69, 0x5a,
    0x69, 0x5a, 0x69, 0x5a, 0x69, 0x5a, 0x69, 0x5a, 0x69, 0x5a, 0x69, 0x5a,
    0x69, 0x5a, 0x69, 0x5a, 0x69, 0x5a, 0x69, 0x5a, 0x69, 0x5a, 0x69, 0x5a,
    0x69, 0x52, 0x69, 0x52, 0x69, 0x52, 0x69, 0x52, 0x69, 0x52, 0x69, 0x52,
    0x69, 0x52, 0x69, 0x52, 0x69, 0x52, 0x69, 0x52, 0x69, 0x52, 0x69, 0x52,
    0x69, 0x52, 0x69, 0x52, 0x69, 0x52, 0x8a, 0x52, 0xcc, 0x4a, 0xb3, 0x2b,
    0x5f, 0x05, 0x5f, 0x05, 0x5f, 0x05, 0x1c, 0x86, 0x5b, 0xb6, 0x7a, 0xc6,
    0x59, 0xce, 0x59, 0xc6, 0x39, 0xc6, 0x39, 0xc6, 0x18, 0xbe, 0xf8, 0xbd,
    0xf8, 0xbd, 0xd8, 0xb5, 0xd7, 0xb5, 0xb7, 0xb5, 0x97, 0xb5, 0x96, 0xad,
    0x76, 0xad, 0x76, 0xad, 0x56, 0xa5, 0x35, 0xa5, 0x35, 0xa5, 0x15, 0x9d,
    0x15, 0x9d, 0xf4, 0x9c, 0xd4, 0x94, 0xd4, 0x94, 0xb3, 0x94, 0xb3, 0x8c,
    0x93, 0x8c, 0x73, 0x8c, 0x52, 0x84, 0x53, 0x84, 0x74, 0x74, 0x97, 0x54,
    0x5f, 0x05, 0x5f, 0x05, 0x5f, 0x05, 0xb3, 0x2b, 0xcc, 0x4a, 0x8a, 0x52,
    0x69, 0x52, 0x69, 0x52, 0x69, 0x52, 0x69, 0x52, 0x69, 0x52, 0x69, 0x52,
    0x69, 0x52, 0x69, 0x52, 0x69, 0x52, 0x69, 0x52, 0x69, 0x52, 0x69, 0x52,
    0x69, 0x52, 0x69, 0x52, 0x69, 0x52, 0x69, 0x52, 0x69, 0x52, 0x69, 0x52,
    0x69, 0x52, 0x69, 0x52, 0x69, 0x52, 0x69, 0x52, 0x69, 0x52, 0x69, 0x52,
    0x69, 0x52, 0x69, 0x52, 0x69, 0x52, 0x69, 0x52, 0x69, 0x52, 0x69, 0x52,
    0x8a, 0x52, 0xed, 0x42, 0x57, 0x24, 0x5f, 0x05, 0x5f, 0x05, 0x7f, 0x1d,
    0x3c, 0x96, 0x5a, 0xbe, 0x5a, 0xc6, 0x59, 0xc6, 0x39, 0xc6, 0x39, 0xc6,
    0x18, 0xbe, 0xf8, 0xbd, 0xf8, 0xbd, 0xd8, 0xbd, 0xd7, 0xb5, 0xb7, 0xb5,
    0x97, 0xb5, 0x96, 0xad, 0x76, 0xad, 0x76, 0xad, 0x56, 0xa5, 0x35, 0xa5,
    0x35, 0xa5, 0x15, 0x9d, 0x15, 0x9d, 0xf4, 0x9c, 0xf4, 0x94, 0xd4, 0x94,
    0xb4, 0x94, 0xb3, 0x94, 0x93, 0x8c, 0x73, 0x8c, 0x72, 0x8c, 0x52, 0x84,
    0x52, 0x84, 0x53, 0x74, 0x75, 0x5c, 0x3e, 0x0d, 0x5f, 0x05, 0x5f, 0x05,
    0x57, 0x24, 0xed, 0x42, 0x8a, 0x52, 0x69, 0x52, 0x69, 0x52, 0x69, 0x52,
    0x69, 0x52, 0x69, 0x52, 0x69, 0x52, 0x69, 0x52, 0x69, 0x52, 0x69, 0x52,
    0x69, 0x52, 0x69, 0x52, 0x69, 0x52, 0x69, 0x52, 0x69, 0x52, 0x69, 0x52,
    0x69, 0x52, 0x69, 0x52, 0x69, 0x52, 0x69, 0x52, 0x69, 0x52, 0x69, 0x52,
    0x69, 0x52, 0x69, 0x52, 0x69, 0x52, 0x69, 0x52, 0x69, 0x52, 0x69, 0x52,
    0x69, 0x52, 0x69, 0x52, 0x69, 0x52, 0x8b, 0x52, 0x0e, 0x43, 0x9a, 0x14,
    0x5f, 0x05, 0x5f, 0x05, 0x9e, 0x35, 0x3b, 0x9e, 0x5a, 0xbe, 0x59, 0xc6,
    0x39, 0xc6, 0x39, 0xc6, 0x18, 0xbe, 0xf8, 0xbd, 0xf8, 0xbd, 0xd8, 0xb5,
    0xd7, 0xb5, 0xb7, 0xb5, 0x97, 0xb5, 0x96, 0xad, 0x76, 0xad, 0x76, 0xad,
    0x56, 0xa5, 0x35, 0xa5, 0x35, 0xa5, 0x15, 0x9d, 0x15, 0x9d, 0xf4, 0x9c,
    0xd4, 0x94, 0xd4, 0x94, 0xb3, 0x94, 0xb3, 0x8c, 0x93, 0x8c, 0x73, 0x8c,
    0x72, 0x8c, 0x52, 0x84, 0x52, 0x84, 0x32, 0x7c, 0x32, 0x74, 0x54, 0x5c,
    0x1c, 0x1d, 0x5f, 0x05, 0x5f, 0x05, 0x9a, 0x14, 0x0e, 0x43, 0x8b, 0x52,
    0x69, 0x52, 0x69, 0x52, 0x69, 0x52, 0x69, 0x52, 0x69, 0x52, 0x69, 0x52,
    0x69, 0x52, 0x69, 0x52, 0x69, 0x52, 0x69, 0x52, 0x69, 0x52, 0x69, 0x52,
    0x69, 0x52, 0x69, 0x52, 0x69, 0x52, 0x69, 0x52, 0x69, 0x52, 0x69, 0x52,
    0x69, 0x52, 0x69, 0x52, 0x69, 0x52, 0x69, 0x52, 0x69, 0x52, 0x69, 0x52,
    0x69, 0x52, 0x69, 0x52, 0x69, 0x52, 0x69, 0x52, 0x69, 0x52, 0x69, 0x52,
    0xab, 0x52, 0x2f, 0x43, 0xdc, 0x0c, 0x5f, 0x05, 0x5f, 0x05, 0xbe, 0x45,
    0x3b, 0xa6, 0x5a, 0xbe, 0x39, 0xc6, 0x39, 0xc6, 0x18, 0xbe, 0xf8, 0xbd,
    0xf8, 0xbd, 0xd8, 0xbd, 0xd7, 0xb5, 0xb7, 0xb5, 0xb7, 0xb5, 0x96, 0xad,
    0x76, 0xad, 0x76, 0xad, 0x56, 0xa5, 0x35, 0xa5, 0x35, 0xa5, 0x15, 0x9d,
    0x15, 0x9d, 0xf4, 0x9c, 0xf4, 0x94, 0xd4, 0x94, 0xb4, 0x94, 0xb3, 0x94,
    0x93, 0x8c, 0x73, 0x8c, 0x72, 0x8c, 0x52, 0x84, 0x52, 0x84, 0x32, 0x84,
    0x31, 0x7c, 0x32, 0x74, 0x54, 0x64, 0xda, 0x2c, 0x5f, 0x05, 0x5f, 0x05,
    0xdc, 0x0c, 0x2f, 0x43, 0xab, 0x52, 0x69, 0x52, 0x69, 0x52, 0x69, 0x52,
    0x69, 0x52, 0x69, 0x52, 0x69, 0x52, 0x69, 0x52, 0x69, 0x52, 0x69, 0x52,
    0x69, 0x52, 0x69, 0x52, 0x69, 0x52, 0x69, 0x52, 0x69, 0x52, 0x69, 0x52,
    0x69, 0x52, 0x69, 0x52, 0x69, 0x52, 0x69, 0x52, 0x69, 0x52, 0x69, 0x52,
    0x69, 0x52, 0x69, 0x52, 0x69, 0x52, 0x69, 0x52, 0x69, 0x52, 0x69, 0x52,
    0x69, 0x52, 0x69, 0x52, 0x69, 0x52, 0x8b, 0x4a, 0x2f, 0x3b, 0xfd, 0x0c,
    0x5f, 0x05, 0x5f, 0x05, 0xbd, 0x55, 0x1a, 0xa6, 0x39, 0xbe, 0x39, 0xbe,
    0x18, 0xbe, 0xf8, 0xbd, 0xf8, 0xbd, 0xd8, 0xb5, 0xd7, 0xb5, 0xb7, 0xb5,
    0x97, 0xb5, 0x96, 0xad, 0x76, 0xad, 0x76, 0xad, 0x56, 0xa5, 0x35, 0xa5,
    0x35, 0xa5, 0x15, 0x9d, 0x15, 0x9d, 0xf4, 0x9c, 0xd4, 0x94, 0xd4, 0x94,
    0xb3, 0x94, 0xb3, 0x8c, 0x93, 0x8c, 0x73, 0x8c, 0x72, 0x8c, 0x52, 0x84,
    0x52, 0x84, 0x32, 0x84, 0x11, 0x7c, 0x11, 0x7c, 0x11, 0x74, 0x33, 0x64,
    0xb9, 0x2c, 0x5f, 0x05, 0x5f, 0x05, 0xfd, 0x0c, 0x2f, 0x3b, 0x8b, 0x4a,
    0x69, 0x52, 0x69, 0x52, 0x69, 0x52, 0x69, 0x52, 0x69, 0x52, 0x69, 0x52,
    0x69, 0x52, 0x69, 0x52, 0x69, 0x52, 0x69, 0x52, 0x69, 0x52, 0x69, 0x52,
    0x69, 0x52, 0x69, 0x52, 0x69, 0x52, 0x69, 0x52, 0x69, 0x52, 0x69, 0x52,
    0x69, 0x52, 0x69, 0x52, 0x69, 0x52, 0x69, 0x52, 0x69, 0x52, 0x69, 0x52,
    0x69, 0x52, 0x69, 0x52, 0x69, 0x52, 0x69, 0x52, 0x69, 0x52, 0x69, 0x52,
    0x8b, 0x4a, 0x2f, 0x3b, 0x1d, 0x0d, 0x5f, 0x05, 0x5f, 0x05, 0xbd, 0x55,
    0x1a, 0xa6, 0x19, 0xbe, 0x18, 0xbe, 0xf8, 0xbd, 0xf8, 0xbd, 0xd8, 0xbd,
    0xd7, 0xb5, 0xb7, 0xb5, 0xb7, 0xb5, 0x96, 0xad, 0x76, 0xad, 0x76, 0xad,
    0x56, 0xa5, 0x35, 0xa5, 0x35, 0xa5, 0x15, 0x9d, 0x15, 0x9d, 0xf4, 0x9c,
    0xf4, 0x94, 0xd4, 0x94, 0xb4, 0x94, 0xb3, 0x94, 0x93, 0x8c, 0x73, 0x8c,
    0x72, 0x8c, 0x52, 0x84, 0x52, 0x84, 0x32, 0x84, 0x11, 0x7c, 0x11, 0x7c,
    0xf1, 0x7b, 0xf1, 0x73, 0x13, 0x64, 0xb9, 0x34, 0x5f, 0x05, 0x5f, 0x05,
    0x1d, 0x0d, 0x2f, 0x3b, 0x8b, 0x4a, 0x69, 0x52, 0x69, 0x52, 0x69, 0x52,
    0x69, 0x52, 0x69, 0x52, 0x69, 0x52, 0x69, 0x52, 0x69, 0x52, 0x69, 0x52,
    0x69, 0x52, 0x69, 0x52, 0x69, 0x52, 0x69, 0x52, 0x69, 0x52, 0x69, 0x52,
    0x49, 0x52, 0x49, 0x52, 0x49, 0x52, 0x49, 0x52, 0x49, 0x52, 0x49, 0x52,
    0x49, 0x52, 0x49, 0x52, 0x49, 0x52, 0x49, 0x52, 0x49, 0x52, 0x49, 0x52,
    0x49, 0x52, 0x49, 0x52, 0x69, 0x52, 0x8b, 0x4a, 0x2f, 0x3b, 0xfd, 0x0c,
    0x5f, 0x05, 0x5f, 0x05, 0xbd, 0x4d, 0xfa, 0x9d, 0x19, 0xb6, 0xf8, 0xbd,
    0xf8, 0xbd, 0xd8, 0xb5, 0xd7, 0xb5, 0xb7, 0xb5, 0x97, 0xb5, 0x96, 0xad,
    0x76, 0xad, 0x76, 0xad, 0x56, 0xa5, 0x35, 0xa5, 0x35, 0xa5, 0x15, 0x9d,
    0x15, 0x9d, 0xf4, 0x9c, 0xd4, 0x94, 0xd4, 0x94, 0xb3, 0x94, 0xb3, 0x8c,
    0x93, 0x8c, 0x73, 0x8c, 0x72, 0x8c, 0x52, 0x84, 0x52, 0x84, 0x32, 0x84,
    0x11, 0x7c, 0x11, 0x7c, 0xf1, 0x7b, 0xf1, 0x73, 0xd1, 0x6b, 0x13, 0x5c,
    0xb9, 0x2c, 0x5f, 0x05, 0x5f, 0x05, 0xfd, 0x0c, 0x2f, 0x3b, 0x8b, 0x4a,
    0x69, 0x52, 0x49, 0x52, 0x49, 0x52, 0x49, 0x52, 0x49, 0x52, 0x49, 0x52,
    0x49, 0x52, 0x49, 0x52, 0x49, 0x52, 0x49, 0x52, 0x49, 0x52, 0x49, 0x52,
    0x49, 0x52, 0x49, 0x52, 0x49, 0x52, 0x49, 0x52, 0x49, 0x52, 0x49, 0x52,
    0x49, 0x52, 0x49, 0x52, 0x49, 0x52, 0x49, 0x52, 0x49, 0x52, 0x49, 0x52,
    0x49, 0x52, 0x49, 0x52, 0x49, 0x52, 0x49, 0x52, 0x49, 0x52, 0x69, 0x52,
    0x8b, 0x4a, 0x0f, 0x43, 0xdc, 0x0c, 0x5f, 0x05, 0x5f, 0x05, 0x9d, 0x45,
    0xfa, 0x9d, 0xf9, 0xb5, 0xf8, 0xbd, 0xd8, 0xbd, 0xd7, 0xb5, 0xb7, 0xb5,
    0xb7, 0xb5, 0x96, 0xad, 0x76, 0xad, 0x76, 0xad, 0x56, 0xa5, 0x35, 0xa5,
    0x35, 0xa5, 0x15, 0x9d, 0x15, 0x9d, 0xf4, 0x9c, 0xf4, 0x94, 0xd4, 0x94,
    0xb4, 0x94, 0xb3, 0x94, 0x93, 0x8c, 0x73, 0x8c, 0x72, 0x8c, 0x52, 0x84,
    0x52, 0x84, 0x32, 0x84, 0x31, 0x7c, 0x11, 0x7c, 0xf1, 0x7b, 0xf0, 0x73,
    0xd0, 0x73, 0xd1, 0x6b, 0x13, 0x5c, 0xba, 0x24, 0x5f, 0x05, 0x5f, 0x05,
    0xdc, 0x0c, 0x0f, 0x43, 0x8b, 0x4a, 0x69, 0x52, 0x49, 0x52, 0x49, 0x52,
    0x49, 0x52, 0x49, 0x52, 0x49, 0x52, 0x49, 0x52, 0x49, 0x52, 0x49, 0x52,
    0x49, 0x52, 0x49, 0x52, 0x49, 0x52, 0x49, 0x52, 0x49, 0x52, 0x49, 0x52,
    0x49, 0x52, 0x49, 0x52, 0x49, 0x52, 0x49, 0x52, 0x49, 0x52, 0x49, 0x52,
    0x49, 0x52, 0x49, 0x52, 0x49, 0x52, 0x49, 0x52, 0x49, 0x52, 0x49, 0x52,
    0x49, 0x52, 0x49, 0x52, 0x49, 0x52, 0x8a, 0x4a, 0xee, 0x42, 0x9a, 0x14,
    0x5f, 0x05, 0x5f, 0x05, 0x9e, 0x2d, 0xda, 0x8d, 0xd8, 0xad, 0xd8, 0xb5,
    0xd7, 0xb5, 0xb7, 0xb5, 0x97, 0xb5, 0x96, 0xad, 0x76, 0xad, 0x76, 0xad,
    0x56, 0xa5, 0x35, 0xa5, 0x35, 0xa5, 0x15, 0x9d, 0x15, 0x9d, 0xf4, 0x9c,
    0xd4, 0x94, 0xd4, 0x94, 0xb3, 0x94, 0xb3, 0x8c, 0x93, 0x8c, 0x73, 0x8c,
    0x72, 0x8c, 0x52, 0x84, 0x52, 0x84, 0x32, 0x84, 0x11, 0x7c, 0x11, 0x7c,
    0xf1, 0x7b, 0xf0, 0x73, 0xd0, 0x73, 0xb0, 0x73, 0xd1, 0x63, 0x13, 0x54,
    0xfc, 0x1c, 0x5f, 0x05, 0x5f, 0x05, 0x9a, 0x14, 0xee, 0x42, 0x8a, 0x4a,
    0x49, 0x52, 0x49, 0x52, 0x49, 0x52, 0x49, 0x52, 0x49, 0x52, 0x49, 0x52,
    0x49, 0x52, 0x49, 0x52, 0x49, 0x52, 0x49, 0x52, 0x49, 0x52, 0x49, 0x52,
    0x49, 0x52, 0x49, 0x52, 0x49, 0x52, 0x49, 0x52, 0x49, 0x52, 0x49, 0x52,
    0x49, 0x52, 0x49, 0x52, 0x49, 0x52, 0x49, 0x52, 0x49, 0x52, 0x49, 0x52,
    0x49, 0x52, 0x49, 0x52, 0x49, 0x52, 0x49, 0x52, 0x49, 0x52, 0x49, 0x52,
    0x6a, 0x52, 0xcd, 0x42, 0x37, 0x1c, 0x5f, 0x05, 0x5f, 0x05, 0x7f, 0x1d,
    0xda, 0x85, 0xd8, 0xa5, 0xd7, 0xb5, 0xb7, 0xb5, 0x97, 0xb5, 0x96, 0xad,
    0x76, 0xad, 0x76, 0xad, 0x56, 0xa5, 0x35, 0xa5, 0x35, 0xa5, 0x15, 0x9d,
    0x15, 0x9d, 0xf4, 0x9c, 0xf4, 0x94, 0xd4, 0x94, 0xb4, 0x94, 0xb3, 0x94,
    0x93, 0x8c, 0x73, 0x8c, 0x72, 0x8c, 0x52, 0x84, 0x52, 0x84, 0x32, 0x84,
    0x11, 0x7c, 0x11, 0x7c, 0xf1, 0x7b, 0xf0, 0x73, 0xd0, 0x73, 0xb0, 0x73,
    0xb0, 0x6b, 0xd1, 0x63, 0x14, 0x4c, 0x1d, 0x0d, 0x5f, 0x05, 0x5f, 0x05,
    0x37, 0x1c, 0xcd, 0x42, 0x6a, 0x52, 0x49, 0x52, 0x49, 0x52, 0x49, 0x52,
    0x49, 0x52, 0x49, 0x52, 0x49, 0x52, 0x49, 0x52, 0x49, 0x52, 0x49, 0x52,
    0x49, 0x52, 0x49, 0x52, 0x49, 0x52, 0x49, 0x52, 0x49, 0x52, 0x49, 0x52,
    0x49, 0x52, 0x49, 0x52, 0x49, 0x52, 0x49, 0x52, 0x49, 0x52, 0x49, 0x52,
    0x49, 0x52, 0x49, 0x52, 0x49, 0x52, 0x49, 0x52, 0x49, 0x52, 0x49, 0x52,
    0x49, 0x52, 0x49, 0x52, 0x49, 0x52, 0x69, 0x52, 0xac, 0x42, 0xb3, 0x2b,
    0x5f, 0x05, 0x5f, 0x05, 0x5f, 0x05, 0xba, 0x75, 0xb8, 0x9d, 0xb7, 0xad,
    0x97, 0xad, 0x96, 0xad, 0x76, 0xad, 0x76, 0xad, 0x56, 0xa5, 0x35, 0xa5,
    0x35, 0xa5, 0x15, 0x9d, 0x15, 0x9d, 0xf4, 0x9c, 0xd4, 0x94, 0xd4, 0x94,
    0xb3, 0x94, 0xb3, 0x8c, 0x93, 0x8c, 0x73, 0x8c, 0x72, 0x8c, 0x52, 0x84,
    0x52, 0x84, 0x32, 0x84, 0x11, 0x7c, 0x11, 0x7c, 0xf1, 0x7b, 0xf0, 0x73,
    0xd0, 0x73, 0xb0, 0x73, 0xb0, 0x6b, 0xb0, 0x6b, 0xd1, 0x5b, 0x15, 0x44,
    0x5f, 0x05, 0x5f, 0x05, 0x5f, 0x05, 0xb3, 0x2b, 0xac, 0x4a, 0x69, 0x52,
    0x49, 0x52, 0x49, 0x52, 0x49, 0x52, 0x49, 0x52, 0x49, 0x52, 0x49, 0x52,
    0x49, 0x52, 0x49, 0x52, 0x49, 0x52, 0x49, 0x52, 0x49, 0x52, 0x49, 0x52,
    0x49, 0x52, 0x49, 0x52, 0x49, 0x52, 0x49, 0x52, 0x49, 0x52, 0x49, 0x52,
    0x49, 0x52, 0x49, 0x52, 0x49, 0x52, 0x49, 0x52, 0x49, 0x52, 0x49, 0x52,
    0x49, 0x52, 0x49, 0x52, 0x49, 0x52, 0x49, 0x52, 0x49, 0x52, 0x49, 0x52,
    0x49, 0x52, 0x8b, 0x4a, 0x2f, 0x3b, 0x1e, 0x05, 0x5f, 0x05, 0x5f, 0x05,
    0x7d, 0x45, 0xb9, 0x8d, 0x97, 0xa5, 0x97, 0xad, 0x76, 0xad, 0x76, 0xad,
    0x56, 0xa5, 0x35, 0xa5, 0x35, 0xa5, 0x15, 0x9d, 0x15, 0x9d, 0xf4, 0x9c,
    0xf4, 0x94, 0xd4, 0x94, 0xb4, 0x94, 0xb3, 0x94, 0x93, 0x8c, 0x73, 0x8c,
    0x72, 0x8c, 0x52, 0x84, 0x52, 0x84, 0x32, 0x84, 0x31, 0x7c, 0x11, 0x7c,
    0xf1, 0x7b, 0xf0, 0x73, 0xd0, 0x73, 0xb0, 0x73, 0xb0, 0x6b, 0x90, 0x6b,
    0x90, 0x63, 0xd2, 0x53, 0x99, 0x24, 0x5f, 0x05, 0x5f, 0x05, 0x1e, 0x05,
    0x2f, 0x3b, 0x8b, 0x4a, 0x49, 0x52, 0x49, 0x52, 0x49, 0x52, 0x49, 0x52,
    0x49, 0x52, 0x49, 0x52, 0x49, 0x52, 0x49, 0x52, 0x49, 0x52, 0x49, 0x52,
    0x49, 0x52, 0x49, 0x52, 0x49, 0x52, 0x49, 0x52, 0x49, 0x52, 0x49, 0x52,
    0x28, 0x52, 0x28, 0x52, 0x28, 0x52, 0x49, 0x52, 0x28, 0x52, 0x28, 0x52,
    0x28, 0x52, 0x49, 0x52, 0x28, 0x52, 0x28, 0x52, 0x28, 0x52, 0x49, 0x52,
    0x28, 0x52, 0x28, 0x52, 0x28, 0x52, 0x49, 0x52, 0x6a, 0x4a, 0xee, 0x42,
    0x99, 0x14, 0x5f, 0x05, 0x5f, 0x05, 0x5e, 0x15, 0x99, 0x7d, 0x97, 0x9d,
    0x76, 0xa5, 0x56, 0xa5, 0x56, 0xa5, 0x35, 0xa5, 0x35, 0xa5, 0x15, 0x9d,
    0x15, 0x9d, 0xf4, 0x9c, 0xd4, 0x94, 0xd4, 0x94, 0xb3, 0x94, 0xb3, 0x8c,
    0x93, 0x8c, 0x73, 0x8c, 0x72, 0x8c, 0x52, 0x84, 0x52, 0x84, 0x32, 0x84,
    0x11, 0x7c, 0x11, 0x7c, 0xf1, 0x7b, 0xf0, 0x73, 0xd0, 0x73, 0xb0, 0x73,
    0xb0, 0x6b, 0x8f, 0x6b, 0x90, 0x63, 0xb1, 0x5b, 0xf4, 0x43, 0x1d, 0x0d,
    0x5f, 0x05, 0x5f, 0x05, 0x99, 0x14, 0xee, 0x42, 0x6a, 0x4a, 0x49, 0x52,
    0x28, 0x52, 0x28, 0x52, 0x28, 0x52, 0x49, 0x52, 0x28, 0x52, 0x28, 0x52,
    0x28, 0x52, 0x49, 0x52, 0x28, 0x52, 0x28, 0x52, 0x28, 0x52, 0x49, 0x52,
    0x28, 0x52, 0x28, 0x52, 0x28, 0x52, 0x28, 0x52, 0x28, 0x52, 0x28, 0x52,
    0x28, 0x52, 0x28, 0x52, 0x28, 0x52, 0x28, 0x52, 0x28, 0x52, 0x28, 0x52,
    0x28, 0x52, 0x28, 0x52, 0x28, 0x52, 0x28, 0x52, 0x28, 0x52, 0x28, 0x52,
    0x49, 0x52, 0x49, 0x52, 0xac, 0x42, 0xb3, 0x2b, 0x5f, 0x05, 0x5f, 0x05,
    0x5f, 0x05, 0x7c, 0x4d, 0x78, 0x8d, 0x77, 0x9d, 0x56, 0xa5, 0x35, 0xa5,
    0x35, 0xa5, 0x15, 0x9d, 0x15, 0x9d, 0xf4, 0x9c, 0xf4, 0x94, 0xd4, 0x94,
    0xb4, 0x94, 0xb3, 0x94, 0x93, 0x8c, 0x73, 0x8c, 0x72, 0x8c, 0x52, 0x84,
    0x52, 0x84, 0x32, 0x84, 0x11, 0x7c, 0x11, 0x7c, 0xf1, 0x7b, 0xf0, 0x73,
    0xd0, 0x73, 0xb0, 0x73, 0xb0, 0x6b, 0x8f, 0x6b, 0x8f, 0x6b, 0x90, 0x63,
    0xd2, 0x53, 0x78, 0x2c, 0x5f, 0x05, 0x5f, 0x05, 0x5f, 0x05, 0xb3, 0x2b,
    0xac, 0x42, 0x49, 0x52, 0x49, 0x52, 0x28, 0x52, 0x28, 0x52, 0x28, 0x52,
    0x28, 0x52, 0x28, 0x52, 0x28, 0x52, 0x28, 0x52, 0x28, 0x52, 0x28, 0x52,
    0x28, 0x52, 0x28, 0x52, 0x28, 0x52, 0x28, 0x52, 0x28, 0x52, 0x28, 0x52,
    0x28, 0x52, 0x28, 0x52, 0x28, 0x52, 0x28, 0x52, 0x28, 0x52, 0x28, 0x52,
    0x28, 0x52, 0x28, 0x52, 0x28, 0x52, 0x28, 0x52, 0x28, 0x52, 0x28, 0x52,
    0x28, 0x52, 0x28, 0x52, 0x28, 0x52, 0x29, 0x52, 0x49, 0x52, 0x6a, 0x4a,
    0x0e, 0x3b, 0xdb, 0x0c, 0x5f, 0x05, 0x5f, 0x05, 0x5e, 0x15, 0x79, 0x75,
    0x57, 0x8d, 0x36, 0x9d, 0x35, 0x9d, 0x15, 0x9d, 0x15, 0x9d, 0xf4, 0x9c,
    0xd4, 0x94, 0xd4, 0x94, 0xb3, 0x94, 0xb3, 0x8c, 0x93, 0x8c, 0x73, 0x8c,
    0x72, 0x8c, 0x52, 0x84, 0x52, 0x84, 0x32, 0x84, 0x11, 0x7c, 0x11, 0x7c,
    0xf1, 0x7b, 0xf0, 0x73, 0xd0, 0x73, 0xb0, 0x73, 0xb0, 0x6b, 0x8f, 0x6b,
    0x8f, 0x6b, 0x90, 0x63, 0xb1, 0x53, 0xf4, 0x43, 0x1e, 0x0d, 0x5f, 0x05,
    0x5f, 0x05, 0xdb, 0x0c, 0x0e, 0x3b, 0x6a, 0x4a, 0x49, 0x52, 0x29, 0x52,
    0x28, 0x52, 0x28, 0x52, 0x28, 0x52, 0x28, 0x52, 0x28, 0x52, 0x28, 0x52,
    0x28, 0x52, 0x28, 0x52, 0x28, 0x52, 0x28, 0x52, 0x28, 0x52, 0x28, 0x52,
    0x28, 0x52, 0x28, 0x52, 0x28, 0x52, 0x28, 0x52, 0x28, 0x52, 0x28, 0x52,
    0x28, 0x52, 0x28, 0x52, 0x28, 0x52, 0x28, 0x52, 0x28, 0x52, 0x28, 0x52,
    0x28, 0x52, 0x28, 0x52, 0x28, 0x52, 0x28, 0x52, 0x28, 0x52, 0x28, 0x52,
    0x28, 0x52, 0x28, 0x52, 0x49, 0x4a, 0xac, 0x42, 0xb4, 0x2b, 0x5f, 0x05,
    0x5f, 0x05, 0x5f, 0x05, 0x5d, 0x2d, 0x58, 0x7d, 0x36, 0x8d, 0x35, 0x9d,
    0x15, 0x9d, 0xf4, 0x9c, 0xf4, 0x94, 0xd4, 0x94, 0xb4, 0x94, 0xb3, 0x94,
    0x93, 0x8c, 0x73, 0x8c, 0x72, 0x8c, 0x52, 0x84, 0x52, 0x84, 0x32, 0x84,
    0x31, 0x7c, 0x11, 0x7c, 0xf1, 0x7b, 0xf0, 0x73, 0xd0, 0x73, 0xb0, 0x73,
    0xb0, 0x6b, 0x8f, 0x6b, 0x8f, 0x6b, 0x8f, 0x63, 0x90, 0x5b, 0xd3, 0x4b,
    0xbb, 0x1c, 0x5f, 0x05, 0x5f, 0x05, 0x5f, 0x05, 0xb4, 0x2b, 0xac, 0x42,
    0x49, 0x4a, 0x28, 0x52, 0x28, 0x52, 0x28, 0x52, 0x28, 0x52, 0x28, 0x52,
    0x28, 0x52, 0x28, 0x52, 0x28, 0x52, 0x28, 0x52, 0x28, 0x52, 0x28, 0x52,
    0x28, 0x52, 0x28, 0x52, 0x28, 0x52, 0x28, 0x52, 0x28, 0x52, 0x28, 0x52,
    0x28, 0x52, 0x28, 0x52, 0x28, 0x52, 0x28, 0x52, 0x28, 0x52, 0x28, 0x52,
    0x28, 0x52, 0x28, 0x52, 0x28, 0x52, 0x28, 0x52, 0x28, 0x52, 0x28, 0x52,
    0x28, 0x52, 0x6a, 0x72, 0xcb, 0x9a, 0x0c, 0xbb, 0x0c, 0xbb, 0x0c, 0xbb,
    0x4e, 0xe3, 0xee, 0x3a, 0x79, 0x14, 0x5f, 0x05, 0x5f, 0x05, 0x5f, 0x05,
    0x3b, 0x45, 0x37, 0x7d, 0x16, 0x8d, 0xf5, 0x94, 0xd4, 0x94, 0xd4, 0x94,
    0xb3, 0x94, 0xb3, 0x8c, 0x93, 0x8c, 0x73, 0x8c, 0x72, 0x8c, 0x52, 0x84,
    0x52, 0x84, 0x32, 0x84, 0x11, 0x7c, 0x11, 0x7c, 0xf1, 0x7b, 0xf0, 0x73,
    0xd0, 0x73, 0xb0, 0x73, 0xb0, 0x6b, 0x8f, 0x6b, 0x8f, 0x6b, 0x6f, 0x63,
    0x90, 0x5b, 0xd2, 0x4b, 0x78, 0x24, 0x5f, 0x05, 0x5f, 0x05, 0x5f, 0x05,
    0x79, 0x14, 0x0e, 0x63, 0x4e, 0xe3, 0x4e, 0xe3, 0x0c, 0xbb, 0xcb, 0x9a,
    0xcb, 0x9a, 0xcb, 0x9a, 0x28, 0x52, 0x28, 0x52, 0x28, 0x52, 0x28, 0x52,
    0x28, 0x52, 0x28, 0x52, 0x28, 0x52, 0x28, 0x52, 0x28, 0x52, 0x28, 0x52,
    0x28, 0x52, 0x28, 0x52, 0x28, 0x52, 0x28, 0x52, 0x28, 0x52, 0x28, 0x52,
    0x28, 0x52, 0x28, 0x52, 0x28, 0x52, 0x28, 0x52, 0x28, 0x52, 0x28, 0x52,
    0x28, 0x52, 0x28, 0x52, 0x28, 0x52, 0x28, 0x52, 0xcb, 0x9a, 0x4e, 0xe3,
    0x4e, 0xe3, 0x4e, 0xe3, 0x4e, 0xe3, 0xcb, 0x9a, 0x8b, 0x42, 0x2f, 0x3b,
    0xfd, 0x0c, 0x5f, 0x05, 0x5f, 0x05, 0x5f, 0x05, 0x3b, 0x45, 0x17, 0x75,
    0xf5, 0x84, 0xd4, 0x8c, 0xd4, 0x94, 0x93, 0x8c, 0x93, 0x8c, 0x73, 0x8c,
    0x72, 0x8c, 0x52, 0x84, 0x52, 0x84, 0x32, 0x84, 0x11, 0x7c, 0x11, 0x7c,
    0xf1, 0x7b, 0xf0, 0x73, 0xd0, 0x73, 0xb0, 0x73, 0xb0, 0x6b, 0x8f, 0x6b,
    0x8f, 0x6b, 0x90, 0x63, 0x90, 0x5b, 0xd2, 0x4b, 0x78, 0x2c, 0x5f, 0x05,
    0x5f, 0x05, 0x5f, 0x05, 0xfd, 0x0c, 0x2f, 0x3b, 0x8b, 0x42, 0x8a, 0x72,
    0x4e, 0xe3, 0x4e, 0xe3, 0x4e, 0xe3, 0x4e, 0xe3, 0xcb, 0x9a, 0x28, 0x52,
    0x28, 0x52, 0x28, 0x52, 0x28, 0x52, 0x28, 0x52, 0x28, 0x52, 0x28, 0x52,
    0x28, 0x52, 0x28, 0x52, 0x28, 0x52, 0x28, 0x52, 0x28, 0x52, 0x28, 0x52,
    0x28, 0x52, 0x28, 0x52, 0x28, 0x52, 0x28, 0x52, 0x28, 0x52, 0x28, 0x52,
    0x28, 0x52, 0x28, 0x52, 0x28, 0x52, 0x28, 0x52, 0x28, 0x52, 0x28, 0x52,
    0x28, 0x52, 0x28, 0x52, 0x0c, 0xbb, 0x4e, 0xe3, 0x4e, 0xe3, 0xcb, 0x9a,
    0x28, 0x52, 0x49, 0x4a, 0xac, 0x42, 0x93, 0x2b, 0x3f, 0x05, 0x5f, 0x05,
    0x5f, 0x05, 0x5f, 0x05, 0x3b, 0x3d, 0xf7, 0x6c, 0xd5, 0x7c, 0xb4, 0x84,
    0x93, 0x8c, 0x73, 0x8c, 0x52, 0x84, 0x52, 0x84, 0x52, 0x84, 0x32, 0x84,
    0x11, 0x7c, 0x11, 0x7c, 0xf1, 0x7b, 0xf0, 0x73, 0xd0, 0x73, 0xb0, 0x73,
    0xb0, 0x6b, 0x90, 0x6b, 0x90, 0x63, 0x90, 0x63, 0xb1, 0x53, 0xd3, 0x43,
    0x78, 0x24, 0x5f, 0x05, 0x5f, 0x05, 0x5f, 0x05, 0x3f, 0x05, 0x93, 0x2b,
    0xac, 0x42, 0x49, 0x4a, 0x28, 0x52, 0xcb, 0x9a, 0x4e, 0xe3, 0x4e, 0xe3,
    0x4e, 0xe3, 0x28, 0x52, 0x28, 0x52, 0x28, 0x52, 0x28, 0x52, 0x28, 0x52,
    0x28, 0x52, 0x28, 0x52, 0x28, 0x52, 0x28, 0x52, 0x28, 0x52, 0x28, 0x52,
    0x28, 0x52, 0x28, 0x52, 0x28, 0x52, 0x28, 0x52, 0x28, 0x52, 0x28, 0x52,
    0x28, 0x52, 0x28, 0x52, 0x28, 0x52, 0x28, 0x52, 0x28, 0x52, 0x28, 0x52,
    0x28, 0x52, 0x28, 0x52, 0x28, 0x52, 0x28, 0x52, 0x28, 0x52, 0x69, 0x72,
    0x4e, 0xe3, 0xcb, 0x9a, 0x28, 0x52, 0x28, 0x52, 0x29, 0x4a, 0x6a, 0x4a,
    0xcd, 0x42, 0xf5, 0x23, 0x5f, 0x05, 0x5f, 0x05, 0x5f, 0x05, 0x5f, 0x05,
    0x3c, 0x2d, 0xd7, 0x64, 0xb5, 0x74, 0x94, 0x7c, 0x73, 0x7c, 0x72, 0x84,
    0x52, 0x84, 0x32, 0x7c, 0x31, 0x7c, 0x11, 0x7c, 0xf1, 0x7b, 0xf1, 0x73,
    0xd0, 0x73, 0xb0, 0x73, 0xb0, 0x6b, 0xb0, 0x6b, 0x90, 0x63, 0xb1, 0x5b,
    0xd2, 0x53, 0xf4, 0x43, 0xbb, 0x1c, 0x5f, 0x05, 0x5f, 0x05, 0x5f, 0x05,
    0x5f, 0x05, 0xf5, 0x23, 0xcd, 0x42, 0x6a, 0x4a, 0x29, 0x4a, 0x28, 0x52,
    0x28, 0x52, 0x0c, 0xbb, 0x4e, 0xe3, 0xcb, 0x9a, 0x28, 0x52, 0x28, 0x52,
    0x28, 0x52, 0x28, 0x52, 0x28, 0x52, 0x28, 0x52, 0x28, 0x52, 0x28, 0x52,
    0x28, 0x52, 0x28, 0x52, 0x28, 0x52, 0x28, 0x52, 0x28, 0x52, 0x28, 0x52,
    0x08, 0x52, 0x08, 0x52, 0x08, 0x52, 0x08, 0x52, 0x08, 0x52, 0x08, 0x52,
    0x08, 0x52, 0x08, 0x52, 0x08, 0x52, 0x08, 0x52, 0x08, 0x52, 0x08, 0x52,
    0x08, 0x52, 0x08, 0x52, 0x08, 0x52, 0x0c, 0xbb, 0x08, 0x52, 0x08, 0x52,
    0x08, 0x52, 0x28, 0x4a, 0x29, 0x4a, 0x6a, 0x4a, 0xcd, 0x3a, 0xd5, 0x23,
    0x3f, 0x05, 0x5f, 0x05, 0x5f, 0x05, 0x5f, 0x05, 0x3e, 0x0d, 0xfa, 0x3c,
    0xb6, 0x5c, 0x95, 0x6c, 0x74, 0x74, 0x53, 0x74, 0x32, 0x74, 0x32, 0x74,
    0x11, 0x74, 0xf1, 0x73, 0xd1, 0x6b, 0xd1, 0x6b, 0xd1, 0x63, 0xd1, 0x63,
    0xd1, 0x5b, 0xd2, 0x53, 0xf4, 0x43, 0x78, 0x2c, 0x1e, 0x0d, 0x5f, 0x05,
    0x5f, 0x05, 0x5f, 0x05, 0x3f, 0x05, 0xd5, 0x23, 0xcd, 0x3a, 0x6a, 0x4a,
    0x29, 0x4a, 0x28, 0x4a, 0x08, 0x52, 0x08, 0x52, 0x08, 0x52, 0xab, 0x9a,
    0x08, 0x52, 0x08, 0x52, 0x08, 0x52, 0x08, 0x52, 0x08, 0x52, 0x08, 0x52,
    0x08, 0x52, 0x08, 0x52, 0x08, 0x52, 0x08, 0x52, 0x08, 0x52, 0x08, 0x52,
    0x08, 0x52, 0x08, 0x52, 0x08, 0x52, 0x08, 0x52, 0x08, 0x52, 0x08, 0x52,
    0x08, 0x52, 0x08, 0x52, 0x08, 0x52, 0x08, 0x52, 0x08, 0x52, 0x08, 0x52,
    0x08, 0x52, 0x08, 0x52, 0x08, 0x52, 0x08, 0x52, 0x08, 0x52, 0x08, 0x52,
    0x08, 0x52, 0x08, 0x52, 0x08, 0x52, 0x08, 0x52, 0x08, 0x52, 0x28, 0x4a,
    0x29, 0x4a, 0x6a, 0x4a, 0xcd, 0x42, 0x93, 0x2b, 0xfd, 0x0c, 0x5f, 0x05,
    0x5f, 0x05, 0x5f, 0x05, 0x5f, 0x05, 0x3e, 0x15, 0xfb, 0x2c, 0x97, 0x54,
    0x75, 0x5c, 0x55, 0x5c, 0x54, 0x64, 0x33, 0x64, 0x13, 0x64, 0x13, 0x5c,
    0x13, 0x5c, 0x13, 0x54, 0x14, 0x4c, 0x35, 0x44, 0x99, 0x24, 0x1d, 0x0d,
    0x5f, 0x05, 0x5f, 0x05, 0x5f, 0x05, 0x5f, 0x05, 0xfd, 0x0c, 0x93, 0x2b,
    0xcd, 0x42, 0x6a, 0x4a, 0x29, 0x4a, 0x28, 0x4a, 0x08, 0x52, 0x08, 0x52,
    0x08, 0x52, 0x08, 0x52, 0x08, 0x52, 0x08, 0x52, 0x08, 0x52, 0x08, 0x52,
    0x08, 0x52, 0x08, 0x52, 0x08, 0x52, 0x08, 0x52, 0x08, 0x52, 0x08, 0x52,
    0x08, 0x52, 0x08, 0x52, 0x08, 0x52, 0x08, 0x52, 0x08, 0x52, 0x08, 0x52,
    0x08, 0x4a, 0x08, 0x52, 0x08, 0x52, 0x08, 0x52, 0x08, 0x52, 0x08, 0x52,
    0x08, 0x52, 0x08, 0x52, 0x08, 0x4a, 0x08, 0x52, 0x08, 0x52, 0x08, 0x52,
    0x08, 0x52, 0x08, 0x52, 0x08, 0x52, 0x08, 0x52, 0x08, 0x4a, 0x08, 0x52,
    0x08, 0x52, 0x08, 0x52, 0x08, 0x52, 0x08, 0x4a, 0x28, 0x4a, 0x4a, 0x4a,
    0xac, 0x42, 0x0f, 0x33, 0x79, 0x14, 0x5f, 0x05, 0x5f, 0x05, 0x5f, 0x05,
    0x5f, 0x05, 0x5f, 0x05, 0x5f, 0x05, 0x3e, 0x0d, 0x1c, 0x1d, 0xda, 0x2c,
    0xb9, 0x2c, 0xb9, 0x34, 0xb9, 0x2c, 0xba, 0x24, 0xfc, 0x1c, 0x1d, 0x0d,
    0x5f, 0x05, 0x5f, 0x05, 0x5f, 0x05, 0x5f, 0x05, 0x5f, 0x05, 0x5f, 0x05,
    0x79, 0x14, 0x0f, 0x33, 0xac, 0x42, 0x4a, 0x4a, 0x28, 0x4a, 0x08, 0x4a,
    0x08, 0x52, 0x08, 0x52, 0x08, 0x4a, 0x08, 0x52, 0x08, 0x52, 0x08, 0x52,
    0x08, 0x52, 0x08, 0x52, 0x08, 0x52, 0x08, 0x52, 0x08, 0x4a, 0x08, 0x52,
    0x08, 0x52, 0x08, 0x52, 0x08, 0x52, 0x08, 0x52, 0x08, 0x52, 0x08, 0x52,
    0x08, 0x4a, 0x08, 0x52, 0x08, 0x52, 0x08, 0x52, 0x08, 0x52, 0x08, 0x52,
    0x08, 0x52, 0x08, 0x52, 0x08, 0x52, 0x08, 0x52, 0x08, 0x52, 0x08, 0x52,
    0x08, 0x52, 0x08, 0x52, 0x08, 0x52, 0x08, 0x52, 0x08, 0x52, 0x08, 0x52,
    0x08, 0x52, 0x08, 0x52, 0x08, 0x52, 0x08, 0x52, 0x08, 0x52, 0x08, 0x52,
    0x08, 0x52, 0x08, 0x4a, 0x28, 0x4a, 0x49, 0x4a, 0x8b, 0x42, 0xce, 0x3a,
    0xb3, 0x2b, 0xbb, 0x0c, 0x5f, 0x05, 0x5f, 0x05, 0x5f, 0x05, 0x5f, 0x05,
    0x5f, 0x05, 0x5f, 0x05, 0x5f, 0x05, 0x5f, 0x05, 0x5f, 0x05, 0x5f, 0x05,
    0x5f, 0x05, 0x5f, 0x05, 0x5f, 0x05, 0x5f, 0x05, 0x5f, 0x05, 0x5f, 0x05,
    0x5f, 0x05, 0xbb, 0x0c, 0xb3, 0x2b, 0xce, 0x3a, 0x8b, 0x42, 0x49, 0x4a,
    0x28, 0x4a, 0x08, 0x4a, 0x08, 0x52, 0x08, 0x52, 0x08, 0x52, 0x08, 0x52,
    0x08, 0x52, 0x08, 0x52, 0x08, 0x52, 0x08, 0x52, 0x08, 0x52, 0x08, 0x52,
    0x08, 0x52, 0x08, 0x52, 0x08, 0x52, 0x08, 0x52, 0x08, 0x52, 0x08, 0x52,
    0x08, 0x52, 0x08, 0x52, 0x08, 0x52, 0x08, 0x52, 0x08, 0x52, 0x08, 0x52,
    0x08, 0x4a, 0x08, 0x4a, 0x08, 0x4a, 0x08, 0x4a, 0x08, 0x4a, 0x08, 0x4a,
    0x08, 0x4a, 0x08, 0x4a, 0x08, 0x4a, 0x08, 0x4a, 0x08, 0x4a, 0x08, 0x4a,
    0x08, 0x4a, 0x08, 0x4a, 0x08, 0x4a, 0x08, 0x4a, 0x08, 0x4a, 0x08, 0x4a,
    0x08, 0x4a, 0x08, 0x4a, 0x08, 0x4a, 0x08, 0x4a, 0x08, 0x4a, 0x08, 0x4a,
    0x08, 0x4a, 0x29, 0x4a, 0x4a, 0x4a, 0x8c, 0x42, 0xee, 0x3a, 0x93, 0x2b,
    0x79, 0x14, 0x1e, 0x05, 0x5f, 0x05, 0x5f, 0x05, 0x5f, 0x05, 0x5f, 0x05,
    0x5f, 0x05, 0x5f, 0x05, 0x5f, 0x05, 0x5f, 0x05, 0x5f, 0x05, 0x5f, 0x05,
    0x5f, 0x05, 0x1e, 0x05, 0x79, 0x14, 0x93, 0x2b, 0xee, 0x3a, 0x8c, 0x42,
    0x4a, 0x4a, 0x29, 0x4a, 0x08, 0x4a, 0x08, 0x4a, 0x08, 0x4a, 0x08, 0x4a,
    0x08, 0x4a, 0x08, 0x4a, 0x08, 0x4a, 0x08, 0x4a, 0x08, 0x4a, 0x08, 0x4a,
    0x08, 0x4a, 0x08, 0x4a, 0x08, 0x4a, 0x08, 0x4a, 0x08, 0x4a, 0x08, 0x4a,
    0x08, 0x4a, 0x08, 0x4a, 0x08, 0x4a, 0x08, 0x4a, 0x08, 0x4a, 0x08, 0x4a,
    0x08, 0x4a, 0x08, 0x4a, 0x08, 0x4a, 0x08, 0x4a, 0x08, 0x4a, 0x08, 0x4a,
    0x08, 0x4a, 0x08, 0x4a, 0x08, 0x4a, 0x08, 0x4a, 0x08, 0x4a, 0x08, 0x4a,
    0x08, 0x4a, 0x08, 0x4a, 0x08, 0x4a, 0x08, 0x4a, 0x08, 0x4a, 0x08, 0x4a,
    0x08, 0x4a, 0x08, 0x4a, 0x08, 0x4a, 0x08, 0x4a, 0x08, 0x4a, 0x08, 0x4a,
    0x08, 0x4a, 0x08, 0x4a, 0x08, 0x4a, 0x08, 0x4a, 0x08, 0x4a, 0x08, 0x4a,
    0x29, 0x4a, 0x4a, 0x4a, 0x8b, 0x42, 0xcd, 0x3a, 0x0f, 0x33, 0x93, 0x2b,
    0x37, 0x1c, 0x9a, 0x14, 0xdb, 0x0c, 0xfc, 0x0c, 0xfd, 0x0c, 0xfc, 0x0c,
    0xdb, 0x0c, 0x9a, 0x14, 0x37, 0x1c, 0x93, 0x2b, 0x0f, 0x33, 0xcd, 0x3a,
    0x8b, 0x42, 0x4a, 0x4a, 0x29, 0x4a, 0x08, 0x4a, 0x08, 0x4a, 0x08, 0x4a,
    0x08, 0x4a, 0x08, 0x4a, 0x08, 0x4a, 0x08, 0x4a, 0x08, 0x4a, 0x08, 0x4a,
    0x08, 0x4a, 0x08, 0x4a, 0x08, 0x4a, 0x08, 0x4a, 0x08, 0x4a, 0x08, 0x4a,
    0x08, 0x4a, 0x08, 0x4a, 0x08, 0x4a, 0x08, 0x4a, 0x08, 0x4a, 0x08, 0x4a,
    0x08, 0x4a, 0x08, 0x4a, 0x08, 0x4a, 0x08, 0x4a, 0x08, 0x4a, 0x08, 0x4a,
    0x08, 0x4a, 0x08, 0x4a, 0x08, 0x4a, 0x08, 0x4a, 0x08, 0x4a, 0x08, 0x4a,
    0x08, 0x4a, 0x08, 0x4a, 0x08, 0x4a, 0x08, 0x4a, 0x08, 0x4a, 0x08, 0x4a,
    0x08, 0x4a, 0x08, 0x4a, 0x08, 0x4a, 0x08, 0x4a, 0x08, 0x4a, 0x08, 0x4a,
    0x08, 0x4a, 0x08, 0x4a, 0x08, 0x4a, 0x08, 0x4a, 0x08, 0x4a, 0x08, 0x4a,
    0x08, 0x4a, 0x08, 0x4a, 0x08, 0x4a, 0x08, 0x4a, 0x08, 0x4a, 0x28, 0x4a,
    0x29, 0x4a, 0x4a, 0x42, 0x6b, 0x42, 0xac, 0x42, 0xcd, 0x3a, 0xce, 0x3a,
    0xee, 0x3a, 0xee, 0x3a, 0xee, 0x3a, 0xce, 0x3a, 0xcd, 0x3a, 0xac, 0x42,
    0x6b, 0x42, 0x4a, 0x42, 0x29, 0x4a, 0x28, 0x4a, 0x08, 0x4a, 0x08, 0x4a,
    0x08, 0x4a, 0x08, 0x4a, 0x08, 0x4a, 0x08, 0x4a, 0x08, 0x4a, 0x08, 0x4a,
    0x08, 0x4a, 0x08, 0x4a, 0x08, 0x4a, 0x08, 0x4a, 0x08, 0x4a, 0x08, 0x4a,
    0x08, 0x4a, 0x08, 0x4a, 0x08, 0x4a, 0x08, 0x4a, 0x08, 0x4a, 0x08, 0x4a,
    0x08, 0x4a, 0x08, 0x4a, 0x08, 0x4a, 0x08, 0x4a, 0x08, 0x4a, 0x08, 0x4a,
    0x08, 0x4a, 0x08, 0x4a, 0x08, 0x4a, 0x08, 0x4a, 0x08, 0x4a, 0x08, 0x4a,
    0x08, 0x4a, 0x08, 0x4a, 0x08, 0x4a, 0x08, 0x4a, 0x08, 0x4a, 0x08, 0x4a,
    0x08, 0x4a, 0x08, 0x4a, 0x08, 0x4a, 0x08, 0x4a, 0x08, 0x4a, 0x08, 0x4a,
    0x08, 0x4a, 0x08, 0x4a, 0x08, 0x4a, 0x08, 0x4a, 0x08, 0x4a, 0x08, 0x4a,
    0x08, 0x4a, 0x08, 0x4a, 0x08, 0x4a, 0x08, 0x4a, 0x08, 0x4a, 0x08, 0x4a,
    0x08, 0x4a, 0x08, 0x4a, 0x08, 0x4a, 0x08, 0x4a, 0x08, 0x4a, 0x28, 0x4a,
    0x29, 0x4a, 0x29, 0x4a, 0x49, 0x4a, 0x4a, 0x4a, 0x4a, 0x4a, 0x4a, 0x4a,
    0x49, 0x4a, 0x29, 0x4a, 0x29, 0x4a, 0x28, 0x4a, 0x08, 0x4a, 0x08, 0x4a,
    0x08, 0x4a, 0x08, 0x4a, 0x08, 0x4a, 0x08, 0x4a, 0x08, 0x4a, 0x08, 0x4a,
    0x08, 0x4a, 0x08, 0x4a, 0x08, 0x4a, 0x08, 0x4a, 0x08, 0x4a, 0x08, 0x4a,
    0x08, 0x4a, 0x08, 0x4a, 0x08, 0x4a, 0x08, 0x4a, 0x08, 0x4a, 0x08, 0x4a,
    0x08, 0x4a, 0x08, 0x4a, 0x08, 0x4a, 0x08, 0x4a, 0x08, 0x4a, 0x08, 0x4a,
    0x08, 0x4a, 0x08, 0x4a, 0x08, 0x4a, 0x08, 0x4a, 0x08, 0x4a, 0x08, 0x4a,
    0xe7, 0x49, 0xe7, 0x49, 0xe7, 0x49, 0xe7, 0x49, 0xe7, 0x49, 0xe7, 0x49,
    0xe7, 0x49, 0xe7, 0x49, 0xe7, 0x49, 0xe7, 0x49, 0xe7, 0x49, 0xe7, 0x49,
    0xe7, 0x49, 0xe7, 0x49, 0xe7, 0x49, 0xe7, 0x49, 0xe7, 0x49, 0xe7, 0x49,
    0xe7, 0x49, 0xe7, 0x49, 0xe7, 0x49, 0xe7, 0x49, 0xe7, 0x49, 0xe7, 0x49,
    0xe7, 0x49, 0xe7, 0x49, 0xe7, 0x49, 0xe7, 0x49, 0xe7, 0x49, 0xe7, 0x49,
    0xe7, 0x49, 0xe8, 0x49, 0xe7, 0x49, 0x08, 0x4a, 0x08, 0x4a, 0x08, 0x4a,
    0x08, 0x4a, 0x08, 0x4a, 0x08, 0x4a, 0x08, 0x4a, 0xe8, 0x49, 0x08, 0x4a,
    0xe8, 0x49, 0xe8, 0x49, 0xe7, 0x49, 0xe7, 0x49, 0xe7, 0x49, 0xe7, 0x49,
    0xe7, 0x49, 0xe7, 0x49, 0xe7, 0x49, 0xe7, 0x49, 0xe7, 0x49, 0xe7, 0x49,
    0xe7, 0x49, 0xe7, 0x49, 0xe7, 0x49, 0xe7, 0x49, 0xe7, 0x49, 0xe7, 0x49,
    0xe7, 0x49, 0xe7, 0x49, 0xe7, 0x49, 0xe7, 0x49, 0xe7, 0x49, 0xe7, 0x49,
    0xe7, 0x49, 0xe7, 0x49, 0xe7, 0x49, 0xe7, 0x49, 0xe7, 0x49, 0xe7, 0x49,
    0xe7, 0x49, 0xe7, 0x49, 0xe7, 0x49, 0xe7, 0x49, 0xe7, 0x49, 0xe7, 0x49,
    0xe7, 0x49, 0xe7, 0x49, 0xe7, 0x49, 0xe7, 0x49, 0xe7, 0x49, 0xe7, 0x49,
    0xe7, 0x49, 0xe7, 0x49, 0xe7, 0x49, 0xe7, 0x49, 0xe7, 0x49, 0xe7, 0x49,
    0xe7, 0x49, 0xe7, 0x49, 0xe7, 0x49, 0xe7, 0x49, 0xe7, 0x49, 0xe7, 0x49,
    0xe7, 0x49, 0xe7, 0x49, 0xe7, 0x49, 0xe7, 0x49, 0xe7, 0x49, 0xe7, 0x49,
    0xe7, 0x49, 0xe7, 0x49, 0xe7, 0x49, 0xe7, 0x49, 0xe7, 0x49, 0xe7, 0x49,
    0xe7, 0x49, 0xe7, 0x49, 0xe7, 0x49, 0xe7, 0x49, 0xe7, 0x49, 0xe7, 0x49,
    0xe7, 0x49, 0xe7, 0x49, 0xe7, 0x49, 0xe7, 0x49, 0xe7, 0x49, 0xe7, 0x49,
    0xe7, 0x49, 0xe7, 0x49, 0xe7, 0x49, 0xe7, 0x49, 0xe7, 0x49, 0xe7, 0x49,
    0xe7, 0x49, 0xe7, 0x49, 0xe7, 0x49, 0xe7, 0x49, 0xe7, 0x49, 0xe7, 0x49,
    0xe7, 0x49, 0xe7, 0x49, 0xe7, 0x49, 0xe7, 0x49, 0xe7, 0x49, 0xe7, 0x49,
    0xe7, 0x49, 0xe7, 0x49, 0xe7, 0x49, 0xe7, 0x49, 0xe7, 0x49, 0xe7, 0x49,
    0xe7, 0x49, 0xe7, 0x49, 0xe7, 0x49, 0xe7, 0x49, 0xe7, 0x49, 0xe7, 0x49,
    0xe7, 0x49, 0xe7, 0x49, 0xe7, 0x49, 0xe7, 0x49, 0xe7, 0x49, 0xe7, 0x49,
    0xe7, 0x49, 0xe7, 0x49, 0xe7, 0x49, 0xe7, 0x49, 0xe7, 0x49, 0xe7, 0x49,
    0xe7, 0x49, 0xe7, 0x49, 0xe7, 0x49, 0xe7, 0x49, 0xe7, 0x49, 0xe7, 0x49,
    0xe7, 0x49, 0xe7, 0x49, 0xe7, 0x49, 0xe7, 0x49, 0xe7, 0x49, 0xe7, 0x49,
    0xe7, 0x49, 0xe7, 0x49, 0xe7, 0x49, 0xe7, 0x49, 0xe7, 0x49, 0xe7, 0x49,
    0xe7, 0x49, 0xe7, 0x49, 0xe7, 0x49, 0xe7, 0x49, 0xe7, 0x49, 0xe7, 0x49,
    0xe7, 0x49, 0xe7, 0x49, 0xe7, 0x49, 0xe7, 0x49, 0xe7, 0x49, 0xe7, 0x49,
    0xe7, 0x49, 0xe7, 0x49, 0xe7, 0x49, 0xe7, 0x49, 0xe7, 0x49, 0xe7, 0x49,
    0xe7, 0x49, 0xe7, 0x49, 0xe7, 0x49, 0xe7, 0x49, 0xe7, 0x49, 0xe7, 0x49,
    0xe7, 0x49, 0xe7, 0x49, 0xe7, 0x49, 0xe7, 0x49, 0xe7, 0x49, 0xe7, 0x49,
    0xe7, 0x49, 0xe7, 0x49, 0xe7, 0x49, 0xe7, 0x49, 0xe7, 0x49, 0xe7, 0x49,
    0xe7, 0x49, 0xe7, 0x49, 0xe7, 0x49, 0xe7, 0x49, 0xe7, 0x49, 0xe7, 0x49,
    0xe7, 0x49, 0xe7, 0x49, 0xe7, 0x49, 0xe7, 0x49, 0xe7, 0x49, 0xe7, 0x49,
    0xe7, 0x49, 0xe7, 0x49, 0xe7, 0x49, 0xe7, 0x49, 0xe7, 0x49, 0xe7, 0x49,
    0xe7, 0x49, 0xe7, 0x49, 0xe7, 0x49, 0xe7, 0x49, 0xe7, 0x49, 0xe7, 0x49,
    0xe7, 0x49, 0xe7, 0x49, 0xe7, 0x49, 0xe7, 0x49, 0xe7, 0x49, 0xe7, 0x49,
    0xe7, 0x49, 0xe7, 0x49, 0xe7, 0x49, 0xe7, 0x49, 0xe7, 0x49, 0xe7, 0x49,
    0xe7, 0x49, 0xe7, 0x49, 0xe7, 0x49, 0xe7, 0x49, 0xe7, 0x49, 0xe7, 0x49,
    0xe7, 0x49, 0xe7, 0x49, 0xe7, 0x49, 0xe7, 0x49, 0xe7, 0x49, 0xe7, 0x49,
    0xe7, 0x49, 0xe7, 0x49, 0xe7, 0x49, 0xe7, 0x49, 0xe7, 0x49, 0xe7, 0x49,
    0xe7, 0x49, 0xe7, 0x49, 0xe7, 0x49, 0xe7, 0x49, 0xe7, 0x49, 0xe7, 0x49,
    0xe7, 0x49, 0xe7, 0x49, 0xe7, 0x49, 0xe7, 0x49, 0xe7, 0x49, 0xe7, 0x49,
    0xe7, 0x49, 0xe7, 0x49, 0xe7, 0x49, 0xe7, 0x49, 0xe7, 0x49, 0xe7, 0x49,
    0xe7, 0x49, 0xe7, 0x49, 0xe7, 0x49, 0xe7, 0x49, 0xe7, 0x49, 0xe7, 0x49,
    0xe7, 0x49, 0xe7, 0x49, 0xe7, 0x49, 0xe7, 0x49, 0xe7, 0x49, 0xe7, 0x49,
    0xe7, 0x49, 0xe7, 0x49, 0xe7, 0x49, 0xe7, 0x49, 0xe7, 0x49, 0xe7, 0x49,
    0xe7, 0x49, 0xe7, 0x49, 0xe7, 0x49, 0xe7, 0x49, 0xe7, 0x49, 0xe7, 0x49,
    0xe7, 0x49, 0xe7, 0x49, 0xe7, 0x49, 0xe7, 0x49, 0xe7, 0x49, 0xe7, 0x49,
    0xe7, 0x49, 0xe7, 0x49, 0xe7, 0x49, 0xe7, 0x49, 0xe7, 0x49, 0xe7, 0x49,
    0xe7, 0x49, 0xe7, 0x49, 0xe7, 0x49, 0xe7, 0x49, 0xe7, 0x49, 0xe7, 0x49,
    0xe7, 0x49, 0xe7, 0x49, 0xe7, 0x49, 0xe7, 0x49, 0xe7, 0x49, 0xe7, 0x49,
    0xe7, 0x49, 0xe7, 0x49, 0xe7, 0x49, 0xe7, 0x49, 0xe7, 0x49, 0xe7, 0x49,
    0xe7, 0x49, 0xe7, 0x49, 0xe7, 0x49, 0xe7, 0x49, 0xe7, 0x49, 0xe7, 0x49,
    0xe7, 0x49, 0xe7, 0x49, 0xe7, 0x49, 0xe7, 0x49, 0xe7, 0x49, 0xe7, 0x49,
    0xe7, 0x49, 0xe7, 0x49, 0xe7, 0x49, 0xe7, 0x49, 0xe7, 0x49, 0xe7, 0x49,
    0xe7, 0x49, 0xe7, 0x49, 0xe7, 0x49, 0xe7, 0x49, 0xe7, 0x49, 0xe7, 0x49,
    0xe7, 0x49, 0xe7, 0x49, 0xe7, 0x49, 0xe7, 0x49, 0xe7, 0x49, 0xe7, 0x49,
    0xe7, 0x49, 0xe7, 0x49, 0xe7, 0x49, 0xe7, 0x49, 0xe7, 0x49, 0xe7, 0x49,
    0xe7, 0x49, 0xe7, 0x49, 0xe7, 0x49, 0xe7, 0x49, 0xe7, 0x49, 0xe7, 0x49,
    0xe7, 0x49, 0xe7, 0x49, 0xe7, 0x49, 0xe7, 0x49, 0xe7, 0x49, 0xe7, 0x49,
    0xe7, 0x49, 0xe7, 0x49, 0xe7, 0x49, 0xe7, 0x49, 0xe7, 0x49, 0xe7, 0x49,
    0xe7, 0x49, 0xe7, 0x49, 0xe7, 0x49, 0xe7, 0x49, 0xe7, 0x49, 0xe7, 0x49,
    0xe7, 0x49, 0xe7, 0x49, 0xe7, 0x49, 0xe7, 0x49, 0xe7, 0x49, 0xe7, 0x49,
    0xe7, 0x49, 0xe7, 0x49, 0xe7, 0x49, 0xe7, 0x49, 0xe7, 0x49, 0xe7, 0x49,
    0xe7, 0x49, 0xe7, 0x49, 0xe7, 0x49, 0xe7, 0x49, 0xe7, 0x49, 0xe7, 0x49,
    0xe7, 0x49, 0xe7, 0x49, 0xe7, 0x49, 0xe7, 0x49, 0xe7, 0x49, 0xe7, 0x49,
    0xe7, 0x49, 0xe7, 0x49, 0xe7, 0x49, 0xe7, 0x49, 0xe7, 0x49, 0xe7, 0x49,
    0xe7, 0x49, 0xe7, 0x49, 0xe7, 0x49, 0xe7, 0x49, 0xe7, 0x49, 0xe7, 0x49,
    0xe7, 0x49, 0xe7, 0x49, 0xe7, 0x49, 0xe7, 0x49, 0xe7, 0x49, 0xe7, 0x49,
    0xe7, 0x49, 0xe7, 0x49, 0xe7, 0x49, 0xe7, 0x49, 0xe7, 0x49, 0xe7, 0x49,
    0xc7, 0x49, 0xe7, 0x49, 0xc7, 0x49, 0xe7, 0x49, 0xc7, 0x49, 0xe7, 0x49,
    0xc7, 0x49, 0xe7, 0x49, 0xc7, 0x49, 0xe7, 0x49, 0xc7, 0x49, 0xe7, 0x49,
    0xc7, 0x49, 0xe7, 0x49, 0xc7, 0x49, 0xe7, 0x49, 0xc7, 0x49, 0xe7, 0x49,
    0xc7, 0x49, 0xe7, 0x49, 0xc7, 0x49, 0xe7, 0x49, 0xc7, 0x49, 0xe7, 0x49,
    0xc7, 0x49, 0xe7, 0x49, 0xc7, 0x49, 0xe7, 0x49, 0xc7, 0x49, 0xe7, 0x49,
    0xc7, 0x49, 0xe7, 0x49, 0xc7, 0x49, 0xe7, 0x49, 0xc7, 0x49, 0xe7, 0x49,
    0xc7, 0x49, 0xe7, 0x49, 0xc7, 0x49, 0xe7, 0x49, 0xc7, 0x49, 0xe7, 0x49,
    0xc7, 0x49, 0xe7, 0x49, 0xc7, 0x49, 0xe7, 0x49, 0xc7, 0x49, 0xe7, 0x49,
    0xc7, 0x49, 0xe7, 0x49, 0xc7, 0x49, 0xe7, 0x49, 0xc7, 0x49, 0xe7, 0x49,
    0xc7, 0x49, 0xe7, 0x49, 0xc7, 0x49, 0xe7, 0x49, 0xc7, 0x49, 0xe7, 0x49,
    0xc7, 0x49, 0xe7, 0x49, 0xc7, 0x49, 0xe7, 0x49, 0xc7, 0x49, 0xe7, 0x49,
    0xc7, 0x49, 0xe7, 0x49, 0xc7, 0x49, 0xe7, 0x49, 0xc7, 0x49, 0xe7, 0x49,
    0xc7, 0x49, 0xe7, 0x49, 0xc7, 0x49, 0xc7, 0x49, 0xc7, 0x49, 0xc7, 0x49,
    0xe7, 0x49, 0xc7, 0x49, 0xc7, 0x49, 0xc7, 0x49, 0xe7, 0x49, 0xc7, 0x49,
    0xc7, 0x49, 0xc7, 0x49, 0xe7, 0x49, 0xc7, 0x49, 0xc7, 0x49, 0xc7, 0x49,
    0xe7, 0x49, 0xc7, 0x49, 0xc7, 0x49, 0xc7, 0x49, 0xe7, 0x49, 0xc7, 0x49,
    0xc7, 0x49, 0xc7, 0x49, 0xe7, 0x49, 0xc7, 0x49, 0xc7, 0x49, 0xc7, 0x49,
    0xe7, 0x49, 0xc7, 0x49, 0xc7, 0x49, 0xc7, 0x49, 0xe7, 0x49, 0xc7, 0x49,
    0xc7, 0x49, 0xc7, 0x49, 0xe7, 0x49, 0xc7, 0x49, 0xc7, 0x49, 0xc7, 0x49,
    0xe7, 0x49, 0xc7, 0x49, 0xc7, 0x49, 0xc7, 0x49, 0xe7, 0x49, 0xc7, 0x49,
    0xc7, 0x49, 0xc7, 0x49, 0xe7, 0x49, 0xc7, 0x49, 0xc7, 0x49, 0xc7, 0x49,
    0xe7, 0x49, 0xc7, 0x49, 0xc7, 0x49, 0xc7, 0x49, 0xe7, 0x49, 0xc7, 0x49,
    0xc7, 0x49, 0xc7, 0x49, 0xe7, 0x49, 0xc7, 0x49, 0xc7, 0x49, 0xc7, 0x49,
    0xe7, 0x49, 0xc7, 0x49, 0xc7, 0x49, 0xc7, 0x49, 0xe7, 0x49, 0xc7, 0x49,
    0xc7, 0x49, 0xc7, 0x49, 0xe7, 0x49, 0xc7, 0x49, 0xc7, 0x49, 0xc7, 0x49,
    0xc7, 0x49, 0xc7, 0x49, 0xc7, 0x49, 0xc7, 0x49, 0xc7, 0x49, 0xc7, 0x49,
    0xc7, 0x49, 0xc7, 0x49, 0xc7, 0x49, 0xc7, 0x49, 0xc7, 0x49, 0xc7, 0x49,
    0xc7, 0x49, 0xc7, 0x49, 0xc7, 0x49, 0xc7, 0x49, 0xc7, 0x49, 0xc7, 0x49,
    0xc7, 0x49, 0xc7, 0x49, 0xc7, 0x49, 0xc7, 0x49, 0xc7, 0x49, 0xc7, 0x49,
    0xc7, 0x49, 0xc7, 0x49, 0xc7, 0x49, 0xc7, 0x49, 0xc7, 0x49, 0xc7, 0x49,
    0xc7, 0x49, 0xc7, 0x49, 0xc7, 0x49, 0xc7, 0x49, 0xc7, 0x49, 0xc7, 0x49,
    0xc7, 0x49, 0xc7, 0x49, 0xc7, 0x49, 0xc7, 0x49, 0xc7, 0x49, 0xc7, 0x49,
    0xc7, 0x49, 0xc7, 0x49, 0xc7, 0x49, 0xc7, 0x49, 0xc7, 0x49, 0xc7, 0x49,
    0xc7, 0x49, 0xc7, 0x49, 0xc7, 0x49, 0xc7, 0x49, 0xc7, 0x49, 0xc7, 0x49,
    0xc7, 0x49, 0xc7, 0x49, 0xc7, 0x49, 0xc7, 0x49, 0xc7, 0x49, 0xc7, 0x49,
    0xc7, 0x49, 0xc7, 0x49, 0xc7, 0x49, 0xc7, 0x49, 0xc7, 0x49, 0xc7, 0x49,
    0xc7, 0x49, 0xc7, 0x49, 0xc7, 0x49, 0xc7, 0x49, 0xc7, 0x49, 0xc7, 0x49,
    0xc7, 0x49, 0xc7, 0x49, 0xc7, 0x49, 0xc7, 0x49, 0xc7, 0x49, 0xc7, 0x49,
    0xc7, 0x49, 0xc7, 0x49, 0xc7, 0x49, 0xc7, 0x49, 0xc7, 0x49, 0xc7, 0x49,
    0xc7, 0x49, 0xc7, 0x49, 0xc7, 0x49, 0xc7, 0x49, 0xc7, 0x49, 0xc7, 0x49,
    0xc7, 0x49, 0xc7, 0x49, 0xc7, 0x49, 0xc7, 0x49, 0xc7, 0x49, 0xc7, 0x49,
    0xc7, 0x49, 0xc7, 0x49, 0xc7, 0x49, 0xc7, 0x49, 0xc7, 0x49, 0xc7, 0x49,
    0xc7, 0x49, 0xc7, 0x49, 0xc7, 0x49, 0xc7, 0x49, 0xc7, 0x49, 0xc7, 0x49,
    0xc7, 0x49, 0xc7, 0x49, 0xc7, 0x49, 0xc7, 0x49, 0xc7, 0x49, 0xc7, 0x49,
    0xc7, 0x49, 0xc7, 0x49, 0xc7, 0x49, 0xc7, 0x49, 0xc7, 0x49, 0xc7, 0x49,
    0xc7, 0x49, 0xc7, 0x49, 0xc7, 0x49, 0xc7, 0x49, 0xc7, 0x49, 0xc7, 0x49,
    0xc7, 0x49, 0xc7, 0x49, 0xc7, 0x49, 0xc7, 0x49, 0xc7, 0x49, 0xc7, 0x49,
    0xc7, 0x49, 0xc7, 0x49, 0xc7, 0x49, 0xc7, 0x49, 0xc7, 0x49, 0xc7, 0x49,
    0xc7, 0x49, 0xc7, 0x49, 0xc7, 0x49, 0xc7, 0x49, 0xc7, 0x49, 0xc7, 0x49,
    0xc7, 0x49, 0xc7, 0x49, 0xc7, 0x49, 0xc7, 0x49, 0xc7, 0x49, 0xc7, 0x49,
    0xc7, 0x49, 0xc7, 0x49, 0xc7, 0x49, 0xc7, 0x49, 0xc7, 0x49, 0xc7, 0x49,
    0xc7, 0x49, 0xc7, 0x49, 0xc7, 0x49, 0xc7, 0x49, 0xc7, 0x49, 0xc7, 0x49,
    0xc7, 0x49, 0xc7, 0x49, 0xc7, 0x49, 0xc7, 0x49, 0xc7, 0x49, 0xc7, 0x49,
    0xc7, 0x49, 0xc7, 0x49, 0xc7, 0x49, 0xc7, 0x49, 0xc7, 0x49, 0xc7, 0x49,
    0xc7, 0x49, 0xc7, 0x49, 0xc7, 0x49, 0xc7, 0x49, 0xc7, 0x49, 0xc7, 0x49,
    0xc7, 0x49, 0xc7, 0x49, 0xc7, 0x49, 0xc7, 0x49, 0xc7, 0x49, 0xc7, 0x49,
    0xc7, 0x49, 0xc7, 0x49, 0xc7, 0x49, 0xc7, 0x49, 0xc7, 0x49, 0xc7, 0x49,
    0xc7, 0x49, 0xc7, 0x49, 0xc7, 0x49, 0xc7, 0x49, 0xc7, 0x49, 0xc7, 0x49,
    0xc7, 0x49, 0xc7, 0x49, 0xc7, 0x49, 0xc7, 0x49, 0xc7, 0x49, 0xc7, 0x49,
    0xc7, 0x49, 0xc7, 0x49, 0xc7, 0x49, 0xc7, 0x49, 0xc7, 0x49, 0xc7, 0x49,
    0xc7, 0x49, 0xc7, 0x49, 0xc7, 0x49, 0xc7, 0x49, 0xc7, 0x49, 0xc7, 0x49,
    0xc7, 0x49, 0xc7, 0x49, 0xc7, 0x49, 0xc7, 0x49, 0xc7, 0x49, 0xc7, 0x49,
    0xc7, 0x49, 0xc7, 0x49, 0xc7, 0x49, 0xc7, 0x49, 0xc7, 0x49, 0xc7, 0x49,
    0xc7, 0x49, 0xc7, 0x49, 0xc7, 0x49, 0xc7, 0x49, 0xc7, 0x49, 0xc7, 0x49,
    0xc7, 0x49, 0xc7, 0x49, 0xc7, 0x49, 0xc7, 0x49, 0xc7, 0x49, 0xc7, 0x49,
    0xc7, 0x49, 0xc7, 0x49, 0xc7, 0x49, 0xc7, 0x49, 0xc7, 0x49, 0xc7, 0x49,
    0xc7, 0x49, 0xc7, 0x49, 0xc7, 0x49, 0xc7, 0x49, 0xc7, 0x49, 0xc7, 0x49,
    0xc7, 0x49, 0xc7, 0x49, 0xc7, 0x49, 0xc7, 0x49, 0xc7, 0x49, 0xc7, 0x49,
    0xc7, 0x49, 0xc7, 0x49, 0xc7, 0x49, 0xc7, 0x49, 0xc7, 0x49, 0xc7, 0x49,
    0xc7, 0x49, 0xc7, 0x49, 0xc7, 0x49, 0xc7, 0x49, 0xc7, 0x49, 0xc7, 0x49,
    0xc7, 0x49, 0xc7, 0x49, 0xc7, 0x49, 0xc7, 0x49, 0xc7, 0x49, 0xc7, 0x49,
    0xc7, 0x49, 0xc7, 0x49, 0xc7, 0x49, 0xc7, 0x49, 0xc7, 0x49, 0xc7, 0x49,
    0xc7, 0x49, 0xc7, 0x49, 0xc7, 0x49, 0xc7, 0x49, 0xc7, 0x49, 0xc7, 0x49,
    0xc7, 0x49, 0xc7, 0x49, 0xc7, 0x49, 0xc7, 0x49, 0xc7, 0x49, 0xc7, 0x49,
    0xc7, 0x49, 0xc7, 0x49, 0xc7, 0x49, 0xc7, 0x49, 0xc7, 0x49, 0xc7, 0x49,
    0xc7, 0x49, 0xc7, 0x49, 0xc7, 0x49, 0xc7, 0x49, 0xc7, 0x49, 0xc7, 0x49,
    0xc7, 0x49, 0xc7, 0x49, 0xc7, 0x49, 0xc7, 0x49, 0xc7, 0x49, 0xc7, 0x49,
    0xc7, 0x49, 0xc7, 0x49, 0xc7, 0x49, 0xc7, 0x49, 0xc7, 0x49, 0xc7, 0x49,
    0xc7, 0x49, 0xc7, 0x49, 0xc7, 0x49, 0xc7, 0x49, 0xc7, 0x49, 0xc7, 0x49,
    0xc7, 0x49, 0xc7, 0x49, 0xc7, 0x49, 0xc7, 0x49, 0xc7, 0x49, 0xc7, 0x49,
    0xc7, 0x49, 0xc7, 0x49, 0xc7, 0x49, 0xc7, 0x49, 0xc7, 0x49, 0xc7, 0x49,
    0xc7, 0x49, 0xc7, 0x49, 0xc7, 0x49, 0xc7, 0x49, 0xc7, 0x49, 0xc7, 0x49,
    0xc7, 0x49, 0xc7, 0x49, 0xc7, 0x49, 0xc7, 0x49, 0xc7, 0x49, 0xc7, 0x49,
    0xc7, 0x49, 0xc7, 0x49, 0xc7, 0x49, 0xc7, 0x49, 0xc7, 0x49, 0xc7, 0x49,
    0xc7, 0x49, 0xc7, 0x49, 0xc7, 0x49, 0xc7, 0x49, 0xc7, 0x49, 0xc7, 0x49,
    0xc7, 0x49, 0xc7, 0x49, 0xc7, 0x49, 0xc7, 0x49, 0xc7, 0x49, 0xc7, 0x49,
    0xc7, 0x49, 0xc7, 0x49, 0xc7, 0x49, 0xc7, 0x49, 0xc7, 0x49, 0xc7, 0x49,
    0xc7, 0x49, 0xc7, 0x49, 0xc7, 0x49, 0xc7, 0x49, 0xc7, 0x49, 0xc7, 0x49,
    0xc7, 0x49, 0xc7, 0x49, 0xc7, 0x49, 0xc7, 0x49, 0xc7, 0x49, 0xc7, 0x49,
    0xc7, 0x49, 0xc7, 0x49, 0xc7, 0x49, 0xc7, 0x49, 0xc7, 0x49, 0xc7, 0x49,
    0xc7, 0x49, 0xc7, 0x49, 0xc7, 0x49, 0xc7, 0x49, 0xc7, 0x49, 0xc7, 0x49,
    0xc7, 0x49, 0xc7, 0x49, 0xc7, 0x49, 0xc7, 0x49, 0xc7, 0x49, 0xc7, 0x49,
    0xc7, 0x49, 0xc7, 0x49, 0xc7, 0x49, 0xc7, 0x49, 0xc7, 0x49, 0xc7, 0x49,
    0xc7, 0x49, 0xc7, 0x49, 0xc7, 0x49, 0xc7, 0x49, 0xc7, 0x49, 0xc7, 0x49,
    0xc7, 0x49, 0xc7, 0x49, 0xc7, 0x49, 0xc7, 0x49, 0xc7, 0x49, 0xc7, 0x49,
    0xc7, 0x49, 0xc7, 0x49, 0xc7, 0x49, 0xc7, 0x49, 0xc7, 0x49, 0xc7, 0x49,
    0xc7, 0x49, 0xc7, 0x49, 0xc7, 0x49, 0xc7, 0x49, 0xc7, 0x49, 0xc7, 0x49,
    0xc7, 0x49, 0xc7, 0x49, 0xc7, 0x49, 0xc7, 0x49, 0xc7, 0x49, 0xc7, 0x49,
    0xc7, 0x49, 0xc7, 0x49, 0xc7, 0x49, 0xc7, 0x49, 0xc7, 0x49, 0xc7, 0x49,
    0xc7, 0x49, 0xc7, 0x49, 0xc7, 0x49, 0xc7, 0x49, 0xc7, 0x49, 0xc7, 0x49,
    0xa6, 0x49, 0xa6, 0x49, 0xa6, 0x49, 0xa6, 0x49, 0xa6, 0x49, 0xa6, 0x49,
    0xa6, 0x49, 0xa6, 0x49, 0xa6, 0x49, 0xa6, 0x49, 0xa6, 0x49, 0xa6, 0x49,
    0xa6, 0x49, 0xa6, 0x49, 0xa6, 0x49, 0xa6, 0x49, 0xa6, 0x49, 0xa6, 0x49,
    0xa6, 0x49, 0xa6, 0x49, 0xa6, 0x49, 0xa6, 0x49, 0xa6, 0x49, 0xa6, 0x49,
    0xa6, 0x49, 0xa6, 0x49, 0xa6, 0x49, 0xa6, 0x49, 0xa6, 0x49, 0xa6, 0x49,
    0xa6, 0x49, 0xa6, 0x49, 0xa6, 0x49, 0xa6, 0x49, 0xa6, 0x49, 0xa6, 0x49,
    0xa6, 0x49, 0xa6, 0x49, 0xa6, 0x49, 0xa6, 0x49, 0xa6, 0x49, 0xa6, 0x49,
    0xa6, 0x49, 0xa6, 0x49, 0xa6, 0x49, 0xa6, 0x49, 0xa6, 0x49, 0xa6, 0x49,
    0xa6, 0x49, 0xa6, 0x49, 0xa6, 0x49, 0xa6, 0x49, 0xa6, 0x49, 0xa6, 0x49,
    0xa6, 0x49, 0xa6, 0x49, 0xa6, 0x49, 0xa6, 0x49, 0xa6, 0x49, 0xa6, 0x49,
    0xa6, 0x49, 0xa6, 0x49, 0xa6, 0x49, 0xa6, 0x49, 0xa6, 0x49, 0xa6, 0x49,
    0xa6, 0x49, 0xa6, 0x49, 0xa6, 0x49, 0xa6, 0x49, 0xa6, 0x49, 0xa6, 0x49,
    0xa6, 0x49, 0xa6, 0x49, 0xa6, 0x49
};

const lv_image_dsc_t img_probe_out_4 = {
  .header = {
    .magic = LV_IMAGE_HEADER_MAGIC,
    .cf = LV_COLOR_FORMAT_RGB565,
    .flags = 0,
    .w = 75,
    .h = 75,
    .stride = 150,
    .reserved_2 = 0,
  },
  .data_size = sizeof(img_probe_out_4_map),
  .data = img_probe_out_4_map,
  .reserved = NULL,
};
#elif TFT_WIDTH > 0
// 38x38 version for TFT_WIDTH > 0
static const LV_ATTRIBUTE_MEM_ALIGN LV_ATTRIBUTE_LARGE_CONST LV_ATTRIBUTE_IMG_IMG_PROBE_OUT_4
uint8_t img_probe_out_4_map[] = {
0xeb, 0x62, 0xeb, 0x62, 0xeb, 0x62, 0xeb, 0x62, 0xeb, 0x62, 0xeb, 0x62,
    0xeb, 0x62, 0xeb, 0x62, 0xeb, 0x62, 0xeb, 0x62, 0xeb, 0x62, 0xeb, 0x62,
    0xeb, 0x62, 0xeb, 0x62, 0xeb, 0x62, 0xeb, 0x62, 0xeb, 0x62, 0xeb, 0x62,
    0xeb, 0x62, 0xeb, 0x62, 0xeb, 0x62, 0xeb, 0x62, 0xeb, 0x62, 0xeb, 0x62,
    0xeb, 0x62, 0xeb, 0x62, 0xeb, 0x62, 0xeb, 0x62, 0xeb, 0x62, 0xeb, 0x62,
    0xeb, 0x62, 0xeb, 0x62, 0xeb, 0x62, 0xeb, 0x62, 0xeb, 0x62, 0xeb, 0x62,
    0xeb, 0x62, 0xeb, 0x62, 0xeb, 0x62, 0xeb, 0x62, 0xeb, 0x62, 0xeb, 0x62,
    0xeb, 0x62, 0xeb, 0x62, 0xeb, 0x62, 0xeb, 0x62, 0xeb, 0x62, 0xeb, 0x62,
    0xeb, 0x62, 0xeb, 0x62, 0xeb, 0x62, 0xeb, 0x62, 0xeb, 0x62, 0xeb, 0x62,
    0xeb, 0x62, 0xeb, 0x62, 0xeb, 0x62, 0xeb, 0x62, 0xeb, 0x62, 0xeb, 0x62,
    0xeb, 0x62, 0xeb, 0x62, 0xeb, 0x62, 0xeb, 0x62, 0xeb, 0x62, 0xeb, 0x62,
    0xeb, 0x62, 0xeb, 0x62, 0xeb, 0x62, 0xeb, 0x62, 0xeb, 0x62, 0xeb, 0x62,
    0xeb, 0x62, 0xeb, 0x62, 0xeb, 0x62, 0xeb, 0x62, 0xeb, 0x62, 0xeb, 0x62,
    0xeb, 0x62, 0xeb, 0x62, 0xeb, 0x62, 0xeb, 0x62, 0xeb, 0x62, 0xeb, 0x62,
    0xeb, 0x62, 0xeb, 0x62, 0xeb, 0x62, 0xeb, 0x62, 0xeb, 0x62, 0xeb, 0x62,
    0xeb, 0x62, 0xeb, 0x62, 0xeb, 0x62, 0xeb, 0x62, 0xeb, 0x62, 0xeb, 0x62,
    0xeb, 0x62, 0xeb, 0x62, 0xeb, 0x62, 0xeb, 0x62, 0xeb, 0x62, 0xeb, 0x62,
    0xeb, 0x62, 0xeb, 0x62, 0xeb, 0x62, 0xeb, 0x62, 0xeb, 0x62, 0xeb, 0x62,
    0xeb, 0x62, 0xeb, 0x62, 0xeb, 0x62, 0xeb, 0x62, 0xeb, 0x62, 0xeb, 0x62,
    0xeb, 0x62, 0xeb, 0x62, 0xeb, 0x62, 0xeb, 0x62, 0xeb, 0x62, 0xeb, 0x62,
    0xeb, 0x62, 0xeb, 0x62, 0xeb, 0x62, 0xeb, 0x62, 0xeb, 0x62, 0xeb, 0x62,
    0xeb, 0x62, 0xeb, 0x62, 0xeb, 0x62, 0xeb, 0x62, 0xeb, 0x62, 0xeb, 0x62,
    0xeb, 0x62, 0xeb, 0x62, 0xeb, 0x62, 0xeb, 0x62, 0xeb, 0x62, 0xeb, 0x62,
    0xeb, 0x62, 0xeb, 0x62, 0xeb, 0x62, 0xeb, 0x62, 0xeb, 0x62, 0xeb, 0x62,
    0xeb, 0x62, 0xeb, 0x62, 0xeb, 0x62, 0xeb, 0x62, 0xeb, 0x62, 0xeb, 0x62,
    0xeb, 0x62, 0xeb, 0x62, 0xcb, 0x5a, 0xcb, 0x5a, 0xcb, 0x5a, 0xcb, 0x5a,
    0xcb, 0x5a, 0xcb, 0x5a, 0xcb, 0x5a, 0xcb, 0x5a, 0xcb, 0x5a, 0xcb, 0x5a,
    0xcb, 0x5a, 0xcb, 0x5a, 0xcb, 0x5a, 0xcb, 0x5a, 0xcb, 0x5a, 0xcb, 0x5a,
    0xcb, 0x5a, 0xcb, 0x5a, 0xcb, 0x5a, 0xcb, 0x5a, 0xcb, 0x5a, 0xcb, 0x5a,
    0xcb, 0x5a, 0xcb, 0x5a, 0xcb, 0x5a, 0xcb, 0x5a, 0xcb, 0x5a, 0xcb, 0x5a,
    0xcb, 0x5a, 0xcb, 0x5a, 0xcb, 0x5a, 0xcb, 0x5a, 0xcb, 0x5a, 0xcb, 0x5a,
    0xcb, 0x5a, 0xcb, 0x5a, 0xcb, 0x5a, 0xcb, 0x5a, 0xcb, 0x5a, 0xcb, 0x5a,
    0xcb, 0x5a, 0xcb, 0x5a, 0xcb, 0x5a, 0xcb, 0x5a, 0xcb, 0x5a, 0xcb, 0x5a,
    0xcb, 0x5a, 0xcb, 0x5a, 0xcb, 0x5a, 0xcb, 0x5a, 0xcb, 0x5a, 0xcb, 0x5a,
    0xcb, 0x5a, 0xcb, 0x5a, 0xcb, 0x5a, 0xcb, 0x5a, 0x0c, 0xa3, 0x0c, 0xa3,
    0xec, 0x7a, 0xcb, 0x5a, 0xcb, 0x5a, 0xcb, 0x5a, 0xcb, 0x5a, 0xcb, 0x5a,
    0xcb, 0x5a, 0xcb, 0x5a, 0xcb, 0x5a, 0xcb, 0x5a, 0xcb, 0x5a, 0xcb, 0x5a,
    0xcb, 0x5a, 0xcb, 0x5a, 0xcb, 0x5a, 0xcb, 0x5a, 0xcb, 0x5a, 0xcb, 0x5a,
    0xcb, 0x5a, 0xcb, 0x5a, 0xcb, 0x5a, 0xcb, 0x5a, 0xcb, 0x5a, 0xcb, 0x5a,
    0xcb, 0x5a, 0xcb, 0x5a, 0xcb, 0x5a, 0xcb, 0x5a, 0xcb, 0x5a, 0xcb, 0x5a,
    0xcb, 0x5a, 0xcb, 0x5a, 0xcb, 0x5a, 0xcb, 0x5a, 0xcb, 0x5a, 0xcb, 0x5a,
    0x2d, 0xc3, 0x4e, 0xe3, 0xcb, 0x5a, 0xcb, 0x5a, 0xcb, 0x5a, 0xcb, 0x5a,
    0xcb, 0x5a, 0xcb, 0x5a, 0xcb, 0x5a, 0xcb, 0x5a, 0xcb, 0x5a, 0xcb, 0x5a,
    0xcb, 0x5a, 0xcb, 0x5a, 0xcb, 0x5a, 0xcb, 0x5a, 0xcb, 0x5a, 0xcb, 0x5a,
    0xcb, 0x5a, 0xcb, 0x5a, 0xcb, 0x5a, 0xcb, 0x5a, 0xcb, 0x5a, 0xcb, 0x5a,
    0xcb, 0x5a, 0xcb, 0x5a, 0xcb, 0x5a, 0xcb, 0x5a, 0xcb, 0x5a, 0xcb, 0x5a,
    0xcb, 0x5a, 0xcb, 0x5a, 0xcb, 0x5a, 0xcb, 0x5a, 0xcb, 0x5a, 0xcb, 0x5a,
    0xcb, 0x5a, 0xcb, 0x5a, 0x0c, 0x7b, 0x2d, 0x9b, 0xcb, 0x5a, 0xcb, 0x5a,
    0xcb, 0x5a, 0xcb, 0x5a, 0xcb, 0x5a, 0xcb, 0x5a, 0xcb, 0x5a, 0xcb, 0x5a,
    0xcb, 0x5a, 0xcb, 0x5a, 0xcb, 0x5a, 0xcb, 0x5a, 0xcb, 0x5a, 0xcb, 0x5a,
    0xcb, 0x5a, 0xcb, 0x5a, 0xcb, 0x5a, 0xcb, 0x5a, 0xaa, 0x5a, 0xaa, 0x5a,
    0xaa, 0x5a, 0xaa, 0x5a, 0xaa, 0x5a, 0xaa, 0x5a, 0xaa, 0x5a, 0xaa, 0x5a,
    0xaa, 0x5a, 0xaa, 0x5a, 0xaa, 0x5a, 0xaa, 0x5a, 0xaa, 0x5a, 0xcb, 0x5a,
    0xcb, 0x52, 0x0d, 0x53, 0x2e, 0x4b, 0xb2, 0x3b, 0xf5, 0x2b, 0x15, 0x2c,
    0xb2, 0x3b, 0x2e, 0x4b, 0x0d, 0x53, 0xec, 0x52, 0xab, 0x5a, 0xaa, 0x5a,
    0xaa, 0x5a, 0xaa, 0x5a, 0xaa, 0x5a, 0xaa, 0x5a, 0xaa, 0x5a, 0xaa, 0x5a,
    0xaa, 0x5a, 0xaa, 0x5a, 0xaa, 0x5a, 0xaa, 0x5a, 0xaa, 0x5a, 0xaa, 0x5a,
    0xaa, 0x5a, 0xaa, 0x5a, 0xaa, 0x5a, 0xaa, 0x5a, 0xaa, 0x5a, 0xaa, 0x5a,
    0xaa, 0x5a, 0xaa, 0x5a, 0xaa, 0x5a, 0xaa, 0x5a, 0xaa, 0x5a, 0xaa, 0x5a,
    0xcb, 0x5a, 0x0d, 0x4b, 0x15, 0x2c, 0xfc, 0x0c, 0x5f, 0x05, 0x5f, 0x05,
    0x5f, 0x05, 0x5f, 0x05, 0x5f, 0x05, 0x5f, 0x05, 0xfc, 0x0c, 0x15, 0x2c,
    0x0d, 0x4b, 0xcb, 0x5a, 0xaa, 0x5a, 0xaa, 0x5a, 0xaa, 0x5a, 0xaa, 0x5a,
    0xaa, 0x5a, 0xaa, 0x5a, 0xaa, 0x5a, 0xaa, 0x5a, 0xaa, 0x5a, 0xaa, 0x5a,
    0xaa, 0x5a, 0xaa, 0x5a, 0xaa, 0x5a, 0xaa, 0x5a, 0xaa, 0x5a, 0xaa, 0x5a,
    0xaa, 0x5a, 0xaa, 0x5a, 0xaa, 0x5a, 0xaa, 0x5a, 0xaa, 0x5a, 0xaa, 0x5a,
    0xaa, 0x5a, 0xcb, 0x52, 0x70, 0x43, 0xfc, 0x0c, 0x5f, 0x05, 0x5f, 0x05,
    0x9f, 0x25, 0xbe, 0x45, 0xdd, 0x5d, 0xbc, 0x5d, 0x9d, 0x45, 0x7e, 0x1d,
    0x5f, 0x05, 0x5f, 0x05, 0xdc, 0x0c, 0x70, 0x43, 0xcb, 0x52, 0xaa, 0x5a,
    0xaa, 0x5a, 0xaa, 0x5a, 0xaa, 0x5a, 0xaa, 0x5a, 0xaa, 0x5a, 0xaa, 0x5a,
    0xaa, 0x5a, 0xaa, 0x5a, 0xaa, 0x5a, 0xaa, 0x5a, 0xaa, 0x5a, 0xaa, 0x5a,
    0xaa, 0x5a, 0xaa, 0x5a, 0xaa, 0x5a, 0xaa, 0x5a, 0xaa, 0x5a, 0xaa, 0x5a,
    0xaa, 0x5a, 0xaa, 0x5a, 0xcb, 0x52, 0xb3, 0x33, 0x3e, 0x05, 0x5f, 0x05,
    0xbe, 0x35, 0x5c, 0x9e, 0x7b, 0xb6, 0x5a, 0xbe, 0x39, 0xbe, 0x19, 0xb6,
    0xd8, 0xad, 0xb8, 0x9d, 0x99, 0x85, 0x5d, 0x2d, 0x5f, 0x05, 0x3e, 0x05,
    0xb3, 0x33, 0xcb, 0x52, 0xaa, 0x5a, 0xaa, 0x5a, 0xaa, 0x5a, 0xaa, 0x5a,
    0xaa, 0x5a, 0xaa, 0x5a, 0xaa, 0x5a, 0xaa, 0x5a, 0xaa, 0x5a, 0xaa, 0x5a,
    0x8a, 0x5a, 0x8a, 0x5a, 0x8a, 0x5a, 0x8a, 0x5a, 0x8a, 0x5a, 0x8a, 0x5a,
    0x8a, 0x5a, 0x8a, 0x5a, 0x8a, 0x5a, 0xaa, 0x52, 0x50, 0x43, 0x3e, 0x05,
    0x5f, 0x05, 0xfd, 0x65, 0x7b, 0xb6, 0x7a, 0xce, 0x59, 0xc6, 0x39, 0xc6,
    0x18, 0xbe, 0xf8, 0xbd, 0xb7, 0xb5, 0x97, 0xad, 0x76, 0xa5, 0x57, 0x95,
    0x5b, 0x4d, 0x5f, 0x05, 0x3e, 0x05, 0x50, 0x43, 0xaa, 0x52, 0x8a, 0x5a,
    0x8a, 0x5a, 0x8a, 0x5a, 0x8a, 0x5a, 0x8a, 0x5a, 0x8a, 0x5a, 0x8a, 0x5a,
    0x8a, 0x5a, 0x8a, 0x5a, 0x8a, 0x5a, 0x8a, 0x5a, 0x8a, 0x5a, 0x8a, 0x5a,
    0x8a, 0x5a, 0x8a, 0x5a, 0x8a, 0x5a, 0x8a, 0x5a, 0x8a, 0x5a, 0xed, 0x4a,
    0xdc, 0x0c, 0x5f, 0x05, 0xfd, 0x65, 0x9b, 0xbe, 0x7a, 0xce, 0x59, 0xce,
    0x39, 0xc6, 0x18, 0xbe, 0xf8, 0xbd, 0xd7, 0xb5, 0x97, 0xb5, 0x76, 0xad,
    0x56, 0xa5, 0x35, 0x9d, 0x16, 0x8d, 0x3a, 0x45, 0x5f, 0x05, 0xdc, 0x0c,
    0xed, 0x4a, 0x8a, 0x5a, 0x8a, 0x5a, 0x8a, 0x5a, 0x8a, 0x5a, 0x8a, 0x5a,
    0x8a, 0x5a, 0x8a, 0x5a, 0x8a, 0x5a, 0x8a, 0x5a, 0x8a, 0x5a, 0x8a, 0x5a,
    0x8a, 0x5a, 0x8a, 0x5a, 0x8a, 0x5a, 0x8a, 0x5a, 0x8a, 0x5a, 0x8a, 0x5a,
    0xab, 0x52, 0xf5, 0x2b, 0x5f, 0x05, 0xbe, 0x35, 0x7b, 0xb6, 0x7a, 0xce,
    0x59, 0xce, 0x39, 0xc6, 0x18, 0xbe, 0xf8, 0xbd, 0xb7, 0xb5, 0x97, 0xb5,
    0x76, 0xad, 0x56, 0xa5, 0x35, 0xa5, 0x15, 0x9d, 0xd4, 0x94, 0xd5, 0x7c,
    0x3c, 0x25, 0x5f, 0x05, 0xf5, 0x2b, 0xab, 0x52, 0x8a, 0x5a, 0x8a, 0x5a,
    0x8a, 0x5a, 0x8a, 0x5a, 0x8a, 0x5a, 0x8a, 0x5a, 0x8a, 0x5a, 0x8a, 0x5a,
    0x69, 0x5a, 0x8a, 0x5a, 0x8a, 0x5a, 0x8a, 0x5a, 0x69, 0x5a, 0x8a, 0x5a,
    0x8a, 0x5a, 0x8a, 0x5a, 0xcc, 0x4a, 0xdc, 0x0c, 0x5f, 0x05, 0x5c, 0x9e,
    0x7a, 0xce, 0x59, 0xce, 0x39, 0xc6, 0x18, 0xbe, 0xf8, 0xbd, 0xd7, 0xb5,
    0x97, 0xb5, 0x76, 0xad, 0x56, 0xa5, 0x35, 0xa5, 0x15, 0x9d, 0xf4, 0x9c,
    0xb4, 0x94, 0x93, 0x8c, 0xb6, 0x64, 0x5f, 0x05, 0xdc, 0x0c, 0xcc, 0x4a,
    0x8a, 0x5a, 0x8a, 0x5a, 0x69, 0x5a, 0x8a, 0x5a, 0x8a, 0x5a, 0x8a, 0x5a,
    0x69, 0x5a, 0x8a, 0x5a, 0x69, 0x52, 0x69, 0x52, 0x69, 0x52, 0x69, 0x52,
    0x69, 0x52, 0x69, 0x52, 0x69, 0x52, 0x69, 0x52, 0xed, 0x42, 0x5f, 0x05,
    0x9f, 0x25, 0x5b, 0xb6, 0x59, 0xc6, 0x39, 0xc6, 0x18, 0xbe, 0xf8, 0xbd,
    0xb7, 0xb5, 0x97, 0xb5, 0x76, 0xad, 0x56, 0xa5, 0x35, 0xa5, 0x15, 0x9d,
    0xd4, 0x94, 0xb3, 0x94, 0x93, 0x8c, 0x72, 0x84, 0x73, 0x74, 0x1d, 0x15,
    0x5f, 0x05, 0xed, 0x42, 0x69, 0x52, 0x69, 0x52, 0x69, 0x52, 0x69, 0x52,
    0x69, 0x52, 0x69, 0x52, 0x69, 0x52, 0x69, 0x52, 0x69, 0x52, 0x69, 0x52,
    0x69, 0x52, 0x69, 0x52, 0x69, 0x52, 0x69, 0x52, 0x69, 0x52, 0x8a, 0x52,
    0x92, 0x33, 0x5f, 0x05, 0xbe, 0x45, 0x5a, 0xbe, 0x39, 0xc6, 0x18, 0xbe,
    0xf8, 0xbd, 0xd7, 0xb5, 0x97, 0xb5, 0x76, 0xad, 0x56, 0xa5, 0x35, 0xa5,
    0x15, 0x9d, 0xf4, 0x94, 0xb3, 0x94, 0x93, 0x8c, 0x72, 0x8c, 0x52, 0x84,
    0x32, 0x74, 0xfa, 0x2c, 0x5f, 0x05, 0x92, 0x33, 0x8a, 0x52, 0x69, 0x52,
    0x69, 0x52, 0x69, 0x52, 0x69, 0x52, 0x69, 0x52, 0x69, 0x52, 0x69, 0x52,
    0x69, 0x52, 0x69, 0x52, 0x69, 0x52, 0x69, 0x52, 0x69, 0x52, 0x69, 0x52,
    0x69, 0x52, 0x8a, 0x52, 0xd4, 0x2b, 0x5f, 0x05, 0xdd, 0x5d, 0x39, 0xbe,
    0x18, 0xbe, 0xf8, 0xbd, 0xb7, 0xb5, 0x97, 0xb5, 0x76, 0xad, 0x56, 0xa5,
    0x35, 0xa5, 0x15, 0x9d, 0xd4, 0x94, 0xb3, 0x94, 0x93, 0x8c, 0x72, 0x8c,
    0x52, 0x84, 0x11, 0x7c, 0x12, 0x74, 0xb8, 0x34, 0x5f, 0x05, 0xd4, 0x2b,
    0x8a, 0x52, 0x69, 0x52, 0x69, 0x52, 0x69, 0x52, 0x69, 0x52, 0x69, 0x52,
    0x69, 0x52, 0x69, 0x52, 0x49, 0x52, 0x49, 0x52, 0x49, 0x52, 0x49, 0x52,
    0x49, 0x52, 0x49, 0x52, 0x49, 0x52, 0x8a, 0x52, 0xd4, 0x2b, 0x5f, 0x05,
    0xbc, 0x5d, 0x19, 0xb6, 0xf8, 0xbd, 0xd7, 0xb5, 0x97, 0xb5, 0x76, 0xad,
    0x56, 0xa5, 0x35, 0xa5, 0x15, 0x9d, 0xf4, 0x94, 0xb4, 0x94, 0x93, 0x8c,
    0x72, 0x8c, 0x52, 0x84, 0x31, 0x7c, 0xf1, 0x7b, 0xf1, 0x6b, 0x98, 0x34,
    0x5f, 0x05, 0xd4, 0x2b, 0x8a, 0x52, 0x49, 0x52, 0x49, 0x52, 0x49, 0x52,
    0x49, 0x52, 0x49, 0x52, 0x49, 0x52, 0x49, 0x52, 0x49, 0x52, 0x49, 0x52,
    0x49, 0x52, 0x49, 0x52, 0x49, 0x52, 0x49, 0x52, 0x49, 0x52, 0x6a, 0x52,
    0x71, 0x33, 0x5f, 0x05, 0x9d, 0x45, 0xd8, 0xad, 0xb7, 0xb5, 0x97, 0xb5,
    0x76, 0xad, 0x56, 0xa5, 0x35, 0xa5, 0x15, 0x9d, 0xd4, 0x94, 0xb3, 0x94,
    0x93, 0x8c, 0x72, 0x8c, 0x52, 0x84, 0x11, 0x7c, 0xf1, 0x7b, 0xd0, 0x73,
    0xd1, 0x63, 0xba, 0x24, 0x5f, 0x05, 0x71, 0x33, 0x69, 0x52, 0x49, 0x52,
    0x49, 0x52, 0x49, 0x52, 0x49, 0x52, 0x49, 0x52, 0x49, 0x52, 0x49, 0x52,
    0x49, 0x52, 0x49, 0x52, 0x49, 0x52, 0x49, 0x52, 0x49, 0x52, 0x49, 0x52,
    0x49, 0x52, 0x49, 0x52, 0xcd, 0x42, 0x5f, 0x05, 0x7e, 0x1d, 0xb8, 0x9d,
    0x97, 0xad, 0x76, 0xad, 0x56, 0xa5, 0x35, 0xa5, 0x15, 0x9d, 0xf4, 0x94,
    0xb3, 0x94, 0x93, 0x8c, 0x72, 0x8c, 0x52, 0x84, 0x31, 0x7c, 0xf1, 0x7b,
    0xd0, 0x73, 0xb0, 0x73, 0xd1, 0x5b, 0xfd, 0x14, 0x5f, 0x05, 0xcd, 0x42,
    0x49, 0x52, 0x49, 0x52, 0x49, 0x52, 0x49, 0x52, 0x49, 0x52, 0x49, 0x52,
    0x49, 0x52, 0x49, 0x52, 0x28, 0x52, 0x49, 0x52, 0x28, 0x52, 0x49, 0x52,
    0x28, 0x52, 0x49, 0x52, 0x28, 0x52, 0x49, 0x52, 0x8b, 0x4a, 0xdc, 0x0c,
    0x5f, 0x05, 0x99, 0x85, 0x76, 0xa5, 0x56, 0xa5, 0x35, 0xa5, 0x15, 0x9d,
    0xd4, 0x94, 0xb3, 0x94, 0x93, 0x8c, 0x72, 0x8c, 0x52, 0x84, 0x31, 0x7c,
    0xf1, 0x7b, 0xd0, 0x73, 0xb0, 0x6b, 0x90, 0x6b, 0xf3, 0x4b, 0x5f, 0x05,
    0xdc, 0x0c, 0x8b, 0x4a, 0x29, 0x52, 0x49, 0x52, 0x28, 0x52, 0x49, 0x52,
    0x28, 0x52, 0x49, 0x52, 0x28, 0x52, 0x49, 0x52, 0x28, 0x52, 0x28, 0x52,
    0x28, 0x52, 0x28, 0x52, 0x28, 0x52, 0x28, 0x52, 0x28, 0x52, 0x28, 0x52,
    0x6a, 0x4a, 0xd4, 0x2b, 0x5f, 0x05, 0x5d, 0x2d, 0x57, 0x95, 0x35, 0x9d,
    0x15, 0x9d, 0xf4, 0x9c, 0xb4, 0x94, 0x93, 0x8c, 0x72, 0x8c, 0x52, 0x84,
    0x31, 0x7c, 0xf1, 0x7b, 0xd0, 0x73, 0xb0, 0x73, 0x8f, 0x6b, 0xb1, 0x5b,
    0xdb, 0x1c, 0x5f, 0x05, 0xd4, 0x2b, 0x6a, 0x4a, 0x28, 0x52, 0x28, 0x52,
    0x28, 0x52, 0x28, 0x52, 0x28, 0x52, 0x28, 0x52, 0x28, 0x52, 0x28, 0x52,
    0x28, 0x52, 0x28, 0x52, 0x28, 0x52, 0x28, 0x52, 0x28, 0x52, 0x28, 0x52,
    0x28, 0x52, 0xcb, 0x9a, 0xcb, 0x9a, 0xcc, 0x6a, 0xdc, 0x0c, 0x5f, 0x05,
    0x5b, 0x4d, 0x16, 0x8d, 0xd4, 0x94, 0xb3, 0x94, 0x93, 0x8c, 0x72, 0x8c,
    0x52, 0x84, 0x11, 0x7c, 0xf1, 0x7b, 0xd0, 0x73, 0xb0, 0x6b, 0x8f, 0x6b,
    0x90, 0x5b, 0x78, 0x2c, 0x5f, 0x05, 0xdc, 0x0c, 0x0d, 0x93, 0xcb, 0x9a,
    0xcb, 0x9a, 0x28, 0x52, 0x28, 0x52, 0x28, 0x52, 0x28, 0x52, 0x28, 0x52,
    0x28, 0x52, 0x28, 0x52, 0x28, 0x52, 0x28, 0x52, 0x28, 0x52, 0x28, 0x52,
    0x28, 0x52, 0x28, 0x52, 0x28, 0x52, 0x0c, 0xbb, 0x4e, 0xe3, 0x49, 0x4a,
    0x0f, 0x3b, 0x3e, 0x05, 0x5f, 0x05, 0x3a, 0x45, 0xd5, 0x7c, 0x93, 0x8c,
    0x72, 0x84, 0x52, 0x84, 0x31, 0x7c, 0xf1, 0x7b, 0xd0, 0x73, 0xb0, 0x73,
    0x90, 0x6b, 0xb1, 0x5b, 0x78, 0x2c, 0x5f, 0x05, 0x3e, 0x05, 0x0f, 0x3b,
    0x49, 0x4a, 0x0c, 0xbb, 0x4e, 0xe3, 0x28, 0x52, 0x28, 0x52, 0x28, 0x52,
    0x28, 0x52, 0x28, 0x52, 0x28, 0x52, 0x28, 0x52, 0x08, 0x52, 0x08, 0x52,
    0x08, 0x52, 0x08, 0x52, 0x08, 0x52, 0x08, 0x52, 0x08, 0x52, 0x69, 0x72,
    0x69, 0x72, 0x08, 0x52, 0x49, 0x4a, 0x71, 0x33, 0x3e, 0x05, 0x5f, 0x05,
    0x3c, 0x25, 0xb6, 0x64, 0x73, 0x74, 0x32, 0x74, 0x12, 0x74, 0xf1, 0x6b,
    0xd1, 0x63, 0xd1, 0x5b, 0xf3, 0x4b, 0xdb, 0x1c, 0x5f, 0x05, 0x3e, 0x05,
    0x71, 0x33, 0x49, 0x4a, 0x08, 0x52, 0x69, 0x72, 0xab, 0x9a, 0x08, 0x52,
    0x08, 0x52, 0x08, 0x52, 0x08, 0x52, 0x08, 0x52, 0x08, 0x52, 0x08, 0x52,
    0x08, 0x52, 0x08, 0x52, 0x08, 0x52, 0x08, 0x52, 0x08, 0x52, 0x08, 0x52,
    0x08, 0x52, 0x08, 0x52, 0x08, 0x52, 0x08, 0x52, 0x28, 0x4a, 0x49, 0x4a,
    0xee, 0x3a, 0xdc, 0x0c, 0x5f, 0x05, 0x5f, 0x05, 0x1d, 0x15, 0xfa, 0x2c,
    0xb8, 0x34, 0x98, 0x34, 0xba, 0x24, 0xfd, 0x14, 0x5f, 0x05, 0x5f, 0x05,
    0xdc, 0x0c, 0x0e, 0x3b, 0x49, 0x4a, 0x28, 0x4a, 0x08, 0x52, 0x08, 0x52,
    0x08, 0x52, 0x08, 0x52, 0x08, 0x52, 0x08, 0x52, 0x08, 0x52, 0x08, 0x52,
    0x08, 0x52, 0x08, 0x52, 0x08, 0x4a, 0x08, 0x4a, 0x08, 0x4a, 0x08, 0x4a,
    0x08, 0x4a, 0x08, 0x4a, 0x08, 0x4a, 0x08, 0x4a, 0x08, 0x4a, 0x08, 0x4a,
    0x08, 0x4a, 0x08, 0x4a, 0x28, 0x4a, 0x8b, 0x42, 0xb4, 0x23, 0xdc, 0x0c,
    0x5f, 0x05, 0x5f, 0x05, 0x5f, 0x05, 0x5f, 0x05, 0x5f, 0x05, 0x5f, 0x05,
    0xdc, 0x0c, 0xb4, 0x23, 0x8b, 0x42, 0x28, 0x4a, 0x08, 0x4a, 0x08, 0x4a,
    0x08, 0x4a, 0x08, 0x4a, 0x08, 0x4a, 0x08, 0x4a, 0x08, 0x4a, 0x08, 0x4a,
    0x08, 0x4a, 0x08, 0x4a, 0x08, 0x4a, 0x08, 0x4a, 0x08, 0x4a, 0x08, 0x4a,
    0x08, 0x4a, 0x08, 0x4a, 0x08, 0x4a, 0x08, 0x4a, 0x08, 0x4a, 0x08, 0x4a,
    0x08, 0x4a, 0x08, 0x4a, 0x08, 0x4a, 0x08, 0x4a, 0x08, 0x4a, 0x08, 0x4a,
    0x29, 0x4a, 0x6a, 0x42, 0xac, 0x42, 0x51, 0x33, 0xb3, 0x2b, 0xb4, 0x2b,
    0x51, 0x33, 0xac, 0x42, 0x6a, 0x42, 0x29, 0x4a, 0x08, 0x4a, 0x08, 0x4a,
    0x08, 0x4a, 0x08, 0x4a, 0x08, 0x4a, 0x08, 0x4a, 0x08, 0x4a, 0x08, 0x4a,
    0x08, 0x4a, 0x08, 0x4a, 0x08, 0x4a, 0x08, 0x4a, 0x08, 0x4a, 0x08, 0x4a,
    0xe7, 0x49, 0xe7, 0x49, 0xe7, 0x49, 0xe7, 0x49, 0xe7, 0x49, 0xe7, 0x49,
    0xe7, 0x49, 0xe7, 0x49, 0xe7, 0x49, 0xe7, 0x49, 0xe7, 0x49, 0xe7, 0x49,
    0xe7, 0x49, 0xe7, 0x49, 0xe7, 0x49, 0xe8, 0x49, 0x08, 0x4a, 0x08, 0x4a,
    0x29, 0x4a, 0x29, 0x4a, 0x08, 0x4a, 0x08, 0x4a, 0xe8, 0x49, 0xe7, 0x49,
    0xe7, 0x49, 0xe7, 0x49, 0xe7, 0x49, 0xe7, 0x49, 0xe7, 0x49, 0xe7, 0x49,
    0xe7, 0x49, 0xe7, 0x49, 0xe7, 0x49, 0xe7, 0x49, 0xe7, 0x49, 0xe7, 0x49,
    0xe7, 0x49, 0xe7, 0x49, 0xe7, 0x49, 0xe7, 0x49, 0xe7, 0x49, 0xe7, 0x49,
    0xe7, 0x49, 0xe7, 0x49, 0xe7, 0x49, 0xe7, 0x49, 0xe7, 0x49, 0xe7, 0x49,
    0xe7, 0x49, 0xe7, 0x49, 0xe7, 0x49, 0xe7, 0x49, 0xe7, 0x49, 0xe7, 0x49,
    0xe7, 0x49, 0xe7, 0x49, 0xe7, 0x49, 0xe7, 0x49, 0xe7, 0x49, 0xe7, 0x49,
    0xe7, 0x49, 0xe7, 0x49, 0xe7, 0x49, 0xe7, 0x49, 0xe7, 0x49, 0xe7, 0x49,
    0xe7, 0x49, 0xe7, 0x49, 0xe7, 0x49, 0xe7, 0x49, 0xe7, 0x49, 0xe7, 0x49,
    0xe7, 0x49, 0xe7, 0x49, 0xe7, 0x49, 0xe7, 0x49, 0xe7, 0x49, 0xe7, 0x49,
    0xe7, 0x49, 0xe7, 0x49, 0xe7, 0x49, 0xe7, 0x49, 0xe7, 0x49, 0xe7, 0x49,
    0xe7, 0x49, 0xe7, 0x49, 0xe7, 0x49, 0xe7, 0x49, 0xe7, 0x49, 0xe7, 0x49,
    0xe7, 0x49, 0xe7, 0x49, 0xe7, 0x49, 0xe7, 0x49, 0xe7, 0x49, 0xe7, 0x49,
    0xe7, 0x49, 0xe7, 0x49, 0xe7, 0x49, 0xe7, 0x49, 0xe7, 0x49, 0xe7, 0x49,
    0xe7, 0x49, 0xe7, 0x49, 0xe7, 0x49, 0xe7, 0x49, 0xe7, 0x49, 0xe7, 0x49,
    0xe7, 0x49, 0xe7, 0x49, 0xe7, 0x49, 0xe7, 0x49, 0xe7, 0x49, 0xe7, 0x49,
    0xe7, 0x49, 0xe7, 0x49, 0xe7, 0x49, 0xe7, 0x49, 0xe7, 0x49, 0xe7, 0x49,
    0xe7, 0x49, 0xe7, 0x49, 0xe7, 0x49, 0xe7, 0x49, 0xe7, 0x49, 0xe7, 0x49,
    0xe7, 0x49, 0xe7, 0x49, 0xe7, 0x49, 0xe7, 0x49, 0xe7, 0x49, 0xe7, 0x49,
    0xe7, 0x49, 0xe7, 0x49, 0xe7, 0x49, 0xe7, 0x49, 0xe7, 0x49, 0xe7, 0x49,
    0xe7, 0x49, 0xe7, 0x49, 0xe7, 0x49, 0xe7, 0x49, 0xe7, 0x49, 0xe7, 0x49,
    0xe7, 0x49, 0xe7, 0x49, 0xe7, 0x49, 0xe7, 0x49, 0xe7, 0x49, 0xe7, 0x49,
    0xe7, 0x49, 0xe7, 0x49, 0xc7, 0x49, 0xc7, 0x49, 0xc7, 0x49, 0xc7, 0x49,
    0xc7, 0x49, 0xc7, 0x49, 0xc7, 0x49, 0xc7, 0x49, 0xc7, 0x49, 0xc7, 0x49,
    0xc7, 0x49, 0xc7, 0x49, 0xc7, 0x49, 0xc7, 0x49, 0xc7, 0x49, 0xc7, 0x49,
    0xc7, 0x49, 0xc7, 0x49, 0xc7, 0x49, 0xc7, 0x49, 0xc7, 0x49, 0xc7, 0x49,
    0xc7, 0x49, 0xc7, 0x49, 0xc7, 0x49, 0xc7, 0x49, 0xc7, 0x49, 0xc7, 0x49,
    0xc7, 0x49, 0xc7, 0x49, 0xc7, 0x49, 0xc7, 0x49, 0xc7, 0x49, 0xc7, 0x49,
    0xc7, 0x49, 0xc7, 0x49, 0xc7, 0x49, 0xc7, 0x49, 0xc7, 0x49, 0xc7, 0x49,
    0xc7, 0x49, 0xc7, 0x49, 0xc7, 0x49, 0xc7, 0x49, 0xc7, 0x49, 0xc7, 0x49,
    0xc7, 0x49, 0xc7, 0x49, 0xc7, 0x49, 0xc7, 0x49, 0xc7, 0x49, 0xc7, 0x49,
    0xc7, 0x49, 0xc7, 0x49, 0xc7, 0x49, 0xc7, 0x49, 0xc7, 0x49, 0xc7, 0x49,
    0xc7, 0x49, 0xc7, 0x49, 0xc7, 0x49, 0xc7, 0x49, 0xc7, 0x49, 0xc7, 0x49,
    0xc7, 0x49, 0xc7, 0x49, 0xc7, 0x49, 0xc7, 0x49, 0xc7, 0x49, 0xc7, 0x49,
    0xc7, 0x49, 0xc7, 0x49, 0xc7, 0x49, 0xc7, 0x49, 0xc7, 0x49, 0xc7, 0x49,
    0xc7, 0x49, 0xc7, 0x49, 0xc7, 0x49, 0xc7, 0x49, 0xc7, 0x49, 0xc7, 0x49,
    0xc7, 0x49, 0xc7, 0x49, 0xc7, 0x49, 0xc7, 0x49, 0xc7, 0x49, 0xc7, 0x49,
    0xc7, 0x49, 0xc7, 0x49, 0xc7, 0x49, 0xc7, 0x49, 0xc7, 0x49, 0xc7, 0x49,
    0xc7, 0x49, 0xc7, 0x49, 0xc7, 0x49, 0xc7, 0x49, 0xc7, 0x49, 0xc7, 0x49,
    0xc7, 0x49, 0xc7, 0x49, 0xc7, 0x49, 0xc7, 0x49, 0xc7, 0x49, 0xc7, 0x49,
    0xc7, 0x49, 0xc7, 0x49, 0xc7, 0x49, 0xc7, 0x49, 0xc7, 0x49, 0xc7, 0x49,
    0xc7, 0x49, 0xc7, 0x49, 0xc7, 0x49, 0xc7, 0x49, 0xc7, 0x49, 0xc7, 0x49,
    0xc7, 0x49, 0xc7, 0x49, 0xc7, 0x49, 0xc7, 0x49, 0xc7, 0x49, 0xc7, 0x49,
    0xc7, 0x49, 0xc7, 0x49, 0xc7, 0x49, 0xc7, 0x49, 0xc7, 0x49, 0xc7, 0x49,
    0xc7, 0x49, 0xc7, 0x49, 0xc7, 0x49, 0xc7, 0x49, 0xc7, 0x49, 0xc7, 0x49,
    0xc7, 0x49, 0xc7, 0x49, 0xc7, 0x49, 0xc7, 0x49, 0xc7, 0x49, 0xc7, 0x49,
    0xc7, 0x49, 0xc7, 0x49, 0xc7, 0x49, 0xc7, 0x49, 0xc7, 0x49, 0xc7, 0x49,
    0xc7, 0x49, 0xc7, 0x49, 0xc7, 0x49, 0xc7, 0x49
};

const lv_image_dsc_t img_probe_out_4 = {
  .header = {
    .magic = LV_IMAGE_HEADER_MAGIC,
    .cf = LV_COLOR_FORMAT_RGB565,
    .flags = 0,
    .w = 38,
    .h = 38,
    .stride = 76,
    .reserved_2 = 0,
  },
  .data_size = sizeof(img_probe_out_4_map),
  .data = img_probe_out_4_map,
  .reserved = NULL,
};
#else // Fallback for TFT_WIDTH <= 0
// Fallback 38x38 version
static const LV_ATTRIBUTE_MEM_ALIGN LV_ATTRIBUTE_LARGE_CONST LV_ATTRIBUTE_IMG_IMG_PROBE_OUT_4
uint8_t img_probe_out_4_map[] = {
0xeb, 0x62, 0xeb, 0x62, 0xeb, 0x62, 0xeb, 0x62, 0xeb, 0x62, 0xeb, 0x62,
    0xeb, 0x62, 0xeb, 0x62, 0xeb, 0x62, 0xeb, 0x62, 0xeb, 0x62, 0xeb, 0x62,
    0xeb, 0x62, 0xeb, 0x62, 0xeb, 0x62, 0xeb, 0x62, 0xeb, 0x62, 0xeb, 0x62,
    0xeb, 0x62, 0xeb, 0x62, 0xeb, 0x62, 0xeb, 0x62, 0xeb, 0x62, 0xeb, 0x62,
    0xeb, 0x62, 0xeb, 0x62, 0xeb, 0x62, 0xeb, 0x62, 0xeb, 0x62, 0xeb, 0x62,
    0xeb, 0x62, 0xeb, 0x62, 0xeb, 0x62, 0xeb, 0x62, 0xeb, 0x62, 0xeb, 0x62,
    0xeb, 0x62, 0xeb, 0x62, 0xeb, 0x62, 0xeb, 0x62, 0xeb, 0x62, 0xeb, 0x62,
    0xeb, 0x62, 0xeb, 0x62, 0xeb, 0x62, 0xeb, 0x62, 0xeb, 0x62, 0xeb, 0x62,
    0xeb, 0x62, 0xeb, 0x62, 0xeb, 0x62, 0xeb, 0x62, 0xeb, 0x62, 0xeb, 0x62,
    0xeb, 0x62, 0xeb, 0x62, 0xeb, 0x62, 0xeb, 0x62, 0xeb, 0x62, 0xeb, 0x62,
    0xeb, 0x62, 0xeb, 0x62, 0xeb, 0x62, 0xeb, 0x62, 0xeb, 0x62, 0xeb, 0x62,
    0xeb, 0x62, 0xeb, 0x62, 0xeb, 0x62, 0xeb, 0x62, 0xeb, 0x62, 0xeb, 0x62,
    0xeb, 0x62, 0xeb, 0x62, 0xeb, 0x62, 0xeb, 0x62, 0xeb, 0x62, 0xeb, 0x62,
    0xeb, 0x62, 0xeb, 0x62, 0xeb, 0x62, 0xeb, 0x62, 0xeb, 0x62, 0xeb, 0x62,
    0xeb, 0x62, 0xeb, 0x62, 0xeb, 0x62, 0xeb, 0x62, 0xeb, 0x62, 0xeb, 0x62,
    0xeb, 0x62, 0xeb, 0x62, 0xeb, 0x62, 0xeb, 0x62, 0xeb, 0x62, 0xeb, 0x62,
    0xeb, 0x62, 0xeb, 0x62, 0xeb, 0x62, 0xeb, 0x62, 0xeb, 0x62, 0xeb, 0x62,
    0xeb, 0x62, 0xeb, 0x62, 0xeb, 0x62, 0xeb, 0x62, 0xeb, 0x62, 0xeb, 0x62,
    0xeb, 0x62, 0xeb, 0x62, 0xeb, 0x62, 0xeb, 0x62, 0xeb, 0x62, 0xeb, 0x62,
    0xeb, 0x62, 0xeb, 0x62, 0xeb, 0x62, 0xeb, 0x62, 0xeb, 0x62, 0xeb, 0x62,
    0xeb, 0x62, 0xeb, 0x62, 0xeb, 0x62, 0xeb, 0x62, 0xeb, 0x62, 0xeb, 0x62,
    0xeb, 0x62, 0xeb, 0x62, 0xeb, 0x62, 0xeb, 0x62, 0xeb, 0x62, 0xeb, 0x62,
    0xeb, 0x62, 0xeb, 0x62, 0xeb, 0x62, 0xeb, 0x62, 0xeb, 0x62, 0xeb, 0x62,
    0xeb, 0x62, 0xeb, 0x62, 0xeb, 0x62, 0xeb, 0x62, 0xeb, 0x62, 0xeb, 0x62,
    0xeb, 0x62, 0xeb, 0x62, 0xeb, 0x62, 0xeb, 0x62, 0xeb, 0x62, 0xeb, 0x62,
    0xeb, 0x62, 0xeb, 0x62, 0xcb, 0x5a, 0xcb, 0x5a, 0xcb, 0x5a, 0xcb, 0x5a,
    0xcb, 0x5a, 0xcb, 0x5a, 0xcb, 0x5a, 0xcb, 0x5a, 0xcb, 0x5a, 0xcb, 0x5a,
    0xcb, 0x5a, 0xcb, 0x5a, 0xcb, 0x5a, 0xcb, 0x5a, 0xcb, 0x5a, 0xcb, 0x5a,
    0xcb, 0x5a, 0xcb, 0x5a, 0xcb, 0x5a, 0xcb, 0x5a, 0xcb, 0x5a, 0xcb, 0x5a,
    0xcb, 0x5a, 0xcb, 0x5a, 0xcb, 0x5a, 0xcb, 0x5a, 0xcb, 0x5a, 0xcb, 0x5a,
    0xcb, 0x5a, 0xcb, 0x5a, 0xcb, 0x5a, 0xcb, 0x5a, 0xcb, 0x5a, 0xcb, 0x5a,
    0xcb, 0x5a, 0xcb, 0x5a, 0xcb, 0x5a, 0xcb, 0x5a, 0xcb, 0x5a, 0xcb, 0x5a,
    0xcb, 0x5a, 0xcb, 0x5a, 0xcb, 0x5a, 0xcb, 0x5a, 0xcb, 0x5a, 0xcb, 0x5a,
    0xcb, 0x5a, 0xcb, 0x5a, 0xcb, 0x5a, 0xcb, 0x5a, 0xcb, 0x5a, 0xcb, 0x5a,
    0xcb, 0x5a, 0xcb, 0x5a, 0xcb, 0x5a, 0xcb, 0x5a, 0x0c, 0xa3, 0x0c, 0xa3,
    0xec, 0x7a, 0xcb, 0x5a, 0xcb, 0x5a, 0xcb, 0x5a, 0xcb, 0x5a, 0xcb, 0x5a,
    0xcb, 0x5a, 0xcb, 0x5a, 0xcb, 0x5a, 0xcb, 0x5a, 0xcb, 0x5a, 0xcb, 0x5a,
    0xcb, 0x5a, 0xcb, 0x5a, 0xcb, 0x5a, 0xcb, 0x5a, 0xcb, 0x5a, 0xcb, 0x5a,
    0xcb, 0x5a, 0xcb, 0x5a, 0xcb, 0x5a, 0xcb, 0x5a, 0xcb, 0x5a, 0xcb, 0x5a,
    0xcb, 0x5a, 0xcb, 0x5a, 0xcb, 0x5a, 0xcb, 0x5a, 0xcb, 0x5a, 0xcb, 0x5a,
    0xcb, 0x5a, 0xcb, 0x5a, 0xcb, 0x5a, 0xcb, 0x5a, 0xcb, 0x5a, 0xcb, 0x5a,
    0x2d, 0xc3, 0x4e, 0xe3, 0xcb, 0x5a, 0xcb, 0x5a, 0xcb, 0x5a, 0xcb, 0x5a,
    0xcb, 0x5a, 0xcb, 0x5a, 0xcb, 0x5a, 0xcb, 0x5a, 0xcb, 0x5a, 0xcb, 0x5a,
    0xcb, 0x5a, 0xcb, 0x5a, 0xcb, 0x5a, 0xcb, 0x5a, 0xcb, 0x5a, 0xcb, 0x5a,
    0xcb, 0x5a, 0xcb, 0x5a, 0xcb, 0x5a, 0xcb, 0x5a, 0xcb, 0x5a, 0xcb, 0x5a,
    0xcb, 0x5a, 0xcb, 0x5a, 0xcb, 0x5a, 0xcb, 0x5a, 0xcb, 0x5a, 0xcb, 0x5a,
    0xcb, 0x5a, 0xcb, 0x5a, 0xcb, 0x5a, 0xcb, 0x5a, 0xcb, 0x5a, 0xcb, 0x5a,
    0xcb, 0x5a, 0xcb, 0x5a, 0x0c, 0x7b, 0x2d, 0x9b, 0xcb, 0x5a, 0xcb, 0x5a,
    0xcb, 0x5a, 0xcb, 0x5a, 0xcb, 0x5a, 0xcb, 0x5a, 0xcb, 0x5a, 0xcb, 0x5a,
    0xcb, 0x5a, 0xcb, 0x5a, 0xcb, 0x5a, 0xcb, 0x5a, 0xcb, 0x5a, 0xcb, 0x5a,
    0xcb, 0x5a, 0xcb, 0x5a, 0xcb, 0x5a, 0xcb, 0x5a, 0xaa, 0x5a, 0xaa, 0x5a,
    0xaa, 0x5a, 0xaa, 0x5a, 0xaa, 0x5a, 0xaa, 0x5a, 0xaa, 0x5a, 0xaa, 0x5a,
    0xaa, 0x5a, 0xaa, 0x5a, 0xaa, 0x5a, 0xaa, 0x5a, 0xaa, 0x5a, 0xcb, 0x5a,
    0xcb, 0x52, 0x0d, 0x53, 0x2e, 0x4b, 0xb2, 0x3b, 0xf5, 0x2b, 0x15, 0x2c,
    0xb2, 0x3b, 0x2e, 0x4b, 0x0d, 0x53, 0xec, 0x52, 0xab, 0x5a, 0xaa, 0x5a,
    0xaa, 0x5a, 0xaa, 0x5a, 0xaa, 0x5a, 0xaa, 0x5a, 0xaa, 0x5a, 0xaa, 0x5a,
    0xaa, 0x5a, 0xaa, 0x5a, 0xaa, 0x5a, 0xaa, 0x5a, 0xaa, 0x5a, 0xaa, 0x5a,
    0xaa, 0x5a, 0xaa, 0x5a, 0xaa, 0x5a, 0xaa, 0x5a, 0xaa, 0x5a, 0xaa, 0x5a,
    0xaa, 0x5a, 0xaa, 0x5a, 0xaa, 0x5a, 0xaa, 0x5a, 0xaa, 0x5a, 0xaa, 0x5a,
    0xcb, 0x5a, 0x0d, 0x4b, 0x15, 0x2c, 0xfc, 0x0c, 0x5f, 0x05, 0x5f, 0x05,
    0x5f, 0x05, 0x5f, 0x05, 0x5f, 0x05, 0x5f, 0x05, 0xfc, 0x0c, 0x15, 0x2c,
    0x0d, 0x4b, 0xcb, 0x5a, 0xaa, 0x5a, 0xaa, 0x5a, 0xaa, 0x5a, 0xaa, 0x5a,
    0xaa, 0x5a, 0xaa, 0x5a, 0xaa, 0x5a, 0xaa, 0x5a, 0xaa, 0x5a, 0xaa, 0x5a,
    0xaa, 0x5a, 0xaa, 0x5a, 0xaa, 0x5a, 0xaa, 0x5a, 0xaa, 0x5a, 0xaa, 0x5a,
    0xaa, 0x5a, 0xaa, 0x5a, 0xaa, 0x5a, 0xaa, 0x5a, 0xaa, 0x5a, 0xaa, 0x5a,
    0xaa, 0x5a, 0xcb, 0x52, 0x70, 0x43, 0xfc, 0x0c, 0x5f, 0x05, 0x5f, 0x05,
    0x9f, 0x25, 0xbe, 0x45, 0xdd, 0x5d, 0xbc, 0x5d, 0x9d, 0x45, 0x7e, 0x1d,
    0x5f, 0x05, 0x5f, 0x05, 0xdc, 0x0c, 0x70, 0x43, 0xcb, 0x52, 0xaa, 0x5a,
    0xaa, 0x5a, 0xaa, 0x5a, 0xaa, 0x5a, 0xaa, 0x5a, 0xaa, 0x5a, 0xaa, 0x5a,
    0xaa, 0x5a, 0xaa, 0x5a, 0xaa, 0x5a, 0xaa, 0x5a, 0xaa, 0x5a, 0xaa, 0x5a,
    0xaa, 0x5a, 0xaa, 0x5a, 0xaa, 0x5a, 0xaa, 0x5a, 0xaa, 0x5a, 0xaa, 0x5a,
    0xaa, 0x5a, 0xaa, 0x5a, 0xcb, 0x52, 0xb3, 0x33, 0x3e, 0x05, 0x5f, 0x05,
    0xbe, 0x35, 0x5c, 0x9e, 0x7b, 0xb6, 0x5a, 0xbe, 0x39, 0xbe, 0x19, 0xb6,
    0xd8, 0xad, 0xb8, 0x9d, 0x99, 0x85, 0x5d, 0x2d, 0x5f, 0x05, 0x3e, 0x05,
    0xb3, 0x33, 0xcb, 0x52, 0xaa, 0x5a, 0xaa, 0x5a, 0xaa, 0x5a, 0xaa, 0x5a,
    0xaa, 0x5a, 0xaa, 0x5a, 0xaa, 0x5a, 0xaa, 0x5a, 0xaa, 0x5a, 0xaa, 0x5a,
    0x8a, 0x5a, 0x8a, 0x5a, 0x8a, 0x5a, 0x8a, 0x5a, 0x8a, 0x5a, 0x8a, 0x5a,
    0x8a, 0x5a, 0x8a, 0x5a, 0x8a, 0x5a, 0xaa, 0x52, 0x50, 0x43, 0x3e, 0x05,
    0x5f, 0x05, 0xfd, 0x65, 0x7b, 0xb6, 0x7a, 0xce, 0x59, 0xc6, 0x39, 0xc6,
    0x18, 0xbe, 0xf8, 0xbd, 0xb7, 0xb5, 0x97, 0xad, 0x76, 0xa5, 0x57, 0x95,
    0x5b, 0x4d, 0x5f, 0x05, 0x3e, 0x05, 0x50, 0x43, 0xaa, 0x52, 0x8a, 0x5a,
    0x8a, 0x5a, 0x8a, 0x5a, 0x8a, 0x5a, 0x8a, 0x5a, 0x8a, 0x5a, 0x8a, 0x5a,
    0x8a, 0x5a, 0x8a, 0x5a, 0x8a, 0x5a, 0x8a, 0x5a, 0x8a, 0x5a, 0x8a, 0x5a,
    0x8a, 0x5a, 0x8a, 0x5a, 0x8a, 0x5a, 0x8a, 0x5a, 0x8a, 0x5a, 0xed, 0x4a,
    0xdc, 0x0c, 0x5f, 0x05, 0xfd, 0x65, 0x9b, 0xbe, 0x7a, 0xce, 0x59, 0xce,
    0x39, 0xc6, 0x18, 0xbe, 0xf8, 0xbd, 0xd7, 0xb5, 0x97, 0xb5, 0x76, 0xad,
    0x56, 0xa5, 0x35, 0x9d, 0x16, 0x8d, 0x3a, 0x45, 0x5f, 0x05, 0xdc, 0x0c,
    0xed, 0x4a, 0x8a, 0x5a, 0x8a, 0x5a, 0x8a, 0x5a, 0x8a, 0x5a, 0x8a, 0x5a,
    0x8a, 0x5a, 0x8a, 0x5a, 0x8a, 0x5a, 0x8a, 0x5a, 0x8a, 0x5a, 0x8a, 0x5a,
    0x8a, 0x5a, 0x8a, 0x5a, 0x8a, 0x5a, 0x8a, 0x5a, 0x8a, 0x5a, 0x8a, 0x5a,
    0xab, 0x52, 0xf5, 0x2b, 0x5f, 0x05, 0xbe, 0x35, 0x7b, 0xb6, 0x7a, 0xce,
    0x59, 0xce, 0x39, 0xc6, 0x18, 0xbe, 0xf8, 0xbd, 0xb7, 0xb5, 0x97, 0xb5,
    0x76, 0xad, 0x56, 0xa5, 0x35, 0xa5, 0x15, 0x9d, 0xd4, 0x94, 0xd5, 0x7c,
    0x3c, 0x25, 0x5f, 0x05, 0xf5, 0x2b, 0xab, 0x52, 0x8a, 0x5a, 0x8a, 0x5a,
    0x8a, 0x5a, 0x8a, 0x5a, 0x8a, 0x5a, 0x8a, 0x5a, 0x8a, 0x5a, 0x8a, 0x5a,
    0x69, 0x5a, 0x8a, 0x5a, 0x8a, 0x5a, 0x8a, 0x5a, 0x69, 0x5a, 0x8a, 0x5a,
    0x8a, 0x5a, 0x8a, 0x5a, 0xcc, 0x4a, 0xdc, 0x0c, 0x5f, 0x05, 0x5c, 0x9e,
    0x7a, 0xce, 0x59, 0xce, 0x39, 0xc6, 0x18, 0xbe, 0xf8, 0xbd, 0xd7, 0xb5,
    0x97, 0xb5, 0x76, 0xad, 0x56, 0xa5, 0x35, 0xa5, 0x15, 0x9d, 0xf4, 0x9c,
    0xb4, 0x94, 0x93, 0x8c, 0xb6, 0x64, 0x5f, 0x05, 0xdc, 0x0c, 0xcc, 0x4a,
    0x8a, 0x5a, 0x8a, 0x5a, 0x69, 0x5a, 0x8a, 0x5a, 0x8a, 0x5a, 0x8a, 0x5a,
    0x69, 0x5a, 0x8a, 0x5a, 0x69, 0x52, 0x69, 0x52, 0x69, 0x52, 0x69, 0x52,
    0x69, 0x52, 0x69, 0x52, 0x69, 0x52, 0x69, 0x52, 0xed, 0x42, 0x5f, 0x05,
    0x9f, 0x25, 0x5b, 0xb6, 0x59, 0xc6, 0x39, 0xc6, 0x18, 0xbe, 0xf8, 0xbd,
    0xb7, 0xb5, 0x97, 0xb5, 0x76, 0xad, 0x56, 0xa5, 0x35, 0xa5, 0x15, 0x9d,
    0xd4, 0x94, 0xb3, 0x94, 0x93, 0x8c, 0x72, 0x84, 0x73, 0x74, 0x1d, 0x15,
    0x5f, 0x05, 0xed, 0x42, 0x69, 0x52, 0x69, 0x52, 0x69, 0x52, 0x69, 0x52,
    0x69, 0x52, 0x69, 0x52, 0x69, 0x52, 0x69, 0x52, 0x69, 0x52, 0x69, 0x52,
    0x69, 0x52, 0x69, 0x52, 0x69, 0x52, 0x69, 0x52, 0x69, 0x52, 0x8a, 0x52,
    0x92, 0x33, 0x5f, 0x05, 0xbe, 0x45, 0x5a, 0xbe, 0x39, 0xc6, 0x18, 0xbe,
    0xf8, 0xbd, 0xd7, 0xb5, 0x97, 0xb5, 0x76, 0xad, 0x56, 0xa5, 0x35, 0xa5,
    0x15, 0x9d, 0xf4, 0x94, 0xb3, 0x94, 0x93, 0x8c, 0x72, 0x8c, 0x52, 0x84,
    0x32, 0x74, 0xfa, 0x2c, 0x5f, 0x05, 0x92, 0x33, 0x8a, 0x52, 0x69, 0x52,
    0x69, 0x52, 0x69, 0x52, 0x69, 0x52, 0x69, 0x52, 0x69, 0x52, 0x69, 0x52,
    0x69, 0x52, 0x69, 0x52, 0x69, 0x52, 0x69, 0x52, 0x69, 0x52, 0x69, 0x52,
    0x69, 0x52, 0x8a, 0x52, 0xd4, 0x2b, 0x5f, 0x05, 0xdd, 0x5d, 0x39, 0xbe,
    0x18, 0xbe, 0xf8, 0xbd, 0xb7, 0xb5, 0x97, 0xb5, 0x76, 0xad, 0x56, 0xa5,
    0x35, 0xa5, 0x15, 0x9d, 0xd4, 0x94, 0xb3, 0x94, 0x93, 0x8c, 0x72, 0x8c,
    0x52, 0x84, 0x11, 0x7c, 0x12, 0x74, 0xb8, 0x34, 0x5f, 0x05, 0xd4, 0x2b,
    0x8a, 0x52, 0x69, 0x52, 0x69, 0x52, 0x69, 0x52, 0x69, 0x52, 0x69, 0x52,
    0x69, 0x52, 0x69, 0x52, 0x49, 0x52, 0x49, 0x52, 0x49, 0x52, 0x49, 0x52,
    0x49, 0x52, 0x49, 0x52, 0x49, 0x52, 0x8a, 0x52, 0xd4, 0x2b, 0x5f, 0x05,
    0xbc, 0x5d, 0x19, 0xb6, 0xf8, 0xbd, 0xd7, 0xb5, 0x97, 0xb5, 0x76, 0xad,
    0x56, 0xa5, 0x35, 0xa5, 0x15, 0x9d, 0xf4, 0x94, 0xb4, 0x94, 0x93, 0x8c,
    0x72, 0x8c, 0x52, 0x84, 0x31, 0x7c, 0xf1, 0x7b, 0xf1, 0x6b, 0x98, 0x34,
    0x5f, 0x05, 0xd4, 0x2b, 0x8a, 0x52, 0x49, 0x52, 0x49, 0x52, 0x49, 0x52,
    0x49, 0x52, 0x49, 0x52, 0x49, 0x52, 0x49, 0x52, 0x49, 0x52, 0x49, 0x52,
    0x49, 0x52, 0x49, 0x52, 0x49, 0x52, 0x49, 0x52, 0x49, 0x52, 0x6a, 0x52,
    0x71, 0x33, 0x5f, 0x05, 0x9d, 0x45, 0xd8, 0xad, 0xb7, 0xb5, 0x97, 0xb5,
    0x76, 0xad, 0x56, 0xa5, 0x35, 0xa5, 0x15, 0x9d, 0xd4, 0x94, 0xb3, 0x94,
    0x93, 0x8c, 0x72, 0x8c, 0x52, 0x84, 0x11, 0x7c, 0xf1, 0x7b, 0xd0, 0x73,
    0xd1, 0x63, 0xba, 0x24, 0x5f, 0x05, 0x71, 0x33, 0x69, 0x52, 0x49, 0x52,
    0x49, 0x52, 0x49, 0x52, 0x49, 0x52, 0x49, 0x52, 0x49, 0x52, 0x49, 0x52,
    0x49, 0x52, 0x49, 0x52, 0x49, 0x52, 0x49, 0x52, 0x49, 0x52, 0x49, 0x52,
    0x49, 0x52, 0x49, 0x52, 0xcd, 0x42, 0x5f, 0x05, 0x7e, 0x1d, 0xb8, 0x9d,
    0x97, 0xad, 0x76, 0xad, 0x56, 0xa5, 0x35, 0xa5, 0x15, 0x9d, 0xf4, 0x94,
    0xb3, 0x94, 0x93, 0x8c, 0x72, 0x8c, 0x52, 0x84, 0x31, 0x7c, 0xf1, 0x7b,
    0xd0, 0x73, 0xb0, 0x73, 0xd1, 0x5b, 0xfd, 0x14, 0x5f, 0x05, 0xcd, 0x42,
    0x49, 0x52, 0x49, 0x52, 0x49, 0x52, 0x49, 0x52, 0x49, 0x52, 0x49, 0x52,
    0x49, 0x52, 0x49, 0x52, 0x28, 0x52, 0x49, 0x52, 0x28, 0x52, 0x49, 0x52,
    0x28, 0x52, 0x49, 0x52, 0x28, 0x52, 0x49, 0x52, 0x8b, 0x4a, 0xdc, 0x0c,
    0x5f, 0x05, 0x99, 0x85, 0x76, 0xa5, 0x56, 0xa5, 0x35, 0xa5, 0x15, 0x9d,
    0xd4, 0x94, 0xb3, 0x94, 0x93, 0x8c, 0x72, 0x8c, 0x52, 0x84, 0x31, 0x7c,
    0xf1, 0x7b, 0xd0, 0x73, 0xb0, 0x6b, 0x90, 0x6b, 0xf3, 0x4b, 0x5f, 0x05,
    0xdc, 0x0c, 0x8b, 0x4a, 0x29, 0x52, 0x49, 0x52, 0x28, 0x52, 0x49, 0x52,
    0x28, 0x52, 0x49, 0x52, 0x28, 0x52, 0x49, 0x52, 0x28, 0x52, 0x28, 0x52,
    0x28, 0x52, 0x28, 0x52, 0x28, 0x52, 0x28, 0x52, 0x28, 0x52, 0x28, 0x52,
    0x6a, 0x4a, 0xd4, 0x2b, 0x5f, 0x05, 0x5d, 0x2d, 0x57, 0x95, 0x35, 0x9d,
    0x15, 0x9d, 0xf4, 0x9c, 0xb4, 0x94, 0x93, 0x8c, 0x72, 0x8c, 0x52, 0x84,
    0x31, 0x7c, 0xf1, 0x7b, 0xd0, 0x73, 0xb0, 0x73, 0x8f, 0x6b, 0xb1, 0x5b,
    0xdb, 0x1c, 0x5f, 0x05, 0xd4, 0x2b, 0x6a, 0x4a, 0x28, 0x52, 0x28, 0x52,
    0x28, 0x52, 0x28, 0x52, 0x28, 0x52, 0x28, 0x52, 0x28, 0x52, 0x28, 0x52,
    0x28, 0x52, 0x28, 0x52, 0x28, 0x52, 0x28, 0x52, 0x28, 0x52, 0x28, 0x52,
    0x28, 0x52, 0xcb, 0x9a, 0xcb, 0x9a, 0xcc, 0x6a, 0xdc, 0x0c, 0x5f, 0x05,
    0x5b, 0x4d, 0x16, 0x8d, 0xd4, 0x94, 0xb3, 0x94, 0x93, 0x8c, 0x72, 0x8c,
    0x52, 0x84, 0x11, 0x7c, 0xf1, 0x7b, 0xd0, 0x73, 0xb0, 0x6b, 0x8f, 0x6b,
    0x90, 0x5b, 0x78, 0x2c, 0x5f, 0x05, 0xdc, 0x0c, 0x0d, 0x93, 0xcb, 0x9a,
    0xcb, 0x9a, 0x28, 0x52, 0x28, 0x52, 0x28, 0x52, 0x28, 0x52, 0x28, 0x52,
    0x28, 0x52, 0x28, 0x52, 0x28, 0x52, 0x28, 0x52, 0x28, 0x52, 0x28, 0x52,
    0x28, 0x52, 0x28, 0x52, 0x28, 0x52, 0x0c, 0xbb, 0x4e, 0xe3, 0x49, 0x4a,
    0x0f, 0x3b, 0x3e, 0x05, 0x5f, 0x05, 0x3a, 0x45, 0xd5, 0x7c, 0x93, 0x8c,
    0x72, 0x84, 0x52, 0x84, 0x31, 0x7c, 0xf1, 0x7b, 0xd0, 0x73, 0xb0, 0x73,
    0x90, 0x6b, 0xb1, 0x5b, 0x78, 0x2c, 0x5f, 0x05, 0x3e, 0x05, 0x0f, 0x3b,
    0x49, 0x4a, 0x0c, 0xbb, 0x4e, 0xe3, 0x28, 0x52, 0x28, 0x52, 0x28, 0x52,
    0x28, 0x52, 0x28, 0x52, 0x28, 0x52, 0x28, 0x52, 0x08, 0x52, 0x08, 0x52,
    0x08, 0x52, 0x08, 0x52, 0x08, 0x52, 0x08, 0x52, 0x08, 0x52, 0x69, 0x72,
    0x69, 0x72, 0x08, 0x52, 0x49, 0x4a, 0x71, 0x33, 0x3e, 0x05, 0x5f, 0x05,
    0x3c, 0x25, 0xb6, 0x64, 0x73, 0x74, 0x32, 0x74, 0x12, 0x74, 0xf1, 0x6b,
    0xd1, 0x63, 0xd1, 0x5b, 0xf3, 0x4b, 0xdb, 0x1c, 0x5f, 0x05, 0x3e, 0x05,
    0x71, 0x33, 0x49, 0x4a, 0x08, 0x52, 0x69, 0x72, 0xab, 0x9a, 0x08, 0x52,
    0x08, 0x52, 0x08, 0x52, 0x08, 0x52, 0x08, 0x52, 0x08, 0x52, 0x08, 0x52,
    0x08, 0x52, 0x08, 0x52, 0x08, 0x52, 0x08, 0x52, 0x08, 0x52, 0x08, 0x52,
    0x08, 0x52, 0x08, 0x52, 0x08, 0x52, 0x08, 0x52, 0x28, 0x4a, 0x49, 0x4a,
    0xee, 0x3a, 0xdc, 0x0c, 0x5f, 0x05, 0x5f, 0x05, 0x1d, 0x15, 0xfa, 0x2c,
    0xb8, 0x34, 0x98, 0x34, 0xba, 0x24, 0xfd, 0x14, 0x5f, 0x05, 0x5f, 0x05,
    0xdc, 0x0c, 0x0e, 0x3b, 0x49, 0x4a, 0x28, 0x4a, 0x08, 0x52, 0x08, 0x52,
    0x08, 0x52, 0x08, 0x52, 0x08, 0x52, 0x08, 0x52, 0x08, 0x52, 0x08, 0x52,
    0x08, 0x52, 0x08, 0x52, 0x08, 0x4a, 0x08, 0x4a, 0x08, 0x4a, 0x08, 0x4a,
    0x08, 0x4a, 0x08, 0x4a, 0x08, 0x4a, 0x08, 0x4a, 0x08, 0x4a, 0x08, 0x4a,
    0x08, 0x4a, 0x08, 0x4a, 0x28, 0x4a, 0x8b, 0x42, 0xb4, 0x23, 0xdc, 0x0c,
    0x5f, 0x05, 0x5f, 0x05, 0x5f, 0x05, 0x5f, 0x05, 0x5f, 0x05, 0x5f, 0x05,
    0xdc, 0x0c, 0xb4, 0x23, 0x8b, 0x42, 0x28, 0x4a, 0x08, 0x4a, 0x08, 0x4a,
    0x08, 0x4a, 0x08, 0x4a, 0x08, 0x4a, 0x08, 0x4a, 0x08, 0x4a, 0x08, 0x4a,
    0x08, 0x4a, 0x08, 0x4a, 0x08, 0x4a, 0x08, 0x4a, 0x08, 0x4a, 0x08, 0x4a,
    0x08, 0x4a, 0x08, 0x4a, 0x08, 0x4a, 0x08, 0x4a, 0x08, 0x4a, 0x08, 0x4a,
    0x08, 0x4a, 0x08, 0x4a, 0x08, 0x4a, 0x08, 0x4a, 0x08, 0x4a, 0x08, 0x4a,
    0x29, 0x4a, 0x6a, 0x42, 0xac, 0x42, 0x51, 0x33, 0xb3, 0x2b, 0xb4, 0x2b,
    0x51, 0x33, 0xac, 0x42, 0x6a, 0x42, 0x29, 0x4a, 0x08, 0x4a, 0x08, 0x4a,
    0x08, 0x4a, 0x08, 0x4a, 0x08, 0x4a, 0x08, 0x4a, 0x08, 0x4a, 0x08, 0x4a,
    0x08, 0x4a, 0x08, 0x4a, 0x08, 0x4a, 0x08, 0x4a, 0x08, 0x4a, 0x08, 0x4a,
    0xe7, 0x49, 0xe7, 0x49, 0xe7, 0x49, 0xe7, 0x49, 0xe7, 0x49, 0xe7, 0x49,
    0xe7, 0x49, 0xe7, 0x49, 0xe7, 0x49, 0xe7, 0x49, 0xe7, 0x49, 0xe7, 0x49,
    0xe7, 0x49, 0xe7, 0x49, 0xe7, 0x49, 0xe8, 0x49, 0x08, 0x4a, 0x08, 0x4a,
    0x29, 0x4a, 0x29, 0x4a, 0x08, 0x4a, 0x08, 0x4a, 0xe8, 0x49, 0xe7, 0x49,
    0xe7, 0x49, 0xe7, 0x49, 0xe7, 0x49, 0xe7, 0x49, 0xe7, 0x49, 0xe7, 0x49,
    0xe7, 0x49, 0xe7, 0x49, 0xe7, 0x49, 0xe7, 0x49, 0xe7, 0x49, 0xe7, 0x49,
    0xe7, 0x49, 0xe7, 0x49, 0xe7, 0x49, 0xe7, 0x49, 0xe7, 0x49, 0xe7, 0x49,
    0xe7, 0x49, 0xe7, 0x49, 0xe7, 0x49, 0xe7, 0x49, 0xe7, 0x49, 0xe7, 0x49,
    0xe7, 0x49, 0xe7, 0x49, 0xe7, 0x49, 0xe7, 0x49, 0xe7, 0x49, 0xe7, 0x49,
    0xe7, 0x49, 0xe7, 0x49, 0xe7, 0x49, 0xe7, 0x49, 0xe7, 0x49, 0xe7, 0x49,
    0xe7, 0x49, 0xe7, 0x49, 0xe7, 0x49, 0xe7, 0x49, 0xe7, 0x49, 0xe7, 0x49,
    0xe7, 0x49, 0xe7, 0x49, 0xe7, 0x49, 0xe7, 0x49, 0xe7, 0x49, 0xe7, 0x49,
    0xe7, 0x49, 0xe7, 0x49, 0xe7, 0x49, 0xe7, 0x49, 0xe7, 0x49, 0xe7, 0x49,
    0xe7, 0x49, 0xe7, 0x49, 0xe7, 0x49, 0xe7, 0x49, 0xe7, 0x49, 0xe7, 0x49,
    0xe7, 0x49, 0xe7, 0x49, 0xe7, 0x49, 0xe7, 0x49, 0xe7, 0x49, 0xe7, 0x49,
    0xe7, 0x49, 0xe7, 0x49, 0xe7, 0x49, 0xe7, 0x49, 0xe7, 0x49, 0xe7, 0x49,
    0xe7, 0x49, 0xe7, 0x49, 0xe7, 0x49, 0xe7, 0x49, 0xe7, 0x49, 0xe7, 0x49,
    0xe7, 0x49, 0xe7, 0x49, 0xe7, 0x49, 0xe7, 0x49, 0xe7, 0x49, 0xe7, 0x49,
    0xe7, 0x49, 0xe7, 0x49, 0xe7, 0x49, 0xe7, 0x49, 0xe7, 0x49, 0xe7, 0x49,
    0xe7, 0x49, 0xe7, 0x49, 0xe7, 0x49, 0xe7, 0x49, 0xe7, 0x49, 0xe7, 0x49,
    0xe7, 0x49, 0xe7, 0x49, 0xe7, 0x49, 0xe7, 0x49, 0xe7, 0x49, 0xe7, 0x49,
    0xe7, 0x49, 0xe7, 0x49, 0xe7, 0x49, 0xe7, 0x49, 0xe7, 0x49, 0xe7, 0x49,
    0xe7, 0x49, 0xe7, 0x49, 0xe7, 0x49, 0xe7, 0x49, 0xe7, 0x49, 0xe7, 0x49,
    0xe7, 0x49, 0xe7, 0x49, 0xe7, 0x49, 0xe7, 0x49, 0xe7, 0x49, 0xe7, 0x49,
    0xe7, 0x49, 0xe7, 0x49, 0xe7, 0x49, 0xe7, 0x49, 0xe7, 0x49, 0xe7, 0x49,
    0xe7, 0x49, 0xe7, 0x49, 0xc7, 0x49, 0xc7, 0x49, 0xc7, 0x49, 0xc7, 0x49,
    0xc7, 0x49, 0xc7, 0x49, 0xc7, 0x49, 0xc7, 0x49, 0xc7, 0x49, 0xc7, 0x49,
    0xc7, 0x49, 0xc7, 0x49, 0xc7, 0x49, 0xc7, 0x49, 0xc7, 0x49, 0xc7, 0x49,
    0xc7, 0x49, 0xc7, 0x49, 0xc7, 0x49, 0xc7, 0x49, 0xc7, 0x49, 0xc7, 0x49,
    0xc7, 0x49, 0xc7, 0x49, 0xc7, 0x49, 0xc7, 0x49, 0xc7, 0x49, 0xc7, 0x49,
    0xc7, 0x49, 0xc7, 0x49, 0xc7, 0x49, 0xc7, 0x49, 0xc7, 0x49, 0xc7, 0x49,
    0xc7, 0x49, 0xc7, 0x49, 0xc7, 0x49, 0xc7, 0x49, 0xc7, 0x49, 0xc7, 0x49,
    0xc7, 0x49, 0xc7, 0x49, 0xc7, 0x49, 0xc7, 0x49, 0xc7, 0x49, 0xc7, 0x49,
    0xc7, 0x49, 0xc7, 0x49, 0xc7, 0x49, 0xc7, 0x49, 0xc7, 0x49, 0xc7, 0x49,
    0xc7, 0x49, 0xc7, 0x49, 0xc7, 0x49, 0xc7, 0x49, 0xc7, 0x49, 0xc7, 0x49,
    0xc7, 0x49, 0xc7, 0x49, 0xc7, 0x49, 0xc7, 0x49, 0xc7, 0x49, 0xc7, 0x49,
    0xc7, 0x49, 0xc7, 0x49, 0xc7, 0x49, 0xc7, 0x49, 0xc7, 0x49, 0xc7, 0x49,
    0xc7, 0x49, 0xc7, 0x49, 0xc7, 0x49, 0xc7, 0x49, 0xc7, 0x49, 0xc7, 0x49,
    0xc7, 0x49, 0xc7, 0x49, 0xc7, 0x49, 0xc7, 0x49, 0xc7, 0x49, 0xc7, 0x49,
    0xc7, 0x49, 0xc7, 0x49, 0xc7, 0x49, 0xc7, 0x49, 0xc7, 0x49, 0xc7, 0x49,
    0xc7, 0x49, 0xc7, 0x49, 0xc7, 0x49, 0xc7, 0x49, 0xc7, 0x49, 0xc7, 0x49,
    0xc7, 0x49, 0xc7, 0x49, 0xc7, 0x49, 0xc7, 0x49, 0xc7, 0x49, 0xc7, 0x49,
    0xc7, 0x49, 0xc7, 0x49, 0xc7, 0x49, 0xc7, 0x49, 0xc7, 0x49, 0xc7, 0x49,
    0xc7, 0x49, 0xc7, 0x49, 0xc7, 0x49, 0xc7, 0x49, 0xc7, 0x49, 0xc7, 0x49,
    0xc7, 0x49, 0xc7, 0x49, 0xc7, 0x49, 0xc7, 0x49, 0xc7, 0x49, 0xc7, 0x49,
    0xc7, 0x49, 0xc7, 0x49, 0xc7, 0x49, 0xc7, 0x49, 0xc7, 0x49, 0xc7, 0x49,
    0xc7, 0x49, 0xc7, 0x49, 0xc7, 0x49, 0xc7, 0x49, 0xc7, 0x49, 0xc7, 0x49,
    0xc7, 0x49, 0xc7, 0x49, 0xc7, 0x49, 0xc7, 0x49, 0xc7, 0x49, 0xc7, 0x49,
    0xc7, 0x49, 0xc7, 0x49, 0xc7, 0x49, 0xc7, 0x49, 0xc7, 0x49, 0xc7, 0x49,
    0xc7, 0x49, 0xc7, 0x49, 0xc7, 0x49, 0xc7, 0x49, 0xc7, 0x49, 0xc7, 0x49,
    0xc7, 0x49, 0xc7, 0x49, 0xc7, 0x49, 0xc7, 0x49
};

const lv_image_dsc_t img_probe_out_4 = {
  .header = {
    .magic = LV_IMAGE_HEADER_MAGIC,
    .cf = LV_COLOR_FORMAT_RGB565,
    .flags = 0,
    .w = 38,
    .h = 38,
    .stride = 76,
    .reserved_2 = 0,
  },
  .data_size = sizeof(img_probe_out_4_map),
  .data = img_probe_out_4_map,
  .reserved = NULL,
};

#endif /*TFT_WIDTH*/

