#if defined(LV_LVGL_H_INCLUDE_SIMPLE)
#include "lvgl.h"
#elif defined(LV_LVGL_H_INCLUDE_SYSTEM)
#include <lvgl.h>
#elif defined(LV_BUILD_TEST)
#include "../lvgl.h"
#else
#include "lvgl/lvgl.h"
#endif

#ifndef LV_ATTRIBUTE_MEM_ALIGN
#define LV_ATTRIBUTE_MEM_ALIGN
#endif

#ifndef LV_ATTRIBUTE_IMG_IMG_PROBE_OUT_6
#define LV_ATTRIBUTE_IMG_IMG_PROBE_OUT_6
#endif

#if TFT_WIDTH > 319
// 80x80 version for TFT_WIDTH > 319
static const LV_ATTRIBUTE_MEM_ALIGN LV_ATTRIBUTE_LARGE_CONST LV_ATTRIBUTE_IMG_IMG_PROBE_OUT_6
uint8_t img_probe_out_6_map[] = {
0xc7, 0x39, 0xc7, 0x39, 0xc7, 0x39, 0xc7, 0x39, 0xc7, 0x39, 0xc7, 0x39,
    0xc7, 0x39, 0xc7, 0x39, 0xc7, 0x39, 0xc7, 0x39, 0xc7, 0x39, 0xc7, 0x39,
    0xc7, 0x39, 0xc7, 0x39, 0xc7, 0x39, 0xc7, 0x39, 0xc7, 0x39, 0xc7, 0x39,
    0xc7, 0x39, 0xc7, 0x39, 0xc7, 0x39, 0xc7, 0x39, 0xc7, 0x39, 0xc7, 0x39,
    0xc7, 0x39, 0xc7, 0x39, 0xc7, 0x39, 0xc7, 0x39, 0xc7, 0x39, 0xc7, 0x39,
    0xc7, 0x39, 0xc7, 0x39, 0xe5, 0x4b, 0x65, 0x39, 0x65, 0x39, 0x65, 0x39,
    0x65, 0x39, 0x65, 0x39, 0xe5, 0x4b, 0x45, 0x5e, 0xe5, 0x4b, 0x65, 0x39,
    0x65, 0x39, 0x65, 0x39, 0x65, 0x39, 0x65, 0x39, 0x65, 0x39, 0x65, 0x39,
    0x65, 0x39, 0x65, 0x39, 0x65, 0x39, 0x65, 0x39, 0x65, 0x39, 0x65, 0x39,
    0x65, 0x39, 0x65, 0x39, 0x65, 0x39, 0x65, 0x39, 0x65, 0x39, 0x65, 0x39,
    0x65, 0x39, 0x65, 0x39, 0x65, 0x39, 0x65, 0x39, 0x65, 0x39, 0x65, 0x39,
    0x65, 0x39, 0x65, 0x39, 0x65, 0x39, 0x65, 0x39, 0x65, 0x39, 0x65, 0x39,
    0x65, 0x39, 0x65, 0x39, 0x65, 0x39, 0x65, 0x39, 0x65, 0x39, 0x65, 0x39,
    0x65, 0x39, 0x65, 0x39, 0xc7, 0x39, 0x65, 0x39, 0x65, 0x39, 0x65, 0x39,
    0x65, 0x39, 0x65, 0x39, 0x65, 0x39, 0x65, 0x39, 0x65, 0x39, 0x65, 0x39,
    0x65, 0x39, 0x65, 0x39, 0x65, 0x39, 0x65, 0x39, 0x65, 0x39, 0x65, 0x39,
    0x65, 0x39, 0x65, 0x39, 0x65, 0x39, 0x65, 0x39, 0x65, 0x39, 0x65, 0x39,
    0x65, 0x39, 0x65, 0x39, 0x65, 0x39, 0x65, 0x39, 0x65, 0x39, 0x65, 0x39,
    0x65, 0x39, 0x65, 0x39, 0x65, 0x39, 0x65, 0x39, 0x65, 0x39, 0x65, 0x39,
    0x65, 0x39, 0x65, 0x39, 0x65, 0x39, 0xe5, 0x4b, 0x45, 0x5e, 0xe5, 0x4b,
    0x65, 0x39, 0x65, 0x39, 0x65, 0x39, 0x65, 0x39, 0x65, 0x39, 0x65, 0x39,
    0x65, 0x39, 0x65, 0x39, 0x65, 0x39, 0x65, 0x39, 0x65, 0x39, 0x65, 0x39,
    0x65, 0x39, 0x65, 0x39, 0x65, 0x39, 0x65, 0x39, 0x65, 0x39, 0x65, 0x39,
    0x65, 0x39, 0x65, 0x39, 0x65, 0x39, 0x65, 0x39, 0x65, 0x39, 0x65, 0x39,
    0x65, 0x39, 0x65, 0x39, 0x65, 0x39, 0x65, 0x39, 0x65, 0x39, 0x65, 0x39,
    0x65, 0x39, 0x65, 0x39, 0x65, 0x39, 0x65, 0x39, 0x65, 0x39, 0x65, 0x39,
    0x65, 0x39, 0x65, 0x39, 0x65, 0x39, 0x65, 0x39, 0xc7, 0x39, 0x65, 0x39,
    0x65, 0x39, 0x65, 0x39, 0x65, 0x39, 0x65, 0x39, 0x65, 0x39, 0x65, 0x39,
    0x65, 0x39, 0x65, 0x39, 0x65, 0x39, 0x65, 0x39, 0x65, 0x39, 0x65, 0x39,
    0x65, 0x39, 0x65, 0x39, 0x65, 0x39, 0x65, 0x39, 0x65, 0x39, 0x65, 0x39,
    0x65, 0x39, 0x65, 0x39, 0x65, 0x39, 0x65, 0x39, 0x65, 0x39, 0x65, 0x39,
    0x65, 0x39, 0x65, 0x39, 0x65, 0x39, 0x65, 0x39, 0x65, 0x39, 0x65, 0x39,
    0x65, 0x39, 0x65, 0x39, 0x65, 0x39, 0x65, 0x39, 0xe5, 0x4b, 0x45, 0x5e,
    0xe5, 0x4b, 0x65, 0x39, 0x65, 0x39, 0x65, 0x39, 0x65, 0x39, 0x65, 0x39,
    0x65, 0x39, 0x65, 0x39, 0x65, 0x39, 0x65, 0x39, 0x65, 0x39, 0x65, 0x39,
    0x65, 0x39, 0x65, 0x39, 0x65, 0x39, 0x65, 0x39, 0x65, 0x39, 0x65, 0x39,
    0x65, 0x39, 0x65, 0x39, 0x65, 0x39, 0x65, 0x39, 0x65, 0x39, 0x65, 0x39,
    0x65, 0x39, 0x65, 0x39, 0x65, 0x39, 0x65, 0x39, 0x65, 0x39, 0x65, 0x39,
    0x65, 0x39, 0x65, 0x39, 0x65, 0x39, 0x65, 0x39, 0x65, 0x39, 0x65, 0x39,
    0x65, 0x39, 0x65, 0x39, 0x65, 0x39, 0x65, 0x39, 0x65, 0x39, 0x65, 0x39,
    0xc7, 0x39, 0x65, 0x39, 0x65, 0x39, 0x65, 0x39, 0x65, 0x39, 0x65, 0x39,
    0x65, 0x39, 0x65, 0x39, 0x65, 0x39, 0x65, 0x39, 0x65, 0x39, 0x65, 0x39,
    0x65, 0x39, 0x65, 0x39, 0x65, 0x39, 0x65, 0x39, 0x65, 0x39, 0x65, 0x39,
    0x65, 0x39, 0x65, 0x39, 0x65, 0x39, 0x65, 0x39, 0x65, 0x39, 0x65, 0x39,
    0x65, 0x39, 0x65, 0x39, 0x65, 0x39, 0x65, 0x39, 0x65, 0x39, 0x65, 0x39,
    0x65, 0x39, 0x65, 0x39, 0x65, 0x39, 0x65, 0x39, 0x65, 0x39, 0xe5, 0x4b,
    0x45, 0x5e, 0xe5, 0x4b, 0x65, 0x39, 0x65, 0x39, 0x65, 0x39, 0x65, 0x39,
    0x65, 0x39, 0xe5, 0x4b, 0x65, 0x39, 0x65, 0x39, 0x65, 0x39, 0x65, 0x39,
    0x65, 0x39, 0x65, 0x39, 0x65, 0x39, 0x65, 0x39, 0x65, 0x39, 0x65, 0x39,
    0x65, 0x39, 0x65, 0x39, 0x65, 0x39, 0x65, 0x39, 0x65, 0x39, 0x65, 0x39,
    0x65, 0x39, 0x65, 0x39, 0x65, 0x39, 0x65, 0x39, 0x65, 0x39, 0x65, 0x39,
    0x65, 0x39, 0x65, 0x39, 0x65, 0x39, 0x65, 0x39, 0x65, 0x39, 0x65, 0x39,
    0x65, 0x39, 0x65, 0x39, 0x65, 0x39, 0x65, 0x39, 0x65, 0x39, 0x65, 0x39,
    0x65, 0x39, 0x65, 0x39, 0xc7, 0x39, 0x65, 0x39, 0x65, 0x39, 0x65, 0x39,
    0x65, 0x39, 0x65, 0x39, 0x65, 0x39, 0x65, 0x39, 0x65, 0x39, 0x65, 0x39,
    0x65, 0x39, 0x65, 0x39, 0x65, 0x39, 0x65, 0x39, 0x65, 0x39, 0x65, 0x39,
    0x65, 0x39, 0x65, 0x39, 0x65, 0x39, 0x65, 0x39, 0x65, 0x39, 0x65, 0x39,
    0x65, 0x39, 0x65, 0x39, 0x65, 0x39, 0x65, 0x39, 0x65, 0x39, 0x65, 0x39,
    0x65, 0x39, 0x65, 0x39, 0x65, 0x39, 0x65, 0x39, 0x65, 0x39, 0x65, 0x39,
    0xe5, 0x4b, 0x45, 0x5e, 0xe5, 0x4b, 0x65, 0x39, 0x65, 0x39, 0x65, 0x39,
    0x65, 0x39, 0x65, 0x39, 0xe5, 0x4b, 0x45, 0x5e, 0x65, 0x39, 0x65, 0x39,
    0x65, 0x39, 0x65, 0x39, 0x65, 0x39, 0x65, 0x39, 0x65, 0x39, 0x65, 0x39,
    0x65, 0x39, 0x65, 0x39, 0x65, 0x39, 0x65, 0x39, 0x65, 0x39, 0x65, 0x39,
    0x65, 0x39, 0x65, 0x39, 0x65, 0x39, 0x65, 0x39, 0x65, 0x39, 0x65, 0x39,
    0x65, 0x39, 0x65, 0x39, 0x65, 0x39, 0x65, 0x39, 0x65, 0x39, 0x65, 0x39,
    0x65, 0x39, 0x65, 0x39, 0x65, 0x39, 0x65, 0x39, 0x65, 0x39, 0x65, 0x39,
    0x65, 0x39, 0x65, 0x39, 0x65, 0x39, 0x65, 0x39, 0xc7, 0x39, 0x65, 0x39,
    0x65, 0x39, 0x65, 0x39, 0x65, 0x39, 0x65, 0x39, 0x65, 0x39, 0x65, 0x39,
    0x65, 0x39, 0x65, 0x39, 0x65, 0x39, 0x65, 0x39, 0x65, 0x39, 0x65, 0x39,
    0x65, 0x39, 0x65, 0x39, 0x65, 0x39, 0x65, 0x39, 0x65, 0x39, 0x65, 0x39,
    0x65, 0x39, 0x65, 0x39, 0x65, 0x39, 0x65, 0x39, 0x65, 0x39, 0x65, 0x39,
    0x65, 0x39, 0x65, 0x39, 0x65, 0x39, 0x65, 0x39, 0x65, 0x39, 0x65, 0x39,
    0x65, 0x39, 0xe5, 0x4b, 0x45, 0x5e, 0xe5, 0x4b, 0x65, 0x39, 0x65, 0x39,
    0x65, 0x39, 0x65, 0x39, 0x65, 0x39, 0xe5, 0x4b, 0x45, 0x5e, 0xe5, 0x4b,
    0x65, 0x39, 0x65, 0x39, 0x65, 0x39, 0x65, 0x39, 0x65, 0x39, 0x65, 0x39,
    0x65, 0x39, 0x65, 0x39, 0x65, 0x39, 0x65, 0x39, 0x65, 0x39, 0x65, 0x39,
    0x65, 0x39, 0x65, 0x39, 0x65, 0x39, 0x65, 0x39, 0x65, 0x39, 0x65, 0x39,
    0x65, 0x39, 0x65, 0x39, 0x65, 0x39, 0x65, 0x39, 0x65, 0x39, 0x65, 0x39,
    0x65, 0x39, 0x65, 0x39, 0x65, 0x39, 0x65, 0x39, 0x65, 0x39, 0x65, 0x39,
    0x65, 0x39, 0x65, 0x39, 0x65, 0x39, 0x65, 0x39, 0x65, 0x39, 0x65, 0x39,
    0xc7, 0x39, 0x65, 0x39, 0x65, 0x39, 0x65, 0x39, 0x65, 0x39, 0x65, 0x39,
    0x65, 0x39, 0x65, 0x39, 0x65, 0x39, 0x65, 0x39, 0x65, 0x39, 0x65, 0x39,
    0x65, 0x39, 0x65, 0x39, 0x65, 0x39, 0x65, 0x39, 0x65, 0x39, 0x65, 0x39,
    0x65, 0x39, 0x65, 0x39, 0x65, 0x39, 0x65, 0x39, 0x65, 0x39, 0x65, 0x39,
    0x65, 0x39, 0x65, 0x39, 0x65, 0x39, 0x65, 0x39, 0x65, 0x39, 0x65, 0x39,
    0x65, 0x39, 0x65, 0x39, 0xe5, 0x4b, 0x45, 0x5e, 0xe5, 0x4b, 0x65, 0x39,
    0x65, 0x39, 0x65, 0x39, 0x65, 0x39, 0x65, 0x39, 0xe5, 0x4b, 0x45, 0x5e,
    0xe5, 0x4b, 0x65, 0x39, 0x65, 0x39, 0x65, 0x39, 0x65, 0x39, 0x65, 0x39,
    0x65, 0x39, 0x65, 0x39, 0x65, 0x39, 0x65, 0x39, 0x65, 0x39, 0x65, 0x39,
    0x65, 0x39, 0x65, 0x39, 0x65, 0x39, 0x65, 0x39, 0x65, 0x39, 0x65, 0x39,
    0x65, 0x39, 0x65, 0x39, 0x65, 0x39, 0x65, 0x39, 0x65, 0x39, 0x65, 0x39,
    0x65, 0x39, 0x65, 0x39, 0x65, 0x39, 0x65, 0x39, 0x65, 0x39, 0x65, 0x39,
    0x65, 0x39, 0x65, 0x39, 0x65, 0x39, 0x65, 0x39, 0x65, 0x39, 0x65, 0x39,
    0x65, 0x39, 0x65, 0x39, 0xc7, 0x39, 0x65, 0x39, 0x65, 0x39, 0x65, 0x39,
    0x65, 0x39, 0x65, 0x39, 0x65, 0x39, 0x65, 0x39, 0x65, 0x39, 0x65, 0x39,
    0x65, 0x39, 0x65, 0x39, 0x65, 0x39, 0x65, 0x39, 0x65, 0x39, 0x65, 0x39,
    0x65, 0x39, 0x65, 0x39, 0x65, 0x39, 0x65, 0x39, 0x65, 0x39, 0x65, 0x39,
    0x65, 0x39, 0x65, 0x39, 0x65, 0x39, 0x65, 0x39, 0x65, 0x39, 0x65, 0x39,
    0x65, 0x39, 0x65, 0x39, 0x65, 0x39, 0x65, 0x39, 0x45, 0x5e, 0xe5, 0x4b,
    0x65, 0x39, 0x65, 0x39, 0x65, 0x39, 0x65, 0x39, 0x65, 0x39, 0xe5, 0x4b,
    0x45, 0x5e, 0xe5, 0x4b, 0x65, 0x39, 0x65, 0x39, 0x65, 0x39, 0x65, 0x39,
    0x65, 0x39, 0x65, 0x39, 0x65, 0x39, 0x65, 0x39, 0x65, 0x39, 0x65, 0x39,
    0x65, 0x39, 0x65, 0x39, 0x65, 0x39, 0x65, 0x39, 0x65, 0x39, 0x65, 0x39,
    0x65, 0x39, 0x65, 0x39, 0x65, 0x39, 0x65, 0x39, 0x65, 0x39, 0x65, 0x39,
    0x65, 0x39, 0x65, 0x39, 0x65, 0x39, 0x65, 0x39, 0x65, 0x39, 0x65, 0x39,
    0x65, 0x39, 0x65, 0x39, 0x65, 0x39, 0x65, 0x39, 0x65, 0x39, 0x65, 0x39,
    0x65, 0x39, 0x65, 0x39, 0x65, 0x39, 0x65, 0x39, 0xc7, 0x39, 0x65, 0x39,
    0x65, 0x39, 0x65, 0x39, 0x65, 0x39, 0x65, 0x39, 0x65, 0x39, 0x65, 0x39,
    0x65, 0x39, 0x45, 0x39, 0x45, 0x39, 0x65, 0x39, 0x65, 0x39, 0x65, 0x39,
    0x65, 0x39, 0x45, 0x39, 0x45, 0x39, 0x65, 0x39, 0x65, 0x39, 0x65, 0x39,
    0x65, 0x39, 0x65, 0x39, 0x65, 0x39, 0x65, 0x39, 0x65, 0x39, 0x65, 0x39,
    0x65, 0x39, 0x65, 0x39, 0x65, 0x39, 0x65, 0x39, 0x65, 0x39, 0x65, 0x39,
    0xe5, 0x4b, 0x65, 0x39, 0x65, 0x39, 0x65, 0x39, 0x65, 0x39, 0x65, 0x39,
    0xe5, 0x4b, 0x45, 0x5e, 0xe5, 0x4b, 0x65, 0x39, 0x65, 0x39, 0x65, 0x39,
    0x65, 0x39, 0x65, 0x39, 0x65, 0x39, 0x65, 0x39, 0x65, 0x39, 0x65, 0x39,
    0x65, 0x39, 0x65, 0x39, 0x65, 0x39, 0x65, 0x39, 0x65, 0x39, 0x65, 0x39,
    0x65, 0x39, 0x65, 0x39, 0x65, 0x39, 0x65, 0x39, 0x65, 0x39, 0x65, 0x39,
    0x65, 0x39, 0x65, 0x39, 0x65, 0x39, 0x65, 0x39, 0x65, 0x39, 0x65, 0x39,
    0x65, 0x39, 0x65, 0x39, 0x65, 0x39, 0x65, 0x39, 0x65, 0x39, 0x65, 0x39,
    0x65, 0x39, 0x65, 0x39, 0x65, 0x39, 0x65, 0x39, 0x65, 0x39, 0x65, 0x39,
    0xc7, 0x39, 0x65, 0x39, 0x65, 0x39, 0x65, 0x39, 0x65, 0x39, 0x65, 0x39,
    0x65, 0x39, 0x65, 0x39, 0x51, 0x94, 0x92, 0x94, 0x28, 0x52, 0x45, 0x31,
    0x45, 0x39, 0x45, 0x39, 0x10, 0x8c, 0x92, 0x94, 0x49, 0x52, 0x45, 0x39,
    0x65, 0x39, 0x65, 0x39, 0x65, 0x39, 0x65, 0x39, 0x65, 0x39, 0x65, 0x39,
    0x65, 0x39, 0x65, 0x39, 0x65, 0x39, 0x65, 0x39, 0x65, 0x39, 0x65, 0x39,
    0x65, 0x39, 0x65, 0x39, 0x65, 0x39, 0x65, 0x39, 0x65, 0x39, 0x65, 0x39,
    0x65, 0x39, 0xe5, 0x4b, 0x45, 0x5e, 0xe5, 0x4b, 0x65, 0x39, 0x65, 0x39,
    0x65, 0x39, 0x65, 0x39, 0x65, 0x39, 0x65, 0x39, 0x65, 0x39, 0x65, 0x39,
    0x65, 0x39, 0x65, 0x39, 0x65, 0x39, 0x65, 0x39, 0x65, 0x39, 0x65, 0x39,
    0x65, 0x39, 0x65, 0x39, 0x65, 0x39, 0x65, 0x39, 0x65, 0x39, 0x65, 0x39,
    0x65, 0x39, 0x65, 0x39, 0x65, 0x39, 0x65, 0x39, 0x65, 0x39, 0x65, 0x39,
    0x65, 0x39, 0x65, 0x39, 0x65, 0x39, 0x65, 0x39, 0x65, 0x39, 0x65, 0x39,
    0x65, 0x39, 0x65, 0x39, 0x65, 0x39, 0x65, 0x39, 0x65, 0x39, 0x65, 0x39,
    0x65, 0x39, 0x65, 0x39, 0xc7, 0x39, 0x65, 0x39, 0x65, 0x39, 0x65, 0x39,
    0x65, 0x39, 0x65, 0x39, 0x65, 0x39, 0x45, 0x39, 0x79, 0xd6, 0xdf, 0xff,
    0xba, 0xd6, 0x24, 0x31, 0x45, 0x31, 0xae, 0x83, 0xdf, 0xff, 0x9e, 0xf7,
    0xc7, 0x41, 0x45, 0x31, 0x45, 0x39, 0x65, 0x39, 0x65, 0x39, 0x65, 0x39,
    0x65, 0x39, 0x65, 0x39, 0x65, 0x39, 0x65, 0x39, 0x65, 0x39, 0x65, 0x39,
    0x65, 0x39, 0x65, 0x39, 0x65, 0x39, 0x65, 0x39, 0x65, 0x39, 0x65, 0x39,
    0x65, 0x39, 0x65, 0x39, 0xe5, 0x4b, 0x45, 0x5e, 0xe5, 0x4b, 0x65, 0x39,
    0x65, 0x39, 0x65, 0x39, 0x65, 0x39, 0x65, 0x39, 0x65, 0x39, 0x65, 0x39,
    0x65, 0x39, 0x65, 0x39, 0x65, 0x39, 0x65, 0x39, 0x65, 0x39, 0x65, 0x39,
    0x65, 0x39, 0x65, 0x39, 0x65, 0x39, 0x65, 0x39, 0x65, 0x39, 0x65, 0x39,
    0x65, 0x39, 0x65, 0x39, 0x65, 0x39, 0x65, 0x39, 0x65, 0x39, 0x65, 0x39,
    0x65, 0x39, 0x65, 0x39, 0x65, 0x39, 0x65, 0x39, 0x65, 0x39, 0x65, 0x39,
    0x65, 0x39, 0x65, 0x39, 0x65, 0x39, 0x65, 0x39, 0x65, 0x39, 0x65, 0x39,
    0x65, 0x39, 0x65, 0x39, 0x65, 0x39, 0x65, 0x39, 0xc7, 0x39, 0x65, 0x39,
    0x65, 0x39, 0x65, 0x39, 0x65, 0x39, 0x65, 0x39, 0x65, 0x39, 0x45, 0x39,
    0x08, 0x4a, 0xbe, 0xf7, 0xdf, 0xff, 0xcf, 0x7b, 0x86, 0x39, 0x9e, 0xef,
    0xdf, 0xff, 0x10, 0x84, 0x04, 0x29, 0x45, 0x31, 0x45, 0x39, 0xe7, 0x49,
    0x8a, 0x5a, 0x65, 0x39, 0x45, 0x39, 0x65, 0x39, 0x65, 0x39, 0x65, 0x39,
    0x65, 0x39, 0x65, 0x39, 0x65, 0x39, 0x65, 0x39, 0x65, 0x39, 0x65, 0x39,
    0x65, 0x39, 0x65, 0x39, 0x65, 0x39, 0xe5, 0x4b, 0x45, 0x5e, 0xe5, 0x4b,
    0x65, 0x39, 0x65, 0x39, 0x65, 0x39, 0x65, 0x39, 0x65, 0x39, 0xe5, 0x4b,
    0x65, 0x39, 0x65, 0x39, 0x65, 0x39, 0x65, 0x39, 0x65, 0x39, 0x65, 0x39,
    0x65, 0x39, 0x65, 0x39, 0x65, 0x39, 0x65, 0x39, 0x65, 0x39, 0x65, 0x39,
    0x65, 0x39, 0x65, 0x39, 0x65, 0x39, 0x65, 0x39, 0x65, 0x39, 0x65, 0x39,
    0x65, 0x39, 0x65, 0x39, 0x65, 0x39, 0x65, 0x39, 0x65, 0x39, 0x65, 0x39,
    0x65, 0x39, 0x65, 0x39, 0x65, 0x39, 0x65, 0x39, 0x65, 0x39, 0x65, 0x39,
    0x65, 0x39, 0x65, 0x39, 0x65, 0x39, 0x65, 0x39, 0x65, 0x39, 0x65, 0x39,
    0xc7, 0x39, 0x65, 0x39, 0x65, 0x39, 0x65, 0x39, 0x65, 0x39, 0x65, 0x39,
    0x65, 0x39, 0x65, 0x39, 0x45, 0x31, 0xb2, 0x9c, 0xdf, 0xff, 0x7d, 0xef,
    0x76, 0xb5, 0xdf, 0xff, 0x79, 0xd6, 0xe3, 0x28, 0x04, 0x29, 0x45, 0x31,
    0x45, 0x39, 0x38, 0xce, 0xdf, 0xff, 0x69, 0x5a, 0x45, 0x31, 0x45, 0x39,
    0x65, 0x39, 0x65, 0x39, 0x65, 0x39, 0x65, 0x39, 0x65, 0x39, 0x65, 0x39,
    0x65, 0x39, 0x65, 0x39, 0x65, 0x39, 0x65, 0x39, 0xe5, 0x4b, 0x45, 0x5e,
    0xe5, 0x4b, 0x65, 0x39, 0x65, 0x39, 0x65, 0x39, 0x65, 0x39, 0x65, 0x39,
    0xe5, 0x4b, 0x45, 0x5e, 0x65, 0x39, 0x65, 0x39, 0x65, 0x39, 0x65, 0x39,
    0x65, 0x39, 0x65, 0x39, 0x65, 0x39, 0x65, 0x39, 0x65, 0x39, 0x65, 0x39,
    0x65, 0x39, 0x65, 0x39, 0x65, 0x39, 0x65, 0x39, 0x65, 0x39, 0x65, 0x39,
    0x65, 0x39, 0x65, 0x39, 0x65, 0x39, 0x65, 0x39, 0x65, 0x39, 0x65, 0x39,
    0x65, 0x39, 0x65, 0x39, 0x65, 0x39, 0x65, 0x39, 0x65, 0x39, 0x65, 0x39,
    0x65, 0x39, 0x65, 0x39, 0x65, 0x39, 0x65, 0x39, 0x65, 0x39, 0x65, 0x39,
    0x65, 0x39, 0x65, 0x39, 0xc7, 0x39, 0x65, 0x39, 0x65, 0x39, 0x65, 0x39,
    0x65, 0x39, 0x65, 0x39, 0x65, 0x39, 0x65, 0x39, 0x45, 0x39, 0x45, 0x31,
    0x1c, 0xe7, 0xdf, 0xff, 0xdf, 0xff, 0xbe, 0xf7, 0x28, 0x4a, 0x04, 0x29,
    0x24, 0x31, 0x45, 0x31, 0x45, 0x39, 0x59, 0xce, 0xdf, 0xff, 0x8a, 0x5a,
    0x24, 0x31, 0x45, 0x31, 0x45, 0x39, 0x65, 0x39, 0x65, 0x39, 0x65, 0x39,
    0x65, 0x39, 0x65, 0x39, 0x65, 0x39, 0x65, 0x39, 0x65, 0x39, 0xe5, 0x4b,
    0x45, 0x5e, 0xe5, 0x4b, 0x65, 0x39, 0x65, 0x39, 0x65, 0x39, 0x65, 0x39,
    0x65, 0x39, 0xe5, 0x4b, 0x45, 0x5e, 0xe5, 0x4b, 0x65, 0x39, 0x65, 0x39,
    0x65, 0x39, 0x65, 0x39, 0x65, 0x39, 0x65, 0x39, 0x65, 0x39, 0x65, 0x39,
    0x65, 0x39, 0x65, 0x39, 0x65, 0x39, 0x65, 0x39, 0x65, 0x39, 0x65, 0x39,
    0x65, 0x39, 0x65, 0x39, 0x65, 0x39, 0x65, 0x39, 0x65, 0x39, 0x65, 0x39,
    0x65, 0x39, 0x65, 0x39, 0x65, 0x39, 0x65, 0x39, 0x65, 0x39, 0x65, 0x39,
    0x65, 0x39, 0x65, 0x39, 0x65, 0x39, 0x65, 0x39, 0x65, 0x39, 0x65, 0x39,
    0x65, 0x39, 0x65, 0x39, 0x65, 0x39, 0x65, 0x39, 0xc7, 0x39, 0x65, 0x39,
    0x65, 0x39, 0x65, 0x39, 0x65, 0x39, 0x65, 0x39, 0x65, 0x39, 0x65, 0x39,
    0x65, 0x39, 0x45, 0x31, 0x51, 0x94, 0xdf, 0xff, 0xdf, 0xff, 0xba, 0xd6,
    0xe3, 0x20, 0x04, 0x29, 0xeb, 0x6a, 0x96, 0xb5, 0x96, 0xb5, 0xdf, 0xff,
    0xdf, 0xff, 0x59, 0xce, 0xb6, 0xbd, 0x14, 0xa5, 0x45, 0x31, 0x45, 0x39,
    0x65, 0x39, 0x65, 0x39, 0x65, 0x39, 0x65, 0x39, 0x65, 0x39, 0x65, 0x39,
    0xe5, 0x4b, 0x45, 0x5e, 0xe5, 0x4b, 0x65, 0x39, 0x65, 0x39, 0x65, 0x39,
    0x65, 0x39, 0x65, 0x39, 0xe5, 0x4b, 0x45, 0x5e, 0xe5, 0x4b, 0x65, 0x39,
    0x65, 0x39, 0x65, 0x39, 0x65, 0x39, 0x65, 0x39, 0x65, 0x39, 0x65, 0x39,
    0x65, 0x39, 0x65, 0x39, 0x65, 0x39, 0x65, 0x39, 0x65, 0x39, 0x65, 0x39,
    0x65, 0x39, 0x65, 0x39, 0x65, 0x39, 0x65, 0x39, 0x65, 0x39, 0x65, 0x39,
    0x65, 0x39, 0x65, 0x39, 0x65, 0x39, 0x65, 0x39, 0x65, 0x39, 0x65, 0x39,
    0x65, 0x39, 0x65, 0x39, 0x65, 0x39, 0x65, 0x39, 0x65, 0x39, 0x65, 0x39,
    0x65, 0x39, 0x65, 0x39, 0x65, 0x39, 0x65, 0x39, 0x65, 0x39, 0x65, 0x39,
    0xc7, 0x39, 0x65, 0x39, 0x65, 0x39, 0x65, 0x39, 0x65, 0x39, 0x65, 0x39,
    0x65, 0x39, 0x65, 0x39, 0x65, 0x39, 0x86, 0x39, 0x7d, 0xef, 0xdf, 0xff,
    0xdf, 0xff, 0xdf, 0xf7, 0x69, 0x52, 0x24, 0x31, 0x92, 0x94, 0xdf, 0xff,
    0xdf, 0xff, 0xdf, 0xff, 0xdf, 0xff, 0xdf, 0xff, 0xdf, 0xff, 0xbe, 0xf7,
    0x24, 0x31, 0x45, 0x31, 0x45, 0x39, 0x65, 0x39, 0x65, 0x39, 0x65, 0x39,
    0x65, 0x39, 0x65, 0x39, 0x45, 0x5e, 0xe5, 0x4b, 0x65, 0x39, 0x65, 0x39,
    0x65, 0x39, 0x65, 0x39, 0x65, 0x39, 0xe5, 0x4b, 0x45, 0x5e, 0xe5, 0x4b,
    0x65, 0x39, 0x65, 0x39, 0x65, 0x39, 0x65, 0x39, 0x65, 0x39, 0x65, 0x39,
    0x65, 0x39, 0x65, 0x39, 0x65, 0x39, 0x65, 0x39, 0x65, 0x39, 0x65, 0x39,
    0x65, 0x39, 0x65, 0x39, 0x65, 0x39, 0x65, 0x39, 0x65, 0x39, 0x65, 0x39,
    0x65, 0x39, 0x65, 0x39, 0x65, 0x39, 0x65, 0x39, 0x65, 0x39, 0x65, 0x39,
    0x65, 0x39, 0x65, 0x39, 0x65, 0x39, 0x65, 0x39, 0x65, 0x39, 0x65, 0x39,
    0x65, 0x39, 0x65, 0x39, 0x65, 0x39, 0x65, 0x39, 0x65, 0x39, 0x65, 0x39,
    0x65, 0x39, 0x65, 0x39, 0xc7, 0x39, 0x65, 0x39, 0x65, 0x39, 0x65, 0x39,
    0x65, 0x39, 0x65, 0x39, 0x65, 0x39, 0x65, 0x39, 0x45, 0x39, 0xb6, 0xbd,
    0xdf, 0xff, 0xdb, 0xde, 0x59, 0xce, 0xdf, 0xff, 0xfb, 0xde, 0x04, 0x29,
    0xe7, 0x49, 0xeb, 0x62, 0x0c, 0x6b, 0xfc, 0xe6, 0xdf, 0xff, 0x10, 0x8c,
    0x2c, 0x6b, 0xeb, 0x62, 0x04, 0x29, 0x45, 0x31, 0x45, 0x39, 0x65, 0x39,
    0x65, 0x39, 0x65, 0x39, 0x65, 0x39, 0x65, 0x39, 0xe5, 0x4b, 0x65, 0x39,
    0x65, 0x39, 0x65, 0x39, 0x65, 0x39, 0x65, 0x39, 0xe5, 0x4b, 0x45, 0x5e,
    0xe5, 0x4b, 0x65, 0x39, 0x65, 0x39, 0x65, 0x39, 0x65, 0x39, 0x65, 0x39,
    0x65, 0x39, 0x65, 0x39, 0x65, 0x39, 0x65, 0x39, 0x65, 0x39, 0x65, 0x39,
    0x65, 0x39, 0x65, 0x39, 0x65, 0x39, 0x65, 0x39, 0x65, 0x39, 0x65, 0x39,
    0x65, 0x39, 0x65, 0x39, 0x65, 0x39, 0x65, 0x39, 0x65, 0x39, 0x65, 0x39,
    0x65, 0x39, 0x65, 0x39, 0x65, 0x39, 0x65, 0x39, 0x65, 0x39, 0x65, 0x39,
    0x65, 0x39, 0x65, 0x39, 0x65, 0x39, 0x65, 0x39, 0x65, 0x39, 0x65, 0x39,
    0x65, 0x39, 0x65, 0x39, 0x65, 0x39, 0x65, 0x39, 0xc7, 0x39, 0x65, 0x39,
    0x65, 0x39, 0x65, 0x39, 0x65, 0x39, 0x65, 0x39, 0x65, 0x39, 0x65, 0x39,
    0x0c, 0x6b, 0xdf, 0xff, 0xbe, 0xf7, 0x69, 0x52, 0xc7, 0x41, 0x9e, 0xf7,
    0xdf, 0xff, 0xd3, 0x9c, 0x24, 0x31, 0x24, 0x31, 0x24, 0x31, 0x59, 0xce,
    0xdf, 0xff, 0xaa, 0x5a, 0xe3, 0x28, 0x24, 0x29, 0x24, 0x31, 0x45, 0x31,
    0x45, 0x39, 0x65, 0x39, 0x65, 0x39, 0x65, 0x39, 0x65, 0x39, 0x65, 0x39,
    0x65, 0x39, 0x65, 0x39, 0x65, 0x39, 0x65, 0x39, 0x65, 0x39, 0xe5, 0x4b,
    0x45, 0x5e, 0xe5, 0x4b, 0x65, 0x39, 0x65, 0x39, 0x65, 0x39, 0x65, 0x39,
    0x65, 0x39, 0x65, 0x39, 0x65, 0x39, 0x65, 0x39, 0x65, 0x39, 0x65, 0x39,
    0x65, 0x39, 0x65, 0x39, 0x65, 0x39, 0x65, 0x39, 0x65, 0x39, 0x65, 0x39,
    0x65, 0x39, 0x65, 0x39, 0x65, 0x39, 0x65, 0x39, 0x65, 0x39, 0x65, 0x39,
    0x65, 0x39, 0x65, 0x39, 0x65, 0x39, 0x65, 0x39, 0x65, 0x39, 0x65, 0x39,
    0x65, 0x39, 0x65, 0x39, 0x65, 0x39, 0x65, 0x39, 0x65, 0x39, 0x65, 0x39,
    0x65, 0x39, 0x65, 0x39, 0x65, 0x39, 0x65, 0x39, 0x65, 0x39, 0x65, 0x39,
    0xc7, 0x39, 0x65, 0x39, 0x65, 0x39, 0x65, 0x39, 0x65, 0x39, 0x65, 0x39,
    0x65, 0x39, 0x45, 0x39, 0x7d, 0xef, 0xdf, 0xff, 0x92, 0x9c, 0xe3, 0x28,
    0x04, 0x29, 0xcf, 0x83, 0xdf, 0xff, 0xdf, 0xf7, 0x69, 0x52, 0x24, 0x31,
    0x45, 0x31, 0x75, 0xb5, 0x7d, 0xef, 0x69, 0x52, 0x24, 0x29, 0x45, 0x31,
    0x45, 0x39, 0x45, 0x39, 0x65, 0x39, 0x65, 0x39, 0x65, 0x39, 0x65, 0x39,
    0x65, 0x39, 0x65, 0x39, 0x65, 0x39, 0x65, 0x39, 0x65, 0x39, 0x65, 0x39,
    0xe5, 0x4b, 0x45, 0x5e, 0xe5, 0x4b, 0x65, 0x39, 0x65, 0x39, 0x65, 0x39,
    0x65, 0x39, 0x65, 0x39, 0x65, 0x39, 0x65, 0x39, 0x65, 0x39, 0x65, 0x39,
    0x65, 0x39, 0x65, 0x39, 0x65, 0x39, 0x65, 0x39, 0x65, 0x39, 0x65, 0x39,
    0x65, 0x39, 0x65, 0x39, 0x65, 0x39, 0x65, 0x39, 0x65, 0x39, 0x65, 0x39,
    0x65, 0x39, 0x65, 0x39, 0x65, 0x39, 0x65, 0x39, 0x65, 0x39, 0x65, 0x39,
    0x65, 0x39, 0x65, 0x39, 0x65, 0x39, 0x65, 0x39, 0x65, 0x39, 0x65, 0x39,
    0x65, 0x39, 0x65, 0x39, 0x65, 0x39, 0x65, 0x39, 0x65, 0x39, 0x65, 0x39,
    0x65, 0x39, 0x65, 0x39, 0xc7, 0x39, 0x65, 0x39, 0x65, 0x39, 0x65, 0x39,
    0x65, 0x39, 0x65, 0x39, 0x65, 0x39, 0x45, 0x39, 0x45, 0x31, 0x24, 0x31,
    0x04, 0x29, 0x04, 0x29, 0x24, 0x31, 0x45, 0x31, 0x24, 0x29, 0x04, 0x29,
    0x04, 0x29, 0x45, 0x31, 0x45, 0x31, 0x45, 0x31, 0x24, 0x31, 0x04, 0x29,
    0x24, 0x31, 0x45, 0x39, 0x65, 0x39, 0x65, 0x39, 0x65, 0x39, 0x65, 0x39,
    0x65, 0x39, 0x65, 0x39, 0x65, 0x39, 0x65, 0x39, 0x65, 0x39, 0x65, 0x39,
    0x65, 0x39, 0xe5, 0x4b, 0x45, 0x5e, 0xe5, 0x4b, 0x65, 0x39, 0x65, 0x39,
    0x65, 0x39, 0x65, 0x39, 0x65, 0x39, 0xe5, 0x4b, 0x65, 0x39, 0x65, 0x39,
    0x65, 0x39, 0x65, 0x39, 0x65, 0x39, 0x65, 0x39, 0x65, 0x39, 0x65, 0x39,
    0x65, 0x39, 0x65, 0x39, 0x65, 0x39, 0x65, 0x39, 0x65, 0x39, 0x65, 0x39,
    0x65, 0x39, 0x65, 0x39, 0x65, 0x39, 0x65, 0x39, 0x65, 0x39, 0x65, 0x39,
    0x65, 0x39, 0x65, 0x39, 0x65, 0x39, 0x65, 0x39, 0x65, 0x39, 0x65, 0x39,
    0x65, 0x39, 0x65, 0x39, 0x65, 0x39, 0x65, 0x39, 0x65, 0x39, 0x65, 0x39,
    0x65, 0x39, 0x65, 0x39, 0x65, 0x39, 0x65, 0x39, 0xc7, 0x39, 0x65, 0x39,
    0x65, 0x39, 0x65, 0x39, 0x65, 0x39, 0x65, 0x39, 0x65, 0x39, 0x65, 0x39,
    0x45, 0x39, 0x45, 0x31, 0x24, 0x31, 0x45, 0x31, 0x45, 0x39, 0x45, 0x39,
    0x45, 0x31, 0x24, 0x31, 0x45, 0x31, 0x45, 0x31, 0x45, 0x39, 0x45, 0x39,
    0x45, 0x31, 0x45, 0x31, 0x45, 0x31, 0x45, 0x39, 0x65, 0x39, 0x65, 0x39,
    0x65, 0x39, 0x65, 0x39, 0x65, 0x39, 0x65, 0x39, 0x65, 0x39, 0x65, 0x39,
    0x65, 0x39, 0x65, 0x39, 0xe5, 0x4b, 0x45, 0x5e, 0xe5, 0x4b, 0x65, 0x39,
    0x65, 0x39, 0x65, 0x39, 0x65, 0x39, 0x65, 0x39, 0xe5, 0x4b, 0x45, 0x5e,
    0x65, 0x39, 0x65, 0x39, 0x65, 0x39, 0x65, 0x39, 0x65, 0x39, 0x65, 0x39,
    0x65, 0x39, 0x65, 0x39, 0x65, 0x39, 0x65, 0x39, 0x65, 0x39, 0x65, 0x39,
    0x65, 0x39, 0x65, 0x39, 0x65, 0x39, 0x65, 0x39, 0x65, 0x39, 0x65, 0x39,
    0x65, 0x39, 0x65, 0x39, 0x65, 0x39, 0x65, 0x39, 0x65, 0x39, 0x65, 0x39,
    0x65, 0x39, 0x65, 0x39, 0x65, 0x39, 0x65, 0x39, 0x65, 0x39, 0x65, 0x39,
    0x65, 0x39, 0x65, 0x39, 0x65, 0x39, 0x65, 0x39, 0x65, 0x39, 0x65, 0x39,
    0xc7, 0x39, 0x65, 0x39, 0x65, 0x39, 0x65, 0x39, 0x65, 0x39, 0x65, 0x39,
    0x65, 0x39, 0x65, 0x39, 0x65, 0x39, 0x45, 0x39, 0x45, 0x39, 0x45, 0x39,
    0x65, 0x39, 0x65, 0x39, 0x45, 0x39, 0x45, 0x39, 0x45, 0x39, 0x45, 0x39,
    0x65, 0x39, 0x65, 0x39, 0x45, 0x39, 0x45, 0x39, 0x65, 0x39, 0x65, 0x39,
    0x65, 0x39, 0x65, 0x39, 0x65, 0x39, 0x65, 0x39, 0x65, 0x39, 0x65, 0x39,
    0x65, 0x39, 0x65, 0x39, 0x65, 0x39, 0xe5, 0x4b, 0x45, 0x5e, 0xe5, 0x4b,
    0x65, 0x39, 0x65, 0x39, 0x65, 0x39, 0x65, 0x39, 0x65, 0x39, 0xe5, 0x4b,
    0x45, 0x5e, 0xe5, 0x4b, 0x65, 0x39, 0x65, 0x39, 0x65, 0x39, 0x65, 0x39,
    0x65, 0x39, 0x65, 0x39, 0x65, 0x39, 0x65, 0x39, 0x65, 0x39, 0x65, 0x39,
    0x65, 0x39, 0x65, 0x39, 0x65, 0x39, 0x65, 0x39, 0x65, 0x39, 0x65, 0x39,
    0x65, 0x39, 0x65, 0x39, 0x65, 0x39, 0x65, 0x39, 0x65, 0x39, 0x65, 0x39,
    0x65, 0x39, 0x65, 0x39, 0x65, 0x39, 0x65, 0x39, 0x65, 0x39, 0x65, 0x39,
    0x65, 0x39, 0x65, 0x39, 0x65, 0x39, 0x65, 0x39, 0x65, 0x39, 0x65, 0x39,
    0x65, 0x39, 0x65, 0x39, 0xc7, 0x39, 0x65, 0x39, 0x65, 0x39, 0x65, 0x39,
    0x65, 0x39, 0x65, 0x39, 0x65, 0x39, 0x65, 0x39, 0x65, 0x39, 0x65, 0x39,
    0x65, 0x39, 0x65, 0x39, 0x65, 0x39, 0x65, 0x39, 0x65, 0x39, 0x65, 0x39,
    0x65, 0x39, 0x65, 0x39, 0x65, 0x39, 0x65, 0x39, 0x65, 0x39, 0x65, 0x39,
    0x65, 0x39, 0x65, 0x39, 0x65, 0x39, 0x65, 0x39, 0x65, 0x39, 0x65, 0x39,
    0x65, 0x39, 0x65, 0x39, 0x65, 0x39, 0x65, 0x39, 0xe5, 0x4b, 0x45, 0x5e,
    0xe5, 0x4b, 0x65, 0x39, 0x65, 0x39, 0x65, 0x39, 0x65, 0x39, 0x65, 0x39,
    0xe5, 0x4b, 0x45, 0x5e, 0xe5, 0x4b, 0x65, 0x39, 0x65, 0x39, 0x65, 0x39,
    0x65, 0x39, 0x65, 0x39, 0x65, 0x39, 0x65, 0x39, 0x65, 0x39, 0x65, 0x39,
    0x65, 0x39, 0x65, 0x39, 0x65, 0x39, 0x65, 0x39, 0x65, 0x39, 0x65, 0x39,
    0x65, 0x39, 0x65, 0x39, 0x65, 0x39, 0x65, 0x39, 0x65, 0x39, 0x65, 0x39,
    0x65, 0x39, 0x65, 0x39, 0x65, 0x39, 0x65, 0x39, 0x65, 0x39, 0x65, 0x39,
    0x65, 0x39, 0x65, 0x39, 0x65, 0x39, 0x65, 0x39, 0x65, 0x39, 0x65, 0x39,
    0x65, 0x39, 0x65, 0x39, 0x65, 0x39, 0x65, 0x39, 0xc7, 0x39, 0x65, 0x39,
    0x65, 0x39, 0x65, 0x39, 0x65, 0x39, 0x65, 0x39, 0x65, 0x39, 0x65, 0x39,
    0x65, 0x39, 0x65, 0x39, 0x65, 0x39, 0x65, 0x39, 0x65, 0x39, 0x65, 0x39,
    0x65, 0x39, 0x65, 0x39, 0x65, 0x39, 0x65, 0x39, 0x65, 0x39, 0x65, 0x39,
    0x65, 0x39, 0x65, 0x39, 0x65, 0x39, 0x65, 0x39, 0x65, 0x39, 0x65, 0x39,
    0x65, 0x39, 0x65, 0x39, 0x65, 0x39, 0x65, 0x39, 0x65, 0x39, 0x65, 0x39,
    0x45, 0x5e, 0xe5, 0x4b, 0x65, 0x39, 0x65, 0x39, 0x65, 0x39, 0x65, 0x39,
    0x65, 0x39, 0xe5, 0x4b, 0x45, 0x5e, 0xe5, 0x4b, 0x65, 0x39, 0x65, 0x39,
    0x65, 0x39, 0x65, 0x39, 0x65, 0x39, 0x65, 0x39, 0x65, 0x39, 0x65, 0x39,
    0x65, 0x39, 0x65, 0x39, 0x65, 0x39, 0x65, 0x39, 0x65, 0x39, 0x65, 0x39,
    0x65, 0x39, 0x65, 0x39, 0x65, 0x39, 0x65, 0x39, 0x65, 0x39, 0x65, 0x39,
    0x65, 0x39, 0x65, 0x39, 0x65, 0x39, 0x65, 0x39, 0x65, 0x39, 0x65, 0x39,
    0x65, 0x39, 0x65, 0x39, 0x65, 0x39, 0x65, 0x39, 0x65, 0x39, 0x65, 0x39,
    0x65, 0x39, 0x65, 0x39, 0x65, 0x39, 0x65, 0x39, 0x65, 0x39, 0x65, 0x39,
    0xc7, 0x39, 0x65, 0x39, 0x65, 0x39, 0x65, 0x39, 0x65, 0x39, 0x65, 0x39,
    0x65, 0x39, 0x65, 0x39, 0x65, 0x39, 0x65, 0x39, 0x65, 0x39, 0x65, 0x39,
    0x65, 0x39, 0x65, 0x39, 0x65, 0x39, 0x65, 0x39, 0x65, 0x39, 0x65, 0x39,
    0x65, 0x39, 0x65, 0x39, 0x65, 0x39, 0x65, 0x39, 0x65, 0x39, 0x65, 0x39,
    0x65, 0x39, 0x65, 0x39, 0x65, 0x39, 0x65, 0x39, 0x65, 0x39, 0x65, 0x39,
    0x65, 0x39, 0x65, 0x39, 0xe5, 0x4b, 0x65, 0x39, 0x65, 0x39, 0x65, 0x39,
    0x65, 0x39, 0x65, 0x39, 0xe5, 0x4b, 0x45, 0x5e, 0xe5, 0x4b, 0x65, 0x39,
    0x65, 0x39, 0x65, 0x39, 0x65, 0x39, 0x65, 0x39, 0x65, 0x39, 0x65, 0x39,
    0x65, 0x39, 0x65, 0x39, 0x65, 0x39, 0x65, 0x39, 0x65, 0x39, 0x65, 0x39,
    0x65, 0x39, 0x65, 0x39, 0x65, 0x39, 0x65, 0x39, 0x65, 0x39, 0x65, 0x39,
    0x65, 0x39, 0x65, 0x39, 0x65, 0x39, 0x65, 0x39, 0x65, 0x39, 0x65, 0x39,
    0x65, 0x39, 0x65, 0x39, 0x65, 0x39, 0x65, 0x39, 0x65, 0x39, 0x65, 0x39,
    0x65, 0x39, 0x65, 0x39, 0x65, 0x39, 0x65, 0x39, 0x65, 0x39, 0x65, 0x39,
    0x65, 0x39, 0x65, 0x39, 0xc7, 0x39, 0x65, 0x39, 0x65, 0x39, 0x65, 0x39,
    0x65, 0x39, 0x65, 0x39, 0x65, 0x39, 0x65, 0x39, 0x65, 0x39, 0x65, 0x39,
    0x65, 0x39, 0x65, 0x39, 0x65, 0x39, 0x65, 0x39, 0x65, 0x39, 0x65, 0x39,
    0x65, 0x39, 0x65, 0x39, 0x65, 0x39, 0x65, 0x39, 0x65, 0x39, 0x65, 0x39,
    0x65, 0x39, 0x65, 0x39, 0x65, 0x39, 0x65, 0x39, 0x65, 0x39, 0x65, 0x39,
    0x65, 0x39, 0x65, 0x39, 0x65, 0x39, 0x65, 0x39, 0x65, 0x39, 0x65, 0x39,
    0x65, 0x39, 0x65, 0x39, 0x65, 0x39, 0xe5, 0x4b, 0x45, 0x5e, 0xe5, 0x4b,
    0x65, 0x39, 0x65, 0x39, 0x65, 0x39, 0x65, 0x39, 0x65, 0x39, 0x65, 0x39,
    0x65, 0x39, 0x65, 0x39, 0x65, 0x39, 0x65, 0x39, 0x65, 0x39, 0x65, 0x39,
    0x65, 0x39, 0x65, 0x39, 0x65, 0x39, 0x65, 0x39, 0x65, 0x39, 0x65, 0x39,
    0x65, 0x39, 0x65, 0x39, 0x65, 0x39, 0x65, 0x39, 0x65, 0x39, 0x65, 0x39,
    0x65, 0x39, 0x65, 0x39, 0x65, 0x39, 0x65, 0x39, 0x65, 0x39, 0x65, 0x39,
    0x65, 0x39, 0x65, 0x39, 0x65, 0x39, 0x65, 0x39, 0x65, 0x39, 0x65, 0x39,
    0x65, 0x39, 0x65, 0x39, 0x65, 0x39, 0x65, 0x39, 0xc7, 0x39, 0x65, 0x39,
    0x65, 0x39, 0x65, 0x39, 0x65, 0x39, 0x65, 0x39, 0x65, 0x39, 0x65, 0x39,
    0x65, 0x39, 0x65, 0x39, 0x65, 0x39, 0x65, 0x39, 0x65, 0x39, 0x65, 0x39,
    0x65, 0x39, 0x65, 0x39, 0x65, 0x39, 0x65, 0x39, 0x65, 0x39, 0x65, 0x39,
    0x65, 0x39, 0x65, 0x39, 0x65, 0x39, 0x65, 0x39, 0x65, 0x39, 0x65, 0x39,
    0x65, 0x39, 0x65, 0x39, 0x65, 0x39, 0x65, 0x39, 0x65, 0x39, 0x65, 0x39,
    0x65, 0x39, 0x65, 0x39, 0x65, 0x39, 0x65, 0x39, 0xe5, 0x4b, 0x45, 0x5e,
    0xe5, 0x4b, 0x65, 0x39, 0x65, 0x39, 0x65, 0x39, 0x65, 0x39, 0x65, 0x39,
    0x65, 0x39, 0x65, 0x39, 0x65, 0x39, 0x65, 0x39, 0x65, 0x39, 0x65, 0x39,
    0x65, 0x39, 0x65, 0x39, 0x65, 0x39, 0x65, 0x39, 0x65, 0x39, 0x65, 0x39,
    0x65, 0x39, 0x65, 0x39, 0x65, 0x39, 0x65, 0x39, 0x65, 0x39, 0x65, 0x39,
    0x65, 0x39, 0x65, 0x39, 0x65, 0x39, 0x65, 0x39, 0x65, 0x39, 0x65, 0x39,
    0x65, 0x39, 0x65, 0x39, 0x65, 0x39, 0x65, 0x39, 0x65, 0x39, 0x65, 0x39,
    0x65, 0x39, 0x65, 0x39, 0x65, 0x39, 0x65, 0x39, 0x65, 0x39, 0x65, 0x39,
    0xc7, 0x39, 0x65, 0x39, 0x65, 0x39, 0x65, 0x39, 0x65, 0x39, 0x65, 0x39,
    0x65, 0x39, 0x65, 0x39, 0x65, 0x39, 0x65, 0x39, 0x65, 0x39, 0x65, 0x39,
    0x65, 0x39, 0x65, 0x39, 0x65, 0x39, 0x65, 0x39, 0x65, 0x39, 0x65, 0x39,
    0x65, 0x39, 0x65, 0x39, 0x65, 0x39, 0x65, 0x39, 0x65, 0x39, 0x65, 0x39,
    0x65, 0x39, 0x65, 0x39, 0x65, 0x39, 0x65, 0x39, 0x65, 0x39, 0x65, 0x39,
    0x65, 0x39, 0x65, 0x39, 0x65, 0x39, 0x65, 0x39, 0x65, 0x39, 0xe5, 0x4b,
    0x45, 0x5e, 0xe5, 0x4b, 0x65, 0x39, 0x65, 0x39, 0x65, 0x39, 0x65, 0x39,
    0x65, 0x39, 0xe5, 0x4b, 0x65, 0x39, 0x65, 0x39, 0x65, 0x39, 0x65, 0x39,
    0x65, 0x39, 0x65, 0x39, 0x65, 0x39, 0x65, 0x39, 0x65, 0x39, 0x65, 0x39,
    0x65, 0x39, 0x65, 0x39, 0x65, 0x39, 0x65, 0x39, 0x65, 0x39, 0x65, 0x39,
    0x65, 0x39, 0x65, 0x39, 0x65, 0x39, 0x65, 0x39, 0x65, 0x39, 0x65, 0x39,
    0x65, 0x39, 0x65, 0x39, 0x65, 0x39, 0x65, 0x39, 0x65, 0x39, 0x65, 0x39,
    0x65, 0x39, 0x65, 0x39, 0x65, 0x39, 0x65, 0x39, 0x65, 0x39, 0x65, 0x39,
    0x65, 0x39, 0x65, 0x39, 0xc7, 0x39, 0x65, 0x39, 0x65, 0x39, 0x65, 0x39,
    0x65, 0x39, 0x65, 0x39, 0x65, 0x39, 0x65, 0x39, 0x65, 0x39, 0x65, 0x39,
    0x65, 0x39, 0x65, 0x39, 0x65, 0x39, 0x65, 0x39, 0x65, 0x39, 0x65, 0x39,
    0x65, 0x39, 0x65, 0x39, 0x65, 0x39, 0x65, 0x39, 0x65, 0x39, 0x65, 0x39,
    0x65, 0x39, 0x65, 0x39, 0x65, 0x39, 0x65, 0x39, 0x65, 0x39, 0x65, 0x39,
    0x65, 0x39, 0x65, 0x39, 0x65, 0x39, 0x65, 0x39, 0x65, 0x39, 0x65, 0x39,
    0xe5, 0x4b, 0x45, 0x5e, 0xe5, 0x4b, 0x65, 0x39, 0x65, 0x39, 0x65, 0x39,
    0x65, 0x39, 0x65, 0x39, 0xe5, 0x4b, 0x45, 0x5e, 0x65, 0x39, 0x65, 0x39,
    0x65, 0x39, 0x65, 0x39, 0x65, 0x39, 0x65, 0x39, 0x65, 0x39, 0x65, 0x39,
    0x65, 0x39, 0x65, 0x39, 0x65, 0x39, 0x65, 0x39, 0x65, 0x39, 0x65, 0x39,
    0x65, 0x39, 0x65, 0x39, 0x65, 0x39, 0x65, 0x39, 0x65, 0x39, 0x65, 0x39,
    0x65, 0x39, 0x65, 0x39, 0x65, 0x39, 0x65, 0x39, 0x65, 0x39, 0x65, 0x39,
    0x65, 0x39, 0x65, 0x39, 0x65, 0x39, 0x65, 0x39, 0x65, 0x39, 0x65, 0x39,
    0x65, 0x39, 0x65, 0x39, 0x65, 0x39, 0x65, 0x39, 0xc7, 0x39, 0x65, 0x39,
    0x65, 0x39, 0x65, 0x39, 0x65, 0x39, 0x65, 0x39, 0x65, 0x39, 0x65, 0x39,
    0x65, 0x39, 0x65, 0x39, 0x65, 0x39, 0x65, 0x39, 0x65, 0x39, 0x65, 0x39,
    0x65, 0x39, 0x65, 0x39, 0x65, 0x39, 0x65, 0x39, 0x65, 0x39, 0x65, 0x39,
    0x65, 0x39, 0x65, 0x39, 0x65, 0x39, 0x65, 0x39, 0x65, 0x39, 0x65, 0x39,
    0x65, 0x39, 0x65, 0x39, 0x65, 0x39, 0x65, 0x39, 0x65, 0x39, 0x65, 0x39,
    0x65, 0x39, 0xe5, 0x4b, 0x45, 0x5e, 0xe5, 0x4b, 0x65, 0x39, 0x65, 0x39,
    0x65, 0x39, 0x65, 0x39, 0x65, 0x39, 0xe5, 0x4b, 0x45, 0x5e, 0xe5, 0x4b,
    0x65, 0x39, 0x65, 0x39, 0x65, 0x39, 0x65, 0x39, 0x65, 0x39, 0x65, 0x39,
    0x65, 0x39, 0x65, 0x39, 0x65, 0x39, 0x65, 0x39, 0x65, 0x39, 0x65, 0x39,
    0x65, 0x39, 0x65, 0x39, 0x65, 0x39, 0x65, 0x39, 0x65, 0x39, 0x65, 0x39,
    0x65, 0x39, 0x65, 0x39, 0x65, 0x39, 0x65, 0x39, 0x65, 0x39, 0x65, 0x39,
    0x65, 0x39, 0x65, 0x39, 0x65, 0x39, 0x65, 0x39, 0x65, 0x39, 0x65, 0x39,
    0x65, 0x39, 0x65, 0x39, 0x65, 0x39, 0x65, 0x39, 0x65, 0x39, 0x65, 0x39,
    0xc7, 0x39, 0x65, 0x39, 0x65, 0x39, 0x65, 0x39, 0x65, 0x39, 0x65, 0x39,
    0x65, 0x39, 0x65, 0x39, 0x65, 0x39, 0x65, 0x39, 0x65, 0x39, 0x65, 0x39,
    0x65, 0x39, 0x65, 0x39, 0x65, 0x39, 0x65, 0x39, 0x65, 0x39, 0x65, 0x39,
    0x65, 0x39, 0x65, 0x39, 0x65, 0x39, 0x65, 0x39, 0x65, 0x39, 0x65, 0x39,
    0x65, 0x39, 0x65, 0x39, 0x65, 0x39, 0x65, 0x39, 0x65, 0x39, 0x65, 0x39,
    0x65, 0x39, 0x65, 0x39, 0xe5, 0x4b, 0x45, 0x5e, 0xe5, 0x4b, 0x65, 0x39,
    0x65, 0x39, 0x65, 0x39, 0x65, 0x39, 0x65, 0x39, 0xe5, 0x4b, 0x45, 0x5e,
    0xe5, 0x4b, 0x65, 0x39, 0x65, 0x39, 0x65, 0x39, 0x65, 0x39, 0x65, 0x39,
    0x65, 0x39, 0x65, 0x39, 0x65, 0x39, 0x65, 0x39, 0x65, 0x39, 0x65, 0x39,
    0x65, 0x39, 0x65, 0x39, 0x65, 0x39, 0x65, 0x39, 0x65, 0x39, 0x65, 0x39,
    0x65, 0x39, 0x65, 0x39, 0x65, 0x39, 0x65, 0x39, 0x65, 0x39, 0x65, 0x39,
    0x65, 0x39, 0x65, 0x39, 0x65, 0x39, 0x65, 0x39, 0x65, 0x39, 0x65, 0x39,
    0x65, 0x39, 0x65, 0x39, 0x65, 0x39, 0x65, 0x39, 0x65, 0x39, 0x65, 0x39,
    0x65, 0x39, 0x65, 0x39, 0xc7, 0x39, 0x65, 0x39, 0x65, 0x39, 0x65, 0x39,
    0x65, 0x39, 0x65, 0x39, 0x65, 0x39, 0x65, 0x39, 0x65, 0x39, 0x65, 0x39,
    0x65, 0x39, 0x65, 0x39, 0x65, 0x39, 0x65, 0x39, 0x65, 0x39, 0x65, 0x39,
    0x65, 0x39, 0x65, 0x39, 0x65, 0x39, 0x65, 0x39, 0x65, 0x39, 0x65, 0x39,
    0x65, 0x39, 0x65, 0x39, 0x65, 0x39, 0x65, 0x39, 0x65, 0x39, 0x65, 0x39,
    0x65, 0x39, 0x65, 0x39, 0x65, 0x39, 0x65, 0x39, 0x45, 0x5e, 0xe5, 0x4b,
    0x65, 0x39, 0x65, 0x39, 0x65, 0x39, 0x65, 0x39, 0x65, 0x39, 0xe5, 0x4b,
    0x45, 0x5e, 0xe5, 0x4b, 0x65, 0x39, 0x65, 0x39, 0x65, 0x39, 0x65, 0x39,
    0x65, 0x39, 0x65, 0x39, 0x65, 0x39, 0x65, 0x39, 0x65, 0x39, 0x65, 0x39,
    0x65, 0x39, 0x65, 0x39, 0x65, 0x39, 0x65, 0x39, 0x65, 0x39, 0x65, 0x39,
    0x65, 0x39, 0x65, 0x39, 0x65, 0x39, 0x65, 0x39, 0x65, 0x39, 0x65, 0x39,
    0x65, 0x39, 0x65, 0x39, 0x65, 0x39, 0x65, 0x39, 0x65, 0x39, 0x65, 0x39,
    0x65, 0x39, 0x65, 0x39, 0x65, 0x39, 0x65, 0x39, 0x65, 0x39, 0x65, 0x39,
    0x65, 0x39, 0x65, 0x39, 0x65, 0x39, 0x65, 0x39, 0xc7, 0x39, 0x65, 0x39,
    0x65, 0x39, 0x65, 0x39, 0x65, 0x39, 0x65, 0x39, 0x65, 0x39, 0x65, 0x39,
    0x65, 0x39, 0x65, 0x39, 0x65, 0x39, 0x65, 0x39, 0x65, 0x39, 0x65, 0x39,
    0x65, 0x39, 0x65, 0x39, 0x65, 0x39, 0x65, 0x39, 0x65, 0x39, 0x65, 0x39,
    0x65, 0x39, 0x65, 0x39, 0x65, 0x39, 0x65, 0x39, 0x65, 0x39, 0x65, 0x39,
    0x65, 0x39, 0x65, 0x39, 0x65, 0x39, 0x65, 0x39, 0x65, 0x39, 0x65, 0x39,
    0xe5, 0x4b, 0x65, 0x39, 0x65, 0x39, 0x65, 0x39, 0x65, 0x39, 0x65, 0x39,
    0xe5, 0x4b, 0x45, 0x5e, 0xe5, 0x4b, 0x65, 0x39, 0x65, 0x39, 0x65, 0x39,
    0x65, 0x39, 0x65, 0x39, 0x65, 0x39, 0x65, 0x39, 0x65, 0x39, 0x65, 0x39,
    0x65, 0x39, 0x65, 0x39, 0x65, 0x39, 0x65, 0x39, 0x65, 0x39, 0x65, 0x39,
    0x65, 0x39, 0x65, 0x39, 0x65, 0x39, 0x65, 0x39, 0x65, 0x39, 0x65, 0x39,
    0x65, 0x39, 0x65, 0x39, 0x65, 0x39, 0x65, 0x39, 0x65, 0x39, 0x65, 0x39,
    0x65, 0x39, 0x65, 0x39, 0x65, 0x39, 0x65, 0x39, 0x65, 0x39, 0x65, 0x39,
    0x65, 0x39, 0x65, 0x39, 0x65, 0x39, 0x65, 0x39, 0x65, 0x39, 0x65, 0x39,
    0xc7, 0x39, 0x65, 0x39, 0x65, 0x39, 0x65, 0x39, 0x65, 0x39, 0x65, 0x39,
    0x65, 0x39, 0x65, 0x39, 0x65, 0x39, 0x65, 0x39, 0x65, 0x39, 0x65, 0x39,
    0x65, 0x39, 0x65, 0x39, 0x65, 0x39, 0x65, 0x39, 0x65, 0x39, 0xea, 0x4f,
    0x88, 0x44, 0x88, 0x44, 0x65, 0x39, 0x65, 0x39, 0x65, 0x39, 0x65, 0x39,
    0x65, 0x39, 0x65, 0x39, 0x65, 0x39, 0x65, 0x39, 0x65, 0x39, 0x65, 0x39,
    0x65, 0x39, 0x65, 0x39, 0x65, 0x39, 0x65, 0x39, 0x65, 0x39, 0x65, 0x39,
    0x65, 0x39, 0xe5, 0x4b, 0x45, 0x5e, 0xe5, 0x4b, 0x65, 0x39, 0x65, 0x39,
    0x65, 0x39, 0x65, 0x39, 0x65, 0x39, 0x65, 0x39, 0x65, 0x39, 0x65, 0x39,
    0x65, 0x39, 0x65, 0x39, 0x65, 0x39, 0x65, 0x39, 0x65, 0x39, 0x65, 0x39,
    0x65, 0x39, 0x65, 0x39, 0x65, 0x39, 0x65, 0x39, 0x65, 0x39, 0x65, 0x39,
    0x65, 0x39, 0x65, 0x39, 0x65, 0x39, 0x65, 0x39, 0x65, 0x39, 0x65, 0x39,
    0x65, 0x39, 0x65, 0x39, 0x65, 0x39, 0x65, 0x39, 0x65, 0x39, 0x65, 0x39,
    0x65, 0x39, 0x65, 0x39, 0x65, 0x39, 0x65, 0x39, 0x65, 0x39, 0x65, 0x39,
    0x65, 0x39, 0x65, 0x39, 0xc7, 0x39, 0x65, 0x39, 0x65, 0x39, 0x65, 0x39,
    0x65, 0x39, 0x65, 0x39, 0x65, 0x39, 0x65, 0x39, 0x65, 0x39, 0x65, 0x39,
    0x65, 0x39, 0x65, 0x39, 0x65, 0x39, 0x65, 0x39, 0x65, 0x39, 0x65, 0x39,
    0x65, 0x39, 0xea, 0x4f, 0xca, 0x4f, 0xaa, 0x47, 0x67, 0x3c, 0x67, 0x3c,
    0x65, 0x39, 0x65, 0x39, 0x65, 0x39, 0x65, 0x39, 0x65, 0x39, 0x65, 0x39,
    0x65, 0x39, 0x65, 0x39, 0x65, 0x39, 0x65, 0x39, 0x65, 0x39, 0x65, 0x39,
    0x65, 0x39, 0x65, 0x39, 0xe5, 0x4b, 0x45, 0x5e, 0xe5, 0x4b, 0x65, 0x39,
    0x65, 0x39, 0x65, 0x39, 0x65, 0x39, 0x65, 0x39, 0x65, 0x39, 0x65, 0x39,
    0x65, 0x39, 0x65, 0x39, 0x65, 0x39, 0x65, 0x39, 0x65, 0x39, 0x65, 0x39,
    0x65, 0x39, 0x65, 0x39, 0x65, 0x39, 0x65, 0x39, 0x65, 0x39, 0x65, 0x39,
    0x65, 0x39, 0x65, 0x39, 0x65, 0x39, 0x65, 0x39, 0x65, 0x39, 0x65, 0x39,
    0x65, 0x39, 0x65, 0x39, 0x65, 0x39, 0x65, 0x39, 0x65, 0x39, 0x65, 0x39,
    0x65, 0x39, 0x65, 0x39, 0x65, 0x39, 0x65, 0x39, 0x65, 0x39, 0x65, 0x39,
    0x65, 0x39, 0x65, 0x39, 0x65, 0x39, 0x65, 0x39, 0xc7, 0x39, 0x65, 0x39,
    0x65, 0x39, 0x65, 0x39, 0x65, 0x39, 0x65, 0x39, 0x65, 0x39, 0x65, 0x39,
    0x65, 0x39, 0x65, 0x39, 0x65, 0x39, 0x65, 0x39, 0x65, 0x39, 0x65, 0x39,
    0x65, 0x39, 0x65, 0x39, 0x65, 0x39, 0xeb, 0x4f, 0xca, 0x4f, 0xaa, 0x47,
    0x8a, 0x47, 0x6a, 0x47, 0x67, 0x3c, 0x47, 0x3c, 0x65, 0x39, 0x65, 0x39,
    0x65, 0x39, 0x65, 0x39, 0x65, 0x39, 0x65, 0x39, 0x65, 0x39, 0x65, 0x39,
    0x65, 0x39, 0x65, 0x39, 0x65, 0x39, 0xe5, 0x4b, 0x45, 0x5e, 0xe5, 0x4b,
    0x65, 0x39, 0x65, 0x39, 0x65, 0x39, 0x65, 0x39, 0x65, 0x39, 0xe5, 0x4b,
    0x65, 0x39, 0x65, 0x39, 0x65, 0x39, 0x65, 0x39, 0x65, 0x39, 0x65, 0x39,
    0x65, 0x39, 0x65, 0x39, 0x65, 0x39, 0x65, 0x39, 0x65, 0x39, 0x65, 0x39,
    0x65, 0x39, 0x65, 0x39, 0x65, 0x39, 0x65, 0x39, 0x65, 0x39, 0x65, 0x39,
    0x65, 0x39, 0x65, 0x39, 0x65, 0x39, 0x65, 0x39, 0x65, 0x39, 0x65, 0x39,
    0x65, 0x39, 0x65, 0x39, 0x65, 0x39, 0x65, 0x39, 0x65, 0x39, 0x65, 0x39,
    0x65, 0x39, 0x65, 0x39, 0x65, 0x39, 0x65, 0x39, 0x65, 0x39, 0x65, 0x39,
    0xc7, 0x39, 0x65, 0x39, 0x65, 0x39, 0x65, 0x39, 0x65, 0x39, 0x65, 0x39,
    0x65, 0x39, 0x65, 0x39, 0x65, 0x39, 0x65, 0x39, 0x65, 0x39, 0x65, 0x39,
    0x65, 0x39, 0x65, 0x39, 0x65, 0x39, 0x65, 0x39, 0x65, 0x39, 0xea, 0x4f,
    0xca, 0x4f, 0xaa, 0x47, 0x8a, 0x47, 0x6a, 0x47, 0x49, 0x3f, 0x29, 0x3f,
    0x47, 0x3c, 0x27, 0x3c, 0x65, 0x39, 0x65, 0x39, 0x65, 0x39, 0x65, 0x39,
    0x65, 0x39, 0x65, 0x39, 0x65, 0x39, 0x65, 0x39, 0x05, 0x55, 0x45, 0x5e,
    0x05, 0x55, 0x65, 0x39, 0x65, 0x39, 0x65, 0x39, 0x65, 0x39, 0x65, 0x39,
    0x25, 0x55, 0x45, 0x5e, 0xe5, 0x4b, 0x65, 0x39, 0x65, 0x39, 0x65, 0x39,
    0x65, 0x39, 0x65, 0x39, 0xe5, 0x4b, 0x45, 0x5e, 0xe5, 0x4b, 0x65, 0x39,
    0x65, 0x39, 0x65, 0x39, 0x65, 0x39, 0x65, 0x39, 0xe5, 0x4b, 0x45, 0x5e,
    0xe5, 0x4b, 0x65, 0x39, 0x65, 0x39, 0x65, 0x39, 0x65, 0x39, 0x65, 0x39,
    0xe5, 0x4b, 0x45, 0x5e, 0xe5, 0x4b, 0x65, 0x39, 0x65, 0x39, 0x65, 0x39,
    0x65, 0x39, 0x65, 0x39, 0xe5, 0x4b, 0x45, 0x5e, 0xe5, 0x4b, 0x65, 0x39,
    0x65, 0x39, 0x65, 0x39, 0xc7, 0x39, 0x65, 0x39, 0x65, 0x39, 0x65, 0x39,
    0x65, 0x39, 0x65, 0x39, 0x65, 0x39, 0x65, 0x39, 0x65, 0x39, 0x65, 0x39,
    0x65, 0x39, 0x65, 0x39, 0x65, 0x39, 0x65, 0x39, 0x65, 0x39, 0x65, 0x39,
    0x65, 0x39, 0xea, 0x4f, 0xca, 0x4f, 0xaa, 0x47, 0x8a, 0x47, 0x6a, 0x47,
    0x49, 0x3f, 0x29, 0x3f, 0x09, 0x3f, 0x09, 0x37, 0x27, 0x34, 0x07, 0x34,
    0x65, 0x39, 0x66, 0x39, 0x66, 0x39, 0x66, 0x39, 0x66, 0x39, 0x05, 0x55,
    0x45, 0x5e, 0x25, 0x55, 0x45, 0x39, 0x65, 0x39, 0x65, 0x39, 0x65, 0x39,
    0x65, 0x39, 0x25, 0x55, 0x45, 0x5e, 0x25, 0x55, 0x65, 0x39, 0x65, 0x39,
    0x65, 0x39, 0x65, 0x39, 0x65, 0x39, 0xe5, 0x4b, 0x45, 0x5e, 0xe5, 0x4b,
    0x65, 0x39, 0x65, 0x39, 0x65, 0x39, 0x65, 0x39, 0x65, 0x39, 0xe5, 0x4b,
    0x45, 0x5e, 0xe5, 0x4b, 0x65, 0x39, 0x65, 0x39, 0x65, 0x39, 0x65, 0x39,
    0x65, 0x39, 0xe5, 0x4b, 0x45, 0x5e, 0xe5, 0x4b, 0x65, 0x39, 0x65, 0x39,
    0x65, 0x39, 0x65, 0x39, 0x65, 0x39, 0xe5, 0x4b, 0x45, 0x5e, 0xe5, 0x4b,
    0x65, 0x39, 0x65, 0x39, 0x65, 0x39, 0x65, 0x39, 0xc7, 0x39, 0x65, 0x39,
    0x65, 0x39, 0x65, 0x39, 0x65, 0x39, 0x65, 0x39, 0x65, 0x39, 0x65, 0x39,
    0x65, 0x39, 0x65, 0x39, 0x65, 0x39, 0x65, 0x39, 0x65, 0x39, 0x65, 0x39,
    0x65, 0x39, 0x65, 0x39, 0x65, 0x39, 0xea, 0x4f, 0xca, 0x4f, 0xaa, 0x47,
    0x8a, 0x47, 0x6a, 0x47, 0x49, 0x3f, 0x29, 0x3f, 0x09, 0x3f, 0xe9, 0x36,
    0xc9, 0x36, 0xc8, 0x36, 0x07, 0x34, 0x07, 0x34, 0x66, 0x31, 0x66, 0x31,
    0x06, 0x4d, 0x26, 0x56, 0x06, 0x4d, 0x66, 0x39, 0x66, 0x39, 0x65, 0x39,
    0x65, 0x39, 0x65, 0x39, 0x05, 0x55, 0x45, 0x5e, 0x25, 0x55, 0x65, 0x39,
    0x65, 0x39, 0x65, 0x39, 0x65, 0x39, 0x65, 0x39, 0xe5, 0x4b, 0x45, 0x5e,
    0xe5, 0x4b, 0x65, 0x39, 0x65, 0x39, 0x65, 0x39, 0x65, 0x39, 0x65, 0x39,
    0xe5, 0x4b, 0x45, 0x5e, 0xe5, 0x4b, 0x65, 0x39, 0x65, 0x39, 0x65, 0x39,
    0x65, 0x39, 0x65, 0x39, 0xe5, 0x4b, 0x45, 0x5e, 0xe5, 0x4b, 0x65, 0x39,
    0x65, 0x39, 0x65, 0x39, 0x65, 0x39, 0x65, 0x39, 0xe5, 0x4b, 0x45, 0x5e,
    0xe5, 0x4b, 0x65, 0x39, 0x65, 0x39, 0x65, 0x39, 0x65, 0x39, 0x65, 0x39,
    0xc7, 0x39, 0x65, 0x39, 0x65, 0x39, 0x65, 0x39, 0x65, 0x39, 0x65, 0x39,
    0x65, 0x39, 0x65, 0x39, 0x65, 0x39, 0x65, 0x39, 0x65, 0x39, 0x65, 0x39,
    0x65, 0x39, 0x65, 0x39, 0x65, 0x39, 0x65, 0x39, 0x65, 0x39, 0xeb, 0x4f,
    0xca, 0x4f, 0xaa, 0x47, 0x8a, 0x47, 0x6a, 0x47, 0x49, 0x3f, 0x29, 0x3f,
    0x09, 0x3f, 0x09, 0x37, 0xe9, 0x36, 0xc8, 0x36, 0xa8, 0x2e, 0x88, 0x2e,
    0x08, 0x2c, 0xe8, 0x2b, 0xe7, 0x4d, 0xe7, 0x4c, 0x87, 0x31, 0x87, 0x31,
    0x66, 0x31, 0x66, 0x39, 0x66, 0x39, 0x05, 0x55, 0x45, 0x5e, 0x05, 0x55,
    0x65, 0x39, 0x65, 0x39, 0x65, 0x39, 0x65, 0x39, 0x65, 0x39, 0xe5, 0x4b,
    0x45, 0x5e, 0xe5, 0x4b, 0x65, 0x39, 0x65, 0x39, 0x65, 0x39, 0x65, 0x39,
    0x65, 0x39, 0xe5, 0x4b, 0x45, 0x5e, 0xe5, 0x4b, 0x65, 0x39, 0x65, 0x39,
    0x65, 0x39, 0x65, 0x39, 0x65, 0x39, 0xe5, 0x4b, 0x45, 0x5e, 0xe5, 0x4b,
    0x65, 0x39, 0x65, 0x39, 0x65, 0x39, 0x65, 0x39, 0x65, 0x39, 0xe5, 0x4b,
    0x45, 0x5e, 0xe5, 0x4b, 0x65, 0x39, 0x65, 0x39, 0x65, 0x39, 0x65, 0x39,
    0x65, 0x39, 0xe5, 0x4b, 0xc7, 0x39, 0x65, 0x39, 0x65, 0x39, 0x65, 0x39,
    0x65, 0x39, 0x65, 0x39, 0x65, 0x39, 0x65, 0x39, 0x65, 0x39, 0x65, 0x39,
    0x65, 0x39, 0x65, 0x39, 0x65, 0x39, 0x65, 0x39, 0x65, 0x39, 0x65, 0x39,
    0x65, 0x39, 0xea, 0x4f, 0xca, 0x4f, 0xaa, 0x47, 0x8a, 0x47, 0x6a, 0x47,
    0x49, 0x3f, 0x29, 0x3f, 0x09, 0x3f, 0xe9, 0x36, 0xc9, 0x36, 0xc8, 0x2e,
    0xa8, 0x2e, 0x88, 0x2e, 0x28, 0x2d, 0xe9, 0x2a, 0xca, 0x44, 0xca, 0x29,
    0xc9, 0x31, 0xa8, 0x31, 0x87, 0x31, 0x87, 0x31, 0x06, 0x4d, 0x45, 0x5e,
    0x05, 0x55, 0x65, 0x39, 0x65, 0x39, 0x65, 0x39, 0x65, 0x39, 0x65, 0x39,
    0xe5, 0x4b, 0x45, 0x5e, 0xe5, 0x4b, 0x65, 0x39, 0x65, 0x39, 0x65, 0x39,
    0x65, 0x39, 0x65, 0x39, 0xe5, 0x4b, 0x45, 0x5e, 0xe5, 0x4b, 0x65, 0x39,
    0x65, 0x39, 0x65, 0x39, 0x65, 0x39, 0x65, 0x39, 0xe5, 0x4b, 0x45, 0x5e,
    0xe5, 0x4b, 0x65, 0x39, 0x65, 0x39, 0x65, 0x39, 0x65, 0x39, 0x65, 0x39,
    0xe5, 0x4b, 0x45, 0x5e, 0xe5, 0x4b, 0x65, 0x39, 0x65, 0x39, 0x65, 0x39,
    0x65, 0x39, 0x65, 0x39, 0xe5, 0x4b, 0x45, 0x5e, 0xc7, 0x39, 0x65, 0x39,
    0x65, 0x39, 0x65, 0x39, 0x65, 0x39, 0x65, 0x39, 0x65, 0x39, 0x65, 0x39,
    0x65, 0x39, 0x65, 0x39, 0x65, 0x39, 0x65, 0x39, 0x65, 0x39, 0x65, 0x39,
    0x65, 0x39, 0x65, 0x39, 0x65, 0x39, 0xea, 0x4f, 0xca, 0x4f, 0xaa, 0x47,
    0x8a, 0x47, 0x6a, 0x47, 0x49, 0x3f, 0x29, 0x3f, 0x09, 0x3f, 0x09, 0x37,
    0xe9, 0x36, 0xc8, 0x36, 0x69, 0x2d, 0x0a, 0x2b, 0x0c, 0x2a, 0x0d, 0x22,
    0x0d, 0x22, 0x0c, 0x2a, 0xeb, 0x29, 0xca, 0x29, 0xc9, 0x31, 0xe7, 0x4c,
    0x26, 0x56, 0x06, 0x4d, 0x66, 0x39, 0x45, 0x39, 0x65, 0x39, 0x65, 0x39,
    0x65, 0x39, 0xe5, 0x4b, 0x45, 0x5e, 0xe5, 0x4b, 0x65, 0x39, 0x65, 0x39,
    0x65, 0x39, 0x65, 0x39, 0x65, 0x39, 0xe5, 0x4b, 0x45, 0x5e, 0xe5, 0x4b,
    0x65, 0x39, 0x65, 0x39, 0x65, 0x39, 0x65, 0x39, 0x65, 0x39, 0xe5, 0x4b,
    0x45, 0x5e, 0xe5, 0x4b, 0x65, 0x39, 0x65, 0x39, 0x65, 0x39, 0x65, 0x39,
    0x65, 0x39, 0xe5, 0x4b, 0x45, 0x5e, 0xe5, 0x4b, 0x65, 0x39, 0x65, 0x39,
    0x65, 0x39, 0x65, 0x39, 0x65, 0x39, 0xe5, 0x4b, 0x45, 0x5e, 0xe5, 0x4b,
    0xc7, 0x39, 0x65, 0x39, 0x65, 0x39, 0x65, 0x39, 0x65, 0x39, 0x65, 0x39,
    0x65, 0x39, 0x65, 0x39, 0x65, 0x39, 0x65, 0x39, 0x65, 0x39, 0x65, 0x39,
    0x65, 0x39, 0x65, 0x39, 0x65, 0x39, 0x65, 0x39, 0x65, 0x39, 0xea, 0x4f,
    0xca, 0x4f, 0xaa, 0x47, 0x8a, 0x47, 0x6a, 0x47, 0x49, 0x3f, 0x29, 0x3f,
    0x09, 0x3f, 0xe9, 0x36, 0x89, 0x35, 0x2a, 0x2b, 0x0d, 0x22, 0x56, 0x3a,
    0x7c, 0x4a, 0x7f, 0x4a, 0x7f, 0x4a, 0x7c, 0x4a, 0x56, 0x3a, 0x0d, 0x22,
    0xab, 0x3c, 0xc9, 0x4d, 0xe7, 0x4c, 0x87, 0x31, 0x66, 0x39, 0x65, 0x39,
    0x65, 0x39, 0x65, 0x39, 0xe5, 0x4b, 0x45, 0x5e, 0xe5, 0x4b, 0x65, 0x39,
    0x65, 0x39, 0x65, 0x39, 0x65, 0x39, 0x65, 0x39, 0xe5, 0x4b, 0x45, 0x5e,
    0xe5, 0x4b, 0x65, 0x39, 0x65, 0x39, 0x65, 0x39, 0x65, 0x39, 0x65, 0x39,
    0xe5, 0x4b, 0x45, 0x5e, 0xe5, 0x4b, 0x65, 0x39, 0x65, 0x39, 0x65, 0x39,
    0x65, 0x39, 0x65, 0x39, 0xe5, 0x4b, 0x45, 0x5e, 0xe5, 0x4b, 0x65, 0x39,
    0x65, 0x39, 0x65, 0x39, 0x65, 0x39, 0x65, 0x39, 0xe5, 0x4b, 0x45, 0x5e,
    0xe5, 0x4b, 0x65, 0x39, 0xc7, 0x39, 0x65, 0x39, 0x65, 0x39, 0x65, 0x39,
    0x65, 0x39, 0x65, 0x39, 0x65, 0x39, 0x65, 0x39, 0x65, 0x39, 0x65, 0x39,
    0x65, 0x39, 0x65, 0x39, 0x65, 0x39, 0x65, 0x39, 0x65, 0x39, 0x65, 0x39,
    0x65, 0x39, 0xeb, 0x4f, 0xca, 0x4f, 0xaa, 0x47, 0x8a, 0x47, 0x6a, 0x47,
    0x49, 0x3f, 0x29, 0x3f, 0xa9, 0x35, 0x09, 0x33, 0xeb, 0x29, 0x30, 0x32,
    0x7c, 0x4a, 0x7f, 0x4a, 0x7f, 0x4a, 0x7f, 0x4a, 0x7f, 0x4a, 0x7f, 0x4a,
    0x7f, 0x4a, 0xdc, 0x4a, 0xf0, 0x44, 0xab, 0x3c, 0xc9, 0x31, 0x87, 0x31,
    0x66, 0x31, 0x66, 0x39, 0x45, 0x39, 0x05, 0x55, 0x45, 0x5e, 0xe5, 0x4b,
    0x65, 0x39, 0x65, 0x39, 0x65, 0x39, 0x65, 0x39, 0x65, 0x39, 0xe5, 0x4b,
    0x45, 0x5e, 0xe5, 0x4b, 0x65, 0x39, 0x65, 0x39, 0x65, 0x39, 0x65, 0x39,
    0x65, 0x39, 0xe5, 0x4b, 0x45, 0x5e, 0xe5, 0x4b, 0x65, 0x39, 0x65, 0x39,
    0x65, 0x39, 0x65, 0x39, 0x65, 0x39, 0xe5, 0x4b, 0x45, 0x5e, 0xe5, 0x4b,
    0x65, 0x39, 0x65, 0x39, 0x65, 0x39, 0x65, 0x39, 0x65, 0x39, 0xe5, 0x4b,
    0x45, 0x5e, 0xe5, 0x4b, 0x65, 0x39, 0x65, 0x39, 0xc7, 0x39, 0x65, 0x39,
    0x65, 0x39, 0x65, 0x39, 0x65, 0x39, 0x65, 0x39, 0x65, 0x39, 0x65, 0x39,
    0x65, 0x39, 0x65, 0x39, 0x65, 0x39, 0x65, 0x39, 0x65, 0x39, 0x65, 0x39,
    0x65, 0x39, 0x65, 0x39, 0x65, 0x39, 0xea, 0x4f, 0xca, 0x4f, 0xaa, 0x47,
    0x8a, 0x47, 0x6a, 0x47, 0xc8, 0x3d, 0xe7, 0x32, 0xa8, 0x31, 0xca, 0x29,
    0x0d, 0x22, 0x7c, 0x4a, 0x7f, 0x4a, 0x7f, 0x4a, 0x7f, 0x4a, 0x7f, 0x4a,
    0x7f, 0x4a, 0x7f, 0x4a, 0x7f, 0x4a, 0x7f, 0x4a, 0xdc, 0x4a, 0x0d, 0x22,
    0xca, 0x29, 0xa8, 0x31, 0x87, 0x31, 0x66, 0x39, 0x25, 0x55, 0x45, 0x5e,
    0xe5, 0x4b, 0x65, 0x39, 0x65, 0x39, 0x65, 0x39, 0x65, 0x39, 0x65, 0x39,
    0xe5, 0x4b, 0x45, 0x5e, 0xe5, 0x4b, 0x65, 0x39, 0x65, 0x39, 0x65, 0x39,
    0x65, 0x39, 0x65, 0x39, 0xe5, 0x4b, 0x45, 0x5e, 0xe5, 0x4b, 0x65, 0x39,
    0x65, 0x39, 0x65, 0x39, 0x65, 0x39, 0x65, 0x39, 0xe5, 0x4b, 0x45, 0x5e,
    0xe5, 0x4b, 0x65, 0x39, 0x65, 0x39, 0x65, 0x39, 0x65, 0x39, 0x65, 0x39,
    0xe5, 0x4b, 0x45, 0x5e, 0xe5, 0x4b, 0x65, 0x39, 0x65, 0x39, 0x65, 0x39,
    0xc7, 0x39, 0x65, 0x39, 0x65, 0x39, 0x65, 0x39, 0x65, 0x39, 0x65, 0x39,
    0x65, 0x39, 0x65, 0x39, 0x65, 0x39, 0x65, 0x39, 0x65, 0x39, 0x65, 0x39,
    0x65, 0x39, 0x65, 0x39, 0x65, 0x39, 0x65, 0x39, 0x65, 0x39, 0xea, 0x4f,
    0xca, 0x4f, 0xaa, 0x47, 0x09, 0x46, 0xe7, 0x3a, 0x66, 0x31, 0x87, 0x31,
    0xc9, 0x31, 0xeb, 0x29, 0x56, 0x3a, 0x7f, 0x4a, 0x7f, 0x4a, 0x7f, 0x4a,
    0x7f, 0x4a, 0x7f, 0x4a, 0x7f, 0x4a, 0x7f, 0x4a, 0x7f, 0x4a, 0x7f, 0x4a,
    0x7f, 0x4a, 0x56, 0x3a, 0xeb, 0x29, 0xc9, 0x31, 0x87, 0x31, 0x06, 0x4d,
    0x45, 0x5e, 0x05, 0x55, 0x65, 0x39, 0x65, 0x39, 0x65, 0x39, 0x65, 0x39,
    0x65, 0x39, 0xe5, 0x4b, 0x45, 0x5e, 0xe5, 0x4b, 0x65, 0x39, 0x65, 0x39,
    0x65, 0x39, 0x65, 0x39, 0x65, 0x39, 0xe5, 0x4b, 0x45, 0x5e, 0xe5, 0x4b,
    0x65, 0x39, 0x65, 0x39, 0x65, 0x39, 0x65, 0x39, 0x65, 0x39, 0xe5, 0x4b,
    0x45, 0x5e, 0xe5, 0x4b, 0x65, 0x39, 0x65, 0x39, 0x65, 0x39, 0x65, 0x39,
    0x65, 0x39, 0xe5, 0x4b, 0x45, 0x5e, 0xe5, 0x4b, 0x65, 0x39, 0x65, 0x39,
    0x65, 0x39, 0x65, 0x39, 0xc7, 0x39, 0x65, 0x39, 0x65, 0x39, 0x65, 0x39,
    0x65, 0x39, 0x65, 0x39, 0x65, 0x39, 0x65, 0x39, 0x65, 0x39, 0x65, 0x39,
    0x65, 0x39, 0x65, 0x39, 0x65, 0x39, 0x65, 0x39, 0x65, 0x39, 0x65, 0x39,
    0x65, 0x39, 0xea, 0x4f, 0x29, 0x46, 0xe6, 0x3a, 0x65, 0x39, 0x66, 0x39,
    0x66, 0x31, 0x88, 0x31, 0xca, 0x29, 0x0c, 0x2a, 0x7c, 0x4a, 0x7f, 0x4a,
    0x7f, 0x4a, 0x7f, 0x4a, 0x7f, 0x4a, 0x7f, 0x4a, 0x7f, 0x4a, 0x7f, 0x4a,
    0x7f, 0x4a, 0x7f, 0x4a, 0x7f, 0x4a, 0x7c, 0x4a, 0x0c, 0x2a, 0xca, 0x29,
    0xe7, 0x4c, 0x26, 0x56, 0x05, 0x55, 0x65, 0x39, 0x65, 0x39, 0x65, 0x39,
    0x65, 0x39, 0x65, 0x39, 0xe5, 0x4b, 0x45, 0x5e, 0xe5, 0x4b, 0x65, 0x39,
    0x65, 0x39, 0x65, 0x39, 0x65, 0x39, 0x65, 0x39, 0xe5, 0x4b, 0x45, 0x5e,
    0xe5, 0x4b, 0x65, 0x39, 0x65, 0x39, 0x65, 0x39, 0x65, 0x39, 0x65, 0x39,
    0xe5, 0x4b, 0x45, 0x5e, 0xe5, 0x4b, 0x65, 0x39, 0x65, 0x39, 0x65, 0x39,
    0x65, 0x39, 0x65, 0x39, 0xe5, 0x4b, 0x45, 0x5e, 0xe5, 0x4b, 0x65, 0x39,
    0x65, 0x39, 0x65, 0x39, 0x65, 0x39, 0x65, 0x39, 0xc7, 0x39, 0x65, 0x39,
    0x65, 0x39, 0x65, 0x39, 0x65, 0x39, 0x65, 0x39, 0x65, 0x39, 0x65, 0x39,
    0x65, 0x39, 0x65, 0x39, 0x65, 0x39, 0x65, 0x39, 0x65, 0x39, 0x65, 0x39,
    0x65, 0x39, 0x65, 0x39, 0x65, 0x39, 0x06, 0x3b, 0x65, 0x39, 0x65, 0x39,
    0x65, 0x39, 0x66, 0x39, 0x66, 0x31, 0x88, 0x31, 0xca, 0x29, 0x0d, 0x22,
    0x7f, 0x4a, 0x7f, 0x4a, 0x7f, 0x4a, 0x7f, 0x4a, 0x7f, 0x4a, 0x7f, 0x4a,
    0x7f, 0x4a, 0x7f, 0x4a, 0x7f, 0x4a, 0x7f, 0x4a, 0x7f, 0x4a, 0x7f, 0x4a,
    0x0d, 0x22, 0xca, 0x44, 0xe7, 0x4d, 0x06, 0x4d, 0x66, 0x39, 0x65, 0x39,
    0x65, 0x39, 0x65, 0x39, 0x65, 0x39, 0xe5, 0x4b, 0x45, 0x5e, 0xe5, 0x4b,
    0x65, 0x39, 0x65, 0x39, 0x65, 0x39, 0x65, 0x39, 0x65, 0x39, 0xe5, 0x4b,
    0x45, 0x5e, 0xe5, 0x4b, 0x65, 0x39, 0x65, 0x39, 0x65, 0x39, 0x65, 0x39,
    0x65, 0x39, 0xe5, 0x4b, 0x45, 0x5e, 0xe5, 0x4b, 0x65, 0x39, 0x65, 0x39,
    0x65, 0x39, 0x65, 0x39, 0x65, 0x39, 0xe5, 0x4b, 0x45, 0x5e, 0xe5, 0x4b,
    0x65, 0x39, 0x65, 0x39, 0x65, 0x39, 0x65, 0x39, 0x65, 0x39, 0xe5, 0x4b,
    0xc7, 0x39, 0x65, 0x39, 0x65, 0x39, 0x65, 0x39, 0x65, 0x39, 0x65, 0x39,
    0x65, 0x39, 0x65, 0x39, 0x65, 0x39, 0x65, 0x39, 0x65, 0x39, 0x65, 0x39,
    0x65, 0x39, 0x65, 0x39, 0x65, 0x39, 0x65, 0x39, 0x65, 0x39, 0x65, 0x39,
    0x65, 0x39, 0x65, 0x39, 0x65, 0x39, 0x66, 0x39, 0x66, 0x31, 0x88, 0x31,
    0xca, 0x29, 0x0d, 0x22, 0x7f, 0x4a, 0x7f, 0x4a, 0x7f, 0x4a, 0x7f, 0x4a,
    0x7f, 0x4a, 0x7f, 0x4a, 0x7f, 0x4a, 0x7f, 0x4a, 0x7f, 0x4a, 0x7f, 0x4a,
    0x7f, 0x4a, 0x7f, 0x4a, 0x0d, 0x22, 0x09, 0x2c, 0xc8, 0x2a, 0x66, 0x31,
    0x66, 0x39, 0x65, 0x39, 0x65, 0x39, 0x65, 0x39, 0x65, 0x39, 0x65, 0x39,
    0x65, 0x39, 0x65, 0x39, 0x65, 0x39, 0x65, 0x39, 0x65, 0x39, 0x65, 0x39,
    0x65, 0x39, 0x65, 0x39, 0x65, 0x39, 0x65, 0x39, 0x65, 0x39, 0x65, 0x39,
    0x65, 0x39, 0x65, 0x39, 0x65, 0x39, 0x65, 0x39, 0x65, 0x39, 0x65, 0x39,
    0x65, 0x39, 0x65, 0x39, 0x65, 0x39, 0x65, 0x39, 0x65, 0x39, 0x65, 0x39,
    0x65, 0x39, 0x65, 0x39, 0x65, 0x39, 0x65, 0x39, 0x65, 0x39, 0x65, 0x39,
    0x65, 0x39, 0xc7, 0x39, 0xc7, 0x39, 0x65, 0x39, 0x65, 0x39, 0x65, 0x39,
    0x65, 0x39, 0x65, 0x39, 0x65, 0x39, 0x65, 0x39, 0x65, 0x39, 0x65, 0x39,
    0x65, 0x39, 0x65, 0x39, 0x65, 0x39, 0x65, 0x39, 0x65, 0x39, 0x65, 0x39,
    0x65, 0x39, 0x65, 0x39, 0x65, 0x39, 0x65, 0x39, 0x65, 0x39, 0x66, 0x39,
    0x66, 0x31, 0x88, 0x31, 0xca, 0x29, 0x0c, 0x2a, 0x7c, 0x4a, 0x7f, 0x4a,
    0x7f, 0x4a, 0x7f, 0x4a, 0x7f, 0x4a, 0x7f, 0x4a, 0x7f, 0x4a, 0x7f, 0x4a,
    0x7f, 0x4a, 0x7f, 0x4a, 0x7f, 0x4a, 0x7c, 0x4a, 0x0c, 0x2a, 0x09, 0x2c,
    0x28, 0x2d, 0x66, 0x31, 0x66, 0x39, 0x65, 0x39, 0x65, 0x39, 0x65, 0x39,
    0x65, 0x39, 0x65, 0x39, 0x65, 0x39, 0x65, 0x39, 0x65, 0x39, 0x65, 0x39,
    0x65, 0x39, 0x65, 0x39, 0x65, 0x39, 0x65, 0x39, 0x65, 0x39, 0x65, 0x39,
    0x65, 0x39, 0x65, 0x39, 0x65, 0x39, 0x65, 0x39, 0x65, 0x39, 0x65, 0x39,
    0x65, 0x39, 0x65, 0x39, 0x65, 0x39, 0x65, 0x39, 0x65, 0x39, 0x65, 0x39,
    0x65, 0x39, 0x65, 0x39, 0x65, 0x39, 0x65, 0x39, 0x65, 0x39, 0x65, 0x39,
    0x65, 0x39, 0x65, 0x39, 0x65, 0x39, 0xc7, 0x39, 0xc7, 0x39, 0x65, 0x39,
    0x65, 0x39, 0x65, 0x39, 0x65, 0x39, 0x65, 0x39, 0x65, 0x39, 0x65, 0x39,
    0x65, 0x39, 0x65, 0x39, 0x65, 0x39, 0x65, 0x39, 0x65, 0x39, 0x65, 0x39,
    0x65, 0x39, 0x65, 0x39, 0x65, 0x39, 0x65, 0x39, 0x65, 0x39, 0x65, 0x39,
    0x65, 0x39, 0x66, 0x39, 0x66, 0x31, 0x87, 0x31, 0xc9, 0x31, 0xeb, 0x29,
    0x56, 0x3a, 0x7f, 0x4a, 0x7f, 0x4a, 0x7f, 0x4a, 0x7f, 0x4a, 0x7f, 0x4a,
    0x7f, 0x4a, 0x7f, 0x4a, 0x7f, 0x4a, 0x7f, 0x4a, 0x7f, 0x4a, 0x56, 0x3a,
    0x2a, 0x2c, 0x88, 0x2e, 0x88, 0x2e, 0xa7, 0x32, 0x66, 0x39, 0x65, 0x39,
    0x65, 0x39, 0x65, 0x39, 0x65, 0x39, 0x65, 0x39, 0x65, 0x39, 0x65, 0x39,
    0x65, 0x39, 0x65, 0x39, 0x65, 0x39, 0x65, 0x39, 0x65, 0x39, 0x65, 0x39,
    0x65, 0x39, 0x65, 0x39, 0x65, 0x39, 0x65, 0x39, 0x65, 0x39, 0x65, 0x39,
    0x65, 0x39, 0x65, 0x39, 0x65, 0x39, 0x65, 0x39, 0x65, 0x39, 0x65, 0x39,
    0x65, 0x39, 0x65, 0x39, 0x65, 0x39, 0x65, 0x39, 0x65, 0x39, 0x65, 0x39,
    0x65, 0x39, 0x65, 0x39, 0x65, 0x39, 0x65, 0x39, 0x65, 0x39, 0xc7, 0x39,
    0xc7, 0x39, 0x65, 0x39, 0x65, 0x39, 0x65, 0x39, 0x65, 0x39, 0x65, 0x39,
    0x65, 0x39, 0x65, 0x39, 0x65, 0x39, 0x65, 0x39, 0x65, 0x39, 0x65, 0x39,
    0x65, 0x39, 0x65, 0x39, 0x65, 0x39, 0x65, 0x39, 0x65, 0x39, 0x65, 0x39,
    0x65, 0x39, 0x65, 0x39, 0x65, 0x39, 0x65, 0x39, 0x66, 0x39, 0x87, 0x31,
    0xa8, 0x31, 0xca, 0x29, 0x0d, 0x22, 0x7c, 0x4a, 0x7f, 0x4a, 0x7f, 0x4a,
    0x7f, 0x4a, 0x7f, 0x4a, 0x7f, 0x4a, 0x7f, 0x4a, 0x7f, 0x4a, 0x7f, 0x4a,
    0x7c, 0x4a, 0x0d, 0x22, 0x49, 0x2c, 0xa8, 0x2e, 0xa8, 0x2e, 0x48, 0x35,
    0x65, 0x39, 0x65, 0x39, 0x65, 0x39, 0x65, 0x39, 0x65, 0x39, 0x65, 0x39,
    0x65, 0x39, 0x65, 0x39, 0x65, 0x39, 0x65, 0x39, 0x65, 0x39, 0x65, 0x39,
    0x65, 0x39, 0x65, 0x39, 0x65, 0x39, 0x65, 0x39, 0x65, 0x39, 0x65, 0x39,
    0x65, 0x39, 0x65, 0x39, 0x65, 0x39, 0x65, 0x39, 0x65, 0x39, 0x65, 0x39,
    0x65, 0x39, 0x65, 0x39, 0x65, 0x39, 0x65, 0x39, 0x65, 0x39, 0x65, 0x39,
    0x65, 0x39, 0x65, 0x39, 0x65, 0x39, 0x65, 0x39, 0x65, 0x39, 0x65, 0x39,
    0x65, 0x39, 0xc7, 0x39, 0xc7, 0x39, 0x65, 0x39, 0x65, 0x39, 0x65, 0x39,
    0x65, 0x39, 0x65, 0x39, 0x65, 0x39, 0x65, 0x39, 0x65, 0x39, 0x65, 0x39,
    0x65, 0x39, 0x65, 0x39, 0x65, 0x39, 0x65, 0x39, 0x65, 0x39, 0x65, 0x39,
    0x65, 0x39, 0x65, 0x39, 0x65, 0x39, 0x65, 0x39, 0x65, 0x39, 0x45, 0x39,
    0x66, 0x39, 0x66, 0x31, 0x87, 0x31, 0xc9, 0x31, 0xeb, 0x29, 0x30, 0x32,
    0x7c, 0x4a, 0x7f, 0x4a, 0x7f, 0x4a, 0x7f, 0x4a, 0x7f, 0x4a, 0x7f, 0x4a,
    0x7f, 0x4a, 0x7c, 0x4a, 0x30, 0x32, 0x4a, 0x2c, 0xa8, 0x2e, 0xc8, 0x2e,
    0xa8, 0x2e, 0xc8, 0x2e, 0xa6, 0x32, 0x65, 0x39, 0x65, 0x39, 0x65, 0x39,
    0x65, 0x39, 0x65, 0x39, 0x65, 0x39, 0x65, 0x39, 0x65, 0x39, 0x65, 0x39,
    0x65, 0x39, 0x65, 0x39, 0x65, 0x39, 0x65, 0x39, 0x65, 0x39, 0x65, 0x39,
    0x65, 0x39, 0x65, 0x39, 0x65, 0x39, 0x65, 0x39, 0x65, 0x39, 0x65, 0x39,
    0x65, 0x39, 0x65, 0x39, 0x65, 0x39, 0x65, 0x39, 0x65, 0x39, 0x65, 0x39,
    0x65, 0x39, 0x65, 0x39, 0x65, 0x39, 0x65, 0x39, 0x65, 0x39, 0x65, 0x39,
    0x65, 0x39, 0x65, 0x39, 0x65, 0x39, 0xc7, 0x39, 0xc7, 0x39, 0x65, 0x39,
    0x65, 0x39, 0x65, 0x39, 0x65, 0x39, 0x65, 0x39, 0x65, 0x39, 0x65, 0x39,
    0x65, 0x39, 0x65, 0x39, 0x65, 0x39, 0x65, 0x39, 0x65, 0x39, 0x65, 0x39,
    0x65, 0x39, 0x65, 0x39, 0x65, 0x39, 0x65, 0x39, 0x65, 0x39, 0x65, 0x39,
    0x65, 0x39, 0x65, 0x39, 0x65, 0x39, 0x66, 0x39, 0x87, 0x31, 0x88, 0x31,
    0xc9, 0x29, 0xeb, 0x29, 0x0d, 0x22, 0x56, 0x3a, 0x7c, 0x4a, 0x7f, 0x4a,
    0x7f, 0x4a, 0x7c, 0x4a, 0x56, 0x3a, 0x0d, 0x22, 0xeb, 0x29, 0x49, 0x34,
    0xe9, 0x36, 0xe9, 0x36, 0xe9, 0x36, 0xe9, 0x36, 0x88, 0x35, 0x65, 0x39,
    0x65, 0x39, 0x65, 0x39, 0x65, 0x39, 0x65, 0x39, 0x65, 0x39, 0x65, 0x39,
    0x65, 0x39, 0x65, 0x39, 0x65, 0x39, 0x65, 0x39, 0x65, 0x39, 0x65, 0x39,
    0x65, 0x39, 0x65, 0x39, 0x65, 0x39, 0x65, 0x39, 0x65, 0x39, 0x65, 0x39,
    0x65, 0x39, 0x65, 0x39, 0x65, 0x39, 0x65, 0x39, 0x65, 0x39, 0x65, 0x39,
    0x65, 0x39, 0x65, 0x39, 0x65, 0x39, 0x65, 0x39, 0x65, 0x39, 0x65, 0x39,
    0x65, 0x39, 0x65, 0x39, 0x65, 0x39, 0x65, 0x39, 0x65, 0x39, 0xc7, 0x39,
    0xc7, 0x39, 0x65, 0x39, 0x65, 0x39, 0x65, 0x39, 0x65, 0x39, 0x65, 0x39,
    0x65, 0x39, 0x65, 0x39, 0x65, 0x39, 0x65, 0x39, 0x65, 0x39, 0x65, 0x39,
    0x65, 0x39, 0x65, 0x39, 0x65, 0x39, 0x65, 0x39, 0x65, 0x39, 0x65, 0x39,
    0x65, 0x39, 0x65, 0x39, 0x65, 0x39, 0x65, 0x39, 0x45, 0x39, 0x66, 0x39,
    0x66, 0x31, 0x87, 0x31, 0x88, 0x31, 0xc9, 0x31, 0xca, 0x29, 0xeb, 0x29,
    0x0c, 0x2a, 0x0d, 0x22, 0x0d, 0x22, 0x0c, 0x2a, 0xeb, 0x29, 0xca, 0x29,
    0x69, 0x34, 0xe9, 0x36, 0xe9, 0x36, 0xe9, 0x36, 0xe9, 0x36, 0xe9, 0x36,
    0xe9, 0x36, 0xc6, 0x3a, 0x65, 0x39, 0x65, 0x39, 0x65, 0x39, 0x65, 0x39,
    0x65, 0x39, 0x65, 0x39, 0x65, 0x39, 0x65, 0x39, 0x65, 0x39, 0x65, 0x39,
    0x65, 0x39, 0x65, 0x39, 0x65, 0x39, 0x65, 0x39, 0x65, 0x39, 0x65, 0x39,
    0x65, 0x39, 0x65, 0x39, 0x65, 0x39, 0x65, 0x39, 0x65, 0x39, 0x65, 0x39,
    0x65, 0x39, 0x65, 0x39, 0x65, 0x39, 0x65, 0x39, 0x65, 0x39, 0x65, 0x39,
    0x65, 0x39, 0x65, 0x39, 0x65, 0x39, 0x65, 0x39, 0x65, 0x39, 0x65, 0x39,
    0x65, 0x39, 0xc7, 0x39, 0xc7, 0x39, 0x65, 0x39, 0x65, 0x39, 0x65, 0x39,
    0x65, 0x39, 0x65, 0x39, 0x65, 0x39, 0x65, 0x39, 0x65, 0x39, 0x65, 0x39,
    0x65, 0x39, 0x65, 0x39, 0x65, 0x39, 0x65, 0x39, 0x65, 0x39, 0x65, 0x39,
    0x65, 0x39, 0x65, 0x39, 0x65, 0x39, 0x65, 0x39, 0x65, 0x39, 0x65, 0x39,
    0x65, 0x39, 0x45, 0x39, 0x66, 0x39, 0x66, 0x31, 0x87, 0x31, 0x87, 0x31,
    0xa8, 0x31, 0xc9, 0x31, 0xca, 0x29, 0xca, 0x29, 0xca, 0x29, 0xca, 0x29,
    0xc9, 0x31, 0xa8, 0x31, 0x48, 0x34, 0x09, 0x3f, 0x09, 0x3f, 0x09, 0x3f,
    0x09, 0x3f, 0x09, 0x3f, 0x09, 0x3f, 0xa8, 0x3d, 0x65, 0x39, 0x65, 0x39,
    0x65, 0x39, 0x65, 0x39, 0x65, 0x39, 0x65, 0x39, 0x65, 0x39, 0x65, 0x39,
    0x65, 0x39, 0x65, 0x39, 0x65, 0x39, 0x65, 0x39, 0x65, 0x39, 0x65, 0x39,
    0x65, 0x39, 0x65, 0x39, 0x65, 0x39, 0x65, 0x39, 0x65, 0x39, 0x65, 0x39,
    0x65, 0x39, 0x65, 0x39, 0x65, 0x39, 0x65, 0x39, 0x65, 0x39, 0x65, 0x39,
    0x65, 0x39, 0x65, 0x39, 0x65, 0x39, 0x65, 0x39, 0x65, 0x39, 0x65, 0x39,
    0x65, 0x39, 0x65, 0x39, 0x65, 0x39, 0xc7, 0x39, 0xc7, 0x39, 0x65, 0x39,
    0x65, 0x39, 0x65, 0x39, 0x65, 0x39, 0x65, 0x39, 0x65, 0x39, 0x65, 0x39,
    0x65, 0x39, 0x65, 0x39, 0x65, 0x39, 0x65, 0x39, 0x65, 0x39, 0x65, 0x39,
    0x65, 0x39, 0x65, 0x39, 0x65, 0x39, 0x65, 0x39, 0x65, 0x39, 0x65, 0x39,
    0x65, 0x39, 0x65, 0x39, 0x65, 0x39, 0x65, 0x39, 0x45, 0x39, 0x66, 0x39,
    0x66, 0x39, 0x66, 0x31, 0x87, 0x31, 0x87, 0x31, 0x88, 0x31, 0x88, 0x31,
    0x88, 0x31, 0x88, 0x31, 0x87, 0x31, 0x68, 0x3c, 0x29, 0x3f, 0x29, 0x3f,
    0x29, 0x3f, 0x29, 0x3f, 0x29, 0x3f, 0x29, 0x3f, 0x29, 0x3f, 0x29, 0x3f,
    0xc6, 0x3a, 0x65, 0x39, 0x65, 0x39, 0x65, 0x39, 0x65, 0x39, 0x65, 0x39,
    0x65, 0x39, 0x65, 0x39, 0x65, 0x39, 0x65, 0x39, 0x65, 0x39, 0x65, 0x39,
    0x65, 0x39, 0x45, 0x39, 0x45, 0x39, 0x65, 0x39, 0x65, 0x39, 0x65, 0x39,
    0x65, 0x39, 0x65, 0x39, 0x45, 0x39, 0x65, 0x39, 0x65, 0x39, 0x65, 0x39,
    0x65, 0x39, 0x65, 0x39, 0x65, 0x39, 0x65, 0x39, 0x65, 0x39, 0x65, 0x39,
    0x65, 0x39, 0x65, 0x39, 0x65, 0x39, 0x65, 0x39, 0x65, 0x39, 0xc7, 0x39,
    0xc7, 0x39, 0x65, 0x39, 0x65, 0x39, 0x65, 0x39, 0x65, 0x39, 0x65, 0x39,
    0x65, 0x39, 0x65, 0x39, 0x65, 0x39, 0x65, 0x39, 0x65, 0x39, 0x65, 0x39,
    0x65, 0x39, 0x65, 0x39, 0x65, 0x39, 0x65, 0x39, 0x65, 0x39, 0x65, 0x39,
    0x65, 0x39, 0x65, 0x39, 0x65, 0x39, 0x65, 0x39, 0x65, 0x39, 0x65, 0x39,
    0x65, 0x39, 0x65, 0x39, 0x65, 0x39, 0x66, 0x39, 0x66, 0x39, 0x66, 0x31,
    0x66, 0x31, 0x66, 0x31, 0x66, 0x31, 0x66, 0x31, 0x66, 0x31, 0x68, 0x3c,
    0x49, 0x3f, 0x49, 0x3f, 0x49, 0x3f, 0x49, 0x3f, 0x49, 0x3f, 0x49, 0x3f,
    0x49, 0x3f, 0x49, 0x3f, 0xc8, 0x3d, 0x65, 0x39, 0x65, 0x39, 0x65, 0x39,
    0x65, 0x39, 0x65, 0x39, 0x65, 0x39, 0x65, 0x39, 0x65, 0x39, 0x65, 0x39,
    0x65, 0x39, 0x65, 0x39, 0x10, 0x8c, 0x92, 0x94, 0x08, 0x4a, 0x45, 0x39,
    0x45, 0x39, 0x65, 0x39, 0xae, 0x7b, 0x92, 0x94, 0x8a, 0x5a, 0x45, 0x39,
    0x45, 0x39, 0x65, 0x39, 0x65, 0x39, 0x65, 0x39, 0x65, 0x39, 0x65, 0x39,
    0x65, 0x39, 0x65, 0x39, 0x65, 0x39, 0x65, 0x39, 0x65, 0x39, 0x65, 0x39,
    0x65, 0x39, 0xc7, 0x39, 0xc7, 0x39, 0x65, 0x39, 0x65, 0x39, 0x65, 0x39,
    0x65, 0x39, 0x65, 0x39, 0x65, 0x39, 0x65, 0x39, 0x65, 0x39, 0x65, 0x39,
    0x65, 0x39, 0x65, 0x39, 0x65, 0x39, 0x65, 0x39, 0x65, 0x39, 0x65, 0x39,
    0x65, 0x39, 0x65, 0x39, 0x65, 0x39, 0x65, 0x39, 0x65, 0x39, 0x65, 0x39,
    0x65, 0x39, 0x65, 0x39, 0x65, 0x39, 0x65, 0x39, 0x65, 0x39, 0x45, 0x39,
    0x65, 0x39, 0x66, 0x39, 0x66, 0x39, 0x66, 0x39, 0x66, 0x39, 0x66, 0x39,
    0x68, 0x3c, 0x6a, 0x47, 0x6a, 0x47, 0x6a, 0x47, 0x6a, 0x47, 0x6a, 0x47,
    0x6a, 0x47, 0x6a, 0x47, 0x6a, 0x47, 0x6a, 0x47, 0x6a, 0x47, 0xe6, 0x3a,
    0x65, 0x39, 0x65, 0x39, 0x65, 0x39, 0x65, 0x39, 0x65, 0x39, 0x65, 0x39,
    0x65, 0x39, 0x65, 0x39, 0x65, 0x39, 0x45, 0x39, 0x18, 0xc6, 0xdf, 0xff,
    0x59, 0xce, 0x24, 0x31, 0x45, 0x31, 0x69, 0x5a, 0xdf, 0xff, 0xdf, 0xf7,
    0x49, 0x52, 0x45, 0x31, 0x45, 0x39, 0x65, 0x39, 0x65, 0x39, 0x65, 0x39,
    0x65, 0x39, 0x65, 0x39, 0x65, 0x39, 0x65, 0x39, 0x65, 0x39, 0x65, 0x39,
    0x65, 0x39, 0x65, 0x39, 0x65, 0x39, 0xc7, 0x39, 0xc7, 0x39, 0x65, 0x39,
    0x65, 0x39, 0x65, 0x39, 0x65, 0x39, 0x65, 0x39, 0x65, 0x39, 0x65, 0x39,
    0x65, 0x39, 0x65, 0x39, 0x65, 0x39, 0x65, 0x39, 0x65, 0x39, 0x65, 0x39,
    0x65, 0x39, 0x65, 0x39, 0x65, 0x39, 0x65, 0x39, 0x65, 0x39, 0x65, 0x39,
    0x65, 0x39, 0x65, 0x39, 0x65, 0x39, 0x65, 0x39, 0x65, 0x39, 0x65, 0x39,
    0x65, 0x39, 0x65, 0x39, 0x65, 0x39, 0x65, 0x39, 0x65, 0x39, 0x65, 0x39,
    0x65, 0x39, 0x65, 0x39, 0x68, 0x3c, 0x8a, 0x47, 0x8a, 0x47, 0x8a, 0x47,
    0x8a, 0x47, 0x8a, 0x47, 0x8a, 0x47, 0x8a, 0x47, 0x8a, 0x47, 0x8a, 0x47,
    0x8a, 0x47, 0x09, 0x46, 0x65, 0x39, 0x65, 0x39, 0x65, 0x39, 0x65, 0x39,
    0x65, 0x39, 0x65, 0x39, 0x65, 0x39, 0x65, 0x39, 0x65, 0x39, 0x45, 0x39,
    0x08, 0x4a, 0xbe, 0xf7, 0xdf, 0xff, 0xcb, 0x62, 0x24, 0x31, 0x79, 0xd6,
    0xdf, 0xff, 0x96, 0xb5, 0x04, 0x29, 0x24, 0x31, 0x45, 0x39, 0x28, 0x52,
    0x49, 0x52, 0x45, 0x39, 0x45, 0x39, 0x65, 0x39, 0x65, 0x39, 0x65, 0x39,
    0x65, 0x39, 0x65, 0x39, 0x65, 0x39, 0x65, 0x39, 0x65, 0x39, 0xc7, 0x39,
    0xc7, 0x39, 0x65, 0x39, 0x65, 0x39, 0x65, 0x39, 0x65, 0x39, 0x65, 0x39,
    0x65, 0x39, 0x65, 0x39, 0x65, 0x39, 0x65, 0x39, 0x65, 0x39, 0x65, 0x39,
    0x65, 0x39, 0x65, 0x39, 0x65, 0x39, 0x65, 0x39, 0x65, 0x39, 0x65, 0x39,
    0x65, 0x39, 0x65, 0x39, 0x65, 0x39, 0x65, 0x39, 0x65, 0x39, 0x65, 0x39,
    0x65, 0x39, 0x65, 0x39, 0x65, 0x39, 0x65, 0x39, 0x65, 0x39, 0x65, 0x39,
    0x65, 0x39, 0x65, 0x39, 0x65, 0x39, 0x88, 0x44, 0xaa, 0x47, 0xaa, 0x47,
    0xaa, 0x47, 0xaa, 0x47, 0xaa, 0x47, 0xaa, 0x47, 0xaa, 0x47, 0xaa, 0x47,
    0xaa, 0x47, 0xaa, 0x47, 0xaa, 0x47, 0xaa, 0x47, 0xe6, 0x3a, 0x65, 0x39,
    0x65, 0x39, 0x65, 0x39, 0x65, 0x39, 0x65, 0x39, 0x65, 0x39, 0x65, 0x39,
    0x65, 0x39, 0x65, 0x39, 0x45, 0x31, 0x34, 0xad, 0xdf, 0xff, 0xba, 0xd6,
    0x2c, 0x6b, 0xdf, 0xff, 0x9e, 0xf7, 0xa6, 0x39, 0x04, 0x29, 0x45, 0x31,
    0x45, 0x39, 0x7d, 0xef, 0x9e, 0xf7, 0x24, 0x31, 0x45, 0x31, 0x45, 0x39,
    0x65, 0x39, 0x65, 0x39, 0x65, 0x39, 0x65, 0x39, 0x65, 0x39, 0x65, 0x39,
    0x65, 0x39, 0xc7, 0x39, 0xc7, 0x39, 0x65, 0x39, 0x65, 0x39, 0x65, 0x39,
    0x65, 0x39, 0x65, 0x39, 0x65, 0x39, 0x65, 0x39, 0x65, 0x39, 0x65, 0x39,
    0x65, 0x39, 0x65, 0x39, 0x65, 0x39, 0x65, 0x39, 0x65, 0x39, 0x65, 0x39,
    0x65, 0x39, 0x65, 0x39, 0x65, 0x39, 0x65, 0x39, 0x65, 0x39, 0x65, 0x39,
    0x65, 0x39, 0x65, 0x39, 0x65, 0x39, 0x65, 0x39, 0x65, 0x39, 0x65, 0x39,
    0x65, 0x39, 0x65, 0x39, 0x65, 0x39, 0x65, 0x39, 0x65, 0x39, 0x88, 0x44,
    0xca, 0x4f, 0xca, 0x4f, 0xca, 0x4f, 0xca, 0x4f, 0xca, 0x4f, 0xca, 0x4f,
    0xca, 0x4f, 0xca, 0x4f, 0xca, 0x4f, 0xca, 0x4f, 0xca, 0x4f, 0xca, 0x4f,
    0x29, 0x46, 0x65, 0x39, 0x65, 0x39, 0x65, 0x39, 0x65, 0x39, 0x65, 0x39,
    0x65, 0x39, 0x65, 0x39, 0x65, 0x39, 0x65, 0x39, 0x45, 0x39, 0x65, 0x39,
    0x9e, 0xf7, 0xdf, 0xff, 0x5d, 0xef, 0xdf, 0xff, 0xb2, 0x9c, 0xe3, 0x28,
    0x24, 0x31, 0x45, 0x31, 0x45, 0x31, 0x7d, 0xef, 0x9e, 0xf7, 0x04, 0x29,
    0x24, 0x31, 0x45, 0x39, 0x45, 0x39, 0x65, 0x39, 0x65, 0x39, 0x65, 0x39,
    0x65, 0x39, 0x65, 0x39, 0x65, 0x39, 0xc7, 0x39, 0xc7, 0x39, 0x65, 0x39,
    0x65, 0x39, 0x65, 0x39, 0x65, 0x39, 0x65, 0x39, 0x65, 0x39, 0x65, 0x39,
    0x65, 0x39, 0x65, 0x39, 0x65, 0x39, 0x65, 0x39, 0x65, 0x39, 0x65, 0x39,
    0x65, 0x39, 0x65, 0x39, 0x65, 0x39, 0x65, 0x39, 0x65, 0x39, 0x65, 0x39,
    0x65, 0x39, 0x65, 0x39, 0x65, 0x39, 0x65, 0x39, 0x65, 0x39, 0x65, 0x39,
    0x65, 0x39, 0x65, 0x39, 0x65, 0x39, 0x65, 0x39, 0x65, 0x39, 0x65, 0x39,
    0xa8, 0x44, 0xea, 0x4f, 0xea, 0x4f, 0xea, 0x4f, 0xea, 0x4f, 0xea, 0x4f,
    0xea, 0x4f, 0xea, 0x4f, 0xea, 0x4f, 0xea, 0x4f, 0xea, 0x4f, 0xea, 0x4f,
    0xea, 0x4f, 0xea, 0x4f, 0xea, 0x4f, 0x06, 0x3b, 0x65, 0x39, 0x65, 0x39,
    0x65, 0x39, 0x65, 0x39, 0x65, 0x39, 0x65, 0x39, 0x65, 0x39, 0x65, 0x39,
    0x65, 0x39, 0x45, 0x31, 0x30, 0x8c, 0xdf, 0xff, 0xdf, 0xff, 0x5d, 0xef,
    0xe3, 0x20, 0x04, 0x29, 0xef, 0x83, 0x96, 0xb5, 0x96, 0xb5, 0xdf, 0xff,
    0xdf, 0xff, 0xd7, 0xbd, 0xb6, 0xbd, 0x30, 0x8c, 0x45, 0x31, 0x45, 0x39,
    0x65, 0x39, 0x65, 0x39, 0x65, 0x39, 0x65, 0x39, 0x65, 0x39, 0xc7, 0x39,
    0xc7, 0x39, 0x65, 0x39, 0x65, 0x39, 0x65, 0x39, 0x65, 0x39, 0x65, 0x39,
    0x65, 0x39, 0x65, 0x39, 0x65, 0x39, 0x65, 0x39, 0x65, 0x39, 0x65, 0x39,
    0x65, 0x39, 0x65, 0x39, 0x65, 0x39, 0x65, 0x39, 0x65, 0x39, 0x65, 0x39,
    0x65, 0x39, 0x65, 0x39, 0x65, 0x39, 0x65, 0x39, 0x65, 0x39, 0x65, 0x39,
    0x65, 0x39, 0x65, 0x39, 0x65, 0x39, 0x65, 0x39, 0x65, 0x39, 0x65, 0x39,
    0x65, 0x39, 0x65, 0x39, 0x65, 0x39, 0x65, 0x39, 0x65, 0x39, 0x65, 0x39,
    0x65, 0x39, 0x65, 0x39, 0x65, 0x39, 0x65, 0x39, 0x65, 0x39, 0x65, 0x39,
    0x65, 0x39, 0x65, 0x39, 0x65, 0x39, 0x65, 0x39, 0x65, 0x39, 0x65, 0x39,
    0x65, 0x39, 0x65, 0x39, 0x65, 0x39, 0x65, 0x39, 0x65, 0x39, 0x65, 0x39,
    0x65, 0x39, 0x65, 0x39, 0x65, 0x39, 0x45, 0x39, 0x45, 0x31, 0x5d, 0xef,
    0xdf, 0xff, 0x30, 0x8c, 0xe3, 0x28, 0x24, 0x31, 0x79, 0xce, 0xdf, 0xff,
    0xdf, 0xff, 0xdf, 0xff, 0xdf, 0xff, 0xdf, 0xff, 0xdf, 0xff, 0xdb, 0xde,
    0x24, 0x31, 0x45, 0x31, 0x65, 0x39, 0x65, 0x39, 0x65, 0x39, 0x65, 0x39,
    0x65, 0x39, 0xc7, 0x39, 0xc7, 0x39, 0x65, 0x39, 0x65, 0x39, 0x65, 0x39,
    0x65, 0x39, 0x65, 0x39, 0x65, 0x39, 0x65, 0x39, 0x65, 0x39, 0x65, 0x39,
    0x65, 0x39, 0x65, 0x39, 0x65, 0x39, 0x65, 0x39, 0x65, 0x39, 0x65, 0x39,
    0x65, 0x39, 0x65, 0x39, 0x65, 0x39, 0x65, 0x39, 0x65, 0x39, 0x65, 0x39,
    0x65, 0x39, 0x65, 0x39, 0x65, 0x39, 0x65, 0x39, 0x65, 0x39, 0x65, 0x39,
    0x65, 0x39, 0x65, 0x39, 0x65, 0x39, 0x65, 0x39, 0x65, 0x39, 0x65, 0x39,
    0x65, 0x39, 0x65, 0x39, 0x65, 0x39, 0x65, 0x39, 0x65, 0x39, 0x65, 0x39,
    0x65, 0x39, 0x65, 0x39, 0x65, 0x39, 0x65, 0x39, 0x65, 0x39, 0x65, 0x39,
    0x65, 0x39, 0x65, 0x39, 0x65, 0x39, 0x65, 0x39, 0x65, 0x39, 0x65, 0x39,
    0x65, 0x39, 0x65, 0x39, 0x65, 0x39, 0x65, 0x39, 0x65, 0x39, 0x65, 0x39,
    0x45, 0x31, 0x1c, 0xe7, 0xdf, 0xff, 0x8e, 0x73, 0x04, 0x29, 0x24, 0x31,
    0x49, 0x52, 0xeb, 0x6a, 0x2c, 0x6b, 0xbe, 0xf7, 0xdf, 0xf7, 0x4d, 0x73,
    0x2c, 0x6b, 0x8a, 0x5a, 0x24, 0x29, 0x45, 0x31, 0x65, 0x39, 0x65, 0x39,
    0x65, 0x39, 0x65, 0x39, 0x65, 0x39, 0xc7, 0x39, 0xc7, 0x39, 0x65, 0x39,
    0x65, 0x39, 0x65, 0x39, 0x65, 0x39, 0x65, 0x39, 0x65, 0x39, 0x65, 0x39,
    0x65, 0x39, 0x65, 0x39, 0x65, 0x39, 0x65, 0x39, 0x65, 0x39, 0x65, 0x39,
    0x65, 0x39, 0x65, 0x39, 0x65, 0x39, 0x65, 0x39, 0x65, 0x39, 0x65, 0x39,
    0x65, 0x39, 0x65, 0x39, 0x65, 0x39, 0x65, 0x39, 0x65, 0x39, 0x65, 0x39,
    0x65, 0x39, 0x65, 0x39, 0x65, 0x39, 0x65, 0x39, 0x65, 0x39, 0x65, 0x39,
    0x65, 0x39, 0x65, 0x39, 0x65, 0x39, 0x65, 0x39, 0x65, 0x39, 0x65, 0x39,
    0x65, 0x39, 0x65, 0x39, 0x65, 0x39, 0x65, 0x39, 0x65, 0x39, 0x65, 0x39,
    0x65, 0x39, 0x65, 0x39, 0x65, 0x39, 0x65, 0x39, 0x65, 0x39, 0x65, 0x39,
    0x65, 0x39, 0x65, 0x39, 0x65, 0x39, 0x65, 0x39, 0x65, 0x39, 0x65, 0x39,
    0x65, 0x39, 0x65, 0x39, 0x45, 0x39, 0x1c, 0xe7, 0xdf, 0xff, 0x6d, 0x73,
    0x04, 0x29, 0x45, 0x31, 0x45, 0x31, 0x24, 0x31, 0x24, 0x31, 0x7e, 0xef,
    0x9e, 0xf7, 0xc3, 0x20, 0x04, 0x29, 0x24, 0x31, 0x24, 0x31, 0x45, 0x31,
    0x65, 0x39, 0x65, 0x39, 0x65, 0x39, 0x65, 0x39, 0x65, 0x39, 0xc7, 0x39,
    0xc7, 0x39, 0x65, 0x39, 0x65, 0x39, 0x65, 0x39, 0x65, 0x39, 0x65, 0x39,
    0x65, 0x39, 0x65, 0x39, 0x65, 0x39, 0x65, 0x39, 0x65, 0x39, 0x65, 0x39,
    0x65, 0x39, 0x65, 0x39, 0x65, 0x39, 0x65, 0x39, 0x65, 0x39, 0x65, 0x39,
    0x65, 0x39, 0x65, 0x39, 0x65, 0x39, 0x65, 0x39, 0x65, 0x39, 0x65, 0x39,
    0x65, 0x39, 0x65, 0x39, 0x65, 0x39, 0x65, 0x39, 0x65, 0x39, 0x65, 0x39,
    0x65, 0x39, 0x65, 0x39, 0x65, 0x39, 0x65, 0x39, 0x65, 0x39, 0x65, 0x39,
    0x65, 0x39, 0x65, 0x39, 0x65, 0x39, 0x65, 0x39, 0x65, 0x39, 0x65, 0x39,
    0x65, 0x39, 0x65, 0x39, 0x65, 0x39, 0x65, 0x39, 0x65, 0x39, 0x65, 0x39,
    0x65, 0x39, 0x65, 0x39, 0x65, 0x39, 0x65, 0x39, 0x65, 0x39, 0x65, 0x39,
    0x65, 0x39, 0x65, 0x39, 0x65, 0x39, 0x65, 0x39, 0x45, 0x39, 0x1c, 0xe7,
    0xdf, 0xff, 0x6d, 0x73, 0x24, 0x31, 0x45, 0x31, 0x45, 0x39, 0x45, 0x39,
    0x45, 0x31, 0xba, 0xd6, 0xfb, 0xde, 0xe3, 0x28, 0x24, 0x31, 0x45, 0x31,
    0x45, 0x39, 0x45, 0x39, 0x65, 0x39, 0x65, 0x39, 0x65, 0x39, 0x65, 0x39,
    0x65, 0x39, 0xc7, 0x39, 0xc7, 0x39, 0x65, 0x39, 0x65, 0x39, 0x65, 0x39,
    0x65, 0x39, 0x65, 0x39, 0x65, 0x39, 0x65, 0x39, 0x65, 0x39, 0x65, 0x39,
    0x65, 0x39, 0x65, 0x39, 0x65, 0x39, 0x65, 0x39, 0x65, 0x39, 0x65, 0x39,
    0x65, 0x39, 0x65, 0x39, 0x65, 0x39, 0x65, 0x39, 0x65, 0x39, 0x65, 0x39,
    0x65, 0x39, 0x65, 0x39, 0x65, 0x39, 0x65, 0x39, 0x65, 0x39, 0x65, 0x39,
    0x65, 0x39, 0x65, 0x39, 0x65, 0x39, 0x65, 0x39, 0x65, 0x39, 0x65, 0x39,
    0x65, 0x39, 0x65, 0x39, 0x65, 0x39, 0x65, 0x39, 0x65, 0x39, 0x65, 0x39,
    0x65, 0x39, 0x65, 0x39, 0x65, 0x39, 0x65, 0x39, 0x65, 0x39, 0x65, 0x39,
    0x65, 0x39, 0x65, 0x39, 0x65, 0x39, 0x65, 0x39, 0x65, 0x39, 0x65, 0x39,
    0x65, 0x39, 0x65, 0x39, 0x65, 0x39, 0x65, 0x39, 0x65, 0x39, 0x65, 0x39,
    0x45, 0x39, 0x45, 0x31, 0x04, 0x29, 0x04, 0x29, 0x24, 0x31, 0x45, 0x39,
    0x65, 0x39, 0x65, 0x39, 0x45, 0x39, 0x45, 0x31, 0x04, 0x29, 0x04, 0x29,
    0x45, 0x31, 0x45, 0x39, 0x65, 0x39, 0x65, 0x39, 0x65, 0x39, 0x65, 0x39,
    0x65, 0x39, 0x65, 0x39, 0x65, 0x39, 0xc7, 0x39, 0xc7, 0x39, 0x65, 0x39,
    0x65, 0x39, 0x65, 0x39, 0x65, 0x39, 0x65, 0x39, 0x65, 0x39, 0x65, 0x39,
    0x65, 0x39, 0x65, 0x39, 0x65, 0x39, 0x65, 0x39, 0x65, 0x39, 0x65, 0x39,
    0x65, 0x39, 0x65, 0x39, 0x65, 0x39, 0x65, 0x39, 0x65, 0x39, 0x65, 0x39,
    0x65, 0x39, 0x65, 0x39, 0x65, 0x39, 0x65, 0x39, 0x65, 0x39, 0x65, 0x39,
    0x65, 0x39, 0x65, 0x39, 0x65, 0x39, 0x65, 0x39, 0x65, 0x39, 0x65, 0x39,
    0x65, 0x39, 0x65, 0x39, 0x65, 0x39, 0x65, 0x39, 0x65, 0x39, 0x65, 0x39,
    0x65, 0x39, 0x65, 0x39, 0x65, 0x39, 0x65, 0x39, 0x65, 0x39, 0x65, 0x39,
    0x65, 0x39, 0x65, 0x39, 0x65, 0x39, 0x65, 0x39, 0x65, 0x39, 0x65, 0x39,
    0x65, 0x39, 0x65, 0x39, 0x65, 0x39, 0x65, 0x39, 0x65, 0x39, 0x65, 0x39,
    0x65, 0x39, 0x65, 0x39, 0x65, 0x39, 0x45, 0x39, 0x45, 0x31, 0x45, 0x31,
    0x45, 0x31, 0x45, 0x39, 0x65, 0x39, 0x65, 0x39, 0x65, 0x39, 0x45, 0x39,
    0x45, 0x31, 0x45, 0x31, 0x45, 0x39, 0x65, 0x39, 0x65, 0x39, 0x65, 0x39,
    0x65, 0x39, 0x65, 0x39, 0x65, 0x39, 0x65, 0x39, 0x65, 0x39, 0xc7, 0x39,
    0xc7, 0x39, 0x65, 0x39, 0x65, 0x39, 0x65, 0x39, 0x65, 0x39, 0x65, 0x39,
    0x65, 0x39, 0x65, 0x39, 0x65, 0x39, 0x65, 0x39, 0x65, 0x39, 0x65, 0x39,
    0x65, 0x39, 0x65, 0x39, 0x65, 0x39, 0x65, 0x39, 0x65, 0x39, 0x65, 0x39,
    0x65, 0x39, 0x65, 0x39, 0x65, 0x39, 0x65, 0x39, 0x65, 0x39, 0x65, 0x39,
    0x65, 0x39, 0x65, 0x39, 0x65, 0x39, 0x65, 0x39, 0x65, 0x39, 0x65, 0x39,
    0x65, 0x39, 0x65, 0x39, 0x65, 0x39, 0x65, 0x39, 0x65, 0x39, 0x65, 0x39,
    0x65, 0x39, 0x65, 0x39, 0x65, 0x39, 0x65, 0x39, 0x65, 0x39, 0x65, 0x39,
    0x65, 0x39, 0x65, 0x39, 0x65, 0x39, 0x65, 0x39, 0x65, 0x39, 0x65, 0x39,
    0x65, 0x39, 0x65, 0x39, 0x65, 0x39, 0x65, 0x39, 0x65, 0x39, 0x65, 0x39,
    0x65, 0x39, 0x65, 0x39, 0x65, 0x39, 0x65, 0x39, 0x65, 0x39, 0x65, 0x39,
    0x45, 0x39, 0x45, 0x39, 0x45, 0x39, 0x65, 0x39, 0x65, 0x39, 0x65, 0x39,
    0x65, 0x39, 0x65, 0x39, 0x45, 0x39, 0x45, 0x39, 0x65, 0x39, 0x65, 0x39,
    0x65, 0x39, 0x65, 0x39, 0x65, 0x39, 0x65, 0x39, 0x65, 0x39, 0x65, 0x39,
    0x65, 0x39, 0xc7, 0x39, 0xc7, 0x39, 0x65, 0x39, 0x65, 0x39, 0x65, 0x39,
    0x65, 0x39, 0x65, 0x39, 0x65, 0x39, 0x65, 0x39, 0x65, 0x39, 0x65, 0x39,
    0x65, 0x39, 0x65, 0x39, 0x65, 0x39, 0x65, 0x39, 0x65, 0x39, 0x65, 0x39,
    0x65, 0x39, 0x65, 0x39, 0x65, 0x39, 0x65, 0x39, 0x65, 0x39, 0x65, 0x39,
    0x65, 0x39, 0x65, 0x39, 0x65, 0x39, 0x65, 0x39, 0x65, 0x39, 0x65, 0x39,
    0x65, 0x39, 0x65, 0x39, 0x65, 0x39, 0x65, 0x39, 0x65, 0x39, 0x65, 0x39,
    0x65, 0x39, 0x65, 0x39, 0x65, 0x39, 0x65, 0x39, 0x65, 0x39, 0x65, 0x39,
    0x65, 0x39, 0x65, 0x39, 0x65, 0x39, 0x65, 0x39, 0x65, 0x39, 0x65, 0x39,
    0x65, 0x39, 0x65, 0x39, 0x65, 0x39, 0x65, 0x39, 0x65, 0x39, 0x65, 0x39,
    0x65, 0x39, 0x65, 0x39, 0x65, 0x39, 0x65, 0x39, 0x65, 0x39, 0x65, 0x39,
    0x65, 0x39, 0x65, 0x39, 0x65, 0x39, 0x65, 0x39, 0x65, 0x39, 0x65, 0x39,
    0x65, 0x39, 0x65, 0x39, 0x65, 0x39, 0x65, 0x39, 0x65, 0x39, 0x65, 0x39,
    0x65, 0x39, 0x65, 0x39, 0x65, 0x39, 0x65, 0x39, 0x65, 0x39, 0x65, 0x39,
    0x65, 0x39, 0x65, 0x39, 0x65, 0x39, 0xc7, 0x39, 0xc7, 0x39, 0x65, 0x39,
    0x65, 0x39, 0x65, 0x39, 0x65, 0x39, 0x65, 0x39, 0x65, 0x39, 0x65, 0x39,
    0x65, 0x39, 0x65, 0x39, 0x65, 0x39, 0x65, 0x39, 0x65, 0x39, 0x65, 0x39,
    0x65, 0x39, 0x65, 0x39, 0x65, 0x39, 0x65, 0x39, 0x65, 0x39, 0x65, 0x39,
    0x65, 0x39, 0x65, 0x39, 0x65, 0x39, 0x65, 0x39, 0x65, 0x39, 0x65, 0x39,
    0x65, 0x39, 0x65, 0x39, 0x65, 0x39, 0x65, 0x39, 0x65, 0x39, 0x65, 0x39,
    0x65, 0x39, 0x65, 0x39, 0x65, 0x39, 0x65, 0x39, 0x65, 0x39, 0x65, 0x39,
    0x65, 0x39, 0x65, 0x39, 0x65, 0x39, 0x65, 0x39, 0x65, 0x39, 0x65, 0x39,
    0x65, 0x39, 0x65, 0x39, 0x65, 0x39, 0x65, 0x39, 0x65, 0x39, 0x65, 0x39,
    0x65, 0x39, 0x65, 0x39, 0x65, 0x39, 0x65, 0x39, 0x65, 0x39, 0x65, 0x39,
    0x65, 0x39, 0x65, 0x39, 0x65, 0x39, 0x65, 0x39, 0x65, 0x39, 0x65, 0x39,
    0x65, 0x39, 0x65, 0x39, 0x65, 0x39, 0x65, 0x39, 0x65, 0x39, 0x65, 0x39,
    0x65, 0x39, 0x65, 0x39, 0x65, 0x39, 0x65, 0x39, 0x65, 0x39, 0x65, 0x39,
    0x65, 0x39, 0x65, 0x39, 0x65, 0x39, 0x65, 0x39, 0x65, 0x39, 0xc7, 0x39,
    0xc7, 0x39, 0x65, 0x39, 0x65, 0x39, 0x65, 0x39, 0x65, 0x39, 0x65, 0x39,
    0x65, 0x39, 0x65, 0x39, 0x65, 0x39, 0x65, 0x39, 0x65, 0x39, 0x65, 0x39,
    0x65, 0x39, 0x65, 0x39, 0x65, 0x39, 0x65, 0x39, 0x65, 0x39, 0x65, 0x39,
    0x65, 0x39, 0x65, 0x39, 0x65, 0x39, 0x65, 0x39, 0x65, 0x39, 0x65, 0x39,
    0x65, 0x39, 0x65, 0x39, 0x65, 0x39, 0x65, 0x39, 0x65, 0x39, 0x65, 0x39,
    0x65, 0x39, 0x65, 0x39, 0x65, 0x39, 0x65, 0x39, 0x65, 0x39, 0x65, 0x39,
    0x65, 0x39, 0x65, 0x39, 0x65, 0x39, 0x65, 0x39, 0x65, 0x39, 0x65, 0x39,
    0x65, 0x39, 0x65, 0x39, 0x65, 0x39, 0x65, 0x39, 0x65, 0x39, 0x65, 0x39,
    0x65, 0x39, 0x65, 0x39, 0x65, 0x39, 0x65, 0x39, 0x65, 0x39, 0x65, 0x39,
    0x65, 0x39, 0x65, 0x39, 0x65, 0x39, 0x65, 0x39, 0x65, 0x39, 0x65, 0x39,
    0x65, 0x39, 0x65, 0x39, 0x65, 0x39, 0x65, 0x39, 0x65, 0x39, 0x65, 0x39,
    0x65, 0x39, 0x65, 0x39, 0x65, 0x39, 0x65, 0x39, 0x65, 0x39, 0x65, 0x39,
    0x65, 0x39, 0x65, 0x39, 0x65, 0x39, 0x65, 0x39, 0x65, 0x39, 0x65, 0x39,
    0x65, 0x39, 0xc7, 0x39, 0xc7, 0x39, 0x65, 0x39, 0x65, 0x39, 0x65, 0x39,
    0x65, 0x39, 0x65, 0x39, 0x65, 0x39, 0x65, 0x39, 0x65, 0x39, 0x65, 0x39,
    0x65, 0x39, 0x65, 0x39, 0x65, 0x39, 0x65, 0x39, 0x65, 0x39, 0x65, 0x39,
    0x65, 0x39, 0x65, 0x39, 0x65, 0x39, 0x65, 0x39, 0x65, 0x39, 0x65, 0x39,
    0x65, 0x39, 0x65, 0x39, 0x65, 0x39, 0x65, 0x39, 0x65, 0x39, 0x65, 0x39,
    0x65, 0x39, 0x65, 0x39, 0x65, 0x39, 0x65, 0x39, 0x65, 0x39, 0x65, 0x39,
    0x65, 0x39, 0x65, 0x39, 0x65, 0x39, 0x65, 0x39, 0x65, 0x39, 0x65, 0x39,
    0x65, 0x39, 0x65, 0x39, 0x65, 0x39, 0x65, 0x39, 0x65, 0x39, 0x65, 0x39,
    0x65, 0x39, 0x65, 0x39, 0x65, 0x39, 0x65, 0x39, 0x65, 0x39, 0x65, 0x39,
    0x65, 0x39, 0x65, 0x39, 0x65, 0x39, 0x65, 0x39, 0x65, 0x39, 0x65, 0x39,
    0x65, 0x39, 0x65, 0x39, 0x65, 0x39, 0x65, 0x39, 0x65, 0x39, 0x65, 0x39,
    0x65, 0x39, 0x65, 0x39, 0x65, 0x39, 0x65, 0x39, 0x65, 0x39, 0x65, 0x39,
    0x65, 0x39, 0x65, 0x39, 0x65, 0x39, 0x65, 0x39, 0x65, 0x39, 0x65, 0x39,
    0x65, 0x39, 0x65, 0x39, 0x65, 0x39, 0xc7, 0x39, 0xc7, 0x39, 0x65, 0x39,
    0x65, 0x39, 0x65, 0x39, 0x65, 0x39, 0x65, 0x39, 0x65, 0x39, 0x65, 0x39,
    0x65, 0x39, 0x65, 0x39, 0x65, 0x39, 0x65, 0x39, 0x65, 0x39, 0x65, 0x39,
    0x65, 0x39, 0x65, 0x39, 0x65, 0x39, 0x65, 0x39, 0x65, 0x39, 0x65, 0x39,
    0x65, 0x39, 0x65, 0x39, 0x65, 0x39, 0x65, 0x39, 0x65, 0x39, 0x65, 0x39,
    0x65, 0x39, 0x65, 0x39, 0x65, 0x39, 0x65, 0x39, 0x65, 0x39, 0x65, 0x39,
    0x65, 0x39, 0x65, 0x39, 0x65, 0x39, 0x65, 0x39, 0x65, 0x39, 0x65, 0x39,
    0x65, 0x39, 0x65, 0x39, 0x65, 0x39, 0x65, 0x39, 0x65, 0x39, 0x65, 0x39,
    0x65, 0x39, 0x65, 0x39, 0x65, 0x39, 0x65, 0x39, 0x65, 0x39, 0x65, 0x39,
    0x65, 0x39, 0x65, 0x39, 0x65, 0x39, 0x65, 0x39, 0x65, 0x39, 0x65, 0x39,
    0x65, 0x39, 0x65, 0x39, 0x65, 0x39, 0x65, 0x39, 0x65, 0x39, 0x65, 0x39,
    0x65, 0x39, 0x65, 0x39, 0x65, 0x39, 0x65, 0x39, 0x65, 0x39, 0x65, 0x39,
    0x65, 0x39, 0x65, 0x39, 0x65, 0x39, 0x65, 0x39, 0x65, 0x39, 0x65, 0x39,
    0x65, 0x39, 0x65, 0x39, 0x65, 0x39, 0x65, 0x39, 0x65, 0x39, 0xc7, 0x39,
    0xc7, 0x39, 0x65, 0x39, 0x65, 0x39, 0x65, 0x39, 0x65, 0x39, 0x65, 0x39,
    0x65, 0x39, 0x65, 0x39, 0x65, 0x39, 0x65, 0x39, 0x65, 0x39, 0x65, 0x39,
    0x65, 0x39, 0x65, 0x39, 0x65, 0x39, 0x65, 0x39, 0x65, 0x39, 0x65, 0x39,
    0x65, 0x39, 0x65, 0x39, 0x65, 0x39, 0x65, 0x39, 0x65, 0x39, 0x65, 0x39,
    0x65, 0x39, 0x65, 0x39, 0x65, 0x39, 0x65, 0x39, 0x65, 0x39, 0x65, 0x39,
    0x65, 0x39, 0x65, 0x39, 0x65, 0x39, 0x65, 0x39, 0x65, 0x39, 0x65, 0x39,
    0x65, 0x39, 0x65, 0x39, 0x65, 0x39, 0x65, 0x39, 0x65, 0x39, 0x65, 0x39,
    0x65, 0x39, 0x65, 0x39, 0x65, 0x39, 0x65, 0x39, 0x65, 0x39, 0x65, 0x39,
    0x65, 0x39, 0x65, 0x39, 0x65, 0x39, 0x65, 0x39, 0x65, 0x39, 0x65, 0x39,
    0x65, 0x39, 0x65, 0x39, 0x65, 0x39, 0x65, 0x39, 0x65, 0x39, 0x65, 0x39,
    0x65, 0x39, 0x65, 0x39, 0x65, 0x39, 0x65, 0x39, 0x65, 0x39, 0x65, 0x39,
    0x65, 0x39, 0x65, 0x39, 0x65, 0x39, 0x65, 0x39, 0x65, 0x39, 0x65, 0x39,
    0x65, 0x39, 0x65, 0x39, 0x65, 0x39, 0x65, 0x39, 0x65, 0x39, 0x65, 0x39,
    0x65, 0x39, 0xc7, 0x39, 0xc7, 0x39, 0x65, 0x39, 0x65, 0x39, 0x65, 0x39,
    0x65, 0x39, 0x65, 0x39, 0x65, 0x39, 0x65, 0x39, 0x65, 0x39, 0x65, 0x39,
    0x65, 0x39, 0x65, 0x39, 0x65, 0x39, 0x65, 0x39, 0x65, 0x39, 0x65, 0x39,
    0x65, 0x39, 0x65, 0x39, 0x65, 0x39, 0x65, 0x39, 0x65, 0x39, 0x65, 0x39,
    0x65, 0x39, 0x65, 0x39, 0x65, 0x39, 0x65, 0x39, 0x65, 0x39, 0x65, 0x39,
    0x65, 0x39, 0x65, 0x39, 0x65, 0x39, 0x65, 0x39, 0x65, 0x39, 0x65, 0x39,
    0x65, 0x39, 0x65, 0x39, 0x65, 0x39, 0x65, 0x39, 0x65, 0x39, 0x65, 0x39,
    0x65, 0x39, 0x65, 0x39, 0x65, 0x39, 0x65, 0x39, 0x65, 0x39, 0x65, 0x39,
    0x65, 0x39, 0x65, 0x39, 0x65, 0x39, 0x65, 0x39, 0x65, 0x39, 0x65, 0x39,
    0x65, 0x39, 0x65, 0x39, 0x65, 0x39, 0x65, 0x39, 0x65, 0x39, 0x65, 0x39,
    0x65, 0x39, 0x65, 0x39, 0x65, 0x39, 0x65, 0x39, 0x65, 0x39, 0x65, 0x39,
    0x65, 0x39, 0x65, 0x39, 0x65, 0x39, 0x65, 0x39, 0x65, 0x39, 0x65, 0x39,
    0x65, 0x39, 0x65, 0x39, 0x65, 0x39, 0x65, 0x39, 0x65, 0x39, 0x65, 0x39,
    0x65, 0x39, 0x65, 0x39, 0x65, 0x39, 0xc7, 0x39, 0xc7, 0x39, 0x65, 0x39,
    0x65, 0x39, 0x65, 0x39, 0x65, 0x39, 0x65, 0x39, 0x65, 0x39, 0x65, 0x39,
    0x65, 0x39, 0x65, 0x39, 0x65, 0x39, 0x65, 0x39, 0x65, 0x39, 0x65, 0x39,
    0x65, 0x39, 0x65, 0x39, 0x65, 0x39, 0x65, 0x39, 0x65, 0x39, 0x65, 0x39,
    0x65, 0x39, 0x65, 0x39, 0x65, 0x39, 0x65, 0x39, 0x65, 0x39, 0x65, 0x39,
    0x65, 0x39, 0x65, 0x39, 0x65, 0x39, 0x65, 0x39, 0x65, 0x39, 0x65, 0x39,
    0x65, 0x39, 0x65, 0x39, 0x65, 0x39, 0x65, 0x39, 0x65, 0x39, 0x65, 0x39,
    0x65, 0x39, 0x65, 0x39, 0x65, 0x39, 0x65, 0x39, 0x65, 0x39, 0x65, 0x39,
    0x65, 0x39, 0x65, 0x39, 0x65, 0x39, 0x65, 0x39, 0x65, 0x39, 0x65, 0x39,
    0x65, 0x39, 0x65, 0x39, 0x65, 0x39, 0x65, 0x39, 0x65, 0x39, 0x65, 0x39,
    0x65, 0x39, 0x65, 0x39, 0x65, 0x39, 0x65, 0x39, 0x65, 0x39, 0x65, 0x39,
    0x65, 0x39, 0x65, 0x39, 0x65, 0x39, 0x65, 0x39, 0x65, 0x39, 0x65, 0x39,
    0x65, 0x39, 0x65, 0x39, 0x65, 0x39, 0x65, 0x39, 0x65, 0x39, 0x65, 0x39,
    0x65, 0x39, 0x65, 0x39, 0x65, 0x39, 0x65, 0x39, 0x65, 0x39, 0xc7, 0x39,
    0xc7, 0x39, 0x65, 0x39, 0x65, 0x39, 0x65, 0x39, 0x65, 0x39, 0x65, 0x39,
    0x65, 0x39, 0x65, 0x39, 0x65, 0x39, 0x65, 0x39, 0x65, 0x39, 0x65, 0x39,
    0x65, 0x39, 0x65, 0x39, 0x65, 0x39, 0x65, 0x39, 0x65, 0x39, 0x65, 0x39,
    0x65, 0x39, 0x65, 0x39, 0x65, 0x39, 0x65, 0x39, 0x65, 0x39, 0x65, 0x39,
    0x65, 0x39, 0x65, 0x39, 0x65, 0x39, 0x65, 0x39, 0x65, 0x39, 0x65, 0x39,
    0x65, 0x39, 0x65, 0x39, 0x65, 0x39, 0x65, 0x39, 0x65, 0x39, 0x65, 0x39,
    0x65, 0x39, 0x65, 0x39, 0x65, 0x39, 0x65, 0x39, 0x65, 0x39, 0x65, 0x39,
    0x65, 0x39, 0x65, 0x39, 0x65, 0x39, 0x65, 0x39, 0x65, 0x39, 0x65, 0x39,
    0x65, 0x39, 0x65, 0x39, 0x65, 0x39, 0x65, 0x39, 0x65, 0x39, 0x65, 0x39,
    0x65, 0x39, 0x65, 0x39, 0x65, 0x39, 0x65, 0x39, 0x65, 0x39, 0x65, 0x39,
    0x65, 0x39, 0x65, 0x39, 0x65, 0x39, 0x65, 0x39, 0x65, 0x39, 0x65, 0x39,
    0x65, 0x39, 0x65, 0x39, 0x65, 0x39, 0x65, 0x39, 0x65, 0x39, 0x65, 0x39,
    0x65, 0x39, 0x65, 0x39, 0x65, 0x39, 0x65, 0x39, 0x65, 0x39, 0x65, 0x39,
    0x65, 0x39, 0xc7, 0x39, 0xc7, 0x39, 0xc7, 0x39, 0xc7, 0x39, 0xc7, 0x39,
    0xc7, 0x39, 0xc7, 0x39, 0xc7, 0x39, 0xc7, 0x39, 0xc7, 0x39, 0xc7, 0x39,
    0xc7, 0x39, 0xc7, 0x39, 0xc7, 0x39, 0xc7, 0x39, 0xc7, 0x39, 0xc7, 0x39,
    0xc7, 0x39, 0xc7, 0x39, 0xc7, 0x39, 0xc7, 0x39, 0xc7, 0x39, 0xc7, 0x39,
    0xc7, 0x39, 0xc7, 0x39, 0xc7, 0x39, 0xc7, 0x39, 0xc7, 0x39, 0xc7, 0x39,
    0xc7, 0x39, 0xc7, 0x39, 0xc7, 0x39, 0xc7, 0x39, 0xc7, 0x39, 0xc7, 0x39,
    0xc7, 0x39, 0xc7, 0x39, 0xc7, 0x39, 0xc7, 0x39, 0xc7, 0x39, 0xc7, 0x39,
    0xc7, 0x39, 0xc7, 0x39, 0xc7, 0x39, 0xc7, 0x39, 0xc7, 0x39, 0xc7, 0x39,
    0xc7, 0x39, 0xc7, 0x39, 0xc7, 0x39, 0xc7, 0x39, 0xc7, 0x39, 0xc7, 0x39,
    0xc7, 0x39, 0xc7, 0x39, 0xc7, 0x39, 0xc7, 0x39, 0xc7, 0x39, 0xc7, 0x39,
    0xc7, 0x39, 0xc7, 0x39, 0xc7, 0x39, 0xc7, 0x39, 0xc7, 0x39, 0xc7, 0x39,
    0xc7, 0x39, 0xc7, 0x39, 0xc7, 0x39, 0xc7, 0x39, 0xc7, 0x39, 0xc7, 0x39,
    0xc7, 0x39, 0xc7, 0x39, 0xc7, 0x39, 0xc7, 0x39, 0xc7, 0x39, 0xc7, 0x39,
    0xc7, 0x39, 0xc7, 0x39, 0xc7, 0x39, 0xc7, 0x39
};

const lv_image_dsc_t img_probe_out_6 = {
  .header = {
    .magic = LV_IMAGE_HEADER_MAGIC,
    .cf = LV_COLOR_FORMAT_RGB565,
    .flags = 0,
    .w = 80,
    .h = 80,
    .stride = 160,
    .reserved_2 = 0,
  },
  .data_size = sizeof(img_probe_out_6_map),
  .data = img_probe_out_6_map,
  .reserved = NULL,
};
#elif TFT_WIDTH > 239
// 40x40 version for TFT_WIDTH > 239
static const LV_ATTRIBUTE_MEM_ALIGN LV_ATTRIBUTE_LARGE_CONST LV_ATTRIBUTE_IMG_IMG_PROBE_OUT_6
uint8_t img_probe_out_6_map[] = {
0x86, 0x39, 0x86, 0x39, 0x86, 0x39, 0x86, 0x39, 0x86, 0x39, 0x86, 0x39,
    0x86, 0x39, 0x86, 0x39, 0x86, 0x39, 0x86, 0x39, 0x86, 0x39, 0x86, 0x39,
    0x86, 0x39, 0x86, 0x39, 0x86, 0x39, 0x86, 0x39, 0xa5, 0x42, 0x65, 0x39,
    0xa5, 0x42, 0x45, 0x5e, 0xa5, 0x42, 0x65, 0x39, 0x65, 0x39, 0x65, 0x39,
    0x65, 0x39, 0x65, 0x39, 0x65, 0x39, 0x65, 0x39, 0x65, 0x39, 0x65, 0x39,
    0x65, 0x39, 0x65, 0x39, 0x65, 0x39, 0x65, 0x39, 0x65, 0x39, 0x65, 0x39,
    0x65, 0x39, 0x65, 0x39, 0x65, 0x39, 0x65, 0x39, 0x86, 0x39, 0x65, 0x39,
    0x65, 0x39, 0x65, 0x39, 0x65, 0x39, 0x65, 0x39, 0x65, 0x39, 0x65, 0x39,
    0x65, 0x39, 0x65, 0x39, 0x65, 0x39, 0x65, 0x39, 0x65, 0x39, 0x65, 0x39,
    0x65, 0x39, 0x65, 0x39, 0x65, 0x39, 0xa5, 0x42, 0x45, 0x5e, 0xa5, 0x42,
    0x65, 0x39, 0xa5, 0x42, 0x65, 0x39, 0x65, 0x39, 0x65, 0x39, 0x65, 0x39,
    0x65, 0x39, 0x65, 0x39, 0x65, 0x39, 0x65, 0x39, 0x65, 0x39, 0x65, 0x39,
    0x65, 0x39, 0x65, 0x39, 0x65, 0x39, 0x65, 0x39, 0x65, 0x39, 0x65, 0x39,
    0x65, 0x39, 0x65, 0x39, 0x86, 0x39, 0x65, 0x39, 0x65, 0x39, 0x65, 0x39,
    0x65, 0x39, 0x65, 0x39, 0x65, 0x39, 0x65, 0x39, 0x65, 0x39, 0x65, 0x39,
    0x65, 0x39, 0x65, 0x39, 0x65, 0x39, 0x65, 0x39, 0x65, 0x39, 0x65, 0x39,
    0xa5, 0x42, 0x45, 0x5e, 0xa5, 0x42, 0x65, 0x39, 0xa5, 0x42, 0x45, 0x5e,
    0x65, 0x39, 0x65, 0x39, 0x65, 0x39, 0x65, 0x39, 0x65, 0x39, 0x65, 0x39,
    0x65, 0x39, 0x65, 0x39, 0x65, 0x39, 0x65, 0x39, 0x65, 0x39, 0x65, 0x39,
    0x65, 0x39, 0x65, 0x39, 0x65, 0x39, 0x65, 0x39, 0x65, 0x39, 0x65, 0x39,
    0x86, 0x39, 0x65, 0x39, 0x65, 0x39, 0x65, 0x39, 0x65, 0x39, 0x65, 0x39,
    0x65, 0x39, 0x65, 0x39, 0x65, 0x39, 0x65, 0x39, 0x65, 0x39, 0x65, 0x39,
    0x65, 0x39, 0x65, 0x39, 0x65, 0x39, 0x65, 0x39, 0x45, 0x5e, 0xa5, 0x42,
    0x65, 0x39, 0xa5, 0x42, 0x45, 0x5e, 0xa5, 0x42, 0x65, 0x39, 0x65, 0x39,
    0x65, 0x39, 0x65, 0x39, 0x65, 0x39, 0x65, 0x39, 0x65, 0x39, 0x65, 0x39,
    0x65, 0x39, 0x65, 0x39, 0x65, 0x39, 0x65, 0x39, 0x65, 0x39, 0x65, 0x39,
    0x65, 0x39, 0x65, 0x39, 0x65, 0x39, 0x65, 0x39, 0x86, 0x39, 0x65, 0x39,
    0x65, 0x39, 0x65, 0x39, 0x65, 0x39, 0x45, 0x39, 0x65, 0x39, 0x45, 0x39,
    0x45, 0x39, 0x65, 0x39, 0x65, 0x39, 0x65, 0x39, 0x65, 0x39, 0x65, 0x39,
    0x65, 0x39, 0x65, 0x39, 0xa5, 0x42, 0x65, 0x39, 0xa5, 0x42, 0x45, 0x5e,
    0xa5, 0x42, 0x65, 0x39, 0x65, 0x39, 0x65, 0x39, 0x65, 0x39, 0x65, 0x39,
    0x65, 0x39, 0x65, 0x39, 0x65, 0x39, 0x65, 0x39, 0x65, 0x39, 0x65, 0x39,
    0x65, 0x39, 0x65, 0x39, 0x65, 0x39, 0x65, 0x39, 0x65, 0x39, 0x65, 0x39,
    0x65, 0x39, 0x65, 0x39, 0x86, 0x39, 0x65, 0x39, 0x65, 0x39, 0x65, 0x39,
    0x59, 0xce, 0x6d, 0x73, 0x28, 0x52, 0xba, 0xd6, 0xc7, 0x41, 0x45, 0x39,
    0x45, 0x39, 0x65, 0x39, 0x65, 0x39, 0x65, 0x39, 0x65, 0x39, 0x65, 0x39,
    0x65, 0x39, 0xa5, 0x42, 0x45, 0x5e, 0xa5, 0x42, 0x65, 0x39, 0xa5, 0x42,
    0x65, 0x39, 0x65, 0x39, 0x65, 0x39, 0x65, 0x39, 0x65, 0x39, 0x65, 0x39,
    0x65, 0x39, 0x65, 0x39, 0x65, 0x39, 0x65, 0x39, 0x65, 0x39, 0x65, 0x39,
    0x65, 0x39, 0x65, 0x39, 0x65, 0x39, 0x65, 0x39, 0x65, 0x39, 0x65, 0x39,
    0x86, 0x39, 0x65, 0x39, 0x65, 0x39, 0x45, 0x39, 0x72, 0x94, 0x7d, 0xef,
    0xba, 0xd6, 0x96, 0xb5, 0x24, 0x31, 0x4d, 0x73, 0xf3, 0xa4, 0x45, 0x31,
    0x45, 0x39, 0x65, 0x39, 0x65, 0x39, 0x65, 0x39, 0xa5, 0x42, 0x45, 0x5e,
    0xa5, 0x42, 0x65, 0x39, 0xa5, 0x42, 0x45, 0x5e, 0x65, 0x39, 0x65, 0x39,
    0x65, 0x39, 0x65, 0x39, 0x65, 0x39, 0x65, 0x39, 0x65, 0x39, 0x65, 0x39,
    0x65, 0x39, 0x65, 0x39, 0x65, 0x39, 0x65, 0x39, 0x65, 0x39, 0x65, 0x39,
    0x65, 0x39, 0x65, 0x39, 0x65, 0x39, 0x65, 0x39, 0x86, 0x39, 0x65, 0x39,
    0x65, 0x39, 0x65, 0x39, 0x45, 0x31, 0x9e, 0xf7, 0xdf, 0xff, 0x65, 0x31,
    0x8e, 0x7b, 0x79, 0xd6, 0x9e, 0xf7, 0x71, 0x94, 0x45, 0x31, 0x65, 0x39,
    0x65, 0x39, 0x65, 0x39, 0x45, 0x5e, 0xa5, 0x42, 0x65, 0x39, 0xa5, 0x42,
    0x45, 0x5e, 0xa5, 0x42, 0x65, 0x39, 0x65, 0x39, 0x65, 0x39, 0x65, 0x39,
    0x65, 0x39, 0x65, 0x39, 0x65, 0x39, 0x65, 0x39, 0x65, 0x39, 0x65, 0x39,
    0x65, 0x39, 0x65, 0x39, 0x65, 0x39, 0x65, 0x39, 0x65, 0x39, 0x65, 0x39,
    0x65, 0x39, 0x65, 0x39, 0x86, 0x39, 0x65, 0x39, 0x65, 0x39, 0x65, 0x39,
    0xeb, 0x62, 0xdf, 0xf7, 0xbf, 0xf7, 0xcf, 0x83, 0xf3, 0xa4, 0x7e, 0xef,
    0xdf, 0xff, 0x18, 0xc6, 0x24, 0x31, 0x45, 0x39, 0x65, 0x39, 0x65, 0x39,
    0xa5, 0x42, 0x65, 0x39, 0xa5, 0x42, 0x45, 0x5e, 0xa5, 0x42, 0x65, 0x39,
    0x65, 0x39, 0x65, 0x39, 0x65, 0x39, 0x65, 0x39, 0x65, 0x39, 0x65, 0x39,
    0x65, 0x39, 0x65, 0x39, 0x65, 0x39, 0x65, 0x39, 0x65, 0x39, 0x65, 0x39,
    0x65, 0x39, 0x65, 0x39, 0x65, 0x39, 0x65, 0x39, 0x65, 0x39, 0x65, 0x39,
    0x86, 0x39, 0x65, 0x39, 0x65, 0x39, 0x45, 0x39, 0x5d, 0xef, 0xb3, 0x9c,
    0x71, 0x94, 0x9e, 0xf7, 0xc7, 0x41, 0x30, 0x8c, 0x18, 0xc6, 0x04, 0x29,
    0x45, 0x31, 0x65, 0x39, 0x65, 0x39, 0x65, 0x39, 0x65, 0x39, 0xa5, 0x42,
    0x45, 0x5e, 0xa5, 0x42, 0x65, 0x39, 0xa5, 0x42, 0x65, 0x39, 0x65, 0x39,
    0x65, 0x39, 0x65, 0x39, 0x65, 0x39, 0x65, 0x39, 0x65, 0x39, 0x65, 0x39,
    0x65, 0x39, 0x65, 0x39, 0x65, 0x39, 0x65, 0x39, 0x65, 0x39, 0x65, 0x39,
    0x65, 0x39, 0x65, 0x39, 0x65, 0x39, 0x65, 0x39, 0x86, 0x39, 0x65, 0x39,
    0x65, 0x39, 0x45, 0x39, 0x45, 0x31, 0x24, 0x31, 0x24, 0x31, 0x24, 0x31,
    0x24, 0x31, 0x45, 0x31, 0x24, 0x31, 0x45, 0x31, 0x45, 0x39, 0x65, 0x39,
    0x65, 0x39, 0x65, 0x39, 0xa5, 0x42, 0x45, 0x5e, 0xa5, 0x42, 0x65, 0x39,
    0xa5, 0x42, 0x45, 0x5e, 0x65, 0x39, 0x65, 0x39, 0x65, 0x39, 0x65, 0x39,
    0x65, 0x39, 0x65, 0x39, 0x65, 0x39, 0x65, 0x39, 0x65, 0x39, 0x65, 0x39,
    0x65, 0x39, 0x65, 0x39, 0x65, 0x39, 0x65, 0x39, 0x65, 0x39, 0x65, 0x39,
    0x65, 0x39, 0x65, 0x39, 0x86, 0x39, 0x65, 0x39, 0x65, 0x39, 0x65, 0x39,
    0x45, 0x39, 0x45, 0x39, 0x45, 0x39, 0x45, 0x39, 0x45, 0x39, 0x65, 0x39,
    0x45, 0x39, 0x65, 0x39, 0x65, 0x39, 0x65, 0x39, 0x65, 0x39, 0x65, 0x39,
    0x45, 0x5e, 0xa5, 0x42, 0x65, 0x39, 0xa5, 0x42, 0x45, 0x5e, 0xa5, 0x42,
    0x65, 0x39, 0x65, 0x39, 0x65, 0x39, 0x65, 0x39, 0x65, 0x39, 0x65, 0x39,
    0x65, 0x39, 0x65, 0x39, 0x65, 0x39, 0x65, 0x39, 0x65, 0x39, 0x65, 0x39,
    0x65, 0x39, 0x65, 0x39, 0x65, 0x39, 0x65, 0x39, 0x65, 0x39, 0x65, 0x39,
    0x86, 0x39, 0x65, 0x39, 0x65, 0x39, 0x65, 0x39, 0x65, 0x39, 0x65, 0x39,
    0x65, 0x39, 0x65, 0x39, 0x65, 0x39, 0x65, 0x39, 0x65, 0x39, 0x65, 0x39,
    0x65, 0x39, 0x65, 0x39, 0x65, 0x39, 0x65, 0x39, 0xa5, 0x42, 0x65, 0x39,
    0xa5, 0x42, 0x45, 0x5e, 0xa5, 0x42, 0x65, 0x39, 0x65, 0x39, 0x65, 0x39,
    0x65, 0x39, 0x65, 0x39, 0x65, 0x39, 0x65, 0x39, 0x65, 0x39, 0x65, 0x39,
    0x65, 0x39, 0x65, 0x39, 0x65, 0x39, 0x65, 0x39, 0x65, 0x39, 0x65, 0x39,
    0x65, 0x39, 0x65, 0x39, 0x65, 0x39, 0x65, 0x39, 0x86, 0x39, 0x65, 0x39,
    0x65, 0x39, 0x65, 0x39, 0x65, 0x39, 0x65, 0x39, 0x65, 0x39, 0x65, 0x39,
    0x65, 0x39, 0x65, 0x39, 0x65, 0x39, 0x65, 0x39, 0x65, 0x39, 0x65, 0x39,
    0x65, 0x39, 0x65, 0x39, 0x65, 0x39, 0xa5, 0x42, 0x45, 0x5e, 0xa5, 0x42,
    0x65, 0x39, 0xa5, 0x42, 0x65, 0x39, 0x65, 0x39, 0x65, 0x39, 0x65, 0x39,
    0x65, 0x39, 0x65, 0x39, 0x65, 0x39, 0x65, 0x39, 0x65, 0x39, 0x65, 0x39,
    0x65, 0x39, 0x65, 0x39, 0x65, 0x39, 0x65, 0x39, 0x65, 0x39, 0x65, 0x39,
    0x65, 0x39, 0x65, 0x39, 0x86, 0x39, 0x65, 0x39, 0x65, 0x39, 0x65, 0x39,
    0x65, 0x39, 0x65, 0x39, 0x65, 0x39, 0x65, 0x39, 0x65, 0x39, 0x65, 0x39,
    0x65, 0x39, 0x65, 0x39, 0x65, 0x39, 0x65, 0x39, 0x65, 0x39, 0x65, 0x39,
    0xa5, 0x42, 0x45, 0x5e, 0xa5, 0x42, 0x65, 0x39, 0xa5, 0x42, 0x45, 0x5e,
    0x65, 0x39, 0x65, 0x39, 0x65, 0x39, 0x65, 0x39, 0x65, 0x39, 0x65, 0x39,
    0x65, 0x39, 0x65, 0x39, 0x65, 0x39, 0x65, 0x39, 0x65, 0x39, 0x65, 0x39,
    0x65, 0x39, 0x65, 0x39, 0x65, 0x39, 0x65, 0x39, 0x65, 0x39, 0x65, 0x39,
    0x86, 0x39, 0x65, 0x39, 0x65, 0x39, 0x65, 0x39, 0x65, 0x39, 0x65, 0x39,
    0x65, 0x39, 0x65, 0x39, 0x65, 0x39, 0x65, 0x39, 0x65, 0x39, 0x65, 0x39,
    0x65, 0x39, 0x65, 0x39, 0x65, 0x39, 0x65, 0x39, 0x45, 0x5e, 0xa5, 0x42,
    0x65, 0x39, 0xa5, 0x42, 0x45, 0x5e, 0xa5, 0x42, 0x65, 0x39, 0x65, 0x39,
    0x65, 0x39, 0x65, 0x39, 0x65, 0x39, 0x65, 0x39, 0x65, 0x39, 0x65, 0x39,
    0x65, 0x39, 0x65, 0x39, 0x65, 0x39, 0x65, 0x39, 0x65, 0x39, 0x65, 0x39,
    0x65, 0x39, 0x65, 0x39, 0x65, 0x39, 0x65, 0x39, 0x86, 0x39, 0x65, 0x39,
    0x65, 0x39, 0x65, 0x39, 0x65, 0x39, 0x65, 0x39, 0x65, 0x39, 0x65, 0x39,
    0x65, 0x39, 0x88, 0x44, 0x65, 0x39, 0x65, 0x39, 0x65, 0x39, 0x65, 0x39,
    0x65, 0x39, 0x65, 0x39, 0xa5, 0x42, 0x65, 0x39, 0xa5, 0x42, 0x45, 0x5e,
    0xa5, 0x42, 0x65, 0x39, 0x65, 0x39, 0x65, 0x39, 0x65, 0x39, 0x65, 0x39,
    0x65, 0x39, 0x65, 0x39, 0x65, 0x39, 0x65, 0x39, 0x65, 0x39, 0x65, 0x39,
    0x65, 0x39, 0x65, 0x39, 0x65, 0x39, 0x65, 0x39, 0x65, 0x39, 0x65, 0x39,
    0x65, 0x39, 0x65, 0x39, 0x86, 0x39, 0x65, 0x39, 0x65, 0x39, 0x65, 0x39,
    0x65, 0x39, 0x65, 0x39, 0x65, 0x39, 0x65, 0x39, 0x65, 0x39, 0xca, 0x4f,
    0x67, 0x3c, 0x47, 0x3c, 0x65, 0x39, 0x65, 0x39, 0x65, 0x39, 0x65, 0x39,
    0x65, 0x39, 0xa5, 0x42, 0x45, 0x5e, 0xa5, 0x42, 0x65, 0x39, 0xa5, 0x42,
    0x65, 0x39, 0x65, 0x39, 0x65, 0x39, 0x65, 0x39, 0x65, 0x39, 0x65, 0x39,
    0x65, 0x39, 0x65, 0x39, 0x65, 0x39, 0x65, 0x39, 0x65, 0x39, 0x65, 0x39,
    0x65, 0x39, 0x65, 0x39, 0x65, 0x39, 0x65, 0x39, 0x65, 0x39, 0x65, 0x39,
    0x86, 0x39, 0x65, 0x39, 0x65, 0x39, 0x65, 0x39, 0x65, 0x39, 0x65, 0x39,
    0x65, 0x39, 0x65, 0x39, 0x65, 0x39, 0xaa, 0x47, 0x8a, 0x47, 0x49, 0x3f,
    0x27, 0x3c, 0x07, 0x34, 0x45, 0x39, 0x65, 0x39, 0x85, 0x43, 0x45, 0x5e,
    0x85, 0x4b, 0x65, 0x39, 0x85, 0x4b, 0x45, 0x5e, 0xa5, 0x42, 0x65, 0x39,
    0xa5, 0x42, 0x45, 0x5e, 0xa5, 0x42, 0x65, 0x39, 0xa5, 0x42, 0x45, 0x5e,
    0xa5, 0x42, 0x65, 0x39, 0xa5, 0x42, 0x45, 0x5e, 0xa5, 0x42, 0x65, 0x39,
    0xa5, 0x42, 0x45, 0x5e, 0xa5, 0x42, 0x65, 0x39, 0x86, 0x39, 0x65, 0x39,
    0x65, 0x39, 0x65, 0x39, 0x65, 0x39, 0x65, 0x39, 0x65, 0x39, 0x65, 0x39,
    0x65, 0x39, 0xca, 0x4f, 0x8a, 0x47, 0x49, 0x3f, 0x09, 0x37, 0xc9, 0x36,
    0x07, 0x34, 0xe7, 0x2b, 0x07, 0x56, 0x86, 0x43, 0x66, 0x39, 0x85, 0x43,
    0x45, 0x5e, 0x85, 0x4b, 0x65, 0x39, 0xa5, 0x42, 0x45, 0x5e, 0xa5, 0x42,
    0x65, 0x39, 0xa5, 0x42, 0x45, 0x5e, 0xa5, 0x42, 0x65, 0x39, 0xa5, 0x42,
    0x45, 0x5e, 0xa5, 0x42, 0x65, 0x39, 0xa5, 0x42, 0x45, 0x5e, 0xa5, 0x42,
    0x65, 0x39, 0xa5, 0x42, 0x86, 0x39, 0x65, 0x39, 0x65, 0x39, 0x65, 0x39,
    0x65, 0x39, 0x65, 0x39, 0x65, 0x39, 0x65, 0x39, 0x65, 0x39, 0xaa, 0x47,
    0x8a, 0x47, 0x49, 0x3f, 0x09, 0x37, 0xc8, 0x36, 0x68, 0x2d, 0x0a, 0x2b,
    0x8b, 0x33, 0xca, 0x29, 0x88, 0x43, 0x26, 0x56, 0x85, 0x43, 0x65, 0x39,
    0xa5, 0x42, 0x45, 0x5e, 0xa5, 0x42, 0x65, 0x39, 0xa5, 0x42, 0x45, 0x5e,
    0xa5, 0x42, 0x65, 0x39, 0xa5, 0x42, 0x45, 0x5e, 0xa5, 0x42, 0x65, 0x39,
    0xa5, 0x42, 0x45, 0x5e, 0xa5, 0x42, 0x65, 0x39, 0xa5, 0x42, 0x45, 0x5e,
    0x86, 0x39, 0x65, 0x39, 0x65, 0x39, 0x65, 0x39, 0x65, 0x39, 0x65, 0x39,
    0x65, 0x39, 0x65, 0x39, 0x65, 0x39, 0xca, 0x4f, 0x8a, 0x47, 0x49, 0x3f,
    0xa9, 0x35, 0x2a, 0x2b, 0x79, 0x42, 0x7f, 0x4a, 0x7f, 0x4a, 0xf9, 0x42,
    0x8b, 0x45, 0x88, 0x43, 0x66, 0x39, 0x85, 0x4b, 0x45, 0x5e, 0xa5, 0x42,
    0x65, 0x39, 0xa5, 0x42, 0x45, 0x5e, 0xa5, 0x42, 0x65, 0x39, 0xa5, 0x42,
    0x45, 0x5e, 0xa5, 0x42, 0x65, 0x39, 0xa5, 0x42, 0x45, 0x5e, 0xa5, 0x42,
    0x65, 0x39, 0xa5, 0x42, 0x45, 0x5e, 0xa5, 0x42, 0x86, 0x39, 0x65, 0x39,
    0x65, 0x39, 0x65, 0x39, 0x65, 0x39, 0x65, 0x39, 0x65, 0x39, 0x65, 0x39,
    0x65, 0x39, 0xaa, 0x47, 0xe9, 0x45, 0xe7, 0x3a, 0xca, 0x29, 0x79, 0x42,
    0x7f, 0x4a, 0x7f, 0x4a, 0x7f, 0x4a, 0x7f, 0x4a, 0xf9, 0x42, 0xca, 0x29,
    0x86, 0x43, 0x45, 0x5e, 0xa5, 0x42, 0x65, 0x39, 0xa5, 0x42, 0x45, 0x5e,
    0xa5, 0x42, 0x65, 0x39, 0xa5, 0x42, 0x45, 0x5e, 0xa5, 0x42, 0x65, 0x39,
    0xa5, 0x42, 0x45, 0x5e, 0xa5, 0x42, 0x65, 0x39, 0xa5, 0x42, 0x45, 0x5e,
    0xa5, 0x42, 0x65, 0x39, 0x86, 0x39, 0x65, 0x39, 0x65, 0x39, 0x65, 0x39,
    0x65, 0x39, 0x65, 0x39, 0x65, 0x39, 0x65, 0x39, 0x65, 0x39, 0xe6, 0x3a,
    0x65, 0x39, 0x87, 0x31, 0xeb, 0x29, 0x7f, 0x4a, 0x7f, 0x4a, 0x7f, 0x4a,
    0x7f, 0x4a, 0x7f, 0x4a, 0x7f, 0x4a, 0x8b, 0x33, 0x07, 0x56, 0x85, 0x43,
    0x65, 0x39, 0xa5, 0x42, 0x45, 0x5e, 0xa5, 0x42, 0x65, 0x39, 0xa5, 0x42,
    0x45, 0x5e, 0xa5, 0x42, 0x65, 0x39, 0xa5, 0x42, 0x45, 0x5e, 0xa5, 0x42,
    0x65, 0x39, 0xa5, 0x42, 0x45, 0x5e, 0xa5, 0x42, 0x65, 0x39, 0xa5, 0x42,
    0x86, 0x39, 0x65, 0x39, 0x65, 0x39, 0x65, 0x39, 0x65, 0x39, 0x65, 0x39,
    0x65, 0x39, 0x65, 0x39, 0x65, 0x39, 0x65, 0x39, 0x65, 0x39, 0x87, 0x31,
    0xeb, 0x29, 0x7f, 0x4a, 0x7f, 0x4a, 0x7f, 0x4a, 0x7f, 0x4a, 0x7f, 0x4a,
    0x7f, 0x4a, 0x29, 0x2c, 0xa7, 0x32, 0x65, 0x39, 0x65, 0x39, 0x65, 0x39,
    0x65, 0x39, 0x65, 0x39, 0x65, 0x39, 0x65, 0x39, 0x65, 0x39, 0x65, 0x39,
    0x65, 0x39, 0x65, 0x39, 0x65, 0x39, 0x65, 0x39, 0x65, 0x39, 0x65, 0x39,
    0x65, 0x39, 0x65, 0x39, 0x65, 0x39, 0x86, 0x39, 0x86, 0x39, 0x65, 0x39,
    0x65, 0x39, 0x65, 0x39, 0x65, 0x39, 0x65, 0x39, 0x65, 0x39, 0x65, 0x39,
    0x65, 0x39, 0x65, 0x39, 0x45, 0x39, 0x66, 0x31, 0xca, 0x29, 0x79, 0x42,
    0x7f, 0x4a, 0x7f, 0x4a, 0x7f, 0x4a, 0x7f, 0x4a, 0x79, 0x42, 0x29, 0x2c,
    0x48, 0x2d, 0x45, 0x39, 0x65, 0x39, 0x65, 0x39, 0x65, 0x39, 0x65, 0x39,
    0x65, 0x39, 0x65, 0x39, 0x65, 0x39, 0x65, 0x39, 0x65, 0x39, 0x65, 0x39,
    0x65, 0x39, 0x65, 0x39, 0x65, 0x39, 0x65, 0x39, 0x65, 0x39, 0x65, 0x39,
    0x65, 0x39, 0x86, 0x39, 0x86, 0x39, 0x65, 0x39, 0x65, 0x39, 0x65, 0x39,
    0x65, 0x39, 0x65, 0x39, 0x65, 0x39, 0x65, 0x39, 0x65, 0x39, 0x65, 0x39,
    0x65, 0x39, 0x66, 0x39, 0x88, 0x31, 0xeb, 0x29, 0x79, 0x42, 0x7f, 0x4a,
    0x7f, 0x4a, 0x79, 0x42, 0x4a, 0x2c, 0xc8, 0x36, 0xc8, 0x36, 0xc6, 0x3a,
    0x65, 0x39, 0x65, 0x39, 0x65, 0x39, 0x65, 0x39, 0x65, 0x39, 0x65, 0x39,
    0x65, 0x39, 0x65, 0x39, 0x65, 0x39, 0x65, 0x39, 0x65, 0x39, 0x65, 0x39,
    0x65, 0x39, 0x65, 0x39, 0x65, 0x39, 0x65, 0x39, 0x65, 0x39, 0x86, 0x39,
    0x86, 0x39, 0x65, 0x39, 0x65, 0x39, 0x65, 0x39, 0x65, 0x39, 0x65, 0x39,
    0x65, 0x39, 0x65, 0x39, 0x65, 0x39, 0x65, 0x39, 0x65, 0x39, 0x45, 0x39,
    0x66, 0x31, 0x88, 0x31, 0xca, 0x29, 0xeb, 0x29, 0xeb, 0x29, 0xca, 0x29,
    0x48, 0x34, 0x09, 0x37, 0x09, 0x37, 0xa8, 0x3d, 0x65, 0x39, 0x65, 0x39,
    0x65, 0x39, 0x65, 0x39, 0x65, 0x39, 0x65, 0x39, 0x65, 0x39, 0x65, 0x39,
    0x65, 0x39, 0x65, 0x39, 0x65, 0x39, 0x65, 0x39, 0x65, 0x39, 0x65, 0x39,
    0x65, 0x39, 0x65, 0x39, 0x65, 0x39, 0x86, 0x39, 0x86, 0x39, 0x65, 0x39,
    0x65, 0x39, 0x65, 0x39, 0x65, 0x39, 0x65, 0x39, 0x65, 0x39, 0x65, 0x39,
    0x65, 0x39, 0x65, 0x39, 0x65, 0x39, 0x65, 0x39, 0x45, 0x39, 0x66, 0x39,
    0x66, 0x31, 0x87, 0x31, 0x87, 0x31, 0x68, 0x3c, 0x49, 0x3f, 0x49, 0x3f,
    0x49, 0x3f, 0x49, 0x3f, 0xc6, 0x3a, 0x65, 0x39, 0x65, 0x39, 0x65, 0x39,
    0x65, 0x39, 0x65, 0x39, 0x65, 0x39, 0x45, 0x39, 0x65, 0x39, 0x45, 0x39,
    0x45, 0x39, 0x65, 0x39, 0x65, 0x39, 0x65, 0x39, 0x65, 0x39, 0x65, 0x39,
    0x65, 0x39, 0x86, 0x39, 0x86, 0x39, 0x65, 0x39, 0x65, 0x39, 0x65, 0x39,
    0x65, 0x39, 0x65, 0x39, 0x65, 0x39, 0x65, 0x39, 0x65, 0x39, 0x65, 0x39,
    0x65, 0x39, 0x65, 0x39, 0x65, 0x39, 0x65, 0x39, 0x45, 0x39, 0x65, 0x39,
    0x65, 0x39, 0x68, 0x3c, 0x8a, 0x47, 0x8a, 0x47, 0x8a, 0x47, 0x8a, 0x47,
    0xe9, 0x45, 0x65, 0x39, 0x65, 0x39, 0x65, 0x39, 0x65, 0x39, 0x65, 0x39,
    0x96, 0xb5, 0xef, 0x83, 0x45, 0x31, 0x79, 0xd6, 0xaa, 0x62, 0x45, 0x39,
    0x45, 0x39, 0x65, 0x39, 0x65, 0x39, 0x65, 0x39, 0x65, 0x39, 0x86, 0x39,
    0x86, 0x39, 0x65, 0x39, 0x65, 0x39, 0x65, 0x39, 0x65, 0x39, 0x65, 0x39,
    0x65, 0x39, 0x65, 0x39, 0x65, 0x39, 0x65, 0x39, 0x65, 0x39, 0x65, 0x39,
    0x65, 0x39, 0x65, 0x39, 0x65, 0x39, 0x65, 0x39, 0x88, 0x44, 0xaa, 0x47,
    0xaa, 0x47, 0xca, 0x47, 0xaa, 0x47, 0xaa, 0x47, 0xaa, 0x47, 0xe6, 0x3a,
    0x65, 0x39, 0x65, 0x39, 0x65, 0x39, 0x45, 0x39, 0xae, 0x7b, 0x9e, 0xef,
    0xf3, 0xa4, 0x1c, 0xe7, 0x04, 0x29, 0x4d, 0x73, 0xf3, 0xa4, 0x45, 0x31,
    0x45, 0x39, 0x65, 0x39, 0x65, 0x39, 0x86, 0x39, 0x86, 0x39, 0x65, 0x39,
    0x65, 0x39, 0x65, 0x39, 0x65, 0x39, 0x65, 0x39, 0x65, 0x39, 0x65, 0x39,
    0x65, 0x39, 0x65, 0x39, 0x65, 0x39, 0x65, 0x39, 0x65, 0x39, 0x65, 0x39,
    0x65, 0x39, 0x65, 0x39, 0x06, 0x3b, 0xa8, 0x44, 0xa8, 0x44, 0xa8, 0x44,
    0xa8, 0x44, 0xa8, 0x44, 0xa8, 0x44, 0x06, 0x3b, 0x65, 0x39, 0x65, 0x39,
    0x65, 0x39, 0x65, 0x39, 0x45, 0x31, 0xdb, 0xde, 0xdf, 0xf7, 0x4d, 0x73,
    0x8e, 0x7b, 0x79, 0xd6, 0x9e, 0xf7, 0x71, 0x94, 0x45, 0x31, 0x65, 0x39,
    0x65, 0x39, 0x86, 0x39, 0x86, 0x39, 0x65, 0x39, 0x65, 0x39, 0x65, 0x39,
    0x65, 0x39, 0x65, 0x39, 0x65, 0x39, 0x65, 0x39, 0x65, 0x39, 0x65, 0x39,
    0x65, 0x39, 0x65, 0x39, 0x65, 0x39, 0x65, 0x39, 0x65, 0x39, 0x65, 0x39,
    0x65, 0x39, 0x65, 0x39, 0x65, 0x39, 0x65, 0x39, 0x65, 0x39, 0x65, 0x39,
    0x65, 0x39, 0x65, 0x39, 0x65, 0x39, 0x65, 0x39, 0x65, 0x39, 0x65, 0x39,
    0x45, 0x39, 0xef, 0x83, 0x5d, 0xef, 0x04, 0x29, 0xf3, 0xa4, 0x7e, 0xef,
    0xdf, 0xff, 0x18, 0xc6, 0x24, 0x31, 0x65, 0x39, 0x65, 0x39, 0x86, 0x39,
    0x86, 0x39, 0x65, 0x39, 0x65, 0x39, 0x65, 0x39, 0x65, 0x39, 0x65, 0x39,
    0x65, 0x39, 0x65, 0x39, 0x65, 0x39, 0x65, 0x39, 0x65, 0x39, 0x65, 0x39,
    0x65, 0x39, 0x65, 0x39, 0x65, 0x39, 0x65, 0x39, 0x65, 0x39, 0x65, 0x39,
    0x65, 0x39, 0x65, 0x39, 0x65, 0x39, 0x65, 0x39, 0x65, 0x39, 0x65, 0x39,
    0x65, 0x39, 0x65, 0x39, 0x65, 0x39, 0x65, 0x39, 0x65, 0x39, 0xae, 0x7b,
    0x3c, 0xe7, 0x04, 0x29, 0x45, 0x31, 0x30, 0x8c, 0x18, 0xc6, 0x04, 0x29,
    0x45, 0x31, 0x65, 0x39, 0x65, 0x39, 0x86, 0x39, 0x86, 0x39, 0x65, 0x39,
    0x65, 0x39, 0x65, 0x39, 0x65, 0x39, 0x65, 0x39, 0x65, 0x39, 0x65, 0x39,
    0x65, 0x39, 0x65, 0x39, 0x65, 0x39, 0x65, 0x39, 0x65, 0x39, 0x65, 0x39,
    0x65, 0x39, 0x65, 0x39, 0x65, 0x39, 0x65, 0x39, 0x65, 0x39, 0x65, 0x39,
    0x65, 0x39, 0x65, 0x39, 0x65, 0x39, 0x65, 0x39, 0x65, 0x39, 0x65, 0x39,
    0x65, 0x39, 0x65, 0x39, 0x65, 0x39, 0x45, 0x31, 0x24, 0x31, 0x24, 0x31,
    0x45, 0x39, 0x45, 0x31, 0x24, 0x31, 0x45, 0x31, 0x45, 0x39, 0x65, 0x39,
    0x65, 0x39, 0x86, 0x39, 0x86, 0x39, 0x65, 0x39, 0x65, 0x39, 0x65, 0x39,
    0x65, 0x39, 0x65, 0x39, 0x65, 0x39, 0x65, 0x39, 0x65, 0x39, 0x65, 0x39,
    0x65, 0x39, 0x65, 0x39, 0x65, 0x39, 0x65, 0x39, 0x65, 0x39, 0x65, 0x39,
    0x65, 0x39, 0x65, 0x39, 0x65, 0x39, 0x65, 0x39, 0x65, 0x39, 0x65, 0x39,
    0x65, 0x39, 0x65, 0x39, 0x65, 0x39, 0x65, 0x39, 0x65, 0x39, 0x65, 0x39,
    0x65, 0x39, 0x65, 0x39, 0x45, 0x39, 0x45, 0x39, 0x65, 0x39, 0x65, 0x39,
    0x45, 0x39, 0x65, 0x39, 0x65, 0x39, 0x65, 0x39, 0x65, 0x39, 0x86, 0x39,
    0x86, 0x39, 0x65, 0x39, 0x65, 0x39, 0x65, 0x39, 0x65, 0x39, 0x65, 0x39,
    0x65, 0x39, 0x65, 0x39, 0x65, 0x39, 0x65, 0x39, 0x65, 0x39, 0x65, 0x39,
    0x65, 0x39, 0x65, 0x39, 0x65, 0x39, 0x65, 0x39, 0x65, 0x39, 0x65, 0x39,
    0x65, 0x39, 0x65, 0x39, 0x65, 0x39, 0x65, 0x39, 0x65, 0x39, 0x65, 0x39,
    0x65, 0x39, 0x65, 0x39, 0x65, 0x39, 0x65, 0x39, 0x65, 0x39, 0x65, 0x39,
    0x65, 0x39, 0x65, 0x39, 0x65, 0x39, 0x65, 0x39, 0x65, 0x39, 0x65, 0x39,
    0x65, 0x39, 0x65, 0x39, 0x65, 0x39, 0x86, 0x39, 0x86, 0x39, 0x65, 0x39,
    0x65, 0x39, 0x65, 0x39, 0x65, 0x39, 0x65, 0x39, 0x65, 0x39, 0x65, 0x39,
    0x65, 0x39, 0x65, 0x39, 0x65, 0x39, 0x65, 0x39, 0x65, 0x39, 0x65, 0x39,
    0x65, 0x39, 0x65, 0x39, 0x65, 0x39, 0x65, 0x39, 0x65, 0x39, 0x65, 0x39,
    0x65, 0x39, 0x65, 0x39, 0x65, 0x39, 0x65, 0x39, 0x65, 0x39, 0x65, 0x39,
    0x65, 0x39, 0x65, 0x39, 0x65, 0x39, 0x65, 0x39, 0x65, 0x39, 0x65, 0x39,
    0x65, 0x39, 0x65, 0x39, 0x65, 0x39, 0x65, 0x39, 0x65, 0x39, 0x65, 0x39,
    0x65, 0x39, 0x86, 0x39, 0x86, 0x39, 0x65, 0x39, 0x65, 0x39, 0x65, 0x39,
    0x65, 0x39, 0x65, 0x39, 0x65, 0x39, 0x65, 0x39, 0x65, 0x39, 0x65, 0x39,
    0x65, 0x39, 0x65, 0x39, 0x65, 0x39, 0x65, 0x39, 0x65, 0x39, 0x65, 0x39,
    0x65, 0x39, 0x65, 0x39, 0x65, 0x39, 0x65, 0x39, 0x65, 0x39, 0x65, 0x39,
    0x65, 0x39, 0x65, 0x39, 0x65, 0x39, 0x65, 0x39, 0x65, 0x39, 0x65, 0x39,
    0x65, 0x39, 0x65, 0x39, 0x65, 0x39, 0x65, 0x39, 0x65, 0x39, 0x65, 0x39,
    0x65, 0x39, 0x65, 0x39, 0x65, 0x39, 0x65, 0x39, 0x65, 0x39, 0x86, 0x39,
    0x86, 0x39, 0x86, 0x39, 0x86, 0x39, 0x86, 0x39, 0x86, 0x39, 0x86, 0x39,
    0x86, 0x39, 0x86, 0x39, 0x86, 0x39, 0x86, 0x39, 0x86, 0x39, 0x86, 0x39,
    0x86, 0x39, 0x86, 0x39, 0x86, 0x39, 0x86, 0x39, 0x86, 0x39, 0x86, 0x39,
    0x86, 0x39, 0x86, 0x39, 0x86, 0x39, 0x86, 0x39, 0x86, 0x39, 0x86, 0x39,
    0x86, 0x39, 0x86, 0x39, 0x86, 0x39, 0x86, 0x39, 0x86, 0x39, 0x86, 0x39,
    0x86, 0x39, 0x86, 0x39, 0x86, 0x39, 0x86, 0x39, 0x86, 0x39, 0x86, 0x39,
    0x86, 0x39, 0x86, 0x39, 0x86, 0x39, 0x86, 0x39
};

const lv_image_dsc_t img_probe_out_6 = {
  .header = {
    .magic = LV_IMAGE_HEADER_MAGIC,
    .cf = LV_COLOR_FORMAT_RGB565,
    .flags = 0,
    .w = 40,
    .h = 40,
    .stride = 80,
    .reserved_2 = 0,
  },
  .data_size = sizeof(img_probe_out_6_map),
  .data = img_probe_out_6_map,
  .reserved = NULL,
};
#elif TFT_WIDTH > 0
// 20x20 version for TFT_WIDTH > 0
static const LV_ATTRIBUTE_MEM_ALIGN LV_ATTRIBUTE_LARGE_CONST LV_ATTRIBUTE_IMG_IMG_PROBE_OUT_6
uint8_t img_probe_out_6_map[] = {
0x65, 0x39, 0x65, 0x39, 0x65, 0x39, 0x65, 0x39, 0x65, 0x39, 0x65, 0x39,
    0x65, 0x39, 0x65, 0x39, 0x65, 0x39, 0xe5, 0x4b, 0x65, 0x39, 0x65, 0x39,
    0x65, 0x39, 0x65, 0x39, 0x65, 0x39, 0x65, 0x39, 0x65, 0x39, 0x65, 0x39,
    0x65, 0x39, 0x65, 0x39, 0x65, 0x39, 0x65, 0x39, 0x65, 0x39, 0x65, 0x39,
    0x65, 0x39, 0x65, 0x39, 0x65, 0x39, 0x65, 0x39, 0xe5, 0x4b, 0x65, 0x39,
    0xe5, 0x4b, 0x65, 0x39, 0x65, 0x39, 0x65, 0x39, 0x65, 0x39, 0x65, 0x39,
    0x65, 0x39, 0x65, 0x39, 0x65, 0x39, 0x65, 0x39, 0x65, 0x39, 0x65, 0x39,
    0x4d, 0x73, 0xeb, 0x62, 0xc7, 0x41, 0x65, 0x39, 0x65, 0x39, 0x65, 0x39,
    0x65, 0x39, 0xe5, 0x4b, 0x65, 0x39, 0x65, 0x39, 0x65, 0x39, 0x65, 0x39,
    0x65, 0x39, 0x65, 0x39, 0x65, 0x39, 0x65, 0x39, 0x65, 0x39, 0x65, 0x39,
    0x65, 0x39, 0x65, 0x39, 0x55, 0xad, 0xbb, 0xde, 0x10, 0x84, 0x34, 0xad,
    0x45, 0x31, 0x65, 0x39, 0xe5, 0x4b, 0x65, 0x39, 0xe5, 0x4b, 0x65, 0x39,
    0x65, 0x39, 0x65, 0x39, 0x65, 0x39, 0x65, 0x39, 0x65, 0x39, 0x65, 0x39,
    0x65, 0x39, 0x65, 0x39, 0x65, 0x39, 0x65, 0x39, 0xf7, 0xc5, 0x9a, 0xd6,
    0x34, 0xad, 0x59, 0xce, 0x45, 0x31, 0x65, 0x39, 0x65, 0x39, 0xe5, 0x4b,
    0x65, 0x39, 0x65, 0x39, 0x65, 0x39, 0x65, 0x39, 0x65, 0x39, 0x65, 0x39,
    0x65, 0x39, 0x65, 0x39, 0x65, 0x39, 0x65, 0x39, 0x65, 0x39, 0x65, 0x39,
    0x45, 0x31, 0x45, 0x31, 0x45, 0x31, 0x45, 0x31, 0x45, 0x39, 0x65, 0x39,
    0xe5, 0x4b, 0x65, 0x39, 0xe5, 0x4b, 0x65, 0x39, 0x65, 0x39, 0x65, 0x39,
    0x65, 0x39, 0x65, 0x39, 0x65, 0x39, 0x65, 0x39, 0x65, 0x39, 0x65, 0x39,
    0x65, 0x39, 0x65, 0x39, 0x65, 0x39, 0x65, 0x39, 0x65, 0x39, 0x65, 0x39,
    0x65, 0x39, 0x65, 0x39, 0x65, 0x39, 0xe5, 0x4b, 0x65, 0x39, 0x65, 0x39,
    0x65, 0x39, 0x65, 0x39, 0x65, 0x39, 0x65, 0x39, 0x65, 0x39, 0x65, 0x39,
    0x65, 0x39, 0x65, 0x39, 0x65, 0x39, 0x65, 0x39, 0x65, 0x39, 0x65, 0x39,
    0x65, 0x39, 0x65, 0x39, 0x65, 0x39, 0x65, 0x39, 0xe5, 0x4b, 0x65, 0x39,
    0xe5, 0x4b, 0x65, 0x39, 0x65, 0x39, 0x65, 0x39, 0x65, 0x39, 0x65, 0x39,
    0x65, 0x39, 0x65, 0x39, 0x65, 0x39, 0x65, 0x39, 0x65, 0x39, 0x65, 0x39,
    0x65, 0x39, 0x65, 0x39, 0x06, 0x3b, 0x67, 0x3c, 0x65, 0x39, 0x65, 0x39,
    0x65, 0x39, 0xe5, 0x4b, 0x65, 0x39, 0x65, 0x39, 0x65, 0x39, 0x65, 0x39,
    0x65, 0x39, 0x65, 0x39, 0x65, 0x39, 0x65, 0x39, 0x65, 0x39, 0x65, 0x39,
    0x65, 0x39, 0x65, 0x39, 0x65, 0x39, 0x65, 0x39, 0x29, 0x46, 0x6a, 0x3f,
    0x27, 0x34, 0xe7, 0x33, 0x06, 0x4d, 0x65, 0x39, 0x25, 0x55, 0x65, 0x39,
    0xe5, 0x4b, 0x65, 0x39, 0xe5, 0x4b, 0x65, 0x39, 0xe5, 0x4b, 0x65, 0x39,
    0xe5, 0x4b, 0x65, 0x39, 0x65, 0x39, 0x65, 0x39, 0x65, 0x39, 0x65, 0x39,
    0x29, 0x46, 0x6a, 0x3f, 0x89, 0x35, 0x52, 0x3b, 0x55, 0x3a, 0xe8, 0x44,
    0x65, 0x39, 0xe5, 0x4b, 0x65, 0x39, 0xe5, 0x4b, 0x65, 0x39, 0xe5, 0x4b,
    0x65, 0x39, 0xe5, 0x4b, 0x65, 0x39, 0xe5, 0x4b, 0x65, 0x39, 0x65, 0x39,
    0x65, 0x39, 0x65, 0x39, 0xa8, 0x44, 0xe7, 0x3a, 0x55, 0x3a, 0x7f, 0x4a,
    0x7f, 0x4a, 0x55, 0x3a, 0x06, 0x4d, 0x65, 0x39, 0xe5, 0x4b, 0x65, 0x39,
    0xe5, 0x4b, 0x65, 0x39, 0xe5, 0x4b, 0x65, 0x39, 0xe5, 0x4b, 0x65, 0x39,
    0x65, 0x39, 0x65, 0x39, 0x65, 0x39, 0x65, 0x39, 0x65, 0x39, 0x66, 0x31,
    0x55, 0x3a, 0x7f, 0x4a, 0x7f, 0x4a, 0x4f, 0x34, 0xa7, 0x32, 0x65, 0x39,
    0x65, 0x39, 0x65, 0x39, 0x65, 0x39, 0x65, 0x39, 0x65, 0x39, 0x65, 0x39,
    0x65, 0x39, 0x65, 0x39, 0x65, 0x39, 0x65, 0x39, 0x65, 0x39, 0x65, 0x39,
    0x65, 0x39, 0x65, 0x39, 0xa8, 0x31, 0x55, 0x3a, 0x55, 0x3a, 0x48, 0x34,
    0x88, 0x35, 0x65, 0x39, 0x65, 0x39, 0x65, 0x39, 0x65, 0x39, 0x65, 0x39,
    0x65, 0x39, 0x65, 0x39, 0x65, 0x39, 0x65, 0x39, 0x65, 0x39, 0x65, 0x39,
    0x65, 0x39, 0x65, 0x39, 0x65, 0x39, 0x65, 0x39, 0x65, 0x39, 0x66, 0x31,
    0x68, 0x3c, 0x6a, 0x3f, 0x69, 0x3f, 0xe6, 0x3a, 0x65, 0x39, 0x65, 0x39,
    0x2d, 0x73, 0x0c, 0x6b, 0xa6, 0x41, 0x65, 0x39, 0x65, 0x39, 0x65, 0x39,
    0x65, 0x39, 0x65, 0x39, 0x65, 0x39, 0x65, 0x39, 0x65, 0x39, 0x65, 0x39,
    0x65, 0x39, 0x65, 0x39, 0x06, 0x3b, 0x49, 0x46, 0x29, 0x46, 0xa8, 0x44,
    0x65, 0x39, 0x65, 0x39, 0x75, 0xb5, 0x59, 0xce, 0x10, 0x84, 0x34, 0xad,
    0x45, 0x31, 0x65, 0x39, 0x65, 0x39, 0x65, 0x39, 0x65, 0x39, 0x65, 0x39,
    0x65, 0x39, 0x65, 0x39, 0x65, 0x39, 0x65, 0x39, 0x65, 0x39, 0x65, 0x39,
    0x65, 0x39, 0x65, 0x39, 0x65, 0x39, 0x65, 0x39, 0xaa, 0x62, 0x34, 0xad,
    0x14, 0xa5, 0x59, 0xce, 0x45, 0x31, 0x65, 0x39, 0x65, 0x39, 0x65, 0x39,
    0x65, 0x39, 0x65, 0x39, 0x65, 0x39, 0x65, 0x39, 0x65, 0x39, 0x65, 0x39,
    0x65, 0x39, 0x65, 0x39, 0x65, 0x39, 0x65, 0x39, 0x65, 0x39, 0x65, 0x39,
    0x45, 0x39, 0x45, 0x31, 0x45, 0x31, 0x45, 0x31, 0x45, 0x39, 0x65, 0x39,
    0x65, 0x39, 0x65, 0x39, 0x65, 0x39, 0x65, 0x39, 0x65, 0x39, 0x65, 0x39,
    0x65, 0x39, 0x65, 0x39, 0x65, 0x39, 0x65, 0x39, 0x65, 0x39, 0x65, 0x39,
    0x65, 0x39, 0x65, 0x39, 0x65, 0x39, 0x65, 0x39, 0x65, 0x39, 0x65, 0x39,
    0x65, 0x39, 0x65, 0x39, 0x65, 0x39, 0x65, 0x39, 0x65, 0x39, 0x65, 0x39,
    0x65, 0x39, 0x65, 0x39, 0x65, 0x39, 0x65, 0x39, 0x65, 0x39, 0x65, 0x39,
    0x65, 0x39, 0x65, 0x39, 0x65, 0x39, 0x65, 0x39, 0x65, 0x39, 0x65, 0x39,
    0x65, 0x39, 0x65, 0x39, 0x65, 0x39, 0x65, 0x39
};

const lv_image_dsc_t img_probe_out_6 = {
  .header = {
    .magic = LV_IMAGE_HEADER_MAGIC,
    .cf = LV_COLOR_FORMAT_RGB565,
    .flags = 0,
    .w = 20,
    .h = 20,
    .stride = 40,
    .reserved_2 = 0,
  },
  .data_size = sizeof(img_probe_out_6_map),
  .data = img_probe_out_6_map,
  .reserved = NULL,
};
#else // Fallback for TFT_WIDTH <= 0
// Fallback 20x20 version
static const LV_ATTRIBUTE_MEM_ALIGN LV_ATTRIBUTE_LARGE_CONST LV_ATTRIBUTE_IMG_IMG_PROBE_OUT_6
uint8_t img_probe_out_6_map[] = {
0x65, 0x39, 0x65, 0x39, 0x65, 0x39, 0x65, 0x39, 0x65, 0x39, 0x65, 0x39,
    0x65, 0x39, 0x65, 0x39, 0x65, 0x39, 0xe5, 0x4b, 0x65, 0x39, 0x65, 0x39,
    0x65, 0x39, 0x65, 0x39, 0x65, 0x39, 0x65, 0x39, 0x65, 0x39, 0x65, 0x39,
    0x65, 0x39, 0x65, 0x39, 0x65, 0x39, 0x65, 0x39, 0x65, 0x39, 0x65, 0x39,
    0x65, 0x39, 0x65, 0x39, 0x65, 0x39, 0x65, 0x39, 0xe5, 0x4b, 0x65, 0x39,
    0xe5, 0x4b, 0x65, 0x39, 0x65, 0x39, 0x65, 0x39, 0x65, 0x39, 0x65, 0x39,
    0x65, 0x39, 0x65, 0x39, 0x65, 0x39, 0x65, 0x39, 0x65, 0x39, 0x65, 0x39,
    0x4d, 0x73, 0xeb, 0x62, 0xc7, 0x41, 0x65, 0x39, 0x65, 0x39, 0x65, 0x39,
    0x65, 0x39, 0xe5, 0x4b, 0x65, 0x39, 0x65, 0x39, 0x65, 0x39, 0x65, 0x39,
    0x65, 0x39, 0x65, 0x39, 0x65, 0x39, 0x65, 0x39, 0x65, 0x39, 0x65, 0x39,
    0x65, 0x39, 0x65, 0x39, 0x55, 0xad, 0xbb, 0xde, 0x10, 0x84, 0x34, 0xad,
    0x45, 0x31, 0x65, 0x39, 0xe5, 0x4b, 0x65, 0x39, 0xe5, 0x4b, 0x65, 0x39,
    0x65, 0x39, 0x65, 0x39, 0x65, 0x39, 0x65, 0x39, 0x65, 0x39, 0x65, 0x39,
    0x65, 0x39, 0x65, 0x39, 0x65, 0x39, 0x65, 0x39, 0xf7, 0xc5, 0x9a, 0xd6,
    0x34, 0xad, 0x59, 0xce, 0x45, 0x31, 0x65, 0x39, 0x65, 0x39, 0xe5, 0x4b,
    0x65, 0x39, 0x65, 0x39, 0x65, 0x39, 0x65, 0x39, 0x65, 0x39, 0x65, 0x39,
    0x65, 0x39, 0x65, 0x39, 0x65, 0x39, 0x65, 0x39, 0x65, 0x39, 0x65, 0x39,
    0x45, 0x31, 0x45, 0x31, 0x45, 0x31, 0x45, 0x31, 0x45, 0x39, 0x65, 0x39,
    0xe5, 0x4b, 0x65, 0x39, 0xe5, 0x4b, 0x65, 0x39, 0x65, 0x39, 0x65, 0x39,
    0x65, 0x39, 0x65, 0x39, 0x65, 0x39, 0x65, 0x39, 0x65, 0x39, 0x65, 0x39,
    0x65, 0x39, 0x65, 0x39, 0x65, 0x39, 0x65, 0x39, 0x65, 0x39, 0x65, 0x39,
    0x65, 0x39, 0x65, 0x39, 0x65, 0x39, 0xe5, 0x4b, 0x65, 0x39, 0x65, 0x39,
    0x65, 0x39, 0x65, 0x39, 0x65, 0x39, 0x65, 0x39, 0x65, 0x39, 0x65, 0x39,
    0x65, 0x39, 0x65, 0x39, 0x65, 0x39, 0x65, 0x39, 0x65, 0x39, 0x65, 0x39,
    0x65, 0x39, 0x65, 0x39, 0x65, 0x39, 0x65, 0x39, 0xe5, 0x4b, 0x65, 0x39,
    0xe5, 0x4b, 0x65, 0x39, 0x65, 0x39, 0x65, 0x39, 0x65, 0x39, 0x65, 0x39,
    0x65, 0x39, 0x65, 0x39, 0x65, 0x39, 0x65, 0x39, 0x65, 0x39, 0x65, 0x39,
    0x65, 0x39, 0x65, 0x39, 0x06, 0x3b, 0x67, 0x3c, 0x65, 0x39, 0x65, 0x39,
    0x65, 0x39, 0xe5, 0x4b, 0x65, 0x39, 0x65, 0x39, 0x65, 0x39, 0x65, 0x39,
    0x65, 0x39, 0x65, 0x39, 0x65, 0x39, 0x65, 0x39, 0x65, 0x39, 0x65, 0x39,
    0x65, 0x39, 0x65, 0x39, 0x65, 0x39, 0x65, 0x39, 0x29, 0x46, 0x6a, 0x3f,
    0x27, 0x34, 0xe7, 0x33, 0x06, 0x4d, 0x65, 0x39, 0x25, 0x55, 0x65, 0x39,
    0xe5, 0x4b, 0x65, 0x39, 0xe5, 0x4b, 0x65, 0x39, 0xe5, 0x4b, 0x65, 0x39,
    0xe5, 0x4b, 0x65, 0x39, 0x65, 0x39, 0x65, 0x39, 0x65, 0x39, 0x65, 0x39,
    0x29, 0x46, 0x6a, 0x3f, 0x89, 0x35, 0x52, 0x3b, 0x55, 0x3a, 0xe8, 0x44,
    0x65, 0x39, 0xe5, 0x4b, 0x65, 0x39, 0xe5, 0x4b, 0x65, 0x39, 0xe5, 0x4b,
    0x65, 0x39, 0xe5, 0x4b, 0x65, 0x39, 0xe5, 0x4b, 0x65, 0x39, 0x65, 0x39,
    0x65, 0x39, 0x65, 0x39, 0xa8, 0x44, 0xe7, 0x3a, 0x55, 0x3a, 0x7f, 0x4a,
    0x7f, 0x4a, 0x55, 0x3a, 0x06, 0x4d, 0x65, 0x39, 0xe5, 0x4b, 0x65, 0x39,
    0xe5, 0x4b, 0x65, 0x39, 0xe5, 0x4b, 0x65, 0x39, 0xe5, 0x4b, 0x65, 0x39,
    0x65, 0x39, 0x65, 0x39, 0x65, 0x39, 0x65, 0x39, 0x65, 0x39, 0x66, 0x31,
    0x55, 0x3a, 0x7f, 0x4a, 0x7f, 0x4a, 0x4f, 0x34, 0xa7, 0x32, 0x65, 0x39,
    0x65, 0x39, 0x65, 0x39, 0x65, 0x39, 0x65, 0x39, 0x65, 0x39, 0x65, 0x39,
    0x65, 0x39, 0x65, 0x39, 0x65, 0x39, 0x65, 0x39, 0x65, 0x39, 0x65, 0x39,
    0x65, 0x39, 0x65, 0x39, 0xa8, 0x31, 0x55, 0x3a, 0x55, 0x3a, 0x48, 0x34,
    0x88, 0x35, 0x65, 0x39, 0x65, 0x39, 0x65, 0x39, 0x65, 0x39, 0x65, 0x39,
    0x65, 0x39, 0x65, 0x39, 0x65, 0x39, 0x65, 0x39, 0x65, 0x39, 0x65, 0x39,
    0x65, 0x39, 0x65, 0x39, 0x65, 0x39, 0x65, 0x39, 0x65, 0x39, 0x66, 0x31,
    0x68, 0x3c, 0x6a, 0x3f, 0x69, 0x3f, 0xe6, 0x3a, 0x65, 0x39, 0x65, 0x39,
    0x2d, 0x73, 0x0c, 0x6b, 0xa6, 0x41, 0x65, 0x39, 0x65, 0x39, 0x65, 0x39,
    0x65, 0x39, 0x65, 0x39, 0x65, 0x39, 0x65, 0x39, 0x65, 0x39, 0x65, 0x39,
    0x65, 0x39, 0x65, 0x39, 0x06, 0x3b, 0x49, 0x46, 0x29, 0x46, 0xa8, 0x44,
    0x65, 0x39, 0x65, 0x39, 0x75, 0xb5, 0x59, 0xce, 0x10, 0x84, 0x34, 0xad,
    0x45, 0x31, 0x65, 0x39, 0x65, 0x39, 0x65, 0x39, 0x65, 0x39, 0x65, 0x39,
    0x65, 0x39, 0x65, 0x39, 0x65, 0x39, 0x65, 0x39, 0x65, 0x39, 0x65, 0x39,
    0x65, 0x39, 0x65, 0x39, 0x65, 0x39, 0x65, 0x39, 0xaa, 0x62, 0x34, 0xad,
    0x14, 0xa5, 0x59, 0xce, 0x45, 0x31, 0x65, 0x39, 0x65, 0x39, 0x65, 0x39,
    0x65, 0x39, 0x65, 0x39, 0x65, 0x39, 0x65, 0x39, 0x65, 0x39, 0x65, 0x39,
    0x65, 0x39, 0x65, 0x39, 0x65, 0x39, 0x65, 0x39, 0x65, 0x39, 0x65, 0x39,
    0x45, 0x39, 0x45, 0x31, 0x45, 0x31, 0x45, 0x31, 0x45, 0x39, 0x65, 0x39,
    0x65, 0x39, 0x65, 0x39, 0x65, 0x39, 0x65, 0x39, 0x65, 0x39, 0x65, 0x39,
    0x65, 0x39, 0x65, 0x39, 0x65, 0x39, 0x65, 0x39, 0x65, 0x39, 0x65, 0x39,
    0x65, 0x39, 0x65, 0x39, 0x65, 0x39, 0x65, 0x39, 0x65, 0x39, 0x65, 0x39,
    0x65, 0x39, 0x65, 0x39, 0x65, 0x39, 0x65, 0x39, 0x65, 0x39, 0x65, 0x39,
    0x65, 0x39, 0x65, 0x39, 0x65, 0x39, 0x65, 0x39, 0x65, 0x39, 0x65, 0x39,
    0x65, 0x39, 0x65, 0x39, 0x65, 0x39, 0x65, 0x39, 0x65, 0x39, 0x65, 0x39,
    0x65, 0x39, 0x65, 0x39, 0x65, 0x39, 0x65, 0x39
};

const lv_image_dsc_t img_probe_out_6 = {
  .header = {
    .magic = LV_IMAGE_HEADER_MAGIC,
    .cf = LV_COLOR_FORMAT_RGB565,
    .flags = 0,
    .w = 20,
    .h = 20,
    .stride = 40,
    .reserved_2 = 0,
  },
  .data_size = sizeof(img_probe_out_6_map),
  .data = img_probe_out_6_map,
  .reserved = NULL,
};

#endif /*TFT_WIDTH*/

