#if defined(LV_LVGL_H_INCLUDE_SIMPLE)
#include "lvgl.h"
#elif defined(LV_LVGL_H_INCLUDE_SYSTEM)
#include <lvgl.h>
#elif defined(LV_BUILD_TEST)
#include "../lvgl.h"
#else
#include "lvgl/lvgl.h"
#endif

#ifndef LV_ATTRIBUTE_MEM_ALIGN
#define LV_ATTRIBUTE_MEM_ALIGN
#endif

#ifndef LV_ATTRIBUTE_IMG_IMG_PROBE_ICON_0
#define LV_ATTRIBUTE_IMG_IMG_PROBE_ICON_0
#endif

static const LV_ATTRIBUTE_MEM_ALIGN LV_ATTRIBUTE_LARGE_CONST LV_ATTRIBUTE_IMG_IMG_PROBE_ICON_0
uint8_t img_probe_icon_0_map[] = {
0x9e, 0xf7, 0x9e, 0xf7, 0x9e, 0xf7, 0x9e, 0xf7, 0x9e, 0xf7, 0x9e, 0xf7,
    0x9e, 0xf7, 0x9e, 0xf7, 0x9e, 0xf7, 0x9e, 0xf7, 0x9e, 0xf7, 0x9e, 0xf7,
    0x9e, 0xf7, 0x9e, 0xf7, 0x9e, 0xf7, 0x9e, 0xf7, 0x9e, 0xf7, 0x9e, 0xf7,
    0x9e, 0xf7, 0x9e, 0xf7, 0x9e, 0xf7, 0x9e, 0xf7, 0x9e, 0xf7, 0x9e, 0xf7,
    0x9e, 0xf7, 0x9e, 0xf7, 0x9e, 0xf7, 0x9e, 0xf7, 0x9e, 0xf7, 0x9e, 0xf7,
    0x9e, 0xf7, 0x9e, 0xf7, 0x9e, 0xf7, 0x9e, 0xf7, 0x9e, 0xf7, 0x9e, 0xf7,
    0x9e, 0xf7, 0x9e, 0xf7, 0x9e, 0xf7, 0x9e, 0xf7, 0x9e, 0xf7, 0x9e, 0xf7,
    0x9e, 0xf7, 0x9e, 0xf7, 0x9e, 0xf7, 0x9e, 0xf7, 0x9e, 0xf7, 0x9e, 0xf7,
    0x9e, 0xf7, 0x9e, 0xf7, 0x9e, 0xf7, 0x9e, 0xf7, 0x9e, 0xf7, 0x9e, 0xf7,
    0x9e, 0xf7, 0x9e, 0xf7, 0x9e, 0xf7, 0x9e, 0xf7, 0x9e, 0xf7, 0x9e, 0xf7,
    0x9e, 0xf7, 0x9e, 0xf7, 0x9e, 0xf7, 0x9e, 0xf7, 0x9e, 0xf7, 0x9e, 0xf7,
    0x9e, 0xf7, 0x9e, 0xf7, 0x9e, 0xf7, 0x9e, 0xf7, 0x9e, 0xf7, 0x9e, 0xf7,
    0x9e, 0xf7, 0x9e, 0xf7, 0x9e, 0xf7, 0x9e, 0xf7, 0x9e, 0xf7, 0x9e, 0xf7,
    0x9e, 0xf7, 0x9e, 0xf7, 0x9e, 0xf7, 0x9e, 0xf7, 0x9e, 0xf7, 0x9e, 0xf7,
    0x9e, 0xf7, 0x9e, 0xf7, 0x9e, 0xf7, 0x9e, 0xf7, 0x9e, 0xf7, 0x9e, 0xf7,
    0x9e, 0xf7, 0x9e, 0xf7, 0x9e, 0xf7, 0x9e, 0xf7, 0x9e, 0xf7, 0x9e, 0xf7,
    0x9e, 0xf7, 0x9e, 0xf7, 0x9e, 0xf7, 0x9e, 0xf7, 0x9e, 0xf7, 0x9e, 0xf7,
    0x9e, 0xf7, 0x9e, 0xf7, 0x9e, 0xf7, 0x9e, 0xf7, 0x9e, 0xf7, 0x9e, 0xf7,
    0x9e, 0xf7, 0x9e, 0xf7, 0x9e, 0xf7, 0x9e, 0xf7, 0x9e, 0xf7, 0x9e, 0xf7,
    0x9e, 0xf7, 0x9e, 0xf7, 0x9e, 0xf7, 0x9e, 0xf7, 0x9e, 0xf7, 0x9e, 0xf7,
    0x9e, 0xf7, 0x9e, 0xf7, 0x9e, 0xf7, 0x9e, 0xf7, 0x9e, 0xf7, 0x9e, 0xf7,
    0x9e, 0xf7, 0x9e, 0xf7, 0x9e, 0xf7, 0x9e, 0xf7, 0x9e, 0xf7, 0x9e, 0xf7,
    0x9e, 0xf7, 0x9e, 0xf7, 0x9e, 0xf7, 0x9e, 0xf7, 0x9e, 0xf7, 0x9e, 0xf7,
    0x9e, 0xf7, 0x9e, 0xf7, 0x9e, 0xf7, 0x9e, 0xf7, 0x9e, 0xf7, 0x9e, 0xf7,
    0x9e, 0xf7, 0x9e, 0xf7, 0x9e, 0xf7, 0x9e, 0xf7, 0x9e, 0xf7, 0x9e, 0xf7,
    0x9e, 0xf7, 0x9e, 0xf7, 0x9e, 0xf7, 0x9e, 0xf7, 0x9e, 0xf7, 0x9e, 0xf7,
    0x9e, 0xf7, 0x9e, 0xf7, 0x9e, 0xf7, 0x9e, 0xf7, 0x9e, 0xf7, 0x9e, 0xf7,
    0x9e, 0xf7, 0x9e, 0xf7, 0x9e, 0xf7, 0x9e, 0xf7, 0x9e, 0xf7, 0x9e, 0xf7,
    0x9e, 0xf7, 0x9e, 0xf7, 0x9e, 0xf7, 0x9e, 0xf7, 0x9e, 0xf7, 0x9e, 0xf7,
    0x9e, 0xf7, 0x9e, 0xf7, 0x9e, 0xf7, 0x9e, 0xf7, 0x9e, 0xf7, 0x9e, 0xf7,
    0x9e, 0xf7, 0x9e, 0xf7, 0x9e, 0xf7, 0x9e, 0xf7, 0x9e, 0xf7, 0x9e, 0xf7,
    0x9e, 0xf7, 0x9e, 0xf7, 0x9e, 0xf7, 0x9e, 0xf7, 0x9e, 0xf7, 0x9e, 0xf7,
    0x9e, 0xf7, 0x9e, 0xf7, 0x9e, 0xf7, 0x9e, 0xf7, 0x9e, 0xf7, 0x9e, 0xf7,
    0x9e, 0xf7, 0x9e, 0xf7, 0x9e, 0xf7, 0x9e, 0xf7, 0x9e, 0xf7, 0x9e, 0xf7,
    0x9e, 0xf7, 0x9e, 0xf7, 0x9e, 0xf7, 0x9e, 0xf7, 0x9e, 0xf7, 0x9e, 0xf7,
    0x9e, 0xf7, 0x9e, 0xf7, 0x9e, 0xf7, 0x9e, 0xf7, 0x9e, 0xf7, 0x9e, 0xf7,
    0x9e, 0xf7, 0x9e, 0xf7, 0x9e, 0xf7, 0x9e, 0xf7, 0x9e, 0xf7, 0x9e, 0xf7,
    0x9e, 0xf7, 0x9e, 0xf7, 0x9e, 0xf7, 0x9e, 0xf7, 0x9e, 0xf7, 0x9e, 0xf7,
    0x9e, 0xf7, 0x9e, 0xf7, 0x9e, 0xf7, 0x9e, 0xf7, 0x9e, 0xf7, 0x9e, 0xf7,
    0x9e, 0xf7, 0x9e, 0xf7, 0x9e, 0xf7, 0x9e, 0xf7, 0x9e, 0xf7, 0x9e, 0xf7,
    0x9e, 0xf7, 0x9e, 0xf7, 0x9e, 0xf7, 0x9e, 0xf7, 0x9e, 0xf7, 0x9e, 0xf7,
    0x9e, 0xf7, 0x9e, 0xf7, 0x9e, 0xf7, 0x9e, 0xf7, 0x9e, 0xf7, 0x9e, 0xf7,
    0x9e, 0xf7, 0x9e, 0xf7, 0x9e, 0xf7, 0x9e, 0xf7, 0x9e, 0xf7, 0x9e, 0xf7,
    0x9e, 0xf7, 0x9e, 0xf7, 0x9e, 0xf7, 0x9e, 0xf7, 0x9e, 0xf7, 0x9e, 0xf7,
    0x9e, 0xf7, 0x9e, 0xf7, 0x9e, 0xf7, 0x9e, 0xf7, 0x9e, 0xf7, 0x9e, 0xf7,
    0x9e, 0xf7, 0x9e, 0xf7, 0x9e, 0xf7, 0x9e, 0xf7, 0x9e, 0xf7, 0x9e, 0xf7,
    0x9e, 0xf7, 0x9e, 0xf7, 0x9e, 0xf7, 0x9e, 0xf7, 0x9e, 0xf7, 0x9e, 0xf7,
    0x9e, 0xf7, 0x9e, 0xf7, 0x9e, 0xf7, 0x9e, 0xf7, 0x9e, 0xf7, 0x9e, 0xf7,
    0x9e, 0xf7, 0x9e, 0xf7, 0x9e, 0xf7, 0x9e, 0xf7, 0x9e, 0xf7, 0x9e, 0xf7,
    0x9e, 0xf7, 0x9e, 0xf7, 0x9e, 0xf7, 0x9e, 0xf7, 0x9e, 0xf7, 0x9e, 0xf7,
    0x9e, 0xf7, 0x9e, 0xf7, 0x9e, 0xf7, 0x9e, 0xf7, 0x9e, 0xf7, 0x9e, 0xf7,
    0x9e, 0xf7, 0x9e, 0xf7, 0x9e, 0xf7, 0x9e, 0xf7, 0x9e, 0xf7, 0x9e, 0xf7,
    0x9e, 0xf7, 0x9e, 0xf7, 0x9e, 0xf7, 0x9e, 0xf7, 0x9e, 0xf7, 0x9e, 0xf7,
    0x9e, 0xf7, 0x9e, 0xf7, 0x9e, 0xf7, 0x9e, 0xf7, 0x9e, 0xf7, 0x9e, 0xf7,
    0x9e, 0xf7, 0x9e, 0xf7, 0x9e, 0xf7, 0x9e, 0xf7, 0x9e, 0xf7, 0x9e, 0xf7,
    0x9e, 0xf7, 0x9e, 0xf7, 0x9e, 0xf7, 0x9e, 0xf7, 0x9e, 0xf7, 0x9e, 0xf7,
    0x9e, 0xf7, 0x9e, 0xf7, 0x9e, 0xf7, 0x9e, 0xf7, 0x9e, 0xf7, 0x9e, 0xf7,
    0x9e, 0xf7, 0x9e, 0xf7, 0x9e, 0xf7, 0x9e, 0xf7, 0x9e, 0xf7, 0x9e, 0xf7,
    0x9e, 0xf7, 0x9e, 0xf7, 0x9e, 0xf7, 0x9e, 0xf7, 0x9e, 0xf7, 0x9e, 0xf7,
    0x9e, 0xf7, 0x9e, 0xf7, 0x9e, 0xf7, 0x9e, 0xf7, 0x9e, 0xf7, 0x9e, 0xf7,
    0x9e, 0xf7, 0x9e, 0xf7, 0x9e, 0xf7, 0x9e, 0xf7, 0x9e, 0xf7, 0x9e, 0xf7,
    0x9e, 0xf7, 0x9e, 0xf7, 0x9e, 0xf7, 0x9e, 0xf7, 0x9e, 0xf7, 0x9e, 0xf7,
    0x9e, 0xf7, 0x9e, 0xf7, 0x9e, 0xf7, 0x9e, 0xf7, 0x9e, 0xf7, 0x9e, 0xf7,
    0x9e, 0xf7, 0x9e, 0xf7, 0x9e, 0xf7, 0x9e, 0xf7, 0x9e, 0xf7, 0x9e, 0xf7,
    0x9e, 0xf7, 0x9e, 0xf7, 0x9e, 0xf7, 0x9e, 0xf7, 0x9e, 0xf7, 0x9e, 0xf7,
    0x9e, 0xf7, 0x9e, 0xf7, 0x9e, 0xf7, 0x9e, 0xf7, 0x9e, 0xf7, 0x9e, 0xf7,
    0x9e, 0xf7, 0x9e, 0xf7, 0x9e, 0xf7, 0x9e, 0xf7, 0x9e, 0xf7, 0x9e, 0xf7,
    0x9e, 0xf7, 0x9e, 0xf7, 0x9e, 0xf7, 0x9e, 0xf7, 0x9e, 0xf7, 0x9e, 0xf7,
    0x9e, 0xf7, 0x9e, 0xf7, 0x9e, 0xf7, 0x9e, 0xf7, 0x9e, 0xf7, 0x9e, 0xf7,
    0x9e, 0xf7, 0x9e, 0xf7, 0x9e, 0xf7, 0x9e, 0xf7, 0x9e, 0xf7, 0x9e, 0xf7,
    0x9e, 0xf7, 0x9e, 0xf7, 0x9e, 0xf7, 0x9e, 0xf7, 0x9e, 0xf7, 0x9e, 0xf7,
    0x9e, 0xf7, 0x9e, 0xf7, 0x9e, 0xf7, 0x9e, 0xf7, 0x9e, 0xf7, 0x9e, 0xf7,
    0x9e, 0xf7, 0x9e, 0xf7, 0x9e, 0xf7, 0x9e, 0xf7, 0x9e, 0xf7, 0x9e, 0xf7,
    0x9e, 0xf7, 0x9e, 0xf7, 0x9e, 0xf7, 0x9e, 0xf7, 0x9e, 0xf7, 0x9e, 0xf7,
    0x9e, 0xf7, 0x9e, 0xf7, 0x9e, 0xf7, 0x9e, 0xf7, 0x9e, 0xf7, 0x9e, 0xf7,
    0x9e, 0xf7, 0x9e, 0xf7, 0x9e, 0xf7, 0x9e, 0xf7, 0x9e, 0xf7, 0x9e, 0xf7,
    0x9e, 0xf7, 0x9e, 0xf7, 0x9e, 0xf7, 0x9e, 0xf7, 0x9e, 0xf7, 0x9e, 0xf7,
    0x9e, 0xf7, 0x9e, 0xf7, 0x9e, 0xf7, 0x9e, 0xf7, 0x9e, 0xf7, 0x9e, 0xf7,
    0x9e, 0xf7, 0x9e, 0xf7, 0x9e, 0xf7, 0x9e, 0xf7, 0x9e, 0xf7, 0x9e, 0xf7,
    0x9e, 0xf7, 0x9e, 0xf7, 0x9e, 0xf7, 0x9e, 0xf7, 0x9e, 0xf7, 0x9e, 0xf7,
    0x9e, 0xf7, 0x9e, 0xf7, 0x9e, 0xf7, 0x9e, 0xf7, 0x9e, 0xf7, 0x9e, 0xf7,
    0x9e, 0xf7, 0x9e, 0xf7, 0x9e, 0xf7, 0x9e, 0xf7, 0x9e, 0xf7, 0x9e, 0xf7,
    0x9e, 0xf7, 0x9e, 0xf7, 0x9e, 0xf7, 0x9e, 0xf7, 0x9e, 0xf7, 0x9e, 0xf7,
    0x9e, 0xf7, 0x9e, 0xf7, 0x9e, 0xf7, 0x9e, 0xf7, 0x9e, 0xf7, 0x9e, 0xf7,
    0x9e, 0xf7, 0x9e, 0xf7, 0x9e, 0xf7, 0x9e, 0xf7, 0x9e, 0xf7, 0x9e, 0xf7,
    0x9e, 0xf7, 0x9e, 0xf7, 0x9e, 0xf7, 0x9e, 0xf7, 0x9e, 0xf7, 0x9e, 0xf7,
    0x9e, 0xf7, 0x9e, 0xf7, 0x9e, 0xf7, 0x9e, 0xf7, 0x9e, 0xf7, 0x9e, 0xf7,
    0x9e, 0xf7, 0x9e, 0xf7, 0x9e, 0xf7, 0x9e, 0xf7, 0x9e, 0xf7, 0x9e, 0xf7,
    0x9e, 0xf7, 0x9e, 0xf7, 0x9e, 0xf7, 0x9e, 0xf7, 0x9e, 0xf7, 0x9e, 0xf7,
    0x9e, 0xf7, 0x9e, 0xf7, 0x9e, 0xf7, 0x9e, 0xf7, 0x9e, 0xf7, 0x9e, 0xf7,
    0x9e, 0xf7, 0x9e, 0xf7, 0x9e, 0xf7, 0x9e, 0xf7, 0x9e, 0xf7, 0x9e, 0xf7,
    0x9e, 0xf7, 0x9e, 0xf7, 0x9e, 0xf7, 0x9e, 0xf7, 0x9e, 0xf7, 0x9e, 0xf7,
    0x9e, 0xf7, 0x9e, 0xf7, 0x9e, 0xf7, 0x9e, 0xf7, 0x9e, 0xf7, 0x9e, 0xf7,
    0x9e, 0xf7, 0x9e, 0xf7, 0x9e, 0xf7, 0x9e, 0xf7, 0x9e, 0xf7, 0x9e, 0xf7,
    0x9e, 0xf7, 0x9e, 0xf7, 0x9e, 0xf7, 0x9e, 0xf7, 0x9e, 0xf7, 0x9e, 0xf7,
    0x9e, 0xf7, 0x9e, 0xf7, 0x9e, 0xf7, 0x9e, 0xf7, 0x9e, 0xf7, 0x9e, 0xf7,
    0x9e, 0xf7, 0x9e, 0xf7, 0x9e, 0xf7, 0x9e, 0xf7, 0x9e, 0xf7, 0x9e, 0xf7,
    0x9e, 0xf7, 0x9e, 0xf7, 0x9e, 0xf7, 0x9e, 0xf7, 0x9e, 0xf7, 0x9e, 0xf7,
    0x9e, 0xf7, 0x9e, 0xf7, 0x9e, 0xf7, 0x9e, 0xf7, 0x9e, 0xf7, 0x9e, 0xf7,
    0x9e, 0xf7, 0x9e, 0xf7, 0x9e, 0xf7, 0x9e, 0xf7, 0x9e, 0xf7, 0x9e, 0xf7,
    0x9e, 0xf7, 0x9e, 0xf7, 0x9e, 0xf7, 0x9e, 0xf7, 0x9e, 0xf7, 0x9e, 0xf7,
    0x9e, 0xf7, 0x9e, 0xf7, 0x9e, 0xf7, 0x9e, 0xf7, 0x9e, 0xf7, 0x9e, 0xf7,
    0x9e, 0xf7, 0x9e, 0xf7, 0x9e, 0xf7, 0x9e, 0xf7, 0x9e, 0xf7, 0x9e, 0xf7,
    0x9e, 0xf7, 0x9e, 0xf7, 0x9e, 0xf7, 0x9e, 0xf7, 0x9e, 0xf7, 0x9e, 0xf7,
    0x9e, 0xf7, 0x9e, 0xf7, 0x9e, 0xf7, 0x9e, 0xf7, 0x9e, 0xf7, 0x9e, 0xf7,
    0x9e, 0xf7, 0x9e, 0xf7, 0x9e, 0xf7, 0x9e, 0xf7, 0x9e, 0xf7, 0x9e, 0xf7,
    0x9e, 0xf7, 0x9e, 0xf7, 0x9e, 0xf7, 0x9e, 0xf7, 0x9e, 0xf7, 0x9e, 0xf7,
    0x9e, 0xf7, 0x9e, 0xf7, 0x9e, 0xf7, 0x9e, 0xf7, 0x9e, 0xf7, 0x9e, 0xf7,
    0x9e, 0xf7, 0x9e, 0xf7, 0x9e, 0xf7, 0x9e, 0xf7, 0x9e, 0xf7, 0x9e, 0xf7,
    0x9e, 0xf7, 0x9e, 0xf7, 0x9e, 0xf7, 0x9e, 0xf7, 0x9e, 0xf7, 0x9e, 0xf7,
    0x9e, 0xf7, 0x9e, 0xf7, 0x9e, 0xf7, 0x9e, 0xf7, 0x9e, 0xf7, 0x9e, 0xf7,
    0x9e, 0xf7, 0x9e, 0xf7, 0x9e, 0xf7, 0x9e, 0xf7, 0x9e, 0xf7, 0x9e, 0xf7,
    0x9e, 0xf7, 0x9e, 0xf7, 0x9e, 0xf7, 0x9e, 0xf7, 0x9e, 0xf7, 0x9e, 0xf7,
    0x9e, 0xf7, 0x9e, 0xf7, 0x9e, 0xf7, 0x9e, 0xf7, 0x9e, 0xf7, 0x9e, 0xf7,
    0x9e, 0xf7, 0x9e, 0xf7, 0x9e, 0xf7, 0x9e, 0xf7, 0x9e, 0xf7, 0x9e, 0xf7,
    0x9e, 0xf7, 0x9e, 0xf7, 0x9e, 0xf7, 0x9e, 0xf7, 0x9e, 0xf7, 0x9e, 0xf7,
    0x9e, 0xf7, 0x9e, 0xf7, 0x9e, 0xf7, 0x9e, 0xf7, 0x9e, 0xf7, 0x9e, 0xf7,
    0x9e, 0xf7, 0x9e, 0xf7, 0x9e, 0xf7, 0x9e, 0xf7, 0x9e, 0xf7, 0x9e, 0xf7,
    0x9e, 0xf7, 0x9e, 0xf7, 0x9e, 0xf7, 0x9e, 0xf7, 0x9e, 0xf7, 0x9e, 0xf7,
    0x9e, 0xf7, 0x9e, 0xf7, 0x9e, 0xf7, 0x9e, 0xf7, 0x9e, 0xf7, 0x9e, 0xf7,
    0x9e, 0xf7, 0x9e, 0xf7, 0x9e, 0xf7, 0x9e, 0xf7, 0x9e, 0xf7, 0x9e, 0xf7,
    0x9e, 0xf7, 0x9e, 0xf7, 0x9e, 0xf7, 0x9e, 0xf7, 0x9e, 0xf7, 0x9e, 0xf7,
    0x9e, 0xf7, 0x9e, 0xf7, 0x9e, 0xf7, 0x9e, 0xf7, 0x9e, 0xf7, 0x9e, 0xf7,
    0x9e, 0xf7, 0x9e, 0xf7, 0x9e, 0xf7, 0x9e, 0xf7, 0x9e, 0xf7, 0x9e, 0xf7,
    0x9e, 0xf7, 0x9e, 0xf7, 0x9e, 0xf7, 0x9e, 0xf7, 0x9e, 0xf7, 0x9e, 0xf7,
    0x9e, 0xf7, 0x9e, 0xf7, 0x9e, 0xf7, 0x9e, 0xf7, 0x9e, 0xf7, 0x9e, 0xf7,
    0x9e, 0xf7, 0x9e, 0xf7, 0x9e, 0xf7, 0x9e, 0xf7, 0x9e, 0xf7, 0x9e, 0xf7,
    0x9e, 0xf7, 0x9e, 0xf7, 0x9e, 0xf7, 0x9e, 0xf7, 0x9e, 0xf7, 0x9e, 0xf7,
    0x9e, 0xf7, 0x9e, 0xf7, 0x9e, 0xf7, 0x9e, 0xf7, 0x9e, 0xf7, 0x9e, 0xf7,
    0x9e, 0xf7, 0x9e, 0xf7, 0x9e, 0xf7, 0x9e, 0xf7, 0x9e, 0xf7, 0x9e, 0xf7,
    0x9e, 0xf7, 0x9e, 0xf7, 0x9e, 0xf7, 0x9e, 0xf7, 0x9e, 0xf7, 0x9e, 0xf7,
    0x9e, 0xf7, 0x9e, 0xf7, 0x9e, 0xf7, 0x9e, 0xf7, 0x9e, 0xf7, 0x9e, 0xf7,
    0x9e, 0xf7, 0x9e, 0xf7, 0x9e, 0xf7, 0x9e, 0xf7, 0x9e, 0xf7, 0x9e, 0xf7,
    0x9e, 0xf7, 0x9e, 0xf7, 0x9e, 0xf7, 0x9e, 0xf7, 0x9e, 0xf7, 0x9e, 0xf7,
    0x9e, 0xf7, 0x9e, 0xf7, 0x9e, 0xf7, 0x9e, 0xf7, 0x9e, 0xf7, 0x9e, 0xf7,
    0x9e, 0xf7, 0x9e, 0xf7, 0x9e, 0xf7, 0x9e, 0xf7, 0x9e, 0xf7, 0x9e, 0xf7,
    0x9e, 0xf7, 0x9e, 0xf7, 0x9e, 0xf7, 0x9e, 0xf7, 0x9e, 0xf7, 0x9e, 0xf7,
    0x9e, 0xf7, 0x9e, 0xf7, 0x9e, 0xf7, 0x9e, 0xf7, 0x9e, 0xf7, 0x9e, 0xf7,
    0x9e, 0xf7, 0x9e, 0xf7, 0x9e, 0xf7, 0x9e, 0xf7, 0x9e, 0xf7, 0x9e, 0xf7,
    0x9e, 0xf7, 0x9e, 0xf7, 0x9e, 0xf7, 0x9e, 0xf7, 0x9e, 0xf7, 0x9e, 0xf7,
    0x9e, 0xf7, 0x9e, 0xf7, 0x9e, 0xf7, 0x9e, 0xf7, 0x9e, 0xf7, 0x9e, 0xf7,
    0x9e, 0xf7, 0x9e, 0xf7, 0x9e, 0xf7, 0x9e, 0xf7, 0x9e, 0xf7, 0x9e, 0xf7,
    0x9e, 0xf7, 0x9e, 0xf7, 0x9e, 0xf7, 0x9e, 0xf7, 0x9e, 0xf7, 0x9e, 0xf7,
    0x9e, 0xf7, 0x9e, 0xf7, 0x9e, 0xf7, 0x9e, 0xf7, 0x9e, 0xf7, 0x9e, 0xf7,
    0x9e, 0xf7, 0x9e, 0xf7, 0x9e, 0xf7, 0x9e, 0xf7, 0x9e, 0xf7, 0x9e, 0xf7,
    0x9e, 0xf7, 0x9e, 0xf7, 0x9e, 0xf7, 0x9e, 0xf7, 0x9e, 0xf7, 0x9e, 0xf7,
    0x9e, 0xf7, 0x9e, 0xf7, 0x9e, 0xf7, 0x9e, 0xf7, 0x9e, 0xf7, 0x9e, 0xf7,
    0x9e, 0xf7, 0x9e, 0xf7, 0x9e, 0xf7, 0x9e, 0xf7, 0x9e, 0xf7, 0x9e, 0xf7,
    0x9e, 0xf7, 0x9e, 0xf7, 0x9e, 0xf7, 0x9e, 0xf7, 0x9e, 0xf7, 0x9e, 0xf7,
    0x9e, 0xf7, 0x9e, 0xf7, 0x9e, 0xf7, 0x9e, 0xf7, 0x9e, 0xf7, 0x9e, 0xf7,
    0x9e, 0xf7, 0x9e, 0xf7, 0x9e, 0xf7, 0x9e, 0xf7, 0x9e, 0xf7, 0x9e, 0xf7,
    0x9e, 0xf7, 0x9e, 0xf7, 0x9e, 0xf7, 0x9e, 0xf7, 0x9e, 0xf7, 0x9e, 0xf7,
    0x9e, 0xf7, 0x9e, 0xf7, 0x9e, 0xf7, 0x9e, 0xf7, 0x9e, 0xf7, 0x9e, 0xf7,
    0x9e, 0xf7, 0x9e, 0xf7, 0x9e, 0xf7, 0x9e, 0xf7, 0x9e, 0xf7, 0x9e, 0xf7,
    0x9e, 0xf7, 0x9e, 0xf7, 0x9e, 0xf7, 0x9e, 0xf7, 0x9e, 0xf7, 0x9e, 0xf7,
    0x9e, 0xf7, 0x9e, 0xf7, 0x9e, 0xf7, 0x9e, 0xf7, 0x9e, 0xf7, 0x9e, 0xf7,
    0x9e, 0xf7, 0x9e, 0xf7, 0x9e, 0xf7, 0x9e, 0xf7, 0x9e, 0xf7, 0x9e, 0xf7,
    0x9e, 0xf7, 0x9e, 0xf7, 0x9e, 0xf7, 0x9e, 0xf7, 0x9e, 0xf7, 0x9e, 0xf7,
    0x9e, 0xf7, 0x9e, 0xf7, 0x9e, 0xf7, 0x9e, 0xf7, 0x9e, 0xf7, 0x9e, 0xf7,
    0x9e, 0xf7, 0x9e, 0xf7, 0x9e, 0xf7, 0x9e, 0xf7, 0x9e, 0xf7, 0x9e, 0xf7,
    0x9e, 0xf7, 0x9e, 0xf7, 0x9e, 0xf7, 0x9e, 0xf7, 0x9e, 0xf7, 0x9e, 0xf7,
    0x9e, 0xf7, 0x9e, 0xf7, 0x9e, 0xf7, 0x9e, 0xf7, 0x9e, 0xf7, 0x9e, 0xf7,
    0x9e, 0xf7, 0x9e, 0xf7, 0x9e, 0xf7, 0x9e, 0xf7, 0x9e, 0xf7, 0x9e, 0xf7,
    0x9e, 0xf7, 0x9e, 0xf7, 0x9e, 0xf7, 0x9e, 0xf7, 0x9e, 0xf7, 0x9e, 0xf7,
    0x9e, 0xf7, 0x9e, 0xf7, 0x9e, 0xf7, 0x9e, 0xf7, 0x9e, 0xf7, 0x9e, 0xf7,
    0x9e, 0xf7, 0x9e, 0xf7, 0x9e, 0xf7, 0x9e, 0xf7, 0x9e, 0xf7, 0x9e, 0xf7,
    0x9e, 0xf7, 0x9e, 0xf7, 0x9e, 0xf7, 0x9e, 0xf7, 0x9e, 0xf7, 0x9e, 0xf7,
    0x9e, 0xf7, 0x9e, 0xf7, 0x9e, 0xf7, 0x9e, 0xf7, 0x9e, 0xf7, 0x9e, 0xf7,
    0x9e, 0xf7, 0x9e, 0xf7, 0x9e, 0xf7, 0x9e, 0xf7, 0x9e, 0xf7, 0x9e, 0xf7,
    0x9e, 0xf7, 0x9e, 0xf7, 0x9e, 0xf7, 0x9e, 0xf7, 0x9e, 0xf7, 0x9e, 0xf7,
    0x9e, 0xf7, 0x9e, 0xf7, 0x9e, 0xf7, 0x9e, 0xf7, 0x9e, 0xf7, 0x9e, 0xf7,
    0x9e, 0xf7, 0x9e, 0xf7, 0x9e, 0xf7, 0x9e, 0xf7, 0x9e, 0xf7, 0x9e, 0xf7,
    0x9e, 0xf7, 0x9e, 0xf7, 0x9e, 0xf7, 0x9e, 0xf7, 0x9e, 0xf7, 0x9e, 0xf7,
    0x9e, 0xf7, 0x9e, 0xf7, 0x9e, 0xf7, 0x9e, 0xf7, 0x9e, 0xf7, 0x9e, 0xf7,
    0x9e, 0xf7, 0x9e, 0xf7, 0x9e, 0xf7, 0x9e, 0xf7, 0x9e, 0xf7, 0x9e, 0xf7,
    0x9e, 0xf7, 0x9e, 0xf7, 0x9e, 0xf7, 0x9e, 0xf7, 0x9e, 0xf7, 0x9e, 0xf7,
    0x9e, 0xf7, 0x9e, 0xf7, 0x9e, 0xf7, 0x9e, 0xf7, 0x9e, 0xf7, 0x9e, 0xf7,
    0x9e, 0xf7, 0x9e, 0xf7, 0x9e, 0xf7, 0x9e, 0xf7, 0x9e, 0xf7, 0x9e, 0xf7,
    0x9e, 0xf7, 0x9e, 0xf7, 0x9e, 0xf7, 0x9e, 0xf7, 0x9e, 0xf7, 0x9e, 0xf7,
    0x9e, 0xf7, 0x9e, 0xf7, 0x9e, 0xf7, 0x9e, 0xf7, 0x9e, 0xf7, 0x9e, 0xf7,
    0x9e, 0xf7, 0x9e, 0xf7, 0x9e, 0xf7, 0x9e, 0xf7, 0x9e, 0xf7, 0x9e, 0xf7,
    0x9e, 0xf7, 0x9e, 0xf7, 0x9e, 0xf7, 0x9e, 0xf7, 0x9e, 0xf7, 0x9e, 0xf7,
    0x9e, 0xf7, 0x9e, 0xf7, 0x9e, 0xf7, 0x9e, 0xf7, 0x9e, 0xf7, 0x9e, 0xf7,
    0x9e, 0xf7, 0x9e, 0xf7, 0x9e, 0xf7, 0x9e, 0xf7, 0x9e, 0xf7, 0x9e, 0xf7,
    0x9e, 0xf7, 0x9e, 0xf7, 0x9e, 0xf7, 0x9e, 0xf7, 0x9e, 0xf7, 0x9e, 0xf7,
    0x9e, 0xf7, 0x9e, 0xf7, 0x9e, 0xf7, 0x9e, 0xf7, 0x9e, 0xf7, 0x9e, 0xf7,
    0x9e, 0xf7, 0x9e, 0xf7, 0x9e, 0xf7, 0x9e, 0xf7, 0x9e, 0xf7, 0x9e, 0xf7,
    0x9e, 0xf7, 0x9e, 0xf7, 0x9e, 0xf7, 0x9e, 0xf7, 0x9e, 0xf7, 0x9e, 0xf7,
    0x9e, 0xf7, 0x9e, 0xf7, 0x9e, 0xf7, 0x9e, 0xf7, 0x9e, 0xf7, 0x9e, 0xf7,
    0x9e, 0xf7, 0x9e, 0xf7, 0x9e, 0xf7, 0x9e, 0xf7, 0x9e, 0xf7, 0x9e, 0xf7,
    0x9e, 0xf7, 0x9e, 0xf7, 0x9e, 0xf7, 0x9e, 0xf7, 0x9e, 0xf7, 0x9e, 0xf7,
    0x9e, 0xf7, 0x9e, 0xf7, 0x9e, 0xf7, 0x9e, 0xf7, 0x9e, 0xf7, 0x9e, 0xf7,
    0x9e, 0xf7, 0x9e, 0xf7, 0x9e, 0xf7, 0x9e, 0xf7, 0x9e, 0xf7, 0x9e, 0xf7,
    0x9e, 0xf7, 0x9e, 0xf7, 0x9e, 0xf7, 0x9e, 0xf7, 0x9e, 0xf7, 0x9e, 0xf7,
    0x9e, 0xf7, 0x9e, 0xf7, 0x9e, 0xf7, 0x9e, 0xf7, 0x9e, 0xf7, 0x9e, 0xf7,
    0x9e, 0xf7, 0x9e, 0xf7, 0x9e, 0xf7, 0x9e, 0xf7, 0x9e, 0xf7, 0x9e, 0xf7,
    0x9e, 0xf7, 0x9e, 0xf7, 0x9e, 0xf7, 0x9e, 0xf7, 0x9e, 0xf7, 0x9e, 0xf7,
    0x9e, 0xf7, 0x9e, 0xf7, 0x9e, 0xf7, 0x9e, 0xf7, 0x9e, 0xf7, 0x9e, 0xf7,
    0x9e, 0xf7, 0x9e, 0xf7, 0x9e, 0xf7, 0x9e, 0xf7, 0x9e, 0xf7, 0x9e, 0xf7,
    0x9e, 0xf7, 0x9e, 0xf7, 0x9e, 0xf7, 0x9e, 0xf7, 0x9e, 0xf7, 0x9e, 0xf7,
    0x9e, 0xf7, 0x9e, 0xf7, 0x9e, 0xf7, 0x9e, 0xf7, 0x9e, 0xf7, 0x9e, 0xf7,
    0x9e, 0xf7, 0x9e, 0xf7, 0x9e, 0xf7, 0x9e, 0xf7, 0x9e, 0xf7, 0x9e, 0xf7,
    0x9e, 0xf7, 0x9e, 0xf7, 0x9e, 0xf7, 0x9e, 0xf7, 0x9e, 0xf7, 0x9e, 0xf7,
    0x9e, 0xf7, 0x9e, 0xf7, 0x9e, 0xf7, 0x9e, 0xf7, 0x9e, 0xf7, 0x9e, 0xf7,
    0x9e, 0xf7, 0x9e, 0xf7, 0x9e, 0xf7, 0x9e, 0xf7, 0x9e, 0xf7, 0x9e, 0xf7,
    0x9e, 0xf7, 0x9e, 0xf7, 0x9e, 0xf7, 0x9e, 0xf7, 0x9e, 0xf7, 0x9e, 0xf7,
    0x9e, 0xf7, 0x9e, 0xf7, 0x9e, 0xf7, 0x9e, 0xf7, 0x9e, 0xf7, 0x9e, 0xf7,
    0x9e, 0xf7, 0x9e, 0xf7, 0x9e, 0xf7, 0x9e, 0xf7, 0x9e, 0xf7, 0x9e, 0xf7,
    0x9e, 0xf7, 0x9e, 0xf7, 0x9e, 0xf7, 0x9e, 0xf7, 0x9e, 0xf7, 0x9e, 0xf7,
    0x9e, 0xf7, 0x9e, 0xf7, 0x9e, 0xf7, 0x9e, 0xf7, 0x9e, 0xf7, 0x9e, 0xf7,
    0x9e, 0xf7, 0x9e, 0xf7, 0x9e, 0xf7, 0x9e, 0xf7, 0x9e, 0xf7, 0x9e, 0xf7,
    0x9e, 0xf7, 0x9e, 0xf7, 0x9e, 0xf7, 0x9e, 0xf7, 0x9e, 0xf7, 0x9e, 0xf7,
    0x9e, 0xf7, 0x9e, 0xf7, 0x9e, 0xf7, 0x9e, 0xf7, 0x9e, 0xf7, 0x9e, 0xf7,
    0x9e, 0xf7, 0x9e, 0xf7, 0x9e, 0xf7, 0x9e, 0xf7, 0x9e, 0xf7, 0x9e, 0xf7,
    0x9e, 0xf7, 0x9e, 0xf7, 0x9e, 0xf7, 0x9e, 0xf7, 0x9e, 0xf7, 0x9e, 0xf7,
    0x9e, 0xf7, 0x9e, 0xf7, 0x9e, 0xf7, 0x9e, 0xf7, 0x9e, 0xf7, 0x9e, 0xf7,
    0x9e, 0xf7, 0x9e, 0xf7, 0x9e, 0xf7, 0x9e, 0xf7, 0x9e, 0xf7, 0x9e, 0xf7,
    0x9e, 0xf7, 0x9e, 0xf7, 0x9e, 0xf7, 0x9e, 0xf7, 0x9e, 0xf7, 0x9e, 0xf7,
    0x9e, 0xf7, 0x9e, 0xf7, 0x9e, 0xf7, 0x9e, 0xf7, 0x9e, 0xf7, 0x9e, 0xf7,
    0x9e, 0xf7, 0x9e, 0xf7, 0x9e, 0xf7, 0x9e, 0xf7, 0x9e, 0xf7, 0x9e, 0xf7,
    0x9e, 0xf7, 0x9e, 0xf7, 0x9e, 0xf7, 0x9e, 0xf7, 0x9e, 0xf7, 0x9e, 0xf7,
    0x9e, 0xf7, 0x9e, 0xf7, 0x9e, 0xf7, 0x9e, 0xf7, 0x9e, 0xf7, 0x9e, 0xf7,
    0x9e, 0xf7, 0x9e, 0xf7, 0x9e, 0xf7, 0x9e, 0xf7, 0x9e, 0xf7, 0x9e, 0xf7,
    0x9e, 0xf7, 0x9e, 0xf7, 0x9e, 0xf7, 0x9e, 0xf7, 0x9e, 0xf7, 0x9e, 0xf7,
    0x9e, 0xf7, 0x9e, 0xf7, 0x9e, 0xf7, 0x9e, 0xf7, 0x9e, 0xf7, 0x9e, 0xf7,
    0x9e, 0xf7, 0x9e, 0xf7, 0x9e, 0xf7, 0x9e, 0xf7, 0x9e, 0xf7, 0x9e, 0xf7,
    0x9e, 0xf7, 0x9e, 0xf7, 0x9e, 0xf7, 0x9e, 0xf7, 0x9e, 0xf7, 0x9e, 0xf7,
    0x9e, 0xf7, 0x9e, 0xf7, 0x9e, 0xf7, 0x9e, 0xf7, 0x9e, 0xf7, 0x9e, 0xf7,
    0x9e, 0xf7, 0x9e, 0xf7, 0x9e, 0xf7, 0x9e, 0xf7, 0x9e, 0xf7, 0x9e, 0xf7,
    0x9e, 0xf7, 0x9e, 0xf7, 0x9e, 0xf7, 0x9e, 0xf7, 0x9e, 0xf7, 0x9e, 0xf7,
    0x9e, 0xf7, 0x9e, 0xf7, 0x9e, 0xf7, 0x9e, 0xf7, 0x9e, 0xf7, 0x9e, 0xf7,
    0x9e, 0xf7, 0x9e, 0xf7, 0x9e, 0xf7, 0x9e, 0xf7, 0x9e, 0xf7, 0x9e, 0xf7,
    0x9e, 0xf7, 0x9e, 0xf7, 0x9e, 0xf7, 0x9e, 0xf7, 0x9e, 0xf7, 0x9e, 0xf7,
    0x9e, 0xf7, 0x9e, 0xf7, 0x9e, 0xf7, 0x9e, 0xf7, 0x9e, 0xf7, 0x9e, 0xf7,
    0x9e, 0xf7, 0x9e, 0xf7, 0x9e, 0xf7, 0x9e, 0xf7, 0x9e, 0xf7, 0x9e, 0xf7,
    0x9e, 0xf7, 0x9e, 0xf7, 0x9e, 0xf7, 0x9e, 0xf7, 0x9e, 0xf7, 0x9e, 0xf7,
    0x9e, 0xf7, 0x9e, 0xf7, 0x9e, 0xf7, 0x9e, 0xf7, 0x9e, 0xf7, 0x9e, 0xf7,
    0x9e, 0xf7, 0x9e, 0xf7, 0x9e, 0xf7, 0x9e, 0xf7, 0x9e, 0xf7, 0x9e, 0xf7,
    0x9e, 0xf7, 0x9e, 0xf7, 0x9e, 0xf7, 0x9e, 0xf7, 0x9e, 0xf7, 0x9e, 0xf7,
    0x9e, 0xf7, 0x9e, 0xf7, 0x9e, 0xf7, 0x9e, 0xf7, 0x9e, 0xf7, 0x9e, 0xf7,
    0x9e, 0xf7, 0x9e, 0xf7, 0x9e, 0xf7, 0x9e, 0xf7, 0x9e, 0xf7, 0x9e, 0xf7,
    0x9e, 0xf7, 0x9e, 0xf7, 0x9e, 0xf7, 0x9e, 0xf7, 0x9e, 0xf7, 0x9e, 0xf7,
    0x9e, 0xf7, 0x9e, 0xf7, 0x9e, 0xf7, 0x9e, 0xf7, 0x9e, 0xf7, 0x9e, 0xf7,
    0x9e, 0xf7, 0x9e, 0xf7, 0x9e, 0xf7, 0x9e, 0xf7, 0x9e, 0xf7, 0x9e, 0xf7,
    0x9e, 0xf7, 0x9e, 0xf7, 0x9e, 0xf7, 0x9e, 0xf7, 0x9e, 0xf7, 0x9e, 0xf7,
    0x9e, 0xf7, 0x9e, 0xf7, 0x9e, 0xf7, 0x9e, 0xf7, 0x9e, 0xf7, 0x9e, 0xf7,
    0x9e, 0xf7, 0x9e, 0xf7, 0x9e, 0xf7, 0x9e, 0xf7, 0x9e, 0xf7, 0x9e, 0xf7,
    0x9e, 0xf7, 0x9e, 0xf7, 0x9e, 0xf7, 0x9e, 0xf7, 0x9e, 0xf7, 0x9e, 0xf7,
    0x9e, 0xf7, 0x9e, 0xf7, 0x9e, 0xf7, 0x9e, 0xf7, 0x9e, 0xf7, 0x9e, 0xf7,
    0x9e, 0xf7, 0x9e, 0xf7, 0x9e, 0xf7, 0x9e, 0xf7, 0x9e, 0xf7, 0x9e, 0xf7,
    0x9e, 0xf7, 0x9e, 0xf7, 0x9e, 0xf7, 0x9e, 0xf7, 0x9e, 0xf7, 0x9e, 0xf7,
    0x9e, 0xf7, 0x9e, 0xf7, 0x9e, 0xf7, 0x9e, 0xf7, 0x9e, 0xf7, 0x9e, 0xf7,
    0x9e, 0xf7, 0x9e, 0xf7, 0x9e, 0xf7, 0x9e, 0xf7, 0x9e, 0xf7, 0x9e, 0xf7,
    0x9e, 0xf7, 0x9e, 0xf7, 0x9e, 0xf7, 0x9e, 0xf7, 0x9e, 0xf7, 0x9e, 0xf7,
    0x9e, 0xf7, 0x9e, 0xf7, 0x9e, 0xf7, 0x9e, 0xf7, 0x9e, 0xf7, 0x9e, 0xf7,
    0x9e, 0xf7, 0x9e, 0xf7, 0x9e, 0xf7, 0x9e, 0xf7, 0x9e, 0xf7, 0x9e, 0xf7,
    0x9e, 0xf7, 0x9e, 0xf7, 0x9e, 0xf7, 0x9e, 0xf7, 0x9e, 0xf7, 0x9e, 0xf7,
    0x9e, 0xf7, 0x9e, 0xf7, 0x9e, 0xf7, 0x9e, 0xf7, 0x9e, 0xf7, 0x9e, 0xf7,
    0x9e, 0xf7, 0x9e, 0xf7, 0x9e, 0xf7, 0x9e, 0xf7, 0x9e, 0xf7, 0x9e, 0xf7,
    0x9e, 0xf7, 0x9e, 0xf7, 0x9e, 0xf7, 0x9e, 0xf7, 0x9e, 0xf7, 0x9e, 0xf7,
    0x9e, 0xf7, 0x9e, 0xf7, 0x9e, 0xf7, 0x9e, 0xf7, 0x9e, 0xf7, 0x9e, 0xf7,
    0x9e, 0xf7, 0x9e, 0xf7, 0x9e, 0xf7, 0x9e, 0xf7, 0x9e, 0xf7, 0x9e, 0xf7,
    0x9e, 0xf7, 0x9e, 0xf7, 0x9e, 0xf7, 0x9e, 0xf7, 0x9e, 0xf7, 0x9e, 0xf7,
    0x9e, 0xf7, 0x9e, 0xf7, 0x9e, 0xf7, 0x9e, 0xf7, 0x9e, 0xf7, 0x9e, 0xf7,
    0x9e, 0xf7, 0x9e, 0xf7, 0x9e, 0xf7, 0x9e, 0xf7, 0x9e, 0xf7, 0x9e, 0xf7,
    0x9e, 0xf7, 0x9e, 0xf7, 0x9e, 0xf7, 0x9e, 0xf7, 0x9e, 0xf7, 0x9e, 0xf7,
    0x9e, 0xf7, 0x9e, 0xf7, 0x9e, 0xf7, 0x9e, 0xf7, 0x9e, 0xf7, 0x9e, 0xf7,
    0x9e, 0xf7, 0x9e, 0xf7, 0x9e, 0xf7, 0x9e, 0xf7, 0x9e, 0xf7, 0x9e, 0xf7,
    0x9e, 0xf7, 0x9e, 0xf7, 0x9e, 0xf7, 0x9e, 0xf7, 0x9e, 0xf7, 0x9e, 0xf7,
    0x9e, 0xf7, 0x9e, 0xf7, 0x9e, 0xf7, 0x9e, 0xf7, 0x9e, 0xf7, 0x9e, 0xf7,
    0x9e, 0xf7, 0x9e, 0xf7, 0x9e, 0xf7, 0x9e, 0xf7, 0x9e, 0xf7, 0x9e, 0xf7,
    0x9e, 0xf7, 0x9e, 0xf7, 0x9e, 0xf7, 0x9e, 0xf7, 0x9e, 0xf7, 0x9e, 0xf7,
    0x9e, 0xf7, 0x9e, 0xf7, 0x9e, 0xf7, 0x9e, 0xf7, 0x9e, 0xf7, 0x9e, 0xf7,
    0x9e, 0xf7, 0x9e, 0xf7, 0x9e, 0xf7, 0x9e, 0xf7, 0x9e, 0xf7, 0x9e, 0xf7,
    0x9e, 0xf7, 0x9e, 0xf7, 0x9e, 0xf7, 0x9e, 0xf7, 0x9e, 0xf7, 0x9e, 0xf7,
    0x9e, 0xf7, 0x9e, 0xf7, 0x9e, 0xf7, 0x9e, 0xf7, 0x9e, 0xf7, 0x9e, 0xf7,
    0x9e, 0xf7, 0x9e, 0xf7, 0x9e, 0xf7, 0x9e, 0xf7, 0x9e, 0xf7, 0x9e, 0xf7,
    0x9e, 0xf7, 0x9e, 0xf7, 0x9e, 0xf7, 0x9e, 0xf7, 0x9e, 0xf7, 0x9e, 0xf7,
    0x9e, 0xf7, 0x9e, 0xf7, 0x9e, 0xf7, 0x9e, 0xf7, 0x9e, 0xf7, 0x9e, 0xf7,
    0x9e, 0xf7, 0x9e, 0xf7, 0x9e, 0xf7, 0x9e, 0xf7, 0x9e, 0xf7, 0x9e, 0xf7,
    0x9e, 0xf7, 0x9e, 0xf7, 0x9e, 0xf7, 0x9e, 0xf7, 0x9e, 0xf7, 0x9e, 0xf7,
    0x9e, 0xf7, 0x9e, 0xf7, 0x9e, 0xf7, 0x9e, 0xf7, 0x9e, 0xf7, 0x9e, 0xf7,
    0x9e, 0xf7, 0x9e, 0xf7, 0x9e, 0xf7, 0x9e, 0xf7, 0x9e, 0xf7, 0x9e, 0xf7,
    0x9e, 0xf7, 0x9e, 0xf7, 0x9e, 0xf7, 0x9e, 0xf7, 0x9e, 0xf7, 0x9e, 0xf7,
    0x9e, 0xf7, 0x9e, 0xf7, 0x9e, 0xf7, 0x9e, 0xf7, 0x9e, 0xf7, 0x9e, 0xf7,
    0x9e, 0xf7, 0x9e, 0xf7, 0x9e, 0xf7, 0x9e, 0xf7, 0x9e, 0xf7, 0x9e, 0xf7,
    0x9e, 0xf7, 0x9e, 0xf7, 0x9e, 0xf7, 0x9e, 0xf7, 0x9e, 0xf7, 0x9e, 0xf7,
    0x9e, 0xf7, 0x9e, 0xf7, 0x9e, 0xf7, 0x9e, 0xf7, 0x9e, 0xf7, 0x9e, 0xf7,
    0x9e, 0xf7, 0x9e, 0xf7, 0x9e, 0xf7, 0x9e, 0xf7, 0x9e, 0xf7, 0x9e, 0xf7,
    0x9e, 0xf7, 0x9e, 0xf7, 0x9e, 0xf7, 0x9e, 0xf7, 0x9e, 0xf7, 0x9e, 0xf7,
    0x9e, 0xf7, 0x9e, 0xf7, 0x9e, 0xf7, 0x9e, 0xf7, 0x9e, 0xf7, 0x9e, 0xf7,
    0x9e, 0xf7, 0x9e, 0xf7, 0x9e, 0xf7, 0x9e, 0xf7, 0x9e, 0xf7, 0x9e, 0xf7,
    0x9e, 0xf7, 0x9e, 0xf7, 0x9e, 0xf7, 0x9e, 0xf7, 0x9e, 0xf7, 0x9e, 0xf7,
    0x9e, 0xf7, 0x9e, 0xf7, 0x9e, 0xf7, 0x9e, 0xf7, 0x9e, 0xf7, 0x9e, 0xf7,
    0x9e, 0xf7, 0x9e, 0xf7, 0x9e, 0xf7, 0x9e, 0xf7, 0x9e, 0xf7, 0x9e, 0xf7,
    0x9e, 0xf7, 0x9e, 0xf7, 0x9e, 0xf7, 0x9e, 0xf7, 0x9e, 0xf7, 0x9e, 0xf7,
    0x9e, 0xf7, 0x9e, 0xf7, 0x9e, 0xf7, 0x9e, 0xf7, 0x9e, 0xf7, 0x9e, 0xf7,
    0x9e, 0xf7, 0x9e, 0xf7, 0x9e, 0xf7, 0x9e, 0xf7, 0x9e, 0xf7, 0x9e, 0xf7,
    0x9e, 0xf7, 0x9e, 0xf7, 0x9e, 0xf7, 0x9e, 0xf7, 0x9e, 0xf7, 0x9e, 0xf7,
    0x9e, 0xf7, 0x9e, 0xf7, 0x9e, 0xf7, 0x9e, 0xf7, 0x9e, 0xf7, 0x9e, 0xf7,
    0x9e, 0xf7, 0x9e, 0xf7, 0x9e, 0xf7, 0x9e, 0xf7, 0x9e, 0xf7, 0x9e, 0xf7,
    0x9e, 0xf7, 0x9e, 0xf7, 0x9e, 0xf7, 0x9e, 0xf7, 0x9e, 0xf7, 0x9e, 0xf7,
    0x9e, 0xf7, 0x9e, 0xf7, 0x9e, 0xf7, 0x9e, 0xf7, 0x9e, 0xf7, 0x9e, 0xf7,
    0x9e, 0xf7, 0x9e, 0xf7, 0x9e, 0xf7, 0x9e, 0xf7, 0x9e, 0xf7, 0x9e, 0xf7,
    0x9e, 0xf7, 0x9e, 0xf7, 0x9e, 0xf7, 0x9e, 0xf7, 0x9e, 0xf7, 0x9e, 0xf7,
    0x9e, 0xf7, 0x9e, 0xf7, 0x9e, 0xf7, 0x9e, 0xf7, 0x9e, 0xf7, 0x9e, 0xf7,
    0x9e, 0xf7, 0x9e, 0xf7, 0x9e, 0xf7, 0x9e, 0xf7, 0x9e, 0xf7, 0x9e, 0xf7,
    0x9e, 0xf7, 0x9e, 0xf7, 0x9e, 0xf7, 0x9e, 0xf7, 0x9e, 0xf7, 0x9e, 0xf7,
    0x9e, 0xf7, 0x9e, 0xf7, 0x9e, 0xf7, 0x9e, 0xf7, 0x9e, 0xf7, 0x9e, 0xf7,
    0x9e, 0xf7, 0x9e, 0xf7, 0x9e, 0xf7, 0x9e, 0xf7, 0x9e, 0xf7, 0x9e, 0xf7,
    0x9e, 0xf7, 0x9e, 0xf7, 0x9e, 0xf7, 0x9e, 0xf7, 0x9e, 0xf7, 0x9e, 0xf7,
    0x9e, 0xf7, 0x9e, 0xf7, 0x9e, 0xf7, 0x9e, 0xf7, 0x9e, 0xf7, 0x9e, 0xf7,
    0x9e, 0xf7, 0x9e, 0xf7, 0x9e, 0xf7, 0x9e, 0xf7, 0x9e, 0xf7, 0x9e, 0xf7,
    0x9e, 0xf7, 0x9e, 0xf7, 0x9e, 0xf7, 0x9e, 0xf7, 0x9e, 0xf7, 0x9e, 0xf7,
    0x9e, 0xf7, 0x9e, 0xf7, 0x9e, 0xf7, 0x9e, 0xf7, 0x9e, 0xf7, 0x9e, 0xf7,
    0x9e, 0xf7, 0x9e, 0xf7, 0x9e, 0xf7, 0x9e, 0xf7, 0x9e, 0xf7, 0x9e, 0xf7,
    0x9e, 0xf7, 0x9e, 0xf7, 0x9e, 0xf7, 0x9e, 0xf7, 0x9e, 0xf7, 0x9e, 0xf7,
    0x9e, 0xf7, 0x9e, 0xf7, 0x9e, 0xf7, 0x9e, 0xf7, 0x9e, 0xf7, 0x9e, 0xf7,
    0x9e, 0xf7, 0x9e, 0xf7, 0x9e, 0xf7, 0x9e, 0xf7, 0x9e, 0xf7, 0x9e, 0xf7,
    0x9e, 0xf7, 0x9e, 0xf7, 0x9e, 0xf7, 0x9e, 0xf7, 0x9e, 0xf7, 0x9e, 0xf7,
    0x9e, 0xf7, 0x9e, 0xf7, 0x9e, 0xf7, 0x9e, 0xf7, 0x9e, 0xf7, 0x9e, 0xf7,
    0x9e, 0xf7, 0x9e, 0xf7, 0x9e, 0xf7, 0x9e, 0xf7, 0x9e, 0xf7, 0x9e, 0xf7,
    0x9e, 0xf7, 0x9e, 0xf7, 0x9e, 0xf7, 0x9e, 0xf7, 0x9e, 0xf7, 0x9e, 0xf7,
    0x9e, 0xf7, 0x9e, 0xf7, 0x9e, 0xf7, 0x9e, 0xf7, 0x9e, 0xf7, 0x9e, 0xf7,
    0x9e, 0xf7, 0x9e, 0xf7, 0x9e, 0xf7, 0x9e, 0xf7, 0x9e, 0xf7, 0x9e, 0xf7,
    0x9e, 0xf7, 0x9e, 0xf7, 0x9e, 0xf7, 0x9e, 0xf7, 0x9e, 0xf7, 0x9e, 0xf7,
    0x9e, 0xf7, 0x9e, 0xf7, 0x9e, 0xf7, 0x9e, 0xf7, 0x9e, 0xf7, 0x9e, 0xf7,
    0x9e, 0xf7, 0x9e, 0xf7, 0x9e, 0xf7, 0x9e, 0xf7, 0x9e, 0xf7, 0x9e, 0xf7,
    0x9e, 0xf7, 0x9e, 0xf7, 0x9e, 0xf7, 0x9e, 0xf7, 0x9e, 0xf7, 0x9e, 0xf7,
    0x9e, 0xf7, 0x9e, 0xf7, 0x9e, 0xf7, 0x9e, 0xf7, 0x9e, 0xf7, 0x9e, 0xf7,
    0x9e, 0xf7, 0x9e, 0xf7, 0x9e, 0xf7, 0x9e, 0xf7, 0x9e, 0xf7, 0x9e, 0xf7,
    0x9e, 0xf7, 0x9e, 0xf7, 0x9e, 0xf7, 0x9e, 0xf7, 0x9e, 0xf7, 0x9e, 0xf7,
    0x9e, 0xf7, 0x9e, 0xf7, 0x9e, 0xf7, 0x9e, 0xf7, 0x9e, 0xf7, 0x9e, 0xf7,
    0x9e, 0xf7, 0x9e, 0xf7, 0x9e, 0xf7, 0x9e, 0xf7, 0x9e, 0xf7, 0x9e, 0xf7,
    0x9e, 0xf7, 0x9e, 0xf7, 0x9e, 0xf7, 0x9e, 0xf7, 0x9e, 0xf7, 0x9e, 0xf7,
    0x9e, 0xf7, 0x9e, 0xf7, 0x9e, 0xf7, 0x9e, 0xf7, 0x9e, 0xf7, 0x9e, 0xf7,
    0x9e, 0xf7, 0x9e, 0xf7, 0x9e, 0xf7, 0x9e, 0xf7, 0x9e, 0xf7, 0x9e, 0xf7,
    0x9e, 0xf7, 0x9e, 0xf7, 0x9e, 0xf7, 0x9e, 0xf7, 0x9e, 0xf7, 0x9e, 0xf7,
    0x9e, 0xf7, 0x9e, 0xf7, 0x9e, 0xf7, 0x9e, 0xf7, 0x9e, 0xf7, 0x9e, 0xf7,
    0x9e, 0xf7, 0x9e, 0xf7, 0x9e, 0xf7, 0x9e, 0xf7, 0x9e, 0xf7, 0x9e, 0xf7,
    0x9e, 0xf7, 0x9e, 0xf7, 0x9e, 0xf7, 0x9e, 0xf7, 0x9e, 0xf7, 0x9e, 0xf7,
    0x9e, 0xf7, 0x9e, 0xf7, 0x9e, 0xf7, 0x9e, 0xf7, 0x9e, 0xf7, 0x9e, 0xf7,
    0x9e, 0xf7, 0x9e, 0xf7, 0x9e, 0xf7, 0x9e, 0xf7, 0x9e, 0xf7, 0x9e, 0xf7,
    0x9e, 0xf7, 0x9e, 0xf7, 0x9e, 0xf7, 0x9e, 0xf7, 0x9e, 0xf7, 0x9e, 0xf7,
    0x9e, 0xf7, 0x9e, 0xf7, 0x9e, 0xf7, 0x9e, 0xf7, 0x9e, 0xf7, 0x9e, 0xf7,
    0x9e, 0xf7, 0x9e, 0xf7, 0x9e, 0xf7, 0x9e, 0xf7, 0x9e, 0xf7, 0x9e, 0xf7,
    0x9e, 0xf7, 0x9e, 0xf7, 0x9e, 0xf7, 0x9e, 0xf7, 0x9e, 0xf7, 0x9e, 0xf7,
    0x9e, 0xf7, 0x9e, 0xf7, 0x9e, 0xf7, 0x9e, 0xf7, 0x9e, 0xf7, 0x9e, 0xf7,
    0x9e, 0xf7, 0x9e, 0xf7, 0x9e, 0xf7, 0x9e, 0xf7, 0x9e, 0xf7, 0x9e, 0xf7,
    0x9e, 0xf7, 0x9e, 0xf7, 0x9e, 0xf7, 0x9e, 0xf7, 0x9e, 0xf7, 0x9e, 0xf7,
    0x9e, 0xf7, 0x9e, 0xf7, 0x9e, 0xf7, 0x9e, 0xf7, 0x9e, 0xf7, 0x9e, 0xf7,
    0x9e, 0xf7, 0x9e, 0xf7, 0x9e, 0xf7, 0x9e, 0xf7, 0x9e, 0xf7, 0x9e, 0xf7,
    0x9e, 0xf7, 0x9e, 0xf7, 0x9e, 0xf7, 0x9e, 0xf7, 0x9e, 0xf7, 0x9e, 0xf7,
    0x9e, 0xf7, 0x9e, 0xf7, 0x9e, 0xf7, 0x9e, 0xf7, 0x9e, 0xf7, 0x9e, 0xf7,
    0x9e, 0xf7, 0x9e, 0xf7, 0x9e, 0xf7, 0x9e, 0xf7, 0x9e, 0xf7, 0x9e, 0xf7,
    0x9e, 0xf7, 0x9e, 0xf7, 0x9e, 0xf7, 0x9e, 0xf7, 0x9e, 0xf7, 0x9e, 0xf7,
    0x9e, 0xf7, 0x9e, 0xf7, 0x9e, 0xf7, 0x9e, 0xf7, 0x9e, 0xf7, 0x9e, 0xf7,
    0x9e, 0xf7, 0x9e, 0xf7, 0x9e, 0xf7, 0x9e, 0xf7, 0x9e, 0xf7, 0x9e, 0xf7,
    0x9e, 0xf7, 0x9e, 0xf7, 0x9e, 0xf7, 0x9e, 0xf7, 0x9e, 0xf7, 0x9e, 0xf7,
    0x9e, 0xf7, 0x9e, 0xf7, 0x9e, 0xf7, 0x9e, 0xf7, 0x9e, 0xf7, 0x9e, 0xf7,
    0x9e, 0xf7, 0x9e, 0xf7, 0x9e, 0xf7, 0x9e, 0xf7, 0x9e, 0xf7, 0x9e, 0xf7,
    0x9e, 0xf7, 0x9e, 0xf7, 0x9e, 0xf7, 0x9e, 0xf7, 0x9e, 0xf7, 0x9e, 0xf7,
    0x9e, 0xf7, 0x9e, 0xf7, 0x9e, 0xf7, 0x9e, 0xf7, 0x9e, 0xf7, 0x9e, 0xf7,
    0x9e, 0xf7, 0x9e, 0xf7, 0x9e, 0xf7, 0x9e, 0xf7, 0x9e, 0xf7, 0x9e, 0xf7,
    0x9e, 0xf7, 0x9e, 0xf7, 0x9e, 0xf7, 0x9e, 0xf7, 0x9e, 0xf7, 0x9e, 0xf7,
    0x9e, 0xf7, 0x9e, 0xf7, 0x9e, 0xf7, 0x9e, 0xf7, 0x9e, 0xf7, 0x9e, 0xf7,
    0x9e, 0xf7, 0x9e, 0xf7, 0x9e, 0xf7, 0x9e, 0xf7, 0x9e, 0xf7, 0x9e, 0xf7,
    0x9e, 0xf7, 0x9e, 0xf7, 0x9e, 0xf7, 0x9e, 0xf7, 0x9e, 0xf7, 0x9e, 0xf7,
    0x9e, 0xf7, 0x9e, 0xf7, 0x9e, 0xf7, 0x9e, 0xf7, 0x9e, 0xf7, 0x9e, 0xf7,
    0x9e, 0xf7, 0x9e, 0xf7, 0x9e, 0xf7, 0x9e, 0xf7, 0x9e, 0xf7, 0x9e, 0xf7,
    0x9e, 0xf7, 0x9e, 0xf7, 0x9e, 0xf7, 0x9e, 0xf7, 0x9e, 0xf7, 0x9e, 0xf7,
    0x9e, 0xf7, 0x9e, 0xf7, 0x9e, 0xf7, 0x9e, 0xf7, 0x9e, 0xf7, 0x9e, 0xf7,
    0x9e, 0xf7, 0x9e, 0xf7, 0x9e, 0xf7, 0x9e, 0xf7, 0x9e, 0xf7, 0x9e, 0xf7,
    0x9e, 0xf7, 0x9e, 0xf7, 0x9e, 0xf7, 0x9e, 0xf7, 0x9e, 0xf7, 0x9e, 0xf7,
    0x9e, 0xf7, 0x9e, 0xf7, 0x9e, 0xf7, 0x9e, 0xf7, 0x9e, 0xf7, 0x9e, 0xf7,
    0x9e, 0xf7, 0x9e, 0xf7, 0x9e, 0xf7, 0x9e, 0xf7, 0x9e, 0xf7, 0x9e, 0xf7,
    0x9e, 0xf7, 0x9e, 0xf7, 0x9e, 0xf7, 0x9e, 0xf7, 0x9e, 0xf7, 0x9e, 0xf7,
    0x9e, 0xf7, 0x9e, 0xf7, 0x9e, 0xf7, 0x9e, 0xf7, 0x9e, 0xf7, 0x9e, 0xf7,
    0x9e, 0xf7, 0x9e, 0xf7, 0x9e, 0xf7, 0x9e, 0xf7, 0x9e, 0xf7, 0x9e, 0xf7,
    0x9e, 0xf7, 0x9e, 0xf7, 0x9e, 0xf7, 0x9e, 0xf7, 0x9e, 0xf7, 0x9e, 0xf7,
    0x9e, 0xf7, 0x9e, 0xf7, 0x9e, 0xf7, 0x9e, 0xf7, 0x9e, 0xf7, 0x9e, 0xf7,
    0x9e, 0xf7, 0x9e, 0xf7, 0x9e, 0xf7, 0x9e, 0xf7, 0x9e, 0xf7, 0x9e, 0xf7,
    0x9e, 0xf7, 0x9e, 0xf7, 0x9e, 0xf7, 0x9e, 0xf7, 0x9e, 0xf7, 0x9e, 0xf7,
    0x9e, 0xf7, 0x9e, 0xf7, 0x9e, 0xf7, 0x9e, 0xf7, 0x9e, 0xf7, 0x9e, 0xf7,
    0x9e, 0xf7, 0x9e, 0xf7, 0x9e, 0xf7, 0x9e, 0xf7, 0x9e, 0xf7, 0x9e, 0xf7,
    0x9e, 0xf7, 0x9e, 0xf7, 0x9e, 0xf7, 0x9e, 0xf7, 0x9e, 0xf7, 0x9e, 0xf7,
    0x9e, 0xf7, 0x9e, 0xf7, 0x9e, 0xf7, 0x9e, 0xf7, 0x9e, 0xf7, 0x9e, 0xf7,
    0x9e, 0xf7, 0x9e, 0xf7, 0x9e, 0xf7, 0x9e, 0xf7, 0x9e, 0xf7, 0x9e, 0xf7,
    0x9e, 0xf7, 0x9e, 0xf7, 0x9e, 0xf7, 0x9e, 0xf7, 0x9e, 0xf7, 0x9e, 0xf7,
    0x9e, 0xf7, 0x9e, 0xf7, 0x9e, 0xf7, 0x9e, 0xf7, 0x9e, 0xf7, 0x9e, 0xf7,
    0x9e, 0xf7, 0x9e, 0xf7, 0x9e, 0xf7, 0x9e, 0xf7, 0x9e, 0xf7, 0x9e, 0xf7,
    0x9e, 0xf7, 0x9e, 0xf7, 0x9e, 0xf7, 0x9e, 0xf7, 0x9e, 0xf7, 0x9e, 0xf7,
    0x9e, 0xf7, 0x9e, 0xf7, 0x9e, 0xf7, 0x9e, 0xf7, 0x9e, 0xf7, 0x9e, 0xf7,
    0x9e, 0xf7, 0x9e, 0xf7, 0x9e, 0xf7, 0x9e, 0xf7, 0x9e, 0xf7, 0x9e, 0xf7,
    0x9e, 0xf7, 0x9e, 0xf7, 0x9e, 0xf7, 0x9e, 0xf7, 0x9e, 0xf7, 0x9e, 0xf7,
    0x9e, 0xf7, 0x9e, 0xf7, 0x9e, 0xf7, 0x9e, 0xf7, 0x9e, 0xf7, 0x9e, 0xf7,
    0x9e, 0xf7, 0x9e, 0xf7, 0x9e, 0xf7, 0x9e, 0xf7, 0x9e, 0xf7, 0x9e, 0xf7,
    0x9e, 0xf7, 0x9e, 0xf7, 0x9e, 0xf7, 0x9e, 0xf7, 0x9e, 0xf7, 0x9e, 0xf7,
    0x9e, 0xf7, 0x9e, 0xf7, 0x9e, 0xf7, 0x9e, 0xf7, 0x9e, 0xf7, 0x9e, 0xf7,
    0x9e, 0xf7, 0x9e, 0xf7, 0x9e, 0xf7, 0x9e, 0xf7, 0x9e, 0xf7, 0x9e, 0xf7,
    0x9e, 0xf7, 0x9e, 0xf7, 0x9e, 0xf7, 0x9e, 0xf7, 0x9e, 0xf7, 0x9e, 0xf7,
    0x9e, 0xf7, 0x9e, 0xf7, 0x9e, 0xf7, 0x9e, 0xf7, 0x9e, 0xf7, 0x9e, 0xf7,
    0x9e, 0xf7, 0x9e, 0xf7, 0x9e, 0xf7, 0x9e, 0xf7, 0x9e, 0xf7, 0x9e, 0xf7,
    0x9e, 0xf7, 0x9e, 0xf7, 0x9e, 0xf7, 0x9e, 0xf7, 0x9e, 0xf7, 0x9e, 0xf7,
    0x9e, 0xf7, 0x9e, 0xf7, 0x9e, 0xf7, 0x9e, 0xf7, 0x9e, 0xf7, 0x9e, 0xf7,
    0x9e, 0xf7, 0x9e, 0xf7, 0x9e, 0xf7, 0x9e, 0xf7, 0x9e, 0xf7, 0x9e, 0xf7,
    0x9e, 0xf7, 0x9e, 0xf7, 0x9e, 0xf7, 0x9e, 0xf7, 0x9e, 0xf7, 0x9e, 0xf7,
    0x9e, 0xf7, 0x9e, 0xf7, 0x9e, 0xf7, 0x9e, 0xf7, 0x9e, 0xf7, 0x9e, 0xf7,
    0x9e, 0xf7, 0x9e, 0xf7, 0x9e, 0xf7, 0x9e, 0xf7, 0x9e, 0xf7, 0x9e, 0xf7,
    0x9e, 0xf7, 0x9e, 0xf7, 0x9e, 0xf7, 0x9e, 0xf7, 0x9e, 0xf7, 0x9e, 0xf7,
    0x9e, 0xf7, 0x9e, 0xf7, 0x9e, 0xf7, 0x9e, 0xf7, 0x9e, 0xf7, 0x9e, 0xf7,
    0x9e, 0xf7, 0x9e, 0xf7, 0x9e, 0xf7, 0x9e, 0xf7, 0x9e, 0xf7, 0x9e, 0xf7,
    0x9e, 0xf7, 0x9e, 0xf7, 0x9e, 0xf7, 0x9e, 0xf7, 0x9e, 0xf7, 0x9e, 0xf7,
    0x9e, 0xf7, 0x9e, 0xf7, 0x9e, 0xf7, 0x9e, 0xf7, 0x9e, 0xf7, 0x9e, 0xf7,
    0x9e, 0xf7, 0x9e, 0xf7, 0x9e, 0xf7, 0x9e, 0xf7, 0x9e, 0xf7, 0x9e, 0xf7,
    0x9e, 0xf7, 0x9e, 0xf7, 0x9e, 0xf7, 0x9e, 0xf7, 0x9e, 0xf7, 0x9e, 0xf7,
    0x9e, 0xf7, 0x9e, 0xf7, 0x9e, 0xf7, 0x9e, 0xf7, 0x9e, 0xf7, 0x9e, 0xf7,
    0x9e, 0xf7, 0x9e, 0xf7, 0x9e, 0xf7, 0x9e, 0xf7, 0x9e, 0xf7, 0x9e, 0xf7,
    0x9e, 0xf7, 0x9e, 0xf7, 0x9e, 0xf7, 0x9e, 0xf7, 0x9e, 0xf7, 0x9e, 0xf7,
    0x9e, 0xf7, 0x9e, 0xf7, 0x9e, 0xf7, 0x9e, 0xf7, 0x9e, 0xf7, 0x9e, 0xf7,
    0x9e, 0xf7, 0x9e, 0xf7, 0x9e, 0xf7, 0x9e, 0xf7, 0x9e, 0xf7, 0x9e, 0xf7,
    0x9e, 0xf7, 0x9e, 0xf7, 0x9e, 0xf7, 0x9e, 0xf7, 0x9e, 0xf7, 0x9e, 0xf7,
    0x9e, 0xf7, 0x9e, 0xf7, 0x9e, 0xf7, 0x9e, 0xf7, 0x9e, 0xf7, 0x9e, 0xf7,
    0x9e, 0xf7, 0x9e, 0xf7, 0x9e, 0xf7, 0x9e, 0xf7, 0x9e, 0xf7, 0x9e, 0xf7,
    0x9e, 0xf7, 0x9e, 0xf7, 0x9e, 0xf7, 0x9e, 0xf7, 0x9e, 0xf7, 0x9e, 0xf7,
    0x9e, 0xf7, 0x9e, 0xf7, 0x9e, 0xf7, 0x9e, 0xf7, 0x9e, 0xf7, 0x9e, 0xf7,
    0x9e, 0xf7, 0x9e, 0xf7, 0x9e, 0xf7, 0x9e, 0xf7, 0x9e, 0xf7, 0x9e, 0xf7,
    0x9e, 0xf7, 0x9e, 0xf7, 0x9e, 0xf7, 0x9e, 0xf7, 0x9e, 0xf7, 0x9e, 0xf7,
    0x9e, 0xf7, 0x9e, 0xf7, 0x9e, 0xf7, 0x9e, 0xf7, 0x9e, 0xf7, 0x9e, 0xf7,
    0x9e, 0xf7, 0x9e, 0xf7, 0x9e, 0xf7, 0x9e, 0xf7, 0x9e, 0xf7, 0x9e, 0xf7,
    0x9e, 0xf7, 0x9e, 0xf7, 0x9e, 0xf7, 0x9e, 0xf7, 0x9e, 0xf7, 0x9e, 0xf7,
    0x9e, 0xf7, 0x9e, 0xf7, 0x9e, 0xf7, 0x9e, 0xf7, 0x9e, 0xf7, 0x9e, 0xf7,
    0x9e, 0xf7, 0x9e, 0xf7, 0x9e, 0xf7, 0x9e, 0xf7, 0x9e, 0xf7, 0x9e, 0xf7,
    0x9e, 0xf7, 0x9e, 0xf7, 0x9e, 0xf7, 0x9e, 0xf7, 0x9e, 0xf7, 0x9e, 0xf7,
    0x9e, 0xf7, 0x9e, 0xf7, 0x9e, 0xf7, 0x9e, 0xf7, 0x9e, 0xf7, 0x9e, 0xf7,
    0x9e, 0xf7, 0x9e, 0xf7, 0x9e, 0xf7, 0x9e, 0xf7, 0x9e, 0xf7, 0x9e, 0xf7,
    0x9e, 0xf7, 0x9e, 0xf7, 0x9e, 0xf7, 0x9e, 0xf7, 0x9e, 0xf7, 0x9e, 0xf7,
    0x9e, 0xf7, 0x9e, 0xf7, 0x9e, 0xf7, 0x9e, 0xf7, 0x9e, 0xf7, 0x9e, 0xf7,
    0x9e, 0xf7, 0x9e, 0xf7, 0x9e, 0xf7, 0x9e, 0xf7, 0x9e, 0xf7, 0x9e, 0xf7,
    0x9e, 0xf7, 0x9e, 0xf7, 0x9e, 0xf7, 0x9e, 0xf7, 0x9e, 0xf7, 0x9e, 0xf7,
    0x9e, 0xf7, 0x9e, 0xf7, 0x9e, 0xf7, 0x9e, 0xf7, 0x9e, 0xf7, 0x9e, 0xf7,
    0x9e, 0xf7, 0x9e, 0xf7, 0x9e, 0xf7, 0x9e, 0xf7, 0x9e, 0xf7, 0x9e, 0xf7,
    0x9e, 0xf7, 0x9e, 0xf7, 0x9e, 0xf7, 0x9e, 0xf7, 0x9e, 0xf7, 0x9e, 0xf7,
    0x9e, 0xf7, 0x9e, 0xf7, 0x9e, 0xf7, 0x9e, 0xf7, 0x9e, 0xf7, 0x9e, 0xf7,
    0x9e, 0xf7, 0x9e, 0xf7, 0x9e, 0xf7, 0x9e, 0xf7, 0x9e, 0xf7, 0x9e, 0xf7,
    0x9e, 0xf7, 0x9e, 0xf7, 0x9e, 0xf7, 0x9e, 0xf7, 0x9e, 0xf7, 0x9e, 0xf7,
    0x9e, 0xf7, 0x9e, 0xf7, 0x9e, 0xf7, 0x9e, 0xf7, 0x9e, 0xf7, 0x9e, 0xf7,
    0x9e, 0xf7, 0x9e, 0xf7, 0x9e, 0xf7, 0x9e, 0xf7, 0x9e, 0xf7, 0x9e, 0xf7,
    0x9e, 0xf7, 0x9e, 0xf7, 0x9e, 0xf7, 0x9e, 0xf7, 0x9e, 0xf7, 0x9e, 0xf7,
    0x9e, 0xf7, 0x9e, 0xf7, 0x9e, 0xf7, 0x9e, 0xf7, 0x9e, 0xf7, 0x9e, 0xf7,
    0x9e, 0xf7, 0x9e, 0xf7, 0x9e, 0xf7, 0x9e, 0xf7, 0x9e, 0xf7, 0x9e, 0xf7,
    0x9e, 0xf7, 0x9e, 0xf7, 0x9e, 0xf7, 0x9e, 0xf7, 0x9e, 0xf7, 0x9e, 0xf7,
    0x9e, 0xf7, 0x9e, 0xf7, 0x9e, 0xf7, 0x9e, 0xf7, 0x9e, 0xf7, 0x9e, 0xf7,
    0x9e, 0xf7, 0x9e, 0xf7, 0x9e, 0xf7, 0x9e, 0xf7, 0x9e, 0xf7, 0x9e, 0xf7,
    0x9e, 0xf7, 0x9e, 0xf7, 0x9e, 0xf7, 0x9e, 0xf7, 0x9e, 0xf7, 0x9e, 0xf7,
    0x9e, 0xf7, 0x9e, 0xf7, 0x9e, 0xf7, 0x9e, 0xf7, 0x9e, 0xf7, 0x9e, 0xf7,
    0x9e, 0xf7, 0x9e, 0xf7, 0x9e, 0xf7, 0x9e, 0xf7, 0x9e, 0xf7, 0x9e, 0xf7,
    0x9e, 0xf7, 0x9e, 0xf7, 0x9e, 0xf7, 0x9e, 0xf7, 0x9e, 0xf7, 0x9e, 0xf7,
    0x9e, 0xf7, 0x9e, 0xf7, 0x9e, 0xf7, 0x9e, 0xf7, 0x9e, 0xf7, 0x9e, 0xf7,
    0x9e, 0xf7, 0x9e, 0xf7, 0x9e, 0xf7, 0x9e, 0xf7, 0x9e, 0xf7, 0x9e, 0xf7,
    0x9e, 0xf7, 0x9e, 0xf7, 0x9e, 0xf7, 0x9e, 0xf7, 0x9e, 0xf7, 0x9e, 0xf7,
    0x9e, 0xf7, 0x9e, 0xf7, 0x9e, 0xf7, 0x9e, 0xf7, 0x9e, 0xf7, 0x9e, 0xf7,
    0x9e, 0xf7, 0x9e, 0xf7, 0x9e, 0xf7, 0x9e, 0xf7, 0x9e, 0xf7, 0x9e, 0xf7,
    0x9e, 0xf7, 0x9e, 0xf7, 0x9e, 0xf7, 0x9e, 0xf7, 0x9e, 0xf7, 0x9e, 0xf7,
    0x9e, 0xf7, 0x9e, 0xf7, 0x9e, 0xf7, 0x9e, 0xf7, 0x9e, 0xf7, 0x9e, 0xf7,
    0x9e, 0xf7, 0x9e, 0xf7, 0x9e, 0xf7, 0x9e, 0xf7, 0x9e, 0xf7, 0x9e, 0xf7,
    0x9e, 0xf7, 0x9e, 0xf7, 0x9e, 0xf7, 0x9e, 0xf7, 0x9e, 0xf7, 0x9e, 0xf7,
    0x9e, 0xf7, 0x9e, 0xf7, 0x9e, 0xf7, 0x9e, 0xf7, 0x9e, 0xf7, 0x9e, 0xf7,
    0x9e, 0xf7, 0x9e, 0xf7, 0x9e, 0xf7, 0x9e, 0xf7, 0x9e, 0xf7, 0x9e, 0xf7,
    0x9e, 0xf7, 0x9e, 0xf7, 0x9e, 0xf7, 0x9e, 0xf7, 0x9e, 0xf7, 0x9e, 0xf7,
    0x9e, 0xf7, 0x9e, 0xf7, 0x9e, 0xf7, 0x9e, 0xf7, 0x9e, 0xf7, 0x9e, 0xf7,
    0x9e, 0xf7, 0x9e, 0xf7, 0x9e, 0xf7, 0x9e, 0xf7, 0x9e, 0xf7, 0x9e, 0xf7,
    0x9e, 0xf7, 0x9e, 0xf7, 0x9e, 0xf7, 0x9e, 0xf7, 0x9e, 0xf7, 0x9e, 0xf7,
    0x9e, 0xf7, 0x9e, 0xf7, 0x9e, 0xf7, 0x9e, 0xf7, 0x9e, 0xf7, 0x9e, 0xf7,
    0x9e, 0xf7, 0x9e, 0xf7, 0x9e, 0xf7, 0x9e, 0xf7, 0x9e, 0xf7, 0x9e, 0xf7,
    0x9e, 0xf7, 0x9e, 0xf7, 0x9e, 0xf7, 0x9e, 0xf7, 0x9e, 0xf7, 0x9e, 0xf7,
    0x9e, 0xf7, 0x9e, 0xf7, 0x9e, 0xf7, 0x9e, 0xf7, 0x9e, 0xf7, 0x9e, 0xf7,
    0x9e, 0xf7, 0x9e, 0xf7, 0x9e, 0xf7, 0x9e, 0xf7, 0x9e, 0xf7, 0x9e, 0xf7,
    0x9e, 0xf7, 0x9e, 0xf7, 0x9e, 0xf7, 0x9e, 0xf7, 0x9e, 0xf7, 0x9e, 0xf7,
    0x9e, 0xf7, 0x9e, 0xf7, 0x9e, 0xf7, 0x9e, 0xf7, 0x9e, 0xf7, 0x9e, 0xf7,
    0x9e, 0xf7, 0x9e, 0xf7, 0x9e, 0xf7, 0x9e, 0xf7, 0x9e, 0xf7, 0x9e, 0xf7,
    0x9e, 0xf7, 0x9e, 0xf7, 0x9e, 0xf7, 0x9e, 0xf7, 0x9e, 0xf7, 0x9e, 0xf7,
    0x9e, 0xf7, 0x9e, 0xf7, 0x9e, 0xf7, 0x9e, 0xf7, 0x9e, 0xf7, 0x9e, 0xf7,
    0x9e, 0xf7, 0x9e, 0xf7, 0x9e, 0xf7, 0x9e, 0xf7, 0x9e, 0xf7, 0x9e, 0xf7,
    0x9e, 0xf7, 0x9e, 0xf7, 0x9e, 0xf7, 0x9e, 0xf7, 0x9e, 0xf7, 0x9e, 0xf7,
    0x9e, 0xf7, 0x9e, 0xf7, 0x9e, 0xf7, 0x9e, 0xf7, 0x9e, 0xf7, 0x9e, 0xf7,
    0x9e, 0xf7, 0x9e, 0xf7, 0x9e, 0xf7, 0x9e, 0xf7, 0x9e, 0xf7, 0x9e, 0xf7,
    0x9e, 0xf7, 0x9e, 0xf7, 0x9e, 0xf7, 0x9e, 0xf7, 0x9e, 0xf7, 0x9e, 0xf7,
    0x9e, 0xf7, 0x9e, 0xf7, 0x9e, 0xf7, 0x9e, 0xf7, 0x9e, 0xf7, 0x9e, 0xf7,
    0x9e, 0xf7, 0x9e, 0xf7, 0x9e, 0xf7, 0x9e, 0xf7, 0x9e, 0xf7, 0x9e, 0xf7,
    0x9e, 0xf7, 0x9e, 0xf7, 0x9e, 0xf7, 0x9e, 0xf7, 0x9e, 0xf7, 0x9e, 0xf7,
    0x9e, 0xf7, 0x9e, 0xf7, 0x9e, 0xf7, 0x9e, 0xf7, 0x9e, 0xf7, 0x9e, 0xf7,
    0x9e, 0xf7, 0x9e, 0xf7, 0x9e, 0xf7, 0x9e, 0xf7, 0x9e, 0xf7, 0x9e, 0xf7,
    0x9e, 0xf7, 0x9e, 0xf7, 0x9e, 0xf7, 0x9e, 0xf7, 0x9e, 0xf7, 0x9e, 0xf7,
    0x9e, 0xf7, 0x9e, 0xf7, 0x9e, 0xf7, 0x9e, 0xf7, 0x9e, 0xf7, 0x9e, 0xf7,
    0x9e, 0xf7, 0x9e, 0xf7, 0x9e, 0xf7, 0x9e, 0xf7, 0x9e, 0xf7, 0x9e, 0xf7,
    0x9e, 0xf7, 0x9e, 0xf7, 0x9e, 0xf7, 0x9e, 0xf7, 0x9e, 0xf7, 0x9e, 0xf7,
    0x9e, 0xf7, 0x9e, 0xf7, 0x9e, 0xf7, 0x9e, 0xf7, 0x9e, 0xf7, 0x9e, 0xf7,
    0x9e, 0xf7, 0x9e, 0xf7, 0x9e, 0xf7, 0x9e, 0xf7, 0x9e, 0xf7, 0x9e, 0xf7,
    0x9e, 0xf7, 0x9e, 0xf7, 0x9e, 0xf7, 0x9e, 0xf7, 0x9e, 0xf7, 0x9e, 0xf7,
    0x9e, 0xf7, 0x9e, 0xf7, 0x9e, 0xf7, 0x9e, 0xf7, 0x9e, 0xf7, 0x9e, 0xf7,
    0x9e, 0xf7, 0x9e, 0xf7, 0x9e, 0xf7, 0x9e, 0xf7, 0x9e, 0xf7, 0x9e, 0xf7,
    0x9e, 0xf7, 0x9e, 0xf7, 0x9e, 0xf7, 0x9e, 0xf7, 0x9e, 0xf7, 0x9e, 0xf7,
    0x9e, 0xf7, 0x9e, 0xf7, 0x9e, 0xf7, 0x9e, 0xf7, 0x9e, 0xf7, 0x9e, 0xf7,
    0x9e, 0xf7, 0x9e, 0xf7, 0x9e, 0xf7, 0x9e, 0xf7, 0x9e, 0xf7, 0x9e, 0xf7,
    0x9e, 0xf7, 0x9e, 0xf7, 0x9e, 0xf7, 0x9e, 0xf7, 0x9e, 0xf7, 0x9e, 0xf7,
    0x9e, 0xf7, 0x9e, 0xf7, 0x9e, 0xf7, 0x9e, 0xf7, 0x9e, 0xf7, 0x9e, 0xf7,
    0x9e, 0xf7, 0x9e, 0xf7, 0x9e, 0xf7, 0x9e, 0xf7, 0x9e, 0xf7, 0x9e, 0xf7,
    0x9e, 0xf7, 0x9e, 0xf7, 0x9e, 0xf7, 0x9e, 0xf7, 0x9e, 0xf7, 0x9e, 0xf7,
    0x9e, 0xf7, 0x9e, 0xf7, 0x9e, 0xf7, 0x9e, 0xf7, 0x9e, 0xf7, 0x9e, 0xf7,
    0x9e, 0xf7, 0x9e, 0xf7, 0x9e, 0xf7, 0x9e, 0xf7, 0x9e, 0xf7, 0x9e, 0xf7,
    0x9e, 0xf7, 0x9e, 0xf7, 0x9e, 0xf7, 0x9e, 0xf7, 0x9e, 0xf7, 0x9e, 0xf7,
    0x9e, 0xf7, 0x9e, 0xf7, 0x9e, 0xf7, 0x9e, 0xf7, 0x9e, 0xf7, 0x9e, 0xf7,
    0x9e, 0xf7, 0x9e, 0xf7, 0x9e, 0xf7, 0x9e, 0xf7, 0x9e, 0xf7, 0x9e, 0xf7,
    0x9e, 0xf7, 0x9e, 0xf7, 0x9e, 0xf7, 0x9e, 0xf7, 0x9e, 0xf7, 0x9e, 0xf7,
    0x9e, 0xf7, 0x9e, 0xf7, 0x9e, 0xf7, 0x9e, 0xf7, 0x9e, 0xf7, 0x9e, 0xf7,
    0x9e, 0xf7, 0x9e, 0xf7, 0x9e, 0xf7, 0x9e, 0xf7, 0x9e, 0xf7, 0x9e, 0xf7,
    0x9e, 0xf7, 0x9e, 0xf7, 0x9e, 0xf7, 0x9e, 0xf7, 0x9e, 0xf7, 0x9e, 0xf7,
    0x9e, 0xf7, 0x9e, 0xf7, 0x9e, 0xf7, 0x9e, 0xf7, 0x9e, 0xf7, 0x9e, 0xf7,
    0x9e, 0xf7, 0x9e, 0xf7, 0x9e, 0xf7, 0x9e, 0xf7, 0x9e, 0xf7, 0x9e, 0xf7,
    0x9e, 0xf7, 0x9e, 0xf7, 0x9e, 0xf7, 0x9e, 0xf7, 0x9e, 0xf7, 0x9e, 0xf7,
    0x9e, 0xf7, 0x9e, 0xf7, 0x9e, 0xf7, 0x9e, 0xf7, 0x9e, 0xf7, 0x9e, 0xf7,
    0x9e, 0xf7, 0x9e, 0xf7, 0x9e, 0xf7, 0x9e, 0xf7, 0x9e, 0xf7, 0x9e, 0xf7,
    0x9e, 0xf7, 0x9e, 0xf7, 0x9e, 0xf7, 0x9e, 0xf7, 0x9e, 0xf7, 0x9e, 0xf7,
    0x9e, 0xf7, 0x9e, 0xf7, 0x9e, 0xf7, 0x9e, 0xf7, 0x9e, 0xf7, 0x9e, 0xf7,
    0x9e, 0xf7, 0x9e, 0xf7, 0x9e, 0xf7, 0x9e, 0xf7, 0x9e, 0xf7, 0x9e, 0xf7,
    0x9e, 0xf7, 0x9e, 0xf7, 0x9e, 0xf7, 0x9e, 0xf7, 0x9e, 0xf7, 0x9e, 0xf7,
    0x9e, 0xf7, 0x9e, 0xf7, 0x9e, 0xf7, 0x9e, 0xf7, 0x9e, 0xf7, 0x9e, 0xf7,
    0x9e, 0xf7, 0x9e, 0xf7, 0x9e, 0xf7, 0x9e, 0xf7, 0x9e, 0xf7, 0x9e, 0xf7,
    0x9e, 0xf7, 0x9e, 0xf7, 0x9e, 0xf7, 0x9e, 0xf7, 0x9e, 0xf7, 0x9e, 0xf7,
    0x9e, 0xf7, 0x9e, 0xf7, 0x9e, 0xf7, 0x9e, 0xf7, 0x9e, 0xf7, 0x9e, 0xf7,
    0x9e, 0xf7, 0x9e, 0xf7, 0x9e, 0xf7, 0x9e, 0xf7, 0x9e, 0xf7, 0x9e, 0xf7,
    0x9e, 0xf7, 0x9e, 0xf7, 0x9e, 0xf7, 0x9e, 0xf7, 0x9e, 0xf7, 0x9e, 0xf7,
    0x9e, 0xf7, 0x9e, 0xf7, 0x9e, 0xf7, 0x9e, 0xf7, 0x9e, 0xf7, 0x9e, 0xf7,
    0x9e, 0xf7, 0x9e, 0xf7, 0x9e, 0xf7, 0x9e, 0xf7, 0x9e, 0xf7, 0x9e, 0xf7,
    0x9e, 0xf7, 0x9e, 0xf7, 0x9e, 0xf7, 0x9e, 0xf7, 0x9e, 0xf7, 0x9e, 0xf7,
    0x9e, 0xf7, 0x9e, 0xf7, 0x9e, 0xf7, 0x9e, 0xf7, 0x9e, 0xf7, 0x9e, 0xf7,
    0x9e, 0xf7, 0x9e, 0xf7, 0x9e, 0xf7, 0x9e, 0xf7, 0x9e, 0xf7, 0x9e, 0xf7,
    0x9e, 0xf7, 0x9e, 0xf7, 0x9e, 0xf7, 0x9e, 0xf7, 0x9e, 0xf7, 0x9e, 0xf7,
    0x9e, 0xf7, 0x9e, 0xf7, 0x9e, 0xf7, 0x9e, 0xf7, 0x9e, 0xf7, 0x9e, 0xf7,
    0x9e, 0xf7, 0x9e, 0xf7, 0x9e, 0xf7, 0x9e, 0xf7, 0x9e, 0xf7, 0x9e, 0xf7,
    0x9e, 0xf7, 0x9e, 0xf7, 0x9e, 0xf7, 0x9e, 0xf7, 0x9e, 0xf7, 0x9e, 0xf7,
    0x9e, 0xf7, 0x9e, 0xf7, 0x9e, 0xf7, 0x9e, 0xf7, 0x9e, 0xf7, 0x9e, 0xf7,
    0x9e, 0xf7, 0x9e, 0xf7, 0x9e, 0xf7, 0x9e, 0xf7, 0x9e, 0xf7, 0x9e, 0xf7,
    0x9e, 0xf7, 0x9e, 0xf7, 0x9e, 0xf7, 0x9e, 0xf7, 0x9e, 0xf7, 0x9e, 0xf7,
    0x9e, 0xf7, 0x9e, 0xf7, 0x9e, 0xf7, 0x9e, 0xf7, 0x9e, 0xf7, 0x9e, 0xf7,
    0x9e, 0xf7, 0x9e, 0xf7, 0x9e, 0xf7, 0x9e, 0xf7, 0x9e, 0xf7, 0x9e, 0xf7,
    0x9e, 0xf7, 0x9e, 0xf7, 0x9e, 0xf7, 0x9e, 0xf7, 0x9e, 0xf7, 0x9e, 0xf7,
    0x9e, 0xf7, 0x9e, 0xf7, 0x9e, 0xf7, 0x9e, 0xf7, 0x9e, 0xf7, 0x9e, 0xf7,
    0x9e, 0xf7, 0x9e, 0xf7, 0x9e, 0xf7, 0x9e, 0xf7, 0x9e, 0xf7, 0x9e, 0xf7,
    0x9e, 0xf7, 0x9e, 0xf7, 0x9e, 0xf7, 0x9e, 0xf7, 0x9e, 0xf7, 0x9e, 0xf7,
    0x9e, 0xf7, 0x9e, 0xf7, 0x9e, 0xf7, 0x9e, 0xf7, 0x9e, 0xf7, 0x9e, 0xf7,
    0x9e, 0xf7, 0x9e, 0xf7, 0x9e, 0xf7, 0x9e, 0xf7, 0x9e, 0xf7, 0x9e, 0xf7,
    0x9e, 0xf7, 0x9e, 0xf7, 0x9e, 0xf7, 0x9e, 0xf7, 0x9e, 0xf7, 0x9e, 0xf7,
    0x9e, 0xf7, 0x9e, 0xf7, 0x9e, 0xf7, 0x9e, 0xf7, 0x9e, 0xf7, 0x9e, 0xf7,
    0x9e, 0xf7, 0x9e, 0xf7, 0x9e, 0xf7, 0x9e, 0xf7, 0x9e, 0xf7, 0x9e, 0xf7,
    0x9e, 0xf7, 0x9e, 0xf7, 0x9e, 0xf7, 0x9e, 0xf7, 0x9e, 0xf7, 0x9e, 0xf7,
    0x9e, 0xf7, 0x9e, 0xf7, 0x9e, 0xf7, 0x9e, 0xf7, 0x9e, 0xf7, 0x9e, 0xf7,
    0x9e, 0xf7, 0x9e, 0xf7, 0x9e, 0xf7, 0x9e, 0xf7, 0x9e, 0xf7, 0x9e, 0xf7,
    0x9e, 0xf7, 0x9e, 0xf7, 0x9e, 0xf7, 0x9e, 0xf7, 0x9e, 0xf7, 0x9e, 0xf7,
    0x9e, 0xf7, 0x9e, 0xf7, 0x9e, 0xf7, 0x9e, 0xf7, 0x9e, 0xf7, 0x9e, 0xf7,
    0x9e, 0xf7, 0x9e, 0xf7, 0x9e, 0xf7, 0x9e, 0xf7, 0x9e, 0xf7, 0x9e, 0xf7,
    0x9e, 0xf7, 0x9e, 0xf7, 0x9e, 0xf7, 0x9e, 0xf7, 0x9e, 0xf7, 0x9e, 0xf7,
    0x9e, 0xf7, 0x9e, 0xf7, 0x9e, 0xf7, 0x9e, 0xf7, 0x9e, 0xf7, 0x9e, 0xf7,
    0x9e, 0xf7, 0x9e, 0xf7, 0x9e, 0xf7, 0x9e, 0xf7, 0x9e, 0xf7, 0x9e, 0xf7,
    0x9e, 0xf7, 0x9e, 0xf7, 0x9e, 0xf7, 0x9e, 0xf7, 0x9e, 0xf7, 0x9e, 0xf7,
    0x9e, 0xf7, 0x9e, 0xf7, 0x9e, 0xf7, 0x9e, 0xf7, 0x9e, 0xf7, 0x9e, 0xf7,
    0x9e, 0xf7, 0x9e, 0xf7, 0x9e, 0xf7, 0x9e, 0xf7, 0x9e, 0xf7, 0x9e, 0xf7,
    0x9e, 0xf7, 0x9e, 0xf7, 0x9e, 0xf7, 0x9e, 0xf7, 0x9e, 0xf7, 0x9e, 0xf7,
    0x9e, 0xf7, 0x9e, 0xf7, 0x9e, 0xf7, 0x9e, 0xf7, 0x9e, 0xf7, 0x9e, 0xf7,
    0x9e, 0xf7, 0x9e, 0xf7, 0x9e, 0xf7, 0x9e, 0xf7, 0x9e, 0xf7, 0x9e, 0xf7,
    0x9e, 0xf7, 0x9e, 0xf7, 0x9e, 0xf7, 0x9e, 0xf7, 0x9e, 0xf7, 0x9e, 0xf7,
    0x9e, 0xf7, 0x9e, 0xf7, 0x9e, 0xf7, 0x9e, 0xf7, 0x9e, 0xf7, 0x9e, 0xf7,
    0x9e, 0xf7, 0x9e, 0xf7, 0x9e, 0xf7, 0x9e, 0xf7, 0x9e, 0xf7, 0x9e, 0xf7,
    0x9e, 0xf7, 0x9e, 0xf7, 0x9e, 0xf7, 0x9e, 0xf7, 0x9e, 0xf7, 0x9e, 0xf7,
    0x9e, 0xf7, 0x9e, 0xf7, 0x9e, 0xf7, 0x9e, 0xf7, 0x9e, 0xf7, 0x9e, 0xf7,
    0x9e, 0xf7, 0x9e, 0xf7, 0x9e, 0xf7, 0x9e, 0xf7, 0x9e, 0xf7, 0x9e, 0xf7,
    0x9e, 0xf7, 0x9e, 0xf7, 0x9e, 0xf7, 0x9e, 0xf7, 0x9e, 0xf7, 0x9e, 0xf7,
    0x9e, 0xf7, 0x9e, 0xf7, 0x9e, 0xf7, 0x9e, 0xf7, 0x9e, 0xf7, 0x9e, 0xf7,
    0x9e, 0xf7, 0x9e, 0xf7, 0x9e, 0xf7, 0x9e, 0xf7, 0x9e, 0xf7, 0x9e, 0xf7,
    0x9e, 0xf7, 0x9e, 0xf7, 0x9e, 0xf7, 0x9e, 0xf7, 0x9e, 0xf7, 0x9e, 0xf7,
    0x9e, 0xf7, 0x9e, 0xf7, 0x9e, 0xf7, 0x9e, 0xf7, 0x9e, 0xf7, 0x9e, 0xf7,
    0x9e, 0xf7, 0x9e, 0xf7, 0x9e, 0xf7, 0x9e, 0xf7, 0x9e, 0xf7, 0x9e, 0xf7,
    0x9e, 0xf7, 0x9e, 0xf7, 0x9e, 0xf7, 0x9e, 0xf7, 0x9e, 0xf7, 0x9e, 0xf7,
    0x9e, 0xf7, 0x9e, 0xf7, 0x9e, 0xf7, 0x9e, 0xf7, 0x9e, 0xf7, 0x9e, 0xf7,
    0x9e, 0xf7, 0x9e, 0xf7, 0x9e, 0xf7, 0x9e, 0xf7, 0x9e, 0xf7, 0x9e, 0xf7,
    0x9e, 0xf7, 0x9e, 0xf7, 0x9e, 0xf7, 0x9e, 0xf7, 0x9e, 0xf7, 0x9e, 0xf7,
    0x9e, 0xf7, 0x9e, 0xf7, 0x9e, 0xf7, 0x9e, 0xf7, 0x9e, 0xf7, 0x9e, 0xf7,
    0x9e, 0xf7, 0x9e, 0xf7, 0x9e, 0xf7, 0x9e, 0xf7, 0x9e, 0xf7, 0x9e, 0xf7,
    0x9e, 0xf7, 0x9e, 0xf7, 0x9e, 0xf7, 0x9e, 0xf7, 0x9e, 0xf7, 0x9e, 0xf7,
    0x9e, 0xf7, 0x9e, 0xf7, 0x9e, 0xf7, 0x9e, 0xf7, 0x9e, 0xf7, 0x9e, 0xf7,
    0x9e, 0xf7, 0x9e, 0xf7, 0x9e, 0xf7, 0x9e, 0xf7, 0x9e, 0xf7, 0x9e, 0xf7,
    0x9e, 0xf7, 0x9e, 0xf7, 0x9e, 0xf7, 0x9e, 0xf7, 0x9e, 0xf7, 0x9e, 0xf7,
    0x9e, 0xf7, 0x9e, 0xf7, 0x9e, 0xf7, 0x9e, 0xf7, 0x9e, 0xf7, 0x9e, 0xf7,
    0x9e, 0xf7, 0x9e, 0xf7, 0x9e, 0xf7, 0x9e, 0xf7, 0x9e, 0xf7, 0x9e, 0xf7,
    0x9e, 0xf7, 0x9e, 0xf7, 0x9e, 0xf7, 0x9e, 0xf7, 0x9e, 0xf7, 0x9e, 0xf7,
    0x9e, 0xf7, 0x9e, 0xf7, 0x9e, 0xf7, 0x9e, 0xf7, 0x9e, 0xf7, 0x9e, 0xf7,
    0x9e, 0xf7, 0x9e, 0xf7, 0x9e, 0xf7, 0x9e, 0xf7, 0x9e, 0xf7, 0x9e, 0xf7,
    0x9e, 0xf7, 0x9e, 0xf7, 0x9e, 0xf7, 0x9e, 0xf7, 0x9e, 0xf7, 0x9e, 0xf7,
    0x9e, 0xf7, 0x9e, 0xf7, 0x9e, 0xf7, 0x9e, 0xf7, 0x9e, 0xf7, 0x9e, 0xf7,
    0x9e, 0xf7, 0x9e, 0xf7, 0x9e, 0xf7, 0x9e, 0xf7, 0x9e, 0xf7, 0x9e, 0xf7,
    0x9e, 0xf7, 0x9e, 0xf7, 0x9e, 0xf7, 0x9e, 0xf7, 0x9e, 0xf7, 0x9e, 0xf7,
    0x9e, 0xf7, 0x9e, 0xf7, 0x9e, 0xf7, 0x9e, 0xf7, 0x9e, 0xf7, 0x9e, 0xf7,
    0x9e, 0xf7, 0x9e, 0xf7, 0x9e, 0xf7, 0x9e, 0xf7, 0x9e, 0xf7, 0x9e, 0xf7,
    0x9e, 0xf7, 0x9e, 0xf7, 0x9e, 0xf7, 0x9e, 0xf7, 0x9e, 0xf7, 0x9e, 0xf7,
    0x9e, 0xf7, 0x9e, 0xf7, 0x9e, 0xf7, 0x9e, 0xf7, 0x9e, 0xf7, 0x9e, 0xf7,
    0x9e, 0xf7, 0x9e, 0xf7, 0x9e, 0xf7, 0x9e, 0xf7, 0x9e, 0xf7, 0x9e, 0xf7,
    0x9e, 0xf7, 0x9e, 0xf7, 0x9e, 0xf7, 0x9e, 0xf7, 0x9e, 0xf7, 0x9e, 0xf7,
    0x9e, 0xf7, 0x9e, 0xf7, 0x9e, 0xf7, 0x9e, 0xf7, 0x9e, 0xf7, 0x9e, 0xf7,
    0x9e, 0xf7, 0x9e, 0xf7, 0x9e, 0xf7, 0x9e, 0xf7, 0x9e, 0xf7, 0x9e, 0xf7,
    0x9e, 0xf7, 0x9e, 0xf7, 0x9e, 0xf7, 0x9e, 0xf7, 0x9e, 0xf7, 0x9e, 0xf7,
    0x9e, 0xf7, 0x9e, 0xf7, 0x9e, 0xf7, 0x9e, 0xf7, 0x9e, 0xf7, 0x9e, 0xf7,
    0x9e, 0xf7, 0x9e, 0xf7, 0x9e, 0xf7, 0x9e, 0xf7, 0x9e, 0xf7, 0x9e, 0xf7,
    0x9e, 0xf7, 0x9e, 0xf7, 0x9e, 0xf7, 0x9e, 0xf7, 0x9e, 0xf7, 0x9e, 0xf7,
    0x9e, 0xf7, 0x9e, 0xf7, 0x9e, 0xf7, 0x9e, 0xf7, 0x9e, 0xf7, 0x9e, 0xf7,
    0x9e, 0xf7, 0x9e, 0xf7, 0x9e, 0xf7, 0x9e, 0xf7, 0x9e, 0xf7, 0x9e, 0xf7,
    0x9e, 0xf7, 0x9e, 0xf7, 0x9e, 0xf7, 0x9e, 0xf7, 0x9e, 0xf7, 0x9e, 0xf7,
    0x9e, 0xf7, 0x9e, 0xf7, 0x9e, 0xf7, 0x9e, 0xf7, 0x9e, 0xf7, 0x9e, 0xf7,
    0x9e, 0xf7, 0x9e, 0xf7, 0x9e, 0xf7, 0x9e, 0xf7, 0x9e, 0xf7, 0x9e, 0xf7,
    0x9e, 0xf7, 0x9e, 0xf7, 0x9e, 0xf7, 0x9e, 0xf7, 0x9e, 0xf7, 0x9e, 0xf7,
    0x9e, 0xf7, 0x9e, 0xf7, 0x9e, 0xf7, 0x9e, 0xf7, 0x9e, 0xf7, 0x9e, 0xf7,
    0x9e, 0xf7, 0x9e, 0xf7, 0x9e, 0xf7, 0x9e, 0xf7, 0x9e, 0xf7, 0x9e, 0xf7,
    0x9e, 0xf7, 0x9e, 0xf7, 0x9e, 0xf7, 0x9e, 0xf7, 0x9e, 0xf7, 0x9e, 0xf7,
    0x9e, 0xf7, 0x9e, 0xf7, 0x9e, 0xf7, 0x9e, 0xf7, 0x9e, 0xf7, 0x9e, 0xf7,
    0x9e, 0xf7, 0x9e, 0xf7, 0x9e, 0xf7, 0x9e, 0xf7, 0x9e, 0xf7, 0x9e, 0xf7,
    0x9e, 0xf7, 0x9e, 0xf7, 0x9e, 0xf7, 0x9e, 0xf7, 0x9e, 0xf7, 0x9e, 0xf7,
    0x9e, 0xf7, 0x9e, 0xf7, 0x9e, 0xf7, 0x9e, 0xf7, 0x9e, 0xf7, 0x9e, 0xf7,
    0x9e, 0xf7, 0x9e, 0xf7, 0x9e, 0xf7, 0x9e, 0xf7, 0x9e, 0xf7, 0x9e, 0xf7,
    0x9e, 0xf7, 0x9e, 0xf7, 0x9e, 0xf7, 0x9e, 0xf7, 0x9e, 0xf7, 0x9e, 0xf7,
    0x9e, 0xf7, 0x9e, 0xf7, 0x9e, 0xf7, 0x9e, 0xf7, 0x9e, 0xf7, 0x9e, 0xf7,
    0x9e, 0xf7, 0x9e, 0xf7, 0x9e, 0xf7, 0x9e, 0xf7, 0x9e, 0xf7, 0x9e, 0xf7,
    0x9e, 0xf7, 0x9e, 0xf7, 0x9e, 0xf7, 0x9e, 0xf7, 0x9e, 0xf7, 0x9e, 0xf7,
    0x9e, 0xf7, 0x9e, 0xf7, 0x9e, 0xf7, 0x9e, 0xf7, 0x9e, 0xf7, 0x9e, 0xf7,
    0x9e, 0xf7, 0x9e, 0xf7, 0x9e, 0xf7, 0x9e, 0xf7, 0x9e, 0xf7, 0x9e, 0xf7,
    0x9e, 0xf7, 0x9e, 0xf7, 0x9e, 0xf7, 0x9e, 0xf7, 0x9e, 0xf7, 0x9e, 0xf7,
    0x9e, 0xf7, 0x9e, 0xf7, 0x9e, 0xf7, 0x9e, 0xf7, 0x9e, 0xf7, 0x9e, 0xf7,
    0x9e, 0xf7, 0x9e, 0xf7, 0x9e, 0xf7, 0x9e, 0xf7, 0x9e, 0xf7, 0x9e, 0xf7,
    0x9e, 0xf7, 0x9e, 0xf7, 0x9e, 0xf7, 0x9e, 0xf7, 0x9e, 0xf7, 0x9e, 0xf7,
    0x9e, 0xf7, 0x9e, 0xf7, 0x9e, 0xf7, 0x9e, 0xf7, 0x9e, 0xf7, 0x9e, 0xf7,
    0x9e, 0xf7, 0x9e, 0xf7, 0x9e, 0xf7, 0x9e, 0xf7, 0x9e, 0xf7, 0x9e, 0xf7,
    0x9e, 0xf7, 0x9e, 0xf7, 0x9e, 0xf7, 0x9e, 0xf7, 0x9e, 0xf7, 0x9e, 0xf7,
    0x9e, 0xf7, 0x9e, 0xf7, 0x9e, 0xf7, 0x9e, 0xf7, 0x9e, 0xf7, 0x9e, 0xf7,
    0x9e, 0xf7, 0x9e, 0xf7, 0x9e, 0xf7, 0x9e, 0xf7, 0x9e, 0xf7, 0x9e, 0xf7,
    0x9e, 0xf7, 0x9e, 0xf7, 0x9e, 0xf7, 0x9e, 0xf7, 0x9e, 0xf7, 0x9e, 0xf7,
    0x9e, 0xf7, 0x9e, 0xf7, 0x9e, 0xf7, 0x9e, 0xf7, 0x9e, 0xf7, 0x9e, 0xf7,
    0x9e, 0xf7, 0x9e, 0xf7, 0x9e, 0xf7, 0x9e, 0xf7, 0x9e, 0xf7, 0x9e, 0xf7,
    0x9e, 0xf7, 0x9e, 0xf7, 0x9e, 0xf7, 0x9e, 0xf7, 0x9e, 0xf7, 0x9e, 0xf7,
    0x9e, 0xf7, 0x9e, 0xf7, 0x9e, 0xf7, 0x9e, 0xf7, 0x9e, 0xf7, 0x9e, 0xf7,
    0x9e, 0xf7, 0x9e, 0xf7, 0x9e, 0xf7, 0x9e, 0xf7, 0x9e, 0xf7, 0x9e, 0xf7,
    0x9e, 0xf7, 0x9e, 0xf7, 0x9e, 0xf7, 0x9e, 0xf7, 0x9e, 0xf7, 0x9e, 0xf7,
    0x9e, 0xf7, 0x9e, 0xf7, 0x9e, 0xf7, 0x9e, 0xf7, 0x9e, 0xf7, 0x9e, 0xf7,
    0x9e, 0xf7, 0x9e, 0xf7, 0x9e, 0xf7, 0x9e, 0xf7, 0x9e, 0xf7, 0x9e, 0xf7,
    0x9e, 0xf7, 0x9e, 0xf7, 0x9e, 0xf7, 0x9e, 0xf7, 0x9e, 0xf7, 0x9e, 0xf7,
    0x9e, 0xf7, 0x9e, 0xf7, 0x9e, 0xf7, 0x9e, 0xf7, 0x9e, 0xf7, 0x9e, 0xf7,
    0x9e, 0xf7, 0x9e, 0xf7, 0x9e, 0xf7, 0x9e, 0xf7, 0x9e, 0xf7, 0x9e, 0xf7,
    0x9e, 0xf7, 0x9e, 0xf7, 0x9e, 0xf7, 0x9e, 0xf7, 0x9e, 0xf7, 0x9e, 0xf7,
    0x9e, 0xf7, 0x9e, 0xf7, 0x9e, 0xf7, 0x9e, 0xf7, 0x9e, 0xf7, 0x9e, 0xf7,
    0x9e, 0xf7, 0x9e, 0xf7, 0x9e, 0xf7, 0x9e, 0xf7, 0x9e, 0xf7, 0x9e, 0xf7,
    0x9e, 0xf7, 0x9e, 0xf7, 0x9e, 0xf7, 0x9e, 0xf7, 0x9e, 0xf7, 0x9e, 0xf7,
    0x9e, 0xf7, 0x9e, 0xf7, 0x9e, 0xf7, 0x9e, 0xf7, 0x9e, 0xf7, 0x9e, 0xf7,
    0x9e, 0xf7, 0x9e, 0xf7, 0x9e, 0xf7, 0x9e, 0xf7, 0x9e, 0xf7, 0x9e, 0xf7,
    0x9e, 0xf7, 0x9e, 0xf7, 0x9e, 0xf7, 0x9e, 0xf7, 0x9e, 0xf7, 0x9e, 0xf7,
    0x9e, 0xf7, 0x9e, 0xf7, 0x9e, 0xf7, 0x9e, 0xf7, 0x9e, 0xf7, 0x9e, 0xf7,
    0x9e, 0xf7, 0x9e, 0xf7, 0x9e, 0xf7, 0x9e, 0xf7, 0x9e, 0xf7, 0x9e, 0xf7,
    0x9e, 0xf7, 0x9e, 0xf7, 0x9e, 0xf7, 0x9e, 0xf7, 0x9e, 0xf7, 0x9e, 0xf7,
    0x9e, 0xf7, 0x9e, 0xf7, 0x9e, 0xf7, 0x9e, 0xf7, 0x9e, 0xf7, 0x9e, 0xf7,
    0x9e, 0xf7, 0x9e, 0xf7, 0x9e, 0xf7, 0x9e, 0xf7, 0x9e, 0xf7, 0x9e, 0xf7,
    0x9e, 0xf7, 0x9e, 0xf7, 0x9e, 0xf7, 0x9e, 0xf7, 0x9e, 0xf7, 0x9e, 0xf7,
    0x9e, 0xf7, 0x9e, 0xf7, 0x9e, 0xf7, 0x9e, 0xf7, 0x9e, 0xf7, 0x9e, 0xf7,
    0x9e, 0xf7, 0x9e, 0xf7, 0x9e, 0xf7, 0x9e, 0xf7, 0x9e, 0xf7, 0x9e, 0xf7,
    0x9e, 0xf7, 0x9e, 0xf7, 0x9e, 0xf7, 0x9e, 0xf7, 0x9e, 0xf7, 0x9e, 0xf7,
    0x9e, 0xf7, 0x9e, 0xf7, 0x9e, 0xf7, 0x9e, 0xf7, 0x9e, 0xf7, 0x9e, 0xf7,
    0x9e, 0xf7, 0x9e, 0xf7, 0x9e, 0xf7, 0x9e, 0xf7, 0x9e, 0xf7, 0x9e, 0xf7,
    0x9e, 0xf7, 0x9e, 0xf7, 0x9e, 0xf7, 0x9e, 0xf7, 0x9e, 0xf7, 0x9e, 0xf7,
    0x9e, 0xf7, 0x9e, 0xf7, 0x9e, 0xf7, 0x9e, 0xf7, 0x9e, 0xf7, 0x9e, 0xf7,
    0x9e, 0xf7, 0x9e, 0xf7, 0x9e, 0xf7, 0x9e, 0xf7, 0x9e, 0xf7, 0x9e, 0xf7,
    0x9e, 0xf7, 0x9e, 0xf7, 0x9e, 0xf7, 0x9e, 0xf7, 0x9e, 0xf7, 0x9e, 0xf7,
    0x9e, 0xf7, 0x9e, 0xf7, 0x9e, 0xf7, 0x9e, 0xf7, 0x9e, 0xf7, 0x9e, 0xf7,
    0x9e, 0xf7, 0x9e, 0xf7, 0x9e, 0xf7, 0x9e, 0xf7, 0x9e, 0xf7, 0x9e, 0xf7,
    0x9e, 0xf7, 0x9e, 0xf7, 0x9e, 0xf7, 0x9e, 0xf7, 0x9e, 0xf7, 0x9e, 0xf7,
    0x9e, 0xf7, 0x9e, 0xf7, 0x9e, 0xf7, 0x9e, 0xf7, 0x9e, 0xf7, 0x9e, 0xf7,
    0x9e, 0xf7, 0x9e, 0xf7, 0x9e, 0xf7, 0x9e, 0xf7, 0x9e, 0xf7, 0x9e, 0xf7,
    0x9e, 0xf7, 0x9e, 0xf7, 0x9e, 0xf7, 0x9e, 0xf7, 0x9e, 0xf7, 0x9e, 0xf7,
    0x9e, 0xf7, 0x9e, 0xf7, 0x9e, 0xf7, 0x9e, 0xf7, 0x9e, 0xf7, 0x9e, 0xf7,
    0x9e, 0xf7, 0x9e, 0xf7, 0x9e, 0xf7, 0x9e, 0xf7, 0x9e, 0xf7, 0x9e, 0xf7,
    0x9e, 0xf7, 0x9e, 0xf7, 0x9e, 0xf7, 0x9e, 0xf7, 0x9e, 0xf7, 0x9e, 0xf7,
    0x9e, 0xf7, 0x9e, 0xf7, 0x9e, 0xf7, 0x9e, 0xf7, 0x9e, 0xf7, 0x9e, 0xf7,
    0x9e, 0xf7, 0x9e, 0xf7, 0x9e, 0xf7, 0x9e, 0xf7, 0x9e, 0xf7, 0x9e, 0xf7,
    0x9e, 0xf7, 0x9e, 0xf7, 0x9e, 0xf7, 0x9e, 0xf7, 0x9e, 0xf7, 0x9e, 0xf7,
    0x9e, 0xf7, 0x9e, 0xf7, 0x9e, 0xf7, 0x9e, 0xf7, 0x9e, 0xf7, 0x9e, 0xf7,
    0x9e, 0xf7, 0x9e, 0xf7, 0x9e, 0xf7, 0x9e, 0xf7, 0x9e, 0xf7, 0x9e, 0xf7,
    0x9e, 0xf7, 0x9e, 0xf7, 0x9e, 0xf7, 0x9e, 0xf7, 0x9e, 0xf7, 0x9e, 0xf7,
    0x9e, 0xf7, 0x9e, 0xf7, 0x9e, 0xf7, 0x9e, 0xf7, 0x9e, 0xf7, 0x9e, 0xf7,
    0x9e, 0xf7, 0x9e, 0xf7, 0x9e, 0xf7, 0x9e, 0xf7, 0x9e, 0xf7, 0x9e, 0xf7,
    0x9e, 0xf7, 0x9e, 0xf7, 0x9e, 0xf7, 0x9e, 0xf7, 0x9e, 0xf7, 0x9e, 0xf7,
    0x9e, 0xf7, 0x9e, 0xf7, 0x9e, 0xf7, 0x9e, 0xf7, 0x9e, 0xf7, 0x9e, 0xf7,
    0x9e, 0xf7, 0x9e, 0xf7, 0x9e, 0xf7, 0x9e, 0xf7, 0x9e, 0xf7, 0x9e, 0xf7,
    0x9e, 0xf7, 0x9e, 0xf7, 0x9e, 0xf7, 0x9e, 0xf7, 0x9e, 0xf7, 0x9e, 0xf7,
    0x9e, 0xf7, 0x9e, 0xf7, 0x9e, 0xf7, 0x9e, 0xf7, 0x9e, 0xf7, 0x9e, 0xf7,
    0x9e, 0xf7, 0x9e, 0xf7, 0x9e, 0xf7, 0x9e, 0xf7, 0x9e, 0xf7, 0x9e, 0xf7,
    0x9e, 0xf7, 0x9e, 0xf7, 0x9e, 0xf7, 0x9e, 0xf7, 0x9e, 0xf7, 0x9e, 0xf7,
    0x9e, 0xf7, 0x9e, 0xf7, 0x9e, 0xf7, 0x9e, 0xf7, 0x9e, 0xf7, 0x9e, 0xf7,
    0x9e, 0xf7, 0x9e, 0xf7, 0x9e, 0xf7, 0x9e, 0xf7, 0x9e, 0xf7, 0x9e, 0xf7,
    0x9e, 0xf7, 0x9e, 0xf7, 0x9e, 0xf7, 0x9e, 0xf7, 0x9e, 0xf7, 0x9e, 0xf7,
    0x9e, 0xf7, 0x9e, 0xf7, 0x9e, 0xf7, 0x9e, 0xf7, 0x9e, 0xf7, 0x9e, 0xf7,
    0x9e, 0xf7, 0x9e, 0xf7, 0x9e, 0xf7, 0x9e, 0xf7, 0x9e, 0xf7, 0x9e, 0xf7,
    0x9e, 0xf7, 0x9e, 0xf7, 0x9e, 0xf7, 0x9e, 0xf7, 0x9e, 0xf7, 0x9e, 0xf7,
    0x9e, 0xf7, 0x9e, 0xf7, 0x9e, 0xf7, 0x9e, 0xf7, 0x9e, 0xf7, 0x9e, 0xf7,
    0x9e, 0xf7, 0x9e, 0xf7, 0x9e, 0xf7, 0x9e, 0xf7, 0x9e, 0xf7, 0x9e, 0xf7,
    0x9e, 0xf7, 0x9e, 0xf7, 0x9e, 0xf7, 0x9e, 0xf7, 0x9e, 0xf7, 0x9e, 0xf7,
    0x9e, 0xf7, 0x9e, 0xf7, 0x9e, 0xf7, 0x9e, 0xf7, 0x9e, 0xf7, 0x9e, 0xf7,
    0x9e, 0xf7, 0x9e, 0xf7, 0x9e, 0xf7, 0x9e, 0xf7, 0x9e, 0xf7, 0x9e, 0xf7,
    0x9e, 0xf7, 0x9e, 0xf7, 0x9e, 0xf7, 0x9e, 0xf7, 0x9e, 0xf7, 0x9e, 0xf7,
    0x9e, 0xf7, 0x9e, 0xf7, 0x9e, 0xf7, 0x9e, 0xf7, 0x9e, 0xf7, 0x9e, 0xf7,
    0x9e, 0xf7, 0x9e, 0xf7, 0x9e, 0xf7, 0x9e, 0xf7, 0x9e, 0xf7, 0x9e, 0xf7,
    0x9e, 0xf7, 0x9e, 0xf7, 0x9e, 0xf7, 0x9e, 0xf7, 0x9e, 0xf7, 0x9e, 0xf7,
    0x9e, 0xf7, 0x9e, 0xf7, 0x9e, 0xf7, 0x9e, 0xf7, 0x9e, 0xf7, 0x9e, 0xf7,
    0x9e, 0xf7, 0x9e, 0xf7, 0x9e, 0xf7, 0x9e, 0xf7, 0x9e, 0xf7, 0x9e, 0xf7,
    0x9e, 0xf7, 0x9e, 0xf7, 0x9e, 0xf7, 0x9e, 0xf7, 0x9e, 0xf7, 0x9e, 0xf7,
    0x9e, 0xf7, 0x9e, 0xf7, 0x9e, 0xf7, 0x9e, 0xf7, 0x9e, 0xf7, 0x9e, 0xf7,
    0x9e, 0xf7, 0x9e, 0xf7, 0x9e, 0xf7, 0x9e, 0xf7, 0x9e, 0xf7, 0x9e, 0xf7,
    0x9e, 0xf7, 0x9e, 0xf7, 0x9e, 0xf7, 0x9e, 0xf7, 0x9e, 0xf7, 0x9e, 0xf7,
    0x9e, 0xf7, 0x9e, 0xf7, 0x9e, 0xf7, 0x9e, 0xf7, 0x9e, 0xf7, 0x9e, 0xf7,
    0x9e, 0xf7, 0x9e, 0xf7, 0x9e, 0xf7, 0x9e, 0xf7, 0x9e, 0xf7, 0x9e, 0xf7,
    0x9e, 0xf7, 0x9e, 0xf7, 0x9e, 0xf7, 0x9e, 0xf7, 0x9e, 0xf7, 0x9e, 0xf7,
    0x9e, 0xf7, 0x9e, 0xf7, 0x9e, 0xf7, 0x9e, 0xf7, 0x9e, 0xf7, 0x9e, 0xf7,
    0x9e, 0xf7, 0x9e, 0xf7, 0x9e, 0xf7, 0x9e, 0xf7, 0x9e, 0xf7, 0x9e, 0xf7,
    0x9e, 0xf7, 0x9e, 0xf7, 0x9e, 0xf7, 0x9e, 0xf7, 0x9e, 0xf7, 0x9e, 0xf7,
    0x9e, 0xf7, 0x9e, 0xf7, 0x9e, 0xf7, 0x9e, 0xf7, 0x9e, 0xf7, 0x9e, 0xf7,
    0x9e, 0xf7, 0x9e, 0xf7, 0x9e, 0xf7, 0x9e, 0xf7, 0x9e, 0xf7, 0x9e, 0xf7,
    0x9e, 0xf7, 0x9e, 0xf7, 0x9e, 0xf7, 0x9e, 0xf7, 0x9e, 0xf7, 0x9e, 0xf7,
    0x9e, 0xf7, 0x9e, 0xf7, 0x9e, 0xf7, 0x9e, 0xf7, 0x9e, 0xf7, 0x9e, 0xf7,
    0x9e, 0xf7, 0x9e, 0xf7, 0x9e, 0xf7, 0x9e, 0xf7, 0x9e, 0xf7, 0x9e, 0xf7,
    0x9e, 0xf7, 0x9e, 0xf7, 0x9e, 0xf7, 0x9e, 0xf7, 0x9e, 0xf7, 0x9e, 0xf7,
    0x9e, 0xf7, 0x9e, 0xf7, 0x9e, 0xf7, 0x9e, 0xf7, 0x9e, 0xf7, 0x9e, 0xf7,
    0x9e, 0xf7, 0x9e, 0xf7, 0x9e, 0xf7, 0x9e, 0xf7, 0x9e, 0xf7, 0x9e, 0xf7,
    0x9e, 0xf7, 0x9e, 0xf7, 0x9e, 0xf7, 0x9e, 0xf7, 0x9e, 0xf7, 0x9e, 0xf7,
    0x9e, 0xf7, 0x9e, 0xf7, 0xf7, 0xe6, 0xf7, 0xe6, 0x9e, 0xf7, 0x9e, 0xf7,
    0x9e, 0xf7, 0x9e, 0xf7, 0x9e, 0xf7, 0x9e, 0xf7, 0x9e, 0xf7, 0x9e, 0xf7,
    0x9e, 0xf7, 0x9e, 0xf7, 0x9e, 0xf7, 0x9e, 0xf7, 0x9e, 0xf7, 0x9e, 0xf7,
    0x9e, 0xf7, 0x9e, 0xf7, 0x9e, 0xf7, 0x9e, 0xf7, 0x9e, 0xf7, 0x9e, 0xf7,
    0x9e, 0xf7, 0x9e, 0xf7, 0x9e, 0xf7, 0x9e, 0xf7, 0x9e, 0xf7, 0x9e, 0xf7,
    0x9e, 0xf7, 0x9e, 0xf7, 0x9e, 0xf7, 0x9e, 0xf7, 0x9e, 0xf7, 0x9e, 0xf7,
    0x9e, 0xf7, 0x9e, 0xf7, 0x9e, 0xf7, 0x9e, 0xf7, 0x9e, 0xf7, 0x9e, 0xf7,
    0x9e, 0xf7, 0x9e, 0xf7, 0x9e, 0xf7, 0x9e, 0xf7, 0x9e, 0xf7, 0x9e, 0xf7,
    0x9e, 0xf7, 0x9e, 0xf7, 0x9e, 0xf7, 0x9e, 0xf7, 0x9e, 0xf7, 0x9e, 0xf7,
    0x9e, 0xf7, 0x9e, 0xf7, 0x9e, 0xf7, 0x9e, 0xf7, 0x9e, 0xf7, 0x9e, 0xf7,
    0x9e, 0xf7, 0x9e, 0xf7, 0x9e, 0xf7, 0x9e, 0xf7, 0x9e, 0xf7, 0x9e, 0xf7,
    0x9e, 0xf7, 0x9e, 0xf7, 0x9e, 0xf7, 0x9e, 0xf7, 0x9e, 0xf7, 0x9e, 0xf7,
    0x9e, 0xf7, 0x9e, 0xf7, 0x9e, 0xf7, 0x9e, 0xf7, 0x9e, 0xf7, 0x9e, 0xf7,
    0x9e, 0xf7, 0x9e, 0xf7, 0x9e, 0xf7, 0x9e, 0xf7, 0x9e, 0xf7, 0x9e, 0xf7,
    0x9e, 0xf7, 0x9e, 0xf7, 0x9e, 0xf7, 0x9e, 0xf7, 0x9e, 0xf7, 0x9e, 0xf7,
    0x9e, 0xf7, 0x9e, 0xf7, 0x9e, 0xf7, 0x9e, 0xf7, 0x9e, 0xf7, 0x9e, 0xf7,
    0x9e, 0xf7, 0x9e, 0xf7, 0x9e, 0xf7, 0x9e, 0xf7, 0x9e, 0xf7, 0x9e, 0xf7,
    0x9e, 0xf7, 0x9e, 0xf7, 0x9e, 0xf7, 0x9e, 0xf7, 0x9e, 0xf7, 0x9e, 0xf7,
    0x9e, 0xf7, 0x9e, 0xf7, 0x9e, 0xf7, 0x9e, 0xf7, 0x9e, 0xf7, 0x9e, 0xf7,
    0x9e, 0xf7, 0x9e, 0xf7, 0x9e, 0xf7, 0x9e, 0xf7, 0x9e, 0xf7, 0x9e, 0xf7,
    0x9e, 0xf7, 0x9e, 0xf7, 0x9e, 0xf7, 0x9e, 0xf7, 0x9e, 0xf7, 0x9e, 0xf7,
    0x9e, 0xf7, 0x9e, 0xf7, 0x9e, 0xf7, 0x9e, 0xf7, 0x9e, 0xf7, 0x9e, 0xf7,
    0x9e, 0xf7, 0x9e, 0xf7, 0x9e, 0xf7, 0x9e, 0xf7, 0x9e, 0xf7, 0x9e, 0xf7,
    0x9e, 0xf7, 0x9e, 0xf7, 0x9e, 0xf7, 0x9e, 0xf7, 0x9e, 0xf7, 0x9e, 0xf7,
    0x9e, 0xf7, 0x9e, 0xf7, 0x9e, 0xf7, 0x9e, 0xf7, 0x9e, 0xf7, 0x9e, 0xf7,
    0x19, 0xef, 0xea, 0xd5, 0x63, 0xcd, 0x63, 0xcd, 0xea, 0xd5, 0xf7, 0xe6,
    0x9e, 0xf7, 0x9e, 0xf7, 0x9e, 0xf7, 0x9e, 0xf7, 0x9e, 0xf7, 0x9e, 0xf7,
    0x9e, 0xf7, 0x9e, 0xf7, 0x9e, 0xf7, 0x9e, 0xf7, 0x9e, 0xf7, 0x9e, 0xf7,
    0x9e, 0xf7, 0x9e, 0xf7, 0x9e, 0xf7, 0x9e, 0xf7, 0x9e, 0xf7, 0x9e, 0xf7,
    0x9e, 0xf7, 0x9e, 0xf7, 0x9e, 0xf7, 0x9e, 0xf7, 0x9e, 0xf7, 0x9e, 0xf7,
    0x9e, 0xf7, 0x9e, 0xf7, 0x9e, 0xf7, 0x9e, 0xf7, 0x9e, 0xf7, 0x9e, 0xf7,
    0x9e, 0xf7, 0x9e, 0xf7, 0x9e, 0xf7, 0x9e, 0xf7, 0x9e, 0xf7, 0x9e, 0xf7,
    0x9e, 0xf7, 0x9e, 0xf7, 0x9e, 0xf7, 0x9e, 0xf7, 0x9e, 0xf7, 0x9e, 0xf7,
    0x9e, 0xf7, 0x9e, 0xf7, 0x9e, 0xf7, 0x9e, 0xf7, 0x9e, 0xf7, 0x9e, 0xf7,
    0x9e, 0xf7, 0x9e, 0xf7, 0x9e, 0xf7, 0x9e, 0xf7, 0x9e, 0xf7, 0x9e, 0xf7,
    0x9e, 0xf7, 0x9e, 0xf7, 0x9e, 0xf7, 0x9e, 0xf7, 0x9e, 0xf7, 0x9e, 0xf7,
    0x9e, 0xf7, 0x9e, 0xf7, 0x9e, 0xf7, 0x9e, 0xf7, 0x9e, 0xf7, 0x9e, 0xf7,
    0x9e, 0xf7, 0x9e, 0xf7, 0x9e, 0xf7, 0x9e, 0xf7, 0x9e, 0xf7, 0x9e, 0xf7,
    0x9e, 0xf7, 0x9e, 0xf7, 0x9e, 0xf7, 0x9e, 0xf7, 0x9e, 0xf7, 0x9e, 0xf7,
    0x9e, 0xf7, 0x9e, 0xf7, 0x9e, 0xf7, 0x9e, 0xf7, 0x9e, 0xf7, 0x9e, 0xf7,
    0x9e, 0xf7, 0x9e, 0xf7, 0x9e, 0xf7, 0x9e, 0xf7, 0x9e, 0xf7, 0x9e, 0xf7,
    0x9e, 0xf7, 0x9e, 0xf7, 0x9e, 0xf7, 0x9e, 0xf7, 0x9e, 0xf7, 0x9e, 0xf7,
    0x9e, 0xf7, 0x9e, 0xf7, 0x9e, 0xf7, 0x9e, 0xf7, 0x9e, 0xf7, 0x9e, 0xf7,
    0x9e, 0xf7, 0x9e, 0xf7, 0x9e, 0xf7, 0x9e, 0xf7, 0x9e, 0xf7, 0x9e, 0xf7,
    0x9e, 0xf7, 0x9e, 0xf7, 0x9e, 0xf7, 0x9e, 0xf7, 0x9e, 0xf7, 0x9e, 0xf7,
    0x9e, 0xf7, 0x9e, 0xf7, 0x9e, 0xf7, 0x9e, 0xf7, 0x9e, 0xf7, 0x9e, 0xf7,
    0x9e, 0xf7, 0x9e, 0xf7, 0x9e, 0xf7, 0x9e, 0xf7, 0x9e, 0xf7, 0x9e, 0xf7,
    0x9e, 0xf7, 0x9e, 0xf7, 0x9e, 0xf7, 0x9e, 0xf7, 0x9e, 0xf7, 0x9e, 0xf7,
    0x9e, 0xf7, 0x9e, 0xf7, 0x9e, 0xf7, 0x9e, 0xf7, 0x9e, 0xf7, 0x9e, 0xf7,
    0x9e, 0xf7, 0x9e, 0xf7, 0x9e, 0xf7, 0x9e, 0xf7, 0x3a, 0xef, 0x2d, 0xd6,
    0x63, 0xcd, 0x63, 0xcd, 0x63, 0xcd, 0x63, 0xcd, 0x63, 0xcd, 0x63, 0xcd,
    0xea, 0xd5, 0xf7, 0xe6, 0x9e, 0xf7, 0x9e, 0xf7, 0x9e, 0xf7, 0x9e, 0xf7,
    0x9e, 0xf7, 0x9e, 0xf7, 0x9e, 0xf7, 0x9e, 0xf7, 0x9e, 0xf7, 0x9e, 0xf7,
    0x9e, 0xf7, 0x9e, 0xf7, 0x9e, 0xf7, 0x9e, 0xf7, 0x9e, 0xf7, 0x9e, 0xf7,
    0x9e, 0xf7, 0x9e, 0xf7, 0x9e, 0xf7, 0x9e, 0xf7, 0x9e, 0xf7, 0x9e, 0xf7,
    0x9e, 0xf7, 0x9e, 0xf7, 0x9e, 0xf7, 0x9e, 0xf7, 0x9e, 0xf7, 0x9e, 0xf7,
    0x9e, 0xf7, 0x9e, 0xf7, 0x9e, 0xf7, 0x9e, 0xf7, 0x9e, 0xf7, 0x9e, 0xf7,
    0x9e, 0xf7, 0x9e, 0xf7, 0x9e, 0xf7, 0x9e, 0xf7, 0x9e, 0xf7, 0x9e, 0xf7,
    0x9e, 0xf7, 0x9e, 0xf7, 0x9e, 0xf7, 0x9e, 0xf7, 0x9e, 0xf7, 0x9e, 0xf7,
    0x9e, 0xf7, 0x9e, 0xf7, 0x9e, 0xf7, 0x9e, 0xf7, 0x9e, 0xf7, 0x9e, 0xf7,
    0x9e, 0xf7, 0x9e, 0xf7, 0x9e, 0xf7, 0x9e, 0xf7, 0x9e, 0xf7, 0x9e, 0xf7,
    0x9e, 0xf7, 0x9e, 0xf7, 0x9e, 0xf7, 0x9e, 0xf7, 0x9e, 0xf7, 0x9e, 0xf7,
    0x9e, 0xf7, 0x9e, 0xf7, 0x9e, 0xf7, 0x9e, 0xf7, 0x9e, 0xf7, 0x9e, 0xf7,
    0x9e, 0xf7, 0x9e, 0xf7, 0x9e, 0xf7, 0x9e, 0xf7, 0x9e, 0xf7, 0x9e, 0xf7,
    0x9e, 0xf7, 0x9e, 0xf7, 0x9e, 0xf7, 0x9e, 0xf7, 0x9e, 0xf7, 0x9e, 0xf7,
    0x9e, 0xf7, 0x9e, 0xf7, 0x9e, 0xf7, 0x9e, 0xf7, 0x9e, 0xf7, 0x9e, 0xf7,
    0x9e, 0xf7, 0x9e, 0xf7, 0x9e, 0xf7, 0x9e, 0xf7, 0x9e, 0xf7, 0x9e, 0xf7,
    0x9e, 0xf7, 0x9e, 0xf7, 0x9e, 0xf7, 0x9e, 0xf7, 0x9e, 0xf7, 0x9e, 0xf7,
    0x9e, 0xf7, 0x9e, 0xf7, 0x9e, 0xf7, 0x9e, 0xf7, 0x9e, 0xf7, 0x9e, 0xf7,
    0x9e, 0xf7, 0x9e, 0xf7, 0x9e, 0xf7, 0x9e, 0xf7, 0x9e, 0xf7, 0x9e, 0xf7,
    0x9e, 0xf7, 0x9e, 0xf7, 0x9e, 0xf7, 0x9e, 0xf7, 0x9e, 0xf7, 0x9e, 0xf7,
    0x9e, 0xf7, 0x9e, 0xf7, 0x9e, 0xf7, 0x9e, 0xf7, 0x9e, 0xf7, 0x9e, 0xf7,
    0x9e, 0xf7, 0x9e, 0xf7, 0x9e, 0xf7, 0x9e, 0xf7, 0x9e, 0xf7, 0x9e, 0xf7,
    0x9e, 0xf7, 0x9e, 0xf7, 0x9e, 0xf7, 0x9e, 0xf7, 0x9e, 0xf7, 0x9e, 0xf7,
    0x9e, 0xf7, 0x9e, 0xf7, 0x3a, 0xef, 0x2d, 0xd6, 0x63, 0xcd, 0x63, 0xcd,
    0x63, 0xcd, 0x63, 0xcd, 0x63, 0xcd, 0x63, 0xcd, 0x63, 0xcd, 0x63, 0xcd,
    0x63, 0xcd, 0x63, 0xcd, 0xea, 0xd5, 0xf7, 0xe6, 0x9e, 0xf7, 0x9e, 0xf7,
    0x9e, 0xf7, 0x9e, 0xf7, 0x9e, 0xf7, 0x9e, 0xf7, 0x9e, 0xf7, 0x9e, 0xf7,
    0x9e, 0xf7, 0x9e, 0xf7, 0x9e, 0xf7, 0x9e, 0xf7, 0x9e, 0xf7, 0x9e, 0xf7,
    0x9e, 0xf7, 0x9e, 0xf7, 0x9e, 0xf7, 0x9e, 0xf7, 0x9e, 0xf7, 0x9e, 0xf7,
    0x9e, 0xf7, 0x9e, 0xf7, 0x9e, 0xf7, 0x9e, 0xf7, 0x9e, 0xf7, 0x9e, 0xf7,
    0x9e, 0xf7, 0x9e, 0xf7, 0x9e, 0xf7, 0x9e, 0xf7, 0x9e, 0xf7, 0x9e, 0xf7,
    0x9e, 0xf7, 0x9e, 0xf7, 0x9e, 0xf7, 0x9e, 0xf7, 0x9e, 0xf7, 0x9e, 0xf7,
    0x9e, 0xf7, 0x9e, 0xf7, 0x9e, 0xf7, 0x9e, 0xf7, 0x9e, 0xf7, 0x9e, 0xf7,
    0x9e, 0xf7, 0x9e, 0xf7, 0x9e, 0xf7, 0x9e, 0xf7, 0x9e, 0xf7, 0x9e, 0xf7,
    0x9e, 0xf7, 0x9e, 0xf7, 0x9e, 0xf7, 0x9e, 0xf7, 0x9e, 0xf7, 0x9e, 0xf7,
    0x9e, 0xf7, 0x9e, 0xf7, 0x9e, 0xf7, 0x9e, 0xf7, 0x9e, 0xf7, 0x9e, 0xf7,
    0x9e, 0xf7, 0x9e, 0xf7, 0x9e, 0xf7, 0x9e, 0xf7, 0x9e, 0xf7, 0x9e, 0xf7,
    0x9e, 0xf7, 0x9e, 0xf7, 0x9e, 0xf7, 0x9e, 0xf7, 0x9e, 0xf7, 0x9e, 0xf7,
    0x9e, 0xf7, 0x9e, 0xf7, 0x9e, 0xf7, 0x9e, 0xf7, 0x9e, 0xf7, 0x9e, 0xf7,
    0x9e, 0xf7, 0x9e, 0xf7, 0x9e, 0xf7, 0x9e, 0xf7, 0x9e, 0xf7, 0x9e, 0xf7,
    0x9e, 0xf7, 0x9e, 0xf7, 0x9e, 0xf7, 0x9e, 0xf7, 0x9e, 0xf7, 0x9e, 0xf7,
    0x9e, 0xf7, 0x9e, 0xf7, 0x9e, 0xf7, 0x9e, 0xf7, 0x9e, 0xf7, 0x9e, 0xf7,
    0x9e, 0xf7, 0x9e, 0xf7, 0x9e, 0xf7, 0x9e, 0xf7, 0x9e, 0xf7, 0x9e, 0xf7,
    0x9e, 0xf7, 0x9e, 0xf7, 0x9e, 0xf7, 0x9e, 0xf7, 0x9e, 0xf7, 0x9e, 0xf7,
    0x9e, 0xf7, 0x9e, 0xf7, 0x9e, 0xf7, 0x9e, 0xf7, 0x9e, 0xf7, 0x9e, 0xf7,
    0x9e, 0xf7, 0x9e, 0xf7, 0x9e, 0xf7, 0x9e, 0xf7, 0x9e, 0xf7, 0x9e, 0xf7,
    0x9e, 0xf7, 0x9e, 0xf7, 0x9e, 0xf7, 0x9e, 0xf7, 0x9e, 0xf7, 0x9e, 0xf7,
    0x9e, 0xf7, 0x9e, 0xf7, 0x9e, 0xf7, 0x9e, 0xf7, 0x9e, 0xf7, 0x9e, 0xf7,
    0x3a, 0xef, 0x2d, 0xd6, 0x63, 0xcd, 0x63, 0xcd, 0x63, 0xcd, 0x63, 0xcd,
    0x63, 0xcd, 0x63, 0xcd, 0x63, 0xcd, 0x63, 0xcd, 0x63, 0xcd, 0x63, 0xcd,
    0x63, 0xcd, 0x63, 0xcd, 0x63, 0xcd, 0x63, 0xcd, 0xea, 0xd5, 0xf7, 0xe6,
    0x9e, 0xf7, 0x9e, 0xf7, 0x9e, 0xf7, 0x9e, 0xf7, 0x9e, 0xf7, 0x9e, 0xf7,
    0x9e, 0xf7, 0x9e, 0xf7, 0x9e, 0xf7, 0x9e, 0xf7, 0x9e, 0xf7, 0x9e, 0xf7,
    0x9e, 0xf7, 0x9e, 0xf7, 0x9e, 0xf7, 0x9e, 0xf7, 0x9e, 0xf7, 0x9e, 0xf7,
    0x9e, 0xf7, 0x9e, 0xf7, 0x9e, 0xf7, 0x9e, 0xf7, 0x9e, 0xf7, 0x9e, 0xf7,
    0x9e, 0xf7, 0x9e, 0xf7, 0x9e, 0xf7, 0x9e, 0xf7, 0x9e, 0xf7, 0x9e, 0xf7,
    0x9e, 0xf7, 0x9e, 0xf7, 0x9e, 0xf7, 0x9e, 0xf7, 0x9e, 0xf7, 0x9e, 0xf7,
    0x9e, 0xf7, 0x9e, 0xf7, 0x9e, 0xf7, 0x9e, 0xf7, 0x9e, 0xf7, 0x9e, 0xf7,
    0x9e, 0xf7, 0x9e, 0xf7, 0x9e, 0xf7, 0x9e, 0xf7, 0x9e, 0xf7, 0x9e, 0xf7,
    0x9e, 0xf7, 0x9e, 0xf7, 0x9e, 0xf7, 0x9e, 0xf7, 0x9e, 0xf7, 0x9e, 0xf7,
    0x9e, 0xf7, 0x9e, 0xf7, 0x9e, 0xf7, 0x9e, 0xf7, 0x9e, 0xf7, 0x9e, 0xf7,
    0x9e, 0xf7, 0x9e, 0xf7, 0x9e, 0xf7, 0x9e, 0xf7, 0x9e, 0xf7, 0x9e, 0xf7,
    0x9e, 0xf7, 0x9e, 0xf7, 0x9e, 0xf7, 0x9e, 0xf7, 0x9e, 0xf7, 0x9e, 0xf7,
    0x9e, 0xf7, 0x9e, 0xf7, 0x9e, 0xf7, 0x9e, 0xf7, 0x9e, 0xf7, 0x9e, 0xf7,
    0x9e, 0xf7, 0x9e, 0xf7, 0x9e, 0xf7, 0x9e, 0xf7, 0x9e, 0xf7, 0x9e, 0xf7,
    0x9e, 0xf7, 0x9e, 0xf7, 0x9e, 0xf7, 0x9e, 0xf7, 0x9e, 0xf7, 0x9e, 0xf7,
    0x9e, 0xf7, 0x9e, 0xf7, 0x9e, 0xf7, 0x9e, 0xf7, 0x9e, 0xf7, 0x9e, 0xf7,
    0x9e, 0xf7, 0x9e, 0xf7, 0x9e, 0xf7, 0x9e, 0xf7, 0x9e, 0xf7, 0x9e, 0xf7,
    0x9e, 0xf7, 0x9e, 0xf7, 0x9e, 0xf7, 0x9e, 0xf7, 0x9e, 0xf7, 0x9e, 0xf7,
    0x9e, 0xf7, 0x9e, 0xf7, 0x9e, 0xf7, 0x9e, 0xf7, 0x9e, 0xf7, 0x9e, 0xf7,
    0x9e, 0xf7, 0x9e, 0xf7, 0x9e, 0xf7, 0x9e, 0xf7, 0x9e, 0xf7, 0x9e, 0xf7,
    0x9e, 0xf7, 0x9e, 0xf7, 0x9e, 0xf7, 0x9e, 0xf7, 0x9e, 0xf7, 0x9e, 0xf7,
    0x9e, 0xf7, 0x9e, 0xf7, 0x9e, 0xf7, 0x9e, 0xf7, 0x3a, 0xef, 0x2d, 0xd6,
    0x63, 0xcd, 0x63, 0xcd, 0x63, 0xcd, 0x63, 0xcd, 0x63, 0xcd, 0x63, 0xcd,
    0x63, 0xcd, 0x63, 0xcd, 0x63, 0xcd, 0x63, 0xcd, 0x63, 0xcd, 0x63, 0xcd,
    0x63, 0xcd, 0x63, 0xcd, 0x63, 0xcd, 0x63, 0xcd, 0x63, 0xcd, 0x63, 0xcd,
    0xea, 0xd5, 0xf7, 0xe6, 0x9e, 0xf7, 0x9e, 0xf7, 0x9e, 0xf7, 0x9e, 0xf7,
    0x9e, 0xf7, 0x9e, 0xf7, 0x9e, 0xf7, 0x9e, 0xf7, 0x9e, 0xf7, 0x9e, 0xf7,
    0x9e, 0xf7, 0x9e, 0xf7, 0x9e, 0xf7, 0x9e, 0xf7, 0x9e, 0xf7, 0x9e, 0xf7,
    0x9e, 0xf7, 0x9e, 0xf7, 0x9e, 0xf7, 0x9e, 0xf7, 0x9e, 0xf7, 0x9e, 0xf7,
    0x9e, 0xf7, 0x9e, 0xf7, 0x9e, 0xf7, 0x9e, 0xf7, 0x9e, 0xf7, 0x9e, 0xf7,
    0x9e, 0xf7, 0x9e, 0xf7, 0x9e, 0xf7, 0x9e, 0xf7, 0x9e, 0xf7, 0x9e, 0xf7,
    0x9e, 0xf7, 0x9e, 0xf7, 0x9e, 0xf7, 0x9e, 0xf7, 0x9e, 0xf7, 0x9e, 0xf7,
    0x9e, 0xf7, 0x9e, 0xf7, 0x9e, 0xf7, 0x9e, 0xf7, 0x9e, 0xf7, 0x9e, 0xf7,
    0x9e, 0xf7, 0x9e, 0xf7, 0x9e, 0xf7, 0x9e, 0xf7, 0x9e, 0xf7, 0x9e, 0xf7,
    0x9e, 0xf7, 0x9e, 0xf7, 0x9e, 0xf7, 0x9e, 0xf7, 0x9e, 0xf7, 0x9e, 0xf7,
    0x9e, 0xf7, 0x9e, 0xf7, 0x9e, 0xf7, 0x9e, 0xf7, 0x9e, 0xf7, 0x9e, 0xf7,
    0x9e, 0xf7, 0x9e, 0xf7, 0x9e, 0xf7, 0x9e, 0xf7, 0x9e, 0xf7, 0x9e, 0xf7,
    0x9e, 0xf7, 0x9e, 0xf7, 0x9e, 0xf7, 0x9e, 0xf7, 0x9e, 0xf7, 0x9e, 0xf7,
    0x9e, 0xf7, 0x9e, 0xf7, 0x9e, 0xf7, 0x9e, 0xf7, 0x9e, 0xf7, 0x9e, 0xf7,
    0x9e, 0xf7, 0x9e, 0xf7, 0x9e, 0xf7, 0x9e, 0xf7, 0x9e, 0xf7, 0x9e, 0xf7,
    0x9e, 0xf7, 0x9e, 0xf7, 0x9e, 0xf7, 0x9e, 0xf7, 0x9e, 0xf7, 0x9e, 0xf7,
    0x9e, 0xf7, 0x9e, 0xf7, 0x9e, 0xf7, 0x9e, 0xf7, 0x9e, 0xf7, 0x9e, 0xf7,
    0x9e, 0xf7, 0x9e, 0xf7, 0x9e, 0xf7, 0x9e, 0xf7, 0x9e, 0xf7, 0x9e, 0xf7,
    0x9e, 0xf7, 0x9e, 0xf7, 0x9e, 0xf7, 0x9e, 0xf7, 0x9e, 0xf7, 0x9e, 0xf7,
    0x9e, 0xf7, 0x9e, 0xf7, 0x9e, 0xf7, 0x9e, 0xf7, 0x9e, 0xf7, 0x9e, 0xf7,
    0x9e, 0xf7, 0x9e, 0xf7, 0x9e, 0xf7, 0x9e, 0xf7, 0x9e, 0xf7, 0x9e, 0xf7,
    0x9e, 0xf7, 0x9e, 0xf7, 0x3a, 0xef, 0x2d, 0xd6, 0x63, 0xcd, 0x63, 0xcd,
    0x63, 0xcd, 0x63, 0xcd, 0x63, 0xcd, 0x63, 0xcd, 0x63, 0xcd, 0x63, 0xcd,
    0x63, 0xcd, 0x63, 0xcd, 0x63, 0xcd, 0x63, 0xcd, 0x63, 0xcd, 0x63, 0xcd,
    0x63, 0xcd, 0x63, 0xcd, 0x63, 0xcd, 0x63, 0xcd, 0x63, 0xcd, 0x63, 0xcd,
    0x63, 0xcd, 0x63, 0xcd, 0x2d, 0xde, 0x3a, 0xef, 0x9e, 0xf7, 0x9e, 0xf7,
    0x9e, 0xf7, 0x9e, 0xf7, 0x9e, 0xf7, 0x9e, 0xf7, 0x9e, 0xf7, 0x9e, 0xf7,
    0x9e, 0xf7, 0x9e, 0xf7, 0x9e, 0xf7, 0x9e, 0xf7, 0x9e, 0xf7, 0x9e, 0xf7,
    0x9e, 0xf7, 0x9e, 0xf7, 0x9e, 0xf7, 0x9e, 0xf7, 0x9e, 0xf7, 0x9e, 0xf7,
    0x9e, 0xf7, 0x9e, 0xf7, 0x9e, 0xf7, 0x9e, 0xf7, 0x9e, 0xf7, 0x9e, 0xf7,
    0x9e, 0xf7, 0x9e, 0xf7, 0x9e, 0xf7, 0x9e, 0xf7, 0x9e, 0xf7, 0x9e, 0xf7,
    0x9e, 0xf7, 0x9e, 0xf7, 0x9e, 0xf7, 0x9e, 0xf7, 0x9e, 0xf7, 0x9e, 0xf7,
    0x9e, 0xf7, 0x9e, 0xf7, 0x9e, 0xf7, 0x9e, 0xf7, 0x9e, 0xf7, 0x9e, 0xf7,
    0x9e, 0xf7, 0x9e, 0xf7, 0x9e, 0xf7, 0x9e, 0xf7, 0x9e, 0xf7, 0x9e, 0xf7,
    0x9e, 0xf7, 0x9e, 0xf7, 0x9e, 0xf7, 0x9e, 0xf7, 0x9e, 0xf7, 0x9e, 0xf7,
    0x9e, 0xf7, 0x9e, 0xf7, 0x9e, 0xf7, 0x9e, 0xf7, 0x9e, 0xf7, 0x9e, 0xf7,
    0x9e, 0xf7, 0x9e, 0xf7, 0x9e, 0xf7, 0x9e, 0xf7, 0x9e, 0xf7, 0x9e, 0xf7,
    0x9e, 0xf7, 0x9e, 0xf7, 0x9e, 0xf7, 0x9e, 0xf7, 0x9e, 0xf7, 0x9e, 0xf7,
    0x9e, 0xf7, 0x9e, 0xf7, 0x9e, 0xf7, 0x9e, 0xf7, 0x9e, 0xf7, 0x9e, 0xf7,
    0x9e, 0xf7, 0x9e, 0xf7, 0x9e, 0xf7, 0x9e, 0xf7, 0x9e, 0xf7, 0x9e, 0xf7,
    0x9e, 0xf7, 0x9e, 0xf7, 0x9e, 0xf7, 0x9e, 0xf7, 0x9e, 0xf7, 0x9e, 0xf7,
    0x9e, 0xf7, 0x9e, 0xf7, 0x9e, 0xf7, 0x9e, 0xf7, 0x9e, 0xf7, 0x9e, 0xf7,
    0x9e, 0xf7, 0x9e, 0xf7, 0x9e, 0xf7, 0x9e, 0xf7, 0x9e, 0xf7, 0x9e, 0xf7,
    0x9e, 0xf7, 0x9e, 0xf7, 0x9e, 0xf7, 0x9e, 0xf7, 0x9e, 0xf7, 0x9e, 0xf7,
    0x9e, 0xf7, 0x9e, 0xf7, 0x9e, 0xf7, 0x9e, 0xf7, 0x9e, 0xf7, 0x9e, 0xf7,
    0x9e, 0xf7, 0x9e, 0xf7, 0x9e, 0xf7, 0x9e, 0xf7, 0x9e, 0xf7, 0x9e, 0xf7,
    0x3a, 0xef, 0x2d, 0xd6, 0x63, 0xcd, 0x63, 0xcd, 0x63, 0xcd, 0x63, 0xcd,
    0x63, 0xcd, 0x63, 0xcd, 0x63, 0xcd, 0x63, 0xcd, 0x63, 0xcd, 0x63, 0xcd,
    0x63, 0xcd, 0x63, 0xcd, 0x63, 0xcd, 0x63, 0xcd, 0x63, 0xcd, 0x63, 0xcd,
    0x63, 0xcd, 0x63, 0xcd, 0x63, 0xcd, 0x63, 0xcd, 0x63, 0xcd, 0x63, 0xcd,
    0x63, 0xcd, 0x63, 0xcd, 0x63, 0xcd, 0x63, 0xcd, 0x2d, 0xde, 0x3a, 0xef,
    0x9e, 0xf7, 0x9e, 0xf7, 0x9e, 0xf7, 0x9e, 0xf7, 0x9e, 0xf7, 0x9e, 0xf7,
    0x9e, 0xf7, 0x9e, 0xf7, 0x9e, 0xf7, 0x9e, 0xf7, 0x9e, 0xf7, 0x9e, 0xf7,
    0x9e, 0xf7, 0x9e, 0xf7, 0x9e, 0xf7, 0x9e, 0xf7, 0x9e, 0xf7, 0x9e, 0xf7,
    0x9e, 0xf7, 0x9e, 0xf7, 0x9e, 0xf7, 0x9e, 0xf7, 0x9e, 0xf7, 0x9e, 0xf7,
    0x9e, 0xf7, 0x9e, 0xf7, 0x9e, 0xf7, 0x9e, 0xf7, 0x9e, 0xf7, 0x9e, 0xf7,
    0x9e, 0xf7, 0x9e, 0xf7, 0x9e, 0xf7, 0x9e, 0xf7, 0x9e, 0xf7, 0x9e, 0xf7,
    0x9e, 0xf7, 0x9e, 0xf7, 0x9e, 0xf7, 0x9e, 0xf7, 0x9e, 0xf7, 0x9e, 0xf7,
    0x9e, 0xf7, 0x9e, 0xf7, 0x9e, 0xf7, 0x9e, 0xf7, 0x9e, 0xf7, 0x9e, 0xf7,
    0x9e, 0xf7, 0x9e, 0xf7, 0x9e, 0xf7, 0x9e, 0xf7, 0x9e, 0xf7, 0x9e, 0xf7,
    0x9e, 0xf7, 0x9e, 0xf7, 0x9e, 0xf7, 0x9e, 0xf7, 0x9e, 0xf7, 0x9e, 0xf7,
    0x9e, 0xf7, 0x9e, 0xf7, 0x9e, 0xf7, 0x9e, 0xf7, 0x9e, 0xf7, 0x9e, 0xf7,
    0x9e, 0xf7, 0x9e, 0xf7, 0x9e, 0xf7, 0x9e, 0xf7, 0x9e, 0xf7, 0x9e, 0xf7,
    0x9e, 0xf7, 0x9e, 0xf7, 0x9e, 0xf7, 0x9e, 0xf7, 0x9e, 0xf7, 0x9e, 0xf7,
    0x9e, 0xf7, 0x9e, 0xf7, 0x9e, 0xf7, 0x9e, 0xf7, 0x9e, 0xf7, 0x9e, 0xf7,
    0x9e, 0xf7, 0x9e, 0xf7, 0x9e, 0xf7, 0x9e, 0xf7, 0x9e, 0xf7, 0x9e, 0xf7,
    0x9e, 0xf7, 0x9e, 0xf7, 0x9e, 0xf7, 0x9e, 0xf7, 0x9e, 0xf7, 0x9e, 0xf7,
    0x9e, 0xf7, 0x9e, 0xf7, 0x9e, 0xf7, 0x9e, 0xf7, 0x9e, 0xf7, 0x9e, 0xf7,
    0x9e, 0xf7, 0x9e, 0xf7, 0x9e, 0xf7, 0x9e, 0xf7, 0x9e, 0xf7, 0x9e, 0xf7,
    0x9e, 0xf7, 0x9e, 0xf7, 0x9e, 0xf7, 0x9e, 0xf7, 0x9e, 0xf7, 0x9e, 0xf7,
    0x9e, 0xf7, 0x9e, 0xf7, 0x9e, 0xf7, 0x9e, 0xf7, 0x3a, 0xef, 0x2d, 0xd6,
    0x63, 0xcd, 0x63, 0xcd, 0x63, 0xcd, 0x63, 0xcd, 0x63, 0xcd, 0x63, 0xcd,
    0x63, 0xcd, 0x63, 0xcd, 0x63, 0xcd, 0x63, 0xcd, 0x63, 0xcd, 0x63, 0xcd,
    0x63, 0xcd, 0x63, 0xcd, 0x63, 0xcd, 0x63, 0xcd, 0x63, 0xcd, 0x63, 0xcd,
    0x63, 0xcd, 0x63, 0xcd, 0x63, 0xcd, 0x63, 0xcd, 0x63, 0xcd, 0x63, 0xcd,
    0x63, 0xcd, 0x63, 0xcd, 0x63, 0xcd, 0x63, 0xcd, 0x63, 0xcd, 0x63, 0xcd,
    0x2d, 0xde, 0x3a, 0xef, 0x9e, 0xf7, 0x9e, 0xf7, 0x9e, 0xf7, 0x9e, 0xf7,
    0x9e, 0xf7, 0x9e, 0xf7, 0x9e, 0xf7, 0x9e, 0xf7, 0x9e, 0xf7, 0x9e, 0xf7,
    0x9e, 0xf7, 0x9e, 0xf7, 0x9e, 0xf7, 0x9e, 0xf7, 0x9e, 0xf7, 0x9e, 0xf7,
    0x9e, 0xf7, 0x9e, 0xf7, 0x9e, 0xf7, 0x9e, 0xf7, 0x9e, 0xf7, 0x9e, 0xf7,
    0x9e, 0xf7, 0x9e, 0xf7, 0x9e, 0xf7, 0x9e, 0xf7, 0x9e, 0xf7, 0x9e, 0xf7,
    0x9e, 0xf7, 0x9e, 0xf7, 0x9e, 0xf7, 0x9e, 0xf7, 0x9e, 0xf7, 0x9e, 0xf7,
    0x9e, 0xf7, 0x9e, 0xf7, 0x9e, 0xf7, 0x9e, 0xf7, 0x9e, 0xf7, 0x9e, 0xf7,
    0x9e, 0xf7, 0x9e, 0xf7, 0x9e, 0xf7, 0x9e, 0xf7, 0x9e, 0xf7, 0x9e, 0xf7,
    0x9e, 0xf7, 0x9e, 0xf7, 0x9e, 0xf7, 0x9e, 0xf7, 0x9e, 0xf7, 0x9e, 0xf7,
    0x9e, 0xf7, 0x9e, 0xf7, 0x9e, 0xf7, 0x9e, 0xf7, 0x9e, 0xf7, 0x9e, 0xf7,
    0x9e, 0xf7, 0x9e, 0xf7, 0x9e, 0xf7, 0x9e, 0xf7, 0x9e, 0xf7, 0x9e, 0xf7,
    0x9e, 0xf7, 0x9e, 0xf7, 0x9e, 0xf7, 0x9e, 0xf7, 0x9e, 0xf7, 0x9e, 0xf7,
    0x9e, 0xf7, 0x9e, 0xf7, 0x9e, 0xf7, 0x9e, 0xf7, 0x9e, 0xf7, 0x9e, 0xf7,
    0x9e, 0xf7, 0x9e, 0xf7, 0x9e, 0xf7, 0x9e, 0xf7, 0x9e, 0xf7, 0x9e, 0xf7,
    0x9e, 0xf7, 0x9e, 0xf7, 0x9e, 0xf7, 0x9e, 0xf7, 0x9e, 0xf7, 0x9e, 0xf7,
    0x9e, 0xf7, 0x9e, 0xf7, 0x9e, 0xf7, 0x9e, 0xf7, 0x9e, 0xf7, 0x9e, 0xf7,
    0x9e, 0xf7, 0x9e, 0xf7, 0x9e, 0xf7, 0x9e, 0xf7, 0x9e, 0xf7, 0x9e, 0xf7,
    0x9e, 0xf7, 0x9e, 0xf7, 0x9e, 0xf7, 0x9e, 0xf7, 0x9e, 0xf7, 0x9e, 0xf7,
    0x9e, 0xf7, 0x9e, 0xf7, 0x9e, 0xf7, 0x9e, 0xf7, 0x9e, 0xf7, 0x9e, 0xf7,
    0x9e, 0xf7, 0x9e, 0xf7, 0x3a, 0xef, 0x2d, 0xd6, 0x63, 0xcd, 0x63, 0xcd,
    0x63, 0xcd, 0x63, 0xcd, 0x63, 0xcd, 0x63, 0xcd, 0x63, 0xcd, 0x63, 0xcd,
    0x05, 0xb5, 0xab, 0x7b, 0x2c, 0x63, 0x8b, 0x73, 0x67, 0x9c, 0x63, 0xcd,
    0x63, 0xcd, 0x63, 0xcd, 0x63, 0xcd, 0x63, 0xcd, 0x63, 0xcd, 0x63, 0xcd,
    0x63, 0xcd, 0x63, 0xcd, 0x63, 0xcd, 0x63, 0xcd, 0x63, 0xcd, 0x63, 0xcd,
    0x63, 0xcd, 0x63, 0xcd, 0x63, 0xcd, 0x63, 0xcd, 0x63, 0xcd, 0x63, 0xcd,
    0x63, 0xcd, 0x63, 0xcd, 0x2d, 0xde, 0x3a, 0xef, 0x9e, 0xf7, 0x9e, 0xf7,
    0x9e, 0xf7, 0x9e, 0xf7, 0x9e, 0xf7, 0x9e, 0xf7, 0x9e, 0xf7, 0x9e, 0xf7,
    0x9e, 0xf7, 0x9e, 0xf7, 0x9e, 0xf7, 0x9e, 0xf7, 0x9e, 0xf7, 0x9e, 0xf7,
    0x9e, 0xf7, 0x9e, 0xf7, 0x9e, 0xf7, 0x9e, 0xf7, 0x9e, 0xf7, 0x9e, 0xf7,
    0x9e, 0xf7, 0x9e, 0xf7, 0x9e, 0xf7, 0x9e, 0xf7, 0x9e, 0xf7, 0x9e, 0xf7,
    0x9e, 0xf7, 0x9e, 0xf7, 0x9e, 0xf7, 0x9e, 0xf7, 0x9e, 0xf7, 0x9e, 0xf7,
    0x9e, 0xf7, 0x9e, 0xf7, 0x9e, 0xf7, 0x9e, 0xf7, 0x9e, 0xf7, 0x9e, 0xf7,
    0x9e, 0xf7, 0x9e, 0xf7, 0x9e, 0xf7, 0x9e, 0xf7, 0x9e, 0xf7, 0x9e, 0xf7,
    0x9e, 0xf7, 0x9e, 0xf7, 0x9e, 0xf7, 0x9e, 0xf7, 0x9e, 0xf7, 0x9e, 0xf7,
    0x9e, 0xf7, 0x9e, 0xf7, 0x9e, 0xf7, 0x9e, 0xf7, 0x9e, 0xf7, 0x9e, 0xf7,
    0x9e, 0xf7, 0x9e, 0xf7, 0x9e, 0xf7, 0x9e, 0xf7, 0x9e, 0xf7, 0x9e, 0xf7,
    0x9e, 0xf7, 0x9e, 0xf7, 0x9e, 0xf7, 0x9e, 0xf7, 0x9e, 0xf7, 0x9e, 0xf7,
    0x9e, 0xf7, 0x9e, 0xf7, 0x9e, 0xf7, 0x9e, 0xf7, 0x9e, 0xf7, 0x9e, 0xf7,
    0x9e, 0xf7, 0x9e, 0xf7, 0x9e, 0xf7, 0x9e, 0xf7, 0x9e, 0xf7, 0x9e, 0xf7,
    0x9e, 0xf7, 0x9e, 0xf7, 0x9e, 0xf7, 0x9e, 0xf7, 0x9e, 0xf7, 0x9e, 0xf7,
    0x9e, 0xf7, 0x9e, 0xf7, 0x9e, 0xf7, 0x9e, 0xf7, 0x9e, 0xf7, 0x9e, 0xf7,
    0x9e, 0xf7, 0x9e, 0xf7, 0x9e, 0xf7, 0x9e, 0xf7, 0x9e, 0xf7, 0x9e, 0xf7,
    0x9e, 0xf7, 0x9e, 0xf7, 0x9e, 0xf7, 0x9e, 0xf7, 0x9e, 0xf7, 0x9e, 0xf7,
    0x9e, 0xf7, 0x9e, 0xf7, 0x9e, 0xf7, 0x9e, 0xf7, 0x9e, 0xf7, 0x9e, 0xf7,
    0x3a, 0xef, 0x2d, 0xd6, 0x63, 0xcd, 0x63, 0xcd, 0x63, 0xcd, 0x63, 0xcd,
    0x63, 0xcd, 0x63, 0xcd, 0x63, 0xcd, 0x63, 0xcd, 0x63, 0xcd, 0x63, 0xcd,
    0x2a, 0x94, 0x2c, 0x63, 0x2c, 0x63, 0x2c, 0x63, 0x8b, 0x73, 0x63, 0xcd,
    0x63, 0xcd, 0x63, 0xcd, 0x63, 0xcd, 0x63, 0xcd, 0x63, 0xcd, 0x63, 0xcd,
    0x63, 0xcd, 0x63, 0xcd, 0x63, 0xcd, 0x63, 0xcd, 0x63, 0xcd, 0x63, 0xcd,
    0x63, 0xcd, 0x63, 0xcd, 0x63, 0xcd, 0x63, 0xcd, 0x63, 0xcd, 0x63, 0xcd,
    0x63, 0xcd, 0x63, 0xcd, 0x63, 0xcd, 0x63, 0xcd, 0x70, 0xde, 0x7c, 0xef,
    0x9e, 0xf7, 0x9e, 0xf7, 0x9e, 0xf7, 0x9e, 0xf7, 0x9e, 0xf7, 0x9e, 0xf7,
    0x9e, 0xf7, 0x9e, 0xf7, 0x9e, 0xf7, 0x9e, 0xf7, 0x9e, 0xf7, 0x9e, 0xf7,
    0x9e, 0xf7, 0x9e, 0xf7, 0x9e, 0xf7, 0x9e, 0xf7, 0x9e, 0xf7, 0x9e, 0xf7,
    0x9e, 0xf7, 0x9e, 0xf7, 0x9e, 0xf7, 0x9e, 0xf7, 0x9e, 0xf7, 0x9e, 0xf7,
    0x9e, 0xf7, 0x9e, 0xf7, 0x9e, 0xf7, 0x9e, 0xf7, 0x9e, 0xf7, 0x9e, 0xf7,
    0x9e, 0xf7, 0x9e, 0xf7, 0x9e, 0xf7, 0x9e, 0xf7, 0x9e, 0xf7, 0x9e, 0xf7,
    0x9e, 0xf7, 0x9e, 0xf7, 0x9e, 0xf7, 0x9e, 0xf7, 0x9e, 0xf7, 0x9e, 0xf7,
    0x9e, 0xf7, 0x9e, 0xf7, 0x9e, 0xf7, 0x9e, 0xf7, 0x9e, 0xf7, 0x9e, 0xf7,
    0x9e, 0xf7, 0x9e, 0xf7, 0x9e, 0xf7, 0x9e, 0xf7, 0x9e, 0xf7, 0x9e, 0xf7,
    0x9e, 0xf7, 0x9e, 0xf7, 0x9e, 0xf7, 0x9e, 0xf7, 0x9e, 0xf7, 0x9e, 0xf7,
    0x9e, 0xf7, 0x9e, 0xf7, 0x9e, 0xf7, 0x9e, 0xf7, 0x9e, 0xf7, 0x9e, 0xf7,
    0x9e, 0xf7, 0x9e, 0xf7, 0x9e, 0xf7, 0x9e, 0xf7, 0x9e, 0xf7, 0x9e, 0xf7,
    0x9e, 0xf7, 0x9e, 0xf7, 0x9e, 0xf7, 0x9e, 0xf7, 0x9e, 0xf7, 0x9e, 0xf7,
    0x9e, 0xf7, 0x9e, 0xf7, 0x9e, 0xf7, 0x9e, 0xf7, 0x9e, 0xf7, 0x9e, 0xf7,
    0x9e, 0xf7, 0x9e, 0xf7, 0x9e, 0xf7, 0x9e, 0xf7, 0x9e, 0xf7, 0x9e, 0xf7,
    0x9e, 0xf7, 0x9e, 0xf7, 0x9e, 0xf7, 0x9e, 0xf7, 0x9e, 0xf7, 0x9e, 0xf7,
    0x9e, 0xf7, 0x9e, 0xf7, 0x9e, 0xf7, 0x9e, 0xf7, 0x9e, 0xf7, 0x9e, 0xf7,
    0x9e, 0xf7, 0x9e, 0xf7, 0x9e, 0xf7, 0x9e, 0xf7, 0x3a, 0xef, 0x2d, 0xd6,
    0x63, 0xcd, 0x63, 0xcd, 0x63, 0xcd, 0x63, 0xcd, 0x63, 0xcd, 0x63, 0xcd,
    0x63, 0xcd, 0x63, 0xcd, 0x63, 0xcd, 0x63, 0xcd, 0x63, 0xcd, 0x63, 0xcd,
    0x6b, 0x94, 0x8e, 0x73, 0xae, 0x73, 0x8e, 0x73, 0x8b, 0x73, 0x63, 0xcd,
    0x63, 0xcd, 0x63, 0xcd, 0x63, 0xcd, 0x63, 0xcd, 0x63, 0xcd, 0x63, 0xcd,
    0x63, 0xcd, 0x63, 0xcd, 0x63, 0xcd, 0x63, 0xcd, 0x63, 0xcd, 0x63, 0xcd,
    0x63, 0xcd, 0x63, 0xcd, 0x63, 0xcd, 0x63, 0xcd, 0x63, 0xcd, 0x63, 0xcd,
    0x63, 0xcd, 0x63, 0xcd, 0x63, 0xcd, 0x63, 0xcd, 0x63, 0xcd, 0x85, 0xcd,
    0x70, 0xde, 0x7c, 0xef, 0x9e, 0xf7, 0x9e, 0xf7, 0x9e, 0xf7, 0x9e, 0xf7,
    0x9e, 0xf7, 0x9e, 0xf7, 0x9e, 0xf7, 0x9e, 0xf7, 0x9e, 0xf7, 0x9e, 0xf7,
    0x9e, 0xf7, 0x9e, 0xf7, 0x9e, 0xf7, 0x9e, 0xf7, 0x9e, 0xf7, 0x9e, 0xf7,
    0x9e, 0xf7, 0x9e, 0xf7, 0x9e, 0xf7, 0x9e, 0xf7, 0x9e, 0xf7, 0x9e, 0xf7,
    0x9e, 0xf7, 0x9e, 0xf7, 0x9e, 0xf7, 0x9e, 0xf7, 0x9e, 0xf7, 0x9e, 0xf7,
    0x9e, 0xf7, 0x9e, 0xf7, 0x9e, 0xf7, 0x9e, 0xf7, 0x9e, 0xf7, 0x9e, 0xf7,
    0x9e, 0xf7, 0x9e, 0xf7, 0x9e, 0xf7, 0x9e, 0xf7, 0x9e, 0xf7, 0x9e, 0xf7,
    0x9e, 0xf7, 0x9e, 0xf7, 0x9e, 0xf7, 0x9e, 0xf7, 0x9e, 0xf7, 0x9e, 0xf7,
    0x9e, 0xf7, 0x9e, 0xf7, 0x9e, 0xf7, 0x9e, 0xf7, 0x9e, 0xf7, 0x9e, 0xf7,
    0x9e, 0xf7, 0x9e, 0xf7, 0x9e, 0xf7, 0x9e, 0xf7, 0x9e, 0xf7, 0x9e, 0xf7,
    0x9e, 0xf7, 0x9e, 0xf7, 0x9e, 0xf7, 0x9e, 0xf7, 0x9e, 0xf7, 0x9e, 0xf7,
    0x9e, 0xf7, 0x9e, 0xf7, 0x9e, 0xf7, 0x9e, 0xf7, 0x9e, 0xf7, 0x9e, 0xf7,
    0x9e, 0xf7, 0x9e, 0xf7, 0x9e, 0xf7, 0x9e, 0xf7, 0x9e, 0xf7, 0x9e, 0xf7,
    0x9e, 0xf7, 0x9e, 0xf7, 0x9e, 0xf7, 0x9e, 0xf7, 0x9e, 0xf7, 0x9e, 0xf7,
    0x9e, 0xf7, 0x9e, 0xf7, 0x9e, 0xf7, 0x9e, 0xf7, 0x9e, 0xf7, 0x9e, 0xf7,
    0x9e, 0xf7, 0x9e, 0xf7, 0x9e, 0xf7, 0x9e, 0xf7, 0x9e, 0xf7, 0x9e, 0xf7,
    0x9e, 0xf7, 0x9e, 0xf7, 0x9e, 0xf7, 0x9e, 0xf7, 0x9e, 0xf7, 0x9e, 0xf7,
    0x9e, 0xf7, 0x9e, 0xf7, 0x3a, 0xef, 0x2d, 0xde, 0x63, 0xcd, 0x63, 0xcd,
    0x63, 0xcd, 0x63, 0xcd, 0x63, 0xcd, 0x63, 0xcd, 0x63, 0xcd, 0x63, 0xcd,
    0x63, 0xcd, 0x63, 0xcd, 0x63, 0xcd, 0x63, 0xcd, 0x63, 0xcd, 0x63, 0xcd,
    0x6b, 0x9c, 0x8e, 0x73, 0xcf, 0x7b, 0xae, 0x73, 0x8b, 0x73, 0x63, 0xcd,
    0x63, 0xcd, 0x63, 0xcd, 0x63, 0xcd, 0x63, 0xcd, 0x63, 0xcd, 0x63, 0xcd,
    0x63, 0xcd, 0x63, 0xcd, 0x63, 0xcd, 0x63, 0xcd, 0x63, 0xcd, 0x63, 0xcd,
    0x63, 0xcd, 0x63, 0xcd, 0x63, 0xcd, 0x63, 0xcd, 0x63, 0xcd, 0x63, 0xcd,
    0x63, 0xcd, 0x63, 0xcd, 0x63, 0xcd, 0x63, 0xcd, 0x63, 0xcd, 0x63, 0xcd,
    0x63, 0xcd, 0x85, 0xcd, 0x70, 0xde, 0x7c, 0xef, 0x9e, 0xf7, 0x9e, 0xf7,
    0x9e, 0xf7, 0x9e, 0xf7, 0x9e, 0xf7, 0x9e, 0xf7, 0x9e, 0xf7, 0x9e, 0xf7,
    0x9e, 0xf7, 0x9e, 0xf7, 0x9e, 0xf7, 0x9e, 0xf7, 0x9e, 0xf7, 0x9e, 0xf7,
    0x9e, 0xf7, 0x9e, 0xf7, 0x9e, 0xf7, 0x9e, 0xf7, 0x9e, 0xf7, 0x9e, 0xf7,
    0x9e, 0xf7, 0x9e, 0xf7, 0x9e, 0xf7, 0x9e, 0xf7, 0x9e, 0xf7, 0x9e, 0xf7,
    0x9e, 0xf7, 0x9e, 0xf7, 0x9e, 0xf7, 0x9e, 0xf7, 0x9e, 0xf7, 0x9e, 0xf7,
    0x9e, 0xf7, 0x9e, 0xf7, 0x9e, 0xf7, 0x9e, 0xf7, 0x9e, 0xf7, 0x9e, 0xf7,
    0x9e, 0xf7, 0x9e, 0xf7, 0x9e, 0xf7, 0x9e, 0xf7, 0x9e, 0xf7, 0x9e, 0xf7,
    0x9e, 0xf7, 0x9e, 0xf7, 0x9e, 0xf7, 0x9e, 0xf7, 0x9e, 0xf7, 0x9e, 0xf7,
    0x9e, 0xf7, 0x9e, 0xf7, 0x9e, 0xf7, 0x9e, 0xf7, 0x9e, 0xf7, 0x9e, 0xf7,
    0x9e, 0xf7, 0x9e, 0xf7, 0x9e, 0xf7, 0x9e, 0xf7, 0x9e, 0xf7, 0x9e, 0xf7,
    0x9e, 0xf7, 0x9e, 0xf7, 0x9e, 0xf7, 0x9e, 0xf7, 0x9e, 0xf7, 0x9e, 0xf7,
    0x9e, 0xf7, 0x9e, 0xf7, 0x9e, 0xf7, 0x9e, 0xf7, 0x9e, 0xf7, 0x9e, 0xf7,
    0x9e, 0xf7, 0x9e, 0xf7, 0x9e, 0xf7, 0x9e, 0xf7, 0x9e, 0xf7, 0x9e, 0xf7,
    0x9e, 0xf7, 0x9e, 0xf7, 0x9e, 0xf7, 0x9e, 0xf7, 0x9e, 0xf7, 0x9e, 0xf7,
    0x9e, 0xf7, 0x9e, 0xf7, 0x9e, 0xf7, 0x9e, 0xf7, 0x9e, 0xf7, 0x9e, 0xf7,
    0x9e, 0xf7, 0x9e, 0xf7, 0x9e, 0xf7, 0x9e, 0xf7, 0x9e, 0xf7, 0x9e, 0xf7,
    0x3a, 0xef, 0x2d, 0xde, 0x63, 0xcd, 0x63, 0xcd, 0x63, 0xcd, 0x63, 0xcd,
    0x63, 0xcd, 0x63, 0xcd, 0x63, 0xcd, 0x63, 0xcd, 0x63, 0xcd, 0x63, 0xcd,
    0x63, 0xcd, 0x63, 0xcd, 0x63, 0xcd, 0x63, 0xcd, 0x63, 0xcd, 0x63, 0xcd,
    0x6b, 0x9c, 0x8e, 0x73, 0xcf, 0x7b, 0xae, 0x73, 0x8b, 0x73, 0x63, 0xcd,
    0x63, 0xcd, 0x63, 0xcd, 0x63, 0xcd, 0x63, 0xcd, 0x63, 0xcd, 0x63, 0xcd,
    0x63, 0xcd, 0x63, 0xcd, 0x63, 0xcd, 0x63, 0xcd, 0x63, 0xcd, 0x63, 0xcd,
    0x63, 0xcd, 0x63, 0xcd, 0x63, 0xcd, 0x63, 0xcd, 0x63, 0xcd, 0x63, 0xcd,
    0x63, 0xcd, 0x63, 0xcd, 0x63, 0xcd, 0x63, 0xcd, 0x63, 0xcd, 0x63, 0xcd,
    0x63, 0xcd, 0x63, 0xcd, 0x63, 0xcd, 0x85, 0xcd, 0x70, 0xde, 0x7c, 0xef,
    0x9e, 0xf7, 0x9e, 0xf7, 0x9e, 0xf7, 0x9e, 0xf7, 0x9e, 0xf7, 0x9e, 0xf7,
    0x9e, 0xf7, 0x9e, 0xf7, 0x9e, 0xf7, 0x9e, 0xf7, 0x9e, 0xf7, 0x9e, 0xf7,
    0x9e, 0xf7, 0x9e, 0xf7, 0x9e, 0xf7, 0x9e, 0xf7, 0x9e, 0xf7, 0x9e, 0xf7,
    0x9e, 0xf7, 0x9e, 0xf7, 0x9e, 0xf7, 0x9e, 0xf7, 0x9e, 0xf7, 0x9e, 0xf7,
    0x9e, 0xf7, 0x9e, 0xf7, 0x9e, 0xf7, 0x9e, 0xf7, 0x9e, 0xf7, 0x9e, 0xf7,
    0x9e, 0xf7, 0x9e, 0xf7, 0x9e, 0xf7, 0x9e, 0xf7, 0x9e, 0xf7, 0x9e, 0xf7,
    0x9e, 0xf7, 0x9e, 0xf7, 0x9e, 0xf7, 0x9e, 0xf7, 0x9e, 0xf7, 0x9e, 0xf7,
    0x9e, 0xf7, 0x9e, 0xf7, 0x9e, 0xf7, 0x9e, 0xf7, 0x9e, 0xf7, 0x9e, 0xf7,
    0x9e, 0xf7, 0x9e, 0xf7, 0x9e, 0xf7, 0x9e, 0xf7, 0x9e, 0xf7, 0x9e, 0xf7,
    0x9e, 0xf7, 0x9e, 0xf7, 0x9e, 0xf7, 0x9e, 0xf7, 0x9e, 0xf7, 0x9e, 0xf7,
    0x9e, 0xf7, 0x9e, 0xf7, 0x9e, 0xf7, 0x9e, 0xf7, 0x9e, 0xf7, 0x9e, 0xf7,
    0x9e, 0xf7, 0x9e, 0xf7, 0x9e, 0xf7, 0x9e, 0xf7, 0x9e, 0xf7, 0x9e, 0xf7,
    0x9e, 0xf7, 0x9e, 0xf7, 0x9e, 0xf7, 0x9e, 0xf7, 0x9e, 0xf7, 0x9e, 0xf7,
    0x9e, 0xf7, 0x9e, 0xf7, 0x9e, 0xf7, 0x9e, 0xf7, 0x9e, 0xf7, 0x9e, 0xf7,
    0x9e, 0xf7, 0x9e, 0xf7, 0x9e, 0xf7, 0x9e, 0xf7, 0x9e, 0xf7, 0x9e, 0xf7,
    0x9e, 0xf7, 0x9e, 0xf7, 0x9e, 0xf7, 0x9e, 0xf7, 0x3a, 0xef, 0x70, 0xde,
    0x63, 0xcd, 0x63, 0xcd, 0x63, 0xcd, 0x63, 0xcd, 0x63, 0xcd, 0x63, 0xcd,
    0x63, 0xcd, 0x63, 0xcd, 0x63, 0xcd, 0x63, 0xcd, 0x63, 0xcd, 0x63, 0xcd,
    0x63, 0xcd, 0x63, 0xcd, 0x63, 0xcd, 0x63, 0xcd, 0x63, 0xcd, 0x63, 0xcd,
    0x6b, 0x9c, 0x8e, 0x73, 0xcf, 0x7b, 0xae, 0x73, 0x8b, 0x73, 0x63, 0xcd,
    0x63, 0xcd, 0x63, 0xcd, 0x63, 0xcd, 0x63, 0xcd, 0x63, 0xcd, 0x63, 0xcd,
    0x63, 0xcd, 0x63, 0xcd, 0x63, 0xcd, 0x63, 0xcd, 0x63, 0xcd, 0x63, 0xcd,
    0x63, 0xcd, 0x63, 0xcd, 0x63, 0xcd, 0x63, 0xcd, 0x63, 0xcd, 0x63, 0xcd,
    0x63, 0xcd, 0x63, 0xcd, 0x63, 0xcd, 0x63, 0xcd, 0x63, 0xcd, 0x63, 0xcd,
    0x63, 0xcd, 0x63, 0xcd, 0x63, 0xcd, 0x63, 0xcd, 0x63, 0xcd, 0x85, 0xcd,
    0x70, 0xde, 0x7c, 0xef, 0x9e, 0xf7, 0x9e, 0xf7, 0x9e, 0xf7, 0x9e, 0xf7,
    0x9e, 0xf7, 0x9e, 0xf7, 0x9e, 0xf7, 0x9e, 0xf7, 0x9e, 0xf7, 0x9e, 0xf7,
    0x9e, 0xf7, 0x9e, 0xf7, 0x9e, 0xf7, 0x9e, 0xf7, 0x9e, 0xf7, 0x9e, 0xf7,
    0x9e, 0xf7, 0x9e, 0xf7, 0x9e, 0xf7, 0x9e, 0xf7, 0x9e, 0xf7, 0x9e, 0xf7,
    0x9e, 0xf7, 0x9e, 0xf7, 0x9e, 0xf7, 0x9e, 0xf7, 0x9e, 0xf7, 0x9e, 0xf7,
    0x9e, 0xf7, 0x9e, 0xf7, 0x9e, 0xf7, 0x9e, 0xf7, 0x9e, 0xf7, 0x9e, 0xf7,
    0x9e, 0xf7, 0x9e, 0xf7, 0x9e, 0xf7, 0x9e, 0xf7, 0x9e, 0xf7, 0x9e, 0xf7,
    0x9e, 0xf7, 0x9e, 0xf7, 0x9e, 0xf7, 0x9e, 0xf7, 0x9e, 0xf7, 0x9e, 0xf7,
    0x9e, 0xf7, 0x9e, 0xf7, 0x9e, 0xf7, 0x9e, 0xf7, 0x9e, 0xf7, 0x9e, 0xf7,
    0x9e, 0xf7, 0x9e, 0xf7, 0x9e, 0xf7, 0x9e, 0xf7, 0x9e, 0xf7, 0x9e, 0xf7,
    0x9e, 0xf7, 0x9e, 0xf7, 0x9e, 0xf7, 0x9e, 0xf7, 0x9e, 0xf7, 0x9e, 0xf7,
    0x9e, 0xf7, 0x9e, 0xf7, 0x9e, 0xf7, 0x9e, 0xf7, 0x9e, 0xf7, 0x9e, 0xf7,
    0x9e, 0xf7, 0x9e, 0xf7, 0x9e, 0xf7, 0x9e, 0xf7, 0x9e, 0xf7, 0x9e, 0xf7,
    0x9e, 0xf7, 0x9e, 0xf7, 0x9e, 0xf7, 0x9e, 0xf7, 0x9e, 0xf7, 0x9e, 0xf7,
    0x9e, 0xf7, 0x9e, 0xf7, 0x9e, 0xf7, 0x9e, 0xf7, 0x9e, 0xf7, 0x9e, 0xf7,
    0x9e, 0xf7, 0x9e, 0xf7, 0x3a, 0xef, 0x70, 0xde, 0xa7, 0xcd, 0x63, 0xcd,
    0x63, 0xcd, 0x63, 0xcd, 0x63, 0xcd, 0x63, 0xcd, 0x63, 0xcd, 0x63, 0xcd,
    0x63, 0xcd, 0x63, 0xcd, 0x63, 0xcd, 0x63, 0xcd, 0x63, 0xcd, 0x63, 0xcd,
    0x63, 0xcd, 0x63, 0xcd, 0x63, 0xcd, 0x63, 0xcd, 0x63, 0xcd, 0x63, 0xcd,
    0x6b, 0x9c, 0x8e, 0x73, 0xcf, 0x7b, 0xae, 0x73, 0x8b, 0x73, 0x63, 0xcd,
    0x63, 0xcd, 0x63, 0xcd, 0x63, 0xcd, 0x63, 0xcd, 0x63, 0xcd, 0x63, 0xcd,
    0x63, 0xcd, 0x63, 0xcd, 0x63, 0xcd, 0x63, 0xcd, 0x63, 0xcd, 0x63, 0xcd,
    0x63, 0xcd, 0x63, 0xcd, 0x63, 0xcd, 0x63, 0xcd, 0x63, 0xcd, 0x63, 0xcd,
    0x63, 0xcd, 0x63, 0xcd, 0x63, 0xcd, 0x63, 0xcd, 0x63, 0xcd, 0x63, 0xcd,
    0x63, 0xcd, 0x63, 0xcd, 0x63, 0xcd, 0x63, 0xcd, 0x63, 0xcd, 0x63, 0xcd,
    0x63, 0xcd, 0x85, 0xcd, 0x70, 0xde, 0x7c, 0xef, 0x9e, 0xf7, 0x9e, 0xf7,
    0x9e, 0xf7, 0x9e, 0xf7, 0x9e, 0xf7, 0x9e, 0xf7, 0x9e, 0xf7, 0x9e, 0xf7,
    0x9e, 0xf7, 0x9e, 0xf7, 0x9e, 0xf7, 0x9e, 0xf7, 0x9e, 0xf7, 0x9e, 0xf7,
    0x9e, 0xf7, 0x9e, 0xf7, 0x9e, 0xf7, 0x9e, 0xf7, 0x9e, 0xf7, 0x9e, 0xf7,
    0x9e, 0xf7, 0x9e, 0xf7, 0x9e, 0xf7, 0x9e, 0xf7, 0x9e, 0xf7, 0x9e, 0xf7,
    0x9e, 0xf7, 0x9e, 0xf7, 0x9e, 0xf7, 0x9e, 0xf7, 0x9e, 0xf7, 0x9e, 0xf7,
    0x9e, 0xf7, 0x9e, 0xf7, 0x9e, 0xf7, 0x9e, 0xf7, 0x9e, 0xf7, 0x9e, 0xf7,
    0x9e, 0xf7, 0x9e, 0xf7, 0x9e, 0xf7, 0x9e, 0xf7, 0x9e, 0xf7, 0x9e, 0xf7,
    0x9e, 0xf7, 0x9e, 0xf7, 0x9e, 0xf7, 0x9e, 0xf7, 0x9e, 0xf7, 0x9e, 0xf7,
    0x9e, 0xf7, 0x9e, 0xf7, 0x9e, 0xf7, 0x9e, 0xf7, 0x9e, 0xf7, 0x9e, 0xf7,
    0x9e, 0xf7, 0x9e, 0xf7, 0x9e, 0xf7, 0x9e, 0xf7, 0x9e, 0xf7, 0x9e, 0xf7,
    0x9e, 0xf7, 0x9e, 0xf7, 0x9e, 0xf7, 0x9e, 0xf7, 0x9e, 0xf7, 0x9e, 0xf7,
    0x9e, 0xf7, 0x9e, 0xf7, 0x9e, 0xf7, 0x9e, 0xf7, 0x9e, 0xf7, 0x9e, 0xf7,
    0x9e, 0xf7, 0x9e, 0xf7, 0x9e, 0xf7, 0x9e, 0xf7, 0x9e, 0xf7, 0x9e, 0xf7,
    0x9e, 0xf7, 0x9e, 0xf7, 0x9e, 0xf7, 0x9e, 0xf7, 0x9e, 0xf7, 0x9e, 0xf7,
    0x3a, 0xef, 0x70, 0xde, 0xa7, 0xcd, 0x63, 0xcd, 0x63, 0xcd, 0x63, 0xcd,
    0x63, 0xcd, 0x63, 0xcd, 0x63, 0xcd, 0x63, 0xcd, 0x63, 0xcd, 0x63, 0xcd,
    0x63, 0xcd, 0x63, 0xcd, 0x63, 0xcd, 0x63, 0xcd, 0x63, 0xcd, 0x63, 0xcd,
    0x63, 0xcd, 0x63, 0xcd, 0x63, 0xcd, 0x63, 0xcd, 0x63, 0xcd, 0x63, 0xcd,
    0x6b, 0x9c, 0x8e, 0x73, 0xcf, 0x7b, 0xae, 0x73, 0x8b, 0x73, 0x63, 0xcd,
    0x63, 0xcd, 0x63, 0xcd, 0x63, 0xcd, 0x63, 0xcd, 0x63, 0xcd, 0x63, 0xcd,
    0x63, 0xcd, 0x63, 0xcd, 0x63, 0xcd, 0x63, 0xcd, 0x63, 0xcd, 0x63, 0xcd,
    0x63, 0xcd, 0x63, 0xcd, 0x63, 0xcd, 0x63, 0xcd, 0x63, 0xcd, 0x63, 0xcd,
    0x63, 0xcd, 0x63, 0xcd, 0x63, 0xcd, 0x63, 0xcd, 0x63, 0xcd, 0x63, 0xcd,
    0x63, 0xcd, 0x63, 0xcd, 0x63, 0xcd, 0x63, 0xcd, 0x63, 0xcd, 0x63, 0xcd,
    0x63, 0xcd, 0x63, 0xcd, 0x63, 0xcd, 0x85, 0xcd, 0x70, 0xde, 0x7c, 0xef,
    0x9e, 0xf7, 0x9e, 0xf7, 0x9e, 0xf7, 0x9e, 0xf7, 0x9e, 0xf7, 0x9e, 0xf7,
    0x9e, 0xf7, 0x9e, 0xf7, 0x9e, 0xf7, 0x9e, 0xf7, 0x9e, 0xf7, 0x9e, 0xf7,
    0x9e, 0xf7, 0x9e, 0xf7, 0x9e, 0xf7, 0x9e, 0xf7, 0x9e, 0xf7, 0x9e, 0xf7,
    0x9e, 0xf7, 0x9e, 0xf7, 0x9e, 0xf7, 0x9e, 0xf7, 0x9e, 0xf7, 0x9e, 0xf7,
    0x9e, 0xf7, 0x9e, 0xf7, 0x9e, 0xf7, 0x9e, 0xf7, 0x9e, 0xf7, 0x9e, 0xf7,
    0x9e, 0xf7, 0x9e, 0xf7, 0x9e, 0xf7, 0x9e, 0xf7, 0x9e, 0xf7, 0x9e, 0xf7,
    0x9e, 0xf7, 0x9e, 0xf7, 0x9e, 0xf7, 0x9e, 0xf7, 0x9e, 0xf7, 0x9e, 0xf7,
    0x9e, 0xf7, 0x9e, 0xf7, 0x9e, 0xf7, 0x9e, 0xf7, 0x9e, 0xf7, 0x9e, 0xf7,
    0x9e, 0xf7, 0x9e, 0xf7, 0x9e, 0xf7, 0x9e, 0xf7, 0x9e, 0xf7, 0x9e, 0xf7,
    0x9e, 0xf7, 0x9e, 0xf7, 0x9e, 0xf7, 0x9e, 0xf7, 0x9e, 0xf7, 0x9e, 0xf7,
    0x9e, 0xf7, 0x9e, 0xf7, 0x9e, 0xf7, 0x9e, 0xf7, 0x9e, 0xf7, 0x9e, 0xf7,
    0x9e, 0xf7, 0x9e, 0xf7, 0x9e, 0xf7, 0x9e, 0xf7, 0x9e, 0xf7, 0x9e, 0xf7,
    0x9e, 0xf7, 0x9e, 0xf7, 0x9e, 0xf7, 0x9e, 0xf7, 0x9e, 0xf7, 0x9e, 0xf7,
    0x9e, 0xf7, 0x9e, 0xf7, 0x9e, 0xf7, 0x9e, 0xf7, 0x3a, 0xef, 0x70, 0xde,
    0xa7, 0xcd, 0x63, 0xcd, 0x63, 0xcd, 0x63, 0xcd, 0x63, 0xcd, 0x63, 0xcd,
    0x63, 0xcd, 0x63, 0xcd, 0x63, 0xcd, 0x63, 0xcd, 0x63, 0xcd, 0x63, 0xcd,
    0x63, 0xcd, 0x63, 0xcd, 0x63, 0xcd, 0x63, 0xcd, 0x63, 0xcd, 0x63, 0xcd,
    0x63, 0xcd, 0x63, 0xcd, 0x63, 0xcd, 0x63, 0xcd, 0x63, 0xcd, 0x63, 0xcd,
    0x6b, 0x9c, 0x8e, 0x73, 0xcf, 0x7b, 0xae, 0x73, 0x8b, 0x73, 0x63, 0xcd,
    0x63, 0xcd, 0x63, 0xcd, 0x63, 0xcd, 0x63, 0xcd, 0x63, 0xcd, 0x63, 0xcd,
    0x63, 0xcd, 0x63, 0xcd, 0x63, 0xcd, 0x63, 0xcd, 0x63, 0xcd, 0x63, 0xcd,
    0x63, 0xcd, 0x63, 0xcd, 0x63, 0xcd, 0x63, 0xcd, 0x63, 0xcd, 0x63, 0xcd,
    0x63, 0xcd, 0x63, 0xcd, 0x63, 0xcd, 0x63, 0xcd, 0x63, 0xcd, 0x63, 0xcd,
    0x63, 0xcd, 0x63, 0xcd, 0x63, 0xcd, 0x63, 0xcd, 0x63, 0xcd, 0x63, 0xcd,
    0x63, 0xcd, 0x63, 0xcd, 0x63, 0xcd, 0x63, 0xcd, 0x63, 0xcd, 0x85, 0xcd,
    0x70, 0xde, 0x7c, 0xef, 0x9e, 0xf7, 0x9e, 0xf7, 0x9e, 0xf7, 0x9e, 0xf7,
    0x9e, 0xf7, 0x9e, 0xf7, 0x9e, 0xf7, 0x9e, 0xf7, 0x9e, 0xf7, 0x9e, 0xf7,
    0x9e, 0xf7, 0x9e, 0xf7, 0x9e, 0xf7, 0x9e, 0xf7, 0x9e, 0xf7, 0x9e, 0xf7,
    0x9e, 0xf7, 0x9e, 0xf7, 0x9e, 0xf7, 0x9e, 0xf7, 0x9e, 0xf7, 0x9e, 0xf7,
    0x9e, 0xf7, 0x9e, 0xf7, 0x9e, 0xf7, 0x9e, 0xf7, 0x9e, 0xf7, 0x9e, 0xf7,
    0x9e, 0xf7, 0x9e, 0xf7, 0x9e, 0xf7, 0x9e, 0xf7, 0x9e, 0xf7, 0x9e, 0xf7,
    0x9e, 0xf7, 0x9e, 0xf7, 0x9e, 0xf7, 0x9e, 0xf7, 0x9e, 0xf7, 0x9e, 0xf7,
    0x9e, 0xf7, 0x9e, 0xf7, 0x9e, 0xf7, 0x9e, 0xf7, 0x9e, 0xf7, 0x9e, 0xf7,
    0x9e, 0xf7, 0x9e, 0xf7, 0x9e, 0xf7, 0x9e, 0xf7, 0x9e, 0xf7, 0x9e, 0xf7,
    0x9e, 0xf7, 0x9e, 0xf7, 0x9e, 0xf7, 0x9e, 0xf7, 0x9e, 0xf7, 0x9e, 0xf7,
    0x9e, 0xf7, 0x9e, 0xf7, 0x9e, 0xf7, 0x9e, 0xf7, 0x9e, 0xf7, 0x9e, 0xf7,
    0x9e, 0xf7, 0x9e, 0xf7, 0x9e, 0xf7, 0x9e, 0xf7, 0x9e, 0xf7, 0x9e, 0xf7,
    0x9e, 0xf7, 0x9e, 0xf7, 0x9e, 0xf7, 0x9e, 0xf7, 0x9e, 0xf7, 0x9e, 0xf7,
    0x9e, 0xf7, 0x9e, 0xf7, 0x9e, 0xf7, 0x92, 0xde, 0xa7, 0xcd, 0x63, 0xcd,
    0x63, 0xcd, 0x63, 0xcd, 0x63, 0xcd, 0x63, 0xcd, 0x63, 0xcd, 0x63, 0xcd,
    0x63, 0xcd, 0x63, 0xcd, 0x63, 0xcd, 0x63, 0xcd, 0x63, 0xcd, 0x63, 0xcd,
    0x63, 0xcd, 0x63, 0xcd, 0x63, 0xcd, 0x63, 0xcd, 0x63, 0xcd, 0x63, 0xcd,
    0x63, 0xcd, 0x63, 0xcd, 0x63, 0xcd, 0x63, 0xcd, 0x63, 0xcd, 0x63, 0xcd,
    0x6b, 0x9c, 0x8e, 0x73, 0xcf, 0x7b, 0xae, 0x73, 0x8b, 0x73, 0x63, 0xcd,
    0x63, 0xcd, 0x63, 0xcd, 0x63, 0xcd, 0x63, 0xcd, 0x63, 0xcd, 0x63, 0xcd,
    0x63, 0xcd, 0x63, 0xcd, 0x63, 0xcd, 0x63, 0xcd, 0x63, 0xcd, 0x63, 0xcd,
    0x63, 0xcd, 0x63, 0xcd, 0x63, 0xcd, 0x63, 0xcd, 0x63, 0xcd, 0x63, 0xcd,
    0x63, 0xcd, 0x63, 0xcd, 0x63, 0xcd, 0x63, 0xcd, 0x63, 0xcd, 0x63, 0xcd,
    0x63, 0xcd, 0x63, 0xcd, 0x63, 0xcd, 0x63, 0xcd, 0x63, 0xcd, 0x63, 0xcd,
    0x63, 0xcd, 0x63, 0xcd, 0x63, 0xcd, 0x63, 0xcd, 0x63, 0xcd, 0x63, 0xcd,
    0x63, 0xcd, 0x85, 0xcd, 0x70, 0xde, 0x7c, 0xef, 0x9e, 0xf7, 0x9e, 0xf7,
    0x9e, 0xf7, 0x9e, 0xf7, 0x9e, 0xf7, 0x9e, 0xf7, 0x9e, 0xf7, 0x9e, 0xf7,
    0x9e, 0xf7, 0x9e, 0xf7, 0x9e, 0xf7, 0x9e, 0xf7, 0x9e, 0xf7, 0x9e, 0xf7,
    0x9e, 0xf7, 0x9e, 0xf7, 0x9e, 0xf7, 0x9e, 0xf7, 0x9e, 0xf7, 0x9e, 0xf7,
    0x9e, 0xf7, 0x9e, 0xf7, 0x9e, 0xf7, 0x9e, 0xf7, 0x9e, 0xf7, 0x9e, 0xf7,
    0x9e, 0xf7, 0x9e, 0xf7, 0x9e, 0xf7, 0x9e, 0xf7, 0x9e, 0xf7, 0x9e, 0xf7,
    0x9e, 0xf7, 0x9e, 0xf7, 0x9e, 0xf7, 0x9e, 0xf7, 0x9e, 0xf7, 0x9e, 0xf7,
    0x9e, 0xf7, 0x9e, 0xf7, 0x9e, 0xf7, 0x9e, 0xf7, 0x9e, 0xf7, 0x9e, 0xf7,
    0x9e, 0xf7, 0x9e, 0xf7, 0x9e, 0xf7, 0x9e, 0xf7, 0x9e, 0xf7, 0x9e, 0xf7,
    0x9e, 0xf7, 0x9e, 0xf7, 0x9e, 0xf7, 0x9e, 0xf7, 0x9e, 0xf7, 0x9e, 0xf7,
    0x9e, 0xf7, 0x9e, 0xf7, 0x9e, 0xf7, 0x9e, 0xf7, 0x9e, 0xf7, 0x9e, 0xf7,
    0x9e, 0xf7, 0x9e, 0xf7, 0x9e, 0xf7, 0x9e, 0xf7, 0x9e, 0xf7, 0x9e, 0xf7,
    0x9e, 0xf7, 0x9e, 0xf7, 0x9e, 0xf7, 0x9e, 0xf7, 0x9e, 0xf7, 0x9e, 0xf7,
    0x9e, 0xf7, 0xb4, 0xe6, 0xa7, 0xcd, 0x63, 0xcd, 0x63, 0xcd, 0x63, 0xcd,
    0x63, 0xcd, 0x63, 0xcd, 0x63, 0xcd, 0x63, 0xcd, 0x63, 0xcd, 0x63, 0xcd,
    0x63, 0xcd, 0x63, 0xcd, 0x63, 0xcd, 0x63, 0xcd, 0x63, 0xcd, 0x63, 0xcd,
    0x63, 0xcd, 0x63, 0xcd, 0x63, 0xcd, 0x63, 0xcd, 0x63, 0xcd, 0x63, 0xcd,
    0x63, 0xcd, 0x63, 0xcd, 0x63, 0xcd, 0x63, 0xcd, 0x63, 0xcd, 0x63, 0xcd,
    0x6b, 0x9c, 0x8e, 0x73, 0xcf, 0x7b, 0xae, 0x73, 0x8b, 0x73, 0x63, 0xcd,
    0x63, 0xcd, 0x63, 0xcd, 0x63, 0xcd, 0x63, 0xcd, 0x63, 0xcd, 0x63, 0xcd,
    0x63, 0xcd, 0x63, 0xcd, 0x63, 0xcd, 0x63, 0xcd, 0x63, 0xcd, 0x63, 0xcd,
    0x63, 0xcd, 0x63, 0xcd, 0x63, 0xcd, 0x63, 0xcd, 0x63, 0xcd, 0x63, 0xcd,
    0x63, 0xcd, 0x63, 0xcd, 0x63, 0xcd, 0x63, 0xcd, 0x63, 0xcd, 0x63, 0xcd,
    0x63, 0xcd, 0x63, 0xcd, 0x63, 0xcd, 0x63, 0xcd, 0x63, 0xcd, 0x63, 0xcd,
    0x63, 0xcd, 0x63, 0xcd, 0x63, 0xcd, 0x63, 0xcd, 0x63, 0xcd, 0x63, 0xcd,
    0x63, 0xcd, 0x63, 0xcd, 0x63, 0xcd, 0x85, 0xcd, 0x70, 0xde, 0x7c, 0xef,
    0x9e, 0xf7, 0x9e, 0xf7, 0x9e, 0xf7, 0x9e, 0xf7, 0x9e, 0xf7, 0x9e, 0xf7,
    0x9e, 0xf7, 0x9e, 0xf7, 0x9e, 0xf7, 0x9e, 0xf7, 0x9e, 0xf7, 0x9e, 0xf7,
    0x9e, 0xf7, 0x9e, 0xf7, 0x9e, 0xf7, 0x9e, 0xf7, 0x9e, 0xf7, 0x9e, 0xf7,
    0x9e, 0xf7, 0x9e, 0xf7, 0x9e, 0xf7, 0x9e, 0xf7, 0x9e, 0xf7, 0x9e, 0xf7,
    0x9e, 0xf7, 0x9e, 0xf7, 0x9e, 0xf7, 0x9e, 0xf7, 0x9e, 0xf7, 0x9e, 0xf7,
    0x9e, 0xf7, 0x9e, 0xf7, 0x9e, 0xf7, 0x9e, 0xf7, 0x9e, 0xf7, 0x9e, 0xf7,
    0x9e, 0xf7, 0x9e, 0xf7, 0x9e, 0xf7, 0x9e, 0xf7, 0x9e, 0xf7, 0x9e, 0xf7,
    0x9e, 0xf7, 0x9e, 0xf7, 0x9e, 0xf7, 0x9e, 0xf7, 0x9e, 0xf7, 0x9e, 0xf7,
    0x9e, 0xf7, 0x9e, 0xf7, 0x9e, 0xf7, 0x9e, 0xf7, 0x9e, 0xf7, 0x9e, 0xf7,
    0x9e, 0xf7, 0x9e, 0xf7, 0x9e, 0xf7, 0x9e, 0xf7, 0x9e, 0xf7, 0x9e, 0xf7,
    0x9e, 0xf7, 0x9e, 0xf7, 0x9e, 0xf7, 0x9e, 0xf7, 0x9e, 0xf7, 0x9e, 0xf7,
    0x9e, 0xf7, 0x9e, 0xf7, 0x9e, 0xf7, 0x9e, 0xf7, 0x9e, 0xf7, 0xb4, 0xe6,
    0xa7, 0xcd, 0x63, 0xcd, 0x63, 0xcd, 0x63, 0xcd, 0x63, 0xcd, 0x63, 0xcd,
    0x63, 0xcd, 0x63, 0xcd, 0x63, 0xcd, 0x63, 0xcd, 0x63, 0xcd, 0x63, 0xcd,
    0x63, 0xcd, 0x63, 0xcd, 0x63, 0xcd, 0x63, 0xcd, 0x63, 0xcd, 0x63, 0xcd,
    0x63, 0xcd, 0x63, 0xcd, 0x63, 0xcd, 0x63, 0xcd, 0x63, 0xcd, 0x63, 0xcd,
    0x63, 0xcd, 0x63, 0xcd, 0x63, 0xcd, 0x63, 0xcd, 0x63, 0xcd, 0x63, 0xcd,
    0x6b, 0x9c, 0x8e, 0x73, 0xcf, 0x7b, 0xae, 0x73, 0x8b, 0x73, 0x63, 0xcd,
    0x63, 0xcd, 0x63, 0xcd, 0x63, 0xcd, 0x63, 0xcd, 0x63, 0xcd, 0x63, 0xcd,
    0x63, 0xcd, 0x63, 0xcd, 0x63, 0xcd, 0x63, 0xcd, 0x63, 0xcd, 0x63, 0xcd,
    0x63, 0xcd, 0x63, 0xcd, 0x63, 0xcd, 0x63, 0xcd, 0x63, 0xcd, 0x63, 0xcd,
    0x63, 0xcd, 0x63, 0xcd, 0x63, 0xcd, 0x63, 0xcd, 0x63, 0xcd, 0x63, 0xcd,
    0x63, 0xcd, 0x63, 0xcd, 0x63, 0xcd, 0x63, 0xcd, 0x63, 0xcd, 0x63, 0xcd,
    0x63, 0xcd, 0x63, 0xcd, 0x63, 0xcd, 0x63, 0xcd, 0x63, 0xcd, 0x63, 0xcd,
    0x63, 0xcd, 0x63, 0xcd, 0x63, 0xcd, 0x63, 0xcd, 0x63, 0xcd, 0x85, 0xcd,
    0x70, 0xde, 0x7c, 0xef, 0x9e, 0xf7, 0x9e, 0xf7, 0x9e, 0xf7, 0x9e, 0xf7,
    0x9e, 0xf7, 0x9e, 0xf7, 0x9e, 0xf7, 0x9e, 0xf7, 0x9e, 0xf7, 0x9e, 0xf7,
    0x9e, 0xf7, 0x9e, 0xf7, 0x9e, 0xf7, 0x9e, 0xf7, 0x9e, 0xf7, 0x9e, 0xf7,
    0x9e, 0xf7, 0x9e, 0xf7, 0x9e, 0xf7, 0x9e, 0xf7, 0x9e, 0xf7, 0x9e, 0xf7,
    0x9e, 0xf7, 0x9e, 0xf7, 0x9e, 0xf7, 0x9e, 0xf7, 0x9e, 0xf7, 0x9e, 0xf7,
    0x9e, 0xf7, 0x9e, 0xf7, 0x9e, 0xf7, 0x9e, 0xf7, 0x9e, 0xf7, 0x9e, 0xf7,
    0x9e, 0xf7, 0x9e, 0xf7, 0x9e, 0xf7, 0x9e, 0xf7, 0x9e, 0xf7, 0x9e, 0xf7,
    0x9e, 0xf7, 0x9e, 0xf7, 0x9e, 0xf7, 0x9e, 0xf7, 0x9e, 0xf7, 0x9e, 0xf7,
    0x9e, 0xf7, 0x9e, 0xf7, 0x9e, 0xf7, 0x9e, 0xf7, 0x9e, 0xf7, 0x9e, 0xf7,
    0x9e, 0xf7, 0x9e, 0xf7, 0x9e, 0xf7, 0x9e, 0xf7, 0x9e, 0xf7, 0x9e, 0xf7,
    0x9e, 0xf7, 0x9e, 0xf7, 0x9e, 0xf7, 0x9e, 0xf7, 0x9e, 0xf7, 0x9e, 0xf7,
    0x9e, 0xf7, 0x9e, 0xf7, 0x9e, 0xf7, 0xb4, 0xe6, 0xa7, 0xcd, 0x63, 0xcd,
    0x63, 0xcd, 0x63, 0xcd, 0x63, 0xcd, 0x63, 0xcd, 0x63, 0xcd, 0x63, 0xcd,
    0x63, 0xcd, 0x63, 0xcd, 0x63, 0xcd, 0x63, 0xcd, 0x63, 0xcd, 0x63, 0xcd,
    0x63, 0xcd, 0x63, 0xcd, 0x63, 0xcd, 0x63, 0xcd, 0x63, 0xcd, 0x63, 0xcd,
    0x63, 0xcd, 0x63, 0xcd, 0x63, 0xcd, 0x63, 0xcd, 0x63, 0xcd, 0x63, 0xcd,
    0x63, 0xcd, 0x63, 0xcd, 0x63, 0xcd, 0x63, 0xcd, 0x63, 0xcd, 0x63, 0xcd,
    0x6b, 0x9c, 0x8e, 0x73, 0xcf, 0x7b, 0xae, 0x73, 0x8b, 0x73, 0x63, 0xcd,
    0x63, 0xcd, 0x63, 0xcd, 0x63, 0xcd, 0x63, 0xcd, 0x63, 0xcd, 0x63, 0xcd,
    0x63, 0xcd, 0x63, 0xcd, 0x63, 0xcd, 0x63, 0xcd, 0x63, 0xcd, 0x63, 0xcd,
    0x63, 0xcd, 0x63, 0xcd, 0x63, 0xcd, 0x63, 0xcd, 0x63, 0xcd, 0x63, 0xcd,
    0x63, 0xcd, 0x63, 0xcd, 0x63, 0xcd, 0x63, 0xcd, 0x63, 0xcd, 0x63, 0xcd,
    0x63, 0xcd, 0x63, 0xcd, 0x63, 0xcd, 0x63, 0xcd, 0x63, 0xcd, 0x63, 0xcd,
    0x63, 0xcd, 0x63, 0xcd, 0x63, 0xcd, 0x63, 0xcd, 0x63, 0xcd, 0x63, 0xcd,
    0x63, 0xcd, 0x63, 0xcd, 0x63, 0xcd, 0x63, 0xcd, 0x63, 0xcd, 0x63, 0xcd,
    0x63, 0xcd, 0x85, 0xcd, 0x70, 0xde, 0x7c, 0xef, 0x9e, 0xf7, 0x9e, 0xf7,
    0x9e, 0xf7, 0x9e, 0xf7, 0x9e, 0xf7, 0x9e, 0xf7, 0x9e, 0xf7, 0x9e, 0xf7,
    0x9e, 0xf7, 0x9e, 0xf7, 0x9e, 0xf7, 0x9e, 0xf7, 0x9e, 0xf7, 0x9e, 0xf7,
    0x9e, 0xf7, 0x9e, 0xf7, 0x9e, 0xf7, 0x9e, 0xf7, 0x9e, 0xf7, 0x9e, 0xf7,
    0x9e, 0xf7, 0x9e, 0xf7, 0x9e, 0xf7, 0x9e, 0xf7, 0x9e, 0xf7, 0x9e, 0xf7,
    0x9e, 0xf7, 0x9e, 0xf7, 0x9e, 0xf7, 0x9e, 0xf7, 0x9e, 0xf7, 0x9e, 0xf7,
    0x9e, 0xf7, 0x9e, 0xf7, 0x9e, 0xf7, 0x9e, 0xf7, 0x9e, 0xf7, 0x9e, 0xf7,
    0x9e, 0xf7, 0x9e, 0xf7, 0x9e, 0xf7, 0x9e, 0xf7, 0x9e, 0xf7, 0x9e, 0xf7,
    0x9e, 0xf7, 0x9e, 0xf7, 0x9e, 0xf7, 0x9e, 0xf7, 0x9e, 0xf7, 0x9e, 0xf7,
    0x9e, 0xf7, 0x9e, 0xf7, 0x9e, 0xf7, 0x9e, 0xf7, 0x9e, 0xf7, 0x9e, 0xf7,
    0x9e, 0xf7, 0x9e, 0xf7, 0x9e, 0xf7, 0x9e, 0xf7, 0x9e, 0xf7, 0x9e, 0xf7,
    0x9e, 0xf7, 0xb4, 0xe6, 0xa7, 0xcd, 0x63, 0xcd, 0x63, 0xcd, 0x63, 0xcd,
    0x63, 0xcd, 0x63, 0xcd, 0x63, 0xcd, 0x63, 0xcd, 0x63, 0xcd, 0x63, 0xcd,
    0x63, 0xcd, 0x63, 0xcd, 0x63, 0xcd, 0x63, 0xcd, 0x63, 0xcd, 0x63, 0xcd,
    0x63, 0xcd, 0x63, 0xcd, 0x63, 0xcd, 0x63, 0xcd, 0x63, 0xcd, 0x63, 0xcd,
    0x63, 0xcd, 0x63, 0xcd, 0x63, 0xcd, 0x63, 0xcd, 0x63, 0xcd, 0x63, 0xcd,
    0x63, 0xcd, 0x63, 0xcd, 0x63, 0xcd, 0x63, 0xcd, 0x63, 0xcd, 0x63, 0xcd,
    0x6b, 0x9c, 0x8e, 0x73, 0xcf, 0x7b, 0xae, 0x73, 0x8b, 0x73, 0x63, 0xcd,
    0x63, 0xcd, 0x63, 0xcd, 0x63, 0xcd, 0x63, 0xcd, 0x63, 0xcd, 0x63, 0xcd,
    0x63, 0xcd, 0x63, 0xcd, 0x63, 0xcd, 0x63, 0xcd, 0x63, 0xcd, 0x63, 0xcd,
    0x63, 0xcd, 0x63, 0xcd, 0x63, 0xcd, 0x63, 0xcd, 0x63, 0xcd, 0x63, 0xcd,
    0x63, 0xcd, 0x63, 0xcd, 0x63, 0xcd, 0x63, 0xcd, 0x63, 0xcd, 0x63, 0xcd,
    0x63, 0xcd, 0x63, 0xcd, 0x63, 0xcd, 0x63, 0xcd, 0x63, 0xcd, 0x63, 0xcd,
    0x63, 0xcd, 0x63, 0xcd, 0x63, 0xcd, 0x63, 0xcd, 0x63, 0xcd, 0x63, 0xcd,
    0x63, 0xcd, 0x63, 0xcd, 0x63, 0xcd, 0x63, 0xcd, 0x63, 0xcd, 0x63, 0xcd,
    0x63, 0xcd, 0x63, 0xcd, 0x63, 0xcd, 0x85, 0xcd, 0x92, 0xde, 0x9e, 0xf7,
    0x9e, 0xf7, 0x9e, 0xf7, 0x9e, 0xf7, 0x9e, 0xf7, 0x9e, 0xf7, 0x9e, 0xf7,
    0x9e, 0xf7, 0x9e, 0xf7, 0x9e, 0xf7, 0x9e, 0xf7, 0x9e, 0xf7, 0x9e, 0xf7,
    0x9e, 0xf7, 0x9e, 0xf7, 0x9e, 0xf7, 0x9e, 0xf7, 0x9e, 0xf7, 0x9e, 0xf7,
    0x9e, 0xf7, 0x9e, 0xf7, 0x9e, 0xf7, 0x9e, 0xf7, 0x9e, 0xf7, 0x9e, 0xf7,
    0x9e, 0xf7, 0x9e, 0xf7, 0x9e, 0xf7, 0x9e, 0xf7, 0x9e, 0xf7, 0x9e, 0xf7,
    0x9e, 0xf7, 0x9e, 0xf7, 0x9e, 0xf7, 0x9e, 0xf7, 0x9e, 0xf7, 0x9e, 0xf7,
    0x9e, 0xf7, 0x9e, 0xf7, 0x9e, 0xf7, 0x9e, 0xf7, 0x9e, 0xf7, 0x9e, 0xf7,
    0x9e, 0xf7, 0x9e, 0xf7, 0x9e, 0xf7, 0x9e, 0xf7, 0x9e, 0xf7, 0x9e, 0xf7,
    0x9e, 0xf7, 0x9e, 0xf7, 0x9e, 0xf7, 0x9e, 0xf7, 0x9e, 0xf7, 0x9e, 0xf7,
    0x9e, 0xf7, 0x9e, 0xf7, 0x9e, 0xf7, 0x9e, 0xf7, 0x9e, 0xf7, 0xb4, 0xe6,
    0xa7, 0xcd, 0x63, 0xcd, 0x63, 0xcd, 0x63, 0xcd, 0x63, 0xcd, 0x63, 0xcd,
    0x63, 0xcd, 0x63, 0xcd, 0x63, 0xcd, 0x63, 0xcd, 0x63, 0xcd, 0x63, 0xcd,
    0x63, 0xcd, 0x63, 0xcd, 0x63, 0xcd, 0x63, 0xcd, 0x63, 0xcd, 0x63, 0xcd,
    0x63, 0xcd, 0x63, 0xcd, 0x63, 0xcd, 0x63, 0xcd, 0x63, 0xcd, 0x63, 0xcd,
    0x63, 0xcd, 0x63, 0xcd, 0x63, 0xcd, 0x63, 0xcd, 0x63, 0xcd, 0x63, 0xcd,
    0x63, 0xcd, 0x63, 0xcd, 0x63, 0xcd, 0x63, 0xcd, 0x63, 0xcd, 0x63, 0xcd,
    0x6b, 0x9c, 0x8e, 0x73, 0xcf, 0x7b, 0xae, 0x73, 0x8b, 0x73, 0x63, 0xcd,
    0x63, 0xcd, 0x63, 0xcd, 0x63, 0xcd, 0x63, 0xcd, 0x63, 0xcd, 0x63, 0xcd,
    0x63, 0xcd, 0x63, 0xcd, 0x63, 0xcd, 0x63, 0xcd, 0x63, 0xcd, 0x63, 0xcd,
    0x63, 0xcd, 0x63, 0xcd, 0x63, 0xcd, 0x63, 0xcd, 0x63, 0xcd, 0x63, 0xcd,
    0x63, 0xcd, 0x63, 0xcd, 0x63, 0xcd, 0x63, 0xcd, 0x63, 0xcd, 0x63, 0xcd,
    0x63, 0xcd, 0x63, 0xcd, 0x63, 0xcd, 0x63, 0xcd, 0x63, 0xcd, 0x63, 0xcd,
    0x63, 0xcd, 0x63, 0xcd, 0x63, 0xcd, 0x63, 0xcd, 0x63, 0xcd, 0x63, 0xcd,
    0x63, 0xcd, 0x63, 0xcd, 0x63, 0xcd, 0x63, 0xcd, 0x63, 0xcd, 0x63, 0xcd,
    0x63, 0xcd, 0x63, 0xcd, 0x63, 0xcd, 0x63, 0xcd, 0x63, 0xcd, 0xa7, 0xcd,
    0xb4, 0xe6, 0x9e, 0xf7, 0x9e, 0xf7, 0x9e, 0xf7, 0x9e, 0xf7, 0x9e, 0xf7,
    0x9e, 0xf7, 0x9e, 0xf7, 0x9e, 0xf7, 0x9e, 0xf7, 0x9e, 0xf7, 0x9e, 0xf7,
    0x9e, 0xf7, 0x9e, 0xf7, 0x9e, 0xf7, 0x9e, 0xf7, 0x9e, 0xf7, 0x9e, 0xf7,
    0x9e, 0xf7, 0x9e, 0xf7, 0x9e, 0xf7, 0x9e, 0xf7, 0x9e, 0xf7, 0x9e, 0xf7,
    0x9e, 0xf7, 0x9e, 0xf7, 0x9e, 0xf7, 0x9e, 0xf7, 0x9e, 0xf7, 0x9e, 0xf7,
    0x9e, 0xf7, 0x9e, 0xf7, 0x9e, 0xf7, 0x9e, 0xf7, 0x9e, 0xf7, 0x9e, 0xf7,
    0x9e, 0xf7, 0x9e, 0xf7, 0x9e, 0xf7, 0x9e, 0xf7, 0x9e, 0xf7, 0x9e, 0xf7,
    0x9e, 0xf7, 0x9e, 0xf7, 0x9e, 0xf7, 0x9e, 0xf7, 0x9e, 0xf7, 0x9e, 0xf7,
    0x9e, 0xf7, 0x9e, 0xf7, 0x9e, 0xf7, 0x9e, 0xf7, 0x9e, 0xf7, 0x9e, 0xf7,
    0x9e, 0xf7, 0x9e, 0xf7, 0x9e, 0xf7, 0xb4, 0xe6, 0xa7, 0xcd, 0x63, 0xcd,
    0x63, 0xcd, 0x63, 0xcd, 0x63, 0xcd, 0x63, 0xcd, 0x63, 0xcd, 0x63, 0xcd,
    0x63, 0xcd, 0x63, 0xcd, 0x63, 0xcd, 0x63, 0xcd, 0x63, 0xcd, 0x63, 0xcd,
    0x63, 0xcd, 0x63, 0xcd, 0x63, 0xcd, 0x63, 0xcd, 0x63, 0xcd, 0x63, 0xcd,
    0x63, 0xcd, 0x63, 0xcd, 0x63, 0xcd, 0x63, 0xcd, 0x63, 0xcd, 0x63, 0xcd,
    0x63, 0xcd, 0x63, 0xcd, 0x63, 0xcd, 0x63, 0xcd, 0x63, 0xcd, 0x63, 0xcd,
    0x63, 0xcd, 0x63, 0xcd, 0x63, 0xcd, 0x63, 0xcd, 0x63, 0xcd, 0x63, 0xcd,
    0x6b, 0x9c, 0x8e, 0x73, 0xcf, 0x7b, 0xae, 0x73, 0x8b, 0x73, 0x63, 0xcd,
    0x63, 0xcd, 0x63, 0xcd, 0x63, 0xcd, 0x63, 0xcd, 0x63, 0xcd, 0x63, 0xcd,
    0x63, 0xcd, 0x63, 0xcd, 0x63, 0xcd, 0x63, 0xcd, 0x63, 0xcd, 0x63, 0xcd,
    0x63, 0xcd, 0x63, 0xcd, 0x63, 0xcd, 0x63, 0xcd, 0x63, 0xcd, 0x63, 0xcd,
    0x63, 0xcd, 0x63, 0xcd, 0x63, 0xcd, 0x63, 0xcd, 0x63, 0xcd, 0x63, 0xcd,
    0x63, 0xcd, 0x63, 0xcd, 0x63, 0xcd, 0x63, 0xcd, 0x63, 0xcd, 0x63, 0xcd,
    0x63, 0xcd, 0x63, 0xcd, 0x63, 0xcd, 0x63, 0xcd, 0x63, 0xcd, 0x63, 0xcd,
    0x63, 0xcd, 0x63, 0xcd, 0x63, 0xcd, 0x63, 0xcd, 0x63, 0xcd, 0x63, 0xcd,
    0x63, 0xcd, 0x63, 0xcd, 0x63, 0xcd, 0x63, 0xcd, 0x63, 0xcd, 0x63, 0xcd,
    0x63, 0xcd, 0xa7, 0xcd, 0xb4, 0xe6, 0x9e, 0xf7, 0x9e, 0xf7, 0x9e, 0xf7,
    0x9e, 0xf7, 0x9e, 0xf7, 0x9e, 0xf7, 0x9e, 0xf7, 0x9e, 0xf7, 0x9e, 0xf7,
    0x9e, 0xf7, 0x9e, 0xf7, 0x9e, 0xf7, 0x9e, 0xf7, 0x9e, 0xf7, 0x9e, 0xf7,
    0x9e, 0xf7, 0x9e, 0xf7, 0x9e, 0xf7, 0x9e, 0xf7, 0x9e, 0xf7, 0x9e, 0xf7,
    0x9e, 0xf7, 0x9e, 0xf7, 0x9e, 0xf7, 0x9e, 0xf7, 0x9e, 0xf7, 0x9e, 0xf7,
    0x9e, 0xf7, 0x9e, 0xf7, 0x9e, 0xf7, 0x9e, 0xf7, 0x9e, 0xf7, 0x9e, 0xf7,
    0x9e, 0xf7, 0x9e, 0xf7, 0x9e, 0xf7, 0x9e, 0xf7, 0x9e, 0xf7, 0x9e, 0xf7,
    0x9e, 0xf7, 0x9e, 0xf7, 0x9e, 0xf7, 0x9e, 0xf7, 0x9e, 0xf7, 0x9e, 0xf7,
    0x9e, 0xf7, 0x9e, 0xf7, 0x9e, 0xf7, 0x9e, 0xf7, 0x9e, 0xf7, 0x9e, 0xf7,
    0x9e, 0xf7, 0xb4, 0xe6, 0xa7, 0xcd, 0x63, 0xcd, 0x63, 0xcd, 0x63, 0xcd,
    0x63, 0xcd, 0x63, 0xcd, 0x63, 0xcd, 0x63, 0xcd, 0x63, 0xcd, 0x63, 0xcd,
    0x63, 0xcd, 0x63, 0xcd, 0x63, 0xcd, 0x63, 0xcd, 0x63, 0xcd, 0x63, 0xcd,
    0x63, 0xcd, 0x63, 0xcd, 0x63, 0xcd, 0x63, 0xcd, 0x63, 0xcd, 0x63, 0xcd,
    0x63, 0xcd, 0x63, 0xcd, 0x63, 0xcd, 0x63, 0xcd, 0x63, 0xcd, 0x63, 0xcd,
    0x64, 0xcd, 0x64, 0xcd, 0x64, 0xcd, 0x64, 0xcd, 0x63, 0xcd, 0x63, 0xcd,
    0x63, 0xcd, 0x63, 0xcd, 0x63, 0xcd, 0x63, 0xcd, 0x63, 0xcd, 0x63, 0xcd,
    0x6b, 0x9c, 0x8e, 0x73, 0xcf, 0x7b, 0xae, 0x73, 0x8b, 0x73, 0x63, 0xcd,
    0x63, 0xcd, 0x63, 0xcd, 0x63, 0xcd, 0x63, 0xcd, 0x63, 0xcd, 0x63, 0xcd,
    0x63, 0xcd, 0x63, 0xcd, 0x63, 0xcd, 0x63, 0xcd, 0x63, 0xcd, 0x63, 0xcd,
    0x63, 0xcd, 0x63, 0xcd, 0x63, 0xcd, 0x63, 0xcd, 0x63, 0xcd, 0x63, 0xcd,
    0x63, 0xcd, 0x63, 0xcd, 0x63, 0xcd, 0x63, 0xcd, 0x63, 0xcd, 0x63, 0xcd,
    0x63, 0xcd, 0x63, 0xcd, 0x63, 0xcd, 0x63, 0xcd, 0x63, 0xcd, 0x63, 0xcd,
    0x63, 0xcd, 0x63, 0xcd, 0x63, 0xcd, 0x63, 0xcd, 0x63, 0xcd, 0x63, 0xcd,
    0x63, 0xcd, 0x63, 0xcd, 0x63, 0xcd, 0x63, 0xcd, 0x63, 0xcd, 0x63, 0xcd,
    0x63, 0xcd, 0x63, 0xcd, 0x63, 0xcd, 0x63, 0xcd, 0x63, 0xcd, 0x63, 0xcd,
    0x63, 0xcd, 0x63, 0xcd, 0x63, 0xcd, 0xa7, 0xcd, 0xb4, 0xe6, 0x9e, 0xf7,
    0x9e, 0xf7, 0x9e, 0xf7, 0x9e, 0xf7, 0x9e, 0xf7, 0x9e, 0xf7, 0x9e, 0xf7,
    0x9e, 0xf7, 0x9e, 0xf7, 0x9e, 0xf7, 0x9e, 0xf7, 0x9e, 0xf7, 0x9e, 0xf7,
    0x9e, 0xf7, 0x9e, 0xf7, 0x9e, 0xf7, 0x9e, 0xf7, 0x9e, 0xf7, 0x9e, 0xf7,
    0x9e, 0xf7, 0x9e, 0xf7, 0x9e, 0xf7, 0x9e, 0xf7, 0x9e, 0xf7, 0x9e, 0xf7,
    0x9e, 0xf7, 0x9e, 0xf7, 0x9e, 0xf7, 0x9e, 0xf7, 0x9e, 0xf7, 0x9e, 0xf7,
    0x9e, 0xf7, 0x9e, 0xf7, 0x9e, 0xf7, 0x9e, 0xf7, 0x9e, 0xf7, 0x9e, 0xf7,
    0x9e, 0xf7, 0x9e, 0xf7, 0x9e, 0xf7, 0x9e, 0xf7, 0x9e, 0xf7, 0x9e, 0xf7,
    0x9e, 0xf7, 0x9e, 0xf7, 0x9e, 0xf7, 0x9e, 0xf7, 0x9e, 0xf7, 0xb4, 0xe6,
    0xa7, 0xcd, 0x63, 0xcd, 0x63, 0xcd, 0x63, 0xcd, 0x63, 0xcd, 0x63, 0xcd,
    0x63, 0xcd, 0x63, 0xcd, 0x63, 0xcd, 0x63, 0xcd, 0x63, 0xcd, 0x63, 0xcd,
    0x63, 0xcd, 0x64, 0xcd, 0x64, 0xcd, 0x64, 0xcd, 0x64, 0xcd, 0x64, 0xcd,
    0x64, 0xcd, 0x64, 0xcd, 0x64, 0xcd, 0x64, 0xcd, 0x64, 0xcd, 0x64, 0xcd,
    0x64, 0xcd, 0x64, 0xcd, 0x64, 0xcd, 0x64, 0xcd, 0x64, 0xcd, 0x64, 0xcd,
    0x64, 0xcd, 0x64, 0xcd, 0x64, 0xcd, 0x64, 0xcd, 0x64, 0xcd, 0x64, 0xcd,
    0x64, 0xcd, 0x64, 0xcd, 0x64, 0xcd, 0x64, 0xcd, 0x64, 0xcd, 0x64, 0xcd,
    0x6b, 0x9c, 0x8e, 0x73, 0xcf, 0x7b, 0xae, 0x73, 0x8b, 0x73, 0x64, 0xcd,
    0x64, 0xcd, 0x64, 0xcd, 0x64, 0xcd, 0x63, 0xcd, 0x63, 0xcd, 0x63, 0xcd,
    0x63, 0xcd, 0x63, 0xcd, 0x63, 0xcd, 0x63, 0xcd, 0x63, 0xcd, 0x63, 0xcd,
    0x63, 0xcd, 0x63, 0xcd, 0x63, 0xcd, 0x63, 0xcd, 0x63, 0xcd, 0x63, 0xcd,
    0x63, 0xcd, 0x63, 0xcd, 0x63, 0xcd, 0x63, 0xcd, 0x63, 0xcd, 0x63, 0xcd,
    0x63, 0xcd, 0x63, 0xcd, 0x63, 0xcd, 0x63, 0xcd, 0x63, 0xcd, 0x63, 0xcd,
    0x63, 0xcd, 0x63, 0xcd, 0x63, 0xcd, 0x63, 0xcd, 0x63, 0xcd, 0x63, 0xcd,
    0x63, 0xcd, 0x63, 0xcd, 0x63, 0xcd, 0x63, 0xcd, 0x63, 0xcd, 0x63, 0xcd,
    0x63, 0xcd, 0x63, 0xcd, 0x63, 0xcd, 0x63, 0xcd, 0x63, 0xcd, 0x63, 0xcd,
    0x63, 0xcd, 0x63, 0xcd, 0x63, 0xcd, 0x63, 0xcd, 0x63, 0xcd, 0xa7, 0xcd,
    0xb4, 0xe6, 0x9e, 0xf7, 0x9e, 0xf7, 0x9e, 0xf7, 0x9e, 0xf7, 0x9e, 0xf7,
    0x9e, 0xf7, 0x9e, 0xf7, 0x9e, 0xf7, 0x9e, 0xf7, 0x9e, 0xf7, 0x9e, 0xf7,
    0x9e, 0xf7, 0x9e, 0xf7, 0x9e, 0xf7, 0x9e, 0xf7, 0x9e, 0xf7, 0x9e, 0xf7,
    0x9e, 0xf7, 0x9e, 0xf7, 0x9e, 0xf7, 0x9e, 0xf7, 0x9e, 0xf7, 0x9e, 0xf7,
    0x9e, 0xf7, 0x9e, 0xf7, 0x9e, 0xf7, 0x9e, 0xf7, 0x9e, 0xf7, 0x9e, 0xf7,
    0x9e, 0xf7, 0x9e, 0xf7, 0x9e, 0xf7, 0x9e, 0xf7, 0x9e, 0xf7, 0x9e, 0xf7,
    0x9e, 0xf7, 0x9e, 0xf7, 0x9e, 0xf7, 0x9e, 0xf7, 0x9e, 0xf7, 0x9e, 0xf7,
    0x9e, 0xf7, 0x9e, 0xf7, 0x9e, 0xf7, 0xb4, 0xe6, 0xa7, 0xcd, 0x63, 0xcd,
    0x63, 0xcd, 0x63, 0xcd, 0x63, 0xcd, 0x63, 0xcd, 0x63, 0xcd, 0x64, 0xcd,
    0x64, 0xcd, 0x64, 0xcd, 0x64, 0xcd, 0x64, 0xcd, 0x64, 0xcd, 0x64, 0xcd,
    0x64, 0xcd, 0x64, 0xcd, 0x64, 0xcd, 0x64, 0xcd, 0x64, 0xcd, 0x64, 0xcd,
    0x64, 0xcd, 0x64, 0xcd, 0x64, 0xcd, 0x64, 0xcd, 0x64, 0xcd, 0x64, 0xcd,
    0x64, 0xcd, 0x64, 0xcd, 0x64, 0xcd, 0x64, 0xcd, 0x64, 0xcd, 0x64, 0xcd,
    0x64, 0xcd, 0x64, 0xcd, 0x64, 0xcd, 0x64, 0xcd, 0x64, 0xcd, 0x64, 0xcd,
    0x64, 0xcd, 0x64, 0xcd, 0x64, 0xcd, 0x64, 0xcd, 0x64, 0xcd, 0x64, 0xcd,
    0x6b, 0x9c, 0x8e, 0x73, 0xcf, 0x7b, 0xae, 0x73, 0x8b, 0x73, 0x64, 0xcd,
    0x64, 0xcd, 0x64, 0xcd, 0x64, 0xcd, 0x64, 0xcd, 0x64, 0xcd, 0x64, 0xcd,
    0x64, 0xcd, 0x64, 0xcd, 0x64, 0xcd, 0x64, 0xcd, 0x64, 0xcd, 0x63, 0xcd,
    0x63, 0xcd, 0x63, 0xcd, 0x63, 0xcd, 0x63, 0xcd, 0x63, 0xcd, 0x63, 0xcd,
    0x63, 0xcd, 0x63, 0xcd, 0x63, 0xcd, 0x63, 0xcd, 0x63, 0xcd, 0x63, 0xcd,
    0x63, 0xcd, 0x63, 0xcd, 0x63, 0xcd, 0x63, 0xcd, 0x63, 0xcd, 0x63, 0xcd,
    0x63, 0xcd, 0x63, 0xcd, 0x63, 0xcd, 0x63, 0xcd, 0x63, 0xcd, 0x63, 0xcd,
    0x63, 0xcd, 0x63, 0xcd, 0x63, 0xcd, 0x63, 0xcd, 0x63, 0xcd, 0x63, 0xcd,
    0x63, 0xcd, 0x63, 0xcd, 0x63, 0xcd, 0x63, 0xcd, 0x63, 0xcd, 0x63, 0xcd,
    0x63, 0xcd, 0x63, 0xcd, 0x63, 0xcd, 0x63, 0xcd, 0x63, 0xcd, 0x63, 0xcd,
    0x63, 0xcd, 0xea, 0xd5, 0xf7, 0xe6, 0x9e, 0xf7, 0x9e, 0xf7, 0x9e, 0xf7,
    0x9e, 0xf7, 0x9e, 0xf7, 0x9e, 0xf7, 0x9e, 0xf7, 0x9e, 0xf7, 0x9e, 0xf7,
    0x9e, 0xf7, 0x9e, 0xf7, 0x9e, 0xf7, 0x9e, 0xf7, 0x9e, 0xf7, 0x9e, 0xf7,
    0x9e, 0xf7, 0x9e, 0xf7, 0x9e, 0xf7, 0x9e, 0xf7, 0x9e, 0xf7, 0x9e, 0xf7,
    0x9e, 0xf7, 0x9e, 0xf7, 0x9e, 0xf7, 0x9e, 0xf7, 0x9e, 0xf7, 0x9e, 0xf7,
    0x9e, 0xf7, 0x9e, 0xf7, 0x9e, 0xf7, 0x9e, 0xf7, 0x9e, 0xf7, 0x9e, 0xf7,
    0x9e, 0xf7, 0x9e, 0xf7, 0x9e, 0xf7, 0x9e, 0xf7, 0x9e, 0xf7, 0x9e, 0xf7,
    0x9e, 0xf7, 0xb4, 0xe6, 0xa7, 0xcd, 0x63, 0xcd, 0x63, 0xcd, 0x64, 0xcd,
    0x64, 0xcd, 0x64, 0xcd, 0x64, 0xcd, 0x64, 0xcd, 0x64, 0xcd, 0x64, 0xcd,
    0x64, 0xcd, 0x64, 0xcd, 0x64, 0xcd, 0x64, 0xcd, 0x64, 0xcd, 0x64, 0xcd,
    0x64, 0xcd, 0x64, 0xcd, 0x64, 0xcd, 0x64, 0xcd, 0x64, 0xcd, 0x64, 0xcd,
    0x64, 0xcd, 0x64, 0xcd, 0x64, 0xcd, 0x64, 0xcd, 0x64, 0xcd, 0x64, 0xcd,
    0x64, 0xcd, 0x64, 0xcd, 0x64, 0xcd, 0x64, 0xcd, 0x64, 0xcd, 0x64, 0xcd,
    0x64, 0xcd, 0x64, 0xcd, 0x64, 0xcd, 0x64, 0xcd, 0x64, 0xcd, 0x64, 0xcd,
    0x64, 0xcd, 0x64, 0xcd, 0x64, 0xcd, 0x64, 0xcd, 0x64, 0xcd, 0x64, 0xcd,
    0x6b, 0x9c, 0x8e, 0x73, 0xcf, 0x7b, 0xae, 0x73, 0x8b, 0x73, 0x64, 0xcd,
    0x64, 0xcd, 0x64, 0xcd, 0x64, 0xcd, 0x64, 0xcd, 0x64, 0xcd, 0x64, 0xcd,
    0x64, 0xcd, 0x64, 0xcd, 0x64, 0xcd, 0x64, 0xcd, 0x64, 0xcd, 0x64, 0xcd,
    0x64, 0xcd, 0x64, 0xcd, 0x64, 0xcd, 0x64, 0xcd, 0x64, 0xcd, 0x63, 0xcd,
    0x63, 0xcd, 0x63, 0xcd, 0x63, 0xcd, 0x63, 0xcd, 0x63, 0xcd, 0x63, 0xcd,
    0x63, 0xcd, 0x63, 0xcd, 0x63, 0xcd, 0x63, 0xcd, 0x63, 0xcd, 0x63, 0xcd,
    0x63, 0xcd, 0x63, 0xcd, 0x63, 0xcd, 0x63, 0xcd, 0x63, 0xcd, 0x63, 0xcd,
    0x63, 0xcd, 0x63, 0xcd, 0x63, 0xcd, 0x63, 0xcd, 0x63, 0xcd, 0x63, 0xcd,
    0x63, 0xcd, 0x63, 0xcd, 0x63, 0xcd, 0x63, 0xcd, 0x63, 0xcd, 0x63, 0xcd,
    0x63, 0xcd, 0x63, 0xcd, 0x63, 0xcd, 0x63, 0xcd, 0x63, 0xcd, 0x63, 0xcd,
    0x63, 0xcd, 0x63, 0xcd, 0x63, 0xcd, 0xea, 0xd5, 0xf7, 0xe6, 0x9e, 0xf7,
    0x9e, 0xf7, 0x9e, 0xf7, 0x9e, 0xf7, 0x9e, 0xf7, 0x9e, 0xf7, 0x9e, 0xf7,
    0x9e, 0xf7, 0x9e, 0xf7, 0x9e, 0xf7, 0x9e, 0xf7, 0x9e, 0xf7, 0x9e, 0xf7,
    0x9e, 0xf7, 0x9e, 0xf7, 0x9e, 0xf7, 0x9e, 0xf7, 0x9e, 0xf7, 0x9e, 0xf7,
    0x9e, 0xf7, 0x9e, 0xf7, 0x9e, 0xf7, 0x9e, 0xf7, 0x9e, 0xf7, 0x9e, 0xf7,
    0x9e, 0xf7, 0x9e, 0xf7, 0x9e, 0xf7, 0x9e, 0xf7, 0x9e, 0xf7, 0x9e, 0xf7,
    0x9e, 0xf7, 0x9e, 0xf7, 0x9e, 0xf7, 0x9e, 0xf7, 0x9e, 0xf7, 0xb4, 0xe6,
    0xa7, 0xcd, 0x64, 0xcd, 0x64, 0xcd, 0x64, 0xcd, 0x64, 0xcd, 0x64, 0xcd,
    0x64, 0xcd, 0x64, 0xcd, 0x64, 0xcd, 0x64, 0xcd, 0x64, 0xcd, 0x64, 0xcd,
    0x64, 0xcd, 0x64, 0xcd, 0x64, 0xcd, 0x64, 0xcd, 0x64, 0xcd, 0x64, 0xcd,
    0x64, 0xcd, 0x64, 0xcd, 0x64, 0xcd, 0x64, 0xcd, 0x64, 0xcd, 0x64, 0xcd,
    0x64, 0xcd, 0x64, 0xcd, 0x64, 0xcd, 0x64, 0xcd, 0x64, 0xcd, 0x64, 0xcd,
    0x64, 0xcd, 0x64, 0xcd, 0x64, 0xcd, 0x64, 0xcd, 0x64, 0xcd, 0x64, 0xcd,
    0x64, 0xcd, 0x64, 0xcd, 0x64, 0xcd, 0x64, 0xcd, 0x64, 0xcd, 0x64, 0xcd,
    0x64, 0xcd, 0x64, 0xcd, 0x64, 0xcd, 0x64, 0xcd, 0x64, 0xcd, 0x64, 0xcd,
    0x6b, 0x9c, 0x8e, 0x73, 0xcf, 0x7b, 0xae, 0x73, 0x8b, 0x73, 0x64, 0xcd,
    0x64, 0xcd, 0x64, 0xcd, 0x64, 0xcd, 0x64, 0xcd, 0x64, 0xcd, 0x64, 0xcd,
    0x64, 0xcd, 0x64, 0xcd, 0x64, 0xcd, 0x64, 0xcd, 0x64, 0xcd, 0x64, 0xcd,
    0x64, 0xcd, 0x64, 0xcd, 0x64, 0xcd, 0x64, 0xcd, 0x64, 0xcd, 0x64, 0xcd,
    0x64, 0xcd, 0x64, 0xcd, 0x64, 0xcd, 0x64, 0xcd, 0x63, 0xcd, 0x63, 0xcd,
    0x63, 0xcd, 0x63, 0xcd, 0x63, 0xcd, 0x63, 0xcd, 0x63, 0xcd, 0x63, 0xcd,
    0x63, 0xcd, 0x63, 0xcd, 0x63, 0xcd, 0x63, 0xcd, 0x63, 0xcd, 0x63, 0xcd,
    0x63, 0xcd, 0x63, 0xcd, 0x63, 0xcd, 0x63, 0xcd, 0x63, 0xcd, 0x63, 0xcd,
    0x63, 0xcd, 0x63, 0xcd, 0x63, 0xcd, 0x63, 0xcd, 0x63, 0xcd, 0x63, 0xcd,
    0x63, 0xcd, 0x63, 0xcd, 0x63, 0xcd, 0x63, 0xcd, 0x63, 0xcd, 0x63, 0xcd,
    0x63, 0xcd, 0x63, 0xcd, 0x63, 0xcd, 0x63, 0xcd, 0x63, 0xcd, 0xea, 0xd5,
    0xf7, 0xe6, 0x9e, 0xf7, 0x9e, 0xf7, 0x9e, 0xf7, 0x9e, 0xf7, 0x9e, 0xf7,
    0x9e, 0xf7, 0x9e, 0xf7, 0x9e, 0xf7, 0x9e, 0xf7, 0x9e, 0xf7, 0x9e, 0xf7,
    0x9e, 0xf7, 0x9e, 0xf7, 0x9e, 0xf7, 0x9e, 0xf7, 0x9e, 0xf7, 0x9e, 0xf7,
    0x9e, 0xf7, 0x9e, 0xf7, 0x9e, 0xf7, 0x9e, 0xf7, 0x9e, 0xf7, 0x9e, 0xf7,
    0x9e, 0xf7, 0x9e, 0xf7, 0x9e, 0xf7, 0x9e, 0xf7, 0x9e, 0xf7, 0x9e, 0xf7,
    0x9e, 0xf7, 0x9e, 0xf7, 0x9e, 0xf7, 0xb4, 0xe6, 0xa7, 0xcd, 0x64, 0xcd,
    0x64, 0xcd, 0x64, 0xcd, 0x64, 0xcd, 0x64, 0xcd, 0x64, 0xcd, 0x64, 0xcd,
    0x64, 0xcd, 0x64, 0xcd, 0x64, 0xcd, 0x64, 0xcd, 0x64, 0xcd, 0x64, 0xcd,
    0x64, 0xcd, 0x64, 0xcd, 0x64, 0xcd, 0x64, 0xcd, 0x64, 0xcd, 0x64, 0xcd,
    0x64, 0xcd, 0x64, 0xcd, 0x64, 0xcd, 0x64, 0xcd, 0x64, 0xcd, 0x64, 0xcd,
    0x64, 0xcd, 0x64, 0xcd, 0x64, 0xcd, 0x64, 0xcd, 0x64, 0xcd, 0x64, 0xcd,
    0x64, 0xcd, 0x64, 0xcd, 0x64, 0xcd, 0x64, 0xcd, 0x64, 0xcd, 0x64, 0xcd,
    0x64, 0xcd, 0x64, 0xcd, 0x64, 0xcd, 0x64, 0xcd, 0x64, 0xcd, 0x64, 0xcd,
    0x64, 0xcd, 0x64, 0xcd, 0x64, 0xcd, 0x64, 0xcd, 0x64, 0xcd, 0x64, 0xcd,
    0x6b, 0x9c, 0x8e, 0x73, 0xcf, 0x7b, 0xae, 0x73, 0x8b, 0x73, 0x64, 0xcd,
    0x64, 0xcd, 0x64, 0xcd, 0x64, 0xcd, 0x64, 0xcd, 0x64, 0xcd, 0x64, 0xcd,
    0x64, 0xcd, 0x64, 0xcd, 0x64, 0xcd, 0x64, 0xcd, 0x64, 0xcd, 0x64, 0xcd,
    0x64, 0xcd, 0x64, 0xcd, 0x64, 0xcd, 0x64, 0xcd, 0x64, 0xcd, 0x64, 0xcd,
    0x64, 0xcd, 0x64, 0xcd, 0x64, 0xcd, 0x64, 0xcd, 0x64, 0xcd, 0x64, 0xcd,
    0x64, 0xcd, 0x64, 0xcd, 0x63, 0xcd, 0x63, 0xcd, 0x63, 0xcd, 0x63, 0xcd,
    0x63, 0xcd, 0x63, 0xcd, 0x63, 0xcd, 0x63, 0xcd, 0x63, 0xcd, 0x63, 0xcd,
    0x63, 0xcd, 0x63, 0xcd, 0x63, 0xcd, 0x63, 0xcd, 0x63, 0xcd, 0x63, 0xcd,
    0x63, 0xcd, 0x63, 0xcd, 0x63, 0xcd, 0x63, 0xcd, 0x63, 0xcd, 0x63, 0xcd,
    0x63, 0xcd, 0x63, 0xcd, 0x63, 0xcd, 0x63, 0xcd, 0x63, 0xcd, 0x63, 0xcd,
    0x63, 0xcd, 0x63, 0xcd, 0x63, 0xcd, 0x63, 0xcd, 0x63, 0xcd, 0x63, 0xcd,
    0x63, 0xcd, 0xea, 0xd5, 0xf7, 0xe6, 0x9e, 0xf7, 0x9e, 0xf7, 0x9e, 0xf7,
    0x9e, 0xf7, 0x9e, 0xf7, 0x9e, 0xf7, 0x9e, 0xf7, 0x9e, 0xf7, 0x9e, 0xf7,
    0x9e, 0xf7, 0x9e, 0xf7, 0x9e, 0xf7, 0x9e, 0xf7, 0x9e, 0xf7, 0x9e, 0xf7,
    0x9e, 0xf7, 0x9e, 0xf7, 0x9e, 0xf7, 0x9e, 0xf7, 0x9e, 0xf7, 0x9e, 0xf7,
    0x9e, 0xf7, 0x9e, 0xf7, 0x9e, 0xf7, 0x9e, 0xf7, 0x9e, 0xf7, 0x9e, 0xf7,
    0x9e, 0xf7, 0xf7, 0xe6, 0xea, 0xd5, 0x64, 0xcd, 0x64, 0xcd, 0x64, 0xcd,
    0x64, 0xcd, 0x64, 0xcd, 0x64, 0xcd, 0x64, 0xcd, 0x64, 0xcd, 0x64, 0xcd,
    0x64, 0xcd, 0x64, 0xcd, 0x64, 0xcd, 0x64, 0xcd, 0x64, 0xcd, 0x64, 0xcd,
    0x64, 0xcd, 0x64, 0xcd, 0x64, 0xcd, 0x64, 0xcd, 0x64, 0xcd, 0x64, 0xcd,
    0x64, 0xcd, 0x64, 0xcd, 0x64, 0xcd, 0x64, 0xcd, 0x64, 0xcd, 0x64, 0xcd,
    0x64, 0xcd, 0x64, 0xcd, 0x64, 0xcd, 0x64, 0xcd, 0x64, 0xcd, 0x64, 0xcd,
    0x64, 0xcd, 0x64, 0xcd, 0x64, 0xcd, 0x64, 0xcd, 0x64, 0xcd, 0x64, 0xcd,
    0x64, 0xcd, 0x64, 0xcd, 0x64, 0xcd, 0x64, 0xcd, 0x64, 0xcd, 0x64, 0xcd,
    0x64, 0xcd, 0x64, 0xcd, 0x64, 0xcd, 0x64, 0xcd, 0x64, 0xcd, 0x64, 0xcd,
    0x6b, 0x9c, 0x8e, 0x73, 0xcf, 0x7b, 0xae, 0x73, 0x8b, 0x73, 0x64, 0xcd,
    0x64, 0xcd, 0x64, 0xcd, 0x64, 0xcd, 0x64, 0xcd, 0x64, 0xcd, 0x64, 0xcd,
    0x64, 0xcd, 0x64, 0xcd, 0x64, 0xcd, 0x64, 0xcd, 0x64, 0xcd, 0x64, 0xcd,
    0x64, 0xcd, 0x64, 0xcd, 0x64, 0xcd, 0x64, 0xcd, 0x64, 0xcd, 0x64, 0xcd,
    0x64, 0xcd, 0x64, 0xcd, 0x64, 0xcd, 0x64, 0xcd, 0x64, 0xcd, 0x64, 0xcd,
    0x64, 0xcd, 0x64, 0xcd, 0x64, 0xcd, 0x64, 0xcd, 0x64, 0xcd, 0x64, 0xcd,
    0x63, 0xcd, 0x63, 0xcd, 0x63, 0xcd, 0x63, 0xcd, 0x63, 0xcd, 0x63, 0xcd,
    0x63, 0xcd, 0x63, 0xcd, 0x63, 0xcd, 0x63, 0xcd, 0x63, 0xcd, 0x63, 0xcd,
    0x63, 0xcd, 0x63, 0xcd, 0x63, 0xcd, 0x63, 0xcd, 0x63, 0xcd, 0x63, 0xcd,
    0x63, 0xcd, 0x63, 0xcd, 0x63, 0xcd, 0x63, 0xcd, 0x63, 0xcd, 0x63, 0xcd,
    0x63, 0xcd, 0x63, 0xcd, 0x63, 0xcd, 0x63, 0xcd, 0x63, 0xcd, 0x63, 0xcd,
    0x63, 0xcd, 0x63, 0xcd, 0x63, 0xcd, 0xea, 0xd5, 0xf7, 0xe6, 0x9e, 0xf7,
    0x9e, 0xf7, 0x9e, 0xf7, 0x9e, 0xf7, 0x9e, 0xf7, 0x9e, 0xf7, 0x9e, 0xf7,
    0x9e, 0xf7, 0x9e, 0xf7, 0x9e, 0xf7, 0x9e, 0xf7, 0x9e, 0xf7, 0x9e, 0xf7,
    0x9e, 0xf7, 0x9e, 0xf7, 0x9e, 0xf7, 0x9e, 0xf7, 0x9e, 0xf7, 0x9e, 0xf7,
    0x9e, 0xf7, 0x9e, 0xf7, 0x9e, 0xf7, 0x9e, 0xf7, 0x9e, 0xf7, 0x39, 0xef,
    0xea, 0xd5, 0x64, 0xcd, 0x64, 0xcd, 0x64, 0xcd, 0x64, 0xcd, 0x64, 0xcd,
    0x64, 0xcd, 0x64, 0xcd, 0x64, 0xcd, 0x64, 0xcd, 0x64, 0xcd, 0x64, 0xcd,
    0x64, 0xcd, 0x64, 0xcd, 0x64, 0xcd, 0x64, 0xcd, 0x64, 0xcd, 0x64, 0xcd,
    0x64, 0xcd, 0x64, 0xcd, 0x64, 0xcd, 0x64, 0xcd, 0x64, 0xcd, 0x64, 0xcd,
    0x64, 0xcd, 0x64, 0xcd, 0x64, 0xcd, 0x64, 0xcd, 0x64, 0xcd, 0x64, 0xcd,
    0x64, 0xcd, 0x64, 0xcd, 0x64, 0xcd, 0x64, 0xcd, 0x64, 0xcd, 0x64, 0xcd,
    0x64, 0xcd, 0x64, 0xcd, 0x64, 0xcd, 0x64, 0xcd, 0x64, 0xcd, 0x64, 0xcd,
    0x64, 0xcd, 0x64, 0xcd, 0x64, 0xcd, 0x64, 0xcd, 0x64, 0xcd, 0x64, 0xcd,
    0x64, 0xcd, 0x64, 0xcd, 0x64, 0xcd, 0x64, 0xcd, 0x64, 0xcd, 0x64, 0xcd,
    0x6b, 0x9c, 0x8e, 0x73, 0xcf, 0x7b, 0xae, 0x73, 0x8b, 0x73, 0x64, 0xcd,
    0x64, 0xcd, 0x64, 0xcd, 0x64, 0xcd, 0x64, 0xcd, 0x64, 0xcd, 0x64, 0xcd,
    0x64, 0xcd, 0x64, 0xcd, 0x64, 0xcd, 0x64, 0xcd, 0x64, 0xcd, 0x64, 0xcd,
    0x64, 0xcd, 0x64, 0xcd, 0x64, 0xcd, 0x64, 0xcd, 0x64, 0xcd, 0x64, 0xcd,
    0x64, 0xcd, 0x64, 0xcd, 0x64, 0xcd, 0x64, 0xcd, 0x64, 0xcd, 0x64, 0xcd,
    0x64, 0xcd, 0x64, 0xcd, 0x64, 0xcd, 0x64, 0xcd, 0x64, 0xcd, 0x64, 0xcd,
    0x64, 0xcd, 0x64, 0xcd, 0x64, 0xcd, 0x63, 0xcd, 0x63, 0xcd, 0x63, 0xcd,
    0x63, 0xcd, 0x63, 0xcd, 0x63, 0xcd, 0x63, 0xcd, 0x63, 0xcd, 0x63, 0xcd,
    0x63, 0xcd, 0x63, 0xcd, 0x63, 0xcd, 0x63, 0xcd, 0x63, 0xcd, 0x63, 0xcd,
    0x63, 0xcd, 0x63, 0xcd, 0x63, 0xcd, 0x63, 0xcd, 0x63, 0xcd, 0x63, 0xcd,
    0x63, 0xcd, 0x63, 0xcd, 0x63, 0xcd, 0x63, 0xcd, 0x63, 0xcd, 0x63, 0xcd,
    0x63, 0xcd, 0x63, 0xcd, 0x63, 0xcd, 0x63, 0xcd, 0x63, 0xcd, 0xea, 0xd5,
    0x19, 0xef, 0x9e, 0xf7, 0x9e, 0xf7, 0x9e, 0xf7, 0x9e, 0xf7, 0x9e, 0xf7,
    0x9e, 0xf7, 0x9e, 0xf7, 0x9e, 0xf7, 0x9e, 0xf7, 0x9e, 0xf7, 0x9e, 0xf7,
    0x9e, 0xf7, 0x9e, 0xf7, 0x9e, 0xf7, 0x9e, 0xf7, 0x9e, 0xf7, 0x9e, 0xf7,
    0x9e, 0xf7, 0x9e, 0xf7, 0x9e, 0xf7, 0x9e, 0xf7, 0x9e, 0xf7, 0x4e, 0xde,
    0x84, 0xcd, 0x64, 0xcd, 0x64, 0xcd, 0x64, 0xcd, 0x64, 0xcd, 0x64, 0xcd,
    0x64, 0xcd, 0x64, 0xcd, 0x64, 0xcd, 0x64, 0xcd, 0x64, 0xcd, 0x64, 0xcd,
    0x64, 0xcd, 0x64, 0xcd, 0x64, 0xcd, 0x64, 0xcd, 0x64, 0xcd, 0x64, 0xcd,
    0x64, 0xcd, 0x64, 0xcd, 0x64, 0xcd, 0x64, 0xcd, 0x64, 0xcd, 0x64, 0xcd,
    0x64, 0xcd, 0x64, 0xcd, 0x64, 0xcd, 0x84, 0xcd, 0x84, 0xcd, 0x84, 0xcd,
    0x84, 0xcd, 0x84, 0xcd, 0x84, 0xcd, 0x84, 0xcd, 0x84, 0xcd, 0x84, 0xcd,
    0x84, 0xcd, 0x84, 0xcd, 0x84, 0xcd, 0x84, 0xcd, 0x84, 0xcd, 0x84, 0xcd,
    0x84, 0xcd, 0x84, 0xcd, 0x84, 0xcd, 0x84, 0xcd, 0x84, 0xcd, 0x84, 0xcd,
    0x84, 0xcd, 0x84, 0xcd, 0x84, 0xcd, 0x84, 0xcd, 0x84, 0xcd, 0x84, 0xcd,
    0x6b, 0x9c, 0x8e, 0x73, 0xcf, 0x7b, 0xae, 0x73, 0x8b, 0x73, 0x84, 0xcd,
    0x64, 0xcd, 0x64, 0xcd, 0x64, 0xcd, 0x64, 0xcd, 0x64, 0xcd, 0x64, 0xcd,
    0x64, 0xcd, 0x64, 0xcd, 0x64, 0xcd, 0x64, 0xcd, 0x64, 0xcd, 0x64, 0xcd,
    0x64, 0xcd, 0x64, 0xcd, 0x64, 0xcd, 0x64, 0xcd, 0x64, 0xcd, 0x64, 0xcd,
    0x64, 0xcd, 0x64, 0xcd, 0x64, 0xcd, 0x64, 0xcd, 0x64, 0xcd, 0x64, 0xcd,
    0x64, 0xcd, 0x64, 0xcd, 0x64, 0xcd, 0x64, 0xcd, 0x64, 0xcd, 0x64, 0xcd,
    0x64, 0xcd, 0x64, 0xcd, 0x64, 0xcd, 0x64, 0xcd, 0x64, 0xcd, 0x64, 0xcd,
    0x64, 0xcd, 0x63, 0xcd, 0x63, 0xcd, 0x63, 0xcd, 0x63, 0xcd, 0x63, 0xcd,
    0x63, 0xcd, 0x63, 0xcd, 0x63, 0xcd, 0x63, 0xcd, 0x63, 0xcd, 0x63, 0xcd,
    0x63, 0xcd, 0x63, 0xcd, 0x63, 0xcd, 0x63, 0xcd, 0x63, 0xcd, 0x63, 0xcd,
    0x63, 0xcd, 0x63, 0xcd, 0x63, 0xcd, 0x63, 0xcd, 0x63, 0xcd, 0x63, 0xcd,
    0x63, 0xcd, 0x63, 0xcd, 0x63, 0xcd, 0x63, 0xcd, 0x63, 0xcd, 0x43, 0xc5,
    0x0d, 0xd6, 0x9e, 0xf7, 0x9e, 0xf7, 0x9e, 0xf7, 0x9e, 0xf7, 0x9e, 0xf7,
    0x9e, 0xf7, 0x9e, 0xf7, 0x9e, 0xf7, 0x9e, 0xf7, 0x9e, 0xf7, 0x9e, 0xf7,
    0x9e, 0xf7, 0x9e, 0xf7, 0x9e, 0xf7, 0x9e, 0xf7, 0x9e, 0xf7, 0x9e, 0xf7,
    0x9e, 0xf7, 0x9e, 0xf7, 0x9e, 0xf7, 0x9e, 0xf7, 0x9e, 0xf7, 0x4e, 0xde,
    0x84, 0xcd, 0xa4, 0xcd, 0x84, 0xcd, 0x64, 0xcd, 0x64, 0xcd, 0x64, 0xcd,
    0x64, 0xcd, 0x64, 0xcd, 0x64, 0xcd, 0x64, 0xcd, 0x64, 0xcd, 0x64, 0xcd,
    0x64, 0xcd, 0x64, 0xcd, 0x64, 0xcd, 0x64, 0xcd, 0x64, 0xcd, 0x64, 0xcd,
    0x64, 0xcd, 0x64, 0xcd, 0x84, 0xcd, 0x84, 0xcd, 0x84, 0xcd, 0x84, 0xcd,
    0x84, 0xcd, 0x84, 0xcd, 0x84, 0xcd, 0x84, 0xcd, 0x84, 0xcd, 0x84, 0xcd,
    0x84, 0xcd, 0x84, 0xcd, 0x84, 0xcd, 0x84, 0xcd, 0x84, 0xcd, 0x84, 0xcd,
    0x84, 0xcd, 0x84, 0xcd, 0x84, 0xcd, 0x84, 0xcd, 0x84, 0xcd, 0x84, 0xcd,
    0x84, 0xcd, 0x84, 0xcd, 0x84, 0xcd, 0x84, 0xcd, 0x84, 0xcd, 0x84, 0xcd,
    0x84, 0xcd, 0x84, 0xcd, 0x84, 0xcd, 0x84, 0xcd, 0x84, 0xcd, 0x84, 0xcd,
    0x6b, 0x9c, 0x8e, 0x73, 0xcf, 0x7b, 0xae, 0x73, 0x8b, 0x73, 0x84, 0xcd,
    0x84, 0xcd, 0x84, 0xcd, 0x84, 0xcd, 0x84, 0xcd, 0x84, 0xcd, 0x84, 0xcd,
    0x84, 0xcd, 0x84, 0xcd, 0x64, 0xcd, 0x64, 0xcd, 0x64, 0xcd, 0x64, 0xcd,
    0x64, 0xcd, 0x64, 0xcd, 0x64, 0xcd, 0x64, 0xcd, 0x64, 0xcd, 0x64, 0xcd,
    0x64, 0xcd, 0x64, 0xcd, 0x64, 0xcd, 0x64, 0xcd, 0x64, 0xcd, 0x64, 0xcd,
    0x64, 0xcd, 0x64, 0xcd, 0x64, 0xcd, 0x64, 0xcd, 0x64, 0xcd, 0x64, 0xcd,
    0x64, 0xcd, 0x64, 0xcd, 0x64, 0xcd, 0x64, 0xcd, 0x64, 0xcd, 0x64, 0xcd,
    0x64, 0xcd, 0x64, 0xcd, 0x64, 0xcd, 0x63, 0xcd, 0x63, 0xcd, 0x63, 0xcd,
    0x63, 0xcd, 0x63, 0xcd, 0x63, 0xcd, 0x63, 0xcd, 0x63, 0xcd, 0x63, 0xcd,
    0x63, 0xcd, 0x63, 0xcd, 0x63, 0xcd, 0x63, 0xcd, 0x63, 0xcd, 0x63, 0xcd,
    0x63, 0xcd, 0x63, 0xcd, 0x63, 0xcd, 0x63, 0xcd, 0x63, 0xcd, 0x63, 0xcd,
    0x63, 0xcd, 0x63, 0xcd, 0x63, 0xcd, 0x43, 0xc5, 0x23, 0xc5, 0x23, 0xc5,
    0x0d, 0xd6, 0x9e, 0xf7, 0x9e, 0xf7, 0x9e, 0xf7, 0x9e, 0xf7, 0x9e, 0xf7,
    0x9e, 0xf7, 0x9e, 0xf7, 0x9e, 0xf7, 0x9e, 0xf7, 0x9e, 0xf7, 0x9e, 0xf7,
    0x9e, 0xf7, 0x9e, 0xf7, 0x9e, 0xf7, 0x9e, 0xf7, 0x9e, 0xf7, 0x9e, 0xf7,
    0x9e, 0xf7, 0x9e, 0xf7, 0x9e, 0xf7, 0x9e, 0xf7, 0x9e, 0xf7, 0x4e, 0xde,
    0x84, 0xcd, 0xa4, 0xcd, 0xa4, 0xcd, 0xa4, 0xcd, 0x84, 0xcd, 0x64, 0xcd,
    0x64, 0xcd, 0x64, 0xcd, 0x64, 0xcd, 0x64, 0xcd, 0x64, 0xcd, 0x64, 0xcd,
    0x64, 0xcd, 0x64, 0xcd, 0x84, 0xcd, 0x84, 0xcd, 0x84, 0xcd, 0x84, 0xcd,
    0x84, 0xcd, 0x84, 0xcd, 0x84, 0xcd, 0x84, 0xcd, 0x84, 0xcd, 0x84, 0xcd,
    0x84, 0xcd, 0x84, 0xcd, 0x84, 0xcd, 0x84, 0xcd, 0x84, 0xcd, 0x84, 0xcd,
    0x84, 0xcd, 0x84, 0xcd, 0x84, 0xcd, 0x84, 0xcd, 0x84, 0xcd, 0x84, 0xcd,
    0x84, 0xcd, 0x84, 0xcd, 0x84, 0xcd, 0x84, 0xcd, 0x84, 0xcd, 0x84, 0xcd,
    0x84, 0xcd, 0x84, 0xcd, 0x84, 0xcd, 0x84, 0xcd, 0x84, 0xcd, 0x84, 0xcd,
    0x84, 0xcd, 0x84, 0xcd, 0x84, 0xcd, 0x84, 0xcd, 0x84, 0xcd, 0x84, 0xcd,
    0x6b, 0x9c, 0x8e, 0x73, 0xcf, 0x7b, 0xae, 0x73, 0x8b, 0x73, 0x84, 0xcd,
    0x84, 0xcd, 0x84, 0xcd, 0x84, 0xcd, 0x84, 0xcd, 0x84, 0xcd, 0x84, 0xcd,
    0x84, 0xcd, 0x84, 0xcd, 0x84, 0xcd, 0x84, 0xcd, 0x84, 0xcd, 0x84, 0xcd,
    0x84, 0xcd, 0x84, 0xcd, 0x64, 0xcd, 0x64, 0xcd, 0x64, 0xcd, 0x64, 0xcd,
    0x64, 0xcd, 0x64, 0xcd, 0x64, 0xcd, 0x64, 0xcd, 0x64, 0xcd, 0x64, 0xcd,
    0x64, 0xcd, 0x64, 0xcd, 0x64, 0xcd, 0x64, 0xcd, 0x64, 0xcd, 0x64, 0xcd,
    0x64, 0xcd, 0x64, 0xcd, 0x64, 0xcd, 0x64, 0xcd, 0x64, 0xcd, 0x64, 0xcd,
    0x64, 0xcd, 0x64, 0xcd, 0x64, 0xcd, 0x64, 0xcd, 0x64, 0xcd, 0x64, 0xcd,
    0x63, 0xcd, 0x63, 0xcd, 0x63, 0xcd, 0x63, 0xcd, 0x63, 0xcd, 0x63, 0xcd,
    0x63, 0xcd, 0x63, 0xcd, 0x63, 0xcd, 0x63, 0xcd, 0x63, 0xcd, 0x63, 0xcd,
    0x63, 0xcd, 0x63, 0xcd, 0x63, 0xcd, 0x63, 0xcd, 0x63, 0xcd, 0x63, 0xcd,
    0x63, 0xcd, 0x43, 0xc5, 0x23, 0xc5, 0x23, 0xc5, 0x23, 0xc5, 0x23, 0xc5,
    0x0d, 0xd6, 0x9e, 0xf7, 0x9e, 0xf7, 0x9e, 0xf7, 0x9e, 0xf7, 0x9e, 0xf7,
    0x9e, 0xf7, 0x9e, 0xf7, 0x9e, 0xf7, 0x9e, 0xf7, 0x9e, 0xf7, 0x9e, 0xf7,
    0x9e, 0xf7, 0x9e, 0xf7, 0x9e, 0xf7, 0x9e, 0xf7, 0x9e, 0xf7, 0x9e, 0xf7,
    0x9e, 0xf7, 0x9e, 0xf7, 0x9e, 0xf7, 0x9e, 0xf7, 0x9e, 0xf7, 0x4e, 0xde,
    0x84, 0xcd, 0xa4, 0xcd, 0xa4, 0xcd, 0xa4, 0xcd, 0xa4, 0xd5, 0xa4, 0xd5,
    0x84, 0xcd, 0x84, 0xcd, 0x64, 0xcd, 0x84, 0xcd, 0x84, 0xcd, 0x84, 0xcd,
    0x84, 0xcd, 0x84, 0xcd, 0x84, 0xcd, 0x84, 0xcd, 0x84, 0xcd, 0x84, 0xcd,
    0x84, 0xcd, 0x84, 0xcd, 0x84, 0xcd, 0x84, 0xcd, 0x84, 0xcd, 0x84, 0xcd,
    0x84, 0xcd, 0x84, 0xcd, 0x84, 0xcd, 0x84, 0xcd, 0x84, 0xcd, 0x84, 0xcd,
    0x84, 0xcd, 0x84, 0xcd, 0x84, 0xcd, 0x84, 0xcd, 0x84, 0xcd, 0x84, 0xcd,
    0x84, 0xcd, 0x84, 0xcd, 0x84, 0xcd, 0x84, 0xcd, 0x84, 0xcd, 0x84, 0xcd,
    0x84, 0xcd, 0x84, 0xcd, 0x84, 0xcd, 0x84, 0xcd, 0x84, 0xcd, 0x84, 0xcd,
    0x84, 0xcd, 0x84, 0xcd, 0x84, 0xcd, 0x84, 0xcd, 0x84, 0xcd, 0x84, 0xcd,
    0x6b, 0x9c, 0x8e, 0x73, 0xcf, 0x7b, 0xae, 0x73, 0x8b, 0x73, 0x84, 0xcd,
    0x84, 0xcd, 0x84, 0xcd, 0x84, 0xcd, 0x84, 0xcd, 0x84, 0xcd, 0x84, 0xcd,
    0x84, 0xcd, 0x84, 0xcd, 0x84, 0xcd, 0x84, 0xcd, 0x84, 0xcd, 0x84, 0xcd,
    0x84, 0xcd, 0x84, 0xcd, 0x84, 0xcd, 0x84, 0xcd, 0x84, 0xcd, 0x84, 0xcd,
    0x84, 0xcd, 0x64, 0xcd, 0x64, 0xcd, 0x64, 0xcd, 0x64, 0xcd, 0x64, 0xcd,
    0x64, 0xcd, 0x64, 0xcd, 0x64, 0xcd, 0x64, 0xcd, 0x64, 0xcd, 0x64, 0xcd,
    0x64, 0xcd, 0x64, 0xcd, 0x64, 0xcd, 0x64, 0xcd, 0x64, 0xcd, 0x64, 0xcd,
    0x64, 0xcd, 0x64, 0xcd, 0x64, 0xcd, 0x64, 0xcd, 0x64, 0xcd, 0x64, 0xcd,
    0x64, 0xcd, 0x64, 0xcd, 0x64, 0xcd, 0x63, 0xcd, 0x63, 0xcd, 0x63, 0xcd,
    0x63, 0xcd, 0x63, 0xcd, 0x63, 0xcd, 0x63, 0xcd, 0x63, 0xcd, 0x63, 0xcd,
    0x63, 0xcd, 0x63, 0xcd, 0x63, 0xcd, 0x63, 0xcd, 0x63, 0xcd, 0x43, 0xc5,
    0x23, 0xc5, 0x23, 0xc5, 0x23, 0xc5, 0x23, 0xc5, 0x23, 0xc5, 0x23, 0xc5,
    0x0d, 0xd6, 0x9e, 0xf7, 0x9e, 0xf7, 0x9e, 0xf7, 0x9e, 0xf7, 0x9e, 0xf7,
    0x9e, 0xf7, 0x9e, 0xf7, 0x9e, 0xf7, 0x9e, 0xf7, 0x9e, 0xf7, 0x9e, 0xf7,
    0x9e, 0xf7, 0x9e, 0xf7, 0x9e, 0xf7, 0x9e, 0xf7, 0x9e, 0xf7, 0x9e, 0xf7,
    0x9e, 0xf7, 0x9e, 0xf7, 0x9e, 0xf7, 0x9e, 0xf7, 0x9e, 0xf7, 0x4e, 0xde,
    0x84, 0xcd, 0x84, 0xcd, 0xa4, 0xcd, 0xa4, 0xcd, 0xa4, 0xd5, 0xa4, 0xd5,
    0xa4, 0xd5, 0xa4, 0xd5, 0x84, 0xcd, 0x84, 0xcd, 0x84, 0xcd, 0x84, 0xcd,
    0x84, 0xcd, 0x84, 0xcd, 0x84, 0xcd, 0x84, 0xcd, 0x84, 0xcd, 0x84, 0xcd,
    0x84, 0xcd, 0x84, 0xcd, 0x84, 0xcd, 0x84, 0xcd, 0x84, 0xcd, 0x84, 0xcd,
    0x84, 0xcd, 0x84, 0xcd, 0x84, 0xcd, 0x84, 0xcd, 0x84, 0xcd, 0x84, 0xcd,
    0x84, 0xcd, 0x84, 0xcd, 0x84, 0xcd, 0x84, 0xcd, 0x84, 0xcd, 0x84, 0xcd,
    0x84, 0xcd, 0x84, 0xcd, 0x84, 0xcd, 0x84, 0xcd, 0x84, 0xcd, 0x84, 0xcd,
    0x84, 0xcd, 0x84, 0xcd, 0x84, 0xcd, 0x84, 0xcd, 0x84, 0xcd, 0x84, 0xcd,
    0x84, 0xcd, 0x84, 0xcd, 0x84, 0xcd, 0x84, 0xcd, 0x84, 0xcd, 0x84, 0xcd,
    0x6b, 0x9c, 0x8e, 0x73, 0xcf, 0x7b, 0xae, 0x73, 0x8b, 0x73, 0x84, 0xcd,
    0x84, 0xcd, 0x84, 0xcd, 0x84, 0xcd, 0x84, 0xcd, 0x84, 0xcd, 0x84, 0xcd,
    0x84, 0xcd, 0x84, 0xcd, 0x84, 0xcd, 0x84, 0xcd, 0x84, 0xcd, 0x84, 0xcd,
    0x84, 0xcd, 0x84, 0xcd, 0x84, 0xcd, 0x84, 0xcd, 0x84, 0xcd, 0x84, 0xcd,
    0x84, 0xcd, 0x84, 0xcd, 0x84, 0xcd, 0x84, 0xcd, 0x84, 0xcd, 0x64, 0xcd,
    0x64, 0xcd, 0x64, 0xcd, 0x64, 0xcd, 0x64, 0xcd, 0x64, 0xcd, 0x64, 0xcd,
    0x64, 0xcd, 0x64, 0xcd, 0x64, 0xcd, 0x64, 0xcd, 0x64, 0xcd, 0x64, 0xcd,
    0x64, 0xcd, 0x64, 0xcd, 0x64, 0xcd, 0x64, 0xcd, 0x64, 0xcd, 0x64, 0xcd,
    0x64, 0xcd, 0x64, 0xcd, 0x64, 0xcd, 0x64, 0xcd, 0x64, 0xcd, 0x63, 0xcd,
    0x63, 0xcd, 0x63, 0xcd, 0x63, 0xcd, 0x63, 0xcd, 0x63, 0xcd, 0x63, 0xcd,
    0x63, 0xcd, 0x63, 0xcd, 0x63, 0xcd, 0x43, 0xc5, 0x23, 0xc5, 0x23, 0xc5,
    0x23, 0xc5, 0x23, 0xc5, 0x23, 0xc5, 0x23, 0xc5, 0x23, 0xc5, 0x23, 0xc5,
    0x0d, 0xd6, 0x9e, 0xf7, 0x9e, 0xf7, 0x9e, 0xf7, 0x9e, 0xf7, 0x9e, 0xf7,
    0x9e, 0xf7, 0x9e, 0xf7, 0x9e, 0xf7, 0x9e, 0xf7, 0x9e, 0xf7, 0x9e, 0xf7,
    0x9e, 0xf7, 0x9e, 0xf7, 0x9e, 0xf7, 0x9e, 0xf7, 0x9e, 0xf7, 0x9e, 0xf7,
    0x9e, 0xf7, 0x9e, 0xf7, 0x9e, 0xf7, 0x9e, 0xf7, 0x9e, 0xf7, 0x4e, 0xde,
    0x84, 0xcd, 0x84, 0xcd, 0xa4, 0xcd, 0xa4, 0xcd, 0xa4, 0xd5, 0xa4, 0xd5,
    0xa4, 0xd5, 0xa4, 0xd5, 0xa4, 0xd5, 0xa4, 0xd5, 0x84, 0xcd, 0x84, 0xcd,
    0x84, 0xcd, 0x84, 0xcd, 0x84, 0xcd, 0x84, 0xcd, 0x84, 0xcd, 0x84, 0xcd,
    0x84, 0xcd, 0x84, 0xcd, 0x84, 0xcd, 0x84, 0xcd, 0x84, 0xcd, 0x84, 0xcd,
    0x84, 0xcd, 0x84, 0xcd, 0x84, 0xcd, 0x84, 0xcd, 0x84, 0xcd, 0x84, 0xcd,
    0x84, 0xcd, 0x84, 0xcd, 0x84, 0xcd, 0x84, 0xcd, 0x84, 0xcd, 0x84, 0xcd,
    0x84, 0xcd, 0x84, 0xcd, 0x84, 0xcd, 0x84, 0xcd, 0x84, 0xcd, 0x84, 0xcd,
    0x84, 0xcd, 0x84, 0xcd, 0x84, 0xcd, 0x84, 0xcd, 0x84, 0xcd, 0x84, 0xcd,
    0x84, 0xcd, 0x84, 0xcd, 0x84, 0xcd, 0x84, 0xcd, 0x84, 0xcd, 0x84, 0xcd,
    0x8b, 0x9c, 0x8e, 0x73, 0xcf, 0x7b, 0xae, 0x73, 0x8b, 0x73, 0x84, 0xcd,
    0x84, 0xcd, 0x84, 0xcd, 0x84, 0xcd, 0x84, 0xcd, 0x84, 0xcd, 0x84, 0xcd,
    0x84, 0xcd, 0x84, 0xcd, 0x84, 0xcd, 0x84, 0xcd, 0x84, 0xcd, 0x84, 0xcd,
    0x84, 0xcd, 0x84, 0xcd, 0x84, 0xcd, 0x84, 0xcd, 0x84, 0xcd, 0x84, 0xcd,
    0x84, 0xcd, 0x84, 0xcd, 0x84, 0xcd, 0x84, 0xcd, 0x84, 0xcd, 0x84, 0xcd,
    0x84, 0xcd, 0x84, 0xcd, 0x64, 0xcd, 0x64, 0xcd, 0x64, 0xcd, 0x64, 0xcd,
    0x64, 0xcd, 0x64, 0xcd, 0x64, 0xcd, 0x64, 0xcd, 0x64, 0xcd, 0x64, 0xcd,
    0x64, 0xcd, 0x64, 0xcd, 0x64, 0xcd, 0x64, 0xcd, 0x64, 0xcd, 0x64, 0xcd,
    0x64, 0xcd, 0x64, 0xcd, 0x64, 0xcd, 0x64, 0xcd, 0x64, 0xcd, 0x64, 0xcd,
    0x64, 0xcd, 0x63, 0xcd, 0x63, 0xcd, 0x63, 0xcd, 0x63, 0xcd, 0x63, 0xcd,
    0x63, 0xcd, 0x43, 0xc5, 0x23, 0xc5, 0x23, 0xc5, 0x23, 0xc5, 0x23, 0xc5,
    0x23, 0xc5, 0x23, 0xc5, 0x23, 0xc5, 0x23, 0xc5, 0x23, 0xc5, 0x23, 0xc5,
    0x0d, 0xd6, 0x9e, 0xf7, 0x9e, 0xf7, 0x9e, 0xf7, 0x9e, 0xf7, 0x9e, 0xf7,
    0x9e, 0xf7, 0x9e, 0xf7, 0x9e, 0xf7, 0x9e, 0xf7, 0x9e, 0xf7, 0x9e, 0xf7,
    0x9e, 0xf7, 0x9e, 0xf7, 0x9e, 0xf7, 0x9e, 0xf7, 0x9e, 0xf7, 0x9e, 0xf7,
    0x9e, 0xf7, 0x9e, 0xf7, 0x9e, 0xf7, 0x9e, 0xf7, 0x9e, 0xf7, 0x4e, 0xde,
    0x84, 0xcd, 0x84, 0xcd, 0xa4, 0xcd, 0xa4, 0xcd, 0xa4, 0xd5, 0xa4, 0xd5,
    0xa4, 0xd5, 0xa4, 0xd5, 0xa4, 0xd5, 0xa4, 0xd5, 0xa4, 0xd5, 0xa4, 0xd5,
    0x84, 0xcd, 0x84, 0xcd, 0x84, 0xcd, 0x84, 0xcd, 0x84, 0xcd, 0x84, 0xcd,
    0x84, 0xcd, 0x84, 0xcd, 0x84, 0xcd, 0x84, 0xcd, 0x84, 0xcd, 0x84, 0xcd,
    0x84, 0xcd, 0x84, 0xcd, 0x84, 0xcd, 0x84, 0xcd, 0x84, 0xcd, 0x84, 0xcd,
    0x84, 0xcd, 0x84, 0xcd, 0x84, 0xcd, 0x84, 0xcd, 0x84, 0xcd, 0x84, 0xcd,
    0x84, 0xcd, 0x84, 0xcd, 0x84, 0xcd, 0x84, 0xcd, 0x84, 0xcd, 0x84, 0xcd,
    0x84, 0xcd, 0x84, 0xcd, 0x84, 0xcd, 0x84, 0xcd, 0x84, 0xcd, 0x84, 0xcd,
    0x84, 0xcd, 0x84, 0xcd, 0x84, 0xcd, 0x84, 0xcd, 0x84, 0xcd, 0x84, 0xcd,
    0x8b, 0x9c, 0x8e, 0x73, 0xcf, 0x7b, 0xae, 0x73, 0x8b, 0x73, 0x84, 0xcd,
    0x84, 0xcd, 0x84, 0xcd, 0x84, 0xcd, 0x84, 0xcd, 0x84, 0xcd, 0x84, 0xcd,
    0x84, 0xcd, 0x84, 0xcd, 0x84, 0xcd, 0x84, 0xcd, 0x84, 0xcd, 0x84, 0xcd,
    0x84, 0xcd, 0x84, 0xcd, 0x84, 0xcd, 0x84, 0xcd, 0x84, 0xcd, 0x84, 0xcd,
    0x84, 0xcd, 0x84, 0xcd, 0x84, 0xcd, 0x84, 0xcd, 0x84, 0xcd, 0x84, 0xcd,
    0x84, 0xcd, 0x84, 0xcd, 0x84, 0xcd, 0x84, 0xcd, 0x84, 0xcd, 0x84, 0xcd,
    0x64, 0xcd, 0x64, 0xcd, 0x64, 0xcd, 0x64, 0xcd, 0x64, 0xcd, 0x64, 0xcd,
    0x64, 0xcd, 0x64, 0xcd, 0x64, 0xcd, 0x64, 0xcd, 0x64, 0xcd, 0x64, 0xcd,
    0x64, 0xcd, 0x64, 0xcd, 0x64, 0xcd, 0x64, 0xcd, 0x64, 0xcd, 0x64, 0xcd,
    0x64, 0xcd, 0x64, 0xcd, 0x64, 0xcd, 0x63, 0xcd, 0x63, 0xcd, 0x43, 0xcd,
    0x43, 0xc5, 0x23, 0xc5, 0x23, 0xc5, 0x23, 0xc5, 0x23, 0xc5, 0x23, 0xc5,
    0x23, 0xc5, 0x23, 0xc5, 0x23, 0xc5, 0x23, 0xc5, 0x23, 0xc5, 0x23, 0xc5,
    0x0d, 0xd6, 0x9e, 0xf7, 0x9e, 0xf7, 0x9e, 0xf7, 0x9e, 0xf7, 0x9e, 0xf7,
    0x9e, 0xf7, 0x9e, 0xf7, 0x9e, 0xf7, 0x9e, 0xf7, 0x9e, 0xf7, 0x9e, 0xf7,
    0x9e, 0xf7, 0x9e, 0xf7, 0x9e, 0xf7, 0x9e, 0xf7, 0x9e, 0xf7, 0x9e, 0xf7,
    0x9e, 0xf7, 0x9e, 0xf7, 0x9e, 0xf7, 0x9e, 0xf7, 0x9e, 0xf7, 0x4e, 0xde,
    0x84, 0xcd, 0x84, 0xcd, 0xa4, 0xcd, 0xa4, 0xcd, 0xa4, 0xcd, 0xa4, 0xd5,
    0xa4, 0xd5, 0xa4, 0xd5, 0xa4, 0xd5, 0xa4, 0xd5, 0xa4, 0xd5, 0xa4, 0xd5,
    0xa4, 0xd5, 0xa5, 0xd5, 0x84, 0xcd, 0x84, 0xcd, 0x84, 0xcd, 0x84, 0xcd,
    0x84, 0xcd, 0x84, 0xcd, 0x84, 0xcd, 0x84, 0xcd, 0x84, 0xcd, 0x84, 0xcd,
    0x84, 0xcd, 0x84, 0xcd, 0x84, 0xcd, 0x84, 0xcd, 0x84, 0xcd, 0x84, 0xcd,
    0x84, 0xcd, 0x84, 0xcd, 0x84, 0xcd, 0x84, 0xcd, 0x84, 0xcd, 0x84, 0xcd,
    0x84, 0xcd, 0x84, 0xcd, 0x84, 0xcd, 0x84, 0xcd, 0x84, 0xcd, 0x84, 0xcd,
    0x84, 0xcd, 0x84, 0xcd, 0x84, 0xcd, 0x84, 0xcd, 0x84, 0xcd, 0x84, 0xcd,
    0x84, 0xcd, 0x84, 0xcd, 0x84, 0xcd, 0x84, 0xcd, 0x84, 0xcd, 0x84, 0xcd,
    0x8b, 0x9c, 0x8e, 0x73, 0xcf, 0x7b, 0xae, 0x73, 0x8b, 0x73, 0x84, 0xcd,
    0x84, 0xcd, 0x84, 0xcd, 0x84, 0xcd, 0x84, 0xcd, 0x84, 0xcd, 0x84, 0xcd,
    0x84, 0xcd, 0x84, 0xcd, 0x84, 0xcd, 0x84, 0xcd, 0x84, 0xcd, 0x84, 0xcd,
    0x84, 0xcd, 0x84, 0xcd, 0x84, 0xcd, 0x84, 0xcd, 0x84, 0xcd, 0x84, 0xcd,
    0x84, 0xcd, 0x84, 0xcd, 0x84, 0xcd, 0x84, 0xcd, 0x84, 0xcd, 0x84, 0xcd,
    0x84, 0xcd, 0x84, 0xcd, 0x84, 0xcd, 0x84, 0xcd, 0x84, 0xcd, 0x84, 0xcd,
    0x84, 0xcd, 0x84, 0xcd, 0x64, 0xcd, 0x64, 0xcd, 0x64, 0xcd, 0x64, 0xcd,
    0x64, 0xcd, 0x64, 0xcd, 0x64, 0xcd, 0x64, 0xcd, 0x64, 0xcd, 0x64, 0xcd,
    0x64, 0xcd, 0x64, 0xcd, 0x64, 0xcd, 0x64, 0xcd, 0x64, 0xcd, 0x64, 0xcd,
    0x64, 0xcd, 0x64, 0xcd, 0x63, 0xcd, 0x43, 0xcd, 0x43, 0xc5, 0x23, 0xc5,
    0x23, 0xc5, 0x23, 0xc5, 0x23, 0xc5, 0x23, 0xc5, 0x23, 0xc5, 0x23, 0xc5,
    0x23, 0xc5, 0x23, 0xc5, 0x23, 0xc5, 0x23, 0xc5, 0x23, 0xc5, 0x23, 0xc5,
    0x0d, 0xd6, 0x9e, 0xf7, 0x9e, 0xf7, 0x9e, 0xf7, 0x9e, 0xf7, 0x9e, 0xf7,
    0x9e, 0xf7, 0x9e, 0xf7, 0x9e, 0xf7, 0x9e, 0xf7, 0x9e, 0xf7, 0x9e, 0xf7,
    0x9e, 0xf7, 0x9e, 0xf7, 0x9e, 0xf7, 0x9e, 0xf7, 0x9e, 0xf7, 0x9e, 0xf7,
    0x9e, 0xf7, 0x9e, 0xf7, 0x9e, 0xf7, 0x9e, 0xf7, 0x9e, 0xf7, 0x4e, 0xde,
    0x84, 0xcd, 0x84, 0xcd, 0xa4, 0xcd, 0xa4, 0xcd, 0xa4, 0xcd, 0xa4, 0xd5,
    0xa4, 0xd5, 0xa4, 0xd5, 0xa4, 0xd5, 0xa4, 0xd5, 0xa4, 0xd5, 0xa4, 0xd5,
    0xa4, 0xd5, 0xa5, 0xd5, 0xa5, 0xd5, 0xa5, 0xd5, 0xa4, 0xcd, 0x84, 0xcd,
    0x84, 0xcd, 0x84, 0xcd, 0x84, 0xcd, 0x84, 0xcd, 0x84, 0xcd, 0x84, 0xcd,
    0x84, 0xcd, 0x84, 0xcd, 0x84, 0xcd, 0x84, 0xcd, 0x84, 0xcd, 0x84, 0xcd,
    0x84, 0xcd, 0x84, 0xcd, 0x84, 0xcd, 0x84, 0xcd, 0x84, 0xcd, 0x84, 0xcd,
    0x84, 0xcd, 0x84, 0xcd, 0x84, 0xcd, 0x84, 0xcd, 0x84, 0xcd, 0x84, 0xcd,
    0x84, 0xcd, 0x84, 0xcd, 0x84, 0xcd, 0x84, 0xcd, 0x84, 0xcd, 0x84, 0xcd,
    0x84, 0xcd, 0x84, 0xcd, 0x84, 0xcd, 0x84, 0xcd, 0x84, 0xcd, 0x84, 0xcd,
    0x8b, 0x9c, 0x8e, 0x73, 0xcf, 0x7b, 0xae, 0x73, 0x8b, 0x73, 0x84, 0xcd,
    0x84, 0xcd, 0x84, 0xcd, 0x84, 0xcd, 0x84, 0xcd, 0x84, 0xcd, 0x84, 0xcd,
    0x84, 0xcd, 0x84, 0xcd, 0x84, 0xcd, 0x84, 0xcd, 0x84, 0xcd, 0x84, 0xcd,
    0x84, 0xcd, 0x84, 0xcd, 0x84, 0xcd, 0x84, 0xcd, 0x84, 0xcd, 0x84, 0xcd,
    0x84, 0xcd, 0x84, 0xcd, 0x84, 0xcd, 0x84, 0xcd, 0x84, 0xcd, 0x84, 0xcd,
    0x84, 0xcd, 0x84, 0xcd, 0x84, 0xcd, 0x84, 0xcd, 0x84, 0xcd, 0x84, 0xcd,
    0x84, 0xcd, 0x84, 0xcd, 0x84, 0xcd, 0x84, 0xcd, 0x84, 0xcd, 0x64, 0xcd,
    0x64, 0xcd, 0x64, 0xcd, 0x64, 0xcd, 0x64, 0xcd, 0x64, 0xcd, 0x64, 0xcd,
    0x64, 0xcd, 0x64, 0xcd, 0x64, 0xcd, 0x64, 0xcd, 0x64, 0xcd, 0x64, 0xcd,
    0x63, 0xcd, 0x43, 0xcd, 0x43, 0xc5, 0x23, 0xc5, 0x23, 0xc5, 0x23, 0xc5,
    0x23, 0xc5, 0x23, 0xc5, 0x23, 0xc5, 0x23, 0xc5, 0x23, 0xc5, 0x23, 0xc5,
    0x23, 0xc5, 0x23, 0xc5, 0x23, 0xc5, 0x23, 0xc5, 0x23, 0xc5, 0x23, 0xc5,
    0x0d, 0xd6, 0x9e, 0xf7, 0x9e, 0xf7, 0x9e, 0xf7, 0x9e, 0xf7, 0x9e, 0xf7,
    0x9e, 0xf7, 0x9e, 0xf7, 0x9e, 0xf7, 0x9e, 0xf7, 0x9e, 0xf7, 0x9e, 0xf7,
    0x9e, 0xf7, 0x9e, 0xf7, 0x9e, 0xf7, 0x9e, 0xf7, 0x9e, 0xf7, 0x9e, 0xf7,
    0x9e, 0xf7, 0x9e, 0xf7, 0x9e, 0xf7, 0x9e, 0xf7, 0x9e, 0xf7, 0x4e, 0xde,
    0x84, 0xcd, 0x84, 0xcd, 0xa4, 0xcd, 0xa4, 0xcd, 0xa4, 0xcd, 0xa4, 0xd5,
    0xa4, 0xd5, 0xa4, 0xd5, 0xa4, 0xd5, 0xa4, 0xd5, 0xa4, 0xd5, 0xa4, 0xd5,
    0xa4, 0xd5, 0xa5, 0xd5, 0xa5, 0xd5, 0xa5, 0xd5, 0xa5, 0xd5, 0xa5, 0xd5,
    0xa4, 0xd5, 0x84, 0xcd, 0x84, 0xcd, 0x84, 0xcd, 0x84, 0xcd, 0x84, 0xcd,
    0x84, 0xcd, 0x84, 0xcd, 0x84, 0xcd, 0x84, 0xcd, 0x84, 0xcd, 0x84, 0xcd,
    0x84, 0xcd, 0x84, 0xcd, 0x84, 0xcd, 0x84, 0xcd, 0x84, 0xcd, 0x84, 0xcd,
    0x84, 0xcd, 0x84, 0xcd, 0x84, 0xcd, 0x84, 0xcd, 0x84, 0xcd, 0x84, 0xcd,
    0x84, 0xcd, 0x84, 0xcd, 0x84, 0xcd, 0x84, 0xcd, 0x84, 0xcd, 0x84, 0xcd,
    0x84, 0xcd, 0x84, 0xcd, 0x84, 0xcd, 0x84, 0xcd, 0x84, 0xcd, 0x84, 0xcd,
    0x8b, 0x9c, 0x8e, 0x73, 0xcf, 0x7b, 0xae, 0x73, 0x8b, 0x73, 0x84, 0xcd,
    0x84, 0xcd, 0x84, 0xcd, 0x84, 0xcd, 0x84, 0xcd, 0x84, 0xcd, 0x84, 0xcd,
    0x84, 0xcd, 0x84, 0xcd, 0x84, 0xcd, 0x84, 0xcd, 0x84, 0xcd, 0x84, 0xcd,
    0x84, 0xcd, 0x84, 0xcd, 0x84, 0xcd, 0x84, 0xcd, 0x84, 0xcd, 0x84, 0xcd,
    0x84, 0xcd, 0x84, 0xcd, 0x84, 0xcd, 0x84, 0xcd, 0x84, 0xcd, 0x84, 0xcd,
    0x84, 0xcd, 0x84, 0xcd, 0x84, 0xcd, 0x84, 0xcd, 0x84, 0xcd, 0x84, 0xcd,
    0x84, 0xcd, 0x84, 0xcd, 0x84, 0xcd, 0x84, 0xcd, 0x84, 0xcd, 0x84, 0xcd,
    0x84, 0xcd, 0x84, 0xcd, 0x64, 0xcd, 0x64, 0xcd, 0x64, 0xcd, 0x64, 0xcd,
    0x64, 0xcd, 0x64, 0xcd, 0x64, 0xcd, 0x64, 0xcd, 0x64, 0xcd, 0x63, 0xcd,
    0x43, 0xc5, 0x23, 0xc5, 0x23, 0xc5, 0x23, 0xc5, 0x23, 0xc5, 0x23, 0xc5,
    0x23, 0xc5, 0x23, 0xc5, 0x23, 0xc5, 0x23, 0xc5, 0x23, 0xc5, 0x23, 0xc5,
    0x23, 0xc5, 0x23, 0xc5, 0x23, 0xc5, 0x23, 0xc5, 0x23, 0xc5, 0x23, 0xc5,
    0x0d, 0xd6, 0x9e, 0xf7, 0x9e, 0xf7, 0x9e, 0xf7, 0x9e, 0xf7, 0x9e, 0xf7,
    0x9e, 0xf7, 0x9e, 0xf7, 0x9e, 0xf7, 0x9e, 0xf7, 0x9e, 0xf7, 0x9e, 0xf7,
    0x9e, 0xf7, 0x9e, 0xf7, 0x9e, 0xf7, 0x9e, 0xf7, 0x9e, 0xf7, 0x9e, 0xf7,
    0x9e, 0xf7, 0x9e, 0xf7, 0x9e, 0xf7, 0x9e, 0xf7, 0x9e, 0xf7, 0x4e, 0xde,
    0x84, 0xcd, 0x84, 0xcd, 0x84, 0xcd, 0xa4, 0xcd, 0xa4, 0xcd, 0xa4, 0xd5,
    0xa4, 0xd5, 0xa4, 0xd5, 0xa4, 0xd5, 0xa4, 0xd5, 0xa4, 0xd5, 0xa4, 0xd5,
    0xa4, 0xd5, 0xa5, 0xd5, 0xa5, 0xd5, 0xa5, 0xd5, 0xa5, 0xd5, 0xc5, 0xd5,
    0xc5, 0xd5, 0xa5, 0xd5, 0xa4, 0xd5, 0x84, 0xcd, 0x84, 0xcd, 0x84, 0xcd,
    0x84, 0xcd, 0x84, 0xcd, 0x84, 0xcd, 0x84, 0xcd, 0x84, 0xcd, 0x84, 0xcd,
    0x84, 0xcd, 0x84, 0xcd, 0x84, 0xcd, 0x84, 0xcd, 0x84, 0xcd, 0x84, 0xcd,
    0x84, 0xcd, 0x84, 0xcd, 0x84, 0xcd, 0x84, 0xcd, 0x84, 0xcd, 0x84, 0xcd,
    0x84, 0xcd, 0x84, 0xcd, 0x84, 0xcd, 0x84, 0xcd, 0x84, 0xcd, 0x84, 0xcd,
    0x84, 0xcd, 0x84, 0xcd, 0x84, 0xcd, 0x84, 0xcd, 0x84, 0xcd, 0x84, 0xcd,
    0x8b, 0x9c, 0x8e, 0x73, 0xcf, 0x7b, 0xae, 0x73, 0x8b, 0x73, 0x84, 0xcd,
    0x84, 0xcd, 0x84, 0xcd, 0x84, 0xcd, 0x84, 0xcd, 0x84, 0xcd, 0x84, 0xcd,
    0x84, 0xcd, 0x84, 0xcd, 0x84, 0xcd, 0x84, 0xcd, 0x84, 0xcd, 0x84, 0xcd,
    0x84, 0xcd, 0x84, 0xcd, 0x84, 0xcd, 0x84, 0xcd, 0x84, 0xcd, 0x84, 0xcd,
    0x84, 0xcd, 0x84, 0xcd, 0x84, 0xcd, 0x84, 0xcd, 0x84, 0xcd, 0x84, 0xcd,
    0x84, 0xcd, 0x84, 0xcd, 0x84, 0xcd, 0x84, 0xcd, 0x84, 0xcd, 0x84, 0xcd,
    0x84, 0xcd, 0x84, 0xcd, 0x84, 0xcd, 0x84, 0xcd, 0x84, 0xcd, 0x84, 0xcd,
    0x84, 0xcd, 0x84, 0xcd, 0x84, 0xcd, 0x84, 0xcd, 0x64, 0xcd, 0x64, 0xcd,
    0x64, 0xcd, 0x64, 0xcd, 0x64, 0xcd, 0x63, 0xcd, 0x43, 0xc5, 0x23, 0xc5,
    0x23, 0xc5, 0x23, 0xc5, 0x23, 0xc5, 0x23, 0xc5, 0x23, 0xc5, 0x23, 0xc5,
    0x23, 0xc5, 0x23, 0xc5, 0x23, 0xc5, 0x23, 0xc5, 0x23, 0xc5, 0x23, 0xc5,
    0x23, 0xc5, 0x23, 0xc5, 0x23, 0xc5, 0x23, 0xc5, 0x23, 0xc5, 0x23, 0xc5,
    0x0d, 0xd6, 0x9e, 0xf7, 0x9e, 0xf7, 0x9e, 0xf7, 0x9e, 0xf7, 0x9e, 0xf7,
    0x9e, 0xf7, 0x9e, 0xf7, 0x9e, 0xf7, 0x9e, 0xf7, 0x9e, 0xf7, 0x9e, 0xf7,
    0x9e, 0xf7, 0x9e, 0xf7, 0x9e, 0xf7, 0x9e, 0xf7, 0x9e, 0xf7, 0x9e, 0xf7,
    0x9e, 0xf7, 0x9e, 0xf7, 0x9e, 0xf7, 0x9e, 0xf7, 0x9e, 0xf7, 0x4e, 0xde,
    0x84, 0xcd, 0x84, 0xcd, 0x84, 0xcd, 0xa4, 0xcd, 0xa4, 0xcd, 0xa4, 0xd5,
    0xa4, 0xd5, 0xa4, 0xd5, 0xa4, 0xd5, 0xa4, 0xd5, 0xa4, 0xd5, 0xa4, 0xd5,
    0xa4, 0xd5, 0xa4, 0xd5, 0xa5, 0xd5, 0xa5, 0xd5, 0xa5, 0xd5, 0xa5, 0xd5,
    0xc5, 0xd5, 0xc5, 0xd5, 0xc5, 0xd5, 0xc5, 0xd5, 0xa4, 0xd5, 0x84, 0xcd,
    0x84, 0xcd, 0x84, 0xcd, 0x84, 0xcd, 0x84, 0xcd, 0x84, 0xcd, 0x84, 0xcd,
    0x84, 0xcd, 0x84, 0xcd, 0x84, 0xcd, 0x84, 0xcd, 0x84, 0xcd, 0x84, 0xcd,
    0x84, 0xcd, 0x84, 0xcd, 0x84, 0xcd, 0x84, 0xcd, 0x84, 0xcd, 0x84, 0xcd,
    0x84, 0xcd, 0x84, 0xcd, 0x84, 0xcd, 0x84, 0xcd, 0x84, 0xcd, 0x84, 0xcd,
    0x84, 0xcd, 0x84, 0xcd, 0x84, 0xcd, 0x84, 0xcd, 0x84, 0xcd, 0x84, 0xcd,
    0x8b, 0x9c, 0x8e, 0x73, 0xcf, 0x7b, 0xae, 0x73, 0x8b, 0x73, 0x84, 0xcd,
    0x84, 0xcd, 0x84, 0xcd, 0x84, 0xcd, 0x84, 0xcd, 0x84, 0xcd, 0x84, 0xcd,
    0x84, 0xcd, 0x84, 0xcd, 0x84, 0xcd, 0x84, 0xcd, 0x84, 0xcd, 0x84, 0xcd,
    0x84, 0xcd, 0x84, 0xcd, 0x84, 0xcd, 0x84, 0xcd, 0x84, 0xcd, 0x84, 0xcd,
    0x84, 0xcd, 0x84, 0xcd, 0x84, 0xcd, 0x84, 0xcd, 0x84, 0xcd, 0x84, 0xcd,
    0x84, 0xcd, 0x84, 0xcd, 0x84, 0xcd, 0x84, 0xcd, 0x84, 0xcd, 0x84, 0xcd,
    0x84, 0xcd, 0x84, 0xcd, 0x84, 0xcd, 0x84, 0xcd, 0x84, 0xcd, 0x84, 0xcd,
    0x84, 0xcd, 0x84, 0xcd, 0x84, 0xcd, 0x84, 0xcd, 0x84, 0xcd, 0x84, 0xcd,
    0x64, 0xcd, 0x63, 0xcd, 0x43, 0xc5, 0x23, 0xc5, 0x23, 0xc5, 0x23, 0xc5,
    0x23, 0xc5, 0x23, 0xc5, 0x23, 0xc5, 0x23, 0xc5, 0x23, 0xc5, 0x23, 0xc5,
    0x23, 0xc5, 0x23, 0xc5, 0x23, 0xc5, 0x23, 0xc5, 0x23, 0xc5, 0x23, 0xc5,
    0x23, 0xc5, 0x23, 0xc5, 0x23, 0xc5, 0x23, 0xc5, 0x23, 0xc5, 0x23, 0xc5,
    0x0d, 0xd6, 0x9e, 0xf7, 0x9e, 0xf7, 0x9e, 0xf7, 0x9e, 0xf7, 0x9e, 0xf7,
    0x9e, 0xf7, 0x9e, 0xf7, 0x9e, 0xf7, 0x9e, 0xf7, 0x9e, 0xf7, 0x9e, 0xf7,
    0x9e, 0xf7, 0x9e, 0xf7, 0x9e, 0xf7, 0x9e, 0xf7, 0x9e, 0xf7, 0x9e, 0xf7,
    0x9e, 0xf7, 0x9e, 0xf7, 0x9e, 0xf7, 0x9e, 0xf7, 0x9e, 0xf7, 0x4e, 0xde,
    0x84, 0xcd, 0x84, 0xcd, 0x84, 0xcd, 0xa4, 0xcd, 0xa4, 0xcd, 0xa4, 0xd5,
    0xa4, 0xd5, 0xa4, 0xd5, 0xa4, 0xd5, 0xa4, 0xd5, 0xa4, 0xd5, 0xa4, 0xd5,
    0xa4, 0xd5, 0xa4, 0xd5, 0xa5, 0xd5, 0xa5, 0xd5, 0xa5, 0xd5, 0xa5, 0xd5,
    0xc5, 0xd5, 0xc5, 0xd5, 0xc5, 0xd5, 0xc5, 0xd5, 0xc5, 0xd5, 0xc5, 0xd5,
    0xa4, 0xd5, 0x84, 0xcd, 0x84, 0xcd, 0x84, 0xcd, 0x84, 0xcd, 0x84, 0xcd,
    0x84, 0xcd, 0x84, 0xcd, 0x84, 0xcd, 0x84, 0xcd, 0x84, 0xcd, 0x84, 0xcd,
    0x84, 0xcd, 0x84, 0xcd, 0x84, 0xcd, 0x84, 0xcd, 0x84, 0xcd, 0x84, 0xcd,
    0x84, 0xcd, 0x84, 0xcd, 0x84, 0xcd, 0x84, 0xcd, 0x84, 0xcd, 0x84, 0xcd,
    0x84, 0xcd, 0x84, 0xcd, 0x84, 0xcd, 0x84, 0xcd, 0x84, 0xcd, 0x84, 0xcd,
    0x8b, 0x9c, 0x8e, 0x73, 0xcf, 0x7b, 0xae, 0x73, 0x8b, 0x73, 0x84, 0xcd,
    0x84, 0xcd, 0x84, 0xcd, 0x84, 0xcd, 0x84, 0xcd, 0x84, 0xcd, 0x84, 0xcd,
    0x84, 0xcd, 0x84, 0xcd, 0x84, 0xcd, 0x84, 0xcd, 0x84, 0xcd, 0x84, 0xcd,
    0x84, 0xcd, 0x84, 0xcd, 0x84, 0xcd, 0x84, 0xcd, 0x84, 0xcd, 0x84, 0xcd,
    0x84, 0xcd, 0x84, 0xcd, 0x84, 0xcd, 0x84, 0xcd, 0x84, 0xcd, 0x84, 0xcd,
    0x84, 0xcd, 0x84, 0xcd, 0x84, 0xcd, 0x84, 0xcd, 0x84, 0xcd, 0x84, 0xcd,
    0x84, 0xcd, 0x84, 0xcd, 0x84, 0xcd, 0x84, 0xcd, 0x84, 0xcd, 0x84, 0xcd,
    0x84, 0xcd, 0x84, 0xcd, 0x84, 0xcd, 0x84, 0xcd, 0x84, 0xcd, 0x63, 0xcd,
    0x43, 0xc5, 0x23, 0xc5, 0x23, 0xc5, 0x23, 0xc5, 0x23, 0xc5, 0x23, 0xc5,
    0x23, 0xc5, 0x23, 0xc5, 0x23, 0xc5, 0x23, 0xc5, 0x23, 0xc5, 0x23, 0xc5,
    0x23, 0xc5, 0x23, 0xc5, 0x23, 0xc5, 0x23, 0xc5, 0x23, 0xc5, 0x23, 0xc5,
    0x23, 0xc5, 0x23, 0xc5, 0x23, 0xc5, 0x23, 0xc5, 0x23, 0xc5, 0x23, 0xc5,
    0x0d, 0xd6, 0x9e, 0xf7, 0x9e, 0xf7, 0x9e, 0xf7, 0x9e, 0xf7, 0x9e, 0xf7,
    0x9e, 0xf7, 0x9e, 0xf7, 0x9e, 0xf7, 0x9e, 0xf7, 0x9e, 0xf7, 0x9e, 0xf7,
    0x9e, 0xf7, 0x9e, 0xf7, 0x9e, 0xf7, 0x9e, 0xf7, 0x9e, 0xf7, 0x9e, 0xf7,
    0x9e, 0xf7, 0x9e, 0xf7, 0x9e, 0xf7, 0x9e, 0xf7, 0x9e, 0xf7, 0x4e, 0xde,
    0x84, 0xcd, 0x84, 0xcd, 0x84, 0xcd, 0xa4, 0xcd, 0xa4, 0xcd, 0xa4, 0xcd,
    0xa4, 0xd5, 0xa4, 0xd5, 0xa4, 0xd5, 0xa4, 0xd5, 0xa4, 0xd5, 0xa4, 0xd5,
    0xa4, 0xd5, 0xa4, 0xd5, 0xa5, 0xd5, 0xa5, 0xd5, 0xa5, 0xd5, 0xa5, 0xd5,
    0xc5, 0xd5, 0xc5, 0xd5, 0xc5, 0xd5, 0xc5, 0xd5, 0xc5, 0xd5, 0xc5, 0xd5,
    0xc5, 0xd5, 0xc5, 0xd5, 0xa4, 0xd5, 0x84, 0xcd, 0x84, 0xcd, 0x84, 0xcd,
    0x84, 0xcd, 0x84, 0xcd, 0x84, 0xcd, 0x84, 0xcd, 0x84, 0xcd, 0x84, 0xcd,
    0x84, 0xcd, 0x84, 0xcd, 0x84, 0xcd, 0x84, 0xcd, 0x84, 0xcd, 0x84, 0xcd,
    0x84, 0xcd, 0x84, 0xcd, 0x84, 0xcd, 0x84, 0xcd, 0x84, 0xcd, 0x84, 0xcd,
    0x84, 0xcd, 0x84, 0xcd, 0x84, 0xcd, 0x84, 0xcd, 0x84, 0xcd, 0x84, 0xcd,
    0x8b, 0x9c, 0x8e, 0x73, 0xcf, 0x7b, 0xae, 0x73, 0x8c, 0x73, 0x84, 0xcd,
    0x84, 0xcd, 0x84, 0xcd, 0x84, 0xcd, 0x84, 0xcd, 0x84, 0xcd, 0x84, 0xcd,
    0x84, 0xcd, 0x84, 0xcd, 0x84, 0xcd, 0x84, 0xcd, 0x84, 0xcd, 0x84, 0xcd,
    0x84, 0xcd, 0x84, 0xcd, 0x84, 0xcd, 0x84, 0xcd, 0x84, 0xcd, 0x84, 0xcd,
    0x84, 0xcd, 0x84, 0xcd, 0x84, 0xcd, 0x84, 0xcd, 0x84, 0xcd, 0x84, 0xcd,
    0x84, 0xcd, 0x84, 0xcd, 0x84, 0xcd, 0x84, 0xcd, 0x84, 0xcd, 0x84, 0xcd,
    0x84, 0xcd, 0x84, 0xcd, 0x84, 0xcd, 0x84, 0xcd, 0x84, 0xcd, 0x84, 0xcd,
    0x84, 0xcd, 0x84, 0xcd, 0x84, 0xcd, 0x63, 0xcd, 0x43, 0xc5, 0x23, 0xc5,
    0x23, 0xc5, 0x23, 0xc5, 0x23, 0xc5, 0x23, 0xc5, 0x23, 0xc5, 0x23, 0xc5,
    0x23, 0xc5, 0x23, 0xc5, 0x23, 0xc5, 0x23, 0xc5, 0x23, 0xc5, 0x23, 0xc5,
    0x23, 0xc5, 0x23, 0xc5, 0x23, 0xc5, 0x23, 0xc5, 0x23, 0xc5, 0x23, 0xc5,
    0x23, 0xc5, 0x23, 0xc5, 0x23, 0xc5, 0x23, 0xc5, 0x23, 0xc5, 0x23, 0xc5,
    0x0d, 0xd6, 0x9e, 0xf7, 0x9e, 0xf7, 0x9e, 0xf7, 0x9e, 0xf7, 0x9e, 0xf7,
    0x9e, 0xf7, 0x9e, 0xf7, 0x9e, 0xf7, 0x9e, 0xf7, 0x9e, 0xf7, 0x9e, 0xf7,
    0x9e, 0xf7, 0x9e, 0xf7, 0x9e, 0xf7, 0x9e, 0xf7, 0x9e, 0xf7, 0x9e, 0xf7,
    0x9e, 0xf7, 0x9e, 0xf7, 0x9e, 0xf7, 0x9e, 0xf7, 0x9e, 0xf7, 0x4e, 0xde,
    0x84, 0xcd, 0x84, 0xcd, 0x84, 0xcd, 0xa4, 0xcd, 0xa4, 0xcd, 0xa4, 0xcd,
    0xa4, 0xd5, 0xa4, 0xd5, 0xa4, 0xd5, 0xa4, 0xd5, 0xa4, 0xd5, 0xa4, 0xd5,
    0xa4, 0xd5, 0xa4, 0xd5, 0xa5, 0xd5, 0xa5, 0xd5, 0xa5, 0xd5, 0xa5, 0xd5,
    0xc5, 0xd5, 0xc5, 0xd5, 0xc5, 0xd5, 0xc5, 0xd5, 0xc5, 0xd5, 0xc5, 0xd5,
    0xc5, 0xd5, 0xc5, 0xd5, 0xc5, 0xd5, 0xc5, 0xd5, 0xa5, 0xd5, 0x84, 0xcd,
    0x84, 0xcd, 0x84, 0xcd, 0x84, 0xcd, 0x84, 0xcd, 0x84, 0xcd, 0x84, 0xcd,
    0x84, 0xcd, 0x84, 0xcd, 0x84, 0xcd, 0x84, 0xcd, 0x84, 0xcd, 0x84, 0xcd,
    0x84, 0xcd, 0x84, 0xcd, 0x84, 0xcd, 0x84, 0xcd, 0x84, 0xcd, 0x84, 0xcd,
    0x84, 0xcd, 0x84, 0xcd, 0x84, 0xcd, 0x84, 0xcd, 0x84, 0xcd, 0x84, 0xcd,
    0x8b, 0x9c, 0x8e, 0x73, 0xcf, 0x7b, 0xae, 0x73, 0x8c, 0x73, 0x84, 0xcd,
    0x84, 0xcd, 0x84, 0xcd, 0x84, 0xcd, 0x84, 0xcd, 0x84, 0xcd, 0x84, 0xcd,
    0x84, 0xcd, 0x84, 0xcd, 0x84, 0xcd, 0x84, 0xcd, 0x84, 0xcd, 0x84, 0xcd,
    0x84, 0xcd, 0x84, 0xcd, 0x84, 0xcd, 0x84, 0xcd, 0x84, 0xcd, 0x84, 0xcd,
    0x84, 0xcd, 0x84, 0xcd, 0x84, 0xcd, 0x84, 0xcd, 0x84, 0xcd, 0x84, 0xcd,
    0x84, 0xcd, 0x84, 0xcd, 0x84, 0xcd, 0x84, 0xcd, 0x84, 0xcd, 0x84, 0xcd,
    0x84, 0xcd, 0x84, 0xcd, 0x84, 0xcd, 0x84, 0xcd, 0x84, 0xcd, 0x84, 0xcd,
    0x84, 0xcd, 0x63, 0xcd, 0x43, 0xc5, 0x23, 0xc5, 0x23, 0xc5, 0x23, 0xc5,
    0x23, 0xc5, 0x23, 0xc5, 0x23, 0xc5, 0x23, 0xc5, 0x23, 0xc5, 0x23, 0xc5,
    0x23, 0xc5, 0x23, 0xc5, 0x23, 0xc5, 0x23, 0xc5, 0x23, 0xc5, 0x23, 0xc5,
    0x23, 0xc5, 0x23, 0xc5, 0x23, 0xc5, 0x23, 0xc5, 0x23, 0xc5, 0x23, 0xc5,
    0x23, 0xc5, 0x23, 0xc5, 0x23, 0xc5, 0x23, 0xc5, 0x23, 0xc5, 0x23, 0xc5,
    0x0d, 0xd6, 0x9e, 0xf7, 0x9e, 0xf7, 0x9e, 0xf7, 0x9e, 0xf7, 0x9e, 0xf7,
    0x9e, 0xf7, 0x9e, 0xf7, 0x9e, 0xf7, 0x9e, 0xf7, 0x9e, 0xf7, 0x9e, 0xf7,
    0x9e, 0xf7, 0x9e, 0xf7, 0x9e, 0xf7, 0x9e, 0xf7, 0x9e, 0xf7, 0x9e, 0xf7,
    0x9e, 0xf7, 0x9e, 0xf7, 0x9e, 0xf7, 0x9e, 0xf7, 0x9e, 0xf7, 0x4e, 0xde,
    0x84, 0xcd, 0x84, 0xcd, 0x84, 0xcd, 0x84, 0xcd, 0xa4, 0xcd, 0xa4, 0xcd,
    0xa4, 0xd5, 0xa4, 0xd5, 0xa4, 0xd5, 0xa4, 0xd5, 0xa4, 0xd5, 0xa4, 0xd5,
    0xa4, 0xd5, 0xa4, 0xd5, 0xa5, 0xd5, 0xa5, 0xd5, 0xa5, 0xd5, 0xa5, 0xd5,
    0xc5, 0xd5, 0xc5, 0xd5, 0xc5, 0xd5, 0xc5, 0xd5, 0xc5, 0xd5, 0xc5, 0xd5,
    0xc5, 0xd5, 0xc5, 0xd5, 0xc5, 0xd5, 0xc5, 0xd5, 0xc5, 0xd5, 0xc5, 0xd5,
    0xa5, 0xd5, 0x84, 0xcd, 0xa4, 0xcd, 0xa4, 0xcd, 0xa4, 0xcd, 0xa4, 0xcd,
    0xa4, 0xcd, 0xa4, 0xcd, 0xa4, 0xcd, 0xa4, 0xcd, 0xa4, 0xcd, 0xa4, 0xcd,
    0xa4, 0xcd, 0xa4, 0xcd, 0xa4, 0xcd, 0xa4, 0xcd, 0xa4, 0xcd, 0xa4, 0xcd,
    0xa4, 0xcd, 0xa4, 0xcd, 0xa4, 0xcd, 0xa4, 0xcd, 0xa4, 0xcd, 0xa4, 0xcd,
    0x8b, 0x9c, 0x8e, 0x73, 0xcf, 0x7b, 0xae, 0x73, 0x8c, 0x73, 0x84, 0xcd,
    0x84, 0xcd, 0x84, 0xcd, 0x84, 0xcd, 0x84, 0xcd, 0x84, 0xcd, 0x84, 0xcd,
    0x84, 0xcd, 0x84, 0xcd, 0x84, 0xcd, 0x84, 0xcd, 0x84, 0xcd, 0x84, 0xcd,
    0x84, 0xcd, 0x84, 0xcd, 0x84, 0xcd, 0x84, 0xcd, 0x84, 0xcd, 0x84, 0xcd,
    0x84, 0xcd, 0x84, 0xcd, 0x84, 0xcd, 0x84, 0xcd, 0x84, 0xcd, 0x84, 0xcd,
    0x84, 0xcd, 0x84, 0xcd, 0x84, 0xcd, 0x84, 0xcd, 0x84, 0xcd, 0x84, 0xcd,
    0x84, 0xcd, 0x84, 0xcd, 0x84, 0xcd, 0x84, 0xcd, 0x84, 0xcd, 0x63, 0xcd,
    0x43, 0xc5, 0x23, 0xc5, 0x23, 0xc5, 0x23, 0xc5, 0x23, 0xc5, 0x23, 0xc5,
    0x23, 0xc5, 0x23, 0xc5, 0x23, 0xc5, 0x23, 0xc5, 0x23, 0xc5, 0x23, 0xc5,
    0x23, 0xc5, 0x23, 0xc5, 0x23, 0xc5, 0x23, 0xc5, 0x23, 0xc5, 0x23, 0xc5,
    0x23, 0xc5, 0x23, 0xc5, 0x23, 0xc5, 0x23, 0xc5, 0x23, 0xc5, 0x23, 0xc5,
    0x23, 0xc5, 0x23, 0xc5, 0x23, 0xc5, 0x23, 0xc5, 0x23, 0xc5, 0x23, 0xc5,
    0x0d, 0xd6, 0x9e, 0xf7, 0x9e, 0xf7, 0x9e, 0xf7, 0x9e, 0xf7, 0x9e, 0xf7,
    0x9e, 0xf7, 0x9e, 0xf7, 0x9e, 0xf7, 0x9e, 0xf7, 0x9e, 0xf7, 0x9e, 0xf7,
    0x9e, 0xf7, 0x9e, 0xf7, 0x9e, 0xf7, 0x9e, 0xf7, 0x9e, 0xf7, 0x9e, 0xf7,
    0x9e, 0xf7, 0x9e, 0xf7, 0x9e, 0xf7, 0x9e, 0xf7, 0x9e, 0xf7, 0x4e, 0xde,
    0x84, 0xcd, 0x84, 0xcd, 0x84, 0xcd, 0x84, 0xcd, 0xa4, 0xcd, 0xa4, 0xcd,
    0xa4, 0xd5, 0xa4, 0xd5, 0xa4, 0xd5, 0xa4, 0xd5, 0xa4, 0xd5, 0xa4, 0xd5,
    0xa4, 0xd5, 0xa4, 0xd5, 0xa4, 0xd5, 0xa5, 0xd5, 0xa5, 0xd5, 0xa5, 0xd5,
    0xa5, 0xd5, 0xc5, 0xd5, 0xc5, 0xd5, 0xc5, 0xd5, 0xc5, 0xd5, 0xc5, 0xd5,
    0xc5, 0xd5, 0xc5, 0xd5, 0xc5, 0xd5, 0xc5, 0xd5, 0xc5, 0xd5, 0xe5, 0xd5,
    0xe5, 0xd5, 0xe5, 0xd5, 0xa5, 0xd5, 0xa4, 0xcd, 0xa4, 0xcd, 0xa4, 0xcd,
    0xa4, 0xcd, 0xa4, 0xd5, 0xa4, 0xd5, 0xa4, 0xd5, 0xa4, 0xd5, 0xa4, 0xd5,
    0xa4, 0xd5, 0xa4, 0xd5, 0xa4, 0xd5, 0xa4, 0xd5, 0xa4, 0xd5, 0xa4, 0xd5,
    0xa4, 0xd5, 0xa4, 0xd5, 0xa4, 0xd5, 0xa4, 0xcd, 0xa4, 0xcd, 0xa4, 0xcd,
    0x8b, 0x9c, 0x8e, 0x73, 0xcf, 0x7b, 0xae, 0x73, 0x8c, 0x73, 0xa4, 0xcd,
    0xa4, 0xcd, 0xa4, 0xcd, 0xa4, 0xcd, 0x84, 0xcd, 0x84, 0xcd, 0x84, 0xcd,
    0x84, 0xcd, 0x84, 0xcd, 0x84, 0xcd, 0x84, 0xcd, 0x84, 0xcd, 0x84, 0xcd,
    0x84, 0xcd, 0x84, 0xcd, 0x84, 0xcd, 0x84, 0xcd, 0x84, 0xcd, 0x84, 0xcd,
    0x84, 0xcd, 0x84, 0xcd, 0x84, 0xcd, 0x84, 0xcd, 0x84, 0xcd, 0x84, 0xcd,
    0x84, 0xcd, 0x84, 0xcd, 0x84, 0xcd, 0x84, 0xcd, 0x84, 0xcd, 0x84, 0xcd,
    0x84, 0xcd, 0x84, 0xcd, 0x84, 0xcd, 0x63, 0xcd, 0x43, 0xc5, 0x23, 0xc5,
    0x23, 0xc5, 0x23, 0xc5, 0x23, 0xc5, 0x23, 0xc5, 0x23, 0xc5, 0x23, 0xc5,
    0x23, 0xc5, 0x23, 0xc5, 0x23, 0xc5, 0x23, 0xc5, 0x23, 0xc5, 0x23, 0xc5,
    0x23, 0xc5, 0x23, 0xc5, 0x23, 0xc5, 0x23, 0xc5, 0x23, 0xc5, 0x23, 0xc5,
    0x23, 0xc5, 0x23, 0xc5, 0x23, 0xc5, 0x23, 0xc5, 0x23, 0xc5, 0x23, 0xc5,
    0x23, 0xc5, 0x23, 0xc5, 0x23, 0xc5, 0x23, 0xc5, 0x23, 0xc5, 0x23, 0xc5,
    0x0d, 0xd6, 0x9e, 0xf7, 0x9e, 0xf7, 0x9e, 0xf7, 0x9e, 0xf7, 0x9e, 0xf7,
    0x9e, 0xf7, 0x9e, 0xf7, 0x9e, 0xf7, 0x9e, 0xf7, 0x9e, 0xf7, 0x9e, 0xf7,
    0x9e, 0xf7, 0x9e, 0xf7, 0x9e, 0xf7, 0x9e, 0xf7, 0x9e, 0xf7, 0x9e, 0xf7,
    0x9e, 0xf7, 0x9e, 0xf7, 0x9e, 0xf7, 0x9e, 0xf7, 0x9e, 0xf7, 0x4e, 0xde,
    0x84, 0xcd, 0x84, 0xcd, 0x84, 0xcd, 0x84, 0xcd, 0xa4, 0xcd, 0xa4, 0xcd,
    0xa4, 0xcd, 0xa4, 0xd5, 0xa4, 0xd5, 0xa4, 0xd5, 0xa4, 0xd5, 0xa4, 0xd5,
    0xa4, 0xd5, 0xa4, 0xd5, 0xa4, 0xd5, 0xa5, 0xd5, 0xa5, 0xd5, 0xa5, 0xd5,
    0xa5, 0xd5, 0xc5, 0xd5, 0xc5, 0xd5, 0xc5, 0xd5, 0xc5, 0xd5, 0xc5, 0xd5,
    0xc5, 0xd5, 0xc5, 0xd5, 0xc5, 0xd5, 0xc5, 0xd5, 0xc5, 0xd5, 0xe5, 0xd5,
    0xe5, 0xd5, 0xe5, 0xd5, 0xe5, 0xd5, 0xe5, 0xd5, 0xa5, 0xd5, 0xa4, 0xd5,
    0xa4, 0xd5, 0xa4, 0xd5, 0xa4, 0xd5, 0xa4, 0xd5, 0xa4, 0xd5, 0xa4, 0xd5,
    0xa4, 0xd5, 0xa4, 0xd5, 0xa4, 0xd5, 0xa4, 0xd5, 0xa4, 0xd5, 0xa4, 0xd5,
    0xa4, 0xd5, 0xa4, 0xd5, 0xa4, 0xd5, 0xa4, 0xd5, 0xa4, 0xd5, 0xa4, 0xd5,
    0x8b, 0x9c, 0x8e, 0x73, 0xcf, 0x7b, 0xae, 0x73, 0x8c, 0x73, 0xa4, 0xd5,
    0xa4, 0xcd, 0x0e, 0x6c, 0x97, 0x0a, 0x97, 0x0a, 0x2d, 0x74, 0xa4, 0xcd,
    0xa4, 0xcd, 0x84, 0xcd, 0x84, 0xcd, 0x84, 0xcd, 0x84, 0xcd, 0x84, 0xcd,
    0x84, 0xcd, 0x84, 0xcd, 0x84, 0xcd, 0x84, 0xcd, 0x84, 0xcd, 0x84, 0xcd,
    0x84, 0xcd, 0x84, 0xcd, 0x84, 0xcd, 0x84, 0xcd, 0x84, 0xcd, 0x84, 0xcd,
    0x84, 0xcd, 0x84, 0xcd, 0x84, 0xcd, 0x84, 0xcd, 0x84, 0xcd, 0x84, 0xcd,
    0x84, 0xcd, 0x63, 0xcd, 0x43, 0xc5, 0x23, 0xc5, 0x23, 0xc5, 0x23, 0xc5,
    0x23, 0xc5, 0x23, 0xc5, 0x23, 0xc5, 0x23, 0xc5, 0x23, 0xc5, 0x23, 0xc5,
    0x23, 0xc5, 0x23, 0xc5, 0x23, 0xc5, 0x23, 0xc5, 0x23, 0xc5, 0x23, 0xc5,
    0x23, 0xc5, 0x23, 0xc5, 0x23, 0xc5, 0x23, 0xc5, 0x23, 0xc5, 0x23, 0xc5,
    0x23, 0xc5, 0x23, 0xc5, 0x23, 0xc5, 0x23, 0xc5, 0x23, 0xc5, 0x23, 0xc5,
    0x23, 0xc5, 0x23, 0xc5, 0x23, 0xc5, 0x23, 0xc5, 0x23, 0xc5, 0x23, 0xc5,
    0x0d, 0xd6, 0x9e, 0xf7, 0x9e, 0xf7, 0x9e, 0xf7, 0x9e, 0xf7, 0x9e, 0xf7,
    0x9e, 0xf7, 0x9e, 0xf7, 0x9e, 0xf7, 0x9e, 0xf7, 0x9e, 0xf7, 0x9e, 0xf7,
    0x9e, 0xf7, 0x9e, 0xf7, 0x9e, 0xf7, 0x9e, 0xf7, 0x9e, 0xf7, 0x9e, 0xf7,
    0x9e, 0xf7, 0x9e, 0xf7, 0x9e, 0xf7, 0x9e, 0xf7, 0x9e, 0xf7, 0x4e, 0xde,
    0x84, 0xcd, 0x84, 0xcd, 0x84, 0xcd, 0x84, 0xcd, 0xa4, 0xcd, 0xa4, 0xcd,
    0xa4, 0xcd, 0xa4, 0xd5, 0xa4, 0xd5, 0xa4, 0xd5, 0xa4, 0xd5, 0xa4, 0xd5,
    0xa4, 0xd5, 0xa4, 0xd5, 0xa4, 0xd5, 0xa5, 0xd5, 0xa5, 0xd5, 0xa5, 0xd5,
    0xa5, 0xd5, 0xc5, 0xd5, 0xc5, 0xd5, 0xc5, 0xd5, 0xc5, 0xd5, 0xc5, 0xd5,
    0xc5, 0xd5, 0xc5, 0xd5, 0xc5, 0xd5, 0xc5, 0xd5, 0xc5, 0xd5, 0xc5, 0xd5,
    0xe5, 0xd5, 0xe5, 0xd5, 0xe5, 0xd5, 0xe6, 0xd5, 0xe6, 0xd5, 0xe5, 0xd5,
    0xa5, 0xd5, 0xa4, 0xd5, 0xa4, 0xd5, 0xa4, 0xd5, 0xa4, 0xd5, 0xa4, 0xd5,
    0xa4, 0xd5, 0xa4, 0xd5, 0xa4, 0xd5, 0xa4, 0xd5, 0xa4, 0xd5, 0xa4, 0xd5,
    0xa4, 0xd5, 0xa4, 0xd5, 0xa4, 0xd5, 0xa4, 0xd5, 0xa4, 0xd5, 0xa4, 0xd5,
    0x8b, 0x9c, 0x8e, 0x73, 0xcf, 0x7b, 0xae, 0x73, 0x8c, 0x73, 0xa4, 0xd5,
    0x65, 0xc5, 0x78, 0x02, 0x78, 0x02, 0x78, 0x02, 0x78, 0x02, 0x27, 0xb5,
    0xa4, 0xcd, 0xa4, 0xcd, 0xa4, 0xcd, 0xa4, 0xcd, 0xa4, 0xcd, 0x84, 0xcd,
    0x84, 0xcd, 0x84, 0xcd, 0x84, 0xcd, 0x84, 0xcd, 0x84, 0xcd, 0x84, 0xcd,
    0x84, 0xcd, 0x84, 0xcd, 0x84, 0xcd, 0x84, 0xcd, 0x84, 0xcd, 0x84, 0xcd,
    0x84, 0xcd, 0x84, 0xcd, 0x84, 0xcd, 0x84, 0xcd, 0x84, 0xcd, 0x63, 0xcd,
    0x43, 0xc5, 0x23, 0xc5, 0x23, 0xc5, 0x23, 0xc5, 0x23, 0xc5, 0x23, 0xc5,
    0x23, 0xc5, 0x23, 0xc5, 0x23, 0xc5, 0x23, 0xc5, 0x23, 0xc5, 0x23, 0xc5,
    0x23, 0xc5, 0x23, 0xc5, 0x23, 0xc5, 0x23, 0xc5, 0x23, 0xc5, 0x23, 0xc5,
    0x23, 0xc5, 0x23, 0xc5, 0x23, 0xc5, 0x23, 0xc5, 0x23, 0xc5, 0x23, 0xc5,
    0x23, 0xc5, 0x23, 0xc5, 0x23, 0xc5, 0x23, 0xc5, 0x23, 0xc5, 0x23, 0xc5,
    0x23, 0xc5, 0x23, 0xc5, 0x23, 0xc5, 0x23, 0xc5, 0x23, 0xc5, 0x23, 0xc5,
    0x0d, 0xd6, 0x9e, 0xf7, 0x9e, 0xf7, 0x9e, 0xf7, 0x9e, 0xf7, 0x9e, 0xf7,
    0x9e, 0xf7, 0x9e, 0xf7, 0x9e, 0xf7, 0x9e, 0xf7, 0x9e, 0xf7, 0x9e, 0xf7,
    0x9e, 0xf7, 0x9e, 0xf7, 0x9e, 0xf7, 0x9e, 0xf7, 0x9e, 0xf7, 0x9e, 0xf7,
    0x9e, 0xf7, 0x9e, 0xf7, 0x9e, 0xf7, 0x9e, 0xf7, 0x9e, 0xf7, 0x4e, 0xde,
    0x84, 0xcd, 0x84, 0xcd, 0x84, 0xcd, 0x84, 0xcd, 0x84, 0xcd, 0xa4, 0xcd,
    0xa4, 0xcd, 0xa4, 0xd5, 0xa4, 0xd5, 0xa4, 0xd5, 0xa4, 0xd5, 0xa4, 0xd5,
    0xa4, 0xd5, 0xa4, 0xd5, 0xa4, 0xd5, 0xa5, 0xd5, 0xa5, 0xd5, 0xa5, 0xd5,
    0xa5, 0xd5, 0xc5, 0xd5, 0xc5, 0xd5, 0xc5, 0xd5, 0xc5, 0xd5, 0xc5, 0xd5,
    0xc5, 0xd5, 0xc5, 0xd5, 0xc5, 0xd5, 0xc5, 0xd5, 0xc5, 0xd5, 0xc5, 0xd5,
    0xe5, 0xd5, 0xe5, 0xd5, 0xe5, 0xd5, 0xe5, 0xd5, 0xe6, 0xd5, 0xe6, 0xdd,
    0xe6, 0xdd, 0xe5, 0xd5, 0xc5, 0xd5, 0xa4, 0xd5, 0xa4, 0xd5, 0xa4, 0xd5,
    0xa4, 0xd5, 0xa4, 0xd5, 0xa4, 0xd5, 0xa4, 0xd5, 0xa4, 0xd5, 0xa4, 0xd5,
    0xa4, 0xd5, 0xa4, 0xd5, 0xa4, 0xd5, 0xa4, 0xd5, 0xa4, 0xd5, 0xa4, 0xd5,
    0x8b, 0x9c, 0x8e, 0x73, 0xcf, 0x7b, 0xae, 0x73, 0x8c, 0x73, 0xa4, 0xd5,
    0x47, 0xb5, 0x97, 0x0a, 0x78, 0x02, 0x78, 0x02, 0x97, 0x0a, 0x65, 0xc5,
    0xa4, 0xd5, 0xa4, 0xd5, 0xa4, 0xd5, 0xa4, 0xcd, 0xa4, 0xcd, 0xa4, 0xcd,
    0xa4, 0xcd, 0xa4, 0xcd, 0x84, 0xcd, 0x84, 0xcd, 0x84, 0xcd, 0x84, 0xcd,
    0x84, 0xcd, 0x84, 0xcd, 0x84, 0xcd, 0x84, 0xcd, 0x84, 0xcd, 0x84, 0xcd,
    0x84, 0xcd, 0x84, 0xcd, 0x84, 0xcd, 0x63, 0xcd, 0x43, 0xc5, 0x23, 0xc5,
    0x23, 0xc5, 0x23, 0xc5, 0x23, 0xc5, 0x23, 0xc5, 0x23, 0xc5, 0x23, 0xc5,
    0x23, 0xc5, 0x23, 0xc5, 0x23, 0xc5, 0x23, 0xc5, 0x23, 0xc5, 0x23, 0xc5,
    0x23, 0xc5, 0x23, 0xc5, 0x23, 0xc5, 0x23, 0xc5, 0x23, 0xc5, 0x23, 0xc5,
    0x23, 0xc5, 0x23, 0xc5, 0x23, 0xc5, 0x23, 0xc5, 0x23, 0xc5, 0x23, 0xc5,
    0x23, 0xc5, 0x23, 0xc5, 0x23, 0xc5, 0x23, 0xc5, 0x23, 0xc5, 0x23, 0xc5,
    0x23, 0xc5, 0x23, 0xc5, 0x23, 0xc5, 0x23, 0xc5, 0x23, 0xc5, 0x23, 0xc5,
    0x0d, 0xd6, 0x9e, 0xf7, 0x9e, 0xf7, 0x9e, 0xf7, 0x9e, 0xf7, 0x9e, 0xf7,
    0x9e, 0xf7, 0x9e, 0xf7, 0x9e, 0xf7, 0x9e, 0xf7, 0x9e, 0xf7, 0x9e, 0xf7,
    0x9e, 0xf7, 0x9e, 0xf7, 0x9e, 0xf7, 0x9e, 0xf7, 0x9e, 0xf7, 0x9e, 0xf7,
    0x9e, 0xf7, 0x9e, 0xf7, 0x9e, 0xf7, 0x9e, 0xf7, 0x9e, 0xf7, 0x4e, 0xde,
    0x84, 0xcd, 0x84, 0xcd, 0x84, 0xcd, 0x84, 0xcd, 0x84, 0xcd, 0xa4, 0xcd,
    0xa4, 0xcd, 0xa4, 0xd5, 0xa4, 0xd5, 0xa4, 0xd5, 0xa4, 0xd5, 0xa4, 0xd5,
    0xa4, 0xd5, 0xa4, 0xd5, 0xa4, 0xd5, 0xa4, 0xd5, 0xa5, 0xd5, 0xa5, 0xd5,
    0xa5, 0xd5, 0xa5, 0xd5, 0xc5, 0xd5, 0xc5, 0xd5, 0xc5, 0xd5, 0xc5, 0xd5,
    0xc5, 0xd5, 0xc5, 0xd5, 0xc5, 0xd5, 0xc5, 0xd5, 0xc5, 0xd5, 0xc5, 0xd5,
    0xe5, 0xd5, 0xe5, 0xd5, 0xe5, 0xd5, 0xe5, 0xd5, 0xe6, 0xd5, 0xe6, 0xdd,
    0xe6, 0xdd, 0xe6, 0xdd, 0x06, 0xde, 0xe6, 0xd5, 0xc5, 0xd5, 0xa5, 0xd5,
    0xa5, 0xd5, 0xa5, 0xd5, 0xa5, 0xd5, 0xa5, 0xd5, 0xa5, 0xd5, 0xa4, 0xd5,
    0xa4, 0xd5, 0xa4, 0xd5, 0xa4, 0xd5, 0xa4, 0xd5, 0xa4, 0xd5, 0xa4, 0xd5,
    0x8b, 0x9c, 0x8e, 0x73, 0xcf, 0x7b, 0xae, 0x73, 0x8c, 0x73, 0xa4, 0xd5,
    0xa4, 0xd5, 0x66, 0xc5, 0xaa, 0x8c, 0xc9, 0x9c, 0x47, 0xb5, 0xa4, 0xd5,
    0xa4, 0xd5, 0xa4, 0xd5, 0xa4, 0xd5, 0xa4, 0xd5, 0xa4, 0xd5, 0xa4, 0xd5,
    0xa4, 0xcd, 0xa4, 0xcd, 0xa4, 0xcd, 0xa4, 0xcd, 0xa4, 0xcd, 0x84, 0xcd,
    0x84, 0xcd, 0x84, 0xcd, 0x84, 0xcd, 0x84, 0xcd, 0x84, 0xcd, 0x84, 0xcd,
    0x84, 0xcd, 0x63, 0xcd, 0x43, 0xc5, 0x23, 0xc5, 0x23, 0xc5, 0x23, 0xc5,
    0x23, 0xc5, 0x23, 0xc5, 0x23, 0xc5, 0x23, 0xc5, 0x23, 0xc5, 0x23, 0xc5,
    0x23, 0xc5, 0x23, 0xc5, 0x23, 0xc5, 0x23, 0xc5, 0x23, 0xc5, 0x23, 0xc5,
    0x23, 0xc5, 0x23, 0xc5, 0x23, 0xc5, 0x23, 0xc5, 0x23, 0xc5, 0x23, 0xc5,
    0x23, 0xc5, 0x23, 0xc5, 0x23, 0xc5, 0x23, 0xc5, 0x23, 0xc5, 0x23, 0xc5,
    0x23, 0xc5, 0x23, 0xc5, 0x23, 0xc5, 0x23, 0xc5, 0x23, 0xc5, 0x23, 0xc5,
    0x23, 0xc5, 0x23, 0xc5, 0x23, 0xc5, 0x23, 0xc5, 0x23, 0xc5, 0x23, 0xc5,
    0x0d, 0xd6, 0x9e, 0xf7, 0x9e, 0xf7, 0x9e, 0xf7, 0x9e, 0xf7, 0x9e, 0xf7,
    0x9e, 0xf7, 0x9e, 0xf7, 0x9e, 0xf7, 0x9e, 0xf7, 0x9e, 0xf7, 0x9e, 0xf7,
    0x9e, 0xf7, 0x9e, 0xf7, 0x9e, 0xf7, 0x9e, 0xf7, 0x9e, 0xf7, 0x9e, 0xf7,
    0x9e, 0xf7, 0x9e, 0xf7, 0x9e, 0xf7, 0x9e, 0xf7, 0x9e, 0xf7, 0x4e, 0xde,
    0x84, 0xcd, 0x84, 0xcd, 0x84, 0xcd, 0x84, 0xcd, 0x84, 0xcd, 0xa4, 0xcd,
    0xa4, 0xcd, 0xa4, 0xcd, 0xa4, 0xd5, 0xa4, 0xd5, 0xa4, 0xd5, 0xa4, 0xd5,
    0xa4, 0xd5, 0xa4, 0xd5, 0xa4, 0xd5, 0xa4, 0xd5, 0xa5, 0xd5, 0xa5, 0xd5,
    0xa5, 0xd5, 0xa5, 0xd5, 0xc5, 0xd5, 0xc5, 0xd5, 0xc5, 0xd5, 0xc5, 0xd5,
    0xc5, 0xd5, 0xc5, 0xd5, 0xc5, 0xd5, 0xc5, 0xd5, 0xc5, 0xd5, 0xc5, 0xd5,
    0xe5, 0xd5, 0xe5, 0xd5, 0xe5, 0xd5, 0xe5, 0xd5, 0xe6, 0xd5, 0xe6, 0xdd,
    0xe6, 0xdd, 0xe6, 0xdd, 0x06, 0xde, 0x06, 0xde, 0x06, 0xde, 0xe6, 0xdd,
    0xc5, 0xd5, 0xa5, 0xd5, 0xa5, 0xd5, 0xa5, 0xd5, 0xa5, 0xd5, 0xa5, 0xd5,
    0xa5, 0xd5, 0xa5, 0xd5, 0xa5, 0xd5, 0xa5, 0xd5, 0xa5, 0xd5, 0xa5, 0xd5,
    0x8b, 0x9c, 0x8e, 0x73, 0xcf, 0x7b, 0xae, 0x73, 0x8c, 0x73, 0xa4, 0xd5,
    0xa4, 0xd5, 0xa4, 0xd5, 0xa4, 0xd5, 0xa4, 0xd5, 0xa4, 0xd5, 0xa4, 0xd5,
    0xa4, 0xd5, 0xa4, 0xd5, 0xa4, 0xd5, 0xa4, 0xd5, 0xa4, 0xd5, 0xa4, 0xd5,
    0xa4, 0xd5, 0xa4, 0xd5, 0xa4, 0xd5, 0xa4, 0xcd, 0xa4, 0xcd, 0xa4, 0xcd,
    0xa4, 0xcd, 0x84, 0xcd, 0x84, 0xcd, 0x84, 0xcd, 0x84, 0xcd, 0x64, 0xcd,
    0x43, 0xc5, 0x23, 0xc5, 0x23, 0xc5, 0x23, 0xc5, 0x23, 0xc5, 0x23, 0xc5,
    0x23, 0xc5, 0x23, 0xc5, 0x23, 0xc5, 0x23, 0xc5, 0x23, 0xc5, 0x23, 0xc5,
    0x23, 0xc5, 0x23, 0xc5, 0x23, 0xc5, 0x23, 0xc5, 0x23, 0xc5, 0x23, 0xc5,
    0x23, 0xc5, 0x23, 0xc5, 0x23, 0xc5, 0x23, 0xc5, 0x23, 0xc5, 0x23, 0xc5,
    0x23, 0xc5, 0x23, 0xc5, 0x23, 0xc5, 0x23, 0xc5, 0x23, 0xc5, 0x23, 0xc5,
    0x23, 0xc5, 0x23, 0xc5, 0x23, 0xc5, 0x23, 0xc5, 0x23, 0xc5, 0x23, 0xc5,
    0x23, 0xc5, 0x23, 0xc5, 0x23, 0xc5, 0x23, 0xc5, 0x23, 0xc5, 0x23, 0xc5,
    0x0d, 0xd6, 0x9e, 0xf7, 0x9e, 0xf7, 0x9e, 0xf7, 0x9e, 0xf7, 0x9e, 0xf7,
    0x9e, 0xf7, 0x9e, 0xf7, 0x9e, 0xf7, 0x9e, 0xf7, 0x9e, 0xf7, 0x9e, 0xf7,
    0x9e, 0xf7, 0x9e, 0xf7, 0x9e, 0xf7, 0x9e, 0xf7, 0x9e, 0xf7, 0x9e, 0xf7,
    0x9e, 0xf7, 0x9e, 0xf7, 0x9e, 0xf7, 0x9e, 0xf7, 0x9e, 0xf7, 0x4e, 0xde,
    0x84, 0xcd, 0x84, 0xcd, 0x84, 0xcd, 0x84, 0xcd, 0x84, 0xcd, 0x84, 0xcd,
    0xa4, 0xcd, 0xa4, 0xcd, 0xa4, 0xd5, 0xa4, 0xd5, 0xa4, 0xd5, 0xa4, 0xd5,
    0xa4, 0xd5, 0xa4, 0xd5, 0xa4, 0xd5, 0xa4, 0xd5, 0xa5, 0xd5, 0xa5, 0xd5,
    0xa5, 0xd5, 0xa5, 0xd5, 0xc5, 0xd5, 0xc5, 0xd5, 0xc5, 0xd5, 0xc5, 0xd5,
    0xc5, 0xd5, 0xc5, 0xd5, 0xc5, 0xd5, 0xc5, 0xd5, 0xc5, 0xd5, 0xc5, 0xd5,
    0xc5, 0xd5, 0xe5, 0xd5, 0xe5, 0xd5, 0xe5, 0xd5, 0xe5, 0xd5, 0xe6, 0xd5,
    0xe6, 0xdd, 0xe6, 0xdd, 0xe6, 0xdd, 0x06, 0xde, 0x06, 0xde, 0x06, 0xde,
    0x06, 0xde, 0xe6, 0xdd, 0xc5, 0xd5, 0xa5, 0xd5, 0xa5, 0xd5, 0xa5, 0xd5,
    0xa5, 0xd5, 0xa5, 0xd5, 0xa5, 0xd5, 0xa5, 0xd5, 0xa5, 0xd5, 0xa5, 0xd5,
    0x8b, 0x9c, 0x8e, 0x73, 0xcf, 0x7b, 0xae, 0x73, 0x8c, 0x73, 0xa5, 0xd5,
    0xa5, 0xd5, 0xa5, 0xd5, 0xa4, 0xd5, 0xa4, 0xd5, 0xa4, 0xd5, 0xa4, 0xd5,
    0xa4, 0xd5, 0xa4, 0xd5, 0xa4, 0xd5, 0xa4, 0xd5, 0xa4, 0xd5, 0xa4, 0xd5,
    0xa4, 0xd5, 0xa4, 0xd5, 0xa4, 0xd5, 0xa4, 0xd5, 0xa4, 0xd5, 0xa4, 0xcd,
    0xa4, 0xcd, 0xa4, 0xcd, 0xa4, 0xcd, 0x84, 0xcd, 0x43, 0xc5, 0x23, 0xc5,
    0x23, 0xc5, 0x23, 0xc5, 0x23, 0xc5, 0x23, 0xc5, 0x23, 0xc5, 0x23, 0xc5,
    0x23, 0xc5, 0x23, 0xc5, 0x23, 0xc5, 0x23, 0xc5, 0x23, 0xc5, 0x23, 0xc5,
    0x23, 0xc5, 0x23, 0xc5, 0x23, 0xc5, 0x23, 0xc5, 0x23, 0xc5, 0x23, 0xc5,
    0x23, 0xc5, 0x23, 0xc5, 0x23, 0xc5, 0x23, 0xc5, 0x23, 0xc5, 0x23, 0xc5,
    0x23, 0xc5, 0x23, 0xc5, 0x23, 0xc5, 0x23, 0xc5, 0x23, 0xc5, 0x23, 0xc5,
    0x23, 0xc5, 0x23, 0xc5, 0x23, 0xc5, 0x23, 0xc5, 0x23, 0xc5, 0x23, 0xc5,
    0x23, 0xc5, 0x23, 0xc5, 0x23, 0xc5, 0x23, 0xc5, 0x23, 0xc5, 0x23, 0xc5,
    0x0d, 0xd6, 0x9e, 0xf7, 0x9e, 0xf7, 0x9e, 0xf7, 0x9e, 0xf7, 0x9e, 0xf7,
    0x9e, 0xf7, 0x9e, 0xf7, 0x9e, 0xf7, 0x9e, 0xf7, 0x9e, 0xf7, 0x9e, 0xf7,
    0x9e, 0xf7, 0x9e, 0xf7, 0x9e, 0xf7, 0x9e, 0xf7, 0x9e, 0xf7, 0x9e, 0xf7,
    0x9e, 0xf7, 0x9e, 0xf7, 0x9e, 0xf7, 0x9e, 0xf7, 0x9e, 0xf7, 0x4e, 0xde,
    0x84, 0xcd, 0x84, 0xcd, 0x84, 0xcd, 0x84, 0xcd, 0x84, 0xcd, 0x84, 0xcd,
    0xa4, 0xcd, 0xa4, 0xcd, 0xa4, 0xd5, 0xa4, 0xd5, 0xa4, 0xd5, 0xa4, 0xd5,
    0xa4, 0xd5, 0xa4, 0xd5, 0xa4, 0xd5, 0xa4, 0xd5, 0xa4, 0xd5, 0xa5, 0xd5,
    0xa5, 0xd5, 0xa5, 0xd5, 0xa5, 0xd5, 0xc5, 0xd5, 0xc5, 0xd5, 0xc5, 0xd5,
    0xc5, 0xd5, 0xc5, 0xd5, 0xc5, 0xd5, 0xc5, 0xd5, 0xc5, 0xd5, 0xc5, 0xd5,
    0xc5, 0xd5, 0xe5, 0xd5, 0xe5, 0xd5, 0xe5, 0xd5, 0xe5, 0xd5, 0xe6, 0xd5,
    0xe6, 0xdd, 0xe6, 0xdd, 0xe6, 0xdd, 0x06, 0xde, 0x06, 0xde, 0x06, 0xde,
    0x06, 0xde, 0x06, 0xde, 0x06, 0xde, 0x06, 0xde, 0xc5, 0xd5, 0xc5, 0xd5,
    0xc5, 0xd5, 0xc5, 0xd5, 0xc5, 0xd5, 0xc5, 0xd5, 0xc5, 0xd5, 0xc5, 0xd5,
    0xab, 0x9c, 0x8e, 0x73, 0xcf, 0x7b, 0xae, 0x73, 0x8c, 0x73, 0xa5, 0xd5,
    0xa5, 0xd5, 0xa5, 0xd5, 0xa5, 0xd5, 0xa5, 0xd5, 0xa5, 0xd5, 0xa4, 0xd5,
    0xa4, 0xd5, 0xa4, 0xd5, 0xa4, 0xd5, 0xa4, 0xd5, 0xa4, 0xd5, 0xa4, 0xd5,
    0xa4, 0xd5, 0xa4, 0xd5, 0xa4, 0xd5, 0xa4, 0xd5, 0xa4, 0xd5, 0xa4, 0xd5,
    0xa4, 0xd5, 0x84, 0xcd, 0x43, 0xc5, 0x23, 0xc5, 0x23, 0xc5, 0x23, 0xc5,
    0x23, 0xc5, 0x23, 0xc5, 0x23, 0xc5, 0x23, 0xc5, 0x23, 0xc5, 0x23, 0xc5,
    0x23, 0xc5, 0x23, 0xc5, 0x23, 0xc5, 0x23, 0xc5, 0x23, 0xc5, 0x23, 0xc5,
    0x23, 0xc5, 0x23, 0xc5, 0x23, 0xc5, 0x23, 0xc5, 0x23, 0xc5, 0x23, 0xc5,
    0x23, 0xc5, 0x23, 0xc5, 0x23, 0xc5, 0x23, 0xc5, 0x23, 0xc5, 0x23, 0xc5,
    0x23, 0xc5, 0x23, 0xc5, 0x23, 0xc5, 0x23, 0xc5, 0x23, 0xc5, 0x23, 0xc5,
    0x23, 0xc5, 0x23, 0xc5, 0x23, 0xc5, 0x23, 0xc5, 0x23, 0xc5, 0x23, 0xc5,
    0x23, 0xc5, 0x23, 0xc5, 0x23, 0xc5, 0x23, 0xc5, 0x23, 0xc5, 0x23, 0xc5,
    0x0d, 0xd6, 0x9e, 0xf7, 0x9e, 0xf7, 0x9e, 0xf7, 0x9e, 0xf7, 0x9e, 0xf7,
    0x9e, 0xf7, 0x9e, 0xf7, 0x9e, 0xf7, 0x9e, 0xf7, 0x9e, 0xf7, 0x9e, 0xf7,
    0x9e, 0xf7, 0x9e, 0xf7, 0x9e, 0xf7, 0x9e, 0xf7, 0x9e, 0xf7, 0x9e, 0xf7,
    0x9e, 0xf7, 0x9e, 0xf7, 0x9e, 0xf7, 0x9e, 0xf7, 0x9e, 0xf7, 0x4e, 0xde,
    0x84, 0xcd, 0x84, 0xcd, 0x84, 0xcd, 0x84, 0xcd, 0x84, 0xcd, 0x84, 0xcd,
    0xa4, 0xcd, 0xa4, 0xcd, 0xa4, 0xcd, 0xa4, 0xd5, 0xa4, 0xd5, 0xa4, 0xd5,
    0xa4, 0xd5, 0xa4, 0xd5, 0xa4, 0xd5, 0xa4, 0xd5, 0xa4, 0xd5, 0xa5, 0xd5,
    0xa5, 0xd5, 0xa5, 0xd5, 0xa5, 0xd5, 0xc5, 0xd5, 0xc5, 0xd5, 0xc5, 0xd5,
    0xc5, 0xd5, 0xc5, 0xd5, 0xc5, 0xd5, 0xc5, 0xd5, 0xc5, 0xd5, 0xc5, 0xd5,
    0xc5, 0xd5, 0xe5, 0xd5, 0xe5, 0xd5, 0xe5, 0xd5, 0xe5, 0xd5, 0xe6, 0xd5,
    0xe6, 0xdd, 0xe6, 0xdd, 0xe6, 0xdd, 0x06, 0xde, 0x06, 0xde, 0x06, 0xde,
    0x06, 0xde, 0x06, 0xde, 0x06, 0xde, 0x06, 0xde, 0x27, 0xde, 0x06, 0xde,
    0xe5, 0xd5, 0xc5, 0xd5, 0xc5, 0xd5, 0xc5, 0xd5, 0xc5, 0xd5, 0xc5, 0xd5,
    0xab, 0x9c, 0x8e, 0x73, 0xcf, 0x7b, 0xae, 0x73, 0x8c, 0x73, 0xc5, 0xd5,
    0xa5, 0xd5, 0xa5, 0xd5, 0xa5, 0xd5, 0xa5, 0xd5, 0xa5, 0xd5, 0xa5, 0xd5,
    0xa5, 0xd5, 0xa5, 0xd5, 0xa4, 0xd5, 0xa4, 0xd5, 0xa4, 0xd5, 0xa4, 0xd5,
    0xa4, 0xd5, 0xa4, 0xd5, 0xa4, 0xd5, 0xa4, 0xd5, 0xa4, 0xd5, 0x84, 0xcd,
    0x43, 0xc5, 0x23, 0xc5, 0x23, 0xc5, 0x23, 0xc5, 0x23, 0xc5, 0x23, 0xc5,
    0x23, 0xc5, 0x23, 0xc5, 0x23, 0xc5, 0x23, 0xc5, 0x23, 0xc5, 0x23, 0xc5,
    0x23, 0xc5, 0x23, 0xc5, 0x23, 0xc5, 0x23, 0xc5, 0x23, 0xc5, 0x23, 0xc5,
    0x23, 0xc5, 0x23, 0xc5, 0x23, 0xc5, 0x23, 0xc5, 0x23, 0xc5, 0x23, 0xc5,
    0x23, 0xc5, 0x23, 0xc5, 0x23, 0xc5, 0x23, 0xc5, 0x23, 0xc5, 0x23, 0xc5,
    0x23, 0xc5, 0x23, 0xc5, 0x23, 0xc5, 0x23, 0xc5, 0x23, 0xc5, 0x23, 0xc5,
    0x23, 0xc5, 0x23, 0xc5, 0x23, 0xc5, 0x23, 0xc5, 0x23, 0xc5, 0x23, 0xc5,
    0x23, 0xc5, 0x23, 0xc5, 0x23, 0xc5, 0x23, 0xc5, 0x23, 0xc5, 0x23, 0xc5,
    0x0d, 0xd6, 0x9e, 0xf7, 0x9e, 0xf7, 0x9e, 0xf7, 0x9e, 0xf7, 0x9e, 0xf7,
    0x9e, 0xf7, 0x9e, 0xf7, 0x9e, 0xf7, 0x9e, 0xf7, 0x9e, 0xf7, 0x9e, 0xf7,
    0x9e, 0xf7, 0x9e, 0xf7, 0x9e, 0xf7, 0x9e, 0xf7, 0x9e, 0xf7, 0x9e, 0xf7,
    0x9e, 0xf7, 0x9e, 0xf7, 0x9e, 0xf7, 0x9e, 0xf7, 0x9e, 0xf7, 0x4e, 0xde,
    0x84, 0xcd, 0x84, 0xcd, 0x84, 0xcd, 0x84, 0xcd, 0x84, 0xcd, 0x84, 0xcd,
    0xa4, 0xcd, 0xa4, 0xcd, 0xa4, 0xcd, 0xa4, 0xd5, 0xa4, 0xd5, 0xa4, 0xd5,
    0xa4, 0xd5, 0xa4, 0xd5, 0xa4, 0xd5, 0xa4, 0xd5, 0xa4, 0xd5, 0xa5, 0xd5,
    0xa5, 0xd5, 0xa5, 0xd5, 0xa5, 0xd5, 0xc5, 0xd5, 0xc5, 0xd5, 0xc5, 0xd5,
    0xc5, 0xd5, 0xc5, 0xd5, 0xc5, 0xd5, 0xc5, 0xd5, 0xc5, 0xd5, 0xc5, 0xd5,
    0xc5, 0xd5, 0xc5, 0xd5, 0xe5, 0xd5, 0xe5, 0xd5, 0xe5, 0xd5, 0xe5, 0xd5,
    0xe6, 0xd5, 0xe6, 0xdd, 0xe6, 0xdd, 0xe6, 0xdd, 0x06, 0xde, 0x06, 0xde,
    0x06, 0xde, 0x06, 0xde, 0x06, 0xde, 0x06, 0xde, 0x26, 0xde, 0x27, 0xde,
    0x27, 0xde, 0x06, 0xde, 0xe5, 0xd5, 0xc5, 0xd5, 0xc5, 0xd5, 0xc5, 0xd5,
    0xac, 0x9c, 0x8e, 0x73, 0xcf, 0x7b, 0xae, 0x73, 0x8c, 0x73, 0xc5, 0xd5,
    0xc5, 0xd5, 0xc5, 0xd5, 0xc5, 0xd5, 0xa5, 0xd5, 0xa5, 0xd5, 0xa5, 0xd5,
    0xa5, 0xd5, 0xa5, 0xd5, 0xa5, 0xd5, 0xa5, 0xd5, 0xa5, 0xd5, 0xa4, 0xd5,
    0xa4, 0xd5, 0xa4, 0xd5, 0xa4, 0xd5, 0x84, 0xcd, 0x43, 0xc5, 0x23, 0xc5,
    0x23, 0xc5, 0x23, 0xc5, 0x23, 0xc5, 0x23, 0xc5, 0x23, 0xc5, 0x23, 0xc5,
    0x23, 0xc5, 0x23, 0xc5, 0x23, 0xc5, 0x23, 0xc5, 0x23, 0xc5, 0x23, 0xc5,
    0x23, 0xc5, 0x23, 0xc5, 0x23, 0xc5, 0x23, 0xc5, 0x23, 0xc5, 0x23, 0xc5,
    0x23, 0xc5, 0x23, 0xc5, 0x23, 0xc5, 0x23, 0xc5, 0x23, 0xc5, 0x23, 0xc5,
    0x23, 0xc5, 0x23, 0xc5, 0x23, 0xc5, 0x23, 0xc5, 0x23, 0xc5, 0x23, 0xc5,
    0x23, 0xc5, 0x23, 0xc5, 0x23, 0xc5, 0x23, 0xc5, 0x23, 0xc5, 0x23, 0xc5,
    0x23, 0xc5, 0x23, 0xc5, 0x23, 0xc5, 0x23, 0xc5, 0x23, 0xc5, 0x23, 0xc5,
    0x23, 0xc5, 0x23, 0xc5, 0x23, 0xc5, 0x23, 0xc5, 0x23, 0xc5, 0x23, 0xc5,
    0x0d, 0xd6, 0x9e, 0xf7, 0x9e, 0xf7, 0x9e, 0xf7, 0x9e, 0xf7, 0x9e, 0xf7,
    0x9e, 0xf7, 0x9e, 0xf7, 0x9e, 0xf7, 0x9e, 0xf7, 0x9e, 0xf7, 0x9e, 0xf7,
    0x9e, 0xf7, 0x9e, 0xf7, 0x9e, 0xf7, 0x9e, 0xf7, 0x9e, 0xf7, 0x9e, 0xf7,
    0x9e, 0xf7, 0x9e, 0xf7, 0x9e, 0xf7, 0x9e, 0xf7, 0x9e, 0xf7, 0x4e, 0xde,
    0x84, 0xcd, 0x84, 0xcd, 0x84, 0xcd, 0x84, 0xcd, 0x84, 0xcd, 0x84, 0xcd,
    0x84, 0xcd, 0xa4, 0xcd, 0xa4, 0xcd, 0xa4, 0xd5, 0xa4, 0xd5, 0xa4, 0xd5,
    0xa4, 0xd5, 0xa4, 0xd5, 0xa4, 0xd5, 0xa4, 0xd5, 0xa4, 0xd5, 0xa4, 0xd5,
    0xa5, 0xd5, 0xa5, 0xd5, 0xa5, 0xd5, 0xa5, 0xd5, 0xc5, 0xd5, 0xc5, 0xd5,
    0xc5, 0xd5, 0xc5, 0xd5, 0xc5, 0xd5, 0xc5, 0xd5, 0xc5, 0xd5, 0xc5, 0xd5,
    0xc5, 0xd5, 0xc5, 0xd5, 0xe5, 0xd5, 0xe5, 0xd5, 0xe5, 0xd5, 0xe5, 0xd5,
    0xe6, 0xd5, 0xe6, 0xdd, 0xe6, 0xdd, 0xe6, 0xdd, 0x06, 0xde, 0x06, 0xde,
    0x06, 0xde, 0x06, 0xde, 0x06, 0xde, 0x06, 0xde, 0x06, 0xde, 0x27, 0xde,
    0x27, 0xde, 0x27, 0xde, 0x27, 0xde, 0x06, 0xde, 0xe5, 0xd5, 0xc5, 0xd5,
    0xac, 0x9c, 0x8e, 0x73, 0xcf, 0x7b, 0xae, 0x73, 0x8c, 0x73, 0xc5, 0xd5,
    0xc5, 0xd5, 0xc5, 0xd5, 0xc5, 0xd5, 0xc5, 0xd5, 0xc5, 0xd5, 0xc5, 0xd5,
    0xa5, 0xd5, 0xa5, 0xd5, 0xa5, 0xd5, 0xa5, 0xd5, 0xa5, 0xd5, 0xa5, 0xd5,
    0xa5, 0xd5, 0xa4, 0xcd, 0x63, 0xcd, 0x23, 0xc5, 0x23, 0xc5, 0x23, 0xc5,
    0x23, 0xc5, 0x23, 0xc5, 0x23, 0xc5, 0x23, 0xc5, 0x23, 0xc5, 0x23, 0xc5,
    0x23, 0xc5, 0x23, 0xc5, 0x23, 0xc5, 0x23, 0xc5, 0x23, 0xc5, 0x23, 0xc5,
    0x23, 0xc5, 0x23, 0xc5, 0x23, 0xc5, 0x23, 0xc5, 0x23, 0xc5, 0x23, 0xc5,
    0x23, 0xc5, 0x23, 0xc5, 0x23, 0xc5, 0x23, 0xc5, 0x23, 0xc5, 0x23, 0xc5,
    0x23, 0xc5, 0x23, 0xc5, 0x23, 0xc5, 0x23, 0xc5, 0x23, 0xc5, 0x23, 0xc5,
    0x23, 0xc5, 0x23, 0xc5, 0x23, 0xc5, 0x23, 0xc5, 0x23, 0xc5, 0x23, 0xc5,
    0x23, 0xc5, 0x23, 0xc5, 0x23, 0xc5, 0x23, 0xc5, 0x23, 0xc5, 0x23, 0xc5,
    0x23, 0xc5, 0x23, 0xc5, 0x23, 0xc5, 0x23, 0xc5, 0x23, 0xc5, 0x23, 0xc5,
    0x0d, 0xd6, 0x9e, 0xf7, 0x9e, 0xf7, 0x9e, 0xf7, 0x9e, 0xf7, 0x9e, 0xf7,
    0x9e, 0xf7, 0x9e, 0xf7, 0x9e, 0xf7, 0x9e, 0xf7, 0x9e, 0xf7, 0x9e, 0xf7,
    0x9e, 0xf7, 0x9e, 0xf7, 0x9e, 0xf7, 0x9e, 0xf7, 0x9e, 0xf7, 0x9e, 0xf7,
    0x9e, 0xf7, 0x9e, 0xf7, 0x9e, 0xf7, 0x9e, 0xf7, 0x9e, 0xf7, 0x4e, 0xde,
    0x84, 0xcd, 0x84, 0xcd, 0x84, 0xcd, 0x84, 0xcd, 0x84, 0xcd, 0x84, 0xcd,
    0x84, 0xcd, 0xa4, 0xcd, 0xa4, 0xcd, 0xa4, 0xcd, 0xa4, 0xd5, 0xa4, 0xd5,
    0xa4, 0xd5, 0xa4, 0xd5, 0xa4, 0xd5, 0xa4, 0xd5, 0xa4, 0xd5, 0xa4, 0xd5,
    0xa5, 0xd5, 0xa5, 0xd5, 0xa5, 0xd5, 0xa5, 0xd5, 0xc5, 0xd5, 0xc5, 0xd5,
    0xc5, 0xd5, 0xc5, 0xd5, 0xc5, 0xd5, 0xc5, 0xd5, 0xc5, 0xd5, 0xc5, 0xd5,
    0xc5, 0xd5, 0xc5, 0xd5, 0xe5, 0xd5, 0xe5, 0xd5, 0xe5, 0xd5, 0xe5, 0xd5,
    0xe6, 0xd5, 0xe6, 0xd5, 0xe6, 0xdd, 0xe6, 0xdd, 0x06, 0xde, 0x06, 0xde,
    0x06, 0xde, 0x06, 0xde, 0x06, 0xde, 0x06, 0xde, 0x06, 0xde, 0x26, 0xde,
    0x27, 0xde, 0x27, 0xde, 0x27, 0xde, 0x27, 0xde, 0x27, 0xde, 0x27, 0xde,
    0xcc, 0xa4, 0x8e, 0x73, 0xcf, 0x7b, 0xae, 0x73, 0x8c, 0x73, 0xc5, 0xd5,
    0xc5, 0xd5, 0xc5, 0xd5, 0xc5, 0xd5, 0xc5, 0xd5, 0xc5, 0xd5, 0xc5, 0xd5,
    0xc5, 0xd5, 0xc5, 0xd5, 0xc5, 0xd5, 0xa5, 0xd5, 0xa5, 0xd5, 0xa4, 0xd5,
    0x63, 0xcd, 0x23, 0xc5, 0x23, 0xc5, 0x23, 0xc5, 0x23, 0xc5, 0x23, 0xc5,
    0x23, 0xc5, 0x23, 0xc5, 0x23, 0xc5, 0x23, 0xc5, 0x23, 0xc5, 0x23, 0xc5,
    0x23, 0xc5, 0x23, 0xc5, 0x23, 0xc5, 0x23, 0xc5, 0x23, 0xc5, 0x23, 0xc5,
    0x23, 0xc5, 0x23, 0xc5, 0x23, 0xc5, 0x23, 0xc5, 0x23, 0xc5, 0x23, 0xc5,
    0x23, 0xc5, 0x23, 0xc5, 0x23, 0xc5, 0x23, 0xc5, 0x23, 0xc5, 0x23, 0xc5,
    0x23, 0xc5, 0x23, 0xc5, 0x23, 0xc5, 0x23, 0xc5, 0x23, 0xc5, 0x23, 0xc5,
    0x23, 0xc5, 0x23, 0xc5, 0x23, 0xc5, 0x23, 0xc5, 0x23, 0xc5, 0x23, 0xc5,
    0x23, 0xc5, 0x23, 0xc5, 0x23, 0xc5, 0x23, 0xc5, 0x23, 0xc5, 0x23, 0xc5,
    0x23, 0xc5, 0x23, 0xc5, 0x23, 0xc5, 0x23, 0xc5, 0x23, 0xc5, 0x23, 0xc5,
    0x0d, 0xd6, 0x9e, 0xf7, 0x9e, 0xf7, 0x9e, 0xf7, 0x9e, 0xf7, 0x9e, 0xf7,
    0x9e, 0xf7, 0x9e, 0xf7, 0x9e, 0xf7, 0x9e, 0xf7, 0x9e, 0xf7, 0x9e, 0xf7,
    0x9e, 0xf7, 0x9e, 0xf7, 0x9e, 0xf7, 0x9e, 0xf7, 0x9e, 0xf7, 0x9e, 0xf7,
    0x9e, 0xf7, 0x9e, 0xf7, 0x9e, 0xf7, 0x9e, 0xf7, 0x9e, 0xf7, 0x4e, 0xde,
    0x84, 0xcd, 0x84, 0xcd, 0x84, 0xcd, 0x84, 0xcd, 0x84, 0xcd, 0x84, 0xcd,
    0x84, 0xcd, 0xa4, 0xcd, 0xa4, 0xcd, 0xa4, 0xcd, 0xa4, 0xd5, 0xa4, 0xd5,
    0xa4, 0xd5, 0xa4, 0xd5, 0xa4, 0xd5, 0xa4, 0xd5, 0xa4, 0xd5, 0xa4, 0xd5,
    0xa5, 0xd5, 0xa5, 0xd5, 0xa5, 0xd5, 0xa5, 0xd5, 0xc5, 0xd5, 0xc5, 0xd5,
    0xc5, 0xd5, 0xc5, 0xd5, 0xc5, 0xd5, 0xc5, 0xd5, 0xc5, 0xd5, 0xc5, 0xd5,
    0xc5, 0xd5, 0xc5, 0xd5, 0xc5, 0xd5, 0xe5, 0xd5, 0xe5, 0xd5, 0xe5, 0xd5,
    0xe5, 0xd5, 0xe6, 0xd5, 0xe6, 0xdd, 0xe6, 0xdd, 0xe6, 0xdd, 0x06, 0xde,
    0x06, 0xde, 0x06, 0xde, 0x06, 0xde, 0x06, 0xde, 0x06, 0xde, 0x06, 0xde,
    0x27, 0xde, 0x27, 0xde, 0x27, 0xde, 0x27, 0xde, 0x27, 0xde, 0x27, 0xde,
    0xcc, 0xa4, 0x8e, 0x73, 0xcf, 0x7b, 0xae, 0x73, 0x8c, 0x73, 0xc5, 0xd5,
    0xc5, 0xd5, 0xc5, 0xd5, 0xc5, 0xd5, 0xc5, 0xd5, 0xc5, 0xd5, 0xc5, 0xd5,
    0xc5, 0xd5, 0xc5, 0xd5, 0xc5, 0xd5, 0xa4, 0xd5, 0x63, 0xcd, 0x23, 0xc5,
    0x23, 0xc5, 0x23, 0xc5, 0x23, 0xc5, 0x23, 0xc5, 0x23, 0xc5, 0x23, 0xc5,
    0x23, 0xc5, 0x23, 0xc5, 0x23, 0xc5, 0x23, 0xc5, 0x23, 0xc5, 0x23, 0xc5,
    0x23, 0xc5, 0x23, 0xc5, 0x23, 0xc5, 0x23, 0xc5, 0x23, 0xc5, 0x23, 0xc5,
    0x23, 0xc5, 0x23, 0xc5, 0x23, 0xc5, 0x23, 0xc5, 0x23, 0xc5, 0x23, 0xc5,
    0x23, 0xc5, 0x23, 0xc5, 0x23, 0xc5, 0x23, 0xc5, 0x23, 0xc5, 0x23, 0xc5,
    0x23, 0xc5, 0x23, 0xc5, 0x23, 0xc5, 0x23, 0xc5, 0x23, 0xc5, 0x23, 0xc5,
    0x23, 0xc5, 0x23, 0xc5, 0x23, 0xc5, 0x23, 0xc5, 0x23, 0xc5, 0x23, 0xc5,
    0x23, 0xc5, 0x23, 0xc5, 0x23, 0xc5, 0x23, 0xc5, 0x23, 0xc5, 0x23, 0xc5,
    0x23, 0xc5, 0x23, 0xc5, 0x23, 0xc5, 0x23, 0xc5, 0x23, 0xc5, 0x23, 0xc5,
    0x0d, 0xd6, 0x9e, 0xf7, 0x9e, 0xf7, 0x9e, 0xf7, 0x9e, 0xf7, 0x9e, 0xf7,
    0x9e, 0xf7, 0x9e, 0xf7, 0x9e, 0xf7, 0x9e, 0xf7, 0x9e, 0xf7, 0x9e, 0xf7,
    0x9e, 0xf7, 0x9e, 0xf7, 0x9e, 0xf7, 0x9e, 0xf7, 0x9e, 0xf7, 0x9e, 0xf7,
    0x9e, 0xf7, 0x9e, 0xf7, 0x9e, 0xf7, 0x9e, 0xf7, 0x9e, 0xf7, 0x4e, 0xde,
    0x84, 0xcd, 0x84, 0xcd, 0x84, 0xcd, 0x84, 0xcd, 0x84, 0xcd, 0x84, 0xcd,
    0x84, 0xcd, 0x84, 0xcd, 0xa4, 0xcd, 0xa4, 0xcd, 0xa4, 0xd5, 0xa4, 0xd5,
    0xa4, 0xd5, 0xa4, 0xd5, 0xa4, 0xd5, 0xa4, 0xd5, 0xa4, 0xd5, 0xa4, 0xd5,
    0xa4, 0xd5, 0xa5, 0xd5, 0xa5, 0xd5, 0xa5, 0xd5, 0xa5, 0xd5, 0xc5, 0xd5,
    0xc5, 0xd5, 0xc5, 0xd5, 0xc5, 0xd5, 0xc5, 0xd5, 0xc5, 0xd5, 0xc5, 0xd5,
    0xc5, 0xd5, 0xc5, 0xd5, 0xc5, 0xd5, 0xe5, 0xd5, 0xe5, 0xd5, 0xe5, 0xd5,
    0xe5, 0xd5, 0xe6, 0xd5, 0xe6, 0xdd, 0xe6, 0xdd, 0xe6, 0xdd, 0x06, 0xde,
    0x06, 0xde, 0x06, 0xde, 0x06, 0xde, 0x06, 0xde, 0x06, 0xde, 0x06, 0xde,
    0x26, 0xde, 0x27, 0xde, 0x27, 0xde, 0x27, 0xde, 0x27, 0xde, 0x27, 0xde,
    0xcd, 0xa4, 0x8e, 0x73, 0xcf, 0x7b, 0xae, 0x73, 0x8c, 0x73, 0xc5, 0xd5,
    0xc5, 0xd5, 0x45, 0xd5, 0xa6, 0xdb, 0xe5, 0xdb, 0x45, 0xd5, 0xc5, 0xd5,
    0xc5, 0xd5, 0xa5, 0xd5, 0x63, 0xcd, 0x23, 0xc5, 0x23, 0xc5, 0x23, 0xc5,
    0x23, 0xc5, 0x23, 0xc5, 0x23, 0xc5, 0x23, 0xc5, 0x23, 0xc5, 0x23, 0xc5,
    0x23, 0xc5, 0x23, 0xc5, 0x23, 0xc5, 0x23, 0xc5, 0x23, 0xc5, 0x23, 0xc5,
    0x23, 0xc5, 0x23, 0xc5, 0x23, 0xc5, 0x23, 0xc5, 0x23, 0xc5, 0x23, 0xc5,
    0x23, 0xc5, 0x23, 0xc5, 0x23, 0xc5, 0x23, 0xc5, 0x23, 0xc5, 0x23, 0xc5,
    0x23, 0xc5, 0x23, 0xc5, 0x23, 0xc5, 0x23, 0xc5, 0x23, 0xc5, 0x23, 0xc5,
    0x23, 0xc5, 0x23, 0xc5, 0x23, 0xc5, 0x23, 0xc5, 0x23, 0xc5, 0x23, 0xc5,
    0x23, 0xc5, 0x23, 0xc5, 0x23, 0xc5, 0x23, 0xc5, 0x23, 0xc5, 0x23, 0xc5,
    0x23, 0xc5, 0x23, 0xc5, 0x23, 0xc5, 0x23, 0xc5, 0x23, 0xc5, 0x23, 0xc5,
    0x23, 0xc5, 0x23, 0xc5, 0x23, 0xc5, 0x23, 0xc5, 0x23, 0xc5, 0x23, 0xc5,
    0x0d, 0xd6, 0x9e, 0xf7, 0x9e, 0xf7, 0x9e, 0xf7, 0x9e, 0xf7, 0x9e, 0xf7,
    0x9e, 0xf7, 0x9e, 0xf7, 0x9e, 0xf7, 0x9e, 0xf7, 0x9e, 0xf7, 0x9e, 0xf7,
    0x9e, 0xf7, 0x9e, 0xf7, 0x9e, 0xf7, 0x9e, 0xf7, 0x9e, 0xf7, 0x9e, 0xf7,
    0x9e, 0xf7, 0x9e, 0xf7, 0x9e, 0xf7, 0x9e, 0xf7, 0x9e, 0xf7, 0x4e, 0xde,
    0x84, 0xcd, 0x84, 0xcd, 0x84, 0xcd, 0x84, 0xcd, 0x84, 0xcd, 0x84, 0xcd,
    0x84, 0xcd, 0x84, 0xcd, 0xa4, 0xcd, 0xa4, 0xcd, 0xa4, 0xcd, 0xa4, 0xd5,
    0xa4, 0xd5, 0xa4, 0xd5, 0xa4, 0xd5, 0xa4, 0xd5, 0xa4, 0xd5, 0xa4, 0xd5,
    0xa4, 0xd5, 0xa5, 0xd5, 0xa5, 0xd5, 0xa5, 0xd5, 0xa5, 0xd5, 0xc5, 0xd5,
    0xc5, 0xd5, 0xc5, 0xd5, 0xc5, 0xd5, 0xc5, 0xd5, 0xc5, 0xd5, 0xc5, 0xd5,
    0xc5, 0xd5, 0xc5, 0xd5, 0xc5, 0xd5, 0xc5, 0xd5, 0xe5, 0xd5, 0xe5, 0xd5,
    0xe5, 0xd5, 0xe5, 0xd5, 0xe6, 0xd5, 0xe6, 0xdd, 0xe6, 0xdd, 0xe6, 0xdd,
    0x06, 0xde, 0x06, 0xde, 0x06, 0xde, 0x06, 0xde, 0x06, 0xde, 0x06, 0xde,
    0x06, 0xde, 0x27, 0xde, 0x27, 0xde, 0x27, 0xde, 0x27, 0xde, 0x27, 0xde,
    0xcd, 0xa4, 0x8e, 0x73, 0xcf, 0x7b, 0xae, 0x73, 0xac, 0x73, 0x27, 0xde,
    0x66, 0xdd, 0xe6, 0xe1, 0x86, 0xe1, 0x86, 0xe1, 0xe6, 0xe1, 0x25, 0xd5,
    0x63, 0xcd, 0x23, 0xc5, 0x23, 0xc5, 0x23, 0xc5, 0x23, 0xc5, 0x23, 0xc5,
    0x23, 0xc5, 0x23, 0xc5, 0x23, 0xc5, 0x23, 0xc5, 0x23, 0xc5, 0x23, 0xc5,
    0x23, 0xc5, 0x23, 0xc5, 0x23, 0xc5, 0x23, 0xc5, 0x23, 0xc5, 0x23, 0xc5,
    0x23, 0xc5, 0x23, 0xc5, 0x23, 0xc5, 0x23, 0xc5, 0x23, 0xc5, 0x23, 0xc5,
    0x23, 0xc5, 0x23, 0xc5, 0x23, 0xc5, 0x23, 0xc5, 0x23, 0xc5, 0x23, 0xc5,
    0x23, 0xc5, 0x23, 0xc5, 0x23, 0xc5, 0x23, 0xc5, 0x23, 0xc5, 0x23, 0xc5,
    0x23, 0xc5, 0x23, 0xc5, 0x23, 0xc5, 0x23, 0xc5, 0x23, 0xc5, 0x23, 0xc5,
    0x23, 0xc5, 0x23, 0xc5, 0x23, 0xc5, 0x23, 0xc5, 0x23, 0xc5, 0x23, 0xc5,
    0x23, 0xc5, 0x23, 0xc5, 0x23, 0xc5, 0x23, 0xc5, 0x23, 0xc5, 0x23, 0xc5,
    0x23, 0xc5, 0x23, 0xc5, 0x23, 0xc5, 0x23, 0xc5, 0x23, 0xc5, 0x23, 0xc5,
    0x0d, 0xd6, 0x9e, 0xf7, 0x9e, 0xf7, 0x9e, 0xf7, 0x9e, 0xf7, 0x9e, 0xf7,
    0x9e, 0xf7, 0x9e, 0xf7, 0x9e, 0xf7, 0x9e, 0xf7, 0x9e, 0xf7, 0x9e, 0xf7,
    0x9e, 0xf7, 0x9e, 0xf7, 0x9e, 0xf7, 0x9e, 0xf7, 0x9e, 0xf7, 0x9e, 0xf7,
    0x9e, 0xf7, 0x9e, 0xf7, 0x9e, 0xf7, 0x9e, 0xf7, 0x9e, 0xf7, 0x4e, 0xde,
    0x84, 0xcd, 0x84, 0xcd, 0x84, 0xcd, 0x84, 0xcd, 0x84, 0xcd, 0x84, 0xcd,
    0x84, 0xcd, 0x84, 0xcd, 0x84, 0xcd, 0xa4, 0xcd, 0xa4, 0xcd, 0xa4, 0xd5,
    0xa4, 0xd5, 0xa4, 0xd5, 0xa4, 0xd5, 0xa4, 0xd5, 0xa4, 0xd5, 0xa4, 0xd5,
    0xa4, 0xd5, 0xa4, 0xd5, 0xa5, 0xd5, 0xa5, 0xd5, 0xa5, 0xd5, 0xc5, 0xd5,
    0xc5, 0xd5, 0xc5, 0xd5, 0xc5, 0xd5, 0xc5, 0xd5, 0xc5, 0xd5, 0xc5, 0xd5,
    0xc5, 0xd5, 0xc5, 0xd5, 0xc5, 0xd5, 0xc5, 0xd5, 0xe5, 0xd5, 0xe5, 0xd5,
    0xe5, 0xd5, 0xe5, 0xd5, 0xe6, 0xd5, 0xe6, 0xdd, 0xe6, 0xdd, 0xe6, 0xdd,
    0x06, 0xde, 0x06, 0xde, 0x06, 0xde, 0x06, 0xde, 0x06, 0xde, 0x06, 0xde,
    0x06, 0xde, 0x26, 0xde, 0x27, 0xde, 0x27, 0xde, 0x27, 0xde, 0x27, 0xde,
    0xcd, 0xa4, 0x8e, 0x73, 0xcf, 0x7b, 0xae, 0x73, 0xac, 0x73, 0x47, 0xe6,
    0xa7, 0xe3, 0x86, 0xe1, 0x86, 0xe1, 0x86, 0xe1, 0x86, 0xe1, 0x24, 0xdb,
    0x23, 0xc5, 0x23, 0xc5, 0x23, 0xc5, 0x23, 0xc5, 0x23, 0xc5, 0x23, 0xc5,
    0x23, 0xc5, 0x23, 0xc5, 0x23, 0xc5, 0x23, 0xc5, 0x23, 0xc5, 0x23, 0xc5,
    0x23, 0xc5, 0x23, 0xc5, 0x23, 0xc5, 0x23, 0xc5, 0x23, 0xc5, 0x23, 0xc5,
    0x23, 0xc5, 0x23, 0xc5, 0x23, 0xc5, 0x23, 0xc5, 0x23, 0xc5, 0x23, 0xc5,
    0x23, 0xc5, 0x23, 0xc5, 0x23, 0xc5, 0x23, 0xc5, 0x23, 0xc5, 0x23, 0xc5,
    0x23, 0xc5, 0x23, 0xc5, 0x23, 0xc5, 0x23, 0xc5, 0x23, 0xc5, 0x23, 0xc5,
    0x23, 0xc5, 0x23, 0xc5, 0x23, 0xc5, 0x23, 0xc5, 0x23, 0xc5, 0x23, 0xc5,
    0x23, 0xc5, 0x23, 0xc5, 0x23, 0xc5, 0x23, 0xc5, 0x23, 0xc5, 0x23, 0xc5,
    0x23, 0xc5, 0x23, 0xc5, 0x23, 0xc5, 0x23, 0xc5, 0x23, 0xc5, 0x23, 0xc5,
    0x23, 0xc5, 0x23, 0xc5, 0x23, 0xc5, 0x23, 0xc5, 0x23, 0xc5, 0x23, 0xc5,
    0x0d, 0xd6, 0x9e, 0xf7, 0x9e, 0xf7, 0x9e, 0xf7, 0x9e, 0xf7, 0x9e, 0xf7,
    0x9e, 0xf7, 0x9e, 0xf7, 0x9e, 0xf7, 0x9e, 0xf7, 0x9e, 0xf7, 0x9e, 0xf7,
    0x9e, 0xf7, 0x9e, 0xf7, 0x9e, 0xf7, 0x9e, 0xf7, 0x9e, 0xf7, 0x9e, 0xf7,
    0x9e, 0xf7, 0x9e, 0xf7, 0x9e, 0xf7, 0x9e, 0xf7, 0x9e, 0xf7, 0x4e, 0xde,
    0x84, 0xcd, 0x84, 0xcd, 0x84, 0xcd, 0x84, 0xcd, 0x84, 0xcd, 0x84, 0xcd,
    0x84, 0xcd, 0x84, 0xcd, 0x84, 0xcd, 0xa4, 0xcd, 0xa4, 0xcd, 0xa4, 0xd5,
    0xa4, 0xd5, 0xa4, 0xd5, 0xa4, 0xd5, 0xa4, 0xd5, 0xa4, 0xd5, 0xa4, 0xd5,
    0xa4, 0xd5, 0xa4, 0xd5, 0xa5, 0xd5, 0xa5, 0xd5, 0xa5, 0xd5, 0xa5, 0xd5,
    0xc5, 0xd5, 0xc5, 0xd5, 0xc5, 0xd5, 0xc5, 0xd5, 0xc5, 0xd5, 0xc5, 0xd5,
    0xc5, 0xd5, 0xc5, 0xd5, 0xc5, 0xd5, 0xc5, 0xd5, 0xc5, 0xd5, 0xe5, 0xd5,
    0xe5, 0xd5, 0xe5, 0xd5, 0xe5, 0xd5, 0xe6, 0xd5, 0xe6, 0xdd, 0xe6, 0xdd,
    0xe6, 0xdd, 0x06, 0xde, 0x06, 0xde, 0x06, 0xde, 0x06, 0xde, 0x06, 0xde,
    0x06, 0xde, 0x06, 0xde, 0x26, 0xde, 0x27, 0xde, 0x27, 0xde, 0x27, 0xde,
    0xcc, 0xa4, 0x8e, 0x73, 0xcf, 0x7b, 0xae, 0x73, 0xac, 0x73, 0x47, 0xe6,
    0x06, 0xe3, 0x86, 0xe1, 0x86, 0xe1, 0x86, 0xe1, 0x86, 0xe1, 0xe5, 0xda,
    0x23, 0xc5, 0x23, 0xc5, 0x23, 0xc5, 0x23, 0xc5, 0x23, 0xc5, 0x23, 0xc5,
    0x23, 0xc5, 0x23, 0xc5, 0x23, 0xc5, 0x23, 0xc5, 0x23, 0xc5, 0x23, 0xc5,
    0x23, 0xc5, 0x23, 0xc5, 0x23, 0xc5, 0x23, 0xc5, 0x23, 0xc5, 0x23, 0xc5,
    0x23, 0xc5, 0x23, 0xc5, 0x23, 0xc5, 0x23, 0xc5, 0x23, 0xc5, 0x23, 0xc5,
    0x23, 0xc5, 0x23, 0xc5, 0x23, 0xc5, 0x23, 0xc5, 0x23, 0xc5, 0x23, 0xc5,
    0x23, 0xc5, 0x23, 0xc5, 0x23, 0xc5, 0x23, 0xc5, 0x23, 0xc5, 0x23, 0xc5,
    0x23, 0xc5, 0x23, 0xc5, 0x23, 0xc5, 0x23, 0xc5, 0x23, 0xc5, 0x23, 0xc5,
    0x23, 0xc5, 0x23, 0xc5, 0x23, 0xc5, 0x23, 0xc5, 0x23, 0xc5, 0x23, 0xc5,
    0x23, 0xc5, 0x23, 0xc5, 0x23, 0xc5, 0x23, 0xc5, 0x23, 0xc5, 0x23, 0xc5,
    0x23, 0xc5, 0x23, 0xc5, 0x23, 0xc5, 0x23, 0xc5, 0x23, 0xc5, 0x23, 0xc5,
    0x0d, 0xd6, 0x9e, 0xf7, 0x9e, 0xf7, 0x9e, 0xf7, 0x9e, 0xf7, 0x9e, 0xf7,
    0x9e, 0xf7, 0x9e, 0xf7, 0x9e, 0xf7, 0x9e, 0xf7, 0x9e, 0xf7, 0x9e, 0xf7,
    0x9e, 0xf7, 0x9e, 0xf7, 0x9e, 0xf7, 0x9e, 0xf7, 0x9e, 0xf7, 0x9e, 0xf7,
    0x9e, 0xf7, 0x9e, 0xf7, 0x9e, 0xf7, 0x9e, 0xf7, 0x9e, 0xf7, 0x4e, 0xde,
    0x84, 0xcd, 0x84, 0xcd, 0x84, 0xcd, 0x84, 0xcd, 0x84, 0xcd, 0x84, 0xcd,
    0x84, 0xcd, 0x84, 0xcd, 0x84, 0xcd, 0xa4, 0xcd, 0xa4, 0xcd, 0xa4, 0xcd,
    0xa4, 0xd5, 0xa4, 0xd5, 0xa4, 0xd5, 0xa4, 0xd5, 0xa4, 0xd5, 0xa4, 0xd5,
    0xa4, 0xd5, 0xa4, 0xd5, 0xa5, 0xd5, 0xa5, 0xd5, 0xa5, 0xd5, 0xa5, 0xd5,
    0xc5, 0xd5, 0xc5, 0xd5, 0xc5, 0xd5, 0xc5, 0xd5, 0xc5, 0xd5, 0xc5, 0xd5,
    0xc5, 0xd5, 0xc5, 0xd5, 0xc5, 0xd5, 0xc5, 0xd5, 0xc5, 0xd5, 0xe5, 0xd5,
    0xe5, 0xd5, 0xe5, 0xd5, 0xe5, 0xd5, 0xe6, 0xd5, 0xe6, 0xdd, 0xe6, 0xdd,
    0xe6, 0xdd, 0x06, 0xde, 0x06, 0xde, 0x06, 0xde, 0x06, 0xde, 0x06, 0xde,
    0x06, 0xde, 0x06, 0xde, 0x06, 0xde, 0x27, 0xde, 0x27, 0xde, 0x27, 0xde,
    0xcc, 0xa4, 0x8e, 0x73, 0xcf, 0x7b, 0xae, 0x73, 0xac, 0x73, 0x47, 0xde,
    0xc7, 0xe4, 0x86, 0xe1, 0x86, 0xe1, 0x86, 0xe1, 0x86, 0xe1, 0x43, 0xcc,
    0x23, 0xc5, 0x23, 0xc5, 0x23, 0xc5, 0x23, 0xc5, 0x23, 0xc5, 0x23, 0xc5,
    0x23, 0xc5, 0x23, 0xc5, 0x23, 0xc5, 0x23, 0xc5, 0x23, 0xc5, 0x23, 0xc5,
    0x23, 0xc5, 0x23, 0xc5, 0x23, 0xc5, 0x23, 0xc5, 0x23, 0xc5, 0x23, 0xc5,
    0x23, 0xc5, 0x23, 0xc5, 0x23, 0xc5, 0x23, 0xc5, 0x23, 0xc5, 0x23, 0xc5,
    0x23, 0xc5, 0x23, 0xc5, 0x23, 0xc5, 0x23, 0xc5, 0x23, 0xc5, 0x23, 0xc5,
    0x23, 0xc5, 0x23, 0xc5, 0x23, 0xc5, 0x23, 0xc5, 0x23, 0xc5, 0x23, 0xc5,
    0x23, 0xc5, 0x23, 0xc5, 0x23, 0xc5, 0x23, 0xc5, 0x23, 0xc5, 0x23, 0xc5,
    0x23, 0xc5, 0x23, 0xc5, 0x23, 0xc5, 0x23, 0xc5, 0x23, 0xc5, 0x23, 0xc5,
    0x23, 0xc5, 0x23, 0xc5, 0x23, 0xc5, 0x23, 0xc5, 0x23, 0xc5, 0x23, 0xc5,
    0x23, 0xc5, 0x23, 0xc5, 0x23, 0xc5, 0x23, 0xc5, 0x23, 0xc5, 0x23, 0xc5,
    0x0d, 0xd6, 0x9e, 0xf7, 0x9e, 0xf7, 0x9e, 0xf7, 0x9e, 0xf7, 0x9e, 0xf7,
    0x9e, 0xf7, 0x9e, 0xf7, 0x9e, 0xf7, 0x9e, 0xf7, 0x9e, 0xf7, 0x9e, 0xf7,
    0x9e, 0xf7, 0x9e, 0xf7, 0x9e, 0xf7, 0x9e, 0xf7, 0x9e, 0xf7, 0x9e, 0xf7,
    0x9e, 0xf7, 0x9e, 0xf7, 0x9e, 0xf7, 0x9e, 0xf7, 0x9e, 0xf7, 0x4e, 0xde,
    0x84, 0xcd, 0x84, 0xcd, 0x84, 0xcd, 0x84, 0xcd, 0x84, 0xcd, 0x84, 0xcd,
    0x84, 0xcd, 0x84, 0xcd, 0x84, 0xcd, 0x84, 0xcd, 0xa4, 0xcd, 0xa4, 0xcd,
    0xa4, 0xd5, 0xa4, 0xd5, 0xa4, 0xd5, 0xa4, 0xd5, 0xa4, 0xd5, 0xa4, 0xd5,
    0xa4, 0xd5, 0xa4, 0xd5, 0xa4, 0xd5, 0xa5, 0xd5, 0xa5, 0xd5, 0xa5, 0xd5,
    0xa5, 0xd5, 0xc5, 0xd5, 0xc5, 0xd5, 0xc5, 0xd5, 0xc5, 0xd5, 0xc5, 0xd5,
    0xc5, 0xd5, 0xc5, 0xd5, 0xc5, 0xd5, 0xc5, 0xd5, 0xc5, 0xd5, 0xe5, 0xd5,
    0xe5, 0xd5, 0xe5, 0xd5, 0xe5, 0xd5, 0xe5, 0xd5, 0xe6, 0xd5, 0xe6, 0xdd,
    0xe6, 0xdd, 0xe6, 0xdd, 0x06, 0xde, 0x06, 0xde, 0x06, 0xde, 0x06, 0xde,
    0x06, 0xde, 0x06, 0xde, 0x06, 0xde, 0x26, 0xde, 0x27, 0xde, 0x27, 0xde,
    0x8c, 0xa4, 0x8e, 0x73, 0xcf, 0x7b, 0xae, 0x73, 0x4c, 0x7b, 0xe7, 0xe5,
    0x47, 0xde, 0xc7, 0xe4, 0xc6, 0xe2, 0x85, 0xda, 0xe4, 0xd3, 0x23, 0xc5,
    0x23, 0xc5, 0x23, 0xc5, 0x23, 0xc5, 0x23, 0xc5, 0x23, 0xc5, 0x23, 0xc5,
    0x23, 0xc5, 0x23, 0xc5, 0x23, 0xc5, 0x23, 0xc5, 0x23, 0xc5, 0x23, 0xc5,
    0x23, 0xc5, 0x23, 0xc5, 0x23, 0xc5, 0x23, 0xc5, 0x23, 0xc5, 0x23, 0xc5,
    0x23, 0xc5, 0x23, 0xc5, 0x23, 0xc5, 0x23, 0xc5, 0x23, 0xc5, 0x23, 0xc5,
    0x23, 0xc5, 0x23, 0xc5, 0x23, 0xc5, 0x23, 0xc5, 0x23, 0xc5, 0x23, 0xc5,
    0x23, 0xc5, 0x23, 0xc5, 0x23, 0xc5, 0x23, 0xc5, 0x23, 0xc5, 0x23, 0xc5,
    0x23, 0xc5, 0x23, 0xc5, 0x23, 0xc5, 0x23, 0xc5, 0x23, 0xc5, 0x23, 0xc5,
    0x23, 0xc5, 0x23, 0xc5, 0x23, 0xc5, 0x23, 0xc5, 0x23, 0xc5, 0x23, 0xc5,
    0x23, 0xc5, 0x23, 0xc5, 0x23, 0xc5, 0x23, 0xc5, 0x23, 0xc5, 0x23, 0xc5,
    0x23, 0xc5, 0x23, 0xc5, 0x23, 0xc5, 0x23, 0xc5, 0x23, 0xc5, 0x23, 0xc5,
    0x0d, 0xd6, 0x9e, 0xf7, 0x9e, 0xf7, 0x9e, 0xf7, 0x9e, 0xf7, 0x9e, 0xf7,
    0x9e, 0xf7, 0x9e, 0xf7, 0x9e, 0xf7, 0x9e, 0xf7, 0x9e, 0xf7, 0x9e, 0xf7,
    0x9e, 0xf7, 0x9e, 0xf7, 0x9e, 0xf7, 0x9e, 0xf7, 0x9e, 0xf7, 0x9e, 0xf7,
    0x9e, 0xf7, 0x9e, 0xf7, 0x9e, 0xf7, 0x9e, 0xf7, 0x9e, 0xf7, 0xd4, 0xe6,
    0xa6, 0xcd, 0x84, 0xcd, 0x84, 0xcd, 0x84, 0xcd, 0x84, 0xcd, 0x84, 0xcd,
    0x84, 0xcd, 0x84, 0xcd, 0x84, 0xcd, 0x84, 0xcd, 0xa4, 0xcd, 0xa4, 0xcd,
    0xa4, 0xcd, 0xa4, 0xd5, 0xa4, 0xd5, 0xa4, 0xd5, 0xa4, 0xd5, 0xa4, 0xd5,
    0xa4, 0xd5, 0xa4, 0xd5, 0xa4, 0xd5, 0xa5, 0xd5, 0xa5, 0xd5, 0xa5, 0xd5,
    0xa5, 0xd5, 0xc5, 0xd5, 0xc5, 0xd5, 0xc5, 0xd5, 0xc5, 0xd5, 0xc5, 0xd5,
    0xc5, 0xd5, 0xc5, 0xd5, 0xc5, 0xd5, 0xc5, 0xd5, 0xc5, 0xd5, 0xc5, 0xd5,
    0xe5, 0xd5, 0xe5, 0xd5, 0xe5, 0xd5, 0xe5, 0xd5, 0xe6, 0xd5, 0xe6, 0xdd,
    0xe6, 0xdd, 0xe6, 0xdd, 0x06, 0xde, 0x06, 0xde, 0x06, 0xde, 0x06, 0xde,
    0x06, 0xde, 0x06, 0xde, 0x06, 0xde, 0x06, 0xde, 0x49, 0xe6, 0x49, 0xfb,
    0x68, 0xc2, 0x8e, 0x73, 0xcf, 0x7b, 0xae, 0x73, 0xca, 0x8a, 0x83, 0xf9,
    0x46, 0xe5, 0x47, 0xde, 0x47, 0xde, 0x23, 0xc5, 0x23, 0xc5, 0x23, 0xc5,
    0x23, 0xc5, 0x23, 0xc5, 0x23, 0xc5, 0x23, 0xc5, 0x23, 0xc5, 0x23, 0xc5,
    0x23, 0xc5, 0x23, 0xc5, 0x23, 0xc5, 0x23, 0xc5, 0x23, 0xc5, 0x23, 0xc5,
    0x23, 0xc5, 0x23, 0xc5, 0x23, 0xc5, 0x23, 0xc5, 0x23, 0xc5, 0x23, 0xc5,
    0x23, 0xc5, 0x23, 0xc5, 0x23, 0xc5, 0x23, 0xc5, 0x23, 0xc5, 0x23, 0xc5,
    0x23, 0xc5, 0x23, 0xc5, 0x23, 0xc5, 0x23, 0xc5, 0x23, 0xc5, 0x23, 0xc5,
    0x23, 0xc5, 0x23, 0xc5, 0x23, 0xc5, 0x23, 0xc5, 0x23, 0xc5, 0x23, 0xc5,
    0x23, 0xc5, 0x23, 0xc5, 0x23, 0xc5, 0x23, 0xc5, 0x23, 0xc5, 0x23, 0xc5,
    0x23, 0xc5, 0x23, 0xc5, 0x23, 0xc5, 0x23, 0xc5, 0x23, 0xc5, 0x23, 0xc5,
    0x23, 0xc5, 0x23, 0xc5, 0x23, 0xc5, 0x23, 0xc5, 0x23, 0xc5, 0x23, 0xc5,
    0x23, 0xc5, 0x23, 0xc5, 0x23, 0xc5, 0x23, 0xc5, 0x23, 0xc5, 0x23, 0xc5,
    0x92, 0xde, 0x9e, 0xf7, 0x9e, 0xf7, 0x9e, 0xf7, 0x9e, 0xf7, 0x9e, 0xf7,
    0x9e, 0xf7, 0x9e, 0xf7, 0x9e, 0xf7, 0x9e, 0xf7, 0x9e, 0xf7, 0x9e, 0xf7,
    0x9e, 0xf7, 0x9e, 0xf7, 0x9e, 0xf7, 0x9e, 0xf7, 0x9e, 0xf7, 0x9e, 0xf7,
    0x9e, 0xf7, 0x9e, 0xf7, 0x9e, 0xf7, 0x9e, 0xf7, 0x9e, 0xf7, 0x9e, 0xf7,
    0x7c, 0xef, 0x91, 0xde, 0xa6, 0xd5, 0x84, 0xcd, 0x84, 0xcd, 0x84, 0xcd,
    0x84, 0xcd, 0x84, 0xcd, 0x84, 0xcd, 0x84, 0xcd, 0x84, 0xcd, 0xa4, 0xcd,
    0xa4, 0xcd, 0xa4, 0xd5, 0xa4, 0xd5, 0xa4, 0xd5, 0xa4, 0xd5, 0xa4, 0xd5,
    0xa4, 0xd5, 0xa4, 0xd5, 0xa4, 0xd5, 0xa4, 0xd5, 0xa5, 0xd5, 0xa5, 0xd5,
    0xa5, 0xd5, 0xa5, 0xd5, 0xc5, 0xd5, 0xc5, 0xd5, 0xc5, 0xd5, 0xc5, 0xd5,
    0xc5, 0xd5, 0xc5, 0xd5, 0xc5, 0xd5, 0xc5, 0xd5, 0xc5, 0xd5, 0xc5, 0xd5,
    0xe5, 0xd5, 0xe5, 0xd5, 0xe5, 0xd5, 0xe5, 0xd5, 0xe5, 0xd5, 0xe6, 0xd5,
    0xe6, 0xdd, 0xe6, 0xdd, 0xe6, 0xdd, 0x06, 0xde, 0x06, 0xde, 0x06, 0xde,
    0x06, 0xde, 0x06, 0xde, 0x06, 0xde, 0x06, 0xde, 0x2f, 0xf5, 0x63, 0xf9,
    0xa3, 0xf9, 0x26, 0xda, 0x88, 0xca, 0x26, 0xda, 0xa3, 0xf9, 0x83, 0xf9,
    0xe3, 0xf9, 0x86, 0xe5, 0x47, 0xde, 0x23, 0xc5, 0x23, 0xc5, 0x23, 0xc5,
    0x23, 0xc5, 0x23, 0xc5, 0x23, 0xc5, 0x23, 0xc5, 0x23, 0xc5, 0x23, 0xc5,
    0x23, 0xc5, 0x23, 0xc5, 0x23, 0xc5, 0x23, 0xc5, 0x23, 0xc5, 0x23, 0xc5,
    0x23, 0xc5, 0x23, 0xc5, 0x23, 0xc5, 0x23, 0xc5, 0x23, 0xc5, 0x23, 0xc5,
    0x23, 0xc5, 0x23, 0xc5, 0x23, 0xc5, 0x23, 0xc5, 0x23, 0xc5, 0x23, 0xc5,
    0x23, 0xc5, 0x23, 0xc5, 0x23, 0xc5, 0x23, 0xc5, 0x23, 0xc5, 0x23, 0xc5,
    0x23, 0xc5, 0x23, 0xc5, 0x23, 0xc5, 0x23, 0xc5, 0x23, 0xc5, 0x23, 0xc5,
    0x23, 0xc5, 0x23, 0xc5, 0x23, 0xc5, 0x23, 0xc5, 0x23, 0xc5, 0x23, 0xc5,
    0x23, 0xc5, 0x23, 0xc5, 0x23, 0xc5, 0x23, 0xc5, 0x23, 0xc5, 0x23, 0xc5,
    0x23, 0xc5, 0x23, 0xc5, 0x23, 0xc5, 0x23, 0xc5, 0x23, 0xc5, 0x23, 0xc5,
    0x23, 0xc5, 0x23, 0xc5, 0x23, 0xc5, 0x23, 0xc5, 0x0d, 0xd6, 0x3a, 0xef,
    0x9e, 0xf7, 0x9e, 0xf7, 0x9e, 0xf7, 0x9e, 0xf7, 0x9e, 0xf7, 0x9e, 0xf7,
    0x9e, 0xf7, 0x9e, 0xf7, 0x9e, 0xf7, 0x9e, 0xf7, 0x9e, 0xf7, 0x9e, 0xf7,
    0x9e, 0xf7, 0x9e, 0xf7, 0x9e, 0xf7, 0x9e, 0xf7, 0x9e, 0xf7, 0x9e, 0xf7,
    0x9e, 0xf7, 0x9e, 0xf7, 0x9e, 0xf7, 0x9e, 0xf7, 0x9e, 0xf7, 0x9e, 0xf7,
    0x9e, 0xf7, 0x9e, 0xf7, 0x7c, 0xef, 0x91, 0xde, 0xa6, 0xd5, 0x84, 0xcd,
    0x84, 0xcd, 0x84, 0xcd, 0x84, 0xcd, 0x84, 0xcd, 0x84, 0xcd, 0xa4, 0xcd,
    0xa4, 0xcd, 0xa4, 0xcd, 0xa4, 0xd5, 0xa4, 0xd5, 0xa4, 0xd5, 0xa4, 0xd5,
    0xa4, 0xd5, 0xa4, 0xd5, 0xa4, 0xd5, 0xa4, 0xd5, 0xa5, 0xd5, 0xa5, 0xd5,
    0xa5, 0xd5, 0xa5, 0xd5, 0xc5, 0xd5, 0xc5, 0xd5, 0xc5, 0xd5, 0xc5, 0xd5,
    0xc5, 0xd5, 0xc5, 0xd5, 0xc5, 0xd5, 0xc5, 0xd5, 0xc5, 0xd5, 0xc5, 0xd5,
    0xc5, 0xd5, 0xe5, 0xd5, 0xe5, 0xd5, 0xe5, 0xd5, 0xe5, 0xd5, 0xe6, 0xd5,
    0xe6, 0xdd, 0xe6, 0xdd, 0xe6, 0xdd, 0xe6, 0xdd, 0x06, 0xde, 0x06, 0xde,
    0x06, 0xde, 0x06, 0xde, 0x06, 0xde, 0x0a, 0xe6, 0xe5, 0xf9, 0x83, 0xf9,
    0xc3, 0xf9, 0xc4, 0xf9, 0xe4, 0xf9, 0xc4, 0xf9, 0xc3, 0xf9, 0xa3, 0xf9,
    0x63, 0xf9, 0x45, 0xec, 0x27, 0xde, 0x23, 0xc5, 0x23, 0xc5, 0x23, 0xc5,
    0x23, 0xc5, 0x23, 0xc5, 0x23, 0xc5, 0x23, 0xc5, 0x23, 0xc5, 0x23, 0xc5,
    0x23, 0xc5, 0x23, 0xc5, 0x23, 0xc5, 0x23, 0xc5, 0x23, 0xc5, 0x23, 0xc5,
    0x23, 0xc5, 0x23, 0xc5, 0x23, 0xc5, 0x23, 0xc5, 0x23, 0xc5, 0x23, 0xc5,
    0x23, 0xc5, 0x23, 0xc5, 0x23, 0xc5, 0x23, 0xc5, 0x23, 0xc5, 0x23, 0xc5,
    0x23, 0xc5, 0x23, 0xc5, 0x23, 0xc5, 0x23, 0xc5, 0x23, 0xc5, 0x23, 0xc5,
    0x23, 0xc5, 0x23, 0xc5, 0x23, 0xc5, 0x23, 0xc5, 0x23, 0xc5, 0x23, 0xc5,
    0x23, 0xc5, 0x23, 0xc5, 0x23, 0xc5, 0x23, 0xc5, 0x23, 0xc5, 0x23, 0xc5,
    0x23, 0xc5, 0x23, 0xc5, 0x23, 0xc5, 0x23, 0xc5, 0x23, 0xc5, 0x23, 0xc5,
    0x23, 0xc5, 0x23, 0xc5, 0x23, 0xc5, 0x23, 0xc5, 0x23, 0xc5, 0x23, 0xc5,
    0x23, 0xc5, 0x23, 0xc5, 0x0d, 0xd6, 0x3a, 0xef, 0x9e, 0xf7, 0x9e, 0xf7,
    0x9e, 0xf7, 0x9e, 0xf7, 0x9e, 0xf7, 0x9e, 0xf7, 0x9e, 0xf7, 0x9e, 0xf7,
    0x9e, 0xf7, 0x9e, 0xf7, 0x9e, 0xf7, 0x9e, 0xf7, 0x9e, 0xf7, 0x9e, 0xf7,
    0x9e, 0xf7, 0x9e, 0xf7, 0x9e, 0xf7, 0x9e, 0xf7, 0x9e, 0xf7, 0x9e, 0xf7,
    0x9e, 0xf7, 0x9e, 0xf7, 0x9e, 0xf7, 0x9e, 0xf7, 0x9e, 0xf7, 0x9e, 0xf7,
    0x9e, 0xf7, 0x9e, 0xf7, 0x9e, 0xf7, 0x9e, 0xf7, 0x5a, 0xef, 0x4e, 0xde,
    0x84, 0xcd, 0x84, 0xcd, 0x84, 0xcd, 0x84, 0xcd, 0x84, 0xcd, 0xa4, 0xcd,
    0xa4, 0xcd, 0xa4, 0xcd, 0xa4, 0xd5, 0xa4, 0xd5, 0xa4, 0xd5, 0xa4, 0xd5,
    0xa4, 0xd5, 0xa4, 0xd5, 0xa4, 0xd5, 0xa4, 0xd5, 0xa4, 0xd5, 0xa5, 0xd5,
    0xa5, 0xd5, 0xa5, 0xd5, 0xa5, 0xd5, 0xc5, 0xd5, 0xc5, 0xd5, 0xc5, 0xd5,
    0xc5, 0xd5, 0xc5, 0xd5, 0xc5, 0xd5, 0xc5, 0xd5, 0xc5, 0xd5, 0xc5, 0xd5,
    0xc5, 0xd5, 0xc5, 0xd5, 0xe5, 0xd5, 0xe5, 0xd5, 0xe5, 0xd5, 0xe5, 0xd5,
    0xe6, 0xd5, 0xe6, 0xdd, 0xe6, 0xdd, 0xe6, 0xdd, 0x06, 0xde, 0x06, 0xde,
    0x06, 0xde, 0x06, 0xde, 0x06, 0xde, 0x46, 0xec, 0x63, 0xf9, 0xa3, 0xf9,
    0xc3, 0xf9, 0xe4, 0xf9, 0x0d, 0xfc, 0x25, 0xfa, 0xc4, 0xf9, 0xa3, 0xf9,
    0x63, 0xf9, 0xa4, 0xf2, 0x27, 0xde, 0x23, 0xc5, 0x23, 0xc5, 0x23, 0xc5,
    0x23, 0xc5, 0x23, 0xc5, 0x23, 0xc5, 0x23, 0xc5, 0x23, 0xc5, 0x23, 0xc5,
    0x23, 0xc5, 0x23, 0xc5, 0x23, 0xc5, 0x23, 0xc5, 0x23, 0xc5, 0x23, 0xc5,
    0x23, 0xc5, 0x23, 0xc5, 0x23, 0xc5, 0x23, 0xc5, 0x23, 0xc5, 0x23, 0xc5,
    0x23, 0xc5, 0x23, 0xc5, 0x23, 0xc5, 0x23, 0xc5, 0x23, 0xc5, 0x23, 0xc5,
    0x23, 0xc5, 0x23, 0xc5, 0x23, 0xc5, 0x23, 0xc5, 0x23, 0xc5, 0x23, 0xc5,
    0x23, 0xc5, 0x23, 0xc5, 0x23, 0xc5, 0x23, 0xc5, 0x23, 0xc5, 0x23, 0xc5,
    0x23, 0xc5, 0x23, 0xc5, 0x23, 0xc5, 0x23, 0xc5, 0x23, 0xc5, 0x23, 0xc5,
    0x23, 0xc5, 0x23, 0xc5, 0x23, 0xc5, 0x23, 0xc5, 0x23, 0xc5, 0x23, 0xc5,
    0x23, 0xc5, 0x23, 0xc5, 0x23, 0xc5, 0x23, 0xc5, 0x23, 0xc5, 0x23, 0xc5,
    0x0d, 0xd6, 0x3a, 0xef, 0x9e, 0xf7, 0x9e, 0xf7, 0x9e, 0xf7, 0x9e, 0xf7,
    0x9e, 0xf7, 0x9e, 0xf7, 0x9e, 0xf7, 0x9e, 0xf7, 0x9e, 0xf7, 0x9e, 0xf7,
    0x9e, 0xf7, 0x9e, 0xf7, 0x9e, 0xf7, 0x9e, 0xf7, 0x9e, 0xf7, 0x9e, 0xf7,
    0x9e, 0xf7, 0x9e, 0xf7, 0x9e, 0xf7, 0x9e, 0xf7, 0x9e, 0xf7, 0x9e, 0xf7,
    0x9e, 0xf7, 0x9e, 0xf7, 0x9e, 0xf7, 0x9e, 0xf7, 0x9e, 0xf7, 0x9e, 0xf7,
    0x9e, 0xf7, 0x9e, 0xf7, 0x9e, 0xf7, 0x9e, 0xf7, 0x9e, 0xf7, 0x9e, 0xf7,
    0x5a, 0xef, 0x4e, 0xde, 0x84, 0xcd, 0x84, 0xcd, 0x84, 0xcd, 0x84, 0xcd,
    0xa4, 0xcd, 0xa4, 0xcd, 0xa4, 0xd5, 0xa4, 0xd5, 0xa4, 0xd5, 0xa4, 0xd5,
    0xa4, 0xd5, 0xa4, 0xd5, 0xa4, 0xd5, 0xa4, 0xd5, 0xa4, 0xd5, 0xa5, 0xd5,
    0xa5, 0xd5, 0xa5, 0xd5, 0xa5, 0xd5, 0xc5, 0xd5, 0xc5, 0xd5, 0xc5, 0xd5,
    0xc5, 0xd5, 0xc5, 0xd5, 0xc5, 0xd5, 0xc5, 0xd5, 0xc5, 0xd5, 0xc5, 0xd5,
    0xc5, 0xd5, 0xc5, 0xd5, 0xe5, 0xd5, 0xe5, 0xd5, 0xe5, 0xd5, 0xe5, 0xd5,
    0xe5, 0xd5, 0xe6, 0xd5, 0xe6, 0xdd, 0xe6, 0xdd, 0xe6, 0xdd, 0x06, 0xde,
    0x06, 0xde, 0x06, 0xde, 0x06, 0xde, 0xa5, 0xeb, 0x63, 0xf9, 0xa3, 0xf9,
    0xc3, 0xf9, 0xe4, 0xf9, 0x09, 0xfb, 0x04, 0xfa, 0xc4, 0xf9, 0xa3, 0xf9,
    0x63, 0xf9, 0x84, 0xf2, 0x27, 0xde, 0x23, 0xc5, 0x23, 0xc5, 0x23, 0xc5,
    0x23, 0xc5, 0x23, 0xc5, 0x23, 0xc5, 0x23, 0xc5, 0x23, 0xc5, 0x23, 0xc5,
    0x23, 0xc5, 0x23, 0xc5, 0x23, 0xc5, 0x23, 0xc5, 0x23, 0xc5, 0x23, 0xc5,
    0x23, 0xc5, 0x23, 0xc5, 0x23, 0xc5, 0x23, 0xc5, 0x23, 0xc5, 0x23, 0xc5,
    0x23, 0xc5, 0x23, 0xc5, 0x23, 0xc5, 0x23, 0xc5, 0x23, 0xc5, 0x23, 0xc5,
    0x23, 0xc5, 0x23, 0xc5, 0x23, 0xc5, 0x23, 0xc5, 0x23, 0xc5, 0x23, 0xc5,
    0x23, 0xc5, 0x23, 0xc5, 0x23, 0xc5, 0x23, 0xc5, 0x23, 0xc5, 0x23, 0xc5,
    0x23, 0xc5, 0x23, 0xc5, 0x23, 0xc5, 0x23, 0xc5, 0x23, 0xc5, 0x23, 0xc5,
    0x23, 0xc5, 0x23, 0xc5, 0x23, 0xc5, 0x23, 0xc5, 0x23, 0xc5, 0x23, 0xc5,
    0x23, 0xc5, 0x23, 0xc5, 0x23, 0xc5, 0x23, 0xc5, 0x0d, 0xd6, 0x3a, 0xef,
    0x9e, 0xf7, 0x9e, 0xf7, 0x9e, 0xf7, 0x9e, 0xf7, 0x9e, 0xf7, 0x9e, 0xf7,
    0x9e, 0xf7, 0x9e, 0xf7, 0x9e, 0xf7, 0x9e, 0xf7, 0x9e, 0xf7, 0x9e, 0xf7,
    0x9e, 0xf7, 0x9e, 0xf7, 0x9e, 0xf7, 0x9e, 0xf7, 0x9e, 0xf7, 0x9e, 0xf7,
    0x9e, 0xf7, 0x9e, 0xf7, 0x9e, 0xf7, 0x9e, 0xf7, 0x9e, 0xf7, 0x9e, 0xf7,
    0x9e, 0xf7, 0x9e, 0xf7, 0x9e, 0xf7, 0x9e, 0xf7, 0x9e, 0xf7, 0x9e, 0xf7,
    0x9e, 0xf7, 0x9e, 0xf7, 0x9e, 0xf7, 0x9e, 0xf7, 0x9e, 0xf7, 0x9e, 0xf7,
    0x9e, 0xf7, 0x9e, 0xf7, 0x5a, 0xef, 0x4e, 0xde, 0x84, 0xcd, 0x84, 0xcd,
    0xa4, 0xcd, 0xa4, 0xcd, 0xa4, 0xcd, 0xa4, 0xd5, 0xa4, 0xd5, 0xa4, 0xd5,
    0xa4, 0xd5, 0xa4, 0xd5, 0xa4, 0xd5, 0xa4, 0xd5, 0xa4, 0xd5, 0xa4, 0xd5,
    0xa5, 0xd5, 0xa5, 0xd5, 0xa5, 0xd5, 0xa5, 0xd5, 0xc5, 0xd5, 0xc5, 0xd5,
    0xc5, 0xd5, 0xc5, 0xd5, 0xc5, 0xd5, 0xc5, 0xd5, 0xc5, 0xd5, 0xc5, 0xd5,
    0xc5, 0xd5, 0xc5, 0xd5, 0xc5, 0xd5, 0xe5, 0xd5, 0xe5, 0xd5, 0xe5, 0xd5,
    0xe5, 0xd5, 0xe6, 0xd5, 0xe6, 0xdd, 0xe6, 0xdd, 0xe6, 0xdd, 0xe6, 0xdd,
    0x06, 0xde, 0x06, 0xde, 0x06, 0xde, 0xa6, 0xe4, 0x43, 0xf9, 0x83, 0xf9,
    0xa3, 0xf9, 0xc3, 0xf9, 0xc4, 0xf9, 0xc4, 0xf9, 0xa3, 0xf9, 0x83, 0xf9,
    0x63, 0xf9, 0x44, 0xf3, 0x27, 0xde, 0x23, 0xc5, 0x23, 0xc5, 0x23, 0xc5,
    0x23, 0xc5, 0x23, 0xc5, 0x23, 0xc5, 0x23, 0xc5, 0x23, 0xc5, 0x23, 0xc5,
    0x23, 0xc5, 0x23, 0xc5, 0x23, 0xc5, 0x23, 0xc5, 0x23, 0xc5, 0x23, 0xc5,
    0x23, 0xc5, 0x23, 0xc5, 0x23, 0xc5, 0x23, 0xc5, 0x23, 0xc5, 0x23, 0xc5,
    0x23, 0xc5, 0x23, 0xc5, 0x23, 0xc5, 0x23, 0xc5, 0x23, 0xc5, 0x23, 0xc5,
    0x23, 0xc5, 0x23, 0xc5, 0x23, 0xc5, 0x23, 0xc5, 0x23, 0xc5, 0x23, 0xc5,
    0x23, 0xc5, 0x23, 0xc5, 0x23, 0xc5, 0x23, 0xc5, 0x23, 0xc5, 0x23, 0xc5,
    0x23, 0xc5, 0x23, 0xc5, 0x23, 0xc5, 0x23, 0xc5, 0x23, 0xc5, 0x23, 0xc5,
    0x23, 0xc5, 0x23, 0xc5, 0x23, 0xc5, 0x23, 0xc5, 0x23, 0xc5, 0x23, 0xc5,
    0x23, 0xc5, 0x23, 0xc5, 0x0d, 0xd6, 0x3a, 0xef, 0x9e, 0xf7, 0x9e, 0xf7,
    0x9e, 0xf7, 0x9e, 0xf7, 0x9e, 0xf7, 0x9e, 0xf7, 0x9e, 0xf7, 0x9e, 0xf7,
    0x9e, 0xf7, 0x9e, 0xf7, 0x9e, 0xf7, 0x9e, 0xf7, 0x9e, 0xf7, 0x9e, 0xf7,
    0x9e, 0xf7, 0x9e, 0xf7, 0x9e, 0xf7, 0x9e, 0xf7, 0x9e, 0xf7, 0x9e, 0xf7,
    0x9e, 0xf7, 0x9e, 0xf7, 0x9e, 0xf7, 0x9e, 0xf7, 0x9e, 0xf7, 0x9e, 0xf7,
    0x9e, 0xf7, 0x9e, 0xf7, 0x9e, 0xf7, 0x9e, 0xf7, 0x9e, 0xf7, 0x9e, 0xf7,
    0x9e, 0xf7, 0x9e, 0xf7, 0x9e, 0xf7, 0x9e, 0xf7, 0x9e, 0xf7, 0x9e, 0xf7,
    0x9e, 0xf7, 0x9e, 0xf7, 0x9e, 0xf7, 0x9e, 0xf7, 0x5a, 0xef, 0x4e, 0xde,
    0x84, 0xcd, 0xa4, 0xcd, 0xa4, 0xcd, 0xa4, 0xd5, 0xa4, 0xd5, 0xa4, 0xd5,
    0xa4, 0xd5, 0xa4, 0xd5, 0xa4, 0xd5, 0xa4, 0xd5, 0xa4, 0xd5, 0xa4, 0xd5,
    0xa5, 0xd5, 0xa5, 0xd5, 0xa5, 0xd5, 0xa5, 0xd5, 0xc5, 0xd5, 0xc5, 0xd5,
    0xc5, 0xd5, 0xc5, 0xd5, 0xc5, 0xd5, 0xc5, 0xd5, 0xc5, 0xd5, 0xc5, 0xd5,
    0xc5, 0xd5, 0xc5, 0xd5, 0xc5, 0xd5, 0xe5, 0xd5, 0xe5, 0xd5, 0xe5, 0xd5,
    0xe5, 0xd5, 0xe5, 0xd5, 0xe6, 0xd5, 0xe6, 0xdd, 0xe6, 0xdd, 0xe6, 0xdd,
    0x88, 0xbd, 0xf0, 0x5b, 0x0a, 0xa5, 0x06, 0xde, 0xa3, 0xf9, 0x63, 0xf9,
    0x83, 0xf9, 0xa3, 0xf9, 0xa3, 0xf9, 0xa3, 0xf9, 0x83, 0xf9, 0x63, 0xf9,
    0x23, 0xf9, 0xc6, 0xe4, 0x27, 0xde, 0x23, 0xc5, 0x23, 0xc5, 0x23, 0xc5,
    0x23, 0xc5, 0x23, 0xc5, 0x23, 0xc5, 0x23, 0xc5, 0x23, 0xc5, 0x23, 0xc5,
    0x23, 0xc5, 0x23, 0xc5, 0x23, 0xc5, 0x49, 0x84, 0xaf, 0x53, 0x04, 0xbd,
    0x23, 0xc5, 0x23, 0xc5, 0x23, 0xc5, 0x23, 0xc5, 0x23, 0xc5, 0x23, 0xc5,
    0x23, 0xc5, 0x23, 0xc5, 0x23, 0xc5, 0x23, 0xc5, 0x23, 0xc5, 0x23, 0xc5,
    0x23, 0xc5, 0x23, 0xc5, 0x23, 0xc5, 0x23, 0xc5, 0x23, 0xc5, 0x23, 0xc5,
    0x23, 0xc5, 0x23, 0xc5, 0x23, 0xc5, 0x23, 0xc5, 0x23, 0xc5, 0x23, 0xc5,
    0x23, 0xc5, 0x23, 0xc5, 0x23, 0xc5, 0x23, 0xc5, 0x23, 0xc5, 0x23, 0xc5,
    0x23, 0xc5, 0x23, 0xc5, 0x23, 0xc5, 0x23, 0xc5, 0x23, 0xc5, 0x23, 0xc5,
    0x0d, 0xd6, 0x3a, 0xef, 0x9e, 0xf7, 0x9e, 0xf7, 0x9e, 0xf7, 0x9e, 0xf7,
    0x9e, 0xf7, 0x9e, 0xf7, 0x9e, 0xf7, 0x9e, 0xf7, 0x9e, 0xf7, 0x9e, 0xf7,
    0x9e, 0xf7, 0x9e, 0xf7, 0x9e, 0xf7, 0x9e, 0xf7, 0x9e, 0xf7, 0x9e, 0xf7,
    0x9e, 0xf7, 0x9e, 0xf7, 0x9e, 0xf7, 0x9e, 0xf7, 0x9e, 0xf7, 0x9e, 0xf7,
    0x9e, 0xf7, 0x9e, 0xf7, 0x9e, 0xf7, 0x9e, 0xf7, 0x9e, 0xf7, 0x9e, 0xf7,
    0x9e, 0xf7, 0x9e, 0xf7, 0x9e, 0xf7, 0x9e, 0xf7, 0x9e, 0xf7, 0x9e, 0xf7,
    0x9e, 0xf7, 0x9e, 0xf7, 0x9e, 0xf7, 0x9e, 0xf7, 0x9e, 0xf7, 0x9e, 0xf7,
    0x9e, 0xf7, 0x9e, 0xf7, 0x9e, 0xf7, 0x9e, 0xf7, 0x9e, 0xf7, 0x9e, 0xf7,
    0x39, 0xef, 0x0b, 0xd6, 0xa4, 0xcd, 0xa4, 0xcd, 0xa4, 0xd5, 0xa4, 0xd5,
    0xa4, 0xd5, 0xa4, 0xd5, 0xa4, 0xd5, 0xa4, 0xd5, 0xa4, 0xd5, 0xa4, 0xd5,
    0xa4, 0xd5, 0xa5, 0xd5, 0xa5, 0xd5, 0xa5, 0xd5, 0xa5, 0xd5, 0xc5, 0xd5,
    0xc5, 0xd5, 0xc5, 0xd5, 0xc5, 0xd5, 0xc5, 0xd5, 0xc5, 0xd5, 0xc5, 0xd5,
    0xc5, 0xd5, 0xc5, 0xd5, 0xc5, 0xd5, 0xc5, 0xd5, 0xe5, 0xd5, 0xe5, 0xd5,
    0xe5, 0xd5, 0xe5, 0xd5, 0xe5, 0xd5, 0xe6, 0xd5, 0xe6, 0xdd, 0xe6, 0xdd,
    0x53, 0x33, 0x78, 0x02, 0x78, 0x02, 0x0a, 0xa5, 0xa6, 0xe4, 0x23, 0xf9,
    0x63, 0xf9, 0x83, 0xf9, 0x83, 0xf9, 0x83, 0xf9, 0x63, 0xf9, 0x23, 0xf9,
    0x64, 0xeb, 0x27, 0xde, 0x27, 0xde, 0x23, 0xc5, 0x23, 0xc5, 0x23, 0xc5,
    0x23, 0xc5, 0x23, 0xc5, 0x23, 0xc5, 0x23, 0xc5, 0x23, 0xc5, 0x23, 0xc5,
    0x23, 0xc5, 0x23, 0xc5, 0x88, 0x94, 0x78, 0x02, 0x78, 0x02, 0x70, 0x4b,
    0x23, 0xc5, 0x23, 0xc5, 0x23, 0xc5, 0x23, 0xc5, 0x23, 0xc5, 0x23, 0xc5,
    0x23, 0xc5, 0x23, 0xc5, 0x23, 0xc5, 0x23, 0xc5, 0x23, 0xc5, 0x23, 0xc5,
    0x23, 0xc5, 0x23, 0xc5, 0x23, 0xc5, 0x23, 0xc5, 0x23, 0xc5, 0x23, 0xc5,
    0x23, 0xc5, 0x23, 0xc5, 0x23, 0xc5, 0x23, 0xc5, 0x23, 0xc5, 0x23, 0xc5,
    0x23, 0xc5, 0x23, 0xc5, 0x23, 0xc5, 0x23, 0xc5, 0x23, 0xc5, 0x23, 0xc5,
    0x23, 0xc5, 0x23, 0xc5, 0x23, 0xc5, 0x23, 0xc5, 0x0d, 0xd6, 0x3a, 0xef,
    0x9e, 0xf7, 0x9e, 0xf7, 0x9e, 0xf7, 0x9e, 0xf7, 0x9e, 0xf7, 0x9e, 0xf7,
    0x9e, 0xf7, 0x9e, 0xf7, 0x9e, 0xf7, 0x9e, 0xf7, 0x9e, 0xf7, 0x9e, 0xf7,
    0x9e, 0xf7, 0x9e, 0xf7, 0x9e, 0xf7, 0x9e, 0xf7, 0x9e, 0xf7, 0x9e, 0xf7,
    0x9e, 0xf7, 0x9e, 0xf7, 0x9e, 0xf7, 0x9e, 0xf7, 0x9e, 0xf7, 0x9e, 0xf7,
    0x9e, 0xf7, 0x9e, 0xf7, 0x9e, 0xf7, 0x9e, 0xf7, 0x9e, 0xf7, 0x9e, 0xf7,
    0x9e, 0xf7, 0x9e, 0xf7, 0x9e, 0xf7, 0x9e, 0xf7, 0x9e, 0xf7, 0x9e, 0xf7,
    0x9e, 0xf7, 0x9e, 0xf7, 0x9e, 0xf7, 0x9e, 0xf7, 0x9e, 0xf7, 0x9e, 0xf7,
    0x9e, 0xf7, 0x9e, 0xf7, 0x9e, 0xf7, 0x9e, 0xf7, 0x9e, 0xf7, 0x9e, 0xf7,
    0x9e, 0xf7, 0x9e, 0xf7, 0x17, 0xef, 0x0b, 0xd6, 0xa4, 0xd5, 0xa4, 0xd5,
    0xa4, 0xd5, 0xa4, 0xd5, 0xa4, 0xd5, 0xa4, 0xd5, 0xa4, 0xd5, 0xa4, 0xd5,
    0xa4, 0xd5, 0xa5, 0xd5, 0xa5, 0xd5, 0xa5, 0xd5, 0xa5, 0xd5, 0xc5, 0xd5,
    0xc5, 0xd5, 0xc5, 0xd5, 0xc5, 0xd5, 0xc5, 0xd5, 0xc5, 0xd5, 0xc5, 0xd5,
    0xc5, 0xd5, 0xc5, 0xd5, 0xc5, 0xd5, 0xc5, 0xd5, 0xc5, 0xd5, 0xe5, 0xd5,
    0xe5, 0xd5, 0xe5, 0xd5, 0xe5, 0xd5, 0xe6, 0xd5, 0xe6, 0xd5, 0xe6, 0xdd,
    0x78, 0x02, 0x78, 0x02, 0x78, 0x02, 0x53, 0x33, 0x06, 0xde, 0xc5, 0xe4,
    0x83, 0xf9, 0x23, 0xf9, 0x23, 0xf9, 0x23, 0xf9, 0xa3, 0xf9, 0x64, 0xeb,
    0x26, 0xde, 0x27, 0xde, 0x27, 0xde, 0x23, 0xc5, 0x23, 0xc5, 0x23, 0xc5,
    0x23, 0xc5, 0x23, 0xc5, 0x23, 0xc5, 0x23, 0xc5, 0x23, 0xc5, 0x23, 0xc5,
    0x23, 0xc5, 0x23, 0xc5, 0x12, 0x33, 0x78, 0x02, 0x78, 0x02, 0x78, 0x02,
    0x23, 0xc5, 0x23, 0xc5, 0x23, 0xc5, 0x23, 0xc5, 0x23, 0xc5, 0x23, 0xc5,
    0x23, 0xc5, 0x23, 0xc5, 0x23, 0xc5, 0x23, 0xc5, 0x23, 0xc5, 0x23, 0xc5,
    0x23, 0xc5, 0x23, 0xc5, 0x23, 0xc5, 0x23, 0xc5, 0x23, 0xc5, 0x23, 0xc5,
    0x23, 0xc5, 0x23, 0xc5, 0x23, 0xc5, 0x23, 0xc5, 0x23, 0xc5, 0x23, 0xc5,
    0x23, 0xc5, 0x23, 0xc5, 0x23, 0xc5, 0x23, 0xc5, 0x23, 0xc5, 0x23, 0xc5,
    0x23, 0xc5, 0x23, 0xc5, 0x0d, 0xd6, 0x3a, 0xef, 0x9e, 0xf7, 0x9e, 0xf7,
    0x9e, 0xf7, 0x9e, 0xf7, 0x9e, 0xf7, 0x9e, 0xf7, 0x9e, 0xf7, 0x9e, 0xf7,
    0x9e, 0xf7, 0x9e, 0xf7, 0x9e, 0xf7, 0x9e, 0xf7, 0x9e, 0xf7, 0x9e, 0xf7,
    0x9e, 0xf7, 0x9e, 0xf7, 0x9e, 0xf7, 0x9e, 0xf7, 0x9e, 0xf7, 0x9e, 0xf7,
    0x9e, 0xf7, 0x9e, 0xf7, 0x9e, 0xf7, 0x9e, 0xf7, 0x9e, 0xf7, 0x9e, 0xf7,
    0x9e, 0xf7, 0x9e, 0xf7, 0x9e, 0xf7, 0x9e, 0xf7, 0x9e, 0xf7, 0x9e, 0xf7,
    0x9e, 0xf7, 0x9e, 0xf7, 0x9e, 0xf7, 0x9e, 0xf7, 0x9e, 0xf7, 0x9e, 0xf7,
    0x9e, 0xf7, 0x9e, 0xf7, 0x9e, 0xf7, 0x9e, 0xf7, 0x9e, 0xf7, 0x9e, 0xf7,
    0x9e, 0xf7, 0x9e, 0xf7, 0x9e, 0xf7, 0x9e, 0xf7, 0x9e, 0xf7, 0x9e, 0xf7,
    0x9e, 0xf7, 0x9e, 0xf7, 0x9e, 0xf7, 0x9e, 0xf7, 0x17, 0xef, 0x0b, 0xde,
    0xa4, 0xd5, 0xa4, 0xd5, 0xa4, 0xd5, 0xa4, 0xd5, 0xa4, 0xd5, 0xa4, 0xd5,
    0xa4, 0xd5, 0xa4, 0xd5, 0xa5, 0xd5, 0xa5, 0xd5, 0xa5, 0xd5, 0xa5, 0xd5,
    0xc5, 0xd5, 0xc5, 0xd5, 0xc5, 0xd5, 0xc5, 0xd5, 0xc5, 0xd5, 0xc5, 0xd5,
    0xc5, 0xd5, 0xc5, 0xd5, 0xc5, 0xd5, 0xc5, 0xd5, 0xc5, 0xd5, 0xe5, 0xd5,
    0xe5, 0xd5, 0xe5, 0xd5, 0xe5, 0xd5, 0xe5, 0xd5, 0xe6, 0xd5, 0xe6, 0xdd,
    0xb1, 0x53, 0x78, 0x02, 0x78, 0x02, 0xd6, 0x1a, 0x06, 0xde, 0x06, 0xde,
    0x06, 0xde, 0xe5, 0xe4, 0x05, 0xe4, 0xa5, 0xe4, 0x06, 0xde, 0x06, 0xde,
    0x06, 0xde, 0x06, 0xde, 0x26, 0xde, 0x23, 0xc5, 0x23, 0xc5, 0x23, 0xc5,
    0x23, 0xc5, 0x23, 0xc5, 0x23, 0xc5, 0x23, 0xc5, 0x23, 0xc5, 0x23, 0xc5,
    0x23, 0xc5, 0x23, 0xc5, 0xf4, 0x22, 0x78, 0x02, 0x78, 0x02, 0x12, 0x33,
    0x23, 0xc5, 0x23, 0xc5, 0x23, 0xc5, 0x23, 0xc5, 0x23, 0xc5, 0x23, 0xc5,
    0x23, 0xc5, 0x23, 0xc5, 0x23, 0xc5, 0x23, 0xc5, 0x23, 0xc5, 0x23, 0xc5,
    0x23, 0xc5, 0x23, 0xc5, 0x23, 0xc5, 0x23, 0xc5, 0x23, 0xc5, 0x23, 0xc5,
    0x23, 0xc5, 0x23, 0xc5, 0x23, 0xc5, 0x23, 0xc5, 0x23, 0xc5, 0x23, 0xc5,
    0x23, 0xc5, 0x23, 0xc5, 0x23, 0xc5, 0x23, 0xc5, 0x23, 0xc5, 0x23, 0xc5,
    0x0d, 0xd6, 0x3a, 0xef, 0x9e, 0xf7, 0x9e, 0xf7, 0x9e, 0xf7, 0x9e, 0xf7,
    0x9e, 0xf7, 0x9e, 0xf7, 0x9e, 0xf7, 0x9e, 0xf7, 0x9e, 0xf7, 0x9e, 0xf7,
    0x9e, 0xf7, 0x9e, 0xf7, 0x9e, 0xf7, 0x9e, 0xf7, 0x9e, 0xf7, 0x9e, 0xf7,
    0x9e, 0xf7, 0x9e, 0xf7, 0x9e, 0xf7, 0x9e, 0xf7, 0x9e, 0xf7, 0x9e, 0xf7,
    0x9e, 0xf7, 0x9e, 0xf7, 0x9e, 0xf7, 0x9e, 0xf7, 0x9e, 0xf7, 0x9e, 0xf7,
    0x9e, 0xf7, 0x9e, 0xf7, 0x9e, 0xf7, 0x9e, 0xf7, 0x9e, 0xf7, 0x9e, 0xf7,
    0x9e, 0xf7, 0x9e, 0xf7, 0x9e, 0xf7, 0x9e, 0xf7, 0x9e, 0xf7, 0x9e, 0xf7,
    0x9e, 0xf7, 0x9e, 0xf7, 0x9e, 0xf7, 0x9e, 0xf7, 0x9e, 0xf7, 0x9e, 0xf7,
    0x9e, 0xf7, 0x9e, 0xf7, 0x9e, 0xf7, 0x9e, 0xf7, 0x9e, 0xf7, 0x9e, 0xf7,
    0x9e, 0xf7, 0x9e, 0xf7, 0x9e, 0xf7, 0x9e, 0xf7, 0x9e, 0xf7, 0x9e, 0xf7,
    0x17, 0xef, 0x2b, 0xde, 0xa4, 0xd5, 0xa4, 0xd5, 0xa4, 0xd5, 0xa4, 0xd5,
    0xa4, 0xd5, 0xa4, 0xd5, 0xa5, 0xd5, 0xa5, 0xd5, 0xa5, 0xd5, 0xa5, 0xd5,
    0xc5, 0xd5, 0xc5, 0xd5, 0xc5, 0xd5, 0xc5, 0xd5, 0xc5, 0xd5, 0xc5, 0xd5,
    0xc5, 0xd5, 0xc5, 0xd5, 0xc5, 0xd5, 0xc5, 0xd5, 0xc5, 0xd5, 0xc5, 0xd5,
    0xe5, 0xd5, 0xe5, 0xd5, 0xe5, 0xd5, 0xe5, 0xd5, 0xe5, 0xd5, 0xe6, 0xd5,
    0xa7, 0xcd, 0xf0, 0x5b, 0x53, 0x33, 0xcb, 0x94, 0x06, 0xde, 0x06, 0xde,
    0x06, 0xde, 0x06, 0xde, 0x06, 0xde, 0x06, 0xde, 0x06, 0xde, 0x06, 0xde,
    0x06, 0xde, 0x06, 0xde, 0x06, 0xde, 0x23, 0xc5, 0x23, 0xc5, 0x23, 0xc5,
    0x23, 0xc5, 0x23, 0xc5, 0x23, 0xc5, 0x23, 0xc5, 0x23, 0xc5, 0x23, 0xc5,
    0x23, 0xc5, 0x23, 0xc5, 0x49, 0x84, 0x51, 0x3b, 0x70, 0x4b, 0xe5, 0xac,
    0x23, 0xc5, 0x23, 0xc5, 0x23, 0xc5, 0x23, 0xc5, 0x23, 0xc5, 0x23, 0xc5,
    0x23, 0xc5, 0x23, 0xc5, 0x23, 0xc5, 0x23, 0xc5, 0x23, 0xc5, 0x23, 0xc5,
    0x23, 0xc5, 0x23, 0xc5, 0x23, 0xc5, 0x23, 0xc5, 0x23, 0xc5, 0x23, 0xc5,
    0x23, 0xc5, 0x23, 0xc5, 0x23, 0xc5, 0x23, 0xc5, 0x23, 0xc5, 0x23, 0xc5,
    0x23, 0xc5, 0x23, 0xc5, 0x23, 0xc5, 0x23, 0xc5, 0x0d, 0xd6, 0x3a, 0xef,
    0x9e, 0xf7, 0x9e, 0xf7, 0x9e, 0xf7, 0x9e, 0xf7, 0x9e, 0xf7, 0x9e, 0xf7,
    0x9e, 0xf7, 0x9e, 0xf7, 0x9e, 0xf7, 0x9e, 0xf7, 0x9e, 0xf7, 0x9e, 0xf7,
    0x9e, 0xf7, 0x9e, 0xf7, 0x9e, 0xf7, 0x9e, 0xf7, 0x9e, 0xf7, 0x9e, 0xf7,
    0x9e, 0xf7, 0x9e, 0xf7, 0x9e, 0xf7, 0x9e, 0xf7, 0x9e, 0xf7, 0x9e, 0xf7,
    0x9e, 0xf7, 0x9e, 0xf7, 0x9e, 0xf7, 0x9e, 0xf7, 0x9e, 0xf7, 0x9e, 0xf7,
    0x9e, 0xf7, 0x9e, 0xf7, 0x9e, 0xf7, 0x9e, 0xf7, 0x9e, 0xf7, 0x9e, 0xf7,
    0x9e, 0xf7, 0x9e, 0xf7, 0x9e, 0xf7, 0x9e, 0xf7, 0x9e, 0xf7, 0x9e, 0xf7,
    0x9e, 0xf7, 0x9e, 0xf7, 0x9e, 0xf7, 0x9e, 0xf7, 0x9e, 0xf7, 0x9e, 0xf7,
    0x9e, 0xf7, 0x9e, 0xf7, 0x9e, 0xf7, 0x9e, 0xf7, 0x9e, 0xf7, 0x9e, 0xf7,
    0x9e, 0xf7, 0x9e, 0xf7, 0x9e, 0xf7, 0x9e, 0xf7, 0x9e, 0xf7, 0x9e, 0xf7,
    0x9e, 0xf7, 0x9e, 0xf7, 0x17, 0xef, 0x2b, 0xde, 0xa4, 0xd5, 0xa4, 0xd5,
    0xa4, 0xd5, 0xa4, 0xd5, 0xa4, 0xd5, 0xa5, 0xd5, 0xa5, 0xd5, 0xa5, 0xd5,
    0xa5, 0xd5, 0xc5, 0xd5, 0xc5, 0xd5, 0xc5, 0xd5, 0xc5, 0xd5, 0xc5, 0xd5,
    0xc5, 0xd5, 0xc5, 0xd5, 0xc5, 0xd5, 0xc5, 0xd5, 0xc5, 0xd5, 0xc5, 0xd5,
    0xc5, 0xd5, 0xe5, 0xd5, 0xe5, 0xd5, 0xe5, 0xd5, 0xe5, 0xd5, 0xe5, 0xd5,
    0xe6, 0xd5, 0xe6, 0xdd, 0xe6, 0xdd, 0xe6, 0xdd, 0xe6, 0xdd, 0x06, 0xde,
    0x06, 0xde, 0x06, 0xde, 0x06, 0xde, 0x06, 0xde, 0x06, 0xde, 0x06, 0xde,
    0x06, 0xde, 0x06, 0xde, 0x06, 0xde, 0x23, 0xc5, 0x23, 0xc5, 0x23, 0xc5,
    0x23, 0xc5, 0x23, 0xc5, 0x23, 0xc5, 0x23, 0xc5, 0x23, 0xc5, 0x23, 0xc5,
    0x23, 0xc5, 0x23, 0xc5, 0x23, 0xc5, 0x23, 0xc5, 0x23, 0xc5, 0x23, 0xc5,
    0x23, 0xc5, 0x23, 0xc5, 0x23, 0xc5, 0x23, 0xc5, 0x23, 0xc5, 0x23, 0xc5,
    0x23, 0xc5, 0x23, 0xc5, 0x23, 0xc5, 0x23, 0xc5, 0x23, 0xc5, 0x23, 0xc5,
    0x23, 0xc5, 0x23, 0xc5, 0x23, 0xc5, 0x23, 0xc5, 0x23, 0xc5, 0x23, 0xc5,
    0x23, 0xc5, 0x23, 0xc5, 0x23, 0xc5, 0x23, 0xc5, 0x23, 0xc5, 0x23, 0xc5,
    0x23, 0xc5, 0x23, 0xc5, 0xc9, 0xcd, 0x3a, 0xef, 0x9e, 0xf7, 0x9e, 0xf7,
    0x9e, 0xf7, 0x9e, 0xf7, 0x9e, 0xf7, 0x9e, 0xf7, 0x9e, 0xf7, 0x9e, 0xf7,
    0x9e, 0xf7, 0x9e, 0xf7, 0x9e, 0xf7, 0x9e, 0xf7, 0x9e, 0xf7, 0x9e, 0xf7,
    0x9e, 0xf7, 0x9e, 0xf7, 0x9e, 0xf7, 0x9e, 0xf7, 0x9e, 0xf7, 0x9e, 0xf7,
    0x9e, 0xf7, 0x9e, 0xf7, 0x9e, 0xf7, 0x9e, 0xf7, 0x9e, 0xf7, 0x9e, 0xf7,
    0x9e, 0xf7, 0x9e, 0xf7, 0x9e, 0xf7, 0x9e, 0xf7, 0x9e, 0xf7, 0x9e, 0xf7,
    0x9e, 0xf7, 0x9e, 0xf7, 0x9e, 0xf7, 0x9e, 0xf7, 0x9e, 0xf7, 0x9e, 0xf7,
    0x9e, 0xf7, 0x9e, 0xf7, 0x9e, 0xf7, 0x9e, 0xf7, 0x9e, 0xf7, 0x9e, 0xf7,
    0x9e, 0xf7, 0x9e, 0xf7, 0x9e, 0xf7, 0x9e, 0xf7, 0x9e, 0xf7, 0x9e, 0xf7,
    0x9e, 0xf7, 0x9e, 0xf7, 0x9e, 0xf7, 0x9e, 0xf7, 0x9e, 0xf7, 0x9e, 0xf7,
    0x9e, 0xf7, 0x9e, 0xf7, 0x9e, 0xf7, 0x9e, 0xf7, 0x9e, 0xf7, 0x9e, 0xf7,
    0x9e, 0xf7, 0x9e, 0xf7, 0x9e, 0xf7, 0x9e, 0xf7, 0x17, 0xef, 0x2b, 0xde,
    0xa4, 0xd5, 0xa4, 0xd5, 0xa4, 0xd5, 0xa5, 0xd5, 0xa5, 0xd5, 0xa5, 0xd5,
    0xa5, 0xd5, 0xa5, 0xd5, 0xc5, 0xd5, 0xc5, 0xd5, 0xc5, 0xd5, 0xc5, 0xd5,
    0xc5, 0xd5, 0xc5, 0xd5, 0xc5, 0xd5, 0xc5, 0xd5, 0xc5, 0xd5, 0xc5, 0xd5,
    0xc5, 0xd5, 0xe5, 0xd5, 0xe5, 0xd5, 0xe5, 0xd5, 0xe5, 0xd5, 0xe5, 0xd5,
    0xe5, 0xd5, 0xe6, 0xd5, 0xe6, 0xdd, 0xe6, 0xdd, 0xe6, 0xdd, 0xe6, 0xdd,
    0x06, 0xde, 0x06, 0xde, 0x06, 0xde, 0x06, 0xde, 0x06, 0xde, 0x06, 0xde,
    0x06, 0xde, 0x06, 0xde, 0x06, 0xde, 0x23, 0xc5, 0x23, 0xc5, 0x23, 0xc5,
    0x23, 0xc5, 0x23, 0xc5, 0x23, 0xc5, 0x23, 0xc5, 0x23, 0xc5, 0x23, 0xc5,
    0x23, 0xc5, 0x23, 0xc5, 0x23, 0xc5, 0x23, 0xc5, 0x23, 0xc5, 0x23, 0xc5,
    0x23, 0xc5, 0x23, 0xc5, 0x23, 0xc5, 0x23, 0xc5, 0x23, 0xc5, 0x23, 0xc5,
    0x23, 0xc5, 0x23, 0xc5, 0x23, 0xc5, 0x23, 0xc5, 0x23, 0xc5, 0x23, 0xc5,
    0x23, 0xc5, 0x23, 0xc5, 0x23, 0xc5, 0x23, 0xc5, 0x23, 0xc5, 0x23, 0xc5,
    0x23, 0xc5, 0x23, 0xc5, 0x23, 0xc5, 0x23, 0xc5, 0x23, 0xc5, 0x23, 0xc5,
    0xc9, 0xcd, 0xf7, 0xe6, 0x9e, 0xf7, 0x9e, 0xf7, 0x9e, 0xf7, 0x9e, 0xf7,
    0x9e, 0xf7, 0x9e, 0xf7, 0x9e, 0xf7, 0x9e, 0xf7, 0x9e, 0xf7, 0x9e, 0xf7,
    0x9e, 0xf7, 0x9e, 0xf7, 0x9e, 0xf7, 0x9e, 0xf7, 0x9e, 0xf7, 0x9e, 0xf7,
    0x9e, 0xf7, 0x9e, 0xf7, 0x9e, 0xf7, 0x9e, 0xf7, 0x9e, 0xf7, 0x9e, 0xf7,
    0x9e, 0xf7, 0x9e, 0xf7, 0x9e, 0xf7, 0x9e, 0xf7, 0x9e, 0xf7, 0x9e, 0xf7,
    0x9e, 0xf7, 0x9e, 0xf7, 0x9e, 0xf7, 0x9e, 0xf7, 0x9e, 0xf7, 0x9e, 0xf7,
    0x9e, 0xf7, 0x9e, 0xf7, 0x9e, 0xf7, 0x9e, 0xf7, 0x9e, 0xf7, 0x9e, 0xf7,
    0x9e, 0xf7, 0x9e, 0xf7, 0x9e, 0xf7, 0x9e, 0xf7, 0x9e, 0xf7, 0x9e, 0xf7,
    0x9e, 0xf7, 0x9e, 0xf7, 0x9e, 0xf7, 0x9e, 0xf7, 0x9e, 0xf7, 0x9e, 0xf7,
    0x9e, 0xf7, 0x9e, 0xf7, 0x9e, 0xf7, 0x9e, 0xf7, 0x9e, 0xf7, 0x9e, 0xf7,
    0x9e, 0xf7, 0x9e, 0xf7, 0x9e, 0xf7, 0x9e, 0xf7, 0x9e, 0xf7, 0x9e, 0xf7,
    0x9e, 0xf7, 0x9e, 0xf7, 0x9e, 0xf7, 0x9e, 0xf7, 0x9e, 0xf7, 0x9e, 0xf7,
    0x17, 0xef, 0x2b, 0xde, 0xa4, 0xd5, 0xa4, 0xd5, 0xa5, 0xd5, 0xa5, 0xd5,
    0xa5, 0xd5, 0xa5, 0xd5, 0xc5, 0xd5, 0xc5, 0xd5, 0xc5, 0xd5, 0xc5, 0xd5,
    0xc5, 0xd5, 0xc5, 0xd5, 0xc5, 0xd5, 0xc5, 0xd5, 0xc5, 0xd5, 0xc5, 0xd5,
    0xc5, 0xd5, 0xc5, 0xd5, 0xe5, 0xd5, 0xe5, 0xd5, 0xe5, 0xd5, 0xe5, 0xd5,
    0xe5, 0xd5, 0xe5, 0xd5, 0xe6, 0xd5, 0xe6, 0xdd, 0xe6, 0xdd, 0xe6, 0xdd,
    0xe6, 0xdd, 0x06, 0xde, 0x06, 0xde, 0x06, 0xde, 0x06, 0xde, 0x06, 0xde,
    0x06, 0xde, 0x06, 0xde, 0x06, 0xde, 0x23, 0xc5, 0x23, 0xc5, 0x23, 0xc5,
    0x23, 0xc5, 0x23, 0xc5, 0x23, 0xc5, 0x23, 0xc5, 0x23, 0xc5, 0x23, 0xc5,
    0x23, 0xc5, 0x23, 0xc5, 0x23, 0xc5, 0x23, 0xc5, 0x23, 0xc5, 0x23, 0xc5,
    0x23, 0xc5, 0x23, 0xc5, 0x23, 0xc5, 0x23, 0xc5, 0x23, 0xc5, 0x23, 0xc5,
    0x23, 0xc5, 0x23, 0xc5, 0x23, 0xc5, 0x23, 0xc5, 0x23, 0xc5, 0x23, 0xc5,
    0x23, 0xc5, 0x23, 0xc5, 0x23, 0xc5, 0x23, 0xc5, 0x23, 0xc5, 0x23, 0xc5,
    0x23, 0xc5, 0x23, 0xc5, 0x23, 0xc5, 0x23, 0xc5, 0xc9, 0xcd, 0xf7, 0xe6,
    0x9e, 0xf7, 0x9e, 0xf7, 0x9e, 0xf7, 0x9e, 0xf7, 0x9e, 0xf7, 0x9e, 0xf7,
    0x9e, 0xf7, 0x9e, 0xf7, 0x9e, 0xf7, 0x9e, 0xf7, 0x9e, 0xf7, 0x9e, 0xf7,
    0x9e, 0xf7, 0x9e, 0xf7, 0x9e, 0xf7, 0x9e, 0xf7, 0x9e, 0xf7, 0x9e, 0xf7,
    0x9e, 0xf7, 0x9e, 0xf7, 0x9e, 0xf7, 0x9e, 0xf7, 0x9e, 0xf7, 0x9e, 0xf7,
    0x9e, 0xf7, 0x9e, 0xf7, 0x9e, 0xf7, 0x9e, 0xf7, 0x9e, 0xf7, 0x9e, 0xf7,
    0x9e, 0xf7, 0x9e, 0xf7, 0x9e, 0xf7, 0x9e, 0xf7, 0x9e, 0xf7, 0x9e, 0xf7,
    0x9e, 0xf7, 0x9e, 0xf7, 0x9e, 0xf7, 0x9e, 0xf7, 0x9e, 0xf7, 0x9e, 0xf7,
    0x9e, 0xf7, 0x9e, 0xf7, 0x9e, 0xf7, 0x9e, 0xf7, 0x9e, 0xf7, 0x9e, 0xf7,
    0x9e, 0xf7, 0x9e, 0xf7, 0x9e, 0xf7, 0x9e, 0xf7, 0x9e, 0xf7, 0x9e, 0xf7,
    0x9e, 0xf7, 0x9e, 0xf7, 0x9e, 0xf7, 0x9e, 0xf7, 0x9e, 0xf7, 0x9e, 0xf7,
    0x9e, 0xf7, 0x9e, 0xf7, 0x9e, 0xf7, 0x9e, 0xf7, 0x9e, 0xf7, 0x9e, 0xf7,
    0x9e, 0xf7, 0x9e, 0xf7, 0x9e, 0xf7, 0x9e, 0xf7, 0x9e, 0xf7, 0x9e, 0xf7,
    0x9e, 0xf7, 0x9e, 0xf7, 0x17, 0xef, 0x2b, 0xde, 0xa4, 0xd5, 0xa5, 0xd5,
    0xa5, 0xd5, 0xa5, 0xd5, 0xa5, 0xd5, 0xc5, 0xd5, 0xc5, 0xd5, 0xc5, 0xd5,
    0xc5, 0xd5, 0xc5, 0xd5, 0xc5, 0xd5, 0xc5, 0xd5, 0xc5, 0xd5, 0xc5, 0xd5,
    0xc5, 0xd5, 0xc5, 0xd5, 0xc5, 0xd5, 0xe5, 0xd5, 0xe5, 0xd5, 0xe5, 0xd5,
    0xe5, 0xd5, 0xe5, 0xd5, 0xe5, 0xd5, 0xe6, 0xd5, 0xe6, 0xdd, 0xe6, 0xdd,
    0xe6, 0xdd, 0xe6, 0xdd, 0x06, 0xde, 0x06, 0xde, 0x06, 0xde, 0x06, 0xde,
    0x06, 0xde, 0x06, 0xde, 0x06, 0xde, 0x23, 0xc5, 0x23, 0xc5, 0x23, 0xc5,
    0x23, 0xc5, 0x23, 0xc5, 0x23, 0xc5, 0x23, 0xc5, 0x23, 0xc5, 0x23, 0xc5,
    0x23, 0xc5, 0x23, 0xc5, 0x23, 0xc5, 0x23, 0xc5, 0x23, 0xc5, 0x23, 0xc5,
    0x23, 0xc5, 0x23, 0xc5, 0x23, 0xc5, 0x23, 0xc5, 0x23, 0xc5, 0x23, 0xc5,
    0x23, 0xc5, 0x23, 0xc5, 0x23, 0xc5, 0x23, 0xc5, 0x23, 0xc5, 0x23, 0xc5,
    0x23, 0xc5, 0x23, 0xc5, 0x23, 0xc5, 0x23, 0xc5, 0x23, 0xc5, 0x23, 0xc5,
    0x23, 0xc5, 0x23, 0xc5, 0xc9, 0xcd, 0xf7, 0xe6, 0x9e, 0xf7, 0x9e, 0xf7,
    0x9e, 0xf7, 0x9e, 0xf7, 0x9e, 0xf7, 0x9e, 0xf7, 0x9e, 0xf7, 0x9e, 0xf7,
    0x9e, 0xf7, 0x9e, 0xf7, 0x9e, 0xf7, 0x9e, 0xf7, 0x9e, 0xf7, 0x9e, 0xf7,
    0x9e, 0xf7, 0x9e, 0xf7, 0x9e, 0xf7, 0x9e, 0xf7, 0x9e, 0xf7, 0x9e, 0xf7,
    0x9e, 0xf7, 0x9e, 0xf7, 0x9e, 0xf7, 0x9e, 0xf7, 0x9e, 0xf7, 0x9e, 0xf7,
    0x9e, 0xf7, 0x9e, 0xf7, 0x9e, 0xf7, 0x9e, 0xf7, 0x9e, 0xf7, 0x9e, 0xf7,
    0x9e, 0xf7, 0x9e, 0xf7, 0x9e, 0xf7, 0x9e, 0xf7, 0x9e, 0xf7, 0x9e, 0xf7,
    0x9e, 0xf7, 0x9e, 0xf7, 0x9e, 0xf7, 0x9e, 0xf7, 0x9e, 0xf7, 0x9e, 0xf7,
    0x9e, 0xf7, 0x9e, 0xf7, 0x9e, 0xf7, 0x9e, 0xf7, 0x9e, 0xf7, 0x9e, 0xf7,
    0x9e, 0xf7, 0x9e, 0xf7, 0x9e, 0xf7, 0x9e, 0xf7, 0x9e, 0xf7, 0x9e, 0xf7,
    0x9e, 0xf7, 0x9e, 0xf7, 0x9e, 0xf7, 0x9e, 0xf7, 0x9e, 0xf7, 0x9e, 0xf7,
    0x9e, 0xf7, 0x9e, 0xf7, 0x9e, 0xf7, 0x9e, 0xf7, 0x9e, 0xf7, 0x9e, 0xf7,
    0x9e, 0xf7, 0x9e, 0xf7, 0x9e, 0xf7, 0x9e, 0xf7, 0x9e, 0xf7, 0x9e, 0xf7,
    0x9e, 0xf7, 0x9e, 0xf7, 0x9e, 0xf7, 0x9e, 0xf7, 0x17, 0xef, 0x2b, 0xde,
    0xa5, 0xd5, 0xa5, 0xd5, 0xa5, 0xd5, 0xc5, 0xd5, 0xc5, 0xd5, 0xc5, 0xd5,
    0xc5, 0xd5, 0xc5, 0xd5, 0xc5, 0xd5, 0xc5, 0xd5, 0xc5, 0xd5, 0xc5, 0xd5,
    0xc5, 0xd5, 0xc5, 0xd5, 0xc5, 0xd5, 0xc5, 0xd5, 0xe5, 0xd5, 0xe5, 0xd5,
    0xe5, 0xd5, 0xe5, 0xd5, 0xe5, 0xd5, 0xe6, 0xd5, 0xe6, 0xd5, 0xe6, 0xdd,
    0xe6, 0xdd, 0xe6, 0xdd, 0xe6, 0xdd, 0x06, 0xde, 0x06, 0xde, 0x06, 0xde,
    0x06, 0xde, 0x06, 0xde, 0x06, 0xde, 0x23, 0xc5, 0x23, 0xc5, 0x23, 0xc5,
    0x23, 0xc5, 0x23, 0xc5, 0x23, 0xc5, 0x23, 0xc5, 0x23, 0xc5, 0x23, 0xc5,
    0x23, 0xc5, 0x23, 0xc5, 0x23, 0xc5, 0x23, 0xc5, 0x23, 0xc5, 0x23, 0xc5,
    0x23, 0xc5, 0x23, 0xc5, 0x23, 0xc5, 0x23, 0xc5, 0x23, 0xc5, 0x23, 0xc5,
    0x23, 0xc5, 0x23, 0xc5, 0x23, 0xc5, 0x23, 0xc5, 0x23, 0xc5, 0x23, 0xc5,
    0x23, 0xc5, 0x23, 0xc5, 0x23, 0xc5, 0x23, 0xc5, 0x23, 0xc5, 0x23, 0xc5,
    0x86, 0xcd, 0xd5, 0xe6, 0x9e, 0xf7, 0x9e, 0xf7, 0x9e, 0xf7, 0x9e, 0xf7,
    0x9e, 0xf7, 0x9e, 0xf7, 0x9e, 0xf7, 0x9e, 0xf7, 0x9e, 0xf7, 0x9e, 0xf7,
    0x9e, 0xf7, 0x9e, 0xf7, 0x9e, 0xf7, 0x9e, 0xf7, 0x9e, 0xf7, 0x9e, 0xf7,
    0x9e, 0xf7, 0x9e, 0xf7, 0x9e, 0xf7, 0x9e, 0xf7, 0x9e, 0xf7, 0x9e, 0xf7,
    0x9e, 0xf7, 0x9e, 0xf7, 0x9e, 0xf7, 0x9e, 0xf7, 0x9e, 0xf7, 0x9e, 0xf7,
    0x9e, 0xf7, 0x9e, 0xf7, 0x9e, 0xf7, 0x9e, 0xf7, 0x9e, 0xf7, 0x9e, 0xf7,
    0x9e, 0xf7, 0x9e, 0xf7, 0x9e, 0xf7, 0x9e, 0xf7, 0x9e, 0xf7, 0x9e, 0xf7,
    0x9e, 0xf7, 0x9e, 0xf7, 0x9e, 0xf7, 0x9e, 0xf7, 0x9e, 0xf7, 0x9e, 0xf7,
    0x9e, 0xf7, 0x9e, 0xf7, 0x9e, 0xf7, 0x9e, 0xf7, 0x9e, 0xf7, 0x9e, 0xf7,
    0x9e, 0xf7, 0x9e, 0xf7, 0x9e, 0xf7, 0x9e, 0xf7, 0x9e, 0xf7, 0x9e, 0xf7,
    0x9e, 0xf7, 0x9e, 0xf7, 0x9e, 0xf7, 0x9e, 0xf7, 0x9e, 0xf7, 0x9e, 0xf7,
    0x9e, 0xf7, 0x9e, 0xf7, 0x9e, 0xf7, 0x9e, 0xf7, 0x9e, 0xf7, 0x9e, 0xf7,
    0x9e, 0xf7, 0x9e, 0xf7, 0x9e, 0xf7, 0x9e, 0xf7, 0x9e, 0xf7, 0x9e, 0xf7,
    0x9e, 0xf7, 0x9e, 0xf7, 0x9e, 0xf7, 0x9e, 0xf7, 0x9e, 0xf7, 0x9e, 0xf7,
    0x17, 0xef, 0x2b, 0xde, 0xa5, 0xd5, 0xa5, 0xd5, 0xc5, 0xd5, 0xc5, 0xd5,
    0xc5, 0xd5, 0xc5, 0xd5, 0xc5, 0xd5, 0xc5, 0xd5, 0xc5, 0xd5, 0xc5, 0xd5,
    0xc5, 0xd5, 0xc5, 0xd5, 0xc5, 0xd5, 0xc5, 0xd5, 0xc5, 0xd5, 0xe5, 0xd5,
    0xe5, 0xd5, 0xe5, 0xd5, 0xe5, 0xd5, 0xe5, 0xd5, 0xe5, 0xd5, 0xe6, 0xd5,
    0xe6, 0xdd, 0xe6, 0xdd, 0xe6, 0xdd, 0xe6, 0xdd, 0xe6, 0xdd, 0x06, 0xde,
    0x06, 0xde, 0x06, 0xde, 0x06, 0xde, 0x23, 0xc5, 0x23, 0xc5, 0x23, 0xc5,
    0x23, 0xc5, 0x23, 0xc5, 0x23, 0xc5, 0x23, 0xc5, 0x23, 0xc5, 0x23, 0xc5,
    0x23, 0xc5, 0x23, 0xc5, 0x23, 0xc5, 0x23, 0xc5, 0x23, 0xc5, 0x23, 0xc5,
    0x23, 0xc5, 0x23, 0xc5, 0x23, 0xc5, 0x23, 0xc5, 0x23, 0xc5, 0x23, 0xc5,
    0x23, 0xc5, 0x23, 0xc5, 0x23, 0xc5, 0x23, 0xc5, 0x23, 0xc5, 0x23, 0xc5,
    0x23, 0xc5, 0x23, 0xc5, 0x23, 0xc5, 0x23, 0xc5, 0x86, 0xcd, 0xb3, 0xde,
    0x9e, 0xf7, 0x9e, 0xf7, 0x9e, 0xf7, 0x9e, 0xf7, 0x9e, 0xf7, 0x9e, 0xf7,
    0x9e, 0xf7, 0x9e, 0xf7, 0x9e, 0xf7, 0x9e, 0xf7, 0x9e, 0xf7, 0x9e, 0xf7,
    0x9e, 0xf7, 0x9e, 0xf7, 0x9e, 0xf7, 0x9e, 0xf7, 0x9e, 0xf7, 0x9e, 0xf7,
    0x9e, 0xf7, 0x9e, 0xf7, 0x9e, 0xf7, 0x9e, 0xf7, 0x9e, 0xf7, 0x9e, 0xf7,
    0x9e, 0xf7, 0x9e, 0xf7, 0x9e, 0xf7, 0x9e, 0xf7, 0x9e, 0xf7, 0x9e, 0xf7,
    0x9e, 0xf7, 0x9e, 0xf7, 0x9e, 0xf7, 0x9e, 0xf7, 0x9e, 0xf7, 0x9e, 0xf7,
    0x9e, 0xf7, 0x9e, 0xf7, 0x9e, 0xf7, 0x9e, 0xf7, 0x9e, 0xf7, 0x9e, 0xf7,
    0x9e, 0xf7, 0x9e, 0xf7, 0x9e, 0xf7, 0x9e, 0xf7, 0x9e, 0xf7, 0x9e, 0xf7,
    0x9e, 0xf7, 0x9e, 0xf7, 0x9e, 0xf7, 0x9e, 0xf7, 0x9e, 0xf7, 0x9e, 0xf7,
    0x9e, 0xf7, 0x9e, 0xf7, 0x9e, 0xf7, 0x9e, 0xf7, 0x9e, 0xf7, 0x9e, 0xf7,
    0x9e, 0xf7, 0x9e, 0xf7, 0x9e, 0xf7, 0x9e, 0xf7, 0x9e, 0xf7, 0x9e, 0xf7,
    0x9e, 0xf7, 0x9e, 0xf7, 0x9e, 0xf7, 0x9e, 0xf7, 0x9e, 0xf7, 0x9e, 0xf7,
    0x9e, 0xf7, 0x9e, 0xf7, 0x9e, 0xf7, 0x9e, 0xf7, 0x9e, 0xf7, 0x9e, 0xf7,
    0x9e, 0xf7, 0x9e, 0xf7, 0x9e, 0xf7, 0x9e, 0xf7, 0x9e, 0xf7, 0x9e, 0xf7,
    0x9e, 0xf7, 0x9e, 0xf7, 0x17, 0xef, 0x2b, 0xde, 0xa5, 0xd5, 0xc5, 0xd5,
    0xc5, 0xd5, 0xc5, 0xd5, 0xc5, 0xd5, 0xc5, 0xd5, 0xc5, 0xd5, 0xc5, 0xd5,
    0xc5, 0xd5, 0xc5, 0xd5, 0xc5, 0xd5, 0xc5, 0xd5, 0xc5, 0xd5, 0xc5, 0xd5,
    0xe5, 0xd5, 0xe5, 0xd5, 0xe5, 0xd5, 0xe5, 0xd5, 0xe5, 0xd5, 0xe5, 0xd5,
    0xe6, 0xd5, 0xe6, 0xdd, 0xe6, 0xdd, 0xe6, 0xdd, 0xe6, 0xdd, 0xe6, 0xdd,
    0x06, 0xde, 0x06, 0xde, 0x06, 0xde, 0x23, 0xc5, 0x23, 0xc5, 0x23, 0xc5,
    0x23, 0xc5, 0x23, 0xc5, 0x23, 0xc5, 0x23, 0xc5, 0x23, 0xc5, 0x23, 0xc5,
    0x23, 0xc5, 0x23, 0xc5, 0x23, 0xc5, 0x23, 0xc5, 0x23, 0xc5, 0x23, 0xc5,
    0x23, 0xc5, 0x23, 0xc5, 0x23, 0xc5, 0x23, 0xc5, 0x23, 0xc5, 0x23, 0xc5,
    0x23, 0xc5, 0x23, 0xc5, 0x23, 0xc5, 0x23, 0xc5, 0x23, 0xc5, 0x23, 0xc5,
    0x23, 0xc5, 0x23, 0xc5, 0x86, 0xcd, 0xb3, 0xde, 0x9e, 0xf7, 0x9e, 0xf7,
    0x9e, 0xf7, 0x9e, 0xf7, 0x9e, 0xf7, 0x9e, 0xf7, 0x9e, 0xf7, 0x9e, 0xf7,
    0x9e, 0xf7, 0x9e, 0xf7, 0x9e, 0xf7, 0x9e, 0xf7, 0x9e, 0xf7, 0x9e, 0xf7,
    0x9e, 0xf7, 0x9e, 0xf7, 0x9e, 0xf7, 0x9e, 0xf7, 0x9e, 0xf7, 0x9e, 0xf7,
    0x9e, 0xf7, 0x9e, 0xf7, 0x9e, 0xf7, 0x9e, 0xf7, 0x9e, 0xf7, 0x9e, 0xf7,
    0x9e, 0xf7, 0x9e, 0xf7, 0x9e, 0xf7, 0x9e, 0xf7, 0x9e, 0xf7, 0x9e, 0xf7,
    0x9e, 0xf7, 0x9e, 0xf7, 0x9e, 0xf7, 0x9e, 0xf7, 0x9e, 0xf7, 0x9e, 0xf7,
    0x9e, 0xf7, 0x9e, 0xf7, 0x9e, 0xf7, 0x9e, 0xf7, 0x9e, 0xf7, 0x9e, 0xf7,
    0x9e, 0xf7, 0x9e, 0xf7, 0x9e, 0xf7, 0x9e, 0xf7, 0x9e, 0xf7, 0x9e, 0xf7,
    0x9e, 0xf7, 0x9e, 0xf7, 0x9e, 0xf7, 0x9e, 0xf7, 0x9e, 0xf7, 0x9e, 0xf7,
    0x9e, 0xf7, 0x9e, 0xf7, 0x9e, 0xf7, 0x9e, 0xf7, 0x9e, 0xf7, 0x9e, 0xf7,
    0x9e, 0xf7, 0x9e, 0xf7, 0x9e, 0xf7, 0x9e, 0xf7, 0x9e, 0xf7, 0x9e, 0xf7,
    0x9e, 0xf7, 0x9e, 0xf7, 0x9e, 0xf7, 0x9e, 0xf7, 0x9e, 0xf7, 0x9e, 0xf7,
    0x9e, 0xf7, 0x9e, 0xf7, 0x9e, 0xf7, 0x9e, 0xf7, 0x9e, 0xf7, 0x9e, 0xf7,
    0x9e, 0xf7, 0x9e, 0xf7, 0x9e, 0xf7, 0x9e, 0xf7, 0x9e, 0xf7, 0x9e, 0xf7,
    0x9e, 0xf7, 0x9e, 0xf7, 0x9e, 0xf7, 0x9e, 0xf7, 0x17, 0xef, 0x2b, 0xde,
    0xc5, 0xd5, 0xc5, 0xd5, 0xc5, 0xd5, 0xc5, 0xd5, 0xc5, 0xd5, 0xc5, 0xd5,
    0xc5, 0xd5, 0xc5, 0xd5, 0xc5, 0xd5, 0xc5, 0xd5, 0xc5, 0xd5, 0xc5, 0xd5,
    0xc5, 0xd5, 0xe5, 0xd5, 0xe5, 0xd5, 0xe5, 0xd5, 0xe5, 0xd5, 0xe5, 0xd5,
    0xe5, 0xd5, 0xe6, 0xd5, 0xe6, 0xdd, 0xe6, 0xdd, 0xe6, 0xdd, 0xe6, 0xdd,
    0xe6, 0xdd, 0xe6, 0xdd, 0x06, 0xde, 0x23, 0xc5, 0x23, 0xc5, 0x23, 0xc5,
    0x23, 0xc5, 0x23, 0xc5, 0x23, 0xc5, 0x23, 0xc5, 0x23, 0xc5, 0x23, 0xc5,
    0x23, 0xc5, 0x23, 0xc5, 0x23, 0xc5, 0x23, 0xc5, 0x23, 0xc5, 0x23, 0xc5,
    0x23, 0xc5, 0x23, 0xc5, 0x23, 0xc5, 0x23, 0xc5, 0x23, 0xc5, 0x23, 0xc5,
    0x23, 0xc5, 0x23, 0xc5, 0x23, 0xc5, 0x23, 0xc5, 0x23, 0xc5, 0x23, 0xc5,
    0x86, 0xcd, 0xb3, 0xde, 0x9e, 0xf7, 0x9e, 0xf7, 0x9e, 0xf7, 0x9e, 0xf7,
    0x9e, 0xf7, 0x9e, 0xf7, 0x9e, 0xf7, 0x9e, 0xf7, 0x9e, 0xf7, 0x9e, 0xf7,
    0x9e, 0xf7, 0x9e, 0xf7, 0x9e, 0xf7, 0x9e, 0xf7, 0x9e, 0xf7, 0x9e, 0xf7,
    0x9e, 0xf7, 0x9e, 0xf7, 0x9e, 0xf7, 0x9e, 0xf7, 0x9e, 0xf7, 0x9e, 0xf7,
    0x9e, 0xf7, 0x9e, 0xf7, 0x9e, 0xf7, 0x9e, 0xf7, 0x9e, 0xf7, 0x9e, 0xf7,
    0x9e, 0xf7, 0x9e, 0xf7, 0x9e, 0xf7, 0x9e, 0xf7, 0x9e, 0xf7, 0x9e, 0xf7,
    0x9e, 0xf7, 0x9e, 0xf7, 0x9e, 0xf7, 0x9e, 0xf7, 0x9e, 0xf7, 0x9e, 0xf7,
    0x9e, 0xf7, 0x9e, 0xf7, 0x9e, 0xf7, 0x9e, 0xf7, 0x9e, 0xf7, 0x9e, 0xf7,
    0x9e, 0xf7, 0x9e, 0xf7, 0x9e, 0xf7, 0x9e, 0xf7, 0x9e, 0xf7, 0x9e, 0xf7,
    0x9e, 0xf7, 0x9e, 0xf7, 0x9e, 0xf7, 0x9e, 0xf7, 0x9e, 0xf7, 0x9e, 0xf7,
    0x9e, 0xf7, 0x9e, 0xf7, 0x9e, 0xf7, 0x9e, 0xf7, 0x9e, 0xf7, 0x9e, 0xf7,
    0x9e, 0xf7, 0x9e, 0xf7, 0x9e, 0xf7, 0x9e, 0xf7, 0x9e, 0xf7, 0x9e, 0xf7,
    0x9e, 0xf7, 0x9e, 0xf7, 0x9e, 0xf7, 0x9e, 0xf7, 0x9e, 0xf7, 0x9e, 0xf7,
    0x9e, 0xf7, 0x9e, 0xf7, 0x9e, 0xf7, 0x9e, 0xf7, 0x9e, 0xf7, 0x9e, 0xf7,
    0x9e, 0xf7, 0x9e, 0xf7, 0x9e, 0xf7, 0x9e, 0xf7, 0x9e, 0xf7, 0x9e, 0xf7,
    0x9e, 0xf7, 0x9e, 0xf7, 0x9e, 0xf7, 0x9e, 0xf7, 0x9e, 0xf7, 0x9e, 0xf7,
    0x17, 0xef, 0xe8, 0xd5, 0xc5, 0xd5, 0xc5, 0xd5, 0xc5, 0xd5, 0xc5, 0xd5,
    0xc5, 0xd5, 0xc5, 0xd5, 0xc5, 0xd5, 0xc5, 0xd5, 0xc5, 0xd5, 0xc5, 0xd5,
    0xc5, 0xd5, 0xe5, 0xd5, 0xe5, 0xd5, 0xe5, 0xd5, 0xe5, 0xd5, 0xe5, 0xd5,
    0xe5, 0xd5, 0xe5, 0xd5, 0xe6, 0xd5, 0xe6, 0xd5, 0xe6, 0xdd, 0xe6, 0xdd,
    0xe6, 0xdd, 0xe6, 0xdd, 0xe6, 0xdd, 0x23, 0xc5, 0x23, 0xc5, 0x23, 0xc5,
    0x23, 0xc5, 0x23, 0xc5, 0x23, 0xc5, 0x23, 0xc5, 0x23, 0xc5, 0x23, 0xc5,
    0x23, 0xc5, 0x23, 0xc5, 0x23, 0xc5, 0x23, 0xc5, 0x23, 0xc5, 0x23, 0xc5,
    0x23, 0xc5, 0x23, 0xc5, 0x23, 0xc5, 0x23, 0xc5, 0x23, 0xc5, 0x23, 0xc5,
    0x23, 0xc5, 0x23, 0xc5, 0x23, 0xc5, 0x23, 0xc5, 0x86, 0xcd, 0xb3, 0xde,
    0x9e, 0xf7, 0x9e, 0xf7, 0x9e, 0xf7, 0x9e, 0xf7, 0x9e, 0xf7, 0x9e, 0xf7,
    0x9e, 0xf7, 0x9e, 0xf7, 0x9e, 0xf7, 0x9e, 0xf7, 0x9e, 0xf7, 0x9e, 0xf7,
    0x9e, 0xf7, 0x9e, 0xf7, 0x9e, 0xf7, 0x9e, 0xf7, 0x9e, 0xf7, 0x9e, 0xf7,
    0x9e, 0xf7, 0x9e, 0xf7, 0x9e, 0xf7, 0x9e, 0xf7, 0x9e, 0xf7, 0x9e, 0xf7,
    0x9e, 0xf7, 0x9e, 0xf7, 0x9e, 0xf7, 0x9e, 0xf7, 0x9e, 0xf7, 0x9e, 0xf7,
    0x9e, 0xf7, 0x9e, 0xf7, 0x9e, 0xf7, 0x9e, 0xf7, 0x9e, 0xf7, 0x9e, 0xf7,
    0x9e, 0xf7, 0x9e, 0xf7, 0x9e, 0xf7, 0x9e, 0xf7, 0x9e, 0xf7, 0x9e, 0xf7,
    0x9e, 0xf7, 0x9e, 0xf7, 0x9e, 0xf7, 0x9e, 0xf7, 0x9e, 0xf7, 0x9e, 0xf7,
    0x9e, 0xf7, 0x9e, 0xf7, 0x9e, 0xf7, 0x9e, 0xf7, 0x9e, 0xf7, 0x9e, 0xf7,
    0x9e, 0xf7, 0x9e, 0xf7, 0x9e, 0xf7, 0x9e, 0xf7, 0x9e, 0xf7, 0x9e, 0xf7,
    0x9e, 0xf7, 0x9e, 0xf7, 0x9e, 0xf7, 0x9e, 0xf7, 0x9e, 0xf7, 0x9e, 0xf7,
    0x9e, 0xf7, 0x9e, 0xf7, 0x9e, 0xf7, 0x9e, 0xf7, 0x9e, 0xf7, 0x9e, 0xf7,
    0x9e, 0xf7, 0x9e, 0xf7, 0x9e, 0xf7, 0x9e, 0xf7, 0x9e, 0xf7, 0x9e, 0xf7,
    0x9e, 0xf7, 0x9e, 0xf7, 0x9e, 0xf7, 0x9e, 0xf7, 0x9e, 0xf7, 0x9e, 0xf7,
    0x9e, 0xf7, 0x9e, 0xf7, 0x9e, 0xf7, 0x9e, 0xf7, 0x9e, 0xf7, 0x9e, 0xf7,
    0x9e, 0xf7, 0x9e, 0xf7, 0x9e, 0xf7, 0x9e, 0xf7, 0x9e, 0xf7, 0x9e, 0xf7,
    0x9e, 0xf7, 0x9e, 0xf7, 0xd4, 0xe6, 0xe8, 0xd5, 0xc5, 0xd5, 0xc5, 0xd5,
    0xc5, 0xd5, 0xc5, 0xd5, 0xc5, 0xd5, 0xc5, 0xd5, 0xc5, 0xd5, 0xc5, 0xd5,
    0xc5, 0xd5, 0xc5, 0xd5, 0xe5, 0xd5, 0xe5, 0xd5, 0xe5, 0xd5, 0xe5, 0xd5,
    0xe5, 0xd5, 0xe5, 0xd5, 0xe5, 0xd5, 0xe6, 0xd5, 0xe6, 0xd5, 0xe6, 0xdd,
    0xe6, 0xdd, 0xe6, 0xdd, 0xe6, 0xdd, 0x23, 0xc5, 0x23, 0xc5, 0x23, 0xc5,
    0x23, 0xc5, 0x23, 0xc5, 0x23, 0xc5, 0x23, 0xc5, 0x23, 0xc5, 0x23, 0xc5,
    0x23, 0xc5, 0x23, 0xc5, 0x23, 0xc5, 0x23, 0xc5, 0x23, 0xc5, 0x23, 0xc5,
    0x23, 0xc5, 0x23, 0xc5, 0x23, 0xc5, 0x23, 0xc5, 0x23, 0xc5, 0x23, 0xc5,
    0x23, 0xc5, 0x23, 0xc5, 0x86, 0xcd, 0xb3, 0xde, 0x9e, 0xf7, 0x9e, 0xf7,
    0x9e, 0xf7, 0x9e, 0xf7, 0x9e, 0xf7, 0x9e, 0xf7, 0x9e, 0xf7, 0x9e, 0xf7,
    0x9e, 0xf7, 0x9e, 0xf7, 0x9e, 0xf7, 0x9e, 0xf7, 0x9e, 0xf7, 0x9e, 0xf7,
    0x9e, 0xf7, 0x9e, 0xf7, 0x9e, 0xf7, 0x9e, 0xf7, 0x9e, 0xf7, 0x9e, 0xf7,
    0x9e, 0xf7, 0x9e, 0xf7, 0x9e, 0xf7, 0x9e, 0xf7, 0x9e, 0xf7, 0x9e, 0xf7,
    0x9e, 0xf7, 0x9e, 0xf7, 0x9e, 0xf7, 0x9e, 0xf7, 0x9e, 0xf7, 0x9e, 0xf7,
    0x9e, 0xf7, 0x9e, 0xf7, 0x9e, 0xf7, 0x9e, 0xf7, 0x9e, 0xf7, 0x9e, 0xf7,
    0x9e, 0xf7, 0x9e, 0xf7, 0x9e, 0xf7, 0x9e, 0xf7, 0x9e, 0xf7, 0x9e, 0xf7,
    0x9e, 0xf7, 0x9e, 0xf7, 0x9e, 0xf7, 0x9e, 0xf7, 0x9e, 0xf7, 0x9e, 0xf7,
    0x9e, 0xf7, 0x9e, 0xf7, 0x9e, 0xf7, 0x9e, 0xf7, 0x9e, 0xf7, 0x9e, 0xf7,
    0x9e, 0xf7, 0x9e, 0xf7, 0x9e, 0xf7, 0x9e, 0xf7, 0x9e, 0xf7, 0x9e, 0xf7,
    0x9e, 0xf7, 0x9e, 0xf7, 0x9e, 0xf7, 0x9e, 0xf7, 0x9e, 0xf7, 0x9e, 0xf7,
    0x9e, 0xf7, 0x9e, 0xf7, 0x9e, 0xf7, 0x9e, 0xf7, 0x9e, 0xf7, 0x9e, 0xf7,
    0x9e, 0xf7, 0x9e, 0xf7, 0x9e, 0xf7, 0x9e, 0xf7, 0x9e, 0xf7, 0x9e, 0xf7,
    0x9e, 0xf7, 0x9e, 0xf7, 0x9e, 0xf7, 0x9e, 0xf7, 0x9e, 0xf7, 0x9e, 0xf7,
    0x9e, 0xf7, 0x9e, 0xf7, 0x9e, 0xf7, 0x9e, 0xf7, 0x9e, 0xf7, 0x9e, 0xf7,
    0x9e, 0xf7, 0x9e, 0xf7, 0x9e, 0xf7, 0x9e, 0xf7, 0x9e, 0xf7, 0x9e, 0xf7,
    0x9e, 0xf7, 0x9e, 0xf7, 0x9e, 0xf7, 0x9e, 0xf7, 0xd4, 0xe6, 0x08, 0xd6,
    0xc5, 0xd5, 0xc5, 0xd5, 0xc5, 0xd5, 0xc5, 0xd5, 0xc5, 0xd5, 0xc5, 0xd5,
    0xc5, 0xd5, 0xc5, 0xd5, 0xc5, 0xd5, 0xc5, 0xd5, 0xe5, 0xd5, 0xe5, 0xd5,
    0xe5, 0xd5, 0xe5, 0xd5, 0xe5, 0xd5, 0xe5, 0xd5, 0xe5, 0xd5, 0xe6, 0xd5,
    0xe6, 0xd5, 0xe6, 0xdd, 0xe6, 0xdd, 0x23, 0xc5, 0x23, 0xc5, 0x23, 0xc5,
    0x23, 0xc5, 0x23, 0xc5, 0x23, 0xc5, 0x23, 0xc5, 0x23, 0xc5, 0x23, 0xc5,
    0x23, 0xc5, 0x23, 0xc5, 0x23, 0xc5, 0x23, 0xc5, 0x23, 0xc5, 0x23, 0xc5,
    0x23, 0xc5, 0x23, 0xc5, 0x23, 0xc5, 0x23, 0xc5, 0x23, 0xc5, 0x23, 0xc5,
    0x86, 0xcd, 0xb3, 0xde, 0x9e, 0xf7, 0x9e, 0xf7, 0x9e, 0xf7, 0x9e, 0xf7,
    0x9e, 0xf7, 0x9e, 0xf7, 0x9e, 0xf7, 0x9e, 0xf7, 0x9e, 0xf7, 0x9e, 0xf7,
    0x9e, 0xf7, 0x9e, 0xf7, 0x9e, 0xf7, 0x9e, 0xf7, 0x9e, 0xf7, 0x9e, 0xf7,
    0x9e, 0xf7, 0x9e, 0xf7, 0x9e, 0xf7, 0x9e, 0xf7, 0x9e, 0xf7, 0x9e, 0xf7,
    0x9e, 0xf7, 0x9e, 0xf7, 0x9e, 0xf7, 0x9e, 0xf7, 0x9e, 0xf7, 0x9e, 0xf7,
    0x9e, 0xf7, 0x9e, 0xf7, 0x9e, 0xf7, 0x9e, 0xf7, 0x9e, 0xf7, 0x9e, 0xf7,
    0x9e, 0xf7, 0x9e, 0xf7, 0x9e, 0xf7, 0x9e, 0xf7, 0x9e, 0xf7, 0x9e, 0xf7,
    0x9e, 0xf7, 0x9e, 0xf7, 0x9e, 0xf7, 0x9e, 0xf7, 0x9e, 0xf7, 0x9e, 0xf7,
    0x9e, 0xf7, 0x9e, 0xf7, 0x9e, 0xf7, 0x9e, 0xf7, 0x9e, 0xf7, 0x9e, 0xf7,
    0x9e, 0xf7, 0x9e, 0xf7, 0x9e, 0xf7, 0x9e, 0xf7, 0x9e, 0xf7, 0x9e, 0xf7,
    0x9e, 0xf7, 0x9e, 0xf7, 0x9e, 0xf7, 0x9e, 0xf7, 0x9e, 0xf7, 0x9e, 0xf7,
    0x9e, 0xf7, 0x9e, 0xf7, 0x9e, 0xf7, 0x9e, 0xf7, 0x9e, 0xf7, 0x9e, 0xf7,
    0x9e, 0xf7, 0x9e, 0xf7, 0x9e, 0xf7, 0x9e, 0xf7, 0x9e, 0xf7, 0x9e, 0xf7,
    0x9e, 0xf7, 0x9e, 0xf7, 0x9e, 0xf7, 0x9e, 0xf7, 0x9e, 0xf7, 0x9e, 0xf7,
    0x9e, 0xf7, 0x9e, 0xf7, 0x9e, 0xf7, 0x9e, 0xf7, 0x9e, 0xf7, 0x9e, 0xf7,
    0x9e, 0xf7, 0x9e, 0xf7, 0x9e, 0xf7, 0x9e, 0xf7, 0x9e, 0xf7, 0x9e, 0xf7,
    0x9e, 0xf7, 0x9e, 0xf7, 0x9e, 0xf7, 0x9e, 0xf7, 0x9e, 0xf7, 0x9e, 0xf7,
    0x9e, 0xf7, 0x9e, 0xf7, 0x9e, 0xf7, 0x9e, 0xf7, 0x9e, 0xf7, 0x9e, 0xf7,
    0xd4, 0xe6, 0x08, 0xd6, 0xc5, 0xd5, 0xc5, 0xd5, 0xc5, 0xd5, 0xc5, 0xd5,
    0xc5, 0xd5, 0xc5, 0xd5, 0xc5, 0xd5, 0xc5, 0xd5, 0xc5, 0xd5, 0xe5, 0xd5,
    0xe5, 0xd5, 0xe5, 0xd5, 0xe5, 0xd5, 0xe5, 0xd5, 0xe5, 0xd5, 0xe5, 0xd5,
    0xe6, 0xd5, 0xe6, 0xd5, 0xe6, 0xdd, 0x23, 0xc5, 0x23, 0xc5, 0x23, 0xc5,
    0x23, 0xc5, 0x23, 0xc5, 0x23, 0xc5, 0x23, 0xc5, 0x23, 0xc5, 0x23, 0xc5,
    0x23, 0xc5, 0x23, 0xc5, 0x23, 0xc5, 0x23, 0xc5, 0x23, 0xc5, 0x23, 0xc5,
    0x23, 0xc5, 0x23, 0xc5, 0x23, 0xc5, 0x23, 0xc5, 0x86, 0xcd, 0xb3, 0xde,
    0x9e, 0xf7, 0x9e, 0xf7, 0x9e, 0xf7, 0x9e, 0xf7, 0x9e, 0xf7, 0x9e, 0xf7,
    0x9e, 0xf7, 0x9e, 0xf7, 0x9e, 0xf7, 0x9e, 0xf7, 0x9e, 0xf7, 0x9e, 0xf7,
    0x9e, 0xf7, 0x9e, 0xf7, 0x9e, 0xf7, 0x9e, 0xf7, 0x9e, 0xf7, 0x9e, 0xf7,
    0x9e, 0xf7, 0x9e, 0xf7, 0x9e, 0xf7, 0x9e, 0xf7, 0x9e, 0xf7, 0x9e, 0xf7,
    0x9e, 0xf7, 0x9e, 0xf7, 0x9e, 0xf7, 0x9e, 0xf7, 0x9e, 0xf7, 0x9e, 0xf7,
    0x9e, 0xf7, 0x9e, 0xf7, 0x9e, 0xf7, 0x9e, 0xf7, 0x9e, 0xf7, 0x9e, 0xf7,
    0x9e, 0xf7, 0x9e, 0xf7, 0x9e, 0xf7, 0x9e, 0xf7, 0x9e, 0xf7, 0x9e, 0xf7,
    0x9e, 0xf7, 0x9e, 0xf7, 0x9e, 0xf7, 0x9e, 0xf7, 0x9e, 0xf7, 0x9e, 0xf7,
    0x9e, 0xf7, 0x9e, 0xf7, 0x9e, 0xf7, 0x9e, 0xf7, 0x9e, 0xf7, 0x9e, 0xf7,
    0x9e, 0xf7, 0x9e, 0xf7, 0x9e, 0xf7, 0x9e, 0xf7, 0x9e, 0xf7, 0x9e, 0xf7,
    0x9e, 0xf7, 0x9e, 0xf7, 0x9e, 0xf7, 0x9e, 0xf7, 0x9e, 0xf7, 0x9e, 0xf7,
    0x9e, 0xf7, 0x9e, 0xf7, 0x9e, 0xf7, 0x9e, 0xf7, 0x9e, 0xf7, 0x9e, 0xf7,
    0x9e, 0xf7, 0x9e, 0xf7, 0x9e, 0xf7, 0x9e, 0xf7, 0x9e, 0xf7, 0x9e, 0xf7,
    0x9e, 0xf7, 0x9e, 0xf7, 0x9e, 0xf7, 0x9e, 0xf7, 0x9e, 0xf7, 0x9e, 0xf7,
    0x9e, 0xf7, 0x9e, 0xf7, 0x9e, 0xf7, 0x9e, 0xf7, 0x9e, 0xf7, 0x9e, 0xf7,
    0x9e, 0xf7, 0x9e, 0xf7, 0x9e, 0xf7, 0x9e, 0xf7, 0x9e, 0xf7, 0x9e, 0xf7,
    0x9e, 0xf7, 0x9e, 0xf7, 0x9e, 0xf7, 0x9e, 0xf7, 0x9e, 0xf7, 0x9e, 0xf7,
    0x9e, 0xf7, 0x9e, 0xf7, 0x9e, 0xf7, 0x9e, 0xf7, 0x9e, 0xf7, 0x9e, 0xf7,
    0x9e, 0xf7, 0x9e, 0xf7, 0xd4, 0xe6, 0xe6, 0xd5, 0xc5, 0xd5, 0xc5, 0xd5,
    0xc5, 0xd5, 0xc5, 0xd5, 0xc5, 0xd5, 0xc5, 0xd5, 0xc5, 0xd5, 0xc5, 0xd5,
    0xe5, 0xd5, 0xe5, 0xd5, 0xe5, 0xd5, 0xe5, 0xd5, 0xe5, 0xd5, 0xe5, 0xd5,
    0xe5, 0xd5, 0xe5, 0xd5, 0xe6, 0xd5, 0x23, 0xc5, 0x23, 0xc5, 0x23, 0xc5,
    0x23, 0xc5, 0x23, 0xc5, 0x23, 0xc5, 0x23, 0xc5, 0x23, 0xc5, 0x23, 0xc5,
    0x23, 0xc5, 0x23, 0xc5, 0x23, 0xc5, 0x23, 0xc5, 0x23, 0xc5, 0x23, 0xc5,
    0x23, 0xc5, 0x23, 0xc5, 0x86, 0xcd, 0xb3, 0xde, 0x9e, 0xf7, 0x9e, 0xf7,
    0x9e, 0xf7, 0x9e, 0xf7, 0x9e, 0xf7, 0x9e, 0xf7, 0x9e, 0xf7, 0x9e, 0xf7,
    0x9e, 0xf7, 0x9e, 0xf7, 0x9e, 0xf7, 0x9e, 0xf7, 0x9e, 0xf7, 0x9e, 0xf7,
    0x9e, 0xf7, 0x9e, 0xf7, 0x9e, 0xf7, 0x9e, 0xf7, 0x9e, 0xf7, 0x9e, 0xf7,
    0x9e, 0xf7, 0x9e, 0xf7, 0x9e, 0xf7, 0x9e, 0xf7, 0x9e, 0xf7, 0x9e, 0xf7,
    0x9e, 0xf7, 0x9e, 0xf7, 0x9e, 0xf7, 0x9e, 0xf7, 0x9e, 0xf7, 0x9e, 0xf7,
    0x9e, 0xf7, 0x9e, 0xf7, 0x9e, 0xf7, 0x9e, 0xf7, 0x9e, 0xf7, 0x9e, 0xf7,
    0x9e, 0xf7, 0x9e, 0xf7, 0x9e, 0xf7, 0x9e, 0xf7, 0x9e, 0xf7, 0x9e, 0xf7,
    0x9e, 0xf7, 0x9e, 0xf7, 0x9e, 0xf7, 0x9e, 0xf7, 0x9e, 0xf7, 0x9e, 0xf7,
    0x9e, 0xf7, 0x9e, 0xf7, 0x9e, 0xf7, 0x9e, 0xf7, 0x9e, 0xf7, 0x9e, 0xf7,
    0x9e, 0xf7, 0x9e, 0xf7, 0x9e, 0xf7, 0x9e, 0xf7, 0x9e, 0xf7, 0x9e, 0xf7,
    0x9e, 0xf7, 0x9e, 0xf7, 0x9e, 0xf7, 0x9e, 0xf7, 0x9e, 0xf7, 0x9e, 0xf7,
    0x9e, 0xf7, 0x9e, 0xf7, 0x9e, 0xf7, 0x9e, 0xf7, 0x9e, 0xf7, 0x9e, 0xf7,
    0x9e, 0xf7, 0x9e, 0xf7, 0x9e, 0xf7, 0x9e, 0xf7, 0x9e, 0xf7, 0x9e, 0xf7,
    0x9e, 0xf7, 0x9e, 0xf7, 0x9e, 0xf7, 0x9e, 0xf7, 0x9e, 0xf7, 0x9e, 0xf7,
    0x9e, 0xf7, 0x9e, 0xf7, 0x9e, 0xf7, 0x9e, 0xf7, 0x9e, 0xf7, 0x9e, 0xf7,
    0x9e, 0xf7, 0x9e, 0xf7, 0x9e, 0xf7, 0x9e, 0xf7, 0x9e, 0xf7, 0x9e, 0xf7,
    0x9e, 0xf7, 0x9e, 0xf7, 0x9e, 0xf7, 0x9e, 0xf7, 0x9e, 0xf7, 0x9e, 0xf7,
    0x9e, 0xf7, 0x9e, 0xf7, 0x9e, 0xf7, 0x9e, 0xf7, 0x9e, 0xf7, 0x9e, 0xf7,
    0x9e, 0xf7, 0x9e, 0xf7, 0x9e, 0xf7, 0x7c, 0xef, 0xb1, 0xe6, 0xe6, 0xd5,
    0xc5, 0xd5, 0xc5, 0xd5, 0xc5, 0xd5, 0xc5, 0xd5, 0xc5, 0xd5, 0xc5, 0xd5,
    0xc5, 0xd5, 0xe5, 0xd5, 0xe5, 0xd5, 0xe5, 0xd5, 0xe5, 0xd5, 0xe5, 0xd5,
    0xe5, 0xd5, 0xe5, 0xd5, 0xe5, 0xd5, 0x23, 0xc5, 0x23, 0xc5, 0x23, 0xc5,
    0x23, 0xc5, 0x23, 0xc5, 0x23, 0xc5, 0x23, 0xc5, 0x23, 0xc5, 0x23, 0xc5,
    0x23, 0xc5, 0x23, 0xc5, 0x23, 0xc5, 0x23, 0xc5, 0x23, 0xc5, 0x23, 0xc5,
    0x86, 0xcd, 0xb3, 0xde, 0x9e, 0xf7, 0x9e, 0xf7, 0x9e, 0xf7, 0x9e, 0xf7,
    0x9e, 0xf7, 0x9e, 0xf7, 0x9e, 0xf7, 0x9e, 0xf7, 0x9e, 0xf7, 0x9e, 0xf7,
    0x9e, 0xf7, 0x9e, 0xf7, 0x9e, 0xf7, 0x9e, 0xf7, 0x9e, 0xf7, 0x9e, 0xf7,
    0x9e, 0xf7, 0x9e, 0xf7, 0x9e, 0xf7, 0x9e, 0xf7, 0x9e, 0xf7, 0x9e, 0xf7,
    0x9e, 0xf7, 0x9e, 0xf7, 0x9e, 0xf7, 0x9e, 0xf7, 0x9e, 0xf7, 0x9e, 0xf7,
    0x9e, 0xf7, 0x9e, 0xf7, 0x9e, 0xf7, 0x9e, 0xf7, 0x9e, 0xf7, 0x9e, 0xf7,
    0x9e, 0xf7, 0x9e, 0xf7, 0x9e, 0xf7, 0x9e, 0xf7, 0x9e, 0xf7, 0x9e, 0xf7,
    0x9e, 0xf7, 0x9e, 0xf7, 0x9e, 0xf7, 0x9e, 0xf7, 0x9e, 0xf7, 0x9e, 0xf7,
    0x9e, 0xf7, 0x9e, 0xf7, 0x9e, 0xf7, 0x9e, 0xf7, 0x9e, 0xf7, 0x9e, 0xf7,
    0x9e, 0xf7, 0x9e, 0xf7, 0x9e, 0xf7, 0x9e, 0xf7, 0x9e, 0xf7, 0x9e, 0xf7,
    0x9e, 0xf7, 0x9e, 0xf7, 0x9e, 0xf7, 0x9e, 0xf7, 0x9e, 0xf7, 0x9e, 0xf7,
    0x9e, 0xf7, 0x9e, 0xf7, 0x9e, 0xf7, 0x9e, 0xf7, 0x9e, 0xf7, 0x9e, 0xf7,
    0x9e, 0xf7, 0x9e, 0xf7, 0x9e, 0xf7, 0x9e, 0xf7, 0x9e, 0xf7, 0x9e, 0xf7,
    0x9e, 0xf7, 0x9e, 0xf7, 0x9e, 0xf7, 0x9e, 0xf7, 0x9e, 0xf7, 0x9e, 0xf7,
    0x9e, 0xf7, 0x9e, 0xf7, 0x9e, 0xf7, 0x9e, 0xf7, 0x9e, 0xf7, 0x9e, 0xf7,
    0x9e, 0xf7, 0x9e, 0xf7, 0x9e, 0xf7, 0x9e, 0xf7, 0x9e, 0xf7, 0x9e, 0xf7,
    0x9e, 0xf7, 0x9e, 0xf7, 0x9e, 0xf7, 0x9e, 0xf7, 0x9e, 0xf7, 0x9e, 0xf7,
    0x9e, 0xf7, 0x9e, 0xf7, 0x9e, 0xf7, 0x9e, 0xf7, 0x9e, 0xf7, 0x9e, 0xf7,
    0x9e, 0xf7, 0x9e, 0xf7, 0x9e, 0xf7, 0x9e, 0xf7, 0x9e, 0xf7, 0x9e, 0xf7,
    0x9e, 0xf7, 0x9e, 0xf7, 0x9e, 0xf7, 0x9e, 0xf7, 0x9e, 0xf7, 0x7c, 0xef,
    0xb1, 0xe6, 0xe6, 0xd5, 0xc5, 0xd5, 0xc5, 0xd5, 0xc5, 0xd5, 0xc5, 0xd5,
    0xc5, 0xd5, 0xc5, 0xd5, 0xe5, 0xd5, 0xe5, 0xd5, 0xe5, 0xd5, 0xe5, 0xd5,
    0xe5, 0xd5, 0xe5, 0xd5, 0xe5, 0xd5, 0x23, 0xc5, 0x23, 0xc5, 0x23, 0xc5,
    0x23, 0xc5, 0x23, 0xc5, 0x23, 0xc5, 0x23, 0xc5, 0x23, 0xc5, 0x23, 0xc5,
    0x23, 0xc5, 0x23, 0xc5, 0x23, 0xc5, 0x23, 0xc5, 0x86, 0xcd, 0xb3, 0xde,
    0x9e, 0xf7, 0x9e, 0xf7, 0x9e, 0xf7, 0x9e, 0xf7, 0x9e, 0xf7, 0x9e, 0xf7,
    0x9e, 0xf7, 0x9e, 0xf7, 0x9e, 0xf7, 0x9e, 0xf7, 0x9e, 0xf7, 0x9e, 0xf7,
    0x9e, 0xf7, 0x9e, 0xf7, 0x9e, 0xf7, 0x9e, 0xf7, 0x9e, 0xf7, 0x9e, 0xf7,
    0x9e, 0xf7, 0x9e, 0xf7, 0x9e, 0xf7, 0x9e, 0xf7, 0x9e, 0xf7, 0x9e, 0xf7,
    0x9e, 0xf7, 0x9e, 0xf7, 0x9e, 0xf7, 0x9e, 0xf7, 0x9e, 0xf7, 0x9e, 0xf7,
    0x9e, 0xf7, 0x9e, 0xf7, 0x9e, 0xf7, 0x9e, 0xf7, 0x9e, 0xf7, 0x9e, 0xf7,
    0x9e, 0xf7, 0x9e, 0xf7, 0x9e, 0xf7, 0x9e, 0xf7, 0x9e, 0xf7, 0x9e, 0xf7,
    0x9e, 0xf7, 0x9e, 0xf7, 0x9e, 0xf7, 0x9e, 0xf7, 0x9e, 0xf7, 0x9e, 0xf7,
    0x9e, 0xf7, 0x9e, 0xf7, 0x9e, 0xf7, 0x9e, 0xf7, 0x9e, 0xf7, 0x9e, 0xf7,
    0x9e, 0xf7, 0x9e, 0xf7, 0x9e, 0xf7, 0x9e, 0xf7, 0x9e, 0xf7, 0x9e, 0xf7,
    0x9e, 0xf7, 0x9e, 0xf7, 0x9e, 0xf7, 0x9e, 0xf7, 0x9e, 0xf7, 0x9e, 0xf7,
    0x9e, 0xf7, 0x9e, 0xf7, 0x9e, 0xf7, 0x9e, 0xf7, 0x9e, 0xf7, 0x9e, 0xf7,
    0x9e, 0xf7, 0x9e, 0xf7, 0x9e, 0xf7, 0x9e, 0xf7, 0x9e, 0xf7, 0x9e, 0xf7,
    0x9e, 0xf7, 0x9e, 0xf7, 0x9e, 0xf7, 0x9e, 0xf7, 0x9e, 0xf7, 0x9e, 0xf7,
    0x9e, 0xf7, 0x9e, 0xf7, 0x9e, 0xf7, 0x9e, 0xf7, 0x9e, 0xf7, 0x9e, 0xf7,
    0x9e, 0xf7, 0x9e, 0xf7, 0x9e, 0xf7, 0x9e, 0xf7, 0x9e, 0xf7, 0x9e, 0xf7,
    0x9e, 0xf7, 0x9e, 0xf7, 0x9e, 0xf7, 0x9e, 0xf7, 0x9e, 0xf7, 0x9e, 0xf7,
    0x9e, 0xf7, 0x9e, 0xf7, 0x9e, 0xf7, 0x9e, 0xf7, 0x9e, 0xf7, 0x9e, 0xf7,
    0x9e, 0xf7, 0x9e, 0xf7, 0x9e, 0xf7, 0x9e, 0xf7, 0x9e, 0xf7, 0x9e, 0xf7,
    0x9e, 0xf7, 0x9e, 0xf7, 0x9e, 0xf7, 0x9e, 0xf7, 0x9e, 0xf7, 0x9e, 0xf7,
    0x9e, 0xf7, 0x7c, 0xef, 0xb1, 0xe6, 0xe7, 0xd5, 0xc5, 0xd5, 0xc5, 0xd5,
    0xc5, 0xd5, 0xc5, 0xd5, 0xc5, 0xd5, 0xc5, 0xd5, 0xe5, 0xd5, 0xe5, 0xd5,
    0xe5, 0xd5, 0xe5, 0xd5, 0xe5, 0xd5, 0x23, 0xc5, 0x23, 0xc5, 0x23, 0xc5,
    0x23, 0xc5, 0x23, 0xc5, 0x23, 0xc5, 0x23, 0xc5, 0x23, 0xc5, 0x23, 0xc5,
    0x23, 0xc5, 0x23, 0xc5, 0x86, 0xcd, 0xb3, 0xde, 0x9e, 0xf7, 0x9e, 0xf7,
    0x9e, 0xf7, 0x9e, 0xf7, 0x9e, 0xf7, 0x9e, 0xf7, 0x9e, 0xf7, 0x9e, 0xf7,
    0x9e, 0xf7, 0x9e, 0xf7, 0x9e, 0xf7, 0x9e, 0xf7, 0x9e, 0xf7, 0x9e, 0xf7,
    0x9e, 0xf7, 0x9e, 0xf7, 0x9e, 0xf7, 0x9e, 0xf7, 0x9e, 0xf7, 0x9e, 0xf7,
    0x9e, 0xf7, 0x9e, 0xf7, 0x9e, 0xf7, 0x9e, 0xf7, 0x9e, 0xf7, 0x9e, 0xf7,
    0x9e, 0xf7, 0x9e, 0xf7, 0x9e, 0xf7, 0x9e, 0xf7, 0x9e, 0xf7, 0x9e, 0xf7,
    0x9e, 0xf7, 0x9e, 0xf7, 0x9e, 0xf7, 0x9e, 0xf7, 0x9e, 0xf7, 0x9e, 0xf7,
    0x9e, 0xf7, 0x9e, 0xf7, 0x9e, 0xf7, 0x9e, 0xf7, 0x9e, 0xf7, 0x9e, 0xf7,
    0x9e, 0xf7, 0x9e, 0xf7, 0x9e, 0xf7, 0x9e, 0xf7, 0x9e, 0xf7, 0x9e, 0xf7,
    0x9e, 0xf7, 0x9e, 0xf7, 0x9e, 0xf7, 0x9e, 0xf7, 0x9e, 0xf7, 0x9e, 0xf7,
    0x9e, 0xf7, 0x9e, 0xf7, 0x9e, 0xf7, 0x9e, 0xf7, 0x9e, 0xf7, 0x9e, 0xf7,
    0x9e, 0xf7, 0x9e, 0xf7, 0x9e, 0xf7, 0x9e, 0xf7, 0x9e, 0xf7, 0x9e, 0xf7,
    0x9e, 0xf7, 0x9e, 0xf7, 0x9e, 0xf7, 0x9e, 0xf7, 0x9e, 0xf7, 0x9e, 0xf7,
    0x9e, 0xf7, 0x9e, 0xf7, 0x9e, 0xf7, 0x9e, 0xf7, 0x9e, 0xf7, 0x9e, 0xf7,
    0x9e, 0xf7, 0x9e, 0xf7, 0x9e, 0xf7, 0x9e, 0xf7, 0x9e, 0xf7, 0x9e, 0xf7,
    0x9e, 0xf7, 0x9e, 0xf7, 0x9e, 0xf7, 0x9e, 0xf7, 0x9e, 0xf7, 0x9e, 0xf7,
    0x9e, 0xf7, 0x9e, 0xf7, 0x9e, 0xf7, 0x9e, 0xf7, 0x9e, 0xf7, 0x9e, 0xf7,
    0x9e, 0xf7, 0x9e, 0xf7, 0x9e, 0xf7, 0x9e, 0xf7, 0x9e, 0xf7, 0x9e, 0xf7,
    0x9e, 0xf7, 0x9e, 0xf7, 0x9e, 0xf7, 0x9e, 0xf7, 0x9e, 0xf7, 0x9e, 0xf7,
    0x9e, 0xf7, 0x9e, 0xf7, 0x9e, 0xf7, 0x9e, 0xf7, 0x9e, 0xf7, 0x9e, 0xf7,
    0x9e, 0xf7, 0x9e, 0xf7, 0x9e, 0xf7, 0x9e, 0xf7, 0x9e, 0xf7, 0x9e, 0xf7,
    0x9e, 0xf7, 0x9e, 0xf7, 0x9e, 0xf7, 0x7c, 0xef, 0xb1, 0xe6, 0xe7, 0xd5,
    0xc5, 0xd5, 0xc5, 0xd5, 0xc5, 0xd5, 0xc5, 0xd5, 0xc5, 0xd5, 0xe5, 0xd5,
    0xe5, 0xd5, 0xe5, 0xd5, 0xe5, 0xd5, 0x23, 0xc5, 0x23, 0xc5, 0x23, 0xc5,
    0x23, 0xc5, 0x23, 0xc5, 0x23, 0xc5, 0x23, 0xc5, 0x23, 0xc5, 0x23, 0xc5,
    0x86, 0xcd, 0xb3, 0xde, 0x9e, 0xf7, 0x9e, 0xf7, 0x9e, 0xf7, 0x9e, 0xf7,
    0x9e, 0xf7, 0x9e, 0xf7, 0x9e, 0xf7, 0x9e, 0xf7, 0x9e, 0xf7, 0x9e, 0xf7,
    0x9e, 0xf7, 0x9e, 0xf7, 0x9e, 0xf7, 0x9e, 0xf7, 0x9e, 0xf7, 0x9e, 0xf7,
    0x9e, 0xf7, 0x9e, 0xf7, 0x9e, 0xf7, 0x9e, 0xf7, 0x9e, 0xf7, 0x9e, 0xf7,
    0x9e, 0xf7, 0x9e, 0xf7, 0x9e, 0xf7, 0x9e, 0xf7, 0x9e, 0xf7, 0x9e, 0xf7,
    0x9e, 0xf7, 0x9e, 0xf7, 0x9e, 0xf7, 0x9e, 0xf7, 0x9e, 0xf7, 0x9e, 0xf7,
    0x9e, 0xf7, 0x9e, 0xf7, 0x9e, 0xf7, 0x9e, 0xf7, 0x9e, 0xf7, 0x9e, 0xf7,
    0x9e, 0xf7, 0x9e, 0xf7, 0x9e, 0xf7, 0x9e, 0xf7, 0x9e, 0xf7, 0x9e, 0xf7,
    0x9e, 0xf7, 0x9e, 0xf7, 0x9e, 0xf7, 0x9e, 0xf7, 0x9e, 0xf7, 0x9e, 0xf7,
    0x9e, 0xf7, 0x9e, 0xf7, 0x9e, 0xf7, 0x9e, 0xf7, 0x9e, 0xf7, 0x9e, 0xf7,
    0x9e, 0xf7, 0x9e, 0xf7, 0x9e, 0xf7, 0x9e, 0xf7, 0x9e, 0xf7, 0x9e, 0xf7,
    0x9e, 0xf7, 0x9e, 0xf7, 0x9e, 0xf7, 0x9e, 0xf7, 0x9e, 0xf7, 0x9e, 0xf7,
    0x9e, 0xf7, 0x9e, 0xf7, 0x9e, 0xf7, 0x9e, 0xf7, 0x9e, 0xf7, 0x9e, 0xf7,
    0x9e, 0xf7, 0x9e, 0xf7, 0x9e, 0xf7, 0x9e, 0xf7, 0x9e, 0xf7, 0x9e, 0xf7,
    0x9e, 0xf7, 0x9e, 0xf7, 0x9e, 0xf7, 0x9e, 0xf7, 0x9e, 0xf7, 0x9e, 0xf7,
    0x9e, 0xf7, 0x9e, 0xf7, 0x9e, 0xf7, 0x9e, 0xf7, 0x9e, 0xf7, 0x9e, 0xf7,
    0x9e, 0xf7, 0x9e, 0xf7, 0x9e, 0xf7, 0x9e, 0xf7, 0x9e, 0xf7, 0x9e, 0xf7,
    0x9e, 0xf7, 0x9e, 0xf7, 0x9e, 0xf7, 0x9e, 0xf7, 0x9e, 0xf7, 0x9e, 0xf7,
    0x9e, 0xf7, 0x9e, 0xf7, 0x9e, 0xf7, 0x9e, 0xf7, 0x9e, 0xf7, 0x9e, 0xf7,
    0x9e, 0xf7, 0x9e, 0xf7, 0x9e, 0xf7, 0x9e, 0xf7, 0x9e, 0xf7, 0x9e, 0xf7,
    0x9e, 0xf7, 0x9e, 0xf7, 0x9e, 0xf7, 0x9e, 0xf7, 0x9e, 0xf7, 0x9e, 0xf7,
    0x9e, 0xf7, 0x9e, 0xf7, 0x9e, 0xf7, 0x9e, 0xf7, 0x9e, 0xf7, 0x7c, 0xef,
    0xb1, 0xe6, 0xe7, 0xd5, 0xc5, 0xd5, 0xc5, 0xd5, 0xc5, 0xd5, 0xc5, 0xd5,
    0xc5, 0xd5, 0xe5, 0xd5, 0xe5, 0xd5, 0x23, 0xc5, 0x23, 0xc5, 0x23, 0xc5,
    0x23, 0xc5, 0x23, 0xc5, 0x23, 0xc5, 0x23, 0xc5, 0x86, 0xcd, 0x50, 0xde,
    0x3a, 0xef, 0x9e, 0xf7, 0x9e, 0xf7, 0x9e, 0xf7, 0x9e, 0xf7, 0x9e, 0xf7,
    0x9e, 0xf7, 0x9e, 0xf7, 0x9e, 0xf7, 0x9e, 0xf7, 0x9e, 0xf7, 0x9e, 0xf7,
    0x9e, 0xf7, 0x9e, 0xf7, 0x9e, 0xf7, 0x9e, 0xf7, 0x9e, 0xf7, 0x9e, 0xf7,
    0x9e, 0xf7, 0x9e, 0xf7, 0x9e, 0xf7, 0x9e, 0xf7, 0x9e, 0xf7, 0x9e, 0xf7,
    0x9e, 0xf7, 0x9e, 0xf7, 0x9e, 0xf7, 0x9e, 0xf7, 0x9e, 0xf7, 0x9e, 0xf7,
    0x9e, 0xf7, 0x9e, 0xf7, 0x9e, 0xf7, 0x9e, 0xf7, 0x9e, 0xf7, 0x9e, 0xf7,
    0x9e, 0xf7, 0x9e, 0xf7, 0x9e, 0xf7, 0x9e, 0xf7, 0x9e, 0xf7, 0x9e, 0xf7,
    0x9e, 0xf7, 0x9e, 0xf7, 0x9e, 0xf7, 0x9e, 0xf7, 0x9e, 0xf7, 0x9e, 0xf7,
    0x9e, 0xf7, 0x9e, 0xf7, 0x9e, 0xf7, 0x9e, 0xf7, 0x9e, 0xf7, 0x9e, 0xf7,
    0x9e, 0xf7, 0x9e, 0xf7, 0x9e, 0xf7, 0x9e, 0xf7, 0x9e, 0xf7, 0x9e, 0xf7,
    0x9e, 0xf7, 0x9e, 0xf7, 0x9e, 0xf7, 0x9e, 0xf7, 0x9e, 0xf7, 0x9e, 0xf7,
    0x9e, 0xf7, 0x9e, 0xf7, 0x9e, 0xf7, 0x9e, 0xf7, 0x9e, 0xf7, 0x9e, 0xf7,
    0x9e, 0xf7, 0x9e, 0xf7, 0x9e, 0xf7, 0x9e, 0xf7, 0x9e, 0xf7, 0x9e, 0xf7,
    0x9e, 0xf7, 0x9e, 0xf7, 0x9e, 0xf7, 0x9e, 0xf7, 0x9e, 0xf7, 0x9e, 0xf7,
    0x9e, 0xf7, 0x9e, 0xf7, 0x9e, 0xf7, 0x9e, 0xf7, 0x9e, 0xf7, 0x9e, 0xf7,
    0x9e, 0xf7, 0x9e, 0xf7, 0x9e, 0xf7, 0x9e, 0xf7, 0x9e, 0xf7, 0x9e, 0xf7,
    0x9e, 0xf7, 0x9e, 0xf7, 0x9e, 0xf7, 0x9e, 0xf7, 0x9e, 0xf7, 0x9e, 0xf7,
    0x9e, 0xf7, 0x9e, 0xf7, 0x9e, 0xf7, 0x9e, 0xf7, 0x9e, 0xf7, 0x9e, 0xf7,
    0x9e, 0xf7, 0x9e, 0xf7, 0x9e, 0xf7, 0x9e, 0xf7, 0x9e, 0xf7, 0x9e, 0xf7,
    0x9e, 0xf7, 0x9e, 0xf7, 0x9e, 0xf7, 0x9e, 0xf7, 0x9e, 0xf7, 0x9e, 0xf7,
    0x9e, 0xf7, 0x9e, 0xf7, 0x9e, 0xf7, 0x9e, 0xf7, 0x9e, 0xf7, 0x9e, 0xf7,
    0x9e, 0xf7, 0x9e, 0xf7, 0x9e, 0xf7, 0x9e, 0xf7, 0x9e, 0xf7, 0x9e, 0xf7,
    0x9e, 0xf7, 0x7c, 0xef, 0xb1, 0xe6, 0xe7, 0xd5, 0xc5, 0xd5, 0xc5, 0xd5,
    0xc5, 0xd5, 0xc5, 0xd5, 0xc5, 0xd5, 0x23, 0xc5, 0x23, 0xc5, 0x23, 0xc5,
    0x23, 0xc5, 0x23, 0xc5, 0x86, 0xcd, 0x50, 0xde, 0x3a, 0xef, 0x9e, 0xf7,
    0x9e, 0xf7, 0x9e, 0xf7, 0x9e, 0xf7, 0x9e, 0xf7, 0x9e, 0xf7, 0x9e, 0xf7,
    0x9e, 0xf7, 0x9e, 0xf7, 0x9e, 0xf7, 0x9e, 0xf7, 0x9e, 0xf7, 0x9e, 0xf7,
    0x9e, 0xf7, 0x9e, 0xf7, 0x9e, 0xf7, 0x9e, 0xf7, 0x9e, 0xf7, 0x9e, 0xf7,
    0x9e, 0xf7, 0x9e, 0xf7, 0x9e, 0xf7, 0x9e, 0xf7, 0x9e, 0xf7, 0x9e, 0xf7,
    0x9e, 0xf7, 0x9e, 0xf7, 0x9e, 0xf7, 0x9e, 0xf7, 0x9e, 0xf7, 0x9e, 0xf7,
    0x9e, 0xf7, 0x9e, 0xf7, 0x9e, 0xf7, 0x9e, 0xf7, 0x9e, 0xf7, 0x9e, 0xf7,
    0x9e, 0xf7, 0x9e, 0xf7, 0x9e, 0xf7, 0x9e, 0xf7, 0x9e, 0xf7, 0x9e, 0xf7,
    0x9e, 0xf7, 0x9e, 0xf7, 0x9e, 0xf7, 0x9e, 0xf7, 0x9e, 0xf7, 0x9e, 0xf7,
    0x9e, 0xf7, 0x9e, 0xf7, 0x9e, 0xf7, 0x9e, 0xf7, 0x9e, 0xf7, 0x9e, 0xf7,
    0x9e, 0xf7, 0x9e, 0xf7, 0x9e, 0xf7, 0x9e, 0xf7, 0x9e, 0xf7, 0x9e, 0xf7,
    0x9e, 0xf7, 0x9e, 0xf7, 0x9e, 0xf7, 0x9e, 0xf7, 0x9e, 0xf7, 0x9e, 0xf7,
    0x9e, 0xf7, 0x9e, 0xf7, 0x9e, 0xf7, 0x9e, 0xf7, 0x9e, 0xf7, 0x9e, 0xf7,
    0x9e, 0xf7, 0x9e, 0xf7, 0x9e, 0xf7, 0x9e, 0xf7, 0x9e, 0xf7, 0x9e, 0xf7,
    0x9e, 0xf7, 0x9e, 0xf7, 0x9e, 0xf7, 0x9e, 0xf7, 0x9e, 0xf7, 0x9e, 0xf7,
    0x9e, 0xf7, 0x9e, 0xf7, 0x9e, 0xf7, 0x9e, 0xf7, 0x9e, 0xf7, 0x9e, 0xf7,
    0x9e, 0xf7, 0x9e, 0xf7, 0x9e, 0xf7, 0x9e, 0xf7, 0x9e, 0xf7, 0x9e, 0xf7,
    0x9e, 0xf7, 0x9e, 0xf7, 0x9e, 0xf7, 0x9e, 0xf7, 0x9e, 0xf7, 0x9e, 0xf7,
    0x9e, 0xf7, 0x9e, 0xf7, 0x9e, 0xf7, 0x9e, 0xf7, 0x9e, 0xf7, 0x9e, 0xf7,
    0x9e, 0xf7, 0x9e, 0xf7, 0x9e, 0xf7, 0x9e, 0xf7, 0x9e, 0xf7, 0x9e, 0xf7,
    0x9e, 0xf7, 0x9e, 0xf7, 0x9e, 0xf7, 0x9e, 0xf7, 0x9e, 0xf7, 0x9e, 0xf7,
    0x9e, 0xf7, 0x9e, 0xf7, 0x9e, 0xf7, 0x9e, 0xf7, 0x9e, 0xf7, 0x9e, 0xf7,
    0x9e, 0xf7, 0x9e, 0xf7, 0x9e, 0xf7, 0x9e, 0xf7, 0x9e, 0xf7, 0x9e, 0xf7,
    0x9e, 0xf7, 0x9e, 0xf7, 0x9e, 0xf7, 0x7c, 0xef, 0xb1, 0xe6, 0xe7, 0xd5,
    0xc5, 0xd5, 0xc5, 0xd5, 0xc5, 0xd5, 0x23, 0xc5, 0x23, 0xc5, 0x23, 0xc5,
    0x86, 0xcd, 0x50, 0xde, 0x3a, 0xef, 0x9e, 0xf7, 0x9e, 0xf7, 0x9e, 0xf7,
    0x9e, 0xf7, 0x9e, 0xf7, 0x9e, 0xf7, 0x9e, 0xf7, 0x9e, 0xf7, 0x9e, 0xf7,
    0x9e, 0xf7, 0x9e, 0xf7, 0x9e, 0xf7, 0x9e, 0xf7, 0x9e, 0xf7, 0x9e, 0xf7,
    0x9e, 0xf7, 0x9e, 0xf7, 0x9e, 0xf7, 0x9e, 0xf7, 0x9e, 0xf7, 0x9e, 0xf7,
    0x9e, 0xf7, 0x9e, 0xf7, 0x9e, 0xf7, 0x9e, 0xf7, 0x9e, 0xf7, 0x9e, 0xf7,
    0x9e, 0xf7, 0x9e, 0xf7, 0x9e, 0xf7, 0x9e, 0xf7, 0x9e, 0xf7, 0x9e, 0xf7,
    0x9e, 0xf7, 0x9e, 0xf7, 0x9e, 0xf7, 0x9e, 0xf7, 0x9e, 0xf7, 0x9e, 0xf7,
    0x9e, 0xf7, 0x9e, 0xf7, 0x9e, 0xf7, 0x9e, 0xf7, 0x9e, 0xf7, 0x9e, 0xf7,
    0x9e, 0xf7, 0x9e, 0xf7, 0x9e, 0xf7, 0x9e, 0xf7, 0x9e, 0xf7, 0x9e, 0xf7,
    0x9e, 0xf7, 0x9e, 0xf7, 0x9e, 0xf7, 0x9e, 0xf7, 0x9e, 0xf7, 0x9e, 0xf7,
    0x9e, 0xf7, 0x9e, 0xf7, 0x9e, 0xf7, 0x9e, 0xf7, 0x9e, 0xf7, 0x9e, 0xf7,
    0x9e, 0xf7, 0x9e, 0xf7, 0x9e, 0xf7, 0x9e, 0xf7, 0x9e, 0xf7, 0x9e, 0xf7,
    0x9e, 0xf7, 0x9e, 0xf7, 0x9e, 0xf7, 0x9e, 0xf7, 0x9e, 0xf7, 0x9e, 0xf7,
    0x9e, 0xf7, 0x9e, 0xf7, 0x9e, 0xf7, 0x9e, 0xf7, 0x9e, 0xf7, 0x9e, 0xf7,
    0x9e, 0xf7, 0x9e, 0xf7, 0x9e, 0xf7, 0x9e, 0xf7, 0x9e, 0xf7, 0x9e, 0xf7,
    0x9e, 0xf7, 0x9e, 0xf7, 0x9e, 0xf7, 0x9e, 0xf7, 0x9e, 0xf7, 0x9e, 0xf7,
    0x9e, 0xf7, 0x9e, 0xf7, 0x9e, 0xf7, 0x9e, 0xf7, 0x9e, 0xf7, 0x9e, 0xf7,
    0x9e, 0xf7, 0x9e, 0xf7, 0x9e, 0xf7, 0x9e, 0xf7, 0x9e, 0xf7, 0x9e, 0xf7,
    0x9e, 0xf7, 0x9e, 0xf7, 0x9e, 0xf7, 0x9e, 0xf7, 0x9e, 0xf7, 0x9e, 0xf7,
    0x9e, 0xf7, 0x9e, 0xf7, 0x9e, 0xf7, 0x9e, 0xf7, 0x9e, 0xf7, 0x9e, 0xf7,
    0x9e, 0xf7, 0x9e, 0xf7, 0x9e, 0xf7, 0x9e, 0xf7, 0x9e, 0xf7, 0x9e, 0xf7,
    0x9e, 0xf7, 0x9e, 0xf7, 0x9e, 0xf7, 0x9e, 0xf7, 0x9e, 0xf7, 0x9e, 0xf7,
    0x9e, 0xf7, 0x9e, 0xf7, 0x9e, 0xf7, 0x9e, 0xf7, 0x9e, 0xf7, 0x9e, 0xf7,
    0x9e, 0xf7, 0x9e, 0xf7, 0x9e, 0xf7, 0x9e, 0xf7, 0x9e, 0xf7, 0x7c, 0xef,
    0xb1, 0xe6, 0xe7, 0xd5, 0xc5, 0xd5, 0x23, 0xc5, 0x44, 0xc5, 0x50, 0xde,
    0x3a, 0xef, 0x9e, 0xf7, 0x9e, 0xf7, 0x9e, 0xf7, 0x9e, 0xf7, 0x9e, 0xf7,
    0x9e, 0xf7, 0x9e, 0xf7, 0x9e, 0xf7, 0x9e, 0xf7, 0x9e, 0xf7, 0x9e, 0xf7,
    0x9e, 0xf7, 0x9e, 0xf7, 0x9e, 0xf7, 0x9e, 0xf7, 0x9e, 0xf7, 0x9e, 0xf7,
    0x9e, 0xf7, 0x9e, 0xf7, 0x9e, 0xf7, 0x9e, 0xf7, 0x9e, 0xf7, 0x9e, 0xf7,
    0x9e, 0xf7, 0x9e, 0xf7, 0x9e, 0xf7, 0x9e, 0xf7, 0x9e, 0xf7, 0x9e, 0xf7,
    0x9e, 0xf7, 0x9e, 0xf7, 0x9e, 0xf7, 0x9e, 0xf7, 0x9e, 0xf7, 0x9e, 0xf7,
    0x9e, 0xf7, 0x9e, 0xf7, 0x9e, 0xf7, 0x9e, 0xf7, 0x9e, 0xf7, 0x9e, 0xf7,
    0x9e, 0xf7, 0x9e, 0xf7, 0x9e, 0xf7, 0x9e, 0xf7, 0x9e, 0xf7, 0x9e, 0xf7,
    0x9e, 0xf7, 0x9e, 0xf7, 0x9e, 0xf7, 0x9e, 0xf7, 0x9e, 0xf7, 0x9e, 0xf7,
    0x9e, 0xf7, 0x9e, 0xf7, 0x9e, 0xf7, 0x9e, 0xf7, 0x9e, 0xf7, 0x9e, 0xf7,
    0x9e, 0xf7, 0x9e, 0xf7, 0x9e, 0xf7, 0x9e, 0xf7, 0x9e, 0xf7, 0x9e, 0xf7,
    0x9e, 0xf7, 0x9e, 0xf7, 0x9e, 0xf7, 0x9e, 0xf7, 0x9e, 0xf7, 0x9e, 0xf7,
    0x9e, 0xf7, 0x9e, 0xf7, 0x9e, 0xf7, 0x9e, 0xf7, 0x9e, 0xf7, 0x9e, 0xf7,
    0x9e, 0xf7, 0x9e, 0xf7, 0x9e, 0xf7, 0x9e, 0xf7, 0x9e, 0xf7, 0x9e, 0xf7,
    0x9e, 0xf7, 0x9e, 0xf7, 0x9e, 0xf7, 0x9e, 0xf7, 0x9e, 0xf7, 0x9e, 0xf7,
    0x9e, 0xf7, 0x9e, 0xf7, 0x9e, 0xf7, 0x9e, 0xf7, 0x9e, 0xf7, 0x9e, 0xf7,
    0x9e, 0xf7, 0x9e, 0xf7, 0x9e, 0xf7, 0x9e, 0xf7, 0x9e, 0xf7, 0x9e, 0xf7,
    0x9e, 0xf7, 0x9e, 0xf7, 0x9e, 0xf7, 0x9e, 0xf7, 0x9e, 0xf7, 0x9e, 0xf7,
    0x9e, 0xf7, 0x9e, 0xf7, 0x9e, 0xf7, 0x9e, 0xf7, 0x9e, 0xf7, 0x9e, 0xf7,
    0x9e, 0xf7, 0x9e, 0xf7, 0x9e, 0xf7, 0x9e, 0xf7, 0x9e, 0xf7, 0x9e, 0xf7,
    0x9e, 0xf7, 0x9e, 0xf7, 0x9e, 0xf7, 0x9e, 0xf7, 0x9e, 0xf7, 0x9e, 0xf7,
    0x9e, 0xf7, 0x9e, 0xf7, 0x9e, 0xf7, 0x9e, 0xf7, 0x9e, 0xf7, 0x9e, 0xf7,
    0x9e, 0xf7, 0x9e, 0xf7, 0x9e, 0xf7, 0x9e, 0xf7, 0x9e, 0xf7, 0x9e, 0xf7,
    0x9e, 0xf7, 0x9e, 0xf7, 0x9e, 0xf7, 0x9e, 0xf7, 0x9e, 0xf7, 0x9e, 0xf7,
    0x9e, 0xf7, 0x7c, 0xef, 0xb1, 0xe6, 0x0d, 0xd6, 0x3a, 0xef, 0x9e, 0xf7,
    0x9e, 0xf7, 0x9e, 0xf7, 0x9e, 0xf7, 0x9e, 0xf7, 0x9e, 0xf7, 0x9e, 0xf7,
    0x9e, 0xf7, 0x9e, 0xf7, 0x9e, 0xf7, 0x9e, 0xf7, 0x9e, 0xf7, 0x9e, 0xf7,
    0x9e, 0xf7, 0x9e, 0xf7, 0x9e, 0xf7, 0x9e, 0xf7, 0x9e, 0xf7, 0x9e, 0xf7,
    0x9e, 0xf7, 0x9e, 0xf7, 0x9e, 0xf7, 0x9e, 0xf7, 0x9e, 0xf7, 0x9e, 0xf7,
    0x9e, 0xf7, 0x9e, 0xf7, 0x9e, 0xf7, 0x9e, 0xf7, 0x9e, 0xf7, 0x9e, 0xf7,
    0x9e, 0xf7, 0x9e, 0xf7, 0x9e, 0xf7, 0x9e, 0xf7, 0x9e, 0xf7, 0x9e, 0xf7,
    0x9e, 0xf7, 0x9e, 0xf7, 0x9e, 0xf7, 0x9e, 0xf7, 0x9e, 0xf7, 0x9e, 0xf7,
    0x9e, 0xf7, 0x9e, 0xf7, 0x9e, 0xf7, 0x9e, 0xf7, 0x9e, 0xf7, 0x9e, 0xf7,
    0x9e, 0xf7, 0x9e, 0xf7, 0x9e, 0xf7, 0x9e, 0xf7, 0x9e, 0xf7, 0x9e, 0xf7,
    0x9e, 0xf7, 0x9e, 0xf7, 0x9e, 0xf7, 0x9e, 0xf7, 0x9e, 0xf7, 0x9e, 0xf7,
    0x9e, 0xf7, 0x9e, 0xf7, 0x9e, 0xf7, 0x9e, 0xf7, 0x9e, 0xf7, 0x9e, 0xf7,
    0x9e, 0xf7, 0x9e, 0xf7, 0x9e, 0xf7, 0x9e, 0xf7, 0x9e, 0xf7, 0x9e, 0xf7,
    0x9e, 0xf7, 0x9e, 0xf7, 0x9e, 0xf7, 0x9e, 0xf7, 0x9e, 0xf7, 0x9e, 0xf7,
    0x9e, 0xf7, 0x9e, 0xf7, 0x9e, 0xf7, 0x9e, 0xf7, 0x9e, 0xf7, 0x9e, 0xf7,
    0x9e, 0xf7, 0x9e, 0xf7, 0x9e, 0xf7, 0x9e, 0xf7, 0x9e, 0xf7, 0x9e, 0xf7,
    0x9e, 0xf7, 0x9e, 0xf7, 0x9e, 0xf7, 0x9e, 0xf7, 0x9e, 0xf7, 0x9e, 0xf7,
    0x9e, 0xf7, 0x9e, 0xf7, 0x9e, 0xf7, 0x9e, 0xf7, 0x9e, 0xf7, 0x9e, 0xf7,
    0x9e, 0xf7, 0x9e, 0xf7, 0x9e, 0xf7, 0x9e, 0xf7, 0x9e, 0xf7, 0x9e, 0xf7,
    0x9e, 0xf7, 0x9e, 0xf7, 0x9e, 0xf7, 0x9e, 0xf7, 0x9e, 0xf7, 0x9e, 0xf7,
    0x9e, 0xf7, 0x9e, 0xf7, 0x9e, 0xf7, 0x9e, 0xf7, 0x9e, 0xf7, 0x9e, 0xf7,
    0x9e, 0xf7, 0x9e, 0xf7, 0x9e, 0xf7, 0x9e, 0xf7, 0x9e, 0xf7, 0x9e, 0xf7,
    0x9e, 0xf7, 0x9e, 0xf7, 0x9e, 0xf7, 0x9e, 0xf7, 0x9e, 0xf7, 0x9e, 0xf7,
    0x9e, 0xf7, 0x9e, 0xf7, 0x9e, 0xf7, 0x9e, 0xf7, 0x9e, 0xf7, 0x9e, 0xf7,
    0x9e, 0xf7, 0x9e, 0xf7, 0x9e, 0xf7, 0x9e, 0xf7, 0x9e, 0xf7, 0x9e, 0xf7,
    0x9e, 0xf7, 0x9e, 0xf7, 0x9e, 0xf7, 0x9e, 0xf7, 0x9e, 0xf7, 0x9e, 0xf7,
    0x9e, 0xf7, 0x9e, 0xf7, 0x9e, 0xf7, 0x9e, 0xf7, 0x9e, 0xf7, 0x9e, 0xf7,
    0x9e, 0xf7, 0x9e, 0xf7, 0x9e, 0xf7, 0x9e, 0xf7, 0x9e, 0xf7, 0x9e, 0xf7,
    0x9e, 0xf7, 0x9e, 0xf7, 0x9e, 0xf7, 0x9e, 0xf7, 0x9e, 0xf7, 0x9e, 0xf7,
    0x9e, 0xf7, 0x9e, 0xf7, 0x9e, 0xf7, 0x9e, 0xf7, 0x9e, 0xf7, 0x9e, 0xf7,
    0x9e, 0xf7, 0x9e, 0xf7, 0x9e, 0xf7, 0x9e, 0xf7, 0x9e, 0xf7, 0x9e, 0xf7,
    0x9e, 0xf7, 0x9e, 0xf7, 0x9e, 0xf7, 0x9e, 0xf7, 0x9e, 0xf7, 0x9e, 0xf7,
    0x9e, 0xf7, 0x9e, 0xf7, 0x9e, 0xf7, 0x9e, 0xf7, 0x9e, 0xf7, 0x9e, 0xf7,
    0x9e, 0xf7, 0x9e, 0xf7, 0x9e, 0xf7, 0x9e, 0xf7, 0x9e, 0xf7, 0x9e, 0xf7,
    0x9e, 0xf7, 0x9e, 0xf7, 0x9e, 0xf7, 0x9e, 0xf7, 0x9e, 0xf7, 0x9e, 0xf7,
    0x9e, 0xf7, 0x9e, 0xf7, 0x9e, 0xf7, 0x9e, 0xf7, 0x9e, 0xf7, 0x9e, 0xf7,
    0x9e, 0xf7, 0x9e, 0xf7, 0x9e, 0xf7, 0x9e, 0xf7, 0x9e, 0xf7, 0x9e, 0xf7,
    0x9e, 0xf7, 0x9e, 0xf7, 0x9e, 0xf7, 0x9e, 0xf7, 0x9e, 0xf7, 0x9e, 0xf7,
    0x9e, 0xf7, 0x9e, 0xf7, 0x9e, 0xf7, 0x9e, 0xf7, 0x9e, 0xf7, 0x9e, 0xf7,
    0x9e, 0xf7, 0x9e, 0xf7, 0x9e, 0xf7, 0x9e, 0xf7, 0x9e, 0xf7, 0x9e, 0xf7,
    0x9e, 0xf7, 0x9e, 0xf7, 0x9e, 0xf7, 0x9e, 0xf7, 0x9e, 0xf7, 0x9e, 0xf7,
    0x9e, 0xf7, 0x9e, 0xf7, 0x9e, 0xf7, 0x9e, 0xf7, 0x9e, 0xf7, 0x9e, 0xf7,
    0x9e, 0xf7, 0x9e, 0xf7, 0x9e, 0xf7, 0x9e, 0xf7, 0x9e, 0xf7, 0x9e, 0xf7,
    0x9e, 0xf7, 0x9e, 0xf7, 0x9e, 0xf7, 0x9e, 0xf7, 0x9e, 0xf7, 0x9e, 0xf7,
    0x9e, 0xf7, 0x9e, 0xf7, 0x9e, 0xf7, 0x9e, 0xf7, 0x9e, 0xf7, 0x9e, 0xf7,
    0x9e, 0xf7, 0x9e, 0xf7, 0x9e, 0xf7, 0x9e, 0xf7, 0x9e, 0xf7, 0x9e, 0xf7,
    0x9e, 0xf7, 0x9e, 0xf7, 0x9e, 0xf7, 0x9e, 0xf7, 0x9e, 0xf7, 0x9e, 0xf7,
    0x9e, 0xf7, 0x9e, 0xf7, 0x9e, 0xf7, 0x9e, 0xf7, 0x9e, 0xf7, 0x9e, 0xf7,
    0x9e, 0xf7, 0x9e, 0xf7, 0x9e, 0xf7, 0x9e, 0xf7, 0x9e, 0xf7, 0x9e, 0xf7,
    0x9e, 0xf7, 0x9e, 0xf7, 0x9e, 0xf7, 0x9e, 0xf7, 0x9e, 0xf7, 0x9e, 0xf7,
    0x9e, 0xf7, 0x9e, 0xf7, 0x9e, 0xf7, 0x9e, 0xf7, 0x9e, 0xf7, 0x9e, 0xf7,
    0x9e, 0xf7, 0x9e, 0xf7, 0x9e, 0xf7, 0x9e, 0xf7, 0x9e, 0xf7, 0x9e, 0xf7,
    0x9e, 0xf7, 0x9e, 0xf7, 0x9e, 0xf7, 0x9e, 0xf7, 0x9e, 0xf7, 0x9e, 0xf7,
    0x9e, 0xf7, 0x9e, 0xf7, 0x9e, 0xf7, 0x9e, 0xf7, 0x9e, 0xf7, 0x9e, 0xf7,
    0x9e, 0xf7, 0x9e, 0xf7, 0x9e, 0xf7, 0x9e, 0xf7, 0x9e, 0xf7, 0x9e, 0xf7,
    0x9e, 0xf7, 0x9e, 0xf7, 0x9e, 0xf7, 0x9e, 0xf7, 0x9e, 0xf7, 0x9e, 0xf7,
    0x9e, 0xf7, 0x9e, 0xf7, 0x9e, 0xf7, 0x9e, 0xf7, 0x9e, 0xf7, 0x9e, 0xf7,
    0x9e, 0xf7, 0x9e, 0xf7, 0x9e, 0xf7, 0x9e, 0xf7, 0x9e, 0xf7, 0x9e, 0xf7,
    0x9e, 0xf7, 0x9e, 0xf7, 0x9e, 0xf7, 0x9e, 0xf7, 0x9e, 0xf7, 0x9e, 0xf7,
    0x9e, 0xf7, 0x9e, 0xf7, 0x9e, 0xf7, 0x9e, 0xf7, 0x9e, 0xf7, 0x9e, 0xf7,
    0x9e, 0xf7, 0x9e, 0xf7, 0x9e, 0xf7, 0x9e, 0xf7, 0x9e, 0xf7, 0x9e, 0xf7,
    0x9e, 0xf7, 0x9e, 0xf7, 0x9e, 0xf7, 0x9e, 0xf7, 0x9e, 0xf7, 0x9e, 0xf7,
    0x9e, 0xf7, 0x9e, 0xf7, 0x9e, 0xf7, 0x9e, 0xf7, 0x9e, 0xf7, 0x9e, 0xf7,
    0x9e, 0xf7, 0x9e, 0xf7, 0x9e, 0xf7, 0x9e, 0xf7, 0x9e, 0xf7, 0x9e, 0xf7,
    0x9e, 0xf7, 0x9e, 0xf7, 0x9e, 0xf7, 0x9e, 0xf7, 0x9e, 0xf7, 0x9e, 0xf7,
    0x9e, 0xf7, 0x9e, 0xf7, 0x9e, 0xf7, 0x9e, 0xf7, 0x9e, 0xf7, 0x9e, 0xf7,
    0x9e, 0xf7, 0x9e, 0xf7, 0x9e, 0xf7, 0x9e, 0xf7, 0x9e, 0xf7, 0x9e, 0xf7,
    0x9e, 0xf7, 0x9e, 0xf7, 0x9e, 0xf7, 0x9e, 0xf7, 0x9e, 0xf7, 0x9e, 0xf7,
    0x9e, 0xf7, 0x9e, 0xf7, 0x9e, 0xf7, 0x9e, 0xf7, 0x9e, 0xf7, 0x9e, 0xf7,
    0x9e, 0xf7, 0x9e, 0xf7, 0x9e, 0xf7, 0x9e, 0xf7, 0x9e, 0xf7, 0x9e, 0xf7,
    0x9e, 0xf7, 0x9e, 0xf7, 0x9e, 0xf7, 0x9e, 0xf7, 0x9e, 0xf7, 0x9e, 0xf7,
    0x9e, 0xf7, 0x9e, 0xf7, 0x9e, 0xf7, 0x9e, 0xf7, 0x9e, 0xf7, 0x9e, 0xf7,
    0x9e, 0xf7, 0x9e, 0xf7, 0x9e, 0xf7, 0x9e, 0xf7, 0x9e, 0xf7, 0x9e, 0xf7,
    0x9e, 0xf7, 0x9e, 0xf7, 0x9e, 0xf7, 0x9e, 0xf7, 0x9e, 0xf7, 0x9e, 0xf7,
    0x9e, 0xf7, 0x9e, 0xf7, 0x9e, 0xf7, 0x9e, 0xf7, 0x9e, 0xf7, 0x9e, 0xf7,
    0x9e, 0xf7, 0x9e, 0xf7, 0x9e, 0xf7, 0x9e, 0xf7, 0x9e, 0xf7, 0x9e, 0xf7,
    0x9e, 0xf7, 0x9e, 0xf7, 0x9e, 0xf7, 0x9e, 0xf7, 0x9e, 0xf7, 0x9e, 0xf7,
    0x9e, 0xf7, 0x9e, 0xf7, 0x9e, 0xf7, 0x9e, 0xf7, 0x9e, 0xf7, 0x9e, 0xf7,
    0x9e, 0xf7, 0x9e, 0xf7, 0x9e, 0xf7, 0x9e, 0xf7, 0x9e, 0xf7, 0x9e, 0xf7,
    0x9e, 0xf7, 0x9e, 0xf7, 0x9e, 0xf7, 0x9e, 0xf7, 0x9e, 0xf7, 0x9e, 0xf7,
    0x9e, 0xf7, 0x9e, 0xf7, 0x9e, 0xf7, 0x9e, 0xf7, 0x9e, 0xf7, 0x9e, 0xf7,
    0x9e, 0xf7, 0x9e, 0xf7, 0x9e, 0xf7, 0x9e, 0xf7, 0x9e, 0xf7, 0x9e, 0xf7,
    0x9e, 0xf7, 0x9e, 0xf7, 0x9e, 0xf7, 0x9e, 0xf7, 0x9e, 0xf7, 0x9e, 0xf7,
    0x9e, 0xf7, 0x9e, 0xf7, 0x9e, 0xf7, 0x9e, 0xf7, 0x9e, 0xf7, 0x9e, 0xf7,
    0x9e, 0xf7, 0x9e, 0xf7, 0x9e, 0xf7, 0x9e, 0xf7, 0x9e, 0xf7, 0x9e, 0xf7,
    0x9e, 0xf7, 0x9e, 0xf7, 0x9e, 0xf7, 0x9e, 0xf7, 0x9e, 0xf7, 0x9e, 0xf7,
    0x9e, 0xf7, 0x9e, 0xf7, 0x9e, 0xf7, 0x9e, 0xf7, 0x9e, 0xf7, 0x9e, 0xf7,
    0x9e, 0xf7, 0x9e, 0xf7, 0x9e, 0xf7, 0x9e, 0xf7, 0x9e, 0xf7, 0x9e, 0xf7,
    0x9e, 0xf7, 0x9e, 0xf7, 0x9e, 0xf7, 0x9e, 0xf7, 0x9e, 0xf7, 0x9e, 0xf7,
    0x9e, 0xf7, 0x9e, 0xf7, 0x9e, 0xf7, 0x9e, 0xf7, 0x9e, 0xf7, 0x9e, 0xf7,
    0x9e, 0xf7, 0x9e, 0xf7, 0x9e, 0xf7, 0x9e, 0xf7, 0x9e, 0xf7, 0x9e, 0xf7,
    0x9e, 0xf7, 0x9e, 0xf7, 0x9e, 0xf7, 0x9e, 0xf7, 0x9e, 0xf7, 0x9e, 0xf7,
    0x9e, 0xf7, 0x9e, 0xf7, 0x9e, 0xf7, 0x9e, 0xf7, 0x9e, 0xf7, 0x9e, 0xf7,
    0x9e, 0xf7, 0x9e, 0xf7, 0x9e, 0xf7, 0x9e, 0xf7, 0x9e, 0xf7, 0x9e, 0xf7,
    0x9e, 0xf7, 0x9e, 0xf7, 0x9e, 0xf7, 0x9e, 0xf7, 0x9e, 0xf7, 0x9e, 0xf7,
    0x9e, 0xf7, 0x9e, 0xf7, 0x9e, 0xf7, 0x9e, 0xf7, 0x9e, 0xf7, 0x9e, 0xf7,
    0x9e, 0xf7, 0x9e, 0xf7, 0x9e, 0xf7, 0x9e, 0xf7, 0x9e, 0xf7, 0x9e, 0xf7,
    0x9e, 0xf7, 0x9e, 0xf7, 0x9e, 0xf7, 0x9e, 0xf7, 0x9e, 0xf7, 0x9e, 0xf7,
    0x9e, 0xf7, 0x9e, 0xf7, 0x9e, 0xf7, 0x9e, 0xf7, 0x9e, 0xf7, 0x9e, 0xf7,
    0x9e, 0xf7, 0x9e, 0xf7, 0x9e, 0xf7, 0x9e, 0xf7, 0x9e, 0xf7, 0x9e, 0xf7,
    0x9e, 0xf7, 0x9e, 0xf7, 0x9e, 0xf7, 0x9e, 0xf7, 0x9e, 0xf7, 0x9e, 0xf7,
    0x9e, 0xf7, 0x9e, 0xf7, 0x9e, 0xf7, 0x9e, 0xf7, 0x9e, 0xf7, 0x9e, 0xf7,
    0x9e, 0xf7, 0x9e, 0xf7, 0x9e, 0xf7, 0x9e, 0xf7, 0x9e, 0xf7, 0x9e, 0xf7,
    0x9e, 0xf7, 0x9e, 0xf7, 0x9e, 0xf7, 0x9e, 0xf7, 0x9e, 0xf7, 0x9e, 0xf7,
    0x9e, 0xf7, 0x9e, 0xf7, 0x9e, 0xf7, 0x9e, 0xf7, 0x9e, 0xf7, 0x9e, 0xf7,
    0x9e, 0xf7, 0x9e, 0xf7, 0x9e, 0xf7, 0x9e, 0xf7, 0x9e, 0xf7, 0x9e, 0xf7,
    0x9e, 0xf7, 0x9e, 0xf7, 0x9e, 0xf7, 0x9e, 0xf7, 0x9e, 0xf7, 0x9e, 0xf7,
    0x9e, 0xf7, 0x9e, 0xf7, 0x9e, 0xf7, 0x9e, 0xf7, 0x9e, 0xf7, 0x9e, 0xf7,
    0x9e, 0xf7, 0x9e, 0xf7, 0x9e, 0xf7, 0x9e, 0xf7, 0x9e, 0xf7, 0x9e, 0xf7,
    0x9e, 0xf7, 0x9e, 0xf7, 0x9e, 0xf7, 0x9e, 0xf7, 0x9e, 0xf7, 0x9e, 0xf7,
    0x9e, 0xf7, 0x9e, 0xf7, 0x9e, 0xf7, 0x9e, 0xf7, 0x9e, 0xf7, 0x9e, 0xf7,
    0x9e, 0xf7, 0x9e, 0xf7, 0x9e, 0xf7, 0x9e, 0xf7, 0x9e, 0xf7, 0x9e, 0xf7,
    0x9e, 0xf7, 0x9e, 0xf7, 0x9e, 0xf7, 0x9e, 0xf7, 0x9e, 0xf7, 0x9e, 0xf7,
    0x9e, 0xf7, 0x9e, 0xf7, 0x9e, 0xf7, 0x9e, 0xf7, 0x9e, 0xf7, 0x9e, 0xf7,
    0x9e, 0xf7, 0x9e, 0xf7, 0x9e, 0xf7, 0x9e, 0xf7, 0x9e, 0xf7, 0x9e, 0xf7,
    0x9e, 0xf7, 0x9e, 0xf7, 0x9e, 0xf7, 0x9e, 0xf7, 0x9e, 0xf7, 0x9e, 0xf7,
    0x9e, 0xf7, 0x9e, 0xf7, 0x9e, 0xf7, 0x9e, 0xf7, 0x9e, 0xf7, 0x9e, 0xf7,
    0x9e, 0xf7, 0x9e, 0xf7, 0x9e, 0xf7, 0x9e, 0xf7, 0x9e, 0xf7, 0x9e, 0xf7,
    0x9e, 0xf7, 0x9e, 0xf7, 0x9e, 0xf7, 0x9e, 0xf7, 0x9e, 0xf7, 0x9e, 0xf7,
    0x9e, 0xf7, 0x9e, 0xf7, 0x9e, 0xf7, 0x9e, 0xf7, 0x9e, 0xf7, 0x9e, 0xf7,
    0x9e, 0xf7, 0x9e, 0xf7, 0x9e, 0xf7, 0x9e, 0xf7, 0x9e, 0xf7, 0x9e, 0xf7,
    0x9e, 0xf7, 0x9e, 0xf7, 0x9e, 0xf7, 0x9e, 0xf7, 0x9e, 0xf7, 0x9e, 0xf7,
    0x9e, 0xf7, 0x9e, 0xf7, 0x9e, 0xf7, 0x9e, 0xf7, 0x9e, 0xf7, 0x9e, 0xf7,
    0x9e, 0xf7, 0x9e, 0xf7, 0x9e, 0xf7, 0x9e, 0xf7, 0x9e, 0xf7, 0x9e, 0xf7,
    0x9e, 0xf7, 0x9e, 0xf7, 0x9e, 0xf7, 0x9e, 0xf7, 0x9e, 0xf7, 0x9e, 0xf7,
    0x9e, 0xf7, 0x9e, 0xf7, 0x9e, 0xf7, 0x9e, 0xf7, 0x9e, 0xf7, 0x9e, 0xf7,
    0x9e, 0xf7, 0x9e, 0xf7, 0x9e, 0xf7, 0x9e, 0xf7, 0x9e, 0xf7, 0x9e, 0xf7,
    0x9e, 0xf7, 0x9e, 0xf7, 0x9e, 0xf7, 0x9e, 0xf7, 0x9e, 0xf7, 0x9e, 0xf7,
    0x9e, 0xf7, 0x9e, 0xf7, 0x9e, 0xf7, 0x9e, 0xf7, 0x9e, 0xf7, 0x9e, 0xf7,
    0x9e, 0xf7, 0x9e, 0xf7, 0x9e, 0xf7, 0x9e, 0xf7, 0x9e, 0xf7, 0x9e, 0xf7,
    0x9e, 0xf7, 0x9e, 0xf7, 0x9e, 0xf7, 0x9e, 0xf7, 0x9e, 0xf7, 0x9e, 0xf7,
    0x9e, 0xf7, 0x9e, 0xf7, 0x9e, 0xf7, 0x9e, 0xf7, 0x9e, 0xf7, 0x9e, 0xf7,
    0x9e, 0xf7, 0x9e, 0xf7, 0x9e, 0xf7, 0x9e, 0xf7, 0x9e, 0xf7, 0x9e, 0xf7,
    0x9e, 0xf7, 0x9e, 0xf7, 0x9e, 0xf7, 0x9e, 0xf7, 0x9e, 0xf7, 0x9e, 0xf7,
    0x9e, 0xf7, 0x9e, 0xf7, 0x9e, 0xf7, 0x9e, 0xf7, 0x9e, 0xf7, 0x9e, 0xf7,
    0x9e, 0xf7, 0x9e, 0xf7, 0x9e, 0xf7, 0x9e, 0xf7, 0x9e, 0xf7, 0x9e, 0xf7,
    0x9e, 0xf7, 0x9e, 0xf7, 0x9e, 0xf7, 0x9e, 0xf7, 0x9e, 0xf7, 0x9e, 0xf7,
    0x9e, 0xf7, 0x9e, 0xf7, 0x9e, 0xf7, 0x9e, 0xf7, 0x9e, 0xf7, 0x9e, 0xf7,
    0x9e, 0xf7, 0x9e, 0xf7, 0x9e, 0xf7, 0x9e, 0xf7, 0x9e, 0xf7, 0x9e, 0xf7,
    0x9e, 0xf7, 0x9e, 0xf7, 0x9e, 0xf7, 0x9e, 0xf7, 0x9e, 0xf7, 0x9e, 0xf7,
    0x9e, 0xf7, 0x9e, 0xf7, 0x9e, 0xf7, 0x9e, 0xf7, 0x9e, 0xf7, 0x9e, 0xf7,
    0x9e, 0xf7, 0x9e, 0xf7, 0x9e, 0xf7, 0x9e, 0xf7, 0x9e, 0xf7, 0x9e, 0xf7,
    0x9e, 0xf7, 0x9e, 0xf7, 0x9e, 0xf7, 0x9e, 0xf7, 0x9e, 0xf7, 0x9e, 0xf7,
    0x9e, 0xf7, 0x9e, 0xf7, 0x9e, 0xf7, 0x9e, 0xf7, 0x9e, 0xf7, 0x9e, 0xf7,
    0x9e, 0xf7, 0x9e, 0xf7, 0x9e, 0xf7, 0x9e, 0xf7, 0x9e, 0xf7, 0x9e, 0xf7,
    0x9e, 0xf7, 0x9e, 0xf7, 0x9e, 0xf7, 0x9e, 0xf7, 0x9e, 0xf7, 0x9e, 0xf7,
    0x9e, 0xf7, 0x9e, 0xf7, 0x9e, 0xf7, 0x9e, 0xf7, 0x9e, 0xf7, 0x9e, 0xf7,
    0x9e, 0xf7, 0x9e, 0xf7, 0x9e, 0xf7, 0x9e, 0xf7, 0x9e, 0xf7, 0x9e, 0xf7,
    0x9e, 0xf7, 0x9e, 0xf7, 0x9e, 0xf7, 0x9e, 0xf7, 0x9e, 0xf7, 0x9e, 0xf7,
    0x9e, 0xf7, 0x9e, 0xf7, 0x9e, 0xf7, 0x9e, 0xf7, 0x9e, 0xf7, 0x9e, 0xf7,
    0x9e, 0xf7, 0x9e, 0xf7, 0x9e, 0xf7, 0x9e, 0xf7, 0x9e, 0xf7, 0x9e, 0xf7,
    0x9e, 0xf7, 0x9e, 0xf7, 0x9e, 0xf7, 0x9e, 0xf7, 0x9e, 0xf7, 0x9e, 0xf7,
    0x9e, 0xf7, 0x9e, 0xf7, 0x9e, 0xf7, 0x9e, 0xf7, 0x9e, 0xf7, 0x9e, 0xf7,
    0x9e, 0xf7, 0x9e, 0xf7, 0x9e, 0xf7, 0x9e, 0xf7, 0x9e, 0xf7, 0x9e, 0xf7,
    0x9e, 0xf7, 0x9e, 0xf7, 0x9e, 0xf7, 0x9e, 0xf7, 0x9e, 0xf7, 0x9e, 0xf7,
    0x9e, 0xf7, 0x9e, 0xf7, 0x9e, 0xf7, 0x9e, 0xf7, 0x9e, 0xf7, 0x9e, 0xf7,
    0x9e, 0xf7, 0x9e, 0xf7, 0x9e, 0xf7, 0x9e, 0xf7, 0x9e, 0xf7, 0x9e, 0xf7,
    0x9e, 0xf7, 0x9e, 0xf7, 0x9e, 0xf7, 0x9e, 0xf7, 0x9e, 0xf7, 0x9e, 0xf7,
    0x9e, 0xf7, 0x9e, 0xf7, 0x9e, 0xf7, 0x9e, 0xf7, 0x9e, 0xf7, 0x9e, 0xf7,
    0x9e, 0xf7, 0x9e, 0xf7, 0x9e, 0xf7, 0x9e, 0xf7, 0x9e, 0xf7, 0x9e, 0xf7,
    0x9e, 0xf7, 0x9e, 0xf7, 0x9e, 0xf7, 0x9e, 0xf7, 0x9e, 0xf7, 0x9e, 0xf7,
    0x9e, 0xf7, 0x9e, 0xf7, 0x9e, 0xf7, 0x9e, 0xf7, 0x9e, 0xf7, 0x9e, 0xf7,
    0x9e, 0xf7, 0x9e, 0xf7, 0x9e, 0xf7, 0x9e, 0xf7, 0x9e, 0xf7, 0x9e, 0xf7,
    0x9e, 0xf7, 0x9e, 0xf7, 0x9e, 0xf7, 0x9e, 0xf7, 0x9e, 0xf7, 0x9e, 0xf7,
    0x9e, 0xf7, 0x9e, 0xf7, 0x9e, 0xf7, 0x9e, 0xf7, 0x9e, 0xf7, 0x9e, 0xf7,
    0x9e, 0xf7, 0x9e, 0xf7, 0x9e, 0xf7, 0x9e, 0xf7, 0x9e, 0xf7, 0x9e, 0xf7,
    0x9e, 0xf7, 0x9e, 0xf7, 0x9e, 0xf7, 0x9e, 0xf7, 0x9e, 0xf7, 0x9e, 0xf7,
    0x9e, 0xf7, 0x9e, 0xf7, 0x9e, 0xf7, 0x9e, 0xf7, 0x9e, 0xf7, 0x9e, 0xf7,
    0x9e, 0xf7, 0x9e, 0xf7, 0x9e, 0xf7, 0x9e, 0xf7, 0x9e, 0xf7, 0x9e, 0xf7,
    0x9e, 0xf7, 0x9e, 0xf7, 0x9e, 0xf7, 0x9e, 0xf7, 0x9e, 0xf7, 0x9e, 0xf7,
    0x9e, 0xf7, 0x9e, 0xf7, 0x9e, 0xf7, 0x9e, 0xf7, 0x9e, 0xf7, 0x9e, 0xf7,
    0x9e, 0xf7, 0x9e, 0xf7, 0x9e, 0xf7, 0x9e, 0xf7, 0x9e, 0xf7, 0x9e, 0xf7,
    0x9e, 0xf7, 0x9e, 0xf7, 0x9e, 0xf7, 0x9e, 0xf7, 0x9e, 0xf7, 0x9e, 0xf7,
    0x9e, 0xf7, 0x9e, 0xf7, 0x9e, 0xf7, 0x9e, 0xf7, 0x9e, 0xf7, 0x9e, 0xf7,
    0x9e, 0xf7, 0x9e, 0xf7, 0x9e, 0xf7, 0x9e, 0xf7, 0x9e, 0xf7, 0x9e, 0xf7,
    0x9e, 0xf7, 0x9e, 0xf7, 0x9e, 0xf7, 0x9e, 0xf7, 0x9e, 0xf7, 0x9e, 0xf7,
    0x9e, 0xf7, 0x9e, 0xf7, 0x9e, 0xf7, 0x9e, 0xf7, 0x9e, 0xf7, 0x9e, 0xf7,
    0x9e, 0xf7, 0x9e, 0xf7, 0x9e, 0xf7, 0x9e, 0xf7, 0x9e, 0xf7, 0x9e, 0xf7,
    0x9e, 0xf7, 0x9e, 0xf7, 0x9e, 0xf7, 0x9e, 0xf7, 0x9e, 0xf7, 0x9e, 0xf7,
    0x9e, 0xf7, 0x9e, 0xf7, 0x9e, 0xf7, 0x9e, 0xf7, 0x9e, 0xf7, 0x9e, 0xf7,
    0x9e, 0xf7, 0x9e, 0xf7, 0x9e, 0xf7, 0x9e, 0xf7, 0x9e, 0xf7, 0x9e, 0xf7,
    0x9e, 0xf7, 0x9e, 0xf7, 0x9e, 0xf7, 0x9e, 0xf7, 0x9e, 0xf7, 0x9e, 0xf7,
    0x9e, 0xf7, 0x9e, 0xf7, 0x9e, 0xf7, 0x9e, 0xf7, 0x9e, 0xf7, 0x9e, 0xf7,
    0x9e, 0xf7, 0x9e, 0xf7, 0x9e, 0xf7, 0x9e, 0xf7, 0x9e, 0xf7, 0x9e, 0xf7,
    0x9e, 0xf7, 0x9e, 0xf7, 0x9e, 0xf7, 0x9e, 0xf7, 0x9e, 0xf7, 0x9e, 0xf7,
    0x9e, 0xf7, 0x9e, 0xf7, 0x9e, 0xf7, 0x9e, 0xf7, 0x9e, 0xf7, 0x9e, 0xf7,
    0x9e, 0xf7, 0x9e, 0xf7, 0x9e, 0xf7, 0x9e, 0xf7, 0x9e, 0xf7, 0x9e, 0xf7,
    0x9e, 0xf7, 0x9e, 0xf7, 0x9e, 0xf7, 0x9e, 0xf7, 0x9e, 0xf7, 0x9e, 0xf7,
    0x9e, 0xf7, 0x9e, 0xf7, 0x9e, 0xf7, 0x9e, 0xf7, 0x9e, 0xf7, 0x9e, 0xf7,
    0x9e, 0xf7, 0x9e, 0xf7, 0x9e, 0xf7, 0x9e, 0xf7, 0x9e, 0xf7, 0x9e, 0xf7,
    0x9e, 0xf7, 0x9e, 0xf7, 0x9e, 0xf7, 0x9e, 0xf7, 0x9e, 0xf7, 0x9e, 0xf7,
    0x9e, 0xf7, 0x9e, 0xf7, 0x9e, 0xf7, 0x9e, 0xf7, 0x9e, 0xf7, 0x9e, 0xf7,
    0x9e, 0xf7, 0x9e, 0xf7, 0x9e, 0xf7, 0x9e, 0xf7, 0x9e, 0xf7, 0x9e, 0xf7,
    0x9e, 0xf7, 0x9e, 0xf7, 0x9e, 0xf7, 0x9e, 0xf7, 0x9e, 0xf7, 0x9e, 0xf7,
    0x9e, 0xf7, 0x9e, 0xf7, 0x9e, 0xf7, 0x9e, 0xf7, 0x9e, 0xf7, 0x9e, 0xf7,
    0x9e, 0xf7, 0x9e, 0xf7, 0x9e, 0xf7, 0x9e, 0xf7, 0x9e, 0xf7, 0x9e, 0xf7,
    0x9e, 0xf7, 0x9e, 0xf7, 0x9e, 0xf7, 0x9e, 0xf7, 0x9e, 0xf7, 0x9e, 0xf7,
    0x9e, 0xf7, 0x9e, 0xf7, 0x9e, 0xf7, 0x9e, 0xf7, 0x9e, 0xf7, 0x9e, 0xf7,
    0x9e, 0xf7, 0x9e, 0xf7, 0x9e, 0xf7, 0x9e, 0xf7, 0x9e, 0xf7, 0x9e, 0xf7,
    0x9e, 0xf7, 0x9e, 0xf7, 0x9e, 0xf7, 0x9e, 0xf7, 0x9e, 0xf7, 0x9e, 0xf7,
    0x9e, 0xf7, 0x9e, 0xf7, 0x9e, 0xf7, 0x9e, 0xf7, 0x9e, 0xf7, 0x9e, 0xf7,
    0x9e, 0xf7, 0x9e, 0xf7, 0x9e, 0xf7, 0x9e, 0xf7, 0x9e, 0xf7, 0x9e, 0xf7,
    0x9e, 0xf7, 0x9e, 0xf7, 0x9e, 0xf7, 0x9e, 0xf7, 0x9e, 0xf7, 0x9e, 0xf7,
    0x9e, 0xf7, 0x9e, 0xf7, 0x9e, 0xf7, 0x9e, 0xf7, 0x9e, 0xf7, 0x9e, 0xf7,
    0x9e, 0xf7, 0x9e, 0xf7, 0x9e, 0xf7, 0x9e, 0xf7, 0x9e, 0xf7, 0x9e, 0xf7,
    0x9e, 0xf7, 0x9e, 0xf7, 0x9e, 0xf7, 0x9e, 0xf7, 0x9e, 0xf7, 0x9e, 0xf7,
    0x9e, 0xf7, 0x9e, 0xf7, 0x9e, 0xf7, 0x9e, 0xf7, 0x9e, 0xf7, 0x9e, 0xf7,
    0x9e, 0xf7, 0x9e, 0xf7, 0x9e, 0xf7, 0x9e, 0xf7, 0x9e, 0xf7, 0x9e, 0xf7,
    0x9e, 0xf7, 0x9e, 0xf7, 0x9e, 0xf7, 0x9e, 0xf7, 0x9e, 0xf7, 0x9e, 0xf7,
    0x9e, 0xf7, 0x9e, 0xf7, 0x9e, 0xf7, 0x9e, 0xf7, 0x9e, 0xf7, 0x9e, 0xf7,
    0x9e, 0xf7, 0x9e, 0xf7, 0x9e, 0xf7, 0x9e, 0xf7, 0x9e, 0xf7, 0x9e, 0xf7,
    0x9e, 0xf7, 0x9e, 0xf7, 0x9e, 0xf7, 0x9e, 0xf7, 0x9e, 0xf7, 0x9e, 0xf7,
    0x9e, 0xf7, 0x9e, 0xf7, 0x9e, 0xf7, 0x9e, 0xf7, 0x9e, 0xf7, 0x9e, 0xf7,
    0x9e, 0xf7, 0x9e, 0xf7, 0x9e, 0xf7, 0x9e, 0xf7, 0x9e, 0xf7, 0x9e, 0xf7,
    0x9e, 0xf7, 0x9e, 0xf7, 0x9e, 0xf7, 0x9e, 0xf7, 0x9e, 0xf7, 0x9e, 0xf7,
    0x9e, 0xf7, 0x9e, 0xf7, 0x9e, 0xf7, 0x9e, 0xf7, 0x9e, 0xf7, 0x9e, 0xf7,
    0x9e, 0xf7, 0x9e, 0xf7, 0x9e, 0xf7, 0x9e, 0xf7, 0x9e, 0xf7, 0x9e, 0xf7,
    0x9e, 0xf7, 0x9e, 0xf7, 0x9e, 0xf7, 0x9e, 0xf7, 0x9e, 0xf7, 0x9e, 0xf7,
    0x9e, 0xf7, 0x9e, 0xf7, 0x9e, 0xf7, 0x9e, 0xf7, 0x9e, 0xf7, 0x9e, 0xf7,
    0x9e, 0xf7, 0x9e, 0xf7, 0x9e, 0xf7, 0x9e, 0xf7, 0x9e, 0xf7, 0x9e, 0xf7,
    0x9e, 0xf7, 0x9e, 0xf7, 0x9e, 0xf7, 0x9e, 0xf7, 0x9e, 0xf7, 0x9e, 0xf7,
    0x9e, 0xf7, 0x9e, 0xf7, 0x9e, 0xf7, 0x9e, 0xf7, 0x9e, 0xf7, 0x9e, 0xf7,
    0x9e, 0xf7, 0x9e, 0xf7, 0x9e, 0xf7, 0x9e, 0xf7, 0x9e, 0xf7, 0x9e, 0xf7,
    0x9e, 0xf7, 0x9e, 0xf7, 0x9e, 0xf7, 0x9e, 0xf7, 0x9e, 0xf7, 0x9e, 0xf7,
    0x9e, 0xf7, 0x9e, 0xf7, 0x9e, 0xf7, 0x9e, 0xf7, 0x9e, 0xf7, 0x9e, 0xf7,
    0x9e, 0xf7, 0x9e, 0xf7, 0x9e, 0xf7, 0x9e, 0xf7, 0x9e, 0xf7, 0x9e, 0xf7,
    0x9e, 0xf7, 0x9e, 0xf7, 0x9e, 0xf7, 0x9e, 0xf7, 0x9e, 0xf7, 0x9e, 0xf7,
    0x9e, 0xf7, 0x9e, 0xf7, 0x9e, 0xf7, 0x9e, 0xf7, 0x9e, 0xf7, 0x9e, 0xf7,
    0x9e, 0xf7, 0x9e, 0xf7, 0x9e, 0xf7, 0x9e, 0xf7, 0x9e, 0xf7, 0x9e, 0xf7,
    0x9e, 0xf7, 0x9e, 0xf7, 0x9e, 0xf7, 0x9e, 0xf7, 0x9e, 0xf7, 0x9e, 0xf7,
    0x9e, 0xf7, 0x9e, 0xf7, 0x9e, 0xf7, 0x9e, 0xf7, 0x9e, 0xf7, 0x9e, 0xf7,
    0x9e, 0xf7, 0x9e, 0xf7, 0x9e, 0xf7, 0x9e, 0xf7, 0x9e, 0xf7, 0x9e, 0xf7,
    0x9e, 0xf7, 0x9e, 0xf7, 0x9e, 0xf7, 0x9e, 0xf7, 0x9e, 0xf7, 0x9e, 0xf7,
    0x9e, 0xf7, 0x9e, 0xf7, 0x9e, 0xf7, 0x9e, 0xf7, 0x9e, 0xf7, 0x9e, 0xf7,
    0x9e, 0xf7, 0x9e, 0xf7, 0x9e, 0xf7, 0x9e, 0xf7, 0x9e, 0xf7, 0x9e, 0xf7,
    0x9e, 0xf7, 0x9e, 0xf7, 0x9e, 0xf7, 0x9e, 0xf7, 0x9e, 0xf7, 0x9e, 0xf7,
    0x9e, 0xf7, 0x9e, 0xf7, 0x9e, 0xf7, 0x9e, 0xf7, 0x9e, 0xf7, 0x9e, 0xf7,
    0x9e, 0xf7, 0x9e, 0xf7, 0x9e, 0xf7, 0x9e, 0xf7, 0x9e, 0xf7, 0x9e, 0xf7,
    0x9e, 0xf7, 0x9e, 0xf7, 0x9e, 0xf7, 0x9e, 0xf7, 0x9e, 0xf7, 0x9e, 0xf7,
    0x9e, 0xf7, 0x9e, 0xf7, 0x9e, 0xf7, 0x9e, 0xf7, 0x9e, 0xf7, 0x9e, 0xf7,
    0x9e, 0xf7, 0x9e, 0xf7, 0x9e, 0xf7, 0x9e, 0xf7, 0x9e, 0xf7, 0x9e, 0xf7,
    0x9e, 0xf7, 0x9e, 0xf7, 0x9e, 0xf7, 0x9e, 0xf7, 0x9e, 0xf7, 0x9e, 0xf7,
    0x9e, 0xf7, 0x9e, 0xf7, 0x9e, 0xf7, 0x9e, 0xf7, 0x9e, 0xf7, 0x9e, 0xf7,
    0x9e, 0xf7, 0x9e, 0xf7, 0x9e, 0xf7, 0x9e, 0xf7, 0x9e, 0xf7, 0x9e, 0xf7,
    0x9e, 0xf7, 0x9e, 0xf7, 0x9e, 0xf7, 0x9e, 0xf7, 0x9e, 0xf7, 0x9e, 0xf7,
    0x9e, 0xf7, 0x9e, 0xf7, 0x9e, 0xf7, 0x9e, 0xf7, 0x9e, 0xf7, 0x9e, 0xf7,
    0x9e, 0xf7, 0x9e, 0xf7, 0x9e, 0xf7, 0x9e, 0xf7, 0x9e, 0xf7, 0x9e, 0xf7,
    0x9e, 0xf7, 0x9e, 0xf7, 0x9e, 0xf7, 0x9e, 0xf7, 0x9e, 0xf7, 0x9e, 0xf7,
    0x9e, 0xf7, 0x9e, 0xf7, 0x9e, 0xf7, 0x9e, 0xf7, 0x9e, 0xf7, 0x9e, 0xf7,
    0x9e, 0xf7, 0x9e, 0xf7, 0x9e, 0xf7, 0x9e, 0xf7, 0x9e, 0xf7, 0x9e, 0xf7,
    0x9e, 0xf7, 0x9e, 0xf7, 0x9e, 0xf7, 0x9e, 0xf7, 0x9e, 0xf7, 0x9e, 0xf7,
    0x9e, 0xf7, 0x9e, 0xf7, 0x9e, 0xf7, 0x9e, 0xf7, 0x9e, 0xf7, 0x9e, 0xf7,
    0x9e, 0xf7, 0x9e, 0xf7, 0x9e, 0xf7, 0x9e, 0xf7, 0x9e, 0xf7, 0x9e, 0xf7,
    0x9e, 0xf7, 0x9e, 0xf7, 0x9e, 0xf7, 0x9e, 0xf7, 0x9e, 0xf7, 0x9e, 0xf7,
    0x9e, 0xf7, 0x9e, 0xf7, 0x9e, 0xf7, 0x9e, 0xf7, 0x9e, 0xf7, 0x9e, 0xf7,
    0x9e, 0xf7, 0x9e, 0xf7, 0x9e, 0xf7, 0x9e, 0xf7, 0x9e, 0xf7, 0x9e, 0xf7,
    0x9e, 0xf7, 0x9e, 0xf7, 0x9e, 0xf7, 0x9e, 0xf7, 0x9e, 0xf7, 0x9e, 0xf7,
    0x9e, 0xf7, 0x9e, 0xf7, 0x9e, 0xf7, 0x9e, 0xf7, 0x9e, 0xf7, 0x9e, 0xf7,
    0x9e, 0xf7, 0x9e, 0xf7, 0x9e, 0xf7, 0x9e, 0xf7, 0x9e, 0xf7, 0x9e, 0xf7,
    0x9e, 0xf7, 0x9e, 0xf7, 0x9e, 0xf7, 0x9e, 0xf7, 0x9e, 0xf7, 0x9e, 0xf7,
    0x9e, 0xf7, 0x9e, 0xf7, 0x9e, 0xf7, 0x9e, 0xf7, 0x9e, 0xf7, 0x9e, 0xf7,
    0x9e, 0xf7, 0x9e, 0xf7, 0x9e, 0xf7, 0x9e, 0xf7, 0x9e, 0xf7, 0x9e, 0xf7,
    0x9e, 0xf7, 0x9e, 0xf7, 0x9e, 0xf7, 0x9e, 0xf7, 0x9e, 0xf7, 0x9e, 0xf7,
    0x9e, 0xf7, 0x9e, 0xf7, 0x9e, 0xf7, 0x9e, 0xf7, 0x9e, 0xf7, 0x9e, 0xf7,
    0x9e, 0xf7, 0x9e, 0xf7, 0x9e, 0xf7, 0x9e, 0xf7, 0x9e, 0xf7, 0x9e, 0xf7,
    0x9e, 0xf7, 0x9e, 0xf7, 0x9e, 0xf7, 0x9e, 0xf7, 0x9e, 0xf7, 0x9e, 0xf7,
    0x9e, 0xf7, 0x9e, 0xf7, 0x9e, 0xf7, 0x9e, 0xf7, 0x9e, 0xf7, 0x9e, 0xf7,
    0x9e, 0xf7, 0x9e, 0xf7, 0x9e, 0xf7, 0x9e, 0xf7, 0x9e, 0xf7, 0x9e, 0xf7,
    0x9e, 0xf7, 0x9e, 0xf7, 0x9e, 0xf7, 0x9e, 0xf7, 0x9e, 0xf7, 0x9e, 0xf7,
    0x9e, 0xf7, 0x9e, 0xf7, 0x9e, 0xf7, 0x9e, 0xf7, 0x9e, 0xf7, 0x9e, 0xf7,
    0x9e, 0xf7, 0x9e, 0xf7, 0x9e, 0xf7, 0x9e, 0xf7, 0x9e, 0xf7, 0x9e, 0xf7,
    0x9e, 0xf7, 0x9e, 0xf7, 0x9e, 0xf7, 0x9e, 0xf7, 0x9e, 0xf7, 0x9e, 0xf7,
    0x9e, 0xf7, 0x9e, 0xf7, 0x9e, 0xf7, 0x9e, 0xf7, 0x9e, 0xf7, 0x9e, 0xf7,
    0x9e, 0xf7, 0x9e, 0xf7, 0x9e, 0xf7, 0x9e, 0xf7, 0x9e, 0xf7, 0x9e, 0xf7,
    0x9e, 0xf7, 0x9e, 0xf7, 0x9e, 0xf7, 0x9e, 0xf7, 0x9e, 0xf7, 0x9e, 0xf7,
    0x9e, 0xf7, 0x9e, 0xf7, 0x9e, 0xf7, 0x9e, 0xf7, 0x9e, 0xf7, 0x9e, 0xf7,
    0x9e, 0xf7, 0x9e, 0xf7, 0x9e, 0xf7, 0x9e, 0xf7, 0x9e, 0xf7, 0x9e, 0xf7,
    0x9e, 0xf7, 0x9e, 0xf7, 0x9e, 0xf7, 0x9e, 0xf7, 0x9e, 0xf7, 0x9e, 0xf7,
    0x9e, 0xf7, 0x9e, 0xf7, 0x9e, 0xf7, 0x9e, 0xf7, 0x9e, 0xf7, 0x9e, 0xf7,
    0x9e, 0xf7, 0x9e, 0xf7, 0x9e, 0xf7, 0x9e, 0xf7, 0x9e, 0xf7, 0x9e, 0xf7,
    0x9e, 0xf7, 0x9e, 0xf7, 0x9e, 0xf7, 0x9e, 0xf7, 0x9e, 0xf7, 0x9e, 0xf7,
    0x9e, 0xf7, 0x9e, 0xf7, 0x9e, 0xf7, 0x9e, 0xf7, 0x9e, 0xf7, 0x9e, 0xf7,
    0x9e, 0xf7, 0x9e, 0xf7, 0x9e, 0xf7, 0x9e, 0xf7, 0x9e, 0xf7, 0x9e, 0xf7,
    0x9e, 0xf7, 0x9e, 0xf7, 0x9e, 0xf7, 0x9e, 0xf7, 0x9e, 0xf7, 0x9e, 0xf7,
    0x9e, 0xf7, 0x9e, 0xf7, 0x9e, 0xf7, 0x9e, 0xf7, 0x9e, 0xf7, 0x9e, 0xf7,
    0x9e, 0xf7, 0x9e, 0xf7, 0x9e, 0xf7, 0x9e, 0xf7, 0x9e, 0xf7, 0x9e, 0xf7,
    0x9e, 0xf7, 0x9e, 0xf7, 0x9e, 0xf7, 0x9e, 0xf7, 0x9e, 0xf7, 0x9e, 0xf7,
    0x9e, 0xf7, 0x9e, 0xf7, 0x9e, 0xf7, 0x9e, 0xf7, 0x9e, 0xf7, 0x9e, 0xf7,
    0x9e, 0xf7, 0x9e, 0xf7, 0x9e, 0xf7, 0x9e, 0xf7, 0x9e, 0xf7, 0x9e, 0xf7,
    0x9e, 0xf7, 0x9e, 0xf7, 0x9e, 0xf7, 0x9e, 0xf7, 0x9e, 0xf7, 0x9e, 0xf7,
    0x9e, 0xf7, 0x9e, 0xf7, 0x9e, 0xf7, 0x9e, 0xf7, 0x9e, 0xf7, 0x9e, 0xf7,
    0x9e, 0xf7, 0x9e, 0xf7, 0x9e, 0xf7, 0x9e, 0xf7, 0x9e, 0xf7, 0x9e, 0xf7,
    0x9e, 0xf7, 0x9e, 0xf7, 0x9e, 0xf7, 0x9e, 0xf7, 0x9e, 0xf7, 0x9e, 0xf7,
    0x9e, 0xf7, 0x9e, 0xf7, 0x9e, 0xf7, 0x9e, 0xf7, 0x9e, 0xf7, 0x9e, 0xf7,
    0x9e, 0xf7, 0x9e, 0xf7, 0x9e, 0xf7, 0x9e, 0xf7, 0x9e, 0xf7, 0x9e, 0xf7,
    0x9e, 0xf7, 0x9e, 0xf7, 0x9e, 0xf7, 0x9e, 0xf7, 0x9e, 0xf7, 0x9e, 0xf7,
    0x9e, 0xf7, 0x9e, 0xf7, 0x9e, 0xf7, 0x9e, 0xf7, 0x9e, 0xf7, 0x9e, 0xf7,
    0x9e, 0xf7, 0x9e, 0xf7, 0x9e, 0xf7, 0x9e, 0xf7, 0x9e, 0xf7, 0x9e, 0xf7,
    0x9e, 0xf7, 0x9e, 0xf7, 0x9e, 0xf7, 0x9e, 0xf7, 0x9e, 0xf7, 0x9e, 0xf7,
    0x9e, 0xf7, 0x9e, 0xf7, 0x9e, 0xf7, 0x9e, 0xf7, 0x9e, 0xf7, 0x9e, 0xf7,
    0x9e, 0xf7, 0x9e, 0xf7, 0x9e, 0xf7, 0x9e, 0xf7, 0x9e, 0xf7, 0x9e, 0xf7,
    0x9e, 0xf7, 0x9e, 0xf7, 0x9e, 0xf7, 0x9e, 0xf7, 0x9e, 0xf7, 0x9e, 0xf7,
    0x9e, 0xf7, 0x9e, 0xf7, 0x9e, 0xf7, 0x9e, 0xf7, 0x9e, 0xf7, 0x9e, 0xf7,
    0x9e, 0xf7, 0x9e, 0xf7, 0x9e, 0xf7, 0x9e, 0xf7, 0x9e, 0xf7, 0x9e, 0xf7,
    0x9e, 0xf7, 0x9e, 0xf7, 0x9e, 0xf7, 0x9e, 0xf7, 0x9e, 0xf7, 0x9e, 0xf7,
    0x9e, 0xf7, 0x9e, 0xf7, 0x9e, 0xf7, 0x9e, 0xf7, 0x9e, 0xf7, 0x9e, 0xf7,
    0x9e, 0xf7, 0x9e, 0xf7, 0x9e, 0xf7, 0x9e, 0xf7, 0x9e, 0xf7, 0x9e, 0xf7,
    0x9e, 0xf7, 0x9e, 0xf7, 0x9e, 0xf7, 0x9e, 0xf7, 0x9e, 0xf7, 0x9e, 0xf7,
    0x9e, 0xf7, 0x9e, 0xf7, 0x9e, 0xf7, 0x9e, 0xf7, 0x9e, 0xf7, 0x9e, 0xf7,
    0x9e, 0xf7, 0x9e, 0xf7, 0x9e, 0xf7, 0x9e, 0xf7, 0x9e, 0xf7, 0x9e, 0xf7,
    0x9e, 0xf7, 0x9e, 0xf7, 0x9e, 0xf7, 0x9e, 0xf7, 0x9e, 0xf7, 0x9e, 0xf7,
    0x9e, 0xf7, 0x9e, 0xf7, 0x9e, 0xf7, 0x9e, 0xf7, 0x9e, 0xf7, 0x9e, 0xf7,
    0x9e, 0xf7, 0x9e, 0xf7, 0x9e, 0xf7, 0x9e, 0xf7, 0x9e, 0xf7, 0x9e, 0xf7,
    0x9e, 0xf7, 0x9e, 0xf7, 0x9e, 0xf7, 0x9e, 0xf7, 0x9e, 0xf7, 0x9e, 0xf7,
    0x9e, 0xf7, 0x9e, 0xf7, 0x9e, 0xf7, 0x9e, 0xf7, 0x9e, 0xf7, 0x9e, 0xf7,
    0x9e, 0xf7, 0x9e, 0xf7, 0x9e, 0xf7, 0x9e, 0xf7, 0x9e, 0xf7, 0x9e, 0xf7,
    0x9e, 0xf7, 0x9e, 0xf7, 0x9e, 0xf7, 0x9e, 0xf7, 0x9e, 0xf7, 0x9e, 0xf7,
    0x9e, 0xf7, 0x9e, 0xf7, 0x9e, 0xf7, 0x9e, 0xf7, 0x9e, 0xf7, 0x9e, 0xf7,
    0x9e, 0xf7, 0x9e, 0xf7, 0x9e, 0xf7, 0x9e, 0xf7, 0x9e, 0xf7, 0x9e, 0xf7,
    0x9e, 0xf7, 0x9e, 0xf7, 0x9e, 0xf7, 0x9e, 0xf7, 0x9e, 0xf7, 0x9e, 0xf7,
    0x9e, 0xf7, 0x9e, 0xf7, 0x9e, 0xf7, 0x9e, 0xf7, 0x9e, 0xf7, 0x9e, 0xf7,
    0x9e, 0xf7, 0x9e, 0xf7, 0x9e, 0xf7, 0x9e, 0xf7, 0x9e, 0xf7, 0x9e, 0xf7,
    0x9e, 0xf7, 0x9e, 0xf7, 0x9e, 0xf7, 0x9e, 0xf7, 0x9e, 0xf7, 0x9e, 0xf7,
    0x9e, 0xf7, 0x9e, 0xf7, 0x9e, 0xf7, 0x9e, 0xf7, 0x9e, 0xf7, 0x9e, 0xf7,
    0x9e, 0xf7, 0x9e, 0xf7, 0x9e, 0xf7, 0x9e, 0xf7, 0x9e, 0xf7, 0x9e, 0xf7,
    0x9e, 0xf7, 0x9e, 0xf7, 0x9e, 0xf7, 0x9e, 0xf7, 0x9e, 0xf7, 0x9e, 0xf7,
    0x9e, 0xf7, 0x9e, 0xf7, 0x9e, 0xf7, 0x9e, 0xf7, 0x9e, 0xf7, 0x9e, 0xf7,
    0x9e, 0xf7, 0x9e, 0xf7, 0x9e, 0xf7, 0x9e, 0xf7, 0x9e, 0xf7, 0x9e, 0xf7,
    0x9e, 0xf7, 0x9e, 0xf7, 0x9e, 0xf7, 0x9e, 0xf7, 0x9e, 0xf7, 0x9e, 0xf7,
    0x9e, 0xf7, 0x9e, 0xf7, 0x9e, 0xf7, 0x9e, 0xf7, 0x9e, 0xf7, 0x9e, 0xf7,
    0x9e, 0xf7, 0x9e, 0xf7, 0x9e, 0xf7, 0x9e, 0xf7, 0x9e, 0xf7, 0x9e, 0xf7,
    0x9e, 0xf7, 0x9e, 0xf7, 0x9e, 0xf7, 0x9e, 0xf7, 0x9e, 0xf7, 0x9e, 0xf7,
    0x9e, 0xf7, 0x9e, 0xf7, 0x9e, 0xf7, 0x9e, 0xf7, 0x9e, 0xf7, 0x9e, 0xf7,
    0x9e, 0xf7, 0x9e, 0xf7, 0x9e, 0xf7, 0x9e, 0xf7, 0x9e, 0xf7, 0x9e, 0xf7,
    0x9e, 0xf7, 0x9e, 0xf7, 0x9e, 0xf7, 0x9e, 0xf7, 0x9e, 0xf7, 0x9e, 0xf7,
    0x9e, 0xf7, 0x9e, 0xf7, 0x9e, 0xf7, 0x9e, 0xf7, 0x9e, 0xf7, 0x9e, 0xf7,
    0x9e, 0xf7, 0x9e, 0xf7, 0x9e, 0xf7, 0x9e, 0xf7, 0x9e, 0xf7, 0x9e, 0xf7,
    0x9e, 0xf7, 0x9e, 0xf7, 0x9e, 0xf7, 0x9e, 0xf7, 0x9e, 0xf7, 0x9e, 0xf7,
    0x9e, 0xf7, 0x9e, 0xf7, 0x9e, 0xf7, 0x9e, 0xf7, 0x9e, 0xf7, 0x9e, 0xf7,
    0x9e, 0xf7, 0x9e, 0xf7, 0x9e, 0xf7, 0x9e, 0xf7, 0x9e, 0xf7, 0x9e, 0xf7,
    0x9e, 0xf7, 0x9e, 0xf7, 0x9e, 0xf7, 0x9e, 0xf7, 0x9e, 0xf7, 0x9e, 0xf7,
    0x9e, 0xf7, 0x9e, 0xf7, 0x9e, 0xf7, 0x9e, 0xf7, 0x9e, 0xf7, 0x9e, 0xf7,
    0x9e, 0xf7, 0x9e, 0xf7, 0x9e, 0xf7, 0x9e, 0xf7, 0x9e, 0xf7, 0x9e, 0xf7,
    0x9e, 0xf7, 0x9e, 0xf7, 0x9e, 0xf7, 0x9e, 0xf7, 0x9e, 0xf7, 0x9e, 0xf7,
    0x9e, 0xf7, 0x9e, 0xf7, 0x9e, 0xf7, 0x9e, 0xf7, 0x9e, 0xf7, 0x9e, 0xf7,
    0x9e, 0xf7, 0x9e, 0xf7, 0x9e, 0xf7, 0x9e, 0xf7, 0x9e, 0xf7, 0x9e, 0xf7,
    0x9e, 0xf7, 0x9e, 0xf7, 0x9e, 0xf7, 0x9e, 0xf7, 0x9e, 0xf7, 0x9e, 0xf7,
    0x9e, 0xf7, 0x9e, 0xf7, 0x9e, 0xf7, 0x9e, 0xf7, 0x9e, 0xf7, 0x9e, 0xf7,
    0x9e, 0xf7, 0x9e, 0xf7, 0x9e, 0xf7, 0x9e, 0xf7, 0x9e, 0xf7, 0x9e, 0xf7,
    0x9e, 0xf7, 0x9e, 0xf7, 0x9e, 0xf7, 0x9e, 0xf7, 0x9e, 0xf7, 0x9e, 0xf7,
    0x9e, 0xf7, 0x9e, 0xf7, 0x9e, 0xf7, 0x9e, 0xf7, 0x9e, 0xf7, 0x9e, 0xf7,
    0x9e, 0xf7, 0x9e, 0xf7, 0x9e, 0xf7, 0x9e, 0xf7, 0x9e, 0xf7, 0x9e, 0xf7,
    0x9e, 0xf7, 0x9e, 0xf7, 0x9e, 0xf7, 0x9e, 0xf7, 0x9e, 0xf7, 0x9e, 0xf7,
    0x9e, 0xf7, 0x9e, 0xf7, 0x9e, 0xf7, 0x9e, 0xf7, 0x9e, 0xf7, 0x9e, 0xf7,
    0x9e, 0xf7, 0x9e, 0xf7, 0x9e, 0xf7, 0x9e, 0xf7, 0x9e, 0xf7, 0x9e, 0xf7,
    0x9e, 0xf7, 0x9e, 0xf7, 0x9e, 0xf7, 0x9e, 0xf7, 0x9e, 0xf7, 0x9e, 0xf7,
    0x9e, 0xf7, 0x9e, 0xf7, 0x9e, 0xf7, 0x9e, 0xf7, 0x9e, 0xf7, 0x9e, 0xf7,
    0x9e, 0xf7, 0x9e, 0xf7, 0x9e, 0xf7, 0x9e, 0xf7, 0x9e, 0xf7, 0x9e, 0xf7,
    0x9e, 0xf7, 0x9e, 0xf7, 0x9e, 0xf7, 0x9e, 0xf7, 0x9e, 0xf7, 0x9e, 0xf7,
    0x9e, 0xf7, 0x9e, 0xf7, 0x9e, 0xf7, 0x9e, 0xf7, 0x9e, 0xf7, 0x9e, 0xf7,
    0x9e, 0xf7, 0x9e, 0xf7, 0x9e, 0xf7, 0x9e, 0xf7, 0x9e, 0xf7, 0x9e, 0xf7,
    0x9e, 0xf7, 0x9e, 0xf7, 0x9e, 0xf7, 0x9e, 0xf7, 0x9e, 0xf7, 0x9e, 0xf7,
    0x9e, 0xf7, 0x9e, 0xf7, 0x9e, 0xf7, 0x9e, 0xf7, 0x9e, 0xf7, 0x9e, 0xf7,
    0x9e, 0xf7, 0x9e, 0xf7, 0x9e, 0xf7, 0x9e, 0xf7, 0x9e, 0xf7, 0x9e, 0xf7,
    0x9e, 0xf7, 0x9e, 0xf7, 0x9e, 0xf7, 0x9e, 0xf7, 0x9e, 0xf7, 0x9e, 0xf7,
    0x9e, 0xf7, 0x9e, 0xf7, 0x9e, 0xf7, 0x9e, 0xf7, 0x9e, 0xf7, 0x9e, 0xf7,
    0x9e, 0xf7, 0x9e, 0xf7, 0x9e, 0xf7, 0x9e, 0xf7, 0x9e, 0xf7, 0x9e, 0xf7,
    0x9e, 0xf7, 0x9e, 0xf7, 0x9e, 0xf7, 0x9e, 0xf7, 0x9e, 0xf7, 0x9e, 0xf7,
    0x9e, 0xf7, 0x9e, 0xf7, 0x9e, 0xf7, 0x9e, 0xf7, 0x9e, 0xf7, 0x9e, 0xf7,
    0x9e, 0xf7, 0x9e, 0xf7, 0x9e, 0xf7, 0x9e, 0xf7, 0x9e, 0xf7, 0x9e, 0xf7,
    0x9e, 0xf7, 0x9e, 0xf7, 0x9e, 0xf7, 0x9e, 0xf7, 0x9e, 0xf7, 0x9e, 0xf7,
    0x9e, 0xf7, 0x9e, 0xf7, 0x9e, 0xf7, 0x9e, 0xf7, 0x9e, 0xf7, 0x9e, 0xf7,
    0x9e, 0xf7, 0x9e, 0xf7, 0x9e, 0xf7, 0x9e, 0xf7, 0x9e, 0xf7, 0x9e, 0xf7,
    0x9e, 0xf7, 0x9e, 0xf7, 0x9e, 0xf7, 0x9e, 0xf7, 0x9e, 0xf7, 0x9e, 0xf7,
    0x9e, 0xf7, 0x9e, 0xf7, 0x9e, 0xf7, 0x9e, 0xf7, 0x9e, 0xf7, 0x9e, 0xf7,
    0x9e, 0xf7, 0x9e, 0xf7, 0x9e, 0xf7, 0x9e, 0xf7, 0x9e, 0xf7, 0x9e, 0xf7,
    0x9e, 0xf7, 0x9e, 0xf7, 0x9e, 0xf7, 0x9e, 0xf7, 0x9e, 0xf7, 0x9e, 0xf7,
    0x9e, 0xf7, 0x9e, 0xf7, 0x9e, 0xf7, 0x9e, 0xf7, 0x9e, 0xf7, 0x9e, 0xf7,
    0x9e, 0xf7, 0x9e, 0xf7, 0x9e, 0xf7, 0x9e, 0xf7, 0x9e, 0xf7, 0x9e, 0xf7,
    0x9e, 0xf7, 0x9e, 0xf7, 0x9e, 0xf7, 0x9e, 0xf7, 0x9e, 0xf7, 0x9e, 0xf7,
    0x9e, 0xf7, 0x9e, 0xf7, 0x9e, 0xf7, 0x9e, 0xf7, 0x9e, 0xf7, 0x9e, 0xf7,
    0x9e, 0xf7, 0x9e, 0xf7, 0x9e, 0xf7, 0x9e, 0xf7, 0x9e, 0xf7, 0x9e, 0xf7,
    0x9e, 0xf7, 0x9e, 0xf7, 0x9e, 0xf7, 0x9e, 0xf7, 0x9e, 0xf7, 0x9e, 0xf7,
    0x9e, 0xf7, 0x9e, 0xf7, 0x9e, 0xf7, 0x9e, 0xf7, 0x9e, 0xf7, 0x9e, 0xf7,
    0x9e, 0xf7, 0x9e, 0xf7, 0x9e, 0xf7, 0x9e, 0xf7, 0x9e, 0xf7, 0x9e, 0xf7,
    0x9e, 0xf7, 0x9e, 0xf7, 0x9e, 0xf7, 0x9e, 0xf7, 0x9e, 0xf7, 0x9e, 0xf7,
    0x9e, 0xf7, 0x9e, 0xf7, 0x9e, 0xf7, 0x9e, 0xf7, 0x9e, 0xf7, 0x9e, 0xf7,
    0x9e, 0xf7, 0x9e, 0xf7, 0x9e, 0xf7, 0x9e, 0xf7, 0x9e, 0xf7, 0x9e, 0xf7,
    0x9e, 0xf7, 0x9e, 0xf7, 0x9e, 0xf7, 0x9e, 0xf7, 0x9e, 0xf7, 0x9e, 0xf7,
    0x9e, 0xf7, 0x9e, 0xf7, 0x9e, 0xf7, 0x9e, 0xf7, 0x9e, 0xf7, 0x9e, 0xf7,
    0x9e, 0xf7, 0x9e, 0xf7, 0x9e, 0xf7, 0x9e, 0xf7, 0x9e, 0xf7, 0x9e, 0xf7,
    0x9e, 0xf7, 0x9e, 0xf7, 0x9e, 0xf7, 0x9e, 0xf7, 0x9e, 0xf7, 0x9e, 0xf7,
    0x9e, 0xf7, 0x9e, 0xf7, 0x9e, 0xf7, 0x9e, 0xf7, 0x9e, 0xf7, 0x9e, 0xf7,
    0x9e, 0xf7, 0x9e, 0xf7, 0x9e, 0xf7, 0x9e, 0xf7, 0x9e, 0xf7, 0x9e, 0xf7,
    0x9e, 0xf7, 0x9e, 0xf7, 0x9e, 0xf7, 0x9e, 0xf7, 0x9e, 0xf7, 0x9e, 0xf7,
    0x9e, 0xf7, 0x9e, 0xf7, 0x9e, 0xf7, 0x9e, 0xf7, 0x9e, 0xf7, 0x9e, 0xf7,
    0x9e, 0xf7, 0x9e, 0xf7, 0x9e, 0xf7, 0x9e, 0xf7, 0x9e, 0xf7, 0x9e, 0xf7,
    0x9e, 0xf7, 0x9e, 0xf7, 0x9e, 0xf7, 0x9e, 0xf7, 0x9e, 0xf7, 0x9e, 0xf7,
    0x9e, 0xf7, 0x9e, 0xf7, 0x9e, 0xf7, 0x9e, 0xf7, 0x9e, 0xf7, 0x9e, 0xf7,
    0x9e, 0xf7, 0x9e, 0xf7, 0x9e, 0xf7, 0x9e, 0xf7, 0x9e, 0xf7, 0x9e, 0xf7,
    0x9e, 0xf7, 0x9e, 0xf7, 0x9e, 0xf7, 0x9e, 0xf7, 0x9e, 0xf7, 0x9e, 0xf7,
    0x9e, 0xf7, 0x9e, 0xf7, 0x9e, 0xf7, 0x9e, 0xf7, 0x9e, 0xf7, 0x9e, 0xf7,
    0x9e, 0xf7, 0x9e, 0xf7, 0x9e, 0xf7, 0x9e, 0xf7, 0x9e, 0xf7, 0x9e, 0xf7,
    0x9e, 0xf7, 0x9e, 0xf7, 0x9e, 0xf7, 0x9e, 0xf7, 0x9e, 0xf7, 0x9e, 0xf7,
    0x9e, 0xf7, 0x9e, 0xf7, 0x9e, 0xf7, 0x9e, 0xf7, 0x9e, 0xf7, 0x9e, 0xf7,
    0x9e, 0xf7, 0x9e, 0xf7, 0x9e, 0xf7, 0x9e, 0xf7, 0x9e, 0xf7, 0x9e, 0xf7,
    0x9e, 0xf7, 0x9e, 0xf7, 0x9e, 0xf7, 0x9e, 0xf7, 0x9e, 0xf7, 0x9e, 0xf7,
    0x9e, 0xf7, 0x9e, 0xf7, 0x9e, 0xf7, 0x9e, 0xf7, 0x9e, 0xf7, 0x9e, 0xf7,
    0x9e, 0xf7, 0x9e, 0xf7, 0x9e, 0xf7, 0x9e, 0xf7, 0x9e, 0xf7, 0x9e, 0xf7,
    0x9e, 0xf7, 0x9e, 0xf7, 0x9e, 0xf7, 0x9e, 0xf7, 0x9e, 0xf7, 0x9e, 0xf7,
    0x9e, 0xf7, 0x9e, 0xf7, 0x9e, 0xf7, 0x9e, 0xf7, 0x9e, 0xf7, 0x9e, 0xf7,
    0x9e, 0xf7, 0x9e, 0xf7, 0x9e, 0xf7, 0x9e, 0xf7, 0x9e, 0xf7, 0x9e, 0xf7,
    0x9e, 0xf7, 0x9e, 0xf7, 0x9e, 0xf7, 0x9e, 0xf7, 0x9e, 0xf7, 0x9e, 0xf7,
    0x9e, 0xf7, 0x9e, 0xf7, 0x9e, 0xf7, 0x9e, 0xf7, 0x9e, 0xf7, 0x9e, 0xf7,
    0x9e, 0xf7, 0x9e, 0xf7, 0x9e, 0xf7, 0x9e, 0xf7, 0x9e, 0xf7, 0x9e, 0xf7,
    0x9e, 0xf7, 0x9e, 0xf7, 0x9e, 0xf7, 0x9e, 0xf7, 0x9e, 0xf7, 0x9e, 0xf7,
    0x9e, 0xf7, 0x9e, 0xf7, 0x9e, 0xf7, 0x9e, 0xf7, 0x9e, 0xf7, 0x9e, 0xf7,
    0x9e, 0xf7, 0x9e, 0xf7, 0x9e, 0xf7, 0x9e, 0xf7, 0x9e, 0xf7, 0x9e, 0xf7,
    0x9e, 0xf7, 0x9e, 0xf7, 0x9e, 0xf7, 0x9e, 0xf7, 0x9e, 0xf7, 0x9e, 0xf7,
    0x9e, 0xf7, 0x9e, 0xf7, 0x9e, 0xf7, 0x9e, 0xf7, 0x9e, 0xf7, 0x9e, 0xf7,
    0x9e, 0xf7, 0x9e, 0xf7, 0x9e, 0xf7, 0x9e, 0xf7, 0x9e, 0xf7, 0x9e, 0xf7,
    0x9e, 0xf7, 0x9e, 0xf7, 0x9e, 0xf7, 0x9e, 0xf7, 0x9e, 0xf7, 0x9e, 0xf7,
    0x9e, 0xf7, 0x9e, 0xf7, 0x9e, 0xf7, 0x9e, 0xf7, 0x9e, 0xf7, 0x9e, 0xf7,
    0x9e, 0xf7, 0x9e, 0xf7, 0x9e, 0xf7, 0x9e, 0xf7, 0x9e, 0xf7, 0x9e, 0xf7,
    0x9e, 0xf7, 0x9e, 0xf7, 0x9e, 0xf7, 0x9e, 0xf7, 0x9e, 0xf7, 0x9e, 0xf7,
    0x9e, 0xf7, 0x9e, 0xf7, 0x9e, 0xf7, 0x9e, 0xf7, 0x9e, 0xf7, 0x9e, 0xf7,
    0x9e, 0xf7, 0x9e, 0xf7, 0x9e, 0xf7, 0x9e, 0xf7, 0x9e, 0xf7, 0x9e, 0xf7,
    0x9e, 0xf7, 0x9e, 0xf7, 0x9e, 0xf7, 0x9e, 0xf7, 0x9e, 0xf7, 0x9e, 0xf7,
    0x9e, 0xf7, 0x9e, 0xf7, 0x9e, 0xf7, 0x9e, 0xf7, 0x9e, 0xf7, 0x9e, 0xf7,
    0x9e, 0xf7, 0x9e, 0xf7, 0x9e, 0xf7, 0x9e, 0xf7, 0x9e, 0xf7, 0x9e, 0xf7,
    0x9e, 0xf7, 0x9e, 0xf7, 0x9e, 0xf7, 0x9e, 0xf7, 0x9e, 0xf7, 0x9e, 0xf7,
    0x9e, 0xf7, 0x9e, 0xf7, 0x9e, 0xf7, 0x9e, 0xf7, 0x9e, 0xf7, 0x9e, 0xf7,
    0x9e, 0xf7, 0x9e, 0xf7, 0x9e, 0xf7, 0x9e, 0xf7, 0x9e, 0xf7, 0x9e, 0xf7,
    0x9e, 0xf7, 0x9e, 0xf7, 0x9e, 0xf7, 0x9e, 0xf7, 0x9e, 0xf7, 0x9e, 0xf7,
    0x9e, 0xf7, 0x9e, 0xf7, 0x9e, 0xf7, 0x9e, 0xf7, 0x9e, 0xf7, 0x9e, 0xf7,
    0x9e, 0xf7, 0x9e, 0xf7, 0x9e, 0xf7, 0x9e, 0xf7, 0x9e, 0xf7, 0x9e, 0xf7,
    0x9e, 0xf7, 0x9e, 0xf7, 0x9e, 0xf7, 0x9e, 0xf7, 0x9e, 0xf7, 0x9e, 0xf7,
    0x9e, 0xf7, 0x9e, 0xf7, 0x9e, 0xf7, 0x9e, 0xf7, 0x9e, 0xf7, 0x9e, 0xf7,
    0x9e, 0xf7, 0x9e, 0xf7, 0x9e, 0xf7, 0x9e, 0xf7, 0x9e, 0xf7, 0x9e, 0xf7,
    0x9e, 0xf7, 0x9e, 0xf7, 0x9e, 0xf7, 0x9e, 0xf7, 0x9e, 0xf7, 0x9e, 0xf7,
    0x9e, 0xf7, 0x9e, 0xf7, 0x9e, 0xf7, 0x9e, 0xf7, 0x9e, 0xf7, 0x9e, 0xf7,
    0x9e, 0xf7, 0x9e, 0xf7, 0x9e, 0xf7, 0x9e, 0xf7, 0x9e, 0xf7, 0x9e, 0xf7,
    0x9e, 0xf7, 0x9e, 0xf7, 0x9e, 0xf7, 0x9e, 0xf7, 0x9e, 0xf7, 0x9e, 0xf7,
    0x9e, 0xf7, 0x9e, 0xf7, 0x9e, 0xf7, 0x9e, 0xf7, 0x9e, 0xf7, 0x9e, 0xf7,
    0x9e, 0xf7, 0x9e, 0xf7, 0x9e, 0xf7, 0x9e, 0xf7, 0x9e, 0xf7, 0x9e, 0xf7,
    0x9e, 0xf7, 0x9e, 0xf7, 0x9e, 0xf7, 0x9e, 0xf7, 0x9e, 0xf7, 0x9e, 0xf7,
    0x9e, 0xf7, 0x9e, 0xf7, 0x9e, 0xf7, 0x9e, 0xf7, 0x9e, 0xf7, 0x9e, 0xf7,
    0x9e, 0xf7, 0x9e, 0xf7, 0x9e, 0xf7, 0x9e, 0xf7, 0x9e, 0xf7, 0x9e, 0xf7,
    0x9e, 0xf7, 0x9e, 0xf7, 0x9e, 0xf7, 0x9e, 0xf7, 0x9e, 0xf7, 0x9e, 0xf7,
    0x9e, 0xf7, 0x9e, 0xf7, 0x9e, 0xf7, 0x9e, 0xf7, 0x9e, 0xf7, 0x9e, 0xf7,
    0x9e, 0xf7, 0x9e, 0xf7, 0x9e, 0xf7, 0x9e, 0xf7, 0x9e, 0xf7, 0x9e, 0xf7,
    0x9e, 0xf7, 0x9e, 0xf7, 0x9e, 0xf7, 0x9e, 0xf7, 0x9e, 0xf7, 0x9e, 0xf7,
    0x9e, 0xf7, 0x9e, 0xf7, 0x9e, 0xf7, 0x9e, 0xf7, 0x9e, 0xf7, 0x9e, 0xf7,
    0x9e, 0xf7, 0x9e, 0xf7, 0x9e, 0xf7, 0x9e, 0xf7, 0x9e, 0xf7, 0x9e, 0xf7,
    0x9e, 0xf7, 0x9e, 0xf7, 0x9e, 0xf7, 0x9e, 0xf7, 0x9e, 0xf7, 0x9e, 0xf7,
    0x9e, 0xf7, 0x9e, 0xf7, 0x9e, 0xf7, 0x9e, 0xf7, 0x9e, 0xf7, 0x9e, 0xf7,
    0x9e, 0xf7, 0x9e, 0xf7, 0x9e, 0xf7, 0x9e, 0xf7, 0x9e, 0xf7, 0x9e, 0xf7,
    0x9e, 0xf7, 0x9e, 0xf7, 0x9e, 0xf7, 0x9e, 0xf7, 0x9e, 0xf7, 0x9e, 0xf7,
    0x9e, 0xf7, 0x9e, 0xf7, 0x9e, 0xf7, 0x9e, 0xf7, 0x9e, 0xf7, 0x9e, 0xf7,
    0x9e, 0xf7, 0x9e, 0xf7, 0x9e, 0xf7, 0x9e, 0xf7, 0x9e, 0xf7, 0x9e, 0xf7,
    0x9e, 0xf7, 0x9e, 0xf7, 0x9e, 0xf7, 0x9e, 0xf7, 0x9e, 0xf7, 0x9e, 0xf7,
    0x9e, 0xf7, 0x9e, 0xf7, 0x9e, 0xf7, 0x9e, 0xf7, 0x9e, 0xf7, 0x9e, 0xf7,
    0x9e, 0xf7, 0x9e, 0xf7, 0x9e, 0xf7, 0x9e, 0xf7, 0x9e, 0xf7, 0x9e, 0xf7,
    0x9e, 0xf7, 0x9e, 0xf7, 0x9e, 0xf7, 0x9e, 0xf7, 0x9e, 0xf7, 0x9e, 0xf7,
    0x9e, 0xf7, 0x9e, 0xf7, 0x9e, 0xf7, 0x9e, 0xf7, 0x9e, 0xf7, 0x9e, 0xf7,
    0x9e, 0xf7, 0x9e, 0xf7, 0x9e, 0xf7, 0x9e, 0xf7, 0x9e, 0xf7, 0x9e, 0xf7,
    0x9e, 0xf7, 0x9e, 0xf7, 0x9e, 0xf7, 0x9e, 0xf7, 0x9e, 0xf7, 0x9e, 0xf7,
    0x9e, 0xf7, 0x9e, 0xf7, 0x9e, 0xf7, 0x9e, 0xf7, 0x9e, 0xf7, 0x9e, 0xf7,
    0x9e, 0xf7, 0x9e, 0xf7, 0x9e, 0xf7, 0x9e, 0xf7, 0x9e, 0xf7, 0x9e, 0xf7,
    0x9e, 0xf7, 0x9e, 0xf7, 0x9e, 0xf7, 0x9e, 0xf7, 0x9e, 0xf7, 0x9e, 0xf7,
    0x9e, 0xf7, 0x9e, 0xf7, 0x9e, 0xf7, 0x9e, 0xf7, 0x9e, 0xf7, 0x9e, 0xf7,
    0x9e, 0xf7, 0x9e, 0xf7, 0x9e, 0xf7, 0x9e, 0xf7, 0x9e, 0xf7, 0x9e, 0xf7,
    0x9e, 0xf7, 0x9e, 0xf7, 0x9e, 0xf7, 0x9e, 0xf7, 0x9e, 0xf7, 0x9e, 0xf7,
    0x9e, 0xf7, 0x9e, 0xf7, 0x9e, 0xf7, 0x9e, 0xf7, 0x9e, 0xf7, 0x9e, 0xf7,
    0x9e, 0xf7, 0x9e, 0xf7, 0x9e, 0xf7, 0x9e, 0xf7, 0x9e, 0xf7, 0x9e, 0xf7,
    0x9e, 0xf7, 0x9e, 0xf7, 0x9e, 0xf7, 0x9e, 0xf7, 0x9e, 0xf7, 0x9e, 0xf7,
    0x9e, 0xf7, 0x9e, 0xf7, 0x9e, 0xf7, 0x9e, 0xf7, 0x9e, 0xf7, 0x9e, 0xf7,
    0x9e, 0xf7, 0x9e, 0xf7, 0x9e, 0xf7, 0x9e, 0xf7, 0x9e, 0xf7, 0x9e, 0xf7,
    0x9e, 0xf7, 0x9e, 0xf7, 0x9e, 0xf7, 0x9e, 0xf7, 0x9e, 0xf7, 0x9e, 0xf7,
    0x9e, 0xf7, 0x9e, 0xf7, 0x9e, 0xf7, 0x9e, 0xf7, 0x9e, 0xf7, 0x9e, 0xf7,
    0x9e, 0xf7, 0x9e, 0xf7, 0x9e, 0xf7, 0x9e, 0xf7, 0x9e, 0xf7, 0x9e, 0xf7,
    0x9e, 0xf7, 0x9e, 0xf7, 0x9e, 0xf7, 0x9e, 0xf7, 0x9e, 0xf7, 0x9e, 0xf7,
    0x9e, 0xf7, 0x9e, 0xf7, 0x9e, 0xf7, 0x9e, 0xf7, 0x9e, 0xf7, 0x9e, 0xf7,
    0x9e, 0xf7, 0x9e, 0xf7, 0x9e, 0xf7, 0x9e, 0xf7, 0x9e, 0xf7, 0x9e, 0xf7,
    0x9e, 0xf7, 0x9e, 0xf7, 0x9e, 0xf7, 0x9e, 0xf7, 0x9e, 0xf7, 0x9e, 0xf7,
    0x9e, 0xf7, 0x9e, 0xf7, 0x9e, 0xf7, 0x9e, 0xf7, 0x9e, 0xf7, 0x9e, 0xf7,
    0x9e, 0xf7, 0x9e, 0xf7, 0x9e, 0xf7, 0x9e, 0xf7, 0x9e, 0xf7, 0x9e, 0xf7,
    0x9e, 0xf7, 0x9e, 0xf7, 0x9e, 0xf7, 0x9e, 0xf7, 0x9e, 0xf7, 0x9e, 0xf7,
    0x9e, 0xf7, 0x9e, 0xf7, 0x9e, 0xf7, 0x9e, 0xf7, 0x9e, 0xf7, 0x9e, 0xf7,
    0x9e, 0xf7, 0x9e, 0xf7, 0x9e, 0xf7, 0x9e, 0xf7, 0x9e, 0xf7, 0x9e, 0xf7,
    0x9e, 0xf7, 0x9e, 0xf7, 0x9e, 0xf7, 0x9e, 0xf7, 0x9e, 0xf7, 0x9e, 0xf7,
    0x9e, 0xf7, 0x9e, 0xf7, 0x9e, 0xf7, 0x9e, 0xf7, 0x9e, 0xf7, 0x9e, 0xf7,
    0x9e, 0xf7, 0x9e, 0xf7, 0x9e, 0xf7, 0x9e, 0xf7, 0x9e, 0xf7, 0x9e, 0xf7,
    0x9e, 0xf7, 0x9e, 0xf7, 0x9e, 0xf7, 0x9e, 0xf7, 0x9e, 0xf7, 0x9e, 0xf7,
    0x9e, 0xf7, 0x9e, 0xf7, 0x9e, 0xf7, 0x9e, 0xf7, 0x9e, 0xf7, 0x9e, 0xf7,
    0x9e, 0xf7, 0x9e, 0xf7, 0x9e, 0xf7, 0x9e, 0xf7, 0x9e, 0xf7, 0x9e, 0xf7,
    0x9e, 0xf7, 0x9e, 0xf7, 0x9e, 0xf7, 0x9e, 0xf7, 0x9e, 0xf7, 0x9e, 0xf7,
    0x9e, 0xf7, 0x9e, 0xf7, 0x9e, 0xf7, 0x9e, 0xf7, 0x9e, 0xf7, 0x9e, 0xf7,
    0x9e, 0xf7, 0x9e, 0xf7, 0x9e, 0xf7, 0x9e, 0xf7, 0x9e, 0xf7, 0x9e, 0xf7,
    0x9e, 0xf7, 0x9e, 0xf7, 0x9e, 0xf7, 0x9e, 0xf7, 0x9e, 0xf7, 0x9e, 0xf7,
    0x9e, 0xf7, 0x9e, 0xf7, 0x9e, 0xf7, 0x9e, 0xf7, 0x9e, 0xf7, 0x9e, 0xf7,
    0x9e, 0xf7, 0x9e, 0xf7, 0x9e, 0xf7, 0x9e, 0xf7, 0x9e, 0xf7, 0x9e, 0xf7,
    0x9e, 0xf7, 0x9e, 0xf7, 0x9e, 0xf7, 0x9e, 0xf7, 0x9e, 0xf7, 0x9e, 0xf7,
    0x9e, 0xf7, 0x9e, 0xf7, 0x9e, 0xf7, 0x9e, 0xf7, 0x9e, 0xf7, 0x9e, 0xf7,
    0x9e, 0xf7, 0x9e, 0xf7, 0x9e, 0xf7, 0x9e, 0xf7, 0x9e, 0xf7, 0x9e, 0xf7,
    0x9e, 0xf7, 0x9e, 0xf7, 0x9e, 0xf7, 0x9e, 0xf7, 0x9e, 0xf7, 0x9e, 0xf7,
    0x9e, 0xf7, 0x9e, 0xf7, 0x9e, 0xf7, 0x9e, 0xf7, 0x9e, 0xf7, 0x9e, 0xf7,
    0x9e, 0xf7, 0x9e, 0xf7, 0x9e, 0xf7, 0x9e, 0xf7, 0x9e, 0xf7, 0x9e, 0xf7,
    0x9e, 0xf7, 0x9e, 0xf7, 0x9e, 0xf7, 0x9e, 0xf7, 0x9e, 0xf7, 0x9e, 0xf7,
    0x9e, 0xf7, 0x9e, 0xf7, 0x9e, 0xf7, 0x9e, 0xf7, 0x9e, 0xf7, 0x9e, 0xf7,
    0x9e, 0xf7, 0x9e, 0xf7, 0x9e, 0xf7, 0x9e, 0xf7, 0x9e, 0xf7, 0x9e, 0xf7,
    0x9e, 0xf7, 0x9e, 0xf7, 0x9e, 0xf7, 0x9e, 0xf7, 0x9e, 0xf7, 0x9e, 0xf7,
    0x9e, 0xf7, 0x9e, 0xf7, 0x9e, 0xf7, 0x9e, 0xf7, 0x9e, 0xf7, 0x9e, 0xf7
};

const lv_image_dsc_t img_probe_icon_0 = {
  .header = {
    .magic = LV_IMAGE_HEADER_MAGIC,
    .cf = LV_COLOR_FORMAT_RGB565,
    .flags = 0,
    .w = 150,
    .h = 150,
    .stride = 300,
    .reserved_2 = 0,
  },
  .data_size = sizeof(img_probe_icon_0_map),
  .data = img_probe_icon_0_map,
  .reserved = NULL,
};
