#if defined(LV_LVGL_H_INCLUDE_SIMPLE)
#include "lvgl.h"
#elif defined(LV_LVGL_H_INCLUDE_SYSTEM)
#include <lvgl.h>
#elif defined(LV_BUILD_TEST)
#include "../lvgl.h"
#else
#include "lvgl/lvgl.h"
#endif

#ifndef LV_ATTRIBUTE_MEM_ALIGN
#define LV_ATTRIBUTE_MEM_ALIGN
#endif

#ifndef LV_ATTRIBUTE_IMG_IMG_PROBE_OUT_8
#define LV_ATTRIBUTE_IMG_IMG_PROBE_OUT_8
#endif

static const LV_ATTRIBUTE_MEM_ALIGN LV_ATTRIBUTE_LARGE_CONST
    LV_ATTRIBUTE_IMG_IMG_PROBE_OUT_8 uint8_t img_probe_out_8_map[] = {
        0x93, 0xff, 0x93, 0xff, 0x93, 0xff, 0x93, 0xff, 0x73, 0xff, 0x73, 0xff,
        0x73, 0xff, 0x72, 0xff, 0x72, 0xff, 0x72, 0xff, 0x72, 0xff, 0x72, 0xff,
        0x72, 0xff, 0x52, 0xff, 0x52, 0xff, 0x52, 0xff, 0x52, 0xff, 0x51, 0xff,
        0x51, 0xff, 0x51, 0xff, 0x51, 0xff, 0x51, 0xff, 0x31, 0xff, 0x31, 0xff,
        0x31, 0xff, 0x31, 0xff, 0x31, 0xff, 0x30, 0xff, 0x30, 0xff, 0x30, 0xff,
        0x10, 0xff, 0x10, 0xff, 0x10, 0xff, 0x10, 0xff, 0x10, 0xff, 0x10, 0xff,
        0x10, 0xff, 0x0f, 0xff, 0x0f, 0xff, 0xef, 0xfe, 0xef, 0xfe, 0xef, 0xfe,
        0xef, 0xfe, 0xef, 0xfe, 0xef, 0xfe, 0xef, 0xfe, 0xef, 0xfe, 0xee, 0xfe,
        0xce, 0xfe, 0xce, 0xfe, 0xce, 0xfe, 0xce, 0xfe, 0xce, 0xfe, 0xce, 0xfe,
        0xce, 0xfe, 0xce, 0xfe, 0xad, 0xfe, 0xad, 0xfe, 0xad, 0xfe, 0xad, 0xfe,
        0xad, 0xfe, 0xad, 0xfe, 0xad, 0xfe, 0xad, 0xfe, 0xad, 0xfe, 0x8d, 0xfe,
        0x8c, 0xfe, 0x8c, 0xfe, 0x8c, 0xfe, 0x8c, 0xfe, 0x8c, 0xfe, 0x8c, 0xfe,
        0x8c, 0xfe, 0x8c, 0xfe, 0x6c, 0xfe, 0x6c, 0xfe, 0x6b, 0xfe, 0x6b, 0xfe,
        0x6b, 0xfe, 0x6b, 0xfe, 0x6b, 0xfe, 0x6b, 0xfe, 0x4b, 0xfe, 0x4b, 0xfe,
        0x4b, 0xfe, 0x4b, 0xfe, 0x4d, 0xc5, 0x51, 0x8c, 0x4d, 0xc5, 0x4a, 0xfe,
        0x4a, 0xfe, 0x2a, 0xfe, 0x2a, 0xf6, 0x2a, 0xfe, 0x2d, 0xbd, 0x51, 0x8c,
        0x2d, 0xbd, 0x8a, 0xac, 0x0c, 0x63, 0x0c, 0x63, 0x0c, 0x63, 0x0c, 0x63,
        0x0c, 0x63, 0x0c, 0x63, 0xeb, 0x62, 0x0c, 0x63, 0x0c, 0x63, 0x0c, 0x63,
        0x0c, 0x63, 0x0c, 0x63, 0x0c, 0x63, 0x0c, 0x63, 0xeb, 0x62, 0x0c, 0x63,
        0x0c, 0x63, 0x0c, 0x63, 0x0c, 0x63, 0x0c, 0x63, 0x0c, 0x63, 0x0c, 0x63,
        0xeb, 0x62, 0x0c, 0x63, 0x0c, 0x63, 0x0c, 0x63, 0x0c, 0x63, 0x0c, 0x63,
        0x0c, 0x63, 0x0c, 0x63, 0xeb, 0x62, 0x0c, 0x63, 0x0c, 0x63, 0x0c, 0x63,
        0x0c, 0x63, 0x0c, 0x63, 0x0c, 0x63, 0x0c, 0x63, 0xeb, 0x62, 0x0c, 0x63,
        0x0c, 0x63, 0x0c, 0x63, 0x0c, 0x63, 0x0c, 0x63, 0x0c, 0x63, 0x0c, 0x63,
        0xeb, 0x62, 0x0c, 0x63, 0x0c, 0x63, 0x0c, 0x63, 0x0c, 0x63, 0x0c, 0x63,
        0x93, 0xff, 0x93, 0xff, 0x93, 0xff, 0x93, 0xff, 0x73, 0xff, 0x73, 0xff,
        0x73, 0xff, 0x72, 0xff, 0x72, 0xff, 0x72, 0xff, 0x72, 0xff, 0x72, 0xff,
        0x72, 0xff, 0x52, 0xff, 0x52, 0xff, 0x52, 0xff, 0x51, 0xff, 0x51, 0xff,
        0x51, 0xff, 0x51, 0xff, 0x51, 0xff, 0x51, 0xff, 0x31, 0xff, 0x31, 0xff,
        0x31, 0xff, 0x31, 0xff, 0x30, 0xff, 0x30, 0xff, 0x30, 0xff, 0x30, 0xff,
        0x10, 0xff, 0x10, 0xff, 0x10, 0xff, 0x10, 0xff, 0x10, 0xff, 0x10, 0xff,
        0x0f, 0xff, 0x0f, 0xff, 0x0f, 0xff, 0xef, 0xfe, 0xef, 0xfe, 0xef, 0xfe,
        0xef, 0xfe, 0xef, 0xfe, 0xef, 0xfe, 0xef, 0xfe, 0xee, 0xfe, 0xee, 0xfe,
        0xce, 0xfe, 0xce, 0xfe, 0xce, 0xfe, 0xce, 0xfe, 0xce, 0xfe, 0xce, 0xfe,
        0xce, 0xfe, 0xce, 0xfe, 0xad, 0xfe, 0xad, 0xfe, 0xad, 0xfe, 0xad, 0xfe,
        0xad, 0xfe, 0xad, 0xfe, 0xad, 0xfe, 0xad, 0xfe, 0xad, 0xfe, 0x8d, 0xfe,
        0x8c, 0xfe, 0x8c, 0xfe, 0x8c, 0xfe, 0x8c, 0xfe, 0x8c, 0xfe, 0x8c, 0xfe,
        0x8c, 0xfe, 0x8c, 0xfe, 0x6c, 0xfe, 0x6c, 0xfe, 0x6b, 0xfe, 0x6b, 0xfe,
        0x6b, 0xfe, 0x6b, 0xfe, 0x6b, 0xfe, 0x6b, 0xfe, 0x4b, 0xfe, 0x4b, 0xfe,
        0x4b, 0xfe, 0xcc, 0xdd, 0x51, 0x8c, 0x4d, 0xc5, 0x4a, 0xfe, 0x4a, 0xfe,
        0x4a, 0xfe, 0x2a, 0xfe, 0x2a, 0xfe, 0x2d, 0xc5, 0x51, 0x8c, 0x2d, 0xc5,
        0x29, 0xf6, 0x8a, 0xac, 0x0c, 0x63, 0x0c, 0x63, 0x0c, 0x63, 0x0c, 0x63,
        0x0c, 0x63, 0x0c, 0x63, 0x0c, 0x63, 0x0c, 0x63, 0x0c, 0x63, 0x0c, 0x63,
        0x0c, 0x63, 0x0c, 0x63, 0x0c, 0x63, 0x0c, 0x63, 0x0c, 0x63, 0x0c, 0x63,
        0x0c, 0x63, 0x0c, 0x63, 0x0c, 0x63, 0x0c, 0x63, 0x0c, 0x63, 0x0c, 0x63,
        0x0c, 0x63, 0x0c, 0x63, 0x0c, 0x63, 0x0c, 0x63, 0x0c, 0x63, 0x0c, 0x63,
        0x0c, 0x63, 0x0c, 0x63, 0x0c, 0x63, 0x0c, 0x63, 0x0c, 0x63, 0x0c, 0x63,
        0x0c, 0x63, 0x0c, 0x63, 0x0c, 0x63, 0x0c, 0x63, 0x0c, 0x63, 0x0c, 0x63,
        0x0c, 0x63, 0x0c, 0x63, 0x0c, 0x63, 0x0c, 0x63, 0x0c, 0x63, 0x0c, 0x63,
        0x0c, 0x63, 0x0c, 0x63, 0x0c, 0x63, 0x0c, 0x63, 0x0c, 0x63, 0x0c, 0x63,
        0x93, 0xff, 0x93, 0xff, 0x73, 0xff, 0x73, 0xff, 0x73, 0xff, 0x72, 0xff,
        0x72, 0xff, 0x72, 0xff, 0x72, 0xff, 0x72, 0xff, 0x72, 0xff, 0x52, 0xff,
        0x52, 0xff, 0x52, 0xff, 0x52, 0xff, 0x51, 0xff, 0x51, 0xff, 0x51, 0xff,
        0x51, 0xff, 0x51, 0xff, 0x31, 0xff, 0x31, 0xff, 0x31, 0xff, 0x31, 0xff,
        0x31, 0xff, 0x30, 0xff, 0x30, 0xff, 0x30, 0xff, 0x10, 0xff, 0x10, 0xff,
        0x10, 0xff, 0x10, 0xff, 0x10, 0xff, 0x10, 0xff, 0x10, 0xff, 0x0f, 0xff,
        0x0f, 0xff, 0xef, 0xfe, 0xef, 0xfe, 0xef, 0xfe, 0xef, 0xfe, 0xef, 0xfe,
        0xef, 0xfe, 0xef, 0xfe, 0xef, 0xfe, 0xee, 0xfe, 0xce, 0xfe, 0xce, 0xfe,
        0xce, 0xfe, 0xce, 0xfe, 0xce, 0xfe, 0xce, 0xfe, 0xce, 0xfe, 0xce, 0xfe,
        0xae, 0xfe, 0xad, 0xfe, 0xad, 0xfe, 0xad, 0xfe, 0xad, 0xfe, 0xad, 0xfe,
        0xad, 0xfe, 0xad, 0xfe, 0xad, 0xfe, 0xad, 0xfe, 0x8c, 0xfe, 0x8c, 0xfe,
        0x8c, 0xfe, 0x8c, 0xfe, 0x8c, 0xfe, 0x8c, 0xfe, 0x8c, 0xfe, 0x8c, 0xfe,
        0x6c, 0xfe, 0x6c, 0xfe, 0x6b, 0xfe, 0x6b, 0xfe, 0x6b, 0xfe, 0x6b, 0xfe,
        0x6b, 0xfe, 0x6b, 0xfe, 0x4b, 0xfe, 0x4b, 0xfe, 0x4b, 0xfe, 0x4b, 0xfe,
        0x4a, 0xfe, 0x4e, 0xc5, 0x4d, 0xc5, 0x4a, 0xfe, 0x4a, 0xfe, 0x2a, 0xfe,
        0x2a, 0xfe, 0x2a, 0xfe, 0x2d, 0xbd, 0x51, 0x8c, 0x2d, 0xbd, 0x29, 0xf6,
        0x29, 0xf6, 0x8a, 0xac, 0x0c, 0x63, 0x0c, 0x63, 0x0c, 0x63, 0x0c, 0x63,
        0x0c, 0x63, 0x0c, 0x63, 0x0c, 0x63, 0x0c, 0x63, 0x0c, 0x63, 0x0c, 0x63,
        0x0c, 0x63, 0x0c, 0x63, 0x0c, 0x63, 0x0c, 0x63, 0x0c, 0x63, 0x0c, 0x63,
        0x0c, 0x63, 0x0c, 0x63, 0x0c, 0x63, 0x0c, 0x63, 0x0c, 0x63, 0x0c, 0x63,
        0x0c, 0x63, 0x0c, 0x63, 0x0c, 0x63, 0x0c, 0x63, 0x0c, 0x63, 0x0c, 0x63,
        0x0c, 0x63, 0x0c, 0x63, 0x0c, 0x63, 0x0c, 0x63, 0x0c, 0x63, 0x0c, 0x63,
        0x0c, 0x63, 0x0c, 0x63, 0x0c, 0x63, 0x0c, 0x63, 0x0c, 0x63, 0x0c, 0x63,
        0x0c, 0x63, 0x0c, 0x63, 0x0c, 0x63, 0x0c, 0x63, 0x0c, 0x63, 0x0c, 0x63,
        0x0c, 0x63, 0x0c, 0x63, 0x0c, 0x63, 0x0c, 0x63, 0x0c, 0x63, 0x0c, 0x63,
        0x93, 0xff, 0x93, 0xff, 0x73, 0xff, 0x73, 0xff, 0x73, 0xff, 0x72, 0xff,
        0x72, 0xff, 0x72, 0xff, 0x72, 0xff, 0x72, 0xff, 0x72, 0xff, 0x72, 0xff,
        0x52, 0xff, 0x52, 0xff, 0x52, 0xff, 0x51, 0xff, 0x51, 0xff, 0x51, 0xff,
        0x51, 0xff, 0x51, 0xff, 0x31, 0xff, 0x31, 0xff, 0x31, 0xff, 0x31, 0xff,
        0x30, 0xff, 0x30, 0xff, 0x30, 0xff, 0x30, 0xff, 0x10, 0xff, 0x10, 0xff,
        0x10, 0xff, 0x10, 0xff, 0x10, 0xff, 0x10, 0xff, 0x0f, 0xff, 0x0f, 0xff,
        0x0f, 0xff, 0xef, 0xfe, 0xef, 0xfe, 0xef, 0xfe, 0xef, 0xfe, 0xef, 0xfe,
        0xef, 0xfe, 0xef, 0xfe, 0xee, 0xfe, 0xee, 0xfe, 0xce, 0xfe, 0xce, 0xfe,
        0xce, 0xfe, 0xce, 0xfe, 0xce, 0xfe, 0xce, 0xfe, 0xce, 0xfe, 0xce, 0xfe,
        0xad, 0xfe, 0xad, 0xfe, 0xad, 0xfe, 0xad, 0xfe, 0xad, 0xfe, 0xad, 0xfe,
        0xad, 0xfe, 0xad, 0xfe, 0xad, 0xfe, 0xad, 0xfe, 0x8c, 0xfe, 0x8c, 0xfe,
        0x8c, 0xfe, 0x8c, 0xfe, 0x8c, 0xfe, 0x8c, 0xfe, 0x8c, 0xfe, 0x8c, 0xfe,
        0x6c, 0xfe, 0x6c, 0xfe, 0x6b, 0xfe, 0x6b, 0xfe, 0x6b, 0xfe, 0x6b, 0xfe,
        0x6b, 0xfe, 0x6b, 0xfe, 0x4b, 0xfe, 0x4b, 0xfe, 0x4b, 0xfe, 0x4b, 0xfe,
        0x4a, 0xfe, 0xcc, 0xdd, 0x4a, 0xfe, 0x4a, 0xfe, 0x4a, 0xfe, 0x2a, 0xfe,
        0x2a, 0xfe, 0x2d, 0xc5, 0x51, 0x8c, 0x2d, 0xc5, 0x29, 0xfe, 0x29, 0xfe,
        0x29, 0xf6, 0x8a, 0xac, 0x0c, 0x63, 0x0c, 0x63, 0x0c, 0x63, 0x0c, 0x63,
        0x0c, 0x63, 0x0c, 0x63, 0x0c, 0x63, 0x0c, 0x63, 0x0c, 0x63, 0x0c, 0x63,
        0x0c, 0x63, 0x0c, 0x63, 0x0c, 0x63, 0x0c, 0x63, 0x0c, 0x63, 0x0c, 0x63,
        0x0c, 0x63, 0x0c, 0x63, 0x0c, 0x63, 0x0c, 0x63, 0x0c, 0x63, 0x0c, 0x63,
        0x0c, 0x63, 0x0c, 0x63, 0x0c, 0x63, 0x0c, 0x63, 0x0c, 0x63, 0x0c, 0x63,
        0x0c, 0x63, 0x0c, 0x63, 0x0c, 0x63, 0x0c, 0x63, 0x0c, 0x63, 0x0c, 0x63,
        0x0c, 0x63, 0x0c, 0x63, 0x0c, 0x63, 0x0c, 0x63, 0x0c, 0x63, 0x0c, 0x63,
        0x0c, 0x63, 0x0c, 0x63, 0x0c, 0x63, 0x0c, 0x63, 0x0c, 0x63, 0x0c, 0x63,
        0x0c, 0x63, 0x0c, 0x63, 0x0c, 0x63, 0x0c, 0x63, 0x0c, 0x63, 0x0c, 0x63,
        0x73, 0xff, 0x73, 0xff, 0x73, 0xff, 0x72, 0xff, 0x72, 0xff, 0x72, 0xff,
        0x72, 0xff, 0x72, 0xff, 0x72, 0xff, 0x52, 0xff, 0x52, 0xff, 0x52, 0xff,
        0x52, 0xff, 0x51, 0xff, 0x51, 0xff, 0x51, 0xff, 0x51, 0xff, 0x51, 0xff,
        0x31, 0xff, 0x31, 0xff, 0x31, 0xff, 0x31, 0xff, 0x31, 0xff, 0x30, 0xff,
        0x30, 0xff, 0x30, 0xff, 0x10, 0xff, 0x10, 0xff, 0x10, 0xff, 0x10, 0xff,
        0x10, 0xff, 0x10, 0xff, 0x10, 0xff, 0x0f, 0xff, 0x0f, 0xff, 0xef, 0xfe,
        0xef, 0xfe, 0xef, 0xfe, 0xef, 0xfe, 0xef, 0xfe, 0xef, 0xfe, 0xef, 0xfe,
        0xef, 0xfe, 0xee, 0xfe, 0xce, 0xfe, 0xce, 0xfe, 0xce, 0xfe, 0xce, 0xfe,
        0xce, 0xfe, 0xce, 0xfe, 0xce, 0xfe, 0xce, 0xfe, 0xad, 0xfe, 0xad, 0xfe,
        0xad, 0xfe, 0xad, 0xfe, 0xad, 0xfe, 0xad, 0xfe, 0xad, 0xfe, 0xad, 0xfe,
        0xad, 0xfe, 0x8d, 0xfe, 0x8c, 0xfe, 0x8c, 0xfe, 0x8c, 0xfe, 0x8c, 0xfe,
        0x8c, 0xfe, 0x8c, 0xfe, 0x8c, 0xfe, 0x8c, 0xfe, 0x6c, 0xfe, 0x6c, 0xfe,
        0x6b, 0xfe, 0x6b, 0xfe, 0x6b, 0xfe, 0x6b, 0xfe, 0x6b, 0xfe, 0x6b, 0xfe,
        0x4b, 0xfe, 0x4b, 0xfe, 0x4b, 0xfe, 0x4b, 0xfe, 0x4a, 0xfe, 0x4a, 0xfe,
        0x4a, 0xfe, 0x4a, 0xfe, 0x4a, 0xfe, 0x2a, 0xfe, 0x2a, 0xf6, 0x2a, 0xfe,
        0x2d, 0xbd, 0x51, 0x8c, 0x2d, 0xbd, 0x29, 0xf6, 0x29, 0xf6, 0x29, 0xf6,
        0x09, 0xf6, 0x8a, 0xac, 0xeb, 0x62, 0x0c, 0x63, 0xeb, 0x62, 0x0c, 0x63,
        0xeb, 0x62, 0x0c, 0x63, 0xeb, 0x62, 0x0c, 0x63, 0xeb, 0x62, 0x0c, 0x63,
        0xeb, 0x62, 0x0c, 0x63, 0xeb, 0x62, 0x0c, 0x63, 0xeb, 0x62, 0x0c, 0x63,
        0xeb, 0x62, 0x0c, 0x63, 0xeb, 0x62, 0x0c, 0x63, 0xeb, 0x62, 0x0c, 0x63,
        0xeb, 0x62, 0x0c, 0x63, 0xeb, 0x62, 0x0c, 0x63, 0xeb, 0x62, 0x0c, 0x63,
        0xeb, 0x62, 0x0c, 0x63, 0xeb, 0x62, 0x0c, 0x63, 0xeb, 0x62, 0x0c, 0x63,
        0xeb, 0x62, 0x0c, 0x63, 0xeb, 0x62, 0x0c, 0x63, 0xeb, 0x62, 0x0c, 0x63,
        0xeb, 0x62, 0x0c, 0x63, 0xeb, 0x62, 0x0c, 0x63, 0xeb, 0x62, 0x0c, 0x63,
        0xeb, 0x62, 0x0c, 0x63, 0xeb, 0x62, 0x0c, 0x63, 0xeb, 0x62, 0x0c, 0x63,
        0x73, 0xff, 0x73, 0xff, 0x73, 0xff, 0x72, 0xff, 0x72, 0xff, 0x72, 0xff,
        0x72, 0xff, 0x72, 0xff, 0x72, 0xff, 0x52, 0xff, 0x52, 0xff, 0x52, 0xff,
        0x51, 0xff, 0x51, 0xff, 0x51, 0xff, 0x51, 0xff, 0x51, 0xff, 0x51, 0xff,
        0x31, 0xff, 0x31, 0xff, 0x31, 0xff, 0x31, 0xff, 0x30, 0xff, 0x30, 0xff,
        0x30, 0xff, 0x30, 0xff, 0x10, 0xff, 0x10, 0xff, 0x10, 0xff, 0x10, 0xff,
        0x10, 0xff, 0x10, 0xff, 0x0f, 0xff, 0x0f, 0xff, 0x0f, 0xff, 0xef, 0xfe,
        0xef, 0xfe, 0xef, 0xfe, 0xef, 0xfe, 0xef, 0xfe, 0xef, 0xfe, 0xef, 0xfe,
        0xee, 0xfe, 0xee, 0xfe, 0xce, 0xfe, 0xce, 0xfe, 0xce, 0xfe, 0xce, 0xfe,
        0xce, 0xfe, 0xce, 0xfe, 0xce, 0xfe, 0xce, 0xfe, 0xad, 0xfe, 0xad, 0xfe,
        0xad, 0xfe, 0xad, 0xfe, 0xad, 0xfe, 0xad, 0xfe, 0xad, 0xfe, 0xad, 0xfe,
        0xad, 0xfe, 0x8d, 0xfe, 0x8c, 0xfe, 0x8c, 0xfe, 0x8c, 0xfe, 0x8c, 0xfe,
        0x8c, 0xfe, 0x8c, 0xfe, 0x8c, 0xfe, 0x8c, 0xfe, 0x6c, 0xfe, 0x6c, 0xfe,
        0x6b, 0xfe, 0x6b, 0xfe, 0x6b, 0xfe, 0x6b, 0xfe, 0x6b, 0xfe, 0x6b, 0xfe,
        0x4b, 0xfe, 0x4b, 0xfe, 0x4b, 0xfe, 0x4b, 0xfe, 0x4a, 0xfe, 0x4a, 0xfe,
        0x4a, 0xfe, 0x4a, 0xfe, 0x4a, 0xfe, 0x2a, 0xfe, 0x2a, 0xfe, 0x2d, 0xc5,
        0x51, 0x8c, 0x2d, 0xc5, 0x29, 0xfe, 0x29, 0xfe, 0x29, 0xf6, 0x29, 0xfe,
        0x09, 0xf6, 0x6c, 0xa4, 0x0c, 0x63, 0x0c, 0x63, 0x0c, 0x63, 0x0c, 0x63,
        0x0c, 0x63, 0x0c, 0x63, 0x0c, 0x63, 0x0c, 0x63, 0x0c, 0x63, 0x0c, 0x63,
        0x0c, 0x63, 0x0c, 0x63, 0x0c, 0x63, 0x0c, 0x63, 0x0c, 0x63, 0x0c, 0x63,
        0x0c, 0x63, 0x0c, 0x63, 0x0c, 0x63, 0x0c, 0x63, 0x0c, 0x63, 0x0c, 0x63,
        0x0c, 0x63, 0x0c, 0x63, 0x0c, 0x63, 0x0c, 0x63, 0x0c, 0x63, 0x0c, 0x63,
        0x0c, 0x63, 0x0c, 0x63, 0x0c, 0x63, 0x0c, 0x63, 0x0c, 0x63, 0x0c, 0x63,
        0x0c, 0x63, 0x0c, 0x63, 0x0c, 0x63, 0x0c, 0x63, 0x0c, 0x63, 0x0c, 0x63,
        0x0c, 0x63, 0x0c, 0x63, 0x0c, 0x63, 0x0c, 0x63, 0x0c, 0x63, 0x0c, 0x63,
        0x0c, 0x63, 0x0c, 0x63, 0x0c, 0x63, 0x0c, 0x63, 0x0c, 0x63, 0x0c, 0x63,
        0x73, 0xff, 0x72, 0xff, 0x72, 0xff, 0x72, 0xff, 0x72, 0xff, 0x72, 0xff,
        0x72, 0xff, 0x72, 0xff, 0x52, 0xff, 0x52, 0xff, 0x52, 0xff, 0x51, 0xff,
        0x51, 0xff, 0x51, 0xff, 0x51, 0xff, 0x51, 0xff, 0x31, 0xff, 0x31, 0xff,
        0x31, 0xff, 0x31, 0xff, 0x31, 0xff, 0x30, 0xff, 0x30, 0xff, 0x30, 0xff,
        0x10, 0xff, 0x10, 0xff, 0x10, 0xff, 0x10, 0xff, 0x10, 0xff, 0x10, 0xff,
        0x10, 0xff, 0x0f, 0xff, 0x0f, 0xff, 0xef, 0xfe, 0xef, 0xfe, 0xef, 0xfe,
        0xef, 0xfe, 0xef, 0xfe, 0xef, 0xfe, 0xef, 0xfe, 0xef, 0xfe, 0xee, 0xfe,
        0xce, 0xfe, 0xce, 0xfe, 0xce, 0xfe, 0xce, 0xfe, 0xce, 0xfe, 0xce, 0xfe,
        0xce, 0xfe, 0xce, 0xfe, 0xae, 0xfe, 0xad, 0xfe, 0xad, 0xfe, 0xad, 0xfe,
        0xad, 0xfe, 0xad, 0xfe, 0xad, 0xfe, 0xad, 0xfe, 0xad, 0xfe, 0xad, 0xfe,
        0x8c, 0xfe, 0x8c, 0xfe, 0x8c, 0xfe, 0x8c, 0xfe, 0x8c, 0xfe, 0x8c, 0xfe,
        0x8c, 0xfe, 0x8c, 0xfe, 0x6c, 0xfe, 0x6c, 0xfe, 0x6b, 0xfe, 0x6b, 0xfe,
        0x6b, 0xfe, 0x6b, 0xfe, 0x6b, 0xfe, 0x6b, 0xfe, 0x4b, 0xfe, 0x4b, 0xfe,
        0x4b, 0xfe, 0x4b, 0xfe, 0x4a, 0xfe, 0x4a, 0xfe, 0x4a, 0xfe, 0x4a, 0xfe,
        0x4a, 0xfe, 0x2a, 0xfe, 0x2a, 0xfe, 0x2a, 0xfe, 0x2d, 0xbd, 0x51, 0x8c,
        0x2d, 0xbd, 0x29, 0xf6, 0x29, 0xf6, 0x29, 0xf6, 0x09, 0xf6, 0x09, 0xf6,
        0x2d, 0xbd, 0x6d, 0x9c, 0x0c, 0x63, 0x0c, 0x63, 0x0c, 0x63, 0x0c, 0x63,
        0x0c, 0x63, 0x0c, 0x63, 0xeb, 0x62, 0x0c, 0x63, 0x0c, 0x63, 0x0c, 0x63,
        0x0c, 0x63, 0x0c, 0x63, 0x0c, 0x63, 0x0c, 0x63, 0xeb, 0x62, 0x0c, 0x63,
        0x0c, 0x63, 0x0c, 0x63, 0x0c, 0x63, 0x0c, 0x63, 0x0c, 0x63, 0x0c, 0x63,
        0xeb, 0x62, 0x0c, 0x63, 0x0c, 0x63, 0x0c, 0x63, 0x0c, 0x63, 0x0c, 0x63,
        0x0c, 0x63, 0x0c, 0x63, 0xeb, 0x62, 0x0c, 0x63, 0x0c, 0x63, 0x0c, 0x63,
        0x0c, 0x63, 0x0c, 0x63, 0x0c, 0x63, 0x0c, 0x63, 0xeb, 0x62, 0x0c, 0x63,
        0x0c, 0x63, 0x0c, 0x63, 0x0c, 0x63, 0x0c, 0x63, 0x0c, 0x63, 0x0c, 0x63,
        0xeb, 0x62, 0x0c, 0x63, 0x0c, 0x63, 0x0c, 0x63, 0x0c, 0x63, 0x0c, 0x63,
        0x73, 0xff, 0x72, 0xff, 0x72, 0xff, 0x72, 0xff, 0x72, 0xff, 0x72, 0xff,
        0x72, 0xff, 0x72, 0xff, 0x52, 0xff, 0x52, 0xff, 0x52, 0xff, 0x51, 0xff,
        0x51, 0xff, 0x51, 0xff, 0x51, 0xff, 0x51, 0xff, 0x31, 0xff, 0x31, 0xff,
        0x31, 0xff, 0x31, 0xff, 0x30, 0xff, 0x30, 0xff, 0x30, 0xff, 0x30, 0xff,
        0x10, 0xff, 0x10, 0xff, 0x10, 0xff, 0x10, 0xff, 0x10, 0xff, 0x10, 0xff,
        0x0f, 0xff, 0x0f, 0xff, 0x0f, 0xff, 0xef, 0xfe, 0xef, 0xfe, 0xef, 0xfe,
        0xef, 0xfe, 0xef, 0xfe, 0xef, 0xfe, 0xef, 0xfe, 0xee, 0xfe, 0xee, 0xfe,
        0xce, 0xfe, 0xce, 0xfe, 0xce, 0xfe, 0xce, 0xfe, 0xce, 0xfe, 0xce, 0xfe,
        0xce, 0xfe, 0xce, 0xfe, 0xad, 0xfe, 0xad, 0xfe, 0xad, 0xfe, 0xad, 0xfe,
        0xad, 0xfe, 0xad, 0xfe, 0xad, 0xfe, 0xad, 0xfe, 0xad, 0xfe, 0xad, 0xfe,
        0x8c, 0xfe, 0x8c, 0xfe, 0x8c, 0xfe, 0x8c, 0xfe, 0x8c, 0xfe, 0x8c, 0xfe,
        0x8c, 0xfe, 0x8c, 0xfe, 0x6c, 0xfe, 0x6c, 0xfe, 0x6b, 0xfe, 0x6b, 0xfe,
        0x6b, 0xfe, 0x6b, 0xfe, 0x6b, 0xfe, 0x6b, 0xfe, 0x4b, 0xfe, 0x4b, 0xfe,
        0x4b, 0xfe, 0x4b, 0xfe, 0x4a, 0xfe, 0x4a, 0xfe, 0x4a, 0xfe, 0x4a, 0xfe,
        0x4a, 0xfe, 0x4a, 0xfe, 0x2a, 0xfe, 0x2d, 0xc5, 0x51, 0x8c, 0x2d, 0xc5,
        0x29, 0xfe, 0x29, 0xfe, 0x29, 0xf6, 0x29, 0xfe, 0x09, 0xf6, 0x2d, 0xc5,
        0x51, 0x8c, 0x6c, 0xa4, 0x0c, 0x63, 0x0c, 0x63, 0x0c, 0x63, 0x0c, 0x63,
        0x0c, 0x63, 0x0c, 0x63, 0x0c, 0x63, 0x0c, 0x63, 0x0c, 0x63, 0x0c, 0x63,
        0x0c, 0x63, 0x0c, 0x63, 0x0c, 0x63, 0x0c, 0x63, 0x0c, 0x63, 0x0c, 0x63,
        0x0c, 0x63, 0x0c, 0x63, 0x0c, 0x63, 0x0c, 0x63, 0x0c, 0x63, 0x0c, 0x63,
        0x0c, 0x63, 0x0c, 0x63, 0x0c, 0x63, 0x0c, 0x63, 0x0c, 0x63, 0x0c, 0x63,
        0x0c, 0x63, 0x0c, 0x63, 0x0c, 0x63, 0x0c, 0x63, 0x0c, 0x63, 0x0c, 0x63,
        0x0c, 0x63, 0x0c, 0x63, 0x0c, 0x63, 0x0c, 0x63, 0x0c, 0x63, 0x0c, 0x63,
        0x0c, 0x63, 0x0c, 0x63, 0x0c, 0x63, 0x0c, 0x63, 0x0c, 0x63, 0x0c, 0x63,
        0x0c, 0x63, 0x0c, 0x63, 0x0c, 0x63, 0x0c, 0x63, 0x0c, 0x63, 0x0c, 0x63,
        0x72, 0xff, 0x72, 0xff, 0x72, 0xff, 0x72, 0xff, 0x72, 0xff, 0x52, 0xff,
        0x52, 0xff, 0x52, 0xff, 0x52, 0xff, 0x51, 0xff, 0x51, 0xff, 0x51, 0xff,
        0x51, 0xff, 0x51, 0xff, 0x31, 0xff, 0x31, 0xff, 0x31, 0xff, 0x31, 0xff,
        0x31, 0xff, 0x30, 0xff, 0x30, 0xff, 0x30, 0xff, 0x10, 0xff, 0x10, 0xff,
        0x10, 0xff, 0x10, 0xff, 0x10, 0xff, 0x10, 0xff, 0x10, 0xff, 0x0f, 0xff,
        0x0f, 0xff, 0xef, 0xfe, 0xef, 0xfe, 0xef, 0xfe, 0xef, 0xfe, 0xef, 0xfe,
        0xef, 0xfe, 0xef, 0xfe, 0xef, 0xfe, 0xee, 0xfe, 0xce, 0xfe, 0xce, 0xfe,
        0xce, 0xfe, 0xce, 0xfe, 0xce, 0xfe, 0xce, 0xfe, 0xce, 0xfe, 0xce, 0xfe,
        0xad, 0xfe, 0xad, 0xfe, 0xad, 0xfe, 0xad, 0xfe, 0xad, 0xfe, 0xad, 0xfe,
        0xad, 0xfe, 0xad, 0xfe, 0xad, 0xfe, 0x8d, 0xfe, 0x8c, 0xfe, 0x8c, 0xfe,
        0x8c, 0xfe, 0x8c, 0xfe, 0x8c, 0xfe, 0x8c, 0xfe, 0x8c, 0xfe, 0x8c, 0xfe,
        0x6c, 0xfe, 0x6c, 0xfe, 0x6b, 0xfe, 0x6b, 0xfe, 0x6b, 0xfe, 0x6b, 0xfe,
        0x6b, 0xfe, 0x6b, 0xfe, 0x4b, 0xfe, 0x4b, 0xfe, 0x4b, 0xfe, 0x4b, 0xfe,
        0x4a, 0xfe, 0x4a, 0xfe, 0x4a, 0xfe, 0x4a, 0xfe, 0x4a, 0xfe, 0x2a, 0xfe,
        0x2a, 0xf6, 0x2a, 0xfe, 0x2d, 0xbd, 0x51, 0x8c, 0x2d, 0xbd, 0x29, 0xf6,
        0x29, 0xf6, 0x29, 0xf6, 0x09, 0xf6, 0x09, 0xf6, 0x2d, 0xbd, 0x51, 0x8c,
        0x2d, 0xbd, 0x8a, 0xac, 0xeb, 0x62, 0x0c, 0x63, 0xeb, 0x62, 0x0c, 0x63,
        0xeb, 0x62, 0x0c, 0x63, 0xeb, 0x62, 0x0c, 0x63, 0xeb, 0x62, 0x0c, 0x63,
        0xeb, 0x62, 0x0c, 0x63, 0xeb, 0x62, 0x0c, 0x63, 0xeb, 0x62, 0x0c, 0x63,
        0xeb, 0x62, 0x0c, 0x63, 0xeb, 0x62, 0x0c, 0x63, 0xeb, 0x62, 0x0c, 0x63,
        0xeb, 0x62, 0x0c, 0x63, 0xeb, 0x62, 0x0c, 0x63, 0xeb, 0x62, 0x0c, 0x63,
        0xeb, 0x62, 0x0c, 0x63, 0xeb, 0x62, 0x0c, 0x63, 0xeb, 0x62, 0x0c, 0x63,
        0xeb, 0x62, 0x0c, 0x63, 0xeb, 0x62, 0x0c, 0x63, 0xeb, 0x62, 0x0c, 0x63,
        0xeb, 0x62, 0x0c, 0x63, 0xeb, 0x62, 0x0c, 0x63, 0xeb, 0x62, 0x0c, 0x63,
        0xeb, 0x62, 0x0c, 0x63, 0xeb, 0x62, 0x0c, 0x63, 0xeb, 0x62, 0x0c, 0x63,
        0x72, 0xff, 0x72, 0xff, 0x72, 0xff, 0x72, 0xff, 0x72, 0xff, 0x52, 0xff,
        0x52, 0xff, 0x52, 0xff, 0x51, 0xff, 0x51, 0xff, 0x51, 0xff, 0x51, 0xff,
        0x51, 0xff, 0x51, 0xff, 0x31, 0xff, 0x31, 0xff, 0x31, 0xff, 0x31, 0xff,
        0x30, 0xff, 0x30, 0xff, 0x30, 0xff, 0x30, 0xff, 0x10, 0xff, 0x10, 0xff,
        0x10, 0xff, 0x10, 0xff, 0x10, 0xff, 0x10, 0xff, 0x0f, 0xff, 0x0f, 0xff,
        0x0f, 0xff, 0xef, 0xfe, 0xef, 0xfe, 0xef, 0xfe, 0xef, 0xfe, 0xef, 0xfe,
        0xef, 0xfe, 0xef, 0xfe, 0xee, 0xfe, 0xee, 0xfe, 0xce, 0xfe, 0xce, 0xfe,
        0xce, 0xfe, 0xce, 0xfe, 0xce, 0xfe, 0xce, 0xfe, 0xce, 0xfe, 0xce, 0xfe,
        0xad, 0xfe, 0xad, 0xfe, 0xad, 0xfe, 0xad, 0xfe, 0xad, 0xfe, 0xad, 0xfe,
        0xad, 0xfe, 0xad, 0xfe, 0xad, 0xfe, 0x8d, 0xfe, 0x8c, 0xfe, 0x8c, 0xfe,
        0x8c, 0xfe, 0x8c, 0xfe, 0x8c, 0xfe, 0x8c, 0xfe, 0x8c, 0xfe, 0x8c, 0xfe,
        0x6c, 0xfe, 0x6c, 0xfe, 0x6b, 0xfe, 0x6b, 0xfe, 0x6b, 0xfe, 0x6b, 0xfe,
        0x6b, 0xfe, 0x6b, 0xfe, 0x4b, 0xfe, 0x4b, 0xfe, 0x4b, 0xfe, 0x4b, 0xfe,
        0x4a, 0xfe, 0x4a, 0xfe, 0x4a, 0xfe, 0x4a, 0xfe, 0x4a, 0xfe, 0x2a, 0xfe,
        0x2a, 0xfe, 0xab, 0xdd, 0x51, 0x8c, 0x2d, 0xc5, 0x29, 0xf6, 0x29, 0xfe,
        0x29, 0xf6, 0x29, 0xfe, 0x09, 0xf6, 0x2d, 0xbd, 0x51, 0x8c, 0x2d, 0xbd,
        0x09, 0xf6, 0x8a, 0xac, 0x0c, 0x63, 0x0c, 0x63, 0x0c, 0x63, 0x0c, 0x63,
        0x0c, 0x63, 0x0c, 0x63, 0x0c, 0x63, 0x0c, 0x63, 0x0c, 0x63, 0x0c, 0x63,
        0x0c, 0x63, 0x0c, 0x63, 0x0c, 0x63, 0x0c, 0x63, 0x0c, 0x63, 0x0c, 0x63,
        0x0c, 0x63, 0x0c, 0x63, 0x0c, 0x63, 0x0c, 0x63, 0x0c, 0x63, 0x0c, 0x63,
        0x0c, 0x63, 0x0c, 0x63, 0x0c, 0x63, 0x0c, 0x63, 0x0c, 0x63, 0x0c, 0x63,
        0x0c, 0x63, 0x0c, 0x63, 0x0c, 0x63, 0x0c, 0x63, 0x0c, 0x63, 0x0c, 0x63,
        0x0c, 0x63, 0x0c, 0x63, 0x0c, 0x63, 0x0c, 0x63, 0x0c, 0x63, 0x0c, 0x63,
        0x0c, 0x63, 0x0c, 0x63, 0x0c, 0x63, 0x0c, 0x63, 0x0c, 0x63, 0x0c, 0x63,
        0x0c, 0x63, 0x0c, 0x63, 0x0c, 0x63, 0x0c, 0x63, 0x0c, 0x63, 0x0c, 0x63,
        0x72, 0xff, 0x72, 0xff, 0x72, 0xff, 0x52, 0xff, 0x52, 0xff, 0x52, 0xff,
        0x52, 0xff, 0x51, 0xff, 0x51, 0xff, 0x51, 0xff, 0x51, 0xff, 0x51, 0xff,
        0x31, 0xff, 0x31, 0xff, 0x31, 0xff, 0x31, 0xff, 0x31, 0xff, 0x30, 0xff,
        0x30, 0xff, 0x30, 0xff, 0x10, 0xff, 0x10, 0xff, 0x10, 0xff, 0x10, 0xff,
        0x10, 0xff, 0x10, 0xff, 0x10, 0xff, 0x0f, 0xff, 0x0f, 0xff, 0xef, 0xfe,
        0xef, 0xfe, 0xef, 0xfe, 0xef, 0xfe, 0xef, 0xfe, 0xef, 0xfe, 0xef, 0xfe,
        0xef, 0xfe, 0xee, 0xfe, 0xce, 0xfe, 0xce, 0xfe, 0xce, 0xfe, 0xce, 0xfe,
        0xce, 0xfe, 0xce, 0xfe, 0xce, 0xfe, 0xce, 0xfe, 0xae, 0xfe, 0xad, 0xfe,
        0xad, 0xfe, 0xad, 0xfe, 0xad, 0xfe, 0xad, 0xfe, 0xad, 0xfe, 0xad, 0xfe,
        0xad, 0xfe, 0xad, 0xfe, 0x8c, 0xfe, 0x8c, 0xfe, 0x8c, 0xfe, 0x8c, 0xfe,
        0x8c, 0xfe, 0x8c, 0xfe, 0x8c, 0xfe, 0x8c, 0xfe, 0x6c, 0xfe, 0x6c, 0xfe,
        0x6b, 0xfe, 0x6b, 0xfe, 0x6b, 0xfe, 0x6b, 0xfe, 0x6b, 0xfe, 0x6b, 0xfe,
        0x4b, 0xfe, 0x4b, 0xfe, 0x4b, 0xfe, 0x4b, 0xfe, 0x4a, 0xfe, 0x4a, 0xfe,
        0x4a, 0xfe, 0x4a, 0xfe, 0x4a, 0xfe, 0x2a, 0xfe, 0x2a, 0xfe, 0x2a, 0xfe,
        0x2a, 0xf6, 0x2d, 0xc5, 0x2d, 0xbd, 0x29, 0xf6, 0x29, 0xf6, 0x29, 0xf6,
        0x09, 0xf6, 0x09, 0xf6, 0x2d, 0xbd, 0x51, 0x8c, 0x2d, 0xbd, 0x09, 0xf6,
        0x08, 0xf6, 0x8a, 0xac, 0xeb, 0x62, 0x0c, 0x63, 0xeb, 0x62, 0x0c, 0x63,
        0xeb, 0x62, 0x0c, 0x63, 0xeb, 0x62, 0x0c, 0x63, 0xeb, 0x62, 0x0c, 0x63,
        0xeb, 0x62, 0x0c, 0x63, 0xeb, 0x62, 0x0c, 0x63, 0xeb, 0x62, 0x0c, 0x63,
        0xeb, 0x62, 0x0c, 0x63, 0xeb, 0x62, 0x0c, 0x63, 0xeb, 0x62, 0x0c, 0x63,
        0xeb, 0x62, 0x0c, 0x63, 0xeb, 0x62, 0x0c, 0x63, 0xeb, 0x62, 0x0c, 0x63,
        0xeb, 0x62, 0x0c, 0x63, 0xeb, 0x62, 0x0c, 0x63, 0xeb, 0x62, 0x0c, 0x63,
        0xeb, 0x62, 0x0c, 0x63, 0xeb, 0x62, 0x0c, 0x63, 0xeb, 0x62, 0x0c, 0x63,
        0xeb, 0x62, 0x0c, 0x63, 0xeb, 0x62, 0x0c, 0x63, 0xeb, 0x62, 0x0c, 0x63,
        0xeb, 0x62, 0x0c, 0x63, 0xeb, 0x62, 0x0c, 0x63, 0xeb, 0x62, 0x0c, 0x63,
        0x72, 0xff, 0x72, 0xff, 0x72, 0xff, 0x72, 0xff, 0x52, 0xff, 0x52, 0xff,
        0x52, 0xff, 0x51, 0xff, 0x51, 0xff, 0x51, 0xff, 0x51, 0xff, 0x51, 0xff,
        0x31, 0xff, 0x31, 0xff, 0x31, 0xff, 0x31, 0xff, 0x30, 0xff, 0x30, 0xff,
        0x30, 0xff, 0x30, 0xff, 0x10, 0xff, 0x10, 0xff, 0x10, 0xff, 0x10, 0xff,
        0x10, 0xff, 0x10, 0xff, 0x0f, 0xff, 0x0f, 0xff, 0x0f, 0xff, 0xef, 0xfe,
        0xef, 0xfe, 0xef, 0xfe, 0xef, 0xfe, 0xef, 0xfe, 0xef, 0xfe, 0xef, 0xfe,
        0xee, 0xfe, 0xee, 0xfe, 0xce, 0xfe, 0xce, 0xfe, 0xce, 0xfe, 0xce, 0xfe,
        0xce, 0xfe, 0xce, 0xfe, 0xce, 0xfe, 0xce, 0xfe, 0xad, 0xfe, 0xad, 0xfe,
        0xad, 0xfe, 0xad, 0xfe, 0xad, 0xfe, 0xad, 0xfe, 0xad, 0xfe, 0xad, 0xfe,
        0xad, 0xfe, 0xad, 0xfe, 0x8c, 0xfe, 0x8c, 0xfe, 0x8c, 0xfe, 0x8c, 0xfe,
        0x8c, 0xfe, 0x8c, 0xfe, 0x8c, 0xfe, 0x8c, 0xfe, 0x6c, 0xfe, 0x6c, 0xfe,
        0x6b, 0xfe, 0x6b, 0xfe, 0x6b, 0xfe, 0x6b, 0xfe, 0x6b, 0xfe, 0x6b, 0xfe,
        0x4b, 0xfe, 0x4b, 0xfe, 0x4b, 0xfe, 0x4b, 0xfe, 0x4a, 0xfe, 0x4a, 0xfe,
        0x4a, 0xfe, 0x4a, 0xfe, 0x4a, 0xfe, 0x2a, 0xfe, 0x2a, 0xfe, 0x2a, 0xfe,
        0x2a, 0xfe, 0xab, 0xdd, 0x29, 0xfe, 0x29, 0xfe, 0x29, 0xf6, 0x29, 0xfe,
        0x09, 0xf6, 0x2d, 0xc5, 0x51, 0x8c, 0x2d, 0xbd, 0x09, 0xf6, 0x09, 0xf6,
        0x08, 0xf6, 0x8a, 0xac, 0x0c, 0x63, 0x0c, 0x63, 0x0c, 0x63, 0x0c, 0x63,
        0x0c, 0x63, 0x0c, 0x63, 0x0c, 0x63, 0x0c, 0x63, 0x0c, 0x63, 0x0c, 0x63,
        0x0c, 0x63, 0x0c, 0x63, 0x0c, 0x63, 0x0c, 0x63, 0x0c, 0x63, 0x0c, 0x63,
        0x0c, 0x63, 0x0c, 0x63, 0x0c, 0x63, 0x0c, 0x63, 0x0c, 0x63, 0x0c, 0x63,
        0x0c, 0x63, 0x0c, 0x63, 0x0c, 0x63, 0x0c, 0x63, 0x0c, 0x63, 0x0c, 0x63,
        0x0c, 0x63, 0x0c, 0x63, 0x0c, 0x63, 0x0c, 0x63, 0x0c, 0x63, 0x0c, 0x63,
        0x0c, 0x63, 0x0c, 0x63, 0x0c, 0x63, 0x0c, 0x63, 0x0c, 0x63, 0x0c, 0x63,
        0x0c, 0x63, 0x0c, 0x63, 0x0c, 0x63, 0x0c, 0x63, 0x0c, 0x63, 0x0c, 0x63,
        0x0c, 0x63, 0x0c, 0x63, 0x0c, 0x63, 0x0c, 0x63, 0x0c, 0x63, 0x0c, 0x63,
        0x72, 0xff, 0x52, 0xff, 0x52, 0xff, 0x52, 0xff, 0x52, 0xff, 0x51, 0xff,
        0x51, 0xff, 0x51, 0xff, 0x51, 0xff, 0x51, 0xff, 0x31, 0xff, 0x31, 0xff,
        0x31, 0xff, 0x31, 0xff, 0x31, 0xff, 0x30, 0xff, 0x30, 0xff, 0x30, 0xff,
        0x10, 0xff, 0x10, 0xff, 0x10, 0xff, 0x10, 0xff, 0x10, 0xff, 0x10, 0xff,
        0x10, 0xff, 0x0f, 0xff, 0x0f, 0xff, 0xef, 0xfe, 0xef, 0xfe, 0xef, 0xfe,
        0xef, 0xfe, 0xef, 0xfe, 0xef, 0xfe, 0xef, 0xfe, 0xef, 0xfe, 0xee, 0xfe,
        0xce, 0xfe, 0xce, 0xfe, 0xce, 0xfe, 0xce, 0xfe, 0xce, 0xfe, 0xce, 0xfe,
        0xce, 0xfe, 0xce, 0xfe, 0xad, 0xfe, 0xad, 0xfe, 0xad, 0xfe, 0xad, 0xfe,
        0xad, 0xfe, 0xad, 0xfe, 0xad, 0xfe, 0xad, 0xfe, 0xad, 0xfe, 0x8d, 0xfe,
        0x8c, 0xfe, 0x8c, 0xfe, 0x8c, 0xfe, 0x8c, 0xfe, 0x8c, 0xfe, 0x8c, 0xfe,
        0x8c, 0xfe, 0x8c, 0xfe, 0x6c, 0xfe, 0x6c, 0xfe, 0x6b, 0xfe, 0x6b, 0xfe,
        0x6b, 0xfe, 0x6b, 0xfe, 0x6b, 0xfe, 0x6b, 0xfe, 0x4b, 0xfe, 0x4b, 0xfe,
        0x4b, 0xfe, 0x4b, 0xfe, 0x4a, 0xfe, 0x4a, 0xfe, 0x4a, 0xfe, 0x4a, 0xfe,
        0x4a, 0xfe, 0x2a, 0xfe, 0x2a, 0xf6, 0x2a, 0xfe, 0x2a, 0xf6, 0x2a, 0xf6,
        0x29, 0xf6, 0x29, 0xf6, 0x29, 0xf6, 0x29, 0xf6, 0x09, 0xf6, 0x09, 0xf6,
        0x2d, 0xbd, 0x51, 0x8c, 0x2d, 0xbd, 0x09, 0xf6, 0x08, 0xf6, 0x08, 0xf6,
        0xe8, 0xf5, 0x6a, 0xac, 0xeb, 0x62, 0x0c, 0x63, 0xeb, 0x62, 0xeb, 0x62,
        0xeb, 0x62, 0x0c, 0x63, 0xeb, 0x62, 0xeb, 0x62, 0xeb, 0x62, 0x0c, 0x63,
        0xeb, 0x62, 0xeb, 0x62, 0xeb, 0x62, 0x0c, 0x63, 0xeb, 0x62, 0xeb, 0x62,
        0xeb, 0x62, 0x0c, 0x63, 0xeb, 0x62, 0xeb, 0x62, 0xeb, 0x62, 0x0c, 0x63,
        0xeb, 0x62, 0xeb, 0x62, 0xeb, 0x62, 0x0c, 0x63, 0xeb, 0x62, 0xeb, 0x62,
        0xeb, 0x62, 0x0c, 0x63, 0xeb, 0x62, 0xeb, 0x62, 0xeb, 0x62, 0x0c, 0x63,
        0xeb, 0x62, 0xeb, 0x62, 0xeb, 0x62, 0x0c, 0x63, 0xeb, 0x62, 0xeb, 0x62,
        0xeb, 0x62, 0x0c, 0x63, 0xeb, 0x62, 0xeb, 0x62, 0xeb, 0x62, 0x0c, 0x63,
        0xeb, 0x62, 0xeb, 0x62, 0xeb, 0x62, 0x0c, 0x63, 0xeb, 0x62, 0xeb, 0x62,
        0x72, 0xff, 0x52, 0xff, 0x52, 0xff, 0x52, 0xff, 0x51, 0xff, 0x51, 0xff,
        0x51, 0xff, 0x51, 0xff, 0x51, 0xff, 0x51, 0xff, 0x31, 0xff, 0x31, 0xff,
        0x31, 0xff, 0x31, 0xff, 0x30, 0xff, 0x30, 0xff, 0x30, 0xff, 0x30, 0xff,
        0x10, 0xff, 0x10, 0xff, 0x10, 0xff, 0x10, 0xff, 0x10, 0xff, 0x10, 0xff,
        0x0f, 0xff, 0x0f, 0xff, 0x0f, 0xff, 0xef, 0xfe, 0xef, 0xfe, 0xef, 0xfe,
        0xef, 0xfe, 0xef, 0xfe, 0xef, 0xfe, 0xef, 0xfe, 0xee, 0xfe, 0xee, 0xfe,
        0xce, 0xfe, 0xce, 0xfe, 0xce, 0xfe, 0xce, 0xfe, 0xce, 0xfe, 0xce, 0xfe,
        0xce, 0xfe, 0xce, 0xfe, 0xad, 0xfe, 0xad, 0xfe, 0xad, 0xfe, 0xad, 0xfe,
        0xad, 0xfe, 0xad, 0xfe, 0xad, 0xfe, 0xad, 0xfe, 0xad, 0xfe, 0x8d, 0xfe,
        0x8c, 0xfe, 0x8c, 0xfe, 0x8c, 0xfe, 0x8c, 0xfe, 0x8c, 0xfe, 0x8c, 0xfe,
        0x8c, 0xfe, 0x8c, 0xfe, 0x6c, 0xfe, 0x6c, 0xfe, 0x6b, 0xfe, 0x6b, 0xfe,
        0x6b, 0xfe, 0x6b, 0xfe, 0x6b, 0xfe, 0x6b, 0xfe, 0x4b, 0xfe, 0x4b, 0xfe,
        0x4b, 0xfe, 0x4b, 0xfe, 0x4a, 0xfe, 0x4a, 0xfe, 0x4a, 0xfe, 0x4a, 0xfe,
        0x4a, 0xfe, 0x2a, 0xfe, 0x2a, 0xfe, 0x2a, 0xfe, 0x2a, 0xfe, 0x2a, 0xfe,
        0x29, 0xfe, 0x29, 0xfe, 0x29, 0xf6, 0x29, 0xfe, 0x09, 0xf6, 0x2d, 0xbd,
        0x51, 0x8c, 0x2d, 0xbd, 0x09, 0xf6, 0x09, 0xf6, 0x08, 0xf6, 0x08, 0xf6,
        0xe8, 0xf5, 0x6b, 0xa4, 0x0c, 0x63, 0x0c, 0x63, 0x0c, 0x63, 0x0c, 0x63,
        0x0c, 0x63, 0x0c, 0x63, 0x0c, 0x63, 0x0c, 0x63, 0x0c, 0x63, 0x0c, 0x63,
        0x0c, 0x63, 0x0c, 0x63, 0x0c, 0x63, 0x0c, 0x63, 0x0c, 0x63, 0x0c, 0x63,
        0x0c, 0x63, 0x0c, 0x63, 0x0c, 0x63, 0x0c, 0x63, 0x0c, 0x63, 0x0c, 0x63,
        0x0c, 0x63, 0x0c, 0x63, 0x0c, 0x63, 0x0c, 0x63, 0x0c, 0x63, 0x0c, 0x63,
        0x0c, 0x63, 0x0c, 0x63, 0x0c, 0x63, 0x0c, 0x63, 0x0c, 0x63, 0x0c, 0x63,
        0x0c, 0x63, 0x0c, 0x63, 0x0c, 0x63, 0x0c, 0x63, 0x0c, 0x63, 0x0c, 0x63,
        0x0c, 0x63, 0x0c, 0x63, 0x0c, 0x63, 0x0c, 0x63, 0x0c, 0x63, 0x0c, 0x63,
        0x0c, 0x63, 0x0c, 0x63, 0x0c, 0x63, 0x0c, 0x63, 0x0c, 0x63, 0x0c, 0x63,
        0x52, 0xff, 0x52, 0xff, 0x52, 0xff, 0x51, 0xff, 0x51, 0xff, 0x51, 0xff,
        0x51, 0xff, 0x51, 0xff, 0x31, 0xff, 0x31, 0xff, 0x31, 0xff, 0x31, 0xff,
        0x31, 0xff, 0x30, 0xff, 0x30, 0xff, 0x30, 0xff, 0x10, 0xff, 0x10, 0xff,
        0x10, 0xff, 0x10, 0xff, 0x10, 0xff, 0x10, 0xff, 0x10, 0xff, 0x0f, 0xff,
        0x0f, 0xff, 0xef, 0xfe, 0xef, 0xfe, 0xef, 0xfe, 0xef, 0xfe, 0xef, 0xfe,
        0xef, 0xfe, 0xef, 0xfe, 0xef, 0xfe, 0xee, 0xfe, 0xce, 0xfe, 0xce, 0xfe,
        0xce, 0xfe, 0xce, 0xfe, 0xce, 0xfe, 0xce, 0xfe, 0xce, 0xfe, 0xce, 0xfe,
        0xae, 0xfe, 0xad, 0xfe, 0xad, 0xfe, 0xad, 0xfe, 0xad, 0xfe, 0xad, 0xfe,
        0xad, 0xfe, 0xad, 0xfe, 0xad, 0xfe, 0xad, 0xfe, 0x8c, 0xfe, 0x8c, 0xfe,
        0x8c, 0xfe, 0x8c, 0xfe, 0x8c, 0xfe, 0x8c, 0xfe, 0x8c, 0xfe, 0x8c, 0xfe,
        0x6c, 0xfe, 0x6c, 0xfe, 0x6b, 0xfe, 0x6b, 0xfe, 0x6b, 0xfe, 0x6b, 0xfe,
        0x6b, 0xfe, 0x6b, 0xfe, 0x4b, 0xfe, 0x4b, 0xfe, 0x4b, 0xfe, 0x4b, 0xfe,
        0x4a, 0xfe, 0x4a, 0xfe, 0x4a, 0xfe, 0x4a, 0xfe, 0x4a, 0xfe, 0x2a, 0xfe,
        0x2a, 0xfe, 0x2a, 0xfe, 0x2a, 0xf6, 0x2a, 0xfe, 0x29, 0xf6, 0x29, 0xf6,
        0x29, 0xf6, 0x29, 0xf6, 0x09, 0xf6, 0x09, 0xf6, 0x2d, 0xbd, 0x51, 0x8c,
        0x2d, 0xbd, 0x09, 0xf6, 0x08, 0xf6, 0x08, 0xf6, 0xe8, 0xf5, 0xe8, 0xf5,
        0x0c, 0xbd, 0x4d, 0x9c, 0xeb, 0x62, 0x0c, 0x63, 0xeb, 0x62, 0x0c, 0x63,
        0xeb, 0x62, 0x0c, 0x63, 0xeb, 0x62, 0x0c, 0x63, 0xeb, 0x62, 0x0c, 0x63,
        0xeb, 0x62, 0x0c, 0x63, 0xeb, 0x62, 0x0c, 0x63, 0xeb, 0x62, 0x0c, 0x63,
        0xeb, 0x62, 0x0c, 0x63, 0xeb, 0x62, 0x0c, 0x63, 0xeb, 0x62, 0x0c, 0x63,
        0xeb, 0x62, 0x0c, 0x63, 0xeb, 0x62, 0x0c, 0x63, 0xeb, 0x62, 0x0c, 0x63,
        0xeb, 0x62, 0x0c, 0x63, 0xeb, 0x62, 0x0c, 0x63, 0xeb, 0x62, 0x0c, 0x63,
        0xeb, 0x62, 0x0c, 0x63, 0xeb, 0x62, 0x0c, 0x63, 0xeb, 0x62, 0x0c, 0x63,
        0xeb, 0x62, 0x0c, 0x63, 0xeb, 0x62, 0x0c, 0x63, 0xeb, 0x62, 0x0c, 0x63,
        0xeb, 0x62, 0x0c, 0x63, 0xeb, 0x62, 0x0c, 0x63, 0xeb, 0x62, 0x0c, 0x63,
        0x52, 0xff, 0x52, 0xff, 0x52, 0xff, 0x51, 0xff, 0x51, 0xff, 0x51, 0xff,
        0x51, 0xff, 0x51, 0xff, 0x31, 0xff, 0x31, 0xff, 0x31, 0xff, 0x31, 0xff,
        0x30, 0xff, 0x30, 0xff, 0x30, 0xff, 0x30, 0xff, 0x10, 0xff, 0x10, 0xff,
        0x10, 0xff, 0x10, 0xff, 0x10, 0xff, 0x10, 0xff, 0x0f, 0xff, 0x0f, 0xff,
        0x0f, 0xff, 0xef, 0xfe, 0xef, 0xfe, 0xef, 0xfe, 0xef, 0xfe, 0xef, 0xfe,
        0xef, 0xfe, 0xef, 0xfe, 0xee, 0xfe, 0xee, 0xfe, 0xce, 0xfe, 0xce, 0xfe,
        0xce, 0xfe, 0xce, 0xfe, 0xce, 0xfe, 0xce, 0xfe, 0xce, 0xfe, 0xce, 0xfe,
        0xad, 0xfe, 0xad, 0xfe, 0xad, 0xfe, 0xad, 0xfe, 0xad, 0xfe, 0xad, 0xfe,
        0xad, 0xfe, 0xad, 0xfe, 0xad, 0xfe, 0xad, 0xfe, 0x8c, 0xfe, 0x8c, 0xfe,
        0x8c, 0xfe, 0x8c, 0xfe, 0x8c, 0xfe, 0x8c, 0xfe, 0x8c, 0xfe, 0x8c, 0xfe,
        0x6c, 0xfe, 0x6c, 0xfe, 0x6b, 0xfe, 0x6b, 0xfe, 0x6b, 0xfe, 0x6b, 0xfe,
        0x6b, 0xfe, 0x6b, 0xfe, 0x4b, 0xfe, 0x4b, 0xfe, 0x4b, 0xfe, 0x4b, 0xfe,
        0x4a, 0xfe, 0x4a, 0xfe, 0x4a, 0xfe, 0x4a, 0xfe, 0x4a, 0xfe, 0x4a, 0xfe,
        0x2a, 0xfe, 0x2a, 0xfe, 0x2a, 0xfe, 0x2a, 0xfe, 0x29, 0xfe, 0x29, 0xfe,
        0x29, 0xf6, 0x29, 0xfe, 0x09, 0xf6, 0x2d, 0xc5, 0x51, 0x8c, 0x2d, 0xbd,
        0x09, 0xf6, 0x09, 0xf6, 0x08, 0xf6, 0x08, 0xf6, 0xe8, 0xf5, 0x0c, 0xbd,
        0x51, 0x8c, 0x6b, 0xa4, 0x0c, 0x63, 0x0c, 0x63, 0x0c, 0x63, 0x0c, 0x63,
        0x0c, 0x63, 0x0c, 0x63, 0x0c, 0x63, 0x0c, 0x63, 0x0c, 0x63, 0x0c, 0x63,
        0x0c, 0x63, 0x0c, 0x63, 0x0c, 0x63, 0x0c, 0x63, 0x0c, 0x63, 0x0b, 0x63,
        0x0c, 0x63, 0x0c, 0x63, 0x0c, 0x63, 0x0b, 0x63, 0x0b, 0x63, 0x0c, 0x63,
        0x0c, 0x63, 0x0c, 0x63, 0x0c, 0x63, 0x0b, 0x63, 0x0c, 0x63, 0x0c, 0x63,
        0x0c, 0x63, 0x0b, 0x63, 0x0b, 0x63, 0x0c, 0x63, 0x0c, 0x63, 0x0c, 0x63,
        0x0c, 0x63, 0x0c, 0x63, 0x0c, 0x63, 0x0c, 0x63, 0x0c, 0x63, 0x0c, 0x63,
        0x0c, 0x63, 0x0c, 0x63, 0x0c, 0x63, 0x0c, 0x63, 0x0c, 0x63, 0x0c, 0x63,
        0x0c, 0x63, 0x0c, 0x63, 0x0c, 0x63, 0x0c, 0x63, 0x0c, 0x63, 0x0c, 0x63,
        0x52, 0xff, 0x51, 0xff, 0x51, 0xff, 0x51, 0xff, 0x51, 0xff, 0x51, 0xff,
        0x31, 0xff, 0x31, 0xff, 0x31, 0xff, 0x31, 0xff, 0x31, 0xff, 0x30, 0xff,
        0x30, 0xff, 0x30, 0xff, 0x10, 0xff, 0x10, 0xff, 0x10, 0xff, 0x10, 0xff,
        0x10, 0xff, 0x10, 0xff, 0x10, 0xff, 0x0f, 0xff, 0x0f, 0xff, 0xef, 0xfe,
        0xef, 0xfe, 0xef, 0xfe, 0xef, 0xfe, 0xef, 0xfe, 0xef, 0xfe, 0xef, 0xfe,
        0xef, 0xfe, 0xee, 0xfe, 0xce, 0xfe, 0xce, 0xfe, 0xce, 0xfe, 0xce, 0xfe,
        0xce, 0xfe, 0xce, 0xfe, 0xce, 0xfe, 0xce, 0xfe, 0xad, 0xfe, 0xad, 0xfe,
        0xad, 0xfe, 0xad, 0xfe, 0xad, 0xfe, 0xad, 0xfe, 0xad, 0xfe, 0xad, 0xfe,
        0xad, 0xfe, 0x8d, 0xfe, 0x8c, 0xfe, 0x8c, 0xfe, 0x8c, 0xfe, 0x8c, 0xfe,
        0x8c, 0xfe, 0x8c, 0xfe, 0x8c, 0xfe, 0x8c, 0xfe, 0x6c, 0xfe, 0x6c, 0xfe,
        0x6b, 0xfe, 0x6b, 0xfe, 0x6b, 0xfe, 0x6b, 0xfe, 0x6b, 0xfe, 0x6b, 0xfe,
        0x4b, 0xfe, 0x4b, 0xfe, 0x4b, 0xfe, 0x4b, 0xfe, 0x4a, 0xfe, 0x4a, 0xfe,
        0x4a, 0xfe, 0x4a, 0xfe, 0x4a, 0xfe, 0x2a, 0xfe, 0x2a, 0xf6, 0x2a, 0xfe,
        0x2a, 0xf6, 0x2a, 0xf6, 0x29, 0xf6, 0x29, 0xf6, 0x29, 0xf6, 0x29, 0xf6,
        0x09, 0xf6, 0x09, 0xf6, 0x2d, 0xbd, 0x51, 0x8c, 0x2d, 0xbd, 0x09, 0xf6,
        0x08, 0xf6, 0x08, 0xf6, 0xe8, 0xf5, 0xe8, 0xf5, 0x0c, 0xbd, 0x51, 0x8c,
        0x0c, 0xbd, 0x6a, 0xac, 0xeb, 0x62, 0xeb, 0x62, 0xeb, 0x62, 0xeb, 0x62,
        0xeb, 0x62, 0xeb, 0x62, 0xeb, 0x62, 0xeb, 0x62, 0xeb, 0x62, 0xeb, 0x62,
        0xeb, 0x62, 0xeb, 0x62, 0xeb, 0x62, 0xeb, 0x62, 0x92, 0x94, 0x7d, 0xef,
        0x7d, 0xef, 0x7d, 0xef, 0x75, 0xb5, 0x2c, 0x6b, 0x0b, 0x63, 0x0b, 0x63,
        0xeb, 0x62, 0xeb, 0x62, 0x8e, 0x73, 0x7d, 0xef, 0x7d, 0xef, 0x7d, 0xef,
        0xb6, 0xb5, 0x2b, 0x6b, 0x0b, 0x63, 0xeb, 0x62, 0xeb, 0x62, 0xeb, 0x62,
        0xeb, 0x62, 0xeb, 0x62, 0xeb, 0x62, 0xeb, 0x62, 0xeb, 0x62, 0xeb, 0x62,
        0xeb, 0x62, 0xeb, 0x62, 0xeb, 0x62, 0xeb, 0x62, 0xeb, 0x62, 0xeb, 0x62,
        0xeb, 0x62, 0xeb, 0x62, 0xeb, 0x62, 0xeb, 0x62, 0xeb, 0x62, 0xeb, 0x62,
        0x51, 0xff, 0x51, 0xff, 0x51, 0xff, 0x51, 0xff, 0x51, 0xff, 0x51, 0xff,
        0x31, 0xff, 0x31, 0xff, 0x31, 0xff, 0x31, 0xff, 0x30, 0xff, 0x30, 0xff,
        0x30, 0xff, 0x30, 0xff, 0x10, 0xff, 0x10, 0xff, 0x10, 0xff, 0x10, 0xff,
        0x10, 0xff, 0x10, 0xff, 0x0f, 0xff, 0x0f, 0xff, 0x0f, 0xff, 0xef, 0xfe,
        0xef, 0xfe, 0xef, 0xfe, 0xef, 0xfe, 0xef, 0xfe, 0xef, 0xfe, 0xef, 0xfe,
        0xee, 0xfe, 0xee, 0xfe, 0xce, 0xfe, 0xce, 0xfe, 0xce, 0xfe, 0xce, 0xfe,
        0xce, 0xfe, 0xce, 0xfe, 0xce, 0xfe, 0xce, 0xfe, 0xad, 0xfe, 0xad, 0xfe,
        0xad, 0xfe, 0xad, 0xfe, 0xad, 0xfe, 0xad, 0xfe, 0xad, 0xfe, 0xad, 0xfe,
        0xad, 0xfe, 0x8d, 0xfe, 0x8c, 0xfe, 0x8c, 0xfe, 0x8c, 0xfe, 0x8c, 0xfe,
        0x8c, 0xfe, 0x8c, 0xfe, 0x8c, 0xfe, 0x8c, 0xfe, 0x6c, 0xfe, 0x6c, 0xfe,
        0x6b, 0xfe, 0x6b, 0xfe, 0x6b, 0xfe, 0x6b, 0xfe, 0x6b, 0xfe, 0x6b, 0xfe,
        0x4b, 0xfe, 0x4b, 0xfe, 0x4b, 0xfe, 0x4b, 0xfe, 0x4a, 0xfe, 0x4a, 0xfe,
        0x4a, 0xfe, 0x4a, 0xfe, 0x4a, 0xfe, 0x2a, 0xfe, 0x2a, 0xfe, 0x2a, 0xfe,
        0x2a, 0xfe, 0x2a, 0xfe, 0x29, 0xf6, 0x29, 0xfe, 0x29, 0xf6, 0x29, 0xfe,
        0x09, 0xf6, 0xab, 0xdd, 0x51, 0x8c, 0x2d, 0xbd, 0x09, 0xf6, 0x09, 0xf6,
        0x08, 0xf6, 0x08, 0xf6, 0xe8, 0xf5, 0x0c, 0xbd, 0x51, 0x8c, 0x0c, 0xbd,
        0xe8, 0xf5, 0x6a, 0xac, 0x0c, 0x63, 0x0c, 0x63, 0x0c, 0x63, 0x0c, 0x63,
        0x0c, 0x63, 0x0c, 0x63, 0x0c, 0x63, 0x0c, 0x63, 0x0c, 0x63, 0x0c, 0x63,
        0x0c, 0x63, 0x0c, 0x63, 0x0c, 0x63, 0x0c, 0x63, 0x0c, 0x63, 0x7d, 0xef,
        0xdf, 0xff, 0xdf, 0xff, 0xdf, 0xf7, 0xee, 0x7b, 0x2c, 0x6b, 0x0c, 0x63,
        0x0c, 0x63, 0x0b, 0x63, 0xdb, 0xde, 0xdf, 0xff, 0xdf, 0xff, 0xbe, 0xf7,
        0xee, 0x7b, 0x4c, 0x6b, 0x0c, 0x63, 0x0b, 0x63, 0x0c, 0x63, 0x0c, 0x63,
        0x0c, 0x63, 0x0c, 0x63, 0x0c, 0x63, 0x0c, 0x63, 0x0c, 0x63, 0x0c, 0x63,
        0x0c, 0x63, 0x0c, 0x63, 0x0c, 0x63, 0x0c, 0x63, 0x0c, 0x63, 0x0c, 0x63,
        0x0c, 0x63, 0x0c, 0x63, 0x0c, 0x63, 0x0c, 0x63, 0x0c, 0x63, 0x0c, 0x63,
        0x51, 0xff, 0x51, 0xff, 0x51, 0xff, 0x51, 0xff, 0x31, 0xff, 0x31, 0xff,
        0x31, 0xff, 0x31, 0xff, 0x31, 0xff, 0x30, 0xff, 0x30, 0xff, 0x30, 0xff,
        0x10, 0xff, 0x10, 0xff, 0x10, 0xff, 0x10, 0xff, 0x10, 0xff, 0x10, 0xff,
        0x10, 0xff, 0x0f, 0xff, 0x0f, 0xff, 0xef, 0xfe, 0xef, 0xfe, 0xef, 0xfe,
        0xef, 0xfe, 0xef, 0xfe, 0xef, 0xfe, 0xef, 0xfe, 0xef, 0xfe, 0xee, 0xfe,
        0xce, 0xfe, 0xce, 0xfe, 0xce, 0xfe, 0xce, 0xfe, 0xce, 0xfe, 0xce, 0xfe,
        0xce, 0xfe, 0xce, 0xfe, 0xae, 0xfe, 0xad, 0xfe, 0xad, 0xfe, 0xad, 0xfe,
        0xad, 0xfe, 0xad, 0xfe, 0xad, 0xfe, 0xad, 0xfe, 0xad, 0xfe, 0xad, 0xfe,
        0x8c, 0xfe, 0x8c, 0xfe, 0x8c, 0xfe, 0x8c, 0xfe, 0x8c, 0xfe, 0x8c, 0xfe,
        0x8c, 0xfe, 0x8c, 0xfe, 0x6c, 0xfe, 0x6c, 0xfe, 0x6b, 0xfe, 0x6b, 0xfe,
        0x6b, 0xfe, 0x6b, 0xfe, 0x6b, 0xfe, 0x6b, 0xfe, 0x4b, 0xfe, 0x4b, 0xfe,
        0x4b, 0xfe, 0x4b, 0xfe, 0x4a, 0xfe, 0x4a, 0xfe, 0x4a, 0xfe, 0x4a, 0xfe,
        0x4a, 0xfe, 0x2a, 0xfe, 0x2a, 0xfe, 0x2a, 0xfe, 0x2a, 0xf6, 0x2a, 0xfe,
        0x29, 0xf6, 0x29, 0xf6, 0x29, 0xf6, 0x29, 0xf6, 0x09, 0xf6, 0x09, 0xf6,
        0x09, 0xf6, 0x2d, 0xbd, 0x2d, 0xbd, 0x09, 0xf6, 0x08, 0xf6, 0x08, 0xf6,
        0xe8, 0xf5, 0xe8, 0xf5, 0x0c, 0xbd, 0x51, 0x8c, 0x0c, 0xbd, 0xe8, 0xf5,
        0xe8, 0xf5, 0x69, 0xac, 0xeb, 0x62, 0xeb, 0x62, 0xeb, 0x62, 0xeb, 0x62,
        0xeb, 0x62, 0xeb, 0x62, 0xeb, 0x62, 0xeb, 0x62, 0xeb, 0x62, 0xeb, 0x62,
        0xeb, 0x62, 0xeb, 0x62, 0xeb, 0x62, 0xeb, 0x62, 0x0b, 0x63, 0x50, 0x8c,
        0xdf, 0xff, 0xdf, 0xff, 0xdf, 0xff, 0xfb, 0xde, 0x6c, 0x6b, 0x0b, 0x63,
        0x0c, 0x63, 0xb2, 0x94, 0xdf, 0xff, 0xdf, 0xff, 0xdf, 0xff, 0x95, 0xb5,
        0xac, 0x73, 0x4c, 0x6b, 0x0b, 0x63, 0x0b, 0x63, 0xeb, 0x62, 0xeb, 0x62,
        0xeb, 0x62, 0xeb, 0x62, 0xeb, 0x62, 0xeb, 0x62, 0xeb, 0x62, 0xeb, 0x62,
        0xeb, 0x62, 0xeb, 0x62, 0xeb, 0x62, 0xeb, 0x62, 0xeb, 0x62, 0xeb, 0x62,
        0xeb, 0x62, 0xeb, 0x62, 0xeb, 0x62, 0xeb, 0x62, 0xeb, 0x62, 0xeb, 0x62,
        0x51, 0xff, 0x51, 0xff, 0x51, 0xff, 0x51, 0xff, 0x31, 0xff, 0x31, 0xff,
        0x31, 0xff, 0x31, 0xff, 0x30, 0xff, 0x30, 0xff, 0x30, 0xff, 0x30, 0xff,
        0x10, 0xff, 0x10, 0xff, 0x10, 0xff, 0x10, 0xff, 0x10, 0xff, 0x10, 0xff,
        0x0f, 0xff, 0x0f, 0xff, 0x0f, 0xff, 0xef, 0xfe, 0xef, 0xfe, 0xef, 0xfe,
        0xef, 0xfe, 0xef, 0xfe, 0xef, 0xfe, 0xef, 0xfe, 0xee, 0xfe, 0xee, 0xfe,
        0xce, 0xfe, 0xce, 0xfe, 0xce, 0xfe, 0xce, 0xfe, 0xce, 0xfe, 0xce, 0xfe,
        0xce, 0xfe, 0xce, 0xfe, 0xad, 0xfe, 0xad, 0xfe, 0xad, 0xfe, 0xad, 0xfe,
        0xad, 0xfe, 0xad, 0xfe, 0xad, 0xfe, 0xad, 0xfe, 0xad, 0xfe, 0xad, 0xfe,
        0x8c, 0xfe, 0x8c, 0xfe, 0x8c, 0xfe, 0x8c, 0xfe, 0x8c, 0xfe, 0x8c, 0xfe,
        0x8c, 0xfe, 0x8c, 0xfe, 0x6c, 0xfe, 0x6c, 0xfe, 0x6b, 0xfe, 0x6b, 0xfe,
        0x6b, 0xfe, 0x6b, 0xfe, 0x6b, 0xfe, 0x6b, 0xfe, 0x4b, 0xfe, 0x4b, 0xfe,
        0x4b, 0xfe, 0x4b, 0xfe, 0x4a, 0xfe, 0x4a, 0xfe, 0x4a, 0xfe, 0x4a, 0xfe,
        0x4a, 0xfe, 0x2a, 0xfe, 0x2a, 0xfe, 0x2a, 0xfe, 0x2a, 0xfe, 0x2a, 0xfe,
        0x29, 0xfe, 0x29, 0xfe, 0x29, 0xf6, 0x29, 0xfe, 0x09, 0xf6, 0x09, 0xfe,
        0x09, 0xf6, 0x8b, 0xdd, 0x09, 0xf6, 0x09, 0xf6, 0x08, 0xf6, 0x08, 0xf6,
        0xe8, 0xf5, 0x0c, 0xbd, 0x51, 0x8c, 0x0c, 0xbd, 0xe8, 0xf5, 0xe8, 0xf5,
        0xe8, 0xf5, 0x6a, 0xac, 0x0c, 0x63, 0x0c, 0x63, 0x0c, 0x63, 0x0c, 0x63,
        0x0c, 0x63, 0x0c, 0x63, 0x0c, 0x63, 0x0c, 0x63, 0x0c, 0x63, 0x0c, 0x63,
        0x0c, 0x63, 0x0c, 0x63, 0x0c, 0x63, 0x0c, 0x63, 0x0b, 0x63, 0x2c, 0x6b,
        0x58, 0xce, 0xdf, 0xff, 0xdf, 0xff, 0xdf, 0xff, 0x13, 0xa5, 0x4c, 0x6b,
        0x2c, 0x6b, 0x9e, 0xf7, 0xdf, 0xff, 0xdf, 0xff, 0x1c, 0xe7, 0xcc, 0x7b,
        0x8c, 0x73, 0x2c, 0x6b, 0x0c, 0x63, 0x0c, 0x63, 0x0c, 0x63, 0x0c, 0x63,
        0x0c, 0x63, 0x0c, 0x63, 0x0c, 0x63, 0x0c, 0x63, 0x0c, 0x63, 0x0c, 0x63,
        0x0c, 0x63, 0x0c, 0x63, 0x0c, 0x63, 0x0c, 0x63, 0x0c, 0x63, 0x0c, 0x63,
        0x0c, 0x63, 0x0c, 0x63, 0x0c, 0x63, 0x0c, 0x63, 0x0c, 0x63, 0x0c, 0x63,
        0x51, 0xff, 0x51, 0xff, 0x31, 0xff, 0x31, 0xff, 0x31, 0xff, 0x31, 0xff,
        0x31, 0xff, 0x30, 0xff, 0x30, 0xff, 0x30, 0xff, 0x10, 0xff, 0x10, 0xff,
        0x10, 0xff, 0x10, 0xff, 0x10, 0xff, 0x10, 0xff, 0x10, 0xff, 0x0f, 0xff,
        0x0f, 0xff, 0xef, 0xfe, 0xef, 0xfe, 0xef, 0xfe, 0xef, 0xfe, 0xef, 0xfe,
        0xef, 0xfe, 0xef, 0xfe, 0xef, 0xfe, 0xee, 0xfe, 0xce, 0xfe, 0xce, 0xfe,
        0xce, 0xfe, 0xce, 0xfe, 0xce, 0xfe, 0xce, 0xfe, 0xce, 0xfe, 0xce, 0xfe,
        0xad, 0xfe, 0xad, 0xfe, 0xad, 0xfe, 0xad, 0xfe, 0xad, 0xfe, 0xad, 0xfe,
        0xad, 0xfe, 0xad, 0xfe, 0xad, 0xfe, 0x8d, 0xfe, 0x8c, 0xfe, 0x8c, 0xfe,
        0x8c, 0xfe, 0x8c, 0xfe, 0x8c, 0xfe, 0x8c, 0xfe, 0x8c, 0xfe, 0x8c, 0xfe,
        0x6c, 0xfe, 0x6c, 0xfe, 0x6b, 0xfe, 0x6b, 0xfe, 0x6b, 0xfe, 0x6b, 0xfe,
        0x6b, 0xfe, 0x6b, 0xfe, 0x4b, 0xfe, 0x4b, 0xfe, 0x4b, 0xfe, 0x4b, 0xfe,
        0x4a, 0xfe, 0x4a, 0xfe, 0x4a, 0xfe, 0x4a, 0xfe, 0x4a, 0xfe, 0x2a, 0xfe,
        0x2a, 0xf6, 0x2a, 0xfe, 0x2a, 0xf6, 0x2a, 0xf6, 0x29, 0xf6, 0x29, 0xf6,
        0x29, 0xf6, 0x29, 0xf6, 0x09, 0xf6, 0x09, 0xf6, 0x09, 0xf6, 0x09, 0xf6,
        0x09, 0xf6, 0x09, 0xf6, 0x08, 0xf6, 0x08, 0xf6, 0xe8, 0xf5, 0xe8, 0xf5,
        0x0c, 0xbd, 0x51, 0x8c, 0x0c, 0xbd, 0xe8, 0xf5, 0xe8, 0xf5, 0xe8, 0xf5,
        0xe7, 0xf5, 0x69, 0xac, 0xeb, 0x62, 0xeb, 0x62, 0xeb, 0x62, 0xeb, 0x62,
        0xeb, 0x62, 0xeb, 0x62, 0xeb, 0x62, 0xeb, 0x62, 0xeb, 0x62, 0xeb, 0x62,
        0xeb, 0x62, 0xeb, 0x62, 0xeb, 0x62, 0xeb, 0x62, 0xeb, 0x62, 0x0b, 0x63,
        0x4c, 0x6b, 0x9e, 0xf7, 0xdf, 0xff, 0xdf, 0xff, 0x9e, 0xf7, 0x8c, 0x73,
        0x38, 0xc6, 0xdf, 0xff, 0xdf, 0xff, 0xbe, 0xf7, 0x4e, 0x8c, 0x8c, 0x73,
        0x4c, 0x6b, 0x0b, 0x63, 0x0b, 0x63, 0xeb, 0x62, 0xeb, 0x62, 0xeb, 0x62,
        0xeb, 0x62, 0xeb, 0x62, 0xeb, 0x62, 0xeb, 0x62, 0xeb, 0x62, 0xeb, 0x62,
        0xeb, 0x62, 0xeb, 0x62, 0xeb, 0x62, 0xeb, 0x62, 0xeb, 0x62, 0xeb, 0x62,
        0xeb, 0x62, 0xeb, 0x62, 0xeb, 0x62, 0xeb, 0x62, 0xeb, 0x62, 0xeb, 0x62,
        0x51, 0xff, 0x51, 0xff, 0x31, 0xff, 0x31, 0xff, 0x31, 0xff, 0x31, 0xff,
        0x30, 0xff, 0x30, 0xff, 0x30, 0xff, 0x30, 0xff, 0x10, 0xff, 0x10, 0xff,
        0x10, 0xff, 0x10, 0xff, 0x10, 0xff, 0x10, 0xff, 0x0f, 0xff, 0x0f, 0xff,
        0x0f, 0xff, 0xef, 0xfe, 0xef, 0xfe, 0xef, 0xfe, 0xef, 0xfe, 0xef, 0xfe,
        0xef, 0xfe, 0xef, 0xfe, 0xee, 0xfe, 0xee, 0xfe, 0xce, 0xfe, 0xce, 0xfe,
        0xce, 0xfe, 0xce, 0xfe, 0xce, 0xfe, 0xce, 0xfe, 0xce, 0xfe, 0xce, 0xfe,
        0xad, 0xfe, 0xad, 0xfe, 0xad, 0xfe, 0xad, 0xfe, 0xad, 0xfe, 0xad, 0xfe,
        0xad, 0xfe, 0xad, 0xfe, 0xad, 0xfe, 0x8d, 0xfe, 0x8c, 0xfe, 0x8c, 0xfe,
        0x8c, 0xfe, 0x8c, 0xfe, 0x8c, 0xfe, 0x8c, 0xfe, 0x8c, 0xfe, 0x8c, 0xfe,
        0x6c, 0xfe, 0x6c, 0xfe, 0x6b, 0xfe, 0x6b, 0xfe, 0x6b, 0xfe, 0x6b, 0xfe,
        0x6b, 0xfe, 0x6b, 0xfe, 0x4b, 0xfe, 0x4b, 0xfe, 0x4b, 0xfe, 0x4b, 0xfe,
        0x4a, 0xfe, 0x4a, 0xfe, 0x4a, 0xfe, 0x4a, 0xfe, 0x4a, 0xfe, 0x2a, 0xfe,
        0x2a, 0xfe, 0x2a, 0xfe, 0x2a, 0xfe, 0x2a, 0xfe, 0x29, 0xfe, 0x29, 0xfe,
        0x29, 0xf6, 0x29, 0xfe, 0x09, 0xf6, 0x09, 0xf6, 0x09, 0xf6, 0x09, 0xf6,
        0x09, 0xf6, 0x09, 0xf6, 0x08, 0xf6, 0x08, 0xf6, 0xe8, 0xf5, 0x0c, 0xbd,
        0x51, 0x8c, 0x0c, 0xbd, 0xe8, 0xf5, 0xe8, 0xf5, 0xe8, 0xf5, 0xe8, 0xf5,
        0xe7, 0xf5, 0x6b, 0xa4, 0x0c, 0x63, 0x0c, 0x63, 0xeb, 0x62, 0x0c, 0x63,
        0x0c, 0x63, 0x0c, 0x63, 0xeb, 0x62, 0x0c, 0x63, 0x0c, 0x63, 0x0c, 0x63,
        0xeb, 0x62, 0x0c, 0x63, 0x0c, 0x63, 0x0c, 0x63, 0xeb, 0x62, 0x0b, 0x63,
        0x2c, 0x63, 0x91, 0x94, 0xdf, 0xff, 0xdf, 0xff, 0xdf, 0xff, 0xda, 0xde,
        0xdf, 0xf7, 0xdf, 0xff, 0xdf, 0xff, 0x95, 0xb5, 0xac, 0x7b, 0x6c, 0x6b,
        0x2c, 0x63, 0x0b, 0x63, 0xeb, 0x62, 0x0c, 0x63, 0x0c, 0x63, 0x0c, 0x63,
        0xeb, 0x62, 0x0c, 0x63, 0x0c, 0x63, 0x0c, 0x63, 0xeb, 0x62, 0x0c, 0x63,
        0x0c, 0x63, 0x0c, 0x63, 0xeb, 0x62, 0x0c, 0x63, 0x0c, 0x63, 0x0c, 0x63,
        0xeb, 0x62, 0x0c, 0x63, 0x0c, 0x63, 0x0c, 0x63, 0xeb, 0x62, 0x0c, 0x63,
        0x31, 0xff, 0x31, 0xff, 0x31, 0xff, 0x31, 0xff, 0x31, 0xff, 0x30, 0xff,
        0x30, 0xff, 0x30, 0xff, 0x10, 0xff, 0x10, 0xff, 0x10, 0xff, 0x10, 0xff,
        0x10, 0xff, 0x10, 0xff, 0x10, 0xff, 0x0f, 0xff, 0x0f, 0xff, 0xef, 0xfe,
        0xef, 0xfe, 0xef, 0xfe, 0xef, 0xfe, 0xef, 0xfe, 0xef, 0xfe, 0xef, 0xfe,
        0xef, 0xfe, 0xee, 0xfe, 0xce, 0xfe, 0xce, 0xfe, 0xce, 0xfe, 0xce, 0xfe,
        0xce, 0xfe, 0xce, 0xfe, 0xce, 0xfe, 0xce, 0xfe, 0xae, 0xfe, 0xad, 0xfe,
        0xad, 0xfe, 0xad, 0xfe, 0xad, 0xfe, 0xad, 0xfe, 0xad, 0xfe, 0xad, 0xfe,
        0xad, 0xfe, 0xad, 0xfe, 0x8c, 0xfe, 0x8c, 0xfe, 0x8c, 0xfe, 0x8c, 0xfe,
        0x8c, 0xfe, 0x8c, 0xfe, 0x8c, 0xfe, 0x8c, 0xfe, 0x6c, 0xfe, 0x6c, 0xfe,
        0x6b, 0xfe, 0x6b, 0xfe, 0x6b, 0xfe, 0x6b, 0xfe, 0x6b, 0xfe, 0x6b, 0xfe,
        0x4b, 0xfe, 0x4b, 0xfe, 0x4b, 0xfe, 0x4b, 0xfe, 0x4a, 0xfe, 0x4a, 0xfe,
        0x4a, 0xfe, 0x4a, 0xfe, 0x4a, 0xfe, 0x2a, 0xfe, 0x2a, 0xfe, 0x2a, 0xfe,
        0x2a, 0xf6, 0x2a, 0xfe, 0x29, 0xf6, 0x29, 0xf6, 0x29, 0xf6, 0x29, 0xf6,
        0x09, 0xf6, 0x09, 0xf6, 0x09, 0xf6, 0x09, 0xf6, 0x09, 0xf6, 0x09, 0xf6,
        0x08, 0xf6, 0x08, 0xf6, 0xe8, 0xf5, 0xe8, 0xf5, 0x0c, 0xbd, 0x51, 0x8c,
        0x0c, 0xbd, 0xe8, 0xf5, 0xe8, 0xf5, 0xe8, 0xf5, 0xe7, 0xf5, 0xe7, 0xf5,
        0x0c, 0xbd, 0x4d, 0x9c, 0xeb, 0x62, 0xeb, 0x62, 0xeb, 0x62, 0xeb, 0x62,
        0xeb, 0x62, 0xeb, 0x62, 0xeb, 0x62, 0xeb, 0x62, 0xeb, 0x62, 0xeb, 0x62,
        0xeb, 0x62, 0xeb, 0x62, 0xeb, 0x62, 0xeb, 0x62, 0xeb, 0x62, 0xeb, 0x62,
        0x0c, 0x63, 0x2c, 0x6b, 0x79, 0xce, 0xdf, 0xff, 0xdf, 0xff, 0xdf, 0xff,
        0xdf, 0xff, 0xdf, 0xff, 0x1b, 0xe7, 0xcc, 0x7b, 0x8c, 0x73, 0x2b, 0x6b,
        0x0b, 0x63, 0xeb, 0x62, 0xeb, 0x62, 0xeb, 0x62, 0xeb, 0x62, 0xeb, 0x62,
        0xeb, 0x62, 0xeb, 0x62, 0xeb, 0x62, 0xeb, 0x62, 0xeb, 0x62, 0xeb, 0x62,
        0xeb, 0x62, 0xeb, 0x62, 0xeb, 0x62, 0xeb, 0x62, 0xeb, 0x62, 0xeb, 0x62,
        0xeb, 0x62, 0xeb, 0x62, 0xeb, 0x62, 0xeb, 0x62, 0xeb, 0x62, 0xeb, 0x62,
        0x31, 0xff, 0x31, 0xff, 0x31, 0xff, 0x31, 0xff, 0x30, 0xff, 0x30, 0xff,
        0x30, 0xff, 0x30, 0xff, 0x10, 0xff, 0x10, 0xff, 0x10, 0xff, 0x10, 0xff,
        0x10, 0xff, 0x10, 0xff, 0x0f, 0xff, 0x0f, 0xff, 0x0f, 0xff, 0xef, 0xfe,
        0xef, 0xfe, 0xef, 0xfe, 0xef, 0xfe, 0xef, 0xfe, 0xef, 0xfe, 0xef, 0xfe,
        0xee, 0xfe, 0xee, 0xfe, 0xce, 0xfe, 0xce, 0xfe, 0xce, 0xfe, 0xce, 0xfe,
        0xce, 0xfe, 0xce, 0xfe, 0xce, 0xfe, 0xce, 0xfe, 0xad, 0xfe, 0xad, 0xfe,
        0xad, 0xfe, 0xad, 0xfe, 0xad, 0xfe, 0xad, 0xfe, 0xad, 0xfe, 0xad, 0xfe,
        0xad, 0xfe, 0xad, 0xfe, 0x8c, 0xfe, 0x8c, 0xfe, 0x8c, 0xfe, 0x8c, 0xfe,
        0x8c, 0xfe, 0x8c, 0xfe, 0x8c, 0xfe, 0x8c, 0xfe, 0x6c, 0xfe, 0x6c, 0xfe,
        0x6b, 0xfe, 0x6b, 0xfe, 0x6b, 0xfe, 0x6b, 0xfe, 0x6b, 0xfe, 0x6b, 0xfe,
        0x4b, 0xfe, 0x4b, 0xfe, 0x4b, 0xfe, 0x4b, 0xfe, 0x4a, 0xfe, 0x4a, 0xfe,
        0x4a, 0xfe, 0x4a, 0xfe, 0x4a, 0xfe, 0x4a, 0xfe, 0x2a, 0xfe, 0x2a, 0xfe,
        0x2a, 0xfe, 0x2a, 0xfe, 0x29, 0xfe, 0x29, 0xfe, 0x29, 0xf6, 0x29, 0xfe,
        0x09, 0xf6, 0x09, 0xfe, 0x09, 0xf6, 0x09, 0xf6, 0x09, 0xf6, 0x09, 0xf6,
        0x08, 0xf6, 0x08, 0xf6, 0xe8, 0xf5, 0x0c, 0xbd, 0x51, 0x8c, 0x0c, 0xbd,
        0xe8, 0xf5, 0xe8, 0xf5, 0xe8, 0xf5, 0xe8, 0xf5, 0xe7, 0xf5, 0x0c, 0xbd,
        0x51, 0x8c, 0x6b, 0xa4, 0x0c, 0x63, 0x0c, 0x63, 0x0c, 0x63, 0x0c, 0x63,
        0x0c, 0x63, 0x0c, 0x63, 0x0c, 0x63, 0x0c, 0x63, 0x0c, 0x63, 0x0c, 0x63,
        0x0c, 0x63, 0x0c, 0x63, 0x0c, 0x63, 0x0c, 0x63, 0x0c, 0x63, 0x0c, 0x63,
        0x0b, 0x63, 0x0c, 0x63, 0x6d, 0x73, 0xdf, 0xf7, 0xdf, 0xff, 0xdf, 0xff,
        0xdf, 0xff, 0xdf, 0xff, 0x4e, 0x8c, 0xac, 0x7b, 0x4c, 0x6b, 0x0c, 0x63,
        0x0b, 0x63, 0x0b, 0x63, 0x0c, 0x63, 0x0c, 0x63, 0x0c, 0x63, 0x0c, 0x63,
        0x0c, 0x63, 0x0c, 0x63, 0x0c, 0x63, 0x0b, 0x63, 0x0b, 0x63, 0x0c, 0x63,
        0x0c, 0x63, 0x0c, 0x63, 0x0c, 0x63, 0x0c, 0x63, 0x0c, 0x63, 0x0c, 0x63,
        0x0c, 0x63, 0x0c, 0x63, 0x0c, 0x63, 0x0c, 0x63, 0x0c, 0x63, 0x0c, 0x63,
        0x31, 0xff, 0x31, 0xff, 0x31, 0xff, 0x30, 0xff, 0x30, 0xff, 0x30, 0xff,
        0x10, 0xff, 0x10, 0xff, 0x10, 0xff, 0x10, 0xff, 0x10, 0xff, 0x10, 0xff,
        0x10, 0xff, 0x0f, 0xff, 0x0f, 0xff, 0xef, 0xfe, 0xef, 0xfe, 0xef, 0xfe,
        0xef, 0xfe, 0xef, 0xfe, 0xef, 0xfe, 0xef, 0xfe, 0xef, 0xfe, 0xee, 0xfe,
        0xce, 0xfe, 0xce, 0xfe, 0xce, 0xfe, 0xce, 0xfe, 0xce, 0xfe, 0xce, 0xfe,
        0xce, 0xfe, 0xce, 0xfe, 0xad, 0xfe, 0xad, 0xfe, 0xad, 0xfe, 0xad, 0xfe,
        0xad, 0xfe, 0xad, 0xfe, 0xad, 0xfe, 0xad, 0xfe, 0xad, 0xfe, 0x8d, 0xfe,
        0x8c, 0xfe, 0x8c, 0xfe, 0x8c, 0xfe, 0x8c, 0xfe, 0x8c, 0xfe, 0x8c, 0xfe,
        0x8c, 0xfe, 0x8c, 0xfe, 0x6c, 0xfe, 0x6c, 0xfe, 0x6b, 0xfe, 0x6b, 0xfe,
        0x6b, 0xfe, 0x6b, 0xfe, 0x6b, 0xfe, 0x6b, 0xfe, 0x4b, 0xfe, 0x4b, 0xfe,
        0x4b, 0xfe, 0x4b, 0xfe, 0x4a, 0xfe, 0x4a, 0xfe, 0x4a, 0xfe, 0x4a, 0xfe,
        0x4a, 0xfe, 0x2a, 0xfe, 0x2a, 0xf6, 0x2a, 0xfe, 0x2a, 0xf6, 0x2a, 0xf6,
        0x29, 0xf6, 0x29, 0xf6, 0x29, 0xf6, 0x29, 0xf6, 0x09, 0xf6, 0x09, 0xf6,
        0x09, 0xf6, 0x09, 0xf6, 0x09, 0xf6, 0x09, 0xf6, 0x08, 0xf6, 0x08, 0xf6,
        0xe8, 0xf5, 0xe8, 0xf5, 0x0c, 0xbd, 0x51, 0x8c, 0x0c, 0xbd, 0xe8, 0xf5,
        0xe8, 0xf5, 0xe8, 0xf5, 0xe7, 0xf5, 0xc7, 0xf5, 0x0c, 0xbd, 0x51, 0x8c,
        0x0c, 0xbd, 0x69, 0xac, 0xeb, 0x62, 0xeb, 0x62, 0xeb, 0x62, 0xeb, 0x62,
        0xeb, 0x62, 0xeb, 0x62, 0xeb, 0x62, 0xeb, 0x62, 0xeb, 0x62, 0xeb, 0x62,
        0xeb, 0x62, 0xeb, 0x62, 0xeb, 0x62, 0xeb, 0x62, 0xeb, 0x62, 0xeb, 0x62,
        0xeb, 0x62, 0x0b, 0x63, 0x2c, 0x6b, 0xdf, 0xff, 0xdf, 0xff, 0xdf, 0xff,
        0xdf, 0xff, 0xdf, 0xff, 0xcc, 0x7b, 0x6c, 0x73, 0x2c, 0x6b, 0x0b, 0x63,
        0x0b, 0x63, 0x1c, 0xe7, 0x7d, 0xef, 0x7d, 0xef, 0x7d, 0xef, 0x7d, 0xef,
        0x7d, 0xef, 0x7d, 0xef, 0x75, 0xb5, 0x2c, 0x6b, 0x0b, 0x63, 0x0b, 0x63,
        0xeb, 0x62, 0xeb, 0x62, 0xeb, 0x62, 0xeb, 0x62, 0xeb, 0x62, 0xeb, 0x62,
        0xeb, 0x62, 0xeb, 0x62, 0xeb, 0x62, 0xeb, 0x62, 0xeb, 0x62, 0xeb, 0x62,
        0x31, 0xff, 0x31, 0xff, 0x30, 0xff, 0x30, 0xff, 0x30, 0xff, 0x30, 0xff,
        0x10, 0xff, 0x10, 0xff, 0x10, 0xff, 0x10, 0xff, 0x10, 0xff, 0x10, 0xff,
        0x0f, 0xff, 0x0f, 0xff, 0x0f, 0xff, 0xef, 0xfe, 0xef, 0xfe, 0xef, 0xfe,
        0xef, 0xfe, 0xef, 0xfe, 0xef, 0xfe, 0xef, 0xfe, 0xee, 0xfe, 0xee, 0xfe,
        0xce, 0xfe, 0xce, 0xfe, 0xce, 0xfe, 0xce, 0xfe, 0xce, 0xfe, 0xce, 0xfe,
        0xce, 0xfe, 0xce, 0xfe, 0xad, 0xfe, 0xad, 0xfe, 0xad, 0xfe, 0xad, 0xfe,
        0xad, 0xfe, 0xad, 0xfe, 0xad, 0xfe, 0xad, 0xfe, 0xad, 0xfe, 0x8d, 0xfe,
        0x8c, 0xfe, 0x8c, 0xfe, 0x8c, 0xfe, 0x8c, 0xfe, 0x8c, 0xfe, 0x8c, 0xfe,
        0x8c, 0xfe, 0x8c, 0xfe, 0x6c, 0xfe, 0x6c, 0xfe, 0x6b, 0xfe, 0x6b, 0xfe,
        0x6b, 0xfe, 0x6b, 0xfe, 0x6b, 0xfe, 0x6b, 0xfe, 0x4b, 0xfe, 0x4b, 0xfe,
        0x4b, 0xfe, 0x4b, 0xfe, 0x4a, 0xfe, 0x4a, 0xfe, 0x4a, 0xfe, 0x4a, 0xfe,
        0x4a, 0xfe, 0x2a, 0xfe, 0x2a, 0xfe, 0x2a, 0xfe, 0x2a, 0xfe, 0x2a, 0xfe,
        0x29, 0xf6, 0x29, 0xfe, 0x29, 0xf6, 0x29, 0xfe, 0x09, 0xf6, 0x09, 0xf6,
        0x09, 0xf6, 0x09, 0xf6, 0x09, 0xf6, 0x09, 0xf6, 0x08, 0xf6, 0x08, 0xf6,
        0xe8, 0xf5, 0x8a, 0xdd, 0x51, 0x8c, 0x0c, 0xbd, 0xe8, 0xf5, 0xe8, 0xf5,
        0xe8, 0xf5, 0xe8, 0xf5, 0xe7, 0xf5, 0x0c, 0xbd, 0x51, 0x8c, 0x0c, 0xbd,
        0xc7, 0xf5, 0x69, 0xac, 0xeb, 0x62, 0x0c, 0x63, 0xeb, 0x62, 0x0c, 0x63,
        0xeb, 0x62, 0x0c, 0x63, 0xeb, 0x62, 0x0c, 0x63, 0xeb, 0x62, 0x0c, 0x63,
        0xeb, 0x62, 0x0c, 0x63, 0xeb, 0x62, 0x0c, 0x63, 0xeb, 0x62, 0x0c, 0x63,
        0xeb, 0x62, 0x0b, 0x63, 0xf7, 0xbd, 0xdf, 0xff, 0xdf, 0xff, 0xdf, 0xff,
        0xdf, 0xff, 0xdf, 0xff, 0x38, 0xce, 0x6c, 0x73, 0x0b, 0x63, 0x0b, 0x63,
        0x0c, 0x63, 0xbe, 0xf7, 0xdf, 0xff, 0xdf, 0xff, 0xdf, 0xff, 0xdf, 0xff,
        0xdf, 0xff, 0xdf, 0xff, 0x59, 0xce, 0x6c, 0x73, 0x0b, 0x63, 0x0b, 0x63,
        0xeb, 0x62, 0x0c, 0x63, 0xeb, 0x62, 0x0c, 0x63, 0xeb, 0x62, 0x0c, 0x63,
        0xeb, 0x62, 0x0c, 0x63, 0xeb, 0x62, 0x0c, 0x63, 0xeb, 0x62, 0x0c, 0x63,
        0x31, 0xff, 0x30, 0xff, 0x30, 0xff, 0x30, 0xff, 0x10, 0xff, 0x10, 0xff,
        0x10, 0xff, 0x10, 0xff, 0x10, 0xff, 0x10, 0xff, 0x10, 0xff, 0x0f, 0xff,
        0x0f, 0xff, 0xef, 0xfe, 0xef, 0xfe, 0xef, 0xfe, 0xef, 0xfe, 0xef, 0xfe,
        0xef, 0xfe, 0xef, 0xfe, 0xef, 0xfe, 0xee, 0xfe, 0xce, 0xfe, 0xce, 0xfe,
        0xce, 0xfe, 0xce, 0xfe, 0xce, 0xfe, 0xce, 0xfe, 0xce, 0xfe, 0xce, 0xfe,
        0xae, 0xfe, 0xad, 0xfe, 0xad, 0xfe, 0xad, 0xfe, 0xad, 0xfe, 0xad, 0xfe,
        0xad, 0xfe, 0xad, 0xfe, 0xad, 0xfe, 0xad, 0xfe, 0x8c, 0xfe, 0x8c, 0xfe,
        0x8c, 0xfe, 0x8c, 0xfe, 0x8c, 0xfe, 0x8c, 0xfe, 0x8c, 0xfe, 0x8c, 0xfe,
        0x6c, 0xfe, 0x6c, 0xfe, 0x6b, 0xfe, 0x6b, 0xfe, 0x6b, 0xfe, 0x6b, 0xfe,
        0x6b, 0xfe, 0x6b, 0xfe, 0x4b, 0xfe, 0x4b, 0xfe, 0x4b, 0xfe, 0x4b, 0xfe,
        0x4a, 0xfe, 0x4a, 0xfe, 0x4a, 0xfe, 0x4a, 0xfe, 0x4a, 0xfe, 0x2a, 0xfe,
        0x2a, 0xfe, 0x2a, 0xfe, 0x2a, 0xf6, 0x2a, 0xfe, 0x29, 0xf6, 0x29, 0xf6,
        0x29, 0xf6, 0x29, 0xf6, 0x09, 0xf6, 0x09, 0xf6, 0x09, 0xf6, 0x09, 0xf6,
        0x09, 0xf6, 0x09, 0xf6, 0x08, 0xf6, 0x08, 0xf6, 0xe8, 0xf5, 0xe8, 0xf5,
        0xe8, 0xf5, 0x0c, 0xbd, 0x0c, 0xbd, 0xe8, 0xf5, 0xe8, 0xf5, 0xe8, 0xf5,
        0xe7, 0xf5, 0xc7, 0xf5, 0x0c, 0xbd, 0x51, 0x8c, 0x0c, 0xbd, 0xc7, 0xf5,
        0xc7, 0xf5, 0x69, 0xac, 0xeb, 0x62, 0xeb, 0x62, 0xeb, 0x62, 0xeb, 0x62,
        0xeb, 0x62, 0xeb, 0x62, 0xeb, 0x62, 0xeb, 0x62, 0xeb, 0x62, 0xeb, 0x62,
        0xeb, 0x62, 0xeb, 0x62, 0xeb, 0x62, 0xeb, 0x62, 0xeb, 0x62, 0xeb, 0x62,
        0xeb, 0x62, 0xcf, 0x7b, 0xdf, 0xf7, 0xdf, 0xff, 0xdf, 0xff, 0xdf, 0xff,
        0xdf, 0xff, 0xdf, 0xff, 0xdf, 0xff, 0x70, 0x8c, 0x2c, 0x6b, 0x0b, 0x63,
        0x0b, 0x63, 0x9e, 0xf7, 0xdf, 0xf7, 0xdf, 0xff, 0xdf, 0xff, 0xdf, 0xff,
        0xdf, 0xff, 0xdf, 0xff, 0x38, 0xc6, 0x8c, 0x73, 0x2c, 0x6b, 0x0c, 0x63,
        0xeb, 0x62, 0xeb, 0x62, 0xeb, 0x62, 0xeb, 0x62, 0xeb, 0x62, 0xeb, 0x62,
        0xeb, 0x62, 0xeb, 0x62, 0xeb, 0x62, 0xeb, 0x62, 0xeb, 0x62, 0xeb, 0x62,
        0x30, 0xff, 0x30, 0xff, 0x30, 0xff, 0x30, 0xff, 0x10, 0xff, 0x10, 0xff,
        0x10, 0xff, 0x10, 0xff, 0x10, 0xff, 0x10, 0xff, 0x0f, 0xff, 0x0f, 0xff,
        0x0f, 0xff, 0xef, 0xfe, 0xef, 0xfe, 0xef, 0xfe, 0xef, 0xfe, 0xef, 0xfe,
        0xef, 0xfe, 0xef, 0xfe, 0xee, 0xfe, 0xee, 0xfe, 0xce, 0xfe, 0xce, 0xfe,
        0xce, 0xfe, 0xce, 0xfe, 0xce, 0xfe, 0xce, 0xfe, 0xce, 0xfe, 0xce, 0xfe,
        0xad, 0xfe, 0xad, 0xfe, 0xad, 0xfe, 0xad, 0xfe, 0xad, 0xfe, 0xad, 0xfe,
        0xad, 0xfe, 0xad, 0xfe, 0xad, 0xfe, 0xad, 0xfe, 0x8c, 0xfe, 0x8c, 0xfe,
        0x8c, 0xfe, 0x8c, 0xfe, 0x8c, 0xfe, 0x8c, 0xfe, 0x8c, 0xfe, 0x8c, 0xfe,
        0x6c, 0xfe, 0x6c, 0xfe, 0x6b, 0xfe, 0x6b, 0xfe, 0x6b, 0xfe, 0x6b, 0xfe,
        0x6b, 0xfe, 0x6b, 0xfe, 0x4b, 0xfe, 0x4b, 0xfe, 0x4b, 0xfe, 0x4b, 0xfe,
        0x4a, 0xfe, 0x4a, 0xfe, 0x4a, 0xfe, 0x4a, 0xfe, 0x4a, 0xfe, 0x2a, 0xfe,
        0x2a, 0xfe, 0x2a, 0xfe, 0x2a, 0xfe, 0x2a, 0xfe, 0x29, 0xfe, 0x29, 0xfe,
        0x29, 0xf6, 0x29, 0xfe, 0x09, 0xf6, 0x09, 0xfe, 0x09, 0xf6, 0x09, 0xf6,
        0x09, 0xf6, 0x09, 0xf6, 0x08, 0xf6, 0x08, 0xf6, 0xe8, 0xf5, 0xe8, 0xf5,
        0xe8, 0xf5, 0x8a, 0xdd, 0xe8, 0xf5, 0xe8, 0xf5, 0xe8, 0xf5, 0xe8, 0xf5,
        0xe7, 0xf5, 0x0c, 0xbd, 0x51, 0x8c, 0x0c, 0xbd, 0xc7, 0xf5, 0xc7, 0xf5,
        0xc7, 0xf5, 0x69, 0xac, 0xeb, 0x62, 0x0c, 0x63, 0xeb, 0x62, 0x0c, 0x63,
        0xeb, 0x62, 0x0c, 0x63, 0xeb, 0x62, 0x0c, 0x63, 0xeb, 0x62, 0x0c, 0x63,
        0xeb, 0x62, 0x0c, 0x63, 0xeb, 0x62, 0x0c, 0x63, 0xeb, 0x62, 0x0c, 0x63,
        0x0c, 0x63, 0x5d, 0xef, 0xdf, 0xff, 0xdf, 0xff, 0x9e, 0xf7, 0x4e, 0x8c,
        0xbe, 0xf7, 0xdf, 0xff, 0xdf, 0xff, 0x7d, 0xef, 0x6c, 0x73, 0x2c, 0x6b,
        0x0b, 0x63, 0x2c, 0x6b, 0x8c, 0x73, 0xac, 0x7b, 0xac, 0x7b, 0xcc, 0x7b,
        0xcc, 0x7b, 0xcc, 0x7b, 0x8c, 0x73, 0x6c, 0x73, 0x2b, 0x6b, 0x0b, 0x63,
        0xeb, 0x62, 0x0c, 0x63, 0xeb, 0x62, 0x0c, 0x63, 0xeb, 0x62, 0x0c, 0x63,
        0xeb, 0x62, 0x0c, 0x63, 0xeb, 0x62, 0x0c, 0x63, 0xeb, 0x62, 0x0c, 0x63,
        0x30, 0xff, 0x30, 0xff, 0x10, 0xff, 0x10, 0xff, 0x10, 0xff, 0x10, 0xff,
        0x10, 0xff, 0x10, 0xff, 0x10, 0xff, 0x0f, 0xff, 0x0f, 0xff, 0xef, 0xfe,
        0xef, 0xfe, 0xef, 0xfe, 0xef, 0xfe, 0xef, 0xfe, 0xef, 0xfe, 0xef, 0xfe,
        0xef, 0xfe, 0xee, 0xfe, 0xce, 0xfe, 0xce, 0xfe, 0xce, 0xfe, 0xce, 0xfe,
        0xce, 0xfe, 0xce, 0xfe, 0xce, 0xfe, 0xce, 0xfe, 0xad, 0xfe, 0xad, 0xfe,
        0xad, 0xfe, 0xad, 0xfe, 0xad, 0xfe, 0xad, 0xfe, 0xad, 0xfe, 0xad, 0xfe,
        0xad, 0xfe, 0x8d, 0xfe, 0x8c, 0xfe, 0x8c, 0xfe, 0x8c, 0xfe, 0x8c, 0xfe,
        0x8c, 0xfe, 0x8c, 0xfe, 0x8c, 0xfe, 0x8c, 0xfe, 0x6c, 0xfe, 0x6c, 0xfe,
        0x6b, 0xfe, 0x6b, 0xfe, 0x6b, 0xfe, 0x6b, 0xfe, 0x6b, 0xfe, 0x6b, 0xfe,
        0x4b, 0xfe, 0x4b, 0xfe, 0x4b, 0xfe, 0x4b, 0xfe, 0x4a, 0xfe, 0x4a, 0xfe,
        0x4a, 0xfe, 0x4a, 0xfe, 0x4a, 0xfe, 0x2a, 0xfe, 0x2a, 0xf6, 0x2a, 0xfe,
        0x2a, 0xf6, 0x2a, 0xf6, 0x29, 0xf6, 0x29, 0xf6, 0x29, 0xf6, 0x29, 0xf6,
        0x09, 0xf6, 0x09, 0xf6, 0x09, 0xf6, 0x09, 0xf6, 0x09, 0xf6, 0x09, 0xf6,
        0x08, 0xf6, 0x08, 0xf6, 0xe8, 0xf5, 0xe8, 0xf5, 0xe8, 0xf5, 0xe8, 0xf5,
        0xe8, 0xf5, 0xe8, 0xf5, 0xe8, 0xf5, 0xe8, 0xf5, 0xe7, 0xf5, 0xc7, 0xf5,
        0x0c, 0xbd, 0x51, 0x8c, 0x0c, 0xbd, 0xc7, 0xf5, 0xc7, 0xf5, 0xc7, 0xf5,
        0xc7, 0xf5, 0x49, 0xac, 0xeb, 0x62, 0xeb, 0x62, 0xeb, 0x62, 0xeb, 0x62,
        0xeb, 0x62, 0xeb, 0x62, 0xeb, 0x62, 0xeb, 0x62, 0xeb, 0x62, 0xeb, 0x62,
        0xeb, 0x62, 0xeb, 0x62, 0xeb, 0x62, 0xeb, 0x62, 0xeb, 0x62, 0x0b, 0x63,
        0x96, 0xb5, 0xdf, 0xff, 0xdf, 0xff, 0xdf, 0xff, 0x12, 0xa5, 0xcc, 0x7b,
        0x54, 0xad, 0xdf, 0xff, 0xdf, 0xff, 0xdf, 0xff, 0x17, 0xc6, 0x4c, 0x6b,
        0x0b, 0x63, 0x0c, 0x63, 0x2c, 0x6b, 0x4c, 0x6b, 0x4c, 0x6b, 0x4c, 0x6b,
        0x4c, 0x6b, 0x4c, 0x6b, 0x4c, 0x6b, 0x2c, 0x6b, 0x0b, 0x63, 0x0b, 0x63,
        0xeb, 0x62, 0xeb, 0x62, 0xeb, 0x62, 0xeb, 0x62, 0xeb, 0x62, 0xeb, 0x62,
        0xeb, 0x62, 0xeb, 0x62, 0xeb, 0x62, 0xeb, 0x62, 0xeb, 0x62, 0xeb, 0x62,
        0x30, 0xff, 0x30, 0xff, 0x10, 0xff, 0x10, 0xff, 0x10, 0xff, 0x10, 0xff,
        0x10, 0xff, 0x10, 0xff, 0x0f, 0xff, 0x0f, 0xff, 0x0f, 0xff, 0xef, 0xfe,
        0xef, 0xfe, 0xef, 0xfe, 0xef, 0xfe, 0xef, 0xfe, 0xef, 0xfe, 0xef, 0xfe,
        0xee, 0xfe, 0xee, 0xfe, 0xce, 0xfe, 0xce, 0xfe, 0xce, 0xfe, 0xce, 0xfe,
        0xce, 0xfe, 0xce, 0xfe, 0xce, 0xfe, 0xce, 0xfe, 0xad, 0xfe, 0xad, 0xfe,
        0xad, 0xfe, 0xad, 0xfe, 0xad, 0xfe, 0xad, 0xfe, 0xad, 0xfe, 0xad, 0xfe,
        0xad, 0xfe, 0x8d, 0xfe, 0x8c, 0xfe, 0x8c, 0xfe, 0x8c, 0xfe, 0x8c, 0xfe,
        0x8c, 0xfe, 0x8c, 0xfe, 0x8c, 0xfe, 0x8c, 0xfe, 0x6c, 0xfe, 0x6c, 0xfe,
        0x6b, 0xfe, 0x6b, 0xfe, 0x6b, 0xfe, 0x6b, 0xfe, 0x6b, 0xfe, 0x6b, 0xfe,
        0x4b, 0xfe, 0x4b, 0xfe, 0x4b, 0xfe, 0x4b, 0xfe, 0x4a, 0xfe, 0x4a, 0xfe,
        0x4a, 0xfe, 0x4a, 0xfe, 0x4a, 0xfe, 0x2a, 0xfe, 0x2a, 0xfe, 0x2a, 0xfe,
        0x2a, 0xfe, 0x2a, 0xfe, 0x29, 0xfe, 0x29, 0xfe, 0x29, 0xf6, 0x29, 0xfe,
        0x09, 0xf6, 0x09, 0xf6, 0x09, 0xf6, 0x09, 0xf6, 0x09, 0xf6, 0x09, 0xf6,
        0x08, 0xf6, 0x08, 0xf6, 0xe8, 0xf5, 0xe8, 0xf5, 0xe8, 0xf5, 0xe8, 0xf5,
        0xe8, 0xf5, 0xe8, 0xf5, 0xe8, 0xf5, 0xe8, 0xf5, 0xe7, 0xf5, 0x0c, 0xbd,
        0x51, 0x8c, 0x0c, 0xbd, 0xc7, 0xf5, 0xc7, 0xf5, 0xc7, 0xf5, 0xc7, 0xf5,
        0xc7, 0xf5, 0x4b, 0xa4, 0xeb, 0x62, 0x0c, 0x63, 0xeb, 0x62, 0x0c, 0x63,
        0xeb, 0x62, 0x0c, 0x63, 0xeb, 0x62, 0x0c, 0x63, 0xeb, 0x62, 0x0c, 0x63,
        0xeb, 0x62, 0x0c, 0x63, 0xeb, 0x62, 0x0c, 0x63, 0xeb, 0x62, 0xae, 0x73,
        0xdf, 0xf7, 0xdf, 0xff, 0xdf, 0xff, 0xba, 0xd6, 0xcc, 0x7b, 0x8c, 0x73,
        0x4c, 0x6b, 0xfb, 0xde, 0xdf, 0xff, 0xdf, 0xff, 0xdf, 0xff, 0x50, 0x8c,
        0x2c, 0x6b, 0x0c, 0x63, 0x0b, 0x63, 0x0c, 0x63, 0x0b, 0x63, 0x0c, 0x63,
        0x0b, 0x63, 0x0c, 0x63, 0x0b, 0x63, 0x0c, 0x63, 0x0b, 0x63, 0x0c, 0x63,
        0xeb, 0x62, 0x0c, 0x63, 0xeb, 0x62, 0x0c, 0x63, 0xeb, 0x62, 0x0c, 0x63,
        0xeb, 0x62, 0x0c, 0x63, 0xeb, 0x62, 0x0c, 0x63, 0xeb, 0x62, 0x0c, 0x63,
        0x10, 0xff, 0x10, 0xff, 0x10, 0xff, 0x10, 0xff, 0x10, 0xff, 0x10, 0xff,
        0x10, 0xff, 0x0f, 0xff, 0x0f, 0xff, 0xef, 0xfe, 0xef, 0xfe, 0xef, 0xfe,
        0xef, 0xfe, 0xef, 0xfe, 0xef, 0xfe, 0xef, 0xfe, 0xef, 0xfe, 0xee, 0xfe,
        0xce, 0xfe, 0xce, 0xfe, 0xce, 0xfe, 0xce, 0xfe, 0xce, 0xfe, 0xce, 0xfe,
        0xce, 0xfe, 0xce, 0xfe, 0xae, 0xfe, 0xad, 0xfe, 0xad, 0xfe, 0xad, 0xfe,
        0xad, 0xfe, 0xad, 0xfe, 0xad, 0xfe, 0xad, 0xfe, 0xad, 0xfe, 0xad, 0xfe,
        0x8c, 0xfe, 0x8c, 0xfe, 0x8c, 0xfe, 0x8c, 0xfe, 0x8c, 0xfe, 0x8c, 0xfe,
        0x8c, 0xfe, 0x8c, 0xfe, 0x6c, 0xfe, 0x6c, 0xfe, 0x6b, 0xfe, 0x6b, 0xfe,
        0x6b, 0xfe, 0x6b, 0xfe, 0x6b, 0xfe, 0x6b, 0xfe, 0x4b, 0xfe, 0x4b, 0xfe,
        0x4b, 0xfe, 0x4b, 0xfe, 0x4a, 0xfe, 0x4a, 0xfe, 0x4a, 0xfe, 0x4a, 0xfe,
        0x4a, 0xfe, 0x2a, 0xfe, 0x2a, 0xfe, 0x2a, 0xfe, 0x2a, 0xf6, 0x2a, 0xfe,
        0x29, 0xf6, 0x29, 0xf6, 0x29, 0xf6, 0x29, 0xf6, 0x09, 0xf6, 0x09, 0xf6,
        0x09, 0xf6, 0x09, 0xf6, 0x09, 0xf6, 0x09, 0xf6, 0x08, 0xf6, 0x08, 0xf6,
        0xe8, 0xf5, 0xe8, 0xf5, 0xe8, 0xf5, 0xe8, 0xf5, 0xe8, 0xf5, 0xe8, 0xf5,
        0xe8, 0xf5, 0xe8, 0xf5, 0xe7, 0xf5, 0xe7, 0xf5, 0x0c, 0xbd, 0x51, 0x8c,
        0x0c, 0xbd, 0xc7, 0xf5, 0xc7, 0xf5, 0xc7, 0xf5, 0xc7, 0xf5, 0xc7, 0xf5,
        0xeb, 0xbc, 0x4d, 0x9c, 0xeb, 0x62, 0xeb, 0x62, 0xeb, 0x62, 0xeb, 0x62,
        0xeb, 0x62, 0xeb, 0x62, 0xeb, 0x62, 0xeb, 0x62, 0xeb, 0x62, 0xeb, 0x62,
        0xeb, 0x62, 0xeb, 0x62, 0xeb, 0x62, 0xeb, 0x62, 0x0b, 0x63, 0x1c, 0xe7,
        0xdf, 0xff, 0xdf, 0xff, 0xbe, 0xf7, 0x0d, 0x84, 0x8c, 0x73, 0x4c, 0x6b,
        0x2b, 0x6b, 0xae, 0x7b, 0xbf, 0xf7, 0xdf, 0xff, 0xdf, 0xff, 0x5d, 0xef,
        0x6c, 0x73, 0x2b, 0x6b, 0x0c, 0x63, 0xeb, 0x62, 0xeb, 0x62, 0xeb, 0x62,
        0xeb, 0x62, 0xeb, 0x62, 0xeb, 0x62, 0xeb, 0x62, 0xeb, 0x62, 0xeb, 0x62,
        0xeb, 0x62, 0xeb, 0x62, 0xeb, 0x62, 0xeb, 0x62, 0xeb, 0x62, 0xeb, 0x62,
        0xeb, 0x62, 0xeb, 0x62, 0xeb, 0x62, 0xeb, 0x62, 0xeb, 0x62, 0xeb, 0x62,
        0x10, 0xff, 0x10, 0xff, 0x10, 0xff, 0x10, 0xff, 0x10, 0xff, 0x10, 0xff,
        0x0f, 0xff, 0x0f, 0xff, 0x0f, 0xff, 0xef, 0xfe, 0xef, 0xfe, 0xef, 0xfe,
        0xef, 0xfe, 0xef, 0xfe, 0xef, 0xfe, 0xef, 0xfe, 0xee, 0xfe, 0xee, 0xfe,
        0xce, 0xfe, 0xce, 0xfe, 0xce, 0xfe, 0xce, 0xfe, 0xce, 0xfe, 0xce, 0xfe,
        0xce, 0xfe, 0xce, 0xfe, 0xad, 0xfe, 0xad, 0xfe, 0xad, 0xfe, 0xad, 0xfe,
        0xad, 0xfe, 0xad, 0xfe, 0xad, 0xfe, 0xad, 0xfe, 0xad, 0xfe, 0xad, 0xfe,
        0x8c, 0xfe, 0x8c, 0xfe, 0x8c, 0xfe, 0x8c, 0xfe, 0x8c, 0xfe, 0x8c, 0xfe,
        0x8c, 0xfe, 0x8c, 0xfe, 0x6c, 0xfe, 0x6c, 0xfe, 0x6b, 0xfe, 0x6b, 0xfe,
        0x6b, 0xfe, 0x6b, 0xfe, 0x6b, 0xfe, 0x6b, 0xfe, 0x4b, 0xfe, 0x4b, 0xfe,
        0x4b, 0xfe, 0x4b, 0xfe, 0x4a, 0xfe, 0x4a, 0xfe, 0x4a, 0xfe, 0x4a, 0xfe,
        0x4a, 0xfe, 0x4a, 0xfe, 0x2a, 0xfe, 0x2a, 0xfe, 0x2a, 0xfe, 0x2a, 0xfe,
        0x29, 0xfe, 0x29, 0xfe, 0x29, 0xf6, 0x29, 0xfe, 0x09, 0xf6, 0x09, 0xfe,
        0x09, 0xf6, 0x09, 0xf6, 0x09, 0xf6, 0x09, 0xf6, 0x08, 0xf6, 0x08, 0xf6,
        0xe8, 0xf5, 0xe8, 0xf5, 0xe8, 0xf5, 0xe8, 0xf5, 0xe8, 0xf5, 0xe8, 0xf5,
        0xe8, 0xf5, 0xe8, 0xf5, 0xe7, 0xf5, 0x0c, 0xbd, 0x51, 0x8c, 0x0c, 0xbd,
        0xc7, 0xf5, 0xc7, 0xf5, 0xc7, 0xf5, 0xc7, 0xf5, 0xc7, 0xf5, 0x0c, 0xbd,
        0x51, 0x8c, 0x4b, 0xa4, 0xeb, 0x62, 0x0c, 0x63, 0xeb, 0x62, 0x0c, 0x63,
        0xeb, 0x62, 0x0c, 0x63, 0xeb, 0x62, 0x0c, 0x63, 0xeb, 0x62, 0x0c, 0x63,
        0xeb, 0x62, 0x0c, 0x63, 0xeb, 0x62, 0x0c, 0x63, 0xd3, 0x9c, 0xdf, 0xff,
        0xdf, 0xff, 0xdf, 0xff, 0x54, 0xad, 0xac, 0x7b, 0x4c, 0x6b, 0x2c, 0x63,
        0x0b, 0x63, 0x2c, 0x6b, 0x95, 0xb5, 0xdf, 0xff, 0xdf, 0xff, 0xdf, 0xff,
        0xb6, 0xb5, 0x4c, 0x6b, 0x0b, 0x63, 0x0c, 0x63, 0xeb, 0x62, 0x0c, 0x63,
        0xeb, 0x62, 0x0c, 0x63, 0xeb, 0x62, 0x0c, 0x63, 0xeb, 0x62, 0x0c, 0x63,
        0xeb, 0x62, 0x0c, 0x63, 0xeb, 0x62, 0x0c, 0x63, 0xeb, 0x62, 0x0c, 0x63,
        0xeb, 0x62, 0x0c, 0x63, 0xeb, 0x62, 0x0c, 0x63, 0xeb, 0x62, 0x0c, 0x63,
        0x10, 0xff, 0x10, 0xff, 0x10, 0xff, 0x10, 0xff, 0x10, 0xff, 0x0f, 0xff,
        0x0f, 0xff, 0xef, 0xfe, 0xef, 0xfe, 0xef, 0xfe, 0xef, 0xfe, 0xef, 0xfe,
        0xef, 0xfe, 0xef, 0xfe, 0xef, 0xfe, 0xee, 0xfe, 0xce, 0xfe, 0xce, 0xfe,
        0xce, 0xfe, 0xce, 0xfe, 0xce, 0xfe, 0xce, 0xfe, 0xce, 0xfe, 0xce, 0xfe,
        0xad, 0xfe, 0xad, 0xfe, 0xad, 0xfe, 0xad, 0xfe, 0xad, 0xfe, 0xad, 0xfe,
        0xad, 0xfe, 0xad, 0xfe, 0xad, 0xfe, 0x8d, 0xfe, 0x8c, 0xfe, 0x8c, 0xfe,
        0x8c, 0xfe, 0x8c, 0xfe, 0x8c, 0xfe, 0x8c, 0xfe, 0x8c, 0xfe, 0x8c, 0xfe,
        0x6c, 0xfe, 0x6c, 0xfe, 0x6b, 0xfe, 0x6b, 0xfe, 0x6b, 0xfe, 0x6b, 0xfe,
        0x6b, 0xfe, 0x6b, 0xfe, 0x4b, 0xfe, 0x4b, 0xfe, 0x4b, 0xfe, 0x4b, 0xfe,
        0x4a, 0xfe, 0x4a, 0xfe, 0x4a, 0xfe, 0x4a, 0xfe, 0x4a, 0xfe, 0x2a, 0xfe,
        0x2a, 0xf6, 0x2a, 0xfe, 0x2a, 0xf6, 0x2a, 0xf6, 0x29, 0xf6, 0x29, 0xf6,
        0x29, 0xf6, 0x29, 0xf6, 0x09, 0xf6, 0x09, 0xf6, 0x09, 0xf6, 0x09, 0xf6,
        0x09, 0xf6, 0x09, 0xf6, 0x08, 0xf6, 0x08, 0xf6, 0xe8, 0xf5, 0xe8, 0xf5,
        0xe8, 0xf5, 0xe8, 0xf5, 0xe8, 0xf5, 0xe8, 0xf5, 0xe8, 0xf5, 0xe8, 0xf5,
        0xe7, 0xf5, 0xc7, 0xf5, 0x0c, 0xbd, 0x51, 0x8c, 0x0c, 0xbd, 0xc7, 0xf5,
        0xc7, 0xf5, 0xc7, 0xf5, 0xc7, 0xf5, 0xc7, 0xf5, 0xeb, 0xbc, 0x51, 0x8c,
        0xeb, 0xbc, 0x49, 0xac, 0xeb, 0x62, 0xeb, 0x62, 0xeb, 0x62, 0xeb, 0x62,
        0xeb, 0x62, 0xeb, 0x62, 0xeb, 0x62, 0xeb, 0x62, 0xeb, 0x62, 0xeb, 0x62,
        0xeb, 0x62, 0xeb, 0x62, 0xeb, 0x62, 0x0b, 0x63, 0x0b, 0x63, 0x4c, 0x6b,
        0x8c, 0x73, 0xac, 0x7b, 0xac, 0x73, 0x6c, 0x73, 0x2c, 0x6b, 0x0c, 0x63,
        0x0b, 0x63, 0x0b, 0x63, 0x2b, 0x6b, 0x6c, 0x73, 0xac, 0x73, 0xac, 0x7b,
        0x8c, 0x73, 0x4c, 0x6b, 0x0b, 0x63, 0x0b, 0x63, 0xeb, 0x62, 0xeb, 0x62,
        0xeb, 0x62, 0xeb, 0x62, 0xeb, 0x62, 0xeb, 0x62, 0xeb, 0x62, 0xeb, 0x62,
        0xeb, 0x62, 0xeb, 0x62, 0xeb, 0x62, 0xeb, 0x62, 0xeb, 0x62, 0xeb, 0x62,
        0xeb, 0x62, 0xeb, 0x62, 0xeb, 0x62, 0xeb, 0x62, 0xeb, 0x62, 0xeb, 0x62,
        0x10, 0xff, 0x10, 0xff, 0x10, 0xff, 0x10, 0xff, 0x0f, 0xff, 0x0f, 0xff,
        0x0f, 0xff, 0xef, 0xfe, 0xef, 0xfe, 0xef, 0xfe, 0xef, 0xfe, 0xef, 0xfe,
        0xef, 0xfe, 0xef, 0xfe, 0xee, 0xfe, 0xee, 0xfe, 0xce, 0xfe, 0xce, 0xfe,
        0xce, 0xfe, 0xce, 0xfe, 0xce, 0xfe, 0xce, 0xfe, 0xce, 0xfe, 0xce, 0xfe,
        0xad, 0xfe, 0xad, 0xfe, 0xad, 0xfe, 0xad, 0xfe, 0xad, 0xfe, 0xad, 0xfe,
        0xad, 0xfe, 0xad, 0xfe, 0xad, 0xfe, 0x8d, 0xfe, 0x8c, 0xfe, 0x8c, 0xfe,
        0x8c, 0xfe, 0x8c, 0xfe, 0x8c, 0xfe, 0x8c, 0xfe, 0x8c, 0xfe, 0x8c, 0xfe,
        0x6c, 0xfe, 0x6c, 0xfe, 0x6b, 0xfe, 0x6b, 0xfe, 0x6b, 0xfe, 0x6b, 0xfe,
        0x6b, 0xfe, 0x6b, 0xfe, 0x4b, 0xfe, 0x4b, 0xfe, 0x4b, 0xfe, 0x4b, 0xfe,
        0x4a, 0xfe, 0x4a, 0xfe, 0x4a, 0xfe, 0x4a, 0xfe, 0x4a, 0xfe, 0x2a, 0xfe,
        0x2a, 0xfe, 0x2a, 0xfe, 0x2a, 0xfe, 0x2a, 0xfe, 0x29, 0xf6, 0x29, 0xfe,
        0x29, 0xf6, 0x29, 0xfe, 0x09, 0xf6, 0x09, 0xf6, 0x09, 0xf6, 0x09, 0xf6,
        0x09, 0xf6, 0x09, 0xf6, 0x08, 0xf6, 0x08, 0xf6, 0xe8, 0xf5, 0xe8, 0xf5,
        0xe8, 0xf5, 0xe8, 0xf5, 0xe8, 0xf5, 0xe8, 0xf5, 0xe8, 0xf5, 0xe8, 0xf5,
        0xe7, 0xf5, 0x6a, 0xdd, 0x51, 0x8c, 0x0c, 0xbd, 0xc7, 0xf5, 0xc7, 0xf5,
        0xc7, 0xf5, 0xc7, 0xf5, 0xc7, 0xf5, 0x0b, 0xbd, 0x51, 0x8c, 0xeb, 0xbc,
        0xa6, 0xf5, 0x49, 0xac, 0xeb, 0x62, 0xeb, 0x62, 0xeb, 0x62, 0xeb, 0x62,
        0xeb, 0x62, 0xeb, 0x62, 0xeb, 0x62, 0xeb, 0x62, 0xeb, 0x62, 0xeb, 0x62,
        0xeb, 0x62, 0xeb, 0x62, 0xeb, 0x62, 0xeb, 0x62, 0x0c, 0x63, 0x0b, 0x6b,
        0x2c, 0x6b, 0x4c, 0x6b, 0x4c, 0x6b, 0x2c, 0x6b, 0x0b, 0x63, 0x0b, 0x63,
        0xeb, 0x62, 0x0b, 0x63, 0x0b, 0x63, 0x2c, 0x6b, 0x4c, 0x6b, 0x4c, 0x6b,
        0x2c, 0x6b, 0x0b, 0x6b, 0x0b, 0x63, 0xeb, 0x62, 0xeb, 0x62, 0xeb, 0x62,
        0xeb, 0x62, 0xeb, 0x62, 0xeb, 0x62, 0xeb, 0x62, 0xeb, 0x62, 0xeb, 0x62,
        0xeb, 0x62, 0xeb, 0x62, 0xeb, 0x62, 0xeb, 0x62, 0xeb, 0x62, 0xeb, 0x62,
        0xeb, 0x62, 0xeb, 0x62, 0xeb, 0x62, 0xeb, 0x62, 0xeb, 0x62, 0xeb, 0x62,
        0x10, 0xff, 0x10, 0xff, 0x10, 0xff, 0x0f, 0xff, 0x0f, 0xff, 0xef, 0xfe,
        0xef, 0xfe, 0xef, 0xfe, 0xef, 0xfe, 0xef, 0xfe, 0xef, 0xfe, 0xef, 0xfe,
        0xef, 0xfe, 0xee, 0xfe, 0xce, 0xfe, 0xce, 0xfe, 0xce, 0xfe, 0xce, 0xfe,
        0xce, 0xfe, 0xce, 0xfe, 0xce, 0xfe, 0xce, 0xfe, 0xae, 0xfe, 0xad, 0xfe,
        0xad, 0xfe, 0xad, 0xfe, 0xad, 0xfe, 0xad, 0xfe, 0xad, 0xfe, 0xad, 0xfe,
        0xad, 0xfe, 0xad, 0xfe, 0x8c, 0xfe, 0x8c, 0xfe, 0x8c, 0xfe, 0x8c, 0xfe,
        0x8c, 0xfe, 0x8c, 0xfe, 0x8c, 0xfe, 0x8c, 0xfe, 0x6c, 0xfe, 0x6c, 0xfe,
        0x6b, 0xfe, 0x6b, 0xfe, 0x6b, 0xfe, 0x6b, 0xfe, 0x6b, 0xfe, 0x6b, 0xfe,
        0x4b, 0xfe, 0x4b, 0xfe, 0x4b, 0xfe, 0x4b, 0xfe, 0x4a, 0xfe, 0x4a, 0xfe,
        0x4a, 0xfe, 0x4a, 0xfe, 0x4a, 0xfe, 0x2a, 0xfe, 0x2a, 0xfe, 0x2a, 0xfe,
        0x2a, 0xf6, 0x2a, 0xfe, 0x29, 0xf6, 0x29, 0xf6, 0x29, 0xf6, 0x29, 0xf6,
        0x09, 0xf6, 0x09, 0xf6, 0x09, 0xf6, 0x09, 0xf6, 0x09, 0xf6, 0x09, 0xf6,
        0x08, 0xf6, 0x08, 0xf6, 0xe8, 0xf5, 0xe8, 0xf5, 0xe8, 0xf5, 0xe8, 0xf5,
        0xe8, 0xf5, 0xe8, 0xf5, 0xe8, 0xf5, 0xe8, 0xf5, 0xe7, 0xf5, 0xc7, 0xf5,
        0xc7, 0xf5, 0x0c, 0xbd, 0x0c, 0xbd, 0xc7, 0xf5, 0xc7, 0xf5, 0xc7, 0xf5,
        0xc7, 0xf5, 0xc7, 0xf5, 0xeb, 0xbc, 0x51, 0x8c, 0xeb, 0xbc, 0xa6, 0xf5,
        0xa6, 0xf5, 0x49, 0xac, 0xeb, 0x62, 0xeb, 0x62, 0xeb, 0x62, 0xeb, 0x62,
        0xeb, 0x62, 0xeb, 0x62, 0xeb, 0x62, 0xeb, 0x62, 0xeb, 0x62, 0xeb, 0x62,
        0xeb, 0x62, 0xeb, 0x62, 0xeb, 0x62, 0xeb, 0x62, 0xeb, 0x62, 0x0b, 0x63,
        0x0b, 0x63, 0x0b, 0x63, 0x0b, 0x63, 0x0b, 0x63, 0xeb, 0x62, 0xeb, 0x62,
        0xeb, 0x62, 0xeb, 0x62, 0x0b, 0x63, 0x0b, 0x63, 0x0b, 0x63, 0x0b, 0x63,
        0x0b, 0x63, 0x0b, 0x63, 0xeb, 0x62, 0xeb, 0x62, 0xeb, 0x62, 0xeb, 0x62,
        0xeb, 0x62, 0xeb, 0x62, 0xeb, 0x62, 0xeb, 0x62, 0xeb, 0x62, 0xeb, 0x62,
        0xeb, 0x62, 0xeb, 0x62, 0xeb, 0x62, 0xeb, 0x62, 0xeb, 0x62, 0xeb, 0x62,
        0xeb, 0x62, 0xeb, 0x62, 0xeb, 0x62, 0xeb, 0x62, 0xeb, 0x62, 0xeb, 0x62,
        0x10, 0xff, 0x10, 0xff, 0x0f, 0xff, 0x0f, 0xff, 0x0f, 0xff, 0xef, 0xfe,
        0xef, 0xfe, 0xef, 0xfe, 0xef, 0xfe, 0xef, 0xfe, 0xef, 0xfe, 0xef, 0xfe,
        0xee, 0xfe, 0xee, 0xfe, 0xce, 0xfe, 0xce, 0xfe, 0xce, 0xfe, 0xce, 0xfe,
        0xce, 0xfe, 0xce, 0xfe, 0xce, 0xfe, 0xce, 0xfe, 0xad, 0xfe, 0xad, 0xfe,
        0xad, 0xfe, 0xad, 0xfe, 0xad, 0xfe, 0xad, 0xfe, 0xad, 0xfe, 0xad, 0xfe,
        0xad, 0xfe, 0xad, 0xfe, 0x8c, 0xfe, 0x8c, 0xfe, 0x8c, 0xfe, 0x8c, 0xfe,
        0x8c, 0xfe, 0x8c, 0xfe, 0x8c, 0xfe, 0x8c, 0xfe, 0x6c, 0xfe, 0x6c, 0xfe,
        0x6b, 0xfe, 0x6b, 0xfe, 0x6b, 0xfe, 0x6b, 0xfe, 0x6b, 0xfe, 0x6b, 0xfe,
        0x4b, 0xfe, 0x4b, 0xfe, 0x4b, 0xfe, 0x4b, 0xfe, 0x4a, 0xfe, 0x4a, 0xfe,
        0x4a, 0xfe, 0x4a, 0xfe, 0x4a, 0xfe, 0x2a, 0xfe, 0x2a, 0xfe, 0x2a, 0xfe,
        0x2a, 0xfe, 0x2a, 0xfe, 0x29, 0xfe, 0x29, 0xfe, 0x29, 0xf6, 0x29, 0xfe,
        0x09, 0xf6, 0x09, 0xfe, 0x09, 0xf6, 0x09, 0xf6, 0x09, 0xf6, 0x09, 0xf6,
        0x08, 0xf6, 0x08, 0xf6, 0xe8, 0xf5, 0xe8, 0xf5, 0xe8, 0xf5, 0xe8, 0xf5,
        0xe8, 0xf5, 0xe8, 0xf5, 0xe8, 0xf5, 0xe8, 0xf5, 0xe7, 0xf5, 0xe7, 0xf5,
        0xc7, 0xf5, 0x69, 0xdd, 0xc7, 0xf5, 0xc7, 0xf5, 0xc7, 0xf5, 0xc7, 0xf5,
        0xc7, 0xf5, 0x0c, 0xbd, 0x51, 0x8c, 0xeb, 0xbc, 0xa6, 0xf5, 0xa6, 0xf5,
        0xa6, 0xf5, 0x49, 0xac, 0xeb, 0x62, 0xeb, 0x62, 0xeb, 0x62, 0xeb, 0x62,
        0xeb, 0x62, 0x0c, 0x63, 0xeb, 0x62, 0xeb, 0x62, 0xeb, 0x62, 0xeb, 0x62,
        0xeb, 0x62, 0xeb, 0x62, 0xeb, 0x62, 0x0c, 0x63, 0xeb, 0x62, 0xeb, 0x62,
        0xeb, 0x62, 0xeb, 0x62, 0xeb, 0x62, 0xeb, 0x62, 0xeb, 0x62, 0x0c, 0x63,
        0xeb, 0x62, 0xeb, 0x62, 0xeb, 0x62, 0xeb, 0x62, 0xeb, 0x62, 0xeb, 0x62,
        0xeb, 0x62, 0x0c, 0x63, 0xeb, 0x62, 0xeb, 0x62, 0xeb, 0x62, 0xeb, 0x62,
        0xeb, 0x62, 0xeb, 0x62, 0xeb, 0x62, 0x0c, 0x63, 0xeb, 0x62, 0xeb, 0x62,
        0xeb, 0x62, 0xeb, 0x62, 0xeb, 0x62, 0xeb, 0x62, 0xeb, 0x62, 0x0c, 0x63,
        0xeb, 0x62, 0xeb, 0x62, 0xeb, 0x62, 0xeb, 0x62, 0xeb, 0x62, 0xeb, 0x62,
        0x10, 0xff, 0x0f, 0xff, 0x0f, 0xff, 0xef, 0xfe, 0xef, 0xfe, 0xef, 0xfe,
        0xef, 0xfe, 0xef, 0xfe, 0xef, 0xfe, 0xef, 0xfe, 0xef, 0xfe, 0xee, 0xfe,
        0xce, 0xfe, 0xce, 0xfe, 0xce, 0xfe, 0xce, 0xfe, 0xce, 0xfe, 0xce, 0xfe,
        0xce, 0xfe, 0xce, 0xfe, 0xad, 0xfe, 0xad, 0xfe, 0xad, 0xfe, 0xad, 0xfe,
        0xad, 0xfe, 0xad, 0xfe, 0xad, 0xfe, 0xad, 0xfe, 0xad, 0xfe, 0x8d, 0xfe,
        0x8c, 0xfe, 0x8c, 0xfe, 0x8c, 0xfe, 0x8c, 0xfe, 0x8c, 0xfe, 0x8c, 0xfe,
        0x8c, 0xfe, 0x8c, 0xfe, 0x6c, 0xfe, 0x6c, 0xfe, 0x6b, 0xfe, 0x6b, 0xfe,
        0x6b, 0xfe, 0x6b, 0xfe, 0x6b, 0xfe, 0x6b, 0xfe, 0x4b, 0xfe, 0x4b, 0xfe,
        0x4b, 0xfe, 0x4b, 0xfe, 0x4a, 0xfe, 0x4a, 0xfe, 0x4a, 0xfe, 0x4a, 0xfe,
        0x4a, 0xfe, 0x2a, 0xfe, 0x2a, 0xf6, 0x2a, 0xfe, 0x2a, 0xf6, 0x2a, 0xf6,
        0x29, 0xf6, 0x29, 0xf6, 0x29, 0xf6, 0x29, 0xf6, 0x09, 0xf6, 0x09, 0xf6,
        0x09, 0xf6, 0x09, 0xf6, 0x09, 0xf6, 0x09, 0xf6, 0x08, 0xf6, 0x08, 0xf6,
        0xe8, 0xf5, 0xe8, 0xf5, 0xe8, 0xf5, 0xe8, 0xf5, 0xe8, 0xf5, 0xe8, 0xf5,
        0xe8, 0xf5, 0xe8, 0xf5, 0xe7, 0xf5, 0xc7, 0xf5, 0xc7, 0xf5, 0xc7, 0xf5,
        0xc7, 0xf5, 0xc7, 0xf5, 0xc7, 0xf5, 0xc7, 0xf5, 0xc7, 0xf5, 0xc7, 0xf5,
        0xeb, 0xbc, 0x51, 0x8c, 0xeb, 0xbc, 0xa6, 0xf5, 0xa6, 0xf5, 0xa6, 0xf5,
        0xa6, 0xf5, 0x49, 0xac, 0xeb, 0x62, 0xeb, 0x62, 0xeb, 0x62, 0xeb, 0x62,
        0xeb, 0x62, 0xeb, 0x62, 0xeb, 0x62, 0xeb, 0x62, 0xeb, 0x62, 0xeb, 0x62,
        0xeb, 0x62, 0xeb, 0x62, 0xeb, 0x62, 0xeb, 0x62, 0xeb, 0x62, 0xeb, 0x62,
        0xeb, 0x62, 0xeb, 0x62, 0xeb, 0x62, 0xeb, 0x62, 0xeb, 0x62, 0xeb, 0x62,
        0xeb, 0x62, 0xeb, 0x62, 0xeb, 0x62, 0xeb, 0x62, 0xeb, 0x62, 0xeb, 0x62,
        0xeb, 0x62, 0xeb, 0x62, 0xeb, 0x62, 0xeb, 0x62, 0xeb, 0x62, 0xeb, 0x62,
        0xeb, 0x62, 0xeb, 0x62, 0xeb, 0x62, 0xeb, 0x62, 0xeb, 0x62, 0xeb, 0x62,
        0xeb, 0x62, 0xeb, 0x62, 0xeb, 0x62, 0xeb, 0x62, 0xeb, 0x62, 0xeb, 0x62,
        0xeb, 0x62, 0xeb, 0x62, 0xeb, 0x62, 0xeb, 0x62, 0xeb, 0x62, 0xeb, 0x62,
        0x0f, 0xff, 0x0f, 0xff, 0x0f, 0xff, 0xef, 0xfe, 0xef, 0xfe, 0xef, 0xfe,
        0xef, 0xfe, 0xef, 0xfe, 0xef, 0xfe, 0xef, 0xfe, 0xee, 0xfe, 0xee, 0xfe,
        0xce, 0xfe, 0xce, 0xfe, 0xce, 0xfe, 0xce, 0xfe, 0xce, 0xfe, 0xce, 0xfe,
        0xce, 0xfe, 0xce, 0xfe, 0xad, 0xfe, 0xad, 0xfe, 0xad, 0xfe, 0xad, 0xfe,
        0xad, 0xfe, 0xad, 0xfe, 0xad, 0xfe, 0xad, 0xfe, 0xad, 0xfe, 0x8d, 0xfe,
        0x8c, 0xfe, 0x8c, 0xfe, 0x8c, 0xfe, 0x8c, 0xfe, 0x8c, 0xfe, 0x8c, 0xfe,
        0x8c, 0xfe, 0x8c, 0xfe, 0x6c, 0xfe, 0x6c, 0xfe, 0x6b, 0xfe, 0x6b, 0xfe,
        0x6b, 0xfe, 0x6b, 0xfe, 0x6b, 0xfe, 0x6b, 0xfe, 0x4b, 0xfe, 0x4b, 0xfe,
        0x4b, 0xfe, 0x4b, 0xfe, 0x4a, 0xfe, 0x4a, 0xfe, 0x4a, 0xfe, 0x4a, 0xfe,
        0x4a, 0xfe, 0x2a, 0xfe, 0x2a, 0xfe, 0x2a, 0xfe, 0x2a, 0xfe, 0x2a, 0xfe,
        0x29, 0xfe, 0x29, 0xfe, 0x29, 0xf6, 0x29, 0xfe, 0x09, 0xf6, 0x09, 0xf6,
        0x09, 0xf6, 0x09, 0xf6, 0x09, 0xf6, 0x09, 0xf6, 0x08, 0xf6, 0x08, 0xf6,
        0xe8, 0xf5, 0xe8, 0xf5, 0xe8, 0xf5, 0xe8, 0xf5, 0xe8, 0xf5, 0xe8, 0xf5,
        0xe8, 0xf5, 0xe8, 0xf5, 0xe7, 0xf5, 0xc7, 0xf5, 0xc7, 0xf5, 0xc7, 0xf5,
        0xc7, 0xf5, 0xc7, 0xf5, 0xc7, 0xf5, 0xc7, 0xf5, 0xc7, 0xf5, 0x0b, 0xbd,
        0x51, 0x8c, 0xeb, 0xbc, 0xa6, 0xf5, 0xa6, 0xf5, 0xa6, 0xf5, 0xa6, 0xf5,
        0xa6, 0xf5, 0x4b, 0xa4, 0xeb, 0x62, 0xeb, 0x62, 0xeb, 0x62, 0xeb, 0x62,
        0xeb, 0x62, 0xeb, 0x62, 0xeb, 0x62, 0xeb, 0x62, 0xeb, 0x62, 0xeb, 0x62,
        0xeb, 0x62, 0xeb, 0x62, 0xeb, 0x62, 0xeb, 0x62, 0xeb, 0x62, 0xeb, 0x62,
        0xeb, 0x62, 0xeb, 0x62, 0xeb, 0x62, 0xeb, 0x62, 0xeb, 0x62, 0xeb, 0x62,
        0xeb, 0x62, 0xeb, 0x62, 0xeb, 0x62, 0xeb, 0x62, 0xeb, 0x62, 0xeb, 0x62,
        0xeb, 0x62, 0xeb, 0x62, 0xeb, 0x62, 0xeb, 0x62, 0xeb, 0x62, 0xeb, 0x62,
        0xeb, 0x62, 0xeb, 0x62, 0xeb, 0x62, 0xeb, 0x62, 0xeb, 0x62, 0xeb, 0x62,
        0xeb, 0x62, 0xeb, 0x62, 0xeb, 0x62, 0xeb, 0x62, 0xeb, 0x62, 0xeb, 0x62,
        0xeb, 0x62, 0xeb, 0x62, 0xeb, 0x62, 0xeb, 0x62, 0xeb, 0x62, 0xeb, 0x62,
        0x0f, 0xff, 0xef, 0xfe, 0xef, 0xfe, 0xef, 0xfe, 0xef, 0xfe, 0xef, 0xfe,
        0xef, 0xfe, 0xef, 0xfe, 0xef, 0xfe, 0xee, 0xfe, 0xce, 0xfe, 0xce, 0xfe,
        0xce, 0xfe, 0xce, 0xfe, 0xce, 0xfe, 0xce, 0xfe, 0xce, 0xfe, 0xce, 0xfe,
        0xae, 0xfe, 0xad, 0xfe, 0xad, 0xfe, 0xad, 0xfe, 0xad, 0xfe, 0xad, 0xfe,
        0xad, 0xfe, 0xad, 0xfe, 0xad, 0xfe, 0xad, 0xfe, 0x8c, 0xfe, 0x8c, 0xfe,
        0x8c, 0xfe, 0x8c, 0xfe, 0x8c, 0xfe, 0x8c, 0xfe, 0x8c, 0xfe, 0x8c, 0xfe,
        0x6c, 0xfe, 0x6c, 0xfe, 0x6b, 0xfe, 0x6b, 0xfe, 0x6b, 0xfe, 0x6b, 0xfe,
        0x6b, 0xfe, 0x6b, 0xfe, 0x4b, 0xfe, 0x4b, 0xfe, 0x4b, 0xfe, 0x4b, 0xfe,
        0x4a, 0xfe, 0x4a, 0xfe, 0x4a, 0xfe, 0x4a, 0xfe, 0x4a, 0xfe, 0x2a, 0xfe,
        0x2a, 0xfe, 0x2a, 0xfe, 0x2a, 0xf6, 0x2a, 0xfe, 0x29, 0xf6, 0x29, 0xf6,
        0x29, 0xf6, 0x29, 0xf6, 0x09, 0xf6, 0x09, 0xf6, 0x09, 0xf6, 0x09, 0xf6,
        0x09, 0xf6, 0x09, 0xf6, 0x08, 0xf6, 0x08, 0xf6, 0xe8, 0xf5, 0xe8, 0xf5,
        0xe8, 0xf5, 0xe8, 0xf5, 0xe8, 0xf5, 0xe8, 0xf5, 0xe8, 0xf5, 0xe8, 0xf5,
        0xe7, 0xf5, 0xe7, 0xf5, 0xc7, 0xf5, 0xc7, 0xf5, 0xc7, 0xf5, 0xc7, 0xf5,
        0xc7, 0xf5, 0xc7, 0xf5, 0xc7, 0xf5, 0xc7, 0xf5, 0xeb, 0xbc, 0x51, 0x8c,
        0xeb, 0xbc, 0xa6, 0xf5, 0xa6, 0xf5, 0xa6, 0xf5, 0xa6, 0xf5, 0xa6, 0xf5,
        0xeb, 0xbc, 0x4d, 0x9c, 0xeb, 0x62, 0xeb, 0x62, 0xeb, 0x62, 0xeb, 0x62,
        0xeb, 0x62, 0xeb, 0x62, 0xeb, 0x62, 0xeb, 0x62, 0xeb, 0x62, 0xeb, 0x62,
        0xeb, 0x62, 0xeb, 0x62, 0xeb, 0x62, 0xeb, 0x62, 0xeb, 0x62, 0xeb, 0x62,
        0xeb, 0x62, 0xeb, 0x62, 0xeb, 0x62, 0xeb, 0x62, 0xeb, 0x62, 0xeb, 0x62,
        0xeb, 0x62, 0xeb, 0x62, 0xeb, 0x62, 0xeb, 0x62, 0xeb, 0x62, 0xeb, 0x62,
        0xeb, 0x62, 0xeb, 0x62, 0xeb, 0x62, 0xeb, 0x62, 0xeb, 0x62, 0xeb, 0x62,
        0xeb, 0x62, 0xeb, 0x62, 0xeb, 0x62, 0xeb, 0x62, 0xeb, 0x62, 0xeb, 0x62,
        0xeb, 0x62, 0xeb, 0x62, 0xeb, 0x62, 0xeb, 0x62, 0xeb, 0x62, 0xeb, 0x62,
        0xeb, 0x62, 0xeb, 0x62, 0xeb, 0x62, 0xeb, 0x62, 0xeb, 0x62, 0xeb, 0x62,
        0x0f, 0xff, 0xef, 0xfe, 0xef, 0xfe, 0xef, 0xfe, 0xef, 0xfe, 0xef, 0xfe,
        0xef, 0xfe, 0xef, 0xfe, 0xee, 0xfe, 0xee, 0xfe, 0xce, 0xfe, 0xce, 0xfe,
        0xce, 0xfe, 0xce, 0xfe, 0xce, 0xfe, 0xce, 0xfe, 0xce, 0xfe, 0xce, 0xfe,
        0xad, 0xfe, 0xad, 0xfe, 0xad, 0xfe, 0xad, 0xfe, 0xad, 0xfe, 0xad, 0xfe,
        0xad, 0xfe, 0xad, 0xfe, 0xad, 0xfe, 0xad, 0xfe, 0x8c, 0xfe, 0x8c, 0xfe,
        0x8c, 0xfe, 0x8c, 0xfe, 0x8c, 0xfe, 0x8c, 0xfe, 0x8c, 0xfe, 0x8c, 0xfe,
        0x6c, 0xfe, 0x6c, 0xfe, 0x6b, 0xfe, 0x6b, 0xfe, 0x6b, 0xfe, 0x6b, 0xfe,
        0x6b, 0xfe, 0x6b, 0xfe, 0x4b, 0xfe, 0x4b, 0xfe, 0x4b, 0xfe, 0x4b, 0xfe,
        0x4a, 0xfe, 0x4a, 0xfe, 0x4a, 0xfe, 0x4a, 0xfe, 0x4a, 0xfe, 0x4a, 0xfe,
        0x2a, 0xfe, 0x2a, 0xfe, 0x2a, 0xfe, 0x2a, 0xfe, 0x29, 0xfe, 0x29, 0xfe,
        0x29, 0xf6, 0x29, 0xfe, 0x09, 0xf6, 0x09, 0xfe, 0x09, 0xf6, 0x09, 0xf6,
        0x09, 0xf6, 0x09, 0xf6, 0x08, 0xf6, 0x08, 0xf6, 0xe8, 0xf5, 0xe8, 0xf5,
        0xe8, 0xf5, 0xe8, 0xf5, 0xe8, 0xf5, 0xe8, 0xf5, 0xe8, 0xf5, 0xe8, 0xf5,
        0xe7, 0xf5, 0xe7, 0xf5, 0xc7, 0xf5, 0xc7, 0xf5, 0xc7, 0xf5, 0xc7, 0xf5,
        0xc7, 0xf5, 0xc7, 0xf5, 0xc7, 0xf5, 0x0c, 0xbd, 0x51, 0x8c, 0xeb, 0xbc,
        0xa6, 0xf5, 0xa6, 0xf5, 0xa6, 0xf5, 0xa6, 0xf5, 0xa6, 0xf5, 0xeb, 0xbc,
        0x51, 0x8c, 0x4a, 0xa4, 0xeb, 0x62, 0xeb, 0x62, 0xeb, 0x62, 0xeb, 0x62,
        0xeb, 0x62, 0xeb, 0x62, 0xeb, 0x62, 0xeb, 0x62, 0xeb, 0x62, 0xeb, 0x62,
        0xeb, 0x62, 0xeb, 0x62, 0xeb, 0x62, 0xeb, 0x62, 0xeb, 0x62, 0xeb, 0x62,
        0xeb, 0x62, 0xeb, 0x62, 0xeb, 0x62, 0xeb, 0x62, 0xeb, 0x62, 0xeb, 0x62,
        0xeb, 0x62, 0xeb, 0x62, 0xeb, 0x62, 0xeb, 0x62, 0xeb, 0x62, 0xeb, 0x62,
        0xeb, 0x62, 0xeb, 0x62, 0xeb, 0x62, 0xeb, 0x62, 0xeb, 0x62, 0xeb, 0x62,
        0xeb, 0x62, 0xeb, 0x62, 0xeb, 0x62, 0xeb, 0x62, 0xeb, 0x62, 0xeb, 0x62,
        0xeb, 0x62, 0xeb, 0x62, 0xeb, 0x62, 0xeb, 0x62, 0xeb, 0x62, 0xeb, 0x62,
        0xeb, 0x62, 0xeb, 0x62, 0xeb, 0x62, 0xeb, 0x62, 0xeb, 0x62, 0xeb, 0x62,
        0xef, 0xfe, 0xef, 0xfe, 0xef, 0xfe, 0xef, 0xfe, 0xef, 0xfe, 0xef, 0xfe,
        0xef, 0xfe, 0xee, 0xfe, 0xce, 0xfe, 0xce, 0xfe, 0xce, 0xfe, 0xce, 0xfe,
        0xce, 0xfe, 0xce, 0xfe, 0xce, 0xfe, 0xce, 0xfe, 0xad, 0xfe, 0xad, 0xfe,
        0xad, 0xfe, 0xad, 0xfe, 0xad, 0xfe, 0xad, 0xfe, 0xad, 0xfe, 0xad, 0xfe,
        0xad, 0xfe, 0x8d, 0xfe, 0x8c, 0xfe, 0x8c, 0xfe, 0x8c, 0xfe, 0x8c, 0xfe,
        0x8c, 0xfe, 0x8c, 0xfe, 0x8c, 0xfe, 0x8c, 0xfe, 0x6c, 0xfe, 0x6c, 0xfe,
        0x6b, 0xfe, 0x6b, 0xfe, 0x6b, 0xfe, 0x6b, 0xfe, 0x6b, 0xfe, 0x6b, 0xfe,
        0x4b, 0xfe, 0x4b, 0xfe, 0x4b, 0xfe, 0x4b, 0xfe, 0x4a, 0xfe, 0x4a, 0xfe,
        0x4a, 0xfe, 0x4a, 0xfe, 0x4a, 0xfe, 0x2a, 0xfe, 0x2a, 0xf6, 0x2a, 0xfe,
        0x2a, 0xf6, 0x2a, 0xf6, 0x29, 0xf6, 0x29, 0xf6, 0x29, 0xf6, 0x29, 0xf6,
        0x09, 0xf6, 0x09, 0xf6, 0x09, 0xf6, 0x09, 0xf6, 0x09, 0xf6, 0x09, 0xf6,
        0x08, 0xf6, 0x08, 0xf6, 0xe8, 0xf5, 0xe8, 0xf5, 0xe8, 0xf5, 0xe8, 0xf5,
        0xe8, 0xf5, 0xe8, 0xf5, 0xe8, 0xf5, 0xe8, 0xf5, 0xe7, 0xf5, 0xc7, 0xf5,
        0xc7, 0xf5, 0xc7, 0xf5, 0xc7, 0xf5, 0xc7, 0xf5, 0xc7, 0xf5, 0xc7, 0xf5,
        0xc7, 0xf5, 0xc7, 0xf5, 0xeb, 0xbc, 0x51, 0x8c, 0xeb, 0xbc, 0xa6, 0xf5,
        0xa6, 0xf5, 0xa6, 0xf5, 0xa6, 0xf5, 0xa6, 0xf5, 0xeb, 0xbc, 0x51, 0x8c,
        0xeb, 0xbc, 0x48, 0xac, 0xeb, 0x62, 0xeb, 0x62, 0xeb, 0x62, 0xeb, 0x62,
        0xeb, 0x62, 0xeb, 0x62, 0xeb, 0x62, 0xeb, 0x62, 0xeb, 0x62, 0xeb, 0x62,
        0xeb, 0x62, 0xeb, 0x62, 0xeb, 0x62, 0xeb, 0x62, 0xeb, 0x62, 0xeb, 0x62,
        0xeb, 0x62, 0xeb, 0x62, 0xeb, 0x62, 0xeb, 0x62, 0xeb, 0x62, 0xeb, 0x62,
        0xeb, 0x62, 0xeb, 0x62, 0xeb, 0x62, 0xeb, 0x62, 0xeb, 0x62, 0xeb, 0x62,
        0xeb, 0x62, 0xeb, 0x62, 0xeb, 0x62, 0xeb, 0x62, 0xeb, 0x62, 0xeb, 0x62,
        0xeb, 0x62, 0xeb, 0x62, 0xeb, 0x62, 0xeb, 0x62, 0xeb, 0x62, 0xeb, 0x62,
        0xeb, 0x62, 0xeb, 0x62, 0xeb, 0x62, 0xeb, 0x62, 0xeb, 0x62, 0xeb, 0x62,
        0xeb, 0x62, 0xeb, 0x62, 0xeb, 0x62, 0xeb, 0x62, 0xeb, 0x62, 0xeb, 0x62,
        0xef, 0xfe, 0xef, 0xfe, 0xef, 0xfe, 0xef, 0xfe, 0xef, 0xfe, 0xef, 0xfe,
        0xee, 0xfe, 0xee, 0xfe, 0xce, 0xfe, 0xce, 0xfe, 0xce, 0xfe, 0xce, 0xfe,
        0xce, 0xfe, 0xce, 0xfe, 0xce, 0xfe, 0xce, 0xfe, 0xad, 0xfe, 0xad, 0xfe,
        0xad, 0xfe, 0xad, 0xfe, 0xad, 0xfe, 0xad, 0xfe, 0xad, 0xfe, 0xad, 0xfe,
        0xad, 0xfe, 0x8d, 0xfe, 0x8c, 0xfe, 0x8c, 0xfe, 0x8c, 0xfe, 0x8c, 0xfe,
        0x8c, 0xfe, 0x8c, 0xfe, 0x8c, 0xfe, 0x8c, 0xfe, 0x6c, 0xfe, 0x6c, 0xfe,
        0x6b, 0xfe, 0x6b, 0xfe, 0x6b, 0xfe, 0x6b, 0xfe, 0x6b, 0xfe, 0x6b, 0xfe,
        0x4b, 0xfe, 0x4b, 0xfe, 0x4b, 0xfe, 0x4b, 0xfe, 0x4a, 0xfe, 0x4a, 0xfe,
        0x4a, 0xfe, 0x4a, 0xfe, 0x4a, 0xfe, 0x2a, 0xfe, 0x2a, 0xfe, 0x2a, 0xfe,
        0x2a, 0xfe, 0x2a, 0xfe, 0x29, 0xf6, 0x29, 0xfe, 0x29, 0xf6, 0x29, 0xfe,
        0x09, 0xf6, 0x09, 0xf6, 0x09, 0xf6, 0x09, 0xf6, 0x09, 0xf6, 0x09, 0xf6,
        0x08, 0xf6, 0x08, 0xf6, 0xe8, 0xf5, 0xe8, 0xf5, 0xe8, 0xf5, 0xe8, 0xf5,
        0xe8, 0xf5, 0xe8, 0xf5, 0xe8, 0xf5, 0xe8, 0xf5, 0xe7, 0xf5, 0xc7, 0xf5,
        0xc7, 0xf5, 0xc7, 0xf5, 0xc7, 0xf5, 0xc7, 0xf5, 0xc7, 0xf5, 0xc7, 0xf5,
        0xc7, 0xf5, 0x69, 0xdd, 0x51, 0x8c, 0xeb, 0xbc, 0xa6, 0xf5, 0xa6, 0xf5,
        0xa6, 0xf5, 0xa6, 0xf5, 0xa6, 0xf5, 0xeb, 0xbc, 0x51, 0x8c, 0xeb, 0xbc,
        0x85, 0xf5, 0x48, 0xac, 0xeb, 0x62, 0xeb, 0x62, 0xeb, 0x62, 0xeb, 0x62,
        0xeb, 0x62, 0xeb, 0x62, 0xeb, 0x62, 0xeb, 0x62, 0xeb, 0x62, 0xeb, 0x62,
        0xeb, 0x62, 0xeb, 0x62, 0xeb, 0x62, 0xeb, 0x62, 0xeb, 0x62, 0xeb, 0x62,
        0xeb, 0x62, 0xeb, 0x62, 0xeb, 0x62, 0xeb, 0x62, 0xeb, 0x62, 0xeb, 0x62,
        0xeb, 0x62, 0xeb, 0x62, 0xeb, 0x62, 0xeb, 0x62, 0xeb, 0x62, 0xeb, 0x62,
        0xeb, 0x62, 0xeb, 0x62, 0xeb, 0x62, 0xeb, 0x62, 0xeb, 0x62, 0xeb, 0x62,
        0xeb, 0x62, 0xeb, 0x62, 0xeb, 0x62, 0xeb, 0x62, 0xeb, 0x62, 0xeb, 0x62,
        0xeb, 0x62, 0xeb, 0x62, 0xeb, 0x62, 0xeb, 0x62, 0xeb, 0x62, 0xeb, 0x62,
        0xeb, 0x62, 0xeb, 0x62, 0xeb, 0x62, 0xeb, 0x62, 0xeb, 0x62, 0xeb, 0x62,
        0xef, 0xfe, 0xef, 0xfe, 0xef, 0xfe, 0xef, 0xfe, 0xef, 0xfe, 0xee, 0xfe,
        0xce, 0xfe, 0xce, 0xfe, 0xce, 0xfe, 0xce, 0xfe, 0xce, 0xfe, 0xce, 0xfe,
        0xce, 0xfe, 0xce, 0xfe, 0xae, 0xfe, 0xad, 0xfe, 0xad, 0xfe, 0xad, 0xfe,
        0xad, 0xfe, 0xad, 0xfe, 0xad, 0xfe, 0xad, 0xfe, 0xad, 0xfe, 0xad, 0xfe,
        0x8c, 0xfe, 0x8c, 0xfe, 0x8c, 0xfe, 0x8c, 0xfe, 0x8c, 0xfe, 0x8c, 0xfe,
        0x8c, 0xfe, 0x8c, 0xfe, 0x6c, 0xfe, 0x6c, 0xfe, 0x6b, 0xfe, 0x6b, 0xfe,
        0x6b, 0xfe, 0x6b, 0xfe, 0x6b, 0xfe, 0x6b, 0xfe, 0x4b, 0xfe, 0x4b, 0xfe,
        0x4b, 0xfe, 0x4b, 0xfe, 0x4a, 0xfe, 0x4a, 0xfe, 0x4a, 0xfe, 0x4a, 0xfe,
        0x4a, 0xfe, 0x2a, 0xfe, 0x2a, 0xfe, 0x2a, 0xfe, 0x2a, 0xf6, 0x2a, 0xfe,
        0x29, 0xf6, 0x29, 0xf6, 0x29, 0xf6, 0x29, 0xf6, 0x09, 0xf6, 0x09, 0xf6,
        0x09, 0xf6, 0x09, 0xf6, 0x09, 0xf6, 0x09, 0xf6, 0x08, 0xf6, 0x08, 0xf6,
        0xe8, 0xf5, 0xe8, 0xf5, 0xe8, 0xf5, 0xe8, 0xf5, 0xe8, 0xf5, 0xe8, 0xf5,
        0xe8, 0xf5, 0xe8, 0xf5, 0xe7, 0xf5, 0xc7, 0xf5, 0xc7, 0xf5, 0xc7, 0xf5,
        0xc7, 0xf5, 0xc7, 0xf5, 0xc7, 0xf5, 0xc7, 0xf5, 0xc7, 0xf5, 0xc7, 0xf5,
        0xa6, 0xf5, 0xeb, 0xbc, 0xeb, 0xbc, 0xa6, 0xf5, 0xa6, 0xf5, 0xa6, 0xf5,
        0xa6, 0xf5, 0xa6, 0xf5, 0xeb, 0xbc, 0x51, 0x8c, 0xeb, 0xbc, 0x85, 0xf5,
        0x85, 0xf5, 0x48, 0xac, 0xeb, 0x62, 0xeb, 0x62, 0xeb, 0x62, 0xeb, 0x62,
        0xeb, 0x62, 0xeb, 0x62, 0xeb, 0x62, 0xeb, 0x62, 0xeb, 0x62, 0xeb, 0x62,
        0xeb, 0x62, 0xeb, 0x62, 0xeb, 0x62, 0xeb, 0x62, 0xeb, 0x62, 0xeb, 0x62,
        0xeb, 0x62, 0xeb, 0x62, 0xeb, 0x62, 0xeb, 0x62, 0xeb, 0x62, 0xeb, 0x62,
        0xeb, 0x62, 0xeb, 0x62, 0xeb, 0x62, 0xeb, 0x62, 0xeb, 0x62, 0xeb, 0x62,
        0xeb, 0x62, 0xeb, 0x62, 0xeb, 0x62, 0xeb, 0x62, 0xeb, 0x62, 0xeb, 0x62,
        0xeb, 0x62, 0xeb, 0x62, 0xeb, 0x62, 0xeb, 0x62, 0xeb, 0x62, 0xeb, 0x62,
        0xeb, 0x62, 0xeb, 0x62, 0xeb, 0x62, 0xeb, 0x62, 0xeb, 0x62, 0xeb, 0x62,
        0xeb, 0x62, 0xeb, 0x62, 0xeb, 0x62, 0xeb, 0x62, 0xeb, 0x62, 0xeb, 0x62,
        0xef, 0xfe, 0xef, 0xfe, 0xef, 0xfe, 0xef, 0xfe, 0xee, 0xfe, 0xee, 0xfe,
        0xce, 0xfe, 0xce, 0xfe, 0xce, 0xfe, 0xce, 0xfe, 0xce, 0xfe, 0xce, 0xfe,
        0xce, 0xfe, 0xce, 0xfe, 0xad, 0xfe, 0xad, 0xfe, 0xad, 0xfe, 0xad, 0xfe,
        0xad, 0xfe, 0xad, 0xfe, 0xad, 0xfe, 0xad, 0xfe, 0xad, 0xfe, 0xad, 0xfe,
        0x8c, 0xfe, 0x8c, 0xfe, 0x8c, 0xfe, 0x8c, 0xfe, 0x8c, 0xfe, 0x8c, 0xfe,
        0x8c, 0xfe, 0x8c, 0xfe, 0x6c, 0xfe, 0x6c, 0xfe, 0x6b, 0xfe, 0x6b, 0xfe,
        0x6b, 0xfe, 0x6b, 0xfe, 0x6b, 0xfe, 0x6b, 0xfe, 0x4b, 0xfe, 0x4b, 0xfe,
        0x4b, 0xfe, 0x4b, 0xfe, 0x4a, 0xfe, 0x4a, 0xfe, 0x4a, 0xfe, 0x4a, 0xfe,
        0x4a, 0xfe, 0x2a, 0xfe, 0x2a, 0xfe, 0x2a, 0xfe, 0x2a, 0xfe, 0x2a, 0xfe,
        0x29, 0xfe, 0x29, 0xfe, 0x29, 0xf6, 0x29, 0xfe, 0x09, 0xf6, 0x09, 0xfe,
        0x09, 0xf6, 0x09, 0xf6, 0x09, 0xf6, 0x09, 0xf6, 0x08, 0xf6, 0x08, 0xf6,
        0xe8, 0xf5, 0xe8, 0xf5, 0xe8, 0xf5, 0xe8, 0xf5, 0xe8, 0xf5, 0xe8, 0xf5,
        0xe8, 0xf5, 0xe8, 0xf5, 0xe7, 0xf5, 0xe7, 0xf5, 0xc7, 0xf5, 0xc7, 0xf5,
        0xc7, 0xf5, 0xc7, 0xf5, 0xc7, 0xf5, 0xc7, 0xf5, 0xc7, 0xf5, 0xc7, 0xf5,
        0xa6, 0xf5, 0x49, 0xdd, 0xa6, 0xf5, 0xa6, 0xf5, 0xa6, 0xf5, 0xa6, 0xf5,
        0xa6, 0xf5, 0xeb, 0xbc, 0x51, 0x8c, 0xeb, 0xbc, 0x85, 0xf5, 0x85, 0xf5,
        0x85, 0xf5, 0x48, 0xac, 0xeb, 0x62, 0xeb, 0x62, 0xeb, 0x62, 0xeb, 0x62,
        0xeb, 0x62, 0xeb, 0x62, 0xeb, 0x62, 0xeb, 0x62, 0xeb, 0x62, 0xeb, 0x62,
        0xeb, 0x62, 0xeb, 0x62, 0xeb, 0x62, 0xeb, 0x62, 0xeb, 0x62, 0xeb, 0x62,
        0xeb, 0x62, 0xeb, 0x62, 0xeb, 0x62, 0xeb, 0x62, 0xeb, 0x62, 0xeb, 0x62,
        0xeb, 0x62, 0xeb, 0x62, 0xeb, 0x62, 0xeb, 0x62, 0xeb, 0x62, 0xeb, 0x62,
        0xeb, 0x62, 0xeb, 0x62, 0xeb, 0x62, 0xeb, 0x62, 0xeb, 0x62, 0xeb, 0x62,
        0xeb, 0x62, 0xeb, 0x62, 0xeb, 0x62, 0xeb, 0x62, 0xeb, 0x62, 0xeb, 0x62,
        0xeb, 0x62, 0xeb, 0x62, 0xeb, 0x62, 0xeb, 0x62, 0xeb, 0x62, 0xeb, 0x62,
        0xeb, 0x62, 0xeb, 0x62, 0xeb, 0x62, 0xeb, 0x62, 0xeb, 0x62, 0xeb, 0x62,
        0xef, 0xfe, 0xef, 0xfe, 0xef, 0xfe, 0xee, 0xfe, 0xce, 0xfe, 0xce, 0xfe,
        0xce, 0xfe, 0xce, 0xfe, 0xce, 0xfe, 0xce, 0xfe, 0xce, 0xfe, 0xce, 0xfe,
        0xad, 0xfe, 0xad, 0xfe, 0xad, 0xfe, 0xad, 0xfe, 0xad, 0xfe, 0xad, 0xfe,
        0xad, 0xfe, 0xad, 0xfe, 0xad, 0xfe, 0x8d, 0xfe, 0x8c, 0xfe, 0x8c, 0xfe,
        0x8c, 0xfe, 0x8c, 0xfe, 0x8c, 0xfe, 0x8c, 0xfe, 0x8c, 0xfe, 0x8c, 0xfe,
        0x6c, 0xfe, 0x6c, 0xfe, 0x6b, 0xfe, 0x6b, 0xfe, 0x6b, 0xfe, 0x6b, 0xfe,
        0x6b, 0xfe, 0x6b, 0xfe, 0x4b, 0xfe, 0x4b, 0xfe, 0x4b, 0xfe, 0x4b, 0xfe,
        0x4a, 0xfe, 0x4a, 0xfe, 0x4a, 0xfe, 0x4a, 0xfe, 0x4a, 0xfe, 0x2a, 0xfe,
        0x2a, 0xf6, 0x2a, 0xfe, 0x2a, 0xf6, 0x2a, 0xf6, 0x29, 0xf6, 0x29, 0xf6,
        0x29, 0xf6, 0x29, 0xf6, 0x09, 0xf6, 0x09, 0xf6, 0x09, 0xf6, 0x09, 0xf6,
        0x09, 0xf6, 0x09, 0xf6, 0x08, 0xf6, 0x08, 0xf6, 0xe8, 0xf5, 0xe8, 0xf5,
        0xe8, 0xf5, 0xe8, 0xf5, 0xe8, 0xf5, 0xe8, 0xf5, 0xe8, 0xf5, 0xe8, 0xf5,
        0xe7, 0xf5, 0xc7, 0xf5, 0xc7, 0xf5, 0xc7, 0xf5, 0xc7, 0xf5, 0xc7, 0xf5,
        0xc7, 0xf5, 0xc7, 0xf5, 0xc7, 0xf5, 0xc7, 0xf5, 0xa6, 0xf5, 0xa6, 0xf5,
        0xa6, 0xf5, 0xa6, 0xf5, 0xa6, 0xf5, 0xa6, 0xf5, 0xa6, 0xf5, 0xa6, 0xf5,
        0xeb, 0xbc, 0x51, 0x8c, 0xeb, 0xbc, 0x85, 0xf5, 0x85, 0xf5, 0x85, 0xf5,
        0x85, 0xf5, 0x48, 0xac, 0xeb, 0x62, 0xeb, 0x62, 0xeb, 0x62, 0xeb, 0x62,
        0xeb, 0x62, 0xeb, 0x62, 0xeb, 0x62, 0xeb, 0x62, 0xeb, 0x62, 0xeb, 0x62,
        0xeb, 0x62, 0xeb, 0x62, 0xeb, 0x62, 0xeb, 0x62, 0xeb, 0x62, 0xeb, 0x62,
        0xeb, 0x62, 0xeb, 0x62, 0xeb, 0x62, 0xeb, 0x62, 0xeb, 0x62, 0xeb, 0x62,
        0xeb, 0x62, 0xeb, 0x62, 0xeb, 0x62, 0xeb, 0x62, 0xeb, 0x62, 0xeb, 0x62,
        0xeb, 0x62, 0xeb, 0x62, 0xeb, 0x62, 0xeb, 0x62, 0xeb, 0x62, 0xeb, 0x62,
        0xeb, 0x62, 0xeb, 0x62, 0xeb, 0x62, 0xeb, 0x62, 0xeb, 0x62, 0xeb, 0x62,
        0xeb, 0x62, 0xeb, 0x62, 0xeb, 0x62, 0xeb, 0x62, 0xeb, 0x62, 0xeb, 0x62,
        0xeb, 0x62, 0xeb, 0x62, 0xeb, 0x62, 0xeb, 0x62, 0xeb, 0x62, 0xeb, 0x62,
        0xef, 0xfe, 0xef, 0xfe, 0xee, 0xfe, 0xee, 0xfe, 0xce, 0xfe, 0xce, 0xfe,
        0xce, 0xfe, 0xce, 0xfe, 0xce, 0xfe, 0xce, 0xfe, 0xce, 0xfe, 0xce, 0xfe,
        0xad, 0xfe, 0xad, 0xfe, 0xad, 0xfe, 0xad, 0xfe, 0xad, 0xfe, 0xad, 0xfe,
        0xad, 0xfe, 0xad, 0xfe, 0xad, 0xfe, 0x8d, 0xfe, 0x8c, 0xfe, 0x8c, 0xfe,
        0x8c, 0xfe, 0x8c, 0xfe, 0x8c, 0xfe, 0x8c, 0xfe, 0x8c, 0xfe, 0x8c, 0xfe,
        0x6c, 0xfe, 0x6c, 0xfe, 0x6b, 0xfe, 0x6b, 0xfe, 0x6b, 0xfe, 0x6b, 0xfe,
        0x6b, 0xfe, 0x6b, 0xfe, 0x4b, 0xfe, 0x4b, 0xfe, 0x4b, 0xfe, 0x4b, 0xfe,
        0x4a, 0xfe, 0x4a, 0xfe, 0x4a, 0xfe, 0x4a, 0xfe, 0x4a, 0xfe, 0x2a, 0xfe,
        0x2a, 0xfe, 0x2a, 0xfe, 0x2a, 0xfe, 0x2a, 0xfe, 0x29, 0xfe, 0x29, 0xfe,
        0x29, 0xf6, 0x29, 0xfe, 0x09, 0xf6, 0x09, 0xf6, 0x09, 0xf6, 0x09, 0xf6,
        0x09, 0xf6, 0x09, 0xf6, 0x08, 0xf6, 0x08, 0xf6, 0xe8, 0xf5, 0xe8, 0xf5,
        0xe8, 0xf5, 0xe8, 0xf5, 0xe8, 0xf5, 0xe8, 0xf5, 0xe8, 0xf5, 0xe8, 0xf5,
        0xe7, 0xf5, 0xc7, 0xf5, 0xc7, 0xf5, 0xc7, 0xf5, 0xc7, 0xf5, 0xc7, 0xf5,
        0xc7, 0xf5, 0xc7, 0xf5, 0xc7, 0xf5, 0xc6, 0xf5, 0xa6, 0xf5, 0xa6, 0xf5,
        0xa6, 0xf5, 0xa6, 0xf5, 0xa6, 0xf5, 0xa6, 0xf5, 0xa6, 0xf5, 0xeb, 0xbc,
        0x51, 0x8c, 0xeb, 0xbc, 0x85, 0xf5, 0x85, 0xf5, 0x85, 0xf5, 0x85, 0xf5,
        0x85, 0xf5, 0x4a, 0xa4, 0xeb, 0x62, 0xeb, 0x62, 0xeb, 0x62, 0xeb, 0x62,
        0xeb, 0x62, 0xeb, 0x62, 0xeb, 0x62, 0xeb, 0x62, 0xeb, 0x62, 0xeb, 0x62,
        0xeb, 0x62, 0xeb, 0x62, 0xeb, 0x62, 0xeb, 0x62, 0xeb, 0x62, 0xeb, 0x62,
        0xeb, 0x62, 0xeb, 0x62, 0xeb, 0x62, 0xeb, 0x62, 0xeb, 0x62, 0xeb, 0x62,
        0xeb, 0x62, 0xeb, 0x62, 0xeb, 0x62, 0xeb, 0x62, 0xeb, 0x62, 0xeb, 0x62,
        0xeb, 0x62, 0xeb, 0x62, 0xeb, 0x62, 0xeb, 0x62, 0xeb, 0x62, 0xeb, 0x62,
        0xeb, 0x62, 0xeb, 0x62, 0xeb, 0x62, 0xeb, 0x62, 0xeb, 0x62, 0xeb, 0x62,
        0xeb, 0x62, 0xeb, 0x62, 0xeb, 0x62, 0xeb, 0x62, 0xeb, 0x62, 0xeb, 0x62,
        0xeb, 0x62, 0xeb, 0x62, 0xeb, 0x62, 0xeb, 0x62, 0xeb, 0x62, 0xeb, 0x62,
        0xef, 0xfe, 0xee, 0xfe, 0xce, 0xfe, 0xce, 0xfe, 0xce, 0xfe, 0xce, 0xfe,
        0xce, 0xfe, 0xce, 0xfe, 0xce, 0xfe, 0xce, 0xfe, 0xae, 0xfe, 0xad, 0xfe,
        0xad, 0xfe, 0xad, 0xfe, 0xad, 0xfe, 0xad, 0xfe, 0xad, 0xfe, 0xad, 0xfe,
        0xad, 0xfe, 0xad, 0xfe, 0x8c, 0xfe, 0x8c, 0xfe, 0x8c, 0xfe, 0x8c, 0xfe,
        0x8c, 0xfe, 0x8c, 0xfe, 0x8c, 0xfe, 0x8c, 0xfe, 0x6c, 0xfe, 0x6c, 0xfe,
        0x6b, 0xfe, 0x6b, 0xfe, 0x6b, 0xfe, 0x6b, 0xfe, 0x6b, 0xfe, 0x6b, 0xfe,
        0x4b, 0xfe, 0x4b, 0xfe, 0x4b, 0xfe, 0x4b, 0xfe, 0x4a, 0xfe, 0x4a, 0xfe,
        0x4a, 0xfe, 0x4a, 0xfe, 0x4a, 0xfe, 0x2a, 0xfe, 0x2a, 0xfe, 0x2a, 0xfe,
        0x2a, 0xf6, 0x2a, 0xfe, 0x29, 0xf6, 0x29, 0xf6, 0x29, 0xf6, 0x29, 0xf6,
        0x09, 0xf6, 0x09, 0xf6, 0x09, 0xf6, 0x09, 0xf6, 0x09, 0xf6, 0x09, 0xf6,
        0x08, 0xf6, 0x08, 0xf6, 0xe8, 0xf5, 0xe8, 0xf5, 0xe8, 0xf5, 0xe8, 0xf5,
        0xe8, 0xf5, 0xe8, 0xf5, 0xe8, 0xf5, 0xe8, 0xf5, 0xe7, 0xf5, 0xe7, 0xf5,
        0xc7, 0xf5, 0xc7, 0xf5, 0xc7, 0xf5, 0xc7, 0xf5, 0xc7, 0xf5, 0xc7, 0xf5,
        0xc7, 0xf5, 0xc7, 0xf5, 0xa6, 0xf5, 0xa6, 0xf5, 0xa6, 0xf5, 0xa6, 0xf5,
        0xa6, 0xf5, 0xa6, 0xf5, 0xa6, 0xf5, 0xa6, 0xf5, 0xeb, 0xbc, 0x51, 0x8c,
        0xeb, 0xbc, 0x85, 0xf5, 0x85, 0xf5, 0x85, 0xf5, 0x85, 0xf5, 0x85, 0xf5,
        0xeb, 0xbc, 0x2c, 0x9c, 0xeb, 0x62, 0xeb, 0x62, 0xeb, 0x62, 0xeb, 0x62,
        0xeb, 0x62, 0xeb, 0x62, 0xeb, 0x62, 0xeb, 0x62, 0xeb, 0x62, 0xeb, 0x62,
        0xeb, 0x62, 0xeb, 0x62, 0xeb, 0x62, 0xeb, 0x62, 0xeb, 0x62, 0xeb, 0x62,
        0xeb, 0x62, 0xeb, 0x62, 0xeb, 0x62, 0xeb, 0x62, 0xeb, 0x62, 0xeb, 0x62,
        0xeb, 0x62, 0xeb, 0x62, 0xeb, 0x62, 0xeb, 0x62, 0xeb, 0x62, 0xeb, 0x62,
        0xeb, 0x62, 0xeb, 0x62, 0xeb, 0x62, 0xeb, 0x62, 0xeb, 0x62, 0xeb, 0x62,
        0xeb, 0x62, 0xeb, 0x62, 0xeb, 0x62, 0xeb, 0x62, 0xeb, 0x62, 0xeb, 0x62,
        0xeb, 0x62, 0xeb, 0x62, 0xeb, 0x62, 0xeb, 0x62, 0xeb, 0x62, 0xeb, 0x62,
        0xeb, 0x62, 0xeb, 0x62, 0xeb, 0x62, 0xeb, 0x62, 0xeb, 0x62, 0xeb, 0x62,
        0xee, 0xfe, 0xee, 0xfe, 0xce, 0xfe, 0xce, 0xfe, 0xce, 0xfe, 0xce, 0xfe,
        0xce, 0xfe, 0xce, 0xfe, 0xce, 0xfe, 0xce, 0xfe, 0xad, 0xfe, 0xad, 0xfe,
        0xad, 0xfe, 0xad, 0xfe, 0xad, 0xfe, 0xad, 0xfe, 0xad, 0xfe, 0xad, 0xfe,
        0xad, 0xfe, 0xad, 0xfe, 0x8c, 0xfe, 0x8c, 0xfe, 0x8c, 0xfe, 0x8c, 0xfe,
        0x8c, 0xfe, 0x8c, 0xfe, 0x8c, 0xfe, 0x8c, 0xfe, 0x6c, 0xfe, 0x6c, 0xfe,
        0x6b, 0xfe, 0x6b, 0xfe, 0x6b, 0xfe, 0x6b, 0xfe, 0x6b, 0xfe, 0x6b, 0xfe,
        0x4b, 0xfe, 0x4b, 0xfe, 0x4b, 0xfe, 0x4b, 0xfe, 0x4a, 0xfe, 0x4a, 0xfe,
        0x4a, 0xfe, 0x4a, 0xfe, 0x4a, 0xfe, 0x4a, 0xfe, 0x2a, 0xfe, 0x2a, 0xfe,
        0x2a, 0xfe, 0x2a, 0xfe, 0x29, 0xfe, 0x29, 0xfe, 0x29, 0xf6, 0x29, 0xfe,
        0x09, 0xf6, 0x09, 0xfe, 0x09, 0xf6, 0x09, 0xf6, 0x09, 0xf6, 0x09, 0xf6,
        0x08, 0xf6, 0x08, 0xf6, 0xe8, 0xf5, 0xe8, 0xf5, 0xe8, 0xf5, 0xe8, 0xf5,
        0xe8, 0xf5, 0xe8, 0xf5, 0xe8, 0xf5, 0xe8, 0xf5, 0xe7, 0xf5, 0xe7, 0xf5,
        0xc7, 0xf5, 0xc7, 0xf5, 0xc7, 0xf5, 0xc7, 0xf5, 0xc7, 0xf5, 0xc7, 0xf5,
        0xc7, 0xf5, 0xc7, 0xf5, 0xa6, 0xf5, 0xa6, 0xf5, 0xa6, 0xf5, 0xa6, 0xf5,
        0xa6, 0xf5, 0xa6, 0xf5, 0xa6, 0xf5, 0xeb, 0xbc, 0x51, 0x8c, 0xeb, 0xbc,
        0x85, 0xf5, 0x85, 0xf5, 0x85, 0xf5, 0x85, 0xf5, 0x85, 0xf5, 0xeb, 0xbc,
        0x51, 0x8c, 0x2a, 0xa4, 0xeb, 0x62, 0xeb, 0x62, 0xeb, 0x62, 0xeb, 0x62,
        0xeb, 0x62, 0xeb, 0x62, 0xeb, 0x62, 0xeb, 0x62, 0xeb, 0x62, 0xeb, 0x62,
        0xeb, 0x62, 0xeb, 0x62, 0xeb, 0x62, 0xeb, 0x62, 0xeb, 0x62, 0xeb, 0x62,
        0xeb, 0x62, 0xeb, 0x62, 0xeb, 0x62, 0xeb, 0x62, 0xeb, 0x62, 0xeb, 0x62,
        0xeb, 0x62, 0xeb, 0x62, 0xeb, 0x62, 0xeb, 0x62, 0xeb, 0x62, 0xeb, 0x62,
        0xeb, 0x62, 0xeb, 0x62, 0xeb, 0x62, 0xeb, 0x62, 0xeb, 0x62, 0xeb, 0x62,
        0xeb, 0x62, 0xeb, 0x62, 0xeb, 0x62, 0xeb, 0x62, 0xeb, 0x62, 0xeb, 0x62,
        0xeb, 0x62, 0xeb, 0x62, 0xeb, 0x62, 0xeb, 0x62, 0xeb, 0x62, 0xeb, 0x62,
        0xeb, 0x62, 0xeb, 0x62, 0xeb, 0x62, 0xeb, 0x62, 0xeb, 0x62, 0xeb, 0x62,
        0xce, 0xfe, 0xce, 0xfe, 0xce, 0xfe, 0xce, 0xfe, 0xce, 0xfe, 0xce, 0xfe,
        0xce, 0xfe, 0xce, 0xfe, 0xad, 0xfe, 0xad, 0xfe, 0xad, 0xfe, 0xad, 0xfe,
        0xad, 0xfe, 0xad, 0xfe, 0xad, 0xfe, 0xad, 0xfe, 0xad, 0xfe, 0x8d, 0xfe,
        0x8c, 0xfe, 0x8c, 0xfe, 0x8c, 0xfe, 0x8c, 0xfe, 0x8c, 0xfe, 0x8c, 0xfe,
        0x8c, 0xfe, 0x8c, 0xfe, 0x6c, 0xfe, 0x6c, 0xfe, 0x6b, 0xfe, 0x6b, 0xfe,
        0x6b, 0xfe, 0x6b, 0xfe, 0x6b, 0xfe, 0x6b, 0xfe, 0x4b, 0xfe, 0x4b, 0xfe,
        0x4b, 0xfe, 0x4b, 0xfe, 0x4a, 0xfe, 0x4a, 0xfe, 0x4a, 0xfe, 0x4a, 0xfe,
        0x4a, 0xfe, 0x2a, 0xfe, 0x2a, 0xf6, 0x2a, 0xfe, 0x2a, 0xf6, 0x2a, 0xf6,
        0x29, 0xf6, 0x29, 0xf6, 0x29, 0xf6, 0x29, 0xf6, 0x09, 0xf6, 0x09, 0xf6,
        0x09, 0xf6, 0x09, 0xf6, 0x09, 0xf6, 0x09, 0xf6, 0x08, 0xf6, 0x08, 0xf6,
        0xe8, 0xf5, 0xe8, 0xf5, 0xe8, 0xf5, 0xe8, 0xf5, 0xe8, 0xf5, 0xe8, 0xf5,
        0xe8, 0xf5, 0xe8, 0xf5, 0xe7, 0xf5, 0xc7, 0xf5, 0xc7, 0xf5, 0xc7, 0xf5,
        0xc7, 0xf5, 0xc7, 0xf5, 0xc7, 0xf5, 0xc7, 0xf5, 0xc7, 0xf5, 0xc7, 0xf5,
        0xa6, 0xf5, 0xa6, 0xf5, 0xa6, 0xf5, 0xa6, 0xf5, 0xa6, 0xf5, 0xa6, 0xf5,
        0xa6, 0xf5, 0xa6, 0xf5, 0xeb, 0xbc, 0x51, 0x8c, 0xeb, 0xbc, 0x85, 0xf5,
        0x85, 0xf5, 0x85, 0xf5, 0x85, 0xf5, 0x85, 0xf5, 0xeb, 0xbc, 0x51, 0x8c,
        0xcb, 0xbc, 0x28, 0xac, 0xeb, 0x62, 0xeb, 0x62, 0xeb, 0x62, 0xeb, 0x62,
        0xeb, 0x62, 0xeb, 0x62, 0xeb, 0x62, 0xeb, 0x62, 0xeb, 0x62, 0xeb, 0x62,
        0xeb, 0x62, 0xeb, 0x62, 0xeb, 0x62, 0xeb, 0x62, 0xeb, 0x62, 0xeb, 0x62,
        0xeb, 0x62, 0xeb, 0x62, 0xeb, 0x62, 0xeb, 0x62, 0xeb, 0x62, 0xeb, 0x62,
        0xeb, 0x62, 0xeb, 0x62, 0xeb, 0x62, 0xeb, 0x62, 0xeb, 0x62, 0xeb, 0x62,
        0xeb, 0x62, 0xeb, 0x62, 0xeb, 0x62, 0xeb, 0x62, 0xeb, 0x62, 0xeb, 0x62,
        0xeb, 0x62, 0xeb, 0x62, 0xeb, 0x62, 0xeb, 0x62, 0xeb, 0x62, 0xeb, 0x62,
        0xeb, 0x62, 0xeb, 0x62, 0xeb, 0x62, 0xeb, 0x62, 0xeb, 0x62, 0xeb, 0x62,
        0xeb, 0x62, 0xeb, 0x62, 0xeb, 0x62, 0xeb, 0x62, 0xeb, 0x62, 0xeb, 0x62,
        0xce, 0xfe, 0xce, 0xfe, 0xce, 0xfe, 0xce, 0xfe, 0xce, 0xfe, 0xce, 0xfe,
        0xce, 0xfe, 0xce, 0xfe, 0xad, 0xfe, 0xad, 0xfe, 0xad, 0xfe, 0xad, 0xfe,
        0xad, 0xfe, 0xad, 0xfe, 0xad, 0xfe, 0xad, 0xfe, 0xad, 0xfe, 0x8d, 0xfe,
        0x8c, 0xfe, 0x8c, 0xfe, 0x8c, 0xfe, 0x8c, 0xfe, 0x8c, 0xfe, 0x8c, 0xfe,
        0x8c, 0xfe, 0x8c, 0xfe, 0x6c, 0xfe, 0x6c, 0xfe, 0x6b, 0xfe, 0x6b, 0xfe,
        0x6b, 0xfe, 0x6b, 0xfe, 0x6b, 0xfe, 0x6b, 0xfe, 0x4b, 0xfe, 0x4b, 0xfe,
        0x4b, 0xfe, 0x4b, 0xfe, 0x4a, 0xfe, 0x4a, 0xfe, 0x4a, 0xfe, 0x4a, 0xfe,
        0x4a, 0xfe, 0x2a, 0xfe, 0x2a, 0xfe, 0x2a, 0xfe, 0x2a, 0xfe, 0x2a, 0xfe,
        0x29, 0xf6, 0x29, 0xfe, 0x29, 0xf6, 0x29, 0xfe, 0x09, 0xf6, 0x09, 0xf6,
        0x09, 0xf6, 0x09, 0xf6, 0x09, 0xf6, 0x09, 0xf6, 0x08, 0xf6, 0x08, 0xf6,
        0xe8, 0xf5, 0xe8, 0xf5, 0xe8, 0xf5, 0xe8, 0xf5, 0xe8, 0xf5, 0xe8, 0xf5,
        0xe8, 0xf5, 0xe8, 0xf5, 0xe7, 0xf5, 0xc7, 0xf5, 0xc7, 0xf5, 0xc7, 0xf5,
        0xc7, 0xf5, 0xc7, 0xf5, 0xc7, 0xf5, 0xc7, 0xf5, 0xc7, 0xf5, 0xc6, 0xf5,
        0xa6, 0xf5, 0xa6, 0xf5, 0xa6, 0xf5, 0xa6, 0xf5, 0xa6, 0xf5, 0xa6, 0xf5,
        0xa6, 0xf5, 0x48, 0xdd, 0x51, 0x8c, 0xeb, 0xbc, 0x85, 0xf5, 0x85, 0xf5,
        0x85, 0xf5, 0x85, 0xf5, 0x85, 0xf5, 0xeb, 0xbc, 0x51, 0x8c, 0xcb, 0xbc,
        0x65, 0xf5, 0x28, 0xac, 0xeb, 0x62, 0xeb, 0x62, 0xeb, 0x62, 0xeb, 0x62,
        0xeb, 0x62, 0xeb, 0x62, 0xeb, 0x62, 0xeb, 0x62, 0xeb, 0x62, 0xeb, 0x62,
        0xeb, 0x62, 0xeb, 0x62, 0xeb, 0x62, 0xeb, 0x62, 0xeb, 0x62, 0xeb, 0x62,
        0xeb, 0x62, 0xeb, 0x62, 0xeb, 0x62, 0xeb, 0x62, 0xeb, 0x62, 0xeb, 0x62,
        0xeb, 0x62, 0xeb, 0x62, 0xeb, 0x62, 0xeb, 0x62, 0xeb, 0x62, 0xeb, 0x62,
        0xeb, 0x62, 0xeb, 0x62, 0xeb, 0x62, 0xeb, 0x62, 0xeb, 0x62, 0xeb, 0x62,
        0xeb, 0x62, 0xeb, 0x62, 0xeb, 0x62, 0xeb, 0x62, 0xeb, 0x62, 0xeb, 0x62,
        0xeb, 0x62, 0xeb, 0x62, 0xeb, 0x62, 0xeb, 0x62, 0xeb, 0x62, 0xeb, 0x62,
        0xeb, 0x62, 0xeb, 0x62, 0xeb, 0x62, 0xeb, 0x62, 0xeb, 0x62, 0xeb, 0x62,
        0xce, 0xfe, 0xce, 0xfe, 0xce, 0xfe, 0xce, 0xfe, 0xce, 0xfe, 0xce, 0xfe,
        0xae, 0xfe, 0xad, 0xfe, 0xad, 0xfe, 0xad, 0xfe, 0xad, 0xfe, 0xad, 0xfe,
        0xad, 0xfe, 0xad, 0xfe, 0xad, 0xfe, 0xad, 0xfe, 0x8c, 0xfe, 0x8c, 0xfe,
        0x8c, 0xfe, 0x8c, 0xfe, 0x8c, 0xfe, 0x8c, 0xfe, 0x8c, 0xfe, 0x8c, 0xfe,
        0x6c, 0xfe, 0x6c, 0xfe, 0x6b, 0xfe, 0x6b, 0xfe, 0x6b, 0xfe, 0x6b, 0xfe,
        0x6b, 0xfe, 0x6b, 0xfe, 0x4b, 0xfe, 0x4b, 0xfe, 0x4b, 0xfe, 0x4b, 0xfe,
        0x4a, 0xfe, 0x4a, 0xfe, 0x4a, 0xfe, 0x4a, 0xfe, 0x4a, 0xfe, 0x2a, 0xfe,
        0x2a, 0xfe, 0x2a, 0xfe, 0x2a, 0xf6, 0x2a, 0xfe, 0x29, 0xf6, 0x29, 0xf6,
        0x29, 0xf6, 0x29, 0xf6, 0x09, 0xf6, 0x09, 0xf6, 0x09, 0xf6, 0x09, 0xf6,
        0x09, 0xf6, 0x09, 0xf6, 0x08, 0xf6, 0x08, 0xf6, 0xe8, 0xf5, 0xe8, 0xf5,
        0xe8, 0xf5, 0xe8, 0xf5, 0xe8, 0xf5, 0xe8, 0xf5, 0xe8, 0xf5, 0xe8, 0xf5,
        0xe7, 0xf5, 0xc7, 0xf5, 0xc7, 0xf5, 0xc7, 0xf5, 0xc7, 0xf5, 0xc7, 0xf5,
        0xc7, 0xf5, 0xc7, 0xf5, 0xc7, 0xf5, 0xc7, 0xf5, 0xa6, 0xf5, 0xa6, 0xf5,
        0xa6, 0xf5, 0xa6, 0xf5, 0xa6, 0xf5, 0xa6, 0xf5, 0xa6, 0xf5, 0xa6, 0xf5,
        0x86, 0xf5, 0xeb, 0xbc, 0xeb, 0xbc, 0x85, 0xf5, 0x85, 0xf5, 0x85, 0xf5,
        0x85, 0xf5, 0x85, 0xf5, 0xeb, 0xbc, 0x51, 0x8c, 0xcb, 0xbc, 0x65, 0xf5,
        0x64, 0xf5, 0x28, 0xac, 0xeb, 0x62, 0xeb, 0x62, 0xeb, 0x62, 0xeb, 0x62,
        0xeb, 0x62, 0xeb, 0x62, 0xeb, 0x62, 0xeb, 0x62, 0xeb, 0x62, 0xeb, 0x62,
        0xeb, 0x62, 0xeb, 0x62, 0xeb, 0x62, 0xeb, 0x62, 0xeb, 0x62, 0xeb, 0x62,
        0xeb, 0x62, 0xeb, 0x62, 0xeb, 0x62, 0xeb, 0x62, 0xeb, 0x62, 0xeb, 0x62,
        0xeb, 0x62, 0xeb, 0x62, 0xeb, 0x62, 0xeb, 0x62, 0xeb, 0x62, 0xeb, 0x62,
        0xeb, 0x62, 0xeb, 0x62, 0xeb, 0x62, 0xeb, 0x62, 0xeb, 0x62, 0xeb, 0x62,
        0xeb, 0x62, 0xeb, 0x62, 0xeb, 0x62, 0xeb, 0x62, 0xeb, 0x62, 0xeb, 0x62,
        0xeb, 0x62, 0xeb, 0x62, 0xeb, 0x62, 0xeb, 0x62, 0xeb, 0x62, 0xeb, 0x62,
        0xeb, 0x62, 0xeb, 0x62, 0xeb, 0x62, 0xeb, 0x62, 0xeb, 0x62, 0xeb, 0x62,
        0xce, 0xfe, 0xce, 0xfe, 0xce, 0xfe, 0xce, 0xfe, 0xce, 0xfe, 0xce, 0xfe,
        0xad, 0xfe, 0xad, 0xfe, 0xad, 0xfe, 0xad, 0xfe, 0xad, 0xfe, 0xad, 0xfe,
        0xad, 0xfe, 0xad, 0xfe, 0xad, 0xfe, 0xad, 0xfe, 0x8c, 0xfe, 0x8c, 0xfe,
        0x8c, 0xfe, 0x8c, 0xfe, 0x8c, 0xfe, 0x8c, 0xfe, 0x8c, 0xfe, 0x8c, 0xfe,
        0x6c, 0xfe, 0x6c, 0xfe, 0x6b, 0xfe, 0x6b, 0xfe, 0x6b, 0xfe, 0x6b, 0xfe,
        0x6b, 0xfe, 0x6b, 0xfe, 0x4b, 0xfe, 0x4b, 0xfe, 0x4b, 0xfe, 0x4b, 0xfe,
        0x4a, 0xfe, 0x4a, 0xfe, 0x4a, 0xfe, 0x4a, 0xfe, 0x4a, 0xfe, 0x2a, 0xfe,
        0x2a, 0xfe, 0x2a, 0xfe, 0x2a, 0xfe, 0x2a, 0xfe, 0x29, 0xfe, 0x29, 0xfe,
        0x29, 0xf6, 0x29, 0xfe, 0x09, 0xf6, 0x09, 0xfe, 0x09, 0xf6, 0x09, 0xf6,
        0x09, 0xf6, 0x09, 0xf6, 0x08, 0xf6, 0x08, 0xf6, 0xe8, 0xf5, 0xe8, 0xf5,
        0xe8, 0xf5, 0xe8, 0xf5, 0xe8, 0xf5, 0xe8, 0xf5, 0xe8, 0xf5, 0xe8, 0xf5,
        0xe7, 0xf5, 0xe7, 0xf5, 0xc7, 0xf5, 0xc7, 0xf5, 0xc7, 0xf5, 0xc7, 0xf5,
        0xc7, 0xf5, 0xc7, 0xf5, 0xc7, 0xf5, 0xc7, 0xf5, 0xa6, 0xf5, 0xa6, 0xf5,
        0xa6, 0xf5, 0xa6, 0xf5, 0xa6, 0xf5, 0xa6, 0xf5, 0xa6, 0xf5, 0xa6, 0xf5,
        0x86, 0xf5, 0x48, 0xdd, 0x85, 0xf5, 0x85, 0xf5, 0x85, 0xf5, 0x85, 0xf5,
        0x85, 0xf5, 0xeb, 0xbc, 0x51, 0x8c, 0xcb, 0xbc, 0x65, 0xf5, 0x64, 0xf5,
        0x64, 0xf5, 0x28, 0xac, 0xeb, 0x62, 0xeb, 0x62, 0xeb, 0x62, 0xeb, 0x62,
        0xeb, 0x62, 0xeb, 0x62, 0xeb, 0x62, 0xeb, 0x62, 0xeb, 0x62, 0xeb, 0x62,
        0xeb, 0x62, 0xeb, 0x62, 0xeb, 0x62, 0xeb, 0x62, 0xeb, 0x62, 0xeb, 0x62,
        0xeb, 0x62, 0xeb, 0x62, 0xeb, 0x62, 0xeb, 0x62, 0xeb, 0x62, 0xeb, 0x62,
        0xeb, 0x62, 0xeb, 0x62, 0xeb, 0x62, 0xeb, 0x62, 0xeb, 0x62, 0xeb, 0x62,
        0xeb, 0x62, 0xeb, 0x62, 0xeb, 0x62, 0xeb, 0x62, 0xeb, 0x62, 0xeb, 0x62,
        0xeb, 0x62, 0xeb, 0x62, 0xeb, 0x62, 0xeb, 0x62, 0xeb, 0x62, 0xeb, 0x62,
        0xeb, 0x62, 0xeb, 0x62, 0xeb, 0x62, 0xeb, 0x62, 0xeb, 0x62, 0xeb, 0x62,
        0xeb, 0x62, 0xeb, 0x62, 0xeb, 0x62, 0xeb, 0x62, 0xeb, 0x62, 0xeb, 0x62,
        0xce, 0xfe, 0xce, 0xfe, 0xce, 0xfe, 0xce, 0xfe, 0xad, 0xfe, 0xad, 0xfe,
        0xad, 0xfe, 0xad, 0xfe, 0xad, 0xfe, 0xad, 0xfe, 0xad, 0xfe, 0xad, 0xfe,
        0xad, 0xfe, 0x8d, 0xfe, 0x8c, 0xfe, 0x8c, 0xfe, 0x8c, 0xfe, 0x8c, 0xfe,
        0x8c, 0xfe, 0x8c, 0xfe, 0x8c, 0xfe, 0x8c, 0xfe, 0x6c, 0xfe, 0x6c, 0xfe,
        0x6b, 0xfe, 0x6b, 0xfe, 0x6b, 0xfe, 0x6b, 0xfe, 0x6b, 0xfe, 0x6b, 0xfe,
        0x4b, 0xfe, 0x4b, 0xfe, 0x4b, 0xfe, 0x4b, 0xfe, 0x4a, 0xfe, 0x4a, 0xfe,
        0x4a, 0xfe, 0x4a, 0xfe, 0x4a, 0xfe, 0x2a, 0xfe, 0x2a, 0xf6, 0x2a, 0xfe,
        0x2a, 0xf6, 0x2a, 0xf6, 0x29, 0xf6, 0x29, 0xf6, 0x29, 0xf6, 0x29, 0xf6,
        0x09, 0xf6, 0x09, 0xf6, 0x09, 0xf6, 0x09, 0xf6, 0x09, 0xf6, 0x09, 0xf6,
        0x08, 0xf6, 0x08, 0xf6, 0xe8, 0xf5, 0xe8, 0xf5, 0xe8, 0xf5, 0xe8, 0xf5,
        0xe8, 0xf5, 0xe8, 0xf5, 0xe8, 0xf5, 0xe8, 0xf5, 0xe7, 0xf5, 0xc7, 0xf5,
        0xc7, 0xf5, 0xc7, 0xf5, 0xc7, 0xf5, 0xc7, 0xf5, 0xc7, 0xf5, 0xc7, 0xf5,
        0xc7, 0xf5, 0xc7, 0xf5, 0xa6, 0xf5, 0xa6, 0xf5, 0xa6, 0xf5, 0xa6, 0xf5,
        0xa6, 0xf5, 0xa6, 0xf5, 0xa6, 0xf5, 0xa6, 0xf5, 0x86, 0xf5, 0x86, 0xf5,
        0x85, 0xf5, 0x85, 0xf5, 0x85, 0xf5, 0x85, 0xf5, 0x85, 0xf5, 0x85, 0xf5,
        0xeb, 0xbc, 0x51, 0x8c, 0xcb, 0xbc, 0x65, 0xf5, 0x64, 0xf5, 0x64, 0xf5,
        0x64, 0xf5, 0x28, 0xac, 0xeb, 0x62, 0xeb, 0x62, 0xeb, 0x62, 0xeb, 0x62,
        0xeb, 0x62, 0xeb, 0x62, 0xeb, 0x62, 0xeb, 0x62, 0xeb, 0x62, 0xeb, 0x62,
        0xeb, 0x62, 0xeb, 0x62, 0xeb, 0x62, 0xeb, 0x62, 0xeb, 0x62, 0xeb, 0x62,
        0xeb, 0x62, 0xeb, 0x62, 0xeb, 0x62, 0xeb, 0x62, 0xeb, 0x62, 0xeb, 0x62,
        0xeb, 0x62, 0xeb, 0x62, 0xeb, 0x62, 0xeb, 0x62, 0xeb, 0x62, 0xeb, 0x62,
        0xeb, 0x62, 0xeb, 0x62, 0xeb, 0x62, 0xeb, 0x62, 0xeb, 0x62, 0xeb, 0x62,
        0xeb, 0x62, 0xeb, 0x62, 0xeb, 0x62, 0xeb, 0x62, 0xeb, 0x62, 0xeb, 0x62,
        0xeb, 0x62, 0xeb, 0x62, 0xeb, 0x62, 0xeb, 0x62, 0xeb, 0x62, 0xeb, 0x62,
        0xeb, 0x62, 0xeb, 0x62, 0xeb, 0x62, 0xeb, 0x62, 0xeb, 0x62, 0xeb, 0x62,
        0xce, 0xfe, 0xce, 0xfe, 0xce, 0xfe, 0xce, 0xfe, 0xad, 0xfe, 0xad, 0xfe,
        0xad, 0xfe, 0xad, 0xfe, 0xad, 0xfe, 0xad, 0xfe, 0xad, 0xfe, 0xad, 0xfe,
        0xad, 0xfe, 0x8d, 0xfe, 0x8c, 0xfe, 0x8c, 0xfe, 0x8c, 0xfe, 0x8c, 0xfe,
        0x8c, 0xfe, 0x8c, 0xfe, 0x8c, 0xfe, 0x8c, 0xfe, 0x6c, 0xfe, 0x6c, 0xfe,
        0x6b, 0xfe, 0x6b, 0xfe, 0x6b, 0xfe, 0x6b, 0xfe, 0x6b, 0xfe, 0x6b, 0xfe,
        0x4b, 0xfe, 0x4b, 0xfe, 0x4b, 0xfe, 0x4b, 0xfe, 0x4a, 0xfe, 0x4a, 0xfe,
        0x4a, 0xfe, 0x4a, 0xfe, 0x4a, 0xfe, 0x2a, 0xfe, 0x2a, 0xfe, 0x2a, 0xfe,
        0x2a, 0xfe, 0x2a, 0xfe, 0x29, 0xfe, 0x29, 0xfe, 0x29, 0xf6, 0x29, 0xfe,
        0x09, 0xf6, 0x09, 0xf6, 0x09, 0xf6, 0x09, 0xf6, 0x09, 0xf6, 0x09, 0xf6,
        0x08, 0xf6, 0x08, 0xf6, 0xe8, 0xf5, 0xe8, 0xf5, 0xe8, 0xf5, 0xe8, 0xf5,
        0xe8, 0xf5, 0xe8, 0xf5, 0xe8, 0xf5, 0xe8, 0xf5, 0xe7, 0xf5, 0xc7, 0xf5,
        0xc7, 0xf5, 0xc7, 0xf5, 0xc7, 0xf5, 0xc7, 0xf5, 0xc7, 0xf5, 0xc7, 0xf5,
        0xc7, 0xf5, 0xc6, 0xf5, 0xa6, 0xf5, 0xa6, 0xf5, 0xa6, 0xf5, 0xa6, 0xf5,
        0xa6, 0xf5, 0xa6, 0xf5, 0xa6, 0xf5, 0xa6, 0xf5, 0x86, 0xf5, 0x85, 0xf5,
        0x85, 0xf5, 0x85, 0xf5, 0x85, 0xf5, 0x85, 0xf5, 0x85, 0xf5, 0xeb, 0xbc,
        0x51, 0x8c, 0xcb, 0xbc, 0x65, 0xf5, 0x64, 0xf5, 0x64, 0xf5, 0x64, 0xf5,
        0x64, 0xf5, 0x2a, 0xa4, 0xeb, 0x62, 0xeb, 0x62, 0xeb, 0x62, 0xeb, 0x62,
        0xeb, 0x62, 0xeb, 0x62, 0xeb, 0x62, 0xeb, 0x62, 0xeb, 0x62, 0xeb, 0x62,
        0xeb, 0x62, 0xeb, 0x62, 0xeb, 0x62, 0xeb, 0x62, 0xeb, 0x62, 0xeb, 0x62,
        0xeb, 0x62, 0xeb, 0x62, 0xeb, 0x62, 0xeb, 0x62, 0xeb, 0x62, 0xeb, 0x62,
        0xeb, 0x62, 0xeb, 0x62, 0xeb, 0x62, 0xeb, 0x62, 0xeb, 0x62, 0xeb, 0x62,
        0xeb, 0x62, 0xeb, 0x62, 0xeb, 0x62, 0xeb, 0x62, 0xeb, 0x62, 0xeb, 0x62,
        0xeb, 0x62, 0xeb, 0x62, 0xeb, 0x62, 0xeb, 0x62, 0xeb, 0x62, 0xeb, 0x62,
        0xeb, 0x62, 0xeb, 0x62, 0xeb, 0x62, 0xeb, 0x62, 0xeb, 0x62, 0xeb, 0x62,
        0xeb, 0x62, 0xeb, 0x62, 0xeb, 0x62, 0xeb, 0x62, 0xeb, 0x62, 0xeb, 0x62,
        0xce, 0xfe, 0xce, 0xfe, 0xae, 0xfe, 0xad, 0xfe, 0xad, 0xfe, 0xad, 0xfe,
        0xad, 0xfe, 0xad, 0xfe, 0xad, 0xfe, 0xad, 0xfe, 0xad, 0xfe, 0xad, 0xfe,
        0x8c, 0xfe, 0x8c, 0xfe, 0x8c, 0xfe, 0x8c, 0xfe, 0x8c, 0xfe, 0x8c, 0xfe,
        0x8c, 0xfe, 0x8c, 0xfe, 0x6c, 0xfe, 0x6c, 0xfe, 0x6b, 0xfe, 0x6b, 0xfe,
        0x6b, 0xfe, 0x6b, 0xfe, 0x6b, 0xfe, 0x6b, 0xfe, 0x4b, 0xfe, 0x4b, 0xfe,
        0x4b, 0xfe, 0x4b, 0xfe, 0x4a, 0xfe, 0x4a, 0xfe, 0x4a, 0xfe, 0x4a, 0xfe,
        0x4a, 0xfe, 0x2a, 0xfe, 0x2a, 0xfe, 0x2a, 0xfe, 0x2a, 0xf6, 0x2a, 0xfe,
        0x29, 0xf6, 0x29, 0xf6, 0x29, 0xf6, 0x29, 0xf6, 0x09, 0xf6, 0x09, 0xf6,
        0x09, 0xf6, 0x09, 0xf6, 0x09, 0xf6, 0x09, 0xf6, 0x08, 0xf6, 0x08, 0xf6,
        0xe8, 0xf5, 0xe8, 0xf5, 0xe8, 0xf5, 0xe8, 0xf5, 0xe8, 0xf5, 0xe8, 0xf5,
        0xe8, 0xf5, 0xe8, 0xf5, 0xe7, 0xf5, 0xe7, 0xf5, 0xc7, 0xf5, 0xc7, 0xf5,
        0xc7, 0xf5, 0xc7, 0xf5, 0xc7, 0xf5, 0xc7, 0xf5, 0xc7, 0xf5, 0xc7, 0xf5,
        0xa6, 0xf5, 0xa6, 0xf5, 0xa6, 0xf5, 0xa6, 0xf5, 0xa6, 0xf5, 0xa6, 0xf5,
        0xa6, 0xf5, 0xa6, 0xf5, 0x86, 0xf5, 0x86, 0xf5, 0x85, 0xf5, 0x85, 0xf5,
        0x85, 0xf5, 0x85, 0xf5, 0x85, 0xf5, 0x85, 0xf5, 0xeb, 0xbc, 0x51, 0x8c,
        0xcb, 0xbc, 0x65, 0xf5, 0x64, 0xf5, 0x64, 0xf5, 0x64, 0xf5, 0x64, 0xf5,
        0xca, 0xbc, 0x2c, 0x9c, 0xeb, 0x62, 0xeb, 0x62, 0xeb, 0x62, 0xeb, 0x62,
        0xeb, 0x62, 0xeb, 0x62, 0xeb, 0x62, 0xeb, 0x62, 0xeb, 0x62, 0xeb, 0x62,
        0xeb, 0x62, 0xeb, 0x62, 0xeb, 0x62, 0xeb, 0x62, 0xeb, 0x62, 0xeb, 0x62,
        0xeb, 0x62, 0xeb, 0x62, 0xeb, 0x62, 0xeb, 0x62, 0xeb, 0x62, 0xeb, 0x62,
        0xeb, 0x62, 0xeb, 0x62, 0xeb, 0x62, 0xeb, 0x62, 0xeb, 0x62, 0xeb, 0x62,
        0xeb, 0x62, 0xeb, 0x62, 0xeb, 0x62, 0xeb, 0x62, 0xeb, 0x62, 0xeb, 0x62,
        0xeb, 0x62, 0xeb, 0x62, 0xeb, 0x62, 0xeb, 0x62, 0xeb, 0x62, 0xeb, 0x62,
        0xeb, 0x62, 0xeb, 0x62, 0xeb, 0x62, 0xeb, 0x62, 0xeb, 0x62, 0xeb, 0x62,
        0xeb, 0x62, 0xeb, 0x62, 0xeb, 0x62, 0xeb, 0x62, 0xeb, 0x62, 0xeb, 0x62,
        0xce, 0xfe, 0xce, 0xfe, 0xad, 0xfe, 0xad, 0xfe, 0xad, 0xfe, 0xad, 0xfe,
        0xad, 0xfe, 0xad, 0xfe, 0xad, 0xfe, 0xad, 0xfe, 0xad, 0xfe, 0xad, 0xfe,
        0x8c, 0xfe, 0x8c, 0xfe, 0x8c, 0xfe, 0x8c, 0xfe, 0x8c, 0xfe, 0x8c, 0xfe,
        0x8c, 0xfe, 0x8c, 0xfe, 0x6c, 0xfe, 0x6c, 0xfe, 0x6b, 0xfe, 0x6b, 0xfe,
        0x6b, 0xfe, 0x6b, 0xfe, 0x6b, 0xfe, 0x6b, 0xfe, 0x4b, 0xfe, 0x4b, 0xfe,
        0x4b, 0xfe, 0x4b, 0xfe, 0x4a, 0xfe, 0x4a, 0xfe, 0x4a, 0xfe, 0x4a, 0xfe,
        0x4a, 0xfe, 0x4a, 0xfe, 0x2a, 0xfe, 0x2a, 0xfe, 0x2a, 0xfe, 0x2a, 0xfe,
        0x29, 0xfe, 0x29, 0xfe, 0x29, 0xf6, 0x29, 0xfe, 0x09, 0xf6, 0x09, 0xfe,
        0x09, 0xf6, 0x09, 0xf6, 0x09, 0xf6, 0x09, 0xf6, 0x08, 0xf6, 0x08, 0xf6,
        0xe8, 0xf5, 0xe8, 0xf5, 0xe8, 0xf5, 0xe8, 0xf5, 0xe8, 0xf5, 0xe8, 0xf5,
        0xe8, 0xf5, 0xe8, 0xf5, 0xe7, 0xf5, 0xe7, 0xf5, 0xc7, 0xf5, 0xc7, 0xf5,
        0xc7, 0xf5, 0xc7, 0xf5, 0xc7, 0xf5, 0xc7, 0xf5, 0xc7, 0xf5, 0xc7, 0xf5,
        0xa6, 0xf5, 0xa6, 0xf5, 0xa6, 0xf5, 0xa6, 0xf5, 0xa6, 0xf5, 0xa6, 0xf5,
        0xa6, 0xf5, 0xa6, 0xf5, 0x86, 0xf5, 0x85, 0xf5, 0x85, 0xf5, 0x85, 0xf5,
        0x85, 0xf5, 0x85, 0xf5, 0x85, 0xf5, 0xeb, 0xbc, 0x51, 0x8c, 0xcb, 0xbc,
        0x65, 0xf5, 0x64, 0xf5, 0x64, 0xf5, 0x64, 0xf5, 0x64, 0xf5, 0xca, 0xbc,
        0x51, 0x8c, 0x2a, 0xa4, 0xeb, 0x62, 0xeb, 0x62, 0xeb, 0x62, 0xeb, 0x62,
        0xeb, 0x62, 0xeb, 0x62, 0xeb, 0x62, 0xeb, 0x62, 0xeb, 0x62, 0xeb, 0x62,
        0xeb, 0x62, 0xeb, 0x62, 0xeb, 0x62, 0xeb, 0x62, 0xeb, 0x62, 0xeb, 0x62,
        0xeb, 0x62, 0xeb, 0x62, 0xeb, 0x62, 0xeb, 0x62, 0xeb, 0x62, 0xeb, 0x62,
        0xeb, 0x62, 0xeb, 0x62, 0xeb, 0x62, 0xeb, 0x62, 0xeb, 0x62, 0xeb, 0x62,
        0xeb, 0x62, 0xeb, 0x62, 0xeb, 0x62, 0xeb, 0x62, 0xeb, 0x62, 0xeb, 0x62,
        0xeb, 0x62, 0xeb, 0x62, 0xeb, 0x62, 0xeb, 0x62, 0xeb, 0x62, 0xeb, 0x62,
        0xeb, 0x62, 0xeb, 0x62, 0xeb, 0x62, 0xeb, 0x62, 0xeb, 0x62, 0xeb, 0x62,
        0xeb, 0x62, 0xeb, 0x62, 0xeb, 0x62, 0xeb, 0x62, 0xeb, 0x62, 0xeb, 0x62,
        0xad, 0xfe, 0xad, 0xfe, 0xad, 0xfe, 0xad, 0xfe, 0xad, 0xfe, 0xad, 0xfe,
        0xad, 0xfe, 0xad, 0xfe, 0xad, 0xfe, 0x8d, 0xfe, 0x8c, 0xfe, 0x8c, 0xfe,
        0x8c, 0xfe, 0x8c, 0xfe, 0x8c, 0xfe, 0x8c, 0xfe, 0x8c, 0xfe, 0x8c, 0xfe,
        0x6c, 0xfe, 0x6c, 0xfe, 0x6b, 0xfe, 0x6b, 0xfe, 0x6b, 0xfe, 0x6b, 0xfe,
        0x6b, 0xfe, 0x6b, 0xfe, 0x4b, 0xfe, 0x4b, 0xfe, 0x4b, 0xfe, 0x4b, 0xfe,
        0x4a, 0xfe, 0x4a, 0xfe, 0x4a, 0xfe, 0x4a, 0xfe, 0x4a, 0xfe, 0x2a, 0xfe,
        0x2a, 0xf6, 0x2a, 0xfe, 0x2a, 0xf6, 0x2a, 0xf6, 0x29, 0xf6, 0x29, 0xf6,
        0x29, 0xf6, 0x29, 0xf6, 0x09, 0xf6, 0x09, 0xf6, 0x09, 0xf6, 0x09, 0xf6,
        0x09, 0xf6, 0x09, 0xf6, 0x08, 0xf6, 0x08, 0xf6, 0xe8, 0xf5, 0xe8, 0xf5,
        0xe8, 0xf5, 0xe8, 0xf5, 0xe8, 0xf5, 0xe8, 0xf5, 0xe8, 0xf5, 0xe8, 0xf5,
        0xe7, 0xf5, 0xc7, 0xf5, 0xc7, 0xf5, 0xc7, 0xf5, 0xc7, 0xf5, 0xc7, 0xf5,
        0xc7, 0xf5, 0xc7, 0xf5, 0xc7, 0xf5, 0xc7, 0xf5, 0xa6, 0xf5, 0xa6, 0xf5,
        0xa6, 0xf5, 0xa6, 0xf5, 0xa6, 0xf5, 0xa6, 0xf5, 0xa6, 0xf5, 0xa6, 0xf5,
        0x86, 0xf5, 0x86, 0xf5, 0x85, 0xf5, 0x85, 0xf5, 0x85, 0xf5, 0x85, 0xf5,
        0x85, 0xf5, 0x85, 0xf5, 0xeb, 0xbc, 0x51, 0x8c, 0xcb, 0xbc, 0x64, 0xf5,
        0x64, 0xf5, 0x64, 0xf5, 0x64, 0xf5, 0x64, 0xf5, 0xca, 0xbc, 0x51, 0x8c,
        0xca, 0xbc, 0x27, 0xac, 0xeb, 0x62, 0xeb, 0x62, 0xeb, 0x62, 0xeb, 0x62,
        0xeb, 0x62, 0xeb, 0x62, 0xeb, 0x62, 0xeb, 0x62, 0xeb, 0x62, 0xeb, 0x62,
        0xeb, 0x62, 0xeb, 0x62, 0xeb, 0x62, 0xeb, 0x62, 0xeb, 0x62, 0xeb, 0x62,
        0xeb, 0x62, 0xeb, 0x62, 0xeb, 0x62, 0xeb, 0x62, 0xeb, 0x62, 0xeb, 0x62,
        0xeb, 0x62, 0xeb, 0x62, 0xeb, 0x62, 0xeb, 0x62, 0xeb, 0x62, 0xeb, 0x62,
        0xeb, 0x62, 0xeb, 0x62, 0xeb, 0x62, 0xeb, 0x62, 0xeb, 0x62, 0xeb, 0x62,
        0xeb, 0x62, 0xeb, 0x62, 0xeb, 0x62, 0xeb, 0x62, 0xeb, 0x62, 0xeb, 0x62,
        0xeb, 0x62, 0xeb, 0x62, 0xeb, 0x62, 0xeb, 0x62, 0xeb, 0x62, 0xeb, 0x62,
        0xeb, 0x62, 0xeb, 0x62, 0xeb, 0x62, 0xeb, 0x62, 0xeb, 0x62, 0xeb, 0x62,
        0xad, 0xfe, 0xad, 0xfe, 0xad, 0xfe, 0xad, 0xfe, 0xad, 0xfe, 0xad, 0xfe,
        0xad, 0xfe, 0xad, 0xfe, 0xad, 0xfe, 0x8d, 0xfe, 0x8c, 0xfe, 0x8c, 0xfe,
        0x8c, 0xfe, 0x8c, 0xfe, 0x8c, 0xfe, 0x8c, 0xfe, 0x8c, 0xfe, 0x8c, 0xfe,
        0x6c, 0xfe, 0x6c, 0xfe, 0x6b, 0xfe, 0x6b, 0xfe, 0x6b, 0xfe, 0x6b, 0xfe,
        0x6b, 0xfe, 0x6b, 0xfe, 0x4b, 0xfe, 0x4b, 0xfe, 0x4b, 0xfe, 0x4b, 0xfe,
        0x4a, 0xfe, 0x4a, 0xfe, 0x4a, 0xfe, 0x4a, 0xfe, 0x4a, 0xfe, 0x2a, 0xfe,
        0x2a, 0xfe, 0x2a, 0xfe, 0x2a, 0xfe, 0x2a, 0xfe, 0x29, 0xf6, 0x29, 0xfe,
        0x29, 0xf6, 0x29, 0xfe, 0x09, 0xf6, 0x09, 0xf6, 0x09, 0xf6, 0x09, 0xf6,
        0x09, 0xf6, 0x09, 0xf6, 0x08, 0xf6, 0x08, 0xf6, 0xe8, 0xf5, 0xe8, 0xf5,
        0xe8, 0xf5, 0xe8, 0xf5, 0xe8, 0xf5, 0xe8, 0xf5, 0xe8, 0xf5, 0xe8, 0xf5,
        0xe7, 0xf5, 0xc7, 0xf5, 0xc7, 0xf5, 0xc7, 0xf5, 0xc7, 0xf5, 0xc7, 0xf5,
        0xc7, 0xf5, 0xc7, 0xf5, 0xc7, 0xf5, 0xc6, 0xf5, 0xa6, 0xf5, 0xa6, 0xf5,
        0xa6, 0xf5, 0xa6, 0xf5, 0xa6, 0xf5, 0xa6, 0xf5, 0xa6, 0xf5, 0xa6, 0xf5,
        0x86, 0xf5, 0x85, 0xf5, 0x85, 0xf5, 0x85, 0xf5, 0x85, 0xf5, 0x85, 0xf5,
        0x85, 0xf5, 0x28, 0xdd, 0x51, 0x8c, 0xcb, 0xbc, 0x65, 0xf5, 0x64, 0xf5,
        0x64, 0xf5, 0x64, 0xf5, 0x64, 0xf5, 0xca, 0xbc, 0x51, 0x8c, 0xca, 0xbc,
        0x44, 0xf5, 0x28, 0xac, 0xeb, 0x62, 0xeb, 0x62, 0xeb, 0x62, 0xeb, 0x62,
        0xeb, 0x62, 0xeb, 0x62, 0xeb, 0x62, 0xeb, 0x62, 0xeb, 0x62, 0xeb, 0x62,
        0xeb, 0x62, 0xeb, 0x62, 0xeb, 0x62, 0xeb, 0x62, 0xeb, 0x62, 0xeb, 0x62,
        0xeb, 0x62, 0xeb, 0x62, 0xeb, 0x62, 0xeb, 0x62, 0xeb, 0x62, 0xeb, 0x62,
        0xeb, 0x62, 0xeb, 0x62, 0xeb, 0x62, 0xeb, 0x62, 0xeb, 0x62, 0xeb, 0x62,
        0xeb, 0x62, 0xeb, 0x62, 0xeb, 0x62, 0xeb, 0x62, 0xeb, 0x62, 0xeb, 0x62,
        0xeb, 0x62, 0xeb, 0x62, 0xeb, 0x62, 0xeb, 0x62, 0xeb, 0x62, 0xeb, 0x62,
        0xeb, 0x62, 0xeb, 0x62, 0xeb, 0x62, 0xeb, 0x62, 0xeb, 0x62, 0xeb, 0x62,
        0xeb, 0x62, 0xeb, 0x62, 0xeb, 0x62, 0xeb, 0x62, 0xeb, 0x62, 0xeb, 0x62,
        0xad, 0xfe, 0xad, 0xfe, 0xad, 0xfe, 0xad, 0xfe, 0xad, 0xfe, 0xad, 0xfe,
        0xad, 0xfe, 0xad, 0xfe, 0x8c, 0xfe, 0x8c, 0xfe, 0x8c, 0xfe, 0x8c, 0xfe,
        0x8c, 0xfe, 0x8c, 0xfe, 0x8c, 0xfe, 0x8c, 0xfe, 0x6c, 0xfe, 0x6c, 0xfe,
        0x6b, 0xfe, 0x6b, 0xfe, 0x6b, 0xfe, 0x6b, 0xfe, 0x6b, 0xfe, 0x6b, 0xfe,
        0x4b, 0xfe, 0x4b, 0xfe, 0x4b, 0xfe, 0x4b, 0xfe, 0x4a, 0xfe, 0x4a, 0xfe,
        0x4a, 0xfe, 0x4a, 0xfe, 0x4a, 0xfe, 0x2a, 0xfe, 0x2a, 0xfe, 0x2a, 0xfe,
        0x2a, 0xf6, 0x2a, 0xfe, 0x29, 0xf6, 0x29, 0xf6, 0x29, 0xf6, 0x29, 0xf6,
        0x09, 0xf6, 0x09, 0xf6, 0x09, 0xf6, 0x09, 0xf6, 0x09, 0xf6, 0x09, 0xf6,
        0x08, 0xf6, 0x08, 0xf6, 0xe8, 0xf5, 0xe8, 0xf5, 0xe8, 0xf5, 0xe8, 0xf5,
        0xe8, 0xf5, 0xe8, 0xf5, 0xe8, 0xf5, 0xe8, 0xf5, 0xe7, 0xf5, 0xc7, 0xf5,
        0xc7, 0xf5, 0xc7, 0xf5, 0xc7, 0xf5, 0xc7, 0xf5, 0xc7, 0xf5, 0xc7, 0xf5,
        0xc7, 0xf5, 0xc7, 0xf5, 0xa6, 0xf5, 0xa6, 0xf5, 0xa6, 0xf5, 0xa6, 0xf5,
        0xa6, 0xf5, 0xa6, 0xf5, 0xa6, 0xf5, 0xa6, 0xf5, 0x86, 0xf5, 0x86, 0xf5,
        0x85, 0xf5, 0x85, 0xf5, 0x85, 0xf5, 0x85, 0xf5, 0x85, 0xf5, 0x85, 0xf5,
        0x85, 0xf5, 0xcb, 0xbc, 0xcb, 0xbc, 0x65, 0xf5, 0x64, 0xf5, 0x64, 0xf5,
        0x64, 0xf5, 0x64, 0xf5, 0xca, 0xbc, 0x51, 0x8c, 0xca, 0xbc, 0x44, 0xf5,
        0x44, 0xf5, 0x27, 0xac, 0xeb, 0x62, 0xeb, 0x62, 0xeb, 0x62, 0xeb, 0x62,
        0xeb, 0x62, 0xeb, 0x62, 0xeb, 0x62, 0xeb, 0x62, 0xeb, 0x62, 0xeb, 0x62,
        0xeb, 0x62, 0xeb, 0x62, 0xeb, 0x62, 0xeb, 0x62, 0xeb, 0x62, 0xeb, 0x62,
        0xeb, 0x62, 0xeb, 0x62, 0xeb, 0x62, 0xeb, 0x62, 0xeb, 0x62, 0xeb, 0x62,
        0xeb, 0x62, 0xeb, 0x62, 0xeb, 0x62, 0xeb, 0x62, 0xeb, 0x62, 0xeb, 0x62,
        0xeb, 0x62, 0xeb, 0x62, 0xeb, 0x62, 0xeb, 0x62, 0xeb, 0x62, 0xeb, 0x62,
        0xeb, 0x62, 0xeb, 0x62, 0xeb, 0x62, 0xeb, 0x62, 0xeb, 0x62, 0xeb, 0x62,
        0xeb, 0x62, 0xeb, 0x62, 0xeb, 0x62, 0xeb, 0x62, 0xeb, 0x62, 0xeb, 0x62,
        0xeb, 0x62, 0xeb, 0x62, 0xeb, 0x62, 0xeb, 0x62, 0xeb, 0x62, 0xeb, 0x62,
        0xad, 0xfe, 0xad, 0xfe, 0xad, 0xfe, 0xad, 0xfe, 0xad, 0xfe, 0xad, 0xfe,
        0xad, 0xfe, 0xad, 0xfe, 0x8c, 0xfe, 0x8c, 0xfe, 0x8c, 0xfe, 0x8c, 0xfe,
        0x8c, 0xfe, 0x8c, 0xfe, 0x8c, 0xfe, 0x8c, 0xfe, 0x6c, 0xfe, 0x6c, 0xfe,
        0x6b, 0xfe, 0x6b, 0xfe, 0x6b, 0xfe, 0x6b, 0xfe, 0x6b, 0xfe, 0x6b, 0xfe,
        0x4b, 0xfe, 0x4b, 0xfe, 0x4b, 0xfe, 0x4b, 0xfe, 0x4a, 0xfe, 0x4a, 0xfe,
        0x4a, 0xfe, 0x4a, 0xfe, 0x4a, 0xfe, 0x2a, 0xfe, 0x2a, 0xfe, 0x2a, 0xfe,
        0x2a, 0xfe, 0x2a, 0xfe, 0x29, 0xfe, 0x29, 0xfe, 0x29, 0xf6, 0x29, 0xfe,
        0x09, 0xf6, 0x09, 0xfe, 0x09, 0xf6, 0x09, 0xf6, 0x09, 0xf6, 0x09, 0xf6,
        0x08, 0xf6, 0x08, 0xf6, 0xe8, 0xf5, 0xe8, 0xf5, 0xe8, 0xf5, 0xe8, 0xf5,
        0xe8, 0xf5, 0xe8, 0xf5, 0xe8, 0xf5, 0xe8, 0xf5, 0xe7, 0xf5, 0xe7, 0xf5,
        0xc7, 0xf5, 0xc7, 0xf5, 0xc7, 0xf5, 0xc7, 0xf5, 0xc7, 0xf5, 0xc7, 0xf5,
        0xc7, 0xf5, 0xc7, 0xf5, 0xa6, 0xf5, 0xa6, 0xf5, 0xa6, 0xf5, 0xa6, 0xf5,
        0xa6, 0xf5, 0xa6, 0xf5, 0xa6, 0xf5, 0xa6, 0xf5, 0x86, 0xf5, 0x85, 0xf5,
        0x85, 0xf5, 0x85, 0xf5, 0x85, 0xf5, 0x85, 0xf5, 0x85, 0xf5, 0x85, 0xf5,
        0x85, 0xf5, 0x28, 0xdd, 0x65, 0xf5, 0x64, 0xf5, 0x64, 0xf5, 0x64, 0xf5,
        0x64, 0xf5, 0xca, 0xbc, 0x51, 0x8c, 0xca, 0xbc, 0x44, 0xf5, 0x44, 0xf5,
        0x44, 0xf5, 0x27, 0xac, 0xeb, 0x62, 0xeb, 0x62, 0xeb, 0x62, 0xeb, 0x62,
        0xeb, 0x62, 0xeb, 0x62, 0xeb, 0x62, 0xeb, 0x62, 0xeb, 0x62, 0xeb, 0x62,
        0xeb, 0x62, 0xeb, 0x62, 0xeb, 0x62, 0xeb, 0x62, 0xeb, 0x62, 0xeb, 0x62,
        0xeb, 0x62, 0xeb, 0x62, 0xeb, 0x62, 0xeb, 0x62, 0xeb, 0x62, 0xeb, 0x62,
        0xeb, 0x62, 0xeb, 0x62, 0xeb, 0x62, 0xeb, 0x62, 0xeb, 0x62, 0xeb, 0x62,
        0xeb, 0x62, 0xeb, 0x62, 0xeb, 0x62, 0xeb, 0x62, 0xeb, 0x62, 0xeb, 0x62,
        0xeb, 0x62, 0xeb, 0x62, 0xeb, 0x62, 0xeb, 0x62, 0xeb, 0x62, 0xeb, 0x62,
        0xeb, 0x62, 0xeb, 0x62, 0xeb, 0x62, 0xeb, 0x62, 0xeb, 0x62, 0xeb, 0x62,
        0xeb, 0x62, 0xeb, 0x62, 0xeb, 0x62, 0xeb, 0x62, 0xeb, 0x62, 0xeb, 0x62,
        0xad, 0xfe, 0xad, 0xfe, 0xad, 0xfe, 0xad, 0xfe, 0xad, 0xfe, 0x8d, 0xfe,
        0x8c, 0xfe, 0x8c, 0xfe, 0x8c, 0xfe, 0x8c, 0xfe, 0x8c, 0xfe, 0x8c, 0xfe,
        0x8c, 0xfe, 0x8c, 0xfe, 0x6c, 0xfe, 0x6c, 0xfe, 0x6b, 0xfe, 0x6b, 0xfe,
        0x6b, 0xfe, 0x6b, 0xfe, 0x6b, 0xfe, 0x6b, 0xfe, 0x4b, 0xfe, 0x4b, 0xfe,
        0x4b, 0xfe, 0x4b, 0xfe, 0x4a, 0xfe, 0x4a, 0xfe, 0x4a, 0xfe, 0x4a, 0xfe,
        0x4a, 0xfe, 0x2a, 0xfe, 0x2a, 0xf6, 0x2a, 0xfe, 0x2a, 0xf6, 0x2a, 0xf6,
        0x29, 0xf6, 0x29, 0xf6, 0x29, 0xf6, 0x29, 0xf6, 0x09, 0xf6, 0x09, 0xf6,
        0x09, 0xf6, 0x09, 0xf6, 0x09, 0xf6, 0x09, 0xf6, 0x08, 0xf6, 0x08, 0xf6,
        0xe8, 0xf5, 0xe8, 0xf5, 0xe8, 0xf5, 0xe8, 0xf5, 0xe8, 0xf5, 0xe8, 0xf5,
        0xe8, 0xf5, 0xe8, 0xf5, 0xe7, 0xf5, 0xc7, 0xf5, 0xc7, 0xf5, 0xc7, 0xf5,
        0xc7, 0xf5, 0xc7, 0xf5, 0xc7, 0xf5, 0xc7, 0xf5, 0xc7, 0xf5, 0xc7, 0xf5,
        0xa6, 0xf5, 0xa6, 0xf5, 0xa6, 0xf5, 0xa6, 0xf5, 0xa6, 0xf5, 0xa6, 0xf5,
        0xa6, 0xf5, 0xa6, 0xf5, 0x86, 0xf5, 0x86, 0xf5, 0x85, 0xf5, 0x85, 0xf5,
        0x85, 0xf5, 0x85, 0xf5, 0x85, 0xf5, 0x85, 0xf5, 0x85, 0xf5, 0x65, 0xf5,
        0x65, 0xf5, 0x65, 0xf5, 0x64, 0xf5, 0x64, 0xf5, 0x64, 0xf5, 0x64, 0xf5,
        0xca, 0xbc, 0x51, 0x8c, 0xca, 0xbc, 0x44, 0xf5, 0x44, 0xf5, 0x43, 0xf5,
        0x43, 0xf5, 0x07, 0xac, 0xeb, 0x62, 0xeb, 0x62, 0xeb, 0x62, 0xeb, 0x62,
        0xeb, 0x62, 0xeb, 0x62, 0xeb, 0x62, 0xeb, 0x62, 0xeb, 0x62, 0xeb, 0x62,
        0xeb, 0x62, 0xeb, 0x62, 0xeb, 0x62, 0xeb, 0x62, 0xeb, 0x62, 0xeb, 0x62,
        0xeb, 0x62, 0xeb, 0x62, 0xeb, 0x62, 0xeb, 0x62, 0xeb, 0x62, 0xeb, 0x62,
        0xeb, 0x62, 0xeb, 0x62, 0xeb, 0x62, 0xeb, 0x62, 0xeb, 0x62, 0xeb, 0x62,
        0xeb, 0x62, 0xeb, 0x62, 0xeb, 0x62, 0xeb, 0x62, 0xeb, 0x62, 0xeb, 0x62,
        0xeb, 0x62, 0xeb, 0x62, 0xeb, 0x62, 0xeb, 0x62, 0xeb, 0x62, 0xeb, 0x62,
        0xeb, 0x62, 0xeb, 0x62, 0xeb, 0x62, 0xeb, 0x62, 0xeb, 0x62, 0xeb, 0x62,
        0xeb, 0x62, 0xeb, 0x62, 0xeb, 0x62, 0xeb, 0x62, 0xeb, 0x62, 0xeb, 0x62,
        0xad, 0xfe, 0xad, 0xfe, 0xad, 0xfe, 0xad, 0xfe, 0xad, 0xfe, 0x8d, 0xfe,
        0x8c, 0xfe, 0x8c, 0xfe, 0x8c, 0xfe, 0x8c, 0xfe, 0x8c, 0xfe, 0x8c, 0xfe,
        0x8c, 0xfe, 0x8c, 0xfe, 0x6c, 0xfe, 0x6c, 0xfe, 0x6b, 0xfe, 0x6b, 0xfe,
        0x6b, 0xfe, 0x6b, 0xfe, 0x6b, 0xfe, 0x6b, 0xfe, 0x4b, 0xfe, 0x4b, 0xfe,
        0x4b, 0xfe, 0x4b, 0xfe, 0x4a, 0xfe, 0x4a, 0xfe, 0x4a, 0xfe, 0x4a, 0xfe,
        0x4a, 0xfe, 0x2a, 0xfe, 0x2a, 0xfe, 0x2a, 0xfe, 0x2a, 0xfe, 0x2a, 0xfe,
        0x29, 0xfe, 0x29, 0xfe, 0x29, 0xf6, 0x29, 0xfe, 0x09, 0xf6, 0x09, 0xf6,
        0x09, 0xf6, 0x09, 0xf6, 0x09, 0xf6, 0x09, 0xf6, 0x08, 0xf6, 0x08, 0xf6,
        0xe8, 0xf5, 0xe8, 0xf5, 0xe8, 0xf5, 0xe8, 0xf5, 0xe8, 0xf5, 0xe8, 0xf5,
        0xe8, 0xf5, 0xe8, 0xf5, 0xe7, 0xf5, 0xc7, 0xf5, 0xc7, 0xf5, 0xc7, 0xf5,
        0xc7, 0xf5, 0xc7, 0xf5, 0xc7, 0xf5, 0xc7, 0xf5, 0xc7, 0xf5, 0xc6, 0xf5,
        0xa6, 0xf5, 0xa6, 0xf5, 0xa6, 0xf5, 0xa6, 0xf5, 0xa6, 0xf5, 0xa6, 0xf5,
        0xa6, 0xf5, 0xa6, 0xf5, 0x86, 0xf5, 0x85, 0xf5, 0x85, 0xf5, 0x85, 0xf5,
        0x85, 0xf5, 0x85, 0xf5, 0x85, 0xf5, 0x85, 0xf5, 0x85, 0xf5, 0x65, 0xf5,
        0x65, 0xf5, 0x64, 0xf5, 0x64, 0xf5, 0x64, 0xf5, 0x64, 0xf5, 0xca, 0xbc,
        0x51, 0x8c, 0xca, 0xbc, 0x44, 0xf5, 0x44, 0xf5, 0x44, 0xf5, 0x43, 0xf5,
        0x43, 0xf5, 0x2a, 0xa4, 0xeb, 0x62, 0xeb, 0x62, 0xeb, 0x62, 0xeb, 0x62,
        0xeb, 0x62, 0xeb, 0x62, 0xeb, 0x62, 0xeb, 0x62, 0xeb, 0x62, 0xeb, 0x62,
        0xeb, 0x62, 0xeb, 0x62, 0xeb, 0x62, 0xeb, 0x62, 0xeb, 0x62, 0xeb, 0x62,
        0xeb, 0x62, 0xeb, 0x62, 0xeb, 0x62, 0xeb, 0x62, 0xeb, 0x62, 0xeb, 0x62,
        0xeb, 0x62, 0x70, 0x63, 0x70, 0x5b, 0xeb, 0x62, 0xeb, 0x62, 0xeb, 0x62,
        0xeb, 0x62, 0xeb, 0x62, 0xeb, 0x62, 0xeb, 0x62, 0xeb, 0x62, 0xeb, 0x62,
        0xeb, 0x62, 0xeb, 0x62, 0xeb, 0x62, 0xeb, 0x62, 0xeb, 0x62, 0xeb, 0x62,
        0xeb, 0x62, 0xeb, 0x62, 0xeb, 0x62, 0xeb, 0x62, 0xeb, 0x62, 0xeb, 0x62,
        0xeb, 0x62, 0xeb, 0x62, 0xeb, 0x62, 0xeb, 0x62, 0xeb, 0x62, 0xeb, 0x62,
        0xad, 0xfe, 0xad, 0xfe, 0xad, 0xfe, 0xad, 0xfe, 0x8c, 0xfe, 0x8c, 0xfe,
        0x8c, 0xfe, 0x8c, 0xfe, 0x8c, 0xfe, 0x8c, 0xfe, 0x8c, 0xfe, 0x8c, 0xfe,
        0x6c, 0xfe, 0x6c, 0xfe, 0x6b, 0xfe, 0x6b, 0xfe, 0x6b, 0xfe, 0x6b, 0xfe,
        0x6b, 0xfe, 0x6b, 0xfe, 0x4b, 0xfe, 0x4b, 0xfe, 0x4b, 0xfe, 0x4b, 0xfe,
        0x4a, 0xfe, 0x4a, 0xfe, 0x4a, 0xfe, 0x4a, 0xfe, 0x4a, 0xfe, 0x2a, 0xfe,
        0x2a, 0xfe, 0x2a, 0xfe, 0x2a, 0xf6, 0x2a, 0xfe, 0x29, 0xf6, 0x29, 0xf6,
        0x29, 0xf6, 0x29, 0xf6, 0x09, 0xf6, 0x09, 0xf6, 0x09, 0xf6, 0x09, 0xf6,
        0x09, 0xf6, 0x09, 0xf6, 0x08, 0xf6, 0x08, 0xf6, 0xe8, 0xf5, 0xe8, 0xf5,
        0xe8, 0xf5, 0xe8, 0xf5, 0xe8, 0xf5, 0xe8, 0xf5, 0xe8, 0xf5, 0xe8, 0xf5,
        0xe7, 0xf5, 0xe7, 0xf5, 0xc7, 0xf5, 0xc7, 0xf5, 0xc7, 0xf5, 0xc7, 0xf5,
        0xc7, 0xf5, 0xc7, 0xf5, 0xc7, 0xf5, 0xc7, 0xf5, 0xa6, 0xf5, 0xa6, 0xf5,
        0xa6, 0xf5, 0xa6, 0xf5, 0xa6, 0xf5, 0xa6, 0xf5, 0xa6, 0xf5, 0xa6, 0xf5,
        0x86, 0xf5, 0x86, 0xf5, 0x85, 0xf5, 0x85, 0xf5, 0x85, 0xf5, 0x85, 0xf5,
        0x85, 0xf5, 0x85, 0xf5, 0x85, 0xf5, 0x65, 0xf5, 0x65, 0xf5, 0x65, 0xf5,
        0x64, 0xf5, 0x64, 0xf5, 0x64, 0xf5, 0x64, 0xf5, 0xca, 0xbc, 0x51, 0x8c,
        0xca, 0xbc, 0x44, 0xf5, 0x44, 0xf5, 0x44, 0xf5, 0x43, 0xf5, 0x43, 0xf5,
        0xca, 0xbc, 0x2c, 0x9c, 0xeb, 0x62, 0xeb, 0x62, 0xeb, 0x62, 0xeb, 0x62,
        0xeb, 0x62, 0xeb, 0x62, 0xeb, 0x62, 0xeb, 0x62, 0xeb, 0x62, 0xeb, 0x62,
        0xeb, 0x62, 0xeb, 0x62, 0xeb, 0x62, 0xeb, 0x62, 0xeb, 0x62, 0xeb, 0x62,
        0xeb, 0x62, 0xeb, 0x62, 0xeb, 0x62, 0xeb, 0x62, 0xeb, 0x62, 0x70, 0x5b,
        0x5a, 0x54, 0xdf, 0x4c, 0xf5, 0x5b, 0xeb, 0x62, 0xeb, 0x62, 0xeb, 0x62,
        0xeb, 0x62, 0xeb, 0x62, 0xeb, 0x62, 0xeb, 0x62, 0xeb, 0x62, 0xeb, 0x62,
        0xeb, 0x62, 0xeb, 0x62, 0xeb, 0x62, 0xeb, 0x62, 0xeb, 0x62, 0xeb, 0x62,
        0xeb, 0x62, 0xeb, 0x62, 0xeb, 0x62, 0xeb, 0x62, 0xeb, 0x62, 0xeb, 0x62,
        0xeb, 0x62, 0xeb, 0x62, 0xeb, 0x62, 0xeb, 0x62, 0xeb, 0x62, 0xeb, 0x62,
        0xad, 0xfe, 0xad, 0xfe, 0xad, 0xfe, 0xad, 0xfe, 0x8c, 0xfe, 0x8c, 0xfe,
        0x8c, 0xfe, 0x8c, 0xfe, 0x8c, 0xfe, 0x8c, 0xfe, 0x8c, 0xfe, 0x8c, 0xfe,
        0x6c, 0xfe, 0x6c, 0xfe, 0x6b, 0xfe, 0x6b, 0xfe, 0x6b, 0xfe, 0x6b, 0xfe,
        0x6b, 0xfe, 0x6b, 0xfe, 0x4b, 0xfe, 0x4b, 0xfe, 0x4b, 0xfe, 0x4b, 0xfe,
        0x4a, 0xfe, 0x4a, 0xfe, 0x4a, 0xfe, 0x4a, 0xfe, 0x4a, 0xfe, 0x4a, 0xfe,
        0x2a, 0xfe, 0x2a, 0xfe, 0x2a, 0xfe, 0x2a, 0xfe, 0x29, 0xfe, 0x29, 0xfe,
        0x29, 0xf6, 0x29, 0xfe, 0x09, 0xf6, 0x09, 0xfe, 0x09, 0xf6, 0x09, 0xf6,
        0x09, 0xf6, 0x09, 0xf6, 0x08, 0xf6, 0x08, 0xf6, 0xe8, 0xf5, 0xe8, 0xf5,
        0xe8, 0xf5, 0xe8, 0xf5, 0xe8, 0xf5, 0xe8, 0xf5, 0xe8, 0xf5, 0xe8, 0xf5,
        0xe7, 0xf5, 0xe7, 0xf5, 0xc7, 0xf5, 0xc7, 0xf5, 0xc7, 0xf5, 0xc7, 0xf5,
        0xc7, 0xf5, 0xc7, 0xf5, 0xc7, 0xf5, 0xc7, 0xf5, 0xa6, 0xf5, 0xa6, 0xf5,
        0xa6, 0xf5, 0xa6, 0xf5, 0xa6, 0xf5, 0xa6, 0xf5, 0xa6, 0xf5, 0xa6, 0xf5,
        0x86, 0xf5, 0x85, 0xf5, 0x85, 0xf5, 0x85, 0xf5, 0x85, 0xf5, 0x85, 0xf5,
        0x85, 0xf5, 0x85, 0xf5, 0x85, 0xf5, 0x65, 0xf5, 0x65, 0xf5, 0x64, 0xf5,
        0x64, 0xf5, 0x64, 0xf5, 0x64, 0xf5, 0xca, 0xbc, 0x51, 0x8c, 0xca, 0xbc,
        0x44, 0xf5, 0x44, 0xf5, 0x44, 0xf5, 0x43, 0xf5, 0x43, 0xf5, 0xca, 0xbc,
        0x51, 0x8c, 0x2a, 0xa4, 0xeb, 0x62, 0xeb, 0x62, 0xeb, 0x62, 0xeb, 0x62,
        0xeb, 0x62, 0xeb, 0x62, 0xeb, 0x62, 0xeb, 0x62, 0xeb, 0x62, 0xeb, 0x62,
        0xeb, 0x62, 0xeb, 0x62, 0xeb, 0x62, 0xeb, 0x62, 0xeb, 0x62, 0xeb, 0x62,
        0xeb, 0x62, 0xeb, 0x62, 0xeb, 0x62, 0x70, 0x5b, 0x5a, 0x4c, 0xdf, 0x4c,
        0xdf, 0x4c, 0xdf, 0x4c, 0xf5, 0x5b, 0xeb, 0x62, 0xeb, 0x62, 0xeb, 0x62,
        0xeb, 0x62, 0xeb, 0x62, 0xeb, 0x62, 0xeb, 0x62, 0xeb, 0x62, 0xeb, 0x62,
        0xeb, 0x62, 0xeb, 0x62, 0xeb, 0x62, 0xeb, 0x62, 0xeb, 0x62, 0xeb, 0x62,
        0xeb, 0x62, 0xeb, 0x62, 0xeb, 0x62, 0xeb, 0x62, 0xeb, 0x62, 0xeb, 0x62,
        0xeb, 0x62, 0xeb, 0x62, 0xeb, 0x62, 0xeb, 0x62, 0xeb, 0x62, 0xeb, 0x62,
        0xad, 0xfe, 0x8d, 0xfe, 0x8c, 0xfe, 0x8c, 0xfe, 0x8c, 0xfe, 0x8c, 0xfe,
        0x8c, 0xfe, 0x8c, 0xfe, 0x8c, 0xfe, 0x8c, 0xfe, 0x6c, 0xfe, 0x6c, 0xfe,
        0x6b, 0xfe, 0x6b, 0xfe, 0x6b, 0xfe, 0x6b, 0xfe, 0x6b, 0xfe, 0x6b, 0xfe,
        0x4b, 0xfe, 0x4b, 0xfe, 0x4b, 0xfe, 0x4b, 0xfe, 0x4a, 0xfe, 0x4a, 0xfe,
        0x4a, 0xfe, 0x4a, 0xfe, 0x4a, 0xfe, 0x2a, 0xfe, 0x2a, 0xf6, 0x2a, 0xfe,
        0x2a, 0xf6, 0x2a, 0xf6, 0x29, 0xf6, 0x29, 0xf6, 0x29, 0xf6, 0x29, 0xf6,
        0x09, 0xf6, 0x09, 0xf6, 0x09, 0xf6, 0x09, 0xf6, 0x09, 0xf6, 0x09, 0xf6,
        0x08, 0xf6, 0x08, 0xf6, 0xe8, 0xf5, 0xe8, 0xf5, 0xe8, 0xf5, 0xe8, 0xf5,
        0xe8, 0xf5, 0xe8, 0xf5, 0xe8, 0xf5, 0xe8, 0xf5, 0xe7, 0xf5, 0xc7, 0xf5,
        0xc7, 0xf5, 0xc7, 0xf5, 0xc7, 0xf5, 0xc7, 0xf5, 0xc7, 0xf5, 0xc7, 0xf5,
        0xc7, 0xf5, 0xc7, 0xf5, 0xa6, 0xf5, 0xa6, 0xf5, 0xa6, 0xf5, 0xa6, 0xf5,
        0xa6, 0xf5, 0xa6, 0xf5, 0xa6, 0xf5, 0xa6, 0xf5, 0x86, 0xf5, 0x86, 0xf5,
        0x85, 0xf5, 0x85, 0xf5, 0x85, 0xf5, 0x85, 0xf5, 0x85, 0xf5, 0x85, 0xf5,
        0x85, 0xf5, 0x65, 0xf5, 0x65, 0xf5, 0x64, 0xf5, 0x64, 0xf5, 0x64, 0xf5,
        0x64, 0xf5, 0x64, 0xf5, 0xca, 0xbc, 0x51, 0x8c, 0xca, 0xbc, 0x44, 0xf5,
        0x44, 0xf5, 0x43, 0xf5, 0x43, 0xf5, 0x43, 0xf5, 0xca, 0xbc, 0x51, 0x8c,
        0xaa, 0xbc, 0x07, 0xac, 0xeb, 0x62, 0xeb, 0x62, 0xeb, 0x62, 0xeb, 0x62,
        0xeb, 0x62, 0xeb, 0x62, 0xeb, 0x62, 0xeb, 0x62, 0xeb, 0x62, 0xeb, 0x62,
        0xeb, 0x62, 0xeb, 0x62, 0xeb, 0x62, 0xeb, 0x62, 0xeb, 0x62, 0xeb, 0x62,
        0xeb, 0x62, 0x70, 0x5b, 0x59, 0x4c, 0xbe, 0x44, 0xbe, 0x44, 0xdf, 0x4c,
        0xdf, 0x4c, 0xdf, 0x4c, 0xf5, 0x5b, 0xeb, 0x62, 0xeb, 0x62, 0xeb, 0x62,
        0xeb, 0x62, 0xeb, 0x62, 0xeb, 0x62, 0xeb, 0x62, 0xeb, 0x62, 0xeb, 0x62,
        0xeb, 0x62, 0xeb, 0x62, 0xeb, 0x62, 0xeb, 0x62, 0xeb, 0x62, 0xeb, 0x62,
        0xeb, 0x62, 0xeb, 0x62, 0xeb, 0x62, 0xeb, 0x62, 0xeb, 0x62, 0xeb, 0x62,
        0xeb, 0x62, 0xeb, 0x62, 0xeb, 0x62, 0xeb, 0x62, 0xeb, 0x62, 0xeb, 0x62,
        0xad, 0xfe, 0x8d, 0xfe, 0x8c, 0xfe, 0x8c, 0xfe, 0x8c, 0xfe, 0x8c, 0xfe,
        0x8c, 0xfe, 0x8c, 0xfe, 0x8c, 0xfe, 0x8c, 0xfe, 0x6c, 0xfe, 0x6c, 0xfe,
        0x6b, 0xfe, 0x6b, 0xfe, 0x6b, 0xfe, 0x6b, 0xfe, 0x6b, 0xfe, 0x6b, 0xfe,
        0x4b, 0xfe, 0x4b, 0xfe, 0x4b, 0xfe, 0x4b, 0xfe, 0x4a, 0xfe, 0x4a, 0xfe,
        0x4a, 0xfe, 0x4a, 0xfe, 0x4a, 0xfe, 0x2a, 0xfe, 0x2a, 0xfe, 0x2a, 0xfe,
        0x2a, 0xfe, 0x2a, 0xfe, 0x29, 0xf6, 0x29, 0xfe, 0x29, 0xf6, 0x29, 0xfe,
        0x09, 0xf6, 0x09, 0xf6, 0x09, 0xf6, 0x09, 0xf6, 0x09, 0xf6, 0x09, 0xf6,
        0x08, 0xf6, 0x08, 0xf6, 0xe8, 0xf5, 0xe8, 0xf5, 0xe8, 0xf5, 0xe8, 0xf5,
        0xe8, 0xf5, 0xe8, 0xf5, 0xe8, 0xf5, 0xe8, 0xf5, 0xe7, 0xf5, 0xc7, 0xf5,
        0xc7, 0xf5, 0xc7, 0xf5, 0xc7, 0xf5, 0xc7, 0xf5, 0xc7, 0xf5, 0xc7, 0xf5,
        0xc7, 0xf5, 0xc6, 0xf5, 0xa6, 0xf5, 0xa6, 0xf5, 0xa6, 0xf5, 0xa6, 0xf5,
        0xa6, 0xf5, 0xa6, 0xf5, 0xa6, 0xf5, 0xa6, 0xf5, 0x86, 0xf5, 0x85, 0xf5,
        0x85, 0xf5, 0x85, 0xf5, 0x85, 0xf5, 0x85, 0xf5, 0x85, 0xf5, 0x85, 0xf5,
        0x85, 0xf5, 0x65, 0xf5, 0x65, 0xf5, 0x64, 0xf5, 0x64, 0xf5, 0x64, 0xf5,
        0x64, 0xf5, 0x27, 0xdd, 0x51, 0x8c, 0xca, 0xbc, 0x44, 0xf5, 0x44, 0xf5,
        0x44, 0xf5, 0x43, 0xf5, 0x43, 0xf5, 0xca, 0xbc, 0x51, 0x8c, 0xca, 0xbc,
        0x23, 0xf5, 0x07, 0xac, 0xeb, 0x62, 0xeb, 0x62, 0xeb, 0x62, 0xeb, 0x62,
        0xeb, 0x62, 0xeb, 0x62, 0xeb, 0x62, 0xeb, 0x62, 0xeb, 0x62, 0xeb, 0x62,
        0xeb, 0x62, 0xeb, 0x62, 0xeb, 0x62, 0xeb, 0x62, 0xeb, 0x62, 0x70, 0x5b,
        0x39, 0x4c, 0xbe, 0x44, 0xbe, 0x44, 0xbe, 0x44, 0xbe, 0x44, 0xdf, 0x4c,
        0xdf, 0x4c, 0xdf, 0x4c, 0xf5, 0x5b, 0xeb, 0x62, 0xeb, 0x62, 0xeb, 0x62,
        0xeb, 0x62, 0xeb, 0x62, 0xeb, 0x62, 0xeb, 0x62, 0xeb, 0x62, 0xeb, 0x62,
        0xeb, 0x62, 0xeb, 0x62, 0xeb, 0x62, 0xeb, 0x62, 0xeb, 0x62, 0xeb, 0x62,
        0xeb, 0x62, 0xeb, 0x62, 0xeb, 0x62, 0xeb, 0x62, 0xeb, 0x62, 0xeb, 0x62,
        0xeb, 0x62, 0xeb, 0x62, 0xeb, 0x62, 0xeb, 0x62, 0xeb, 0x62, 0xeb, 0x62,
        0x8c, 0xfe, 0x8c, 0xfe, 0x8c, 0xfe, 0x8c, 0xfe, 0x8c, 0xfe, 0x8c, 0xfe,
        0x8c, 0xfe, 0x8c, 0xfe, 0x6c, 0xfe, 0x6c, 0xfe, 0x6b, 0xfe, 0x6b, 0xfe,
        0x6b, 0xfe, 0x6b, 0xfe, 0x6b, 0xfe, 0x6b, 0xfe, 0x4b, 0xfe, 0x4b, 0xfe,
        0x4b, 0xfe, 0x4b, 0xfe, 0x4a, 0xfe, 0x4a, 0xfe, 0x4a, 0xfe, 0x4a, 0xfe,
        0x4a, 0xfe, 0x2a, 0xfe, 0x2a, 0xfe, 0x2a, 0xfe, 0x2a, 0xf6, 0x2a, 0xfe,
        0x29, 0xf6, 0x29, 0xf6, 0x29, 0xf6, 0x29, 0xf6, 0x09, 0xf6, 0x09, 0xf6,
        0x09, 0xf6, 0x09, 0xf6, 0x09, 0xf6, 0x09, 0xf6, 0x08, 0xf6, 0x08, 0xf6,
        0xe8, 0xf5, 0xe8, 0xf5, 0xe8, 0xf5, 0xe8, 0xf5, 0xe8, 0xf5, 0xe8, 0xf5,
        0xe8, 0xf5, 0xe8, 0xf5, 0xe7, 0xf5, 0xc7, 0xf5, 0xc7, 0xf5, 0xc7, 0xf5,
        0xc7, 0xf5, 0xc7, 0xf5, 0xc7, 0xf5, 0xc7, 0xf5, 0xc7, 0xf5, 0xc7, 0xf5,
        0xa6, 0xf5, 0xa6, 0xf5, 0xa6, 0xf5, 0xa6, 0xf5, 0xa6, 0xf5, 0xa6, 0xf5,
        0xa6, 0xf5, 0xa6, 0xf5, 0x86, 0xf5, 0x86, 0xf5, 0x85, 0xf5, 0x85, 0xf5,
        0x85, 0xf5, 0x85, 0xf5, 0x85, 0xf5, 0x85, 0xf5, 0x85, 0xf5, 0x65, 0xf5,
        0x65, 0xf5, 0x65, 0xf5, 0x64, 0xf5, 0x64, 0xf5, 0x64, 0xf5, 0x64, 0xf5,
        0x64, 0xf5, 0xca, 0xbc, 0xca, 0xbc, 0x44, 0xf5, 0x44, 0xf5, 0x43, 0xf5,
        0x43, 0xf5, 0x43, 0xf5, 0xca, 0xbc, 0x51, 0x8c, 0xaa, 0xbc, 0x23, 0xf5,
        0x23, 0xf5, 0x07, 0xac, 0xeb, 0x62, 0xeb, 0x62, 0xeb, 0x62, 0xeb, 0x62,
        0xeb, 0x62, 0xeb, 0x62, 0xeb, 0x62, 0xeb, 0x62, 0xeb, 0x62, 0xeb, 0x62,
        0xeb, 0x62, 0xeb, 0x62, 0xeb, 0x62, 0x50, 0x5b, 0x38, 0x44, 0xbd, 0x3c,
        0xbd, 0x44, 0xbe, 0x44, 0xbe, 0x44, 0xbe, 0x44, 0xbe, 0x44, 0xdf, 0x4c,
        0xdf, 0x4c, 0xdf, 0x4c, 0xf5, 0x5b, 0xeb, 0x62, 0xeb, 0x62, 0xeb, 0x62,
        0xeb, 0x62, 0xeb, 0x62, 0xeb, 0x62, 0xeb, 0x62, 0xeb, 0x62, 0xeb, 0x62,
        0xeb, 0x62, 0xeb, 0x62, 0xeb, 0x62, 0xeb, 0x62, 0xeb, 0x62, 0xeb, 0x62,
        0xeb, 0x62, 0xeb, 0x62, 0xeb, 0x62, 0xeb, 0x62, 0xeb, 0x62, 0xeb, 0x62,
        0xeb, 0x62, 0xeb, 0x62, 0xeb, 0x62, 0xeb, 0x62, 0xeb, 0x62, 0xeb, 0x62,
        0x8c, 0xfe, 0x8c, 0xfe, 0x8c, 0xfe, 0x8c, 0xfe, 0x8c, 0xfe, 0x8c, 0xfe,
        0x8c, 0xfe, 0x8c, 0xfe, 0x6c, 0xfe, 0x6c, 0xfe, 0x6b, 0xfe, 0x6b, 0xfe,
        0x6b, 0xfe, 0x6b, 0xfe, 0x6b, 0xfe, 0x6b, 0xfe, 0x4b, 0xfe, 0x4b, 0xfe,
        0x4b, 0xfe, 0x4b, 0xfe, 0x4a, 0xfe, 0x4a, 0xfe, 0x4a, 0xfe, 0x4a, 0xfe,
        0x4a, 0xfe, 0x2a, 0xfe, 0x2a, 0xfe, 0x2a, 0xfe, 0x2a, 0xfe, 0x2a, 0xfe,
        0x29, 0xfe, 0x29, 0xfe, 0x29, 0xf6, 0x29, 0xfe, 0x09, 0xf6, 0x09, 0xfe,
        0x09, 0xf6, 0x09, 0xf6, 0x09, 0xf6, 0x09, 0xf6, 0x08, 0xf6, 0x08, 0xf6,
        0xe8, 0xf5, 0xe8, 0xf5, 0xe8, 0xf5, 0xe8, 0xf5, 0xe8, 0xf5, 0xe8, 0xf5,
        0xe8, 0xf5, 0xe8, 0xf5, 0xe7, 0xf5, 0xe7, 0xf5, 0xc7, 0xf5, 0xc7, 0xf5,
        0xc7, 0xf5, 0xc7, 0xf5, 0xc7, 0xf5, 0xc7, 0xf5, 0xc7, 0xf5, 0xc7, 0xf5,
        0xa6, 0xf5, 0xa6, 0xf5, 0xa6, 0xf5, 0xa6, 0xf5, 0xa6, 0xf5, 0xa6, 0xf5,
        0xa6, 0xf5, 0xa6, 0xf5, 0x86, 0xf5, 0x85, 0xf5, 0x85, 0xf5, 0x85, 0xf5,
        0x85, 0xf5, 0x85, 0xf5, 0x85, 0xf5, 0x85, 0xf5, 0x85, 0xf5, 0x65, 0xf5,
        0x65, 0xf5, 0x64, 0xf5, 0x64, 0xf5, 0x64, 0xf5, 0x64, 0xf5, 0x64, 0xf5,
        0x64, 0xf5, 0x07, 0xdd, 0x44, 0xf5, 0x44, 0xf5, 0x44, 0xf5, 0x43, 0xf5,
        0x43, 0xf5, 0xca, 0xbc, 0x51, 0x8c, 0xca, 0xbc, 0x23, 0xf5, 0x23, 0xf5,
        0x23, 0xf5, 0x07, 0xac, 0xeb, 0x62, 0xeb, 0x62, 0xeb, 0x62, 0xeb, 0x62,
        0xeb, 0x62, 0xeb, 0x62, 0xeb, 0x62, 0xeb, 0x62, 0xeb, 0x62, 0xeb, 0x62,
        0xeb, 0x62, 0x70, 0x5b, 0x38, 0x44, 0x9d, 0x3c, 0xbd, 0x3c, 0xbd, 0x44,
        0xbd, 0x44, 0xbe, 0x44, 0xbe, 0x44, 0xbe, 0x44, 0xde, 0x44, 0xdf, 0x4c,
        0xdf, 0x4c, 0xdf, 0x4c, 0xf5, 0x5b, 0xeb, 0x62, 0xeb, 0x62, 0xeb, 0x62,
        0xeb, 0x62, 0xeb, 0x62, 0xeb, 0x62, 0xeb, 0x62, 0xeb, 0x62, 0xeb, 0x62,
        0xeb, 0x62, 0xeb, 0x62, 0xeb, 0x62, 0xeb, 0x62, 0xeb, 0x62, 0xeb, 0x62,
        0xeb, 0x62, 0xeb, 0x62, 0xeb, 0x62, 0xeb, 0x62, 0xeb, 0x62, 0xeb, 0x62,
        0xeb, 0x62, 0xeb, 0x62, 0xeb, 0x62, 0xeb, 0x62, 0xeb, 0x62, 0xeb, 0x62,
        0x8c, 0xfe, 0x8c, 0xfe, 0x8c, 0xfe, 0x8c, 0xfe, 0x8c, 0xfe, 0x8c, 0xfe,
        0x6c, 0xfe, 0x6c, 0xfe, 0x6b, 0xfe, 0x6b, 0xfe, 0x6b, 0xfe, 0x6b, 0xfe,
        0x6b, 0xfe, 0x6b, 0xfe, 0x4b, 0xfe, 0x4b, 0xfe, 0x4b, 0xfe, 0x4b, 0xfe,
        0x4a, 0xfe, 0x4a, 0xfe, 0x4a, 0xfe, 0x4a, 0xfe, 0x4a, 0xfe, 0x2a, 0xfe,
        0x2a, 0xf6, 0x2a, 0xfe, 0x2a, 0xf6, 0x2a, 0xf6, 0x29, 0xf6, 0x29, 0xf6,
        0x29, 0xf6, 0x29, 0xf6, 0x09, 0xf6, 0x09, 0xf6, 0x09, 0xf6, 0x09, 0xf6,
        0x09, 0xf6, 0x09, 0xf6, 0x08, 0xf6, 0x08, 0xf6, 0xe8, 0xf5, 0xe8, 0xf5,
        0xe8, 0xf5, 0xe8, 0xf5, 0xe8, 0xf5, 0xe8, 0xf5, 0xe8, 0xf5, 0xe8, 0xf5,
        0xe7, 0xf5, 0xc7, 0xf5, 0xc7, 0xf5, 0xc7, 0xf5, 0xc7, 0xf5, 0xc7, 0xf5,
        0xc7, 0xf5, 0xc7, 0xf5, 0xc7, 0xf5, 0xc7, 0xf5, 0xa6, 0xf5, 0xa6, 0xf5,
        0xa6, 0xf5, 0xa6, 0xf5, 0xa6, 0xf5, 0xa6, 0xf5, 0xa6, 0xf5, 0xa6, 0xf5,
        0x86, 0xf5, 0x86, 0xf5, 0x85, 0xf5, 0x85, 0xf5, 0x85, 0xf5, 0x85, 0xf5,
        0x85, 0xf5, 0x85, 0xf5, 0x85, 0xf5, 0x65, 0xf5, 0x65, 0xf5, 0x65, 0xf5,
        0x64, 0xf5, 0x64, 0xf5, 0x64, 0xf5, 0x64, 0xf5, 0x64, 0xf5, 0x64, 0xf5,
        0x44, 0xf5, 0x44, 0xf5, 0x44, 0xf5, 0x43, 0xf5, 0x43, 0xf5, 0x43, 0xf5,
        0xca, 0xbc, 0x51, 0x8c, 0xaa, 0xbc, 0x23, 0xf5, 0x23, 0xf5, 0x23, 0xf5,
        0x23, 0xf5, 0x07, 0xac, 0xeb, 0x62, 0xeb, 0x62, 0xeb, 0x62, 0xeb, 0x62,
        0xeb, 0x62, 0xeb, 0x62, 0xeb, 0x62, 0xeb, 0x62, 0xeb, 0x62, 0x4f, 0x5b,
        0x38, 0x44, 0x9c, 0x3c, 0x9c, 0x3c, 0x9d, 0x3c, 0x9d, 0x3c, 0xbd, 0x3c,
        0xbd, 0x44, 0xbe, 0x44, 0xbe, 0x44, 0xbe, 0x44, 0xbe, 0x44, 0xdf, 0x4c,
        0xdf, 0x4c, 0xdf, 0x4c, 0xf5, 0x5b, 0xeb, 0x62, 0xeb, 0x62, 0xeb, 0x62,
        0xeb, 0x62, 0xeb, 0x62, 0xeb, 0x62, 0xeb, 0x62, 0xeb, 0x62, 0xeb, 0x62,
        0xeb, 0x62, 0xeb, 0x62, 0xeb, 0x62, 0xeb, 0x62, 0xeb, 0x62, 0xeb, 0x62,
        0xeb, 0x62, 0xeb, 0x62, 0xeb, 0x62, 0xeb, 0x62, 0xeb, 0x62, 0xeb, 0x62,
        0xeb, 0x62, 0xeb, 0x62, 0xeb, 0x62, 0xeb, 0x62, 0xeb, 0x62, 0xeb, 0x62,
        0x8c, 0xfe, 0x8c, 0xfe, 0x8c, 0xfe, 0x8c, 0xfe, 0x8c, 0xfe, 0x8c, 0xfe,
        0x6c, 0xfe, 0x6c, 0xfe, 0x6b, 0xfe, 0x6b, 0xfe, 0x6b, 0xfe, 0x6b, 0xfe,
        0x6b, 0xfe, 0x6b, 0xfe, 0x4b, 0xfe, 0x4b, 0xfe, 0x4b, 0xfe, 0x4b, 0xfe,
        0x4a, 0xfe, 0x4a, 0xfe, 0x4a, 0xfe, 0x4a, 0xfe, 0x4a, 0xfe, 0x2a, 0xfe,
        0x2a, 0xfe, 0x2a, 0xfe, 0x2a, 0xfe, 0x2a, 0xfe, 0x29, 0xfe, 0x29, 0xfe,
        0x29, 0xf6, 0x29, 0xfe, 0x09, 0xf6, 0x09, 0xf6, 0x09, 0xf6, 0x09, 0xf6,
        0x09, 0xf6, 0x09, 0xf6, 0x08, 0xf6, 0x08, 0xf6, 0xe8, 0xf5, 0xe8, 0xf5,
        0xe8, 0xf5, 0xe8, 0xf5, 0xe8, 0xf5, 0xe8, 0xf5, 0xe8, 0xf5, 0xe8, 0xf5,
        0xe7, 0xf5, 0xc7, 0xf5, 0xc7, 0xf5, 0xc7, 0xf5, 0xc7, 0xf5, 0xc7, 0xf5,
        0xc7, 0xf5, 0xc7, 0xf5, 0xc7, 0xf5, 0xc6, 0xf5, 0xa6, 0xf5, 0xa6, 0xf5,
        0xa6, 0xf5, 0xa6, 0xf5, 0xa6, 0xf5, 0xa6, 0xf5, 0xa6, 0xf5, 0xa6, 0xf5,
        0x86, 0xf5, 0x85, 0xf5, 0x85, 0xf5, 0x85, 0xf5, 0x85, 0xf5, 0x85, 0xf5,
        0x85, 0xf5, 0x85, 0xf5, 0x85, 0xf5, 0x65, 0xf5, 0x65, 0xf5, 0x64, 0xf5,
        0x64, 0xf5, 0x64, 0xf5, 0x64, 0xf5, 0x64, 0xf5, 0x64, 0xf5, 0x64, 0xf5,
        0x44, 0xf5, 0x44, 0xf5, 0x44, 0xf5, 0x43, 0xf5, 0x43, 0xf5, 0xca, 0xbc,
        0x51, 0x8c, 0xca, 0xbc, 0x23, 0xf5, 0x23, 0xf5, 0x23, 0xf5, 0x23, 0xf5,
        0x23, 0xf5, 0x09, 0xa4, 0xeb, 0x62, 0xeb, 0x62, 0xeb, 0x62, 0xeb, 0x62,
        0xeb, 0x62, 0xeb, 0x62, 0xeb, 0x62, 0x4f, 0x5b, 0x37, 0x44, 0x9c, 0x34,
        0x9c, 0x3c, 0x9c, 0x3c, 0x9c, 0x3c, 0x9d, 0x3c, 0x9d, 0x3c, 0xbd, 0x3c,
        0xbd, 0x44, 0xbe, 0x44, 0xbe, 0x44, 0xbe, 0x44, 0xbe, 0x44, 0xdf, 0x4c,
        0xdf, 0x4c, 0xdf, 0x4c, 0xf5, 0x5b, 0xeb, 0x62, 0xeb, 0x62, 0xeb, 0x62,
        0xeb, 0x62, 0xeb, 0x62, 0xeb, 0x62, 0xeb, 0x62, 0xeb, 0x62, 0xeb, 0x62,
        0xeb, 0x62, 0xeb, 0x62, 0xeb, 0x62, 0xeb, 0x62, 0xeb, 0x62, 0xeb, 0x62,
        0xeb, 0x62, 0xeb, 0x62, 0xeb, 0x62, 0xeb, 0x62, 0xeb, 0x62, 0xeb, 0x62,
        0xeb, 0x62, 0xeb, 0x62, 0xeb, 0x62, 0xeb, 0x62, 0xeb, 0x62, 0xeb, 0x62,
        0x8c, 0xfe, 0x8c, 0xfe, 0x8c, 0xfe, 0x8c, 0xfe, 0x6c, 0xfe, 0x6c, 0xfe,
        0x6b, 0xfe, 0x6b, 0xfe, 0x6b, 0xfe, 0x6b, 0xfe, 0x6b, 0xfe, 0x6b, 0xfe,
        0x4b, 0xfe, 0x4b, 0xfe, 0x4b, 0xfe, 0x4b, 0xfe, 0x4a, 0xfe, 0x4a, 0xfe,
        0x4a, 0xfe, 0x4a, 0xfe, 0x4a, 0xfe, 0x2a, 0xfe, 0x2a, 0xfe, 0x2a, 0xfe,
        0x2a, 0xf6, 0x2a, 0xfe, 0x29, 0xf6, 0x29, 0xf6, 0x29, 0xf6, 0x29, 0xf6,
        0x09, 0xf6, 0x09, 0xf6, 0x09, 0xf6, 0x09, 0xf6, 0x09, 0xf6, 0x09, 0xf6,
        0x08, 0xf6, 0x08, 0xf6, 0xe8, 0xf5, 0xe8, 0xf5, 0xe8, 0xf5, 0xe8, 0xf5,
        0xe8, 0xf5, 0xe8, 0xf5, 0xe8, 0xf5, 0xe8, 0xf5, 0xe7, 0xf5, 0xe7, 0xf5,
        0xc7, 0xf5, 0xc7, 0xf5, 0xc7, 0xf5, 0xc7, 0xf5, 0xc7, 0xf5, 0xc7, 0xf5,
        0xc7, 0xf5, 0xc7, 0xf5, 0xa6, 0xf5, 0xa6, 0xf5, 0xa6, 0xf5, 0xa6, 0xf5,
        0xa6, 0xf5, 0xa6, 0xf5, 0xa6, 0xf5, 0xa6, 0xf5, 0x86, 0xf5, 0x86, 0xf5,
        0x85, 0xf5, 0x85, 0xf5, 0x85, 0xf5, 0x85, 0xf5, 0x85, 0xf5, 0x85, 0xf5,
        0x85, 0xf5, 0x65, 0xf5, 0x65, 0xf5, 0x65, 0xf5, 0x64, 0xf5, 0x64, 0xf5,
        0x64, 0xf5, 0x64, 0xf5, 0x64, 0xf5, 0x64, 0xf5, 0x44, 0xf5, 0x44, 0xf5,
        0x44, 0xf5, 0x44, 0xf5, 0x43, 0xf5, 0x43, 0xf5, 0xca, 0xbc, 0x51, 0x8c,
        0xaa, 0xbc, 0x23, 0xf5, 0x23, 0xf5, 0x23, 0xf5, 0x23, 0xf5, 0x22, 0xf5,
        0xa9, 0xbc, 0x2c, 0x9c, 0xeb, 0x62, 0xeb, 0x62, 0xeb, 0x62, 0xeb, 0x62,
        0xeb, 0x62, 0x4f, 0x5b, 0x17, 0x3c, 0x7b, 0x34, 0x7b, 0x34, 0x9c, 0x34,
        0x9c, 0x34, 0x9c, 0x3c, 0x9c, 0x3c, 0x9d, 0x3c, 0x9d, 0x3c, 0xbd, 0x3c,
        0xbd, 0x44, 0xbe, 0x44, 0xbe, 0x44, 0xbe, 0x44, 0xbe, 0x44, 0xdf, 0x4c,
        0xdf, 0x4c, 0xdf, 0x4c, 0xf5, 0x5b, 0xeb, 0x62, 0xeb, 0x62, 0xeb, 0x62,
        0xeb, 0x62, 0xeb, 0x62, 0xeb, 0x62, 0xeb, 0x62, 0xeb, 0x62, 0xeb, 0x62,
        0xeb, 0x62, 0xeb, 0x62, 0xeb, 0x62, 0xeb, 0x62, 0xeb, 0x62, 0xeb, 0x62,
        0xeb, 0x62, 0xeb, 0x62, 0xeb, 0x62, 0xeb, 0x62, 0xeb, 0x62, 0xeb, 0x62,
        0xeb, 0x62, 0xeb, 0x62, 0xeb, 0x62, 0xeb, 0x62, 0xeb, 0x62, 0xeb, 0x62,
        0x8c, 0xfe, 0x8c, 0xfe, 0x8c, 0xfe, 0x8c, 0xfe, 0x6c, 0xfe, 0x6c, 0xfe,
        0x6b, 0xfe, 0x6b, 0xfe, 0x6b, 0xfe, 0x6b, 0xfe, 0x6b, 0xfe, 0x6b, 0xfe,
        0x4b, 0xfe, 0x4b, 0xfe, 0x4b, 0xfe, 0x4b, 0xfe, 0x4a, 0xfe, 0x4a, 0xfe,
        0x4a, 0xfe, 0x4a, 0xfe, 0x4a, 0xfe, 0x4a, 0xfe, 0x2a, 0xfe, 0x2a, 0xfe,
        0x2a, 0xfe, 0x2a, 0xfe, 0x29, 0xfe, 0x29, 0xfe, 0x29, 0xf6, 0x29, 0xfe,
        0x09, 0xf6, 0x09, 0xfe, 0x09, 0xf6, 0x09, 0xf6, 0x09, 0xf6, 0x09, 0xf6,
        0x08, 0xf6, 0x08, 0xf6, 0xe8, 0xf5, 0xe8, 0xf5, 0xe8, 0xf5, 0xe8, 0xf5,
        0xe8, 0xf5, 0xe8, 0xf5, 0xe8, 0xf5, 0xe8, 0xf5, 0xe7, 0xf5, 0xe7, 0xf5,
        0xc7, 0xf5, 0xc7, 0xf5, 0xc7, 0xf5, 0xc7, 0xf5, 0xc7, 0xf5, 0xc7, 0xf5,
        0xc7, 0xf5, 0xc7, 0xf5, 0xa6, 0xf5, 0xa6, 0xf5, 0xa6, 0xf5, 0xa6, 0xf5,
        0xa6, 0xf5, 0xa6, 0xf5, 0xa6, 0xf5, 0xa6, 0xf5, 0x86, 0xf5, 0x85, 0xf5,
        0x85, 0xf5, 0x85, 0xf5, 0x85, 0xf5, 0x85, 0xf5, 0x85, 0xf5, 0x85, 0xf5,
        0x85, 0xf5, 0x65, 0xf5, 0x65, 0xf5, 0x64, 0xf5, 0x64, 0xf5, 0x64, 0xf5,
        0x64, 0xf5, 0x64, 0xf5, 0x64, 0xf5, 0x64, 0xf5, 0x44, 0xf5, 0x44, 0xf5,
        0x44, 0xf5, 0x43, 0xf5, 0x43, 0xf5, 0xca, 0xbc, 0x51, 0x8c, 0xca, 0xbc,
        0x23, 0xf5, 0x23, 0xf5, 0x23, 0xf5, 0x23, 0xf5, 0x23, 0xf5, 0xa9, 0xbc,
        0x51, 0x8c, 0x09, 0xa4, 0xeb, 0x62, 0xeb, 0x62, 0xeb, 0x62, 0x4f, 0x5b,
        0x17, 0x3c, 0x7b, 0x34, 0x7b, 0x34, 0x7b, 0x34, 0x9b, 0x34, 0x9c, 0x34,
        0x9c, 0x3c, 0x9c, 0x3c, 0x9c, 0x3c, 0x9d, 0x3c, 0xbd, 0x3c, 0xbd, 0x44,
        0xbd, 0x44, 0xbe, 0x44, 0xbe, 0x44, 0xbe, 0x44, 0xde, 0x44, 0xdf, 0x4c,
        0xdf, 0x4c, 0xdf, 0x4c, 0xf5, 0x5b, 0xeb, 0x62, 0xeb, 0x62, 0xeb, 0x62,
        0xeb, 0x62, 0xeb, 0x62, 0xeb, 0x62, 0xeb, 0x62, 0xeb, 0x62, 0xeb, 0x62,
        0xeb, 0x62, 0xeb, 0x62, 0xeb, 0x62, 0xeb, 0x62, 0xeb, 0x62, 0xeb, 0x62,
        0xeb, 0x62, 0xeb, 0x62, 0xeb, 0x62, 0xeb, 0x62, 0xeb, 0x62, 0xeb, 0x62,
        0xeb, 0x62, 0xeb, 0x62, 0xeb, 0x62, 0xeb, 0x62, 0xeb, 0x62, 0xeb, 0x62,
        0x8c, 0xfe, 0x8c, 0xfe, 0x6c, 0xfe, 0x6c, 0xfe, 0x6b, 0xfe, 0x6b, 0xfe,
        0x6b, 0xfe, 0x6b, 0xfe, 0x6b, 0xfe, 0x6b, 0xfe, 0x4b, 0xfe, 0x4b, 0xfe,
        0x4b, 0xfe, 0x4b, 0xfe, 0x4a, 0xfe, 0x4a, 0xfe, 0x4a, 0xfe, 0x4a, 0xfe,
        0x4a, 0xfe, 0x2a, 0xfe, 0x2a, 0xf6, 0x2a, 0xfe, 0x2a, 0xf6, 0x2a, 0xf6,
        0x29, 0xf6, 0x29, 0xf6, 0x29, 0xf6, 0x29, 0xf6, 0x09, 0xf6, 0x09, 0xf6,
        0x09, 0xf6, 0x09, 0xf6, 0x09, 0xf6, 0x09, 0xf6, 0x08, 0xf6, 0x08, 0xf6,
        0xe8, 0xf5, 0xe8, 0xf5, 0xe8, 0xf5, 0xe8, 0xf5, 0xe8, 0xf5, 0xe8, 0xf5,
        0xe8, 0xf5, 0xe8, 0xf5, 0xe7, 0xf5, 0xc7, 0xf5, 0xc7, 0xf5, 0xc7, 0xf5,
        0xc7, 0xf5, 0xc7, 0xf5, 0xc7, 0xf5, 0xc7, 0xf5, 0xc7, 0xf5, 0xc7, 0xf5,
        0xa6, 0xf5, 0xa6, 0xf5, 0xa6, 0xf5, 0xa6, 0xf5, 0xa6, 0xf5, 0xa6, 0xf5,
        0xa6, 0xf5, 0xa6, 0xf5, 0x86, 0xf5, 0x86, 0xf5, 0x85, 0xf5, 0x85, 0xf5,
        0x85, 0xf5, 0x85, 0xf5, 0x85, 0xf5, 0x85, 0xf5, 0x85, 0xf5, 0x65, 0xf5,
        0x65, 0xf5, 0x64, 0xf5, 0x64, 0xf5, 0x64, 0xf5, 0x64, 0xf5, 0x64, 0xf5,
        0x64, 0xf5, 0x64, 0xf5, 0x44, 0xf5, 0x44, 0xf5, 0x44, 0xf5, 0x43, 0xf5,
        0x43, 0xf5, 0x43, 0xf5, 0xca, 0xbc, 0x51, 0x8c, 0xaa, 0xbc, 0x23, 0xf5,
        0x23, 0xf5, 0x23, 0xf5, 0x23, 0xf5, 0x22, 0xf5, 0xa9, 0xbc, 0x51, 0x8c,
        0xa9, 0xbc, 0x07, 0xac, 0xeb, 0x62, 0x4f, 0x53, 0x16, 0x3c, 0x7a, 0x2c,
        0x7a, 0x2c, 0x7b, 0x34, 0x7b, 0x34, 0x7b, 0x34, 0x7b, 0x34, 0x9c, 0x34,
        0x9c, 0x34, 0x9c, 0x3c, 0x9c, 0x3c, 0x9d, 0x3c, 0x9d, 0x3c, 0xbd, 0x3c,
        0xbd, 0x44, 0xbe, 0x44, 0xbe, 0x44, 0xbe, 0x44, 0xbe, 0x44, 0xdf, 0x4c,
        0xdf, 0x4c, 0xdf, 0x4c, 0xf5, 0x5b, 0xeb, 0x62, 0xeb, 0x62, 0xeb, 0x62,
        0xeb, 0x62, 0xeb, 0x62, 0xeb, 0x62, 0xeb, 0x62, 0xeb, 0x62, 0xeb, 0x62,
        0xeb, 0x62, 0xeb, 0x62, 0xeb, 0x62, 0xeb, 0x62, 0xeb, 0x62, 0xeb, 0x62,
        0xeb, 0x62, 0xeb, 0x62, 0xeb, 0x62, 0xeb, 0x62, 0xeb, 0x62, 0xeb, 0x62,
        0xeb, 0x62, 0xeb, 0x62, 0xeb, 0x62, 0xeb, 0x62, 0xeb, 0x62, 0xeb, 0x62,
        0x8c, 0xfe, 0x8c, 0xfe, 0x6c, 0xfe, 0x6c, 0xfe, 0x6b, 0xfe, 0x6b, 0xfe,
        0x6b, 0xfe, 0x6b, 0xfe, 0x6b, 0xfe, 0x6b, 0xfe, 0x4b, 0xfe, 0x4b, 0xfe,
        0x4b, 0xfe, 0x4b, 0xfe, 0x4a, 0xfe, 0x4a, 0xfe, 0x4a, 0xfe, 0x4a, 0xfe,
        0x4a, 0xfe, 0x2a, 0xfe, 0x2a, 0xfe, 0x2a, 0xfe, 0x2a, 0xfe, 0x2a, 0xfe,
        0x29, 0xf6, 0x29, 0xfe, 0x29, 0xf6, 0x29, 0xfe, 0x09, 0xf6, 0x09, 0xf6,
        0x09, 0xf6, 0x09, 0xf6, 0x09, 0xf6, 0x09, 0xf6, 0x08, 0xf6, 0x08, 0xf6,
        0xe8, 0xf5, 0xe8, 0xf5, 0xe8, 0xf5, 0xe8, 0xf5, 0xe8, 0xf5, 0xe8, 0xf5,
        0xe8, 0xf5, 0xe8, 0xf5, 0xe7, 0xf5, 0xc7, 0xf5, 0xc7, 0xf5, 0xc7, 0xf5,
        0xc7, 0xf5, 0xc7, 0xf5, 0xc7, 0xf5, 0xc7, 0xf5, 0xc7, 0xf5, 0xc6, 0xf5,
        0xa6, 0xf5, 0xa6, 0xf5, 0xa6, 0xf5, 0xa6, 0xf5, 0xa6, 0xf5, 0xa6, 0xf5,
        0xa6, 0xf5, 0xa6, 0xf5, 0x86, 0xf5, 0x85, 0xf5, 0x85, 0xf5, 0x85, 0xf5,
        0x85, 0xf5, 0x85, 0xf5, 0x85, 0xf5, 0x85, 0xf5, 0x85, 0xf5, 0x65, 0xf5,
        0x65, 0xf5, 0x64, 0xf5, 0x64, 0xf5, 0x64, 0xf5, 0x64, 0xf5, 0x64, 0xf5,
        0x64, 0xf5, 0x64, 0xf5, 0x44, 0xf5, 0x44, 0xf5, 0x44, 0xf5, 0x43, 0xf5,
        0x43, 0xf5, 0x07, 0xdd, 0x51, 0x8c, 0xca, 0xbc, 0x23, 0xf5, 0x23, 0xf5,
        0x23, 0xf5, 0x23, 0xf5, 0x23, 0xf5, 0xa9, 0xbc, 0x51, 0x8c, 0xa9, 0xbc,
        0x22, 0xf5, 0x0b, 0x8c, 0xf6, 0x3b, 0x5a, 0x2c, 0x7a, 0x2c, 0x7a, 0x2c,
        0x7a, 0x2c, 0x7b, 0x34, 0x7b, 0x34, 0x7b, 0x34, 0x9b, 0x34, 0x9c, 0x34,
        0x9c, 0x3c, 0x9c, 0x3c, 0x9c, 0x3c, 0x9d, 0x3c, 0x9d, 0x3c, 0xbd, 0x3c,
        0xbd, 0x44, 0xbe, 0x44, 0xbe, 0x44, 0xbe, 0x44, 0xbe, 0x44, 0xdf, 0x4c,
        0xdf, 0x4c, 0xdf, 0x4c, 0xf5, 0x5b, 0xeb, 0x62, 0xeb, 0x62, 0xeb, 0x62,
        0xeb, 0x62, 0xeb, 0x62, 0xeb, 0x62, 0xeb, 0x62, 0xeb, 0x62, 0xeb, 0x62,
        0xeb, 0x62, 0xeb, 0x62, 0xeb, 0x62, 0xeb, 0x62, 0xeb, 0x62, 0xeb, 0x62,
        0xeb, 0x62, 0xeb, 0x62, 0xeb, 0x62, 0xeb, 0x62, 0xeb, 0x62, 0xeb, 0x62,
        0xeb, 0x62, 0xeb, 0x62, 0xeb, 0x62, 0xeb, 0x62, 0xeb, 0x62, 0xeb, 0x62,
        0x6c, 0xfe, 0x6c, 0xfe, 0x6b, 0xfe, 0x6b, 0xfe, 0x6b, 0xfe, 0x6b, 0xfe,
        0x6b, 0xfe, 0x6b, 0xfe, 0x4b, 0xfe, 0x4b, 0xfe, 0x4b, 0xfe, 0x4b, 0xfe,
        0x4a, 0xfe, 0x4a, 0xfe, 0x4a, 0xfe, 0x4a, 0xfe, 0x4a, 0xfe, 0x2a, 0xfe,
        0x2a, 0xfe, 0x2a, 0xfe, 0x2a, 0xf6, 0x2a, 0xfe, 0x29, 0xf6, 0x29, 0xf6,
        0x29, 0xf6, 0x29, 0xf6, 0x09, 0xf6, 0x09, 0xf6, 0x09, 0xf6, 0x09, 0xf6,
        0x09, 0xf6, 0x09, 0xf6, 0x08, 0xf6, 0x08, 0xf6, 0xe8, 0xf5, 0xe8, 0xf5,
        0xe8, 0xf5, 0xe8, 0xf5, 0xe8, 0xf5, 0xe8, 0xf5, 0xe8, 0xf5, 0xe8, 0xf5,
        0xe7, 0xf5, 0xc7, 0xf5, 0xc7, 0xf5, 0xc7, 0xf5, 0xc7, 0xf5, 0xc7, 0xf5,
        0xc7, 0xf5, 0xc7, 0xf5, 0xc7, 0xf5, 0xc7, 0xf5, 0xa6, 0xf5, 0xa6, 0xf5,
        0xa6, 0xf5, 0xa6, 0xf5, 0xa6, 0xf5, 0xa6, 0xf5, 0xa6, 0xf5, 0xa6, 0xf5,
        0x86, 0xf5, 0x86, 0xf5, 0x85, 0xf5, 0x85, 0xf5, 0x85, 0xf5, 0x85, 0xf5,
        0x85, 0xf5, 0x85, 0xf5, 0x85, 0xf5, 0x65, 0xf5, 0x65, 0xf5, 0x65, 0xf5,
        0x64, 0xf5, 0x64, 0xf5, 0x64, 0xf5, 0x64, 0xf5, 0x64, 0xf5, 0x64, 0xf5,
        0x44, 0xf5, 0x44, 0xf5, 0x44, 0xf5, 0x43, 0xf5, 0x43, 0xf5, 0x43, 0xf5,
        0x43, 0xf5, 0xca, 0xbc, 0xaa, 0xbc, 0x23, 0xf5, 0x23, 0xf5, 0x23, 0xf5,
        0x23, 0xf5, 0x22, 0xf5, 0xa9, 0xbc, 0x51, 0x8c, 0xa9, 0xbc, 0xe8, 0xbc,
        0x93, 0x5c, 0x59, 0x24, 0x59, 0x2c, 0x5a, 0x2c, 0x5a, 0x2c, 0x7a, 0x2c,
        0x7a, 0x2c, 0x7b, 0x34, 0x7b, 0x34, 0x7b, 0x34, 0x7b, 0x34, 0x9c, 0x34,
        0x9c, 0x34, 0x9c, 0x3c, 0x9c, 0x3c, 0x9d, 0x3c, 0x9d, 0x3c, 0xbd, 0x3c,
        0xbd, 0x44, 0xbe, 0x44, 0xbe, 0x44, 0xbe, 0x44, 0xbe, 0x44, 0xdf, 0x4c,
        0xdf, 0x4c, 0xdf, 0x4c, 0xf5, 0x5b, 0xeb, 0x62, 0xeb, 0x62, 0xeb, 0x62,
        0xeb, 0x62, 0xeb, 0x62, 0xeb, 0x62, 0xeb, 0x62, 0xeb, 0x62, 0xeb, 0x62,
        0xeb, 0x62, 0xeb, 0x62, 0xeb, 0x62, 0xeb, 0x62, 0xeb, 0x62, 0xeb, 0x62,
        0xeb, 0x62, 0xeb, 0x62, 0xeb, 0x62, 0xeb, 0x62, 0xeb, 0x62, 0xeb, 0x62,
        0xeb, 0x62, 0xeb, 0x62, 0xeb, 0x62, 0xeb, 0x62, 0xeb, 0x62, 0xeb, 0x62,
        0x6c, 0xfe, 0x6c, 0xfe, 0x6b, 0xfe, 0x6b, 0xfe, 0x6b, 0xfe, 0x6b, 0xfe,
        0x6b, 0xfe, 0x6b, 0xfe, 0x4b, 0xfe, 0x4b, 0xfe, 0x4b, 0xfe, 0x4b, 0xfe,
        0x4a, 0xfe, 0x4a, 0xfe, 0x4a, 0xfe, 0x4a, 0xfe, 0x4a, 0xfe, 0x2a, 0xfe,
        0x2a, 0xfe, 0x2a, 0xfe, 0x2a, 0xfe, 0x2a, 0xfe, 0x29, 0xfe, 0x29, 0xfe,
        0x29, 0xf6, 0x29, 0xfe, 0x09, 0xf6, 0x09, 0xfe, 0x09, 0xf6, 0x09, 0xf6,
        0x09, 0xf6, 0x09, 0xf6, 0x08, 0xf6, 0x08, 0xf6, 0xe8, 0xf5, 0xe8, 0xf5,
        0xe8, 0xf5, 0xe8, 0xf5, 0xe8, 0xf5, 0xe8, 0xf5, 0xe8, 0xf5, 0xe8, 0xf5,
        0xe7, 0xf5, 0xe7, 0xf5, 0xc7, 0xf5, 0xc7, 0xf5, 0xc7, 0xf5, 0xc7, 0xf5,
        0xc7, 0xf5, 0xc7, 0xf5, 0xc7, 0xf5, 0xc7, 0xf5, 0xa6, 0xf5, 0xa6, 0xf5,
        0xa6, 0xf5, 0xa6, 0xf5, 0xa6, 0xf5, 0xa6, 0xf5, 0xa6, 0xf5, 0xa6, 0xf5,
        0x86, 0xf5, 0x85, 0xf5, 0x85, 0xf5, 0x85, 0xf5, 0x85, 0xf5, 0x85, 0xf5,
        0x85, 0xf5, 0x85, 0xf5, 0x85, 0xf5, 0x65, 0xf5, 0x65, 0xf5, 0x64, 0xf5,
        0x64, 0xf5, 0x64, 0xf5, 0x64, 0xf5, 0x64, 0xf5, 0x64, 0xf5, 0x64, 0xf5,
        0x44, 0xf5, 0x44, 0xf5, 0x44, 0xf5, 0x43, 0xf5, 0x43, 0xf5, 0x43, 0xf5,
        0x43, 0xf5, 0x06, 0xdd, 0x23, 0xf5, 0x23, 0xf5, 0x23, 0xf5, 0x23, 0xf5,
        0x23, 0xf5, 0xa9, 0xbc, 0x51, 0x8c, 0xa9, 0xbc, 0x22, 0xf5, 0xad, 0x8c,
        0xad, 0x8c, 0x59, 0x24, 0x59, 0x2c, 0x5a, 0x2c, 0x7a, 0x2c, 0x7a, 0x2c,
        0x7a, 0x2c, 0x7b, 0x34, 0x7b, 0x34, 0x7b, 0x34, 0x9b, 0x34, 0x9c, 0x34,
        0x9c, 0x3c, 0x9c, 0x3c, 0x9c, 0x3c, 0x9d, 0x3c, 0xbd, 0x3c, 0xbd, 0x44,
        0xbd, 0x44, 0xbe, 0x44, 0xbe, 0x44, 0xbe, 0x44, 0xde, 0x44, 0xdf, 0x4c,
        0xdf, 0x4c, 0xdf, 0x4c, 0xf5, 0x5b, 0xeb, 0x62, 0xeb, 0x62, 0xeb, 0x62,
        0xeb, 0x62, 0xeb, 0x62, 0xeb, 0x62, 0xeb, 0x62, 0xeb, 0x62, 0xeb, 0x62,
        0xeb, 0x62, 0xeb, 0x62, 0xeb, 0x62, 0xeb, 0x62, 0xeb, 0x62, 0xeb, 0x62,
        0xeb, 0x62, 0xeb, 0x62, 0xeb, 0x62, 0xeb, 0x62, 0xeb, 0x62, 0xeb, 0x62,
        0xeb, 0x62, 0xeb, 0x62, 0xeb, 0x62, 0xeb, 0x62, 0xeb, 0x62, 0xeb, 0x62,
        0x6b, 0xfe, 0x6b, 0xfe, 0x6b, 0xfe, 0x6b, 0xfe, 0x6b, 0xfe, 0x6b, 0xfe,
        0x4b, 0xfe, 0x4b, 0xfe, 0x4b, 0xfe, 0x4b, 0xfe, 0x4a, 0xfe, 0x4a, 0xfe,
        0x4a, 0xfe, 0x4a, 0xfe, 0x4a, 0xfe, 0x2a, 0xfe, 0x2a, 0xf6, 0x2a, 0xfe,
        0x2a, 0xf6, 0x2a, 0xf6, 0x29, 0xf6, 0x29, 0xf6, 0x29, 0xf6, 0x29, 0xf6,
        0x09, 0xf6, 0x09, 0xf6, 0x09, 0xf6, 0x09, 0xf6, 0x09, 0xf6, 0x09, 0xf6,
        0x08, 0xf6, 0x08, 0xf6, 0xe8, 0xf5, 0xe8, 0xf5, 0xe8, 0xf5, 0xe8, 0xf5,
        0xe8, 0xf5, 0xe8, 0xf5, 0xe8, 0xf5, 0xe8, 0xf5, 0xe7, 0xf5, 0xc7, 0xf5,
        0xc7, 0xf5, 0xc7, 0xf5, 0xc7, 0xf5, 0xc7, 0xf5, 0xc7, 0xf5, 0xc7, 0xf5,
        0xc7, 0xf5, 0xc7, 0xf5, 0xa6, 0xf5, 0xa6, 0xf5, 0xa6, 0xf5, 0xa6, 0xf5,
        0xa6, 0xf5, 0xa6, 0xf5, 0xa6, 0xf5, 0xa6, 0xf5, 0x86, 0xf5, 0x86, 0xf5,
        0x85, 0xf5, 0x85, 0xf5, 0x85, 0xf5, 0x85, 0xf5, 0x85, 0xf5, 0x85, 0xf5,
        0x85, 0xf5, 0x65, 0xf5, 0x65, 0xf5, 0x65, 0xf5, 0x64, 0xf5, 0x64, 0xf5,
        0x64, 0xf5, 0x64, 0xf5, 0x64, 0xf5, 0x64, 0xf5, 0x44, 0xf5, 0x44, 0xf5,
        0x44, 0xf5, 0x43, 0xf5, 0x43, 0xf5, 0x43, 0xf5, 0x43, 0xf5, 0x43, 0xf5,
        0x23, 0xf5, 0x23, 0xf5, 0x23, 0xf5, 0x23, 0xf5, 0x23, 0xf5, 0x22, 0xf5,
        0xa9, 0xbc, 0x51, 0x8c, 0xa9, 0xbc, 0x02, 0xf5, 0x02, 0xf5, 0x02, 0xf5,
        0x02, 0xf5, 0x30, 0x6c, 0xb2, 0x43, 0x5a, 0x2c, 0x5a, 0x2c, 0x7a, 0x2c,
        0x7a, 0x2c, 0x7b, 0x34, 0x7b, 0x34, 0x7b, 0x34, 0x7b, 0x34, 0x9c, 0x34,
        0x9c, 0x34, 0x9c, 0x3c, 0x9c, 0x3c, 0x9d, 0x3c, 0x9d, 0x3c, 0xbd, 0x3c,
        0xbd, 0x44, 0xbe, 0x44, 0xbe, 0x44, 0xbe, 0x44, 0xbe, 0x44, 0xdf, 0x4c,
        0xdf, 0x4c, 0xdf, 0x4c, 0xf5, 0x5b, 0xeb, 0x62, 0xeb, 0x62, 0xeb, 0x62,
        0xeb, 0x62, 0xeb, 0x62, 0xeb, 0x62, 0xeb, 0x62, 0xeb, 0x62, 0xeb, 0x62,
        0xeb, 0x62, 0xeb, 0x62, 0xeb, 0x62, 0xeb, 0x62, 0xeb, 0x62, 0xeb, 0x62,
        0xeb, 0x62, 0xeb, 0x62, 0xeb, 0x62, 0xeb, 0x62, 0xeb, 0x62, 0xeb, 0x62,
        0xeb, 0x62, 0xeb, 0x62, 0xeb, 0x62, 0xeb, 0x62, 0xeb, 0x62, 0xeb, 0x62,
        0x6b, 0xfe, 0x6b, 0xfe, 0x6b, 0xfe, 0x6b, 0xfe, 0x6b, 0xfe, 0x6b, 0xfe,
        0x4b, 0xfe, 0x4b, 0xfe, 0x4b, 0xfe, 0x4b, 0xfe, 0x4a, 0xfe, 0x4a, 0xfe,
        0x4a, 0xfe, 0x4a, 0xfe, 0x4a, 0xfe, 0x2a, 0xfe, 0x2a, 0xfe, 0x2a, 0xfe,
        0x2a, 0xfe, 0x2a, 0xfe, 0x29, 0xfe, 0x29, 0xfe, 0x29, 0xf6, 0x29, 0xfe,
        0x09, 0xf6, 0x09, 0xf6, 0x09, 0xf6, 0x09, 0xf6, 0x09, 0xf6, 0x09, 0xf6,
        0x08, 0xf6, 0x08, 0xf6, 0xe8, 0xf5, 0xe8, 0xf5, 0xe8, 0xf5, 0xe8, 0xf5,
        0xe8, 0xf5, 0xe8, 0xf5, 0xe8, 0xf5, 0xe8, 0xf5, 0xe7, 0xf5, 0xc7, 0xf5,
        0xc7, 0xf5, 0xc7, 0xf5, 0xc7, 0xf5, 0xc7, 0xf5, 0xc7, 0xf5, 0xc7, 0xf5,
        0xc7, 0xf5, 0xc6, 0xf5, 0xa6, 0xf5, 0xa6, 0xf5, 0xa6, 0xf5, 0xa6, 0xf5,
        0xa6, 0xf5, 0xa6, 0xf5, 0xa6, 0xf5, 0xa6, 0xf5, 0x86, 0xf5, 0x85, 0xf5,
        0x85, 0xf5, 0x85, 0xf5, 0x85, 0xf5, 0x85, 0xf5, 0x85, 0xf5, 0x85, 0xf5,
        0x85, 0xf5, 0x65, 0xf5, 0x65, 0xf5, 0x64, 0xf5, 0x64, 0xf5, 0x64, 0xf5,
        0x64, 0xf5, 0x64, 0xf5, 0x64, 0xf5, 0x64, 0xf5, 0x44, 0xf5, 0x44, 0xf5,
        0x44, 0xf5, 0x43, 0xf5, 0x43, 0xf5, 0x43, 0xf5, 0x43, 0xf5, 0x43, 0xf5,
        0x23, 0xf5, 0x23, 0xf5, 0x23, 0xf5, 0x23, 0xf5, 0x23, 0xf5, 0xa9, 0xbc,
        0x51, 0x8c, 0xa9, 0xbc, 0x22, 0xf5, 0x02, 0xf5, 0x02, 0xf5, 0x02, 0xf5,
        0x02, 0xf5, 0x09, 0xa4, 0xeb, 0x62, 0xb3, 0x4b, 0xb3, 0x4b, 0x7a, 0x2c,
        0x7a, 0x2c, 0x7b, 0x34, 0x7b, 0x34, 0x7b, 0x34, 0x9b, 0x34, 0x9c, 0x34,
        0x9c, 0x3c, 0x9c, 0x3c, 0x9c, 0x3c, 0x9d, 0x3c, 0x9d, 0x3c, 0xbd, 0x3c,
        0xbd, 0x44, 0xbe, 0x44, 0xbe, 0x44, 0xbe, 0x44, 0xbe, 0x44, 0xdf, 0x4c,
        0xdf, 0x4c, 0xdf, 0x4c, 0xf5, 0x5b, 0xeb, 0x62, 0xeb, 0x62, 0xeb, 0x62,
        0xeb, 0x62, 0xeb, 0x62, 0xeb, 0x62, 0xeb, 0x62, 0xeb, 0x62, 0xeb, 0x62,
        0xeb, 0x62, 0xeb, 0x62, 0xeb, 0x62, 0xeb, 0x62, 0xeb, 0x62, 0xeb, 0x62,
        0xeb, 0x62, 0xeb, 0x62, 0xeb, 0x62, 0xeb, 0x62, 0xeb, 0x62, 0xeb, 0x62,
        0xeb, 0x62, 0xeb, 0x62, 0xeb, 0x62, 0xeb, 0x62, 0xeb, 0x62, 0xeb, 0x62,
        0x6b, 0xfe, 0x6b, 0xfe, 0x6b, 0xfe, 0x6b, 0xfe, 0x4b, 0xfe, 0x4b, 0xfe,
        0x4b, 0xfe, 0x4b, 0xfe, 0x4a, 0xfe, 0x4a, 0xfe, 0x4a, 0xfe, 0x4a, 0xfe,
        0x4a, 0xfe, 0x2a, 0xfe, 0x2a, 0xfe, 0x2a, 0xfe, 0x2a, 0xf6, 0x2a, 0xfe,
        0x29, 0xf6, 0x29, 0xf6, 0x29, 0xf6, 0x29, 0xf6, 0x09, 0xf6, 0x09, 0xf6,
        0x09, 0xf6, 0x09, 0xf6, 0x09, 0xf6, 0x09, 0xf6, 0x08, 0xf6, 0x08, 0xf6,
        0xe8, 0xf5, 0xe8, 0xf5, 0xe8, 0xf5, 0xe8, 0xf5, 0xe8, 0xf5, 0xe8, 0xf5,
        0xe8, 0xf5, 0xe8, 0xf5, 0xe7, 0xf5, 0xe7, 0xf5, 0xc7, 0xf5, 0xc7, 0xf5,
        0xc7, 0xf5, 0xc7, 0xf5, 0xc7, 0xf5, 0xc7, 0xf5, 0xc7, 0xf5, 0xc7, 0xf5,
        0xa6, 0xf5, 0xa6, 0xf5, 0xa6, 0xf5, 0xa6, 0xf5, 0xa6, 0xf5, 0xa6, 0xf5,
        0xa6, 0xf5, 0xa6, 0xf5, 0x86, 0xf5, 0x86, 0xf5, 0x85, 0xf5, 0x85, 0xf5,
        0x85, 0xf5, 0x85, 0xf5, 0x85, 0xf5, 0x85, 0xf5, 0x85, 0xf5, 0x65, 0xf5,
        0x65, 0xf5, 0x65, 0xf5, 0x64, 0xf5, 0x64, 0xf5, 0x64, 0xf5, 0x64, 0xf5,
        0x64, 0xf5, 0x64, 0xf5, 0x44, 0xf5, 0x44, 0xf5, 0x44, 0xf5, 0x44, 0xf5,
        0x43, 0xf5, 0x43, 0xf5, 0x43, 0xf5, 0x43, 0xf5, 0x23, 0xf5, 0x23, 0xf5,
        0x23, 0xf5, 0x23, 0xf5, 0x23, 0xf5, 0x22, 0xf5, 0xa9, 0xbc, 0x51, 0x8c,
        0xa9, 0xbc, 0x22, 0xf5, 0x02, 0xf5, 0x02, 0xf5, 0x02, 0xf5, 0x02, 0xf5,
        0xa9, 0xbc, 0x0c, 0x9c, 0xeb, 0x62, 0xeb, 0x62, 0xeb, 0x62, 0xb3, 0x4b,
        0xb3, 0x4b, 0x7b, 0x34, 0x7b, 0x34, 0x7b, 0x34, 0x7b, 0x34, 0x9c, 0x34,
        0x9c, 0x34, 0x9c, 0x3c, 0x9c, 0x3c, 0x9d, 0x3c, 0x9d, 0x3c, 0xbd, 0x3c,
        0xbd, 0x44, 0xbe, 0x44, 0xbe, 0x44, 0xbe, 0x44, 0xbe, 0x44, 0xdf, 0x4c,
        0xdf, 0x4c, 0xdf, 0x4c, 0xf5, 0x5b, 0xeb, 0x62, 0xeb, 0x62, 0xeb, 0x62,
        0xeb, 0x62, 0xeb, 0x62, 0xeb, 0x62, 0xeb, 0x62, 0xeb, 0x62, 0xeb, 0x62,
        0xeb, 0x62, 0xeb, 0x62, 0xeb, 0x62, 0xeb, 0x62, 0xeb, 0x62, 0xeb, 0x62,
        0xeb, 0x62, 0xeb, 0x62, 0xeb, 0x62, 0xeb, 0x62, 0xeb, 0x62, 0xeb, 0x62,
        0xeb, 0x62, 0xeb, 0x62, 0xeb, 0x62, 0xeb, 0x62, 0xeb, 0x62, 0xeb, 0x62,
        0x6b, 0xfe, 0x6b, 0xfe, 0x6b, 0xfe, 0x6b, 0xfe, 0x4b, 0xfe, 0x4b, 0xfe,
        0x4b, 0xfe, 0x4b, 0xfe, 0x4a, 0xfe, 0x4a, 0xfe, 0x4a, 0xfe, 0x4a, 0xfe,
        0x4a, 0xfe, 0x4a, 0xfe, 0x2a, 0xfe, 0x2a, 0xfe, 0x2a, 0xfe, 0x2a, 0xfe,
        0x29, 0xfe, 0x29, 0xfe, 0x29, 0xf6, 0x29, 0xfe, 0x09, 0xf6, 0x09, 0xfe,
        0x09, 0xf6, 0x09, 0xf6, 0x09, 0xf6, 0x09, 0xf6, 0x08, 0xf6, 0x08, 0xf6,
        0xe8, 0xf5, 0xe8, 0xf5, 0xe8, 0xf5, 0xe8, 0xf5, 0xe8, 0xf5, 0xe8, 0xf5,
        0xe8, 0xf5, 0xe8, 0xf5, 0xe7, 0xf5, 0xe7, 0xf5, 0xc7, 0xf5, 0xc7, 0xf5,
        0xc7, 0xf5, 0xc7, 0xf5, 0xc7, 0xf5, 0xc7, 0xf5, 0xc7, 0xf5, 0xc7, 0xf5,
        0xa6, 0xf5, 0xa6, 0xf5, 0xa6, 0xf5, 0xa6, 0xf5, 0xa6, 0xf5, 0xa6, 0xf5,
        0xa6, 0xf5, 0xa6, 0xf5, 0x86, 0xf5, 0x85, 0xf5, 0x85, 0xf5, 0x85, 0xf5,
        0x85, 0xf5, 0x85, 0xf5, 0x85, 0xf5, 0x85, 0xf5, 0x85, 0xf5, 0x65, 0xf5,
        0x65, 0xf5, 0x64, 0xf5, 0x64, 0xf5, 0x64, 0xf5, 0x64, 0xf5, 0x64, 0xf5,
        0x64, 0xf5, 0x64, 0xf5, 0x44, 0xf5, 0x44, 0xf5, 0x44, 0xf5, 0x43, 0xf5,
        0x43, 0xf5, 0x43, 0xf5, 0x43, 0xf5, 0x43, 0xf5, 0x23, 0xf5, 0x23, 0xf5,
        0x23, 0xf5, 0x23, 0xf5, 0x23, 0xf5, 0xa9, 0xbc, 0x51, 0x8c, 0xa9, 0xbc,
        0x22, 0xf5, 0x22, 0xf5, 0x02, 0xf5, 0x02, 0xf5, 0x02, 0xf5, 0xa9, 0xbc,
        0x51, 0x8c, 0x09, 0xa4, 0xeb, 0x62, 0xeb, 0x62, 0xeb, 0x62, 0xeb, 0x62,
        0xeb, 0x62, 0xb3, 0x4b, 0xb3, 0x4b, 0x7b, 0x34, 0x9b, 0x34, 0x9c, 0x34,
        0x9c, 0x3c, 0x9c, 0x3c, 0x9c, 0x3c, 0x9d, 0x3c, 0xbd, 0x3c, 0xbd, 0x44,
        0xbd, 0x44, 0xbe, 0x44, 0xbe, 0x44, 0xbe, 0x44, 0xde, 0x44, 0xdf, 0x4c,
        0xdf, 0x4c, 0xdf, 0x4c, 0xf5, 0x5b, 0xeb, 0x62, 0xeb, 0x62, 0xeb, 0x62,
        0xeb, 0x62, 0xeb, 0x62, 0xeb, 0x62, 0xeb, 0x62, 0xeb, 0x62, 0xeb, 0x62,
        0xeb, 0x62, 0xeb, 0x62, 0xeb, 0x62, 0xeb, 0x62, 0xeb, 0x62, 0xeb, 0x62,
        0xeb, 0x62, 0xeb, 0x62, 0xeb, 0x62, 0xeb, 0x62, 0xeb, 0x62, 0xeb, 0x62,
        0xeb, 0x62, 0xeb, 0x62, 0xeb, 0x62, 0xeb, 0x62, 0xeb, 0x62, 0xeb, 0x62,
        0x6b, 0xfe, 0x6b, 0xfe, 0x4b, 0xfe, 0x4b, 0xfe, 0x4b, 0xfe, 0x4b, 0xfe,
        0x4a, 0xfe, 0x4a, 0xfe, 0x4a, 0xfe, 0x4a, 0xfe, 0x4a, 0xfe, 0x2a, 0xfe,
        0x2a, 0xf6, 0x2a, 0xfe, 0x2a, 0xf6, 0x2a, 0xf6, 0x29, 0xf6, 0x29, 0xf6,
        0x29, 0xf6, 0x29, 0xf6, 0x09, 0xf6, 0x09, 0xf6, 0x09, 0xf6, 0x09, 0xf6,
        0x09, 0xf6, 0x09, 0xf6, 0x08, 0xf6, 0x08, 0xf6, 0xe8, 0xf5, 0xe8, 0xf5,
        0xe8, 0xf5, 0xe8, 0xf5, 0xe8, 0xf5, 0xe8, 0xf5, 0xe8, 0xf5, 0xe8, 0xf5,
        0xe7, 0xf5, 0xc7, 0xf5, 0xc7, 0xf5, 0xc7, 0xf5, 0xc7, 0xf5, 0xc7, 0xf5,
        0xc7, 0xf5, 0xc7, 0xf5, 0xc7, 0xf5, 0xc7, 0xf5, 0xa6, 0xf5, 0xa6, 0xf5,
        0xa6, 0xf5, 0xa6, 0xf5, 0xa6, 0xf5, 0xa6, 0xf5, 0xa6, 0xf5, 0xa6, 0xf5,
        0x86, 0xf5, 0x86, 0xf5, 0x85, 0xf5, 0x85, 0xf5, 0x85, 0xf5, 0x85, 0xf5,
        0x85, 0xf5, 0x85, 0xf5, 0x85, 0xf5, 0x65, 0xf5, 0x65, 0xf5, 0x64, 0xf5,
        0x64, 0xf5, 0x64, 0xf5, 0x64, 0xf5, 0x64, 0xf5, 0x64, 0xf5, 0x64, 0xf5,
        0x44, 0xf5, 0x44, 0xf5, 0x44, 0xf5, 0x43, 0xf5, 0x43, 0xf5, 0x43, 0xf5,
        0x43, 0xf5, 0x43, 0xf5, 0x23, 0xf5, 0x23, 0xf5, 0x23, 0xf5, 0x23, 0xf5,
        0x23, 0xf5, 0x22, 0xf5, 0xa9, 0xbc, 0x51, 0x8c, 0xa9, 0xbc, 0x02, 0xf5,
        0x02, 0xf5, 0x02, 0xf5, 0x02, 0xf5, 0x02, 0xf5, 0xa9, 0xbc, 0x51, 0x8c,
        0xa9, 0xbc, 0xe6, 0xab, 0xeb, 0x62, 0xeb, 0x62, 0xeb, 0x62, 0xeb, 0x62,
        0xeb, 0x62, 0xeb, 0x62, 0xeb, 0x62, 0xb3, 0x4b, 0xb3, 0x4b, 0x9c, 0x34,
        0x9c, 0x34, 0x9c, 0x3c, 0x9c, 0x3c, 0x9d, 0x3c, 0x9d, 0x3c, 0xbd, 0x3c,
        0xbd, 0x44, 0xbe, 0x44, 0xbe, 0x44, 0xbe, 0x44, 0xbe, 0x44, 0xdf, 0x4c,
        0xdf, 0x4c, 0xdf, 0x4c, 0xf5, 0x5b, 0xeb, 0x62, 0xeb, 0x62, 0xeb, 0x62,
        0xeb, 0x62, 0xeb, 0x62, 0xeb, 0x62, 0xeb, 0x62, 0xeb, 0x62, 0xeb, 0x62,
        0xeb, 0x62, 0xeb, 0x62, 0xeb, 0x62, 0xeb, 0x62, 0xeb, 0x62, 0xeb, 0x62,
        0xeb, 0x62, 0xeb, 0x62, 0xeb, 0x62, 0xeb, 0x62, 0xeb, 0x62, 0xeb, 0x62,
        0xeb, 0x62, 0xeb, 0x62, 0xeb, 0x62, 0xeb, 0x62, 0xeb, 0x62, 0xeb, 0x62,
        0x6b, 0xfe, 0x6b, 0xfe, 0x4b, 0xfe, 0x4b, 0xfe, 0x4b, 0xfe, 0x4b, 0xfe,
        0x4a, 0xfe, 0x4a, 0xfe, 0x4a, 0xfe, 0x4a, 0xfe, 0x4a, 0xfe, 0x2a, 0xfe,
        0x2a, 0xfe, 0x2a, 0xfe, 0x2a, 0xfe, 0x2a, 0xfe, 0x29, 0xf6, 0x29, 0xfe,
        0x29, 0xf6, 0x29, 0xfe, 0x09, 0xf6, 0x09, 0xf6, 0x09, 0xf6, 0x09, 0xf6,
        0x09, 0xf6, 0x09, 0xf6, 0x08, 0xf6, 0x08, 0xf6, 0xe8, 0xf5, 0xe8, 0xf5,
        0xe8, 0xf5, 0xe8, 0xf5, 0xe8, 0xf5, 0xe8, 0xf5, 0xe8, 0xf5, 0xe8, 0xf5,
        0xe7, 0xf5, 0xc7, 0xf5, 0xc7, 0xf5, 0xc7, 0xf5, 0xc7, 0xf5, 0xc7, 0xf5,
        0xc7, 0xf5, 0xc7, 0xf5, 0xc7, 0xf5, 0xc6, 0xf5, 0xa6, 0xf5, 0xa6, 0xf5,
        0xa6, 0xf5, 0xa6, 0xf5, 0xa6, 0xf5, 0xa6, 0xf5, 0xa6, 0xf5, 0xa6, 0xf5,
        0x86, 0xf5, 0x85, 0xf5, 0x85, 0xf5, 0x85, 0xf5, 0x85, 0xf5, 0x85, 0xf5,
        0x85, 0xf5, 0x85, 0xf5, 0x85, 0xf5, 0x65, 0xf5, 0x65, 0xf5, 0x64, 0xf5,
        0x64, 0xf5, 0x64, 0xf5, 0x64, 0xf5, 0x64, 0xf5, 0x64, 0xf5, 0x64, 0xf5,
        0x44, 0xf5, 0x44, 0xf5, 0x44, 0xf5, 0x43, 0xf5, 0x43, 0xf5, 0x43, 0xf5,
        0x43, 0xf5, 0x43, 0xf5, 0x23, 0xf5, 0x23, 0xf5, 0x23, 0xf5, 0x23, 0xf5,
        0x23, 0xf5, 0xe6, 0xd4, 0x51, 0x8c, 0xa9, 0xbc, 0x22, 0xf5, 0x02, 0xf5,
        0x02, 0xf5, 0x02, 0xf5, 0x02, 0xf5, 0xa9, 0xbc, 0x51, 0x8c, 0xa9, 0xbc,
        0x01, 0xf5, 0xe6, 0xab, 0xeb, 0x62, 0xeb, 0x62, 0xeb, 0x62, 0xeb, 0x62,
        0xeb, 0x62, 0xeb, 0x62, 0xeb, 0x62, 0xeb, 0x62, 0xeb, 0x62, 0xb4, 0x4b,
        0xd4, 0x4b, 0x9c, 0x3c, 0x9c, 0x3c, 0x9d, 0x3c, 0x9d, 0x3c, 0xbd, 0x3c,
        0xbd, 0x44, 0xbe, 0x44, 0xbe, 0x44, 0xbe, 0x44, 0xbe, 0x44, 0xdf, 0x4c,
        0xdf, 0x4c, 0xdf, 0x4c, 0xf5, 0x5b, 0xeb, 0x62, 0xeb, 0x62, 0xeb, 0x62,
        0xeb, 0x62, 0xeb, 0x62, 0xeb, 0x62, 0xeb, 0x62, 0xeb, 0x62, 0xeb, 0x62,
        0xeb, 0x62, 0xeb, 0x62, 0xeb, 0x62, 0xeb, 0x62, 0xeb, 0x62, 0xeb, 0x62,
        0xeb, 0x62, 0xeb, 0x62, 0xeb, 0x62, 0xeb, 0x62, 0xeb, 0x62, 0xeb, 0x62,
        0xeb, 0x62, 0xeb, 0x62, 0xeb, 0x62, 0xeb, 0x62, 0xeb, 0x62, 0xeb, 0x62,
        0x4b, 0xfe, 0x4b, 0xfe, 0x4b, 0xfe, 0x4b, 0xfe, 0x4a, 0xfe, 0x4a, 0xfe,
        0x4a, 0xfe, 0x4a, 0xfe, 0x4a, 0xfe, 0x2a, 0xfe, 0x2a, 0xfe, 0x2a, 0xfe,
        0x2a, 0xf6, 0x2a, 0xfe, 0x29, 0xf6, 0x29, 0xf6, 0x29, 0xf6, 0x29, 0xf6,
        0x09, 0xf6, 0x09, 0xf6, 0x09, 0xf6, 0x09, 0xf6, 0x09, 0xf6, 0x09, 0xf6,
        0x08, 0xf6, 0x08, 0xf6, 0xe8, 0xf5, 0xe8, 0xf5, 0xe8, 0xf5, 0xe8, 0xf5,
        0xe8, 0xf5, 0xe8, 0xf5, 0xe8, 0xf5, 0xe8, 0xf5, 0xe7, 0xf5, 0xc7, 0xf5,
        0xc7, 0xf5, 0xc7, 0xf5, 0xc7, 0xf5, 0xc7, 0xf5, 0xc7, 0xf5, 0xc7, 0xf5,
        0xc7, 0xf5, 0xc7, 0xf5, 0xa6, 0xf5, 0xa6, 0xf5, 0xa6, 0xf5, 0xa6, 0xf5,
        0xa6, 0xf5, 0xa6, 0xf5, 0xa6, 0xf5, 0xa6, 0xf5, 0x86, 0xf5, 0x86, 0xf5,
        0x85, 0xf5, 0x85, 0xf5, 0x85, 0xf5, 0x85, 0xf5, 0x85, 0xf5, 0x85, 0xf5,
        0x85, 0xf5, 0x65, 0xf5, 0x65, 0xf5, 0x65, 0xf5, 0x64, 0xf5, 0x64, 0xf5,
        0x64, 0xf5, 0x64, 0xf5, 0x64, 0xf5, 0x64, 0xf5, 0x44, 0xf5, 0x44, 0xf5,
        0x44, 0xf5, 0x43, 0xf5, 0x43, 0xf5, 0x43, 0xf5, 0x43, 0xf5, 0x43, 0xf5,
        0x23, 0xf5, 0x23, 0xf5, 0x23, 0xf5, 0x23, 0xf5, 0x23, 0xf5, 0x22, 0xf5,
        0x22, 0xf5, 0xa9, 0xbc, 0xa9, 0xbc, 0x22, 0xf5, 0x02, 0xf5, 0x02, 0xf5,
        0x02, 0xf5, 0x02, 0xf5, 0xa9, 0xbc, 0x51, 0x8c, 0xa9, 0xbc, 0x01, 0xf5,
        0xe1, 0xf4, 0xe6, 0xab, 0xeb, 0x62, 0xeb, 0x62, 0xeb, 0x62, 0xeb, 0x62,
        0xeb, 0x62, 0xeb, 0x62, 0xeb, 0x62, 0xeb, 0x62, 0xeb, 0x62, 0xeb, 0x62,
        0xeb, 0x62, 0xd4, 0x53, 0xd4, 0x53, 0x9d, 0x3c, 0x9d, 0x3c, 0xbd, 0x3c,
        0xbd, 0x44, 0xbe, 0x44, 0xbe, 0x44, 0xbe, 0x44, 0xbe, 0x44, 0xdf, 0x4c,
        0xdf, 0x4c, 0xdf, 0x4c, 0xf5, 0x5b, 0xeb, 0x62, 0xeb, 0x62, 0xeb, 0x62,
        0xeb, 0x62, 0xeb, 0x62, 0xeb, 0x62, 0xeb, 0x62, 0xeb, 0x62, 0xeb, 0x62,
        0xeb, 0x62, 0xeb, 0x62, 0xeb, 0x62, 0xeb, 0x62, 0xeb, 0x62, 0xeb, 0x62,
        0xeb, 0x62, 0xeb, 0x62, 0xeb, 0x62, 0xeb, 0x62, 0xeb, 0x62, 0xeb, 0x62,
        0xeb, 0x62, 0xeb, 0x62, 0xeb, 0x62, 0xeb, 0x62, 0xeb, 0x62, 0xeb, 0x62,
        0x4b, 0xfe, 0x4b, 0xfe, 0x4b, 0xfe, 0x4b, 0xfe, 0x4a, 0xfe, 0x4a, 0xfe,
        0x4a, 0xfe, 0x4a, 0xfe, 0x4a, 0xfe, 0x2a, 0xfe, 0x2a, 0xfe, 0x2a, 0xfe,
        0x2a, 0xfe, 0x2a, 0xfe, 0x29, 0xfe, 0x29, 0xfe, 0x29, 0xf6, 0x29, 0xfe,
        0x09, 0xf6, 0x09, 0xfe, 0x09, 0xf6, 0x09, 0xf6, 0x09, 0xf6, 0x09, 0xf6,
        0x08, 0xf6, 0x08, 0xf6, 0xe8, 0xf5, 0xe8, 0xf5, 0xe8, 0xf5, 0xe8, 0xf5,
        0xe8, 0xf5, 0xe8, 0xf5, 0xe8, 0xf5, 0xe8, 0xf5, 0xe7, 0xf5, 0xe7, 0xf5,
        0xc7, 0xf5, 0xc7, 0xf5, 0xc7, 0xf5, 0xc7, 0xf5, 0xc7, 0xf5, 0xc7, 0xf5,
        0xc7, 0xf5, 0xc7, 0xf5, 0xa6, 0xf5, 0xa6, 0xf5, 0xa6, 0xf5, 0xa6, 0xf5,
        0xa6, 0xf5, 0xa6, 0xf5, 0xa6, 0xf5, 0xa6, 0xf5, 0x86, 0xf5, 0x85, 0xf5,
        0x85, 0xf5, 0x85, 0xf5, 0x85, 0xf5, 0x85, 0xf5, 0x85, 0xf5, 0x85, 0xf5,
        0x85, 0xf5, 0x65, 0xf5, 0x65, 0xf5, 0x64, 0xf5, 0x64, 0xf5, 0x64, 0xf5,
        0x64, 0xf5, 0x64, 0xf5, 0x64, 0xf5, 0x64, 0xf5, 0x44, 0xf5, 0x44, 0xf5,
        0x44, 0xf5, 0x43, 0xf5, 0x43, 0xf5, 0x43, 0xf5, 0x43, 0xf5, 0x43, 0xf5,
        0x23, 0xf5, 0x23, 0xf5, 0x23, 0xf5, 0x23, 0xf5, 0x23, 0xf5, 0x22, 0xf5,
        0x22, 0xf5, 0xe6, 0xd4, 0x22, 0xf5, 0x22, 0xf5, 0x02, 0xf5, 0x02, 0xf5,
        0x02, 0xf5, 0xa9, 0xbc, 0x51, 0x8c, 0xa9, 0xbc, 0x01, 0xf5, 0x01, 0xf5,
        0xe1, 0xf4, 0xe6, 0xab, 0xeb, 0x62, 0xeb, 0x62, 0xeb, 0x62, 0xeb, 0x62,
        0xeb, 0x62, 0xeb, 0x62, 0xeb, 0x62, 0xeb, 0x62, 0xeb, 0x62, 0xeb, 0x62,
        0xeb, 0x62, 0xeb, 0x62, 0xeb, 0x62, 0xd4, 0x53, 0xd4, 0x53, 0xbd, 0x44,
        0xbd, 0x44, 0xbe, 0x44, 0xbe, 0x44, 0xbe, 0x44, 0xde, 0x44, 0xdf, 0x4c,
        0xdf, 0x4c, 0xdf, 0x4c, 0xf5, 0x5b, 0xeb, 0x62, 0xeb, 0x62, 0xeb, 0x62,
        0xeb, 0x62, 0xeb, 0x62, 0xeb, 0x62, 0xeb, 0x62, 0xeb, 0x62, 0xeb, 0x62,
        0xeb, 0x62, 0xeb, 0x62, 0xeb, 0x62, 0xeb, 0x62, 0xeb, 0x62, 0xeb, 0x62,
        0xeb, 0x62, 0xeb, 0x62, 0xeb, 0x62, 0xeb, 0x62, 0xeb, 0x62, 0xeb, 0x62,
        0xeb, 0x62, 0xeb, 0x62, 0xeb, 0x62, 0xeb, 0x62, 0xeb, 0x62, 0xeb, 0x62,
        0x4b, 0xfe, 0x4b, 0xfe, 0x4a, 0xfe, 0x4a, 0xfe, 0x4a, 0xfe, 0x4a, 0xfe,
        0x4a, 0xfe, 0x2a, 0xfe, 0x2a, 0xf6, 0x2a, 0xfe, 0x2a, 0xf6, 0x2a, 0xf6,
        0x29, 0xf6, 0x29, 0xf6, 0x29, 0xf6, 0x29, 0xf6, 0x09, 0xf6, 0x09, 0xf6,
        0x09, 0xf6, 0x09, 0xf6, 0x09, 0xf6, 0x09, 0xf6, 0x08, 0xf6, 0x08, 0xf6,
        0xe8, 0xf5, 0xe8, 0xf5, 0xe8, 0xf5, 0xe8, 0xf5, 0xe8, 0xf5, 0xe8, 0xf5,
        0xe8, 0xf5, 0xe8, 0xf5, 0xe7, 0xf5, 0xc7, 0xf5, 0xc7, 0xf5, 0xc7, 0xf5,
        0xc7, 0xf5, 0xc7, 0xf5, 0xc7, 0xf5, 0xc7, 0xf5, 0xc7, 0xf5, 0xc7, 0xf5,
        0xa6, 0xf5, 0xa6, 0xf5, 0xa6, 0xf5, 0xa6, 0xf5, 0xa6, 0xf5, 0xa6, 0xf5,
        0xa6, 0xf5, 0xa6, 0xf5, 0x86, 0xf5, 0x86, 0xf5, 0x85, 0xf5, 0x85, 0xf5,
        0x85, 0xf5, 0x85, 0xf5, 0x85, 0xf5, 0x85, 0xf5, 0x85, 0xf5, 0x65, 0xf5,
        0x65, 0xf5, 0x65, 0xf5, 0x64, 0xf5, 0x64, 0xf5, 0x64, 0xf5, 0x64, 0xf5,
        0x64, 0xf5, 0x64, 0xf5, 0x44, 0xf5, 0x44, 0xf5, 0x44, 0xf5, 0x43, 0xf5,
        0x43, 0xf5, 0x43, 0xf5, 0x43, 0xf5, 0x43, 0xf5, 0x23, 0xf5, 0x23, 0xf5,
        0x23, 0xf5, 0x23, 0xf5, 0x23, 0xf5, 0x22, 0xf5, 0x22, 0xf5, 0x22, 0xf5,
        0x22, 0xf5, 0x02, 0xf5, 0x02, 0xf5, 0x02, 0xf5, 0x02, 0xf5, 0x02, 0xf5,
        0xa9, 0xbc, 0x51, 0x8c, 0xa9, 0xbc, 0x01, 0xf5, 0xe1, 0xf4, 0xe1, 0xf4,
        0xe1, 0xf4, 0xe6, 0xab, 0xeb, 0x62, 0xeb, 0x62, 0xeb, 0x62, 0xeb, 0x62,
        0xeb, 0x62, 0xeb, 0x62, 0xeb, 0x62, 0xeb, 0x62, 0xeb, 0x62, 0xeb, 0x62,
        0xeb, 0x62, 0xeb, 0x62, 0xeb, 0x62, 0xeb, 0x62, 0xeb, 0x62, 0xd4, 0x53,
        0xd4, 0x53, 0xbe, 0x44, 0xbe, 0x44, 0xbe, 0x44, 0xbe, 0x44, 0xdf, 0x4c,
        0xdf, 0x4c, 0xdf, 0x4c, 0xf5, 0x5b, 0xeb, 0x62, 0xeb, 0x62, 0xeb, 0x62,
        0xeb, 0x62, 0xeb, 0x62, 0xeb, 0x62, 0xeb, 0x62, 0xeb, 0x62, 0xeb, 0x62,
        0xeb, 0x62, 0xeb, 0x62, 0xeb, 0x62, 0xeb, 0x62, 0xeb, 0x62, 0xeb, 0x62,
        0xeb, 0x62, 0xeb, 0x62, 0xeb, 0x62, 0xeb, 0x62, 0xeb, 0x62, 0xeb, 0x62,
        0xeb, 0x62, 0xeb, 0x62, 0xeb, 0x62, 0xeb, 0x62, 0xeb, 0x62, 0xeb, 0x62,
        0x4b, 0xfe, 0xcc, 0xdd, 0x4e, 0xc5, 0xcc, 0xdd, 0x4a, 0xfe, 0x4a, 0xfe,
        0x4a, 0xfe, 0x2a, 0xfe, 0x2a, 0xfe, 0xab, 0xdd, 0x2d, 0xc5, 0xab, 0xdd,
        0x29, 0xfe, 0x29, 0xfe, 0x29, 0xf6, 0x29, 0xfe, 0x09, 0xf6, 0xab, 0xdd,
        0x2d, 0xbd, 0x8b, 0xdd, 0x09, 0xf6, 0x09, 0xf6, 0x08, 0xf6, 0x08, 0xf6,
        0xe8, 0xf5, 0x8a, 0xdd, 0x0c, 0xbd, 0x8a, 0xdd, 0xe8, 0xf5, 0xe8, 0xf5,
        0xe8, 0xf5, 0xe8, 0xf5, 0xe7, 0xf5, 0x6a, 0xdd, 0x0c, 0xbd, 0x69, 0xdd,
        0xc7, 0xf5, 0xc7, 0xf5, 0xc7, 0xf5, 0xc7, 0xf5, 0xc7, 0xf5, 0x69, 0xdd,
        0xeb, 0xbc, 0x49, 0xdd, 0xa6, 0xf5, 0xa6, 0xf5, 0xa6, 0xf5, 0xa6, 0xf5,
        0xa6, 0xf5, 0x48, 0xdd, 0xeb, 0xbc, 0x48, 0xdd, 0x85, 0xf5, 0x85, 0xf5,
        0x85, 0xf5, 0x85, 0xf5, 0x85, 0xf5, 0x28, 0xdd, 0xeb, 0xbc, 0x28, 0xdd,
        0x65, 0xf5, 0x64, 0xf5, 0x64, 0xf5, 0x64, 0xf5, 0x64, 0xf5, 0x27, 0xdd,
        0xca, 0xbc, 0x07, 0xdd, 0x44, 0xf5, 0x44, 0xf5, 0x44, 0xf5, 0x43, 0xf5,
        0x43, 0xf5, 0x07, 0xdd, 0xca, 0xbc, 0x06, 0xdd, 0x23, 0xf5, 0x23, 0xf5,
        0x23, 0xf5, 0x23, 0xf5, 0x23, 0xf5, 0xe6, 0xd4, 0xa9, 0xbc, 0xe6, 0xd4,
        0x22, 0xf5, 0x02, 0xf5, 0x02, 0xf5, 0x02, 0xf5, 0x02, 0xf5, 0x8b, 0xac,
        0x51, 0x8c, 0x8b, 0xac, 0xe1, 0xf4, 0xe1, 0xf4, 0xe1, 0xf4, 0xe1, 0xf4,
        0xe1, 0xf4, 0x0b, 0x9c, 0xeb, 0x6a, 0xeb, 0x6a, 0xeb, 0x6a, 0xeb, 0x6a,
        0xeb, 0x6a, 0xeb, 0x6a, 0xeb, 0x62, 0xeb, 0x62, 0xeb, 0x62, 0xeb, 0x62,
        0xeb, 0x62, 0xeb, 0x62, 0xeb, 0x62, 0xeb, 0x62, 0xeb, 0x62, 0xeb, 0x62,
        0xeb, 0x62, 0xd5, 0x53, 0xd5, 0x53, 0xbe, 0x44, 0xbe, 0x44, 0xdf, 0x4c,
        0xdf, 0x4c, 0xdf, 0x4c, 0xf5, 0x5b, 0xeb, 0x62, 0xeb, 0x62, 0xeb, 0x62,
        0xeb, 0x62, 0xeb, 0x62, 0xeb, 0x62, 0xeb, 0x62, 0xeb, 0x62, 0xeb, 0x62,
        0xeb, 0x62, 0xeb, 0x62, 0xeb, 0x62, 0xeb, 0x62, 0xeb, 0x62, 0xeb, 0x62,
        0xeb, 0x62, 0xeb, 0x62, 0xeb, 0x62, 0xeb, 0x62, 0xeb, 0x62, 0xeb, 0x62,
        0xeb, 0x62, 0xeb, 0x62, 0xeb, 0x62, 0xeb, 0x62, 0xeb, 0x62, 0xeb, 0x62,
        0x4d, 0xc5, 0x51, 0x8c, 0x4d, 0xc5, 0x4a, 0xfe, 0x4a, 0xfe, 0x2a, 0xfe,
        0x2a, 0xfe, 0x2a, 0xfe, 0x2d, 0xbd, 0x51, 0x8c, 0x2d, 0xbd, 0x29, 0xf6,
        0x29, 0xf6, 0x29, 0xf6, 0x09, 0xf6, 0x09, 0xf6, 0x2d, 0xbd, 0x51, 0x8c,
        0x2d, 0xbd, 0x09, 0xf6, 0x08, 0xf6, 0x08, 0xf6, 0xe8, 0xf5, 0xe8, 0xf5,
        0x0c, 0xbd, 0x51, 0x8c, 0x0c, 0xbd, 0xe8, 0xf5, 0xe8, 0xf5, 0xe8, 0xf5,
        0xe7, 0xf5, 0xe7, 0xf5, 0x0c, 0xbd, 0x51, 0x8c, 0x0c, 0xbd, 0xc7, 0xf5,
        0xc7, 0xf5, 0xc7, 0xf5, 0xc7, 0xf5, 0xc7, 0xf5, 0xeb, 0xbc, 0x51, 0x8c,
        0xeb, 0xbc, 0xa6, 0xf5, 0xa6, 0xf5, 0xa6, 0xf5, 0xa6, 0xf5, 0xa6, 0xf5,
        0xeb, 0xbc, 0x51, 0x8c, 0xeb, 0xbc, 0x85, 0xf5, 0x85, 0xf5, 0x85, 0xf5,
        0x85, 0xf5, 0x85, 0xf5, 0xeb, 0xbc, 0x51, 0x8c, 0xcb, 0xbc, 0x65, 0xf5,
        0x64, 0xf5, 0x64, 0xf5, 0x64, 0xf5, 0x64, 0xf5, 0xca, 0xbc, 0x51, 0x8c,
        0xca, 0xbc, 0x44, 0xf5, 0x44, 0xf5, 0x44, 0xf5, 0x43, 0xf5, 0x43, 0xf5,
        0xca, 0xbc, 0x51, 0x8c, 0xaa, 0xbc, 0x23, 0xf5, 0x23, 0xf5, 0x23, 0xf5,
        0x23, 0xf5, 0x22, 0xf5, 0xa9, 0xbc, 0x51, 0x8c, 0xa9, 0xbc, 0x22, 0xf5,
        0x02, 0xf5, 0x02, 0xf5, 0x02, 0xf5, 0x02, 0xf5, 0x6d, 0xa4, 0x51, 0x8c,
        0x6d, 0xa4, 0xe1, 0xf4, 0xe1, 0xf4, 0xe1, 0xf4, 0xc1, 0xf4, 0xc1, 0xf4,
        0x4c, 0xa4, 0x0d, 0x94, 0xcb, 0x6a, 0xcb, 0x6a, 0xcb, 0x6a, 0xeb, 0x6a,
        0xeb, 0x62, 0xeb, 0x6a, 0xeb, 0x62, 0xeb, 0x62, 0xeb, 0x62, 0xeb, 0x62,
        0xeb, 0x62, 0xeb, 0x62, 0xeb, 0x62, 0xeb, 0x62, 0xeb, 0x62, 0xeb, 0x62,
        0xeb, 0x62, 0xeb, 0x62, 0xeb, 0x62, 0xd5, 0x53, 0xd5, 0x53, 0xdf, 0x4c,
        0xdf, 0x4c, 0xdf, 0x4c, 0xf5, 0x5b, 0xeb, 0x62, 0xeb, 0x62, 0xeb, 0x62,
        0xeb, 0x62, 0xeb, 0x62, 0xeb, 0x62, 0xeb, 0x62, 0xeb, 0x62, 0xeb, 0x62,
        0xeb, 0x62, 0xeb, 0x62, 0xeb, 0x62, 0xeb, 0x62, 0xeb, 0x62, 0xeb, 0x62,
        0xeb, 0x62, 0xeb, 0x62, 0xeb, 0x62, 0xeb, 0x62, 0xeb, 0x62, 0xeb, 0x62,
        0xeb, 0x62, 0xeb, 0x62, 0xeb, 0x62, 0xeb, 0x62, 0xeb, 0x62, 0xeb, 0x62,
        0x51, 0x8c, 0x4d, 0xc5, 0x4a, 0xfe, 0x4a, 0xfe, 0x4a, 0xfe, 0x4a, 0xfe,
        0x2a, 0xfe, 0x2d, 0xc5, 0x51, 0x8c, 0x2d, 0xc5, 0x29, 0xfe, 0x29, 0xfe,
        0x29, 0xf6, 0x29, 0xfe, 0x09, 0xf6, 0x2d, 0xc5, 0x51, 0x8c, 0x2d, 0xbd,
        0x09, 0xf6, 0x09, 0xf6, 0x08, 0xf6, 0x08, 0xf6, 0xe8, 0xf5, 0x0c, 0xbd,
        0x51, 0x8c, 0x0c, 0xbd, 0xe8, 0xf5, 0xe8, 0xf5, 0xe8, 0xf5, 0xe8, 0xf5,
        0xe7, 0xf5, 0x0c, 0xbd, 0x51, 0x8c, 0x0c, 0xbd, 0xc7, 0xf5, 0xc7, 0xf5,
        0xc7, 0xf5, 0xc7, 0xf5, 0xc7, 0xf5, 0x0c, 0xbd, 0x51, 0x8c, 0xeb, 0xbc,
        0xa6, 0xf5, 0xa6, 0xf5, 0xa6, 0xf5, 0xa6, 0xf5, 0xa6, 0xf5, 0xeb, 0xbc,
        0x51, 0x8c, 0xeb, 0xbc, 0x85, 0xf5, 0x85, 0xf5, 0x85, 0xf5, 0x85, 0xf5,
        0x85, 0xf5, 0xeb, 0xbc, 0x51, 0x8c, 0xcb, 0xbc, 0x65, 0xf5, 0x64, 0xf5,
        0x64, 0xf5, 0x64, 0xf5, 0x64, 0xf5, 0xca, 0xbc, 0x51, 0x8c, 0xca, 0xbc,
        0x44, 0xf5, 0x44, 0xf5, 0x44, 0xf5, 0x43, 0xf5, 0x43, 0xf5, 0xca, 0xbc,
        0x51, 0x8c, 0xca, 0xbc, 0x23, 0xf5, 0x23, 0xf5, 0x23, 0xf5, 0x23, 0xf5,
        0x23, 0xf5, 0xa9, 0xbc, 0x51, 0x8c, 0xa9, 0xbc, 0x22, 0xf5, 0x22, 0xf5,
        0x02, 0xf5, 0x02, 0xf5, 0x02, 0xf5, 0x6d, 0xa4, 0x30, 0x8c, 0x6d, 0xa4,
        0xe1, 0xf4, 0xe1, 0xf4, 0xc1, 0xf4, 0xc1, 0xf4, 0xa1, 0xf4, 0x2c, 0xa4,
        0xef, 0x8b, 0xca, 0xa3, 0xcb, 0x6a, 0xcb, 0x6a, 0xcb, 0x6a, 0xcb, 0x6a,
        0xcb, 0x6a, 0xeb, 0x6a, 0xeb, 0x6a, 0xeb, 0x6a, 0xeb, 0x6a, 0xeb, 0x62,
        0xeb, 0x62, 0xeb, 0x62, 0xeb, 0x62, 0xeb, 0x62, 0xeb, 0x62, 0xeb, 0x62,
        0xeb, 0x62, 0xeb, 0x62, 0xeb, 0x62, 0xeb, 0x62, 0xeb, 0x62, 0xd5, 0x5b,
        0xf5, 0x5b, 0xdf, 0x4c, 0xf5, 0x5b, 0xeb, 0x62, 0xeb, 0x62, 0xeb, 0x62,
        0xeb, 0x62, 0xeb, 0x62, 0xeb, 0x62, 0xeb, 0x62, 0xeb, 0x62, 0xeb, 0x62,
        0xeb, 0x62, 0xeb, 0x62, 0xeb, 0x62, 0xeb, 0x62, 0xeb, 0x62, 0xeb, 0x62,
        0xeb, 0x62, 0xeb, 0x62, 0xeb, 0x62, 0xeb, 0x62, 0xeb, 0x62, 0xeb, 0x62,
        0xeb, 0x62, 0xeb, 0x62, 0xeb, 0x62, 0xeb, 0x62, 0xeb, 0x62, 0xeb, 0x62,
        0x4d, 0xc5, 0x4a, 0xfe, 0x4a, 0xfe, 0x2a, 0xfe, 0x2a, 0xf6, 0x2a, 0xfe,
        0x2d, 0xbd, 0x51, 0x8c, 0x2d, 0xbd, 0x29, 0xf6, 0x29, 0xf6, 0x29, 0xf6,
        0x09, 0xf6, 0x09, 0xf6, 0x2d, 0xbd, 0x51, 0x8c, 0x2d, 0xbd, 0x09, 0xf6,
        0x08, 0xf6, 0x08, 0xf6, 0xe8, 0xf5, 0xe8, 0xf5, 0x0c, 0xbd, 0x51, 0x8c,
        0x0c, 0xbd, 0xe8, 0xf5, 0xe8, 0xf5, 0xe8, 0xf5, 0xe7, 0xf5, 0xc7, 0xf5,
        0x0c, 0xbd, 0x51, 0x8c, 0x0c, 0xbd, 0xc7, 0xf5, 0xc7, 0xf5, 0xc7, 0xf5,
        0xc7, 0xf5, 0xc7, 0xf5, 0xeb, 0xbc, 0x51, 0x8c, 0xeb, 0xbc, 0xa6, 0xf5,
        0xa6, 0xf5, 0xa6, 0xf5, 0xa6, 0xf5, 0xa6, 0xf5, 0xeb, 0xbc, 0x51, 0x8c,
        0xeb, 0xbc, 0x85, 0xf5, 0x85, 0xf5, 0x85, 0xf5, 0x85, 0xf5, 0x85, 0xf5,
        0xeb, 0xbc, 0x51, 0x8c, 0xcb, 0xbc, 0x64, 0xf5, 0x64, 0xf5, 0x64, 0xf5,
        0x64, 0xf5, 0x64, 0xf5, 0xca, 0xbc, 0x51, 0x8c, 0xca, 0xbc, 0x44, 0xf5,
        0x44, 0xf5, 0x43, 0xf5, 0x43, 0xf5, 0x43, 0xf5, 0xca, 0xbc, 0x51, 0x8c,
        0xaa, 0xbc, 0x23, 0xf5, 0x23, 0xf5, 0x23, 0xf5, 0x23, 0xf5, 0x22, 0xf5,
        0xa9, 0xbc, 0x51, 0x8c, 0xa9, 0xbc, 0x02, 0xf5, 0x02, 0xf5, 0x02, 0xf5,
        0x02, 0xf5, 0x02, 0xf5, 0x6d, 0xa4, 0x30, 0x8c, 0x6d, 0xa4, 0xe1, 0xf4,
        0xe1, 0xf4, 0xc1, 0xf4, 0xa1, 0xf4, 0x81, 0xf4, 0xeb, 0xab, 0xae, 0x93,
        0xcb, 0xab, 0x45, 0xb3, 0x8a, 0x72, 0x8a, 0x72, 0xaa, 0x72, 0xaa, 0x72,
        0xcb, 0x6a, 0xcb, 0x6a, 0xcb, 0x6a, 0xeb, 0x62, 0xeb, 0x62, 0xeb, 0x6a,
        0xeb, 0x62, 0xeb, 0x62, 0xeb, 0x62, 0xeb, 0x62, 0xeb, 0x62, 0xeb, 0x62,
        0xeb, 0x62, 0xeb, 0x62, 0xeb, 0x62, 0xeb, 0x62, 0xeb, 0x62, 0xeb, 0x62,
        0xeb, 0x62, 0xd5, 0x5b, 0x70, 0x63, 0xeb, 0x62, 0xeb, 0x62, 0xeb, 0x62,
        0xeb, 0x62, 0xeb, 0x62, 0xeb, 0x62, 0xeb, 0x62, 0xeb, 0x62, 0xeb, 0x62,
        0xeb, 0x62, 0xeb, 0x62, 0xeb, 0x62, 0xeb, 0x62, 0xeb, 0x62, 0xeb, 0x62,
        0xeb, 0x62, 0xeb, 0x62, 0xeb, 0x62, 0xeb, 0x62, 0xeb, 0x62, 0xeb, 0x62,
        0xeb, 0x62, 0xeb, 0x62, 0xeb, 0x62, 0xeb, 0x62, 0xeb, 0x62, 0xeb, 0x62,
        0x4a, 0xfe, 0x4a, 0xfe, 0x4a, 0xfe, 0x2a, 0xfe, 0x2a, 0xfe, 0x2d, 0xc5,
        0x51, 0x8c, 0x2d, 0xc5, 0x29, 0xf6, 0x29, 0xfe, 0x29, 0xf6, 0x29, 0xfe,
        0x09, 0xf6, 0x2d, 0xbd, 0x51, 0x8c, 0x2d, 0xbd, 0x09, 0xf6, 0x09, 0xf6,
        0x08, 0xf6, 0x08, 0xf6, 0xe8, 0xf5, 0x0c, 0xbd, 0x51, 0x8c, 0x0c, 0xbd,
        0xe8, 0xf5, 0xe8, 0xf5, 0xe8, 0xf5, 0xe8, 0xf5, 0xe7, 0xf5, 0x0c, 0xbd,
        0x51, 0x8c, 0x0c, 0xbd, 0xc7, 0xf5, 0xc7, 0xf5, 0xc7, 0xf5, 0xc7, 0xf5,
        0xc7, 0xf5, 0x0b, 0xbd, 0x51, 0x8c, 0xeb, 0xbc, 0xa6, 0xf5, 0xa6, 0xf5,
        0xa6, 0xf5, 0xa6, 0xf5, 0xa6, 0xf5, 0xeb, 0xbc, 0x51, 0x8c, 0xeb, 0xbc,
        0x85, 0xf5, 0x85, 0xf5, 0x85, 0xf5, 0x85, 0xf5, 0x85, 0xf5, 0xeb, 0xbc,
        0x51, 0x8c, 0xcb, 0xbc, 0x65, 0xf5, 0x64, 0xf5, 0x64, 0xf5, 0x64, 0xf5,
        0x64, 0xf5, 0xca, 0xbc, 0x51, 0x8c, 0xca, 0xbc, 0x44, 0xf5, 0x44, 0xf5,
        0x44, 0xf5, 0x43, 0xf5, 0x43, 0xf5, 0xca, 0xbc, 0x51, 0x8c, 0xca, 0xbc,
        0x23, 0xf5, 0x23, 0xf5, 0x23, 0xf5, 0x23, 0xf5, 0x23, 0xf5, 0xa9, 0xbc,
        0x51, 0x8c, 0xa9, 0xbc, 0x22, 0xf5, 0x02, 0xf5, 0x02, 0xf5, 0x02, 0xf5,
        0x02, 0xf5, 0x8b, 0xb4, 0x51, 0x8c, 0x6d, 0xa4, 0xe1, 0xf4, 0xe1, 0xf4,
        0xc1, 0xf4, 0xa1, 0xf4, 0x61, 0xec, 0xcb, 0xab, 0x6d, 0x9b, 0x6a, 0xab,
        0xa0, 0xeb, 0xe4, 0xba, 0x49, 0x82, 0x49, 0x82, 0x69, 0x7a, 0x8a, 0x7a,
        0xaa, 0x72, 0xaa, 0x6a, 0xcb, 0x6a, 0xeb, 0x6a, 0xeb, 0x6a, 0xeb, 0x6a,
        0xeb, 0x62, 0xeb, 0x62, 0xeb, 0x62, 0xeb, 0x62, 0xeb, 0x62, 0xeb, 0x62,
        0xeb, 0x62, 0xeb, 0x62, 0xeb, 0x62, 0xeb, 0x62, 0xeb, 0x62, 0xeb, 0x62,
        0xeb, 0x62, 0xeb, 0x62, 0xeb, 0x62, 0xeb, 0x62, 0xeb, 0x62, 0xeb, 0x62,
        0xeb, 0x62, 0xeb, 0x62, 0xeb, 0x62, 0xeb, 0x62, 0xeb, 0x62, 0xeb, 0x62,
        0xeb, 0x62, 0xeb, 0x62, 0xeb, 0x62, 0xeb, 0x62, 0xeb, 0x62, 0xeb, 0x62,
        0xeb, 0x62, 0xeb, 0x62, 0xeb, 0x62, 0xeb, 0x62, 0xeb, 0x62, 0xeb, 0x62,
        0xeb, 0x62, 0xeb, 0x62, 0xeb, 0x62, 0xeb, 0x62, 0xeb, 0x62, 0xeb, 0x62,
        0x4a, 0xfe, 0x2a, 0xfe, 0x2a, 0xfe, 0x2a, 0xfe, 0x2d, 0xbd, 0x51, 0x8c,
        0x2d, 0xbd, 0x29, 0xf6, 0x29, 0xf6, 0x29, 0xf6, 0x09, 0xf6, 0x09, 0xf6,
        0x2d, 0xbd, 0x51, 0x8c, 0x2d, 0xbd, 0x09, 0xf6, 0x08, 0xf6, 0x08, 0xf6,
        0xe8, 0xf5, 0xe8, 0xf5, 0x0c, 0xbd, 0x51, 0x8c, 0x0c, 0xbd, 0xe8, 0xf5,
        0xe8, 0xf5, 0xe8, 0xf5, 0xe7, 0xf5, 0xc7, 0xf5, 0x0c, 0xbd, 0x51, 0x8c,
        0x0c, 0xbd, 0xc7, 0xf5, 0xc7, 0xf5, 0xc7, 0xf5, 0xc7, 0xf5, 0xc7, 0xf5,
        0xeb, 0xbc, 0x51, 0x8c, 0xeb, 0xbc, 0xa6, 0xf5, 0xa6, 0xf5, 0xa6, 0xf5,
        0xa6, 0xf5, 0xa6, 0xf5, 0xeb, 0xbc, 0x51, 0x8c, 0xeb, 0xbc, 0x85, 0xf5,
        0x85, 0xf5, 0x85, 0xf5, 0x85, 0xf5, 0x85, 0xf5, 0xeb, 0xbc, 0x51, 0x8c,
        0xcb, 0xbc, 0x65, 0xf5, 0x64, 0xf5, 0x64, 0xf5, 0x64, 0xf5, 0x64, 0xf5,
        0xca, 0xbc, 0x51, 0x8c, 0xca, 0xbc, 0x44, 0xf5, 0x44, 0xf5, 0x43, 0xf5,
        0x43, 0xf5, 0x43, 0xf5, 0xca, 0xbc, 0x51, 0x8c, 0xaa, 0xbc, 0x23, 0xf5,
        0x23, 0xf5, 0x23, 0xf5, 0x23, 0xf5, 0x22, 0xf5, 0xa9, 0xbc, 0x51, 0x8c,
        0xa9, 0xbc, 0x22, 0xf5, 0x02, 0xf5, 0x02, 0xf5, 0x02, 0xf5, 0x02, 0xf5,
        0xa9, 0xbc, 0x51, 0x8c, 0x6d, 0xa4, 0xe1, 0xf4, 0xe1, 0xf4, 0xc1, 0xf4,
        0x81, 0xf4, 0x41, 0xec, 0xaa, 0xab, 0x4d, 0x9b, 0x29, 0xb3, 0x20, 0xeb,
        0x42, 0xeb, 0xa6, 0xca, 0x49, 0xa2, 0xe7, 0x91, 0x08, 0x8a, 0x28, 0x82,
        0x69, 0x7a, 0x8a, 0x72, 0xaa, 0x6a, 0xcb, 0x6a, 0xcb, 0x6a, 0xeb, 0x6a,
        0xeb, 0x62, 0xeb, 0x62, 0xeb, 0x62, 0xeb, 0x62, 0xeb, 0x62, 0xeb, 0x62,
        0xeb, 0x62, 0xeb, 0x62, 0xeb, 0x62, 0xeb, 0x62, 0xeb, 0x62, 0xeb, 0x62,
        0xeb, 0x62, 0xeb, 0x62, 0xeb, 0x62, 0xeb, 0x62, 0xeb, 0x62, 0xeb, 0x62,
        0xeb, 0x62, 0xeb, 0x62, 0xeb, 0x62, 0xeb, 0x62, 0xeb, 0x62, 0xeb, 0x62,
        0xeb, 0x62, 0xeb, 0x62, 0xeb, 0x62, 0xeb, 0x62, 0xeb, 0x62, 0xeb, 0x62,
        0xeb, 0x62, 0xeb, 0x62, 0xeb, 0x62, 0xeb, 0x62, 0xeb, 0x62, 0xeb, 0x62,
        0xeb, 0x62, 0xeb, 0x62, 0xeb, 0x62, 0xeb, 0x62, 0xeb, 0x62, 0xeb, 0x62,
        0x4a, 0xfe, 0x2a, 0xfe, 0x2a, 0xfe, 0x2d, 0xc5, 0x51, 0x8c, 0x2d, 0xc5,
        0x29, 0xfe, 0x29, 0xfe, 0x29, 0xf6, 0x29, 0xfe, 0x09, 0xf6, 0x2d, 0xc5,
        0x51, 0x8c, 0x2d, 0xbd, 0x09, 0xf6, 0x09, 0xf6, 0x08, 0xf6, 0x08, 0xf6,
        0xe8, 0xf5, 0x0c, 0xbd, 0x51, 0x8c, 0x0c, 0xbd, 0xe8, 0xf5, 0xe8, 0xf5,
        0xe8, 0xf5, 0xe8, 0xf5, 0xe7, 0xf5, 0x0c, 0xbd, 0x51, 0x8c, 0x0c, 0xbd,
        0xc7, 0xf5, 0xc7, 0xf5, 0xc7, 0xf5, 0xc7, 0xf5, 0xc7, 0xf5, 0x0c, 0xbd,
        0x51, 0x8c, 0xeb, 0xbc, 0xa6, 0xf5, 0xa6, 0xf5, 0xa6, 0xf5, 0xa6, 0xf5,
        0xa6, 0xf5, 0xeb, 0xbc, 0x51, 0x8c, 0xeb, 0xbc, 0x85, 0xf5, 0x85, 0xf5,
        0x85, 0xf5, 0x85, 0xf5, 0x85, 0xf5, 0xeb, 0xbc, 0x51, 0x8c, 0xcb, 0xbc,
        0x65, 0xf5, 0x64, 0xf5, 0x64, 0xf5, 0x64, 0xf5, 0x64, 0xf5, 0xca, 0xbc,
        0x51, 0x8c, 0xca, 0xbc, 0x44, 0xf5, 0x44, 0xf5, 0x44, 0xf5, 0x43, 0xf5,
        0x43, 0xf5, 0xca, 0xbc, 0x51, 0x8c, 0xca, 0xbc, 0x23, 0xf5, 0x23, 0xf5,
        0x23, 0xf5, 0x23, 0xf5, 0x23, 0xf5, 0xa9, 0xbc, 0x51, 0x8c, 0xa9, 0xbc,
        0x22, 0xf5, 0x22, 0xf5, 0x02, 0xf5, 0x02, 0xf5, 0x02, 0xf5, 0xa9, 0xbc,
        0x51, 0x8c, 0x8b, 0xb4, 0xe1, 0xf4, 0xe1, 0xf4, 0xc1, 0xf4, 0xa1, 0xf4,
        0x41, 0xec, 0x8a, 0xab, 0x2c, 0xa3, 0xe8, 0xb2, 0xc5, 0xf2, 0x88, 0xfa,
        0x69, 0xfa, 0x69, 0xfa, 0x69, 0xfa, 0x69, 0xf2, 0x49, 0xca, 0xe7, 0x91,
        0x28, 0x82, 0x69, 0x7a, 0x8a, 0x72, 0xaa, 0x6a, 0xcb, 0x6a, 0xeb, 0x6a,
        0xeb, 0x6a, 0xeb, 0x6a, 0xeb, 0x62, 0xeb, 0x62, 0xeb, 0x62, 0xeb, 0x62,
        0xeb, 0x62, 0xeb, 0x62, 0xeb, 0x62, 0xeb, 0x62, 0xeb, 0x62, 0xeb, 0x62,
        0xeb, 0x62, 0xeb, 0x62, 0xeb, 0x62, 0xeb, 0x62, 0xeb, 0x62, 0xeb, 0x62,
        0xeb, 0x62, 0xeb, 0x62, 0xeb, 0x62, 0xeb, 0x62, 0xeb, 0x62, 0xeb, 0x62,
        0xeb, 0x62, 0xeb, 0x62, 0xeb, 0x62, 0xeb, 0x62, 0xeb, 0x62, 0xeb, 0x62,
        0xeb, 0x62, 0xeb, 0x62, 0xeb, 0x62, 0xeb, 0x62, 0xeb, 0x62, 0xeb, 0x62,
        0xeb, 0x62, 0xeb, 0x62, 0xeb, 0x62, 0xeb, 0x62, 0xeb, 0x62, 0xeb, 0x62,
        0x2a, 0xf6, 0x2a, 0xfe, 0x2d, 0xbd, 0x51, 0x8c, 0x2d, 0xbd, 0x29, 0xf6,
        0x29, 0xf6, 0x29, 0xf6, 0x09, 0xf6, 0x09, 0xf6, 0x2d, 0xbd, 0x51, 0x8c,
        0x2d, 0xbd, 0x09, 0xf6, 0x08, 0xf6, 0x08, 0xf6, 0xe8, 0xf5, 0xe8, 0xf5,
        0x0c, 0xbd, 0x51, 0x8c, 0x0c, 0xbd, 0xe8, 0xf5, 0xe8, 0xf5, 0xe8, 0xf5,
        0xe7, 0xf5, 0xc7, 0xf5, 0x0c, 0xbd, 0x51, 0x8c, 0x0c, 0xbd, 0xc7, 0xf5,
        0xc7, 0xf5, 0xc7, 0xf5, 0xc7, 0xf5, 0xc7, 0xf5, 0xeb, 0xbc, 0x51, 0x8c,
        0xeb, 0xbc, 0xa6, 0xf5, 0xa6, 0xf5, 0xa6, 0xf5, 0xa6, 0xf5, 0xa6, 0xf5,
        0xeb, 0xbc, 0x51, 0x8c, 0xeb, 0xbc, 0x85, 0xf5, 0x85, 0xf5, 0x85, 0xf5,
        0x85, 0xf5, 0x85, 0xf5, 0xeb, 0xbc, 0x51, 0x8c, 0xcb, 0xbc, 0x65, 0xf5,
        0x64, 0xf5, 0x64, 0xf5, 0x64, 0xf5, 0x64, 0xf5, 0xca, 0xbc, 0x51, 0x8c,
        0xca, 0xbc, 0x44, 0xf5, 0x44, 0xf5, 0x43, 0xf5, 0x43, 0xf5, 0x43, 0xf5,
        0xca, 0xbc, 0x51, 0x8c, 0xaa, 0xbc, 0x23, 0xf5, 0x23, 0xf5, 0x23, 0xf5,
        0x23, 0xf5, 0x22, 0xf5, 0xa9, 0xbc, 0x51, 0x8c, 0xa9, 0xbc, 0x02, 0xf5,
        0x02, 0xf5, 0x02, 0xf5, 0x02, 0xf5, 0x02, 0xf5, 0xa9, 0xbc, 0x51, 0x8c,
        0xa9, 0xbc, 0xe1, 0xf4, 0xe1, 0xf4, 0xc1, 0xf4, 0xa1, 0xf4, 0x61, 0xec,
        0xaa, 0xab, 0x2c, 0xa3, 0x09, 0xc3, 0x88, 0xfa, 0x69, 0xfa, 0x69, 0xfa,
        0x69, 0xfa, 0x69, 0xfa, 0x69, 0xfa, 0x69, 0xfa, 0x69, 0xfa, 0x49, 0xea,
        0x49, 0xa2, 0x28, 0x82, 0x69, 0x7a, 0x8a, 0x72, 0xcb, 0x6a, 0xcb, 0x6a,
        0xeb, 0x62, 0xeb, 0x6a, 0xeb, 0x62, 0xeb, 0x62, 0xeb, 0x62, 0xeb, 0x62,
        0xeb, 0x62, 0xeb, 0x62, 0xeb, 0x62, 0xeb, 0x62, 0xeb, 0x62, 0xeb, 0x62,
        0xeb, 0x62, 0xeb, 0x62, 0xeb, 0x62, 0xeb, 0x62, 0xeb, 0x62, 0xeb, 0x62,
        0xeb, 0x62, 0xeb, 0x62, 0xeb, 0x62, 0xeb, 0x62, 0xeb, 0x62, 0xeb, 0x62,
        0xeb, 0x62, 0xeb, 0x62, 0xeb, 0x62, 0xeb, 0x62, 0xeb, 0x62, 0xeb, 0x62,
        0xeb, 0x62, 0xeb, 0x62, 0xeb, 0x62, 0xeb, 0x62, 0xeb, 0x62, 0xeb, 0x62,
        0xeb, 0x62, 0xeb, 0x62, 0xeb, 0x62, 0xeb, 0x62, 0xeb, 0x62, 0xeb, 0x62,
        0x2a, 0xfe, 0x2d, 0xc5, 0x51, 0x8c, 0x2d, 0xc5, 0x29, 0xfe, 0x29, 0xfe,
        0x29, 0xf6, 0x29, 0xfe, 0x09, 0xf6, 0x2d, 0xbd, 0x51, 0x8c, 0x2d, 0xbd,
        0x09, 0xf6, 0x09, 0xf6, 0x08, 0xf6, 0x08, 0xf6, 0xe8, 0xf5, 0x0c, 0xbd,
        0x51, 0x8c, 0x0c, 0xbd, 0xe8, 0xf5, 0xe8, 0xf5, 0xe8, 0xf5, 0xe8, 0xf5,
        0xe7, 0xf5, 0x0c, 0xbd, 0x51, 0x8c, 0x0c, 0xbd, 0xc7, 0xf5, 0xc7, 0xf5,
        0xc7, 0xf5, 0xc7, 0xf5, 0xc7, 0xf5, 0x0b, 0xbd, 0x51, 0x8c, 0xeb, 0xbc,
        0xa6, 0xf5, 0xa6, 0xf5, 0xa6, 0xf5, 0xa6, 0xf5, 0xa6, 0xf5, 0xeb, 0xbc,
        0x51, 0x8c, 0xeb, 0xbc, 0x85, 0xf5, 0x85, 0xf5, 0x85, 0xf5, 0x85, 0xf5,
        0x85, 0xf5, 0xeb, 0xbc, 0x51, 0x8c, 0xcb, 0xbc, 0x65, 0xf5, 0x64, 0xf5,
        0x64, 0xf5, 0x64, 0xf5, 0x64, 0xf5, 0xca, 0xbc, 0x51, 0x8c, 0xca, 0xbc,
        0x44, 0xf5, 0x44, 0xf5, 0x44, 0xf5, 0x43, 0xf5, 0x43, 0xf5, 0xca, 0xbc,
        0x51, 0x8c, 0xca, 0xbc, 0x23, 0xf5, 0x23, 0xf5, 0x23, 0xf5, 0x23, 0xf5,
        0x23, 0xf5, 0xa9, 0xbc, 0x51, 0x8c, 0xa9, 0xbc, 0x22, 0xf5, 0x02, 0xf5,
        0x02, 0xf5, 0x02, 0xf5, 0x02, 0xf5, 0xa9, 0xbc, 0x51, 0x8c, 0xa9, 0xbc,
        0x01, 0xf5, 0xe1, 0xf4, 0xe1, 0xf4, 0xc1, 0xf4, 0x81, 0xf4, 0xcb, 0xab,
        0x4d, 0x9b, 0xe8, 0xb2, 0x88, 0xfa, 0x69, 0xfa, 0x69, 0xfa, 0x69, 0xfa,
        0x69, 0xfa, 0x69, 0xfa, 0x69, 0xfa, 0x69, 0xfa, 0x69, 0xfa, 0x69, 0xfa,
        0x49, 0xea, 0xe7, 0x91, 0x49, 0x82, 0x8a, 0x7a, 0xaa, 0x72, 0xcb, 0x6a,
        0xeb, 0x6a, 0xeb, 0x6a, 0xeb, 0x62, 0xeb, 0x62, 0xeb, 0x62, 0xeb, 0x62,
        0xeb, 0x62, 0xeb, 0x62, 0xeb, 0x62, 0xeb, 0x62, 0xeb, 0x62, 0xeb, 0x62,
        0xeb, 0x62, 0xeb, 0x62, 0xeb, 0x62, 0xeb, 0x62, 0xeb, 0x62, 0xeb, 0x62,
        0xeb, 0x62, 0xeb, 0x62, 0xeb, 0x62, 0xeb, 0x62, 0xeb, 0x62, 0xeb, 0x62,
        0xeb, 0x62, 0xeb, 0x62, 0xeb, 0x62, 0xeb, 0x62, 0xeb, 0x62, 0xeb, 0x62,
        0xeb, 0x62, 0xeb, 0x62, 0xeb, 0x62, 0xeb, 0x62, 0xeb, 0x62, 0xeb, 0x62,
        0xeb, 0x62, 0xeb, 0x62, 0xeb, 0x62, 0xeb, 0x62, 0xeb, 0x62, 0xeb, 0x62,
        0x2d, 0xbd, 0x51, 0x8c, 0x2d, 0xbd, 0x29, 0xf6, 0x29, 0xf6, 0x29, 0xf6,
        0x09, 0xf6, 0x09, 0xf6, 0x2d, 0xbd, 0x51, 0x8c, 0x2d, 0xbd, 0x09, 0xf6,
        0x08, 0xf6, 0x08, 0xf6, 0xe8, 0xf5, 0xe8, 0xf5, 0x0c, 0xbd, 0x51, 0x8c,
        0x0c, 0xbd, 0xe8, 0xf5, 0xe8, 0xf5, 0xe8, 0xf5, 0xe7, 0xf5, 0xe7, 0xf5,
        0x0c, 0xbd, 0x51, 0x8c, 0x0c, 0xbd, 0xc7, 0xf5, 0xc7, 0xf5, 0xc7, 0xf5,
        0xc7, 0xf5, 0xc7, 0xf5, 0xeb, 0xbc, 0x51, 0x8c, 0xeb, 0xbc, 0xa6, 0xf5,
        0xa6, 0xf5, 0xa6, 0xf5, 0xa6, 0xf5, 0xa6, 0xf5, 0xeb, 0xbc, 0x51, 0x8c,
        0xeb, 0xbc, 0x85, 0xf5, 0x85, 0xf5, 0x85, 0xf5, 0x85, 0xf5, 0x85, 0xf5,
        0xeb, 0xbc, 0x51, 0x8c, 0xcb, 0xbc, 0x65, 0xf5, 0x64, 0xf5, 0x64, 0xf5,
        0x64, 0xf5, 0x64, 0xf5, 0xca, 0xbc, 0x51, 0x8c, 0xca, 0xbc, 0x44, 0xf5,
        0x44, 0xf5, 0x44, 0xf5, 0x43, 0xf5, 0x43, 0xf5, 0xca, 0xbc, 0x51, 0x8c,
        0xaa, 0xbc, 0x23, 0xf5, 0x23, 0xf5, 0x23, 0xf5, 0x23, 0xf5, 0x22, 0xf5,
        0xa9, 0xbc, 0x51, 0x8c, 0xa9, 0xbc, 0x22, 0xf5, 0x02, 0xf5, 0x02, 0xf5,
        0x02, 0xf5, 0x02, 0xf5, 0xa9, 0xbc, 0x51, 0x8c, 0xa9, 0xbc, 0x01, 0xf5,
        0xe1, 0xf4, 0xe1, 0xf4, 0xc1, 0xf4, 0xa1, 0xf4, 0xeb, 0xab, 0x6d, 0x9b,
        0x29, 0xb3, 0xc5, 0xf2, 0x69, 0xfa, 0x69, 0xfa, 0x69, 0xfa, 0x69, 0xfa,
        0x69, 0xfa, 0x69, 0xfa, 0x69, 0xfa, 0x69, 0xfa, 0x69, 0xfa, 0x69, 0xfa,
        0x69, 0xfa, 0x49, 0xca, 0x08, 0x8a, 0x69, 0x7a, 0xaa, 0x72, 0xcb, 0x6a,
        0xcb, 0x6a, 0xeb, 0x6a, 0xeb, 0x6a, 0xeb, 0x62, 0xeb, 0x62, 0xeb, 0x62,
        0xeb, 0x62, 0xeb, 0x62, 0xeb, 0x62, 0xeb, 0x62, 0xeb, 0x62, 0xeb, 0x62,
        0xeb, 0x62, 0xeb, 0x62, 0xeb, 0x62, 0xeb, 0x62, 0xeb, 0x62, 0xeb, 0x62,
        0xeb, 0x62, 0xeb, 0x62, 0xeb, 0x62, 0xeb, 0x62, 0xeb, 0x62, 0xeb, 0x62,
        0xeb, 0x62, 0xeb, 0x62, 0xeb, 0x62, 0xeb, 0x62, 0xeb, 0x62, 0xeb, 0x62,
        0xeb, 0x62, 0xeb, 0x62, 0xeb, 0x62, 0xeb, 0x62, 0xeb, 0x62, 0xeb, 0x62,
        0xeb, 0x62, 0xeb, 0x62, 0xeb, 0x62, 0xeb, 0x62, 0xeb, 0x62, 0xeb, 0x62,
        0x51, 0x8c, 0x2d, 0xc5, 0x29, 0xfe, 0x29, 0xfe, 0x29, 0xf6, 0x29, 0xfe,
        0x09, 0xf6, 0x2d, 0xc5, 0x51, 0x8c, 0x2d, 0xbd, 0x09, 0xf6, 0x09, 0xf6,
        0x08, 0xf6, 0x08, 0xf6, 0xe8, 0xf5, 0x0c, 0xbd, 0x51, 0x8c, 0x0c, 0xbd,
        0xe8, 0xf5, 0xe8, 0xf5, 0xe8, 0xf5, 0xe8, 0xf5, 0xe7, 0xf5, 0x0c, 0xbd,
        0x51, 0x8c, 0x0c, 0xbd, 0xc7, 0xf5, 0xc7, 0xf5, 0xc7, 0xf5, 0xc7, 0xf5,
        0xc7, 0xf5, 0x0c, 0xbd, 0x51, 0x8c, 0xeb, 0xbc, 0xa6, 0xf5, 0xa6, 0xf5,
        0xa6, 0xf5, 0xa6, 0xf5, 0xa6, 0xf5, 0xeb, 0xbc, 0x51, 0x8c, 0xeb, 0xbc,
        0x85, 0xf5, 0x85, 0xf5, 0x85, 0xf5, 0x85, 0xf5, 0x85, 0xf5, 0xeb, 0xbc,
        0x51, 0x8c, 0xcb, 0xbc, 0x65, 0xf5, 0x64, 0xf5, 0x64, 0xf5, 0x64, 0xf5,
        0x64, 0xf5, 0xca, 0xbc, 0x51, 0x8c, 0xca, 0xbc, 0x44, 0xf5, 0x44, 0xf5,
        0x44, 0xf5, 0x43, 0xf5, 0x43, 0xf5, 0xca, 0xbc, 0x51, 0x8c, 0xca, 0xbc,
        0x23, 0xf5, 0x23, 0xf5, 0x23, 0xf5, 0x23, 0xf5, 0x23, 0xf5, 0xa9, 0xbc,
        0x51, 0x8c, 0xa9, 0xbc, 0xad, 0x8c, 0xe8, 0xbc, 0x02, 0xf5, 0x02, 0xf5,
        0x02, 0xf5, 0xa9, 0xbc, 0x51, 0x8c, 0xa9, 0xbc, 0x01, 0xf5, 0x01, 0xf5,
        0xe1, 0xf4, 0xe1, 0xf4, 0xc1, 0xf4, 0x2c, 0xa4, 0xae, 0x93, 0x6a, 0xab,
        0x20, 0xeb, 0x88, 0xfa, 0x69, 0xfa, 0x69, 0xfa, 0x69, 0xfa, 0x69, 0xfa,
        0x69, 0xfa, 0x69, 0xfa, 0x69, 0xfa, 0x69, 0xfa, 0x69, 0xfa, 0x69, 0xfa,
        0x69, 0xfa, 0x69, 0xf2, 0xe7, 0x91, 0x49, 0x82, 0x8a, 0x72, 0xcb, 0x72,
        0xcb, 0x6a, 0xeb, 0x6a, 0xeb, 0x6a, 0xeb, 0x6a, 0xeb, 0x62, 0xeb, 0x6a,
        0xeb, 0x62, 0xeb, 0x6a, 0xeb, 0x62, 0xeb, 0x6a, 0xeb, 0x62, 0xeb, 0x6a,
        0xeb, 0x62, 0xeb, 0x6a, 0xeb, 0x62, 0xeb, 0x6a, 0xeb, 0x62, 0xeb, 0x6a,
        0xeb, 0x62, 0xeb, 0x6a, 0xeb, 0x62, 0xeb, 0x6a, 0xeb, 0x62, 0xeb, 0x6a,
        0xeb, 0x62, 0xeb, 0x6a, 0xeb, 0x62, 0xeb, 0x6a, 0xeb, 0x62, 0xeb, 0x6a,
        0xeb, 0x62, 0xeb, 0x6a, 0xeb, 0x62, 0xeb, 0x6a, 0xeb, 0x62, 0xeb, 0x6a,
        0xeb, 0x62, 0xeb, 0x6a, 0xeb, 0x62, 0xeb, 0x6a, 0xeb, 0x62, 0xeb, 0x6a,
        0x2d, 0xbd, 0x29, 0xf6, 0x29, 0xf6, 0x29, 0xf6, 0x09, 0xf6, 0x09, 0xf6,
        0x2d, 0xbd, 0x51, 0x8c, 0x2d, 0xbd, 0x09, 0xf6, 0x08, 0xf6, 0x08, 0xf6,
        0xe8, 0xf5, 0xe8, 0xf5, 0x0c, 0xbd, 0x51, 0x8c, 0x0c, 0xbd, 0xe8, 0xf5,
        0xe8, 0xf5, 0xe8, 0xf5, 0xe7, 0xf5, 0xc7, 0xf5, 0x0c, 0xbd, 0x51, 0x8c,
        0x0c, 0xbd, 0xc7, 0xf5, 0xc7, 0xf5, 0xc7, 0xf5, 0xc7, 0xf5, 0xc7, 0xf5,
        0xeb, 0xbc, 0x51, 0x8c, 0xeb, 0xbc, 0xa6, 0xf5, 0xa6, 0xf5, 0xa6, 0xf5,
        0xa6, 0xf5, 0xa6, 0xf5, 0xeb, 0xbc, 0x51, 0x8c, 0xeb, 0xbc, 0x85, 0xf5,
        0x85, 0xf5, 0x85, 0xf5, 0x85, 0xf5, 0x85, 0xf5, 0xeb, 0xbc, 0x51, 0x8c,
        0xcb, 0xbc, 0x64, 0xf5, 0x64, 0xf5, 0x64, 0xf5, 0x64, 0xf5, 0x64, 0xf5,
        0xca, 0xbc, 0x51, 0x8c, 0xca, 0xbc, 0x44, 0xf5, 0x44, 0xf5, 0x43, 0xf5,
        0x43, 0xf5, 0x43, 0xf5, 0xca, 0xbc, 0x51, 0x8c, 0xaa, 0xbc, 0x23, 0xf5,
        0x23, 0xf5, 0x23, 0xf5, 0x23, 0xf5, 0x22, 0xf5, 0xa9, 0xbc, 0x51, 0x8c,
        0xa9, 0xbc, 0x02, 0xf5, 0xad, 0x8c, 0x73, 0x5c, 0x02, 0xf5, 0x02, 0xf5,
        0xa9, 0xbc, 0x51, 0x8c, 0xa9, 0xbc, 0x01, 0xf5, 0xe1, 0xf4, 0xe1, 0xf4,
        0xe1, 0xf4, 0xe1, 0xf4, 0x4c, 0xa4, 0xef, 0x8b, 0xcb, 0xab, 0xa0, 0xeb,
        0x42, 0xeb, 0x69, 0xfa, 0x69, 0xfa, 0x69, 0xfa, 0x69, 0xfa, 0x69, 0xfa,
        0x69, 0xfa, 0x69, 0xfa, 0x69, 0xfa, 0x69, 0xfa, 0x69, 0xfa, 0x69, 0xfa,
        0x69, 0xfa, 0x69, 0xfa, 0x49, 0xa2, 0x28, 0x82, 0x8a, 0x7a, 0xaa, 0x6a,
        0xcb, 0x6a, 0xeb, 0x6a, 0xeb, 0x6a, 0xeb, 0x62, 0xeb, 0x62, 0xeb, 0x62,
        0xeb, 0x62, 0xeb, 0x62, 0xeb, 0x62, 0xeb, 0x62, 0xeb, 0x62, 0xeb, 0x62,
        0xeb, 0x62, 0xeb, 0x62, 0xeb, 0x62, 0xeb, 0x62, 0xeb, 0x62, 0xeb, 0x62,
        0xeb, 0x62, 0xeb, 0x62, 0xeb, 0x62, 0xeb, 0x62, 0xeb, 0x62, 0xeb, 0x62,
        0xeb, 0x62, 0xeb, 0x62, 0xeb, 0x62, 0xeb, 0x62, 0xeb, 0x62, 0xeb, 0x62,
        0xeb, 0x62, 0xeb, 0x62, 0xeb, 0x62, 0xeb, 0x62, 0xeb, 0x62, 0xeb, 0x62,
        0xeb, 0x62, 0xeb, 0x62, 0xeb, 0x62, 0xeb, 0x62, 0xeb, 0x62, 0xeb, 0x62,
        0x8a, 0xac, 0x8a, 0xac, 0x8a, 0xac, 0x8a, 0xb4, 0x8a, 0xac, 0x6c, 0xa4,
        0x6d, 0x9c, 0x6c, 0xa4, 0x6a, 0xac, 0x6a, 0xac, 0x6a, 0xac, 0x6a, 0xac,
        0x6a, 0xac, 0x6b, 0xa4, 0x4d, 0x9c, 0x6b, 0xa4, 0x69, 0xac, 0x6a, 0xac,
        0x69, 0xac, 0x69, 0xac, 0x69, 0xac, 0x6b, 0xa4, 0x4d, 0x9c, 0x4b, 0xa4,
        0x49, 0xac, 0x69, 0xac, 0x49, 0xac, 0x49, 0xac, 0x49, 0xac, 0x4b, 0xa4,
        0x4d, 0x9c, 0x4b, 0xa4, 0x49, 0xac, 0x49, 0xac, 0x49, 0xac, 0x49, 0xac,
        0x48, 0xac, 0x4a, 0xa4, 0x4c, 0x9c, 0x4a, 0xa4, 0x48, 0xac, 0x48, 0xac,
        0x28, 0xac, 0x48, 0xac, 0x28, 0xac, 0x2a, 0xa4, 0x2c, 0x9c, 0x2a, 0xa4,
        0x28, 0xac, 0x28, 0xac, 0x28, 0xac, 0x28, 0xac, 0x28, 0xac, 0x2a, 0xa4,
        0x2c, 0x9c, 0x2a, 0xa4, 0x27, 0xac, 0x27, 0xac, 0x27, 0xac, 0x27, 0xac,
        0x07, 0xac, 0x2a, 0xa4, 0x2c, 0x9c, 0x2a, 0xa4, 0x07, 0xac, 0x07, 0xac,
        0x07, 0xac, 0x07, 0xac, 0x07, 0xac, 0x09, 0xa4, 0x2c, 0x9c, 0x09, 0xa4,
        0x07, 0xac, 0x30, 0x6c, 0x59, 0x24, 0x59, 0x24, 0x0b, 0x8c, 0x09, 0xa4,
        0x0b, 0x9c, 0x09, 0xa4, 0xe6, 0xab, 0xe6, 0xab, 0xe6, 0xab, 0xe6, 0xab,
        0xe6, 0xab, 0x0b, 0x9c, 0x0d, 0x94, 0xca, 0xa3, 0x45, 0xb3, 0xe4, 0xba,
        0xa6, 0xca, 0x69, 0xfa, 0x69, 0xfa, 0x69, 0xfa, 0x69, 0xfa, 0x69, 0xfa,
        0x69, 0xfa, 0x69, 0xfa, 0x69, 0xfa, 0x69, 0xfa, 0x69, 0xfa, 0x69, 0xfa,
        0x69, 0xfa, 0x69, 0xfa, 0x28, 0xaa, 0x28, 0x82, 0x8a, 0x7a, 0xaa, 0x72,
        0xcb, 0x6a, 0xeb, 0x6a, 0xeb, 0x6a, 0xeb, 0x6a, 0xeb, 0x62, 0xeb, 0x62,
        0xeb, 0x62, 0xeb, 0x6a, 0xeb, 0x62, 0xeb, 0x62, 0xeb, 0x62, 0xeb, 0x6a,
        0xeb, 0x62, 0xeb, 0x62, 0xeb, 0x62, 0xeb, 0x6a, 0xeb, 0x62, 0xeb, 0x62,
        0xeb, 0x62, 0xeb, 0x6a, 0xeb, 0x62, 0xeb, 0x62, 0xeb, 0x62, 0xeb, 0x6a,
        0xeb, 0x62, 0xeb, 0x62, 0xeb, 0x62, 0xeb, 0x6a, 0xeb, 0x62, 0xeb, 0x62,
        0xeb, 0x62, 0xeb, 0x6a, 0xeb, 0x62, 0xeb, 0x62, 0xeb, 0x62, 0xeb, 0x6a,
        0xeb, 0x62, 0xeb, 0x62, 0xeb, 0x62, 0xeb, 0x6a, 0xeb, 0x62, 0xeb, 0x62,
        0xeb, 0x62, 0xeb, 0x62, 0xeb, 0x62, 0xeb, 0x62, 0xeb, 0x62, 0xeb, 0x62,
        0xeb, 0x62, 0xeb, 0x62, 0xeb, 0x62, 0xeb, 0x62, 0xeb, 0x62, 0xeb, 0x62,
        0xeb, 0x62, 0xeb, 0x62, 0xeb, 0x62, 0xeb, 0x62, 0xeb, 0x62, 0xeb, 0x62,
        0xeb, 0x62, 0xeb, 0x62, 0xeb, 0x62, 0xeb, 0x62, 0xeb, 0x62, 0xeb, 0x62,
        0xeb, 0x62, 0xeb, 0x62, 0xeb, 0x62, 0xeb, 0x62, 0xeb, 0x62, 0xeb, 0x62,
        0xeb, 0x62, 0xeb, 0x62, 0xeb, 0x62, 0xeb, 0x62, 0xeb, 0x62, 0xeb, 0x62,
        0xeb, 0x62, 0xeb, 0x62, 0xeb, 0x62, 0xeb, 0x62, 0xeb, 0x62, 0xeb, 0x62,
        0xeb, 0x62, 0xeb, 0x62, 0xeb, 0x62, 0xeb, 0x62, 0xeb, 0x62, 0xeb, 0x62,
        0xeb, 0x62, 0xeb, 0x62, 0xeb, 0x62, 0xeb, 0x62, 0xeb, 0x62, 0xeb, 0x62,
        0xeb, 0x62, 0xeb, 0x62, 0xeb, 0x62, 0xeb, 0x62, 0xeb, 0x62, 0xeb, 0x62,
        0xeb, 0x62, 0xeb, 0x62, 0xeb, 0x62, 0xeb, 0x62, 0xeb, 0x62, 0xeb, 0x62,
        0xeb, 0x62, 0xeb, 0x62, 0xeb, 0x62, 0xeb, 0x62, 0xeb, 0x62, 0xeb, 0x62,
        0xeb, 0x62, 0xb2, 0x4b, 0x59, 0x2c, 0x59, 0x2c, 0xf6, 0x3b, 0xeb, 0x62,
        0xeb, 0x62, 0xeb, 0x62, 0xeb, 0x62, 0xeb, 0x62, 0xeb, 0x62, 0xeb, 0x62,
        0xeb, 0x6a, 0xeb, 0x6a, 0xcb, 0x6a, 0xaa, 0x6a, 0x8a, 0x7a, 0x28, 0x82,
        0x49, 0xa2, 0x69, 0xfa, 0x69, 0xfa, 0x69, 0xfa, 0x69, 0xfa, 0x69, 0xfa,
        0x69, 0xfa, 0x69, 0xfa, 0x69, 0xfa, 0x69, 0xfa, 0x69, 0xfa, 0x69, 0xfa,
        0x69, 0xfa, 0x69, 0xfa, 0x49, 0xa2, 0x28, 0x82, 0x8a, 0x7a, 0xaa, 0x6a,
        0xcb, 0x6a, 0xeb, 0x6a, 0xeb, 0x6a, 0xeb, 0x62, 0xeb, 0x62, 0xeb, 0x62,
        0xeb, 0x62, 0xeb, 0x62, 0xeb, 0x62, 0xeb, 0x62, 0xeb, 0x62, 0xeb, 0x62,
        0xeb, 0x62, 0xeb, 0x62, 0xeb, 0x62, 0xeb, 0x62, 0xeb, 0x62, 0xeb, 0x62,
        0xeb, 0x62, 0xeb, 0x62, 0xeb, 0x62, 0xeb, 0x62, 0xeb, 0x62, 0xeb, 0x62,
        0xeb, 0x62, 0xeb, 0x62, 0xeb, 0x62, 0xeb, 0x62, 0xeb, 0x62, 0xeb, 0x62,
        0xeb, 0x62, 0xeb, 0x62, 0xeb, 0x62, 0xeb, 0x62, 0xeb, 0x62, 0xeb, 0x62,
        0xeb, 0x62, 0xeb, 0x62, 0xeb, 0x62, 0xeb, 0x62, 0xeb, 0x62, 0xeb, 0x62,
        0xeb, 0x62, 0xeb, 0x6a, 0xeb, 0x6a, 0xeb, 0x6a, 0xeb, 0x62, 0xeb, 0x6a,
        0xeb, 0x6a, 0xeb, 0x6a, 0xeb, 0x62, 0xeb, 0x6a, 0xeb, 0x6a, 0xeb, 0x6a,
        0xeb, 0x62, 0xeb, 0x6a, 0xeb, 0x6a, 0xeb, 0x6a, 0xeb, 0x62, 0xeb, 0x6a,
        0xeb, 0x6a, 0xeb, 0x6a, 0xeb, 0x62, 0xeb, 0x6a, 0xeb, 0x6a, 0xeb, 0x6a,
        0xeb, 0x62, 0xeb, 0x6a, 0xeb, 0x6a, 0xeb, 0x6a, 0xeb, 0x62, 0xeb, 0x6a,
        0xeb, 0x6a, 0xeb, 0x6a, 0xeb, 0x62, 0xeb, 0x6a, 0xeb, 0x6a, 0xeb, 0x6a,
        0xeb, 0x62, 0xeb, 0x6a, 0xeb, 0x6a, 0xeb, 0x6a, 0xeb, 0x62, 0xeb, 0x6a,
        0xeb, 0x6a, 0xeb, 0x6a, 0xeb, 0x62, 0xeb, 0x6a, 0xeb, 0x6a, 0xeb, 0x6a,
        0xeb, 0x62, 0xeb, 0x6a, 0xeb, 0x6a, 0xeb, 0x6a, 0xeb, 0x62, 0xeb, 0x6a,
        0xeb, 0x6a, 0xeb, 0x6a, 0xeb, 0x62, 0xeb, 0x6a, 0xeb, 0x6a, 0xeb, 0x6a,
        0xeb, 0x62, 0xeb, 0x6a, 0xeb, 0x6a, 0xeb, 0x6a, 0xeb, 0x62, 0xeb, 0x6a,
        0xeb, 0x6a, 0xeb, 0x6a, 0xeb, 0x62, 0xeb, 0x6a, 0xeb, 0x6a, 0xeb, 0x6a,
        0xb2, 0x4b, 0x5a, 0x2c, 0x5a, 0x2c, 0x5a, 0x2c, 0x5a, 0x2c, 0x4f, 0x5b,
        0xeb, 0x6a, 0xeb, 0x6a, 0xeb, 0x62, 0xeb, 0x6a, 0xeb, 0x6a, 0xeb, 0x6a,
        0xeb, 0x6a, 0xeb, 0x6a, 0xcb, 0x6a, 0xcb, 0x72, 0x8a, 0x72, 0x49, 0x82,
        0xe7, 0x91, 0x69, 0xf2, 0x69, 0xfa, 0x69, 0xfa, 0x69, 0xfa, 0x69, 0xfa,
        0x69, 0xfa, 0x69, 0xfa, 0x69, 0xfa, 0x69, 0xfa, 0x69, 0xfa, 0x69, 0xfa,
        0x69, 0xfa, 0x69, 0xf2, 0xe7, 0x91, 0x49, 0x82, 0x8a, 0x72, 0xcb, 0x72,
        0xcb, 0x6a, 0xeb, 0x6a, 0xeb, 0x6a, 0xeb, 0x6a, 0xeb, 0x62, 0xeb, 0x6a,
        0xeb, 0x6a, 0xeb, 0x6a, 0xeb, 0x62, 0xeb, 0x6a, 0xeb, 0x6a, 0xeb, 0x6a,
        0xeb, 0x62, 0xeb, 0x6a, 0xeb, 0x6a, 0xeb, 0x6a, 0xeb, 0x62, 0xeb, 0x6a,
        0xeb, 0x6a, 0xeb, 0x6a, 0xeb, 0x62, 0xeb, 0x6a, 0xeb, 0x6a, 0xeb, 0x6a,
        0xeb, 0x62, 0xeb, 0x6a, 0xeb, 0x6a, 0xeb, 0x6a, 0xeb, 0x62, 0xeb, 0x6a,
        0xeb, 0x6a, 0xeb, 0x6a, 0xeb, 0x62, 0xeb, 0x6a, 0xeb, 0x6a, 0xeb, 0x6a,
        0xeb, 0x62, 0xeb, 0x6a, 0xeb, 0x6a, 0xeb, 0x6a, 0xeb, 0x62, 0xeb, 0x6a,
        0xeb, 0x62, 0xeb, 0x62, 0xeb, 0x62, 0xeb, 0x62, 0xeb, 0x62, 0xeb, 0x62,
        0xeb, 0x62, 0xeb, 0x62, 0xeb, 0x62, 0xeb, 0x62, 0xeb, 0x62, 0xeb, 0x62,
        0xeb, 0x62, 0xeb, 0x62, 0xeb, 0x62, 0xeb, 0x62, 0xeb, 0x62, 0xeb, 0x62,
        0xeb, 0x62, 0xeb, 0x62, 0xeb, 0x62, 0xeb, 0x62, 0xeb, 0x62, 0xeb, 0x62,
        0xeb, 0x62, 0xeb, 0x62, 0xeb, 0x62, 0xeb, 0x62, 0xeb, 0x62, 0xeb, 0x62,
        0xeb, 0x62, 0xeb, 0x62, 0xeb, 0x62, 0xeb, 0x62, 0xeb, 0x62, 0xeb, 0x62,
        0xeb, 0x62, 0xeb, 0x62, 0xeb, 0x62, 0xeb, 0x62, 0xeb, 0x62, 0xeb, 0x62,
        0xeb, 0x62, 0xeb, 0x62, 0xeb, 0x62, 0xeb, 0x62, 0xeb, 0x62, 0xeb, 0x62,
        0xeb, 0x62, 0xeb, 0x62, 0xeb, 0x62, 0xeb, 0x62, 0xeb, 0x62, 0xeb, 0x62,
        0xeb, 0x62, 0xeb, 0x62, 0xeb, 0x62, 0xeb, 0x62, 0xeb, 0x62, 0xeb, 0x62,
        0xeb, 0x62, 0xeb, 0x62, 0xeb, 0x62, 0xeb, 0x62, 0xeb, 0x62, 0xeb, 0x62,
        0xeb, 0x62, 0xeb, 0x62, 0xeb, 0x62, 0xeb, 0x62, 0xeb, 0x62, 0xeb, 0x62,
        0xb3, 0x4b, 0x5a, 0x2c, 0x5a, 0x2c, 0x5a, 0x2c, 0x5a, 0x2c, 0x16, 0x3c,
        0xeb, 0x62, 0xeb, 0x62, 0xeb, 0x62, 0xeb, 0x62, 0xeb, 0x62, 0xeb, 0x62,
        0xeb, 0x6a, 0xeb, 0x6a, 0xcb, 0x6a, 0xcb, 0x6a, 0xaa, 0x72, 0x69, 0x7a,
        0x08, 0x8a, 0x49, 0xca, 0x69, 0xfa, 0x69, 0xfa, 0x69, 0xfa, 0x69, 0xfa,
        0x69, 0xfa, 0x69, 0xfa, 0x69, 0xfa, 0x69, 0xfa, 0x69, 0xfa, 0x69, 0xfa,
        0x69, 0xfa, 0x49, 0xca, 0x08, 0x8a, 0x69, 0x7a, 0xaa, 0x72, 0xcb, 0x6a,
        0xcb, 0x6a, 0xeb, 0x6a, 0xeb, 0x6a, 0xeb, 0x62, 0xeb, 0x62, 0xeb, 0x62,
        0xeb, 0x62, 0xeb, 0x62, 0xeb, 0x62, 0xeb, 0x62, 0xeb, 0x62, 0xeb, 0x62,
        0xeb, 0x62, 0xeb, 0x62, 0xeb, 0x62, 0xeb, 0x62, 0xeb, 0x62, 0xeb, 0x62,
        0xeb, 0x62, 0xeb, 0x62, 0xeb, 0x62, 0xeb, 0x62, 0xeb, 0x62, 0xeb, 0x62,
        0xeb, 0x62, 0xeb, 0x62, 0xeb, 0x62, 0xeb, 0x62, 0xeb, 0x62, 0xeb, 0x62,
        0xeb, 0x62, 0xeb, 0x62, 0xeb, 0x62, 0xeb, 0x62, 0xeb, 0x62, 0xeb, 0x62,
        0xeb, 0x62, 0xeb, 0x62, 0xeb, 0x62, 0xeb, 0x62, 0xeb, 0x62, 0xeb, 0x62,
        0xeb, 0x62, 0xeb, 0x6a, 0xeb, 0x6a, 0xeb, 0x6a, 0xeb, 0x62, 0xeb, 0x6a,
        0xeb, 0x6a, 0xeb, 0x6a, 0xeb, 0x62, 0xeb, 0x6a, 0xeb, 0x6a, 0xeb, 0x6a,
        0xeb, 0x62, 0xeb, 0x6a, 0xeb, 0x6a, 0xeb, 0x6a, 0xeb, 0x62, 0xeb, 0x6a,
        0xeb, 0x6a, 0xeb, 0x6a, 0xeb, 0x62, 0xeb, 0x6a, 0xeb, 0x6a, 0xeb, 0x6a,
        0xeb, 0x62, 0xeb, 0x6a, 0xeb, 0x6a, 0xeb, 0x6a, 0xeb, 0x62, 0xeb, 0x6a,
        0xeb, 0x6a, 0xeb, 0x6a, 0xeb, 0x62, 0xeb, 0x6a, 0xeb, 0x6a, 0xeb, 0x6a,
        0xeb, 0x62, 0xeb, 0x6a, 0xeb, 0x6a, 0xeb, 0x6a, 0xeb, 0x62, 0xeb, 0x6a,
        0xeb, 0x6a, 0xeb, 0x6a, 0xeb, 0x62, 0xeb, 0x6a, 0xeb, 0x6a, 0xeb, 0x6a,
        0xeb, 0x62, 0xeb, 0x6a, 0xeb, 0x6a, 0xeb, 0x6a, 0xeb, 0x62, 0xeb, 0x6a,
        0xeb, 0x6a, 0xeb, 0x6a, 0xeb, 0x62, 0xeb, 0x6a, 0xeb, 0x6a, 0xeb, 0x6a,
        0xeb, 0x62, 0xeb, 0x6a, 0xeb, 0x6a, 0xeb, 0x6a, 0xeb, 0x62, 0xeb, 0x6a,
        0xeb, 0x6a, 0xeb, 0x6a, 0xeb, 0x62, 0xeb, 0x6a, 0xeb, 0x6a, 0xb3, 0x4b,
        0x7a, 0x2c, 0x7a, 0x2c, 0x7a, 0x2c, 0x7a, 0x2c, 0x7a, 0x2c, 0x7a, 0x2c,
        0x4f, 0x5b, 0xeb, 0x6a, 0xeb, 0x62, 0xeb, 0x6a, 0xeb, 0x6a, 0xeb, 0x6a,
        0xeb, 0x62, 0xeb, 0x6a, 0xeb, 0x6a, 0xcb, 0x6a, 0xaa, 0x72, 0x8a, 0x7a,
        0x28, 0x82, 0xe7, 0x91, 0x49, 0xea, 0x69, 0xfa, 0x69, 0xfa, 0x69, 0xfa,
        0x69, 0xfa, 0x69, 0xfa, 0x69, 0xfa, 0x69, 0xfa, 0x69, 0xfa, 0x69, 0xfa,
        0x49, 0xea, 0xe7, 0x91, 0x28, 0x82, 0x8a, 0x7a, 0xaa, 0x72, 0xcb, 0x6a,
        0xeb, 0x6a, 0xeb, 0x6a, 0xeb, 0x6a, 0xeb, 0x6a, 0xeb, 0x62, 0xeb, 0x6a,
        0xeb, 0x6a, 0xeb, 0x6a, 0xeb, 0x62, 0xeb, 0x6a, 0xeb, 0x6a, 0xeb, 0x6a,
        0xeb, 0x62, 0xeb, 0x6a, 0xeb, 0x6a, 0xeb, 0x6a, 0xeb, 0x62, 0xeb, 0x6a,
        0xeb, 0x6a, 0xeb, 0x6a, 0xeb, 0x62, 0xeb, 0x6a, 0xeb, 0x6a, 0xeb, 0x6a,
        0xeb, 0x62, 0xeb, 0x6a, 0xeb, 0x6a, 0xeb, 0x6a, 0xeb, 0x62, 0xeb, 0x6a,
        0xeb, 0x6a, 0xeb, 0x6a, 0xeb, 0x62, 0xeb, 0x6a, 0xeb, 0x6a, 0xeb, 0x6a,
        0xeb, 0x62, 0xeb, 0x6a, 0xeb, 0x6a, 0xeb, 0x6a, 0xeb, 0x62, 0xeb, 0x6a,
        0xeb, 0x62, 0xeb, 0x62, 0xeb, 0x62, 0xeb, 0x62, 0xeb, 0x62, 0xeb, 0x62,
        0xeb, 0x62, 0xeb, 0x62, 0xeb, 0x62, 0xeb, 0x62, 0xeb, 0x62, 0xeb, 0x62,
        0xeb, 0x62, 0xeb, 0x62, 0xeb, 0x62, 0xeb, 0x62, 0xeb, 0x62, 0xeb, 0x62,
        0xeb, 0x62, 0xeb, 0x62, 0xeb, 0x62, 0xeb, 0x62, 0xeb, 0x62, 0xeb, 0x62,
        0xeb, 0x62, 0xeb, 0x62, 0xeb, 0x62, 0xeb, 0x62, 0xeb, 0x62, 0xeb, 0x62,
        0xeb, 0x62, 0xeb, 0x62, 0xeb, 0x62, 0xeb, 0x62, 0xeb, 0x62, 0xeb, 0x62,
        0xeb, 0x62, 0xeb, 0x62, 0xeb, 0x62, 0xeb, 0x62, 0xeb, 0x62, 0xeb, 0x62,
        0xeb, 0x62, 0xeb, 0x62, 0xeb, 0x62, 0xeb, 0x62, 0xeb, 0x62, 0xeb, 0x62,
        0xeb, 0x62, 0xeb, 0x62, 0xeb, 0x62, 0xeb, 0x62, 0xeb, 0x62, 0xeb, 0x62,
        0xeb, 0x62, 0xeb, 0x62, 0xeb, 0x62, 0xeb, 0x62, 0xeb, 0x62, 0xeb, 0x62,
        0xeb, 0x62, 0xeb, 0x62, 0xeb, 0x62, 0xeb, 0x62, 0xeb, 0x62, 0xeb, 0x62,
        0xeb, 0x62, 0xeb, 0x62, 0xeb, 0x62, 0xeb, 0x62, 0xeb, 0x62, 0xb3, 0x4b,
        0x7a, 0x2c, 0x7a, 0x2c, 0x7a, 0x2c, 0x7a, 0x2c, 0x7a, 0x2c, 0x7a, 0x2c,
        0x17, 0x3c, 0xeb, 0x62, 0xeb, 0x62, 0xeb, 0x62, 0xeb, 0x62, 0xeb, 0x62,
        0xeb, 0x62, 0xeb, 0x6a, 0xeb, 0x6a, 0xcb, 0x6a, 0xcb, 0x6a, 0x8a, 0x72,
        0x69, 0x7a, 0x28, 0x82, 0x49, 0xa2, 0x49, 0xea, 0x69, 0xfa, 0x69, 0xfa,
        0x69, 0xfa, 0x69, 0xfa, 0x69, 0xfa, 0x69, 0xfa, 0x69, 0xfa, 0x49, 0xea,
        0x49, 0xa2, 0x28, 0x82, 0x69, 0x7a, 0x8a, 0x72, 0xcb, 0x6a, 0xcb, 0x6a,
        0xeb, 0x6a, 0xeb, 0x6a, 0xeb, 0x62, 0xeb, 0x62, 0xeb, 0x62, 0xeb, 0x62,
        0xeb, 0x62, 0xeb, 0x62, 0xeb, 0x62, 0xeb, 0x62, 0xeb, 0x62, 0xeb, 0x62,
        0xeb, 0x62, 0xeb, 0x62, 0xeb, 0x62, 0xeb, 0x62, 0xeb, 0x62, 0xeb, 0x62,
        0xeb, 0x62, 0xeb, 0x62, 0xeb, 0x62, 0xeb, 0x62, 0xeb, 0x62, 0xeb, 0x62,
        0xeb, 0x62, 0xeb, 0x62, 0xeb, 0x62, 0xeb, 0x62, 0xeb, 0x62, 0xeb, 0x62,
        0xeb, 0x62, 0xeb, 0x62, 0xeb, 0x62, 0xeb, 0x62, 0xeb, 0x62, 0xeb, 0x62,
        0xeb, 0x62, 0xeb, 0x62, 0xeb, 0x62, 0xeb, 0x62, 0xeb, 0x62, 0xeb, 0x62,
        0xeb, 0x6a, 0xeb, 0x6a, 0xeb, 0x6a, 0xeb, 0x6a, 0xeb, 0x6a, 0xeb, 0x6a,
        0xeb, 0x6a, 0xeb, 0x6a, 0xeb, 0x6a, 0xeb, 0x6a, 0xeb, 0x6a, 0xeb, 0x6a,
        0xeb, 0x6a, 0xeb, 0x6a, 0xeb, 0x6a, 0xeb, 0x6a, 0xeb, 0x6a, 0xeb, 0x6a,
        0xeb, 0x6a, 0xeb, 0x6a, 0xeb, 0x6a, 0xeb, 0x6a, 0xeb, 0x6a, 0xeb, 0x6a,
        0xeb, 0x6a, 0xeb, 0x6a, 0xeb, 0x6a, 0xeb, 0x6a, 0xeb, 0x6a, 0xeb, 0x6a,
        0xeb, 0x6a, 0xeb, 0x6a, 0xeb, 0x6a, 0xeb, 0x6a, 0xeb, 0x6a, 0xeb, 0x6a,
        0xeb, 0x6a, 0xeb, 0x6a, 0xeb, 0x6a, 0xeb, 0x6a, 0xeb, 0x6a, 0xeb, 0x6a,
        0xeb, 0x6a, 0xeb, 0x6a, 0xeb, 0x6a, 0xeb, 0x6a, 0xeb, 0x6a, 0xeb, 0x6a,
        0xeb, 0x6a, 0xeb, 0x6a, 0xeb, 0x6a, 0xeb, 0x6a, 0xeb, 0x6a, 0xeb, 0x6a,
        0xeb, 0x6a, 0xeb, 0x6a, 0xeb, 0x6a, 0xeb, 0x6a, 0xeb, 0x6a, 0xeb, 0x6a,
        0xeb, 0x6a, 0xeb, 0x6a, 0xeb, 0x6a, 0xeb, 0x6a, 0xeb, 0x6a, 0xeb, 0x6a,
        0xeb, 0x6a, 0xeb, 0x6a, 0xeb, 0x6a, 0xeb, 0x6a, 0xb3, 0x4b, 0x7b, 0x34,
        0x7b, 0x34, 0x7b, 0x34, 0x7b, 0x34, 0x7b, 0x34, 0x7b, 0x34, 0x7b, 0x34,
        0x7b, 0x34, 0x4f, 0x5b, 0xeb, 0x6a, 0xeb, 0x6a, 0xeb, 0x6a, 0xeb, 0x6a,
        0xeb, 0x6a, 0xeb, 0x6a, 0xeb, 0x6a, 0xeb, 0x6a, 0xcb, 0x6a, 0xaa, 0x72,
        0x8a, 0x72, 0x69, 0x7a, 0x28, 0x8a, 0xe7, 0x91, 0x49, 0xca, 0x69, 0xf2,
        0x69, 0xfa, 0x69, 0xfa, 0x69, 0xfa, 0x69, 0xf2, 0x49, 0xca, 0xe7, 0x91,
        0x28, 0x8a, 0x69, 0x7a, 0x8a, 0x72, 0xaa, 0x72, 0xcb, 0x6a, 0xeb, 0x6a,
        0xeb, 0x6a, 0xeb, 0x6a, 0xeb, 0x6a, 0xeb, 0x6a, 0xeb, 0x6a, 0xeb, 0x6a,
        0xeb, 0x6a, 0xeb, 0x6a, 0xeb, 0x6a, 0xeb, 0x6a, 0xeb, 0x6a, 0xeb, 0x6a,
        0xeb, 0x6a, 0xeb, 0x6a, 0xeb, 0x6a, 0xeb, 0x6a, 0xeb, 0x6a, 0xeb, 0x6a,
        0xeb, 0x6a, 0xeb, 0x6a, 0xeb, 0x6a, 0xeb, 0x6a, 0xeb, 0x6a, 0xeb, 0x6a,
        0xeb, 0x6a, 0xeb, 0x6a, 0xeb, 0x6a, 0xeb, 0x6a, 0xeb, 0x6a, 0xeb, 0x6a,
        0xeb, 0x6a, 0xeb, 0x6a, 0xeb, 0x6a, 0xeb, 0x6a, 0xeb, 0x6a, 0xeb, 0x6a,
        0xeb, 0x6a, 0xeb, 0x6a, 0xeb, 0x6a, 0xeb, 0x6a, 0xeb, 0x6a, 0xeb, 0x6a,
        0xeb, 0x62, 0xeb, 0x62, 0xeb, 0x62, 0xeb, 0x62, 0xeb, 0x62, 0xeb, 0x62,
        0xeb, 0x62, 0xeb, 0x62, 0xeb, 0x62, 0xeb, 0x62, 0xeb, 0x62, 0xeb, 0x62,
        0xeb, 0x62, 0xeb, 0x62, 0xeb, 0x62, 0xeb, 0x62, 0xeb, 0x62, 0xeb, 0x62,
        0xeb, 0x62, 0xeb, 0x62, 0xeb, 0x62, 0xeb, 0x62, 0xeb, 0x62, 0xeb, 0x62,
        0xeb, 0x62, 0xeb, 0x62, 0xeb, 0x62, 0xeb, 0x62, 0xeb, 0x62, 0xeb, 0x62,
        0xeb, 0x62, 0xeb, 0x62, 0xeb, 0x62, 0xeb, 0x62, 0xeb, 0x62, 0xeb, 0x62,
        0xeb, 0x62, 0xeb, 0x62, 0xeb, 0x62, 0xeb, 0x62, 0xeb, 0x62, 0xeb, 0x62,
        0xeb, 0x62, 0xeb, 0x62, 0xeb, 0x62, 0xeb, 0x62, 0xeb, 0x62, 0xeb, 0x62,
        0xeb, 0x62, 0xeb, 0x62, 0xeb, 0x62, 0xeb, 0x62, 0xeb, 0x62, 0xeb, 0x62,
        0xeb, 0x62, 0xeb, 0x62, 0xeb, 0x62, 0xeb, 0x62, 0xeb, 0x62, 0xeb, 0x62,
        0xeb, 0x62, 0xeb, 0x62, 0xeb, 0x62, 0xeb, 0x62, 0xeb, 0x62, 0xeb, 0x62,
        0xeb, 0x62, 0xeb, 0x62, 0xeb, 0x62, 0xeb, 0x62, 0xb3, 0x4b, 0x7b, 0x34,
        0x7b, 0x34, 0x7b, 0x34, 0x7b, 0x34, 0x7b, 0x34, 0x7b, 0x34, 0x7b, 0x34,
        0x7b, 0x34, 0x17, 0x3c, 0xeb, 0x62, 0xeb, 0x62, 0xeb, 0x62, 0xeb, 0x62,
        0xeb, 0x62, 0xeb, 0x62, 0xeb, 0x6a, 0xeb, 0x6a, 0xcb, 0x6a, 0xcb, 0x6a,
        0xaa, 0x72, 0x8a, 0x72, 0x69, 0x7a, 0x28, 0x82, 0x08, 0x8a, 0xe7, 0x91,
        0x49, 0xa2, 0x28, 0xaa, 0x49, 0xa2, 0xe7, 0x91, 0x08, 0x8a, 0x28, 0x82,
        0x69, 0x7a, 0x8a, 0x72, 0xaa, 0x72, 0xcb, 0x6a, 0xcb, 0x6a, 0xeb, 0x6a,
        0xeb, 0x6a, 0xeb, 0x62, 0xeb, 0x62, 0xeb, 0x62, 0xeb, 0x62, 0xeb, 0x62,
        0xeb, 0x62, 0xeb, 0x62, 0xeb, 0x62, 0xeb, 0x62, 0xeb, 0x62, 0xeb, 0x62,
        0xeb, 0x62, 0xeb, 0x62, 0xeb, 0x62, 0xeb, 0x62, 0xeb, 0x62, 0xeb, 0x62,
        0xeb, 0x62, 0xeb, 0x62, 0xeb, 0x62, 0xeb, 0x62, 0xeb, 0x62, 0xeb, 0x62,
        0xeb, 0x62, 0xeb, 0x62, 0xeb, 0x62, 0xeb, 0x62, 0xeb, 0x62, 0xeb, 0x62,
        0xeb, 0x62, 0xeb, 0x62, 0xeb, 0x62, 0xeb, 0x62, 0xeb, 0x62, 0xeb, 0x62,
        0xeb, 0x62, 0xeb, 0x62, 0xeb, 0x62, 0xeb, 0x62, 0xeb, 0x62, 0xeb, 0x62,
        0xeb, 0x6a, 0xeb, 0x6a, 0xeb, 0x6a, 0xeb, 0x6a, 0xeb, 0x6a, 0xeb, 0x6a,
        0xeb, 0x6a, 0xeb, 0x6a, 0xeb, 0x6a, 0xeb, 0x6a, 0xeb, 0x6a, 0xeb, 0x6a,
        0xeb, 0x6a, 0xeb, 0x6a, 0xeb, 0x6a, 0xeb, 0x6a, 0xeb, 0x6a, 0xeb, 0x6a,
        0xeb, 0x6a, 0xeb, 0x6a, 0xeb, 0x6a, 0xeb, 0x6a, 0xeb, 0x6a, 0xeb, 0x6a,
        0xeb, 0x6a, 0xeb, 0x6a, 0xeb, 0x6a, 0xeb, 0x6a, 0xeb, 0x6a, 0xeb, 0x6a,
        0xeb, 0x6a, 0xeb, 0x6a, 0xeb, 0x6a, 0xeb, 0x6a, 0xeb, 0x6a, 0xeb, 0x6a,
        0xeb, 0x6a, 0xeb, 0x6a, 0xeb, 0x6a, 0xeb, 0x6a, 0xeb, 0x6a, 0xeb, 0x6a,
        0xeb, 0x6a, 0xeb, 0x6a, 0xeb, 0x6a, 0xeb, 0x6a, 0xeb, 0x6a, 0xeb, 0x6a,
        0xeb, 0x6a, 0xeb, 0x6a, 0xeb, 0x6a, 0xeb, 0x6a, 0xeb, 0x6a, 0xeb, 0x6a,
        0xeb, 0x6a, 0xeb, 0x6a, 0xeb, 0x6a, 0xeb, 0x6a, 0xeb, 0x6a, 0xeb, 0x6a,
        0xeb, 0x6a, 0xeb, 0x6a, 0xeb, 0x6a, 0xeb, 0x6a, 0xeb, 0x6a, 0xeb, 0x6a,
        0xeb, 0x6a, 0xeb, 0x6a, 0xeb, 0x6a, 0xb3, 0x4b, 0x7b, 0x34, 0x7b, 0x34,
        0x7b, 0x34, 0x7b, 0x34, 0x7b, 0x34, 0x7b, 0x34, 0x7b, 0x34, 0x7b, 0x34,
        0x7b, 0x34, 0x7b, 0x34, 0x4f, 0x5b, 0xeb, 0x6a, 0xeb, 0x6a, 0xeb, 0x6a,
        0xeb, 0x6a, 0xeb, 0x6a, 0xeb, 0x6a, 0xeb, 0x6a, 0xeb, 0x6a, 0xcb, 0x6a,
        0xcb, 0x6a, 0xaa, 0x72, 0x8a, 0x72, 0x8a, 0x7a, 0x69, 0x7a, 0x49, 0x82,
        0x28, 0x82, 0x28, 0x82, 0x28, 0x82, 0x49, 0x82, 0x69, 0x7a, 0x8a, 0x7a,
        0x8a, 0x72, 0xaa, 0x72, 0xcb, 0x6a, 0xcb, 0x6a, 0xeb, 0x6a, 0xeb, 0x6a,
        0xeb, 0x6a, 0xeb, 0x6a, 0xeb, 0x6a, 0xeb, 0x6a, 0xeb, 0x6a, 0xeb, 0x6a,
        0xeb, 0x6a, 0xeb, 0x6a, 0xeb, 0x6a, 0xeb, 0x6a, 0xeb, 0x6a, 0xeb, 0x6a,
        0xeb, 0x6a, 0xeb, 0x6a, 0xeb, 0x6a, 0xeb, 0x6a, 0xeb, 0x6a, 0xeb, 0x6a,
        0xeb, 0x6a, 0xeb, 0x6a, 0xeb, 0x6a, 0xeb, 0x6a, 0xeb, 0x6a, 0xeb, 0x6a,
        0xeb, 0x6a, 0xeb, 0x6a, 0xeb, 0x6a, 0xeb, 0x6a, 0xeb, 0x6a, 0xeb, 0x6a,
        0xeb, 0x6a, 0xeb, 0x6a, 0xeb, 0x6a, 0xeb, 0x6a, 0xeb, 0x6a, 0xeb, 0x6a,
        0xeb, 0x6a, 0xeb, 0x6a, 0xeb, 0x6a, 0xeb, 0x6a, 0xeb, 0x6a, 0xeb, 0x6a,
        0xeb, 0x62, 0xeb, 0x6a, 0xeb, 0x62, 0xeb, 0x6a, 0xeb, 0x62, 0xeb, 0x6a,
        0xeb, 0x62, 0xeb, 0x6a, 0xeb, 0x62, 0xeb, 0x6a, 0xeb, 0x62, 0xeb, 0x6a,
        0xeb, 0x62, 0xeb, 0x6a, 0xeb, 0x62, 0xeb, 0x6a, 0xeb, 0x62, 0xeb, 0x6a,
        0xeb, 0x62, 0xeb, 0x6a, 0xeb, 0x62, 0xeb, 0x6a, 0xeb, 0x62, 0xeb, 0x6a,
        0xeb, 0x62, 0xeb, 0x6a, 0xeb, 0x62, 0xeb, 0x6a, 0xeb, 0x62, 0xeb, 0x6a,
        0xeb, 0x62, 0xeb, 0x6a, 0xeb, 0x62, 0xeb, 0x6a, 0xeb, 0x62, 0xeb, 0x6a,
        0xeb, 0x62, 0xeb, 0x6a, 0xeb, 0x62, 0xeb, 0x6a, 0xeb, 0x62, 0xeb, 0x6a,
        0xeb, 0x62, 0xeb, 0x6a, 0xeb, 0x62, 0xeb, 0x6a, 0xeb, 0x62, 0xeb, 0x6a,
        0xeb, 0x62, 0xeb, 0x6a, 0xeb, 0x62, 0xeb, 0x6a, 0xeb, 0x62, 0xeb, 0x6a,
        0xeb, 0x62, 0xeb, 0x6a, 0xeb, 0x62, 0xeb, 0x6a, 0xeb, 0x62, 0xeb, 0x6a,
        0xeb, 0x62, 0xeb, 0x6a, 0xeb, 0x62, 0xeb, 0x6a, 0xeb, 0x62, 0xeb, 0x6a,
        0xeb, 0x62, 0xeb, 0x6a, 0xeb, 0x62, 0xb3, 0x4b, 0x7b, 0x34, 0x7b, 0x34,
        0x7b, 0x34, 0x7b, 0x34, 0x7b, 0x34, 0x7b, 0x34, 0x7b, 0x34, 0x7b, 0x34,
        0x7b, 0x34, 0x7b, 0x34, 0x17, 0x44, 0xeb, 0x6a, 0xeb, 0x62, 0xeb, 0x6a,
        0xeb, 0x62, 0xeb, 0x6a, 0xeb, 0x62, 0xeb, 0x6a, 0xeb, 0x6a, 0xeb, 0x6a,
        0xcb, 0x6a, 0xcb, 0x6a, 0xcb, 0x6a, 0xaa, 0x72, 0xaa, 0x72, 0x8a, 0x72,
        0x8a, 0x72, 0x8a, 0x7a, 0x8a, 0x72, 0x8a, 0x72, 0xaa, 0x72, 0xaa, 0x72,
        0xcb, 0x6a, 0xcb, 0x6a, 0xcb, 0x6a, 0xeb, 0x6a, 0xeb, 0x6a, 0xeb, 0x6a,
        0xeb, 0x62, 0xeb, 0x6a, 0xeb, 0x62, 0xeb, 0x6a, 0xeb, 0x62, 0xeb, 0x6a,
        0xeb, 0x62, 0xeb, 0x6a, 0xeb, 0x62, 0xeb, 0x6a, 0xeb, 0x62, 0xeb, 0x6a,
        0xeb, 0x62, 0xeb, 0x6a, 0xeb, 0x62, 0xeb, 0x6a, 0xeb, 0x62, 0xeb, 0x6a,
        0xeb, 0x62, 0xeb, 0x6a, 0xeb, 0x62, 0xeb, 0x6a, 0xeb, 0x62, 0xeb, 0x6a,
        0xeb, 0x62, 0xeb, 0x6a, 0xeb, 0x62, 0xeb, 0x6a, 0xeb, 0x62, 0xeb, 0x6a,
        0xeb, 0x62, 0xeb, 0x6a, 0xeb, 0x62, 0xeb, 0x6a, 0xeb, 0x62, 0xeb, 0x6a,
        0xeb, 0x62, 0xeb, 0x6a, 0xeb, 0x62, 0xeb, 0x6a, 0xeb, 0x62, 0xeb, 0x6a,
        0xeb, 0x6a, 0xeb, 0x6a, 0xeb, 0x6a, 0xeb, 0x6a, 0xeb, 0x6a, 0xeb, 0x6a,
        0xeb, 0x6a, 0xeb, 0x6a, 0xeb, 0x6a, 0xeb, 0x6a, 0xeb, 0x6a, 0xeb, 0x6a,
        0xeb, 0x6a, 0xeb, 0x6a, 0xeb, 0x6a, 0xeb, 0x6a, 0xeb, 0x6a, 0xeb, 0x6a,
        0xeb, 0x6a, 0xeb, 0x6a, 0xeb, 0x6a, 0xeb, 0x6a, 0xeb, 0x6a, 0xeb, 0x6a,
        0xeb, 0x6a, 0xeb, 0x6a, 0xeb, 0x6a, 0xeb, 0x6a, 0xeb, 0x6a, 0xeb, 0x6a,
        0xeb, 0x6a, 0xeb, 0x6a, 0xeb, 0x6a, 0xeb, 0x6a, 0xeb, 0x6a, 0xeb, 0x6a,
        0xeb, 0x6a, 0xeb, 0x6a, 0xeb, 0x6a, 0xeb, 0x6a, 0xeb, 0x6a, 0xeb, 0x6a,
        0xeb, 0x6a, 0xeb, 0x6a, 0xeb, 0x6a, 0xeb, 0x6a, 0xeb, 0x6a, 0xeb, 0x6a,
        0xeb, 0x6a, 0xeb, 0x6a, 0xeb, 0x6a, 0xeb, 0x6a, 0xeb, 0x6a, 0xeb, 0x6a,
        0xeb, 0x6a, 0xeb, 0x6a, 0xeb, 0x6a, 0xeb, 0x6a, 0xeb, 0x6a, 0xeb, 0x6a,
        0xeb, 0x6a, 0xeb, 0x6a, 0xeb, 0x6a, 0xeb, 0x6a, 0xeb, 0x6a, 0xeb, 0x6a,
        0xeb, 0x6a, 0xeb, 0x6a, 0xb3, 0x4b, 0x9c, 0x34, 0x9c, 0x34, 0x9c, 0x34,
        0x9c, 0x34, 0x9c, 0x34, 0x9c, 0x34, 0x9c, 0x34, 0x9c, 0x34, 0x9c, 0x34,
        0x9c, 0x34, 0x9c, 0x34, 0x9c, 0x34, 0x4f, 0x5b, 0xeb, 0x6a, 0xeb, 0x6a,
        0xeb, 0x6a, 0xeb, 0x6a, 0xeb, 0x6a, 0xeb, 0x6a, 0xeb, 0x6a, 0xeb, 0x6a,
        0xeb, 0x6a, 0xeb, 0x6a, 0xcb, 0x6a, 0xcb, 0x6a, 0xcb, 0x6a, 0xcb, 0x6a,
        0xaa, 0x72, 0xaa, 0x72, 0xaa, 0x72, 0xcb, 0x6a, 0xcb, 0x6a, 0xcb, 0x6a,
        0xcb, 0x6a, 0xeb, 0x6a, 0xeb, 0x6a, 0xeb, 0x6a, 0xeb, 0x6a, 0xeb, 0x6a,
        0xeb, 0x6a, 0xeb, 0x6a, 0xeb, 0x6a, 0xeb, 0x6a, 0xeb, 0x6a, 0xeb, 0x6a,
        0xeb, 0x6a, 0xeb, 0x6a, 0xeb, 0x6a, 0xeb, 0x6a, 0xeb, 0x6a, 0xeb, 0x6a,
        0xeb, 0x6a, 0xeb, 0x6a, 0xeb, 0x6a, 0xeb, 0x6a, 0xeb, 0x6a, 0xeb, 0x6a,
        0xeb, 0x6a, 0xeb, 0x6a, 0xeb, 0x6a, 0xeb, 0x6a, 0xeb, 0x6a, 0xeb, 0x6a,
        0xeb, 0x6a, 0xeb, 0x6a, 0xeb, 0x6a, 0xeb, 0x6a, 0xeb, 0x6a, 0xeb, 0x6a,
        0xeb, 0x6a, 0xeb, 0x6a, 0xeb, 0x6a, 0xeb, 0x6a, 0xeb, 0x6a, 0xeb, 0x6a,
        0xeb, 0x6a, 0xeb, 0x6a, 0xeb, 0x6a, 0xeb, 0x6a, 0xeb, 0x6a, 0xeb, 0x6a,
        0xeb, 0x62, 0xeb, 0x6a, 0xeb, 0x62, 0xeb, 0x6a, 0xeb, 0x62, 0xeb, 0x6a,
        0xeb, 0x62, 0xeb, 0x6a, 0xeb, 0x62, 0xeb, 0x6a, 0xeb, 0x62, 0xeb, 0x6a,
        0xeb, 0x62, 0xeb, 0x6a, 0xeb, 0x62, 0xeb, 0x6a, 0xeb, 0x62, 0xeb, 0x6a,
        0xeb, 0x62, 0xeb, 0x6a, 0xeb, 0x62, 0xeb, 0x6a, 0xeb, 0x62, 0xeb, 0x6a,
        0xeb, 0x62, 0xeb, 0x6a, 0xeb, 0x62, 0xeb, 0x6a, 0xeb, 0x62, 0xeb, 0x6a,
        0xeb, 0x62, 0xeb, 0x6a, 0xeb, 0x62, 0xeb, 0x6a, 0xeb, 0x62, 0xeb, 0x6a,
        0xeb, 0x62, 0xeb, 0x6a, 0xeb, 0x62, 0xeb, 0x6a, 0xeb, 0x62, 0xeb, 0x6a,
        0xeb, 0x62, 0xeb, 0x6a, 0xeb, 0x62, 0xeb, 0x6a, 0xeb, 0x62, 0xeb, 0x6a,
        0xeb, 0x62, 0xeb, 0x6a, 0xeb, 0x62, 0xeb, 0x6a, 0xeb, 0x62, 0xeb, 0x6a,
        0xeb, 0x62, 0xeb, 0x6a, 0xeb, 0x62, 0xeb, 0x6a, 0xeb, 0x62, 0xeb, 0x6a,
        0xeb, 0x62, 0xeb, 0x6a, 0xeb, 0x62, 0xeb, 0x6a, 0xeb, 0x62, 0xeb, 0x6a,
        0xeb, 0x62, 0xeb, 0x6a, 0xb4, 0x4b, 0x9c, 0x34, 0x9c, 0x34, 0x9c, 0x34,
        0x9c, 0x34, 0x9c, 0x34, 0x9c, 0x34, 0x9c, 0x34, 0x9c, 0x34, 0x9c, 0x34,
        0x9c, 0x34, 0x9c, 0x34, 0x9c, 0x34, 0x38, 0x44, 0xeb, 0x62, 0xeb, 0x6a,
        0xeb, 0x62, 0xeb, 0x6a, 0xeb, 0x62, 0xeb, 0x6a, 0xeb, 0x62, 0xeb, 0x6a,
        0xeb, 0x6a, 0xeb, 0x6a, 0xeb, 0x6a, 0xeb, 0x6a, 0xcb, 0x6a, 0xcb, 0x6a,
        0xcb, 0x6a, 0xcb, 0x6a, 0xcb, 0x6a, 0xcb, 0x6a, 0xcb, 0x6a, 0xeb, 0x6a,
        0xeb, 0x6a, 0xeb, 0x6a, 0xeb, 0x6a, 0xeb, 0x6a, 0xeb, 0x62, 0xeb, 0x6a,
        0xeb, 0x62, 0xeb, 0x6a, 0xeb, 0x62, 0xeb, 0x6a, 0xeb, 0x62, 0xeb, 0x6a,
        0xeb, 0x62, 0xeb, 0x6a, 0xeb, 0x62, 0xeb, 0x6a, 0xeb, 0x62, 0xeb, 0x6a,
        0xeb, 0x62, 0xeb, 0x6a, 0xeb, 0x62, 0xeb, 0x6a, 0xeb, 0x62, 0xeb, 0x6a,
        0xeb, 0x62, 0xeb, 0x6a, 0xeb, 0x62, 0xeb, 0x6a, 0xeb, 0x62, 0xeb, 0x6a,
        0xeb, 0x62, 0xeb, 0x6a, 0xeb, 0x62, 0xeb, 0x6a, 0xeb, 0x62, 0xeb, 0x6a,
        0xeb, 0x62, 0xeb, 0x6a, 0xeb, 0x62, 0xeb, 0x6a, 0xeb, 0x62, 0xeb, 0x6a,
        0xeb, 0x62, 0xeb, 0x6a, 0xeb, 0x62, 0xeb, 0x6a, 0xeb, 0x62, 0xeb, 0x6a,
        0xeb, 0x6a, 0xeb, 0x6a, 0xeb, 0x6a, 0xeb, 0x6a, 0xeb, 0x6a, 0xeb, 0x6a,
        0xeb, 0x6a, 0xeb, 0x6a, 0xeb, 0x6a, 0xeb, 0x6a, 0xeb, 0x6a, 0xeb, 0x6a,
        0xeb, 0x6a, 0xeb, 0x6a, 0xeb, 0x6a, 0xeb, 0x6a, 0xeb, 0x6a, 0xeb, 0x6a,
        0xeb, 0x6a, 0xeb, 0x6a, 0xeb, 0x6a, 0xeb, 0x6a, 0xeb, 0x6a, 0xeb, 0x6a,
        0xeb, 0x6a, 0xeb, 0x6a, 0xeb, 0x6a, 0xeb, 0x6a, 0xeb, 0x6a, 0xeb, 0x6a,
        0xeb, 0x6a, 0xeb, 0x6a, 0xeb, 0x6a, 0xeb, 0x6a, 0xeb, 0x6a, 0xeb, 0x6a,
        0xeb, 0x6a, 0xeb, 0x6a, 0xeb, 0x6a, 0xeb, 0x6a, 0xeb, 0x6a, 0xeb, 0x6a,
        0xeb, 0x6a, 0xeb, 0x6a, 0xeb, 0x6a, 0xeb, 0x6a, 0xeb, 0x6a, 0xeb, 0x6a,
        0xeb, 0x6a, 0xeb, 0x6a, 0xeb, 0x6a, 0xeb, 0x6a, 0xeb, 0x6a, 0xeb, 0x6a,
        0xeb, 0x6a, 0xeb, 0x6a, 0xeb, 0x6a, 0xeb, 0x6a, 0xeb, 0x6a, 0xeb, 0x6a,
        0xeb, 0x6a, 0xeb, 0x6a, 0xeb, 0x6a, 0xeb, 0x6a, 0xeb, 0x6a, 0xeb, 0x6a,
        0xeb, 0x6a, 0xd4, 0x53, 0x9c, 0x3c, 0x9c, 0x3c, 0x9c, 0x3c, 0x9c, 0x3c,
        0x9c, 0x3c, 0x9c, 0x3c, 0x9c, 0x3c, 0x9c, 0x3c, 0x9c, 0x3c, 0x9c, 0x3c,
        0x9c, 0x3c, 0x9c, 0x3c, 0x9c, 0x3c, 0x9c, 0x3c, 0x4f, 0x5b, 0xeb, 0x6a,
        0xeb, 0x6a, 0xeb, 0x6a, 0xeb, 0x6a, 0xeb, 0x6a, 0xeb, 0x6a, 0xeb, 0x6a,
        0xeb, 0x6a, 0xeb, 0x6a, 0xeb, 0x6a, 0xeb, 0x6a, 0xeb, 0x6a, 0xeb, 0x6a,
        0xeb, 0x6a, 0xeb, 0x6a, 0xeb, 0x6a, 0xeb, 0x6a, 0xeb, 0x6a, 0xeb, 0x6a,
        0xeb, 0x6a, 0xeb, 0x6a, 0xeb, 0x6a, 0xeb, 0x6a, 0xeb, 0x6a, 0xeb, 0x6a,
        0xeb, 0x6a, 0xeb, 0x6a, 0xeb, 0x6a, 0xeb, 0x6a, 0xeb, 0x6a, 0xeb, 0x6a,
        0xeb, 0x6a, 0xeb, 0x6a, 0xeb, 0x6a, 0xeb, 0x6a, 0xeb, 0x6a, 0xeb, 0x6a,
        0xeb, 0x6a, 0xeb, 0x6a, 0xeb, 0x6a, 0xeb, 0x6a, 0xeb, 0x6a, 0xeb, 0x6a,
        0xeb, 0x6a, 0xeb, 0x6a, 0xeb, 0x6a, 0xeb, 0x6a, 0xeb, 0x6a, 0xeb, 0x6a,
        0xeb, 0x6a, 0xeb, 0x6a, 0xeb, 0x6a, 0xeb, 0x6a, 0xeb, 0x6a, 0xeb, 0x6a,
        0xeb, 0x6a, 0xeb, 0x6a, 0xeb, 0x6a, 0xeb, 0x6a, 0xeb, 0x6a, 0xeb, 0x6a,
        0xeb, 0x6a, 0xeb, 0x6a, 0xeb, 0x6a, 0xeb, 0x6a, 0xeb, 0x6a, 0xeb, 0x6a,
        0xeb, 0x6a, 0xeb, 0x6a, 0xeb, 0x6a, 0xeb, 0x6a, 0xeb, 0x6a, 0xeb, 0x6a,
        0xeb, 0x6a, 0xeb, 0x6a, 0xeb, 0x6a, 0xeb, 0x6a, 0xeb, 0x6a, 0xeb, 0x6a,
        0xeb, 0x6a, 0xeb, 0x6a, 0xeb, 0x6a, 0xeb, 0x6a, 0xeb, 0x6a, 0xeb, 0x6a,
        0xeb, 0x6a, 0xeb, 0x6a, 0xeb, 0x6a, 0xeb, 0x6a, 0xeb, 0x6a, 0xeb, 0x6a,
        0xeb, 0x6a, 0xeb, 0x6a, 0xeb, 0x6a, 0xeb, 0x6a, 0xeb, 0x6a, 0xeb, 0x6a,
        0xeb, 0x6a, 0xeb, 0x6a, 0xeb, 0x6a, 0xeb, 0x6a, 0xeb, 0x6a, 0xeb, 0x6a,
        0xeb, 0x6a, 0xeb, 0x6a, 0xeb, 0x6a, 0xeb, 0x6a, 0xeb, 0x6a, 0xeb, 0x6a,
        0xeb, 0x6a, 0xeb, 0x6a, 0xeb, 0x6a, 0xeb, 0x6a, 0xeb, 0x6a, 0xeb, 0x6a,
        0xeb, 0x6a, 0xeb, 0x6a, 0xeb, 0x6a, 0xeb, 0x6a, 0xeb, 0x6a, 0xeb, 0x6a,
        0xeb, 0x6a, 0xeb, 0x6a, 0xeb, 0x6a, 0xeb, 0x6a, 0xeb, 0x6a, 0xeb, 0x6a,
        0xeb, 0x6a, 0xeb, 0x6a, 0xeb, 0x6a, 0xeb, 0x6a, 0xeb, 0x6a, 0xeb, 0x6a,
        0xeb, 0x6a, 0xd4, 0x53, 0x9c, 0x3c, 0x9c, 0x3c, 0x9c, 0x3c, 0x9c, 0x3c,
        0x9c, 0x3c, 0x9c, 0x3c, 0x9c, 0x3c, 0x9c, 0x3c, 0x9c, 0x3c, 0x9c, 0x3c,
        0x9c, 0x3c, 0x9c, 0x3c, 0x9c, 0x3c, 0x9c, 0x3c, 0x38, 0x44, 0xeb, 0x6a,
        0xeb, 0x6a, 0xeb, 0x6a, 0xeb, 0x6a, 0xeb, 0x6a, 0xeb, 0x6a, 0xeb, 0x6a,
        0xeb, 0x6a, 0xeb, 0x6a, 0xeb, 0x6a, 0xeb, 0x6a, 0xeb, 0x6a, 0xeb, 0x6a,
        0xeb, 0x6a, 0xeb, 0x6a, 0xeb, 0x6a, 0xeb, 0x6a, 0xeb, 0x6a, 0xeb, 0x6a,
        0xeb, 0x6a, 0xeb, 0x6a, 0xeb, 0x6a, 0xeb, 0x6a, 0xeb, 0x6a, 0xeb, 0x6a,
        0xeb, 0x6a, 0xeb, 0x6a, 0xeb, 0x6a, 0xeb, 0x6a, 0xeb, 0x6a, 0xeb, 0x6a,
        0xeb, 0x6a, 0xeb, 0x6a, 0xeb, 0x6a, 0xeb, 0x6a, 0xeb, 0x6a, 0xeb, 0x6a,
        0xeb, 0x6a, 0xeb, 0x6a, 0xeb, 0x6a, 0xeb, 0x6a, 0xeb, 0x6a, 0xeb, 0x6a,
        0xeb, 0x6a, 0xeb, 0x6a, 0xeb, 0x6a, 0xeb, 0x6a, 0xeb, 0x6a, 0xeb, 0x6a,
        0xeb, 0x6a, 0xeb, 0x6a, 0xeb, 0x6a, 0xeb, 0x6a, 0xeb, 0x6a, 0xeb, 0x6a,
        0xeb, 0x6a, 0xeb, 0x6a, 0xeb, 0x6a, 0xeb, 0x6a, 0xeb, 0x6a, 0xeb, 0x6a,
        0xeb, 0x6a, 0xeb, 0x6a, 0xeb, 0x6a, 0xeb, 0x6a, 0xeb, 0x6a, 0xeb, 0x6a,
        0xeb, 0x6a, 0xeb, 0x6a, 0xeb, 0x6a, 0xeb, 0x6a, 0xeb, 0x6a, 0xeb, 0x6a,
        0xeb, 0x6a, 0xeb, 0x6a, 0xeb, 0x6a, 0xeb, 0x6a, 0xeb, 0x6a, 0xeb, 0x6a,
        0xeb, 0x6a, 0xeb, 0x6a, 0xeb, 0x6a, 0xeb, 0x6a, 0xeb, 0x6a, 0xeb, 0x6a,
        0xeb, 0x6a, 0xeb, 0x6a, 0xeb, 0x6a, 0xeb, 0x6a, 0xeb, 0x6a, 0xeb, 0x6a,
        0xeb, 0x6a, 0xeb, 0x6a, 0xeb, 0x6a, 0xeb, 0x6a, 0xeb, 0x6a, 0xeb, 0x6a,
        0xeb, 0x6a, 0xeb, 0x6a, 0xeb, 0x6a, 0xeb, 0x6a, 0xeb, 0x6a, 0xeb, 0x6a,
        0xeb, 0x6a, 0xeb, 0x6a, 0xeb, 0x6a, 0xeb, 0x6a, 0xeb, 0x6a, 0xeb, 0x6a,
        0xeb, 0x6a, 0xeb, 0x6a, 0xeb, 0x6a, 0xeb, 0x6a, 0xeb, 0x6a, 0xeb, 0x6a,
        0xeb, 0x6a, 0xeb, 0x6a, 0xeb, 0x6a, 0xeb, 0x6a, 0xeb, 0x6a, 0xeb, 0x6a,
        0xeb, 0x6a, 0xeb, 0x6a, 0xeb, 0x6a, 0xeb, 0x6a, 0xeb, 0x6a, 0xeb, 0x6a,
        0xeb, 0x6a, 0xeb, 0x6a, 0xeb, 0x6a, 0xeb, 0x6a, 0xeb, 0x6a, 0xeb, 0x6a,
        0xd4, 0x53, 0x9d, 0x3c, 0x9d, 0x3c, 0x9d, 0x3c, 0x9d, 0x3c, 0x9d, 0x3c,
        0x9d, 0x3c, 0x9d, 0x3c, 0x9d, 0x3c, 0x9d, 0x3c, 0x9d, 0x3c, 0x9d, 0x3c,
        0x9d, 0x3c, 0x9d, 0x3c, 0x9d, 0x3c, 0x9d, 0x3c, 0x9d, 0x3c, 0x50, 0x5b,
        0xeb, 0x6a, 0xeb, 0x6a, 0xeb, 0x6a, 0xeb, 0x6a, 0xeb, 0x6a, 0xeb, 0x6a,
        0xeb, 0x6a, 0xeb, 0x6a, 0xeb, 0x6a, 0xeb, 0x6a, 0xeb, 0x6a, 0xeb, 0x6a,
        0xeb, 0x6a, 0xeb, 0x6a, 0xeb, 0x6a, 0xeb, 0x6a, 0xeb, 0x6a, 0xeb, 0x6a,
        0xeb, 0x6a, 0xeb, 0x6a, 0xeb, 0x6a, 0xeb, 0x6a, 0xeb, 0x6a, 0xeb, 0x6a,
        0xeb, 0x6a, 0xeb, 0x6a, 0xeb, 0x6a, 0xeb, 0x6a, 0xeb, 0x6a, 0xeb, 0x6a,
        0xeb, 0x6a, 0xeb, 0x6a, 0xeb, 0x6a, 0xeb, 0x6a, 0xeb, 0x6a, 0xeb, 0x6a,
        0xeb, 0x6a, 0xeb, 0x6a, 0xeb, 0x6a, 0xeb, 0x6a, 0xeb, 0x6a, 0xeb, 0x6a,
        0xeb, 0x6a, 0xeb, 0x6a, 0xeb, 0x6a, 0xeb, 0x6a, 0xeb, 0x6a, 0xeb, 0x6a,
        0xeb, 0x6a, 0xeb, 0x6a, 0xeb, 0x6a, 0xeb, 0x6a, 0xeb, 0x6a, 0xeb, 0x6a,
        0xeb, 0x6a, 0xeb, 0x6a, 0xeb, 0x6a, 0xeb, 0x6a, 0xeb, 0x6a, 0xeb, 0x6a,
        0xeb, 0x6a, 0xeb, 0x6a, 0xeb, 0x6a, 0xeb, 0x6a, 0xeb, 0x6a, 0xeb, 0x6a,
        0xeb, 0x6a, 0xeb, 0x6a, 0xeb, 0x6a, 0xeb, 0x6a, 0xeb, 0x6a, 0xeb, 0x6a,
        0xeb, 0x6a, 0xeb, 0x6a, 0xeb, 0x6a, 0xeb, 0x6a, 0xeb, 0x6a, 0xeb, 0x6a,
        0xeb, 0x6a, 0xeb, 0x6a, 0xeb, 0x6a, 0xeb, 0x6a, 0xeb, 0x6a, 0xeb, 0x6a,
        0xeb, 0x6a, 0xeb, 0x6a, 0xeb, 0x6a, 0xeb, 0x6a, 0xeb, 0x6a, 0xeb, 0x6a,
        0xeb, 0x6a, 0xeb, 0x6a, 0xeb, 0x6a, 0xeb, 0x6a, 0xeb, 0x6a, 0xeb, 0x6a,
        0xeb, 0x6a, 0xeb, 0x6a, 0xeb, 0x6a, 0xeb, 0x6a, 0xeb, 0x6a, 0xeb, 0x6a,
        0xeb, 0x6a, 0xeb, 0x6a, 0xeb, 0x6a, 0xeb, 0x6a, 0xeb, 0x6a, 0xeb, 0x6a,
        0xeb, 0x6a, 0xeb, 0x6a, 0xeb, 0x6a, 0xeb, 0x6a, 0xeb, 0x6a, 0xeb, 0x6a,
        0xeb, 0x6a, 0xeb, 0x6a, 0xeb, 0x6a, 0xeb, 0x6a, 0xeb, 0x6a, 0xeb, 0x6a,
        0xeb, 0x6a, 0xeb, 0x6a, 0xeb, 0x6a, 0xeb, 0x6a, 0xeb, 0x6a, 0xeb, 0x6a,
        0xeb, 0x6a, 0xeb, 0x6a, 0xeb, 0x6a, 0xeb, 0x6a, 0xeb, 0x6a, 0xeb, 0x6a,
        0xd4, 0x53, 0x9d, 0x3c, 0x9d, 0x3c, 0x9d, 0x3c, 0x9d, 0x3c, 0x9d, 0x3c,
        0x9d, 0x3c, 0x9d, 0x3c, 0x9d, 0x3c, 0x9d, 0x3c, 0x9d, 0x3c, 0x9d, 0x3c,
        0x9d, 0x3c, 0x9d, 0x3c, 0x9d, 0x3c, 0x9d, 0x3c, 0x9d, 0x3c, 0x38, 0x4c,
        0xeb, 0x6a, 0xeb, 0x6a, 0xeb, 0x6a, 0xeb, 0x6a, 0xeb, 0x6a, 0xeb, 0x6a,
        0xeb, 0x6a, 0xeb, 0x6a, 0xeb, 0x6a, 0xeb, 0x6a, 0xeb, 0x6a, 0xeb, 0x6a,
        0xeb, 0x6a, 0xeb, 0x6a, 0xeb, 0x6a, 0xeb, 0x6a, 0xeb, 0x6a, 0xeb, 0x6a,
        0xeb, 0x6a, 0xeb, 0x6a, 0xeb, 0x6a, 0xeb, 0x6a, 0xeb, 0x6a, 0xeb, 0x6a,
        0xeb, 0x6a, 0xeb, 0x6a, 0xeb, 0x6a, 0xeb, 0x6a, 0xeb, 0x6a, 0xeb, 0x6a,
        0xeb, 0x6a, 0xeb, 0x6a, 0xeb, 0x6a, 0xeb, 0x6a, 0xeb, 0x6a, 0xeb, 0x6a,
        0xeb, 0x6a, 0xeb, 0x6a, 0xeb, 0x6a, 0xeb, 0x6a, 0xeb, 0x6a, 0xeb, 0x6a,
        0xeb, 0x6a, 0xeb, 0x6a, 0xeb, 0x6a, 0xeb, 0x6a, 0xeb, 0x6a, 0xeb, 0x6a,
        0xeb, 0x6a, 0xeb, 0x6a, 0xeb, 0x6a, 0xeb, 0x6a, 0xeb, 0x6a, 0xeb, 0x6a,
        0xeb, 0x6a, 0xeb, 0x6a, 0xeb, 0x6a, 0xeb, 0x6a, 0xeb, 0x6a, 0xeb, 0x6a,
        0xeb, 0x6a, 0xeb, 0x6a, 0xeb, 0x6a, 0xeb, 0x6a, 0xeb, 0x6a, 0xeb, 0x6a,
        0xeb, 0x6a, 0xeb, 0x6a, 0xeb, 0x6a, 0xeb, 0x6a, 0xeb, 0x6a, 0xeb, 0x6a,
        0xeb, 0x6a, 0xeb, 0x6a, 0xeb, 0x6a, 0xeb, 0x6a, 0xeb, 0x6a, 0xeb, 0x6a,
        0xeb, 0x6a, 0xeb, 0x6a, 0xeb, 0x6a, 0xeb, 0x6a, 0xeb, 0x6a, 0xeb, 0x6a,
        0xeb, 0x6a, 0xeb, 0x6a, 0xeb, 0x6a, 0xeb, 0x6a, 0xeb, 0x6a, 0xeb, 0x6a,
        0xeb, 0x6a, 0xeb, 0x6a, 0xeb, 0x6a, 0xeb, 0x6a, 0xeb, 0x6a, 0xeb, 0x6a,
        0xeb, 0x6a, 0xeb, 0x6a, 0xeb, 0x6a, 0xeb, 0x6a, 0xeb, 0x6a, 0xeb, 0x6a,
        0xeb, 0x6a, 0xeb, 0x6a, 0xeb, 0x6a, 0xeb, 0x6a, 0xeb, 0x6a, 0xeb, 0x6a,
        0xeb, 0x6a, 0xeb, 0x6a, 0xeb, 0x6a, 0xeb, 0x6a, 0xeb, 0x6a, 0xeb, 0x6a,
        0xeb, 0x6a, 0xeb, 0x6a, 0xeb, 0x6a, 0xeb, 0x6a, 0xeb, 0x6a, 0xeb, 0x6a,
        0xeb, 0x6a, 0xeb, 0x6a, 0xeb, 0x6a, 0xeb, 0x6a, 0xeb, 0x6a, 0xeb, 0x6a,
        0xeb, 0x6a, 0xeb, 0x6a, 0xeb, 0x6a, 0xeb, 0x6a, 0xeb, 0x6a, 0xd4, 0x53,
        0xbd, 0x3c, 0xbd, 0x44, 0xbd, 0x3c, 0xbd, 0x3c, 0xbd, 0x3c, 0xbd, 0x44,
        0xbd, 0x3c, 0xbd, 0x3c, 0xbd, 0x3c, 0xbd, 0x44, 0xbd, 0x3c, 0xbd, 0x3c,
        0xbd, 0x3c, 0xbd, 0x44, 0xbd, 0x3c, 0xbd, 0x3c, 0xbd, 0x3c, 0xbd, 0x44,
        0x50, 0x5b, 0xeb, 0x6a, 0xeb, 0x6a, 0xeb, 0x6a, 0xeb, 0x6a, 0xeb, 0x6a,
        0xeb, 0x6a, 0xeb, 0x6a, 0xeb, 0x6a, 0xeb, 0x6a, 0xeb, 0x6a, 0xeb, 0x6a,
        0xeb, 0x6a, 0xeb, 0x6a, 0xeb, 0x6a, 0xeb, 0x6a, 0xeb, 0x6a, 0xeb, 0x6a,
        0xeb, 0x6a, 0xeb, 0x6a, 0xeb, 0x6a, 0xeb, 0x6a, 0xeb, 0x6a, 0xeb, 0x6a,
        0xeb, 0x6a, 0xeb, 0x6a, 0xeb, 0x6a, 0xeb, 0x6a, 0xeb, 0x6a, 0xeb, 0x6a,
        0xeb, 0x6a, 0xeb, 0x6a, 0xeb, 0x6a, 0xeb, 0x6a, 0xeb, 0x6a, 0xeb, 0x6a,
        0xeb, 0x6a, 0xeb, 0x6a, 0xeb, 0x6a, 0xeb, 0x6a, 0xeb, 0x6a, 0xeb, 0x6a,
        0xeb, 0x6a, 0xeb, 0x6a, 0xeb, 0x6a, 0xeb, 0x6a, 0xeb, 0x6a, 0xeb, 0x6a,
        0xeb, 0x6a, 0xeb, 0x6a, 0xeb, 0x6a, 0xeb, 0x6a, 0xeb, 0x6a, 0xeb, 0x6a,
        0xeb, 0x6a, 0xeb, 0x6a, 0xeb, 0x6a, 0xeb, 0x6a, 0xeb, 0x6a, 0xeb, 0x6a,
        0xeb, 0x6a, 0xeb, 0x6a, 0xeb, 0x6a, 0xeb, 0x6a, 0xeb, 0x6a, 0xeb, 0x6a,
        0xeb, 0x6a, 0xeb, 0x6a, 0xeb, 0x6a, 0xeb, 0x6a, 0xeb, 0x6a, 0xeb, 0x6a,
        0xeb, 0x6a, 0xeb, 0x6a, 0xeb, 0x6a, 0xeb, 0x6a, 0xeb, 0x6a, 0xeb, 0x6a,
        0xeb, 0x6a, 0xdb, 0xde, 0x7d, 0xef, 0x7d, 0xef, 0x9a, 0xd6, 0x2b, 0x6b,
        0x0b, 0x6b, 0xeb, 0x6a, 0xeb, 0x6a, 0xeb, 0x6a, 0xeb, 0x6a, 0xb6, 0xb5,
        0x7d, 0xef, 0x7d, 0xef, 0x5d, 0xef, 0x2c, 0x6b, 0x0b, 0x6b, 0xeb, 0x6a,
        0xeb, 0x6a, 0xeb, 0x6a, 0xeb, 0x6a, 0xeb, 0x6a, 0xeb, 0x6a, 0xeb, 0x6a,
        0xeb, 0x6a, 0xeb, 0x6a, 0xeb, 0x6a, 0xeb, 0x6a, 0xeb, 0x6a, 0xeb, 0x6a,
        0xeb, 0x6a, 0xeb, 0x6a, 0xeb, 0x6a, 0xeb, 0x6a, 0xeb, 0x6a, 0xeb, 0x6a,
        0xeb, 0x6a, 0xeb, 0x6a, 0xeb, 0x6a, 0xeb, 0x6a, 0xeb, 0x6a, 0xeb, 0x6a,
        0xeb, 0x6a, 0xeb, 0x6a, 0xeb, 0x6a, 0xeb, 0x6a, 0xeb, 0x6a, 0xeb, 0x6a,
        0xeb, 0x6a, 0xeb, 0x6a, 0xeb, 0x6a, 0xeb, 0x6a, 0xeb, 0x6a, 0xd4, 0x53,
        0xbd, 0x44, 0xbd, 0x44, 0xbd, 0x44, 0xbd, 0x44, 0xbd, 0x44, 0xbd, 0x44,
        0xbd, 0x44, 0xbd, 0x44, 0xbd, 0x44, 0xbd, 0x44, 0xbd, 0x44, 0xbd, 0x44,
        0xbd, 0x44, 0xbd, 0x44, 0xbd, 0x44, 0xbd, 0x44, 0xbd, 0x44, 0xbd, 0x44,
        0x39, 0x4c, 0xeb, 0x6a, 0xeb, 0x6a, 0xeb, 0x6a, 0xeb, 0x6a, 0xeb, 0x6a,
        0xeb, 0x6a, 0xeb, 0x6a, 0xeb, 0x6a, 0xeb, 0x6a, 0xeb, 0x6a, 0xeb, 0x6a,
        0xeb, 0x6a, 0xeb, 0x6a, 0xeb, 0x6a, 0xeb, 0x6a, 0xeb, 0x6a, 0xeb, 0x6a,
        0xeb, 0x6a, 0xeb, 0x6a, 0xeb, 0x6a, 0xeb, 0x6a, 0xeb, 0x6a, 0xeb, 0x6a,
        0xeb, 0x6a, 0xeb, 0x6a, 0xeb, 0x6a, 0xeb, 0x6a, 0xeb, 0x6a, 0xeb, 0x6a,
        0xeb, 0x6a, 0xeb, 0x6a, 0xeb, 0x6a, 0xeb, 0x6a, 0xeb, 0x6a, 0xeb, 0x6a,
        0xeb, 0x6a, 0xeb, 0x6a, 0xeb, 0x6a, 0xeb, 0x6a, 0xeb, 0x6a, 0xeb, 0x6a,
        0xeb, 0x6a, 0xeb, 0x6a, 0xeb, 0x6a, 0xeb, 0x6a, 0xeb, 0x6a, 0xeb, 0x6a,
        0xeb, 0x6a, 0xeb, 0x6a, 0xeb, 0x6a, 0xeb, 0x6a, 0xeb, 0x6a, 0xeb, 0x6a,
        0xeb, 0x6a, 0xeb, 0x6a, 0xeb, 0x6a, 0xeb, 0x6a, 0xeb, 0x6a, 0xeb, 0x6a,
        0xeb, 0x6a, 0xeb, 0x6a, 0xeb, 0x6a, 0xeb, 0x6a, 0xeb, 0x6a, 0xeb, 0x6a,
        0xeb, 0x6a, 0xeb, 0x6a, 0xeb, 0x6a, 0xeb, 0x6a, 0xeb, 0x6a, 0xeb, 0x6a,
        0xeb, 0x6a, 0xeb, 0x6a, 0xeb, 0x6a, 0xeb, 0x6a, 0xeb, 0x6a, 0xeb, 0x6a,
        0xeb, 0x6a, 0x34, 0xad, 0xdf, 0xff, 0xdf, 0xff, 0xdf, 0xff, 0xb2, 0x9c,
        0x2b, 0x6b, 0xeb, 0x6a, 0xeb, 0x6a, 0xeb, 0x6a, 0x6d, 0x73, 0xdf, 0xf7,
        0xdf, 0xff, 0xdf, 0xff, 0x9a, 0xd6, 0x6b, 0x73, 0x0b, 0x6b, 0xeb, 0x6a,
        0xeb, 0x6a, 0xeb, 0x6a, 0xeb, 0x6a, 0xeb, 0x6a, 0xeb, 0x6a, 0xeb, 0x6a,
        0xeb, 0x6a, 0xeb, 0x6a, 0xeb, 0x6a, 0xeb, 0x6a, 0xeb, 0x6a, 0xeb, 0x6a,
        0xeb, 0x6a, 0xeb, 0x6a, 0xeb, 0x6a, 0xeb, 0x6a, 0xeb, 0x6a, 0xeb, 0x6a,
        0xeb, 0x6a, 0xeb, 0x6a, 0xeb, 0x6a, 0xeb, 0x6a, 0xeb, 0x6a, 0xeb, 0x6a,
        0xeb, 0x6a, 0xeb, 0x6a, 0xeb, 0x6a, 0xeb, 0x6a, 0xeb, 0x6a, 0xeb, 0x6a,
        0xeb, 0x6a, 0xeb, 0x6a, 0xeb, 0x6a, 0xeb, 0x6a, 0xd4, 0x53, 0xbe, 0x44,
        0xbe, 0x44, 0xbe, 0x44, 0xbe, 0x44, 0xbe, 0x44, 0xbe, 0x44, 0xbe, 0x44,
        0xbe, 0x44, 0xbe, 0x44, 0xbe, 0x44, 0xbe, 0x44, 0xbe, 0x44, 0xbe, 0x44,
        0xbe, 0x44, 0xbe, 0x44, 0xbe, 0x44, 0xbe, 0x44, 0xbe, 0x44, 0xbe, 0x44,
        0xbe, 0x44, 0x50, 0x63, 0xeb, 0x6a, 0xeb, 0x6a, 0xeb, 0x6a, 0xeb, 0x6a,
        0xeb, 0x6a, 0xeb, 0x6a, 0xeb, 0x6a, 0xeb, 0x6a, 0xeb, 0x6a, 0xeb, 0x6a,
        0xeb, 0x6a, 0xeb, 0x6a, 0xeb, 0x6a, 0xeb, 0x6a, 0xeb, 0x6a, 0xeb, 0x6a,
        0xeb, 0x6a, 0xeb, 0x6a, 0xeb, 0x6a, 0xeb, 0x6a, 0xeb, 0x6a, 0xeb, 0x6a,
        0xeb, 0x6a, 0xeb, 0x6a, 0xeb, 0x6a, 0xeb, 0x6a, 0xeb, 0x6a, 0xeb, 0x6a,
        0xeb, 0x6a, 0xeb, 0x6a, 0xeb, 0x6a, 0xeb, 0x6a, 0xeb, 0x6a, 0xeb, 0x6a,
        0xeb, 0x6a, 0xeb, 0x6a, 0xeb, 0x6a, 0xeb, 0x6a, 0xeb, 0x6a, 0xeb, 0x6a,
        0xeb, 0x6a, 0xeb, 0x6a, 0xeb, 0x6a, 0xeb, 0x6a, 0xeb, 0x6a, 0xeb, 0x6a,
        0xeb, 0x6a, 0xeb, 0x6a, 0xeb, 0x6a, 0xeb, 0x6a, 0xeb, 0x6a, 0xeb, 0x6a,
        0xeb, 0x6a, 0xeb, 0x6a, 0xeb, 0x6a, 0xeb, 0x6a, 0xeb, 0x6a, 0xeb, 0x6a,
        0xeb, 0x6a, 0xeb, 0x6a, 0xeb, 0x6a, 0xeb, 0x6a, 0xeb, 0x6a, 0xeb, 0x6a,
        0xeb, 0x6a, 0xeb, 0x6a, 0xeb, 0x6a, 0xeb, 0x6a, 0xeb, 0x6a, 0xeb, 0x6a,
        0xeb, 0x6a, 0xeb, 0x6a, 0xeb, 0x6a, 0xeb, 0x6a, 0xeb, 0x6a, 0xeb, 0x6a,
        0xeb, 0x6a, 0x0b, 0x6b, 0x7d, 0xef, 0xdf, 0xff, 0xdf, 0xff, 0x7d, 0xef,
        0x6b, 0x73, 0x0b, 0x6b, 0xeb, 0x6a, 0xeb, 0x6a, 0x9a, 0xd6, 0xdf, 0xff,
        0xdf, 0xff, 0xbe, 0xf7, 0x0d, 0x84, 0x6b, 0x73, 0x0b, 0x6b, 0xeb, 0x6a,
        0xeb, 0x6a, 0xeb, 0x6a, 0xeb, 0x6a, 0xeb, 0x6a, 0xeb, 0x6a, 0xeb, 0x6a,
        0xeb, 0x6a, 0xeb, 0x6a, 0xeb, 0x6a, 0xeb, 0x6a, 0xeb, 0x6a, 0xeb, 0x6a,
        0xeb, 0x6a, 0xeb, 0x6a, 0xeb, 0x6a, 0xeb, 0x6a, 0xeb, 0x6a, 0xeb, 0x6a,
        0xeb, 0x6a, 0xeb, 0x6a, 0xeb, 0x6a, 0xeb, 0x6a, 0xeb, 0x6a, 0xeb, 0x6a,
        0xeb, 0x6a, 0xeb, 0x6a, 0xeb, 0x6a, 0xeb, 0x6a, 0xeb, 0x6a, 0xeb, 0x6a,
        0xeb, 0x6a, 0xeb, 0x6a, 0xeb, 0x6a, 0xeb, 0x6a, 0xd4, 0x53, 0xbe, 0x44,
        0xbe, 0x44, 0xbe, 0x44, 0xbe, 0x44, 0xbe, 0x44, 0xbe, 0x44, 0xbe, 0x44,
        0xbe, 0x44, 0xbe, 0x44, 0xbe, 0x44, 0xbe, 0x44, 0xbe, 0x44, 0xbe, 0x44,
        0xbe, 0x44, 0xbe, 0x44, 0xbe, 0x44, 0xbe, 0x44, 0xbe, 0x44, 0xbe, 0x44,
        0xbe, 0x44, 0x59, 0x4c, 0xeb, 0x6a, 0xeb, 0x6a, 0xeb, 0x6a, 0xeb, 0x6a,
        0xeb, 0x6a, 0xeb, 0x6a, 0xeb, 0x6a, 0xeb, 0x6a, 0xeb, 0x6a, 0xeb, 0x6a,
        0xeb, 0x6a, 0xeb, 0x6a, 0xeb, 0x6a, 0xeb, 0x6a, 0xeb, 0x6a, 0xeb, 0x6a,
        0xeb, 0x6a, 0xeb, 0x6a, 0xeb, 0x6a, 0xeb, 0x6a, 0xeb, 0x6a, 0xeb, 0x6a,
        0xeb, 0x6a, 0xeb, 0x6a, 0xeb, 0x6a, 0xeb, 0x6a, 0xeb, 0x6a, 0xeb, 0x6a,
        0xeb, 0x6a, 0xeb, 0x6a, 0xeb, 0x6a, 0xeb, 0x6a, 0xeb, 0x6a, 0xeb, 0x6a,
        0xeb, 0x6a, 0xeb, 0x6a, 0xeb, 0x6a, 0xeb, 0x6a, 0xeb, 0x6a, 0xeb, 0x6a,
        0xeb, 0x6a, 0xeb, 0x6a, 0xeb, 0x6a, 0xeb, 0x6a, 0xeb, 0x6a, 0xeb, 0x6a,
        0xeb, 0x6a, 0xeb, 0x6a, 0xeb, 0x6a, 0xeb, 0x6a, 0xeb, 0x6a, 0xeb, 0x6a,
        0xeb, 0x6a, 0xeb, 0x6a, 0xeb, 0x6a, 0xeb, 0x6a, 0xeb, 0x6a, 0xeb, 0x6a,
        0xeb, 0x6a, 0xeb, 0x6a, 0xeb, 0x6a, 0xeb, 0x6a, 0xeb, 0x6a, 0xeb, 0x6a,
        0xeb, 0x6a, 0xeb, 0x6a, 0xeb, 0x6a, 0xeb, 0x6a, 0xeb, 0x6a, 0xeb, 0x6a,
        0xeb, 0x6a, 0xeb, 0x6a, 0xeb, 0x6a, 0xeb, 0x6a, 0xeb, 0x6a, 0xeb, 0x6a,
        0xeb, 0x6a, 0x0b, 0x6b, 0x71, 0x94, 0xdf, 0xff, 0xdf, 0xff, 0xdf, 0xff,
        0x75, 0xb5, 0x4b, 0x73, 0x0b, 0x6b, 0xcf, 0x83, 0xdf, 0xff, 0xdf, 0xff,
        0xdf, 0xff, 0xf7, 0xc5, 0xac, 0x7b, 0x4b, 0x73, 0x0b, 0x6b, 0xeb, 0x6a,
        0xeb, 0x6a, 0x8e, 0x7b, 0x51, 0x94, 0x71, 0x94, 0x2c, 0x73, 0xeb, 0x6a,
        0xeb, 0x6a, 0xeb, 0x6a, 0xeb, 0x6a, 0xeb, 0x6a, 0xeb, 0x6a, 0xeb, 0x6a,
        0xeb, 0x6a, 0xeb, 0x6a, 0xeb, 0x6a, 0xeb, 0x6a, 0xeb, 0x6a, 0xeb, 0x6a,
        0xeb, 0x6a, 0xeb, 0x6a, 0xeb, 0x6a, 0xeb, 0x6a, 0xeb, 0x6a, 0xeb, 0x6a,
        0xeb, 0x6a, 0xeb, 0x6a, 0xeb, 0x6a, 0xeb, 0x6a, 0xeb, 0x6a, 0xeb, 0x6a,
        0xeb, 0x6a, 0xeb, 0x6a, 0xeb, 0x6a, 0xd5, 0x5b, 0xbe, 0x44, 0xbe, 0x44,
        0xbe, 0x44, 0xbe, 0x44, 0xbe, 0x44, 0xbe, 0x44, 0xbe, 0x44, 0xbe, 0x44,
        0xbe, 0x44, 0xbe, 0x44, 0xbe, 0x44, 0xbe, 0x44, 0xbe, 0x44, 0xbe, 0x44,
        0xbe, 0x44, 0xbe, 0x44, 0xbe, 0x44, 0xbe, 0x44, 0xbe, 0x44, 0xbe, 0x44,
        0xbe, 0x44, 0xbe, 0x44, 0x70, 0x5b, 0xeb, 0x6a, 0xeb, 0x6a, 0xeb, 0x6a,
        0xeb, 0x6a, 0xeb, 0x6a, 0xeb, 0x6a, 0xeb, 0x6a, 0xeb, 0x6a, 0xeb, 0x6a,
        0xeb, 0x6a, 0xeb, 0x6a, 0xeb, 0x6a, 0xeb, 0x6a, 0xeb, 0x6a, 0xeb, 0x6a,
        0xeb, 0x6a, 0xeb, 0x6a, 0xeb, 0x6a, 0xeb, 0x6a, 0xeb, 0x6a, 0xeb, 0x6a,
        0xeb, 0x6a, 0xeb, 0x6a, 0xeb, 0x6a, 0xeb, 0x6a, 0xeb, 0x6a, 0xeb, 0x6a,
        0xeb, 0x6a, 0xeb, 0x6a, 0xeb, 0x6a, 0xeb, 0x6a, 0xeb, 0x6a, 0xeb, 0x6a,
        0xeb, 0x6a, 0xeb, 0x6a, 0xeb, 0x6a, 0xeb, 0x6a, 0xeb, 0x6a, 0xeb, 0x6a,
        0xeb, 0x6a, 0xeb, 0x6a, 0xeb, 0x6a, 0xeb, 0x6a, 0xeb, 0x6a, 0xeb, 0x6a,
        0xeb, 0x6a, 0xeb, 0x6a, 0xeb, 0x6a, 0xeb, 0x6a, 0xeb, 0x6a, 0xeb, 0x6a,
        0xeb, 0x6a, 0xeb, 0x6a, 0xeb, 0x6a, 0xeb, 0x6a, 0xeb, 0x6a, 0xeb, 0x6a,
        0xeb, 0x6a, 0xeb, 0x6a, 0xeb, 0x6a, 0xeb, 0x6a, 0xeb, 0x6a, 0xeb, 0x6a,
        0xeb, 0x6a, 0xeb, 0x6a, 0xeb, 0x6a, 0xeb, 0x6a, 0xeb, 0x6a, 0xeb, 0x6a,
        0xeb, 0x6a, 0xeb, 0x6a, 0xeb, 0x6a, 0xeb, 0x6a, 0xeb, 0x6a, 0xeb, 0x6a,
        0xeb, 0x6a, 0xeb, 0x6a, 0x0b, 0x6b, 0xdb, 0xde, 0xdf, 0xff, 0xdf, 0xff,
        0x9e, 0xf7, 0x8c, 0x7b, 0x2b, 0x6b, 0x1c, 0xe7, 0xdf, 0xff, 0xdf, 0xff,
        0x9e, 0xf7, 0xcc, 0x83, 0x6c, 0x73, 0x2b, 0x6b, 0xeb, 0x6a, 0xeb, 0x6a,
        0xeb, 0x6a, 0x79, 0xd6, 0xdf, 0xff, 0xdf, 0xff, 0xb2, 0x9c, 0x0b, 0x6b,
        0xeb, 0x6a, 0xeb, 0x6a, 0xeb, 0x6a, 0xeb, 0x6a, 0xeb, 0x6a, 0xeb, 0x6a,
        0xeb, 0x6a, 0xeb, 0x6a, 0xeb, 0x6a, 0xeb, 0x6a, 0xeb, 0x6a, 0xeb, 0x6a,
        0xeb, 0x6a, 0xeb, 0x6a, 0xeb, 0x6a, 0xeb, 0x6a, 0xeb, 0x6a, 0xeb, 0x6a,
        0xeb, 0x6a, 0xeb, 0x6a, 0xeb, 0x6a, 0xeb, 0x6a, 0xeb, 0x6a, 0xeb, 0x6a,
        0xeb, 0x6a, 0xeb, 0x6a, 0xeb, 0x6a, 0xd5, 0x5b, 0xbe, 0x44, 0xbe, 0x44,
        0xbe, 0x44, 0xbe, 0x44, 0xbe, 0x44, 0xbe, 0x44, 0xbe, 0x44, 0xbe, 0x44,
        0xbe, 0x44, 0xbe, 0x44, 0xbe, 0x44, 0xbe, 0x44, 0xbe, 0x44, 0xbe, 0x44,
        0xbe, 0x44, 0xbe, 0x44, 0xbe, 0x44, 0xbe, 0x44, 0xbe, 0x44, 0xbe, 0x44,
        0xbe, 0x44, 0xbe, 0x44, 0x5a, 0x4c, 0xeb, 0x6a, 0xeb, 0x6a, 0xeb, 0x6a,
        0xeb, 0x6a, 0xeb, 0x6a, 0xeb, 0x6a, 0xeb, 0x6a, 0xeb, 0x6a, 0xeb, 0x6a,
        0xeb, 0x6a, 0xeb, 0x6a, 0xeb, 0x6a, 0xeb, 0x6a, 0xeb, 0x6a, 0xeb, 0x6a,
        0xeb, 0x6a, 0xeb, 0x6a, 0xeb, 0x6a, 0xeb, 0x6a, 0xeb, 0x6a, 0xeb, 0x6a,
        0xeb, 0x6a, 0xeb, 0x6a, 0xeb, 0x6a, 0xeb, 0x6a, 0xeb, 0x6a, 0xeb, 0x6a,
        0xeb, 0x6a, 0xeb, 0x6a, 0xeb, 0x6a, 0xeb, 0x6a, 0xeb, 0x6a, 0xeb, 0x6a,
        0xeb, 0x6a, 0xeb, 0x6a, 0xeb, 0x6a, 0xeb, 0x6a, 0xeb, 0x6a, 0xeb, 0x6a,
        0xeb, 0x6a, 0xeb, 0x6a, 0xeb, 0x6a, 0xeb, 0x6a, 0xeb, 0x6a, 0xeb, 0x6a,
        0xeb, 0x6a, 0xeb, 0x6a, 0xeb, 0x6a, 0xeb, 0x6a, 0xeb, 0x6a, 0xeb, 0x6a,
        0xeb, 0x6a, 0xeb, 0x6a, 0xeb, 0x6a, 0xeb, 0x6a, 0xeb, 0x6a, 0xeb, 0x6a,
        0xeb, 0x6a, 0xeb, 0x6a, 0xeb, 0x6a, 0xeb, 0x6a, 0xeb, 0x6a, 0xeb, 0x6a,
        0xeb, 0x6a, 0xeb, 0x6a, 0xeb, 0x6a, 0xeb, 0x6a, 0xeb, 0x6a, 0xeb, 0x6a,
        0xeb, 0x6a, 0xeb, 0x6a, 0xeb, 0x6a, 0xeb, 0x6a, 0xeb, 0x6a, 0xeb, 0x6a,
        0xeb, 0x6a, 0xeb, 0x6a, 0xeb, 0x6a, 0xae, 0x83, 0xdf, 0xf7, 0xdf, 0xff,
        0xdf, 0xff, 0x17, 0xc6, 0xb2, 0x9c, 0xdf, 0xff, 0xdf, 0xff, 0xdf, 0xff,
        0x33, 0xad, 0xac, 0x7b, 0x4b, 0x73, 0x0b, 0x6b, 0xeb, 0x6a, 0xeb, 0x6a,
        0xeb, 0x6a, 0x99, 0xd6, 0xdf, 0xff, 0xdf, 0xff, 0xf2, 0xa4, 0x4b, 0x73,
        0x0b, 0x6b, 0xeb, 0x6a, 0xeb, 0x6a, 0xeb, 0x6a, 0xeb, 0x6a, 0xeb, 0x6a,
        0xeb, 0x6a, 0xeb, 0x6a, 0xeb, 0x6a, 0xeb, 0x6a, 0xeb, 0x6a, 0xeb, 0x6a,
        0xeb, 0x6a, 0xeb, 0x6a, 0xeb, 0x6a, 0xeb, 0x6a, 0xeb, 0x6a, 0xeb, 0x6a,
        0xeb, 0x6a, 0xeb, 0x6a, 0xeb, 0x6a, 0xeb, 0x6a, 0xeb, 0x6a, 0xeb, 0x6a,
        0xeb, 0x6a, 0xeb, 0x6a, 0xd5, 0x5b, 0xdf, 0x4c, 0xdf, 0x4c, 0xdf, 0x4c,
        0xdf, 0x4c, 0xdf, 0x4c, 0xdf, 0x4c, 0xdf, 0x4c, 0xdf, 0x4c, 0xdf, 0x4c,
        0xdf, 0x4c, 0xdf, 0x4c, 0xdf, 0x4c, 0xdf, 0x4c, 0xdf, 0x4c, 0xdf, 0x4c,
        0xdf, 0x4c, 0xdf, 0x4c, 0xdf, 0x4c, 0xdf, 0x4c, 0xdf, 0x4c, 0xdf, 0x4c,
        0xdf, 0x4c, 0xdf, 0x4c, 0xdf, 0x4c, 0x70, 0x63, 0xeb, 0x6a, 0xeb, 0x6a,
        0xeb, 0x6a, 0xeb, 0x6a, 0xeb, 0x6a, 0xeb, 0x6a, 0xeb, 0x6a, 0xeb, 0x6a,
        0xeb, 0x6a, 0xeb, 0x6a, 0xeb, 0x6a, 0xeb, 0x6a, 0xeb, 0x6a, 0xeb, 0x6a,
        0xeb, 0x6a, 0xeb, 0x6a, 0xeb, 0x6a, 0xeb, 0x6a, 0xeb, 0x6a, 0xeb, 0x6a,
        0xeb, 0x6a, 0xeb, 0x6a, 0xeb, 0x6a, 0xeb, 0x6a, 0xeb, 0x6a, 0xeb, 0x6a,
        0xeb, 0x6a, 0xeb, 0x6a, 0xeb, 0x6a, 0xeb, 0x6a, 0xeb, 0x6a, 0xeb, 0x6a,
        0xeb, 0x6a, 0xeb, 0x6a, 0xeb, 0x6a, 0xeb, 0x6a, 0xeb, 0x6a, 0xeb, 0x6a,
        0xeb, 0x6a, 0xeb, 0x6a, 0xeb, 0x6a, 0xeb, 0x6a, 0xeb, 0x6a, 0xeb, 0x6a,
        0xeb, 0x6a, 0xeb, 0x6a, 0xeb, 0x6a, 0xeb, 0x6a, 0xeb, 0x6a, 0xeb, 0x6a,
        0xeb, 0x6a, 0xeb, 0x6a, 0xeb, 0x6a, 0xeb, 0x6a, 0xeb, 0x6a, 0xeb, 0x6a,
        0xeb, 0x6a, 0xeb, 0x6a, 0xeb, 0x6a, 0xeb, 0x6a, 0xeb, 0x6a, 0xeb, 0x6a,
        0xeb, 0x6a, 0xeb, 0x6a, 0xeb, 0x6a, 0xeb, 0x6a, 0xeb, 0x6a, 0xeb, 0x6a,
        0xeb, 0x6a, 0xeb, 0x6a, 0xeb, 0x6a, 0xeb, 0x6a, 0xeb, 0x6a, 0xeb, 0x6a,
        0xeb, 0x6a, 0xeb, 0x6a, 0xeb, 0x6a, 0x0b, 0x6b, 0x18, 0xc6, 0xdf, 0xff,
        0xdf, 0xff, 0xbf, 0xf7, 0x7e, 0xf7, 0xdf, 0xff, 0xdf, 0xff, 0x1c, 0xe7,
        0xcc, 0x7b, 0x6c, 0x73, 0x0b, 0x6b, 0xeb, 0x6a, 0xeb, 0x6a, 0xeb, 0x6a,
        0xeb, 0x6a, 0x9a, 0xd6, 0xdf, 0xff, 0xdf, 0xff, 0xf3, 0xa4, 0x4b, 0x73,
        0x0b, 0x6b, 0xeb, 0x6a, 0xeb, 0x6a, 0xeb, 0x6a, 0xeb, 0x6a, 0xeb, 0x6a,
        0xeb, 0x6a, 0xeb, 0x6a, 0xeb, 0x6a, 0xeb, 0x6a, 0xeb, 0x6a, 0xeb, 0x6a,
        0xeb, 0x6a, 0xeb, 0x6a, 0xeb, 0x6a, 0xeb, 0x6a, 0xeb, 0x6a, 0xeb, 0x6a,
        0xeb, 0x6a, 0xeb, 0x6a, 0xeb, 0x6a, 0xeb, 0x6a, 0xeb, 0x6a, 0xeb, 0x6a,
        0xeb, 0x6a, 0xeb, 0x6a, 0xd5, 0x5b, 0xdf, 0x4c, 0xdf, 0x4c, 0xdf, 0x4c,
        0xdf, 0x4c, 0xdf, 0x4c, 0xdf, 0x4c, 0xdf, 0x4c, 0xdf, 0x4c, 0xdf, 0x4c,
        0xdf, 0x4c, 0xdf, 0x4c, 0xdf, 0x4c, 0xdf, 0x4c, 0xdf, 0x4c, 0xdf, 0x4c,
        0xdf, 0x4c, 0xdf, 0x4c, 0xdf, 0x4c, 0xdf, 0x4c, 0xdf, 0x4c, 0xdf, 0x4c,
        0xdf, 0x4c, 0xdf, 0x4c, 0xdf, 0x4c, 0x5a, 0x54, 0xeb, 0x6a, 0xeb, 0x6a,
        0xeb, 0x6a, 0xeb, 0x6a, 0xeb, 0x6a, 0xeb, 0x6a, 0xeb, 0x6a, 0xeb, 0x6a,
        0xeb, 0x6a, 0xeb, 0x6a, 0xeb, 0x6a, 0xeb, 0x6a, 0xeb, 0x6a, 0xeb, 0x6a,
        0xeb, 0x6a, 0xeb, 0x6a, 0xeb, 0x6a, 0xeb, 0x6a, 0xeb, 0x6a, 0xeb, 0x6a,
        0xeb, 0x6a, 0xeb, 0x6a, 0xeb, 0x6a, 0xeb, 0x6a, 0xeb, 0x6a, 0xeb, 0x6a,
        0xeb, 0x6a, 0xeb, 0x6a, 0xeb, 0x6a, 0xeb, 0x6a, 0xeb, 0x6a, 0xeb, 0x6a,
        0xeb, 0x6a, 0xeb, 0x6a, 0xeb, 0x6a, 0xeb, 0x6a, 0xeb, 0x6a, 0xeb, 0x6a,
        0xeb, 0x6a, 0xeb, 0x6a, 0xeb, 0x6a, 0xeb, 0x6a, 0xeb, 0x6a, 0xeb, 0x6a,
        0xeb, 0x6a, 0xeb, 0x6a, 0xeb, 0x6a, 0xeb, 0x6a, 0xeb, 0x6a, 0xeb, 0x6a,
        0xeb, 0x6a, 0xeb, 0x6a, 0xeb, 0x6a, 0xeb, 0x6a, 0xeb, 0x6a, 0xeb, 0x6a,
        0xeb, 0x6a, 0xeb, 0x6a, 0xeb, 0x6a, 0xeb, 0x6a, 0xeb, 0x6a, 0xeb, 0x6a,
        0xeb, 0x6a, 0xeb, 0x6a, 0xeb, 0x6a, 0xeb, 0x6a, 0xeb, 0x6a, 0xeb, 0x6a,
        0xeb, 0x6a, 0xeb, 0x6a, 0xeb, 0x6a, 0xeb, 0x6a, 0xeb, 0x6a, 0xeb, 0x6a,
        0xeb, 0x6a, 0xeb, 0x6a, 0xeb, 0x6a, 0xeb, 0x6a, 0x4c, 0x73, 0xbe, 0xf7,
        0xdf, 0xff, 0xdf, 0xff, 0xdf, 0xff, 0xdf, 0xff, 0xdf, 0xff, 0x6f, 0x94,
        0x8c, 0x7b, 0x2b, 0x73, 0x0b, 0x6b, 0xeb, 0x6a, 0xeb, 0x6a, 0xeb, 0x6a,
        0x0b, 0x6b, 0x9a, 0xd6, 0xdf, 0xff, 0xdf, 0xff, 0x13, 0xa5, 0x6c, 0x73,
        0x2b, 0x6b, 0xeb, 0x6a, 0xeb, 0x6a, 0xeb, 0x6a, 0xeb, 0x6a, 0xeb, 0x6a,
        0xeb, 0x6a, 0xeb, 0x6a, 0xeb, 0x6a, 0xeb, 0x6a, 0xeb, 0x6a, 0xeb, 0x6a,
        0xeb, 0x6a, 0xeb, 0x6a, 0xeb, 0x6a, 0xeb, 0x6a, 0xeb, 0x6a, 0xeb, 0x6a,
        0xeb, 0x6a, 0xeb, 0x6a, 0xeb, 0x6a, 0xeb, 0x6a, 0xeb, 0x6a, 0xeb, 0x6a,
        0xeb, 0x6a, 0xf5, 0x5b, 0xdf, 0x4c, 0xdf, 0x4c, 0xdf, 0x4c, 0xdf, 0x4c,
        0xdf, 0x4c, 0xdf, 0x4c, 0xdf, 0x4c, 0xdf, 0x4c, 0xdf, 0x4c, 0xdf, 0x4c,
        0xdf, 0x4c, 0xdf, 0x4c, 0xdf, 0x4c, 0xdf, 0x4c, 0xdf, 0x4c, 0xdf, 0x4c,
        0xdf, 0x4c, 0xdf, 0x4c, 0xdf, 0x4c, 0xdf, 0x4c, 0xdf, 0x4c, 0xdf, 0x4c,
        0xdf, 0x4c, 0xdf, 0x4c, 0xdf, 0x4c, 0xdf, 0x4c, 0x70, 0x63, 0xeb, 0x6a,
        0xeb, 0x6a, 0xeb, 0x6a, 0xeb, 0x6a, 0xeb, 0x6a, 0xeb, 0x6a, 0xeb, 0x6a,
        0xeb, 0x6a, 0xeb, 0x6a, 0xeb, 0x6a, 0xeb, 0x6a, 0xeb, 0x6a, 0xeb, 0x6a,
        0xeb, 0x6a, 0xeb, 0x6a, 0xeb, 0x6a, 0xeb, 0x6a, 0xeb, 0x6a, 0xeb, 0x6a,
        0xeb, 0x6a, 0xeb, 0x6a, 0xeb, 0x6a, 0xeb, 0x6a, 0xeb, 0x6a, 0xeb, 0x6a,
        0xeb, 0x6a, 0xeb, 0x6a, 0xeb, 0x6a, 0xeb, 0x6a, 0xeb, 0x6a, 0xeb, 0x6a,
        0xeb, 0x6a, 0xeb, 0x6a, 0xeb, 0x6a, 0xeb, 0x6a, 0xeb, 0x6a, 0xeb, 0x6a,
        0xeb, 0x6a, 0xeb, 0x6a, 0xeb, 0x6a, 0xeb, 0x6a, 0xeb, 0x6a, 0xeb, 0x6a,
        0xeb, 0x6a, 0xeb, 0x6a, 0xeb, 0x6a, 0xeb, 0x6a, 0xeb, 0x6a, 0xeb, 0x6a,
        0xeb, 0x6a, 0xeb, 0x6a, 0xeb, 0x6a, 0xeb, 0x6a, 0xeb, 0x6a, 0xeb, 0x6a,
        0xeb, 0x6a, 0xeb, 0x6a, 0xeb, 0x6a, 0xeb, 0x6a, 0xeb, 0x6a, 0xeb, 0x6a,
        0xeb, 0x6a, 0xeb, 0x6a, 0xeb, 0x6a, 0xeb, 0x6a, 0xeb, 0x6a, 0xeb, 0x6a,
        0xeb, 0x6a, 0xeb, 0x6a, 0xeb, 0x6a, 0xeb, 0x6a, 0xeb, 0x6a, 0xeb, 0x6a,
        0xeb, 0x6a, 0xeb, 0x6a, 0xeb, 0x6a, 0xeb, 0x6a, 0x0b, 0x6b, 0x34, 0xad,
        0xdf, 0xff, 0xdf, 0xff, 0xdf, 0xff, 0xdf, 0xff, 0x99, 0xd6, 0xac, 0x7b,
        0x4b, 0x73, 0x0b, 0x6b, 0x6d, 0x7b, 0x7d, 0xef, 0x7d, 0xef, 0x7d, 0xef,
        0x7d, 0xef, 0xdf, 0xff, 0xdf, 0xff, 0xdf, 0xff, 0xdf, 0xff, 0x7e, 0xf7,
        0x7d, 0xef, 0x7d, 0xef, 0xdb, 0xde, 0x2b, 0x6b, 0xeb, 0x6a, 0xeb, 0x6a,
        0xeb, 0x6a, 0xeb, 0x6a, 0xeb, 0x6a, 0xeb, 0x6a, 0xeb, 0x6a, 0xeb, 0x6a,
        0xeb, 0x6a, 0xeb, 0x6a, 0xeb, 0x6a, 0xeb, 0x6a, 0xeb, 0x6a, 0xeb, 0x6a,
        0xeb, 0x6a, 0xeb, 0x6a, 0xeb, 0x6a, 0xeb, 0x6a, 0xeb, 0x6a, 0xeb, 0x6a,
        0xeb, 0x6a, 0x70, 0x63, 0xd5, 0x5b, 0xf5, 0x5b, 0xd5, 0x5b, 0xf5, 0x5b,
        0xd5, 0x5b, 0xf5, 0x5b, 0xd5, 0x5b, 0xf5, 0x5b, 0xd5, 0x5b, 0xf5, 0x5b,
        0xd5, 0x5b, 0xf5, 0x5b, 0xd5, 0x5b, 0xf5, 0x5b, 0xd5, 0x5b, 0xf5, 0x5b,
        0xd5, 0x5b, 0xf5, 0x5b, 0xd5, 0x5b, 0xf5, 0x5b, 0xd5, 0x5b, 0xf5, 0x5b,
        0xd5, 0x5b, 0xf5, 0x5b, 0xd5, 0x5b, 0xf5, 0x5b, 0x70, 0x63, 0xeb, 0x6a,
        0xeb, 0x6a, 0xeb, 0x6a, 0xeb, 0x6a, 0xeb, 0x6a, 0xeb, 0x6a, 0xeb, 0x6a,
        0xeb, 0x6a, 0xeb, 0x6a, 0xeb, 0x6a, 0xeb, 0x6a, 0xeb, 0x6a, 0xeb, 0x6a,
        0xeb, 0x6a, 0xeb, 0x6a, 0xeb, 0x6a, 0xeb, 0x6a, 0xeb, 0x6a, 0xeb, 0x6a,
        0xeb, 0x6a, 0xeb, 0x6a, 0xeb, 0x6a, 0xeb, 0x6a, 0xeb, 0x6a, 0xeb, 0x6a,
        0xeb, 0x6a, 0xeb, 0x6a, 0xeb, 0x6a, 0xeb, 0x6a, 0xeb, 0x6a, 0xeb, 0x6a,
        0xeb, 0x6a, 0xeb, 0x6a, 0xeb, 0x6a, 0xeb, 0x6a, 0xeb, 0x6a, 0xeb, 0x6a,
        0xeb, 0x6a, 0xeb, 0x6a, 0xeb, 0x6a, 0xeb, 0x6a, 0xeb, 0x6a, 0xeb, 0x6a,
        0xeb, 0x6a, 0xeb, 0x6a, 0xeb, 0x6a, 0xeb, 0x6a, 0xeb, 0x6a, 0xeb, 0x6a,
        0xeb, 0x6a, 0xeb, 0x6a, 0xeb, 0x6a, 0xeb, 0x6a, 0xeb, 0x6a, 0xeb, 0x6a,
        0xeb, 0x6a, 0xeb, 0x6a, 0xeb, 0x6a, 0xeb, 0x6a, 0xeb, 0x6a, 0xeb, 0x6a,
        0xeb, 0x6a, 0xeb, 0x6a, 0xeb, 0x6a, 0xeb, 0x6a, 0xeb, 0x6a, 0xeb, 0x6a,
        0xeb, 0x6a, 0xeb, 0x6a, 0xeb, 0x6a, 0xeb, 0x6a, 0xeb, 0x6a, 0xeb, 0x6a,
        0xeb, 0x6a, 0xeb, 0x6a, 0xeb, 0x6a, 0xeb, 0x6a, 0xeb, 0x6a, 0x2b, 0x6b,
        0x5d, 0xef, 0xdf, 0xff, 0xdf, 0xff, 0xbe, 0xf7, 0x0d, 0x84, 0x8c, 0x7b,
        0x2b, 0x73, 0xeb, 0x6a, 0xcf, 0x83, 0xdf, 0xff, 0xdf, 0xff, 0xdf, 0xff,
        0xdf, 0xff, 0xdf, 0xff, 0xdf, 0xff, 0xdf, 0xff, 0xdf, 0xff, 0xdf, 0xff,
        0xdf, 0xff, 0xdf, 0xff, 0x9e, 0xf7, 0x6c, 0x73, 0x2b, 0x6b, 0xeb, 0x6a,
        0xeb, 0x6a, 0xeb, 0x6a, 0xeb, 0x6a, 0xeb, 0x6a, 0xeb, 0x6a, 0xeb, 0x6a,
        0xeb, 0x6a, 0xeb, 0x6a, 0xeb, 0x6a, 0xeb, 0x6a, 0xeb, 0x6a, 0xeb, 0x6a,
        0xeb, 0x6a, 0xeb, 0x6a, 0xeb, 0x6a, 0xeb, 0x6a, 0xeb, 0x6a, 0xeb, 0x6a,
        0xeb, 0x6a, 0xeb, 0x6a, 0xeb, 0x6a, 0xeb, 0x6a, 0xeb, 0x6a, 0xeb, 0x6a,
        0xeb, 0x6a, 0xeb, 0x6a, 0xeb, 0x6a, 0xeb, 0x6a, 0xeb, 0x6a, 0xeb, 0x6a,
        0xeb, 0x6a, 0xeb, 0x6a, 0xeb, 0x6a, 0xeb, 0x6a, 0xeb, 0x6a, 0xeb, 0x6a,
        0xeb, 0x6a, 0xeb, 0x6a, 0xeb, 0x6a, 0xeb, 0x6a, 0xeb, 0x6a, 0xeb, 0x6a,
        0xeb, 0x6a, 0xeb, 0x6a, 0xeb, 0x6a, 0xeb, 0x6a, 0xeb, 0x6a, 0xeb, 0x6a,
        0xeb, 0x6a, 0xeb, 0x6a, 0xeb, 0x6a, 0xeb, 0x6a, 0xeb, 0x6a, 0xeb, 0x6a,
        0xeb, 0x6a, 0xeb, 0x6a, 0xeb, 0x6a, 0xeb, 0x6a, 0xeb, 0x6a, 0xeb, 0x6a,
        0xeb, 0x6a, 0xeb, 0x6a, 0xeb, 0x6a, 0xeb, 0x6a, 0xeb, 0x6a, 0xeb, 0x6a,
        0xeb, 0x6a, 0xeb, 0x6a, 0xeb, 0x6a, 0xeb, 0x6a, 0xeb, 0x6a, 0xeb, 0x6a,
        0xeb, 0x6a, 0xeb, 0x6a, 0xeb, 0x6a, 0xeb, 0x6a, 0xeb, 0x6a, 0xeb, 0x6a,
        0xeb, 0x6a, 0xeb, 0x6a, 0xeb, 0x6a, 0xeb, 0x6a, 0xeb, 0x6a, 0xeb, 0x6a,
        0xeb, 0x6a, 0xeb, 0x6a, 0xeb, 0x6a, 0xeb, 0x6a, 0xeb, 0x6a, 0xeb, 0x6a,
        0xeb, 0x6a, 0xeb, 0x6a, 0xeb, 0x6a, 0xeb, 0x6a, 0xeb, 0x6a, 0xeb, 0x6a,
        0xeb, 0x6a, 0xeb, 0x6a, 0xeb, 0x6a, 0xeb, 0x6a, 0xeb, 0x6a, 0xeb, 0x6a,
        0xeb, 0x6a, 0xeb, 0x6a, 0xeb, 0x6a, 0xeb, 0x6a, 0xeb, 0x6a, 0xeb, 0x6a,
        0xeb, 0x6a, 0xeb, 0x6a, 0xeb, 0x6a, 0xeb, 0x6a, 0xeb, 0x6a, 0xeb, 0x6a,
        0xeb, 0x6a, 0xeb, 0x6a, 0xeb, 0x6a, 0xeb, 0x6a, 0xeb, 0x6a, 0xeb, 0x6a,
        0xeb, 0x6a, 0xeb, 0x6a, 0xeb, 0x6a, 0xeb, 0x6a, 0xeb, 0x6a, 0xeb, 0x6a,
        0x38, 0xce, 0xdf, 0xff, 0xdf, 0xff, 0x3c, 0xe7, 0xac, 0x7b, 0x4b, 0x73,
        0x0b, 0x6b, 0xeb, 0x6a, 0xae, 0x7b, 0xdf, 0xf7, 0xdf, 0xf7, 0xdf, 0xff,
        0xdf, 0xff, 0xdf, 0xff, 0xdf, 0xff, 0xdf, 0xff, 0xdf, 0xff, 0xdf, 0xff,
        0xdf, 0xff, 0xdf, 0xff, 0x7d, 0xef, 0x8c, 0x7b, 0x2b, 0x73, 0xeb, 0x6a,
        0xeb, 0x6a, 0xeb, 0x6a, 0xeb, 0x6a, 0xeb, 0x6a, 0xeb, 0x6a, 0xeb, 0x6a,
        0xeb, 0x6a, 0xeb, 0x6a, 0xeb, 0x6a, 0xeb, 0x6a, 0xeb, 0x6a, 0xeb, 0x6a,
        0xeb, 0x6a, 0xeb, 0x6a, 0xeb, 0x6a, 0xeb, 0x6a, 0xeb, 0x6a, 0xeb, 0x6a,
        0xeb, 0x6a, 0xeb, 0x6a, 0xeb, 0x6a, 0xeb, 0x6a, 0xeb, 0x6a, 0xeb, 0x6a,
        0xeb, 0x6a, 0xeb, 0x6a, 0xeb, 0x6a, 0xeb, 0x6a, 0xeb, 0x6a, 0xeb, 0x6a,
        0xeb, 0x6a, 0xeb, 0x6a, 0xeb, 0x6a, 0xeb, 0x6a, 0xeb, 0x6a, 0xeb, 0x6a,
        0xeb, 0x6a, 0xeb, 0x6a, 0xeb, 0x6a, 0xeb, 0x6a, 0xeb, 0x6a, 0xeb, 0x6a,
        0xeb, 0x6a, 0xeb, 0x6a, 0xeb, 0x6a, 0xeb, 0x6a, 0xeb, 0x6a, 0xeb, 0x6a,
        0xeb, 0x6a, 0xeb, 0x6a, 0xeb, 0x6a, 0xeb, 0x6a, 0xeb, 0x6a, 0xeb, 0x6a,
        0xeb, 0x6a, 0xeb, 0x6a, 0xeb, 0x6a, 0xeb, 0x6a, 0xeb, 0x6a, 0xeb, 0x6a,
        0xeb, 0x6a, 0xeb, 0x6a, 0xeb, 0x6a, 0xeb, 0x6a, 0xeb, 0x6a, 0xeb, 0x6a,
        0xeb, 0x6a, 0xeb, 0x6a, 0xeb, 0x6a, 0xeb, 0x6a, 0xeb, 0x6a, 0xeb, 0x6a,
        0xeb, 0x6a, 0xeb, 0x6a, 0xeb, 0x6a, 0xeb, 0x6a, 0xeb, 0x6a, 0xeb, 0x6a,
        0xeb, 0x6a, 0xeb, 0x6a, 0xeb, 0x6a, 0xeb, 0x6a, 0xeb, 0x6a, 0xeb, 0x6a,
        0xeb, 0x6a, 0xeb, 0x6a, 0xeb, 0x6a, 0xeb, 0x6a, 0xeb, 0x6a, 0xeb, 0x6a,
        0xeb, 0x6a, 0xeb, 0x6a, 0xeb, 0x6a, 0xeb, 0x6a, 0xeb, 0x6a, 0xeb, 0x6a,
        0xeb, 0x6a, 0xeb, 0x6a, 0xeb, 0x6a, 0xeb, 0x6a, 0xeb, 0x6a, 0xeb, 0x6a,
        0xeb, 0x6a, 0xeb, 0x6a, 0xeb, 0x6a, 0xeb, 0x6a, 0xeb, 0x6a, 0xeb, 0x6a,
        0xeb, 0x6a, 0xeb, 0x6a, 0xeb, 0x6a, 0xeb, 0x6a, 0xeb, 0x6a, 0xeb, 0x6a,
        0xeb, 0x6a, 0xeb, 0x6a, 0xeb, 0x6a, 0xeb, 0x6a, 0xeb, 0x6a, 0xeb, 0x6a,
        0xeb, 0x6a, 0xeb, 0x6a, 0xeb, 0x6a, 0xeb, 0x6a, 0xeb, 0x6a, 0xeb, 0x6a,
        0x38, 0xce, 0xdf, 0xff, 0xdf, 0xff, 0x3c, 0xe7, 0xac, 0x7b, 0x4b, 0x73,
        0xeb, 0x6a, 0xeb, 0x6a, 0xeb, 0x6a, 0x2b, 0x73, 0x8c, 0x7b, 0xac, 0x7b,
        0xac, 0x7b, 0xba, 0xde, 0xdf, 0xff, 0xdf, 0xff, 0x33, 0xad, 0xcc, 0x83,
        0xcc, 0x7b, 0xac, 0x7b, 0xac, 0x7b, 0x6b, 0x73, 0x2b, 0x6b, 0xeb, 0x6a,
        0xeb, 0x6a, 0xeb, 0x6a, 0xeb, 0x6a, 0xeb, 0x6a, 0xeb, 0x6a, 0xeb, 0x6a,
        0xeb, 0x6a, 0xeb, 0x6a, 0xeb, 0x6a, 0xeb, 0x6a, 0xeb, 0x6a, 0xeb, 0x6a,
        0xeb, 0x6a, 0xeb, 0x6a, 0xeb, 0x6a, 0xeb, 0x6a, 0xeb, 0x6a, 0xeb, 0x6a,
        0xeb, 0x6a, 0xeb, 0x6a, 0xeb, 0x6a, 0xeb, 0x6a, 0xeb, 0x6a, 0xeb, 0x6a,
        0xeb, 0x6a, 0xeb, 0x6a, 0xeb, 0x6a, 0xeb, 0x6a, 0xeb, 0x6a, 0xeb, 0x6a,
        0xeb, 0x6a, 0xeb, 0x6a, 0xeb, 0x6a, 0xeb, 0x6a, 0xeb, 0x6a, 0xeb, 0x6a,
        0xeb, 0x6a, 0xeb, 0x6a, 0xeb, 0x6a, 0xeb, 0x6a, 0xeb, 0x6a, 0xeb, 0x6a,
        0xeb, 0x6a, 0xeb, 0x6a, 0xeb, 0x6a, 0xeb, 0x6a, 0xeb, 0x6a, 0xeb, 0x6a,
        0xeb, 0x6a, 0xeb, 0x6a, 0xeb, 0x6a, 0xeb, 0x6a, 0xeb, 0x6a, 0xeb, 0x6a,
        0xeb, 0x6a, 0xeb, 0x6a, 0xeb, 0x6a, 0xeb, 0x6a, 0xeb, 0x6a, 0xeb, 0x6a,
        0xeb, 0x6a, 0xeb, 0x6a, 0xeb, 0x6a, 0xeb, 0x6a, 0xeb, 0x6a, 0xeb, 0x6a,
        0xeb, 0x6a, 0xeb, 0x6a, 0xeb, 0x6a, 0xeb, 0x6a, 0xeb, 0x6a, 0xeb, 0x6a,
        0xeb, 0x6a, 0xeb, 0x6a, 0xeb, 0x6a, 0xeb, 0x6a, 0xeb, 0x6a, 0xeb, 0x6a,
        0xeb, 0x6a, 0xeb, 0x6a, 0xeb, 0x6a, 0xeb, 0x6a, 0xeb, 0x6a, 0xeb, 0x6a,
        0xeb, 0x6a, 0xeb, 0x6a, 0xeb, 0x6a, 0xeb, 0x6a, 0xeb, 0x6a, 0xeb, 0x6a,
        0xeb, 0x6a, 0xeb, 0x6a, 0xeb, 0x6a, 0xeb, 0x6a, 0xeb, 0x6a, 0xeb, 0x6a,
        0xeb, 0x6a, 0xeb, 0x6a, 0xeb, 0x6a, 0xeb, 0x6a, 0xeb, 0x6a, 0xeb, 0x6a,
        0xeb, 0x6a, 0xeb, 0x6a, 0xeb, 0x6a, 0xeb, 0x6a, 0xeb, 0x6a, 0xeb, 0x6a,
        0xeb, 0x6a, 0xeb, 0x6a, 0xeb, 0x6a, 0xeb, 0x6a, 0xeb, 0x6a, 0xeb, 0x6a,
        0xeb, 0x6a, 0xeb, 0x6a, 0xeb, 0x6a, 0xeb, 0x6a, 0xeb, 0x6a, 0xeb, 0x6a,
        0xeb, 0x6a, 0xeb, 0x6a, 0xeb, 0x6a, 0xeb, 0x6a, 0xeb, 0x6a, 0xeb, 0x6a,
        0x38, 0xce, 0xdf, 0xff, 0xdf, 0xff, 0x3c, 0xe7, 0xab, 0x7b, 0x2b, 0x73,
        0xeb, 0x6a, 0xeb, 0x6a, 0xeb, 0x6a, 0x0b, 0x6b, 0x2b, 0x6b, 0x4b, 0x73,
        0x4b, 0x73, 0x9a, 0xd6, 0xdf, 0xff, 0xdf, 0xff, 0x13, 0xad, 0x8c, 0x7b,
        0x4b, 0x73, 0x4b, 0x73, 0x2b, 0x73, 0x2b, 0x6b, 0xeb, 0x6a, 0xeb, 0x6a,
        0xeb, 0x6a, 0xeb, 0x6a, 0xeb, 0x6a, 0xeb, 0x6a, 0xeb, 0x6a, 0xeb, 0x6a,
        0xeb, 0x6a, 0xeb, 0x6a, 0xeb, 0x6a, 0xeb, 0x6a, 0xeb, 0x6a, 0xeb, 0x6a,
        0xeb, 0x6a, 0xeb, 0x6a, 0xeb, 0x6a, 0xeb, 0x6a, 0xeb, 0x6a, 0xeb, 0x6a,
        0xeb, 0x6a, 0xeb, 0x6a, 0xeb, 0x6a, 0xeb, 0x6a, 0xeb, 0x6a, 0xeb, 0x6a,
        0xeb, 0x6a, 0xeb, 0x6a, 0xeb, 0x6a, 0xeb, 0x6a, 0xeb, 0x6a, 0xeb, 0x6a,
        0xeb, 0x6a, 0xeb, 0x6a, 0xeb, 0x6a, 0xeb, 0x6a, 0xeb, 0x6a, 0xeb, 0x6a,
        0xeb, 0x6a, 0xeb, 0x6a, 0xeb, 0x6a, 0xeb, 0x6a, 0xeb, 0x6a, 0xeb, 0x6a,
        0xeb, 0x6a, 0xeb, 0x6a, 0xeb, 0x6a, 0xeb, 0x6a, 0xeb, 0x6a, 0xeb, 0x6a,
        0xeb, 0x6a, 0xeb, 0x6a, 0xeb, 0x6a, 0xeb, 0x6a, 0xeb, 0x6a, 0xeb, 0x6a,
        0xeb, 0x6a, 0xeb, 0x6a, 0xeb, 0x6a, 0xeb, 0x6a, 0xeb, 0x6a, 0xeb, 0x6a,
        0xeb, 0x6a, 0xeb, 0x6a, 0xeb, 0x6a, 0xeb, 0x6a, 0xeb, 0x6a, 0xeb, 0x6a,
        0xeb, 0x6a, 0xeb, 0x6a, 0xeb, 0x6a, 0xeb, 0x6a, 0xeb, 0x6a, 0xeb, 0x6a,
        0xeb, 0x6a, 0xeb, 0x6a, 0xeb, 0x6a, 0xeb, 0x6a, 0xeb, 0x6a, 0xeb, 0x6a,
        0xeb, 0x6a, 0xeb, 0x6a, 0xeb, 0x6a, 0xeb, 0x6a, 0xeb, 0x6a, 0xeb, 0x6a,
        0xeb, 0x6a, 0xeb, 0x6a, 0xeb, 0x6a, 0xeb, 0x6a, 0xeb, 0x6a, 0xeb, 0x6a,
        0xeb, 0x6a, 0xeb, 0x6a, 0xeb, 0x6a, 0xeb, 0x6a, 0xeb, 0x6a, 0xeb, 0x6a,
        0xeb, 0x6a, 0xeb, 0x6a, 0xeb, 0x6a, 0xeb, 0x6a, 0xeb, 0x6a, 0xeb, 0x6a,
        0xeb, 0x6a, 0xeb, 0x6a, 0xeb, 0x6a, 0xeb, 0x6a, 0xeb, 0x6a, 0xeb, 0x6a,
        0xeb, 0x6a, 0xeb, 0x6a, 0xeb, 0x6a, 0xeb, 0x6a, 0xeb, 0x6a, 0xeb, 0x6a,
        0xeb, 0x6a, 0xeb, 0x6a, 0xeb, 0x6a, 0xeb, 0x6a, 0xeb, 0x6a, 0xeb, 0x6a,
        0xeb, 0x6a, 0xeb, 0x6a, 0xeb, 0x6a, 0xeb, 0x6a, 0xeb, 0x6a, 0xeb, 0x6a,
        0x38, 0xce, 0xdf, 0xff, 0xdf, 0xff, 0x3c, 0xe7, 0xac, 0x7b, 0x2b, 0x73,
        0xeb, 0x6a, 0xeb, 0x6a, 0xeb, 0x6a, 0xeb, 0x6a, 0xeb, 0x6a, 0xeb, 0x6a,
        0x0b, 0x6b, 0x9a, 0xd6, 0xdf, 0xff, 0xdf, 0xff, 0x13, 0xa5, 0x6c, 0x73,
        0x2b, 0x6b, 0x0b, 0x6b, 0xeb, 0x6a, 0xeb, 0x6a, 0xeb, 0x6a, 0xeb, 0x6a,
        0xeb, 0x6a, 0xeb, 0x6a, 0xeb, 0x6a, 0xeb, 0x6a, 0xeb, 0x6a, 0xeb, 0x6a,
        0xeb, 0x6a, 0xeb, 0x6a, 0xeb, 0x6a, 0xeb, 0x6a, 0xeb, 0x6a, 0xeb, 0x6a,
        0xeb, 0x6a, 0xeb, 0x6a, 0xeb, 0x6a, 0xeb, 0x6a, 0xeb, 0x6a, 0xeb, 0x6a,
        0xeb, 0x6a, 0xeb, 0x6a, 0xeb, 0x6a, 0xeb, 0x6a, 0xeb, 0x6a, 0xeb, 0x6a,
        0xeb, 0x6a, 0xeb, 0x6a, 0xeb, 0x6a, 0xeb, 0x6a, 0xeb, 0x6a, 0xeb, 0x6a,
        0xeb, 0x6a, 0xeb, 0x6a, 0xeb, 0x6a, 0xeb, 0x6a, 0xeb, 0x6a, 0xeb, 0x6a,
        0xeb, 0x6a, 0xeb, 0x6a, 0xeb, 0x6a, 0xeb, 0x6a, 0xeb, 0x6a, 0xeb, 0x6a,
        0xeb, 0x6a, 0xeb, 0x6a, 0xeb, 0x6a, 0xeb, 0x6a, 0xeb, 0x6a, 0xeb, 0x6a,
        0xeb, 0x6a, 0xeb, 0x6a, 0xeb, 0x6a, 0xeb, 0x6a, 0xeb, 0x6a, 0xeb, 0x6a,
        0xeb, 0x6a, 0xeb, 0x6a, 0xeb, 0x6a, 0xeb, 0x6a, 0xeb, 0x6a, 0xeb, 0x6a,
        0xeb, 0x6a, 0xeb, 0x6a, 0xeb, 0x6a, 0xeb, 0x6a, 0xeb, 0x6a, 0xeb, 0x6a,
        0xeb, 0x6a, 0xeb, 0x6a, 0xeb, 0x6a, 0xeb, 0x6a, 0xeb, 0x6a, 0xeb, 0x6a,
        0xeb, 0x6a, 0xeb, 0x6a, 0xeb, 0x6a, 0xeb, 0x6a, 0xeb, 0x6a, 0xeb, 0x6a,
        0xeb, 0x6a, 0xeb, 0x6a, 0xeb, 0x6a, 0xeb, 0x6a, 0xeb, 0x6a, 0xeb, 0x6a,
        0xeb, 0x6a, 0xeb, 0x6a, 0xeb, 0x6a, 0xeb, 0x6a, 0xeb, 0x6a, 0xeb, 0x6a,
        0xeb, 0x6a, 0xeb, 0x6a, 0xeb, 0x6a, 0xeb, 0x6a, 0xeb, 0x6a, 0xeb, 0x6a,
        0xeb, 0x6a, 0xeb, 0x6a, 0xeb, 0x6a, 0xeb, 0x6a, 0xeb, 0x6a, 0xeb, 0x6a,
        0xeb, 0x6a, 0xeb, 0x6a, 0xeb, 0x6a, 0xeb, 0x6a, 0xeb, 0x6a, 0xeb, 0x6a,
        0xeb, 0x6a, 0xeb, 0x6a, 0xeb, 0x6a, 0xeb, 0x6a, 0xeb, 0x6a, 0xeb, 0x6a,
        0xeb, 0x6a, 0xeb, 0x6a, 0xeb, 0x6a, 0xeb, 0x6a, 0xeb, 0x6a, 0xeb, 0x6a,
        0xeb, 0x6a, 0xeb, 0x6a, 0xeb, 0x6a, 0xeb, 0x6a, 0xeb, 0x6a, 0xeb, 0x6a,
        0x38, 0xce, 0xdf, 0xff, 0xdf, 0xff, 0x3c, 0xe7, 0xac, 0x7b, 0x2b, 0x73,
        0xeb, 0x6a, 0xeb, 0x6a, 0xeb, 0x6a, 0xeb, 0x6a, 0xeb, 0x6a, 0xeb, 0x6a,
        0xeb, 0x6a, 0x9a, 0xd6, 0xdf, 0xff, 0xdf, 0xff, 0x13, 0xa5, 0x4b, 0x73,
        0x0b, 0x6b, 0xeb, 0x6a, 0xeb, 0x6a, 0xeb, 0x6a, 0xeb, 0x6a, 0xeb, 0x6a,
        0xeb, 0x6a, 0xeb, 0x6a, 0xeb, 0x6a, 0xeb, 0x6a, 0xeb, 0x6a, 0xeb, 0x6a,
        0xeb, 0x6a, 0xeb, 0x6a, 0xeb, 0x6a, 0xeb, 0x6a, 0xeb, 0x6a, 0xeb, 0x6a,
        0xeb, 0x6a, 0xeb, 0x6a, 0xeb, 0x6a, 0xeb, 0x6a, 0xeb, 0x6a, 0xeb, 0x6a,
        0xeb, 0x6a, 0xeb, 0x6a, 0xeb, 0x6a, 0xeb, 0x6a, 0xeb, 0x6a, 0xeb, 0x6a,
        0xeb, 0x6a, 0xeb, 0x6a, 0xeb, 0x6a, 0xeb, 0x6a, 0xeb, 0x6a, 0xeb, 0x6a,
        0xeb, 0x6a, 0xeb, 0x6a, 0xeb, 0x6a, 0xeb, 0x6a, 0xeb, 0x6a, 0xeb, 0x6a,
        0xeb, 0x6a, 0xeb, 0x6a, 0xeb, 0x6a, 0xeb, 0x6a, 0xeb, 0x6a, 0xeb, 0x6a,
        0xeb, 0x6a, 0xeb, 0x6a, 0xeb, 0x6a, 0xeb, 0x6a, 0xeb, 0x6a, 0xeb, 0x6a,
        0xeb, 0x6a, 0xeb, 0x6a, 0xeb, 0x6a, 0xeb, 0x6a, 0xeb, 0x6a, 0xeb, 0x6a,
        0xeb, 0x6a, 0xeb, 0x6a, 0xeb, 0x6a, 0xeb, 0x6a, 0xeb, 0x6a, 0xeb, 0x6a,
        0xeb, 0x6a, 0xeb, 0x6a, 0xeb, 0x6a, 0xeb, 0x6a, 0xeb, 0x6a, 0xeb, 0x6a,
        0xeb, 0x6a, 0xeb, 0x6a, 0xeb, 0x6a, 0xeb, 0x6a, 0xeb, 0x6a, 0xeb, 0x6a,
        0xeb, 0x6a, 0xeb, 0x6a, 0xeb, 0x6a, 0xeb, 0x6a, 0xeb, 0x6a, 0xeb, 0x6a,
        0xeb, 0x6a, 0xeb, 0x6a, 0xeb, 0x6a, 0xeb, 0x6a, 0xeb, 0x6a, 0xeb, 0x6a,
        0xeb, 0x6a, 0xeb, 0x6a, 0xeb, 0x6a, 0xeb, 0x6a, 0xeb, 0x6a, 0xeb, 0x6a,
        0xeb, 0x6a, 0xeb, 0x6a, 0xeb, 0x6a, 0xeb, 0x6a, 0xeb, 0x6a, 0xeb, 0x6a,
        0xeb, 0x6a, 0xeb, 0x6a, 0xeb, 0x6a, 0xeb, 0x6a, 0xeb, 0x6a, 0xeb, 0x6a,
        0xeb, 0x6a, 0xeb, 0x6a, 0xeb, 0x6a, 0xeb, 0x6a, 0xeb, 0x6a, 0xeb, 0x6a,
        0xeb, 0x6a, 0xeb, 0x6a, 0xeb, 0x6a, 0xeb, 0x6a, 0xeb, 0x6a, 0xeb, 0x6a,
        0xeb, 0x6a, 0xeb, 0x6a, 0xeb, 0x6a, 0xeb, 0x6a, 0xeb, 0x6a, 0xeb, 0x6a,
        0xeb, 0x6a, 0xeb, 0x6a, 0xeb, 0x6a, 0xeb, 0x6a, 0xeb, 0x6a, 0xeb, 0x6a,
        0x18, 0xc6, 0xdf, 0xff, 0xdf, 0xff, 0x3c, 0xe7, 0x8c, 0x7b, 0x2b, 0x73,
        0xeb, 0x6a, 0xeb, 0x6a, 0xeb, 0x6a, 0xeb, 0x6a, 0xeb, 0x6a, 0xeb, 0x6a,
        0xeb, 0x6a, 0x71, 0x94, 0xf7, 0xc5, 0x17, 0xc6, 0x0e, 0x8c, 0x4b, 0x73,
        0x0b, 0x6b, 0xeb, 0x6a, 0xeb, 0x6a, 0xeb, 0x6a, 0xeb, 0x6a, 0xeb, 0x6a,
        0xeb, 0x6a, 0xeb, 0x6a, 0xeb, 0x6a, 0xeb, 0x6a, 0xeb, 0x6a, 0xeb, 0x6a,
        0xeb, 0x6a, 0xeb, 0x6a, 0xeb, 0x6a, 0xeb, 0x6a, 0xeb, 0x6a, 0xeb, 0x6a,
        0xeb, 0x6a, 0xeb, 0x6a, 0xeb, 0x6a, 0xeb, 0x6a, 0xeb, 0x6a, 0xeb, 0x6a,
        0xeb, 0x6a, 0xeb, 0x6a, 0xeb, 0x6a, 0xeb, 0x6a, 0xeb, 0x6a, 0xeb, 0x6a,
        0xeb, 0x6a, 0xeb, 0x6a, 0xeb, 0x6a, 0xeb, 0x6a, 0xeb, 0x6a, 0xeb, 0x6a,
        0xeb, 0x6a, 0xeb, 0x6a, 0xeb, 0x6a, 0xeb, 0x6a, 0xeb, 0x6a, 0xeb, 0x6a,
        0xeb, 0x6a, 0xeb, 0x6a, 0xeb, 0x6a, 0xeb, 0x6a, 0xeb, 0x6a, 0xeb, 0x6a,
        0xeb, 0x6a, 0xeb, 0x6a, 0xeb, 0x6a, 0xeb, 0x6a, 0xeb, 0x6a, 0xeb, 0x6a,
        0xeb, 0x6a, 0xeb, 0x6a, 0xeb, 0x6a, 0xeb, 0x6a, 0xeb, 0x6a, 0xeb, 0x6a,
        0xeb, 0x6a, 0xeb, 0x6a, 0xeb, 0x6a, 0xeb, 0x6a, 0xeb, 0x6a, 0xeb, 0x6a,
        0xeb, 0x6a, 0xeb, 0x6a, 0xeb, 0x6a, 0xeb, 0x6a, 0xeb, 0x6a, 0xeb, 0x6a,
        0xeb, 0x6a, 0xeb, 0x6a, 0xeb, 0x6a, 0xeb, 0x6a, 0xeb, 0x6a, 0xeb, 0x6a,
        0xeb, 0x6a, 0xeb, 0x6a, 0xeb, 0x6a, 0xeb, 0x6a, 0xeb, 0x6a, 0xeb, 0x6a,
        0xeb, 0x6a, 0xeb, 0x6a, 0xeb, 0x6a, 0xeb, 0x6a, 0xeb, 0x6a, 0xeb, 0x6a,
        0xeb, 0x6a, 0xeb, 0x6a, 0xeb, 0x6a, 0xeb, 0x6a, 0xeb, 0x6a, 0xeb, 0x6a,
        0xeb, 0x6a, 0xeb, 0x6a, 0xeb, 0x6a, 0xeb, 0x6a, 0xeb, 0x6a, 0xeb, 0x6a,
        0xeb, 0x6a, 0xeb, 0x6a, 0xeb, 0x6a, 0xeb, 0x6a, 0xeb, 0x6a, 0xeb, 0x6a,
        0xeb, 0x6a, 0xeb, 0x6a, 0xeb, 0x6a, 0xeb, 0x6a, 0xeb, 0x6a, 0xeb, 0x6a,
        0xeb, 0x6a, 0xeb, 0x6a, 0xeb, 0x6a, 0xeb, 0x6a, 0xeb, 0x6a, 0xeb, 0x6a,
        0xeb, 0x6a, 0xeb, 0x6a, 0xeb, 0x6a, 0xeb, 0x6a, 0xeb, 0x6a, 0xeb, 0x6a,
        0xeb, 0x6a, 0xeb, 0x6a, 0xeb, 0x6a, 0xeb, 0x6a, 0xeb, 0x6a, 0xeb, 0x6a,
        0x0b, 0x6b, 0x4b, 0x73, 0x8b, 0x7b, 0x8c, 0x7b, 0x6b, 0x73, 0x0b, 0x6b,
        0xeb, 0x6a, 0xeb, 0x6a, 0xeb, 0x6a, 0xeb, 0x6a, 0xeb, 0x6a, 0xeb, 0x6a,
        0xeb, 0x6a, 0x0b, 0x6b, 0x2b, 0x73, 0x6b, 0x73, 0x4b, 0x73, 0x2b, 0x6b,
        0xeb, 0x6a, 0xeb, 0x6a, 0xeb, 0x6a, 0xeb, 0x6a, 0xeb, 0x6a, 0xeb, 0x6a,
        0xeb, 0x6a, 0xeb, 0x6a, 0xeb, 0x6a, 0xeb, 0x6a, 0xeb, 0x6a, 0xeb, 0x6a,
        0xeb, 0x6a, 0xeb, 0x6a, 0xeb, 0x6a, 0xeb, 0x6a, 0xeb, 0x6a, 0xeb, 0x6a,
        0xeb, 0x6a, 0xeb, 0x6a, 0xeb, 0x6a, 0xeb, 0x6a, 0xeb, 0x6a, 0xeb, 0x6a,
        0xeb, 0x6a, 0xeb, 0x6a, 0xeb, 0x6a, 0xeb, 0x6a, 0xeb, 0x6a, 0xeb, 0x6a,
        0xeb, 0x6a, 0xeb, 0x6a, 0xeb, 0x6a, 0xeb, 0x6a, 0xeb, 0x6a, 0xeb, 0x6a,
        0xeb, 0x6a, 0xeb, 0x6a, 0xeb, 0x6a, 0xeb, 0x6a, 0xeb, 0x6a, 0xeb, 0x6a,
        0xeb, 0x6a, 0xeb, 0x6a, 0xeb, 0x6a, 0xeb, 0x6a, 0xeb, 0x6a, 0xeb, 0x6a,
        0xeb, 0x6a, 0xeb, 0x6a, 0xeb, 0x6a, 0xeb, 0x6a, 0xeb, 0x6a, 0xeb, 0x6a,
        0xeb, 0x6a, 0xeb, 0x6a, 0xeb, 0x6a, 0xeb, 0x6a, 0xeb, 0x6a, 0xeb, 0x6a,
        0xeb, 0x6a, 0xeb, 0x6a, 0xeb, 0x6a, 0xeb, 0x6a, 0xeb, 0x6a, 0xeb, 0x6a,
        0xeb, 0x6a, 0xeb, 0x6a, 0xeb, 0x6a, 0xeb, 0x6a, 0xeb, 0x6a, 0xeb, 0x6a,
        0xeb, 0x6a, 0xeb, 0x6a, 0xeb, 0x6a, 0xeb, 0x6a, 0xeb, 0x6a, 0xeb, 0x6a,
        0xeb, 0x6a, 0xeb, 0x6a, 0xeb, 0x6a, 0xeb, 0x6a, 0xeb, 0x6a, 0xeb, 0x6a,
        0xeb, 0x6a, 0xeb, 0x6a, 0xeb, 0x6a, 0xeb, 0x6a, 0xeb, 0x6a, 0xeb, 0x6a,
        0xeb, 0x6a, 0xeb, 0x6a, 0xeb, 0x6a, 0xeb, 0x6a, 0xeb, 0x6a, 0xeb, 0x6a,
        0xeb, 0x6a, 0xeb, 0x6a, 0xeb, 0x6a, 0xeb, 0x6a, 0xeb, 0x6a, 0xeb, 0x6a,
        0xeb, 0x6a, 0xeb, 0x6a, 0xeb, 0x6a, 0xeb, 0x6a, 0xeb, 0x6a, 0xeb, 0x6a,
        0xeb, 0x6a, 0xeb, 0x6a, 0xeb, 0x6a, 0xeb, 0x6a, 0xeb, 0x6a, 0xeb, 0x6a,
        0xeb, 0x6a, 0xeb, 0x6a, 0xeb, 0x6a, 0xeb, 0x6a, 0xeb, 0x6a, 0xeb, 0x6a,
        0xeb, 0x6a, 0xeb, 0x6a, 0xeb, 0x6a, 0xeb, 0x6a, 0xeb, 0x6a, 0xeb, 0x6a,
        0xeb, 0x6a, 0xeb, 0x6a, 0xeb, 0x6a, 0xeb, 0x6a, 0xeb, 0x6a, 0xeb, 0x6a,
        0xeb, 0x6a, 0x0b, 0x6b, 0x2b, 0x73, 0x2b, 0x73, 0x2b, 0x6b, 0x0b, 0x6b,
        0xeb, 0x6a, 0xeb, 0x6a, 0xeb, 0x6a, 0xeb, 0x6a, 0xeb, 0x6a, 0xeb, 0x6a,
        0xeb, 0x6a, 0xeb, 0x6a, 0x0b, 0x6b, 0x0b, 0x6b, 0x0b, 0x6b, 0x0b, 0x6b,
        0xeb, 0x6a, 0xeb, 0x6a, 0xeb, 0x6a, 0xeb, 0x6a, 0xeb, 0x6a, 0xeb, 0x6a,
        0xeb, 0x6a, 0xeb, 0x6a, 0xeb, 0x6a, 0xeb, 0x6a, 0xeb, 0x6a, 0xeb, 0x6a,
        0xeb, 0x6a, 0xeb, 0x6a, 0xeb, 0x6a, 0xeb, 0x6a, 0xeb, 0x6a, 0xeb, 0x6a,
        0xeb, 0x6a, 0xeb, 0x6a, 0xeb, 0x6a, 0xeb, 0x6a, 0xeb, 0x6a, 0xeb, 0x6a,
        0xeb, 0x6a, 0xeb, 0x6a, 0xeb, 0x6a, 0xeb, 0x6a, 0xeb, 0x6a, 0xeb, 0x6a,
        0xeb, 0x6a, 0xeb, 0x6a, 0xeb, 0x6a, 0xeb, 0x6a, 0xeb, 0x6a, 0xeb, 0x6a,
        0xeb, 0x6a, 0xeb, 0x6a, 0xeb, 0x6a, 0xeb, 0x6a, 0xeb, 0x6a, 0xeb, 0x6a,
        0xeb, 0x6a, 0xeb, 0x6a, 0xeb, 0x6a, 0xeb, 0x6a, 0xeb, 0x6a, 0xeb, 0x6a,
        0xeb, 0x6a, 0xeb, 0x6a, 0xeb, 0x6a, 0xeb, 0x6a, 0xeb, 0x6a, 0xeb, 0x6a,
        0xeb, 0x6a, 0xeb, 0x6a, 0xeb, 0x6a, 0xeb, 0x6a, 0xeb, 0x6a, 0xeb, 0x6a,
        0xeb, 0x6a, 0xeb, 0x6a, 0xeb, 0x6a, 0xeb, 0x6a, 0xeb, 0x6a, 0xeb, 0x6a,
        0xeb, 0x6a, 0xeb, 0x6a, 0xeb, 0x6a, 0xeb, 0x6a, 0xeb, 0x6a, 0xeb, 0x6a,
        0xeb, 0x6a, 0xeb, 0x6a, 0xeb, 0x6a, 0xeb, 0x6a, 0xeb, 0x6a, 0xeb, 0x6a,
        0xeb, 0x6a, 0xeb, 0x6a, 0xeb, 0x6a, 0xeb, 0x6a, 0xeb, 0x6a, 0xeb, 0x6a,
        0xeb, 0x6a, 0xeb, 0x6a, 0xeb, 0x6a, 0xeb, 0x6a, 0xeb, 0x6a, 0xeb, 0x6a,
        0xeb, 0x6a, 0xeb, 0x6a, 0xeb, 0x6a, 0xeb, 0x6a, 0xeb, 0x6a, 0xeb, 0x6a,
        0xeb, 0x6a, 0xeb, 0x6a, 0xeb, 0x6a, 0xeb, 0x6a, 0xeb, 0x6a, 0xeb, 0x6a,
        0xeb, 0x6a, 0xeb, 0x6a, 0xeb, 0x6a, 0xeb, 0x6a, 0xeb, 0x6a, 0xeb, 0x6a,
        0xeb, 0x6a, 0xeb, 0x6a, 0xeb, 0x6a, 0xeb, 0x6a, 0xeb, 0x6a, 0xeb, 0x6a,
        0xeb, 0x6a, 0xeb, 0x6a, 0xeb, 0x6a, 0xeb, 0x6a, 0xeb, 0x6a, 0xeb, 0x6a,
        0xeb, 0x6a, 0xeb, 0x6a, 0xeb, 0x6a, 0xeb, 0x6a, 0xeb, 0x6a, 0xeb, 0x6a,
        0xeb, 0x6a, 0xeb, 0x6a, 0xeb, 0x6a, 0xeb, 0x6a, 0xeb, 0x6a, 0xeb, 0x6a,
        0xeb, 0x6a, 0xeb, 0x6a, 0xeb, 0x6a, 0xeb, 0x6a, 0xeb, 0x6a, 0xeb, 0x6a,
        0xeb, 0x6a, 0xeb, 0x6a, 0xeb, 0x6a, 0xeb, 0x6a, 0xeb, 0x6a, 0xeb, 0x6a,
        0xeb, 0x6a, 0xeb, 0x6a, 0xeb, 0x6a, 0xeb, 0x6a, 0xeb, 0x6a, 0xeb, 0x6a,
        0xeb, 0x6a, 0xeb, 0x6a, 0xeb, 0x6a, 0xeb, 0x6a, 0xeb, 0x6a, 0xeb, 0x6a,
        0xeb, 0x6a, 0xeb, 0x6a, 0xeb, 0x6a, 0xeb, 0x6a, 0xeb, 0x6a, 0xeb, 0x6a,
        0xeb, 0x6a, 0xeb, 0x6a, 0xeb, 0x6a, 0xeb, 0x6a, 0xeb, 0x6a, 0xeb, 0x6a,
        0xeb, 0x6a, 0xeb, 0x6a, 0xeb, 0x6a, 0xeb, 0x6a, 0xeb, 0x6a, 0xeb, 0x6a,
        0xeb, 0x6a, 0xeb, 0x6a, 0xeb, 0x6a, 0xeb, 0x6a, 0xeb, 0x6a, 0xeb, 0x6a,
        0xeb, 0x6a, 0xeb, 0x6a, 0xeb, 0x6a, 0xeb, 0x6a, 0xeb, 0x6a, 0xeb, 0x6a,
        0xeb, 0x6a, 0xeb, 0x6a, 0xeb, 0x6a, 0xeb, 0x6a, 0xeb, 0x6a, 0xeb, 0x6a,
        0xeb, 0x6a, 0xeb, 0x6a, 0xeb, 0x6a, 0xeb, 0x6a, 0xeb, 0x6a, 0xeb, 0x6a,
        0xeb, 0x6a, 0xeb, 0x6a, 0xeb, 0x6a, 0xeb, 0x6a, 0xeb, 0x6a, 0xeb, 0x6a,
        0xeb, 0x6a, 0xeb, 0x6a, 0xeb, 0x6a, 0xeb, 0x6a, 0xeb, 0x6a, 0xeb, 0x6a,
        0xeb, 0x6a, 0xeb, 0x6a, 0xeb, 0x6a, 0xeb, 0x6a, 0xeb, 0x6a, 0xeb, 0x6a,
        0xeb, 0x6a, 0xeb, 0x6a, 0xeb, 0x6a, 0xeb, 0x6a, 0xeb, 0x6a, 0xeb, 0x6a,
        0xeb, 0x6a, 0xeb, 0x6a, 0xeb, 0x6a, 0xeb, 0x6a, 0xeb, 0x6a, 0xeb, 0x6a,
        0xeb, 0x6a, 0xeb, 0x6a, 0xeb, 0x6a, 0xeb, 0x6a, 0xeb, 0x6a, 0xeb, 0x6a,
        0xeb, 0x6a, 0xeb, 0x6a, 0xeb, 0x6a, 0xeb, 0x6a, 0xeb, 0x6a, 0xeb, 0x6a,
        0xeb, 0x6a, 0xeb, 0x6a, 0xeb, 0x6a, 0xeb, 0x6a, 0xeb, 0x6a, 0xeb, 0x6a,
        0xeb, 0x6a, 0xeb, 0x6a, 0xeb, 0x6a, 0xeb, 0x6a, 0xeb, 0x6a, 0xeb, 0x6a,
        0xeb, 0x6a, 0xeb, 0x6a, 0xeb, 0x6a, 0xeb, 0x6a, 0xeb, 0x6a, 0xeb, 0x6a,
        0xeb, 0x6a, 0xeb, 0x6a, 0xeb, 0x6a, 0xeb, 0x6a, 0xeb, 0x6a, 0xeb, 0x6a,
        0xeb, 0x6a, 0xeb, 0x6a, 0xeb, 0x6a, 0xeb, 0x6a, 0xeb, 0x6a, 0xeb, 0x6a,
        0xeb, 0x6a, 0xeb, 0x6a, 0xeb, 0x6a, 0xeb, 0x6a, 0xeb, 0x6a, 0xeb, 0x6a,
        0xeb, 0x6a, 0xeb, 0x6a, 0xeb, 0x6a, 0xeb, 0x6a, 0xeb, 0x6a, 0xeb, 0x6a,
        0xeb, 0x6a, 0xeb, 0x6a, 0xeb, 0x6a, 0xeb, 0x6a, 0xeb, 0x6a, 0xeb, 0x6a,
        0xeb, 0x6a, 0xeb, 0x6a, 0xeb, 0x6a, 0xeb, 0x6a, 0xeb, 0x6a, 0xeb, 0x6a,
        0xeb, 0x6a, 0xeb, 0x6a, 0xeb, 0x6a, 0xeb, 0x6a, 0xeb, 0x6a, 0xeb, 0x6a,
        0xeb, 0x6a, 0xeb, 0x6a, 0xeb, 0x6a, 0xeb, 0x6a, 0xeb, 0x6a, 0xeb, 0x6a,
        0xeb, 0x6a, 0xeb, 0x6a, 0xeb, 0x6a, 0xeb, 0x6a, 0xeb, 0x6a, 0xeb, 0x6a,
        0xeb, 0x6a, 0xeb, 0x6a, 0xeb, 0x6a, 0xeb, 0x6a, 0xeb, 0x6a, 0xeb, 0x6a,
        0xeb, 0x6a, 0xeb, 0x6a, 0xeb, 0x6a, 0xeb, 0x6a, 0xeb, 0x6a, 0xeb, 0x6a,
        0xeb, 0x6a, 0xeb, 0x6a, 0xeb, 0x6a, 0xeb, 0x6a, 0xeb, 0x6a, 0xeb, 0x6a,
        0xeb, 0x6a, 0xeb, 0x6a, 0xeb, 0x6a, 0xeb, 0x6a, 0xeb, 0x6a, 0xeb, 0x6a,
        0xeb, 0x6a, 0xeb, 0x6a, 0xeb, 0x6a, 0xeb, 0x6a, 0xeb, 0x6a, 0xeb, 0x6a,
        0xeb, 0x6a, 0xeb, 0x6a, 0xeb, 0x6a, 0xeb, 0x6a, 0xeb, 0x6a, 0xeb, 0x6a,
        0xeb, 0x6a, 0xeb, 0x6a, 0xeb, 0x6a, 0xeb, 0x6a, 0xeb, 0x6a, 0xeb, 0x6a,
        0xeb, 0x6a, 0xeb, 0x6a, 0xeb, 0x6a, 0xeb, 0x6a, 0xeb, 0x6a, 0xeb, 0x6a,
        0xeb, 0x6a, 0xeb, 0x6a, 0xeb, 0x6a, 0xeb, 0x6a, 0xeb, 0x6a, 0xeb, 0x6a,
        0xeb, 0x6a, 0xeb, 0x6a, 0xeb, 0x6a, 0xeb, 0x6a, 0xeb, 0x6a, 0xeb, 0x6a,
        0xeb, 0x6a, 0xeb, 0x6a, 0xeb, 0x6a, 0xeb, 0x6a, 0xeb, 0x6a, 0xeb, 0x6a,
        0xeb, 0x6a, 0xeb, 0x6a, 0xeb, 0x6a, 0xeb, 0x6a, 0xeb, 0x6a, 0xeb, 0x6a,
        0xeb, 0x6a, 0xeb, 0x6a, 0xeb, 0x6a, 0xeb, 0x6a, 0xeb, 0x6a, 0xeb, 0x6a,
        0xeb, 0x6a, 0xeb, 0x6a, 0xeb, 0x6a, 0xeb, 0x6a, 0xeb, 0x6a, 0xeb, 0x6a,
        0xeb, 0x6a, 0xeb, 0x6a, 0xeb, 0x6a, 0xeb, 0x6a, 0xeb, 0x6a, 0xeb, 0x6a,
        0xeb, 0x6a, 0xeb, 0x6a, 0xeb, 0x6a, 0xeb, 0x6a, 0xeb, 0x6a, 0xeb, 0x6a,
        0xeb, 0x6a, 0xeb, 0x6a, 0xeb, 0x6a, 0xeb, 0x6a, 0xeb, 0x6a, 0xeb, 0x6a,
        0xeb, 0x6a, 0xeb, 0x6a, 0xeb, 0x6a, 0xeb, 0x6a, 0xeb, 0x6a, 0xeb, 0x6a,
        0xeb, 0x6a, 0xeb, 0x6a, 0xeb, 0x6a, 0xeb, 0x6a, 0xeb, 0x6a, 0xeb, 0x6a,
        0xeb, 0x6a, 0xeb, 0x6a, 0xeb, 0x6a, 0xeb, 0x6a, 0xeb, 0x6a, 0xeb, 0x6a,
        0xeb, 0x6a, 0xeb, 0x6a, 0xeb, 0x6a, 0xeb, 0x6a, 0xeb, 0x6a, 0xeb, 0x6a,
        0xeb, 0x6a, 0xeb, 0x6a, 0xeb, 0x6a, 0xeb, 0x6a, 0xeb, 0x6a, 0xeb, 0x6a,
        0xeb, 0x6a, 0xeb, 0x6a, 0xeb, 0x6a, 0xeb, 0x6a, 0xeb, 0x6a, 0xeb, 0x6a,
        0xeb, 0x6a, 0xeb, 0x6a, 0xeb, 0x6a, 0xeb, 0x6a, 0xeb, 0x6a, 0xeb, 0x6a,
        0xeb, 0x6a, 0xeb, 0x6a, 0xeb, 0x6a, 0xeb, 0x6a, 0xeb, 0x6a, 0xeb, 0x6a,
        0xeb, 0x6a, 0xeb, 0x6a, 0xeb, 0x6a, 0xeb, 0x6a, 0xeb, 0x6a, 0xeb, 0x6a,
        0xeb, 0x6a, 0xeb, 0x6a, 0xeb, 0x6a, 0xeb, 0x6a, 0xeb, 0x6a, 0xeb, 0x6a,
        0xeb, 0x6a, 0xeb, 0x6a, 0xeb, 0x6a, 0xeb, 0x6a, 0xeb, 0x6a, 0xeb, 0x6a,
        0xeb, 0x6a, 0xeb, 0x6a, 0xeb, 0x6a, 0xeb, 0x6a, 0xeb, 0x6a, 0xeb, 0x6a,
        0xeb, 0x6a, 0xeb, 0x6a, 0xeb, 0x6a, 0xeb, 0x6a, 0xeb, 0x6a, 0xeb, 0x6a,
        0xeb, 0x6a, 0xeb, 0x6a, 0xeb, 0x6a, 0xeb, 0x6a, 0xeb, 0x6a, 0xeb, 0x6a,
        0xeb, 0x6a, 0xeb, 0x6a, 0xeb, 0x6a, 0xeb, 0x6a, 0xeb, 0x6a, 0xeb, 0x6a,
        0xeb, 0x6a, 0xeb, 0x6a, 0xeb, 0x6a, 0xeb, 0x6a, 0xeb, 0x6a, 0xeb, 0x6a,
        0xeb, 0x6a, 0xeb, 0x6a, 0xeb, 0x6a, 0xeb, 0x6a, 0xeb, 0x6a, 0xeb, 0x6a,
        0xeb, 0x6a, 0xeb, 0x6a, 0xeb, 0x6a, 0xeb, 0x6a, 0xeb, 0x6a, 0xeb, 0x6a,
        0xeb, 0x6a, 0xeb, 0x6a, 0xeb, 0x6a, 0xeb, 0x6a, 0xeb, 0x6a, 0xeb, 0x6a,
        0xeb, 0x6a, 0xeb, 0x6a, 0xeb, 0x6a, 0xeb, 0x6a, 0xeb, 0x6a, 0xeb, 0x6a,
        0xeb, 0x6a, 0xeb, 0x6a, 0xeb, 0x6a, 0xeb, 0x6a, 0xeb, 0x6a, 0xeb, 0x6a,
        0xeb, 0x6a, 0xeb, 0x6a, 0xeb, 0x6a, 0xeb, 0x6a, 0xeb, 0x6a, 0xeb, 0x6a,
        0xeb, 0x6a, 0xeb, 0x6a, 0xeb, 0x6a, 0xeb, 0x6a, 0xeb, 0x6a, 0xeb, 0x6a,
        0xeb, 0x6a, 0xeb, 0x6a, 0xeb, 0x6a, 0xeb, 0x6a, 0xeb, 0x6a, 0xeb, 0x6a,
        0xeb, 0x6a, 0xeb, 0x6a, 0xeb, 0x6a, 0xeb, 0x6a, 0xeb, 0x6a, 0xeb, 0x6a,
        0xeb, 0x6a, 0xeb, 0x6a, 0xeb, 0x6a, 0xeb, 0x6a, 0xeb, 0x6a, 0xeb, 0x6a,
        0xeb, 0x6a, 0xeb, 0x6a, 0xeb, 0x6a, 0xeb, 0x6a, 0xeb, 0x6a, 0xeb, 0x6a,
        0xeb, 0x6a, 0xeb, 0x6a, 0xeb, 0x6a, 0xeb, 0x6a, 0xeb, 0x6a, 0xeb, 0x6a,
        0xeb, 0x6a, 0xeb, 0x6a, 0xeb, 0x6a, 0xeb, 0x6a, 0xeb, 0x6a, 0xeb, 0x6a,
        0xeb, 0x6a, 0xeb, 0x6a, 0xeb, 0x6a, 0xeb, 0x6a, 0xeb, 0x6a, 0xeb, 0x6a,
        0xeb, 0x6a, 0xeb, 0x6a, 0xeb, 0x6a, 0xeb, 0x6a, 0xeb, 0x6a, 0xeb, 0x6a,
        0xeb, 0x6a, 0xeb, 0x6a, 0xeb, 0x6a, 0xeb, 0x6a, 0xeb, 0x6a, 0xeb, 0x6a,
        0xeb, 0x6a, 0xeb, 0x6a, 0xeb, 0x6a, 0xeb, 0x6a, 0xeb, 0x6a, 0xeb, 0x6a,
        0xeb, 0x6a, 0xeb, 0x6a, 0xeb, 0x6a, 0xeb, 0x6a, 0xeb, 0x6a, 0xeb, 0x6a,
        0xeb, 0x6a, 0xeb, 0x6a, 0xeb, 0x6a, 0xeb, 0x6a, 0xeb, 0x6a, 0xeb, 0x6a,
        0xeb, 0x6a, 0xeb, 0x6a, 0xeb, 0x6a, 0xeb, 0x6a, 0xeb, 0x6a, 0xeb, 0x6a,
        0xeb, 0x6a, 0xeb, 0x6a, 0xeb, 0x6a, 0xeb, 0x6a, 0xeb, 0x6a, 0xeb, 0x6a,
        0xeb, 0x6a, 0xeb, 0x6a, 0xeb, 0x6a, 0xeb, 0x6a, 0xeb, 0x6a, 0xeb, 0x6a,
        0xeb, 0x6a, 0xeb, 0x6a, 0xeb, 0x6a, 0xeb, 0x6a, 0xeb, 0x6a, 0xeb, 0x6a,
        0xeb, 0x6a, 0xeb, 0x6a, 0xeb, 0x6a, 0xeb, 0x6a, 0xeb, 0x6a, 0xeb, 0x6a,
        0xeb, 0x6a, 0xeb, 0x6a, 0xeb, 0x6a, 0xeb, 0x6a, 0xeb, 0x6a, 0xeb, 0x6a,
        0xeb, 0x6a, 0xeb, 0x6a, 0xeb, 0x6a, 0xeb, 0x6a, 0xeb, 0x6a, 0xeb, 0x6a,
        0xeb, 0x6a, 0xeb, 0x6a, 0xeb, 0x6a, 0xeb, 0x6a, 0xeb, 0x6a, 0xeb, 0x6a,
        0xeb, 0x6a, 0xeb, 0x6a, 0xeb, 0x6a, 0xeb, 0x6a, 0xeb, 0x6a, 0xeb, 0x6a,
        0xeb, 0x6a, 0xeb, 0x6a, 0xeb, 0x6a, 0xeb, 0x6a, 0xeb, 0x6a, 0xeb, 0x6a,
        0xeb, 0x6a, 0xeb, 0x6a, 0xeb, 0x6a, 0xeb, 0x6a, 0xeb, 0x6a, 0xeb, 0x6a,
        0xeb, 0x6a, 0xeb, 0x6a, 0xeb, 0x6a, 0xeb, 0x6a, 0xeb, 0x6a, 0xeb, 0x6a,
        0xeb, 0x6a, 0xeb, 0x6a, 0xeb, 0x6a, 0xeb, 0x6a, 0xeb, 0x6a, 0xeb, 0x6a,
        0xeb, 0x6a, 0xeb, 0x6a, 0xeb, 0x6a, 0xeb, 0x6a, 0xeb, 0x6a, 0xeb, 0x6a,
        0xeb, 0x6a, 0xeb, 0x6a, 0xeb, 0x6a, 0xeb, 0x6a, 0xeb, 0x6a, 0xeb, 0x6a,
        0xeb, 0x6a, 0xeb, 0x6a, 0xeb, 0x6a, 0xeb, 0x6a, 0xeb, 0x6a, 0xeb, 0x6a,
        0xeb, 0x6a, 0xeb, 0x6a, 0xeb, 0x6a, 0xeb, 0x6a, 0xeb, 0x6a, 0xeb, 0x6a,
        0xeb, 0x6a, 0xeb, 0x6a, 0xeb, 0x6a, 0xeb, 0x6a, 0xeb, 0x6a, 0xeb, 0x6a,
        0xeb, 0x6a, 0xeb, 0x6a, 0xeb, 0x6a, 0xeb, 0x6a, 0xeb, 0x6a, 0xeb, 0x6a,
        0xeb, 0x6a, 0xeb, 0x6a, 0xeb, 0x6a, 0xeb, 0x6a, 0xeb, 0x6a, 0xeb, 0x6a,
        0xeb, 0x6a, 0xeb, 0x6a, 0xeb, 0x6a, 0xeb, 0x6a, 0xeb, 0x6a, 0xeb, 0x6a,
        0xeb, 0x6a, 0xeb, 0x6a, 0xeb, 0x6a, 0xeb, 0x6a, 0xeb, 0x6a, 0xeb, 0x6a,
        0xeb, 0x6a, 0xeb, 0x6a, 0xeb, 0x6a, 0xeb, 0x6a, 0xeb, 0x6a, 0xeb, 0x6a,
        0xeb, 0x6a, 0xeb, 0x6a, 0xeb, 0x6a, 0xeb, 0x6a, 0xeb, 0x6a, 0xeb, 0x6a,
        0xeb, 0x6a, 0xeb, 0x6a, 0xeb, 0x6a, 0xeb, 0x6a, 0xeb, 0x6a, 0xeb, 0x6a,
        0xeb, 0x6a, 0xeb, 0x6a, 0xeb, 0x6a, 0xeb, 0x6a, 0xeb, 0x6a, 0xeb, 0x6a,
        0xeb, 0x6a, 0xeb, 0x6a, 0xeb, 0x6a, 0xeb, 0x6a, 0xeb, 0x6a, 0xeb, 0x6a,
        0xeb, 0x6a, 0xeb, 0x6a, 0xeb, 0x6a, 0xeb, 0x6a, 0xeb, 0x6a, 0xeb, 0x6a,
        0xeb, 0x6a, 0xeb, 0x6a, 0xeb, 0x6a, 0xeb, 0x6a, 0xeb, 0x6a, 0xeb, 0x6a,
        0xeb, 0x6a, 0xeb, 0x6a, 0xeb, 0x6a, 0xeb, 0x6a, 0xeb, 0x6a, 0xeb, 0x6a,
        0xeb, 0x6a, 0xeb, 0x6a, 0xeb, 0x6a, 0xeb, 0x6a, 0xeb, 0x6a, 0xeb, 0x6a,
        0xeb, 0x6a, 0xeb, 0x6a, 0xeb, 0x6a, 0xeb, 0x6a, 0xeb, 0x6a, 0xeb, 0x6a,
        0xeb, 0x6a, 0xeb, 0x6a, 0xeb, 0x6a, 0xeb, 0x6a, 0xeb, 0x6a, 0xeb, 0x6a,
        0xeb, 0x6a, 0xeb, 0x6a, 0xeb, 0x6a, 0xeb, 0x6a, 0xeb, 0x6a, 0xeb, 0x6a,
        0xeb, 0x6a, 0xeb, 0x6a, 0xeb, 0x6a, 0xeb, 0x6a, 0xeb, 0x6a, 0xeb, 0x6a,
        0xeb, 0x6a, 0xeb, 0x6a, 0xeb, 0x6a, 0xeb, 0x6a, 0xeb, 0x6a, 0xeb, 0x6a,
        0xeb, 0x6a, 0xeb, 0x6a, 0xeb, 0x6a, 0xeb, 0x6a, 0xeb, 0x6a, 0xeb, 0x6a,
        0xeb, 0x6a, 0xeb, 0x6a, 0xeb, 0x6a, 0xeb, 0x6a, 0xeb, 0x6a, 0xeb, 0x6a,
        0xeb, 0x6a, 0xeb, 0x6a, 0xeb, 0x6a, 0xeb, 0x6a, 0xeb, 0x6a, 0xeb, 0x6a,
        0xeb, 0x6a, 0xeb, 0x6a, 0xeb, 0x6a, 0xeb, 0x6a, 0xeb, 0x6a, 0xeb, 0x6a,
        0xeb, 0x6a, 0xeb, 0x6a, 0xeb, 0x6a, 0xeb, 0x6a, 0xeb, 0x6a, 0xeb, 0x6a,
        0xeb, 0x6a, 0xeb, 0x6a, 0xeb, 0x6a, 0xeb, 0x6a, 0xeb, 0x6a, 0xeb, 0x6a,
        0xeb, 0x6a, 0xeb, 0x6a, 0xeb, 0x6a, 0xeb, 0x6a, 0xeb, 0x6a, 0xeb, 0x6a,
        0xeb, 0x6a, 0xeb, 0x6a, 0xeb, 0x6a, 0xeb, 0x6a, 0xeb, 0x6a, 0xeb, 0x6a,
        0xeb, 0x6a, 0xeb, 0x6a, 0xeb, 0x6a, 0xeb, 0x6a, 0xeb, 0x6a, 0xeb, 0x6a,
        0xeb, 0x6a, 0xeb, 0x6a, 0xeb, 0x6a, 0xeb, 0x6a, 0xeb, 0x6a, 0xeb, 0x6a,
        0xeb, 0x6a, 0xeb, 0x6a, 0xeb, 0x6a, 0xeb, 0x6a, 0xeb, 0x6a, 0xeb, 0x6a,
        0xeb, 0x6a, 0xeb, 0x6a, 0xeb, 0x6a, 0xeb, 0x6a, 0xeb, 0x6a, 0xeb, 0x6a,
        0xeb, 0x6a, 0xeb, 0x6a, 0xeb, 0x6a, 0xeb, 0x6a, 0xeb, 0x6a, 0xeb, 0x6a,
        0xeb, 0x6a, 0xeb, 0x6a, 0xeb, 0x6a, 0xeb, 0x6a, 0xeb, 0x6a, 0xeb, 0x6a,
        0xeb, 0x6a, 0xeb, 0x6a, 0xeb, 0x6a, 0xeb, 0x6a, 0xeb, 0x6a, 0xeb, 0x6a,
        0xeb, 0x6a, 0xeb, 0x6a, 0xeb, 0x6a, 0xeb, 0x6a, 0xeb, 0x6a, 0xeb, 0x6a,
        0xeb, 0x6a, 0xeb, 0x6a, 0xeb, 0x6a, 0xeb, 0x6a, 0xeb, 0x6a, 0xeb, 0x6a,
        0xeb, 0x6a, 0xeb, 0x6a, 0xeb, 0x6a, 0xeb, 0x6a, 0xeb, 0x6a, 0xeb, 0x6a,
        0xeb, 0x6a, 0xeb, 0x6a, 0xeb, 0x6a, 0xeb, 0x6a, 0xeb, 0x6a, 0xeb, 0x6a,
        0xeb, 0x6a, 0xeb, 0x6a, 0xeb, 0x6a, 0xeb, 0x6a, 0xeb, 0x6a, 0xeb, 0x6a,
        0xeb, 0x6a, 0xeb, 0x6a, 0xeb, 0x6a, 0xeb, 0x6a, 0xeb, 0x6a, 0xeb, 0x6a,
        0xeb, 0x6a, 0xeb, 0x6a, 0xeb, 0x6a, 0xeb, 0x6a, 0xeb, 0x6a, 0xeb, 0x6a,
        0xeb, 0x6a, 0xeb, 0x6a, 0xeb, 0x6a, 0xeb, 0x6a, 0xeb, 0x6a, 0xeb, 0x6a,
        0xeb, 0x6a, 0xeb, 0x6a, 0xeb, 0x6a, 0xeb, 0x6a, 0xeb, 0x6a, 0xeb, 0x6a,
        0xeb, 0x6a, 0xeb, 0x6a, 0xeb, 0x6a, 0xeb, 0x6a, 0xeb, 0x6a, 0xeb, 0x6a,
        0xeb, 0x6a, 0xeb, 0x6a, 0xeb, 0x6a, 0xeb, 0x6a, 0xeb, 0x6a, 0xeb, 0x6a,
        0xeb, 0x6a, 0xeb, 0x6a, 0xeb, 0x6a, 0xeb, 0x6a, 0xeb, 0x6a, 0xeb, 0x6a,
        0xeb, 0x6a, 0xeb, 0x6a, 0xeb, 0x6a, 0xeb, 0x6a, 0xeb, 0x6a, 0xeb, 0x6a,
        0xeb, 0x6a, 0xeb, 0x6a, 0xeb, 0x6a, 0xeb, 0x6a, 0xeb, 0x6a, 0xeb, 0x6a,
        0xeb, 0x6a, 0xeb, 0x6a, 0xeb, 0x6a, 0xeb, 0x6a, 0xeb, 0x6a, 0xeb, 0x6a,
        0xeb, 0x6a, 0xeb, 0x6a, 0xeb, 0x6a, 0xeb, 0x6a, 0xeb, 0x6a, 0xeb, 0x6a,
        0xeb, 0x6a, 0xeb, 0x6a, 0xeb, 0x6a, 0xeb, 0x6a, 0xeb, 0x6a, 0xeb, 0x6a,
        0xeb, 0x6a, 0xeb, 0x6a, 0xeb, 0x6a, 0xeb, 0x6a, 0xeb, 0x6a, 0xeb, 0x6a,
        0xeb, 0x6a, 0xeb, 0x6a, 0xeb, 0x6a, 0xeb, 0x6a, 0xeb, 0x6a, 0xeb, 0x6a,
        0xeb, 0x6a, 0xeb, 0x6a, 0xeb, 0x6a, 0xeb, 0x6a, 0xeb, 0x6a, 0xeb, 0x6a,
        0xeb, 0x6a, 0xeb, 0x6a, 0xeb, 0x6a, 0xeb, 0x6a, 0xeb, 0x6a, 0xeb, 0x6a,
        0xeb, 0x6a, 0xeb, 0x6a, 0xeb, 0x6a, 0xeb, 0x6a, 0xeb, 0x6a, 0xeb, 0x6a,
        0xeb, 0x6a, 0xeb, 0x6a, 0xeb, 0x6a, 0xeb, 0x6a, 0xeb, 0x6a, 0xeb, 0x6a,
        0xeb, 0x6a, 0xeb, 0x6a, 0xeb, 0x6a, 0xeb, 0x6a, 0xeb, 0x6a, 0xeb, 0x6a,
        0xeb, 0x6a, 0xeb, 0x6a, 0xeb, 0x6a, 0xeb, 0x6a, 0xeb, 0x6a, 0xeb, 0x6a,
        0xeb, 0x6a, 0xeb, 0x6a, 0xeb, 0x6a, 0xeb, 0x6a, 0xeb, 0x6a, 0xeb, 0x6a,
        0xeb, 0x6a, 0xeb, 0x6a, 0xeb, 0x6a, 0xeb, 0x6a, 0xeb, 0x6a, 0xeb, 0x6a,
        0xeb, 0x6a, 0xeb, 0x6a, 0xeb, 0x6a, 0xeb, 0x6a, 0xeb, 0x6a, 0xeb, 0x6a,
        0xeb, 0x6a, 0xeb, 0x6a, 0xeb, 0x6a, 0xeb, 0x6a, 0xeb, 0x6a, 0xeb, 0x6a,
        0xeb, 0x6a, 0xeb, 0x6a, 0xeb, 0x6a, 0xeb, 0x6a, 0xeb, 0x6a, 0xeb, 0x6a,
        0xeb, 0x6a, 0xeb, 0x6a, 0xeb, 0x6a, 0xeb, 0x6a, 0xeb, 0x6a, 0xeb, 0x6a,
        0xeb, 0x6a, 0xeb, 0x6a, 0xeb, 0x6a, 0xeb, 0x6a, 0xeb, 0x6a, 0xeb, 0x6a,
        0xeb, 0x6a, 0xeb, 0x6a, 0xeb, 0x6a, 0xeb, 0x6a, 0xeb, 0x6a, 0xeb, 0x6a,
        0xeb, 0x6a, 0xeb, 0x6a, 0xeb, 0x6a, 0xeb, 0x6a, 0xeb, 0x6a, 0xeb, 0x6a,
        0xeb, 0x6a, 0xeb, 0x6a, 0xeb, 0x6a, 0xeb, 0x6a, 0xeb, 0x6a, 0xeb, 0x6a,
        0xeb, 0x6a, 0xeb, 0x6a, 0xeb, 0x6a, 0xeb, 0x6a, 0xeb, 0x6a, 0xeb, 0x6a,
        0xeb, 0x6a, 0xeb, 0x6a, 0xeb, 0x6a, 0xeb, 0x6a, 0xeb, 0x6a, 0xeb, 0x6a,
        0xeb, 0x6a, 0xeb, 0x6a, 0xeb, 0x6a, 0xeb, 0x6a, 0xeb, 0x6a, 0xeb, 0x6a,
        0xeb, 0x6a, 0xeb, 0x6a, 0xeb, 0x6a, 0xeb, 0x6a, 0xeb, 0x6a, 0xeb, 0x6a,
        0xeb, 0x6a, 0xeb, 0x6a, 0xeb, 0x6a, 0xeb, 0x6a, 0xeb, 0x6a, 0xeb, 0x6a,
        0xeb, 0x6a, 0xeb, 0x6a, 0xeb, 0x6a, 0xeb, 0x6a, 0xeb, 0x6a, 0xeb, 0x6a,
        0xeb, 0x6a, 0xeb, 0x6a, 0xeb, 0x6a, 0xeb, 0x6a, 0xeb, 0x6a, 0xeb, 0x6a,
        0xeb, 0x6a, 0xeb, 0x6a, 0xeb, 0x6a, 0xeb, 0x6a, 0xeb, 0x6a, 0xeb, 0x6a,
        0xeb, 0x6a, 0xeb, 0x6a, 0xeb, 0x6a, 0xeb, 0x6a, 0xeb, 0x6a, 0xeb, 0x6a,
        0xeb, 0x6a, 0xeb, 0x6a, 0xeb, 0x6a, 0xeb, 0x6a, 0xeb, 0x6a, 0xeb, 0x6a,
        0xeb, 0x6a, 0xeb, 0x6a, 0xeb, 0x6a, 0xeb, 0x6a, 0xeb, 0x6a, 0xeb, 0x6a,
        0xeb, 0x6a, 0xeb, 0x6a, 0xeb, 0x6a, 0xeb, 0x6a, 0xeb, 0x6a, 0xeb, 0x6a,
        0xeb, 0x6a, 0xeb, 0x6a, 0xeb, 0x6a, 0xeb, 0x6a, 0xeb, 0x6a, 0xeb, 0x6a,
        0xeb, 0x6a, 0xeb, 0x6a, 0xeb, 0x6a, 0xeb, 0x6a, 0xeb, 0x6a, 0xeb, 0x6a,
        0xeb, 0x6a, 0xeb, 0x6a, 0xeb, 0x6a, 0xeb, 0x6a, 0xeb, 0x6a, 0xeb, 0x6a,
        0xeb, 0x6a, 0xeb, 0x6a, 0xeb, 0x6a, 0xeb, 0x6a, 0xeb, 0x6a, 0xeb, 0x6a,
        0xeb, 0x6a, 0xeb, 0x6a, 0xeb, 0x6a, 0xeb, 0x6a, 0xeb, 0x6a, 0xeb, 0x6a,
        0xeb, 0x6a, 0xeb, 0x6a, 0xeb, 0x6a, 0xeb, 0x6a, 0xeb, 0x6a, 0xeb, 0x6a,
        0xeb, 0x6a, 0xeb, 0x6a, 0xeb, 0x6a, 0xeb, 0x6a, 0xeb, 0x6a, 0xeb, 0x6a,
        0xeb, 0x6a, 0xeb, 0x6a, 0xeb, 0x6a, 0xeb, 0x6a, 0xeb, 0x6a, 0xeb, 0x6a,
        0xeb, 0x6a, 0xeb, 0x6a, 0xeb, 0x6a, 0xeb, 0x6a, 0xeb, 0x6a, 0xeb, 0x6a,
        0xeb, 0x6a, 0xeb, 0x6a, 0xeb, 0x6a, 0xeb, 0x6a, 0xeb, 0x6a, 0xeb, 0x6a,
        0xeb, 0x6a, 0xeb, 0x6a, 0xeb, 0x6a, 0xeb, 0x6a, 0xeb, 0x6a, 0xeb, 0x6a,
        0xeb, 0x6a, 0xeb, 0x6a, 0xeb, 0x6a, 0xeb, 0x6a, 0xeb, 0x6a, 0xeb, 0x6a,
        0xeb, 0x6a, 0xeb, 0x6a, 0xeb, 0x6a, 0xeb, 0x6a, 0xeb, 0x6a, 0xeb, 0x6a,
        0xeb, 0x6a, 0xeb, 0x6a, 0xeb, 0x6a, 0xeb, 0x6a, 0xeb, 0x6a, 0xeb, 0x6a,
        0xeb, 0x6a, 0xeb, 0x6a, 0xeb, 0x6a, 0xeb, 0x6a, 0xeb, 0x6a, 0xeb, 0x6a,
        0xeb, 0x6a, 0xeb, 0x6a, 0xeb, 0x6a, 0xeb, 0x6a, 0xeb, 0x6a, 0xeb, 0x6a,
        0xeb, 0x6a, 0xeb, 0x6a, 0xeb, 0x6a, 0xeb, 0x6a, 0xeb, 0x6a, 0xeb, 0x6a,
        0xeb, 0x6a, 0xeb, 0x6a, 0xeb, 0x6a, 0xeb, 0x6a, 0xeb, 0x6a, 0xeb, 0x6a,
        0xeb, 0x6a, 0xeb, 0x6a, 0xeb, 0x6a, 0xeb, 0x6a, 0xeb, 0x6a, 0xeb, 0x6a,
        0xeb, 0x6a, 0xeb, 0x6a, 0xeb, 0x6a, 0xeb, 0x6a, 0xeb, 0x6a, 0xeb, 0x6a,
        0xeb, 0x6a, 0xeb, 0x6a, 0xeb, 0x6a, 0xeb, 0x6a, 0xeb, 0x6a, 0xeb, 0x6a,
        0xeb, 0x6a, 0xeb, 0x6a, 0xeb, 0x6a, 0xeb, 0x6a, 0xeb, 0x6a, 0xeb, 0x6a,
        0xeb, 0x6a, 0xeb, 0x6a, 0xeb, 0x6a, 0xeb, 0x6a, 0xeb, 0x6a, 0xeb, 0x6a,
        0xeb, 0x6a, 0xeb, 0x6a, 0xeb, 0x6a, 0xeb, 0x6a, 0xeb, 0x6a, 0xeb, 0x6a,
        0xeb, 0x6a, 0xeb, 0x6a, 0xeb, 0x6a, 0xeb, 0x6a, 0xeb, 0x6a, 0xeb, 0x6a,
        0xeb, 0x6a, 0xeb, 0x6a, 0xeb, 0x6a, 0xeb, 0x6a, 0xeb, 0x6a, 0xeb, 0x6a,
        0xeb, 0x6a, 0xeb, 0x6a, 0xeb, 0x6a, 0xeb, 0x6a, 0xeb, 0x6a, 0xeb, 0x6a,
        0xeb, 0x6a, 0xeb, 0x6a, 0xeb, 0x6a, 0xeb, 0x6a, 0xeb, 0x6a, 0xeb, 0x6a,
        0xeb, 0x6a, 0xeb, 0x6a, 0xeb, 0x6a, 0xeb, 0x6a, 0xeb, 0x6a, 0xeb, 0x6a,
        0xeb, 0x6a, 0xeb, 0x6a, 0xeb, 0x6a, 0xeb, 0x6a, 0xeb, 0x6a, 0xeb, 0x6a,
        0xeb, 0x6a, 0xeb, 0x6a, 0xeb, 0x6a, 0xeb, 0x6a, 0xeb, 0x6a, 0xeb, 0x6a,
        0xeb, 0x6a, 0xeb, 0x6a, 0xeb, 0x6a, 0xeb, 0x6a, 0xeb, 0x6a, 0xeb, 0x6a,
        0xeb, 0x6a, 0xeb, 0x6a, 0xeb, 0x6a, 0xeb, 0x6a, 0xeb, 0x6a, 0xeb, 0x6a,
        0xeb, 0x6a, 0xeb, 0x6a, 0xeb, 0x6a, 0xeb, 0x6a, 0xeb, 0x6a, 0xeb, 0x6a,
        0xeb, 0x6a, 0xeb, 0x6a, 0xeb, 0x6a, 0xeb, 0x6a, 0xeb, 0x6a, 0xeb, 0x6a,
        0xeb, 0x6a, 0xeb, 0x6a, 0xeb, 0x6a, 0xeb, 0x6a, 0xeb, 0x6a, 0xeb, 0x6a,
        0xeb, 0x6a, 0xeb, 0x6a, 0xeb, 0x6a, 0xeb, 0x6a, 0xeb, 0x6a, 0xeb, 0x6a,
        0xeb, 0x6a, 0xeb, 0x6a, 0xeb, 0x6a, 0xeb, 0x6a, 0xeb, 0x6a, 0xeb, 0x6a,
        0xeb, 0x6a, 0xeb, 0x6a, 0xeb, 0x6a, 0xeb, 0x6a, 0xeb, 0x6a, 0xeb, 0x6a,
        0xeb, 0x6a, 0xeb, 0x6a, 0xeb, 0x6a, 0xeb, 0x6a, 0xeb, 0x6a, 0xeb, 0x6a,
        0xeb, 0x6a, 0xeb, 0x6a, 0xeb, 0x6a, 0xeb, 0x6a, 0xeb, 0x6a, 0xeb, 0x6a,
        0xeb, 0x6a, 0xeb, 0x6a, 0xeb, 0x6a, 0xeb, 0x6a, 0xeb, 0x6a, 0xeb, 0x6a,
        0xeb, 0x6a, 0xeb, 0x6a, 0xeb, 0x6a, 0xeb, 0x6a, 0xeb, 0x6a, 0xeb, 0x6a,
        0xeb, 0x6a, 0xeb, 0x6a, 0xeb, 0x6a, 0xeb, 0x6a, 0xeb, 0x6a, 0xeb, 0x6a,
        0xeb, 0x6a, 0xeb, 0x6a, 0xeb, 0x6a, 0xeb, 0x6a, 0xeb, 0x6a, 0xeb, 0x6a,
        0xeb, 0x6a, 0xeb, 0x6a, 0xeb, 0x6a, 0xeb, 0x6a, 0xeb, 0x6a, 0xeb, 0x6a,
        0xeb, 0x6a, 0xeb, 0x6a, 0xeb, 0x6a, 0xeb, 0x6a, 0xeb, 0x6a, 0xeb, 0x6a,
        0xeb, 0x6a, 0xeb, 0x6a, 0xeb, 0x6a, 0xeb, 0x6a, 0xeb, 0x6a, 0xeb, 0x6a,
        0xeb, 0x6a, 0xeb, 0x6a, 0xeb, 0x6a, 0xeb, 0x6a, 0xeb, 0x6a, 0xeb, 0x6a,
        0xeb, 0x6a, 0xeb, 0x6a, 0xeb, 0x6a, 0xeb, 0x6a, 0xeb, 0x6a, 0xeb, 0x6a,
        0xeb, 0x6a, 0xeb, 0x6a, 0xeb, 0x6a, 0xeb, 0x6a, 0xeb, 0x6a, 0xeb, 0x6a,
        0xeb, 0x6a, 0xeb, 0x6a, 0xeb, 0x6a, 0xeb, 0x6a, 0xeb, 0x6a, 0xeb, 0x6a,
        0xeb, 0x6a, 0xeb, 0x6a, 0xeb, 0x6a, 0xeb, 0x6a, 0xeb, 0x6a, 0xeb, 0x6a,
        0xeb, 0x6a, 0xeb, 0x6a, 0xeb, 0x6a, 0xeb, 0x6a, 0xeb, 0x6a, 0xeb, 0x6a,
        0xeb, 0x6a, 0xeb, 0x6a, 0xeb, 0x6a, 0xeb, 0x6a, 0xeb, 0x6a, 0xeb, 0x6a,
        0xeb, 0x6a, 0xeb, 0x6a, 0xeb, 0x6a, 0xeb, 0x6a, 0xeb, 0x6a, 0xeb, 0x6a,
        0xeb, 0x6a, 0xeb, 0x6a, 0xeb, 0x6a, 0xeb, 0x6a, 0xeb, 0x6a, 0xeb, 0x6a,
        0xeb, 0x6a, 0xeb, 0x6a, 0xeb, 0x6a, 0xeb, 0x6a, 0xeb, 0x6a, 0xeb, 0x6a,
        0xeb, 0x6a, 0xeb, 0x6a, 0xeb, 0x6a, 0xeb, 0x6a, 0xeb, 0x6a, 0xeb, 0x6a,
        0xeb, 0x6a, 0xeb, 0x6a, 0xeb, 0x6a, 0xeb, 0x6a, 0xeb, 0x6a, 0xeb, 0x6a,
        0xeb, 0x6a, 0xeb, 0x6a, 0xeb, 0x6a, 0xeb, 0x6a, 0xeb, 0x6a, 0xeb, 0x6a,
        0xeb, 0x6a, 0xeb, 0x6a, 0xeb, 0x6a, 0xeb, 0x6a, 0xeb, 0x6a, 0xeb, 0x6a,
        0xeb, 0x6a, 0xeb, 0x6a, 0xeb, 0x6a, 0xeb, 0x6a, 0xeb, 0x6a, 0xeb, 0x6a,
        0xeb, 0x6a, 0xeb, 0x6a, 0xeb, 0x6a, 0xeb, 0x6a, 0xeb, 0x6a, 0xeb, 0x6a,
        0xeb, 0x6a, 0xeb, 0x6a, 0xeb, 0x6a, 0xeb, 0x6a, 0xeb, 0x6a, 0xeb, 0x6a,
        0xeb, 0x6a, 0xeb, 0x6a, 0xeb, 0x6a, 0xeb, 0x6a, 0xeb, 0x6a, 0xeb, 0x6a,
        0xeb, 0x6a, 0xeb, 0x6a, 0xeb, 0x6a, 0xeb, 0x6a, 0xeb, 0x6a, 0xeb, 0x6a,
        0xeb, 0x6a, 0xeb, 0x6a, 0xeb, 0x6a, 0xeb, 0x6a, 0xeb, 0x6a, 0xeb, 0x6a,
        0xeb, 0x6a, 0xeb, 0x6a, 0xeb, 0x6a, 0xeb, 0x6a, 0xeb, 0x6a, 0xeb, 0x6a,
        0xeb, 0x6a, 0xeb, 0x6a, 0xeb, 0x6a, 0xeb, 0x6a, 0xeb, 0x6a, 0xeb, 0x6a,
        0xeb, 0x6a, 0xeb, 0x6a, 0xeb, 0x6a, 0xeb, 0x6a, 0xeb, 0x6a, 0xeb, 0x6a,
        0xeb, 0x6a, 0xeb, 0x6a, 0xeb, 0x6a, 0xeb, 0x6a, 0xeb, 0x6a, 0xeb, 0x6a,
        0xeb, 0x6a, 0xeb, 0x6a, 0xeb, 0x6a, 0xeb, 0x6a, 0xeb, 0x6a, 0xeb, 0x6a,
        0xeb, 0x6a, 0xeb, 0x6a, 0xeb, 0x6a, 0xeb, 0x6a, 0xeb, 0x6a, 0xeb, 0x6a,
        0xeb, 0x6a, 0xeb, 0x6a, 0xeb, 0x6a, 0xeb, 0x6a, 0xeb, 0x6a, 0xeb, 0x6a,
        0xeb, 0x6a, 0xeb, 0x6a, 0xeb, 0x6a, 0xeb, 0x6a, 0xeb, 0x6a, 0xeb, 0x6a,
        0xeb, 0x6a, 0xeb, 0x6a, 0xeb, 0x6a, 0xeb, 0x6a, 0xeb, 0x6a, 0xeb, 0x6a,
        0xeb, 0x6a, 0xeb, 0x6a, 0xeb, 0x6a, 0xeb, 0x6a, 0xeb, 0x6a, 0xeb, 0x6a,
        0xeb, 0x6a, 0xeb, 0x6a, 0xeb, 0x6a, 0xeb, 0x6a, 0xeb, 0x6a, 0xeb, 0x6a,
        0xeb, 0x6a, 0xeb, 0x6a, 0xeb, 0x6a, 0xeb, 0x6a, 0xeb, 0x6a, 0xeb, 0x6a,
        0xeb, 0x6a, 0xeb, 0x6a, 0xeb, 0x6a, 0xeb, 0x6a, 0xeb, 0x6a, 0xeb, 0x6a,
        0xeb, 0x6a, 0xeb, 0x6a, 0xeb, 0x6a, 0xeb, 0x6a, 0xeb, 0x6a, 0xeb, 0x6a,
        0xeb, 0x6a, 0xeb, 0x6a, 0xeb, 0x6a, 0xeb, 0x6a, 0xeb, 0x6a, 0xeb, 0x6a,
        0xeb, 0x6a, 0xeb, 0x6a, 0xeb, 0x6a, 0xeb, 0x6a, 0xeb, 0x6a, 0xeb, 0x6a,
        0xeb, 0x6a, 0xeb, 0x6a, 0xeb, 0x6a, 0xeb, 0x6a, 0xeb, 0x6a, 0xeb, 0x6a,
        0xeb, 0x6a, 0xeb, 0x6a, 0xeb, 0x6a, 0xeb, 0x6a, 0xeb, 0x6a, 0xeb, 0x6a,
        0xeb, 0x6a, 0xeb, 0x6a, 0xeb, 0x6a, 0xeb, 0x6a, 0xeb, 0x6a, 0xeb, 0x6a,
        0xeb, 0x6a, 0xeb, 0x6a, 0xeb, 0x6a, 0xeb, 0x6a, 0xeb, 0x6a, 0xeb, 0x6a,
        0xeb, 0x6a, 0xeb, 0x6a, 0xeb, 0x6a, 0xeb, 0x6a, 0xeb, 0x6a, 0xeb, 0x6a,
        0xeb, 0x6a, 0xeb, 0x6a, 0xeb, 0x6a, 0xeb, 0x6a, 0xeb, 0x6a, 0xeb, 0x6a,
        0xeb, 0x6a, 0xeb, 0x6a, 0xeb, 0x6a, 0xeb, 0x6a, 0xeb, 0x6a, 0xeb, 0x6a,
        0xeb, 0x6a, 0xeb, 0x6a, 0xeb, 0x6a, 0xeb, 0x6a, 0xeb, 0x6a, 0xeb, 0x6a,
        0xeb, 0x6a, 0xeb, 0x6a, 0xeb, 0x6a, 0xeb, 0x6a, 0xeb, 0x6a, 0xeb, 0x6a,
        0xeb, 0x6a, 0xeb, 0x6a, 0xeb, 0x6a, 0xeb, 0x6a, 0xeb, 0x6a, 0xeb, 0x6a,
        0xeb, 0x6a, 0xeb, 0x6a, 0xeb, 0x6a, 0xeb, 0x6a, 0xeb, 0x6a, 0xeb, 0x6a,
        0xeb, 0x6a, 0xeb, 0x6a, 0xeb, 0x6a, 0xeb, 0x6a, 0xeb, 0x6a, 0xeb, 0x6a,
        0xeb, 0x6a, 0xeb, 0x6a, 0xeb, 0x6a, 0xeb, 0x6a, 0xeb, 0x6a, 0xeb, 0x6a,
        0xeb, 0x6a, 0xeb, 0x6a, 0xeb, 0x6a, 0xeb, 0x6a, 0xeb, 0x6a, 0xeb, 0x6a,
        0xeb, 0x6a, 0xeb, 0x6a, 0xeb, 0x6a, 0xeb, 0x6a, 0xeb, 0x6a, 0xeb, 0x6a,
        0xeb, 0x6a, 0xeb, 0x6a, 0xeb, 0x6a, 0xeb, 0x6a, 0xeb, 0x6a, 0xeb, 0x6a,
        0xeb, 0x6a, 0xeb, 0x6a, 0xeb, 0x6a, 0xeb, 0x6a, 0xeb, 0x6a, 0xeb, 0x6a,
        0xeb, 0x6a, 0xeb, 0x6a, 0xeb, 0x6a, 0xeb, 0x6a, 0xeb, 0x6a, 0xeb, 0x6a,
        0xeb, 0x6a, 0xeb, 0x6a, 0xeb, 0x6a, 0xeb, 0x6a, 0xeb, 0x6a, 0xeb, 0x6a,
        0xeb, 0x6a, 0xeb, 0x6a, 0xeb, 0x6a, 0xeb, 0x6a, 0xeb, 0x6a, 0xeb, 0x6a,
        0xeb, 0x6a, 0xeb, 0x6a, 0xeb, 0x6a, 0xeb, 0x6a, 0xeb, 0x6a, 0xeb, 0x6a,
        0xeb, 0x6a, 0xeb, 0x6a, 0xeb, 0x6a, 0xeb, 0x6a, 0xeb, 0x6a, 0xeb, 0x6a,
        0xeb, 0x6a, 0xeb, 0x6a, 0xeb, 0x6a, 0xeb, 0x6a, 0xeb, 0x6a, 0xeb, 0x6a,
        0xeb, 0x6a, 0xeb, 0x6a, 0xeb, 0x6a, 0xeb, 0x6a, 0xeb, 0x6a, 0xeb, 0x6a,
        0xeb, 0x6a, 0xeb, 0x6a, 0xeb, 0x6a, 0xeb, 0x6a, 0xeb, 0x6a, 0xeb, 0x6a,
        0xeb, 0x6a, 0xeb, 0x6a, 0xeb, 0x6a, 0xeb, 0x6a, 0xeb, 0x6a, 0xeb, 0x6a,
        0xeb, 0x6a, 0xeb, 0x6a, 0xeb, 0x6a, 0xeb, 0x6a, 0xeb, 0x6a, 0xeb, 0x6a,
        0xeb, 0x6a, 0xeb, 0x6a, 0xeb, 0x6a, 0xeb, 0x6a, 0xeb, 0x6a, 0xeb, 0x6a,
        0xeb, 0x6a, 0xeb, 0x6a, 0xeb, 0x6a, 0xeb, 0x6a, 0xeb, 0x6a, 0xeb, 0x6a,
        0xeb, 0x6a, 0xeb, 0x6a, 0xeb, 0x6a, 0xeb, 0x6a, 0xeb, 0x6a, 0xeb, 0x6a,
        0xeb, 0x6a, 0xeb, 0x6a, 0xeb, 0x6a, 0xeb, 0x6a, 0xeb, 0x6a, 0xeb, 0x6a,
        0xeb, 0x6a, 0xeb, 0x6a, 0xeb, 0x6a, 0xeb, 0x6a, 0xeb, 0x6a, 0xeb, 0x6a,
        0xeb, 0x6a, 0xeb, 0x6a, 0xeb, 0x6a, 0xeb, 0x6a, 0xeb, 0x6a, 0xeb, 0x6a,
        0xeb, 0x6a, 0xeb, 0x6a, 0xeb, 0x6a, 0xeb, 0x6a, 0xeb, 0x6a, 0xeb, 0x6a,
        0xeb, 0x6a, 0xeb, 0x6a, 0xeb, 0x6a, 0xeb, 0x6a, 0xeb, 0x6a, 0xeb, 0x6a,
        0xeb, 0x6a, 0xeb, 0x6a, 0xeb, 0x6a, 0xeb, 0x6a, 0xeb, 0x6a, 0xeb, 0x6a,
        0xeb, 0x6a, 0xeb, 0x6a, 0xeb, 0x6a, 0xeb, 0x6a, 0xeb, 0x6a, 0xeb, 0x6a,
        0xeb, 0x6a, 0xeb, 0x6a, 0xeb, 0x6a, 0xeb, 0x6a, 0xeb, 0x6a, 0xeb, 0x6a,
        0xeb, 0x6a, 0xeb, 0x6a, 0xeb, 0x6a, 0xeb, 0x6a, 0xeb, 0x6a, 0xeb, 0x6a,
        0xeb, 0x6a, 0xeb, 0x6a, 0xeb, 0x6a, 0xeb, 0x6a, 0xeb, 0x6a, 0xeb, 0x6a,
        0xeb, 0x6a, 0xeb, 0x6a, 0xeb, 0x6a, 0xeb, 0x6a, 0xeb, 0x6a, 0xeb, 0x6a,
        0xeb, 0x6a, 0xeb, 0x6a, 0xeb, 0x6a, 0xeb, 0x6a, 0xeb, 0x6a, 0xeb, 0x6a,
        0xeb, 0x6a, 0xeb, 0x6a, 0xeb, 0x6a, 0xeb, 0x6a, 0xeb, 0x6a, 0xeb, 0x6a,
        0xeb, 0x6a, 0xeb, 0x6a, 0xeb, 0x6a, 0xeb, 0x6a, 0xeb, 0x6a, 0xeb, 0x6a,
        0xeb, 0x6a, 0xeb, 0x6a, 0xeb, 0x6a, 0xeb, 0x6a, 0xeb, 0x6a, 0xeb, 0x6a,
        0xeb, 0x6a, 0xeb, 0x6a, 0xeb, 0x6a, 0xeb, 0x6a, 0xeb, 0x6a, 0xeb, 0x6a,
        0xeb, 0x6a, 0xeb, 0x6a, 0xeb, 0x6a, 0xeb, 0x6a, 0xeb, 0x6a, 0xeb, 0x6a,
        0xeb, 0x6a, 0xeb, 0x6a, 0xeb, 0x6a, 0xeb, 0x6a, 0xeb, 0x6a, 0xeb, 0x6a,
        0xeb, 0x6a, 0xeb, 0x6a, 0xeb, 0x6a, 0xeb, 0x6a, 0xeb, 0x6a, 0xeb, 0x6a,
        0xeb, 0x6a, 0xeb, 0x6a, 0xeb, 0x6a, 0xeb, 0x6a, 0xeb, 0x6a, 0xeb, 0x6a,
        0xeb, 0x6a, 0xeb, 0x6a, 0xeb, 0x6a, 0xeb, 0x6a, 0xeb, 0x6a, 0xeb, 0x6a,
        0xeb, 0x6a, 0xeb, 0x6a, 0xeb, 0x6a, 0xeb, 0x6a, 0xeb, 0x6a, 0xeb, 0x6a,
        0xeb, 0x6a, 0xeb, 0x6a, 0xeb, 0x6a, 0xeb, 0x6a, 0xeb, 0x6a, 0xeb, 0x6a,
        0xeb, 0x6a, 0xeb, 0x6a, 0xeb, 0x6a, 0xeb, 0x6a, 0xeb, 0x6a, 0xeb, 0x6a,
        0xeb, 0x6a, 0xeb, 0x6a, 0xeb, 0x6a, 0xeb, 0x6a, 0xeb, 0x6a, 0xeb, 0x6a,
        0xeb, 0x6a, 0xeb, 0x6a, 0xeb, 0x6a, 0xeb, 0x6a, 0xeb, 0x6a, 0xeb, 0x6a,
        0xeb, 0x6a, 0xeb, 0x6a, 0xeb, 0x6a, 0xeb, 0x6a, 0xeb, 0x6a, 0xeb, 0x6a,
        0xeb, 0x6a, 0xeb, 0x6a, 0xeb, 0x6a, 0xeb, 0x6a, 0xeb, 0x6a, 0xeb, 0x6a,
        0xeb, 0x6a, 0xeb, 0x6a, 0xeb, 0x6a, 0xeb, 0x6a, 0xeb, 0x6a, 0xeb, 0x6a,
        0xeb, 0x6a, 0xeb, 0x6a, 0xeb, 0x6a, 0xeb, 0x6a, 0xeb, 0x6a, 0xeb, 0x6a,
        0xeb, 0x6a, 0xeb, 0x6a, 0xeb, 0x6a, 0xeb, 0x6a, 0xeb, 0x6a, 0xeb, 0x6a,
        0xeb, 0x6a, 0xeb, 0x6a, 0xeb, 0x6a, 0xeb, 0x6a, 0xeb, 0x6a, 0xeb, 0x6a,
        0xeb, 0x6a, 0xeb, 0x6a, 0xeb, 0x6a, 0xeb, 0x6a, 0xeb, 0x6a, 0xeb, 0x6a,
        0xeb, 0x6a, 0xeb, 0x6a, 0xeb, 0x6a, 0xeb, 0x6a, 0xeb, 0x6a, 0xeb, 0x6a,
        0xeb, 0x6a, 0xeb, 0x6a, 0xeb, 0x6a, 0xeb, 0x6a, 0xeb, 0x6a, 0xeb, 0x6a,
        0xeb, 0x6a, 0xeb, 0x6a, 0xeb, 0x6a, 0xeb, 0x6a, 0xeb, 0x6a, 0xeb, 0x6a,
        0xeb, 0x6a, 0xeb, 0x6a, 0xeb, 0x6a, 0xeb, 0x6a, 0xeb, 0x6a, 0xeb, 0x6a,
        0xeb, 0x6a, 0xeb, 0x6a, 0xeb, 0x6a, 0xeb, 0x6a, 0xeb, 0x6a, 0xeb, 0x6a,
        0xeb, 0x6a, 0xeb, 0x6a, 0xeb, 0x6a, 0xeb, 0x6a, 0xeb, 0x6a, 0xeb, 0x6a,
        0xeb, 0x6a, 0xeb, 0x6a, 0xeb, 0x6a, 0xeb, 0x6a, 0xeb, 0x6a, 0xeb, 0x6a,
        0xeb, 0x6a, 0xeb, 0x6a, 0xeb, 0x6a, 0xeb, 0x6a, 0xeb, 0x6a, 0xeb, 0x6a,
        0xeb, 0x6a, 0xeb, 0x6a, 0xeb, 0x6a, 0xeb, 0x6a, 0xeb, 0x6a, 0xeb, 0x6a,
        0xeb, 0x6a, 0xeb, 0x6a, 0xeb, 0x6a, 0xeb, 0x6a, 0xeb, 0x6a, 0xeb, 0x6a,
        0xeb, 0x6a, 0xeb, 0x6a, 0xeb, 0x6a, 0xeb, 0x6a, 0xeb, 0x6a, 0xeb, 0x6a,
        0xeb, 0x6a, 0xeb, 0x6a, 0xeb, 0x6a, 0xeb, 0x6a, 0xeb, 0x6a, 0xeb, 0x6a,
        0xeb, 0x6a, 0xeb, 0x6a, 0xeb, 0x6a, 0xeb, 0x6a, 0xeb, 0x6a, 0xeb, 0x6a,
        0xeb, 0x6a, 0xeb, 0x6a, 0xeb, 0x6a, 0xeb, 0x6a, 0xeb, 0x6a, 0xeb, 0x6a,
        0xeb, 0x6a, 0xeb, 0x6a, 0xeb, 0x6a, 0xeb, 0x6a, 0xeb, 0x6a, 0xeb, 0x6a,
        0xeb, 0x6a, 0xeb, 0x6a, 0xeb, 0x6a, 0xeb, 0x6a, 0xeb, 0x6a, 0xeb, 0x6a,
        0xeb, 0x6a, 0xeb, 0x6a, 0xeb, 0x6a, 0xeb, 0x6a, 0xeb, 0x6a, 0xeb, 0x6a,
        0xeb, 0x6a, 0xeb, 0x6a, 0xeb, 0x6a, 0xeb, 0x6a, 0xeb, 0x6a, 0xeb, 0x6a,
        0xeb, 0x6a, 0xeb, 0x6a, 0xeb, 0x6a, 0xeb, 0x6a, 0xeb, 0x6a, 0xeb, 0x6a,
        0xeb, 0x6a, 0xeb, 0x6a, 0xeb, 0x6a, 0xeb, 0x6a, 0xeb, 0x6a, 0xeb, 0x6a,
        0xeb, 0x6a, 0xeb, 0x6a, 0xeb, 0x6a, 0xeb, 0x6a, 0xeb, 0x6a, 0xeb, 0x6a,
        0xeb, 0x6a, 0xeb, 0x6a, 0xeb, 0x6a, 0xeb, 0x6a, 0xeb, 0x6a, 0xeb, 0x6a,
        0xeb, 0x6a, 0xeb, 0x6a, 0xeb, 0x6a, 0xeb, 0x6a, 0xeb, 0x6a, 0xeb, 0x6a,
        0xeb, 0x6a, 0xeb, 0x6a, 0xeb, 0x6a, 0xeb, 0x6a, 0xeb, 0x6a, 0xeb, 0x6a,
        0xeb, 0x6a, 0xeb, 0x6a, 0xeb, 0x6a, 0xeb, 0x6a, 0xeb, 0x6a, 0xeb, 0x6a,
        0xeb, 0x6a, 0xeb, 0x6a, 0xeb, 0x6a, 0xeb, 0x6a, 0xeb, 0x6a, 0xeb, 0x6a,
        0xeb, 0x6a, 0xeb, 0x6a, 0xeb, 0x6a, 0xeb, 0x6a, 0xeb, 0x6a, 0xeb, 0x6a,
        0xeb, 0x6a, 0xeb, 0x6a, 0xeb, 0x6a, 0xeb, 0x6a, 0xeb, 0x6a, 0xeb, 0x6a,
        0xeb, 0x6a, 0xeb, 0x6a, 0xeb, 0x6a, 0xeb, 0x6a, 0xeb, 0x6a, 0xeb, 0x6a,
        0xeb, 0x6a, 0xeb, 0x6a, 0xeb, 0x6a, 0xeb, 0x6a, 0xeb, 0x6a, 0xeb, 0x6a,
        0xeb, 0x6a, 0xeb, 0x6a, 0xeb, 0x6a, 0xeb, 0x6a, 0xeb, 0x6a, 0xeb, 0x6a,
        0xeb, 0x6a, 0xeb, 0x6a, 0xeb, 0x6a, 0xeb, 0x6a, 0xeb, 0x6a, 0xeb, 0x6a,
        0xeb, 0x6a, 0xeb, 0x6a, 0xeb, 0x6a, 0xeb, 0x6a, 0xeb, 0x6a, 0xeb, 0x6a,
        0xeb, 0x6a, 0xeb, 0x6a, 0xeb, 0x6a, 0xeb, 0x6a, 0xeb, 0x6a, 0xeb, 0x6a,
        0xeb, 0x6a, 0xeb, 0x6a, 0xeb, 0x6a, 0xeb, 0x6a, 0xeb, 0x6a, 0xeb, 0x6a,
        0xeb, 0x6a, 0xeb, 0x6a, 0xeb, 0x6a, 0xeb, 0x6a, 0xeb, 0x6a, 0xeb, 0x6a,
        0xeb, 0x6a, 0xeb, 0x6a, 0xeb, 0x6a, 0xeb, 0x6a, 0xeb, 0x6a, 0xeb, 0x6a,
        0xeb, 0x6a, 0xeb, 0x6a, 0xeb, 0x6a, 0xeb, 0x6a, 0xeb, 0x6a, 0xeb, 0x6a,
        0xeb, 0x6a, 0xeb, 0x6a, 0xeb, 0x6a, 0xeb, 0x6a, 0xeb, 0x6a, 0xeb, 0x6a,
        0xeb, 0x6a, 0xeb, 0x6a, 0xeb, 0x6a, 0xeb, 0x6a, 0xeb, 0x6a, 0xeb, 0x6a,
        0xeb, 0x6a, 0xeb, 0x6a, 0xeb, 0x6a, 0xeb, 0x6a, 0xeb, 0x6a, 0xeb, 0x6a,
        0xeb, 0x6a, 0xeb, 0x6a, 0xeb, 0x6a, 0xeb, 0x6a, 0xeb, 0x6a, 0xeb, 0x6a,
        0xeb, 0x6a, 0xeb, 0x6a, 0xeb, 0x6a, 0xeb, 0x6a, 0xeb, 0x6a, 0xeb, 0x6a,
        0xeb, 0x6a, 0xeb, 0x6a, 0xeb, 0x6a, 0xeb, 0x6a, 0xeb, 0x6a, 0xeb, 0x6a,
        0xeb, 0x6a, 0xeb, 0x6a, 0xeb, 0x6a, 0xeb, 0x6a, 0xeb, 0x6a, 0xeb, 0x6a,
        0xeb, 0x6a, 0xeb, 0x6a, 0xeb, 0x6a, 0xeb, 0x6a, 0xeb, 0x6a, 0xeb, 0x6a,
        0xeb, 0x6a, 0xeb, 0x6a, 0xeb, 0x6a, 0xeb, 0x6a, 0xeb, 0x6a, 0xeb, 0x6a,
        0xeb, 0x6a, 0xeb, 0x6a, 0xeb, 0x6a, 0xeb, 0x6a, 0xeb, 0x6a, 0xeb, 0x6a,
        0xeb, 0x6a, 0xeb, 0x6a, 0xeb, 0x6a, 0xeb, 0x6a, 0xeb, 0x6a, 0xeb, 0x6a,
        0xeb, 0x6a, 0xeb, 0x6a, 0xeb, 0x6a, 0xeb, 0x6a, 0xeb, 0x6a, 0xeb, 0x6a,
        0xeb, 0x6a, 0xeb, 0x6a, 0xeb, 0x6a, 0xeb, 0x6a, 0xeb, 0x6a, 0xeb, 0x6a,
        0xeb, 0x6a, 0xeb, 0x6a, 0xeb, 0x6a, 0xeb, 0x6a, 0xeb, 0x6a, 0xeb, 0x6a,
        0xeb, 0x6a, 0xeb, 0x6a, 0xeb, 0x6a, 0xeb, 0x6a, 0xeb, 0x6a, 0xeb, 0x6a,
        0xeb, 0x6a, 0xeb, 0x6a, 0xeb, 0x6a, 0xeb, 0x6a, 0xeb, 0x6a, 0xeb, 0x6a,
        0xeb, 0x6a, 0xeb, 0x6a, 0xeb, 0x6a, 0xeb, 0x6a, 0xeb, 0x6a, 0xeb, 0x6a,
        0xeb, 0x6a, 0xeb, 0x6a, 0xeb, 0x6a, 0xeb, 0x6a, 0xeb, 0x6a, 0xeb, 0x6a,
        0xeb, 0x6a, 0xeb, 0x6a, 0xeb, 0x6a, 0xeb, 0x6a, 0xeb, 0x6a, 0xeb, 0x6a,
        0xeb, 0x6a, 0xeb, 0x6a, 0xeb, 0x6a, 0xeb, 0x6a, 0xeb, 0x6a, 0xeb, 0x6a,
        0xeb, 0x6a, 0xeb, 0x6a, 0xeb, 0x6a, 0xeb, 0x6a, 0xeb, 0x6a, 0xeb, 0x6a,
        0xeb, 0x6a, 0xeb, 0x6a, 0xeb, 0x6a, 0xeb, 0x6a, 0xeb, 0x6a, 0xeb, 0x6a,
        0xeb, 0x6a, 0xeb, 0x6a, 0xeb, 0x6a, 0xeb, 0x6a, 0xeb, 0x6a, 0xeb, 0x6a,
        0xeb, 0x6a, 0xeb, 0x6a, 0xeb, 0x6a, 0xeb, 0x6a, 0xeb, 0x6a, 0xeb, 0x6a,
        0xeb, 0x6a, 0xeb, 0x6a, 0xeb, 0x6a, 0xeb, 0x6a, 0xeb, 0x6a, 0xeb, 0x6a,
        0xeb, 0x6a, 0xeb, 0x6a, 0xeb, 0x6a, 0xeb, 0x6a, 0xeb, 0x6a, 0xeb, 0x6a,
        0xeb, 0x6a, 0xeb, 0x6a, 0xeb, 0x6a, 0xeb, 0x6a, 0xeb, 0x6a, 0xeb, 0x6a,
        0xeb, 0x6a, 0xeb, 0x6a, 0xeb, 0x6a, 0xeb, 0x6a, 0xeb, 0x6a, 0xeb, 0x6a,
        0xeb, 0x6a, 0xeb, 0x6a, 0xeb, 0x6a, 0xeb, 0x6a, 0xeb, 0x6a, 0xeb, 0x6a,
        0xeb, 0x6a, 0xeb, 0x6a, 0xeb, 0x6a, 0xeb, 0x6a, 0xeb, 0x6a, 0xeb, 0x6a,
        0xeb, 0x6a, 0xeb, 0x6a, 0xeb, 0x6a, 0xeb, 0x6a, 0xeb, 0x6a, 0xeb, 0x6a,
        0xeb, 0x6a, 0xeb, 0x6a, 0xeb, 0x6a, 0xeb, 0x6a, 0xeb, 0x6a, 0xeb, 0x6a,
        0xeb, 0x6a, 0xeb, 0x6a, 0xeb, 0x6a, 0xeb, 0x6a, 0xeb, 0x6a, 0xeb, 0x6a,
        0xeb, 0x6a, 0xeb, 0x6a, 0xeb, 0x6a, 0xeb, 0x6a, 0xeb, 0x6a, 0xeb, 0x6a,
        0xeb, 0x6a, 0xeb, 0x6a, 0xeb, 0x6a, 0xeb, 0x6a, 0xeb, 0x6a, 0xeb, 0x6a,
        0xeb, 0x6a, 0xeb, 0x6a, 0xeb, 0x6a, 0xeb, 0x6a, 0xeb, 0x6a, 0xeb, 0x6a,
        0xeb, 0x6a, 0xeb, 0x6a, 0xeb, 0x6a, 0xeb, 0x6a, 0xeb, 0x6a, 0xeb, 0x6a,
        0xeb, 0x6a, 0xeb, 0x6a, 0xeb, 0x6a, 0xeb, 0x6a, 0xeb, 0x6a, 0xeb, 0x6a,
        0xeb, 0x6a, 0xeb, 0x6a, 0xeb, 0x6a, 0xeb, 0x6a, 0xeb, 0x6a, 0xeb, 0x6a,
        0xeb, 0x6a, 0xeb, 0x6a, 0xeb, 0x6a, 0xeb, 0x6a, 0xeb, 0x6a, 0xeb, 0x6a,
        0xeb, 0x6a, 0xeb, 0x6a, 0xeb, 0x6a, 0xeb, 0x6a, 0xeb, 0x6a, 0xeb, 0x6a,
        0xeb, 0x6a, 0xeb, 0x6a, 0xeb, 0x6a, 0xeb, 0x6a, 0xeb, 0x6a, 0xeb, 0x6a,
        0xeb, 0x6a, 0xeb, 0x6a, 0xeb, 0x6a, 0xeb, 0x6a, 0xeb, 0x6a, 0xeb, 0x6a,
        0xeb, 0x6a, 0xeb, 0x6a, 0xeb, 0x6a, 0xeb, 0x6a, 0xeb, 0x6a, 0xeb, 0x6a,
        0xeb, 0x6a, 0xeb, 0x6a, 0xeb, 0x6a, 0xeb, 0x6a, 0xeb, 0x6a, 0xeb, 0x6a,
        0xeb, 0x6a, 0xeb, 0x6a, 0xeb, 0x6a, 0xeb, 0x6a, 0xeb, 0x6a, 0xeb, 0x6a,
        0xeb, 0x6a, 0xeb, 0x6a, 0xeb, 0x6a, 0xeb, 0x6a, 0xeb, 0x6a, 0xeb, 0x6a,
        0xeb, 0x6a, 0xeb, 0x6a, 0xeb, 0x6a, 0xeb, 0x6a, 0xeb, 0x6a, 0xeb, 0x6a,
        0xeb, 0x6a, 0xeb, 0x6a, 0xeb, 0x6a, 0xeb, 0x6a, 0xeb, 0x6a, 0xeb, 0x6a,
        0xeb, 0x6a, 0xeb, 0x6a, 0xeb, 0x6a, 0xeb, 0x6a, 0xeb, 0x6a, 0xeb, 0x6a,
        0xeb, 0x6a, 0xeb, 0x6a, 0xeb, 0x6a, 0xeb, 0x6a, 0xeb, 0x6a, 0xeb, 0x6a,
        0xeb, 0x6a, 0xeb, 0x6a, 0xeb, 0x6a, 0xeb, 0x6a, 0xeb, 0x6a, 0xeb, 0x6a,
        0xeb, 0x6a, 0xeb, 0x6a, 0xeb, 0x6a, 0xeb, 0x6a, 0xeb, 0x6a, 0xeb, 0x6a,
        0xeb, 0x6a, 0xeb, 0x6a, 0xeb, 0x6a, 0xeb, 0x6a, 0xeb, 0x6a, 0xeb, 0x6a,
        0xeb, 0x6a, 0xeb, 0x6a, 0xeb, 0x6a, 0xeb, 0x6a, 0xeb, 0x6a, 0xeb, 0x6a,
        0xeb, 0x6a, 0xeb, 0x6a, 0xeb, 0x6a, 0xeb, 0x6a, 0xeb, 0x6a, 0xeb, 0x6a,
        0xeb, 0x6a, 0xeb, 0x6a, 0xeb, 0x6a, 0xeb, 0x6a, 0xeb, 0x6a, 0xeb, 0x6a,
        0xeb, 0x6a, 0xeb, 0x6a, 0xeb, 0x6a, 0xeb, 0x6a, 0xeb, 0x6a, 0xeb, 0x6a,
        0xeb, 0x6a, 0xeb, 0x6a, 0xeb, 0x6a, 0xeb, 0x6a, 0xeb, 0x6a, 0xeb, 0x6a,
        0xeb, 0x6a, 0xeb, 0x6a, 0xeb, 0x6a, 0xeb, 0x6a, 0xeb, 0x6a, 0xeb, 0x6a,
        0xeb, 0x6a, 0xeb, 0x6a, 0xeb, 0x6a, 0xeb, 0x6a, 0xeb, 0x6a, 0xeb, 0x6a,
        0xeb, 0x6a, 0xeb, 0x6a, 0xeb, 0x6a, 0xeb, 0x6a, 0xeb, 0x6a, 0xeb, 0x6a,
        0xeb, 0x6a, 0xeb, 0x6a, 0xeb, 0x6a, 0xeb, 0x6a, 0xeb, 0x6a, 0xeb, 0x6a,
        0xeb, 0x6a, 0xeb, 0x6a, 0xeb, 0x6a, 0xeb, 0x6a, 0xeb, 0x6a, 0xeb, 0x6a,
        0xeb, 0x6a, 0xeb, 0x6a, 0xeb, 0x6a, 0xeb, 0x6a, 0xeb, 0x6a, 0xeb, 0x6a,
        0xeb, 0x6a, 0xeb, 0x6a, 0xeb, 0x6a, 0xeb, 0x6a, 0xeb, 0x6a, 0xeb, 0x6a,
        0xeb, 0x6a, 0xeb, 0x6a, 0xeb, 0x6a, 0xeb, 0x6a, 0xeb, 0x6a, 0xeb, 0x6a,
        0xeb, 0x6a, 0xeb, 0x6a, 0xeb, 0x6a, 0xeb, 0x6a, 0xeb, 0x6a, 0xeb, 0x6a,
        0xeb, 0x6a, 0xeb, 0x6a, 0xeb, 0x6a, 0xeb, 0x6a, 0xeb, 0x6a, 0xeb, 0x6a,
        0xeb, 0x6a, 0xeb, 0x6a, 0xeb, 0x6a, 0xeb, 0x6a, 0xeb, 0x6a, 0xeb, 0x6a,
        0xeb, 0x6a, 0xeb, 0x6a, 0xeb, 0x6a, 0xeb, 0x6a, 0xeb, 0x6a, 0xeb, 0x6a,
        0xeb, 0x6a, 0xeb, 0x6a, 0xeb, 0x6a, 0xeb, 0x6a, 0xeb, 0x6a, 0xeb, 0x6a,
        0xeb, 0x6a, 0xeb, 0x6a, 0xeb, 0x6a, 0xeb, 0x6a, 0xeb, 0x6a, 0xeb, 0x6a,
        0xeb, 0x6a, 0xeb, 0x6a, 0xeb, 0x6a, 0xeb, 0x6a, 0xeb, 0x6a, 0xeb, 0x6a,
        0xeb, 0x6a, 0xeb, 0x6a, 0xeb, 0x6a, 0xeb, 0x6a, 0xeb, 0x6a, 0xeb, 0x6a,
        0xeb, 0x6a, 0xeb, 0x6a, 0xeb, 0x6a, 0xeb, 0x6a, 0xeb, 0x6a, 0xeb, 0x6a,
        0xeb, 0x6a, 0xeb, 0x6a, 0xeb, 0x6a, 0xeb, 0x6a, 0xeb, 0x6a, 0xeb, 0x6a,
        0xeb, 0x6a, 0xeb, 0x6a, 0xeb, 0x6a, 0xeb, 0x6a, 0xeb, 0x6a, 0xeb, 0x6a,
        0xeb, 0x6a, 0xeb, 0x6a, 0xeb, 0x6a, 0xeb, 0x6a, 0xeb, 0x6a, 0xeb, 0x6a,
        0xeb, 0x6a, 0xeb, 0x6a, 0xeb, 0x6a, 0xeb, 0x6a, 0xeb, 0x6a, 0xeb, 0x6a,
        0xeb, 0x6a, 0xeb, 0x6a, 0xeb, 0x6a, 0xeb, 0x6a, 0xeb, 0x6a, 0xeb, 0x6a,
        0xeb, 0x6a, 0xeb, 0x6a, 0xeb, 0x6a, 0xeb, 0x6a, 0xeb, 0x6a, 0xeb, 0x6a};

const lv_image_dsc_t img_probe_out_8 = {
    .header =
        {
            .magic = LV_IMAGE_HEADER_MAGIC,
            .cf = LV_COLOR_FORMAT_RGB565,
            .flags = 0,
            .w = 150,
            .h = 150,
            .stride = 300,
            .reserved_2 = 0,
        },
    .data_size = sizeof(img_probe_out_8_map),
    .data = img_probe_out_8_map,
    .reserved = NULL,
};
