#if defined(LV_LVGL_H_INCLUDE_SIMPLE)
#include "lvgl.h"
#elif defined(LV_LVGL_H_INCLUDE_SYSTEM)
#include <lvgl.h>
#elif defined(LV_BUILD_TEST)
#include "../lvgl.h"
#else
#include "lvgl/lvgl.h"
#endif

#ifndef LV_ATTRIBUTE_MEM_ALIGN
#define LV_ATTRIBUTE_MEM_ALIGN
#endif

#ifndef LV_ATTRIBUTE_IMG_IMG_PROBE_GRID_0
#define LV_ATTRIBUTE_IMG_IMG_PROBE_GRID_0
#endif

#if TFT_WIDTH > 480
// 150x150 version for TFT_WIDTH > 480
static const LV_ATTRIBUTE_MEM_ALIGN LV_ATTRIBUTE_LARGE_CONST LV_ATTRIBUTE_IMG_IMG_PROBE_GRID_0
uint8_t img_probe_grid_0_map[] = {
0xdf, 0xff, 0xdf, 0xff, 0xdf, 0xff, 0xbf, 0xf7, 0xbe, 0xf7, 0xbe, 0xf7,
    0xbe, 0xf7, 0xbe, 0xf7, 0xbe, 0xf7, 0xbe, 0xf7, 0x9e, 0xf7, 0x9e, 0xf7,
    0x9e, 0xf7, 0x9e, 0xf7, 0x9e, 0xf7, 0x9e, 0xf7, 0x7e, 0xef, 0x7e, 0xef,
    0x7d, 0xef, 0x7d, 0xef, 0x7d, 0xef, 0x7d, 0xef, 0x7d, 0xef, 0x5d, 0xef,
    0x5d, 0xef, 0x5d, 0xef, 0x5d, 0xef, 0x5d, 0xef, 0x5d, 0xe7, 0x5d, 0xe7,
    0x3d, 0xe7, 0x3d, 0xe7, 0x3c, 0xe7, 0x3c, 0xe7, 0x3c, 0xe7, 0x3c, 0xe7,
    0x1c, 0xe7, 0x1c, 0xe7, 0x1c, 0xe7, 0x1c, 0xe7, 0x1c, 0xe7, 0x1c, 0xdf,
    0x1c, 0xdf, 0xfc, 0xde, 0xfc, 0xde, 0xfc, 0xde, 0xfc, 0xde, 0xfc, 0xde,
    0xfb, 0xde, 0xfb, 0xde, 0xdb, 0xde, 0xdb, 0xde, 0xdb, 0xde, 0xdb, 0xde,
    0xdb, 0xd6, 0xdb, 0xd6, 0xbb, 0xd6, 0xbb, 0xd6, 0xbb, 0xd6, 0xbb, 0xd6,
    0xbb, 0xd6, 0xbb, 0xd6, 0xba, 0xd6, 0x9a, 0xd6, 0x9a, 0xd6, 0x9a, 0xd6,
    0x9a, 0xd6, 0x9a, 0xce, 0x9a, 0xce, 0x9a, 0xce, 0x7a, 0xce, 0x7a, 0xce,
    0x7a, 0xce, 0x7a, 0xce, 0x7a, 0xce, 0x7a, 0xce, 0x59, 0xce, 0x59, 0xce,
    0x59, 0xce, 0x59, 0xce, 0x59, 0xc6, 0x59, 0xc6, 0x59, 0xc6, 0x39, 0xc6,
    0x39, 0xc6, 0x39, 0xc6, 0x39, 0xc6, 0x39, 0xc6, 0x39, 0xc6, 0x39, 0xc6,
    0x19, 0xc6, 0x19, 0xc6, 0x18, 0xbe, 0x18, 0xbe, 0x18, 0xbe, 0x18, 0xbe,
    0xf8, 0xbd, 0xf8, 0xbd, 0xf8, 0xbd, 0xf8, 0xbd, 0xf8, 0xbd, 0xf8, 0xbd,
    0xf8, 0xbd, 0xd8, 0xbd, 0xd8, 0xbd, 0xd8, 0xb5, 0xd7, 0xb5, 0xd7, 0xb5,
    0xd7, 0xb5, 0xd7, 0xb5, 0xb7, 0xb5, 0xb7, 0xb5, 0xb7, 0xb5, 0xb7, 0xb5,
    0xb7, 0xb5, 0xb7, 0xb5, 0x97, 0xb5, 0x97, 0xb5, 0x97, 0xad, 0x97, 0xad,
    0x96, 0xad, 0x96, 0xad, 0x96, 0xad, 0x76, 0xad, 0x76, 0xad, 0x76, 0xad,
    0x76, 0xad, 0x76, 0xad, 0x76, 0xad, 0x76, 0xad, 0x56, 0xa5, 0x56, 0xa5,
    0x56, 0xa5, 0x56, 0xa5, 0x56, 0xa5, 0x55, 0xa5, 0x35, 0xa5, 0x35, 0xa5,
    0x35, 0xa5, 0x35, 0xa5, 0x35, 0xa5, 0x35, 0xa5, 0x35, 0xa5, 0x15, 0xa5,
    0x15, 0x9d, 0x15, 0x9d, 0x15, 0x9d, 0x15, 0x9d, 0x15, 0x9d, 0x15, 0x9d,
    0xdf, 0xff, 0xdf, 0xff, 0xdf, 0xff, 0xbf, 0xf7, 0xbe, 0xf7, 0xbe, 0xf7,
    0xbe, 0xf7, 0xbe, 0xf7, 0xbe, 0xf7, 0xbe, 0xf7, 0x9e, 0xf7, 0x9e, 0xf7,
    0x9e, 0xf7, 0x9e, 0xf7, 0x9e, 0xf7, 0x9e, 0xf7, 0x7e, 0xef, 0x7e, 0xef,
    0x7d, 0xef, 0x7d, 0xef, 0x7d, 0xef, 0x7d, 0xef, 0x7d, 0xef, 0x5d, 0xef,
    0x5d, 0xef, 0x5d, 0xef, 0x5d, 0xef, 0x5d, 0xef, 0x5d, 0xe7, 0x5d, 0xe7,
    0x3d, 0xe7, 0x3d, 0xe7, 0x3c, 0xe7, 0x3c, 0xe7, 0x3c, 0xe7, 0x3c, 0xe7,
    0x1c, 0xe7, 0x1c, 0xe7, 0x1c, 0xe7, 0x1c, 0xe7, 0x1c, 0xe7, 0x1c, 0xdf,
    0x1c, 0xdf, 0xfc, 0xde, 0xfc, 0xde, 0xfc, 0xde, 0xfc, 0xde, 0xfc, 0xde,
    0xfb, 0xde, 0xfb, 0xde, 0xdb, 0xde, 0xdb, 0xde, 0xdb, 0xde, 0xdb, 0xde,
    0xdb, 0xd6, 0xdb, 0xd6, 0xbb, 0xd6, 0xbb, 0xd6, 0xbb, 0xd6, 0xbb, 0xd6,
    0xbb, 0xd6, 0xbb, 0xd6, 0xba, 0xd6, 0x9a, 0xd6, 0x9a, 0xd6, 0x9a, 0xd6,
    0x9a, 0xce, 0x9a, 0xce, 0x9a, 0xce, 0x9a, 0xce, 0x7a, 0xce, 0x7a, 0xce,
    0x7a, 0xce, 0x7a, 0xce, 0x7a, 0xce, 0x7a, 0xce, 0x59, 0xce, 0x59, 0xce,
    0x59, 0xce, 0x59, 0xce, 0x59, 0xc6, 0x59, 0xc6, 0x59, 0xc6, 0x39, 0xc6,
    0x39, 0xc6, 0x39, 0xc6, 0x39, 0xc6, 0x39, 0xc6, 0x39, 0xc6, 0x39, 0xc6,
    0x19, 0xc6, 0x18, 0xc6, 0x18, 0xbe, 0x18, 0xbe, 0x18, 0xbe, 0x18, 0xbe,
    0xf8, 0xbd, 0xf8, 0xbd, 0xf8, 0xbd, 0xf8, 0xbd, 0xf8, 0xbd, 0xf8, 0xbd,
    0xf8, 0xbd, 0xd8, 0xbd, 0xd8, 0xbd, 0xd8, 0xb5, 0xd7, 0xb5, 0xd7, 0xb5,
    0xd7, 0xb5, 0xd7, 0xb5, 0xb7, 0xb5, 0xb7, 0xb5, 0xb7, 0xb5, 0xb7, 0xb5,
    0xb7, 0xb5, 0xb7, 0xb5, 0x97, 0xb5, 0x97, 0xb5, 0x97, 0xad, 0x97, 0xad,
    0x96, 0xad, 0x96, 0xad, 0x96, 0xad, 0x76, 0xad, 0x76, 0xad, 0x76, 0xad,
    0x76, 0xad, 0x76, 0xad, 0x76, 0xad, 0x76, 0xad, 0x56, 0xa5, 0x56, 0xa5,
    0x56, 0xa5, 0x56, 0xa5, 0x56, 0xa5, 0x55, 0xa5, 0x35, 0xa5, 0x35, 0xa5,
    0x35, 0xa5, 0x35, 0xa5, 0x35, 0xa5, 0x35, 0xa5, 0x35, 0xa5, 0x15, 0x9d,
    0x15, 0x9d, 0x15, 0x9d, 0x15, 0x9d, 0x15, 0x9d, 0x15, 0x9d, 0x15, 0x9d,
    0xdf, 0xff, 0xbf, 0xf7, 0xbe, 0xf7, 0xbe, 0xf7, 0xbe, 0xf7, 0xbe, 0xf7,
    0xbe, 0xf7, 0xbe, 0xf7, 0x9e, 0xf7, 0x9e, 0xf7, 0x9e, 0xf7, 0x9e, 0xf7,
    0x9e, 0xf7, 0x9e, 0xf7, 0x9e, 0xef, 0x7e, 0xef, 0x7d, 0xef, 0x7d, 0xef,
    0x7d, 0xef, 0x7d, 0xef, 0x7d, 0xef, 0x5d, 0xef, 0x5d, 0xef, 0x5d, 0xef,
    0x5d, 0xef, 0x5d, 0xef, 0x5d, 0xef, 0x5d, 0xe7, 0x3d, 0xe7, 0x3d, 0xe7,
    0x3d, 0xe7, 0x3c, 0xe7, 0x3c, 0xe7, 0x3c, 0xe7, 0x1c, 0xe7, 0x1c, 0xe7,
    0x1c, 0xe7, 0x1c, 0xe7, 0x1c, 0xe7, 0x1c, 0xe7, 0x1c, 0xdf, 0xfc, 0xde,
    0xfc, 0xde, 0xfc, 0xde, 0xfc, 0xde, 0xfc, 0xde, 0xfb, 0xde, 0xfb, 0xde,
    0xdb, 0xde, 0xdb, 0xde, 0xdb, 0xde, 0xdb, 0xde, 0xdb, 0xd6, 0xdb, 0xd6,
    0xdb, 0xd6, 0xbb, 0xd6, 0xbb, 0xd6, 0xbb, 0xd6, 0xbb, 0xd6, 0xbb, 0xd6,
    0xba, 0xd6, 0x9a, 0xd6, 0x9a, 0xd6, 0x9a, 0xd6, 0x9a, 0xd6, 0x9a, 0xce,
    0x9a, 0xce, 0x9a, 0xce, 0x7a, 0xce, 0x7a, 0xce, 0x7a, 0xce, 0x7a, 0xce,
    0x7a, 0xce, 0x7a, 0xce, 0x5a, 0xce, 0x59, 0xce, 0x59, 0xce, 0x59, 0xce,
    0x59, 0xc6, 0x59, 0xc6, 0x59, 0xc6, 0x39, 0xc6, 0x39, 0xc6, 0x39, 0xc6,
    0x39, 0xc6, 0x39, 0xc6, 0x39, 0xc6, 0x39, 0xc6, 0x19, 0xc6, 0x19, 0xc6,
    0x18, 0xbe, 0x18, 0xbe, 0x18, 0xbe, 0x18, 0xbe, 0x18, 0xbe, 0xf8, 0xbd,
    0xf8, 0xbd, 0xf8, 0xbd, 0xf8, 0xbd, 0xf8, 0xbd, 0xf8, 0xbd, 0xd8, 0xbd,
    0xd8, 0xbd, 0xd8, 0xbd, 0xd7, 0xb5, 0xd7, 0xb5, 0xd7, 0xb5, 0xd7, 0xb5,
    0xb7, 0xb5, 0xb7, 0xb5, 0xb7, 0xb5, 0xb7, 0xb5, 0xb7, 0xb5, 0xb7, 0xb5,
    0x97, 0xb5, 0x97, 0xb5, 0x97, 0xad, 0x97, 0xad, 0x97, 0xad, 0x96, 0xad,
    0x96, 0xad, 0x76, 0xad, 0x76, 0xad, 0x76, 0xad, 0x76, 0xad, 0x76, 0xad,
    0x76, 0xad, 0x76, 0xad, 0x56, 0xad, 0x56, 0xa5, 0x56, 0xa5, 0x56, 0xa5,
    0x56, 0xa5, 0x56, 0xa5, 0x55, 0xa5, 0x35, 0xa5, 0x35, 0xa5, 0x35, 0xa5,
    0x35, 0xa5, 0x35, 0xa5, 0x35, 0xa5, 0x15, 0xa5, 0x15, 0x9d, 0x15, 0x9d,
    0x15, 0x9d, 0x15, 0x9d, 0x15, 0x9d, 0x15, 0x9d, 0xf4, 0x9c, 0xf4, 0x9c,
    0xdf, 0xff, 0xbf, 0xf7, 0xbe, 0xf7, 0xbe, 0xf7, 0xbe, 0xf7, 0xbe, 0xf7,
    0xbe, 0xf7, 0xbe, 0xf7, 0x9e, 0xf7, 0x9e, 0xf7, 0x9e, 0xf7, 0x9e, 0xf7,
    0x9e, 0xf7, 0x9e, 0xf7, 0x7e, 0xef, 0x7e, 0xef, 0x7d, 0xef, 0x7d, 0xef,
    0x7d, 0xef, 0x7d, 0xef, 0x7d, 0xef, 0x5d, 0xef, 0x5d, 0xef, 0x5d, 0xef,
    0x5d, 0xef, 0x5d, 0xef, 0x5d, 0xe7, 0x5d, 0xe7, 0x3d, 0xe7, 0x3d, 0xe7,
    0x3d, 0xe7, 0x3c, 0xe7, 0x3c, 0xe7, 0x3c, 0xe7, 0x1c, 0xe7, 0x1c, 0xe7,
    0x1c, 0xe7, 0x1c, 0xe7, 0x1c, 0xe7, 0x1c, 0xe7, 0x1c, 0xdf, 0xfc, 0xde,
    0xfc, 0xde, 0xfc, 0xde, 0xfc, 0xde, 0xfc, 0xde, 0xfb, 0xde, 0xfb, 0xde,
    0xdb, 0xde, 0xdb, 0xde, 0xdb, 0xde, 0xdb, 0xde, 0xdb, 0xd6, 0xdb, 0xd6,
    0xbb, 0xd6, 0xbb, 0xd6, 0xbb, 0xd6, 0xbb, 0xd6, 0xbb, 0xd6, 0xbb, 0xd6,
    0xba, 0xd6, 0x9a, 0xd6, 0x9a, 0xd6, 0x9a, 0xd6, 0x9a, 0xd6, 0x9a, 0xce,
    0x9a, 0xce, 0x9a, 0xce, 0x7a, 0xce, 0x7a, 0xce, 0x7a, 0xce, 0x7a, 0xce,
    0x7a, 0xce, 0x7a, 0xce, 0x5a, 0xce, 0x59, 0xce, 0x59, 0xce, 0x59, 0xce,
    0x59, 0xc6, 0x59, 0xc6, 0x59, 0xc6, 0x39, 0xc6, 0x39, 0xc6, 0x39, 0xc6,
    0x39, 0xc6, 0x39, 0xc6, 0x39, 0xc6, 0x39, 0xc6, 0x19, 0xc6, 0x19, 0xc6,
    0x18, 0xbe, 0x18, 0xbe, 0x18, 0xbe, 0x18, 0xbe, 0xf8, 0xbd, 0xf8, 0xbd,
    0xf8, 0xbd, 0xf8, 0xbd, 0xf8, 0xbd, 0xf8, 0xbd, 0xf8, 0xbd, 0xd8, 0xbd,
    0xd8, 0xbd, 0xd8, 0xb5, 0xd7, 0xb5, 0xd7, 0xb5, 0xd7, 0xb5, 0xd7, 0xb5,
    0xb7, 0xb5, 0xb7, 0xb5, 0xb7, 0xb5, 0xb7, 0xb5, 0xb7, 0xb5, 0xb7, 0xb5,
    0x97, 0xb5, 0x97, 0xb5, 0x97, 0xad, 0x97, 0xad, 0x97, 0xad, 0x96, 0xad,
    0x96, 0xad, 0x76, 0xad, 0x76, 0xad, 0x76, 0xad, 0x76, 0xad, 0x76, 0xad,
    0x76, 0xad, 0x76, 0xad, 0x56, 0xa5, 0x56, 0xa5, 0x56, 0xa5, 0x56, 0xa5,
    0x56, 0xa5, 0x56, 0xa5, 0x35, 0xa5, 0x35, 0xa5, 0x35, 0xa5, 0x35, 0xa5,
    0x35, 0xa5, 0x35, 0xa5, 0x35, 0xa5, 0x15, 0xa5, 0x15, 0x9d, 0x15, 0x9d,
    0x15, 0x9d, 0x15, 0x9d, 0x15, 0x9d, 0x15, 0x9d, 0xf4, 0x9c, 0xf4, 0x9c,
    0xbe, 0xf7, 0xbe, 0xf7, 0xbe, 0xf7, 0xbe, 0xf7, 0xbe, 0xf7, 0xbe, 0xf7,
    0x9e, 0xf7, 0x9e, 0xf7, 0x9e, 0xf7, 0x9e, 0xf7, 0x9e, 0xf7, 0x9e, 0xf7,
    0x7e, 0xef, 0x7e, 0xef, 0x7d, 0xef, 0x7d, 0xef, 0x7d, 0xef, 0x7d, 0xef,
    0x7d, 0xef, 0x5d, 0xef, 0x5d, 0xef, 0x5d, 0xef, 0x5d, 0xef, 0x5d, 0xef,
    0x5d, 0xe7, 0x5d, 0xe7, 0x3d, 0xe7, 0x3d, 0xe7, 0x3d, 0xe7, 0x3c, 0xe7,
    0x3c, 0xe7, 0x3c, 0xe7, 0x1c, 0xe7, 0x1c, 0xe7, 0x1c, 0xe7, 0x1c, 0xe7,
    0x1c, 0xe7, 0x1c, 0xdf, 0x1c, 0xdf, 0xfc, 0xde, 0xfc, 0xde, 0xfc, 0xde,
    0xfc, 0xde, 0xfc, 0xde, 0xfb, 0xde, 0xfb, 0xde, 0xdb, 0xde, 0xdb, 0xde,
    0xdb, 0xde, 0xdb, 0xde, 0xdb, 0xd6, 0xdb, 0xd6, 0xbb, 0xd6, 0xbb, 0xd6,
    0xbb, 0xd6, 0xbb, 0xd6, 0xbb, 0xd6, 0xbb, 0xd6, 0xba, 0xd6, 0x9a, 0xd6,
    0x9a, 0xd6, 0x9a, 0xd6, 0x9a, 0xd6, 0x9a, 0xce, 0x9a, 0xce, 0x9a, 0xce,
    0x7a, 0xce, 0x7a, 0xce, 0x7a, 0xce, 0x7a, 0xce, 0x7a, 0xce, 0x7a, 0xce,
    0x59, 0xce, 0x59, 0xce, 0x59, 0xce, 0x59, 0xce, 0x59, 0xc6, 0x59, 0xc6,
    0x59, 0xc6, 0x39, 0xc6, 0x39, 0xc6, 0x39, 0xc6, 0x39, 0xc6, 0x39, 0xc6,
    0x39, 0xc6, 0x39, 0xc6, 0x19, 0xc6, 0x19, 0xc6, 0x18, 0xbe, 0x18, 0xbe,
    0x18, 0xbe, 0x18, 0xbe, 0xf8, 0xbd, 0xf8, 0xbd, 0xf8, 0xbd, 0xf8, 0xbd,
    0xf8, 0xbd, 0xf8, 0xbd, 0xf8, 0xbd, 0xd8, 0xbd, 0xd8, 0xbd, 0xd8, 0xb5,
    0xd7, 0xb5, 0xd7, 0xb5, 0xd7, 0xb5, 0xd7, 0xb5, 0xb7, 0xb5, 0xb7, 0xb5,
    0xb7, 0xb5, 0xb7, 0xb5, 0xb7, 0xb5, 0xb7, 0xb5, 0x97, 0xb5, 0x97, 0xb5,
    0x97, 0xad, 0x97, 0xad, 0x96, 0xad, 0x96, 0xad, 0x96, 0xad, 0x76, 0xad,
    0x76, 0xad, 0x76, 0xad, 0x76, 0xad, 0x76, 0xad, 0x76, 0xad, 0x76, 0xad,
    0x56, 0xad, 0x56, 0xa5, 0x56, 0xa5, 0x56, 0xa5, 0x56, 0xa5, 0x56, 0xa5,
    0x35, 0xa5, 0x35, 0xa5, 0x35, 0xa5, 0x35, 0xa5, 0x35, 0xa5, 0x35, 0xa5,
    0x35, 0xa5, 0x15, 0xa5, 0x15, 0x9d, 0x15, 0x9d, 0x15, 0x9d, 0x15, 0x9d,
    0x15, 0x9d, 0x15, 0x9d, 0xf4, 0x9c, 0xf4, 0x9c, 0xf4, 0x9c, 0xf4, 0x9c,
    0xbe, 0xf7, 0xbe, 0xf7, 0xbe, 0xf7, 0xbe, 0xf7, 0xbe, 0xf7, 0xbe, 0xf7,
    0x9e, 0xf7, 0x9e, 0xf7, 0x9e, 0xf7, 0x9e, 0xf7, 0x9e, 0xf7, 0x9e, 0xf7,
    0x7e, 0xef, 0x7e, 0xef, 0x7d, 0xef, 0x7d, 0xef, 0x7d, 0xef, 0x7d, 0xef,
    0x7d, 0xef, 0x5d, 0xef, 0x5d, 0xef, 0x5d, 0xef, 0x5d, 0xef, 0x5d, 0xef,
    0x5d, 0xe7, 0x5d, 0xe7, 0x3d, 0xe7, 0x3d, 0xe7, 0x3c, 0xe7, 0x3c, 0xe7,
    0x3c, 0xe7, 0x3c, 0xe7, 0x1c, 0xe7, 0x1c, 0xe7, 0x1c, 0xe7, 0x1c, 0xe7,
    0x1c, 0xe7, 0x1c, 0xdf, 0x1c, 0xdf, 0xfc, 0xde, 0xfc, 0xde, 0xfc, 0xde,
    0xfc, 0xde, 0xfc, 0xde, 0xfb, 0xde, 0xfb, 0xde, 0xdb, 0xde, 0xdb, 0xde,
    0xdb, 0xde, 0xdb, 0xde, 0xdb, 0xd6, 0xdb, 0xd6, 0xbb, 0xd6, 0xbb, 0xd6,
    0xbb, 0xd6, 0xbb, 0xd6, 0xbb, 0xd6, 0xbb, 0xd6, 0xba, 0xd6, 0x9a, 0xd6,
    0x9a, 0xd6, 0x9a, 0xd6, 0x9a, 0xd6, 0x9a, 0xce, 0x9a, 0xce, 0x9a, 0xce,
    0x7a, 0xce, 0x7a, 0xce, 0x7a, 0xce, 0x7a, 0xce, 0x7a, 0xce, 0x7a, 0xce,
    0x59, 0xce, 0x59, 0xce, 0x59, 0xce, 0x59, 0xce, 0x59, 0xc6, 0x59, 0xc6,
    0x59, 0xc6, 0x39, 0xc6, 0x39, 0xc6, 0x39, 0xc6, 0x39, 0xc6, 0x39, 0xc6,
    0x39, 0xc6, 0x39, 0xc6, 0x19, 0xc6, 0x19, 0xc6, 0x18, 0xbe, 0x18, 0xbe,
    0x18, 0xbe, 0x18, 0xbe, 0xf8, 0xbd, 0xf8, 0xbd, 0xf8, 0xbd, 0xf8, 0xbd,
    0xf8, 0xbd, 0xf8, 0xbd, 0xf8, 0xbd, 0xd8, 0xbd, 0xd8, 0xbd, 0xd8, 0xb5,
    0xd7, 0xb5, 0xd7, 0xb5, 0xd7, 0xb5, 0xd7, 0xb5, 0xb7, 0xb5, 0xb7, 0xb5,
    0xb7, 0xb5, 0xb7, 0xb5, 0xb7, 0xb5, 0xb7, 0xb5, 0x97, 0xb5, 0x97, 0xb5,
    0x97, 0xad, 0x97, 0xad, 0x96, 0xad, 0x96, 0xad, 0x96, 0xad, 0x76, 0xad,
    0x76, 0xad, 0x76, 0xad, 0x76, 0xad, 0x76, 0xad, 0x76, 0xad, 0x76, 0xad,
    0x56, 0xa5, 0x56, 0xa5, 0x56, 0xa5, 0x56, 0xa5, 0x56, 0xa5, 0x55, 0xa5,
    0x35, 0xa5, 0x35, 0xa5, 0x35, 0xa5, 0x35, 0xa5, 0x35, 0xa5, 0x35, 0xa5,
    0x35, 0xa5, 0x15, 0x9d, 0x15, 0x9d, 0x15, 0x9d, 0x15, 0x9d, 0x15, 0x9d,
    0x15, 0x9d, 0x15, 0x9d, 0xf4, 0x9c, 0xf4, 0x9c, 0xf4, 0x9c, 0xf4, 0x9c,
    0xbe, 0xf7, 0xbe, 0xf7, 0xbe, 0xf7, 0xbe, 0xf7, 0x9e, 0xf7, 0x9e, 0xf7,
    0x9e, 0xf7, 0x9e, 0xf7, 0x9e, 0xf7, 0x9e, 0xf7, 0x9e, 0xef, 0x7e, 0xef,
    0x7d, 0xef, 0x7d, 0xef, 0x7d, 0xef, 0x7d, 0xef, 0x7d, 0xef, 0x7d, 0xef,
    0x5d, 0xef, 0x5d, 0xef, 0x5d, 0xef, 0x5d, 0xef, 0x5d, 0xef, 0x5d, 0xe7,
    0x3d, 0xe7, 0x3d, 0xe7, 0x3d, 0xe7, 0x3c, 0xe7, 0x3c, 0xe7, 0x3c, 0xe7,
    0x3c, 0xe7, 0x1c, 0xe7, 0x1c, 0xe7, 0x1c, 0xe7, 0x1c, 0xe7, 0x1c, 0xe7,
    0x1c, 0xdf, 0x1c, 0xdf, 0xfc, 0xde, 0xfc, 0xde, 0xfc, 0xde, 0xfc, 0xde,
    0xfb, 0xde, 0xfb, 0xde, 0xdb, 0xde, 0xdb, 0xde, 0xdb, 0xde, 0xdb, 0xde,
    0xdb, 0xd6, 0xdb, 0xd6, 0xdb, 0xd6, 0xbb, 0xd6, 0xbb, 0xd6, 0xbb, 0xd6,
    0xbb, 0xd6, 0xbb, 0xd6, 0xba, 0xd6, 0xba, 0xd6, 0x9a, 0xd6, 0x9a, 0xd6,
    0x9a, 0xd6, 0x9a, 0xce, 0x9a, 0xce, 0x9a, 0xce, 0x7a, 0xce, 0x7a, 0xce,
    0x7a, 0xce, 0x7a, 0xce, 0x7a, 0xce, 0x7a, 0xce, 0x7a, 0xce, 0x59, 0xce,
    0x59, 0xce, 0x59, 0xce, 0x59, 0xc6, 0x59, 0xc6, 0x59, 0xc6, 0x59, 0xc6,
    0x39, 0xc6, 0x39, 0xc6, 0x39, 0xc6, 0x39, 0xc6, 0x39, 0xc6, 0x39, 0xc6,
    0x19, 0xc6, 0x19, 0xc6, 0x18, 0xbe, 0x18, 0xbe, 0x18, 0xbe, 0x18, 0xbe,
    0x18, 0xbe, 0xf8, 0xbd, 0xf8, 0xbd, 0xf8, 0xbd, 0xf8, 0xbd, 0xf8, 0xbd,
    0xf8, 0xbd, 0xf8, 0xbd, 0xd8, 0xbd, 0xd8, 0xbd, 0xd7, 0xb5, 0xd7, 0xb5,
    0xd7, 0xb5, 0xd7, 0xb5, 0xb7, 0xb5, 0xb7, 0xb5, 0xb7, 0xb5, 0xb7, 0xb5,
    0xb7, 0xb5, 0xb7, 0xb5, 0xb7, 0xb5, 0x97, 0xb5, 0x97, 0xad, 0x97, 0xad,
    0x97, 0xad, 0x96, 0xad, 0x96, 0xad, 0x96, 0xad, 0x76, 0xad, 0x76, 0xad,
    0x76, 0xad, 0x76, 0xad, 0x76, 0xad, 0x76, 0xad, 0x56, 0xad, 0x56, 0xa5,
    0x56, 0xa5, 0x56, 0xa5, 0x56, 0xa5, 0x56, 0xa5, 0x55, 0xa5, 0x35, 0xa5,
    0x35, 0xa5, 0x35, 0xa5, 0x35, 0xa5, 0x35, 0xa5, 0x35, 0xa5, 0x35, 0xa5,
    0x15, 0x9d, 0x15, 0x9d, 0x15, 0x9d, 0x15, 0x9d, 0x15, 0x9d, 0x15, 0x9d,
    0xf4, 0x9c, 0xf4, 0x9c, 0xf4, 0x9c, 0xf4, 0x9c, 0xf4, 0x9c, 0xf4, 0x9c,
    0xbe, 0xf7, 0xbe, 0xf7, 0xbe, 0xf7, 0xbe, 0xf7, 0x9e, 0xf7, 0x9e, 0xf7,
    0x9e, 0xf7, 0x9e, 0xf7, 0x9e, 0xf7, 0x9e, 0xf7, 0x7e, 0xef, 0x7e, 0xef,
    0x7d, 0xef, 0x7d, 0xef, 0x7d, 0xef, 0x7d, 0xef, 0x7d, 0xef, 0x5d, 0xef,
    0x5d, 0xef, 0x5d, 0xef, 0x5d, 0xef, 0x5d, 0xef, 0x5d, 0xe7, 0x5d, 0xe7,
    0x3d, 0xe7, 0x3d, 0xe7, 0x3d, 0xe7, 0x3c, 0xe7, 0x3c, 0xe7, 0x3c, 0xe7,
    0x1c, 0xe7, 0x1c, 0xe7, 0x1c, 0xe7, 0x1c, 0xe7, 0x1c, 0xe7, 0x1c, 0xe7,
    0x1c, 0xdf, 0xfc, 0xde, 0xfc, 0xde, 0xfc, 0xde, 0xfc, 0xde, 0xfc, 0xde,
    0xfb, 0xde, 0xfb, 0xde, 0xdb, 0xde, 0xdb, 0xde, 0xdb, 0xde, 0xdb, 0xde,
    0xdb, 0xd6, 0xdb, 0xd6, 0xbb, 0xd6, 0xbb, 0xd6, 0xbb, 0xd6, 0xbb, 0xd6,
    0xbb, 0xd6, 0xbb, 0xd6, 0xba, 0xd6, 0x9a, 0xd6, 0x9a, 0xd6, 0x9a, 0xd6,
    0x9a, 0xd6, 0x9a, 0xce, 0x9a, 0xce, 0x9a, 0xce, 0x7a, 0xce, 0x7a, 0xce,
    0x7a, 0xce, 0x7a, 0xce, 0x7a, 0xce, 0x7a, 0xce, 0x5a, 0xce, 0x59, 0xce,
    0x59, 0xce, 0x59, 0xce, 0x59, 0xc6, 0x59, 0xc6, 0x59, 0xc6, 0x39, 0xc6,
    0x39, 0xc6, 0x39, 0xc6, 0x39, 0xc6, 0x39, 0xc6, 0x39, 0xc6, 0x39, 0xc6,
    0x19, 0xc6, 0x19, 0xc6, 0x18, 0xbe, 0x18, 0xbe, 0x18, 0xbe, 0x18, 0xbe,
    0xf8, 0xbd, 0xf8, 0xbd, 0xf8, 0xbd, 0xf8, 0xbd, 0xf8, 0xbd, 0xf8, 0xbd,
    0xf8, 0xbd, 0xd8, 0xbd, 0xd8, 0xbd, 0xd8, 0xb5, 0xd7, 0xb5, 0xd7, 0xb5,
    0xd7, 0xb5, 0xd7, 0xb5, 0xb7, 0xb5, 0xb7, 0xb5, 0xb7, 0xb5, 0xb7, 0xb5,
    0xb7, 0xb5, 0xb7, 0xb5, 0x97, 0xb5, 0x97, 0xb5, 0x97, 0xad, 0x97, 0xad,
    0x97, 0xad, 0x96, 0xad, 0x96, 0xad, 0x76, 0xad, 0x76, 0xad, 0x76, 0xad,
    0x76, 0xad, 0x76, 0xad, 0x76, 0xad, 0x76, 0xad, 0x56, 0xa5, 0x56, 0xa5,
    0x56, 0xa5, 0x56, 0xa5, 0x56, 0xa5, 0x56, 0xa5, 0x35, 0xa5, 0x35, 0xa5,
    0x35, 0xa5, 0x35, 0xa5, 0x35, 0xa5, 0x35, 0xa5, 0x35, 0xa5, 0x15, 0xa5,
    0x15, 0x9d, 0x15, 0x9d, 0x15, 0x9d, 0x15, 0x9d, 0x15, 0x9d, 0x15, 0x9d,
    0xf4, 0x9c, 0xf4, 0x9c, 0xf4, 0x9c, 0xf4, 0x9c, 0xf4, 0x9c, 0xf4, 0x9c,
    0xbe, 0xf7, 0xbe, 0xf7, 0x9e, 0xf7, 0x9e, 0xf7, 0x9e, 0xf7, 0x9e, 0xf7,
    0x9e, 0xf7, 0x9e, 0xf7, 0x7e, 0xef, 0x7e, 0xef, 0x7d, 0xef, 0x7d, 0xef,
    0x7d, 0xef, 0x7d, 0xef, 0x7d, 0xef, 0x5d, 0xef, 0x5d, 0xef, 0x5d, 0xef,
    0x5d, 0xef, 0x5d, 0xef, 0x5d, 0xe7, 0x5d, 0xe7, 0x3d, 0xe7, 0x3d, 0xe7,
    0x3c, 0xe7, 0x3c, 0xe7, 0x3c, 0xe7, 0x3c, 0xe7, 0x1c, 0xe7, 0x1c, 0xe7,
    0x1c, 0xe7, 0x1c, 0xe7, 0x1c, 0xe7, 0x1c, 0xdf, 0x1c, 0xdf, 0xfc, 0xde,
    0xfc, 0xde, 0xfc, 0xde, 0xfc, 0xde, 0xfc, 0xde, 0xfb, 0xde, 0xfb, 0xde,
    0xdb, 0xde, 0xdb, 0xde, 0xdb, 0xde, 0xdb, 0xde, 0xdb, 0xd6, 0xdb, 0xd6,
    0xbb, 0xd6, 0xbb, 0xd6, 0xbb, 0xd6, 0xbb, 0xd6, 0xbb, 0xd6, 0xbb, 0xd6,
    0xba, 0xd6, 0x9a, 0xd6, 0x9a, 0xd6, 0x9a, 0xd6, 0x9a, 0xd6, 0x9a, 0xce,
    0x9a, 0xce, 0x9a, 0xce, 0x7a, 0xce, 0x7a, 0xce, 0x7a, 0xce, 0x7a, 0xce,
    0x7a, 0xce, 0x7a, 0xce, 0x59, 0xce, 0x59, 0xce, 0x59, 0xce, 0x59, 0xce,
    0x59, 0xc6, 0x59, 0xc6, 0x59, 0xc6, 0x39, 0xc6, 0x39, 0xc6, 0x39, 0xc6,
    0x39, 0xc6, 0x39, 0xc6, 0x39, 0xc6, 0x39, 0xc6, 0x19, 0xc6, 0x19, 0xc6,
    0x18, 0xbe, 0x18, 0xbe, 0x18, 0xbe, 0x18, 0xbe, 0xf8, 0xbd, 0xf8, 0xbd,
    0xf8, 0xbd, 0xf8, 0xbd, 0xf8, 0xbd, 0xf8, 0xbd, 0xf8, 0xbd, 0xd8, 0xbd,
    0xd8, 0xbd, 0xd8, 0xb5, 0xd7, 0xb5, 0xd7, 0xb5, 0xd7, 0xb5, 0xd7, 0xb5,
    0xb7, 0xb5, 0xb7, 0xb5, 0xb7, 0xb5, 0xb7, 0xb5, 0xb7, 0xb5, 0xb7, 0xb5,
    0x97, 0xb5, 0x97, 0xb5, 0x97, 0xad, 0x97, 0xad, 0x96, 0xad, 0x96, 0xad,
    0x96, 0xad, 0x76, 0xad, 0x76, 0xad, 0x76, 0xad, 0x76, 0xad, 0x76, 0xad,
    0x76, 0xad, 0x76, 0xad, 0x56, 0xa5, 0x56, 0xa5, 0x56, 0xa5, 0x56, 0xa5,
    0x56, 0xa5, 0x55, 0xa5, 0x35, 0xa5, 0x35, 0xa5, 0x35, 0xa5, 0x35, 0xa5,
    0x35, 0xa5, 0x35, 0xa5, 0x35, 0xa5, 0x15, 0xa5, 0x15, 0x9d, 0x15, 0x9d,
    0x15, 0x9d, 0x15, 0x9d, 0x15, 0x9d, 0x15, 0x9d, 0xf4, 0x9c, 0xf4, 0x9c,
    0xf4, 0x9c, 0xf4, 0x9c, 0xf4, 0x9c, 0xf4, 0x9c, 0xd4, 0x94, 0xd4, 0x94,
    0xbe, 0xf7, 0xbe, 0xf7, 0x9e, 0xf7, 0x9e, 0xf7, 0x9e, 0xf7, 0x9e, 0xf7,
    0x9e, 0xf7, 0x9e, 0xf7, 0x7e, 0xef, 0x7e, 0xef, 0x7d, 0xef, 0x7d, 0xef,
    0x7d, 0xef, 0x7d, 0xef, 0x7d, 0xef, 0x5d, 0xef, 0x5d, 0xef, 0x5d, 0xef,
    0x5d, 0xef, 0x5d, 0xef, 0x5d, 0xe7, 0x5d, 0xe7, 0x3d, 0xe7, 0x3d, 0xe7,
    0x3c, 0xe7, 0x3c, 0xe7, 0x3c, 0xe7, 0x3c, 0xe7, 0x1c, 0xe7, 0x1c, 0xe7,
    0x1c, 0xe7, 0x1c, 0xe7, 0x1c, 0xe7, 0x1c, 0xdf, 0x1c, 0xdf, 0xfc, 0xde,
    0xfc, 0xde, 0xfc, 0xde, 0xfc, 0xde, 0xfc, 0xde, 0xfb, 0xde, 0xfb, 0xde,
    0xdb, 0xde, 0xdb, 0xde, 0xdb, 0xde, 0xdb, 0xde, 0xdb, 0xd6, 0xdb, 0xd6,
    0xbb, 0xd6, 0xbb, 0xd6, 0xbb, 0xd6, 0xbb, 0xd6, 0xbb, 0xd6, 0xbb, 0xd6,
    0xba, 0xd6, 0x9a, 0xd6, 0x9a, 0xd6, 0x9a, 0xd6, 0x9a, 0xce, 0x9a, 0xce,
    0x9a, 0xce, 0x9a, 0xce, 0x7a, 0xce, 0x7a, 0xce, 0x7a, 0xce, 0x7a, 0xce,
    0x7a, 0xce, 0x7a, 0xce, 0x59, 0xce, 0x59, 0xce, 0x59, 0xce, 0x59, 0xce,
    0x59, 0xc6, 0x59, 0xc6, 0x59, 0xc6, 0x39, 0xc6, 0x39, 0xc6, 0x39, 0xc6,
    0x39, 0xc6, 0x39, 0xc6, 0x39, 0xc6, 0x39, 0xc6, 0x19, 0xc6, 0x18, 0xc6,
    0x18, 0xbe, 0x18, 0xbe, 0x18, 0xbe, 0x18, 0xbe, 0xf8, 0xbd, 0xf8, 0xbd,
    0xf8, 0xbd, 0xf8, 0xbd, 0xf8, 0xbd, 0xf8, 0xbd, 0xf8, 0xbd, 0xd8, 0xbd,
    0xd8, 0xbd, 0xd8, 0xb5, 0xd7, 0xb5, 0xd7, 0xb5, 0xd7, 0xb5, 0xd7, 0xb5,
    0xb7, 0xb5, 0xb7, 0xb5, 0xb7, 0xb5, 0xb7, 0xb5, 0xb7, 0xb5, 0xb7, 0xb5,
    0x97, 0xb5, 0x97, 0xb5, 0x97, 0xad, 0x97, 0xad, 0x96, 0xad, 0x96, 0xad,
    0x96, 0xad, 0x76, 0xad, 0x76, 0xad, 0x76, 0xad, 0x76, 0xad, 0x76, 0xad,
    0x76, 0xad, 0x76, 0xad, 0x56, 0xa5, 0x56, 0xa5, 0x56, 0xa5, 0x56, 0xa5,
    0x56, 0xa5, 0x55, 0xa5, 0x35, 0xa5, 0x35, 0xa5, 0x35, 0xa5, 0x35, 0xa5,
    0x35, 0xa5, 0x35, 0xa5, 0x35, 0xa5, 0x15, 0x9d, 0x15, 0x9d, 0x15, 0x9d,
    0x15, 0x9d, 0x15, 0x9d, 0x15, 0x9d, 0x15, 0x9d, 0xf4, 0x9c, 0xf4, 0x9c,
    0xf4, 0x9c, 0xf4, 0x9c, 0xf4, 0x9c, 0xf4, 0x9c, 0xd4, 0x94, 0xd4, 0x94,
    0x9e, 0xf7, 0x9e, 0xf7, 0x9e, 0xf7, 0x9e, 0xf7, 0x9e, 0xf7, 0x9e, 0xf7,
    0x9e, 0xef, 0x7e, 0xef, 0x7d, 0xef, 0x7d, 0xef, 0x7d, 0xef, 0x7d, 0xef,
    0x7d, 0xef, 0x5d, 0xef, 0x5d, 0xef, 0x5d, 0xef, 0x5d, 0xef, 0x5d, 0xef,
    0x5d, 0xef, 0x5d, 0xe7, 0x3d, 0xe7, 0x3d, 0xe7, 0x3d, 0xe7, 0x3c, 0xe7,
    0x3c, 0xe7, 0x3c, 0xe7, 0x1c, 0xe7, 0x1c, 0xe7, 0x1c, 0xe7, 0x1c, 0xe7,
    0x1c, 0xe7, 0x1c, 0xe7, 0x1c, 0xdf, 0xfc, 0xde, 0xfc, 0xde, 0xfc, 0xde,
    0xfc, 0xde, 0xfc, 0xde, 0xfb, 0xde, 0xfb, 0xde, 0xdb, 0xde, 0xdb, 0xde,
    0xdb, 0xde, 0xdb, 0xde, 0xdb, 0xd6, 0xdb, 0xd6, 0xdb, 0xd6, 0xbb, 0xd6,
    0xbb, 0xd6, 0xbb, 0xd6, 0xbb, 0xd6, 0xbb, 0xd6, 0xba, 0xd6, 0x9a, 0xd6,
    0x9a, 0xd6, 0x9a, 0xd6, 0x9a, 0xd6, 0x9a, 0xce, 0x9a, 0xce, 0x9a, 0xce,
    0x7a, 0xce, 0x7a, 0xce, 0x7a, 0xce, 0x7a, 0xce, 0x7a, 0xce, 0x7a, 0xce,
    0x5a, 0xce, 0x59, 0xce, 0x59, 0xce, 0x59, 0xce, 0x59, 0xc6, 0x59, 0xc6,
    0x59, 0xc6, 0x39, 0xc6, 0x39, 0xc6, 0x39, 0xc6, 0x39, 0xc6, 0x39, 0xc6,
    0x39, 0xc6, 0x39, 0xc6, 0x19, 0xc6, 0x19, 0xc6, 0x18, 0xbe, 0x18, 0xbe,
    0x18, 0xbe, 0x18, 0xbe, 0x18, 0xbe, 0xf8, 0xbd, 0xf8, 0xbd, 0xf8, 0xbd,
    0xf8, 0xbd, 0xf8, 0xbd, 0xf8, 0xbd, 0xd8, 0xbd, 0xd8, 0xbd, 0xd8, 0xbd,
    0xd7, 0xb5, 0xd7, 0xb5, 0xd7, 0xb5, 0xd7, 0xb5, 0xb7, 0xb5, 0xb7, 0xb5,
    0xb7, 0xb5, 0xb7, 0xb5, 0xb7, 0xb5, 0xb7, 0xb5, 0x97, 0xb5, 0x97, 0xb5,
    0x97, 0xad, 0x97, 0xad, 0x97, 0xad, 0x96, 0xad, 0x96, 0xad, 0x76, 0xad,
    0x76, 0xad, 0x76, 0xad, 0x76, 0xad, 0x76, 0xad, 0x76, 0xad, 0x76, 0xad,
    0x56, 0xad, 0x56, 0xa5, 0x56, 0xa5, 0x56, 0xa5, 0x56, 0xa5, 0x56, 0xa5,
    0x55, 0xa5, 0x35, 0xa5, 0x35, 0xa5, 0x35, 0xa5, 0x35, 0xa5, 0x35, 0xa5,
    0x35, 0xa5, 0x15, 0xa5, 0x15, 0x9d, 0x15, 0x9d, 0x15, 0x9d, 0x15, 0x9d,
    0x15, 0x9d, 0x15, 0x9d, 0xf4, 0x9c, 0xf4, 0x9c, 0xf4, 0x9c, 0xf4, 0x9c,
    0xf4, 0x9c, 0xf4, 0x9c, 0xd4, 0x94, 0xd4, 0x94, 0xd4, 0x94, 0xd4, 0x94,
    0x9e, 0xf7, 0x9e, 0xf7, 0x9e, 0xf7, 0x9e, 0xf7, 0x9e, 0xf7, 0x9e, 0xf7,
    0x7e, 0xef, 0x7e, 0xef, 0x7d, 0xef, 0x7d, 0xef, 0x7d, 0xef, 0x7d, 0xef,
    0x7d, 0xef, 0x5d, 0xef, 0x5d, 0xef, 0x5d, 0xef, 0x5d, 0xef, 0x5d, 0xef,
    0x5d, 0xe7, 0x5d, 0xe7, 0x3d, 0xe7, 0x3d, 0xe7, 0x3d, 0xe7, 0x3c, 0xe7,
    0x3c, 0xe7, 0x3c, 0xe7, 0x1c, 0xe7, 0x1c, 0xe7, 0x1c, 0xe7, 0x1c, 0xe7,
    0x1c, 0xe7, 0x1c, 0xe7, 0x1c, 0xdf, 0xfc, 0xde, 0xfc, 0xde, 0xfc, 0xde,
    0xfc, 0xde, 0xfc, 0xde, 0xfb, 0xde, 0xfb, 0xde, 0xdb, 0xde, 0xdb, 0xde,
    0xdb, 0xde, 0xdb, 0xde, 0xdb, 0xd6, 0xdb, 0xd6, 0xbb, 0xd6, 0xbb, 0xd6,
    0xbb, 0xd6, 0xbb, 0xd6, 0xbb, 0xd6, 0xbb, 0xd6, 0xba, 0xd6, 0x9a, 0xd6,
    0x9a, 0xd6, 0x9a, 0xd6, 0x9a, 0xd6, 0x9a, 0xce, 0x9a, 0xce, 0x9a, 0xce,
    0x7a, 0xce, 0x7a, 0xce, 0x7a, 0xce, 0x7a, 0xce, 0x7a, 0xce, 0x7a, 0xce,
    0x5a, 0xce, 0x59, 0xce, 0x59, 0xce, 0x59, 0xce, 0x59, 0xc6, 0x59, 0xc6,
    0x59, 0xc6, 0x39, 0xc6, 0x39, 0xc6, 0x39, 0xc6, 0x39, 0xc6, 0x39, 0xc6,
    0x39, 0xc6, 0x39, 0xc6, 0x19, 0xc6, 0x19, 0xc6, 0x18, 0xbe, 0x18, 0xbe,
    0x18, 0xbe, 0x18, 0xbe, 0xf8, 0xbd, 0xf8, 0xbd, 0xf8, 0xbd, 0xf8, 0xbd,
    0xf8, 0xbd, 0xf8, 0xbd, 0xf8, 0xbd, 0xd8, 0xbd, 0xd8, 0xbd, 0xd8, 0xb5,
    0xd7, 0xb5, 0xd7, 0xb5, 0xd7, 0xb5, 0xd7, 0xb5, 0xb7, 0xb5, 0xb7, 0xb5,
    0xb7, 0xb5, 0xb7, 0xb5, 0xb7, 0xb5, 0xb7, 0xb5, 0x97, 0xb5, 0x97, 0xb5,
    0x97, 0xad, 0x97, 0xad, 0x97, 0xad, 0x96, 0xad, 0x96, 0xad, 0x76, 0xad,
    0x76, 0xad, 0x76, 0xad, 0x76, 0xad, 0x76, 0xad, 0x76, 0xad, 0x76, 0xad,
    0x56, 0xa5, 0x56, 0xa5, 0x56, 0xa5, 0x56, 0xa5, 0x56, 0xa5, 0x56, 0xa5,
    0x35, 0xa5, 0x35, 0xa5, 0x35, 0xa5, 0x35, 0xa5, 0x35, 0xa5, 0x35, 0xa5,
    0x35, 0xa5, 0x15, 0xa5, 0x15, 0x9d, 0x15, 0x9d, 0x15, 0x9d, 0x15, 0x9d,
    0x15, 0x9d, 0x15, 0x9d, 0xf4, 0x9c, 0xf4, 0x9c, 0xf4, 0x9c, 0xf4, 0x9c,
    0xf4, 0x9c, 0xf4, 0x9c, 0xd4, 0x94, 0xd4, 0x94, 0xd4, 0x94, 0xd4, 0x94,
    0x9e, 0xf7, 0x9e, 0xf7, 0x9e, 0xf7, 0x9e, 0xf7, 0x7e, 0xef, 0x7e, 0xef,
    0x7d, 0xef, 0x7d, 0xef, 0x7d, 0xef, 0x7d, 0xef, 0x7d, 0xef, 0x5d, 0xef,
    0x5d, 0xef, 0x5d, 0xef, 0x5d, 0xef, 0x5d, 0xef, 0x5d, 0xe7, 0x5d, 0xe7,
    0x3d, 0xe7, 0x3d, 0xe7, 0x3d, 0xe7, 0x3c, 0xe7, 0x3c, 0xe7, 0x3c, 0xe7,
    0x1c, 0xe7, 0x1c, 0xe7, 0x1c, 0xe7, 0x1c, 0xe7, 0x1c, 0xe7, 0x1c, 0xdf,
    0x1c, 0xdf, 0xfc, 0xde, 0xfc, 0xde, 0xfc, 0xde, 0xfc, 0xde, 0xfc, 0xde,
    0xfb, 0xde, 0xfb, 0xde, 0xdb, 0xde, 0xdb, 0xde, 0xdb, 0xde, 0xdb, 0xde,
    0xdb, 0xd6, 0xdb, 0xd6, 0xbb, 0xd6, 0xbb, 0xd6, 0xbb, 0xd6, 0xbb, 0xd6,
    0xbb, 0xd6, 0xbb, 0xd6, 0xba, 0xd6, 0x9a, 0xd6, 0x9a, 0xd6, 0x9a, 0xd6,
    0x9a, 0xd6, 0x9a, 0xce, 0x9a, 0xce, 0x9a, 0xce, 0x7a, 0xce, 0x7a, 0xce,
    0x7a, 0xce, 0x7a, 0xce, 0x7a, 0xce, 0x7a, 0xce, 0x59, 0xce, 0x59, 0xce,
    0x59, 0xce, 0x59, 0xce, 0x59, 0xc6, 0x59, 0xc6, 0x59, 0xc6, 0x39, 0xc6,
    0x39, 0xc6, 0x39, 0xc6, 0x39, 0xc6, 0x39, 0xc6, 0x39, 0xc6, 0x39, 0xc6,
    0x19, 0xc6, 0x19, 0xc6, 0x18, 0xbe, 0x18, 0xbe, 0x18, 0xbe, 0x18, 0xbe,
    0xf8, 0xbd, 0xf8, 0xbd, 0xf8, 0xbd, 0xf8, 0xbd, 0xf8, 0xbd, 0xf8, 0xbd,
    0xf8, 0xbd, 0xd8, 0xbd, 0xd8, 0xbd, 0xd8, 0xb5, 0xd7, 0xb5, 0xd7, 0xb5,
    0xd7, 0xb5, 0xd7, 0xb5, 0xb7, 0xb5, 0xb7, 0xb5, 0xb7, 0xb5, 0xb7, 0xb5,
    0xb7, 0xb5, 0xb7, 0xb5, 0x97, 0xb5, 0x97, 0xb5, 0x97, 0xad, 0x97, 0xad,
    0x96, 0xad, 0x96, 0xad, 0x96, 0xad, 0x76, 0xad, 0x76, 0xad, 0x76, 0xad,
    0x76, 0xad, 0x76, 0xad, 0x76, 0xad, 0x76, 0xad, 0x56, 0xad, 0x56, 0xa5,
    0x56, 0xa5, 0x56, 0xa5, 0x56, 0xa5, 0x56, 0xa5, 0x35, 0xa5, 0x35, 0xa5,
    0x35, 0xa5, 0x35, 0xa5, 0x35, 0xa5, 0x35, 0xa5, 0x35, 0xa5, 0x15, 0xa5,
    0x15, 0x9d, 0x15, 0x9d, 0x15, 0x9d, 0x15, 0x9d, 0x15, 0x9d, 0x15, 0x9d,
    0xf4, 0x9c, 0xf4, 0x9c, 0xf4, 0x9c, 0xf4, 0x9c, 0xf4, 0x9c, 0xf4, 0x9c,
    0xd4, 0x94, 0xd4, 0x94, 0xd4, 0x94, 0xd4, 0x94, 0xd4, 0x94, 0xd4, 0x94,
    0x9e, 0xf7, 0x9e, 0xf7, 0x9e, 0xf7, 0x9e, 0xf7, 0x7e, 0xef, 0x7e, 0xef,
    0x7d, 0xef, 0x7d, 0xef, 0x7d, 0xef, 0x7d, 0xef, 0x7d, 0xef, 0x5d, 0xef,
    0x5d, 0xef, 0x5d, 0xef, 0x5d, 0xef, 0x5d, 0xef, 0x5d, 0xe7, 0x5d, 0xe7,
    0x3d, 0xe7, 0x3d, 0xe7, 0x3c, 0xe7, 0x3c, 0xe7, 0x3c, 0xe7, 0x3c, 0xe7,
    0x1c, 0xe7, 0x1c, 0xe7, 0x1c, 0xe7, 0x1c, 0xe7, 0x1c, 0xe7, 0x1c, 0xdf,
    0x1c, 0xdf, 0xfc, 0xde, 0xfc, 0xde, 0xfc, 0xde, 0xfc, 0xde, 0xfc, 0xde,
    0xfb, 0xde, 0xfb, 0xde, 0xdb, 0xde, 0xdb, 0xde, 0xdb, 0xde, 0xdb, 0xde,
    0xdb, 0xd6, 0xdb, 0xd6, 0xbb, 0xd6, 0xbb, 0xd6, 0xbb, 0xd6, 0xbb, 0xd6,
    0xbb, 0xd6, 0xbb, 0xd6, 0xba, 0xd6, 0x9a, 0xd6, 0x9a, 0xd6, 0x9a, 0xd6,
    0x9a, 0xd6, 0x9a, 0xce, 0x9a, 0xce, 0x9a, 0xce, 0x7a, 0xce, 0x7a, 0xce,
    0x7a, 0xce, 0x7a, 0xce, 0x7a, 0xce, 0x7a, 0xce, 0x59, 0xce, 0x59, 0xce,
    0x59, 0xce, 0x59, 0xce, 0x59, 0xc6, 0x59, 0xc6, 0x59, 0xc6, 0x39, 0xc6,
    0x39, 0xc6, 0x39, 0xc6, 0x39, 0xc6, 0x39, 0xc6, 0x39, 0xc6, 0x39, 0xc6,
    0x19, 0xc6, 0x19, 0xc6, 0x18, 0xbe, 0x18, 0xbe, 0x18, 0xbe, 0x18, 0xbe,
    0xf8, 0xbd, 0xf8, 0xbd, 0xf8, 0xbd, 0xf8, 0xbd, 0xf8, 0xbd, 0xf8, 0xbd,
    0xf8, 0xbd, 0xd8, 0xbd, 0xd8, 0xbd, 0xd8, 0xb5, 0xd7, 0xb5, 0xd7, 0xb5,
    0xd7, 0xb5, 0xd7, 0xb5, 0xb7, 0xb5, 0xb7, 0xb5, 0xb7, 0xb5, 0xb7, 0xb5,
    0xb7, 0xb5, 0xb7, 0xb5, 0x97, 0xb5, 0x97, 0xb5, 0x97, 0xad, 0x97, 0xad,
    0x96, 0xad, 0x96, 0xad, 0x96, 0xad, 0x76, 0xad, 0x76, 0xad, 0x76, 0xad,
    0x76, 0xad, 0x76, 0xad, 0x76, 0xad, 0x76, 0xad, 0x56, 0xa5, 0x56, 0xa5,
    0x56, 0xa5, 0x56, 0xa5, 0x56, 0xa5, 0x55, 0xa5, 0x35, 0xa5, 0x35, 0xa5,
    0x35, 0xa5, 0x35, 0xa5, 0x35, 0xa5, 0x35, 0xa5, 0x35, 0xa5, 0x15, 0x9d,
    0x15, 0x9d, 0x15, 0x9d, 0x15, 0x9d, 0x15, 0x9d, 0x15, 0x9d, 0x15, 0x9d,
    0xf4, 0x9c, 0xf4, 0x9c, 0xf4, 0x9c, 0xf4, 0x9c, 0xf4, 0x9c, 0xf4, 0x9c,
    0xd4, 0x94, 0xd4, 0x94, 0xd4, 0x94, 0xd4, 0x94, 0xd4, 0x94, 0xd4, 0x94,
    0x9e, 0xf7, 0x9e, 0xf7, 0x9e, 0xef, 0x7e, 0xef, 0x7d, 0xef, 0x7d, 0xef,
    0x7d, 0xef, 0x7d, 0xef, 0x7d, 0xef, 0x7d, 0xef, 0x5d, 0xef, 0x5d, 0xef,
    0x5d, 0xef, 0x5d, 0xef, 0x5d, 0xef, 0x5d, 0xe7, 0x3d, 0xe7, 0x3d, 0xe7,
    0x3d, 0xe7, 0x3c, 0xe7, 0x3c, 0xe7, 0x3c, 0xe7, 0x3c, 0xe7, 0x1c, 0xe7,
    0x1c, 0xe7, 0x1c, 0xe7, 0x1c, 0xe7, 0x1c, 0xe7, 0x1c, 0xdf, 0x1c, 0xdf,
    0xfc, 0xde, 0xfc, 0xde, 0xfc, 0xde, 0xfc, 0xde, 0xfb, 0xde, 0xfb, 0xde,
    0xdb, 0xde, 0xdb, 0xde, 0xdb, 0xde, 0xdb, 0xde, 0xdb, 0xd6, 0xdb, 0xd6,
    0xdb, 0xd6, 0xbb, 0xd6, 0xbb, 0xd6, 0xbb, 0xd6, 0xbb, 0xd6, 0xbb, 0xd6,
    0xba, 0xd6, 0xba, 0xd6, 0x9a, 0xd6, 0x9a, 0xd6, 0x9a, 0xd6, 0x9a, 0xce,
    0x9a, 0xce, 0x9a, 0xce, 0x7a, 0xce, 0x7a, 0xce, 0x7a, 0xce, 0x7a, 0xce,
    0x7a, 0xce, 0x7a, 0xce, 0x7a, 0xce, 0x59, 0xce, 0x59, 0xce, 0x59, 0xce,
    0x59, 0xc6, 0x59, 0xc6, 0x59, 0xc6, 0x59, 0xc6, 0x39, 0xc6, 0x39, 0xc6,
    0x39, 0xc6, 0x39, 0xc6, 0x39, 0xc6, 0x39, 0xc6, 0x19, 0xc6, 0x19, 0xc6,
    0x18, 0xbe, 0x18, 0xbe, 0x18, 0xbe, 0x18, 0xbe, 0x18, 0xbe, 0xf8, 0xbd,
    0xf8, 0xbd, 0xf8, 0xbd, 0xf8, 0xbd, 0xf8, 0xbd, 0xf8, 0xbd, 0xf8, 0xbd,
    0xd8, 0xbd, 0xd8, 0xbd, 0xd7, 0xb5, 0xd7, 0xb5, 0xd7, 0xb5, 0xd7, 0xb5,
    0xb7, 0xb5, 0xb7, 0xb5, 0xb7, 0xb5, 0xb7, 0xb5, 0xb7, 0xb5, 0xb7, 0xb5,
    0xb7, 0xb5, 0x97, 0xb5, 0x97, 0xad, 0x97, 0xad, 0x97, 0xad, 0x96, 0xad,
    0x96, 0xad, 0x96, 0xad, 0x76, 0xad, 0x76, 0xad, 0x76, 0xad, 0x76, 0xad,
    0x76, 0xad, 0x76, 0xad, 0x56, 0xad, 0x56, 0xa5, 0x56, 0xa5, 0x56, 0xa5,
    0x56, 0xa5, 0x56, 0xa5, 0x55, 0xa5, 0x35, 0xa5, 0x35, 0xa5, 0x35, 0xa5,
    0x35, 0xa5, 0x35, 0xa5, 0x35, 0xa5, 0x35, 0xa5, 0x15, 0x9d, 0x15, 0x9d,
    0x15, 0x9d, 0x15, 0x9d, 0x15, 0x9d, 0x15, 0x9d, 0xf4, 0x9c, 0xf4, 0x9c,
    0xf4, 0x9c, 0xf4, 0x9c, 0xf4, 0x9c, 0xf4, 0x9c, 0xf4, 0x94, 0xd4, 0x94,
    0xd4, 0x94, 0xd4, 0x94, 0xd4, 0x94, 0xd4, 0x94, 0xd4, 0x94, 0xd4, 0x94,
    0x9e, 0xf7, 0x9e, 0xf7, 0x7e, 0xef, 0x7e, 0xef, 0x7d, 0xef, 0x7d, 0xef,
    0x7d, 0xef, 0x7d, 0xef, 0x7d, 0xef, 0x5d, 0xef, 0x5d, 0xef, 0x5d, 0xef,
    0x5d, 0xef, 0x5d, 0xef, 0x5d, 0xe7, 0x5d, 0xe7, 0x3d, 0xe7, 0x3d, 0xe7,
    0x3d, 0xe7, 0x3c, 0xe7, 0x3c, 0xe7, 0x3c, 0xe7, 0x1c, 0xe7, 0x1c, 0xe7,
    0x1c, 0xe7, 0x1c, 0xe7, 0x1c, 0xe7, 0x1c, 0xe7, 0x1c, 0xdf, 0xfc, 0xde,
    0xfc, 0xde, 0xfc, 0xde, 0xfc, 0xde, 0xfc, 0xde, 0xfb, 0xde, 0xfb, 0xde,
    0xdb, 0xde, 0xdb, 0xde, 0xdb, 0xde, 0xdb, 0xde, 0xdb, 0xd6, 0xdb, 0xd6,
    0xbb, 0xd6, 0xbb, 0xd6, 0xbb, 0xd6, 0xbb, 0xd6, 0xbb, 0xd6, 0xbb, 0xd6,
    0xba, 0xd6, 0x9a, 0xd6, 0x9a, 0xd6, 0x9a, 0xd6, 0x9a, 0xd6, 0x9a, 0xce,
    0x9a, 0xce, 0x9a, 0xce, 0x7a, 0xce, 0x7a, 0xce, 0x7a, 0xce, 0x7a, 0xce,
    0x7a, 0xce, 0x7a, 0xce, 0x5a, 0xce, 0x59, 0xce, 0x59, 0xce, 0x59, 0xce,
    0x59, 0xc6, 0x59, 0xc6, 0x59, 0xc6, 0x39, 0xc6, 0x39, 0xc6, 0x39, 0xc6,
    0x39, 0xc6, 0x39, 0xc6, 0x39, 0xc6, 0x39, 0xc6, 0x19, 0xc6, 0x19, 0xc6,
    0x18, 0xbe, 0x18, 0xbe, 0x18, 0xbe, 0x18, 0xbe, 0xf8, 0xbd, 0xf8, 0xbd,
    0xf8, 0xbd, 0xf8, 0xbd, 0xf8, 0xbd, 0xf8, 0xbd, 0xf8, 0xbd, 0xd8, 0xbd,
    0xd8, 0xbd, 0xd8, 0xb5, 0xd7, 0xb5, 0xd7, 0xb5, 0xd7, 0xb5, 0xd7, 0xb5,
    0xb7, 0xb5, 0xb7, 0xb5, 0xb7, 0xb5, 0xb7, 0xb5, 0xb7, 0xb5, 0xb7, 0xb5,
    0x97, 0xb5, 0x97, 0xb5, 0x97, 0xad, 0x97, 0xad, 0x97, 0xad, 0x96, 0xad,
    0x96, 0xad, 0x76, 0xad, 0x76, 0xad, 0x76, 0xad, 0x76, 0xad, 0x76, 0xad,
    0x76, 0xad, 0x76, 0xad, 0x56, 0xa5, 0x56, 0xa5, 0x56, 0xa5, 0x56, 0xa5,
    0x56, 0xa5, 0x56, 0xa5, 0x35, 0xa5, 0x35, 0xa5, 0x35, 0xa5, 0x35, 0xa5,
    0x35, 0xa5, 0x35, 0xa5, 0x35, 0xa5, 0x15, 0xa5, 0x15, 0x9d, 0x15, 0x9d,
    0x15, 0x9d, 0x15, 0x9d, 0x15, 0x9d, 0x15, 0x9d, 0xf4, 0x9c, 0xf4, 0x9c,
    0xf4, 0x9c, 0xf4, 0x9c, 0xf4, 0x9c, 0xf4, 0x9c, 0xd4, 0x94, 0xd4, 0x94,
    0xd4, 0x94, 0xd4, 0x94, 0xd4, 0x94, 0xd4, 0x94, 0xd4, 0x94, 0xb4, 0x94,
    0x7e, 0xef, 0x7e, 0xef, 0x7d, 0xef, 0x7d, 0xef, 0x7d, 0xef, 0x7d, 0xef,
    0x7d, 0xef, 0x5d, 0xef, 0x5d, 0xef, 0x5d, 0xef, 0x5d, 0xef, 0x5d, 0xef,
    0x5d, 0xe7, 0x5d, 0xe7, 0x3d, 0xe7, 0x3d, 0xe7, 0x3c, 0xe7, 0x3c, 0xe7,
    0x3c, 0xe7, 0x3c, 0xe7, 0x1c, 0xe7, 0x1c, 0xe7, 0x1c, 0xe7, 0x1c, 0xe7,
    0x1c, 0xe7, 0x1c, 0xdf, 0x1c, 0xdf, 0xfc, 0xde, 0xfc, 0xde, 0xfc, 0xde,
    0xfc, 0xde, 0xfc, 0xde, 0xfb, 0xde, 0xfb, 0xde, 0xdb, 0xde, 0xdb, 0xde,
    0xdb, 0xde, 0xdb, 0xde, 0xdb, 0xd6, 0xdb, 0xd6, 0xbb, 0xd6, 0xbb, 0xd6,
    0xbb, 0xd6, 0xbb, 0xd6, 0xbb, 0xd6, 0xbb, 0xd6, 0xba, 0xd6, 0x9a, 0xd6,
    0x9a, 0xd6, 0x9a, 0xd6, 0x9a, 0xd6, 0x9a, 0xce, 0x9a, 0xce, 0x9a, 0xce,
    0x7a, 0xce, 0x7a, 0xce, 0x7a, 0xce, 0x7a, 0xce, 0x7a, 0xce, 0x7a, 0xce,
    0x59, 0xce, 0x59, 0xce, 0x59, 0xce, 0x59, 0xce, 0x59, 0xc6, 0x59, 0xc6,
    0x59, 0xc6, 0x39, 0xc6, 0x39, 0xc6, 0x39, 0xc6, 0x39, 0xc6, 0x39, 0xc6,
    0x39, 0xc6, 0x39, 0xc6, 0x19, 0xc6, 0x19, 0xc6, 0x18, 0xbe, 0x18, 0xbe,
    0x18, 0xbe, 0x18, 0xbe, 0xf8, 0xbd, 0xf8, 0xbd, 0xf8, 0xbd, 0xf8, 0xbd,
    0xf8, 0xbd, 0xf8, 0xbd, 0xf8, 0xbd, 0xd8, 0xbd, 0xd8, 0xbd, 0xd8, 0xb5,
    0xd7, 0xb5, 0xd7, 0xb5, 0xd7, 0xb5, 0xd7, 0xb5, 0xb7, 0xb5, 0xb7, 0xb5,
    0xb7, 0xb5, 0xb7, 0xb5, 0xb7, 0xb5, 0xb7, 0xb5, 0x97, 0xb5, 0x97, 0xb5,
    0x97, 0xad, 0x97, 0xad, 0x96, 0xad, 0x96, 0xad, 0x96, 0xad, 0x76, 0xad,
    0x76, 0xad, 0x76, 0xad, 0x76, 0xad, 0x76, 0xad, 0x76, 0xad, 0x76, 0xad,
    0x56, 0xa5, 0x56, 0xa5, 0x56, 0xa5, 0x56, 0xa5, 0x56, 0xa5, 0x55, 0xa5,
    0x35, 0xa5, 0x35, 0xa5, 0x35, 0xa5, 0x35, 0xa5, 0x35, 0xa5, 0x35, 0xa5,
    0x35, 0xa5, 0x15, 0xa5, 0x15, 0x9d, 0x15, 0x9d, 0x15, 0x9d, 0x15, 0x9d,
    0x15, 0x9d, 0x15, 0x9d, 0xf4, 0x9c, 0xf4, 0x9c, 0xf4, 0x9c, 0xf4, 0x9c,
    0xf4, 0x9c, 0xf4, 0x9c, 0xd4, 0x94, 0xd4, 0x94, 0xd4, 0x94, 0xd4, 0x94,
    0xd4, 0x94, 0xd4, 0x94, 0xd4, 0x94, 0xb4, 0x94, 0xb3, 0x94, 0xb3, 0x94,
    0x7e, 0xef, 0x7e, 0xef, 0x7d, 0xef, 0x7d, 0xef, 0x7d, 0xef, 0x7d, 0xef,
    0x7d, 0xef, 0x5d, 0xef, 0x5d, 0xef, 0x5d, 0xef, 0x5d, 0xef, 0x5d, 0xef,
    0x5d, 0xe7, 0x5d, 0xe7, 0x3d, 0xe7, 0x3d, 0xe7, 0x3c, 0xe7, 0x3c, 0xe7,
    0x3c, 0xe7, 0x3c, 0xe7, 0x1c, 0xe7, 0x1c, 0xe7, 0x1c, 0xe7, 0x1c, 0xe7,
    0x1c, 0xe7, 0x1c, 0xdf, 0x1c, 0xdf, 0xfc, 0xde, 0xfc, 0xde, 0xfc, 0xde,
    0xfc, 0xde, 0xfc, 0xde, 0xfb, 0xde, 0xfb, 0xde, 0xdb, 0xde, 0xdb, 0xde,
    0xdb, 0xde, 0xdb, 0xde, 0xdb, 0xd6, 0xdb, 0xd6, 0xbb, 0xd6, 0xbb, 0xd6,
    0xbb, 0xd6, 0xbb, 0xd6, 0xbb, 0xd6, 0xbb, 0xd6, 0xba, 0xd6, 0x9a, 0xd6,
    0x9a, 0xd6, 0x9a, 0xd6, 0x9a, 0xce, 0x9a, 0xce, 0x9a, 0xce, 0x9a, 0xce,
    0x7a, 0xce, 0x7a, 0xce, 0x7a, 0xce, 0x7a, 0xce, 0x7a, 0xce, 0x7a, 0xce,
    0x59, 0xce, 0x59, 0xce, 0x59, 0xce, 0x59, 0xce, 0x59, 0xc6, 0x59, 0xc6,
    0x59, 0xc6, 0x39, 0xc6, 0x39, 0xc6, 0x39, 0xc6, 0x39, 0xc6, 0x39, 0xc6,
    0x39, 0xc6, 0x39, 0xc6, 0x19, 0xc6, 0x18, 0xc6, 0x18, 0xbe, 0x18, 0xbe,
    0x18, 0xbe, 0x18, 0xbe, 0xf8, 0xbd, 0xf8, 0xbd, 0xf8, 0xbd, 0xf8, 0xbd,
    0xf8, 0xbd, 0xf8, 0xbd, 0xf8, 0xbd, 0xd8, 0xbd, 0xd8, 0xbd, 0xd8, 0xb5,
    0xd7, 0xb5, 0xd7, 0xb5, 0xd7, 0xb5, 0xd7, 0xb5, 0xb7, 0xb5, 0xb7, 0xb5,
    0xb7, 0xb5, 0xb7, 0xb5, 0xb7, 0xb5, 0xb7, 0xb5, 0x97, 0xb5, 0x97, 0xb5,
    0x97, 0xad, 0x97, 0xad, 0x96, 0xad, 0x96, 0xad, 0x96, 0xad, 0x76, 0xad,
    0x76, 0xad, 0x76, 0xad, 0x76, 0xad, 0x76, 0xad, 0x76, 0xad, 0x76, 0xad,
    0x56, 0xa5, 0x56, 0xa5, 0x56, 0xa5, 0x56, 0xa5, 0x56, 0xa5, 0x55, 0xa5,
    0x35, 0xa5, 0x35, 0xa5, 0x35, 0xa5, 0x35, 0xa5, 0x35, 0xa5, 0x35, 0xa5,
    0x35, 0xa5, 0x15, 0x9d, 0x15, 0x9d, 0x15, 0x9d, 0x15, 0x9d, 0x15, 0x9d,
    0x15, 0x9d, 0x15, 0x9d, 0xf4, 0x9c, 0xf4, 0x9c, 0xf4, 0x9c, 0xf4, 0x9c,
    0xf4, 0x9c, 0xf4, 0x9c, 0xd4, 0x94, 0xd4, 0x94, 0xd4, 0x94, 0xd4, 0x94,
    0xd4, 0x94, 0xd4, 0x94, 0xd4, 0x94, 0xb4, 0x94, 0xb3, 0x94, 0xb3, 0x94,
    0x7d, 0xef, 0x7d, 0xef, 0x7d, 0xef, 0x7d, 0xef, 0x7d, 0xef, 0x5d, 0xef,
    0x5d, 0xef, 0x5d, 0xef, 0x5d, 0xef, 0x5d, 0xef, 0x5d, 0xef, 0x5d, 0xe7,
    0x3d, 0xe7, 0x3d, 0xe7, 0x3d, 0xe7, 0x3c, 0xe7, 0x3c, 0xe7, 0x3c, 0xe7,
    0x1c, 0xe7, 0x1c, 0xe7, 0x1c, 0xe7, 0x1c, 0xe7, 0x1c, 0xe7, 0x1c, 0xe7,
    0x1c, 0xdf, 0xfc, 0xde, 0xfc, 0xde, 0xfc, 0xde, 0xfc, 0xde, 0xfc, 0xde,
    0xfb, 0xde, 0xfb, 0xde, 0xdb, 0xde, 0xdb, 0xde, 0xdb, 0xde, 0xdb, 0xde,
    0xdb, 0xd6, 0xdb, 0xd6, 0xdb, 0xd6, 0xbb, 0xd6, 0xbb, 0xd6, 0xbb, 0xd6,
    0xbb, 0xd6, 0xbb, 0xd6, 0xba, 0xd6, 0x9a, 0xd6, 0x9a, 0xd6, 0x9a, 0xd6,
    0x9a, 0xd6, 0x9a, 0xce, 0x9a, 0xce, 0x9a, 0xce, 0x7a, 0xce, 0x7a, 0xce,
    0x7a, 0xce, 0x7a, 0xce, 0x7a, 0xce, 0x7a, 0xce, 0x5a, 0xce, 0x59, 0xce,
    0x59, 0xce, 0x59, 0xce, 0x59, 0xc6, 0x59, 0xc6, 0x59, 0xc6, 0x39, 0xc6,
    0x39, 0xc6, 0x39, 0xc6, 0x39, 0xc6, 0x39, 0xc6, 0x39, 0xc6, 0x39, 0xc6,
    0x19, 0xc6, 0x19, 0xc6, 0x18, 0xbe, 0x18, 0xbe, 0x18, 0xbe, 0x18, 0xbe,
    0x18, 0xbe, 0xf8, 0xbd, 0xf8, 0xbd, 0xf8, 0xbd, 0xf8, 0xbd, 0xf8, 0xbd,
    0xf8, 0xbd, 0xd8, 0xbd, 0xd8, 0xbd, 0xd8, 0xbd, 0xd7, 0xb5, 0xd7, 0xb5,
    0xd7, 0xb5, 0xd7, 0xb5, 0xb7, 0xb5, 0xb7, 0xb5, 0xb7, 0xb5, 0xb7, 0xb5,
    0xb7, 0xb5, 0xb7, 0xb5, 0x97, 0xb5, 0x97, 0xb5, 0x97, 0xad, 0x97, 0xad,
    0x97, 0xad, 0x96, 0xad, 0x96, 0xad, 0x76, 0xad, 0x76, 0xad, 0x76, 0xad,
    0x76, 0xad, 0x76, 0xad, 0x76, 0xad, 0x76, 0xad, 0x56, 0xad, 0x56, 0xa5,
    0x56, 0xa5, 0x56, 0xa5, 0x56, 0xa5, 0x56, 0xa5, 0x55, 0xa5, 0x35, 0xa5,
    0x35, 0xa5, 0x35, 0xa5, 0x35, 0xa5, 0x35, 0xa5, 0x35, 0xa5, 0x15, 0xa5,
    0x15, 0x9d, 0x15, 0x9d, 0x15, 0x9d, 0x15, 0x9d, 0x15, 0x9d, 0x15, 0x9d,
    0xf4, 0x9c, 0xf4, 0x9c, 0xf4, 0x9c, 0xf4, 0x9c, 0xf4, 0x9c, 0xf4, 0x9c,
    0xd4, 0x94, 0xd4, 0x94, 0xd4, 0x94, 0xd4, 0x94, 0xd4, 0x94, 0xd4, 0x94,
    0xd4, 0x94, 0xb4, 0x94, 0xb3, 0x94, 0xb3, 0x94, 0xb3, 0x94, 0xb3, 0x94,
    0x7d, 0xef, 0x7d, 0xef, 0x7d, 0xef, 0x7d, 0xef, 0x7d, 0xef, 0x5d, 0xef,
    0x5d, 0xef, 0x5d, 0xef, 0x5d, 0xef, 0x5d, 0xef, 0x5d, 0xe7, 0x5d, 0xe7,
    0x3d, 0xe7, 0x3d, 0xe7, 0x3d, 0xe7, 0x3c, 0xe7, 0x3c, 0xe7, 0x3c, 0xe7,
    0x1c, 0xe7, 0x1c, 0xe7, 0x1c, 0xe7, 0x1c, 0xe7, 0x1c, 0xe7, 0x1c, 0xe7,
    0x1c, 0xdf, 0xfc, 0xde, 0xfc, 0xde, 0xfc, 0xde, 0xfc, 0xde, 0xfc, 0xde,
    0xfb, 0xde, 0xfb, 0xde, 0xdb, 0xde, 0xdb, 0xde, 0xdb, 0xde, 0xdb, 0xde,
    0xdb, 0xd6, 0xdb, 0xd6, 0xbb, 0xd6, 0xbb, 0xd6, 0xbb, 0xd6, 0xbb, 0xd6,
    0xbb, 0xd6, 0xbb, 0xd6, 0xba, 0xd6, 0x9a, 0xd6, 0x9a, 0xd6, 0x9a, 0xd6,
    0x9a, 0xd6, 0x9a, 0xce, 0x9a, 0xce, 0x9a, 0xce, 0x7a, 0xce, 0x7a, 0xce,
    0x7a, 0xce, 0x7a, 0xce, 0x7a, 0xce, 0x7a, 0xce, 0x5a, 0xce, 0x59, 0xce,
    0x59, 0xce, 0x59, 0xce, 0x59, 0xc6, 0x59, 0xc6, 0x59, 0xc6, 0x39, 0xc6,
    0x39, 0xc6, 0x39, 0xc6, 0x39, 0xc6, 0x39, 0xc6, 0x39, 0xc6, 0x39, 0xc6,
    0x19, 0xc6, 0x19, 0xc6, 0x18, 0xbe, 0x18, 0xbe, 0x18, 0xbe, 0x18, 0xbe,
    0xf8, 0xbd, 0xf8, 0xbd, 0xf8, 0xbd, 0xf8, 0xbd, 0xf8, 0xbd, 0xf8, 0xbd,
    0xf8, 0xbd, 0xd8, 0xbd, 0xd8, 0xbd, 0xd8, 0xb5, 0xd7, 0xb5, 0xd7, 0xb5,
    0xd7, 0xb5, 0xd7, 0xb5, 0xb7, 0xb5, 0xb7, 0xb5, 0xb7, 0xb5, 0xb7, 0xb5,
    0xb7, 0xb5, 0xb7, 0xb5, 0x97, 0xb5, 0x97, 0xb5, 0x97, 0xad, 0x97, 0xad,
    0x97, 0xad, 0x96, 0xad, 0x96, 0xad, 0x76, 0xad, 0x76, 0xad, 0x76, 0xad,
    0x76, 0xad, 0x76, 0xad, 0x76, 0xad, 0x76, 0xad, 0x56, 0xa5, 0x56, 0xa5,
    0x56, 0xa5, 0x56, 0xa5, 0x56, 0xa5, 0x56, 0xa5, 0x35, 0xa5, 0x35, 0xa5,
    0x35, 0xa5, 0x35, 0xa5, 0x35, 0xa5, 0x35, 0xa5, 0x35, 0xa5, 0x15, 0xa5,
    0x15, 0x9d, 0x15, 0x9d, 0x15, 0x9d, 0x15, 0x9d, 0x15, 0x9d, 0x15, 0x9d,
    0xf4, 0x9c, 0xf4, 0x9c, 0xf4, 0x9c, 0xf4, 0x9c, 0xf4, 0x9c, 0xf4, 0x9c,
    0xd4, 0x94, 0xd4, 0x94, 0xd4, 0x94, 0xd4, 0x94, 0xd4, 0x94, 0xd4, 0x94,
    0xd4, 0x94, 0xb4, 0x94, 0xb3, 0x94, 0xb3, 0x94, 0xb3, 0x94, 0xb3, 0x94,
    0x7d, 0xef, 0x7d, 0xef, 0x7d, 0xef, 0x5d, 0xef, 0x5d, 0xef, 0x5d, 0xef,
    0x5d, 0xef, 0x5d, 0xef, 0x5d, 0xe7, 0x5d, 0xe7, 0x3d, 0xe7, 0x3d, 0xe7,
    0x3d, 0xe7, 0x3c, 0xe7, 0x3c, 0xe7, 0x3c, 0xe7, 0x1c, 0xe7, 0x1c, 0xe7,
    0x1c, 0xe7, 0x1c, 0xe7, 0x1c, 0xe7, 0x1c, 0xdf, 0x1c, 0xdf, 0xfc, 0xde,
    0xfc, 0xde, 0xfc, 0xde, 0xfc, 0xde, 0xfc, 0xde, 0xfb, 0xde, 0xfb, 0xde,
    0xdb, 0xde, 0xdb, 0xde, 0xdb, 0xde, 0xdb, 0xde, 0xdb, 0xd6, 0xdb, 0xd6,
    0xbb, 0xd6, 0xbb, 0xd6, 0xbb, 0xd6, 0xbb, 0xd6, 0xbb, 0xd6, 0xbb, 0xd6,
    0xba, 0xd6, 0x9a, 0xd6, 0x9a, 0xd6, 0x9a, 0xd6, 0x9a, 0xd6, 0x9a, 0xce,
    0x9a, 0xce, 0x9a, 0xce, 0x7a, 0xce, 0x7a, 0xce, 0x7a, 0xce, 0x7a, 0xce,
    0x7a, 0xce, 0x7a, 0xce, 0x59, 0xce, 0x59, 0xce, 0x59, 0xce, 0x59, 0xce,
    0x59, 0xc6, 0x59, 0xc6, 0x59, 0xc6, 0x39, 0xc6, 0x39, 0xc6, 0x39, 0xc6,
    0x39, 0xc6, 0x39, 0xc6, 0x39, 0xc6, 0x39, 0xc6, 0x19, 0xc6, 0x19, 0xc6,
    0x18, 0xbe, 0x18, 0xbe, 0x18, 0xbe, 0x18, 0xbe, 0xf8, 0xbd, 0xf8, 0xbd,
    0xf8, 0xbd, 0xf8, 0xbd, 0xf8, 0xbd, 0xf8, 0xbd, 0xf8, 0xbd, 0xd8, 0xbd,
    0xd8, 0xbd, 0xd8, 0xb5, 0xd7, 0xb5, 0xd7, 0xb5, 0xd7, 0xb5, 0xd7, 0xb5,
    0xb7, 0xb5, 0xb7, 0xb5, 0xb7, 0xb5, 0xb7, 0xb5, 0xb7, 0xb5, 0xb7, 0xb5,
    0x97, 0xb5, 0x97, 0xb5, 0x97, 0xad, 0x97, 0xad, 0x96, 0xad, 0x96, 0xad,
    0x96, 0xad, 0x76, 0xad, 0x76, 0xad, 0x76, 0xad, 0x76, 0xad, 0x76, 0xad,
    0x76, 0xad, 0x76, 0xad, 0x56, 0xad, 0x56, 0xa5, 0x56, 0xa5, 0x56, 0xa5,
    0x56, 0xa5, 0x56, 0xa5, 0x35, 0xa5, 0x35, 0xa5, 0x35, 0xa5, 0x35, 0xa5,
    0x35, 0xa5, 0x35, 0xa5, 0x35, 0xa5, 0x15, 0xa5, 0x15, 0x9d, 0x15, 0x9d,
    0x15, 0x9d, 0x15, 0x9d, 0x15, 0x9d, 0x15, 0x9d, 0xf4, 0x9c, 0xf4, 0x9c,
    0xf4, 0x9c, 0xf4, 0x9c, 0xf4, 0x9c, 0xf4, 0x9c, 0xd4, 0x94, 0xd4, 0x94,
    0xd4, 0x94, 0xd4, 0x94, 0xd4, 0x94, 0xd4, 0x94, 0xd4, 0x94, 0xb4, 0x94,
    0xb3, 0x94, 0xb3, 0x94, 0xb3, 0x94, 0xb3, 0x94, 0xb3, 0x94, 0xb3, 0x8c,
    0x7d, 0xef, 0x7d, 0xef, 0x7d, 0xef, 0x5d, 0xef, 0x5d, 0xef, 0x5d, 0xef,
    0x5d, 0xef, 0x5d, 0xef, 0x5d, 0xe7, 0x5d, 0xe7, 0x3d, 0xe7, 0x3d, 0xe7,
    0x3c, 0xe7, 0x3c, 0xe7, 0x3c, 0xe7, 0x3c, 0xe7, 0x1c, 0xe7, 0x1c, 0xe7,
    0x1c, 0xe7, 0x1c, 0xe7, 0x1c, 0xe7, 0x1c, 0xdf, 0x1c, 0xdf, 0xfc, 0xde,
    0xfc, 0xde, 0xfc, 0xde, 0xfc, 0xde, 0xfc, 0xde, 0xfb, 0xde, 0xfb, 0xde,
    0xdb, 0xde, 0xdb, 0xde, 0xdb, 0xde, 0xdb, 0xde, 0xdb, 0xd6, 0xdb, 0xd6,
    0xbb, 0xd6, 0xbb, 0xd6, 0xbb, 0xd6, 0xbb, 0xd6, 0xbb, 0xd6, 0xbb, 0xd6,
    0xba, 0xd6, 0x9a, 0xd6, 0x9a, 0xd6, 0x9a, 0xd6, 0x9a, 0xd6, 0x9a, 0xce,
    0x9a, 0xce, 0x9a, 0xce, 0x7a, 0xce, 0x7a, 0xce, 0x7a, 0xce, 0x7a, 0xce,
    0x7a, 0xce, 0x7a, 0xce, 0x59, 0xce, 0x59, 0xce, 0x59, 0xce, 0x59, 0xce,
    0x59, 0xc6, 0x59, 0xc6, 0x59, 0xc6, 0x39, 0xc6, 0x39, 0xc6, 0x39, 0xc6,
    0x39, 0xc6, 0x39, 0xc6, 0x39, 0xc6, 0x39, 0xc6, 0x19, 0xc6, 0x19, 0xc6,
    0x18, 0xbe, 0x18, 0xbe, 0x18, 0xbe, 0x18, 0xbe, 0xf8, 0xbd, 0xf8, 0xbd,
    0xf8, 0xbd, 0xf8, 0xbd, 0xf8, 0xbd, 0xf8, 0xbd, 0xf8, 0xbd, 0xd8, 0xbd,
    0xd8, 0xbd, 0xd8, 0xb5, 0xd7, 0xb5, 0xd7, 0xb5, 0xd7, 0xb5, 0xd7, 0xb5,
    0xb7, 0xb5, 0xb7, 0xb5, 0xb7, 0xb5, 0xb7, 0xb5, 0xb7, 0xb5, 0xb7, 0xb5,
    0x97, 0xb5, 0x97, 0xb5, 0x97, 0xad, 0x97, 0xad, 0x96, 0xad, 0x96, 0xad,
    0x96, 0xad, 0x76, 0xad, 0x76, 0xad, 0x76, 0xad, 0x76, 0xad, 0x76, 0xad,
    0x76, 0xad, 0x76, 0xad, 0x56, 0xa5, 0x56, 0xa5, 0x56, 0xa5, 0x56, 0xa5,
    0x56, 0xa5, 0x55, 0xa5, 0x35, 0xa5, 0x35, 0xa5, 0x35, 0xa5, 0x35, 0xa5,
    0x35, 0xa5, 0x35, 0xa5, 0x35, 0xa5, 0x15, 0x9d, 0x15, 0x9d, 0x15, 0x9d,
    0x15, 0x9d, 0x15, 0x9d, 0x15, 0x9d, 0x15, 0x9d, 0xf4, 0x9c, 0xf4, 0x9c,
    0xf4, 0x9c, 0xf4, 0x9c, 0xf4, 0x9c, 0xf4, 0x9c, 0xd4, 0x94, 0xd4, 0x94,
    0xd4, 0x94, 0xd4, 0x94, 0xd4, 0x94, 0xd4, 0x94, 0xd4, 0x94, 0xb4, 0x94,
    0xb3, 0x94, 0xb3, 0x94, 0xb3, 0x94, 0xb3, 0x94, 0xb3, 0x94, 0xb3, 0x8c,
    0x7d, 0xef, 0x7d, 0xef, 0x5d, 0xef, 0x5d, 0xef, 0x5d, 0xef, 0x5d, 0xef,
    0x5d, 0xef, 0x5d, 0xe7, 0x3d, 0xe7, 0x3d, 0xe7, 0x3d, 0xe7, 0x3c, 0xe7,
    0x3c, 0xe7, 0x3c, 0xe7, 0x3c, 0xe7, 0x1c, 0xe7, 0x1c, 0xe7, 0x1c, 0xe7,
    0x1c, 0xe7, 0x1c, 0xe7, 0x1c, 0xdf, 0x1c, 0xdf, 0xfc, 0xde, 0xfc, 0xde,
    0xfc, 0xde, 0xfc, 0xde, 0xfb, 0xde, 0xfb, 0xde, 0xdb, 0xde, 0xdb, 0xde,
    0xdb, 0xde, 0xdb, 0xde, 0xdb, 0xd6, 0xdb, 0xd6, 0xdb, 0xd6, 0xbb, 0xd6,
    0xbb, 0xd6, 0xbb, 0xd6, 0xbb, 0xd6, 0xbb, 0xd6, 0xba, 0xd6, 0xba, 0xd6,
    0x9a, 0xd6, 0x9a, 0xd6, 0x9a, 0xd6, 0x9a, 0xce, 0x9a, 0xce, 0x9a, 0xce,
    0x7a, 0xce, 0x7a, 0xce, 0x7a, 0xce, 0x7a, 0xce, 0x7a, 0xce, 0x7a, 0xce,
    0x7a, 0xce, 0x59, 0xce, 0x59, 0xce, 0x59, 0xce, 0x59, 0xc6, 0x59, 0xc6,
    0x59, 0xc6, 0x59, 0xc6, 0x39, 0xc6, 0x39, 0xc6, 0x39, 0xc6, 0x39, 0xc6,
    0x39, 0xc6, 0x39, 0xc6, 0x19, 0xc6, 0x19, 0xc6, 0x18, 0xbe, 0x18, 0xbe,
    0x18, 0xbe, 0x18, 0xbe, 0x18, 0xbe, 0xf8, 0xbd, 0xf8, 0xbd, 0xf8, 0xbd,
    0xf8, 0xbd, 0xf8, 0xbd, 0xf8, 0xbd, 0xf8, 0xbd, 0xd8, 0xbd, 0xd8, 0xbd,
    0xd7, 0xb5, 0xd7, 0xb5, 0xd7, 0xb5, 0xd7, 0xb5, 0xb7, 0xb5, 0xb7, 0xb5,
    0xb7, 0xb5, 0xb7, 0xb5, 0xb7, 0xb5, 0xb7, 0xb5, 0xb7, 0xb5, 0x97, 0xb5,
    0x97, 0xad, 0x97, 0xad, 0x97, 0xad, 0x96, 0xad, 0x96, 0xad, 0x96, 0xad,
    0x76, 0xad, 0x76, 0xad, 0x76, 0xad, 0x76, 0xad, 0x76, 0xad, 0x76, 0xad,
    0x56, 0xad, 0x56, 0xa5, 0x56, 0xa5, 0x56, 0xa5, 0x56, 0xa5, 0x56, 0xa5,
    0x55, 0xa5, 0x35, 0xa5, 0x35, 0xa5, 0x35, 0xa5, 0x35, 0xa5, 0x35, 0xa5,
    0x35, 0xa5, 0x35, 0xa5, 0x15, 0x9d, 0x15, 0x9d, 0x15, 0x9d, 0x15, 0x9d,
    0x15, 0x9d, 0x15, 0x9d, 0xf4, 0x9c, 0xf4, 0x9c, 0xf4, 0x9c, 0xf4, 0x9c,
    0xf4, 0x9c, 0xf4, 0x9c, 0xf4, 0x94, 0xd4, 0x94, 0xd4, 0x94, 0xd4, 0x94,
    0xd4, 0x94, 0xd4, 0x94, 0xd4, 0x94, 0xd4, 0x94, 0xb4, 0x94, 0xb3, 0x94,
    0xb3, 0x94, 0xb3, 0x94, 0xb3, 0x94, 0xb3, 0x8c, 0x93, 0x8c, 0x93, 0x8c,
    0x7d, 0xef, 0x5d, 0xef, 0x5d, 0xef, 0x5d, 0xef, 0x5d, 0xef, 0x5d, 0xef,
    0x5d, 0xe7, 0x5d, 0xe7, 0x3d, 0xe7, 0x3d, 0xe7, 0x3d, 0xe7, 0x3c, 0xe7,
    0x3c, 0xe7, 0x3c, 0xe7, 0x1c, 0xe7, 0x1c, 0xe7, 0x1c, 0xe7, 0x1c, 0xe7,
    0x1c, 0xe7, 0x1c, 0xe7, 0x1c, 0xdf, 0xfc, 0xde, 0xfc, 0xde, 0xfc, 0xde,
    0xfc, 0xde, 0xfc, 0xde, 0xfb, 0xde, 0xfb, 0xde, 0xdb, 0xde, 0xdb, 0xde,
    0xdb, 0xde, 0xdb, 0xde, 0xdb, 0xd6, 0xdb, 0xd6, 0xbb, 0xd6, 0xbb, 0xd6,
    0xbb, 0xd6, 0xbb, 0xd6, 0xbb, 0xd6, 0xbb, 0xd6, 0xba, 0xd6, 0x9a, 0xd6,
    0x9a, 0xd6, 0x9a, 0xd6, 0x9a, 0xd6, 0x9a, 0xce, 0x9a, 0xce, 0x9a, 0xce,
    0x7a, 0xce, 0x7a, 0xce, 0x7a, 0xce, 0x7a, 0xce, 0x7a, 0xce, 0x7a, 0xce,
    0x5a, 0xce, 0x59, 0xce, 0x59, 0xce, 0x59, 0xce, 0x59, 0xc6, 0x59, 0xc6,
    0x59, 0xc6, 0x39, 0xc6, 0x39, 0xc6, 0x39, 0xc6, 0x39, 0xc6, 0x39, 0xc6,
    0x39, 0xc6, 0x39, 0xc6, 0x19, 0xc6, 0x19, 0xc6, 0x18, 0xbe, 0x18, 0xbe,
    0x18, 0xbe, 0x18, 0xbe, 0xf8, 0xbd, 0xf8, 0xbd, 0xf8, 0xbd, 0xf8, 0xbd,
    0xf8, 0xbd, 0xf8, 0xbd, 0xf8, 0xbd, 0xd8, 0xbd, 0xd8, 0xbd, 0xd8, 0xb5,
    0xd7, 0xb5, 0xd7, 0xb5, 0xd7, 0xb5, 0xd7, 0xb5, 0xb7, 0xb5, 0xb7, 0xb5,
    0xb7, 0xb5, 0xb7, 0xb5, 0xb7, 0xb5, 0xb7, 0xb5, 0x97, 0xb5, 0x97, 0xb5,
    0x97, 0xad, 0x97, 0xad, 0x97, 0xad, 0x96, 0xad, 0x96, 0xad, 0x76, 0xad,
    0x76, 0xad, 0x76, 0xad, 0x76, 0xad, 0x76, 0xad, 0x76, 0xad, 0x76, 0xad,
    0x56, 0xa5, 0x56, 0xa5, 0x56, 0xa5, 0x56, 0xa5, 0x56, 0xa5, 0x56, 0xa5,
    0x35, 0xa5, 0x35, 0xa5, 0x35, 0xa5, 0x35, 0xa5, 0x35, 0xa5, 0x35, 0xa5,
    0x35, 0xa5, 0x15, 0xa5, 0x15, 0x9d, 0x15, 0x9d, 0x15, 0x9d, 0x15, 0x9d,
    0x15, 0x9d, 0x15, 0x9d, 0xf4, 0x9c, 0xf4, 0x9c, 0xf4, 0x9c, 0xf4, 0x9c,
    0xf4, 0x9c, 0xf4, 0x9c, 0xd4, 0x94, 0xd4, 0x94, 0xd4, 0x94, 0xd4, 0x94,
    0xd4, 0x94, 0xd4, 0x94, 0xd4, 0x94, 0xb4, 0x94, 0xb3, 0x94, 0xb3, 0x94,
    0xb3, 0x94, 0xb3, 0x94, 0xb3, 0x94, 0xb3, 0x8c, 0x93, 0x8c, 0x93, 0x8c,
    0x5d, 0xef, 0x5d, 0xef, 0x5d, 0xef, 0x5d, 0xef, 0x5d, 0xe7, 0x5d, 0xe7,
    0x3d, 0xe7, 0x3d, 0xe7, 0x3c, 0xe7, 0x3c, 0xe7, 0x3c, 0xe7, 0x3c, 0xe7,
    0x1c, 0xe7, 0x1c, 0xe7, 0x1c, 0xe7, 0x1c, 0xe7, 0x1c, 0xe7, 0x1c, 0xdf,
    0x1c, 0xdf, 0xfc, 0xde, 0xfc, 0xde, 0xfc, 0xde, 0xfc, 0xde, 0xfc, 0xde,
    0xfb, 0xde, 0xfb, 0xde, 0xdb, 0xde, 0xdb, 0xde, 0xdb, 0xde, 0xdb, 0xde,
    0xdb, 0xd6, 0xdb, 0xd6, 0xbb, 0xd6, 0xbb, 0xd6, 0xbb, 0xd6, 0xbb, 0xd6,
    0xbb, 0xd6, 0xbb, 0xd6, 0xba, 0xd6, 0x9a, 0xd6, 0x9a, 0xd6, 0x9a, 0xd6,
    0x9a, 0xd6, 0x9a, 0xce, 0x9a, 0xce, 0x9a, 0xce, 0x7a, 0xce, 0x7a, 0xce,
    0x7a, 0xce, 0x7a, 0xce, 0x7a, 0xce, 0x7a, 0xce, 0x59, 0xce, 0x59, 0xce,
    0x59, 0xce, 0x59, 0xce, 0x59, 0xc6, 0x59, 0xc6, 0x59, 0xc6, 0x39, 0xc6,
    0x39, 0xc6, 0x39, 0xc6, 0x39, 0xc6, 0x39, 0xc6, 0x39, 0xc6, 0x39, 0xc6,
    0x19, 0xc6, 0x19, 0xc6, 0x18, 0xbe, 0x18, 0xbe, 0x18, 0xbe, 0x18, 0xbe,
    0xf8, 0xbd, 0xf8, 0xbd, 0xf8, 0xbd, 0xf8, 0xbd, 0xf8, 0xbd, 0xf8, 0xbd,
    0xf8, 0xbd, 0xd8, 0xbd, 0xd8, 0xbd, 0xd8, 0xb5, 0xd7, 0xb5, 0xd7, 0xb5,
    0xd7, 0xb5, 0xd7, 0xb5, 0xb7, 0xb5, 0xb7, 0xb5, 0xb7, 0xb5, 0xb7, 0xb5,
    0xb7, 0xb5, 0xb7, 0xb5, 0x97, 0xb5, 0x97, 0xb5, 0x97, 0xad, 0x97, 0xad,
    0x96, 0xad, 0x96, 0xad, 0x96, 0xad, 0x76, 0xad, 0x76, 0xad, 0x76, 0xad,
    0x76, 0xad, 0x76, 0xad, 0x76, 0xad, 0x76, 0xad, 0x56, 0xa5, 0x56, 0xa5,
    0x56, 0xa5, 0x56, 0xa5, 0x56, 0xa5, 0x55, 0xa5, 0x35, 0xa5, 0x35, 0xa5,
    0x35, 0xa5, 0x35, 0xa5, 0x35, 0xa5, 0x35, 0xa5, 0x35, 0xa5, 0x15, 0xa5,
    0x15, 0x9d, 0x15, 0x9d, 0x15, 0x9d, 0x15, 0x9d, 0x15, 0x9d, 0x15, 0x9d,
    0xf4, 0x9c, 0xf4, 0x9c, 0xf4, 0x9c, 0xf4, 0x9c, 0xf4, 0x9c, 0xf4, 0x9c,
    0xd4, 0x94, 0xd4, 0x94, 0xd4, 0x94, 0xd4, 0x94, 0xd4, 0x94, 0xd4, 0x94,
    0xd4, 0x94, 0xb4, 0x94, 0xb3, 0x94, 0xb3, 0x94, 0xb3, 0x94, 0xb3, 0x94,
    0xb3, 0x94, 0xb3, 0x8c, 0x93, 0x8c, 0x93, 0x8c, 0x93, 0x8c, 0x93, 0x8c,
    0x5d, 0xef, 0x5d, 0xef, 0x5d, 0xef, 0x5d, 0xef, 0x5d, 0xe7, 0x5d, 0xe7,
    0x3d, 0xe7, 0x3d, 0xe7, 0x3c, 0xe7, 0x3c, 0xe7, 0x3c, 0xe7, 0x3c, 0xe7,
    0x1c, 0xe7, 0x1c, 0xe7, 0x1c, 0xe7, 0x1c, 0xe7, 0x1c, 0xe7, 0x1c, 0xdf,
    0x1c, 0xdf, 0xfc, 0xde, 0xfc, 0xde, 0xfc, 0xde, 0xfc, 0xde, 0xfc, 0xde,
    0xfb, 0xde, 0xfb, 0xde, 0xdb, 0xde, 0xdb, 0xde, 0xdb, 0xde, 0xdb, 0xde,
    0xdb, 0xd6, 0xdb, 0xd6, 0xbb, 0xd6, 0xbb, 0xd6, 0xbb, 0xd6, 0xbb, 0xd6,
    0xbb, 0xd6, 0xbb, 0xd6, 0xba, 0xd6, 0x9a, 0xd6, 0x9a, 0xd6, 0x9a, 0xd6,
    0x9a, 0xce, 0x9a, 0xce, 0x9a, 0xce, 0x9a, 0xce, 0x7a, 0xce, 0x7a, 0xce,
    0x7a, 0xce, 0x7a, 0xce, 0x7a, 0xce, 0x7a, 0xce, 0x59, 0xce, 0x59, 0xce,
    0x59, 0xce, 0x59, 0xce, 0x59, 0xc6, 0x59, 0xc6, 0x59, 0xc6, 0x39, 0xc6,
    0x39, 0xc6, 0x39, 0xc6, 0x39, 0xc6, 0x39, 0xc6, 0x39, 0xc6, 0x39, 0xc6,
    0x19, 0xc6, 0x18, 0xc6, 0x18, 0xbe, 0x18, 0xbe, 0x18, 0xbe, 0x18, 0xbe,
    0xf8, 0xbd, 0xf8, 0xbd, 0xf8, 0xbd, 0xf8, 0xbd, 0xf8, 0xbd, 0xf8, 0xbd,
    0xf8, 0xbd, 0xd8, 0xbd, 0xd8, 0xbd, 0xd8, 0xb5, 0xd7, 0xb5, 0xd7, 0xb5,
    0xd7, 0xb5, 0xd7, 0xb5, 0xb7, 0xb5, 0xb7, 0xb5, 0xb7, 0xb5, 0xb7, 0xb5,
    0xb7, 0xb5, 0xb7, 0xb5, 0x97, 0xb5, 0x97, 0xb5, 0x97, 0xad, 0x97, 0xad,
    0x96, 0xad, 0x96, 0xad, 0x96, 0xad, 0x76, 0xad, 0x76, 0xad, 0x76, 0xad,
    0x76, 0xad, 0x76, 0xad, 0x76, 0xad, 0x76, 0xad, 0x56, 0xa5, 0x56, 0xa5,
    0x56, 0xa5, 0x56, 0xa5, 0x56, 0xa5, 0x55, 0xa5, 0x35, 0xa5, 0x35, 0xa5,
    0x35, 0xa5, 0x35, 0xa5, 0x35, 0xa5, 0x35, 0xa5, 0x35, 0xa5, 0x15, 0x9d,
    0x15, 0x9d, 0x15, 0x9d, 0x15, 0x9d, 0x15, 0x9d, 0x15, 0x9d, 0x15, 0x9d,
    0xf4, 0x9c, 0xf4, 0x9c, 0xf4, 0x9c, 0xf4, 0x9c, 0xf4, 0x9c, 0xf4, 0x9c,
    0xd4, 0x94, 0xd4, 0x94, 0xd4, 0x94, 0xd4, 0x94, 0xd4, 0x94, 0xd4, 0x94,
    0xd4, 0x94, 0xb4, 0x94, 0xb3, 0x94, 0xb3, 0x94, 0xb3, 0x94, 0xb3, 0x94,
    0xb3, 0x8c, 0xb3, 0x8c, 0x93, 0x8c, 0x93, 0x8c, 0x93, 0x8c, 0x93, 0x8c,
    0x5d, 0xef, 0x5d, 0xef, 0x5d, 0xef, 0x5d, 0xe7, 0x3d, 0xe7, 0x3d, 0xe7,
    0x3d, 0xe7, 0x3c, 0xe7, 0x3c, 0xe7, 0x3c, 0xe7, 0x1c, 0xe7, 0x1c, 0xe7,
    0x1c, 0xe7, 0x1c, 0xe7, 0x1c, 0xe7, 0x1c, 0xe7, 0x1c, 0xdf, 0xfc, 0xde,
    0xfc, 0xde, 0xfc, 0xde, 0xfc, 0xde, 0xfc, 0xde, 0xfb, 0xde, 0xfb, 0xde,
    0xdb, 0xde, 0xdb, 0xde, 0xdb, 0xde, 0xdb, 0xde, 0xdb, 0xd6, 0xdb, 0xd6,
    0xdb, 0xd6, 0xbb, 0xd6, 0xbb, 0xd6, 0xbb, 0xd6, 0xbb, 0xd6, 0xbb, 0xd6,
    0xba, 0xd6, 0x9a, 0xd6, 0x9a, 0xd6, 0x9a, 0xd6, 0x9a, 0xd6, 0x9a, 0xce,
    0x9a, 0xce, 0x9a, 0xce, 0x7a, 0xce, 0x7a, 0xce, 0x7a, 0xce, 0x7a, 0xce,
    0x7a, 0xce, 0x7a, 0xce, 0x5a, 0xce, 0x59, 0xce, 0x59, 0xce, 0x59, 0xce,
    0x59, 0xc6, 0x59, 0xc6, 0x59, 0xc6, 0x39, 0xc6, 0x39, 0xc6, 0x39, 0xc6,
    0x39, 0xc6, 0x39, 0xc6, 0x39, 0xc6, 0x39, 0xc6, 0x19, 0xc6, 0x19, 0xc6,
    0x18, 0xbe, 0x18, 0xbe, 0x18, 0xbe, 0x18, 0xbe, 0x18, 0xbe, 0xf8, 0xbd,
    0xf8, 0xbd, 0xf8, 0xbd, 0xf8, 0xbd, 0xf8, 0xbd, 0xf8, 0xbd, 0xd8, 0xbd,
    0xd8, 0xbd, 0xd8, 0xbd, 0xd7, 0xb5, 0xd7, 0xb5, 0xd7, 0xb5, 0xd7, 0xb5,
    0xb7, 0xb5, 0xb7, 0xb5, 0xb7, 0xb5, 0xb7, 0xb5, 0xb7, 0xb5, 0xb7, 0xb5,
    0x97, 0xb5, 0x97, 0xb5, 0x97, 0xad, 0x97, 0xad, 0x97, 0xad, 0x96, 0xad,
    0x96, 0xad, 0x76, 0xad, 0x76, 0xad, 0x76, 0xad, 0x76, 0xad, 0x76, 0xad,
    0x76, 0xad, 0x76, 0xad, 0x56, 0xad, 0x56, 0xa5, 0x56, 0xa5, 0x56, 0xa5,
    0x56, 0xa5, 0x56, 0xa5, 0x55, 0xa5, 0x35, 0xa5, 0x35, 0xa5, 0x35, 0xa5,
    0x35, 0xa5, 0x35, 0xa5, 0x35, 0xa5, 0x15, 0xa5, 0x15, 0x9d, 0x15, 0x9d,
    0x15, 0x9d, 0x15, 0x9d, 0x15, 0x9d, 0x15, 0x9d, 0xf4, 0x9c, 0xf4, 0x9c,
    0xf4, 0x9c, 0xf4, 0x9c, 0xf4, 0x9c, 0xf4, 0x9c, 0xd4, 0x94, 0xd4, 0x94,
    0xd4, 0x94, 0xd4, 0x94, 0xd4, 0x94, 0xd4, 0x94, 0xd4, 0x94, 0xb4, 0x94,
    0xb3, 0x94, 0xb3, 0x94, 0xb3, 0x94, 0xb3, 0x94, 0xb3, 0x94, 0xb3, 0x8c,
    0x93, 0x8c, 0x93, 0x8c, 0x93, 0x8c, 0x93, 0x8c, 0x93, 0x8c, 0x93, 0x8c,
    0x5d, 0xef, 0x5d, 0xef, 0x5d, 0xe7, 0x5d, 0xe7, 0x3d, 0xe7, 0x3d, 0xe7,
    0x3d, 0xe7, 0x3c, 0xe7, 0x3c, 0xe7, 0x3c, 0xe7, 0x1c, 0xe7, 0x1c, 0xe7,
    0x1c, 0xe7, 0x1c, 0xe7, 0x1c, 0xe7, 0x1c, 0xe7, 0x1c, 0xdf, 0xfc, 0xde,
    0xfc, 0xde, 0xfc, 0xde, 0xfc, 0xde, 0xfc, 0xde, 0xfb, 0xde, 0xfb, 0xde,
    0xdb, 0xde, 0xdb, 0xde, 0xdb, 0xde, 0xdb, 0xde, 0xdb, 0xd6, 0xdb, 0xd6,
    0xbb, 0xd6, 0xbb, 0xd6, 0xbb, 0xd6, 0xbb, 0xd6, 0xbb, 0xd6, 0xbb, 0xd6,
    0xba, 0xd6, 0x9a, 0xd6, 0x9a, 0xd6, 0x9a, 0xd6, 0x9a, 0xd6, 0x9a, 0xce,
    0x9a, 0xce, 0x9a, 0xce, 0x7a, 0xce, 0x7a, 0xce, 0x7a, 0xce, 0x7a, 0xce,
    0x7a, 0xce, 0x7a, 0xce, 0x5a, 0xce, 0x59, 0xce, 0x59, 0xce, 0x59, 0xce,
    0x59, 0xc6, 0x59, 0xc6, 0x59, 0xc6, 0x39, 0xc6, 0x39, 0xc6, 0x39, 0xc6,
    0x39, 0xc6, 0x39, 0xc6, 0x39, 0xc6, 0x39, 0xc6, 0x19, 0xc6, 0x19, 0xc6,
    0x18, 0xbe, 0x18, 0xbe, 0x18, 0xbe, 0x18, 0xbe, 0xf8, 0xbd, 0xf8, 0xbd,
    0xf8, 0xbd, 0xf8, 0xbd, 0xf8, 0xbd, 0xf8, 0xbd, 0xf8, 0xbd, 0xd8, 0xbd,
    0xd8, 0xbd, 0xd8, 0xb5, 0xd7, 0xb5, 0xd7, 0xb5, 0xd7, 0xb5, 0xd7, 0xb5,
    0xb7, 0xb5, 0xb7, 0xb5, 0xb7, 0xb5, 0xb7, 0xb5, 0xb7, 0xb5, 0xb7, 0xb5,
    0x97, 0xb5, 0x97, 0xb5, 0x97, 0xad, 0x97, 0xad, 0x97, 0xad, 0x96, 0xad,
    0x96, 0xad, 0x76, 0xad, 0x76, 0xad, 0x76, 0xad, 0x76, 0xad, 0x76, 0xad,
    0x76, 0xad, 0x76, 0xad, 0x56, 0xa5, 0x56, 0xa5, 0x56, 0xa5, 0x56, 0xa5,
    0x56, 0xa5, 0x56, 0xa5, 0x35, 0xa5, 0x35, 0xa5, 0x35, 0xa5, 0x35, 0xa5,
    0x35, 0xa5, 0x35, 0xa5, 0x35, 0xa5, 0x15, 0xa5, 0x15, 0x9d, 0x15, 0x9d,
    0x15, 0x9d, 0x15, 0x9d, 0x15, 0x9d, 0x15, 0x9d, 0xf4, 0x9c, 0xf4, 0x9c,
    0xf4, 0x9c, 0xf4, 0x9c, 0xf4, 0x9c, 0xf4, 0x9c, 0xd4, 0x94, 0xd4, 0x94,
    0xd4, 0x94, 0xd4, 0x94, 0xd4, 0x94, 0xd4, 0x94, 0xd4, 0x94, 0xb4, 0x94,
    0xb3, 0x94, 0xb3, 0x94, 0xb3, 0x94, 0xb3, 0x94, 0xb3, 0x94, 0xb3, 0x8c,
    0x93, 0x8c, 0x93, 0x8c, 0x93, 0x8c, 0x93, 0x8c, 0x93, 0x8c, 0x93, 0x8c,
    0x5d, 0xe7, 0x5d, 0xe7, 0x3d, 0xe7, 0x3d, 0xe7, 0x3d, 0xe7, 0x3c, 0xe7,
    0x3c, 0xe7, 0x3c, 0xe7, 0x1c, 0xe7, 0x1c, 0xe7, 0x1c, 0xe7, 0x1c, 0xe7,
    0x1c, 0xe7, 0x1c, 0xdf, 0x1c, 0xdf, 0xfc, 0xde, 0xfc, 0xde, 0xfc, 0xde,
    0xfc, 0xde, 0xfc, 0xde, 0xfb, 0xde, 0xfb, 0xde, 0xdb, 0xde, 0xdb, 0xde,
    0xdb, 0xde, 0xdb, 0xde, 0xdb, 0xd6, 0xdb, 0xd6, 0xbb, 0xd6, 0xbb, 0xd6,
    0xbb, 0xd6, 0xbb, 0xd6, 0xbb, 0xd6, 0xbb, 0xd6, 0xba, 0xd6, 0x9a, 0xd6,
    0x9a, 0xd6, 0x9a, 0xd6, 0x9a, 0xd6, 0x9a, 0xce, 0x9a, 0xce, 0x9a, 0xce,
    0x7a, 0xce, 0x7a, 0xce, 0x7a, 0xce, 0x7a, 0xce, 0x7a, 0xce, 0x7a, 0xce,
    0x59, 0xce, 0x59, 0xce, 0x59, 0xce, 0x59, 0xce, 0x59, 0xc6, 0x59, 0xc6,
    0x59, 0xc6, 0x39, 0xc6, 0x39, 0xc6, 0x39, 0xc6, 0x39, 0xc6, 0x39, 0xc6,
    0x39, 0xc6, 0x39, 0xc6, 0x19, 0xc6, 0x19, 0xc6, 0x18, 0xbe, 0x18, 0xbe,
    0x18, 0xbe, 0x18, 0xbe, 0xf8, 0xbd, 0xf8, 0xbd, 0xf8, 0xbd, 0xf8, 0xbd,
    0xf8, 0xbd, 0xf8, 0xbd, 0xf8, 0xbd, 0xd8, 0xbd, 0xd8, 0xbd, 0xd8, 0xb5,
    0xd7, 0xb5, 0xd7, 0xb5, 0xd7, 0xb5, 0xd7, 0xb5, 0xb7, 0xb5, 0xb7, 0xb5,
    0xb7, 0xb5, 0xb7, 0xb5, 0xb7, 0xb5, 0xb7, 0xb5, 0x97, 0xb5, 0x97, 0xb5,
    0x97, 0xad, 0x97, 0xad, 0x96, 0xad, 0x96, 0xad, 0x96, 0xad, 0x76, 0xad,
    0x76, 0xad, 0x76, 0xad, 0x76, 0xad, 0x76, 0xad, 0x76, 0xad, 0x76, 0xad,
    0x56, 0xad, 0x56, 0xa5, 0x56, 0xa5, 0x56, 0xa5, 0x56, 0xa5, 0x56, 0xa5,
    0x35, 0xa5, 0x35, 0xa5, 0x35, 0xa5, 0x35, 0xa5, 0x35, 0xa5, 0x35, 0xa5,
    0x35, 0xa5, 0x15, 0xa5, 0x15, 0x9d, 0x15, 0x9d, 0x15, 0x9d, 0x15, 0x9d,
    0x15, 0x9d, 0x15, 0x9d, 0xf4, 0x9c, 0xf4, 0x9c, 0xf4, 0x9c, 0xf4, 0x9c,
    0xf4, 0x9c, 0xf4, 0x9c, 0xd4, 0x94, 0xd4, 0x94, 0xd4, 0x94, 0xd4, 0x94,
    0xd4, 0x94, 0xd4, 0x94, 0xd4, 0x94, 0xb4, 0x94, 0xb3, 0x94, 0xb3, 0x94,
    0xb3, 0x94, 0xb3, 0x94, 0xb3, 0x94, 0xb3, 0x8c, 0x93, 0x8c, 0x93, 0x8c,
    0x93, 0x8c, 0x93, 0x8c, 0x93, 0x8c, 0x93, 0x8c, 0x73, 0x8c, 0x73, 0x8c,
    0x5d, 0xe7, 0x5d, 0xe7, 0x3d, 0xe7, 0x3d, 0xe7, 0x3c, 0xe7, 0x3c, 0xe7,
    0x3c, 0xe7, 0x3c, 0xe7, 0x1c, 0xe7, 0x1c, 0xe7, 0x1c, 0xe7, 0x1c, 0xe7,
    0x1c, 0xe7, 0x1c, 0xdf, 0x1c, 0xdf, 0xfc, 0xde, 0xfc, 0xde, 0xfc, 0xde,
    0xfc, 0xde, 0xfc, 0xde, 0xfb, 0xde, 0xfb, 0xde, 0xdb, 0xde, 0xdb, 0xde,
    0xdb, 0xde, 0xdb, 0xde, 0xdb, 0xd6, 0xdb, 0xd6, 0xbb, 0xd6, 0xbb, 0xd6,
    0xbb, 0xd6, 0xbb, 0xd6, 0xbb, 0xd6, 0xbb, 0xd6, 0xba, 0xd6, 0x9a, 0xd6,
    0x9a, 0xd6, 0x9a, 0xd6, 0x9a, 0xd6, 0x9a, 0xce, 0x9a, 0xce, 0x9a, 0xce,
    0x7a, 0xce, 0x7a, 0xce, 0x7a, 0xce, 0x7a, 0xce, 0x7a, 0xce, 0x7a, 0xce,
    0x59, 0xce, 0x59, 0xce, 0x59, 0xce, 0x59, 0xce, 0x59, 0xc6, 0x59, 0xc6,
    0x59, 0xc6, 0x39, 0xc6, 0x39, 0xc6, 0x39, 0xc6, 0x39, 0xc6, 0x39, 0xc6,
    0x39, 0xc6, 0x39, 0xc6, 0x19, 0xc6, 0x19, 0xc6, 0x18, 0xbe, 0x18, 0xbe,
    0x18, 0xbe, 0x18, 0xbe, 0xf8, 0xbd, 0xf8, 0xbd, 0xf8, 0xbd, 0xf8, 0xbd,
    0xf8, 0xbd, 0xf8, 0xbd, 0xf8, 0xbd, 0xd8, 0xbd, 0xd8, 0xbd, 0xd8, 0xb5,
    0xd7, 0xb5, 0xd7, 0xb5, 0xd7, 0xb5, 0xd7, 0xb5, 0xb7, 0xb5, 0xb7, 0xb5,
    0xb7, 0xb5, 0xb7, 0xb5, 0xb7, 0xb5, 0xb7, 0xb5, 0x97, 0xb5, 0x97, 0xb5,
    0x97, 0xad, 0x97, 0xad, 0x96, 0xad, 0x96, 0xad, 0x96, 0xad, 0x76, 0xad,
    0x76, 0xad, 0x76, 0xad, 0x76, 0xad, 0x76, 0xad, 0x76, 0xad, 0x76, 0xad,
    0x56, 0xa5, 0x56, 0xa5, 0x56, 0xa5, 0x56, 0xa5, 0x56, 0xa5, 0x55, 0xa5,
    0x35, 0xa5, 0x35, 0xa5, 0x35, 0xa5, 0x35, 0xa5, 0x35, 0xa5, 0x35, 0xa5,
    0x35, 0xa5, 0x15, 0x9d, 0x15, 0x9d, 0x15, 0x9d, 0x15, 0x9d, 0x15, 0x9d,
    0x15, 0x9d, 0x15, 0x9d, 0xf4, 0x9c, 0xf4, 0x9c, 0xf4, 0x9c, 0xf4, 0x9c,
    0xf4, 0x9c, 0xf4, 0x9c, 0xd4, 0x94, 0xd4, 0x94, 0xd4, 0x94, 0xd4, 0x94,
    0xd4, 0x94, 0xd4, 0x94, 0xd4, 0x94, 0xb4, 0x94, 0xb3, 0x94, 0xb3, 0x94,
    0xb3, 0x94, 0xb3, 0x94, 0xb3, 0x94, 0xb3, 0x8c, 0x93, 0x8c, 0x93, 0x8c,
    0x93, 0x8c, 0x93, 0x8c, 0x93, 0x8c, 0x93, 0x8c, 0x73, 0x8c, 0x73, 0x8c,
    0x3d, 0xe7, 0x3d, 0xe7, 0x3d, 0xe7, 0x3c, 0xe7, 0x3c, 0xe7, 0x3c, 0xe7,
    0x3c, 0xe7, 0x1c, 0xe7, 0x1c, 0xe7, 0x1c, 0xe7, 0x1c, 0xe7, 0x1c, 0xe7,
    0x1c, 0xdf, 0x1c, 0xdf, 0xfc, 0xde, 0xfc, 0xde, 0xfc, 0xde, 0xfc, 0xde,
    0xfb, 0xde, 0xfb, 0xde, 0xdb, 0xde, 0xdb, 0xde, 0xdb, 0xde, 0xdb, 0xde,
    0xdb, 0xd6, 0xdb, 0xd6, 0xdb, 0xd6, 0xbb, 0xd6, 0xbb, 0xd6, 0xbb, 0xd6,
    0xbb, 0xd6, 0xbb, 0xd6, 0xba, 0xd6, 0xba, 0xd6, 0x9a, 0xd6, 0x9a, 0xd6,
    0x9a, 0xd6, 0x9a, 0xce, 0x9a, 0xce, 0x9a, 0xce, 0x7a, 0xce, 0x7a, 0xce,
    0x7a, 0xce, 0x7a, 0xce, 0x7a, 0xce, 0x7a, 0xce, 0x7a, 0xce, 0x59, 0xce,
    0x59, 0xce, 0x59, 0xce, 0x59, 0xc6, 0x59, 0xc6, 0x59, 0xc6, 0x59, 0xc6,
    0x39, 0xc6, 0x39, 0xc6, 0x39, 0xc6, 0x39, 0xc6, 0x39, 0xc6, 0x39, 0xc6,
    0x19, 0xc6, 0x19, 0xc6, 0x18, 0xbe, 0x18, 0xbe, 0x18, 0xbe, 0x18, 0xbe,
    0x18, 0xbe, 0xf8, 0xbd, 0xf8, 0xbd, 0xf8, 0xbd, 0xf8, 0xbd, 0xf8, 0xbd,
    0xf8, 0xbd, 0xf8, 0xbd, 0xd8, 0xbd, 0xd8, 0xbd, 0xd7, 0xb5, 0xd7, 0xb5,
    0xd7, 0xb5, 0xd7, 0xb5, 0xb7, 0xb5, 0xb7, 0xb5, 0xb7, 0xb5, 0xb7, 0xb5,
    0xb7, 0xb5, 0xb7, 0xb5, 0xb7, 0xb5, 0x97, 0xb5, 0x97, 0xad, 0x97, 0xad,
    0x97, 0xad, 0x96, 0xad, 0x96, 0xad, 0x96, 0xad, 0x76, 0xad, 0x76, 0xad,
    0x76, 0xad, 0x76, 0xad, 0x76, 0xad, 0x76, 0xad, 0x56, 0xad, 0x56, 0xa5,
    0x56, 0xa5, 0x56, 0xa5, 0x56, 0xa5, 0x56, 0xa5, 0x55, 0xa5, 0x35, 0xa5,
    0x35, 0xa5, 0x35, 0xa5, 0x35, 0xa5, 0x35, 0xa5, 0x35, 0xa5, 0x35, 0xa5,
    0x15, 0x9d, 0x15, 0x9d, 0x15, 0x9d, 0x15, 0x9d, 0x15, 0x9d, 0x15, 0x9d,
    0xf4, 0x9c, 0xf4, 0x9c, 0xf4, 0x9c, 0xf4, 0x9c, 0xf4, 0x9c, 0xf4, 0x9c,
    0xf4, 0x94, 0xd4, 0x94, 0xd4, 0x94, 0xd4, 0x94, 0xd4, 0x94, 0xd4, 0x94,
    0xd4, 0x94, 0xd4, 0x94, 0xb4, 0x94, 0xb3, 0x94, 0xb3, 0x94, 0xb3, 0x94,
    0xb3, 0x94, 0xb3, 0x8c, 0x93, 0x8c, 0x93, 0x8c, 0x93, 0x8c, 0x93, 0x8c,
    0x93, 0x8c, 0x93, 0x8c, 0x93, 0x8c, 0x73, 0x8c, 0x73, 0x8c, 0x73, 0x8c,
    0x3d, 0xe7, 0x3d, 0xe7, 0x3d, 0xe7, 0x3c, 0xe7, 0x3c, 0xe7, 0x3c, 0xe7,
    0x1c, 0xe7, 0x1c, 0xe7, 0x1c, 0xe7, 0x1c, 0xe7, 0x1c, 0xe7, 0x1c, 0xe7,
    0x1c, 0xdf, 0xfc, 0xde, 0xfc, 0xde, 0xfc, 0xde, 0xfc, 0xde, 0xfc, 0xde,
    0xfb, 0xde, 0xfb, 0xde, 0xdb, 0xde, 0xdb, 0xde, 0xdb, 0xde, 0xdb, 0xde,
    0xdb, 0xd6, 0xdb, 0xd6, 0xbb, 0xd6, 0xbb, 0xd6, 0xbb, 0xd6, 0xbb, 0xd6,
    0xbb, 0xd6, 0xbb, 0xd6, 0xba, 0xd6, 0x9a, 0xd6, 0x9a, 0xd6, 0x9a, 0xd6,
    0x9a, 0xd6, 0x9a, 0xce, 0x9a, 0xce, 0x9a, 0xce, 0x7a, 0xce, 0x7a, 0xce,
    0x7a, 0xce, 0x7a, 0xce, 0x7a, 0xce, 0x7a, 0xce, 0x5a, 0xce, 0x59, 0xce,
    0x59, 0xce, 0x59, 0xce, 0x59, 0xc6, 0x59, 0xc6, 0x59, 0xc6, 0x39, 0xc6,
    0x39, 0xc6, 0x39, 0xc6, 0x39, 0xc6, 0x39, 0xc6, 0x39, 0xc6, 0x39, 0xc6,
    0x19, 0xc6, 0x19, 0xc6, 0x18, 0xbe, 0x18, 0xbe, 0x18, 0xbe, 0x18, 0xbe,
    0xf8, 0xbd, 0xf8, 0xbd, 0xf8, 0xbd, 0xf8, 0xbd, 0xf8, 0xbd, 0xf8, 0xbd,
    0xf8, 0xbd, 0xd8, 0xbd, 0xd8, 0xbd, 0xd8, 0xb5, 0xd7, 0xb5, 0xd7, 0xb5,
    0xd7, 0xb5, 0xd7, 0xb5, 0xb7, 0xb5, 0xb7, 0xb5, 0xb7, 0xb5, 0xb7, 0xb5,
    0xb7, 0xb5, 0xb7, 0xb5, 0x97, 0xb5, 0x97, 0xb5, 0x97, 0xad, 0x97, 0xad,
    0x97, 0xad, 0x96, 0xad, 0x96, 0xad, 0x76, 0xad, 0x76, 0xad, 0x76, 0xad,
    0x76, 0xad, 0x76, 0xad, 0x76, 0xad, 0x76, 0xad, 0x56, 0xa5, 0x56, 0xa5,
    0x56, 0xa5, 0x56, 0xa5, 0x56, 0xa5, 0x56, 0xa5, 0x35, 0xa5, 0x35, 0xa5,
    0x35, 0xa5, 0x35, 0xa5, 0x35, 0xa5, 0x35, 0xa5, 0x35, 0xa5, 0x15, 0xa5,
    0x15, 0x9d, 0x15, 0x9d, 0x15, 0x9d, 0x15, 0x9d, 0x15, 0x9d, 0x15, 0x9d,
    0xf4, 0x9c, 0xf4, 0x9c, 0xf4, 0x9c, 0xf4, 0x9c, 0xf4, 0x9c, 0xf4, 0x9c,
    0xd4, 0x94, 0xd4, 0x94, 0xd4, 0x94, 0xd4, 0x94, 0xd4, 0x94, 0xd4, 0x94,
    0xd4, 0x94, 0xb4, 0x94, 0xb3, 0x94, 0xb3, 0x94, 0xb3, 0x94, 0xb3, 0x94,
    0xb3, 0x94, 0xb3, 0x8c, 0x93, 0x8c, 0x93, 0x8c, 0x93, 0x8c, 0x93, 0x8c,
    0x93, 0x8c, 0x93, 0x8c, 0x73, 0x8c, 0x73, 0x8c, 0x73, 0x8c, 0x72, 0x8c,
    0x3c, 0xe7, 0x3c, 0xe7, 0x3c, 0xe7, 0x3c, 0xe7, 0x1c, 0xe7, 0x1c, 0xe7,
    0x1c, 0xe7, 0x1c, 0xe7, 0x1c, 0xe7, 0x1c, 0xdf, 0x1c, 0xdf, 0xfc, 0xde,
    0xfc, 0xde, 0xfc, 0xde, 0xfc, 0xde, 0xfc, 0xde, 0xfb, 0xde, 0xfb, 0xde,
    0xdb, 0xde, 0xdb, 0xde, 0xdb, 0xde, 0xdb, 0xde, 0xdb, 0xd6, 0xdb, 0xd6,
    0xbb, 0xd6, 0xbb, 0xd6, 0xbb, 0xd6, 0xbb, 0xd6, 0xbb, 0xd6, 0xbb, 0xd6,
    0xba, 0xd6, 0x9a, 0xd6, 0x9a, 0xd6, 0x9a, 0xd6, 0x9a, 0xd6, 0x9a, 0xce,
    0x9a, 0xce, 0x9a, 0xce, 0x7a, 0xce, 0x7a, 0xce, 0x7a, 0xce, 0x7a, 0xce,
    0x7a, 0xce, 0x7a, 0xce, 0x59, 0xce, 0x59, 0xce, 0x59, 0xce, 0x59, 0xce,
    0x59, 0xc6, 0x59, 0xc6, 0x59, 0xc6, 0x39, 0xc6, 0x39, 0xc6, 0x39, 0xc6,
    0x39, 0xc6, 0x39, 0xc6, 0x39, 0xc6, 0x39, 0xc6, 0x19, 0xc6, 0x19, 0xc6,
    0x18, 0xbe, 0x18, 0xbe, 0x18, 0xbe, 0x18, 0xbe, 0xf8, 0xbd, 0xf8, 0xbd,
    0xf8, 0xbd, 0xf8, 0xbd, 0xf8, 0xbd, 0xf8, 0xbd, 0xf8, 0xbd, 0xd8, 0xbd,
    0xd8, 0xbd, 0xd8, 0xb5, 0xd7, 0xb5, 0xd7, 0xb5, 0xd7, 0xb5, 0xd7, 0xb5,
    0xb7, 0xb5, 0xb7, 0xb5, 0xb7, 0xb5, 0xb7, 0xb5, 0xb7, 0xb5, 0xb7, 0xb5,
    0x97, 0xb5, 0x97, 0xb5, 0x97, 0xad, 0x97, 0xad, 0x96, 0xad, 0x96, 0xad,
    0x96, 0xad, 0x76, 0xad, 0x76, 0xad, 0x76, 0xad, 0x76, 0xad, 0x76, 0xad,
    0x76, 0xad, 0x76, 0xad, 0x56, 0xa5, 0x56, 0xa5, 0x56, 0xa5, 0x56, 0xa5,
    0x56, 0xa5, 0x55, 0xa5, 0x35, 0xa5, 0x35, 0xa5, 0x35, 0xa5, 0x35, 0xa5,
    0x35, 0xa5, 0x35, 0xa5, 0x35, 0xa5, 0x15, 0xa5, 0x15, 0x9d, 0x15, 0x9d,
    0x15, 0x9d, 0x15, 0x9d, 0x15, 0x9d, 0x15, 0x9d, 0xf4, 0x9c, 0xf4, 0x9c,
    0xf4, 0x9c, 0xf4, 0x9c, 0xf4, 0x9c, 0xf4, 0x9c, 0xd4, 0x94, 0xd4, 0x94,
    0xd4, 0x94, 0xd4, 0x94, 0xd4, 0x94, 0xd4, 0x94, 0xd4, 0x94, 0xb4, 0x94,
    0xb3, 0x94, 0xb3, 0x94, 0xb3, 0x94, 0xb3, 0x94, 0xb3, 0x94, 0xb3, 0x8c,
    0x93, 0x8c, 0x93, 0x8c, 0x93, 0x8c, 0x93, 0x8c, 0x93, 0x8c, 0x93, 0x8c,
    0x73, 0x8c, 0x73, 0x8c, 0x73, 0x8c, 0x72, 0x8c, 0x72, 0x8c, 0x72, 0x8c,
    0x3c, 0xe7, 0x3c, 0xe7, 0x3c, 0xe7, 0x3c, 0xe7, 0x1c, 0xe7, 0x1c, 0xe7,
    0x1c, 0xe7, 0x1c, 0xe7, 0x1c, 0xe7, 0x1c, 0xdf, 0x1c, 0xdf, 0xfc, 0xde,
    0xfc, 0xde, 0xfc, 0xde, 0xfc, 0xde, 0xfc, 0xde, 0xfb, 0xde, 0xfb, 0xde,
    0xdb, 0xde, 0xdb, 0xde, 0xdb, 0xde, 0xdb, 0xde, 0xdb, 0xd6, 0xdb, 0xd6,
    0xbb, 0xd6, 0xbb, 0xd6, 0xbb, 0xd6, 0xbb, 0xd6, 0xbb, 0xd6, 0xbb, 0xd6,
    0xba, 0xd6, 0x9a, 0xd6, 0x9a, 0xd6, 0x9a, 0xd6, 0x9a, 0xce, 0x9a, 0xce,
    0x9a, 0xce, 0x9a, 0xce, 0x7a, 0xce, 0x7a, 0xce, 0x7a, 0xce, 0x7a, 0xce,
    0x7a, 0xce, 0x7a, 0xce, 0x59, 0xce, 0x59, 0xce, 0x59, 0xce, 0x59, 0xce,
    0x59, 0xc6, 0x59, 0xc6, 0x59, 0xc6, 0x39, 0xc6, 0x39, 0xc6, 0x39, 0xc6,
    0x39, 0xc6, 0x39, 0xc6, 0x39, 0xc6, 0x39, 0xc6, 0x19, 0xc6, 0x18, 0xc6,
    0x18, 0xbe, 0x18, 0xbe, 0x18, 0xbe, 0x18, 0xbe, 0xf8, 0xbd, 0xf8, 0xbd,
    0xf8, 0xbd, 0xf8, 0xbd, 0xf8, 0xbd, 0xf8, 0xbd, 0xf8, 0xbd, 0xd8, 0xbd,
    0xd8, 0xbd, 0xd8, 0xb5, 0xd7, 0xb5, 0xd7, 0xb5, 0xd7, 0xb5, 0xd7, 0xb5,
    0xb7, 0xb5, 0xb7, 0xb5, 0xb7, 0xb5, 0xb7, 0xb5, 0xb7, 0xb5, 0xb7, 0xb5,
    0x97, 0xb5, 0x97, 0xb5, 0x97, 0xad, 0x97, 0xad, 0x96, 0xad, 0x96, 0xad,
    0x96, 0xad, 0x76, 0xad, 0x76, 0xad, 0x76, 0xad, 0x76, 0xad, 0x76, 0xad,
    0x76, 0xad, 0x76, 0xad, 0x56, 0xa5, 0x56, 0xa5, 0x56, 0xa5, 0x56, 0xa5,
    0x56, 0xa5, 0x55, 0xa5, 0x35, 0xa5, 0x35, 0xa5, 0x35, 0xa5, 0x35, 0xa5,
    0x35, 0xa5, 0x35, 0xa5, 0x35, 0xa5, 0x15, 0x9d, 0x15, 0x9d, 0x15, 0x9d,
    0x15, 0x9d, 0x15, 0x9d, 0x15, 0x9d, 0x15, 0x9d, 0xf4, 0x9c, 0xf4, 0x9c,
    0xf4, 0x9c, 0xf4, 0x9c, 0xf4, 0x9c, 0xf4, 0x9c, 0xd4, 0x94, 0xd4, 0x94,
    0xd4, 0x94, 0xd4, 0x94, 0xd4, 0x94, 0xd4, 0x94, 0xd4, 0x94, 0xb4, 0x94,
    0xb3, 0x94, 0xb3, 0x94, 0xb3, 0x94, 0xb3, 0x94, 0xb3, 0x8c, 0xb3, 0x8c,
    0x93, 0x8c, 0x93, 0x8c, 0x93, 0x8c, 0x93, 0x8c, 0x93, 0x8c, 0x93, 0x8c,
    0x73, 0x8c, 0x73, 0x8c, 0x73, 0x8c, 0x72, 0x8c, 0x72, 0x8c, 0x72, 0x8c,
    0x3c, 0xe7, 0x3c, 0xe7, 0x1c, 0xe7, 0x1c, 0xe7, 0x1c, 0xe7, 0x1c, 0xe7,
    0x1c, 0xe7, 0x1c, 0xe7, 0x1c, 0xdf, 0xfc, 0xde, 0xfc, 0xde, 0xfc, 0xde,
    0xfc, 0xde, 0xfc, 0xde, 0xfb, 0xde, 0xfb, 0xde, 0xdb, 0xde, 0xdb, 0xde,
    0xdb, 0xde, 0xdb, 0xde, 0xdb, 0xd6, 0xdb, 0xd6, 0xdb, 0xd6, 0xbb, 0xd6,
    0xbb, 0xd6, 0xbb, 0xd6, 0xbb, 0xd6, 0xbb, 0xd6, 0xba, 0xd6, 0x9a, 0xd6,
    0x9a, 0xd6, 0x9a, 0xd6, 0x9a, 0xd6, 0x9a, 0xce, 0x9a, 0xce, 0x9a, 0xce,
    0x7a, 0xce, 0x7a, 0xce, 0x7a, 0xce, 0x7a, 0xce, 0x7a, 0xce, 0x7a, 0xce,
    0x5a, 0xce, 0x59, 0xce, 0x59, 0xce, 0x59, 0xce, 0x59, 0xc6, 0x59, 0xc6,
    0x59, 0xc6, 0x39, 0xc6, 0x39, 0xc6, 0x39, 0xc6, 0x39, 0xc6, 0x39, 0xc6,
    0x39, 0xc6, 0x39, 0xc6, 0x19, 0xc6, 0x19, 0xc6, 0x18, 0xbe, 0x18, 0xbe,
    0x18, 0xbe, 0x18, 0xbe, 0x18, 0xbe, 0xf8, 0xbd, 0xf8, 0xbd, 0xf8, 0xbd,
    0xf8, 0xbd, 0xf8, 0xbd, 0xf8, 0xbd, 0xd8, 0xbd, 0xd8, 0xbd, 0xd8, 0xbd,
    0xd7, 0xb5, 0xd7, 0xb5, 0xd7, 0xb5, 0xd7, 0xb5, 0xb7, 0xb5, 0xb7, 0xb5,
    0xb7, 0xb5, 0xb7, 0xb5, 0xb7, 0xb5, 0xb7, 0xb5, 0x97, 0xb5, 0x97, 0xb5,
    0x97, 0xad, 0x97, 0xad, 0x97, 0xad, 0x96, 0xad, 0x96, 0xad, 0x76, 0xad,
    0x76, 0xad, 0x76, 0xad, 0x76, 0xad, 0x76, 0xad, 0x76, 0xad, 0x76, 0xad,
    0x56, 0xad, 0x56, 0xa5, 0x56, 0xa5, 0x56, 0xa5, 0x56, 0xa5, 0x56, 0xa5,
    0x55, 0xa5, 0x35, 0xa5, 0x35, 0xa5, 0x35, 0xa5, 0x35, 0xa5, 0x35, 0xa5,
    0x35, 0xa5, 0x15, 0xa5, 0x15, 0x9d, 0x15, 0x9d, 0x15, 0x9d, 0x15, 0x9d,
    0x15, 0x9d, 0x15, 0x9d, 0xf4, 0x9c, 0xf4, 0x9c, 0xf4, 0x9c, 0xf4, 0x9c,
    0xf4, 0x9c, 0xf4, 0x9c, 0xd4, 0x94, 0xd4, 0x94, 0xd4, 0x94, 0xd4, 0x94,
    0xd4, 0x94, 0xd4, 0x94, 0xd4, 0x94, 0xb4, 0x94, 0xb3, 0x94, 0xb3, 0x94,
    0xb3, 0x94, 0xb3, 0x94, 0xb3, 0x94, 0xb3, 0x8c, 0x93, 0x8c, 0x93, 0x8c,
    0x93, 0x8c, 0x93, 0x8c, 0x93, 0x8c, 0x93, 0x8c, 0x93, 0x8c, 0x73, 0x8c,
    0x73, 0x8c, 0x72, 0x8c, 0x72, 0x8c, 0x72, 0x8c, 0x72, 0x84, 0x52, 0x84,
    0x3c, 0xe7, 0x3c, 0xe7, 0x1c, 0xe7, 0x1c, 0xe7, 0x1c, 0xe7, 0x1c, 0xe7,
    0x1c, 0xe7, 0x1c, 0xe7, 0x1c, 0xdf, 0xfc, 0xde, 0xfc, 0xde, 0xfc, 0xde,
    0xfc, 0xde, 0xfc, 0xde, 0xfb, 0xde, 0xfb, 0xde, 0xdb, 0xde, 0xdb, 0xde,
    0xdb, 0xde, 0xdb, 0xde, 0xdb, 0xd6, 0xdb, 0xd6, 0xbb, 0xd6, 0xbb, 0xd6,
    0xbb, 0xd6, 0xbb, 0xd6, 0xbb, 0xd6, 0xbb, 0xd6, 0xba, 0xd6, 0x9a, 0xd6,
    0x9a, 0xd6, 0x9a, 0xd6, 0x9a, 0xd6, 0x9a, 0xce, 0x9a, 0xce, 0x9a, 0xce,
    0x7a, 0xce, 0x7a, 0xce, 0x7a, 0xce, 0x7a, 0xce, 0x7a, 0xce, 0x7a, 0xce,
    0x5a, 0xce, 0x59, 0xce, 0x59, 0xce, 0x59, 0xce, 0x59, 0xc6, 0x59, 0xc6,
    0x59, 0xc6, 0x39, 0xc6, 0x39, 0xc6, 0x39, 0xc6, 0x39, 0xc6, 0x39, 0xc6,
    0x39, 0xc6, 0x39, 0xc6, 0x19, 0xc6, 0x19, 0xc6, 0x18, 0xbe, 0x18, 0xbe,
    0x18, 0xbe, 0x18, 0xbe, 0xf8, 0xbd, 0xf8, 0xbd, 0xf8, 0xbd, 0xf8, 0xbd,
    0xf8, 0xbd, 0xf8, 0xbd, 0xf8, 0xbd, 0xd8, 0xbd, 0xd8, 0xbd, 0xd8, 0xb5,
    0xd7, 0xb5, 0xd7, 0xb5, 0xd7, 0xb5, 0xd7, 0xb5, 0xb7, 0xb5, 0xb7, 0xb5,
    0xb7, 0xb5, 0xb7, 0xb5, 0xb7, 0xb5, 0xb7, 0xb5, 0x97, 0xb5, 0x97, 0xb5,
    0x97, 0xad, 0x97, 0xad, 0x97, 0xad, 0x96, 0xad, 0x96, 0xad, 0x76, 0xad,
    0x76, 0xad, 0x76, 0xad, 0x76, 0xad, 0x76, 0xad, 0x76, 0xad, 0x76, 0xad,
    0x56, 0xa5, 0x56, 0xa5, 0x56, 0xa5, 0x56, 0xa5, 0x56, 0xa5, 0x56, 0xa5,
    0x35, 0xa5, 0x35, 0xa5, 0x35, 0xa5, 0x35, 0xa5, 0x35, 0xa5, 0x35, 0xa5,
    0x35, 0xa5, 0x15, 0xa5, 0x15, 0x9d, 0x15, 0x9d, 0x15, 0x9d, 0x15, 0x9d,
    0x15, 0x9d, 0x15, 0x9d, 0xf4, 0x9c, 0xf4, 0x9c, 0xf4, 0x9c, 0xf4, 0x9c,
    0xf4, 0x9c, 0xf4, 0x9c, 0xd4, 0x94, 0xd4, 0x94, 0xd4, 0x94, 0xd4, 0x94,
    0xd4, 0x94, 0xd4, 0x94, 0xd4, 0x94, 0xb4, 0x94, 0xb3, 0x94, 0xb3, 0x94,
    0xb3, 0x94, 0xb3, 0x94, 0xb3, 0x94, 0xb3, 0x8c, 0x93, 0x8c, 0x93, 0x8c,
    0x93, 0x8c, 0x93, 0x8c, 0x93, 0x8c, 0x93, 0x8c, 0x73, 0x8c, 0x73, 0x8c,
    0x73, 0x8c, 0x72, 0x8c, 0x72, 0x8c, 0x72, 0x8c, 0x72, 0x84, 0x52, 0x84,
    0x1c, 0xe7, 0x1c, 0xe7, 0x1c, 0xe7, 0x1c, 0xe7, 0x1c, 0xe7, 0x1c, 0xdf,
    0x1c, 0xdf, 0xfc, 0xde, 0xfc, 0xde, 0xfc, 0xde, 0xfc, 0xde, 0xfc, 0xde,
    0xfb, 0xde, 0xfb, 0xde, 0xdb, 0xde, 0xdb, 0xde, 0xdb, 0xde, 0xdb, 0xde,
    0xdb, 0xd6, 0xdb, 0xd6, 0xbb, 0xd6, 0xbb, 0xd6, 0xbb, 0xd6, 0xbb, 0xd6,
    0xbb, 0xd6, 0xbb, 0xd6, 0xba, 0xd6, 0x9a, 0xd6, 0x9a, 0xd6, 0x9a, 0xd6,
    0x9a, 0xd6, 0x9a, 0xce, 0x9a, 0xce, 0x9a, 0xce, 0x7a, 0xce, 0x7a, 0xce,
    0x7a, 0xce, 0x7a, 0xce, 0x7a, 0xce, 0x7a, 0xce, 0x59, 0xce, 0x59, 0xce,
    0x59, 0xce, 0x59, 0xce, 0x59, 0xc6, 0x59, 0xc6, 0x59, 0xc6, 0x39, 0xc6,
    0x39, 0xc6, 0x39, 0xc6, 0x39, 0xc6, 0x39, 0xc6, 0x39, 0xc6, 0x39, 0xc6,
    0x19, 0xc6, 0x19, 0xc6, 0x18, 0xbe, 0x18, 0xbe, 0x18, 0xbe, 0x18, 0xbe,
    0xf8, 0xbd, 0xf8, 0xbd, 0xf8, 0xbd, 0xf8, 0xbd, 0xf8, 0xbd, 0xf8, 0xbd,
    0xf8, 0xbd, 0xd8, 0xbd, 0xd8, 0xbd, 0xd8, 0xb5, 0xd7, 0xb5, 0xd7, 0xb5,
    0xd7, 0xb5, 0xd7, 0xb5, 0xb7, 0xb5, 0xb7, 0xb5, 0xb7, 0xb5, 0xb7, 0xb5,
    0xb7, 0xb5, 0xb7, 0xb5, 0x97, 0xb5, 0x97, 0xb5, 0x97, 0xad, 0x97, 0xad,
    0x96, 0xad, 0x96, 0xad, 0x96, 0xad, 0x76, 0xad, 0x76, 0xad, 0x76, 0xad,
    0x76, 0xad, 0x76, 0xad, 0x76, 0xad, 0x76, 0xad, 0x56, 0xad, 0x56, 0xa5,
    0x56, 0xa5, 0x56, 0xa5, 0x56, 0xa5, 0x56, 0xa5, 0x35, 0xa5, 0x35, 0xa5,
    0x35, 0xa5, 0x35, 0xa5, 0x35, 0xa5, 0x35, 0xa5, 0x35, 0xa5, 0x15, 0xa5,
    0x15, 0x9d, 0x15, 0x9d, 0x15, 0x9d, 0x15, 0x9d, 0x15, 0x9d, 0x15, 0x9d,
    0xf4, 0x9c, 0xf4, 0x9c, 0xf4, 0x9c, 0xf4, 0x9c, 0xf4, 0x9c, 0xf4, 0x9c,
    0xd4, 0x94, 0xd4, 0x94, 0xd4, 0x94, 0xd4, 0x94, 0xd4, 0x94, 0xd4, 0x94,
    0xd4, 0x94, 0xb4, 0x94, 0xb3, 0x94, 0xb3, 0x94, 0xb3, 0x94, 0xb3, 0x94,
    0xb3, 0x94, 0xb3, 0x8c, 0x93, 0x8c, 0x93, 0x8c, 0x93, 0x8c, 0x93, 0x8c,
    0x93, 0x8c, 0x93, 0x8c, 0x73, 0x8c, 0x73, 0x8c, 0x73, 0x8c, 0x72, 0x8c,
    0x72, 0x8c, 0x72, 0x8c, 0x72, 0x84, 0x52, 0x84, 0x52, 0x84, 0x52, 0x84,
    0x1c, 0xe7, 0x1c, 0xe7, 0x1c, 0xe7, 0x1c, 0xe7, 0x1c, 0xe7, 0x1c, 0xdf,
    0x1c, 0xdf, 0xfc, 0xde, 0xfc, 0xde, 0xfc, 0xde, 0xfc, 0xde, 0xfc, 0xde,
    0xfb, 0xde, 0xfb, 0xde, 0xdb, 0xde, 0xdb, 0xde, 0xdb, 0xde, 0xdb, 0xde,
    0xdb, 0xd6, 0xdb, 0xd6, 0xbb, 0xd6, 0xbb, 0xd6, 0xbb, 0xd6, 0xbb, 0xd6,
    0xbb, 0xd6, 0xbb, 0xd6, 0xba, 0xd6, 0x9a, 0xd6, 0x9a, 0xd6, 0x9a, 0xd6,
    0x9a, 0xd6, 0x9a, 0xce, 0x9a, 0xce, 0x9a, 0xce, 0x7a, 0xce, 0x7a, 0xce,
    0x7a, 0xce, 0x7a, 0xce, 0x7a, 0xce, 0x7a, 0xce, 0x59, 0xce, 0x59, 0xce,
    0x59, 0xce, 0x59, 0xce, 0x59, 0xc6, 0x59, 0xc6, 0x59, 0xc6, 0x39, 0xc6,
    0x39, 0xc6, 0x39, 0xc6, 0x39, 0xc6, 0x39, 0xc6, 0x39, 0xc6, 0x39, 0xc6,
    0x19, 0xc6, 0x19, 0xc6, 0x18, 0xbe, 0x18, 0xbe, 0x18, 0xbe, 0x18, 0xbe,
    0xf8, 0xbd, 0xf8, 0xbd, 0xf8, 0xbd, 0xf8, 0xbd, 0xf8, 0xbd, 0xf8, 0xbd,
    0xf8, 0xbd, 0xd8, 0xbd, 0xd8, 0xbd, 0xd8, 0xb5, 0xd7, 0xb5, 0xd7, 0xb5,
    0xd7, 0xb5, 0xd7, 0xb5, 0xb7, 0xb5, 0xb7, 0xb5, 0xb7, 0xb5, 0xb7, 0xb5,
    0xb7, 0xb5, 0xb7, 0xb5, 0x97, 0xb5, 0x97, 0xb5, 0x97, 0xad, 0x97, 0xad,
    0x96, 0xad, 0x96, 0xad, 0x96, 0xad, 0x76, 0xad, 0x76, 0xad, 0x76, 0xad,
    0x76, 0xad, 0x76, 0xad, 0x76, 0xad, 0x76, 0xad, 0x56, 0xa5, 0x56, 0xa5,
    0x56, 0xa5, 0x56, 0xa5, 0x56, 0xa5, 0x55, 0xa5, 0x35, 0xa5, 0x35, 0xa5,
    0x35, 0xa5, 0x35, 0xa5, 0x35, 0xa5, 0x35, 0xa5, 0x35, 0xa5, 0x15, 0x9d,
    0x15, 0x9d, 0x15, 0x9d, 0x15, 0x9d, 0x15, 0x9d, 0x15, 0x9d, 0x15, 0x9d,
    0xf4, 0x9c, 0xf4, 0x9c, 0xf4, 0x9c, 0xf4, 0x9c, 0xf4, 0x9c, 0xf4, 0x9c,
    0xd4, 0x94, 0xd4, 0x94, 0xd4, 0x94, 0xd4, 0x94, 0xd4, 0x94, 0xd4, 0x94,
    0xd4, 0x94, 0xb4, 0x94, 0xb3, 0x94, 0xb3, 0x94, 0xb3, 0x94, 0xb3, 0x94,
    0xb3, 0x94, 0xb3, 0x8c, 0x93, 0x8c, 0x93, 0x8c, 0x93, 0x8c, 0x93, 0x8c,
    0x93, 0x8c, 0x93, 0x8c, 0x73, 0x8c, 0x73, 0x8c, 0x73, 0x8c, 0x72, 0x8c,
    0x72, 0x8c, 0x72, 0x8c, 0x72, 0x84, 0x52, 0x84, 0x52, 0x84, 0x52, 0x84,
    0x1c, 0xe7, 0x1c, 0xe7, 0x1c, 0xe7, 0x1c, 0xe7, 0x1c, 0xdf, 0x1c, 0xdf,
    0xfc, 0xde, 0xfc, 0xde, 0xfc, 0xde, 0xfc, 0xde, 0xfb, 0xde, 0xfb, 0xde,
    0xdb, 0xde, 0xdb, 0xde, 0xdb, 0xde, 0xdb, 0xde, 0xdb, 0xd6, 0xdb, 0xd6,
    0xdb, 0xd6, 0xbb, 0xd6, 0xbb, 0xd6, 0xbb, 0xd6, 0xbb, 0xd6, 0xbb, 0xd6,
    0xba, 0xd6, 0xba, 0xd6, 0x9a, 0xd6, 0x9a, 0xd6, 0x9a, 0xd6, 0x9a, 0xce,
    0x9a, 0xce, 0x9a, 0xce, 0x7a, 0xce, 0x7a, 0xce, 0x7a, 0xce, 0x7a, 0xce,
    0x7a, 0xce, 0x7a, 0xce, 0x7a, 0xce, 0x59, 0xce, 0x59, 0xce, 0x59, 0xce,
    0x59, 0xc6, 0x59, 0xc6, 0x59, 0xc6, 0x59, 0xc6, 0x39, 0xc6, 0x39, 0xc6,
    0x39, 0xc6, 0x39, 0xc6, 0x39, 0xc6, 0x39, 0xc6, 0x19, 0xc6, 0x19, 0xc6,
    0x18, 0xbe, 0x18, 0xbe, 0x18, 0xbe, 0x18, 0xbe, 0x18, 0xbe, 0xf8, 0xbd,
    0xf8, 0xbd, 0xf8, 0xbd, 0xf8, 0xbd, 0xf8, 0xbd, 0xf8, 0xbd, 0xf8, 0xbd,
    0xd8, 0xbd, 0xd8, 0xbd, 0xd7, 0xb5, 0xd7, 0xb5, 0xd7, 0xb5, 0xd7, 0xb5,
    0xb7, 0xb5, 0xb7, 0xb5, 0xb7, 0xb5, 0xb7, 0xb5, 0xb7, 0xb5, 0xb7, 0xb5,
    0xb7, 0xb5, 0x97, 0xb5, 0x97, 0xad, 0x97, 0xad, 0x97, 0xad, 0x96, 0xad,
    0x96, 0xad, 0x96, 0xad, 0x76, 0xad, 0x76, 0xad, 0x76, 0xad, 0x76, 0xad,
    0x76, 0xad, 0x76, 0xad, 0x56, 0xad, 0x56, 0xa5, 0x56, 0xa5, 0x56, 0xa5,
    0x56, 0xa5, 0x56, 0xa5, 0x55, 0xa5, 0x35, 0xa5, 0x35, 0xa5, 0x35, 0xa5,
    0x35, 0xa5, 0x35, 0xa5, 0x35, 0xa5, 0x35, 0xa5, 0x15, 0x9d, 0x15, 0x9d,
    0x15, 0x9d, 0x15, 0x9d, 0x15, 0x9d, 0x15, 0x9d, 0xf4, 0x9c, 0xf4, 0x9c,
    0xf4, 0x9c, 0xf4, 0x9c, 0xf4, 0x9c, 0xf4, 0x9c, 0xf4, 0x94, 0xd4, 0x94,
    0xd4, 0x94, 0xd4, 0x94, 0xd4, 0x94, 0xd4, 0x94, 0xd4, 0x94, 0xd4, 0x94,
    0xb4, 0x94, 0xb3, 0x94, 0xb3, 0x94, 0xb3, 0x94, 0xb3, 0x94, 0xb3, 0x8c,
    0x93, 0x8c, 0x93, 0x8c, 0x93, 0x8c, 0x93, 0x8c, 0x93, 0x8c, 0x93, 0x8c,
    0x93, 0x8c, 0x73, 0x8c, 0x73, 0x8c, 0x73, 0x8c, 0x72, 0x8c, 0x72, 0x8c,
    0x72, 0x84, 0x72, 0x84, 0x52, 0x84, 0x52, 0x84, 0x52, 0x84, 0x52, 0x84,
    0x1c, 0xe7, 0x1c, 0xe7, 0x1c, 0xe7, 0x1c, 0xe7, 0x1c, 0xdf, 0xfc, 0xde,
    0xfc, 0xde, 0xfc, 0xde, 0xfc, 0xde, 0xfc, 0xde, 0xfb, 0xde, 0xfb, 0xde,
    0xdb, 0xde, 0xdb, 0xde, 0xdb, 0xde, 0xdb, 0xde, 0xdb, 0xd6, 0xdb, 0xd6,
    0xbb, 0xd6, 0xbb, 0xd6, 0xbb, 0xd6, 0xbb, 0xd6, 0xbb, 0xd6, 0xbb, 0xd6,
    0xba, 0xd6, 0x9a, 0xd6, 0x9a, 0xd6, 0x9a, 0xd6, 0x9a, 0xd6, 0x9a, 0xce,
    0x9a, 0xce, 0x9a, 0xce, 0x7a, 0xce, 0x7a, 0xce, 0x7a, 0xce, 0x7a, 0xce,
    0x7a, 0xce, 0x7a, 0xce, 0x5a, 0xce, 0x59, 0xce, 0x59, 0xce, 0x59, 0xce,
    0x59, 0xc6, 0x59, 0xc6, 0x59, 0xc6, 0x39, 0xc6, 0x39, 0xc6, 0x39, 0xc6,
    0x39, 0xc6, 0x39, 0xc6, 0x19, 0xc6, 0x19, 0xc6, 0x18, 0xc6, 0x18, 0xc6,
    0x18, 0xbe, 0x18, 0xbe, 0x18, 0xbe, 0x18, 0xbe, 0xf8, 0xbd, 0xf8, 0xbd,
    0xf8, 0xbd, 0xf8, 0xbd, 0xf8, 0xbd, 0xf8, 0xbd, 0xf8, 0xbd, 0xd8, 0xbd,
    0xd8, 0xbd, 0xd8, 0xb5, 0xd7, 0xb5, 0xd7, 0xb5, 0xd7, 0xb5, 0xd7, 0xb5,
    0xb7, 0xb5, 0xb7, 0xb5, 0xb7, 0xb5, 0xb7, 0xb5, 0xb7, 0xb5, 0xb7, 0xb5,
    0x97, 0xb5, 0x97, 0xb5, 0x97, 0xad, 0x97, 0xad, 0x97, 0xad, 0x96, 0xad,
    0x96, 0xad, 0x76, 0xad, 0x76, 0xad, 0x76, 0xad, 0x76, 0xad, 0x76, 0xad,
    0x76, 0xad, 0x76, 0xad, 0x56, 0xa5, 0x56, 0xa5, 0x56, 0xa5, 0x56, 0xa5,
    0x56, 0xa5, 0x56, 0xa5, 0x35, 0xa5, 0x35, 0xa5, 0x35, 0xa5, 0x35, 0xa5,
    0x35, 0xa5, 0x35, 0xa5, 0x35, 0xa5, 0x15, 0xa5, 0x15, 0x9d, 0x15, 0x9d,
    0x15, 0x9d, 0x15, 0x9d, 0x15, 0x9d, 0x15, 0x9d, 0xf4, 0x9c, 0xf4, 0x9c,
    0xf4, 0x9c, 0xf4, 0x9c, 0xf4, 0x9c, 0xf4, 0x9c, 0xd4, 0x94, 0xd4, 0x94,
    0xd4, 0x94, 0xd4, 0x94, 0xd4, 0x94, 0xd4, 0x94, 0xd4, 0x94, 0xb4, 0x94,
    0xb3, 0x94, 0xb3, 0x94, 0xb3, 0x94, 0xb3, 0x94, 0xb3, 0x94, 0xb3, 0x8c,
    0x93, 0x8c, 0x93, 0x8c, 0x93, 0x8c, 0x93, 0x8c, 0x93, 0x8c, 0x93, 0x8c,
    0x73, 0x8c, 0x73, 0x8c, 0x73, 0x8c, 0x72, 0x8c, 0x72, 0x8c, 0x72, 0x8c,
    0x72, 0x84, 0x52, 0x84, 0x52, 0x84, 0x52, 0x84, 0x52, 0x84, 0x52, 0x84,
    0x1c, 0xe7, 0x1c, 0xdf, 0x1c, 0xdf, 0xfc, 0xde, 0xfc, 0xde, 0xfc, 0xde,
    0xfc, 0xde, 0xfc, 0xde, 0xfb, 0xde, 0xfb, 0xde, 0xdb, 0xde, 0xdb, 0xde,
    0xdb, 0xde, 0xdb, 0xde, 0xdb, 0xd6, 0xdb, 0xd6, 0xbb, 0xd6, 0xbb, 0xd6,
    0xbb, 0xd6, 0xbb, 0xd6, 0xbb, 0xd6, 0xbb, 0xd6, 0xba, 0xd6, 0x9a, 0xd6,
    0x9a, 0xd6, 0x9a, 0xd6, 0x9a, 0xd6, 0x9a, 0xce, 0x9a, 0xce, 0x9a, 0xce,
    0x7a, 0xce, 0x7a, 0xce, 0x7a, 0xce, 0x7a, 0xce, 0x7a, 0xce, 0x7a, 0xce,
    0x59, 0xce, 0x59, 0xce, 0x59, 0xce, 0x59, 0xce, 0x7a, 0xce, 0x59, 0xc6,
    0x59, 0xc6, 0x39, 0xc6, 0x39, 0xc6, 0x39, 0xc6, 0x9a, 0xd6, 0xfb, 0xde,
    0x7a, 0xce, 0x18, 0xc6, 0x18, 0xc6, 0x18, 0xc6, 0x18, 0xbe, 0xf8, 0xbd,
    0x59, 0xce, 0xdb, 0xde, 0x59, 0xce, 0xf8, 0xbd, 0xf8, 0xbd, 0xf8, 0xbd,
    0xf8, 0xbd, 0xf8, 0xbd, 0x59, 0xce, 0xdb, 0xde, 0x59, 0xce, 0xd8, 0xb5,
    0xd7, 0xb5, 0xd7, 0xb5, 0xd7, 0xb5, 0xd7, 0xb5, 0x39, 0xc6, 0xbb, 0xd6,
    0x39, 0xc6, 0xb7, 0xb5, 0xb7, 0xb5, 0xb7, 0xb5, 0x97, 0xb5, 0x97, 0xb5,
    0x19, 0xc6, 0x9a, 0xd6, 0x18, 0xc6, 0x96, 0xad, 0x96, 0xad, 0x76, 0xad,
    0x76, 0xad, 0x76, 0xad, 0xf8, 0xbd, 0x9a, 0xd6, 0xf8, 0xbd, 0x76, 0xad,
    0x56, 0xa5, 0x56, 0xa5, 0x56, 0xa5, 0x56, 0xa5, 0xf8, 0xbd, 0x7a, 0xce,
    0xd8, 0xbd, 0x35, 0xa5, 0x35, 0xa5, 0x35, 0xa5, 0x35, 0xa5, 0x35, 0xa5,
    0xd7, 0xb5, 0x7a, 0xce, 0xb7, 0xb5, 0x15, 0x9d, 0x15, 0x9d, 0x15, 0x9d,
    0x15, 0x9d, 0x15, 0x9d, 0xb7, 0xb5, 0x59, 0xce, 0xb7, 0xb5, 0xf4, 0x9c,
    0xf4, 0x9c, 0xf4, 0x9c, 0xd4, 0x94, 0xd4, 0x94, 0x96, 0xad, 0x39, 0xc6,
    0x96, 0xad, 0xd4, 0x94, 0xd4, 0x94, 0xb4, 0x94, 0xb3, 0x94, 0xb3, 0x94,
    0x76, 0xad, 0x39, 0xc6, 0x76, 0xad, 0xb3, 0x8c, 0x93, 0x8c, 0x93, 0x8c,
    0x93, 0x8c, 0x93, 0x8c, 0x56, 0xa5, 0x18, 0xc6, 0x56, 0xa5, 0x73, 0x8c,
    0x73, 0x8c, 0x72, 0x8c, 0x72, 0x8c, 0x72, 0x8c, 0x35, 0xa5, 0x18, 0xbe,
    0x35, 0xa5, 0x52, 0x84, 0x52, 0x84, 0x52, 0x84, 0x52, 0x84, 0x52, 0x84,
    0x1c, 0xe7, 0x1c, 0xdf, 0x1c, 0xdf, 0xfc, 0xde, 0xfc, 0xde, 0xfc, 0xde,
    0xfc, 0xde, 0xfc, 0xde, 0xfb, 0xde, 0xfb, 0xde, 0xdb, 0xde, 0xdb, 0xde,
    0xdb, 0xde, 0xdb, 0xde, 0xdb, 0xd6, 0xdb, 0xd6, 0xbb, 0xd6, 0xbb, 0xd6,
    0xbb, 0xd6, 0xbb, 0xd6, 0xbb, 0xd6, 0xbb, 0xd6, 0xba, 0xd6, 0x9a, 0xd6,
    0x9a, 0xd6, 0x9a, 0xd6, 0x9a, 0xce, 0x9a, 0xce, 0x9a, 0xce, 0x9a, 0xce,
    0x7a, 0xce, 0x7a, 0xce, 0x7a, 0xce, 0x7a, 0xce, 0x7a, 0xce, 0x7a, 0xce,
    0x59, 0xce, 0x59, 0xce, 0x59, 0xce, 0x59, 0xce, 0x59, 0xc6, 0x59, 0xc6,
    0x59, 0xc6, 0x39, 0xc6, 0x39, 0xc6, 0xfb, 0xde, 0x9e, 0xf7, 0xdb, 0xde,
    0x18, 0xc6, 0x18, 0xc6, 0xf8, 0xc5, 0xf8, 0xc5, 0xf8, 0xc5, 0x9a, 0xde,
    0x7d, 0xf7, 0xbb, 0xde, 0xf8, 0xbd, 0xf8, 0xbd, 0xf8, 0xbd, 0xf8, 0xbd,
    0xf8, 0xbd, 0xdb, 0xde, 0xbe, 0xf7, 0xbb, 0xd6, 0xd8, 0xbd, 0xd8, 0xb5,
    0xd7, 0xb5, 0xd7, 0xb5, 0xd7, 0xb5, 0xbb, 0xd6, 0xbe, 0xf7, 0xbb, 0xd6,
    0xb7, 0xb5, 0xb7, 0xb5, 0xb7, 0xb5, 0xb7, 0xb5, 0x97, 0xb5, 0x9a, 0xd6,
    0xbe, 0xf7, 0x9a, 0xd6, 0x96, 0xad, 0x96, 0xad, 0x96, 0xad, 0x76, 0xad,
    0x76, 0xad, 0x9a, 0xd6, 0xbe, 0xf7, 0x9a, 0xce, 0x76, 0xad, 0x76, 0xad,
    0x56, 0xa5, 0x56, 0xa5, 0x56, 0xa5, 0x7a, 0xce, 0xbe, 0xf7, 0x7a, 0xce,
    0x35, 0xa5, 0x35, 0xa5, 0x35, 0xa5, 0x35, 0xa5, 0x35, 0xa5, 0x7a, 0xce,
    0xbe, 0xf7, 0x59, 0xce, 0x15, 0x9d, 0x15, 0x9d, 0x15, 0x9d, 0x15, 0x9d,
    0x15, 0x9d, 0x59, 0xce, 0xbe, 0xf7, 0x59, 0xce, 0xf4, 0x9c, 0xf4, 0x9c,
    0xf4, 0x9c, 0xf4, 0x9c, 0xd4, 0x94, 0x39, 0xc6, 0xbe, 0xf7, 0x39, 0xc6,
    0xd4, 0x94, 0xd4, 0x94, 0xd4, 0x94, 0xb4, 0x94, 0xb3, 0x94, 0x39, 0xc6,
    0xbe, 0xf7, 0x39, 0xc6, 0xb3, 0x8c, 0xb3, 0x8c, 0x93, 0x8c, 0x93, 0x8c,
    0x93, 0x8c, 0x18, 0xc6, 0xbe, 0xf7, 0x18, 0xc6, 0x73, 0x8c, 0x73, 0x8c,
    0x73, 0x8c, 0x72, 0x8c, 0x72, 0x8c, 0x18, 0xbe, 0xbe, 0xf7, 0xf8, 0xbd,
    0x52, 0x84, 0x52, 0x84, 0x52, 0x84, 0x52, 0x84, 0x52, 0x84, 0xf8, 0xbd,
    0x1c, 0xdf, 0xfc, 0xde, 0xfc, 0xde, 0xfc, 0xde, 0xfc, 0xde, 0xfc, 0xde,
    0xfb, 0xde, 0xfb, 0xde, 0xdb, 0xde, 0xdb, 0xde, 0xdb, 0xde, 0xdb, 0xde,
    0xdb, 0xd6, 0xdb, 0xd6, 0xdb, 0xd6, 0xbb, 0xd6, 0xbb, 0xd6, 0xbb, 0xd6,
    0xbb, 0xd6, 0xbb, 0xd6, 0xba, 0xd6, 0x9a, 0xd6, 0x9a, 0xd6, 0x9a, 0xd6,
    0x9a, 0xd6, 0x9a, 0xce, 0x9a, 0xce, 0x9a, 0xce, 0x7a, 0xce, 0x7a, 0xce,
    0x7a, 0xce, 0x7a, 0xce, 0x7a, 0xce, 0x7a, 0xce, 0x5a, 0xce, 0x59, 0xce,
    0x59, 0xce, 0x59, 0xce, 0x59, 0xc6, 0x59, 0xc6, 0x59, 0xc6, 0x39, 0xc6,
    0x39, 0xc6, 0x39, 0xc6, 0xdb, 0xde, 0x9e, 0xf7, 0xdb, 0xde, 0xf8, 0xc5,
    0xd8, 0xc5, 0xd7, 0xc5, 0xb7, 0xc5, 0xb7, 0xc5, 0x59, 0xde, 0x3c, 0xf7,
    0x79, 0xde, 0xb7, 0xbd, 0xb7, 0xbd, 0xd7, 0xbd, 0xd7, 0xbd, 0xf8, 0xbd,
    0xbb, 0xd6, 0x9e, 0xf7, 0xbb, 0xd6, 0xd8, 0xbd, 0xd7, 0xb5, 0xd7, 0xb5,
    0xd7, 0xb5, 0xd7, 0xb5, 0xbb, 0xd6, 0xbe, 0xf7, 0xbb, 0xd6, 0xb7, 0xb5,
    0xb7, 0xb5, 0xb7, 0xb5, 0x97, 0xb5, 0x97, 0xb5, 0x9a, 0xd6, 0xbe, 0xf7,
    0x9a, 0xd6, 0x96, 0xad, 0x96, 0xad, 0x76, 0xad, 0x76, 0xad, 0x76, 0xad,
    0x9a, 0xd6, 0xbe, 0xf7, 0x9a, 0xce, 0x76, 0xad, 0x56, 0xad, 0x56, 0xa5,
    0x56, 0xa5, 0x56, 0xa5, 0x7a, 0xce, 0xbe, 0xf7, 0x7a, 0xce, 0x35, 0xa5,
    0x35, 0xa5, 0x35, 0xa5, 0x35, 0xa5, 0x35, 0xa5, 0x79, 0xce, 0xbe, 0xf7,
    0x59, 0xce, 0x15, 0x9d, 0x15, 0x9d, 0x15, 0x9d, 0x15, 0x9d, 0x15, 0x9d,
    0x59, 0xce, 0xbe, 0xf7, 0x59, 0xce, 0xf4, 0x9c, 0xf4, 0x9c, 0xf4, 0x9c,
    0xd4, 0x94, 0xd4, 0x94, 0x39, 0xc6, 0xbe, 0xf7, 0x39, 0xc6, 0xd4, 0x94,
    0xd4, 0x94, 0xb4, 0x94, 0xb3, 0x94, 0xb3, 0x94, 0x39, 0xc6, 0xbe, 0xf7,
    0x39, 0xc6, 0xb3, 0x8c, 0x93, 0x8c, 0x93, 0x8c, 0x93, 0x8c, 0x93, 0x8c,
    0x18, 0xc6, 0xbe, 0xf7, 0x18, 0xc6, 0x73, 0x8c, 0x73, 0x8c, 0x72, 0x8c,
    0x72, 0x8c, 0x72, 0x8c, 0x18, 0xbe, 0xbe, 0xf7, 0xf8, 0xbd, 0x52, 0x84,
    0x52, 0x84, 0x52, 0x84, 0x52, 0x84, 0x52, 0x84, 0xf8, 0xbd, 0xbe, 0xf7,
    0x1c, 0xdf, 0xfc, 0xde, 0xfc, 0xde, 0xfc, 0xde, 0xfc, 0xde, 0xfc, 0xde,
    0xfb, 0xde, 0xfb, 0xde, 0xdb, 0xde, 0xdb, 0xde, 0xdb, 0xde, 0xdb, 0xde,
    0xdb, 0xd6, 0xdb, 0xd6, 0xbb, 0xd6, 0xbb, 0xd6, 0xbb, 0xd6, 0xbb, 0xd6,
    0xbb, 0xd6, 0xbb, 0xd6, 0xba, 0xd6, 0x9a, 0xd6, 0x9a, 0xd6, 0x9a, 0xd6,
    0x9a, 0xd6, 0x9a, 0xce, 0x9a, 0xce, 0x9a, 0xce, 0x7a, 0xce, 0x7a, 0xce,
    0x7a, 0xce, 0x7a, 0xce, 0x7a, 0xce, 0x7a, 0xce, 0x5a, 0xce, 0x59, 0xce,
    0x59, 0xce, 0x59, 0xce, 0x59, 0xc6, 0x59, 0xc6, 0x59, 0xc6, 0x39, 0xc6,
    0x39, 0xc6, 0xfb, 0xde, 0x9e, 0xf7, 0xdb, 0xde, 0xf8, 0xc5, 0xd7, 0xc5,
    0xb7, 0xc5, 0x76, 0xc5, 0x55, 0xc5, 0xf8, 0xdd, 0x9a, 0xf6, 0xf7, 0xdd,
    0x55, 0xc5, 0x76, 0xbd, 0x76, 0xbd, 0xb7, 0xbd, 0xb7, 0xbd, 0xba, 0xde,
    0x9e, 0xf7, 0xbb, 0xd6, 0xd7, 0xbd, 0xd8, 0xb5, 0xd7, 0xb5, 0xd7, 0xb5,
    0xd7, 0xb5, 0xbb, 0xd6, 0xbe, 0xf7, 0xbb, 0xd6, 0xb7, 0xb5, 0xb7, 0xb5,
    0xb7, 0xb5, 0xb7, 0xb5, 0x97, 0xb5, 0x9a, 0xd6, 0xbe, 0xf7, 0x9a, 0xd6,
    0x97, 0xad, 0x96, 0xad, 0x96, 0xad, 0x76, 0xad, 0x76, 0xad, 0x9a, 0xd6,
    0xbe, 0xf7, 0x9a, 0xd6, 0x76, 0xad, 0x76, 0xad, 0x56, 0xa5, 0x56, 0xa5,
    0x56, 0xa5, 0x7a, 0xce, 0xbe, 0xf7, 0x7a, 0xce, 0x35, 0xa5, 0x35, 0xa5,
    0x35, 0xa5, 0x35, 0xa5, 0x35, 0xa5, 0x7a, 0xce, 0xbe, 0xf7, 0x59, 0xce,
    0x15, 0x9d, 0x15, 0x9d, 0x15, 0x9d, 0x15, 0x9d, 0x15, 0x9d, 0x59, 0xce,
    0xbe, 0xf7, 0x59, 0xce, 0xf4, 0x9c, 0xf4, 0x9c, 0xf4, 0x9c, 0xf4, 0x9c,
    0xd4, 0x94, 0x39, 0xc6, 0xbe, 0xf7, 0x39, 0xc6, 0xd4, 0x94, 0xd4, 0x94,
    0xd4, 0x94, 0xb4, 0x94, 0xb3, 0x94, 0x39, 0xc6, 0xbe, 0xf7, 0x39, 0xc6,
    0xb3, 0x94, 0xb3, 0x8c, 0x93, 0x8c, 0x93, 0x8c, 0x93, 0x8c, 0x18, 0xc6,
    0xbe, 0xf7, 0x18, 0xc6, 0x73, 0x8c, 0x73, 0x8c, 0x73, 0x8c, 0x72, 0x8c,
    0x72, 0x8c, 0x18, 0xbe, 0xbe, 0xf7, 0xf8, 0xbd, 0x52, 0x84, 0x52, 0x84,
    0x52, 0x84, 0x52, 0x84, 0x52, 0x84, 0xf8, 0xbd, 0xbe, 0xf7, 0xf8, 0xbd,
    0xfc, 0xde, 0xfc, 0xde, 0xfc, 0xde, 0xfc, 0xde, 0xfb, 0xde, 0xfb, 0xde,
    0xdb, 0xde, 0xdb, 0xde, 0xdb, 0xde, 0xdb, 0xde, 0xdb, 0xd6, 0xdb, 0xd6,
    0xbb, 0xd6, 0xbb, 0xd6, 0xbb, 0xd6, 0xbb, 0xd6, 0xbb, 0xd6, 0xbb, 0xd6,
    0xba, 0xd6, 0x9a, 0xd6, 0x9a, 0xd6, 0x9a, 0xd6, 0x9a, 0xd6, 0x9a, 0xce,
    0x9a, 0xce, 0x9a, 0xce, 0x7a, 0xce, 0x7a, 0xce, 0x7a, 0xce, 0x7a, 0xce,
    0x7a, 0xce, 0x7a, 0xce, 0x59, 0xce, 0x59, 0xce, 0x59, 0xce, 0x59, 0xce,
    0x59, 0xc6, 0x59, 0xc6, 0x59, 0xc6, 0x39, 0xc6, 0x39, 0xc6, 0x39, 0xc6,
    0xdb, 0xde, 0x9e, 0xf7, 0xbb, 0xde, 0xf8, 0xc5, 0xb7, 0xc5, 0x76, 0xc5,
    0x35, 0xc5, 0xf4, 0xc4, 0x55, 0xdd, 0xd7, 0xf5, 0x34, 0xdd, 0x92, 0xc4,
    0xb3, 0xc4, 0xd3, 0xc4, 0x14, 0xc5, 0x55, 0xbd, 0x59, 0xd6, 0x5d, 0xf7,
    0x9a, 0xd6, 0xd7, 0xb5, 0xd7, 0xb5, 0xd7, 0xb5, 0xd7, 0xb5, 0xd7, 0xb5,
    0xbb, 0xd6, 0xbe, 0xf7, 0xbb, 0xd6, 0xb7, 0xb5, 0xb7, 0xb5, 0xb7, 0xb5,
    0x97, 0xb5, 0x97, 0xb5, 0x9a, 0xd6, 0xbe, 0xf7, 0x9a, 0xd6, 0x96, 0xad,
    0x96, 0xad, 0x76, 0xad, 0x76, 0xad, 0x76, 0xad, 0x9a, 0xd6, 0xbe, 0xf7,
    0x9a, 0xce, 0x76, 0xad, 0x56, 0xad, 0x56, 0xa5, 0x56, 0xa5, 0x56, 0xa5,
    0x7a, 0xce, 0xbe, 0xf7, 0x7a, 0xce, 0x35, 0xa5, 0x35, 0xa5, 0x35, 0xa5,
    0x35, 0xa5, 0x35, 0xa5, 0x79, 0xce, 0xbe, 0xf7, 0x59, 0xce, 0x15, 0x9d,
    0x15, 0x9d, 0x15, 0x9d, 0x15, 0x9d, 0x15, 0x9d, 0x59, 0xce, 0xbe, 0xf7,
    0x59, 0xce, 0xf4, 0x9c, 0xf4, 0x9c, 0xf4, 0x9c, 0xd4, 0x94, 0xd4, 0x94,
    0x39, 0xc6, 0xbe, 0xf7, 0x39, 0xc6, 0xd4, 0x94, 0xd4, 0x94, 0xb4, 0x94,
    0xb3, 0x94, 0xb3, 0x94, 0x39, 0xc6, 0xbe, 0xf7, 0x39, 0xc6, 0xb3, 0x8c,
    0x93, 0x8c, 0x93, 0x8c, 0x93, 0x8c, 0x93, 0x8c, 0x18, 0xc6, 0xbe, 0xf7,
    0x18, 0xc6, 0x73, 0x8c, 0x73, 0x8c, 0x72, 0x8c, 0x72, 0x8c, 0x72, 0x8c,
    0x18, 0xbe, 0xbe, 0xf7, 0xf8, 0xbd, 0x52, 0x84, 0x52, 0x84, 0x52, 0x84,
    0x52, 0x84, 0x52, 0x84, 0xf8, 0xbd, 0xbe, 0xf7, 0xf8, 0xbd, 0x32, 0x84,
    0xfc, 0xde, 0xfc, 0xde, 0xfc, 0xde, 0xfc, 0xde, 0xfb, 0xde, 0xfb, 0xde,
    0xdb, 0xde, 0xdb, 0xde, 0xdb, 0xde, 0xdb, 0xde, 0xdb, 0xd6, 0xdb, 0xd6,
    0xbb, 0xd6, 0xbb, 0xd6, 0xbb, 0xd6, 0xbb, 0xd6, 0xbb, 0xd6, 0xbb, 0xd6,
    0xba, 0xd6, 0x9a, 0xd6, 0x9a, 0xd6, 0x9a, 0xd6, 0x9a, 0xd6, 0x9a, 0xce,
    0x9a, 0xce, 0x9a, 0xce, 0x7a, 0xce, 0x7a, 0xce, 0x7a, 0xce, 0x7a, 0xce,
    0x7a, 0xce, 0x7a, 0xce, 0x59, 0xce, 0x59, 0xce, 0x59, 0xce, 0x59, 0xce,
    0x59, 0xc6, 0x59, 0xc6, 0x59, 0xc6, 0x39, 0xc6, 0x39, 0xc6, 0xfb, 0xde,
    0x9e, 0xf7, 0xdb, 0xde, 0xf8, 0xc5, 0xb7, 0xc5, 0x56, 0xc5, 0x14, 0xc5,
    0xb3, 0xc4, 0xd3, 0xdc, 0x14, 0xed, 0x71, 0xe4, 0xaf, 0xd3, 0xf0, 0xd3,
    0xf0, 0xc3, 0x31, 0xc4, 0x92, 0xc4, 0x96, 0xdd, 0xba, 0xf6, 0x39, 0xde,
    0x97, 0xbd, 0xb7, 0xbd, 0xb7, 0xb5, 0xd7, 0xb5, 0xd7, 0xb5, 0xbb, 0xd6,
    0xbe, 0xf7, 0xbb, 0xd6, 0xb7, 0xb5, 0xb7, 0xb5, 0xb7, 0xb5, 0xb7, 0xb5,
    0x97, 0xb5, 0x9a, 0xd6, 0xbe, 0xf7, 0x9a, 0xd6, 0x96, 0xad, 0x96, 0xad,
    0x96, 0xad, 0x76, 0xad, 0x76, 0xad, 0x9a, 0xd6, 0xbe, 0xf7, 0x9a, 0xd6,
    0x76, 0xad, 0x76, 0xad, 0x56, 0xa5, 0x56, 0xa5, 0x56, 0xa5, 0x7a, 0xce,
    0xbe, 0xf7, 0x7a, 0xce, 0x35, 0xa5, 0x35, 0xa5, 0x35, 0xa5, 0x35, 0xa5,
    0x35, 0xa5, 0x7a, 0xce, 0xbe, 0xf7, 0x59, 0xce, 0x15, 0x9d, 0x15, 0x9d,
    0x15, 0x9d, 0x15, 0x9d, 0x15, 0x9d, 0x59, 0xce, 0xbe, 0xf7, 0x59, 0xce,
    0xf4, 0x9c, 0xf4, 0x9c, 0xf4, 0x9c, 0xf4, 0x9c, 0xd4, 0x94, 0x39, 0xc6,
    0xbe, 0xf7, 0x39, 0xc6, 0xd4, 0x94, 0xd4, 0x94, 0xd4, 0x94, 0xb4, 0x94,
    0xb3, 0x94, 0x39, 0xc6, 0xbe, 0xf7, 0x39, 0xc6, 0xb3, 0x94, 0xb3, 0x8c,
    0x93, 0x8c, 0x93, 0x8c, 0x93, 0x8c, 0x18, 0xc6, 0xbe, 0xf7, 0x18, 0xc6,
    0x73, 0x8c, 0x73, 0x8c, 0x73, 0x8c, 0x72, 0x8c, 0x72, 0x8c, 0x18, 0xbe,
    0xbe, 0xf7, 0xf8, 0xbd, 0x52, 0x84, 0x52, 0x84, 0x52, 0x84, 0x52, 0x84,
    0x52, 0x84, 0xf8, 0xbd, 0xbe, 0xf7, 0xf8, 0xbd, 0x32, 0x84, 0x32, 0x84,
    0xfc, 0xde, 0xfc, 0xde, 0xfb, 0xde, 0xfb, 0xde, 0xdb, 0xde, 0xdb, 0xde,
    0xdb, 0xde, 0xdb, 0xde, 0xdb, 0xd6, 0xdb, 0xd6, 0xdb, 0xd6, 0xbb, 0xd6,
    0xbb, 0xd6, 0xbb, 0xd6, 0xbb, 0xd6, 0xbb, 0xd6, 0xba, 0xd6, 0xba, 0xd6,
    0x9a, 0xd6, 0x9a, 0xd6, 0x9a, 0xd6, 0x9a, 0xce, 0x9a, 0xce, 0x9a, 0xce,
    0x7a, 0xce, 0x7a, 0xce, 0x7a, 0xce, 0x7a, 0xce, 0x7a, 0xce, 0x7a, 0xce,
    0x7a, 0xce, 0x59, 0xce, 0x59, 0xce, 0x59, 0xce, 0x59, 0xc6, 0x59, 0xc6,
    0x59, 0xc6, 0x59, 0xc6, 0x39, 0xc6, 0x39, 0xc6, 0x9a, 0xd6, 0x9e, 0xf7,
    0xdb, 0xde, 0xf8, 0xc5, 0xb7, 0xc5, 0x56, 0xc5, 0xf4, 0xc4, 0x72, 0xcc,
    0x72, 0xdc, 0xae, 0xf3, 0xaa, 0xfa, 0x69, 0xfa, 0x69, 0xfa, 0x69, 0xfa,
    0x8a, 0xfa, 0x2c, 0xe3, 0x71, 0xdc, 0x96, 0xf5, 0x76, 0xdd, 0x15, 0xbd,
    0x76, 0xbd, 0x97, 0xbd, 0xb7, 0xb5, 0xb7, 0xb5, 0xba, 0xd6, 0xbe, 0xf7,
    0xbb, 0xd6, 0xb7, 0xb5, 0xb7, 0xb5, 0xb7, 0xb5, 0xb7, 0xb5, 0x97, 0xb5,
    0x9a, 0xd6, 0xbe, 0xf7, 0x9a, 0xd6, 0x96, 0xad, 0x96, 0xad, 0x96, 0xad,
    0x76, 0xad, 0x76, 0xad, 0x9a, 0xd6, 0xbe, 0xf7, 0x9a, 0xce, 0x76, 0xad,
    0x56, 0xad, 0x56, 0xa5, 0x56, 0xa5, 0x56, 0xa5, 0x7a, 0xce, 0xbe, 0xf7,
    0x7a, 0xce, 0x35, 0xa5, 0x35, 0xa5, 0x35, 0xa5, 0x35, 0xa5, 0x35, 0xa5,
    0x79, 0xce, 0xbe, 0xf7, 0x59, 0xce, 0x15, 0x9d, 0x15, 0x9d, 0x15, 0x9d,
    0x15, 0x9d, 0x15, 0x9d, 0x59, 0xce, 0xbe, 0xf7, 0x59, 0xce, 0xf4, 0x9c,
    0xf4, 0x9c, 0xf4, 0x9c, 0xf4, 0x94, 0xd4, 0x94, 0x39, 0xc6, 0xbe, 0xf7,
    0x39, 0xc6, 0xd4, 0x94, 0xd4, 0x94, 0xd4, 0x94, 0xb4, 0x94, 0xb3, 0x94,
    0x39, 0xc6, 0xbe, 0xf7, 0x39, 0xc6, 0xb3, 0x8c, 0x93, 0x8c, 0x93, 0x8c,
    0x93, 0x8c, 0x93, 0x8c, 0x18, 0xc6, 0xbe, 0xf7, 0x18, 0xc6, 0x73, 0x8c,
    0x73, 0x8c, 0x73, 0x8c, 0x72, 0x8c, 0x72, 0x8c, 0x18, 0xbe, 0xbe, 0xf7,
    0xf8, 0xbd, 0x52, 0x84, 0x52, 0x84, 0x52, 0x84, 0x52, 0x84, 0x52, 0x84,
    0xf8, 0xbd, 0xbe, 0xf7, 0xf8, 0xbd, 0x32, 0x84, 0x31, 0x7c, 0x31, 0x7c,
    0xfc, 0xde, 0xfc, 0xde, 0xfb, 0xde, 0xfb, 0xde, 0xdb, 0xde, 0xdb, 0xde,
    0xdb, 0xde, 0xdb, 0xde, 0xdb, 0xd6, 0xdb, 0xd6, 0xbb, 0xd6, 0xbb, 0xd6,
    0xbb, 0xd6, 0xbb, 0xd6, 0xbb, 0xd6, 0xbb, 0xd6, 0xba, 0xd6, 0x9a, 0xd6,
    0x9a, 0xd6, 0x9a, 0xd6, 0x9a, 0xd6, 0x9a, 0xce, 0x9a, 0xce, 0x9a, 0xce,
    0x7a, 0xce, 0x7a, 0xce, 0x7a, 0xce, 0x7a, 0xce, 0x7a, 0xce, 0x7a, 0xce,
    0x5a, 0xce, 0x59, 0xce, 0x59, 0xce, 0x59, 0xce, 0x59, 0xc6, 0x59, 0xc6,
    0x59, 0xc6, 0x39, 0xc6, 0x39, 0xc6, 0x39, 0xc6, 0xfb, 0xde, 0xdb, 0xde,
    0xf8, 0xc5, 0xd7, 0xc5, 0x76, 0xc5, 0x14, 0xc5, 0x72, 0xcc, 0x71, 0xe4,
    0xcb, 0xfa, 0x69, 0xfa, 0x69, 0xfa, 0x69, 0xfa, 0x69, 0xfa, 0x69, 0xfa,
    0x69, 0xfa, 0x69, 0xfa, 0xcb, 0xfa, 0x51, 0xdc, 0x51, 0xc4, 0xd3, 0xbc,
    0x35, 0xbd, 0x76, 0xbd, 0x97, 0xb5, 0x9a, 0xd6, 0x9e, 0xf7, 0xbb, 0xd6,
    0xb7, 0xb5, 0xb7, 0xb5, 0xb7, 0xb5, 0xb7, 0xb5, 0x97, 0xb5, 0x9a, 0xd6,
    0xbe, 0xf7, 0x9a, 0xd6, 0x97, 0xad, 0x96, 0xad, 0x96, 0xad, 0x76, 0xad,
    0x76, 0xad, 0x9a, 0xd6, 0xbe, 0xf7, 0x9a, 0xd6, 0x76, 0xad, 0x76, 0xad,
    0x56, 0xa5, 0x56, 0xa5, 0x56, 0xa5, 0x7a, 0xce, 0xbe, 0xf7, 0x7a, 0xce,
    0x35, 0xa5, 0x35, 0xa5, 0x35, 0xa5, 0x35, 0xa5, 0x35, 0xa5, 0x7a, 0xce,
    0xbe, 0xf7, 0x59, 0xce, 0x15, 0x9d, 0x15, 0x9d, 0x15, 0x9d, 0x15, 0x9d,
    0x15, 0x9d, 0x59, 0xce, 0xbe, 0xf7, 0x59, 0xce, 0xf4, 0x9c, 0xf4, 0x9c,
    0xf4, 0x9c, 0xf4, 0x9c, 0xd4, 0x94, 0x39, 0xc6, 0xbe, 0xf7, 0x39, 0xc6,
    0xd4, 0x94, 0xd4, 0x94, 0xd4, 0x94, 0xb4, 0x94, 0xb3, 0x94, 0x39, 0xc6,
    0xbe, 0xf7, 0x39, 0xc6, 0xb3, 0x94, 0xb3, 0x8c, 0x93, 0x8c, 0x93, 0x8c,
    0x93, 0x8c, 0x18, 0xc6, 0xbe, 0xf7, 0x18, 0xc6, 0x73, 0x8c, 0x73, 0x8c,
    0x73, 0x8c, 0x72, 0x8c, 0x72, 0x8c, 0x18, 0xbe, 0xbe, 0xf7, 0xf8, 0xbd,
    0x52, 0x84, 0x52, 0x84, 0x52, 0x84, 0x52, 0x84, 0x52, 0x84, 0xf8, 0xbd,
    0xbe, 0xf7, 0xf8, 0xbd, 0x32, 0x84, 0x32, 0x84, 0x31, 0x7c, 0x31, 0x7c,
    0xfb, 0xde, 0xfb, 0xde, 0xdb, 0xde, 0xdb, 0xde, 0xdb, 0xde, 0xdb, 0xde,
    0xdb, 0xd6, 0xdb, 0xd6, 0xbb, 0xd6, 0xbb, 0xd6, 0xbb, 0xd6, 0xbb, 0xd6,
    0xbb, 0xd6, 0xbb, 0xd6, 0xba, 0xd6, 0x9a, 0xd6, 0x9a, 0xd6, 0x9a, 0xd6,
    0x9a, 0xd6, 0x9a, 0xce, 0x9a, 0xce, 0x9a, 0xce, 0x7a, 0xce, 0x7a, 0xce,
    0x7a, 0xce, 0x7a, 0xce, 0x7a, 0xce, 0x7a, 0xce, 0x59, 0xce, 0x59, 0xce,
    0x59, 0xce, 0x59, 0xce, 0x59, 0xc6, 0x59, 0xc6, 0x59, 0xc6, 0x39, 0xc6,
    0x39, 0xc6, 0x39, 0xc6, 0x39, 0xc6, 0x39, 0xc6, 0x7a, 0xce, 0x18, 0xc6,
    0xd8, 0xc5, 0xb7, 0xc5, 0x35, 0xc5, 0xb2, 0xc4, 0x72, 0xdc, 0xcb, 0xfa,
    0x69, 0xfa, 0x69, 0xfa, 0x69, 0xfa, 0x69, 0xfa, 0x69, 0xfa, 0x69, 0xfa,
    0x69, 0xfa, 0x69, 0xfa, 0x69, 0xfa, 0xaa, 0xf2, 0xcf, 0xc3, 0x72, 0xc4,
    0xf4, 0xbc, 0x55, 0xbd, 0x7a, 0xd6, 0x9e, 0xf7, 0xba, 0xd6, 0xb7, 0xb5,
    0xb7, 0xb5, 0xb7, 0xb5, 0x97, 0xb5, 0x97, 0xb5, 0x9a, 0xd6, 0xbe, 0xf7,
    0x9a, 0xd6, 0x96, 0xad, 0x96, 0xad, 0x76, 0xad, 0x76, 0xad, 0x76, 0xad,
    0x9a, 0xd6, 0xbe, 0xf7, 0x9a, 0xce, 0x76, 0xad, 0x56, 0xa5, 0x56, 0xa5,
    0x56, 0xa5, 0x56, 0xa5, 0x7a, 0xce, 0xbe, 0xf7, 0x7a, 0xce, 0x35, 0xa5,
    0x35, 0xa5, 0x35, 0xa5, 0x35, 0xa5, 0x35, 0xa5, 0x79, 0xce, 0xbe, 0xf7,
    0x59, 0xce, 0x15, 0x9d, 0x15, 0x9d, 0x15, 0x9d, 0x15, 0x9d, 0x15, 0x9d,
    0x59, 0xce, 0xbe, 0xf7, 0x59, 0xce, 0xf4, 0x9c, 0xf4, 0x9c, 0xf4, 0x9c,
    0xd4, 0x94, 0xd4, 0x94, 0x39, 0xc6, 0xbe, 0xf7, 0x39, 0xc6, 0xd4, 0x94,
    0xd4, 0x94, 0xb4, 0x94, 0xb3, 0x94, 0xb3, 0x94, 0x39, 0xc6, 0xbe, 0xf7,
    0x39, 0xc6, 0xb3, 0x8c, 0x93, 0x8c, 0x93, 0x8c, 0x93, 0x8c, 0x93, 0x8c,
    0x18, 0xc6, 0xbe, 0xf7, 0x18, 0xc6, 0x73, 0x8c, 0x73, 0x8c, 0x72, 0x8c,
    0x72, 0x8c, 0x72, 0x8c, 0x18, 0xbe, 0xbe, 0xf7, 0xf8, 0xbd, 0x52, 0x84,
    0x52, 0x84, 0x52, 0x84, 0x52, 0x84, 0x52, 0x84, 0xf8, 0xbd, 0xbe, 0xf7,
    0xf8, 0xbd, 0x32, 0x84, 0x31, 0x7c, 0x31, 0x7c, 0x11, 0x7c, 0x11, 0x7c,
    0xfb, 0xde, 0xfb, 0xde, 0xdb, 0xde, 0xdb, 0xde, 0xdb, 0xde, 0xdb, 0xde,
    0xdb, 0xd6, 0xdb, 0xd6, 0xbb, 0xd6, 0xbb, 0xd6, 0xbb, 0xd6, 0xbb, 0xd6,
    0xbb, 0xd6, 0xbb, 0xd6, 0xba, 0xd6, 0x9a, 0xd6, 0x9a, 0xd6, 0x9a, 0xd6,
    0x9a, 0xce, 0x9a, 0xce, 0x9a, 0xce, 0x9a, 0xce, 0x7a, 0xce, 0x7a, 0xce,
    0x7a, 0xce, 0x7a, 0xce, 0x7a, 0xce, 0x7a, 0xce, 0x59, 0xce, 0x59, 0xce,
    0x59, 0xce, 0x59, 0xce, 0x59, 0xc6, 0x59, 0xc6, 0x59, 0xc6, 0x39, 0xc6,
    0x39, 0xc6, 0x39, 0xc6, 0x39, 0xc6, 0x39, 0xc6, 0x18, 0xc6, 0x18, 0xc6,
    0xd7, 0xc5, 0x76, 0xc5, 0xf4, 0xc4, 0xd3, 0xdc, 0xae, 0xf3, 0x69, 0xfa,
    0x69, 0xfa, 0x69, 0xfa, 0x69, 0xfa, 0x69, 0xfa, 0x69, 0xfa, 0x69, 0xfa,
    0x69, 0xfa, 0x69, 0xfa, 0x69, 0xfa, 0x69, 0xfa, 0x0c, 0xe3, 0x10, 0xc4,
    0xb3, 0xbc, 0x18, 0xd6, 0x5d, 0xf7, 0x9a, 0xd6, 0xb7, 0xb5, 0xb7, 0xb5,
    0xb7, 0xb5, 0xb7, 0xb5, 0x97, 0xb5, 0x9a, 0xd6, 0xbe, 0xf7, 0x9a, 0xd6,
    0x96, 0xad, 0x96, 0xad, 0x96, 0xad, 0x76, 0xad, 0x76, 0xad, 0x9a, 0xd6,
    0xbe, 0xf7, 0x9a, 0xce, 0x76, 0xad, 0x76, 0xad, 0x56, 0xa5, 0x56, 0xa5,
    0x56, 0xa5, 0x7a, 0xce, 0xbe, 0xf7, 0x7a, 0xce, 0x35, 0xa5, 0x35, 0xa5,
    0x35, 0xa5, 0x35, 0xa5, 0x35, 0xa5, 0x7a, 0xce, 0xbe, 0xf7, 0x59, 0xce,
    0x15, 0x9d, 0x15, 0x9d, 0x15, 0x9d, 0x15, 0x9d, 0x15, 0x9d, 0x59, 0xce,
    0xbe, 0xf7, 0x59, 0xce, 0xf4, 0x9c, 0xf4, 0x9c, 0xf4, 0x9c, 0xf4, 0x9c,
    0xd4, 0x94, 0x39, 0xc6, 0xbe, 0xf7, 0x39, 0xc6, 0xd4, 0x94, 0xd4, 0x94,
    0xd4, 0x94, 0xb4, 0x94, 0xb3, 0x94, 0x39, 0xc6, 0xbe, 0xf7, 0x39, 0xc6,
    0xb3, 0x8c, 0xb3, 0x8c, 0x93, 0x8c, 0x93, 0x8c, 0x93, 0x8c, 0x18, 0xc6,
    0xbe, 0xf7, 0x18, 0xc6, 0x73, 0x8c, 0x73, 0x8c, 0x73, 0x8c, 0x72, 0x8c,
    0x72, 0x8c, 0x18, 0xbe, 0xbe, 0xf7, 0xf8, 0xbd, 0x52, 0x84, 0x52, 0x84,
    0x52, 0x84, 0x52, 0x84, 0x52, 0x84, 0xf8, 0xbd, 0xbe, 0xf7, 0xf8, 0xbd,
    0x32, 0x84, 0x32, 0x84, 0x31, 0x7c, 0x31, 0x7c, 0x11, 0x7c, 0xd8, 0xbd,
    0xdb, 0xde, 0xdb, 0xde, 0xdb, 0xde, 0xdb, 0xde, 0xdb, 0xd6, 0xdb, 0xd6,
    0xdb, 0xd6, 0xbb, 0xd6, 0xbb, 0xd6, 0xbb, 0xd6, 0xbb, 0xd6, 0xbb, 0xd6,
    0xba, 0xd6, 0x9a, 0xd6, 0x9a, 0xd6, 0x9a, 0xd6, 0x9a, 0xd6, 0x9a, 0xce,
    0x9a, 0xce, 0x9a, 0xce, 0x7a, 0xce, 0x7a, 0xce, 0x7a, 0xce, 0x7a, 0xce,
    0x7a, 0xce, 0x7a, 0xce, 0x5a, 0xce, 0x59, 0xce, 0x59, 0xce, 0x59, 0xce,
    0x59, 0xc6, 0x59, 0xc6, 0x59, 0xc6, 0x39, 0xc6, 0x39, 0xc6, 0x39, 0xc6,
    0x39, 0xc6, 0x39, 0xc6, 0x39, 0xc6, 0x19, 0xc6, 0x18, 0xc6, 0xf8, 0xc5,
    0xb7, 0xc5, 0x55, 0xc5, 0x55, 0xdd, 0x14, 0xed, 0xaa, 0xfa, 0x69, 0xfa,
    0x69, 0xfa, 0x69, 0xfa, 0x69, 0xfa, 0x69, 0xfa, 0x69, 0xfa, 0x69, 0xfa,
    0x69, 0xfa, 0x69, 0xfa, 0x69, 0xfa, 0x69, 0xfa, 0x8a, 0xfa, 0xcf, 0xc3,
    0x35, 0xd5, 0xba, 0xf6, 0x59, 0xd6, 0x96, 0xb5, 0xb7, 0xb5, 0x97, 0xb5,
    0x97, 0xb5, 0x97, 0xb5, 0x9a, 0xd6, 0xbe, 0xf7, 0x9a, 0xd6, 0x96, 0xad,
    0x96, 0xad, 0x76, 0xad, 0x76, 0xad, 0x76, 0xad, 0x9a, 0xd6, 0xbe, 0xf7,
    0x9a, 0xce, 0x76, 0xad, 0x56, 0xad, 0x56, 0xa5, 0x56, 0xa5, 0x56, 0xa5,
    0x7a, 0xce, 0xbe, 0xf7, 0x7a, 0xce, 0x35, 0xa5, 0x35, 0xa5, 0x35, 0xa5,
    0x35, 0xa5, 0x35, 0xa5, 0x79, 0xce, 0xbe, 0xf7, 0x59, 0xce, 0x15, 0x9d,
    0x15, 0x9d, 0x15, 0x9d, 0x15, 0x9d, 0x15, 0x9d, 0x59, 0xce, 0x71, 0xdc,
    0x59, 0xce, 0xf4, 0x9c, 0xf4, 0x9c, 0xf4, 0x9c, 0xd4, 0x94, 0xd4, 0x94,
    0x39, 0xc6, 0xbe, 0xf7, 0x39, 0xc6, 0xd4, 0x94, 0xd4, 0x94, 0xb4, 0x94,
    0xb3, 0x94, 0xb3, 0x94, 0x39, 0xc6, 0xbe, 0xf7, 0x39, 0xc6, 0xb3, 0x8c,
    0x93, 0x8c, 0x93, 0x8c, 0x93, 0x8c, 0x93, 0x8c, 0x18, 0xc6, 0xbe, 0xf7,
    0x18, 0xc6, 0x73, 0x8c, 0x73, 0x8c, 0x72, 0x8c, 0x72, 0x8c, 0x72, 0x8c,
    0x18, 0xbe, 0xbe, 0xf7, 0xf8, 0xbd, 0x52, 0x84, 0x52, 0x84, 0x52, 0x84,
    0x52, 0x84, 0x52, 0x84, 0xf8, 0xbd, 0xbe, 0xf7, 0xf8, 0xbd, 0x32, 0x84,
    0x31, 0x7c, 0x31, 0x7c, 0x11, 0x7c, 0x11, 0x7c, 0xd8, 0xbd, 0xbe, 0xf7,
    0xdb, 0xde, 0xdb, 0xde, 0xdb, 0xde, 0xdb, 0xde, 0xdb, 0xd6, 0xdb, 0xd6,
    0xbb, 0xd6, 0xbb, 0xd6, 0xbb, 0xd6, 0xbb, 0xd6, 0xbb, 0xd6, 0xbb, 0xd6,
    0xba, 0xd6, 0x9a, 0xd6, 0x9a, 0xd6, 0x9a, 0xd6, 0x9a, 0xd6, 0x9a, 0xce,
    0x9a, 0xce, 0x9a, 0xce, 0x7a, 0xce, 0x7a, 0xce, 0x7a, 0xce, 0x7a, 0xce,
    0x7a, 0xce, 0x7a, 0xce, 0x5a, 0xce, 0x59, 0xce, 0x59, 0xce, 0x59, 0xce,
    0x59, 0xc6, 0x59, 0xc6, 0x59, 0xc6, 0x39, 0xc6, 0x39, 0xc6, 0x39, 0xc6,
    0x39, 0xc6, 0x39, 0xc6, 0x39, 0xc6, 0x19, 0xc6, 0x18, 0xc6, 0xf8, 0xc5,
    0xb7, 0xc5, 0xf7, 0xdd, 0xd7, 0xf5, 0x71, 0xe4, 0x69, 0xfa, 0x69, 0xfa,
    0x69, 0xfa, 0x69, 0xfa, 0x69, 0xfa, 0x69, 0xfa, 0x69, 0xfa, 0x69, 0xfa,
    0x69, 0xfa, 0x69, 0xfa, 0x69, 0xfa, 0x69, 0xfa, 0x69, 0xfa, 0x51, 0xdc,
    0xd7, 0xf5, 0xd7, 0xd5, 0x55, 0xb5, 0x96, 0xb5, 0x97, 0xb5, 0x97, 0xb5,
    0x97, 0xb5, 0x9a, 0xd6, 0xbe, 0xf7, 0x9a, 0xd6, 0x97, 0xad, 0x96, 0xad,
    0x96, 0xad, 0x76, 0xad, 0x76, 0xad, 0x9a, 0xd6, 0xbe, 0xf7, 0x9a, 0xd6,
    0x76, 0xad, 0x76, 0xad, 0x56, 0xa5, 0x56, 0xa5, 0x56, 0xa5, 0x7a, 0xce,
    0xbe, 0xf7, 0x7a, 0xce, 0x35, 0xa5, 0x35, 0xa5, 0x35, 0xa5, 0x35, 0xa5,
    0x35, 0xa5, 0x7a, 0xce, 0xbe, 0xf7, 0x59, 0xce, 0x15, 0x9d, 0x15, 0x9d,
    0x15, 0x9d, 0x15, 0x9d, 0x15, 0x9d, 0x59, 0xce, 0x71, 0xe4, 0x25, 0xc9,
    0xf4, 0x9c, 0xf4, 0x9c, 0xf4, 0x9c, 0xf4, 0x9c, 0xd4, 0x94, 0x39, 0xc6,
    0xbe, 0xf7, 0x39, 0xc6, 0xd4, 0x94, 0xd4, 0x94, 0xd4, 0x94, 0xb4, 0x94,
    0xb3, 0x94, 0x39, 0xc6, 0xbe, 0xf7, 0x39, 0xc6, 0xb3, 0x94, 0xb3, 0x8c,
    0x93, 0x8c, 0x93, 0x8c, 0x93, 0x8c, 0x18, 0xc6, 0xbe, 0xf7, 0x18, 0xc6,
    0x73, 0x8c, 0x73, 0x8c, 0x73, 0x8c, 0x72, 0x8c, 0x72, 0x8c, 0x18, 0xbe,
    0xbe, 0xf7, 0xf8, 0xbd, 0x52, 0x84, 0x52, 0x84, 0x52, 0x84, 0x52, 0x84,
    0x52, 0x84, 0xf8, 0xbd, 0xbe, 0xf7, 0xf8, 0xbd, 0x32, 0x84, 0x32, 0x84,
    0x31, 0x7c, 0x31, 0x7c, 0x11, 0x7c, 0xd8, 0xbd, 0xbe, 0xf7, 0xd8, 0xbd,
    0xdb, 0xde, 0xdb, 0xde, 0xdb, 0xd6, 0xdb, 0xd6, 0xbb, 0xd6, 0xbb, 0xd6,
    0xbb, 0xd6, 0xbb, 0xd6, 0xbb, 0xd6, 0xbb, 0xd6, 0xba, 0xd6, 0x9a, 0xd6,
    0x9a, 0xd6, 0x9a, 0xd6, 0x9a, 0xd6, 0x9a, 0xce, 0x9a, 0xce, 0x9a, 0xce,
    0x7a, 0xce, 0x7a, 0xce, 0x7a, 0xce, 0x7a, 0xce, 0x7a, 0xce, 0x7a, 0xce,
    0x59, 0xce, 0x59, 0xce, 0x59, 0xce, 0x59, 0xce, 0x59, 0xc6, 0x59, 0xc6,
    0x59, 0xc6, 0x39, 0xc6, 0x39, 0xc6, 0x39, 0xc6, 0x39, 0xc6, 0x39, 0xc6,
    0x39, 0xc6, 0x39, 0xc6, 0x19, 0xc6, 0x18, 0xc6, 0x18, 0xbe, 0xd8, 0xc5,
    0x59, 0xde, 0x9a, 0xf6, 0x34, 0xdd, 0xaf, 0xd3, 0x69, 0xfa, 0x69, 0xfa,
    0x69, 0xfa, 0x69, 0xfa, 0x69, 0xfa, 0x69, 0xfa, 0x69, 0xfa, 0x69, 0xfa,
    0x69, 0xfa, 0x69, 0xfa, 0x69, 0xfa, 0x69, 0xfa, 0x69, 0xfa, 0x4d, 0xcb,
    0x6e, 0xab, 0x8e, 0x93, 0xcf, 0x8b, 0xf0, 0x8b, 0x10, 0x84, 0x10, 0x84,
    0x92, 0x94, 0x14, 0xad, 0x92, 0x94, 0x10, 0x84, 0x10, 0x84, 0x10, 0x84,
    0x10, 0x84, 0x10, 0x84, 0x92, 0x94, 0x14, 0xad, 0x92, 0x94, 0xf0, 0x83,
    0xf0, 0x83, 0xf0, 0x83, 0xf0, 0x83, 0xf0, 0x83, 0x92, 0x94, 0x14, 0xad,
    0x72, 0x94, 0xf0, 0x7b, 0xf0, 0x7b, 0xf0, 0x7b, 0xcf, 0x7b, 0xcf, 0x7b,
    0x72, 0x94, 0x14, 0xad, 0x72, 0x94, 0xcf, 0x7b, 0xcf, 0x7b, 0xcf, 0x7b,
    0xcf, 0x7b, 0xcf, 0x7b, 0x71, 0x94, 0x14, 0xad, 0x45, 0xc9, 0x45, 0xc9,
    0x0d, 0xb3, 0xaf, 0x7b, 0xaf, 0x7b, 0xaf, 0x7b, 0x71, 0x94, 0x14, 0xad,
    0x71, 0x8c, 0xaf, 0x73, 0xaf, 0x73, 0xaf, 0x73, 0xaf, 0x73, 0xaf, 0x73,
    0x51, 0x8c, 0x14, 0xad, 0x51, 0x8c, 0x8e, 0x73, 0x8e, 0x73, 0x8e, 0x73,
    0x8e, 0x73, 0x8e, 0x73, 0x51, 0x8c, 0x14, 0xad, 0x51, 0x8c, 0x8e, 0x73,
    0x8e, 0x73, 0x8e, 0x73, 0x6e, 0x73, 0x6e, 0x73, 0x51, 0x8c, 0x14, 0xad,
    0x51, 0x8c, 0x6e, 0x6b, 0x6e, 0x6b, 0x6e, 0x6b, 0x6e, 0x6b, 0x6e, 0x6b,
    0x31, 0x8c, 0x14, 0xad, 0x31, 0x8c, 0x4e, 0x6b, 0x4e, 0x6b, 0x4e, 0x6b,
    0x4e, 0x6b, 0x4e, 0x6b, 0x31, 0x8c, 0x14, 0xad, 0x31, 0x8c, 0x4d, 0x6b,
    0xdb, 0xde, 0xdb, 0xde, 0xdb, 0xd6, 0xdb, 0xd6, 0xbb, 0xd6, 0xbb, 0xd6,
    0xbb, 0xd6, 0xbb, 0xd6, 0xbb, 0xd6, 0xbb, 0xd6, 0xba, 0xd6, 0x9a, 0xd6,
    0x9a, 0xd6, 0x9a, 0xd6, 0x9a, 0xd6, 0x9a, 0xce, 0x9a, 0xce, 0x9a, 0xce,
    0x7a, 0xce, 0x7a, 0xce, 0x7a, 0xce, 0x7a, 0xce, 0x7a, 0xce, 0x7a, 0xce,
    0x59, 0xce, 0x59, 0xce, 0x59, 0xce, 0x59, 0xce, 0x59, 0xc6, 0x59, 0xc6,
    0x59, 0xc6, 0x39, 0xc6, 0x39, 0xc6, 0x39, 0xc6, 0x39, 0xc6, 0x39, 0xc6,
    0x39, 0xc6, 0x39, 0xc6, 0x19, 0xc6, 0x18, 0xc6, 0x18, 0xbe, 0xba, 0xde,
    0x3c, 0xf7, 0xf7, 0xdd, 0x92, 0xc4, 0xf0, 0xd3, 0x69, 0xfa, 0x69, 0xfa,
    0x69, 0xfa, 0x69, 0xfa, 0x69, 0xfa, 0x69, 0xfa, 0x69, 0xfa, 0x69, 0xfa,
    0x69, 0xfa, 0x69, 0xfa, 0x69, 0xfa, 0x69, 0xfa, 0x69, 0xfa, 0x08, 0x9a,
    0xe7, 0x79, 0x28, 0x6a, 0x69, 0x62, 0x8a, 0x5a, 0x8a, 0x5a, 0x8a, 0x5a,
    0x8a, 0x5a, 0x8a, 0x5a, 0x8a, 0x5a, 0x8a, 0x5a, 0x8a, 0x5a, 0x8a, 0x5a,
    0x8a, 0x5a, 0x8a, 0x5a, 0x8a, 0x5a, 0x8a, 0x5a, 0x8a, 0x5a, 0x8a, 0x5a,
    0x8a, 0x5a, 0x8a, 0x5a, 0x8a, 0x5a, 0x8a, 0x5a, 0x8a, 0x5a, 0x8a, 0x5a,
    0x8a, 0x5a, 0x8a, 0x5a, 0x8a, 0x5a, 0x8a, 0x5a, 0x8a, 0x5a, 0x8a, 0x5a,
    0x8a, 0x5a, 0x8a, 0x5a, 0x8a, 0x5a, 0x8a, 0x5a, 0x8a, 0x5a, 0x8a, 0x5a,
    0x8a, 0x5a, 0x8a, 0x5a, 0x8a, 0x5a, 0x08, 0x92, 0x65, 0xc9, 0x65, 0xc9,
    0x65, 0xc9, 0x8a, 0x5a, 0x8a, 0x5a, 0x8a, 0x5a, 0x8a, 0x5a, 0x8a, 0x5a,
    0x8a, 0x5a, 0x8a, 0x5a, 0x8a, 0x5a, 0x8a, 0x5a, 0x8a, 0x5a, 0x8a, 0x5a,
    0x8a, 0x5a, 0x8a, 0x5a, 0x8a, 0x5a, 0x8a, 0x5a, 0x8a, 0x5a, 0x8a, 0x5a,
    0x8a, 0x5a, 0x8a, 0x5a, 0x8a, 0x5a, 0x8a, 0x5a, 0x8a, 0x5a, 0x8a, 0x5a,
    0x8a, 0x5a, 0x8a, 0x5a, 0x8a, 0x5a, 0x8a, 0x5a, 0x8a, 0x5a, 0x8a, 0x5a,
    0x8a, 0x5a, 0x8a, 0x5a, 0x8a, 0x5a, 0x8a, 0x5a, 0x8a, 0x5a, 0x8a, 0x5a,
    0x8a, 0x5a, 0x8a, 0x5a, 0x8a, 0x5a, 0x8a, 0x5a, 0x8a, 0x5a, 0x8a, 0x5a,
    0x8a, 0x5a, 0x8a, 0x5a, 0x8a, 0x5a, 0x8a, 0x5a, 0x8a, 0x5a, 0x8a, 0x5a,
    0xdb, 0xd6, 0xdb, 0xd6, 0xdb, 0xd6, 0xbb, 0xd6, 0xbb, 0xd6, 0xbb, 0xd6,
    0xbb, 0xd6, 0xbb, 0xd6, 0xba, 0xd6, 0xba, 0xd6, 0x9a, 0xd6, 0x9a, 0xd6,
    0x9a, 0xd6, 0x9a, 0xce, 0x9a, 0xce, 0x9a, 0xce, 0x7a, 0xce, 0x7a, 0xce,
    0x7a, 0xce, 0x7a, 0xce, 0x7a, 0xce, 0x7a, 0xce, 0x7a, 0xce, 0x59, 0xce,
    0x59, 0xce, 0x59, 0xce, 0x59, 0xc6, 0x59, 0xc6, 0x59, 0xc6, 0x59, 0xc6,
    0x39, 0xc6, 0x39, 0xc6, 0x39, 0xc6, 0x39, 0xc6, 0x39, 0xc6, 0x39, 0xc6,
    0x19, 0xc6, 0x19, 0xc6, 0x18, 0xbe, 0x18, 0xbe, 0x7a, 0xce, 0x7d, 0xf7,
    0x79, 0xde, 0x55, 0xc5, 0xb3, 0xc4, 0xf0, 0xc3, 0x8a, 0xfa, 0x69, 0xfa,
    0x69, 0xfa, 0x69, 0xfa, 0x69, 0xfa, 0x69, 0xfa, 0x69, 0xfa, 0x69, 0xfa,
    0x69, 0xfa, 0x69, 0xfa, 0x69, 0xfa, 0x69, 0xfa, 0x69, 0xf2, 0xa6, 0x81,
    0x08, 0x72, 0x28, 0x6a, 0x69, 0x62, 0x69, 0x5a, 0x8a, 0x5a, 0x8a, 0x5a,
    0x8a, 0x5a, 0x8a, 0x5a, 0x8a, 0x5a, 0x8a, 0x5a, 0x8a, 0x5a, 0x8a, 0x5a,
    0x8a, 0x5a, 0x8a, 0x5a, 0x8a, 0x5a, 0x8a, 0x5a, 0x8a, 0x5a, 0x8a, 0x5a,
    0x8a, 0x5a, 0x8a, 0x5a, 0x8a, 0x5a, 0x8a, 0x5a, 0x8a, 0x5a, 0x8a, 0x5a,
    0x8a, 0x5a, 0x8a, 0x5a, 0x8a, 0x5a, 0x8a, 0x5a, 0x8a, 0x5a, 0x8a, 0x5a,
    0x8a, 0x5a, 0x8a, 0x5a, 0x8a, 0x5a, 0x8a, 0x5a, 0x8a, 0x5a, 0x8a, 0x5a,
    0x8a, 0x5a, 0x8a, 0x5a, 0x8a, 0x5a, 0x66, 0xc9, 0x65, 0xc9, 0x66, 0xc9,
    0x66, 0xc9, 0x08, 0x92, 0x8a, 0x5a, 0x8a, 0x5a, 0x8a, 0x5a, 0x8a, 0x5a,
    0x8a, 0x5a, 0x8a, 0x5a, 0x8a, 0x5a, 0x8a, 0x5a, 0x8a, 0x5a, 0x8a, 0x5a,
    0x8a, 0x5a, 0x8a, 0x5a, 0x8a, 0x5a, 0x8a, 0x5a, 0x8a, 0x5a, 0x8a, 0x5a,
    0x8a, 0x5a, 0x8a, 0x5a, 0x8a, 0x5a, 0x8a, 0x5a, 0x8a, 0x5a, 0x8a, 0x5a,
    0x8a, 0x5a, 0x8a, 0x5a, 0x8a, 0x5a, 0x8a, 0x5a, 0x8a, 0x5a, 0x8a, 0x5a,
    0x8a, 0x5a, 0x8a, 0x5a, 0x8a, 0x5a, 0x8a, 0x5a, 0x8a, 0x5a, 0x8a, 0x5a,
    0x8a, 0x5a, 0x8a, 0x5a, 0x8a, 0x5a, 0x8a, 0x5a, 0x8a, 0x5a, 0x8a, 0x5a,
    0x8a, 0x5a, 0x8a, 0x5a, 0x8a, 0x5a, 0x8a, 0x5a, 0x8a, 0x5a, 0x8a, 0x5a,
    0xdb, 0xd6, 0xdb, 0xd6, 0xbb, 0xd6, 0xbb, 0xd6, 0xbb, 0xd6, 0xbb, 0xd6,
    0xbb, 0xd6, 0xbb, 0xd6, 0xba, 0xd6, 0x9a, 0xd6, 0x9a, 0xd6, 0x9a, 0xd6,
    0x9a, 0xd6, 0x9a, 0xce, 0x9a, 0xce, 0x9a, 0xce, 0x7a, 0xce, 0x7a, 0xce,
    0x7a, 0xce, 0x7a, 0xce, 0x7a, 0xce, 0x7a, 0xce, 0x5a, 0xce, 0x59, 0xce,
    0x59, 0xce, 0x59, 0xce, 0x59, 0xc6, 0x59, 0xc6, 0x59, 0xc6, 0x39, 0xc6,
    0x39, 0xc6, 0x39, 0xc6, 0x39, 0xc6, 0x39, 0xc6, 0x39, 0xc6, 0x39, 0xc6,
    0x19, 0xc6, 0x19, 0xc6, 0x18, 0xbe, 0x18, 0xbe, 0xdb, 0xde, 0xbb, 0xde,
    0xb7, 0xbd, 0x76, 0xbd, 0xd4, 0xc4, 0x31, 0xc4, 0x2c, 0xe3, 0x69, 0xfa,
    0x69, 0xfa, 0x69, 0xfa, 0x69, 0xfa, 0x69, 0xfa, 0x69, 0xfa, 0x69, 0xfa,
    0x69, 0xfa, 0x69, 0xfa, 0x69, 0xfa, 0x69, 0xfa, 0x28, 0xca, 0xc7, 0x81,
    0x08, 0x72, 0x49, 0x62, 0x69, 0x62, 0x69, 0x5a, 0x8a, 0x5a, 0x8a, 0x5a,
    0x8a, 0x5a, 0x8a, 0x5a, 0x8a, 0x5a, 0x8a, 0x5a, 0x8a, 0x5a, 0x8a, 0x5a,
    0x8a, 0x5a, 0x8a, 0x5a, 0x8a, 0x5a, 0x8a, 0x5a, 0x8a, 0x5a, 0x8a, 0x5a,
    0x8a, 0x5a, 0x8a, 0x5a, 0x8a, 0x5a, 0x8a, 0x5a, 0x8a, 0x5a, 0x8a, 0x5a,
    0x8a, 0x5a, 0x8a, 0x5a, 0x8a, 0x5a, 0x8a, 0x5a, 0x8a, 0x5a, 0x8a, 0x5a,
    0x8a, 0x5a, 0x8a, 0x5a, 0x8a, 0x5a, 0x8a, 0x5a, 0x8a, 0x5a, 0x8a, 0x5a,
    0x8a, 0x5a, 0x8a, 0x5a, 0x08, 0x92, 0x86, 0xc9, 0x86, 0xc9, 0x86, 0xc9,
    0x86, 0xc9, 0x86, 0xc9, 0x8a, 0x5a, 0x8a, 0x5a, 0x8a, 0x5a, 0x8a, 0x5a,
    0x8a, 0x5a, 0x8a, 0x5a, 0x8a, 0x5a, 0x8a, 0x5a, 0x8a, 0x5a, 0x8a, 0x5a,
    0x8a, 0x5a, 0x8a, 0x5a, 0x8a, 0x5a, 0x8a, 0x5a, 0x8a, 0x5a, 0x8a, 0x5a,
    0x8a, 0x5a, 0x8a, 0x5a, 0x8a, 0x5a, 0x8a, 0x5a, 0x8a, 0x5a, 0x8a, 0x5a,
    0x8a, 0x5a, 0x8a, 0x5a, 0x8a, 0x5a, 0x8a, 0x5a, 0x8a, 0x5a, 0x8a, 0x5a,
    0x8a, 0x5a, 0x8a, 0x5a, 0x8a, 0x5a, 0x8a, 0x5a, 0x8a, 0x5a, 0x8a, 0x5a,
    0x8a, 0x5a, 0x8a, 0x5a, 0x8a, 0x5a, 0x8a, 0x5a, 0x8a, 0x5a, 0x8a, 0x5a,
    0x8a, 0x5a, 0x8a, 0x5a, 0x8a, 0x5a, 0x8a, 0x5a, 0x8a, 0x5a, 0x8a, 0x5a,
    0xbb, 0xd6, 0xbb, 0xd6, 0xbb, 0xd6, 0xbb, 0xd6, 0xbb, 0xd6, 0xbb, 0xd6,
    0xba, 0xd6, 0x9a, 0xd6, 0x9a, 0xd6, 0x9a, 0xd6, 0x9a, 0xd6, 0x9a, 0xce,
    0x9a, 0xce, 0x9a, 0xce, 0x7a, 0xce, 0x7a, 0xce, 0x7a, 0xce, 0x7a, 0xce,
    0x7a, 0xce, 0x7a, 0xce, 0x59, 0xce, 0x59, 0xce, 0x59, 0xce, 0x59, 0xce,
    0x59, 0xc6, 0x59, 0xc6, 0x59, 0xc6, 0x39, 0xc6, 0x39, 0xc6, 0x39, 0xc6,
    0x39, 0xc6, 0x39, 0xc6, 0x39, 0xc6, 0x39, 0xc6, 0x19, 0xc6, 0x19, 0xc6,
    0x18, 0xbe, 0x18, 0xbe, 0x18, 0xbe, 0x18, 0xbe, 0x59, 0xce, 0xf8, 0xbd,
    0xb7, 0xbd, 0x76, 0xbd, 0x14, 0xc5, 0x92, 0xc4, 0x71, 0xdc, 0xcb, 0xfa,
    0x69, 0xfa, 0x69, 0xfa, 0x69, 0xfa, 0x69, 0xfa, 0x69, 0xfa, 0x69, 0xfa,
    0x69, 0xfa, 0x69, 0xfa, 0x69, 0xfa, 0x49, 0xea, 0xa6, 0x81, 0xe7, 0x79,
    0x28, 0x6a, 0x49, 0x62, 0x69, 0x5a, 0x69, 0x5a, 0x8a, 0x5a, 0x8a, 0x5a,
    0x8a, 0x5a, 0x8a, 0x5a, 0x8a, 0x5a, 0x8a, 0x5a, 0x8a, 0x5a, 0x8a, 0x5a,
    0x8a, 0x5a, 0x8a, 0x5a, 0x8a, 0x5a, 0x8a, 0x5a, 0x8a, 0x5a, 0x8a, 0x5a,
    0x8a, 0x5a, 0x8a, 0x5a, 0x8a, 0x5a, 0x8a, 0x5a, 0x8a, 0x5a, 0x8a, 0x5a,
    0x8a, 0x5a, 0x8a, 0x5a, 0x8a, 0x5a, 0x8a, 0x5a, 0x8a, 0x5a, 0x8a, 0x5a,
    0x8a, 0x5a, 0x8a, 0x5a, 0x8a, 0x5a, 0x8a, 0x5a, 0x8a, 0x5a, 0x8a, 0x5a,
    0x8a, 0x5a, 0x8a, 0x5a, 0xa6, 0xc9, 0xa6, 0xc9, 0xa6, 0xc9, 0xa6, 0xc9,
    0xa6, 0xc9, 0xa6, 0xc9, 0x08, 0x92, 0x8a, 0x5a, 0x8a, 0x5a, 0x8a, 0x5a,
    0x8a, 0x5a, 0x8a, 0x5a, 0x8a, 0x5a, 0x8a, 0x5a, 0x8a, 0x5a, 0x8a, 0x5a,
    0x8a, 0x5a, 0x8a, 0x5a, 0x8a, 0x5a, 0x8a, 0x5a, 0x8a, 0x5a, 0x8a, 0x5a,
    0x8a, 0x5a, 0x8a, 0x5a, 0x8a, 0x5a, 0x8a, 0x5a, 0x8a, 0x5a, 0x8a, 0x5a,
    0x8a, 0x5a, 0x8a, 0x5a, 0x8a, 0x5a, 0x8a, 0x5a, 0x8a, 0x5a, 0x8a, 0x5a,
    0x8a, 0x5a, 0x8a, 0x5a, 0x8a, 0x5a, 0x8a, 0x5a, 0x8a, 0x5a, 0x8a, 0x5a,
    0x8a, 0x5a, 0x8a, 0x5a, 0x8a, 0x5a, 0x8a, 0x5a, 0x8a, 0x5a, 0x8a, 0x5a,
    0x8a, 0x5a, 0x8a, 0x5a, 0x8a, 0x5a, 0x8a, 0x5a, 0x8a, 0x5a, 0x8a, 0x5a,
    0xbb, 0xd6, 0xbb, 0xd6, 0xbb, 0xd6, 0xbb, 0xd6, 0xbb, 0xd6, 0xbb, 0xd6,
    0xba, 0xd6, 0x9a, 0xd6, 0x9a, 0xd6, 0x9a, 0xd6, 0x9a, 0xce, 0x9a, 0xce,
    0x9a, 0xce, 0x9a, 0xce, 0x7a, 0xce, 0x7a, 0xce, 0x7a, 0xce, 0x7a, 0xce,
    0x7a, 0xce, 0x7a, 0xce, 0x59, 0xce, 0x59, 0xce, 0x59, 0xce, 0x59, 0xce,
    0x59, 0xc6, 0x59, 0xc6, 0x59, 0xc6, 0x39, 0xc6, 0x39, 0xc6, 0x39, 0xc6,
    0x39, 0xc6, 0x39, 0xc6, 0x39, 0xc6, 0x39, 0xc6, 0x19, 0xc6, 0x18, 0xc6,
    0x18, 0xbe, 0x18, 0xbe, 0x18, 0xbe, 0x18, 0xbe, 0xf8, 0xbd, 0xf8, 0xbd,
    0xd7, 0xbd, 0xb7, 0xbd, 0x55, 0xbd, 0x96, 0xdd, 0x96, 0xf5, 0x51, 0xdc,
    0xaa, 0xf2, 0x69, 0xfa, 0x69, 0xfa, 0x69, 0xfa, 0x69, 0xfa, 0x69, 0xfa,
    0x69, 0xfa, 0x69, 0xfa, 0x49, 0xea, 0x08, 0x9a, 0xc7, 0x79, 0x08, 0x72,
    0x49, 0x62, 0x69, 0x62, 0x69, 0x5a, 0x8a, 0x5a, 0x8a, 0x5a, 0x8a, 0x5a,
    0x8a, 0x5a, 0x8a, 0x5a, 0x8a, 0x5a, 0x8a, 0x5a, 0x8a, 0x5a, 0x8a, 0x5a,
    0x8a, 0x5a, 0x8a, 0x5a, 0x8a, 0x5a, 0x8a, 0x5a, 0x8a, 0x5a, 0x8a, 0x5a,
    0x8a, 0x5a, 0x8a, 0x5a, 0x8a, 0x5a, 0x8a, 0x5a, 0x8a, 0x5a, 0x8a, 0x5a,
    0x8a, 0x5a, 0x8a, 0x5a, 0x8a, 0x5a, 0x8a, 0x5a, 0x8a, 0x5a, 0x8a, 0x5a,
    0x8a, 0x5a, 0x8a, 0x5a, 0x8a, 0x5a, 0x8a, 0x5a, 0x8a, 0x5a, 0x8a, 0x5a,
    0x8a, 0x5a, 0x28, 0x92, 0xa7, 0xc9, 0xa7, 0xc9, 0xa7, 0xc9, 0xa7, 0xc9,
    0xa7, 0xc9, 0xa7, 0xc9, 0xa7, 0xc9, 0x8a, 0x5a, 0x8a, 0x5a, 0x8a, 0x5a,
    0x8a, 0x5a, 0x8a, 0x5a, 0x8a, 0x5a, 0x8a, 0x5a, 0x8a, 0x5a, 0x8a, 0x5a,
    0x8a, 0x5a, 0x8a, 0x5a, 0x8a, 0x5a, 0x8a, 0x5a, 0x8a, 0x5a, 0x8a, 0x5a,
    0x8a, 0x5a, 0x8a, 0x5a, 0x8a, 0x5a, 0x8a, 0x5a, 0x8a, 0x5a, 0x8a, 0x5a,
    0x8a, 0x5a, 0x8a, 0x5a, 0x8a, 0x5a, 0x8a, 0x5a, 0x8a, 0x5a, 0x8a, 0x5a,
    0x8a, 0x5a, 0x8a, 0x5a, 0x8a, 0x5a, 0x8a, 0x5a, 0x8a, 0x5a, 0x8a, 0x5a,
    0x8a, 0x5a, 0x8a, 0x5a, 0x8a, 0x5a, 0x8a, 0x5a, 0x8a, 0x5a, 0x8a, 0x5a,
    0x8a, 0x5a, 0x8a, 0x5a, 0x8a, 0x5a, 0x8a, 0x5a, 0x8a, 0x5a, 0x8a, 0x5a,
    0xbb, 0xd6, 0xbb, 0xd6, 0xbb, 0xd6, 0xbb, 0xd6, 0xba, 0xd6, 0x9a, 0xd6,
    0x9a, 0xd6, 0x9a, 0xd6, 0x9a, 0xd6, 0x9a, 0xce, 0x9a, 0xce, 0x9a, 0xce,
    0x7a, 0xce, 0x7a, 0xce, 0x7a, 0xce, 0x7a, 0xce, 0x7a, 0xce, 0x7a, 0xce,
    0x5a, 0xce, 0x59, 0xce, 0x59, 0xce, 0x59, 0xce, 0x59, 0xc6, 0x59, 0xc6,
    0x59, 0xc6, 0x39, 0xc6, 0x39, 0xc6, 0x39, 0xc6, 0x39, 0xc6, 0x39, 0xc6,
    0x39, 0xc6, 0x39, 0xc6, 0x19, 0xc6, 0x19, 0xc6, 0x18, 0xbe, 0x18, 0xbe,
    0x18, 0xbe, 0x18, 0xbe, 0x18, 0xbe, 0xf8, 0xbd, 0xf8, 0xbd, 0xf8, 0xbd,
    0xd7, 0xbd, 0xb7, 0xbd, 0x59, 0xd6, 0xba, 0xf6, 0x76, 0xdd, 0x51, 0xc4,
    0xcf, 0xc3, 0x0c, 0xe3, 0x8a, 0xfa, 0x69, 0xfa, 0x69, 0xfa, 0x69, 0xfa,
    0x69, 0xf2, 0x28, 0xca, 0xa6, 0x81, 0xc7, 0x79, 0x08, 0x72, 0x28, 0x6a,
    0x49, 0x62, 0x69, 0x5a, 0x69, 0x5a, 0x69, 0x5a, 0x8a, 0x5a, 0x8a, 0x5a,
    0x8a, 0x5a, 0x8a, 0x5a, 0x8a, 0x5a, 0x8a, 0x5a, 0x8a, 0x5a, 0x8a, 0x5a,
    0x8a, 0x5a, 0x8a, 0x5a, 0x8a, 0x5a, 0x8a, 0x5a, 0x8a, 0x5a, 0x8a, 0x5a,
    0x8a, 0x5a, 0x8a, 0x5a, 0x8a, 0x5a, 0x8a, 0x5a, 0x8a, 0x5a, 0x8a, 0x5a,
    0x8a, 0x5a, 0x8a, 0x5a, 0x8a, 0x5a, 0x8a, 0x5a, 0x8a, 0x5a, 0x8a, 0x5a,
    0x8a, 0x5a, 0x8a, 0x5a, 0x8a, 0x5a, 0x8a, 0x5a, 0x8a, 0x5a, 0x8a, 0x5a,
    0x8a, 0x5a, 0xc7, 0xc9, 0xc7, 0xc9, 0xc7, 0xc9, 0xc7, 0xc9, 0xc7, 0xc9,
    0xc7, 0xc9, 0xc7, 0xc9, 0xc7, 0xc9, 0x28, 0x92, 0x8a, 0x5a, 0x8a, 0x5a,
    0x8a, 0x5a, 0x8a, 0x5a, 0x8a, 0x5a, 0x8a, 0x5a, 0x8a, 0x5a, 0x8a, 0x5a,
    0x8a, 0x5a, 0x8a, 0x5a, 0x8a, 0x5a, 0x8a, 0x5a, 0x8a, 0x5a, 0x8a, 0x5a,
    0x8a, 0x5a, 0x8a, 0x5a, 0x8a, 0x5a, 0x8a, 0x5a, 0x8a, 0x5a, 0x8a, 0x5a,
    0x8a, 0x5a, 0x8a, 0x5a, 0x8a, 0x5a, 0x8a, 0x5a, 0x8a, 0x5a, 0x8a, 0x5a,
    0x8a, 0x5a, 0x8a, 0x5a, 0x8a, 0x5a, 0x8a, 0x5a, 0x8a, 0x5a, 0x8a, 0x5a,
    0x8a, 0x5a, 0x8a, 0x5a, 0x8a, 0x5a, 0x8a, 0x5a, 0x8a, 0x5a, 0x8a, 0x5a,
    0x8a, 0x5a, 0x8a, 0x5a, 0x8a, 0x5a, 0x8a, 0x5a, 0x8a, 0x5a, 0x8a, 0x5a,
    0xbb, 0xd6, 0xbb, 0xd6, 0xbb, 0xd6, 0xbb, 0xd6, 0xba, 0xd6, 0x9a, 0xd6,
    0x9a, 0xd6, 0x9a, 0xd6, 0x9a, 0xd6, 0x9a, 0xce, 0x9a, 0xce, 0x9a, 0xce,
    0x7a, 0xce, 0x7a, 0xce, 0x7a, 0xce, 0x7a, 0xce, 0x7a, 0xce, 0x7a, 0xce,
    0x5a, 0xce, 0x59, 0xce, 0x59, 0xce, 0x59, 0xce, 0x59, 0xc6, 0x59, 0xc6,
    0x59, 0xc6, 0x39, 0xc6, 0x39, 0xc6, 0x39, 0xc6, 0x39, 0xc6, 0x39, 0xc6,
    0x39, 0xc6, 0x39, 0xc6, 0x19, 0xc6, 0x19, 0xc6, 0x18, 0xbe, 0x18, 0xbe,
    0x18, 0xbe, 0x18, 0xbe, 0xf8, 0xbd, 0xf8, 0xbd, 0xf8, 0xbd, 0xf8, 0xbd,
    0xd8, 0xbd, 0xba, 0xde, 0x5d, 0xf7, 0x39, 0xde, 0x35, 0xbd, 0xd3, 0xbc,
    0x72, 0xc4, 0x11, 0xc4, 0xcf, 0xc3, 0x51, 0xdc, 0x4d, 0xcb, 0x08, 0x9a,
    0xa6, 0x81, 0xc7, 0x81, 0xe7, 0x79, 0x08, 0x72, 0x28, 0x6a, 0x49, 0x62,
    0x69, 0x5a, 0x69, 0x5a, 0x69, 0x5a, 0x8a, 0x5a, 0x8a, 0x5a, 0x8a, 0x5a,
    0x8a, 0x5a, 0x8a, 0x5a, 0x8a, 0x5a, 0x8a, 0x5a, 0x8a, 0x5a, 0x8a, 0x5a,
    0x8a, 0x5a, 0x8a, 0x5a, 0x8a, 0x5a, 0x8a, 0x5a, 0x8a, 0x5a, 0x8a, 0x5a,
    0x8a, 0x5a, 0x8a, 0x5a, 0x8a, 0x5a, 0x8a, 0x5a, 0x8a, 0x5a, 0x8a, 0x5a,
    0x8a, 0x5a, 0x8a, 0x5a, 0x8a, 0x5a, 0x8a, 0x5a, 0x8a, 0x5a, 0x8a, 0x5a,
    0x8a, 0x5a, 0x8a, 0x5a, 0x8a, 0x5a, 0x8a, 0x5a, 0x8a, 0x5a, 0x8a, 0x5a,
    0x28, 0x92, 0xe7, 0xd1, 0xe7, 0xd1, 0xe7, 0xd1, 0xe7, 0xd1, 0xe7, 0xd1,
    0xe7, 0xd1, 0xe7, 0xd1, 0xe7, 0xd1, 0xe7, 0xd1, 0x8a, 0x5a, 0x8a, 0x5a,
    0x8a, 0x5a, 0x8a, 0x5a, 0x8a, 0x5a, 0x8a, 0x5a, 0x8a, 0x5a, 0x8a, 0x5a,
    0x8a, 0x5a, 0x8a, 0x5a, 0x8a, 0x5a, 0x8a, 0x5a, 0x8a, 0x5a, 0x8a, 0x5a,
    0x8a, 0x5a, 0x8a, 0x5a, 0x8a, 0x5a, 0x8a, 0x5a, 0x8a, 0x5a, 0x8a, 0x5a,
    0x8a, 0x5a, 0x8a, 0x5a, 0x8a, 0x5a, 0x8a, 0x5a, 0x8a, 0x5a, 0x8a, 0x5a,
    0x8a, 0x5a, 0x8a, 0x5a, 0x8a, 0x5a, 0x8a, 0x5a, 0x8a, 0x5a, 0x8a, 0x5a,
    0x8a, 0x5a, 0x8a, 0x5a, 0x8a, 0x5a, 0x8a, 0x5a, 0x8a, 0x5a, 0x8a, 0x5a,
    0x8a, 0x5a, 0x8a, 0x5a, 0x8a, 0x5a, 0x8a, 0x5a, 0x8a, 0x5a, 0x8a, 0x5a,
    0xbb, 0xd6, 0xbb, 0xd6, 0xba, 0xd6, 0x9a, 0xd6, 0x9a, 0xd6, 0x9a, 0xd6,
    0x9a, 0xd6, 0x9a, 0xce, 0x9a, 0xce, 0x9a, 0xce, 0x7a, 0xce, 0x7a, 0xce,
    0x7a, 0xce, 0x7a, 0xce, 0x7a, 0xce, 0x7a, 0xce, 0x59, 0xce, 0x59, 0xce,
    0x59, 0xce, 0x59, 0xce, 0x59, 0xc6, 0x59, 0xc6, 0x59, 0xc6, 0x39, 0xc6,
    0x39, 0xc6, 0x39, 0xc6, 0x39, 0xc6, 0x39, 0xc6, 0x39, 0xc6, 0x39, 0xc6,
    0x19, 0xc6, 0x19, 0xc6, 0x18, 0xbe, 0x18, 0xbe, 0x18, 0xbe, 0x18, 0xbe,
    0xf8, 0xbd, 0xf8, 0xbd, 0xf8, 0xbd, 0xf8, 0xbd, 0xf8, 0xbd, 0xf8, 0xbd,
    0xbb, 0xd6, 0x9e, 0xf7, 0x9a, 0xd6, 0x97, 0xbd, 0x76, 0xbd, 0x35, 0xbd,
    0xf4, 0xbc, 0xb3, 0xbc, 0x35, 0xd5, 0xd7, 0xf5, 0x6e, 0xab, 0xe7, 0x79,
    0xe7, 0x71, 0x08, 0x72, 0x28, 0x6a, 0x28, 0x62, 0x49, 0x62, 0x69, 0x5a,
    0x69, 0x5a, 0x69, 0x5a, 0x69, 0x5a, 0x69, 0x5a, 0x69, 0x52, 0x69, 0x5a,
    0x69, 0x5a, 0x69, 0x5a, 0x69, 0x52, 0x69, 0x5a, 0x69, 0x5a, 0x69, 0x5a,
    0x69, 0x52, 0x69, 0x5a, 0x69, 0x5a, 0x69, 0x5a, 0x69, 0x52, 0x69, 0x5a,
    0x69, 0x5a, 0x69, 0x5a, 0x69, 0x52, 0x69, 0x5a, 0x69, 0x5a, 0x69, 0x5a,
    0x69, 0x52, 0x69, 0x5a, 0x69, 0x5a, 0x69, 0x5a, 0x69, 0x52, 0x69, 0x5a,
    0x69, 0x5a, 0x69, 0x5a, 0x69, 0x52, 0x69, 0x5a, 0x69, 0x5a, 0x69, 0x5a,
    0xe8, 0xd1, 0xe8, 0xd1, 0xe8, 0xd1, 0xe8, 0xd1, 0xe8, 0xd1, 0xe8, 0xd1,
    0xe8, 0xd1, 0xe8, 0xd1, 0xe8, 0xd1, 0xe8, 0xd1, 0x29, 0x92, 0x69, 0x5a,
    0x69, 0x52, 0x69, 0x5a, 0x69, 0x5a, 0x69, 0x5a, 0x69, 0x52, 0x69, 0x5a,
    0x69, 0x5a, 0x69, 0x5a, 0x69, 0x52, 0x69, 0x5a, 0x69, 0x5a, 0x69, 0x5a,
    0x69, 0x52, 0x69, 0x5a, 0x69, 0x5a, 0x69, 0x5a, 0x69, 0x52, 0x69, 0x5a,
    0x69, 0x5a, 0x69, 0x5a, 0x69, 0x52, 0x69, 0x5a, 0x69, 0x5a, 0x69, 0x5a,
    0x69, 0x52, 0x69, 0x5a, 0x69, 0x5a, 0x69, 0x5a, 0x69, 0x52, 0x69, 0x5a,
    0x69, 0x5a, 0x69, 0x5a, 0x69, 0x52, 0x69, 0x5a, 0x69, 0x5a, 0x69, 0x5a,
    0x69, 0x52, 0x69, 0x5a, 0x69, 0x5a, 0x69, 0x5a, 0x69, 0x52, 0x69, 0x5a,
    0xbb, 0xd6, 0xbb, 0xd6, 0xba, 0xd6, 0x9a, 0xd6, 0x9a, 0xd6, 0x9a, 0xd6,
    0x9a, 0xd6, 0x9a, 0xce, 0x9a, 0xce, 0x9a, 0xce, 0x7a, 0xce, 0x7a, 0xce,
    0x7a, 0xce, 0x7a, 0xce, 0x7a, 0xce, 0x7a, 0xce, 0x59, 0xce, 0x59, 0xce,
    0x59, 0xce, 0x59, 0xce, 0x59, 0xc6, 0x59, 0xc6, 0x59, 0xc6, 0x39, 0xc6,
    0x39, 0xc6, 0x39, 0xc6, 0x39, 0xc6, 0x39, 0xc6, 0x39, 0xc6, 0x39, 0xc6,
    0x19, 0xc6, 0x19, 0xc6, 0x18, 0xbe, 0x18, 0xbe, 0x18, 0xbe, 0x18, 0xbe,
    0xf8, 0xbd, 0xf8, 0xbd, 0xf8, 0xbd, 0xf8, 0xbd, 0xf8, 0xbd, 0xdb, 0xde,
    0x9e, 0xf7, 0xbb, 0xd6, 0xd7, 0xbd, 0xb7, 0xbd, 0x97, 0xbd, 0x76, 0xbd,
    0x55, 0xbd, 0x18, 0xd6, 0xba, 0xf6, 0xd7, 0xd5, 0x8e, 0x93, 0x28, 0x6a,
    0x28, 0x6a, 0x49, 0x62, 0x49, 0x62, 0x49, 0x5a, 0x69, 0x5a, 0x69, 0x5a,
    0x69, 0x5a, 0x69, 0x5a, 0x69, 0x5a, 0x8a, 0x5a, 0x69, 0x5a, 0x69, 0x5a,
    0x69, 0x5a, 0x8a, 0x5a, 0x69, 0x5a, 0x69, 0x5a, 0x69, 0x5a, 0x8a, 0x5a,
    0x69, 0x5a, 0x69, 0x5a, 0x69, 0x5a, 0x8a, 0x5a, 0x69, 0x5a, 0x69, 0x5a,
    0x69, 0x5a, 0x8a, 0x5a, 0x69, 0x5a, 0x69, 0x5a, 0x69, 0x5a, 0x8a, 0x5a,
    0x69, 0x5a, 0x69, 0x5a, 0x69, 0x5a, 0x8a, 0x5a, 0x69, 0x5a, 0x69, 0x5a,
    0x69, 0x5a, 0x8a, 0x5a, 0x69, 0x5a, 0x69, 0x5a, 0x69, 0x5a, 0x49, 0x92,
    0x08, 0xd2, 0x08, 0xd2, 0x08, 0xd2, 0x08, 0xd2, 0x08, 0xd2, 0x08, 0xd2,
    0x08, 0xd2, 0x08, 0xd2, 0x08, 0xd2, 0x08, 0xd2, 0x08, 0xd2, 0x8a, 0x5a,
    0x69, 0x5a, 0x69, 0x5a, 0x69, 0x5a, 0x8a, 0x5a, 0x69, 0x5a, 0x69, 0x5a,
    0x69, 0x5a, 0x8a, 0x5a, 0x69, 0x5a, 0x69, 0x5a, 0x69, 0x5a, 0x8a, 0x5a,
    0x69, 0x5a, 0x69, 0x5a, 0x69, 0x5a, 0x8a, 0x5a, 0x69, 0x5a, 0x69, 0x5a,
    0x69, 0x5a, 0x8a, 0x5a, 0x69, 0x5a, 0x69, 0x5a, 0x69, 0x5a, 0x8a, 0x5a,
    0x69, 0x5a, 0x69, 0x5a, 0x69, 0x5a, 0x8a, 0x5a, 0x69, 0x5a, 0x69, 0x5a,
    0x69, 0x5a, 0x8a, 0x5a, 0x69, 0x5a, 0x69, 0x5a, 0x69, 0x5a, 0x8a, 0x5a,
    0x69, 0x5a, 0x69, 0x5a, 0x69, 0x5a, 0x8a, 0x5a, 0x69, 0x5a, 0x69, 0x5a,
    0xba, 0xd6, 0xba, 0xd6, 0x9a, 0xd6, 0x9a, 0xd6, 0x9a, 0xd6, 0x9a, 0xce,
    0x9a, 0xce, 0x9a, 0xce, 0x7a, 0xce, 0x7a, 0xce, 0x7a, 0xce, 0x7a, 0xce,
    0x7a, 0xce, 0x7a, 0xce, 0x7a, 0xce, 0x59, 0xce, 0x59, 0xce, 0x59, 0xce,
    0x59, 0xc6, 0x59, 0xc6, 0x59, 0xc6, 0x59, 0xc6, 0x39, 0xc6, 0x39, 0xc6,
    0x39, 0xc6, 0x39, 0xc6, 0x39, 0xc6, 0x39, 0xc6, 0x19, 0xc6, 0x19, 0xc6,
    0x18, 0xbe, 0x18, 0xbe, 0x18, 0xbe, 0x18, 0xbe, 0x18, 0xbe, 0xf8, 0xbd,
    0xf8, 0xbd, 0xf8, 0xbd, 0xf8, 0xbd, 0xf8, 0xbd, 0x59, 0xce, 0xbe, 0xf7,
    0xbb, 0xd6, 0xd7, 0xbd, 0xd7, 0xb5, 0xd7, 0xb5, 0xb7, 0xb5, 0x97, 0xb5,
    0x7a, 0xd6, 0x5d, 0xf7, 0x59, 0xd6, 0x55, 0xb5, 0xcf, 0x8b, 0x49, 0x62,
    0x49, 0x5a, 0x49, 0x5a, 0x69, 0x5a, 0x69, 0x5a, 0x69, 0x5a, 0x69, 0x5a,
    0x69, 0x5a, 0x69, 0x5a, 0x69, 0x52, 0x69, 0x5a, 0x69, 0x52, 0x69, 0x52,
    0x69, 0x52, 0x69, 0x5a, 0x69, 0x52, 0x69, 0x5a, 0x69, 0x52, 0x69, 0x5a,
    0x69, 0x52, 0x69, 0x52, 0x69, 0x52, 0x69, 0x5a, 0x69, 0x52, 0x69, 0x5a,
    0x69, 0x52, 0x69, 0x5a, 0x69, 0x52, 0x69, 0x52, 0x69, 0x52, 0x69, 0x5a,
    0x69, 0x52, 0x69, 0x5a, 0x69, 0x52, 0x69, 0x5a, 0x69, 0x52, 0x69, 0x52,
    0x69, 0x52, 0x69, 0x5a, 0x69, 0x52, 0x69, 0x5a, 0x69, 0x52, 0x28, 0xd2,
    0x08, 0xd2, 0x28, 0xd2, 0x08, 0xd2, 0x28, 0xd2, 0x08, 0xd2, 0x28, 0xd2,
    0x08, 0xd2, 0x28, 0xd2, 0x08, 0xd2, 0x28, 0xd2, 0x08, 0xd2, 0x49, 0x92,
    0x69, 0x52, 0x69, 0x5a, 0x69, 0x52, 0x69, 0x5a, 0x69, 0x52, 0x69, 0x52,
    0x69, 0x52, 0x69, 0x5a, 0x69, 0x52, 0x69, 0x5a, 0x69, 0x52, 0x69, 0x5a,
    0x69, 0x52, 0x69, 0x52, 0x69, 0x52, 0x69, 0x5a, 0x69, 0x52, 0x69, 0x5a,
    0x69, 0x52, 0x69, 0x5a, 0x69, 0x52, 0x69, 0x52, 0x69, 0x52, 0x69, 0x5a,
    0x69, 0x52, 0x69, 0x5a, 0x69, 0x52, 0x69, 0x5a, 0x69, 0x52, 0x69, 0x52,
    0x69, 0x52, 0x69, 0x5a, 0x69, 0x52, 0x69, 0x5a, 0x69, 0x52, 0x69, 0x5a,
    0x69, 0x52, 0x69, 0x52, 0x69, 0x52, 0x69, 0x5a, 0x69, 0x52, 0x69, 0x5a,
    0xba, 0xd6, 0x9a, 0xd6, 0x9a, 0xd6, 0x9a, 0xd6, 0x9a, 0xd6, 0x9a, 0xce,
    0x9a, 0xce, 0x9a, 0xce, 0x7a, 0xce, 0x7a, 0xce, 0x7a, 0xce, 0x7a, 0xce,
    0x7a, 0xce, 0x7a, 0xce, 0x5a, 0xce, 0x59, 0xce, 0x59, 0xce, 0x59, 0xce,
    0x59, 0xc6, 0x59, 0xc6, 0x59, 0xc6, 0x39, 0xc6, 0x39, 0xc6, 0x39, 0xc6,
    0x39, 0xc6, 0x39, 0xc6, 0x39, 0xc6, 0x39, 0xc6, 0x19, 0xc6, 0x19, 0xc6,
    0x18, 0xbe, 0x18, 0xbe, 0x18, 0xbe, 0x18, 0xbe, 0xf8, 0xbd, 0xf8, 0xbd,
    0xf8, 0xbd, 0xf8, 0xbd, 0xf8, 0xbd, 0xf8, 0xbd, 0xdb, 0xde, 0xbb, 0xd6,
    0xd8, 0xbd, 0xd8, 0xb5, 0xd7, 0xb5, 0xd7, 0xb5, 0xb7, 0xb5, 0x9a, 0xd6,
    0x9e, 0xf7, 0x9a, 0xd6, 0x96, 0xb5, 0x76, 0xb5, 0xf0, 0x83, 0x69, 0x5a,
    0x69, 0x5a, 0x69, 0x5a, 0x69, 0x5a, 0x69, 0x5a, 0x69, 0x5a, 0x69, 0x5a,
    0x69, 0x5a, 0x69, 0x5a, 0x69, 0x5a, 0x69, 0x5a, 0x69, 0x5a, 0x69, 0x5a,
    0x69, 0x5a, 0x69, 0x5a, 0x69, 0x5a, 0x69, 0x5a, 0x69, 0x5a, 0x69, 0x5a,
    0x69, 0x5a, 0x69, 0x5a, 0x69, 0x5a, 0x69, 0x5a, 0x69, 0x5a, 0x69, 0x5a,
    0x69, 0x5a, 0x69, 0x5a, 0x69, 0x5a, 0x69, 0x5a, 0x69, 0x5a, 0x69, 0x5a,
    0x69, 0x5a, 0x69, 0x5a, 0x69, 0x5a, 0x69, 0x5a, 0x69, 0x5a, 0x69, 0x5a,
    0x69, 0x5a, 0x69, 0x5a, 0x69, 0x5a, 0x69, 0x5a, 0x49, 0x92, 0x29, 0xd2,
    0x29, 0xd2, 0x29, 0xd2, 0x29, 0xd2, 0x29, 0xd2, 0x29, 0xd2, 0x29, 0xd2,
    0x29, 0xd2, 0x29, 0xd2, 0x29, 0xd2, 0x29, 0xd2, 0x29, 0xd2, 0x29, 0xd2,
    0x69, 0x5a, 0x69, 0x5a, 0x69, 0x5a, 0x69, 0x5a, 0x69, 0x5a, 0x69, 0x5a,
    0x69, 0x5a, 0x69, 0x5a, 0x69, 0x5a, 0x69, 0x5a, 0x69, 0x5a, 0x69, 0x5a,
    0x69, 0x5a, 0x69, 0x5a, 0x69, 0x5a, 0x69, 0x5a, 0x69, 0x5a, 0x69, 0x5a,
    0x69, 0x5a, 0x69, 0x5a, 0x69, 0x5a, 0x69, 0x5a, 0x69, 0x5a, 0x69, 0x5a,
    0x69, 0x5a, 0x69, 0x5a, 0x69, 0x5a, 0x69, 0x5a, 0x69, 0x5a, 0x69, 0x5a,
    0x69, 0x5a, 0x69, 0x5a, 0x69, 0x5a, 0x69, 0x5a, 0x69, 0x5a, 0x69, 0x5a,
    0x69, 0x5a, 0x69, 0x5a, 0x69, 0x5a, 0x69, 0x5a, 0x69, 0x5a, 0x69, 0x5a,
    0x9a, 0xd6, 0x9a, 0xd6, 0x9a, 0xd6, 0x9a, 0xce, 0x9a, 0xce, 0x9a, 0xce,
    0x7a, 0xce, 0x7a, 0xce, 0x7a, 0xce, 0x7a, 0xce, 0x7a, 0xce, 0x7a, 0xce,
    0x59, 0xce, 0x59, 0xce, 0x59, 0xce, 0x59, 0xce, 0x59, 0xc6, 0x59, 0xc6,
    0x59, 0xc6, 0x39, 0xc6, 0x39, 0xc6, 0x39, 0xc6, 0x39, 0xc6, 0x39, 0xc6,
    0x39, 0xc6, 0x39, 0xc6, 0x19, 0xc6, 0x19, 0xc6, 0x18, 0xbe, 0x18, 0xbe,
    0x18, 0xbe, 0x18, 0xbe, 0xf8, 0xbd, 0xf8, 0xbd, 0xf8, 0xbd, 0xf8, 0xbd,
    0xf8, 0xbd, 0xf8, 0xbd, 0xf8, 0xbd, 0xd8, 0xbd, 0x59, 0xce, 0xd8, 0xb5,
    0xd7, 0xb5, 0xd7, 0xb5, 0xd7, 0xb5, 0xd7, 0xb5, 0xba, 0xd6, 0x9e, 0xf7,
    0xba, 0xd6, 0xb7, 0xb5, 0x97, 0xb5, 0x97, 0xb5, 0xf0, 0x83, 0x69, 0x5a,
    0x69, 0x5a, 0x69, 0x5a, 0x69, 0x5a, 0x69, 0x5a, 0x69, 0x5a, 0x69, 0x52,
    0x69, 0x52, 0x69, 0x52, 0x69, 0x52, 0x69, 0x52, 0x69, 0x52, 0x69, 0x52,
    0x69, 0x52, 0x69, 0x52, 0x69, 0x52, 0x69, 0x52, 0x69, 0x52, 0x69, 0x52,
    0x69, 0x52, 0x69, 0x52, 0x69, 0x52, 0x69, 0x52, 0x69, 0x52, 0x69, 0x52,
    0x69, 0x52, 0x69, 0x52, 0x69, 0x52, 0x69, 0x52, 0x69, 0x52, 0x69, 0x52,
    0x69, 0x52, 0x69, 0x52, 0x69, 0x52, 0x69, 0x52, 0x69, 0x52, 0x69, 0x52,
    0x69, 0x52, 0x69, 0x52, 0x69, 0x52, 0x69, 0x52, 0x49, 0xd2, 0x49, 0xd2,
    0x49, 0xd2, 0x49, 0xd2, 0x49, 0xd2, 0x49, 0xd2, 0x49, 0xd2, 0x49, 0xd2,
    0x49, 0xd2, 0x49, 0xd2, 0x49, 0xd2, 0x49, 0xd2, 0x49, 0xd2, 0x49, 0xd2,
    0x49, 0x92, 0x69, 0x52, 0x69, 0x52, 0x69, 0x52, 0x69, 0x52, 0x69, 0x52,
    0x69, 0x52, 0x69, 0x52, 0x69, 0x52, 0x69, 0x52, 0x69, 0x52, 0x69, 0x52,
    0x69, 0x52, 0x69, 0x52, 0x69, 0x52, 0x69, 0x52, 0x69, 0x52, 0x69, 0x52,
    0x69, 0x52, 0x69, 0x52, 0x69, 0x52, 0x69, 0x52, 0x69, 0x52, 0x69, 0x52,
    0x69, 0x52, 0x69, 0x52, 0x69, 0x52, 0x69, 0x52, 0x69, 0x52, 0x69, 0x52,
    0x69, 0x52, 0x69, 0x52, 0x69, 0x52, 0x69, 0x52, 0x69, 0x52, 0x69, 0x52,
    0x69, 0x52, 0x69, 0x52, 0x69, 0x52, 0x69, 0x52, 0x69, 0x52, 0x69, 0x52,
    0x9a, 0xd6, 0x9a, 0xd6, 0x9a, 0xce, 0x9a, 0xce, 0x9a, 0xce, 0x9a, 0xce,
    0x7a, 0xce, 0x7a, 0xce, 0x7a, 0xce, 0x7a, 0xce, 0x7a, 0xce, 0x7a, 0xce,
    0x59, 0xce, 0x59, 0xce, 0x59, 0xce, 0x59, 0xce, 0x59, 0xc6, 0x59, 0xc6,
    0x59, 0xc6, 0x39, 0xc6, 0x39, 0xc6, 0x39, 0xc6, 0x39, 0xc6, 0x39, 0xc6,
    0x39, 0xc6, 0x39, 0xc6, 0x19, 0xc6, 0x18, 0xc6, 0x18, 0xbe, 0x18, 0xbe,
    0x18, 0xbe, 0x18, 0xbe, 0xf8, 0xbd, 0xf8, 0xbd, 0xf8, 0xbd, 0xf8, 0xbd,
    0xf8, 0xbd, 0xf8, 0xbd, 0xf8, 0xbd, 0xd8, 0xbd, 0xd8, 0xbd, 0xd8, 0xb5,
    0xd7, 0xb5, 0xd7, 0xb5, 0xd7, 0xb5, 0xbb, 0xd6, 0xbe, 0xf7, 0xbb, 0xd6,
    0xb7, 0xb5, 0xb7, 0xb5, 0x97, 0xb5, 0x97, 0xb5, 0x10, 0x84, 0x69, 0x5a,
    0x69, 0x5a, 0x69, 0x5a, 0x69, 0x52, 0x69, 0x52, 0x69, 0x52, 0x69, 0x52,
    0x69, 0x52, 0x69, 0x52, 0x69, 0x52, 0x69, 0x52, 0x69, 0x52, 0x69, 0x52,
    0x69, 0x52, 0x69, 0x52, 0x69, 0x52, 0x69, 0x52, 0x69, 0x52, 0x69, 0x52,
    0x69, 0x52, 0x69, 0x52, 0x69, 0x52, 0x69, 0x52, 0x69, 0x52, 0x69, 0x52,
    0x69, 0x52, 0x69, 0x52, 0x69, 0x52, 0x69, 0x52, 0x69, 0x52, 0x69, 0x52,
    0x69, 0x52, 0x69, 0x52, 0x69, 0x52, 0x69, 0x52, 0x69, 0x52, 0x69, 0x52,
    0x69, 0x52, 0x69, 0x52, 0x69, 0x52, 0x69, 0x92, 0x69, 0xd2, 0x69, 0xd2,
    0x49, 0xd2, 0x69, 0xd2, 0x69, 0xd2, 0x69, 0xd2, 0x69, 0xd2, 0x69, 0xd2,
    0x69, 0xd2, 0x69, 0xd2, 0x49, 0xd2, 0x69, 0xd2, 0x69, 0xd2, 0x69, 0xd2,
    0x69, 0xd2, 0x69, 0x52, 0x69, 0x52, 0x69, 0x52, 0x69, 0x52, 0x69, 0x52,
    0x69, 0x52, 0x69, 0x52, 0x69, 0x52, 0x69, 0x52, 0x69, 0x52, 0x69, 0x52,
    0x69, 0x52, 0x69, 0x52, 0x69, 0x52, 0x69, 0x52, 0x69, 0x52, 0x69, 0x52,
    0x69, 0x52, 0x69, 0x52, 0x69, 0x52, 0x69, 0x52, 0x69, 0x52, 0x69, 0x52,
    0x69, 0x52, 0x69, 0x52, 0x69, 0x52, 0x69, 0x52, 0x69, 0x52, 0x69, 0x52,
    0x69, 0x52, 0x69, 0x52, 0x69, 0x52, 0x69, 0x52, 0x69, 0x52, 0x69, 0x52,
    0x69, 0x52, 0x69, 0x52, 0x69, 0x52, 0x69, 0x52, 0x69, 0x52, 0x69, 0x52,
    0x9a, 0xd6, 0x9a, 0xce, 0x9a, 0xce, 0x9a, 0xce, 0x7a, 0xce, 0x7a, 0xce,
    0x7a, 0xce, 0x7a, 0xce, 0x7a, 0xce, 0x7a, 0xce, 0x5a, 0xce, 0x59, 0xce,
    0x59, 0xce, 0x59, 0xce, 0x59, 0xc6, 0x59, 0xc6, 0x59, 0xc6, 0x39, 0xc6,
    0x39, 0xc6, 0x39, 0xc6, 0x39, 0xc6, 0x39, 0xc6, 0x39, 0xc6, 0x39, 0xc6,
    0x19, 0xc6, 0x19, 0xc6, 0x18, 0xbe, 0x18, 0xbe, 0x18, 0xbe, 0x18, 0xbe,
    0x18, 0xbe, 0xf8, 0xbd, 0xf8, 0xbd, 0xf8, 0xbd, 0xf8, 0xbd, 0xf8, 0xbd,
    0xf8, 0xbd, 0xd8, 0xbd, 0xd8, 0xbd, 0xd8, 0xbd, 0xd7, 0xb5, 0xd7, 0xb5,
    0xd7, 0xb5, 0xd7, 0xb5, 0xbb, 0xd6, 0xbe, 0xf7, 0xbb, 0xd6, 0xb7, 0xb5,
    0xb7, 0xb5, 0xb7, 0xb5, 0x97, 0xb5, 0x97, 0xb5, 0x92, 0x94, 0x69, 0x52,
    0x69, 0x52, 0x69, 0x52, 0x69, 0x52, 0x69, 0x52, 0x69, 0x52, 0x69, 0x52,
    0x69, 0x52, 0x69, 0x52, 0x69, 0x52, 0x69, 0x52, 0x69, 0x52, 0x69, 0x52,
    0x69, 0x52, 0x69, 0x52, 0x69, 0x52, 0x69, 0x52, 0x69, 0x52, 0x69, 0x52,
    0x69, 0x52, 0x69, 0x52, 0x69, 0x52, 0x69, 0x52, 0x69, 0x52, 0x69, 0x52,
    0x69, 0x52, 0x69, 0x52, 0x69, 0x52, 0x69, 0x52, 0x69, 0x52, 0x69, 0x52,
    0x69, 0x52, 0x69, 0x52, 0x69, 0x52, 0x69, 0x52, 0x69, 0x52, 0x69, 0x52,
    0x69, 0x52, 0x69, 0x52, 0x69, 0x52, 0x6a, 0xd2, 0x6a, 0xd2, 0x6a, 0xd2,
    0x6a, 0xd2, 0x6a, 0xd2, 0x6a, 0xd2, 0x6a, 0xd2, 0x6a, 0xd2, 0x6a, 0xd2,
    0x6a, 0xd2, 0x6a, 0xd2, 0x6a, 0xd2, 0x6a, 0xd2, 0x6a, 0xd2, 0x6a, 0xd2,
    0x6a, 0xd2, 0x6a, 0x92, 0x69, 0x52, 0x69, 0x52, 0x69, 0x52, 0x69, 0x52,
    0x69, 0x52, 0x69, 0x52, 0x69, 0x52, 0x69, 0x52, 0x69, 0x52, 0x69, 0x52,
    0x69, 0x52, 0x69, 0x52, 0x69, 0x52, 0x69, 0x52, 0x69, 0x52, 0x69, 0x52,
    0x69, 0x52, 0x69, 0x52, 0x69, 0x52, 0x69, 0x52, 0x69, 0x52, 0x69, 0x52,
    0x69, 0x52, 0x69, 0x52, 0x69, 0x52, 0x69, 0x52, 0x69, 0x52, 0x69, 0x52,
    0x69, 0x52, 0x69, 0x52, 0x69, 0x52, 0x69, 0x52, 0x69, 0x52, 0x69, 0x52,
    0x69, 0x52, 0x69, 0x52, 0x69, 0x52, 0x69, 0x52, 0x69, 0x52, 0x69, 0x52,
    0x9a, 0xd6, 0x9a, 0xce, 0x9a, 0xce, 0x9a, 0xce, 0x7a, 0xce, 0x7a, 0xce,
    0x7a, 0xce, 0x7a, 0xce, 0x7a, 0xce, 0x7a, 0xce, 0x5a, 0xce, 0x59, 0xce,
    0x59, 0xce, 0x59, 0xce, 0x59, 0xc6, 0x59, 0xc6, 0x59, 0xc6, 0x39, 0xc6,
    0x39, 0xc6, 0x39, 0xc6, 0x39, 0xc6, 0x39, 0xc6, 0x39, 0xc6, 0x39, 0xc6,
    0x19, 0xc6, 0x19, 0xc6, 0x18, 0xbe, 0x18, 0xbe, 0x18, 0xbe, 0x18, 0xbe,
    0xf8, 0xbd, 0xf8, 0xbd, 0xf8, 0xbd, 0xf8, 0xbd, 0xf8, 0xbd, 0xf8, 0xbd,
    0xf8, 0xbd, 0xd8, 0xbd, 0xd8, 0xbd, 0xd8, 0xb5, 0xd7, 0xb5, 0xd7, 0xb5,
    0xd7, 0xb5, 0xbb, 0xd6, 0xbe, 0xf7, 0xbb, 0xd6, 0xb7, 0xb5, 0xb7, 0xb5,
    0xb7, 0xb5, 0xb7, 0xb5, 0x97, 0xb5, 0x9a, 0xd6, 0x14, 0xa5, 0x69, 0x52,
    0x69, 0x52, 0x69, 0x52, 0x69, 0x52, 0x69, 0x52, 0x69, 0x52, 0x69, 0x52,
    0x69, 0x52, 0x69, 0x52, 0x69, 0x52, 0x69, 0x52, 0x69, 0x52, 0x69, 0x52,
    0x69, 0x52, 0x69, 0x52, 0x69, 0x52, 0x69, 0x52, 0x69, 0x52, 0x69, 0x52,
    0x69, 0x52, 0x69, 0x52, 0x69, 0x52, 0x69, 0x52, 0x69, 0x52, 0x69, 0x52,
    0x69, 0x52, 0x69, 0x52, 0x69, 0x52, 0x69, 0x52, 0x69, 0x52, 0x69, 0x52,
    0x69, 0x52, 0x69, 0x52, 0x69, 0x52, 0x69, 0x52, 0x69, 0x52, 0x69, 0x52,
    0x69, 0x52, 0x69, 0x52, 0x8a, 0x9a, 0x8a, 0xda, 0x8a, 0xda, 0x8a, 0xda,
    0x8a, 0xda, 0x8a, 0xda, 0x8a, 0xda, 0x8a, 0xda, 0x8a, 0xda, 0x8a, 0xda,
    0x8a, 0xda, 0x8a, 0xda, 0x8a, 0xda, 0x8a, 0xda, 0x8a, 0xda, 0x8a, 0xda,
    0x8a, 0xda, 0x8a, 0xda, 0x69, 0x52, 0x69, 0x52, 0x69, 0x52, 0x69, 0x52,
    0x69, 0x52, 0x69, 0x52, 0x69, 0x52, 0x69, 0x52, 0x69, 0x52, 0x69, 0x52,
    0x69, 0x52, 0x69, 0x52, 0x69, 0x52, 0x69, 0x52, 0x69, 0x52, 0x69, 0x52,
    0x69, 0x52, 0x69, 0x52, 0x69, 0x52, 0x69, 0x52, 0x69, 0x52, 0x69, 0x52,
    0x69, 0x52, 0x69, 0x52, 0x69, 0x52, 0x69, 0x52, 0x69, 0x52, 0x69, 0x52,
    0x69, 0x52, 0x69, 0x52, 0x69, 0x52, 0x69, 0x52, 0x69, 0x52, 0x69, 0x52,
    0x69, 0x52, 0x69, 0x52, 0x69, 0x52, 0x69, 0x52, 0x69, 0x52, 0x69, 0x52,
    0x9a, 0xce, 0x9a, 0xce, 0x7a, 0xce, 0x7a, 0xce, 0x7a, 0xce, 0x7a, 0xce,
    0x7a, 0xce, 0x7a, 0xce, 0x59, 0xce, 0x59, 0xce, 0x59, 0xce, 0x59, 0xce,
    0x59, 0xc6, 0x59, 0xc6, 0x59, 0xc6, 0x39, 0xc6, 0x39, 0xc6, 0x39, 0xc6,
    0x39, 0xc6, 0x39, 0xc6, 0x39, 0xc6, 0x39, 0xc6, 0x19, 0xc6, 0x19, 0xc6,
    0x18, 0xbe, 0x18, 0xbe, 0x18, 0xbe, 0x18, 0xbe, 0xf8, 0xbd, 0xf8, 0xbd,
    0xf8, 0xbd, 0xf8, 0xbd, 0xf8, 0xbd, 0xf8, 0xbd, 0xf8, 0xbd, 0xd8, 0xbd,
    0xd8, 0xbd, 0xd8, 0xb5, 0xd7, 0xb5, 0xd7, 0xb5, 0xd7, 0xb5, 0xd7, 0xb5,
    0xbb, 0xd6, 0xbe, 0xf7, 0xbb, 0xd6, 0xb7, 0xb5, 0xb7, 0xb5, 0xb7, 0xb5,
    0x97, 0xb5, 0x97, 0xb5, 0x9a, 0xd6, 0xbe, 0xf7, 0x92, 0x94, 0x69, 0x52,
    0x69, 0x52, 0x69, 0x52, 0x69, 0x52, 0x69, 0x52, 0x69, 0x52, 0x69, 0x52,
    0x69, 0x52, 0x69, 0x52, 0x69, 0x52, 0x69, 0x52, 0x69, 0x52, 0x69, 0x52,
    0x69, 0x52, 0x69, 0x52, 0x69, 0x52, 0x69, 0x52, 0x69, 0x52, 0x69, 0x52,
    0x69, 0x52, 0x69, 0x52, 0x69, 0x52, 0x69, 0x52, 0x69, 0x52, 0x69, 0x52,
    0x69, 0x52, 0x69, 0x52, 0x69, 0x52, 0x69, 0x52, 0x69, 0x52, 0x69, 0x52,
    0x69, 0x52, 0x69, 0x52, 0x69, 0x52, 0x69, 0x52, 0x69, 0x52, 0x69, 0x52,
    0x69, 0x52, 0x69, 0x52, 0x8a, 0xda, 0x8a, 0xda, 0x8a, 0xda, 0x8a, 0xda,
    0x8a, 0xda, 0x8a, 0xda, 0x8a, 0xda, 0x8a, 0xda, 0x8a, 0xda, 0x8a, 0xda,
    0x8a, 0xda, 0x8a, 0xda, 0x8a, 0xda, 0x8a, 0xda, 0x8a, 0xda, 0x8a, 0xda,
    0x8a, 0xda, 0x8a, 0xda, 0x8a, 0x92, 0x69, 0x52, 0x69, 0x52, 0x69, 0x52,
    0x69, 0x52, 0x69, 0x52, 0x69, 0x52, 0x69, 0x52, 0x69, 0x52, 0x69, 0x52,
    0x69, 0x52, 0x69, 0x52, 0x69, 0x52, 0x69, 0x52, 0x69, 0x52, 0x69, 0x52,
    0x69, 0x52, 0x69, 0x52, 0x69, 0x52, 0x69, 0x52, 0x69, 0x52, 0x69, 0x52,
    0x69, 0x52, 0x69, 0x52, 0x69, 0x52, 0x69, 0x52, 0x69, 0x52, 0x69, 0x52,
    0x69, 0x52, 0x69, 0x52, 0x69, 0x52, 0x69, 0x52, 0x69, 0x52, 0x69, 0x52,
    0x69, 0x52, 0x69, 0x52, 0x69, 0x52, 0x69, 0x52, 0x69, 0x52, 0x69, 0x52,
    0x9a, 0xce, 0x9a, 0xce, 0x7a, 0xce, 0x7a, 0xce, 0x7a, 0xce, 0x7a, 0xce,
    0x7a, 0xce, 0x7a, 0xce, 0x59, 0xce, 0x59, 0xce, 0x59, 0xce, 0x59, 0xce,
    0x59, 0xc6, 0x59, 0xc6, 0x59, 0xc6, 0x39, 0xc6, 0x39, 0xc6, 0x39, 0xc6,
    0x39, 0xc6, 0x39, 0xc6, 0x39, 0xc6, 0x39, 0xc6, 0x19, 0xc6, 0x19, 0xc6,
    0x18, 0xbe, 0x18, 0xbe, 0x18, 0xbe, 0x18, 0xbe, 0xf8, 0xbd, 0xf8, 0xbd,
    0xf8, 0xbd, 0xf8, 0xbd, 0xf8, 0xbd, 0xf8, 0xbd, 0xf8, 0xbd, 0xd8, 0xbd,
    0xd8, 0xbd, 0xd8, 0xb5, 0xd7, 0xb5, 0xd7, 0xb5, 0xd7, 0xb5, 0xbb, 0xd6,
    0xbe, 0xf7, 0xbb, 0xd6, 0xb7, 0xb5, 0xb7, 0xb5, 0xb7, 0xb5, 0xb7, 0xb5,
    0x97, 0xb5, 0x9a, 0xd6, 0xbe, 0xf7, 0x9a, 0xd6, 0xf0, 0x83, 0x69, 0x52,
    0x69, 0x52, 0x69, 0x52, 0x69, 0x52, 0x69, 0x52, 0x69, 0x52, 0x69, 0x52,
    0x69, 0x52, 0x69, 0x52, 0x69, 0x52, 0x69, 0x52, 0x69, 0x52, 0x69, 0x52,
    0x69, 0x52, 0x69, 0x52, 0x69, 0x52, 0x69, 0x52, 0x69, 0x52, 0x69, 0x52,
    0x69, 0x52, 0x69, 0x52, 0x69, 0x52, 0x69, 0x52, 0x69, 0x52, 0x69, 0x52,
    0x69, 0x52, 0x69, 0x52, 0x69, 0x52, 0x69, 0x52, 0x69, 0x52, 0x69, 0x52,
    0x69, 0x52, 0x69, 0x52, 0x69, 0x52, 0x69, 0x52, 0x69, 0x52, 0x69, 0x52,
    0x69, 0x52, 0x8a, 0x9a, 0xab, 0xda, 0xab, 0xda, 0xab, 0xda, 0xab, 0xda,
    0xab, 0xda, 0xab, 0xda, 0xab, 0xda, 0xab, 0xda, 0xab, 0xda, 0xab, 0xda,
    0xab, 0xda, 0xab, 0xda, 0xab, 0xda, 0xab, 0xda, 0xab, 0xda, 0xab, 0xda,
    0xab, 0xda, 0xab, 0xda, 0xab, 0xda, 0x69, 0x52, 0x69, 0x52, 0x69, 0x52,
    0x69, 0x52, 0x69, 0x52, 0x69, 0x52, 0x69, 0x52, 0x69, 0x52, 0x69, 0x52,
    0x69, 0x52, 0x69, 0x52, 0x69, 0x52, 0x69, 0x52, 0x69, 0x52, 0x69, 0x52,
    0x69, 0x52, 0x69, 0x52, 0x69, 0x52, 0x69, 0x52, 0x69, 0x52, 0x69, 0x52,
    0x69, 0x52, 0x69, 0x52, 0x69, 0x52, 0x69, 0x52, 0x69, 0x52, 0x69, 0x52,
    0x69, 0x52, 0x69, 0x52, 0x69, 0x52, 0x69, 0x52, 0x69, 0x52, 0x69, 0x52,
    0x69, 0x52, 0x69, 0x52, 0x69, 0x52, 0x69, 0x52, 0x69, 0x52, 0x69, 0x52,
    0x7a, 0xce, 0x7a, 0xce, 0x7a, 0xce, 0x7a, 0xce, 0x7a, 0xce, 0x7a, 0xce,
    0x7a, 0xce, 0x59, 0xce, 0x59, 0xce, 0x59, 0xce, 0x59, 0xc6, 0x59, 0xc6,
    0x59, 0xc6, 0x59, 0xc6, 0x39, 0xc6, 0x39, 0xc6, 0x39, 0xc6, 0x39, 0xc6,
    0x39, 0xc6, 0x39, 0xc6, 0x19, 0xc6, 0x19, 0xc6, 0x18, 0xbe, 0x18, 0xbe,
    0x18, 0xbe, 0x18, 0xbe, 0x18, 0xbe, 0xf8, 0xbd, 0xf8, 0xbd, 0xf8, 0xbd,
    0xf8, 0xbd, 0xf8, 0xbd, 0xf8, 0xbd, 0xf8, 0xbd, 0xd8, 0xbd, 0xd8, 0xbd,
    0xd7, 0xb5, 0xd7, 0xb5, 0xd7, 0xb5, 0xd7, 0xb5, 0x39, 0xc6, 0xbe, 0xf7,
    0xbb, 0xd6, 0xb7, 0xb5, 0xb7, 0xb5, 0xb7, 0xb5, 0xb7, 0xb5, 0x97, 0xb5,
    0x9a, 0xd6, 0xbe, 0xf7, 0x9a, 0xd6, 0x96, 0xad, 0xf0, 0x83, 0x69, 0x52,
    0x69, 0x52, 0x69, 0x52, 0x69, 0x52, 0x69, 0x52, 0x69, 0x52, 0x69, 0x52,
    0x69, 0x52, 0x69, 0x52, 0x69, 0x52, 0x69, 0x52, 0x69, 0x52, 0x69, 0x52,
    0x69, 0x52, 0x69, 0x52, 0x69, 0x52, 0x69, 0x52, 0x69, 0x52, 0x69, 0x52,
    0x69, 0x52, 0x69, 0x52, 0x69, 0x52, 0x69, 0x52, 0x69, 0x52, 0x69, 0x52,
    0x69, 0x52, 0x69, 0x52, 0x69, 0x52, 0x69, 0x52, 0x69, 0x52, 0x69, 0x52,
    0x69, 0x52, 0x69, 0x52, 0x69, 0x52, 0x69, 0x52, 0x69, 0x52, 0x69, 0x52,
    0x69, 0x52, 0xcb, 0xda, 0xcb, 0xda, 0xcb, 0xda, 0xcb, 0xda, 0xcb, 0xda,
    0xcb, 0xda, 0xcb, 0xda, 0xcb, 0xda, 0xcb, 0xda, 0xcb, 0xda, 0xcb, 0xda,
    0xcb, 0xda, 0xcb, 0xda, 0xcb, 0xda, 0xcb, 0xda, 0xcb, 0xda, 0xcb, 0xda,
    0xcb, 0xda, 0xcb, 0xda, 0xcb, 0xda, 0x8a, 0x9a, 0x69, 0x52, 0x69, 0x52,
    0x69, 0x52, 0x69, 0x52, 0x69, 0x52, 0x69, 0x52, 0x69, 0x52, 0x69, 0x52,
    0x69, 0x52, 0x69, 0x52, 0x69, 0x52, 0x69, 0x52, 0x69, 0x52, 0x69, 0x52,
    0x69, 0x52, 0x69, 0x52, 0x69, 0x52, 0x69, 0x52, 0x69, 0x52, 0x69, 0x52,
    0x69, 0x52, 0x69, 0x52, 0x69, 0x52, 0x69, 0x52, 0x69, 0x52, 0x69, 0x52,
    0x69, 0x52, 0x69, 0x52, 0x69, 0x52, 0x69, 0x52, 0x69, 0x52, 0x69, 0x52,
    0x69, 0x52, 0x69, 0x52, 0x69, 0x52, 0x69, 0x52, 0x69, 0x52, 0x69, 0x52,
    0x7a, 0xce, 0x7a, 0xce, 0x7a, 0xce, 0x7a, 0xce, 0x7a, 0xce, 0x7a, 0xce,
    0x5a, 0xce, 0x59, 0xce, 0x59, 0xce, 0x59, 0xce, 0x59, 0xc6, 0x59, 0xc6,
    0x59, 0xc6, 0x39, 0xc6, 0x39, 0xc6, 0x39, 0xc6, 0x39, 0xc6, 0x39, 0xc6,
    0x39, 0xc6, 0x39, 0xc6, 0x19, 0xc6, 0x19, 0xc6, 0x18, 0xbe, 0x18, 0xbe,
    0x18, 0xbe, 0x18, 0xbe, 0xf8, 0xbd, 0xf8, 0xbd, 0xf8, 0xbd, 0xf8, 0xbd,
    0xf8, 0xbd, 0xf8, 0xbd, 0xf8, 0xbd, 0xd8, 0xbd, 0xd8, 0xbd, 0xd8, 0xb5,
    0xd7, 0xb5, 0xd7, 0xb5, 0xd7, 0xb5, 0xd7, 0xb5, 0xbb, 0xd6, 0xbb, 0xd6,
    0xb7, 0xb5, 0xb7, 0xb5, 0xb7, 0xb5, 0xb7, 0xb5, 0x97, 0xb5, 0x9a, 0xd6,
    0xbe, 0xf7, 0x9a, 0xd6, 0x97, 0xad, 0x96, 0xad, 0xf0, 0x83, 0x69, 0x52,
    0x69, 0x52, 0x69, 0x52, 0x69, 0x52, 0x69, 0x52, 0x69, 0x52, 0x69, 0x52,
    0x69, 0x52, 0x69, 0x52, 0x69, 0x52, 0x69, 0x52, 0x69, 0x52, 0x69, 0x52,
    0x69, 0x52, 0x69, 0x52, 0x69, 0x52, 0x69, 0x52, 0x69, 0x52, 0x69, 0x52,
    0x69, 0x52, 0x69, 0x52, 0x69, 0x52, 0x69, 0x52, 0x69, 0x52, 0x69, 0x52,
    0x69, 0x52, 0x69, 0x52, 0x69, 0x52, 0x69, 0x52, 0x69, 0x52, 0x69, 0x52,
    0x69, 0x52, 0x69, 0x52, 0x69, 0x52, 0x69, 0x52, 0x69, 0x52, 0x69, 0x52,
    0xaa, 0x9a, 0xec, 0xda, 0xcc, 0xda, 0xec, 0xda, 0xcc, 0xda, 0xec, 0xda,
    0xcc, 0xda, 0xec, 0xda, 0xcc, 0xda, 0xec, 0xda, 0xcc, 0xda, 0xec, 0xda,
    0xcc, 0xda, 0xec, 0xda, 0xcc, 0xda, 0xec, 0xda, 0xcc, 0xda, 0xec, 0xda,
    0xcc, 0xda, 0xec, 0xda, 0xcc, 0xda, 0xec, 0xda, 0x69, 0x52, 0x69, 0x52,
    0x69, 0x52, 0x69, 0x52, 0x69, 0x52, 0x69, 0x52, 0x69, 0x52, 0x69, 0x52,
    0x69, 0x52, 0x69, 0x52, 0x69, 0x52, 0x69, 0x52, 0x69, 0x52, 0x69, 0x52,
    0x69, 0x52, 0x69, 0x52, 0x69, 0x52, 0x69, 0x52, 0x69, 0x52, 0x69, 0x52,
    0x69, 0x52, 0x69, 0x52, 0x69, 0x52, 0x69, 0x52, 0x69, 0x52, 0x69, 0x52,
    0x69, 0x52, 0x69, 0x52, 0x69, 0x52, 0x69, 0x52, 0x69, 0x52, 0x69, 0x52,
    0x69, 0x52, 0x69, 0x52, 0x69, 0x52, 0x69, 0x52, 0x69, 0x52, 0x69, 0x52,
    0x7a, 0xce, 0x7a, 0xce, 0x7a, 0xce, 0x7a, 0xce, 0x59, 0xce, 0x59, 0xce,
    0x59, 0xce, 0x59, 0xce, 0x59, 0xc6, 0x59, 0xc6, 0x59, 0xc6, 0x39, 0xc6,
    0x39, 0xc6, 0x39, 0xc6, 0x39, 0xc6, 0x39, 0xc6, 0x39, 0xc6, 0x39, 0xc6,
    0x19, 0xc6, 0x19, 0xc6, 0x18, 0xbe, 0x18, 0xbe, 0x18, 0xbe, 0x18, 0xbe,
    0xf8, 0xbd, 0xf8, 0xbd, 0xf8, 0xbd, 0xf8, 0xbd, 0xf8, 0xbd, 0xf8, 0xbd,
    0xf8, 0xbd, 0xd8, 0xbd, 0xd8, 0xbd, 0xd8, 0xb5, 0xd7, 0xb5, 0xd7, 0xb5,
    0xd7, 0xb5, 0xd7, 0xb5, 0xb7, 0xb5, 0xb7, 0xb5, 0x39, 0xc6, 0xb7, 0xb5,
    0xb7, 0xb5, 0xb7, 0xb5, 0x97, 0xb5, 0x97, 0xb5, 0x9a, 0xd6, 0xbe, 0xf7,
    0x9a, 0xd6, 0x96, 0xad, 0x96, 0xad, 0x76, 0xad, 0xf0, 0x83, 0x69, 0x52,
    0x69, 0x52, 0x69, 0x52, 0x69, 0x52, 0x69, 0x52, 0x69, 0x52, 0x69, 0x52,
    0x69, 0x52, 0x69, 0x52, 0x69, 0x52, 0x69, 0x52, 0x69, 0x52, 0x69, 0x52,
    0x69, 0x52, 0x69, 0x52, 0x69, 0x52, 0x69, 0x52, 0x69, 0x52, 0x69, 0x52,
    0x69, 0x52, 0x69, 0x52, 0x69, 0x52, 0x69, 0x52, 0x69, 0x52, 0x69, 0x52,
    0x69, 0x52, 0x69, 0x52, 0x69, 0x52, 0x69, 0x52, 0x69, 0x52, 0x69, 0x52,
    0x69, 0x52, 0x69, 0x52, 0x69, 0x52, 0x69, 0x52, 0x69, 0x52, 0x69, 0x52,
    0xec, 0xda, 0xec, 0xda, 0xec, 0xda, 0xec, 0xda, 0xec, 0xda, 0xec, 0xda,
    0xec, 0xda, 0xec, 0xda, 0xec, 0xda, 0xec, 0xda, 0xec, 0xda, 0xec, 0xda,
    0xec, 0xda, 0xec, 0xda, 0xec, 0xda, 0xec, 0xda, 0xec, 0xda, 0xec, 0xda,
    0xec, 0xda, 0xec, 0xda, 0xec, 0xda, 0xec, 0xda, 0xaa, 0x9a, 0x69, 0x52,
    0x69, 0x52, 0x69, 0x52, 0x69, 0x52, 0x69, 0x52, 0x69, 0x52, 0x69, 0x52,
    0x69, 0x52, 0x69, 0x52, 0x69, 0x52, 0x69, 0x52, 0x69, 0x52, 0x69, 0x52,
    0x69, 0x52, 0x69, 0x52, 0x69, 0x52, 0x69, 0x52, 0x69, 0x52, 0x69, 0x52,
    0x69, 0x52, 0x69, 0x52, 0x69, 0x52, 0x69, 0x52, 0x69, 0x52, 0x69, 0x52,
    0x69, 0x52, 0x69, 0x52, 0x69, 0x52, 0x69, 0x52, 0x69, 0x52, 0x69, 0x52,
    0x69, 0x52, 0x69, 0x52, 0x69, 0x52, 0x69, 0x52, 0x69, 0x52, 0x69, 0x52,
    0x7a, 0xce, 0x7a, 0xce, 0x7a, 0xce, 0x7a, 0xce, 0x59, 0xce, 0x59, 0xce,
    0x59, 0xce, 0x59, 0xce, 0x59, 0xc6, 0x59, 0xc6, 0x59, 0xc6, 0x39, 0xc6,
    0x39, 0xc6, 0x39, 0xc6, 0x39, 0xc6, 0x39, 0xc6, 0x39, 0xc6, 0x39, 0xc6,
    0x19, 0xc6, 0x18, 0xc6, 0x18, 0xbe, 0x18, 0xbe, 0x18, 0xbe, 0x18, 0xbe,
    0xf8, 0xbd, 0xf8, 0xbd, 0xf8, 0xbd, 0xf8, 0xbd, 0xf8, 0xbd, 0xf8, 0xbd,
    0xf8, 0xbd, 0xd8, 0xbd, 0xd8, 0xbd, 0xd8, 0xb5, 0xd7, 0xb5, 0xd7, 0xb5,
    0xd7, 0xb5, 0xd7, 0xb5, 0xb7, 0xb5, 0xb7, 0xb5, 0xb7, 0xb5, 0xb7, 0xb5,
    0xb7, 0xb5, 0xb7, 0xb5, 0x97, 0xb5, 0x9a, 0xd6, 0xbe, 0xf7, 0x9a, 0xd6,
    0x96, 0xad, 0x96, 0xad, 0x96, 0xad, 0x76, 0xad, 0xf0, 0x83, 0x69, 0x52,
    0x69, 0x52, 0x69, 0x52, 0x69, 0x52, 0x69, 0x52, 0x69, 0x52, 0x69, 0x52,
    0x69, 0x52, 0x69, 0x52, 0x69, 0x52, 0x69, 0x52, 0x69, 0x52, 0x69, 0x52,
    0x69, 0x52, 0x69, 0x52, 0x69, 0x52, 0x69, 0x52, 0x69, 0x52, 0x69, 0x52,
    0x69, 0x52, 0x69, 0x52, 0x69, 0x52, 0x69, 0x52, 0x69, 0x52, 0x69, 0x52,
    0x69, 0x52, 0x69, 0x52, 0x69, 0x52, 0x69, 0x52, 0x69, 0x52, 0x69, 0x52,
    0x69, 0x52, 0x69, 0x52, 0x69, 0x52, 0x69, 0x52, 0x69, 0x52, 0xab, 0x9a,
    0x0c, 0xdb, 0x0c, 0xdb, 0x0c, 0xdb, 0x0c, 0xdb, 0x0c, 0xdb, 0x0c, 0xdb,
    0x0c, 0xdb, 0x0c, 0xdb, 0x0c, 0xdb, 0x0c, 0xdb, 0x0c, 0xdb, 0x0c, 0xdb,
    0x0c, 0xdb, 0x0c, 0xdb, 0x0c, 0xdb, 0x0c, 0xdb, 0x0c, 0xdb, 0x0c, 0xdb,
    0x0c, 0xdb, 0x0c, 0xdb, 0x0c, 0xdb, 0x0c, 0xdb, 0x0c, 0xdb, 0x69, 0x52,
    0x69, 0x52, 0x69, 0x52, 0x69, 0x52, 0x69, 0x52, 0x69, 0x52, 0x69, 0x52,
    0x69, 0x52, 0x69, 0x52, 0x69, 0x52, 0x69, 0x52, 0x69, 0x52, 0x69, 0x52,
    0x69, 0x52, 0x69, 0x52, 0x69, 0x52, 0x69, 0x52, 0x69, 0x52, 0x69, 0x52,
    0x69, 0x52, 0x69, 0x52, 0x69, 0x52, 0x69, 0x52, 0x69, 0x52, 0x69, 0x52,
    0x69, 0x52, 0x69, 0x52, 0x69, 0x52, 0x69, 0x52, 0x69, 0x52, 0x69, 0x52,
    0x69, 0x52, 0x69, 0x52, 0x69, 0x52, 0x69, 0x52, 0x69, 0x52, 0x69, 0x52,
    0x7a, 0xce, 0x7a, 0xce, 0x5a, 0xce, 0x59, 0xce, 0x59, 0xce, 0x59, 0xce,
    0x59, 0xc6, 0x59, 0xc6, 0x59, 0xc6, 0x39, 0xc6, 0x39, 0xc6, 0x39, 0xc6,
    0x39, 0xc6, 0x39, 0xc6, 0x39, 0xc6, 0x39, 0xc6, 0x19, 0xc6, 0x19, 0xc6,
    0x18, 0xbe, 0x18, 0xbe, 0x18, 0xbe, 0x18, 0xbe, 0x18, 0xbe, 0xf8, 0xbd,
    0xf8, 0xbd, 0xf8, 0xbd, 0xf8, 0xbd, 0xf8, 0xbd, 0xf8, 0xbd, 0xd8, 0xbd,
    0xd8, 0xbd, 0xd8, 0xbd, 0xd7, 0xb5, 0xd7, 0xb5, 0xd7, 0xb5, 0xd7, 0xb5,
    0xb7, 0xb5, 0xb7, 0xb5, 0xb7, 0xb5, 0xb7, 0xb5, 0xb7, 0xb5, 0xb7, 0xb5,
    0x97, 0xb5, 0x97, 0xb5, 0x9a, 0xd6, 0xbe, 0xf7, 0x9a, 0xd6, 0x96, 0xad,
    0x96, 0xad, 0x76, 0xad, 0x76, 0xad, 0x76, 0xad, 0x72, 0x94, 0x69, 0x52,
    0x49, 0x52, 0x69, 0x52, 0x49, 0x52, 0x69, 0x52, 0x49, 0x52, 0x69, 0x52,
    0x49, 0x52, 0x69, 0x52, 0x49, 0x52, 0x69, 0x52, 0x49, 0x52, 0x69, 0x52,
    0x49, 0x52, 0x69, 0x52, 0x49, 0x52, 0x69, 0x52, 0x49, 0x52, 0x69, 0x52,
    0x49, 0x52, 0x69, 0x52, 0x49, 0x52, 0x69, 0x52, 0x49, 0x52, 0x69, 0x52,
    0x49, 0x52, 0x69, 0x52, 0x49, 0x52, 0x69, 0x52, 0x49, 0x52, 0x69, 0x52,
    0x49, 0x52, 0x69, 0x52, 0x49, 0x52, 0x69, 0x52, 0x49, 0x52, 0x0d, 0xdb,
    0x0d, 0xdb, 0x0d, 0xdb, 0x0d, 0xdb, 0x0d, 0xdb, 0x0d, 0xdb, 0x0d, 0xdb,
    0x0d, 0xdb, 0x0d, 0xdb, 0x0d, 0xdb, 0x0d, 0xdb, 0x0d, 0xdb, 0x0d, 0xdb,
    0x0d, 0xdb, 0x0d, 0xdb, 0x0d, 0xdb, 0x0d, 0xdb, 0x0d, 0xdb, 0x0d, 0xdb,
    0x0d, 0xdb, 0x0d, 0xdb, 0x0d, 0xdb, 0x0d, 0xdb, 0x0d, 0xdb, 0xcb, 0x9a,
    0x49, 0x52, 0x69, 0x52, 0x49, 0x52, 0x69, 0x52, 0x49, 0x52, 0x69, 0x52,
    0x49, 0x52, 0x69, 0x52, 0x49, 0x52, 0x69, 0x52, 0x49, 0x52, 0x69, 0x52,
    0x49, 0x52, 0x69, 0x52, 0x49, 0x52, 0x69, 0x52, 0x49, 0x52, 0x69, 0x52,
    0x49, 0x52, 0x69, 0x52, 0x49, 0x52, 0x69, 0x52, 0x49, 0x52, 0x69, 0x52,
    0x49, 0x52, 0x69, 0x52, 0x49, 0x52, 0x69, 0x52, 0x49, 0x52, 0x69, 0x52,
    0x49, 0x52, 0x69, 0x52, 0x49, 0x52, 0x69, 0x52, 0x49, 0x52, 0x69, 0x52,
    0x7a, 0xce, 0x7a, 0xce, 0x5a, 0xce, 0x59, 0xce, 0x59, 0xce, 0x59, 0xce,
    0x59, 0xc6, 0x59, 0xc6, 0x59, 0xc6, 0x39, 0xc6, 0x39, 0xc6, 0x39, 0xc6,
    0x39, 0xc6, 0x39, 0xc6, 0x39, 0xc6, 0x39, 0xc6, 0x19, 0xc6, 0x19, 0xc6,
    0x18, 0xbe, 0x18, 0xbe, 0x18, 0xbe, 0x18, 0xbe, 0xf8, 0xbd, 0xf8, 0xbd,
    0xf8, 0xbd, 0xf8, 0xbd, 0xf8, 0xbd, 0xf8, 0xbd, 0xf8, 0xbd, 0xd8, 0xbd,
    0xd8, 0xbd, 0xd8, 0xb5, 0xd7, 0xb5, 0xd7, 0xb5, 0xd7, 0xb5, 0xd7, 0xb5,
    0xb7, 0xb5, 0xb7, 0xb5, 0xb7, 0xb5, 0xb7, 0xb5, 0xb7, 0xb5, 0xb7, 0xb5,
    0x97, 0xb5, 0x9a, 0xd6, 0xbe, 0xf7, 0x9a, 0xd6, 0x97, 0xad, 0x96, 0xad,
    0x96, 0xad, 0x76, 0xad, 0x76, 0xad, 0x9a, 0xd6, 0x14, 0xa5, 0x69, 0x52,
    0x69, 0x52, 0x69, 0x52, 0x49, 0x52, 0x69, 0x52, 0x69, 0x52, 0x69, 0x52,
    0x69, 0x52, 0x69, 0x52, 0x69, 0x52, 0x69, 0x52, 0x49, 0x52, 0x69, 0x52,
    0x69, 0x52, 0x69, 0x52, 0x69, 0x52, 0x69, 0x52, 0x69, 0x52, 0x69, 0x52,
    0x49, 0x52, 0x69, 0x52, 0x69, 0x52, 0x69, 0x52, 0x69, 0x52, 0x69, 0x52,
    0x69, 0x52, 0x69, 0x52, 0x49, 0x52, 0x69, 0x52, 0x69, 0x52, 0x69, 0x52,
    0x69, 0x52, 0x69, 0x52, 0x69, 0x52, 0x69, 0x52, 0xcb, 0x9a, 0x2d, 0xdb,
    0x2d, 0xdb, 0x2d, 0xdb, 0x2d, 0xdb, 0x2d, 0xdb, 0x2d, 0xdb, 0x2d, 0xe3,
    0x2d, 0xdb, 0x2d, 0xdb, 0x2d, 0xdb, 0x2d, 0xdb, 0x2d, 0xdb, 0x2d, 0xdb,
    0x2d, 0xdb, 0x2d, 0xe3, 0x2d, 0xdb, 0x2d, 0xdb, 0x2d, 0xdb, 0x2d, 0xdb,
    0x2d, 0xdb, 0x2d, 0xdb, 0x2d, 0xdb, 0x2d, 0xe3, 0x2d, 0xdb, 0x2d, 0xdb,
    0x69, 0x52, 0x69, 0x52, 0x69, 0x52, 0x69, 0x52, 0x69, 0x52, 0x69, 0x52,
    0x49, 0x52, 0x69, 0x52, 0x69, 0x52, 0x69, 0x52, 0x69, 0x52, 0x69, 0x52,
    0x69, 0x52, 0x69, 0x52, 0x49, 0x52, 0x69, 0x52, 0x69, 0x52, 0x69, 0x52,
    0x69, 0x52, 0x69, 0x52, 0x69, 0x52, 0x69, 0x52, 0x49, 0x52, 0x69, 0x52,
    0x69, 0x52, 0x69, 0x52, 0x69, 0x52, 0x69, 0x52, 0x69, 0x52, 0x69, 0x52,
    0x49, 0x52, 0x69, 0x52, 0x69, 0x52, 0x69, 0x52, 0x69, 0x52, 0x69, 0x52,
    0x59, 0xce, 0x59, 0xce, 0x59, 0xce, 0x59, 0xce, 0x59, 0xc6, 0x59, 0xc6,
    0x59, 0xc6, 0x39, 0xc6, 0x39, 0xc6, 0x39, 0xc6, 0x39, 0xc6, 0x39, 0xc6,
    0x39, 0xc6, 0x39, 0xc6, 0x19, 0xc6, 0x19, 0xc6, 0x18, 0xbe, 0x18, 0xbe,
    0x18, 0xbe, 0x18, 0xbe, 0xf8, 0xbd, 0xf8, 0xbd, 0xf8, 0xbd, 0xf8, 0xbd,
    0xf8, 0xbd, 0xf8, 0xbd, 0xf8, 0xbd, 0xd8, 0xbd, 0xd8, 0xbd, 0xd8, 0xb5,
    0xd7, 0xb5, 0xd7, 0xb5, 0xd7, 0xb5, 0xd7, 0xb5, 0xb7, 0xb5, 0xb7, 0xb5,
    0xb7, 0xb5, 0xb7, 0xb5, 0xb7, 0xb5, 0xb7, 0xb5, 0x97, 0xb5, 0x97, 0xb5,
    0x9a, 0xd6, 0xbe, 0xf7, 0x9a, 0xd6, 0x96, 0xad, 0x96, 0xad, 0x76, 0xad,
    0x76, 0xad, 0x76, 0xad, 0x9a, 0xd6, 0xbe, 0xf7, 0x71, 0x94, 0x49, 0x52,
    0x49, 0x52, 0x49, 0x52, 0x49, 0x52, 0x49, 0x52, 0x49, 0x52, 0x49, 0x52,
    0x49, 0x52, 0x49, 0x52, 0x49, 0x52, 0x49, 0x52, 0x49, 0x52, 0x49, 0x52,
    0x49, 0x52, 0x49, 0x52, 0x49, 0x52, 0x49, 0x52, 0x49, 0x52, 0x49, 0x52,
    0x49, 0x52, 0x49, 0x52, 0x49, 0x52, 0x49, 0x52, 0x49, 0x52, 0x49, 0x52,
    0x49, 0x52, 0x49, 0x52, 0x49, 0x52, 0x49, 0x52, 0x49, 0x52, 0x49, 0x52,
    0x49, 0x52, 0x49, 0x52, 0x49, 0x52, 0x49, 0x52, 0x4d, 0xe3, 0x4d, 0xe3,
    0x4d, 0xe3, 0x4d, 0xe3, 0x4d, 0xe3, 0x4d, 0xe3, 0x4d, 0xe3, 0x4d, 0xe3,
    0x4d, 0xe3, 0x4d, 0xe3, 0x4d, 0xe3, 0x4d, 0xe3, 0x4d, 0xe3, 0x4d, 0xe3,
    0x4d, 0xe3, 0x4d, 0xe3, 0x4d, 0xe3, 0x4d, 0xe3, 0x4d, 0xe3, 0x4d, 0xe3,
    0x4d, 0xe3, 0x4d, 0xe3, 0x4d, 0xe3, 0x4d, 0xe3, 0x4d, 0xe3, 0x4d, 0xe3,
    0xcb, 0x9a, 0x49, 0x52, 0x49, 0x52, 0x49, 0x52, 0x49, 0x52, 0x49, 0x52,
    0x49, 0x52, 0x49, 0x52, 0x49, 0x52, 0x49, 0x52, 0x49, 0x52, 0x49, 0x52,
    0x49, 0x52, 0x49, 0x52, 0x49, 0x52, 0x49, 0x52, 0x49, 0x52, 0x49, 0x52,
    0x49, 0x52, 0x49, 0x52, 0x49, 0x52, 0x49, 0x52, 0x49, 0x52, 0x49, 0x52,
    0x49, 0x52, 0x49, 0x52, 0x49, 0x52, 0x49, 0x52, 0x49, 0x52, 0x49, 0x52,
    0x49, 0x52, 0x49, 0x52, 0x49, 0x52, 0x49, 0x52, 0x49, 0x52, 0x49, 0x52,
    0x59, 0xce, 0x59, 0xce, 0x59, 0xce, 0x59, 0xce, 0x59, 0xc6, 0x59, 0xc6,
    0x59, 0xc6, 0x39, 0xc6, 0x39, 0xc6, 0x39, 0xc6, 0x39, 0xc6, 0x39, 0xc6,
    0x39, 0xc6, 0x39, 0xc6, 0x19, 0xc6, 0x19, 0xc6, 0x18, 0xbe, 0x18, 0xbe,
    0x18, 0xbe, 0x18, 0xbe, 0xf8, 0xbd, 0xf8, 0xbd, 0xf8, 0xbd, 0xf8, 0xbd,
    0xf8, 0xbd, 0xf8, 0xbd, 0xf8, 0xbd, 0xd8, 0xbd, 0xd8, 0xbd, 0xd8, 0xb5,
    0xd7, 0xb5, 0xd7, 0xb5, 0xd7, 0xb5, 0xd7, 0xb5, 0xb7, 0xb5, 0xb7, 0xb5,
    0xb7, 0xb5, 0xb7, 0xb5, 0xb7, 0xb5, 0xb7, 0xb5, 0x97, 0xb5, 0x9a, 0xd6,
    0xbe, 0xf7, 0x9a, 0xd6, 0x96, 0xad, 0x96, 0xad, 0x96, 0xad, 0x76, 0xad,
    0x76, 0xad, 0x9a, 0xd6, 0xbe, 0xf7, 0x9a, 0xd6, 0xef, 0x7b, 0x49, 0x52,
    0x49, 0x52, 0x49, 0x52, 0x49, 0x52, 0x49, 0x52, 0x49, 0x52, 0x49, 0x52,
    0x49, 0x52, 0x49, 0x52, 0x49, 0x52, 0x49, 0x52, 0x49, 0x52, 0x49, 0x52,
    0x49, 0x52, 0x49, 0x52, 0x49, 0x52, 0x49, 0x52, 0x49, 0x52, 0x49, 0x52,
    0x49, 0x52, 0x49, 0x52, 0x49, 0x52, 0x49, 0x52, 0x49, 0x52, 0x49, 0x52,
    0x49, 0x52, 0x49, 0x52, 0x49, 0x52, 0x49, 0x52, 0x49, 0x52, 0x49, 0x52,
    0x49, 0x52, 0x49, 0x52, 0x49, 0x52, 0x8a, 0x7a, 0xcb, 0x9a, 0xcb, 0x9a,
    0xcb, 0x9a, 0xcb, 0x9a, 0xcb, 0x9a, 0xcb, 0x9a, 0xcb, 0x9a, 0xcb, 0x9a,
    0xcb, 0x9a, 0xcb, 0x9a, 0xcb, 0x9a, 0xcb, 0x9a, 0xcb, 0x9a, 0xcb, 0x9a,
    0xcb, 0x9a, 0xcb, 0x9a, 0xcb, 0x9a, 0xcb, 0x9a, 0xcb, 0x9a, 0xcb, 0x9a,
    0xcb, 0x9a, 0xcb, 0x9a, 0xcb, 0x9a, 0xcb, 0x9a, 0xcb, 0x9a, 0xcb, 0x9a,
    0xcb, 0x9a, 0x49, 0x52, 0x49, 0x52, 0x49, 0x52, 0x49, 0x52, 0x49, 0x52,
    0x49, 0x52, 0x49, 0x52, 0x49, 0x52, 0x49, 0x52, 0x49, 0x52, 0x49, 0x52,
    0x49, 0x52, 0x49, 0x52, 0x49, 0x52, 0x49, 0x52, 0x49, 0x52, 0x49, 0x52,
    0x49, 0x52, 0x49, 0x52, 0x49, 0x52, 0x49, 0x52, 0x49, 0x52, 0x49, 0x52,
    0x49, 0x52, 0x49, 0x52, 0x49, 0x52, 0x49, 0x52, 0x49, 0x52, 0x49, 0x52,
    0x49, 0x52, 0x49, 0x52, 0x49, 0x52, 0x49, 0x52, 0x49, 0x52, 0x49, 0x52,
    0x59, 0xce, 0x59, 0xce, 0x59, 0xc6, 0x59, 0xc6, 0x59, 0xc6, 0x59, 0xc6,
    0x39, 0xc6, 0x39, 0xc6, 0x39, 0xc6, 0x39, 0xc6, 0x39, 0xc6, 0x39, 0xc6,
    0x19, 0xc6, 0x19, 0xc6, 0x18, 0xbe, 0x18, 0xbe, 0x18, 0xbe, 0x18, 0xbe,
    0x18, 0xbe, 0xf8, 0xbd, 0xf8, 0xbd, 0xf8, 0xbd, 0xf8, 0xbd, 0xf8, 0xbd,
    0xf8, 0xbd, 0xf8, 0xbd, 0xd8, 0xbd, 0xd8, 0xbd, 0xd7, 0xb5, 0xd7, 0xb5,
    0xd7, 0xb5, 0xd7, 0xb5, 0xb7, 0xb5, 0xb7, 0xb5, 0xb7, 0xb5, 0xb7, 0xb5,
    0xb7, 0xb5, 0xb7, 0xb5, 0xb7, 0xb5, 0x97, 0xb5, 0x19, 0xc6, 0xbe, 0xf7,
    0x9a, 0xd6, 0x96, 0xad, 0x96, 0xad, 0x96, 0xad, 0x76, 0xad, 0x76, 0xad,
    0x9a, 0xd6, 0xbe, 0xf7, 0x9a, 0xce, 0x76, 0xad, 0xcf, 0x7b, 0x49, 0x52,
    0x49, 0x52, 0x49, 0x52, 0x49, 0x52, 0x49, 0x52, 0x49, 0x52, 0x49, 0x52,
    0x49, 0x52, 0x49, 0x52, 0x49, 0x52, 0x49, 0x52, 0x49, 0x52, 0x49, 0x52,
    0x49, 0x52, 0x49, 0x52, 0x49, 0x52, 0x49, 0x52, 0x49, 0x52, 0x49, 0x52,
    0x49, 0x52, 0x49, 0x52, 0x49, 0x52, 0x49, 0x52, 0x49, 0x52, 0x49, 0x52,
    0x49, 0x52, 0x49, 0x52, 0x49, 0x52, 0x49, 0x52, 0x49, 0x52, 0x49, 0x52,
    0x49, 0x52, 0x49, 0x52, 0x49, 0x52, 0x49, 0x52, 0x49, 0x52, 0x49, 0x52,
    0x49, 0x52, 0x49, 0x52, 0x49, 0x52, 0x49, 0x52, 0x49, 0x52, 0x49, 0x52,
    0x49, 0x52, 0x49, 0x52, 0x49, 0x52, 0x49, 0x52, 0x49, 0x52, 0x49, 0x52,
    0x49, 0x52, 0x49, 0x52, 0x49, 0x52, 0x49, 0x52, 0x49, 0x52, 0x49, 0x52,
    0x49, 0x52, 0x49, 0x52, 0x49, 0x52, 0x49, 0x52, 0x49, 0x52, 0x49, 0x52,
    0x49, 0x52, 0x49, 0x52, 0x49, 0x52, 0x49, 0x52, 0x49, 0x52, 0x49, 0x52,
    0x49, 0x52, 0x49, 0x52, 0x49, 0x52, 0x49, 0x52, 0x49, 0x52, 0x49, 0x52,
    0x49, 0x52, 0x49, 0x52, 0x49, 0x52, 0x49, 0x52, 0x49, 0x52, 0x49, 0x52,
    0x49, 0x52, 0x49, 0x52, 0x49, 0x52, 0x49, 0x52, 0x49, 0x52, 0x49, 0x52,
    0x49, 0x52, 0x49, 0x52, 0x49, 0x52, 0x49, 0x52, 0x49, 0x52, 0x49, 0x52,
    0x49, 0x52, 0x49, 0x52, 0x49, 0x52, 0x49, 0x52, 0x49, 0x52, 0x49, 0x52,
    0x59, 0xce, 0x59, 0xce, 0x59, 0xc6, 0x59, 0xc6, 0x59, 0xc6, 0x39, 0xc6,
    0x39, 0xc6, 0x39, 0xc6, 0x39, 0xc6, 0x39, 0xc6, 0x39, 0xc6, 0x39, 0xc6,
    0x19, 0xc6, 0x19, 0xc6, 0x18, 0xbe, 0x18, 0xbe, 0x18, 0xbe, 0x18, 0xbe,
    0xf8, 0xbd, 0xf8, 0xbd, 0xf8, 0xbd, 0xf8, 0xbd, 0xf8, 0xbd, 0xf8, 0xbd,
    0xf8, 0xbd, 0xd8, 0xbd, 0xd8, 0xbd, 0xd8, 0xb5, 0xd7, 0xb5, 0xd7, 0xb5,
    0xd7, 0xb5, 0xd7, 0xb5, 0xb7, 0xb5, 0xb7, 0xb5, 0xb7, 0xb5, 0xb7, 0xb5,
    0xb7, 0xb5, 0xb7, 0xb5, 0x97, 0xb5, 0x97, 0xb5, 0x9a, 0xd6, 0x9a, 0xd6,
    0x97, 0xad, 0x96, 0xad, 0x96, 0xad, 0x76, 0xad, 0x76, 0xad, 0x9a, 0xd6,
    0xbe, 0xf7, 0x9a, 0xd6, 0x76, 0xad, 0x76, 0xad, 0xcf, 0x7b, 0x49, 0x52,
    0x49, 0x52, 0x49, 0x52, 0x49, 0x52, 0x49, 0x52, 0x49, 0x52, 0x49, 0x52,
    0x49, 0x52, 0x49, 0x52, 0x49, 0x52, 0x49, 0x52, 0x49, 0x52, 0x49, 0x52,
    0x49, 0x52, 0x49, 0x52, 0x49, 0x52, 0x49, 0x52, 0x49, 0x52, 0x49, 0x52,
    0x49, 0x52, 0x49, 0x52, 0x49, 0x52, 0x49, 0x52, 0x49, 0x52, 0x49, 0x52,
    0x49, 0x52, 0x49, 0x52, 0x49, 0x52, 0x49, 0x52, 0x49, 0x52, 0x49, 0x52,
    0x49, 0x52, 0x49, 0x52, 0x49, 0x52, 0x49, 0x52, 0x49, 0x52, 0x49, 0x52,
    0x49, 0x52, 0x49, 0x52, 0x49, 0x52, 0x49, 0x52, 0x49, 0x52, 0x49, 0x52,
    0x49, 0x52, 0x49, 0x52, 0x49, 0x52, 0x49, 0x52, 0x49, 0x52, 0x49, 0x52,
    0x49, 0x52, 0x49, 0x52, 0x49, 0x52, 0x49, 0x52, 0x49, 0x52, 0x49, 0x52,
    0x49, 0x52, 0x49, 0x52, 0x49, 0x52, 0x49, 0x52, 0x49, 0x52, 0x49, 0x52,
    0x49, 0x52, 0x49, 0x52, 0x49, 0x52, 0x49, 0x52, 0x49, 0x52, 0x49, 0x52,
    0x49, 0x52, 0x49, 0x52, 0x49, 0x52, 0x49, 0x52, 0x49, 0x52, 0x49, 0x52,
    0x49, 0x52, 0x49, 0x52, 0x49, 0x52, 0x49, 0x52, 0x49, 0x52, 0x49, 0x52,
    0x49, 0x52, 0x49, 0x52, 0x49, 0x52, 0x49, 0x52, 0x49, 0x52, 0x49, 0x52,
    0x49, 0x52, 0x49, 0x52, 0x49, 0x52, 0x49, 0x52, 0x49, 0x52, 0x49, 0x52,
    0x49, 0x52, 0x49, 0x52, 0x49, 0x52, 0x49, 0x52, 0x49, 0x52, 0x49, 0x52,
    0x59, 0xc6, 0x59, 0xc6, 0x59, 0xc6, 0x39, 0xc6, 0x39, 0xc6, 0x39, 0xc6,
    0x39, 0xc6, 0x39, 0xc6, 0x39, 0xc6, 0x39, 0xc6, 0x19, 0xc6, 0x19, 0xc6,
    0x18, 0xbe, 0x18, 0xbe, 0x18, 0xbe, 0x18, 0xbe, 0xf8, 0xbd, 0xf8, 0xbd,
    0xf8, 0xbd, 0xf8, 0xbd, 0xf8, 0xbd, 0xf8, 0xbd, 0xf8, 0xbd, 0xd8, 0xbd,
    0xd8, 0xbd, 0xd8, 0xb5, 0xd7, 0xb5, 0xd7, 0xb5, 0xd7, 0xb5, 0xd7, 0xb5,
    0xb7, 0xb5, 0xb7, 0xb5, 0xb7, 0xb5, 0xb7, 0xb5, 0xb7, 0xb5, 0xb7, 0xb5,
    0x97, 0xb5, 0x97, 0xb5, 0x97, 0xad, 0x97, 0xad, 0x18, 0xc6, 0x96, 0xad,
    0x96, 0xad, 0x76, 0xad, 0x76, 0xad, 0x76, 0xad, 0x9a, 0xd6, 0xbe, 0xf7,
    0x9a, 0xce, 0x76, 0xad, 0x56, 0xa5, 0x56, 0xa5, 0xcf, 0x7b, 0x49, 0x52,
    0x49, 0x52, 0x49, 0x52, 0x49, 0x52, 0x49, 0x52, 0x49, 0x52, 0x49, 0x52,
    0x49, 0x52, 0x49, 0x52, 0x49, 0x52, 0x49, 0x52, 0x49, 0x52, 0x49, 0x52,
    0x49, 0x52, 0x49, 0x52, 0x49, 0x52, 0x49, 0x52, 0x49, 0x52, 0x49, 0x52,
    0x49, 0x52, 0x49, 0x52, 0x49, 0x52, 0x49, 0x52, 0x49, 0x52, 0x49, 0x52,
    0x49, 0x52, 0x49, 0x52, 0x49, 0x52, 0x49, 0x52, 0x49, 0x52, 0x49, 0x52,
    0x49, 0x52, 0x49, 0x52, 0x49, 0x52, 0x49, 0x52, 0x49, 0x52, 0x49, 0x52,
    0x49, 0x52, 0x49, 0x52, 0x49, 0x52, 0x49, 0x52, 0x49, 0x52, 0x49, 0x52,
    0x49, 0x52, 0x49, 0x52, 0x49, 0x52, 0x49, 0x52, 0x49, 0x52, 0x49, 0x52,
    0x49, 0x52, 0x49, 0x52, 0x49, 0x52, 0x49, 0x52, 0x49, 0x52, 0x49, 0x52,
    0x49, 0x52, 0x49, 0x52, 0x49, 0x52, 0x49, 0x52, 0x49, 0x52, 0x49, 0x52,
    0x49, 0x52, 0x49, 0x52, 0x49, 0x52, 0x49, 0x52, 0x49, 0x52, 0x49, 0x52,
    0x49, 0x52, 0x49, 0x52, 0x49, 0x52, 0x49, 0x52, 0x49, 0x52, 0x49, 0x52,
    0x49, 0x52, 0x49, 0x52, 0x49, 0x52, 0x49, 0x52, 0x49, 0x52, 0x49, 0x52,
    0x49, 0x52, 0x49, 0x52, 0x49, 0x52, 0x49, 0x52, 0x49, 0x52, 0x49, 0x52,
    0x49, 0x52, 0x49, 0x52, 0x49, 0x52, 0x49, 0x52, 0x49, 0x52, 0x49, 0x52,
    0x49, 0x52, 0x49, 0x52, 0x49, 0x52, 0x49, 0x52, 0x49, 0x52, 0x49, 0x52,
    0x59, 0xc6, 0x59, 0xc6, 0x59, 0xc6, 0x39, 0xc6, 0x39, 0xc6, 0x39, 0xc6,
    0x39, 0xc6, 0x39, 0xc6, 0x39, 0xc6, 0x39, 0xc6, 0x19, 0xc6, 0x18, 0xc6,
    0x18, 0xbe, 0x18, 0xbe, 0x18, 0xbe, 0x18, 0xbe, 0xf8, 0xbd, 0xf8, 0xbd,
    0xf8, 0xbd, 0xf8, 0xbd, 0xf8, 0xbd, 0xf8, 0xbd, 0xf8, 0xbd, 0xd8, 0xbd,
    0xd8, 0xbd, 0xd8, 0xb5, 0xd7, 0xb5, 0xd7, 0xb5, 0xd7, 0xb5, 0xd7, 0xb5,
    0xb7, 0xb5, 0xb7, 0xb5, 0xb7, 0xb5, 0xb7, 0xb5, 0xb7, 0xb5, 0xb7, 0xb5,
    0x97, 0xb5, 0x97, 0xb5, 0x97, 0xad, 0x97, 0xad, 0x96, 0xad, 0x96, 0xad,
    0x96, 0xad, 0x76, 0xad, 0x76, 0xad, 0x9a, 0xd6, 0xbe, 0xf7, 0x9a, 0xce,
    0x76, 0xad, 0x76, 0xad, 0x56, 0xa5, 0x56, 0xa5, 0xcf, 0x7b, 0x49, 0x52,
    0x49, 0x52, 0x49, 0x52, 0x49, 0x52, 0x49, 0x52, 0x49, 0x52, 0x49, 0x52,
    0x49, 0x52, 0x49, 0x52, 0x49, 0x52, 0x49, 0x52, 0x49, 0x52, 0x49, 0x52,
    0x49, 0x52, 0x49, 0x52, 0x49, 0x52, 0x49, 0x52, 0x49, 0x52, 0x49, 0x52,
    0x49, 0x52, 0x49, 0x52, 0x49, 0x52, 0x49, 0x52, 0x49, 0x52, 0x49, 0x52,
    0x49, 0x52, 0x49, 0x52, 0x49, 0x52, 0x49, 0x52, 0x49, 0x52, 0x49, 0x52,
    0x49, 0x52, 0x49, 0x52, 0x49, 0x52, 0x49, 0x52, 0x49, 0x52, 0x49, 0x52,
    0x49, 0x52, 0x49, 0x52, 0x49, 0x52, 0x49, 0x52, 0x49, 0x52, 0x49, 0x52,
    0x49, 0x52, 0x49, 0x52, 0x49, 0x52, 0x49, 0x52, 0x49, 0x52, 0x49, 0x52,
    0x49, 0x52, 0x49, 0x52, 0x49, 0x52, 0x49, 0x52, 0x49, 0x52, 0x49, 0x52,
    0x49, 0x52, 0x49, 0x52, 0x49, 0x52, 0x49, 0x52, 0x49, 0x52, 0x49, 0x52,
    0x49, 0x52, 0x49, 0x52, 0x49, 0x52, 0x49, 0x52, 0x49, 0x52, 0x49, 0x52,
    0x49, 0x52, 0x49, 0x52, 0x49, 0x52, 0x49, 0x52, 0x49, 0x52, 0x49, 0x52,
    0x49, 0x52, 0x49, 0x52, 0x49, 0x52, 0x49, 0x52, 0x49, 0x52, 0x49, 0x52,
    0x49, 0x52, 0x49, 0x52, 0x49, 0x52, 0x49, 0x52, 0x49, 0x52, 0x49, 0x52,
    0x49, 0x52, 0x49, 0x52, 0x49, 0x52, 0x49, 0x52, 0x49, 0x52, 0x49, 0x52,
    0x49, 0x52, 0x49, 0x52, 0x49, 0x52, 0x49, 0x52, 0x49, 0x52, 0x49, 0x52,
    0x59, 0xc6, 0x39, 0xc6, 0x39, 0xc6, 0x39, 0xc6, 0x39, 0xc6, 0x39, 0xc6,
    0x39, 0xc6, 0x39, 0xc6, 0x19, 0xc6, 0x19, 0xc6, 0x18, 0xbe, 0x18, 0xbe,
    0x18, 0xbe, 0x18, 0xbe, 0x18, 0xbe, 0xf8, 0xbd, 0xf8, 0xbd, 0xf8, 0xbd,
    0xf8, 0xbd, 0xf8, 0xbd, 0xf8, 0xbd, 0xd8, 0xbd, 0xd8, 0xbd, 0xd8, 0xbd,
    0xd7, 0xb5, 0xd7, 0xb5, 0xd7, 0xb5, 0xd7, 0xb5, 0xb7, 0xb5, 0xb7, 0xb5,
    0xb7, 0xb5, 0xb7, 0xb5, 0xb7, 0xb5, 0xb7, 0xb5, 0x97, 0xb5, 0x97, 0xb5,
    0x97, 0xad, 0x97, 0xad, 0x97, 0xad, 0x96, 0xad, 0x96, 0xad, 0x76, 0xad,
    0x76, 0xad, 0x76, 0xad, 0x9a, 0xd6, 0xbe, 0xf7, 0x9a, 0xce, 0x76, 0xad,
    0x56, 0xad, 0x56, 0xa5, 0x56, 0xa5, 0x56, 0xa5, 0x71, 0x94, 0x49, 0x52,
    0x49, 0x52, 0x49, 0x52, 0x49, 0x52, 0x49, 0x52, 0x49, 0x52, 0x49, 0x52,
    0x49, 0x52, 0x49, 0x52, 0x49, 0x52, 0x49, 0x52, 0x49, 0x52, 0x49, 0x52,
    0x49, 0x52, 0x49, 0x52, 0x49, 0x52, 0x49, 0x52, 0x49, 0x52, 0x49, 0x52,
    0x49, 0x52, 0x49, 0x52, 0x49, 0x52, 0x49, 0x52, 0x49, 0x52, 0x49, 0x52,
    0x49, 0x52, 0x49, 0x52, 0x49, 0x52, 0x49, 0x52, 0x49, 0x52, 0x49, 0x52,
    0x49, 0x52, 0x49, 0x52, 0x49, 0x52, 0x49, 0x52, 0x49, 0x52, 0x49, 0x52,
    0x49, 0x52, 0x49, 0x52, 0x49, 0x52, 0x49, 0x52, 0x49, 0x52, 0x49, 0x52,
    0x49, 0x52, 0x49, 0x52, 0x49, 0x52, 0x49, 0x52, 0x49, 0x52, 0x49, 0x52,
    0x49, 0x52, 0x49, 0x52, 0x49, 0x52, 0x49, 0x52, 0x49, 0x52, 0x49, 0x52,
    0x49, 0x52, 0x49, 0x52, 0x49, 0x52, 0x49, 0x52, 0x49, 0x52, 0x49, 0x52,
    0x49, 0x52, 0x49, 0x52, 0x49, 0x52, 0x49, 0x52, 0x49, 0x52, 0x49, 0x52,
    0x49, 0x52, 0x49, 0x52, 0x49, 0x52, 0x49, 0x52, 0x49, 0x52, 0x49, 0x52,
    0x49, 0x52, 0x49, 0x52, 0x49, 0x52, 0x49, 0x52, 0x49, 0x52, 0x49, 0x52,
    0x49, 0x52, 0x49, 0x52, 0x49, 0x52, 0x49, 0x52, 0x49, 0x52, 0x49, 0x52,
    0x49, 0x52, 0x49, 0x52, 0x49, 0x52, 0x49, 0x52, 0x49, 0x52, 0x49, 0x52,
    0x49, 0x52, 0x49, 0x52, 0x49, 0x52, 0x49, 0x52, 0x49, 0x52, 0x49, 0x52,
    0x59, 0xc6, 0x39, 0xc6, 0x39, 0xc6, 0x39, 0xc6, 0x39, 0xc6, 0x39, 0xc6,
    0x39, 0xc6, 0x39, 0xc6, 0x19, 0xc6, 0x19, 0xc6, 0x18, 0xbe, 0x18, 0xbe,
    0x18, 0xbe, 0x18, 0xbe, 0xf8, 0xbd, 0xf8, 0xbd, 0xf8, 0xbd, 0xf8, 0xbd,
    0xf8, 0xbd, 0xf8, 0xbd, 0xf8, 0xbd, 0xd8, 0xbd, 0xd8, 0xbd, 0xd8, 0xb5,
    0xd7, 0xb5, 0xd7, 0xb5, 0xd7, 0xb5, 0xd7, 0xb5, 0xb7, 0xb5, 0xb7, 0xb5,
    0xb7, 0xb5, 0xb7, 0xb5, 0xb7, 0xb5, 0xb7, 0xb5, 0x97, 0xb5, 0x97, 0xb5,
    0x97, 0xad, 0x97, 0xad, 0x97, 0xad, 0x96, 0xad, 0x96, 0xad, 0x76, 0xad,
    0x76, 0xad, 0x9a, 0xd6, 0xbe, 0xf7, 0x9a, 0xd6, 0x76, 0xad, 0x76, 0xad,
    0x56, 0xa5, 0x56, 0xa5, 0x56, 0xa5, 0x7a, 0xce, 0xf3, 0xa4, 0x49, 0x52,
    0x49, 0x52, 0x49, 0x52, 0x49, 0x52, 0x49, 0x52, 0x49, 0x52, 0x49, 0x52,
    0x49, 0x52, 0x49, 0x52, 0x49, 0x52, 0x49, 0x52, 0x49, 0x52, 0x49, 0x52,
    0x49, 0x52, 0x49, 0x52, 0x49, 0x52, 0x49, 0x52, 0x49, 0x52, 0x49, 0x52,
    0x49, 0x52, 0x49, 0x52, 0x49, 0x52, 0x49, 0x52, 0x49, 0x52, 0x49, 0x52,
    0x49, 0x52, 0x49, 0x52, 0x49, 0x52, 0x49, 0x52, 0x49, 0x52, 0x49, 0x52,
    0x49, 0x52, 0x49, 0x52, 0x49, 0x52, 0x49, 0x52, 0x49, 0x52, 0x49, 0x52,
    0x49, 0x52, 0x49, 0x52, 0x49, 0x52, 0x49, 0x52, 0x49, 0x52, 0x49, 0x52,
    0x49, 0x52, 0x49, 0x52, 0x49, 0x52, 0x49, 0x52, 0x49, 0x52, 0x49, 0x52,
    0x49, 0x52, 0x49, 0x52, 0x49, 0x52, 0x49, 0x52, 0x49, 0x52, 0x49, 0x52,
    0x49, 0x52, 0x49, 0x52, 0x49, 0x52, 0x49, 0x52, 0x49, 0x52, 0x49, 0x52,
    0x49, 0x52, 0x49, 0x52, 0x49, 0x52, 0x49, 0x52, 0x49, 0x52, 0x49, 0x52,
    0x49, 0x52, 0x49, 0x52, 0x49, 0x52, 0x49, 0x52, 0x49, 0x52, 0x49, 0x52,
    0x49, 0x52, 0x49, 0x52, 0x49, 0x52, 0x49, 0x52, 0x49, 0x52, 0x49, 0x52,
    0x49, 0x52, 0x49, 0x52, 0x49, 0x52, 0x49, 0x52, 0x49, 0x52, 0x49, 0x52,
    0x49, 0x52, 0x49, 0x52, 0x49, 0x52, 0x49, 0x52, 0x49, 0x52, 0x49, 0x52,
    0x49, 0x52, 0x49, 0x52, 0x49, 0x52, 0x49, 0x52, 0x49, 0x52, 0x49, 0x52,
    0x39, 0xc6, 0x39, 0xc6, 0x39, 0xc6, 0x39, 0xc6, 0x39, 0xc6, 0x39, 0xc6,
    0x19, 0xc6, 0x19, 0xc6, 0x18, 0xbe, 0x18, 0xbe, 0x18, 0xbe, 0x18, 0xbe,
    0xf8, 0xbd, 0xf8, 0xbd, 0xf8, 0xbd, 0xf8, 0xbd, 0xf8, 0xbd, 0xf8, 0xbd,
    0xf8, 0xbd, 0xd8, 0xbd, 0xd8, 0xbd, 0xd8, 0xb5, 0xd7, 0xb5, 0xd7, 0xb5,
    0xd7, 0xb5, 0xd7, 0xb5, 0xb7, 0xb5, 0xb7, 0xb5, 0xb7, 0xb5, 0xb7, 0xb5,
    0xb7, 0xb5, 0xb7, 0xb5, 0x97, 0xb5, 0x97, 0xb5, 0x97, 0xad, 0x97, 0xad,
    0x96, 0xad, 0x96, 0xad, 0x96, 0xad, 0x76, 0xad, 0x76, 0xad, 0x76, 0xad,
    0x9a, 0xd6, 0xbe, 0xf7, 0x9a, 0xce, 0x76, 0xad, 0x56, 0xad, 0x56, 0xa5,
    0x56, 0xa5, 0x56, 0xa5, 0x7a, 0xce, 0xbe, 0xf7, 0x51, 0x94, 0x49, 0x52,
    0x49, 0x52, 0x49, 0x52, 0x49, 0x52, 0x49, 0x52, 0x49, 0x52, 0x49, 0x52,
    0x49, 0x52, 0x49, 0x52, 0x49, 0x52, 0x49, 0x52, 0x49, 0x52, 0x49, 0x52,
    0x49, 0x52, 0x49, 0x52, 0x49, 0x52, 0x49, 0x52, 0x49, 0x52, 0x49, 0x52,
    0x49, 0x52, 0x49, 0x52, 0x49, 0x52, 0x49, 0x52, 0x49, 0x52, 0x49, 0x52,
    0x49, 0x52, 0x49, 0x52, 0x49, 0x52, 0x49, 0x52, 0x49, 0x52, 0x49, 0x52,
    0x49, 0x52, 0x49, 0x52, 0x49, 0x52, 0x49, 0x52, 0x49, 0x52, 0x49, 0x52,
    0x49, 0x52, 0x49, 0x52, 0x49, 0x52, 0x49, 0x52, 0x49, 0x52, 0x49, 0x52,
    0x49, 0x52, 0x49, 0x52, 0x49, 0x52, 0x49, 0x52, 0x49, 0x52, 0x49, 0x52,
    0x49, 0x52, 0x49, 0x52, 0x49, 0x52, 0x49, 0x52, 0x49, 0x52, 0x49, 0x52,
    0x49, 0x52, 0x49, 0x52, 0x49, 0x52, 0x49, 0x52, 0x49, 0x52, 0x49, 0x52,
    0x49, 0x52, 0x49, 0x52, 0x49, 0x52, 0x49, 0x52, 0x49, 0x52, 0x49, 0x52,
    0x49, 0x52, 0x49, 0x52, 0x49, 0x52, 0x49, 0x52, 0x49, 0x52, 0x49, 0x52,
    0x49, 0x52, 0x49, 0x52, 0x49, 0x52, 0x49, 0x52, 0x49, 0x52, 0x49, 0x52,
    0x49, 0x52, 0x49, 0x52, 0x49, 0x52, 0x49, 0x52, 0x49, 0x52, 0x49, 0x52,
    0x49, 0x52, 0x49, 0x52, 0x49, 0x52, 0x49, 0x52, 0x49, 0x52, 0x49, 0x52,
    0x49, 0x52, 0x49, 0x52, 0x49, 0x52, 0x49, 0x52, 0x49, 0x52, 0x49, 0x52,
    0x39, 0xc6, 0x39, 0xc6, 0x39, 0xc6, 0x39, 0xc6, 0x39, 0xc6, 0x39, 0xc6,
    0x19, 0xc6, 0x19, 0xc6, 0x18, 0xbe, 0x18, 0xbe, 0x18, 0xbe, 0x18, 0xbe,
    0xf8, 0xbd, 0xf8, 0xbd, 0xf8, 0xbd, 0xf8, 0xbd, 0xf8, 0xbd, 0xf8, 0xbd,
    0xf8, 0xbd, 0xd8, 0xbd, 0xd8, 0xbd, 0xd8, 0xb5, 0xd7, 0xb5, 0xd7, 0xb5,
    0xd7, 0xb5, 0xd7, 0xb5, 0xb7, 0xb5, 0xb7, 0xb5, 0xb7, 0xb5, 0xb7, 0xb5,
    0xb7, 0xb5, 0xb7, 0xb5, 0x97, 0xb5, 0x97, 0xb5, 0x97, 0xad, 0x97, 0xad,
    0x96, 0xad, 0x96, 0xad, 0x96, 0xad, 0x76, 0xad, 0x76, 0xad, 0x9a, 0xd6,
    0xbe, 0xf7, 0x9a, 0xd6, 0x76, 0xad, 0x76, 0xad, 0x56, 0xa5, 0x56, 0xa5,
    0x56, 0xa5, 0x7a, 0xce, 0xbe, 0xf7, 0x7a, 0xce, 0xcf, 0x7b, 0x49, 0x52,
    0x49, 0x52, 0x49, 0x52, 0x49, 0x52, 0x49, 0x52, 0x49, 0x52, 0x49, 0x52,
    0x49, 0x52, 0x49, 0x52, 0x49, 0x52, 0x49, 0x52, 0x49, 0x52, 0x49, 0x52,
    0x49, 0x52, 0x49, 0x52, 0x49, 0x52, 0x49, 0x52, 0x49, 0x52, 0x49, 0x52,
    0x49, 0x52, 0x49, 0x52, 0x49, 0x52, 0x49, 0x52, 0x49, 0x52, 0x49, 0x52,
    0x49, 0x52, 0x49, 0x52, 0x49, 0x52, 0x49, 0x52, 0x49, 0x52, 0x49, 0x52,
    0x49, 0x52, 0x49, 0x52, 0x49, 0x52, 0x49, 0x52, 0x49, 0x52, 0x49, 0x52,
    0x49, 0x52, 0x49, 0x52, 0x49, 0x52, 0x49, 0x52, 0x49, 0x52, 0x49, 0x52,
    0x49, 0x52, 0x49, 0x52, 0x49, 0x52, 0x49, 0x52, 0x49, 0x52, 0x49, 0x52,
    0x49, 0x52, 0x49, 0x52, 0x49, 0x52, 0x49, 0x52, 0x49, 0x52, 0x49, 0x52,
    0x49, 0x52, 0x49, 0x52, 0x49, 0x52, 0x49, 0x52, 0x49, 0x52, 0x49, 0x52,
    0x49, 0x52, 0x49, 0x52, 0x49, 0x52, 0x49, 0x52, 0x49, 0x52, 0x49, 0x52,
    0x49, 0x52, 0x49, 0x52, 0x49, 0x52, 0x49, 0x52, 0x49, 0x52, 0x49, 0x52,
    0x49, 0x52, 0x49, 0x52, 0x49, 0x52, 0x49, 0x52, 0x49, 0x52, 0x49, 0x52,
    0x49, 0x52, 0x49, 0x52, 0x49, 0x52, 0x49, 0x52, 0x49, 0x52, 0x49, 0x52,
    0x49, 0x52, 0x49, 0x52, 0x49, 0x52, 0x49, 0x52, 0x49, 0x52, 0x49, 0x52,
    0x49, 0x52, 0x49, 0x52, 0x49, 0x52, 0x49, 0x52, 0x49, 0x52, 0x49, 0x52,
    0x39, 0xc6, 0x39, 0xc6, 0x39, 0xc6, 0x39, 0xc6, 0x19, 0xc6, 0x19, 0xc6,
    0x18, 0xbe, 0x18, 0xbe, 0x18, 0xbe, 0x18, 0xbe, 0x18, 0xbe, 0xf8, 0xbd,
    0xf8, 0xbd, 0xf8, 0xbd, 0xf8, 0xbd, 0xf8, 0xbd, 0xf8, 0xbd, 0xf8, 0xbd,
    0xd8, 0xbd, 0xd8, 0xbd, 0xd7, 0xb5, 0xd7, 0xb5, 0xd7, 0xb5, 0xd7, 0xb5,
    0xb7, 0xb5, 0xb7, 0xb5, 0xb7, 0xb5, 0xb7, 0xb5, 0xb7, 0xb5, 0xb7, 0xb5,
    0xb7, 0xb5, 0x97, 0xb5, 0x97, 0xad, 0x97, 0xad, 0x97, 0xad, 0x96, 0xad,
    0x96, 0xad, 0x96, 0xad, 0x76, 0xad, 0x76, 0xad, 0xf8, 0xbd, 0xbe, 0xf7,
    0x9a, 0xce, 0x76, 0xad, 0x56, 0xad, 0x56, 0xa5, 0x56, 0xa5, 0x56, 0xa5,
    0x7a, 0xce, 0xbe, 0xf7, 0x7a, 0xce, 0x35, 0xa5, 0xaf, 0x7b, 0x49, 0x52,
    0x49, 0x52, 0x49, 0x52, 0x49, 0x52, 0x49, 0x52, 0x49, 0x52, 0x49, 0x52,
    0x49, 0x52, 0x49, 0x52, 0x49, 0x52, 0x49, 0x52, 0x49, 0x52, 0x49, 0x52,
    0x49, 0x52, 0x49, 0x52, 0x49, 0x52, 0x49, 0x52, 0x49, 0x52, 0x49, 0x52,
    0x49, 0x52, 0x49, 0x52, 0x49, 0x52, 0x49, 0x52, 0x49, 0x52, 0x49, 0x52,
    0x49, 0x52, 0x49, 0x52, 0x49, 0x52, 0x49, 0x52, 0x49, 0x52, 0x49, 0x52,
    0x49, 0x52, 0x49, 0x52, 0x49, 0x52, 0x49, 0x52, 0x49, 0x52, 0x49, 0x52,
    0x49, 0x52, 0x49, 0x52, 0x49, 0x52, 0x49, 0x52, 0x49, 0x52, 0x49, 0x52,
    0x49, 0x52, 0x49, 0x52, 0x49, 0x52, 0x49, 0x52, 0x49, 0x52, 0x49, 0x52,
    0x49, 0x52, 0x49, 0x52, 0x49, 0x52, 0x49, 0x52, 0x49, 0x52, 0x49, 0x52,
    0x49, 0x52, 0x49, 0x52, 0x49, 0x52, 0x49, 0x52, 0x49, 0x52, 0x49, 0x52,
    0x49, 0x52, 0x49, 0x52, 0x49, 0x52, 0x49, 0x52, 0x49, 0x52, 0x49, 0x52,
    0x49, 0x52, 0x49, 0x52, 0x49, 0x52, 0x49, 0x52, 0x49, 0x52, 0x49, 0x52,
    0x49, 0x52, 0x49, 0x52, 0x49, 0x52, 0x49, 0x52, 0x49, 0x52, 0x49, 0x52,
    0x49, 0x52, 0x49, 0x52, 0x49, 0x52, 0x49, 0x52, 0x49, 0x52, 0x49, 0x52,
    0x49, 0x52, 0x49, 0x52, 0x49, 0x52, 0x49, 0x52, 0x49, 0x52, 0x49, 0x52,
    0x49, 0x52, 0x49, 0x52, 0x49, 0x52, 0x49, 0x52, 0x49, 0x52, 0x49, 0x52,
    0x39, 0xc6, 0x39, 0xc6, 0x39, 0xc6, 0x39, 0xc6, 0x19, 0xc6, 0x19, 0xc6,
    0x18, 0xbe, 0x18, 0xbe, 0x18, 0xbe, 0x18, 0xbe, 0xf8, 0xbd, 0xf8, 0xbd,
    0xf8, 0xbd, 0xf8, 0xbd, 0xf8, 0xbd, 0xf8, 0xbd, 0xf8, 0xbd, 0xd8, 0xbd,
    0xd8, 0xbd, 0xd8, 0xb5, 0xd7, 0xb5, 0xd7, 0xb5, 0xd7, 0xb5, 0xd7, 0xb5,
    0xb7, 0xb5, 0xb7, 0xb5, 0xb7, 0xb5, 0xb7, 0xb5, 0xb7, 0xb5, 0xb7, 0xb5,
    0x97, 0xb5, 0x97, 0xb5, 0x97, 0xad, 0x97, 0xad, 0x97, 0xad, 0x96, 0xad,
    0x96, 0xad, 0x76, 0xad, 0x76, 0xad, 0x76, 0xad, 0x9a, 0xd6, 0x9a, 0xd6,
    0x76, 0xad, 0x76, 0xad, 0x56, 0xa5, 0x56, 0xa5, 0x56, 0xa5, 0x7a, 0xce,
    0xbe, 0xf7, 0x7a, 0xce, 0x35, 0xa5, 0x35, 0xa5, 0xaf, 0x7b, 0x49, 0x52,
    0x49, 0x52, 0x49, 0x52, 0x49, 0x52, 0x49, 0x52, 0x49, 0x52, 0x49, 0x52,
    0x49, 0x52, 0x49, 0x52, 0x49, 0x52, 0x49, 0x52, 0x49, 0x52, 0x49, 0x52,
    0x49, 0x52, 0x49, 0x52, 0x49, 0x52, 0x49, 0x52, 0x49, 0x52, 0x49, 0x52,
    0x49, 0x52, 0x49, 0x52, 0x49, 0x52, 0x49, 0x52, 0x49, 0x52, 0x49, 0x52,
    0x49, 0x52, 0x49, 0x52, 0x49, 0x52, 0x49, 0x52, 0x49, 0x52, 0x49, 0x52,
    0x49, 0x52, 0x49, 0x52, 0x49, 0x52, 0x49, 0x52, 0x49, 0x52, 0x49, 0x52,
    0x49, 0x52, 0x49, 0x52, 0x49, 0x52, 0x49, 0x52, 0x49, 0x52, 0x49, 0x52,
    0x49, 0x52, 0x49, 0x52, 0x49, 0x52, 0x49, 0x52, 0x49, 0x52, 0x49, 0x52,
    0x49, 0x52, 0x49, 0x52, 0x49, 0x52, 0x49, 0x52, 0x49, 0x52, 0x49, 0x52,
    0x49, 0x52, 0x49, 0x52, 0x49, 0x52, 0x49, 0x52, 0x49, 0x52, 0x49, 0x52,
    0x49, 0x52, 0x49, 0x52, 0x49, 0x52, 0x49, 0x52, 0x49, 0x52, 0x49, 0x52,
    0x49, 0x52, 0x49, 0x52, 0x49, 0x52, 0x49, 0x52, 0x49, 0x52, 0x49, 0x52,
    0x49, 0x52, 0x49, 0x52, 0x49, 0x52, 0x49, 0x52, 0x49, 0x52, 0x49, 0x52,
    0x49, 0x52, 0x49, 0x52, 0x49, 0x52, 0x49, 0x52, 0x49, 0x52, 0x49, 0x52,
    0x49, 0x52, 0x49, 0x52, 0x49, 0x52, 0x49, 0x52, 0x49, 0x52, 0x49, 0x52,
    0x49, 0x52, 0x49, 0x52, 0x49, 0x52, 0x49, 0x52, 0x49, 0x52, 0x49, 0x52,
    0x39, 0xc6, 0x39, 0xc6, 0x19, 0xc6, 0x19, 0xc6, 0x18, 0xbe, 0x18, 0xbe,
    0x18, 0xbe, 0x18, 0xbe, 0xf8, 0xbd, 0xf8, 0xbd, 0xf8, 0xbd, 0xf8, 0xbd,
    0xf8, 0xbd, 0xf8, 0xbd, 0xf8, 0xbd, 0xd8, 0xbd, 0xd8, 0xbd, 0xd8, 0xb5,
    0xd7, 0xb5, 0xd7, 0xb5, 0xd7, 0xb5, 0xd7, 0xb5, 0xb7, 0xb5, 0xb7, 0xb5,
    0xb7, 0xb5, 0xb7, 0xb5, 0xb7, 0xb5, 0xb7, 0xb5, 0x97, 0xb5, 0x97, 0xb5,
    0x97, 0xad, 0x97, 0xad, 0x96, 0xad, 0x96, 0xad, 0x96, 0xad, 0x76, 0xad,
    0x76, 0xad, 0x76, 0xad, 0x76, 0xad, 0x76, 0xad, 0xf8, 0xbd, 0x76, 0xad,
    0x56, 0xa5, 0x56, 0xa5, 0x56, 0xa5, 0x56, 0xa5, 0x7a, 0xce, 0xbe, 0xf7,
    0x7a, 0xce, 0x35, 0xa5, 0x35, 0xa5, 0x35, 0xa5, 0xaf, 0x7b, 0x49, 0x52,
    0x28, 0x52, 0x49, 0x52, 0x28, 0x52, 0x49, 0x52, 0x28, 0x52, 0x49, 0x52,
    0x28, 0x52, 0x49, 0x52, 0x28, 0x52, 0x49, 0x52, 0x28, 0x52, 0x49, 0x52,
    0x28, 0x52, 0x49, 0x52, 0x28, 0x52, 0x49, 0x52, 0x28, 0x52, 0x49, 0x52,
    0x28, 0x52, 0x49, 0x52, 0x28, 0x52, 0xab, 0x9a, 0x4d, 0xe3, 0xcb, 0x9a,
    0x28, 0x52, 0x49, 0x52, 0x28, 0x52, 0x49, 0x52, 0x28, 0x52, 0x49, 0x52,
    0x28, 0x52, 0x49, 0x52, 0x28, 0x52, 0x49, 0x52, 0x28, 0x52, 0x49, 0x52,
    0x28, 0x52, 0x49, 0x52, 0x28, 0x52, 0x49, 0x52, 0x28, 0x52, 0x49, 0x52,
    0x28, 0x52, 0x49, 0x52, 0x28, 0x52, 0x49, 0x52, 0x28, 0x52, 0x49, 0x52,
    0x28, 0x52, 0x49, 0x52, 0x28, 0x52, 0x49, 0x52, 0x28, 0x52, 0x49, 0x52,
    0x28, 0x52, 0x49, 0x52, 0x28, 0x52, 0x49, 0x52, 0x28, 0x52, 0x49, 0x52,
    0x28, 0x52, 0x49, 0x52, 0x28, 0x52, 0x49, 0x52, 0x28, 0x52, 0x49, 0x52,
    0x28, 0x52, 0x49, 0x52, 0x28, 0x52, 0x49, 0x52, 0x28, 0x52, 0x49, 0x52,
    0x28, 0x52, 0x49, 0x52, 0x28, 0x52, 0x49, 0x52, 0x28, 0x52, 0x49, 0x52,
    0x28, 0x52, 0x49, 0x52, 0x28, 0x52, 0x49, 0x52, 0x28, 0x52, 0x49, 0x52,
    0x28, 0x52, 0x49, 0x52, 0x28, 0x52, 0x49, 0x52, 0x28, 0x52, 0x49, 0x52,
    0x28, 0x52, 0x49, 0x52, 0x28, 0x52, 0x49, 0x52, 0x28, 0x52, 0x49, 0x52,
    0x39, 0xc6, 0x39, 0xc6, 0x19, 0xc6, 0x18, 0xc6, 0x18, 0xbe, 0x18, 0xbe,
    0x18, 0xbe, 0x18, 0xbe, 0xf8, 0xbd, 0xf8, 0xbd, 0xf8, 0xbd, 0xf8, 0xbd,
    0xf8, 0xbd, 0xf8, 0xbd, 0xf8, 0xbd, 0xd8, 0xbd, 0xd8, 0xbd, 0xd8, 0xb5,
    0xd7, 0xb5, 0xd7, 0xb5, 0xd7, 0xb5, 0xd7, 0xb5, 0xb7, 0xb5, 0xb7, 0xb5,
    0xb7, 0xb5, 0xb7, 0xb5, 0xb7, 0xb5, 0xb7, 0xb5, 0x97, 0xb5, 0x97, 0xb5,
    0x97, 0xad, 0x97, 0xad, 0x96, 0xad, 0x96, 0xad, 0x96, 0xad, 0x76, 0xad,
    0x76, 0xad, 0x76, 0xad, 0x76, 0xad, 0x76, 0xad, 0x76, 0xad, 0x76, 0xad,
    0x56, 0xa5, 0x56, 0xa5, 0x56, 0xa5, 0x7a, 0xce, 0xbe, 0xf7, 0x7a, 0xce,
    0x35, 0xa5, 0x35, 0xa5, 0x35, 0xa5, 0x35, 0xa5, 0xaf, 0x7b, 0x49, 0x52,
    0x49, 0x52, 0x49, 0x52, 0x49, 0x52, 0x49, 0x52, 0x49, 0x52, 0x49, 0x52,
    0x49, 0x52, 0x49, 0x52, 0x49, 0x52, 0x49, 0x52, 0x49, 0x52, 0x49, 0x52,
    0x49, 0x52, 0x49, 0x52, 0x49, 0x52, 0x49, 0x52, 0x49, 0x52, 0x49, 0x52,
    0x49, 0x52, 0xaa, 0x9a, 0x0d, 0xdb, 0x2d, 0xdb, 0x4d, 0xe3, 0xcb, 0x9a,
    0x49, 0x52, 0x49, 0x52, 0x49, 0x52, 0x49, 0x52, 0x49, 0x52, 0x49, 0x52,
    0x49, 0x52, 0x49, 0x52, 0x49, 0x52, 0x49, 0x52, 0x49, 0x52, 0x49, 0x52,
    0x49, 0x52, 0x49, 0x52, 0x49, 0x52, 0x49, 0x52, 0x49, 0x52, 0x49, 0x52,
    0x49, 0x52, 0x49, 0x52, 0x49, 0x52, 0x49, 0x52, 0x49, 0x52, 0x49, 0x52,
    0x49, 0x52, 0x49, 0x52, 0x49, 0x52, 0x49, 0x52, 0x49, 0x52, 0x49, 0x52,
    0x49, 0x52, 0x49, 0x52, 0x49, 0x52, 0x49, 0x52, 0x49, 0x52, 0x49, 0x52,
    0x49, 0x52, 0x49, 0x52, 0x49, 0x52, 0x49, 0x52, 0x49, 0x52, 0x49, 0x52,
    0x49, 0x52, 0x49, 0x52, 0x49, 0x52, 0x49, 0x52, 0x49, 0x52, 0x49, 0x52,
    0x49, 0x52, 0x49, 0x52, 0x49, 0x52, 0x49, 0x52, 0x49, 0x52, 0x49, 0x52,
    0x49, 0x52, 0x49, 0x52, 0x49, 0x52, 0x49, 0x52, 0x49, 0x52, 0x49, 0x52,
    0x49, 0x52, 0x49, 0x52, 0x49, 0x52, 0x49, 0x52, 0x49, 0x52, 0x49, 0x52,
    0x49, 0x52, 0x49, 0x52, 0x49, 0x52, 0x49, 0x52, 0x49, 0x52, 0x49, 0x52,
    0x19, 0xc6, 0x19, 0xc6, 0x18, 0xbe, 0x18, 0xbe, 0x18, 0xbe, 0x18, 0xbe,
    0x18, 0xbe, 0xf8, 0xbd, 0xf8, 0xbd, 0xf8, 0xbd, 0xf8, 0xbd, 0xf8, 0xbd,
    0xf8, 0xbd, 0xd8, 0xbd, 0xd8, 0xbd, 0xd8, 0xbd, 0xd7, 0xb5, 0xd7, 0xb5,
    0xd7, 0xb5, 0xd7, 0xb5, 0xb7, 0xb5, 0xb7, 0xb5, 0xb7, 0xb5, 0xb7, 0xb5,
    0xb7, 0xb5, 0xb7, 0xb5, 0x97, 0xb5, 0x97, 0xb5, 0x97, 0xad, 0x97, 0xad,
    0x97, 0xad, 0x96, 0xad, 0x96, 0xad, 0x76, 0xad, 0x76, 0xad, 0x76, 0xad,
    0x76, 0xad, 0x76, 0xad, 0x76, 0xad, 0x76, 0xad, 0x56, 0xad, 0x56, 0xa5,
    0x56, 0xa5, 0x56, 0xa5, 0x7a, 0xce, 0xbe, 0xf7, 0x7a, 0xce, 0x35, 0xa5,
    0x35, 0xa5, 0x35, 0xa5, 0x35, 0xa5, 0x35, 0xa5, 0x51, 0x8c, 0x28, 0x52,
    0x28, 0x52, 0x28, 0x52, 0x28, 0x52, 0x28, 0x52, 0x28, 0x52, 0x28, 0x52,
    0x28, 0x52, 0x28, 0x52, 0x28, 0x52, 0x28, 0x52, 0x28, 0x52, 0x28, 0x52,
    0x28, 0x52, 0x28, 0x52, 0x28, 0x52, 0x28, 0x52, 0x28, 0x52, 0x8a, 0x92,
    0xec, 0xda, 0x0c, 0xdb, 0x0d, 0xdb, 0x2d, 0xdb, 0x4d, 0xe3, 0xcb, 0x9a,
    0x28, 0x52, 0x28, 0x52, 0x28, 0x52, 0x28, 0x52, 0x28, 0x52, 0x28, 0x52,
    0x28, 0x52, 0x28, 0x52, 0x28, 0x52, 0x28, 0x52, 0x28, 0x52, 0x28, 0x52,
    0x28, 0x52, 0x28, 0x52, 0x28, 0x52, 0x28, 0x52, 0x28, 0x52, 0x28, 0x52,
    0x28, 0x52, 0x28, 0x52, 0x28, 0x52, 0x28, 0x52, 0x28, 0x52, 0x28, 0x52,
    0x28, 0x52, 0x28, 0x52, 0x28, 0x52, 0x28, 0x52, 0x28, 0x52, 0x28, 0x52,
    0x28, 0x52, 0x28, 0x52, 0x28, 0x52, 0x28, 0x52, 0x28, 0x52, 0x28, 0x52,
    0x28, 0x52, 0x28, 0x52, 0x28, 0x52, 0x28, 0x52, 0x28, 0x52, 0x28, 0x52,
    0x28, 0x52, 0x28, 0x52, 0x28, 0x52, 0x28, 0x52, 0x28, 0x52, 0x28, 0x52,
    0x28, 0x52, 0x28, 0x52, 0x28, 0x52, 0x48, 0x52, 0x49, 0x52, 0x49, 0x52,
    0x49, 0x52, 0x49, 0x52, 0x48, 0x52, 0x28, 0x52, 0x28, 0x52, 0x28, 0x52,
    0x28, 0x52, 0x48, 0x52, 0x49, 0x52, 0x49, 0x52, 0x49, 0x52, 0x49, 0x52,
    0x48, 0x52, 0x28, 0x52, 0x28, 0x52, 0x28, 0x52, 0x28, 0x52, 0x28, 0x52,
    0x19, 0xc6, 0x19, 0xc6, 0x18, 0xbe, 0x18, 0xbe, 0x18, 0xbe, 0x18, 0xbe,
    0xf8, 0xbd, 0xf8, 0xbd, 0xf8, 0xbd, 0xf8, 0xbd, 0xf8, 0xbd, 0xf8, 0xbd,
    0xf8, 0xbd, 0xd8, 0xbd, 0xd8, 0xbd, 0xd8, 0xb5, 0xd7, 0xb5, 0xd7, 0xb5,
    0xd7, 0xb5, 0xd7, 0xb5, 0xb7, 0xb5, 0xb7, 0xb5, 0xb7, 0xb5, 0xb7, 0xb5,
    0xb7, 0xb5, 0xb7, 0xb5, 0x97, 0xb5, 0x97, 0xb5, 0x97, 0xad, 0x97, 0xad,
    0x97, 0xad, 0x96, 0xad, 0x96, 0xad, 0x76, 0xad, 0x76, 0xad, 0x76, 0xad,
    0x76, 0xad, 0x76, 0xad, 0x76, 0xad, 0x76, 0xad, 0x56, 0xa5, 0x56, 0xa5,
    0x56, 0xa5, 0x7a, 0xce, 0xbe, 0xf7, 0x7a, 0xce, 0x35, 0xa5, 0x35, 0xa5,
    0x35, 0xa5, 0x35, 0xa5, 0x35, 0xa5, 0x7a, 0xce, 0xf3, 0xa4, 0x28, 0x52,
    0x28, 0x52, 0x28, 0x52, 0x28, 0x52, 0x28, 0x52, 0x28, 0x52, 0x28, 0x52,
    0x28, 0x52, 0x28, 0x52, 0x28, 0x52, 0x28, 0x52, 0x28, 0x52, 0x28, 0x52,
    0x28, 0x52, 0x28, 0x52, 0x28, 0x52, 0x6a, 0x92, 0xcb, 0xda, 0xec, 0xda,
    0xec, 0xda, 0x0c, 0xdb, 0x0d, 0xdb, 0x2d, 0xdb, 0x4d, 0xe3, 0xcb, 0x9a,
    0x28, 0x52, 0x28, 0x52, 0x28, 0x52, 0x28, 0x52, 0x28, 0x52, 0x28, 0x52,
    0x28, 0x52, 0x28, 0x52, 0x28, 0x52, 0x28, 0x52, 0x28, 0x52, 0x28, 0x52,
    0x28, 0x52, 0x28, 0x52, 0x28, 0x52, 0x28, 0x52, 0x28, 0x52, 0x28, 0x52,
    0x28, 0x52, 0x28, 0x52, 0x28, 0x52, 0x28, 0x52, 0x28, 0x52, 0x28, 0x52,
    0x28, 0x52, 0x28, 0x52, 0x28, 0x52, 0x28, 0x52, 0x28, 0x52, 0x28, 0x52,
    0x28, 0x52, 0x28, 0x52, 0x28, 0x52, 0x28, 0x52, 0x28, 0x52, 0x28, 0x52,
    0x28, 0x52, 0x28, 0x52, 0x28, 0x52, 0x28, 0x52, 0x28, 0x52, 0x28, 0x52,
    0x28, 0x52, 0x28, 0x52, 0x28, 0x52, 0x28, 0x52, 0x28, 0x52, 0x28, 0x52,
    0x28, 0x52, 0x28, 0x52, 0x48, 0x52, 0xba, 0xd6, 0x7d, 0xef, 0x7d, 0xef,
    0x3c, 0xe7, 0xaa, 0x62, 0x69, 0x52, 0x48, 0x52, 0x28, 0x52, 0x28, 0x52,
    0x48, 0x52, 0xb6, 0xbd, 0x7d, 0xef, 0x7d, 0xef, 0x5d, 0xef, 0xa9, 0x5a,
    0x49, 0x52, 0x48, 0x52, 0x28, 0x52, 0x28, 0x52, 0x28, 0x52, 0x28, 0x52,
    0x18, 0xbe, 0x18, 0xbe, 0x18, 0xbe, 0x18, 0xbe, 0xf8, 0xbd, 0xf8, 0xbd,
    0xf8, 0xbd, 0xf8, 0xbd, 0xf8, 0xbd, 0xf8, 0xbd, 0xf8, 0xbd, 0xd8, 0xbd,
    0xd8, 0xbd, 0xd8, 0xb5, 0xd7, 0xb5, 0xd7, 0xb5, 0xd7, 0xb5, 0xd7, 0xb5,
    0xb7, 0xb5, 0xb7, 0xb5, 0xb7, 0xb5, 0xb7, 0xb5, 0xb7, 0xb5, 0xb7, 0xb5,
    0x97, 0xb5, 0x97, 0xb5, 0x97, 0xad, 0x97, 0xad, 0x96, 0xad, 0x96, 0xad,
    0x96, 0xad, 0x76, 0xad, 0x76, 0xad, 0x76, 0xad, 0x76, 0xad, 0x76, 0xad,
    0x76, 0xad, 0x76, 0xad, 0x56, 0xad, 0x56, 0xa5, 0x56, 0xa5, 0x56, 0xa5,
    0x7a, 0xce, 0xbe, 0xf7, 0x7a, 0xce, 0x35, 0xa5, 0x35, 0xa5, 0x35, 0xa5,
    0x35, 0xa5, 0x35, 0xa5, 0x79, 0xce, 0xbe, 0xf7, 0x51, 0x8c, 0x28, 0x52,
    0x28, 0x52, 0x28, 0x52, 0x28, 0x52, 0x28, 0x52, 0x28, 0x52, 0x28, 0x52,
    0x28, 0x52, 0x28, 0x52, 0x28, 0x52, 0x28, 0x52, 0x28, 0x52, 0x28, 0x52,
    0x28, 0x52, 0x69, 0x92, 0x8a, 0xda, 0xab, 0xda, 0xcb, 0xda, 0xcc, 0xda,
    0xec, 0xda, 0x0c, 0xdb, 0x0d, 0xdb, 0x2d, 0xdb, 0x4d, 0xe3, 0xcb, 0x9a,
    0x28, 0x52, 0x28, 0x52, 0x28, 0x52, 0x28, 0x52, 0x28, 0x52, 0x28, 0x52,
    0x28, 0x52, 0x28, 0x52, 0x28, 0x52, 0x28, 0x52, 0x28, 0x52, 0x28, 0x52,
    0x28, 0x52, 0x28, 0x52, 0x28, 0x52, 0x28, 0x52, 0x28, 0x52, 0x28, 0x52,
    0x28, 0x52, 0x28, 0x52, 0x28, 0x52, 0x28, 0x52, 0x28, 0x52, 0x28, 0x52,
    0x28, 0x52, 0x28, 0x52, 0x28, 0x52, 0x28, 0x52, 0x28, 0x52, 0x28, 0x52,
    0x28, 0x52, 0x28, 0x52, 0x28, 0x52, 0x28, 0x52, 0x28, 0x52, 0x28, 0x52,
    0x28, 0x52, 0x28, 0x52, 0x28, 0x52, 0x28, 0x52, 0x28, 0x52, 0x28, 0x52,
    0x28, 0x52, 0x28, 0x52, 0x28, 0x52, 0x28, 0x52, 0x28, 0x52, 0x28, 0x52,
    0x28, 0x52, 0x28, 0x52, 0x28, 0x52, 0x92, 0x94, 0xdf, 0xff, 0xdf, 0xff,
    0xdf, 0xff, 0x38, 0xce, 0xa9, 0x5a, 0x69, 0x52, 0x28, 0x52, 0x48, 0x52,
    0x6d, 0x73, 0xdf, 0xff, 0xdf, 0xff, 0xdf, 0xff, 0x17, 0xc6, 0xc9, 0x62,
    0x69, 0x5a, 0x49, 0x52, 0x28, 0x52, 0x28, 0x52, 0x28, 0x52, 0x28, 0x52,
    0x18, 0xbe, 0x18, 0xbe, 0x18, 0xbe, 0x18, 0xbe, 0xf8, 0xbd, 0xf8, 0xbd,
    0xf8, 0xbd, 0xf8, 0xbd, 0xf8, 0xbd, 0xf8, 0xbd, 0xf8, 0xbd, 0xd8, 0xbd,
    0xd8, 0xbd, 0xd8, 0xb5, 0xd7, 0xb5, 0xd7, 0xb5, 0xd7, 0xb5, 0xd7, 0xb5,
    0xb7, 0xb5, 0xb7, 0xb5, 0xb7, 0xb5, 0xb7, 0xb5, 0xb7, 0xb5, 0xb7, 0xb5,
    0x97, 0xb5, 0x97, 0xb5, 0x97, 0xad, 0x97, 0xad, 0x96, 0xad, 0x96, 0xad,
    0x96, 0xad, 0x76, 0xad, 0x76, 0xad, 0x76, 0xad, 0x76, 0xad, 0x76, 0xad,
    0x76, 0xad, 0x76, 0xad, 0x56, 0xa5, 0x56, 0xa5, 0x56, 0xa5, 0x7a, 0xce,
    0xbe, 0xf7, 0x7a, 0xce, 0x35, 0xa5, 0x35, 0xa5, 0x35, 0xa5, 0x35, 0xa5,
    0x35, 0xa5, 0x7a, 0xce, 0xbe, 0xf7, 0x59, 0xce, 0xaf, 0x7b, 0x28, 0x52,
    0x28, 0x52, 0x28, 0x52, 0x28, 0x52, 0x28, 0x52, 0x28, 0x52, 0x28, 0x52,
    0x28, 0x52, 0x28, 0x52, 0x28, 0x52, 0x28, 0x52, 0x28, 0x52, 0x49, 0x92,
    0x6a, 0xd2, 0x8a, 0xda, 0x8a, 0xda, 0xab, 0xda, 0xcb, 0xda, 0xec, 0xda,
    0xec, 0xda, 0x0c, 0xdb, 0x0d, 0xdb, 0x2d, 0xdb, 0x4d, 0xe3, 0xcb, 0x9a,
    0x28, 0x52, 0x28, 0x52, 0x28, 0x52, 0x28, 0x52, 0x28, 0x52, 0x28, 0x52,
    0x28, 0x52, 0x28, 0x52, 0x28, 0x52, 0x28, 0x52, 0x28, 0x52, 0x28, 0x52,
    0x28, 0x52, 0x28, 0x52, 0x28, 0x52, 0x28, 0x52, 0x28, 0x52, 0x28, 0x52,
    0x28, 0x52, 0x28, 0x52, 0x28, 0x52, 0x28, 0x52, 0x28, 0x52, 0x28, 0x52,
    0x28, 0x52, 0x28, 0x52, 0x28, 0x52, 0x28, 0x52, 0x28, 0x52, 0x28, 0x52,
    0x28, 0x52, 0x28, 0x52, 0x28, 0x52, 0x28, 0x52, 0x28, 0x52, 0x28, 0x52,
    0x28, 0x52, 0x28, 0x52, 0x28, 0x52, 0x28, 0x52, 0x28, 0x52, 0x28, 0x52,
    0x28, 0x52, 0x28, 0x52, 0x28, 0x52, 0x28, 0x52, 0x28, 0x52, 0x28, 0x52,
    0x28, 0x52, 0x28, 0x52, 0x28, 0x52, 0x69, 0x5a, 0xdb, 0xde, 0xdf, 0xff,
    0xdf, 0xff, 0xdf, 0xff, 0x0f, 0x84, 0x89, 0x5a, 0x48, 0x52, 0x49, 0x52,
    0x5d, 0xe7, 0xdf, 0xff, 0xdf, 0xff, 0x7d, 0xf7, 0x4a, 0x73, 0xe9, 0x62,
    0x69, 0x5a, 0x49, 0x52, 0x28, 0x52, 0x28, 0x52, 0x28, 0x52, 0x28, 0x52,
    0x18, 0xbe, 0x18, 0xbe, 0x18, 0xbe, 0xf8, 0xbd, 0xf8, 0xbd, 0xf8, 0xbd,
    0xf8, 0xbd, 0xf8, 0xbd, 0xf8, 0xbd, 0xf8, 0xbd, 0xd8, 0xbd, 0xd8, 0xbd,
    0xd7, 0xb5, 0xd7, 0xb5, 0xd7, 0xb5, 0xd7, 0xb5, 0xb7, 0xb5, 0xb7, 0xb5,
    0xb7, 0xb5, 0xb7, 0xb5, 0xb7, 0xb5, 0xb7, 0xb5, 0xb7, 0xb5, 0x97, 0xb5,
    0x97, 0xad, 0x97, 0xad, 0x97, 0xad, 0x96, 0xad, 0x96, 0xad, 0x96, 0xad,
    0x76, 0xad, 0x76, 0xad, 0x76, 0xad, 0x76, 0xad, 0x76, 0xad, 0x76, 0xad,
    0x56, 0xad, 0x56, 0xa5, 0x56, 0xa5, 0x56, 0xa5, 0xf8, 0xbd, 0xbe, 0xf7,
    0x7a, 0xce, 0x35, 0xa5, 0x35, 0xa5, 0x35, 0xa5, 0x35, 0xa5, 0x35, 0xa5,
    0x79, 0xce, 0xbe, 0xf7, 0x59, 0xce, 0x15, 0x9d, 0xaf, 0x7b, 0x28, 0x52,
    0x28, 0x52, 0x28, 0x52, 0x28, 0x52, 0x28, 0x52, 0x28, 0x52, 0x28, 0x52,
    0x28, 0x52, 0x28, 0x52, 0x28, 0x52, 0x29, 0x92, 0x49, 0xd2, 0x49, 0xd2,
    0x6a, 0xd2, 0x8a, 0xd2, 0x8a, 0xda, 0xab, 0xda, 0xcb, 0xda, 0xcc, 0xda,
    0xec, 0xda, 0x0c, 0xdb, 0x0d, 0xdb, 0x2d, 0xdb, 0x4d, 0xe3, 0xcb, 0x9a,
    0x28, 0x52, 0x28, 0x52, 0x28, 0x52, 0x28, 0x52, 0x28, 0x52, 0x28, 0x52,
    0x28, 0x52, 0x28, 0x52, 0x28, 0x52, 0x28, 0x52, 0x28, 0x52, 0x28, 0x52,
    0x28, 0x52, 0x28, 0x52, 0x28, 0x52, 0x28, 0x52, 0x28, 0x52, 0x28, 0x52,
    0x28, 0x52, 0x28, 0x52, 0x28, 0x52, 0x28, 0x52, 0x28, 0x52, 0x28, 0x52,
    0x28, 0x52, 0x28, 0x52, 0x28, 0x52, 0x28, 0x52, 0x28, 0x52, 0x28, 0x52,
    0x28, 0x52, 0x28, 0x52, 0x28, 0x52, 0x28, 0x52, 0x28, 0x52, 0x28, 0x52,
    0x28, 0x52, 0x28, 0x52, 0x28, 0x52, 0x28, 0x52, 0x28, 0x52, 0x28, 0x52,
    0x28, 0x52, 0x28, 0x52, 0x28, 0x52, 0x28, 0x52, 0x28, 0x52, 0x28, 0x52,
    0x28, 0x52, 0x28, 0x52, 0x28, 0x52, 0x48, 0x52, 0x0b, 0x6b, 0xbe, 0xf7,
    0xdf, 0xff, 0xdf, 0xff, 0x5d, 0xef, 0xc9, 0x62, 0x69, 0x5a, 0xf3, 0xa4,
    0xdf, 0xff, 0xdf, 0xff, 0xdf, 0xff, 0x70, 0x94, 0x2a, 0x6b, 0xa9, 0x5a,
    0x49, 0x52, 0x28, 0x52, 0x28, 0x52, 0x28, 0x52, 0x28, 0x52, 0x28, 0x52,
    0x18, 0xbe, 0x18, 0xbe, 0xf8, 0xbd, 0xf8, 0xbd, 0xf8, 0xbd, 0xf8, 0xbd,
    0xf8, 0xbd, 0xf8, 0xbd, 0xf8, 0xbd, 0xd8, 0xbd, 0xd8, 0xbd, 0xd8, 0xb5,
    0xd7, 0xb5, 0xd7, 0xb5, 0xd7, 0xb5, 0xd7, 0xb5, 0xb7, 0xb5, 0xb7, 0xb5,
    0xb7, 0xb5, 0xb7, 0xb5, 0xb7, 0xb5, 0xb7, 0xb5, 0x97, 0xb5, 0x97, 0xb5,
    0x97, 0xad, 0x97, 0xad, 0x97, 0xad, 0x96, 0xad, 0x96, 0xad, 0x76, 0xad,
    0x76, 0xad, 0x76, 0xad, 0x76, 0xad, 0x76, 0xad, 0x76, 0xad, 0x76, 0xad,
    0x56, 0xa5, 0x56, 0xa5, 0x56, 0xa5, 0x56, 0xa5, 0x7a, 0xce, 0x7a, 0xce,
    0x35, 0xa5, 0x35, 0xa5, 0x35, 0xa5, 0x35, 0xa5, 0x35, 0xa5, 0x7a, 0xce,
    0xbe, 0xf7, 0x59, 0xce, 0x15, 0x9d, 0x15, 0x9d, 0xaf, 0x7b, 0x28, 0x52,
    0x28, 0x52, 0x28, 0x52, 0x28, 0x52, 0x28, 0x52, 0x28, 0x52, 0x28, 0x52,
    0x28, 0x52, 0x28, 0x92, 0x28, 0xd2, 0x29, 0xd2, 0x49, 0xd2, 0x69, 0xd2,
    0x6a, 0xd2, 0x8a, 0xda, 0x8b, 0xda, 0xab, 0xda, 0xcb, 0xda, 0xec, 0xda,
    0xec, 0xda, 0x0c, 0xdb, 0x0d, 0xdb, 0x2d, 0xe3, 0x4d, 0xe3, 0xcb, 0x9a,
    0x28, 0x52, 0x28, 0x52, 0x28, 0x52, 0x28, 0x52, 0x28, 0x52, 0x28, 0x52,
    0x28, 0x52, 0x28, 0x52, 0x28, 0x52, 0x28, 0x52, 0x28, 0x52, 0x28, 0x52,
    0x28, 0x52, 0x28, 0x52, 0x28, 0x52, 0x28, 0x52, 0x28, 0x52, 0x28, 0x52,
    0x28, 0x52, 0x28, 0x52, 0x28, 0x52, 0x28, 0x52, 0x28, 0x52, 0x28, 0x52,
    0x28, 0x52, 0x28, 0x52, 0x28, 0x52, 0x28, 0x52, 0x28, 0x52, 0x28, 0x52,
    0x28, 0x52, 0x28, 0x52, 0x28, 0x52, 0x28, 0x52, 0x28, 0x52, 0x28, 0x52,
    0x28, 0x52, 0x28, 0x52, 0x28, 0x52, 0x28, 0x52, 0x28, 0x52, 0x28, 0x52,
    0x28, 0x52, 0x28, 0x52, 0x28, 0x52, 0x28, 0x52, 0x28, 0x52, 0x28, 0x52,
    0x28, 0x52, 0x28, 0x52, 0x28, 0x52, 0x28, 0x52, 0x69, 0x52, 0x13, 0xa5,
    0xdf, 0xff, 0xdf, 0xff, 0xdf, 0xff, 0x75, 0xb5, 0x2b, 0x6b, 0xbe, 0xf7,
    0xdf, 0xff, 0xdf, 0xff, 0x38, 0xce, 0x4a, 0x73, 0xc9, 0x62, 0x69, 0x5a,
    0x48, 0x52, 0x28, 0x52, 0x28, 0x52, 0x28, 0x52, 0x28, 0x52, 0x28, 0x52,
    0xf8, 0xbd, 0xf8, 0xbd, 0xf8, 0xbd, 0xf8, 0xbd, 0xf8, 0xbd, 0xf8, 0xbd,
    0xf8, 0xbd, 0xd8, 0xbd, 0xd8, 0xbd, 0xd8, 0xb5, 0xd7, 0xb5, 0xd7, 0xb5,
    0xd7, 0xb5, 0xd7, 0xb5, 0xb7, 0xb5, 0xb7, 0xb5, 0xb7, 0xb5, 0xb7, 0xb5,
    0xb7, 0xb5, 0xb7, 0xb5, 0x97, 0xb5, 0x97, 0xb5, 0x97, 0xad, 0x97, 0xad,
    0x96, 0xad, 0x96, 0xad, 0x96, 0xad, 0x76, 0xad, 0x76, 0xad, 0x76, 0xad,
    0x76, 0xad, 0x76, 0xad, 0x76, 0xad, 0x76, 0xad, 0x56, 0xa5, 0x56, 0xa5,
    0x56, 0xa5, 0x56, 0xa5, 0x56, 0xa5, 0x55, 0xa5, 0xd8, 0xbd, 0x35, 0xa5,
    0x35, 0xa5, 0x35, 0xa5, 0x35, 0xa5, 0x35, 0xa5, 0x79, 0xce, 0xbe, 0xf7,
    0x59, 0xce, 0x15, 0x9d, 0x15, 0x9d, 0x15, 0x9d, 0x8e, 0x73, 0x28, 0x52,
    0x28, 0x52, 0x28, 0x52, 0x28, 0x52, 0x28, 0x52, 0x28, 0x52, 0x08, 0x92,
    0xe8, 0xd1, 0x08, 0xd2, 0x08, 0xd2, 0x29, 0xd2, 0x49, 0xd2, 0x49, 0xd2,
    0x6a, 0xd2, 0x8a, 0xd2, 0x8a, 0xda, 0xab, 0xda, 0xcb, 0xda, 0xcc, 0xda,
    0xec, 0xda, 0x0c, 0xdb, 0x0d, 0xdb, 0x2d, 0xdb, 0x4d, 0xe3, 0xcb, 0x9a,
    0x28, 0x52, 0x28, 0x52, 0x28, 0x52, 0x28, 0x52, 0x28, 0x52, 0x28, 0x52,
    0x28, 0x52, 0x28, 0x52, 0x28, 0x52, 0x28, 0x52, 0x28, 0x52, 0x28, 0x52,
    0x28, 0x52, 0x28, 0x52, 0x28, 0x52, 0x28, 0x52, 0x28, 0x52, 0x28, 0x52,
    0x28, 0x52, 0x28, 0x52, 0x28, 0x52, 0x28, 0x52, 0x28, 0x52, 0x28, 0x52,
    0x28, 0x52, 0x28, 0x52, 0x28, 0x52, 0x28, 0x52, 0x28, 0x52, 0x28, 0x52,
    0x28, 0x52, 0x28, 0x52, 0x28, 0x52, 0x28, 0x52, 0x28, 0x52, 0x28, 0x52,
    0x28, 0x52, 0x28, 0x52, 0x28, 0x52, 0x28, 0x52, 0x28, 0x52, 0x28, 0x52,
    0x28, 0x52, 0x28, 0x52, 0x28, 0x52, 0x28, 0x52, 0x28, 0x52, 0x28, 0x52,
    0x28, 0x52, 0x28, 0x52, 0x28, 0x52, 0x28, 0x52, 0x28, 0x52, 0x69, 0x5a,
    0x1c, 0xe7, 0xdf, 0xff, 0xdf, 0xff, 0xbe, 0xf7, 0xdb, 0xde, 0xdf, 0xff,
    0xdf, 0xff, 0x7d, 0xef, 0x6a, 0x73, 0xe9, 0x6a, 0x89, 0x5a, 0x48, 0x52,
    0x28, 0x52, 0x28, 0x52, 0x28, 0x52, 0x28, 0x52, 0x28, 0x52, 0x28, 0x52,
    0xf8, 0xbd, 0xf8, 0xbd, 0xf8, 0xbd, 0xf8, 0xbd, 0xf8, 0xbd, 0xf8, 0xbd,
    0xf8, 0xbd, 0xd8, 0xbd, 0xd8, 0xbd, 0xd8, 0xb5, 0xd7, 0xb5, 0xd7, 0xb5,
    0xd7, 0xb5, 0xd7, 0xb5, 0xb7, 0xb5, 0xb7, 0xb5, 0xb7, 0xb5, 0xb7, 0xb5,
    0xb7, 0xb5, 0xb7, 0xb5, 0x97, 0xb5, 0x97, 0xb5, 0x97, 0xad, 0x97, 0xad,
    0x96, 0xad, 0x96, 0xad, 0x96, 0xad, 0x76, 0xad, 0x76, 0xad, 0x76, 0xad,
    0x76, 0xad, 0x76, 0xad, 0x76, 0xad, 0x76, 0xad, 0x56, 0xa5, 0x56, 0xa5,
    0x56, 0xa5, 0x56, 0xa5, 0x56, 0xa5, 0x55, 0xa5, 0x35, 0xa5, 0x35, 0xa5,
    0x35, 0xa5, 0x35, 0xa5, 0x35, 0xa5, 0x7a, 0xce, 0xbe, 0xf7, 0x59, 0xce,
    0x15, 0x9d, 0x15, 0x9d, 0x15, 0x9d, 0x15, 0x9d, 0x8e, 0x73, 0x28, 0x52,
    0x28, 0x52, 0x28, 0x52, 0x28, 0x52, 0xe8, 0x91, 0xc7, 0xc9, 0xe7, 0xd1,
    0xe8, 0xd1, 0x08, 0xd2, 0x28, 0xd2, 0x29, 0xd2, 0x49, 0xd2, 0x69, 0xd2,
    0x6a, 0xd2, 0x8a, 0xda, 0x8a, 0xda, 0xab, 0xda, 0xcb, 0xda, 0xcc, 0xda,
    0xec, 0xda, 0x0c, 0xdb, 0x0d, 0xdb, 0x2d, 0xdb, 0x4d, 0xe3, 0xcb, 0x9a,
    0x28, 0x52, 0x28, 0x52, 0x28, 0x52, 0x28, 0x52, 0x28, 0x52, 0x28, 0x52,
    0x28, 0x52, 0x28, 0x52, 0x28, 0x52, 0x28, 0x52, 0x28, 0x52, 0x28, 0x52,
    0x28, 0x52, 0x28, 0x52, 0x28, 0x52, 0x28, 0x52, 0x28, 0x52, 0x28, 0x52,
    0x28, 0x52, 0x28, 0x52, 0x28, 0x52, 0x28, 0x52, 0x28, 0x52, 0x28, 0x52,
    0x28, 0x52, 0x28, 0x52, 0x28, 0x52, 0x28, 0x52, 0x28, 0x52, 0x28, 0x52,
    0x28, 0x52, 0x28, 0x52, 0x28, 0x52, 0x28, 0x52, 0x28, 0x52, 0x28, 0x52,
    0x28, 0x52, 0x28, 0x52, 0x28, 0x52, 0x28, 0x52, 0x28, 0x52, 0x28, 0x52,
    0x28, 0x52, 0x28, 0x52, 0x28, 0x52, 0x28, 0x52, 0x28, 0x52, 0x28, 0x52,
    0x28, 0x52, 0x28, 0x52, 0x28, 0x52, 0x28, 0x52, 0x28, 0x52, 0x48, 0x52,
    0x2c, 0x73, 0xdf, 0xf7, 0xdf, 0xff, 0xdf, 0xff, 0xdf, 0xff, 0xdf, 0xff,
    0xdf, 0xff, 0x70, 0x94, 0x2a, 0x6b, 0xa9, 0x5a, 0x48, 0x52, 0x28, 0x52,
    0x28, 0x52, 0x28, 0x52, 0x28, 0x52, 0x28, 0x52, 0x28, 0x52, 0x28, 0x52,
    0xf8, 0xbd, 0xf8, 0xbd, 0xf8, 0xbd, 0xf8, 0xbd, 0xf8, 0xbd, 0xd8, 0xbd,
    0xd8, 0xbd, 0xd8, 0xbd, 0xd7, 0xb5, 0xd7, 0xb5, 0xd7, 0xb5, 0xd7, 0xb5,
    0xb7, 0xb5, 0xb7, 0xb5, 0xb7, 0xb5, 0xb7, 0xb5, 0xb7, 0xb5, 0xb7, 0xb5,
    0x97, 0xb5, 0x97, 0xb5, 0x97, 0xad, 0x97, 0xad, 0x97, 0xad, 0x96, 0xad,
    0x96, 0xad, 0x76, 0xad, 0x76, 0xad, 0x76, 0xad, 0x76, 0xad, 0x76, 0xad,
    0x76, 0xad, 0x76, 0xad, 0x56, 0xad, 0x56, 0xa5, 0x56, 0xa5, 0x56, 0xa5,
    0x56, 0xa5, 0x56, 0xa5, 0x55, 0xa5, 0x35, 0xa5, 0x35, 0xa5, 0x35, 0xa5,
    0x35, 0xa5, 0x35, 0xa5, 0x79, 0xce, 0xbe, 0xf7, 0x59, 0xce, 0x15, 0x9d,
    0x15, 0x9d, 0x15, 0x9d, 0x15, 0x9d, 0x15, 0x9d, 0x31, 0x8c, 0x28, 0x52,
    0x28, 0x52, 0xc7, 0x89, 0xa6, 0xc9, 0xa7, 0xc9, 0xc7, 0xc9, 0xe7, 0xd1,
    0xe8, 0xd1, 0x08, 0xd2, 0x08, 0xd2, 0x29, 0xd2, 0x49, 0xd2, 0x49, 0xd2,
    0x6a, 0xd2, 0x8a, 0xd2, 0x8a, 0xda, 0xab, 0xda, 0xcb, 0xda, 0xcc, 0xda,
    0xec, 0xda, 0x0c, 0xdb, 0x0d, 0xdb, 0x2d, 0xdb, 0x4d, 0xe3, 0xcb, 0x9a,
    0x28, 0x52, 0x28, 0x52, 0x28, 0x52, 0x28, 0x52, 0x28, 0x52, 0x28, 0x52,
    0x28, 0x52, 0x28, 0x52, 0x28, 0x52, 0x28, 0x52, 0x28, 0x52, 0x28, 0x52,
    0x28, 0x52, 0x28, 0x52, 0x28, 0x52, 0x28, 0x52, 0x28, 0x52, 0x28, 0x52,
    0x28, 0x52, 0x28, 0x52, 0x28, 0x52, 0x28, 0x52, 0x28, 0x52, 0x28, 0x52,
    0x28, 0x52, 0x28, 0x52, 0x28, 0x52, 0x28, 0x52, 0x28, 0x52, 0x28, 0x52,
    0x28, 0x52, 0x28, 0x52, 0x28, 0x52, 0x28, 0x52, 0x28, 0x52, 0x28, 0x52,
    0x28, 0x52, 0x28, 0x52, 0x28, 0x52, 0x28, 0x52, 0x28, 0x52, 0x28, 0x52,
    0x28, 0x52, 0x28, 0x52, 0x28, 0x52, 0x28, 0x52, 0x28, 0x52, 0x28, 0x52,
    0x28, 0x52, 0x28, 0x52, 0x28, 0x52, 0x28, 0x52, 0x28, 0x52, 0x28, 0x52,
    0x68, 0x52, 0x54, 0xad, 0xdf, 0xff, 0xdf, 0xff, 0xdf, 0xff, 0xdf, 0xff,
    0x38, 0xce, 0x4a, 0x73, 0xc9, 0x62, 0x69, 0x52, 0x28, 0x52, 0x28, 0x52,
    0x28, 0x52, 0x28, 0x52, 0x28, 0x52, 0x48, 0x52, 0x48, 0x52, 0x48, 0x52,
    0xf8, 0xbd, 0xf8, 0xbd, 0xf8, 0xbd, 0xf8, 0xbd, 0xf8, 0xbd, 0xd8, 0xbd,
    0xd8, 0xbd, 0xd8, 0xb5, 0xd7, 0xb5, 0xd7, 0xb5, 0xd7, 0xb5, 0xd7, 0xb5,
    0xb7, 0xb5, 0xb7, 0xb5, 0xb7, 0xb5, 0xb7, 0xb5, 0xb7, 0xb5, 0xb7, 0xb5,
    0x97, 0xb5, 0x97, 0xb5, 0x97, 0xad, 0x97, 0xad, 0x97, 0xad, 0x96, 0xad,
    0x96, 0xad, 0x76, 0xad, 0x76, 0xad, 0x76, 0xad, 0x76, 0xad, 0x76, 0xad,
    0x76, 0xad, 0x76, 0xad, 0x56, 0xa5, 0x56, 0xa5, 0x56, 0xa5, 0x56, 0xa5,
    0x56, 0xa5, 0x56, 0xa5, 0x35, 0xa5, 0x35, 0xa5, 0x35, 0xa5, 0x35, 0xa5,
    0x35, 0xa5, 0x7a, 0xce, 0xbe, 0xf7, 0x59, 0xce, 0x15, 0x9d, 0x15, 0x9d,
    0x15, 0x9d, 0x15, 0x9d, 0x15, 0x9d, 0x59, 0xce, 0xf3, 0xa4, 0xc7, 0x89,
    0x66, 0xc9, 0x86, 0xc9, 0xa6, 0xc9, 0xa7, 0xc9, 0xc7, 0xc9, 0xe7, 0xd1,
    0xe8, 0xd1, 0x08, 0xd2, 0x28, 0xd2, 0x29, 0xd2, 0x49, 0xd2, 0x69, 0xd2,
    0x6a, 0xd2, 0x8a, 0xda, 0x8a, 0xda, 0xab, 0xda, 0xcb, 0xda, 0xec, 0xda,
    0xec, 0xda, 0x0c, 0xdb, 0x0d, 0xdb, 0x2d, 0xdb, 0x4d, 0xe3, 0xcb, 0x9a,
    0x28, 0x52, 0x28, 0x52, 0x28, 0x52, 0x28, 0x52, 0x28, 0x52, 0x28, 0x52,
    0x28, 0x52, 0x28, 0x52, 0x28, 0x52, 0x28, 0x52, 0x28, 0x52, 0x28, 0x52,
    0x28, 0x52, 0x28, 0x52, 0x28, 0x52, 0x28, 0x52, 0x28, 0x52, 0x28, 0x52,
    0x28, 0x52, 0x28, 0x52, 0x28, 0x52, 0x28, 0x52, 0x28, 0x52, 0x28, 0x52,
    0x28, 0x52, 0x28, 0x52, 0x28, 0x52, 0x28, 0x52, 0x28, 0x52, 0x28, 0x52,
    0x28, 0x52, 0x28, 0x52, 0x28, 0x52, 0x28, 0x52, 0x28, 0x52, 0x28, 0x52,
    0x28, 0x52, 0x28, 0x52, 0x28, 0x52, 0x28, 0x52, 0x28, 0x52, 0x28, 0x52,
    0x28, 0x52, 0x28, 0x52, 0x28, 0x52, 0x28, 0x52, 0x28, 0x52, 0x28, 0x52,
    0x28, 0x52, 0x28, 0x52, 0x28, 0x52, 0x28, 0x52, 0x28, 0x52, 0x28, 0x52,
    0x48, 0x52, 0xb2, 0x9c, 0xdf, 0xff, 0xdf, 0xff, 0xdf, 0xff, 0xdf, 0xff,
    0x53, 0xad, 0x0a, 0x6b, 0x89, 0x5a, 0x48, 0x52, 0x28, 0x52, 0x92, 0x9c,
    0x7d, 0xef, 0x7d, 0xef, 0x7d, 0xef, 0x7d, 0xef, 0x7d, 0xef, 0x7d, 0xef,
    0xf8, 0xbd, 0xf8, 0xbd, 0xf8, 0xbd, 0xd8, 0xbd, 0xd8, 0xbd, 0xd8, 0xb5,
    0xd7, 0xb5, 0xd7, 0xb5, 0xd7, 0xb5, 0xd7, 0xb5, 0xb7, 0xb5, 0xb7, 0xb5,
    0xb7, 0xb5, 0xb7, 0xb5, 0xb7, 0xb5, 0xb7, 0xb5, 0x97, 0xb5, 0x97, 0xb5,
    0x97, 0xad, 0x97, 0xad, 0x96, 0xad, 0x96, 0xad, 0x96, 0xad, 0x76, 0xad,
    0x76, 0xad, 0x76, 0xad, 0x76, 0xad, 0x76, 0xad, 0x76, 0xad, 0x76, 0xad,
    0x56, 0xad, 0x56, 0xa5, 0x56, 0xa5, 0x56, 0xa5, 0x56, 0xa5, 0x56, 0xa5,
    0x35, 0xa5, 0x35, 0xa5, 0x35, 0xa5, 0x35, 0xa5, 0x35, 0xa5, 0x35, 0xa5,
    0x79, 0xce, 0xbe, 0xf7, 0x59, 0xce, 0x15, 0x9d, 0x15, 0x9d, 0x15, 0x9d,
    0x15, 0x9d, 0x15, 0x9d, 0x59, 0xce, 0x71, 0xdc, 0x45, 0xc9, 0x65, 0xc9,
    0x65, 0xc9, 0x86, 0xc9, 0xa6, 0xc9, 0xa7, 0xc9, 0xc7, 0xc9, 0xe7, 0xd1,
    0xe8, 0xd1, 0x08, 0xd2, 0x08, 0xd2, 0x29, 0xd2, 0x49, 0xd2, 0x49, 0xd2,
    0x6a, 0xd2, 0x8a, 0xd2, 0x8a, 0xda, 0xab, 0xda, 0xcb, 0xda, 0xcc, 0xda,
    0xec, 0xda, 0x0c, 0xdb, 0x0d, 0xdb, 0x2d, 0xdb, 0x4d, 0xe3, 0xcb, 0x9a,
    0x28, 0x52, 0x28, 0x52, 0x28, 0x52, 0x28, 0x52, 0x28, 0x52, 0x28, 0x52,
    0x28, 0x52, 0x28, 0x52, 0x28, 0x52, 0x28, 0x52, 0x28, 0x52, 0x28, 0x52,
    0x28, 0x52, 0x28, 0x52, 0x28, 0x52, 0x28, 0x52, 0x28, 0x52, 0x28, 0x52,
    0x28, 0x52, 0x28, 0x52, 0x28, 0x52, 0x28, 0x52, 0x28, 0x52, 0x28, 0x52,
    0x28, 0x52, 0x28, 0x52, 0x28, 0x52, 0x28, 0x52, 0x28, 0x52, 0x28, 0x52,
    0x28, 0x52, 0x28, 0x52, 0x28, 0x52, 0x28, 0x52, 0x28, 0x52, 0x28, 0x52,
    0x28, 0x52, 0x28, 0x52, 0x28, 0x52, 0x28, 0x52, 0x28, 0x52, 0x28, 0x52,
    0x28, 0x52, 0x28, 0x52, 0x28, 0x52, 0x28, 0x52, 0x28, 0x52, 0x28, 0x52,
    0x28, 0x52, 0x28, 0x52, 0x28, 0x52, 0x28, 0x52, 0x28, 0x52, 0x28, 0x52,
    0x8a, 0x5a, 0xbe, 0xf7, 0xdf, 0xff, 0xdf, 0xff, 0xdf, 0xff, 0xdf, 0xff,
    0xbe, 0xf7, 0x4b, 0x73, 0x89, 0x5a, 0x28, 0x52, 0x28, 0x52, 0x75, 0xb5,
    0xdf, 0xff, 0xdf, 0xff, 0xdf, 0xff, 0xdf, 0xff, 0xdf, 0xff, 0xdf, 0xff,
    0xf8, 0xbd, 0xf8, 0xbd, 0xf8, 0xbd, 0xd8, 0xbd, 0xd8, 0xbd, 0xd8, 0xb5,
    0xd7, 0xb5, 0xd7, 0xb5, 0xd7, 0xb5, 0xd7, 0xb5, 0xb7, 0xb5, 0xb7, 0xb5,
    0xb7, 0xb5, 0xb7, 0xb5, 0xb7, 0xb5, 0xb7, 0xb5, 0x97, 0xb5, 0x97, 0xb5,
    0x97, 0xad, 0x97, 0xad, 0x96, 0xad, 0x96, 0xad, 0x96, 0xad, 0x76, 0xad,
    0x76, 0xad, 0x76, 0xad, 0x76, 0xad, 0x76, 0xad, 0x76, 0xad, 0x76, 0xad,
    0x56, 0xa5, 0x56, 0xa5, 0x56, 0xa5, 0x56, 0xa5, 0x56, 0xa5, 0x55, 0xa5,
    0x35, 0xa5, 0x35, 0xa5, 0x35, 0xa5, 0x35, 0xa5, 0x35, 0xa5, 0x7a, 0xce,
    0xbe, 0xf7, 0x59, 0xce, 0x15, 0x9d, 0x15, 0x9d, 0x15, 0x9d, 0x15, 0x9d,
    0x15, 0x9d, 0x59, 0xce, 0x71, 0xdc, 0x25, 0xc9, 0x45, 0xc9, 0x65, 0xc9,
    0x66, 0xc9, 0x86, 0xc9, 0xa6, 0xc9, 0xa7, 0xc9, 0xc7, 0xc9, 0xe7, 0xd1,
    0xe8, 0xd1, 0x08, 0xd2, 0x28, 0xd2, 0x29, 0xd2, 0x49, 0xd2, 0x69, 0xd2,
    0x6a, 0xd2, 0x8a, 0xda, 0x8a, 0xda, 0xab, 0xda, 0xcb, 0xda, 0xec, 0xda,
    0xec, 0xda, 0x0c, 0xdb, 0x0d, 0xdb, 0x2d, 0xdb, 0x4d, 0xe3, 0xcb, 0x9a,
    0x28, 0x52, 0x28, 0x52, 0x28, 0x52, 0x28, 0x52, 0x28, 0x52, 0x28, 0x52,
    0x28, 0x52, 0x28, 0x52, 0x28, 0x52, 0x28, 0x52, 0x28, 0x52, 0x28, 0x52,
    0x28, 0x52, 0x28, 0x52, 0x28, 0x52, 0x28, 0x52, 0x28, 0x52, 0x28, 0x52,
    0x28, 0x52, 0x28, 0x52, 0x28, 0x52, 0x28, 0x52, 0x28, 0x52, 0x28, 0x52,
    0x28, 0x52, 0x28, 0x52, 0x28, 0x52, 0x28, 0x52, 0x28, 0x52, 0x28, 0x52,
    0x28, 0x52, 0x28, 0x52, 0x28, 0x52, 0x28, 0x52, 0x28, 0x52, 0x28, 0x52,
    0x28, 0x52, 0x28, 0x52, 0x28, 0x52, 0x28, 0x52, 0x28, 0x52, 0x28, 0x52,
    0x28, 0x52, 0x28, 0x52, 0x28, 0x52, 0x28, 0x52, 0x28, 0x52, 0x28, 0x52,
    0x28, 0x52, 0x28, 0x52, 0x28, 0x52, 0x28, 0x52, 0x28, 0x52, 0x28, 0x52,
    0x7a, 0xd6, 0xdf, 0xff, 0xdf, 0xff, 0xdf, 0xff, 0xdf, 0xff, 0xdf, 0xff,
    0xdf, 0xff, 0xda, 0xde, 0xa9, 0x62, 0x48, 0x52, 0x28, 0x52, 0x34, 0xad,
    0xdf, 0xf7, 0xdf, 0xf7, 0xdf, 0xff, 0xdf, 0xff, 0xdf, 0xff, 0xdf, 0xff,
    0xf8, 0xbd, 0xf8, 0xbd, 0xd8, 0xbd, 0xd8, 0xbd, 0xd7, 0xb5, 0xd7, 0xb5,
    0xd7, 0xb5, 0xd7, 0xb5, 0xb7, 0xb5, 0xb7, 0xb5, 0xb7, 0xb5, 0xb7, 0xb5,
    0xb7, 0xb5, 0xb7, 0xb5, 0xb7, 0xb5, 0x97, 0xb5, 0x97, 0xad, 0x97, 0xad,
    0x97, 0xad, 0x96, 0xad, 0x96, 0xad, 0x96, 0xad, 0x76, 0xad, 0x76, 0xad,
    0x76, 0xad, 0x76, 0xad, 0x76, 0xad, 0x76, 0xad, 0x56, 0xad, 0x56, 0xa5,
    0x56, 0xa5, 0x56, 0xa5, 0x56, 0xa5, 0x56, 0xa5, 0x55, 0xa5, 0x35, 0xa5,
    0x35, 0xa5, 0x35, 0xa5, 0x35, 0xa5, 0x35, 0xa5, 0xd7, 0xb5, 0xbe, 0xf7,
    0x59, 0xce, 0x15, 0x9d, 0x15, 0x9d, 0x15, 0x9d, 0x15, 0x9d, 0x15, 0x9d,
    0x59, 0xce, 0xbe, 0xf7, 0x59, 0xce, 0xf4, 0x9c, 0x69, 0x9a, 0x65, 0xc9,
    0x66, 0xc9, 0x86, 0xc9, 0xa6, 0xc9, 0xa7, 0xc9, 0xc7, 0xc9, 0xe7, 0xd1,
    0xe8, 0xd1, 0x08, 0xd2, 0x08, 0xd2, 0x29, 0xd2, 0x49, 0xd2, 0x49, 0xd2,
    0x6a, 0xd2, 0x8a, 0xd2, 0x8a, 0xda, 0xab, 0xda, 0xcb, 0xda, 0xcc, 0xda,
    0xec, 0xda, 0x0c, 0xdb, 0x0d, 0xdb, 0x2d, 0xdb, 0x4d, 0xe3, 0xcb, 0x9a,
    0x28, 0x52, 0x28, 0x52, 0x28, 0x52, 0x28, 0x52, 0x28, 0x52, 0x28, 0x52,
    0x28, 0x52, 0x28, 0x52, 0x28, 0x52, 0x28, 0x52, 0x28, 0x52, 0x28, 0x52,
    0x28, 0x52, 0x28, 0x52, 0x28, 0x52, 0x28, 0x52, 0x28, 0x52, 0x28, 0x52,
    0x28, 0x52, 0x28, 0x52, 0x28, 0x52, 0x28, 0x52, 0x28, 0x52, 0x28, 0x52,
    0x28, 0x52, 0x28, 0x52, 0x28, 0x52, 0x28, 0x52, 0x28, 0x52, 0x28, 0x52,
    0x28, 0x52, 0x28, 0x52, 0x28, 0x52, 0x28, 0x52, 0x28, 0x52, 0x28, 0x52,
    0x28, 0x52, 0x28, 0x52, 0x28, 0x52, 0x28, 0x52, 0x28, 0x52, 0x28, 0x52,
    0x28, 0x52, 0x28, 0x52, 0x28, 0x52, 0x28, 0x52, 0x28, 0x52, 0x28, 0x52,
    0x28, 0x52, 0x28, 0x52, 0x28, 0x52, 0x28, 0x52, 0x28, 0x52, 0x10, 0x8c,
    0xdf, 0xff, 0xdf, 0xff, 0xdf, 0xff, 0x74, 0xb5, 0xf7, 0xc5, 0xdf, 0xff,
    0xdf, 0xff, 0xdf, 0xff, 0xd2, 0x9c, 0x89, 0x5a, 0x48, 0x52, 0x48, 0x52,
    0xa9, 0x62, 0x09, 0x6b, 0x2a, 0x6b, 0x2a, 0x6b, 0x2a, 0x6b, 0x2a, 0x6b,
    0xf8, 0xbd, 0xd8, 0xbd, 0xd8, 0xbd, 0xd8, 0xb5, 0xd7, 0xb5, 0xd7, 0xb5,
    0xd7, 0xb5, 0xd7, 0xb5, 0xb7, 0xb5, 0xb7, 0xb5, 0xb7, 0xb5, 0xb7, 0xb5,
    0xb7, 0xb5, 0xb7, 0xb5, 0x97, 0xb5, 0x97, 0xb5, 0x97, 0xad, 0x97, 0xad,
    0x97, 0xad, 0x96, 0xad, 0x96, 0xad, 0x76, 0xad, 0x76, 0xad, 0x76, 0xad,
    0x76, 0xad, 0x76, 0xad, 0x76, 0xad, 0x76, 0xad, 0x56, 0xa5, 0x56, 0xa5,
    0x56, 0xa5, 0x56, 0xa5, 0x56, 0xa5, 0x56, 0xa5, 0x35, 0xa5, 0x35, 0xa5,
    0x35, 0xa5, 0x35, 0xa5, 0x35, 0xa5, 0x35, 0xa5, 0x7a, 0xce, 0x59, 0xce,
    0x15, 0x9d, 0x15, 0x9d, 0x15, 0x9d, 0x15, 0x9d, 0x15, 0x9d, 0x59, 0xce,
    0xbe, 0xf7, 0x59, 0xce, 0xf4, 0x9c, 0xf4, 0x9c, 0x8e, 0x73, 0x28, 0x52,
    0xc7, 0x89, 0x86, 0xc9, 0xa6, 0xc9, 0xa7, 0xc9, 0xc7, 0xc9, 0xe7, 0xd1,
    0xe8, 0xd1, 0x08, 0xd2, 0x28, 0xd2, 0x29, 0xd2, 0x49, 0xd2, 0x69, 0xd2,
    0x6a, 0xd2, 0x8a, 0xda, 0x8b, 0xda, 0xab, 0xda, 0xcb, 0xda, 0xec, 0xda,
    0xec, 0xda, 0x0c, 0xdb, 0x0d, 0xdb, 0x2d, 0xe3, 0x4d, 0xe3, 0xcb, 0x9a,
    0x28, 0x52, 0x28, 0x52, 0x28, 0x52, 0x28, 0x52, 0x28, 0x52, 0x28, 0x52,
    0x28, 0x52, 0x28, 0x52, 0x28, 0x52, 0x28, 0x52, 0x28, 0x52, 0x28, 0x52,
    0x28, 0x52, 0x28, 0x52, 0x28, 0x52, 0x28, 0x52, 0x28, 0x52, 0x28, 0x52,
    0x28, 0x52, 0x28, 0x52, 0x28, 0x52, 0x28, 0x52, 0x28, 0x52, 0x28, 0x52,
    0x28, 0x52, 0x28, 0x52, 0x28, 0x52, 0x28, 0x52, 0x28, 0x52, 0x28, 0x52,
    0x28, 0x52, 0x28, 0x52, 0x28, 0x52, 0x28, 0x52, 0x28, 0x52, 0x28, 0x52,
    0x28, 0x52, 0x28, 0x52, 0x28, 0x52, 0x28, 0x52, 0x28, 0x52, 0x28, 0x52,
    0x28, 0x52, 0x28, 0x52, 0x28, 0x52, 0x28, 0x52, 0x28, 0x52, 0x28, 0x52,
    0x28, 0x52, 0x28, 0x52, 0x28, 0x52, 0x28, 0x52, 0x69, 0x5a, 0x9e, 0xf7,
    0xdf, 0xff, 0xdf, 0xff, 0x3c, 0xe7, 0x4a, 0x73, 0x29, 0x6b, 0x7d, 0xef,
    0xdf, 0xff, 0xdf, 0xff, 0xbe, 0xf7, 0x2b, 0x6b, 0x68, 0x5a, 0x48, 0x52,
    0x68, 0x5a, 0x89, 0x5a, 0x89, 0x5a, 0x89, 0x5a, 0x89, 0x5a, 0x89, 0x5a,
    0xd8, 0xbd, 0xd8, 0xb5, 0xd7, 0xb5, 0xd7, 0xb5, 0xd7, 0xb5, 0xd7, 0xb5,
    0xb7, 0xb5, 0xb7, 0xb5, 0xb7, 0xb5, 0xb7, 0xb5, 0xb7, 0xb5, 0xb7, 0xb5,
    0x97, 0xb5, 0x97, 0xb5, 0x97, 0xad, 0x97, 0xad, 0x96, 0xad, 0x96, 0xad,
    0x96, 0xad, 0x76, 0xad, 0x76, 0xad, 0x76, 0xad, 0x76, 0xad, 0x76, 0xad,
    0x76, 0xad, 0x76, 0xad, 0x56, 0xa5, 0x56, 0xa5, 0x56, 0xa5, 0x56, 0xa5,
    0x56, 0xa5, 0x55, 0xa5, 0x35, 0xa5, 0x35, 0xa5, 0x35, 0xa5, 0x35, 0xa5,
    0x35, 0xa5, 0x35, 0xa5, 0x35, 0xa5, 0x15, 0xa5, 0xb7, 0xb5, 0x15, 0x9d,
    0x15, 0x9d, 0x15, 0x9d, 0x15, 0x9d, 0x15, 0x9d, 0x59, 0xce, 0xbe, 0xf7,
    0x59, 0xce, 0xf4, 0x9c, 0xf4, 0x9c, 0xf4, 0x9c, 0x6e, 0x73, 0x08, 0x52,
    0x08, 0x52, 0x08, 0x52, 0xe7, 0x89, 0xa7, 0xc9, 0xc7, 0xc9, 0xe7, 0xd1,
    0xe8, 0xd1, 0x08, 0xd2, 0x08, 0xd2, 0x29, 0xd2, 0x49, 0xd2, 0x49, 0xd2,
    0x6a, 0xd2, 0x8a, 0xd2, 0x8a, 0xda, 0xab, 0xda, 0xcb, 0xda, 0xcc, 0xda,
    0xec, 0xda, 0x0c, 0xdb, 0x0d, 0xdb, 0x2d, 0xdb, 0x4d, 0xe3, 0xab, 0x9a,
    0x08, 0x52, 0x08, 0x52, 0x08, 0x52, 0x08, 0x52, 0x08, 0x52, 0x08, 0x52,
    0x08, 0x52, 0x08, 0x52, 0x08, 0x52, 0x08, 0x52, 0x08, 0x52, 0x08, 0x52,
    0x08, 0x52, 0x08, 0x52, 0x08, 0x52, 0x08, 0x52, 0x08, 0x52, 0x08, 0x52,
    0x08, 0x52, 0x08, 0x52, 0x08, 0x52, 0x08, 0x52, 0x08, 0x52, 0x08, 0x52,
    0x08, 0x52, 0x08, 0x52, 0x08, 0x52, 0x08, 0x52, 0x08, 0x52, 0x08, 0x52,
    0x08, 0x52, 0x08, 0x52, 0x08, 0x52, 0x08, 0x52, 0x08, 0x52, 0x08, 0x52,
    0x08, 0x52, 0x08, 0x52, 0x08, 0x52, 0x08, 0x52, 0x08, 0x52, 0x08, 0x52,
    0x08, 0x52, 0x08, 0x52, 0x08, 0x52, 0x08, 0x52, 0x08, 0x52, 0x08, 0x52,
    0x08, 0x52, 0x08, 0x52, 0x08, 0x52, 0x28, 0x52, 0x38, 0xc6, 0xdf, 0xff,
    0xdf, 0xff, 0xdf, 0xf7, 0x0e, 0x84, 0x09, 0x6b, 0xa9, 0x62, 0xce, 0x83,
    0xdf, 0xff, 0xdf, 0xff, 0xdf, 0xff, 0xba, 0xd6, 0xa9, 0x5a, 0x48, 0x52,
    0x28, 0x52, 0x28, 0x52, 0x28, 0x52, 0x28, 0x52, 0x28, 0x52, 0x28, 0x52,
    0xd8, 0xbd, 0xd8, 0xb5, 0xd7, 0xb5, 0xd7, 0xb5, 0xd7, 0xb5, 0xd7, 0xb5,
    0xb7, 0xb5, 0xb7, 0xb5, 0xb7, 0xb5, 0xb7, 0xb5, 0xb7, 0xb5, 0xb7, 0xb5,
    0x97, 0xb5, 0x97, 0xb5, 0x97, 0xad, 0x97, 0xad, 0x96, 0xad, 0x96, 0xad,
    0x96, 0xad, 0x76, 0xad, 0x76, 0xad, 0x76, 0xad, 0x76, 0xad, 0x76, 0xad,
    0x76, 0xad, 0x76, 0xad, 0x56, 0xa5, 0x56, 0xa5, 0x56, 0xa5, 0x56, 0xa5,
    0x56, 0xa5, 0x55, 0xa5, 0x35, 0xa5, 0x35, 0xa5, 0x35, 0xa5, 0x35, 0xa5,
    0x35, 0xa5, 0x35, 0xa5, 0x35, 0xa5, 0x15, 0x9d, 0x15, 0x9d, 0x15, 0x9d,
    0x15, 0x9d, 0x15, 0x9d, 0x15, 0x9d, 0x59, 0xce, 0xbe, 0xf7, 0x59, 0xce,
    0xf4, 0x9c, 0xf4, 0x9c, 0xf4, 0x9c, 0xf4, 0x9c, 0x6e, 0x73, 0x08, 0x52,
    0x08, 0x52, 0x08, 0x52, 0x08, 0x52, 0x08, 0x52, 0xe7, 0x91, 0xe7, 0xd1,
    0xe8, 0xd1, 0x08, 0xd2, 0x28, 0xd2, 0x29, 0xd2, 0x49, 0xd2, 0x69, 0xd2,
    0x6a, 0xd2, 0x8a, 0xda, 0x8a, 0xda, 0xab, 0xda, 0xcb, 0xda, 0xcc, 0xda,
    0xec, 0xda, 0x0c, 0xdb, 0x0d, 0xdb, 0x2d, 0xdb, 0x4d, 0xe3, 0xab, 0x9a,
    0x08, 0x52, 0x08, 0x52, 0x08, 0x52, 0x08, 0x52, 0x08, 0x52, 0x08, 0x52,
    0x08, 0x52, 0x08, 0x52, 0x08, 0x52, 0x08, 0x52, 0x08, 0x52, 0x08, 0x52,
    0x08, 0x52, 0x08, 0x52, 0x08, 0x52, 0x08, 0x52, 0x08, 0x52, 0x08, 0x52,
    0x08, 0x52, 0x08, 0x52, 0x08, 0x52, 0x08, 0x52, 0x08, 0x52, 0x08, 0x52,
    0x08, 0x52, 0x08, 0x52, 0x08, 0x52, 0x08, 0x52, 0x08, 0x52, 0x08, 0x52,
    0x08, 0x52, 0x08, 0x52, 0x08, 0x52, 0x08, 0x52, 0x08, 0x52, 0x08, 0x52,
    0x08, 0x52, 0x08, 0x52, 0x08, 0x52, 0x08, 0x52, 0x08, 0x52, 0x08, 0x52,
    0x08, 0x52, 0x08, 0x52, 0x08, 0x52, 0x08, 0x52, 0x08, 0x52, 0x08, 0x52,
    0x08, 0x52, 0x08, 0x52, 0x08, 0x52, 0xae, 0x7b, 0xdf, 0xff, 0xdf, 0xff,
    0xdf, 0xff, 0xd6, 0xbd, 0x29, 0x6b, 0xa9, 0x62, 0x48, 0x52, 0x68, 0x5a,
    0x18, 0xc6, 0xdf, 0xff, 0xdf, 0xff, 0xdf, 0xff, 0x91, 0x9c, 0x68, 0x5a,
    0x28, 0x52, 0x28, 0x52, 0x08, 0x52, 0x08, 0x52, 0x08, 0x52, 0x08, 0x52,
    0xd7, 0xb5, 0xd7, 0xb5, 0xd7, 0xb5, 0xd7, 0xb5, 0xb7, 0xb5, 0xb7, 0xb5,
    0xb7, 0xb5, 0xb7, 0xb5, 0xb7, 0xb5, 0xb7, 0xb5, 0x97, 0xb5, 0x97, 0xb5,
    0x97, 0xad, 0x97, 0xad, 0x97, 0xad, 0x96, 0xad, 0x96, 0xad, 0x76, 0xad,
    0x76, 0xad, 0x76, 0xad, 0x76, 0xad, 0x76, 0xad, 0x76, 0xad, 0x76, 0xad,
    0x56, 0xad, 0x56, 0xa5, 0x56, 0xa5, 0x56, 0xa5, 0x56, 0xa5, 0x56, 0xa5,
    0x55, 0xa5, 0x35, 0xa5, 0x35, 0xa5, 0x35, 0xa5, 0x35, 0xa5, 0x35, 0xa5,
    0x35, 0xa5, 0x15, 0xa5, 0x15, 0x9d, 0x15, 0x9d, 0x15, 0x9d, 0x15, 0x9d,
    0x15, 0x9d, 0x15, 0x9d, 0x59, 0xce, 0xbe, 0xf7, 0x59, 0xce, 0xf4, 0x9c,
    0xf4, 0x9c, 0xf4, 0x9c, 0xd4, 0x94, 0xd4, 0x94, 0x30, 0x8c, 0x08, 0x52,
    0x08, 0x52, 0x08, 0x52, 0x08, 0x52, 0x08, 0x52, 0x08, 0x52, 0x08, 0x52,
    0x08, 0x92, 0x08, 0xd2, 0x08, 0xd2, 0x29, 0xd2, 0x49, 0xd2, 0x49, 0xd2,
    0x6a, 0xd2, 0x8a, 0xd2, 0x8a, 0xda, 0xab, 0xda, 0xcb, 0xda, 0xcc, 0xda,
    0xec, 0xda, 0x0c, 0xdb, 0x0d, 0xdb, 0x2d, 0xdb, 0x4d, 0xe3, 0xab, 0x9a,
    0x08, 0x52, 0x08, 0x52, 0x08, 0x52, 0x08, 0x52, 0x08, 0x52, 0x08, 0x52,
    0x08, 0x52, 0x08, 0x52, 0x08, 0x52, 0x08, 0x52, 0x08, 0x52, 0x08, 0x52,
    0x08, 0x52, 0x08, 0x52, 0x08, 0x52, 0x08, 0x52, 0x08, 0x52, 0x08, 0x52,
    0x08, 0x52, 0x08, 0x52, 0x08, 0x52, 0x08, 0x52, 0x08, 0x52, 0x08, 0x52,
    0x08, 0x52, 0x08, 0x52, 0x08, 0x52, 0x08, 0x52, 0x08, 0x52, 0x08, 0x52,
    0x08, 0x52, 0x08, 0x52, 0x08, 0x52, 0x08, 0x52, 0x08, 0x52, 0x08, 0x52,
    0x08, 0x52, 0x08, 0x52, 0x08, 0x52, 0x08, 0x52, 0x08, 0x52, 0x08, 0x52,
    0x08, 0x52, 0x08, 0x52, 0x08, 0x52, 0x08, 0x52, 0x08, 0x52, 0x08, 0x52,
    0x08, 0x52, 0x08, 0x52, 0x28, 0x52, 0x5d, 0xef, 0xdf, 0xff, 0xdf, 0xff,
    0x7d, 0xef, 0x4a, 0x73, 0xe9, 0x62, 0x68, 0x5a, 0x28, 0x52, 0x28, 0x52,
    0x89, 0x5a, 0x9e, 0xf7, 0xdf, 0xff, 0xdf, 0xff, 0x9e, 0xf7, 0xa9, 0x62,
    0x48, 0x52, 0x28, 0x52, 0x08, 0x52, 0x08, 0x52, 0x08, 0x52, 0x08, 0x52,
    0xd7, 0xb5, 0xd7, 0xb5, 0xd7, 0xb5, 0xd7, 0xb5, 0xb7, 0xb5, 0xb7, 0xb5,
    0xb7, 0xb5, 0xb7, 0xb5, 0xb7, 0xb5, 0xb7, 0xb5, 0x97, 0xb5, 0x97, 0xb5,
    0x97, 0xad, 0x97, 0xad, 0x97, 0xad, 0x96, 0xad, 0x96, 0xad, 0x76, 0xad,
    0x76, 0xad, 0x76, 0xad, 0x76, 0xad, 0x76, 0xad, 0x76, 0xad, 0x76, 0xad,
    0x56, 0xa5, 0x56, 0xa5, 0x56, 0xa5, 0x56, 0xa5, 0x56, 0xa5, 0x56, 0xa5,
    0x35, 0xa5, 0x35, 0xa5, 0x35, 0xa5, 0x35, 0xa5, 0x35, 0xa5, 0x35, 0xa5,
    0x35, 0xa5, 0x15, 0xa5, 0x15, 0x9d, 0x15, 0x9d, 0x15, 0x9d, 0x15, 0x9d,
    0x15, 0x9d, 0x59, 0xce, 0xbe, 0xf7, 0x59, 0xce, 0xf4, 0x9c, 0xf4, 0x9c,
    0xf4, 0x9c, 0xf4, 0x9c, 0xd4, 0x94, 0x39, 0xc6, 0xf3, 0xa4, 0x08, 0x52,
    0x08, 0x52, 0x08, 0x52, 0x08, 0x52, 0x08, 0x52, 0x08, 0x52, 0x08, 0x52,
    0x08, 0x52, 0x08, 0x52, 0x28, 0x92, 0x29, 0xd2, 0x49, 0xd2, 0x69, 0xd2,
    0x6a, 0xd2, 0x8a, 0xda, 0x8a, 0xda, 0xab, 0xda, 0xcb, 0xda, 0xec, 0xda,
    0xec, 0xda, 0x0c, 0xdb, 0x0d, 0xdb, 0x2d, 0xdb, 0x4d, 0xe3, 0xab, 0x9a,
    0x08, 0x52, 0x08, 0x52, 0x08, 0x52, 0x08, 0x52, 0x08, 0x52, 0x08, 0x52,
    0x08, 0x52, 0x08, 0x52, 0x08, 0x52, 0x08, 0x52, 0x08, 0x52, 0x08, 0x52,
    0x08, 0x52, 0x08, 0x52, 0x08, 0x52, 0x08, 0x52, 0x08, 0x52, 0x08, 0x52,
    0x08, 0x52, 0x08, 0x52, 0x08, 0x52, 0x08, 0x52, 0x08, 0x52, 0x08, 0x52,
    0x08, 0x52, 0x08, 0x52, 0x08, 0x52, 0x08, 0x52, 0x08, 0x52, 0x08, 0x52,
    0x08, 0x52, 0x08, 0x52, 0x08, 0x52, 0x08, 0x52, 0x08, 0x52, 0x08, 0x52,
    0x08, 0x52, 0x08, 0x52, 0x08, 0x52, 0x08, 0x52, 0x08, 0x52, 0x08, 0x52,
    0x08, 0x52, 0x08, 0x52, 0x08, 0x52, 0x08, 0x52, 0x08, 0x52, 0x08, 0x52,
    0x08, 0x52, 0x08, 0x52, 0x28, 0x52, 0x48, 0x52, 0xa9, 0x62, 0x09, 0x6b,
    0x09, 0x6b, 0xe9, 0x62, 0x89, 0x5a, 0x28, 0x52, 0x28, 0x52, 0x28, 0x52,
    0x48, 0x52, 0x89, 0x5a, 0xe9, 0x62, 0x09, 0x6b, 0x09, 0x6b, 0xa9, 0x62,
    0x48, 0x52, 0x28, 0x52, 0x08, 0x52, 0x08, 0x52, 0x08, 0x52, 0x08, 0x52,
    0xd7, 0xb5, 0xd7, 0xb5, 0xb7, 0xb5, 0xb7, 0xb5, 0xb7, 0xb5, 0xb7, 0xb5,
    0xb7, 0xb5, 0xb7, 0xb5, 0x97, 0xb5, 0x97, 0xb5, 0x97, 0xad, 0x97, 0xad,
    0x96, 0xad, 0x96, 0xad, 0x96, 0xad, 0x76, 0xad, 0x76, 0xad, 0x76, 0xad,
    0x76, 0xad, 0x76, 0xad, 0x76, 0xad, 0x76, 0xad, 0x56, 0xad, 0x56, 0xa5,
    0x56, 0xa5, 0x56, 0xa5, 0x56, 0xa5, 0x56, 0xa5, 0x35, 0xa5, 0x35, 0xa5,
    0x35, 0xa5, 0x35, 0xa5, 0x35, 0xa5, 0x35, 0xa5, 0x35, 0xa5, 0x15, 0xa5,
    0x15, 0x9d, 0x15, 0x9d, 0x15, 0x9d, 0x15, 0x9d, 0x15, 0x9d, 0x15, 0x9d,
    0x59, 0xce, 0xbe, 0xf7, 0x59, 0xce, 0xf4, 0x9c, 0xf4, 0x9c, 0xf4, 0x9c,
    0xd4, 0x94, 0xd4, 0x94, 0x39, 0xc6, 0xbe, 0xf7, 0x30, 0x8c, 0x08, 0x52,
    0x08, 0x52, 0x08, 0x52, 0x08, 0x4a, 0x08, 0x52, 0x08, 0x52, 0x08, 0x52,
    0x08, 0x4a, 0x08, 0x52, 0x08, 0x52, 0x08, 0x52, 0x28, 0x92, 0x49, 0xd2,
    0x6a, 0xd2, 0x8a, 0xd2, 0x8a, 0xda, 0xab, 0xda, 0xcb, 0xda, 0xcc, 0xda,
    0xec, 0xda, 0x0c, 0xdb, 0x0d, 0xdb, 0x2d, 0xdb, 0x4d, 0xe3, 0xab, 0x9a,
    0x08, 0x52, 0x08, 0x52, 0x08, 0x4a, 0x08, 0x52, 0x08, 0x52, 0x08, 0x52,
    0x08, 0x4a, 0x08, 0x52, 0x08, 0x52, 0x08, 0x52, 0x08, 0x4a, 0x08, 0x52,
    0x08, 0x52, 0x08, 0x52, 0x08, 0x4a, 0x08, 0x52, 0x08, 0x52, 0x08, 0x52,
    0x08, 0x4a, 0x08, 0x52, 0x08, 0x52, 0x08, 0x52, 0x08, 0x4a, 0x08, 0x52,
    0x08, 0x52, 0x08, 0x52, 0x08, 0x4a, 0x08, 0x52, 0x08, 0x52, 0x08, 0x52,
    0x08, 0x4a, 0x08, 0x52, 0x08, 0x52, 0x08, 0x52, 0x08, 0x4a, 0x08, 0x52,
    0x08, 0x52, 0x08, 0x52, 0x08, 0x4a, 0x08, 0x52, 0x08, 0x52, 0x08, 0x52,
    0x08, 0x4a, 0x08, 0x52, 0x08, 0x52, 0x08, 0x52, 0x08, 0x4a, 0x08, 0x52,
    0x08, 0x52, 0x08, 0x52, 0x08, 0x52, 0x28, 0x52, 0x48, 0x5a, 0x68, 0x5a,
    0x68, 0x5a, 0x68, 0x5a, 0x28, 0x52, 0x08, 0x52, 0x08, 0x4a, 0x08, 0x52,
    0x08, 0x52, 0x28, 0x52, 0x68, 0x5a, 0x88, 0x5a, 0x68, 0x5a, 0x48, 0x5a,
    0x28, 0x52, 0x08, 0x52, 0x08, 0x52, 0x08, 0x52, 0x08, 0x4a, 0x08, 0x52,
    0xd7, 0xb5, 0xd7, 0xb5, 0xb7, 0xb5, 0xb7, 0xb5, 0xb7, 0xb5, 0xb7, 0xb5,
    0xb7, 0xb5, 0xb7, 0xb5, 0x97, 0xb5, 0x97, 0xb5, 0x97, 0xad, 0x97, 0xad,
    0x96, 0xad, 0x96, 0xad, 0x96, 0xad, 0x76, 0xad, 0x76, 0xad, 0x76, 0xad,
    0x76, 0xad, 0x76, 0xad, 0x76, 0xad, 0x76, 0xad, 0x56, 0xa5, 0x56, 0xa5,
    0x56, 0xa5, 0x56, 0xa5, 0x56, 0xa5, 0x55, 0xa5, 0x35, 0xa5, 0x35, 0xa5,
    0x35, 0xa5, 0x35, 0xa5, 0x35, 0xa5, 0x35, 0xa5, 0x35, 0xa5, 0x15, 0x9d,
    0x15, 0x9d, 0x15, 0x9d, 0x15, 0x9d, 0x15, 0x9d, 0x15, 0x9d, 0x59, 0xce,
    0xbe, 0xf7, 0x59, 0xce, 0xf4, 0x9c, 0xf4, 0x9c, 0xf4, 0x9c, 0xf4, 0x9c,
    0xd4, 0x94, 0x39, 0xc6, 0xbe, 0xf7, 0x39, 0xc6, 0x6e, 0x73, 0x08, 0x52,
    0x08, 0x52, 0x08, 0x52, 0x08, 0x52, 0x08, 0x52, 0x08, 0x52, 0x08, 0x52,
    0x08, 0x52, 0x08, 0x52, 0x08, 0x52, 0x08, 0x52, 0x08, 0x52, 0x08, 0x52,
    0x49, 0x92, 0x8a, 0xda, 0x8a, 0xda, 0xab, 0xda, 0xcb, 0xda, 0xec, 0xda,
    0xec, 0xda, 0x0c, 0xdb, 0x0d, 0xdb, 0x2d, 0xdb, 0x4d, 0xe3, 0xab, 0x9a,
    0x08, 0x52, 0x08, 0x52, 0x08, 0x52, 0x08, 0x52, 0x08, 0x52, 0x08, 0x52,
    0x08, 0x52, 0x08, 0x52, 0x08, 0x52, 0x08, 0x52, 0x08, 0x52, 0x08, 0x52,
    0x08, 0x52, 0x08, 0x52, 0x08, 0x52, 0x08, 0x52, 0x08, 0x52, 0x08, 0x52,
    0x08, 0x52, 0x08, 0x52, 0x08, 0x52, 0x08, 0x52, 0x08, 0x52, 0x08, 0x52,
    0x08, 0x52, 0x08, 0x52, 0x08, 0x52, 0x08, 0x52, 0x08, 0x52, 0x08, 0x52,
    0x08, 0x52, 0x08, 0x52, 0x08, 0x52, 0x08, 0x52, 0x08, 0x52, 0x08, 0x52,
    0x08, 0x52, 0x08, 0x52, 0x08, 0x52, 0x08, 0x52, 0x08, 0x52, 0x08, 0x52,
    0x08, 0x52, 0x08, 0x52, 0x08, 0x52, 0x08, 0x52, 0x08, 0x52, 0x08, 0x52,
    0x08, 0x52, 0x08, 0x52, 0x08, 0x52, 0x08, 0x52, 0x28, 0x52, 0x28, 0x52,
    0x28, 0x52, 0x28, 0x52, 0x08, 0x52, 0x08, 0x52, 0x08, 0x52, 0x08, 0x52,
    0x08, 0x52, 0x08, 0x52, 0x28, 0x52, 0x28, 0x52, 0x28, 0x52, 0x28, 0x52,
    0x08, 0x52, 0x08, 0x52, 0x08, 0x52, 0x08, 0x52, 0x08, 0x52, 0x08, 0x52,
    0xb7, 0xb5, 0xb7, 0xb5, 0xb7, 0xb5, 0xb7, 0xb5, 0xb7, 0xb5, 0xb7, 0xb5,
    0xb7, 0xb5, 0x97, 0xb5, 0x97, 0xad, 0x97, 0xad, 0x97, 0xad, 0x96, 0xad,
    0x96, 0xad, 0x96, 0xad, 0x76, 0xad, 0x76, 0xad, 0x76, 0xad, 0x76, 0xad,
    0x76, 0xad, 0x76, 0xad, 0x56, 0xad, 0x56, 0xa5, 0x56, 0xa5, 0x56, 0xa5,
    0x56, 0xa5, 0x56, 0xa5, 0x55, 0xa5, 0x35, 0xa5, 0x35, 0xa5, 0x35, 0xa5,
    0x35, 0xa5, 0x35, 0xa5, 0x35, 0xa5, 0x35, 0xa5, 0x15, 0x9d, 0x15, 0x9d,
    0x15, 0x9d, 0x15, 0x9d, 0x15, 0x9d, 0x15, 0x9d, 0xb7, 0xb5, 0xbe, 0xf7,
    0x59, 0xce, 0xf4, 0x9c, 0xf4, 0x9c, 0xf4, 0x9c, 0xf4, 0x94, 0xd4, 0x94,
    0x39, 0xc6, 0xbe, 0xf7, 0x39, 0xc6, 0xd4, 0x94, 0x6e, 0x73, 0x08, 0x52,
    0x08, 0x4a, 0x08, 0x52, 0x08, 0x4a, 0x08, 0x4a, 0x08, 0x4a, 0x08, 0x52,
    0x08, 0x4a, 0x08, 0x52, 0x08, 0x4a, 0x08, 0x52, 0x08, 0x4a, 0x08, 0x4a,
    0x08, 0x4a, 0x08, 0x52, 0x49, 0x92, 0xab, 0xda, 0xcb, 0xda, 0xcc, 0xda,
    0xec, 0xda, 0x0c, 0xdb, 0x0d, 0xdb, 0x2d, 0xdb, 0x4d, 0xe3, 0xab, 0x9a,
    0x08, 0x4a, 0x08, 0x52, 0x08, 0x4a, 0x08, 0x4a, 0x08, 0x4a, 0x08, 0x52,
    0x08, 0x4a, 0x08, 0x52, 0x08, 0x4a, 0x08, 0x52, 0x08, 0x4a, 0x08, 0x4a,
    0x08, 0x4a, 0x08, 0x52, 0x08, 0x4a, 0x08, 0x52, 0x08, 0x4a, 0x08, 0x52,
    0x08, 0x4a, 0x08, 0x4a, 0x08, 0x4a, 0x08, 0x52, 0x08, 0x4a, 0x08, 0x52,
    0x08, 0x4a, 0x08, 0x52, 0x08, 0x4a, 0x08, 0x4a, 0x08, 0x4a, 0x08, 0x52,
    0x08, 0x4a, 0x08, 0x52, 0x08, 0x4a, 0x08, 0x52, 0x08, 0x4a, 0x08, 0x4a,
    0x08, 0x4a, 0x08, 0x52, 0x08, 0x4a, 0x08, 0x52, 0x08, 0x4a, 0x08, 0x52,
    0x08, 0x4a, 0x08, 0x4a, 0x08, 0x4a, 0x08, 0x52, 0x08, 0x4a, 0x08, 0x52,
    0x08, 0x4a, 0x08, 0x52, 0x08, 0x4a, 0x08, 0x4a, 0x08, 0x4a, 0x08, 0x52,
    0x08, 0x4a, 0x08, 0x52, 0x08, 0x4a, 0x08, 0x52, 0x08, 0x4a, 0x08, 0x4a,
    0x08, 0x4a, 0x08, 0x52, 0x08, 0x4a, 0x08, 0x52, 0x08, 0x4a, 0x08, 0x52,
    0x08, 0x4a, 0x08, 0x4a, 0x08, 0x4a, 0x08, 0x52, 0x08, 0x4a, 0x08, 0x52,
    0xb7, 0xb5, 0xb7, 0xb5, 0xb7, 0xb5, 0xb7, 0xb5, 0xb7, 0xb5, 0xb7, 0xb5,
    0x97, 0xb5, 0x97, 0xb5, 0x97, 0xad, 0x97, 0xad, 0x97, 0xad, 0x96, 0xad,
    0x96, 0xad, 0x76, 0xad, 0x76, 0xad, 0x76, 0xad, 0x76, 0xad, 0x76, 0xad,
    0x76, 0xad, 0x76, 0xad, 0x56, 0xa5, 0x56, 0xa5, 0x56, 0xa5, 0x56, 0xa5,
    0x56, 0xa5, 0x56, 0xa5, 0x35, 0xa5, 0x35, 0xa5, 0x35, 0xa5, 0x35, 0xa5,
    0x35, 0xa5, 0x35, 0xa5, 0x35, 0xa5, 0x15, 0xa5, 0x15, 0x9d, 0x15, 0x9d,
    0x15, 0x9d, 0x15, 0x9d, 0x15, 0x9d, 0x15, 0x9d, 0x59, 0xce, 0x59, 0xce,
    0xf4, 0x9c, 0xf4, 0x9c, 0xf4, 0x9c, 0xf4, 0x9c, 0xd4, 0x94, 0x39, 0xc6,
    0xbe, 0xf7, 0x39, 0xc6, 0xd4, 0x94, 0xd4, 0x94, 0x6e, 0x73, 0x08, 0x52,
    0x08, 0x52, 0x08, 0x52, 0x08, 0x52, 0x08, 0x52, 0x08, 0x52, 0x08, 0x52,
    0x08, 0x52, 0x08, 0x52, 0x08, 0x52, 0x08, 0x52, 0x08, 0x52, 0x08, 0x52,
    0x08, 0x52, 0x08, 0x52, 0x08, 0x52, 0x08, 0x52, 0x6a, 0x92, 0xec, 0xda,
    0xec, 0xda, 0x0c, 0xdb, 0x0d, 0xdb, 0x2d, 0xe3, 0x4d, 0xe3, 0xab, 0x9a,
    0x08, 0x52, 0x08, 0x52, 0x08, 0x52, 0x08, 0x52, 0x08, 0x52, 0x08, 0x52,
    0x08, 0x52, 0x08, 0x52, 0x08, 0x52, 0x08, 0x52, 0x08, 0x52, 0x08, 0x52,
    0x08, 0x52, 0x08, 0x52, 0x08, 0x52, 0x08, 0x52, 0x08, 0x52, 0x08, 0x52,
    0x08, 0x52, 0x08, 0x52, 0x08, 0x52, 0x08, 0x52, 0x08, 0x52, 0x08, 0x52,
    0x08, 0x52, 0x08, 0x52, 0x08, 0x52, 0x08, 0x52, 0x08, 0x52, 0x08, 0x52,
    0x08, 0x52, 0x08, 0x52, 0x08, 0x52, 0x08, 0x52, 0x08, 0x52, 0x08, 0x52,
    0x08, 0x52, 0x08, 0x52, 0x08, 0x52, 0x08, 0x52, 0x08, 0x52, 0x08, 0x52,
    0x08, 0x52, 0x08, 0x52, 0x08, 0x52, 0x08, 0x52, 0x08, 0x52, 0x08, 0x52,
    0x08, 0x52, 0x08, 0x52, 0x08, 0x52, 0x08, 0x52, 0x08, 0x52, 0x08, 0x52,
    0x08, 0x52, 0x08, 0x52, 0x08, 0x52, 0x08, 0x52, 0x08, 0x52, 0x08, 0x52,
    0x08, 0x52, 0x08, 0x52, 0x08, 0x52, 0x08, 0x52, 0x08, 0x52, 0x08, 0x52,
    0x08, 0x52, 0x08, 0x52, 0x08, 0x52, 0x08, 0x52, 0x08, 0x52, 0x08, 0x52,
    0xb7, 0xb5, 0xb7, 0xb5, 0xb7, 0xb5, 0xb7, 0xb5, 0x97, 0xb5, 0x97, 0xb5,
    0x97, 0xad, 0x97, 0xad, 0x96, 0xad, 0x96, 0xad, 0x96, 0xad, 0x76, 0xad,
    0x76, 0xad, 0x76, 0xad, 0x76, 0xad, 0x76, 0xad, 0x76, 0xad, 0x76, 0xad,
    0x56, 0xa5, 0x56, 0xa5, 0x56, 0xa5, 0x56, 0xa5, 0x56, 0xa5, 0x55, 0xa5,
    0x35, 0xa5, 0x35, 0xa5, 0x35, 0xa5, 0x35, 0xa5, 0x35, 0xa5, 0x35, 0xa5,
    0x35, 0xa5, 0x15, 0xa5, 0x15, 0x9d, 0x15, 0x9d, 0x15, 0x9d, 0x15, 0x9d,
    0x15, 0x9d, 0x15, 0x9d, 0xf4, 0x9c, 0xf4, 0x9c, 0xb7, 0xb5, 0xf4, 0x9c,
    0xf4, 0x9c, 0xf4, 0x9c, 0xd4, 0x94, 0xd4, 0x94, 0x39, 0xc6, 0xbe, 0xf7,
    0x39, 0xc6, 0xd4, 0x94, 0xd4, 0x94, 0xb4, 0x94, 0x6e, 0x73, 0x08, 0x4a,
    0x08, 0x4a, 0x08, 0x4a, 0x08, 0x4a, 0x08, 0x4a, 0x08, 0x4a, 0x08, 0x4a,
    0x08, 0x4a, 0x08, 0x4a, 0x08, 0x4a, 0x08, 0x4a, 0x08, 0x4a, 0x08, 0x4a,
    0x08, 0x4a, 0x08, 0x4a, 0x08, 0x4a, 0x08, 0x4a, 0x08, 0x4a, 0x08, 0x4a,
    0x6a, 0x92, 0x0c, 0xdb, 0x0d, 0xdb, 0x2d, 0xdb, 0x4d, 0xe3, 0xab, 0x9a,
    0x08, 0x4a, 0x08, 0x4a, 0x08, 0x4a, 0x08, 0x4a, 0x08, 0x4a, 0x08, 0x4a,
    0x08, 0x4a, 0x08, 0x4a, 0x08, 0x4a, 0x08, 0x4a, 0x08, 0x4a, 0x08, 0x4a,
    0x08, 0x4a, 0x08, 0x4a, 0x08, 0x4a, 0x08, 0x4a, 0x08, 0x4a, 0x08, 0x4a,
    0x08, 0x4a, 0x08, 0x4a, 0x08, 0x4a, 0x08, 0x4a, 0x08, 0x4a, 0x08, 0x4a,
    0x08, 0x4a, 0x08, 0x4a, 0x08, 0x4a, 0x08, 0x4a, 0x08, 0x4a, 0x08, 0x4a,
    0x08, 0x4a, 0x08, 0x4a, 0x08, 0x4a, 0x08, 0x4a, 0x08, 0x4a, 0x08, 0x4a,
    0x08, 0x4a, 0x08, 0x4a, 0x08, 0x4a, 0x08, 0x4a, 0x08, 0x4a, 0x08, 0x4a,
    0x08, 0x4a, 0x08, 0x4a, 0x08, 0x4a, 0x08, 0x4a, 0x08, 0x4a, 0x08, 0x4a,
    0x08, 0x4a, 0x08, 0x4a, 0x08, 0x4a, 0x08, 0x4a, 0x08, 0x4a, 0x08, 0x4a,
    0x08, 0x4a, 0x08, 0x4a, 0x08, 0x4a, 0x08, 0x4a, 0x08, 0x4a, 0x08, 0x4a,
    0x08, 0x4a, 0x08, 0x4a, 0x08, 0x4a, 0x08, 0x4a, 0x08, 0x4a, 0x08, 0x4a,
    0x08, 0x4a, 0x08, 0x4a, 0x08, 0x4a, 0x08, 0x4a, 0x08, 0x4a, 0x08, 0x4a,
    0xb7, 0xb5, 0xb7, 0xb5, 0xb7, 0xb5, 0xb7, 0xb5, 0x97, 0xb5, 0x97, 0xb5,
    0x97, 0xad, 0x97, 0xad, 0x96, 0xad, 0x96, 0xad, 0x96, 0xad, 0x76, 0xad,
    0x76, 0xad, 0x76, 0xad, 0x76, 0xad, 0x76, 0xad, 0x76, 0xad, 0x76, 0xad,
    0x56, 0xa5, 0x56, 0xa5, 0x56, 0xa5, 0x56, 0xa5, 0x56, 0xa5, 0x55, 0xa5,
    0x35, 0xa5, 0x35, 0xa5, 0x35, 0xa5, 0x35, 0xa5, 0x35, 0xa5, 0x35, 0xa5,
    0x35, 0xa5, 0x15, 0x9d, 0x15, 0x9d, 0x15, 0x9d, 0x15, 0x9d, 0x15, 0x9d,
    0x15, 0x9d, 0x15, 0x9d, 0xf4, 0x9c, 0xf4, 0x9c, 0xf4, 0x9c, 0xf4, 0x9c,
    0xf4, 0x9c, 0xf4, 0x9c, 0xd4, 0x94, 0x39, 0xc6, 0xbe, 0xf7, 0x39, 0xc6,
    0xd4, 0x94, 0xd4, 0x94, 0xd4, 0x94, 0xb4, 0x94, 0x6e, 0x73, 0x08, 0x4a,
    0x08, 0x4a, 0x08, 0x4a, 0x08, 0x4a, 0x08, 0x4a, 0x08, 0x4a, 0x08, 0x4a,
    0x08, 0x4a, 0x08, 0x4a, 0x08, 0x4a, 0x08, 0x4a, 0x08, 0x4a, 0x08, 0x4a,
    0x08, 0x4a, 0x08, 0x4a, 0x08, 0x4a, 0x08, 0x4a, 0x08, 0x4a, 0x08, 0x4a,
    0x08, 0x4a, 0x08, 0x4a, 0x8a, 0x92, 0x2d, 0xdb, 0x4d, 0xe3, 0xab, 0x9a,
    0x08, 0x4a, 0x08, 0x4a, 0x08, 0x4a, 0x08, 0x4a, 0x08, 0x4a, 0x08, 0x4a,
    0x08, 0x4a, 0x08, 0x4a, 0x08, 0x4a, 0x08, 0x4a, 0x08, 0x4a, 0x08, 0x4a,
    0x08, 0x4a, 0x08, 0x4a, 0x08, 0x4a, 0x08, 0x4a, 0x08, 0x4a, 0x08, 0x4a,
    0x08, 0x4a, 0x08, 0x4a, 0x08, 0x4a, 0x08, 0x4a, 0x08, 0x4a, 0x08, 0x4a,
    0x08, 0x4a, 0x08, 0x4a, 0x08, 0x4a, 0x08, 0x4a, 0x08, 0x4a, 0x08, 0x4a,
    0x08, 0x4a, 0x08, 0x4a, 0x08, 0x4a, 0x08, 0x4a, 0x08, 0x4a, 0x08, 0x4a,
    0x08, 0x4a, 0x08, 0x4a, 0x08, 0x4a, 0x08, 0x4a, 0x08, 0x4a, 0x08, 0x4a,
    0x08, 0x4a, 0x08, 0x4a, 0x08, 0x4a, 0x08, 0x4a, 0x08, 0x4a, 0x08, 0x4a,
    0x08, 0x4a, 0x08, 0x4a, 0x08, 0x4a, 0x08, 0x4a, 0x08, 0x4a, 0x08, 0x4a,
    0x08, 0x4a, 0x08, 0x4a, 0x08, 0x4a, 0x08, 0x4a, 0x08, 0x4a, 0x08, 0x4a,
    0x08, 0x4a, 0x08, 0x4a, 0x08, 0x4a, 0x08, 0x4a, 0x08, 0x4a, 0x08, 0x4a,
    0x08, 0x4a, 0x08, 0x4a, 0x08, 0x4a, 0x08, 0x4a, 0x08, 0x4a, 0x08, 0x4a,
    0xb7, 0xb5, 0xb7, 0xb5, 0x97, 0xb5, 0x97, 0xb5, 0x97, 0xad, 0x97, 0xad,
    0x97, 0xad, 0x96, 0xad, 0x96, 0xad, 0x76, 0xad, 0x76, 0xad, 0x76, 0xad,
    0x76, 0xad, 0x76, 0xad, 0x76, 0xad, 0x76, 0xad, 0x56, 0xad, 0x56, 0xa5,
    0x56, 0xa5, 0x56, 0xa5, 0x56, 0xa5, 0x56, 0xa5, 0x55, 0xa5, 0x35, 0xa5,
    0x35, 0xa5, 0x35, 0xa5, 0x35, 0xa5, 0x35, 0xa5, 0x35, 0xa5, 0x15, 0xa5,
    0x15, 0x9d, 0x15, 0x9d, 0x15, 0x9d, 0x15, 0x9d, 0x15, 0x9d, 0x15, 0x9d,
    0xf4, 0x9c, 0xf4, 0x9c, 0xf4, 0x9c, 0xf4, 0x9c, 0xf4, 0x9c, 0xf4, 0x9c,
    0xd4, 0x94, 0xd4, 0x94, 0x39, 0xc6, 0xbe, 0xf7, 0x39, 0xc6, 0xd4, 0x94,
    0xd4, 0x94, 0xb4, 0x94, 0xb3, 0x94, 0xb3, 0x94, 0x10, 0x8c, 0x08, 0x4a,
    0x08, 0x4a, 0x08, 0x4a, 0x08, 0x4a, 0x08, 0x4a, 0x08, 0x4a, 0x08, 0x4a,
    0x08, 0x4a, 0x08, 0x4a, 0x08, 0x4a, 0x08, 0x4a, 0x08, 0x4a, 0x08, 0x4a,
    0x08, 0x4a, 0x08, 0x4a, 0x08, 0x4a, 0x08, 0x4a, 0x08, 0x4a, 0x08, 0x4a,
    0x08, 0x4a, 0x08, 0x4a, 0x08, 0x4a, 0x08, 0x4a, 0xaa, 0x9a, 0xab, 0x9a,
    0x08, 0x4a, 0x08, 0x4a, 0x08, 0x4a, 0x08, 0x4a, 0x08, 0x4a, 0x08, 0x4a,
    0x08, 0x4a, 0x08, 0x4a, 0x08, 0x4a, 0x08, 0x4a, 0x08, 0x4a, 0x08, 0x4a,
    0x08, 0x4a, 0x08, 0x4a, 0x08, 0x4a, 0x08, 0x4a, 0x08, 0x4a, 0x08, 0x4a,
    0x08, 0x4a, 0x08, 0x4a, 0x08, 0x4a, 0x08, 0x4a, 0x08, 0x4a, 0x08, 0x4a,
    0x08, 0x4a, 0x08, 0x4a, 0x08, 0x4a, 0x08, 0x4a, 0x08, 0x4a, 0x08, 0x4a,
    0x08, 0x4a, 0x08, 0x4a, 0x08, 0x4a, 0x08, 0x4a, 0x08, 0x4a, 0x08, 0x4a,
    0x08, 0x4a, 0x08, 0x4a, 0x08, 0x4a, 0x08, 0x4a, 0x08, 0x4a, 0x08, 0x4a,
    0x08, 0x4a, 0x08, 0x4a, 0x08, 0x4a, 0x08, 0x4a, 0x08, 0x4a, 0x08, 0x4a,
    0x08, 0x4a, 0x08, 0x4a, 0x08, 0x4a, 0x08, 0x4a, 0x08, 0x4a, 0x08, 0x4a,
    0x08, 0x4a, 0x08, 0x4a, 0x08, 0x4a, 0x08, 0x4a, 0x08, 0x4a, 0x08, 0x4a,
    0x08, 0x4a, 0x08, 0x4a, 0x08, 0x4a, 0x08, 0x4a, 0x08, 0x4a, 0x08, 0x4a,
    0x08, 0x4a, 0x08, 0x4a, 0x08, 0x4a, 0x08, 0x4a, 0x08, 0x4a, 0x08, 0x4a,
    0xb7, 0xb5, 0xb7, 0xb5, 0x97, 0xb5, 0x97, 0xb5, 0x97, 0xad, 0x97, 0xad,
    0x97, 0xad, 0x96, 0xad, 0x96, 0xad, 0x76, 0xad, 0x76, 0xad, 0x76, 0xad,
    0x76, 0xad, 0x76, 0xad, 0x76, 0xad, 0x76, 0xad, 0x56, 0xa5, 0x56, 0xa5,
    0x56, 0xa5, 0x56, 0xa5, 0x56, 0xa5, 0x56, 0xa5, 0x35, 0xa5, 0x35, 0xa5,
    0x35, 0xa5, 0x35, 0xa5, 0x35, 0xa5, 0x35, 0xa5, 0x35, 0xa5, 0x15, 0xa5,
    0x15, 0x9d, 0x15, 0x9d, 0x15, 0x9d, 0x15, 0x9d, 0x15, 0x9d, 0x15, 0x9d,
    0xf4, 0x9c, 0xf4, 0x9c, 0xf4, 0x9c, 0xf4, 0x9c, 0xf4, 0x9c, 0xf4, 0x9c,
    0xd4, 0x94, 0x39, 0xc6, 0xbe, 0xf7, 0x39, 0xc6, 0xd4, 0x94, 0xd4, 0x94,
    0xd4, 0x94, 0xb4, 0x94, 0xb3, 0x94, 0x39, 0xc6, 0xd3, 0xa4, 0x08, 0x4a,
    0x08, 0x4a, 0x08, 0x4a, 0x08, 0x4a, 0x08, 0x4a, 0x08, 0x4a, 0x08, 0x4a,
    0x08, 0x4a, 0x08, 0x4a, 0x08, 0x4a, 0x08, 0x4a, 0x08, 0x4a, 0x08, 0x4a,
    0x08, 0x4a, 0x08, 0x4a, 0x08, 0x4a, 0x08, 0x4a, 0x08, 0x4a, 0x08, 0x4a,
    0x08, 0x4a, 0x08, 0x4a, 0x08, 0x4a, 0x08, 0x4a, 0x08, 0x4a, 0x08, 0x4a,
    0x08, 0x4a, 0x08, 0x4a, 0x08, 0x4a, 0x08, 0x4a, 0x08, 0x4a, 0x08, 0x4a,
    0x08, 0x4a, 0x08, 0x4a, 0x08, 0x4a, 0x08, 0x4a, 0x08, 0x4a, 0x08, 0x4a,
    0x08, 0x4a, 0x08, 0x4a, 0x08, 0x4a, 0x08, 0x4a, 0x08, 0x4a, 0x08, 0x4a,
    0x08, 0x4a, 0x08, 0x4a, 0x08, 0x4a, 0x08, 0x4a, 0x08, 0x4a, 0x08, 0x4a,
    0x08, 0x4a, 0x08, 0x4a, 0x08, 0x4a, 0x08, 0x4a, 0x08, 0x4a, 0x08, 0x4a,
    0x08, 0x4a, 0x08, 0x4a, 0x08, 0x4a, 0x08, 0x4a, 0x08, 0x4a, 0x08, 0x4a,
    0x08, 0x4a, 0x08, 0x4a, 0x08, 0x4a, 0x08, 0x4a, 0x08, 0x4a, 0x08, 0x4a,
    0x08, 0x4a, 0x08, 0x4a, 0x08, 0x4a, 0x08, 0x4a, 0x08, 0x4a, 0x08, 0x4a,
    0x08, 0x4a, 0x08, 0x4a, 0x08, 0x4a, 0x08, 0x4a, 0x08, 0x4a, 0x08, 0x4a,
    0x08, 0x4a, 0x08, 0x4a, 0x08, 0x4a, 0x08, 0x4a, 0x08, 0x4a, 0x08, 0x4a,
    0x08, 0x4a, 0x08, 0x4a, 0x08, 0x4a, 0x08, 0x4a, 0x08, 0x4a, 0x08, 0x4a,
    0x08, 0x4a, 0x08, 0x4a, 0x08, 0x4a, 0x08, 0x4a, 0x08, 0x4a, 0x08, 0x4a,
    0x97, 0xb5, 0x97, 0xb5, 0x97, 0xad, 0x97, 0xad, 0x96, 0xad, 0x96, 0xad,
    0x96, 0xad, 0x76, 0xad, 0x76, 0xad, 0x76, 0xad, 0x76, 0xad, 0x76, 0xad,
    0x76, 0xad, 0x76, 0xad, 0x56, 0xad, 0x56, 0xa5, 0x56, 0xa5, 0x56, 0xa5,
    0x56, 0xa5, 0x56, 0xa5, 0x35, 0xa5, 0x35, 0xa5, 0x35, 0xa5, 0x35, 0xa5,
    0x35, 0xa5, 0x35, 0xa5, 0x35, 0xa5, 0x15, 0xa5, 0x15, 0x9d, 0x15, 0x9d,
    0x15, 0x9d, 0x15, 0x9d, 0x15, 0x9d, 0x15, 0x9d, 0xf4, 0x9c, 0xf4, 0x9c,
    0xf4, 0x9c, 0xf4, 0x9c, 0xf4, 0x9c, 0xf4, 0x9c, 0xd4, 0x94, 0xd4, 0x94,
    0x39, 0xc6, 0xbe, 0xf7, 0x39, 0xc6, 0xd4, 0x94, 0xd4, 0x94, 0xb4, 0x94,
    0xb3, 0x94, 0xb3, 0x94, 0x39, 0xc6, 0xbe, 0xf7, 0x10, 0x8c, 0x08, 0x4a,
    0x08, 0x4a, 0x08, 0x4a, 0x08, 0x4a, 0x08, 0x4a, 0x08, 0x4a, 0x08, 0x4a,
    0x08, 0x4a, 0x08, 0x4a, 0x08, 0x4a, 0x08, 0x4a, 0x08, 0x4a, 0x08, 0x4a,
    0x08, 0x4a, 0x08, 0x4a, 0x08, 0x4a, 0x08, 0x4a, 0x08, 0x4a, 0x08, 0x4a,
    0x08, 0x4a, 0x08, 0x4a, 0x08, 0x4a, 0x08, 0x4a, 0x08, 0x4a, 0x08, 0x4a,
    0x08, 0x4a, 0x08, 0x4a, 0x08, 0x4a, 0x08, 0x4a, 0x08, 0x4a, 0x08, 0x4a,
    0x08, 0x4a, 0x08, 0x4a, 0x08, 0x4a, 0x08, 0x4a, 0x08, 0x4a, 0x08, 0x4a,
    0x08, 0x4a, 0x08, 0x4a, 0x08, 0x4a, 0x08, 0x4a, 0x08, 0x4a, 0x08, 0x4a,
    0x08, 0x4a, 0x08, 0x4a, 0x08, 0x4a, 0x08, 0x4a, 0x08, 0x4a, 0x08, 0x4a,
    0x08, 0x4a, 0x08, 0x4a, 0x08, 0x4a, 0x08, 0x4a, 0x08, 0x4a, 0x08, 0x4a,
    0x08, 0x4a, 0x08, 0x4a, 0x08, 0x4a, 0x08, 0x4a, 0x08, 0x4a, 0x08, 0x4a,
    0x08, 0x4a, 0x08, 0x4a, 0x08, 0x4a, 0x08, 0x4a, 0x08, 0x4a, 0x08, 0x4a,
    0x08, 0x4a, 0x08, 0x4a, 0x08, 0x4a, 0x08, 0x4a, 0x08, 0x4a, 0x08, 0x4a,
    0x08, 0x4a, 0x08, 0x4a, 0x08, 0x4a, 0x08, 0x4a, 0x08, 0x4a, 0x08, 0x4a,
    0x08, 0x4a, 0x08, 0x4a, 0x08, 0x4a, 0x08, 0x4a, 0x08, 0x4a, 0x08, 0x4a,
    0x08, 0x4a, 0x08, 0x4a, 0x08, 0x4a, 0x08, 0x4a, 0x08, 0x4a, 0x08, 0x4a,
    0x08, 0x4a, 0x08, 0x4a, 0x08, 0x4a, 0x08, 0x4a, 0x08, 0x4a, 0x08, 0x4a,
    0x97, 0xb5, 0x97, 0xb5, 0x97, 0xad, 0x97, 0xad, 0x96, 0xad, 0x96, 0xad,
    0x96, 0xad, 0x76, 0xad, 0x76, 0xad, 0x76, 0xad, 0x76, 0xad, 0x76, 0xad,
    0x76, 0xad, 0x76, 0xad, 0x56, 0xa5, 0x56, 0xa5, 0x56, 0xa5, 0x56, 0xa5,
    0x56, 0xa5, 0x55, 0xa5, 0x35, 0xa5, 0x35, 0xa5, 0x35, 0xa5, 0x35, 0xa5,
    0x35, 0xa5, 0x35, 0xa5, 0x35, 0xa5, 0x15, 0x9d, 0x15, 0x9d, 0x15, 0x9d,
    0x15, 0x9d, 0x15, 0x9d, 0x15, 0x9d, 0x15, 0x9d, 0xf4, 0x9c, 0xf4, 0x9c,
    0xf4, 0x9c, 0xf4, 0x9c, 0xf4, 0x9c, 0xf4, 0x9c, 0xd4, 0x94, 0x39, 0xc6,
    0xbe, 0xf7, 0x39, 0xc6, 0xd4, 0x94, 0xd4, 0x94, 0xd4, 0x94, 0xb4, 0x94,
    0xb3, 0x94, 0x39, 0xc6, 0xbe, 0xf7, 0x39, 0xc6, 0x4d, 0x6b, 0x08, 0x4a,
    0x08, 0x4a, 0x08, 0x4a, 0x08, 0x4a, 0x08, 0x4a, 0x08, 0x4a, 0x08, 0x4a,
    0x08, 0x4a, 0x08, 0x4a, 0x08, 0x4a, 0x08, 0x4a, 0x08, 0x4a, 0x08, 0x4a,
    0x08, 0x4a, 0x08, 0x4a, 0x08, 0x4a, 0x08, 0x4a, 0x08, 0x4a, 0x08, 0x4a,
    0x08, 0x4a, 0x08, 0x4a, 0x08, 0x4a, 0x08, 0x4a, 0x08, 0x4a, 0x08, 0x4a,
    0x08, 0x4a, 0x08, 0x4a, 0x08, 0x4a, 0x08, 0x4a, 0x08, 0x4a, 0x08, 0x4a,
    0x08, 0x4a, 0x08, 0x4a, 0x08, 0x4a, 0x08, 0x4a, 0x08, 0x4a, 0x08, 0x4a,
    0x08, 0x4a, 0x08, 0x4a, 0x08, 0x4a, 0x08, 0x4a, 0x08, 0x4a, 0x08, 0x4a,
    0x08, 0x4a, 0x08, 0x4a, 0x08, 0x4a, 0x08, 0x4a, 0x08, 0x4a, 0x08, 0x4a,
    0x08, 0x4a, 0x08, 0x4a, 0x08, 0x4a, 0x08, 0x4a, 0x08, 0x4a, 0x08, 0x4a,
    0x08, 0x4a, 0x08, 0x4a, 0x08, 0x4a, 0x08, 0x4a, 0x08, 0x4a, 0x08, 0x4a,
    0x08, 0x4a, 0x08, 0x4a, 0x08, 0x4a, 0x08, 0x4a, 0x08, 0x4a, 0x08, 0x4a,
    0x08, 0x4a, 0x08, 0x4a, 0x08, 0x4a, 0x08, 0x4a, 0x08, 0x4a, 0x08, 0x4a,
    0x08, 0x4a, 0x08, 0x4a, 0x08, 0x4a, 0x08, 0x4a, 0x08, 0x4a, 0x08, 0x4a,
    0x08, 0x4a, 0x08, 0x4a, 0x08, 0x4a, 0x08, 0x4a, 0x08, 0x4a, 0x08, 0x4a,
    0x08, 0x4a, 0x08, 0x4a, 0x08, 0x4a, 0x08, 0x4a, 0x08, 0x4a, 0x08, 0x4a,
    0x08, 0x4a, 0x08, 0x4a, 0x08, 0x4a, 0x08, 0x4a, 0x08, 0x4a, 0x08, 0x4a,
    0x97, 0xad, 0x97, 0xad, 0x97, 0xad, 0x96, 0xad, 0x96, 0xad, 0x96, 0xad,
    0x76, 0xad, 0x76, 0xad, 0x76, 0xad, 0x76, 0xad, 0x76, 0xad, 0x76, 0xad,
    0x56, 0xad, 0x56, 0xa5, 0x56, 0xa5, 0x56, 0xa5, 0x56, 0xa5, 0x56, 0xa5,
    0x55, 0xa5, 0x35, 0xa5, 0x35, 0xa5, 0x35, 0xa5, 0x35, 0xa5, 0x35, 0xa5,
    0x35, 0xa5, 0x35, 0xa5, 0x15, 0x9d, 0x15, 0x9d, 0x15, 0x9d, 0x15, 0x9d,
    0x15, 0x9d, 0x15, 0x9d, 0xf4, 0x9c, 0xf4, 0x9c, 0xf4, 0x9c, 0xf4, 0x9c,
    0xf4, 0x9c, 0xf4, 0x9c, 0xf4, 0x94, 0xd4, 0x94, 0x96, 0xad, 0xbe, 0xf7,
    0x39, 0xc6, 0xd4, 0x94, 0xd4, 0x94, 0xd4, 0x94, 0xb4, 0x94, 0xb3, 0x94,
    0x39, 0xc6, 0xbe, 0xf7, 0x39, 0xc6, 0xb3, 0x8c, 0x4d, 0x6b, 0x08, 0x4a,
    0xe7, 0x49, 0x08, 0x4a, 0xe7, 0x49, 0x08, 0x4a, 0xe7, 0x49, 0x08, 0x4a,
    0xe7, 0x49, 0x08, 0x4a, 0xe7, 0x49, 0x08, 0x4a, 0xe7, 0x49, 0x08, 0x4a,
    0xe7, 0x49, 0x08, 0x4a, 0xe7, 0x49, 0x08, 0x4a, 0xe7, 0x49, 0x08, 0x4a,
    0xe7, 0x49, 0x08, 0x4a, 0xe7, 0x49, 0x08, 0x4a, 0xe7, 0x49, 0x08, 0x4a,
    0xe7, 0x49, 0x08, 0x4a, 0xe7, 0x49, 0x08, 0x4a, 0xe7, 0x49, 0x08, 0x4a,
    0xe7, 0x49, 0x08, 0x4a, 0xe7, 0x49, 0x08, 0x4a, 0xe7, 0x49, 0x08, 0x4a,
    0xe7, 0x49, 0x08, 0x4a, 0xe7, 0x49, 0x08, 0x4a, 0xe7, 0x49, 0x08, 0x4a,
    0xe7, 0x49, 0x08, 0x4a, 0xe7, 0x49, 0x08, 0x4a, 0xe7, 0x49, 0x08, 0x4a,
    0xe7, 0x49, 0x08, 0x4a, 0xe7, 0x49, 0x08, 0x4a, 0xe7, 0x49, 0x08, 0x4a,
    0xe7, 0x49, 0x08, 0x4a, 0xe7, 0x49, 0x08, 0x4a, 0xe7, 0x49, 0x08, 0x4a,
    0xe7, 0x49, 0x08, 0x4a, 0xe7, 0x49, 0x08, 0x4a, 0xe7, 0x49, 0x08, 0x4a,
    0xe7, 0x49, 0x08, 0x4a, 0xe7, 0x49, 0x08, 0x4a, 0xe7, 0x49, 0x08, 0x4a,
    0xe7, 0x49, 0x08, 0x4a, 0xe7, 0x49, 0x08, 0x4a, 0xe7, 0x49, 0x08, 0x4a,
    0xe7, 0x49, 0x08, 0x4a, 0xe7, 0x49, 0x08, 0x4a, 0xe7, 0x49, 0x08, 0x4a,
    0xe7, 0x49, 0x08, 0x4a, 0xe7, 0x49, 0x08, 0x4a, 0xe7, 0x49, 0x08, 0x4a,
    0xe7, 0x49, 0x08, 0x4a, 0xe7, 0x49, 0x08, 0x4a, 0xe7, 0x49, 0x08, 0x4a,
    0x97, 0xad, 0x97, 0xad, 0x97, 0xad, 0x96, 0xad, 0x96, 0xad, 0x76, 0xad,
    0x76, 0xad, 0x76, 0xad, 0x76, 0xad, 0x76, 0xad, 0x76, 0xad, 0x76, 0xad,
    0x56, 0xa5, 0x56, 0xa5, 0x56, 0xa5, 0x56, 0xa5, 0x56, 0xa5, 0x56, 0xa5,
    0x35, 0xa5, 0x35, 0xa5, 0x35, 0xa5, 0x35, 0xa5, 0x35, 0xa5, 0x35, 0xa5,
    0x35, 0xa5, 0x15, 0xa5, 0x15, 0x9d, 0x15, 0x9d, 0x15, 0x9d, 0x15, 0x9d,
    0x15, 0x9d, 0x15, 0x9d, 0xf4, 0x9c, 0xf4, 0x9c, 0xf4, 0x9c, 0xf4, 0x9c,
    0xf4, 0x9c, 0xf4, 0x9c, 0xd4, 0x94, 0xd4, 0x94, 0x39, 0xc6, 0x39, 0xc6,
    0xd4, 0x94, 0xd4, 0x94, 0xd4, 0x94, 0xb4, 0x94, 0xb3, 0x94, 0x39, 0xc6,
    0xbe, 0xf7, 0x39, 0xc6, 0xb3, 0x94, 0xb3, 0x8c, 0x4d, 0x6b, 0x08, 0x4a,
    0x08, 0x4a, 0x08, 0x4a, 0xe7, 0x49, 0x08, 0x4a, 0x08, 0x4a, 0x08, 0x4a,
    0x08, 0x4a, 0x08, 0x4a, 0x08, 0x4a, 0x08, 0x4a, 0xe7, 0x49, 0x08, 0x4a,
    0x08, 0x4a, 0x08, 0x4a, 0x08, 0x4a, 0x08, 0x4a, 0x08, 0x4a, 0x08, 0x4a,
    0xe7, 0x49, 0x08, 0x4a, 0x08, 0x4a, 0x08, 0x4a, 0x08, 0x4a, 0x08, 0x4a,
    0x08, 0x4a, 0x08, 0x4a, 0xe7, 0x49, 0x08, 0x4a, 0x08, 0x4a, 0x08, 0x4a,
    0x08, 0x4a, 0x08, 0x4a, 0x08, 0x4a, 0x08, 0x4a, 0xe7, 0x49, 0x08, 0x4a,
    0x08, 0x4a, 0x08, 0x4a, 0x08, 0x4a, 0x08, 0x4a, 0x08, 0x4a, 0x08, 0x4a,
    0xe7, 0x49, 0x08, 0x4a, 0x08, 0x4a, 0x08, 0x4a, 0x08, 0x4a, 0x08, 0x4a,
    0x08, 0x4a, 0x08, 0x4a, 0xe7, 0x49, 0x08, 0x4a, 0x08, 0x4a, 0x08, 0x4a,
    0x08, 0x4a, 0x08, 0x4a, 0x08, 0x4a, 0x08, 0x4a, 0xe7, 0x49, 0x08, 0x4a,
    0x08, 0x4a, 0x08, 0x4a, 0x08, 0x4a, 0x08, 0x4a, 0x08, 0x4a, 0x08, 0x4a,
    0xe7, 0x49, 0x08, 0x4a, 0x08, 0x4a, 0x08, 0x4a, 0x08, 0x4a, 0x08, 0x4a,
    0x08, 0x4a, 0x08, 0x4a, 0xe7, 0x49, 0x08, 0x4a, 0x08, 0x4a, 0x08, 0x4a,
    0x08, 0x4a, 0x08, 0x4a, 0x08, 0x4a, 0x08, 0x4a, 0xe7, 0x49, 0x08, 0x4a,
    0x08, 0x4a, 0x08, 0x4a, 0x08, 0x4a, 0x08, 0x4a, 0x08, 0x4a, 0x08, 0x4a,
    0xe7, 0x49, 0x08, 0x4a, 0x08, 0x4a, 0x08, 0x4a, 0x08, 0x4a, 0x08, 0x4a,
    0x96, 0xad, 0x96, 0xad, 0x96, 0xad, 0x76, 0xad, 0x76, 0xad, 0x76, 0xad,
    0x76, 0xad, 0x76, 0xad, 0x76, 0xad, 0x76, 0xad, 0x56, 0xa5, 0x56, 0xa5,
    0x56, 0xa5, 0x56, 0xa5, 0x56, 0xa5, 0x55, 0xa5, 0x35, 0xa5, 0x35, 0xa5,
    0x35, 0xa5, 0x35, 0xa5, 0x35, 0xa5, 0x35, 0xa5, 0x35, 0xa5, 0x15, 0xa5,
    0x15, 0x9d, 0x15, 0x9d, 0x15, 0x9d, 0x15, 0x9d, 0x15, 0x9d, 0x15, 0x9d,
    0xf4, 0x9c, 0xf4, 0x9c, 0xf4, 0x9c, 0xf4, 0x9c, 0xf4, 0x9c, 0xf4, 0x9c,
    0xd4, 0x94, 0xd4, 0x94, 0xd4, 0x94, 0xd4, 0x94, 0x96, 0xad, 0xd4, 0x94,
    0xd4, 0x94, 0xb4, 0x94, 0xb3, 0x94, 0xb3, 0x94, 0x39, 0xc6, 0xbe, 0xf7,
    0x39, 0xc6, 0xb3, 0x8c, 0x93, 0x8c, 0x93, 0x8c, 0x4d, 0x6b, 0xe7, 0x49,
    0xe7, 0x49, 0xe7, 0x49, 0xe7, 0x49, 0xe7, 0x49, 0xe7, 0x49, 0xe7, 0x49,
    0xe7, 0x49, 0xe7, 0x49, 0xe7, 0x49, 0xe7, 0x49, 0xe7, 0x49, 0xe7, 0x49,
    0xe7, 0x49, 0xe7, 0x49, 0xe7, 0x49, 0xe7, 0x49, 0xe7, 0x49, 0xe7, 0x49,
    0xe7, 0x49, 0xe7, 0x49, 0xe7, 0x49, 0xe7, 0x49, 0xe7, 0x49, 0xe7, 0x49,
    0xe7, 0x49, 0xe7, 0x49, 0xe7, 0x49, 0xe7, 0x49, 0xe7, 0x49, 0xe7, 0x49,
    0xe7, 0x49, 0xe7, 0x49, 0xe7, 0x49, 0xe7, 0x49, 0xe7, 0x49, 0xe7, 0x49,
    0xe7, 0x49, 0xe7, 0x49, 0xe7, 0x49, 0xe7, 0x49, 0xe7, 0x49, 0xe7, 0x49,
    0xe7, 0x49, 0xe7, 0x49, 0xe7, 0x49, 0xe7, 0x49, 0xe7, 0x49, 0xe7, 0x49,
    0xe7, 0x49, 0xe7, 0x49, 0xe7, 0x49, 0xe7, 0x49, 0xe7, 0x49, 0xe7, 0x49,
    0xe7, 0x49, 0xe7, 0x49, 0xe7, 0x49, 0xe7, 0x49, 0xe7, 0x49, 0xe7, 0x49,
    0xe7, 0x49, 0xe7, 0x49, 0xe7, 0x49, 0xe7, 0x49, 0xe7, 0x49, 0xe7, 0x49,
    0xe7, 0x49, 0xe7, 0x49, 0xe7, 0x49, 0xe7, 0x49, 0xe7, 0x49, 0xe7, 0x49,
    0xe7, 0x49, 0xe7, 0x49, 0xe7, 0x49, 0xe7, 0x49, 0xe7, 0x49, 0xe7, 0x49,
    0xe7, 0x49, 0xe7, 0x49, 0xe7, 0x49, 0xe7, 0x49, 0xe7, 0x49, 0xe7, 0x49,
    0xe7, 0x49, 0xe7, 0x49, 0xe7, 0x49, 0xe7, 0x49, 0xe7, 0x49, 0xe7, 0x49,
    0xe7, 0x49, 0xe7, 0x49, 0xe7, 0x49, 0xe7, 0x49, 0xe7, 0x49, 0xe7, 0x49,
    0x96, 0xad, 0x96, 0xad, 0x96, 0xad, 0x76, 0xad, 0x76, 0xad, 0x76, 0xad,
    0x76, 0xad, 0x76, 0xad, 0x76, 0xad, 0x76, 0xad, 0x56, 0xa5, 0x56, 0xa5,
    0x56, 0xa5, 0x56, 0xa5, 0x56, 0xa5, 0x55, 0xa5, 0x35, 0xa5, 0x35, 0xa5,
    0x35, 0xa5, 0x35, 0xa5, 0x35, 0xa5, 0x35, 0xa5, 0x35, 0xa5, 0x15, 0x9d,
    0x15, 0x9d, 0x15, 0x9d, 0x15, 0x9d, 0x15, 0x9d, 0x15, 0x9d, 0x15, 0x9d,
    0xf4, 0x9c, 0xf4, 0x9c, 0xf4, 0x9c, 0xf4, 0x9c, 0xf4, 0x9c, 0xf4, 0x9c,
    0xd4, 0x94, 0xd4, 0x94, 0xd4, 0x94, 0xd4, 0x94, 0xd4, 0x94, 0xd4, 0x94,
    0xd4, 0x94, 0xb4, 0x94, 0xb3, 0x94, 0x39, 0xc6, 0xbe, 0xf7, 0x39, 0xc6,
    0xb3, 0x8c, 0xb3, 0x8c, 0x93, 0x8c, 0x93, 0x8c, 0x4d, 0x6b, 0xe7, 0x49,
    0xe7, 0x49, 0xe7, 0x49, 0xe7, 0x49, 0xe7, 0x49, 0xe7, 0x49, 0xe7, 0x49,
    0xe7, 0x49, 0xe7, 0x49, 0xe7, 0x49, 0xe7, 0x49, 0xe7, 0x49, 0xe7, 0x49,
    0xe7, 0x49, 0xe7, 0x49, 0xe7, 0x49, 0xe7, 0x49, 0xe7, 0x49, 0xe7, 0x49,
    0xe7, 0x49, 0xe7, 0x49, 0xe7, 0x49, 0xe7, 0x49, 0xe7, 0x49, 0xe7, 0x49,
    0xe7, 0x49, 0xe7, 0x49, 0xe7, 0x49, 0xe7, 0x49, 0xe7, 0x49, 0xe7, 0x49,
    0xe7, 0x49, 0xe7, 0x49, 0xe7, 0x49, 0xe7, 0x49, 0xe7, 0x49, 0xe7, 0x49,
    0xe7, 0x49, 0xe7, 0x49, 0xe7, 0x49, 0xe7, 0x49, 0xe7, 0x49, 0xe7, 0x49,
    0xe7, 0x49, 0xe7, 0x49, 0xe7, 0x49, 0xe7, 0x49, 0xe7, 0x49, 0xe7, 0x49,
    0xe7, 0x49, 0xe7, 0x49, 0xe7, 0x49, 0xe7, 0x49, 0xe7, 0x49, 0xe7, 0x49,
    0xe7, 0x49, 0xe7, 0x49, 0xe7, 0x49, 0xe7, 0x49, 0xe7, 0x49, 0xe7, 0x49,
    0xe7, 0x49, 0xe7, 0x49, 0xe7, 0x49, 0xe7, 0x49, 0xe7, 0x49, 0xe7, 0x49,
    0xe7, 0x49, 0xe7, 0x49, 0xe7, 0x49, 0xe7, 0x49, 0xe7, 0x49, 0xe7, 0x49,
    0xe7, 0x49, 0xe7, 0x49, 0xe7, 0x49, 0xe7, 0x49, 0xe7, 0x49, 0xe7, 0x49,
    0xe7, 0x49, 0xe7, 0x49, 0xe7, 0x49, 0xe7, 0x49, 0xe7, 0x49, 0xe7, 0x49,
    0xe7, 0x49, 0xe7, 0x49, 0xe7, 0x49, 0xe7, 0x49, 0xe7, 0x49, 0xe7, 0x49,
    0xe7, 0x49, 0xe7, 0x49, 0xe7, 0x49, 0xe7, 0x49, 0xe7, 0x49, 0xe7, 0x49,
    0x96, 0xad, 0x76, 0xad, 0x76, 0xad, 0x76, 0xad, 0x76, 0xad, 0x76, 0xad,
    0x76, 0xad, 0x76, 0xad, 0x56, 0xad, 0x56, 0xa5, 0x56, 0xa5, 0x56, 0xa5,
    0x56, 0xa5, 0x56, 0xa5, 0x55, 0xa5, 0x35, 0xa5, 0x35, 0xa5, 0x35, 0xa5,
    0x35, 0xa5, 0x35, 0xa5, 0x35, 0xa5, 0x15, 0xa5, 0x15, 0x9d, 0x15, 0x9d,
    0x15, 0x9d, 0x15, 0x9d, 0x15, 0x9d, 0x15, 0x9d, 0xf4, 0x9c, 0xf4, 0x9c,
    0xf4, 0x9c, 0xf4, 0x9c, 0xf4, 0x9c, 0xf4, 0x9c, 0xd4, 0x94, 0xd4, 0x94,
    0xd4, 0x94, 0xd4, 0x94, 0xd4, 0x94, 0xd4, 0x94, 0xd4, 0x94, 0xb4, 0x94,
    0xb3, 0x94, 0xb3, 0x94, 0x39, 0xc6, 0xbe, 0xf7, 0x39, 0xc6, 0xb3, 0x8c,
    0x93, 0x8c, 0x93, 0x8c, 0x93, 0x8c, 0x93, 0x8c, 0x10, 0x84, 0xe7, 0x49,
    0xe7, 0x49, 0xe7, 0x49, 0xe7, 0x49, 0xe7, 0x49, 0xe7, 0x49, 0xe7, 0x49,
    0xe7, 0x49, 0xe7, 0x49, 0xe7, 0x49, 0xe7, 0x49, 0xe7, 0x49, 0xe7, 0x49,
    0xe7, 0x49, 0xe7, 0x49, 0xe7, 0x49, 0xe7, 0x49, 0xe7, 0x49, 0xe7, 0x49,
    0xe7, 0x49, 0xe7, 0x49, 0xe7, 0x49, 0xe7, 0x49, 0xe7, 0x49, 0xe7, 0x49,
    0xe7, 0x49, 0xe7, 0x49, 0xe7, 0x49, 0xe7, 0x49, 0xe7, 0x49, 0xe7, 0x49,
    0xe7, 0x49, 0xe7, 0x49, 0xe7, 0x49, 0xe7, 0x49, 0xe7, 0x49, 0xe7, 0x49,
    0xe7, 0x49, 0xe7, 0x49, 0xe7, 0x49, 0xe7, 0x49, 0xe7, 0x49, 0xe7, 0x49,
    0xe7, 0x49, 0xe7, 0x49, 0xe7, 0x49, 0xe7, 0x49, 0xe7, 0x49, 0xe7, 0x49,
    0xe7, 0x49, 0xe7, 0x49, 0xe7, 0x49, 0xe7, 0x49, 0xe7, 0x49, 0xe7, 0x49,
    0xe7, 0x49, 0xe7, 0x49, 0xe7, 0x49, 0xe7, 0x49, 0xe7, 0x49, 0xe7, 0x49,
    0xe7, 0x49, 0xe7, 0x49, 0xe7, 0x49, 0xe7, 0x49, 0xe7, 0x49, 0xe7, 0x49,
    0xe7, 0x49, 0xe7, 0x49, 0xe7, 0x49, 0xe7, 0x49, 0xe7, 0x49, 0xe7, 0x49,
    0xe7, 0x49, 0xe7, 0x49, 0xe7, 0x49, 0xe7, 0x49, 0xe7, 0x49, 0xe7, 0x49,
    0xe7, 0x49, 0xe7, 0x49, 0xe7, 0x49, 0xe7, 0x49, 0xe7, 0x49, 0xe7, 0x49,
    0xe7, 0x49, 0xe7, 0x49, 0xe7, 0x49, 0xe7, 0x49, 0xe7, 0x49, 0xe7, 0x49,
    0xe7, 0x49, 0xe7, 0x49, 0xe7, 0x49, 0xe7, 0x49, 0xe7, 0x49, 0xe7, 0x49,
    0x96, 0xad, 0x76, 0xad, 0x76, 0xad, 0x76, 0xad, 0x76, 0xad, 0x76, 0xad,
    0x76, 0xad, 0x76, 0xad, 0x56, 0xa5, 0x56, 0xa5, 0x56, 0xa5, 0x56, 0xa5,
    0x56, 0xa5, 0x56, 0xa5, 0x35, 0xa5, 0x35, 0xa5, 0x35, 0xa5, 0x35, 0xa5,
    0x35, 0xa5, 0x35, 0xa5, 0x35, 0xa5, 0x15, 0xa5, 0x15, 0x9d, 0x15, 0x9d,
    0x15, 0x9d, 0x15, 0x9d, 0x15, 0x9d, 0x15, 0x9d, 0xf4, 0x9c, 0xf4, 0x9c,
    0xf4, 0x9c, 0xf4, 0x9c, 0xf4, 0x9c, 0xf4, 0x9c, 0xd4, 0x94, 0xd4, 0x94,
    0xd4, 0x94, 0xd4, 0x94, 0xd4, 0x94, 0xd4, 0x94, 0xd4, 0x94, 0xb4, 0x94,
    0xb3, 0x94, 0x39, 0xc6, 0xbe, 0xf7, 0x39, 0xc6, 0xb3, 0x94, 0xb3, 0x8c,
    0x93, 0x8c, 0x93, 0x8c, 0x93, 0x8c, 0x18, 0xc6, 0xd3, 0xa4, 0xe7, 0x49,
    0xe7, 0x49, 0xe7, 0x49, 0xe7, 0x49, 0xe7, 0x49, 0xe7, 0x49, 0xe7, 0x49,
    0xe7, 0x49, 0xe7, 0x49, 0xe7, 0x49, 0xe7, 0x49, 0xe7, 0x49, 0xe7, 0x49,
    0xe7, 0x49, 0xe7, 0x49, 0xe7, 0x49, 0xe7, 0x49, 0xe7, 0x49, 0xe7, 0x49,
    0xe7, 0x49, 0xe7, 0x49, 0xe7, 0x49, 0xe7, 0x49, 0xe7, 0x49, 0xe7, 0x49,
    0xe7, 0x49, 0xe7, 0x49, 0xe7, 0x49, 0xe7, 0x49, 0xe7, 0x49, 0xe7, 0x49,
    0xe7, 0x49, 0xe7, 0x49, 0xe7, 0x49, 0xe7, 0x49, 0xe7, 0x49, 0xe7, 0x49,
    0xe7, 0x49, 0xe7, 0x49, 0xe7, 0x49, 0xe7, 0x49, 0xe7, 0x49, 0xe7, 0x49,
    0xe7, 0x49, 0xe7, 0x49, 0xe7, 0x49, 0xe7, 0x49, 0xe7, 0x49, 0xe7, 0x49,
    0xe7, 0x49, 0xe7, 0x49, 0xe7, 0x49, 0xe7, 0x49, 0xe7, 0x49, 0xe7, 0x49,
    0xe7, 0x49, 0xe7, 0x49, 0xe7, 0x49, 0xe7, 0x49, 0xe7, 0x49, 0xe7, 0x49,
    0xe7, 0x49, 0xe7, 0x49, 0xe7, 0x49, 0xe7, 0x49, 0xe7, 0x49, 0xe7, 0x49,
    0xe7, 0x49, 0xe7, 0x49, 0xe7, 0x49, 0xe7, 0x49, 0xe7, 0x49, 0xe7, 0x49,
    0xe7, 0x49, 0xe7, 0x49, 0xe7, 0x49, 0xe7, 0x49, 0xe7, 0x49, 0xe7, 0x49,
    0xe7, 0x49, 0xe7, 0x49, 0xe7, 0x49, 0xe7, 0x49, 0xe7, 0x49, 0xe7, 0x49,
    0xe7, 0x49, 0xe7, 0x49, 0xe7, 0x49, 0xe7, 0x49, 0xe7, 0x49, 0xe7, 0x49,
    0xe7, 0x49, 0xe7, 0x49, 0xe7, 0x49, 0xe7, 0x49, 0xe7, 0x49, 0xe7, 0x49,
    0x76, 0xad, 0x76, 0xad, 0x76, 0xad, 0x76, 0xad, 0x76, 0xad, 0x76, 0xad,
    0x56, 0xad, 0x56, 0xa5, 0x56, 0xa5, 0x56, 0xa5, 0x56, 0xa5, 0x56, 0xa5,
    0x35, 0xa5, 0x35, 0xa5, 0x35, 0xa5, 0x35, 0xa5, 0x35, 0xa5, 0x35, 0xa5,
    0x35, 0xa5, 0x15, 0xa5, 0x15, 0x9d, 0x15, 0x9d, 0x15, 0x9d, 0x15, 0x9d,
    0x15, 0x9d, 0x15, 0x9d, 0xf4, 0x9c, 0xf4, 0x9c, 0xf4, 0x9c, 0xf4, 0x9c,
    0xf4, 0x9c, 0xf4, 0x9c, 0xd4, 0x94, 0xd4, 0x94, 0xd4, 0x94, 0xd4, 0x94,
    0xd4, 0x94, 0xd4, 0x94, 0xd4, 0x94, 0xb4, 0x94, 0xb3, 0x94, 0xb3, 0x94,
    0x39, 0xc6, 0xbe, 0xf7, 0x39, 0xc6, 0xb3, 0x8c, 0x93, 0x8c, 0x93, 0x8c,
    0x93, 0x8c, 0x93, 0x8c, 0x18, 0xc6, 0xbe, 0xf7, 0x10, 0x84, 0xe7, 0x49,
    0xe7, 0x49, 0xe7, 0x49, 0xe7, 0x49, 0xe7, 0x49, 0xe7, 0x49, 0xe7, 0x49,
    0xe7, 0x49, 0xe7, 0x49, 0xe7, 0x49, 0xe7, 0x49, 0xe7, 0x49, 0xe7, 0x49,
    0xe7, 0x49, 0xe7, 0x49, 0xe7, 0x49, 0xe7, 0x49, 0xe7, 0x49, 0xe7, 0x49,
    0xe7, 0x49, 0xe7, 0x49, 0xe7, 0x49, 0xe7, 0x49, 0xe7, 0x49, 0xe7, 0x49,
    0xe7, 0x49, 0xe7, 0x49, 0xe7, 0x49, 0xe7, 0x49, 0xe7, 0x49, 0xe7, 0x49,
    0xe7, 0x49, 0xe7, 0x49, 0xe7, 0x49, 0xe7, 0x49, 0xe7, 0x49, 0xe7, 0x49,
    0xe7, 0x49, 0xe7, 0x49, 0xe7, 0x49, 0xe7, 0x49, 0xe7, 0x49, 0xe7, 0x49,
    0xe7, 0x49, 0xe7, 0x49, 0xe7, 0x49, 0xe7, 0x49, 0xe7, 0x49, 0xe7, 0x49,
    0xe7, 0x49, 0xe7, 0x49, 0xe7, 0x49, 0xe7, 0x49, 0xe7, 0x49, 0xe7, 0x49,
    0xe7, 0x49, 0xe7, 0x49, 0xe7, 0x49, 0xe7, 0x49, 0xe7, 0x49, 0xe7, 0x49,
    0xe7, 0x49, 0xe7, 0x49, 0xe7, 0x49, 0xe7, 0x49, 0xe7, 0x49, 0xe7, 0x49,
    0xe7, 0x49, 0xe7, 0x49, 0xe7, 0x49, 0xe7, 0x49, 0xe7, 0x49, 0xe7, 0x49,
    0xe7, 0x49, 0xe7, 0x49, 0xe7, 0x49, 0xe7, 0x49, 0xe7, 0x49, 0xe7, 0x49,
    0xe7, 0x49, 0xe7, 0x49, 0xe7, 0x49, 0xe7, 0x49, 0xe7, 0x49, 0xe7, 0x49,
    0xe7, 0x49, 0xe7, 0x49, 0xe7, 0x49, 0xe7, 0x49, 0xe7, 0x49, 0xe7, 0x49,
    0xe7, 0x49, 0xe7, 0x49, 0xe7, 0x49, 0xe7, 0x49, 0xe7, 0x49, 0xe7, 0x49,
    0x76, 0xad, 0x76, 0xad, 0x76, 0xad, 0x76, 0xad, 0x76, 0xad, 0x76, 0xad,
    0x56, 0xa5, 0x56, 0xa5, 0x56, 0xa5, 0x56, 0xa5, 0x56, 0xa5, 0x55, 0xa5,
    0x35, 0xa5, 0x35, 0xa5, 0x35, 0xa5, 0x35, 0xa5, 0x35, 0xa5, 0x35, 0xa5,
    0x35, 0xa5, 0x15, 0x9d, 0x15, 0x9d, 0x15, 0x9d, 0x15, 0x9d, 0x15, 0x9d,
    0x15, 0x9d, 0x15, 0x9d, 0xf4, 0x9c, 0xf4, 0x9c, 0xf4, 0x9c, 0xf4, 0x9c,
    0xf4, 0x9c, 0xf4, 0x9c, 0xd4, 0x94, 0xd4, 0x94, 0xd4, 0x94, 0xd4, 0x94,
    0xd4, 0x94, 0xd4, 0x94, 0xd4, 0x94, 0xb4, 0x94, 0xb3, 0x94, 0x39, 0xc6,
    0xbe, 0xf7, 0x39, 0xc6, 0xb3, 0x94, 0xb3, 0x8c, 0x93, 0x8c, 0x93, 0x8c,
    0x93, 0x8c, 0x18, 0xc6, 0xbe, 0xf7, 0x18, 0xc6, 0x2d, 0x6b, 0xe7, 0x49,
    0xe7, 0x49, 0xe7, 0x49, 0xe7, 0x49, 0xe7, 0x49, 0xe7, 0x49, 0xe7, 0x49,
    0xe7, 0x49, 0xe7, 0x49, 0xe7, 0x49, 0xe7, 0x49, 0xe7, 0x49, 0xe7, 0x49,
    0xe7, 0x49, 0xe7, 0x49, 0xe7, 0x49, 0xe7, 0x49, 0xe7, 0x49, 0xe7, 0x49,
    0xe7, 0x49, 0xe7, 0x49, 0xe7, 0x49, 0xe7, 0x49, 0xe7, 0x49, 0xe7, 0x49,
    0xe7, 0x49, 0xe7, 0x49, 0xe7, 0x49, 0xe7, 0x49, 0xe7, 0x49, 0xe7, 0x49,
    0xe7, 0x49, 0xe7, 0x49, 0xe7, 0x49, 0xe7, 0x49, 0xe7, 0x49, 0xe7, 0x49,
    0xe7, 0x49, 0xe7, 0x49, 0xe7, 0x49, 0xe7, 0x49, 0xe7, 0x49, 0xe7, 0x49,
    0xe7, 0x49, 0xe7, 0x49, 0xe7, 0x49, 0xe7, 0x49, 0xe7, 0x49, 0xe7, 0x49,
    0xe7, 0x49, 0xe7, 0x49, 0xe7, 0x49, 0xe7, 0x49, 0xe7, 0x49, 0xe7, 0x49,
    0xe7, 0x49, 0xe7, 0x49, 0xe7, 0x49, 0xe7, 0x49, 0xe7, 0x49, 0xe7, 0x49,
    0xe7, 0x49, 0xe7, 0x49, 0xe7, 0x49, 0xe7, 0x49, 0xe7, 0x49, 0xe7, 0x49,
    0xe7, 0x49, 0xe7, 0x49, 0xe7, 0x49, 0xe7, 0x49, 0xe7, 0x49, 0xe7, 0x49,
    0xe7, 0x49, 0xe7, 0x49, 0xe7, 0x49, 0xe7, 0x49, 0xe7, 0x49, 0xe7, 0x49,
    0xe7, 0x49, 0xe7, 0x49, 0xe7, 0x49, 0xe7, 0x49, 0xe7, 0x49, 0xe7, 0x49,
    0xe7, 0x49, 0xe7, 0x49, 0xe7, 0x49, 0xe7, 0x49, 0xe7, 0x49, 0xe7, 0x49,
    0xe7, 0x49, 0xe7, 0x49, 0xe7, 0x49, 0xe7, 0x49, 0xe7, 0x49, 0xe7, 0x49,
    0x76, 0xad, 0x76, 0xad, 0x76, 0xad, 0x76, 0xad, 0x56, 0xad, 0x56, 0xa5,
    0x56, 0xa5, 0x56, 0xa5, 0x56, 0xa5, 0x56, 0xa5, 0x55, 0xa5, 0x35, 0xa5,
    0x35, 0xa5, 0x35, 0xa5, 0x35, 0xa5, 0x35, 0xa5, 0x35, 0xa5, 0x35, 0xa5,
    0x15, 0x9d, 0x15, 0x9d, 0x15, 0x9d, 0x15, 0x9d, 0x15, 0x9d, 0x15, 0x9d,
    0xf4, 0x9c, 0xf4, 0x9c, 0xf4, 0x9c, 0xf4, 0x9c, 0xf4, 0x9c, 0xf4, 0x9c,
    0xf4, 0x94, 0xd4, 0x94, 0xd4, 0x94, 0xd4, 0x94, 0xd4, 0x94, 0xd4, 0x94,
    0xd4, 0x94, 0xd4, 0x94, 0xb4, 0x94, 0xb3, 0x94, 0x76, 0xad, 0xbe, 0xf7,
    0x39, 0xc6, 0xb3, 0x8c, 0x93, 0x8c, 0x93, 0x8c, 0x93, 0x8c, 0x93, 0x8c,
    0x18, 0xc6, 0xbe, 0xf7, 0x18, 0xc6, 0x73, 0x8c, 0x2d, 0x6b, 0xe7, 0x49,
    0xe7, 0x49, 0xe7, 0x49, 0xe7, 0x49, 0xe7, 0x49, 0xe7, 0x49, 0xe7, 0x49,
    0xe7, 0x49, 0xe7, 0x49, 0xe7, 0x49, 0xe7, 0x49, 0xe7, 0x49, 0xe7, 0x49,
    0xe7, 0x49, 0xe7, 0x49, 0xe7, 0x49, 0xe7, 0x49, 0xe7, 0x49, 0xe7, 0x49,
    0xe7, 0x49, 0xe7, 0x49, 0xe7, 0x49, 0xe7, 0x49, 0xe7, 0x49, 0xe7, 0x49,
    0xe7, 0x49, 0xe7, 0x49, 0xe7, 0x49, 0xe7, 0x49, 0xe7, 0x49, 0xe7, 0x49,
    0xe7, 0x49, 0xe7, 0x49, 0xe7, 0x49, 0xe7, 0x49, 0xe7, 0x49, 0xe7, 0x49,
    0xe7, 0x49, 0xe7, 0x49, 0xe7, 0x49, 0xe7, 0x49, 0xe7, 0x49, 0xe7, 0x49,
    0xe7, 0x49, 0xe7, 0x49, 0xe7, 0x49, 0xe7, 0x49, 0xe7, 0x49, 0xe7, 0x49,
    0xe7, 0x49, 0xe7, 0x49, 0xe7, 0x49, 0xe7, 0x49, 0xe7, 0x49, 0xe7, 0x49,
    0xe7, 0x49, 0xe7, 0x49, 0xe7, 0x49, 0xe7, 0x49, 0xe7, 0x49, 0xe7, 0x49,
    0xe7, 0x49, 0xe7, 0x49, 0xe7, 0x49, 0xe7, 0x49, 0xe7, 0x49, 0xe7, 0x49,
    0xe7, 0x49, 0xe7, 0x49, 0xe7, 0x49, 0xe7, 0x49, 0xe7, 0x49, 0xe7, 0x49,
    0xe7, 0x49, 0xe7, 0x49, 0xe7, 0x49, 0xe7, 0x49, 0xe7, 0x49, 0xe7, 0x49,
    0xe7, 0x49, 0xe7, 0x49, 0xe7, 0x49, 0xe7, 0x49, 0xe7, 0x49, 0xe7, 0x49,
    0xe7, 0x49, 0xe7, 0x49, 0xe7, 0x49, 0xe7, 0x49, 0xe7, 0x49, 0xe7, 0x49,
    0xe7, 0x49, 0xe7, 0x49, 0xe7, 0x49, 0xe7, 0x49, 0xe7, 0x49, 0xe7, 0x49,
    0x76, 0xad, 0x76, 0xad, 0x76, 0xad, 0x76, 0xad, 0x56, 0xa5, 0x56, 0xa5,
    0x56, 0xa5, 0x56, 0xa5, 0x56, 0xa5, 0x56, 0xa5, 0x35, 0xa5, 0x35, 0xa5,
    0x35, 0xa5, 0x35, 0xa5, 0x35, 0xa5, 0x35, 0xa5, 0x35, 0xa5, 0x15, 0xa5,
    0x15, 0x9d, 0x15, 0x9d, 0x15, 0x9d, 0x15, 0x9d, 0x15, 0x9d, 0x15, 0x9d,
    0xf4, 0x9c, 0xf4, 0x9c, 0xf4, 0x9c, 0xf4, 0x9c, 0xf4, 0x9c, 0xf4, 0x9c,
    0xd4, 0x94, 0xd4, 0x94, 0xd4, 0x94, 0xd4, 0x94, 0xd4, 0x94, 0xd4, 0x94,
    0xd4, 0x94, 0xb4, 0x94, 0xb3, 0x94, 0xb3, 0x94, 0x39, 0xc6, 0x39, 0xc6,
    0xb3, 0x94, 0xb3, 0x8c, 0x93, 0x8c, 0x93, 0x8c, 0x93, 0x8c, 0x18, 0xc6,
    0xbe, 0xf7, 0x18, 0xc6, 0x73, 0x8c, 0x73, 0x8c, 0x2d, 0x6b, 0xe7, 0x49,
    0xe7, 0x49, 0xe7, 0x49, 0xe7, 0x49, 0xe7, 0x49, 0xe7, 0x49, 0xe7, 0x49,
    0xe7, 0x49, 0xe7, 0x49, 0xe7, 0x49, 0xe7, 0x49, 0xe7, 0x49, 0xe7, 0x49,
    0xe7, 0x49, 0xe7, 0x49, 0xe7, 0x49, 0xe7, 0x49, 0xe7, 0x49, 0xe7, 0x49,
    0xe7, 0x49, 0xe7, 0x49, 0xe7, 0x49, 0xe7, 0x49, 0xe7, 0x49, 0xe7, 0x49,
    0xe7, 0x49, 0xe7, 0x49, 0xe7, 0x49, 0xe7, 0x49, 0xe7, 0x49, 0xe7, 0x49,
    0xe7, 0x49, 0xe7, 0x49, 0xe7, 0x49, 0xe7, 0x49, 0xe7, 0x49, 0xe7, 0x49,
    0xe7, 0x49, 0xe7, 0x49, 0xe7, 0x49, 0xe7, 0x49, 0xe7, 0x49, 0xe7, 0x49,
    0xe7, 0x49, 0xe7, 0x49, 0xe7, 0x49, 0xe7, 0x49, 0xe7, 0x49, 0xe7, 0x49,
    0xe7, 0x49, 0xe7, 0x49, 0xe7, 0x49, 0xe7, 0x49, 0xe7, 0x49, 0xe7, 0x49,
    0xe7, 0x49, 0xe7, 0x49, 0xe7, 0x49, 0xe7, 0x49, 0xe7, 0x49, 0xe7, 0x49,
    0xe7, 0x49, 0xe7, 0x49, 0xe7, 0x49, 0xe7, 0x49, 0xe7, 0x49, 0xe7, 0x49,
    0xe7, 0x49, 0xe7, 0x49, 0xe7, 0x49, 0xe7, 0x49, 0xe7, 0x49, 0xe7, 0x49,
    0xe7, 0x49, 0xe7, 0x49, 0xe7, 0x49, 0xe7, 0x49, 0xe7, 0x49, 0xe7, 0x49,
    0xe7, 0x49, 0xe7, 0x49, 0xe7, 0x49, 0xe7, 0x49, 0xe7, 0x49, 0xe7, 0x49,
    0xe7, 0x49, 0xe7, 0x49, 0xe7, 0x49, 0xe7, 0x49, 0xe7, 0x49, 0xe7, 0x49,
    0xe7, 0x49, 0xe7, 0x49, 0xe7, 0x49, 0xe7, 0x49, 0xe7, 0x49, 0xe7, 0x49,
    0x76, 0xad, 0x76, 0xad, 0x56, 0xa5, 0x56, 0xa5, 0x56, 0xa5, 0x56, 0xa5,
    0x56, 0xa5, 0x55, 0xa5, 0x35, 0xa5, 0x35, 0xa5, 0x35, 0xa5, 0x35, 0xa5,
    0x35, 0xa5, 0x35, 0xa5, 0x35, 0xa5, 0x15, 0xa5, 0x15, 0x9d, 0x15, 0x9d,
    0x15, 0x9d, 0x15, 0x9d, 0x15, 0x9d, 0x15, 0x9d, 0xf4, 0x9c, 0xf4, 0x9c,
    0xf4, 0x9c, 0xf4, 0x9c, 0xf4, 0x9c, 0xf4, 0x9c, 0xd4, 0x94, 0xd4, 0x94,
    0xd4, 0x94, 0xd4, 0x94, 0xd4, 0x94, 0xd4, 0x94, 0xd4, 0x94, 0xb4, 0x94,
    0xb3, 0x94, 0xb3, 0x94, 0xb3, 0x94, 0xb3, 0x94, 0x76, 0xad, 0xb3, 0x8c,
    0x93, 0x8c, 0x93, 0x8c, 0x93, 0x8c, 0x93, 0x8c, 0x18, 0xc6, 0xbe, 0xf7,
    0x18, 0xc6, 0x73, 0x8c, 0x73, 0x8c, 0x72, 0x8c, 0x2d, 0x6b, 0xe7, 0x49,
    0xe7, 0x49, 0xe7, 0x49, 0xe7, 0x49, 0xe7, 0x49, 0xe7, 0x49, 0xe7, 0x49,
    0xe7, 0x49, 0xe7, 0x49, 0xe7, 0x49, 0xe7, 0x49, 0xe7, 0x49, 0xe7, 0x49,
    0xe7, 0x49, 0xe7, 0x49, 0xe7, 0x49, 0xe7, 0x49, 0xe7, 0x49, 0xe7, 0x49,
    0xe7, 0x49, 0xe7, 0x49, 0xe7, 0x49, 0xe7, 0x49, 0xe7, 0x49, 0xe7, 0x49,
    0xe7, 0x49, 0xe7, 0x49, 0xe7, 0x49, 0xe7, 0x49, 0xe7, 0x49, 0xe7, 0x49,
    0xe7, 0x49, 0xe7, 0x49, 0xe7, 0x49, 0xe7, 0x49, 0xe7, 0x49, 0xe7, 0x49,
    0xe7, 0x49, 0xe7, 0x49, 0xe7, 0x49, 0xe7, 0x49, 0xe7, 0x49, 0xe7, 0x49,
    0xe7, 0x49, 0xe7, 0x49, 0xe7, 0x49, 0xe7, 0x49, 0xe7, 0x49, 0xe7, 0x49,
    0xe7, 0x49, 0xe7, 0x49, 0xe7, 0x49, 0xe7, 0x49, 0xe7, 0x49, 0xe7, 0x49,
    0xe7, 0x49, 0xe7, 0x49, 0xe7, 0x49, 0xe7, 0x49, 0xe7, 0x49, 0xe7, 0x49,
    0xe7, 0x49, 0xe7, 0x49, 0xe7, 0x49, 0xe7, 0x49, 0xe7, 0x49, 0xe7, 0x49,
    0xe7, 0x49, 0xe7, 0x49, 0xe7, 0x49, 0xe7, 0x49, 0xe7, 0x49, 0xe7, 0x49,
    0xe7, 0x49, 0xe7, 0x49, 0xe7, 0x49, 0xe7, 0x49, 0xe7, 0x49, 0xe7, 0x49,
    0xe7, 0x49, 0xe7, 0x49, 0xe7, 0x49, 0xe7, 0x49, 0xe7, 0x49, 0xe7, 0x49,
    0xe7, 0x49, 0xe7, 0x49, 0xe7, 0x49, 0xe7, 0x49, 0xe7, 0x49, 0xe7, 0x49,
    0xe7, 0x49, 0xe7, 0x49, 0xe7, 0x49, 0xe7, 0x49, 0xe7, 0x49, 0xe7, 0x49,
    0x76, 0xad, 0x76, 0xad, 0x56, 0xa5, 0x56, 0xa5, 0x56, 0xa5, 0x56, 0xa5,
    0x56, 0xa5, 0x55, 0xa5, 0x35, 0xa5, 0x35, 0xa5, 0x35, 0xa5, 0x35, 0xa5,
    0x35, 0xa5, 0x35, 0xa5, 0x35, 0xa5, 0x15, 0x9d, 0x15, 0x9d, 0x15, 0x9d,
    0x15, 0x9d, 0x15, 0x9d, 0x15, 0x9d, 0x15, 0x9d, 0xf4, 0x9c, 0xf4, 0x9c,
    0xf4, 0x9c, 0xf4, 0x9c, 0xf4, 0x9c, 0xf4, 0x9c, 0xd4, 0x94, 0xd4, 0x94,
    0xd4, 0x94, 0xd4, 0x94, 0xd4, 0x94, 0xd4, 0x94, 0xd4, 0x94, 0xb4, 0x94,
    0xb3, 0x94, 0xb3, 0x94, 0xb3, 0x94, 0xb3, 0x94, 0xb3, 0x8c, 0xb3, 0x8c,
    0x93, 0x8c, 0x93, 0x8c, 0x93, 0x8c, 0x18, 0xc6, 0xbe, 0xf7, 0x18, 0xc6,
    0x73, 0x8c, 0x73, 0x8c, 0x73, 0x8c, 0x72, 0x8c, 0x2d, 0x6b, 0xe7, 0x49,
    0xe7, 0x49, 0xe7, 0x49, 0xe7, 0x49, 0xe7, 0x49, 0xe7, 0x49, 0xe7, 0x49,
    0xe7, 0x49, 0xe7, 0x49, 0xe7, 0x49, 0xe7, 0x49, 0xe7, 0x49, 0xe7, 0x49,
    0xe7, 0x49, 0xe7, 0x49, 0xe7, 0x49, 0xe7, 0x49, 0xe7, 0x49, 0xe7, 0x49,
    0xe7, 0x49, 0xe7, 0x49, 0xe7, 0x49, 0xe7, 0x49, 0xe7, 0x49, 0xe7, 0x49,
    0xe7, 0x49, 0xe7, 0x49, 0xe7, 0x49, 0xe7, 0x49, 0xe7, 0x49, 0xe7, 0x49,
    0xe7, 0x49, 0xe7, 0x49, 0xe7, 0x49, 0xe7, 0x49, 0xe7, 0x49, 0xe7, 0x49,
    0xe7, 0x49, 0xe7, 0x49, 0xe7, 0x49, 0xe7, 0x49, 0xe7, 0x49, 0xe7, 0x49,
    0xe7, 0x49, 0xe7, 0x49, 0xe7, 0x49, 0xe7, 0x49, 0xe7, 0x49, 0xe7, 0x49,
    0xe7, 0x49, 0xe7, 0x49, 0xe7, 0x49, 0xe7, 0x49, 0xe7, 0x49, 0xe7, 0x49,
    0xe7, 0x49, 0xe7, 0x49, 0xe7, 0x49, 0xe7, 0x49, 0xe7, 0x49, 0xe7, 0x49,
    0xe7, 0x49, 0xe7, 0x49, 0xe7, 0x49, 0xe7, 0x49, 0xe7, 0x49, 0xe7, 0x49,
    0xe7, 0x49, 0xe7, 0x49, 0xe7, 0x49, 0xe7, 0x49, 0xe7, 0x49, 0xe7, 0x49,
    0xe7, 0x49, 0xe7, 0x49, 0xe7, 0x49, 0xe7, 0x49, 0xe7, 0x49, 0xe7, 0x49,
    0xe7, 0x49, 0xe7, 0x49, 0xe7, 0x49, 0xe7, 0x49, 0xe7, 0x49, 0xe7, 0x49,
    0xe7, 0x49, 0xe7, 0x49, 0xe7, 0x49, 0xe7, 0x49, 0xe7, 0x49, 0xe7, 0x49,
    0xe7, 0x49, 0xe7, 0x49, 0xe7, 0x49, 0xe7, 0x49, 0xe7, 0x49, 0xe7, 0x49,
    0x56, 0xad, 0x56, 0xa5, 0x56, 0xa5, 0x56, 0xa5, 0x56, 0xa5, 0x56, 0xa5,
    0x55, 0xa5, 0x35, 0xa5, 0x35, 0xa5, 0x35, 0xa5, 0x35, 0xa5, 0x35, 0xa5,
    0x35, 0xa5, 0x15, 0xa5, 0x15, 0x9d, 0x15, 0x9d, 0x15, 0x9d, 0x15, 0x9d,
    0x15, 0x9d, 0x15, 0x9d, 0xf4, 0x9c, 0xf4, 0x9c, 0xf4, 0x9c, 0xf4, 0x9c,
    0xf4, 0x9c, 0xf4, 0x9c, 0xd4, 0x94, 0xd4, 0x94, 0xd4, 0x94, 0xd4, 0x94,
    0xd4, 0x94, 0xd4, 0x94, 0xd4, 0x94, 0xb4, 0x94, 0xb3, 0x94, 0xb3, 0x94,
    0xb3, 0x94, 0xb3, 0x94, 0xb3, 0x94, 0xb3, 0x8c, 0x93, 0x8c, 0x93, 0x8c,
    0x93, 0x8c, 0x93, 0x8c, 0x18, 0xc6, 0xbe, 0xf7, 0x18, 0xc6, 0x73, 0x8c,
    0x73, 0x8c, 0x72, 0x8c, 0x72, 0x8c, 0x72, 0x8c, 0xf0, 0x83, 0xe7, 0x49,
    0xe7, 0x49, 0xe7, 0x49, 0xe7, 0x49, 0xe7, 0x49, 0xe7, 0x49, 0xe7, 0x49,
    0xe7, 0x49, 0xe7, 0x49, 0xe7, 0x49, 0xe7, 0x49, 0xe7, 0x49, 0xe7, 0x49,
    0xe7, 0x49, 0xe7, 0x49, 0xe7, 0x49, 0xe7, 0x49, 0xe7, 0x49, 0xe7, 0x49,
    0xe7, 0x49, 0xe7, 0x49, 0xe7, 0x49, 0xe7, 0x49, 0xe7, 0x49, 0xe7, 0x49,
    0xe7, 0x49, 0xe7, 0x49, 0xe7, 0x49, 0xe7, 0x49, 0xe7, 0x49, 0xe7, 0x49,
    0xe7, 0x49, 0xe7, 0x49, 0xe7, 0x49, 0xe7, 0x49, 0x9a, 0xd6, 0x7d, 0xef,
    0x7d, 0xef, 0x59, 0xce, 0x28, 0x52, 0x07, 0x52, 0xe7, 0x49, 0xe7, 0x49,
    0xe7, 0x49, 0xe7, 0x49, 0x34, 0xad, 0x7d, 0xef, 0x7d, 0xef, 0x5d, 0xef,
    0x48, 0x52, 0x07, 0x52, 0xe7, 0x49, 0xe7, 0x49, 0xe7, 0x49, 0xe7, 0x49,
    0xe7, 0x49, 0xe7, 0x49, 0xe7, 0x49, 0xe7, 0x49, 0xe7, 0x49, 0xe7, 0x49,
    0xe7, 0x49, 0xe7, 0x49, 0xe7, 0x49, 0xe7, 0x49, 0xe7, 0x49, 0xe7, 0x49,
    0xe7, 0x49, 0xe7, 0x49, 0xe7, 0x49, 0xe7, 0x49, 0xe7, 0x49, 0xe7, 0x49,
    0xe7, 0x49, 0xe7, 0x49, 0xe7, 0x49, 0xe7, 0x49, 0xe7, 0x49, 0xe7, 0x49,
    0xe7, 0x49, 0xe7, 0x49, 0xe7, 0x49, 0xe7, 0x49, 0xe7, 0x49, 0xe7, 0x49,
    0xe7, 0x49, 0xe7, 0x49, 0xe7, 0x49, 0xe7, 0x49, 0xe7, 0x49, 0xe7, 0x49,
    0xe7, 0x49, 0xe7, 0x49, 0xe7, 0x49, 0xe7, 0x49, 0xe7, 0x49, 0xe7, 0x49,
    0x56, 0xa5, 0x56, 0xa5, 0x56, 0xa5, 0x56, 0xa5, 0x56, 0xa5, 0x56, 0xa5,
    0x35, 0xa5, 0x35, 0xa5, 0x35, 0xa5, 0x35, 0xa5, 0x35, 0xa5, 0x35, 0xa5,
    0x35, 0xa5, 0x15, 0xa5, 0x15, 0x9d, 0x15, 0x9d, 0x15, 0x9d, 0x15, 0x9d,
    0x15, 0x9d, 0x15, 0x9d, 0xf4, 0x9c, 0xf4, 0x9c, 0xf4, 0x9c, 0xf4, 0x9c,
    0xf4, 0x9c, 0xf4, 0x9c, 0xd4, 0x94, 0xd4, 0x94, 0xd4, 0x94, 0xd4, 0x94,
    0xd4, 0x94, 0xd4, 0x94, 0xd4, 0x94, 0xb4, 0x94, 0xb3, 0x94, 0xb3, 0x94,
    0xb3, 0x94, 0xb3, 0x94, 0xb3, 0x94, 0xb3, 0x8c, 0x93, 0x8c, 0x93, 0x8c,
    0x93, 0x8c, 0x18, 0xc6, 0xbe, 0xf7, 0x18, 0xc6, 0x73, 0x8c, 0x73, 0x8c,
    0x73, 0x8c, 0x72, 0x8c, 0x72, 0x8c, 0x18, 0xbe, 0xd3, 0xa4, 0xe7, 0x49,
    0xe7, 0x49, 0xe7, 0x49, 0xe7, 0x49, 0xe7, 0x49, 0xe7, 0x49, 0xe7, 0x49,
    0xe7, 0x49, 0xe7, 0x49, 0xe7, 0x49, 0xe7, 0x49, 0xe7, 0x49, 0xe7, 0x49,
    0xe7, 0x49, 0xe7, 0x49, 0xe7, 0x49, 0xe7, 0x49, 0xe7, 0x49, 0xe7, 0x49,
    0xe7, 0x49, 0xe7, 0x49, 0xe7, 0x49, 0xe7, 0x49, 0xe7, 0x49, 0xe7, 0x49,
    0xe7, 0x49, 0xe7, 0x49, 0xe7, 0x49, 0xe7, 0x49, 0xe7, 0x49, 0xe7, 0x49,
    0xe7, 0x49, 0xe7, 0x49, 0xe7, 0x49, 0xe7, 0x49, 0xb2, 0x9c, 0xdf, 0xff,
    0xdf, 0xff, 0xdf, 0xff, 0x2f, 0x8c, 0x48, 0x52, 0xe7, 0x49, 0xe7, 0x49,
    0xe7, 0x49, 0x69, 0x5a, 0xdf, 0xf7, 0xdf, 0xff, 0xdf, 0xff, 0x59, 0xce,
    0x88, 0x5a, 0x28, 0x52, 0xe7, 0x49, 0xe7, 0x49, 0xe7, 0x49, 0xe7, 0x49,
    0xe7, 0x49, 0xe7, 0x49, 0xe7, 0x49, 0xe7, 0x49, 0xe7, 0x49, 0xe7, 0x49,
    0xe7, 0x49, 0xe7, 0x49, 0xe7, 0x49, 0xe7, 0x49, 0xe7, 0x49, 0xe7, 0x49,
    0xe7, 0x49, 0xe7, 0x49, 0xe7, 0x49, 0xe7, 0x49, 0xe7, 0x49, 0xe7, 0x49,
    0xe7, 0x49, 0xe7, 0x49, 0xe7, 0x49, 0xe7, 0x49, 0xe7, 0x49, 0xe7, 0x49,
    0xe7, 0x49, 0xe7, 0x49, 0xe7, 0x49, 0xe7, 0x49, 0xe7, 0x49, 0xe7, 0x49,
    0xe7, 0x49, 0xe7, 0x49, 0xe7, 0x49, 0xe7, 0x49, 0xe7, 0x49, 0xe7, 0x49,
    0xe7, 0x49, 0xe7, 0x49, 0xe7, 0x49, 0xe7, 0x49, 0xe7, 0x49, 0xe7, 0x49,
    0x56, 0xa5, 0x56, 0xa5, 0x56, 0xa5, 0x56, 0xa5, 0x35, 0xa5, 0x35, 0xa5,
    0x35, 0xa5, 0x35, 0xa5, 0x35, 0xa5, 0x35, 0xa5, 0x35, 0xa5, 0x15, 0xa5,
    0x15, 0x9d, 0x15, 0x9d, 0x15, 0x9d, 0x15, 0x9d, 0x15, 0x9d, 0x15, 0x9d,
    0xf4, 0x9c, 0xf4, 0x9c, 0xf4, 0x9c, 0xf4, 0x9c, 0xf4, 0x9c, 0xf4, 0x9c,
    0xd4, 0x94, 0xd4, 0x94, 0xd4, 0x94, 0xd4, 0x94, 0xd4, 0x94, 0xd4, 0x94,
    0xd4, 0x94, 0xb4, 0x94, 0xb3, 0x94, 0xb3, 0x94, 0xb3, 0x94, 0xb3, 0x94,
    0xb3, 0x94, 0xb3, 0x8c, 0x93, 0x8c, 0x93, 0x8c, 0x93, 0x8c, 0x93, 0x8c,
    0x18, 0xc6, 0xbe, 0xf7, 0x18, 0xc6, 0x73, 0x8c, 0x73, 0x8c, 0x72, 0x8c,
    0x72, 0x8c, 0x72, 0x8c, 0x18, 0xbe, 0xbe, 0xf7, 0xf0, 0x83, 0xe7, 0x49,
    0xc7, 0x49, 0xe7, 0x49, 0xc7, 0x49, 0xe7, 0x49, 0xc7, 0x49, 0xe7, 0x49,
    0xc7, 0x49, 0xe7, 0x49, 0xc7, 0x49, 0xe7, 0x49, 0xc7, 0x49, 0xe7, 0x49,
    0xc7, 0x49, 0xe7, 0x49, 0xc7, 0x49, 0xe7, 0x49, 0xc7, 0x49, 0xe7, 0x49,
    0xc7, 0x49, 0xe7, 0x49, 0xc7, 0x49, 0xe7, 0x49, 0xc7, 0x49, 0xe7, 0x49,
    0xc7, 0x49, 0xe7, 0x49, 0xc7, 0x49, 0xe7, 0x49, 0xc7, 0x49, 0xe7, 0x49,
    0xc7, 0x49, 0xe7, 0x49, 0xc7, 0x49, 0xe7, 0x49, 0x07, 0x52, 0x5d, 0xef,
    0xdf, 0xff, 0xdf, 0xff, 0x5d, 0xef, 0x88, 0x5a, 0x27, 0x52, 0xe7, 0x49,
    0xe7, 0x49, 0x59, 0xce, 0xdf, 0xff, 0xdf, 0xff, 0xbe, 0xf7, 0x6b, 0x73,
    0xa8, 0x62, 0x28, 0x52, 0xe7, 0x49, 0xe7, 0x49, 0xc7, 0x49, 0xe7, 0x49,
    0xe7, 0x49, 0xe7, 0x49, 0xc7, 0x49, 0xe7, 0x49, 0xc7, 0x49, 0xe7, 0x49,
    0xc7, 0x49, 0xe7, 0x49, 0xc7, 0x49, 0xe7, 0x49, 0xc7, 0x49, 0xe7, 0x49,
    0xc7, 0x49, 0xe7, 0x49, 0xc7, 0x49, 0xe7, 0x49, 0xc7, 0x49, 0xe7, 0x49,
    0xc7, 0x49, 0xe7, 0x49, 0xc7, 0x49, 0xe7, 0x49, 0xc7, 0x49, 0xe7, 0x49,
    0xc7, 0x49, 0xe7, 0x49, 0xc7, 0x49, 0xe7, 0x49, 0xc7, 0x49, 0xe7, 0x49,
    0xc7, 0x49, 0xe7, 0x49, 0xc7, 0x49, 0xe7, 0x49, 0xc7, 0x49, 0xe7, 0x49,
    0xc7, 0x49, 0xe7, 0x49, 0xc7, 0x49, 0xe7, 0x49, 0xc7, 0x49, 0xe7, 0x49,
    0x56, 0xa5, 0x56, 0xa5, 0x56, 0xa5, 0x55, 0xa5, 0x35, 0xa5, 0x35, 0xa5,
    0x35, 0xa5, 0x35, 0xa5, 0x35, 0xa5, 0x35, 0xa5, 0x35, 0xa5, 0x15, 0x9d,
    0x15, 0x9d, 0x15, 0x9d, 0x15, 0x9d, 0x15, 0x9d, 0x15, 0x9d, 0x15, 0x9d,
    0xf4, 0x9c, 0xf4, 0x9c, 0xf4, 0x9c, 0xf4, 0x9c, 0xf4, 0x9c, 0xf4, 0x9c,
    0xd4, 0x94, 0xd4, 0x94, 0xd4, 0x94, 0xd4, 0x94, 0xd4, 0x94, 0xd4, 0x94,
    0xd4, 0x94, 0xb4, 0x94, 0xb3, 0x94, 0xb3, 0x94, 0xb3, 0x94, 0xb3, 0x94,
    0xb3, 0x94, 0xb3, 0x8c, 0x93, 0x8c, 0x93, 0x8c, 0x93, 0x8c, 0x18, 0xc6,
    0xbe, 0xf7, 0x18, 0xc6, 0x73, 0x8c, 0x73, 0x8c, 0x73, 0x8c, 0x72, 0x8c,
    0x72, 0x8c, 0x18, 0xbe, 0xbe, 0xf7, 0xf8, 0xbd, 0x0d, 0x6b, 0xe7, 0x49,
    0xe7, 0x49, 0xe7, 0x49, 0xe7, 0x49, 0xe7, 0x49, 0xe7, 0x49, 0xe7, 0x49,
    0xe7, 0x49, 0xe7, 0x49, 0xe7, 0x49, 0xe7, 0x49, 0xe7, 0x49, 0xe7, 0x49,
    0xe7, 0x49, 0xe7, 0x49, 0xe7, 0x49, 0xe7, 0x49, 0xe7, 0x49, 0xe7, 0x49,
    0xe7, 0x49, 0xe7, 0x49, 0xe7, 0x49, 0xe7, 0x49, 0xe7, 0x49, 0xe7, 0x49,
    0xe7, 0x49, 0xe7, 0x49, 0xe7, 0x49, 0xe7, 0x49, 0xe7, 0x49, 0xe7, 0x49,
    0xe7, 0x49, 0xe7, 0x49, 0xe7, 0x49, 0xe7, 0x49, 0x07, 0x52, 0xce, 0x83,
    0xdf, 0xff, 0xdf, 0xff, 0xdf, 0xff, 0x13, 0xa5, 0x68, 0x5a, 0x07, 0x52,
    0x0b, 0x6b, 0xdf, 0xff, 0xdf, 0xff, 0xdf, 0xff, 0xb5, 0xbd, 0x09, 0x6b,
    0x68, 0x5a, 0x07, 0x52, 0xe7, 0x49, 0xe7, 0x49, 0xaa, 0x62, 0xae, 0x7b,
    0xae, 0x83, 0x49, 0x52, 0xe7, 0x49, 0xe7, 0x49, 0xe7, 0x49, 0xe7, 0x49,
    0xe7, 0x49, 0xe7, 0x49, 0xe7, 0x49, 0xe7, 0x49, 0xe7, 0x49, 0xe7, 0x49,
    0xe7, 0x49, 0xe7, 0x49, 0xe7, 0x49, 0xe7, 0x49, 0xe7, 0x49, 0xe7, 0x49,
    0xe7, 0x49, 0xe7, 0x49, 0xe7, 0x49, 0xe7, 0x49, 0xe7, 0x49, 0xe7, 0x49,
    0xe7, 0x49, 0xe7, 0x49, 0xe7, 0x49, 0xe7, 0x49, 0xe7, 0x49, 0xe7, 0x49,
    0xe7, 0x49, 0xe7, 0x49, 0xe7, 0x49, 0xe7, 0x49, 0xe7, 0x49, 0xe7, 0x49,
    0xe7, 0x49, 0xe7, 0x49, 0xe7, 0x49, 0xe7, 0x49, 0xe7, 0x49, 0xe7, 0x49,
    0x56, 0xa5, 0x56, 0xa5, 0x55, 0xa5, 0x35, 0xa5, 0x35, 0xa5, 0x35, 0xa5,
    0x35, 0xa5, 0x35, 0xa5, 0x35, 0xa5, 0x35, 0xa5, 0x15, 0x9d, 0x15, 0x9d,
    0x15, 0x9d, 0x15, 0x9d, 0x15, 0x9d, 0x15, 0x9d, 0xf4, 0x9c, 0xf4, 0x9c,
    0xf4, 0x9c, 0xf4, 0x9c, 0xf4, 0x9c, 0xf4, 0x9c, 0xf4, 0x94, 0xd4, 0x94,
    0xd4, 0x94, 0xd4, 0x94, 0xd4, 0x94, 0xd4, 0x94, 0xd4, 0x94, 0xd4, 0x94,
    0xb4, 0x94, 0xb3, 0x94, 0xb3, 0x94, 0xb3, 0x94, 0xb3, 0x94, 0xb3, 0x8c,
    0x93, 0x8c, 0x93, 0x8c, 0x93, 0x8c, 0x93, 0x8c, 0x56, 0xa5, 0xbe, 0xf7,
    0x18, 0xc6, 0x73, 0x8c, 0x73, 0x8c, 0x73, 0x8c, 0x72, 0x8c, 0x72, 0x8c,
    0x18, 0xbe, 0xbe, 0xf7, 0xf8, 0xbd, 0x52, 0x84, 0x0c, 0x6b, 0xc7, 0x49,
    0xc7, 0x49, 0xc7, 0x49, 0xc7, 0x49, 0xc7, 0x49, 0xc7, 0x49, 0xc7, 0x49,
    0xc7, 0x49, 0xc7, 0x49, 0xc7, 0x49, 0xc7, 0x49, 0xc7, 0x49, 0xc7, 0x49,
    0xc7, 0x49, 0xc7, 0x49, 0xc7, 0x49, 0xc7, 0x49, 0xc7, 0x49, 0xc7, 0x49,
    0xc7, 0x49, 0xc7, 0x49, 0xc7, 0x49, 0xc7, 0x49, 0xc7, 0x49, 0xc7, 0x49,
    0xc7, 0x49, 0xc7, 0x49, 0xc7, 0x49, 0xc7, 0x49, 0xc7, 0x49, 0xc7, 0x49,
    0xc7, 0x49, 0xc7, 0x49, 0xc7, 0x49, 0xc7, 0x49, 0xe7, 0x49, 0x27, 0x52,
    0xba, 0xd6, 0xdf, 0xff, 0xdf, 0xff, 0x9e, 0xf7, 0xa9, 0x62, 0x28, 0x52,
    0xfb, 0xde, 0xdf, 0xff, 0xdf, 0xff, 0x7d, 0xef, 0x29, 0x6b, 0xa8, 0x62,
    0x27, 0x52, 0xe7, 0x49, 0xc7, 0x49, 0xe7, 0x49, 0x38, 0xce, 0xdf, 0xff,
    0xdf, 0xff, 0x0f, 0x8c, 0x27, 0x52, 0xe7, 0x49, 0xc7, 0x49, 0xc7, 0x49,
    0xc7, 0x49, 0xc7, 0x49, 0xc7, 0x49, 0xc7, 0x49, 0xc7, 0x49, 0xc7, 0x49,
    0xc7, 0x49, 0xc7, 0x49, 0xc7, 0x49, 0xc7, 0x49, 0xc7, 0x49, 0xc7, 0x49,
    0xc7, 0x49, 0xc7, 0x49, 0xc7, 0x49, 0xc7, 0x49, 0xc7, 0x49, 0xc7, 0x49,
    0xc7, 0x49, 0xc7, 0x49, 0xc7, 0x49, 0xc7, 0x49, 0xc7, 0x49, 0xc7, 0x49,
    0xc7, 0x49, 0xc7, 0x49, 0xc7, 0x49, 0xc7, 0x49, 0xc7, 0x49, 0xc7, 0x49,
    0xc7, 0x49, 0xc7, 0x49, 0xc7, 0x49, 0xc7, 0x49, 0xc7, 0x49, 0xc7, 0x49,
    0x56, 0xa5, 0x56, 0xa5, 0x35, 0xa5, 0x35, 0xa5, 0x35, 0xa5, 0x35, 0xa5,
    0x35, 0xa5, 0x35, 0xa5, 0x35, 0xa5, 0x15, 0xa5, 0x15, 0x9d, 0x15, 0x9d,
    0x15, 0x9d, 0x15, 0x9d, 0x15, 0x9d, 0x15, 0x9d, 0xf4, 0x9c, 0xf4, 0x9c,
    0xf4, 0x9c, 0xf4, 0x9c, 0xf4, 0x9c, 0xf4, 0x9c, 0xd4, 0x94, 0xd4, 0x94,
    0xd4, 0x94, 0xd4, 0x94, 0xd4, 0x94, 0xd4, 0x94, 0xd4, 0x94, 0xb4, 0x94,
    0xb3, 0x94, 0xb3, 0x94, 0xb3, 0x94, 0xb3, 0x94, 0xb3, 0x94, 0xb3, 0x8c,
    0x93, 0x8c, 0x93, 0x8c, 0x93, 0x8c, 0x93, 0x8c, 0x18, 0xc6, 0x18, 0xc6,
    0x73, 0x8c, 0x73, 0x8c, 0x73, 0x8c, 0x72, 0x8c, 0x72, 0x8c, 0x18, 0xbe,
    0xbe, 0xf7, 0xf8, 0xbd, 0x52, 0x84, 0x52, 0x84, 0x0c, 0x6b, 0xc7, 0x49,
    0xc7, 0x49, 0xc7, 0x49, 0xc7, 0x49, 0xc7, 0x49, 0xc7, 0x49, 0xc7, 0x49,
    0xc7, 0x49, 0xc7, 0x49, 0xc7, 0x49, 0xc7, 0x49, 0xc7, 0x49, 0xc7, 0x49,
    0xc7, 0x49, 0xc7, 0x49, 0xc7, 0x49, 0xc7, 0x49, 0xc7, 0x49, 0xc7, 0x49,
    0xc7, 0x49, 0xc7, 0x49, 0xc7, 0x49, 0xc7, 0x49, 0xc7, 0x49, 0xc7, 0x49,
    0xc7, 0x49, 0xc7, 0x49, 0xc7, 0x49, 0xc7, 0x49, 0xc7, 0x49, 0xc7, 0x49,
    0xc7, 0x49, 0xc7, 0x49, 0xc7, 0x49, 0xc7, 0x49, 0xe7, 0x49, 0xe7, 0x49,
    0xea, 0x6a, 0xdf, 0xf7, 0xdf, 0xff, 0xdf, 0xff, 0xb6, 0xbd, 0x10, 0x8c,
    0xdf, 0xff, 0xdf, 0xff, 0xdf, 0xff, 0xb1, 0x9c, 0xe9, 0x6a, 0x68, 0x5a,
    0x07, 0x52, 0xe7, 0x49, 0xc7, 0x49, 0xe7, 0x49, 0x38, 0xce, 0xdf, 0xff,
    0xdf, 0xff, 0x50, 0x94, 0x68, 0x5a, 0x07, 0x52, 0xe7, 0x49, 0xc7, 0x49,
    0xc7, 0x49, 0xc7, 0x49, 0xc7, 0x49, 0xc7, 0x49, 0xc7, 0x49, 0xc7, 0x49,
    0xc7, 0x49, 0xc7, 0x49, 0xc7, 0x49, 0xc7, 0x49, 0xc7, 0x49, 0xc7, 0x49,
    0xc7, 0x49, 0xc7, 0x49, 0xc7, 0x49, 0xc7, 0x49, 0xc7, 0x49, 0xc7, 0x49,
    0xc7, 0x49, 0xc7, 0x49, 0xc7, 0x49, 0xc7, 0x49, 0xc7, 0x49, 0xc7, 0x49,
    0xc7, 0x49, 0xc7, 0x49, 0xc7, 0x49, 0xc7, 0x49, 0xc7, 0x49, 0xc7, 0x49,
    0xc7, 0x49, 0xc7, 0x49, 0xc7, 0x49, 0xc7, 0x49, 0xc7, 0x49, 0xc7, 0x49,
    0x35, 0xa5, 0x35, 0xa5, 0x35, 0xa5, 0x35, 0xa5, 0x35, 0xa5, 0x35, 0xa5,
    0x35, 0xa5, 0x15, 0xa5, 0x15, 0x9d, 0x15, 0x9d, 0x15, 0x9d, 0x15, 0x9d,
    0x15, 0x9d, 0x15, 0x9d, 0xf4, 0x9c, 0xf4, 0x9c, 0xf4, 0x9c, 0xf4, 0x9c,
    0xf4, 0x9c, 0xf4, 0x9c, 0xd4, 0x94, 0xd4, 0x94, 0xd4, 0x94, 0xd4, 0x94,
    0xd4, 0x94, 0xd4, 0x94, 0xd4, 0x94, 0xb4, 0x94, 0xb3, 0x94, 0xb3, 0x94,
    0xb3, 0x94, 0xb3, 0x94, 0xb3, 0x94, 0xb3, 0x8c, 0x93, 0x8c, 0x93, 0x8c,
    0x93, 0x8c, 0x93, 0x8c, 0x93, 0x8c, 0x93, 0x8c, 0x56, 0xa5, 0x73, 0x8c,
    0x73, 0x8c, 0x72, 0x8c, 0x72, 0x8c, 0x72, 0x8c, 0x18, 0xbe, 0xbe, 0xf7,
    0xf8, 0xbd, 0x52, 0x84, 0x52, 0x84, 0x52, 0x84, 0x0c, 0x63, 0xc7, 0x49,
    0xc7, 0x49, 0xc7, 0x49, 0xc7, 0x49, 0xc7, 0x49, 0xc7, 0x49, 0xc7, 0x49,
    0xc7, 0x49, 0xc7, 0x49, 0xc7, 0x49, 0xc7, 0x49, 0xc7, 0x49, 0xc7, 0x49,
    0xc7, 0x49, 0xc7, 0x49, 0xc7, 0x49, 0xc7, 0x49, 0xc7, 0x49, 0xc7, 0x49,
    0xc7, 0x49, 0xc7, 0x49, 0xc7, 0x49, 0xc7, 0x49, 0xc7, 0x49, 0xc7, 0x49,
    0xc7, 0x49, 0xc7, 0x49, 0xc7, 0x49, 0xc7, 0x49, 0xc7, 0x49, 0xc7, 0x49,
    0xc7, 0x49, 0xc7, 0x49, 0xc7, 0x49, 0xc7, 0x49, 0xc7, 0x49, 0xc7, 0x49,
    0x07, 0x52, 0xd6, 0xbd, 0xdf, 0xff, 0xdf, 0xff, 0xbf, 0xf7, 0x7d, 0xef,
    0xdf, 0xff, 0xdf, 0xff, 0xfb, 0xe6, 0x29, 0x6b, 0x88, 0x5a, 0x07, 0x52,
    0xe7, 0x49, 0xc7, 0x49, 0xc7, 0x49, 0xe7, 0x49, 0x58, 0xce, 0xdf, 0xff,
    0xdf, 0xff, 0x91, 0x9c, 0x68, 0x5a, 0x07, 0x52, 0xc7, 0x49, 0xc7, 0x49,
    0xc7, 0x49, 0xc7, 0x49, 0xc7, 0x49, 0xc7, 0x49, 0xc7, 0x49, 0xc7, 0x49,
    0xc7, 0x49, 0xc7, 0x49, 0xc7, 0x49, 0xc7, 0x49, 0xc7, 0x49, 0xc7, 0x49,
    0xc7, 0x49, 0xc7, 0x49, 0xc7, 0x49, 0xc7, 0x49, 0xc7, 0x49, 0xc7, 0x49,
    0xc7, 0x49, 0xc7, 0x49, 0xc7, 0x49, 0xc7, 0x49, 0xc7, 0x49, 0xc7, 0x49,
    0xc7, 0x49, 0xc7, 0x49, 0xc7, 0x49, 0xc7, 0x49, 0xc7, 0x49, 0xc7, 0x49,
    0xc7, 0x49, 0xc7, 0x49, 0xc7, 0x49, 0xc7, 0x49, 0xc7, 0x49, 0xc7, 0x49,
    0x35, 0xa5, 0x35, 0xa5, 0x35, 0xa5, 0x35, 0xa5, 0x35, 0xa5, 0x35, 0xa5,
    0x35, 0xa5, 0x15, 0x9d, 0x15, 0x9d, 0x15, 0x9d, 0x15, 0x9d, 0x15, 0x9d,
    0x15, 0x9d, 0x15, 0x9d, 0xf4, 0x9c, 0xf4, 0x9c, 0xf4, 0x9c, 0xf4, 0x9c,
    0xf4, 0x9c, 0xf4, 0x9c, 0xd4, 0x94, 0xd4, 0x94, 0xd4, 0x94, 0xd4, 0x94,
    0xd4, 0x94, 0xd4, 0x94, 0xd4, 0x94, 0xb4, 0x94, 0xb3, 0x94, 0xb3, 0x94,
    0xb3, 0x94, 0xb3, 0x94, 0xb3, 0x8c, 0xb3, 0x8c, 0x93, 0x8c, 0x93, 0x8c,
    0x93, 0x8c, 0x93, 0x8c, 0x93, 0x8c, 0x93, 0x8c, 0x73, 0x8c, 0x73, 0x8c,
    0x73, 0x8c, 0x72, 0x8c, 0x72, 0x8c, 0x18, 0xbe, 0xbe, 0xf7, 0xf8, 0xbd,
    0x52, 0x84, 0x52, 0x84, 0x52, 0x84, 0x52, 0x84, 0x0c, 0x63, 0xc7, 0x49,
    0xc7, 0x49, 0xc7, 0x49, 0xc7, 0x49, 0xc7, 0x49, 0xc7, 0x49, 0xc7, 0x49,
    0xc7, 0x49, 0xc7, 0x49, 0xc7, 0x49, 0xc7, 0x49, 0xc7, 0x49, 0xc7, 0x49,
    0xc7, 0x49, 0xc7, 0x49, 0xc7, 0x49, 0xc7, 0x49, 0xc7, 0x49, 0xc7, 0x49,
    0xc7, 0x49, 0xc7, 0x49, 0xc7, 0x49, 0xc7, 0x49, 0xc7, 0x49, 0xc7, 0x49,
    0xc7, 0x49, 0xc7, 0x49, 0xc7, 0x49, 0xc7, 0x49, 0xc7, 0x49, 0xc7, 0x49,
    0xc7, 0x49, 0xc7, 0x49, 0xc7, 0x49, 0xc7, 0x49, 0xc7, 0x49, 0xc7, 0x49,
    0xe7, 0x49, 0x48, 0x5a, 0x9e, 0xf7, 0xdf, 0xff, 0xdf, 0xff, 0xdf, 0xff,
    0xdf, 0xff, 0xdf, 0xff, 0xed, 0x83, 0xc9, 0x62, 0x48, 0x52, 0xe7, 0x49,
    0xe7, 0x49, 0xe7, 0x49, 0xe7, 0x49, 0x07, 0x52, 0x59, 0xce, 0xdf, 0xff,
    0xdf, 0xff, 0x91, 0x9c, 0x88, 0x62, 0x27, 0x52, 0xe7, 0x49, 0xe7, 0x49,
    0xe7, 0x49, 0xe7, 0x49, 0xc7, 0x49, 0xc7, 0x49, 0xc7, 0x49, 0xc7, 0x49,
    0xc7, 0x49, 0xc7, 0x49, 0xc7, 0x49, 0xc7, 0x49, 0xc7, 0x49, 0xc7, 0x49,
    0xc7, 0x49, 0xc7, 0x49, 0xc7, 0x49, 0xc7, 0x49, 0xc7, 0x49, 0xc7, 0x49,
    0xc7, 0x49, 0xc7, 0x49, 0xc7, 0x49, 0xc7, 0x49, 0xc7, 0x49, 0xc7, 0x49,
    0xc7, 0x49, 0xc7, 0x49, 0xc7, 0x49, 0xc7, 0x49, 0xc7, 0x49, 0xc7, 0x49,
    0xc7, 0x49, 0xc7, 0x49, 0xc7, 0x49, 0xc7, 0x49, 0xc7, 0x49, 0xc7, 0x49,
    0x35, 0xa5, 0x35, 0xa5, 0x35, 0xa5, 0x35, 0xa5, 0x35, 0xa5, 0x15, 0xa5,
    0x15, 0x9d, 0x15, 0x9d, 0x15, 0x9d, 0x15, 0x9d, 0x15, 0x9d, 0x15, 0x9d,
    0xf4, 0x9c, 0xf4, 0x9c, 0xf4, 0x9c, 0xf4, 0x9c, 0xf4, 0x9c, 0xf4, 0x9c,
    0xd4, 0x94, 0xd4, 0x94, 0xd4, 0x94, 0xd4, 0x94, 0xd4, 0x94, 0xd4, 0x94,
    0xd4, 0x94, 0xb4, 0x94, 0xb3, 0x94, 0xb3, 0x94, 0xb3, 0x94, 0xb3, 0x94,
    0xb3, 0x94, 0xb3, 0x8c, 0x93, 0x8c, 0x93, 0x8c, 0x93, 0x8c, 0x93, 0x8c,
    0x93, 0x8c, 0x93, 0x8c, 0x93, 0x8c, 0x73, 0x8c, 0x73, 0x8c, 0x72, 0x8c,
    0x72, 0x8c, 0x72, 0x8c, 0x18, 0xbe, 0xbe, 0xf7, 0xf8, 0xbd, 0x52, 0x84,
    0x52, 0x84, 0x52, 0x84, 0x52, 0x84, 0x52, 0x84, 0xef, 0x83, 0xc7, 0x49,
    0xc7, 0x49, 0xc7, 0x49, 0xc7, 0x49, 0xc7, 0x49, 0xc7, 0x49, 0xc7, 0x49,
    0xc7, 0x49, 0xc7, 0x49, 0xc7, 0x49, 0xc7, 0x49, 0xc7, 0x49, 0xc7, 0x49,
    0xc7, 0x49, 0xc7, 0x49, 0xc7, 0x49, 0xc7, 0x49, 0xc7, 0x49, 0xc7, 0x49,
    0xc7, 0x49, 0xc7, 0x49, 0xc7, 0x49, 0xc7, 0x49, 0xc7, 0x49, 0xc7, 0x49,
    0xc7, 0x49, 0xc7, 0x49, 0xc7, 0x49, 0xc7, 0x49, 0xc7, 0x49, 0xc7, 0x49,
    0xc7, 0x49, 0xc7, 0x49, 0xc7, 0x49, 0xc7, 0x49, 0xc7, 0x49, 0xc7, 0x49,
    0xc7, 0x49, 0x07, 0x52, 0x92, 0x9c, 0xdf, 0xff, 0xdf, 0xff, 0xdf, 0xff,
    0xdf, 0xff, 0x58, 0xce, 0x09, 0x6b, 0x68, 0x5a, 0x07, 0x52, 0x8a, 0x62,
    0x5d, 0xef, 0x5d, 0xef, 0x7d, 0xef, 0x7d, 0xef, 0xdf, 0xff, 0xdf, 0xff,
    0xdf, 0xff, 0xdf, 0xff, 0x7d, 0xef, 0x7d, 0xef, 0x7d, 0xef, 0xba, 0xd6,
    0x27, 0x52, 0xe7, 0x49, 0xc7, 0x49, 0xc7, 0x49, 0xc7, 0x49, 0xc7, 0x49,
    0xc7, 0x49, 0xc7, 0x49, 0xc7, 0x49, 0xc7, 0x49, 0xc7, 0x49, 0xc7, 0x49,
    0xc7, 0x49, 0xc7, 0x49, 0xc7, 0x49, 0xc7, 0x49, 0xc7, 0x49, 0xc7, 0x49,
    0xc7, 0x49, 0xc7, 0x49, 0xc7, 0x49, 0xc7, 0x49, 0xc7, 0x49, 0xc7, 0x49,
    0xc7, 0x49, 0xc7, 0x49, 0xc7, 0x49, 0xc7, 0x49, 0xc7, 0x49, 0xc7, 0x49,
    0xc7, 0x49, 0xc7, 0x49, 0xc7, 0x49, 0xc7, 0x49, 0xc7, 0x49, 0xc7, 0x49,
    0x35, 0xa5, 0x35, 0xa5, 0x35, 0xa5, 0x35, 0xa5, 0x35, 0xa5, 0x15, 0xa5,
    0x15, 0x9d, 0x15, 0x9d, 0x15, 0x9d, 0x15, 0x9d, 0x15, 0x9d, 0x15, 0x9d,
    0xf4, 0x9c, 0xf4, 0x9c, 0xf4, 0x9c, 0xf4, 0x9c, 0xf4, 0x9c, 0xf4, 0x9c,
    0xd4, 0x94, 0xd4, 0x94, 0xd4, 0x94, 0xd4, 0x94, 0xd4, 0x94, 0xd4, 0x94,
    0xd4, 0x94, 0xb4, 0x94, 0xb3, 0x94, 0xb3, 0x94, 0xb3, 0x94, 0xb3, 0x94,
    0xb3, 0x94, 0xb3, 0x8c, 0x93, 0x8c, 0x93, 0x8c, 0x93, 0x8c, 0x93, 0x8c,
    0x93, 0x8c, 0x93, 0x8c, 0x73, 0x8c, 0x73, 0x8c, 0x73, 0x8c, 0x72, 0x8c,
    0x72, 0x8c, 0x18, 0xbe, 0xbe, 0xf7, 0xf8, 0xbd, 0x52, 0x84, 0x52, 0x84,
    0x52, 0x84, 0x52, 0x84, 0x52, 0x84, 0xf8, 0xbd, 0xb2, 0xa4, 0xc7, 0x49,
    0xc7, 0x49, 0xc7, 0x49, 0xc7, 0x49, 0xc7, 0x49, 0xc7, 0x49, 0xc7, 0x49,
    0xc7, 0x49, 0xc7, 0x49, 0xc7, 0x49, 0xc7, 0x49, 0xc7, 0x49, 0xc7, 0x49,
    0xc7, 0x49, 0xc7, 0x49, 0xc7, 0x49, 0xc7, 0x49, 0xc7, 0x49, 0xc7, 0x49,
    0xc7, 0x49, 0xc7, 0x49, 0xc7, 0x49, 0xc7, 0x49, 0xc7, 0x49, 0xc7, 0x49,
    0xc7, 0x49, 0xc7, 0x49, 0xc7, 0x49, 0xc7, 0x49, 0xc7, 0x49, 0xc7, 0x49,
    0xc7, 0x49, 0xc7, 0x49, 0xc7, 0x49, 0xc7, 0x49, 0xc7, 0x49, 0xc7, 0x49,
    0xc7, 0x49, 0xe7, 0x49, 0x27, 0x52, 0x3c, 0xe7, 0xdf, 0xff, 0xdf, 0xff,
    0xbe, 0xf7, 0x6a, 0x73, 0xa8, 0x62, 0x27, 0x52, 0xe7, 0x49, 0xeb, 0x6a,
    0xdf, 0xff, 0xdf, 0xff, 0xdf, 0xff, 0xdf, 0xff, 0xdf, 0xff, 0xdf, 0xff,
    0xdf, 0xff, 0xdf, 0xff, 0xdf, 0xff, 0xdf, 0xff, 0xdf, 0xff, 0x9e, 0xf7,
    0x88, 0x5a, 0x27, 0x52, 0xe7, 0x49, 0xc7, 0x49, 0xc7, 0x49, 0xc7, 0x49,
    0xc7, 0x49, 0xc7, 0x49, 0xc7, 0x49, 0xc7, 0x49, 0xc7, 0x49, 0xc7, 0x49,
    0xc7, 0x49, 0xc7, 0x49, 0xc7, 0x49, 0xc7, 0x49, 0xc7, 0x49, 0xc7, 0x49,
    0xc7, 0x49, 0xc7, 0x49, 0xc7, 0x49, 0xc7, 0x49, 0xc7, 0x49, 0xc7, 0x49,
    0xc7, 0x49, 0xc7, 0x49, 0xc7, 0x49, 0xc7, 0x49, 0xc7, 0x49, 0xc7, 0x49,
    0xc7, 0x49, 0xc7, 0x49, 0xc7, 0x49, 0xc7, 0x49, 0xc7, 0x49, 0xc7, 0x49,
    0x35, 0xa5, 0x35, 0xa5, 0x35, 0xa5, 0x15, 0xa5, 0x15, 0x9d, 0x15, 0x9d,
    0x15, 0x9d, 0x15, 0x9d, 0x15, 0x9d, 0x15, 0x9d, 0xf4, 0x9c, 0xf4, 0x9c,
    0xf4, 0x9c, 0xf4, 0x9c, 0xf4, 0x9c, 0xf4, 0x9c, 0xd4, 0x94, 0xd4, 0x94,
    0xd4, 0x94, 0xd4, 0x94, 0xd4, 0x94, 0xd4, 0x94, 0xd4, 0x94, 0xb4, 0x94,
    0xb3, 0x94, 0xb3, 0x94, 0xb3, 0x94, 0xb3, 0x94, 0xb3, 0x94, 0xb3, 0x8c,
    0x93, 0x8c, 0x93, 0x8c, 0x93, 0x8c, 0x93, 0x8c, 0x93, 0x8c, 0x93, 0x8c,
    0x73, 0x8c, 0x73, 0x8c, 0x73, 0x8c, 0x72, 0x8c, 0x72, 0x8c, 0x72, 0x8c,
    0x18, 0xbe, 0xbe, 0xf7, 0xf8, 0xbd, 0x52, 0x84, 0x52, 0x84, 0x52, 0x84,
    0x52, 0x84, 0x52, 0x84, 0xf8, 0xbd, 0xbe, 0xf7, 0xcf, 0x83, 0xc7, 0x49,
    0xc7, 0x49, 0xc7, 0x49, 0xc7, 0x49, 0xc7, 0x49, 0xc7, 0x49, 0xc7, 0x49,
    0xc7, 0x49, 0xc7, 0x49, 0xc7, 0x49, 0xc7, 0x49, 0xc7, 0x49, 0xc7, 0x49,
    0xc7, 0x49, 0xc7, 0x49, 0xc7, 0x49, 0xc7, 0x49, 0xc7, 0x49, 0xc7, 0x49,
    0xc7, 0x49, 0xc7, 0x49, 0xc7, 0x49, 0xc7, 0x49, 0xc7, 0x49, 0xc7, 0x49,
    0xc7, 0x49, 0xc7, 0x49, 0xc7, 0x49, 0xc7, 0x49, 0xc7, 0x49, 0xc7, 0x49,
    0xc7, 0x49, 0xc7, 0x49, 0xc7, 0x49, 0xc7, 0x49, 0xc7, 0x49, 0xc7, 0x49,
    0xc7, 0x49, 0xc7, 0x49, 0xe7, 0x49, 0xd7, 0xc5, 0xdf, 0xff, 0xdf, 0xff,
    0x3c, 0xe7, 0x09, 0x6b, 0x68, 0x5a, 0x07, 0x52, 0xc7, 0x49, 0xaa, 0x62,
    0xdf, 0xf7, 0xdf, 0xf7, 0xdf, 0xff, 0xdf, 0xff, 0xdf, 0xff, 0xdf, 0xff,
    0xdf, 0xff, 0xdf, 0xff, 0xdf, 0xff, 0xdf, 0xff, 0xdf, 0xff, 0x7d, 0xef,
    0xc8, 0x62, 0x27, 0x52, 0xc7, 0x49, 0xc7, 0x49, 0xc7, 0x49, 0xc7, 0x49,
    0xc7, 0x49, 0xc7, 0x49, 0xc7, 0x49, 0xc7, 0x49, 0xc7, 0x49, 0xc7, 0x49,
    0xc7, 0x49, 0xc7, 0x49, 0xc7, 0x49, 0xc7, 0x49, 0xc7, 0x49, 0xc7, 0x49,
    0xc7, 0x49, 0xc7, 0x49, 0xc7, 0x49, 0xc7, 0x49, 0xc7, 0x49, 0xc7, 0x49,
    0xc7, 0x49, 0xc7, 0x49, 0xc7, 0x49, 0xc7, 0x49, 0xc7, 0x49, 0xc7, 0x49,
    0xc7, 0x49, 0xc7, 0x49, 0xc7, 0x49, 0xc7, 0x49, 0xc7, 0x49, 0xc7, 0x49,
    0x35, 0xa5, 0x35, 0xa5, 0x35, 0xa5, 0x15, 0x9d, 0x15, 0x9d, 0x15, 0x9d,
    0x15, 0x9d, 0x15, 0x9d, 0x15, 0x9d, 0x15, 0x9d, 0xf4, 0x9c, 0xf4, 0x9c,
    0xf4, 0x9c, 0xf4, 0x9c, 0xf4, 0x9c, 0xf4, 0x9c, 0xd4, 0x94, 0xd4, 0x94,
    0xd4, 0x94, 0xd4, 0x94, 0xd4, 0x94, 0xd4, 0x94, 0xd4, 0x94, 0xb4, 0x94,
    0xb3, 0x94, 0xb3, 0x94, 0xb3, 0x94, 0xb3, 0x94, 0xb3, 0x94, 0xb3, 0x8c,
    0x93, 0x8c, 0x93, 0x8c, 0x93, 0x8c, 0x93, 0x8c, 0x93, 0x8c, 0x93, 0x8c,
    0x73, 0x8c, 0x73, 0x8c, 0x73, 0x8c, 0x72, 0x8c, 0x72, 0x8c, 0x18, 0xbe,
    0xbe, 0xf7, 0xf8, 0xbd, 0x52, 0x84, 0x52, 0x84, 0x52, 0x84, 0x52, 0x84,
    0x52, 0x84, 0xf8, 0xbd, 0xbe, 0xf7, 0xf8, 0xbd, 0x0c, 0x63, 0xc7, 0x49,
    0xc7, 0x49, 0xc7, 0x49, 0xc7, 0x49, 0xc7, 0x49, 0xc7, 0x49, 0xc7, 0x49,
    0xc7, 0x49, 0xc7, 0x49, 0xc7, 0x49, 0xc7, 0x49, 0xc7, 0x49, 0xc7, 0x49,
    0xc7, 0x49, 0xc7, 0x49, 0xc7, 0x49, 0xc7, 0x49, 0xc7, 0x49, 0xc7, 0x49,
    0xc7, 0x49, 0xc7, 0x49, 0xc7, 0x49, 0xc7, 0x49, 0xc7, 0x49, 0xc7, 0x49,
    0xc7, 0x49, 0xc7, 0x49, 0xc7, 0x49, 0xc7, 0x49, 0xc7, 0x49, 0xc7, 0x49,
    0xc7, 0x49, 0xc7, 0x49, 0xc7, 0x49, 0xc7, 0x49, 0xc7, 0x49, 0xc7, 0x49,
    0xc7, 0x49, 0xc7, 0x49, 0xc7, 0x49, 0xd7, 0xbd, 0xdf, 0xff, 0xdf, 0xff,
    0x1c, 0xe7, 0xe9, 0x6a, 0x48, 0x5a, 0xe7, 0x49, 0xc7, 0x49, 0xe7, 0x49,
    0x27, 0x52, 0xa8, 0x62, 0xe9, 0x6a, 0x09, 0x6b, 0x99, 0xd6, 0xdf, 0xff,
    0xdf, 0xff, 0xd1, 0x9c, 0x29, 0x73, 0x09, 0x6b, 0xe9, 0x6a, 0xe9, 0x6a,
    0x88, 0x62, 0x27, 0x52, 0xc7, 0x49, 0xc7, 0x49, 0xc7, 0x49, 0xc7, 0x49,
    0xc7, 0x49, 0xc7, 0x49, 0xc7, 0x49, 0xc7, 0x49, 0xc7, 0x49, 0xc7, 0x49,
    0xc7, 0x49, 0xc7, 0x49, 0xc7, 0x49, 0xc7, 0x49, 0xc7, 0x49, 0xc7, 0x49,
    0xc7, 0x49, 0xc7, 0x49, 0xc7, 0x49, 0xc7, 0x49, 0xc7, 0x49, 0xc7, 0x49,
    0xc7, 0x49, 0xc7, 0x49, 0xc7, 0x49, 0xc7, 0x49, 0xc7, 0x49, 0xc7, 0x49,
    0xc7, 0x49, 0xc7, 0x49, 0xc7, 0x49, 0xc7, 0x49, 0xc7, 0x49, 0xc7, 0x49,
    0x35, 0xa5, 0x35, 0xa5, 0x15, 0x9d, 0x15, 0x9d, 0x15, 0x9d, 0x15, 0x9d,
    0x15, 0x9d, 0x15, 0x9d, 0xf4, 0x9c, 0xf4, 0x9c, 0xf4, 0x9c, 0xf4, 0x9c,
    0xf4, 0x9c, 0xf4, 0x9c, 0xf4, 0x94, 0xd4, 0x94, 0xd4, 0x94, 0xd4, 0x94,
    0xd4, 0x94, 0xd4, 0x94, 0xd4, 0x94, 0xd4, 0x94, 0xb4, 0x94, 0xb3, 0x94,
    0xb3, 0x94, 0xb3, 0x94, 0xb3, 0x94, 0xb3, 0x8c, 0x93, 0x8c, 0x93, 0x8c,
    0x93, 0x8c, 0x93, 0x8c, 0x93, 0x8c, 0x93, 0x8c, 0x93, 0x8c, 0x73, 0x8c,
    0x73, 0x8c, 0x73, 0x8c, 0x72, 0x8c, 0x72, 0x8c, 0x35, 0xa5, 0xbe, 0xf7,
    0xf8, 0xbd, 0x52, 0x84, 0x52, 0x84, 0x52, 0x84, 0x52, 0x84, 0x52, 0x84,
    0xf8, 0xbd, 0xbe, 0xf7, 0xf8, 0xbd, 0x32, 0x84, 0xec, 0x62, 0xc7, 0x49,
    0xc7, 0x49, 0xc7, 0x49, 0xc7, 0x49, 0xc7, 0x49, 0xc7, 0x49, 0xc7, 0x49,
    0xc7, 0x49, 0xc7, 0x49, 0xc7, 0x49, 0xc7, 0x49, 0xc7, 0x49, 0xc7, 0x49,
    0xc7, 0x49, 0xc7, 0x49, 0xc7, 0x49, 0xc7, 0x49, 0xc7, 0x49, 0xc7, 0x49,
    0xc7, 0x49, 0xc7, 0x49, 0xc7, 0x49, 0xc7, 0x49, 0xc7, 0x49, 0xc7, 0x49,
    0xc7, 0x49, 0xc7, 0x49, 0xc7, 0x49, 0xc7, 0x49, 0xc7, 0x49, 0xc7, 0x49,
    0xc7, 0x49, 0xc7, 0x49, 0xc7, 0x49, 0xc7, 0x49, 0xc7, 0x49, 0xc7, 0x49,
    0xc7, 0x49, 0xc7, 0x49, 0xc7, 0x49, 0xd7, 0xbd, 0xdf, 0xff, 0xdf, 0xff,
    0x1c, 0xe7, 0xe9, 0x62, 0x48, 0x52, 0xc7, 0x49, 0xc7, 0x49, 0xc7, 0x49,
    0xe7, 0x49, 0x27, 0x52, 0x48, 0x52, 0x48, 0x5a, 0x79, 0xce, 0xdf, 0xff,
    0xdf, 0xff, 0xb1, 0x9c, 0xc8, 0x62, 0x68, 0x5a, 0x48, 0x5a, 0x48, 0x52,
    0x27, 0x52, 0xe7, 0x49, 0xc7, 0x49, 0xc7, 0x49, 0xc7, 0x49, 0xc7, 0x49,
    0xc7, 0x49, 0xc7, 0x49, 0xc7, 0x49, 0xc7, 0x49, 0xc7, 0x49, 0xc7, 0x49,
    0xc7, 0x49, 0xc7, 0x49, 0xc7, 0x49, 0xc7, 0x49, 0xc7, 0x49, 0xc7, 0x49,
    0xc7, 0x49, 0xc7, 0x49, 0xc7, 0x49, 0xc7, 0x49, 0xc7, 0x49, 0xc7, 0x49,
    0xc7, 0x49, 0xc7, 0x49, 0xc7, 0x49, 0xc7, 0x49, 0xc7, 0x49, 0xc7, 0x49,
    0xc7, 0x49, 0xc7, 0x49, 0xc7, 0x49, 0xc7, 0x49, 0xc7, 0x49, 0xc7, 0x49,
    0x35, 0xa5, 0x15, 0xa5, 0x15, 0x9d, 0x15, 0x9d, 0x15, 0x9d, 0x15, 0x9d,
    0x15, 0x9d, 0x15, 0x9d, 0xf4, 0x9c, 0xf4, 0x9c, 0xf4, 0x9c, 0xf4, 0x9c,
    0xf4, 0x9c, 0xf4, 0x9c, 0xd4, 0x94, 0xd4, 0x94, 0xd4, 0x94, 0xd4, 0x94,
    0xd4, 0x94, 0xd4, 0x94, 0xd4, 0x94, 0xb4, 0x94, 0xb3, 0x94, 0xb3, 0x94,
    0xb3, 0x94, 0xb3, 0x94, 0xb3, 0x94, 0xb3, 0x8c, 0x93, 0x8c, 0x93, 0x8c,
    0x93, 0x8c, 0x93, 0x8c, 0x93, 0x8c, 0x93, 0x8c, 0x73, 0x8c, 0x73, 0x8c,
    0x73, 0x8c, 0x72, 0x8c, 0x72, 0x8c, 0x72, 0x8c, 0x18, 0xbe, 0xf8, 0xbd,
    0x52, 0x84, 0x52, 0x84, 0x52, 0x84, 0x52, 0x84, 0x52, 0x84, 0xf8, 0xbd,
    0xbe, 0xf7, 0xf8, 0xbd, 0x32, 0x84, 0x32, 0x84, 0xec, 0x62, 0xc7, 0x49,
    0xc7, 0x49, 0xc7, 0x49, 0xc7, 0x49, 0xc7, 0x49, 0xc7, 0x49, 0xc7, 0x49,
    0xc7, 0x49, 0xc7, 0x49, 0xc7, 0x49, 0xc7, 0x49, 0xc7, 0x49, 0xc7, 0x49,
    0xc7, 0x49, 0xc7, 0x49, 0xc7, 0x49, 0xc7, 0x49, 0xc7, 0x49, 0xc7, 0x49,
    0xc7, 0x49, 0xc7, 0x49, 0xc7, 0x49, 0xc7, 0x49, 0xc7, 0x49, 0xc7, 0x49,
    0xc7, 0x49, 0xc7, 0x49, 0xc7, 0x49, 0xc7, 0x49, 0xc7, 0x49, 0xc7, 0x49,
    0xc7, 0x49, 0xc7, 0x49, 0xc7, 0x49, 0xc7, 0x49, 0xc7, 0x49, 0xc7, 0x49,
    0xc7, 0x49, 0xc7, 0x49, 0xc7, 0x49, 0xd7, 0xbd, 0xdf, 0xff, 0xdf, 0xff,
    0x1c, 0xe7, 0xe9, 0x62, 0x48, 0x52, 0xc7, 0x49, 0xc7, 0x49, 0xc7, 0x49,
    0xc7, 0x49, 0xc7, 0x49, 0xe7, 0x49, 0xe7, 0x49, 0x59, 0xce, 0xdf, 0xff,
    0xdf, 0xff, 0x91, 0x9c, 0x88, 0x5a, 0x07, 0x52, 0xe7, 0x49, 0xe7, 0x49,
    0xc7, 0x49, 0xc7, 0x49, 0xc7, 0x49, 0xc7, 0x49, 0xc7, 0x49, 0xc7, 0x49,
    0xc7, 0x49, 0xc7, 0x49, 0xc7, 0x49, 0xc7, 0x49, 0xc7, 0x49, 0xc7, 0x49,
    0xc7, 0x49, 0xc7, 0x49, 0xc7, 0x49, 0xc7, 0x49, 0xc7, 0x49, 0xc7, 0x49,
    0xc7, 0x49, 0xc7, 0x49, 0xc7, 0x49, 0xc7, 0x49, 0xc7, 0x49, 0xc7, 0x49,
    0xc7, 0x49, 0xc7, 0x49, 0xc7, 0x49, 0xc7, 0x49, 0xc7, 0x49, 0xc7, 0x49,
    0xc7, 0x49, 0xc7, 0x49, 0xc7, 0x49, 0xc7, 0x49, 0xc7, 0x49, 0xc7, 0x49,
    0x15, 0x9d, 0x15, 0x9d, 0x15, 0x9d, 0x15, 0x9d, 0x15, 0x9d, 0x15, 0x9d,
    0xf4, 0x9c, 0xf4, 0x9c, 0xf4, 0x9c, 0xf4, 0x9c, 0xf4, 0x9c, 0xf4, 0x9c,
    0xd4, 0x94, 0xd4, 0x94, 0xd4, 0x94, 0xd4, 0x94, 0xd4, 0x94, 0xd4, 0x94,
    0xd4, 0x94, 0xb4, 0x94, 0xb3, 0x94, 0xb3, 0x94, 0xb3, 0x94, 0xb3, 0x94,
    0xb3, 0x94, 0xb3, 0x8c, 0x93, 0x8c, 0x93, 0x8c, 0x93, 0x8c, 0x93, 0x8c,
    0x93, 0x8c, 0x93, 0x8c, 0x73, 0x8c, 0x73, 0x8c, 0x73, 0x8c, 0x72, 0x8c,
    0x72, 0x8c, 0x72, 0x8c, 0x72, 0x84, 0x52, 0x84, 0x35, 0xa5, 0x52, 0x84,
    0x52, 0x84, 0x52, 0x84, 0x52, 0x84, 0x52, 0x84, 0xf8, 0xbd, 0xbe, 0xf7,
    0xf8, 0xbd, 0x32, 0x84, 0x31, 0x7c, 0x31, 0x7c, 0xec, 0x62, 0xc7, 0x49,
    0xc7, 0x49, 0xc7, 0x49, 0xc7, 0x49, 0xc7, 0x49, 0xc7, 0x49, 0xc7, 0x49,
    0xc7, 0x49, 0xc7, 0x49, 0xc7, 0x49, 0xc7, 0x49, 0xc7, 0x49, 0xc7, 0x49,
    0xc7, 0x49, 0xc7, 0x49, 0xc7, 0x49, 0xc7, 0x49, 0xc7, 0x49, 0xc7, 0x49,
    0xc7, 0x49, 0xc7, 0x49, 0xc7, 0x49, 0xc7, 0x49, 0xc7, 0x49, 0xc7, 0x49,
    0xc7, 0x49, 0xc7, 0x49, 0xc7, 0x49, 0xc7, 0x49, 0xc7, 0x49, 0xc7, 0x49,
    0xc7, 0x49, 0xc7, 0x49, 0xc7, 0x49, 0xc7, 0x49, 0xc7, 0x49, 0xc7, 0x49,
    0xc7, 0x49, 0xc7, 0x49, 0xc7, 0x49, 0xd7, 0xbd, 0xdf, 0xff, 0xdf, 0xff,
    0x1c, 0xe7, 0xc8, 0x62, 0x27, 0x52, 0xc7, 0x49, 0xc7, 0x49, 0xc7, 0x49,
    0xc7, 0x49, 0xc7, 0x49, 0xc7, 0x49, 0xc7, 0x49, 0x58, 0xce, 0xdf, 0xff,
    0xdf, 0xff, 0x91, 0x9c, 0x68, 0x5a, 0xe7, 0x51, 0xc6, 0x49, 0xc7, 0x49,
    0xc7, 0x49, 0xc7, 0x49, 0xc7, 0x49, 0xc7, 0x49, 0xc7, 0x49, 0xc7, 0x49,
    0xc7, 0x49, 0xc7, 0x49, 0xc7, 0x49, 0xc7, 0x49, 0xc7, 0x49, 0xc7, 0x49,
    0xc7, 0x49, 0xc7, 0x49, 0xc7, 0x49, 0xc7, 0x49, 0xc7, 0x49, 0xc7, 0x49,
    0xc7, 0x49, 0xc7, 0x49, 0xc7, 0x49, 0xc7, 0x49, 0xc7, 0x49, 0xc7, 0x49,
    0xc7, 0x49, 0xc7, 0x49, 0xc7, 0x49, 0xc7, 0x49, 0xc7, 0x49, 0xc7, 0x49,
    0xc7, 0x49, 0xc7, 0x49, 0xc7, 0x49, 0xc7, 0x49, 0xc7, 0x49, 0xc7, 0x49,
    0x15, 0x9d, 0x15, 0x9d, 0x15, 0x9d, 0x15, 0x9d, 0x15, 0x9d, 0x15, 0x9d,
    0xf4, 0x9c, 0xf4, 0x9c, 0xf4, 0x9c, 0xf4, 0x9c, 0xf4, 0x9c, 0xf4, 0x9c,
    0xd4, 0x94, 0xd4, 0x94, 0xd4, 0x94, 0xd4, 0x94, 0xd4, 0x94, 0xd4, 0x94,
    0xd4, 0x94, 0xb4, 0x94, 0xb3, 0x94, 0xb3, 0x94, 0xb3, 0x94, 0xb3, 0x94,
    0xb3, 0x8c, 0xb3, 0x8c, 0x93, 0x8c, 0x93, 0x8c, 0x93, 0x8c, 0x93, 0x8c,
    0x93, 0x8c, 0x93, 0x8c, 0x73, 0x8c, 0x73, 0x8c, 0x73, 0x8c, 0x72, 0x8c,
    0x72, 0x8c, 0x72, 0x8c, 0x72, 0x84, 0x52, 0x84, 0x52, 0x84, 0x52, 0x84,
    0x52, 0x84, 0x52, 0x84, 0x52, 0x84, 0xf8, 0xbd, 0xbe, 0xf7, 0xf8, 0xbd,
    0x32, 0x84, 0x32, 0x84, 0x31, 0x7c, 0x31, 0x7c, 0xec, 0x62, 0xc7, 0x49,
    0xc7, 0x49, 0xc7, 0x49, 0xc7, 0x49, 0xc7, 0x49, 0xc7, 0x49, 0xc7, 0x49,
    0xc7, 0x49, 0xc7, 0x49, 0xc7, 0x49, 0xc7, 0x49, 0xc7, 0x49, 0xc7, 0x49,
    0xc7, 0x49, 0xc7, 0x49, 0xc7, 0x49, 0xc7, 0x49, 0xc7, 0x49, 0xc7, 0x49,
    0xc7, 0x49, 0xc7, 0x49, 0xc7, 0x49, 0xc7, 0x49, 0xc7, 0x49, 0xc7, 0x49,
    0xc7, 0x49, 0xc7, 0x49, 0xc7, 0x49, 0xc7, 0x49, 0xc7, 0x49, 0xc7, 0x49,
    0xc7, 0x49, 0xc7, 0x49, 0xc7, 0x49, 0xc7, 0x49, 0xc7, 0x49, 0xc7, 0x49,
    0xc7, 0x49, 0xc7, 0x49, 0xc7, 0x49, 0xb6, 0xbd, 0xdf, 0xff, 0xdf, 0xff,
    0x1c, 0xe7, 0xc8, 0x62, 0x27, 0x52, 0xc7, 0x49, 0xc7, 0x49, 0xc7, 0x49,
    0xc7, 0x49, 0xc7, 0x49, 0xc7, 0x49, 0xc7, 0x49, 0xae, 0x83, 0x95, 0xb5,
    0xb6, 0xbd, 0x6c, 0x73, 0x48, 0x5a, 0xe7, 0x49, 0xc7, 0x49, 0xc7, 0x49,
    0xc7, 0x49, 0xc7, 0x49, 0xc7, 0x49, 0xc7, 0x49, 0xc7, 0x49, 0xc7, 0x49,
    0xc7, 0x49, 0xc7, 0x49, 0xc7, 0x49, 0xc7, 0x49, 0xc7, 0x49, 0xc7, 0x49,
    0xc7, 0x49, 0xc7, 0x49, 0xc7, 0x49, 0xc7, 0x49, 0xc7, 0x49, 0xc7, 0x49,
    0xc7, 0x49, 0xc7, 0x49, 0xc7, 0x49, 0xc7, 0x49, 0xc7, 0x49, 0xc7, 0x49,
    0xc7, 0x49, 0xc7, 0x49, 0xc7, 0x49, 0xc7, 0x49, 0xc7, 0x49, 0xc7, 0x49,
    0xc7, 0x49, 0xc7, 0x49, 0xc7, 0x49, 0xc7, 0x49, 0xc7, 0x49, 0xc7, 0x49,
    0x15, 0x9d, 0x15, 0x9d, 0x15, 0x9d, 0x15, 0x9d, 0xf4, 0x9c, 0xf4, 0x9c,
    0xf4, 0x9c, 0xf4, 0x9c, 0xf4, 0x9c, 0xf4, 0x9c, 0xd4, 0x94, 0xd4, 0x94,
    0xd4, 0x94, 0xd4, 0x94, 0xd4, 0x94, 0xd4, 0x94, 0xd4, 0x94, 0xb4, 0x94,
    0xb3, 0x94, 0xb3, 0x94, 0xb3, 0x94, 0xb3, 0x94, 0xb3, 0x94, 0xb3, 0x8c,
    0x93, 0x8c, 0x93, 0x8c, 0x93, 0x8c, 0x93, 0x8c, 0x93, 0x8c, 0x93, 0x8c,
    0x93, 0x8c, 0x73, 0x8c, 0x73, 0x8c, 0x72, 0x8c, 0x72, 0x8c, 0x72, 0x8c,
    0x72, 0x84, 0x52, 0x84, 0x52, 0x84, 0x52, 0x84, 0x52, 0x84, 0x52, 0x84,
    0x52, 0x84, 0x52, 0x84, 0xf8, 0xbd, 0xbe, 0xf7, 0xf8, 0xbd, 0x32, 0x84,
    0x31, 0x7c, 0x31, 0x7c, 0x11, 0x7c, 0x11, 0x7c, 0xcf, 0x83, 0xc7, 0x49,
    0xc7, 0x49, 0xc7, 0x49, 0xc7, 0x49, 0xc7, 0x49, 0xc7, 0x49, 0xc7, 0x49,
    0xc7, 0x49, 0xc7, 0x49, 0xc7, 0x49, 0xc7, 0x49, 0xc7, 0x49, 0xc7, 0x49,
    0xc7, 0x49, 0xc7, 0x49, 0xc7, 0x49, 0xc7, 0x49, 0xc7, 0x49, 0xc7, 0x49,
    0xc7, 0x49, 0xc7, 0x49, 0xc7, 0x49, 0xc7, 0x49, 0xc7, 0x49, 0xc7, 0x49,
    0xc7, 0x49, 0xc7, 0x49, 0xc7, 0x49, 0xc7, 0x49, 0xc7, 0x49, 0xc7, 0x49,
    0xc7, 0x49, 0xc7, 0x49, 0xc7, 0x49, 0xc7, 0x49, 0xc7, 0x49, 0xc7, 0x49,
    0xc7, 0x49, 0xc7, 0x49, 0xc6, 0x49, 0x07, 0x52, 0x68, 0x5a, 0xc8, 0x62,
    0xc8, 0x62, 0x88, 0x5a, 0x07, 0x52, 0xc7, 0x49, 0xc7, 0x49, 0xc7, 0x49,
    0xc7, 0x49, 0xc7, 0x49, 0xc7, 0x49, 0xc6, 0x49, 0xe7, 0x49, 0x47, 0x52,
    0x88, 0x5a, 0x68, 0x5a, 0x07, 0x52, 0xc7, 0x49, 0xc7, 0x49, 0xc7, 0x49,
    0xc7, 0x49, 0xc7, 0x49, 0xc7, 0x49, 0xc7, 0x49, 0xc7, 0x49, 0xc7, 0x49,
    0xc7, 0x49, 0xc7, 0x49, 0xc7, 0x49, 0xc7, 0x49, 0xc7, 0x49, 0xc7, 0x49,
    0xc7, 0x49, 0xc7, 0x49, 0xc7, 0x49, 0xc7, 0x49, 0xc7, 0x49, 0xc7, 0x49,
    0xc7, 0x49, 0xc7, 0x49, 0xc7, 0x49, 0xc7, 0x49, 0xc7, 0x49, 0xc7, 0x49,
    0xc7, 0x49, 0xc7, 0x49, 0xc7, 0x49, 0xc7, 0x49, 0xc7, 0x49, 0xc7, 0x49,
    0xc7, 0x49, 0xc7, 0x49, 0xc7, 0x49, 0xc7, 0x49, 0xc7, 0x49, 0xc7, 0x49,
    0x15, 0x9d, 0x15, 0x9d, 0x15, 0x9d, 0x15, 0x9d, 0xf4, 0x9c, 0xf4, 0x9c,
    0xf4, 0x9c, 0xf4, 0x9c, 0xf4, 0x9c, 0xf4, 0x9c, 0xd4, 0x94, 0xd4, 0x94,
    0xd4, 0x94, 0xd4, 0x94, 0xd4, 0x94, 0xd4, 0x94, 0xd4, 0x94, 0xb4, 0x94,
    0xb3, 0x94, 0xb3, 0x94, 0xb3, 0x94, 0xb3, 0x94, 0xb3, 0x94, 0xb3, 0x8c,
    0x93, 0x8c, 0x93, 0x8c, 0x93, 0x8c, 0x93, 0x8c, 0x93, 0x8c, 0x93, 0x8c,
    0x73, 0x8c, 0x73, 0x8c, 0x73, 0x8c, 0x72, 0x8c, 0x72, 0x8c, 0x72, 0x8c,
    0x72, 0x84, 0x52, 0x84, 0x52, 0x84, 0x52, 0x84, 0x52, 0x84, 0x52, 0x84,
    0x52, 0x84, 0xf8, 0xbd, 0xbe, 0xf7, 0xf8, 0xbd, 0x32, 0x84, 0x32, 0x84,
    0x31, 0x7c, 0x31, 0x7c, 0x11, 0x7c, 0xd8, 0xbd, 0xb2, 0xa4, 0xc7, 0x49,
    0xc7, 0x49, 0xc7, 0x49, 0xc7, 0x49, 0xc7, 0x49, 0xc7, 0x49, 0xc7, 0x49,
    0xc7, 0x49, 0xc7, 0x49, 0xc7, 0x49, 0xc7, 0x49, 0xc7, 0x49, 0xc7, 0x49,
    0xc7, 0x49, 0xc7, 0x49, 0xc7, 0x49, 0xc7, 0x49, 0xc7, 0x49, 0xc7, 0x49,
    0xc7, 0x49, 0xc7, 0x49, 0xc7, 0x49, 0xc7, 0x49, 0xc7, 0x49, 0xc7, 0x49,
    0xc7, 0x49, 0xc7, 0x49, 0xc7, 0x49, 0xc7, 0x49, 0xc7, 0x49, 0xc7, 0x49,
    0xc7, 0x49, 0xc7, 0x49, 0xc7, 0x49, 0xc7, 0x49, 0xc7, 0x49, 0xc7, 0x49,
    0xc7, 0x49, 0xc7, 0x49, 0xc7, 0x49, 0xc7, 0x49, 0x07, 0x52, 0x27, 0x52,
    0x27, 0x52, 0x07, 0x52, 0xe7, 0x49, 0xc7, 0x49, 0xc7, 0x49, 0xc7, 0x49,
    0xc7, 0x49, 0xc7, 0x49, 0xc7, 0x49, 0xc7, 0x49, 0xc7, 0x49, 0xe7, 0x49,
    0x07, 0x52, 0x07, 0x52, 0xe7, 0x49, 0xc6, 0x49, 0xc7, 0x49, 0xc7, 0x49,
    0xc7, 0x49, 0xc7, 0x49, 0xc7, 0x49, 0xc7, 0x49, 0xc7, 0x49, 0xc7, 0x49,
    0xc7, 0x49, 0xc7, 0x49, 0xc7, 0x49, 0xc7, 0x49, 0xc7, 0x49, 0xc7, 0x49,
    0xc7, 0x49, 0xc7, 0x49, 0xc7, 0x49, 0xc7, 0x49, 0xc7, 0x49, 0xc7, 0x49,
    0xc7, 0x49, 0xc7, 0x49, 0xc7, 0x49, 0xc7, 0x49, 0xc7, 0x49, 0xc7, 0x49,
    0xc7, 0x49, 0xc7, 0x49, 0xc7, 0x49, 0xc7, 0x49, 0xc7, 0x49, 0xc7, 0x49,
    0xc7, 0x49, 0xc7, 0x49, 0xc7, 0x49, 0xc7, 0x49, 0xc7, 0x49, 0xc7, 0x49,
    0x15, 0x9d, 0x15, 0x9d, 0xf4, 0x9c, 0xf4, 0x9c, 0xf4, 0x9c, 0xf4, 0x9c,
    0xf4, 0x9c, 0xf4, 0x9c, 0xd4, 0x94, 0xd4, 0x94, 0xd4, 0x94, 0xd4, 0x94,
    0xd4, 0x94, 0xd4, 0x94, 0xd4, 0x94, 0xb4, 0x94, 0xb3, 0x94, 0xb3, 0x94,
    0xb3, 0x94, 0xb3, 0x94, 0xb3, 0x94, 0xb3, 0x8c, 0x93, 0x8c, 0x93, 0x8c,
    0x93, 0x8c, 0x93, 0x8c, 0x93, 0x8c, 0x93, 0x8c, 0x73, 0x8c, 0x73, 0x8c,
    0x73, 0x8c, 0x72, 0x8c, 0x72, 0x8c, 0x72, 0x8c, 0x72, 0x84, 0x52, 0x84,
    0x52, 0x84, 0x52, 0x84, 0x52, 0x84, 0x52, 0x84, 0x52, 0x84, 0x52, 0x84,
    0xf8, 0xbd, 0xbe, 0xf7, 0xf8, 0xbd, 0x32, 0x84, 0x31, 0x7c, 0x31, 0x7c,
    0x11, 0x7c, 0x11, 0x7c, 0xd8, 0xbd, 0xbe, 0xf7, 0xcf, 0x83, 0xa6, 0x49,
    0xa6, 0x49, 0xa6, 0x49, 0xa6, 0x49, 0xa6, 0x49, 0xa6, 0x49, 0xa6, 0x49,
    0xa6, 0x49, 0xa6, 0x49, 0xa6, 0x49, 0xa6, 0x49, 0xa6, 0x49, 0xa6, 0x49,
    0xa6, 0x49, 0xa6, 0x49, 0xa6, 0x49, 0xa6, 0x49, 0xa6, 0x49, 0xa6, 0x49,
    0xa6, 0x49, 0xa6, 0x49, 0xa6, 0x49, 0xa6, 0x49, 0xa6, 0x49, 0xa6, 0x49,
    0xa6, 0x49, 0xa6, 0x49, 0xa6, 0x49, 0xa6, 0x49, 0xa6, 0x49, 0xa6, 0x49,
    0xa6, 0x49, 0xa6, 0x49, 0xa6, 0x49, 0xa6, 0x49, 0xa6, 0x49, 0xa6, 0x49,
    0xa6, 0x49, 0xa6, 0x49, 0xa6, 0x49, 0xc6, 0x49, 0xc7, 0x49, 0xc7, 0x49,
    0xc7, 0x49, 0xc7, 0x49, 0xc6, 0x49, 0xa6, 0x49, 0xa6, 0x49, 0xa6, 0x49,
    0xa6, 0x49, 0xa6, 0x49, 0xa6, 0x49, 0xa6, 0x49, 0xa6, 0x49, 0xc6, 0x49,
    0xc6, 0x49, 0xc6, 0x49, 0xc6, 0x49, 0xa6, 0x49, 0xa6, 0x49, 0xa6, 0x49,
    0xa6, 0x49, 0xa6, 0x49, 0xa6, 0x49, 0xa6, 0x49, 0xa6, 0x49, 0xa6, 0x49,
    0xa6, 0x49, 0xa6, 0x49, 0xa6, 0x49, 0xa6, 0x49, 0xa6, 0x49, 0xa6, 0x49,
    0xa6, 0x49, 0xa6, 0x49, 0xa6, 0x49, 0xa6, 0x49, 0xa6, 0x49, 0xa6, 0x49,
    0xa6, 0x49, 0xa6, 0x49, 0xa6, 0x49, 0xa6, 0x49, 0xa6, 0x49, 0xa6, 0x49,
    0xa6, 0x49, 0xa6, 0x49, 0xa6, 0x49, 0xa6, 0x49, 0xa6, 0x49, 0xa6, 0x49,
    0xa6, 0x49, 0xa6, 0x49, 0xa6, 0x49, 0xa6, 0x49, 0xa6, 0x49, 0xa6, 0x49,
    0x15, 0x9d, 0x15, 0x9d, 0xf4, 0x9c, 0xf4, 0x9c, 0xf4, 0x9c, 0xf4, 0x9c,
    0xf4, 0x9c, 0xf4, 0x9c, 0xd4, 0x94, 0xd4, 0x94, 0xd4, 0x94, 0xd4, 0x94,
    0xd4, 0x94, 0xd4, 0x94, 0xd4, 0x94, 0xb4, 0x94, 0xb3, 0x94, 0xb3, 0x94,
    0xb3, 0x94, 0xb3, 0x94, 0xb3, 0x94, 0xb3, 0x8c, 0x93, 0x8c, 0x93, 0x8c,
    0x93, 0x8c, 0x93, 0x8c, 0x93, 0x8c, 0x93, 0x8c, 0x73, 0x8c, 0x73, 0x8c,
    0x73, 0x8c, 0x72, 0x8c, 0x72, 0x8c, 0x72, 0x8c, 0x72, 0x84, 0x52, 0x84,
    0x52, 0x84, 0x52, 0x84, 0x52, 0x84, 0x52, 0x84, 0x52, 0x84, 0xf8, 0xbd,
    0xbe, 0xf7, 0xf8, 0xbd, 0x32, 0x84, 0x32, 0x84, 0x31, 0x7c, 0x31, 0x7c,
    0x11, 0x7c, 0xd8, 0xbd, 0xbe, 0xf7, 0xd8, 0xbd, 0xec, 0x62, 0xa6, 0x49,
    0xa6, 0x49, 0xc7, 0x49, 0xa6, 0x49, 0xa6, 0x49, 0xa6, 0x49, 0xa6, 0x49,
    0xa6, 0x49, 0xa6, 0x49, 0xa6, 0x49, 0xc7, 0x49, 0xa6, 0x49, 0xa6, 0x49,
    0xa6, 0x49, 0xa6, 0x49, 0xa6, 0x49, 0xa6, 0x49, 0xa6, 0x49, 0xc7, 0x49,
    0xa6, 0x49, 0xa6, 0x49, 0xa6, 0x49, 0xa6, 0x49, 0xa6, 0x49, 0xa6, 0x49,
    0xa6, 0x49, 0xc7, 0x49, 0xa6, 0x49, 0xa6, 0x49, 0xa6, 0x49, 0xa6, 0x49,
    0xa6, 0x49, 0xa6, 0x49, 0xa6, 0x49, 0xc7, 0x49, 0xa6, 0x49, 0xa6, 0x49,
    0xa6, 0x49, 0xa6, 0x49, 0xa6, 0x49, 0xa6, 0x49, 0xa6, 0x49, 0xc7, 0x49,
    0xa6, 0x49, 0xa6, 0x49, 0xa6, 0x49, 0xa6, 0x49, 0xa6, 0x49, 0xa6, 0x49,
    0xa6, 0x49, 0xc7, 0x49, 0xa6, 0x49, 0xa6, 0x49, 0xa6, 0x49, 0xa6, 0x49,
    0xa6, 0x49, 0xa6, 0x49, 0xa6, 0x49, 0xc7, 0x49, 0xa6, 0x49, 0xa6, 0x49,
    0xa6, 0x49, 0xa6, 0x49, 0xa6, 0x49, 0xa6, 0x49, 0xa6, 0x49, 0xc7, 0x49,
    0xa6, 0x49, 0xa6, 0x49, 0xa6, 0x49, 0xa6, 0x49, 0xa6, 0x49, 0xa6, 0x49,
    0xa6, 0x49, 0xc7, 0x49, 0xa6, 0x49, 0xa6, 0x49, 0xa6, 0x49, 0xa6, 0x49,
    0xa6, 0x49, 0xa6, 0x49, 0xa6, 0x49, 0xc7, 0x49, 0xa6, 0x49, 0xa6, 0x49,
    0xa6, 0x49, 0xa6, 0x49, 0xa6, 0x49, 0xa6, 0x49, 0xa6, 0x49, 0xc7, 0x49,
    0xa6, 0x49, 0xa6, 0x49, 0xa6, 0x49, 0xa6, 0x49, 0xa6, 0x49, 0xa6, 0x49
};

const lv_image_dsc_t img_probe_grid_0 = {
  .header = {
    .magic = LV_IMAGE_HEADER_MAGIC,
    .cf = LV_COLOR_FORMAT_RGB565,
    .flags = 0,
    .w = 150,
    .h = 150,
    .stride = 300,
    .reserved_2 = 0,
  },
  .data_size = sizeof(img_probe_grid_0_map),
  .data = img_probe_grid_0_map,
  .reserved = NULL,
};
#elif TFT_WIDTH > 320
// 75x75 version for TFT_WIDTH > 320
static const LV_ATTRIBUTE_MEM_ALIGN LV_ATTRIBUTE_LARGE_CONST LV_ATTRIBUTE_IMG_IMG_PROBE_GRID_0
uint8_t img_probe_grid_0_map[] = {
0xdf, 0xff, 0xbf, 0xf7, 0xbe, 0xf7, 0xbe, 0xf7, 0xbe, 0xf7, 0x9e, 0xf7,
    0x9e, 0xf7, 0x9e, 0xf7, 0x7e, 0xef, 0x7d, 0xef, 0x7d, 0xef, 0x5d, 0xef,
    0x5d, 0xef, 0x5d, 0xef, 0x5d, 0xe7, 0x3d, 0xe7, 0x3c, 0xe7, 0x3c, 0xe7,
    0x1c, 0xe7, 0x1c, 0xe7, 0x1c, 0xdf, 0xfc, 0xde, 0xfc, 0xde, 0xfc, 0xde,
    0xfb, 0xde, 0xdb, 0xde, 0xdb, 0xde, 0xdb, 0xd6, 0xbb, 0xd6, 0xbb, 0xd6,
    0xbb, 0xd6, 0x9a, 0xd6, 0x9a, 0xd6, 0x9a, 0xce, 0x9a, 0xce, 0x7a, 0xce,
    0x7a, 0xce, 0x7a, 0xce, 0x59, 0xce, 0x59, 0xce, 0x59, 0xc6, 0x39, 0xc6,
    0x39, 0xc6, 0x39, 0xc6, 0x39, 0xc6, 0x18, 0xc6, 0x18, 0xbe, 0x18, 0xbe,
    0xf8, 0xbd, 0xf8, 0xbd, 0xf8, 0xbd, 0xd8, 0xbd, 0xd8, 0xb5, 0xd7, 0xb5,
    0xd7, 0xb5, 0xb7, 0xb5, 0xb7, 0xb5, 0xb7, 0xb5, 0x97, 0xb5, 0x97, 0xad,
    0x96, 0xad, 0x76, 0xad, 0x76, 0xad, 0x76, 0xad, 0x76, 0xad, 0x56, 0xa5,
    0x56, 0xa5, 0x55, 0xa5, 0x35, 0xa5, 0x35, 0xa5, 0x35, 0xa5, 0x15, 0xa5,
    0x15, 0x9d, 0x15, 0x9d, 0x15, 0x9d, 0xdf, 0xf7, 0xbe, 0xf7, 0xbe, 0xf7,
    0xbe, 0xf7, 0x9e, 0xf7, 0x9e, 0xf7, 0x9e, 0xf7, 0x9e, 0xef, 0x7d, 0xef,
    0x7d, 0xef, 0x7d, 0xef, 0x5d, 0xef, 0x5d, 0xef, 0x5d, 0xe7, 0x3d, 0xe7,
    0x3d, 0xe7, 0x3c, 0xe7, 0x1c, 0xe7, 0x1c, 0xe7, 0x1c, 0xe7, 0x1c, 0xdf,
    0xfc, 0xde, 0xfc, 0xde, 0xfb, 0xde, 0xdb, 0xde, 0xdb, 0xde, 0xdb, 0xd6,
    0xdb, 0xd6, 0xbb, 0xd6, 0xbb, 0xd6, 0xba, 0xd6, 0x9a, 0xd6, 0x9a, 0xce,
    0x9a, 0xce, 0x7a, 0xce, 0x7a, 0xce, 0x7a, 0xce, 0x5a, 0xce, 0x59, 0xce,
    0x59, 0xc6, 0x59, 0xc6, 0x39, 0xc6, 0x39, 0xc6, 0x39, 0xc6, 0x19, 0xc6,
    0x18, 0xbe, 0x18, 0xbe, 0x18, 0xbe, 0xf8, 0xbd, 0xf8, 0xbd, 0xf8, 0xbd,
    0xd8, 0xbd, 0xd7, 0xb5, 0xd7, 0xb5, 0xb7, 0xb5, 0xb7, 0xb5, 0xb7, 0xb5,
    0x97, 0xb5, 0x97, 0xad, 0x97, 0xad, 0x96, 0xad, 0x76, 0xad, 0x76, 0xad,
    0x76, 0xad, 0x56, 0xa5, 0x56, 0xa5, 0x56, 0xa5, 0x55, 0xa5, 0x35, 0xa5,
    0x35, 0xa5, 0x35, 0xa5, 0x15, 0x9d, 0x15, 0x9d, 0x15, 0x9d, 0xf4, 0x9c,
    0xbe, 0xf7, 0xbe, 0xf7, 0xbe, 0xf7, 0x9e, 0xf7, 0x9e, 0xf7, 0x9e, 0xf7,
    0x7e, 0xef, 0x7d, 0xef, 0x7d, 0xef, 0x5d, 0xef, 0x5d, 0xef, 0x5d, 0xef,
    0x5d, 0xe7, 0x3d, 0xe7, 0x3c, 0xe7, 0x3c, 0xe7, 0x1c, 0xe7, 0x1c, 0xe7,
    0x1c, 0xdf, 0x1c, 0xdf, 0xfc, 0xde, 0xfc, 0xde, 0xfb, 0xde, 0xdb, 0xde,
    0xdb, 0xde, 0xdb, 0xd6, 0xbb, 0xd6, 0xbb, 0xd6, 0xbb, 0xd6, 0x9a, 0xd6,
    0x9a, 0xd6, 0x9a, 0xce, 0x9a, 0xce, 0x7a, 0xce, 0x7a, 0xce, 0x7a, 0xce,
    0x59, 0xce, 0x59, 0xce, 0x59, 0xc6, 0x59, 0xc6, 0x39, 0xc6, 0x39, 0xc6,
    0x39, 0xc6, 0x19, 0xc6, 0x18, 0xbe, 0x18, 0xbe, 0xf8, 0xbd, 0xf8, 0xbd,
    0xf8, 0xbd, 0xd8, 0xbd, 0xd8, 0xb5, 0xd7, 0xb5, 0xd7, 0xb5, 0xb7, 0xb5,
    0xb7, 0xb5, 0xb7, 0xb5, 0x97, 0xb5, 0x97, 0xad, 0x96, 0xad, 0x96, 0xad,
    0x76, 0xad, 0x76, 0xad, 0x76, 0xad, 0x56, 0xa5, 0x56, 0xa5, 0x56, 0xa5,
    0x35, 0xa5, 0x35, 0xa5, 0x35, 0xa5, 0x15, 0xa5, 0x15, 0x9d, 0x15, 0x9d,
    0x15, 0x9d, 0xf4, 0x9c, 0xf4, 0x9c, 0xbe, 0xf7, 0xbe, 0xf7, 0x9e, 0xf7,
    0x9e, 0xf7, 0x9e, 0xf7, 0x9e, 0xef, 0x7d, 0xef, 0x7d, 0xef, 0x7d, 0xef,
    0x5d, 0xef, 0x5d, 0xef, 0x5d, 0xef, 0x3d, 0xe7, 0x3d, 0xe7, 0x3c, 0xe7,
    0x3c, 0xe7, 0x1c, 0xe7, 0x1c, 0xe7, 0x1c, 0xdf, 0xfc, 0xde, 0xfc, 0xde,
    0xfb, 0xde, 0xdb, 0xde, 0xdb, 0xde, 0xdb, 0xd6, 0xdb, 0xd6, 0xbb, 0xd6,
    0xbb, 0xd6, 0xba, 0xd6, 0x9a, 0xd6, 0x9a, 0xd6, 0x9a, 0xce, 0x7a, 0xce,
    0x7a, 0xce, 0x7a, 0xce, 0x7a, 0xce, 0x59, 0xce, 0x59, 0xc6, 0x59, 0xc6,
    0x39, 0xc6, 0x39, 0xc6, 0x39, 0xc6, 0x19, 0xc6, 0x18, 0xc6, 0x18, 0xbe,
    0x18, 0xbe, 0xf8, 0xbd, 0xf8, 0xbd, 0xf8, 0xbd, 0xd8, 0xbd, 0xd7, 0xb5,
    0xd7, 0xb5, 0xb7, 0xb5, 0xb7, 0xb5, 0xb7, 0xb5, 0xb7, 0xb5, 0x97, 0xad,
    0x97, 0xad, 0x96, 0xad, 0x76, 0xad, 0x76, 0xad, 0x76, 0xad, 0x56, 0xa5,
    0x56, 0xa5, 0x56, 0xa5, 0x55, 0xa5, 0x35, 0xa5, 0x35, 0xa5, 0x35, 0xa5,
    0x15, 0x9d, 0x15, 0x9d, 0x15, 0x9d, 0xf4, 0x9c, 0xf4, 0x9c, 0xf4, 0x9c,
    0xbe, 0xf7, 0x9e, 0xf7, 0x9e, 0xf7, 0x9e, 0xf7, 0x7e, 0xef, 0x7d, 0xef,
    0x7d, 0xef, 0x5d, 0xef, 0x5d, 0xef, 0x5d, 0xef, 0x5d, 0xe7, 0x3d, 0xe7,
    0x3c, 0xe7, 0x3c, 0xe7, 0x1c, 0xe7, 0x1c, 0xe7, 0x1c, 0xdf, 0xfc, 0xde,
    0xfc, 0xde, 0xfc, 0xde, 0xfb, 0xde, 0xdb, 0xde, 0xdb, 0xde, 0xdb, 0xd6,
    0xbb, 0xd6, 0xbb, 0xd6, 0xbb, 0xd6, 0x9a, 0xd6, 0x9a, 0xd6, 0x9a, 0xce,
    0x9a, 0xce, 0x7a, 0xce, 0x7a, 0xce, 0x7a, 0xce, 0x59, 0xce, 0x59, 0xce,
    0x59, 0xc6, 0x39, 0xc6, 0x39, 0xc6, 0x39, 0xc6, 0x39, 0xc6, 0x18, 0xc6,
    0x18, 0xbe, 0x18, 0xbe, 0xf8, 0xbd, 0xf8, 0xbd, 0xf8, 0xbd, 0xd8, 0xbd,
    0xd8, 0xb5, 0xd7, 0xb5, 0xd7, 0xb5, 0xb7, 0xb5, 0xb7, 0xb5, 0xb7, 0xb5,
    0x97, 0xb5, 0x97, 0xad, 0x96, 0xad, 0x76, 0xad, 0x76, 0xad, 0x76, 0xad,
    0x76, 0xad, 0x56, 0xa5, 0x56, 0xa5, 0x56, 0xa5, 0x35, 0xa5, 0x35, 0xa5,
    0x35, 0xa5, 0x15, 0xa5, 0x15, 0x9d, 0x15, 0x9d, 0x15, 0x9d, 0xf4, 0x9c,
    0xf4, 0x9c, 0xf4, 0x9c, 0xd4, 0x94, 0x9e, 0xf7, 0x9e, 0xf7, 0x9e, 0xf7,
    0x9e, 0xef, 0x7d, 0xef, 0x7d, 0xef, 0x7d, 0xef, 0x5d, 0xef, 0x5d, 0xef,
    0x5d, 0xe7, 0x3d, 0xe7, 0x3d, 0xe7, 0x3c, 0xe7, 0x3c, 0xe7, 0x1c, 0xe7,
    0x1c, 0xe7, 0x1c, 0xdf, 0xfc, 0xde, 0xfc, 0xde, 0xfb, 0xde, 0xdb, 0xde,
    0xdb, 0xde, 0xdb, 0xd6, 0xdb, 0xd6, 0xbb, 0xd6, 0xbb, 0xd6, 0xba, 0xd6,
    0x9a, 0xd6, 0x9a, 0xce, 0x9a, 0xce, 0x7a, 0xce, 0x7a, 0xce, 0x7a, 0xce,
    0x5a, 0xce, 0x59, 0xce, 0x59, 0xc6, 0x59, 0xc6, 0x39, 0xc6, 0x39, 0xc6,
    0x39, 0xc6, 0x19, 0xc6, 0x18, 0xbe, 0x18, 0xbe, 0x18, 0xbe, 0xf8, 0xbd,
    0xf8, 0xbd, 0xf8, 0xbd, 0xd8, 0xbd, 0xd7, 0xb5, 0xd7, 0xb5, 0xb7, 0xb5,
    0xb7, 0xb5, 0xb7, 0xb5, 0xb7, 0xb5, 0x97, 0xad, 0x97, 0xad, 0x96, 0xad,
    0x76, 0xad, 0x76, 0xad, 0x76, 0xad, 0x56, 0xa5, 0x56, 0xa5, 0x56, 0xa5,
    0x55, 0xa5, 0x35, 0xa5, 0x35, 0xa5, 0x35, 0xa5, 0x15, 0x9d, 0x15, 0x9d,
    0x15, 0x9d, 0xf4, 0x9c, 0xf4, 0x9c, 0xf4, 0x9c, 0xd4, 0x94, 0xd4, 0x94,
    0x9e, 0xf7, 0x9e, 0xf7, 0x7e, 0xef, 0x7d, 0xef, 0x7d, 0xef, 0x7d, 0xef,
    0x5d, 0xef, 0x5d, 0xef, 0x5d, 0xe7, 0x3d, 0xe7, 0x3c, 0xe7, 0x3c, 0xe7,
    0x1c, 0xe7, 0x1c, 0xe7, 0x1c, 0xdf, 0x1c, 0xdf, 0xfc, 0xde, 0xfc, 0xde,
    0xfb, 0xde, 0xdb, 0xde, 0xdb, 0xde, 0xdb, 0xd6, 0xbb, 0xd6, 0xbb, 0xd6,
    0xbb, 0xd6, 0xba, 0xd6, 0x9a, 0xd6, 0x9a, 0xce, 0x9a, 0xce, 0x7a, 0xce,
    0x7a, 0xce, 0x7a, 0xce, 0x59, 0xce, 0x59, 0xce, 0x59, 0xc6, 0x59, 0xc6,
    0x39, 0xc6, 0x39, 0xc6, 0x39, 0xc6, 0x19, 0xc6, 0x18, 0xbe, 0x18, 0xbe,
    0xf8, 0xbd, 0xf8, 0xbd, 0xf8, 0xbd, 0xf8, 0xbd, 0xd8, 0xb5, 0xd7, 0xb5,
    0xd7, 0xb5, 0xb7, 0xb5, 0xb7, 0xb5, 0xb7, 0xb5, 0x97, 0xb5, 0x97, 0xad,
    0x96, 0xad, 0x96, 0xad, 0x76, 0xad, 0x76, 0xad, 0x76, 0xad, 0x56, 0xa5,
    0x56, 0xa5, 0x56, 0xa5, 0x35, 0xa5, 0x35, 0xa5, 0x35, 0xa5, 0x35, 0xa5,
    0x15, 0x9d, 0x15, 0x9d, 0x15, 0x9d, 0xf4, 0x9c, 0xf4, 0x9c, 0xf4, 0x9c,
    0xd4, 0x94, 0xd4, 0x94, 0xd4, 0x94, 0x9e, 0xf7, 0x9e, 0xef, 0x7d, 0xef,
    0x7d, 0xef, 0x7d, 0xef, 0x5d, 0xef, 0x5d, 0xef, 0x5d, 0xef, 0x3d, 0xe7,
    0x3d, 0xe7, 0x3c, 0xe7, 0x3c, 0xe7, 0x1c, 0xe7, 0x1c, 0xe7, 0x1c, 0xdf,
    0xfc, 0xde, 0xfc, 0xde, 0xfb, 0xde, 0xdb, 0xde, 0xdb, 0xde, 0xdb, 0xd6,
    0xdb, 0xd6, 0xbb, 0xd6, 0xbb, 0xd6, 0xba, 0xd6, 0x9a, 0xd6, 0x9a, 0xd6,
    0x9a, 0xce, 0x7a, 0xce, 0x7a, 0xce, 0x7a, 0xce, 0x7a, 0xce, 0x59, 0xce,
    0x59, 0xc6, 0x59, 0xc6, 0x39, 0xc6, 0x39, 0xc6, 0x39, 0xc6, 0x19, 0xc6,
    0x18, 0xc6, 0x18, 0xbe, 0x18, 0xbe, 0xf8, 0xbd, 0xf8, 0xbd, 0xf8, 0xbd,
    0xd8, 0xbd, 0xd7, 0xb5, 0xd7, 0xb5, 0xb7, 0xb5, 0xb7, 0xb5, 0xb7, 0xb5,
    0xb7, 0xb5, 0x97, 0xad, 0x97, 0xad, 0x96, 0xad, 0x76, 0xad, 0x76, 0xad,
    0x76, 0xad, 0x56, 0xad, 0x56, 0xa5, 0x56, 0xa5, 0x55, 0xa5, 0x35, 0xa5,
    0x35, 0xa5, 0x35, 0xa5, 0x15, 0x9d, 0x15, 0x9d, 0x15, 0x9d, 0xf4, 0x9c,
    0xf4, 0x9c, 0xf4, 0x9c, 0xf4, 0x94, 0xd4, 0x94, 0xd4, 0x94, 0xd4, 0x94,
    0x7e, 0xef, 0x7d, 0xef, 0x7d, 0xef, 0x5d, 0xef, 0x5d, 0xef, 0x5d, 0xef,
    0x5d, 0xe7, 0x3d, 0xe7, 0x3c, 0xe7, 0x3c, 0xe7, 0x1c, 0xe7, 0x1c, 0xe7,
    0x1c, 0xdf, 0xfc, 0xde, 0xfc, 0xde, 0xfc, 0xde, 0xfb, 0xde, 0xdb, 0xde,
    0xdb, 0xde, 0xdb, 0xd6, 0xbb, 0xd6, 0xbb, 0xd6, 0xbb, 0xd6, 0x9a, 0xd6,
    0x9a, 0xd6, 0x9a, 0xce, 0x9a, 0xce, 0x7a, 0xce, 0x7a, 0xce, 0x7a, 0xce,
    0x59, 0xce, 0x59, 0xce, 0x59, 0xc6, 0x39, 0xc6, 0x39, 0xc6, 0x39, 0xc6,
    0x39, 0xc6, 0x18, 0xc6, 0x18, 0xbe, 0x18, 0xbe, 0xf8, 0xbd, 0xf8, 0xbd,
    0xf8, 0xbd, 0xd8, 0xbd, 0xd8, 0xb5, 0xd7, 0xb5, 0xd7, 0xb5, 0xb7, 0xb5,
    0xb7, 0xb5, 0xb7, 0xb5, 0x97, 0xb5, 0x97, 0xad, 0x96, 0xad, 0x76, 0xad,
    0x76, 0xad, 0x76, 0xad, 0x76, 0xad, 0x56, 0xa5, 0x56, 0xa5, 0x55, 0xa5,
    0x35, 0xa5, 0x35, 0xa5, 0x35, 0xa5, 0x15, 0xa5, 0x15, 0x9d, 0x15, 0x9d,
    0x15, 0x9d, 0xf4, 0x9c, 0xf4, 0x9c, 0xf4, 0x9c, 0xd4, 0x94, 0xd4, 0x94,
    0xd4, 0x94, 0xb4, 0x94, 0xb3, 0x94, 0x7d, 0xef, 0x7d, 0xef, 0x7d, 0xef,
    0x5d, 0xef, 0x5d, 0xef, 0x5d, 0xe7, 0x3d, 0xe7, 0x3d, 0xe7, 0x3c, 0xe7,
    0x1c, 0xe7, 0x1c, 0xe7, 0x1c, 0xe7, 0x1c, 0xdf, 0xfc, 0xde, 0xfc, 0xde,
    0xfb, 0xde, 0xdb, 0xde, 0xdb, 0xde, 0xdb, 0xd6, 0xdb, 0xd6, 0xbb, 0xd6,
    0xbb, 0xd6, 0xba, 0xd6, 0x9a, 0xd6, 0x9a, 0xce, 0x9a, 0xce, 0x7a, 0xce,
    0x7a, 0xce, 0x7a, 0xce, 0x5a, 0xce, 0x59, 0xce, 0x59, 0xc6, 0x59, 0xc6,
    0x39, 0xc6, 0x39, 0xc6, 0x39, 0xc6, 0x19, 0xc6, 0x18, 0xbe, 0x18, 0xbe,
    0x18, 0xbe, 0xf8, 0xbd, 0xf8, 0xbd, 0xf8, 0xbd, 0xd8, 0xbd, 0xd7, 0xb5,
    0xd7, 0xb5, 0xb7, 0xb5, 0xb7, 0xb5, 0xb7, 0xb5, 0x97, 0xb5, 0x97, 0xad,
    0x97, 0xad, 0x96, 0xad, 0x76, 0xad, 0x76, 0xad, 0x76, 0xad, 0x56, 0xa5,
    0x56, 0xa5, 0x56, 0xa5, 0x55, 0xa5, 0x35, 0xa5, 0x35, 0xa5, 0x35, 0xa5,
    0x15, 0x9d, 0x15, 0x9d, 0x15, 0x9d, 0xf4, 0x9c, 0xf4, 0x9c, 0xf4, 0x9c,
    0xd4, 0x94, 0xd4, 0x94, 0xd4, 0x94, 0xd4, 0x94, 0xb4, 0x94, 0xb3, 0x94,
    0x7d, 0xef, 0x5d, 0xef, 0x5d, 0xef, 0x5d, 0xef, 0x5d, 0xe7, 0x3d, 0xe7,
    0x3c, 0xe7, 0x3c, 0xe7, 0x1c, 0xe7, 0x1c, 0xe7, 0x1c, 0xdf, 0x1c, 0xdf,
    0xfc, 0xde, 0xfc, 0xde, 0xfb, 0xde, 0xdb, 0xde, 0xdb, 0xde, 0xdb, 0xd6,
    0xbb, 0xd6, 0xbb, 0xd6, 0xbb, 0xd6, 0x9a, 0xd6, 0x9a, 0xd6, 0x9a, 0xce,
    0x9a, 0xce, 0x7a, 0xce, 0x7a, 0xce, 0x7a, 0xce, 0x59, 0xce, 0x59, 0xce,
    0x59, 0xc6, 0x59, 0xc6, 0x39, 0xc6, 0x39, 0xc6, 0x39, 0xc6, 0x19, 0xc6,
    0x18, 0xbe, 0x18, 0xbe, 0xf8, 0xbd, 0xf8, 0xbd, 0xf8, 0xbd, 0xd8, 0xbd,
    0xd8, 0xb5, 0xd7, 0xb5, 0xd7, 0xb5, 0xb7, 0xb5, 0xb7, 0xb5, 0xb7, 0xb5,
    0x97, 0xb5, 0x97, 0xad, 0x96, 0xad, 0x96, 0xad, 0x76, 0xad, 0x76, 0xad,
    0x76, 0xad, 0x56, 0xa5, 0x56, 0xa5, 0x56, 0xa5, 0x35, 0xa5, 0x35, 0xa5,
    0x35, 0xa5, 0x15, 0xa5, 0x15, 0x9d, 0x15, 0x9d, 0x15, 0x9d, 0xf4, 0x9c,
    0xf4, 0x9c, 0xf4, 0x9c, 0xd4, 0x94, 0xd4, 0x94, 0xd4, 0x94, 0xd4, 0x94,
    0xb3, 0x94, 0xb3, 0x94, 0xb3, 0x8c, 0x7d, 0xef, 0x5d, 0xef, 0x5d, 0xef,
    0x5d, 0xef, 0x3d, 0xe7, 0x3d, 0xe7, 0x3c, 0xe7, 0x3c, 0xe7, 0x1c, 0xe7,
    0x1c, 0xe7, 0x1c, 0xdf, 0xfc, 0xde, 0xfc, 0xde, 0xfb, 0xde, 0xdb, 0xde,
    0xdb, 0xde, 0xdb, 0xd6, 0xdb, 0xd6, 0xbb, 0xd6, 0xbb, 0xd6, 0xba, 0xd6,
    0x9a, 0xd6, 0x9a, 0xd6, 0x9a, 0xce, 0x7a, 0xce, 0x7a, 0xce, 0x7a, 0xce,
    0x7a, 0xce, 0x59, 0xce, 0x59, 0xc6, 0x59, 0xc6, 0x39, 0xc6, 0x39, 0xc6,
    0x39, 0xc6, 0x19, 0xc6, 0x18, 0xc6, 0x18, 0xbe, 0x18, 0xbe, 0xf8, 0xbd,
    0xf8, 0xbd, 0xf8, 0xbd, 0xd8, 0xbd, 0xd7, 0xb5, 0xd7, 0xb5, 0xb7, 0xb5,
    0xb7, 0xb5, 0xb7, 0xb5, 0xb7, 0xb5, 0x97, 0xad, 0x97, 0xad, 0x96, 0xad,
    0x76, 0xad, 0x76, 0xad, 0x76, 0xad, 0x56, 0xa5, 0x56, 0xa5, 0x56, 0xa5,
    0x55, 0xa5, 0x35, 0xa5, 0x35, 0xa5, 0x35, 0xa5, 0x15, 0x9d, 0x15, 0x9d,
    0x15, 0x9d, 0xf4, 0x9c, 0xf4, 0x9c, 0xf4, 0x9c, 0xf4, 0x94, 0xd4, 0x94,
    0xd4, 0x94, 0xd4, 0x94, 0xb4, 0x94, 0xb3, 0x94, 0xb3, 0x94, 0x93, 0x8c,
    0x5d, 0xef, 0x5d, 0xef, 0x5d, 0xe7, 0x3d, 0xe7, 0x3c, 0xe7, 0x3c, 0xe7,
    0x1c, 0xe7, 0x1c, 0xe7, 0x1c, 0xdf, 0xfc, 0xde, 0xfc, 0xde, 0xfc, 0xde,
    0xfb, 0xde, 0xdb, 0xde, 0xdb, 0xde, 0xdb, 0xd6, 0xbb, 0xd6, 0xbb, 0xd6,
    0xbb, 0xd6, 0x9a, 0xd6, 0x9a, 0xd6, 0x9a, 0xce, 0x9a, 0xce, 0x7a, 0xce,
    0x7a, 0xce, 0x7a, 0xce, 0x59, 0xce, 0x59, 0xce, 0x59, 0xc6, 0x39, 0xc6,
    0x39, 0xc6, 0x39, 0xc6, 0x39, 0xc6, 0x18, 0xc6, 0x18, 0xbe, 0x18, 0xbe,
    0xf8, 0xbd, 0xf8, 0xbd, 0xf8, 0xbd, 0xd8, 0xbd, 0xd8, 0xb5, 0xd7, 0xb5,
    0xd7, 0xb5, 0xb7, 0xb5, 0xb7, 0xb5, 0xb7, 0xb5, 0x97, 0xb5, 0x97, 0xad,
    0x96, 0xad, 0x76, 0xad, 0x76, 0xad, 0x76, 0xad, 0x76, 0xad, 0x56, 0xa5,
    0x56, 0xa5, 0x56, 0xa5, 0x35, 0xa5, 0x35, 0xa5, 0x35, 0xa5, 0x15, 0xa5,
    0x15, 0x9d, 0x15, 0x9d, 0x15, 0x9d, 0xf4, 0x9c, 0xf4, 0x9c, 0xf4, 0x9c,
    0xd4, 0x94, 0xd4, 0x94, 0xd4, 0x94, 0xb4, 0x94, 0xb3, 0x94, 0xb3, 0x94,
    0xb3, 0x8c, 0x93, 0x8c, 0x93, 0x8c, 0x5d, 0xef, 0x5d, 0xe7, 0x3d, 0xe7,
    0x3d, 0xe7, 0x3c, 0xe7, 0x3c, 0xe7, 0x1c, 0xe7, 0x1c, 0xe7, 0x1c, 0xdf,
    0xfc, 0xde, 0xfc, 0xde, 0xfb, 0xde, 0xdb, 0xde, 0xdb, 0xde, 0xdb, 0xd6,
    0xdb, 0xd6, 0xbb, 0xd6, 0xbb, 0xd6, 0xba, 0xd6, 0x9a, 0xd6, 0x9a, 0xce,
    0x9a, 0xce, 0x7a, 0xce, 0x7a, 0xce, 0x7a, 0xce, 0x5a, 0xce, 0x59, 0xce,
    0x59, 0xc6, 0x59, 0xc6, 0x39, 0xc6, 0x39, 0xc6, 0x39, 0xc6, 0x19, 0xc6,
    0x18, 0xbe, 0x18, 0xbe, 0x18, 0xbe, 0xf8, 0xbd, 0xf8, 0xbd, 0xf8, 0xbd,
    0xd8, 0xbd, 0xd7, 0xb5, 0xd7, 0xb5, 0xb7, 0xb5, 0xb7, 0xb5, 0xb7, 0xb5,
    0xb7, 0xb5, 0x97, 0xad, 0x97, 0xad, 0x96, 0xad, 0x76, 0xad, 0x76, 0xad,
    0x76, 0xad, 0x56, 0xa5, 0x56, 0xa5, 0x56, 0xa5, 0x55, 0xa5, 0x35, 0xa5,
    0x35, 0xa5, 0x35, 0xa5, 0x15, 0x9d, 0x15, 0x9d, 0x15, 0x9d, 0xf4, 0x9c,
    0xf4, 0x9c, 0xf4, 0x9c, 0xd4, 0x94, 0xd4, 0x94, 0xd4, 0x94, 0xd4, 0x94,
    0xb4, 0x94, 0xb3, 0x94, 0xb3, 0x94, 0x93, 0x8c, 0x93, 0x8c, 0x93, 0x8c,
    0x5d, 0xe7, 0x3d, 0xe7, 0x3c, 0xe7, 0x3c, 0xe7, 0x1c, 0xe7, 0x1c, 0xe7,
    0x1c, 0xdf, 0x1c, 0xdf, 0xfc, 0xde, 0xfc, 0xde, 0xfb, 0xde, 0xdb, 0xde,
    0xdb, 0xde, 0xdb, 0xd6, 0xbb, 0xd6, 0xbb, 0xd6, 0xbb, 0xd6, 0xba, 0xd6,
    0x9a, 0xd6, 0x9a, 0xce, 0x9a, 0xce, 0x7a, 0xce, 0x7a, 0xce, 0x7a, 0xce,
    0x59, 0xce, 0x59, 0xce, 0x59, 0xc6, 0x59, 0xc6, 0x39, 0xc6, 0x39, 0xc6,
    0x39, 0xc6, 0x19, 0xc6, 0x18, 0xbe, 0x18, 0xbe, 0xf8, 0xbd, 0xf8, 0xbd,
    0xf8, 0xbd, 0xf8, 0xbd, 0xd8, 0xb5, 0xd7, 0xb5, 0xd7, 0xb5, 0xb7, 0xb5,
    0xb7, 0xb5, 0xb7, 0xb5, 0x97, 0xb5, 0x97, 0xad, 0x96, 0xad, 0x96, 0xad,
    0x76, 0xad, 0x76, 0xad, 0x76, 0xad, 0x56, 0xa5, 0x56, 0xa5, 0x56, 0xa5,
    0x35, 0xa5, 0x35, 0xa5, 0x35, 0xa5, 0x35, 0xa5, 0x15, 0x9d, 0x15, 0x9d,
    0x15, 0x9d, 0xf4, 0x9c, 0xf4, 0x9c, 0xf4, 0x9c, 0xd4, 0x94, 0xd4, 0x94,
    0xd4, 0x94, 0xd4, 0x94, 0xb3, 0x94, 0xb3, 0x94, 0xb3, 0x8c, 0x93, 0x8c,
    0x93, 0x8c, 0x93, 0x8c, 0x73, 0x8c, 0x3d, 0xe7, 0x3d, 0xe7, 0x3c, 0xe7,
    0x3c, 0xe7, 0x1c, 0xe7, 0x1c, 0xe7, 0x1c, 0xdf, 0xfc, 0xde, 0xfc, 0xde,
    0xfb, 0xde, 0xdb, 0xde, 0xdb, 0xde, 0xdb, 0xd6, 0xdb, 0xd6, 0xbb, 0xd6,
    0xbb, 0xd6, 0xba, 0xd6, 0x9a, 0xd6, 0x9a, 0xd6, 0x9a, 0xce, 0x7a, 0xce,
    0x7a, 0xce, 0x7a, 0xce, 0x7a, 0xce, 0x59, 0xce, 0x59, 0xc6, 0x59, 0xc6,
    0x39, 0xc6, 0x39, 0xc6, 0x39, 0xc6, 0x19, 0xc6, 0x18, 0xc6, 0x18, 0xbe,
    0x18, 0xbe, 0xf8, 0xbd, 0xf8, 0xbd, 0xf8, 0xbd, 0xd8, 0xbd, 0xd7, 0xb5,
    0xd7, 0xb5, 0xb7, 0xb5, 0xb7, 0xb5, 0xb7, 0xb5, 0xb7, 0xb5, 0x97, 0xad,
    0x97, 0xad, 0x96, 0xad, 0x76, 0xad, 0x76, 0xad, 0x76, 0xad, 0x56, 0xad,
    0x56, 0xa5, 0x56, 0xa5, 0x55, 0xa5, 0x35, 0xa5, 0x35, 0xa5, 0x35, 0xa5,
    0x15, 0x9d, 0x15, 0x9d, 0x15, 0x9d, 0xf4, 0x9c, 0xf4, 0x9c, 0xf4, 0x9c,
    0xf4, 0x94, 0xd4, 0x94, 0xd4, 0x94, 0xd4, 0x94, 0xb4, 0x94, 0xb3, 0x94,
    0xb3, 0x94, 0x93, 0x8c, 0x93, 0x8c, 0x93, 0x8c, 0x93, 0x8c, 0x73, 0x8c,
    0x3c, 0xe7, 0x3c, 0xe7, 0x1c, 0xe7, 0x1c, 0xe7, 0x1c, 0xdf, 0xfc, 0xde,
    0xfc, 0xde, 0xfc, 0xde, 0xfb, 0xde, 0xdb, 0xde, 0xdb, 0xde, 0xdb, 0xd6,
    0xbb, 0xd6, 0xbb, 0xd6, 0xbb, 0xd6, 0x9a, 0xd6, 0x9a, 0xd6, 0x9a, 0xce,
    0x9a, 0xce, 0x7a, 0xce, 0x7a, 0xce, 0x7a, 0xce, 0x59, 0xce, 0x59, 0xce,
    0x59, 0xc6, 0x39, 0xc6, 0x39, 0xc6, 0x39, 0xc6, 0x39, 0xc6, 0x18, 0xc6,
    0x18, 0xbe, 0x18, 0xbe, 0xf8, 0xbd, 0xf8, 0xbd, 0xf8, 0xbd, 0xd8, 0xbd,
    0xd8, 0xb5, 0xd7, 0xb5, 0xd7, 0xb5, 0xb7, 0xb5, 0xb7, 0xb5, 0xb7, 0xb5,
    0x97, 0xb5, 0x97, 0xad, 0x96, 0xad, 0x76, 0xad, 0x76, 0xad, 0x76, 0xad,
    0x76, 0xad, 0x56, 0xa5, 0x56, 0xa5, 0x55, 0xa5, 0x35, 0xa5, 0x35, 0xa5,
    0x35, 0xa5, 0x15, 0xa5, 0x15, 0x9d, 0x15, 0x9d, 0x15, 0x9d, 0xf4, 0x9c,
    0xf4, 0x9c, 0xf4, 0x9c, 0xd4, 0x94, 0xd4, 0x94, 0xd4, 0x94, 0xb4, 0x94,
    0xb3, 0x94, 0xb3, 0x94, 0xb3, 0x8c, 0x93, 0x8c, 0x93, 0x8c, 0x93, 0x8c,
    0x73, 0x8c, 0x72, 0x8c, 0x72, 0x8c, 0x3c, 0xe7, 0x1c, 0xe7, 0x1c, 0xe7,
    0x1c, 0xe7, 0x1c, 0xdf, 0xfc, 0xde, 0xfc, 0xde, 0xfb, 0xde, 0xdb, 0xde,
    0xdb, 0xde, 0xdb, 0xd6, 0xdb, 0xd6, 0xbb, 0xd6, 0xbb, 0xd6, 0xba, 0xd6,
    0x9a, 0xd6, 0x9a, 0xce, 0x9a, 0xce, 0x7a, 0xce, 0x7a, 0xce, 0x7a, 0xce,
    0x5a, 0xce, 0x59, 0xce, 0x59, 0xc6, 0x59, 0xc6, 0x39, 0xc6, 0x39, 0xc6,
    0x39, 0xc6, 0x19, 0xc6, 0x18, 0xbe, 0x18, 0xbe, 0x18, 0xbe, 0xf8, 0xbd,
    0xf8, 0xbd, 0xf8, 0xbd, 0xd8, 0xbd, 0xd7, 0xb5, 0xd7, 0xb5, 0xb7, 0xb5,
    0xb7, 0xb5, 0xb7, 0xb5, 0x97, 0xb5, 0x97, 0xad, 0x97, 0xad, 0x96, 0xad,
    0x76, 0xad, 0x76, 0xad, 0x76, 0xad, 0x56, 0xa5, 0x56, 0xa5, 0x56, 0xa5,
    0x55, 0xa5, 0x35, 0xa5, 0x35, 0xa5, 0x35, 0xa5, 0x15, 0x9d, 0x15, 0x9d,
    0x15, 0x9d, 0xf4, 0x9c, 0xf4, 0x9c, 0xf4, 0x9c, 0xd4, 0x94, 0xd4, 0x94,
    0xd4, 0x94, 0xd4, 0x94, 0xb4, 0x94, 0xb3, 0x94, 0xb3, 0x94, 0x93, 0x8c,
    0x93, 0x8c, 0x93, 0x8c, 0x93, 0x8c, 0x73, 0x8c, 0x72, 0x8c, 0x72, 0x84,
    0x1c, 0xe7, 0x1c, 0xe7, 0x1c, 0xdf, 0x1c, 0xdf, 0xfc, 0xde, 0xfc, 0xde,
    0xfb, 0xde, 0xdb, 0xde, 0xdb, 0xde, 0xdb, 0xd6, 0xbb, 0xd6, 0xbb, 0xd6,
    0xbb, 0xd6, 0x9a, 0xd6, 0x9a, 0xd6, 0x9a, 0xce, 0x9a, 0xce, 0x7a, 0xce,
    0x7a, 0xce, 0x7a, 0xce, 0x59, 0xce, 0x59, 0xce, 0x59, 0xc6, 0x59, 0xc6,
    0x39, 0xc6, 0x39, 0xc6, 0x39, 0xc6, 0x19, 0xc6, 0x18, 0xbe, 0x18, 0xbe,
    0xf8, 0xbd, 0xf8, 0xbd, 0xf8, 0xbd, 0xd8, 0xbd, 0xd8, 0xb5, 0xd7, 0xb5,
    0xd7, 0xb5, 0xb7, 0xb5, 0xb7, 0xb5, 0xb7, 0xb5, 0x97, 0xb5, 0x97, 0xad,
    0x96, 0xad, 0x96, 0xad, 0x76, 0xad, 0x76, 0xad, 0x76, 0xad, 0x56, 0xa5,
    0x56, 0xa5, 0x56, 0xa5, 0x35, 0xa5, 0x35, 0xa5, 0x35, 0xa5, 0x15, 0xa5,
    0x15, 0x9d, 0x15, 0x9d, 0x15, 0x9d, 0xf4, 0x9c, 0xf4, 0x9c, 0xf4, 0x9c,
    0xd4, 0x94, 0xd4, 0x94, 0xd4, 0x94, 0xd4, 0x94, 0xb3, 0x94, 0xb3, 0x94,
    0xb3, 0x8c, 0x93, 0x8c, 0x93, 0x8c, 0x93, 0x8c, 0x73, 0x8c, 0x73, 0x8c,
    0x72, 0x8c, 0x52, 0x84, 0x52, 0x84, 0x1c, 0xe7, 0x1c, 0xe7, 0x1c, 0xdf,
    0xfc, 0xde, 0xfc, 0xde, 0xfb, 0xde, 0xdb, 0xde, 0xdb, 0xde, 0xdb, 0xd6,
    0xdb, 0xd6, 0xbb, 0xd6, 0xbb, 0xd6, 0xba, 0xd6, 0x9a, 0xd6, 0x9a, 0xd6,
    0x9a, 0xce, 0x7a, 0xce, 0x7a, 0xce, 0x7a, 0xce, 0x7a, 0xce, 0x59, 0xce,
    0x59, 0xc6, 0x59, 0xc6, 0x39, 0xc6, 0x39, 0xc6, 0x19, 0xc6, 0x18, 0xc6,
    0x18, 0xc6, 0x18, 0xbe, 0x18, 0xbe, 0xf8, 0xbd, 0xf8, 0xbd, 0xf8, 0xbd,
    0xd8, 0xbd, 0xd7, 0xb5, 0xd7, 0xb5, 0xb7, 0xb5, 0xb7, 0xb5, 0xb7, 0xb5,
    0xb7, 0xb5, 0x97, 0xad, 0x97, 0xad, 0x96, 0xad, 0x76, 0xad, 0x76, 0xad,
    0x76, 0xad, 0x56, 0xa5, 0x56, 0xa5, 0x56, 0xa5, 0x55, 0xa5, 0x35, 0xa5,
    0x35, 0xa5, 0x35, 0xa5, 0x15, 0x9d, 0x15, 0x9d, 0x15, 0x9d, 0xf4, 0x9c,
    0xf4, 0x9c, 0xf4, 0x9c, 0xf4, 0x94, 0xd4, 0x94, 0xd4, 0x94, 0xd4, 0x94,
    0xb4, 0x94, 0xb3, 0x94, 0xb3, 0x94, 0x93, 0x8c, 0x93, 0x8c, 0x93, 0x8c,
    0x93, 0x8c, 0x73, 0x8c, 0x72, 0x8c, 0x72, 0x84, 0x52, 0x84, 0x52, 0x84,
    0x1c, 0xdf, 0xfc, 0xde, 0xfc, 0xde, 0xfc, 0xde, 0xfb, 0xde, 0xdb, 0xde,
    0xdb, 0xde, 0xdb, 0xd6, 0xbb, 0xd6, 0xbb, 0xd6, 0xbb, 0xd6, 0x9a, 0xd6,
    0x9a, 0xd6, 0x9a, 0xce, 0x9a, 0xce, 0x7a, 0xce, 0x7a, 0xce, 0x7a, 0xce,
    0x59, 0xce, 0x59, 0xce, 0x7a, 0xce, 0x39, 0xc6, 0x7a, 0xce, 0x3d, 0xef,
    0x59, 0xce, 0xf8, 0xc5, 0x39, 0xce, 0x1c, 0xef, 0x39, 0xc6, 0xf8, 0xbd,
    0x39, 0xc6, 0x3c, 0xe7, 0x39, 0xc6, 0xd7, 0xb5, 0x19, 0xc6, 0x3c, 0xe7,
    0x18, 0xbe, 0xb7, 0xb5, 0xf8, 0xbd, 0x3c, 0xe7, 0xf8, 0xbd, 0x76, 0xad,
    0xd8, 0xbd, 0x1c, 0xe7, 0xd7, 0xb5, 0x56, 0xa5, 0xb7, 0xb5, 0x1c, 0xe7,
    0xb7, 0xb5, 0x35, 0xa5, 0x97, 0xb5, 0x1c, 0xe7, 0x97, 0xad, 0x15, 0x9d,
    0x96, 0xad, 0xfc, 0xde, 0x76, 0xad, 0xf4, 0x9c, 0x76, 0xad, 0xfc, 0xde,
    0x56, 0xa5, 0xb4, 0x94, 0x35, 0xa5, 0xfb, 0xde, 0x35, 0xa5, 0x93, 0x8c,
    0x35, 0xa5, 0xdb, 0xde, 0x15, 0x9d, 0x72, 0x8c, 0x14, 0x9d, 0xdb, 0xde,
    0xf4, 0x9c, 0x52, 0x84, 0xf4, 0x9c, 0x1c, 0xdf, 0xfc, 0xde, 0xfc, 0xde,
    0xfb, 0xde, 0xdb, 0xde, 0xdb, 0xde, 0xdb, 0xd6, 0xdb, 0xd6, 0xbb, 0xd6,
    0xbb, 0xd6, 0xba, 0xd6, 0x9a, 0xd6, 0x9a, 0xce, 0x9a, 0xce, 0x7a, 0xce,
    0x7a, 0xce, 0x7a, 0xce, 0x5a, 0xce, 0x59, 0xce, 0x59, 0xc6, 0x59, 0xc6,
    0x9a, 0xd6, 0x9e, 0xf7, 0x59, 0xd6, 0xb7, 0xc5, 0xd7, 0xcd, 0xdb, 0xf6,
    0xf8, 0xcd, 0xb7, 0xbd, 0x39, 0xce, 0x9e, 0xf7, 0x59, 0xce, 0xd7, 0xb5,
    0x39, 0xc6, 0xbe, 0xf7, 0x39, 0xc6, 0xb7, 0xb5, 0x39, 0xc6, 0xbe, 0xf7,
    0x18, 0xc6, 0x96, 0xad, 0x18, 0xbe, 0xbe, 0xf7, 0xf8, 0xbd, 0x56, 0xa5,
    0xf8, 0xbd, 0xbe, 0xf7, 0xd8, 0xbd, 0x35, 0xa5, 0xd7, 0xb5, 0xbe, 0xf7,
    0xb7, 0xb5, 0x15, 0x9d, 0xb7, 0xb5, 0xbe, 0xf7, 0x97, 0xb5, 0xf4, 0x9c,
    0x97, 0xad, 0xbe, 0xf7, 0x96, 0xad, 0xd4, 0x94, 0x76, 0xad, 0xbe, 0xf7,
    0x76, 0xad, 0x93, 0x8c, 0x56, 0xad, 0xbe, 0xf7, 0x56, 0xa5, 0x73, 0x8c,
    0x35, 0xa5, 0xbe, 0xf7, 0x35, 0xa5, 0x52, 0x84, 0x15, 0xa5, 0xbe, 0xf7,
    0xfc, 0xde, 0xfc, 0xde, 0xfb, 0xde, 0xdb, 0xde, 0xdb, 0xde, 0xdb, 0xd6,
    0xbb, 0xd6, 0xbb, 0xd6, 0xbb, 0xd6, 0xba, 0xd6, 0x9a, 0xd6, 0x9a, 0xce,
    0x9a, 0xce, 0x7a, 0xce, 0x7a, 0xce, 0x7a, 0xce, 0x59, 0xce, 0x59, 0xce,
    0x59, 0xc6, 0x59, 0xc6, 0x7a, 0xce, 0x9e, 0xf7, 0x39, 0xd6, 0x76, 0xc5,
    0x14, 0xd5, 0x96, 0xf5, 0x72, 0xd4, 0x72, 0xc4, 0x35, 0xcd, 0x1c, 0xf7,
    0x18, 0xce, 0xd7, 0xb5, 0x39, 0xc6, 0xbe, 0xf7, 0x39, 0xc6, 0xb7, 0xb5,
    0x19, 0xc6, 0xbe, 0xf7, 0x18, 0xc6, 0x96, 0xad, 0xf8, 0xbd, 0xbe, 0xf7,
    0xf8, 0xbd, 0x56, 0xa5, 0xf8, 0xbd, 0xbe, 0xf7, 0xd7, 0xbd, 0x35, 0xa5,
    0xd7, 0xb5, 0xbe, 0xf7, 0xb7, 0xb5, 0x15, 0x9d, 0xb7, 0xb5, 0xbe, 0xf7,
    0x97, 0xb5, 0xf4, 0x9c, 0x96, 0xad, 0xbe, 0xf7, 0x96, 0xad, 0xd4, 0x94,
    0x76, 0xad, 0xbe, 0xf7, 0x76, 0xad, 0x93, 0x8c, 0x56, 0xad, 0xbe, 0xf7,
    0x55, 0xa5, 0x73, 0x8c, 0x35, 0xa5, 0xbe, 0xf7, 0x35, 0xa5, 0x52, 0x84,
    0x15, 0xa5, 0xbe, 0xf7, 0x15, 0x9d, 0xfc, 0xde, 0xfb, 0xde, 0xdb, 0xde,
    0xdb, 0xde, 0xdb, 0xd6, 0xdb, 0xd6, 0xbb, 0xd6, 0xbb, 0xd6, 0xba, 0xd6,
    0x9a, 0xd6, 0x9a, 0xd6, 0x9a, 0xce, 0x7a, 0xce, 0x7a, 0xce, 0x7a, 0xce,
    0x7a, 0xce, 0x59, 0xce, 0x59, 0xc6, 0x59, 0xc6, 0x39, 0xc6, 0x3d, 0xef,
    0x59, 0xd6, 0x76, 0xc5, 0xb3, 0xd4, 0x4d, 0xfb, 0x69, 0xfa, 0x69, 0xfa,
    0x8a, 0xfa, 0x71, 0xf4, 0x14, 0xcd, 0x76, 0xbd, 0x18, 0xc6, 0x9e, 0xf7,
    0x39, 0xc6, 0xb7, 0xb5, 0x39, 0xc6, 0xbe, 0xf7, 0x18, 0xc6, 0x96, 0xad,
    0x18, 0xbe, 0xbe, 0xf7, 0xf8, 0xbd, 0x56, 0xad, 0xf8, 0xbd, 0xbe, 0xf7,
    0xd8, 0xbd, 0x35, 0xa5, 0xd7, 0xb5, 0xbe, 0xf7, 0xb7, 0xb5, 0x15, 0x9d,
    0xb7, 0xb5, 0xbe, 0xf7, 0x97, 0xb5, 0xf4, 0x9c, 0x97, 0xad, 0xbe, 0xf7,
    0x96, 0xad, 0xd4, 0x94, 0x76, 0xad, 0xbe, 0xf7, 0x76, 0xad, 0x93, 0x8c,
    0x56, 0xad, 0xbe, 0xf7, 0x56, 0xa5, 0x73, 0x8c, 0x35, 0xa5, 0xbe, 0xf7,
    0x35, 0xa5, 0x52, 0x84, 0x15, 0xa5, 0xbe, 0xf7, 0x15, 0x9d, 0x31, 0x7c,
    0xfb, 0xde, 0xdb, 0xde, 0xdb, 0xde, 0xdb, 0xd6, 0xbb, 0xd6, 0xbb, 0xd6,
    0xbb, 0xd6, 0x9a, 0xd6, 0x9a, 0xd6, 0x9a, 0xce, 0x9a, 0xce, 0x7a, 0xce,
    0x7a, 0xce, 0x7a, 0xce, 0x59, 0xce, 0x59, 0xce, 0x59, 0xc6, 0x39, 0xc6,
    0x39, 0xc6, 0x39, 0xc6, 0x59, 0xce, 0xb7, 0xc5, 0x14, 0xd5, 0x4d, 0xfb,
    0x69, 0xfa, 0x69, 0xfa, 0x69, 0xfa, 0x69, 0xfa, 0x69, 0xfa, 0xcf, 0xcb,
    0x76, 0xcd, 0x5d, 0xf7, 0x39, 0xc6, 0xb7, 0xb5, 0x19, 0xc6, 0xbe, 0xf7,
    0x18, 0xc6, 0x76, 0xad, 0xf8, 0xbd, 0xbe, 0xf7, 0xf8, 0xbd, 0x56, 0xa5,
    0xf8, 0xbd, 0xbe, 0xf7, 0xd7, 0xbd, 0x35, 0xa5, 0xd7, 0xb5, 0xbe, 0xf7,
    0xb7, 0xb5, 0x15, 0x9d, 0xb7, 0xb5, 0xbe, 0xf7, 0x97, 0xb5, 0xf4, 0x9c,
    0x96, 0xad, 0xbe, 0xf7, 0x76, 0xad, 0xb4, 0x94, 0x76, 0xad, 0xbe, 0xf7,
    0x76, 0xad, 0x93, 0x8c, 0x56, 0xad, 0xbe, 0xf7, 0x55, 0xa5, 0x72, 0x8c,
    0x35, 0xa5, 0xbe, 0xf7, 0x35, 0xa5, 0x52, 0x84, 0x15, 0xa5, 0xbe, 0xf7,
    0x15, 0x9d, 0x31, 0x7c, 0xf4, 0x9c, 0xdb, 0xde, 0xdb, 0xde, 0xdb, 0xd6,
    0xdb, 0xd6, 0xbb, 0xd6, 0xbb, 0xd6, 0xba, 0xd6, 0x9a, 0xd6, 0x9a, 0xce,
    0x9a, 0xce, 0x7a, 0xce, 0x7a, 0xce, 0x7a, 0xce, 0x5a, 0xce, 0x59, 0xce,
    0x59, 0xc6, 0x59, 0xc6, 0x39, 0xc6, 0x39, 0xc6, 0x19, 0xc6, 0x18, 0xc6,
    0xd7, 0xcd, 0x96, 0xf5, 0x69, 0xfa, 0x69, 0xfa, 0x69, 0xfa, 0x69, 0xfa,
    0x69, 0xfa, 0x69, 0xfa, 0x2c, 0xeb, 0x38, 0xf6, 0xd8, 0xc5, 0x97, 0xb5,
    0x19, 0xc6, 0xbe, 0xf7, 0x18, 0xc6, 0x96, 0xad, 0x18, 0xbe, 0xbe, 0xf7,
    0xf8, 0xbd, 0x56, 0xa5, 0xf8, 0xbd, 0xbe, 0xf7, 0xd8, 0xbd, 0x35, 0xa5,
    0xd7, 0xb5, 0xbe, 0xf7, 0xb7, 0xb5, 0x15, 0x9d, 0xb7, 0xb5, 0x18, 0xee,
    0x97, 0xb5, 0xf4, 0x9c, 0x97, 0xad, 0xbe, 0xf7, 0x96, 0xad, 0xd4, 0x94,
    0x76, 0xad, 0xbe, 0xf7, 0x76, 0xad, 0x93, 0x8c, 0x56, 0xad, 0xbe, 0xf7,
    0x56, 0xa5, 0x73, 0x8c, 0x35, 0xa5, 0xbe, 0xf7, 0x35, 0xa5, 0x52, 0x84,
    0x15, 0xa5, 0xbe, 0xf7, 0x15, 0x9d, 0x31, 0x7c, 0xf4, 0x9c, 0xbe, 0xf7,
    0xdb, 0xde, 0xdb, 0xd6, 0xbb, 0xd6, 0xbb, 0xd6, 0xbb, 0xd6, 0x9a, 0xd6,
    0x9a, 0xd6, 0x9a, 0xce, 0x9a, 0xce, 0x7a, 0xce, 0x7a, 0xce, 0x7a, 0xce,
    0x59, 0xce, 0x59, 0xce, 0x59, 0xc6, 0x59, 0xc6, 0x39, 0xc6, 0x39, 0xc6,
    0x39, 0xc6, 0x18, 0xc6, 0x39, 0xce, 0xdb, 0xf6, 0x72, 0xd4, 0x69, 0xfa,
    0x69, 0xfa, 0x69, 0xfa, 0x69, 0xfa, 0x69, 0xfa, 0x69, 0xfa, 0x69, 0xda,
    0xcb, 0x8a, 0x2c, 0x73, 0x6d, 0x73, 0xcf, 0x83, 0x6d, 0x73, 0x4d, 0x6b,
    0x6d, 0x73, 0xcf, 0x83, 0x6d, 0x73, 0x4d, 0x6b, 0x6d, 0x73, 0xcf, 0x83,
    0x4d, 0x73, 0x2d, 0x6b, 0x4d, 0x73, 0xcf, 0x83, 0x4d, 0x73, 0x2c, 0x6b,
    0x4d, 0x73, 0xcf, 0x83, 0x45, 0xc9, 0xcb, 0x82, 0x4d, 0x6b, 0xcf, 0x83,
    0x4d, 0x6b, 0x0c, 0x6b, 0x4d, 0x6b, 0xcf, 0x83, 0x4d, 0x6b, 0x0c, 0x63,
    0x2d, 0x6b, 0xcf, 0x83, 0x2d, 0x6b, 0x0c, 0x63, 0x2d, 0x6b, 0xcf, 0x83,
    0x2d, 0x6b, 0xec, 0x62, 0x2c, 0x6b, 0xcf, 0x83, 0x2c, 0x6b, 0xec, 0x62,
    0x2c, 0x6b, 0xcf, 0x83, 0x2c, 0x6b, 0xdb, 0xd6, 0xdb, 0xd6, 0xbb, 0xd6,
    0xbb, 0xd6, 0xba, 0xd6, 0x9a, 0xd6, 0x9a, 0xd6, 0x9a, 0xce, 0x7a, 0xce,
    0x7a, 0xce, 0x7a, 0xce, 0x7a, 0xce, 0x59, 0xce, 0x59, 0xc6, 0x59, 0xc6,
    0x39, 0xc6, 0x39, 0xc6, 0x39, 0xc6, 0x19, 0xc6, 0x18, 0xc6, 0x3c, 0xef,
    0xf8, 0xcd, 0x72, 0xc4, 0x8a, 0xfa, 0x69, 0xfa, 0x69, 0xfa, 0x69, 0xfa,
    0x69, 0xfa, 0x69, 0xfa, 0x28, 0xba, 0x28, 0x6a, 0x69, 0x5a, 0x8a, 0x5a,
    0x8a, 0x5a, 0x8a, 0x5a, 0x8a, 0x5a, 0x8a, 0x5a, 0x8a, 0x5a, 0x8a, 0x5a,
    0x8a, 0x5a, 0x8a, 0x5a, 0x8a, 0x5a, 0x8a, 0x5a, 0x8a, 0x5a, 0x8a, 0x5a,
    0x8a, 0x5a, 0x8a, 0x5a, 0x8a, 0x5a, 0x8a, 0x5a, 0x08, 0x92, 0x86, 0xc9,
    0xc7, 0xa9, 0x8a, 0x5a, 0x8a, 0x5a, 0x8a, 0x5a, 0x8a, 0x5a, 0x8a, 0x5a,
    0x8a, 0x5a, 0x8a, 0x5a, 0x8a, 0x5a, 0x8a, 0x5a, 0x8a, 0x5a, 0x8a, 0x5a,
    0x8a, 0x5a, 0x8a, 0x5a, 0x8a, 0x5a, 0x8a, 0x5a, 0x8a, 0x5a, 0x8a, 0x5a,
    0x8a, 0x5a, 0x8a, 0x5a, 0x8a, 0x5a, 0x8a, 0x5a, 0x8a, 0x5a, 0x8a, 0x5a,
    0xbb, 0xd6, 0xbb, 0xd6, 0xbb, 0xd6, 0x9a, 0xd6, 0x9a, 0xd6, 0x9a, 0xce,
    0x9a, 0xce, 0x7a, 0xce, 0x7a, 0xce, 0x7a, 0xce, 0x59, 0xce, 0x59, 0xce,
    0x59, 0xc6, 0x39, 0xc6, 0x39, 0xc6, 0x39, 0xc6, 0x39, 0xc6, 0x18, 0xc6,
    0x18, 0xbe, 0x18, 0xbe, 0x39, 0xc6, 0xb7, 0xbd, 0x35, 0xcd, 0x71, 0xf4,
    0x69, 0xfa, 0x69, 0xfa, 0x69, 0xfa, 0x69, 0xfa, 0x49, 0xda, 0xc7, 0x79,
    0x49, 0x62, 0x69, 0x5a, 0x8a, 0x5a, 0x8a, 0x5a, 0x8a, 0x5a, 0x8a, 0x5a,
    0x8a, 0x5a, 0x8a, 0x5a, 0x8a, 0x5a, 0x8a, 0x5a, 0x8a, 0x5a, 0x8a, 0x5a,
    0x8a, 0x5a, 0x8a, 0x5a, 0x8a, 0x5a, 0x8a, 0x5a, 0x8a, 0x5a, 0x8a, 0x5a,
    0x8a, 0x5a, 0xa6, 0xc9, 0xa6, 0xc9, 0xa6, 0xc9, 0x49, 0x72, 0x8a, 0x5a,
    0x8a, 0x5a, 0x8a, 0x5a, 0x8a, 0x5a, 0x8a, 0x5a, 0x8a, 0x5a, 0x8a, 0x5a,
    0x8a, 0x5a, 0x8a, 0x5a, 0x8a, 0x5a, 0x8a, 0x5a, 0x8a, 0x5a, 0x8a, 0x5a,
    0x8a, 0x5a, 0x8a, 0x5a, 0x8a, 0x5a, 0x8a, 0x5a, 0x8a, 0x5a, 0x8a, 0x5a,
    0x8a, 0x5a, 0x8a, 0x5a, 0x8a, 0x5a, 0xbb, 0xd6, 0xbb, 0xd6, 0xba, 0xd6,
    0x9a, 0xd6, 0x9a, 0xce, 0x9a, 0xce, 0x7a, 0xce, 0x7a, 0xce, 0x7a, 0xce,
    0x5a, 0xce, 0x59, 0xce, 0x59, 0xc6, 0x59, 0xc6, 0x39, 0xc6, 0x39, 0xc6,
    0x39, 0xc6, 0x19, 0xc6, 0x18, 0xbe, 0x18, 0xbe, 0x18, 0xbe, 0xf8, 0xbd,
    0x39, 0xce, 0x1c, 0xf7, 0x14, 0xcd, 0xcf, 0xcb, 0x2c, 0xeb, 0x69, 0xda,
    0x08, 0xba, 0xc7, 0x79, 0x28, 0x6a, 0x69, 0x5a, 0x69, 0x5a, 0x8a, 0x5a,
    0x8a, 0x5a, 0x8a, 0x5a, 0x8a, 0x5a, 0x8a, 0x5a, 0x8a, 0x5a, 0x8a, 0x5a,
    0x8a, 0x5a, 0x8a, 0x5a, 0x8a, 0x5a, 0x8a, 0x5a, 0x8a, 0x5a, 0x8a, 0x5a,
    0x8a, 0x5a, 0x8a, 0x5a, 0x8a, 0x5a, 0x28, 0x92, 0xc7, 0xd1, 0xc7, 0xd1,
    0xc7, 0xd1, 0x08, 0xb2, 0x8a, 0x5a, 0x8a, 0x5a, 0x8a, 0x5a, 0x8a, 0x5a,
    0x8a, 0x5a, 0x8a, 0x5a, 0x8a, 0x5a, 0x8a, 0x5a, 0x8a, 0x5a, 0x8a, 0x5a,
    0x8a, 0x5a, 0x8a, 0x5a, 0x8a, 0x5a, 0x8a, 0x5a, 0x8a, 0x5a, 0x8a, 0x5a,
    0x8a, 0x5a, 0x8a, 0x5a, 0x8a, 0x5a, 0x8a, 0x5a, 0x8a, 0x5a, 0x8a, 0x5a,
    0xbb, 0xd6, 0xba, 0xd6, 0x9a, 0xd6, 0x9a, 0xce, 0x9a, 0xce, 0x7a, 0xce,
    0x7a, 0xce, 0x7a, 0xce, 0x59, 0xce, 0x59, 0xce, 0x59, 0xc6, 0x59, 0xc6,
    0x39, 0xc6, 0x39, 0xc6, 0x39, 0xc6, 0x19, 0xc6, 0x18, 0xbe, 0x18, 0xbe,
    0xf8, 0xbd, 0xf8, 0xbd, 0x39, 0xc6, 0x9e, 0xf7, 0x18, 0xce, 0x56, 0xbd,
    0x76, 0xcd, 0x38, 0xf6, 0xcb, 0x8a, 0x08, 0x6a, 0x28, 0x62, 0x69, 0x5a,
    0x69, 0x5a, 0x69, 0x5a, 0x69, 0x52, 0x69, 0x5a, 0x69, 0x5a, 0x69, 0x5a,
    0x69, 0x5a, 0x69, 0x5a, 0x69, 0x5a, 0x69, 0x5a, 0x69, 0x52, 0x69, 0x5a,
    0x69, 0x5a, 0x69, 0x5a, 0x69, 0x5a, 0x69, 0x5a, 0x69, 0x5a, 0x69, 0x5a,
    0xe8, 0xd1, 0x08, 0xd2, 0xe8, 0xd1, 0x08, 0xd2, 0xe8, 0xd1, 0x49, 0x72,
    0x69, 0x5a, 0x69, 0x5a, 0x69, 0x52, 0x69, 0x5a, 0x69, 0x5a, 0x69, 0x5a,
    0x69, 0x5a, 0x69, 0x5a, 0x69, 0x5a, 0x69, 0x5a, 0x69, 0x52, 0x69, 0x5a,
    0x69, 0x5a, 0x69, 0x5a, 0x69, 0x5a, 0x69, 0x5a, 0x69, 0x5a, 0x69, 0x5a,
    0x69, 0x52, 0x69, 0x5a, 0x69, 0x5a, 0xba, 0xd6, 0x9a, 0xd6, 0x9a, 0xd6,
    0x9a, 0xce, 0x7a, 0xce, 0x7a, 0xce, 0x7a, 0xce, 0x7a, 0xce, 0x59, 0xce,
    0x59, 0xc6, 0x59, 0xc6, 0x39, 0xc6, 0x39, 0xc6, 0x39, 0xc6, 0x19, 0xc6,
    0x18, 0xc6, 0x18, 0xbe, 0x18, 0xbe, 0xf8, 0xbd, 0xf8, 0xbd, 0x3c, 0xe7,
    0x59, 0xce, 0xd7, 0xb5, 0x39, 0xc6, 0x5d, 0xf7, 0xd8, 0xc5, 0x0c, 0x73,
    0x69, 0x5a, 0x69, 0x5a, 0x69, 0x5a, 0x69, 0x5a, 0x69, 0x5a, 0x69, 0x5a,
    0x69, 0x5a, 0x69, 0x5a, 0x69, 0x5a, 0x69, 0x5a, 0x69, 0x5a, 0x69, 0x5a,
    0x69, 0x5a, 0x69, 0x5a, 0x69, 0x5a, 0x69, 0x5a, 0x69, 0x5a, 0x69, 0x5a,
    0x69, 0x5a, 0x69, 0x5a, 0x49, 0x92, 0x29, 0xd2, 0x29, 0xd2, 0x29, 0xd2,
    0x29, 0xd2, 0x29, 0xd2, 0x49, 0xb2, 0x69, 0x5a, 0x69, 0x5a, 0x69, 0x5a,
    0x69, 0x5a, 0x69, 0x5a, 0x69, 0x5a, 0x69, 0x5a, 0x69, 0x5a, 0x69, 0x5a,
    0x69, 0x5a, 0x69, 0x5a, 0x69, 0x5a, 0x69, 0x5a, 0x69, 0x5a, 0x69, 0x5a,
    0x69, 0x5a, 0x69, 0x5a, 0x69, 0x5a, 0x69, 0x5a, 0x69, 0x5a, 0x69, 0x5a,
    0x9a, 0xd6, 0x9a, 0xce, 0x9a, 0xce, 0x7a, 0xce, 0x7a, 0xce, 0x7a, 0xce,
    0x59, 0xce, 0x59, 0xce, 0x59, 0xc6, 0x39, 0xc6, 0x39, 0xc6, 0x39, 0xc6,
    0x39, 0xc6, 0x18, 0xc6, 0x18, 0xbe, 0x18, 0xbe, 0xf8, 0xbd, 0xf8, 0xbd,
    0xf8, 0xbd, 0xd8, 0xbd, 0x39, 0xc6, 0xd7, 0xb5, 0x39, 0xc6, 0x9e, 0xf7,
    0x39, 0xc6, 0x97, 0xb5, 0x4d, 0x73, 0x69, 0x5a, 0x69, 0x5a, 0x69, 0x52,
    0x69, 0x52, 0x69, 0x52, 0x69, 0x52, 0x69, 0x52, 0x69, 0x52, 0x69, 0x52,
    0x69, 0x52, 0x69, 0x52, 0x69, 0x52, 0x69, 0x52, 0x69, 0x52, 0x69, 0x52,
    0x69, 0x52, 0x69, 0x52, 0x69, 0x52, 0x69, 0x52, 0x69, 0x52, 0x49, 0xd2,
    0x49, 0xd2, 0x49, 0xd2, 0x49, 0xd2, 0x49, 0xd2, 0x49, 0xd2, 0x49, 0xd2,
    0x69, 0x72, 0x69, 0x52, 0x69, 0x52, 0x69, 0x52, 0x69, 0x52, 0x69, 0x52,
    0x69, 0x52, 0x69, 0x52, 0x69, 0x52, 0x69, 0x52, 0x69, 0x52, 0x69, 0x52,
    0x69, 0x52, 0x69, 0x52, 0x69, 0x52, 0x69, 0x52, 0x69, 0x52, 0x69, 0x52,
    0x69, 0x52, 0x69, 0x52, 0x69, 0x52, 0x9a, 0xce, 0x9a, 0xce, 0x7a, 0xce,
    0x7a, 0xce, 0x7a, 0xce, 0x5a, 0xce, 0x59, 0xce, 0x59, 0xc6, 0x59, 0xc6,
    0x39, 0xc6, 0x39, 0xc6, 0x39, 0xc6, 0x19, 0xc6, 0x18, 0xbe, 0x18, 0xbe,
    0x18, 0xbe, 0xf8, 0xbd, 0xf8, 0xbd, 0xf8, 0xbd, 0xd8, 0xbd, 0xd7, 0xb5,
    0x39, 0xc6, 0xbe, 0xf7, 0x39, 0xc6, 0xb7, 0xb5, 0x19, 0xc6, 0xcf, 0x7b,
    0x69, 0x52, 0x69, 0x52, 0x69, 0x52, 0x69, 0x52, 0x69, 0x52, 0x69, 0x52,
    0x69, 0x52, 0x69, 0x52, 0x69, 0x52, 0x69, 0x52, 0x69, 0x52, 0x69, 0x52,
    0x69, 0x52, 0x69, 0x52, 0x69, 0x52, 0x69, 0x52, 0x69, 0x52, 0x69, 0x52,
    0x69, 0x52, 0x6a, 0x92, 0x8a, 0xd2, 0x6a, 0xd2, 0x8a, 0xd2, 0x6a, 0xd2,
    0x8a, 0xd2, 0x6a, 0xd2, 0x8a, 0xd2, 0x6a, 0xb2, 0x69, 0x52, 0x69, 0x52,
    0x69, 0x52, 0x69, 0x52, 0x69, 0x52, 0x69, 0x52, 0x69, 0x52, 0x69, 0x52,
    0x69, 0x52, 0x69, 0x52, 0x69, 0x52, 0x69, 0x52, 0x69, 0x52, 0x69, 0x52,
    0x69, 0x52, 0x69, 0x52, 0x69, 0x52, 0x69, 0x52, 0x69, 0x52, 0x69, 0x52,
    0x9a, 0xce, 0x7a, 0xce, 0x7a, 0xce, 0x7a, 0xce, 0x59, 0xce, 0x59, 0xce,
    0x59, 0xc6, 0x59, 0xc6, 0x39, 0xc6, 0x39, 0xc6, 0x39, 0xc6, 0x19, 0xc6,
    0x18, 0xbe, 0x18, 0xbe, 0xf8, 0xbd, 0xf8, 0xbd, 0xf8, 0xbd, 0xd8, 0xbd,
    0xd8, 0xb5, 0xd7, 0xb5, 0x19, 0xc6, 0xbe, 0xf7, 0x39, 0xc6, 0xb7, 0xb5,
    0x19, 0xc6, 0xbe, 0xf7, 0x4d, 0x73, 0x69, 0x52, 0x69, 0x52, 0x69, 0x52,
    0x69, 0x52, 0x69, 0x52, 0x69, 0x52, 0x69, 0x52, 0x69, 0x52, 0x69, 0x52,
    0x69, 0x52, 0x69, 0x52, 0x69, 0x52, 0x69, 0x52, 0x69, 0x52, 0x69, 0x52,
    0x69, 0x52, 0x69, 0x52, 0x69, 0x52, 0x69, 0x52, 0xab, 0xda, 0xab, 0xda,
    0xab, 0xda, 0xab, 0xda, 0xab, 0xda, 0xab, 0xda, 0xab, 0xda, 0xab, 0xda,
    0xab, 0xda, 0x6a, 0x72, 0x69, 0x52, 0x69, 0x52, 0x69, 0x52, 0x69, 0x52,
    0x69, 0x52, 0x69, 0x52, 0x69, 0x52, 0x69, 0x52, 0x69, 0x52, 0x69, 0x52,
    0x69, 0x52, 0x69, 0x52, 0x69, 0x52, 0x69, 0x52, 0x69, 0x52, 0x69, 0x52,
    0x69, 0x52, 0x69, 0x52, 0x69, 0x52, 0x7a, 0xce, 0x7a, 0xce, 0x7a, 0xce,
    0x7a, 0xce, 0x59, 0xce, 0x59, 0xc6, 0x59, 0xc6, 0x39, 0xc6, 0x39, 0xc6,
    0x39, 0xc6, 0x19, 0xc6, 0x18, 0xc6, 0x18, 0xbe, 0x18, 0xbe, 0xf8, 0xbd,
    0xf8, 0xbd, 0xf8, 0xbd, 0xd8, 0xbd, 0xd7, 0xb5, 0xd7, 0xb5, 0x3c, 0xe7,
    0x39, 0xc6, 0xb7, 0xb5, 0x39, 0xc6, 0xbe, 0xf7, 0x18, 0xc6, 0x2c, 0x6b,
    0x69, 0x52, 0x69, 0x52, 0x69, 0x52, 0x69, 0x52, 0x69, 0x52, 0x69, 0x52,
    0x69, 0x52, 0x69, 0x52, 0x69, 0x52, 0x69, 0x52, 0x69, 0x52, 0x69, 0x52,
    0x69, 0x52, 0x69, 0x52, 0x69, 0x52, 0x69, 0x52, 0x69, 0x52, 0x69, 0x52,
    0xaa, 0x9a, 0xcb, 0xda, 0xcb, 0xda, 0xcb, 0xda, 0xcb, 0xda, 0xcb, 0xda,
    0xcb, 0xda, 0xcb, 0xda, 0xcb, 0xda, 0xcb, 0xda, 0xab, 0xba, 0x69, 0x52,
    0x69, 0x52, 0x69, 0x52, 0x69, 0x52, 0x69, 0x52, 0x69, 0x52, 0x69, 0x52,
    0x69, 0x52, 0x69, 0x52, 0x69, 0x52, 0x69, 0x52, 0x69, 0x52, 0x69, 0x52,
    0x69, 0x52, 0x69, 0x52, 0x69, 0x52, 0x69, 0x52, 0x69, 0x52, 0x69, 0x52,
    0x7a, 0xce, 0x7a, 0xce, 0x59, 0xce, 0x59, 0xce, 0x59, 0xc6, 0x39, 0xc6,
    0x39, 0xc6, 0x39, 0xc6, 0x39, 0xc6, 0x18, 0xc6, 0x18, 0xbe, 0x18, 0xbe,
    0xf8, 0xbd, 0xf8, 0xbd, 0xf8, 0xbd, 0xd8, 0xbd, 0xd8, 0xb5, 0xd7, 0xb5,
    0xd7, 0xb5, 0xb7, 0xb5, 0x18, 0xbe, 0xb7, 0xb5, 0x19, 0xc6, 0xbe, 0xf7,
    0x18, 0xc6, 0x76, 0xad, 0x4d, 0x6b, 0x69, 0x52, 0x69, 0x52, 0x69, 0x52,
    0x69, 0x52, 0x69, 0x52, 0x69, 0x52, 0x69, 0x52, 0x69, 0x52, 0x69, 0x52,
    0x69, 0x52, 0x69, 0x52, 0x69, 0x52, 0x69, 0x52, 0x69, 0x52, 0x69, 0x52,
    0x69, 0x52, 0x69, 0x52, 0x69, 0x52, 0xec, 0xda, 0xec, 0xda, 0xec, 0xda,
    0xec, 0xda, 0xec, 0xda, 0xec, 0xda, 0xec, 0xda, 0xec, 0xda, 0xec, 0xda,
    0xec, 0xda, 0xec, 0xda, 0x8a, 0x72, 0x69, 0x52, 0x69, 0x52, 0x69, 0x52,
    0x69, 0x52, 0x69, 0x52, 0x69, 0x52, 0x69, 0x52, 0x69, 0x52, 0x69, 0x52,
    0x69, 0x52, 0x69, 0x52, 0x69, 0x52, 0x69, 0x52, 0x69, 0x52, 0x69, 0x52,
    0x69, 0x52, 0x69, 0x52, 0x69, 0x52, 0x7a, 0xce, 0x5a, 0xce, 0x59, 0xce,
    0x59, 0xc6, 0x59, 0xc6, 0x39, 0xc6, 0x39, 0xc6, 0x39, 0xc6, 0x19, 0xc6,
    0x18, 0xbe, 0x18, 0xbe, 0x18, 0xbe, 0xf8, 0xbd, 0xf8, 0xbd, 0xf8, 0xbd,
    0xd8, 0xbd, 0xd7, 0xb5, 0xd7, 0xb5, 0xb7, 0xb5, 0xb7, 0xb5, 0xb7, 0xb5,
    0x39, 0xc6, 0xbe, 0xf7, 0x18, 0xc6, 0x96, 0xad, 0x18, 0xbe, 0xae, 0x7b,
    0x69, 0x52, 0x69, 0x52, 0x69, 0x52, 0x69, 0x52, 0x69, 0x52, 0x69, 0x52,
    0x69, 0x52, 0x69, 0x52, 0x69, 0x52, 0x69, 0x52, 0x69, 0x52, 0x69, 0x52,
    0x69, 0x52, 0x69, 0x52, 0x69, 0x52, 0x69, 0x52, 0x69, 0x52, 0xcb, 0x9a,
    0x2d, 0xdb, 0x2d, 0xdb, 0x2d, 0xdb, 0x2d, 0xdb, 0x2d, 0xdb, 0x2d, 0xdb,
    0x2d, 0xdb, 0x2d, 0xdb, 0x2d, 0xdb, 0x2d, 0xdb, 0x2d, 0xdb, 0xec, 0xba,
    0x69, 0x52, 0x69, 0x52, 0x69, 0x52, 0x69, 0x52, 0x69, 0x52, 0x69, 0x52,
    0x69, 0x52, 0x69, 0x52, 0x69, 0x52, 0x69, 0x52, 0x69, 0x52, 0x69, 0x52,
    0x69, 0x52, 0x69, 0x52, 0x69, 0x52, 0x69, 0x52, 0x69, 0x52, 0x69, 0x52,
    0x59, 0xce, 0x59, 0xce, 0x59, 0xc6, 0x59, 0xc6, 0x39, 0xc6, 0x39, 0xc6,
    0x39, 0xc6, 0x19, 0xc6, 0x18, 0xbe, 0x18, 0xbe, 0xf8, 0xbd, 0xf8, 0xbd,
    0xf8, 0xbd, 0xf8, 0xbd, 0xd8, 0xb5, 0xd7, 0xb5, 0xd7, 0xb5, 0xb7, 0xb5,
    0xb7, 0xb5, 0xb7, 0xb5, 0xf8, 0xbd, 0xbe, 0xf7, 0x18, 0xc6, 0x96, 0xad,
    0xf8, 0xbd, 0xbe, 0xf7, 0x4d, 0x6b, 0x49, 0x52, 0x49, 0x52, 0x49, 0x52,
    0x49, 0x52, 0x49, 0x52, 0x49, 0x52, 0x49, 0x52, 0x49, 0x52, 0x49, 0x52,
    0x49, 0x52, 0x49, 0x52, 0x49, 0x52, 0x49, 0x52, 0x49, 0x52, 0x49, 0x52,
    0x49, 0x52, 0x49, 0x52, 0x0c, 0xbb, 0x0c, 0xbb, 0x0c, 0xbb, 0x0c, 0xbb,
    0x0c, 0xbb, 0x0c, 0xbb, 0x0c, 0xbb, 0x0c, 0xbb, 0x0c, 0xbb, 0x0c, 0xbb,
    0x0c, 0xbb, 0x0c, 0xbb, 0x0c, 0xbb, 0x8a, 0x7a, 0x49, 0x52, 0x49, 0x52,
    0x49, 0x52, 0x49, 0x52, 0x49, 0x52, 0x49, 0x52, 0x49, 0x52, 0x49, 0x52,
    0x49, 0x52, 0x49, 0x52, 0x49, 0x52, 0x49, 0x52, 0x49, 0x52, 0x49, 0x52,
    0x49, 0x52, 0x49, 0x52, 0x49, 0x52, 0x59, 0xce, 0x59, 0xc6, 0x59, 0xc6,
    0x39, 0xc6, 0x39, 0xc6, 0x39, 0xc6, 0x19, 0xc6, 0x18, 0xc6, 0x18, 0xbe,
    0x18, 0xbe, 0xf8, 0xbd, 0xf8, 0xbd, 0xf8, 0xbd, 0xd8, 0xbd, 0xd7, 0xb5,
    0xd7, 0xb5, 0xb7, 0xb5, 0xb7, 0xb5, 0xb7, 0xb5, 0xb7, 0xb5, 0x3c, 0xe7,
    0x18, 0xc6, 0x96, 0xad, 0x18, 0xbe, 0xbe, 0xf7, 0xf8, 0xbd, 0x0c, 0x6b,
    0x49, 0x52, 0x49, 0x52, 0x49, 0x52, 0x49, 0x52, 0x49, 0x52, 0x49, 0x52,
    0x49, 0x52, 0x49, 0x52, 0x49, 0x52, 0x49, 0x52, 0x49, 0x52, 0x49, 0x52,
    0x49, 0x52, 0x49, 0x52, 0x49, 0x52, 0x49, 0x52, 0x49, 0x52, 0x49, 0x52,
    0x49, 0x52, 0x49, 0x52, 0x49, 0x52, 0x49, 0x52, 0x49, 0x52, 0x49, 0x52,
    0x49, 0x52, 0x49, 0x52, 0x49, 0x52, 0x49, 0x52, 0x49, 0x52, 0x49, 0x52,
    0x49, 0x52, 0x49, 0x52, 0x49, 0x52, 0x49, 0x52, 0x49, 0x52, 0x49, 0x52,
    0x49, 0x52, 0x49, 0x52, 0x49, 0x52, 0x49, 0x52, 0x49, 0x52, 0x49, 0x52,
    0x49, 0x52, 0x49, 0x52, 0x49, 0x52, 0x49, 0x52, 0x49, 0x52, 0x49, 0x52,
    0x59, 0xc6, 0x39, 0xc6, 0x39, 0xc6, 0x39, 0xc6, 0x39, 0xc6, 0x18, 0xc6,
    0x18, 0xbe, 0x18, 0xbe, 0xf8, 0xbd, 0xf8, 0xbd, 0xf8, 0xbd, 0xd8, 0xbd,
    0xd8, 0xb5, 0xd7, 0xb5, 0xd7, 0xb5, 0xb7, 0xb5, 0xb7, 0xb5, 0xb7, 0xb5,
    0x97, 0xb5, 0x97, 0xad, 0xf8, 0xbd, 0x76, 0xad, 0xf8, 0xbd, 0xbe, 0xf7,
    0xf8, 0xbd, 0x56, 0xa5, 0x2c, 0x6b, 0x49, 0x52, 0x49, 0x52, 0x49, 0x52,
    0x49, 0x52, 0x49, 0x52, 0x49, 0x52, 0x49, 0x52, 0x49, 0x52, 0x49, 0x52,
    0x49, 0x52, 0x49, 0x52, 0x49, 0x52, 0x49, 0x52, 0x49, 0x52, 0x49, 0x52,
    0x49, 0x52, 0x49, 0x52, 0x49, 0x52, 0x49, 0x52, 0x49, 0x52, 0x49, 0x52,
    0x49, 0x52, 0x49, 0x52, 0x49, 0x52, 0x49, 0x52, 0x49, 0x52, 0x49, 0x52,
    0x49, 0x52, 0x49, 0x52, 0x49, 0x52, 0x49, 0x52, 0x49, 0x52, 0x49, 0x52,
    0x49, 0x52, 0x49, 0x52, 0x49, 0x52, 0x49, 0x52, 0x49, 0x52, 0x49, 0x52,
    0x49, 0x52, 0x49, 0x52, 0x49, 0x52, 0x49, 0x52, 0x49, 0x52, 0x49, 0x52,
    0x49, 0x52, 0x49, 0x52, 0x49, 0x52, 0x59, 0xc6, 0x39, 0xc6, 0x39, 0xc6,
    0x39, 0xc6, 0x19, 0xc6, 0x18, 0xbe, 0x18, 0xbe, 0x18, 0xbe, 0xf8, 0xbd,
    0xf8, 0xbd, 0xf8, 0xbd, 0xd8, 0xbd, 0xd7, 0xb5, 0xd7, 0xb5, 0xb7, 0xb5,
    0xb7, 0xb5, 0xb7, 0xb5, 0x97, 0xb5, 0x97, 0xad, 0x97, 0xad, 0x96, 0xad,
    0x18, 0xbe, 0xbe, 0xf7, 0xf8, 0xbd, 0x56, 0xa5, 0xf8, 0xbd, 0xae, 0x7b,
    0x49, 0x52, 0x49, 0x52, 0x49, 0x52, 0x49, 0x52, 0x49, 0x52, 0x49, 0x52,
    0x49, 0x52, 0x49, 0x52, 0x49, 0x52, 0x49, 0x52, 0x49, 0x52, 0x49, 0x52,
    0x49, 0x52, 0x49, 0x52, 0x49, 0x52, 0x49, 0x52, 0x49, 0x52, 0x49, 0x52,
    0x49, 0x52, 0x49, 0x52, 0x49, 0x52, 0x49, 0x52, 0x49, 0x52, 0x49, 0x52,
    0x49, 0x52, 0x49, 0x52, 0x49, 0x52, 0x49, 0x52, 0x49, 0x52, 0x49, 0x52,
    0x49, 0x52, 0x49, 0x52, 0x49, 0x52, 0x49, 0x52, 0x49, 0x52, 0x49, 0x52,
    0x49, 0x52, 0x49, 0x52, 0x49, 0x52, 0x49, 0x52, 0x49, 0x52, 0x49, 0x52,
    0x49, 0x52, 0x49, 0x52, 0x49, 0x52, 0x49, 0x52, 0x49, 0x52, 0x49, 0x52,
    0x39, 0xc6, 0x39, 0xc6, 0x39, 0xc6, 0x19, 0xc6, 0x18, 0xbe, 0x18, 0xbe,
    0xf8, 0xbd, 0xf8, 0xbd, 0xf8, 0xbd, 0xd8, 0xbd, 0xd8, 0xb5, 0xd7, 0xb5,
    0xd7, 0xb5, 0xb7, 0xb5, 0xb7, 0xb5, 0xb7, 0xb5, 0x97, 0xb5, 0x97, 0xad,
    0x96, 0xad, 0x96, 0xad, 0xd8, 0xbd, 0xbe, 0xf7, 0xf8, 0xbd, 0x56, 0xa5,
    0xf8, 0xbd, 0xbe, 0xf7, 0x2c, 0x6b, 0x49, 0x52, 0x49, 0x52, 0x49, 0x52,
    0x49, 0x52, 0x49, 0x52, 0x49, 0x52, 0x49, 0x52, 0x49, 0x52, 0x49, 0x52,
    0x49, 0x52, 0x49, 0x52, 0x49, 0x52, 0x49, 0x52, 0x49, 0x52, 0x49, 0x52,
    0x49, 0x52, 0x49, 0x52, 0x49, 0x52, 0x49, 0x52, 0x49, 0x52, 0x49, 0x52,
    0x49, 0x52, 0x49, 0x52, 0x49, 0x52, 0x49, 0x52, 0x49, 0x52, 0x49, 0x52,
    0x49, 0x52, 0x49, 0x52, 0x49, 0x52, 0x49, 0x52, 0x49, 0x52, 0x49, 0x52,
    0x49, 0x52, 0x49, 0x52, 0x49, 0x52, 0x49, 0x52, 0x49, 0x52, 0x49, 0x52,
    0x49, 0x52, 0x49, 0x52, 0x49, 0x52, 0x49, 0x52, 0x49, 0x52, 0x49, 0x52,
    0x49, 0x52, 0x49, 0x52, 0x49, 0x52, 0x39, 0xc6, 0x39, 0xc6, 0x19, 0xc6,
    0x18, 0xc6, 0x18, 0xbe, 0x18, 0xbe, 0xf8, 0xbd, 0xf8, 0xbd, 0xf8, 0xbd,
    0xd8, 0xbd, 0xd7, 0xb5, 0xd7, 0xb5, 0xb7, 0xb5, 0xb7, 0xb5, 0xb7, 0xb5,
    0xb7, 0xb5, 0x97, 0xad, 0x97, 0xad, 0x96, 0xad, 0x76, 0xad, 0x1c, 0xe7,
    0xf8, 0xbd, 0x56, 0xa5, 0xf8, 0xbd, 0xbe, 0xf7, 0xd8, 0xbd, 0x0c, 0x6b,
    0x49, 0x52, 0x49, 0x52, 0x49, 0x52, 0x49, 0x52, 0x49, 0x52, 0x49, 0x52,
    0x49, 0x52, 0x49, 0x52, 0x49, 0x52, 0x49, 0x52, 0x49, 0x52, 0x8a, 0x72,
    0x49, 0x52, 0x49, 0x52, 0x49, 0x52, 0x49, 0x52, 0x49, 0x52, 0x49, 0x52,
    0x49, 0x52, 0x49, 0x52, 0x49, 0x52, 0x49, 0x52, 0x49, 0x52, 0x49, 0x52,
    0x49, 0x52, 0x49, 0x52, 0x49, 0x52, 0x49, 0x52, 0x49, 0x52, 0x49, 0x52,
    0x49, 0x52, 0x49, 0x52, 0x49, 0x52, 0x49, 0x52, 0x49, 0x52, 0x49, 0x52,
    0x49, 0x52, 0x49, 0x52, 0x49, 0x52, 0x49, 0x52, 0x49, 0x52, 0x49, 0x52,
    0x49, 0x52, 0x49, 0x52, 0x49, 0x52, 0x49, 0x52, 0x49, 0x52, 0x49, 0x52,
    0x39, 0xc6, 0x18, 0xc6, 0x18, 0xbe, 0x18, 0xbe, 0xf8, 0xbd, 0xf8, 0xbd,
    0xf8, 0xbd, 0xd8, 0xbd, 0xd8, 0xb5, 0xd7, 0xb5, 0xd7, 0xb5, 0xb7, 0xb5,
    0xb7, 0xb5, 0xb7, 0xb5, 0x97, 0xb5, 0x97, 0xad, 0x96, 0xad, 0x76, 0xad,
    0x76, 0xad, 0x76, 0xad, 0xd7, 0xb5, 0x56, 0xa5, 0xf8, 0xbd, 0xbe, 0xf7,
    0xd7, 0xbd, 0x35, 0xa5, 0x0c, 0x6b, 0x49, 0x52, 0x28, 0x52, 0x28, 0x52,
    0x28, 0x52, 0x49, 0x52, 0x28, 0x52, 0x28, 0x52, 0x28, 0x52, 0x49, 0x52,
    0x69, 0x72, 0xec, 0xba, 0x0c, 0xbb, 0x49, 0x52, 0x28, 0x52, 0x28, 0x52,
    0x28, 0x52, 0x49, 0x52, 0x28, 0x52, 0x28, 0x52, 0x28, 0x52, 0x49, 0x52,
    0x28, 0x52, 0x28, 0x52, 0x28, 0x52, 0x49, 0x52, 0x28, 0x52, 0x28, 0x52,
    0x28, 0x52, 0x49, 0x52, 0x28, 0x52, 0x28, 0x52, 0x28, 0x52, 0x49, 0x52,
    0x28, 0x52, 0x28, 0x52, 0x28, 0x52, 0x49, 0x52, 0x28, 0x52, 0x28, 0x52,
    0x28, 0x52, 0x49, 0x52, 0x28, 0x52, 0x28, 0x52, 0x28, 0x52, 0x49, 0x52,
    0x28, 0x52, 0x28, 0x52, 0x28, 0x52, 0x19, 0xc6, 0x18, 0xbe, 0x18, 0xbe,
    0x18, 0xbe, 0xf8, 0xbd, 0xf8, 0xbd, 0xf8, 0xbd, 0xd8, 0xbd, 0xd7, 0xb5,
    0xd7, 0xb5, 0xb7, 0xb5, 0xb7, 0xb5, 0xb7, 0xb5, 0xb7, 0xb5, 0x97, 0xad,
    0x97, 0xad, 0x96, 0xad, 0x76, 0xad, 0x76, 0xad, 0x76, 0xad, 0x56, 0xa5,
    0xf8, 0xbd, 0xbe, 0xf7, 0xd8, 0xbd, 0x35, 0xa5, 0xd7, 0xb5, 0x8e, 0x7b,
    0x28, 0x52, 0x28, 0x52, 0x28, 0x52, 0x28, 0x52, 0x28, 0x52, 0x28, 0x52,
    0x28, 0x52, 0x49, 0x72, 0xab, 0xba, 0xec, 0xda, 0x2d, 0xdb, 0x0c, 0xbb,
    0x28, 0x52, 0x28, 0x52, 0x28, 0x52, 0x28, 0x52, 0x28, 0x52, 0x28, 0x52,
    0x28, 0x52, 0x28, 0x52, 0x28, 0x52, 0x28, 0x52, 0x28, 0x52, 0x28, 0x52,
    0x28, 0x52, 0x28, 0x52, 0x28, 0x52, 0x28, 0x52, 0x28, 0x52, 0x28, 0x52,
    0x28, 0x52, 0x28, 0x52, 0x28, 0x52, 0x28, 0x52, 0x28, 0x52, 0x28, 0x52,
    0x28, 0x52, 0x48, 0x52, 0x49, 0x52, 0x49, 0x52, 0x48, 0x52, 0x28, 0x52,
    0x48, 0x52, 0x49, 0x52, 0x49, 0x52, 0x48, 0x52, 0x28, 0x52, 0x28, 0x52,
    0x18, 0xbe, 0x18, 0xbe, 0xf8, 0xbd, 0xf8, 0xbd, 0xf8, 0xbd, 0xf8, 0xbd,
    0xd8, 0xb5, 0xd7, 0xb5, 0xd7, 0xb5, 0xb7, 0xb5, 0xb7, 0xb5, 0xb7, 0xb5,
    0x97, 0xb5, 0x97, 0xad, 0x96, 0xad, 0x96, 0xad, 0x76, 0xad, 0x76, 0xad,
    0x76, 0xad, 0x56, 0xa5, 0xb7, 0xb5, 0xbe, 0xf7, 0xd7, 0xbd, 0x35, 0xa5,
    0xd7, 0xb5, 0xbe, 0xf7, 0x0c, 0x6b, 0x28, 0x52, 0x28, 0x52, 0x28, 0x52,
    0x28, 0x52, 0x28, 0x52, 0x29, 0x72, 0x6a, 0xb2, 0xab, 0xda, 0xcb, 0xda,
    0xec, 0xda, 0x2d, 0xdb, 0x0c, 0xbb, 0x28, 0x52, 0x28, 0x52, 0x28, 0x52,
    0x28, 0x52, 0x28, 0x52, 0x28, 0x52, 0x28, 0x52, 0x28, 0x52, 0x28, 0x52,
    0x28, 0x52, 0x28, 0x52, 0x28, 0x52, 0x28, 0x52, 0x28, 0x52, 0x28, 0x52,
    0x28, 0x52, 0x28, 0x52, 0x28, 0x52, 0x28, 0x52, 0x28, 0x52, 0x28, 0x52,
    0x28, 0x52, 0x28, 0x52, 0x28, 0x52, 0x28, 0x52, 0x30, 0x8c, 0xdf, 0xff,
    0x1c, 0xe7, 0x89, 0x5a, 0x48, 0x52, 0x18, 0xc6, 0xdf, 0xff, 0x14, 0xa5,
    0x69, 0x52, 0x28, 0x52, 0x28, 0x52, 0x18, 0xbe, 0x18, 0xbe, 0xf8, 0xbd,
    0xf8, 0xbd, 0xf8, 0xbd, 0xd8, 0xbd, 0xd7, 0xb5, 0xd7, 0xb5, 0xb7, 0xb5,
    0xb7, 0xb5, 0xb7, 0xb5, 0xb7, 0xb5, 0x97, 0xad, 0x97, 0xad, 0x96, 0xad,
    0x76, 0xad, 0x76, 0xad, 0x76, 0xad, 0x56, 0xad, 0x56, 0xa5, 0x1c, 0xe7,
    0xd8, 0xbd, 0x35, 0xa5, 0xd7, 0xb5, 0xbe, 0xf7, 0xb7, 0xb5, 0xeb, 0x62,
    0x28, 0x52, 0x28, 0x52, 0x28, 0x52, 0x28, 0x72, 0x29, 0xb2, 0x49, 0xd2,
    0x8a, 0xd2, 0xab, 0xda, 0xcb, 0xda, 0xec, 0xda, 0x2d, 0xdb, 0x0c, 0xbb,
    0x28, 0x52, 0x28, 0x52, 0x28, 0x52, 0x28, 0x52, 0x28, 0x52, 0x28, 0x52,
    0x28, 0x52, 0x28, 0x52, 0x28, 0x52, 0x28, 0x52, 0x28, 0x52, 0x28, 0x52,
    0x28, 0x52, 0x28, 0x52, 0x28, 0x52, 0x28, 0x52, 0x28, 0x52, 0x28, 0x52,
    0x28, 0x52, 0x28, 0x52, 0x28, 0x52, 0x28, 0x52, 0x28, 0x52, 0x28, 0x52,
    0x28, 0x52, 0x49, 0x52, 0xdb, 0xde, 0xdf, 0xff, 0xd2, 0x9c, 0x6d, 0x73,
    0xdf, 0xf7, 0x3c, 0xe7, 0xe9, 0x6a, 0x69, 0x5a, 0x28, 0x52, 0x28, 0x52,
    0xf8, 0xbd, 0xf8, 0xbd, 0xf8, 0xbd, 0xd8, 0xbd, 0xd8, 0xb5, 0xd7, 0xb5,
    0xd7, 0xb5, 0xb7, 0xb5, 0xb7, 0xb5, 0xb7, 0xb5, 0x97, 0xb5, 0x97, 0xad,
    0x96, 0xad, 0x76, 0xad, 0x76, 0xad, 0x76, 0xad, 0x76, 0xad, 0x56, 0xa5,
    0x56, 0xa5, 0x55, 0xa5, 0xb7, 0xb5, 0x35, 0xa5, 0xd7, 0xb5, 0xbe, 0xf7,
    0xb7, 0xb5, 0x15, 0x9d, 0x0c, 0x6b, 0x28, 0x52, 0x08, 0x72, 0xe7, 0xb1,
    0xe8, 0xd1, 0x29, 0xd2, 0x49, 0xd2, 0x6a, 0xd2, 0xab, 0xda, 0xcb, 0xda,
    0xec, 0xda, 0x2d, 0xdb, 0x0c, 0xbb, 0x28, 0x52, 0x28, 0x52, 0x28, 0x52,
    0x28, 0x52, 0x28, 0x52, 0x28, 0x52, 0x28, 0x52, 0x28, 0x52, 0x28, 0x52,
    0x28, 0x52, 0x28, 0x52, 0x28, 0x52, 0x28, 0x52, 0x28, 0x52, 0x28, 0x52,
    0x28, 0x52, 0x28, 0x52, 0x28, 0x52, 0x28, 0x52, 0x28, 0x52, 0x28, 0x52,
    0x28, 0x52, 0x28, 0x52, 0x28, 0x52, 0x28, 0x52, 0x28, 0x52, 0x0b, 0x6b,
    0xbe, 0xf7, 0x9e, 0xf7, 0x1c, 0xe7, 0xdf, 0xf7, 0xee, 0x83, 0x89, 0x5a,
    0x28, 0x52, 0x28, 0x52, 0x28, 0x52, 0xf8, 0xbd, 0xf8, 0xbd, 0xf8, 0xbd,
    0xd8, 0xbd, 0xd7, 0xb5, 0xd7, 0xb5, 0xb7, 0xb5, 0xb7, 0xb5, 0xb7, 0xb5,
    0x97, 0xb5, 0x97, 0xad, 0x97, 0xad, 0x96, 0xad, 0x76, 0xad, 0x76, 0xad,
    0x76, 0xad, 0x56, 0xa5, 0x56, 0xa5, 0x56, 0xa5, 0x55, 0xa5, 0x35, 0xa5,
    0xd7, 0xb5, 0xbe, 0xf7, 0xb7, 0xb5, 0x15, 0x9d, 0xb7, 0xb5, 0x4d, 0x9b,
    0xa6, 0xa9, 0xa6, 0xc9, 0xc7, 0xd1, 0x08, 0xd2, 0x29, 0xd2, 0x49, 0xd2,
    0x8a, 0xd2, 0xab, 0xda, 0xcb, 0xda, 0xec, 0xda, 0x2d, 0xdb, 0x0c, 0xbb,
    0x28, 0x52, 0x28, 0x52, 0x28, 0x52, 0x28, 0x52, 0x28, 0x52, 0x28, 0x52,
    0x28, 0x52, 0x28, 0x52, 0x28, 0x52, 0x28, 0x52, 0x28, 0x52, 0x28, 0x52,
    0x28, 0x52, 0x28, 0x52, 0x28, 0x52, 0x28, 0x52, 0x28, 0x52, 0x28, 0x52,
    0x28, 0x52, 0x28, 0x52, 0x28, 0x52, 0x28, 0x52, 0x28, 0x52, 0x28, 0x52,
    0x28, 0x52, 0x28, 0x52, 0x48, 0x52, 0x55, 0xad, 0xdf, 0xff, 0xdf, 0xff,
    0xf7, 0xc5, 0xc9, 0x62, 0x48, 0x52, 0x28, 0x52, 0x28, 0x52, 0x28, 0x52,
    0xf8, 0xbd, 0xd8, 0xbd, 0xd8, 0xb5, 0xd7, 0xb5, 0xd7, 0xb5, 0xb7, 0xb5,
    0xb7, 0xb5, 0xb7, 0xb5, 0x97, 0xb5, 0x97, 0xad, 0x96, 0xad, 0x96, 0xad,
    0x76, 0xad, 0x76, 0xad, 0x76, 0xad, 0x56, 0xa5, 0x56, 0xa5, 0x56, 0xa5,
    0x35, 0xa5, 0x35, 0xa5, 0x97, 0xb5, 0xbe, 0xf7, 0xb7, 0xb5, 0x15, 0x9d,
    0xb7, 0xb5, 0xcb, 0xd2, 0x45, 0xc9, 0x86, 0xc9, 0xa6, 0xc9, 0xc7, 0xc9,
    0xe8, 0xd1, 0x29, 0xd2, 0x49, 0xd2, 0x6a, 0xd2, 0xab, 0xda, 0xcb, 0xda,
    0xec, 0xda, 0x2d, 0xdb, 0x0c, 0xbb, 0x28, 0x52, 0x28, 0x52, 0x28, 0x52,
    0x28, 0x52, 0x28, 0x52, 0x28, 0x52, 0x28, 0x52, 0x28, 0x52, 0x28, 0x52,
    0x28, 0x52, 0x28, 0x52, 0x28, 0x52, 0x28, 0x52, 0x28, 0x52, 0x28, 0x52,
    0x28, 0x52, 0x28, 0x52, 0x28, 0x52, 0x28, 0x52, 0x28, 0x52, 0x28, 0x52,
    0x28, 0x52, 0x28, 0x52, 0x28, 0x52, 0x28, 0x52, 0x28, 0x52, 0x28, 0x52,
    0xf3, 0xa4, 0xdf, 0xff, 0xdf, 0xff, 0x54, 0xad, 0x89, 0x5a, 0xb2, 0x9c,
    0xbe, 0xf7, 0xbe, 0xf7, 0xbe, 0xf7, 0xf8, 0xbd, 0xd8, 0xbd, 0xd7, 0xb5,
    0xd7, 0xb5, 0xb7, 0xb5, 0xb7, 0xb5, 0xb7, 0xb5, 0xb7, 0xb5, 0x97, 0xad,
    0x97, 0xad, 0x96, 0xad, 0x76, 0xad, 0x76, 0xad, 0x76, 0xad, 0x56, 0xa5,
    0x56, 0xa5, 0x56, 0xa5, 0x55, 0xa5, 0x35, 0xa5, 0x35, 0xa5, 0x1c, 0xe7,
    0xb7, 0xb5, 0x15, 0x9d, 0xb7, 0xb5, 0xbe, 0xf7, 0x97, 0xb5, 0x6a, 0x9a,
    0x86, 0xc9, 0xa6, 0xc9, 0xc7, 0xd1, 0x08, 0xd2, 0x29, 0xd2, 0x49, 0xd2,
    0x8a, 0xd2, 0xab, 0xda, 0xcb, 0xda, 0xec, 0xda, 0x2d, 0xdb, 0x0c, 0xbb,
    0x28, 0x52, 0x28, 0x52, 0x28, 0x52, 0x28, 0x52, 0x28, 0x52, 0x28, 0x52,
    0x28, 0x52, 0x28, 0x52, 0x28, 0x52, 0x28, 0x52, 0x28, 0x52, 0x28, 0x52,
    0x28, 0x52, 0x28, 0x52, 0x28, 0x52, 0x28, 0x52, 0x28, 0x52, 0x28, 0x52,
    0x28, 0x52, 0x28, 0x52, 0x28, 0x52, 0x28, 0x52, 0x28, 0x52, 0x28, 0x52,
    0x28, 0x52, 0x28, 0x52, 0xaa, 0x62, 0xbe, 0xf7, 0xdf, 0xf7, 0xbe, 0xf7,
    0xbe, 0xf7, 0x4b, 0x73, 0xce, 0x83, 0x59, 0xce, 0x79, 0xd6, 0x79, 0xd6,
    0xd8, 0xb5, 0xd7, 0xb5, 0xd7, 0xb5, 0xb7, 0xb5, 0xb7, 0xb5, 0xb7, 0xb5,
    0x97, 0xb5, 0x97, 0xad, 0x96, 0xad, 0x76, 0xad, 0x76, 0xad, 0x76, 0xad,
    0x76, 0xad, 0x56, 0xa5, 0x56, 0xa5, 0x56, 0xa5, 0x35, 0xa5, 0x35, 0xa5,
    0x35, 0xa5, 0x15, 0xa5, 0x97, 0xad, 0x15, 0x9d, 0xb7, 0xb5, 0xbe, 0xf7,
    0x97, 0xb5, 0xf4, 0x9c, 0xec, 0x6a, 0x08, 0x52, 0xe7, 0x89, 0xc7, 0xc9,
    0xe8, 0xd1, 0x29, 0xd2, 0x49, 0xd2, 0x6a, 0xd2, 0xab, 0xda, 0xcb, 0xda,
    0xec, 0xda, 0x2d, 0xdb, 0x0c, 0xbb, 0x08, 0x52, 0x08, 0x52, 0x08, 0x52,
    0x08, 0x52, 0x08, 0x52, 0x08, 0x52, 0x08, 0x52, 0x08, 0x52, 0x08, 0x52,
    0x08, 0x52, 0x08, 0x52, 0x08, 0x52, 0x08, 0x52, 0x08, 0x52, 0x08, 0x52,
    0x08, 0x52, 0x08, 0x52, 0x08, 0x52, 0x08, 0x52, 0x08, 0x52, 0x08, 0x52,
    0x08, 0x52, 0x08, 0x52, 0x08, 0x52, 0x08, 0x52, 0x28, 0x52, 0xba, 0xd6,
    0xdf, 0xff, 0xb1, 0x9c, 0xd2, 0x9c, 0xdf, 0xff, 0xfb, 0xde, 0x89, 0x5a,
    0x89, 0x5a, 0xa9, 0x5a, 0xa9, 0x5a, 0xd7, 0xb5, 0xd7, 0xb5, 0xb7, 0xb5,
    0xb7, 0xb5, 0xb7, 0xb5, 0xb7, 0xb5, 0x97, 0xad, 0x97, 0xad, 0x96, 0xad,
    0x76, 0xad, 0x76, 0xad, 0x76, 0xad, 0x56, 0xa5, 0x56, 0xa5, 0x56, 0xa5,
    0x55, 0xa5, 0x35, 0xa5, 0x35, 0xa5, 0x35, 0xa5, 0x15, 0x9d, 0x15, 0x9d,
    0xb7, 0xb5, 0xbe, 0xf7, 0x97, 0xb5, 0xf4, 0x9c, 0x97, 0xad, 0x6d, 0x7b,
    0x08, 0x52, 0x08, 0x52, 0x08, 0x52, 0x08, 0x92, 0x29, 0xd2, 0x49, 0xd2,
    0x8a, 0xd2, 0xab, 0xda, 0xcb, 0xda, 0xec, 0xda, 0x2d, 0xdb, 0x0c, 0xbb,
    0x08, 0x52, 0x08, 0x52, 0x08, 0x52, 0x08, 0x52, 0x08, 0x52, 0x08, 0x52,
    0x08, 0x52, 0x08, 0x52, 0x08, 0x52, 0x08, 0x52, 0x08, 0x52, 0x08, 0x52,
    0x08, 0x52, 0x08, 0x52, 0x08, 0x52, 0x08, 0x52, 0x08, 0x52, 0x08, 0x52,
    0x08, 0x52, 0x08, 0x52, 0x08, 0x52, 0x08, 0x52, 0x08, 0x52, 0x08, 0x52,
    0x08, 0x52, 0x50, 0x94, 0xdf, 0xff, 0xba, 0xd6, 0xe9, 0x62, 0x89, 0x5a,
    0xba, 0xde, 0xdf, 0xff, 0xf3, 0xa4, 0x48, 0x52, 0x28, 0x52, 0x28, 0x52,
    0xd7, 0xb5, 0xb7, 0xb5, 0xb7, 0xb5, 0xb7, 0xb5, 0x97, 0xb5, 0x97, 0xad,
    0x96, 0xad, 0x96, 0xad, 0x76, 0xad, 0x76, 0xad, 0x76, 0xad, 0x56, 0xa5,
    0x56, 0xa5, 0x56, 0xa5, 0x35, 0xa5, 0x35, 0xa5, 0x35, 0xa5, 0x35, 0xa5,
    0x15, 0x9d, 0x15, 0x9d, 0x96, 0xad, 0xbe, 0xf7, 0x97, 0xb5, 0xf4, 0x9c,
    0x96, 0xad, 0xbe, 0xf7, 0xeb, 0x62, 0x08, 0x52, 0x08, 0x52, 0x08, 0x52,
    0x08, 0x52, 0x08, 0x52, 0x29, 0x92, 0x6a, 0xd2, 0xab, 0xda, 0xcb, 0xda,
    0xec, 0xda, 0x2d, 0xdb, 0xec, 0xba, 0x08, 0x52, 0x08, 0x4a, 0x08, 0x52,
    0x08, 0x52, 0x08, 0x52, 0x08, 0x52, 0x08, 0x52, 0x08, 0x52, 0x08, 0x52,
    0x08, 0x4a, 0x08, 0x52, 0x08, 0x52, 0x08, 0x52, 0x08, 0x52, 0x08, 0x52,
    0x08, 0x52, 0x08, 0x52, 0x08, 0x4a, 0x08, 0x52, 0x08, 0x52, 0x08, 0x52,
    0x08, 0x52, 0x08, 0x52, 0x08, 0x52, 0x08, 0x52, 0x28, 0x52, 0x88, 0x5a,
    0xa9, 0x62, 0x68, 0x5a, 0x28, 0x52, 0x68, 0x5a, 0xa9, 0x62, 0x89, 0x5a,
    0x28, 0x52, 0x08, 0x52, 0x08, 0x52, 0xb7, 0xb5, 0xb7, 0xb5, 0xb7, 0xb5,
    0xb7, 0xb5, 0x97, 0xad, 0x97, 0xad, 0x96, 0xad, 0x76, 0xad, 0x76, 0xad,
    0x76, 0xad, 0x56, 0xad, 0x56, 0xa5, 0x56, 0xa5, 0x55, 0xa5, 0x35, 0xa5,
    0x35, 0xa5, 0x35, 0xa5, 0x15, 0x9d, 0x15, 0x9d, 0x15, 0x9d, 0xfc, 0xde,
    0x97, 0xb5, 0xf4, 0x9c, 0x97, 0xad, 0xbe, 0xf7, 0x96, 0xad, 0xcb, 0x62,
    0x08, 0x52, 0x08, 0x52, 0x08, 0x52, 0x08, 0x52, 0x08, 0x52, 0x08, 0x52,
    0x08, 0x52, 0x69, 0x92, 0xcb, 0xda, 0xec, 0xda, 0x2d, 0xdb, 0x0c, 0xbb,
    0x08, 0x52, 0x08, 0x52, 0x08, 0x52, 0x08, 0x52, 0x08, 0x52, 0x08, 0x52,
    0x08, 0x52, 0x08, 0x52, 0x08, 0x52, 0x08, 0x52, 0x08, 0x52, 0x08, 0x52,
    0x08, 0x52, 0x08, 0x52, 0x08, 0x52, 0x08, 0x52, 0x08, 0x52, 0x08, 0x52,
    0x08, 0x52, 0x08, 0x52, 0x08, 0x52, 0x08, 0x52, 0x08, 0x52, 0x08, 0x52,
    0x08, 0x52, 0x08, 0x52, 0x28, 0x52, 0x28, 0x52, 0x08, 0x52, 0x08, 0x52,
    0x08, 0x52, 0x28, 0x52, 0x28, 0x52, 0x08, 0x52, 0x08, 0x52, 0x08, 0x52,
    0xb7, 0xb5, 0xb7, 0xb5, 0x97, 0xb5, 0x97, 0xad, 0x96, 0xad, 0x76, 0xad,
    0x76, 0xad, 0x76, 0xad, 0x76, 0xad, 0x56, 0xa5, 0x56, 0xa5, 0x55, 0xa5,
    0x35, 0xa5, 0x35, 0xa5, 0x35, 0xa5, 0x15, 0xa5, 0x15, 0x9d, 0x15, 0x9d,
    0x15, 0x9d, 0xf4, 0x9c, 0x76, 0xad, 0xf4, 0x9c, 0x96, 0xad, 0xbe, 0xf7,
    0x76, 0xad, 0xb4, 0x94, 0xeb, 0x62, 0x08, 0x4a, 0x08, 0x4a, 0x08, 0x4a,
    0x08, 0x4a, 0x08, 0x4a, 0x08, 0x4a, 0x08, 0x4a, 0x08, 0x4a, 0x08, 0x4a,
    0x8a, 0x92, 0x2d, 0xdb, 0xec, 0xba, 0x08, 0x4a, 0x08, 0x4a, 0x08, 0x4a,
    0x08, 0x4a, 0x08, 0x4a, 0x08, 0x4a, 0x08, 0x4a, 0x08, 0x4a, 0x08, 0x4a,
    0x08, 0x4a, 0x08, 0x4a, 0x08, 0x4a, 0x08, 0x4a, 0x08, 0x4a, 0x08, 0x4a,
    0x08, 0x4a, 0x08, 0x4a, 0x08, 0x4a, 0x08, 0x4a, 0x08, 0x4a, 0x08, 0x4a,
    0x08, 0x4a, 0x08, 0x4a, 0x08, 0x4a, 0x08, 0x4a, 0x08, 0x4a, 0x08, 0x4a,
    0x08, 0x4a, 0x08, 0x4a, 0x08, 0x4a, 0x08, 0x4a, 0x08, 0x4a, 0x08, 0x4a,
    0x08, 0x4a, 0x08, 0x4a, 0x08, 0x4a, 0xb7, 0xb5, 0x97, 0xb5, 0x97, 0xad,
    0x97, 0xad, 0x96, 0xad, 0x76, 0xad, 0x76, 0xad, 0x76, 0xad, 0x56, 0xa5,
    0x56, 0xa5, 0x56, 0xa5, 0x55, 0xa5, 0x35, 0xa5, 0x35, 0xa5, 0x35, 0xa5,
    0x15, 0x9d, 0x15, 0x9d, 0x15, 0x9d, 0xf4, 0x9c, 0xf4, 0x9c, 0xf4, 0x9c,
    0x97, 0xad, 0xbe, 0xf7, 0x96, 0xad, 0xd4, 0x94, 0x76, 0xad, 0x6d, 0x7b,
    0x08, 0x4a, 0x08, 0x4a, 0x08, 0x4a, 0x08, 0x4a, 0x08, 0x4a, 0x08, 0x4a,
    0x08, 0x4a, 0x08, 0x4a, 0x08, 0x4a, 0x08, 0x4a, 0x08, 0x4a, 0x49, 0x72,
    0x08, 0x4a, 0x08, 0x4a, 0x08, 0x4a, 0x08, 0x4a, 0x08, 0x4a, 0x08, 0x4a,
    0x08, 0x4a, 0x08, 0x4a, 0x08, 0x4a, 0x08, 0x4a, 0x08, 0x4a, 0x08, 0x4a,
    0x08, 0x4a, 0x08, 0x4a, 0x08, 0x4a, 0x08, 0x4a, 0x08, 0x4a, 0x08, 0x4a,
    0x08, 0x4a, 0x08, 0x4a, 0x08, 0x4a, 0x08, 0x4a, 0x08, 0x4a, 0x08, 0x4a,
    0x08, 0x4a, 0x08, 0x4a, 0x08, 0x4a, 0x08, 0x4a, 0x08, 0x4a, 0x08, 0x4a,
    0x08, 0x4a, 0x08, 0x4a, 0x08, 0x4a, 0x08, 0x4a, 0x08, 0x4a, 0x08, 0x4a,
    0x97, 0xb5, 0x97, 0xad, 0x96, 0xad, 0x96, 0xad, 0x76, 0xad, 0x76, 0xad,
    0x76, 0xad, 0x56, 0xa5, 0x56, 0xa5, 0x56, 0xa5, 0x35, 0xa5, 0x35, 0xa5,
    0x35, 0xa5, 0x15, 0xa5, 0x15, 0x9d, 0x15, 0x9d, 0x15, 0x9d, 0xf4, 0x9c,
    0xf4, 0x9c, 0xf4, 0x9c, 0x76, 0xad, 0xbe, 0xf7, 0x96, 0xad, 0xd4, 0x94,
    0x76, 0xad, 0xbe, 0xf7, 0xcb, 0x62, 0x08, 0x4a, 0x08, 0x4a, 0x08, 0x4a,
    0x08, 0x4a, 0x08, 0x4a, 0x08, 0x4a, 0x08, 0x4a, 0x08, 0x4a, 0x08, 0x4a,
    0x08, 0x4a, 0x08, 0x4a, 0x08, 0x4a, 0x08, 0x4a, 0x08, 0x4a, 0x08, 0x4a,
    0x08, 0x4a, 0x08, 0x4a, 0x08, 0x4a, 0x08, 0x4a, 0x08, 0x4a, 0x08, 0x4a,
    0x08, 0x4a, 0x08, 0x4a, 0x08, 0x4a, 0x08, 0x4a, 0x08, 0x4a, 0x08, 0x4a,
    0x08, 0x4a, 0x08, 0x4a, 0x08, 0x4a, 0x08, 0x4a, 0x08, 0x4a, 0x08, 0x4a,
    0x08, 0x4a, 0x08, 0x4a, 0x08, 0x4a, 0x08, 0x4a, 0x08, 0x4a, 0x08, 0x4a,
    0x08, 0x4a, 0x08, 0x4a, 0x08, 0x4a, 0x08, 0x4a, 0x08, 0x4a, 0x08, 0x4a,
    0x08, 0x4a, 0x08, 0x4a, 0x08, 0x4a, 0x97, 0xad, 0x97, 0xad, 0x96, 0xad,
    0x76, 0xad, 0x76, 0xad, 0x76, 0xad, 0x56, 0xa5, 0x56, 0xa5, 0x56, 0xa5,
    0x55, 0xa5, 0x35, 0xa5, 0x35, 0xa5, 0x35, 0xa5, 0x15, 0x9d, 0x15, 0x9d,
    0x15, 0x9d, 0xf4, 0x9c, 0xf4, 0x9c, 0xf4, 0x9c, 0xf4, 0x94, 0xfc, 0xde,
    0x96, 0xad, 0xd4, 0x94, 0x76, 0xad, 0xbe, 0xf7, 0x76, 0xad, 0xaa, 0x5a,
    0x08, 0x4a, 0x08, 0x4a, 0x08, 0x4a, 0x08, 0x4a, 0x08, 0x4a, 0x08, 0x4a,
    0x08, 0x4a, 0x08, 0x4a, 0x08, 0x4a, 0x08, 0x4a, 0x08, 0x4a, 0x08, 0x4a,
    0x08, 0x4a, 0x08, 0x4a, 0x08, 0x4a, 0x08, 0x4a, 0x08, 0x4a, 0x08, 0x4a,
    0x08, 0x4a, 0x08, 0x4a, 0x08, 0x4a, 0x08, 0x4a, 0x08, 0x4a, 0x08, 0x4a,
    0x08, 0x4a, 0x08, 0x4a, 0x08, 0x4a, 0x08, 0x4a, 0x08, 0x4a, 0x08, 0x4a,
    0x08, 0x4a, 0x08, 0x4a, 0x08, 0x4a, 0x08, 0x4a, 0x08, 0x4a, 0x08, 0x4a,
    0x08, 0x4a, 0x08, 0x4a, 0x08, 0x4a, 0x08, 0x4a, 0x08, 0x4a, 0x08, 0x4a,
    0x08, 0x4a, 0x08, 0x4a, 0x08, 0x4a, 0x08, 0x4a, 0x08, 0x4a, 0x08, 0x4a,
    0x96, 0xad, 0x76, 0xad, 0x76, 0xad, 0x76, 0xad, 0x76, 0xad, 0x56, 0xa5,
    0x56, 0xa5, 0x56, 0xa5, 0x35, 0xa5, 0x35, 0xa5, 0x35, 0xa5, 0x15, 0xa5,
    0x15, 0x9d, 0x15, 0x9d, 0x15, 0x9d, 0xf4, 0x9c, 0xf4, 0x9c, 0xf4, 0x9c,
    0xd4, 0x94, 0xd4, 0x94, 0x56, 0xa5, 0xb4, 0x94, 0x76, 0xad, 0xbe, 0xf7,
    0x76, 0xad, 0x93, 0x8c, 0xcb, 0x62, 0xe7, 0x49, 0xe7, 0x49, 0xe7, 0x49,
    0xe7, 0x49, 0xe7, 0x49, 0xe7, 0x49, 0xe7, 0x49, 0xe7, 0x49, 0xe7, 0x49,
    0xe7, 0x49, 0xe7, 0x49, 0xe7, 0x49, 0xe7, 0x49, 0xe7, 0x49, 0xe7, 0x49,
    0xe7, 0x49, 0xe7, 0x49, 0xe7, 0x49, 0xe7, 0x49, 0xe7, 0x49, 0xe7, 0x49,
    0xe7, 0x49, 0xe7, 0x49, 0xe7, 0x49, 0xe7, 0x49, 0xe7, 0x49, 0xe7, 0x49,
    0xe7, 0x49, 0xe7, 0x49, 0xe7, 0x49, 0xe7, 0x49, 0xe7, 0x49, 0xe7, 0x49,
    0xe7, 0x49, 0xe7, 0x49, 0xe7, 0x49, 0xe7, 0x49, 0xe7, 0x49, 0xe7, 0x49,
    0xe7, 0x49, 0xe7, 0x49, 0xe7, 0x49, 0xe7, 0x49, 0xe7, 0x49, 0xe7, 0x49,
    0xe7, 0x49, 0xe7, 0x49, 0xe7, 0x49, 0x96, 0xad, 0x76, 0xad, 0x76, 0xad,
    0x76, 0xad, 0x56, 0xa5, 0x56, 0xa5, 0x56, 0xa5, 0x55, 0xa5, 0x35, 0xa5,
    0x35, 0xa5, 0x35, 0xa5, 0x15, 0x9d, 0x15, 0x9d, 0x15, 0x9d, 0xf4, 0x9c,
    0xf4, 0x9c, 0xf4, 0x9c, 0xd4, 0x94, 0xd4, 0x94, 0xd4, 0x94, 0xd4, 0x94,
    0x76, 0xad, 0xbe, 0xf7, 0x76, 0xad, 0x93, 0x8c, 0x56, 0xad, 0x6d, 0x7b,
    0xe7, 0x49, 0xe7, 0x49, 0xe7, 0x49, 0xe7, 0x49, 0xe7, 0x49, 0xe7, 0x49,
    0xe7, 0x49, 0xe7, 0x49, 0xe7, 0x49, 0xe7, 0x49, 0xe7, 0x49, 0xe7, 0x49,
    0xe7, 0x49, 0xe7, 0x49, 0xe7, 0x49, 0xe7, 0x49, 0xe7, 0x49, 0xe7, 0x49,
    0xe7, 0x49, 0xe7, 0x49, 0xe7, 0x49, 0xe7, 0x49, 0xe7, 0x49, 0xe7, 0x49,
    0xe7, 0x49, 0xe7, 0x49, 0xe7, 0x49, 0xe7, 0x49, 0xe7, 0x49, 0xe7, 0x49,
    0xe7, 0x49, 0xe7, 0x49, 0xe7, 0x49, 0xe7, 0x49, 0xe7, 0x49, 0xe7, 0x49,
    0xe7, 0x49, 0xe7, 0x49, 0xe7, 0x49, 0xe7, 0x49, 0xe7, 0x49, 0xe7, 0x49,
    0xe7, 0x49, 0xe7, 0x49, 0xe7, 0x49, 0xe7, 0x49, 0xe7, 0x49, 0xe7, 0x49,
    0x76, 0xad, 0x76, 0xad, 0x76, 0xad, 0x56, 0xa5, 0x56, 0xa5, 0x56, 0xa5,
    0x35, 0xa5, 0x35, 0xa5, 0x35, 0xa5, 0x35, 0xa5, 0x15, 0x9d, 0x15, 0x9d,
    0x15, 0x9d, 0xf4, 0x9c, 0xf4, 0x9c, 0xf4, 0x9c, 0xd4, 0x94, 0xd4, 0x94,
    0xd4, 0x94, 0xd4, 0x94, 0x35, 0xa5, 0xbe, 0xf7, 0x76, 0xad, 0x93, 0x8c,
    0x56, 0xad, 0xbe, 0xf7, 0xcb, 0x62, 0xe7, 0x49, 0xe7, 0x49, 0xe7, 0x49,
    0xe7, 0x49, 0xe7, 0x49, 0xe7, 0x49, 0xe7, 0x49, 0xe7, 0x49, 0xe7, 0x49,
    0xe7, 0x49, 0xe7, 0x49, 0xe7, 0x49, 0xe7, 0x49, 0xe7, 0x49, 0xe7, 0x49,
    0xe7, 0x49, 0xe7, 0x49, 0xe7, 0x49, 0xe7, 0x49, 0xe7, 0x49, 0xe7, 0x49,
    0xe7, 0x49, 0xe7, 0x49, 0xe7, 0x49, 0xe7, 0x49, 0xe7, 0x49, 0xe7, 0x49,
    0xe7, 0x49, 0xe7, 0x49, 0xe7, 0x49, 0xe7, 0x49, 0xe7, 0x49, 0xe7, 0x49,
    0xe7, 0x49, 0xe7, 0x49, 0xe7, 0x49, 0xe7, 0x49, 0xe7, 0x49, 0xe7, 0x49,
    0xe7, 0x49, 0xe7, 0x49, 0xe7, 0x49, 0xe7, 0x49, 0xe7, 0x49, 0xe7, 0x49,
    0xe7, 0x49, 0xe7, 0x49, 0xe7, 0x49, 0x76, 0xad, 0x76, 0xad, 0x56, 0xad,
    0x56, 0xa5, 0x56, 0xa5, 0x55, 0xa5, 0x35, 0xa5, 0x35, 0xa5, 0x35, 0xa5,
    0x15, 0x9d, 0x15, 0x9d, 0x15, 0x9d, 0xf4, 0x9c, 0xf4, 0x9c, 0xf4, 0x9c,
    0xf4, 0x94, 0xd4, 0x94, 0xd4, 0x94, 0xd4, 0x94, 0xb4, 0x94, 0xfb, 0xde,
    0x76, 0xad, 0x93, 0x8c, 0x56, 0xad, 0xbe, 0xf7, 0x56, 0xa5, 0x8a, 0x5a,
    0xe7, 0x49, 0xe7, 0x49, 0xe7, 0x49, 0xe7, 0x49, 0xe7, 0x49, 0xe7, 0x49,
    0xe7, 0x49, 0xe7, 0x49, 0xe7, 0x49, 0xe7, 0x49, 0xe7, 0x49, 0xe7, 0x49,
    0xe7, 0x49, 0xe7, 0x49, 0xe7, 0x49, 0xe7, 0x49, 0xe7, 0x49, 0xe7, 0x49,
    0xe7, 0x49, 0xe7, 0x49, 0xe7, 0x49, 0xe7, 0x49, 0xe7, 0x49, 0xe7, 0x49,
    0xe7, 0x49, 0xe7, 0x49, 0xe7, 0x49, 0xe7, 0x49, 0xe7, 0x49, 0xe7, 0x49,
    0xe7, 0x49, 0xe7, 0x49, 0xe7, 0x49, 0xe7, 0x49, 0xe7, 0x49, 0xe7, 0x49,
    0xe7, 0x49, 0xe7, 0x49, 0xe7, 0x49, 0xe7, 0x49, 0xe7, 0x49, 0xe7, 0x49,
    0xe7, 0x49, 0xe7, 0x49, 0xe7, 0x49, 0xe7, 0x49, 0xe7, 0x49, 0xe7, 0x49,
    0x76, 0xad, 0x56, 0xa5, 0x56, 0xa5, 0x55, 0xa5, 0x35, 0xa5, 0x35, 0xa5,
    0x35, 0xa5, 0x15, 0xa5, 0x15, 0x9d, 0x15, 0x9d, 0x15, 0x9d, 0xf4, 0x9c,
    0xf4, 0x9c, 0xf4, 0x9c, 0xd4, 0x94, 0xd4, 0x94, 0xd4, 0x94, 0xb4, 0x94,
    0xb3, 0x94, 0xb3, 0x94, 0x35, 0xa5, 0x93, 0x8c, 0x56, 0xad, 0xbe, 0xf7,
    0x55, 0xa5, 0x72, 0x8c, 0xab, 0x62, 0xe7, 0x49, 0xe7, 0x49, 0xe7, 0x49,
    0xe7, 0x49, 0xe7, 0x49, 0xe7, 0x49, 0xe7, 0x49, 0xe7, 0x49, 0xe7, 0x49,
    0xe7, 0x49, 0xe7, 0x49, 0xe7, 0x49, 0xe7, 0x49, 0xe7, 0x49, 0xe7, 0x49,
    0xe7, 0x49, 0xe7, 0x49, 0xe7, 0x49, 0xe7, 0x49, 0xe7, 0x49, 0xe7, 0x49,
    0xe7, 0x49, 0xe7, 0x49, 0xe7, 0x49, 0xe7, 0x49, 0xe7, 0x49, 0xe7, 0x49,
    0xe7, 0x49, 0xe7, 0x49, 0xe7, 0x49, 0xe7, 0x49, 0xe7, 0x49, 0xe7, 0x49,
    0xe7, 0x49, 0xe7, 0x49, 0xe7, 0x49, 0xe7, 0x49, 0xe7, 0x49, 0xe7, 0x49,
    0xe7, 0x49, 0xe7, 0x49, 0xe7, 0x49, 0xe7, 0x49, 0xe7, 0x49, 0xe7, 0x49,
    0xe7, 0x49, 0xe7, 0x49, 0xe7, 0x49, 0x56, 0xa5, 0x56, 0xa5, 0x56, 0xa5,
    0x55, 0xa5, 0x35, 0xa5, 0x35, 0xa5, 0x35, 0xa5, 0x15, 0x9d, 0x15, 0x9d,
    0x15, 0x9d, 0xf4, 0x9c, 0xf4, 0x9c, 0xf4, 0x9c, 0xd4, 0x94, 0xd4, 0x94,
    0xd4, 0x94, 0xd4, 0x94, 0xb4, 0x94, 0xb3, 0x94, 0xb3, 0x94, 0x93, 0x8c,
    0x56, 0xad, 0xbe, 0xf7, 0x56, 0xa5, 0x73, 0x8c, 0x35, 0xa5, 0x4d, 0x73,
    0xe7, 0x49, 0xe7, 0x49, 0xe7, 0x49, 0xe7, 0x49, 0xe7, 0x49, 0xe7, 0x49,
    0xe7, 0x49, 0xe7, 0x49, 0xe7, 0x49, 0xe7, 0x49, 0xe7, 0x49, 0xe7, 0x49,
    0xe7, 0x49, 0xe7, 0x49, 0xe7, 0x49, 0xe7, 0x49, 0xe7, 0x49, 0xba, 0xde,
    0xdf, 0xff, 0xae, 0x7b, 0x07, 0x52, 0xe7, 0x49, 0x7d, 0xef, 0xbe, 0xf7,
    0xaa, 0x62, 0xe7, 0x49, 0xe7, 0x49, 0xe7, 0x49, 0xe7, 0x49, 0xe7, 0x49,
    0xe7, 0x49, 0xe7, 0x49, 0xe7, 0x49, 0xe7, 0x49, 0xe7, 0x49, 0xe7, 0x49,
    0xe7, 0x49, 0xe7, 0x49, 0xe7, 0x49, 0xe7, 0x49, 0xe7, 0x49, 0xe7, 0x49,
    0xe7, 0x49, 0xe7, 0x49, 0xe7, 0x49, 0xe7, 0x49, 0xe7, 0x49, 0xe7, 0x49,
    0x56, 0xa5, 0x56, 0xa5, 0x35, 0xa5, 0x35, 0xa5, 0x35, 0xa5, 0x15, 0xa5,
    0x15, 0x9d, 0x15, 0x9d, 0x15, 0x9d, 0xf4, 0x9c, 0xf4, 0x9c, 0xf4, 0x9c,
    0xd4, 0x94, 0xd4, 0x94, 0xd4, 0x94, 0xd4, 0x94, 0xb3, 0x94, 0xb3, 0x94,
    0xb3, 0x8c, 0x93, 0x8c, 0x35, 0xa5, 0xbe, 0xf7, 0x55, 0xa5, 0x73, 0x8c,
    0x35, 0xa5, 0xbe, 0xf7, 0xaa, 0x62, 0xe7, 0x49, 0xc7, 0x49, 0xe7, 0x49,
    0xc7, 0x49, 0xe7, 0x49, 0xc7, 0x49, 0xe7, 0x49, 0xc7, 0x49, 0xe7, 0x49,
    0xc7, 0x49, 0xe7, 0x49, 0xc7, 0x49, 0xe7, 0x49, 0xc7, 0x49, 0xe7, 0x49,
    0xc7, 0x49, 0xe7, 0x49, 0x2c, 0x73, 0xdf, 0xf7, 0x3c, 0xe7, 0x68, 0x5a,
    0xd3, 0xa4, 0xdf, 0xff, 0xf6, 0xbd, 0x88, 0x5a, 0xe7, 0x49, 0x49, 0x5a,
    0x69, 0x5a, 0xe7, 0x49, 0xc7, 0x49, 0xe7, 0x49, 0xc7, 0x49, 0xe7, 0x49,
    0xc7, 0x49, 0xe7, 0x49, 0xc7, 0x49, 0xe7, 0x49, 0xc7, 0x49, 0xe7, 0x49,
    0xc7, 0x49, 0xe7, 0x49, 0xc7, 0x49, 0xe7, 0x49, 0xc7, 0x49, 0xe7, 0x49,
    0xc7, 0x49, 0xe7, 0x49, 0xc7, 0x49, 0x56, 0xa5, 0x55, 0xa5, 0x35, 0xa5,
    0x35, 0xa5, 0x35, 0xa5, 0x15, 0x9d, 0x15, 0x9d, 0x15, 0x9d, 0xf4, 0x9c,
    0xf4, 0x9c, 0xf4, 0x9c, 0xf4, 0x94, 0xd4, 0x94, 0xd4, 0x94, 0xd4, 0x94,
    0xb4, 0x94, 0xb3, 0x94, 0xb3, 0x94, 0x93, 0x8c, 0x93, 0x8c, 0xdb, 0xde,
    0x56, 0xa5, 0x73, 0x8c, 0x35, 0xa5, 0xbe, 0xf7, 0x35, 0xa5, 0x6a, 0x5a,
    0xe7, 0x49, 0xc7, 0x49, 0xc7, 0x49, 0xc7, 0x49, 0xe7, 0x49, 0xc7, 0x49,
    0xc7, 0x49, 0xc7, 0x49, 0xe7, 0x49, 0xc7, 0x49, 0xc7, 0x49, 0xc7, 0x49,
    0xe7, 0x49, 0xc7, 0x49, 0xc7, 0x49, 0xc7, 0x49, 0xe7, 0x49, 0x07, 0x52,
    0x38, 0xce, 0xdf, 0xff, 0x70, 0x94, 0x9e, 0xf7, 0x9e, 0xf7, 0xe9, 0x6a,
    0x28, 0x52, 0xe7, 0x49, 0xfb, 0xde, 0x5d, 0xef, 0x48, 0x52, 0xe7, 0x49,
    0xc7, 0x49, 0xc7, 0x49, 0xe7, 0x49, 0xc7, 0x49, 0xc7, 0x49, 0xc7, 0x49,
    0xe7, 0x49, 0xc7, 0x49, 0xc7, 0x49, 0xc7, 0x49, 0xe7, 0x49, 0xc7, 0x49,
    0xc7, 0x49, 0xc7, 0x49, 0xe7, 0x49, 0xc7, 0x49, 0xc7, 0x49, 0xc7, 0x49,
    0x35, 0xa5, 0x35, 0xa5, 0x35, 0xa5, 0x15, 0xa5, 0x15, 0x9d, 0x15, 0x9d,
    0x15, 0x9d, 0xf4, 0x9c, 0xf4, 0x9c, 0xf4, 0x9c, 0xd4, 0x94, 0xd4, 0x94,
    0xd4, 0x94, 0xb4, 0x94, 0xb3, 0x94, 0xb3, 0x94, 0xb3, 0x8c, 0x93, 0x8c,
    0x93, 0x8c, 0x93, 0x8c, 0x15, 0x9d, 0x72, 0x8c, 0x35, 0xa5, 0xbe, 0xf7,
    0x35, 0xa5, 0x52, 0x84, 0xaa, 0x62, 0xc7, 0x49, 0xc7, 0x49, 0xc7, 0x49,
    0xc7, 0x49, 0xc7, 0x49, 0xc7, 0x49, 0xc7, 0x49, 0xc7, 0x49, 0xc7, 0x49,
    0xc7, 0x49, 0xc7, 0x49, 0xc7, 0x49, 0xc7, 0x49, 0xc7, 0x49, 0xc7, 0x49,
    0xc7, 0x49, 0xc7, 0x49, 0xc7, 0x49, 0x89, 0x62, 0xbe, 0xf7, 0xdf, 0xf7,
    0xdf, 0xff, 0x33, 0xad, 0x68, 0x5a, 0xe7, 0x49, 0xe7, 0x49, 0xfb, 0xe6,
    0x7d, 0xef, 0x88, 0x62, 0xe7, 0x49, 0xc7, 0x49, 0xc7, 0x49, 0xc7, 0x49,
    0xc7, 0x49, 0xc7, 0x49, 0xc7, 0x49, 0xc7, 0x49, 0xc7, 0x49, 0xc7, 0x49,
    0xc7, 0x49, 0xc7, 0x49, 0xc7, 0x49, 0xc7, 0x49, 0xc7, 0x49, 0xc7, 0x49,
    0xc7, 0x49, 0xc7, 0x49, 0xc7, 0x49, 0x35, 0xa5, 0x35, 0xa5, 0x35, 0xa5,
    0x15, 0x9d, 0x15, 0x9d, 0x15, 0x9d, 0xf4, 0x9c, 0xf4, 0x9c, 0xf4, 0x9c,
    0xd4, 0x94, 0xd4, 0x94, 0xd4, 0x94, 0xd4, 0x94, 0xb4, 0x94, 0xb3, 0x94,
    0xb3, 0x94, 0x93, 0x8c, 0x93, 0x8c, 0x93, 0x8c, 0x93, 0x8c, 0x73, 0x8c,
    0x35, 0xa5, 0xbe, 0xf7, 0x35, 0xa5, 0x52, 0x84, 0x15, 0xa5, 0x4d, 0x73,
    0xc7, 0x49, 0xc7, 0x49, 0xc7, 0x49, 0xc7, 0x49, 0xc7, 0x49, 0xc7, 0x49,
    0xc7, 0x49, 0xc7, 0x49, 0xc7, 0x49, 0xc7, 0x49, 0xc7, 0x49, 0xc7, 0x49,
    0xc7, 0x49, 0xc7, 0x49, 0xc7, 0x49, 0xc7, 0x49, 0xc7, 0x49, 0xc7, 0x49,
    0xe7, 0x49, 0x75, 0xb5, 0xdf, 0xff, 0x7d, 0xef, 0xc8, 0x62, 0x27, 0x52,
    0x9e, 0xf7, 0xbe, 0xf7, 0xdf, 0xff, 0xdf, 0xff, 0xbe, 0xf7, 0xbe, 0xf7,
    0x48, 0x5a, 0xc7, 0x49, 0xc7, 0x49, 0xc7, 0x49, 0xc7, 0x49, 0xc7, 0x49,
    0xc7, 0x49, 0xc7, 0x49, 0xc7, 0x49, 0xc7, 0x49, 0xc7, 0x49, 0xc7, 0x49,
    0xc7, 0x49, 0xc7, 0x49, 0xc7, 0x49, 0xc7, 0x49, 0xc7, 0x49, 0xc7, 0x49,
    0x35, 0xa5, 0x35, 0xa5, 0x15, 0x9d, 0x15, 0x9d, 0x15, 0x9d, 0xf4, 0x9c,
    0xf4, 0x9c, 0xf4, 0x9c, 0xd4, 0x94, 0xd4, 0x94, 0xd4, 0x94, 0xd4, 0x94,
    0xb3, 0x94, 0xb3, 0x94, 0xb3, 0x8c, 0x93, 0x8c, 0x93, 0x8c, 0x93, 0x8c,
    0x73, 0x8c, 0x73, 0x8c, 0x14, 0x9d, 0xbe, 0xf7, 0x35, 0xa5, 0x52, 0x84,
    0x15, 0xa5, 0xbe, 0xf7, 0x8a, 0x5a, 0xc7, 0x49, 0xc7, 0x49, 0xc7, 0x49,
    0xc7, 0x49, 0xc7, 0x49, 0xc7, 0x49, 0xc7, 0x49, 0xc7, 0x49, 0xc7, 0x49,
    0xc7, 0x49, 0xc7, 0x49, 0xc7, 0x49, 0xc7, 0x49, 0xc7, 0x49, 0xc7, 0x49,
    0xc7, 0x49, 0xc7, 0x49, 0xc7, 0x49, 0xc7, 0x49, 0x0b, 0x6b, 0xdf, 0xff,
    0x38, 0xce, 0x68, 0x5a, 0xe7, 0x49, 0xf7, 0xc5, 0x79, 0xce, 0xdf, 0xff,
    0xdf, 0xff, 0x79, 0xd6, 0x79, 0xce, 0x68, 0x5a, 0xc7, 0x49, 0xc7, 0x49,
    0xc7, 0x49, 0xc7, 0x49, 0xc7, 0x49, 0xc7, 0x49, 0xc7, 0x49, 0xc7, 0x49,
    0xc7, 0x49, 0xc7, 0x49, 0xc7, 0x49, 0xc7, 0x49, 0xc7, 0x49, 0xc7, 0x49,
    0xc7, 0x49, 0xc7, 0x49, 0xc7, 0x49, 0x35, 0xa5, 0x15, 0x9d, 0x15, 0x9d,
    0x15, 0x9d, 0xf4, 0x9c, 0xf4, 0x9c, 0xf4, 0x9c, 0xf4, 0x94, 0xd4, 0x94,
    0xd4, 0x94, 0xd4, 0x94, 0xb4, 0x94, 0xb3, 0x94, 0xb3, 0x94, 0x93, 0x8c,
    0x93, 0x8c, 0x93, 0x8c, 0x93, 0x8c, 0x73, 0x8c, 0x72, 0x8c, 0xdb, 0xde,
    0x35, 0xa5, 0x52, 0x84, 0x15, 0xa5, 0xbe, 0xf7, 0x15, 0x9d, 0x69, 0x52,
    0xc7, 0x49, 0xc7, 0x49, 0xc7, 0x49, 0xc7, 0x49, 0xc7, 0x49, 0xc7, 0x49,
    0xc7, 0x49, 0xc7, 0x49, 0xc7, 0x49, 0xc7, 0x49, 0xc7, 0x49, 0xc7, 0x49,
    0xc7, 0x49, 0xc7, 0x49, 0xc7, 0x49, 0xc7, 0x49, 0xc7, 0x49, 0xc7, 0x49,
    0xc7, 0x49, 0xeb, 0x6a, 0xdf, 0xff, 0x38, 0xce, 0x68, 0x5a, 0xe7, 0x49,
    0x07, 0x52, 0x68, 0x5a, 0x1c, 0xe7, 0x7d, 0xef, 0xe9, 0x6a, 0x68, 0x5a,
    0x07, 0x52, 0xc7, 0x49, 0xc7, 0x49, 0xc7, 0x49, 0xc7, 0x49, 0xc7, 0x49,
    0xc7, 0x49, 0xc7, 0x49, 0xc7, 0x49, 0xc7, 0x49, 0xc7, 0x49, 0xc7, 0x49,
    0xc7, 0x49, 0xc7, 0x49, 0xc7, 0x49, 0xc7, 0x49, 0xc7, 0x49, 0xc7, 0x49,
    0x15, 0x9d, 0x15, 0x9d, 0x15, 0x9d, 0xf4, 0x9c, 0xf4, 0x9c, 0xf4, 0x9c,
    0xd4, 0x94, 0xd4, 0x94, 0xd4, 0x94, 0xb4, 0x94, 0xb3, 0x94, 0xb3, 0x94,
    0xb3, 0x8c, 0x93, 0x8c, 0x93, 0x8c, 0x93, 0x8c, 0x73, 0x8c, 0x72, 0x8c,
    0x72, 0x8c, 0x52, 0x84, 0xf4, 0x9c, 0x52, 0x84, 0x15, 0xa5, 0xbe, 0xf7,
    0x15, 0x9d, 0x31, 0x7c, 0x8a, 0x5a, 0xc7, 0x49, 0xc7, 0x49, 0xc7, 0x49,
    0xc7, 0x49, 0xc7, 0x49, 0xc7, 0x49, 0xc7, 0x49, 0xc7, 0x49, 0xc7, 0x49,
    0xc7, 0x49, 0xc7, 0x49, 0xc7, 0x49, 0xc7, 0x49, 0xc7, 0x49, 0xc7, 0x49,
    0xc7, 0x49, 0xc7, 0x49, 0xc7, 0x49, 0xc7, 0x49, 0xcb, 0x6a, 0xdf, 0xff,
    0x18, 0xc6, 0x48, 0x5a, 0xc7, 0x49, 0xc7, 0x49, 0xe7, 0x49, 0xd7, 0xbd,
    0x79, 0xce, 0x68, 0x5a, 0xe7, 0x49, 0xc7, 0x49, 0xc7, 0x49, 0xc7, 0x49,
    0xc7, 0x49, 0xc7, 0x49, 0xc7, 0x49, 0xc7, 0x49, 0xc7, 0x49, 0xc7, 0x49,
    0xc7, 0x49, 0xc7, 0x49, 0xc7, 0x49, 0xc7, 0x49, 0xc7, 0x49, 0xc7, 0x49,
    0xc7, 0x49, 0xc7, 0x49, 0xc7, 0x49, 0x15, 0x9d, 0x15, 0x9d, 0xf4, 0x9c,
    0xf4, 0x9c, 0xf4, 0x9c, 0xd4, 0x94, 0xd4, 0x94, 0xd4, 0x94, 0xd4, 0x94,
    0xb4, 0x94, 0xb3, 0x94, 0xb3, 0x94, 0x93, 0x8c, 0x93, 0x8c, 0x93, 0x8c,
    0x93, 0x8c, 0x73, 0x8c, 0x72, 0x8c, 0x72, 0x84, 0x52, 0x84, 0x52, 0x84,
    0x15, 0xa5, 0xbe, 0xf7, 0x15, 0x9d, 0x31, 0x7c, 0xf4, 0x9c, 0x2c, 0x73,
    0xc7, 0x49, 0xc7, 0x49, 0xc7, 0x49, 0xc7, 0x49, 0xc7, 0x49, 0xc7, 0x49,
    0xc7, 0x49, 0xc7, 0x49, 0xc7, 0x49, 0xc7, 0x49, 0xc7, 0x49, 0xc7, 0x49,
    0xc7, 0x49, 0xc7, 0x49, 0xc7, 0x49, 0xc7, 0x49, 0xc7, 0x49, 0xc7, 0x49,
    0xc7, 0x49, 0xc7, 0x49, 0x27, 0x52, 0x68, 0x5a, 0x07, 0x52, 0xc7, 0x49,
    0xc7, 0x49, 0xc7, 0x49, 0x07, 0x52, 0x47, 0x5a, 0x07, 0x52, 0xc6, 0x49,
    0xc7, 0x49, 0xc7, 0x49, 0xc7, 0x49, 0xc7, 0x49, 0xc7, 0x49, 0xc7, 0x49,
    0xc7, 0x49, 0xc7, 0x49, 0xc7, 0x49, 0xc7, 0x49, 0xc7, 0x49, 0xc7, 0x49,
    0xc7, 0x49, 0xc7, 0x49, 0xc7, 0x49, 0xc7, 0x49, 0xc7, 0x49, 0xc7, 0x49,
    0x15, 0x9d, 0xf4, 0x9c, 0xf4, 0x9c, 0xf4, 0x9c, 0xd4, 0x94, 0xd4, 0x94,
    0xd4, 0x94, 0xd4, 0x94, 0xb3, 0x94, 0xb3, 0x94, 0xb3, 0x8c, 0x93, 0x8c,
    0x93, 0x8c, 0x93, 0x8c, 0x73, 0x8c, 0x73, 0x8c, 0x72, 0x8c, 0x52, 0x84,
    0x52, 0x84, 0x52, 0x84, 0xf4, 0x9c, 0xbe, 0xf7, 0x15, 0x9d, 0x31, 0x7c,
    0xf4, 0x9c, 0xbe, 0xf7, 0x8a, 0x5a, 0xa6, 0x49, 0xa6, 0x49, 0xa6, 0x49,
    0xa6, 0x49, 0xa6, 0x49, 0xa6, 0x49, 0xa6, 0x49, 0xa6, 0x49, 0xa6, 0x49,
    0xa6, 0x49, 0xa6, 0x49, 0xa6, 0x49, 0xa6, 0x49, 0xa6, 0x49, 0xa6, 0x49,
    0xa6, 0x49, 0xa6, 0x49, 0xa6, 0x49, 0xa6, 0x49, 0xa6, 0x49, 0xc7, 0x49,
    0xc7, 0x49, 0xc6, 0x49, 0xa6, 0x49, 0xa6, 0x49, 0xa6, 0x49, 0xc6, 0x49,
    0xc7, 0x49, 0xc6, 0x49, 0xa6, 0x49, 0xa6, 0x49, 0xa6, 0x49, 0xa6, 0x49,
    0xa6, 0x49, 0xa6, 0x49, 0xa6, 0x49, 0xa6, 0x49, 0xa6, 0x49, 0xa6, 0x49,
    0xa6, 0x49, 0xa6, 0x49, 0xa6, 0x49, 0xa6, 0x49, 0xa6, 0x49, 0xa6, 0x49,
    0xa6, 0x49, 0xa6, 0x49, 0xa6, 0x49
};

const lv_image_dsc_t img_probe_grid_0 = {
  .header = {
    .magic = LV_IMAGE_HEADER_MAGIC,
    .cf = LV_COLOR_FORMAT_RGB565,
    .flags = 0,
    .w = 75,
    .h = 75,
    .stride = 150,
    .reserved_2 = 0,
  },
  .data_size = sizeof(img_probe_grid_0_map),
  .data = img_probe_grid_0_map,
  .reserved = NULL,
};
#elif TFT_WIDTH > 0
// 38x38 version for TFT_WIDTH > 0
static const LV_ATTRIBUTE_MEM_ALIGN LV_ATTRIBUTE_LARGE_CONST LV_ATTRIBUTE_IMG_IMG_PROBE_GRID_0
uint8_t img_probe_grid_0_map[] = {
0xbe, 0xf7, 0xbe, 0xf7, 0x9e, 0xf7, 0x9e, 0xf7, 0x7d, 0xef, 0x7d, 0xef,
    0x5d, 0xef, 0x3d, 0xe7, 0x3c, 0xe7, 0x1c, 0xe7, 0x1c, 0xdf, 0xfc, 0xde,
    0xdb, 0xde, 0xdb, 0xd6, 0xbb, 0xd6, 0xba, 0xd6, 0x9a, 0xce, 0x7a, 0xce,
    0x7a, 0xce, 0x59, 0xce, 0x59, 0xc6, 0x39, 0xc6, 0x19, 0xc6, 0x18, 0xbe,
    0xf8, 0xbd, 0xf8, 0xbd, 0xd7, 0xb5, 0xd7, 0xb5, 0xb7, 0xb5, 0x97, 0xb5,
    0x96, 0xad, 0x76, 0xad, 0x56, 0xad, 0x56, 0xa5, 0x35, 0xa5, 0x35, 0xa5,
    0x15, 0x9d, 0x15, 0x9d, 0xbe, 0xf7, 0x9e, 0xf7, 0x9e, 0xf7, 0x7e, 0xef,
    0x7d, 0xef, 0x5d, 0xef, 0x3d, 0xe7, 0x3c, 0xe7, 0x1c, 0xe7, 0x1c, 0xdf,
    0xfc, 0xde, 0xfb, 0xde, 0xdb, 0xd6, 0xbb, 0xd6, 0xbb, 0xd6, 0x9a, 0xd6,
    0x7a, 0xce, 0x7a, 0xce, 0x59, 0xce, 0x59, 0xc6, 0x39, 0xc6, 0x39, 0xc6,
    0x18, 0xbe, 0xf8, 0xbd, 0xf8, 0xbd, 0xd8, 0xb5, 0xd7, 0xb5, 0xb7, 0xb5,
    0x97, 0xb5, 0x96, 0xad, 0x76, 0xad, 0x76, 0xad, 0x56, 0xa5, 0x35, 0xa5,
    0x35, 0xa5, 0x15, 0x9d, 0x15, 0x9d, 0xf4, 0x9c, 0x9e, 0xf7, 0x9e, 0xf7,
    0x7d, 0xef, 0x7d, 0xef, 0x5d, 0xef, 0x3d, 0xe7, 0x3c, 0xe7, 0x1c, 0xe7,
    0x1c, 0xdf, 0xfc, 0xde, 0xdb, 0xde, 0xdb, 0xd6, 0xbb, 0xd6, 0xba, 0xd6,
    0x9a, 0xd6, 0x7a, 0xce, 0x7a, 0xce, 0x59, 0xce, 0x59, 0xc6, 0x39, 0xc6,
    0x19, 0xc6, 0x18, 0xbe, 0xf8, 0xbd, 0xf8, 0xbd, 0xd7, 0xb5, 0xd7, 0xb5,
    0xb7, 0xb5, 0x97, 0xb5, 0x96, 0xad, 0x76, 0xad, 0x76, 0xad, 0x56, 0xa5,
    0x35, 0xa5, 0x35, 0xa5, 0x15, 0x9d, 0x15, 0x9d, 0xf4, 0x9c, 0xd4, 0x94,
    0x9e, 0xf7, 0x7e, 0xef, 0x7d, 0xef, 0x5d, 0xef, 0x3d, 0xe7, 0x3c, 0xe7,
    0x1c, 0xe7, 0x1c, 0xdf, 0xfc, 0xde, 0xfb, 0xde, 0xdb, 0xde, 0xbb, 0xd6,
    0xbb, 0xd6, 0x9a, 0xd6, 0x9a, 0xce, 0x7a, 0xce, 0x59, 0xce, 0x59, 0xc6,
    0x39, 0xc6, 0x39, 0xc6, 0x18, 0xbe, 0xf8, 0xbd, 0xf8, 0xbd, 0xd8, 0xbd,
    0xd7, 0xb5, 0xb7, 0xb5, 0x97, 0xb5, 0x97, 0xad, 0x76, 0xad, 0x76, 0xad,
    0x56, 0xa5, 0x55, 0xa5, 0x35, 0xa5, 0x15, 0x9d, 0x15, 0x9d, 0xf4, 0x9c,
    0xd4, 0x94, 0xd4, 0x94, 0x7d, 0xef, 0x7d, 0xef, 0x5d, 0xef, 0x3d, 0xe7,
    0x3c, 0xe7, 0x1c, 0xe7, 0x1c, 0xdf, 0xfc, 0xde, 0xdb, 0xde, 0xdb, 0xd6,
    0xbb, 0xd6, 0xba, 0xd6, 0x9a, 0xd6, 0x7a, 0xce, 0x7a, 0xce, 0x59, 0xce,
    0x59, 0xc6, 0x39, 0xc6, 0x19, 0xc6, 0x18, 0xbe, 0xf8, 0xbd, 0xf8, 0xbd,
    0xd7, 0xb5, 0xd7, 0xb5, 0xb7, 0xb5, 0x97, 0xb5, 0x96, 0xad, 0x76, 0xad,
    0x56, 0xad, 0x56, 0xa5, 0x35, 0xa5, 0x35, 0xa5, 0x15, 0x9d, 0x15, 0x9d,
    0xf4, 0x9c, 0xd4, 0x94, 0xd4, 0x94, 0xb3, 0x94, 0x7d, 0xef, 0x5d, 0xef,
    0x3d, 0xe7, 0x3c, 0xe7, 0x1c, 0xe7, 0x1c, 0xdf, 0xfc, 0xde, 0xfb, 0xde,
    0xdb, 0xd6, 0xbb, 0xd6, 0xbb, 0xd6, 0x9a, 0xd6, 0x7a, 0xce, 0x7a, 0xce,
    0x59, 0xce, 0x59, 0xc6, 0x39, 0xc6, 0x39, 0xc6, 0x18, 0xbe, 0xf8, 0xbd,
    0xf8, 0xbd, 0xd8, 0xbd, 0xd7, 0xb5, 0xb7, 0xb5, 0x97, 0xb5, 0x96, 0xad,
    0x76, 0xad, 0x76, 0xad, 0x56, 0xa5, 0x35, 0xa5, 0x35, 0xa5, 0x15, 0x9d,
    0x15, 0x9d, 0xf4, 0x9c, 0xd4, 0x94, 0xd4, 0x94, 0xb3, 0x94, 0xb3, 0x94,
    0x5d, 0xef, 0x3d, 0xe7, 0x3c, 0xe7, 0x1c, 0xe7, 0x1c, 0xdf, 0xfc, 0xde,
    0xdb, 0xde, 0xdb, 0xd6, 0xbb, 0xd6, 0xba, 0xd6, 0x9a, 0xd6, 0x7a, 0xce,
    0x7a, 0xce, 0x59, 0xce, 0x59, 0xc6, 0x39, 0xc6, 0x19, 0xc6, 0x18, 0xbe,
    0xf8, 0xbd, 0xf8, 0xbd, 0xd7, 0xb5, 0xd7, 0xb5, 0xb7, 0xb5, 0x97, 0xb5,
    0x96, 0xad, 0x76, 0xad, 0x76, 0xad, 0x56, 0xa5, 0x35, 0xa5, 0x35, 0xa5,
    0x15, 0x9d, 0x15, 0x9d, 0xf4, 0x9c, 0xd4, 0x94, 0xd4, 0x94, 0xb3, 0x94,
    0xb3, 0x8c, 0x93, 0x8c, 0x3d, 0xe7, 0x3c, 0xe7, 0x1c, 0xe7, 0x1c, 0xdf,
    0xfc, 0xde, 0xfb, 0xde, 0xdb, 0xde, 0xbb, 0xd6, 0xbb, 0xd6, 0x9a, 0xd6,
    0x9a, 0xce, 0x7a, 0xce, 0x59, 0xce, 0x59, 0xc6, 0x39, 0xc6, 0x39, 0xc6,
    0x18, 0xbe, 0xf8, 0xbd, 0xf8, 0xbd, 0xd8, 0xbd, 0xd7, 0xb5, 0xb7, 0xb5,
    0x97, 0xb5, 0x97, 0xad, 0x76, 0xad, 0x76, 0xad, 0x56, 0xa5, 0x55, 0xa5,
    0x35, 0xa5, 0x15, 0x9d, 0x15, 0x9d, 0xf4, 0x9c, 0xd4, 0x94, 0xd4, 0x94,
    0xb4, 0x94, 0xb3, 0x94, 0x93, 0x8c, 0x93, 0x8c, 0x3c, 0xe7, 0x1c, 0xe7,
    0x1c, 0xdf, 0xfc, 0xde, 0xdb, 0xde, 0xdb, 0xd6, 0xbb, 0xd6, 0xba, 0xd6,
    0x9a, 0xce, 0x7a, 0xce, 0x7a, 0xce, 0x59, 0xce, 0x59, 0xc6, 0x39, 0xc6,
    0x19, 0xc6, 0x18, 0xbe, 0xf8, 0xbd, 0xf8, 0xbd, 0xd7, 0xb5, 0xd7, 0xb5,
    0xb7, 0xb5, 0x97, 0xb5, 0x96, 0xad, 0x76, 0xad, 0x56, 0xad, 0x56, 0xa5,
    0x35, 0xa5, 0x35, 0xa5, 0x15, 0x9d, 0x15, 0x9d, 0xf4, 0x9c, 0xd4, 0x94,
    0xd4, 0x94, 0xb3, 0x94, 0xb3, 0x8c, 0x93, 0x8c, 0x73, 0x8c, 0x72, 0x8c,
    0x1c, 0xe7, 0x1c, 0xdf, 0xfc, 0xde, 0xfb, 0xde, 0xdb, 0xd6, 0xbb, 0xd6,
    0xbb, 0xd6, 0x9a, 0xd6, 0x7a, 0xce, 0x7a, 0xce, 0x59, 0xce, 0x59, 0xc6,
    0x39, 0xc6, 0x39, 0xc6, 0x18, 0xbe, 0xf8, 0xbd, 0xf8, 0xbd, 0xd8, 0xb5,
    0xd7, 0xb5, 0xb7, 0xb5, 0x97, 0xb5, 0x96, 0xad, 0x76, 0xad, 0x76, 0xad,
    0x56, 0xa5, 0x35, 0xa5, 0x35, 0xa5, 0x15, 0x9d, 0x15, 0x9d, 0xf4, 0x9c,
    0xd4, 0x94, 0xd4, 0x94, 0xb3, 0x94, 0xb3, 0x94, 0x93, 0x8c, 0x93, 0x8c,
    0x72, 0x8c, 0x52, 0x84, 0x1c, 0xdf, 0xfc, 0xde, 0xdb, 0xde, 0xdb, 0xd6,
    0xbb, 0xd6, 0xba, 0xd6, 0x9a, 0xd6, 0x7a, 0xce, 0x7a, 0xce, 0x59, 0xce,
    0x59, 0xc6, 0x7a, 0xce, 0xd7, 0xc5, 0xf8, 0xcd, 0xd8, 0xbd, 0x39, 0xc6,
    0xf8, 0xbd, 0x18, 0xbe, 0xd7, 0xb5, 0xf8, 0xbd, 0xb7, 0xb5, 0xb7, 0xb5,
    0x96, 0xad, 0x97, 0xad, 0x76, 0xad, 0x76, 0xad, 0x56, 0xa5, 0x55, 0xa5,
    0x35, 0xa5, 0x15, 0x9d, 0x35, 0xa5, 0xd4, 0x9c, 0x15, 0x9d, 0xb3, 0x94,
    0xf4, 0x9c, 0x93, 0x8c, 0xf4, 0x9c, 0x52, 0x84, 0xfc, 0xde, 0xfb, 0xde,
    0xdb, 0xde, 0xbb, 0xd6, 0xbb, 0xd6, 0x9a, 0xd6, 0x9a, 0xce, 0x7a, 0xce,
    0x59, 0xce, 0x59, 0xc6, 0x7a, 0xce, 0xd7, 0xcd, 0x51, 0xdc, 0x8e, 0xe3,
    0x55, 0xcd, 0xf8, 0xc5, 0x39, 0xc6, 0xf8, 0xbd, 0x18, 0xc6, 0xd8, 0xbd,
    0xf8, 0xbd, 0xd7, 0xb5, 0xd7, 0xb5, 0xb7, 0xb5, 0xb7, 0xb5, 0x97, 0xad,
    0x96, 0xad, 0x76, 0xad, 0x56, 0xad, 0x56, 0xad, 0x35, 0xa5, 0x56, 0xa5,
    0x15, 0x9d, 0x35, 0xa5, 0xf4, 0x9c, 0x15, 0x9d, 0xb4, 0x94, 0x15, 0x9d,
    0xdb, 0xde, 0xdb, 0xd6, 0xbb, 0xd6, 0xba, 0xd6, 0x9a, 0xd6, 0x7a, 0xce,
    0x7a, 0xce, 0x59, 0xce, 0x59, 0xc6, 0x39, 0xc6, 0xd7, 0xc5, 0x51, 0xdc,
    0x69, 0xfa, 0x69, 0xfa, 0x8a, 0xf2, 0x76, 0xc5, 0xb7, 0xb5, 0x18, 0xbe,
    0xb7, 0xb5, 0xd8, 0xbd, 0x96, 0xad, 0xb7, 0xb5, 0x76, 0xad, 0x96, 0xad,
    0x76, 0xad, 0x51, 0xac, 0x56, 0xa5, 0x35, 0xa5, 0x35, 0xa5, 0xf4, 0x9c,
    0x35, 0xa5, 0xd4, 0x94, 0x15, 0x9d, 0x93, 0x8c, 0x15, 0x9d, 0x52, 0x84,
    0x14, 0x9d, 0x31, 0x7c, 0xdb, 0xd6, 0xbb, 0xd6, 0xbb, 0xd6, 0x9a, 0xd6,
    0x7a, 0xce, 0x7a, 0xce, 0x59, 0xce, 0x59, 0xc6, 0x39, 0xc6, 0x39, 0xc6,
    0xf8, 0xcd, 0x8e, 0xe3, 0x69, 0xfa, 0x69, 0xfa, 0x69, 0xfa, 0xeb, 0x82,
    0x6d, 0x73, 0x6d, 0x73, 0x6d, 0x73, 0x6d, 0x73, 0x4d, 0x73, 0x4d, 0x6b,
    0x4d, 0x6b, 0x4d, 0x6b, 0x4d, 0x6b, 0xab, 0xa2, 0xec, 0x8a, 0x4d, 0x6b,
    0x2d, 0x6b, 0x4d, 0x6b, 0x2d, 0x6b, 0x2d, 0x6b, 0x2c, 0x6b, 0x2d, 0x6b,
    0x0c, 0x6b, 0x2d, 0x6b, 0x0c, 0x63, 0x2c, 0x6b, 0xbb, 0xd6, 0xba, 0xd6,
    0x9a, 0xd6, 0x7a, 0xce, 0x7a, 0xce, 0x59, 0xce, 0x59, 0xc6, 0x39, 0xc6,
    0x19, 0xc6, 0x18, 0xbe, 0xf8, 0xbd, 0x55, 0xcd, 0x8a, 0xf2, 0x69, 0xfa,
    0x08, 0xca, 0x49, 0x62, 0x8a, 0x5a, 0x8a, 0x5a, 0x8a, 0x5a, 0x8a, 0x5a,
    0x8a, 0x5a, 0x8a, 0x5a, 0x8a, 0x5a, 0x8a, 0x5a, 0x08, 0x92, 0xa6, 0xc9,
    0xe7, 0xb1, 0x8a, 0x5a, 0x8a, 0x5a, 0x8a, 0x5a, 0x8a, 0x5a, 0x8a, 0x5a,
    0x8a, 0x5a, 0x8a, 0x5a, 0x8a, 0x5a, 0x8a, 0x5a, 0x8a, 0x5a, 0x8a, 0x5a,
    0xbb, 0xd6, 0x9a, 0xd6, 0x9a, 0xce, 0x7a, 0xce, 0x59, 0xce, 0x59, 0xc6,
    0x39, 0xc6, 0x39, 0xc6, 0x18, 0xbe, 0xf8, 0xbd, 0x39, 0xc6, 0xf8, 0xc5,
    0x76, 0xc5, 0xcb, 0x82, 0x49, 0x62, 0x69, 0x5a, 0x69, 0x5a, 0x8a, 0x5a,
    0x8a, 0x5a, 0x8a, 0x5a, 0x69, 0x5a, 0x8a, 0x5a, 0x8a, 0x5a, 0x8a, 0x5a,
    0x49, 0x92, 0x08, 0xd2, 0x08, 0xd2, 0x69, 0x72, 0x69, 0x5a, 0x8a, 0x5a,
    0x8a, 0x5a, 0x8a, 0x5a, 0x69, 0x5a, 0x8a, 0x5a, 0x8a, 0x5a, 0x8a, 0x5a,
    0x69, 0x5a, 0x8a, 0x5a, 0x9a, 0xce, 0x7a, 0xce, 0x7a, 0xce, 0x59, 0xce,
    0x59, 0xc6, 0x39, 0xc6, 0x19, 0xc6, 0x18, 0xbe, 0xf8, 0xbd, 0xf8, 0xbd,
    0xf8, 0xbd, 0x39, 0xc6, 0xb7, 0xb5, 0x4d, 0x73, 0x69, 0x5a, 0x69, 0x52,
    0x69, 0x52, 0x69, 0x52, 0x69, 0x52, 0x69, 0x52, 0x69, 0x52, 0x69, 0x52,
    0x69, 0x52, 0x69, 0x92, 0x49, 0xd2, 0x49, 0xd2, 0x49, 0xd2, 0x49, 0xb2,
    0x69, 0x52, 0x69, 0x52, 0x69, 0x52, 0x69, 0x52, 0x69, 0x52, 0x69, 0x52,
    0x69, 0x52, 0x69, 0x52, 0x69, 0x52, 0x69, 0x52, 0x7a, 0xce, 0x7a, 0xce,
    0x59, 0xce, 0x59, 0xc6, 0x39, 0xc6, 0x39, 0xc6, 0x18, 0xbe, 0xf8, 0xbd,
    0xf8, 0xbd, 0xd8, 0xb5, 0x18, 0xbe, 0xf8, 0xbd, 0x18, 0xbe, 0x4d, 0x73,
    0x69, 0x52, 0x69, 0x52, 0x69, 0x52, 0x69, 0x52, 0x69, 0x52, 0x69, 0x52,
    0x69, 0x52, 0x69, 0x52, 0x69, 0x52, 0x8a, 0x9a, 0xab, 0xda, 0xab, 0xda,
    0xab, 0xda, 0xab, 0xda, 0x6a, 0x7a, 0x69, 0x52, 0x69, 0x52, 0x69, 0x52,
    0x69, 0x52, 0x69, 0x52, 0x69, 0x52, 0x69, 0x52, 0x69, 0x52, 0x69, 0x52,
    0x7a, 0xce, 0x59, 0xce, 0x59, 0xc6, 0x39, 0xc6, 0x19, 0xc6, 0x18, 0xbe,
    0xf8, 0xbd, 0xf8, 0xbd, 0xd7, 0xb5, 0xd7, 0xb5, 0xd7, 0xb5, 0x18, 0xc6,
    0xb7, 0xb5, 0x4d, 0x6b, 0x69, 0x52, 0x69, 0x52, 0x69, 0x52, 0x69, 0x52,
    0x69, 0x52, 0x69, 0x52, 0x69, 0x52, 0x69, 0x52, 0xab, 0x9a, 0xec, 0xda,
    0xec, 0xda, 0xec, 0xda, 0xec, 0xda, 0xec, 0xda, 0xcb, 0xba, 0x69, 0x52,
    0x69, 0x52, 0x69, 0x52, 0x69, 0x52, 0x69, 0x52, 0x69, 0x52, 0x69, 0x52,
    0x69, 0x52, 0x69, 0x52, 0x59, 0xce, 0x59, 0xc6, 0x39, 0xc6, 0x39, 0xc6,
    0x18, 0xbe, 0xf8, 0xbd, 0xf8, 0xbd, 0xd8, 0xbd, 0xd7, 0xb5, 0xb7, 0xb5,
    0xf8, 0xbd, 0xd8, 0xbd, 0xd8, 0xbd, 0x2d, 0x6b, 0x49, 0x52, 0x49, 0x52,
    0x49, 0x52, 0x49, 0x52, 0x49, 0x52, 0x49, 0x52, 0x49, 0x52, 0x49, 0x52,
    0x8a, 0x7a, 0x0c, 0xbb, 0x0c, 0xbb, 0x0c, 0xbb, 0x0c, 0xbb, 0x0c, 0xbb,
    0x0c, 0xbb, 0x8a, 0x7a, 0x49, 0x52, 0x49, 0x52, 0x49, 0x52, 0x49, 0x52,
    0x49, 0x52, 0x49, 0x52, 0x49, 0x52, 0x49, 0x52, 0x59, 0xc6, 0x39, 0xc6,
    0x19, 0xc6, 0x18, 0xbe, 0xf8, 0xbd, 0xf8, 0xbd, 0xd7, 0xb5, 0xd7, 0xb5,
    0xb7, 0xb5, 0x97, 0xb5, 0xb7, 0xb5, 0xf8, 0xbd, 0x96, 0xad, 0x2c, 0x6b,
    0x49, 0x52, 0x49, 0x52, 0x49, 0x52, 0x49, 0x52, 0x49, 0x52, 0x49, 0x52,
    0x49, 0x52, 0x49, 0x52, 0x49, 0x52, 0x49, 0x52, 0x49, 0x52, 0x49, 0x52,
    0x49, 0x52, 0x49, 0x52, 0x49, 0x52, 0x49, 0x52, 0x49, 0x52, 0x49, 0x52,
    0x49, 0x52, 0x49, 0x52, 0x49, 0x52, 0x49, 0x52, 0x49, 0x52, 0x49, 0x52,
    0x39, 0xc6, 0x39, 0xc6, 0x18, 0xbe, 0xf8, 0xbd, 0xf8, 0xbd, 0xd8, 0xbd,
    0xd7, 0xb5, 0xb7, 0xb5, 0x97, 0xb5, 0x96, 0xad, 0xb7, 0xb5, 0xd7, 0xb5,
    0xb7, 0xb5, 0x2c, 0x6b, 0x49, 0x52, 0x49, 0x52, 0x49, 0x52, 0x49, 0x52,
    0x49, 0x52, 0x49, 0x52, 0x49, 0x52, 0x49, 0x52, 0x49, 0x52, 0x49, 0x52,
    0x49, 0x52, 0x49, 0x52, 0x49, 0x52, 0x49, 0x52, 0x49, 0x52, 0x49, 0x52,
    0x49, 0x52, 0x49, 0x52, 0x49, 0x52, 0x49, 0x52, 0x49, 0x52, 0x49, 0x52,
    0x49, 0x52, 0x49, 0x52, 0x19, 0xc6, 0x18, 0xbe, 0xf8, 0xbd, 0xf8, 0xbd,
    0xd7, 0xb5, 0xd7, 0xb5, 0xb7, 0xb5, 0x97, 0xb5, 0x96, 0xad, 0x76, 0xad,
    0x97, 0xad, 0xd7, 0xb5, 0x76, 0xad, 0x0c, 0x6b, 0x28, 0x52, 0x49, 0x52,
    0x28, 0x52, 0x49, 0x52, 0x69, 0x72, 0xcb, 0x9a, 0x28, 0x52, 0x49, 0x52,
    0x28, 0x52, 0x49, 0x52, 0x28, 0x52, 0x49, 0x52, 0x28, 0x52, 0x49, 0x52,
    0x28, 0x52, 0x49, 0x52, 0x28, 0x52, 0x49, 0x52, 0x28, 0x52, 0x49, 0x52,
    0x28, 0x52, 0x49, 0x52, 0x28, 0x52, 0x49, 0x52, 0x18, 0xbe, 0xf8, 0xbd,
    0xf8, 0xbd, 0xd8, 0xbd, 0xd7, 0xb5, 0xb7, 0xb5, 0x97, 0xb5, 0x97, 0xad,
    0x76, 0xad, 0x76, 0xad, 0x97, 0xad, 0xb7, 0xb5, 0x96, 0xad, 0x0c, 0x6b,
    0x28, 0x52, 0x28, 0x52, 0x49, 0x72, 0x8a, 0xba, 0xec, 0xda, 0x0c, 0xbb,
    0x28, 0x52, 0x28, 0x52, 0x28, 0x52, 0x28, 0x52, 0x28, 0x52, 0x28, 0x52,
    0x28, 0x52, 0x28, 0x52, 0x28, 0x52, 0x28, 0x52, 0x28, 0x52, 0x28, 0x52,
    0x6d, 0x73, 0x7e, 0xef, 0x4c, 0x73, 0x7d, 0xef, 0xeb, 0x62, 0x48, 0x52,
    0xf8, 0xbd, 0xf8, 0xbd, 0xd7, 0xb5, 0xd7, 0xb5, 0xb7, 0xb5, 0x97, 0xb5,
    0x96, 0xad, 0x76, 0xad, 0x56, 0xad, 0x56, 0xa5, 0x76, 0xad, 0xb7, 0xb5,
    0x76, 0xad, 0x0c, 0x6b, 0x08, 0x72, 0x08, 0xb2, 0x49, 0xd2, 0xab, 0xda,
    0xec, 0xda, 0x0c, 0xbb, 0x28, 0x52, 0x28, 0x52, 0x28, 0x52, 0x28, 0x52,
    0x28, 0x52, 0x28, 0x52, 0x28, 0x52, 0x28, 0x52, 0x28, 0x52, 0x28, 0x52,
    0x28, 0x52, 0x28, 0x52, 0x28, 0x52, 0x17, 0xc6, 0xdf, 0xff, 0xf3, 0xa4,
    0x69, 0x52, 0x28, 0x52, 0xf8, 0xbd, 0xd8, 0xb5, 0xd7, 0xb5, 0xb7, 0xb5,
    0x97, 0xb5, 0x96, 0xad, 0x76, 0xad, 0x76, 0xad, 0x56, 0xa5, 0x35, 0xa5,
    0x76, 0xad, 0x96, 0xad, 0x56, 0xa5, 0x86, 0xa9, 0xa7, 0xc9, 0x08, 0xd2,
    0x49, 0xd2, 0xab, 0xda, 0xec, 0xda, 0x0c, 0xbb, 0x28, 0x52, 0x28, 0x52,
    0x28, 0x52, 0x28, 0x52, 0x28, 0x52, 0x28, 0x52, 0x28, 0x52, 0x28, 0x52,
    0x28, 0x52, 0x28, 0x52, 0x28, 0x52, 0x28, 0x52, 0x28, 0x52, 0x38, 0xce,
    0xdf, 0xff, 0xd2, 0x9c, 0x18, 0xc6, 0x3c, 0xe7, 0xd7, 0xb5, 0xd7, 0xb5,
    0xb7, 0xb5, 0x97, 0xb5, 0x96, 0xad, 0x76, 0xad, 0x76, 0xad, 0x56, 0xa5,
    0x35, 0xa5, 0x35, 0xa5, 0x56, 0xa5, 0x96, 0xad, 0x56, 0xa5, 0xeb, 0x62,
    0xe7, 0x89, 0x08, 0xd2, 0x49, 0xd2, 0xab, 0xda, 0xec, 0xda, 0x0c, 0xbb,
    0x08, 0x52, 0x08, 0x52, 0x08, 0x52, 0x08, 0x52, 0x08, 0x52, 0x08, 0x52,
    0x08, 0x52, 0x08, 0x52, 0x08, 0x52, 0x08, 0x52, 0x08, 0x52, 0x08, 0x52,
    0x4d, 0x73, 0x7d, 0xef, 0xce, 0x83, 0x9e, 0xf7, 0xeb, 0x6a, 0x68, 0x5a,
    0xd7, 0xb5, 0xb7, 0xb5, 0x97, 0xb5, 0x97, 0xad, 0x76, 0xad, 0x76, 0xad,
    0x56, 0xa5, 0x55, 0xa5, 0x35, 0xa5, 0x15, 0x9d, 0x55, 0xa5, 0x76, 0xad,
    0x35, 0xa5, 0xeb, 0x62, 0x08, 0x52, 0x08, 0x52, 0x29, 0x92, 0xab, 0xda,
    0xec, 0xda, 0x0c, 0xbb, 0x08, 0x52, 0x08, 0x52, 0x08, 0x52, 0x08, 0x52,
    0x08, 0x52, 0x08, 0x52, 0x08, 0x52, 0x08, 0x52, 0x08, 0x52, 0x08, 0x52,
    0x08, 0x52, 0x08, 0x52, 0x28, 0x52, 0x68, 0x5a, 0x48, 0x52, 0x68, 0x5a,
    0x28, 0x52, 0x08, 0x52, 0xb7, 0xb5, 0x97, 0xb5, 0x96, 0xad, 0x76, 0xad,
    0x56, 0xad, 0x56, 0xa5, 0x35, 0xa5, 0x35, 0xa5, 0x15, 0x9d, 0x15, 0x9d,
    0x35, 0xa5, 0x56, 0xad, 0x35, 0xa5, 0xcb, 0x62, 0x08, 0x4a, 0x08, 0x4a,
    0x08, 0x4a, 0x08, 0x4a, 0x8a, 0x92, 0xec, 0xba, 0x08, 0x4a, 0x08, 0x4a,
    0x08, 0x4a, 0x08, 0x4a, 0x08, 0x4a, 0x08, 0x4a, 0x08, 0x4a, 0x08, 0x4a,
    0x08, 0x4a, 0x08, 0x4a, 0x08, 0x4a, 0x08, 0x4a, 0x08, 0x4a, 0x08, 0x4a,
    0x08, 0x4a, 0x08, 0x4a, 0x08, 0x4a, 0x08, 0x4a, 0x97, 0xb5, 0x96, 0xad,
    0x76, 0xad, 0x76, 0xad, 0x56, 0xa5, 0x35, 0xa5, 0x35, 0xa5, 0x15, 0x9d,
    0x15, 0x9d, 0xf4, 0x9c, 0x15, 0x9d, 0x56, 0xad, 0xf4, 0x9c, 0xcb, 0x62,
    0x08, 0x4a, 0x08, 0x4a, 0x08, 0x4a, 0x08, 0x4a, 0x08, 0x4a, 0x08, 0x4a,
    0x08, 0x4a, 0x08, 0x4a, 0x08, 0x4a, 0x08, 0x4a, 0x08, 0x4a, 0x08, 0x4a,
    0x08, 0x4a, 0x08, 0x4a, 0x08, 0x4a, 0x08, 0x4a, 0x08, 0x4a, 0x08, 0x4a,
    0x08, 0x4a, 0x08, 0x4a, 0x08, 0x4a, 0x08, 0x4a, 0x08, 0x4a, 0x08, 0x4a,
    0x96, 0xad, 0x76, 0xad, 0x76, 0xad, 0x56, 0xa5, 0x35, 0xa5, 0x35, 0xa5,
    0x15, 0x9d, 0x15, 0x9d, 0xf4, 0x9c, 0xd4, 0x94, 0x35, 0xa5, 0x35, 0xa5,
    0x35, 0xa5, 0xcb, 0x62, 0xe7, 0x49, 0xe7, 0x49, 0xe7, 0x49, 0xe7, 0x49,
    0xe7, 0x49, 0xe7, 0x49, 0xe7, 0x49, 0xe7, 0x49, 0xe7, 0x49, 0xe7, 0x49,
    0xe7, 0x49, 0xe7, 0x49, 0xe7, 0x49, 0xe7, 0x49, 0xe7, 0x49, 0xe7, 0x49,
    0xe7, 0x49, 0xe7, 0x49, 0xe7, 0x49, 0xe7, 0x49, 0xe7, 0x49, 0xe7, 0x49,
    0xe7, 0x49, 0xe7, 0x49, 0x76, 0xad, 0x76, 0xad, 0x56, 0xa5, 0x55, 0xa5,
    0x35, 0xa5, 0x15, 0x9d, 0x15, 0x9d, 0xf4, 0x9c, 0xd4, 0x94, 0xd4, 0x94,
    0xf4, 0x9c, 0x56, 0xa5, 0xd4, 0x94, 0xcb, 0x62, 0xe7, 0x49, 0xe7, 0x49,
    0xe7, 0x49, 0xe7, 0x49, 0xe7, 0x49, 0xe7, 0x49, 0xe7, 0x49, 0xe7, 0x49,
    0xe7, 0x49, 0xe7, 0x49, 0xe7, 0x49, 0xe7, 0x49, 0xe7, 0x49, 0xe7, 0x49,
    0xe7, 0x49, 0xe7, 0x49, 0xe7, 0x49, 0xe7, 0x49, 0xe7, 0x49, 0xe7, 0x49,
    0xe7, 0x49, 0xe7, 0x49, 0xe7, 0x49, 0xe7, 0x49, 0x56, 0xad, 0x56, 0xa5,
    0x35, 0xa5, 0x35, 0xa5, 0x15, 0x9d, 0x15, 0x9d, 0xf4, 0x9c, 0xd4, 0x94,
    0xd4, 0x94, 0xb3, 0x94, 0x15, 0x9d, 0x15, 0x9d, 0x15, 0x9d, 0xaa, 0x5a,
    0xe7, 0x49, 0xe7, 0x49, 0xe7, 0x49, 0xe7, 0x49, 0xe7, 0x49, 0xe7, 0x49,
    0xe7, 0x49, 0xe7, 0x49, 0xe7, 0x49, 0xe7, 0x49, 0xe7, 0x49, 0xe7, 0x49,
    0xe7, 0x49, 0xe7, 0x49, 0xe7, 0x49, 0xe7, 0x49, 0xe7, 0x49, 0xe7, 0x49,
    0xe7, 0x49, 0xe7, 0x49, 0xe7, 0x49, 0xe7, 0x49, 0xe7, 0x49, 0xe7, 0x49,
    0x56, 0xa5, 0x35, 0xa5, 0x35, 0xa5, 0x15, 0x9d, 0x15, 0x9d, 0xf4, 0x9c,
    0xd4, 0x94, 0xd4, 0x94, 0xb3, 0x94, 0xb3, 0x94, 0xb3, 0x94, 0x35, 0xa5,
    0x93, 0x8c, 0xab, 0x62, 0xe7, 0x49, 0xe7, 0x49, 0xe7, 0x49, 0xe7, 0x49,
    0xe7, 0x49, 0xe7, 0x49, 0xe7, 0x49, 0xe7, 0x49, 0xb6, 0xbd, 0x18, 0xc6,
    0x91, 0x9c, 0xfb, 0xde, 0x28, 0x52, 0x69, 0x5a, 0xe7, 0x49, 0xe7, 0x49,
    0xe7, 0x49, 0xe7, 0x49, 0xe7, 0x49, 0xe7, 0x49, 0xe7, 0x49, 0xe7, 0x49,
    0xe7, 0x49, 0xe7, 0x49, 0x35, 0xa5, 0x35, 0xa5, 0x15, 0x9d, 0x15, 0x9d,
    0xf4, 0x9c, 0xd4, 0x94, 0xd4, 0x94, 0xb3, 0x94, 0xb3, 0x8c, 0x93, 0x8c,
    0xf4, 0x9c, 0xf4, 0x9c, 0x15, 0x9d, 0x8a, 0x5a, 0xc7, 0x49, 0xc7, 0x49,
    0xc7, 0x49, 0xc7, 0x49, 0xc7, 0x49, 0xc7, 0x49, 0xc7, 0x49, 0xc7, 0x49,
    0x28, 0x52, 0x7d, 0xef, 0x7d, 0xef, 0x8d, 0x7b, 0x89, 0x5a, 0x1c, 0xe7,
    0x07, 0x52, 0xc7, 0x49, 0xc7, 0x49, 0xc7, 0x49, 0xc7, 0x49, 0xc7, 0x49,
    0xc7, 0x49, 0xc7, 0x49, 0xc7, 0x49, 0xc7, 0x49, 0x35, 0xa5, 0x15, 0x9d,
    0x15, 0x9d, 0xf4, 0x9c, 0xd4, 0x94, 0xd4, 0x94, 0xb4, 0x94, 0xb3, 0x94,
    0x93, 0x8c, 0x93, 0x8c, 0x93, 0x8c, 0x15, 0x9d, 0x52, 0x84, 0xaa, 0x62,
    0xc7, 0x49, 0xc7, 0x49, 0xc7, 0x49, 0xc7, 0x49, 0xc7, 0x49, 0xc7, 0x49,
    0xc7, 0x49, 0xc7, 0x49, 0xc7, 0x49, 0x54, 0xb5, 0xda, 0xde, 0xce, 0x83,
    0x5d, 0xef, 0xdf, 0xff, 0xba, 0xd6, 0x07, 0x52, 0xc7, 0x49, 0xc7, 0x49,
    0xc7, 0x49, 0xc7, 0x49, 0xc7, 0x49, 0xc7, 0x49, 0xc7, 0x49, 0xc7, 0x49,
    0x15, 0x9d, 0x15, 0x9d, 0xf4, 0x9c, 0xd4, 0x94, 0xd4, 0x94, 0xb3, 0x94,
    0xb3, 0x8c, 0x93, 0x8c, 0x73, 0x8c, 0x72, 0x8c, 0xf4, 0x9c, 0xb3, 0x94,
    0x14, 0x9d, 0x6a, 0x5a, 0xc7, 0x49, 0xc7, 0x49, 0xc7, 0x49, 0xc7, 0x49,
    0xc7, 0x49, 0xc7, 0x49, 0xc7, 0x49, 0xc7, 0x49, 0xc7, 0x49, 0xd2, 0xa4,
    0x79, 0xce, 0x27, 0x52, 0x89, 0x5a, 0x9a, 0xd6, 0x48, 0x5a, 0xc7, 0x49,
    0xc7, 0x49, 0xc7, 0x49, 0xc7, 0x49, 0xc7, 0x49, 0xc7, 0x49, 0xc7, 0x49,
    0xc7, 0x49, 0xc7, 0x49, 0x15, 0x9d, 0xf4, 0x9c, 0xd4, 0x94, 0xd4, 0x94,
    0xb3, 0x94, 0xb3, 0x94, 0x93, 0x8c, 0x93, 0x8c, 0x72, 0x8c, 0x52, 0x84,
    0x52, 0x84, 0x15, 0x9d, 0x31, 0x7c, 0x8a, 0x5a, 0xc7, 0x49, 0xc7, 0x49,
    0xc7, 0x49, 0xc7, 0x49, 0xc7, 0x49, 0xc7, 0x49, 0xc7, 0x49, 0xc7, 0x49,
    0xc7, 0x49, 0xe7, 0x49, 0x07, 0x52, 0xc7, 0x49, 0xc7, 0x49, 0x07, 0x52,
    0xc7, 0x49, 0xc7, 0x49, 0xc7, 0x49, 0xc7, 0x49, 0xc7, 0x49, 0xc7, 0x49,
    0xc7, 0x49, 0xc7, 0x49, 0xc7, 0x49, 0xc7, 0x49
};

const lv_image_dsc_t img_probe_grid_0 = {
  .header = {
    .magic = LV_IMAGE_HEADER_MAGIC,
    .cf = LV_COLOR_FORMAT_RGB565,
    .flags = 0,
    .w = 38,
    .h = 38,
    .stride = 76,
    .reserved_2 = 0,
  },
  .data_size = sizeof(img_probe_grid_0_map),
  .data = img_probe_grid_0_map,
  .reserved = NULL,
};
#else // Fallback for TFT_WIDTH <= 0
// Fallback 38x38 version
static const LV_ATTRIBUTE_MEM_ALIGN LV_ATTRIBUTE_LARGE_CONST LV_ATTRIBUTE_IMG_IMG_PROBE_GRID_0
uint8_t img_probe_grid_0_map[] = {
0xbe, 0xf7, 0xbe, 0xf7, 0x9e, 0xf7, 0x9e, 0xf7, 0x7d, 0xef, 0x7d, 0xef,
    0x5d, 0xef, 0x3d, 0xe7, 0x3c, 0xe7, 0x1c, 0xe7, 0x1c, 0xdf, 0xfc, 0xde,
    0xdb, 0xde, 0xdb, 0xd6, 0xbb, 0xd6, 0xba, 0xd6, 0x9a, 0xce, 0x7a, 0xce,
    0x7a, 0xce, 0x59, 0xce, 0x59, 0xc6, 0x39, 0xc6, 0x19, 0xc6, 0x18, 0xbe,
    0xf8, 0xbd, 0xf8, 0xbd, 0xd7, 0xb5, 0xd7, 0xb5, 0xb7, 0xb5, 0x97, 0xb5,
    0x96, 0xad, 0x76, 0xad, 0x56, 0xad, 0x56, 0xa5, 0x35, 0xa5, 0x35, 0xa5,
    0x15, 0x9d, 0x15, 0x9d, 0xbe, 0xf7, 0x9e, 0xf7, 0x9e, 0xf7, 0x7e, 0xef,
    0x7d, 0xef, 0x5d, 0xef, 0x3d, 0xe7, 0x3c, 0xe7, 0x1c, 0xe7, 0x1c, 0xdf,
    0xfc, 0xde, 0xfb, 0xde, 0xdb, 0xd6, 0xbb, 0xd6, 0xbb, 0xd6, 0x9a, 0xd6,
    0x7a, 0xce, 0x7a, 0xce, 0x59, 0xce, 0x59, 0xc6, 0x39, 0xc6, 0x39, 0xc6,
    0x18, 0xbe, 0xf8, 0xbd, 0xf8, 0xbd, 0xd8, 0xb5, 0xd7, 0xb5, 0xb7, 0xb5,
    0x97, 0xb5, 0x96, 0xad, 0x76, 0xad, 0x76, 0xad, 0x56, 0xa5, 0x35, 0xa5,
    0x35, 0xa5, 0x15, 0x9d, 0x15, 0x9d, 0xf4, 0x9c, 0x9e, 0xf7, 0x9e, 0xf7,
    0x7d, 0xef, 0x7d, 0xef, 0x5d, 0xef, 0x3d, 0xe7, 0x3c, 0xe7, 0x1c, 0xe7,
    0x1c, 0xdf, 0xfc, 0xde, 0xdb, 0xde, 0xdb, 0xd6, 0xbb, 0xd6, 0xba, 0xd6,
    0x9a, 0xd6, 0x7a, 0xce, 0x7a, 0xce, 0x59, 0xce, 0x59, 0xc6, 0x39, 0xc6,
    0x19, 0xc6, 0x18, 0xbe, 0xf8, 0xbd, 0xf8, 0xbd, 0xd7, 0xb5, 0xd7, 0xb5,
    0xb7, 0xb5, 0x97, 0xb5, 0x96, 0xad, 0x76, 0xad, 0x76, 0xad, 0x56, 0xa5,
    0x35, 0xa5, 0x35, 0xa5, 0x15, 0x9d, 0x15, 0x9d, 0xf4, 0x9c, 0xd4, 0x94,
    0x9e, 0xf7, 0x7e, 0xef, 0x7d, 0xef, 0x5d, 0xef, 0x3d, 0xe7, 0x3c, 0xe7,
    0x1c, 0xe7, 0x1c, 0xdf, 0xfc, 0xde, 0xfb, 0xde, 0xdb, 0xde, 0xbb, 0xd6,
    0xbb, 0xd6, 0x9a, 0xd6, 0x9a, 0xce, 0x7a, 0xce, 0x59, 0xce, 0x59, 0xc6,
    0x39, 0xc6, 0x39, 0xc6, 0x18, 0xbe, 0xf8, 0xbd, 0xf8, 0xbd, 0xd8, 0xbd,
    0xd7, 0xb5, 0xb7, 0xb5, 0x97, 0xb5, 0x97, 0xad, 0x76, 0xad, 0x76, 0xad,
    0x56, 0xa5, 0x55, 0xa5, 0x35, 0xa5, 0x15, 0x9d, 0x15, 0x9d, 0xf4, 0x9c,
    0xd4, 0x94, 0xd4, 0x94, 0x7d, 0xef, 0x7d, 0xef, 0x5d, 0xef, 0x3d, 0xe7,
    0x3c, 0xe7, 0x1c, 0xe7, 0x1c, 0xdf, 0xfc, 0xde, 0xdb, 0xde, 0xdb, 0xd6,
    0xbb, 0xd6, 0xba, 0xd6, 0x9a, 0xd6, 0x7a, 0xce, 0x7a, 0xce, 0x59, 0xce,
    0x59, 0xc6, 0x39, 0xc6, 0x19, 0xc6, 0x18, 0xbe, 0xf8, 0xbd, 0xf8, 0xbd,
    0xd7, 0xb5, 0xd7, 0xb5, 0xb7, 0xb5, 0x97, 0xb5, 0x96, 0xad, 0x76, 0xad,
    0x56, 0xad, 0x56, 0xa5, 0x35, 0xa5, 0x35, 0xa5, 0x15, 0x9d, 0x15, 0x9d,
    0xf4, 0x9c, 0xd4, 0x94, 0xd4, 0x94, 0xb3, 0x94, 0x7d, 0xef, 0x5d, 0xef,
    0x3d, 0xe7, 0x3c, 0xe7, 0x1c, 0xe7, 0x1c, 0xdf, 0xfc, 0xde, 0xfb, 0xde,
    0xdb, 0xd6, 0xbb, 0xd6, 0xbb, 0xd6, 0x9a, 0xd6, 0x7a, 0xce, 0x7a, 0xce,
    0x59, 0xce, 0x59, 0xc6, 0x39, 0xc6, 0x39, 0xc6, 0x18, 0xbe, 0xf8, 0xbd,
    0xf8, 0xbd, 0xd8, 0xbd, 0xd7, 0xb5, 0xb7, 0xb5, 0x97, 0xb5, 0x96, 0xad,
    0x76, 0xad, 0x76, 0xad, 0x56, 0xa5, 0x35, 0xa5, 0x35, 0xa5, 0x15, 0x9d,
    0x15, 0x9d, 0xf4, 0x9c, 0xd4, 0x94, 0xd4, 0x94, 0xb3, 0x94, 0xb3, 0x94,
    0x5d, 0xef, 0x3d, 0xe7, 0x3c, 0xe7, 0x1c, 0xe7, 0x1c, 0xdf, 0xfc, 0xde,
    0xdb, 0xde, 0xdb, 0xd6, 0xbb, 0xd6, 0xba, 0xd6, 0x9a, 0xd6, 0x7a, 0xce,
    0x7a, 0xce, 0x59, 0xce, 0x59, 0xc6, 0x39, 0xc6, 0x19, 0xc6, 0x18, 0xbe,
    0xf8, 0xbd, 0xf8, 0xbd, 0xd7, 0xb5, 0xd7, 0xb5, 0xb7, 0xb5, 0x97, 0xb5,
    0x96, 0xad, 0x76, 0xad, 0x76, 0xad, 0x56, 0xa5, 0x35, 0xa5, 0x35, 0xa5,
    0x15, 0x9d, 0x15, 0x9d, 0xf4, 0x9c, 0xd4, 0x94, 0xd4, 0x94, 0xb3, 0x94,
    0xb3, 0x8c, 0x93, 0x8c, 0x3d, 0xe7, 0x3c, 0xe7, 0x1c, 0xe7, 0x1c, 0xdf,
    0xfc, 0xde, 0xfb, 0xde, 0xdb, 0xde, 0xbb, 0xd6, 0xbb, 0xd6, 0x9a, 0xd6,
    0x9a, 0xce, 0x7a, 0xce, 0x59, 0xce, 0x59, 0xc6, 0x39, 0xc6, 0x39, 0xc6,
    0x18, 0xbe, 0xf8, 0xbd, 0xf8, 0xbd, 0xd8, 0xbd, 0xd7, 0xb5, 0xb7, 0xb5,
    0x97, 0xb5, 0x97, 0xad, 0x76, 0xad, 0x76, 0xad, 0x56, 0xa5, 0x55, 0xa5,
    0x35, 0xa5, 0x15, 0x9d, 0x15, 0x9d, 0xf4, 0x9c, 0xd4, 0x94, 0xd4, 0x94,
    0xb4, 0x94, 0xb3, 0x94, 0x93, 0x8c, 0x93, 0x8c, 0x3c, 0xe7, 0x1c, 0xe7,
    0x1c, 0xdf, 0xfc, 0xde, 0xdb, 0xde, 0xdb, 0xd6, 0xbb, 0xd6, 0xba, 0xd6,
    0x9a, 0xce, 0x7a, 0xce, 0x7a, 0xce, 0x59, 0xce, 0x59, 0xc6, 0x39, 0xc6,
    0x19, 0xc6, 0x18, 0xbe, 0xf8, 0xbd, 0xf8, 0xbd, 0xd7, 0xb5, 0xd7, 0xb5,
    0xb7, 0xb5, 0x97, 0xb5, 0x96, 0xad, 0x76, 0xad, 0x56, 0xad, 0x56, 0xa5,
    0x35, 0xa5, 0x35, 0xa5, 0x15, 0x9d, 0x15, 0x9d, 0xf4, 0x9c, 0xd4, 0x94,
    0xd4, 0x94, 0xb3, 0x94, 0xb3, 0x8c, 0x93, 0x8c, 0x73, 0x8c, 0x72, 0x8c,
    0x1c, 0xe7, 0x1c, 0xdf, 0xfc, 0xde, 0xfb, 0xde, 0xdb, 0xd6, 0xbb, 0xd6,
    0xbb, 0xd6, 0x9a, 0xd6, 0x7a, 0xce, 0x7a, 0xce, 0x59, 0xce, 0x59, 0xc6,
    0x39, 0xc6, 0x39, 0xc6, 0x18, 0xbe, 0xf8, 0xbd, 0xf8, 0xbd, 0xd8, 0xb5,
    0xd7, 0xb5, 0xb7, 0xb5, 0x97, 0xb5, 0x96, 0xad, 0x76, 0xad, 0x76, 0xad,
    0x56, 0xa5, 0x35, 0xa5, 0x35, 0xa5, 0x15, 0x9d, 0x15, 0x9d, 0xf4, 0x9c,
    0xd4, 0x94, 0xd4, 0x94, 0xb3, 0x94, 0xb3, 0x94, 0x93, 0x8c, 0x93, 0x8c,
    0x72, 0x8c, 0x52, 0x84, 0x1c, 0xdf, 0xfc, 0xde, 0xdb, 0xde, 0xdb, 0xd6,
    0xbb, 0xd6, 0xba, 0xd6, 0x9a, 0xd6, 0x7a, 0xce, 0x7a, 0xce, 0x59, 0xce,
    0x59, 0xc6, 0x7a, 0xce, 0xd7, 0xc5, 0xf8, 0xcd, 0xd8, 0xbd, 0x39, 0xc6,
    0xf8, 0xbd, 0x18, 0xbe, 0xd7, 0xb5, 0xf8, 0xbd, 0xb7, 0xb5, 0xb7, 0xb5,
    0x96, 0xad, 0x97, 0xad, 0x76, 0xad, 0x76, 0xad, 0x56, 0xa5, 0x55, 0xa5,
    0x35, 0xa5, 0x15, 0x9d, 0x35, 0xa5, 0xd4, 0x9c, 0x15, 0x9d, 0xb3, 0x94,
    0xf4, 0x9c, 0x93, 0x8c, 0xf4, 0x9c, 0x52, 0x84, 0xfc, 0xde, 0xfb, 0xde,
    0xdb, 0xde, 0xbb, 0xd6, 0xbb, 0xd6, 0x9a, 0xd6, 0x9a, 0xce, 0x7a, 0xce,
    0x59, 0xce, 0x59, 0xc6, 0x7a, 0xce, 0xd7, 0xcd, 0x51, 0xdc, 0x8e, 0xe3,
    0x55, 0xcd, 0xf8, 0xc5, 0x39, 0xc6, 0xf8, 0xbd, 0x18, 0xc6, 0xd8, 0xbd,
    0xf8, 0xbd, 0xd7, 0xb5, 0xd7, 0xb5, 0xb7, 0xb5, 0xb7, 0xb5, 0x97, 0xad,
    0x96, 0xad, 0x76, 0xad, 0x56, 0xad, 0x56, 0xad, 0x35, 0xa5, 0x56, 0xa5,
    0x15, 0x9d, 0x35, 0xa5, 0xf4, 0x9c, 0x15, 0x9d, 0xb4, 0x94, 0x15, 0x9d,
    0xdb, 0xde, 0xdb, 0xd6, 0xbb, 0xd6, 0xba, 0xd6, 0x9a, 0xd6, 0x7a, 0xce,
    0x7a, 0xce, 0x59, 0xce, 0x59, 0xc6, 0x39, 0xc6, 0xd7, 0xc5, 0x51, 0xdc,
    0x69, 0xfa, 0x69, 0xfa, 0x8a, 0xf2, 0x76, 0xc5, 0xb7, 0xb5, 0x18, 0xbe,
    0xb7, 0xb5, 0xd8, 0xbd, 0x96, 0xad, 0xb7, 0xb5, 0x76, 0xad, 0x96, 0xad,
    0x76, 0xad, 0x51, 0xac, 0x56, 0xa5, 0x35, 0xa5, 0x35, 0xa5, 0xf4, 0x9c,
    0x35, 0xa5, 0xd4, 0x94, 0x15, 0x9d, 0x93, 0x8c, 0x15, 0x9d, 0x52, 0x84,
    0x14, 0x9d, 0x31, 0x7c, 0xdb, 0xd6, 0xbb, 0xd6, 0xbb, 0xd6, 0x9a, 0xd6,
    0x7a, 0xce, 0x7a, 0xce, 0x59, 0xce, 0x59, 0xc6, 0x39, 0xc6, 0x39, 0xc6,
    0xf8, 0xcd, 0x8e, 0xe3, 0x69, 0xfa, 0x69, 0xfa, 0x69, 0xfa, 0xeb, 0x82,
    0x6d, 0x73, 0x6d, 0x73, 0x6d, 0x73, 0x6d, 0x73, 0x4d, 0x73, 0x4d, 0x6b,
    0x4d, 0x6b, 0x4d, 0x6b, 0x4d, 0x6b, 0xab, 0xa2, 0xec, 0x8a, 0x4d, 0x6b,
    0x2d, 0x6b, 0x4d, 0x6b, 0x2d, 0x6b, 0x2d, 0x6b, 0x2c, 0x6b, 0x2d, 0x6b,
    0x0c, 0x6b, 0x2d, 0x6b, 0x0c, 0x63, 0x2c, 0x6b, 0xbb, 0xd6, 0xba, 0xd6,
    0x9a, 0xd6, 0x7a, 0xce, 0x7a, 0xce, 0x59, 0xce, 0x59, 0xc6, 0x39, 0xc6,
    0x19, 0xc6, 0x18, 0xbe, 0xf8, 0xbd, 0x55, 0xcd, 0x8a, 0xf2, 0x69, 0xfa,
    0x08, 0xca, 0x49, 0x62, 0x8a, 0x5a, 0x8a, 0x5a, 0x8a, 0x5a, 0x8a, 0x5a,
    0x8a, 0x5a, 0x8a, 0x5a, 0x8a, 0x5a, 0x8a, 0x5a, 0x08, 0x92, 0xa6, 0xc9,
    0xe7, 0xb1, 0x8a, 0x5a, 0x8a, 0x5a, 0x8a, 0x5a, 0x8a, 0x5a, 0x8a, 0x5a,
    0x8a, 0x5a, 0x8a, 0x5a, 0x8a, 0x5a, 0x8a, 0x5a, 0x8a, 0x5a, 0x8a, 0x5a,
    0xbb, 0xd6, 0x9a, 0xd6, 0x9a, 0xce, 0x7a, 0xce, 0x59, 0xce, 0x59, 0xc6,
    0x39, 0xc6, 0x39, 0xc6, 0x18, 0xbe, 0xf8, 0xbd, 0x39, 0xc6, 0xf8, 0xc5,
    0x76, 0xc5, 0xcb, 0x82, 0x49, 0x62, 0x69, 0x5a, 0x69, 0x5a, 0x8a, 0x5a,
    0x8a, 0x5a, 0x8a, 0x5a, 0x69, 0x5a, 0x8a, 0x5a, 0x8a, 0x5a, 0x8a, 0x5a,
    0x49, 0x92, 0x08, 0xd2, 0x08, 0xd2, 0x69, 0x72, 0x69, 0x5a, 0x8a, 0x5a,
    0x8a, 0x5a, 0x8a, 0x5a, 0x69, 0x5a, 0x8a, 0x5a, 0x8a, 0x5a, 0x8a, 0x5a,
    0x69, 0x5a, 0x8a, 0x5a, 0x9a, 0xce, 0x7a, 0xce, 0x7a, 0xce, 0x59, 0xce,
    0x59, 0xc6, 0x39, 0xc6, 0x19, 0xc6, 0x18, 0xbe, 0xf8, 0xbd, 0xf8, 0xbd,
    0xf8, 0xbd, 0x39, 0xc6, 0xb7, 0xb5, 0x4d, 0x73, 0x69, 0x5a, 0x69, 0x52,
    0x69, 0x52, 0x69, 0x52, 0x69, 0x52, 0x69, 0x52, 0x69, 0x52, 0x69, 0x52,
    0x69, 0x52, 0x69, 0x92, 0x49, 0xd2, 0x49, 0xd2, 0x49, 0xd2, 0x49, 0xb2,
    0x69, 0x52, 0x69, 0x52, 0x69, 0x52, 0x69, 0x52, 0x69, 0x52, 0x69, 0x52,
    0x69, 0x52, 0x69, 0x52, 0x69, 0x52, 0x69, 0x52, 0x7a, 0xce, 0x7a, 0xce,
    0x59, 0xce, 0x59, 0xc6, 0x39, 0xc6, 0x39, 0xc6, 0x18, 0xbe, 0xf8, 0xbd,
    0xf8, 0xbd, 0xd8, 0xb5, 0x18, 0xbe, 0xf8, 0xbd, 0x18, 0xbe, 0x4d, 0x73,
    0x69, 0x52, 0x69, 0x52, 0x69, 0x52, 0x69, 0x52, 0x69, 0x52, 0x69, 0x52,
    0x69, 0x52, 0x69, 0x52, 0x69, 0x52, 0x8a, 0x9a, 0xab, 0xda, 0xab, 0xda,
    0xab, 0xda, 0xab, 0xda, 0x6a, 0x7a, 0x69, 0x52, 0x69, 0x52, 0x69, 0x52,
    0x69, 0x52, 0x69, 0x52, 0x69, 0x52, 0x69, 0x52, 0x69, 0x52, 0x69, 0x52,
    0x7a, 0xce, 0x59, 0xce, 0x59, 0xc6, 0x39, 0xc6, 0x19, 0xc6, 0x18, 0xbe,
    0xf8, 0xbd, 0xf8, 0xbd, 0xd7, 0xb5, 0xd7, 0xb5, 0xd7, 0xb5, 0x18, 0xc6,
    0xb7, 0xb5, 0x4d, 0x6b, 0x69, 0x52, 0x69, 0x52, 0x69, 0x52, 0x69, 0x52,
    0x69, 0x52, 0x69, 0x52, 0x69, 0x52, 0x69, 0x52, 0xab, 0x9a, 0xec, 0xda,
    0xec, 0xda, 0xec, 0xda, 0xec, 0xda, 0xec, 0xda, 0xcb, 0xba, 0x69, 0x52,
    0x69, 0x52, 0x69, 0x52, 0x69, 0x52, 0x69, 0x52, 0x69, 0x52, 0x69, 0x52,
    0x69, 0x52, 0x69, 0x52, 0x59, 0xce, 0x59, 0xc6, 0x39, 0xc6, 0x39, 0xc6,
    0x18, 0xbe, 0xf8, 0xbd, 0xf8, 0xbd, 0xd8, 0xbd, 0xd7, 0xb5, 0xb7, 0xb5,
    0xf8, 0xbd, 0xd8, 0xbd, 0xd8, 0xbd, 0x2d, 0x6b, 0x49, 0x52, 0x49, 0x52,
    0x49, 0x52, 0x49, 0x52, 0x49, 0x52, 0x49, 0x52, 0x49, 0x52, 0x49, 0x52,
    0x8a, 0x7a, 0x0c, 0xbb, 0x0c, 0xbb, 0x0c, 0xbb, 0x0c, 0xbb, 0x0c, 0xbb,
    0x0c, 0xbb, 0x8a, 0x7a, 0x49, 0x52, 0x49, 0x52, 0x49, 0x52, 0x49, 0x52,
    0x49, 0x52, 0x49, 0x52, 0x49, 0x52, 0x49, 0x52, 0x59, 0xc6, 0x39, 0xc6,
    0x19, 0xc6, 0x18, 0xbe, 0xf8, 0xbd, 0xf8, 0xbd, 0xd7, 0xb5, 0xd7, 0xb5,
    0xb7, 0xb5, 0x97, 0xb5, 0xb7, 0xb5, 0xf8, 0xbd, 0x96, 0xad, 0x2c, 0x6b,
    0x49, 0x52, 0x49, 0x52, 0x49, 0x52, 0x49, 0x52, 0x49, 0x52, 0x49, 0x52,
    0x49, 0x52, 0x49, 0x52, 0x49, 0x52, 0x49, 0x52, 0x49, 0x52, 0x49, 0x52,
    0x49, 0x52, 0x49, 0x52, 0x49, 0x52, 0x49, 0x52, 0x49, 0x52, 0x49, 0x52,
    0x49, 0x52, 0x49, 0x52, 0x49, 0x52, 0x49, 0x52, 0x49, 0x52, 0x49, 0x52,
    0x39, 0xc6, 0x39, 0xc6, 0x18, 0xbe, 0xf8, 0xbd, 0xf8, 0xbd, 0xd8, 0xbd,
    0xd7, 0xb5, 0xb7, 0xb5, 0x97, 0xb5, 0x96, 0xad, 0xb7, 0xb5, 0xd7, 0xb5,
    0xb7, 0xb5, 0x2c, 0x6b, 0x49, 0x52, 0x49, 0x52, 0x49, 0x52, 0x49, 0x52,
    0x49, 0x52, 0x49, 0x52, 0x49, 0x52, 0x49, 0x52, 0x49, 0x52, 0x49, 0x52,
    0x49, 0x52, 0x49, 0x52, 0x49, 0x52, 0x49, 0x52, 0x49, 0x52, 0x49, 0x52,
    0x49, 0x52, 0x49, 0x52, 0x49, 0x52, 0x49, 0x52, 0x49, 0x52, 0x49, 0x52,
    0x49, 0x52, 0x49, 0x52, 0x19, 0xc6, 0x18, 0xbe, 0xf8, 0xbd, 0xf8, 0xbd,
    0xd7, 0xb5, 0xd7, 0xb5, 0xb7, 0xb5, 0x97, 0xb5, 0x96, 0xad, 0x76, 0xad,
    0x97, 0xad, 0xd7, 0xb5, 0x76, 0xad, 0x0c, 0x6b, 0x28, 0x52, 0x49, 0x52,
    0x28, 0x52, 0x49, 0x52, 0x69, 0x72, 0xcb, 0x9a, 0x28, 0x52, 0x49, 0x52,
    0x28, 0x52, 0x49, 0x52, 0x28, 0x52, 0x49, 0x52, 0x28, 0x52, 0x49, 0x52,
    0x28, 0x52, 0x49, 0x52, 0x28, 0x52, 0x49, 0x52, 0x28, 0x52, 0x49, 0x52,
    0x28, 0x52, 0x49, 0x52, 0x28, 0x52, 0x49, 0x52, 0x18, 0xbe, 0xf8, 0xbd,
    0xf8, 0xbd, 0xd8, 0xbd, 0xd7, 0xb5, 0xb7, 0xb5, 0x97, 0xb5, 0x97, 0xad,
    0x76, 0xad, 0x76, 0xad, 0x97, 0xad, 0xb7, 0xb5, 0x96, 0xad, 0x0c, 0x6b,
    0x28, 0x52, 0x28, 0x52, 0x49, 0x72, 0x8a, 0xba, 0xec, 0xda, 0x0c, 0xbb,
    0x28, 0x52, 0x28, 0x52, 0x28, 0x52, 0x28, 0x52, 0x28, 0x52, 0x28, 0x52,
    0x28, 0x52, 0x28, 0x52, 0x28, 0x52, 0x28, 0x52, 0x28, 0x52, 0x28, 0x52,
    0x6d, 0x73, 0x7e, 0xef, 0x4c, 0x73, 0x7d, 0xef, 0xeb, 0x62, 0x48, 0x52,
    0xf8, 0xbd, 0xf8, 0xbd, 0xd7, 0xb5, 0xd7, 0xb5, 0xb7, 0xb5, 0x97, 0xb5,
    0x96, 0xad, 0x76, 0xad, 0x56, 0xad, 0x56, 0xa5, 0x76, 0xad, 0xb7, 0xb5,
    0x76, 0xad, 0x0c, 0x6b, 0x08, 0x72, 0x08, 0xb2, 0x49, 0xd2, 0xab, 0xda,
    0xec, 0xda, 0x0c, 0xbb, 0x28, 0x52, 0x28, 0x52, 0x28, 0x52, 0x28, 0x52,
    0x28, 0x52, 0x28, 0x52, 0x28, 0x52, 0x28, 0x52, 0x28, 0x52, 0x28, 0x52,
    0x28, 0x52, 0x28, 0x52, 0x28, 0x52, 0x17, 0xc6, 0xdf, 0xff, 0xf3, 0xa4,
    0x69, 0x52, 0x28, 0x52, 0xf8, 0xbd, 0xd8, 0xb5, 0xd7, 0xb5, 0xb7, 0xb5,
    0x97, 0xb5, 0x96, 0xad, 0x76, 0xad, 0x76, 0xad, 0x56, 0xa5, 0x35, 0xa5,
    0x76, 0xad, 0x96, 0xad, 0x56, 0xa5, 0x86, 0xa9, 0xa7, 0xc9, 0x08, 0xd2,
    0x49, 0xd2, 0xab, 0xda, 0xec, 0xda, 0x0c, 0xbb, 0x28, 0x52, 0x28, 0x52,
    0x28, 0x52, 0x28, 0x52, 0x28, 0x52, 0x28, 0x52, 0x28, 0x52, 0x28, 0x52,
    0x28, 0x52, 0x28, 0x52, 0x28, 0x52, 0x28, 0x52, 0x28, 0x52, 0x38, 0xce,
    0xdf, 0xff, 0xd2, 0x9c, 0x18, 0xc6, 0x3c, 0xe7, 0xd7, 0xb5, 0xd7, 0xb5,
    0xb7, 0xb5, 0x97, 0xb5, 0x96, 0xad, 0x76, 0xad, 0x76, 0xad, 0x56, 0xa5,
    0x35, 0xa5, 0x35, 0xa5, 0x56, 0xa5, 0x96, 0xad, 0x56, 0xa5, 0xeb, 0x62,
    0xe7, 0x89, 0x08, 0xd2, 0x49, 0xd2, 0xab, 0xda, 0xec, 0xda, 0x0c, 0xbb,
    0x08, 0x52, 0x08, 0x52, 0x08, 0x52, 0x08, 0x52, 0x08, 0x52, 0x08, 0x52,
    0x08, 0x52, 0x08, 0x52, 0x08, 0x52, 0x08, 0x52, 0x08, 0x52, 0x08, 0x52,
    0x4d, 0x73, 0x7d, 0xef, 0xce, 0x83, 0x9e, 0xf7, 0xeb, 0x6a, 0x68, 0x5a,
    0xd7, 0xb5, 0xb7, 0xb5, 0x97, 0xb5, 0x97, 0xad, 0x76, 0xad, 0x76, 0xad,
    0x56, 0xa5, 0x55, 0xa5, 0x35, 0xa5, 0x15, 0x9d, 0x55, 0xa5, 0x76, 0xad,
    0x35, 0xa5, 0xeb, 0x62, 0x08, 0x52, 0x08, 0x52, 0x29, 0x92, 0xab, 0xda,
    0xec, 0xda, 0x0c, 0xbb, 0x08, 0x52, 0x08, 0x52, 0x08, 0x52, 0x08, 0x52,
    0x08, 0x52, 0x08, 0x52, 0x08, 0x52, 0x08, 0x52, 0x08, 0x52, 0x08, 0x52,
    0x08, 0x52, 0x08, 0x52, 0x28, 0x52, 0x68, 0x5a, 0x48, 0x52, 0x68, 0x5a,
    0x28, 0x52, 0x08, 0x52, 0xb7, 0xb5, 0x97, 0xb5, 0x96, 0xad, 0x76, 0xad,
    0x56, 0xad, 0x56, 0xa5, 0x35, 0xa5, 0x35, 0xa5, 0x15, 0x9d, 0x15, 0x9d,
    0x35, 0xa5, 0x56, 0xad, 0x35, 0xa5, 0xcb, 0x62, 0x08, 0x4a, 0x08, 0x4a,
    0x08, 0x4a, 0x08, 0x4a, 0x8a, 0x92, 0xec, 0xba, 0x08, 0x4a, 0x08, 0x4a,
    0x08, 0x4a, 0x08, 0x4a, 0x08, 0x4a, 0x08, 0x4a, 0x08, 0x4a, 0x08, 0x4a,
    0x08, 0x4a, 0x08, 0x4a, 0x08, 0x4a, 0x08, 0x4a, 0x08, 0x4a, 0x08, 0x4a,
    0x08, 0x4a, 0x08, 0x4a, 0x08, 0x4a, 0x08, 0x4a, 0x97, 0xb5, 0x96, 0xad,
    0x76, 0xad, 0x76, 0xad, 0x56, 0xa5, 0x35, 0xa5, 0x35, 0xa5, 0x15, 0x9d,
    0x15, 0x9d, 0xf4, 0x9c, 0x15, 0x9d, 0x56, 0xad, 0xf4, 0x9c, 0xcb, 0x62,
    0x08, 0x4a, 0x08, 0x4a, 0x08, 0x4a, 0x08, 0x4a, 0x08, 0x4a, 0x08, 0x4a,
    0x08, 0x4a, 0x08, 0x4a, 0x08, 0x4a, 0x08, 0x4a, 0x08, 0x4a, 0x08, 0x4a,
    0x08, 0x4a, 0x08, 0x4a, 0x08, 0x4a, 0x08, 0x4a, 0x08, 0x4a, 0x08, 0x4a,
    0x08, 0x4a, 0x08, 0x4a, 0x08, 0x4a, 0x08, 0x4a, 0x08, 0x4a, 0x08, 0x4a,
    0x96, 0xad, 0x76, 0xad, 0x76, 0xad, 0x56, 0xa5, 0x35, 0xa5, 0x35, 0xa5,
    0x15, 0x9d, 0x15, 0x9d, 0xf4, 0x9c, 0xd4, 0x94, 0x35, 0xa5, 0x35, 0xa5,
    0x35, 0xa5, 0xcb, 0x62, 0xe7, 0x49, 0xe7, 0x49, 0xe7, 0x49, 0xe7, 0x49,
    0xe7, 0x49, 0xe7, 0x49, 0xe7, 0x49, 0xe7, 0x49, 0xe7, 0x49, 0xe7, 0x49,
    0xe7, 0x49, 0xe7, 0x49, 0xe7, 0x49, 0xe7, 0x49, 0xe7, 0x49, 0xe7, 0x49,
    0xe7, 0x49, 0xe7, 0x49, 0xe7, 0x49, 0xe7, 0x49, 0xe7, 0x49, 0xe7, 0x49,
    0xe7, 0x49, 0xe7, 0x49, 0x76, 0xad, 0x76, 0xad, 0x56, 0xa5, 0x55, 0xa5,
    0x35, 0xa5, 0x15, 0x9d, 0x15, 0x9d, 0xf4, 0x9c, 0xd4, 0x94, 0xd4, 0x94,
    0xf4, 0x9c, 0x56, 0xa5, 0xd4, 0x94, 0xcb, 0x62, 0xe7, 0x49, 0xe7, 0x49,
    0xe7, 0x49, 0xe7, 0x49, 0xe7, 0x49, 0xe7, 0x49, 0xe7, 0x49, 0xe7, 0x49,
    0xe7, 0x49, 0xe7, 0x49, 0xe7, 0x49, 0xe7, 0x49, 0xe7, 0x49, 0xe7, 0x49,
    0xe7, 0x49, 0xe7, 0x49, 0xe7, 0x49, 0xe7, 0x49, 0xe7, 0x49, 0xe7, 0x49,
    0xe7, 0x49, 0xe7, 0x49, 0xe7, 0x49, 0xe7, 0x49, 0x56, 0xad, 0x56, 0xa5,
    0x35, 0xa5, 0x35, 0xa5, 0x15, 0x9d, 0x15, 0x9d, 0xf4, 0x9c, 0xd4, 0x94,
    0xd4, 0x94, 0xb3, 0x94, 0x15, 0x9d, 0x15, 0x9d, 0x15, 0x9d, 0xaa, 0x5a,
    0xe7, 0x49, 0xe7, 0x49, 0xe7, 0x49, 0xe7, 0x49, 0xe7, 0x49, 0xe7, 0x49,
    0xe7, 0x49, 0xe7, 0x49, 0xe7, 0x49, 0xe7, 0x49, 0xe7, 0x49, 0xe7, 0x49,
    0xe7, 0x49, 0xe7, 0x49, 0xe7, 0x49, 0xe7, 0x49, 0xe7, 0x49, 0xe7, 0x49,
    0xe7, 0x49, 0xe7, 0x49, 0xe7, 0x49, 0xe7, 0x49, 0xe7, 0x49, 0xe7, 0x49,
    0x56, 0xa5, 0x35, 0xa5, 0x35, 0xa5, 0x15, 0x9d, 0x15, 0x9d, 0xf4, 0x9c,
    0xd4, 0x94, 0xd4, 0x94, 0xb3, 0x94, 0xb3, 0x94, 0xb3, 0x94, 0x35, 0xa5,
    0x93, 0x8c, 0xab, 0x62, 0xe7, 0x49, 0xe7, 0x49, 0xe7, 0x49, 0xe7, 0x49,
    0xe7, 0x49, 0xe7, 0x49, 0xe7, 0x49, 0xe7, 0x49, 0xb6, 0xbd, 0x18, 0xc6,
    0x91, 0x9c, 0xfb, 0xde, 0x28, 0x52, 0x69, 0x5a, 0xe7, 0x49, 0xe7, 0x49,
    0xe7, 0x49, 0xe7, 0x49, 0xe7, 0x49, 0xe7, 0x49, 0xe7, 0x49, 0xe7, 0x49,
    0xe7, 0x49, 0xe7, 0x49, 0x35, 0xa5, 0x35, 0xa5, 0x15, 0x9d, 0x15, 0x9d,
    0xf4, 0x9c, 0xd4, 0x94, 0xd4, 0x94, 0xb3, 0x94, 0xb3, 0x8c, 0x93, 0x8c,
    0xf4, 0x9c, 0xf4, 0x9c, 0x15, 0x9d, 0x8a, 0x5a, 0xc7, 0x49, 0xc7, 0x49,
    0xc7, 0x49, 0xc7, 0x49, 0xc7, 0x49, 0xc7, 0x49, 0xc7, 0x49, 0xc7, 0x49,
    0x28, 0x52, 0x7d, 0xef, 0x7d, 0xef, 0x8d, 0x7b, 0x89, 0x5a, 0x1c, 0xe7,
    0x07, 0x52, 0xc7, 0x49, 0xc7, 0x49, 0xc7, 0x49, 0xc7, 0x49, 0xc7, 0x49,
    0xc7, 0x49, 0xc7, 0x49, 0xc7, 0x49, 0xc7, 0x49, 0x35, 0xa5, 0x15, 0x9d,
    0x15, 0x9d, 0xf4, 0x9c, 0xd4, 0x94, 0xd4, 0x94, 0xb4, 0x94, 0xb3, 0x94,
    0x93, 0x8c, 0x93, 0x8c, 0x93, 0x8c, 0x15, 0x9d, 0x52, 0x84, 0xaa, 0x62,
    0xc7, 0x49, 0xc7, 0x49, 0xc7, 0x49, 0xc7, 0x49, 0xc7, 0x49, 0xc7, 0x49,
    0xc7, 0x49, 0xc7, 0x49, 0xc7, 0x49, 0x54, 0xb5, 0xda, 0xde, 0xce, 0x83,
    0x5d, 0xef, 0xdf, 0xff, 0xba, 0xd6, 0x07, 0x52, 0xc7, 0x49, 0xc7, 0x49,
    0xc7, 0x49, 0xc7, 0x49, 0xc7, 0x49, 0xc7, 0x49, 0xc7, 0x49, 0xc7, 0x49,
    0x15, 0x9d, 0x15, 0x9d, 0xf4, 0x9c, 0xd4, 0x94, 0xd4, 0x94, 0xb3, 0x94,
    0xb3, 0x8c, 0x93, 0x8c, 0x73, 0x8c, 0x72, 0x8c, 0xf4, 0x9c, 0xb3, 0x94,
    0x14, 0x9d, 0x6a, 0x5a, 0xc7, 0x49, 0xc7, 0x49, 0xc7, 0x49, 0xc7, 0x49,
    0xc7, 0x49, 0xc7, 0x49, 0xc7, 0x49, 0xc7, 0x49, 0xc7, 0x49, 0xd2, 0xa4,
    0x79, 0xce, 0x27, 0x52, 0x89, 0x5a, 0x9a, 0xd6, 0x48, 0x5a, 0xc7, 0x49,
    0xc7, 0x49, 0xc7, 0x49, 0xc7, 0x49, 0xc7, 0x49, 0xc7, 0x49, 0xc7, 0x49,
    0xc7, 0x49, 0xc7, 0x49, 0x15, 0x9d, 0xf4, 0x9c, 0xd4, 0x94, 0xd4, 0x94,
    0xb3, 0x94, 0xb3, 0x94, 0x93, 0x8c, 0x93, 0x8c, 0x72, 0x8c, 0x52, 0x84,
    0x52, 0x84, 0x15, 0x9d, 0x31, 0x7c, 0x8a, 0x5a, 0xc7, 0x49, 0xc7, 0x49,
    0xc7, 0x49, 0xc7, 0x49, 0xc7, 0x49, 0xc7, 0x49, 0xc7, 0x49, 0xc7, 0x49,
    0xc7, 0x49, 0xe7, 0x49, 0x07, 0x52, 0xc7, 0x49, 0xc7, 0x49, 0x07, 0x52,
    0xc7, 0x49, 0xc7, 0x49, 0xc7, 0x49, 0xc7, 0x49, 0xc7, 0x49, 0xc7, 0x49,
    0xc7, 0x49, 0xc7, 0x49, 0xc7, 0x49, 0xc7, 0x49
};

const lv_image_dsc_t img_probe_grid_0 = {
  .header = {
    .magic = LV_IMAGE_HEADER_MAGIC,
    .cf = LV_COLOR_FORMAT_RGB565,
    .flags = 0,
    .w = 38,
    .h = 38,
    .stride = 76,
    .reserved_2 = 0,
  },
  .data_size = sizeof(img_probe_grid_0_map),
  .data = img_probe_grid_0_map,
  .reserved = NULL,
};

#endif /*TFT_WIDTH*/

